{
    "date": "04/11/2022 16:32:25",
    "basic_params": {
        "active_variables": [
            "x1",
            "x2"
        ],
        "default_query": {},
        "metric": "basic",
        "n_trials": 1
    },
    "objective_function": {
        "name": "Branin",
        "params": {}
    },
    "optimizer": {
        "name": "BBO-LP(LCBa)-FoD",
        "params": {
            "lower_bound": [
                -5.0,
                0.0
            ],
            "upper_bound": [
                10.0,
                15.0
            ],
            "invert_metric": false,
            "bopt_params": {
                "n_init_samples": 15,
                "n_iterations": 45,
                "n_iter_relearn": 5,
                "verbose_level": 0,
                "n_parallel_samples": 3,
                "fixed_dataset_size": 50,
                "par_type": "PAR_BBO",
                "crit_name": "cLP(cLCBa)",
                "n_crit_params": 3,
                "crit_params": [
                    3,
                    1,
                    5.0
                ]
            }
        }
    },
    "iterations": [
        [
            {
                "query": {
                    "x1": -1.7904642950743437,
                    "x2": 10.30699178064242
                },
                "metrics": {
                    "outcome": 8.996005161855475
                },
                "metadata": {
                    "trials": 1
                }
            }
        ],
        [
            {
                "query": {
                    "x1": 0.02351372060365975,
                    "x2": 13.376870699459687
                },
                "metrics": {
                    "outcome": 74.57015389932067
                },
                "metadata": {
                    "trials": 1
                }
            }
        ],
        [
            {
                "query": {
                    "x1": -2.402957431739196,
                    "x2": 3.9096556350123137
                },
                "metrics": {
                    "outcome": 47.2653384982833
                },
                "metadata": {
                    "trials": 1
                }
            }
        ],
        [
            {
                "query": {
                    "x1": -3.3276780827436596,
                    "x2": 12.553593055345118
                },
                "metrics": {
                    "outcome": 0.593617651879212
                },
                "metadata": {
                    "trials": 1
                }
            }
        ],
        [
            {
                "query": {
                    "x1": 5.905561076710001,
                    "x2": 1.4068522960878909
                },
                "metrics": {
                    "outcome": 19.015849494052823
                },
                "metadata": {
                    "trials": 1
                }
            }
        ],
        [
            {
                "query": {
                    "x1": 2.1190055559854954,
                    "x2": 7.256614620098844
                },
                "metrics": {
                    "outcome": 21.3906074041912
                },
                "metadata": {
                    "trials": 1
                }
            }
        ],
        [
            {
                "query": {
                    "x1": 1.9008612181060016,
                    "x2": 5.706834345124662
                },
                "metrics": {
                    "outcome": 12.019814057785297
                },
                "metadata": {
                    "trials": 1
                }
            }
        ],
        [
            {
                "query": {
                    "x1": 4.506337963975966,
                    "x2": 14.124517331598327
                },
                "metrics": {
                    "outcome": 168.64586342738124
                },
                "metadata": {
                    "trials": 1
                }
            }
        ],
        [
            {
                "query": {
                    "x1": -4.954850001493469,
                    "x2": 11.622797534102574
                },
                "metrics": {
                    "outcome": 41.84071081976431
                },
                "metadata": {
                    "trials": 1
                }
            }
        ],
        [
            {
                "query": {
                    "x1": 6.1981104768346995,
                    "x2": 4.750665243482217
                },
                "metrics": {
                    "outcome": 32.90769008499496
                },
                "metadata": {
                    "trials": 1
                }
            }
        ],
        [
            {
                "query": {
                    "x1": -0.8148455375339836,
                    "x2": 0.038601816864684224
                },
                "metrics": {
                    "outcome": 70.52179118854677
                },
                "metadata": {
                    "trials": 1
                }
            }
        ],
        [
            {
                "query": {
                    "x1": 8.39628307777457,
                    "x2": 6.421588497236371
                },
                "metrics": {
                    "outcome": 26.92321852055593
                },
                "metadata": {
                    "trials": 1
                }
            }
        ],
        [
            {
                "query": {
                    "x1": 3.6238067543599755,
                    "x2": 9.006066939095035
                },
                "metrics": {
                    "outcome": 51.577969616667204
                },
                "metadata": {
                    "trials": 1
                }
            }
        ],
        [
            {
                "query": {
                    "x1": 9.31656117294915,
                    "x2": 2.420977325644344
                },
                "metrics": {
                    "outcome": 0.4553349629983394
                },
                "metadata": {
                    "trials": 1
                }
            }
        ],
        [
            {
                "query": {
                    "x1": 7.3387099604588,
                    "x2": 8.478304866002873
                },
                "metrics": {
                    "outcome": 66.58284669719302
                },
                "metadata": {
                    "trials": 1
                }
            }
        ],
        [
            {
                "query": {
                    "x1": 9.483462235600312,
                    "x2": 2.3103263009679935
                },
                "metrics": {
                    "outcome": 0.46047845581046154
                },
                "metadata": {
                    "trials": 1
                }
            },
            {
                "query": {
                    "x1": 9.452993524784267,
                    "x2": 2.310014254944318
                },
                "metrics": {
                    "outcome": 0.4373883727179724
                },
                "metadata": {
                    "trials": 1
                }
            },
            {
                "query": {
                    "x1": 9.467833959281679,
                    "x2": 2.310028219503897
                },
                "metrics": {
                    "outcome": 0.44740057801604216
                },
                "metadata": {
                    "trials": 1
                }
            }
        ],
        [
            {
                "query": {
                    "x1": -5.0,
                    "x2": 2.359942495885661
                },
                "metrics": {
                    "outcome": 232.57606263463254
                },
                "metadata": {
                    "trials": 1
                }
            },
            {
                "query": {
                    "x1": -4.993373614858921,
                    "x2": 2.3599447185374802
                },
                "metrics": {
                    "outcome": 231.94885716470827
                },
                "metadata": {
                    "trials": 1
                }
            },
            {
                "query": {
                    "x1": -4.9867483970368935,
                    "x2": 2.3599464753653123
                },
                "metrics": {
                    "outcome": 231.3227241963077
                },
                "metadata": {
                    "trials": 1
                }
            }
        ],
        [
            {
                "query": {
                    "x1": 10.0,
                    "x2": 2.8445498316780564
                },
                "metrics": {
                    "outcome": 1.9682333687862918
                },
                "metadata": {
                    "trials": 1
                }
            },
            {
                "query": {
                    "x1": 10.0,
                    "x2": 2.8445498316780564
                },
                "metrics": {
                    "outcome": 1.9682333687862918
                },
                "metadata": {
                    "trials": 1
                }
            },
            {
                "query": {
                    "x1": 10.0,
                    "x2": 2.8445498316780564
                },
                "metrics": {
                    "outcome": 1.9682333687862918
                },
                "metadata": {
                    "trials": 1
                }
            }
        ],
        [
            {
                "query": {
                    "x1": 10.0,
                    "x2": 1.949364182748328
                },
                "metrics": {
                    "outcome": 3.053197655551518
                },
                "metadata": {
                    "trials": 1
                }
            },
            {
                "query": {
                    "x1": 10.0,
                    "x2": 1.949364182748328
                },
                "metrics": {
                    "outcome": 3.053197655551518
                },
                "metadata": {
                    "trials": 1
                }
            },
            {
                "query": {
                    "x1": 10.0,
                    "x2": 1.949364182748328
                },
                "metrics": {
                    "outcome": 3.053197655551518
                },
                "metadata": {
                    "trials": 1
                }
            }
        ],
        [
            {
                "query": {
                    "x1": 10.0,
                    "x2": 2.5501069338337623
                },
                "metrics": {
                    "outcome": 2.148213487750194
                },
                "metadata": {
                    "trials": 1
                }
            },
            {
                "query": {
                    "x1": 10.0,
                    "x2": 2.5501069338337623
                },
                "metrics": {
                    "outcome": 2.148213487750194
                },
                "metadata": {
                    "trials": 1
                }
            },
            {
                "query": {
                    "x1": 10.0,
                    "x2": 2.5501069338337623
                },
                "metrics": {
                    "outcome": 2.148213487750194
                },
                "metadata": {
                    "trials": 1
                }
            }
        ],
        [
            {
                "query": {
                    "x1": -2.9811089607399195,
                    "x2": 15.0
                },
                "metrics": {
                    "outcome": 10.176920019655729
                },
                "metadata": {
                    "trials": 1
                }
            },
            {
                "query": {
                    "x1": -2.976274985332906,
                    "x2": 15.0
                },
                "metrics": {
                    "outcome": 10.2555112415599
                },
                "metadata": {
                    "trials": 1
                }
            },
            {
                "query": {
                    "x1": -2.9859381229752913,
                    "x2": 15.0
                },
                "metrics": {
                    "outcome": 10.098851043103606
                },
                "metadata": {
                    "trials": 1
                }
            }
        ],
        [
            {
                "query": {
                    "x1": 10.0,
                    "x2": 14.999999999999998
                },
                "metrics": {
                    "outcome": 145.87219087939556
                },
                "metadata": {
                    "trials": 1
                }
            },
            {
                "query": {
                    "x1": 10.0,
                    "x2": 14.972982799872845
                },
                "metrics": {
                    "outcome": 145.22466776383578
                },
                "metadata": {
                    "trials": 1
                }
            },
            {
                "query": {
                    "x1": 10.0,
                    "x2": 14.94594424330825
                },
                "metrics": {
                    "outcome": 144.57809438668866
                },
                "metadata": {
                    "trials": 1
                }
            }
        ],
        [
            {
                "query": {
                    "x1": 1.6657587930871367,
                    "x2": 0.0
                },
                "metrics": {
                    "outcome": 22.833733065915418
                },
                "metadata": {
                    "trials": 1
                }
            },
            {
                "query": {
                    "x1": 1.6883365228783793,
                    "x2": 0.0
                },
                "metrics": {
                    "outcome": 22.424952229501287
                },
                "metadata": {
                    "trials": 1
                }
            },
            {
                "query": {
                    "x1": 1.6432123784378172,
                    "x2": 7.951239287705274e-05
                },
                "metrics": {
                    "outcome": 23.244162652748418
                },
                "metadata": {
                    "trials": 1
                }
            }
        ],
        [
            {
                "query": {
                    "x1": -3.725537409283768,
                    "x2": 14.913539942549953
                },
                "metrics": {
                    "outcome": 3.4078024332165944
                },
                "metadata": {
                    "trials": 1
                }
            },
            {
                "query": {
                    "x1": -3.727125019440906,
                    "x2": 14.933427217946818
                },
                "metrics": {
                    "outcome": 3.4541836890081594
                },
                "metadata": {
                    "trials": 1
                }
            },
            {
                "query": {
                    "x1": -3.723965092394078,
                    "x2": 14.89368403568591
                },
                "metrics": {
                    "outcome": 3.362003843542471
                },
                "metadata": {
                    "trials": 1
                }
            }
        ],
        [
            {
                "query": {
                    "x1": 9.096800499770662,
                    "x2": 0.0
                },
                "metrics": {
                    "outcome": 5.80372761285906
                },
                "metadata": {
                    "trials": 1
                }
            },
            {
                "query": {
                    "x1": 9.079152382533774,
                    "x2": 0.0
                },
                "metrics": {
                    "outcome": 5.800835792393981
                },
                "metadata": {
                    "trials": 1
                }
            },
            {
                "query": {
                    "x1": 9.114445124915697,
                    "x2": 0.0
                },
                "metrics": {
                    "outcome": 5.810163641766262
                },
                "metadata": {
                    "trials": 1
                }
            }
        ],
        [
            {
                "query": {
                    "x1": 3.8487283027710113,
                    "x2": 0.0
                },
                "metrics": {
                    "outcome": 5.897639267743024
                },
                "metadata": {
                    "trials": 1
                }
            },
            {
                "query": {
                    "x1": 3.882073593948066,
                    "x2": 0.0
                },
                "metrics": {
                    "outcome": 6.039362465121724
                },
                "metadata": {
                    "trials": 1
                }
            },
            {
                "query": {
                    "x1": 3.8153832968294736,
                    "x2": 0.0
                },
                "metrics": {
                    "outcome": 5.765853528527694
                },
                "metadata": {
                    "trials": 1
                }
            }
        ],
        [
            {
                "query": {
                    "x1": 9.48743081994652,
                    "x2": 3.650981743497791
                },
                "metrics": {
                    "outcome": 1.6770154735656693
                },
                "metadata": {
                    "trials": 1
                }
            },
            {
                "query": {
                    "x1": 9.488036789174636,
                    "x2": 3.665456016801786
                },
                "metrics": {
                    "outcome": 1.7089048336544206
                },
                "metadata": {
                    "trials": 1
                }
            },
            {
                "query": {
                    "x1": 9.486837743427383,
                    "x2": 3.636516400887453
                },
                "metrics": {
                    "outcome": 1.6455217164673552
                },
                "metadata": {
                    "trials": 1
                }
            }
        ],
        [
            {
                "query": {
                    "x1": -3.1584520673735703,
                    "x2": 11.339870670791502
                },
                "metrics": {
                    "outcome": 1.3512098009236961
                },
                "metadata": {
                    "trials": 1
                }
            },
            {
                "query": {
                    "x1": -3.1565459909308373,
                    "x2": 11.315762383109488
                },
                "metrics": {
                    "outcome": 1.3893897883871418
                },
                "metadata": {
                    "trials": 1
                }
            },
            {
                "query": {
                    "x1": -3.1603146135772193,
                    "x2": 11.363984525505732
                },
                "metrics": {
                    "outcome": 1.3136095996706096
                },
                "metadata": {
                    "trials": 1
                }
            }
        ],
        [
            {
                "query": {
                    "x1": -0.004756576194438367,
                    "x2": 15.0
                },
                "metrics": {
                    "outcome": 100.46574289172524
                },
                "metadata": {
                    "trials": 1
                }
            },
            {
                "query": {
                    "x1": 0.027523575710056036,
                    "x2": 14.999999999228317
                },
                "metrics": {
                    "outcome": 101.38711697837041
                },
                "metadata": {
                    "trials": 1
                }
            },
            {
                "query": {
                    "x1": -0.03700619083036916,
                    "x2": 15.0
                },
                "metrics": {
                    "outcome": 99.5356945902209
                },
                "metadata": {
                    "trials": 1
                }
            }
        ],
        [
            {
                "query": {
                    "x1": -2.0685171106349967,
                    "x2": 7.683884521751089
                },
                "metrics": {
                    "outcome": 10.08569557020472
                },
                "metadata": {
                    "trials": 1
                }
            },
            {
                "query": {
                    "x1": -2.0734358063399347,
                    "x2": 7.660539540316213
                },
                "metrics": {
                    "outcome": 10.191501323952183
                },
                "metadata": {
                    "trials": 1
                }
            },
            {
                "query": {
                    "x1": -2.0636768296807837,
                    "x2": 7.70722618093869
                },
                "metrics": {
                    "outcome": 9.98237255721496
                },
                "metadata": {
                    "trials": 1
                }
            }
        ],
        [
            {
                "query": {
                    "x1": -4.15827559008779,
                    "x2": 11.725396083765746
                },
                "metrics": {
                    "outcome": 14.722267377442858
                },
                "metadata": {
                    "trials": 1
                }
            },
            {
                "query": {
                    "x1": -4.158600642856344,
                    "x2": 11.707306184174627
                },
                "metrics": {
                    "outcome": 14.843814774142244
                },
                "metadata": {
                    "trials": 1
                }
            },
            {
                "query": {
                    "x1": -4.158105066963574,
                    "x2": 11.74347386919675
                },
                "metrics": {
                    "outcome": 14.6053367416885
                },
                "metadata": {
                    "trials": 1
                }
            }
        ],
        [
            {
                "query": {
                    "x1": 4.094291084934781,
                    "x2": 14.999617752007735
                },
                "metrics": {
                    "outcome": 182.66718431693968
                },
                "metadata": {
                    "trials": 1
                }
            },
            {
                "query": {
                    "x1": 4.115100715048408,
                    "x2": 14.999626083789758
                },
                "metrics": {
                    "outcome": 183.12662187723964
                },
                "metadata": {
                    "trials": 1
                }
            },
            {
                "query": {
                    "x1": 4.073485780870106,
                    "x2": 14.999624865133747
                },
                "metrics": {
                    "outcome": 182.20792353304557
                },
                "metadata": {
                    "trials": 1
                }
            }
        ],
        [
            {
                "query": {
                    "x1": 6.639109125182516,
                    "x2": 5.65557882946053
                },
                "metrics": {
                    "outcome": 39.5020344575951
                },
                "metadata": {
                    "trials": 1
                }
            },
            {
                "query": {
                    "x1": 6.644097605176988,
                    "x2": 5.688036396030906
                },
                "metrics": {
                    "outcome": 39.77455198304006
                },
                "metadata": {
                    "trials": 1
                }
            },
            {
                "query": {
                    "x1": 6.634307352065514,
                    "x2": 5.62310558047854
                },
                "metrics": {
                    "outcome": 39.2302991175837
                },
                "metadata": {
                    "trials": 1
                }
            }
        ],
        [
            {
                "query": {
                    "x1": -0.8616197419076883,
                    "x2": 0.0
                },
                "metrics": {
                    "outcome": 72.01229070022254
                },
                "metadata": {
                    "trials": 1
                }
            },
            {
                "query": {
                    "x1": -0.8786174326941101,
                    "x2": 0.0
                },
                "metrics": {
                    "outcome": 72.34956873351605
                },
                "metadata": {
                    "trials": 1
                }
            },
            {
                "query": {
                    "x1": -0.8446516796461205,
                    "x2": 0.00037497374028152663
                },
                "metrics": {
                    "outcome": 71.67123066893072
                },
                "metadata": {
                    "trials": 1
                }
            }
        ],
        [
            {
                "query": {
                    "x1": 7.524898129324457,
                    "x2": 11.020240021654821
                },
                "metrics": {
                    "outcome": 106.8352297687659
                },
                "metadata": {
                    "trials": 1
                }
            },
            {
                "query": {
                    "x1": 7.53569563543436,
                    "x2": 11.020139907608685
                },
                "metrics": {
                    "outcome": 106.66099092325896
                },
                "metadata": {
                    "trials": 1
                }
            },
            {
                "query": {
                    "x1": 7.510597564539355,
                    "x2": 11.020341106576021
                },
                "metrics": {
                    "outcome": 107.0639771798663
                },
                "metadata": {
                    "trials": 1
                }
            }
        ],
        [
            {
                "query": {
                    "x1": -2.6796632459943006,
                    "x2": 11.366367236074872
                },
                "metrics": {
                    "outcome": 1.4344950706311774
                },
                "metadata": {
                    "trials": 1
                }
            },
            {
                "query": {
                    "x1": -2.6795926012879825,
                    "x2": 11.366083013394737
                },
                "metrics": {
                    "outcome": 1.4347546821430903
                },
                "metadata": {
                    "trials": 1
                }
            },
            {
                "query": {
                    "x1": -2.6797823750333043,
                    "x2": 11.366846502153807
                },
                "metrics": {
                    "outcome": 1.4340574413782043
                },
                "metadata": {
                    "trials": 1
                }
            }
        ],
        [
            {
                "query": {
                    "x1": -3.143399178387118,
                    "x2": 12.419853986730953
                },
                "metrics": {
                    "outcome": 0.4176466632000153
                },
                "metadata": {
                    "trials": 1
                }
            },
            {
                "query": {
                    "x1": -3.1403674079096766,
                    "x2": 12.408125263201677
                },
                "metrics": {
                    "outcome": 0.4164095089374058
                },
                "metadata": {
                    "trials": 1
                }
            },
            {
                "query": {
                    "x1": -3.146440868131731,
                    "x2": 12.431579998049585
                },
                "metrics": {
                    "outcome": 0.41900361941570097
                },
                "metadata": {
                    "trials": 1
                }
            }
        ],
        [
            {
                "query": {
                    "x1": 4.438393933887323,
                    "x2": 12.59852853030276
                },
                "metrics": {
                    "outcome": 131.0029430214529
                },
                "metadata": {
                    "trials": 1
                }
            },
            {
                "query": {
                    "x1": 4.4498010955923775,
                    "x2": 12.598112020328326
                },
                "metrics": {
                    "outcome": 131.21176419995192
                },
                "metadata": {
                    "trials": 1
                }
            },
            {
                "query": {
                    "x1": 4.426992453127733,
                    "x2": 12.598954587644476
                },
                "metrics": {
                    "outcome": 130.79407683394695
                },
                "metadata": {
                    "trials": 1
                }
            }
        ],
        [
            {
                "query": {
                    "x1": 10.0,
                    "x2": 2.978199270695983
                },
                "metrics": {
                    "outcome": 1.943753588498124
                },
                "metadata": {
                    "trials": 1
                }
            },
            {
                "query": {
                    "x1": 10.0,
                    "x2": 2.9488338178844375
                },
                "metrics": {
                    "outcome": 1.946069938993686
                },
                "metadata": {
                    "trials": 1
                }
            },
            {
                "query": {
                    "x1": 10.0,
                    "x2": 3.007510770526967
                },
                "metrics": {
                    "outcome": 1.9431614033077054
                },
                "metadata": {
                    "trials": 1
                }
            }
        ],
        [
            {
                "query": {
                    "x1": -2.999844870007488,
                    "x2": 11.835911069828168
                },
                "metrics": {
                    "outcome": 0.5043980520160005
                },
                "metadata": {
                    "trials": 1
                }
            },
            {
                "query": {
                    "x1": -2.997695317844852,
                    "x2": 11.82304335763746
                },
                "metrics": {
                    "outcome": 0.5089687463711243
                },
                "metadata": {
                    "trials": 1
                }
            },
            {
                "query": {
                    "x1": -3.002016245196608,
                    "x2": 11.84878860061541
                },
                "metrics": {
                    "outcome": 0.4999712447830724
                },
                "metadata": {
                    "trials": 1
                }
            }
        ],
        [
            {
                "query": {
                    "x1": 9.216722806974829,
                    "x2": 2.522874185221104
                },
                "metrics": {
                    "outcome": 0.6523904543484189
                },
                "metadata": {
                    "trials": 1
                }
            },
            {
                "query": {
                    "x1": 9.208484798663235,
                    "x2": 2.4693662259022093
                },
                "metrics": {
                    "outcome": 0.6507821707810528
                },
                "metadata": {
                    "trials": 1
                }
            },
            {
                "query": {
                    "x1": 9.224993687973903,
                    "x2": 2.5763718145951238
                },
                "metrics": {
                    "outcome": 0.6589651371462235
                },
                "metadata": {
                    "trials": 1
                }
            }
        ],
        [
            {
                "query": {
                    "x1": -4.077426825896156,
                    "x2": 14.999999999999998
                },
                "metrics": {
                    "outcome": 4.436179621042155
                },
                "metadata": {
                    "trials": 1
                }
            },
            {
                "query": {
                    "x1": -4.185868168098054,
                    "x2": 15.0
                },
                "metrics": {
                    "outcome": 5.180212555946537
                },
                "metadata": {
                    "trials": 1
                }
            },
            {
                "query": {
                    "x1": -3.970171639990456,
                    "x2": 14.999999999999998
                },
                "metrics": {
                    "outcome": 3.9257752645816257
                },
                "metadata": {
                    "trials": 1
                }
            }
        ],
        [
            {
                "query": {
                    "x1": 8.85654166174108,
                    "x2": 0.0
                },
                "metrics": {
                    "outcome": 6.057817412867989
                },
                "metadata": {
                    "trials": 1
                }
            },
            {
                "query": {
                    "x1": 8.948089998027115,
                    "x2": 0.0
                },
                "metrics": {
                    "outcome": 5.887826105703708
                },
                "metadata": {
                    "trials": 1
                }
            },
            {
                "query": {
                    "x1": 8.765754918990284,
                    "x2": 0.0
                },
                "metrics": {
                    "outcome": 6.3100979658288265
                },
                "metadata": {
                    "trials": 1
                }
            }
        ],
        [
            {
                "query": {
                    "x1": 9.432295574580406,
                    "x2": 2.4195815868606196
                },
                "metrics": {
                    "outcome": 0.4019738457192794
                },
                "metadata": {
                    "trials": 1
                }
            },
            {
                "query": {
                    "x1": 9.429568465969368,
                    "x2": 2.3933162362653286
                },
                "metrics": {
                    "outcome": 0.4053467616870403
                },
                "metadata": {
                    "trials": 1
                }
            },
            {
                "query": {
                    "x1": 9.43516835085199,
                    "x2": 2.445844267365499
                },
                "metrics": {
                    "outcome": 0.3998446791491457
                },
                "metadata": {
                    "trials": 1
                }
            }
        ],
        [
            {
                "query": {
                    "x1": -3.3765839658878445,
                    "x2": 13.103632272734856
                },
                "metrics": {
                    "outcome": 0.727713071780066
                },
                "metadata": {
                    "trials": 1
                }
            },
            {
                "query": {
                    "x1": -3.3685529369726828,
                    "x2": 13.070384621127525
                },
                "metrics": {
                    "outcome": 0.703324809124652
                },
                "metadata": {
                    "trials": 1
                }
            },
            {
                "query": {
                    "x1": -3.3846592198316485,
                    "x2": 13.136729391290688
                },
                "metrics": {
                    "outcome": 0.7530193592146848
                },
                "metadata": {
                    "trials": 1
                }
            }
        ],
        [
            {
                "query": {
                    "x1": -2.9940150313903686,
                    "x2": 12.253425416900242
                },
                "metrics": {
                    "outcome": 0.6113430894388188
                },
                "metadata": {
                    "trials": 1
                }
            },
            {
                "query": {
                    "x1": -2.9981948925596678,
                    "x2": 12.270857384403914
                },
                "metrics": {
                    "outcome": 0.6105644887099952
                },
                "metadata": {
                    "trials": 1
                }
            },
            {
                "query": {
                    "x1": -2.9898766633889884,
                    "x2": 12.236070875538676
                },
                "metrics": {
                    "outcome": 0.6123249722017228
                },
                "metadata": {
                    "trials": 1
                }
            }
        ],
        [
            {
                "query": {
                    "x1": -3.1323244109985326,
                    "x2": 12.199857601085585
                },
                "metrics": {
                    "outcome": 0.4010960284488796
                },
                "metadata": {
                    "trials": 1
                }
            },
            {
                "query": {
                    "x1": -3.1305588773866697,
                    "x2": 12.193071316705039
                },
                "metrics": {
                    "outcome": 0.4015440717520953
                },
                "metadata": {
                    "trials": 1
                }
            },
            {
                "query": {
                    "x1": -3.1341028846658445,
                    "x2": 12.206645045165738
                },
                "metrics": {
                    "outcome": 0.40069306019959683
                },
                "metadata": {
                    "trials": 1
                }
            }
        ],
        [
            {
                "query": {
                    "x1": 9.38437930743351,
                    "x2": 2.4653246657859116
                },
                "metrics": {
                    "outcome": 0.4063070638929567
                },
                "metadata": {
                    "trials": 1
                }
            },
            {
                "query": {
                    "x1": 9.385251972808298,
                    "x2": 2.4698413154580003
                },
                "metrics": {
                    "outcome": 0.40616999772998064
                },
                "metadata": {
                    "trials": 1
                }
            },
            {
                "query": {
                    "x1": 9.383542668110486,
                    "x2": 2.4608062622919094
                },
                "metrics": {
                    "outcome": 0.40646458848179456
                },
                "metadata": {
                    "trials": 1
                }
            }
        ],
        [
            {
                "query": {
                    "x1": -5.0,
                    "x2": 8.380397259787937
                },
                "metrics": {
                    "outcome": 90.28634690724684
                },
                "metadata": {
                    "trials": 1
                }
            },
            {
                "query": {
                    "x1": -5.0,
                    "x2": 8.263488987621475
                },
                "metrics": {
                    "outcome": 92.35922801802188
                },
                "metadata": {
                    "trials": 1
                }
            },
            {
                "query": {
                    "x1": -5.0,
                    "x2": 8.497266734176009
                },
                "metrics": {
                    "outcome": 88.2414751957848
                },
                "metadata": {
                    "trials": 1
                }
            }
        ],
        [
            {
                "query": {
                    "x1": 4.21970755472571,
                    "x2": 0.0
                },
                "metrics": {
                    "outcome": 7.96854752012114
                },
                "metadata": {
                    "trials": 1
                }
            },
            {
                "query": {
                    "x1": 4.39975087309822,
                    "x2": 0.0
                },
                "metrics": {
                    "outcome": 9.291605429141091
                },
                "metadata": {
                    "trials": 1
                }
            },
            {
                "query": {
                    "x1": 4.040271639362874,
                    "x2": 0.0
                },
                "metrics": {
                    "outcome": 6.838626829375313
                },
                "metadata": {
                    "trials": 1
                }
            }
        ],
        [
            {
                "query": {
                    "x1": 3.5444003055504254,
                    "x2": 4.643780105719442
                },
                "metrics": {
                    "outcome": 8.252393894076235
                },
                "metadata": {
                    "trials": 1
                }
            },
            {
                "query": {
                    "x1": 3.4112914002912245,
                    "x2": 4.7062404086185055
                },
                "metrics": {
                    "outcome": 7.673315877449843
                },
                "metadata": {
                    "trials": 1
                }
            },
            {
                "query": {
                    "x1": 3.6812986391646945,
                    "x2": 4.590892204216729
                },
                "metrics": {
                    "outcome": 9.048185787052763
                },
                "metadata": {
                    "trials": 1
                }
            }
        ],
        [
            {
                "query": {
                    "x1": -1.4535059535696435,
                    "x2": 0.0
                },
                "metrics": {
                    "outcome": 84.84737905206225
                },
                "metadata": {
                    "trials": 1
                }
            },
            {
                "query": {
                    "x1": -1.5757049725832495,
                    "x2": 0.0
                },
                "metrics": {
                    "outcome": 87.89629638001021
                },
                "metadata": {
                    "trials": 1
                }
            },
            {
                "query": {
                    "x1": -1.3320788207302479,
                    "x2": 0.0
                },
                "metrics": {
                    "outcome": 81.98127215284643
                },
                "metadata": {
                    "trials": 1
                }
            }
        ],
        [
            {
                "query": {
                    "x1": 10.0,
                    "x2": 8.678167828122742
                },
                "metrics": {
                    "outcome": 34.151163087577366
                },
                "metadata": {
                    "trials": 1
                }
            },
            {
                "query": {
                    "x1": 9.999624619294071,
                    "x2": 8.741129140231301
                },
                "metrics": {
                    "outcome": 34.87207844722864
                },
                "metadata": {
                    "trials": 1
                }
            },
            {
                "query": {
                    "x1": 9.999623849575913,
                    "x2": 8.615286831728698
                },
                "metrics": {
                    "outcome": 33.443615799772516
                },
                "metadata": {
                    "trials": 1
                }
            }
        ],
        [
            {
                "query": {
                    "x1": 10.0,
                    "x2": 15.0
                },
                "metrics": {
                    "outcome": 145.87219087939556
                },
                "metadata": {
                    "trials": 1
                }
            },
            {
                "query": {
                    "x1": 10.0,
                    "x2": 14.944898509608027
                },
                "metrics": {
                    "outcome": 144.55311711093862
                },
                "metadata": {
                    "trials": 1
                }
            },
            {
                "query": {
                    "x1": 9.945039732019666,
                    "x2": 14.999999999999998
                },
                "metrics": {
                    "outcome": 146.89932719504162
                },
                "metadata": {
                    "trials": 1
                }
            }
        ],
        [
            {
                "query": {
                    "x1": 0.23520888879404467,
                    "x2": 8.574295129784973
                },
                "metrics": {
                    "outcome": 27.990116674261337
                },
                "metadata": {
                    "trials": 1
                }
            },
            {
                "query": {
                    "x1": 0.231825453590929,
                    "x2": 8.618495508667415
                },
                "metrics": {
                    "outcome": 28.228708930245258
                },
                "metadata": {
                    "trials": 1
                }
            },
            {
                "query": {
                    "x1": 0.2371323523565625,
                    "x2": 8.530036502315555
                },
                "metrics": {
                    "outcome": 27.744448107396735
                },
                "metadata": {
                    "trials": 1
                }
            }
        ],
        [
            {
                "query": {
                    "x1": 3.0558784164770785,
                    "x2": 14.999593253535988
                },
                "metrics": {
                    "outcome": 160.62770239713643
                },
                "metadata": {
                    "trials": 1
                }
            },
            {
                "query": {
                    "x1": 2.9746338612404335,
                    "x2": 14.999625319197763
                },
                "metrics": {
                    "outcome": 159.06015352419135
                },
                "metadata": {
                    "trials": 1
                }
            },
            {
                "query": {
                    "x1": 3.136904249780475,
                    "x2": 14.999630264035813
                },
                "metrics": {
                    "outcome": 162.22109936701855
                },
                "metadata": {
                    "trials": 1
                }
            }
        ],
        [
            {
                "query": {
                    "x1": 5.058479879450456,
                    "x2": 9.702402602490668
                },
                "metrics": {
                    "outcome": 84.61957420224641
                },
                "metadata": {
                    "trials": 1
                }
            },
            {
                "query": {
                    "x1": 5.054562010540838,
                    "x2": 9.657373195616794
                },
                "metrics": {
                    "outcome": 83.80663499302257
                },
                "metadata": {
                    "trials": 1
                }
            },
            {
                "query": {
                    "x1": 5.063552066563531,
                    "x2": 9.747164078181125
                },
                "metrics": {
                    "outcome": 85.44807106804666
                },
                "metadata": {
                    "trials": 1
                }
            }
        ],
        [
            {
                "query": {
                    "x1": -5.0,
                    "x2": 3.4414209086410836
                },
                "metrics": {
                    "outcome": 201.6745945493112
                },
                "metadata": {
                    "trials": 1
                }
            },
            {
                "query": {
                    "x1": -5.0,
                    "x2": 3.399497880532284
                },
                "metrics": {
                    "outcome": 202.82889486162102
                },
                "metadata": {
                    "trials": 1
                }
            },
            {
                "query": {
                    "x1": -4.999624936019936,
                    "x2": 3.483314382396767
                },
                "metrics": {
                    "outcome": 200.49152666145892
                },
                "metadata": {
                    "trials": 1
                }
            }
        ],
        [
            {
                "query": {
                    "x1": -3.2939448641335423,
                    "x2": 12.448813082756965
                },
                "metrics": {
                    "outcome": 0.5472618211095668
                },
                "metadata": {
                    "trials": 1
                }
            },
            {
                "query": {
                    "x1": -3.2976938594737177,
                    "x2": 12.455699064964971
                },
                "metrics": {
                    "outcome": 0.5536848962123511
                },
                "metadata": {
                    "trials": 1
                }
            },
            {
                "query": {
                    "x1": -3.290183305646296,
                    "x2": 12.44194408619731
                },
                "metrics": {
                    "outcome": 0.5409476168409562
                },
                "metadata": {
                    "trials": 1
                }
            }
        ],
        [
            {
                "query": {
                    "x1": -5.0,
                    "x2": 14.080769472276334
                },
                "metrics": {
                    "outcome": 22.374660238377814
                },
                "metadata": {
                    "trials": 1
                }
            },
            {
                "query": {
                    "x1": -5.0,
                    "x2": 14.144776166622503
                },
                "metrics": {
                    "outcome": 21.981071929518208
                },
                "metadata": {
                    "trials": 1
                }
            },
            {
                "query": {
                    "x1": -5.0,
                    "x2": 14.01700914159256
                },
                "metrics": {
                    "outcome": 22.774880081945057
                },
                "metadata": {
                    "trials": 1
                }
            }
        ]
    ],
    "best_results": [
        {
            "query": {
                "x1": 9.43516835085199,
                "x2": 2.445844267365499
            },
            "metrics": [
                {
                    "name": "outcome",
                    "value": 0.3998446791491457
                }
            ]
        }
    ]
}