{
    "date": "04/11/2022 14:00:35",
    "basic_params": {
        "active_variables": [
            "x1",
            "x2"
        ],
        "default_query": {},
        "metric": "basic",
        "n_trials": 1
    },
    "objective_function": {
        "name": "Goldstein",
        "params": {}
    },
    "optimizer": {
        "name": "BBO-LP(LCBa)",
        "params": {
            "lower_bound": [
                -2.0,
                -2.0
            ],
            "upper_bound": [
                2.0,
                2.0
            ],
            "invert_metric": false,
            "bopt_params": {
                "n_init_samples": 15,
                "n_iterations": 45,
                "n_iter_relearn": 5,
                "verbose_level": 1,
                "n_parallel_samples": 3,
                "par_type": "PAR_BBO",
                "crit_name": "cLP(cLCBa)",
                "n_crit_params": 3,
                "crit_params": [
                    3,
                    1,
                    5.0
                ]
            }
        }
    },
    "iterations": [
        [
            {
                "query": {
                    "x1": 0.2901690445840357,
                    "x2": -0.2609083869804938
                },
                "metrics": {
                    "outcome": 688.7711146238579
                },
                "metadata": {
                    "trials": 1
                }
            }
        ],
        [
            {
                "query": {
                    "x1": 1.0463043548166753,
                    "x2": -1.3939034032324948
                },
                "metrics": {
                    "outcome": 16243.357385707575
                },
                "metadata": {
                    "trials": 1
                }
            }
        ],
        [
            {
                "query": {
                    "x1": 1.26793409747382,
                    "x2": 1.9305338793744644
                },
                "metrics": {
                    "outcome": 97221.81440779017
                },
                "metadata": {
                    "trials": 1
                }
            }
        ],
        [
            {
                "query": {
                    "x1": 0.4412092944607138,
                    "x2": -0.7090093575417995
                },
                "metrics": {
                    "outcome": 39.9777100873402
                },
                "metadata": {
                    "trials": 1
                }
            }
        ],
        [
            {
                "query": {
                    "x1": -1.1598246463264028,
                    "x2": -1.584740738881131
                },
                "metrics": {
                    "outcome": 2739.096599888595
                },
                "metadata": {
                    "trials": 1
                }
            }
        ],
        [
            {
                "query": {
                    "x1": -0.3374847335740925,
                    "x2": 1.588400144750873
                },
                "metrics": {
                    "outcome": 186369.4915339332
                },
                "metadata": {
                    "trials": 1
                }
            }
        ],
        [
            {
                "query": {
                    "x1": -0.8898660181090237,
                    "x2": 0.5192714576919872
                },
                "metrics": {
                    "outcome": 12868.701498296718
                },
                "metadata": {
                    "trials": 1
                }
            }
        ],
        [
            {
                "query": {
                    "x1": -1.7516975022852421,
                    "x2": 0.3435471848895153
                },
                "metrics": {
                    "outcome": 26664.34994209481
                },
                "metadata": {
                    "trials": 1
                }
            }
        ],
        [
            {
                "query": {
                    "x1": 1.492937448869149,
                    "x2": 0.8880759679401913
                },
                "metrics": {
                    "outcome": 989.8225899557142
                },
                "metadata": {
                    "trials": 1
                }
            }
        ],
        [
            {
                "query": {
                    "x1": -1.5155465520297486,
                    "x2": 0.9513535821810364
                },
                "metrics": {
                    "outcome": 47261.319084743576
                },
                "metadata": {
                    "trials": 1
                }
            }
        ],
        [
            {
                "query": {
                    "x1": 0.060620525727669516,
                    "x2": -0.6389159279565015
                },
                "metrics": {
                    "outcome": 126.418189180929
                },
                "metadata": {
                    "trials": 1
                }
            }
        ],
        [
            {
                "query": {
                    "x1": 0.8733423472071689,
                    "x2": -1.9867689107855162
                },
                "metrics": {
                    "outcome": 6507.278624554069
                },
                "metadata": {
                    "trials": 1
                }
            }
        ],
        [
            {
                "query": {
                    "x1": -0.5258666483064494,
                    "x2": -1.0286060483505328
                },
                "metrics": {
                    "outcome": 333.73858109118584
                },
                "metadata": {
                    "trials": 1
                }
            }
        ],
        [
            {
                "query": {
                    "x1": -1.4148027292763192,
                    "x2": 1.364922578074038
                },
                "metrics": {
                    "outcome": 246169.45185008782
                },
                "metadata": {
                    "trials": 1
                }
            }
        ],
        [
            {
                "query": {
                    "x1": 1.9863594828794402,
                    "x2": -0.0368496503680944
                },
                "metrics": {
                    "outcome": 2097.669174572225
                },
                "metadata": {
                    "trials": 1
                }
            }
        ],
        [
            {
                "query": {
                    "x1": 0.4024781163657747,
                    "x2": -0.757250678179564
                },
                "metrics": {
                    "outcome": 35.86548120590473
                },
                "metadata": {
                    "trials": 1
                }
            },
            {
                "query": {
                    "x1": 0.4017834435186276,
                    "x2": -0.7536586999505677
                },
                "metrics": {
                    "outcome": 35.36138307728222
                },
                "metadata": {
                    "trials": 1
                }
            },
            {
                "query": {
                    "x1": 0.429455718580241,
                    "x2": -0.7541793437022257
                },
                "metrics": {
                    "outcome": 42.38608293208751
                },
                "metadata": {
                    "trials": 1
                }
            }
        ],
        [
            {
                "query": {
                    "x1": 0.35410774996178507,
                    "x2": -0.7964987267300132
                },
                "metrics": {
                    "outcome": 30.317287147546757
                },
                "metadata": {
                    "trials": 1
                }
            },
            {
                "query": {
                    "x1": 0.3591935204846619,
                    "x2": -0.8043201086372274
                },
                "metrics": {
                    "outcome": 32.827681732253566
                },
                "metadata": {
                    "trials": 1
                }
            },
            {
                "query": {
                    "x1": 0.3591919497652336,
                    "x2": -0.7979237763179372
                },
                "metrics": {
                    "outcome": 31.68980144384066
                },
                "metadata": {
                    "trials": 1
                }
            }
        ],
        [
            {
                "query": {
                    "x1": 0.31541855018421927,
                    "x2": -0.7636228210618243
                },
                "metrics": {
                    "outcome": 28.512675757752973
                },
                "metadata": {
                    "trials": 1
                }
            },
            {
                "query": {
                    "x1": 0.3064439882522163,
                    "x2": -0.7685157689487792
                },
                "metrics": {
                    "outcome": 27.622970767860096
                },
                "metadata": {
                    "trials": 1
                }
            },
            {
                "query": {
                    "x1": 0.30990673179136596,
                    "x2": -0.766445090130341
                },
                "metrics": {
                    "outcome": 28.005184562087315
                },
                "metadata": {
                    "trials": 1
                }
            }
        ],
        [
            {
                "query": {
                    "x1": 0.26735393511829697,
                    "x2": -0.8121955942686232
                },
                "metrics": {
                    "outcome": 20.298470714237173
                },
                "metadata": {
                    "trials": 1
                }
            },
            {
                "query": {
                    "x1": 0.2611949169300356,
                    "x2": -0.8106159013760428
                },
                "metrics": {
                    "outcome": 20.293874464414365
                },
                "metadata": {
                    "trials": 1
                }
            },
            {
                "query": {
                    "x1": 0.260811293382206,
                    "x2": -0.8097599445002184
                },
                "metrics": {
                    "outcome": 20.397256188580737
                },
                "metadata": {
                    "trials": 1
                }
            }
        ],
        [
            {
                "query": {
                    "x1": 0.21944933599595506,
                    "x2": -0.8539751523396497
                },
                "metrics": {
                    "outcome": 14.65738681774666
                },
                "metadata": {
                    "trials": 1
                }
            },
            {
                "query": {
                    "x1": 0.21710927199557828,
                    "x2": -0.8518140469824647
                },
                "metrics": {
                    "outcome": 14.665811457853112
                },
                "metadata": {
                    "trials": 1
                }
            },
            {
                "query": {
                    "x1": 0.21475590995508842,
                    "x2": -0.8578538975362207
                },
                "metrics": {
                    "outcome": 14.176865150541268
                },
                "metadata": {
                    "trials": 1
                }
            }
        ],
        [
            {
                "query": {
                    "x1": 0.17224825755667128,
                    "x2": -0.8708798487587719
                },
                "metrics": {
                    "outcome": 11.482816982177175
                },
                "metadata": {
                    "trials": 1
                }
            },
            {
                "query": {
                    "x1": 0.16653411206737756,
                    "x2": -0.8727779018382655
                },
                "metrics": {
                    "outcome": 11.165383285011309
                },
                "metadata": {
                    "trials": 1
                }
            },
            {
                "query": {
                    "x1": 0.16820803548603935,
                    "x2": -0.8722443721799917
                },
                "metrics": {
                    "outcome": 11.255351339380812
                },
                "metadata": {
                    "trials": 1
                }
            }
        ],
        [
            {
                "query": {
                    "x1": 0.1219311004493866,
                    "x2": -0.8568120879324943
                },
                "metrics": {
                    "outcome": 13.061020981444921
                },
                "metadata": {
                    "trials": 1
                }
            },
            {
                "query": {
                    "x1": 0.12298251163243368,
                    "x2": -0.8566911265812689
                },
                "metrics": {
                    "outcome": 13.071086808565628
                },
                "metadata": {
                    "trials": 1
                }
            },
            {
                "query": {
                    "x1": 0.11874320582339548,
                    "x2": -0.857284773519198
                },
                "metrics": {
                    "outcome": 13.012522459612233
                },
                "metadata": {
                    "trials": 1
                }
            }
        ],
        [
            {
                "query": {
                    "x1": 0.12312570084401608,
                    "x2": -0.9011026150617432
                },
                "metrics": {
                    "outcome": 7.917206096586398
                },
                "metadata": {
                    "trials": 1
                }
            },
            {
                "query": {
                    "x1": 0.11620365634037366,
                    "x2": -0.9021214438664069
                },
                "metrics": {
                    "outcome": 7.700787682692041
                },
                "metadata": {
                    "trials": 1
                }
            },
            {
                "query": {
                    "x1": 0.1266302822352281,
                    "x2": -0.8998659482070348
                },
                "metrics": {
                    "outcome": 8.082359564600576
                },
                "metadata": {
                    "trials": 1
                }
            }
        ],
        [
            {
                "query": {
                    "x1": 0.07321561649702879,
                    "x2": -0.8999450255931574
                },
                "metrics": {
                    "outcome": 7.482107379690978
                },
                "metadata": {
                    "trials": 1
                }
            },
            {
                "query": {
                    "x1": 0.06867350270559891,
                    "x2": -0.9006903359638734
                },
                "metrics": {
                    "outcome": 7.400444062213318
                },
                "metadata": {
                    "trials": 1
                }
            },
            {
                "query": {
                    "x1": 0.07451791068272584,
                    "x2": -0.8997305040121599
                },
                "metrics": {
                    "outcome": 7.506157050592464
                },
                "metadata": {
                    "trials": 1
                }
            }
        ],
        [
            {
                "query": {
                    "x1": 0.02090443459213054,
                    "x2": -0.9175010449858705
                },
                "metrics": {
                    "outcome": 5.935707282289472
                },
                "metadata": {
                    "trials": 1
                }
            },
            {
                "query": {
                    "x1": 0.026765121016983695,
                    "x2": -0.9167000699028143
                },
                "metrics": {
                    "outcome": 5.979636486627382
                },
                "metadata": {
                    "trials": 1
                }
            },
            {
                "query": {
                    "x1": 0.020829126357766015,
                    "x2": -0.917510410331263
                },
                "metrics": {
                    "outcome": 5.935261363696778
                },
                "metadata": {
                    "trials": 1
                }
            }
        ],
        [
            {
                "query": {
                    "x1": -0.030867491125351254,
                    "x2": -0.9194011258661885
                },
                "metrics": {
                    "outcome": 6.283664698547479
                },
                "metadata": {
                    "trials": 1
                }
            },
            {
                "query": {
                    "x1": -0.02520783844304475,
                    "x2": -0.918662647318311
                },
                "metrics": {
                    "outcome": 6.251951280495799
                },
                "metadata": {
                    "trials": 1
                }
            },
            {
                "query": {
                    "x1": -0.023866057884545988,
                    "x2": -0.9184868838713258
                },
                "metrics": {
                    "outcome": 6.246198468939229
                },
                "metadata": {
                    "trials": 1
                }
            }
        ],
        [
            {
                "query": {
                    "x1": -0.0218444827690365,
                    "x2": -0.9188269767917989
                },
                "metrics": {
                    "outcome": 6.192321221862922
                },
                "metadata": {
                    "trials": 1
                }
            },
            {
                "query": {
                    "x1": -0.018386595456299837,
                    "x2": -0.9186440693855666
                },
                "metrics": {
                    "outcome": 6.161217381497519
                },
                "metadata": {
                    "trials": 1
                }
            },
            {
                "query": {
                    "x1": -0.01848620754232977,
                    "x2": -0.9186169719437769
                },
                "metrics": {
                    "outcome": 6.16455896839783
                },
                "metadata": {
                    "trials": 1
                }
            }
        ],
        [
            {
                "query": {
                    "x1": -0.021943739632335202,
                    "x2": -0.9192218005705897
                },
                "metrics": {
                    "outcome": 6.163620846188414
                },
                "metadata": {
                    "trials": 1
                }
            },
            {
                "query": {
                    "x1": -0.019473184811309885,
                    "x2": -0.9186309389145118
                },
                "metrics": {
                    "outcome": 6.176044953389036
                },
                "metadata": {
                    "trials": 1
                }
            },
            {
                "query": {
                    "x1": -0.017916278131157704,
                    "x2": -0.9186379178026769
                },
                "metrics": {
                    "outcome": 6.155808659366146
                },
                "metadata": {
                    "trials": 1
                }
            }
        ],
        [
            {
                "query": {
                    "x1": -0.011366296690470401,
                    "x2": -0.917767207592918
                },
                "metrics": {
                    "outcome": 6.1480921884766255
                },
                "metadata": {
                    "trials": 1
                }
            },
            {
                "query": {
                    "x1": -0.010991015776636859,
                    "x2": -0.9177297710408567
                },
                "metrics": {
                    "outcome": 6.147053909124137
                },
                "metadata": {
                    "trials": 1
                }
            },
            {
                "query": {
                    "x1": -0.012093464172720614,
                    "x2": -0.9178298422236177
                },
                "metrics": {
                    "outcome": 6.150993928292608
                },
                "metadata": {
                    "trials": 1
                }
            }
        ],
        [
            {
                "query": {
                    "x1": -0.015036170365559265,
                    "x2": -0.9182541264767323
                },
                "metrics": {
                    "outcome": 6.150874886921898
                },
                "metadata": {
                    "trials": 1
                }
            },
            {
                "query": {
                    "x1": -0.01573529123553019,
                    "x2": -0.9183170958921179
                },
                "metrics": {
                    "outcome": 6.1541823392741355
                },
                "metadata": {
                    "trials": 1
                }
            },
            {
                "query": {
                    "x1": -0.020325713247764776,
                    "x2": -0.918779949917534
                },
                "metrics": {
                    "outcome": 6.175677235037294
                },
                "metadata": {
                    "trials": 1
                }
            }
        ],
        [
            {
                "query": {
                    "x1": -0.014642513591496265,
                    "x2": -0.9182215616221423
                },
                "metrics": {
                    "outcome": 6.148848157468176
                },
                "metadata": {
                    "trials": 1
                }
            },
            {
                "query": {
                    "x1": -0.014732574219279648,
                    "x2": -0.9182866030301335
                },
                "metrics": {
                    "outcome": 6.144816728709618
                },
                "metadata": {
                    "trials": 1
                }
            },
            {
                "query": {
                    "x1": -0.014186350230130262,
                    "x2": -0.9181756210897531
                },
                "metrics": {
                    "outcome": 6.147194918102548
                },
                "metadata": {
                    "trials": 1
                }
            }
        ],
        [
            {
                "query": {
                    "x1": -0.012059184176890003,
                    "x2": -0.9179696973013061
                },
                "metrics": {
                    "outcome": 6.1396103634566845
                },
                "metadata": {
                    "trials": 1
                }
            },
            {
                "query": {
                    "x1": -0.014586014954676374,
                    "x2": -0.9182300671593986
                },
                "metrics": {
                    "outcome": 6.147532261378818
                },
                "metadata": {
                    "trials": 1
                }
            },
            {
                "query": {
                    "x1": -0.014983765162861928,
                    "x2": -0.9182489675718877
                },
                "metrics": {
                    "outcome": 6.150666795303104
                },
                "metadata": {
                    "trials": 1
                }
            }
        ],
        [
            {
                "query": {
                    "x1": -0.01255007764231908,
                    "x2": -0.9180250897281088
                },
                "metrics": {
                    "outcome": 6.140630874501004
                },
                "metadata": {
                    "trials": 1
                }
            },
            {
                "query": {
                    "x1": -0.015900786623310514,
                    "x2": -0.9184000581192446
                },
                "metrics": {
                    "outcome": 6.149697119878407
                },
                "metadata": {
                    "trials": 1
                }
            },
            {
                "query": {
                    "x1": -0.015944204789347216,
                    "x2": -0.9184002359379932
                },
                "metrics": {
                    "outcome": 6.150199806744493
                },
                "metadata": {
                    "trials": 1
                }
            }
        ],
        [
            {
                "query": {
                    "x1": -0.011872040838518227,
                    "x2": -0.9179934027215659
                },
                "metrics": {
                    "outcome": 6.135713276713742
                },
                "metadata": {
                    "trials": 1
                }
            },
            {
                "query": {
                    "x1": -0.01549685262844891,
                    "x2": -0.9183604088832462
                },
                "metrics": {
                    "outcome": 6.147997575654281
                },
                "metadata": {
                    "trials": 1
                }
            },
            {
                "query": {
                    "x1": -0.015024001136279663,
                    "x2": -0.9182875597377849
                },
                "metrics": {
                    "outcome": 6.148127520511524
                },
                "metadata": {
                    "trials": 1
                }
            }
        ],
        [
            {
                "query": {
                    "x1": -0.012668302312306645,
                    "x2": -0.9180242312603855
                },
                "metrics": {
                    "outcome": 6.142001512165922
                },
                "metadata": {
                    "trials": 1
                }
            },
            {
                "query": {
                    "x1": -0.013457081074560895,
                    "x2": -0.9181725551114646
                },
                "metrics": {
                    "outcome": 6.13916568407859
                },
                "metadata": {
                    "trials": 1
                }
            },
            {
                "query": {
                    "x1": -0.005472197034126047,
                    "x2": -0.9172531674580018
                },
                "metrics": {
                    "outcome": 6.1301418951777755
                },
                "metadata": {
                    "trials": 1
                }
            }
        ],
        [
            {
                "query": {
                    "x1": -0.012092528777976952,
                    "x2": -0.9179891748284337
                },
                "metrics": {
                    "outcome": 6.138441897805795
                },
                "metadata": {
                    "trials": 1
                }
            },
            {
                "query": {
                    "x1": -0.02137861117642803,
                    "x2": -0.9190420355112459
                },
                "metrics": {
                    "outcome": 6.16963647981644
                },
                "metadata": {
                    "trials": 1
                }
            },
            {
                "query": {
                    "x1": -0.012157778703146604,
                    "x2": -0.9180038773864239
                },
                "metrics": {
                    "outcome": 6.137997599646852
                },
                "metadata": {
                    "trials": 1
                }
            }
        ],
        [
            {
                "query": {
                    "x1": -0.00907910082521246,
                    "x2": -0.917658683366569
                },
                "metrics": {
                    "outcome": 6.132850610759929
                },
                "metadata": {
                    "trials": 1
                }
            },
            {
                "query": {
                    "x1": -0.010427040358489181,
                    "x2": -0.9177934310266269
                },
                "metrics": {
                    "outcome": 6.1360782878656925
                },
                "metadata": {
                    "trials": 1
                }
            },
            {
                "query": {
                    "x1": -0.009209758283018399,
                    "x2": -0.9176357724001443
                },
                "metrics": {
                    "outcome": 6.1359961591669
                },
                "metadata": {
                    "trials": 1
                }
            }
        ],
        [
            {
                "query": {
                    "x1": -0.01046063219154525,
                    "x2": -0.9177962727324267
                },
                "metrics": {
                    "outcome": 6.136205725337229
                },
                "metadata": {
                    "trials": 1
                }
            },
            {
                "query": {
                    "x1": -0.010348958407567332,
                    "x2": -0.9177893783998246
                },
                "metrics": {
                    "outcome": 6.135581413581767
                },
                "metadata": {
                    "trials": 1
                }
            },
            {
                "query": {
                    "x1": -0.01010817429259081,
                    "x2": -0.9177746277455396
                },
                "metrics": {
                    "outcome": 6.134236984628644
                },
                "metadata": {
                    "trials": 1
                }
            }
        ],
        [
            {
                "query": {
                    "x1": -0.011147472656096946,
                    "x2": -0.9178751723729022
                },
                "metrics": {
                    "outcome": 6.1372362395286295
                },
                "metadata": {
                    "trials": 1
                }
            },
            {
                "query": {
                    "x1": -0.011589607089930176,
                    "x2": -0.9179145526464065
                },
                "metrics": {
                    "outcome": 6.138867720099333
                },
                "metadata": {
                    "trials": 1
                }
            },
            {
                "query": {
                    "x1": -0.009510091069183657,
                    "x2": -0.9177043279270376
                },
                "metrics": {
                    "outcome": 6.133627238406307
                },
                "metadata": {
                    "trials": 1
                }
            }
        ],
        [
            {
                "query": {
                    "x1": -0.01084752945202938,
                    "x2": -0.9178295084183798
                },
                "metrics": {
                    "outcome": 6.137654921038505
                },
                "metadata": {
                    "trials": 1
                }
            },
            {
                "query": {
                    "x1": -0.00959530950183618,
                    "x2": -0.917717297367044
                },
                "metrics": {
                    "outcome": 6.133474217959524
                },
                "metadata": {
                    "trials": 1
                }
            },
            {
                "query": {
                    "x1": -0.009793493111865947,
                    "x2": -0.9176773670361029
                },
                "metrics": {
                    "outcome": 6.1386779814901695
                },
                "metadata": {
                    "trials": 1
                }
            }
        ],
        [
            {
                "query": {
                    "x1": -0.011232862868975513,
                    "x2": -0.917884265419304
                },
                "metrics": {
                    "outcome": 6.137429977973035
                },
                "metadata": {
                    "trials": 1
                }
            },
            {
                "query": {
                    "x1": -0.010970310467485866,
                    "x2": -0.9178590114890208
                },
                "metrics": {
                    "outcome": 6.136627265256473
                },
                "metadata": {
                    "trials": 1
                }
            },
            {
                "query": {
                    "x1": -0.009891754719878465,
                    "x2": -0.9177428078219556
                },
                "metrics": {
                    "outcome": 6.1345101036915
                },
                "metadata": {
                    "trials": 1
                }
            }
        ],
        [
            {
                "query": {
                    "x1": -0.011122973081841403,
                    "x2": -0.9178582504769153
                },
                "metrics": {
                    "outcome": 6.1383099606826725
                },
                "metadata": {
                    "trials": 1
                }
            },
            {
                "query": {
                    "x1": -0.01067356788844065,
                    "x2": -0.9178215250952004
                },
                "metrics": {
                    "outcome": 6.136448684560181
                },
                "metadata": {
                    "trials": 1
                }
            },
            {
                "query": {
                    "x1": -0.010617043157384654,
                    "x2": -0.9178204074993943
                },
                "metrics": {
                    "outcome": 6.1359417550144535
                },
                "metadata": {
                    "trials": 1
                }
            }
        ],
        [
            {
                "query": {
                    "x1": -0.011940226122800546,
                    "x2": -0.9179664631493512
                },
                "metrics": {
                    "outcome": 6.138571752285843
                },
                "metadata": {
                    "trials": 1
                }
            },
            {
                "query": {
                    "x1": -0.010857329417332862,
                    "x2": -0.9178439413912081
                },
                "metrics": {
                    "outcome": 6.136619285389718
                },
                "metadata": {
                    "trials": 1
                }
            },
            {
                "query": {
                    "x1": -0.010540597329935286,
                    "x2": -0.9178180790212405
                },
                "metrics": {
                    "outcome": 6.135321931260922
                },
                "metadata": {
                    "trials": 1
                }
            }
        ],
        [
            {
                "query": {
                    "x1": -0.010247573806072774,
                    "x2": -0.9178603971039117
                },
                "metrics": {
                    "outcome": 6.128910790454594
                },
                "metadata": {
                    "trials": 1
                }
            },
            {
                "query": {
                    "x1": -0.011547595523734522,
                    "x2": -0.9179372252135238
                },
                "metrics": {
                    "outcome": 6.1366301037330615
                },
                "metadata": {
                    "trials": 1
                }
            },
            {
                "query": {
                    "x1": -0.012168487460110677,
                    "x2": -0.9179956471080408
                },
                "metrics": {
                    "outcome": 6.1387613351678425
                },
                "metadata": {
                    "trials": 1
                }
            }
        ],
        [
            {
                "query": {
                    "x1": -0.010208896258833366,
                    "x2": -0.9177348277396997
                },
                "metrics": {
                    "outcome": 6.138433996527948
                },
                "metadata": {
                    "trials": 1
                }
            },
            {
                "query": {
                    "x1": -0.011515370191060414,
                    "x2": -0.9179156492560616
                },
                "metrics": {
                    "outcome": 6.137982856154758
                },
                "metadata": {
                    "trials": 1
                }
            },
            {
                "query": {
                    "x1": -0.01173609296038447,
                    "x2": -0.9179362712339267
                },
                "metrics": {
                    "outcome": 6.13873716296602
                },
                "metadata": {
                    "trials": 1
                }
            }
        ],
        [
            {
                "query": {
                    "x1": -0.010652476160174507,
                    "x2": -0.9178433748758588
                },
                "metrics": {
                    "outcome": 6.134501123935607
                },
                "metadata": {
                    "trials": 1
                }
            },
            {
                "query": {
                    "x1": -0.012145488583718,
                    "x2": -0.9179969389803802
                },
                "metrics": {
                    "outcome": 6.138408863342535
                },
                "metadata": {
                    "trials": 1
                }
            },
            {
                "query": {
                    "x1": -0.011981108819687503,
                    "x2": -0.9179673173992227
                },
                "metrics": {
                    "outcome": 6.138948532859948
                },
                "metadata": {
                    "trials": 1
                }
            }
        ],
        [
            {
                "query": {
                    "x1": -0.01118187845541363,
                    "x2": -0.9178985395471484
                },
                "metrics": {
                    "outcome": 6.135760641376455
                },
                "metadata": {
                    "trials": 1
                }
            },
            {
                "query": {
                    "x1": -0.011918397302638217,
                    "x2": -0.9179586002157853
                },
                "metrics": {
                    "outcome": 6.1389534386504705
                },
                "metadata": {
                    "trials": 1
                }
            },
            {
                "query": {
                    "x1": -0.009264860990495727,
                    "x2": -0.9176919129136603
                },
                "metrics": {
                    "outcome": 6.132104396846943
                },
                "metadata": {
                    "trials": 1
                }
            }
        ],
        [
            {
                "query": {
                    "x1": -0.011220711450595555,
                    "x2": -0.9178847150331748
                },
                "metrics": {
                    "outcome": 6.137264817035641
                },
                "metadata": {
                    "trials": 1
                }
            },
            {
                "query": {
                    "x1": -0.010813136512111798,
                    "x2": -0.9178665306817797
                },
                "metrics": {
                    "outcome": 6.1343690851046455
                },
                "metadata": {
                    "trials": 1
                }
            },
            {
                "query": {
                    "x1": -0.011760696822293193,
                    "x2": -0.9179583611721402
                },
                "metrics": {
                    "outcome": 6.13726440836299
                },
                "metadata": {
                    "trials": 1
                }
            }
        ],
        [
            {
                "query": {
                    "x1": -0.011941537577959904,
                    "x2": -0.9179833166460831
                },
                "metrics": {
                    "outcome": 6.137260422486825
                },
                "metadata": {
                    "trials": 1
                }
            },
            {
                "query": {
                    "x1": -0.011958626216559631,
                    "x2": -0.9179734482599597
                },
                "metrics": {
                    "outcome": 6.13822209852526
                },
                "metadata": {
                    "trials": 1
                }
            },
            {
                "query": {
                    "x1": -0.012051007036367967,
                    "x2": -0.9180081653538741
                },
                "metrics": {
                    "outcome": 6.136496897914684
                },
                "metadata": {
                    "trials": 1
                }
            }
        ],
        [
            {
                "query": {
                    "x1": -0.011257361228278917,
                    "x2": -0.9178984586634595
                },
                "metrics": {
                    "outcome": 6.136572760441969
                },
                "metadata": {
                    "trials": 1
                }
            },
            {
                "query": {
                    "x1": -0.012200431767107833,
                    "x2": -0.9179865177637063
                },
                "metrics": {
                    "outcome": 6.139827672054962
                },
                "metadata": {
                    "trials": 1
                }
            },
            {
                "query": {
                    "x1": -0.01291730416763337,
                    "x2": -0.9180837842910565
                },
                "metrics": {
                    "outcome": 6.140085777225744
                },
                "metadata": {
                    "trials": 1
                }
            }
        ],
        [
            {
                "query": {
                    "x1": -0.009110785873797989,
                    "x2": -0.9176877069990064
                },
                "metrics": {
                    "outcome": 6.130870117610924
                },
                "metadata": {
                    "trials": 1
                }
            },
            {
                "query": {
                    "x1": -0.010272606624994296,
                    "x2": -0.9178091762146028
                },
                "metrics": {
                    "outcome": 6.13321878194622
                },
                "metadata": {
                    "trials": 1
                }
            },
            {
                "query": {
                    "x1": -0.01281808472573065,
                    "x2": -0.918071568884721
                },
                "metrics": {
                    "outcome": 6.139943158618348
                },
                "metadata": {
                    "trials": 1
                }
            }
        ],
        [
            {
                "query": {
                    "x1": -0.008443401502366887,
                    "x2": -0.9176013619077745
                },
                "metrics": {
                    "outcome": 6.131000145617234
                },
                "metadata": {
                    "trials": 1
                }
            },
            {
                "query": {
                    "x1": -0.010887678868630069,
                    "x2": -0.9178780953549135
                },
                "metrics": {
                    "outcome": 6.134245629340698
                },
                "metadata": {
                    "trials": 1
                }
            },
            {
                "query": {
                    "x1": -0.011956398952265745,
                    "x2": -0.9179709584570814
                },
                "metrics": {
                    "outcome": 6.138393743716998
                },
                "metadata": {
                    "trials": 1
                }
            }
        ],
        [
            {
                "query": {
                    "x1": -0.01024020788074731,
                    "x2": -0.9177853801552922
                },
                "metrics": {
                    "outcome": 6.134761758253965
                },
                "metadata": {
                    "trials": 1
                }
            },
            {
                "query": {
                    "x1": -0.01206739148098901,
                    "x2": -0.9179814599756646
                },
                "metrics": {
                    "outcome": 6.13877471196757
                },
                "metadata": {
                    "trials": 1
                }
            },
            {
                "query": {
                    "x1": -0.012420819654388904,
                    "x2": -0.91802102568535
                },
                "metrics": {
                    "outcome": 6.13952909159341
                },
                "metadata": {
                    "trials": 1
                }
            }
        ],
        [
            {
                "query": {
                    "x1": -0.011210094649207747,
                    "x2": -0.9179046283224073
                },
                "metrics": {
                    "outcome": 6.135581750748316
                },
                "metadata": {
                    "trials": 1
                }
            },
            {
                "query": {
                    "x1": -0.014081862237365073,
                    "x2": -0.9182074291329008
                },
                "metrics": {
                    "outcome": 6.143516436801054
                },
                "metadata": {
                    "trials": 1
                }
            },
            {
                "query": {
                    "x1": -0.00601776103568219,
                    "x2": -0.9172745595427663
                },
                "metrics": {
                    "outcome": 6.133533202855171
                },
                "metadata": {
                    "trials": 1
                }
            }
        ],
        [
            {
                "query": {
                    "x1": -0.01183595660947856,
                    "x2": -0.9179617582669708
                },
                "metrics": {
                    "outcome": 6.137811406719949
                },
                "metadata": {
                    "trials": 1
                }
            },
            {
                "query": {
                    "x1": -0.008616241127236801,
                    "x2": -0.9176343349969669
                },
                "metrics": {
                    "outcome": 6.130111902267573
                },
                "metadata": {
                    "trials": 1
                }
            },
            {
                "query": {
                    "x1": -0.010297039961361998,
                    "x2": -0.917792411085431
                },
                "metrics": {
                    "outcome": 6.134799094373876
                },
                "metadata": {
                    "trials": 1
                }
            }
        ],
        [
            {
                "query": {
                    "x1": -0.011156415270062725,
                    "x2": -0.9178848465219567
                },
                "metrics": {
                    "outcome": 6.136568689387474
                },
                "metadata": {
                    "trials": 1
                }
            },
            {
                "query": {
                    "x1": -0.01151389328197494,
                    "x2": -0.9179149710435053
                },
                "metrics": {
                    "outcome": 6.1380204079729745
                },
                "metadata": {
                    "trials": 1
                }
            },
            {
                "query": {
                    "x1": -0.011180036588490427,
                    "x2": -0.9178908024362262
                },
                "metrics": {
                    "outcome": 6.136350938323742
                },
                "metadata": {
                    "trials": 1
                }
            }
        ],
        [
            {
                "query": {
                    "x1": -0.011237763440343551,
                    "x2": -0.9178905728834392
                },
                "metrics": {
                    "outcome": 6.136985046123276
                },
                "metadata": {
                    "trials": 1
                }
            },
            {
                "query": {
                    "x1": -0.008308862798561023,
                    "x2": -0.9176228468758592
                },
                "metrics": {
                    "outcome": 6.127950010904682
                },
                "metadata": {
                    "trials": 1
                }
            },
            {
                "query": {
                    "x1": -0.011416418062984768,
                    "x2": -0.9179097015492195
                },
                "metrics": {
                    "outcome": 6.137389174853118
                },
                "metadata": {
                    "trials": 1
                }
            }
        ],
        [
            {
                "query": {
                    "x1": -0.011084909354254435,
                    "x2": -0.9178719706246328
                },
                "metrics": {
                    "outcome": 6.136822624000431
                },
                "metadata": {
                    "trials": 1
                }
            },
            {
                "query": {
                    "x1": -0.011036844141893543,
                    "x2": -0.9178644347840061
                },
                "metrics": {
                    "outcome": 6.136905938900825
                },
                "metadata": {
                    "trials": 1
                }
            },
            {
                "query": {
                    "x1": -0.009945419302044733,
                    "x2": -0.9177567240240461
                },
                "metrics": {
                    "outcome": 6.133964241135546
                },
                "metadata": {
                    "trials": 1
                }
            }
        ],
        [
            {
                "query": {
                    "x1": -0.011346098796609416,
                    "x2": -0.9179240477824429
                },
                "metrics": {
                    "outcome": 6.1355054364921955
                },
                "metadata": {
                    "trials": 1
                }
            },
            {
                "query": {
                    "x1": -0.009372076972820276,
                    "x2": -0.917663479793537
                },
                "metrics": {
                    "outcome": 6.135453009976357
                },
                "metadata": {
                    "trials": 1
                }
            },
            {
                "query": {
                    "x1": -0.00765528731425591,
                    "x2": -0.917516492056919
                },
                "metrics": {
                    "outcome": 6.129949312732939
                },
                "metadata": {
                    "trials": 1
                }
            }
        ],
        [
            {
                "query": {
                    "x1": -0.0056727281683979225,
                    "x2": -0.9173675873869431
                },
                "metrics": {
                    "outcome": 6.122847356623534
                },
                "metadata": {
                    "trials": 1
                }
            },
            {
                "query": {
                    "x1": -0.009032396426573053,
                    "x2": -0.917659891455441
                },
                "metrics": {
                    "outcome": 6.132281093873528
                },
                "metadata": {
                    "trials": 1
                }
            },
            {
                "query": {
                    "x1": -0.010329044113501773,
                    "x2": -0.9177982389217572
                },
                "metrics": {
                    "outcome": 6.134672828878245
                },
                "metadata": {
                    "trials": 1
                }
            }
        ]
    ],
    "best_results": [
        {
            "query": {
                "x1": 0.020829126357766015,
                "x2": -0.917510410331263
            },
            "metrics": [
                {
                    "name": "outcome",
                    "value": 5.935261363696778
                }
            ]
        }
    ]
}