{
    "date": "05/11/2022 12:08:10",
    "basic_params": {
        "active_variables": [
            "x1",
            "x2"
        ],
        "default_query": {},
        "metric": "basic",
        "n_trials": 1
    },
    "objective_function": {
        "name": "McCormick",
        "params": {}
    },
    "optimizer": {
        "name": "BBO-LP(LCBa)",
        "params": {
            "lower_bound": [
                -1.5,
                -3.0
            ],
            "upper_bound": [
                4.0,
                4.0
            ],
            "invert_metric": false,
            "bopt_params": {
                "n_init_samples": 12,
                "n_iterations": 23,
                "n_iter_relearn": 5,
                "verbose_level": 0,
                "n_parallel_samples": 6,
                "par_type": "PAR_BBO",
                "crit_name": "cLP(cLCBa)",
                "n_crit_params": 3,
                "crit_params": [
                    6,
                    1,
                    5.0
                ]
            }
        }
    },
    "iterations": [
        [
            {
                "query": {
                    "x1": 1.596973171380038,
                    "x2": -1.6842670672146292
                },
                "metrics": {
                    "outcome": 5.073227006708166
                },
                "metadata": {
                    "trials": 1
                }
            }
        ],
        [
            {
                "query": {
                    "x1": 0.5957819759302465,
                    "x2": -0.39170930189235786
                },
                "metrics": {
                    "outcome": 0.30485196898782396
                },
                "metadata": {
                    "trials": 1
                }
            }
        ],
        [
            {
                "query": {
                    "x1": 3.101776721625356,
                    "x2": 1.2983642721083015
                },
                "metrics": {
                    "outcome": 1.8938966644661956
                },
                "metadata": {
                    "trials": 1
                }
            }
        ],
        [
            {
                "query": {
                    "x1": 0.18114636093378067,
                    "x2": 0.14232444571098313
                },
                "metrics": {
                    "outcome": 1.4034579858653027
                },
                "metadata": {
                    "trials": 1
                }
            }
        ],
        [
            {
                "query": {
                    "x1": -1.2688537800083093,
                    "x2": 2.413594010363644
                },
                "metrics": {
                    "outcome": 23.4082901992035
                },
                "metadata": {
                    "trials": 1
                }
            }
        ],
        [
            {
                "query": {
                    "x1": 2.2047595868546828,
                    "x2": 3.934337965697827
                },
                "metrics": {
                    "outcome": 10.376557204995299
                },
                "metadata": {
                    "trials": 1
                }
            }
        ],
        [
            {
                "query": {
                    "x1": 1.089618854020955,
                    "x2": -2.397261381847784
                },
                "metrics": {
                    "outcome": 4.565177650611647
                },
                "metadata": {
                    "trials": 1
                }
            }
        ],
        [
            {
                "query": {
                    "x1": -0.4985854161980874,
                    "x2": 2.9989595031753797
                },
                "metrics": {
                    "outcome": 22.076269750112747
                },
                "metadata": {
                    "trials": 1
                }
            }
        ],
        [
            {
                "query": {
                    "x1": 2.156381484838979,
                    "x2": -2.421396107083031
                },
                "metrics": {
                    "outcome": 12.40606180619762
                },
                "metadata": {
                    "trials": 1
                }
            }
        ],
        [
            {
                "query": {
                    "x1": 3.8751797540559583,
                    "x2": 2.0399934676437024
                },
                "metrics": {
                    "outcome": 3.295361412259497
                },
                "metadata": {
                    "trials": 1
                }
            }
        ],
        [
            {
                "query": {
                    "x1": 2.626739650120726,
                    "x2": -0.6886496097431518
                },
                "metrics": {
                    "outcome": 7.263375010050844
                },
                "metadata": {
                    "trials": 1
                }
            }
        ],
        [
            {
                "query": {
                    "x1": -0.6217412191714781,
                    "x2": 0.9732554348108047
                },
                "metrics": {
                    "outcome": 7.254084568657372
                },
                "metadata": {
                    "trials": 1
                }
            }
        ],
        [
            {
                "query": {
                    "x1": -1.5,
                    "x2": -3.0
                },
                "metrics": {
                    "outcome": -1.022469882334903
                },
                "metadata": {
                    "trials": 1
                }
            },
            {
                "query": {
                    "x1": -1.2763030001515276,
                    "x2": -3.0
                },
                "metrics": {
                    "outcome": -0.7080022882226569
                },
                "metadata": {
                    "trials": 1
                }
            },
            {
                "query": {
                    "x1": -1.5,
                    "x2": -2.7194314799477595
                },
                "metrics": {
                    "outcome": -1.180628440008121
                },
                "metadata": {
                    "trials": 1
                }
            },
            {
                "query": {
                    "x1": -1.271267344041564,
                    "x2": -2.714525110347681
                },
                "metrics": {
                    "outcome": -1.0489790242838346
                },
                "metadata": {
                    "trials": 1
                }
            },
            {
                "query": {
                    "x1": -1.0628114913410582,
                    "x2": -3.0
                },
                "metrics": {
                    "outcome": -0.35674401953629165
                },
                "metadata": {
                    "trials": 1
                }
            },
            {
                "query": {
                    "x1": -1.4046003901251984,
                    "x2": -2.469809990407231
                },
                "metrics": {
                    "outcome": -1.2639862154139436
                },
                "metadata": {
                    "trials": 1
                }
            }
        ],
        [
            {
                "query": {
                    "x1": -0.7396065319437659,
                    "x2": -1.527572893919304
                },
                "metrics": {
                    "outcome": -1.855798700218366
                },
                "metadata": {
                    "trials": 1
                }
            },
            {
                "query": {
                    "x1": -0.5374452644684193,
                    "x2": -1.6151546744878038
                },
                "metrics": {
                    "outcome": -1.905734084373365
                },
                "metadata": {
                    "trials": 1
                }
            },
            {
                "query": {
                    "x1": -0.9319195035289529,
                    "x2": -1.412263322042233
                },
                "metrics": {
                    "outcome": -1.6175979621813918
                },
                "metadata": {
                    "trials": 1
                }
            },
            {
                "query": {
                    "x1": -0.6122345474834621,
                    "x2": -1.3172950468338251
                },
                "metrics": {
                    "outcome": -1.8141177980109484
                },
                "metadata": {
                    "trials": 1
                }
            },
            {
                "query": {
                    "x1": -0.7343260238977425,
                    "x2": -1.7903983119253613
                },
                "metrics": {
                    "outcome": -1.8377015731980584
                },
                "metadata": {
                    "trials": 1
                }
            },
            {
                "query": {
                    "x1": -0.9181788943079634,
                    "x2": -1.6725366441951022
                },
                "metrics": {
                    "outcome": -1.758452444106208
                },
                "metadata": {
                    "trials": 1
                }
            }
        ],
        [
            {
                "query": {
                    "x1": 0.024805729607001448,
                    "x2": -1.355121362667658
                },
                "metrics": {
                    "outcome": -1.4920368215575301
                },
                "metadata": {
                    "trials": 1
                }
            },
            {
                "query": {
                    "x1": 0.036048429651450276,
                    "x2": -1.592812117897476
                },
                "metrics": {
                    "outcome": -1.3828178000027909
                },
                "metadata": {
                    "trials": 1
                }
            },
            {
                "query": {
                    "x1": -0.021552279322969436,
                    "x2": -1.134135201184756
                },
                "metrics": {
                    "outcome": -1.4802412553057702
                },
                "metadata": {
                    "trials": 1
                }
            },
            {
                "query": {
                    "x1": 0.0044402112146941786,
                    "x2": -1.8378609487654782
                },
                "metrics": {
                    "outcome": -1.1729510905959812
                },
                "metadata": {
                    "trials": 1
                }
            },
            {
                "query": {
                    "x1": 0.14643849731555258,
                    "x2": -1.2030391883079519
                },
                "metrics": {
                    "outcome": -1.2768543108609225
                },
                "metadata": {
                    "trials": 1
                }
            },
            {
                "query": {
                    "x1": -0.138680489557097,
                    "x2": -1.297484697571613
                },
                "metrics": {
                    "outcome": -1.6838147259017067
                },
                "metadata": {
                    "trials": 1
                }
            }
        ],
        [
            {
                "query": {
                    "x1": -1.5,
                    "x2": -1.266485182783142
                },
                "metrics": {
                    "outcome": -0.22805631647339064
                },
                "metadata": {
                    "trials": 1
                }
            },
            {
                "query": {
                    "x1": -1.5,
                    "x2": -1.0085958472683925
                },
                "metrics": {
                    "outcome": 0.3784248123961833
                },
                "metadata": {
                    "trials": 1
                }
            },
            {
                "query": {
                    "x1": -1.5,
                    "x2": -1.5168909218200863
                },
                "metrics": {
                    "outcome": -0.6663207881118165
                },
                "metadata": {
                    "trials": 1
                }
            },
            {
                "query": {
                    "x1": 4.0,
                    "x2": -3.0
                },
                "metrics": {
                    "outcome": 37.3414709848079
                },
                "metadata": {
                    "trials": 1
                }
            },
            {
                "query": {
                    "x1": -1.5,
                    "x2": -0.7317661749720692
                },
                "metrics": {
                    "outcome": 1.2213705426930535
                },
                "metadata": {
                    "trials": 1
                }
            },
            {
                "query": {
                    "x1": -1.5,
                    "x2": -1.7219742693756859
                },
                "metrics": {
                    "outcome": -0.9253680137668887
                },
                "metadata": {
                    "trials": 1
                }
            }
        ],
        [
            {
                "query": {
                    "x1": -0.2386382082719889,
                    "x2": -3.0
                },
                "metrics": {
                    "outcome": 1.57996955703946
                },
                "metadata": {
                    "trials": 1
                }
            },
            {
                "query": {
                    "x1": 1.4255078613356873,
                    "x2": 0.7141530051959504
                },
                "metrics": {
                    "outcome": 1.9956596153998745
                },
                "metadata": {
                    "trials": 1
                }
            },
            {
                "query": {
                    "x1": -0.33767303424036754,
                    "x2": -2.8294303803366097
                },
                "metrics": {
                    "outcome": 0.6672962663581945
                },
                "metadata": {
                    "trials": 1
                }
            },
            {
                "query": {
                    "x1": -0.07776554550073955,
                    "x2": -3.0
                },
                "metrics": {
                    "outcome": 2.0923187459375647
                },
                "metadata": {
                    "trials": 1
                }
            },
            {
                "query": {
                    "x1": 1.4982094483261088,
                    "x2": 1.0044598473545605
                },
                "metrics": {
                    "outcome": 2.1039556397102173
                },
                "metadata": {
                    "trials": 1
                }
            },
            {
                "query": {
                    "x1": 1.3820659726803308,
                    "x2": 0.413836216758817
                },
                "metrics": {
                    "outcome": 1.8737309261057136
                },
                "metadata": {
                    "trials": 1
                }
            }
        ],
        [
            {
                "query": {
                    "x1": -0.8136262211226101,
                    "x2": -2.1617216542642725
                },
                "metrics": {
                    "outcome": -1.531983582608194
                },
                "metadata": {
                    "trials": 1
                }
            },
            {
                "query": {
                    "x1": -0.750418564045178,
                    "x2": -2.1632313310148543
                },
                "metrics": {
                    "outcome": -1.5123845425910631
                },
                "metadata": {
                    "trials": 1
                }
            },
            {
                "query": {
                    "x1": -0.8760800321653951,
                    "x2": -2.1505389524333354
                },
                "metrics": {
                    "outcome": -1.5527023246516665
                },
                "metadata": {
                    "trials": 1
                }
            },
            {
                "query": {
                    "x1": -0.9330973708555484,
                    "x2": -2.1302144500194564
                },
                "metrics": {
                    "outcome": -1.5710016753740268
                },
                "metadata": {
                    "trials": 1
                }
            },
            {
                "query": {
                    "x1": -0.6892932691551972,
                    "x2": -2.153105179727651
                },
                "metrics": {
                    "outcome": -1.5008280412094543
                },
                "metadata": {
                    "trials": 1
                }
            },
            {
                "query": {
                    "x1": -0.8377922838706187,
                    "x2": -2.093609959566197
                },
                "metrics": {
                    "outcome": -1.6089045616022197
                },
                "metadata": {
                    "trials": 1
                }
            }
        ],
        [
            {
                "query": {
                    "x1": -0.43515102567127384,
                    "x2": -1.4601817703921662
                },
                "metrics": {
                    "outcome": -1.8948384938885559
                },
                "metadata": {
                    "trials": 1
                }
            },
            {
                "query": {
                    "x1": -0.4110685543917285,
                    "x2": -1.4650360630629615
                },
                "metrics": {
                    "outcome": -1.888894146394942
                },
                "metadata": {
                    "trials": 1
                }
            },
            {
                "query": {
                    "x1": -0.4594488236218639,
                    "x2": -1.4586209613313241
                },
                "metrics": {
                    "outcome": -1.8993383523685856
                },
                "metadata": {
                    "trials": 1
                }
            },
            {
                "query": {
                    "x1": -0.4478759659750793,
                    "x2": -1.4844257823976472
                },
                "metrics": {
                    "outcome": -1.9001804272434621
                },
                "metadata": {
                    "trials": 1
                }
            },
            {
                "query": {
                    "x1": -0.4215750776765952,
                    "x2": -1.436531175190905
                },
                "metrics": {
                    "outcome": -1.8878390816283406
                },
                "metadata": {
                    "trials": 1
                }
            },
            {
                "query": {
                    "x1": -0.4472051901972647,
                    "x2": -1.4344775279097757
                },
                "metrics": {
                    "outcome": -1.8927421601430536
                },
                "metadata": {
                    "trials": 1
                }
            }
        ],
        [
            {
                "query": {
                    "x1": -0.45047494080775796,
                    "x2": -0.8697965150979963
                },
                "metrics": {
                    "outcome": -1.2917307269860734
                },
                "metadata": {
                    "trials": 1
                }
            },
            {
                "query": {
                    "x1": -0.3918004187435884,
                    "x2": -0.7885383688955612
                },
                "metrics": {
                    "outcome": -1.150979304998442
                },
                "metadata": {
                    "trials": 1
                }
            },
            {
                "query": {
                    "x1": -0.48361657479937725,
                    "x2": -0.971059770235716
                },
                "metrics": {
                    "outcome": -1.4578893417192695
                },
                "metadata": {
                    "trials": 1
                }
            },
            {
                "query": {
                    "x1": -0.4116956126017124,
                    "x2": -0.9672589846960928
                },
                "metrics": {
                    "outcome": -1.4736081252782505
                },
                "metadata": {
                    "trials": 1
                }
            },
            {
                "query": {
                    "x1": -0.43409562853577066,
                    "x2": -1.7554502420670361
                },
                "metrics": {
                    "outcome": -1.8061085268444255
                },
                "metadata": {
                    "trials": 1
                }
            },
            {
                "query": {
                    "x1": -0.5319693399817227,
                    "x2": -0.9019717608485491
                },
                "metrics": {
                    "outcome": -1.3107235313366798
                },
                "metadata": {
                    "trials": 1
                }
            }
        ],
        [
            {
                "query": {
                    "x1": -0.5784116968944125,
                    "x2": -1.5272420030866236
                },
                "metrics": {
                    "outcome": -1.9105498499537057
                },
                "metadata": {
                    "trials": 1
                }
            },
            {
                "query": {
                    "x1": -0.5888872979267268,
                    "x2": -1.5342384539892242
                },
                "metrics": {
                    "outcome": -1.9098810292210215
                },
                "metadata": {
                    "trials": 1
                }
            },
            {
                "query": {
                    "x1": -0.5669664996232984,
                    "x2": -1.5235557556252668
                },
                "metrics": {
                    "outcome": -1.9113319627202743
                },
                "metadata": {
                    "trials": 1
                }
            },
            {
                "query": {
                    "x1": -0.587421475196222,
                    "x2": -1.5178816796771997
                },
                "metrics": {
                    "outcome": -1.9083357582088687
                },
                "metadata": {
                    "trials": 1
                }
            },
            {
                "query": {
                    "x1": -0.570852045850368,
                    "x2": -1.538365500591787
                },
                "metrics": {
                    "outcome": -1.9120727174875691
                },
                "metadata": {
                    "trials": 1
                }
            },
            {
                "query": {
                    "x1": -0.5808518853906557,
                    "x2": -1.5447593919685398
                },
                "metrics": {
                    "outcome": -1.9115009068761015
                },
                "metadata": {
                    "trials": 1
                }
            }
        ],
        [
            {
                "query": {
                    "x1": -0.6469971067645637,
                    "x2": -1.6473833920541832
                },
                "metrics": {
                    "outcome": -1.8966276573480458
                },
                "metadata": {
                    "trials": 1
                }
            },
            {
                "query": {
                    "x1": -0.661175080835029,
                    "x2": -1.6484406861414116
                },
                "metrics": {
                    "outcome": -1.8939097998295367
                },
                "metadata": {
                    "trials": 1
                }
            },
            {
                "query": {
                    "x1": -0.6328045606911292,
                    "x2": -1.6467318951842072
                },
                "metrics": {
                    "outcome": -1.8987567576130964
                },
                "metadata": {
                    "trials": 1
                }
            },
            {
                "query": {
                    "x1": -0.6404966747085443,
                    "x2": -1.6315919152389151
                },
                "metrics": {
                    "outcome": -1.8999740503475206
                },
                "metadata": {
                    "trials": 1
                }
            },
            {
                "query": {
                    "x1": -0.6395757277649212,
                    "x2": -1.6624570508447047
                },
                "metrics": {
                    "outcome": -1.894842115127393
                },
                "metadata": {
                    "trials": 1
                }
            },
            {
                "query": {
                    "x1": -0.65419153327129,
                    "x2": -1.6319036440370622
                },
                "metrics": {
                    "outcome": -1.8974481145412145
                },
                "metadata": {
                    "trials": 1
                }
            }
        ],
        [
            {
                "query": {
                    "x1": -0.5126934155158488,
                    "x2": -1.5472301337740413
                },
                "metrics": {
                    "outcome": -1.9115122639289952
                },
                "metadata": {
                    "trials": 1
                }
            },
            {
                "query": {
                    "x1": -0.5051232001365242,
                    "x2": -1.548268329782652
                },
                "metrics": {
                    "outcome": -1.910627789123954
                },
                "metadata": {
                    "trials": 1
                }
            },
            {
                "query": {
                    "x1": -0.5202748395470552,
                    "x2": -1.54763271587999
                },
                "metrics": {
                    "outcome": -1.9121691733384485
                },
                "metadata": {
                    "trials": 1
                }
            },
            {
                "query": {
                    "x1": -0.5090249468236253,
                    "x2": -1.5390679436397054
                },
                "metrics": {
                    "outcome": -1.9113839341035406
                },
                "metadata": {
                    "trials": 1
                }
            },
            {
                "query": {
                    "x1": -0.5162286427090844,
                    "x2": -1.5554938143023733
                },
                "metrics": {
                    "outcome": -1.9114576499226392
                },
                "metadata": {
                    "trials": 1
                }
            },
            {
                "query": {
                    "x1": -0.5247199359351837,
                    "x2": -1.5545191149046684
                },
                "metrics": {
                    "outcome": -1.9122352101297158
                },
                "metadata": {
                    "trials": 1
                }
            }
        ],
        [
            {
                "query": {
                    "x1": -0.5704272800703469,
                    "x2": -1.5748141073291424
                },
                "metrics": {
                    "outcome": -1.9120954179835778
                },
                "metadata": {
                    "trials": 1
                }
            },
            {
                "query": {
                    "x1": -0.5760605948382377,
                    "x2": -1.5769627691583472
                },
                "metrics": {
                    "outcome": -1.9117509750103565
                },
                "metadata": {
                    "trials": 1
                }
            },
            {
                "query": {
                    "x1": -0.5648820289830497,
                    "x2": -1.5722837587554777
                },
                "metrics": {
                    "outcome": -1.912382685889113
                },
                "metadata": {
                    "trials": 1
                }
            },
            {
                "query": {
                    "x1": -0.5659934788404144,
                    "x2": -1.5793221971812932
                },
                "metrics": {
                    "outcome": -1.9119337833641934
                },
                "metadata": {
                    "trials": 1
                }
            },
            {
                "query": {
                    "x1": -0.5692530274210363,
                    "x2": -1.5677438385051605
                },
                "metrics": {
                    "outcome": -1.9124413596007823
                },
                "metadata": {
                    "trials": 1
                }
            },
            {
                "query": {
                    "x1": -0.5716714839400351,
                    "x2": -1.5819594417965326
                },
                "metrics": {
                    "outcome": -1.911615484249639
                },
                "metadata": {
                    "trials": 1
                }
            }
        ],
        [
            {
                "query": {
                    "x1": -0.5304697662469499,
                    "x2": -1.5027769600684306
                },
                "metrics": {
                    "outcome": -1.9108184298760422
                },
                "metadata": {
                    "trials": 1
                }
            },
            {
                "query": {
                    "x1": -0.5331350777230845,
                    "x2": -1.4955278763031232
                },
                "metrics": {
                    "outcome": -1.9099147399318244
                },
                "metadata": {
                    "trials": 1
                }
            },
            {
                "query": {
                    "x1": -0.5318035700169433,
                    "x2": -1.5105555717564656
                },
                "metrics": {
                    "outcome": -1.9115875156909077
                },
                "metadata": {
                    "trials": 1
                }
            },
            {
                "query": {
                    "x1": -0.5257333826128374,
                    "x2": -1.5078540343420774
                },
                "metrics": {
                    "outcome": -1.9112839471195118
                },
                "metadata": {
                    "trials": 1
                }
            },
            {
                "query": {
                    "x1": -0.5259327949286605,
                    "x2": -1.4974279400544113
                },
                "metrics": {
                    "outcome": -1.9101965543844046
                },
                "metadata": {
                    "trials": 1
                }
            },
            {
                "query": {
                    "x1": -0.5364564820134662,
                    "x2": -1.5047735802536484
                },
                "metrics": {
                    "outcome": -1.9109829963604814
                },
                "metadata": {
                    "trials": 1
                }
            }
        ],
        [
            {
                "query": {
                    "x1": -0.5461928507691421,
                    "x2": -1.5452242611060722
                },
                "metrics": {
                    "outcome": -1.9132181744753347
                },
                "metadata": {
                    "trials": 1
                }
            },
            {
                "query": {
                    "x1": -0.5495634583206445,
                    "x2": -1.5479997297961945
                },
                "metrics": {
                    "outcome": -1.913216166339887
                },
                "metadata": {
                    "trials": 1
                }
            },
            {
                "query": {
                    "x1": -0.5428211488754521,
                    "x2": -1.542440254663246
                },
                "metrics": {
                    "outcome": -1.913186622805652
                },
                "metadata": {
                    "trials": 1
                }
            },
            {
                "query": {
                    "x1": -0.5458198498734507,
                    "x2": -1.5502303097182404
                },
                "metrics": {
                    "outcome": -1.9132023170884622
                },
                "metadata": {
                    "trials": 1
                }
            },
            {
                "query": {
                    "x1": -0.5496321411323013,
                    "x2": -1.5427928427334778
                },
                "metrics": {
                    "outcome": -1.9131744976605454
                },
                "metadata": {
                    "trials": 1
                }
            },
            {
                "query": {
                    "x1": -0.5462631450159506,
                    "x2": -1.5400099350598602
                },
                "metrics": {
                    "outcome": -1.9131552431988483
                },
                "metadata": {
                    "trials": 1
                }
            }
        ],
        [
            {
                "query": {
                    "x1": -0.54679253618762,
                    "x2": -1.5472637393228166
                },
                "metrics": {
                    "outcome": -1.913222683233959
                },
                "metadata": {
                    "trials": 1
                }
            },
            {
                "query": {
                    "x1": 4.0,
                    "x2": 0.6802578345036729
                },
                "metrics": {
                    "outcome": 6.721848792491453
                },
                "metadata": {
                    "trials": 1
                }
            },
            {
                "query": {
                    "x1": -0.5489064494593761,
                    "x2": -1.5509930085255599
                },
                "metrics": {
                    "outcome": -1.9132054957942124
                },
                "metadata": {
                    "trials": 1
                }
            },
            {
                "query": {
                    "x1": -0.5433384562252782,
                    "x2": -1.5436873907540858
                },
                "metrics": {
                    "outcome": -1.913199284827253
                },
                "metadata": {
                    "trials": 1
                }
            },
            {
                "query": {
                    "x1": -0.5452761837539262,
                    "x2": -1.5513420987396462
                },
                "metrics": {
                    "outcome": -1.9131840203948163
                },
                "metadata": {
                    "trials": 1
                }
            },
            {
                "query": {
                    "x1": -0.5472412413532648,
                    "x2": -1.542921238566351
                },
                "metrics": {
                    "outcome": -1.9131965287867327
                },
                "metadata": {
                    "trials": 1
                }
            }
        ],
        [
            {
                "query": {
                    "x1": -0.5489940527871333,
                    "x2": -1.5537230236830661
                },
                "metrics": {
                    "outcome": -1.9131706516125524
                },
                "metadata": {
                    "trials": 1
                }
            },
            {
                "query": {
                    "x1": -0.5442985495376063,
                    "x2": -1.5419614398111325
                },
                "metrics": {
                    "outcome": -1.9131887913837304
                },
                "metadata": {
                    "trials": 1
                }
            },
            {
                "query": {
                    "x1": -0.5478164510669886,
                    "x2": -1.549196324744232
                },
                "metrics": {
                    "outcome": -1.9132180853303513
                },
                "metadata": {
                    "trials": 1
                }
            },
            {
                "query": {
                    "x1": -0.546757780201575,
                    "x2": -1.5450484367771786
                },
                "metrics": {
                    "outcome": -1.9132171294887304
                },
                "metadata": {
                    "trials": 1
                }
            },
            {
                "query": {
                    "x1": -0.5417414768612662,
                    "x2": -1.538845388252191
                },
                "metrics": {
                    "outcome": -1.9131317881539918
                },
                "metadata": {
                    "trials": 1
                }
            },
            {
                "query": {
                    "x1": -0.549206477847984,
                    "x2": -1.558166093291149
                },
                "metrics": {
                    "outcome": -1.9130699377249818
                },
                "metadata": {
                    "trials": 1
                }
            }
        ],
        [
            {
                "query": {
                    "x1": -0.5385269588826527,
                    "x2": -1.534980852548565
                },
                "metrics": {
                    "outcome": -1.9130207132897024
                },
                "metadata": {
                    "trials": 1
                }
            },
            {
                "query": {
                    "x1": -0.5481862312787107,
                    "x2": -1.562487327105257
                },
                "metrics": {
                    "outcome": -1.912904052408778
                },
                "metadata": {
                    "trials": 1
                }
            },
            {
                "query": {
                    "x1": -0.5416415110441506,
                    "x2": -1.536992153438817
                },
                "metrics": {
                    "outcome": -1.9130934441119978
                },
                "metadata": {
                    "trials": 1
                }
            },
            {
                "query": {
                    "x1": -0.5513669603861544,
                    "x2": -1.5603299509848325
                },
                "metrics": {
                    "outcome": -1.913013431143944
                },
                "metadata": {
                    "trials": 1
                }
            },
            {
                "query": {
                    "x1": -0.5353071300890296,
                    "x2": -1.533329673456378
                },
                "metrics": {
                    "outcome": -1.9129303368004527
                },
                "metadata": {
                    "trials": 1
                }
            },
            {
                "query": {
                    "x1": -0.5448301745006067,
                    "x2": -1.5639835537083435
                },
                "metrics": {
                    "outcome": -1.912766332459499
                },
                "metadata": {
                    "trials": 1
                }
            }
        ],
        [
            {
                "query": {
                    "x1": -0.5402282296684824,
                    "x2": -1.5360687493033671
                },
                "metrics": {
                    "outcome": -1.9130633337147356
                },
                "metadata": {
                    "trials": 1
                }
            },
            {
                "query": {
                    "x1": -0.5432196275754873,
                    "x2": -1.5380926342791834
                },
                "metrics": {
                    "outcome": -1.9131223686094643
                },
                "metadata": {
                    "trials": 1
                }
            },
            {
                "query": {
                    "x1": -0.5458634384695678,
                    "x2": -1.540562467861898
                },
                "metrics": {
                    "outcome": -1.913167312853771
                },
                "metadata": {
                    "trials": 1
                }
            },
            {
                "query": {
                    "x1": -0.5550140334730721,
                    "x2": -1.554224269461386
                },
                "metrics": {
                    "outcome": -1.913127203905025
                },
                "metadata": {
                    "trials": 1
                }
            },
            {
                "query": {
                    "x1": -0.5371381740900109,
                    "x2": -1.5344140882323338
                },
                "metrics": {
                    "outcome": -1.9129886069026751
                },
                "metadata": {
                    "trials": 1
                }
            },
            {
                "query": {
                    "x1": -0.5526866738408338,
                    "x2": -1.5511606839999723
                },
                "metrics": {
                    "outcome": -1.9131820094223961
                },
                "metadata": {
                    "trials": 1
                }
            }
        ],
        [
            {
                "query": {
                    "x1": -0.547156270882159,
                    "x2": -1.5635786022177478
                },
                "metrics": {
                    "outcome": -1.9128380188840834
                },
                "metadata": {
                    "trials": 1
                }
            },
            {
                "query": {
                    "x1": -0.5505631021233881,
                    "x2": -1.5621622724759914
                },
                "metrics": {
                    "outcome": -1.9129434397566705
                },
                "metadata": {
                    "trials": 1
                }
            },
            {
                "query": {
                    "x1": -0.5434690132625228,
                    "x2": -1.5649344976135313
                },
                "metrics": {
                    "outcome": -1.912677445961215
                },
                "metadata": {
                    "trials": 1
                }
            },
            {
                "query": {
                    "x1": -0.5537339304200622,
                    "x2": -1.5603089582655423
                },
                "metrics": {
                    "outcome": -1.9130132031393825
                },
                "metadata": {
                    "trials": 1
                }
            },
            {
                "query": {
                    "x1": -0.5480362479324741,
                    "x2": -1.5593131610461148
                },
                "metrics": {
                    "outcome": -1.913023302766745
                },
                "metadata": {
                    "trials": 1
                }
            },
            {
                "query": {
                    "x1": -0.557002616993027,
                    "x2": -1.5587368083176605
                },
                "metrics": {
                    "outcome": -1.9130234933907424
                },
                "metadata": {
                    "trials": 1
                }
            }
        ],
        [
            {
                "query": {
                    "x1": -0.5359852201404627,
                    "x2": -1.5337949234215764
                },
                "metrics": {
                    "outcome": -1.9129545672732786
                },
                "metadata": {
                    "trials": 1
                }
            },
            {
                "query": {
                    "x1": -0.5327604423998583,
                    "x2": -1.5326100047932139
                },
                "metrics": {
                    "outcome": -1.9128561372841757
                },
                "metadata": {
                    "trials": 1
                }
            },
            {
                "query": {
                    "x1": -0.5392128988089201,
                    "x2": -1.5350558798355705
                },
                "metrics": {
                    "outcome": -1.9130296007475813
                },
                "metadata": {
                    "trials": 1
                }
            },
            {
                "query": {
                    "x1": -0.5422401569215923,
                    "x2": -1.5364292555523558
                },
                "metrics": {
                    "outcome": -1.9130817836581344
                },
                "metadata": {
                    "trials": 1
                }
            },
            {
                "query": {
                    "x1": -0.5295205830781996,
                    "x2": -1.5314357711587754
                },
                "metrics": {
                    "outcome": -1.9127320434287514
                },
                "metadata": {
                    "trials": 1
                }
            },
            {
                "query": {
                    "x1": -0.5450791863141848,
                    "x2": -1.5380550808076319
                },
                "metrics": {
                    "outcome": -1.9131185897216962
                },
                "metadata": {
                    "trials": 1
                }
            }
        ],
        [
            {
                "query": {
                    "x1": -0.5776594905001512,
                    "x2": -1.5630843876713194
                },
                "metrics": {
                    "outcome": -1.9120887824256574
                },
                "metadata": {
                    "trials": 1
                }
            },
            {
                "query": {
                    "x1": -0.5814674630946107,
                    "x2": -1.5653343487853262
                },
                "metrics": {
                    "outcome": -1.9117856890929055
                },
                "metadata": {
                    "trials": 1
                }
            },
            {
                "query": {
                    "x1": -0.573782931883887,
                    "x2": -1.5607606749986531
                },
                "metrics": {
                    "outcome": -1.9123608878595264
                },
                "metadata": {
                    "trials": 1
                }
            },
            {
                "query": {
                    "x1": -0.5702089887403967,
                    "x2": -1.5586055788081976
                },
                "metrics": {
                    "outcome": -1.9125787743943654
                },
                "metadata": {
                    "trials": 1
                }
            },
            {
                "query": {
                    "x1": -0.5668774341720362,
                    "x2": -1.5565722532036554
                },
                "metrics": {
                    "outcome": -1.912753291908603
                },
                "metadata": {
                    "trials": 1
                }
            },
            {
                "query": {
                    "x1": -0.5854061348171673,
                    "x2": -1.5675335887532433
                },
                "metrics": {
                    "outcome": -1.9114365305413714
                },
                "metadata": {
                    "trials": 1
                }
            }
        ],
        [
            {
                "query": {
                    "x1": -0.548693926152761,
                    "x2": -1.5423613339125533
                },
                "metrics": {
                    "outcome": -1.9131780200960744
                },
                "metadata": {
                    "trials": 1
                }
            },
            {
                "query": {
                    "x1": -0.546275160345939,
                    "x2": -1.5402446681136994
                },
                "metrics": {
                    "outcome": -1.9131596921598089
                },
                "metadata": {
                    "trials": 1
                }
            },
            {
                "query": {
                    "x1": -0.5508651929608253,
                    "x2": -1.5448150189916077
                },
                "metrics": {
                    "outcome": -1.913185635429615
                },
                "metadata": {
                    "trials": 1
                }
            },
            {
                "query": {
                    "x1": -0.5481254425785497,
                    "x2": -1.5463238474278431
                },
                "metrics": {
                    "outcome": -1.9132197079645081
                },
                "metadata": {
                    "trials": 1
                }
            },
            {
                "query": {
                    "x1": -0.5460019713682773,
                    "x2": -1.5439016934083982
                },
                "metrics": {
                    "outcome": -1.9132098011073624
                },
                "metadata": {
                    "trials": 1
                }
            },
            {
                "query": {
                    "x1": -0.5427566281629703,
                    "x2": -1.5623200730220175
                },
                "metrics": {
                    "outcome": -1.9127909233800007
                },
                "metadata": {
                    "trials": 1
                }
            }
        ],
        [
            {
                "query": {
                    "x1": -0.5426643471897753,
                    "x2": -1.5632247924327514
                },
                "metrics": {
                    "outcome": -1.9127431436837146
                },
                "metadata": {
                    "trials": 1
                }
            },
            {
                "query": {
                    "x1": -0.5459701402053303,
                    "x2": -1.5629415728789788
                },
                "metrics": {
                    "outcome": -1.9128439323533462
                },
                "metadata": {
                    "trials": 1
                }
            },
            {
                "query": {
                    "x1": -0.5393839069008024,
                    "x2": -1.5627019521222778
                },
                "metrics": {
                    "outcome": -1.912653650060141
                },
                "metadata": {
                    "trials": 1
                }
            },
            {
                "query": {
                    "x1": -0.5440465430554776,
                    "x2": -1.5593865597021899
                },
                "metrics": {
                    "outcome": -1.9129523297959334
                },
                "metadata": {
                    "trials": 1
                }
            },
            {
                "query": {
                    "x1": -0.541018156848071,
                    "x2": -1.5589453051668838
                },
                "metrics": {
                    "outcome": -1.9128881604927193
                },
                "metadata": {
                    "trials": 1
                }
            },
            {
                "query": {
                    "x1": -0.547135905948825,
                    "x2": -1.5591006931291385
                },
                "metrics": {
                    "outcome": -1.913019220433191
                },
                "metadata": {
                    "trials": 1
                }
            }
        ]
    ],
    "best_results": [
        {
            "query": {
                "x1": -0.54679253618762,
                "x2": -1.5472637393228166
            },
            "metrics": [
                {
                    "name": "outcome",
                    "value": -1.913222683233959
                }
            ]
        }
    ]
}