{
    "date": "05/11/2022 12:04:36",
    "basic_params": {
        "active_variables": [
            "x1",
            "x2"
        ],
        "default_query": {},
        "metric": "basic",
        "n_trials": 1
    },
    "objective_function": {
        "name": "Gramacy2D",
        "params": {}
    },
    "optimizer": {
        "name": "BBO-LP(LCB)",
        "params": {
            "lower_bound": [
                -2.0,
                -2.0
            ],
            "upper_bound": [
                6.0,
                6.0
            ],
            "invert_metric": false,
            "bopt_params": {
                "n_init_samples": 12,
                "n_iterations": 23,
                "n_iter_relearn": 5,
                "verbose_level": 0,
                "n_parallel_samples": 6,
                "par_type": "PAR_BBO",
                "crit_name": "cLP(cLCB)",
                "n_crit_params": 3,
                "crit_params": [
                    6,
                    1,
                    1.0
                ]
            }
        }
    },
    "iterations": [
        [
            {
                "query": {
                    "x1": 1.9324290840886533,
                    "x2": 4.317325865539412
                },
                "metrics": {
                    "outcome": 3.710044755404699e-10
                },
                "metadata": {
                    "trials": 1
                }
            }
        ],
        [
            {
                "query": {
                    "x1": -1.208474529751887,
                    "x2": 1.6870558264975748
                },
                "metrics": {
                    "outcome": -0.01628991285867034
                },
                "metadata": {
                    "trials": 1
                }
            }
        ],
        [
            {
                "query": {
                    "x1": 7.866633435105186e-05,
                    "x2": 0.3073447663336992
                },
                "metrics": {
                    "outcome": 7.157561765427865e-05
                },
                "metadata": {
                    "trials": 1
                }
            }
        ],
        [
            {
                "query": {
                    "x1": 4.082534083475669,
                    "x2": 5.845601411381115
                },
                "metrics": {
                    "outcome": 3.405696725048146e-22
                },
                "metadata": {
                    "trials": 1
                }
            }
        ],
        [
            {
                "query": {
                    "x1": 2.1321971517366665,
                    "x2": -0.32470892587055755
                },
                "metrics": {
                    "outcome": 0.02035257975758261
                },
                "metadata": {
                    "trials": 1
                }
            }
        ],
        [
            {
                "query": {
                    "x1": -1.3635658235289156,
                    "x2": 2.231185596591483
                },
                "metrics": {
                    "outcome": -0.0014628075300886422
                },
                "metadata": {
                    "trials": 1
                }
            }
        ],
        [
            {
                "query": {
                    "x1": 5.35365335829556,
                    "x2": 3.458885604981333
                },
                "metrics": {
                    "outcome": 1.2168090145339596e-17
                },
                "metadata": {
                    "trials": 1
                }
            }
        ],
        [
            {
                "query": {
                    "x1": 4.985568978668501,
                    "x2": 5.139503627394636
                },
                "metrics": {
                    "outcome": 2.699385093307415e-22
                },
                "metadata": {
                    "trials": 1
                }
            }
        ],
        [
            {
                "query": {
                    "x1": 3.149781407012294,
                    "x2": -1.4317764332517982
                },
                "metrics": {
                    "outcome": 1.9920252883267924e-05
                },
                "metadata": {
                    "trials": 1
                }
            }
        ],
        [
            {
                "query": {
                    "x1": -0.5106850912173588,
                    "x2": 1.2446255629571774
                },
                "metrics": {
                    "outcome": -0.08358474990370587
                },
                "metadata": {
                    "trials": 1
                }
            }
        ],
        [
            {
                "query": {
                    "x1": 1.1359498095698655,
                    "x2": 3.174640628043562
                },
                "metrics": {
                    "outcome": 1.3121532833114299e-05
                },
                "metadata": {
                    "trials": 1
                }
            }
        ],
        [
            {
                "query": {
                    "x1": 3.632497237374385,
                    "x2": -0.7536042481660843
                },
                "metrics": {
                    "outcome": 3.828508767040084e-06
                },
                "metadata": {
                    "trials": 1
                }
            }
        ],
        [
            {
                "query": {
                    "x1": -0.5778437396225162,
                    "x2": 6.0
                },
                "metrics": {
                    "outcome": -9.598351835611645e-17
                },
                "metadata": {
                    "trials": 1
                }
            },
            {
                "query": {
                    "x1": -0.5661900007189937,
                    "x2": 4.404272293861461
                },
                "metrics": {
                    "outcome": -1.546902763542352e-09
                },
                "metadata": {
                    "trials": 1
                }
            },
            {
                "query": {
                    "x1": -0.5562766881330705,
                    "x2": 2.987351193513666
                },
                "metrics": {
                    "outcome": -5.43426941805077e-05
                },
                "metadata": {
                    "trials": 1
                }
            },
            {
                "query": {
                    "x1": -0.5518798037718067,
                    "x2": 1.8137954643655516
                },
                "metrics": {
                    "outcome": -0.015163708456073099
                },
                "metadata": {
                    "trials": 1
                }
            },
            {
                "query": {
                    "x1": 0.41900116452997027,
                    "x2": 6.0
                },
                "metrics": {
                    "outcome": 8.153954507886099e-17
                },
                "metadata": {
                    "trials": 1
                }
            },
            {
                "query": {
                    "x1": 6.0,
                    "x2": 5.99999999999994
                },
                "metrics": {
                    "outcome": 3.2281116960150225e-31
                },
                "metadata": {
                    "trials": 1
                }
            }
        ],
        [
            {
                "query": {
                    "x1": -1.9999999999940299,
                    "x2": -1.999999999994597
                },
                "metrics": {
                    "outcome": -0.000670925255833543
                },
                "metadata": {
                    "trials": 1
                }
            },
            {
                "query": {
                    "x1": -1.9999999999999993,
                    "x2": -1.4609645880055113
                },
                "metrics": {
                    "outcome": -0.0043339741218577565
                },
                "metadata": {
                    "trials": 1
                }
            },
            {
                "query": {
                    "x1": -1.5615233860835982,
                    "x2": -2.0
                },
                "metrics": {
                    "outcome": -0.0024969297271835874
                },
                "metadata": {
                    "trials": 1
                }
            },
            {
                "query": {
                    "x1": -2.0,
                    "x2": -0.854038705203505
                },
                "metrics": {
                    "outcome": -0.01766385302662324
                },
                "metadata": {
                    "trials": 1
                }
            },
            {
                "query": {
                    "x1": -1.3111514010458323,
                    "x2": -2.0
                },
                "metrics": {
                    "outcome": -0.004303992007189708
                },
                "metadata": {
                    "trials": 1
                }
            },
            {
                "query": {
                    "x1": -1.7717544499017621,
                    "x2": -2.0
                },
                "metrics": {
                    "outcome": -0.0014058072859519336
                },
                "metadata": {
                    "trials": 1
                }
            }
        ],
        [
            {
                "query": {
                    "x1": -0.4066519499083858,
                    "x2": -1.999999999993998
                },
                "metrics": {
                    "outcome": -0.006312879119383331
                },
                "metadata": {
                    "trials": 1
                }
            },
            {
                "query": {
                    "x1": -0.40472108301517107,
                    "x2": -1.7670838617010167
                },
                "metrics": {
                    "outcome": -0.015132028899873978
                },
                "metadata": {
                    "trials": 1
                }
            },
            {
                "query": {
                    "x1": -0.40275258572306893,
                    "x2": -1.5374863330067645
                },
                "metrics": {
                    "outcome": -0.03220908555089081
                },
                "metadata": {
                    "trials": 1
                }
            },
            {
                "query": {
                    "x1": -0.40054846608306494,
                    "x2": -1.311455281079613
                },
                "metrics": {
                    "outcome": -0.06109809853626806
                },
                "metadata": {
                    "trials": 1
                }
            },
            {
                "query": {
                    "x1": -0.2775352569061509,
                    "x2": -2.0
                },
                "metrics": {
                    "outcome": -0.004706394698883752
                },
                "metadata": {
                    "trials": 1
                }
            },
            {
                "query": {
                    "x1": -0.5548718730638704,
                    "x2": -2.0
                },
                "metrics": {
                    "outcome": -0.007469696971312398
                },
                "metadata": {
                    "trials": 1
                }
            }
        ],
        [
            {
                "query": {
                    "x1": -0.15023443245291013,
                    "x2": 5.999999999350098
                },
                "metrics": {
                    "outcome": -3.4069514282026696e-17
                },
                "metadata": {
                    "trials": 1
                }
            },
            {
                "query": {
                    "x1": -0.16169942421398353,
                    "x2": 5.395752442261008
                },
                "metrics": {
                    "outcome": -3.574710188569967e-14
                },
                "metadata": {
                    "trials": 1
                }
            },
            {
                "query": {
                    "x1": -0.41787594393561944,
                    "x2": 1.1605112983938288
                },
                "metrics": {
                    "outcome": -0.09126595490136694
                },
                "metadata": {
                    "trials": 1
                }
            },
            {
                "query": {
                    "x1": -0.428913000903437,
                    "x2": 1.3285554431996753
                },
                "metrics": {
                    "outcome": -0.061082668943749065
                },
                "metadata": {
                    "trials": 1
                }
            },
            {
                "query": {
                    "x1": 1.3412055186951775,
                    "x2": 6.0
                },
                "metrics": {
                    "outcome": 5.1483855900251913e-17
                },
                "metadata": {
                    "trials": 1
                }
            },
            {
                "query": {
                    "x1": 6.0,
                    "x2": -1.999999999796144
                },
                "metrics": {
                    "outcome": 2.5490125552534847e-17
                },
                "metadata": {
                    "trials": 1
                }
            }
        ],
        [
            {
                "query": {
                    "x1": -0.34107723965509185,
                    "x2": 0.6965837414112128
                },
                "metrics": {
                    "outcome": -0.18689488914283978
                },
                "metadata": {
                    "trials": 1
                }
            },
            {
                "query": {
                    "x1": -0.34819539448777026,
                    "x2": 0.3663560336472127
                },
                "metrics": {
                    "outcome": -0.269699135434799
                },
                "metadata": {
                    "trials": 1
                }
            },
            {
                "query": {
                    "x1": -0.33494666655734684,
                    "x2": 1.075617991610375
                },
                "metrics": {
                    "outcome": -0.09414423126986857
                },
                "metadata": {
                    "trials": 1
                }
            },
            {
                "query": {
                    "x1": -0.35485532103595063,
                    "x2": 0.058860372499029534
                },
                "metrics": {
                    "outcome": -0.311787952619455
                },
                "metadata": {
                    "trials": 1
                }
            },
            {
                "query": {
                    "x1": 2.910846977196008,
                    "x2": 4.38348713289
                },
                "metrics": {
                    "outcome": 2.749655533687032e-12
                },
                "metadata": {
                    "trials": 1
                }
            },
            {
                "query": {
                    "x1": -0.3259783373010956,
                    "x2": 1.4059986564263451
                },
                "metrics": {
                    "outcome": -0.04059873185006952
                },
                "metadata": {
                    "trials": 1
                }
            }
        ],
        [
            {
                "query": {
                    "x1": -0.43369496848964406,
                    "x2": -0.031326068325165046
                },
                "metrics": {
                    "outcome": -0.35898076266562146
                },
                "metadata": {
                    "trials": 1
                }
            },
            {
                "query": {
                    "x1": -0.27804495962019415,
                    "x2": -0.025932557675969026
                },
                "metrics": {
                    "outcome": -0.25718645527507206
                },
                "metadata": {
                    "trials": 1
                }
            },
            {
                "query": {
                    "x1": -0.35506484139546424,
                    "x2": -0.032247329744253594
                },
                "metrics": {
                    "outcome": -0.3126828733522496
                },
                "metadata": {
                    "trials": 1
                }
            },
            {
                "query": {
                    "x1": -1.9999200135475226,
                    "x2": 3.8539363084978335
                },
                "metrics": {
                    "outcome": -1.298594856058512e-08
                },
                "metadata": {
                    "trials": 1
                }
            },
            {
                "query": {
                    "x1": -1.2478056934739015,
                    "x2": 3.854429031401648
                },
                "metrics": {
                    "outcome": -9.285231253824895e-08
                },
                "metadata": {
                    "trials": 1
                }
            },
            {
                "query": {
                    "x1": -0.49059415572799137,
                    "x2": 3.8549085830797463
                },
                "metrics": {
                    "outcome": -1.356563660108987e-07
                },
                "metadata": {
                    "trials": 1
                }
            }
        ],
        [
            {
                "query": {
                    "x1": -2.0,
                    "x2": -0.17109654535092234
                },
                "metrics": {
                    "outcome": -0.035574476615027925
                },
                "metadata": {
                    "trials": 1
                }
            },
            {
                "query": {
                    "x1": -2.0,
                    "x2": -0.17112367730955969
                },
                "metrics": {
                    "outcome": -0.03557414630381336
                },
                "metadata": {
                    "trials": 1
                }
            },
            {
                "query": {
                    "x1": -1.999999999994,
                    "x2": -0.17103777262245878
                },
                "metrics": {
                    "outcome": -0.035575191960496945
                },
                "metadata": {
                    "trials": 1
                }
            },
            {
                "query": {
                    "x1": -2.0,
                    "x2": -0.1711803853278533
                },
                "metrics": {
                    "outcome": -0.03557345576706393
                },
                "metadata": {
                    "trials": 1
                }
            },
            {
                "query": {
                    "x1": -2.0,
                    "x2": -0.17098134218051286
                },
                "metrics": {
                    "outcome": -0.03557587857789038
                },
                "metadata": {
                    "trials": 1
                }
            },
            {
                "query": {
                    "x1": -2.0,
                    "x2": -0.17123631707303022
                },
                "metrics": {
                    "outcome": -0.03557277447205296
                },
                "metadata": {
                    "trials": 1
                }
            }
        ],
        [
            {
                "query": {
                    "x1": -2.0,
                    "x2": -0.4879552112747556
                },
                "metrics": {
                    "outcome": -0.028869976258968727
                },
                "metadata": {
                    "trials": 1
                }
            },
            {
                "query": {
                    "x1": -1.9824173267825451,
                    "x2": -0.48801595764085737
                },
                "metrics": {
                    "outcome": -0.030689918673793705
                },
                "metadata": {
                    "trials": 1
                }
            },
            {
                "query": {
                    "x1": -1.963949096377608,
                    "x2": -0.4880755181672265
                },
                "metrics": {
                    "outcome": -0.032700775906216485
                },
                "metadata": {
                    "trials": 1
                }
            },
            {
                "query": {
                    "x1": -1.9933383079277947,
                    "x2": -0.4879870718053738
                },
                "metrics": {
                    "outcome": -0.029548620577196448
                },
                "metadata": {
                    "trials": 1
                }
            },
            {
                "query": {
                    "x1": -1.9453118547268813,
                    "x2": -0.48813618102054335
                },
                "metrics": {
                    "outcome": -0.03483638673845124
                },
                "metadata": {
                    "trials": 1
                }
            },
            {
                "query": {
                    "x1": -1.9267368123114963,
                    "x2": -0.48819620895156546
                },
                "metrics": {
                    "outcome": -0.037074625905303485
                },
                "metadata": {
                    "trials": 1
                }
            }
        ],
        [
            {
                "query": {
                    "x1": -2.0,
                    "x2": 0.5023271112666361
                },
                "metrics": {
                    "outcome": -0.02846200195155774
                },
                "metadata": {
                    "trials": 1
                }
            },
            {
                "query": {
                    "x1": -1.9495378211477414,
                    "x2": 0.5026836428653563
                },
                "metrics": {
                    "outcome": -0.0338506786458593
                },
                "metadata": {
                    "trials": 1
                }
            },
            {
                "query": {
                    "x1": -1.8985111722850667,
                    "x2": 0.5030273589001713
                },
                "metrics": {
                    "outcome": -0.040102716267282464
                },
                "metadata": {
                    "trials": 1
                }
            },
            {
                "query": {
                    "x1": -1.8469235004748588,
                    "x2": 0.5033744285911279
                },
                "metrics": {
                    "outcome": -0.047312017316488146
                },
                "metadata": {
                    "trials": 1
                }
            },
            {
                "query": {
                    "x1": -1.794767638252802,
                    "x2": 0.5037242034594449
                },
                "metrics": {
                    "outcome": -0.055573245790645126
                },
                "metadata": {
                    "trials": 1
                }
            },
            {
                "query": {
                    "x1": -1.9768181394008946,
                    "x2": 0.5208763433075476
                },
                "metrics": {
                    "outcome": -0.030268928051141102
                },
                "metadata": {
                    "trials": 1
                }
            }
        ],
        [
            {
                "query": {
                    "x1": 6.0,
                    "x2": 0.6080428924537573
                },
                "metrics": {
                    "outcome": 9.615773260051155e-16
                },
                "metadata": {
                    "trials": 1
                }
            },
            {
                "query": {
                    "x1": 5.999999999995055,
                    "x2": 0.6230645129013208
                },
                "metrics": {
                    "outcome": 9.43958077699202e-16
                },
                "metadata": {
                    "trials": 1
                }
            },
            {
                "query": {
                    "x1": 5.999999999999994,
                    "x2": 0.6354574864861964
                },
                "metrics": {
                    "outcome": 9.29349543629069e-16
                },
                "metadata": {
                    "trials": 1
                }
            },
            {
                "query": {
                    "x1": 6.0,
                    "x2": 0.646874991513406
                },
                "metrics": {
                    "outcome": 9.158420254257872e-16
                },
                "metadata": {
                    "trials": 1
                }
            },
            {
                "query": {
                    "x1": 5.96910670434115,
                    "x2": 0.6070012855979856
                },
                "metrics": {
                    "outcome": 1.386369239464317e-15
                },
                "metadata": {
                    "trials": 1
                }
            },
            {
                "query": {
                    "x1": 5.988060805296785,
                    "x2": 0.594912893599616
                },
                "metrics": {
                    "outcome": 1.124963349652501e-15
                },
                "metadata": {
                    "trials": 1
                }
            }
        ],
        [
            {
                "query": {
                    "x1": 3.757313729880666,
                    "x2": 2.6284678319395764
                },
                "metrics": {
                    "outcome": 2.775193562965128e-09
                },
                "metadata": {
                    "trials": 1
                }
            },
            {
                "query": {
                    "x1": 2.9237610923143604,
                    "x2": 0.7689952571579579
                },
                "metrics": {
                    "outcome": 0.00031376640008782874
                },
                "metadata": {
                    "trials": 1
                }
            },
            {
                "query": {
                    "x1": 4.802666804745496,
                    "x2": -0.9203592967652467
                },
                "metrics": {
                    "outcome": 1.9785269542913642e-10
                },
                "metadata": {
                    "trials": 1
                }
            },
            {
                "query": {
                    "x1": -0.76650263793188,
                    "x2": -0.17152913827237093
                },
                "metrics": {
                    "outcome": -0.4135959787553343
                },
                "metadata": {
                    "trials": 1
                }
            },
            {
                "query": {
                    "x1": 3.6831030498346236,
                    "x2": 4.469480916384964
                },
                "metrics": {
                    "outcome": 9.984403986645836e-15
                },
                "metadata": {
                    "trials": 1
                }
            },
            {
                "query": {
                    "x1": -1.6437019492348728,
                    "x2": 6.0
                },
                "metrics": {
                    "outcome": -2.5577845332225027e-17
                },
                "metadata": {
                    "trials": 1
                }
            }
        ],
        [
            {
                "query": {
                    "x1": 4.566373395737075,
                    "x2": 2.1989022461643284
                },
                "metrics": {
                    "outcome": 3.1906296113304664e-11
                },
                "metadata": {
                    "trials": 1
                }
            },
            {
                "query": {
                    "x1": -0.6574676191348308,
                    "x2": -0.1057257980723163
                },
                "metrics": {
                    "outcome": -0.42197830374432727
                },
                "metadata": {
                    "trials": 1
                }
            },
            {
                "query": {
                    "x1": -0.9652030576249822,
                    "x2": -0.4315905142586627
                },
                "metrics": {
                    "outcome": -0.31559229888405466
                },
                "metadata": {
                    "trials": 1
                }
            },
            {
                "query": {
                    "x1": 2.119385458551963,
                    "x2": 2.0135738633837184
                },
                "metrics": {
                    "outcome": 0.0004117277382274267
                },
                "metadata": {
                    "trials": 1
                }
            },
            {
                "query": {
                    "x1": -0.7064089578984538,
                    "x2": 0.33319736702792024
                },
                "metrics": {
                    "outcome": -0.38381483242909087
                },
                "metadata": {
                    "trials": 1
                }
            },
            {
                "query": {
                    "x1": 1.2651048725652956,
                    "x2": -2.0
                },
                "metrics": {
                    "outcome": 0.004675892073277231
                },
                "metadata": {
                    "trials": 1
                }
            }
        ],
        [
            {
                "query": {
                    "x1": -0.700471715981398,
                    "x2": -0.026649666127913862
                },
                "metrics": {
                    "outcome": -0.42853960398398727
                },
                "metadata": {
                    "trials": 1
                }
            },
            {
                "query": {
                    "x1": -0.6946439058895522,
                    "x2": -0.23913146726811685
                },
                "metrics": {
                    "outcome": -0.4049183063350542
                },
                "metadata": {
                    "trials": 1
                }
            },
            {
                "query": {
                    "x1": -0.6474379789470963,
                    "x2": 0.16215567257525354
                },
                "metrics": {
                    "outcome": -0.4146988544311167
                },
                "metadata": {
                    "trials": 1
                }
            },
            {
                "query": {
                    "x1": 1.4174164506321145,
                    "x2": 0.46360318045699644
                },
                "metrics": {
                    "outcome": 0.15333020356274663
                },
                "metadata": {
                    "trials": 1
                }
            },
            {
                "query": {
                    "x1": -0.7361690934856444,
                    "x2": -0.4799672435802236
                },
                "metrics": {
                    "outcome": -0.34006825579876326
                },
                "metadata": {
                    "trials": 1
                }
            },
            {
                "query": {
                    "x1": 5.371105937649517,
                    "x2": -2.0
                },
                "metrics": {
                    "outcome": 2.910852935443755e-14
                },
                "metadata": {
                    "trials": 1
                }
            }
        ],
        [
            {
                "query": {
                    "x1": -0.7209449410518687,
                    "x2": 0.0036107130930504994
                },
                "metrics": {
                    "outcome": -0.42871318306574585
                },
                "metadata": {
                    "trials": 1
                }
            },
            {
                "query": {
                    "x1": -0.792587674553145,
                    "x2": 0.11774398416355236
                },
                "metrics": {
                    "outcome": -0.41706590810655136
                },
                "metadata": {
                    "trials": 1
                }
            },
            {
                "query": {
                    "x1": -0.6437202331958805,
                    "x2": -0.13914495011375738
                },
                "metrics": {
                    "outcome": -0.4171839098736023
                },
                "metadata": {
                    "trials": 1
                }
            },
            {
                "query": {
                    "x1": -0.7926272422504284,
                    "x2": -0.1775882638841466
                },
                "metrics": {
                    "outcome": -0.40975421907702253
                },
                "metadata": {
                    "trials": 1
                }
            },
            {
                "query": {
                    "x1": -0.6206160918945283,
                    "x2": -0.2809603785061989
                },
                "metrics": {
                    "outcome": -0.390180562770938
                },
                "metadata": {
                    "trials": 1
                }
            },
            {
                "query": {
                    "x1": -0.6087693459223877,
                    "x2": -0.00938656866205334
                },
                "metrics": {
                    "outcome": -0.42020858940616385
                },
                "metadata": {
                    "trials": 1
                }
            }
        ],
        [
            {
                "query": {
                    "x1": -0.7056583212736889,
                    "x2": 0.0007500502447213009
                },
                "metrics": {
                    "outcome": -0.42887990035649537
                },
                "metadata": {
                    "trials": 1
                }
            },
            {
                "query": {
                    "x1": -0.7147570575410138,
                    "x2": -0.09720668975053015
                },
                "metrics": {
                    "outcome": -0.4247989140121794
                },
                "metadata": {
                    "trials": 1
                }
            },
            {
                "query": {
                    "x1": -0.7166135549605859,
                    "x2": 0.09845439465515726
                },
                "metrics": {
                    "outcome": -0.424668330473957
                },
                "metadata": {
                    "trials": 1
                }
            },
            {
                "query": {
                    "x1": -0.799751757731693,
                    "x2": -0.019431891996969597
                },
                "metrics": {
                    "outcome": -0.4217112778867062
                },
                "metadata": {
                    "trials": 1
                }
            },
            {
                "query": {
                    "x1": -0.6185497066122885,
                    "x2": -0.035159833844586874
                },
                "metrics": {
                    "outcome": -0.421381079631025
                },
                "metadata": {
                    "trials": 1
                }
            },
            {
                "query": {
                    "x1": -0.5959644769290833,
                    "x2": 0.07434068103485947
                },
                "metrics": {
                    "outcome": -0.41549927449919366
                },
                "metadata": {
                    "trials": 1
                }
            }
        ],
        [
            {
                "query": {
                    "x1": -0.7042407443884144,
                    "x2": -0.00029396231975220566
                },
                "metrics": {
                    "outcome": -0.42887485011355214
                },
                "metadata": {
                    "trials": 1
                }
            },
            {
                "query": {
                    "x1": -0.7287952402339553,
                    "x2": 0.07997193797491375
                },
                "metrics": {
                    "outcome": -0.42575105686914866
                },
                "metadata": {
                    "trials": 1
                }
            },
            {
                "query": {
                    "x1": -0.7190271474202736,
                    "x2": -0.08288239535029884
                },
                "metrics": {
                    "outcome": -0.42582547703762386
                },
                "metadata": {
                    "trials": 1
                }
            },
            {
                "query": {
                    "x1": -0.7837863974370971,
                    "x2": -0.010805630777341646
                },
                "metrics": {
                    "outcome": -0.4239852439052247
                },
                "metadata": {
                    "trials": 1
                }
            },
            {
                "query": {
                    "x1": -0.6300368696245171,
                    "x2": 0.03034818191104849
                },
                "metrics": {
                    "outcome": -0.42322792835968726
                },
                "metadata": {
                    "trials": 1
                }
            },
            {
                "query": {
                    "x1": -0.6312469321844711,
                    "x2": -0.07240300771515096
                },
                "metrics": {
                    "outcome": -0.4215684817408839
                },
                "metadata": {
                    "trials": 1
                }
            }
        ],
        [
            {
                "query": {
                    "x1": -0.7031929355791986,
                    "x2": -0.0001268237539262529
                },
                "metrics": {
                    "outcome": -0.42886877205304946
                },
                "metadata": {
                    "trials": 1
                }
            },
            {
                "query": {
                    "x1": -0.7181681198476768,
                    "x2": -0.07792459500193427
                },
                "metrics": {
                    "outcome": -0.42618179368266357
                },
                "metadata": {
                    "trials": 1
                }
            },
            {
                "query": {
                    "x1": -0.7031060041093051,
                    "x2": 0.07909658619143567
                },
                "metrics": {
                    "outcome": -0.4261934476616896
                },
                "metadata": {
                    "trials": 1
                }
            },
            {
                "query": {
                    "x1": -0.7784438215406797,
                    "x2": 0.0025303204868447615
                },
                "metrics": {
                    "outcome": -0.42467137749884354
                },
                "metadata": {
                    "trials": 1
                }
            },
            {
                "query": {
                    "x1": -0.638213897941811,
                    "x2": -0.03998046308301939
                },
                "metrics": {
                    "outcome": -0.42401043824610696
                },
                "metadata": {
                    "trials": 1
                }
            },
            {
                "query": {
                    "x1": -0.6212781874424429,
                    "x2": 0.046831819232766136
                },
                "metrics": {
                    "outcome": -0.421407012857164
                },
                "metadata": {
                    "trials": 1
                }
            }
        ],
        [
            {
                "query": {
                    "x1": -0.7038793120366764,
                    "x2": -0.0004545682343584101
                },
                "metrics": {
                    "outcome": -0.42887290536749284
                },
                "metadata": {
                    "trials": 1
                }
            },
            {
                "query": {
                    "x1": -0.7061631957953944,
                    "x2": 0.07311202973102748
                },
                "metrics": {
                    "outcome": -0.42659476662013485
                },
                "metadata": {
                    "trials": 1
                }
            },
            {
                "query": {
                    "x1": -0.7079273399112682,
                    "x2": -0.0738938860015903
                },
                "metrics": {
                    "outcome": -0.42654592341554753
                },
                "metadata": {
                    "trials": 1
                }
            },
            {
                "query": {
                    "x1": -0.7727957929149785,
                    "x2": -0.013292599994878973
                },
                "metrics": {
                    "outcome": -0.4252277076590089
                },
                "metadata": {
                    "trials": 1
                }
            },
            {
                "query": {
                    "x1": -0.6375923949020021,
                    "x2": -0.018295256853313235
                },
                "metrics": {
                    "outcome": -0.42446961346685275
                },
                "metadata": {
                    "trials": 1
                }
            },
            {
                "query": {
                    "x1": -0.7850351569929046,
                    "x2": 0.08372174878755922
                },
                "metrics": {
                    "outcome": -0.4209183929095613
                },
                "metadata": {
                    "trials": 1
                }
            }
        ],
        [
            {
                "query": {
                    "x1": -0.7044774650598213,
                    "x2": -0.000466320876516102
                },
                "metrics": {
                    "outcome": -0.42887591190766655
                },
                "metadata": {
                    "trials": 1
                }
            },
            {
                "query": {
                    "x1": -0.7168402818418693,
                    "x2": 0.06794207472121228
                },
                "metrics": {
                    "outcome": -0.4268262158135515
                },
                "metadata": {
                    "trials": 1
                }
            },
            {
                "query": {
                    "x1": -0.7069274405618018,
                    "x2": -0.06989088016517009
                },
                "metrics": {
                    "outcome": -0.42679204871014687
                },
                "metadata": {
                    "trials": 1
                }
            },
            {
                "query": {
                    "x1": -0.7702462962914065,
                    "x2": -0.004863849292058964
                },
                "metrics": {
                    "outcome": -0.4255605814798409
                },
                "metadata": {
                    "trials": 1
                }
            },
            {
                "query": {
                    "x1": -0.6442420173315997,
                    "x2": 0.02828498592335249
                },
                "metrics": {
                    "outcome": -0.4250584298581217
                },
                "metadata": {
                    "trials": 1
                }
            },
            {
                "query": {
                    "x1": -0.6353562873279504,
                    "x2": -0.05146480664614672
                },
                "metrics": {
                    "outcome": -0.423206265622537
                },
                "metadata": {
                    "trials": 1
                }
            }
        ],
        [
            {
                "query": {
                    "x1": -0.7047303214211287,
                    "x2": -0.00038717947240884953
                },
                "metrics": {
                    "outcome": -0.4288770285011871
                },
                "metadata": {
                    "trials": 1
                }
            },
            {
                "query": {
                    "x1": -0.702636145693015,
                    "x2": 0.06636955157299873
                },
                "metrics": {
                    "outcome": -0.426979803501503
                },
                "metadata": {
                    "trials": 1
                }
            },
            {
                "query": {
                    "x1": -0.7133147667515112,
                    "x2": -0.06657856346417845
                },
                "metrics": {
                    "outcome": -0.4269522283254433
                },
                "metadata": {
                    "trials": 1
                }
            },
            {
                "query": {
                    "x1": -0.7677838241004833,
                    "x2": 0.008986744899202481
                },
                "metrics": {
                    "outcome": -0.42578539526600256
                },
                "metadata": {
                    "trials": 1
                }
            },
            {
                "query": {
                    "x1": -0.6472597980717365,
                    "x2": -0.02851345549843809
                },
                "metrics": {
                    "outcome": -0.4253828101071032
                },
                "metadata": {
                    "trials": 1
                }
            },
            {
                "query": {
                    "x1": -0.631492695175067,
                    "x2": 0.05034589338886564
                },
                "metrics": {
                    "outcome": -0.42274478054326786
                },
                "metadata": {
                    "trials": 1
                }
            }
        ],
        [
            {
                "query": {
                    "x1": -0.7069760212616076,
                    "x2": 0.00034976250789364727
                },
                "metrics": {
                    "outcome": -0.4288818753465092
                },
                "metadata": {
                    "trials": 1
                }
            },
            {
                "query": {
                    "x1": -0.7085777322703504,
                    "x2": -0.06247205385350929
                },
                "metrics": {
                    "outcome": -0.4272095348452848
                },
                "metadata": {
                    "trials": 1
                }
            },
            {
                "query": {
                    "x1": -0.7069588621423624,
                    "x2": 0.06308882526436665
                },
                "metrics": {
                    "outcome": -0.42717828060187935
                },
                "metadata": {
                    "trials": 1
                }
            },
            {
                "query": {
                    "x1": -0.7658785456470538,
                    "x2": -0.013639550032041203
                },
                "metrics": {
                    "outcome": -0.4259268494272266
                },
                "metadata": {
                    "trials": 1
                }
            },
            {
                "query": {
                    "x1": -0.6496368993747936,
                    "x2": -0.01798729650901132
                },
                "metrics": {
                    "outcome": -0.42583925807216355
                },
                "metadata": {
                    "trials": 1
                }
            },
            {
                "query": {
                    "x1": -0.6418745697333406,
                    "x2": 0.04938339573601214
                },
                "metrics": {
                    "outcome": -0.42409234541585705
                },
                "metadata": {
                    "trials": 1
                }
            }
        ],
        [
            {
                "query": {
                    "x1": -0.7069994408183371,
                    "x2": 0.0003697738817778351
                },
                "metrics": {
                    "outcome": -0.428881873954546
                },
                "metadata": {
                    "trials": 1
                }
            },
            {
                "query": {
                    "x1": -0.7084103339353551,
                    "x2": -0.06069772427180742
                },
                "metrics": {
                    "outcome": -0.4273033055655767
                },
                "metadata": {
                    "trials": 1
                }
            },
            {
                "query": {
                    "x1": -0.7072361851167255,
                    "x2": 0.06134233246967957
                },
                "metrics": {
                    "outcome": -0.42727112866080946
                },
                "metadata": {
                    "trials": 1
                }
            },
            {
                "query": {
                    "x1": -0.7642091808648854,
                    "x2": -0.013391088044187649
                },
                "metrics": {
                    "outcome": -0.4260882801833117
                },
                "metadata": {
                    "trials": 1
                }
            },
            {
                "query": {
                    "x1": -0.6512090909247354,
                    "x2": -0.017336935558059263
                },
                "metrics": {
                    "outcome": -0.42600748878338607
                },
                "metadata": {
                    "trials": 1
                }
            },
            {
                "query": {
                    "x1": -0.6455923076239014,
                    "x2": 0.04854734371663172
                },
                "metrics": {
                    "outcome": -0.4245466652210712
                },
                "metadata": {
                    "trials": 1
                }
            }
        ],
        [
            {
                "query": {
                    "x1": -0.7070168042383267,
                    "x2": 0.000388745140663449
                },
                "metrics": {
                    "outcome": -0.42888187072190276
                },
                "metadata": {
                    "trials": 1
                }
            },
            {
                "query": {
                    "x1": -0.7082793754875467,
                    "x2": -0.05917231187016503
                },
                "metrics": {
                    "outcome": -0.4273817225821493
                },
                "metadata": {
                    "trials": 1
                }
            },
            {
                "query": {
                    "x1": -0.7074473282478708,
                    "x2": 0.059843770970579246
                },
                "metrics": {
                    "outcome": -0.4273486454132357
                },
                "metadata": {
                    "trials": 1
                }
            },
            {
                "query": {
                    "x1": -0.7629558620055288,
                    "x2": 0.013134077854418447
                },
                "metrics": {
                    "outcome": -0.42620737784826784
                },
                "metadata": {
                    "trials": 1
                }
            },
            {
                "query": {
                    "x1": -0.6525658838259014,
                    "x2": -0.016806844534060117
                },
                "metrics": {
                    "outcome": -0.4261482978560183
                },
                "metadata": {
                    "trials": 1
                }
            },
            {
                "query": {
                    "x1": -0.7705163522864384,
                    "x2": -0.05640406047792612
                },
                "metrics": {
                    "outcome": -0.42419107839564074
                },
                "metadata": {
                    "trials": 1
                }
            }
        ]
    ],
    "best_results": [
        {
            "query": {
                "x1": -0.7069760212616076,
                "x2": 0.00034976250789364727
            },
            "metrics": [
                {
                    "name": "outcome",
                    "value": -0.4288818753465092
                }
            ]
        }
    ]
}