{
    "date": "08/11/2022 19:11:59",
    "basic_params": {
        "active_variables": [
            "x"
        ],
        "default_query": {},
        "metric": "basic",
        "n_trials": 1
    },
    "objective_function": {
        "name": "Forrester",
        "params": {}
    },
    "optimizer": {
        "name": "GO-BO",
        "params": {
            "maximize": false,
            "domain": [
                {
                    "name": "x",
                    "type": "continuous",
                    "domain": [
                        0.0,
                        1.0
                    ]
                }
            ],
            "initial_design_numdata": 10,
            "num_iters": 140,
            "acquisition_type": "EI",
            "evaluator_type": "sequential",
            "batch_size": 1,
            "model_update_interval": 5
        }
    },
    "best_results": [
        {
            "query": {
                "x": 0.7575266654452011
            },
            "metrics": [
                {
                    "name": "outcome",
                    "value": -6.020698780603224
                }
            ]
        }
    ],
    "iterations": [
        [
            {
                "query": {
                    "x": 0.6500000000000001
                },
                "metrics": {
                    "outcome": -2.2088069863032223
                },
                "metadata": {
                    "trials": 1
                }
            }
        ],
        [
            {
                "query": {
                    "x": 0.8500000000000001
                },
                "metrics": {
                    "outcome": -0.7984891610761322
                },
                "metadata": {
                    "trials": 1
                }
            }
        ],
        [
            {
                "query": {
                    "x": 0.55
                },
                "metrics": {
                    "outcome": 0.8711973183782742
                },
                "metadata": {
                    "trials": 1
                }
            }
        ],
        [
            {
                "query": {
                    "x": 0.75
                },
                "metrics": {
                    "outcome": -5.9932767166446155
                },
                "metadata": {
                    "trials": 1
                }
            }
        ],
        [
            {
                "query": {
                    "x": 0.25
                },
                "metrics": {
                    "outcome": -0.21036774620197413
                },
                "metadata": {
                    "trials": 1
                }
            }
        ],
        [
            {
                "query": {
                    "x": 0.95
                },
                "metrics": {
                    "outcome": 12.303313831661157
                },
                "metadata": {
                    "trials": 1
                }
            }
        ],
        [
            {
                "query": {
                    "x": 0.15000000000000002
                },
                "metrics": {
                    "outcome": -0.978280648621704
                },
                "metadata": {
                    "trials": 1
                }
            }
        ],
        [
            {
                "query": {
                    "x": 0.05
                },
                "metrics": {
                    "outcome": 0.7385137848575422
                },
                "metadata": {
                    "trials": 1
                }
            }
        ],
        [
            {
                "query": {
                    "x": 0.45
                },
                "metrics": {
                    "outcome": 0.48287036769434577
                },
                "metadata": {
                    "trials": 1
                }
            }
        ],
        [
            {
                "query": {
                    "x": 0.35000000000000003
                },
                "metrics": {
                    "outcome": 0.001986693307950617
                },
                "metadata": {
                    "trials": 1
                }
            }
        ],
        [
            {
                "query": {
                    "x": 0.7659108562515611
                },
                "metrics": {
                    "outcome": -5.979718744211372
                },
                "metadata": {
                    "trials": 1
                }
            }
        ],
        [
            {
                "query": {
                    "x": 0.7659108544787567
                },
                "metrics": {
                    "outcome": -5.979718761190251
                },
                "metadata": {
                    "trials": 1
                }
            }
        ],
        [
            {
                "query": {
                    "x": 0.765910862557474
                },
                "metrics": {
                    "outcome": -5.9797186838170155
                },
                "metadata": {
                    "trials": 1
                }
            }
        ],
        [
            {
                "query": {
                    "x": 0.7659108427586108
                },
                "metrics": {
                    "outcome": -5.97971887343883
                },
                "metadata": {
                    "trials": 1
                }
            }
        ],
        [
            {
                "query": {
                    "x": 0.7659108563902263
                },
                "metrics": {
                    "outcome": -5.979718742883318
                },
                "metadata": {
                    "trials": 1
                }
            }
        ],
        [
            {
                "query": {
                    "x": 0.757526937868936
                },
                "metrics": {
                    "outcome": -6.020698699610169
                },
                "metadata": {
                    "trials": 1
                }
            }
        ],
        [
            {
                "query": {
                    "x": 0.7575266654452011
                },
                "metrics": {
                    "outcome": -6.020698780603224
                },
                "metadata": {
                    "trials": 1
                }
            }
        ],
        [
            {
                "query": {
                    "x": 0.7575267641331543
                },
                "metrics": {
                    "outcome": -6.020698751271938
                },
                "metadata": {
                    "trials": 1
                }
            }
        ],
        [
            {
                "query": {
                    "x": 0.7575268893473657
                },
                "metrics": {
                    "outcome": -6.020698714041711
                },
                "metadata": {
                    "trials": 1
                }
            }
        ],
        [
            {
                "query": {
                    "x": 0.7575267430345156
                },
                "metrics": {
                    "outcome": -6.020698757543592
                },
                "metadata": {
                    "trials": 1
                }
            }
        ],
        [
            {
                "query": {
                    "x": 0.0006190550248323934
                },
                "metrics": {
                    "outcome": 2.9965426149947456
                },
                "metadata": {
                    "trials": 1
                }
            }
        ],
        [
            {
                "query": {
                    "x": 0.001458976787749866
                },
                "metrics": {
                    "outcome": 2.9549352234689747
                },
                "metadata": {
                    "trials": 1
                }
            }
        ],
        [
            {
                "query": {
                    "x": 1.1957950206586965e-05
                },
                "metrics": {
                    "outcome": 3.0266176061071586
                },
                "metadata": {
                    "trials": 1
                }
            }
        ],
        [
            {
                "query": {
                    "x": 0.001233195269003895
                },
                "metrics": {
                    "outcome": 2.9661193421772323
                },
                "metadata": {
                    "trials": 1
                }
            }
        ],
        [
            {
                "query": {
                    "x": 0.0020375280442328503
                },
                "metrics": {
                    "outcome": 2.9262793468056874
                },
                "metadata": {
                    "trials": 1
                }
            }
        ],
        [
            {
                "query": {
                    "x": 0.7204977919806279
                },
                "metrics": {
                    "outcome": -5.384370313823058
                },
                "metadata": {
                    "trials": 1
                }
            }
        ],
        [
            {
                "query": {
                    "x": 0.7197994192402287
                },
                "metrics": {
                    "outcome": -5.3617841655965455
                },
                "metadata": {
                    "trials": 1
                }
            }
        ],
        [
            {
                "query": {
                    "x": 0.7194056528067374
                },
                "metrics": {
                    "outcome": -5.348909199972962
                },
                "metadata": {
                    "trials": 1
                }
            }
        ],
        [
            {
                "query": {
                    "x": 0.7198678320750529
                },
                "metrics": {
                    "outcome": -5.36401079637039
                },
                "metadata": {
                    "trials": 1
                }
            }
        ],
        [
            {
                "query": {
                    "x": 0.719209517978136
                },
                "metrics": {
                    "outcome": -5.342458798758499
                },
                "metadata": {
                    "trials": 1
                }
            }
        ],
        [
            {
                "query": {
                    "x": 0.7902666060070686
                },
                "metrics": {
                    "outcome": -5.3918396404740765
                },
                "metadata": {
                    "trials": 1
                }
            }
        ],
        [
            {
                "query": {
                    "x": 0.791593218734769
                },
                "metrics": {
                    "outcome": -5.338658754610225
                },
                "metadata": {
                    "trials": 1
                }
            }
        ],
        [
            {
                "query": {
                    "x": 0.7898140940223677
                },
                "metrics": {
                    "outcome": -5.409466289264822
                },
                "metadata": {
                    "trials": 1
                }
            }
        ],
        [
            {
                "query": {
                    "x": 0.7901995157199554
                },
                "metrics": {
                    "outcome": -5.394469477351629
                },
                "metadata": {
                    "trials": 1
                }
            }
        ],
        [
            {
                "query": {
                    "x": 0.7898912761527995
                },
                "metrics": {
                    "outcome": -5.40647827641138
                },
                "metadata": {
                    "trials": 1
                }
            }
        ],
        [
            {
                "query": {
                    "x": 0.9998693393797495
                },
                "metrics": {
                    "outcome": 15.827156839794874
                },
                "metadata": {
                    "trials": 1
                }
            }
        ],
        [
            {
                "query": {
                    "x": 0.9983471573935586
                },
                "metrics": {
                    "outcome": 15.7941810970202
                },
                "metadata": {
                    "trials": 1
                }
            }
        ],
        [
            {
                "query": {
                    "x": 0.9996161852462434
                },
                "metrics": {
                    "outcome": 15.822052303966764
                },
                "metadata": {
                    "trials": 1
                }
            }
        ],
        [
            {
                "query": {
                    "x": 0.9995908465369325
                },
                "metrics": {
                    "outcome": 15.821533016212083
                },
                "metadata": {
                    "trials": 1
                }
            }
        ],
        [
            {
                "query": {
                    "x": 0.998877851263054
                },
                "metrics": {
                    "outcome": 15.806298487999872
                },
                "metadata": {
                    "trials": 1
                }
            }
        ],
        [
            {
                "query": {
                    "x": 0.19779396986697984
                },
                "metrics": {
                    "outcome": -0.6603283124753264
                },
                "metadata": {
                    "trials": 1
                }
            }
        ],
        [
            {
                "query": {
                    "x": 0.1992113052717256
                },
                "metrics": {
                    "outcome": -0.6471097771045634
                },
                "metadata": {
                    "trials": 1
                }
            }
        ],
        [
            {
                "query": {
                    "x": 0.19823777838072387
                },
                "metrics": {
                    "outcome": -0.6561964631184574
                },
                "metadata": {
                    "trials": 1
                }
            }
        ],
        [
            {
                "query": {
                    "x": 0.19917127852016947
                },
                "metrics": {
                    "outcome": -0.6474839689064324
                },
                "metadata": {
                    "trials": 1
                }
            }
        ],
        [
            {
                "query": {
                    "x": 0.1985720118784553
                },
                "metrics": {
                    "outcome": -0.6530802707933187
                },
                "metadata": {
                    "trials": 1
                }
            }
        ],
        [
            {
                "query": {
                    "x": 0.40011793462044953
                },
                "metrics": {
                    "outcome": 0.11534162076313705
                },
                "metadata": {
                    "trials": 1
                }
            }
        ],
        [
            {
                "query": {
                    "x": 0.4004053122095882
                },
                "metrics": {
                    "outcome": 0.11672424530475688
                },
                "metadata": {
                    "trials": 1
                }
            }
        ],
        [
            {
                "query": {
                    "x": 0.399579964152029
                },
                "metrics": {
                    "outcome": 0.11277896581005527
                },
                "metadata": {
                    "trials": 1
                }
            }
        ],
        [
            {
                "query": {
                    "x": 0.3990568044385686
                },
                "metrics": {
                    "outcome": 0.1103188730304726
                },
                "metadata": {
                    "trials": 1
                }
            }
        ],
        [
            {
                "query": {
                    "x": 0.3995136568623944
                },
                "metrics": {
                    "outcome": 0.1124654178668533
                },
                "metadata": {
                    "trials": 1
                }
            }
        ],
        [
            {
                "query": {
                    "x": 0.6022244154128251
                },
                "metrics": {
                    "outcome": -0.22123927405352348
                },
                "metadata": {
                    "trials": 1
                }
            }
        ],
        [
            {
                "query": {
                    "x": 0.6029570333278954
                },
                "metrics": {
                    "outcome": -0.24536225789916188
                },
                "metadata": {
                    "trials": 1
                }
            }
        ],
        [
            {
                "query": {
                    "x": 0.6029905589972979
                },
                "metrics": {
                    "outcome": -0.24647175915381656
                },
                "metadata": {
                    "trials": 1
                }
            }
        ],
        [
            {
                "query": {
                    "x": 0.6020769940451491
                },
                "metrics": {
                    "outcome": -0.2164134444452458
                },
                "metadata": {
                    "trials": 1
                }
            }
        ],
        [
            {
                "query": {
                    "x": 0.6023636912189835
                },
                "metrics": {
                    "outcome": -0.22580718849868975
                },
                "metadata": {
                    "trials": 1
                }
            }
        ],
        [
            {
                "query": {
                    "x": 0.10250755914875098
                },
                "metrics": {
                    "outcome": -0.6966237005213075
                },
                "metadata": {
                    "trials": 1
                }
            }
        ],
        [
            {
                "query": {
                    "x": 0.10247169974215142
                },
                "metrics": {
                    "outcome": -0.6960708351369542
                },
                "metadata": {
                    "trials": 1
                }
            }
        ],
        [
            {
                "query": {
                    "x": 0.10279839432155258
                },
                "metrics": {
                    "outcome": -0.701086505351741
                },
                "metadata": {
                    "trials": 1
                }
            }
        ],
        [
            {
                "query": {
                    "x": 0.10272999145454109
                },
                "metrics": {
                    "outcome": -0.7000402665426743
                },
                "metadata": {
                    "trials": 1
                }
            }
        ],
        [
            {
                "query": {
                    "x": 0.10111433903424794
                },
                "metrics": {
                    "outcome": -0.6747212351168287
                },
                "metadata": {
                    "trials": 1
                }
            }
        ],
        [
            {
                "query": {
                    "x": 0.23779269407871206
                },
                "metrics": {
                    "outcome": -0.29946866703790653
                },
                "metadata": {
                    "trials": 1
                }
            }
        ],
        [
            {
                "query": {
                    "x": 0.572930930118113
                },
                "metrics": {
                    "outcome": 0.544110025344411
                },
                "metadata": {
                    "trials": 1
                }
            }
        ],
        [
            {
                "query": {
                    "x": 0.17413277633853652
                },
                "metrics": {
                    "outcome": -0.860300507334055
                },
                "metadata": {
                    "trials": 1
                }
            }
        ],
        [
            {
                "query": {
                    "x": 0.13725240869778488
                },
                "metrics": {
                    "outcome": -0.9818691051919011
                },
                "metadata": {
                    "trials": 1
                }
            }
        ],
        [
            {
                "query": {
                    "x": 0.6748962221927246
                },
                "metrics": {
                    "outcome": -3.43371168243769
                },
                "metadata": {
                    "trials": 1
                }
            }
        ],
        [
            {
                "query": {
                    "x": 0.8508390229817153
                },
                "metrics": {
                    "outcome": -0.7043106840452203
                },
                "metadata": {
                    "trials": 1
                }
            }
        ],
        [
            {
                "query": {
                    "x": 0.830158939203494
                },
                "metrics": {
                    "outcome": -2.80604299866541
                },
                "metadata": {
                    "trials": 1
                }
            }
        ],
        [
            {
                "query": {
                    "x": 0.3433131499805727
                },
                "metrics": {
                    "outcome": 0.0004283638700770257
                },
                "metadata": {
                    "trials": 1
                }
            }
        ],
        [
            {
                "query": {
                    "x": 0.16036679378995577
                },
                "metrics": {
                    "outcome": -0.9426898406501871
                },
                "metadata": {
                    "trials": 1
                }
            }
        ],
        [
            {
                "query": {
                    "x": 0.017362737422575547
                },
                "metrics": {
                    "outcome": 2.1752848491991337
                },
                "metadata": {
                    "trials": 1
                }
            }
        ],
        [
            {
                "query": {
                    "x": 0.3542122098946927
                },
                "metrics": {
                    "outcome": 0.0038909162209191557
                },
                "metadata": {
                    "trials": 1
                }
            }
        ],
        [
            {
                "query": {
                    "x": 0.8878760967356261
                },
                "metrics": {
                    "outcome": 4.017014797518264
                },
                "metadata": {
                    "trials": 1
                }
            }
        ],
        [
            {
                "query": {
                    "x": 0.9364615709303532
                },
                "metrics": {
                    "outcome": 10.685138111915187
                },
                "metadata": {
                    "trials": 1
                }
            }
        ],
        [
            {
                "query": {
                    "x": 0.8886415284100675
                },
                "metrics": {
                    "outcome": 4.122957804923354
                },
                "metadata": {
                    "trials": 1
                }
            }
        ],
        [
            {
                "query": {
                    "x": 0.6260039897816195
                },
                "metrics": {
                    "outcome": -1.1163932318127574
                },
                "metadata": {
                    "trials": 1
                }
            }
        ],
        [
            {
                "query": {
                    "x": 0.5207794736814465
                },
                "metrics": {
                    "outcome": 0.9846965710820939
                },
                "metadata": {
                    "trials": 1
                }
            }
        ],
        [
            {
                "query": {
                    "x": 0.2921976248125565
                },
                "metrics": {
                    "outcome": -0.028864086789238623
                },
                "metadata": {
                    "trials": 1
                }
            }
        ],
        [
            {
                "query": {
                    "x": 0.6542749873408396
                },
                "metrics": {
                    "outcome": -2.4162593137582995
                },
                "metadata": {
                    "trials": 1
                }
            }
        ],
        [
            {
                "query": {
                    "x": 0.49552695488182796
                },
                "metrics": {
                    "outcome": 0.8810484570735063
                },
                "metadata": {
                    "trials": 1
                }
            }
        ],
        [
            {
                "query": {
                    "x": 0.6465866333732376
                },
                "metrics": {
                    "outcome": -2.045214745401481
                },
                "metadata": {
                    "trials": 1
                }
            }
        ],
        [
            {
                "query": {
                    "x": 0.5326810958892845
                },
                "metrics": {
                    "outcome": 0.974560341234578
                },
                "metadata": {
                    "trials": 1
                }
            }
        ],
        [
            {
                "query": {
                    "x": 0.08253422566720936
                },
                "metrics": {
                    "outcome": -0.29804200543328063
                },
                "metadata": {
                    "trials": 1
                }
            }
        ],
        [
            {
                "query": {
                    "x": 0.199087142427831
                },
                "metrics": {
                    "outcome": -0.6482703598333663
                },
                "metadata": {
                    "trials": 1
                }
            }
        ],
        [
            {
                "query": {
                    "x": 0.7922829154293134
                },
                "metrics": {
                    "outcome": -5.310121749949613
                },
                "metadata": {
                    "trials": 1
                }
            }
        ],
        [
            {
                "query": {
                    "x": 0.7450651701140375
                },
                "metrics": {
                    "outcome": -5.944350308123838
                },
                "metadata": {
                    "trials": 1
                }
            }
        ],
        [
            {
                "query": {
                    "x": 0.9155571757871358
                },
                "metrics": {
                    "outcome": 7.894302795818187
                },
                "metadata": {
                    "trials": 1
                }
            }
        ],
        [
            {
                "query": {
                    "x": 0.6489627541097702
                },
                "metrics": {
                    "outcome": -2.1588831695756396
                },
                "metadata": {
                    "trials": 1
                }
            }
        ],
        [
            {
                "query": {
                    "x": 0.6047990005684528
                },
                "metrics": {
                    "outcome": -0.3070425599957846
                },
                "metadata": {
                    "trials": 1
                }
            }
        ],
        [
            {
                "query": {
                    "x": 0.6613803909263519
                },
                "metrics": {
                    "outcome": -2.765528393606296
                },
                "metadata": {
                    "trials": 1
                }
            }
        ],
        [
            {
                "query": {
                    "x": 0.6555067073469062
                },
                "metrics": {
                    "outcome": -2.476468672826463
                },
                "metadata": {
                    "trials": 1
                }
            }
        ],
        [
            {
                "query": {
                    "x": 0.9764015136986598
                },
                "metrics": {
                    "outcome": 14.74749640486361
                },
                "metadata": {
                    "trials": 1
                }
            }
        ],
        [
            {
                "query": {
                    "x": 0.9997651752667751
                },
                "metrics": {
                    "outcome": 15.825074904234093
                },
                "metadata": {
                    "trials": 1
                }
            }
        ],
        [
            {
                "query": {
                    "x": 0.13147493559439405
                },
                "metrics": {
                    "outcome": -0.9664604896345409
                },
                "metadata": {
                    "trials": 1
                }
            }
        ],
        [
            {
                "query": {
                    "x": 0.45033820778909517
                },
                "metrics": {
                    "outcome": 0.4860100034592361
                },
                "metadata": {
                    "trials": 1
                }
            }
        ],
        [
            {
                "query": {
                    "x": 0.9282902381853362
                },
                "metrics": {
                    "outcome": 9.62638015343366
                },
                "metadata": {
                    "trials": 1
                }
            }
        ],
        [
            {
                "query": {
                    "x": 0.37038642667013655
                },
                "metrics": {
                    "outcome": 0.021259423888943033
                },
                "metadata": {
                    "trials": 1
                }
            }
        ],
        [
            {
                "query": {
                    "x": 0.41865998176543273
                },
                "metrics": {
                    "outcome": 0.2238759906389039
                },
                "metadata": {
                    "trials": 1
                }
            }
        ],
        [
            {
                "query": {
                    "x": 0.6890390371167189
                },
                "metrics": {
                    "outcome": -4.113465740064151
                },
                "metadata": {
                    "trials": 1
                }
            }
        ],
        [
            {
                "query": {
                    "x": 0.026748769911173698
                },
                "metrics": {
                    "outcome": 1.7322392922401264
                },
                "metadata": {
                    "trials": 1
                }
            }
        ],
        [
            {
                "query": {
                    "x": 0.9475084865325486
                },
                "metrics": {
                    "outcome": 12.020616572993333
                },
                "metadata": {
                    "trials": 1
                }
            }
        ],
        [
            {
                "query": {
                    "x": 0.589182626288713
                },
                "metrics": {
                    "outcome": 0.1681152072436386
                },
                "metadata": {
                    "trials": 1
                }
            }
        ],
        [
            {
                "query": {
                    "x": 0.16286903902114336
                },
                "metrics": {
                    "outcome": -0.9303883883891567
                },
                "metadata": {
                    "trials": 1
                }
            }
        ],
        [
            {
                "query": {
                    "x": 0.7859488650127026
                },
                "metrics": {
                    "outcome": -5.549432172742809
                },
                "metadata": {
                    "trials": 1
                }
            }
        ],
        [
            {
                "query": {
                    "x": 0.08702374152491044
                },
                "metrics": {
                    "outcome": -0.403634575685374
                },
                "metadata": {
                    "trials": 1
                }
            }
        ],
        [
            {
                "query": {
                    "x": 0.9425878354077428
                },
                "metrics": {
                    "outcome": 11.44129349657602
                },
                "metadata": {
                    "trials": 1
                }
            }
        ],
        [
            {
                "query": {
                    "x": 0.6372579712151041
                },
                "metrics": {
                    "outcome": -1.6102814390628768
                },
                "metadata": {
                    "trials": 1
                }
            }
        ],
        [
            {
                "query": {
                    "x": 0.9582177265058575
                },
                "metrics": {
                    "outcome": 13.17897278810967
                },
                "metadata": {
                    "trials": 1
                }
            }
        ],
        [
            {
                "query": {
                    "x": 0.9472593261455488
                },
                "metrics": {
                    "outcome": 11.991938363163865
                },
                "metadata": {
                    "trials": 1
                }
            }
        ],
        [
            {
                "query": {
                    "x": 0.20521241749667107
                },
                "metrics": {
                    "outcome": -0.5906103812674535
                },
                "metadata": {
                    "trials": 1
                }
            }
        ],
        [
            {
                "query": {
                    "x": 0.4920668083919032
                },
                "metrics": {
                    "outcome": 0.8569399743931214
                },
                "metadata": {
                    "trials": 1
                }
            }
        ],
        [
            {
                "query": {
                    "x": 0.4338288410886577
                },
                "metrics": {
                    "outcome": 0.33964487544856914
                },
                "metadata": {
                    "trials": 1
                }
            }
        ],
        [
            {
                "query": {
                    "x": 0.47233729731305785
                },
                "metrics": {
                    "outcome": 0.6923088600830015
                },
                "metadata": {
                    "trials": 1
                }
            }
        ],
        [
            {
                "query": {
                    "x": 0.5402324449316017
                },
                "metrics": {
                    "outcome": 0.9433927484882721
                },
                "metadata": {
                    "trials": 1
                }
            }
        ],
        [
            {
                "query": {
                    "x": 0.4294052264476764
                },
                "metrics": {
                    "outcome": 0.3036742259116104
                },
                "metadata": {
                    "trials": 1
                }
            }
        ],
        [
            {
                "query": {
                    "x": 0.3601408121672436
                },
                "metrics": {
                    "outcome": 0.00817965921037891
                },
                "metadata": {
                    "trials": 1
                }
            }
        ],
        [
            {
                "query": {
                    "x": 0.7598117193413572
                },
                "metrics": {
                    "outcome": -6.017206951011375
                },
                "metadata": {
                    "trials": 1
                }
            }
        ],
        [
            {
                "query": {
                    "x": 0.11558466884602026
                },
                "metrics": {
                    "outcome": -0.8608557411922747
                },
                "metadata": {
                    "trials": 1
                }
            }
        ],
        [
            {
                "query": {
                    "x": 0.7082746971540396
                },
                "metrics": {
                    "outcome": -4.946446863001184
                },
                "metadata": {
                    "trials": 1
                }
            }
        ],
        [
            {
                "query": {
                    "x": 0.6140250095120112
                },
                "metrics": {
                    "outcome": -0.6375302559028424
                },
                "metadata": {
                    "trials": 1
                }
            }
        ],
        [
            {
                "query": {
                    "x": 0.7766020029983294
                },
                "metrics": {
                    "outcome": -5.810605756342402
                },
                "metadata": {
                    "trials": 1
                }
            }
        ],
        [
            {
                "query": {
                    "x": 0.27412912135144707
                },
                "metrics": {
                    "outcome": -0.0822947462856089
                },
                "metadata": {
                    "trials": 1
                }
            }
        ],
        [
            {
                "query": {
                    "x": 0.8658116299716697
                },
                "metrics": {
                    "outcome": 1.0855628739585448
                },
                "metadata": {
                    "trials": 1
                }
            }
        ],
        [
            {
                "query": {
                    "x": 0.6180925615279107
                },
                "metrics": {
                    "outcome": -0.794144789544775
                },
                "metadata": {
                    "trials": 1
                }
            }
        ],
        [
            {
                "query": {
                    "x": 0.4982806982223654
                },
                "metrics": {
                    "outcome": 0.8988533241801132
                },
                "metadata": {
                    "trials": 1
                }
            }
        ],
        [
            {
                "query": {
                    "x": 0.9617780916005007
                },
                "metrics": {
                    "outcome": 13.528705315324398
                },
                "metadata": {
                    "trials": 1
                }
            }
        ],
        [
            {
                "query": {
                    "x": 0.8546939748671313
                },
                "metrics": {
                    "outcome": -0.2627810937372542
                },
                "metadata": {
                    "trials": 1
                }
            }
        ],
        [
            {
                "query": {
                    "x": 0.22057256140184212
                },
                "metrics": {
                    "outcome": -0.44693883308081817
                },
                "metadata": {
                    "trials": 1
                }
            }
        ],
        [
            {
                "query": {
                    "x": 0.1760814659116683
                },
                "metrics": {
                    "outcome": -0.846072877596593
                },
                "metadata": {
                    "trials": 1
                }
            }
        ],
        [
            {
                "query": {
                    "x": 0.213244507207753
                },
                "metrics": {
                    "outcome": -0.5148050741647429
                },
                "metadata": {
                    "trials": 1
                }
            }
        ],
        [
            {
                "query": {
                    "x": 0.17084379861914012
                },
                "metrics": {
                    "outcome": -0.8830227678897419
                },
                "metadata": {
                    "trials": 1
                }
            }
        ],
        [
            {
                "query": {
                    "x": 0.9927688249983192
                },
                "metrics": {
                    "outcome": 15.62732083662612
                },
                "metadata": {
                    "trials": 1
                }
            }
        ],
        [
            {
                "query": {
                    "x": 0.6980648737627657
                },
                "metrics": {
                    "outcome": -4.521863748496339
                },
                "metadata": {
                    "trials": 1
                }
            }
        ],
        [
            {
                "query": {
                    "x": 0.36414737502161
                },
                "metrics": {
                    "outcome": 0.012353427943062302
                },
                "metadata": {
                    "trials": 1
                }
            }
        ],
        [
            {
                "query": {
                    "x": 0.5926895253359798
                },
                "metrics": {
                    "outcome": 0.07098605515051594
                },
                "metadata": {
                    "trials": 1
                }
            }
        ],
        [
            {
                "query": {
                    "x": 0.6062666734694808
                },
                "metrics": {
                    "outcome": -0.3572345216449319
                },
                "metadata": {
                    "trials": 1
                }
            }
        ],
        [
            {
                "query": {
                    "x": 0.5972774571773117
                },
                "metrics": {
                    "outcome": -0.06454069638100855
                },
                "metadata": {
                    "trials": 1
                }
            }
        ],
        [
            {
                "query": {
                    "x": 0.03920951774485304
                },
                "metrics": {
                    "outcome": 1.1779560579090915
                },
                "metadata": {
                    "trials": 1
                }
            }
        ],
        [
            {
                "query": {
                    "x": 0.17655100927263867
                },
                "metrics": {
                    "outcome": -0.8425649916300098
                },
                "metadata": {
                    "trials": 1
                }
            }
        ],
        [
            {
                "query": {
                    "x": 0.488174791486813
                },
                "metrics": {
                    "outcome": 0.8277536451555889
                },
                "metadata": {
                    "trials": 1
                }
            }
        ],
        [
            {
                "query": {
                    "x": 0.9782917602197274
                },
                "metrics": {
                    "outcome": 14.876947148665314
                },
                "metadata": {
                    "trials": 1
                }
            }
        ],
        [
            {
                "query": {
                    "x": 0.019739512496420697
                },
                "metrics": {
                    "outcome": 2.061441867469662
                },
                "metadata": {
                    "trials": 1
                }
            }
        ],
        [
            {
                "query": {
                    "x": 0.4947704344017445
                },
                "metrics": {
                    "outcome": 0.8759365539811376
                },
                "metadata": {
                    "trials": 1
                }
            }
        ],
        [
            {
                "query": {
                    "x": 0.6265778621422502
                },
                "metrics": {
                    "outcome": -1.1406212797620516
                },
                "metadata": {
                    "trials": 1
                }
            }
        ],
        [
            {
                "query": {
                    "x": 0.9865289743009044
                },
                "metrics": {
                    "outcome": 15.3580465344305
                },
                "metadata": {
                    "trials": 1
                }
            }
        ],
        [
            {
                "query": {
                    "x": 0.42880787399616926
                },
                "metrics": {
                    "outcome": 0.29894719160154243
                },
                "metadata": {
                    "trials": 1
                }
            }
        ],
        [
            {
                "query": {
                    "x": 0.6059361676928057
                },
                "metrics": {
                    "outcome": -0.3458514525349122
                },
                "metadata": {
                    "trials": 1
                }
            }
        ],
        [
            {
                "query": {
                    "x": 0.5301504760366166
                },
                "metrics": {
                    "outcome": 0.9805340956776916
                },
                "metadata": {
                    "trials": 1
                }
            }
        ],
        [
            {
                "query": {
                    "x": 0.28090676851010377
                },
                "metrics": {
                    "outcome": -0.05822398681334695
                },
                "metadata": {
                    "trials": 1
                }
            }
        ],
        [
            {
                "query": {
                    "x": 0.5115292266922555
                },
                "metrics": {
                    "outcome": 0.9639130202201814
                },
                "metadata": {
                    "trials": 1
                }
            }
        ],
        [
            {
                "query": {
                    "x": 0.8863138674781921
                },
                "metrics": {
                    "outcome": 3.8014171525047877
                },
                "metadata": {
                    "trials": 1
                }
            }
        ]
    ]
}