{
    "date": "06/11/2022 12:45:36",
    "basic_params": {
        "active_variables": [
            "x1",
            "x2"
        ],
        "default_query": {},
        "metric": "basic",
        "n_trials": 1
    },
    "objective_function": {
        "name": "Branin",
        "params": {}
    },
    "optimizer": {
        "name": "GO-BBO-LP",
        "params": {
            "maximize": false,
            "domain": [
                {
                    "name": "x1",
                    "type": "continuous",
                    "domain": [
                        -5.0,
                        10.0
                    ]
                },
                {
                    "name": "x2",
                    "type": "continuous",
                    "domain": [
                        0.0,
                        15.0
                    ]
                }
            ],
            "initial_design_numdata": 15,
            "num_iters": 45,
            "batch_size": 3,
            "model_update_interval": 5
        }
    },
    "best_results": [
        {
            "query": {
                "x1": -3.140920026352859,
                "x2": 12.250418201360876
            },
            "metrics": [
                {
                    "name": "outcome",
                    "value": 0.3984169381998779
                }
            ]
        }
    ],
    "iterations": [
        [
            {
                "query": {
                    "x1": 3.5,
                    "x2": 13.5
                },
                "metrics": {
                    "outcome": 132.98017724278571
                },
                "metadata": {
                    "trials": 1
                }
            }
        ],
        [
            {
                "query": {
                    "x1": -2.4999999999999996,
                    "x2": 3.5
                },
                "metrics": {
                    "outcome": 55.39715777614397
                },
                "metadata": {
                    "trials": 1
                }
            }
        ],
        [
            {
                "query": {
                    "x1": 7.5,
                    "x2": 6.5
                },
                "metrics": {
                    "outcome": 40.0572496046007
                },
                "metadata": {
                    "trials": 1
                }
            }
        ],
        [
            {
                "query": {
                    "x1": 4.5,
                    "x2": 2.5000000000000004
                },
                "metrics": {
                    "outcome": 9.070001971345224
                },
                "metadata": {
                    "trials": 1
                }
            }
        ],
        [
            {
                "query": {
                    "x1": -0.5,
                    "x2": 1.5
                },
                "metrics": {
                    "outcome": 46.81498551747792
                },
                "metadata": {
                    "trials": 1
                }
            }
        ],
        [
            {
                "query": {
                    "x1": 5.5,
                    "x2": 5.5
                },
                "metrics": {
                    "outcome": 35.689752646483925
                },
                "metadata": {
                    "trials": 1
                }
            }
        ],
        [
            {
                "query": {
                    "x1": -4.5,
                    "x2": 4.5
                },
                "metrics": {
                    "outcome": 135.16826854028093
                },
                "metadata": {
                    "trials": 1
                }
            }
        ],
        [
            {
                "query": {
                    "x1": 1.5,
                    "x2": 0.5
                },
                "metrics": {
                    "outcome": 22.261956535217475
                },
                "metadata": {
                    "trials": 1
                }
            }
        ],
        [
            {
                "query": {
                    "x1": 2.5,
                    "x2": 11.5
                },
                "metrics": {
                    "outcome": 77.50172757480229
                },
                "metadata": {
                    "trials": 1
                }
            }
        ],
        [
            {
                "query": {
                    "x1": -1.5,
                    "x2": 9.5
                },
                "metrics": {
                    "outcome": 11.354928182557208
                },
                "metadata": {
                    "trials": 1
                }
            }
        ],
        [
            {
                "query": {
                    "x1": 6.5,
                    "x2": 7.5
                },
                "metrics": {
                    "outcome": 60.171402824814386
                },
                "metadata": {
                    "trials": 1
                }
            }
        ],
        [
            {
                "query": {
                    "x1": -3.5,
                    "x2": 12.5
                },
                "metrics": {
                    "outcome": 1.4343592267532248
                },
                "metadata": {
                    "trials": 1
                }
            }
        ],
        [
            {
                "query": {
                    "x1": 8.5,
                    "x2": 8.5
                },
                "metrics": {
                    "outcome": 49.03694082719635
                },
                "metadata": {
                    "trials": 1
                }
            }
        ],
        [
            {
                "query": {
                    "x1": 0.5,
                    "x2": 14.5
                },
                "metrics": {
                    "outcome": 104.23868216571202
                },
                "metadata": {
                    "trials": 1
                }
            }
        ],
        [
            {
                "query": {
                    "x1": 9.5,
                    "x2": 10.5
                },
                "metrics": {
                    "outcome": 63.79965818530172
                },
                "metadata": {
                    "trials": 1
                }
            }
        ],
        [
            {
                "query": {
                    "x1": 9.935350544678151,
                    "x2": 0.32201227256536347
                },
                "metrics": {
                    "outcome": 8.472978200992266
                },
                "metadata": {
                    "trials": 1
                }
            },
            {
                "query": {
                    "x1": -4.828868192678968,
                    "x2": 14.943748031684482
                },
                "metrics": {
                    "outcome": 14.192276060832324
                },
                "metadata": {
                    "trials": 1
                }
            },
            {
                "query": {
                    "x1": 10.0,
                    "x2": 15.0
                },
                "metrics": {
                    "outcome": 145.87219087939556
                },
                "metadata": {
                    "trials": 1
                }
            }
        ],
        [
            {
                "query": {
                    "x1": 9.926238975138919,
                    "x2": 0.08441343737629836
                },
                "metrics": {
                    "outcome": 9.680172443051388
                },
                "metadata": {
                    "trials": 1
                }
            },
            {
                "query": {
                    "x1": -4.865537781715838,
                    "x2": 14.838469525642978
                },
                "metrics": {
                    "outcome": 15.320214766906009
                },
                "metadata": {
                    "trials": 1
                }
            },
            {
                "query": {
                    "x1": 10.0,
                    "x2": 15.0
                },
                "metrics": {
                    "outcome": 145.87219087939556
                },
                "metadata": {
                    "trials": 1
                }
            }
        ],
        [
            {
                "query": {
                    "x1": 9.299884442798666,
                    "x2": 0.08209858990968877
                },
                "metrics": {
                    "outcome": 5.714791973883652
                },
                "metadata": {
                    "trials": 1
                }
            },
            {
                "query": {
                    "x1": -4.919905822561345,
                    "x2": 14.720692683739463
                },
                "metrics": {
                    "outcome": 16.98049804940938
                },
                "metadata": {
                    "trials": 1
                }
            },
            {
                "query": {
                    "x1": 10.0,
                    "x2": 15.0
                },
                "metrics": {
                    "outcome": 145.87219087939556
                },
                "metadata": {
                    "trials": 1
                }
            }
        ],
        [
            {
                "query": {
                    "x1": 9.848624895215986,
                    "x2": 0.04035603739940663
                },
                "metrics": {
                    "outcome": 9.173882459411896
                },
                "metadata": {
                    "trials": 1
                }
            },
            {
                "query": {
                    "x1": -4.691194278331883,
                    "x2": 14.53990391522218
                },
                "metrics": {
                    "outcome": 12.927158785379525
                },
                "metadata": {
                    "trials": 1
                }
            },
            {
                "query": {
                    "x1": 10.0,
                    "x2": 15.0
                },
                "metrics": {
                    "outcome": 145.87219087939556
                },
                "metadata": {
                    "trials": 1
                }
            }
        ],
        [
            {
                "query": {
                    "x1": 9.46272853490976,
                    "x2": 0.10938588459683096
                },
                "metrics": {
                    "outcome": 6.154304992475655
                },
                "metadata": {
                    "trials": 1
                }
            },
            {
                "query": {
                    "x1": -4.235652093607684,
                    "x2": 14.983082926489141
                },
                "metrics": {
                    "outcome": 5.5995106444727245
                },
                "metadata": {
                    "trials": 1
                }
            },
            {
                "query": {
                    "x1": 10.0,
                    "x2": 15.0
                },
                "metrics": {
                    "outcome": 145.87219087939556
                },
                "metadata": {
                    "trials": 1
                }
            }
        ],
        [
            {
                "query": {
                    "x1": 2.7423508803733183,
                    "x2": 3.0578023448533234
                },
                "metrics": {
                    "outcome": 1.3563095327163541
                },
                "metadata": {
                    "trials": 1
                }
            },
            {
                "query": {
                    "x1": 2.843260955733075,
                    "x2": 3.143902392718224
                },
                "metrics": {
                    "outcome": 1.2123402631199767
                },
                "metadata": {
                    "trials": 1
                }
            },
            {
                "query": {
                    "x1": 3.033850925495558,
                    "x2": 2.8594474205460862
                },
                "metrics": {
                    "outcome": 0.7024910590885014
                },
                "metadata": {
                    "trials": 1
                }
            }
        ],
        [
            {
                "query": {
                    "x1": 2.709851763244576,
                    "x2": 3.519404839565648
                },
                "metrics": {
                    "outcome": 2.059788137243996
                },
                "metadata": {
                    "trials": 1
                }
            },
            {
                "query": {
                    "x1": 2.805126213756453,
                    "x2": 3.535246054517176
                },
                "metrics": {
                    "outcome": 1.9030356872120002
                },
                "metadata": {
                    "trials": 1
                }
            },
            {
                "query": {
                    "x1": 2.978110076174981,
                    "x2": 3.4038515195269534
                },
                "metrics": {
                    "outcome": 1.5217328345070769
                },
                "metadata": {
                    "trials": 1
                }
            }
        ],
        [
            {
                "query": {
                    "x1": 3.0135305749839683,
                    "x2": 2.6429643174032664
                },
                "metrics": {
                    "outcome": 0.5472595010712951
                },
                "metadata": {
                    "trials": 1
                }
            },
            {
                "query": {
                    "x1": 2.6981706487783548,
                    "x2": 3.1962784448986743
                },
                "metrics": {
                    "outcome": 1.6290973369538513
                },
                "metadata": {
                    "trials": 1
                }
            },
            {
                "query": {
                    "x1": 2.7403982252978802,
                    "x2": 3.3720926790301196
                },
                "metrics": {
                    "outcome": 1.743157895246414
                },
                "metadata": {
                    "trials": 1
                }
            }
        ],
        [
            {
                "query": {
                    "x1": 2.8620992402501346,
                    "x2": 3.025474547745194
                },
                "metrics": {
                    "outcome": 1.043414462220385
                },
                "metadata": {
                    "trials": 1
                }
            },
            {
                "query": {
                    "x1": 3.108396458785806,
                    "x2": 2.693633974820028
                },
                "metrics": {
                    "outcome": 0.5573148922347695
                },
                "metadata": {
                    "trials": 1
                }
            },
            {
                "query": {
                    "x1": 2.8969102301973484,
                    "x2": 3.1447209937362057
                },
                "metrics": {
                    "outcome": 1.13436068897094
                },
                "metadata": {
                    "trials": 1
                }
            }
        ],
        [
            {
                "query": {
                    "x1": 2.778371977096507,
                    "x2": 3.279442555146682
                },
                "metrics": {
                    "outcome": 1.520164860609194
                },
                "metadata": {
                    "trials": 1
                }
            },
            {
                "query": {
                    "x1": 2.9121695065576576,
                    "x2": 3.172540412546566
                },
                "metrics": {
                    "outcome": 1.1561764140556203
                },
                "metadata": {
                    "trials": 1
                }
            },
            {
                "query": {
                    "x1": 2.865444025799692,
                    "x2": 3.0637457441751845
                },
                "metrics": {
                    "outcome": 1.0792602201924488
                },
                "metadata": {
                    "trials": 1
                }
            }
        ],
        [
            {
                "query": {
                    "x1": 9.438754642708266,
                    "x2": 2.4151970173120305
                },
                "metrics": {
                    "outcome": 0.4039543333509972
                },
                "metadata": {
                    "trials": 1
                }
            },
            {
                "query": {
                    "x1": 9.458619702361387,
                    "x2": 3.168366835401256
                },
                "metrics": {
                    "outcome": 0.8451750506185896
                },
                "metadata": {
                    "trials": 1
                }
            },
            {
                "query": {
                    "x1": 9.385196821022609,
                    "x2": 2.6160936853827415
                },
                "metrics": {
                    "outcome": 0.4357811399395306
                },
                "metadata": {
                    "trials": 1
                }
            }
        ],
        [
            {
                "query": {
                    "x1": -2.992527338032326,
                    "x2": 11.552440814463056
                },
                "metrics": {
                    "outcome": 0.6392002137751849
                },
                "metadata": {
                    "trials": 1
                }
            },
            {
                "query": {
                    "x1": 9.370242977229818,
                    "x2": 2.7073829912166723
                },
                "metrics": {
                    "outcome": 0.4894465828826249
                },
                "metadata": {
                    "trials": 1
                }
            },
            {
                "query": {
                    "x1": 9.321746795649338,
                    "x2": 2.3174553971750056
                },
                "metrics": {
                    "outcome": 0.453992527932062
                },
                "metadata": {
                    "trials": 1
                }
            }
        ],
        [
            {
                "query": {
                    "x1": 9.564738361340508,
                    "x2": 2.535468276370124
                },
                "metrics": {
                    "outcome": 0.49539605159494826
                },
                "metadata": {
                    "trials": 1
                }
            },
            {
                "query": {
                    "x1": 9.276406719694737,
                    "x2": 2.6176589903251077
                },
                "metrics": {
                    "outcome": 0.5735929714134276
                },
                "metadata": {
                    "trials": 1
                }
            },
            {
                "query": {
                    "x1": 9.363927558238926,
                    "x2": 2.1733866466689555
                },
                "metrics": {
                    "outcome": 0.47854121454931864
                },
                "metadata": {
                    "trials": 1
                }
            }
        ],
        [
            {
                "query": {
                    "x1": 9.165739878670639,
                    "x2": 2.679203488602708
                },
                "metrics": {
                    "outcome": 0.8896728387240778
                },
                "metadata": {
                    "trials": 1
                }
            },
            {
                "query": {
                    "x1": 9.383429143335043,
                    "x2": 2.4607336585286337
                },
                "metrics": {
                    "outcome": 0.4065104817622611
                },
                "metadata": {
                    "trials": 1
                }
            },
            {
                "query": {
                    "x1": 9.270278165305172,
                    "x2": 2.061601241641706
                },
                "metrics": {
                    "outcome": 0.594148409578823
                },
                "metadata": {
                    "trials": 1
                }
            }
        ],
        [
            {
                "query": {
                    "x1": -3.056860314922446,
                    "x2": 12.148738548434288
                },
                "metrics": {
                    "outcome": 0.4381798147280662
                },
                "metadata": {
                    "trials": 1
                }
            },
            {
                "query": {
                    "x1": 9.325661633798308,
                    "x2": 2.054484378188032
                },
                "metrics": {
                    "outcome": 0.55937892539243
                },
                "metadata": {
                    "trials": 1
                }
            },
            {
                "query": {
                    "x1": 9.394999205052619,
                    "x2": 3.132045961683429
                },
                "metrics": {
                    "outcome": 0.8673372662589305
                },
                "metadata": {
                    "trials": 1
                }
            }
        ],
        [
            {
                "query": {
                    "x1": -3.2543315079821546,
                    "x2": 12.628282213968118
                },
                "metrics": {
                    "outcome": 0.4653571939070513
                },
                "metadata": {
                    "trials": 1
                }
            },
            {
                "query": {
                    "x1": -3.1207010211943027,
                    "x2": 12.093599740679993
                },
                "metrics": {
                    "outcome": 0.41720906359400267
                },
                "metadata": {
                    "trials": 1
                }
            },
            {
                "query": {
                    "x1": -3.1877460010971426,
                    "x2": 12.280807239743595
                },
                "metrics": {
                    "outcome": 0.41921852616819955
                },
                "metadata": {
                    "trials": 1
                }
            }
        ],
        [
            {
                "query": {
                    "x1": -3.311830065448427,
                    "x2": 12.696025815870117
                },
                "metrics": {
                    "outcome": 0.5367565900309188
                },
                "metadata": {
                    "trials": 1
                }
            },
            {
                "query": {
                    "x1": -3.205516400613085,
                    "x2": 12.248852919661783
                },
                "metrics": {
                    "outcome": 0.4500067175033937
                },
                "metadata": {
                    "trials": 1
                }
            },
            {
                "query": {
                    "x1": 9.447695133111818,
                    "x2": 2.236868124469866
                },
                "metrics": {
                    "outcome": 0.4667308820868783
                },
                "metadata": {
                    "trials": 1
                }
            }
        ],
        [
            {
                "query": {
                    "x1": -3.1920943686303076,
                    "x2": 12.50133801203133
                },
                "metrics": {
                    "outcome": 0.42107918086545837
                },
                "metadata": {
                    "trials": 1
                }
            },
            {
                "query": {
                    "x1": 9.48694503448305,
                    "x2": 2.491693040288596
                },
                "metrics": {
                    "outcome": 0.4177499754083769
                },
                "metadata": {
                    "trials": 1
                }
            },
            {
                "query": {
                    "x1": -3.249729531920943,
                    "x2": 12.611867215776687
                },
                "metrics": {
                    "outcome": 0.4596711198369299
                },
                "metadata": {
                    "trials": 1
                }
            }
        ],
        [
            {
                "query": {
                    "x1": 3.1807655292055586,
                    "x2": 2.078775985655335
                },
                "metrics": {
                    "outcome": 0.4327675307998131
                },
                "metadata": {
                    "trials": 1
                }
            },
            {
                "query": {
                    "x1": 3.1155637155357923,
                    "x2": 2.172627130766966
                },
                "metrics": {
                    "outcome": 0.41620976240199425
                },
                "metadata": {
                    "trials": 1
                }
            },
            {
                "query": {
                    "x1": 9.38560957531023,
                    "x2": 2.6088772995894254
                },
                "metrics": {
                    "outcome": 0.4330470655340086
                },
                "metadata": {
                    "trials": 1
                }
            }
        ],
        [
            {
                "query": {
                    "x1": 3.064147719645188,
                    "x2": 2.4903458027328624
                },
                "metrics": {
                    "outcome": 0.4504382320369036
                },
                "metadata": {
                    "trials": 1
                }
            },
            {
                "query": {
                    "x1": -3.131750928439951,
                    "x2": 12.158659899047137
                },
                "metrics": {
                    "outcome": 0.40694578147945215
                },
                "metadata": {
                    "trials": 1
                }
            },
            {
                "query": {
                    "x1": 3.1414794220041173,
                    "x2": 2.366229373786259
                },
                "metrics": {
                    "outcome": 0.40619411345892154
                },
                "metadata": {
                    "trials": 1
                }
            }
        ],
        [
            {
                "query": {
                    "x1": -3.1339199438093557,
                    "x2": 12.546704600522753
                },
                "metrics": {
                    "outcome": 0.4823491016897101
                },
                "metadata": {
                    "trials": 1
                }
            },
            {
                "query": {
                    "x1": -3.122124120829106,
                    "x2": 12.314373330859192
                },
                "metrics": {
                    "outcome": 0.4071222768802816
                },
                "metadata": {
                    "trials": 1
                }
            },
            {
                "query": {
                    "x1": 9.578264584726204,
                    "x2": 2.6138580074440054
                },
                "metrics": {
                    "outcome": 0.5108097281983497
                },
                "metadata": {
                    "trials": 1
                }
            }
        ],
        [
            {
                "query": {
                    "x1": -3.014251094032427,
                    "x2": 11.958989827032843
                },
                "metrics": {
                    "outcome": 0.47578127896223243
                },
                "metadata": {
                    "trials": 1
                }
            },
            {
                "query": {
                    "x1": 9.371388877700923,
                    "x2": 2.555110714459254
                },
                "metrics": {
                    "outcome": 0.4271383878167292
                },
                "metadata": {
                    "trials": 1
                }
            },
            {
                "query": {
                    "x1": 9.48695288668781,
                    "x2": 2.427866894835329
                },
                "metrics": {
                    "outcome": 0.4264566049319214
                },
                "metadata": {
                    "trials": 1
                }
            }
        ],
        [
            {
                "query": {
                    "x1": 9.34890561818079,
                    "x2": 2.289245090681188
                },
                "metrics": {
                    "outcome": 0.4405178401844445
                },
                "metadata": {
                    "trials": 1
                }
            },
            {
                "query": {
                    "x1": -3.083044429789184,
                    "x2": 12.3773430528847
                },
                "metrics": {
                    "outcome": 0.4731976654703143
                },
                "metadata": {
                    "trials": 1
                }
            },
            {
                "query": {
                    "x1": 9.41771168827087,
                    "x2": 2.5871764165836346
                },
                "metrics": {
                    "outcome": 0.4120819030608551
                },
                "metadata": {
                    "trials": 1
                }
            }
        ],
        [
            {
                "query": {
                    "x1": -3.140920026352859,
                    "x2": 12.250418201360876
                },
                "metrics": {
                    "outcome": 0.3984169381998779
                },
                "metadata": {
                    "trials": 1
                }
            },
            {
                "query": {
                    "x1": 9.321258756129243,
                    "x2": 2.3467017798432805
                },
                "metrics": {
                    "outcome": 0.4510851668592277
                },
                "metadata": {
                    "trials": 1
                }
            },
            {
                "query": {
                    "x1": 9.43596662075533,
                    "x2": 2.5743733272234697
                },
                "metrics": {
                    "outcome": 0.4065738545333559
                },
                "metadata": {
                    "trials": 1
                }
            }
        ],
        [
            {
                "query": {
                    "x1": -3.0628757218981373,
                    "x2": 12.453924705783178
                },
                "metrics": {
                    "outcome": 0.5625302548123425
                },
                "metadata": {
                    "trials": 1
                }
            },
            {
                "query": {
                    "x1": 3.183481553757014,
                    "x2": 2.1057938966094802
                },
                "metrics": {
                    "outcome": 0.42501520034678997
                },
                "metadata": {
                    "trials": 1
                }
            },
            {
                "query": {
                    "x1": -3.1368816583771175,
                    "x2": 12.40583600335871
                },
                "metrics": {
                    "outcome": 0.418201893055663
                },
                "metadata": {
                    "trials": 1
                }
            }
        ],
        [
            {
                "query": {
                    "x1": 9.346966225628945,
                    "x2": 2.84271361122927
                },
                "metrics": {
                    "outcome": 0.6140559475229814
                },
                "metadata": {
                    "trials": 1
                }
            },
            {
                "query": {
                    "x1": -3.163562535793774,
                    "x2": 12.056377324150656
                },
                "metrics": {
                    "outcome": 0.473908137701029
                },
                "metadata": {
                    "trials": 1
                }
            },
            {
                "query": {
                    "x1": 9.4967971988084,
                    "x2": 2.443202368814898
                },
                "metrics": {
                    "outcome": 0.4314680644875928
                },
                "metadata": {
                    "trials": 1
                }
            }
        ],
        [
            {
                "query": {
                    "x1": 9.435671683227557,
                    "x2": 2.3412490166680975
                },
                "metrics": {
                    "outcome": 0.4188933551177616
                },
                "metadata": {
                    "trials": 1
                }
            },
            {
                "query": {
                    "x1": -3.199846141460503,
                    "x2": 12.691067387596076
                },
                "metrics": {
                    "outcome": 0.4901479373682207
                },
                "metadata": {
                    "trials": 1
                }
            },
            {
                "query": {
                    "x1": 9.422505510360986,
                    "x2": 2.596011279100491
                },
                "metrics": {
                    "outcome": 0.4130233139139108
                },
                "metadata": {
                    "trials": 1
                }
            }
        ],
        [
            {
                "query": {
                    "x1": 9.338998885990538,
                    "x2": 2.53036653484511
                },
                "metrics": {
                    "outcome": 0.44926336859100857
                },
                "metadata": {
                    "trials": 1
                }
            },
            {
                "query": {
                    "x1": 2.9860086166782276,
                    "x2": 2.4464345475335154
                },
                "metrics": {
                    "outcome": 0.5160759082708921
                },
                "metadata": {
                    "trials": 1
                }
            },
            {
                "query": {
                    "x1": -3.19228453454265,
                    "x2": 12.30141943389046
                },
                "metrics": {
                    "outcome": 0.41938745502042174
                },
                "metadata": {
                    "trials": 1
                }
            }
        ],
        [
            {
                "query": {
                    "x1": 3.1513163459804723,
                    "x2": 2.3251222138830125
                },
                "metrics": {
                    "outcome": 0.40166978997322644
                },
                "metadata": {
                    "trials": 1
                }
            },
            {
                "query": {
                    "x1": 3.2858983225987544,
                    "x2": 1.8208751036390258
                },
                "metrics": {
                    "outcome": 0.6162183988630598
                },
                "metadata": {
                    "trials": 1
                }
            },
            {
                "query": {
                    "x1": 3.1310402394510763,
                    "x2": 2.388186658189655
                },
                "metrics": {
                    "outcome": 0.40943497406038176
                },
                "metadata": {
                    "trials": 1
                }
            }
        ],
        [
            {
                "query": {
                    "x1": 3.1487670428041206,
                    "x2": 1.8576537465180771
                },
                "metrics": {
                    "outcome": 0.5676790353426426
                },
                "metadata": {
                    "trials": 1
                }
            },
            {
                "query": {
                    "x1": 3.171976008554485,
                    "x2": 2.162507985950469
                },
                "metrics": {
                    "outcome": 0.4102252530468604
                },
                "metadata": {
                    "trials": 1
                }
            },
            {
                "query": {
                    "x1": -3.1673193106416067,
                    "x2": 12.413464957612247
                },
                "metrics": {
                    "outcome": 0.4069250429739544
                },
                "metadata": {
                    "trials": 1
                }
            }
        ],
        [
            {
                "query": {
                    "x1": 3.2050278335687707,
                    "x2": 2.049219959858638
                },
                "metrics": {
                    "outcome": 0.4484690632055397
                },
                "metadata": {
                    "trials": 1
                }
            },
            {
                "query": {
                    "x1": 9.56115125840183,
                    "x2": 2.7799202081684946
                },
                "metrics": {
                    "outcome": 0.5221877711548313
                },
                "metadata": {
                    "trials": 1
                }
            },
            {
                "query": {
                    "x1": -3.1598003101494743,
                    "x2": 12.631845622245876
                },
                "metrics": {
                    "outcome": 0.49747639720031245
                },
                "metadata": {
                    "trials": 1
                }
            }
        ],
        [
            {
                "query": {
                    "x1": 3.278400947872292,
                    "x2": 2.272700968093606
                },
                "metrics": {
                    "outcome": 0.49800506371287767
                },
                "metadata": {
                    "trials": 1
                }
            },
            {
                "query": {
                    "x1": 9.630471000849026,
                    "x2": 2.532887062725397
                },
                "metrics": {
                    "outcome": 0.6149646761165091
                },
                "metadata": {
                    "trials": 1
                }
            },
            {
                "query": {
                    "x1": -3.1650953318477812,
                    "x2": 12.387744522636117
                },
                "metrics": {
                    "outcome": 0.4036966064919145
                },
                "metadata": {
                    "trials": 1
                }
            }
        ],
        [
            {
                "query": {
                    "x1": 9.398806572128418,
                    "x2": 2.3385006986313783
                },
                "metrics": {
                    "outcome": 0.4142768286311185
                },
                "metadata": {
                    "trials": 1
                }
            },
            {
                "query": {
                    "x1": 9.586815392436183,
                    "x2": 2.920627044419231
                },
                "metrics": {
                    "outcome": 0.6170316678607097
                },
                "metadata": {
                    "trials": 1
                }
            },
            {
                "query": {
                    "x1": 3.1661599050440916,
                    "x2": 2.361691131395407
                },
                "metrics": {
                    "outcome": 0.41197263855087485
                },
                "metadata": {
                    "trials": 1
                }
            }
        ],
        [
            {
                "query": {
                    "x1": 9.483229227071222,
                    "x2": 2.435759555307632
                },
                "metrics": {
                    "outcome": 0.42220437104198183
                },
                "metadata": {
                    "trials": 1
                }
            },
            {
                "query": {
                    "x1": 3.1465334428921703,
                    "x2": 2.082435869801503
                },
                "metrics": {
                    "outcome": 0.43361759356434426
                },
                "metadata": {
                    "trials": 1
                }
            },
            {
                "query": {
                    "x1": 9.520200103233648,
                    "x2": 2.787321014184356
                },
                "metrics": {
                    "outcome": 0.49477099686540527
                },
                "metadata": {
                    "trials": 1
                }
            }
        ],
        [
            {
                "query": {
                    "x1": 9.50307341453123,
                    "x2": 2.503003495336666
                },
                "metrics": {
                    "outcome": 0.42881160389019257
                },
                "metadata": {
                    "trials": 1
                }
            },
            {
                "query": {
                    "x1": -3.0647104438677717,
                    "x2": 12.270567325793762
                },
                "metrics": {
                    "outcome": 0.4584972449826523
                },
                "metadata": {
                    "trials": 1
                }
            },
            {
                "query": {
                    "x1": 9.378680550087019,
                    "x2": 2.4287155306643515
                },
                "metrics": {
                    "outcome": 0.40814656117784764
                },
                "metadata": {
                    "trials": 1
                }
            }
        ],
        [
            {
                "query": {
                    "x1": 9.344204000604995,
                    "x2": 2.366122390445887
                },
                "metrics": {
                    "outcome": 0.4307828392034967
                },
                "metadata": {
                    "trials": 1
                }
            },
            {
                "query": {
                    "x1": 3.238926958166193,
                    "x2": 2.1597586639467585
                },
                "metrics": {
                    "outcome": 0.44498147238984487
                },
                "metadata": {
                    "trials": 1
                }
            },
            {
                "query": {
                    "x1": 3.0702092877452465,
                    "x2": 2.4052361881133058
                },
                "metrics": {
                    "outcome": 0.42780369301765653
                },
                "metadata": {
                    "trials": 1
                }
            }
        ],
        [
            {
                "query": {
                    "x1": 3.130491069999671,
                    "x2": 2.245491395540707
                },
                "metrics": {
                    "outcome": 0.399936938854621
                },
                "metadata": {
                    "trials": 1
                }
            },
            {
                "query": {
                    "x1": 9.526241415591615,
                    "x2": 2.6041095586755283
                },
                "metrics": {
                    "outcome": 0.4490512944885854
                },
                "metadata": {
                    "trials": 1
                }
            },
            {
                "query": {
                    "x1": 9.461606536216722,
                    "x2": 2.4554419164256673
                },
                "metrics": {
                    "outcome": 0.4069790425309545
                },
                "metadata": {
                    "trials": 1
                }
            }
        ],
        [
            {
                "query": {
                    "x1": 9.363009226513457,
                    "x2": 2.548626347432127
                },
                "metrics": {
                    "outcome": 0.4318836021470176
                },
                "metadata": {
                    "trials": 1
                }
            },
            {
                "query": {
                    "x1": -3.0755296205877682,
                    "x2": 12.092507334525678
                },
                "metrics": {
                    "outcome": 0.41942316602550633
                },
                "metadata": {
                    "trials": 1
                }
            },
            {
                "query": {
                    "x1": 3.0540654529423765,
                    "x2": 2.424211056415607
                },
                "metrics": {
                    "outcome": 0.4410388245888761
                },
                "metadata": {
                    "trials": 1
                }
            }
        ],
        [
            {
                "query": {
                    "x1": 9.450453943610972,
                    "x2": 2.246360989655662
                },
                "metrics": {
                    "outcome": 0.46374366164608105
                },
                "metadata": {
                    "trials": 1
                }
            },
            {
                "query": {
                    "x1": 3.1994031303795154,
                    "x2": 2.1419731086289424
                },
                "metrics": {
                    "outcome": 0.42173833547542827
                },
                "metadata": {
                    "trials": 1
                }
            },
            {
                "query": {
                    "x1": 3.0407484252211603,
                    "x2": 2.29755016076079
                },
                "metrics": {
                    "outcome": 0.4499662831382949
                },
                "metadata": {
                    "trials": 1
                }
            }
        ],
        [
            {
                "query": {
                    "x1": 3.2110378694703794,
                    "x2": 2.3815712319197586
                },
                "metrics": {
                    "outcome": 0.4466656503196482
                },
                "metadata": {
                    "trials": 1
                }
            },
            {
                "query": {
                    "x1": -3.1189907273518864,
                    "x2": 11.864996194925343
                },
                "metrics": {
                    "outcome": 0.5268993113030334
                },
                "metadata": {
                    "trials": 1
                }
            },
            {
                "query": {
                    "x1": 3.294644891059706,
                    "x2": 1.9567133971171813
                },
                "metrics": {
                    "outcome": 0.5509179087940712
                },
                "metadata": {
                    "trials": 1
                }
            }
        ],
        [
            {
                "query": {
                    "x1": -3.120800997494273,
                    "x2": 12.30985590953742
                },
                "metrics": {
                    "outcome": 0.40714825726984927
                },
                "metadata": {
                    "trials": 1
                }
            },
            {
                "query": {
                    "x1": -2.962956582403165,
                    "x2": 11.683594665079532
                },
                "metrics": {
                    "outcome": 0.5783160466136383
                },
                "metadata": {
                    "trials": 1
                }
            },
            {
                "query": {
                    "x1": 3.1431315697106044,
                    "x2": 2.400063987059611
                },
                "metrics": {
                    "outcome": 0.4138412798903186
                },
                "metadata": {
                    "trials": 1
                }
            }
        ],
        [
            {
                "query": {
                    "x1": 9.500104007280724,
                    "x2": 2.5577956743412757
                },
                "metrics": {
                    "outcome": 0.42545885927468063
                },
                "metadata": {
                    "trials": 1
                }
            },
            {
                "query": {
                    "x1": 3.044752537847536,
                    "x2": 2.2547981676473574
                },
                "metrics": {
                    "outcome": 0.4522729177616096
                },
                "metadata": {
                    "trials": 1
                }
            },
            {
                "query": {
                    "x1": -3.015366085153107,
                    "x2": 12.11579682480513
                },
                "metrics": {
                    "outcome": 0.49447168705001054
                },
                "metadata": {
                    "trials": 1
                }
            }
        ],
        [
            {
                "query": {
                    "x1": -3.274098226269207,
                    "x2": 12.55963548175933
                },
                "metrics": {
                    "outcome": 0.4833611592783331
                },
                "metadata": {
                    "trials": 1
                }
            },
            {
                "query": {
                    "x1": -3.193443335907509,
                    "x2": 12.223289640906476
                },
                "metrics": {
                    "outcome": 0.4420034036127678
                },
                "metadata": {
                    "trials": 1
                }
            },
            {
                "query": {
                    "x1": -3.031561422670675,
                    "x2": 12.280629165678615
                },
                "metrics": {
                    "outcome": 0.5280449146301436
                },
                "metadata": {
                    "trials": 1
                }
            }
        ],
        [
            {
                "query": {
                    "x1": -3.0480182630397272,
                    "x2": 12.034145089044241
                },
                "metrics": {
                    "outcome": 0.4401881006611319
                },
                "metadata": {
                    "trials": 1
                }
            },
            {
                "query": {
                    "x1": -3.2246491034301,
                    "x2": 12.698766821063314
                },
                "metrics": {
                    "outcome": 0.4808377908047028
                },
                "metadata": {
                    "trials": 1
                }
            },
            {
                "query": {
                    "x1": 3.1941151541036703,
                    "x2": 2.359204996395076
                },
                "metrics": {
                    "outcome": 0.42670580226200805
                },
                "metadata": {
                    "trials": 1
                }
            }
        ],
        [
            {
                "query": {
                    "x1": 3.109087305225467,
                    "x2": 2.6573916404687776
                },
                "metrics": {
                    "outcome": 0.530341266755773
                },
                "metadata": {
                    "trials": 1
                }
            },
            {
                "query": {
                    "x1": 3.0924925755524626,
                    "x2": 2.3899082712500475
                },
                "metrics": {
                    "outcome": 0.41528206112652377
                },
                "metadata": {
                    "trials": 1
                }
            },
            {
                "query": {
                    "x1": 9.442287306233595,
                    "x2": 2.3082872200128692
                },
                "metrics": {
                    "outcome": 0.4323094106417784
                },
                "metadata": {
                    "trials": 1
                }
            }
        ]
    ]
}