{
    "date": "04/11/2022 16:38:09",
    "basic_params": {
        "active_variables": [
            "x"
        ],
        "default_query": {},
        "metric": "basic",
        "n_trials": 1
    },
    "objective_function": {
        "name": "Forrester",
        "params": {}
    },
    "optimizer": {
        "name": "BO",
        "params": {
            "lower_bound": [
                0.0
            ],
            "upper_bound": [
                1.0
            ],
            "invert_metric": false,
            "bopt_params": {
                "n_iterations": 140,
                "n_init_samples": 10
            }
        }
    },
    "iterations": [
        [
            {
                "query": {
                    "x": 0.1642237953376025
                },
                "metrics": {
                    "outcome": -0.9231885789946339
                },
                "metadata": {
                    "trials": 1
                }
            }
        ],
        [
            {
                "query": {
                    "x": 0.36722218079958113
                },
                "metrics": {
                    "outcome": 0.016353738202798666
                },
                "metadata": {
                    "trials": 1
                }
            }
        ],
        [
            {
                "query": {
                    "x": 0.42623873183038086
                },
                "metrics": {
                    "outcome": 0.278990103504101
                },
                "metadata": {
                    "trials": 1
                }
            }
        ],
        [
            {
                "query": {
                    "x": 0.8612610295880586
                },
                "metrics": {
                    "outcome": 0.5209750496527046
                },
                "metadata": {
                    "trials": 1
                }
            }
        ],
        [
            {
                "query": {
                    "x": 0.22718441695906222
                },
                "metrics": {
                    "outcome": -0.3878730861049259
                },
                "metadata": {
                    "trials": 1
                }
            }
        ],
        [
            {
                "query": {
                    "x": 0.0622652989346534
                },
                "metrics": {
                    "outcome": 0.2936032718660841
                },
                "metadata": {
                    "trials": 1
                }
            }
        ],
        [
            {
                "query": {
                    "x": 0.7740919020492584
                },
                "metrics": {
                    "outcome": -5.862492032294076
                },
                "metadata": {
                    "trials": 1
                }
            }
        ],
        [
            {
                "query": {
                    "x": 0.963434488303028
                },
                "metrics": {
                    "outcome": 13.684804290595505
                },
                "metadata": {
                    "trials": 1
                }
            }
        ],
        [
            {
                "query": {
                    "x": 0.5046804454643279
                },
                "metrics": {
                    "outcome": 0.9348788086662051
                },
                "metadata": {
                    "trials": 1
                }
            }
        ],
        [
            {
                "query": {
                    "x": 0.6824536001076922
                },
                "metrics": {
                    "outcome": -3.8014288200349786
                },
                "metadata": {
                    "trials": 1
                }
            }
        ],
        [
            {
                "query": {
                    "x": 0.7597507816052615
                },
                "metrics": {
                    "outcome": -6.017373530657979
                },
                "metadata": {
                    "trials": 1
                }
            }
        ],
        [
            {
                "query": {
                    "x": 0.763260287154638
                },
                "metrics": {
                    "outcome": -6.001119436670966
                },
                "metadata": {
                    "trials": 1
                }
            }
        ],
        [
            {
                "query": {
                    "x": 0.7470186829479383
                },
                "metrics": {
                    "outcome": -5.966546278017343
                },
                "metadata": {
                    "trials": 1
                }
            }
        ],
        [
            {
                "query": {
                    "x": 0.7562988295873037
                },
                "metrics": {
                    "outcome": -6.020259498974444
                },
                "metadata": {
                    "trials": 1
                }
            }
        ],
        [
            {
                "query": {
                    "x": 0.7572475566356115
                },
                "metrics": {
                    "outcome": -6.0207400549965735
                },
                "metadata": {
                    "trials": 1
                }
            }
        ],
        [
            {
                "query": {
                    "x": 0.7572551619186104
                },
                "metrics": {
                    "outcome": -6.0207400338660015
                },
                "metadata": {
                    "trials": 1
                }
            }
        ],
        [
            {
                "query": {
                    "x": 0.7572451349561088
                },
                "metrics": {
                    "outcome": -6.020740048758191
                },
                "metadata": {
                    "trials": 1
                }
            }
        ],
        [
            {
                "query": {
                    "x": 0.7572387493551653
                },
                "metrics": {
                    "outcome": -6.020740002277523
                },
                "metadata": {
                    "trials": 1
                }
            }
        ],
        [
            {
                "query": {
                    "x": 0.7572342108814761
                },
                "metrics": {
                    "outcome": -6.020739942768999
                },
                "metadata": {
                    "trials": 1
                }
            }
        ],
        [
            {
                "query": {
                    "x": 0.7572307465921274
                },
                "metrics": {
                    "outcome": -6.020739882542319
                },
                "metadata": {
                    "trials": 1
                }
            }
        ],
        [
            {
                "query": {
                    "x": 0.7572279857017515
                },
                "metrics": {
                    "outcome": -6.020739825367679
                },
                "metadata": {
                    "trials": 1
                }
            }
        ],
        [
            {
                "query": {
                    "x": 0.757225699217168
                },
                "metrics": {
                    "outcome": -6.02073977185568
                },
                "metadata": {
                    "trials": 1
                }
            }
        ],
        [
            {
                "query": {
                    "x": 0.7572237645162381
                },
                "metrics": {
                    "outcome": -6.020739722216477
                },
                "metadata": {
                    "trials": 1
                }
            }
        ],
        [
            {
                "query": {
                    "x": 0.7572220905779038
                },
                "metrics": {
                    "outcome": -6.020739676042698
                },
                "metadata": {
                    "trials": 1
                }
            }
        ],
        [
            {
                "query": {
                    "x": 0.7572206217586601
                },
                "metrics": {
                    "outcome": -6.020739633062429
                },
                "metadata": {
                    "trials": 1
                }
            }
        ],
        [
            {
                "query": {
                    "x": 0.7572193319741758
                },
                "metrics": {
                    "outcome": -6.020739593421504
                },
                "metadata": {
                    "trials": 1
                }
            }
        ],
        [
            {
                "query": {
                    "x": 0.7572180927307279
                },
                "metrics": {
                    "outcome": -6.020739553660742
                },
                "metadata": {
                    "trials": 1
                }
            }
        ],
        [
            {
                "query": {
                    "x": 0.7566839704063137
                },
                "metrics": {
                    "outcome": -6.020569991284292
                },
                "metadata": {
                    "trials": 1
                }
            }
        ],
        [
            {
                "query": {
                    "x": 0.7573557053491272
                },
                "metrics": {
                    "outcome": -6.020733946091247
                },
                "metadata": {
                    "trials": 1
                }
            }
        ],
        [
            {
                "query": {
                    "x": 0.7573411905038941
                },
                "metrics": {
                    "outcome": -6.0207354921435075
                },
                "metadata": {
                    "trials": 1
                }
            }
        ],
        [
            {
                "query": {
                    "x": 0.2844159696251154
                },
                "metrics": {
                    "outcome": -0.04771319735902224
                },
                "metadata": {
                    "trials": 1
                }
            }
        ],
        [
            {
                "query": {
                    "x": 0.7573271280959265
                },
                "metrics": {
                    "outcome": -6.020736775237053
                },
                "metadata": {
                    "trials": 1
                }
            }
        ],
        [
            {
                "query": {
                    "x": 0.7573130567301365
                },
                "metrics": {
                    "outcome": -6.020737847604545
                },
                "metadata": {
                    "trials": 1
                }
            }
        ],
        [
            {
                "query": {
                    "x": 0.7572985415574157
                },
                "metrics": {
                    "outcome": -6.020738732093894
                },
                "metadata": {
                    "trials": 1
                }
            }
        ],
        [
            {
                "query": {
                    "x": 0.7566849993273778
                },
                "metrics": {
                    "outcome": -6.020570609861812
                },
                "metadata": {
                    "trials": 1
                }
            }
        ],
        [
            {
                "query": {
                    "x": 0.7573632215599163
                },
                "metrics": {
                    "outcome": -6.020733056995457
                },
                "metadata": {
                    "trials": 1
                }
            }
        ],
        [
            {
                "query": {
                    "x": 0.7573511942074809
                },
                "metrics": {
                    "outcome": -6.020734450715903
                },
                "metadata": {
                    "trials": 1
                }
            }
        ],
        [
            {
                "query": {
                    "x": 0.7573393766022747
                },
                "metrics": {
                    "outcome": -6.02073566952209
                },
                "metadata": {
                    "trials": 1
                }
            }
        ],
        [
            {
                "query": {
                    "x": 0.7573273436569502
                },
                "metrics": {
                    "outcome": -6.020736757163708
                },
                "metadata": {
                    "trials": 1
                }
            }
        ],
        [
            {
                "query": {
                    "x": 0.7573149858921786
                },
                "metrics": {
                    "outcome": -6.020737713100756
                },
                "metadata": {
                    "trials": 1
                }
            }
        ],
        [
            {
                "query": {
                    "x": 0.7567527401637048
                },
                "metrics": {
                    "outcome": -6.020608858900818
                },
                "metadata": {
                    "trials": 1
                }
            }
        ],
        [
            {
                "query": {
                    "x": 0.7573606153370798
                },
                "metrics": {
                    "outcome": -6.02073337212655
                },
                "metadata": {
                    "trials": 1
                }
            }
        ],
        [
            {
                "query": {
                    "x": 0.7573500895581405
                },
                "metrics": {
                    "outcome": -6.020734570968409
                },
                "metadata": {
                    "trials": 1
                }
            }
        ],
        [
            {
                "query": {
                    "x": 0.7573395496319634
                },
                "metrics": {
                    "outcome": -6.0207356527535225
                },
                "metadata": {
                    "trials": 1
                }
            }
        ],
        [
            {
                "query": {
                    "x": 0.7573287255861267
                },
                "metrics": {
                    "outcome": -6.02073664011856
                },
                "metadata": {
                    "trials": 1
                }
            }
        ],
        [
            {
                "query": {
                    "x": 0.7573172859318099
                },
                "metrics": {
                    "outcome": -6.0207375475415
                },
                "metadata": {
                    "trials": 1
                }
            }
        ],
        [
            {
                "query": {
                    "x": 0.7567700687674015
                },
                "metrics": {
                    "outcome": -6.020617859556777
                },
                "metadata": {
                    "trials": 1
                }
            }
        ],
        [
            {
                "query": {
                    "x": 0.7573574523270653
                },
                "metrics": {
                    "outcome": -6.020733744827616
                },
                "metadata": {
                    "trials": 1
                }
            }
        ],
        [
            {
                "query": {
                    "x": 0.7573480848636389
                },
                "metrics": {
                    "outcome": -6.020734785868669
                },
                "metadata": {
                    "trials": 1
                }
            }
        ],
        [
            {
                "query": {
                    "x": 0.7573384756841673
                },
                "metrics": {
                    "outcome": -6.020735756314356
                },
                "metadata": {
                    "trials": 1
                }
            }
        ],
        [
            {
                "query": {
                    "x": 0.7573284611859704
                },
                "metrics": {
                    "outcome": -6.020736662670332
                },
                "metadata": {
                    "trials": 1
                }
            }
        ],
        [
            {
                "query": {
                    "x": 0.7339458710048348
                },
                "metrics": {
                    "outcome": -5.751623639301966
                },
                "metadata": {
                    "trials": 1
                }
            }
        ],
        [
            {
                "query": {
                    "x": 0.7573736534600609
                },
                "metrics": {
                    "outcome": -6.0207317229198285
                },
                "metadata": {
                    "trials": 1
                }
            }
        ],
        [
            {
                "query": {
                    "x": 0.7573656066808615
                },
                "metrics": {
                    "outcome": -6.020732762235364
                },
                "metadata": {
                    "trials": 1
                }
            }
        ],
        [
            {
                "query": {
                    "x": 0.7573575160740929
                },
                "metrics": {
                    "outcome": -6.020733737421834
                },
                "metadata": {
                    "trials": 1
                }
            }
        ],
        [
            {
                "query": {
                    "x": 0.7573492788516004
                },
                "metrics": {
                    "outcome": -6.0207346583922865
                },
                "metadata": {
                    "trials": 1
                }
            }
        ],
        [
            {
                "query": {
                    "x": 0.7573407857492264
                },
                "metrics": {
                    "outcome": -6.020735532028642
                },
                "metadata": {
                    "trials": 1
                }
            }
        ],
        [
            {
                "query": {
                    "x": 0.7573318081611723
                },
                "metrics": {
                    "outcome": -6.020736371679827
                },
                "metadata": {
                    "trials": 1
                }
            }
        ],
        [
            {
                "query": {
                    "x": 0.7573220095982924
                },
                "metrics": {
                    "outcome": -6.020737189799558
                },
                "metadata": {
                    "trials": 1
                }
            }
        ],
        [
            {
                "query": {
                    "x": 0.756937513331621
                },
                "metrics": {
                    "outcome": -6.020688371044922
                },
                "metadata": {
                    "trials": 1
                }
            }
        ],
        [
            {
                "query": {
                    "x": 0.7572387925599553
                },
                "metrics": {
                    "outcome": -6.0207400027383295
                },
                "metadata": {
                    "trials": 1
                }
            }
        ],
        [
            {
                "query": {
                    "x": 0.7572389855607121
                },
                "metrics": {
                    "outcome": -6.02074000477246
                },
                "metadata": {
                    "trials": 1
                }
            }
        ],
        [
            {
                "query": {
                    "x": 0.7572392335148651
                },
                "metrics": {
                    "outcome": -6.02074000732739
                },
                "metadata": {
                    "trials": 1
                }
            }
        ],
        [
            {
                "query": {
                    "x": 0.7572394369776375
                },
                "metrics": {
                    "outcome": -6.020740009374837
                },
                "metadata": {
                    "trials": 1
                }
            }
        ],
        [
            {
                "query": {
                    "x": 0.7572396382500848
                },
                "metrics": {
                    "outcome": -6.020740011356745
                },
                "metadata": {
                    "trials": 1
                }
            }
        ],
        [
            {
                "query": {
                    "x": 0.757239871244218
                },
                "metrics": {
                    "outcome": -6.020740013596985
                },
                "metadata": {
                    "trials": 1
                }
            }
        ],
        [
            {
                "query": {
                    "x": 0.7572400161664693
                },
                "metrics": {
                    "outcome": -6.020740014961169
                },
                "metadata": {
                    "trials": 1
                }
            }
        ],
        [
            {
                "query": {
                    "x": 0.7572401985210991
                },
                "metrics": {
                    "outcome": -6.020740016645846
                },
                "metadata": {
                    "trials": 1
                }
            }
        ],
        [
            {
                "query": {
                    "x": 0.7572403047003069
                },
                "metrics": {
                    "outcome": -6.020740017610419
                },
                "metadata": {
                    "trials": 1
                }
            }
        ],
        [
            {
                "query": {
                    "x": 0.7572405727439466
                },
                "metrics": {
                    "outcome": -6.020740019991872
                },
                "metadata": {
                    "trials": 1
                }
            }
        ],
        [
            {
                "query": {
                    "x": 0.7572408146598628
                },
                "metrics": {
                    "outcome": -6.0207400220753176
                },
                "metadata": {
                    "trials": 1
                }
            }
        ],
        [
            {
                "query": {
                    "x": 0.7572409818124002
                },
                "metrics": {
                    "outcome": -6.0207400234783695
                },
                "metadata": {
                    "trials": 1
                }
            }
        ],
        [
            {
                "query": {
                    "x": 0.5717732841148973
                },
                "metrics": {
                    "outcome": 0.5662415169814637
                },
                "metadata": {
                    "trials": 1
                }
            }
        ],
        [
            {
                "query": {
                    "x": 0.7572233608405451
                },
                "metrics": {
                    "outcome": -6.020739711355283
                },
                "metadata": {
                    "trials": 1
                }
            }
        ],
        [
            {
                "query": {
                    "x": 0.7572304490095398
                },
                "metrics": {
                    "outcome": -6.020739876771131
                },
                "metadata": {
                    "trials": 1
                }
            }
        ],
        [
            {
                "query": {
                    "x": 0.7572358583027882
                },
                "metrics": {
                    "outcome": -6.020739966913081
                },
                "metadata": {
                    "trials": 1
                }
            }
        ],
        [
            {
                "query": {
                    "x": 0.7570808363485425
                },
                "metrics": {
                    "outcome": -6.020725005328028
                },
                "metadata": {
                    "trials": 1
                }
            }
        ],
        [
            {
                "query": {
                    "x": 0.7573034454542614
                },
                "metrics": {
                    "outcome": -6.0207384584536285
                },
                "metadata": {
                    "trials": 1
                }
            }
        ],
        [
            {
                "query": {
                    "x": 0.757295861389091
                },
                "metrics": {
                    "outcome": -6.020738870789671
                },
                "metadata": {
                    "trials": 1
                }
            }
        ],
        [
            {
                "query": {
                    "x": 0.7570341104138526
                },
                "metrics": {
                    "outcome": -6.020715467380466
                },
                "metadata": {
                    "trials": 1
                }
            }
        ],
        [
            {
                "query": {
                    "x": 0.7573289823001346
                },
                "metrics": {
                    "outcome": -6.020736618150885
                },
                "metadata": {
                    "trials": 1
                }
            }
        ],
        [
            {
                "query": {
                    "x": 0.7573215279402263
                },
                "metrics": {
                    "outcome": -6.020737227369171
                },
                "metadata": {
                    "trials": 1
                }
            }
        ],
        [
            {
                "query": {
                    "x": 0.757013789956626
                },
                "metrics": {
                    "outcome": -6.020710593208046
                },
                "metadata": {
                    "trials": 1
                }
            }
        ],
        [
            {
                "query": {
                    "x": 0.7573440081131314
                },
                "metrics": {
                    "outcome": -6.020735209639774
                },
                "metadata": {
                    "trials": 1
                }
            }
        ],
        [
            {
                "query": {
                    "x": 0.7573368551309878
                },
                "metrics": {
                    "outcome": -6.020735910250817
                },
                "metadata": {
                    "trials": 1
                }
            }
        ],
        [
            {
                "query": {
                    "x": 0.757002533218232
                },
                "metrics": {
                    "outcome": -6.020707703669144
                },
                "metadata": {
                    "trials": 1
                }
            }
        ],
        [
            {
                "query": {
                    "x": 0.7573535728508305
                },
                "metrics": {
                    "outcome": -6.020734187347587
                },
                "metadata": {
                    "trials": 1
                }
            }
        ],
        [
            {
                "query": {
                    "x": 0.7573468549081641
                },
                "metrics": {
                    "outcome": -6.020734915591731
                },
                "metadata": {
                    "trials": 1
                }
            }
        ],
        [
            {
                "query": {
                    "x": 0.7569960655116029
                },
                "metrics": {
                    "outcome": -6.020705982358574
                },
                "metadata": {
                    "trials": 1
                }
            }
        ],
        [
            {
                "query": {
                    "x": 0.7573600064414032
                },
                "metrics": {
                    "outcome": -6.020733444704682
                },
                "metadata": {
                    "trials": 1
                }
            }
        ],
        [
            {
                "query": {
                    "x": 0.7573527402813357
                },
                "metrics": {
                    "outcome": -6.020734280219392
                },
                "metadata": {
                    "trials": 1
                }
            }
        ],
        [
            {
                "query": {
                    "x": 0.7569926838576176
                },
                "metrics": {
                    "outcome": -6.020705064619923
                },
                "metadata": {
                    "trials": 1
                }
            }
        ],
        [
            {
                "query": {
                    "x": 0.7573645675384026
                },
                "metrics": {
                    "outcome": -6.020732891403202
                },
                "metadata": {
                    "trials": 1
                }
            }
        ],
        [
            {
                "query": {
                    "x": 0.567697934107855
                },
                "metrics": {
                    "outcome": 0.6392867832554647
                },
                "metadata": {
                    "trials": 1
                }
            }
        ],
        [
            {
                "query": {
                    "x": 0.7573596807546753
                },
                "metrics": {
                    "outcome": -6.020733483362649
                },
                "metadata": {
                    "trials": 1
                }
            }
        ],
        [
            {
                "query": {
                    "x": 0.756992959703761
                },
                "metrics": {
                    "outcome": -6.020705139937617
                },
                "metadata": {
                    "trials": 1
                }
            }
        ],
        [
            {
                "query": {
                    "x": 0.7573685539883108
                },
                "metrics": {
                    "outcome": -6.020732389597688
                },
                "metadata": {
                    "trials": 1
                }
            }
        ],
        [
            {
                "query": {
                    "x": 0.7573626026021589
                },
                "metrics": {
                    "outcome": -6.020733132494132
                },
                "metadata": {
                    "trials": 1
                }
            }
        ],
        [
            {
                "query": {
                    "x": 0.7569918251782357
                },
                "metrics": {
                    "outcome": -6.020704829644959
                },
                "metadata": {
                    "trials": 1
                }
            }
        ],
        [
            {
                "query": {
                    "x": 0.7573703570551881
                },
                "metrics": {
                    "outcome": -6.020732157051535
                },
                "metadata": {
                    "trials": 1
                }
            }
        ],
        [
            {
                "query": {
                    "x": 0.7573646945180127
                },
                "metrics": {
                    "outcome": -6.020732875681252
                },
                "metadata": {
                    "trials": 1
                }
            }
        ],
        [
            {
                "query": {
                    "x": 0.7569921477766953
                },
                "metrics": {
                    "outcome": -6.02070491801518
                },
                "metadata": {
                    "trials": 1
                }
            }
        ],
        [
            {
                "query": {
                    "x": 0.7573716475621736
                },
                "metrics": {
                    "outcome": -6.02073198847744
                },
                "metadata": {
                    "trials": 1
                }
            }
        ],
        [
            {
                "query": {
                    "x": 0.757366154531633
                },
                "metrics": {
                    "outcome": -6.020732693671487
                },
                "metadata": {
                    "trials": 1
                }
            }
        ],
        [
            {
                "query": {
                    "x": 0.7569926891828579
                },
                "metrics": {
                    "outcome": -6.020705066074707
                },
                "metadata": {
                    "trials": 1
                }
            }
        ],
        [
            {
                "query": {
                    "x": 0.7573724709413027
                },
                "metrics": {
                    "outcome": -6.020731879992083
                },
                "metadata": {
                    "trials": 1
                }
            }
        ],
        [
            {
                "query": {
                    "x": 0.7573671473780892
                },
                "metrics": {
                    "outcome": -6.02073256859844
                },
                "metadata": {
                    "trials": 1
                }
            }
        ],
        [
            {
                "query": {
                    "x": 0.7569937947535995
                },
                "metrics": {
                    "outcome": -6.020705367447345
                },
                "metadata": {
                    "trials": 1
                }
            }
        ],
        [
            {
                "query": {
                    "x": 0.7573729224684395
                },
                "metrics": {
                    "outcome": -6.020731820192829
                },
                "metadata": {
                    "trials": 1
                }
            }
        ],
        [
            {
                "query": {
                    "x": 0.7573677170868717
                },
                "metrics": {
                    "outcome": -6.0207324963539754
                },
                "metadata": {
                    "trials": 1
                }
            }
        ],
        [
            {
                "query": {
                    "x": 0.7573049386828654
                },
                "metrics": {
                    "outcome": -6.020738370027274
                },
                "metadata": {
                    "trials": 1
                }
            }
        ],
        [
            {
                "query": {
                    "x": 0.7572996278331883
                },
                "metrics": {
                    "outcome": -6.02073867369457
                },
                "metadata": {
                    "trials": 1
                }
            }
        ],
        [
            {
                "query": {
                    "x": 0.7570814185380295
                },
                "metrics": {
                    "outcome": -6.02072510948304
                },
                "metadata": {
                    "trials": 1
                }
            }
        ],
        [
            {
                "query": {
                    "x": 0.7573189173614585
                },
                "metrics": {
                    "outcome": -6.020737426682434
                },
                "metadata": {
                    "trials": 1
                }
            }
        ],
        [
            {
                "query": {
                    "x": 0.7510871547274292
                },
                "metrics": {
                    "outcome": -6.000830776980479
                },
                "metadata": {
                    "trials": 1
                }
            }
        ],
        [
            {
                "query": {
                    "x": 0.757230256758233
                },
                "metrics": {
                    "outcome": -6.020739872992413
                },
                "metadata": {
                    "trials": 1
                }
            }
        ],
        [
            {
                "query": {
                    "x": 0.7572303992059408
                },
                "metrics": {
                    "outcome": -6.020739875796025
                },
                "metadata": {
                    "trials": 1
                }
            }
        ],
        [
            {
                "query": {
                    "x": 0.7572307249963102
                },
                "metrics": {
                    "outcome": -6.020739882126681
                },
                "metadata": {
                    "trials": 1
                }
            }
        ],
        [
            {
                "query": {
                    "x": 0.7572308734218617
                },
                "metrics": {
                    "outcome": -6.02073988497326
                },
                "metadata": {
                    "trials": 1
                }
            }
        ],
        [
            {
                "query": {
                    "x": 0.7572311272015001
                },
                "metrics": {
                    "outcome": -6.020739889785872
                },
                "metadata": {
                    "trials": 1
                }
            }
        ],
        [
            {
                "query": {
                    "x": 0.7572313992046295
                },
                "metrics": {
                    "outcome": -6.020739894867713
                },
                "metadata": {
                    "trials": 1
                }
            }
        ],
        [
            {
                "query": {
                    "x": 0.7572316011486582
                },
                "metrics": {
                    "outcome": -6.020739898589535
                },
                "metadata": {
                    "trials": 1
                }
            }
        ],
        [
            {
                "query": {
                    "x": 0.7572317761080286
                },
                "metrics": {
                    "outcome": -6.020739901778821
                },
                "metadata": {
                    "trials": 1
                }
            }
        ],
        [
            {
                "query": {
                    "x": 0.7572319934964965
                },
                "metrics": {
                    "outcome": -6.020739905695998
                },
                "metadata": {
                    "trials": 1
                }
            }
        ],
        [
            {
                "query": {
                    "x": 0.7572322032395394
                },
                "metrics": {
                    "outcome": -6.020739909427575
                },
                "metadata": {
                    "trials": 1
                }
            }
        ],
        [
            {
                "query": {
                    "x": 0.7572323911711047
                },
                "metrics": {
                    "outcome": -6.020739912731197
                },
                "metadata": {
                    "trials": 1
                }
            }
        ],
        [
            {
                "query": {
                    "x": 0.7572326195307187
                },
                "metrics": {
                    "outcome": -6.02073991669474
                },
                "metadata": {
                    "trials": 1
                }
            }
        ],
        [
            {
                "query": {
                    "x": 0.7572328178993745
                },
                "metrics": {
                    "outcome": -6.020739920092547
                },
                "metadata": {
                    "trials": 1
                }
            }
        ],
        [
            {
                "query": {
                    "x": 0.7572330182941361
                },
                "metrics": {
                    "outcome": -6.020739923482391
                },
                "metadata": {
                    "trials": 1
                }
            }
        ],
        [
            {
                "query": {
                    "x": 0.7572332143988026
                },
                "metrics": {
                    "outcome": -6.020739926758147
                },
                "metadata": {
                    "trials": 1
                }
            }
        ],
        [
            {
                "query": {
                    "x": 0.757233490944236
                },
                "metrics": {
                    "outcome": -6.0207399313078085
                },
                "metadata": {
                    "trials": 1
                }
            }
        ],
        [
            {
                "query": {
                    "x": 0.7572335985745449
                },
                "metrics": {
                    "outcome": -6.020739933056439
                },
                "metadata": {
                    "trials": 1
                }
            }
        ],
        [
            {
                "query": {
                    "x": 0.7572338268953328
                },
                "metrics": {
                    "outcome": -6.0207399367249295
                },
                "metadata": {
                    "trials": 1
                }
            }
        ],
        [
            {
                "query": {
                    "x": 0.757233873478645
                },
                "metrics": {
                    "outcome": -6.0207399374665584
                },
                "metadata": {
                    "trials": 1
                }
            }
        ],
        [
            {
                "query": {
                    "x": 0.7572341632458385
                },
                "metrics": {
                    "outcome": -6.020739942027752
                },
                "metadata": {
                    "trials": 1
                }
            }
        ],
        [
            {
                "query": {
                    "x": 0.9232634357176721
                },
                "metrics": {
                    "outcome": 8.952291730107646
                },
                "metadata": {
                    "trials": 1
                }
            }
        ],
        [
            {
                "query": {
                    "x": 0.7572043499448783
                },
                "metrics": {
                    "outcome": -6.020739002811575
                },
                "metadata": {
                    "trials": 1
                }
            }
        ],
        [
            {
                "query": {
                    "x": 0.7572054244938601
                },
                "metrics": {
                    "outcome": -6.020739053149246
                },
                "metadata": {
                    "trials": 1
                }
            }
        ],
        [
            {
                "query": {
                    "x": 0.7572064300310869
                },
                "metrics": {
                    "outcome": -6.020739099137524
                },
                "metadata": {
                    "trials": 1
                }
            }
        ],
        [
            {
                "query": {
                    "x": 0.7572074734210569
                },
                "metrics": {
                    "outcome": -6.0207391457158
                },
                "metadata": {
                    "trials": 1
                }
            }
        ],
        [
            {
                "query": {
                    "x": 0.7572083430643989
                },
                "metrics": {
                    "outcome": -6.020739183649718
                },
                "metadata": {
                    "trials": 1
                }
            }
        ],
        [
            {
                "query": {
                    "x": 0.757209381941246
                },
                "metrics": {
                    "outcome": -6.020739227907201
                },
                "metadata": {
                    "trials": 1
                }
            }
        ],
        [
            {
                "query": {
                    "x": 0.7572103352055257
                },
                "metrics": {
                    "outcome": -6.020739267503729
                },
                "metadata": {
                    "trials": 1
                }
            }
        ],
        [
            {
                "query": {
                    "x": 0.7572113222261748
                },
                "metrics": {
                    "outcome": -6.020739307480086
                },
                "metadata": {
                    "trials": 1
                }
            }
        ],
        [
            {
                "query": {
                    "x": 0.7572122998454578
                },
                "metrics": {
                    "outcome": -6.02073934605035
                },
                "metadata": {
                    "trials": 1
                }
            }
        ],
        [
            {
                "query": {
                    "x": 0.7572131415236706
                },
                "metrics": {
                    "outcome": -6.020739378439853
                },
                "metadata": {
                    "trials": 1
                }
            }
        ],
        [
            {
                "query": {
                    "x": 0.7572140778563456
                },
                "metrics": {
                    "outcome": -6.020739413583107
                },
                "metadata": {
                    "trials": 1
                }
            }
        ],
        [
            {
                "query": {
                    "x": 0.7572150665825716
                },
                "metrics": {
                    "outcome": -6.020739449676743
                },
                "metadata": {
                    "trials": 1
                }
            }
        ],
        [
            {
                "query": {
                    "x": 0.7572159047542282
                },
                "metrics": {
                    "outcome": -6.020739479456897
                },
                "metadata": {
                    "trials": 1
                }
            }
        ],
        [
            {
                "query": {
                    "x": 0.7572168011274618
                },
                "metrics": {
                    "outcome": -6.02073951047491
                },
                "metadata": {
                    "trials": 1
                }
            }
        ]
    ],
    "best_results": [
        {
            "query": {
                "x": 0.7572475566356115
            },
            "metrics": [
                {
                    "name": "outcome",
                    "value": -6.0207400549965735
                }
            ]
        }
    ]
}