{
    "date": "09/11/2022 18:28:58",
    "basic_params": {
        "active_variables": [
            "x1",
            "x2"
        ],
        "default_query": {},
        "metric": "basic",
        "n_trials": 1
    },
    "objective_function": {
        "name": "Beale",
        "params": {}
    },
    "optimizer": {
        "name": "BO-MCMC-2500",
        "params": {
            "lower_bound": [
                -4.5,
                -4.5
            ],
            "upper_bound": [
                4.5,
                4.5
            ],
            "invert_metric": false,
            "bopt_params": {
                "n_init_samples": 15,
                "n_iterations": 45,
                "n_iter_relearn": 5,
                "verbose_level": 0,
                "n_parallel_samples": 3,
                "par_type": "PAR_MCMC",
                "l_type": "L_MCMC",
                "burnout_mcmc_parallel": 2500,
                "crit_name": "cEI"
            }
        }
    },
    "execution_time": 481.1881425380707,
    "best_results": [
        {
            "query": {
                "x1": 3.0376828442833954,
                "x2": 0.5270841013688115
            },
            "metrics": [
                {
                    "name": "outcome",
                    "value": 0.008219042791208222
                }
            ]
        }
    ],
    "iterations": [
        [
            {
                "query": {
                    "x1": 1.1017179929651322,
                    "x2": 1.2762974456883969
                },
                "metrics": {
                    "outcome": 26.461346721659474
                },
                "metadata": {
                    "trials": 1
                }
            }
        ],
        [
            {
                "query": {
                    "x1": -3.373084646835923,
                    "x2": 4.255267902743071
                },
                "metrics": {
                    "outcome": 67631.75915288342
                },
                "metadata": {
                    "trials": 1
                }
            }
        ],
        [
            {
                "query": {
                    "x1": -2.871070482674986,
                    "x2": -1.0098715912085026
                },
                "metrics": {
                    "outcome": 129.12269467580253
                },
                "metadata": {
                    "trials": 1
                }
            }
        ],
        [
            {
                "query": {
                    "x1": 1.644152486370876,
                    "x2": -2.1041121653281154
                },
                "metrics": {
                    "outcome": 280.6591826740205
                },
                "metadata": {
                    "trials": 1
                }
            }
        ],
        [
            {
                "query": {
                    "x1": 2.690856911335141,
                    "x2": -1.919154258258641
                },
                "metrics": {
                    "outcome": 494.3531236369561
                },
                "metadata": {
                    "trials": 1
                }
            }
        ],
        [
            {
                "query": {
                    "x1": 0.3364388341549782,
                    "x2": 3.2362241573631767
                },
                "metrics": {
                    "outcome": 222.09637052914636
                },
                "metadata": {
                    "trials": 1
                }
            }
        ],
        [
            {
                "query": {
                    "x1": -0.7695125450380145,
                    "x2": 0.028697908390313387
                },
                "metrics": {
                    "outcome": 25.687158899638675
                },
                "metadata": {
                    "trials": 1
                }
            }
        ],
        [
            {
                "query": {
                    "x1": 3.7756124719977375,
                    "x2": 1.7665881602559237
                },
                "metrics": {
                    "outcome": 511.24550185306714
                },
                "metadata": {
                    "trials": 1
                }
            }
        ],
        [
            {
                "query": {
                    "x1": 4.03898434038274,
                    "x2": -4.065946415020153
                },
                "metrics": {
                    "outcome": 79060.04935077879
                },
                "metadata": {
                    "trials": 1
                }
            }
        ],
        [
            {
                "query": {
                    "x1": -1.405872497800738,
                    "x2": 0.8024573085363951
                },
                "metrics": {
                    "outcome": 21.645109499903672
                },
                "metadata": {
                    "trials": 1
                }
            }
        ],
        [
            {
                "query": {
                    "x1": -0.1322874517645687,
                    "x2": -3.0431298604700716
                },
                "metrics": {
                    "outcome": 47.53921826550217
                },
                "metadata": {
                    "trials": 1
                }
            }
        ],
        [
            {
                "query": {
                    "x1": -1.6264118949417026,
                    "x2": 3.65054997545667
                },
                "metrics": {
                    "outcome": 5930.497681773472
                },
                "metadata": {
                    "trials": 1
                }
            }
        ],
        [
            {
                "query": {
                    "x1": 3.193643401795998,
                    "x2": 2.5010359743610024
                },
                "metrics": {
                    "outcome": 2841.6499624515823
                },
                "metadata": {
                    "trials": 1
                }
            }
        ],
        [
            {
                "query": {
                    "x1": -2.503169415704906,
                    "x2": -3.4423471271060406
                },
                "metrics": {
                    "outcome": 12279.026755362915
                },
                "metadata": {
                    "trials": 1
                }
            }
        ],
        [
            {
                "query": {
                    "x1": -4.1753095939289775,
                    "x2": -0.44098188914358616
                },
                "metrics": {
                    "outcome": 139.2504411378373
                },
                "metadata": {
                    "trials": 1
                }
            }
        ],
        [
            {
                "query": {
                    "x1": -3.8817279025603897,
                    "x2": -2.4514516113567604
                },
                "metrics": {
                    "outcome": 4574.492733671589
                },
                "metadata": {
                    "trials": 1
                }
            },
            {
                "query": {
                    "x1": -1.398582977074041,
                    "x2": 2.9901359535160275
                },
                "metrics": {
                    "outcome": 1193.4260625494526
                },
                "metadata": {
                    "trials": 1
                }
            },
            {
                "query": {
                    "x1": -3.82465834177148,
                    "x2": 3.8456494280207085
                },
                "metrics": {
                    "outcome": 47188.34277881123
                },
                "metadata": {
                    "trials": 1
                }
            }
        ],
        [
            {
                "query": {
                    "x1": -3.9319434744058666,
                    "x2": -3.9870363813318566
                },
                "metrics": {
                    "outcome": 69032.24826165034
                },
                "metadata": {
                    "trials": 1
                }
            },
            {
                "query": {
                    "x1": -3.9920638525523238,
                    "x2": 1.2617678414800455
                },
                "metrics": {
                    "outcome": 2.1861546103044116
                },
                "metadata": {
                    "trials": 1
                }
            },
            {
                "query": {
                    "x1": -4.0108921259222425,
                    "x2": -1.5318494137359653
                },
                "metrics": {
                    "outcome": 589.0109856633994
                },
                "metadata": {
                    "trials": 1
                }
            }
        ],
        [
            {
                "query": {
                    "x1": -1.4870006999081657,
                    "x2": 4.473211545403807
                },
                "metrics": {
                    "outcome": 17327.557079260485
                },
                "metadata": {
                    "trials": 1
                }
            },
            {
                "query": {
                    "x1": -1.499492344402682,
                    "x2": -0.39163332485166347
                },
                "metrics": {
                    "outcome": 43.014187030756744
                },
                "metadata": {
                    "trials": 1
                }
            },
            {
                "query": {
                    "x1": -1.4176061195158338,
                    "x2": -4.093501592185379
                },
                "metrics": {
                    "outcome": 10737.494071348767
                },
                "metadata": {
                    "trials": 1
                }
            }
        ],
        [
            {
                "query": {
                    "x1": -1.5611957173540794,
                    "x2": -2.743166969033724
                },
                "metrics": {
                    "outcome": 1442.81307777115
                },
                "metadata": {
                    "trials": 1
                }
            },
            {
                "query": {
                    "x1": -1.5373431747433433,
                    "x2": 1.4540097980496505
                },
                "metrics": {
                    "outcome": 1.2492664415299717
                },
                "metadata": {
                    "trials": 1
                }
            },
            {
                "query": {
                    "x1": -1.5488680228266114,
                    "x2": 2.5938709325483194
                },
                "metrics": {
                    "outcome": 567.2326081692727
                },
                "metadata": {
                    "trials": 1
                }
            }
        ],
        [
            {
                "query": {
                    "x1": -1.5174616818125832,
                    "x2": -1.3793738329989904
                },
                "metrics": {
                    "outcome": 92.90930379944764
                },
                "metadata": {
                    "trials": 1
                }
            },
            {
                "query": {
                    "x1": -4.248917727854755,
                    "x2": 2.717004861176659
                },
                "metrics": {
                    "outcome": 6790.314406779316
                },
                "metadata": {
                    "trials": 1
                }
            },
            {
                "query": {
                    "x1": -1.5052578301972677,
                    "x2": 0.04261083560564405
                },
                "metrics": {
                    "outcome": 39.789682177044085
                },
                "metadata": {
                    "trials": 1
                }
            }
        ],
        [
            {
                "query": {
                    "x1": -4.498799180161558,
                    "x2": -4.132327557656206
                },
                "metrics": {
                    "outcome": 110865.65771663145
                },
                "metadata": {
                    "trials": 1
                }
            },
            {
                "query": {
                    "x1": -2.5774142598858623,
                    "x2": -4.15217526913305
                },
                "metrics": {
                    "outcome": 37776.67837174291
                },
                "metadata": {
                    "trials": 1
                }
            },
            {
                "query": {
                    "x1": -3.0110690571017376,
                    "x2": -4.148254442688316
                },
                "metrics": {
                    "outcome": 51110.005366718375
                },
                "metadata": {
                    "trials": 1
                }
            }
        ],
        [
            {
                "query": {
                    "x1": 0.5953330647814017,
                    "x2": 1.0587754390481399
                },
                "metrics": {
                    "outcome": 15.235198653300438
                },
                "metadata": {
                    "trials": 1
                }
            },
            {
                "query": {
                    "x1": 3.8363226482179016,
                    "x2": 0.5620098556391895
                },
                "metrics": {
                    "outcome": 0.45406590113790823
                },
                "metadata": {
                    "trials": 1
                }
            },
            {
                "query": {
                    "x1": 1.446611612843487,
                    "x2": 2.083899389109855
                },
                "metrics": {
                    "outcome": 263.2402805580515
                },
                "metadata": {
                    "trials": 1
                }
            }
        ],
        [
            {
                "query": {
                    "x1": 0.16980787317189794,
                    "x2": 0.3555842322951319
                },
                "metrics": {
                    "outcome": 12.416194961504345
                },
                "metadata": {
                    "trials": 1
                }
            },
            {
                "query": {
                    "x1": 2.7644758541683023,
                    "x2": 1.4590496784681148
                },
                "metrics": {
                    "outcome": 107.86552118619096
                },
                "metadata": {
                    "trials": 1
                }
            },
            {
                "query": {
                    "x1": -4.333014944307718,
                    "x2": -0.7188994479872064
                },
                "metrics": {
                    "outcome": 172.3431269783266
                },
                "metadata": {
                    "trials": 1
                }
            }
        ],
        [
            {
                "query": {
                    "x1": -3.6623382791876793,
                    "x2": 1.4426591685041785
                },
                "metrics": {
                    "outcome": 25.113703626254797
                },
                "metadata": {
                    "trials": 1
                }
            },
            {
                "query": {
                    "x1": 0.9129279674659916,
                    "x2": -0.060300587310194054
                },
                "metrics": {
                    "outcome": 5.010202217249898
                },
                "metadata": {
                    "trials": 1
                }
            },
            {
                "query": {
                    "x1": -3.1961401503805273,
                    "x2": 1.3994533726297664
                },
                "metrics": {
                    "outcome": 9.348026837797281
                },
                "metadata": {
                    "trials": 1
                }
            }
        ],
        [
            {
                "query": {
                    "x1": 2.8975667891011927,
                    "x2": 0.6317135907671254
                },
                "metrics": {
                    "outcome": 0.6558537948742753
                },
                "metadata": {
                    "trials": 1
                }
            },
            {
                "query": {
                    "x1": 3.89495542510247,
                    "x2": 0.48235637617677796
                },
                "metrics": {
                    "outcome": 1.505781153668122
                },
                "metadata": {
                    "trials": 1
                }
            },
            {
                "query": {
                    "x1": -2.1407213822448976,
                    "x2": 0.6374463885212185
                },
                "metrics": {
                    "outcome": 35.31173968955309
                },
                "metadata": {
                    "trials": 1
                }
            }
        ],
        [
            {
                "query": {
                    "x1": 2.6504400093108416,
                    "x2": -1.634807926369831
                },
                "metrics": {
                    "outcome": 209.42393797792317
                },
                "metadata": {
                    "trials": 1
                }
            },
            {
                "query": {
                    "x1": 3.494284167420119,
                    "x2": -2.632426507305354
                },
                "metrics": {
                    "outcome": 4827.538503626402
                },
                "metadata": {
                    "trials": 1
                }
            },
            {
                "query": {
                    "x1": 1.604480937721175,
                    "x2": -0.8626713577767764
                },
                "metrics": {
                    "outcome": 5.600125674742639
                },
                "metadata": {
                    "trials": 1
                }
            }
        ],
        [
            {
                "query": {
                    "x1": -4.199679711833596,
                    "x2": -3.83697315515019
                },
                "metrics": {
                    "outcome": 63108.84266738611
                },
                "metadata": {
                    "trials": 1
                }
            },
            {
                "query": {
                    "x1": 1.7646453296964761,
                    "x2": 0.7439055747793164
                },
                "metrics": {
                    "outcome": 5.753612672649183
                },
                "metadata": {
                    "trials": 1
                }
            },
            {
                "query": {
                    "x1": -3.984563226001878,
                    "x2": 1.9238937969760093
                },
                "metrics": {
                    "outcome": 550.9428842979063
                },
                "metadata": {
                    "trials": 1
                }
            }
        ],
        [
            {
                "query": {
                    "x1": -3.065824057049778,
                    "x2": -4.299396813128911
                },
                "metrics": {
                    "outcome": 65124.12819202715
                },
                "metadata": {
                    "trials": 1
                }
            },
            {
                "query": {
                    "x1": -4.130184797337279,
                    "x2": -0.289194529177621
                },
                "metrics": {
                    "outcome": 129.9857958899247
                },
                "metadata": {
                    "trials": 1
                }
            },
            {
                "query": {
                    "x1": -3.7195203261405165,
                    "x2": 2.2346775724452392
                },
                "metrics": {
                    "outcome": 1404.9165625362173
                },
                "metadata": {
                    "trials": 1
                }
            }
        ],
        [
            {
                "query": {
                    "x1": 0.09453636361286044,
                    "x2": -3.149910568026826
                },
                "metrics": {
                    "outcome": 10.976239744890917
                },
                "metadata": {
                    "trials": 1
                }
            },
            {
                "query": {
                    "x1": -4.179330777000797,
                    "x2": 1.5457142294399926
                },
                "metrics": {
                    "outcome": 87.73602333586574
                },
                "metadata": {
                    "trials": 1
                }
            },
            {
                "query": {
                    "x1": 1.742557192982856,
                    "x2": 2.883396010673108
                },
                "metrics": {
                    "outcome": 2067.239014242142
                },
                "metadata": {
                    "trials": 1
                }
            }
        ],
        [
            {
                "query": {
                    "x1": -1.3205575405554657,
                    "x2": -4.488594079289924
                },
                "metrics": {
                    "outcome": 15826.97939146799
                },
                "metadata": {
                    "trials": 1
                }
            },
            {
                "query": {
                    "x1": 0.09572967518510289,
                    "x2": 0.17355076108356737
                },
                "metrics": {
                    "outcome": 13.071964158559112
                },
                "metadata": {
                    "trials": 1
                }
            },
            {
                "query": {
                    "x1": 4.108152514561633,
                    "x2": -1.7139683056540593
                },
                "metrics": {
                    "outcome": 688.7870786904034
                },
                "metadata": {
                    "trials": 1
                }
            }
        ],
        [
            {
                "query": {
                    "x1": 3.684559844908925,
                    "x2": 4.112403066271074
                },
                "metrics": {
                    "outcome": 68999.11947959916
                },
                "metadata": {
                    "trials": 1
                }
            },
            {
                "query": {
                    "x1": 0.7341296278074854,
                    "x2": -0.6073785667307425
                },
                "metrics": {
                    "outcome": 6.275045333650814
                },
                "metadata": {
                    "trials": 1
                }
            },
            {
                "query": {
                    "x1": -0.6889386477818134,
                    "x2": -2.950392237726552
                },
                "metrics": {
                    "outcome": 468.4968327125467
                },
                "metadata": {
                    "trials": 1
                }
            }
        ],
        [
            {
                "query": {
                    "x1": 2.1357136866299538,
                    "x2": -3.238483703658649
                },
                "metrics": {
                    "outcome": 5754.958326834561
                },
                "metadata": {
                    "trials": 1
                }
            },
            {
                "query": {
                    "x1": 0.9713993822224438,
                    "x2": 1.1232604491524398
                },
                "metrics": {
                    "outcome": 18.077424175752434
                },
                "metadata": {
                    "trials": 1
                }
            },
            {
                "query": {
                    "x1": -3.372876985113032,
                    "x2": 3.468730616358089
                },
                "metrics": {
                    "outcome": 19432.50772119191
                },
                "metadata": {
                    "trials": 1
                }
            }
        ],
        [
            {
                "query": {
                    "x1": 1.1327581532310083,
                    "x2": -2.2498785731997266
                },
                "metrics": {
                    "outcome": 181.85098152641177
                },
                "metadata": {
                    "trials": 1
                }
            },
            {
                "query": {
                    "x1": 0.5962846877519041,
                    "x2": -1.81710542505607
                },
                "metrics": {
                    "outcome": 15.554449484315056
                },
                "metadata": {
                    "trials": 1
                }
            },
            {
                "query": {
                    "x1": 3.128810116467146,
                    "x2": 0.6201505265308223
                },
                "metrics": {
                    "outcome": 0.26110509702821527
                },
                "metadata": {
                    "trials": 1
                }
            }
        ],
        [
            {
                "query": {
                    "x1": 3.9781622404698282,
                    "x2": 2.342414315091446
                },
                "metrics": {
                    "outcome": 2928.493863107476
                },
                "metadata": {
                    "trials": 1
                }
            },
            {
                "query": {
                    "x1": -1.3516929030739089,
                    "x2": 1.7026549902028334
                },
                "metrics": {
                    "outcome": 7.66802425564142
                },
                "metadata": {
                    "trials": 1
                }
            },
            {
                "query": {
                    "x1": -1.3718869429760892,
                    "x2": -1.2249548984178782
                },
                "metrics": {
                    "outcome": 65.65914433146523
                },
                "metadata": {
                    "trials": 1
                }
            }
        ],
        [
            {
                "query": {
                    "x1": 1.9646908807787744,
                    "x2": -0.7902928259942605
                },
                "metrics": {
                    "outcome": 6.452840302272087
                },
                "metadata": {
                    "trials": 1
                }
            },
            {
                "query": {
                    "x1": -1.9917441495258856,
                    "x2": -2.862708819461184
                },
                "metrics": {
                    "outcome": 2866.6156224067063
                },
                "metadata": {
                    "trials": 1
                }
            },
            {
                "query": {
                    "x1": -4.2256002406245985,
                    "x2": 0.40641223551719907
                },
                "metrics": {
                    "outcome": 92.57225560225979
                },
                "metadata": {
                    "trials": 1
                }
            }
        ],
        [
            {
                "query": {
                    "x1": -3.4013051887617554,
                    "x2": 1.457704311494778
                },
                "metrics": {
                    "outcome": 22.819993080544513
                },
                "metadata": {
                    "trials": 1
                }
            },
            {
                "query": {
                    "x1": -1.547875705314734,
                    "x2": -3.5466068378915954
                },
                "metrics": {
                    "outcome": 5680.358766706255
                },
                "metadata": {
                    "trials": 1
                }
            },
            {
                "query": {
                    "x1": -3.764392726746377,
                    "x2": -0.9331891395199059
                },
                "metrics": {
                    "outcome": 173.8028812154471
                },
                "metadata": {
                    "trials": 1
                }
            }
        ],
        [
            {
                "query": {
                    "x1": 2.8519086282703743,
                    "x2": -0.2078065003876528
                },
                "metrics": {
                    "outcome": 4.074250773989507
                },
                "metadata": {
                    "trials": 1
                }
            },
            {
                "query": {
                    "x1": -3.265011280675944,
                    "x2": 1.2131405054566304
                },
                "metrics": {
                    "outcome": 1.154154098693909
                },
                "metadata": {
                    "trials": 1
                }
            },
            {
                "query": {
                    "x1": -0.7946489614777499,
                    "x2": 0.989269001861345
                },
                "metrics": {
                    "outcome": 14.438912824448469
                },
                "metadata": {
                    "trials": 1
                }
            }
        ],
        [
            {
                "query": {
                    "x1": -4.389088922044495,
                    "x2": 1.8554824353843236
                },
                "metrics": {
                    "outcome": 518.8534350310987
                },
                "metadata": {
                    "trials": 1
                }
            },
            {
                "query": {
                    "x1": 0.19564591208472848,
                    "x2": -2.339768795762211
                },
                "metrics": {
                    "outcome": 10.490850628153765
                },
                "metadata": {
                    "trials": 1
                }
            },
            {
                "query": {
                    "x1": 2.118490066179562,
                    "x2": -0.13087801024083578
                },
                "metrics": {
                    "outcome": 1.082294749134437
                },
                "metadata": {
                    "trials": 1
                }
            }
        ],
        [
            {
                "query": {
                    "x1": -3.7688156639190553,
                    "x2": 1.6400781152832913
                },
                "metrics": {
                    "outcome": 122.50250928769006
                },
                "metadata": {
                    "trials": 1
                }
            },
            {
                "query": {
                    "x1": -3.8756990127719124,
                    "x2": -3.728741565400047
                },
                "metrics": {
                    "outcome": 45700.12806085286
                },
                "metadata": {
                    "trials": 1
                }
            },
            {
                "query": {
                    "x1": -4.384314731325156,
                    "x2": 0.8784096298051667
                },
                "metrics": {
                    "outcome": 31.007807686164607
                },
                "metadata": {
                    "trials": 1
                }
            }
        ],
        [
            {
                "query": {
                    "x1": -2.73884059924079,
                    "x2": 0.29303031930413415
                },
                "metrics": {
                    "outcome": 62.441587129378796
                },
                "metadata": {
                    "trials": 1
                }
            },
            {
                "query": {
                    "x1": -2.458112685756159,
                    "x2": -2.0272998199684813
                },
                "metrics": {
                    "outcome": 762.5859596791968
                },
                "metadata": {
                    "trials": 1
                }
            },
            {
                "query": {
                    "x1": -2.7293415143166455,
                    "x2": 0.26409492089739395
                },
                "metrics": {
                    "outcome": 63.37730005398673
                },
                "metadata": {
                    "trials": 1
                }
            }
        ],
        [
            {
                "query": {
                    "x1": 1.2731203189015234,
                    "x2": 0.5595168351849242
                },
                "metrics": {
                    "outcome": 5.254211141232107
                },
                "metadata": {
                    "trials": 1
                }
            },
            {
                "query": {
                    "x1": -4.432279187711343,
                    "x2": -1.316116224807021
                },
                "metrics": {
                    "outcome": 433.9440737772911
                },
                "metadata": {
                    "trials": 1
                }
            },
            {
                "query": {
                    "x1": -3.5246549601414348,
                    "x2": 4.368945750682114
                },
                "metrics": {
                    "outcome": 86708.78832070093
                },
                "metadata": {
                    "trials": 1
                }
            }
        ],
        [
            {
                "query": {
                    "x1": 2.3257893677064043,
                    "x2": 0.5225600260443439
                },
                "metrics": {
                    "outcome": 0.8628715666826843
                },
                "metadata": {
                    "trials": 1
                }
            },
            {
                "query": {
                    "x1": -2.3972019340225845,
                    "x2": 3.1472346062452825
                },
                "metrics": {
                    "outcome": 5237.114560183249
                },
                "metadata": {
                    "trials": 1
                }
            },
            {
                "query": {
                    "x1": 0.5148213220652567,
                    "x2": -1.0664534971011266
                },
                "metrics": {
                    "outcome": 7.783312275509113
                },
                "metadata": {
                    "trials": 1
                }
            }
        ],
        [
            {
                "query": {
                    "x1": -0.5803593608860842,
                    "x2": 3.348153874383237
                },
                "metrics": {
                    "outcome": 358.64887798931267
                },
                "metadata": {
                    "trials": 1
                }
            },
            {
                "query": {
                    "x1": -2.4981368802958275,
                    "x2": 0.21195775300784714
                },
                "metrics": {
                    "outcome": 59.52641945302639
                },
                "metadata": {
                    "trials": 1
                }
            },
            {
                "query": {
                    "x1": -4.349141908036189,
                    "x2": 3.9955312362080004
                },
                "metrics": {
                    "outcome": 77218.02169392089
                },
                "metadata": {
                    "trials": 1
                }
            }
        ],
        [
            {
                "query": {
                    "x1": -0.008897282314175747,
                    "x2": -0.11332873992429349
                },
                "metrics": {
                    "outcome": 14.31939872481048
                },
                "metadata": {
                    "trials": 1
                }
            },
            {
                "query": {
                    "x1": -3.466911071911454,
                    "x2": 1.3440143081825227
                },
                "metrics": {
                    "outcome": 5.797936849867978
                },
                "metadata": {
                    "trials": 1
                }
            },
            {
                "query": {
                    "x1": 1.0722823442558571,
                    "x2": -0.16749836953709263
                },
                "metrics": {
                    "outcome": 3.9156529251764383
                },
                "metadata": {
                    "trials": 1
                }
            }
        ],
        [
            {
                "query": {
                    "x1": 4.226860134760173,
                    "x2": 0.6314606784544843
                },
                "metrics": {
                    "outcome": 0.3772587152218111
                },
                "metadata": {
                    "trials": 1
                }
            },
            {
                "query": {
                    "x1": -3.336049404597319,
                    "x2": -0.5476316367770768
                },
                "metrics": {
                    "outcome": 107.78903609412032
                },
                "metadata": {
                    "trials": 1
                }
            },
            {
                "query": {
                    "x1": 1.867200514467167,
                    "x2": -0.14343895122339312
                },
                "metrics": {
                    "outcome": 1.1466249934663013
                },
                "metadata": {
                    "trials": 1
                }
            }
        ],
        [
            {
                "query": {
                    "x1": -2.2543647081463902,
                    "x2": 0.9489044011254251
                },
                "metrics": {
                    "outcome": 17.453375497489187
                },
                "metadata": {
                    "trials": 1
                }
            },
            {
                "query": {
                    "x1": 4.344007666935683,
                    "x2": 1.1686104992479818
                },
                "metrics": {
                    "outcome": 46.899215013158795
                },
                "metadata": {
                    "trials": 1
                }
            },
            {
                "query": {
                    "x1": -2.5420505992777436,
                    "x2": 1.2350865695154134
                },
                "metrics": {
                    "outcome": 1.792940466458105
                },
                "metadata": {
                    "trials": 1
                }
            }
        ],
        [
            {
                "query": {
                    "x1": 1.588255439374656,
                    "x2": 1.9976336628332163
                },
                "metrics": {
                    "outcome": 246.1386229660351
                },
                "metadata": {
                    "trials": 1
                }
            },
            {
                "query": {
                    "x1": 2.5567234212251755,
                    "x2": -1.1507547911097795
                },
                "metrics": {
                    "outcome": 40.1235920264098
                },
                "metadata": {
                    "trials": 1
                }
            },
            {
                "query": {
                    "x1": -0.3239700695600565,
                    "x2": 0.7052553224812002
                },
                "metrics": {
                    "outcome": 16.406420239530647
                },
                "metadata": {
                    "trials": 1
                }
            }
        ],
        [
            {
                "query": {
                    "x1": 1.9379808740642046,
                    "x2": 0.10402826671482135
                },
                "metrics": {
                    "outcome": 0.6417549776882061
                },
                "metadata": {
                    "trials": 1
                }
            },
            {
                "query": {
                    "x1": 4.297714270193094,
                    "x2": 0.5621182889355989
                },
                "metrics": {
                    "outcome": 1.4485284891132473
                },
                "metadata": {
                    "trials": 1
                }
            },
            {
                "query": {
                    "x1": 1.366682778708146,
                    "x2": -1.4369776569324295
                },
                "metrics": {
                    "outcome": 24.903739388495595
                },
                "metadata": {
                    "trials": 1
                }
            }
        ],
        [
            {
                "query": {
                    "x1": 0.23437650822619283,
                    "x2": 0.5068732085494752
                },
                "metrics": {
                    "outcome": 12.08768138552496
                },
                "metadata": {
                    "trials": 1
                }
            },
            {
                "query": {
                    "x1": 2.8576897212769836,
                    "x2": -0.6478617566172034
                },
                "metrics": {
                    "outcome": 11.667973278568477
                },
                "metadata": {
                    "trials": 1
                }
            },
            {
                "query": {
                    "x1": -3.554185070132643,
                    "x2": -3.3305512574618916
                },
                "metrics": {
                    "outcome": 20318.182949716662
                },
                "metadata": {
                    "trials": 1
                }
            }
        ],
        [
            {
                "query": {
                    "x1": 2.726070483143345,
                    "x2": -2.1677551823227237
                },
                "metrics": {
                    "outcome": 979.8153428369683
                },
                "metadata": {
                    "trials": 1
                }
            },
            {
                "query": {
                    "x1": 3.101348422766379,
                    "x2": -0.8169091048606134
                },
                "metrics": {
                    "outcome": 23.277593610976275
                },
                "metadata": {
                    "trials": 1
                }
            },
            {
                "query": {
                    "x1": 0.05334041421263258,
                    "x2": 0.12656912553263933
                },
                "metrics": {
                    "outcome": 13.555460516274469
                },
                "metadata": {
                    "trials": 1
                }
            }
        ],
        [
            {
                "query": {
                    "x1": -3.0020195255383038,
                    "x2": -1.1004488354296478
                },
                "metrics": {
                    "outcome": 156.23133527231641
                },
                "metadata": {
                    "trials": 1
                }
            },
            {
                "query": {
                    "x1": 4.106030878919288,
                    "x2": 0.08864701080040582
                },
                "metrics": {
                    "outcome": 10.537864232582427
                },
                "metadata": {
                    "trials": 1
                }
            },
            {
                "query": {
                    "x1": -2.782101463994439,
                    "x2": -0.22179906923924797
                },
                "metrics": {
                    "outcome": 77.53114615379792
                },
                "metadata": {
                    "trials": 1
                }
            }
        ],
        [
            {
                "query": {
                    "x1": -1.868212290554374,
                    "x2": 1.449583083978851
                },
                "metrics": {
                    "outcome": 1.906446188574254
                },
                "metadata": {
                    "trials": 1
                }
            },
            {
                "query": {
                    "x1": 4.280951074559642,
                    "x2": 0.627516352100498
                },
                "metrics": {
                    "outcome": 0.48586769271865005
                },
                "metadata": {
                    "trials": 1
                }
            },
            {
                "query": {
                    "x1": 3.853723626396153,
                    "x2": -0.19643919512413177
                },
                "metrics": {
                    "outcome": 13.376211263395756
                },
                "metadata": {
                    "trials": 1
                }
            }
        ],
        [
            {
                "query": {
                    "x1": -0.38027149549210204,
                    "x2": -0.026731143772428467
                },
                "metrics": {
                    "outcome": 19.52234970592205
                },
                "metadata": {
                    "trials": 1
                }
            },
            {
                "query": {
                    "x1": 3.3547997325998846,
                    "x2": -0.13715664598351207
                },
                "metrics": {
                    "outcome": 6.989347643608399
                },
                "metadata": {
                    "trials": 1
                }
            },
            {
                "query": {
                    "x1": -3.4826238165274592,
                    "x2": 1.2487469097941677
                },
                "metrics": {
                    "outcome": 0.946941864912737
                },
                "metadata": {
                    "trials": 1
                }
            }
        ],
        [
            {
                "query": {
                    "x1": 0.17317603449137575,
                    "x2": -0.1497664750385903
                },
                "metrics": {
                    "outcome": 12.030245066335482
                },
                "metadata": {
                    "trials": 1
                }
            },
            {
                "query": {
                    "x1": -0.29197404593001064,
                    "x2": -0.13611355744691345
                },
                "metrics": {
                    "outcome": 18.302376236870828
                },
                "metadata": {
                    "trials": 1
                }
            },
            {
                "query": {
                    "x1": 3.8224631294142455,
                    "x2": 0.8471053261309862
                },
                "metrics": {
                    "outcome": 3.476417728681777
                },
                "metadata": {
                    "trials": 1
                }
            }
        ],
        [
            {
                "query": {
                    "x1": 2.63841847725403,
                    "x2": -0.12794538644205922
                },
                "metrics": {
                    "outcome": 2.298093162675749
                },
                "metadata": {
                    "trials": 1
                }
            },
            {
                "query": {
                    "x1": 2.3237132508651053,
                    "x2": -0.14594866352479308
                },
                "metrics": {
                    "outcome": 1.4392935510909775
                },
                "metadata": {
                    "trials": 1
                }
            },
            {
                "query": {
                    "x1": 4.172071108009092,
                    "x2": -0.15757936710194276
                },
                "metrics": {
                    "outcome": 16.836645377909775
                },
                "metadata": {
                    "trials": 1
                }
            }
        ],
        [
            {
                "query": {
                    "x1": 3.743109329442529,
                    "x2": 0.5697872086922287
                },
                "metrics": {
                    "outcome": 0.2706013612349377
                },
                "metadata": {
                    "trials": 1
                }
            },
            {
                "query": {
                    "x1": 2.9092790580091163,
                    "x2": 0.5298777370734911
                },
                "metrics": {
                    "outcome": 0.06439003623160776
                },
                "metadata": {
                    "trials": 1
                }
            },
            {
                "query": {
                    "x1": -1.9035916489211795,
                    "x2": -2.5506109828927905
                },
                "metrics": {
                    "outcome": 1440.2757907038663
                },
                "metadata": {
                    "trials": 1
                }
            }
        ],
        [
            {
                "query": {
                    "x1": 3.6074239318554273,
                    "x2": 0.60107799828676
                },
                "metrics": {
                    "outcome": 0.046241998723275356
                },
                "metadata": {
                    "trials": 1
                }
            },
            {
                "query": {
                    "x1": 1.1587286821871903,
                    "x2": 0.5998350290803609
                },
                "metrics": {
                    "outcome": 6.294431960346001
                },
                "metadata": {
                    "trials": 1
                }
            },
            {
                "query": {
                    "x1": 0.8151417268446011,
                    "x2": 0.5931247321919928
                },
                "metrics": {
                    "outcome": 8.249183977908041
                },
                "metadata": {
                    "trials": 1
                }
            }
        ],
        [
            {
                "query": {
                    "x1": 3.0376828442833954,
                    "x2": 0.5270841013688115
                },
                "metrics": {
                    "outcome": 0.008219042791208222
                },
                "metadata": {
                    "trials": 1
                }
            },
            {
                "query": {
                    "x1": 0.644151096647307,
                    "x2": 2.150026817120411
                },
                "metrics": {
                    "outcome": 96.30279628040905
                },
                "metadata": {
                    "trials": 1
                }
            },
            {
                "query": {
                    "x1": 1.9120838972697562,
                    "x2": 0.46611997047982356
                },
                "metrics": {
                    "outcome": 1.6189950661875516
                },
                "metadata": {
                    "trials": 1
                }
            }
        ],
        [
            {
                "query": {
                    "x1": -0.6877976345808956,
                    "x2": 0.1006057223955068
                },
                "metrics": {
                    "outcome": 24.048259707534367
                },
                "metadata": {
                    "trials": 1
                }
            },
            {
                "query": {
                    "x1": 2.370299365046831,
                    "x2": -3.110640257593586
                },
                "metrics": {
                    "outcome": 5642.0489901050505
                },
                "metadata": {
                    "trials": 1
                }
            },
            {
                "query": {
                    "x1": 4.187114797327617,
                    "x2": 0.6085802949427812
                },
                "metrics": {
                    "outcome": 0.5508958397382212
                },
                "metadata": {
                    "trials": 1
                }
            }
        ],
        [
            {
                "query": {
                    "x1": -2.1086179275461117,
                    "x2": -3.1585491934757437
                },
                "metrics": {
                    "outcome": 5449.962861196785
                },
                "metadata": {
                    "trials": 1
                }
            },
            {
                "query": {
                    "x1": 0.9914556271174,
                    "x2": -3.158612075320934
                },
                "metrics": {
                    "outcome": 1007.9659438645551
                },
                "metadata": {
                    "trials": 1
                }
            },
            {
                "query": {
                    "x1": 3.4148491156107825,
                    "x2": -3.163542839777529
                },
                "metrics": {
                    "outcome": 13112.099396786434
                },
                "metadata": {
                    "trials": 1
                }
            }
        ]
    ]
}