{
    "date": "08/11/2022 21:04:23",
    "basic_params": {
        "active_variables": [
            "x1",
            "x2"
        ],
        "default_query": {},
        "metric": "basic",
        "n_trials": 1
    },
    "objective_function": {
        "name": "Gramacy2D",
        "params": {}
    },
    "optimizer": {
        "name": "GO-BO",
        "params": {
            "maximize": false,
            "domain": [
                {
                    "name": "x1",
                    "type": "continuous",
                    "domain": [
                        -2.0,
                        6.0
                    ]
                },
                {
                    "name": "x2",
                    "type": "continuous",
                    "domain": [
                        -2.0,
                        6.0
                    ]
                }
            ],
            "initial_design_numdata": 10,
            "num_iters": 140,
            "acquisition_type": "EI",
            "evaluator_type": "sequential",
            "batch_size": 1,
            "model_update_interval": 5
        }
    },
    "best_results": [
        {
            "query": {
                "x1": -0.7130438115276942,
                "x2": -0.0019273636435696356
            },
            "metrics": [
                {
                    "name": "outcome",
                    "value": -0.4288501998203215
                }
            ]
        }
    ],
    "iterations": [
        [
            {
                "query": {
                    "x1": 2.4000000000000004,
                    "x2": -1.6
                },
                "metrics": {
                    "outcome": 0.0005846300741414841
                },
                "metadata": {
                    "trials": 1
                }
            }
        ],
        [
            {
                "query": {
                    "x1": 3.200000000000001,
                    "x2": 4.0
                },
                "metrics": {
                    "outcome": 1.2860645677260845e-11
                },
                "metadata": {
                    "trials": 1
                }
            }
        ],
        [
            {
                "query": {
                    "x1": 5.6,
                    "x2": 1.6
                },
                "metrics": {
                    "outcome": 1.0397267098783851e-14
                },
                "metadata": {
                    "trials": 1
                }
            }
        ],
        [
            {
                "query": {
                    "x1": 0.0,
                    "x2": 3.200000000000001
                },
                "metrics": {
                    "outcome": 0.0
                },
                "metadata": {
                    "trials": 1
                }
            }
        ],
        [
            {
                "query": {
                    "x1": 0.8000000000000003,
                    "x2": 4.800000000000001
                },
                "metrics": {
                    "outcome": 4.159074076024386e-11
                },
                "metadata": {
                    "trials": 1
                }
            }
        ],
        [
            {
                "query": {
                    "x1": 1.6,
                    "x2": 0.8000000000000003
                },
                "metrics": {
                    "outcome": 0.06521952636538587
                },
                "metadata": {
                    "trials": 1
                }
            }
        ],
        [
            {
                "query": {
                    "x1": -0.7999999999999998,
                    "x2": 0.0
                },
                "metrics": {
                    "outcome": -0.4218339392344389
                },
                "metadata": {
                    "trials": 1
                }
            }
        ],
        [
            {
                "query": {
                    "x1": 4.0,
                    "x2": 5.6
                },
                "metrics": {
                    "outcome": 1.0811185731161459e-20
                },
                "metadata": {
                    "trials": 1
                }
            }
        ],
        [
            {
                "query": {
                    "x1": 4.800000000000001,
                    "x2": -0.7999999999999998
                },
                "metrics": {
                    "outcome": 2.495444445614631e-10
                },
                "metadata": {
                    "trials": 1
                }
            }
        ],
        [
            {
                "query": {
                    "x1": -1.6,
                    "x2": 2.4000000000000004
                },
                "metrics": {
                    "outcome": -0.0003897533827609894
                },
                "metadata": {
                    "trials": 1
                }
            }
        ],
        [
            {
                "query": {
                    "x1": -0.8103775656374195,
                    "x2": -0.22259456130693508
                },
                "metrics": {
                    "outcome": -0.399910243974958
                },
                "metadata": {
                    "trials": 1
                }
            }
        ],
        [
            {
                "query": {
                    "x1": -0.8103841408243222,
                    "x2": -0.2225936753033658
                },
                "metrics": {
                    "outcome": -0.39990938469951465
                },
                "metadata": {
                    "trials": 1
                }
            }
        ],
        [
            {
                "query": {
                    "x1": -0.8103774660605978,
                    "x2": -0.22259431756769918
                },
                "metrics": {
                    "outcome": -0.39991030277078754
                },
                "metadata": {
                    "trials": 1
                }
            }
        ],
        [
            {
                "query": {
                    "x1": -0.8103638338100664,
                    "x2": -0.2225970278250561
                },
                "metrics": {
                    "outcome": -0.39991192862027836
                },
                "metadata": {
                    "trials": 1
                }
            }
        ],
        [
            {
                "query": {
                    "x1": -0.8103750502984222,
                    "x2": -0.22259409656500825
                },
                "metrics": {
                    "outcome": -0.3999107157594758
                },
                "metadata": {
                    "trials": 1
                }
            }
        ],
        [
            {
                "query": {
                    "x1": -1.3664246366565596,
                    "x2": 0.16991723722192006
                },
                "metrics": {
                    "outcome": -0.20519581083304977
                },
                "metadata": {
                    "trials": 1
                }
            }
        ],
        [
            {
                "query": {
                    "x1": -1.3664252206519656,
                    "x2": 0.16991603268503253
                },
                "metrics": {
                    "outcome": -0.20519565504008888
                },
                "metadata": {
                    "trials": 1
                }
            }
        ],
        [
            {
                "query": {
                    "x1": -1.366426334486522,
                    "x2": 0.16991499333043164
                },
                "metrics": {
                    "outcome": -0.205195270176508
                },
                "metadata": {
                    "trials": 1
                }
            }
        ],
        [
            {
                "query": {
                    "x1": -1.3664237559996006,
                    "x2": 0.16991532772192686
                },
                "metrics": {
                    "outcome": -0.20519630558429225
                },
                "metadata": {
                    "trials": 1
                }
            }
        ],
        [
            {
                "query": {
                    "x1": -1.3664252268550618,
                    "x2": 0.16991608731984406
                },
                "metrics": {
                    "outcome": -0.20519564868330298
                },
                "metadata": {
                    "trials": 1
                }
            }
        ],
        [
            {
                "query": {
                    "x1": -0.552596546839644,
                    "x2": 0.32044737189331596
                },
                "metrics": {
                    "outcome": -0.367446857150946
                },
                "metadata": {
                    "trials": 1
                }
            }
        ],
        [
            {
                "query": {
                    "x1": -0.5525963229986034,
                    "x2": 0.320445866584433
                },
                "metrics": {
                    "outcome": -0.3674471537021215
                },
                "metadata": {
                    "trials": 1
                }
            }
        ],
        [
            {
                "query": {
                    "x1": -0.552596806177108,
                    "x2": 0.32044567916727074
                },
                "metrics": {
                    "outcome": -0.3674473229067684
                },
                "metadata": {
                    "trials": 1
                }
            }
        ],
        [
            {
                "query": {
                    "x1": -0.5525966490306768,
                    "x2": 0.32044588329111984
                },
                "metrics": {
                    "outcome": -0.36744723416009767
                },
                "metadata": {
                    "trials": 1
                }
            }
        ],
        [
            {
                "query": {
                    "x1": -0.5525966025486327,
                    "x2": 0.3204459507775588
                },
                "metrics": {
                    "outcome": -0.3674472062357434
                },
                "metadata": {
                    "trials": 1
                }
            }
        ],
        [
            {
                "query": {
                    "x1": -0.8210283137991405,
                    "x2": 0.7139631647001171
                },
                "metrics": {
                    "outcome": -0.25131991849206664
                },
                "metadata": {
                    "trials": 1
                }
            }
        ],
        [
            {
                "query": {
                    "x1": -0.821028473702965,
                    "x2": 0.713963305985564
                },
                "metrics": {
                    "outcome": -0.25131985074728824
                },
                "metadata": {
                    "trials": 1
                }
            }
        ],
        [
            {
                "query": {
                    "x1": -0.821028398353776,
                    "x2": 0.713964131801428
                },
                "metrics": {
                    "outcome": -0.25131956242034525
                },
                "metadata": {
                    "trials": 1
                }
            }
        ],
        [
            {
                "query": {
                    "x1": -0.8210284550810222,
                    "x2": 0.713963450526611
                },
                "metrics": {
                    "outcome": -0.25131980086106254
                },
                "metadata": {
                    "trials": 1
                }
            }
        ],
        [
            {
                "query": {
                    "x1": -0.8210283181690236,
                    "x2": 0.7139633123759737
                },
                "metrics": {
                    "outcome": -0.2513198650304423
                },
                "metadata": {
                    "trials": 1
                }
            }
        ],
        [
            {
                "query": {
                    "x1": -2.0,
                    "x2": 6.0
                },
                "metrics": {
                    "outcome": -8.496708510583178e-18
                },
                "metadata": {
                    "trials": 1
                }
            }
        ],
        [
            {
                "query": {
                    "x1": -2.0,
                    "x2": 6.0
                },
                "metrics": {
                    "outcome": -8.496708510583178e-18
                },
                "metadata": {
                    "trials": 1
                }
            }
        ],
        [
            {
                "query": {
                    "x1": -2.0,
                    "x2": 6.0
                },
                "metrics": {
                    "outcome": -8.496708510583178e-18
                },
                "metadata": {
                    "trials": 1
                }
            }
        ],
        [
            {
                "query": {
                    "x1": -2.0,
                    "x2": 6.0
                },
                "metrics": {
                    "outcome": -8.496708510583178e-18
                },
                "metadata": {
                    "trials": 1
                }
            }
        ],
        [
            {
                "query": {
                    "x1": -2.0,
                    "x2": 6.0
                },
                "metrics": {
                    "outcome": -8.496708510583178e-18
                },
                "metadata": {
                    "trials": 1
                }
            }
        ],
        [
            {
                "query": {
                    "x1": -0.6096709934308019,
                    "x2": -0.07627493840739041
                },
                "metrics": {
                    "outcome": -0.41796716222633995
                },
                "metadata": {
                    "trials": 1
                }
            }
        ],
        [
            {
                "query": {
                    "x1": -0.6096693243392799,
                    "x2": -0.07627733881907905
                },
                "metrics": {
                    "outcome": -0.41796671554773573
                },
                "metadata": {
                    "trials": 1
                }
            }
        ],
        [
            {
                "query": {
                    "x1": -0.6096720177351606,
                    "x2": -0.07627614403880917
                },
                "metrics": {
                    "outcome": -0.4179672655451142
                },
                "metadata": {
                    "trials": 1
                }
            }
        ],
        [
            {
                "query": {
                    "x1": -0.6096718585489224,
                    "x2": -0.07627519401758753
                },
                "metrics": {
                    "outcome": -0.417967298116596
                },
                "metadata": {
                    "trials": 1
                }
            }
        ],
        [
            {
                "query": {
                    "x1": -0.6096712974397211,
                    "x2": -0.07627569277167756
                },
                "metrics": {
                    "outcome": -0.4179671676074245
                },
                "metadata": {
                    "trials": 1
                }
            }
        ],
        [
            {
                "query": {
                    "x1": 6.0,
                    "x2": 6.0
                },
                "metrics": {
                    "outcome": 3.228111696012683e-31
                },
                "metadata": {
                    "trials": 1
                }
            }
        ],
        [
            {
                "query": {
                    "x1": 6.0,
                    "x2": 6.0
                },
                "metrics": {
                    "outcome": 3.228111696012683e-31
                },
                "metadata": {
                    "trials": 1
                }
            }
        ],
        [
            {
                "query": {
                    "x1": 6.0,
                    "x2": 6.0
                },
                "metrics": {
                    "outcome": 3.228111696012683e-31
                },
                "metadata": {
                    "trials": 1
                }
            }
        ],
        [
            {
                "query": {
                    "x1": 6.0,
                    "x2": 6.0
                },
                "metrics": {
                    "outcome": 3.228111696012683e-31
                },
                "metadata": {
                    "trials": 1
                }
            }
        ],
        [
            {
                "query": {
                    "x1": 6.0,
                    "x2": 6.0
                },
                "metrics": {
                    "outcome": 3.228111696012683e-31
                },
                "metadata": {
                    "trials": 1
                }
            }
        ],
        [
            {
                "query": {
                    "x1": -0.05639306298442012,
                    "x2": -2.0
                },
                "metrics": {
                    "outcome": -0.001029595469107536
                },
                "metadata": {
                    "trials": 1
                }
            }
        ],
        [
            {
                "query": {
                    "x1": -0.05635326035493374,
                    "x2": -2.0
                },
                "metrics": {
                    "outcome": -0.0010288733903816248
                },
                "metadata": {
                    "trials": 1
                }
            }
        ],
        [
            {
                "query": {
                    "x1": -0.056341285634577076,
                    "x2": -2.0
                },
                "metrics": {
                    "outcome": -0.0010286561492859024
                },
                "metadata": {
                    "trials": 1
                }
            }
        ],
        [
            {
                "query": {
                    "x1": -0.056360103558430866,
                    "x2": -2.0
                },
                "metrics": {
                    "outcome": -0.0010289975369363834
                },
                "metadata": {
                    "trials": 1
                }
            }
        ],
        [
            {
                "query": {
                    "x1": -0.056353285242721,
                    "x2": -2.0
                },
                "metrics": {
                    "outcome": -0.001028873841886044
                },
                "metadata": {
                    "trials": 1
                }
            }
        ],
        [
            {
                "query": {
                    "x1": -2.0,
                    "x2": -2.0
                },
                "metrics": {
                    "outcome": -0.0006709252558050237
                },
                "metadata": {
                    "trials": 1
                }
            }
        ],
        [
            {
                "query": {
                    "x1": -2.0,
                    "x2": -2.0
                },
                "metrics": {
                    "outcome": -0.0006709252558050237
                },
                "metadata": {
                    "trials": 1
                }
            }
        ],
        [
            {
                "query": {
                    "x1": 6.0,
                    "x2": -2.0
                },
                "metrics": {
                    "outcome": 2.5490125531749533e-17
                },
                "metadata": {
                    "trials": 1
                }
            }
        ],
        [
            {
                "query": {
                    "x1": -2.0,
                    "x2": -2.0
                },
                "metrics": {
                    "outcome": -0.0006709252558050237
                },
                "metadata": {
                    "trials": 1
                }
            }
        ],
        [
            {
                "query": {
                    "x1": -0.7130438115276942,
                    "x2": -0.0019273636435696356
                },
                "metrics": {
                    "outcome": -0.4288501998203215
                },
                "metadata": {
                    "trials": 1
                }
            }
        ],
        [
            {
                "query": {
                    "x1": 6.0,
                    "x2": 3.7167759243057463
                },
                "metrics": {
                    "outcome": 1.3932277125484259e-21
                },
                "metadata": {
                    "trials": 1
                }
            }
        ],
        [
            {
                "query": {
                    "x1": 2.148015083846777,
                    "x2": 6.0
                },
                "metrics": {
                    "outcome": 4.9387243660431246e-18
                },
                "metadata": {
                    "trials": 1
                }
            }
        ],
        [
            {
                "query": {
                    "x1": 2.1480178567361183,
                    "x2": 6.0
                },
                "metrics": {
                    "outcome": 4.938671909576782e-18
                },
                "metadata": {
                    "trials": 1
                }
            }
        ],
        [
            {
                "query": {
                    "x1": 2.147815597282414,
                    "x2": 6.0
                },
                "metrics": {
                    "outcome": 4.9424994182529906e-18
                },
                "metadata": {
                    "trials": 1
                }
            }
        ],
        [
            {
                "query": {
                    "x1": 6.0,
                    "x2": 3.716772910979466
                },
                "metrics": {
                    "outcome": 1.3932589207919817e-21
                },
                "metadata": {
                    "trials": 1
                }
            }
        ],
        [
            {
                "query": {
                    "x1": 3.6337883416051597,
                    "x2": 1.507199206961176
                },
                "metrics": {
                    "outcome": 6.905403453036398e-07
                },
                "metadata": {
                    "trials": 1
                }
            }
        ],
        [
            {
                "query": {
                    "x1": 3.6337845875684036,
                    "x2": 1.5072641380370495
                },
                "metrics": {
                    "outcome": 6.904233205754312e-07
                },
                "metadata": {
                    "trials": 1
                }
            }
        ],
        [
            {
                "query": {
                    "x1": 3.634424924540475,
                    "x2": 1.5065785302491492
                },
                "metrics": {
                    "outcome": 6.887603106247459e-07
                },
                "metadata": {
                    "trials": 1
                }
            }
        ],
        [
            {
                "query": {
                    "x1": 3.633774874029296,
                    "x2": 1.5072821138855765
                },
                "metrics": {
                    "outcome": 6.904328012391226e-07
                },
                "metadata": {
                    "trials": 1
                }
            }
        ],
        [
            {
                "query": {
                    "x1": 3.633770815949267,
                    "x2": 1.5071927308564061
                },
                "metrics": {
                    "outcome": 6.906384554586462e-07
                },
                "metadata": {
                    "trials": 1
                }
            }
        ],
        [
            {
                "query": {
                    "x1": -0.3435515428293402,
                    "x2": 6.0
                },
                "metrics": {
                    "outcome": -7.081606520544071e-17
                },
                "metadata": {
                    "trials": 1
                }
            }
        ],
        [
            {
                "query": {
                    "x1": -0.34369460684862935,
                    "x2": 6.0
                },
                "metrics": {
                    "outcome": -7.083858969603179e-17
                },
                "metadata": {
                    "trials": 1
                }
            }
        ],
        [
            {
                "query": {
                    "x1": -0.34379803041510976,
                    "x2": 6.0
                },
                "metrics": {
                    "outcome": -7.085486806674361e-17
                },
                "metadata": {
                    "trials": 1
                }
            }
        ],
        [
            {
                "query": {
                    "x1": -0.34369918612888284,
                    "x2": 6.0
                },
                "metrics": {
                    "outcome": -7.083931054128741e-17
                },
                "metadata": {
                    "trials": 1
                }
            }
        ],
        [
            {
                "query": {
                    "x1": -0.3437975725810053,
                    "x2": 6.0
                },
                "metrics": {
                    "outcome": -7.08547960150933e-17
                },
                "metadata": {
                    "trials": 1
                }
            }
        ],
        [
            {
                "query": {
                    "x1": -2.0,
                    "x2": 4.138199423091565
                },
                "metrics": {
                    "outcome": -1.338726183114622e-09
                },
                "metadata": {
                    "trials": 1
                }
            }
        ],
        [
            {
                "query": {
                    "x1": -2.0,
                    "x2": 4.138342099834025
                },
                "metrics": {
                    "outcome": -1.3371462545777672e-09
                },
                "metadata": {
                    "trials": 1
                }
            }
        ],
        [
            {
                "query": {
                    "x1": 3.8448547310839185,
                    "x2": -2.0
                },
                "metrics": {
                    "outcome": 2.676496496340666e-08
                },
                "metadata": {
                    "trials": 1
                }
            }
        ],
        [
            {
                "query": {
                    "x1": -2.0,
                    "x2": 4.143805984732816
                },
                "metrics": {
                    "outcome": -1.2779854595655266e-09
                },
                "metadata": {
                    "trials": 1
                }
            }
        ],
        [
            {
                "query": {
                    "x1": -2.0,
                    "x2": 4.138327587161256
                },
                "metrics": {
                    "outcome": -1.3373068776845095e-09
                },
                "metadata": {
                    "trials": 1
                }
            }
        ],
        [
            {
                "query": {
                    "x1": 1.7899613345840777,
                    "x2": 3.1481780655389042
                },
                "metrics": {
                    "outcome": 3.606428203178921e-06
                },
                "metadata": {
                    "trials": 1
                }
            }
        ],
        [
            {
                "query": {
                    "x1": 1.8053165544102336,
                    "x2": 3.1012325814145996
                },
                "metrics": {
                    "outcome": 4.615568866884007e-06
                },
                "metadata": {
                    "trials": 1
                }
            }
        ],
        [
            {
                "query": {
                    "x1": 1.7721166113471554,
                    "x2": 3.0622782765869987
                },
                "metrics": {
                    "outcome": 6.4866076394426824e-06
                },
                "metadata": {
                    "trials": 1
                }
            }
        ],
        [
            {
                "query": {
                    "x1": 1.7602174112538296,
                    "x2": 2.9836427749843635
                },
                "metrics": {
                    "outcome": 1.0809856371274156e-05
                },
                "metadata": {
                    "trials": 1
                }
            }
        ],
        [
            {
                "query": {
                    "x1": 1.7626206123986536,
                    "x2": 3.0449925934729074
                },
                "metrics": {
                    "outcome": 7.4149699748454124e-06
                },
                "metadata": {
                    "trials": 1
                }
            }
        ],
        [
            {
                "query": {
                    "x1": 5.998693249632178,
                    "x2": -0.14522257066396727
                },
                "metrics": {
                    "outcome": 1.3839029757037907e-15
                },
                "metadata": {
                    "trials": 1
                }
            }
        ],
        [
            {
                "query": {
                    "x1": 4.458188117057222,
                    "x2": 3.4110806914565295
                },
                "metrics": {
                    "outcome": 9.207523880513205e-14
                },
                "metadata": {
                    "trials": 1
                }
            }
        ],
        [
            {
                "query": {
                    "x1": 4.577887577730701,
                    "x2": 3.3283192847397265
                },
                "metrics": {
                    "outcome": 5.5994312526885825e-14
                },
                "metadata": {
                    "trials": 1
                }
            }
        ],
        [
            {
                "query": {
                    "x1": -0.7081906517274175,
                    "x2": 0.06529704967242939
                },
                "metrics": {
                    "outcome": -0.42705620647484654
                },
                "metadata": {
                    "trials": 1
                }
            }
        ],
        [
            {
                "query": {
                    "x1": 4.517739441586183,
                    "x2": 3.41361543199681
                },
                "metrics": {
                    "outcome": 5.373411887064216e-14
                },
                "metadata": {
                    "trials": 1
                }
            }
        ],
        [
            {
                "query": {
                    "x1": 0.4071644732753885,
                    "x2": -0.38675951632252925
                },
                "metrics": {
                    "outcome": 0.29703541772428665
                },
                "metadata": {
                    "trials": 1
                }
            }
        ],
        [
            {
                "query": {
                    "x1": 0.36986043113925504,
                    "x2": -0.40678865944463727
                },
                "metrics": {
                    "outcome": 0.2733770476865117
                },
                "metadata": {
                    "trials": 1
                }
            }
        ],
        [
            {
                "query": {
                    "x1": 0.5498299489213334,
                    "x2": -0.5033089908807149
                },
                "metrics": {
                    "outcome": 0.31544241124468625
                },
                "metadata": {
                    "trials": 1
                }
            }
        ],
        [
            {
                "query": {
                    "x1": 0.4865370102133282,
                    "x2": -0.5052892849310542
                },
                "metrics": {
                    "outcome": 0.297459312044551
                },
                "metadata": {
                    "trials": 1
                }
            }
        ],
        [
            {
                "query": {
                    "x1": 0.6175126518657787,
                    "x2": -0.629979806140101
                },
                "metrics": {
                    "outcome": 0.28358251124690814
                },
                "metadata": {
                    "trials": 1
                }
            }
        ],
        [
            {
                "query": {
                    "x1": 2.9749396140237048,
                    "x2": 0.05266958713884762
                },
                "metrics": {
                    "outcome": 0.00042525734633198453
                },
                "metadata": {
                    "trials": 1
                }
            }
        ],
        [
            {
                "query": {
                    "x1": 3.0078710302186837,
                    "x2": 0.07400315597653623
                },
                "metrics": {
                    "outcome": 0.0003521222744998979
                },
                "metadata": {
                    "trials": 1
                }
            }
        ],
        [
            {
                "query": {
                    "x1": 2.9766532976782845,
                    "x2": -0.0425227312060068
                },
                "metrics": {
                    "outcome": 0.00042159162644845466
                },
                "metadata": {
                    "trials": 1
                }
            }
        ],
        [
            {
                "query": {
                    "x1": 2.806645351381859,
                    "x2": 0.12907535523753097
                },
                "metrics": {
                    "outcome": 0.0010468929145143562
                },
                "metadata": {
                    "trials": 1
                }
            }
        ],
        [
            {
                "query": {
                    "x1": 3.0926195097963056,
                    "x2": -0.0431166068698553
                },
                "metrics": {
                    "outcome": 0.00021666980384137533
                },
                "metadata": {
                    "trials": 1
                }
            }
        ],
        [
            {
                "query": {
                    "x1": -0.7353531067250856,
                    "x2": 4.283218293829418
                },
                "metrics": {
                    "outcome": -4.614290945911265e-09
                },
                "metadata": {
                    "trials": 1
                }
            }
        ],
        [
            {
                "query": {
                    "x1": -1.024530329325307,
                    "x2": 4.52304187346604
                },
                "metrics": {
                    "outcome": -4.676336655039795e-10
                },
                "metadata": {
                    "trials": 1
                }
            }
        ],
        [
            {
                "query": {
                    "x1": -0.8462170268453182,
                    "x2": 4.318883435859506
                },
                "metrics": {
                    "outcome": -3.2787066431529367e-09
                },
                "metadata": {
                    "trials": 1
                }
            }
        ],
        [
            {
                "query": {
                    "x1": -0.7479748416273511,
                    "x2": 4.2892644798966995
                },
                "metrics": {
                    "outcome": -4.373763096227043e-09
                },
                "metadata": {
                    "trials": 1
                }
            }
        ],
        [
            {
                "query": {
                    "x1": -0.883863777693831,
                    "x2": 4.265459647146043
                },
                "metrics": {
                    "outcome": -5.075638511794862e-09
                },
                "metadata": {
                    "trials": 1
                }
            }
        ],
        [
            {
                "query": {
                    "x1": 5.158145690045437,
                    "x2": 5.601546694308262
                },
                "metrics": {
                    "outcome": 3.391974326674587e-25
                },
                "metadata": {
                    "trials": 1
                }
            }
        ],
        [
            {
                "query": {
                    "x1": -0.9903034700792874,
                    "x2": -1.3624430850817868
                },
                "metrics": {
                    "outcome": -0.0580357563072419
                },
                "metadata": {
                    "trials": 1
                }
            }
        ],
        [
            {
                "query": {
                    "x1": 4.954167515436466,
                    "x2": 5.957940488459401
                },
                "metrics": {
                    "outcome": 4.164561248149053e-26
                },
                "metadata": {
                    "trials": 1
                }
            }
        ],
        [
            {
                "query": {
                    "x1": 5.0464585288035515,
                    "x2": 5.96282522935562
                },
                "metrics": {
                    "outcome": 1.5902173975754105e-26
                },
                "metadata": {
                    "trials": 1
                }
            }
        ],
        [
            {
                "query": {
                    "x1": 5.141586006308952,
                    "x2": 5.864546352411059
                },
                "metrics": {
                    "outcome": 1.965532952917527e-26
                },
                "metadata": {
                    "trials": 1
                }
            }
        ],
        [
            {
                "query": {
                    "x1": 1.3817008863658868,
                    "x2": -1.888760776640173
                },
                "metrics": {
                    "outcome": 0.005780880084268479
                },
                "metadata": {
                    "trials": 1
                }
            }
        ],
        [
            {
                "query": {
                    "x1": 1.0335651164436923,
                    "x2": -1.9664931165017077
                },
                "metrics": {
                    "outcome": 0.007429193866300227
                },
                "metadata": {
                    "trials": 1
                }
            }
        ],
        [
            {
                "query": {
                    "x1": 1.247483479687256,
                    "x2": -1.949794005882465
                },
                "metrics": {
                    "outcome": 0.00587656194300702
                },
                "metadata": {
                    "trials": 1
                }
            }
        ],
        [
            {
                "query": {
                    "x1": 1.193787560478703,
                    "x2": -1.9699482282219485
                },
                "metrics": {
                    "outcome": 0.005924294416735112
                },
                "metadata": {
                    "trials": 1
                }
            }
        ],
        [
            {
                "query": {
                    "x1": 1.435104410616522,
                    "x2": -1.946729442904422
                },
                "metrics": {
                    "outcome": 0.004135931984495331
                },
                "metadata": {
                    "trials": 1
                }
            }
        ],
        [
            {
                "query": {
                    "x1": -1.992816070963669,
                    "x2": 1.070800832043954
                },
                "metrics": {
                    "outcome": -0.01193378811051931
                },
                "metadata": {
                    "trials": 1
                }
            }
        ],
        [
            {
                "query": {
                    "x1": -1.965788273476015,
                    "x2": 1.326721057924943
                },
                "metrics": {
                    "outcome": -0.007093198017686235
                },
                "metadata": {
                    "trials": 1
                }
            }
        ],
        [
            {
                "query": {
                    "x1": -1.9683679019824902,
                    "x2": 1.1358357712282023
                },
                "metrics": {
                    "outcome": -0.011249963739036363
                },
                "metadata": {
                    "trials": 1
                }
            }
        ],
        [
            {
                "query": {
                    "x1": 4.746880173717285,
                    "x2": 0.7567341148976814
                },
                "metrics": {
                    "outcome": 4.383382218409506e-10
                },
                "metadata": {
                    "trials": 1
                }
            }
        ],
        [
            {
                "query": {
                    "x1": -1.913209553591078,
                    "x2": -0.5634717945723189
                },
                "metrics": {
                    "outcome": -0.035825726264757614
                },
                "metadata": {
                    "trials": 1
                }
            }
        ],
        [
            {
                "query": {
                    "x1": 0.8533639357731682,
                    "x2": 5.973074316062719
                },
                "metrics": {
                    "outcome": 1.3190945143495355e-16
                },
                "metadata": {
                    "trials": 1
                }
            }
        ],
        [
            {
                "query": {
                    "x1": 0.9101476080755448,
                    "x2": 5.979401572533165
                },
                "metrics": {
                    "outcome": 1.1801023451071255e-16
                },
                "metadata": {
                    "trials": 1
                }
            }
        ],
        [
            {
                "query": {
                    "x1": -0.1126144420786126,
                    "x2": 1.7514153499928975
                },
                "metrics": {
                    "outcome": -0.005174963193447051
                },
                "metadata": {
                    "trials": 1
                }
            }
        ],
        [
            {
                "query": {
                    "x1": 0.8406889592193352,
                    "x2": 5.912832329545094
                },
                "metrics": {
                    "outcome": 2.716879205473801e-16
                },
                "metadata": {
                    "trials": 1
                }
            }
        ],
        [
            {
                "query": {
                    "x1": 0.8528928819249995,
                    "x2": 5.894185307293391
                },
                "metrics": {
                    "outcome": 3.3648839183600223e-16
                },
                "metadata": {
                    "trials": 1
                }
            }
        ],
        [
            {
                "query": {
                    "x1": 3.175555910520444,
                    "x2": 5.875166490507861
                },
                "metrics": {
                    "outcome": 1.353728776712725e-19
                },
                "metadata": {
                    "trials": 1
                }
            }
        ],
        [
            {
                "query": {
                    "x1": 4.818871911337469,
                    "x2": -1.8859767384101147
                },
                "metrics": {
                    "outcome": 1.130365604965472e-11
                },
                "metadata": {
                    "trials": 1
                }
            }
        ],
        [
            {
                "query": {
                    "x1": 4.891537092008404,
                    "x2": -1.8859128019190008
                },
                "metrics": {
                    "outcome": 5.667371810711747e-12
                },
                "metadata": {
                    "trials": 1
                }
            }
        ],
        [
            {
                "query": {
                    "x1": 5.125322366323024,
                    "x2": -1.7977939145763333
                },
                "metrics": {
                    "outcome": 7.899561998405356e-13
                },
                "metadata": {
                    "trials": 1
                }
            }
        ],
        [
            {
                "query": {
                    "x1": 4.843855143492595,
                    "x2": -1.9456581700133206
                },
                "metrics": {
                    "outcome": 7.1008441487982635e-12
                },
                "metadata": {
                    "trials": 1
                }
            }
        ],
        [
            {
                "query": {
                    "x1": 2.3673468618950206,
                    "x2": 4.66748527733385
                },
                "metrics": {
                    "outcome": 3.0133155910611493e-12
                },
                "metadata": {
                    "trials": 1
                }
            }
        ],
        [
            {
                "query": {
                    "x1": 2.482985244392,
                    "x2": 1.8156993106819357
                },
                "metrics": {
                    "outcome": 0.00019305833770643743
                },
                "metadata": {
                    "trials": 1
                }
            }
        ],
        [
            {
                "query": {
                    "x1": 2.3295347040070524,
                    "x2": 4.841261679750135
                },
                "metrics": {
                    "outcome": 6.785094152228946e-13
                },
                "metadata": {
                    "trials": 1
                }
            }
        ],
        [
            {
                "query": {
                    "x1": 2.179197305164399,
                    "x2": 4.647927408415007
                },
                "metrics": {
                    "outcome": 7.829100522084488e-12
                },
                "metadata": {
                    "trials": 1
                }
            }
        ],
        [
            {
                "query": {
                    "x1": 2.1766977597791914,
                    "x2": 4.829805901345015
                },
                "metrics": {
                    "outcome": 1.4102850866832032e-12
                },
                "metadata": {
                    "trials": 1
                }
            }
        ],
        [
            {
                "query": {
                    "x1": 0.8212462198171506,
                    "x2": 2.1587244607629223
                },
                "metrics": {
                    "outcome": 0.003960167473918618
                },
                "metadata": {
                    "trials": 1
                }
            }
        ],
        [
            {
                "query": {
                    "x1": 5.874944576174174,
                    "x2": 2.535704560058644
                },
                "metrics": {
                    "outcome": 9.703211478919234e-18
                },
                "metadata": {
                    "trials": 1
                }
            }
        ],
        [
            {
                "query": {
                    "x1": -0.5045247740087992,
                    "x2": -0.5578133528953204
                },
                "metrics": {
                    "outcome": -0.2865508365542412
                },
                "metadata": {
                    "trials": 1
                }
            }
        ],
        [
            {
                "query": {
                    "x1": -0.6520447348273919,
                    "x2": 0.004254531813081108
                },
                "metrics": {
                    "outcome": -0.42621023503879635
                },
                "metadata": {
                    "trials": 1
                }
            }
        ],
        [
            {
                "query": {
                    "x1": 0.8947175404987675,
                    "x2": 2.131273185127651
                },
                "metrics": {
                    "outcome": 0.004278759813208467
                },
                "metadata": {
                    "trials": 1
                }
            }
        ],
        [
            {
                "query": {
                    "x1": 3.345155774702442,
                    "x2": 2.91451654210604
                },
                "metrics": {
                    "outcome": 9.45274587068411e-09
                },
                "metadata": {
                    "trials": 1
                }
            }
        ],
        [
            {
                "query": {
                    "x1": 3.2676563407689674,
                    "x2": 2.793934209700476
                },
                "metrics": {
                    "outcome": 3.0682501857499363e-08
                },
                "metadata": {
                    "trials": 1
                }
            }
        ],
        [
            {
                "query": {
                    "x1": 3.2023824786156476,
                    "x2": 2.669132503136927
                },
                "metrics": {
                    "outcome": 9.07074085453142e-08
                },
                "metadata": {
                    "trials": 1
                }
            }
        ],
        [
            {
                "query": {
                    "x1": 3.2882951875277877,
                    "x2": 2.778470124881599
                },
                "metrics": {
                    "outcome": 2.9395853064304098e-08
                },
                "metadata": {
                    "trials": 1
                }
            }
        ],
        [
            {
                "query": {
                    "x1": 3.1134836400018147,
                    "x2": 2.894459296403255
                },
                "metrics": {
                    "outcome": 4.413852935933246e-08
                },
                "metadata": {
                    "trials": 1
                }
            }
        ],
        [
            {
                "query": {
                    "x1": 4.767921440905164,
                    "x2": 1.9796712208269245
                },
                "metrics": {
                    "outcome": 1.2689292911273902e-11
                },
                "metadata": {
                    "trials": 1
                }
            }
        ],
        [
            {
                "query": {
                    "x1": -0.8244134636879412,
                    "x2": 2.503686891183997
                },
                "metrics": {
                    "outcome": -0.0007918103065283871
                },
                "metadata": {
                    "trials": 1
                }
            }
        ],
        [
            {
                "query": {
                    "x1": 4.841790493072034,
                    "x2": 1.9860111701758782
                },
                "metrics": {
                    "outcome": 6.178837567888587e-12
                },
                "metadata": {
                    "trials": 1
                }
            }
        ],
        [
            {
                "query": {
                    "x1": 4.733671126668906,
                    "x2": 1.9532052359748917
                },
                "metrics": {
                    "outcome": 1.9357290621375777e-11
                },
                "metadata": {
                    "trials": 1
                }
            }
        ],
        [
            {
                "query": {
                    "x1": 4.0211987367798745,
                    "x2": -0.391595186678396
                },
                "metrics": {
                    "outcome": 3.2749075230685654e-07
                },
                "metadata": {
                    "trials": 1
                }
            }
        ],
        [
            {
                "query": {
                    "x1": 5.992891426139839,
                    "x2": 4.978440294257308
                },
                "metrics": {
                    "outcome": 2.60692408120103e-26
                },
                "metadata": {
                    "trials": 1
                }
            }
        ],
        [
            {
                "query": {
                    "x1": 5.930666235770352,
                    "x2": 4.814137995167595
                },
                "metrics": {
                    "outcome": 2.707531258484038e-25
                },
                "metadata": {
                    "trials": 1
                }
            }
        ],
        [
            {
                "query": {
                    "x1": 5.987746546664773,
                    "x2": 4.980922321863449
                },
                "metrics": {
                    "outcome": 2.702647026933265e-26
                },
                "metadata": {
                    "trials": 1
                }
            }
        ],
        [
            {
                "query": {
                    "x1": 5.9718447296600985,
                    "x2": 4.724919945581032
                },
                "metrics": {
                    "outcome": 3.911360381524831e-25
                },
                "metadata": {
                    "trials": 1
                }
            }
        ],
        [
            {
                "query": {
                    "x1": -1.1569040580602126,
                    "x2": 5.9951861919773
                },
                "metrics": {
                    "outcome": -7.455929535409496e-17
                },
                "metadata": {
                    "trials": 1
                }
            }
        ]
    ]
}