{
    "date": "04/11/2022 13:56:32",
    "basic_params": {
        "active_variables": [
            "x"
        ],
        "default_query": {},
        "metric": "basic",
        "n_trials": 1
    },
    "objective_function": {
        "name": "Forrester",
        "params": {}
    },
    "optimizer": {
        "name": "BBO-LP(LCB)",
        "params": {
            "lower_bound": [
                0.0
            ],
            "upper_bound": [
                1.0
            ],
            "invert_metric": false,
            "bopt_params": {
                "n_init_samples": 15,
                "n_iterations": 45,
                "n_iter_relearn": 5,
                "verbose_level": 1,
                "n_parallel_samples": 3,
                "par_type": "PAR_BBO",
                "crit_name": "cLP(cLCB)",
                "n_crit_params": 3,
                "crit_params": [
                    3,
                    1,
                    1.0
                ]
            }
        }
    },
    "iterations": [
        [
            {
                "query": {
                    "x": 0.1646069148555398
                },
                "metrics": {
                    "outcome": -0.9210861331201377
                },
                "metadata": {
                    "trials": 1
                }
            }
        ],
        [
            {
                "query": {
                    "x": 0.5007562232979884
                },
                "metrics": {
                    "outcome": 0.9137192549710409
                },
                "metadata": {
                    "trials": 1
                }
            }
        ],
        [
            {
                "query": {
                    "x": 0.824138956470415
                },
                "metrics": {
                    "outcome": -3.325206866638491
                },
                "metadata": {
                    "trials": 1
                }
            }
        ],
        [
            {
                "query": {
                    "x": 0.3679418234154582
                },
                "metrics": {
                    "outcome": 0.01739702264150721
                },
                "metadata": {
                    "trials": 1
                }
            }
        ],
        [
            {
                "query": {
                    "x": 0.3110174721882989
                },
                "metrics": {
                    "outcome": -0.004743747566350813
                },
                "metadata": {
                    "trials": 1
                }
            }
        ],
        [
            {
                "query": {
                    "x": 0.13156881108880042
                },
                "metrics": {
                    "outcome": -0.966803109304338
                },
                "metadata": {
                    "trials": 1
                }
            }
        ],
        [
            {
                "query": {
                    "x": 0.23298591836355625
                },
                "metrics": {
                    "outcome": -0.3384141978689636
                },
                "metadata": {
                    "trials": 1
                }
            }
        ],
        [
            {
                "query": {
                    "x": 0.5335017136608561
                },
                "metrics": {
                    "outcome": 0.972154318022093
                },
                "metadata": {
                    "trials": 1
                }
            }
        ],
        [
            {
                "query": {
                    "x": 0.6925632110331208
                },
                "metrics": {
                    "outcome": -4.275980677845058
                },
                "metadata": {
                    "trials": 1
                }
            }
        ],
        [
            {
                "query": {
                    "x": 0.03346299454569816
                },
                "metrics": {
                    "outcome": 1.4280085561367601
                },
                "metadata": {
                    "trials": 1
                }
            }
        ],
        [
            {
                "query": {
                    "x": 0.7427906601068874
                },
                "metrics": {
                    "outcome": -5.913959609877626
                },
                "metadata": {
                    "trials": 1
                }
            }
        ],
        [
            {
                "query": {
                    "x": 0.9081523275002837
                },
                "metrics": {
                    "outcome": 6.859453426144599
                },
                "metadata": {
                    "trials": 1
                }
            }
        ],
        [
            {
                "query": {
                    "x": 0.6624386373752107
                },
                "metrics": {
                    "outcome": -2.817850311947646
                },
                "metadata": {
                    "trials": 1
                }
            }
        ],
        [
            {
                "query": {
                    "x": 0.9556560051627457
                },
                "metrics": {
                    "outcome": 12.915863822362798
                },
                "metadata": {
                    "trials": 1
                }
            }
        ],
        [
            {
                "query": {
                    "x": 0.4137589945923537
                },
                "metrics": {
                    "outcome": 0.19143524954541108
                },
                "metadata": {
                    "trials": 1
                }
            }
        ],
        [
            {
                "query": {
                    "x": 0.7549689616831342
                },
                "metrics": {
                    "outcome": -6.017982774944782
                },
                "metadata": {
                    "trials": 1
                }
            },
            {
                "query": {
                    "x": 0.7630830292119928
                },
                "metrics": {
                    "outcome": -6.00226819406653
                },
                "metadata": {
                    "trials": 1
                }
            },
            {
                "query": {
                    "x": 0.7469469387201797
                },
                "metrics": {
                    "outcome": -5.9657959500164495
                },
                "metadata": {
                    "trials": 1
                }
            }
        ],
        [
            {
                "query": {
                    "x": 0.7581384663923763
                },
                "metrics": {
                    "outcome": -6.020316280325387
                },
                "metadata": {
                    "trials": 1
                }
            },
            {
                "query": {
                    "x": 0.756642193232067
                },
                "metrics": {
                    "outcome": -6.020543925019731
                },
                "metadata": {
                    "trials": 1
                }
            },
            {
                "query": {
                    "x": 0.7596153288295647
                },
                "metrics": {
                    "outcome": -6.0177293047256715
                },
                "metadata": {
                    "trials": 1
                }
            }
        ],
        [
            {
                "query": {
                    "x": 0.7572456107328697
                },
                "metrics": {
                    "outcome": -6.020740050478197
                },
                "metadata": {
                    "trials": 1
                }
            },
            {
                "query": {
                    "x": 0.7579292446578831
                },
                "metrics": {
                    "outcome": -6.020492300454597
                },
                "metadata": {
                    "trials": 1
                }
            },
            {
                "query": {
                    "x": 0.7565622229911396
                },
                "metrics": {
                    "outcome": -6.020488857244907
                },
                "metadata": {
                    "trials": 1
                }
            }
        ],
        [
            {
                "query": {
                    "x": 0.7572492765970822
                },
                "metrics": {
                    "outcome": -6.020740055623378
                },
                "metadata": {
                    "trials": 1
                }
            },
            {
                "query": {
                    "x": 0.7578274661152016
                },
                "metrics": {
                    "outcome": -6.020560921844552
                },
                "metadata": {
                    "trials": 1
                }
            },
            {
                "query": {
                    "x": 0.7566711745356819
                },
                "metrics": {
                    "outcome": -6.0205622045248575
                },
                "metadata": {
                    "trials": 1
                }
            }
        ],
        [
            {
                "query": {
                    "x": 0.7572504237031678
                },
                "metrics": {
                    "outcome": -6.020740054285165
                },
                "metadata": {
                    "trials": 1
                }
            },
            {
                "query": {
                    "x": 0.7577753518501451
                },
                "metrics": {
                    "outcome": -6.020591754051338
                },
                "metadata": {
                    "trials": 1
                }
            },
            {
                "query": {
                    "x": 0.7567255323350967
                },
                "metrics": {
                    "outcome": -6.020594082571963
                },
                "metadata": {
                    "trials": 1
                }
            }
        ],
        [
            {
                "query": {
                    "x": 0.7572574090863516
                },
                "metrics": {
                    "outcome": -6.02074001579908
                },
                "metadata": {
                    "trials": 1
                }
            },
            {
                "query": {
                    "x": 0.7567645646949248
                },
                "metrics": {
                    "outcome": -6.020615035294221
                },
                "metadata": {
                    "trials": 1
                }
            },
            {
                "query": {
                    "x": 0.7577498721492413
                },
                "metrics": {
                    "outcome": -6.020605767954743
                },
                "metadata": {
                    "trials": 1
                }
            }
        ],
        [
            {
                "query": {
                    "x": 0.757256904529797
                },
                "metrics": {
                    "outcome": -6.0207400203251975
                },
                "metadata": {
                    "trials": 1
                }
            },
            {
                "query": {
                    "x": 0.7567887907779067
                },
                "metrics": {
                    "outcome": -6.020627225020813
                },
                "metadata": {
                    "trials": 1
                }
            },
            {
                "query": {
                    "x": 0.7577247573368405
                },
                "metrics": {
                    "outcome": -6.020618899728965
                },
                "metadata": {
                    "trials": 1
                }
            }
        ],
        [
            {
                "query": {
                    "x": 0.7572564676472524
                },
                "metrics": {
                    "outcome": -6.0207400240245965
                },
                "metadata": {
                    "trials": 1
                }
            },
            {
                "query": {
                    "x": 0.7568075233480203
                },
                "metrics": {
                    "outcome": -6.020636222577345
                },
                "metadata": {
                    "trials": 1
                }
            },
            {
                "query": {
                    "x": 0.7577051669225489
                },
                "metrics": {
                    "outcome": -6.0206286733823315
                },
                "metadata": {
                    "trials": 1
                }
            }
        ],
        [
            {
                "query": {
                    "x": 0.7572561219811741
                },
                "metrics": {
                    "outcome": -6.020740026807141
                },
                "metadata": {
                    "trials": 1
                }
            },
            {
                "query": {
                    "x": 0.7568227931116666
                },
                "metrics": {
                    "outcome": -6.0206432806850225
                },
                "metadata": {
                    "trials": 1
                }
            },
            {
                "query": {
                    "x": 0.7576892613052578
                },
                "metrics": {
                    "outcome": -6.020636306024805
                },
                "metadata": {
                    "trials": 1
                }
            }
        ],
        [
            {
                "query": {
                    "x": 0.7572558070758431
                },
                "metrics": {
                    "outcome": -6.020740029230979
                },
                "metadata": {
                    "trials": 1
                }
            },
            {
                "query": {
                    "x": 0.7568334858200723
                },
                "metrics": {
                    "outcome": -6.020648075450111
                },
                "metadata": {
                    "trials": 1
                }
            },
            {
                "query": {
                    "x": 0.7576759157560949
                },
                "metrics": {
                    "outcome": -6.020642500920738
                },
                "metadata": {
                    "trials": 1
                }
            }
        ],
        [
            {
                "query": {
                    "x": 0.7572555716968205
                },
                "metrics": {
                    "outcome": -6.0207400309735295
                },
                "metadata": {
                    "trials": 1
                }
            },
            {
                "query": {
                    "x": 0.7568463852533373
                },
                "metrics": {
                    "outcome": -6.020653697809331
                },
                "metadata": {
                    "trials": 1
                }
            },
            {
                "query": {
                    "x": 0.7576645250578292
                },
                "metrics": {
                    "outcome": -6.02064763737969
                },
                "metadata": {
                    "trials": 1
                }
            }
        ],
        [
            {
                "query": {
                    "x": 0.7572553252077433
                },
                "metrics": {
                    "outcome": -6.020740032734898
                },
                "metadata": {
                    "trials": 1
                }
            },
            {
                "query": {
                    "x": 0.7568558732300315
                },
                "metrics": {
                    "outcome": -6.020657720211868
                },
                "metadata": {
                    "trials": 1
                }
            },
            {
                "query": {
                    "x": 0.757654558208193
                },
                "metrics": {
                    "outcome": -6.02065201770095
                },
                "metadata": {
                    "trials": 1
                }
            }
        ],
        [
            {
                "query": {
                    "x": 0.7572550953246762
                },
                "metrics": {
                    "outcome": -6.020740034319122
                },
                "metadata": {
                    "trials": 1
                }
            },
            {
                "query": {
                    "x": 0.7568642385657559
                },
                "metrics": {
                    "outcome": -6.020661187189717
                },
                "metadata": {
                    "trials": 1
                }
            },
            {
                "query": {
                    "x": 0.7576457382210166
                },
                "metrics": {
                    "outcome": -6.020655805198199
                },
                "metadata": {
                    "trials": 1
                }
            }
        ],
        [
            {
                "query": {
                    "x": 0.7572548970387053
                },
                "metrics": {
                    "outcome": -6.020740035640257
                },
                "metadata": {
                    "trials": 1
                }
            },
            {
                "query": {
                    "x": 0.7568717174349082
                },
                "metrics": {
                    "outcome": -6.0206642237062935
                },
                "metadata": {
                    "trials": 1
                }
            },
            {
                "query": {
                    "x": 0.7576378587124956
                },
                "metrics": {
                    "outcome": -6.020659118328975
                },
                "metadata": {
                    "trials": 1
                }
            }
        ],
        [
            {
                "query": {
                    "x": 0.7572547018035798
                },
                "metrics": {
                    "outcome": -6.020740036900036
                },
                "metadata": {
                    "trials": 1
                }
            },
            {
                "query": {
                    "x": 0.7568784694097288
                },
                "metrics": {
                    "outcome": -6.0206669139499605
                },
                "metadata": {
                    "trials": 1
                }
            },
            {
                "query": {
                    "x": 0.7576307236440231
                },
                "metrics": {
                    "outcome": -6.0206620610441695
                },
                "metadata": {
                    "trials": 1
                }
            }
        ],
        [
            {
                "query": {
                    "x": 0.7572545969127598
                },
                "metrics": {
                    "outcome": -6.020740037560045
                },
                "metadata": {
                    "trials": 1
                }
            },
            {
                "query": {
                    "x": 0.7568846704055566
                },
                "metrics": {
                    "outcome": -6.020669341906945
                },
                "metadata": {
                    "trials": 1
                }
            },
            {
                "query": {
                    "x": 0.7576243162647284
                },
                "metrics": {
                    "outcome": -6.020664657151313
                },
                "metadata": {
                    "trials": 1
                }
            }
        ],
        [
            {
                "query": {
                    "x": 0.7572543925133399
                },
                "metrics": {
                    "outcome": -6.020740038812436
                },
                "metadata": {
                    "trials": 1
                }
            },
            {
                "query": {
                    "x": 0.7568902521650827
                },
                "metrics": {
                    "outcome": -6.02067149239527
                },
                "metadata": {
                    "trials": 1
                }
            },
            {
                "query": {
                    "x": 0.757618347112561
                },
                "metrics": {
                    "outcome": -6.020667036122818
                },
                "metadata": {
                    "trials": 1
                }
            }
        ],
        [
            {
                "query": {
                    "x": 0.7572542672329494
                },
                "metrics": {
                    "outcome": -6.020740039557994
                },
                "metadata": {
                    "trials": 1
                }
            },
            {
                "query": {
                    "x": 0.756895436773924
                },
                "metrics": {
                    "outcome": -6.020673460156922
                },
                "metadata": {
                    "trials": 1
                }
            },
            {
                "query": {
                    "x": 0.757612901415795
                },
                "metrics": {
                    "outcome": -6.020669173174895
                },
                "metadata": {
                    "trials": 1
                }
            }
        ],
        [
            {
                "query": {
                    "x": 0.7572540891087314
                },
                "metrics": {
                    "outcome": -6.020740040589171
                },
                "metadata": {
                    "trials": 1
                }
            },
            {
                "query": {
                    "x": 0.7569001923114232
                },
                "metrics": {
                    "outcome": -6.020675239902945
                },
                "metadata": {
                    "trials": 1
                }
            },
            {
                "query": {
                    "x": 0.7576078021091207
                },
                "metrics": {
                    "outcome": -6.020671145489555
                },
                "metadata": {
                    "trials": 1
                }
            }
        ],
        [
            {
                "query": {
                    "x": 0.7572540066413669
                },
                "metrics": {
                    "outcome": -6.020740041055106
                },
                "metadata": {
                    "trials": 1
                }
            },
            {
                "query": {
                    "x": 0.7569046919360812
                },
                "metrics": {
                    "outcome": -6.020676901702323
                },
                "metadata": {
                    "trials": 1
                }
            },
            {
                "query": {
                    "x": 0.7576031331072122
                },
                "metrics": {
                    "outcome": -6.020672926940973
                },
                "metadata": {
                    "trials": 1
                }
            }
        ],
        [
            {
                "query": {
                    "x": 0.7572538755872246
                },
                "metrics": {
                    "outcome": -6.020740041780608
                },
                "metadata": {
                    "trials": 1
                }
            },
            {
                "query": {
                    "x": 0.7569088337504007
                },
                "metrics": {
                    "outcome": -6.020678412299063
                },
                "metadata": {
                    "trials": 1
                }
            },
            {
                "query": {
                    "x": 0.7575987272394549
                },
                "metrics": {
                    "outcome": -6.0206745865784885
                },
                "metadata": {
                    "trials": 1
                }
            }
        ],
        [
            {
                "query": {
                    "x": 0.757253767733892
                },
                "metrics": {
                    "outcome": -6.020740042363913
                },
                "metadata": {
                    "trials": 1
                }
            },
            {
                "query": {
                    "x": 0.7569127438778154
                },
                "metrics": {
                    "outcome": -6.0206798216316235
                },
                "metadata": {
                    "trials": 1
                }
            },
            {
                "query": {
                    "x": 0.7575946050259594
                },
                "metrics": {
                    "outcome": -6.020676120538144
                },
                "metadata": {
                    "trials": 1
                }
            }
        ],
        [
            {
                "query": {
                    "x": 0.7572536244978574
                },
                "metrics": {
                    "outcome": -6.020740043119373
                },
                "metadata": {
                    "trials": 1
                }
            },
            {
                "query": {
                    "x": 0.7569163877422878
                },
                "metrics": {
                    "outcome": -6.020681120338161
                },
                "metadata": {
                    "trials": 1
                }
            },
            {
                "query": {
                    "x": 0.7575906923853564
                },
                "metrics": {
                    "outcome": -6.0206775596742
                },
                "metadata": {
                    "trials": 1
                }
            }
        ],
        [
            {
                "query": {
                    "x": 0.7572536168647364
                },
                "metrics": {
                    "outcome": -6.020740043159017
                },
                "metadata": {
                    "trials": 1
                }
            },
            {
                "query": {
                    "x": 0.7569199307067002
                },
                "metrics": {
                    "outcome": -6.0206823695245575
                },
                "metadata": {
                    "trials": 1
                }
            },
            {
                "query": {
                    "x": 0.7575871298338573
                },
                "metrics": {
                    "outcome": -6.0206788557791056
                },
                "metadata": {
                    "trials": 1
                }
            }
        ],
        [
            {
                "query": {
                    "x": 0.7572534618838911
                },
                "metrics": {
                    "outcome": -6.020740043950476
                },
                "metadata": {
                    "trials": 1
                }
            },
            {
                "query": {
                    "x": 0.7569231510111619
                },
                "metrics": {
                    "outcome": -6.020683493349073
                },
                "metadata": {
                    "trials": 1
                }
            },
            {
                "query": {
                    "x": 0.7575836111593973
                },
                "metrics": {
                    "outcome": -6.020680122577033
                },
                "metadata": {
                    "trials": 1
                }
            }
        ],
        [
            {
                "query": {
                    "x": 0.7572533901691729
                },
                "metrics": {
                    "outcome": -6.020740044308028
                },
                "metadata": {
                    "trials": 1
                }
            },
            {
                "query": {
                    "x": 0.7569262751268951
                },
                "metrics": {
                    "outcome": -6.020684573050766
                },
                "metadata": {
                    "trials": 1
                }
            },
            {
                "query": {
                    "x": 0.7575803475331053
                },
                "metrics": {
                    "outcome": -6.020681285698299
                },
                "metadata": {
                    "trials": 1
                }
            }
        ],
        [
            {
                "query": {
                    "x": 0.7572533069951006
                },
                "metrics": {
                    "outcome": -6.020740044715835
                },
                "metadata": {
                    "trials": 1
                }
            },
            {
                "query": {
                    "x": 0.7569292140451814
                },
                "metrics": {
                    "outcome": -6.020685579258799
                },
                "metadata": {
                    "trials": 1
                }
            },
            {
                "query": {
                    "x": 0.7575772405882955
                },
                "metrics": {
                    "outcome": -6.0206823823805395
                },
                "metadata": {
                    "trials": 1
                }
            }
        ],
        [
            {
                "query": {
                    "x": 0.7572532261515942
                },
                "metrics": {
                    "outcome": -6.020740045105133
                },
                "metadata": {
                    "trials": 1
                }
            },
            {
                "query": {
                    "x": 0.7569320254731303
                },
                "metrics": {
                    "outcome": -6.020686533208074
                },
                "metadata": {
                    "trials": 1
                }
            },
            {
                "query": {
                    "x": 0.7575742627648197
                },
                "metrics": {
                    "outcome": -6.020683423782912
                },
                "metadata": {
                    "trials": 1
                }
            }
        ],
        [
            {
                "query": {
                    "x": 0.7572531522438025
                },
                "metrics": {
                    "outcome": -6.020740045454925
                },
                "metadata": {
                    "trials": 1
                }
            },
            {
                "query": {
                    "x": 0.7569347054704222
                },
                "metrics": {
                    "outcome": -6.0206874347238335
                },
                "metadata": {
                    "trials": 1
                }
            },
            {
                "query": {
                    "x": 0.757571443162238
                },
                "metrics": {
                    "outcome": -6.020684401099088
                },
                "metadata": {
                    "trials": 1
                }
            }
        ],
        [
            {
                "query": {
                    "x": 0.7572530825891612
                },
                "metrics": {
                    "outcome": -6.020740045779247
                },
                "metadata": {
                    "trials": 1
                }
            },
            {
                "query": {
                    "x": 0.7569372732161538
                },
                "metrics": {
                    "outcome": -6.02068829130338
                },
                "metadata": {
                    "trials": 1
                }
            },
            {
                "query": {
                    "x": 0.7575687352744358
                },
                "metrics": {
                    "outcome": -6.02068533167839
                },
                "metadata": {
                    "trials": 1
                }
            }
        ],
        [
            {
                "query": {
                    "x": 0.7572529973040946
                },
                "metrics": {
                    "outcome": -6.02074004616929
                },
                "metadata": {
                    "trials": 1
                }
            },
            {
                "query": {
                    "x": 0.7569397121621387
                },
                "metrics": {
                    "outcome": -6.020689098413011
                },
                "metadata": {
                    "trials": 1
                }
            },
            {
                "query": {
                    "x": 0.7575661500754858
                },
                "metrics": {
                    "outcome": -6.02068621276797
                },
                "metadata": {
                    "trials": 1
                }
            }
        ],
        [
            {
                "query": {
                    "x": 0.7572529496459788
                },
                "metrics": {
                    "outcome": -6.020740046383867
                },
                "metadata": {
                    "trials": 1
                }
            },
            {
                "query": {
                    "x": 0.7569420712596036
                },
                "metrics": {
                    "outcome": -6.020689873070313
                },
                "metadata": {
                    "trials": 1
                }
            },
            {
                "query": {
                    "x": 0.7575636762747285
                },
                "metrics": {
                    "outcome": -6.0206870491896005
                },
                "metadata": {
                    "trials": 1
                }
            }
        ],
        [
            {
                "query": {
                    "x": 0.7572528929592964
                },
                "metrics": {
                    "outcome": -6.020740046635935
                },
                "metadata": {
                    "trials": 1
                }
            },
            {
                "query": {
                    "x": 0.7569443508764861
                },
                "metrics": {
                    "outcome": -6.020690615996577
                },
                "metadata": {
                    "trials": 1
                }
            },
            {
                "query": {
                    "x": 0.7575613097740101
                },
                "metrics": {
                    "outcome": -6.020687843198589
                },
                "metadata": {
                    "trials": 1
                }
            }
        ],
        [
            {
                "query": {
                    "x": 0.7572528349237064
                },
                "metrics": {
                    "outcome": -6.020740046890445
                },
                "metadata": {
                    "trials": 1
                }
            },
            {
                "query": {
                    "x": 0.7569465061816381
                },
                "metrics": {
                    "outcome": -6.020691313318675
                },
                "metadata": {
                    "trials": 1
                }
            },
            {
                "query": {
                    "x": 0.7575590197025932
                },
                "metrics": {
                    "outcome": -6.020688605854262
                },
                "metadata": {
                    "trials": 1
                }
            }
        ],
        [
            {
                "query": {
                    "x": 0.7572527275919462
                },
                "metrics": {
                    "outcome": -6.020740047351662
                },
                "metadata": {
                    "trials": 1
                }
            },
            {
                "query": {
                    "x": 0.7569485370709914
                },
                "metrics": {
                    "outcome": -6.020691965859411
                },
                "metadata": {
                    "trials": 1
                }
            },
            {
                "query": {
                    "x": 0.7575567628372896
                },
                "metrics": {
                    "outcome": -6.0206893519570475
                },
                "metadata": {
                    "trials": 1
                }
            }
        ],
        [
            {
                "query": {
                    "x": 0.7572527111765356
                },
                "metrics": {
                    "outcome": -6.020740047421117
                },
                "metadata": {
                    "trials": 1
                }
            },
            {
                "query": {
                    "x": 0.7569505975014413
                },
                "metrics": {
                    "outcome": -6.0206926234019225
                },
                "metadata": {
                    "trials": 1
                }
            },
            {
                "query": {
                    "x": 0.7575546793453451
                },
                "metrics": {
                    "outcome": -6.0206900359021605
                },
                "metadata": {
                    "trials": 1
                }
            }
        ],
        [
            {
                "query": {
                    "x": 0.757252711986893
                },
                "metrics": {
                    "outcome": -6.020740047417695
                },
                "metadata": {
                    "trials": 1
                }
            },
            {
                "query": {
                    "x": 0.7569525953820592
                },
                "metrics": {
                    "outcome": -6.020693256664333
                },
                "metadata": {
                    "trials": 1
                }
            },
            {
                "query": {
                    "x": 0.7575526884897105
                },
                "metrics": {
                    "outcome": -6.020690685094834
                },
                "metadata": {
                    "trials": 1
                }
            }
        ],
        [
            {
                "query": {
                    "x": 0.7572526000148085
                },
                "metrics": {
                    "outcome": -6.020740047883872
                },
                "metadata": {
                    "trials": 1
                }
            },
            {
                "query": {
                    "x": 0.7569544035734452
                },
                "metrics": {
                    "outcome": -6.020693826135752
                },
                "metadata": {
                    "trials": 1
                }
            },
            {
                "query": {
                    "x": 0.7575506608117071
                },
                "metrics": {
                    "outcome": -6.0206913419323165
                },
                "metadata": {
                    "trials": 1
                }
            }
        ],
        [
            {
                "query": {
                    "x": 0.7572525574575821
                },
                "metrics": {
                    "outcome": -6.02074004805754
                },
                "metadata": {
                    "trials": 1
                }
            },
            {
                "query": {
                    "x": 0.7569562034701781
                },
                "metrics": {
                    "outcome": -6.02069438953568
                },
                "metadata": {
                    "trials": 1
                }
            },
            {
                "query": {
                    "x": 0.7575486655516798
                },
                "metrics": {
                    "outcome": -6.020691983971073
                },
                "metadata": {
                    "trials": 1
                }
            }
        ],
        [
            {
                "query": {
                    "x": 0.7572525130020302
                },
                "metrics": {
                    "outcome": -6.020740048236889
                },
                "metadata": {
                    "trials": 1
                }
            },
            {
                "query": {
                    "x": 0.7569579825705117
                },
                "metrics": {
                    "outcome": -6.02069494303427
                },
                "metadata": {
                    "trials": 1
                }
            },
            {
                "query": {
                    "x": 0.7575469097922365
                },
                "metrics": {
                    "outcome": -6.020692545416965
                },
                "metadata": {
                    "trials": 1
                }
            }
        ],
        [
            {
                "query": {
                    "x": 0.7572524670320532
                },
                "metrics": {
                    "outcome": -6.020740048420127
                },
                "metadata": {
                    "trials": 1
                }
            },
            {
                "query": {
                    "x": 0.7569596760497598
                },
                "metrics": {
                    "outcome": -6.020695466762639
                },
                "metadata": {
                    "trials": 1
                }
            },
            {
                "query": {
                    "x": 0.7575451140682481
                },
                "metrics": {
                    "outcome": -6.020693116228212
                },
                "metadata": {
                    "trials": 1
                }
            }
        ],
        [
            {
                "query": {
                    "x": 0.7572524139939928
                },
                "metrics": {
                    "outcome": -6.020740048628736
                },
                "metadata": {
                    "trials": 1
                }
            },
            {
                "query": {
                    "x": 0.756961311615091
                },
                "metrics": {
                    "outcome": -6.020695969680067
                },
                "metadata": {
                    "trials": 1
                }
            },
            {
                "query": {
                    "x": 0.7575433883647761
                },
                "metrics": {
                    "outcome": -6.020693661528549
                },
                "metadata": {
                    "trials": 1
                }
            }
        ],
        [
            {
                "query": {
                    "x": 0.7572523283374191
                },
                "metrics": {
                    "outcome": -6.020740048959294
                },
                "metadata": {
                    "trials": 1
                }
            },
            {
                "query": {
                    "x": 0.7569628543644847
                },
                "metrics": {
                    "outcome": -6.02069644144571
                },
                "metadata": {
                    "trials": 1
                }
            },
            {
                "query": {
                    "x": 0.7575416616688856
                },
                "metrics": {
                    "outcome": -6.020694203951153
                },
                "metadata": {
                    "trials": 1
                }
            }
        ],
        [
            {
                "query": {
                    "x": 0.7572523391752137
                },
                "metrics": {
                    "outcome": -6.020740048917904
                },
                "metadata": {
                    "trials": 1
                }
            },
            {
                "query": {
                    "x": 0.7569644620411009
                },
                "metrics": {
                    "outcome": -6.020696930367764
                },
                "metadata": {
                    "trials": 1
                }
            },
            {
                "query": {
                    "x": 0.7575400802197587
                },
                "metrics": {
                    "outcome": -6.020694697945366
                },
                "metadata": {
                    "trials": 1
                }
            }
        ],
        [
            {
                "query": {
                    "x": 0.7572523488461487
                },
                "metrics": {
                    "outcome": -6.020740048880863
                },
                "metadata": {
                    "trials": 1
                }
            },
            {
                "query": {
                    "x": 0.756966025876154
                },
                "metrics": {
                    "outcome": -6.020697403314786
                },
                "metadata": {
                    "trials": 1
                }
            },
            {
                "query": {
                    "x": 0.7575385449626675
                },
                "metrics": {
                    "outcome": -6.020695174949134
                },
                "metadata": {
                    "trials": 1
                }
            }
        ]
    ],
    "best_results": [
        {
            "query": {
                "x": 0.7572492765970822
            },
            "metrics": [
                {
                    "name": "outcome",
                    "value": -6.020740055623378
                }
            ]
        }
    ]
}