{
    "date": "10/11/2022 09:50:06",
    "basic_params": {
        "active_variables": [
            "x"
        ],
        "default_query": {},
        "metric": "basic",
        "n_trials": 1
    },
    "objective_function": {
        "name": "Forrester",
        "params": {}
    },
    "optimizer": {
        "name": "BO-MCMC-250-LCB",
        "params": {
            "lower_bound": [
                0.0
            ],
            "upper_bound": [
                1.0
            ],
            "invert_metric": false,
            "bopt_params": {
                "n_init_samples": 15,
                "n_iterations": 45,
                "n_iter_relearn": 5,
                "verbose_level": 0,
                "n_parallel_samples": 3,
                "par_type": "PAR_MCMC",
                "l_type": "L_MCMC",
                "burnout_mcmc_parallel": 250,
                "crit_name": "cLCBnorm",
                "n_crit_params": 1,
                "crit_params": [
                    2.0
                ]
            }
        }
    },
    "execution_time": 14.905354499816895,
    "best_results": [
        {
            "query": {
                "x": 0.7568654858140766
            },
            "metrics": [
                {
                    "name": "outcome",
                    "value": -6.020661697725398
                }
            ]
        }
    ],
    "iterations": [
        [
            {
                "query": {
                    "x": 0.9464641412875304
                },
                "metrics": {
                    "outcome": 11.899930569452126
                },
                "metadata": {
                    "trials": 1
                }
            }
        ],
        [
            {
                "query": {
                    "x": 0.27523231979769963
                },
                "metrics": {
                    "outcome": -0.0780298985712513
                },
                "metadata": {
                    "trials": 1
                }
            }
        ],
        [
            {
                "query": {
                    "x": 0.4541616589917491
                },
                "metrics": {
                    "outcome": 0.5217477106938556
                },
                "metadata": {
                    "trials": 1
                }
            }
        ],
        [
            {
                "query": {
                    "x": 0.05721195777878165
                },
                "metrics": {
                    "outcome": 0.46940425258192553
                },
                "metadata": {
                    "trials": 1
                }
            }
        ],
        [
            {
                "query": {
                    "x": 0.7993475188656399
                },
                "metrics": {
                    "outcome": -4.982624266295749
                },
                "metadata": {
                    "trials": 1
                }
            }
        ],
        [
            {
                "query": {
                    "x": 0.47340050001318257
                },
                "metrics": {
                    "outcome": 0.7020077822678265
                },
                "metadata": {
                    "trials": 1
                }
            }
        ],
        [
            {
                "query": {
                    "x": 0.5585596152115613
                },
                "metrics": {
                    "outcome": 0.7759813605587267
                },
                "metadata": {
                    "trials": 1
                }
            }
        ],
        [
            {
                "query": {
                    "x": 0.701102954816694
                },
                "metrics": {
                    "outcome": -4.652904300331949
                },
                "metadata": {
                    "trials": 1
                }
            }
        ],
        [
            {
                "query": {
                    "x": 0.8304031697257112
                },
                "metrics": {
                    "outcome": -2.7840556663917644
                },
                "metadata": {
                    "trials": 1
                }
            }
        ],
        [
            {
                "query": {
                    "x": 0.6305589986188959
                },
                "metrics": {
                    "outcome": -1.3116591507496045
                },
                "metadata": {
                    "trials": 1
                }
            }
        ],
        [
            {
                "query": {
                    "x": 0.19242082458610335
                },
                "metrics": {
                    "outcome": -0.7096743077090528
                },
                "metadata": {
                    "trials": 1
                }
            }
        ],
        [
            {
                "query": {
                    "x": 0.2407662268417577
                },
                "metrics": {
                    "outcome": -0.2764084136761423
                },
                "metadata": {
                    "trials": 1
                }
            }
        ],
        [
            {
                "query": {
                    "x": 0.10109737880217533
                },
                "metrics": {
                    "outcome": -0.6744492554669091
                },
                "metadata": {
                    "trials": 1
                }
            }
        ],
        [
            {
                "query": {
                    "x": 0.35310713287132484
                },
                "metrics": {
                    "outcome": 0.0033088036751897825
                },
                "metadata": {
                    "trials": 1
                }
            }
        ],
        [
            {
                "query": {
                    "x": 0.8916822675305108
                },
                "metrics": {
                    "outcome": 4.545603258972803
                },
                "metadata": {
                    "trials": 1
                }
            }
        ],
        [
            {
                "query": {
                    "x": 0.21585493210262097
                },
                "metrics": {
                    "outcome": -0.49041244206267665
                },
                "metadata": {
                    "trials": 1
                }
            },
            {
                "query": {
                    "x": 0.5207162608858198
                },
                "metrics": {
                    "outcome": 0.9846340972938152
                },
                "metadata": {
                    "trials": 1
                }
            },
            {
                "query": {
                    "x": 0.1855694071855396
                },
                "metrics": {
                    "outcome": -0.7699897404570065
                },
                "metadata": {
                    "trials": 1
                }
            }
        ],
        [
            {
                "query": {
                    "x": 0.3573470305630876
                },
                "metrics": {
                    "outcome": 0.005899749496436344
                },
                "metadata": {
                    "trials": 1
                }
            },
            {
                "query": {
                    "x": 0.6337505789471438
                },
                "metrics": {
                    "outcome": -1.4523273110689459
                },
                "metadata": {
                    "trials": 1
                }
            },
            {
                "query": {
                    "x": 0.37822386598098495
                },
                "metrics": {
                    "outcome": 0.03721661583600075
                },
                "metadata": {
                    "trials": 1
                }
            }
        ],
        [
            {
                "query": {
                    "x": 0.5546606023421342
                },
                "metrics": {
                    "outcome": 0.8231905060410122
                },
                "metadata": {
                    "trials": 1
                }
            },
            {
                "query": {
                    "x": 0.8237494677828106
                },
                "metrics": {
                    "outcome": -3.3572695440669067
                },
                "metadata": {
                    "trials": 1
                }
            },
            {
                "query": {
                    "x": 0.7791127659779082
                },
                "metrics": {
                    "outcome": -5.751052003616862
                },
                "metadata": {
                    "trials": 1
                }
            }
        ],
        [
            {
                "query": {
                    "x": 0.3238621855336752
                },
                "metrics": {
                    "outcome": -0.00036623193285207164
                },
                "metadata": {
                    "trials": 1
                }
            },
            {
                "query": {
                    "x": 0.31993625576073
                },
                "metrics": {
                    "outcome": -0.0010342882690209745
                },
                "metadata": {
                    "trials": 1
                }
            },
            {
                "query": {
                    "x": 0.754450202806611
                },
                "metrics": {
                    "outcome": -6.016591496975318
                },
                "metadata": {
                    "trials": 1
                }
            }
        ],
        [
            {
                "query": {
                    "x": 0.08933334057296494
                },
                "metrics": {
                    "outcome": -0.45431948038285536
                },
                "metadata": {
                    "trials": 1
                }
            },
            {
                "query": {
                    "x": 0.358698727443148
                },
                "metrics": {
                    "outcome": 0.006941950638048304
                },
                "metadata": {
                    "trials": 1
                }
            },
            {
                "query": {
                    "x": 0.1336597724219181
                },
                "metrics": {
                    "outcome": -0.9736329299006768
                },
                "metadata": {
                    "trials": 1
                }
            }
        ],
        [
            {
                "query": {
                    "x": 0.1506128914822248
                },
                "metrics": {
                    "outcome": -0.9769266041005152
                },
                "metadata": {
                    "trials": 1
                }
            },
            {
                "query": {
                    "x": 0.08979288028082022
                },
                "metrics": {
                    "outcome": -0.4641099633843015
                },
                "metadata": {
                    "trials": 1
                }
            },
            {
                "query": {
                    "x": 0.38508440228179097
                },
                "metrics": {
                    "outcome": 0.056099506594251974
                },
                "metadata": {
                    "trials": 1
                }
            }
        ],
        [
            {
                "query": {
                    "x": 0.0925731707829982
                },
                "metrics": {
                    "outcome": -0.5212656926818664
                },
                "metadata": {
                    "trials": 1
                }
            },
            {
                "query": {
                    "x": 0.7646930092014372
                },
                "metrics": {
                    "outcome": -5.990538507741512
                },
                "metadata": {
                    "trials": 1
                }
            },
            {
                "query": {
                    "x": 0.09475453406636737
                },
                "metrics": {
                    "outcome": -0.5636194547751433
                },
                "metadata": {
                    "trials": 1
                }
            }
        ],
        [
            {
                "query": {
                    "x": 0.44261664647241156
                },
                "metrics": {
                    "outcome": 0.41555858140482493
                },
                "metadata": {
                    "trials": 1
                }
            },
            {
                "query": {
                    "x": 0.7216847494710237
                },
                "metrics": {
                    "outcome": -5.422018089355182
                },
                "metadata": {
                    "trials": 1
                }
            },
            {
                "query": {
                    "x": 0.75372433825396
                },
                "metrics": {
                    "outcome": -6.014174430619692
                },
                "metadata": {
                    "trials": 1
                }
            }
        ],
        [
            {
                "query": {
                    "x": 0.34473491804412176
                },
                "metrics": {
                    "outcome": 0.0006382981662165384
                },
                "metadata": {
                    "trials": 1
                }
            },
            {
                "query": {
                    "x": 0.2780407571782262
                },
                "metrics": {
                    "outcome": -0.0677855226995114
                },
                "metadata": {
                    "trials": 1
                }
            },
            {
                "query": {
                    "x": 0.003233690899719288
                },
                "metrics": {
                    "outcome": 2.8670528363534364
                },
                "metadata": {
                    "trials": 1
                }
            }
        ],
        [
            {
                "query": {
                    "x": 0.7568654858140766
                },
                "metrics": {
                    "outcome": -6.020661697725398
                },
                "metadata": {
                    "trials": 1
                }
            },
            {
                "query": {
                    "x": 0.5887323014942681
                },
                "metrics": {
                    "outcome": 0.18017868116468
                },
                "metadata": {
                    "trials": 1
                }
            },
            {
                "query": {
                    "x": 0.41577743431323805
                },
                "metrics": {
                    "outcome": 0.2044796587806661
                },
                "metadata": {
                    "trials": 1
                }
            }
        ],
        [
            {
                "query": {
                    "x": 0.8540669716451599
                },
                "metrics": {
                    "outcome": -0.33556362947828156
                },
                "metadata": {
                    "trials": 1
                }
            },
            {
                "query": {
                    "x": 0.5335539991073924
                },
                "metrics": {
                    "outcome": 0.971993125480968
                },
                "metadata": {
                    "trials": 1
                }
            },
            {
                "query": {
                    "x": 0.6781199654374345
                },
                "metrics": {
                    "outcome": -3.591526476668568
                },
                "metadata": {
                    "trials": 1
                }
            }
        ],
        [
            {
                "query": {
                    "x": 0.23535024813327243
                },
                "metrics": {
                    "outcome": -0.3190104657664065
                },
                "metadata": {
                    "trials": 1
                }
            },
            {
                "query": {
                    "x": 0.23926510426651873
                },
                "metrics": {
                    "outcome": -0.28794693393482035
                },
                "metadata": {
                    "trials": 1
                }
            },
            {
                "query": {
                    "x": 0.18706304492833364
                },
                "metrics": {
                    "outcome": -0.7571552763001136
                },
                "metadata": {
                    "trials": 1
                }
            }
        ],
        [
            {
                "query": {
                    "x": 0.11338901000199855
                },
                "metrics": {
                    "outcome": -0.8383813601930564
                },
                "metadata": {
                    "trials": 1
                }
            },
            {
                "query": {
                    "x": 0.7754101706545481
                },
                "metrics": {
                    "outcome": -5.836190320663131
                },
                "metadata": {
                    "trials": 1
                }
            },
            {
                "query": {
                    "x": 0.2815211253950884
                },
                "metrics": {
                    "outcome": -0.056289787149448337
                },
                "metadata": {
                    "trials": 1
                }
            }
        ],
        [
            {
                "query": {
                    "x": 0.1874001177399605
                },
                "metrics": {
                    "outcome": -0.7542322260143273
                },
                "metadata": {
                    "trials": 1
                }
            },
            {
                "query": {
                    "x": 0.4270889028579527
                },
                "metrics": {
                    "outcome": 0.2855261455080885
                },
                "metadata": {
                    "trials": 1
                }
            },
            {
                "query": {
                    "x": 0.791822589831098
                },
                "metrics": {
                    "outcome": -5.329235801425797
                },
                "metadata": {
                    "trials": 1
                }
            }
        ],
        [
            {
                "query": {
                    "x": 0.2673003249666153
                },
                "metrics": {
                    "outcome": -0.11177062156593852
                },
                "metadata": {
                    "trials": 1
                }
            },
            {
                "query": {
                    "x": 0.5082255925517529
                },
                "metrics": {
                    "outcome": 0.9512347840553711
                },
                "metadata": {
                    "trials": 1
                }
            },
            {
                "query": {
                    "x": 0.08963271454263716
                },
                "metrics": {
                    "outcome": -0.4607087140887458
                },
                "metadata": {
                    "trials": 1
                }
            }
        ],
        [
            {
                "query": {
                    "x": 0.6423707422265175
                },
                "metrics": {
                    "outcome": -1.8462260421915713
                },
                "metadata": {
                    "trials": 1
                }
            },
            {
                "query": {
                    "x": 0.49922076243559105
                },
                "metrics": {
                    "outcome": 0.9046301851822957
                },
                "metadata": {
                    "trials": 1
                }
            },
            {
                "query": {
                    "x": 0.609349191348643
                },
                "metrics": {
                    "outcome": -0.4656235762651981
                },
                "metadata": {
                    "trials": 1
                }
            }
        ],
        [
            {
                "query": {
                    "x": 0.7077293492340346
                },
                "metrics": {
                    "outcome": -4.924978790692053
                },
                "metadata": {
                    "trials": 1
                }
            },
            {
                "query": {
                    "x": 0.8677230079192668
                },
                "metrics": {
                    "outcome": 1.3275262357263553
                },
                "metadata": {
                    "trials": 1
                }
            },
            {
                "query": {
                    "x": 0.5513626880104726
                },
                "metrics": {
                    "outcome": 0.8580942038458059
                },
                "metadata": {
                    "trials": 1
                }
            }
        ],
        [
            {
                "query": {
                    "x": 0.17511851526796818
                },
                "metrics": {
                    "outcome": -0.8531712513819306
                },
                "metadata": {
                    "trials": 1
                }
            },
            {
                "query": {
                    "x": 0.3953256330184841
                },
                "metrics": {
                    "outcome": 0.09368599525650065
                },
                "metadata": {
                    "trials": 1
                }
            },
            {
                "query": {
                    "x": 0.7511234281949128
                },
                "metrics": {
                    "outcome": -6.001062331995579
                },
                "metadata": {
                    "trials": 1
                }
            }
        ],
        [
            {
                "query": {
                    "x": 0.016522295838107597
                },
                "metrics": {
                    "outcome": 2.215769488014665
                },
                "metadata": {
                    "trials": 1
                }
            },
            {
                "query": {
                    "x": 0.7459493495399289
                },
                "metrics": {
                    "outcome": -5.9548488298722315
                },
                "metadata": {
                    "trials": 1
                }
            },
            {
                "query": {
                    "x": 0.5205068000735555
                },
                "metrics": {
                    "outcome": 0.9844188460373506
                },
                "metadata": {
                    "trials": 1
                }
            }
        ],
        [
            {
                "query": {
                    "x": 0.6046754828681646
                },
                "metrics": {
                    "outcome": -0.3028605905706231
                },
                "metadata": {
                    "trials": 1
                }
            },
            {
                "query": {
                    "x": 0.46776896714865734
                },
                "metrics": {
                    "outcome": 0.6500402171447779
                },
                "metadata": {
                    "trials": 1
                }
            },
            {
                "query": {
                    "x": 0.8667148493696004
                },
                "metrics": {
                    "outcome": 1.1995607118217897
                },
                "metadata": {
                    "trials": 1
                }
            }
        ],
        [
            {
                "query": {
                    "x": 0.36528634699061513
                },
                "metrics": {
                    "outcome": 0.013750695826590687
                },
                "metadata": {
                    "trials": 1
                }
            },
            {
                "query": {
                    "x": 0.5185879031196237
                },
                "metrics": {
                    "outcome": 0.981864917975993
                },
                "metadata": {
                    "trials": 1
                }
            },
            {
                "query": {
                    "x": 0.7538833051751588
                },
                "metrics": {
                    "outcome": -6.01475053844442
                },
                "metadata": {
                    "trials": 1
                }
            }
        ],
        [
            {
                "query": {
                    "x": 0.21683387269499105
                },
                "metrics": {
                    "outcome": -0.48131966789770125
                },
                "metadata": {
                    "trials": 1
                }
            },
            {
                "query": {
                    "x": 0.49051955660831786
                },
                "metrics": {
                    "outcome": 0.8455842767674043
                },
                "metadata": {
                    "trials": 1
                }
            },
            {
                "query": {
                    "x": 0.9034182871691883
                },
                "metrics": {
                    "outcome": 6.193334082735742
                },
                "metadata": {
                    "trials": 1
                }
            }
        ],
        [
            {
                "query": {
                    "x": 0.6524875081179712
                },
                "metrics": {
                    "outcome": -2.3292106610082013
                },
                "metadata": {
                    "trials": 1
                }
            },
            {
                "query": {
                    "x": 0.6812105377294894
                },
                "metrics": {
                    "outcome": -3.7415310000800357
                },
                "metadata": {
                    "trials": 1
                }
            },
            {
                "query": {
                    "x": 0.9135825043865803
                },
                "metrics": {
                    "outcome": 7.619638893761911
                },
                "metadata": {
                    "trials": 1
                }
            }
        ],
        [
            {
                "query": {
                    "x": 0.69243110017851
                },
                "metrics": {
                    "outcome": -4.2699538391334215
                },
                "metadata": {
                    "trials": 1
                }
            },
            {
                "query": {
                    "x": 0.34647129192202464
                },
                "metrics": {
                    "outcome": 0.000975588868214148
                },
                "metadata": {
                    "trials": 1
                }
            },
            {
                "query": {
                    "x": 0.648066132284835
                },
                "metrics": {
                    "outcome": -2.1158730190785056
                },
                "metadata": {
                    "trials": 1
                }
            }
        ],
        [
            {
                "query": {
                    "x": 0.16198138054460287
                },
                "metrics": {
                    "outcome": -0.9349029845032848
                },
                "metadata": {
                    "trials": 1
                }
            },
            {
                "query": {
                    "x": 0.7105235018939128
                },
                "metrics": {
                    "outcome": -5.033364010406514
                },
                "metadata": {
                    "trials": 1
                }
            },
            {
                "query": {
                    "x": 0.7355473586963788
                },
                "metrics": {
                    "outcome": -5.78601850796313
                },
                "metadata": {
                    "trials": 1
                }
            }
        ],
        [
            {
                "query": {
                    "x": 0.8471322300161575
                },
                "metrics": {
                    "outcome": -1.115037112883314
                },
                "metadata": {
                    "trials": 1
                }
            },
            {
                "query": {
                    "x": 0.44991057554524105
                },
                "metrics": {
                    "outcome": 0.4820409035959491
                },
                "metadata": {
                    "trials": 1
                }
            },
            {
                "query": {
                    "x": 0.7774834535824916
                },
                "metrics": {
                    "outcome": -5.790574947405758
                },
                "metadata": {
                    "trials": 1
                }
            }
        ],
        [
            {
                "query": {
                    "x": 0.6848126653351096
                },
                "metrics": {
                    "outcome": -3.914302473770267
                },
                "metadata": {
                    "trials": 1
                }
            },
            {
                "query": {
                    "x": 0.660501671643388
                },
                "metrics": {
                    "outcome": -2.7221248194007166
                },
                "metadata": {
                    "trials": 1
                }
            },
            {
                "query": {
                    "x": 0.36910498957149684
                },
                "metrics": {
                    "outcome": 0.019172578478759028
                },
                "metadata": {
                    "trials": 1
                }
            }
        ],
        [
            {
                "query": {
                    "x": 0.10285233904434302
                },
                "metrics": {
                    "outcome": -0.7019101339722126
                },
                "metadata": {
                    "trials": 1
                }
            },
            {
                "query": {
                    "x": 0.244614096235495
                },
                "metrics": {
                    "outcome": -0.24782923844955368
                },
                "metadata": {
                    "trials": 1
                }
            },
            {
                "query": {
                    "x": 0.3627241753441826
                },
                "metrics": {
                    "outcome": 0.010741836327330678
                },
                "metadata": {
                    "trials": 1
                }
            }
        ],
        [
            {
                "query": {
                    "x": 0.5894811486410971
                },
                "metrics": {
                    "outcome": 0.16006684872048352
                },
                "metadata": {
                    "trials": 1
                }
            },
            {
                "query": {
                    "x": 0.38388782306494673
                },
                "metrics": {
                    "outcome": 0.052455311434411935
                },
                "metadata": {
                    "trials": 1
                }
            },
            {
                "query": {
                    "x": 0.8784275611240532
                },
                "metrics": {
                    "outcome": 2.7286431786478382
                },
                "metadata": {
                    "trials": 1
                }
            }
        ],
        [
            {
                "query": {
                    "x": 0.39918485493399203
                },
                "metrics": {
                    "outcome": 0.1109180983173805
                },
                "metadata": {
                    "trials": 1
                }
            },
            {
                "query": {
                    "x": 0.5058654318729909
                },
                "metrics": {
                    "outcome": 0.9406494244293165
                },
                "metadata": {
                    "trials": 1
                }
            },
            {
                "query": {
                    "x": 0.7045970254302744
                },
                "metrics": {
                    "outcome": -4.798867121895922
                },
                "metadata": {
                    "trials": 1
                }
            }
        ],
        [
            {
                "query": {
                    "x": 0.2904136946890503
                },
                "metrics": {
                    "outcome": -0.03266472041047562
                },
                "metadata": {
                    "trials": 1
                }
            },
            {
                "query": {
                    "x": 0.052960534347221255
                },
                "metrics": {
                    "outcome": 0.6255262503561049
                },
                "metadata": {
                    "trials": 1
                }
            },
            {
                "query": {
                    "x": 0.7768313282677958
                },
                "metrics": {
                    "outcome": -5.805485345715902
                },
                "metadata": {
                    "trials": 1
                }
            }
        ],
        [
            {
                "query": {
                    "x": 0.5869892605908571
                },
                "metrics": {
                    "outcome": 0.22599110077384332
                },
                "metadata": {
                    "trials": 1
                }
            },
            {
                "query": {
                    "x": 0.1811627409420201
                },
                "metrics": {
                    "outcome": -0.8066029872105441
                },
                "metadata": {
                    "trials": 1
                }
            },
            {
                "query": {
                    "x": 0.23674362432211637
                },
                "metrics": {
                    "outcome": -0.30779770462329353
                },
                "metadata": {
                    "trials": 1
                }
            }
        ],
        [
            {
                "query": {
                    "x": 0.3010884216055274
                },
                "metrics": {
                    "outcome": -0.014124578516529292
                },
                "metadata": {
                    "trials": 1
                }
            },
            {
                "query": {
                    "x": 0.4502420711796731
                },
                "metrics": {
                    "outcome": 0.4851171444624565
                },
                "metadata": {
                    "trials": 1
                }
            },
            {
                "query": {
                    "x": 0.44098189153595885
                },
                "metrics": {
                    "outcome": 0.40104243532838185
                },
                "metadata": {
                    "trials": 1
                }
            }
        ],
        [
            {
                "query": {
                    "x": 0.9387158992611104
                },
                "metrics": {
                    "outcome": 10.967543298731783
                },
                "metadata": {
                    "trials": 1
                }
            },
            {
                "query": {
                    "x": 0.3297307699482738
                },
                "metrics": {
                    "outcome": -2.0192186793489445e-05
                },
                "metadata": {
                    "trials": 1
                }
            },
            {
                "query": {
                    "x": 0.4264189760757755
                },
                "metrics": {
                    "outcome": 0.2803700960811993
                },
                "metadata": {
                    "trials": 1
                }
            }
        ],
        [
            {
                "query": {
                    "x": 0.8153556103352457
                },
                "metrics": {
                    "outcome": -4.002179897476235
                },
                "metadata": {
                    "trials": 1
                }
            },
            {
                "query": {
                    "x": 0.6101806473452598
                },
                "metrics": {
                    "outcome": -0.4955394762779689
                },
                "metadata": {
                    "trials": 1
                }
            },
            {
                "query": {
                    "x": 0.6970816996604288
                },
                "metrics": {
                    "outcome": -4.478697285257688
                },
                "metadata": {
                    "trials": 1
                }
            }
        ],
        [
            {
                "query": {
                    "x": 0.6343919578939676
                },
                "metrics": {
                    "outcome": -1.480956305648664
                },
                "metadata": {
                    "trials": 1
                }
            },
            {
                "query": {
                    "x": 0.8870325407478958
                },
                "metrics": {
                    "outcome": 3.90049017429022
                },
                "metadata": {
                    "trials": 1
                }
            },
            {
                "query": {
                    "x": 0.34458517090059765
                },
                "metrics": {
                    "outcome": 0.0006135270363072109
                },
                "metadata": {
                    "trials": 1
                }
            }
        ],
        [
            {
                "query": {
                    "x": 0.8598054252042162
                },
                "metrics": {
                    "outcome": 0.34397892282542997
                },
                "metadata": {
                    "trials": 1
                }
            },
            {
                "query": {
                    "x": 0.3066141339475004
                },
                "metrics": {
                    "outcome": -0.00810004089152325
                },
                "metadata": {
                    "trials": 1
                }
            },
            {
                "query": {
                    "x": 0.6789260070239471
                },
                "metrics": {
                    "outcome": -3.6307848401393104
                },
                "metadata": {
                    "trials": 1
                }
            }
        ],
        [
            {
                "query": {
                    "x": 0.7277797543086247
                },
                "metrics": {
                    "outcome": -5.599935985203151
                },
                "metadata": {
                    "trials": 1
                }
            },
            {
                "query": {
                    "x": 0.00817039721153095
                },
                "metrics": {
                    "outcome": 2.6232512763827947
                },
                "metadata": {
                    "trials": 1
                }
            },
            {
                "query": {
                    "x": 0.8661197992661374
                },
                "metrics": {
                    "outcome": 1.124388145856368
                },
                "metadata": {
                    "trials": 1
                }
            }
        ],
        [
            {
                "query": {
                    "x": 0.6461989682939022
                },
                "metrics": {
                    "outcome": -2.02676764629325
                },
                "metadata": {
                    "trials": 1
                }
            },
            {
                "query": {
                    "x": 0.6605705424309625
                },
                "metrics": {
                    "outcome": -2.7255250748387283
                },
                "metadata": {
                    "trials": 1
                }
            },
            {
                "query": {
                    "x": 0.7069513786118478
                },
                "metrics": {
                    "outcome": -4.8940975088264524
                },
                "metadata": {
                    "trials": 1
                }
            }
        ],
        [
            {
                "query": {
                    "x": 0.8925156281290723
                },
                "metrics": {
                    "outcome": 4.661876510241116
                },
                "metadata": {
                    "trials": 1
                }
            },
            {
                "query": {
                    "x": 0.22613596856175047
                },
                "metrics": {
                    "outcome": -0.3970649656860152
                },
                "metadata": {
                    "trials": 1
                }
            },
            {
                "query": {
                    "x": 0.556828780701497
                },
                "metrics": {
                    "outcome": 0.7977425470071104
                },
                "metadata": {
                    "trials": 1
                }
            }
        ],
        [
            {
                "query": {
                    "x": 0.6139740443871671
                },
                "metrics": {
                    "outcome": -0.6356089800644203
                },
                "metadata": {
                    "trials": 1
                }
            },
            {
                "query": {
                    "x": 0.7979819888891968
                },
                "metrics": {
                    "outcome": -5.05094098486884
                },
                "metadata": {
                    "trials": 1
                }
            },
            {
                "query": {
                    "x": 0.6816187794320285
                },
                "metrics": {
                    "outcome": -3.761232315438498
                },
                "metadata": {
                    "trials": 1
                }
            }
        ],
        [
            {
                "query": {
                    "x": 0.762344954472181
                },
                "metrics": {
                    "outcome": -6.0066740689474925
                },
                "metadata": {
                    "trials": 1
                }
            },
            {
                "query": {
                    "x": 0.1267720707692206
                },
                "metrics": {
                    "outcome": -0.9452306930485371
                },
                "metadata": {
                    "trials": 1
                }
            },
            {
                "query": {
                    "x": 0.13328891023990092
                },
                "metrics": {
                    "outcome": -0.9725326807065476
                },
                "metadata": {
                    "trials": 1
                }
            }
        ],
        [
            {
                "query": {
                    "x": 0.7985544654621339
                },
                "metrics": {
                    "outcome": -5.02259346539942
                },
                "metadata": {
                    "trials": 1
                }
            },
            {
                "query": {
                    "x": 0.3030481664750572
                },
                "metrics": {
                    "outcome": -0.011737382768730443
                },
                "metadata": {
                    "trials": 1
                }
            },
            {
                "query": {
                    "x": 0.05933843556373178
                },
                "metrics": {
                    "outcome": 0.3941098848753522
                },
                "metadata": {
                    "trials": 1
                }
            }
        ],
        [
            {
                "query": {
                    "x": 0.1625345813175888
                },
                "metrics": {
                    "outcome": -0.9321085456583728
                },
                "metadata": {
                    "trials": 1
                }
            },
            {
                "query": {
                    "x": 0.46052430679779444
                },
                "metrics": {
                    "outcome": 0.5818149086499554
                },
                "metadata": {
                    "trials": 1
                }
            },
            {
                "query": {
                    "x": 0.33363742916844785
                },
                "metrics": {
                    "outcome": 1.2148263385722522e-08
                },
                "metadata": {
                    "trials": 1
                }
            }
        ],
        [
            {
                "query": {
                    "x": 0.4975221450423729
                },
                "metrics": {
                    "outcome": 0.894077907111547
                },
                "metadata": {
                    "trials": 1
                }
            },
            {
                "query": {
                    "x": 0.6660833479836583
                },
                "metrics": {
                    "outcome": -2.9983129644911575
                },
                "metadata": {
                    "trials": 1
                }
            },
            {
                "query": {
                    "x": 0.04295653394222454
                },
                "metrics": {
                    "outcome": 1.0206683668163266
                },
                "metadata": {
                    "trials": 1
                }
            }
        ]
    ]
}