{
    "date": "26/10/2022 19:16:32",
    "basic_params": {
        "active_variables": [
            "x1",
            "x2"
        ],
        "default_query": {},
        "metric": "basic",
        "n_trials": 1
    },
    "objective_function": {
        "name": "McCormick",
        "params": {}
    },
    "optimizer": {
        "name": "BBO-LP",
        "params": {
            "lower_bound": [
                -1.5,
                -3.0
            ],
            "upper_bound": [
                4.0,
                4.0
            ],
            "invert_metric": false,
            "bopt_params": {
                "n_init_samples": 15,
                "n_iterations": 45,
                "verbose_level": 1,
                "n_parallel_samples": 3,
                "par_type": "PAR_BBO",
                "crit_name": "cLP(cLCB)",
                "n_crit_params": 4,
                "crit_params": [
                    3,
                    1,
                    1.0
                ]
            }
        }
    },
    "iterations": [
        [
            {
                "query": {
                    "x1": -0.8722387509342904,
                    "x2": 1.4531148772376277
                },
                "metrics": {
                    "outcome": 11.897171388844441
                },
                "metadata": {
                    "trials": 1
                }
            }
        ],
        [
            {
                "query": {
                    "x1": 2.603065553307533,
                    "x2": 2.4026043895476814
                },
                "metrics": {
                    "outcome": 2.184796801013209
                },
                "metadata": {
                    "trials": 1
                }
            }
        ],
        [
            {
                "query": {
                    "x1": -0.18120439542302247,
                    "x2": -2.666886706603691
                },
                "metrics": {
                    "outcome": 0.49390057316217195
                },
                "metadata": {
                    "trials": 1
                }
            }
        ],
        [
            {
                "query": {
                    "x1": 2.517922895541415,
                    "x2": -1.897955401443566
                },
                "metrics": {
                    "outcome": 12.559216991238799
                },
                "metadata": {
                    "trials": 1
                }
            }
        ],
        [
            {
                "query": {
                    "x1": 2.088686464284547,
                    "x2": -1.3042449093113344
                },
                "metrics": {
                    "outcome": 6.824771369675504
                },
                "metadata": {
                    "trials": 1
                }
            }
        ],
        [
            {
                "query": {
                    "x1": -0.7645309654452528,
                    "x2": 3.459352014353499
                },
                "metrics": {
                    "outcome": 29.068420184316334
                },
                "metadata": {
                    "trials": 1
                }
            }
        ],
        [
            {
                "query": {
                    "x1": 1.3682836935545009,
                    "x2": 0.9713726866214225
                },
                "metrics": {
                    "outcome": 2.252248283642516
                },
                "metadata": {
                    "trials": 1
                }
            }
        ],
        [
            {
                "query": {
                    "x1": -1.3042300902074202,
                    "x2": 3.865209236678978
                },
                "metrics": {
                    "outcome": 39.89100819078218
                },
                "metadata": {
                    "trials": 1
                }
            }
        ],
        [
            {
                "query": {
                    "x1": 3.3490698483772574,
                    "x2": -0.688707437273115
                },
                "metrics": {
                    "outcome": 11.021142087419648
                },
                "metadata": {
                    "trials": 1
                }
            }
        ],
        [
            {
                "query": {
                    "x1": 0.3828267857044314,
                    "x2": -0.002385061715418857
                },
                "metrics": {
                    "outcome": 0.9395159812073284
                },
                "metadata": {
                    "trials": 1
                }
            }
        ],
        [
            {
                "query": {
                    "x1": 3.9634643222282957,
                    "x2": 2.9038564980961388
                },
                "metrics": {
                    "outcome": 3.9886919458011096
                },
                "metadata": {
                    "trials": 1
                }
            }
        ],
        [
            {
                "query": {
                    "x1": 1.7550480235988895,
                    "x2": 0.3532817703982194
                },
                "metrics": {
                    "outcome": 2.074555223517506
                },
                "metadata": {
                    "trials": 1
                }
            }
        ],
        [
            {
                "query": {
                    "x1": 3.1762584375838436,
                    "x2": -2.134750173287466
                },
                "metrics": {
                    "outcome": 19.968716135123948
                },
                "metadata": {
                    "trials": 1
                }
            }
        ],
        [
            {
                "query": {
                    "x1": 0.7580987270611028,
                    "x2": 1.7606546748429537
                },
                "metrics": {
                    "outcome": 5.852950646198801
                },
                "metadata": {
                    "trials": 1
                }
            }
        ],
        [
            {
                "query": {
                    "x1": 0.09635450330873341,
                    "x2": -0.2777099509102605
                },
                "metrics": {
                    "outcome": 0.12075462654021252
                },
                "metadata": {
                    "trials": 1
                }
            }
        ],
        [
            {
                "query": {
                    "x1": 0.16610739914699568,
                    "x2": -1.1886558552415334
                },
                "metrics": {
                    "outcome": -1.2388562899756939
                },
                "metadata": {
                    "trials": 1
                }
            },
            {
                "query": {
                    "x1": 0.1702843134645058,
                    "x2": -1.2658405055334063
                },
                "metrics": {
                    "outcome": -1.2467561114296188
                },
                "metadata": {
                    "trials": 1
                }
            },
            {
                "query": {
                    "x1": 0.1646002494702874,
                    "x2": -1.1121599769754549
                },
                "metrics": {
                    "outcome": -1.209177259849601
                },
                "metadata": {
                    "trials": 1
                }
            }
        ],
        [
            {
                "query": {
                    "x1": 0.038226534853753824,
                    "x2": -1.2936730952285915
                },
                "metrics": {
                    "outcome": -1.468253873098294
                },
                "metadata": {
                    "trials": 1
                }
            },
            {
                "query": {
                    "x1": 0.03971554327552029,
                    "x2": -1.2344208464971487
                },
                "metrics": {
                    "outcome": -1.452309347634693
                },
                "metadata": {
                    "trials": 1
                }
            },
            {
                "query": {
                    "x1": 0.036566881269372686,
                    "x2": -1.3530705420482936
                },
                "metrics": {
                    "outcome": -1.4742759840920683
                },
                "metadata": {
                    "trials": 1
                }
            }
        ],
        [
            {
                "query": {
                    "x1": -0.10979139822683748,
                    "x2": -1.359771596540357
                },
                "metrics": {
                    "outcome": -1.6671716786395385
                },
                "metadata": {
                    "trials": 1
                }
            },
            {
                "query": {
                    "x1": -0.10740155254328676,
                    "x2": -1.309387621264896
                },
                "metrics": {
                    "outcome": -1.6557605345522632
                },
                "metadata": {
                    "trials": 1
                }
            },
            {
                "query": {
                    "x1": -0.11195014371765488,
                    "x2": -1.4101664798234896
                },
                "metrics": {
                    "outcome": -1.6709407058581873
                },
                "metadata": {
                    "trials": 1
                }
            }
        ],
        [
            {
                "query": {
                    "x1": -0.2664570884585893,
                    "x2": -1.412606876744291
                },
                "metrics": {
                    "outcome": -1.8123170040902035
                },
                "metadata": {
                    "trials": 1
                }
            },
            {
                "query": {
                    "x1": -0.26081244581545837,
                    "x2": -1.3636407185353483
                },
                "metrics": {
                    "outcome": -1.8002137457369827
                },
                "metadata": {
                    "trials": 1
                }
            },
            {
                "query": {
                    "x1": -0.272423205332047,
                    "x2": -1.4614601854042635
                },
                "metrics": {
                    "outcome": -1.8179374700828985
                },
                "metadata": {
                    "trials": 1
                }
            }
        ],
        [
            {
                "query": {
                    "x1": -0.4180868679240093,
                    "x2": -1.4771838939483892
                },
                "metrics": {
                    "outcome": -1.8919613354763327
                },
                "metadata": {
                    "trials": 1
                }
            },
            {
                "query": {
                    "x1": -0.4336579492428261,
                    "x2": -1.5223524092631455
                },
                "metrics": {
                    "outcome": -1.8968565018957202
                },
                "metadata": {
                    "trials": 1
                }
            },
            {
                "query": {
                    "x1": -0.40258715149135815,
                    "x2": -1.4320095108380666
                },
                "metrics": {
                    "outcome": -1.8818386655053407
                },
                "metadata": {
                    "trials": 1
                }
            }
        ],
        [
            {
                "query": {
                    "x1": -0.5567266377850171,
                    "x2": -1.5313259942222635
                },
                "metrics": {
                    "outcome": -1.912560322312653
                },
                "metadata": {
                    "trials": 1
                }
            },
            {
                "query": {
                    "x1": -0.5770732047381465,
                    "x2": -1.568127994091216
                },
                "metrics": {
                    "outcome": -1.912036387703853
                },
                "metadata": {
                    "trials": 1
                }
            },
            {
                "query": {
                    "x1": -0.5343039866067657,
                    "x2": -1.4966355871225727
                },
                "metrics": {
                    "outcome": -1.91003977267198
                },
                "metadata": {
                    "trials": 1
                }
            }
        ],
        [
            {
                "query": {
                    "x1": -0.5345574579566474,
                    "x2": -1.5833918569180607
                },
                "metrics": {
                    "outcome": -1.91059902067938
                },
                "metadata": {
                    "trials": 1
                }
            },
            {
                "query": {
                    "x1": -0.5411720136017347,
                    "x2": -1.5980898135358772
                },
                "metrics": {
                    "outcome": -1.9091193264432293
                },
                "metadata": {
                    "trials": 1
                }
            },
            {
                "query": {
                    "x1": -0.5276700738798505,
                    "x2": -1.5688751937004621
                },
                "metrics": {
                    "outcome": -1.9115230920019681
                },
                "metadata": {
                    "trials": 1
                }
            }
        ],
        [
            {
                "query": {
                    "x1": -0.5465170631973331,
                    "x2": -1.5490336095429353
                },
                "metrics": {
                    "outcome": -1.913216043883776
                },
                "metadata": {
                    "trials": 1
                }
            },
            {
                "query": {
                    "x1": -0.5428058793294375,
                    "x2": -1.5450060651961606
                },
                "metrics": {
                    "outcome": -1.91319932456555
                },
                "metadata": {
                    "trials": 1
                }
            },
            {
                "query": {
                    "x1": -0.550205438981556,
                    "x2": -1.5527898383697294
                },
                "metrics": {
                    "outcome": -1.9131843021434438
                },
                "metadata": {
                    "trials": 1
                }
            }
        ],
        [
            {
                "query": {
                    "x1": -0.5483054468499203,
                    "x2": -1.5493514893719864
                },
                "metrics": {
                    "outcome": -1.9132172566076107
                },
                "metadata": {
                    "trials": 1
                }
            },
            {
                "query": {
                    "x1": -0.5448733537475662,
                    "x2": -1.5472502835948696
                },
                "metrics": {
                    "outcome": -1.9132150700576611
                },
                "metadata": {
                    "trials": 1
                }
            },
            {
                "query": {
                    "x1": -0.5515241035379668,
                    "x2": -1.551594279832979
                },
                "metrics": {
                    "outcome": -1.9131900552072363
                },
                "metadata": {
                    "trials": 1
                }
            }
        ],
        [
            {
                "query": {
                    "x1": -0.5281522463948188,
                    "x2": -1.537796599337565
                },
                "metrics": {
                    "outcome": -1.9127776576013398
                },
                "metadata": {
                    "trials": 1
                }
            },
            {
                "query": {
                    "x1": -0.5338024855862967,
                    "x2": -1.5413846602026573
                },
                "metrics": {
                    "outcome": -1.9130051218444413
                },
                "metadata": {
                    "trials": 1
                }
            },
            {
                "query": {
                    "x1": -0.5226789101709047,
                    "x2": -1.5340493310172736
                },
                "metrics": {
                    "outcome": -1.9124749328605044
                },
                "metadata": {
                    "trials": 1
                }
            }
        ],
        [
            {
                "query": {
                    "x1": -0.5517439389320009,
                    "x2": -1.5508609523370043
                },
                "metrics": {
                    "outcome": -1.9131930362611889
                },
                "metadata": {
                    "trials": 1
                }
            },
            {
                "query": {
                    "x1": -0.5489824926647296,
                    "x2": -1.548638709499037
                },
                "metrics": {
                    "outcome": -1.9132183329212662
                },
                "metadata": {
                    "trials": 1
                }
            },
            {
                "query": {
                    "x1": -0.5543715642762608,
                    "x2": -1.5532914833234712
                },
                "metrics": {
                    "outcome": -1.913145757311412
                },
                "metadata": {
                    "trials": 1
                }
            }
        ],
        [
            {
                "query": {
                    "x1": -0.5498032821342647,
                    "x2": -1.5496388709317386
                },
                "metrics": {
                    "outcome": -1.9132119086753767
                },
                "metadata": {
                    "trials": 1
                }
            },
            {
                "query": {
                    "x1": -0.5473638584055105,
                    "x2": -1.5476195791444975
                },
                "metrics": {
                    "outcome": -1.913222739722653
                },
                "metadata": {
                    "trials": 1
                }
            },
            {
                "query": {
                    "x1": -0.5523710861006569,
                    "x2": -1.551551220890683
                },
                "metrics": {
                    "outcome": -1.9131830516269082
                },
                "metadata": {
                    "trials": 1
                }
            }
        ],
        [
            {
                "query": {
                    "x1": -0.5484898127972861,
                    "x2": -1.548883867043335
                },
                "metrics": {
                    "outcome": -1.913218960251656
                },
                "metadata": {
                    "trials": 1
                }
            },
            {
                "query": {
                    "x1": -0.5510113387951913,
                    "x2": -1.5505412986931226
                },
                "metrics": {
                    "outcome": -1.9132005813204978
                },
                "metadata": {
                    "trials": 1
                }
            },
            {
                "query": {
                    "x1": -0.5459664557982695,
                    "x2": -1.5472630870138429
                },
                "metrics": {
                    "outcome": -1.9132206853362672
                },
                "metadata": {
                    "trials": 1
                }
            }
        ],
        [
            {
                "query": {
                    "x1": -0.5476814852616289,
                    "x2": -1.548422764250359
                },
                "metrics": {
                    "outcome": -1.9132211409931448
                },
                "metadata": {
                    "trials": 1
                }
            },
            {
                "query": {
                    "x1": -0.5501843198697434,
                    "x2": -1.5499337103083095
                },
                "metrics": {
                    "outcome": -1.913208725844533
                },
                "metadata": {
                    "trials": 1
                }
            },
            {
                "query": {
                    "x1": -0.5452251338138432,
                    "x2": -1.546920505429513
                },
                "metrics": {
                    "outcome": -1.9132178886676612
                },
                "metadata": {
                    "trials": 1
                }
            }
        ],
        [
            {
                "query": {
                    "x1": -0.5472411017870624,
                    "x2": -1.548178562084007
                },
                "metrics": {
                    "outcome": -1.913221621694106
                },
                "metadata": {
                    "trials": 1
                }
            },
            {
                "query": {
                    "x1": -0.5505827456386055,
                    "x2": -1.550068338550601
                },
                "metrics": {
                    "outcome": -1.9132057638735573
                },
                "metadata": {
                    "trials": 1
                }
            },
            {
                "query": {
                    "x1": -0.5441097882923199,
                    "x2": -1.5463241013560804
                },
                "metrics": {
                    "outcome": -1.9132112521362132
                },
                "metadata": {
                    "trials": 1
                }
            }
        ],
        [
            {
                "query": {
                    "x1": -0.5523379486777039,
                    "x2": -1.5509532659942074
                },
                "metrics": {
                    "outcome": -1.9131868275535804
                },
                "metadata": {
                    "trials": 1
                }
            },
            {
                "query": {
                    "x1": -0.549759657701742,
                    "x2": -1.549522848212928
                },
                "metrics": {
                    "outcome": -1.9132125654013326
                },
                "metadata": {
                    "trials": 1
                }
            },
            {
                "query": {
                    "x1": -0.5464651462688805,
                    "x2": -1.547753025329072
                },
                "metrics": {
                    "outcome": -1.9132212827928528
                },
                "metadata": {
                    "trials": 1
                }
            }
        ],
        [
            {
                "query": {
                    "x1": -0.5437561549400374,
                    "x2": -1.5462896512042978
                },
                "metrics": {
                    "outcome": -1.9132083385026686
                },
                "metadata": {
                    "trials": 1
                }
            },
            {
                "query": {
                    "x1": -0.5461210937746889,
                    "x2": -1.5476870009694217
                },
                "metrics": {
                    "outcome": -1.9132203536922
                },
                "metadata": {
                    "trials": 1
                }
            },
            {
                "query": {
                    "x1": -0.5415019125382394,
                    "x2": -1.5448474577192532
                },
                "metrics": {
                    "outcome": -1.913183688497191
                },
                "metadata": {
                    "trials": 1
                }
            }
        ],
        [
            {
                "query": {
                    "x1": -0.5539311983832633,
                    "x2": -1.5516835881645896
                },
                "metrics": {
                    "outcome": -1.9131635132888527
                },
                "metadata": {
                    "trials": 1
                }
            },
            {
                "query": {
                    "x1": -0.551489085574754,
                    "x2": -1.5501744084539157
                },
                "metrics": {
                    "outcome": -1.91319838285265
                },
                "metadata": {
                    "trials": 1
                }
            },
            {
                "query": {
                    "x1": -0.5560147386087803,
                    "x2": -1.5537551511714685
                },
                "metrics": {
                    "outcome": -1.9131157968089996
                },
                "metadata": {
                    "trials": 1
                }
            }
        ],
        [
            {
                "query": {
                    "x1": -0.5432461884425704,
                    "x2": -1.5460275627641253
                },
                "metrics": {
                    "outcome": -1.9132038506088982
                },
                "metadata": {
                    "trials": 1
                }
            },
            {
                "query": {
                    "x1": -0.5454989186914296,
                    "x2": -1.5474215732284793
                },
                "metrics": {
                    "outcome": -1.913218316537781
                },
                "metadata": {
                    "trials": 1
                }
            },
            {
                "query": {
                    "x1": -0.541065967602968,
                    "x2": -1.5446014227192792
                },
                "metrics": {
                    "outcome": -1.913177416488085
                },
                "metadata": {
                    "trials": 1
                }
            }
        ],
        [
            {
                "query": {
                    "x1": -0.5526695384418863,
                    "x2": -1.5509730787035518
                },
                "metrics": {
                    "outcome": -1.9131831134269595
                },
                "metadata": {
                    "trials": 1
                }
            },
            {
                "query": {
                    "x1": -0.5442274851228962,
                    "x2": -1.5465483673557294
                },
                "metrics": {
                    "outcome": -1.9132118925218204
                },
                "metadata": {
                    "trials": 1
                }
            },
            {
                "query": {
                    "x1": -0.5502738011902392,
                    "x2": -1.5496911245241551
                },
                "metrics": {
                    "outcome": -1.9132091965794675
                },
                "metadata": {
                    "trials": 1
                }
            }
        ],
        [
            {
                "query": {
                    "x1": -0.543484559093451,
                    "x2": -1.5461658597857004
                },
                "metrics": {
                    "outcome": -1.9132060087335776
                },
                "metadata": {
                    "trials": 1
                }
            },
            {
                "query": {
                    "x1": -0.5456844028078245,
                    "x2": -1.5474671667428894
                },
                "metrics": {
                    "outcome": -1.9132191069740734
                },
                "metadata": {
                    "trials": 1
                }
            },
            {
                "query": {
                    "x1": -0.5413737828412271,
                    "x2": -1.544830763343862
                },
                "metrics": {
                    "outcome": -1.9131819098921516
                },
                "metadata": {
                    "trials": 1
                }
            }
        ],
        [
            {
                "query": {
                    "x1": -0.553419494474928,
                    "x2": -1.5512783042674796
                },
                "metrics": {
                    "outcome": -1.913172499451428
                },
                "metadata": {
                    "trials": 1
                }
            },
            {
                "query": {
                    "x1": -0.5511425202696071,
                    "x2": -1.5498769378626729
                },
                "metrics": {
                    "outcome": -1.9132023760739494
                },
                "metadata": {
                    "trials": 1
                }
            },
            {
                "query": {
                    "x1": -0.5551657154925566,
                    "x2": -1.5534908479566212
                },
                "metrics": {
                    "outcome": -1.9131323228710628
                },
                "metadata": {
                    "trials": 1
                }
            }
        ],
        [
            {
                "query": {
                    "x1": -0.5433134228303844,
                    "x2": -1.5460842773929628
                },
                "metrics": {
                    "outcome": -1.9132044528965744
                },
                "metadata": {
                    "trials": 1
                }
            },
            {
                "query": {
                    "x1": -0.545438895617897,
                    "x2": -1.5473745531143202
                },
                "metrics": {
                    "outcome": -1.9132181246447622
                },
                "metadata": {
                    "trials": 1
                }
            },
            {
                "query": {
                    "x1": -0.5412569990254205,
                    "x2": -1.5447677892275073
                },
                "metrics": {
                    "outcome": -1.913180242835617
                },
                "metadata": {
                    "trials": 1
                }
            }
        ],
        [
            {
                "query": {
                    "x1": -0.5525249518048287,
                    "x2": -1.5507050542823178
                },
                "metrics": {
                    "outcome": -1.9131859016083883
                },
                "metadata": {
                    "trials": 1
                }
            },
            {
                "query": {
                    "x1": -0.5440998230687907,
                    "x2": -1.5464934364629594
                },
                "metrics": {
                    "outcome": -1.913210962254623
                },
                "metadata": {
                    "trials": 1
                }
            },
            {
                "query": {
                    "x1": -0.5502560937014807,
                    "x2": -1.5495450509040611
                },
                "metrics": {
                    "outcome": -1.9132098076732484
                },
                "metadata": {
                    "trials": 1
                }
            }
        ],
        [
            {
                "query": {
                    "x1": -0.5435670288249198,
                    "x2": -1.546230490835838
                },
                "metrics": {
                    "outcome": -1.913206699947139
                },
                "metadata": {
                    "trials": 1
                }
            },
            {
                "query": {
                    "x1": -0.5456535764989279,
                    "x2": -1.5474542798743527
                },
                "metrics": {
                    "outcome": -1.9132189947676923
                },
                "metadata": {
                    "trials": 1
                }
            },
            {
                "query": {
                    "x1": -0.552392959488658,
                    "x2": -1.550698917833699
                },
                "metrics": {
                    "outcome": -1.913187389787498
                },
                "metadata": {
                    "trials": 1
                }
            }
        ],
        [
            {
                "query": {
                    "x1": -0.543456673354736,
                    "x2": -1.5461763378887403
                },
                "metrics": {
                    "outcome": -1.9132057297742668
                },
                "metadata": {
                    "trials": 1
                }
            },
            {
                "query": {
                    "x1": -0.545523031823957,
                    "x2": -1.547390903479036
                },
                "metrics": {
                    "outcome": -1.913218515798409
                },
                "metadata": {
                    "trials": 1
                }
            },
            {
                "query": {
                    "x1": -0.552613201824292,
                    "x2": -1.5507721661533806
                },
                "metrics": {
                    "outcome": -1.9131846281596432
                },
                "metadata": {
                    "trials": 1
                }
            }
        ],
        [
            {
                "query": {
                    "x1": -0.5433823921914057,
                    "x2": -1.5461411246655554
                },
                "metrics": {
                    "outcome": -1.9132050583548885
                },
                "metadata": {
                    "trials": 1
                }
            },
            {
                "query": {
                    "x1": -0.5527203388946446,
                    "x2": -1.5508142536352358
                },
                "metrics": {
                    "outcome": -1.913183216017992
                },
                "metadata": {
                    "trials": 1
                }
            },
            {
                "query": {
                    "x1": -0.5454299174848167,
                    "x2": -1.547346159048991
                },
                "metrics": {
                    "outcome": -1.913218147613633
                },
                "metadata": {
                    "trials": 1
                }
            }
        ],
        [
            {
                "query": {
                    "x1": -0.5433367573948552,
                    "x2": -1.5461192914504562
                },
                "metrics": {
                    "outcome": -1.9132046394462945
                },
                "metadata": {
                    "trials": 1
                }
            },
            {
                "query": {
                    "x1": -0.5527663505106228,
                    "x2": -1.5508347270560539
                },
                "metrics": {
                    "outcome": -1.9131825912706049
                },
                "metadata": {
                    "trials": 1
                }
            },
            {
                "query": {
                    "x1": -0.5453645778086376,
                    "x2": -1.5473182436058
                },
                "metrics": {
                    "outcome": -1.9132178682003422
                },
                "metadata": {
                    "trials": 1
                }
            }
        ],
        [
            {
                "query": {
                    "x1": -0.543309448587268,
                    "x2": -1.5461073910832832
                },
                "metrics": {
                    "outcome": -1.9132043848426248
                },
                "metadata": {
                    "trials": 1
                }
            },
            {
                "query": {
                    "x1": -0.5527754928573226,
                    "x2": -1.5508537688619768
                },
                "metrics": {
                    "outcome": -1.9131824049736537
                },
                "metadata": {
                    "trials": 1
                }
            },
            {
                "query": {
                    "x1": -0.5453189869527472,
                    "x2": -1.547297689267223
                },
                "metrics": {
                    "outcome": -1.9132176697173913
                },
                "metadata": {
                    "trials": 1
                }
            }
        ],
        [
            {
                "query": {
                    "x1": -0.5432959571477666,
                    "x2": -1.546100602574761
                },
                "metrics": {
                    "outcome": -1.913204259551998
                },
                "metadata": {
                    "trials": 1
                }
            },
            {
                "query": {
                    "x1": -0.5527633116345004,
                    "x2": -1.5508727419681252
                },
                "metrics": {
                    "outcome": -1.9131824695539903
                },
                "metadata": {
                    "trials": 1
                }
            },
            {
                "query": {
                    "x1": -0.552387576335842,
                    "x2": -1.5479976315999746
                },
                "metrics": {
                    "outcome": -1.9131881642372228
                },
                "metadata": {
                    "trials": 1
                }
            }
        ],
        [
            {
                "query": {
                    "x1": -0.543176947946658,
                    "x2": -1.5460637670990087
                },
                "metrics": {
                    "outcome": -1.9132031057145884
                },
                "metadata": {
                    "trials": 1
                }
            },
            {
                "query": {
                    "x1": -0.545124110486691,
                    "x2": -1.54730672297952
                },
                "metrics": {
                    "outcome": -1.9132165198371047
                },
                "metadata": {
                    "trials": 1
                }
            },
            {
                "query": {
                    "x1": -0.5412817591982839,
                    "x2": -1.5448414867857367
                },
                "metrics": {
                    "outcome": -1.913180608032215
                },
                "metadata": {
                    "trials": 1
                }
            }
        ],
        [
            {
                "query": {
                    "x1": -0.5525019551047622,
                    "x2": -1.5519082455024626
                },
                "metrics": {
                    "outcome": -1.9131792544406445
                },
                "metadata": {
                    "trials": 1
                }
            },
            {
                "query": {
                    "x1": -0.5527655658220775,
                    "x2": -1.5490159568073303
                },
                "metrics": {
                    "outcome": -1.9131853042753981
                },
                "metadata": {
                    "trials": 1
                }
            },
            {
                "query": {
                    "x1": -0.5505992019657433,
                    "x2": -1.550342688719177
                },
                "metrics": {
                    "outcome": -1.9132043535178096
                },
                "metadata": {
                    "trials": 1
                }
            }
        ],
        [
            {
                "query": {
                    "x1": -0.5432706425017271,
                    "x2": -1.54611171048071
                },
                "metrics": {
                    "outcome": -1.913203992245518
                },
                "metadata": {
                    "trials": 1
                }
            },
            {
                "query": {
                    "x1": -0.5451712108318695,
                    "x2": -1.5473527002215082
                },
                "metrics": {
                    "outcome": -1.913216679407478
                },
                "metadata": {
                    "trials": 1
                }
            },
            {
                "query": {
                    "x1": -0.5414105322867022,
                    "x2": -1.5449108590145768
                },
                "metrics": {
                    "outcome": -1.9131824331393124
                },
                "metadata": {
                    "trials": 1
                }
            }
        ],
        [
            {
                "query": {
                    "x1": -0.5521550398913491,
                    "x2": -1.5522167235516349
                },
                "metrics": {
                    "outcome": -1.9131799348996408
                },
                "metadata": {
                    "trials": 1
                }
            },
            {
                "query": {
                    "x1": -0.5524949565847501,
                    "x2": -1.5493458491302157
                },
                "metrics": {
                    "outcome": -1.913189067038512
                },
                "metadata": {
                    "trials": 1
                }
            },
            {
                "query": {
                    "x1": -0.543829209430365,
                    "x2": -1.546407088707154
                },
                "metrics": {
                    "outcome": -1.9132088142988013
                },
                "metadata": {
                    "trials": 1
                }
            }
        ],
        [
            {
                "query": {
                    "x1": -0.5436012426858955,
                    "x2": -1.546282209274155
                },
                "metrics": {
                    "outcome": -1.9132069457922078
                },
                "metadata": {
                    "trials": 1
                }
            },
            {
                "query": {
                    "x1": -0.5454712576371672,
                    "x2": -1.5474864642621937
                },
                "metrics": {
                    "outcome": -1.9132179990445874
                },
                "metadata": {
                    "trials": 1
                }
            },
            {
                "query": {
                    "x1": -0.5517381179025075,
                    "x2": -1.5522424054408872
                },
                "metrics": {
                    "outcome": -1.913182989037311
                },
                "metadata": {
                    "trials": 1
                }
            }
        ],
        [
            {
                "query": {
                    "x1": -0.5435497825814777,
                    "x2": -1.5462289992934835
                },
                "metrics": {
                    "outcome": -1.9132065409168342
                },
                "metadata": {
                    "trials": 1
                }
            },
            {
                "query": {
                    "x1": -0.5454599709639959,
                    "x2": -1.5473498858138708
                },
                "metrics": {
                    "outcome": -1.9132182947086425
                },
                "metadata": {
                    "trials": 1
                }
            },
            {
                "query": {
                    "x1": -0.5518166545686547,
                    "x2": -1.5521235049157103
                },
                "metrics": {
                    "outcome": -1.9131834826214558
                },
                "metadata": {
                    "trials": 1
                }
            }
        ],
        [
            {
                "query": {
                    "x1": -0.5435094340304042,
                    "x2": -1.546189844507698
                },
                "metrics": {
                    "outcome": -1.913206213509497
                },
                "metadata": {
                    "trials": 1
                }
            },
            {
                "query": {
                    "x1": -0.5525856401854411,
                    "x2": -1.5477462163506095
                },
                "metrics": {
                    "outcome": -1.9131842908853214
                },
                "metadata": {
                    "trials": 1
                }
            },
            {
                "query": {
                    "x1": -0.5518786029920026,
                    "x2": -1.5519601944979111
                },
                "metrics": {
                    "outcome": -1.9131844012605308
                },
                "metadata": {
                    "trials": 1
                }
            }
        ],
        [
            {
                "query": {
                    "x1": -0.5434123512173034,
                    "x2": -1.5461466165711313
                },
                "metrics": {
                    "outcome": -1.9132053419812824
                },
                "metadata": {
                    "trials": 1
                }
            },
            {
                "query": {
                    "x1": -0.5452495527841357,
                    "x2": -1.5473194017452505
                },
                "metrics": {
                    "outcome": -1.9132172261815317
                },
                "metadata": {
                    "trials": 1
                }
            },
            {
                "query": {
                    "x1": -0.5415292010274199,
                    "x2": -1.5452115842170844
                },
                "metrics": {
                    "outcome": -1.913183988192328
                },
                "metadata": {
                    "trials": 1
                }
            }
        ],
        [
            {
                "query": {
                    "x1": -0.5524787636410642,
                    "x2": -1.5475712205786496
                },
                "metrics": {
                    "outcome": -1.913185039362887
                },
                "metadata": {
                    "trials": 1
                }
            },
            {
                "query": {
                    "x1": -0.5517765320040895,
                    "x2": -1.5524833542981493
                },
                "metrics": {
                    "outcome": -1.9131803975416117
                },
                "metadata": {
                    "trials": 1
                }
            },
            {
                "query": {
                    "x1": -0.5510866063485083,
                    "x2": -1.5498734072560874
                },
                "metrics": {
                    "outcome": -1.913202844766817
                },
                "metadata": {
                    "trials": 1
                }
            }
        ],
        [
            {
                "query": {
                    "x1": -0.5435049413303199,
                    "x2": -1.5461894863775982
                },
                "metrics": {
                    "outcome": -1.9132061715639432
                },
                "metadata": {
                    "trials": 1
                }
            },
            {
                "query": {
                    "x1": -0.5452988834356289,
                    "x2": -1.5473847033660673
                },
                "metrics": {
                    "outcome": -1.9132173355008897
                },
                "metadata": {
                    "trials": 1
                }
            },
            {
                "query": {
                    "x1": -0.5417318875604,
                    "x2": -1.5450619055220673
                },
                "metrics": {
                    "outcome": -1.9131868100497265
                },
                "metadata": {
                    "trials": 1
                }
            }
        ],
        [
            {
                "query": {
                    "x1": -0.5515238415018072,
                    "x2": -1.5527381279957537
                },
                "metrics": {
                    "outcome": -1.9131794048997213
                },
                "metadata": {
                    "trials": 1
                }
            },
            {
                "query": {
                    "x1": -0.5522379567064148,
                    "x2": -1.5472031063946838
                },
                "metrics": {
                    "outcome": -1.9131865907453838
                },
                "metadata": {
                    "trials": 1
                }
            },
            {
                "query": {
                    "x1": -0.5439545357912137,
                    "x2": -1.5464238379503978
                },
                "metrics": {
                    "outcome": -1.9132098658625956
                },
                "metadata": {
                    "trials": 1
                }
            }
        ],
        [
            {
                "query": {
                    "x1": -0.543785520983834,
                    "x2": -1.5463313127893643
                },
                "metrics": {
                    "outcome": -1.913208541727915
                },
                "metadata": {
                    "trials": 1
                }
            },
            {
                "query": {
                    "x1": -0.5512748285960138,
                    "x2": -1.5527505189620323
                },
                "metrics": {
                    "outcome": -1.9131806937557503
                },
                "metadata": {
                    "trials": 1
                }
            },
            {
                "query": {
                    "x1": -0.5455514832571179,
                    "x2": -1.547511071481826
                },
                "metrics": {
                    "outcome": -1.9132183459045553
                },
                "metadata": {
                    "trials": 1
                }
            }
        ],
        [
            {
                "query": {
                    "x1": -0.5437371135319523,
                    "x2": -1.546266454398579
                },
                "metrics": {
                    "outcome": -1.9132081994725616
                },
                "metadata": {
                    "trials": 1
                }
            },
            {
                "query": {
                    "x1": -0.5521004320383529,
                    "x2": -1.5467747645341379
                },
                "metrics": {
                    "outcome": -1.9131859086510903
                },
                "metadata": {
                    "trials": 1
                }
            },
            {
                "query": {
                    "x1": -0.5513099582754565,
                    "x2": -1.5526561680364854
                },
                "metrics": {
                    "outcome": -1.9131815501536282
                },
                "metadata": {
                    "trials": 1
                }
            }
        ],
        [
            {
                "query": {
                    "x1": -0.5436325370168517,
                    "x2": -1.5462120062765663
                },
                "metrics": {
                    "outcome": -1.9132073268335823
                },
                "metadata": {
                    "trials": 1
                }
            },
            {
                "query": {
                    "x1": -0.5453861917791992,
                    "x2": -1.5473616320097052
                },
                "metrics": {
                    "outcome": -1.9132178772531319
                },
                "metadata": {
                    "trials": 1
                }
            },
            {
                "query": {
                    "x1": -0.5518406608979681,
                    "x2": -1.5466422362874837
                },
                "metrics": {
                    "outcome": -1.913188701394012
                },
                "metadata": {
                    "trials": 1
                }
            }
        ],
        [
            {
                "query": {
                    "x1": -0.5436601723747191,
                    "x2": -1.5462509782130942
                },
                "metrics": {
                    "outcome": -1.9132075291308586
                },
                "metadata": {
                    "trials": 1
                }
            },
            {
                "query": {
                    "x1": -0.5512267665654906,
                    "x2": -1.5529653379494581
                },
                "metrics": {
                    "outcome": -1.9131784499426936
                },
                "metadata": {
                    "trials": 1
                }
            },
            {
                "query": {
                    "x1": -0.5453800592616598,
                    "x2": -1.5474593639780636
                },
                "metrics": {
                    "outcome": -1.913217583209064
                },
                "metadata": {
                    "trials": 1
                }
            }
        ]
    ],
    "best_results": [
        {
            "query": {
                "x1": -0.5473638584055105,
                "x2": -1.5476195791444975
            },
            "metrics": [
                {
                    "name": "outcome",
                    "value": -1.913222739722653
                }
            ]
        }
    ]
}