{
    "date": "04/11/2022 13:58:15",
    "basic_params": {
        "active_variables": [
            "x"
        ],
        "default_query": {},
        "metric": "basic",
        "n_trials": 1
    },
    "objective_function": {
        "name": "Gramacy1D",
        "params": {}
    },
    "optimizer": {
        "name": "BBO-LP(LCBa)",
        "params": {
            "lower_bound": [
                0.5
            ],
            "upper_bound": [
                2.5
            ],
            "invert_metric": false,
            "bopt_params": {
                "n_init_samples": 15,
                "n_iterations": 45,
                "n_iter_relearn": 5,
                "verbose_level": 1,
                "n_parallel_samples": 3,
                "par_type": "PAR_BBO",
                "crit_name": "cLP(cLCBa)",
                "n_crit_params": 3,
                "crit_params": [
                    3,
                    1,
                    5.0
                ]
            }
        }
    },
    "iterations": [
        [
            {
                "query": {
                    "x": 1.0758805913540224
                },
                "metrics": {
                    "outcome": 0.31943518174171287
                },
                "metadata": {
                    "trials": 1
                }
            }
        ],
        [
            {
                "query": {
                    "x": 1.0190035019690793
                },
                "metrics": {
                    "outcome": 0.27584529031423755
                },
                "metadata": {
                    "trials": 1
                }
            }
        ],
        [
            {
                "query": {
                    "x": 1.7539230030340454
                },
                "metrics": {
                    "outcome": 0.04016551595663742
                },
                "metadata": {
                    "trials": 1
                }
            }
        ],
        [
            {
                "query": {
                    "x": 2.084574643615633
                },
                "metrics": {
                    "outcome": 1.495425652805597
                },
                "metadata": {
                    "trials": 1
                }
            }
        ],
        [
            {
                "query": {
                    "x": 2.3920296024841567
                },
                "metrics": {
                    "outcome": 3.7030664455834263
                },
                "metadata": {
                    "trials": 1
                }
            }
        ],
        [
            {
                "query": {
                    "x": 1.8801772808966537
                },
                "metrics": {
                    "outcome": 0.7552892296230338
                },
                "metadata": {
                    "trials": 1
                }
            }
        ],
        [
            {
                "query": {
                    "x": 1.4678221196867525
                },
                "metrics": {
                    "outcome": 0.33652660325751066
                },
                "metadata": {
                    "trials": 1
                }
            }
        ],
        [
            {
                "query": {
                    "x": 0.5521050050854683
                },
                "metrics": {
                    "outcome": -0.8634009366785395
                },
                "metadata": {
                    "trials": 1
                }
            }
        ],
        [
            {
                "query": {
                    "x": 1.4249681334632138
                },
                "metrics": {
                    "outcome": 0.28048028308457246
                },
                "metadata": {
                    "trials": 1
                }
            }
        ],
        [
            {
                "query": {
                    "x": 2.1460740147158504
                },
                "metrics": {
                    "outcome": 1.4940308402643536
                },
                "metadata": {
                    "trials": 1
                }
            }
        ],
        [
            {
                "query": {
                    "x": 1.6905834384573002
                },
                "metrics": {
                    "outcome": 0.313661708816451
                },
                "metadata": {
                    "trials": 1
                }
            }
        ],
        [
            {
                "query": {
                    "x": 0.727368087011079
                },
                "metrics": {
                    "outcome": -0.5153312948556633
                },
                "metadata": {
                    "trials": 1
                }
            }
        ],
        [
            {
                "query": {
                    "x": 1.2287384742250045
                },
                "metrics": {
                    "outcome": 0.3222085546516548
                },
                "metadata": {
                    "trials": 1
                }
            }
        ],
        [
            {
                "query": {
                    "x": 0.8545904598819714
                },
                "metrics": {
                    "outcome": 0.5794491039668058
                },
                "metadata": {
                    "trials": 1
                }
            }
        ],
        [
            {
                "query": {
                    "x": 2.3631058487730723
                },
                "metrics": {
                    "outcome": 3.2584743958782663
                },
                "metadata": {
                    "trials": 1
                }
            }
        ],
        [
            {
                "query": {
                    "x": 0.6145127699550615
                },
                "metrics": {
                    "outcome": 0.3803328983099726
                },
                "metadata": {
                    "trials": 1
                }
            },
            {
                "query": {
                    "x": 0.5626477891746628
                },
                "metrics": {
                    "outcome": -0.7828358846176917
                },
                "metadata": {
                    "trials": 1
                }
            },
            {
                "query": {
                    "x": 0.6644132569858432
                },
                "metrics": {
                    "outcome": 0.6893875998579405
                },
                "metadata": {
                    "trials": 1
                }
            }
        ],
        [
            {
                "query": {
                    "x": 0.5258633013975024
                },
                "metrics": {
                    "outcome": -0.6397769322619178
                },
                "metadata": {
                    "trials": 1
                }
            },
            {
                "query": {
                    "x": 0.7652915421828079
                },
                "metrics": {
                    "outcome": -0.5763595830542095
                },
                "metadata": {
                    "trials": 1
                }
            },
            {
                "query": {
                    "x": 0.5023287312542898
                },
                "metrics": {
                    "outcome": -0.011411408034647061
                },
                "metadata": {
                    "trials": 1
                }
            }
        ],
        [
            {
                "query": {
                    "x": 0.5479720261877384
                },
                "metrics": {
                    "outcome": -0.8688536542053578
                },
                "metadata": {
                    "trials": 1
                }
            },
            {
                "query": {
                    "x": 0.5517326874371068
                },
                "metrics": {
                    "outcome": -0.8645153497260422
                },
                "metadata": {
                    "trials": 1
                }
            },
            {
                "query": {
                    "x": 0.5442558246756999
                },
                "metrics": {
                    "outcome": -0.8606270994284818
                },
                "metadata": {
                    "trials": 1
                }
            }
        ],
        [
            {
                "query": {
                    "x": 0.5485070860653822
                },
                "metrics": {
                    "outcome": -0.8690097059153212
                },
                "metadata": {
                    "trials": 1
                }
            },
            {
                "query": {
                    "x": 0.5510358119422938
                },
                "metrics": {
                    "outcome": -0.8662716650496042
                },
                "metadata": {
                    "trials": 1
                }
            },
            {
                "query": {
                    "x": 0.5459794548098865
                },
                "metrics": {
                    "outcome": -0.8659983655411047
                },
                "metadata": {
                    "trials": 1
                }
            }
        ],
        [
            {
                "query": {
                    "x": 0.5485367308431391
                },
                "metrics": {
                    "outcome": -0.8690108139290597
                },
                "metadata": {
                    "trials": 1
                }
            },
            {
                "query": {
                    "x": 0.546299983097132
                },
                "metrics": {
                    "outcome": -0.8667001502174488
                },
                "metadata": {
                    "trials": 1
                }
            },
            {
                "query": {
                    "x": 0.5507725403428713
                },
                "metrics": {
                    "outcome": -0.8668230355211483
                },
                "metadata": {
                    "trials": 1
                }
            }
        ],
        [
            {
                "query": {
                    "x": 1.3216588750100637
                },
                "metrics": {
                    "outcome": -0.22730287289513143
                },
                "metadata": {
                    "trials": 1
                }
            },
            {
                "query": {
                    "x": 1.579782572658878
                },
                "metrics": {
                    "outcome": -0.07478289180637478
                },
                "metadata": {
                    "trials": 1
                }
            },
            {
                "query": {
                    "x": 1.1571397386334323
                },
                "metrics": {
                    "outcome": -0.42066596137240553
                },
                "metadata": {
                    "trials": 1
                }
            }
        ],
        [
            {
                "query": {
                    "x": 1.9736098967504607
                },
                "metrics": {
                    "outcome": 0.7117546934061303
                },
                "metadata": {
                    "trials": 1
                }
            },
            {
                "query": {
                    "x": 0.942887665878922
                },
                "metrics": {
                    "outcome": -0.5170927634888146
                },
                "metadata": {
                    "trials": 1
                }
            },
            {
                "query": {
                    "x": 1.8120974015261222
                },
                "metrics": {
                    "outcome": 0.5373018475116859
                },
                "metadata": {
                    "trials": 1
                }
            }
        ],
        [
            {
                "query": {
                    "x": 1.3642868360439802
                },
                "metrics": {
                    "outcome": -0.3125815486601786
                },
                "metadata": {
                    "trials": 1
                }
            },
            {
                "query": {
                    "x": 1.5323605193747234
                },
                "metrics": {
                    "outcome": -0.1971416756964554
                },
                "metadata": {
                    "trials": 1
                }
            },
            {
                "query": {
                    "x": 2.2423045641328208
                },
                "metrics": {
                    "outcome": 2.5983386603564815
                },
                "metadata": {
                    "trials": 1
                }
            }
        ],
        [
            {
                "query": {
                    "x": 0.9699028066544448
                },
                "metrics": {
                    "outcome": -0.41798331626661467
                },
                "metadata": {
                    "trials": 1
                }
            },
            {
                "query": {
                    "x": 0.9137523800675891
                },
                "metrics": {
                    "outcome": -0.22907000128996016
                },
                "metadata": {
                    "trials": 1
                }
            },
            {
                "query": {
                    "x": 1.1267137904363826
                },
                "metrics": {
                    "outcome": -0.329965636428563
                },
                "metadata": {
                    "trials": 1
                }
            }
        ],
        [
            {
                "query": {
                    "x": 0.5485251143765983
                },
                "metrics": {
                    "outcome": -0.869010473980982
                },
                "metadata": {
                    "trials": 1
                }
            },
            {
                "query": {
                    "x": 0.5509917748149603
                },
                "metrics": {
                    "outcome": -0.8663681822745316
                },
                "metadata": {
                    "trials": 1
                }
            },
            {
                "query": {
                    "x": 0.5460643218285988
                },
                "metrics": {
                    "outcome": -0.8661932396291171
                },
                "metadata": {
                    "trials": 1
                }
            }
        ],
        [
            {
                "query": {
                    "x": 0.5485391269858241
                },
                "metrics": {
                    "outcome": -0.8690108689432422
                },
                "metadata": {
                    "trials": 1
                }
            },
            {
                "query": {
                    "x": 0.5508740651504995
                },
                "metrics": {
                    "outcome": -0.8666177107664282
                },
                "metadata": {
                    "trials": 1
                }
            },
            {
                "query": {
                    "x": 0.5462080731822684
                },
                "metrics": {
                    "outcome": -0.8665084357367074
                },
                "metadata": {
                    "trials": 1
                }
            }
        ],
        [
            {
                "query": {
                    "x": 1.631011498659552
                },
                "metrics": {
                    "outcome": 0.41215432513587175
                },
                "metadata": {
                    "trials": 1
                }
            },
            {
                "query": {
                    "x": 0.5485470382569396
                },
                "metrics": {
                    "outcome": -0.869011013892626
                },
                "metadata": {
                    "trials": 1
                }
            },
            {
                "query": {
                    "x": 0.5463151199117409
                },
                "metrics": {
                    "outcome": -0.8667309901384762
                },
                "metadata": {
                    "trials": 1
                }
            }
        ],
        [
            {
                "query": {
                    "x": 0.5485760262720472
                },
                "metrics": {
                    "outcome": -0.8690110637734437
                },
                "metadata": {
                    "trials": 1
                }
            },
            {
                "query": {
                    "x": 0.747379417767448
                },
                "metrics": {
                    "outcome": -0.6626656685800202
                },
                "metadata": {
                    "trials": 1
                }
            },
            {
                "query": {
                    "x": 0.5464105405612467
                },
                "metrics": {
                    "outcome": -0.8669206237732493
                },
                "metadata": {
                    "trials": 1
                }
            }
        ],
        [
            {
                "query": {
                    "x": 0.5485990873448983
                },
                "metrics": {
                    "outcome": -0.8690105634757384
                },
                "metadata": {
                    "trials": 1
                }
            },
            {
                "query": {
                    "x": 0.5464890048703697
                },
                "metrics": {
                    "outcome": -0.8670703812787756
                },
                "metadata": {
                    "trials": 1
                }
            },
            {
                "query": {
                    "x": 0.55070985373878
                },
                "metrics": {
                    "outcome": -0.8669452349784048
                },
                "metadata": {
                    "trials": 1
                }
            }
        ],
        [
            {
                "query": {
                    "x": 0.5485931733982196
                },
                "metrics": {
                    "outcome": -0.8690107373926405
                },
                "metadata": {
                    "trials": 1
                }
            },
            {
                "query": {
                    "x": 0.546544256702434
                },
                "metrics": {
                    "outcome": -0.867172490405096
                },
                "metadata": {
                    "trials": 1
                }
            },
            {
                "query": {
                    "x": 0.5506428836378694
                },
                "metrics": {
                    "outcome": -0.8670719206076383
                },
                "metadata": {
                    "trials": 1
                }
            }
        ],
        [
            {
                "query": {
                    "x": 0.5485850500577742
                },
                "metrics": {
                    "outcome": -0.8690109249887937
                },
                "metadata": {
                    "trials": 1
                }
            },
            {
                "query": {
                    "x": 0.5505578854175139
                },
                "metrics": {
                    "outcome": -0.8672269590285614
                },
                "metadata": {
                    "trials": 1
                }
            },
            {
                "query": {
                    "x": 0.5466136011329611
                },
                "metrics": {
                    "outcome": -0.8672967324318785
                },
                "metadata": {
                    "trials": 1
                }
            }
        ],
        [
            {
                "query": {
                    "x": 0.5485820373927843
                },
                "metrics": {
                    "outcome": -0.8690109794698355
                },
                "metadata": {
                    "trials": 1
                }
            },
            {
                "query": {
                    "x": 0.5505094841716925
                },
                "metrics": {
                    "outcome": -0.8673123682277898
                },
                "metadata": {
                    "trials": 1
                }
            },
            {
                "query": {
                    "x": 0.5466560353605555
                },
                "metrics": {
                    "outcome": -0.867370613461543
                },
                "metadata": {
                    "trials": 1
                }
            }
        ],
        [
            {
                "query": {
                    "x": 0.5485796559299743
                },
                "metrics": {
                    "outcome": -0.8690110167574445
                },
                "metadata": {
                    "trials": 1
                }
            },
            {
                "query": {
                    "x": 0.5504669567800635
                },
                "metrics": {
                    "outcome": -0.8673856895473341
                },
                "metadata": {
                    "trials": 1
                }
            },
            {
                "query": {
                    "x": 0.5466938125889141
                },
                "metrics": {
                    "outcome": -0.8674350149385741
                },
                "metadata": {
                    "trials": 1
                }
            }
        ],
        [
            {
                "query": {
                    "x": 0.5485777719444253
                },
                "metrics": {
                    "outcome": -0.8690110426407613
                },
                "metadata": {
                    "trials": 1
                }
            },
            {
                "query": {
                    "x": 0.55042919916023
                },
                "metrics": {
                    "outcome": -0.8674494364204594
                },
                "metadata": {
                    "trials": 1
                }
            },
            {
                "query": {
                    "x": 0.546727836481727
                },
                "metrics": {
                    "outcome": -0.8674919123114735
                },
                "metadata": {
                    "trials": 1
                }
            }
        ],
        [
            {
                "query": {
                    "x": 2.5
                },
                "metrics": {
                    "outcome": 5.0625
                },
                "metadata": {
                    "trials": 1
                }
            },
            {
                "query": {
                    "x": 0.5485763286515288
                },
                "metrics": {
                    "outcome": -0.8690110603092419
                },
                "metadata": {
                    "trials": 1
                }
            },
            {
                "query": {
                    "x": 0.5503953140193454
                },
                "metrics": {
                    "outcome": -0.8675055632275367
                },
                "metadata": {
                    "trials": 1
                }
            }
        ],
        [
            {
                "query": {
                    "x": 0.5485648253681105
                },
                "metrics": {
                    "outcome": -0.8690111341316923
                },
                "metadata": {
                    "trials": 1
                }
            },
            {
                "query": {
                    "x": 0.5503602714723739
                },
                "metrics": {
                    "outcome": -0.8675625302779928
                },
                "metadata": {
                    "trials": 1
                }
            },
            {
                "query": {
                    "x": 0.5467712553656499
                },
                "metrics": {
                    "outcome": -0.8675629991915507
                },
                "metadata": {
                    "trials": 1
                }
            }
        ],
        [
            {
                "query": {
                    "x": 0.5485647702152682
                },
                "metrics": {
                    "outcome": -0.869011134198848
                },
                "metadata": {
                    "trials": 1
                }
            },
            {
                "query": {
                    "x": 0.5503326012786072
                },
                "metrics": {
                    "outcome": -0.8676067386470362
                },
                "metadata": {
                    "trials": 1
                }
            },
            {
                "query": {
                    "x": 0.5467987658623567
                },
                "metrics": {
                    "outcome": -0.8676071574237706
                },
                "metadata": {
                    "trials": 1
                }
            }
        ],
        [
            {
                "query": {
                    "x": 0.5485646898081449
                },
                "metrics": {
                    "outcome": -0.8690111342918504
                },
                "metadata": {
                    "trials": 1
                }
            },
            {
                "query": {
                    "x": 0.5503070633264161
                },
                "metrics": {
                    "outcome": -0.867646934330031
                },
                "metadata": {
                    "trials": 1
                }
            },
            {
                "query": {
                    "x": 0.5468240010893675
                },
                "metrics": {
                    "outcome": -0.8676470613201418
                },
                "metadata": {
                    "trials": 1
                }
            }
        ],
        [
            {
                "query": {
                    "x": 0.5485646582600551
                },
                "metrics": {
                    "outcome": -0.8690111343267511
                },
                "metadata": {
                    "trials": 1
                }
            },
            {
                "query": {
                    "x": 0.5502834970376923
                },
                "metrics": {
                    "outcome": -0.8676835105152192
                },
                "metadata": {
                    "trials": 1
                }
            },
            {
                "query": {
                    "x": 0.5468474250864162
                },
                "metrics": {
                    "outcome": -0.8676835855136765
                },
                "metadata": {
                    "trials": 1
                }
            }
        ],
        [
            {
                "query": {
                    "x": 0.5485646201536548
                },
                "metrics": {
                    "outcome": -0.8690111343677134
                },
                "metadata": {
                    "trials": 1
                }
            },
            {
                "query": {
                    "x": 0.5502615948808214
                },
                "metrics": {
                    "outcome": -0.867717059604856
                },
                "metadata": {
                    "trials": 1
                }
            },
            {
                "query": {
                    "x": 0.5468692191400882
                },
                "metrics": {
                    "outcome": -0.8677171223842373
                },
                "metadata": {
                    "trials": 1
                }
            }
        ],
        [
            {
                "query": {
                    "x": 0.5485646039121141
                },
                "metrics": {
                    "outcome": -0.8690111343847747
                },
                "metadata": {
                    "trials": 1
                }
            },
            {
                "query": {
                    "x": 0.5502411347899323
                },
                "metrics": {
                    "outcome": -0.8677480130638108
                },
                "metadata": {
                    "trials": 1
                }
            },
            {
                "query": {
                    "x": 0.5468895563490649
                },
                "metrics": {
                    "outcome": -0.8677480298587285
                },
                "metadata": {
                    "trials": 1
                }
            }
        ],
        [
            {
                "query": {
                    "x": 0.5485645758026807
                },
                "metrics": {
                    "outcome": -0.8690111344137426
                },
                "metadata": {
                    "trials": 1
                }
            },
            {
                "query": {
                    "x": 0.5502219681140115
                },
                "metrics": {
                    "outcome": -0.8677766708384039
                },
                "metadata": {
                    "trials": 1
                }
            },
            {
                "query": {
                    "x": 0.5469086064336639
                },
                "metrics": {
                    "outcome": -0.867776641827365
                },
                "metadata": {
                    "trials": 1
                }
            }
        ],
        [
            {
                "query": {
                    "x": 0.5485645427525685
                },
                "metrics": {
                    "outcome": -0.8690111344468926
                },
                "metadata": {
                    "trials": 1
                }
            },
            {
                "query": {
                    "x": 0.5502039245528907
                },
                "metrics": {
                    "outcome": -0.8678033497137592
                },
                "metadata": {
                    "trials": 1
                }
            },
            {
                "query": {
                    "x": 0.5469265093810844
                },
                "metrics": {
                    "outcome": -0.8678032316374832
                },
                "metadata": {
                    "trials": 1
                }
            }
        ],
        [
            {
                "query": {
                    "x": 0.5485645405291426
                },
                "metrics": {
                    "outcome": -0.8690111344490874
                },
                "metadata": {
                    "trials": 1
                }
            },
            {
                "query": {
                    "x": 0.5501869626509688
                },
                "metrics": {
                    "outcome": -0.8678281642602793
                },
                "metadata": {
                    "trials": 1
                }
            },
            {
                "query": {
                    "x": 0.5469434226978642
                },
                "metrics": {
                    "outcome": -0.8678280852935096
                },
                "metadata": {
                    "trials": 1
                }
            }
        ],
        [
            {
                "query": {
                    "x": 0.5485645423758564
                },
                "metrics": {
                    "outcome": -0.8690111344472646
                },
                "metadata": {
                    "trials": 1
                }
            },
            {
                "query": {
                    "x": 0.5501709371390526
                },
                "metrics": {
                    "outcome": -0.8678513729415538
                },
                "metadata": {
                    "trials": 1
                }
            },
            {
                "query": {
                    "x": 0.5469594298375936
                },
                "metrics": {
                    "outcome": -0.867851369017013
                },
                "metadata": {
                    "trials": 1
                }
            }
        ],
        [
            {
                "query": {
                    "x": 0.5485645455069376
                },
                "metrics": {
                    "outcome": -0.8690111344441673
                },
                "metadata": {
                    "trials": 1
                }
            },
            {
                "query": {
                    "x": 0.550155732494354
                },
                "metrics": {
                    "outcome": -0.8678731808431283
                },
                "metadata": {
                    "trials": 1
                }
            },
            {
                "query": {
                    "x": 0.5469745822140786
                },
                "metrics": {
                    "outcome": -0.8678731958885088
                },
                "metadata": {
                    "trials": 1
                }
            }
        ],
        [
            {
                "query": {
                    "x": 0.5485645454341039
                },
                "metrics": {
                    "outcome": -0.8690111344442396
                },
                "metadata": {
                    "trials": 1
                }
            },
            {
                "query": {
                    "x": 0.5501412995118494
                },
                "metrics": {
                    "outcome": -0.867893690985575
                },
                "metadata": {
                    "trials": 1
                }
            },
            {
                "query": {
                    "x": 0.5469889742869986
                },
                "metrics": {
                    "outcome": -0.8678937352554619
                },
                "metadata": {
                    "trials": 1
                }
            }
        ],
        [
            {
                "query": {
                    "x": 0.5485645080048777
                },
                "metrics": {
                    "outcome": -0.8690111344806853
                },
                "metadata": {
                    "trials": 1
                }
            },
            {
                "query": {
                    "x": 0.5501275112403962
                },
                "metrics": {
                    "outcome": -0.8679131112195728
                },
                "metadata": {
                    "trials": 1
                }
            },
            {
                "query": {
                    "x": 0.5470026611589722
                },
                "metrics": {
                    "outcome": -0.8679130944145597
                },
                "metadata": {
                    "trials": 1
                }
            }
        ],
        [
            {
                "query": {
                    "x": 0.5485644584215473
                },
                "metrics": {
                    "outcome": -0.8690111345270249
                },
                "metadata": {
                    "trials": 1
                }
            },
            {
                "query": {
                    "x": 0.550114345991805
                },
                "metrics": {
                    "outcome": -0.8679314955053243
                },
                "metadata": {
                    "trials": 1
                }
            },
            {
                "query": {
                    "x": 0.5470156817746232
                },
                "metrics": {
                    "outcome": -0.8679313539457688
                },
                "metadata": {
                    "trials": 1
                }
            }
        ],
        [
            {
                "query": {
                    "x": 0.5485644504327571
                },
                "metrics": {
                    "outcome": -0.8690111345342842
                },
                "metadata": {
                    "trials": 1
                }
            },
            {
                "query": {
                    "x": 0.5501018032618453
                },
                "metrics": {
                    "outcome": -0.867948866502274
                },
                "metadata": {
                    "trials": 1
                }
            },
            {
                "query": {
                    "x": 0.5470281787856184
                },
                "metrics": {
                    "outcome": -0.8679487349966091
                },
                "metadata": {
                    "trials": 1
                }
            }
        ],
        [
            {
                "query": {
                    "x": 0.548564542584042
                },
                "metrics": {
                    "outcome": -0.8690111344470591
                },
                "metadata": {
                    "trials": 1
                }
            },
            {
                "query": {
                    "x": 0.5500898830882432
                },
                "metrics": {
                    "outcome": -0.8679652450697304
                },
                "metadata": {
                    "trials": 1
                }
            },
            {
                "query": {
                    "x": 0.5470402156174711
                },
                "metrics": {
                    "outcome": -0.8679653424909589
                },
                "metadata": {
                    "trials": 1
                }
            }
        ],
        [
            {
                "query": {
                    "x": 0.5485645378406057
                },
                "metrics": {
                    "outcome": -0.8690111344517355
                },
                "metadata": {
                    "trials": 1
                }
            },
            {
                "query": {
                    "x": 0.5500784071772636
                },
                "metrics": {
                    "outcome": -0.8679808933009134
                },
                "metadata": {
                    "trials": 1
                }
            },
            {
                "query": {
                    "x": 0.5470517267604033
                },
                "metrics": {
                    "outcome": -0.8679811021155552
                },
                "metadata": {
                    "trials": 1
                }
            }
        ],
        [
            {
                "query": {
                    "x": 0.5485645378487226
                },
                "metrics": {
                    "outcome": -0.8690111344517274
                },
                "metadata": {
                    "trials": 1
                }
            },
            {
                "query": {
                    "x": 0.5500673489351059
                },
                "metrics": {
                    "outcome": -0.8679958607143219
                },
                "metadata": {
                    "trials": 1
                }
            },
            {
                "query": {
                    "x": 0.5470627311709878
                },
                "metrics": {
                    "outcome": -0.8679960559564726
                },
                "metadata": {
                    "trials": 1
                }
            }
        ],
        [
            {
                "query": {
                    "x": 0.5485644755214248
                },
                "metrics": {
                    "outcome": -0.8690111345112936
                },
                "metadata": {
                    "trials": 1
                }
            },
            {
                "query": {
                    "x": 0.5500566995088753
                },
                "metrics": {
                    "outcome": -0.8680101715354063
                },
                "metadata": {
                    "trials": 1
                }
            },
            {
                "query": {
                    "x": 0.5470732229339303
                },
                "metrics": {
                    "outcome": -0.8680102111917596
                },
                "metadata": {
                    "trials": 1
                }
            }
        ],
        [
            {
                "query": {
                    "x": 0.5485645543906426
                },
                "metrics": {
                    "outcome": -0.8690111344353315
                },
                "metadata": {
                    "trials": 1
                }
            },
            {
                "query": {
                    "x": 0.5500465520026917
                },
                "metrics": {
                    "outcome": -0.8680237136026898
                },
                "metadata": {
                    "trials": 1
                }
            },
            {
                "query": {
                    "x": 0.5470834872818707
                },
                "metrics": {
                    "outcome": -0.8680239632804385
                },
                "metadata": {
                    "trials": 1
                }
            }
        ],
        [
            {
                "query": {
                    "x": 0.5485644749704583
                },
                "metrics": {
                    "outcome": -0.8690111345118047
                },
                "metadata": {
                    "trials": 1
                }
            },
            {
                "query": {
                    "x": 0.5500366128029013
                },
                "metrics": {
                    "outcome": -0.8680368884959858
                },
                "metadata": {
                    "trials": 1
                }
            },
            {
                "query": {
                    "x": 0.5470932182423485
                },
                "metrics": {
                    "outcome": -0.8680369127722769
                },
                "metadata": {
                    "trials": 1
                }
            }
        ],
        [
            {
                "query": {
                    "x": 0.5485644368924661
                },
                "metrics": {
                    "outcome": -0.8690111345464567
                },
                "metadata": {
                    "trials": 1
                }
            },
            {
                "query": {
                    "x": 0.5500271088464946
                },
                "metrics": {
                    "outcome": -0.8680494039015956
                },
                "metadata": {
                    "trials": 1
                }
            },
            {
                "query": {
                    "x": 0.5471026385715174
                },
                "metrics": {
                    "outcome": -0.8680493673271927
                },
                "metadata": {
                    "trials": 1
                }
            }
        ],
        [
            {
                "query": {
                    "x": 0.5485645485004206
                },
                "metrics": {
                    "outcome": -0.8690111344411979
                },
                "metadata": {
                    "trials": 1
                }
            },
            {
                "query": {
                    "x": 0.5500180799522784
                },
                "metrics": {
                    "outcome": -0.86806121895841
                },
                "metadata": {
                    "trials": 1
                }
            },
            {
                "query": {
                    "x": 0.5471118908112808
                },
                "metrics": {
                    "outcome": -0.8680615215481853
                },
                "metadata": {
                    "trials": 1
                }
            }
        ],
        [
            {
                "query": {
                    "x": 0.5485643986523935
                },
                "metrics": {
                    "outcome": -0.8690111345799435
                },
                "metadata": {
                    "trials": 1
                }
            },
            {
                "query": {
                    "x": 0.5500090356045266
                },
                "metrics": {
                    "outcome": -0.868072981205835
                },
                "metadata": {
                    "trials": 1
                }
            },
            {
                "query": {
                    "x": 0.5471206022879354
                },
                "metrics": {
                    "outcome": -0.8680728946490763
                },
                "metadata": {
                    "trials": 1
                }
            }
        ],
        [
            {
                "query": {
                    "x": 0.5485644027740147
                },
                "metrics": {
                    "outcome": -0.8690111345763976
                },
                "metadata": {
                    "trials": 1
                }
            },
            {
                "query": {
                    "x": 0.5500004886725572
                },
                "metrics": {
                    "outcome": -0.8680840293821181
                },
                "metadata": {
                    "trials": 1
                }
            },
            {
                "query": {
                    "x": 0.5471291411231741
                },
                "metrics": {
                    "outcome": -0.8680839757730529
                },
                "metadata": {
                    "trials": 1
                }
            }
        ]
    ],
    "best_results": [
        {
            "query": {
                "x": 0.5485643986523935
            },
            "metrics": [
                {
                    "name": "outcome",
                    "value": -0.8690111345799435
                }
            ]
        }
    ]
}