{
    "date": "06/11/2022 17:26:02",
    "basic_params": {
        "active_variables": [
            "x1",
            "x2"
        ],
        "default_query": {},
        "metric": "basic",
        "n_trials": 1
    },
    "objective_function": {
        "name": "Beale",
        "params": {}
    },
    "optimizer": {
        "name": "GO-BBO-LP",
        "params": {
            "maximize": false,
            "domain": [
                {
                    "name": "x1",
                    "type": "continuous",
                    "domain": [
                        -4.5,
                        4.5
                    ]
                },
                {
                    "name": "x2",
                    "type": "continuous",
                    "domain": [
                        -4.5,
                        4.5
                    ]
                }
            ],
            "initial_design_numdata": 15,
            "num_iters": 45,
            "batch_size": 3,
            "model_update_interval": 5
        }
    },
    "best_results": [
        {
            "query": {
                "x1": 3.3337965894538115,
                "x2": 0.5794463283053464
            },
            "metrics": [
                {
                    "name": "outcome",
                    "value": 0.014483366045087574
                }
            ]
        }
    ],
    "iterations": [
        [
            {
                "query": {
                    "x1": -1.8000000000000003,
                    "x2": 1.7999999999999998
                },
                "metrics": {
                    "outcome": 40.05559475999997
                },
                "metadata": {
                    "trials": 1
                }
            }
        ],
        [
            {
                "query": {
                    "x1": 1.7999999999999998,
                    "x2": 3.5999999999999996
                },
                "metrics": {
                    "outcome": 7795.609397639993
                },
                "metadata": {
                    "trials": 1
                }
            }
        ],
        [
            {
                "query": {
                    "x1": 3.0,
                    "x2": -1.1999999999999997
                },
                "metrics": {
                    "outcome": 69.65738099999994
                },
                "metadata": {
                    "trials": 1
                }
            }
        ],
        [
            {
                "query": {
                    "x1": -1.1999999999999997,
                    "x2": -3.6
                },
                "metrics": {
                    "outcome": 3773.23807284
                },
                "metadata": {
                    "trials": 1
                }
            }
        ],
        [
            {
                "query": {
                    "x1": 0.5999999999999996,
                    "x2": -2.4
                },
                "metrics": {
                    "outcome": 65.6682123599999
                },
                "metadata": {
                    "trials": 1
                }
            }
        ],
        [
            {
                "query": {
                    "x1": 0.0,
                    "x2": 0.5999999999999996
                },
                "metrics": {
                    "outcome": 14.203125
                },
                "metadata": {
                    "trials": 1
                }
            }
        ],
        [
            {
                "query": {
                    "x1": -0.5999999999999996,
                    "x2": -0.5999999999999996
                },
                "metrics": {
                    "outcome": 24.24289715999999
                },
                "metadata": {
                    "trials": 1
                }
            }
        ],
        [
            {
                "query": {
                    "x1": 3.5999999999999996,
                    "x2": 0.0
                },
                "metrics": {
                    "outcome": 7.183124999999997
                },
                "metadata": {
                    "trials": 1
                }
            }
        ],
        [
            {
                "query": {
                    "x1": -3.0,
                    "x2": -3.0
                },
                "metrics": {
                    "outcome": 8159.203125
                },
                "metadata": {
                    "trials": 1
                }
            }
        ],
        [
            {
                "query": {
                    "x1": -4.2,
                    "x2": -1.8000000000000003
                },
                "metrics": {
                    "outcome": 1207.9693803600007
                },
                "metadata": {
                    "trials": 1
                }
            }
        ],
        [
            {
                "query": {
                    "x1": 2.3999999999999995,
                    "x2": -4.2
                },
                "metrics": {
                    "outcome": 33437.077426439995
                },
                "metadata": {
                    "trials": 1
                }
            }
        ],
        [
            {
                "query": {
                    "x1": -3.6,
                    "x2": 2.3999999999999995
                },
                "metrics": {
                    "outcome": 2129.978109959997
                },
                "metadata": {
                    "trials": 1
                }
            }
        ],
        [
            {
                "query": {
                    "x1": 1.1999999999999993,
                    "x2": 4.199999999999999
                },
                "metrics": {
                    "outcome": 8681.772420359983
                },
                "metadata": {
                    "trials": 1
                }
            }
        ],
        [
            {
                "query": {
                    "x1": -2.4,
                    "x2": 1.1999999999999993
                },
                "metrics": {
                    "outcome": 3.236568840000028
                },
                "metadata": {
                    "trials": 1
                }
            }
        ],
        [
            {
                "query": {
                    "x1": 4.199999999999999,
                    "x2": 3.0
                },
                "metrics": {
                    "outcome": 13888.063124999995
                },
                "metadata": {
                    "trials": 1
                }
            }
        ],
        [
            {
                "query": {
                    "x1": 2.2744488969645635,
                    "x2": -2.0043810981492243
                },
                "metrics": {
                    "outcome": 434.2323236898071
                },
                "metadata": {
                    "trials": 1
                }
            },
            {
                "query": {
                    "x1": -1.4286231265498088,
                    "x2": 2.1313581422594634
                },
                "metrics": {
                    "outcome": 103.53406839404553
                },
                "metadata": {
                    "trials": 1
                }
            },
            {
                "query": {
                    "x1": 2.381221441723267,
                    "x2": -1.8261956266716242
                },
                "metrics": {
                    "outcome": 291.65890363938144
                },
                "metadata": {
                    "trials": 1
                }
            }
        ],
        [
            {
                "query": {
                    "x1": 0.21760744249532138,
                    "x2": 3.2457579290382093
                },
                "metrics": {
                    "outcome": 119.64718336428754
                },
                "metadata": {
                    "trials": 1
                }
            },
            {
                "query": {
                    "x1": -0.4728061144043618,
                    "x2": -3.1885159105300644
                },
                "metrics": {
                    "outcome": 355.9187784263488
                },
                "metadata": {
                    "trials": 1
                }
            },
            {
                "query": {
                    "x1": -0.9480095582260804,
                    "x2": 1.6869313530290428
                },
                "metrics": {
                    "outcome": 1.9270816937210702
                },
                "metadata": {
                    "trials": 1
                }
            }
        ],
        [
            {
                "query": {
                    "x1": 3.807819763455438,
                    "x2": -2.39788536585471
                },
                "metrics": {
                    "outcome": 3426.292331688398
                },
                "metadata": {
                    "trials": 1
                }
            },
            {
                "query": {
                    "x1": -3.4376591224220583,
                    "x2": -1.036366352483837
                },
                "metrics": {
                    "outcome": 174.03302530954323
                },
                "metadata": {
                    "trials": 1
                }
            },
            {
                "query": {
                    "x1": 0.727385739556687,
                    "x2": -3.0698971950535356
                },
                "metrics": {
                    "outcome": 438.9173686867984
                },
                "metadata": {
                    "trials": 1
                }
            }
        ],
        [
            {
                "query": {
                    "x1": -4.452344406543782,
                    "x2": -3.8088910560472065
                },
                "metrics": {
                    "outcome": 67938.51889574876
                },
                "metadata": {
                    "trials": 1
                }
            },
            {
                "query": {
                    "x1": 1.929379790294531,
                    "x2": 2.783386014219559
                },
                "metrics": {
                    "outcome": 2046.8049826315255
                },
                "metadata": {
                    "trials": 1
                }
            },
            {
                "query": {
                    "x1": -3.3085287673219894,
                    "x2": 0.14345565180796083
                },
                "metrics": {
                    "outcome": 84.01858997690647
                },
                "metadata": {
                    "trials": 1
                }
            }
        ],
        [
            {
                "query": {
                    "x1": -1.3479534398114335,
                    "x2": -2.32857319312313
                },
                "metrics": {
                    "outcome": 490.2922117820824
                },
                "metadata": {
                    "trials": 1
                }
            },
            {
                "query": {
                    "x1": -3.7390260373425015,
                    "x2": -0.2922316948166426
                },
                "metrics": {
                    "outcome": 113.93316994307389
                },
                "metadata": {
                    "trials": 1
                }
            },
            {
                "query": {
                    "x1": 3.934917889322522,
                    "x2": 2.637118652977118
                },
                "metrics": {
                    "outcome": 5742.936634542273
                },
                "metadata": {
                    "trials": 1
                }
            }
        ],
        [
            {
                "query": {
                    "x1": -0.6470566170165282,
                    "x2": -1.3511434926240757
                },
                "metrics": {
                    "outcome": 35.770822544596854
                },
                "metadata": {
                    "trials": 1
                }
            },
            {
                "query": {
                    "x1": 1.141419277716195,
                    "x2": -2.8698068593315256
                },
                "metrics": {
                    "outcome": 768.8946024018506
                },
                "metadata": {
                    "trials": 1
                }
            },
            {
                "query": {
                    "x1": 1.517239259962487,
                    "x2": 0.4558589373092463
                },
                "metrics": {
                    "outcome": 3.119471067886952
                },
                "metadata": {
                    "trials": 1
                }
            }
        ],
        [
            {
                "query": {
                    "x1": -4.491716337906167,
                    "x2": -3.7559394936909767
                },
                "metrics": {
                    "outcome": 63808.704245235625
                },
                "metadata": {
                    "trials": 1
                }
            },
            {
                "query": {
                    "x1": 3.5409215776924405,
                    "x2": 3.1637087934274835
                },
                "metrics": {
                    "outcome": 13617.831906865165
                },
                "metadata": {
                    "trials": 1
                }
            },
            {
                "query": {
                    "x1": 4.474565163912631,
                    "x2": -1.2095085565575943
                },
                "metrics": {
                    "outcome": 184.40060209441717
                },
                "metadata": {
                    "trials": 1
                }
            }
        ],
        [
            {
                "query": {
                    "x1": -0.19165825452762242,
                    "x2": -0.3702926919671601
                },
                "metrics": {
                    "outcome": 16.9293883649675
                },
                "metadata": {
                    "trials": 1
                }
            },
            {
                "query": {
                    "x1": 2.751142977025146,
                    "x2": 1.8600500662701434
                },
                "metrics": {
                    "outcome": 405.26071677309176
                },
                "metadata": {
                    "trials": 1
                }
            },
            {
                "query": {
                    "x1": 1.0273663301940577,
                    "x2": 1.2970525320828932
                },
                "metrics": {
                    "outcome": 26.708488679919263
                },
                "metadata": {
                    "trials": 1
                }
            }
        ],
        [
            {
                "query": {
                    "x1": 0.8592955590870259,
                    "x2": 3.866687636784633
                },
                "metrics": {
                    "outcome": 2864.8407681214007
                },
                "metadata": {
                    "trials": 1
                }
            },
            {
                "query": {
                    "x1": 0.9008633213455663,
                    "x2": 2.409619107164154
                },
                "metrics": {
                    "outcome": 256.25773102165806
                },
                "metadata": {
                    "trials": 1
                }
            },
            {
                "query": {
                    "x1": 2.2217712092273123,
                    "x2": 2.200046759315354
                },
                "metrics": {
                    "outcome": 712.5976589053247
                },
                "metadata": {
                    "trials": 1
                }
            }
        ],
        [
            {
                "query": {
                    "x1": -2.092972541080087,
                    "x2": -0.7370637316217259
                },
                "metrics": {
                    "outcome": 67.52227429107609
                },
                "metadata": {
                    "trials": 1
                }
            },
            {
                "query": {
                    "x1": -0.6254670418001256,
                    "x2": -1.6833218726434698
                },
                "metrics": {
                    "outcome": 50.17936399244181
                },
                "metadata": {
                    "trials": 1
                }
            },
            {
                "query": {
                    "x1": -0.49508640888193867,
                    "x2": -3.830984951833421
                },
                "metrics": {
                    "outcome": 993.8865697666929
                },
                "metadata": {
                    "trials": 1
                }
            }
        ],
        [
            {
                "query": {
                    "x1": 1.4583932369862938,
                    "x2": 1.4238563249447873
                },
                "metrics": {
                    "outcome": 47.44331279481849
                },
                "metadata": {
                    "trials": 1
                }
            },
            {
                "query": {
                    "x1": -2.6728306360247833,
                    "x2": 2.7414529976895814
                },
                "metrics": {
                    "outcome": 2717.1822029325467
                },
                "metadata": {
                    "trials": 1
                }
            },
            {
                "query": {
                    "x1": -3.7038614896811426,
                    "x2": -2.326969498442622
                },
                "metrics": {
                    "outcome": 3198.6789644955984
                },
                "metadata": {
                    "trials": 1
                }
            }
        ],
        [
            {
                "query": {
                    "x1": -2.3363961458349136,
                    "x2": -2.1330065608287274
                },
                "metrics": {
                    "outcome": 878.0162976605978
                },
                "metadata": {
                    "trials": 1
                }
            },
            {
                "query": {
                    "x1": 2.039867109448637,
                    "x2": -0.5724790945946889
                },
                "metrics": {
                    "outcome": 3.7290832452034683
                },
                "metadata": {
                    "trials": 1
                }
            },
            {
                "query": {
                    "x1": 1.9854720470030776,
                    "x2": -3.988403300739772
                },
                "metrics": {
                    "outcome": 16792.217402817623
                },
                "metadata": {
                    "trials": 1
                }
            }
        ],
        [
            {
                "query": {
                    "x1": -1.9206050216026442,
                    "x2": -0.45340314089965883
                },
                "metrics": {
                    "outcome": 54.99476952740994
                },
                "metadata": {
                    "trials": 1
                }
            },
            {
                "query": {
                    "x1": 3.711424335240755,
                    "x2": -0.8054749858027725
                },
                "metrics": {
                    "outcome": 37.10148167654845
                },
                "metadata": {
                    "trials": 1
                }
            },
            {
                "query": {
                    "x1": 1.7838112842764469,
                    "x2": 3.3186026028947433
                },
                "metrics": {
                    "outcome": 4797.022723345116
                },
                "metadata": {
                    "trials": 1
                }
            }
        ],
        [
            {
                "query": {
                    "x1": -1.443704656526144,
                    "x2": 3.6642714071564466
                },
                "metrics": {
                    "outcome": 4735.508270531131
                },
                "metadata": {
                    "trials": 1
                }
            },
            {
                "query": {
                    "x1": 0.7035200808582882,
                    "x2": -0.6511248337232987
                },
                "metrics": {
                    "outcome": 6.5010705759253336
                },
                "metadata": {
                    "trials": 1
                }
            },
            {
                "query": {
                    "x1": 3.1854024768288562,
                    "x2": -0.3532016826050919
                },
                "metrics": {
                    "outcome": 8.67939282047486
                },
                "metadata": {
                    "trials": 1
                }
            }
        ],
        [
            {
                "query": {
                    "x1": -3.081678056962156,
                    "x2": -1.8592957279445992
                },
                "metrics": {
                    "outcome": 785.625540076411
                },
                "metadata": {
                    "trials": 1
                }
            },
            {
                "query": {
                    "x1": -2.710804878185544,
                    "x2": 3.9864264186741956
                },
                "metrics": {
                    "outcome": 29183.968541624246
                },
                "metadata": {
                    "trials": 1
                }
            },
            {
                "query": {
                    "x1": -2.260764994022493,
                    "x2": 3.5447939290491046
                },
                "metrics": {
                    "outcome": 9769.477263927314
                },
                "metadata": {
                    "trials": 1
                }
            }
        ],
        [
            {
                "query": {
                    "x1": -2.2385720234086577,
                    "x2": -2.3015706317160287
                },
                "metrics": {
                    "outcome": 1167.3738693443845
                },
                "metadata": {
                    "trials": 1
                }
            },
            {
                "query": {
                    "x1": 1.6843980977761408,
                    "x2": 2.606161755698883
                },
                "metrics": {
                    "outcome": 1107.7998687213938
                },
                "metadata": {
                    "trials": 1
                }
            },
            {
                "query": {
                    "x1": -3.143535936656199,
                    "x2": -0.745227673079393
                },
                "metrics": {
                    "outcome": 112.09139512883532
                },
                "metadata": {
                    "trials": 1
                }
            }
        ],
        [
            {
                "query": {
                    "x1": 3.3337965894538115,
                    "x2": 0.5794463283053464
                },
                "metrics": {
                    "outcome": 0.014483366045087574
                },
                "metadata": {
                    "trials": 1
                }
            },
            {
                "query": {
                    "x1": 2.023354235858391,
                    "x2": 2.13852304474554
                },
                "metrics": {
                    "outcome": 520.0979127785795
                },
                "metadata": {
                    "trials": 1
                }
            },
            {
                "query": {
                    "x1": -3.1466042080910372,
                    "x2": 2.086203979059408
                },
                "metrics": {
                    "outcome": 592.3116091460817
                },
                "metadata": {
                    "trials": 1
                }
            }
        ],
        [
            {
                "query": {
                    "x1": 3.6878434483632265,
                    "x2": -2.466467829034212
                },
                "metrics": {
                    "outcome": 3748.9000247514687
                },
                "metadata": {
                    "trials": 1
                }
            },
            {
                "query": {
                    "x1": -3.5128145548775955,
                    "x2": -0.9958362799992786
                },
                "metrics": {
                    "outcome": 169.9250337045999
                },
                "metadata": {
                    "trials": 1
                }
            },
            {
                "query": {
                    "x1": -0.07710776834146937,
                    "x2": 0.014276732013558835
                },
                "metrics": {
                    "outcome": 15.200540413181166
                },
                "metadata": {
                    "trials": 1
                }
            }
        ],
        [
            {
                "query": {
                    "x1": -2.1167799781857823,
                    "x2": -3.4695229499855307
                },
                "metrics": {
                    "outcome": 9242.583703843184
                },
                "metadata": {
                    "trials": 1
                }
            },
            {
                "query": {
                    "x1": -0.165276654268121,
                    "x2": -3.5161609094117883
                },
                "metrics": {
                    "outcome": 104.68785438969473
                },
                "metadata": {
                    "trials": 1
                }
            },
            {
                "query": {
                    "x1": 0.3957982143790648,
                    "x2": 1.8071156429862274
                },
                "metrics": {
                    "outcome": 34.051477993172284
                },
                "metadata": {
                    "trials": 1
                }
            }
        ],
        [
            {
                "query": {
                    "x1": 2.548219649997926,
                    "x2": 1.0618066136488071
                },
                "metrics": {
                    "outcome": 19.15649506284941
                },
                "metadata": {
                    "trials": 1
                }
            },
            {
                "query": {
                    "x1": 2.5996294595936966,
                    "x2": -0.4580585263793795
                },
                "metrics": {
                    "outcome": 5.3347213263060125
                },
                "metadata": {
                    "trials": 1
                }
            },
            {
                "query": {
                    "x1": -4.315287600978159,
                    "x2": 0.6637616054695235
                },
                "metrics": {
                    "outcome": 62.705043389454985
                },
                "metadata": {
                    "trials": 1
                }
            }
        ],
        [
            {
                "query": {
                    "x1": 2.3593691202015616,
                    "x2": -2.7253749946749775
                },
                "metrics": {
                    "outcome": 2612.2514852837285
                },
                "metadata": {
                    "trials": 1
                }
            },
            {
                "query": {
                    "x1": 2.3631130553455826,
                    "x2": 1.3237056594989571
                },
                "metrics": {
                    "outcome": 54.331578111230414
                },
                "metadata": {
                    "trials": 1
                }
            },
            {
                "query": {
                    "x1": 2.3562199659205563,
                    "x2": 3.981464002331812
                },
                "metrics": {
                    "outcome": 23654.93273320208
                },
                "metadata": {
                    "trials": 1
                }
            }
        ],
        [
            {
                "query": {
                    "x1": 2.359021968474675,
                    "x2": 1.570475648377232
                },
                "metrics": {
                    "outcome": 129.11866277309227
                },
                "metadata": {
                    "trials": 1
                }
            },
            {
                "query": {
                    "x1": 2.3413292346582786,
                    "x2": 2.9733214125943777
                },
                "metrics": {
                    "outcome": 4284.828621040892
                },
                "metadata": {
                    "trials": 1
                }
            },
            {
                "query": {
                    "x1": 2.350480702463857,
                    "x2": 3.131013440689567
                },
                "metrics": {
                    "outcome": 5813.407748187708
                },
                "metadata": {
                    "trials": 1
                }
            }
        ],
        [
            {
                "query": {
                    "x1": 2.3482149949332483,
                    "x2": 2.8688614181202947
                },
                "metrics": {
                    "outcome": 3509.3845002040284
                },
                "metadata": {
                    "trials": 1
                }
            },
            {
                "query": {
                    "x1": 2.3578328697747093,
                    "x2": -2.7563228564794975
                },
                "metrics": {
                    "outcome": 2782.6898221101255
                },
                "metadata": {
                    "trials": 1
                }
            },
            {
                "query": {
                    "x1": 2.3601155453421763,
                    "x2": 4.458681916569093
                },
                "metrics": {
                    "outcome": 46158.151093240725
                },
                "metadata": {
                    "trials": 1
                }
            }
        ],
        [
            {
                "query": {
                    "x1": 2.348122314065937,
                    "x2": 1.677673649312183
                },
                "metrics": {
                    "outcome": 181.10201833792735
                },
                "metadata": {
                    "trials": 1
                }
            },
            {
                "query": {
                    "x1": 2.3629040886298096,
                    "x2": 1.6913428726170583
                },
                "metrics": {
                    "outcome": 190.75895834726253
                },
                "metadata": {
                    "trials": 1
                }
            },
            {
                "query": {
                    "x1": 2.35429259420021,
                    "x2": 0.8653511067681983
                },
                "metrics": {
                    "outcome": 7.377375998580394
                },
                "metadata": {
                    "trials": 1
                }
            }
        ],
        [
            {
                "query": {
                    "x1": 2.3598593970928503,
                    "x2": 1.7279183991245697
                },
                "metrics": {
                    "outcome": 213.20984805999058
                },
                "metadata": {
                    "trials": 1
                }
            },
            {
                "query": {
                    "x1": 2.350313420751746,
                    "x2": -3.386003617566931
                },
                "metrics": {
                    "outcome": 9073.094916748578
                },
                "metadata": {
                    "trials": 1
                }
            },
            {
                "query": {
                    "x1": 2.3602562726273346,
                    "x2": -3.979546015094766
                },
                "metrics": {
                    "outcome": 23542.227958840376
                },
                "metadata": {
                    "trials": 1
                }
            }
        ],
        [
            {
                "query": {
                    "x1": 2.347705084113997,
                    "x2": -0.06816836503352075
                },
                "metrics": {
                    "outcome": 1.0995626110976315
                },
                "metadata": {
                    "trials": 1
                }
            },
            {
                "query": {
                    "x1": 1.353285701108466,
                    "x2": 4.1790456976770844
                },
                "metrics": {
                    "outcome": 10643.591804857693
                },
                "metadata": {
                    "trials": 1
                }
            },
            {
                "query": {
                    "x1": 0.18742758321355968,
                    "x2": -2.8290422718777792
                },
                "metrics": {
                    "outcome": 16.566834031077253
                },
                "metadata": {
                    "trials": 1
                }
            }
        ],
        [
            {
                "query": {
                    "x1": 2.089810958517443,
                    "x2": 3.926238970685011
                },
                "metrics": {
                    "outcome": 17240.149303884402
                },
                "metadata": {
                    "trials": 1
                }
            },
            {
                "query": {
                    "x1": -2.317564369653666,
                    "x2": 1.439354100711694
                },
                "metrics": {
                    "outcome": 4.1611302535041155
                },
                "metadata": {
                    "trials": 1
                }
            },
            {
                "query": {
                    "x1": -2.8595797025516387,
                    "x2": 0.5367070140710783
                },
                "metrics": {
                    "outcome": 51.77493439645933
                },
                "metadata": {
                    "trials": 1
                }
            }
        ],
        [
            {
                "query": {
                    "x1": 1.949059713872546,
                    "x2": 3.045373253501624
                },
                "metrics": {
                    "outcome": 3473.0509395650415
                },
                "metadata": {
                    "trials": 1
                }
            },
            {
                "query": {
                    "x1": 2.3474191215971487,
                    "x2": -2.0193834134976885
                },
                "metrics": {
                    "outcome": 484.02173420941415
                },
                "metadata": {
                    "trials": 1
                }
            },
            {
                "query": {
                    "x1": 2.359707112888068,
                    "x2": 1.7186710599686101
                },
                "metrics": {
                    "outcome": 207.21288649130557
                },
                "metadata": {
                    "trials": 1
                }
            }
        ],
        [
            {
                "query": {
                    "x1": -0.8952788163603036,
                    "x2": 0.70219327507772
                },
                "metrics": {
                    "outcome": 20.737734077629554
                },
                "metadata": {
                    "trials": 1
                }
            },
            {
                "query": {
                    "x1": 2.347785932129338,
                    "x2": 4.177493807742421
                },
                "metrics": {
                    "outcome": 31142.220471465072
                },
                "metadata": {
                    "trials": 1
                }
            },
            {
                "query": {
                    "x1": -1.6732524928436803,
                    "x2": 1.9527040575773942
                },
                "metrics": {
                    "outcome": 72.63743697328522
                },
                "metadata": {
                    "trials": 1
                }
            }
        ],
        [
            {
                "query": {
                    "x1": 1.2152248657076505,
                    "x2": -0.8608095935796714
                },
                "metrics": {
                    "outcome": 4.727534157718682
                },
                "metadata": {
                    "trials": 1
                }
            },
            {
                "query": {
                    "x1": -4.41388107962224,
                    "x2": -3.016576787185061
                },
                "metrics": {
                    "outcome": 17927.35392446396
                },
                "metadata": {
                    "trials": 1
                }
            },
            {
                "query": {
                    "x1": 1.1706733461422338,
                    "x2": -0.2390286758785587
                },
                "metrics": {
                    "outcome": 3.3850730656618846
                },
                "metadata": {
                    "trials": 1
                }
            }
        ],
        [
            {
                "query": {
                    "x1": 2.347679595175453,
                    "x2": -1.7383040080917995
                },
                "metrics": {
                    "outcome": 218.5433111039199
                },
                "metadata": {
                    "trials": 1
                }
            },
            {
                "query": {
                    "x1": -4.43329548547189,
                    "x2": -2.262849684729421
                },
                "metrics": {
                    "outcome": 3925.0899262482217
                },
                "metadata": {
                    "trials": 1
                }
            },
            {
                "query": {
                    "x1": 4.134119141680422,
                    "x2": -0.6943778188628356
                },
                "metrics": {
                    "outcome": 38.685075659788836
                },
                "metadata": {
                    "trials": 1
                }
            }
        ],
        [
            {
                "query": {
                    "x1": -2.7773841914091175,
                    "x2": 3.836925663725797
                },
                "metrics": {
                    "outcome": 24274.221229330873
                },
                "metadata": {
                    "trials": 1
                }
            },
            {
                "query": {
                    "x1": -0.8396072584354624,
                    "x2": -3.7444321282368946
                },
                "metrics": {
                    "outcome": 2365.8684387470366
                },
                "metadata": {
                    "trials": 1
                }
            },
            {
                "query": {
                    "x1": -1.7066557110100744,
                    "x2": 3.538687265972797
                },
                "metrics": {
                    "outcome": 5394.2094468507175
                },
                "metadata": {
                    "trials": 1
                }
            }
        ],
        [
            {
                "query": {
                    "x1": 3.5649755619911545,
                    "x2": 2.424769955314037
                },
                "metrics": {
                    "outcome": 2917.634048971235
                },
                "metadata": {
                    "trials": 1
                }
            },
            {
                "query": {
                    "x1": 4.4912225002378285,
                    "x2": -3.431898879095093
                },
                "metrics": {
                    "outcome": 36541.950874353366
                },
                "metadata": {
                    "trials": 1
                }
            },
            {
                "query": {
                    "x1": 4.396672636481664,
                    "x2": 3.2591305192640974
                },
                "metrics": {
                    "outcome": 24746.043284790543
                },
                "metadata": {
                    "trials": 1
                }
            }
        ],
        [
            {
                "query": {
                    "x1": 4.241991845292404,
                    "x2": 4.493042271125592
                },
                "metrics": {
                    "outcome": 154061.9302313261
                },
                "metadata": {
                    "trials": 1
                }
            },
            {
                "query": {
                    "x1": 2.811940851292688,
                    "x2": 4.171898897405308
                },
                "metrics": {
                    "outcome": 44061.17886625155
                },
                "metadata": {
                    "trials": 1
                }
            },
            {
                "query": {
                    "x1": -2.9583849341280226,
                    "x2": 2.8139902862815056
                },
                "metrics": {
                    "outcome": 3987.4381408178033
                },
                "metadata": {
                    "trials": 1
                }
            }
        ],
        [
            {
                "query": {
                    "x1": -2.630458791281707,
                    "x2": -0.837016086449669
                },
                "metrics": {
                    "outcome": 95.53614457980285
                },
                "metadata": {
                    "trials": 1
                }
            },
            {
                "query": {
                    "x1": -0.34472091338462274,
                    "x2": 0.8545868473438851
                },
                "metrics": {
                    "outcome": 15.480052438438136
                },
                "metadata": {
                    "trials": 1
                }
            },
            {
                "query": {
                    "x1": 2.272281073460481,
                    "x2": -1.411717473738081
                },
                "metrics": {
                    "outcome": 72.63263416022836
                },
                "metadata": {
                    "trials": 1
                }
            }
        ],
        [
            {
                "query": {
                    "x1": 0.7842175016342141,
                    "x2": -4.361099377799068
                },
                "metrics": {
                    "outcome": 4270.622072712005
                },
                "metadata": {
                    "trials": 1
                }
            },
            {
                "query": {
                    "x1": 1.3661644581668781,
                    "x2": -3.9951619204629987
                },
                "metrics": {
                    "outcome": 7914.901777736043
                },
                "metadata": {
                    "trials": 1
                }
            },
            {
                "query": {
                    "x1": 2.5741084873390063,
                    "x2": 0.608537038753636
                },
                "metrics": {
                    "outcome": 1.0363183822091178
                },
                "metadata": {
                    "trials": 1
                }
            }
        ],
        [
            {
                "query": {
                    "x1": 3.267483678892768,
                    "x2": 2.2347704408065123
                },
                "metrics": {
                    "outcome": 1548.2207326707617
                },
                "metadata": {
                    "trials": 1
                }
            },
            {
                "query": {
                    "x1": -3.4067141102400944,
                    "x2": -3.68655223942063
                },
                "metrics": {
                    "outcome": 33185.89652395884
                },
                "metadata": {
                    "trials": 1
                }
            },
            {
                "query": {
                    "x1": -3.0928755229414553,
                    "x2": -1.68959876496544
                },
                "metrics": {
                    "outcome": 534.4034491423774
                },
                "metadata": {
                    "trials": 1
                }
            }
        ],
        [
            {
                "query": {
                    "x1": -3.2255274822452664,
                    "x2": -4.237000960843883
                },
                "metrics": {
                    "outcome": 66186.11612568499
                },
                "metadata": {
                    "trials": 1
                }
            },
            {
                "query": {
                    "x1": -0.017579666113597625,
                    "x2": -2.755415879122081
                },
                "metrics": {
                    "outcome": 16.069021432401613
                },
                "metadata": {
                    "trials": 1
                }
            },
            {
                "query": {
                    "x1": -0.6217297376671347,
                    "x2": -2.841876003611944
                },
                "metrics": {
                    "outcome": 326.56952749812393
                },
                "metadata": {
                    "trials": 1
                }
            }
        ],
        [
            {
                "query": {
                    "x1": 2.352876145248249,
                    "x2": 3.4844718367286047
                },
                "metrics": {
                    "outcome": 10827.219394710986
                },
                "metadata": {
                    "trials": 1
                }
            },
            {
                "query": {
                    "x1": 3.183651252020204,
                    "x2": -4.373373151174498
                },
                "metrics": {
                    "outcome": 75053.37614008882
                },
                "metadata": {
                    "trials": 1
                }
            },
            {
                "query": {
                    "x1": 1.7523643713097217,
                    "x2": -3.2107375966467866
                },
                "metrics": {
                    "outcome": 3642.8265403717705
                },
                "metadata": {
                    "trials": 1
                }
            }
        ],
        [
            {
                "query": {
                    "x1": -0.6680595498482491,
                    "x2": -0.6437179262240296
                },
                "metrics": {
                    "outcome": 25.77587410230777
                },
                "metadata": {
                    "trials": 1
                }
            },
            {
                "query": {
                    "x1": -1.2728552957466506,
                    "x2": -2.2762844976817984
                },
                "metrics": {
                    "outcome": 399.2001710566957
                },
                "metadata": {
                    "trials": 1
                }
            },
            {
                "query": {
                    "x1": 0.6744656963920255,
                    "x2": 1.0631226866542516
                },
                "metrics": {
                    "outcome": 15.467877304844878
                },
                "metadata": {
                    "trials": 1
                }
            }
        ],
        [
            {
                "query": {
                    "x1": 0.7255540715209072,
                    "x2": 2.462956738940755
                },
                "metrics": {
                    "outcome": 203.97618256007712
                },
                "metadata": {
                    "trials": 1
                }
            },
            {
                "query": {
                    "x1": 0.4704108868801926,
                    "x2": -3.9534168678968826
                },
                "metrics": {
                    "outcome": 808.3401358979905
                },
                "metadata": {
                    "trials": 1
                }
            },
            {
                "query": {
                    "x1": 2.8146966184180533,
                    "x2": 1.4206787583473623
                },
                "metrics": {
                    "outcome": 95.49324346043878
                },
                "metadata": {
                    "trials": 1
                }
            }
        ],
        [
            {
                "query": {
                    "x1": -0.47064222222549557,
                    "x2": -2.0320275261395513
                },
                "metrics": {
                    "outcome": 58.797544702980076
                },
                "metadata": {
                    "trials": 1
                }
            },
            {
                "query": {
                    "x1": -0.15849977841302465,
                    "x2": 2.514031476028811
                },
                "metrics": {
                    "outcome": 3.6367701574579194
                },
                "metadata": {
                    "trials": 1
                }
            },
            {
                "query": {
                    "x1": -2.9158551022858177,
                    "x2": -4.0598279491234015
                },
                "metrics": {
                    "outcome": 42366.50868348866
                },
                "metadata": {
                    "trials": 1
                }
            }
        ],
        [
            {
                "query": {
                    "x1": 3.5777981246901938,
                    "x2": -3.148063334637891
                },
                "metrics": {
                    "outcome": 14015.664961878601
                },
                "metadata": {
                    "trials": 1
                }
            },
            {
                "query": {
                    "x1": -1.0997418732317872,
                    "x2": 3.3142385568598023
                },
                "metrics": {
                    "outcome": 1395.755110559293
                },
                "metadata": {
                    "trials": 1
                }
            },
            {
                "query": {
                    "x1": 2.322353528427671,
                    "x2": -1.964936986495573
                },
                "metrics": {
                    "outcome": 407.9580474491804
                },
                "metadata": {
                    "trials": 1
                }
            }
        ],
        [
            {
                "query": {
                    "x1": -3.170039430636474,
                    "x2": 1.867821856315845
                },
                "metrics": {
                    "outcome": 254.25181981415736
                },
                "metadata": {
                    "trials": 1
                }
            },
            {
                "query": {
                    "x1": 2.2451298513208373,
                    "x2": 2.8827613228084745
                },
                "metrics": {
                    "outcome": 3315.0100945856893
                },
                "metadata": {
                    "trials": 1
                }
            },
            {
                "query": {
                    "x1": -2.846462043029306,
                    "x2": -3.409172740801668
                },
                "metrics": {
                    "outcome": 14965.31460869705
                },
                "metadata": {
                    "trials": 1
                }
            }
        ],
        [
            {
                "query": {
                    "x1": -3.170834371605444,
                    "x2": 3.4308405097767114
                },
                "metrics": {
                    "outcome": 16002.035400723289
                },
                "metadata": {
                    "trials": 1
                }
            },
            {
                "query": {
                    "x1": 1.7766725457754884,
                    "x2": 1.94717976136371
                },
                "metrics": {
                    "outcome": 257.13148140353536
                },
                "metadata": {
                    "trials": 1
                }
            },
            {
                "query": {
                    "x1": -1.833470477212995,
                    "x2": 4.4720613058907155
                },
                "metrics": {
                    "outcome": 26533.316314838663
                },
                "metadata": {
                    "trials": 1
                }
            }
        ]
    ]
}