{
    "date": "05/11/2022 12:09:44",
    "basic_params": {
        "active_variables": [
            "x1",
            "x2"
        ],
        "default_query": {},
        "metric": "basic",
        "n_trials": 1
    },
    "objective_function": {
        "name": "Beale",
        "params": {}
    },
    "optimizer": {
        "name": "BBO-LP(LCBa)",
        "params": {
            "lower_bound": [
                -4.5,
                -4.5
            ],
            "upper_bound": [
                4.5,
                4.5
            ],
            "invert_metric": false,
            "bopt_params": {
                "n_init_samples": 12,
                "n_iterations": 23,
                "n_iter_relearn": 5,
                "verbose_level": 0,
                "n_parallel_samples": 6,
                "par_type": "PAR_BBO",
                "crit_name": "cLP(cLCBa)",
                "n_crit_params": 3,
                "crit_params": [
                    6,
                    1,
                    5.0
                ]
            }
        }
    },
    "iterations": [
        [
            {
                "query": {
                    "x1": 1.8594350291532464,
                    "x2": -1.720751084270887
                },
                "metrics": {
                    "outcome": 123.27104904009204
                },
                "metadata": {
                    "trials": 1
                }
            }
        ],
        [
            {
                "query": {
                    "x1": -0.46051234152400866,
                    "x2": 2.5115945376455784
                },
                "metrics": {
                    "outcome": 18.41297183041353
                },
                "metadata": {
                    "trials": 1
                }
            }
        ],
        [
            {
                "query": {
                    "x1": -4.48800480470527,
                    "x2": 3.526376551541034
                },
                "metrics": {
                    "outcome": 38488.44788328646
                },
                "metadata": {
                    "trials": 1
                }
            }
        ],
        [
            {
                "query": {
                    "x1": 2.561773643363267,
                    "x2": 0.7130685449810699
                },
                "metrics": {
                    "outcome": 2.5510028155968385
                },
                "metadata": {
                    "trials": 1
                }
            }
        ],
        [
            {
                "query": {
                    "x1": -0.8325738696148619,
                    "x2": 0.8699403059436008
                },
                "metrics": {
                    "outcome": 17.06607005409513
                },
                "metadata": {
                    "trials": 1
                }
            }
        ],
        [
            {
                "query": {
                    "x1": -3.5514856197405607,
                    "x2": -3.6446223408565857
                },
                "metrics": {
                    "outcome": 33759.8038578906
                },
                "metadata": {
                    "trials": 1
                }
            }
        ],
        [
            {
                "query": {
                    "x1": -2.784913884534035,
                    "x2": -0.30426373664522544
                },
                "metrics": {
                    "outcome": 79.28284383953425
                },
                "metadata": {
                    "trials": 1
                }
            }
        ],
        [
            {
                "query": {
                    "x1": 4.216257092251908,
                    "x2": 4.452534776064567
                },
                "metrics": {
                    "outcome": 144253.34389861533
                },
                "metadata": {
                    "trials": 1
                }
            }
        ],
        [
            {
                "query": {
                    "x1": -1.8296850096085109,
                    "x2": -3.855069657904096
                },
                "metrics": {
                    "outcome": 12584.469312242372
                },
                "metadata": {
                    "trials": 1
                }
            }
        ],
        [
            {
                "query": {
                    "x1": 3.157750177080743,
                    "x2": -1.1121788603486493
                },
                "metrics": {
                    "outcome": 59.49921200184505
                },
                "metadata": {
                    "trials": 1
                }
            }
        ],
        [
            {
                "query": {
                    "x1": 0.17903059761738405,
                    "x2": -2.9857784306514077
                },
                "metrics": {
                    "outcome": 19.445173980542904
                },
                "metadata": {
                    "trials": 1
                }
            }
        ],
        [
            {
                "query": {
                    "x1": 1.4549457568209618,
                    "x2": 2.168510315765161
                },
                "metrics": {
                    "outcome": 324.7717443090708
                },
                "metadata": {
                    "trials": 1
                }
            }
        ],
        [
            {
                "query": {
                    "x1": 4.499841999564294,
                    "x2": 0.553263404100786
                },
                "metrics": {
                    "outcome": 2.25976655323269
                },
                "metadata": {
                    "trials": 1
                }
            },
            {
                "query": {
                    "x1": 4.499774243587842,
                    "x2": 0.5532634513009898
                },
                "metrics": {
                    "outcome": 2.2595273159106917
                },
                "metadata": {
                    "trials": 1
                }
            },
            {
                "query": {
                    "x1": 4.4991039486542235,
                    "x2": 0.5532636736721486
                },
                "metrics": {
                    "outcome": 2.257166772946886
                },
                "metadata": {
                    "trials": 1
                }
            },
            {
                "query": {
                    "x1": 4.499097194262978,
                    "x2": 0.5532633415096129
                },
                "metrics": {
                    "outcome": 2.2571505032200085
                },
                "metadata": {
                    "trials": 1
                }
            },
            {
                "query": {
                    "x1": 4.498420111382886,
                    "x2": 0.5532634512411763
                },
                "metrics": {
                    "outcome": 2.254769899267446
                },
                "metadata": {
                    "trials": 1
                }
            },
            {
                "query": {
                    "x1": 4.499090408012476,
                    "x2": 0.5532636345409587
                },
                "metrics": {
                    "outcome": 2.257120080089368
                },
                "metadata": {
                    "trials": 1
                }
            }
        ],
        [
            {
                "query": {
                    "x1": 4.499842006587222,
                    "x2": 1.3814811997392482
                },
                "metrics": {
                    "outcome": 150.30144763248012
                },
                "metadata": {
                    "trials": 1
                }
            },
            {
                "query": {
                    "x1": 4.499774971488227,
                    "x2": 1.3814797879727
                },
                "metrics": {
                    "outcome": 150.29732940792087
                },
                "metadata": {
                    "trials": 1
                }
            },
            {
                "query": {
                    "x1": 4.49910394981724,
                    "x2": 1.381481537823558
                },
                "metrics": {
                    "outcome": 150.2672446581852
                },
                "metadata": {
                    "trials": 1
                }
            },
            {
                "query": {
                    "x1": 4.498420060605019,
                    "x2": 1.381480052936693
                },
                "metrics": {
                    "outcome": 150.2342950367404
                },
                "metadata": {
                    "trials": 1
                }
            },
            {
                "query": {
                    "x1": 4.499090405153488,
                    "x2": 1.381481537823558
                },
                "metrics": {
                    "outcome": 150.26661265851362
                },
                "metadata": {
                    "trials": 1
                }
            },
            {
                "query": {
                    "x1": 4.499097177370281,
                    "x2": 1.383680040910117
                },
                "metrics": {
                    "outcome": 151.81437147831383
                },
                "metadata": {
                    "trials": 1
                }
            }
        ],
        [
            {
                "query": {
                    "x1": 4.305670078917011,
                    "x2": 0.2972550136003598
                },
                "metrics": {
                    "outcome": 7.591690956774011
                },
                "metadata": {
                    "trials": 1
                }
            },
            {
                "query": {
                    "x1": 4.305613203363011,
                    "x2": 0.2972546814583721
                },
                "metrics": {
                    "outcome": 7.591230045899065
                },
                "metadata": {
                    "trials": 1
                }
            },
            {
                "query": {
                    "x1": 4.305535455293686,
                    "x2": 0.2972546488408421
                },
                "metrics": {
                    "outcome": 7.590589351850762
                },
                "metadata": {
                    "trials": 1
                }
            },
            {
                "query": {
                    "x1": 4.305550788344808,
                    "x2": 0.29725467715885845
                },
                "metrics": {
                    "outcome": 7.590715150362961
                },
                "metadata": {
                    "trials": 1
                }
            },
            {
                "query": {
                    "x1": 3.138801180450174,
                    "x2": 0.2972548374014057
                },
                "metrics": {
                    "outcome": 1.0580696870902913
                },
                "metadata": {
                    "trials": 1
                }
            },
            {
                "query": {
                    "x1": 3.1388159095160226,
                    "x2": 0.29725475844685967
                },
                "metrics": {
                    "outcome": 1.0581136789746972
                },
                "metadata": {
                    "trials": 1
                }
            }
        ],
        [
            {
                "query": {
                    "x1": -4.499775000567329,
                    "x2": 0.33335810084187045
                },
                "metrics": {
                    "outcome": 107.72158888744902
                },
                "metadata": {
                    "trials": 1
                }
            },
            {
                "query": {
                    "x1": -4.499775000567329,
                    "x2": 0.33335810084187045
                },
                "metrics": {
                    "outcome": 107.72158888744902
                },
                "metadata": {
                    "trials": 1
                }
            },
            {
                "query": {
                    "x1": -4.499775000567329,
                    "x2": 0.33335810084187045
                },
                "metrics": {
                    "outcome": 107.72158888744902
                },
                "metadata": {
                    "trials": 1
                }
            },
            {
                "query": {
                    "x1": -4.499775000567329,
                    "x2": 0.33335810084187045
                },
                "metrics": {
                    "outcome": 107.72158888744902
                },
                "metadata": {
                    "trials": 1
                }
            },
            {
                "query": {
                    "x1": -4.499775000567329,
                    "x2": 0.33335810084187045
                },
                "metrics": {
                    "outcome": 107.72158888744902
                },
                "metadata": {
                    "trials": 1
                }
            },
            {
                "query": {
                    "x1": -4.499775000567329,
                    "x2": 0.33335810084187045
                },
                "metrics": {
                    "outcome": 107.72158888744902
                },
                "metadata": {
                    "trials": 1
                }
            }
        ],
        [
            {
                "query": {
                    "x1": -4.499623973815467,
                    "x2": 0.17867645178997105
                },
                "metrics": {
                    "outcome": 121.028805900285
                },
                "metadata": {
                    "trials": 1
                }
            },
            {
                "query": {
                    "x1": -4.499623973815467,
                    "x2": 0.17867645178997105
                },
                "metrics": {
                    "outcome": 121.028805900285
                },
                "metadata": {
                    "trials": 1
                }
            },
            {
                "query": {
                    "x1": -4.499623973815467,
                    "x2": 0.17867645178997105
                },
                "metrics": {
                    "outcome": 121.028805900285
                },
                "metadata": {
                    "trials": 1
                }
            },
            {
                "query": {
                    "x1": -4.499623973815467,
                    "x2": 0.17867645178997105
                },
                "metrics": {
                    "outcome": 121.028805900285
                },
                "metadata": {
                    "trials": 1
                }
            },
            {
                "query": {
                    "x1": -4.499623973815467,
                    "x2": 0.17867645178997105
                },
                "metrics": {
                    "outcome": 121.028805900285
                },
                "metadata": {
                    "trials": 1
                }
            },
            {
                "query": {
                    "x1": -4.499623973815467,
                    "x2": 0.17867645178997105
                },
                "metrics": {
                    "outcome": 121.028805900285
                },
                "metadata": {
                    "trials": 1
                }
            }
        ],
        [
            {
                "query": {
                    "x1": 2.6623199736987804,
                    "x2": -2.669940919419084
                },
                "metrics": {
                    "outcome": 2984.509371019309
                },
                "metadata": {
                    "trials": 1
                }
            },
            {
                "query": {
                    "x1": 2.6623199736987804,
                    "x2": -2.669940919419084
                },
                "metrics": {
                    "outcome": 2984.509371019309
                },
                "metadata": {
                    "trials": 1
                }
            },
            {
                "query": {
                    "x1": 2.6623199736987804,
                    "x2": -2.669940919419084
                },
                "metrics": {
                    "outcome": 2984.509371019309
                },
                "metadata": {
                    "trials": 1
                }
            },
            {
                "query": {
                    "x1": 2.6623199736987804,
                    "x2": -2.669940919419084
                },
                "metrics": {
                    "outcome": 2984.509371019309
                },
                "metadata": {
                    "trials": 1
                }
            },
            {
                "query": {
                    "x1": 2.6623199736987804,
                    "x2": -2.669940919419084
                },
                "metrics": {
                    "outcome": 2984.509371019309
                },
                "metadata": {
                    "trials": 1
                }
            },
            {
                "query": {
                    "x1": 2.6623199736987804,
                    "x2": -2.669940919419084
                },
                "metrics": {
                    "outcome": 2984.509371019309
                },
                "metadata": {
                    "trials": 1
                }
            }
        ],
        [
            {
                "query": {
                    "x1": -0.619110521630204,
                    "x2": -3.0024583609528968
                },
                "metrics": {
                    "outcome": 423.22814014761417
                },
                "metadata": {
                    "trials": 1
                }
            },
            {
                "query": {
                    "x1": -0.619110521630204,
                    "x2": -3.0024583609528968
                },
                "metrics": {
                    "outcome": 423.22814014761417
                },
                "metadata": {
                    "trials": 1
                }
            },
            {
                "query": {
                    "x1": -0.619110521630204,
                    "x2": -3.0024583609528968
                },
                "metrics": {
                    "outcome": 423.22814014761417
                },
                "metadata": {
                    "trials": 1
                }
            },
            {
                "query": {
                    "x1": -0.619110521630204,
                    "x2": -3.0024583609528968
                },
                "metrics": {
                    "outcome": 423.22814014761417
                },
                "metadata": {
                    "trials": 1
                }
            },
            {
                "query": {
                    "x1": -0.619110521630204,
                    "x2": -3.0024583609528968
                },
                "metrics": {
                    "outcome": 423.22814014761417
                },
                "metadata": {
                    "trials": 1
                }
            },
            {
                "query": {
                    "x1": -0.619110521630204,
                    "x2": -3.0024583609528968
                },
                "metrics": {
                    "outcome": 423.22814014761417
                },
                "metadata": {
                    "trials": 1
                }
            }
        ],
        [
            {
                "query": {
                    "x1": 4.480082584250782,
                    "x2": -2.9243243106754147
                },
                "metrics": {
                    "outcome": 14532.001494570151
                },
                "metadata": {
                    "trials": 1
                }
            },
            {
                "query": {
                    "x1": 4.480082584250782,
                    "x2": -2.9243243106754147
                },
                "metrics": {
                    "outcome": 14532.001494570151
                },
                "metadata": {
                    "trials": 1
                }
            },
            {
                "query": {
                    "x1": 4.480082584250782,
                    "x2": -2.9243243106754147
                },
                "metrics": {
                    "outcome": 14532.001494570151
                },
                "metadata": {
                    "trials": 1
                }
            },
            {
                "query": {
                    "x1": 4.480082584250782,
                    "x2": -2.9243243106754147
                },
                "metrics": {
                    "outcome": 14532.001494570151
                },
                "metadata": {
                    "trials": 1
                }
            },
            {
                "query": {
                    "x1": 4.480082584250782,
                    "x2": -2.9243243106754147
                },
                "metrics": {
                    "outcome": 14532.001494570151
                },
                "metadata": {
                    "trials": 1
                }
            },
            {
                "query": {
                    "x1": 4.480082584250782,
                    "x2": -2.9243243106754147
                },
                "metrics": {
                    "outcome": 14532.001494570151
                },
                "metadata": {
                    "trials": 1
                }
            }
        ],
        [
            {
                "query": {
                    "x1": 3.112499999999999,
                    "x2": -2.475
                },
                "metrics": {
                    "outcome": 2691.142905121039
                },
                "metadata": {
                    "trials": 1
                }
            },
            {
                "query": {
                    "x1": 3.112499999999999,
                    "x2": -2.475
                },
                "metrics": {
                    "outcome": 2691.142905121039
                },
                "metadata": {
                    "trials": 1
                }
            },
            {
                "query": {
                    "x1": 3.112499999999999,
                    "x2": -2.475
                },
                "metrics": {
                    "outcome": 2691.142905121039
                },
                "metadata": {
                    "trials": 1
                }
            },
            {
                "query": {
                    "x1": 3.112499999999999,
                    "x2": -2.475
                },
                "metrics": {
                    "outcome": 2691.142905121039
                },
                "metadata": {
                    "trials": 1
                }
            },
            {
                "query": {
                    "x1": 3.112499999999999,
                    "x2": -2.475
                },
                "metrics": {
                    "outcome": 2691.142905121039
                },
                "metadata": {
                    "trials": 1
                }
            },
            {
                "query": {
                    "x1": 3.112499999999999,
                    "x2": -2.475
                },
                "metrics": {
                    "outcome": 2691.142905121039
                },
                "metadata": {
                    "trials": 1
                }
            }
        ],
        [
            {
                "query": {
                    "x1": 3.0344049166991534,
                    "x2": 0.3008962774994677
                },
                "metrics": {
                    "outcome": 0.7526194503934521
                },
                "metadata": {
                    "trials": 1
                }
            },
            {
                "query": {
                    "x1": 3.0372673152899523,
                    "x2": 0.3009038173056151
                },
                "metrics": {
                    "outcome": 0.7595512235095095
                },
                "metadata": {
                    "trials": 1
                }
            },
            {
                "query": {
                    "x1": 3.0392665104297407,
                    "x2": 0.3009091377897386
                },
                "metrics": {
                    "outcome": 0.7644139667860792
                },
                "metadata": {
                    "trials": 1
                }
            },
            {
                "query": {
                    "x1": 3.057381670927615,
                    "x2": 0.300957084603783
                },
                "metrics": {
                    "outcome": 0.809291408749072
                },
                "metadata": {
                    "trials": 1
                }
            },
            {
                "query": {
                    "x1": 3.017275897827485,
                    "x2": 0.30085087940682875
                },
                "metrics": {
                    "outcome": 0.7119049379377349
                },
                "metadata": {
                    "trials": 1
                }
            },
            {
                "query": {
                    "x1": 3.0402073341329903,
                    "x2": 0.30091160624539803
                },
                "metrics": {
                    "outcome": 0.7667087748720041
                },
                "metadata": {
                    "trials": 1
                }
            }
        ],
        [
            {
                "query": {
                    "x1": 4.236577836039215,
                    "x2": 0.8935979465601855
                },
                "metrics": {
                    "outcome": 5.042984083382975
                },
                "metadata": {
                    "trials": 1
                }
            },
            {
                "query": {
                    "x1": 4.236581097477483,
                    "x2": 0.8935978468328072
                },
                "metrics": {
                    "outcome": 5.042973030175128
                },
                "metadata": {
                    "trials": 1
                }
            },
            {
                "query": {
                    "x1": 4.236574207057025,
                    "x2": 0.8935980285619873
                },
                "metrics": {
                    "outcome": 5.0429946824408445
                },
                "metadata": {
                    "trials": 1
                }
            },
            {
                "query": {
                    "x1": 4.236586130938562,
                    "x2": 0.8935970776184785
                },
                "metrics": {
                    "outcome": 5.042919862237705
                },
                "metadata": {
                    "trials": 1
                }
            },
            {
                "query": {
                    "x1": 4.236583573273517,
                    "x2": 0.8935980618509065
                },
                "metrics": {
                    "outcome": 5.042981700767514
                },
                "metadata": {
                    "trials": 1
                }
            },
            {
                "query": {
                    "x1": 4.2365708412494385,
                    "x2": 0.8935980977505809
                },
                "metrics": {
                    "outcome": 5.043004109896286
                },
                "metadata": {
                    "trials": 1
                }
            }
        ],
        [
            {
                "query": {
                    "x1": 2.2458280640270365,
                    "x2": -0.02597652061087441
                },
                "metrics": {
                    "outcome": 0.7904581955559157
                },
                "metadata": {
                    "trials": 1
                }
            },
            {
                "query": {
                    "x1": 2.24580219427045,
                    "x2": -0.025973519312273652
                },
                "metrics": {
                    "outcome": 0.7904245861868429
                },
                "metadata": {
                    "trials": 1
                }
            },
            {
                "query": {
                    "x1": 2.245854985199748,
                    "x2": -0.02597967365167886
                },
                "metrics": {
                    "outcome": 0.7904932837607941
                },
                "metadata": {
                    "trials": 1
                }
            },
            {
                "query": {
                    "x1": 2.24588058550977,
                    "x2": -0.025982594949670812
                },
                "metrics": {
                    "outcome": 0.7905263773890527
                },
                "metadata": {
                    "trials": 1
                }
            },
            {
                "query": {
                    "x1": 2.2457765020112195,
                    "x2": -0.02597010767581054
                },
                "metrics": {
                    "outcome": 0.7903896570045144
                },
                "metadata": {
                    "trials": 1
                }
            },
            {
                "query": {
                    "x1": 2.2457510836392895,
                    "x2": -0.02596744933841766
                },
                "metrics": {
                    "outcome": 0.7903576929519165
                },
                "metadata": {
                    "trials": 1
                }
            }
        ],
        [
            {
                "query": {
                    "x1": 1.6438026041658995,
                    "x2": 0.21893131109202724
                },
                "metrics": {
                    "outcome": 1.5127916497443152
                },
                "metadata": {
                    "trials": 1
                }
            },
            {
                "query": {
                    "x1": 1.6437820946569914,
                    "x2": 0.218932609980242
                },
                "metrics": {
                    "outcome": 1.5128686665306053
                },
                "metadata": {
                    "trials": 1
                }
            },
            {
                "query": {
                    "x1": 1.6438286134478748,
                    "x2": 0.21892931045306963
                },
                "metrics": {
                    "outcome": 1.512693217262981
                },
                "metadata": {
                    "trials": 1
                }
            },
            {
                "query": {
                    "x1": 1.6437618607289117,
                    "x2": 0.21893394417476397
                },
                "metrics": {
                    "outcome": 1.5129447651198213
                },
                "metadata": {
                    "trials": 1
                }
            },
            {
                "query": {
                    "x1": 1.6438488311354975,
                    "x2": 0.21892873094958887
                },
                "metrics": {
                    "outcome": 1.5126188211760905
                },
                "metadata": {
                    "trials": 1
                }
            },
            {
                "query": {
                    "x1": 1.6437934925370818,
                    "x2": 0.2189489924325434
                },
                "metrics": {
                    "outcome": 1.5128629575148986
                },
                "metadata": {
                    "trials": 1
                }
            }
        ],
        [
            {
                "query": {
                    "x1": 3.392275592837837,
                    "x2": -0.18855737433548558
                },
                "metrics": {
                    "outcome": 8.078520097212952
                },
                "metadata": {
                    "trials": 1
                }
            },
            {
                "query": {
                    "x1": 3.3923091098521763,
                    "x2": -0.18855856121562908
                },
                "metrics": {
                    "outcome": 8.078859157336188
                },
                "metadata": {
                    "trials": 1
                }
            },
            {
                "query": {
                    "x1": 3.392243464461215,
                    "x2": -0.18855576609760671
                },
                "metrics": {
                    "outcome": 8.078187970941023
                },
                "metadata": {
                    "trials": 1
                }
            },
            {
                "query": {
                    "x1": 3.3922153875006824,
                    "x2": -0.18855526765906294
                },
                "metrics": {
                    "outcome": 8.077911460055969
                },
                "metadata": {
                    "trials": 1
                }
            },
            {
                "query": {
                    "x1": 3.3921874382046466,
                    "x2": -0.18855388986057697
                },
                "metrics": {
                    "outcome": 8.077622868950197
                },
                "metadata": {
                    "trials": 1
                }
            },
            {
                "query": {
                    "x1": 3.3921588816957593,
                    "x2": -0.18855342105573847
                },
                "metrics": {
                    "outcome": 8.077342224335894
                },
                "metadata": {
                    "trials": 1
                }
            }
        ],
        [
            {
                "query": {
                    "x1": 3.0846018318971176,
                    "x2": 0.5231140385358861
                },
                "metrics": {
                    "outcome": 0.0012565102434316283
                },
                "metadata": {
                    "trials": 1
                }
            },
            {
                "query": {
                    "x1": 3.0846217103549156,
                    "x2": 0.5231157143330503
                },
                "metrics": {
                    "outcome": 0.0012565505678598494
                },
                "metadata": {
                    "trials": 1
                }
            },
            {
                "query": {
                    "x1": 3.0845767087298075,
                    "x2": 0.5231121819106965
                },
                "metrics": {
                    "outcome": 0.0012564989681074622
                },
                "metadata": {
                    "trials": 1
                }
            },
            {
                "query": {
                    "x1": 3.084561802028319,
                    "x2": 0.5231103097575023
                },
                "metrics": {
                    "outcome": 0.0012563778506391153
                },
                "metadata": {
                    "trials": 1
                }
            },
            {
                "query": {
                    "x1": 3.084547557059544,
                    "x2": 0.5231084721504509
                },
                "metrics": {
                    "outcome": 0.0012562550357127348
                },
                "metadata": {
                    "trials": 1
                }
            },
            {
                "query": {
                    "x1": 3.084531544692159,
                    "x2": 0.52310696066536
                },
                "metrics": {
                    "outcome": 0.0012561998650824349
                },
                "metadata": {
                    "trials": 1
                }
            }
        ],
        [
            {
                "query": {
                    "x1": 2.2528291530511604,
                    "x2": 0.4612947878487388
                },
                "metrics": {
                    "outcome": 0.6611409083054712
                },
                "metadata": {
                    "trials": 1
                }
            },
            {
                "query": {
                    "x1": 2.2528102663789893,
                    "x2": 0.4612947281955302
                },
                "metrics": {
                    "outcome": 0.6611808216165973
                },
                "metadata": {
                    "trials": 1
                }
            },
            {
                "query": {
                    "x1": 2.252847098003711,
                    "x2": 0.46129464915217344
                },
                "metrics": {
                    "outcome": 0.6611020137240977
                },
                "metadata": {
                    "trials": 1
                }
            },
            {
                "query": {
                    "x1": 2.2527924110854256,
                    "x2": 0.46129515870264637
                },
                "metrics": {
                    "outcome": 0.6612209802929816
                },
                "metadata": {
                    "trials": 1
                }
            },
            {
                "query": {
                    "x1": 2.252864903019348,
                    "x2": 0.4612945162655677
                },
                "metrics": {
                    "outcome": 0.6610634471112241
                },
                "metadata": {
                    "trials": 1
                }
            },
            {
                "query": {
                    "x1": 2.252774779623471,
                    "x2": 0.46129518881717146
                },
                "metrics": {
                    "outcome": 0.661258670332121
                },
                "metadata": {
                    "trials": 1
                }
            }
        ],
        [
            {
                "query": {
                    "x1": 2.3681816670357563,
                    "x2": 0.12605572237210083
                },
                "metrics": {
                    "outcome": 0.39941426950880077
                },
                "metadata": {
                    "trials": 1
                }
            },
            {
                "query": {
                    "x1": 2.3681944710386293,
                    "x2": 0.12605601256898247
                },
                "metrics": {
                    "outcome": 0.39942157043637755
                },
                "metadata": {
                    "trials": 1
                }
            },
            {
                "query": {
                    "x1": 2.3682069314814607,
                    "x2": 0.12605595832447047
                },
                "metrics": {
                    "outcome": 0.39942959716278886
                },
                "metadata": {
                    "trials": 1
                }
            },
            {
                "query": {
                    "x1": 2.3682191871157903,
                    "x2": 0.12605665517847076
                },
                "metrics": {
                    "outcome": 0.3994354406120569
                },
                "metadata": {
                    "trials": 1
                }
            },
            {
                "query": {
                    "x1": 2.368169116623548,
                    "x2": 0.12605563033116418
                },
                "metrics": {
                    "outcome": 0.39940658773360294
                },
                "metadata": {
                    "trials": 1
                }
            },
            {
                "query": {
                    "x1": 2.368156710611478,
                    "x2": 0.12605538787483983
                },
                "metrics": {
                    "outcome": 0.39939940946548624
                },
                "metadata": {
                    "trials": 1
                }
            }
        ],
        [
            {
                "query": {
                    "x1": 1.495048209818699,
                    "x2": -0.028346636388913993
                },
                "metrics": {
                    "outcome": 1.8498824562409877
                },
                "metadata": {
                    "trials": 1
                }
            },
            {
                "query": {
                    "x1": 1.4950279100280737,
                    "x2": -0.028349338894229525
                },
                "metrics": {
                    "outcome": 1.8499580716457231
                },
                "metadata": {
                    "trials": 1
                }
            },
            {
                "query": {
                    "x1": 1.4950079426990985,
                    "x2": -0.028352015037658163
                },
                "metrics": {
                    "outcome": 1.850032454991311
                },
                "metadata": {
                    "trials": 1
                }
            },
            {
                "query": {
                    "x1": 1.4950690188511695,
                    "x2": -0.028344418754391754
                },
                "metrics": {
                    "outcome": 1.8498050744867296
                },
                "metadata": {
                    "trials": 1
                }
            },
            {
                "query": {
                    "x1": 1.4950890585384,
                    "x2": -0.028341112295712456
                },
                "metrics": {
                    "outcome": 1.849730284271875
                },
                "metadata": {
                    "trials": 1
                }
            },
            {
                "query": {
                    "x1": 1.4951097031814138,
                    "x2": -0.02834070198867522
                },
                "metrics": {
                    "outcome": 1.8496539338290559
                },
                "metadata": {
                    "trials": 1
                }
            }
        ],
        [
            {
                "query": {
                    "x1": 3.570466166543236,
                    "x2": 0.6117643620597573
                },
                "metrics": {
                    "outcome": 0.029584468987776783
                },
                "metadata": {
                    "trials": 1
                }
            },
            {
                "query": {
                    "x1": 3.5704501834300704,
                    "x2": 0.6117646439224895
                },
                "metrics": {
                    "outcome": 0.029583022199234026
                },
                "metadata": {
                    "trials": 1
                }
            },
            {
                "query": {
                    "x1": 3.5704806843144734,
                    "x2": 0.6117643495615956
                },
                "metrics": {
                    "outcome": 0.029585765360671187
                },
                "metadata": {
                    "trials": 1
                }
            },
            {
                "query": {
                    "x1": 3.5704953447300483,
                    "x2": 0.6117638712937685
                },
                "metrics": {
                    "outcome": 0.02958711024149593
                },
                "metadata": {
                    "trials": 1
                }
            },
            {
                "query": {
                    "x1": 3.5704358747617757,
                    "x2": 0.6117644227541978
                },
                "metrics": {
                    "outcome": 0.029581763033389316
                },
                "metadata": {
                    "trials": 1
                }
            },
            {
                "query": {
                    "x1": 3.570509620051247,
                    "x2": 0.6117642596769288
                },
                "metrics": {
                    "outcome": 0.029588355574193023
                },
                "metadata": {
                    "trials": 1
                }
            }
        ],
        [
            {
                "query": {
                    "x1": 3.5538913875468463,
                    "x2": 0.5250774470125625
                },
                "metrics": {
                    "outcome": 0.31202426228545443
                },
                "metadata": {
                    "trials": 1
                }
            },
            {
                "query": {
                    "x1": 3.5538817696876084,
                    "x2": 0.5250767878127318
                },
                "metrics": {
                    "outcome": 0.3120152947408399
                },
                "metadata": {
                    "trials": 1
                }
            },
            {
                "query": {
                    "x1": 3.553901255124998,
                    "x2": 0.5250779629537465
                },
                "metrics": {
                    "outcome": 0.3120344555311236
                },
                "metadata": {
                    "trials": 1
                }
            },
            {
                "query": {
                    "x1": 3.5539106907165703,
                    "x2": 0.5250787180297456
                },
                "metrics": {
                    "outcome": 0.3120425825058821
                },
                "metadata": {
                    "trials": 1
                }
            },
            {
                "query": {
                    "x1": 3.5539201196107335,
                    "x2": 0.5250792779906082
                },
                "metrics": {
                    "outcome": 0.31205190832912416
                },
                "metadata": {
                    "trials": 1
                }
            },
            {
                "query": {
                    "x1": 3.553929441727151,
                    "x2": 0.5250791923096658
                },
                "metrics": {
                    "outcome": 0.31206508633523433
                },
                "metadata": {
                    "trials": 1
                }
            }
        ],
        [
            {
                "query": {
                    "x1": 2.3090475414805294,
                    "x2": 0.3155513072258671
                },
                "metrics": {
                    "outcome": 0.1865996639573508
                },
                "metadata": {
                    "trials": 1
                }
            },
            {
                "query": {
                    "x1": 2.3090366342673496,
                    "x2": 0.31554917779708536
                },
                "metrics": {
                    "outcome": 0.18660861746052654
                },
                "metadata": {
                    "trials": 1
                }
            },
            {
                "query": {
                    "x1": 2.3090258201209046,
                    "x2": 0.31555060889991804
                },
                "metrics": {
                    "outcome": 0.1866198421516779
                },
                "metadata": {
                    "trials": 1
                }
            },
            {
                "query": {
                    "x1": 2.309058067918718,
                    "x2": 0.3155525970928821
                },
                "metrics": {
                    "outcome": 0.18659051635458576
                },
                "metadata": {
                    "trials": 1
                }
            },
            {
                "query": {
                    "x1": 2.3090718469009186,
                    "x2": 0.31555301934133073
                },
                "metrics": {
                    "outcome": 0.18657770403069684
                },
                "metadata": {
                    "trials": 1
                }
            },
            {
                "query": {
                    "x1": 2.3090163159640076,
                    "x2": 0.31554645090318534
                },
                "metrics": {
                    "outcome": 0.18662611872633741
                },
                "metadata": {
                    "trials": 1
                }
            }
        ],
        [
            {
                "query": {
                    "x1": 2.7451201437653827,
                    "x2": 0.41881703637223033
                },
                "metrics": {
                    "outcome": 0.015939363614223757
                },
                "metadata": {
                    "trials": 1
                }
            },
            {
                "query": {
                    "x1": 2.745111773883578,
                    "x2": 0.41881646421228336
                },
                "metrics": {
                    "outcome": 0.015939713130044858
                },
                "metadata": {
                    "trials": 1
                }
            },
            {
                "query": {
                    "x1": 2.74512859551632,
                    "x2": 0.4188177741559507
                },
                "metrics": {
                    "outcome": 0.01593895470861422
                },
                "metadata": {
                    "trials": 1
                }
            },
            {
                "query": {
                    "x1": 2.745136976393737,
                    "x2": 0.4188185230558341
                },
                "metrics": {
                    "outcome": 0.015938543320126786
                },
                "metadata": {
                    "trials": 1
                }
            },
            {
                "query": {
                    "x1": 2.7451452140738297,
                    "x2": 0.418819228681083
                },
                "metrics": {
                    "outcome": 0.015938149813028605
                },
                "metadata": {
                    "trials": 1
                }
            },
            {
                "query": {
                    "x1": 2.7451032416224397,
                    "x2": 0.4188155996872611
                },
                "metrics": {
                    "outcome": 0.015940168252881234
                },
                "metadata": {
                    "trials": 1
                }
            }
        ],
        [
            {
                "query": {
                    "x1": 1.9798180053959467,
                    "x2": 0.06578894172564276
                },
                "metrics": {
                    "outcome": 0.6168873880802389
                },
                "metadata": {
                    "trials": 1
                }
            },
            {
                "query": {
                    "x1": 1.9798284278335148,
                    "x2": 0.06578877410951822
                },
                "metrics": {
                    "outcome": 0.6168751557770119
                },
                "metadata": {
                    "trials": 1
                }
            },
            {
                "query": {
                    "x1": 1.9798075216224307,
                    "x2": 0.06578913203876802
                },
                "metrics": {
                    "outcome": 0.6168996668396071
                },
                "metadata": {
                    "trials": 1
                }
            },
            {
                "query": {
                    "x1": 1.9797972220336728,
                    "x2": 0.06578926848107969
                },
                "metrics": {
                    "outcome": 0.6169117914282578
                },
                "metadata": {
                    "trials": 1
                }
            },
            {
                "query": {
                    "x1": 1.9797870214917817,
                    "x2": 0.06578942120897135
                },
                "metrics": {
                    "outcome": 0.6169237788169586
                },
                "metadata": {
                    "trials": 1
                }
            },
            {
                "query": {
                    "x1": 1.9798387654106193,
                    "x2": 0.06578829216445214
                },
                "metrics": {
                    "outcome": 0.6168634043776202
                },
                "metadata": {
                    "trials": 1
                }
            }
        ]
    ],
    "best_results": [
        {
            "query": {
                "x1": 3.084531544692159,
                "x2": 0.52310696066536
            },
            "metrics": [
                {
                    "name": "outcome",
                    "value": 0.0012561998650824349
                }
            ]
        }
    ]
}