{
    "date": "04/11/2022 16:45:34",
    "basic_params": {
        "active_variables": [
            "x1",
            "x2"
        ],
        "default_query": {},
        "metric": "basic",
        "n_trials": 1
    },
    "objective_function": {
        "name": "Beale",
        "params": {}
    },
    "optimizer": {
        "name": "BO",
        "params": {
            "lower_bound": [
                -4.5,
                -4.5
            ],
            "upper_bound": [
                4.5,
                4.5
            ],
            "invert_metric": false,
            "bopt_params": {
                "n_iterations": 140,
                "n_init_samples": 10
            }
        }
    },
    "iterations": [
        [
            {
                "query": {
                    "x1": 1.824097792664543,
                    "x2": -1.3169460765318948
                },
                "metrics": {
                    "outcome": 31.643570815659437
                },
                "metadata": {
                    "trials": 1
                }
            }
        ],
        [
            {
                "query": {
                    "x1": -4.030582565045916,
                    "x2": -4.032992459647358
                },
                "metrics": {
                    "outcome": 77455.74952656137
                },
                "metadata": {
                    "trials": 1
                }
            }
        ],
        [
            {
                "query": {
                    "x1": 0.2566113866167141,
                    "x2": 1.8250574646284798
                },
                "metrics": {
                    "outcome": 26.473462392498902
                },
                "metadata": {
                    "trials": 1
                }
            }
        ],
        [
            {
                "query": {
                    "x1": -2.207087052986026,
                    "x2": 0.004802922508679863
                },
                "metrics": {
                    "outcome": 56.87824714790305
                },
                "metadata": {
                    "trials": 1
                }
            }
        ],
        [
            {
                "query": {
                    "x1": 3.521178856375627,
                    "x2": -2.7545686021680016
                },
                "metrics": {
                    "outcome": 6333.833569912169
                },
                "metadata": {
                    "trials": 1
                }
            }
        ],
        [
            {
                "query": {
                    "x1": 3.63916410917882,
                    "x2": 1.348782533383928
                },
                "metrics": {
                    "outcome": 97.68756657803003
                },
                "metadata": {
                    "trials": 1
                }
            }
        ],
        [
            {
                "query": {
                    "x1": -0.6547734507126735,
                    "x2": 4.155812992458232
                },
                "metrics": {
                    "outcome": 1982.033528516536
                },
                "metadata": {
                    "trials": 1
                }
            }
        ],
        [
            {
                "query": {
                    "x1": -1.427703878679313,
                    "x2": 2.9993152474751694
                },
                "metrics": {
                    "outcome": 1273.951573897847
                },
                "metadata": {
                    "trials": 1
                }
            }
        ],
        [
            {
                "query": {
                    "x1": -3.147393082058988,
                    "x2": -0.15278518097475224
                },
                "metrics": {
                    "outcome": 88.09352519219688
                },
                "metadata": {
                    "trials": 1
                }
            }
        ],
        [
            {
                "query": {
                    "x1": 1.4060229120310401,
                    "x2": -1.8035607139812782
                },
                "metrics": {
                    "outcome": 84.7291765146577
                },
                "metadata": {
                    "trials": 1
                }
            }
        ],
        [
            {
                "query": {
                    "x1": 0.1610429666134241,
                    "x2": 1.7262607263824385
                },
                "metrics": {
                    "outcome": 20.05348161127303
                },
                "metadata": {
                    "trials": 1
                }
            }
        ],
        [
            {
                "query": {
                    "x1": 0.05426806057739242,
                    "x2": 1.735150521185667
                },
                "metrics": {
                    "outcome": 16.083371386991175
                },
                "metadata": {
                    "trials": 1
                }
            }
        ],
        [
            {
                "query": {
                    "x1": -0.05230886301555415,
                    "x2": 1.7549605415748912
                },
                "metrics": {
                    "outcome": 12.451829523573451
                },
                "metadata": {
                    "trials": 1
                }
            }
        ],
        [
            {
                "query": {
                    "x1": -0.1589659879705847,
                    "x2": 1.7446946450381784
                },
                "metrics": {
                    "outcome": 9.377366390643001
                },
                "metadata": {
                    "trials": 1
                }
            }
        ],
        [
            {
                "query": {
                    "x1": -0.25922111948143645,
                    "x2": 1.750167652682891
                },
                "metrics": {
                    "outcome": 6.880067854440161
                },
                "metadata": {
                    "trials": 1
                }
            }
        ],
        [
            {
                "query": {
                    "x1": -0.3564829046056355,
                    "x2": 1.7423960614901137
                },
                "metrics": {
                    "outcome": 5.050010774406209
                },
                "metadata": {
                    "trials": 1
                }
            }
        ],
        [
            {
                "query": {
                    "x1": -0.4518997403014513,
                    "x2": 1.756155196496712
                },
                "metrics": {
                    "outcome": 3.4491294914490838
                },
                "metadata": {
                    "trials": 1
                }
            }
        ],
        [
            {
                "query": {
                    "x1": -0.5488477282556445,
                    "x2": 1.7426855103895527
                },
                "metrics": {
                    "outcome": 2.5471805682544284
                },
                "metadata": {
                    "trials": 1
                }
            }
        ],
        [
            {
                "query": {
                    "x1": -0.6546158368704114,
                    "x2": 1.7569162232853968
                },
                "metrics": {
                    "outcome": 1.8636152790858909
                },
                "metadata": {
                    "trials": 1
                }
            }
        ],
        [
            {
                "query": {
                    "x1": -0.743761851043935,
                    "x2": 1.748964500900005
                },
                "metrics": {
                    "outcome": 1.7780854189861584
                },
                "metadata": {
                    "trials": 1
                }
            }
        ],
        [
            {
                "query": {
                    "x1": -0.7335926188922417,
                    "x2": 1.7527286080884936
                },
                "metrics": {
                    "outcome": 1.7809477216666112
                },
                "metadata": {
                    "trials": 1
                }
            }
        ],
        [
            {
                "query": {
                    "x1": -0.7297481381705988,
                    "x2": 1.7522198100432513
                },
                "metrics": {
                    "outcome": 1.7771897296024382
                },
                "metadata": {
                    "trials": 1
                }
            }
        ],
        [
            {
                "query": {
                    "x1": -0.7290607058994758,
                    "x2": 1.752071258755521
                },
                "metrics": {
                    "outcome": 1.7764855789113065
                },
                "metadata": {
                    "trials": 1
                }
            }
        ],
        [
            {
                "query": {
                    "x1": -0.7277083783549858,
                    "x2": 1.7521029268199753
                },
                "metrics": {
                    "outcome": 1.775971656882722
                },
                "metadata": {
                    "trials": 1
                }
            }
        ],
        [
            {
                "query": {
                    "x1": -0.7277020237577134,
                    "x2": 1.752071300251771
                },
                "metrics": {
                    "outcome": 1.7758949725487154
                },
                "metadata": {
                    "trials": 1
                }
            }
        ],
        [
            {
                "query": {
                    "x1": -0.7283112002477319,
                    "x2": 1.7520281459955473
                },
                "metrics": {
                    "outcome": 1.7760459701683609
                },
                "metadata": {
                    "trials": 1
                }
            }
        ],
        [
            {
                "query": {
                    "x1": -0.7266442842592093,
                    "x2": 1.7520541192568189
                },
                "metrics": {
                    "outcome": 1.7754576176803105
                },
                "metadata": {
                    "trials": 1
                }
            }
        ],
        [
            {
                "query": {
                    "x1": -0.7269900358882166,
                    "x2": 1.7520748934590076
                },
                "metrics": {
                    "outcome": 1.7756290643967965
                },
                "metadata": {
                    "trials": 1
                }
            }
        ],
        [
            {
                "query": {
                    "x1": -0.7264596157752523,
                    "x2": 1.7520365949896366
                },
                "metrics": {
                    "outcome": 1.7753544058089892
                },
                "metadata": {
                    "trials": 1
                }
            }
        ],
        [
            {
                "query": {
                    "x1": 4.5,
                    "x2": 0.33333333333333304
                },
                "metrics": {
                    "outcome": 8.230902777777786
                },
                "metadata": {
                    "trials": 1
                }
            }
        ],
        [
            {
                "query": {
                    "x1": 2.443547234404832,
                    "x2": -0.5580842541530728
                },
                "metrics": {
                    "outcome": 5.7046746421710495
                },
                "metadata": {
                    "trials": 1
                }
            }
        ],
        [
            {
                "query": {
                    "x1": 4.5,
                    "x2": -0.3368501840432927
                },
                "metrics": {
                    "outcome": 27.608373645011042
                },
                "metadata": {
                    "trials": 1
                }
            }
        ],
        [
            {
                "query": {
                    "x1": -2.25,
                    "x2": 0.7750000000000004
                },
                "metrics": {
                    "outcome": 28.589663936782813
                },
                "metadata": {
                    "trials": 1
                }
            }
        ],
        [
            {
                "query": {
                    "x1": -0.7262572186820773,
                    "x2": 1.752069349129176
                },
                "metrics": {
                    "outcome": 1.775359753262679
                },
                "metadata": {
                    "trials": 1
                }
            }
        ],
        [
            {
                "query": {
                    "x1": -0.7261148431336562,
                    "x2": 1.7520595393419622
                },
                "metrics": {
                    "outcome": 1.7752910684428316
                },
                "metadata": {
                    "trials": 1
                }
            }
        ],
        [
            {
                "query": {
                    "x1": 2.409099025766973,
                    "x2": 0.4924323591003059
                },
                "metrics": {
                    "outcome": 0.5111292811780108
                },
                "metadata": {
                    "trials": 1
                }
            }
        ],
        [
            {
                "query": {
                    "x1": 2.265219881008832,
                    "x2": 0.4640016242612752
                },
                "metrics": {
                    "outcome": 0.6484220256709257
                },
                "metadata": {
                    "trials": 1
                }
            }
        ],
        [
            {
                "query": {
                    "x1": 2.502278328563004,
                    "x2": 0.48895773681877763
                },
                "metrics": {
                    "outcome": 0.3410571786914811
                },
                "metadata": {
                    "trials": 1
                }
            }
        ],
        [
            {
                "query": {
                    "x1": 2.774793058396426,
                    "x2": -1.604953763579699
                },
                "metrics": {
                    "outcome": 211.72613770056446
                },
                "metadata": {
                    "trials": 1
                }
            }
        ],
        [
            {
                "query": {
                    "x1": -2.746802746870759,
                    "x2": -1.382342350589675
                },
                "metrics": {
                    "outcome": 224.21832170965567
                },
                "metadata": {
                    "trials": 1
                }
            }
        ],
        [
            {
                "query": {
                    "x1": 2.3749883592168324,
                    "x2": -0.9860919677466216
                },
                "metrics": {
                    "outcome": 19.230085433449297
                },
                "metadata": {
                    "trials": 1
                }
            }
        ],
        [
            {
                "query": {
                    "x1": 2.6018923325875924,
                    "x2": 0.47197382532840315
                },
                "metrics": {
                    "outcome": 0.1557664326363144
                },
                "metadata": {
                    "trials": 1
                }
            }
        ],
        [
            {
                "query": {
                    "x1": 2.706110660883285,
                    "x2": 0.4724442113955485
                },
                "metrics": {
                    "outcome": 0.06883235382299159
                },
                "metadata": {
                    "trials": 1
                }
            }
        ],
        [
            {
                "query": {
                    "x1": 2.798262124456264,
                    "x2": 0.4738668312072658
                },
                "metrics": {
                    "outcome": 0.022681697418115362
                },
                "metadata": {
                    "trials": 1
                }
            }
        ],
        [
            {
                "query": {
                    "x1": 2.889171187079188,
                    "x2": 0.4748363037450378
                },
                "metrics": {
                    "outcome": 0.002487126495646816
                },
                "metadata": {
                    "trials": 1
                }
            }
        ],
        [
            {
                "query": {
                    "x1": 2.9202244478000603,
                    "x2": 0.47501583701723327
                },
                "metrics": {
                    "outcome": 0.0015374019434798662
                },
                "metadata": {
                    "trials": 1
                }
            }
        ],
        [
            {
                "query": {
                    "x1": 2.917158144296833,
                    "x2": 0.47499458020372476
                },
                "metrics": {
                    "outcome": 0.0014935187425566092
                },
                "metadata": {
                    "trials": 1
                }
            }
        ],
        [
            {
                "query": {
                    "x1": 2.91797761168632,
                    "x2": 0.4750032510683173
                },
                "metrics": {
                    "outcome": 0.0015018219858255297
                },
                "metadata": {
                    "trials": 1
                }
            }
        ],
        [
            {
                "query": {
                    "x1": 2.9192507372787437,
                    "x2": 0.47496968686408536
                },
                "metrics": {
                    "outcome": 0.0015271468842819177
                },
                "metadata": {
                    "trials": 1
                }
            }
        ],
        [
            {
                "query": {
                    "x1": 2.9173647896365633,
                    "x2": 0.4749628187014068
                },
                "metrics": {
                    "outcome": 0.0015007032596857967
                },
                "metadata": {
                    "trials": 1
                }
            }
        ],
        [
            {
                "query": {
                    "x1": 2.913997016810252,
                    "x2": 0.4749188169026901
                },
                "metrics": {
                    "outcome": 0.0014862102179713723
                },
                "metadata": {
                    "trials": 1
                }
            }
        ],
        [
            {
                "query": {
                    "x1": -2.596767357783392,
                    "x2": 2.5203963678795844
                },
                "metrics": {
                    "outcome": 1463.2993652411205
                },
                "metadata": {
                    "trials": 1
                }
            }
        ],
        [
            {
                "query": {
                    "x1": 2.914228006541503,
                    "x2": 0.47506835415720783
                },
                "metrics": {
                    "outcome": 0.0014683806692023901
                },
                "metadata": {
                    "trials": 1
                }
            }
        ],
        [
            {
                "query": {
                    "x1": 2.9185732407545473,
                    "x2": 0.47482831541835857
                },
                "metrics": {
                    "outcome": 0.0015402443271366046
                },
                "metadata": {
                    "trials": 1
                }
            }
        ],
        [
            {
                "query": {
                    "x1": 2.91742368395553,
                    "x2": 0.47492472255610174
                },
                "metrics": {
                    "outcome": 0.0015074012691210059
                },
                "metadata": {
                    "trials": 1
                }
            }
        ],
        [
            {
                "query": {
                    "x1": 2.9234003089218277,
                    "x2": 0.47501124418263707
                },
                "metrics": {
                    "outcome": 0.0016203764826012276
                },
                "metadata": {
                    "trials": 1
                }
            }
        ],
        [
            {
                "query": {
                    "x1": 2.9167093274391265,
                    "x2": 0.47490700442416234
                },
                "metrics": {
                    "outcome": 0.0015022720040667652
                },
                "metadata": {
                    "trials": 1
                }
            }
        ],
        [
            {
                "query": {
                    "x1": 2.9166431650975024,
                    "x2": 0.47490136868144717
                },
                "metrics": {
                    "outcome": 0.0015024730443140872
                },
                "metadata": {
                    "trials": 1
                }
            }
        ],
        [
            {
                "query": {
                    "x1": 2.920329289750093,
                    "x2": 0.47472246621005
                },
                "metrics": {
                    "outcome": 0.0015960989419407838
                },
                "metadata": {
                    "trials": 1
                }
            }
        ],
        [
            {
                "query": {
                    "x1": 2.9237580083611174,
                    "x2": 0.4750459650783654
                },
                "metrics": {
                    "outcome": 0.001623967141933142
                },
                "metadata": {
                    "trials": 1
                }
            }
        ],
        [
            {
                "query": {
                    "x1": 2.9168638934604916,
                    "x2": 0.4750485941825957
                },
                "metrics": {
                    "outcome": 0.001482555109066406
                },
                "metadata": {
                    "trials": 1
                }
            }
        ],
        [
            {
                "query": {
                    "x1": 2.9142327339128613,
                    "x2": 0.47497758535417844
                },
                "metrics": {
                    "outcome": 0.0014792554575597202
                },
                "metadata": {
                    "trials": 1
                }
            }
        ],
        [
            {
                "query": {
                    "x1": 2.912457205526243,
                    "x2": 0.47492376524701196
                },
                "metrics": {
                    "outcome": 0.0014885411506497742
                },
                "metadata": {
                    "trials": 1
                }
            }
        ],
        [
            {
                "query": {
                    "x1": 2.9158335579562253,
                    "x2": 0.4755448765431671
                },
                "metrics": {
                    "outcome": 0.0014125224376591505
                },
                "metadata": {
                    "trials": 1
                }
            }
        ],
        [
            {
                "query": {
                    "x1": 2.918076541868184,
                    "x2": 0.4750797795214483
                },
                "metrics": {
                    "outcome": 0.00149081050059024
                },
                "metadata": {
                    "trials": 1
                }
            }
        ],
        [
            {
                "query": {
                    "x1": 2.916864412004558,
                    "x2": 0.47500307346748905
                },
                "metrics": {
                    "outcome": 0.0014893167919075626
                },
                "metadata": {
                    "trials": 1
                }
            }
        ],
        [
            {
                "query": {
                    "x1": 2.917650568715212,
                    "x2": 0.4751459109786351
                },
                "metrics": {
                    "outcome": 0.0014755888694014192
                },
                "metadata": {
                    "trials": 1
                }
            }
        ],
        [
            {
                "query": {
                    "x1": 2.9174450347851018,
                    "x2": 0.4750520876316111
                },
                "metrics": {
                    "outcome": 0.0014877537440012574
                },
                "metadata": {
                    "trials": 1
                }
            }
        ],
        [
            {
                "query": {
                    "x1": 2.9162299223164876,
                    "x2": 0.4749533556369343
                },
                "metrics": {
                    "outcome": 0.0014911583957635515
                },
                "metadata": {
                    "trials": 1
                }
            }
        ],
        [
            {
                "query": {
                    "x1": 2.91756067398999,
                    "x2": 0.47519678678602606
                },
                "metrics": {
                    "outcome": 0.0014670217008643052
                },
                "metadata": {
                    "trials": 1
                }
            }
        ],
        [
            {
                "query": {
                    "x1": 2.916408400734589,
                    "x2": 0.47513921165597317
                },
                "metrics": {
                    "outcome": 0.001466098715019796
                },
                "metadata": {
                    "trials": 1
                }
            }
        ],
        [
            {
                "query": {
                    "x1": 2.9178589641280483,
                    "x2": 0.47506747978619046
                },
                "metrics": {
                    "outcome": 0.001490081156356608
                },
                "metadata": {
                    "trials": 1
                }
            }
        ],
        [
            {
                "query": {
                    "x1": -1.2363499249331653,
                    "x2": 2.3001393063459545
                },
                "metrics": {
                    "outcome": 134.4259806471245
                },
                "metadata": {
                    "trials": 1
                }
            }
        ],
        [
            {
                "query": {
                    "x1": 0.7789840066447296,
                    "x2": 2.1954281707025567
                },
                "metrics": {
                    "outcome": 135.0067947165852
                },
                "metadata": {
                    "trials": 1
                }
            }
        ],
        [
            {
                "query": {
                    "x1": -1.5630942807110806,
                    "x2": 2.1002863087933035
                },
                "metrics": {
                    "outcome": 115.50634663272862
                },
                "metadata": {
                    "trials": 1
                }
            }
        ],
        [
            {
                "query": {
                    "x1": 2.9181212365310714,
                    "x2": 0.47546837188246993
                },
                "metrics": {
                    "outcome": 0.0014322563719300105
                },
                "metadata": {
                    "trials": 1
                }
            }
        ],
        [
            {
                "query": {
                    "x1": 2.9164888269358666,
                    "x2": 0.4755627168323855
                },
                "metrics": {
                    "outcome": 0.0014110667032053278
                },
                "metadata": {
                    "trials": 1
                }
            }
        ],
        [
            {
                "query": {
                    "x1": 2.9198697678391303,
                    "x2": 0.4756253858557251
                },
                "metrics": {
                    "outcome": 0.0014270877231173018
                },
                "metadata": {
                    "trials": 1
                }
            }
        ],
        [
            {
                "query": {
                    "x1": 2.9176752191353357,
                    "x2": 0.47562016910364235
                },
                "metrics": {
                    "outcome": 0.0014080991132418127
                },
                "metadata": {
                    "trials": 1
                }
            }
        ],
        [
            {
                "query": {
                    "x1": 2.915389622300493,
                    "x2": 0.4753896742238055
                },
                "metrics": {
                    "outcome": 0.0014306031977417818
                },
                "metadata": {
                    "trials": 1
                }
            }
        ],
        [
            {
                "query": {
                    "x1": 2.9199117995655746,
                    "x2": 0.475561668067094
                },
                "metrics": {
                    "outcome": 0.0014377402373168108
                },
                "metadata": {
                    "trials": 1
                }
            }
        ],
        [
            {
                "query": {
                    "x1": 2.9177130251873997,
                    "x2": 0.47552164504342453
                },
                "metrics": {
                    "outcome": 0.0014216696504402908
                },
                "metadata": {
                    "trials": 1
                }
            }
        ],
        [
            {
                "query": {
                    "x1": 2.9169743140509237,
                    "x2": 0.47551334348246055
                },
                "metrics": {
                    "outcome": 0.0014188088631189603
                },
                "metadata": {
                    "trials": 1
                }
            }
        ],
        [
            {
                "query": {
                    "x1": 2.921804159216621,
                    "x2": 0.47586865213655827
                },
                "metrics": {
                    "outcome": 0.0014156151910874515
                },
                "metadata": {
                    "trials": 1
                }
            }
        ],
        [
            {
                "query": {
                    "x1": 2.916570626519812,
                    "x2": 0.47536766698263033
                },
                "metrics": {
                    "outcome": 0.0014361030854605275
                },
                "metadata": {
                    "trials": 1
                }
            }
        ],
        [
            {
                "query": {
                    "x1": 2.9209327134756187,
                    "x2": 0.47576464904699556
                },
                "metrics": {
                    "outcome": 0.0014193044774606994
                },
                "metadata": {
                    "trials": 1
                }
            }
        ],
        [
            {
                "query": {
                    "x1": 2.9149906498801235,
                    "x2": 0.4753342241008731
                },
                "metrics": {
                    "outcome": 0.0014371143363846224
                },
                "metadata": {
                    "trials": 1
                }
            }
        ],
        [
            {
                "query": {
                    "x1": 2.917611870725106,
                    "x2": 0.47555134354275275
                },
                "metrics": {
                    "outcome": 0.0014169853160519294
                },
                "metadata": {
                    "trials": 1
                }
            }
        ],
        [
            {
                "query": {
                    "x1": 2.916301803468415,
                    "x2": 0.47549821833859784
                },
                "metrics": {
                    "outcome": 0.0014186067056116236
                },
                "metadata": {
                    "trials": 1
                }
            }
        ],
        [
            {
                "query": {
                    "x1": 2.9135785883785017,
                    "x2": 0.46948202465138866
                },
                "metrics": {
                    "outcome": 0.0027133182564429894
                },
                "metadata": {
                    "trials": 1
                }
            }
        ],
        [
            {
                "query": {
                    "x1": 2.916957900669905,
                    "x2": 0.4740241716153113
                },
                "metrics": {
                    "outcome": 0.0016567507779013885
                },
                "metadata": {
                    "trials": 1
                }
            }
        ],
        [
            {
                "query": {
                    "x1": 2.9153414834803995,
                    "x2": 0.4740547397328392
                },
                "metrics": {
                    "outcome": 0.001622889248495658
                },
                "metadata": {
                    "trials": 1
                }
            }
        ],
        [
            {
                "query": {
                    "x1": 2.9176619048515446,
                    "x2": 0.4740729621283668
                },
                "metrics": {
                    "outcome": 0.0016623618569886612
                },
                "metadata": {
                    "trials": 1
                }
            }
        ],
        [
            {
                "query": {
                    "x1": -3.923751266906038,
                    "x2": -0.65343919233419
                },
                "metrics": {
                    "outcome": 142.4616845048227
                },
                "metadata": {
                    "trials": 1
                }
            }
        ],
        [
            {
                "query": {
                    "x1": 2.9163378014162316,
                    "x2": 0.47409762087877017
                },
                "metrics": {
                    "outcome": 0.0016313993063089083
                },
                "metadata": {
                    "trials": 1
                }
            }
        ],
        [
            {
                "query": {
                    "x1": 2.916682427326162,
                    "x2": 0.47407991203347954
                },
                "metrics": {
                    "outcome": 0.0016409028510429983
                },
                "metadata": {
                    "trials": 1
                }
            }
        ],
        [
            {
                "query": {
                    "x1": 2.913675327379895,
                    "x2": 0.47408381794256726
                },
                "metrics": {
                    "outcome": 0.0015986894264049024
                },
                "metadata": {
                    "trials": 1
                }
            }
        ],
        [
            {
                "query": {
                    "x1": 2.9175921767664565,
                    "x2": 0.4741868136999523
                },
                "metrics": {
                    "outcome": 0.0016388992300722918
                },
                "metadata": {
                    "trials": 1
                }
            }
        ],
        [
            {
                "query": {
                    "x1": 2.914552535401321,
                    "x2": 0.4741432393964953
                },
                "metrics": {
                    "outcome": 0.0015981565397547857
                },
                "metadata": {
                    "trials": 1
                }
            }
        ],
        [
            {
                "query": {
                    "x1": 2.9153041232610333,
                    "x2": 0.4741775136277342
                },
                "metrics": {
                    "outcome": 0.0016017086980074401
                },
                "metadata": {
                    "trials": 1
                }
            }
        ],
        [
            {
                "query": {
                    "x1": 2.965698573386633,
                    "x2": 0.48101501316147743
                },
                "metrics": {
                    "outcome": 0.0025167441032482043
                },
                "metadata": {
                    "trials": 1
                }
            }
        ],
        [
            {
                "query": {
                    "x1": 2.9198424892626127,
                    "x2": 0.4756969122673427
                },
                "metrics": {
                    "outcome": 0.0014156361775950277
                },
                "metadata": {
                    "trials": 1
                }
            }
        ],
        [
            {
                "query": {
                    "x1": 2.921558345867883,
                    "x2": 0.4757300700732614
                },
                "metrics": {
                    "outcome": 0.001435028140383441
                },
                "metadata": {
                    "trials": 1
                }
            }
        ],
        [
            {
                "query": {
                    "x1": 2.935597851240807,
                    "x2": 0.4761686257906277
                },
                "metrics": {
                    "outcome": 0.0018655455890844547
                },
                "metadata": {
                    "trials": 1
                }
            }
        ],
        [
            {
                "query": {
                    "x1": 2.922645424902635,
                    "x2": 0.47573883845033293
                },
                "metrics": {
                    "outcome": 0.001454014264920149
                },
                "metadata": {
                    "trials": 1
                }
            }
        ],
        [
            {
                "query": {
                    "x1": 2.9206421467065704,
                    "x2": 0.4757132567623046
                },
                "metrics": {
                    "outcome": 0.0014234554221916446
                },
                "metadata": {
                    "trials": 1
                }
            }
        ],
        [
            {
                "query": {
                    "x1": 2.923310563176181,
                    "x2": 0.4757338996166496
                },
                "metrics": {
                    "outcome": 0.001469434852916146
                },
                "metadata": {
                    "trials": 1
                }
            }
        ],
        [
            {
                "query": {
                    "x1": 2.9126040102613153,
                    "x2": 0.4798707719144657
                },
                "metrics": {
                    "outcome": 0.001461337236896028
                },
                "metadata": {
                    "trials": 1
                }
            }
        ],
        [
            {
                "query": {
                    "x1": 2.9319798752151467,
                    "x2": 0.4762465023066449
                },
                "metrics": {
                    "outcome": 0.0016525951059288499
                },
                "metadata": {
                    "trials": 1
                }
            }
        ],
        [
            {
                "query": {
                    "x1": 2.9191302372462555,
                    "x2": 0.4759849238418328
                },
                "metrics": {
                    "outcome": 0.0013677252617962405
                },
                "metadata": {
                    "trials": 1
                }
            }
        ],
        [
            {
                "query": {
                    "x1": 2.9127845542926387,
                    "x2": 0.47615836253332144
                },
                "metrics": {
                    "outcome": 0.0013847209526924368
                },
                "metadata": {
                    "trials": 1
                }
            }
        ],
        [
            {
                "query": {
                    "x1": 2.9156546089830035,
                    "x2": 0.4762945152967015
                },
                "metrics": {
                    "outcome": 0.0013383454751422423
                },
                "metadata": {
                    "trials": 1
                }
            }
        ],
        [
            {
                "query": {
                    "x1": 2.914974924064224,
                    "x2": 0.4762617458880207
                },
                "metrics": {
                    "outcome": 0.0013475883103302739
                },
                "metadata": {
                    "trials": 1
                }
            }
        ],
        [
            {
                "query": {
                    "x1": 2.9149037309728083,
                    "x2": 0.4759651990100009
                },
                "metrics": {
                    "outcome": 0.0013729552460630418
                },
                "metadata": {
                    "trials": 1
                }
            }
        ],
        [
            {
                "query": {
                    "x1": -0.5989978595171124,
                    "x2": -3.0479233525693417
                },
                "metrics": {
                    "outcome": 430.1896761502749
                },
                "metadata": {
                    "trials": 1
                }
            }
        ],
        [
            {
                "query": {
                    "x1": -2.011059940559566,
                    "x2": -2.715921025520748
                },
                "metrics": {
                    "outcome": 2210.4785945860813
                },
                "metadata": {
                    "trials": 1
                }
            }
        ],
        [
            {
                "query": {
                    "x1": -0.23464585056549758,
                    "x2": -2.954598441215586
                },
                "metrics": {
                    "outcome": 85.50493017244779
                },
                "metadata": {
                    "trials": 1
                }
            }
        ],
        [
            {
                "query": {
                    "x1": 0.23767079492620802,
                    "x2": -1.6357439719840174
                },
                "metrics": {
                    "outcome": 9.591088114201769
                },
                "metadata": {
                    "trials": 1
                }
            }
        ],
        [
            {
                "query": {
                    "x1": 2.9210352613494726,
                    "x2": 0.47669119870307064
                },
                "metrics": {
                    "outcome": 0.0012861582324754967
                },
                "metadata": {
                    "trials": 1
                }
            }
        ],
        [
            {
                "query": {
                    "x1": 2.9146174628102086,
                    "x2": 0.47580814657355663
                },
                "metrics": {
                    "outcome": 0.0013892690297507449
                },
                "metadata": {
                    "trials": 1
                }
            }
        ],
        [
            {
                "query": {
                    "x1": 2.9150885239870927,
                    "x2": 0.4761916608634751
                },
                "metrics": {
                    "outcome": 0.0013520315154592851
                },
                "metadata": {
                    "trials": 1
                }
            }
        ],
        [
            {
                "query": {
                    "x1": 2.916939661256716,
                    "x2": 0.4761391746095729
                },
                "metrics": {
                    "outcome": 0.0013455407815689587
                },
                "metadata": {
                    "trials": 1
                }
            }
        ],
        [
            {
                "query": {
                    "x1": 2.9150405678214604,
                    "x2": 0.476165636758326
                },
                "metrics": {
                    "outcome": 0.0013546204775168966
                },
                "metadata": {
                    "trials": 1
                }
            }
        ],
        [
            {
                "query": {
                    "x1": 2.915225442632818,
                    "x2": 0.47632600904941214
                },
                "metrics": {
                    "outcome": 0.0013399370478709744
                },
                "metadata": {
                    "trials": 1
                }
            }
        ],
        [
            {
                "query": {
                    "x1": 2.915750805826562,
                    "x2": 0.4761032617051475
                },
                "metrics": {
                    "outcome": 0.001354488818429781
                },
                "metadata": {
                    "trials": 1
                }
            }
        ],
        [
            {
                "query": {
                    "x1": 2.916759944709079,
                    "x2": 0.4762566162763724
                },
                "metrics": {
                    "outcome": 0.0013343724074388525
                },
                "metadata": {
                    "trials": 1
                }
            }
        ],
        [
            {
                "query": {
                    "x1": 2.9160877854117553,
                    "x2": 0.47631214685528356
                },
                "metrics": {
                    "outcome": 0.0013333132093342095
                },
                "metadata": {
                    "trials": 1
                }
            }
        ],
        [
            {
                "query": {
                    "x1": 2.914448378635294,
                    "x2": 0.47634762454098034
                },
                "metrics": {
                    "outcome": 0.0013476338619086022
                },
                "metadata": {
                    "trials": 1
                }
            }
        ],
        [
            {
                "query": {
                    "x1": 2.9219937913879876,
                    "x2": 0.47609600645763184
                },
                "metrics": {
                    "outcome": 0.00138108629111557
                },
                "metadata": {
                    "trials": 1
                }
            }
        ],
        [
            {
                "query": {
                    "x1": 2.899983580695271,
                    "x2": 0.4753779004973815
                },
                "metrics": {
                    "outcome": 0.0018228712127333064
                },
                "metadata": {
                    "trials": 1
                }
            }
        ],
        [
            {
                "query": {
                    "x1": 2.8909199816479285,
                    "x2": 0.47620107059666594
                },
                "metrics": {
                    "outcome": 0.0025580217830131606
                },
                "metadata": {
                    "trials": 1
                }
            }
        ],
        [
            {
                "query": {
                    "x1": 2.9147943678974073,
                    "x2": 0.48042344011618976
                },
                "metrics": {
                    "outcome": 0.001388804319675308
                },
                "metadata": {
                    "trials": 1
                }
            }
        ],
        [
            {
                "query": {
                    "x1": 2.9124850649895384,
                    "x2": 0.47261637868431716
                },
                "metrics": {
                    "outcome": 0.001837241274881259
                },
                "metadata": {
                    "trials": 1
                }
            }
        ],
        [
            {
                "query": {
                    "x1": 2.915341753413596,
                    "x2": 0.476289488271437
                },
                "metrics": {
                    "outcome": 0.0013416510655062917
                },
                "metadata": {
                    "trials": 1
                }
            }
        ],
        [
            {
                "query": {
                    "x1": 2.918445292949695,
                    "x2": 0.4765114301562603
                },
                "metrics": {
                    "outcome": 0.001303077962039844
                },
                "metadata": {
                    "trials": 1
                }
            }
        ],
        [
            {
                "query": {
                    "x1": 2.499579594936222,
                    "x2": -2.1991825599689037
                },
                "metrics": {
                    "outcome": 882.5324870389059
                },
                "metadata": {
                    "trials": 1
                }
            }
        ],
        [
            {
                "query": {
                    "x1": 0.08667910099867626,
                    "x2": -1.4296449187453542
                },
                "metrics": {
                    "outcome": 12.3618314735784
                },
                "metadata": {
                    "trials": 1
                }
            }
        ],
        [
            {
                "query": {
                    "x1": 2.917466862627858,
                    "x2": 0.47632257003172285
                },
                "metrics": {
                    "outcome": 0.001325073107055175
                },
                "metadata": {
                    "trials": 1
                }
            }
        ],
        [
            {
                "query": {
                    "x1": 2.9218834803667493,
                    "x2": 0.4764105201446016
                },
                "metrics": {
                    "outcome": 0.0013311855319418549
                },
                "metadata": {
                    "trials": 1
                }
            }
        ],
        [
            {
                "query": {
                    "x1": 2.91472893479755,
                    "x2": 0.4762134263271731
                },
                "metrics": {
                    "outcome": 0.0013539839908179
                },
                "metadata": {
                    "trials": 1
                }
            }
        ],
        [
            {
                "query": {
                    "x1": 2.9168259218223467,
                    "x2": 0.4763230898670745
                },
                "metrics": {
                    "outcome": 0.0013276399601087627
                },
                "metadata": {
                    "trials": 1
                }
            }
        ],
        [
            {
                "query": {
                    "x1": 2.9228940754355417,
                    "x2": 0.4807763482378995
                },
                "metrics": {
                    "outcome": 0.001043411684662641
                },
                "metadata": {
                    "trials": 1
                }
            }
        ],
        [
            {
                "query": {
                    "x1": 2.9286402933886,
                    "x2": 0.4771920142424779
                },
                "metrics": {
                    "outcome": 0.0013193282984655993
                },
                "metadata": {
                    "trials": 1
                }
            }
        ],
        [
            {
                "query": {
                    "x1": 2.9166881747948095,
                    "x2": 0.47658996427558264
                },
                "metrics": {
                    "outcome": 0.0013047668802631932
                },
                "metadata": {
                    "trials": 1
                }
            }
        ],
        [
            {
                "query": {
                    "x1": 2.8918284379296324,
                    "x2": 0.47393078643980946
                },
                "metrics": {
                    "outcome": 0.0021946551101948396
                },
                "metadata": {
                    "trials": 1
                }
            }
        ],
        [
            {
                "query": {
                    "x1": 2.9172901001681675,
                    "x2": 0.4766224447563907
                },
                "metrics": {
                    "outcome": 0.0012973455727108916
                },
                "metadata": {
                    "trials": 1
                }
            }
        ],
        [
            {
                "query": {
                    "x1": 2.9212703337153094,
                    "x2": 0.476804907532709
                },
                "metrics": {
                    "outcome": 0.0012729779965631387
                },
                "metadata": {
                    "trials": 1
                }
            }
        ],
        [
            {
                "query": {
                    "x1": 2.9197470711542106,
                    "x2": 0.47735634467697174
                },
                "metrics": {
                    "outcome": 0.0012169540002119374
                },
                "metadata": {
                    "trials": 1
                }
            }
        ],
        [
            {
                "query": {
                    "x1": 2.917036690229489,
                    "x2": 0.4766136853285232
                },
                "metrics": {
                    "outcome": 0.001299946933699029
                },
                "metadata": {
                    "trials": 1
                }
            }
        ],
        [
            {
                "query": {
                    "x1": 2.9070425312490036,
                    "x2": 0.47782472431315703
                },
                "metrics": {
                    "outcome": 0.0016003022001458127
                },
                "metadata": {
                    "trials": 1
                }
            }
        ]
    ],
    "best_results": [
        {
            "query": {
                "x1": 2.9228940754355417,
                "x2": 0.4807763482378995
            },
            "metrics": [
                {
                    "name": "outcome",
                    "value": 0.001043411684662641
                }
            ]
        }
    ]
}