{
    "date": "04/11/2022 16:31:21",
    "basic_params": {
        "active_variables": [
            "x"
        ],
        "default_query": {},
        "metric": "basic",
        "n_trials": 1
    },
    "objective_function": {
        "name": "Gramacy1D",
        "params": {}
    },
    "optimizer": {
        "name": "BBO-LP(LCBa)-FoD",
        "params": {
            "lower_bound": [
                0.5
            ],
            "upper_bound": [
                2.5
            ],
            "invert_metric": false,
            "bopt_params": {
                "n_init_samples": 15,
                "n_iterations": 45,
                "n_iter_relearn": 5,
                "verbose_level": 0,
                "n_parallel_samples": 3,
                "fixed_dataset_size": 50,
                "par_type": "PAR_BBO",
                "crit_name": "cLP(cLCBa)",
                "n_crit_params": 3,
                "crit_params": [
                    3,
                    1,
                    5.0
                ]
            }
        }
    },
    "iterations": [
        [
            {
                "query": {
                    "x": 2.2087783918095134
                },
                "metrics": {
                    "outcome": 2.1965854346824574
                },
                "metadata": {
                    "trials": 1
                }
            }
        ],
        [
            {
                "query": {
                    "x": 2.095562219526619
                },
                "metrics": {
                    "outcome": 1.4737730095436221
                },
                "metadata": {
                    "trials": 1
                }
            }
        ],
        [
            {
                "query": {
                    "x": 2.354390920357158
                },
                "metrics": {
                    "outcome": 3.1545789888908113
                },
                "metadata": {
                    "trials": 1
                }
            }
        ],
        [
            {
                "query": {
                    "x": 0.6978837785000602
                },
                "metrics": {
                    "outcome": 0.055927799500626235
                },
                "metadata": {
                    "trials": 1
                }
            }
        ],
        [
            {
                "query": {
                    "x": 1.7603466493388018
                },
                "metrics": {
                    "outcome": 0.06506941462541904
                },
                "metadata": {
                    "trials": 1
                }
            }
        ],
        [
            {
                "query": {
                    "x": 1.6608148973745605
                },
                "metrics": {
                    "outcome": 0.47453322070709325
                },
                "metadata": {
                    "trials": 1
                }
            }
        ],
        [
            {
                "query": {
                    "x": 0.9304699655932684
                },
                "metrics": {
                    "outcome": -0.4393281562234924
                },
                "metadata": {
                    "trials": 1
                }
            }
        ],
        [
            {
                "query": {
                    "x": 1.5119960341602563
                },
                "metrics": {
                    "outcome": -0.05297897306409177
                },
                "metadata": {
                    "trials": 1
                }
            }
        ],
        [
            {
                "query": {
                    "x": 0.5855027911253273
                },
                "metrics": {
                    "outcome": -0.34610827309557
                },
                "metadata": {
                    "trials": 1
                }
            }
        ],
        [
            {
                "query": {
                    "x": 1.1598665830989678
                },
                "metrics": {
                    "outcome": -0.40988687621033
                },
                "metadata": {
                    "trials": 1
                }
            }
        ],
        [
            {
                "query": {
                    "x": 1.8496475405059756
                },
                "metrics": {
                    "outcome": 0.7914461716268549
                },
                "metadata": {
                    "trials": 1
                }
            }
        ],
        [
            {
                "query": {
                    "x": 0.7832323625994225
                },
                "metrics": {
                    "outcome": -0.3187342792197082
                },
                "metadata": {
                    "trials": 1
                }
            }
        ],
        [
            {
                "query": {
                    "x": 1.3059433310603104
                },
                "metrics": {
                    "outcome": -0.06231088313824835
                },
                "metadata": {
                    "trials": 1
                }
            }
        ],
        [
            {
                "query": {
                    "x": 2.425808184221387
                },
                "metrics": {
                    "outcome": 4.282199983491555
                },
                "metadata": {
                    "trials": 1
                }
            }
        ],
        [
            {
                "query": {
                    "x": 1.2918113417923451
                },
                "metrics": {
                    "outcome": 0.10572769336028881
                },
                "metadata": {
                    "trials": 1
                }
            }
        ],
        [
            {
                "query": {
                    "x": 1.3851475490580487
                },
                "metrics": {
                    "outcome": -0.14038104821675582
                },
                "metadata": {
                    "trials": 1
                }
            },
            {
                "query": {
                    "x": 1.1090421593045177
                },
                "metrics": {
                    "outcome": -0.1262121357908727
                },
                "metadata": {
                    "trials": 1
                }
            },
            {
                "query": {
                    "x": 0.8642830413045697
                },
                "metrics": {
                    "outcome": 0.5215836104340512
                },
                "metadata": {
                    "trials": 1
                }
            }
        ],
        [
            {
                "query": {
                    "x": 0.5
                },
                "metrics": {
                    "outcome": 0.06250000000000061
                },
                "metadata": {
                    "trials": 1
                }
            },
            {
                "query": {
                    "x": 0.9960931055406999
                },
                "metrics": {
                    "outcome": -0.0614554844589839
                },
                "metadata": {
                    "trials": 1
                }
            },
            {
                "query": {
                    "x": 1.0261777237245528
                },
                "metrics": {
                    "outcome": 0.35704355195264886
                },
                "metadata": {
                    "trials": 1
                }
            }
        ],
        [
            {
                "query": {
                    "x": 1.4547303595848669
                },
                "metrics": {
                    "outcome": 0.38267583601772204
                },
                "metadata": {
                    "trials": 1
                }
            },
            {
                "query": {
                    "x": 0.5502368885307855
                },
                "metrics": {
                    "outcome": -0.867754390289963
                },
                "metadata": {
                    "trials": 1
                }
            },
            {
                "query": {
                    "x": 1.5711607737147075
                },
                "metrics": {
                    "outcome": -0.14404493378033584
                },
                "metadata": {
                    "trials": 1
                }
            }
        ],
        [
            {
                "query": {
                    "x": 0.5410698536529598
                },
                "metrics": {
                    "outcome": -0.8436068594364036
                },
                "metadata": {
                    "trials": 1
                }
            },
            {
                "query": {
                    "x": 0.5564264232175196
                },
                "metrics": {
                    "outcome": -0.8416265318933972
                },
                "metadata": {
                    "trials": 1
                }
            },
            {
                "query": {
                    "x": 1.9739511200430686
                },
                "metrics": {
                    "outcome": 0.7148923731623392
                },
                "metadata": {
                    "trials": 1
                }
            }
        ],
        [
            {
                "query": {
                    "x": 0.5482402424129603
                },
                "metrics": {
                    "outcome": -0.8689641198472758
                },
                "metadata": {
                    "trials": 1
                }
            },
            {
                "query": {
                    "x": 0.5517851278611621
                },
                "metrics": {
                    "outcome": -0.8643657924501807
                },
                "metadata": {
                    "trials": 1
                }
            },
            {
                "query": {
                    "x": 0.5447642225757451
                },
                "metrics": {
                    "outcome": -0.8624916368111143
                },
                "metadata": {
                    "trials": 1
                }
            }
        ],
        [
            {
                "query": {
                    "x": 1.2094640181276248
                },
                "metrics": {
                    "outcome": 0.12303640803402346
                },
                "metadata": {
                    "trials": 1
                }
            },
            {
                "query": {
                    "x": 0.7448661499895171
                },
                "metrics": {
                    "outcome": -0.658312639543606
                },
                "metadata": {
                    "trials": 1
                }
            },
            {
                "query": {
                    "x": 0.9571374158886763
                },
                "metrics": {
                    "outcome": -0.5093100837291208
                },
                "metadata": {
                    "trials": 1
                }
            }
        ],
        [
            {
                "query": {
                    "x": 1.3494289917447095
                },
                "metrics": {
                    "outcome": -0.3555589144003852
                },
                "metadata": {
                    "trials": 1
                }
            },
            {
                "query": {
                    "x": 1.7170912629792117
                },
                "metrics": {
                    "outcome": 0.11547625545945939
                },
                "metadata": {
                    "trials": 1
                }
            },
            {
                "query": {
                    "x": 0.5483367181956127
                },
                "metrics": {
                    "outcome": -0.8689880016357345
                },
                "metadata": {
                    "trials": 1
                }
            }
        ],
        [
            {
                "query": {
                    "x": 0.5483740501602519
                },
                "metrics": {
                    "outcome": -0.8689949933570261
                },
                "metadata": {
                    "trials": 1
                }
            },
            {
                "query": {
                    "x": 0.5511649817045463
                },
                "metrics": {
                    "outcome": -0.8659786270395152
                },
                "metadata": {
                    "trials": 1
                }
            },
            {
                "query": {
                    "x": 0.5456316982919541
                },
                "metrics": {
                    "outcome": -0.8651316531257311
                },
                "metadata": {
                    "trials": 1
                }
            }
        ],
        [
            {
                "query": {
                    "x": 0.5484767623173633
                },
                "metrics": {
                    "outcome": -0.8690077542315469
                },
                "metadata": {
                    "trials": 1
                }
            },
            {
                "query": {
                    "x": 0.5510184899572148
                },
                "metrics": {
                    "outcome": -0.8663098355866562
                },
                "metadata": {
                    "trials": 1
                }
            },
            {
                "query": {
                    "x": 0.5459608835060467
                },
                "metrics": {
                    "outcome": -0.865954851117168
                },
                "metadata": {
                    "trials": 1
                }
            }
        ],
        [
            {
                "query": {
                    "x": 1.9156581934364412
                },
                "metrics": {
                    "outcome": 0.5796869702876069
                },
                "metadata": {
                    "trials": 1
                }
            },
            {
                "query": {
                    "x": 0.548509681583461
                },
                "metrics": {
                    "outcome": -0.8690098345172832
                },
                "metadata": {
                    "trials": 1
                }
            },
            {
                "query": {
                    "x": 0.5508997253402537
                },
                "metrics": {
                    "outcome": -0.8665643643325457
                },
                "metadata": {
                    "trials": 1
                }
            }
        ],
        [
            {
                "query": {
                    "x": 0.5484648989722839
                },
                "metrics": {
                    "outcome": -0.8690067654558884
                },
                "metadata": {
                    "trials": 1
                }
            },
            {
                "query": {
                    "x": 0.5507177129755726
                },
                "metrics": {
                    "outcome": -0.8669301061288064
                },
                "metadata": {
                    "trials": 1
                }
            },
            {
                "query": {
                    "x": 0.5462307327185204
                },
                "metrics": {
                    "outcome": -0.8665564119175947
                },
                "metadata": {
                    "trials": 1
                }
            }
        ],
        [
            {
                "query": {
                    "x": 0.5484917942720906
                },
                "metrics": {
                    "outcome": -0.8690088251548885
                },
                "metadata": {
                    "trials": 1
                }
            },
            {
                "query": {
                    "x": 0.5506483716913948
                },
                "metrics": {
                    "outcome": -0.8670616891841377
                },
                "metadata": {
                    "trials": 1
                }
            },
            {
                "query": {
                    "x": 0.5463491387330393
                },
                "metrics": {
                    "outcome": -0.8667995431577796
                },
                "metadata": {
                    "trials": 1
                }
            }
        ],
        [
            {
                "query": {
                    "x": 2.216789135490452
                },
                "metrics": {
                    "outcome": 2.3056311271020076
                },
                "metadata": {
                    "trials": 1
                }
            },
            {
                "query": {
                    "x": 0.5485086548598737
                },
                "metrics": {
                    "outcome": -0.8690097843702883
                },
                "metadata": {
                    "trials": 1
                }
            },
            {
                "query": {
                    "x": 0.5506187761277651
                },
                "metrics": {
                    "outcome": -0.8671165468048467
                },
                "metadata": {
                    "trials": 1
                }
            }
        ],
        [
            {
                "query": {
                    "x": 2.089152522932584
                },
                "metrics": {
                    "outcome": 1.4871874294861267
                },
                "metadata": {
                    "trials": 1
                }
            },
            {
                "query": {
                    "x": 0.6846221438400363
                },
                "metrics": {
                    "outcome": 0.3491568121886896
                },
                "metadata": {
                    "trials": 1
                }
            },
            {
                "query": {
                    "x": 0.5484856663147829
                },
                "metrics": {
                    "outcome": -0.8690084131351797
                },
                "metadata": {
                    "trials": 1
                }
            }
        ],
        [
            {
                "query": {
                    "x": 1.646748248988782
                },
                "metrics": {
                    "outcome": 0.47700664078496224
                },
                "metadata": {
                    "trials": 1
                }
            },
            {
                "query": {
                    "x": 1.7733426024140597
                },
                "metrics": {
                    "outcome": 0.1481970320665462
                },
                "metadata": {
                    "trials": 1
                }
            },
            {
                "query": {
                    "x": 0.9217467893283904
                },
                "metrics": {
                    "outcome": -0.34239633422537596
                },
                "metadata": {
                    "trials": 1
                }
            }
        ],
        [
            {
                "query": {
                    "x": 1.5209659014668706
                },
                "metrics": {
                    "outcome": -0.12754682227339187
                },
                "metadata": {
                    "trials": 1
                }
            },
            {
                "query": {
                    "x": 1.1559802617603863
                },
                "metrics": {
                    "outcome": -0.4243302173194783
                },
                "metadata": {
                    "trials": 1
                }
            },
            {
                "query": {
                    "x": 0.6084289392989307
                },
                "metrics": {
                    "outcome": 0.2385872142768603
                },
                "metadata": {
                    "trials": 1
                }
            }
        ],
        [
            {
                "query": {
                    "x": 0.7878189241369501
                },
                "metrics": {
                    "outcome": -0.23496143981222056
                },
                "metadata": {
                    "trials": 1
                }
            },
            {
                "query": {
                    "x": 1.8417643723620007
                },
                "metrics": {
                    "outcome": 0.7645103941046013
                },
                "metadata": {
                    "trials": 1
                }
            },
            {
                "query": {
                    "x": 0.7258525226689894
                },
                "metrics": {
                    "outcome": -0.4943078398073506
                },
                "metadata": {
                    "trials": 1
                }
            }
        ],
        [
            {
                "query": {
                    "x": 2.5
                },
                "metrics": {
                    "outcome": 5.0625
                },
                "metadata": {
                    "trials": 1
                }
            },
            {
                "query": {
                    "x": 2.3758630508997713
                },
                "metrics": {
                    "outcome": 3.438724196333811
                },
                "metadata": {
                    "trials": 1
                }
            },
            {
                "query": {
                    "x": 1.2915602700637543
                },
                "metrics": {
                    "outcome": 0.10867186950168356
                },
                "metadata": {
                    "trials": 1
                }
            }
        ],
        [
            {
                "query": {
                    "x": 1.106239679200931
                },
                "metrics": {
                    "outcome": -0.08790610785993591
                },
                "metadata": {
                    "trials": 1
                }
            },
            {
                "query": {
                    "x": 0.8577333082021835
                },
                "metrics": {
                    "outcome": 0.5662223260607082
                },
                "metadata": {
                    "trials": 1
                }
            },
            {
                "query": {
                    "x": 0.5
                },
                "metrics": {
                    "outcome": 0.06250000000000061
                },
                "metadata": {
                    "trials": 1
                }
            }
        ],
        [
            {
                "query": {
                    "x": 1.4297037165250615
                },
                "metrics": {
                    "outcome": 0.31509997371008885
                },
                "metadata": {
                    "trials": 1
                }
            },
            {
                "query": {
                    "x": 1.0259278410997668
                },
                "metrics": {
                    "outcome": 0.3545160914208166
                },
                "metadata": {
                    "trials": 1
                }
            },
            {
                "query": {
                    "x": 1.4741311292725412
                },
                "metrics": {
                    "outcome": 0.2968302458674104
                },
                "metadata": {
                    "trials": 1
                }
            }
        ],
        [
            {
                "query": {
                    "x": 1.5777449827349277
                },
                "metrics": {
                    "outcome": -0.0925392694920108
                },
                "metadata": {
                    "trials": 1
                }
            },
            {
                "query": {
                    "x": 1.3803948349032096
                },
                "metrics": {
                    "outcome": -0.1883154371290542
                },
                "metadata": {
                    "trials": 1
                }
            },
            {
                "query": {
                    "x": 0.5484645431336493
                },
                "metrics": {
                    "outcome": -0.8690067338408857
                },
                "metadata": {
                    "trials": 1
                }
            }
        ],
        [
            {
                "query": {
                    "x": 1.9975724471694627
                },
                "metrics": {
                    "outcome": 0.9712544631773365
                },
                "metadata": {
                    "trials": 1
                }
            },
            {
                "query": {
                    "x": 0.5485105542413686
                },
                "metrics": {
                    "outcome": -0.869009876393584
                },
                "metadata": {
                    "trials": 1
                }
            },
            {
                "query": {
                    "x": 0.5507051147461476
                },
                "metrics": {
                    "outcome": -0.8669543308627924
                },
                "metadata": {
                    "trials": 1
                }
            }
        ],
        [
            {
                "query": {
                    "x": 1.2153762600714741
                },
                "metrics": {
                    "outcome": 0.19324102094117085
                },
                "metadata": {
                    "trials": 1
                }
            },
            {
                "query": {
                    "x": 0.5485188781088061
                },
                "metrics": {
                    "outcome": -0.869010241385494
                },
                "metadata": {
                    "trials": 1
                }
            },
            {
                "query": {
                    "x": 0.5463004448894804
                },
                "metrics": {
                    "outcome": -0.8667010941477207
                },
                "metadata": {
                    "trials": 1
                }
            }
        ],
        [
            {
                "query": {
                    "x": 0.966762193445701
                },
                "metrics": {
                    "outcome": -0.4471206161499415
                },
                "metadata": {
                    "trials": 1
                }
            },
            {
                "query": {
                    "x": 1.3378447622433187
                },
                "metrics": {
                    "outcome": -0.3337875883834697
                },
                "metadata": {
                    "trials": 1
                }
            },
            {
                "query": {
                    "x": 0.7549015353924469
                },
                "metrics": {
                    "outcome": -0.650892139040262
                },
                "metadata": {
                    "trials": 1
                }
            }
        ],
        [
            {
                "query": {
                    "x": 1.715910897219624
                },
                "metrics": {
                    "outcome": 0.12302229688407362
                },
                "metadata": {
                    "trials": 1
                }
            },
            {
                "query": {
                    "x": 0.5485232663441422
                },
                "metrics": {
                    "outcome": -0.8690104087035065
                },
                "metadata": {
                    "trials": 1
                }
            },
            {
                "query": {
                    "x": 0.5507897216035987
                },
                "metrics": {
                    "outcome": -0.8667889324147224
                },
                "metadata": {
                    "trials": 1
                }
            }
        ],
        [
            {
                "query": {
                    "x": 0.548527392779925
                },
                "metrics": {
                    "outcome": -0.8690105502299653
                },
                "metadata": {
                    "trials": 1
                }
            },
            {
                "query": {
                    "x": 0.5462163180405757
                },
                "metrics": {
                    "outcome": -0.8665259460980576
                },
                "metadata": {
                    "trials": 1
                }
            },
            {
                "query": {
                    "x": 0.5508202316577174
                },
                "metrics": {
                    "outcome": -0.8667277258150046
                },
                "metadata": {
                    "trials": 1
                }
            }
        ],
        [
            {
                "query": {
                    "x": 1.9221293009992373
                },
                "metrics": {
                    "outcome": 0.5564235141906427
                },
                "metadata": {
                    "trials": 1
                }
            },
            {
                "query": {
                    "x": 0.5485372929602301
                },
                "metrics": {
                    "outcome": -0.8690108272988274
                },
                "metadata": {
                    "trials": 1
                }
            },
            {
                "query": {
                    "x": 0.5462500480853385
                },
                "metrics": {
                    "outcome": -0.8665969403724193
                },
                "metadata": {
                    "trials": 1
                }
            }
        ],
        [
            {
                "query": {
                    "x": 0.5485391597345282
                },
                "metrics": {
                    "outcome": -0.8690108696593462
                },
                "metadata": {
                    "trials": 1
                }
            },
            {
                "query": {
                    "x": 0.550874098288134
                },
                "metrics": {
                    "outcome": -0.8666176422521966
                },
                "metadata": {
                    "trials": 1
                }
            },
            {
                "query": {
                    "x": 0.5462327659128506
                },
                "metrics": {
                    "outcome": -0.8665606939820558
                },
                "metadata": {
                    "trials": 1
                }
            }
        ],
        [
            {
                "query": {
                    "x": 0.5485446082356666
                },
                "metrics": {
                    "outcome": -0.8690109753628371
                },
                "metadata": {
                    "trials": 1
                }
            },
            {
                "query": {
                    "x": 0.5508719056670126
                },
                "metrics": {
                    "outcome": -0.8666221735352376
                },
                "metadata": {
                    "trials": 1
                }
            },
            {
                "query": {
                    "x": 0.5462363439947042
                },
                "metrics": {
                    "outcome": -0.8665682206047906
                },
                "metadata": {
                    "trials": 1
                }
            }
        ],
        [
            {
                "query": {
                    "x": 2.223671828307828
                },
                "metrics": {
                    "outcome": 2.3943497811004812
                },
                "metadata": {
                    "trials": 1
                }
            },
            {
                "query": {
                    "x": 0.5485495091404042
                },
                "metrics": {
                    "outcome": -0.8690110476220172
                },
                "metadata": {
                    "trials": 1
                }
            },
            {
                "query": {
                    "x": 0.5462923916256217
                },
                "metrics": {
                    "outcome": -0.8666846051217579
                },
                "metadata": {
                    "trials": 1
                }
            }
        ],
        [
            {
                "query": {
                    "x": 2.1049724822606737
                },
                "metrics": {
                    "outcome": 1.4537980606064078
                },
                "metadata": {
                    "trials": 1
                }
            },
            {
                "query": {
                    "x": 0.5485709114686895
                },
                "metrics": {
                    "outcome": -0.8690111099062009
                },
                "metadata": {
                    "trials": 1
                }
            },
            {
                "query": {
                    "x": 0.5508562751836531
                },
                "metrics": {
                    "outcome": -0.8666543517333928
                },
                "metadata": {
                    "trials": 1
                }
            }
        ],
        [
            {
                "query": {
                    "x": 1.6455106925442275
                },
                "metrics": {
                    "outcome": 0.47446561905617185
                },
                "metadata": {
                    "trials": 1
                }
            },
            {
                "query": {
                    "x": 0.6792233972623241
                },
                "metrics": {
                    "outcome": 0.4576768444354007
                },
                "metadata": {
                    "trials": 1
                }
            },
            {
                "query": {
                    "x": 0.5485642177794061
                },
                "metrics": {
                    "outcome": -0.8690111347205043
                },
                "metadata": {
                    "trials": 1
                }
            }
        ],
        [
            {
                "query": {
                    "x": 0.9226328027860253
                },
                "metrics": {
                    "outcome": -0.3536340669827236
                },
                "metadata": {
                    "trials": 1
                }
            },
            {
                "query": {
                    "x": 1.7728483779287159
                },
                "metrics": {
                    "outcome": 0.14431950718250497
                },
                "metadata": {
                    "trials": 1
                }
            },
            {
                "query": {
                    "x": 1.531596536976881
                },
                "metrics": {
                    "outcome": -0.19353739399049472
                },
                "metadata": {
                    "trials": 1
                }
            }
        ],
        [
            {
                "query": {
                    "x": 1.1575614534725647
                },
                "metrics": {
                    "outcome": -0.41919613690953517
                },
                "metadata": {
                    "trials": 1
                }
            },
            {
                "query": {
                    "x": 0.6043884409704062
                },
                "metrics": {
                    "outcome": 0.13818885358561672
                },
                "metadata": {
                    "trials": 1
                }
            },
            {
                "query": {
                    "x": 0.7946946179710181
                },
                "metrics": {
                    "outcome": -0.10260487171142726
                },
                "metadata": {
                    "trials": 1
                }
            }
        ],
        [
            {
                "query": {
                    "x": 2.5
                },
                "metrics": {
                    "outcome": 5.0625
                },
                "metadata": {
                    "trials": 1
                }
            },
            {
                "query": {
                    "x": 1.847159663285974
                },
                "metrics": {
                    "outcome": 0.7846727882995492
                },
                "metadata": {
                    "trials": 1
                }
            },
            {
                "query": {
                    "x": 0.7276622846099697
                },
                "metrics": {
                    "outcome": -0.5192667205592463
                },
                "metadata": {
                    "trials": 1
                }
            }
        ],
        [
            {
                "query": {
                    "x": 2.343940974804229
                },
                "metrics": {
                    "outcome": 3.052813537742675
                },
                "metadata": {
                    "trials": 1
                }
            },
            {
                "query": {
                    "x": 1.1023641046606216
                },
                "metrics": {
                    "outcome": -0.0335461774254807
                },
                "metadata": {
                    "trials": 1
                }
            },
            {
                "query": {
                    "x": 1.2816782388511005
                },
                "metrics": {
                    "outcome": 0.21864734068688443
                },
                "metadata": {
                    "trials": 1
                }
            }
        ],
        [
            {
                "query": {
                    "x": 0.5000000000000001
                },
                "metrics": {
                    "outcome": 0.062499999999997
                },
                "metadata": {
                    "trials": 1
                }
            },
            {
                "query": {
                    "x": 0.8655491010402646
                },
                "metrics": {
                    "outcome": 0.5104323128495797
                },
                "metadata": {
                    "trials": 1
                }
            },
            {
                "query": {
                    "x": 0.5657324040668182
                },
                "metrics": {
                    "outcome": -0.7424751269310461
                },
                "metadata": {
                    "trials": 1
                }
            }
        ],
        [
            {
                "query": {
                    "x": 1.4635663110943748
                },
                "metrics": {
                    "outcome": 0.3572496129115309
                },
                "metadata": {
                    "trials": 1
                }
            },
            {
                "query": {
                    "x": 1.0300160572100738
                },
                "metrics": {
                    "outcome": 0.3928652701509773
                },
                "metadata": {
                    "trials": 1
                }
            },
            {
                "query": {
                    "x": 1.5796507456245623
                },
                "metrics": {
                    "outcome": -0.07595491962901632
                },
                "metadata": {
                    "trials": 1
                }
            }
        ],
        [
            {
                "query": {
                    "x": 2.0092045396036395
                },
                "metrics": {
                    "outcome": 1.1082920281281028
                },
                "metadata": {
                    "trials": 1
                }
            },
            {
                "query": {
                    "x": 1.392632921604318
                },
                "metrics": {
                    "outcome": -0.05859033017779125
                },
                "metadata": {
                    "trials": 1
                }
            },
            {
                "query": {
                    "x": 0.5485285365410938
                },
                "metrics": {
                    "outcome": -0.8690105867458661
                },
                "metadata": {
                    "trials": 1
                }
            }
        ],
        [
            {
                "query": {
                    "x": 1.210855937675265
                },
                "metrics": {
                    "outcome": 0.14009230773148507
                },
                "metadata": {
                    "trials": 1
                }
            },
            {
                "query": {
                    "x": 0.5485495209342636
                },
                "metrics": {
                    "outcome": -0.8690110477698385
                },
                "metadata": {
                    "trials": 1
                }
            },
            {
                "query": {
                    "x": 0.550753420554749
                },
                "metrics": {
                    "outcome": -0.8668606776766012
                },
                "metadata": {
                    "trials": 1
                }
            }
        ],
        [
            {
                "query": {
                    "x": 0.9686925920277671
                },
                "metrics": {
                    "outcome": -0.42968656398558347
                },
                "metadata": {
                    "trials": 1
                }
            },
            {
                "query": {
                    "x": 0.5485121296721094
                },
                "metrics": {
                    "outcome": -0.8690099502584078
                },
                "metadata": {
                    "trials": 1
                }
            },
            {
                "query": {
                    "x": 0.5463082867850836
                },
                "metrics": {
                    "outcome": -0.8667170939446183
                },
                "metadata": {
                    "trials": 1
                }
            }
        ],
        [
            {
                "query": {
                    "x": 1.714741246477594
                },
                "metrics": {
                    "outcome": 0.13071048626956008
                },
                "metadata": {
                    "trials": 1
                }
            },
            {
                "query": {
                    "x": 1.3399611243235556
                },
                "metrics": {
                    "outcome": -0.34138378869165203
                },
                "metadata": {
                    "trials": 1
                }
            },
            {
                "query": {
                    "x": 0.7577563812317364
                },
                "metrics": {
                    "outcome": -0.6369061146221953
                },
                "metadata": {
                    "trials": 1
                }
            }
        ],
        [
            {
                "query": {
                    "x": 0.5485466896750579
                },
                "metrics": {
                    "outcome": -0.8690110086920413
                },
                "metadata": {
                    "trials": 1
                }
            },
            {
                "query": {
                    "x": 0.5507779546489007
                },
                "metrics": {
                    "outcome": -0.8668123169962614
                },
                "metadata": {
                    "trials": 1
                }
            },
            {
                "query": {
                    "x": 0.5463170779798381
                },
                "metrics": {
                    "outcome": -0.8667349643693801
                },
                "metadata": {
                    "trials": 1
                }
            }
        ],
        [
            {
                "query": {
                    "x": 1.9290578386092623
                },
                "metrics": {
                    "outcome": 0.5399336056309962
                },
                "metadata": {
                    "trials": 1
                }
            },
            {
                "query": {
                    "x": 0.5485499283957592
                },
                "metrics": {
                    "outcome": -0.8690110528000005
                },
                "metadata": {
                    "trials": 1
                }
            },
            {
                "query": {
                    "x": 0.5507419908373368
                },
                "metrics": {
                    "outcome": -0.8668830246415329
                },
                "metadata": {
                    "trials": 1
                }
            }
        ],
        [
            {
                "query": {
                    "x": 0.5485143959435765
                },
                "metrics": {
                    "outcome": -0.8690100525959539
                },
                "metadata": {
                    "trials": 1
                }
            },
            {
                "query": {
                    "x": 0.5462451626963419
                },
                "metrics": {
                    "outcome": -0.8665867215396001
                },
                "metadata": {
                    "trials": 1
                }
            },
            {
                "query": {
                    "x": 0.5507484091239129
                },
                "metrics": {
                    "outcome": -0.8668704901523722
                },
                "metadata": {
                    "trials": 1
                }
            }
        ]
    ],
    "best_results": [
        {
            "query": {
                "x": 0.5485642177794061
            },
            "metrics": [
                {
                    "name": "outcome",
                    "value": -0.8690111347205043
                }
            ]
        }
    ]
}