{
    "date": "04/11/2022 13:58:43",
    "basic_params": {
        "active_variables": [
            "x1",
            "x2"
        ],
        "default_query": {},
        "metric": "basic",
        "n_trials": 1
    },
    "objective_function": {
        "name": "Gramacy2D",
        "params": {}
    },
    "optimizer": {
        "name": "BBO-LP(LCBa)",
        "params": {
            "lower_bound": [
                -2.0,
                -2.0
            ],
            "upper_bound": [
                6.0,
                6.0
            ],
            "invert_metric": false,
            "bopt_params": {
                "n_init_samples": 15,
                "n_iterations": 45,
                "n_iter_relearn": 5,
                "verbose_level": 1,
                "n_parallel_samples": 3,
                "par_type": "PAR_BBO",
                "crit_name": "cLP(cLCBa)",
                "n_crit_params": 3,
                "crit_params": [
                    3,
                    1,
                    5.0
                ]
            }
        }
    },
    "iterations": [
        [
            {
                "query": {
                    "x1": 5.028312010069688,
                    "x2": 3.5008354162176447
                },
                "metrics": {
                    "outcome": 2.500962228347008e-16
                },
                "metadata": {
                    "trials": 1
                }
            }
        ],
        [
            {
                "query": {
                    "x1": -1.7618962722520033,
                    "x2": -0.09527360151211428
                },
                "metrics": {
                    "outcome": -0.07831901347941951
                },
                "metadata": {
                    "trials": 1
                }
            }
        ],
        [
            {
                "query": {
                    "x1": 2.055227995291352,
                    "x2": 3.983906571070353
                },
                "metrics": {
                    "outcome": 3.85040734156728e-09
                },
                "metadata": {
                    "trials": 1
                }
            }
        ],
        [
            {
                "query": {
                    "x1": -0.47608426076670485,
                    "x2": 2.641524084160725
                },
                "metrics": {
                    "outcome": -0.000353910630630064
                },
                "metadata": {
                    "trials": 1
                }
            }
        ],
        [
            {
                "query": {
                    "x1": -0.30315903301040326,
                    "x2": 5.134523912767569
                },
                "metrics": {
                    "outcome": -9.824381941911409e-13
                },
                "metadata": {
                    "trials": 1
                }
            }
        ],
        [
            {
                "query": {
                    "x1": 1.311007360244791,
                    "x2": -1.8565010979771615
                },
                "metrics": {
                    "outcome": 0.0074873465761210786
                },
                "metadata": {
                    "trials": 1
                }
            }
        ],
        [
            {
                "query": {
                    "x1": 4.64686567944785,
                    "x2": -0.4237271333734194
                },
                "metrics": {
                    "outcome": 1.626700053137046e-09
                },
                "metadata": {
                    "trials": 1
                }
            }
        ],
        [
            {
                "query": {
                    "x1": 2.582871372625232,
                    "x2": 3.257844900836547
                },
                "metrics": {
                    "outcome": 8.043019189038027e-08
                },
                "metadata": {
                    "trials": 1
                }
            }
        ],
        [
            {
                "query": {
                    "x1": 0.519979235654076,
                    "x2": 4.660665453349551
                },
                "metrics": {
                    "outcome": 1.4618513154608575e-10
                },
                "metadata": {
                    "trials": 1
                }
            }
        ],
        [
            {
                "query": {
                    "x1": -1.246456478536129,
                    "x2": 1.5500557870914538
                },
                "metrics": {
                    "outcome": -0.023848785448364426
                },
                "metadata": {
                    "trials": 1
                }
            }
        ],
        [
            {
                "query": {
                    "x1": 5.965670747806628,
                    "x2": 2.161570608367523
                },
                "metrics": {
                    "outcome": 1.9510215577624404e-17
                },
                "metadata": {
                    "trials": 1
                }
            }
        ],
        [
            {
                "query": {
                    "x1": 3.4932888669272266,
                    "x2": -1.0649653450896341
                },
                "metrics": {
                    "outcome": 5.635782066287487e-06
                },
                "metadata": {
                    "trials": 1
                }
            }
        ],
        [
            {
                "query": {
                    "x1": 4.14067490970095,
                    "x2": 1.0858637187629938
                },
                "metrics": {
                    "outcome": 4.5596725722501425e-08
                },
                "metadata": {
                    "trials": 1
                }
            }
        ],
        [
            {
                "query": {
                    "x1": 1.1891332236429055,
                    "x2": 0.2462971430271863
                },
                "metrics": {
                    "outcome": 0.2721299830415102
                },
                "metadata": {
                    "trials": 1
                }
            }
        ],
        [
            {
                "query": {
                    "x1": 2.852915890018145,
                    "x2": 5.930812458321452
                },
                "metrics": {
                    "outcome": 4.409639173940736e-19
                },
                "metadata": {
                    "trials": 1
                }
            }
        ],
        [
            {
                "query": {
                    "x1": -2.0,
                    "x2": -1.999999999999994
                },
                "metrics": {
                    "outcome": -0.0006709252558050398
                },
                "metadata": {
                    "trials": 1
                }
            },
            {
                "query": {
                    "x1": 5.999999999999999,
                    "x2": -2.0
                },
                "metrics": {
                    "outcome": 2.549012553174971e-17
                },
                "metadata": {
                    "trials": 1
                }
            },
            {
                "query": {
                    "x1": -2.0,
                    "x2": 3.531126148726398
                },
                "metrics": {
                    "outcome": -1.4083107736447548e-07
                },
                "metadata": {
                    "trials": 1
                }
            }
        ],
        [
            {
                "query": {
                    "x1": 5.999999999999998,
                    "x2": 6.0
                },
                "metrics": {
                    "outcome": 3.228111696012774e-31
                },
                "metadata": {
                    "trials": 1
                }
            },
            {
                "query": {
                    "x1": -2.0,
                    "x2": 5.999999999999995
                },
                "metrics": {
                    "outcome": -8.496708510583722e-18
                },
                "metadata": {
                    "trials": 1
                }
            },
            {
                "query": {
                    "x1": 4.085510301236892,
                    "x2": -2.0
                },
                "metrics": {
                    "outcome": 4.217818522895602e-09
                },
                "metadata": {
                    "trials": 1
                }
            }
        ],
        [
            {
                "query": {
                    "x1": 4.557631063480506,
                    "x2": 6.0
                },
                "metrics": {
                    "outcome": 1.0068677817595248e-24
                },
                "metadata": {
                    "trials": 1
                }
            },
            {
                "query": {
                    "x1": -2.0,
                    "x2": 1.0730909082931106
                },
                "metrics": {
                    "outcome": -0.011581145202081266
                },
                "metadata": {
                    "trials": 1
                }
            },
            {
                "query": {
                    "x1": 0.6640883067681806,
                    "x2": 6.0
                },
                "metrics": {
                    "outcome": 9.91048369059114e-17
                },
                "metadata": {
                    "trials": 1
                }
            }
        ],
        [
            {
                "query": {
                    "x1": -0.5985742902814253,
                    "x2": -2.0
                },
                "metrics": {
                    "outcome": -0.007661895931475512
                },
                "metadata": {
                    "trials": 1
                }
            },
            {
                "query": {
                    "x1": 6.0,
                    "x2": 0.12205696026144697
                },
                "metrics": {
                    "outcome": 1.3711337640411545e-15
                },
                "metadata": {
                    "trials": 1
                }
            },
            {
                "query": {
                    "x1": 6.0,
                    "x2": 4.59214671815386
                },
                "metrics": {
                    "outcome": 9.665620516471597e-25
                },
                "metadata": {
                    "trials": 1
                }
            }
        ],
        [
            {
                "query": {
                    "x1": -2.0,
                    "x2": -0.9160195047987807
                },
                "metrics": {
                    "outcome": -0.01582847805788324
                },
                "metadata": {
                    "trials": 1
                }
            },
            {
                "query": {
                    "x1": 3.673882968745991,
                    "x2": 4.556509943894303
                },
                "metrics": {
                    "outcome": 4.858970530332445e-15
                },
                "metadata": {
                    "trials": 1
                }
            },
            {
                "query": {
                    "x1": 2.6409204232281205,
                    "x2": -2.0
                },
                "metrics": {
                    "outcome": 4.5248855531234484e-05
                },
                "metadata": {
                    "trials": 1
                }
            }
        ],
        [
            {
                "query": {
                    "x1": -2.0,
                    "x2": 5.4996734178830184
                },
                "metrics": {
                    "outcome": -2.679193649241722e-15
                },
                "metadata": {
                    "trials": 1
                }
            },
            {
                "query": {
                    "x1": -1.0899966031092605,
                    "x2": 5.499666967379023
                },
                "metrics": {
                    "outcome": -2.4301100268575365e-14
                },
                "metadata": {
                    "trials": 1
                }
            },
            {
                "query": {
                    "x1": -0.1727108667198216,
                    "x2": 5.499682801359819
                },
                "metrics": {
                    "outcome": -1.225948670981376e-14
                },
                "metadata": {
                    "trials": 1
                }
            }
        ],
        [
            {
                "query": {
                    "x1": -1.9998000065360044,
                    "x2": -1.4636702023603039
                },
                "metrics": {
                    "outcome": -0.004302825631062108
                },
                "metadata": {
                    "trials": 1
                }
            },
            {
                "query": {
                    "x1": -1.1925097380752216,
                    "x2": -1.4636557164820336
                },
                "metrics": {
                    "outcome": -0.0337657797781975
                },
                "metadata": {
                    "trials": 1
                }
            },
            {
                "query": {
                    "x1": -0.38476053855931514,
                    "x2": -1.463641104753206
                },
                "metrics": {
                    "outcome": -0.03895219821069006
                },
                "metadata": {
                    "trials": 1
                }
            }
        ],
        [
            {
                "query": {
                    "x1": 5.999919990426951,
                    "x2": 2.9232358485395604
                },
                "metrics": {
                    "outcome": 2.7088256009591084e-19
                },
                "metadata": {
                    "trials": 1
                }
            },
            {
                "query": {
                    "x1": 5.2773042115485715,
                    "x2": 2.9232259125359645
                },
                "metrics": {
                    "outcome": 8.244838863632417e-16
                },
                "metadata": {
                    "trials": 1
                }
            },
            {
                "query": {
                    "x1": 4.553336906981861,
                    "x2": 2.9232152924051213
                },
                "metrics": {
                    "outcome": 8.770571108898338e-13
                },
                "metadata": {
                    "trials": 1
                }
            }
        ],
        [
            {
                "query": {
                    "x1": -1.999799930014471,
                    "x2": 1.8525681692832348
                },
                "metrics": {
                    "outcome": -0.0011848235228341317
                },
                "metadata": {
                    "trials": 1
                }
            },
            {
                "query": {
                    "x1": -1.2338909829230165,
                    "x2": 1.8525596620150795
                },
                "metrics": {
                    "outcome": -0.008701223056856241
                },
                "metadata": {
                    "trials": 1
                }
            },
            {
                "query": {
                    "x1": -0.4629072068805995,
                    "x2": 1.8525508812155609
                },
                "metrics": {
                    "outcome": -0.0120769510873761
                },
                "metadata": {
                    "trials": 1
                }
            }
        ],
        [
            {
                "query": {
                    "x1": 5.999799991612695,
                    "x2": -0.662949787641735
                },
                "metrics": {
                    "outcome": 8.988853066690226e-16
                },
                "metadata": {
                    "trials": 1
                }
            },
            {
                "query": {
                    "x1": 5.511736208817928,
                    "x2": -0.6628924261374698
                },
                "metrics": {
                    "outcome": 2.2746438248651433e-13
                },
                "metadata": {
                    "trials": 1
                }
            },
            {
                "query": {
                    "x1": 5.023308441230657,
                    "x2": -0.6628345828795856
                },
                "metrics": {
                    "outcome": 3.559241326419636e-11
                },
                "metadata": {
                    "trials": 1
                }
            }
        ],
        [
            {
                "query": {
                    "x1": -0.7923821909729565,
                    "x2": 0.005686297299962728
                },
                "metrics": {
                    "outcome": -0.4229026324553716
                },
                "metadata": {
                    "trials": 1
                }
            },
            {
                "query": {
                    "x1": 1.8156548183627406,
                    "x2": 6.0
                },
                "metrics": {
                    "outcome": 1.5586036832029618e-17
                },
                "metadata": {
                    "trials": 1
                }
            },
            {
                "query": {
                    "x1": 0.9544115336190524,
                    "x2": 3.013920330150583
                },
                "metrics": {
                    "outcome": 4.356408630733082e-05
                },
                "metadata": {
                    "trials": 1
                }
            }
        ],
        [
            {
                "query": {
                    "x1": -0.5000377630116055,
                    "x2": 0.09454147889463327
                },
                "metrics": {
                    "outcome": -0.38594997627502065
                },
                "metadata": {
                    "trials": 1
                }
            },
            {
                "query": {
                    "x1": -0.6996738504792714,
                    "x2": -0.2850074462889016
                },
                "metrics": {
                    "outcome": -0.39537771839754515
                },
                "metadata": {
                    "trials": 1
                }
            },
            {
                "query": {
                    "x1": -0.5210132644696535,
                    "x2": 0.5029191122260839
                },
                "metrics": {
                    "outcome": -0.3083985826521085
                },
                "metadata": {
                    "trials": 1
                }
            }
        ],
        [
            {
                "query": {
                    "x1": -0.7504303574387865,
                    "x2": -0.006621930012910449
                },
                "metrics": {
                    "outcome": -0.4272875819493898
                },
                "metadata": {
                    "trials": 1
                }
            },
            {
                "query": {
                    "x1": -0.8203371175938869,
                    "x2": -0.1741254532535661
                },
                "metrics": {
                    "outcome": -0.4060363610451125
                },
                "metadata": {
                    "trials": 1
                }
            },
            {
                "query": {
                    "x1": -0.7856362865536464,
                    "x2": 0.16976197618465472
                },
                "metrics": {
                    "outcome": -0.4117640298844005
                },
                "metadata": {
                    "trials": 1
                }
            }
        ],
        [
            {
                "query": {
                    "x1": -0.7269901875275591,
                    "x2": -0.0031838581325867032
                },
                "metrics": {
                    "outcome": -0.42854172613895253
                },
                "metadata": {
                    "trials": 1
                }
            },
            {
                "query": {
                    "x1": -0.7824144319513042,
                    "x2": 0.14060259718845014
                },
                "metrics": {
                    "outcome": -0.4158992862685225
                },
                "metadata": {
                    "trials": 1
                }
            },
            {
                "query": {
                    "x1": -0.7002101697738159,
                    "x2": -0.15393170176768578
                },
                "metrics": {
                    "outcome": -0.41879907983605835
                },
                "metadata": {
                    "trials": 1
                }
            }
        ],
        [
            {
                "query": {
                    "x1": -0.7218751114545441,
                    "x2": -0.005680101121046555
                },
                "metrics": {
                    "outcome": -0.42868235267731475
                },
                "metadata": {
                    "trials": 1
                }
            },
            {
                "query": {
                    "x1": -0.7515054798981549,
                    "x2": 0.127914075739763
                },
                "metrics": {
                    "outcome": -0.42029464625817764
                },
                "metadata": {
                    "trials": 1
                }
            },
            {
                "query": {
                    "x1": -0.7016000591543314,
                    "x2": -0.14063524141594863
                },
                "metrics": {
                    "outcome": -0.4204571666141099
                },
                "metadata": {
                    "trials": 1
                }
            }
        ],
        [
            {
                "query": {
                    "x1": 6.0,
                    "x2": 5.293615278334958
                },
                "metrics": {
                    "outcome": 9.41006026599934e-28
                },
                "metadata": {
                    "trials": 1
                }
            },
            {
                "query": {
                    "x1": -2.0,
                    "x2": 4.320354844666038
                },
                "metrics": {
                    "outcome": -2.8677625507120017e-10
                },
                "metadata": {
                    "trials": 1
                }
            },
            {
                "query": {
                    "x1": 6.0,
                    "x2": 1.4549326585862663
                },
                "metrics": {
                    "outcome": 1.6758020996359995e-16
                },
                "metadata": {
                    "trials": 1
                }
            }
        ],
        [
            {
                "query": {
                    "x1": 3.3739571048736643,
                    "x2": 1.796922846460852
                },
                "metrics": {
                    "outcome": 1.5205598157877162e-06
                },
                "metadata": {
                    "trials": 1
                }
            },
            {
                "query": {
                    "x1": 6.0,
                    "x2": -1.4180373635499874
                },
                "metrics": {
                    "outcome": 1.863191714593456e-16
                },
                "metadata": {
                    "trials": 1
                }
            },
            {
                "query": {
                    "x1": 1.227040451075358,
                    "x2": 1.1881439432327285
                },
                "metrics": {
                    "outcome": 0.06635679143161771
                },
                "metadata": {
                    "trials": 1
                }
            }
        ],
        [
            {
                "query": {
                    "x1": 6.0,
                    "x2": 0.7509517158032786
                },
                "metrics": {
                    "outcome": 7.918426229342861e-16
                },
                "metadata": {
                    "trials": 1
                }
            },
            {
                "query": {
                    "x1": 6.0,
                    "x2": 4.025591456192412
                },
                "metrics": {
                    "outcome": 1.2753809814135816e-22
                },
                "metadata": {
                    "trials": 1
                }
            },
            {
                "query": {
                    "x1": -2.0,
                    "x2": 2.9504779965938397
                },
                "metrics": {
                    "outcome": -6.069870862538972e-06
                },
                "metadata": {
                    "trials": 1
                }
            }
        ],
        [
            {
                "query": {
                    "x1": 3.186210797350288,
                    "x2": 5.180771709220974
                },
                "metrics": {
                    "outcome": 2.739729280073525e-16
                },
                "metadata": {
                    "trials": 1
                }
            },
            {
                "query": {
                    "x1": 0.829585662993443,
                    "x2": -0.8319018014117703
                },
                "metrics": {
                    "outcome": 0.20864899607491463
                },
                "metadata": {
                    "trials": 1
                }
            },
            {
                "query": {
                    "x1": 2.639791465077681,
                    "x2": 2.367195108616337
                },
                "metrics": {
                    "outcome": 9.153156753286075e-06
                },
                "metadata": {
                    "trials": 1
                }
            }
        ],
        [
            {
                "query": {
                    "x1": -0.33848951039540665,
                    "x2": 3.889923793804079
                },
                "metrics": {
                    "outcome": -8.095726242876142e-08
                },
                "metadata": {
                    "trials": 1
                }
            },
            {
                "query": {
                    "x1": -2.0,
                    "x2": 4.830875148404612
                },
                "metrics": {
                    "outcome": -2.6826727625666457e-12
                },
                "metadata": {
                    "trials": 1
                }
            },
            {
                "query": {
                    "x1": 3.538350033186017,
                    "x2": -1.5581292649822638
                },
                "metrics": {
                    "outcome": 1.1405188841571572e-06
                },
                "metadata": {
                    "trials": 1
                }
            }
        ],
        [
            {
                "query": {
                    "x1": 1.9834836717047928,
                    "x2": -2.0
                },
                "metrics": {
                    "outcome": 0.0007106342001065626
                },
                "metadata": {
                    "trials": 1
                }
            },
            {
                "query": {
                    "x1": 1.9850848452764782,
                    "x2": -0.4102165825295756
                },
                "metrics": {
                    "outcome": 0.03260864534646383
                },
                "metadata": {
                    "trials": 1
                }
            },
            {
                "query": {
                    "x1": 5.365818004957014,
                    "x2": 6.0
                },
                "metrics": {
                    "outcome": 3.8978634769766846e-28
                },
                "metadata": {
                    "trials": 1
                }
            }
        ],
        [
            {
                "query": {
                    "x1": 1.2797935599407744,
                    "x2": 6.0
                },
                "metrics": {
                    "outcome": 5.77058700007573e-17
                },
                "metadata": {
                    "trials": 1
                }
            },
            {
                "query": {
                    "x1": 0.29384506902858876,
                    "x2": -2.0
                },
                "metrics": {
                    "outcome": 0.004936752506867703
                },
                "metadata": {
                    "trials": 1
                }
            },
            {
                "query": {
                    "x1": 0.24022405194248275,
                    "x2": 0.6479161426372708
                },
                "metrics": {
                    "outcome": 0.1490182996123065
                },
                "metadata": {
                    "trials": 1
                }
            }
        ],
        [
            {
                "query": {
                    "x1": -1.5593943255441154,
                    "x2": 6.0
                },
                "metrics": {
                    "outcome": -3.178894234669479e-17
                },
                "metadata": {
                    "trials": 1
                }
            },
            {
                "query": {
                    "x1": -1.5796422021129866,
                    "x2": 4.564567775843435
                },
                "metrics": {
                    "outcome": -1.1647434288442492e-10
                },
                "metadata": {
                    "trials": 1
                }
            },
            {
                "query": {
                    "x1": 1.5695752283524227,
                    "x2": 3.461836134271029
                },
                "metrics": {
                    "outcome": 8.339680118341878e-07
                },
                "metadata": {
                    "trials": 1
                }
            }
        ],
        [
            {
                "query": {
                    "x1": 4.0409652227763235,
                    "x2": 6.0
                },
                "metrics": {
                    "outcome": 7.587793116519534e-23
                },
                "metadata": {
                    "trials": 1
                }
            },
            {
                "query": {
                    "x1": 3.0927655601201156,
                    "x2": -2.0
                },
                "metrics": {
                    "outcome": 3.972427790849791e-06
                },
                "metadata": {
                    "trials": 1
                }
            },
            {
                "query": {
                    "x1": 4.794664501616327,
                    "x2": -2.0
                },
                "metrics": {
                    "outcome": 9.113138562960703e-12
                },
                "metadata": {
                    "trials": 1
                }
            }
        ],
        [
            {
                "query": {
                    "x1": -0.6996155410878937,
                    "x2": 5.999999999999999
                },
                "metrics": {
                    "outcome": -9.946894120322469e-17
                },
                "metadata": {
                    "trials": 1
                }
            },
            {
                "query": {
                    "x1": 2.953071795345278,
                    "x2": 0.2402552464389247
                },
                "metrics": {
                    "outcome": 0.00045486508623176965
                },
                "metadata": {
                    "trials": 1
                }
            },
            {
                "query": {
                    "x1": 4.111920438940016,
                    "x2": 3.788476713655726
                },
                "metrics": {
                    "outcome": 1.0909521884594597e-13
                },
                "metadata": {
                    "trials": 1
                }
            }
        ],
        [
            {
                "query": {
                    "x1": 2.0210965971524404,
                    "x2": 1.8278104606711834
                },
                "metrics": {
                    "outcome": 0.0012040284519702867
                },
                "metadata": {
                    "trials": 1
                }
            },
            {
                "query": {
                    "x1": 0.1815041419930865,
                    "x2": 2.9114291621990898
                },
                "metrics": {
                    "outcome": 3.6586167553000695e-05
                },
                "metadata": {
                    "trials": 1
                }
            },
            {
                "query": {
                    "x1": 5.378112127442114,
                    "x2": -2.0
                },
                "metrics": {
                    "outcome": 2.7032064797693765e-14
                },
                "metadata": {
                    "trials": 1
                }
            }
        ],
        [
            {
                "query": {
                    "x1": 4.958740988725642,
                    "x2": 1.4514333429906752
                },
                "metrics": {
                    "outcome": 1.2634132109839803e-11
                },
                "metadata": {
                    "trials": 1
                }
            },
            {
                "query": {
                    "x1": 3.0528537053711435,
                    "x2": 3.345026182193843
                },
                "metrics": {
                    "outcome": 3.781900742844188e-09
                },
                "metadata": {
                    "trials": 1
                }
            },
            {
                "query": {
                    "x1": 5.58475437966932,
                    "x2": 4.458504284908816
                },
                "metrics": {
                    "outcome": 3.7031009345375944e-22
                },
                "metadata": {
                    "trials": 1
                }
            }
        ],
        [
            {
                "query": {
                    "x1": -1.6119154209737834,
                    "x2": -2.0
                },
                "metrics": {
                    "outcome": -0.0021965921330368583
                },
                "metadata": {
                    "trials": 1
                }
            },
            {
                "query": {
                    "x1": 3.7827091131181865,
                    "x2": 2.310074310826681
                },
                "metrics": {
                    "outcome": 1.1115880154344252e-08
                },
                "metadata": {
                    "trials": 1
                }
            },
            {
                "query": {
                    "x1": -0.862858342320076,
                    "x2": 3.9587416197570837
                },
                "metrics": {
                    "outcome": -6.404598615658818e-08
                },
                "metadata": {
                    "trials": 1
                }
            }
        ],
        [
            {
                "query": {
                    "x1": 2.328764539040365,
                    "x2": 6.0
                },
                "metrics": {
                    "outcome": 2.3838701532376935e-18
                },
                "metadata": {
                    "trials": 1
                }
            },
            {
                "query": {
                    "x1": 0.26453380089977374,
                    "x2": 6.0
                },
                "metrics": {
                    "outcome": 5.721220775516001e-17
                },
                "metadata": {
                    "trials": 1
                }
            },
            {
                "query": {
                    "x1": 2.4353136198351812,
                    "x2": 0.014765617038026146
                },
                "metrics": {
                    "outcome": 0.006467957516723734
                },
                "metadata": {
                    "trials": 1
                }
            }
        ],
        [
            {
                "query": {
                    "x1": 3.5198292927513055,
                    "x2": 6.0
                },
                "metrics": {
                    "outcome": 3.399067722715618e-21
                },
                "metadata": {
                    "trials": 1
                }
            },
            {
                "query": {
                    "x1": 3.8969539301005574,
                    "x2": -0.353494376781315
                },
                "metrics": {
                    "outcome": 8.732770274319421e-07
                },
                "metadata": {
                    "trials": 1
                }
            },
            {
                "query": {
                    "x1": 1.1069562496475664,
                    "x2": 4.588617266374577
                },
                "metrics": {
                    "outcome": 2.3319492491105566e-10
                },
                "metadata": {
                    "trials": 1
                }
            }
        ],
        [
            {
                "query": {
                    "x1": -2.0,
                    "x2": 0.5719110034077972
                },
                "metrics": {
                    "outcome": -0.02641204784249829
                },
                "metadata": {
                    "trials": 1
                }
            },
            {
                "query": {
                    "x1": -1.5273683494424326,
                    "x2": 0.5965017568103819
                },
                "metrics": {
                    "outcome": -0.10381734735311231
                },
                "metadata": {
                    "trials": 1
                }
            },
            {
                "query": {
                    "x1": 4.644635348648273,
                    "x2": 0.506455718195121
                },
                "metrics": {
                    "outcome": 1.5370174006446447e-09
                },
                "metadata": {
                    "trials": 1
                }
            }
        ],
        [
            {
                "query": {
                    "x1": 6.0,
                    "x2": 5.6641598705940135
                },
                "metrics": {
                    "outcome": 1.6225843021169504e-29
                },
                "metadata": {
                    "trials": 1
                }
            },
            {
                "query": {
                    "x1": 5.210746574420832,
                    "x2": 5.63128927199441
                },
                "metrics": {
                    "outcome": 1.421982093841645e-25
                },
                "metadata": {
                    "trials": 1
                }
            },
            {
                "query": {
                    "x1": 4.482888076512141,
                    "x2": 5.566166117606506
                },
                "metrics": {
                    "outcome": 2.940703355204671e-22
                },
                "metadata": {
                    "trials": 1
                }
            }
        ],
        [
            {
                "query": {
                    "x1": 4.430822529225765,
                    "x2": 0.04736842015768605
                },
                "metrics": {
                    "outcome": 1.3163120575130195e-08
                },
                "metadata": {
                    "trials": 1
                }
            },
            {
                "query": {
                    "x1": -2.0,
                    "x2": -0.5618596338393798
                },
                "metrics": {
                    "outcome": -0.026714759726216255
                },
                "metadata": {
                    "trials": 1
                }
            },
            {
                "query": {
                    "x1": 6.0,
                    "x2": 1.1148212734170992
                },
                "metrics": {
                    "outcome": 4.0160325421012744e-16
                },
                "metadata": {
                    "trials": 1
                }
            }
        ],
        [
            {
                "query": {
                    "x1": -2.0,
                    "x2": 2.3410144347887565
                },
                "metrics": {
                    "outcome": -0.00015267464511129882
                },
                "metadata": {
                    "trials": 1
                }
            },
            {
                "query": {
                    "x1": -1.3085446612257852,
                    "x2": 2.273786220986028
                },
                "metrics": {
                    "outcome": -0.0013421568960707818
                },
                "metadata": {
                    "trials": 1
                }
            },
            {
                "query": {
                    "x1": -0.5504349131918223,
                    "x2": 2.238893233465096
                },
                "metrics": {
                    "outcome": -0.002704960237307797
                },
                "metadata": {
                    "trials": 1
                }
            }
        ],
        [
            {
                "query": {
                    "x1": 4.8315064460519555,
                    "x2": 4.93236360292891
                },
                "metrics": {
                    "outcome": 9.561838456728513e-21
                },
                "metadata": {
                    "trials": 1
                }
            },
            {
                "query": {
                    "x1": 2.509005234108195,
                    "x2": 1.451881921159572
                },
                "metrics": {
                    "outcome": 0.0005624647883932729
                },
                "metadata": {
                    "trials": 1
                }
            },
            {
                "query": {
                    "x1": 6.0,
                    "x2": -1.0576881584174562
                },
                "metrics": {
                    "outcome": 4.546768299120061e-16
                },
                "metadata": {
                    "trials": 1
                }
            }
        ],
        [
            {
                "query": {
                    "x1": 5.507897018243827,
                    "x2": 1.2714967156503238
                },
                "metrics": {
                    "outcome": 7.306327286804191e-14
                },
                "metadata": {
                    "trials": 1
                }
            },
            {
                "query": {
                    "x1": -0.13391201364786598,
                    "x2": 0.027023709735973345
                },
                "metrics": {
                    "outcome": -0.13143602895538814
                },
                "metadata": {
                    "trials": 1
                }
            },
            {
                "query": {
                    "x1": 0.10554054632362275,
                    "x2": 4.491668345023085
                },
                "metrics": {
                    "outcome": 1.8057346671407183e-10
                },
                "metadata": {
                    "trials": 1
                }
            }
        ],
        [
            {
                "query": {
                    "x1": -1.213922583170529,
                    "x2": -0.18944725078764812
                },
                "metrics": {
                    "outcome": -0.26830218487005286
                },
                "metadata": {
                    "trials": 1
                }
            },
            {
                "query": {
                    "x1": 2.612892789993225,
                    "x2": 4.98025919729543
                },
                "metrics": {
                    "outcome": 4.789657251721472e-14
                },
                "metadata": {
                    "trials": 1
                }
            },
            {
                "query": {
                    "x1": 0.8000687267143771,
                    "x2": -2.0
                },
                "metrics": {
                    "outcome": 0.0077259721915532995
                },
                "metadata": {
                    "trials": 1
                }
            }
        ],
        [
            {
                "query": {
                    "x1": -1.4657353375417532,
                    "x2": -0.7089842606086716
                },
                "metrics": {
                    "outcome": -0.10344846550758606
                },
                "metadata": {
                    "trials": 1
                }
            },
            {
                "query": {
                    "x1": 1.6252793555879332,
                    "x2": 0.9838934602936646
                },
                "metrics": {
                    "outcome": 0.04398530787435954
                },
                "metadata": {
                    "trials": 1
                }
            },
            {
                "query": {
                    "x1": 5.723325733899927,
                    "x2": -2.0
                },
                "metrics": {
                    "outcome": 6.230484446353129e-16
                },
                "metadata": {
                    "trials": 1
                }
            }
        ],
        [
            {
                "query": {
                    "x1": -1.7161786242039483,
                    "x2": 2.546028094613108
                },
                "metrics": {
                    "outcome": -0.00013811442637876105
                },
                "metadata": {
                    "trials": 1
                }
            },
            {
                "query": {
                    "x1": 1.2784860629733958,
                    "x2": 2.9065123752823254
                },
                "metrics": {
                    "outcome": 5.3455331059880684e-05
                },
                "metadata": {
                    "trials": 1
                }
            },
            {
                "query": {
                    "x1": 1.5379192533034538,
                    "x2": 5.078781904902281
                },
                "metrics": {
                    "outcome": 9.068576540322865e-13
                },
                "metadata": {
                    "trials": 1
                }
            }
        ],
        [
            {
                "query": {
                    "x1": 2.7928230352318817,
                    "x2": -0.9581109325376955
                },
                "metrics": {
                    "outcome": 0.0004570196636489404
                },
                "metadata": {
                    "trials": 1
                }
            },
            {
                "query": {
                    "x1": -1.007515697681725,
                    "x2": 0.14611481124666792
                },
                "metrics": {
                    "outcome": -0.35738207778967784
                },
                "metadata": {
                    "trials": 1
                }
            },
            {
                "query": {
                    "x1": 5.737672915594125,
                    "x2": 6.0
                },
                "metrics": {
                    "outcome": 6.710785553619937e-30
                },
                "metadata": {
                    "trials": 1
                }
            }
        ],
        [
            {
                "query": {
                    "x1": 3.637400776387019,
                    "x2": 0.7320529369574871
                },
                "metrics": {
                    "outcome": 3.819784477604784e-06
                },
                "metadata": {
                    "trials": 1
                }
            },
            {
                "query": {
                    "x1": 0.4690569272799081,
                    "x2": -1.074077195417585
                },
                "metrics": {
                    "outcome": 0.11875563785514444
                },
                "metadata": {
                    "trials": 1
                }
            },
            {
                "query": {
                    "x1": 5.64664911240312,
                    "x2": 2.8888042459213983
                },
                "metrics": {
                    "outcome": 1.9063162270134024e-17
                },
                "metadata": {
                    "trials": 1
                }
            }
        ],
        [
            {
                "query": {
                    "x1": -0.36214562244069337,
                    "x2": -0.10891206952661547
                },
                "metrics": {
                    "outcome": -0.31388764773885375
                },
                "metadata": {
                    "trials": 1
                }
            },
            {
                "query": {
                    "x1": 0.62283315381839,
                    "x2": 1.8646806339373039
                },
                "metrics": {
                    "outcome": 0.013056990592855528
                },
                "metadata": {
                    "trials": 1
                }
            },
            {
                "query": {
                    "x1": 4.433278062855938,
                    "x2": -2.0
                },
                "metrics": {
                    "outcome": 2.3656097870788275e-10
                },
                "metadata": {
                    "trials": 1
                }
            }
        ],
        [
            {
                "query": {
                    "x1": 3.4101146136277682,
                    "x2": 3.5481816944780924
                },
                "metrics": {
                    "outcome": 1.0347106439823202e-10
                },
                "metadata": {
                    "trials": 1
                }
            },
            {
                "query": {
                    "x1": -0.6104119922449753,
                    "x2": -0.005335248446951546
                },
                "metrics": {
                    "outcome": -0.42052455024116625
                },
                "metadata": {
                    "trials": 1
                }
            },
            {
                "query": {
                    "x1": -0.052266836060269606,
                    "x2": -2.0
                },
                "metrics": {
                    "outcome": -0.000954688889283601
                },
                "metadata": {
                    "trials": 1
                }
            }
        ],
        [
            {
                "query": {
                    "x1": 2.0776659298016433,
                    "x2": 5.325699807586742
                },
                "metrics": {
                    "outcome": 1.3333069170290573e-14
                },
                "metadata": {
                    "trials": 1
                }
            },
            {
                "query": {
                    "x1": 2.2759154980319236,
                    "x2": 2.8261064983994455
                },
                "metrics": {
                    "outcome": 4.354560347293399e-06
                },
                "metadata": {
                    "trials": 1
                }
            },
            {
                "query": {
                    "x1": -1.0111215779146776,
                    "x2": -0.4570937290224337
                },
                "metrics": {
                    "outcome": -0.2951589262902811
                },
                "metadata": {
                    "trials": 1
                }
            }
        ],
        [
            {
                "query": {
                    "x1": 3.0059401165976567,
                    "x2": 1.7928024789900001
                },
                "metrics": {
                    "outcome": 1.4386412928954438e-05
                },
                "metadata": {
                    "trials": 1
                }
            },
            {
                "query": {
                    "x1": 4.2634904161534735,
                    "x2": 2.401839088886377
                },
                "metrics": {
                    "outcome": 1.6985204757140888e-10
                },
                "metadata": {
                    "trials": 1
                }
            },
            {
                "query": {
                    "x1": -0.5318182278247123,
                    "x2": -0.3158487858628276
                },
                "metrics": {
                    "outcome": -0.3627488316543587
                },
                "metadata": {
                    "trials": 1
                }
            }
        ]
    ],
    "best_results": [
        {
            "query": {
                "x1": -0.7218751114545441,
                "x2": -0.005680101121046555
            },
            "metrics": [
                {
                    "name": "outcome",
                    "value": -0.42868235267731475
                }
            ]
        }
    ]
}