{
    "date": "04/11/2022 13:58:31",
    "basic_params": {
        "active_variables": [
            "x1",
            "x2"
        ],
        "default_query": {},
        "metric": "basic",
        "n_trials": 1
    },
    "objective_function": {
        "name": "Gramacy2D",
        "params": {}
    },
    "optimizer": {
        "name": "BBO-LP(LCBa)",
        "params": {
            "lower_bound": [
                -2.0,
                -2.0
            ],
            "upper_bound": [
                6.0,
                6.0
            ],
            "invert_metric": false,
            "bopt_params": {
                "n_init_samples": 15,
                "n_iterations": 45,
                "n_iter_relearn": 5,
                "verbose_level": 1,
                "n_parallel_samples": 3,
                "par_type": "PAR_BBO",
                "crit_name": "cLP(cLCBa)",
                "n_crit_params": 3,
                "crit_params": [
                    3,
                    1,
                    5.0
                ]
            }
        }
    },
    "iterations": [
        [
            {
                "query": {
                    "x1": 1.3160116314888,
                    "x2": 4.618079186603427
                },
                "metrics": {
                    "outcome": 1.273685432463954e-10
                },
                "metadata": {
                    "trials": 1
                }
            }
        ],
        [
            {
                "query": {
                    "x1": 2.1286307261635864,
                    "x2": 1.6022570385287205
                },
                "metrics": {
                    "outcome": 0.0017593383740484446
                },
                "metadata": {
                    "trials": 1
                }
            }
        ],
        [
            {
                "query": {
                    "x1": 0.605785859997074,
                    "x2": -0.9219282685468595
                },
                "metrics": {
                    "outcome": 0.17939647789883656
                },
                "metadata": {
                    "trials": 1
                }
            }
        ],
        [
            {
                "query": {
                    "x1": 3.1010671358555557,
                    "x2": -1.327519321317474
                },
                "metrics": {
                    "outcome": 3.5457397948172756e-05
                },
                "metadata": {
                    "trials": 1
                }
            }
        ],
        [
            {
                "query": {
                    "x1": 5.9971597261726854,
                    "x2": 5.361785059794784
                },
                "metrics": {
                    "outcome": 4.70678353440495e-28
                },
                "metadata": {
                    "trials": 1
                }
            }
        ],
        [
            {
                "query": {
                    "x1": -1.2778014195462069,
                    "x2": 3.650481725359956
                },
                "metrics": {
                    "outcome": -4.0732585924951637e-07
                },
                "metadata": {
                    "trials": 1
                }
            }
        ],
        [
            {
                "query": {
                    "x1": 4.385304789617658,
                    "x2": 2.4116050822039448
                },
                "metrics": {
                    "outcome": 5.8121931801652066e-11
                },
                "metadata": {
                    "trials": 1
                }
            }
        ],
        [
            {
                "query": {
                    "x1": 4.404640591392915,
                    "x2": -1.706973306213816
                },
                "metrics": {
                    "outcome": 8.970065583491345e-10
                },
                "metadata": {
                    "trials": 1
                }
            }
        ],
        [
            {
                "query": {
                    "x1": 5.092350514605641,
                    "x2": 1.7893671482801436
                },
                "metrics": {
                    "outcome": 1.133026165342744e-12
                },
                "metadata": {
                    "trials": 1
                }
            }
        ],
        [
            {
                "query": {
                    "x1": 1.0517887212336063,
                    "x2": 0.7209798049181702
                },
                "metrics": {
                    "outcome": 0.20688770219488173
                },
                "metadata": {
                    "trials": 1
                }
            }
        ],
        [
            {
                "query": {
                    "x1": -1.474098188057542,
                    "x2": 0.1838277664035557
                },
                "metrics": {
                    "outcome": -0.16223462146464945
                },
                "metadata": {
                    "trials": 1
                }
            }
        ],
        [
            {
                "query": {
                    "x1": -0.7531430526326099,
                    "x2": 4.16308639186124
                },
                "metrics": {
                    "outcome": -1.2695568312912723e-08
                },
                "metadata": {
                    "trials": 1
                }
            }
        ],
        [
            {
                "query": {
                    "x1": 3.5390403824547922,
                    "x2": -0.2358768045902253
                },
                "metrics": {
                    "outcome": 1.2169361911622256e-05
                },
                "metadata": {
                    "trials": 1
                }
            }
        ],
        [
            {
                "query": {
                    "x1": -0.0008580566694338376,
                    "x2": 5.883268432567517
                },
                "metrics": {
                    "outcome": -7.967957358020716e-19
                },
                "metadata": {
                    "trials": 1
                }
            }
        ],
        [
            {
                "query": {
                    "x1": 2.3018650646011034,
                    "x2": 3.030754359935721
                },
                "metrics": {
                    "outcome": 1.1796001015550126e-06
                },
                "metadata": {
                    "trials": 1
                }
            }
        ],
        [
            {
                "query": {
                    "x1": -2.0,
                    "x2": -1.9999999999999993
                },
                "metrics": {
                    "outcome": -0.0006709252558050254
                },
                "metadata": {
                    "trials": 1
                }
            },
            {
                "query": {
                    "x1": 6.0,
                    "x2": -1.99999999999997
                },
                "metrics": {
                    "outcome": 2.5490125531752612e-17
                },
                "metadata": {
                    "trials": 1
                }
            },
            {
                "query": {
                    "x1": -2.0,
                    "x2": 0.21770102510023825
                },
                "metrics": {
                    "outcome": -0.0349356823294139
                },
                "metadata": {
                    "trials": 1
                }
            }
        ],
        [
            {
                "query": {
                    "x1": -0.8144434059874901,
                    "x2": -2.0
                },
                "metrics": {
                    "outcome": -0.0076843583596213315
                },
                "metadata": {
                    "trials": 1
                }
            },
            {
                "query": {
                    "x1": 4.700891791028921,
                    "x2": 6.0
                },
                "metrics": {
                    "outcome": 2.756594186609861e-25
                },
                "metadata": {
                    "trials": 1
                }
            },
            {
                "query": {
                    "x1": -0.7544991158065788,
                    "x2": -0.29961411572294305
                },
                "metrics": {
                    "outcome": -0.3903393824894817
                },
                "metadata": {
                    "trials": 1
                }
            }
        ],
        [
            {
                "query": {
                    "x1": -0.36948142237273474,
                    "x2": 1.0572899003710443
                },
                "metrics": {
                    "outcome": -0.10539571772351942
                },
                "metadata": {
                    "trials": 1
                }
            },
            {
                "query": {
                    "x1": -0.3139335250519515,
                    "x2": 1.625235286729577
                },
                "metrics": {
                    "outcome": -0.02027193190400065
                },
                "metadata": {
                    "trials": 1
                }
            },
            {
                "query": {
                    "x1": -0.3910841874376534,
                    "x2": 0.49549154058505707
                },
                "metrics": {
                    "outcome": -0.2625559340671509
                },
                "metadata": {
                    "trials": 1
                }
            }
        ],
        [
            {
                "query": {
                    "x1": -0.4634132865234084,
                    "x2": -0.6880892952986881
                },
                "metrics": {
                    "outcome": -0.2328514114366956
                },
                "metadata": {
                    "trials": 1
                }
            },
            {
                "query": {
                    "x1": -0.5223797283561333,
                    "x2": -0.4176999410603448
                },
                "metrics": {
                    "outcome": -0.3339665876573938
                },
                "metadata": {
                    "trials": 1
                }
            },
            {
                "query": {
                    "x1": -0.412738138765804,
                    "x2": -0.9575894866457442
                },
                "metrics": {
                    "outcome": -0.1391403240121863
                },
                "metadata": {
                    "trials": 1
                }
            }
        ],
        [
            {
                "query": {
                    "x1": -2.0,
                    "x2": 5.999999999994001
                },
                "metrics": {
                    "outcome": -8.496708511194815e-18
                },
                "metadata": {
                    "trials": 1
                }
            },
            {
                "query": {
                    "x1": -0.752350684271631,
                    "x2": -0.028998585049021086
                },
                "metrics": {
                    "outcome": -0.4268062147783853
                },
                "metadata": {
                    "trials": 1
                }
            },
            {
                "query": {
                    "x1": -0.7838271816336484,
                    "x2": -0.19848884657207666
                },
                "metrics": {
                    "outcome": -0.40764866636374275
                },
                "metadata": {
                    "trials": 1
                }
            }
        ],
        [
            {
                "query": {
                    "x1": 3.3458930788001835,
                    "x2": 6.0
                },
                "metrics": {
                    "outcome": 1.06655626289076e-20
                },
                "metadata": {
                    "trials": 1
                }
            },
            {
                "query": {
                    "x1": 1.818843479520333,
                    "x2": -2.0
                },
                "metrics": {
                    "outcome": 0.0012186753915663763
                },
                "metadata": {
                    "trials": 1
                }
            },
            {
                "query": {
                    "x1": 6.0,
                    "x2": 1.654903566531131
                },
                "metrics": {
                    "outcome": 8.997981150922888e-17
                },
                "metadata": {
                    "trials": 1
                }
            }
        ],
        [
            {
                "query": {
                    "x1": 2.1890395752560465,
                    "x2": 6.0
                },
                "metrics": {
                    "outcome": 4.2126854118040104e-18
                },
                "metadata": {
                    "trials": 1
                }
            },
            {
                "query": {
                    "x1": 3.2429672553213242,
                    "x2": 2.7520953936956403
                },
                "metrics": {
                    "outcome": 4.510029971718145e-08
                },
                "metadata": {
                    "trials": 1
                }
            },
            {
                "query": {
                    "x1": 5.2252753847601765,
                    "x2": -2.0
                },
                "metrics": {
                    "outcome": 1.3279160902712125e-13
                },
                "metadata": {
                    "trials": 1
                }
            }
        ],
        [
            {
                "query": {
                    "x1": -1.1699297738137822,
                    "x2": 6.0
                },
                "metrics": {
                    "outcome": -6.904370589661142e-17
                },
                "metadata": {
                    "trials": 1
                }
            },
            {
                "query": {
                    "x1": 0.5230612262193977,
                    "x2": 3.513416178337004
                },
                "metrics": {
                    "outcome": 1.7328501093105574e-06
                },
                "metadata": {
                    "trials": 1
                }
            },
            {
                "query": {
                    "x1": 5.338670025872759,
                    "x2": 4.543783807806874
                },
                "metrics": {
                    "outcome": 2.415471675406633e-21
                },
                "metadata": {
                    "trials": 1
                }
            }
        ],
        [
            {
                "query": {
                    "x1": 3.9905293545627973,
                    "x2": 5.016619076324546
                },
                "metrics": {
                    "outcome": 5.695429891005673e-18
                },
                "metadata": {
                    "trials": 1
                }
            },
            {
                "query": {
                    "x1": 0.8126699785534615,
                    "x2": 6.0
                },
                "metrics": {
                    "outcome": 9.738468864935006e-17
                },
                "metadata": {
                    "trials": 1
                }
            },
            {
                "query": {
                    "x1": 2.710099297003673,
                    "x2": 0.4971195694530337
                },
                "metrics": {
                    "outcome": 0.0013674866435508866
                },
                "metadata": {
                    "trials": 1
                }
            }
        ],
        [
            {
                "query": {
                    "x1": 1.1566930024095385,
                    "x2": -2.0
                },
                "metrics": {
                    "outcome": 0.005558796626998397
                },
                "metadata": {
                    "trials": 1
                }
            },
            {
                "query": {
                    "x1": -2.0,
                    "x2": 3.221451915063348
                },
                "metrics": {
                    "outcome": -1.1398598285781168e-06
                },
                "metadata": {
                    "trials": 1
                }
            },
            {
                "query": {
                    "x1": 3.7554045615729645,
                    "x2": -2.0
                },
                "metrics": {
                    "outcome": 5.1593641322479624e-08
                },
                "metadata": {
                    "trials": 1
                }
            }
        ],
        [
            {
                "query": {
                    "x1": -2.0,
                    "x2": 2.376234898364787
                },
                "metrics": {
                    "outcome": -0.0001293038998165928
                },
                "metadata": {
                    "trials": 1
                }
            },
            {
                "query": {
                    "x1": 6.0,
                    "x2": 3.8651814421313766
                },
                "metrics": {
                    "outcome": 4.522224118788075e-22
                },
                "metadata": {
                    "trials": 1
                }
            },
            {
                "query": {
                    "x1": -1.0986812629062883,
                    "x2": 2.360229169042851
                },
                "metrics": {
                    "outcome": -0.0012511756631633873
                },
                "metadata": {
                    "trials": 1
                }
            }
        ],
        [
            {
                "query": {
                    "x1": -2.0,
                    "x2": 5.212942152020339
                },
                "metrics": {
                    "outcome": -5.780976437072411e-14
                },
                "metadata": {
                    "trials": 1
                }
            },
            {
                "query": {
                    "x1": -2.0,
                    "x2": -1.483417027943372
                },
                "metrics": {
                    "outcome": -0.004056726553319383
                },
                "metadata": {
                    "trials": 1
                }
            },
            {
                "query": {
                    "x1": -1.5379135654921197,
                    "x2": -1.4938133449695377
                },
                "metrics": {
                    "outcome": -0.01551062859386289
                },
                "metadata": {
                    "trials": 1
                }
            }
        ],
        [
            {
                "query": {
                    "x1": 6.0,
                    "x2": 3.283802560670116
                },
                "metrics": {
                    "outcome": 2.886665620940446e-20
                },
                "metadata": {
                    "trials": 1
                }
            },
            {
                "query": {
                    "x1": 6.0,
                    "x2": 0.1323584560096589
                },
                "metrics": {
                    "outcome": 1.3675449203059477e-15
                },
                "metadata": {
                    "trials": 1
                }
            },
            {
                "query": {
                    "x1": 5.26052654743894,
                    "x2": 0.12934447075928412
                },
                "metrics": {
                    "outcome": 4.959885686120286e-12
                },
                "metadata": {
                    "trials": 1
                }
            }
        ],
        [
            {
                "query": {
                    "x1": 6.0,
                    "x2": 1.116246393381775
                },
                "metrics": {
                    "outcome": 4.0032836881891197e-16
                },
                "metadata": {
                    "trials": 1
                }
            },
            {
                "query": {
                    "x1": -2.0,
                    "x2": 2.7810206335184047
                },
                "metrics": {
                    "outcome": -1.6031923841233514e-05
                },
                "metadata": {
                    "trials": 1
                }
            },
            {
                "query": {
                    "x1": -2.0,
                    "x2": 4.769405378855102
                },
                "metrics": {
                    "outcome": -4.840125395898971e-12
                },
                "metadata": {
                    "trials": 1
                }
            }
        ],
        [
            {
                "query": {
                    "x1": -2.0,
                    "x2": 1.9864414881137575
                },
                "metrics": {
                    "outcome": -0.0007081868369129061
                },
                "metadata": {
                    "trials": 1
                }
            },
            {
                "query": {
                    "x1": -1.3403185884399667,
                    "x2": 1.9912355009059723
                },
                "metrics": {
                    "outcome": -0.004217277925917252
                },
                "metadata": {
                    "trials": 1
                }
            },
            {
                "query": {
                    "x1": -0.6841821388281917,
                    "x2": 1.9940052049402377
                },
                "metrics": {
                    "outcome": -0.008037050885307142
                },
                "metadata": {
                    "trials": 1
                }
            }
        ],
        [
            {
                "query": {
                    "x1": 6.0,
                    "x2": -0.9551455079318669
                },
                "metrics": {
                    "outcome": 5.589098565806066e-16
                },
                "metadata": {
                    "trials": 1
                }
            },
            {
                "query": {
                    "x1": -2.0,
                    "x2": -0.6152882327805418
                },
                "metrics": {
                    "outcome": -0.02508632432748602
                },
                "metadata": {
                    "trials": 1
                }
            },
            {
                "query": {
                    "x1": 6.0,
                    "x2": 2.7704927018260763
                },
                "metrics": {
                    "outcome": 6.457526987598843e-19
                },
                "metadata": {
                    "trials": 1
                }
            }
        ],
        [
            {
                "query": {
                    "x1": 6.0,
                    "x2": -1.3644458002237474
                },
                "metrics": {
                    "outcome": 2.162810677464677e-16
                },
                "metadata": {
                    "trials": 1
                }
            },
            {
                "query": {
                    "x1": -2.0,
                    "x2": 0.8871224681400385
                },
                "metrics": {
                    "outcome": -0.01667509328457179
                },
                "metadata": {
                    "trials": 1
                }
            },
            {
                "query": {
                    "x1": 2.893716737025149,
                    "x2": 4.0596985948532955
                },
                "metrics": {
                    "outcome": 4.647031049778587e-11
                },
                "metadata": {
                    "trials": 1
                }
            }
        ],
        [
            {
                "query": {
                    "x1": 2.1288615185322444,
                    "x2": 5.413884997901753
                },
                "metrics": {
                    "outcome": 4.272339621027212e-15
                },
                "metadata": {
                    "trials": 1
                }
            },
            {
                "query": {
                    "x1": 2.9483559015896343,
                    "x2": 5.46575941628276
                },
                "metrics": {
                    "outcome": 5.248098157569491e-17
                },
                "metadata": {
                    "trials": 1
                }
            },
            {
                "query": {
                    "x1": 1.3188599873529743,
                    "x2": 5.372590324973312
                },
                "metrics": {
                    "outcome": 6.745263488561323e-14
                },
                "metadata": {
                    "trials": 1
                }
            }
        ],
        [
            {
                "query": {
                    "x1": 1.3589304449230961,
                    "x2": 0.04551878140269361
                },
                "metrics": {
                    "outcome": 0.21393865566774528
                },
                "metadata": {
                    "trials": 1
                }
            },
            {
                "query": {
                    "x1": 1.7250413242674751,
                    "x2": 0.06021280162285203
                },
                "metrics": {
                    "outcome": 0.08767292540079527
                },
                "metadata": {
                    "trials": 1
                }
            },
            {
                "query": {
                    "x1": 0.9952739375666972,
                    "x2": 0.026864085326519405
                },
                "metrics": {
                    "outcome": 0.3693431373742892
                },
                "metadata": {
                    "trials": 1
                }
            }
        ],
        [
            {
                "query": {
                    "x1": 6.0,
                    "x2": -0.42708248941490123
                },
                "metrics": {
                    "outcome": 1.1596710778988723e-15
                },
                "metadata": {
                    "trials": 1
                }
            },
            {
                "query": {
                    "x1": 5.812097650891752,
                    "x2": -0.4348831558083659
                },
                "metrics": {
                    "outcome": 1.0268854501139624e-14
                },
                "metadata": {
                    "trials": 1
                }
            },
            {
                "query": {
                    "x1": 5.6224588206622785,
                    "x2": -0.44359929861900027
                },
                "metrics": {
                    "outcome": 8.620446271201059e-14
                },
                "metadata": {
                    "trials": 1
                }
            }
        ],
        [
            {
                "query": {
                    "x1": 2.4811349183211906,
                    "x2": -2.0
                },
                "metrics": {
                    "outcome": 9.637011651531938e-05
                },
                "metadata": {
                    "trials": 1
                }
            },
            {
                "query": {
                    "x1": 0.1894411556126281,
                    "x2": -2.0
                },
                "metrics": {
                    "outcome": 0.0033474220102011417
                },
                "metadata": {
                    "trials": 1
                }
            },
            {
                "query": {
                    "x1": 3.854348114622276,
                    "x2": 2.1227983462955384
                },
                "metrics": {
                    "outcome": 1.503221433618162e-08
                },
                "metadata": {
                    "trials": 1
                }
            }
        ],
        [
            {
                "query": {
                    "x1": -0.5171936297226223,
                    "x2": 6.0
                },
                "metrics": {
                    "outcome": -9.180846220422235e-17
                },
                "metadata": {
                    "trials": 1
                }
            },
            {
                "query": {
                    "x1": 0.2182784296072784,
                    "x2": 0.9431764990162335
                },
                "metrics": {
                    "outcome": 0.08550236759834072
                },
                "metadata": {
                    "trials": 1
                }
            },
            {
                "query": {
                    "x1": 5.5116338267614085,
                    "x2": 6.0
                },
                "metrics": {
                    "outcome": 8.196615752913999e-29
                },
                "metadata": {
                    "trials": 1
                }
            }
        ],
        [
            {
                "query": {
                    "x1": 4.671031639278325,
                    "x2": 0.14917272775423474
                },
                "metrics": {
                    "outcome": 1.5278426598717101e-09
                },
                "metadata": {
                    "trials": 1
                }
            },
            {
                "query": {
                    "x1": -1.618898352164727,
                    "x2": 6.0
                },
                "metrics": {
                    "outcome": -2.7315264568767986e-17
                },
                "metadata": {
                    "trials": 1
                }
            },
            {
                "query": {
                    "x1": 4.7662417929458005,
                    "x2": 3.9837641194437987
                },
                "metrics": {
                    "outcome": 8.315051472843679e-17
                },
                "metadata": {
                    "trials": 1
                }
            }
        ],
        [
            {
                "query": {
                    "x1": 4.097537770387278,
                    "x2": -0.10322718219501392
                },
                "metrics": {
                    "outcome": 2.070955861566751e-07
                },
                "metadata": {
                    "trials": 1
                }
            },
            {
                "query": {
                    "x1": 1.6917292364139804,
                    "x2": 2.8423888337906087
                },
                "metrics": {
                    "outcome": 2.9968285988555664e-05
                },
                "metadata": {
                    "trials": 1
                }
            },
            {
                "query": {
                    "x1": -0.04430486535159517,
                    "x2": 3.952795091737709
                },
                "metrics": {
                    "outcome": -7.2431275703573335e-09
                },
                "metadata": {
                    "trials": 1
                }
            }
        ],
        [
            {
                "query": {
                    "x1": 5.59476791590866,
                    "x2": 2.484473356992866
                },
                "metrics": {
                    "outcome": 2.971769164334712e-16
                },
                "metadata": {
                    "trials": 1
                }
            },
            {
                "query": {
                    "x1": 3.5629682947371,
                    "x2": 4.250922114618236
                },
                "metrics": {
                    "outcome": 1.5513388048468298e-13
                },
                "metadata": {
                    "trials": 1
                }
            },
            {
                "query": {
                    "x1": 0.9431117878390438,
                    "x2": 3.3159361548748425
                },
                "metrics": {
                    "outcome": 6.50159591351147e-06
                },
                "metadata": {
                    "trials": 1
                }
            }
        ],
        [
            {
                "query": {
                    "x1": 0.40265654794457983,
                    "x2": 6.0
                },
                "metrics": {
                    "outcome": 7.941823958301487e-17
                },
                "metadata": {
                    "trials": 1
                }
            },
            {
                "query": {
                    "x1": 2.2144223602428266,
                    "x2": -0.6761732385210315
                },
                "metrics": {
                    "outcome": 0.010400669977542628
                },
                "metadata": {
                    "trials": 1
                }
            },
            {
                "query": {
                    "x1": 4.8134012913519495,
                    "x2": -2.0
                },
                "metrics": {
                    "outcome": 7.64149364802877e-12
                },
                "metadata": {
                    "trials": 1
                }
            }
        ],
        [
            {
                "query": {
                    "x1": 1.740884437638298,
                    "x2": 6.0
                },
                "metrics": {
                    "outcome": 1.949672163711001e-17
                },
                "metadata": {
                    "trials": 1
                }
            },
            {
                "query": {
                    "x1": 3.79497105477439,
                    "x2": 6.0
                },
                "metrics": {
                    "outcome": 4.897591349389668e-22
                },
                "metadata": {
                    "trials": 1
                }
            },
            {
                "query": {
                    "x1": 3.1229604219008484,
                    "x2": 0.7286459388721487
                },
                "metrics": {
                    "outcome": 0.00010674953136635779
                },
                "metadata": {
                    "trials": 1
                }
            }
        ],
        [
            {
                "query": {
                    "x1": -0.028483216155124058,
                    "x2": -0.4588647178902132
                },
                "metrics": {
                    "outcome": -0.023056480602232247
                },
                "metadata": {
                    "trials": 1
                }
            },
            {
                "query": {
                    "x1": -1.175366257325299,
                    "x2": -1.3543234474653851
                },
                "metrics": {
                    "outcome": -0.04716524313875022
                },
                "metadata": {
                    "trials": 1
                }
            },
            {
                "query": {
                    "x1": -1.16111454206587,
                    "x2": 0.14980609212952922
                },
                "metrics": {
                    "outcome": -0.2948618052811611
                },
                "metadata": {
                    "trials": 1
                }
            }
        ],
        [
            {
                "query": {
                    "x1": -1.6927615002877565,
                    "x2": 3.5245379280111733
                },
                "metrics": {
                    "outcome": -3.883154222513586e-07
                },
                "metadata": {
                    "trials": 1
                }
            },
            {
                "query": {
                    "x1": 5.635189799999861,
                    "x2": -2.0
                },
                "metrics": {
                    "outcome": 1.669364712129498e-15
                },
                "metadata": {
                    "trials": 1
                }
            },
            {
                "query": {
                    "x1": 2.697485485742975,
                    "x2": 2.303972519212831
                },
                "metrics": {
                    "outcome": 9.23604053590427e-06
                },
                "metadata": {
                    "trials": 1
                }
            }
        ],
        [
            {
                "query": {
                    "x1": 1.3299136400139107,
                    "x2": 2.351058879455808
                },
                "metrics": {
                    "outcome": 0.0009018754434323772
                },
                "metadata": {
                    "trials": 1
                }
            },
            {
                "query": {
                    "x1": 0.7226694188870688,
                    "x2": -2.0
                },
                "metrics": {
                    "outcome": 0.007851470140565125
                },
                "metadata": {
                    "trials": 1
                }
            },
            {
                "query": {
                    "x1": 3.3881589312475313,
                    "x2": -2.0
                },
                "metrics": {
                    "outcome": 6.415785213499629e-07
                },
                "metadata": {
                    "trials": 1
                }
            }
        ],
        [
            {
                "query": {
                    "x1": 6.0,
                    "x2": 5.6873891456428405
                },
                "metrics": {
                    "outcome": 1.2464903372914875e-29
                },
                "metadata": {
                    "trials": 1
                }
            },
            {
                "query": {
                    "x1": 5.748359219055581,
                    "x2": 5.687154921132707
                },
                "metrics": {
                    "outcome": 2.3023544113142016e-28
                },
                "metadata": {
                    "trials": 1
                }
            },
            {
                "query": {
                    "x1": 5.496198223904843,
                    "x2": 5.686919881181992
                },
                "metrics": {
                    "outcome": 3.760686349904341e-27
                },
                "metadata": {
                    "trials": 1
                }
            }
        ],
        [
            {
                "query": {
                    "x1": 6.0,
                    "x2": -1.8564630923262944
                },
                "metrics": {
                    "outcome": 4.433772655861666e-17
                },
                "metadata": {
                    "trials": 1
                }
            },
            {
                "query": {
                    "x1": 5.780189521718636,
                    "x2": -1.8565771886706663
                },
                "metrics": {
                    "outcome": 5.687826531710603e-16
                },
                "metadata": {
                    "trials": 1
                }
            },
            {
                "query": {
                    "x1": 5.558617955137236,
                    "x2": -1.856674128599144
                },
                "metrics": {
                    "outcome": 6.744001965011649e-15
                },
                "metadata": {
                    "trials": 1
                }
            }
        ],
        [
            {
                "query": {
                    "x1": -2.0,
                    "x2": 3.779750435238139
                },
                "metrics": {
                    "outcome": -2.28716845927992e-08
                },
                "metadata": {
                    "trials": 1
                }
            },
            {
                "query": {
                    "x1": -1.834504807331681,
                    "x2": 3.779129515363908
                },
                "metrics": {
                    "outcome": -3.975806208373476e-08
                },
                "metadata": {
                    "trials": 1
                }
            },
            {
                "query": {
                    "x1": -1.6694711620215803,
                    "x2": 3.7784934780520745
                },
                "metrics": {
                    "outcome": -6.482075331385838e-08
                },
                "metadata": {
                    "trials": 1
                }
            }
        ],
        [
            {
                "query": {
                    "x1": 5.999799976621342,
                    "x2": 4.396187762393684
                },
                "metrics": {
                    "outcome": 5.638971899744243e-24
                },
                "metadata": {
                    "trials": 1
                }
            },
            {
                "query": {
                    "x1": -2.0,
                    "x2": 4.404295903980277
                },
                "metrics": {
                    "outcome": -1.3787478065447621e-10
                },
                "metadata": {
                    "trials": 1
                }
            },
            {
                "query": {
                    "x1": -1.454677089088939,
                    "x2": 4.403035307331906
                },
                "metrics": {
                    "outcome": -6.671398598665831e-10
                },
                "metadata": {
                    "trials": 1
                }
            }
        ],
        [
            {
                "query": {
                    "x1": 6.0,
                    "x2": 4.8751825861672184
                },
                "metrics": {
                    "outcome": 6.629746966949568e-26
                },
                "metadata": {
                    "trials": 1
                }
            },
            {
                "query": {
                    "x1": 5.816354599732897,
                    "x2": 4.875955221937508
                },
                "metrics": {
                    "outcome": 5.586655886404879e-25
                },
                "metadata": {
                    "trials": 1
                }
            },
            {
                "query": {
                    "x1": 6.0,
                    "x2": 4.7293467340614725
                },
                "metrics": {
                    "outcome": 2.6903364579613413e-25
                },
                "metadata": {
                    "trials": 1
                }
            }
        ],
        [
            {
                "query": {
                    "x1": -0.9332921151568658,
                    "x2": 0.654616362345029
                },
                "metrics": {
                    "outcome": -0.2544645389477543
                },
                "metadata": {
                    "trials": 1
                }
            },
            {
                "query": {
                    "x1": 2.8282968217192073,
                    "x2": -2.0
                },
                "metrics": {
                    "outcome": 1.739046985898104e-05
                },
                "metadata": {
                    "trials": 1
                }
            },
            {
                "query": {
                    "x1": -1.7530600702695587,
                    "x2": 0.16315929280840447
                },
                "metrics": {
                    "outcome": -0.07898655014595206
                },
                "metadata": {
                    "trials": 1
                }
            }
        ],
        [
            {
                "query": {
                    "x1": 4.730883045839869,
                    "x2": 2.0356988294346623
                },
                "metrics": {
                    "outcome": 1.4293556965561506e-11
                },
                "metadata": {
                    "trials": 1
                }
            },
            {
                "query": {
                    "x1": -0.6091908542464002,
                    "x2": 0.3999010843462041
                },
                "metrics": {
                    "outcome": -0.35820205764836494
                },
                "metadata": {
                    "trials": 1
                }
            },
            {
                "query": {
                    "x1": 4.306599902822952,
                    "x2": 6.0
                },
                "metrics": {
                    "outcome": 8.805602934564314e-24
                },
                "metadata": {
                    "trials": 1
                }
            }
        ],
        [
            {
                "query": {
                    "x1": 4.410938799642603,
                    "x2": 4.411254711272824
                },
                "metrics": {
                    "outcome": 5.542717508661111e-17
                },
                "metadata": {
                    "trials": 1
                }
            },
            {
                "query": {
                    "x1": -0.8390494733808567,
                    "x2": 6.0
                },
                "metrics": {
                    "outcome": -9.625895886369099e-17
                },
                "metadata": {
                    "trials": 1
                }
            },
            {
                "query": {
                    "x1": 0.6538810001819755,
                    "x2": 1.8132681234849217
                },
                "metrics": {
                    "outcome": 0.015917573141688346
                },
                "metadata": {
                    "trials": 1
                }
            }
        ],
        [
            {
                "query": {
                    "x1": 3.5188456263145707,
                    "x2": 1.7798952613699135
                },
                "metrics": {
                    "outcome": 6.208547405537767e-07
                },
                "metadata": {
                    "trials": 1
                }
            },
            {
                "query": {
                    "x1": 0.17918674097840093,
                    "x2": 2.825533155092419
                },
                "metrics": {
                    "outcome": 5.917139828362509e-05
                },
                "metadata": {
                    "trials": 1
                }
            },
            {
                "query": {
                    "x1": -0.36675834875208535,
                    "x2": 4.31519982816381
                },
                "metrics": {
                    "outcome": -2.6241380901437507e-09
                },
                "metadata": {
                    "trials": 1
                }
            }
        ],
        [
            {
                "query": {
                    "x1": 1.96382310480818,
                    "x2": 3.6330456351304417
                },
                "metrics": {
                    "outcome": 7.690240881925279e-08
                },
                "metadata": {
                    "trials": 1
                }
            },
            {
                "query": {
                    "x1": -0.9807472821758161,
                    "x2": -0.36472068693355175
                },
                "metrics": {
                    "outcome": -0.32813608083650975
                },
                "metadata": {
                    "trials": 1
                }
            },
            {
                "query": {
                    "x1": -0.7647869197043777,
                    "x2": 0.3384724592837536
                },
                "metrics": {
                    "outcome": -0.37998607999198447
                },
                "metadata": {
                    "trials": 1
                }
            }
        ],
        [
            {
                "query": {
                    "x1": -2.0,
                    "x2": 5.580472511125694
                },
                "metrics": {
                    "outcome": -1.094448001606271e-15
                },
                "metadata": {
                    "trials": 1
                }
            },
            {
                "query": {
                    "x1": -1.8169477362574802,
                    "x2": 5.580735924305669
                },
                "metrics": {
                    "outcome": -1.9937591702306602e-15
                },
                "metadata": {
                    "trials": 1
                }
            },
            {
                "query": {
                    "x1": -1.6356344076474252,
                    "x2": 5.581005741431434
                },
                "metrics": {
                    "outcome": -3.3463899554405117e-15
                },
                "metadata": {
                    "trials": 1
                }
            }
        ],
        [
            {
                "query": {
                    "x1": -1.9998000361650712,
                    "x2": 1.330452135911579
                },
                "metrics": {
                    "outcome": -0.006243240771862268
                },
                "metadata": {
                    "trials": 1
                }
            },
            {
                "query": {
                    "x1": -1.7164044488309205,
                    "x2": 1.3308978749182803
                },
                "metrics": {
                    "outcome": -0.015342911251388858
                },
                "metadata": {
                    "trials": 1
                }
            },
            {
                "query": {
                    "x1": -1.433528396377771,
                    "x2": 1.3313659444965844
                },
                "metrics": {
                    "outcome": -0.031198036272900194
                },
                "metadata": {
                    "trials": 1
                }
            }
        ],
        [
            {
                "query": {
                    "x1": -2.0,
                    "x2": -1.1472808716273724
                },
                "metrics": {
                    "outcome": -0.009822238613880952
                },
                "metadata": {
                    "trials": 1
                }
            },
            {
                "query": {
                    "x1": -1.7926248765554078,
                    "x2": -1.1469084716801314
                },
                "metrics": {
                    "outcome": -0.019346920233133592
                },
                "metadata": {
                    "trials": 1
                }
            },
            {
                "query": {
                    "x1": -1.5854096878172161,
                    "x2": -1.146523934644304
                },
                "metrics": {
                    "outcome": -0.03448612675403999
                },
                "metadata": {
                    "trials": 1
                }
            }
        ],
        [
            {
                "query": {
                    "x1": -2.0,
                    "x2": 2.5865930674441486
                },
                "metrics": {
                    "outcome": -4.5521923358774545e-05
                },
                "metadata": {
                    "trials": 1
                }
            },
            {
                "query": {
                    "x1": -1.8029143256710933,
                    "x2": 2.5870343960653814
                },
                "metrics": {
                    "outcome": -8.663188642046717e-05
                },
                "metadata": {
                    "trials": 1
                }
            },
            {
                "query": {
                    "x1": -1.607083266431633,
                    "x2": 2.5875256541278544
                },
                "metrics": {
                    "outcome": -0.0001501937041779473
                },
                "metadata": {
                    "trials": 1
                }
            }
        ],
        [
            {
                "query": {
                    "x1": -2.0,
                    "x2": 4.98916035526019
                },
                "metrics": {
                    "outcome": -5.66911113412665e-13
                },
                "metadata": {
                    "trials": 1
                }
            },
            {
                "query": {
                    "x1": 6.0,
                    "x2": 5.1754154081708545
                },
                "metrics": {
                    "outcome": 3.243432987595123e-27
                },
                "metadata": {
                    "trials": 1
                }
            },
            {
                "query": {
                    "x1": 5.816029749028524,
                    "x2": 5.175322163048198
                },
                "metrics": {
                    "outcome": 2.7667372564073846e-26
                },
                "metadata": {
                    "trials": 1
                }
            }
        ]
    ],
    "best_results": [
        {
            "query": {
                "x1": -0.752350684271631,
                "x2": -0.028998585049021086
            },
            "metrics": [
                {
                    "name": "outcome",
                    "value": -0.4268062147783853
                }
            ]
        }
    ]
}