{
    "date": "09/11/2022 19:08:21",
    "basic_params": {
        "active_variables": [
            "x1",
            "x2"
        ],
        "default_query": {},
        "metric": "basic",
        "n_trials": 1
    },
    "objective_function": {
        "name": "Gramacy2D",
        "params": {}
    },
    "optimizer": {
        "name": "BO-MCMC-2500",
        "params": {
            "lower_bound": [
                -2.0,
                -2.0
            ],
            "upper_bound": [
                6.0,
                6.0
            ],
            "invert_metric": false,
            "bopt_params": {
                "n_init_samples": 15,
                "n_iterations": 45,
                "n_iter_relearn": 5,
                "verbose_level": 0,
                "n_parallel_samples": 3,
                "par_type": "PAR_MCMC",
                "l_type": "L_MCMC",
                "burnout_mcmc_parallel": 2500,
                "crit_name": "cEI"
            }
        }
    },
    "execution_time": 189.73885822296143,
    "best_results": [
        {
            "query": {
                "x1": -0.7067214432221982,
                "x2": 0.0008440532833660086
            },
            "metrics": [
                {
                    "name": "outcome",
                    "value": -0.42888150954543536
                }
            ]
        }
    ],
    "iterations": [
        [
            {
                "query": {
                    "x1": 3.5545379135757686,
                    "x2": -0.2885203395038842
                },
                "metrics": {
                    "outcome": 1.0652044710243123e-05
                },
                "metadata": {
                    "trials": 1
                }
            }
        ],
        [
            {
                "query": {
                    "x1": 4.604642248277863,
                    "x2": -1.7963702414184808
                },
                "metrics": {
                    "outcome": 1.1311554473437077e-10
                },
                "metadata": {
                    "trials": 1
                }
            }
        ],
        [
            {
                "query": {
                    "x1": 1.2427106332033873,
                    "x2": 2.1488452168802423
                },
                "metrics": {
                    "outcome": 0.00262002741988275
                },
                "metadata": {
                    "trials": 1
                }
            }
        ],
        [
            {
                "query": {
                    "x1": 1.9089923627674579,
                    "x2": 3.1846336398273705
                },
                "metrics": {
                    "outcome": 1.9658856200803297e-06
                },
                "metadata": {
                    "trials": 1
                }
            }
        ],
        [
            {
                "query": {
                    "x1": 5.935985697930058,
                    "x2": -0.7485803682357073
                },
                "metrics": {
                    "outcome": 1.6879431516199673e-15
                },
                "metadata": {
                    "trials": 1
                }
            }
        ],
        [
            {
                "query": {
                    "x1": -0.7887874024609725,
                    "x2": 4.489376454552015
                },
                "metrics": {
                    "outcome": -7.477555745861357e-10
                },
                "metadata": {
                    "trials": 1
                }
            }
        ],
        [
            {
                "query": {
                    "x1": 5.113620600104332,
                    "x2": 5.65900050898393
                },
                "metrics": {
                    "outcome": 2.781895717274827e-25
                },
                "metadata": {
                    "trials": 1
                }
            }
        ],
        [
            {
                "query": {
                    "x1": -0.007125116512179286,
                    "x2": 5.022073821350932
                },
                "metrics": {
                    "outcome": -7.931053423849846e-14
                },
                "metadata": {
                    "trials": 1
                }
            }
        ],
        [
            {
                "query": {
                    "x1": -1.614693509414792,
                    "x2": 3.7855333482225735
                },
                "metrics": {
                    "outcome": -7.115873873645297e-08
                },
                "metadata": {
                    "trials": 1
                }
            }
        ],
        [
            {
                "query": {
                    "x1": 1.0625568591058254,
                    "x2": -1.464210562656323
                },
                "metrics": {
                    "outcome": 0.0402654492771448
                },
                "metadata": {
                    "trials": 1
                }
            }
        ],
        [
            {
                "query": {
                    "x1": 0.5431784669558208,
                    "x2": 0.7175476690133413
                },
                "metrics": {
                    "outcome": 0.24165725729324541
                },
                "metadata": {
                    "trials": 1
                }
            }
        ],
        [
            {
                "query": {
                    "x1": 2.8307166920353968,
                    "x2": 4.159681488697728
                },
                "metrics": {
                    "outcome": 2.866405691546243e-11
                },
                "metadata": {
                    "trials": 1
                }
            }
        ],
        [
            {
                "query": {
                    "x1": -1.188161488622427,
                    "x2": 0.34728036535282936
                },
                "metrics": {
                    "outcome": -0.2566802247955661
                },
                "metadata": {
                    "trials": 1
                }
            }
        ],
        [
            {
                "query": {
                    "x1": 4.3417091066638624,
                    "x2": 2.762352225308617
                },
                "metrics": {
                    "outcome": 1.3711863490707539e-11
                },
                "metadata": {
                    "trials": 1
                }
            }
        ],
        [
            {
                "query": {
                    "x1": 2.48757135036091,
                    "x2": 1.7284550406038761
                },
                "metrics": {
                    "outcome": 0.00025755914437946767
                },
                "metadata": {
                    "trials": 1
                }
            }
        ],
        [
            {
                "query": {
                    "x1": -1.2346600486190107,
                    "x2": -1.7009047803581194
                },
                "metrics": {
                    "outcome": -0.01489593622824671
                },
                "metadata": {
                    "trials": 1
                }
            },
            {
                "query": {
                    "x1": 2.3649908616837365,
                    "x2": -1.7362639112152505
                },
                "metrics": {
                    "outcome": 0.0004320280733257862
                },
                "metadata": {
                    "trials": 1
                }
            },
            {
                "query": {
                    "x1": -1.8956039891072947,
                    "x2": -1.6940648186925902
                },
                "metrics": {
                    "outcome": -0.002956844643812619
                },
                "metadata": {
                    "trials": 1
                }
            }
        ],
        [
            {
                "query": {
                    "x1": -1.269507889740955,
                    "x2": 1.5590664924092454
                },
                "metrics": {
                    "outcome": -0.022287946265065507
                },
                "metadata": {
                    "trials": 1
                }
            },
            {
                "query": {
                    "x1": 5.3056127186864614,
                    "x2": 3.5775404516607523
                },
                "metrics": {
                    "outcome": 8.731829683858901e-18
                },
                "metadata": {
                    "trials": 1
                }
            },
            {
                "query": {
                    "x1": -1.6446321428641937,
                    "x2": 0.9811445666186094
                },
                "metrics": {
                    "outcome": -0.0420060002378771
                },
                "metadata": {
                    "trials": 1
                }
            }
        ],
        [
            {
                "query": {
                    "x1": -0.6361892233767223,
                    "x2": 1.1870185888336997
                },
                "metrics": {
                    "outcome": -0.10372531280662428
                },
                "metadata": {
                    "trials": 1
                }
            },
            {
                "query": {
                    "x1": -0.32122693591550733,
                    "x2": 0.10884806533263935
                },
                "metrics": {
                    "outcome": -0.2863208952308202
                },
                "metadata": {
                    "trials": 1
                }
            },
            {
                "query": {
                    "x1": -0.6778072905247965,
                    "x2": -0.5377364507153393
                },
                "metrics": {
                    "outcome": -0.3206274322169011
                },
                "metadata": {
                    "trials": 1
                }
            }
        ],
        [
            {
                "query": {
                    "x1": -0.2664162301670139,
                    "x2": -1.1957576166763242
                },
                "metrics": {
                    "outcome": -0.05939713395715231
                },
                "metadata": {
                    "trials": 1
                }
            },
            {
                "query": {
                    "x1": -1.9478983232900071,
                    "x2": 4.250428120220948
                },
                "metrics": {
                    "outcome": -6.247334265983438e-10
                },
                "metadata": {
                    "trials": 1
                }
            },
            {
                "query": {
                    "x1": -0.03590091945832152,
                    "x2": -1.7088578957085356
                },
                "metrics": {
                    "outcome": -0.0019333973164947582
                },
                "metadata": {
                    "trials": 1
                }
            }
        ],
        [
            {
                "query": {
                    "x1": -0.9832489576933336,
                    "x2": 5.877988952076284
                },
                "metrics": {
                    "outcome": -3.6948351040885226e-16
                },
                "metadata": {
                    "trials": 1
                }
            },
            {
                "query": {
                    "x1": -0.562510077441815,
                    "x2": -0.06123973118507253
                },
                "metrics": {
                    "outcome": -0.4083975786772874
                },
                "metadata": {
                    "trials": 1
                }
            },
            {
                "query": {
                    "x1": -0.9803973252778189,
                    "x2": -0.5334602842654088
                },
                "metrics": {
                    "outcome": -0.282082373573682
                },
                "metadata": {
                    "trials": 1
                }
            }
        ],
        [
            {
                "query": {
                    "x1": -0.6018145415383545,
                    "x2": -0.13973649859583004
                },
                "metrics": {
                    "outcome": -0.4108557977453461
                },
                "metadata": {
                    "trials": 1
                }
            },
            {
                "query": {
                    "x1": 5.803670781977982,
                    "x2": 4.512690139279261
                },
                "metrics": {
                    "outcome": 1.956155193869222e-23
                },
                "metadata": {
                    "trials": 1
                }
            },
            {
                "query": {
                    "x1": 2.188547326524363,
                    "x2": -0.8466980225667722
                },
                "metrics": {
                    "outcome": 0.008884927836606537
                },
                "metadata": {
                    "trials": 1
                }
            }
        ],
        [
            {
                "query": {
                    "x1": -1.3265472971681769,
                    "x2": 0.05615388894097384
                },
                "metrics": {
                    "outcome": -0.2275690793252746
                },
                "metadata": {
                    "trials": 1
                }
            },
            {
                "query": {
                    "x1": -1.6963678070916783,
                    "x2": -0.14939824251827472
                },
                "metrics": {
                    "outcome": -0.09334115256030982
                },
                "metadata": {
                    "trials": 1
                }
            },
            {
                "query": {
                    "x1": 3.563983553079683,
                    "x2": 5.132163823468673
                },
                "metrics": {
                    "outcome": 3.9501011975480866e-17
                },
                "metadata": {
                    "trials": 1
                }
            }
        ],
        [
            {
                "query": {
                    "x1": 0.6562510928326954,
                    "x2": -0.31634058671215715
                },
                "metrics": {
                    "outcome": 0.3859881291628512
                },
                "metadata": {
                    "trials": 1
                }
            },
            {
                "query": {
                    "x1": 0.8493822825735888,
                    "x2": -0.37563608712209584
                },
                "metrics": {
                    "outcome": 0.3585100262984921
                },
                "metadata": {
                    "trials": 1
                }
            },
            {
                "query": {
                    "x1": 1.0213354906385188,
                    "x2": -0.10608224261176535
                },
                "metrics": {
                    "outcome": 0.35584196999853224
                },
                "metadata": {
                    "trials": 1
                }
            }
        ],
        [
            {
                "query": {
                    "x1": 5.8713180855447895,
                    "x2": 0.14280178585560765
                },
                "metrics": {
                    "outcome": 6.1477560046664746e-15
                },
                "metadata": {
                    "trials": 1
                }
            },
            {
                "query": {
                    "x1": 5.6592731733055075,
                    "x2": 0.3413522994417755
                },
                "metrics": {
                    "outcome": 6.206471443165352e-14
                },
                "metadata": {
                    "trials": 1
                }
            },
            {
                "query": {
                    "x1": 5.255551821228084,
                    "x2": 1.736846295493295
                },
                "metrics": {
                    "outcome": 2.5997914148533436e-13
                },
                "metadata": {
                    "trials": 1
                }
            }
        ],
        [
            {
                "query": {
                    "x1": 4.7478130581955975,
                    "x2": -0.27617748693812727
                },
                "metrics": {
                    "outcome": 7.138710753433269e-10
                },
                "metadata": {
                    "trials": 1
                }
            },
            {
                "query": {
                    "x1": 1.3644992074914053,
                    "x2": 5.807411234999807
                },
                "metrics": {
                    "outcome": 4.779163965633709e-16
                },
                "metadata": {
                    "trials": 1
                }
            },
            {
                "query": {
                    "x1": 4.70009664674156,
                    "x2": -0.5002366997695038
                },
                "metrics": {
                    "outcome": 9.321175590605213e-10
                },
                "metadata": {
                    "trials": 1
                }
            }
        ],
        [
            {
                "query": {
                    "x1": 3.728761020753768,
                    "x2": 1.055964125012519
                },
                "metrics": {
                    "outcome": 1.1194836891830343e-06
                },
                "metadata": {
                    "trials": 1
                }
            },
            {
                "query": {
                    "x1": 1.9968353428695633,
                    "x2": 0.856420006529107
                },
                "metrics": {
                    "outcome": 0.017787789942892127
                },
                "metadata": {
                    "trials": 1
                }
            },
            {
                "query": {
                    "x1": -0.16218073666095734,
                    "x2": -1.5193350929766893
                },
                "metrics": {
                    "outcome": -0.015705793478482784
                },
                "metadata": {
                    "trials": 1
                }
            }
        ],
        [
            {
                "query": {
                    "x1": 0.8683936849345586,
                    "x2": 0.40252397428386644
                },
                "metrics": {
                    "outcome": 0.3474122183400324
                },
                "metadata": {
                    "trials": 1
                }
            },
            {
                "query": {
                    "x1": 2.4459195922155796,
                    "x2": 3.239913788620271
                },
                "metrics": {
                    "outcome": 1.7039563386704077e-07
                },
                "metadata": {
                    "trials": 1
                }
            },
            {
                "query": {
                    "x1": -0.8708227016723455,
                    "x2": -0.9767221858956006
                },
                "metrics": {
                    "outcome": -0.15713730743046248
                },
                "metadata": {
                    "trials": 1
                }
            }
        ],
        [
            {
                "query": {
                    "x1": 2.1448978036642075,
                    "x2": 5.429541861638427
                },
                "metrics": {
                    "outcome": 3.3917868832614373e-15
                },
                "metadata": {
                    "trials": 1
                }
            },
            {
                "query": {
                    "x1": 1.0748935879281643,
                    "x2": -0.5925993716321789
                },
                "metrics": {
                    "outcome": 0.2382705295827874
                },
                "metadata": {
                    "trials": 1
                }
            },
            {
                "query": {
                    "x1": -0.6916142999871131,
                    "x2": -1.581394259101263
                },
                "metrics": {
                    "outcome": -0.03515933951809344
                },
                "metadata": {
                    "trials": 1
                }
            }
        ],
        [
            {
                "query": {
                    "x1": -1.7298171679945022,
                    "x2": -1.6410156180907556
                },
                "metrics": {
                    "outcome": -0.00587420836847957
                },
                "metadata": {
                    "trials": 1
                }
            },
            {
                "query": {
                    "x1": 0.012796413913183535,
                    "x2": 3.5347093322208565
                },
                "metrics": {
                    "outcome": 4.795877151778014e-08
                },
                "metadata": {
                    "trials": 1
                }
            },
            {
                "query": {
                    "x1": 5.623813901102772,
                    "x2": -1.0074424510527407
                },
                "metrics": {
                    "outcome": 3.747085280872969e-14
                },
                "metadata": {
                    "trials": 1
                }
            }
        ],
        [
            {
                "query": {
                    "x1": 3.1184627888152896,
                    "x2": 2.940936600478512
                },
                "metrics": {
                    "outcome": 3.267753269462157e-08
                },
                "metadata": {
                    "trials": 1
                }
            },
            {
                "query": {
                    "x1": 0.03878937723338183,
                    "x2": 3.8623620219874315
                },
                "metrics": {
                    "outcome": 1.2862446988939152e-08
                },
                "metadata": {
                    "trials": 1
                }
            },
            {
                "query": {
                    "x1": 0.22788362905113813,
                    "x2": 4.276824974130387
                },
                "metrics": {
                    "outcome": 2.4625141740019997e-09
                },
                "metadata": {
                    "trials": 1
                }
            }
        ],
        [
            {
                "query": {
                    "x1": 3.7323631544843137,
                    "x2": 0.005579442476911112
                },
                "metrics": {
                    "outcome": 3.3267182161115435e-06
                },
                "metadata": {
                    "trials": 1
                }
            },
            {
                "query": {
                    "x1": -1.8872097139497999,
                    "x2": 1.8872787924248207
                },
                "metrics": {
                    "outcome": -0.0015211595876178639
                },
                "metadata": {
                    "trials": 1
                }
            },
            {
                "query": {
                    "x1": 1.0861391881376958,
                    "x2": 2.391648262532775
                },
                "metrics": {
                    "outcome": 0.0010949458505241
                },
                "metadata": {
                    "trials": 1
                }
            }
        ],
        [
            {
                "query": {
                    "x1": 0.40810145259513764,
                    "x2": 2.86003127708313
                },
                "metrics": {
                    "outcome": 9.682888797870172e-05
                },
                "metadata": {
                    "trials": 1
                }
            },
            {
                "query": {
                    "x1": 4.988118198121293,
                    "x2": 2.6590720401793417
                },
                "metrics": {
                    "outcome": 6.62773258609421e-14
                },
                "metadata": {
                    "trials": 1
                }
            },
            {
                "query": {
                    "x1": 2.6741776512613775,
                    "x2": 2.347679316087177
                },
                "metrics": {
                    "outcome": 8.468286528076872e-06
                },
                "metadata": {
                    "trials": 1
                }
            }
        ],
        [
            {
                "query": {
                    "x1": 4.412189695984125,
                    "x2": 5.554881047457457
                },
                "metrics": {
                    "outcome": 6.154120005086409e-22
                },
                "metadata": {
                    "trials": 1
                }
            },
            {
                "query": {
                    "x1": 0.8340003350115524,
                    "x2": -1.3875966025851258
                },
                "metrics": {
                    "outcome": 0.060658083870978936
                },
                "metadata": {
                    "trials": 1
                }
            },
            {
                "query": {
                    "x1": 0.33056332543492317,
                    "x2": 2.0822192262858152
                },
                "metrics": {
                    "outcome": 0.0038802098120655033
                },
                "metadata": {
                    "trials": 1
                }
            }
        ],
        [
            {
                "query": {
                    "x1": 3.1255011707544327,
                    "x2": -0.9683006666600704
                },
                "metrics": {
                    "outcome": 7.001723692298441e-05
                },
                "metadata": {
                    "trials": 1
                }
            },
            {
                "query": {
                    "x1": -0.14206076687312197,
                    "x2": -0.0300186407395584
                },
                "metrics": {
                    "outcome": -0.1390971377107816
                },
                "metadata": {
                    "trials": 1
                }
            },
            {
                "query": {
                    "x1": 4.449309330831023,
                    "x2": 2.362421588418518
                },
                "metrics": {
                    "outcome": 4.2367464062834696e-11
                },
                "metadata": {
                    "trials": 1
                }
            }
        ],
        [
            {
                "query": {
                    "x1": 4.585276351373576,
                    "x2": 5.384816395833453
                },
                "metrics": {
                    "outcome": 8.66000748927442e-22
                },
                "metadata": {
                    "trials": 1
                }
            },
            {
                "query": {
                    "x1": -1.124020354035972,
                    "x2": 0.2353145071901377
                },
                "metrics": {
                    "outcome": -0.3006276528533559
                },
                "metadata": {
                    "trials": 1
                }
            },
            {
                "query": {
                    "x1": 0.2085775278919897,
                    "x2": 5.060399519213281
                },
                "metrics": {
                    "outcome": 1.5104819412399097e-12
                },
                "metadata": {
                    "trials": 1
                }
            }
        ],
        [
            {
                "query": {
                    "x1": 5.97914158867399,
                    "x2": -1.9355619383751297
                },
                "metrics": {
                    "outcome": 4.2025413969928524e-17
                },
                "metadata": {
                    "trials": 1
                }
            },
            {
                "query": {
                    "x1": -0.7258006179607537,
                    "x2": -0.029962389704614623
                },
                "metrics": {
                    "outcome": -0.42820029469340654
                },
                "metadata": {
                    "trials": 1
                }
            },
            {
                "query": {
                    "x1": -0.8107422693647752,
                    "x2": -0.06429611401656765
                },
                "metrics": {
                    "outcome": -0.4184314981759127
                },
                "metadata": {
                    "trials": 1
                }
            }
        ],
        [
            {
                "query": {
                    "x1": -0.6958901332199492,
                    "x2": 0.054202794071014804
                },
                "metrics": {
                    "outcome": -0.4275155974212077
                },
                "metadata": {
                    "trials": 1
                }
            },
            {
                "query": {
                    "x1": -0.699760157328341,
                    "x2": -0.01896818821239088
                },
                "metrics": {
                    "outcome": -0.42868122351893556
                },
                "metadata": {
                    "trials": 1
                }
            },
            {
                "query": {
                    "x1": -0.7252008361455733,
                    "x2": -0.041126966828015865
                },
                "metrics": {
                    "outcome": -0.4278792166729125
                },
                "metadata": {
                    "trials": 1
                }
            }
        ],
        [
            {
                "query": {
                    "x1": -0.6909781848942782,
                    "x2": 0.03378523671026512
                },
                "metrics": {
                    "outcome": -0.42816813563494543
                },
                "metadata": {
                    "trials": 1
                }
            },
            {
                "query": {
                    "x1": -1.9437238300192892,
                    "x2": 5.505641052069257
                },
                "metrics": {
                    "outcome": -3.0441944158197e-15
                },
                "metadata": {
                    "trials": 1
                }
            },
            {
                "query": {
                    "x1": -1.8682940985111647,
                    "x2": 5.8364777768941725
                },
                "metrics": {
                    "outcome": -9.152038761372349e-17
                },
                "metadata": {
                    "trials": 1
                }
            }
        ],
        [
            {
                "query": {
                    "x1": -0.7001145107376654,
                    "x2": -0.01290273503239625
                },
                "metrics": {
                    "outcome": -0.42876848005307516
                },
                "metadata": {
                    "trials": 1
                }
            },
            {
                "query": {
                    "x1": -0.7067214432221982,
                    "x2": 0.0008440532833660086
                },
                "metrics": {
                    "outcome": -0.42888150954543536
                },
                "metadata": {
                    "trials": 1
                }
            },
            {
                "query": {
                    "x1": -0.6983698333953465,
                    "x2": -0.0216090071283086
                },
                "metrics": {
                    "outcome": -0.42861600991865295
                },
                "metadata": {
                    "trials": 1
                }
            }
        ],
        [
            {
                "query": {
                    "x1": 5.903145149310536,
                    "x2": 5.915438452446253
                },
                "metrics": {
                    "outcome": 2.7552366474158323e-30
                },
                "metadata": {
                    "trials": 1
                }
            },
            {
                "query": {
                    "x1": 5.9907891928604196,
                    "x2": 5.9999226812243975
                },
                "metrics": {
                    "outcome": 3.6028806427434077e-31
                },
                "metadata": {
                    "trials": 1
                }
            },
            {
                "query": {
                    "x1": 5.963689896589406,
                    "x2": 5.984122379207655
                },
                "metrics": {
                    "outcome": 5.99250457315541e-31
                },
                "metadata": {
                    "trials": 1
                }
            }
        ],
        [
            {
                "query": {
                    "x1": -0.7176530049006287,
                    "x2": 0.027612229769564678
                },
                "metrics": {
                    "outcome": -0.4284602213781642
                },
                "metadata": {
                    "trials": 1
                }
            },
            {
                "query": {
                    "x1": 5.9313618959594185,
                    "x2": 2.3987112186431565
                },
                "metrics": {
                    "outcome": 9.893876904518199e-18
                },
                "metadata": {
                    "trials": 1
                }
            },
            {
                "query": {
                    "x1": -0.714440146230551,
                    "x2": 0.02234809723630482
                },
                "metrics": {
                    "outcome": -0.428621850876143
                },
                "metadata": {
                    "trials": 1
                }
            }
        ],
        [
            {
                "query": {
                    "x1": -0.6933716235189775,
                    "x2": -0.005691161030266789
                },
                "metrics": {
                    "outcome": -0.42870520338318235
                },
                "metadata": {
                    "trials": 1
                }
            },
            {
                "query": {
                    "x1": -0.6954829269107776,
                    "x2": 0.00770508758594346
                },
                "metrics": {
                    "outcome": -0.42873996507248097
                },
                "metadata": {
                    "trials": 1
                }
            },
            {
                "query": {
                    "x1": -0.7015856647215422,
                    "x2": 0.0020006696104077903
                },
                "metrics": {
                    "outcome": -0.4288540112776309
                },
                "metadata": {
                    "trials": 1
                }
            }
        ],
        [
            {
                "query": {
                    "x1": -0.7207794388584721,
                    "x2": 0.03272657954610825
                },
                "metrics": {
                    "outcome": -0.4282637105348918
                },
                "metadata": {
                    "trials": 1
                }
            },
            {
                "query": {
                    "x1": -0.7087842170897987,
                    "x2": 0.010263340930153575
                },
                "metrics": {
                    "outcome": -0.42883435667717174
                },
                "metadata": {
                    "trials": 1
                }
            },
            {
                "query": {
                    "x1": -0.7014941929262917,
                    "x2": -0.01163516997796532
                },
                "metrics": {
                    "outcome": -0.42879679763969186
                },
                "metadata": {
                    "trials": 1
                }
            }
        ],
        [
            {
                "query": {
                    "x1": -0.7152133993733436,
                    "x2": -0.01137553685386039
                },
                "metrics": {
                    "outcome": -0.42877030216336987
                },
                "metadata": {
                    "trials": 1
                }
            },
            {
                "query": {
                    "x1": -0.6954154103742287,
                    "x2": 0.04615992846549366
                },
                "metrics": {
                    "outcome": -0.4278514465326515
                },
                "metadata": {
                    "trials": 1
                }
            },
            {
                "query": {
                    "x1": -0.7146277315224179,
                    "x2": 0.022495771007648546
                },
                "metrics": {
                    "outcome": -0.4286166362085744
                },
                "metadata": {
                    "trials": 1
                }
            }
        ],
        [
            {
                "query": {
                    "x1": -0.6984802844137208,
                    "x2": -0.008024570330879888
                },
                "metrics": {
                    "outcome": -0.4287902412626919
                },
                "metadata": {
                    "trials": 1
                }
            },
            {
                "query": {
                    "x1": -0.7171681373967767,
                    "x2": 0.006011716244500587
                },
                "metrics": {
                    "outcome": -0.42878002977966506
                },
                "metadata": {
                    "trials": 1
                }
            },
            {
                "query": {
                    "x1": -0.714803892491525,
                    "x2": 0.00767466602019784
                },
                "metrics": {
                    "outcome": -0.42880605206657285
                },
                "metadata": {
                    "trials": 1
                }
            }
        ],
        [
            {
                "query": {
                    "x1": -0.7116975486424801,
                    "x2": -0.006239594140064808
                },
                "metrics": {
                    "outcome": -0.42884720785892977
                },
                "metadata": {
                    "trials": 1
                }
            },
            {
                "query": {
                    "x1": -0.7120900819140161,
                    "x2": -0.0036557534472003717
                },
                "metrics": {
                    "outcome": -0.4288549602026485
                },
                "metadata": {
                    "trials": 1
                }
            },
            {
                "query": {
                    "x1": -0.6961232499032468,
                    "x2": 0.02018104387098063
                },
                "metrics": {
                    "outcome": -0.4286033393317456
                },
                "metadata": {
                    "trials": 1
                }
            }
        ],
        [
            {
                "query": {
                    "x1": -0.7071916114901762,
                    "x2": -0.018422587736852902
                },
                "metrics": {
                    "outcome": -0.4287364020197853
                },
                "metadata": {
                    "trials": 1
                }
            },
            {
                "query": {
                    "x1": -0.7020025208733636,
                    "x2": -0.0036088365941879808
                },
                "metrics": {
                    "outcome": -0.42885395596930515
                },
                "metadata": {
                    "trials": 1
                }
            },
            {
                "query": {
                    "x1": -0.698390846604708,
                    "x2": 0.026363380721729612
                },
                "metrics": {
                    "outcome": -0.42851857917775843
                },
                "metadata": {
                    "trials": 1
                }
            }
        ],
        [
            {
                "query": {
                    "x1": -0.7084997962294892,
                    "x2": -0.020260779783426663
                },
                "metrics": {
                    "outcome": -0.42870426021188146
                },
                "metadata": {
                    "trials": 1
                }
            },
            {
                "query": {
                    "x1": -0.692154164087766,
                    "x2": -0.007083385258379371
                },
                "metrics": {
                    "outcome": -0.4286673242157865
                },
                "metadata": {
                    "trials": 1
                }
            },
            {
                "query": {
                    "x1": -0.6902170412271229,
                    "x2": -0.018237169302394607
                },
                "metrics": {
                    "outcome": -0.42849280308190346
                },
                "metadata": {
                    "trials": 1
                }
            }
        ],
        [
            {
                "query": {
                    "x1": -0.6910611647147404,
                    "x2": -0.006128639292028559
                },
                "metrics": {
                    "outcome": -0.428643359130807
                },
                "metadata": {
                    "trials": 1
                }
            },
            {
                "query": {
                    "x1": -0.716576302842683,
                    "x2": 0.009765276415976132
                },
                "metrics": {
                    "outcome": -0.4287644827969141
                },
                "metadata": {
                    "trials": 1
                }
            },
            {
                "query": {
                    "x1": -0.7003387452030658,
                    "x2": -0.02234257964351749
                },
                "metrics": {
                    "outcome": -0.42862850617922776
                },
                "metadata": {
                    "trials": 1
                }
            }
        ],
        [
            {
                "query": {
                    "x1": -0.6975951461254553,
                    "x2": -0.002738587881434107
                },
                "metrics": {
                    "outcome": -0.4288007791689976
                },
                "metadata": {
                    "trials": 1
                }
            },
            {
                "query": {
                    "x1": -0.7096556520765185,
                    "x2": 0.007237433218765688
                },
                "metrics": {
                    "outcome": -0.42885391237811565
                },
                "metadata": {
                    "trials": 1
                }
            },
            {
                "query": {
                    "x1": -0.69017689392911,
                    "x2": -0.020642972995643438
                },
                "metrics": {
                    "outcome": -0.4284515468722387
                },
                "metadata": {
                    "trials": 1
                }
            }
        ],
        [
            {
                "query": {
                    "x1": -0.7026603260933997,
                    "x2": -0.004620813382421707
                },
                "metrics": {
                    "outcome": -0.42885579129286944
                },
                "metadata": {
                    "trials": 1
                }
            },
            {
                "query": {
                    "x1": -0.6995718327210114,
                    "x2": 0.008026926663724065
                },
                "metrics": {
                    "outcome": -0.42880544146887395
                },
                "metadata": {
                    "trials": 1
                }
            },
            {
                "query": {
                    "x1": -0.7161872822353852,
                    "x2": -0.0018213368044628364
                },
                "metrics": {
                    "outcome": -0.4288100983013045
                },
                "metadata": {
                    "trials": 1
                }
            }
        ],
        [
            {
                "query": {
                    "x1": -0.7201671143547212,
                    "x2": 0.005231181275780816
                },
                "metrics": {
                    "outcome": -0.4287248125404606
                },
                "metadata": {
                    "trials": 1
                }
            },
            {
                "query": {
                    "x1": -0.7088279679520026,
                    "x2": -0.0024986422565347333
                },
                "metrics": {
                    "outcome": -0.42887672585706144
                },
                "metadata": {
                    "trials": 1
                }
            },
            {
                "query": {
                    "x1": -0.7040898798106572,
                    "x2": -0.0052812590990172215
                },
                "metrics": {
                    "outcome": -0.42886216244792347
                },
                "metadata": {
                    "trials": 1
                }
            }
        ],
        [
            {
                "query": {
                    "x1": -0.7076250281801815,
                    "x2": -0.0020920379210256357
                },
                "metrics": {
                    "outcome": -0.4288798351091747
                },
                "metadata": {
                    "trials": 1
                }
            },
            {
                "query": {
                    "x1": -0.7099239456137083,
                    "x2": 0.0003103641689836678
                },
                "metrics": {
                    "outcome": -0.428875102665623
                },
                "metadata": {
                    "trials": 1
                }
            },
            {
                "query": {
                    "x1": -0.7192584441329848,
                    "x2": 0.009641649445236489
                },
                "metrics": {
                    "outcome": -0.42871616147582187
                },
                "metadata": {
                    "trials": 1
                }
            }
        ],
        [
            {
                "query": {
                    "x1": -0.7220068495918337,
                    "x2": 0.006275293988336372
                },
                "metrics": {
                    "outcome": -0.4286759857736088
                },
                "metadata": {
                    "trials": 1
                }
            },
            {
                "query": {
                    "x1": 2.9560541363412653,
                    "x2": 5.991852684420686
                },
                "metrics": {
                    "outcome": 1.2121764163251605e-19
                },
                "metadata": {
                    "trials": 1
                }
            },
            {
                "query": {
                    "x1": -0.7114081048216288,
                    "x2": 0.015834958002658883
                },
                "metrics": {
                    "outcome": -0.42875858205117384
                },
                "metadata": {
                    "trials": 1
                }
            }
        ],
        [
            {
                "query": {
                    "x1": -0.706078942566934,
                    "x2": 0.01976682013952269
                },
                "metrics": {
                    "outcome": -0.4287134931120546
                },
                "metadata": {
                    "trials": 1
                }
            },
            {
                "query": {
                    "x1": -0.6882964985165101,
                    "x2": -0.004931196847755448
                },
                "metrics": {
                    "outcome": -0.428565384504063
                },
                "metadata": {
                    "trials": 1
                }
            },
            {
                "query": {
                    "x1": -0.7061469664644004,
                    "x2": -0.0006607985484783363
                },
                "metrics": {
                    "outcome": -0.42888096464014874
                },
                "metadata": {
                    "trials": 1
                }
            }
        ],
        [
            {
                "query": {
                    "x1": -0.7026580845802086,
                    "x2": -0.007354920675544108
                },
                "metrics": {
                    "outcome": -0.4288417323673987
                },
                "metadata": {
                    "trials": 1
                }
            },
            {
                "query": {
                    "x1": -0.7106721859446015,
                    "x2": -0.039863619220538604
                },
                "metrics": {
                    "outcome": -0.42819007561990213
                },
                "metadata": {
                    "trials": 1
                }
            },
            {
                "query": {
                    "x1": -0.7077491582976059,
                    "x2": 0.01818847611133778
                },
                "metrics": {
                    "outcome": -0.42873972920745657
                },
                "metadata": {
                    "trials": 1
                }
            }
        ],
        [
            {
                "query": {
                    "x1": -0.7126213633451604,
                    "x2": 0.009546834993428455
                },
                "metrics": {
                    "outcome": -0.42881684052711583
                },
                "metadata": {
                    "trials": 1
                }
            },
            {
                "query": {
                    "x1": -0.7077502711667389,
                    "x2": 0.009674985523577817
                },
                "metrics": {
                    "outcome": -0.42884144367581417
                },
                "metadata": {
                    "trials": 1
                }
            },
            {
                "query": {
                    "x1": -0.7155195718730423,
                    "x2": -0.012652502664895371
                },
                "metrics": {
                    "outcome": -0.42875283434932016
                },
                "metadata": {
                    "trials": 1
                }
            }
        ],
        [
            {
                "query": {
                    "x1": -0.7075773762520721,
                    "x2": -0.011607896213166935
                },
                "metrics": {
                    "outcome": -0.4288239675323941
                },
                "metadata": {
                    "trials": 1
                }
            },
            {
                "query": {
                    "x1": -0.7092292442460404,
                    "x2": -0.003168631887450424
                },
                "metrics": {
                    "outcome": -0.4288737762459361
                },
                "metadata": {
                    "trials": 1
                }
            },
            {
                "query": {
                    "x1": -0.7007859654831612,
                    "x2": 0.013759837631083016
                },
                "metrics": {
                    "outcome": -0.42876638369484943
                },
                "metadata": {
                    "trials": 1
                }
            }
        ],
        [
            {
                "query": {
                    "x1": -0.709186071000137,
                    "x2": 0.011549670556890046
                },
                "metrics": {
                    "outcome": -0.42882103127770993
                },
                "metadata": {
                    "trials": 1
                }
            },
            {
                "query": {
                    "x1": -0.7077335598669381,
                    "x2": -0.0010917728812471772
                },
                "metrics": {
                    "outcome": -0.42888109439328764
                },
                "metadata": {
                    "trials": 1
                }
            },
            {
                "query": {
                    "x1": -0.6926920274626469,
                    "x2": 0.013963470285217383
                },
                "metrics": {
                    "outcome": -0.4286189398859341
                },
                "metadata": {
                    "trials": 1
                }
            }
        ],
        [
            {
                "query": {
                    "x1": -0.7233540155517681,
                    "x2": -0.018786456373116378
                },
                "metrics": {
                    "outcome": -0.42850602029185314
                },
                "metadata": {
                    "trials": 1
                }
            },
            {
                "query": {
                    "x1": -0.7153595998479834,
                    "x2": -0.0002802765366065607
                },
                "metrics": {
                    "outcome": -0.4288237166009495
                },
                "metadata": {
                    "trials": 1
                }
            },
            {
                "query": {
                    "x1": -0.7189813097452773,
                    "x2": -0.020002487701883176
                },
                "metrics": {
                    "outcome": -0.4285901664324505
                },
                "metadata": {
                    "trials": 1
                }
            }
        ]
    ]
}