{
    "date": "08/11/2022 17:47:55",
    "basic_params": {
        "active_variables": [
            "x1",
            "x2"
        ],
        "default_query": {},
        "metric": "basic",
        "n_trials": 1
    },
    "objective_function": {
        "name": "Gramacy2D",
        "params": {}
    },
    "optimizer": {
        "name": "GO-BO",
        "params": {
            "maximize": false,
            "domain": [
                {
                    "name": "x1",
                    "type": "continuous",
                    "domain": [
                        -2.0,
                        6.0
                    ]
                },
                {
                    "name": "x2",
                    "type": "continuous",
                    "domain": [
                        -2.0,
                        6.0
                    ]
                }
            ],
            "initial_design_numdata": 10,
            "num_iters": 140,
            "acquisition_type": "EI",
            "evaluator_type": "sequential",
            "batch_size": 1,
            "model_update_interval": 5
        }
    },
    "best_results": [
        {
            "query": {
                "x1": -0.7252672116389391,
                "x2": 0.0068555266882253845
            },
            "metrics": [
                {
                    "name": "outcome",
                    "value": -0.4285813756619227
                }
            ]
        }
    ],
    "iterations": [
        [
            {
                "query": {
                    "x1": -1.6,
                    "x2": 0.8000000000000003
                },
                "metrics": {
                    "outcome": -0.06521952636538587
                },
                "metadata": {
                    "trials": 1
                }
            }
        ],
        [
            {
                "query": {
                    "x1": 4.800000000000001,
                    "x2": -0.7999999999999998
                },
                "metrics": {
                    "outcome": 2.495444445614631e-10
                },
                "metadata": {
                    "trials": 1
                }
            }
        ],
        [
            {
                "query": {
                    "x1": 3.200000000000001,
                    "x2": 3.200000000000001
                },
                "metrics": {
                    "outcome": 4.0813044144832845e-09
                },
                "metadata": {
                    "trials": 1
                }
            }
        ],
        [
            {
                "query": {
                    "x1": 2.4000000000000004,
                    "x2": 2.4000000000000004
                },
                "metrics": {
                    "outcome": 2.3830810334042513e-05
                },
                "metadata": {
                    "trials": 1
                }
            }
        ],
        [
            {
                "query": {
                    "x1": 0.0,
                    "x2": 4.0
                },
                "metrics": {
                    "outcome": 0.0
                },
                "metadata": {
                    "trials": 1
                }
            }
        ],
        [
            {
                "query": {
                    "x1": 0.8000000000000003,
                    "x2": 4.800000000000001
                },
                "metrics": {
                    "outcome": 4.159074076024386e-11
                },
                "metadata": {
                    "trials": 1
                }
            }
        ],
        [
            {
                "query": {
                    "x1": 1.6,
                    "x2": 1.6
                },
                "metrics": {
                    "outcome": 0.0095616366320095
                },
                "metadata": {
                    "trials": 1
                }
            }
        ],
        [
            {
                "query": {
                    "x1": 5.6,
                    "x2": -1.6
                },
                "metrics": {
                    "outcome": 1.0397267098783851e-14
                },
                "metadata": {
                    "trials": 1
                }
            }
        ],
        [
            {
                "query": {
                    "x1": -0.7999999999999998,
                    "x2": 0.0
                },
                "metrics": {
                    "outcome": -0.4218339392344389
                },
                "metadata": {
                    "trials": 1
                }
            }
        ],
        [
            {
                "query": {
                    "x1": 4.0,
                    "x2": 5.6
                },
                "metrics": {
                    "outcome": 1.0811185731161459e-20
                },
                "metadata": {
                    "trials": 1
                }
            }
        ],
        [
            {
                "query": {
                    "x1": -0.862010445393024,
                    "x2": -0.1525065737576416
                },
                "metrics": {
                    "outcome": -0.40059347106555154
                },
                "metadata": {
                    "trials": 1
                }
            }
        ],
        [
            {
                "query": {
                    "x1": -0.8620136488206592,
                    "x2": -0.15250615484694427
                },
                "metrics": {
                    "outcome": -0.4005927985530373
                },
                "metadata": {
                    "trials": 1
                }
            }
        ],
        [
            {
                "query": {
                    "x1": -0.8620125794243798,
                    "x2": -0.1525066170930596
                },
                "metrics": {
                    "outcome": -0.4005929836654928
                },
                "metadata": {
                    "trials": 1
                }
            }
        ],
        [
            {
                "query": {
                    "x1": -0.8620096983349507,
                    "x2": -0.15250657960871847
                },
                "metrics": {
                    "outcome": -0.400593639119331
                },
                "metadata": {
                    "trials": 1
                }
            }
        ],
        [
            {
                "query": {
                    "x1": -0.8620115519744357,
                    "x2": -0.15250642570187567
                },
                "metrics": {
                    "outcome": -0.40059323916566136
                },
                "metadata": {
                    "trials": 1
                }
            }
        ],
        [
            {
                "query": {
                    "x1": -0.4395386092636476,
                    "x2": -0.3196231979150307
                },
                "metrics": {
                    "outcome": -0.3271348213858359
                },
                "metadata": {
                    "trials": 1
                }
            }
        ],
        [
            {
                "query": {
                    "x1": -0.43953856529379903,
                    "x2": -0.31962351392959276
                },
                "metrics": {
                    "outcome": -0.3271347352202501
                },
                "metadata": {
                    "trials": 1
                }
            }
        ],
        [
            {
                "query": {
                    "x1": -0.4395403402319077,
                    "x2": -0.31962269381940395
                },
                "metrics": {
                    "outcome": -0.32713571731902313
                },
                "metadata": {
                    "trials": 1
                }
            }
        ],
        [
            {
                "query": {
                    "x1": -0.4395385689623772,
                    "x2": -0.31962357441036543
                },
                "metrics": {
                    "outcome": -0.32713472424792545
                },
                "metadata": {
                    "trials": 1
                }
            }
        ],
        [
            {
                "query": {
                    "x1": -0.4395388251687475,
                    "x2": -0.3196240251869209
                },
                "metrics": {
                    "outcome": -0.3271347469887834
                },
                "metadata": {
                    "trials": 1
                }
            }
        ],
        [
            {
                "query": {
                    "x1": -0.7099845380451828,
                    "x2": -1.2188920270408814
                },
                "metrics": {
                    "outcome": -0.09707339817206778
                },
                "metadata": {
                    "trials": 1
                }
            }
        ],
        [
            {
                "query": {
                    "x1": -0.7099842289676749,
                    "x2": -0.8608739496593275
                },
                "metrics": {
                    "outcome": -0.2043963895414884
                },
                "metadata": {
                    "trials": 1
                }
            }
        ],
        [
            {
                "query": {
                    "x1": -0.709984707611361,
                    "x2": -1.920561972004172
                },
                "metrics": {
                    "outcome": -0.01072531524523613
                },
                "metadata": {
                    "trials": 1
                }
            }
        ],
        [
            {
                "query": {
                    "x1": -0.7099846625271101,
                    "x2": -1.8964618933980861
                },
                "metrics": {
                    "outcome": -0.011758747522299088
                },
                "metadata": {
                    "trials": 1
                }
            }
        ],
        [
            {
                "query": {
                    "x1": -0.7099841691308357,
                    "x2": 3.0747908960480337
                },
                "metrics": {
                    "outcome": -3.360185846620797e-05
                },
                "metadata": {
                    "trials": 1
                }
            }
        ],
        [
            {
                "query": {
                    "x1": -0.6209386116071876,
                    "x2": 0.34786387974025684
                },
                "metrics": {
                    "outcome": -0.37415052314191366
                },
                "metadata": {
                    "trials": 1
                }
            }
        ],
        [
            {
                "query": {
                    "x1": -0.6209387121893248,
                    "x2": 0.34786404005745425
                },
                "metrics": {
                    "outcome": -0.37415049528124084
                },
                "metadata": {
                    "trials": 1
                }
            }
        ],
        [
            {
                "query": {
                    "x1": -0.6209385402541264,
                    "x2": 0.34786441855251166
                },
                "metrics": {
                    "outcome": -0.37415037304516735
                },
                "metadata": {
                    "trials": 1
                }
            }
        ],
        [
            {
                "query": {
                    "x1": -0.6209384705975554,
                    "x2": 0.34786445614196804
                },
                "metrics": {
                    "outcome": -0.37415035365419774
                },
                "metadata": {
                    "trials": 1
                }
            }
        ],
        [
            {
                "query": {
                    "x1": -0.6209413278311487,
                    "x2": 0.34786184544171544
                },
                "metrics": {
                    "outcome": -0.37415142726437534
                },
                "metadata": {
                    "trials": 1
                }
            }
        ],
        [
            {
                "query": {
                    "x1": 6.0,
                    "x2": 3.343099653803357
                },
                "metrics": {
                    "outcome": 1.9486679446570528e-20
                },
                "metadata": {
                    "trials": 1
                }
            }
        ],
        [
            {
                "query": {
                    "x1": -2.0,
                    "x2": 6.0
                },
                "metrics": {
                    "outcome": -8.496708510583178e-18
                },
                "metadata": {
                    "trials": 1
                }
            }
        ],
        [
            {
                "query": {
                    "x1": 6.0,
                    "x2": 3.3430852941502573
                },
                "metrics": {
                    "outcome": 1.9488550477745618e-20
                },
                "metadata": {
                    "trials": 1
                }
            }
        ],
        [
            {
                "query": {
                    "x1": -2.0,
                    "x2": 6.0
                },
                "metrics": {
                    "outcome": -8.496708510583178e-18
                },
                "metadata": {
                    "trials": 1
                }
            }
        ],
        [
            {
                "query": {
                    "x1": 6.0,
                    "x2": 3.343534884572183
                },
                "metrics": {
                    "outcome": 1.943005118573159e-20
                },
                "metadata": {
                    "trials": 1
                }
            }
        ],
        [
            {
                "query": {
                    "x1": -2.0,
                    "x2": 0.01213362587205385
                },
                "metrics": {
                    "outcome": -0.03662588513908545
                },
                "metadata": {
                    "trials": 1
                }
            }
        ],
        [
            {
                "query": {
                    "x1": -2.0,
                    "x2": 0.012133606220772017
                },
                "metrics": {
                    "outcome": -0.036625885156551664
                },
                "metadata": {
                    "trials": 1
                }
            }
        ],
        [
            {
                "query": {
                    "x1": -2.0,
                    "x2": 0.012133622089570025
                },
                "metrics": {
                    "outcome": -0.03662588514244733
                },
                "metadata": {
                    "trials": 1
                }
            }
        ],
        [
            {
                "query": {
                    "x1": -2.0,
                    "x2": 0.012133618577058646
                },
                "metrics": {
                    "outcome": -0.0366258851455693
                },
                "metadata": {
                    "trials": 1
                }
            }
        ],
        [
            {
                "query": {
                    "x1": -2.0,
                    "x2": 0.012133625586932475
                },
                "metrics": {
                    "outcome": -0.036625885139338864
                },
                "metadata": {
                    "trials": 1
                }
            }
        ],
        [
            {
                "query": {
                    "x1": 2.310839889172786,
                    "x2": -2.0
                },
                "metrics": {
                    "outcome": 0.00020298673080446607
                },
                "metadata": {
                    "trials": 1
                }
            }
        ],
        [
            {
                "query": {
                    "x1": 2.3110338962299077,
                    "x2": -2.0
                },
                "metrics": {
                    "outcome": 0.00020282182554735173
                },
                "metadata": {
                    "trials": 1
                }
            }
        ],
        [
            {
                "query": {
                    "x1": 2.3110703322610258,
                    "x2": -2.0
                },
                "metrics": {
                    "outcome": 0.00020279086814407383
                },
                "metadata": {
                    "trials": 1
                }
            }
        ],
        [
            {
                "query": {
                    "x1": 2.31096093818948,
                    "x2": -2.0
                },
                "metrics": {
                    "outcome": 0.00020288382583951445
                },
                "metadata": {
                    "trials": 1
                }
            }
        ],
        [
            {
                "query": {
                    "x1": 2.31100294850596,
                    "x2": -2.0
                },
                "metrics": {
                    "outcome": 0.0002028481231303746
                },
                "metadata": {
                    "trials": 1
                }
            }
        ],
        [
            {
                "query": {
                    "x1": 6.0,
                    "x2": 6.0
                },
                "metrics": {
                    "outcome": 3.228111696012683e-31
                },
                "metadata": {
                    "trials": 1
                }
            }
        ],
        [
            {
                "query": {
                    "x1": -0.7252678218048938,
                    "x2": 0.006854799763773065
                },
                "metrics": {
                    "outcome": -0.4285813611746134
                },
                "metadata": {
                    "trials": 1
                }
            }
        ],
        [
            {
                "query": {
                    "x1": -0.8508607250223877,
                    "x2": 0.13103841177668718
                },
                "metrics": {
                    "outcome": -0.4054969759967629
                },
                "metadata": {
                    "trials": 1
                }
            }
        ],
        [
            {
                "query": {
                    "x1": -0.8508731860809208,
                    "x2": 0.1310614508022267
                },
                "metrics": {
                    "outcome": -0.40549186725376235
                },
                "metadata": {
                    "trials": 1
                }
            }
        ],
        [
            {
                "query": {
                    "x1": -0.7252672116389391,
                    "x2": 0.0068555266882253845
                },
                "metrics": {
                    "outcome": -0.4285813756619227
                },
                "metadata": {
                    "trials": 1
                }
            }
        ],
        [
            {
                "query": {
                    "x1": 2.249707273496452,
                    "x2": 6.0
                },
                "metrics": {
                    "outcome": 3.3073556226638147e-18
                },
                "metadata": {
                    "trials": 1
                }
            }
        ],
        [
            {
                "query": {
                    "x1": 2.249701368774127,
                    "x2": 6.0
                },
                "metrics": {
                    "outcome": 3.3074348119341328e-18
                },
                "metadata": {
                    "trials": 1
                }
            }
        ],
        [
            {
                "query": {
                    "x1": 2.249710055132667,
                    "x2": 6.0
                },
                "metrics": {
                    "outcome": 3.3073183182201573e-18
                },
                "metadata": {
                    "trials": 1
                }
            }
        ],
        [
            {
                "query": {
                    "x1": 2.249715140306108,
                    "x2": 6.0
                },
                "metrics": {
                    "outcome": 3.30725012204701e-18
                },
                "metadata": {
                    "trials": 1
                }
            }
        ],
        [
            {
                "query": {
                    "x1": 2.2497126917464088,
                    "x2": 6.0
                },
                "metrics": {
                    "outcome": 3.307282959005233e-18
                },
                "metadata": {
                    "trials": 1
                }
            }
        ],
        [
            {
                "query": {
                    "x1": 4.443411840268874,
                    "x2": 1.5535224526976528
                },
                "metrics": {
                    "outcome": 1.0590238181244035e-09
                },
                "metadata": {
                    "trials": 1
                }
            }
        ],
        [
            {
                "query": {
                    "x1": 4.445122084039315,
                    "x2": 1.5528495963774758
                },
                "metrics": {
                    "outcome": 1.045631448669605e-09
                },
                "metadata": {
                    "trials": 1
                }
            }
        ],
        [
            {
                "query": {
                    "x1": 4.443783527537016,
                    "x2": 1.5540320281498987
                },
                "metrics": {
                    "outcome": 1.0539493692883703e-09
                },
                "metadata": {
                    "trials": 1
                }
            }
        ],
        [
            {
                "query": {
                    "x1": 4.443073255651423,
                    "x2": 1.5527623602446157
                },
                "metrics": {
                    "outcome": 1.0646448252990912e-09
                },
                "metadata": {
                    "trials": 1
                }
            }
        ],
        [
            {
                "query": {
                    "x1": 4.443473923777742,
                    "x2": 1.55342143125382
                },
                "metrics": {
                    "outcome": 1.0587867407161204e-09
                },
                "metadata": {
                    "trials": 1
                }
            }
        ],
        [
            {
                "query": {
                    "x1": 6.0,
                    "x2": 0.6045466233784289
                },
                "metrics": {
                    "outcome": 9.656626245696075e-16
                },
                "metadata": {
                    "trials": 1
                }
            }
        ],
        [
            {
                "query": {
                    "x1": -0.3670431212684788,
                    "x2": 6.0
                },
                "metrics": {
                    "outcome": -7.440588810002467e-17
                },
                "metadata": {
                    "trials": 1
                }
            }
        ],
        [
            {
                "query": {
                    "x1": -0.37487946687790547,
                    "x2": 6.0
                },
                "metrics": {
                    "outcome": -7.555390181626581e-17
                },
                "metadata": {
                    "trials": 1
                }
            }
        ],
        [
            {
                "query": {
                    "x1": -0.37458606125015403,
                    "x2": 6.0
                },
                "metrics": {
                    "outcome": -7.551137123178071e-17
                },
                "metadata": {
                    "trials": 1
                }
            }
        ],
        [
            {
                "query": {
                    "x1": -0.3734647300050129,
                    "x2": 6.0
                },
                "metrics": {
                    "outcome": -7.534850313816311e-17
                },
                "metadata": {
                    "trials": 1
                }
            }
        ],
        [
            {
                "query": {
                    "x1": -2.0,
                    "x2": 3.6450264952855163
                },
                "metrics": {
                    "outcome": -6.219004048925694e-08
                },
                "metadata": {
                    "trials": 1
                }
            }
        ],
        [
            {
                "query": {
                    "x1": -2.0,
                    "x2": 3.6278759312071087
                },
                "metrics": {
                    "outcome": -7.045183221203084e-08
                },
                "metadata": {
                    "trials": 1
                }
            }
        ],
        [
            {
                "query": {
                    "x1": 2.8012394442028707,
                    "x2": -0.02924366917542681
                },
                "metrics": {
                    "outcome": 0.0010941957745035254
                },
                "metadata": {
                    "trials": 1
                }
            }
        ],
        [
            {
                "query": {
                    "x1": 3.0397831457872315,
                    "x2": 0.01636029191281758
                },
                "metrics": {
                    "outcome": 0.0002949327914091292
                },
                "metadata": {
                    "trials": 1
                }
            }
        ],
        [
            {
                "query": {
                    "x1": 2.9440289816701677,
                    "x2": 0.0031308834802039453
                },
                "metrics": {
                    "outcome": 0.0005067273844662167
                },
                "metadata": {
                    "trials": 1
                }
            }
        ],
        [
            {
                "query": {
                    "x1": -1.8753051222649388,
                    "x2": -1.7058160109444698
                },
                "metrics": {
                    "outcome": -0.003034203926015434
                },
                "metadata": {
                    "trials": 1
                }
            }
        ],
        [
            {
                "query": {
                    "x1": -1.8759042556801568,
                    "x2": -1.799846189801002
                },
                "metrics": {
                    "outcome": -0.0021779476935951093
                },
                "metadata": {
                    "trials": 1
                }
            }
        ],
        [
            {
                "query": {
                    "x1": -1.9926212162176191,
                    "x2": -1.6830464831036016
                },
                "metrics": {
                    "outcome": -0.0022122751584812976
                },
                "metadata": {
                    "trials": 1
                }
            }
        ],
        [
            {
                "query": {
                    "x1": 3.93267076433656,
                    "x2": -1.9150498229431383
                },
                "metrics": {
                    "outcome": 1.9283878785983812e-08
                },
                "metadata": {
                    "trials": 1
                }
            }
        ],
        [
            {
                "query": {
                    "x1": -0.6655981053527321,
                    "x2": 0.03644407584943236
                },
                "metrics": {
                    "outcome": -0.4268091827162932
                },
                "metadata": {
                    "trials": 1
                }
            }
        ],
        [
            {
                "query": {
                    "x1": 0.6816781892292942,
                    "x2": -1.9709523063574546
                },
                "metrics": {
                    "outcome": 0.008804117727081635
                },
                "metadata": {
                    "trials": 1
                }
            }
        ],
        [
            {
                "query": {
                    "x1": 0.9201305808204401,
                    "x2": -0.33148336846789217
                },
                "metrics": {
                    "outcome": 0.35353909960761165
                },
                "metadata": {
                    "trials": 1
                }
            }
        ],
        [
            {
                "query": {
                    "x1": 0.8646317815741282,
                    "x2": -1.8936071585829595
                },
                "metrics": {
                    "outcome": 0.011347160557859576
                },
                "metadata": {
                    "trials": 1
                }
            }
        ],
        [
            {
                "query": {
                    "x1": 1.0385461718141036,
                    "x2": -0.6101143551352326
                },
                "metrics": {
                    "outcome": 0.24341296006675378
                },
                "metadata": {
                    "trials": 1
                }
            }
        ],
        [
            {
                "query": {
                    "x1": 0.9801080645637716,
                    "x2": -0.4913077318297967
                },
                "metrics": {
                    "outcome": 0.2946145023192058
                },
                "metadata": {
                    "trials": 1
                }
            }
        ],
        [
            {
                "query": {
                    "x1": 4.651549679014393,
                    "x2": 3.999062570715055
                },
                "metrics": {
                    "outcome": 2.1151929876576803e-16
                },
                "metadata": {
                    "trials": 1
                }
            }
        ],
        [
            {
                "query": {
                    "x1": 4.744794831688935,
                    "x2": 4.065379526292992
                },
                "metrics": {
                    "outcome": 5.2624994029686726e-17
                },
                "metadata": {
                    "trials": 1
                }
            }
        ],
        [
            {
                "query": {
                    "x1": 4.68916261979379,
                    "x2": 3.801789128233379
                },
                "metrics": {
                    "outcome": 6.992015520561012e-16
                },
                "metadata": {
                    "trials": 1
                }
            }
        ],
        [
            {
                "query": {
                    "x1": 4.71201158026267,
                    "x2": 3.7786591906197717
                },
                "metrics": {
                    "outcome": 6.754155738997532e-16
                },
                "metadata": {
                    "trials": 1
                }
            }
        ],
        [
            {
                "query": {
                    "x1": 4.734281552600148,
                    "x2": 4.0198960730054605
                },
                "metrics": {
                    "outcome": 8.379517269257581e-17
                },
                "metadata": {
                    "trials": 1
                }
            }
        ],
        [
            {
                "query": {
                    "x1": 1.0436642241685483,
                    "x2": 2.9532984597848673
                },
                "metrics": {
                    "outcome": 5.7227901387759226e-05
                },
                "metadata": {
                    "trials": 1
                }
            }
        ],
        [
            {
                "query": {
                    "x1": 1.4111890492987689,
                    "x2": 3.180768681010286
                },
                "metrics": {
                    "outcome": 7.777222500698605e-06
                },
                "metadata": {
                    "trials": 1
                }
            }
        ],
        [
            {
                "query": {
                    "x1": 1.2817468517020014,
                    "x2": 3.306891094759437
                },
                "metrics": {
                    "outcome": 4.416425811120915e-06
                },
                "metadata": {
                    "trials": 1
                }
            }
        ],
        [
            {
                "query": {
                    "x1": 1.2499652994401815,
                    "x2": 3.13416960551125
                },
                "metrics": {
                    "outcome": 1.4199318670851958e-05
                },
                "metadata": {
                    "trials": 1
                }
            }
        ],
        [
            {
                "query": {
                    "x1": 1.0361884768835106,
                    "x2": 3.010561442173012
                },
                "metrics": {
                    "outcome": 4.101315447188055e-05
                },
                "metadata": {
                    "trials": 1
                }
            }
        ],
        [
            {
                "query": {
                    "x1": 2.683547091083722,
                    "x2": 4.659160375156627
                },
                "metrics": {
                    "outcome": 7.474859164966184e-13
                },
                "metadata": {
                    "trials": 1
                }
            }
        ],
        [
            {
                "query": {
                    "x1": 2.804892456941581,
                    "x2": 4.8021340124192955
                },
                "metrics": {
                    "outcome": 1.0377538720579051e-13
                },
                "metadata": {
                    "trials": 1
                }
            }
        ],
        [
            {
                "query": {
                    "x1": 2.6789098920342047,
                    "x2": 4.588118780677004
                },
                "metrics": {
                    "outcome": 1.475561972831292e-12
                },
                "metadata": {
                    "trials": 1
                }
            }
        ],
        [
            {
                "query": {
                    "x1": 2.5768354647749607,
                    "x2": 4.491635138559798
                },
                "metrics": {
                    "outcome": 5.82824524259735e-12
                },
                "metadata": {
                    "trials": 1
                }
            }
        ],
        [
            {
                "query": {
                    "x1": -0.6916351103061947,
                    "x2": -0.04855822122184507
                },
                "metrics": {
                    "outcome": -0.4276655618760177
                },
                "metadata": {
                    "trials": 1
                }
            }
        ],
        [
            {
                "query": {
                    "x1": -0.2736200401288471,
                    "x2": 1.7173483864447165
                },
                "metrics": {
                    "outcome": -0.013297645937303306
                },
                "metadata": {
                    "trials": 1
                }
            }
        ],
        [
            {
                "query": {
                    "x1": 4.894790560726022,
                    "x2": 5.996433955307701
                },
                "metrics": {
                    "outcome": 4.660809254405154e-26
                },
                "metadata": {
                    "trials": 1
                }
            }
        ],
        [
            {
                "query": {
                    "x1": -0.0826472826946354,
                    "x2": 1.8253340704119676
                },
                "metrics": {
                    "outcome": -0.002932651329642326
                },
                "metadata": {
                    "trials": 1
                }
            }
        ],
        [
            {
                "query": {
                    "x1": -0.31194143200036706,
                    "x2": 1.6851215804555846
                },
                "metrics": {
                    "outcome": -0.016541514549966357
                },
                "metadata": {
                    "trials": 1
                }
            }
        ],
        [
            {
                "query": {
                    "x1": 1.2027761311203244,
                    "x2": 5.940631208086688
                },
                "metrics": {
                    "outcome": 1.3340564238317377e-16
                },
                "metadata": {
                    "trials": 1
                }
            }
        ],
        [
            {
                "query": {
                    "x1": -0.9374943458243958,
                    "x2": 4.784589312297135
                },
                "metrics": {
                    "outcome": -4.449096023952328e-11
                },
                "metadata": {
                    "trials": 1
                }
            }
        ],
        [
            {
                "query": {
                    "x1": -1.1435936168929395,
                    "x2": 4.564077574360196
                },
                "metrics": {
                    "outcome": -2.777124568182575e-10
                },
                "metadata": {
                    "trials": 1
                }
            }
        ],
        [
            {
                "query": {
                    "x1": -1.1843699570663597,
                    "x2": 4.737676459616628
                },
                "metrics": {
                    "outcome": -5.203526366333866e-11
                },
                "metadata": {
                    "trials": 1
                }
            }
        ],
        [
            {
                "query": {
                    "x1": -1.1245007616652174,
                    "x2": 4.645684398844416
                },
                "metrics": {
                    "outcome": -1.344879748910284e-10
                },
                "metadata": {
                    "trials": 1
                }
            }
        ],
        [
            {
                "query": {
                    "x1": -0.9843702063264805,
                    "x2": 4.498981257396889
                },
                "metrics": {
                    "outcome": -6.051345510133991e-10
                },
                "metadata": {
                    "trials": 1
                }
            }
        ],
        [
            {
                "query": {
                    "x1": 2.9628301594619657,
                    "x2": 1.366627737509587
                },
                "metrics": {
                    "outcome": 7.05006251884198e-05
                },
                "metadata": {
                    "trials": 1
                }
            }
        ],
        [
            {
                "query": {
                    "x1": 3.078922913339568,
                    "x2": 1.2816981614488974
                },
                "metrics": {
                    "outcome": 4.5493702372378594e-05
                },
                "metadata": {
                    "trials": 1
                }
            }
        ],
        [
            {
                "query": {
                    "x1": 3.136892332937845,
                    "x2": 1.49605049854652
                },
                "metrics": {
                    "outcome": 1.7822871750286144e-05
                },
                "metadata": {
                    "trials": 1
                }
            }
        ],
        [
            {
                "query": {
                    "x1": 2.9152705201505977,
                    "x2": 1.3949983536370878
                },
                "metrics": {
                    "outcome": 8.48301111382258e-05
                },
                "metadata": {
                    "trials": 1
                }
            }
        ],
        [
            {
                "query": {
                    "x1": 2.920054445331769,
                    "x2": 1.2433403347330723
                },
                "metrics": {
                    "outcome": 0.00012328511339607313
                },
                "metadata": {
                    "trials": 1
                }
            }
        ],
        [
            {
                "query": {
                    "x1": 5.776819186630187,
                    "x2": 1.9861432349426122
                },
                "metrics": {
                    "outcome": 3.592361697451358e-16
                },
                "metadata": {
                    "trials": 1
                }
            }
        ],
        [
            {
                "query": {
                    "x1": 5.944384681116039,
                    "x2": 1.8952937456105605
                },
                "metrics": {
                    "outcome": 7.378320104114642e-17
                },
                "metadata": {
                    "trials": 1
                }
            }
        ],
        [
            {
                "query": {
                    "x1": 5.637418986323085,
                    "x2": 1.7058330096031984
                },
                "metrics": {
                    "outcome": 4.8444980829754746e-15
                },
                "metadata": {
                    "trials": 1
                }
            }
        ],
        [
            {
                "query": {
                    "x1": 5.91498952280928,
                    "x2": 1.7044710806973171
                },
                "metrics": {
                    "outcome": 2.06788944254372e-16
                },
                "metadata": {
                    "trials": 1
                }
            }
        ],
        [
            {
                "query": {
                    "x1": 5.864959624764197,
                    "x2": 1.7020333061851511
                },
                "metrics": {
                    "outcome": 3.7273156526734674e-16
                },
                "metadata": {
                    "trials": 1
                }
            }
        ],
        [
            {
                "query": {
                    "x1": -1.9953693918772233,
                    "x2": 1.8751199926635431
                },
                "metrics": {
                    "outcome": -0.0011062882290684005
                },
                "metadata": {
                    "trials": 1
                }
            }
        ],
        [
            {
                "query": {
                    "x1": -1.8916680942653192,
                    "x2": 2.062326478130416
                },
                "metrics": {
                    "outcome": -0.0007509739064459325
                },
                "metadata": {
                    "trials": 1
                }
            }
        ],
        [
            {
                "query": {
                    "x1": -1.9591879232176925,
                    "x2": 2.198653128995125
                },
                "metrics": {
                    "outcome": -0.00033547509472217304
                },
                "metadata": {
                    "trials": 1
                }
            }
        ],
        [
            {
                "query": {
                    "x1": -1.9566470409506547,
                    "x2": 2.0017371476051276
                },
                "metrics": {
                    "outcome": -0.0007738078770746571
                },
                "metadata": {
                    "trials": 1
                }
            }
        ],
        [
            {
                "query": {
                    "x1": -1.9046195766209104,
                    "x2": 1.8014896662823991
                },
                "metrics": {
                    "outcome": -0.001972095772025274
                },
                "metadata": {
                    "trials": 1
                }
            }
        ],
        [
            {
                "query": {
                    "x1": 4.87690179721221,
                    "x2": -1.9716803454105971
                },
                "metrics": {
                    "outcome": 4.682521432257863e-12
                },
                "metadata": {
                    "trials": 1
                }
            }
        ],
        [
            {
                "query": {
                    "x1": 5.9662659622414465,
                    "x2": -0.675496377286418
                },
                "metrics": {
                    "outcome": 1.3129450867869057e-15
                },
                "metadata": {
                    "trials": 1
                }
            }
        ],
        [
            {
                "query": {
                    "x1": 4.854808792356512,
                    "x2": -1.9992642431874241
                },
                "metrics": {
                    "outcome": 5.179792040333439e-12
                },
                "metadata": {
                    "trials": 1
                }
            }
        ],
        [
            {
                "query": {
                    "x1": 5.896021822210426,
                    "x2": 4.891633918395402
                },
                "metrics": {
                    "outcome": 1.911234677725554e-25
                },
                "metadata": {
                    "trials": 1
                }
            }
        ],
        [
            {
                "query": {
                    "x1": 5.998542841770621,
                    "x2": -0.7587382405694463
                },
                "metrics": {
                    "outcome": 7.961983288532706e-16
                },
                "metadata": {
                    "trials": 1
                }
            }
        ],
        [
            {
                "query": {
                    "x1": 3.1624647267546386,
                    "x2": -1.2773564502119816
                },
                "metrics": {
                    "outcome": 2.8051429956057095e-05
                },
                "metadata": {
                    "trials": 1
                }
            }
        ],
        [
            {
                "query": {
                    "x1": 3.1900833492486917,
                    "x2": 5.957815293452838
                },
                "metrics": {
                    "outcome": 4.662510600687154e-20
                },
                "metadata": {
                    "trials": 1
                }
            }
        ],
        [
            {
                "query": {
                    "x1": 3.198270259487976,
                    "x2": 5.990666156893215
                },
                "metrics": {
                    "outcome": 2.996060693295394e-20
                },
                "metadata": {
                    "trials": 1
                }
            }
        ],
        [
            {
                "query": {
                    "x1": 3.126819127702576,
                    "x2": -1.1599006231846332
                },
                "metrics": {
                    "outcome": 4.620830203263301e-05
                },
                "metadata": {
                    "trials": 1
                }
            }
        ],
        [
            {
                "query": {
                    "x1": 3.160424710919721,
                    "x2": 5.944698605063184
                },
                "metrics": {
                    "outcome": 6.518748581775916e-20
                },
                "metadata": {
                    "trials": 1
                }
            }
        ],
        [
            {
                "query": {
                    "x1": 4.2251314518308245,
                    "x2": 0.14134388031271872
                },
                "metrics": {
                    "outcome": 7.315659878699435e-08
                },
                "metadata": {
                    "trials": 1
                }
            }
        ],
        [
            {
                "query": {
                    "x1": 4.115901457132986,
                    "x2": -0.13936696667803883
                },
                "metrics": {
                    "outcome": 1.7733768803944559e-07
                },
                "metadata": {
                    "trials": 1
                }
            }
        ],
        [
            {
                "query": {
                    "x1": 4.016034612728186,
                    "x2": -0.3298019304233364
                },
                "metrics": {
                    "outcome": 3.564726483050893e-07
                },
                "metadata": {
                    "trials": 1
                }
            }
        ],
        [
            {
                "query": {
                    "x1": 4.226929909701415,
                    "x2": -0.01018943351767021
                },
                "metrics": {
                    "outcome": 7.353058857552867e-08
                },
                "metadata": {
                    "trials": 1
                }
            }
        ],
        [
            {
                "query": {
                    "x1": 4.213040759196469,
                    "x2": -0.10540763690287047
                },
                "metrics": {
                    "outcome": 8.15019776790981e-08
                },
                "metadata": {
                    "trials": 1
                }
            }
        ],
        [
            {
                "query": {
                    "x1": 1.7615104187611221,
                    "x2": 4.980961749553522
                },
                "metrics": {
                    "outcome": 1.3288233394922543e-12
                },
                "metadata": {
                    "trials": 1
                }
            }
        ],
        [
            {
                "query": {
                    "x1": 1.5570985674586177,
                    "x2": 4.825683478431047
                },
                "metrics": {
                    "outcome": 1.0612879704699873e-11
                },
                "metadata": {
                    "trials": 1
                }
            }
        ],
        [
            {
                "query": {
                    "x1": 1.672721509091395,
                    "x2": 4.686254910034413
                },
                "metrics": {
                    "outcome": 2.956202898551912e-11
                },
                "metadata": {
                    "trials": 1
                }
            }
        ],
        [
            {
                "query": {
                    "x1": 1.7348648318579558,
                    "x2": 4.791915695323692
                },
                "metrics": {
                    "outcome": 9.113333889680484e-12
                },
                "metadata": {
                    "trials": 1
                }
            }
        ],
        [
            {
                "query": {
                    "x1": 5.983055658064623,
                    "x2": -1.9928259240858779
                },
                "metrics": {
                    "outcome": 3.2045376684625657e-17
                },
                "metadata": {
                    "trials": 1
                }
            }
        ],
        [
            {
                "query": {
                    "x1": 3.7105724647661074,
                    "x2": 4.150931157998476
                },
                "metrics": {
                    "outcome": 1.2791744156792936e-13
                },
                "metadata": {
                    "trials": 1
                }
            }
        ],
        [
            {
                "query": {
                    "x1": 3.6743724779673475,
                    "x2": 4.189573581700924
                },
                "metrics": {
                    "outcome": 1.1989529921326179e-13
                },
                "metadata": {
                    "trials": 1
                }
            }
        ],
        [
            {
                "query": {
                    "x1": 2.0876474098405957,
                    "x2": -0.9993477585538679
                },
                "metrics": {
                    "outcome": 0.009843638602432292
                },
                "metadata": {
                    "trials": 1
                }
            }
        ],
        [
            {
                "query": {
                    "x1": 3.647356753421507,
                    "x2": 4.295339935980088
                },
                "metrics": {
                    "outcome": 5.912315673888557e-14
                },
                "metadata": {
                    "trials": 1
                }
            }
        ],
        [
            {
                "query": {
                    "x1": 3.7464769801939912,
                    "x2": 4.154389860586471
                },
                "metrics": {
                    "outcome": 9.601913019663162e-14
                },
                "metadata": {
                    "trials": 1
                }
            }
        ],
        [
            {
                "query": {
                    "x1": 5.137928328538915,
                    "x2": 0.38448907751436145
                },
                "metrics": {
                    "outcome": 1.520359184147405e-11
                },
                "metadata": {
                    "trials": 1
                }
            }
        ],
        [
            {
                "query": {
                    "x1": 5.150730775691632,
                    "x2": 0.2460071793548595
                },
                "metrics": {
                    "outcome": 1.4579445040337278e-11
                },
                "metadata": {
                    "trials": 1
                }
            }
        ],
        [
            {
                "query": {
                    "x1": 5.1489305622925094,
                    "x2": 0.4038139742140068
                },
                "metrics": {
                    "outcome": 1.3400050694919767e-11
                },
                "metadata": {
                    "trials": 1
                }
            }
        ],
        [
            {
                "query": {
                    "x1": 5.2307025845753605,
                    "x2": 0.4557017961455285
                },
                "metrics": {
                    "outcome": 5.571437318633307e-12
                },
                "metadata": {
                    "trials": 1
                }
            }
        ],
        [
            {
                "query": {
                    "x1": 5.293082889845324,
                    "x2": 0.4814694134037216
                },
                "metrics": {
                    "outcome": 2.8544600307709883e-12
                },
                "metadata": {
                    "trials": 1
                }
            }
        ]
    ]
}