{
    "date": "10/11/2022 09:56:35",
    "basic_params": {
        "active_variables": [
            "x1",
            "x2"
        ],
        "default_query": {},
        "metric": "basic",
        "n_trials": 1
    },
    "objective_function": {
        "name": "Beale",
        "params": {}
    },
    "optimizer": {
        "name": "BO-MCMC-250-LCB",
        "params": {
            "lower_bound": [
                -4.5,
                -4.5
            ],
            "upper_bound": [
                4.5,
                4.5
            ],
            "invert_metric": false,
            "bopt_params": {
                "n_init_samples": 15,
                "n_iterations": 45,
                "n_iter_relearn": 5,
                "verbose_level": 0,
                "n_parallel_samples": 3,
                "par_type": "PAR_MCMC",
                "l_type": "L_MCMC",
                "burnout_mcmc_parallel": 250,
                "crit_name": "cLCBnorm",
                "n_crit_params": 1,
                "crit_params": [
                    2.0
                ]
            }
        }
    },
    "execution_time": 59.975077867507935,
    "best_results": [
        {
            "query": {
                "x1": 3.7462776738203143,
                "x2": 0.562257497634775
            },
            "metrics": [
                {
                    "name": "outcome",
                    "value": 0.3242620000598546
                }
            ]
        }
    ],
    "iterations": [
        [
            {
                "query": {
                    "x1": 3.011137757683173,
                    "x2": -2.335299817286432
                },
                "metrics": {
                    "outcome": 1818.676059216046
                },
                "metadata": {
                    "trials": 1
                }
            }
        ],
        [
            {
                "query": {
                    "x1": -1.7967830416280774,
                    "x2": -3.6332175572868435
                },
                "metrics": {
                    "outcome": 8690.851822198585
                },
                "metadata": {
                    "trials": 1
                }
            }
        ],
        [
            {
                "query": {
                    "x1": 3.8923536318819973,
                    "x2": 2.0827175670303406
                },
                "metrics": {
                    "outcome": 1413.9694721417054
                },
                "metadata": {
                    "trials": 1
                }
            }
        ],
        [
            {
                "query": {
                    "x1": 1.8205304172355685,
                    "x2": 2.1745592474006115
                },
                "metrics": {
                    "outcome": 476.1416358946816
                },
                "metadata": {
                    "trials": 1
                }
            }
        ],
        [
            {
                "query": {
                    "x1": -2.5525379275437445,
                    "x2": -2.8128673567436637
                },
                "metrics": {
                    "outcome": 4205.511724174952
                },
                "metadata": {
                    "trials": 1
                }
            }
        ],
        [
            {
                "query": {
                    "x1": -2.7086084039881824,
                    "x2": 0.4802414090372622
                },
                "metrics": {
                    "outcome": 52.57545669137734
                },
                "metadata": {
                    "trials": 1
                }
            }
        ],
        [
            {
                "query": {
                    "x1": -0.2893212657887485,
                    "x2": 4.2767920925281935
                },
                "metrics": {
                    "outcome": 396.69286082785743
                },
                "metadata": {
                    "trials": 1
                }
            }
        ],
        [
            {
                "query": {
                    "x1": -3.7530600283294917,
                    "x2": -4.16295555587858
                },
                "metrics": {
                    "outcome": 80729.0464716708
                },
                "metadata": {
                    "trials": 1
                }
            }
        ],
        [
            {
                "query": {
                    "x1": 1.025365079892799,
                    "x2": 3.238371705589816
                },
                "metrics": {
                    "outcome": 1484.4323476352665
                },
                "metadata": {
                    "trials": 1
                }
            }
        ],
        [
            {
                "query": {
                    "x1": -0.8017797913402318,
                    "x2": -1.7485304807312785
                },
                "metrics": {
                    "outcome": 73.56846219320133
                },
                "metadata": {
                    "trials": 1
                }
            }
        ],
        [
            {
                "query": {
                    "x1": 2.1236964577808983,
                    "x2": -0.7845271651167423
                },
                "metrics": {
                    "outcome": 7.572533157449446
                },
                "metadata": {
                    "trials": 1
                }
            }
        ],
        [
            {
                "query": {
                    "x1": 0.579947498207912,
                    "x2": -1.1114208409097044
                },
                "metrics": {
                    "outcome": 7.330594032190701
                },
                "metadata": {
                    "trials": 1
                }
            }
        ],
        [
            {
                "query": {
                    "x1": -1.120584478788078,
                    "x2": 1.027798230852932
                },
                "metrics": {
                    "outcome": 13.335234109440698
                },
                "metadata": {
                    "trials": 1
                }
            }
        ],
        [
            {
                "query": {
                    "x1": -4.296141916885972,
                    "x2": 3.509561504144221
                },
                "metrics": {
                    "outcome": 34202.025176459734
                },
                "metadata": {
                    "trials": 1
                }
            }
        ],
        [
            {
                "query": {
                    "x1": 4.039961479185148,
                    "x2": 0.2775233684107654
                },
                "metrics": {
                    "outcome": 5.965001179347153
                },
                "metadata": {
                    "trials": 1
                }
            }
        ],
        [
            {
                "query": {
                    "x1": -0.05630118644479243,
                    "x2": 3.315763164715478
                },
                "metrics": {
                    "outcome": 5.1183537260492615
                },
                "metadata": {
                    "trials": 1
                }
            },
            {
                "query": {
                    "x1": 2.287247881449435,
                    "x2": 4.3244151675324645
                },
                "metrics": {
                    "outcome": 36247.23761172553
                },
                "metadata": {
                    "trials": 1
                }
            },
            {
                "query": {
                    "x1": -0.5782834757119417,
                    "x2": 2.884102667681873
                },
                "metrics": {
                    "outcome": 117.94101133413332
                },
                "metadata": {
                    "trials": 1
                }
            }
        ],
        [
            {
                "query": {
                    "x1": -2.032939337486717,
                    "x2": 4.241915232764104
                },
                "metrics": {
                    "outcome": 23723.201834036157
                },
                "metadata": {
                    "trials": 1
                }
            },
            {
                "query": {
                    "x1": 3.007609440945089,
                    "x2": -1.877280784305185
                },
                "metrics": {
                    "outcome": 559.3387265438986
                },
                "metadata": {
                    "trials": 1
                }
            },
            {
                "query": {
                    "x1": -2.5993638031650335,
                    "x2": -2.9122759918682277
                },
                "metrics": {
                    "outcome": 5252.254393941183
                },
                "metadata": {
                    "trials": 1
                }
            }
        ],
        [
            {
                "query": {
                    "x1": 0.02427849922449621,
                    "x2": 3.1974433606135495
                },
                "metrics": {
                    "outcome": 20.055033882495124
                },
                "metadata": {
                    "trials": 1
                }
            },
            {
                "query": {
                    "x1": -3.954815386554266,
                    "x2": -0.5833909036092582
                },
                "metrics": {
                    "outcome": 138.10112185272575
                },
                "metadata": {
                    "trials": 1
                }
            },
            {
                "query": {
                    "x1": 4.392982647271705,
                    "x2": 3.8555980785825597
                },
                "metrics": {
                    "outcome": 66696.55514691141
                },
                "metadata": {
                    "trials": 1
                }
            }
        ],
        [
            {
                "query": {
                    "x1": -4.249583771970821,
                    "x2": 3.579279420618775
                },
                "metrics": {
                    "outcome": 37728.314844621484
                },
                "metadata": {
                    "trials": 1
                }
            },
            {
                "query": {
                    "x1": 3.181840078351306,
                    "x2": 1.9036785234508384
                },
                "metrics": {
                    "outcome": 589.2057907475735
                },
                "metadata": {
                    "trials": 1
                }
            },
            {
                "query": {
                    "x1": -3.786848044655457,
                    "x2": -3.5592712943309808
                },
                "metrics": {
                    "outcome": 33497.18760849594
                },
                "metadata": {
                    "trials": 1
                }
            }
        ],
        [
            {
                "query": {
                    "x1": 1.5724088752285272,
                    "x2": -0.23339204969936578
                },
                "metrics": {
                    "outcome": 1.8418735228068126
                },
                "metadata": {
                    "trials": 1
                }
            },
            {
                "query": {
                    "x1": -0.8858237329015317,
                    "x2": 3.8353428573916233
                },
                "metrics": {
                    "outcome": 2257.9202706700407
                },
                "metadata": {
                    "trials": 1
                }
            },
            {
                "query": {
                    "x1": -2.211546988901369,
                    "x2": -4.30782700024379
                },
                "metrics": {
                    "outcome": 34503.43822218598
                },
                "metadata": {
                    "trials": 1
                }
            }
        ],
        [
            {
                "query": {
                    "x1": 2.474448059096475,
                    "x2": -3.49236916774603
                },
                "metrics": {
                    "outcome": 12067.155313929283
                },
                "metadata": {
                    "trials": 1
                }
            },
            {
                "query": {
                    "x1": -2.3746032901884635,
                    "x2": -3.3131821641725603
                },
                "metrics": {
                    "outcome": 8944.72858399724
                },
                "metadata": {
                    "trials": 1
                }
            },
            {
                "query": {
                    "x1": -0.7829577341424705,
                    "x2": 0.5762171639120135
                },
                "metrics": {
                    "outcome": 21.66063402242131
                },
                "metadata": {
                    "trials": 1
                }
            }
        ],
        [
            {
                "query": {
                    "x1": -1.7943007287103683,
                    "x2": 2.8583821188658476
                },
                "metrics": {
                    "outcome": 1521.1668674772773
                },
                "metadata": {
                    "trials": 1
                }
            },
            {
                "query": {
                    "x1": 0.6172425095260712,
                    "x2": 1.3805767172283065
                },
                "metrics": {
                    "outcome": 24.092665067835974
                },
                "metadata": {
                    "trials": 1
                }
            },
            {
                "query": {
                    "x1": 2.373867178335786,
                    "x2": -2.1257192899938673
                },
                "metrics": {
                    "outcome": 656.0125588099619
                },
                "metadata": {
                    "trials": 1
                }
            }
        ],
        [
            {
                "query": {
                    "x1": -1.563114920751305,
                    "x2": -1.4693743997241602
                },
                "metrics": {
                    "outcome": 112.5892673709648
                },
                "metadata": {
                    "trials": 1
                }
            },
            {
                "query": {
                    "x1": 2.13567811526322,
                    "x2": 1.9980440314902772
                },
                "metrics": {
                    "outcome": 394.95714452800075
                },
                "metadata": {
                    "trials": 1
                }
            },
            {
                "query": {
                    "x1": 0.3162652723812238,
                    "x2": -3.6301443849318598
                },
                "metrics": {
                    "outcome": 201.59990714996306
                },
                "metadata": {
                    "trials": 1
                }
            }
        ],
        [
            {
                "query": {
                    "x1": -3.472046045370921,
                    "x2": 3.931670821683017
                },
                "metrics": {
                    "outcome": 44366.51044349541
                },
                "metadata": {
                    "trials": 1
                }
            },
            {
                "query": {
                    "x1": -4.390451488550752,
                    "x2": -2.4190121318679303
                },
                "metrics": {
                    "outcome": 5419.053476667383
                },
                "metadata": {
                    "trials": 1
                }
            },
            {
                "query": {
                    "x1": -3.141422294313088,
                    "x2": 3.994381493423134
                },
                "metrics": {
                    "outcome": 39869.67324497658
                },
                "metadata": {
                    "trials": 1
                }
            }
        ],
        [
            {
                "query": {
                    "x1": 4.142468395775605,
                    "x2": -3.840851957792606
                },
                "metrics": {
                    "outcome": 59657.017416877214
                },
                "metadata": {
                    "trials": 1
                }
            },
            {
                "query": {
                    "x1": 2.329768583894137,
                    "x2": -0.04380795271964644
                },
                "metrics": {
                    "outcome": 0.9610246444418646
                },
                "metadata": {
                    "trials": 1
                }
            },
            {
                "query": {
                    "x1": -1.7780059066135436,
                    "x2": -3.1383182094432414
                },
                "metrics": {
                    "outcome": 3783.8991125683287
                },
                "metadata": {
                    "trials": 1
                }
            }
        ],
        [
            {
                "query": {
                    "x1": -1.292794339824468,
                    "x2": -0.24582132138311863
                },
                "metrics": {
                    "outcome": 37.179689924300746
                },
                "metadata": {
                    "trials": 1
                }
            },
            {
                "query": {
                    "x1": 0.849647424502554,
                    "x2": -1.8930592997941105
                },
                "metrics": {
                    "outcome": 36.587918474935776
                },
                "metadata": {
                    "trials": 1
                }
            },
            {
                "query": {
                    "x1": -1.7341321990373815,
                    "x2": 0.655674999448852
                },
                "metrics": {
                    "outcome": 29.86578123450989
                },
                "metadata": {
                    "trials": 1
                }
            }
        ],
        [
            {
                "query": {
                    "x1": -1.7675394178368151,
                    "x2": 0.10093751410022378
                },
                "metrics": {
                    "outcome": 44.81739982819556
                },
                "metadata": {
                    "trials": 1
                }
            },
            {
                "query": {
                    "x1": 3.8630308935134963,
                    "x2": -1.24124239398793
                },
                "metrics": {
                    "outcome": 144.4608185723732
                },
                "metadata": {
                    "trials": 1
                }
            },
            {
                "query": {
                    "x1": 4.306073941719482,
                    "x2": -1.1998418111466234
                },
                "metrics": {
                    "outcome": 163.88507406157765
                },
                "metadata": {
                    "trials": 1
                }
            }
        ],
        [
            {
                "query": {
                    "x1": 1.4281503350939602,
                    "x2": 3.227168074110523
                },
                "metrics": {
                    "outcome": 2688.5596546548018
                },
                "metadata": {
                    "trials": 1
                }
            },
            {
                "query": {
                    "x1": 0.511316137743755,
                    "x2": 3.5472707990060535
                },
                "metrics": {
                    "outcome": 696.4835330085095
                },
                "metadata": {
                    "trials": 1
                }
            },
            {
                "query": {
                    "x1": 0.5757078132592142,
                    "x2": 3.275153321446851
                },
                "metrics": {
                    "outcome": 565.6745705509551
                },
                "metadata": {
                    "trials": 1
                }
            }
        ],
        [
            {
                "query": {
                    "x1": -0.9976503231101357,
                    "x2": 0.5081244816650923
                },
                "metrics": {
                    "outcome": 25.09589040131254
                },
                "metadata": {
                    "trials": 1
                }
            },
            {
                "query": {
                    "x1": -3.321962369975708,
                    "x2": 0.4652033466511174
                },
                "metrics": {
                    "outcome": 65.78832718524508
                },
                "metadata": {
                    "trials": 1
                }
            },
            {
                "query": {
                    "x1": -3.9908519343723015,
                    "x2": 0.6099738611410643
                },
                "metrics": {
                    "outcome": 64.56727165734316
                },
                "metadata": {
                    "trials": 1
                }
            }
        ],
        [
            {
                "query": {
                    "x1": -4.041086436482146,
                    "x2": -2.0406300101894885
                },
                "metrics": {
                    "outcome": 1982.5540697388383
                },
                "metadata": {
                    "trials": 1
                }
            },
            {
                "query": {
                    "x1": 2.7692657523354534,
                    "x2": 3.535076145037042
                },
                "metrics": {
                    "outcome": 16165.839077131466
                },
                "metadata": {
                    "trials": 1
                }
            },
            {
                "query": {
                    "x1": -4.47630361512739,
                    "x2": 0.27097913034640264
                },
                "metrics": {
                    "outcome": 112.79005256083045
                },
                "metadata": {
                    "trials": 1
                }
            }
        ],
        [
            {
                "query": {
                    "x1": -2.698956489097327,
                    "x2": -1.6268489069771022
                },
                "metrics": {
                    "outcome": 365.7244928155335
                },
                "metadata": {
                    "trials": 1
                }
            },
            {
                "query": {
                    "x1": 3.7462776738203143,
                    "x2": 0.562257497634775
                },
                "metrics": {
                    "outcome": 0.3242620000598546
                },
                "metadata": {
                    "trials": 1
                }
            },
            {
                "query": {
                    "x1": 1.9224550308198172,
                    "x2": 2.154141474132074
                },
                "metrics": {
                    "outcome": 496.1379655223151
                },
                "metadata": {
                    "trials": 1
                }
            }
        ],
        [
            {
                "query": {
                    "x1": -3.1989997238191665,
                    "x2": -0.17429256318213415
                },
                "metrics": {
                    "outcome": 90.38997430040916
                },
                "metadata": {
                    "trials": 1
                }
            },
            {
                "query": {
                    "x1": -0.7449940285955727,
                    "x2": 1.4590423781039554
                },
                "metrics": {
                    "outcome": 4.441616059666475
                },
                "metadata": {
                    "trials": 1
                }
            },
            {
                "query": {
                    "x1": 4.461346553983109,
                    "x2": -1.8394017877871582
                },
                "metrics": {
                    "outcome": 1166.92283551419
                },
                "metadata": {
                    "trials": 1
                }
            }
        ],
        [
            {
                "query": {
                    "x1": 2.2254941302135203,
                    "x2": 0.7584917960188156
                },
                "metrics": {
                    "outcome": 4.507752760955461
                },
                "metadata": {
                    "trials": 1
                }
            },
            {
                "query": {
                    "x1": 1.6844857663762616,
                    "x2": -1.215942731349493
                },
                "metrics": {
                    "outcome": 18.68360308088331
                },
                "metadata": {
                    "trials": 1
                }
            },
            {
                "query": {
                    "x1": 4.0469172112907135,
                    "x2": 1.2757331526468256
                },
                "metrics": {
                    "outcome": 78.50859488505435
                },
                "metadata": {
                    "trials": 1
                }
            }
        ],
        [
            {
                "query": {
                    "x1": -4.173719704108086,
                    "x2": -2.505351277383464
                },
                "metrics": {
                    "outcome": 5897.69753678027
                },
                "metadata": {
                    "trials": 1
                }
            },
            {
                "query": {
                    "x1": -0.25379350885204577,
                    "x2": 3.046690690183776
                },
                "metrics": {
                    "outcome": 19.46120656662146
                },
                "metadata": {
                    "trials": 1
                }
            },
            {
                "query": {
                    "x1": -2.0952129916903695,
                    "x2": 2.4905593343916435
                },
                "metrics": {
                    "outcome": 841.8891737063152
                },
                "metadata": {
                    "trials": 1
                }
            }
        ],
        [
            {
                "query": {
                    "x1": 0.048135449532787256,
                    "x2": -0.6022691496414083
                },
                "metrics": {
                    "outcome": 13.536118980532056
                },
                "metadata": {
                    "trials": 1
                }
            },
            {
                "query": {
                    "x1": -3.9567565079367437,
                    "x2": -1.0540642737611345
                },
                "metrics": {
                    "outcome": 221.75521199389505
                },
                "metadata": {
                    "trials": 1
                }
            },
            {
                "query": {
                    "x1": 1.4289305711684879,
                    "x2": -1.2548570505759322
                },
                "metrics": {
                    "outcome": 15.046073303954543
                },
                "metadata": {
                    "trials": 1
                }
            }
        ],
        [
            {
                "query": {
                    "x1": -1.035504313884303,
                    "x2": 1.1489821441937238
                },
                "metrics": {
                    "outcome": 9.858827961431043
                },
                "metadata": {
                    "trials": 1
                }
            },
            {
                "query": {
                    "x1": 2.599409540403399,
                    "x2": -0.5798206347247516
                },
                "metrics": {
                    "outcome": 7.300930553984812
                },
                "metadata": {
                    "trials": 1
                }
            },
            {
                "query": {
                    "x1": -1.4366371335927397,
                    "x2": 3.2981148515827954
                },
                "metrics": {
                    "outcome": 2400.0154032927885
                },
                "metadata": {
                    "trials": 1
                }
            }
        ],
        [
            {
                "query": {
                    "x1": -2.0827690057922155,
                    "x2": 2.7603881636168808
                },
                "metrics": {
                    "outcome": 1666.6185958885071
                },
                "metadata": {
                    "trials": 1
                }
            },
            {
                "query": {
                    "x1": 0.9245258879048137,
                    "x2": 2.0654841096176577
                },
                "metrics": {
                    "outcome": 130.91331568470406
                },
                "metadata": {
                    "trials": 1
                }
            },
            {
                "query": {
                    "x1": -1.3192996790247156,
                    "x2": -0.29385313379954336
                },
                "metrics": {
                    "outcome": 38.04706199858933
                },
                "metadata": {
                    "trials": 1
                }
            }
        ],
        [
            {
                "query": {
                    "x1": -0.7439872175117612,
                    "x2": 1.6151247804245745
                },
                "metrics": {
                    "outcome": 2.2506689558878135
                },
                "metadata": {
                    "trials": 1
                }
            },
            {
                "query": {
                    "x1": -2.7099901644978672,
                    "x2": -0.49656806071288884
                },
                "metrics": {
                    "outcome": 81.3975976383503
                },
                "metadata": {
                    "trials": 1
                }
            },
            {
                "query": {
                    "x1": -0.33455867619065227,
                    "x2": -3.1066797558055663
                },
                "metrics": {
                    "outcome": 177.4398589474963
                },
                "metadata": {
                    "trials": 1
                }
            }
        ],
        [
            {
                "query": {
                    "x1": 3.8896900505002847,
                    "x2": -0.9501460597862983
                },
                "metrics": {
                    "outcome": 61.70722918410442
                },
                "metadata": {
                    "trials": 1
                }
            },
            {
                "query": {
                    "x1": -2.633458320264886,
                    "x2": -2.3535726815739784
                },
                "metrics": {
                    "outcome": 1768.3768851270188
                },
                "metadata": {
                    "trials": 1
                }
            },
            {
                "query": {
                    "x1": 4.482113343430683,
                    "x2": 2.178579257335514
                },
                "metrics": {
                    "outcome": 2387.7320072654356
                },
                "metadata": {
                    "trials": 1
                }
            }
        ],
        [
            {
                "query": {
                    "x1": -4.019351191353053,
                    "x2": -4.4122717450372875
                },
                "metrics": {
                    "outcome": 129556.53620778878
                },
                "metadata": {
                    "trials": 1
                }
            },
            {
                "query": {
                    "x1": -2.994333559975913,
                    "x2": 1.5819262318362242
                },
                "metrics": {
                    "outcome": 43.98561185357364
                },
                "metadata": {
                    "trials": 1
                }
            },
            {
                "query": {
                    "x1": -0.3191526455963425,
                    "x2": -0.18283535746163793
                },
                "metrics": {
                    "outcome": 18.750388950681568
                },
                "metadata": {
                    "trials": 1
                }
            }
        ],
        [
            {
                "query": {
                    "x1": 0.7787341004240131,
                    "x2": -0.6161590752828361
                },
                "metrics": {
                    "outcome": 5.949506640758019
                },
                "metadata": {
                    "trials": 1
                }
            },
            {
                "query": {
                    "x1": -1.857626476044555,
                    "x2": 0.3455646572105433
                },
                "metrics": {
                    "outcome": 41.88700973251168
                },
                "metadata": {
                    "trials": 1
                }
            },
            {
                "query": {
                    "x1": 4.2637002759433695,
                    "x2": -1.4093936223356711
                },
                "metrics": {
                    "outcome": 302.9310195737912
                },
                "metadata": {
                    "trials": 1
                }
            }
        ],
        [
            {
                "query": {
                    "x1": -0.2113416004213846,
                    "x2": -0.4330685239841836
                },
                "metrics": {
                    "outcome": 17.25748610949737
                },
                "metadata": {
                    "trials": 1
                }
            },
            {
                "query": {
                    "x1": 2.1274979086906134,
                    "x2": 3.3601083477623463
                },
                "metrics": {
                    "outcome": 7220.100576918268
                },
                "metadata": {
                    "trials": 1
                }
            },
            {
                "query": {
                    "x1": -2.7253547700375638,
                    "x2": 3.1271545721055514
                },
                "metrics": {
                    "outcome": 6571.233255404684
                },
                "metadata": {
                    "trials": 1
                }
            }
        ],
        [
            {
                "query": {
                    "x1": -0.5503575024331608,
                    "x2": 1.651272849986185
                },
                "metrics": {
                    "outcome": 3.478693271404908
                },
                "metadata": {
                    "trials": 1
                }
            },
            {
                "query": {
                    "x1": -4.175951891345903,
                    "x2": 2.350775064434856
                },
                "metrics": {
                    "outcome": 2545.6817839153873
                },
                "metadata": {
                    "trials": 1
                }
            },
            {
                "query": {
                    "x1": 3.716554465703666,
                    "x2": 1.4854953163303435
                },
                "metrics": {
                    "outcome": 179.29599045678222
                },
                "metadata": {
                    "trials": 1
                }
            }
        ],
        [
            {
                "query": {
                    "x1": -0.8945986751932651,
                    "x2": 3.634409991558641
                },
                "metrics": {
                    "outcome": 1630.4372067455695
                },
                "metadata": {
                    "trials": 1
                }
            },
            {
                "query": {
                    "x1": 0.349335023900494,
                    "x2": 1.420981389703229
                },
                "metrics": {
                    "outcome": 20.249452087813232
                },
                "metadata": {
                    "trials": 1
                }
            },
            {
                "query": {
                    "x1": -4.160986626840578,
                    "x2": -0.8286144359757395
                },
                "metrics": {
                    "outcome": 179.3849152670921
                },
                "metadata": {
                    "trials": 1
                }
            }
        ],
        [
            {
                "query": {
                    "x1": -1.7384198543149978,
                    "x2": 0.07291626068763435
                },
                "metrics": {
                    "outcome": 44.54983467446212
                },
                "metadata": {
                    "trials": 1
                }
            },
            {
                "query": {
                    "x1": -3.674390533939004,
                    "x2": 3.2040140074677765
                },
                "metrics": {
                    "outcome": 14177.750154118808
                },
                "metadata": {
                    "trials": 1
                }
            },
            {
                "query": {
                    "x1": -2.639032638431124,
                    "x2": -0.47276126015667863
                },
                "metrics": {
                    "outcome": 78.2228302697158
                },
                "metadata": {
                    "trials": 1
                }
            }
        ],
        [
            {
                "query": {
                    "x1": -3.535736312339898,
                    "x2": 0.28671703831655293
                },
                "metrics": {
                    "outcome": 83.30695531738928
                },
                "metadata": {
                    "trials": 1
                }
            },
            {
                "query": {
                    "x1": -1.239437837275272,
                    "x2": -1.769241005283749
                },
                "metrics": {
                    "outcome": 139.58216148018573
                },
                "metadata": {
                    "trials": 1
                }
            },
            {
                "query": {
                    "x1": -3.5857927627824036,
                    "x2": 1.0828608579141195
                },
                "metrics": {
                    "outcome": 6.855607655769146
                },
                "metadata": {
                    "trials": 1
                }
            }
        ],
        [
            {
                "query": {
                    "x1": 0.7259866469161373,
                    "x2": -3.6155816463913206
                },
                "metrics": {
                    "outcome": 1175.4325563376713
                },
                "metadata": {
                    "trials": 1
                }
            },
            {
                "query": {
                    "x1": -3.296498362579571,
                    "x2": 1.970579458096708
                },
                "metrics": {
                    "outcome": 428.14792250905526
                },
                "metadata": {
                    "trials": 1
                }
            },
            {
                "query": {
                    "x1": 3.985874190182825,
                    "x2": 0.4911069812115372
                },
                "metrics": {
                    "outcome": 1.6689814937378742
                },
                "metadata": {
                    "trials": 1
                }
            }
        ],
        [
            {
                "query": {
                    "x1": -2.7050693649893685,
                    "x2": -3.561571097204247
                },
                "metrics": {
                    "outcome": 17319.649118566973
                },
                "metadata": {
                    "trials": 1
                }
            },
            {
                "query": {
                    "x1": -2.3020822862117,
                    "x2": 0.9542628805861311
                },
                "metrics": {
                    "outcome": 17.172993418760008
                },
                "metadata": {
                    "trials": 1
                }
            },
            {
                "query": {
                    "x1": -3.8943106029788472,
                    "x2": 2.8584705391144887
                },
                "metrics": {
                    "outcome": 7821.719920450007
                },
                "metadata": {
                    "trials": 1
                }
            }
        ],
        [
            {
                "query": {
                    "x1": -4.462266004273087,
                    "x2": 1.0603519599568338
                },
                "metrics": {
                    "outcome": 7.511576092484594
                },
                "metadata": {
                    "trials": 1
                }
            },
            {
                "query": {
                    "x1": 0.4730701037882987,
                    "x2": -1.4507779787357178
                },
                "metrics": {
                    "outcome": 8.303884075767451
                },
                "metadata": {
                    "trials": 1
                }
            },
            {
                "query": {
                    "x1": 0.8329248391091824,
                    "x2": -3.5819527935236692
                },
                "metrics": {
                    "outcome": 1483.1949068253216
                },
                "metadata": {
                    "trials": 1
                }
            }
        ],
        [
            {
                "query": {
                    "x1": -3.6274367716115994,
                    "x2": 2.9666202199123646
                },
                "metrics": {
                    "outcome": 8534.53751445084
                },
                "metadata": {
                    "trials": 1
                }
            },
            {
                "query": {
                    "x1": -0.4214836737190817,
                    "x2": 4.252245478020203
                },
                "metrics": {
                    "outcome": 886.5417459166146
                },
                "metadata": {
                    "trials": 1
                }
            },
            {
                "query": {
                    "x1": 0.7803409724825565,
                    "x2": -1.8775025893115398
                },
                "metrics": {
                    "outcome": 29.38838983957802
                },
                "metadata": {
                    "trials": 1
                }
            }
        ],
        [
            {
                "query": {
                    "x1": 0.09542135171775268,
                    "x2": -3.9322745732273168
                },
                "metrics": {
                    "outcome": 24.945580894255404
                },
                "metadata": {
                    "trials": 1
                }
            },
            {
                "query": {
                    "x1": 2.7771804228402956,
                    "x2": -0.5616069311616085
                },
                "metrics": {
                    "outcome": 8.584299754239987
                },
                "metadata": {
                    "trials": 1
                }
            },
            {
                "query": {
                    "x1": -1.6458705223335603,
                    "x2": -1.4967289001698734
                },
                "metrics": {
                    "outcome": 127.34054167017877
                },
                "metadata": {
                    "trials": 1
                }
            }
        ],
        [
            {
                "query": {
                    "x1": -0.563380288425833,
                    "x2": 4.1114580309949815
                },
                "metrics": {
                    "outcome": 1338.699464523783
                },
                "metadata": {
                    "trials": 1
                }
            },
            {
                "query": {
                    "x1": -4.3646566697862,
                    "x2": 2.0437538113910705
                },
                "metrics": {
                    "outcome": 1060.5303299404156
                },
                "metadata": {
                    "trials": 1
                }
            },
            {
                "query": {
                    "x1": -3.3096245054048135,
                    "x2": 0.5306760191100999
                },
                "metrics": {
                    "outcome": 60.33073867677585
                },
                "metadata": {
                    "trials": 1
                }
            }
        ],
        [
            {
                "query": {
                    "x1": 1.420803174848209,
                    "x2": -1.9374865410400557
                },
                "metrics": {
                    "outcome": 128.47205436968449
                },
                "metadata": {
                    "trials": 1
                }
            },
            {
                "query": {
                    "x1": 3.7576181308573435,
                    "x2": -4.439379350091654
                },
                "metrics": {
                    "outcome": 114451.24217206246
                },
                "metadata": {
                    "trials": 1
                }
            },
            {
                "query": {
                    "x1": -1.324017162233488,
                    "x2": 0.6941447471103901
                },
                "metrics": {
                    "outcome": 24.542593471889358
                },
                "metadata": {
                    "trials": 1
                }
            }
        ],
        [
            {
                "query": {
                    "x1": -0.2665000762352392,
                    "x2": -1.4180782393014395
                },
                "metrics": {
                    "outcome": 21.854489571260835
                },
                "metadata": {
                    "trials": 1
                }
            },
            {
                "query": {
                    "x1": -2.103049277541147,
                    "x2": 3.930013349173846
                },
                "metrics": {
                    "outcome": 15923.529259056359
                },
                "metadata": {
                    "trials": 1
                }
            },
            {
                "query": {
                    "x1": 0.19654800380134496,
                    "x2": 1.6931367227776466
                },
                "metrics": {
                    "outcome": 20.966348881096998
                },
                "metadata": {
                    "trials": 1
                }
            }
        ],
        [
            {
                "query": {
                    "x1": 0.19159162372262184,
                    "x2": 2.7293922291574564
                },
                "metrics": {
                    "outcome": 55.560149989151235
                },
                "metadata": {
                    "trials": 1
                }
            },
            {
                "query": {
                    "x1": 1.946788604836911,
                    "x2": 1.3971325806342065
                },
                "metrics": {
                    "outcome": 57.853699422347376
                },
                "metadata": {
                    "trials": 1
                }
            },
            {
                "query": {
                    "x1": 3.7711534069027657,
                    "x2": -0.8882681296994259
                },
                "metrics": {
                    "outcome": 48.0683486602673
                },
                "metadata": {
                    "trials": 1
                }
            }
        ],
        [
            {
                "query": {
                    "x1": -0.9536775285378098,
                    "x2": -2.085069523891434
                },
                "metrics": {
                    "outcome": 170.03841359612167
                },
                "metadata": {
                    "trials": 1
                }
            },
            {
                "query": {
                    "x1": -3.445609049751276,
                    "x2": -0.6047861320044703
                },
                "metrics": {
                    "outcome": 115.77280378142461
                },
                "metadata": {
                    "trials": 1
                }
            },
            {
                "query": {
                    "x1": -1.8830736556840701,
                    "x2": -4.1329978890924215
                },
                "metrics": {
                    "outcome": 19803.10034292273
                },
                "metadata": {
                    "trials": 1
                }
            }
        ],
        [
            {
                "query": {
                    "x1": 4.256811605093855,
                    "x2": 1.7333058323853843
                },
                "metrics": {
                    "outcome": 559.3136134557055
                },
                "metadata": {
                    "trials": 1
                }
            },
            {
                "query": {
                    "x1": 0.5401694239846684,
                    "x2": 3.45811417917767
                },
                "metrics": {
                    "outcome": 671.2207152823541
                },
                "metadata": {
                    "trials": 1
                }
            },
            {
                "query": {
                    "x1": 1.244085394850961,
                    "x2": -0.3208261380424249
                },
                "metrics": {
                    "outcome": 3.1015440120677917
                },
                "metadata": {
                    "trials": 1
                }
            }
        ],
        [
            {
                "query": {
                    "x1": -1.205465992528186,
                    "x2": -1.5676659571467195
                },
                "metrics": {
                    "outcome": 93.17996940725355
                },
                "metadata": {
                    "trials": 1
                }
            },
            {
                "query": {
                    "x1": -0.2795000886178487,
                    "x2": -0.4725260532689832
                },
                "metrics": {
                    "outcome": 18.34894414788727
                },
                "metadata": {
                    "trials": 1
                }
            },
            {
                "query": {
                    "x1": -0.7198828860531239,
                    "x2": -4.123312560235001
                },
                "metrics": {
                    "outcome": 3008.4710341597092
                },
                "metadata": {
                    "trials": 1
                }
            }
        ],
        [
            {
                "query": {
                    "x1": -3.1385259651653756,
                    "x2": 0.7347976142124555
                },
                "metrics": {
                    "outcome": 39.50062635560336
                },
                "metadata": {
                    "trials": 1
                }
            },
            {
                "query": {
                    "x1": -2.1637163157574832,
                    "x2": -1.9617923393379897
                },
                "metrics": {
                    "outcome": 524.1359041103104
                },
                "metadata": {
                    "trials": 1
                }
            },
            {
                "query": {
                    "x1": 1.4880900814396254,
                    "x2": 1.6075567023367725
                },
                "metrics": {
                    "outcome": 80.57491318800597
                },
                "metadata": {
                    "trials": 1
                }
            }
        ],
        [
            {
                "query": {
                    "x1": -3.3670316136890657,
                    "x2": 3.308993157502419
                },
                "metrics": {
                    "outcome": 14472.152793239142
                },
                "metadata": {
                    "trials": 1
                }
            },
            {
                "query": {
                    "x1": 0.5270047392171726,
                    "x2": -2.6923988738042697
                },
                "metrics": {
                    "outcome": 97.96462508166623
                },
                "metadata": {
                    "trials": 1
                }
            },
            {
                "query": {
                    "x1": -0.029765609186142683,
                    "x2": 2.8948236771393567
                },
                "metrics": {
                    "outcome": 9.941518506264652
                },
                "metadata": {
                    "trials": 1
                }
            }
        ]
    ]
}