{
    "date": "05/11/2022 12:04:10",
    "basic_params": {
        "active_variables": [
            "x1",
            "x2"
        ],
        "default_query": {},
        "metric": "basic",
        "n_trials": 1
    },
    "objective_function": {
        "name": "Gramacy2D",
        "params": {}
    },
    "optimizer": {
        "name": "BBO-LP(LCB)",
        "params": {
            "lower_bound": [
                -2.0,
                -2.0
            ],
            "upper_bound": [
                6.0,
                6.0
            ],
            "invert_metric": false,
            "bopt_params": {
                "n_init_samples": 12,
                "n_iterations": 23,
                "n_iter_relearn": 5,
                "verbose_level": 0,
                "n_parallel_samples": 6,
                "par_type": "PAR_BBO",
                "crit_name": "cLP(cLCB)",
                "n_crit_params": 3,
                "crit_params": [
                    6,
                    1,
                    1.0
                ]
            }
        }
    },
    "iterations": [
        [
            {
                "query": {
                    "x1": 5.28830204733337,
                    "x2": -0.2536089099012315
                },
                "metrics": {
                    "outcome": 3.5468586102944248e-12
                },
                "metadata": {
                    "trials": 1
                }
            }
        ],
        [
            {
                "query": {
                    "x1": -0.8645381582900882,
                    "x2": 2.8904365057436125
                },
                "metrics": {
                    "outcome": -9.6341705252211e-05
                },
                "metadata": {
                    "trials": 1
                }
            }
        ],
        [
            {
                "query": {
                    "x1": 1.7152349692769349,
                    "x2": -1.0999953956343234
                },
                "metrics": {
                    "outcome": 0.026985089920166832
                },
                "metadata": {
                    "trials": 1
                }
            }
        ],
        [
            {
                "query": {
                    "x1": 2.7065837133365376,
                    "x2": 1.919911524436126
                },
                "metrics": {
                    "outcome": 4.468072123287339e-05
                },
                "metadata": {
                    "trials": 1
                }
            }
        ],
        [
            {
                "query": {
                    "x1": 5.43155596870929,
                    "x2": -1.3864277762671313
                },
                "metrics": {
                    "outcome": 1.223663994615321e-13
                },
                "metadata": {
                    "trials": 1
                }
            }
        ],
        [
            {
                "query": {
                    "x1": -1.965793962435176,
                    "x2": 5.795048765062044
                },
                "metrics": {
                    "outcome": -1.0728531677510086e-16
                },
                "metadata": {
                    "trials": 1
                }
            }
        ],
        [
            {
                "query": {
                    "x1": 0.03302488103508949,
                    "x2": 0.7004699306562543
                },
                "metrics": {
                    "outcome": 0.020196563811846056
                },
                "metadata": {
                    "trials": 1
                }
            }
        ],
        [
            {
                "query": {
                    "x1": 4.211721127076696,
                    "x2": 4.534820268396288
                },
                "metrics": {
                    "outcome": 9.763278392662988e-17
                },
                "metadata": {
                    "trials": 1
                }
            }
        ],
        [
            {
                "query": {
                    "x1": -0.15472431279097987,
                    "x2": 5.202435868326575
                },
                "metrics": {
                    "outcome": -2.659710438203307e-13
                },
                "metadata": {
                    "trials": 1
                }
            }
        ],
        [
            {
                "query": {
                    "x1": 3.8369476565470295,
                    "x2": 3.4991561453789473
                },
                "metrics": {
                    "outcome": 7.45911844640782e-12
                },
                "metadata": {
                    "trials": 1
                }
            }
        ],
        [
            {
                "query": {
                    "x1": 1.2131308862008154,
                    "x2": 0.6117982310242951
                },
                "metrics": {
                    "outcome": 0.19151692453151958
                },
                "metadata": {
                    "trials": 1
                }
            }
        ],
        [
            {
                "query": {
                    "x1": 2.2427620406573014,
                    "x2": 2.2891097427345812
                },
                "metrics": {
                    "outcome": 7.772785853470784e-05
                },
                "metadata": {
                    "trials": 1
                }
            }
        ],
        [
            {
                "query": {
                    "x1": 4.25985579620721,
                    "x2": -2.0
                },
                "metrics": {
                    "outcome": 1.0264741161456024e-09
                },
                "metadata": {
                    "trials": 1
                }
            },
            {
                "query": {
                    "x1": 6.0,
                    "x2": 5.99999999999994
                },
                "metrics": {
                    "outcome": 3.2281116960150225e-31
                },
                "metadata": {
                    "trials": 1
                }
            },
            {
                "query": {
                    "x1": 4.284380755453349,
                    "x2": 0.34254577730130986
                },
                "metrics": {
                    "outcome": 4.0649469961324244e-08
                },
                "metadata": {
                    "trials": 1
                }
            },
            {
                "query": {
                    "x1": 2.295580416953606,
                    "x2": -2.0
                },
                "metrics": {
                    "outcome": 0.00021633039030179485
                },
                "metadata": {
                    "trials": 1
                }
            },
            {
                "query": {
                    "x1": -2.0,
                    "x2": -1.99999999999994
                },
                "metrics": {
                    "outcome": -0.0006709252558051846
                },
                "metadata": {
                    "trials": 1
                }
            },
            {
                "query": {
                    "x1": 6.0,
                    "x2": 1.8802553169328964
                },
                "metrics": {
                    "outcome": 4.056603281506165e-17
                },
                "metadata": {
                    "trials": 1
                }
            }
        ],
        [
            {
                "query": {
                    "x1": -0.44676190921895764,
                    "x2": -1.9999999999999833
                },
                "metrics": {
                    "outcome": -0.00670215829169785
                },
                "metadata": {
                    "trials": 1
                }
            },
            {
                "query": {
                    "x1": -0.43458201083827896,
                    "x2": -0.24303565018285234
                },
                "metrics": {
                    "outcome": -0.3391548619918174
                },
                "metadata": {
                    "trials": 1
                }
            },
            {
                "query": {
                    "x1": -0.42937847486110114,
                    "x2": 1.3168593812800768
                },
                "metrics": {
                    "outcome": -0.06304534636478827
                },
                "metadata": {
                    "trials": 1
                }
            },
            {
                "query": {
                    "x1": -0.4333610265613712,
                    "x2": 2.7210022766710686
                },
                "metrics": {
                    "outcome": -0.00021869351400022853
                },
                "metadata": {
                    "trials": 1
                }
            },
            {
                "query": {
                    "x1": 3.153401269533531,
                    "x2": 6.0
                },
                "metrics": {
                    "outcome": 3.51220460041865e-20
                },
                "metadata": {
                    "trials": 1
                }
            },
            {
                "query": {
                    "x1": -0.44956902568016943,
                    "x2": 4.014643005104289
                },
                "metrics": {
                    "outcome": -3.6757018750322e-08
                },
                "metadata": {
                    "trials": 1
                }
            }
        ],
        [
            {
                "query": {
                    "x1": -0.3973346549789798,
                    "x2": -0.200672271065079
                },
                "metrics": {
                    "outcome": -0.32591437608409374
                },
                "metadata": {
                    "trials": 1
                }
            },
            {
                "query": {
                    "x1": -0.399375642412896,
                    "x2": -0.00630355025063567
                },
                "metrics": {
                    "outcome": -0.34048184147893784
                },
                "metadata": {
                    "trials": 1
                }
            },
            {
                "query": {
                    "x1": -0.40106108449708855,
                    "x2": 0.1808134843058422
                },
                "metrics": {
                    "outcome": -0.33048796249228457
                },
                "metadata": {
                    "trials": 1
                }
            },
            {
                "query": {
                    "x1": -0.40251740444210027,
                    "x2": 0.36502318985150906
                },
                "metrics": {
                    "outcome": -0.2996083574952544
                },
                "metadata": {
                    "trials": 1
                }
            },
            {
                "query": {
                    "x1": 1.4951149160433688,
                    "x2": 5.999999999400415
                },
                "metrics": {
                    "outcome": 3.70906953779298e-17
                },
                "metadata": {
                    "trials": 1
                }
            },
            {
                "query": {
                    "x1": -0.4038747616360996,
                    "x2": 0.5490702019784308
                },
                "metrics": {
                    "outcome": -0.25379121077512456
                },
                "metadata": {
                    "trials": 1
                }
            }
        ],
        [
            {
                "query": {
                    "x1": -1.2824192009993411,
                    "x2": 5.999999999994128
                },
                "metrics": {
                    "outcome": -5.743655583081383e-17
                },
                "metadata": {
                    "trials": 1
                }
            },
            {
                "query": {
                    "x1": -1.3147155471606842,
                    "x2": 6.0
                },
                "metrics": {
                    "outcome": -5.414550891940678e-17
                },
                "metadata": {
                    "trials": 1
                }
            },
            {
                "query": {
                    "x1": -1.2488701429419784,
                    "x2": 6.0
                },
                "metrics": {
                    "outcome": -6.08915429269227e-17
                },
                "metadata": {
                    "trials": 1
                }
            },
            {
                "query": {
                    "x1": -1.2813448439734545,
                    "x2": 5.954916798417733
                },
                "metrics": {
                    "outcome": -9.864851452948969e-17
                },
                "metadata": {
                    "trials": 1
                }
            },
            {
                "query": {
                    "x1": -1.2473715297102443,
                    "x2": 5.967520589909335
                },
                "metrics": {
                    "outcome": -9.004706795594612e-17
                },
                "metadata": {
                    "trials": 1
                }
            },
            {
                "query": {
                    "x1": -1.3174635659352374,
                    "x2": 5.955224185400795
                },
                "metrics": {
                    "outcome": -9.200424111433574e-17
                },
                "metadata": {
                    "trials": 1
                }
            }
        ],
        [
            {
                "query": {
                    "x1": -0.3023914130497618,
                    "x2": -0.09170706381163729
                },
                "metrics": {
                    "outcome": -0.2736559049035564
                },
                "metadata": {
                    "trials": 1
                }
            },
            {
                "query": {
                    "x1": -0.3203032180459451,
                    "x2": -0.07627263327337452
                },
                "metrics": {
                    "outcome": -0.28739467275044095
                },
                "metadata": {
                    "trials": 1
                }
            },
            {
                "query": {
                    "x1": -0.32110347461363387,
                    "x2": -0.05289994315030033
                },
                "metrics": {
                    "outcome": -0.28883557356964257
                },
                "metadata": {
                    "trials": 1
                }
            },
            {
                "query": {
                    "x1": -0.311257475689489,
                    "x2": -0.03204379417137071
                },
                "metrics": {
                    "outcome": -0.28222720692483433
                },
                "metadata": {
                    "trials": 1
                }
            },
            {
                "query": {
                    "x1": -0.30922325404053574,
                    "x2": -0.009481991709932247
                },
                "metrics": {
                    "outcome": -0.2809999782680991
                },
                "metadata": {
                    "trials": 1
                }
            },
            {
                "query": {
                    "x1": -0.312387317983996,
                    "x2": -0.020698112903603683
                },
                "metrics": {
                    "outcome": -0.2832215839377243
                },
                "metadata": {
                    "trials": 1
                }
            }
        ],
        [
            {
                "query": {
                    "x1": -1.8607985803928464,
                    "x2": 0.23035090733143937
                },
                "metrics": {
                    "outcome": -0.05531964676995957
                },
                "metadata": {
                    "trials": 1
                }
            },
            {
                "query": {
                    "x1": 1.9929379496304587,
                    "x2": 4.385519187518471
                },
                "metrics": {
                    "outcome": 1.6667583318476682e-10
                },
                "metadata": {
                    "trials": 1
                }
            },
            {
                "query": {
                    "x1": 6.0,
                    "x2": 3.972892816102222
                },
                "metrics": {
                    "outcome": 1.9440125987591254e-22
                },
                "metadata": {
                    "trials": 1
                }
            },
            {
                "query": {
                    "x1": 3.2257968999266184,
                    "x2": -0.8132209619202757
                },
                "metrics": {
                    "outcome": 5.038011763909491e-05
                },
                "metadata": {
                    "trials": 1
                }
            },
            {
                "query": {
                    "x1": -2.0,
                    "x2": 1.565903994398544
                },
                "metrics": {
                    "outcome": -0.003154554052946905
                },
                "metadata": {
                    "trials": 1
                }
            },
            {
                "query": {
                    "x1": -1.5005013605968216,
                    "x2": -1.0394234030416123
                },
                "metrics": {
                    "outcome": -0.053605368824605995
                },
                "metadata": {
                    "trials": 1
                }
            }
        ],
        [
            {
                "query": {
                    "x1": -0.9564420220497245,
                    "x2": 0.1234828576416711
                },
                "metrics": {
                    "outcome": -0.3773566700783459
                },
                "metadata": {
                    "trials": 1
                }
            },
            {
                "query": {
                    "x1": 4.724302594938743,
                    "x2": 2.1913204558463892
                },
                "metrics": {
                    "outcome": 7.868132323115474e-12
                },
                "metadata": {
                    "trials": 1
                }
            },
            {
                "query": {
                    "x1": -1.135394772511879,
                    "x2": 0.6978302951271038
                },
                "metrics": {
                    "outcome": -0.19222129306686458
                },
                "metadata": {
                    "trials": 1
                }
            },
            {
                "query": {
                    "x1": 4.736920491800204,
                    "x2": 6.0
                },
                "metrics": {
                    "outcome": 1.9770361286643415e-25
                },
                "metadata": {
                    "trials": 1
                }
            },
            {
                "query": {
                    "x1": -0.8948295496088647,
                    "x2": -0.4239203723321847
                },
                "metrics": {
                    "outcome": -0.33569561708093876
                },
                "metadata": {
                    "trials": 1
                }
            },
            {
                "query": {
                    "x1": -2.0,
                    "x2": 4.048093844602325
                },
                "metrics": {
                    "outcome": -2.7992436139129854e-09
                },
                "metadata": {
                    "trials": 1
                }
            }
        ],
        [
            {
                "query": {
                    "x1": -0.7133793002473172,
                    "x2": -0.02000041566919175
                },
                "metrics": {
                    "outcome": -0.4286767825018642
                },
                "metadata": {
                    "trials": 1
                }
            },
            {
                "query": {
                    "x1": -0.7152165616007347,
                    "x2": 0.27973079478556606
                },
                "metrics": {
                    "outcome": -0.3965496812227449
                },
                "metadata": {
                    "trials": 1
                }
            },
            {
                "query": {
                    "x1": -0.7174842238074923,
                    "x2": -0.29616647573380317
                },
                "metrics": {
                    "outcome": -0.3927812208481542
                },
                "metadata": {
                    "trials": 1
                }
            },
            {
                "query": {
                    "x1": -1.0210082224888741,
                    "x2": 0.03574726983736376
                },
                "metrics": {
                    "outcome": -0.35953452683305265
                },
                "metadata": {
                    "trials": 1
                }
            },
            {
                "query": {
                    "x1": -0.6525330057782897,
                    "x2": -0.6222995889938328
                },
                "metrics": {
                    "outcome": -0.28939878602640656
                },
                "metadata": {
                    "trials": 1
                }
            },
            {
                "query": {
                    "x1": 5.516867892145744,
                    "x2": 5.05352632476712
                },
                "metrics": {
                    "outcome": 2.7071403754749113e-24
                },
                "metadata": {
                    "trials": 1
                }
            }
        ],
        [
            {
                "query": {
                    "x1": -0.6964121229452906,
                    "x2": 0.029081287095975128
                },
                "metrics": {
                    "outcome": -0.4284208682770181
                },
                "metadata": {
                    "trials": 1
                }
            },
            {
                "query": {
                    "x1": -0.7039146117914505,
                    "x2": -0.13959227629955362
                },
                "metrics": {
                    "outcome": -0.42059706050763607
                },
                "metadata": {
                    "trials": 1
                }
            },
            {
                "query": {
                    "x1": -0.7106071545577495,
                    "x2": 0.18856632575328192
                },
                "metrics": {
                    "outcome": -0.4138898868074502
                },
                "metadata": {
                    "trials": 1
                }
            },
            {
                "query": {
                    "x1": -0.6568907101693844,
                    "x2": -0.32610380503232417
                },
                "metrics": {
                    "outcome": -0.3836261693560001
                },
                "metadata": {
                    "trials": 1
                }
            },
            {
                "query": {
                    "x1": -0.8629396860049814,
                    "x2": -0.00033816935548891536
                },
                "metrics": {
                    "outcome": -0.4098043226100157
                },
                "metadata": {
                    "trials": 1
                }
            },
            {
                "query": {
                    "x1": -0.8857289272163975,
                    "x2": -0.2489714706718158
                },
                "metrics": {
                    "outcome": -0.37990013929395144
                },
                "metadata": {
                    "trials": 1
                }
            }
        ],
        [
            {
                "query": {
                    "x1": -0.704200904523604,
                    "x2": -0.00037852633317658757
                },
                "metrics": {
                    "outcome": -0.42887462807857113
                },
                "metadata": {
                    "trials": 1
                }
            },
            {
                "query": {
                    "x1": -0.7110964289735437,
                    "x2": 0.10559210435161503
                },
                "metrics": {
                    "outcome": -0.424113123876438
                },
                "metadata": {
                    "trials": 1
                }
            },
            {
                "query": {
                    "x1": -0.7027517460575992,
                    "x2": -0.1063995285124375
                },
                "metrics": {
                    "outcome": -0.42403789156430655
                },
                "metadata": {
                    "trials": 1
                }
            },
            {
                "query": {
                    "x1": -0.8054696309519698,
                    "x2": -0.019728617076142152
                },
                "metrics": {
                    "outcome": -0.4208409431626314
                },
                "metadata": {
                    "trials": 1
                }
            },
            {
                "query": {
                    "x1": -0.603461404995296,
                    "x2": -0.011398133321815607
                },
                "metrics": {
                    "outcome": -0.41921608449647163
                },
                "metadata": {
                    "trials": 1
                }
            },
            {
                "query": {
                    "x1": -0.8022591698381782,
                    "x2": -0.16822509070065683
                },
                "metrics": {
                    "outcome": -0.40973567363690766
                },
                "metadata": {
                    "trials": 1
                }
            }
        ],
        [
            {
                "query": {
                    "x1": -0.7075025476333585,
                    "x2": 3.843186394059117e-05
                },
                "metrics": {
                    "outcome": -0.4288818075194835
                },
                "metadata": {
                    "trials": 1
                }
            },
            {
                "query": {
                    "x1": -0.7049577254191459,
                    "x2": -0.09204725986904738
                },
                "metrics": {
                    "outcome": -0.4252595738105077
                },
                "metadata": {
                    "trials": 1
                }
            },
            {
                "query": {
                    "x1": -0.7047227998412073,
                    "x2": 0.09208875243451997
                },
                "metrics": {
                    "outcome": -0.4252554175326496
                },
                "metadata": {
                    "trials": 1
                }
            },
            {
                "query": {
                    "x1": -0.7931251743131509,
                    "x2": -0.020303084971430296
                },
                "metrics": {
                    "outcome": -0.4226402316085243
                },
                "metadata": {
                    "trials": 1
                }
            },
            {
                "query": {
                    "x1": -0.6214069777209863,
                    "x2": -0.014923901257211991
                },
                "metrics": {
                    "outcome": -0.42225815602826317
                },
                "metadata": {
                    "trials": 1
                }
            },
            {
                "query": {
                    "x1": -0.6080731818031477,
                    "x2": 0.11231902866229637
                },
                "metrics": {
                    "outcome": -0.4148540123625524
                },
                "metadata": {
                    "trials": 1
                }
            }
        ],
        [
            {
                "query": {
                    "x1": -0.7074801008013756,
                    "x2": 5.135075697149105e-05
                },
                "metrics": {
                    "outcome": -0.428881821826043
                },
                "metadata": {
                    "trials": 1
                }
            },
            {
                "query": {
                    "x1": -0.7060786637409293,
                    "x2": -0.0852367135001344
                },
                "metrics": {
                    "outcome": -0.4257763789053471
                },
                "metadata": {
                    "trials": 1
                }
            },
            {
                "query": {
                    "x1": -0.7091204833231604,
                    "x2": 0.08528926436056672
                },
                "metrics": {
                    "outcome": -0.42577001422593774
                },
                "metadata": {
                    "trials": 1
                }
            },
            {
                "query": {
                    "x1": -0.7882546733508253,
                    "x2": 0.010336010127974582
                },
                "metrics": {
                    "outcome": -0.4234218502517683
                },
                "metadata": {
                    "trials": 1
                }
            },
            {
                "query": {
                    "x1": -0.6278601825391508,
                    "x2": 0.014117894822248456
                },
                "metrics": {
                    "outcome": -0.4232274657650881
                },
                "metadata": {
                    "trials": 1
                }
            },
            {
                "query": {
                    "x1": -0.7913875372583115,
                    "x2": 0.12464214921518346
                },
                "metrics": {
                    "outcome": -0.416529747499196
                },
                "metadata": {
                    "trials": 1
                }
            }
        ],
        [
            {
                "query": {
                    "x1": -0.7073996220923322,
                    "x2": -2.2990602643879754e-05
                },
                "metrics": {
                    "outcome": -0.42888186870559303
                },
                "metadata": {
                    "trials": 1
                }
            },
            {
                "query": {
                    "x1": -0.7063218125340891,
                    "x2": -0.08065743264650438
                },
                "metrics": {
                    "outcome": -0.42610032977903184
                },
                "metadata": {
                    "trials": 1
                }
            },
            {
                "query": {
                    "x1": -0.7067834504682506,
                    "x2": 0.08057519643938038
                },
                "metrics": {
                    "outcome": -0.4261064157497861
                },
                "metadata": {
                    "trials": 1
                }
            },
            {
                "query": {
                    "x1": -0.7827770475328064,
                    "x2": 0.016612338753148492
                },
                "metrics": {
                    "outcome": -0.42404180122353313
                },
                "metadata": {
                    "trials": 1
                }
            },
            {
                "query": {
                    "x1": -0.6328056584011226,
                    "x2": -0.018877085965596452
                },
                "metrics": {
                    "outcome": -0.42384338524827275
                },
                "metadata": {
                    "trials": 1
                }
            },
            {
                "query": {
                    "x1": -0.6226734637001345,
                    "x2": 0.08209806834691413
                },
                "metrics": {
                    "outcome": -0.419708285171967
                },
                "metadata": {
                    "trials": 1
                }
            }
        ],
        [
            {
                "query": {
                    "x1": -0.7073836980809791,
                    "x2": -2.3277099359564346e-05
                },
                "metrics": {
                    "outcome": -0.42888187648068493
                },
                "metadata": {
                    "trials": 1
                }
            },
            {
                "query": {
                    "x1": -0.7068652587545523,
                    "x2": -0.07721314104291044
                },
                "metrics": {
                    "outcome": -0.42633256165460953
                },
                "metadata": {
                    "trials": 1
                }
            },
            {
                "query": {
                    "x1": -0.7071201955579063,
                    "x2": 0.07713129367801796
                },
                "metrics": {
                    "outcome": -0.42633799700514746
                },
                "metadata": {
                    "trials": 1
                }
            },
            {
                "query": {
                    "x1": -0.7793930383838026,
                    "x2": 0.016821455829869603
                },
                "metrics": {
                    "outcome": -0.4244435390728082
                },
                "metadata": {
                    "trials": 1
                }
            },
            {
                "query": {
                    "x1": -0.6362216465786761,
                    "x2": -0.01940162917514665
                },
                "metrics": {
                    "outcome": -0.42427956813004236
                },
                "metadata": {
                    "trials": 1
                }
            },
            {
                "query": {
                    "x1": -0.6270006413197071,
                    "x2": 0.07494295070615964
                },
                "metrics": {
                    "outcome": -0.42081836915051896
                },
                "metadata": {
                    "trials": 1
                }
            }
        ],
        [
            {
                "query": {
                    "x1": -0.7073623360986772,
                    "x2": -2.2744077880387792e-05
                },
                "metrics": {
                    "outcome": -0.4288818862461338
                },
                "metadata": {
                    "trials": 1
                }
            },
            {
                "query": {
                    "x1": -0.7072004078393426,
                    "x2": -0.07447878395257534
                },
                "metrics": {
                    "outcome": -0.4265094747943172
                },
                "metadata": {
                    "trials": 1
                }
            },
            {
                "query": {
                    "x1": -0.7072591431099937,
                    "x2": 0.0744002079358328
                },
                "metrics": {
                    "outcome": -0.42651445194339044
                },
                "metadata": {
                    "trials": 1
                }
            },
            {
                "query": {
                    "x1": -0.7767068650378253,
                    "x2": 0.016911048153937625
                },
                "metrics": {
                    "outcome": -0.42475115354318027
                },
                "metadata": {
                    "trials": 1
                }
            },
            {
                "query": {
                    "x1": -0.6388814945482568,
                    "x2": -0.01954991771559511
                },
                "metrics": {
                    "outcome": -0.424608351968213
                },
                "metadata": {
                    "trials": 1
                }
            },
            {
                "query": {
                    "x1": -0.6303139490448035,
                    "x2": 0.07000348606466034
                },
                "metrics": {
                    "outcome": -0.4215851883677683
                },
                "metadata": {
                    "trials": 1
                }
            }
        ],
        [
            {
                "query": {
                    "x1": -0.7073422103490634,
                    "x2": -2.2177970484316134e-05
                },
                "metrics": {
                    "outcome": -0.4288818947314953
                },
                "metadata": {
                    "trials": 1
                }
            },
            {
                "query": {
                    "x1": -0.7074217688710547,
                    "x2": -0.07222414471472316
                },
                "metrics": {
                    "outcome": -0.42665049416115064
                },
                "metadata": {
                    "trials": 1
                }
            },
            {
                "query": {
                    "x1": -0.707331656405777,
                    "x2": 0.07215034373832951
                },
                "metrics": {
                    "outcome": -0.4266550816412483
                },
                "metadata": {
                    "trials": 1
                }
            },
            {
                "query": {
                    "x1": -0.7744940169885832,
                    "x2": 0.016943554747346656
                },
                "metrics": {
                    "outcome": -0.4249968973011542
                },
                "metadata": {
                    "trials": 1
                }
            },
            {
                "query": {
                    "x1": -0.6407012711963938,
                    "x2": -0.017045408971714693
                },
                "metrics": {
                    "outcome": -0.42486634955714747
                },
                "metadata": {
                    "trials": 1
                }
            },
            {
                "query": {
                    "x1": -0.632871427123995,
                    "x2": 0.06859077953952797
                },
                "metrics": {
                    "outcome": -0.4220130959020021
                },
                "metadata": {
                    "trials": 1
                }
            }
        ],
        [
            {
                "query": {
                    "x1": -0.7073250297245806,
                    "x2": -2.1832921899722635e-05
                },
                "metrics": {
                    "outcome": -0.4288819014227466
                },
                "metadata": {
                    "trials": 1
                }
            },
            {
                "query": {
                    "x1": -0.7075589813572465,
                    "x2": -0.07031406350854041
                },
                "metrics": {
                    "outcome": -0.4267665798231613
                },
                "metadata": {
                    "trials": 1
                }
            },
            {
                "query": {
                    "x1": -0.7073774533360335,
                    "x2": 0.07024379226079569
                },
                "metrics": {
                    "outcome": -0.4267709070664392
                },
                "metadata": {
                    "trials": 1
                }
            },
            {
                "query": {
                    "x1": -0.7725060040913938,
                    "x2": -0.01780359749786542
                },
                "metrics": {
                    "outcome": -0.4251989965799439
                },
                "metadata": {
                    "trials": 1
                }
            },
            {
                "query": {
                    "x1": -0.6424583168169202,
                    "x2": 0.014109457876230636
                },
                "metrics": {
                    "outcome": -0.42511094098273694
                },
                "metadata": {
                    "trials": 1
                }
            },
            {
                "query": {
                    "x1": -0.7804065104916205,
                    "x2": 0.06781535896347668
                },
                "metrics": {
                    "outcome": -0.4224967298177849
                },
                "metadata": {
                    "trials": 1
                }
            }
        ],
        [
            {
                "query": {
                    "x1": -0.707286873540325,
                    "x2": -3.901395251304507e-06
                },
                "metrics": {
                    "outcome": -0.4288819146561121
                },
                "metadata": {
                    "trials": 1
                }
            },
            {
                "query": {
                    "x1": -0.707362942086373,
                    "x2": -0.06860749341929928
                },
                "metrics": {
                    "outcome": -0.4268678878960937
                },
                "metadata": {
                    "trials": 1
                }
            },
            {
                "query": {
                    "x1": -0.7072135920272264,
                    "x2": 0.06856986349228444
                },
                "metrics": {
                    "outcome": -0.4268701376575471
                },
                "metadata": {
                    "trials": 1
                }
            },
            {
                "query": {
                    "x1": -0.7707817051754096,
                    "x2": -0.017949850671707512
                },
                "metrics": {
                    "outcome": -0.4253781624249084
                },
                "metadata": {
                    "trials": 1
                }
            },
            {
                "query": {
                    "x1": -0.6443953032852177,
                    "x2": -0.019129742529348626
                },
                "metrics": {
                    "outcome": -0.42526015404793827
                },
                "metadata": {
                    "trials": 1
                }
            },
            {
                "query": {
                    "x1": -0.778292538102209,
                    "x2": 0.06482011992341397
                },
                "metrics": {
                    "outcome": -0.42291091062122205
                },
                "metadata": {
                    "trials": 1
                }
            }
        ],
        [
            {
                "query": {
                    "x1": -0.7072593994750904,
                    "x2": 2.609380922491411e-05
                },
                "metrics": {
                    "outcome": -0.4288819222104412
                },
                "metadata": {
                    "trials": 1
                }
            },
            {
                "query": {
                    "x1": -0.7073392989061191,
                    "x2": -0.0671277202698799
                },
                "metrics": {
                    "outcome": -0.4269536459135869
                },
                "metadata": {
                    "trials": 1
                }
            },
            {
                "query": {
                    "x1": -0.7070713009462404,
                    "x2": 0.06714439353491919
                },
                "metrics": {
                    "outcome": -0.426952735156191
                },
                "metadata": {
                    "trials": 1
                }
            },
            {
                "query": {
                    "x1": -0.7693182154644718,
                    "x2": -0.017979035311653346
                },
                "metrics": {
                    "outcome": -0.4255280744748276
                },
                "metadata": {
                    "trials": 1
                }
            },
            {
                "query": {
                    "x1": -0.6457796375834759,
                    "x2": -0.019045490282146194
                },
                "metrics": {
                    "outcome": -0.42541461423546256
                },
                "metadata": {
                    "trials": 1
                }
            },
            {
                "query": {
                    "x1": -0.7765031770876998,
                    "x2": 0.06236214144395058
                },
                "metrics": {
                    "outcome": -0.4232463991749854
                },
                "metadata": {
                    "trials": 1
                }
            }
        ],
        [
            {
                "query": {
                    "x1": -0.7072391939435927,
                    "x2": 5.043218040956532e-05
                },
                "metrics": {
                    "outcome": -0.42888192635117917
                },
                "metadata": {
                    "trials": 1
                }
            },
            {
                "query": {
                    "x1": -0.7073203645744743,
                    "x2": -0.06581497597852204
                },
                "metrics": {
                    "outcome": -0.4270281714788145
                },
                "metadata": {
                    "trials": 1
                }
            },
            {
                "query": {
                    "x1": -0.7069706794083628,
                    "x2": 0.06587673558303964
                },
                "metrics": {
                    "outcome": -0.4270247215102698
                },
                "metadata": {
                    "trials": 1
                }
            },
            {
                "query": {
                    "x1": -0.7680282798108613,
                    "x2": -0.017967772122452264
                },
                "metrics": {
                    "outcome": -0.425658029275889
                },
                "metadata": {
                    "trials": 1
                }
            },
            {
                "query": {
                    "x1": -0.6470069115437884,
                    "x2": -0.018941790872677666
                },
                "metrics": {
                    "outcome": -0.4255490603619015
                },
                "metadata": {
                    "trials": 1
                }
            },
            {
                "query": {
                    "x1": -0.7749443351031642,
                    "x2": 0.06027873956634755
                },
                "metrics": {
                    "outcome": -0.42352771392353017
                },
                "metadata": {
                    "trials": 1
                }
            }
        ],
        [
            {
                "query": {
                    "x1": -0.7072220079998188,
                    "x2": 6.864017085117524e-05
                },
                "metrics": {
                    "outcome": -0.4288819290715879
                },
                "metadata": {
                    "trials": 1
                }
            },
            {
                "query": {
                    "x1": -0.7073023212187357,
                    "x2": -0.06463938003241632
                },
                "metrics": {
                    "outcome": -0.42709367253432123
                },
                "metadata": {
                    "trials": 1
                }
            },
            {
                "query": {
                    "x1": -0.7068951382699722,
                    "x2": 0.06473458002236532
                },
                "metrics": {
                    "outcome": -0.4270884067028241
                },
                "metadata": {
                    "trials": 1
                }
            },
            {
                "query": {
                    "x1": -0.7668754012961656,
                    "x2": -0.017931404543896967
                },
                "metrics": {
                    "outcome": -0.4257723962429634
                },
                "metadata": {
                    "trials": 1
                }
            },
            {
                "query": {
                    "x1": -0.6481054468849501,
                    "x2": -0.018830094150913856
                },
                "metrics": {
                    "outcome": -0.42566734760444486
                },
                "metadata": {
                    "trials": 1
                }
            },
            {
                "query": {
                    "x1": -0.7735606884212893,
                    "x2": 0.058478477577921684
                },
                "metrics": {
                    "outcome": -0.42376889828467157
                },
                "metadata": {
                    "trials": 1
                }
            }
        ],
        [
            {
                "query": {
                    "x1": -0.7072094272367935,
                    "x2": 8.308663080702772e-05
                },
                "metrics": {
                    "outcome": -0.4288819304824704
                },
                "metadata": {
                    "trials": 1
                }
            },
            {
                "query": {
                    "x1": -0.7072851422568682,
                    "x2": -0.06357504708311401
                },
                "metrics": {
                    "outcome": -0.42715196441308584
                },
                "metadata": {
                    "trials": 1
                }
            },
            {
                "query": {
                    "x1": -0.7068341861314447,
                    "x2": 0.06369759663691799
                },
                "metrics": {
                    "outcome": -0.4271452657741315
                },
                "metadata": {
                    "trials": 1
                }
            },
            {
                "query": {
                    "x1": -0.7658359946070001,
                    "x2": -0.01788278389425524
                },
                "metrics": {
                    "outcome": -0.42587397789388537
                },
                "metadata": {
                    "trials": 1
                }
            },
            {
                "query": {
                    "x1": -0.6490988836385203,
                    "x2": -0.018707807578567826
                },
                "metrics": {
                    "outcome": -0.4257727381390496
                },
                "metadata": {
                    "trials": 1
                }
            },
            {
                "query": {
                    "x1": -0.7723147310680349,
                    "x2": 0.056896509007157814
                },
                "metrics": {
                    "outcome": -0.4239794101617099
                },
                "metadata": {
                    "trials": 1
                }
            }
        ],
        [
            {
                "query": {
                    "x1": -0.7071996006128987,
                    "x2": 9.428684675105714e-05
                },
                "metrics": {
                    "outcome": -0.4288819312778939
                },
                "metadata": {
                    "trials": 1
                }
            },
            {
                "query": {
                    "x1": -0.7072692409177845,
                    "x2": -0.06260505673773586
                },
                "metrics": {
                    "outcome": -0.4272042528590093
                },
                "metadata": {
                    "trials": 1
                }
            },
            {
                "query": {
                    "x1": -0.7067857771660122,
                    "x2": 0.06274826945039491
                },
                "metrics": {
                    "outcome": -0.427196518171341
                },
                "metadata": {
                    "trials": 1
                }
            },
            {
                "query": {
                    "x1": -0.7648901138261248,
                    "x2": -0.017826055865201473
                },
                "metrics": {
                    "outcome": -0.42596514639795635
                },
                "metadata": {
                    "trials": 1
                }
            },
            {
                "query": {
                    "x1": -0.6500045939419197,
                    "x2": -0.018582373313432043
                },
                "metrics": {
                    "outcome": -0.4258674526006662
                },
                "metadata": {
                    "trials": 1
                }
            },
            {
                "query": {
                    "x1": -0.771184498894943,
                    "x2": 0.05548949226741273
                },
                "metrics": {
                    "outcome": -0.4241652110433487
                },
                "metadata": {
                    "trials": 1
                }
            }
        ]
    ],
    "best_results": [
        {
            "query": {
                "x1": -0.7071996006128987,
                "x2": 9.428684675105714e-05
            },
            "metrics": [
                {
                    "name": "outcome",
                    "value": -0.4288819312778939
                }
            ]
        }
    ]
}