{
    "date": "05/11/2022 12:05:02",
    "basic_params": {
        "active_variables": [
            "x1",
            "x2"
        ],
        "default_query": {},
        "metric": "basic",
        "n_trials": 1
    },
    "objective_function": {
        "name": "Gramacy2D",
        "params": {}
    },
    "optimizer": {
        "name": "BBO-LP(LCBa)-FoD",
        "params": {
            "lower_bound": [
                -2.0,
                -2.0
            ],
            "upper_bound": [
                6.0,
                6.0
            ],
            "invert_metric": false,
            "bopt_params": {
                "n_init_samples": 12,
                "n_iterations": 23,
                "n_iter_relearn": 5,
                "verbose_level": 0,
                "n_parallel_samples": 6,
                "fixed_dataset_size": 50,
                "par_type": "PAR_BBO",
                "crit_name": "cLP(cLCBa)",
                "n_crit_params": 3,
                "crit_params": [
                    6,
                    1,
                    5.0
                ]
            }
        }
    },
    "iterations": [
        [
            {
                "query": {
                    "x1": 5.234011310618371,
                    "x2": -1.3679977765617273
                },
                "metrics": {
                    "outcome": 1.0201062256467983e-12
                },
                "metadata": {
                    "trials": 1
                }
            }
        ],
        [
            {
                "query": {
                    "x1": -1.9984019165858626,
                    "x2": -0.1997186100731294
                },
                "metrics": {
                    "outcome": -0.035396231334936294
                },
                "metadata": {
                    "trials": 1
                }
            }
        ],
        [
            {
                "query": {
                    "x1": 1.1619119069849453,
                    "x2": 2.9981013159267604
                },
                "metrics": {
                    "outcome": 3.7597088798261813e-05
                },
                "metadata": {
                    "trials": 1
                }
            }
        ],
        [
            {
                "query": {
                    "x1": 2.427214735963692,
                    "x2": -0.749528113597383
                },
                "metrics": {
                    "outcome": 0.0038241488215524783
                },
                "metadata": {
                    "trials": 1
                }
            }
        ],
        [
            {
                "query": {
                    "x1": 5.600955542332183,
                    "x2": 0.7317201012435057
                },
                "metrics": {
                    "outcome": 7.791327248871016e-14
                },
                "metadata": {
                    "trials": 1
                }
            }
        ],
        [
            {
                "query": {
                    "x1": 3.260705987457186,
                    "x2": 1.354490866108487
                },
                "metrics": {
                    "outcome": 1.2561106414116917e-05
                },
                "metadata": {
                    "trials": 1
                }
            }
        ],
        [
            {
                "query": {
                    "x1": 1.8587787354675434,
                    "x2": 4.442058985431989
                },
                "metrics": {
                    "outcome": 1.5822125106476266e-10
                },
                "metadata": {
                    "trials": 1
                }
            }
        ],
        [
            {
                "query": {
                    "x1": 0.07656062409902598,
                    "x2": 0.42374484008178115
                },
                "metrics": {
                    "outcome": 0.06360306622168652
                },
                "metadata": {
                    "trials": 1
                }
            }
        ],
        [
            {
                "query": {
                    "x1": -0.779648298708101,
                    "x2": 4.907540575756381
                },
                "metrics": {
                    "outcome": -1.473613710387555e-11
                },
                "metadata": {
                    "trials": 1
                }
            }
        ],
        [
            {
                "query": {
                    "x1": -0.2318295192283888,
                    "x2": 2.0771972076036036
                },
                "metrics": {
                    "outcome": -0.002937353792224277
                },
                "metadata": {
                    "trials": 1
                }
            }
        ],
        [
            {
                "query": {
                    "x1": 4.643172530457377,
                    "x2": 5.682388236746192
                },
                "metrics": {
                    "outcome": 1.9084049448769255e-23
                },
                "metadata": {
                    "trials": 1
                }
            }
        ],
        [
            {
                "query": {
                    "x1": 3.4867927247347934,
                    "x2": 3.654512687586248
                },
                "metrics": {
                    "outcome": 2.8986115821696998e-11
                },
                "metadata": {
                    "trials": 1
                }
            }
        ],
        [
            {
                "query": {
                    "x1": -2.0,
                    "x2": 3.112890883689275
                },
                "metrics": {
                    "outcome": -2.267251000816256e-06
                },
                "metadata": {
                    "trials": 1
                }
            },
            {
                "query": {
                    "x1": 6.0,
                    "x2": 6.0
                },
                "metrics": {
                    "outcome": 3.228111696012683e-31
                },
                "metadata": {
                    "trials": 1
                }
            },
            {
                "query": {
                    "x1": -1.9999999999998872,
                    "x2": -2.0
                },
                "metrics": {
                    "outcome": -0.0006709252558052886
                },
                "metadata": {
                    "trials": 1
                }
            },
            {
                "query": {
                    "x1": 6.0,
                    "x2": -1.99999999999994
                },
                "metrics": {
                    "outcome": 2.549012553175569e-17
                },
                "metadata": {
                    "trials": 1
                }
            },
            {
                "query": {
                    "x1": -2.0,
                    "x2": 5.99999999999994
                },
                "metrics": {
                    "outcome": -8.496708510589336e-18
                },
                "metadata": {
                    "trials": 1
                }
            },
            {
                "query": {
                    "x1": 2.557237861943644,
                    "x2": 1.567480912425045
                },
                "metrics": {
                    "outcome": 0.00031670678595969645
                },
                "metadata": {
                    "trials": 1
                }
            }
        ],
        [
            {
                "query": {
                    "x1": 6.0,
                    "x2": 3.668135787585088
                },
                "metrics": {
                    "outcome": 1.9953635532409603e-21
                },
                "metadata": {
                    "trials": 1
                }
            },
            {
                "query": {
                    "x1": 3.569185728959434,
                    "x2": -2.0
                },
                "metrics": {
                    "outcome": 1.9181215846055523e-07
                },
                "metadata": {
                    "trials": 1
                }
            },
            {
                "query": {
                    "x1": 0.6555853291909148,
                    "x2": 6.0
                },
                "metrics": {
                    "outcome": 9.893991433747669e-17
                },
                "metadata": {
                    "trials": 1
                }
            },
            {
                "query": {
                    "x1": -2.0,
                    "x2": 1.0191605007126978
                },
                "metrics": {
                    "outcome": -0.012964493264301736
                },
                "metadata": {
                    "trials": 1
                }
            },
            {
                "query": {
                    "x1": -2.0,
                    "x2": -1.2048516212338622
                },
                "metrics": {
                    "outcome": -0.008578293752270705
                },
                "metadata": {
                    "trials": 1
                }
            },
            {
                "query": {
                    "x1": -1.1038112494001477,
                    "x2": 2.7045653635338898
                },
                "metrics": {
                    "outcome": -0.0002172842581117992
                },
                "metadata": {
                    "trials": 1
                }
            }
        ],
        [
            {
                "query": {
                    "x1": 2.9828340283879218,
                    "x2": 6.0
                },
                "metrics": {
                    "outcome": 9.461934774764959e-20
                },
                "metadata": {
                    "trials": 1
                }
            },
            {
                "query": {
                    "x1": 4.900200724699332,
                    "x2": 2.2515209969613057
                },
                "metrics": {
                    "outcome": 1.1491049584318095e-12
                },
                "metadata": {
                    "trials": 1
                }
            },
            {
                "query": {
                    "x1": 2.0390062249419723,
                    "x2": -2.0
                },
                "metrics": {
                    "outcome": 0.0005843071095591424
                },
                "metadata": {
                    "trials": 1
                }
            },
            {
                "query": {
                    "x1": -0.10023774527858187,
                    "x2": 3.495564933444455
                },
                "metrics": {
                    "outcome": -4.898178393529696e-07
                },
                "metadata": {
                    "trials": 1
                }
            },
            {
                "query": {
                    "x1": -1.8090810972327342,
                    "x2": 0.09771797740950161
                },
                "metrics": {
                    "outcome": -0.06791460415932697
                },
                "metadata": {
                    "trials": 1
                }
            },
            {
                "query": {
                    "x1": 6.0,
                    "x2": -0.8003903004869299
                },
                "metrics": {
                    "outcome": 7.333818517795703e-16
                },
                "metadata": {
                    "trials": 1
                }
            }
        ],
        [
            {
                "query": {
                    "x1": -0.9661726562061856,
                    "x2": -2.0
                },
                "metrics": {
                    "outcome": -0.006957727759966746
                },
                "metadata": {
                    "trials": 1
                }
            },
            {
                "query": {
                    "x1": -1.2909316361605612,
                    "x2": -0.14881260277942276
                },
                "metrics": {
                    "outcome": -0.2385239573250227
                },
                "metadata": {
                    "trials": 1
                }
            },
            {
                "query": {
                    "x1": -1.2733079238888647,
                    "x2": 0.699263335313193
                },
                "metrics": {
                    "outcome": -0.1543296928231181
                },
                "metadata": {
                    "trials": 1
                }
            },
            {
                "query": {
                    "x1": -1.4742684248007563,
                    "x2": -0.8030175600497831
                },
                "metrics": {
                    "outcome": -0.08802427004635881
                },
                "metadata": {
                    "trials": 1
                }
            },
            {
                "query": {
                    "x1": -1.1887567844447118,
                    "x2": 1.539923120242264
                },
                "metrics": {
                    "outcome": -0.027008656135427505
                },
                "metadata": {
                    "trials": 1
                }
            },
            {
                "query": {
                    "x1": -2.0,
                    "x2": 4.73678113359576
                },
                "metrics": {
                    "outcome": -6.600020723157246e-12
                },
                "metadata": {
                    "trials": 1
                }
            }
        ],
        [
            {
                "query": {
                    "x1": -0.9729185741538178,
                    "x2": -0.09454791268133644
                },
                "metrics": {
                    "outcome": -0.37420004481705965
                },
                "metadata": {
                    "trials": 1
                }
            },
            {
                "query": {
                    "x1": -0.9281979456693097,
                    "x2": -0.4149987173239642
                },
                "metrics": {
                    "outcome": -0.3301244325884524
                },
                "metadata": {
                    "trials": 1
                }
            },
            {
                "query": {
                    "x1": -0.9907881019303975,
                    "x2": 0.22571179810909037
                },
                "metrics": {
                    "outcome": -0.35279734911653154
                },
                "metadata": {
                    "trials": 1
                }
            },
            {
                "query": {
                    "x1": -1.2512742608200051,
                    "x2": -0.0008158112670186846
                },
                "metrics": {
                    "outcome": -0.26144652737497864
                },
                "metadata": {
                    "trials": 1
                }
            },
            {
                "query": {
                    "x1": -0.7090202758997601,
                    "x2": 0.027937877080115303
                },
                "metrics": {
                    "outcome": -0.4285441846372194
                },
                "metadata": {
                    "trials": 1
                }
            },
            {
                "query": {
                    "x1": -1.2548018388361488,
                    "x2": -0.2716595765795957
                },
                "metrics": {
                    "outcome": -0.24138818443500873
                },
                "metadata": {
                    "trials": 1
                }
            }
        ],
        [
            {
                "query": {
                    "x1": 6.0,
                    "x2": -0.05591334903724987
                },
                "metrics": {
                    "outcome": 1.3873695740538158e-15
                },
                "metadata": {
                    "trials": 1
                }
            },
            {
                "query": {
                    "x1": 6.0,
                    "x2": -0.024693200045083685
                },
                "metrics": {
                    "outcome": 1.3908653536401175e-15
                },
                "metadata": {
                    "trials": 1
                }
            },
            {
                "query": {
                    "x1": 6.0,
                    "x2": -0.09210809131171893
                },
                "metrics": {
                    "outcome": 1.379956481674852e-15
                },
                "metadata": {
                    "trials": 1
                }
            },
            {
                "query": {
                    "x1": 5.923173029893222,
                    "x2": -0.054427016021765695
                },
                "metrics": {
                    "outcome": 3.423651401783946e-15
                },
                "metadata": {
                    "trials": 1
                }
            },
            {
                "query": {
                    "x1": 6.0,
                    "x2": 0.004425896776948157
                },
                "metrics": {
                    "outcome": 1.3916864367426941e-15
                },
                "metadata": {
                    "trials": 1
                }
            },
            {
                "query": {
                    "x1": 5.8724546756829135,
                    "x2": -0.0577340732299525
                },
                "metrics": {
                    "outcome": 6.17180890986047e-15
                },
                "metadata": {
                    "trials": 1
                }
            }
        ],
        [
            {
                "query": {
                    "x1": -2.0,
                    "x2": 4.055213598415047
                },
                "metrics": {
                    "outcome": -2.6423156919835577e-09
                },
                "metadata": {
                    "trials": 1
                }
            },
            {
                "query": {
                    "x1": -2.0,
                    "x2": 5.386759891644541
                },
                "metrics": {
                    "outcome": -9.159040691873918e-15
                },
                "metadata": {
                    "trials": 1
                }
            },
            {
                "query": {
                    "x1": 6.0,
                    "x2": 4.794921058918368
                },
                "metrics": {
                    "outcome": 1.4406851986628908e-25
                },
                "metadata": {
                    "trials": 1
                }
            },
            {
                "query": {
                    "x1": -1.30323657925956,
                    "x2": 4.053139770711852
                },
                "metrics": {
                    "outcome": -1.7492095640583624e-08
                },
                "metadata": {
                    "trials": 1
                }
            },
            {
                "query": {
                    "x1": -1.3455520805776362,
                    "x2": 5.377688461988963
                },
                "metrics": {
                    "outcome": -6.067533038886284e-14
                },
                "metadata": {
                    "trials": 1
                }
            },
            {
                "query": {
                    "x1": -0.6977843255833995,
                    "x2": 5.367295900038106
                },
                "metrics": {
                    "outcome": -1.321797763741479e-13
                },
                "metadata": {
                    "trials": 1
                }
            }
        ],
        [
            {
                "query": {
                    "x1": 0.8966552130604253,
                    "x2": 5.9987019881350845
                },
                "metrics": {
                    "outcome": 9.454081931450997e-17
                },
                "metadata": {
                    "trials": 1
                }
            },
            {
                "query": {
                    "x1": 0.8966024091360341,
                    "x2": 5.12929676098848
                },
                "metrics": {
                    "outcome": 1.5042541790513981e-12
                },
                "metadata": {
                    "trials": 1
                }
            },
            {
                "query": {
                    "x1": 0.8964179233111333,
                    "x2": 4.15306943048242
                },
                "metrics": {
                    "outcome": 1.2966466266606434e-08
                },
                "metadata": {
                    "trials": 1
                }
            },
            {
                "query": {
                    "x1": 0.8961647202905025,
                    "x2": 3.4265734492077815
                },
                "metrics": {
                    "outcome": 3.1942831803554367e-06
                },
                "metadata": {
                    "trials": 1
                }
            },
            {
                "query": {
                    "x1": 0.8965268507331734,
                    "x2": 4.641182524850349
                },
                "metrics": {
                    "outcome": 1.7723179588722002e-10
                },
                "metadata": {
                    "trials": 1
                }
            },
            {
                "query": {
                    "x1": 0.8966422074466491,
                    "x2": 5.563997819026416
                },
                "metrics": {
                    "outcome": 1.4405917263281294e-14
                },
                "metadata": {
                    "trials": 1
                }
            }
        ],
        [
            {
                "query": {
                    "x1": 0.13682796788540896,
                    "x2": 4.291429356057472
                },
                "metrics": {
                    "outcome": 1.3487081050310601e-09
                },
                "metadata": {
                    "trials": 1
                }
            },
            {
                "query": {
                    "x1": 0.13686219972556612,
                    "x2": 3.6111184132483
                },
                "metrics": {
                    "outcome": 2.91656774163499e-07
                },
                "metadata": {
                    "trials": 1
                }
            },
            {
                "query": {
                    "x1": 0.1368411998603727,
                    "x2": 2.9437738270993448
                },
                "metrics": {
                    "outcome": 2.315119845493801e-05
                },
                "metadata": {
                    "trials": 1
                }
            },
            {
                "query": {
                    "x1": 0.13677066499538704,
                    "x2": 2.3149394144692357
                },
                "metrics": {
                    "outcome": 0.000631697169128909
                },
                "metadata": {
                    "trials": 1
                }
            },
            {
                "query": {
                    "x1": 0.13667509023811464,
                    "x2": 1.6922373000295177
                },
                "metrics": {
                    "outcome": 0.007654236957066095
                },
                "metadata": {
                    "trials": 1
                }
            },
            {
                "query": {
                    "x1": 0.13647775892303748,
                    "x2": 1.022535041262016
                },
                "metrics": {
                    "outcome": 0.04708514571911744
                },
                "metadata": {
                    "trials": 1
                }
            }
        ],
        [
            {
                "query": {
                    "x1": 4.133622555178859,
                    "x2": 6.0
                },
                "metrics": {
                    "outcome": 3.6392436249095234e-23
                },
                "metadata": {
                    "trials": 1
                }
            },
            {
                "query": {
                    "x1": 3.8696967899376427,
                    "x2": 3.476748320724994
                },
                "metrics": {
                    "outcome": 6.8336923787644314e-12
                },
                "metadata": {
                    "trials": 1
                }
            },
            {
                "query": {
                    "x1": 4.621276567908103,
                    "x2": -2.0
                },
                "metrics": {
                    "outcome": 4.4947492679846055e-11
                },
                "metadata": {
                    "trials": 1
                }
            },
            {
                "query": {
                    "x1": 1.9841575450420748,
                    "x2": 6.0
                },
                "metrics": {
                    "outcome": 8.978608580700494e-18
                },
                "metadata": {
                    "trials": 1
                }
            },
            {
                "query": {
                    "x1": 3.8597770535869156,
                    "x2": 1.6346667404524617
                },
                "metrics": {
                    "outcome": 9.036535970689482e-08
                },
                "metadata": {
                    "trials": 1
                }
            },
            {
                "query": {
                    "x1": 1.0882526649324946,
                    "x2": -2.0
                },
                "metrics": {
                    "outcome": 0.006098450768346051
                },
                "metadata": {
                    "trials": 1
                }
            }
        ],
        [
            {
                "query": {
                    "x1": 6.0,
                    "x2": 0.9657027461361292
                },
                "metrics": {
                    "outcome": 5.476899538700195e-16
                },
                "metadata": {
                    "trials": 1
                }
            },
            {
                "query": {
                    "x1": 3.08217931335082,
                    "x2": -1.3635221652847531
                },
                "metrics": {
                    "outcome": 3.5949869680507586e-05
                },
                "metadata": {
                    "trials": 1
                }
            },
            {
                "query": {
                    "x1": 4.945418770606252,
                    "x2": -1.432952844227636
                },
                "metrics": {
                    "outcome": 1.5164574650400263e-11
                },
                "metadata": {
                    "trials": 1
                }
            },
            {
                "query": {
                    "x1": 5.999999999999995,
                    "x2": 2.9091109547385514
                },
                "metrics": {
                    "outcome": 2.938648227745176e-19
                },
                "metadata": {
                    "trials": 1
                }
            },
            {
                "query": {
                    "x1": 1.5776630802329517,
                    "x2": -1.3135540795676794
                },
                "metrics": {
                    "outcome": 0.023318682266529275
                },
                "metadata": {
                    "trials": 1
                }
            },
            {
                "query": {
                    "x1": 6.0,
                    "x2": 5.4264919150771185
                },
                "metrics": {
                    "outcome": 2.2644401832296625e-28
                },
                "metadata": {
                    "trials": 1
                }
            }
        ],
        [
            {
                "query": {
                    "x1": 3.008483995438332,
                    "x2": 6.0
                },
                "metrics": {
                    "outcome": 8.183845948337724e-20
                },
                "metadata": {
                    "trials": 1
                }
            },
            {
                "query": {
                    "x1": 5.0455294247501685,
                    "x2": 4.780889325579491
                },
                "metrics": {
                    "outcome": 5.2515308375284626e-21
                },
                "metadata": {
                    "trials": 1
                }
            },
            {
                "query": {
                    "x1": 2.8251363164100605,
                    "x2": 3.5318117986246627
                },
                "metrics": {
                    "outcome": 3.694084168736701e-09
                },
                "metadata": {
                    "trials": 1
                }
            },
            {
                "query": {
                    "x1": 4.910045987621102,
                    "x2": 2.940860468094959
                },
                "metrics": {
                    "outcome": 2.916145518706414e-14
                },
                "metadata": {
                    "trials": 1
                }
            },
            {
                "query": {
                    "x1": 2.5064231389504235,
                    "x2": 1.630762200145138
                },
                "metrics": {
                    "outcome": 0.00032793812445546194
                },
                "metadata": {
                    "trials": 1
                }
            },
            {
                "query": {
                    "x1": 5.113783649105455,
                    "x2": 6.0
                },
                "metrics": {
                    "outcome": 5.2119489856181264e-27
                },
                "metadata": {
                    "trials": 1
                }
            }
        ],
        [
            {
                "query": {
                    "x1": 2.0808823741522087,
                    "x2": -2.0
                },
                "metrics": {
                    "outcome": 0.0005018147988396974
                },
                "metadata": {
                    "trials": 1
                }
            },
            {
                "query": {
                    "x1": 2.0841875818880764,
                    "x2": -1.4402334476247862
                },
                "metrics": {
                    "outcome": 0.003400845744840448
                },
                "metadata": {
                    "trials": 1
                }
            },
            {
                "query": {
                    "x1": 2.0897133274270496,
                    "x2": -0.8993577042198158
                },
                "metrics": {
                    "outcome": 0.011811056693468092
                },
                "metadata": {
                    "trials": 1
                }
            },
            {
                "query": {
                    "x1": 5.539851679219654,
                    "x2": 5.999999999999999
                },
                "metrics": {
                    "outcome": 6.031397831766688e-29
                },
                "metadata": {
                    "trials": 1
                }
            },
            {
                "query": {
                    "x1": 2.098003615586661,
                    "x2": -0.3763604590179035
                },
                "metrics": {
                    "outcome": 0.0223198216340931
                },
                "metadata": {
                    "trials": 1
                }
            },
            {
                "query": {
                    "x1": 5.52632765260575,
                    "x2": 5.4338408107201825
                },
                "metrics": {
                    "outcome": 4.525882814693762e-26
                },
                "metadata": {
                    "trials": 1
                }
            }
        ],
        [
            {
                "query": {
                    "x1": -2.0,
                    "x2": 0.5250133466156175
                },
                "metrics": {
                    "outcome": -0.02780632312623305
                },
                "metadata": {
                    "trials": 1
                }
            },
            {
                "query": {
                    "x1": -0.8563705780635109,
                    "x2": 0.53268067423509
                },
                "metrics": {
                    "outcome": -0.30969375840087393
                },
                "metadata": {
                    "trials": 1
                }
            },
            {
                "query": {
                    "x1": 0.32680757664842597,
                    "x2": 0.5398423047505152
                },
                "metrics": {
                    "outcome": 0.21945312165201572
                },
                "metadata": {
                    "trials": 1
                }
            },
            {
                "query": {
                    "x1": 1.5508316205915986,
                    "x2": 0.5462234669397077
                },
                "metrics": {
                    "outcome": 0.10386664369716879
                },
                "metadata": {
                    "trials": 1
                }
            },
            {
                "query": {
                    "x1": 2.8184965803241546,
                    "x2": 0.5514558443848516
                },
                "metrics": {
                    "outcome": 0.0007378109685401608
                },
                "metadata": {
                    "trials": 1
                }
            },
            {
                "query": {
                    "x1": -1.4593570470733594,
                    "x2": 0.5287608964050832
                },
                "metrics": {
                    "outcome": -0.13116291317518405
                },
                "metadata": {
                    "trials": 1
                }
            }
        ],
        [
            {
                "query": {
                    "x1": -0.4845866330504549,
                    "x2": -2.0
                },
                "metrics": {
                    "outcome": -0.007017956084580125
                },
                "metadata": {
                    "trials": 1
                }
            },
            {
                "query": {
                    "x1": -0.4525209477496388,
                    "x2": -0.9135697237877771
                },
                "metrics": {
                    "outcome": -0.16004406876062735
                },
                "metadata": {
                    "trials": 1
                }
            },
            {
                "query": {
                    "x1": -0.4301407754136961,
                    "x2": 0.15690714250595628
                },
                "metrics": {
                    "outcome": -0.34879055103631706
                },
                "metadata": {
                    "trials": 1
                }
            },
            {
                "query": {
                    "x1": -0.40926033304259013,
                    "x2": 1.1828414534603233
                },
                "metrics": {
                    "outcome": -0.08543394809108022
                },
                "metadata": {
                    "trials": 1
                }
            },
            {
                "query": {
                    "x1": -0.3831206517644796,
                    "x2": 2.1692239480394635
                },
                "metrics": {
                    "outcome": -0.0029922810414846125
                },
                "metadata": {
                    "trials": 1
                }
            },
            {
                "query": {
                    "x1": -1.1880696715845736,
                    "x2": -2.0
                },
                "metrics": {
                    "outcome": -0.00530460653060944
                },
                "metadata": {
                    "trials": 1
                }
            }
        ],
        [
            {
                "query": {
                    "x1": -1.8342383709186454,
                    "x2": 1.2638240670735046
                },
                "metrics": {
                    "outcome": -0.01284176748963456
                },
                "metadata": {
                    "trials": 1
                }
            },
            {
                "query": {
                    "x1": -1.8341531746364006,
                    "x2": 0.580557425395416
                },
                "metrics": {
                    "outcome": -0.045293945790531066
                },
                "metadata": {
                    "trials": 1
                }
            },
            {
                "query": {
                    "x1": -1.8343691834996394,
                    "x2": -0.6728225560779895
                },
                "metrics": {
                    "outcome": -0.04032031510497135
                },
                "metadata": {
                    "trials": 1
                }
            },
            {
                "query": {
                    "x1": -1.834629250143166,
                    "x2": -1.253151378509497
                },
                "metrics": {
                    "outcome": -0.013175312767512526
                },
                "metadata": {
                    "trials": 1
                }
            },
            {
                "query": {
                    "x1": -1.8349903481963552,
                    "x2": -1.7741033108195465
                },
                "metrics": {
                    "outcome": -0.002718723218668585
                },
                "metadata": {
                    "trials": 1
                }
            },
            {
                "query": {
                    "x1": -1.8341883142593085,
                    "x2": 0.038069459075352086
                },
                "metrics": {
                    "outcome": -0.06334913619247205
                },
                "metadata": {
                    "trials": 1
                }
            }
        ],
        [
            {
                "query": {
                    "x1": -0.6866620034661202,
                    "x2": -0.012517888342036931
                },
                "metrics": {
                    "outcome": -0.42845288449617397
                },
                "metadata": {
                    "trials": 1
                }
            },
            {
                "query": {
                    "x1": -0.6861862780382637,
                    "x2": 0.5279559700171697
                },
                "metrics": {
                    "outcome": -0.32426465498937085
                },
                "metadata": {
                    "trials": 1
                }
            },
            {
                "query": {
                    "x1": -0.6857988604543868,
                    "x2": 1.0538173226914513
                },
                "metrics": {
                    "outcome": -0.14113732488884154
                },
                "metadata": {
                    "trials": 1
                }
            },
            {
                "query": {
                    "x1": -0.6854978365829549,
                    "x2": 1.5707282899383346
                },
                "metrics": {
                    "outcome": -0.03634478394120554
                },
                "metadata": {
                    "trials": 1
                }
            },
            {
                "query": {
                    "x1": -0.6852879509490972,
                    "x2": 2.0810662469277865
                },
                "metrics": {
                    "outcome": -0.005637173663788947
                },
                "metadata": {
                    "trials": 1
                }
            },
            {
                "query": {
                    "x1": -0.6851789489812679,
                    "x2": 2.5862806496027666
                },
                "metrics": {
                    "outcome": -0.0005333178201293353
                },
                "metadata": {
                    "trials": 1
                }
            }
        ],
        [
            {
                "query": {
                    "x1": -1.9999999999999993,
                    "x2": 6.0
                },
                "metrics": {
                    "outcome": -8.496708510583175e-18
                },
                "metadata": {
                    "trials": 1
                }
            },
            {
                "query": {
                    "x1": 0.12659481664453587,
                    "x2": 6.0
                },
                "metrics": {
                    "outcome": 2.889711356264085e-17
                },
                "metadata": {
                    "trials": 1
                }
            },
            {
                "query": {
                    "x1": -2.0,
                    "x2": 4.037380344382971
                },
                "metrics": {
                    "outcome": -3.0525367684803925e-09
                },
                "metadata": {
                    "trials": 1
                }
            },
            {
                "query": {
                    "x1": 6.0,
                    "x2": -2.0
                },
                "metrics": {
                    "outcome": 2.5490125531749533e-17
                },
                "metadata": {
                    "trials": 1
                }
            },
            {
                "query": {
                    "x1": 1.051933593846437,
                    "x2": 3.935545601809582
                },
                "metrics": {
                    "outcome": 6.528826791619451e-08
                },
                "metadata": {
                    "trials": 1
                }
            },
            {
                "query": {
                    "x1": 4.6648673267697,
                    "x2": 0.3457116027737337
                },
                "metrics": {
                    "outcome": 1.466416313067721e-09
                },
                "metadata": {
                    "trials": 1
                }
            }
        ],
        [
            {
                "query": {
                    "x1": 1.5903225144358442,
                    "x2": 6.0
                },
                "metrics": {
                    "outcome": 2.9410236937803214e-17
                },
                "metadata": {
                    "trials": 1
                }
            },
            {
                "query": {
                    "x1": -0.9408945860687921,
                    "x2": 5.236975807549314
                },
                "metrics": {
                    "outcome": -4.765887668217399e-13
                },
                "metadata": {
                    "trials": 1
                }
            },
            {
                "query": {
                    "x1": 3.8049221867340384,
                    "x2": 4.624231438546935
                },
                "metrics": {
                    "outcome": 1.0142228877326266e-15
                },
                "metadata": {
                    "trials": 1
                }
            },
            {
                "query": {
                    "x1": 4.050679189167475,
                    "x2": -2.0
                },
                "metrics": {
                    "outcome": 5.55194608076264e-09
                },
                "metadata": {
                    "trials": 1
                }
            },
            {
                "query": {
                    "x1": 6.0,
                    "x2": -0.6132865240049163
                },
                "metrics": {
                    "outcome": 9.554388680284887e-16
                },
                "metadata": {
                    "trials": 1
                }
            },
            {
                "query": {
                    "x1": 1.4307249233366823,
                    "x2": 2.4973695908460884
                },
                "metrics": {
                    "outcome": 0.00036135582353226907
                },
                "metadata": {
                    "trials": 1
                }
            }
        ],
        [
            {
                "query": {
                    "x1": 6.0,
                    "x2": 2.11775445232489
                },
                "metrics": {
                    "outcome": 1.5696020718042683e-17
                },
                "metadata": {
                    "trials": 1
                }
            },
            {
                "query": {
                    "x1": 3.7664474830698014,
                    "x2": 2.1168567390871615
                },
                "metrics": {
                    "outcome": 2.943513372192587e-08
                },
                "metadata": {
                    "trials": 1
                }
            },
            {
                "query": {
                    "x1": 6.0,
                    "x2": 3.607100172859095
                },
                "metrics": {
                    "outcome": 3.110783939678647e-21
                },
                "metadata": {
                    "trials": 1
                }
            },
            {
                "query": {
                    "x1": 5.069680100301653,
                    "x2": -2.0
                },
                "metrics": {
                    "outcome": 6.393153221386468e-13
                },
                "metadata": {
                    "trials": 1
                }
            },
            {
                "query": {
                    "x1": 6.0,
                    "x2": 0.8328973210824548
                },
                "metrics": {
                    "outcome": 6.954597903368097e-16
                },
                "metadata": {
                    "trials": 1
                }
            },
            {
                "query": {
                    "x1": 2.147387576926924,
                    "x2": 4.707591378940152
                },
                "metrics": {
                    "outcome": 5.066160040350211e-12
                },
                "metadata": {
                    "trials": 1
                }
            }
        ],
        [
            {
                "query": {
                    "x1": 3.1648065165932806,
                    "x2": 6.0
                },
                "metrics": {
                    "outcome": 3.279836238749389e-20
                },
                "metadata": {
                    "trials": 1
                }
            },
            {
                "query": {
                    "x1": 4.889793475962144,
                    "x2": 3.099217112787123
                },
                "metrics": {
                    "outcome": 1.3608566903437972e-14
                },
                "metadata": {
                    "trials": 1
                }
            },
            {
                "query": {
                    "x1": 0.9043140866940131,
                    "x2": -2.0
                },
                "metrics": {
                    "outcome": 0.007311092926159089
                },
                "metadata": {
                    "trials": 1
                }
            },
            {
                "query": {
                    "x1": 3.038411316199274,
                    "x2": -2.0
                },
                "metrics": {
                    "outcome": 5.446112312752792e-06
                },
                "metadata": {
                    "trials": 1
                }
            },
            {
                "query": {
                    "x1": 2.8803106379141488,
                    "x2": 3.383539294852546
                },
                "metrics": {
                    "outcome": 7.664784943415124e-09
                },
                "metadata": {
                    "trials": 1
                }
            },
            {
                "query": {
                    "x1": 5.034167243565733,
                    "x2": 1.7213466747544195
                },
                "metrics": {
                    "outcome": 2.5635551460104207e-12
                },
                "metadata": {
                    "trials": 1
                }
            }
        ],
        [
            {
                "query": {
                    "x1": 4.598092161494391,
                    "x2": 6.0
                },
                "metrics": {
                    "outcome": 7.013362579105691e-25
                },
                "metadata": {
                    "trials": 1
                }
            },
            {
                "query": {
                    "x1": 3.786759793134838,
                    "x2": -0.8515222748724078
                },
                "metrics": {
                    "outcome": 1.0858698382400573e-06
                },
                "metadata": {
                    "trials": 1
                }
            },
            {
                "query": {
                    "x1": 0.44412370402687307,
                    "x2": 4.968839794900594
                },
                "metrics": {
                    "outcome": 6.908511494824733e-12
                },
                "metadata": {
                    "trials": 1
                }
            },
            {
                "query": {
                    "x1": 2.4713266110983794,
                    "x2": 1.8471954044333918
                },
                "metrics": {
                    "outcome": 0.00018139547147316096
                },
                "metadata": {
                    "trials": 1
                }
            },
            {
                "query": {
                    "x1": -2.0,
                    "x2": 2.7532504534963085
                },
                "metrics": {
                    "outcome": -1.869525370067685e-05
                },
                "metadata": {
                    "trials": 1
                }
            },
            {
                "query": {
                    "x1": 5.129136794612241,
                    "x2": 4.3899665737528775
                },
                "metrics": {
                    "outcome": 8.221794236824495e-20
                },
                "metadata": {
                    "trials": 1
                }
            }
        ],
        [
            {
                "query": {
                    "x1": 6.0,
                    "x2": 5.335930441634367
                },
                "metrics": {
                    "outcome": 6.001373712470826e-28
                },
                "metadata": {
                    "trials": 1
                }
            },
            {
                "query": {
                    "x1": 4.479903007387197,
                    "x2": 5.384060469177471
                },
                "metrics": {
                    "outcome": 2.2172113498998083e-21
                },
                "metadata": {
                    "trials": 1
                }
            },
            {
                "query": {
                    "x1": 6.0,
                    "x2": -1.4195277854401924
                },
                "metrics": {
                    "outcome": 1.855328600496204e-16
                },
                "metadata": {
                    "trials": 1
                }
            },
            {
                "query": {
                    "x1": 3.100363218271484,
                    "x2": 5.4266742457702435
                },
                "metrics": {
                    "outcome": 3.368341200443598e-17
                },
                "metadata": {
                    "trials": 1
                }
            },
            {
                "query": {
                    "x1": 2.9134804745417675,
                    "x2": -0.28557908057810266
                },
                "metrics": {
                    "outcome": 0.0005527661722015907
                },
                "metadata": {
                    "trials": 1
                }
            },
            {
                "query": {
                    "x1": 4.32421867857512,
                    "x2": -1.4630695971281371
                },
                "metrics": {
                    "outcome": 3.849939687064432e-09
                },
                "metadata": {
                    "trials": 1
                }
            }
        ]
    ],
    "best_results": [
        {
            "query": {
                "x1": -0.7090202758997601,
                "x2": 0.027937877080115303
            },
            "metrics": [
                {
                    "name": "outcome",
                    "value": -0.4285441846372194
                }
            ]
        }
    ]
}