{
    "date": "04/11/2022 13:57:35",
    "basic_params": {
        "active_variables": [
            "x1",
            "x2"
        ],
        "default_query": {},
        "metric": "basic",
        "n_trials": 1
    },
    "objective_function": {
        "name": "Gramacy2D",
        "params": {}
    },
    "optimizer": {
        "name": "BBO-LP(LCB)",
        "params": {
            "lower_bound": [
                -2.0,
                -2.0
            ],
            "upper_bound": [
                6.0,
                6.0
            ],
            "invert_metric": false,
            "bopt_params": {
                "n_init_samples": 15,
                "n_iterations": 45,
                "n_iter_relearn": 5,
                "verbose_level": 1,
                "n_parallel_samples": 3,
                "par_type": "PAR_BBO",
                "crit_name": "cLP(cLCB)",
                "n_crit_params": 3,
                "crit_params": [
                    3,
                    1,
                    1.0
                ]
            }
        }
    },
    "iterations": [
        [
            {
                "query": {
                    "x1": 2.4421576729665198,
                    "x2": 2.6773612520347037
                },
                "metrics": {
                    "outcome": 4.835551203437717e-06
                },
                "metadata": {
                    "trials": 1
                }
            }
        ],
        [
            {
                "query": {
                    "x1": -0.44668092019855976,
                    "x2": 3.009706635028124
                },
                "metrics": {
                    "outcome": -4.2595214881480497e-05
                },
                "metadata": {
                    "trials": 1
                }
            }
        ],
        [
            {
                "query": {
                    "x1": 4.950331423059106,
                    "x2": 5.776641658445199
                },
                "metrics": {
                    "outcome": 3.6281098316710183e-25
                },
                "metadata": {
                    "trials": 1
                }
            }
        ],
        [
            {
                "query": {
                    "x1": 3.683702170600494,
                    "x2": -1.3251796173552672
                },
                "metrics": {
                    "outcome": 8.135614064718518e-07
                },
                "metadata": {
                    "trials": 1
                }
            }
        ],
        [
            {
                "query": {
                    "x1": -1.9875021864970526,
                    "x2": 3.3472821895033125
                },
                "metrics": {
                    "outcome": -5.209642946794534e-07
                },
                "metadata": {
                    "trials": 1
                }
            }
        ],
        [
            {
                "query": {
                    "x1": 5.5567441051205,
                    "x2": 0.06921426032980271
                },
                "metrics": {
                    "outcome": 2.1520543325108653e-13
                },
                "metadata": {
                    "trials": 1
                }
            }
        ],
        [
            {
                "query": {
                    "x1": -0.08322762263317895,
                    "x2": 1.0665906101465223
                },
                "metrics": {
                    "outcome": -0.02649714334042984
                },
                "metadata": {
                    "trials": 1
                }
            }
        ],
        [
            {
                "query": {
                    "x1": 2.054443532725175,
                    "x2": 0.2112439343084893
                },
                "metrics": {
                    "outcome": 0.02885831234487902
                },
                "metadata": {
                    "trials": 1
                }
            }
        ],
        [
            {
                "query": {
                    "x1": 2.9847097609192135,
                    "x2": -0.772775427127878
                },
                "metrics": {
                    "outcome": 0.0002221468944707958
                },
                "metadata": {
                    "trials": 1
                }
            }
        ],
        [
            {
                "query": {
                    "x1": 4.50018113789459,
                    "x2": 3.8709604593614735
                },
                "metrics": {
                    "outcome": 2.2410150082990195e-15
                },
                "metadata": {
                    "trials": 1
                }
            }
        ],
        [
            {
                "query": {
                    "x1": 0.27898518331348887,
                    "x2": 4.903302867958943
                },
                "metrics": {
                    "outcome": 9.339126856083586e-12
                },
                "metadata": {
                    "trials": 1
                }
            }
        ],
        [
            {
                "query": {
                    "x1": 1.149389147510131,
                    "x2": 1.6029675950606666
                },
                "metrics": {
                    "outcome": 0.023485550998559486
                },
                "metadata": {
                    "trials": 1
                }
            }
        ],
        [
            {
                "query": {
                    "x1": 1.7094594050198793,
                    "x2": -1.734614187479019
                },
                "metrics": {
                    "outcome": 0.0045393990038551735
                },
                "metadata": {
                    "trials": 1
                }
            }
        ],
        [
            {
                "query": {
                    "x1": 3.9910171234359346,
                    "x2": 5.138141928116481
                },
                "metrics": {
                    "outcome": 1.6517868435330896e-18
                },
                "metadata": {
                    "trials": 1
                }
            }
        ],
        [
            {
                "query": {
                    "x1": -0.998909118399024,
                    "x2": 1.989986068755388
                },
                "metrics": {
                    "outcome": -0.007020256959432028
                },
                "metadata": {
                    "trials": 1
                }
            }
        ],
        [
            {
                "query": {
                    "x1": -1.9999999999997,
                    "x2": -2.0
                },
                "metrics": {
                    "outcome": -0.0006709252558057281
                },
                "metadata": {
                    "trials": 1
                }
            },
            {
                "query": {
                    "x1": 6.0,
                    "x2": 5.99999999999994
                },
                "metrics": {
                    "outcome": 3.2281116960150225e-31
                },
                "metadata": {
                    "trials": 1
                }
            },
            {
                "query": {
                    "x1": -2.0,
                    "x2": 6.0
                },
                "metrics": {
                    "outcome": -8.496708510583178e-18
                },
                "metadata": {
                    "trials": 1
                }
            }
        ],
        [
            {
                "query": {
                    "x1": -0.2462475829645081,
                    "x2": -2.0
                },
                "metrics": {
                    "outcome": -0.004244820749118169
                },
                "metadata": {
                    "trials": 1
                }
            },
            {
                "query": {
                    "x1": 2.2330508137877887,
                    "x2": 6.0
                },
                "metrics": {
                    "outcome": 3.537373368267036e-18
                },
                "metadata": {
                    "trials": 1
                }
            },
            {
                "query": {
                    "x1": 6.0,
                    "x2": -1.99999999999994
                },
                "metrics": {
                    "outcome": 2.549012553175569e-17
                },
                "metadata": {
                    "trials": 1
                }
            }
        ],
        [
            {
                "query": {
                    "x1": -0.27189874132157255,
                    "x2": 0.3065709862647199
                },
                "metrics": {
                    "outcome": -0.22987025183276302
                },
                "metadata": {
                    "trials": 1
                }
            },
            {
                "query": {
                    "x1": 3.131761100722258,
                    "x2": 3.585735428578686
                },
                "metrics": {
                    "outcome": 4.4907524556456527e-10
                },
                "metadata": {
                    "trials": 1
                }
            },
            {
                "query": {
                    "x1": 2.9872040469506604,
                    "x2": -2.0
                },
                "metrics": {
                    "outcome": 7.289685387838247e-06
                },
                "metadata": {
                    "trials": 1
                }
            }
        ],
        [
            {
                "query": {
                    "x1": -0.6159840635700045,
                    "x2": -0.28031195791377295
                },
                "metrics": {
                    "outcome": -0.38963481632101404
                },
                "metadata": {
                    "trials": 1
                }
            },
            {
                "query": {
                    "x1": -0.6080531773363969,
                    "x2": -0.015343258840831098
                },
                "metrics": {
                    "outcome": -0.4200182903598829
                },
                "metadata": {
                    "trials": 1
                }
            },
            {
                "query": {
                    "x1": -0.6280585387582518,
                    "x2": -0.543126872823068
                },
                "metrics": {
                    "outcome": -0.31519422894059146
                },
                "metadata": {
                    "trials": 1
                }
            }
        ],
        [
            {
                "query": {
                    "x1": -0.6928142563983062,
                    "x2": -0.02354479675009591
                },
                "metrics": {
                    "outcome": -0.4284679689445821
                },
                "metadata": {
                    "trials": 1
                }
            },
            {
                "query": {
                    "x1": -0.6861979975890746,
                    "x2": 0.14738310768642737
                },
                "metrics": {
                    "outcome": -0.41929584299705364
                },
                "metadata": {
                    "trials": 1
                }
            },
            {
                "query": {
                    "x1": -0.6998468358823866,
                    "x2": -0.19456517255206407
                },
                "metrics": {
                    "outcome": -0.41290614080295446
                },
                "metadata": {
                    "trials": 1
                }
            }
        ],
        [
            {
                "query": {
                    "x1": 3.8369531805389485,
                    "x2": 2.8885758326027497
                },
                "metrics": {
                    "outcome": 3.685659537831947e-10
                },
                "metadata": {
                    "trials": 1
                }
            },
            {
                "query": {
                    "x1": 3.8369538019486313,
                    "x2": 4.222093533899998
                },
                "metrics": {
                    "outcome": 2.8083069297925455e-14
                },
                "metadata": {
                    "trials": 1
                }
            },
            {
                "query": {
                    "x1": 3.8369535580699345,
                    "x2": 5.111115536877416
                },
                "metrics": {
                    "outcome": 6.99709976055574e-18
                },
                "metadata": {
                    "trials": 1
                }
            }
        ],
        [
            {
                "query": {
                    "x1": 3.7558554300234404,
                    "x2": 5.999919912170303
                },
                "metrics": {
                    "outcome": 6.518857642425727e-22
                },
                "metadata": {
                    "trials": 1
                }
            },
            {
                "query": {
                    "x1": 3.7558554575697185,
                    "x2": 5.590375242145394
                },
                "metrics": {
                    "outcome": 7.510277165320485e-20
                },
                "metadata": {
                    "trials": 1
                }
            },
            {
                "query": {
                    "x1": 3.755855427168549,
                    "x2": 5.111112683468172
                },
                "metrics": {
                    "outcome": 1.2678718641941491e-17
                },
                "metadata": {
                    "trials": 1
                }
            }
        ],
        [
            {
                "query": {
                    "x1": -0.6921849905832573,
                    "x2": -0.09858827776991408
                },
                "metrics": {
                    "outcome": -0.4245431024672238
                },
                "metadata": {
                    "trials": 1
                }
            },
            {
                "query": {
                    "x1": -0.6921713837701962,
                    "x2": 0.01932681311548068
                },
                "metrics": {
                    "outcome": -0.4285291823185769
                },
                "metadata": {
                    "trials": 1
                }
            },
            {
                "query": {
                    "x1": -0.6921682156879354,
                    "x2": -0.0727008396501847
                },
                "metrics": {
                    "outcome": -0.426429375104496
                },
                "metadata": {
                    "trials": 1
                }
            }
        ],
        [
            {
                "query": {
                    "x1": -0.6921488727186653,
                    "x2": 0.07337586809995722
                },
                "metrics": {
                    "outcome": -0.4263868302379072
                },
                "metadata": {
                    "trials": 1
                }
            },
            {
                "query": {
                    "x1": -0.6921510300281248,
                    "x2": 0.09079013009974046
                },
                "metrics": {
                    "outcome": -0.42516965912083005
                },
                "metadata": {
                    "trials": 1
                }
            },
            {
                "query": {
                    "x1": -0.6921494913310038,
                    "x2": 0.054515331659646726
                },
                "metrics": {
                    "outcome": -0.42741657386809645
                },
                "metadata": {
                    "trials": 1
                }
            }
        ],
        [
            {
                "query": {
                    "x1": -0.6921459913905841,
                    "x2": 0.06976343914897365
                },
                "metrics": {
                    "outcome": -0.4266072892514775
                },
                "metadata": {
                    "trials": 1
                }
            },
            {
                "query": {
                    "x1": -0.6921490505350485,
                    "x2": 0.09542052168157733
                },
                "metrics": {
                    "outcome": -0.4248031729826772
                },
                "metadata": {
                    "trials": 1
                }
            },
            {
                "query": {
                    "x1": -0.6921407424892423,
                    "x2": 0.050695269466623394
                },
                "metrics": {
                    "outcome": -0.4275881655328943
                },
                "metadata": {
                    "trials": 1
                }
            }
        ],
        [
            {
                "query": {
                    "x1": 5.663219699076385,
                    "x2": 4.36884451627648
                },
                "metrics": {
                    "outcome": 3.4280955041589425e-22
                },
                "metadata": {
                    "trials": 1
                }
            },
            {
                "query": {
                    "x1": 4.605483430104916,
                    "x2": 4.480841256567403
                },
                "metrics": {
                    "outcome": 5.394410505698416e-18
                },
                "metadata": {
                    "trials": 1
                }
            },
            {
                "query": {
                    "x1": 5.6632195083419745,
                    "x2": 3.151111814719748
                },
                "metrics": {
                    "outcome": 3.2510023155822344e-18
                },
                "metadata": {
                    "trials": 1
                }
            }
        ],
        [
            {
                "query": {
                    "x1": 0.05211922670029523,
                    "x2": -1.4444619086395045
                },
                "metrics": {
                    "outcome": 0.006451723445283915
                },
                "metadata": {
                    "trials": 1
                }
            },
            {
                "query": {
                    "x1": 0.05211949132989302,
                    "x2": 0.28817082173727826
                },
                "metrics": {
                    "outcome": 0.04783607819422145
                },
                "metadata": {
                    "trials": 1
                }
            },
            {
                "query": {
                    "x1": 0.052118193914669764,
                    "x2": -0.3493686748968623
                },
                "metrics": {
                    "outcome": 0.046004504797611985
                },
                "metadata": {
                    "trials": 1
                }
            }
        ],
        [
            {
                "query": {
                    "x1": -0.3432781811648753,
                    "x2": -1.9997943577280863
                },
                "metrics": {
                    "outcome": -0.005593044428528466
                },
                "metadata": {
                    "trials": 1
                }
            },
            {
                "query": {
                    "x1": -0.3432793761823787,
                    "x2": -1.68485273424675
                },
                "metrics": {
                    "outcome": -0.01784949394214927
                },
                "metadata": {
                    "trials": 1
                }
            },
            {
                "query": {
                    "x1": -0.3432804918531267,
                    "x2": -1.3698961812526418
                },
                "metrics": {
                    "outcome": -0.046716192076635514
                },
                "metadata": {
                    "trials": 1
                }
            }
        ],
        [
            {
                "query": {
                    "x1": 0.1787890823812055,
                    "x2": -1.999799976796848
                },
                "metrics": {
                    "outcome": 0.0031741545619716643
                },
                "metadata": {
                    "trials": 1
                }
            },
            {
                "query": {
                    "x1": 0.17887843295390926,
                    "x2": -1.6372264658344882
                },
                "metrics": {
                    "outcome": 0.011872186973340654
                },
                "metadata": {
                    "trials": 1
                }
            },
            {
                "query": {
                    "x1": 0.17896767319915607,
                    "x2": -1.2746006210389316
                },
                "metrics": {
                    "outcome": 0.03414339041744841
                },
                "metadata": {
                    "trials": 1
                }
            }
        ],
        [
            {
                "query": {
                    "x1": 0.3738019970745925,
                    "x2": 5.999184710524402
                },
                "metrics": {
                    "outcome": 7.613876331260188e-17
                },
                "metadata": {
                    "trials": 1
                }
            },
            {
                "query": {
                    "x1": 0.3904703259009681,
                    "x2": 5.999190853784915
                },
                "metrics": {
                    "outcome": 7.85213369194937e-17
                },
                "metadata": {
                    "trials": 1
                }
            },
            {
                "query": {
                    "x1": 0.40715603086224794,
                    "x2": 5.999212742885536
                },
                "metrics": {
                    "outcome": 8.077304490679814e-17
                },
                "metadata": {
                    "trials": 1
                }
            }
        ],
        [
            {
                "query": {
                    "x1": -1.5223397386883006,
                    "x2": 0.07993945030959537
                },
                "metrics": {
                    "outcome": -0.14902217738697401
                },
                "metadata": {
                    "trials": 1
                }
            },
            {
                "query": {
                    "x1": -1.060748160913297,
                    "x2": 5.999999999999999
                },
                "metrics": {
                    "outcome": -7.986354448226564e-17
                },
                "metadata": {
                    "trials": 1
                }
            },
            {
                "query": {
                    "x1": 1.536085166649701,
                    "x2": 4.483494928394978
                },
                "metrics": {
                    "outcome": 2.701490338695941e-10
                },
                "metadata": {
                    "trials": 1
                }
            }
        ],
        [
            {
                "query": {
                    "x1": 4.798782143801907,
                    "x2": -2.0
                },
                "metrics": {
                    "outcome": 8.767688633954615e-12
                },
                "metadata": {
                    "trials": 1
                }
            },
            {
                "query": {
                    "x1": -0.8378523129889088,
                    "x2": 0.017708330489905055
                },
                "metrics": {
                    "outcome": -0.4151051095216023
                },
                "metadata": {
                    "trials": 1
                }
            },
            {
                "query": {
                    "x1": 4.643436849628201,
                    "x2": 0.6555122018595974
                },
                "metrics": {
                    "outcome": 1.3067179425090908e-09
                },
                "metadata": {
                    "trials": 1
                }
            }
        ],
        [
            {
                "query": {
                    "x1": -0.7327588233191065,
                    "x2": 0.0037312140552194784
                },
                "metrics": {
                    "outcome": -0.4283185548564482
                },
                "metadata": {
                    "trials": 1
                }
            },
            {
                "query": {
                    "x1": -0.763133121466081,
                    "x2": 0.16723607705230714
                },
                "metrics": {
                    "outcome": -0.4145080604728845
                },
                "metadata": {
                    "trials": 1
                }
            },
            {
                "query": {
                    "x1": -0.9600364007021984,
                    "x2": -0.061457581161213026
                },
                "metrics": {
                    "outcome": -0.38051449690151784
                },
                "metadata": {
                    "trials": 1
                }
            }
        ],
        [
            {
                "query": {
                    "x1": -0.7147021214601874,
                    "x2": -0.0035404558263567587
                },
                "metrics": {
                    "outcome": -0.4288272620583229
                },
                "metadata": {
                    "trials": 1
                }
            },
            {
                "query": {
                    "x1": -0.7458764340850701,
                    "x2": -0.08847582419686573
                },
                "metrics": {
                    "outcome": -0.42428284586788423
                },
                "metadata": {
                    "trials": 1
                }
            },
            {
                "query": {
                    "x1": -0.6671433489955754,
                    "x2": 0.07367927260942997
                },
                "metrics": {
                    "outcome": -0.4251729619965765
                },
                "metadata": {
                    "trials": 1
                }
            }
        ],
        [
            {
                "query": {
                    "x1": -0.7092577783962619,
                    "x2": -0.001926418506998262
                },
                "metrics": {
                    "outcome": -0.4288763862201522
                },
                "metadata": {
                    "trials": 1
                }
            },
            {
                "query": {
                    "x1": -0.7108339901032052,
                    "x2": 0.07585941817278563
                },
                "metrics": {
                    "outcome": -0.4264091374139738
                },
                "metadata": {
                    "trials": 1
                }
            },
            {
                "query": {
                    "x1": -0.7127325749547164,
                    "x2": -0.07939939244428129
                },
                "metrics": {
                    "outcome": -0.426159757232611
                },
                "metadata": {
                    "trials": 1
                }
            }
        ],
        [
            {
                "query": {
                    "x1": -0.7085496373810807,
                    "x2": -0.0015906818054507443
                },
                "metrics": {
                    "outcome": -0.4288790727941581
                },
                "metadata": {
                    "trials": 1
                }
            },
            {
                "query": {
                    "x1": -0.711117628275125,
                    "x2": 0.07064720504698485
                },
                "metrics": {
                    "outcome": -0.42673300981285905
                },
                "metadata": {
                    "trials": 1
                }
            },
            {
                "query": {
                    "x1": -0.7117052820990373,
                    "x2": -0.0736053897187876
                },
                "metrics": {
                    "outcome": -0.4265466476565881
                },
                "metadata": {
                    "trials": 1
                }
            }
        ],
        [
            {
                "query": {
                    "x1": -0.7080066674639947,
                    "x2": -0.0013942957140884449
                },
                "metrics": {
                    "outcome": -0.4288804143918238
                },
                "metadata": {
                    "trials": 1
                }
            },
            {
                "query": {
                    "x1": -0.7111909258226528,
                    "x2": 0.06696942644193893
                },
                "metrics": {
                    "outcome": -0.4269485388716738
                },
                "metadata": {
                    "trials": 1
                }
            },
            {
                "query": {
                    "x1": -0.7114098923220697,
                    "x2": -0.06957973418638397
                },
                "metrics": {
                    "outcome": -0.4267948234235996
                },
                "metadata": {
                    "trials": 1
                }
            }
        ],
        [
            {
                "query": {
                    "x1": -0.7075385304586479,
                    "x2": -0.0012573455931870203
                },
                "metrics": {
                    "outcome": -0.4288811045929778
                },
                "metadata": {
                    "trials": 1
                }
            },
            {
                "query": {
                    "x1": -0.7113311104191735,
                    "x2": 0.06420691471065254
                },
                "metrics": {
                    "outcome": -0.42710229088425866
                },
                "metadata": {
                    "trials": 1
                }
            },
            {
                "query": {
                    "x1": -0.7114706366641357,
                    "x2": -0.06656905019280468
                },
                "metrics": {
                    "outcome": -0.42696935469020403
                },
                "metadata": {
                    "trials": 1
                }
            }
        ],
        [
            {
                "query": {
                    "x1": -0.707103075844542,
                    "x2": -0.0011563708958246544
                },
                "metrics": {
                    "outcome": -0.4288813689707506
                },
                "metadata": {
                    "trials": 1
                }
            },
            {
                "query": {
                    "x1": -0.7115473623157829,
                    "x2": 0.062020911815201085
                },
                "metrics": {
                    "outcome": -0.42721856318328466
                },
                "metadata": {
                    "trials": 1
                }
            },
            {
                "query": {
                    "x1": -0.7119103818672499,
                    "x2": -0.06418120420936746
                },
                "metrics": {
                    "outcome": -0.4270992477470321
                },
                "metadata": {
                    "trials": 1
                }
            }
        ],
        [
            {
                "query": {
                    "x1": -0.7066714460860009,
                    "x2": -0.001081066239740025
                },
                "metrics": {
                    "outcome": -0.4288812786508197
                },
                "metadata": {
                    "trials": 1
                }
            },
            {
                "query": {
                    "x1": -0.7118535883455195,
                    "x2": 0.06023456450452125
                },
                "metrics": {
                    "outcome": -0.4273094773066292
                },
                "metadata": {
                    "trials": 1
                }
            },
            {
                "query": {
                    "x1": -0.7127990155197133,
                    "x2": -0.0621994529664176
                },
                "metrics": {
                    "outcome": -0.4271982907289213
                },
                "metadata": {
                    "trials": 1
                }
            }
        ],
        [
            {
                "query": {
                    "x1": -0.7062263006937275,
                    "x2": -0.0010264297136921563
                },
                "metrics": {
                    "outcome": -0.4288808253756262
                },
                "metadata": {
                    "trials": 1
                }
            },
            {
                "query": {
                    "x1": -0.7122602009853891,
                    "x2": 0.05875054854827377
                },
                "metrics": {
                    "outcome": -0.42738150753965565
                },
                "metadata": {
                    "trials": 1
                }
            },
            {
                "query": {
                    "x1": -0.7140556938732112,
                    "x2": -0.06049865297405388
                },
                "metrics": {
                    "outcome": -0.42727393477146214
                },
                "metadata": {
                    "trials": 1
                }
            }
        ],
        [
            {
                "query": {
                    "x1": -0.705773318872744,
                    "x2": -0.000989847928722698
                },
                "metrics": {
                    "outcome": -0.42887999609798705
                },
                "metadata": {
                    "trials": 1
                }
            },
            {
                "query": {
                    "x1": -0.7127360885904754,
                    "x2": 0.057515563055246854
                },
                "metrics": {
                    "outcome": -0.4274385082554159
                },
                "metadata": {
                    "trials": 1
                }
            },
            {
                "query": {
                    "x1": -0.7153480414619919,
                    "x2": -0.05903856898099025
                },
                "metrics": {
                    "outcome": -0.427331826418269
                },
                "metadata": {
                    "trials": 1
                }
            }
        ],
        [
            {
                "query": {
                    "x1": -0.705345391671875,
                    "x2": -0.0009670587003340891
                },
                "metrics": {
                    "outcome": -0.4288788779795483
                },
                "metadata": {
                    "trials": 1
                }
            },
            {
                "query": {
                    "x1": -0.7132193968995706,
                    "x2": 0.056489246826921136
                },
                "metrics": {
                    "outcome": -0.42748369166500927
                },
                "metadata": {
                    "trials": 1
                }
            },
            {
                "query": {
                    "x1": -0.7163903534988598,
                    "x2": -0.05781756404834293
                },
                "metrics": {
                    "outcome": -0.4273772854337785
                },
                "metadata": {
                    "trials": 1
                }
            }
        ],
        [
            {
                "query": {
                    "x1": -0.7049778744184181,
                    "x2": -0.0009523404232216759
                },
                "metrics": {
                    "outcome": -0.4288776620206839
                },
                "metadata": {
                    "trials": 1
                }
            },
            {
                "query": {
                    "x1": -0.7136254833899094,
                    "x2": 0.05563211296093451
                },
                "metrics": {
                    "outcome": -0.4275204096551744
                },
                "metadata": {
                    "trials": 1
                }
            },
            {
                "query": {
                    "x1": -0.7170397737262499,
                    "x2": -0.05682906083986139
                },
                "metrics": {
                    "outcome": -0.4274151256699557
                },
                "metadata": {
                    "trials": 1
                }
            }
        ],
        [
            {
                "query": {
                    "x1": -0.704682626897938,
                    "x2": -0.0009392155715977069
                },
                "metrics": {
                    "outcome": -0.4288765177416129
                },
                "metadata": {
                    "trials": 1
                }
            },
            {
                "query": {
                    "x1": -0.7139232798476225,
                    "x2": 0.05490311935608405
                },
                "metrics": {
                    "outcome": -0.4275514805000884
                },
                "metadata": {
                    "trials": 1
                }
            },
            {
                "query": {
                    "x1": -0.7007113233218416,
                    "x2": -0.05728298321061409
                },
                "metrics": {
                    "outcome": -0.4274418674097183
                },
                "metadata": {
                    "trials": 1
                }
            }
        ],
        [
            {
                "query": {
                    "x1": -0.7050009531103631,
                    "x2": -0.0008291920802705466
                },
                "metrics": {
                    "outcome": -0.42887784006953505
                },
                "metadata": {
                    "trials": 1
                }
            },
            {
                "query": {
                    "x1": -0.7131223874202393,
                    "x2": 0.05403602330470125
                },
                "metrics": {
                    "outcome": -0.42760061858339204
                },
                "metadata": {
                    "trials": 1
                }
            },
            {
                "query": {
                    "x1": -0.7177340265360808,
                    "x2": -0.05474983327480776
                },
                "metrics": {
                    "outcome": -0.4275021795596893
                },
                "metadata": {
                    "trials": 1
                }
            }
        ],
        [
            {
                "query": {
                    "x1": -0.7047397541248712,
                    "x2": -0.0008246411558816558
                },
                "metrics": {
                    "outcome": -0.42887683958660294
                },
                "metadata": {
                    "trials": 1
                }
            },
            {
                "query": {
                    "x1": -0.7134616019255622,
                    "x2": 0.05342795277263024
                },
                "metrics": {
                    "outcome": -0.42762498807308275
                },
                "metadata": {
                    "trials": 1
                }
            },
            {
                "query": {
                    "x1": -0.7177133695171765,
                    "x2": -0.054156963436506445
                },
                "metrics": {
                    "outcome": -0.42753015550029666
                },
                "metadata": {
                    "trials": 1
                }
            }
        ],
        [
            {
                "query": {
                    "x1": -0.704537261426883,
                    "x2": -0.0008173696544004905
                },
                "metrics": {
                    "outcome": -0.42887598578244
                },
                "metadata": {
                    "trials": 1
                }
            },
            {
                "query": {
                    "x1": -0.7136951962091109,
                    "x2": 0.05288478687860332
                },
                "metrics": {
                    "outcome": -0.4276471079522
                },
                "metadata": {
                    "trials": 1
                }
            },
            {
                "query": {
                    "x1": -0.7175724717759167,
                    "x2": -0.05364659488995449
                },
                "metrics": {
                    "outcome": -0.4275561988771728
                },
                "metadata": {
                    "trials": 1
                }
            }
        ],
        [
            {
                "query": {
                    "x1": -0.7043797074665885,
                    "x2": -0.0008087947406103524
                },
                "metrics": {
                    "outcome": -0.4288752746241148
                },
                "metadata": {
                    "trials": 1
                }
            },
            {
                "query": {
                    "x1": -0.7138542167875803,
                    "x2": 0.05238968060006366
                },
                "metrics": {
                    "outcome": -0.4276675929583515
                },
                "metadata": {
                    "trials": 1
                }
            },
            {
                "query": {
                    "x1": -0.717306678442861,
                    "x2": -0.053206874151304095
                },
                "metrics": {
                    "outcome": -0.42758095173028954
                },
                "metadata": {
                    "trials": 1
                }
            }
        ],
        [
            {
                "query": {
                    "x1": -0.7042550348956889,
                    "x2": -0.0007992917483516937
                },
                "metrics": {
                    "outcome": -0.42887468340919704
                },
                "metadata": {
                    "trials": 1
                }
            },
            {
                "query": {
                    "x1": -0.713936093981353,
                    "x2": 0.05193196932064614
                },
                "metrics": {
                    "outcome": -0.427687067893191
                },
                "metadata": {
                    "trials": 1
                }
            },
            {
                "query": {
                    "x1": -0.7099554714118634,
                    "x2": -0.05402214744659761
                },
                "metrics": {
                    "outcome": -0.42762519014227524
                },
                "metadata": {
                    "trials": 1
                }
            }
        ],
        [
            {
                "query": {
                    "x1": -0.7042259525820584,
                    "x2": -0.0007541332583442806
                },
                "metrics": {
                    "outcome": -0.4288745702028915
                },
                "metadata": {
                    "trials": 1
                }
            },
            {
                "query": {
                    "x1": -0.7139380282682488,
                    "x2": 0.05141195540747656
                },
                "metrics": {
                    "outcome": -0.4277100300379909
                },
                "metadata": {
                    "trials": 1
                }
            },
            {
                "query": {
                    "x1": -0.7186209243055504,
                    "x2": -0.05176680366218056
                },
                "metrics": {
                    "outcome": -0.427621371318225
                },
                "metadata": {
                    "trials": 1
                }
            }
        ],
        [
            {
                "query": {
                    "x1": -0.7041446432116998,
                    "x2": -0.0007505798163938149
                },
                "metrics": {
                    "outcome": -0.42887416414459684
                },
                "metadata": {
                    "trials": 1
                }
            },
            {
                "query": {
                    "x1": -0.7138843628384437,
                    "x2": 0.05103283091437749
                },
                "metrics": {
                    "outcome": -0.42772726411146234
                },
                "metadata": {
                    "trials": 1
                }
            },
            {
                "query": {
                    "x1": -0.7177737480063151,
                    "x2": -0.05158476916982435
                },
                "metrics": {
                    "outcome": -0.4276453640544493
                },
                "metadata": {
                    "trials": 1
                }
            }
        ],
        [
            {
                "query": {
                    "x1": -0.7040759523525222,
                    "x2": -0.0007417589570317684
                },
                "metrics": {
                    "outcome": -0.4288738159365052
                },
                "metadata": {
                    "trials": 1
                }
            },
            {
                "query": {
                    "x1": -0.7138564251372828,
                    "x2": 0.05066497541258652
                },
                "metrics": {
                    "outcome": -0.42774358750310554
                },
                "metadata": {
                    "trials": 1
                }
            },
            {
                "query": {
                    "x1": -0.7010737467828863,
                    "x2": -0.05289392068406373
                },
                "metrics": {
                    "outcome": -0.4276524865605963
                },
                "metadata": {
                    "trials": 1
                }
            }
        ],
        [
            {
                "query": {
                    "x1": -0.7043216818447806,
                    "x2": -0.0006614848786388183
                },
                "metrics": {
                    "outcome": -0.4288750926268808
                },
                "metadata": {
                    "trials": 1
                }
            },
            {
                "query": {
                    "x1": -0.7127081064106715,
                    "x2": 0.050166171737702214
                },
                "metrics": {
                    "outcome": -0.42777718273628607
                },
                "metadata": {
                    "trials": 1
                }
            },
            {
                "query": {
                    "x1": -0.7014751526992402,
                    "x2": -0.05201745815560743
                },
                "metrics": {
                    "outcome": -0.4276958332093015
                },
                "metadata": {
                    "trials": 1
                }
            }
        ],
        [
            {
                "query": {
                    "x1": -0.7045228369424299,
                    "x2": -0.0005983730988354807
                },
                "metrics": {
                    "outcome": -0.42887605487384706
                },
                "metadata": {
                    "trials": 1
                }
            },
            {
                "query": {
                    "x1": -0.7114449782101018,
                    "x2": 0.049723158752181806
                },
                "metrics": {
                    "outcome": -0.4278068175836143
                },
                "metadata": {
                    "trials": 1
                }
            },
            {
                "query": {
                    "x1": -0.7018828839215889,
                    "x2": -0.05125326829959387
                },
                "metrics": {
                    "outcome": -0.42773338867760563
                },
                "metadata": {
                    "trials": 1
                }
            }
        ],
        [
            {
                "query": {
                    "x1": -0.7046932833978452,
                    "x2": -0.000548671133791423
                },
                "metrics": {
                    "outcome": -0.42887681125095267
                },
                "metadata": {
                    "trials": 1
                }
            },
            {
                "query": {
                    "x1": -0.709975475927042,
                    "x2": 0.04932197422174056
                },
                "metrics": {
                    "outcome": -0.427832855567383
                },
                "metadata": {
                    "trials": 1
                }
            },
            {
                "query": {
                    "x1": -0.717181022696955,
                    "x2": -0.04906938988528986
                },
                "metrics": {
                    "outcome": -0.4277640920289161
                },
                "metadata": {
                    "trials": 1
                }
            }
        ],
        [
            {
                "query": {
                    "x1": -0.7045931294716195,
                    "x2": -0.0005530015912549313
                },
                "metrics": {
                    "outcome": -0.4288763851864964
                },
                "metadata": {
                    "trials": 1
                }
            },
            {
                "query": {
                    "x1": -0.7113296458651936,
                    "x2": 0.04883852248941345
                },
                "metrics": {
                    "outcome": -0.4278449625529902
                },
                "metadata": {
                    "trials": 1
                }
            },
            {
                "query": {
                    "x1": -0.7020479329049665,
                    "x2": -0.050274696916489114
                },
                "metrics": {
                    "outcome": -0.42777734443672055
                },
                "metadata": {
                    "trials": 1
                }
            }
        ],
        [
            {
                "query": {
                    "x1": -0.7047473986981945,
                    "x2": -0.0005104471281698331
                },
                "metrics": {
                    "outcome": -0.42887705053431435
                },
                "metadata": {
                    "trials": 1
                }
            },
            {
                "query": {
                    "x1": -0.7093034498515947,
                    "x2": 0.0485430210202038
                },
                "metrics": {
                    "outcome": -0.4278683792101176
                },
                "metadata": {
                    "trials": 1
                }
            },
            {
                "query": {
                    "x1": -0.7170716208707413,
                    "x2": -0.048167153108775285
                },
                "metrics": {
                    "outcome": -0.42780348423312514
                },
                "metadata": {
                    "trials": 1
                }
            }
        ],
        [
            {
                "query": {
                    "x1": -0.7046547139065851,
                    "x2": -0.0005151957487081749
                },
                "metrics": {
                    "outcome": -0.4288766652787767
                },
                "metadata": {
                    "trials": 1
                }
            },
            {
                "query": {
                    "x1": -0.7115687712776861,
                    "x2": 0.04798656302027826
                },
                "metrics": {
                    "outcome": -0.42787848559970704
                },
                "metadata": {
                    "trials": 1
                }
            },
            {
                "query": {
                    "x1": -0.7168522357215057,
                    "x2": -0.04792283457092572
                },
                "metrics": {
                    "outcome": -0.42781720214981134
                },
                "metadata": {
                    "trials": 1
                }
            }
        ],
        [
            {
                "query": {
                    "x1": -0.7045663245761293,
                    "x2": -0.0005147430429615074
                },
                "metrics": {
                    "outcome": -0.42887628629394725
                },
                "metadata": {
                    "trials": 1
                }
            },
            {
                "query": {
                    "x1": -0.7125215889274685,
                    "x2": 0.04757645553493495
                },
                "metrics": {
                    "outcome": -0.42788722938716345
                },
                "metadata": {
                    "trials": 1
                }
            },
            {
                "query": {
                    "x1": -0.7020591667666363,
                    "x2": -0.049144570266705934
                },
                "metrics": {
                    "outcome": -0.427825508139291
                },
                "metadata": {
                    "trials": 1
                }
            }
        ]
    ],
    "best_results": [
        {
            "query": {
                "x1": -0.707103075844542,
                "x2": -0.0011563708958246544
            },
            "metrics": [
                {
                    "name": "outcome",
                    "value": -0.4288813689707506
                }
            ]
        }
    ]
}