{
    "date": "04/11/2022 16:34:38",
    "basic_params": {
        "active_variables": [
            "x1",
            "x2"
        ],
        "default_query": {},
        "metric": "basic",
        "n_trials": 1
    },
    "objective_function": {
        "name": "McCormick",
        "params": {}
    },
    "optimizer": {
        "name": "BBO-LP(LCBa)-FoD",
        "params": {
            "lower_bound": [
                -1.5,
                -3.0
            ],
            "upper_bound": [
                4.0,
                4.0
            ],
            "invert_metric": false,
            "bopt_params": {
                "n_init_samples": 15,
                "n_iterations": 45,
                "n_iter_relearn": 5,
                "verbose_level": 0,
                "n_parallel_samples": 3,
                "fixed_dataset_size": 50,
                "par_type": "PAR_BBO",
                "crit_name": "cLP(cLCBa)",
                "n_crit_params": 3,
                "crit_params": [
                    3,
                    1,
                    5.0
                ]
            }
        }
    },
    "iterations": [
        [
            {
                "query": {
                    "x1": 3.1063771702737233,
                    "x2": 0.6630878915699818
                },
                "metrics": {
                    "outcome": 3.3803921997856134
                },
                "metadata": {
                    "trials": 1
                }
            }
        ],
        [
            {
                "query": {
                    "x1": 3.496658471684592,
                    "x2": 3.2928708744080115
                },
                "metrics": {
                    "outcome": 4.513702134831391
                },
                "metadata": {
                    "trials": 1
                }
            }
        ],
        [
            {
                "query": {
                    "x1": 0.8474486515314008,
                    "x2": 1.3321967650049675
                },
                "metrics": {
                    "outcome": 4.114606462617494
                },
                "metadata": {
                    "trials": 1
                }
            }
        ],
        [
            {
                "query": {
                    "x1": 2.1840013365183646,
                    "x2": -2.5169835273952534
                },
                "metrics": {
                    "outcome": 13.203935005351374
                },
                "metadata": {
                    "trials": 1
                }
            }
        ],
        [
            {
                "query": {
                    "x1": -0.3887260041665286,
                    "x2": 3.0584831198677422
                },
                "metrics": {
                    "outcome": 21.567069579645754
                },
                "metadata": {
                    "trials": 1
                }
            }
        ],
        [
            {
                "query": {
                    "x1": 3.8232190628691267,
                    "x2": 0.026440292348464567
                },
                "metrics": {
                    "outcome": 9.096434754849854
                },
                "metadata": {
                    "trials": 1
                }
            }
        ],
        [
            {
                "query": {
                    "x1": -1.343203324560697,
                    "x2": -2.7561836200145384
                },
                "metrics": {
                    "outcome": -1.0612161894760828
                },
                "metadata": {
                    "trials": 1
                }
            }
        ],
        [
            {
                "query": {
                    "x1": 2.7854572599210465,
                    "x2": -1.9294115412359436
                },
                "metrics": {
                    "outcome": 14.98352979254678
                },
                "metadata": {
                    "trials": 1
                }
            }
        ],
        [
            {
                "query": {
                    "x1": 1.6337199839142462,
                    "x2": 2.531184355386843
                },
                "metrics": {
                    "outcome": 4.828986640976458
                },
                "metadata": {
                    "trials": 1
                }
            }
        ],
        [
            {
                "query": {
                    "x1": -0.8255257852530729,
                    "x2": 0.7955023473128682
                },
                "metrics": {
                    "outcome": 6.824757825143824
                },
                "metadata": {
                    "trials": 1
                }
            }
        ],
        [
            {
                "query": {
                    "x1": 0.0572419072423751,
                    "x2": -1.3998265089311948
                },
                "metrics": {
                    "outcome": -1.4364532881941354
                },
                "metadata": {
                    "trials": 1
                }
            }
        ],
        [
            {
                "query": {
                    "x1": -0.5186158439222103,
                    "x2": 3.563413071849694
                },
                "metrics": {
                    "outcome": 27.446060859386712
                },
                "metadata": {
                    "trials": 1
                }
            }
        ],
        [
            {
                "query": {
                    "x1": 1.8828654525258268,
                    "x2": -0.2528893031645567
                },
                "metrics": {
                    "outcome": 3.1031763250683406
                },
                "metadata": {
                    "trials": 1
                }
            }
        ],
        [
            {
                "query": {
                    "x1": 1.0754096594173461,
                    "x2": -0.6777770661904166
                },
                "metrics": {
                    "outcome": 1.1533432672856807
                },
                "metadata": {
                    "trials": 1
                }
            }
        ],
        [
            {
                "query": {
                    "x1": 0.6137571595298748,
                    "x2": 1.7781285609118642
                },
                "metrics": {
                    "outcome": 6.56187072034175
                },
                "metadata": {
                    "trials": 1
                }
            }
        ],
        [
            {
                "query": {
                    "x1": -0.3964543992013514,
                    "x2": -2.2595862673899507
                },
                "metrics": {
                    "outcome": -1.0497203288821542
                },
                "metadata": {
                    "trials": 1
                }
            },
            {
                "query": {
                    "x1": -0.4460651455253015,
                    "x2": -2.4295600539489515
                },
                "metrics": {
                    "outcome": -0.7333931929883448
                },
                "metadata": {
                    "trials": 1
                }
            },
            {
                "query": {
                    "x1": -0.4557903126418521,
                    "x2": -2.097476421999805
                },
                "metrics": {
                    "outcome": -1.419841486280435
                },
                "metadata": {
                    "trials": 1
                }
            }
        ],
        [
            {
                "query": {
                    "x1": -1.2059084704170997,
                    "x2": -1.6959429353160784
                },
                "metrics": {
                    "outcome": -1.4283121385653006
                },
                "metadata": {
                    "trials": 1
                }
            },
            {
                "query": {
                    "x1": -1.352969165526393,
                    "x2": -1.6999872292488964
                },
                "metrics": {
                    "outcome": -1.1886130325635311
                },
                "metadata": {
                    "trials": 1
                }
            },
            {
                "query": {
                    "x1": -1.0781902765888673,
                    "x2": -1.619319244012836
                },
                "metrics": {
                    "outcome": -1.567822261305472
                },
                "metadata": {
                    "trials": 1
                }
            }
        ],
        [
            {
                "query": {
                    "x1": -0.4435026347488411,
                    "x2": -1.2160553038406512
                },
                "metrics": {
                    "outcome": -1.7741099547771562
                },
                "metadata": {
                    "trials": 1
                }
            },
            {
                "query": {
                    "x1": -0.4116967833523377,
                    "x2": -1.099724451881473
                },
                "metrics": {
                    "outcome": -1.6566216990560658
                },
                "metadata": {
                    "trials": 1
                }
            },
            {
                "query": {
                    "x1": -0.45828608923143066,
                    "x2": -1.3359566779844578
                },
                "metrics": {
                    "outcome": -1.8572964383518196
                },
                "metadata": {
                    "trials": 1
                }
            }
        ],
        [
            {
                "query": {
                    "x1": 0.41316161312554667,
                    "x2": -3.0
                },
                "metrics": {
                    "outcome": 4.003195342156575
                },
                "metadata": {
                    "trials": 1
                }
            },
            {
                "query": {
                    "x1": 0.43180861811699844,
                    "x2": -2.4654588112965286
                },
                "metrics": {
                    "outcome": 1.6880167204285046
                },
                "metadata": {
                    "trials": 1
                }
            },
            {
                "query": {
                    "x1": 0.4424048571125643,
                    "x2": -2.180153642969352
                },
                "metrics": {
                    "outcome": 0.7777259138219899
                },
                "metadata": {
                    "trials": 1
                }
            }
        ],
        [
            {
                "query": {
                    "x1": 0.27789937807870135,
                    "x2": -0.5696222676590552
                },
                "metrics": {
                    "outcome": -0.410214544545459
                },
                "metadata": {
                    "trials": 1
                }
            },
            {
                "query": {
                    "x1": 0.3236785084783811,
                    "x2": -0.3599482766251074
                },
                "metrics": {
                    "outcome": 0.04569531048381026
                },
                "metadata": {
                    "trials": 1
                }
            },
            {
                "query": {
                    "x1": 0.30701088693914547,
                    "x2": -0.782185441497282
                },
                "metrics": {
                    "outcome": -0.6871249625813838
                },
                "metadata": {
                    "trials": 1
                }
            }
        ],
        [
            {
                "query": {
                    "x1": -1.5,
                    "x2": -0.7620857421471747
                },
                "metrics": {
                    "outcome": 1.1188784832986833
                },
                "metadata": {
                    "trials": 1
                }
            },
            {
                "query": {
                    "x1": -1.2912307694556766,
                    "x2": -0.7925702560509693
                },
                "metrics": {
                    "outcome": 0.33280907703634544
                },
                "metadata": {
                    "trials": 1
                }
            },
            {
                "query": {
                    "x1": -1.5,
                    "x2": -2.2943639832957627
                },
                "metrics": {
                    "outcome": -1.2475055306860523
                },
                "metadata": {
                    "trials": 1
                }
            }
        ],
        [
            {
                "query": {
                    "x1": 4.0,
                    "x2": 1.8319249778506403
                },
                "metrics": {
                    "outcome": 3.8442616980476076
                },
                "metadata": {
                    "trials": 1
                }
            },
            {
                "query": {
                    "x1": 3.6748394826142956,
                    "x2": 1.8039216775213145
                },
                "metrics": {
                    "outcome": 2.7774470099442694
                },
                "metadata": {
                    "trials": 1
                }
            },
            {
                "query": {
                    "x1": 3.3503191237512597,
                    "x2": 1.7761700199640647
                },
                "metrics": {
                    "outcome": 1.9774130101951277
                },
                "metadata": {
                    "trials": 1
                }
            }
        ],
        [
            {
                "query": {
                    "x1": -0.9924233149206885,
                    "x2": -2.217209421430381
                },
                "metrics": {
                    "outcome": -1.4862999776432604
                },
                "metadata": {
                    "trials": 1
                }
            },
            {
                "query": {
                    "x1": -0.939688237347619,
                    "x2": -2.1485557451810275
                },
                "metrics": {
                    "outcome": -1.5538197243272522
                },
                "metadata": {
                    "trials": 1
                }
            },
            {
                "query": {
                    "x1": -1.0417803217440742,
                    "x2": -2.289418701626373
                },
                "metrics": {
                    "outcome": -1.4158024106818257
                },
                "metadata": {
                    "trials": 1
                }
            }
        ],
        [
            {
                "query": {
                    "x1": -0.4196804792207849,
                    "x2": -1.6959003140068774
                },
                "metrics": {
                    "outcome": -1.836732006902257
                },
                "metadata": {
                    "trials": 1
                }
            },
            {
                "query": {
                    "x1": -0.4812165916825222,
                    "x2": -1.697991505157672
                },
                "metrics": {
                    "outcome": -1.8631695142607643
                },
                "metadata": {
                    "trials": 1
                }
            },
            {
                "query": {
                    "x1": -0.36024566952219916,
                    "x2": -1.6954578618238707
                },
                "metrics": {
                    "outcome": -1.800202759118804
                },
                "metadata": {
                    "trials": 1
                }
            }
        ],
        [
            {
                "query": {
                    "x1": 2.1329090539339663,
                    "x2": 1.1196208879140626
                },
                "metrics": {
                    "outcome": 1.5157316704202266
                },
                "metadata": {
                    "trials": 1
                }
            },
            {
                "query": {
                    "x1": -0.8230192813487796,
                    "x2": -1.238229634311195
                },
                "metrics": {
                    "outcome": -1.5707652947613684
                },
                "metadata": {
                    "trials": 1
                }
            },
            {
                "query": {
                    "x1": -0.7649193588820279,
                    "x2": -1.268214693484471
                },
                "metrics": {
                    "outcome": -1.664863722739447
                },
                "metadata": {
                    "trials": 1
                }
            }
        ],
        [
            {
                "query": {
                    "x1": -0.9303970919693187,
                    "x2": -3.0
                },
                "metrics": {
                    "outcome": -0.11163689062295035
                },
                "metadata": {
                    "trials": 1
                }
            },
            {
                "query": {
                    "x1": -0.48900870983241407,
                    "x2": -0.5693693028990285
                },
                "metrics": {
                    "outcome": -0.5550137584660984
                },
                "metadata": {
                    "trials": 1
                }
            },
            {
                "query": {
                    "x1": -0.7833914747265197,
                    "x2": -3.0
                },
                "metrics": {
                    "outcome": 0.18707786760255019
                },
                "metadata": {
                    "trials": 1
                }
            }
        ],
        [
            {
                "query": {
                    "x1": -0.8209209831284344,
                    "x2": -1.7897680300498324
                },
                "metrics": {
                    "outcome": -1.8106868021379685
                },
                "metadata": {
                    "trials": 1
                }
            },
            {
                "query": {
                    "x1": -0.8604019488586453,
                    "x2": -1.8002768538544194
                },
                "metrics": {
                    "outcome": -1.7893139380024716
                },
                "metadata": {
                    "trials": 1
                }
            },
            {
                "query": {
                    "x1": -0.7807044439897434,
                    "x2": -1.7924756947533484
                },
                "metrics": {
                    "outcome": -1.8247463710580356
                },
                "metadata": {
                    "trials": 1
                }
            }
        ],
        [
            {
                "query": {
                    "x1": -0.6260969126499075,
                    "x2": -1.5407049240384278
                },
                "metrics": {
                    "outcome": -1.9036936098119028
                },
                "metadata": {
                    "trials": 1
                }
            },
            {
                "query": {
                    "x1": -0.5994200199389076,
                    "x2": -1.5366184991880385
                },
                "metrics": {
                    "outcome": -1.9085341306038064
                },
                "metadata": {
                    "trials": 1
                }
            },
            {
                "query": {
                    "x1": -0.6523835416739509,
                    "x2": -1.5456713960263684
                },
                "metrics": {
                    "outcome": -1.897279531877225
                },
                "metadata": {
                    "trials": 1
                }
            }
        ],
        [
            {
                "query": {
                    "x1": 4.0,
                    "x2": 3.999999999999999
                },
                "metrics": {
                    "outcome": 5.989358246623381
                },
                "metadata": {
                    "trials": 1
                }
            },
            {
                "query": {
                    "x1": 3.6599534631901136,
                    "x2": 4.0
                },
                "metrics": {
                    "outcome": 6.606936966634659
                },
                "metadata": {
                    "trials": 1
                }
            },
            {
                "query": {
                    "x1": 3.858759659881807,
                    "x2": 3.6224240479354037
                },
                "metrics": {
                    "outcome": 5.25508707583102
                },
                "metadata": {
                    "trials": 1
                }
            }
        ],
        [
            {
                "query": {
                    "x1": 4.0,
                    "x2": 0.3799528510976131
                },
                "metrics": {
                    "outcome": 8.109373361672482
                },
                "metadata": {
                    "trials": 1
                }
            },
            {
                "query": {
                    "x1": -0.3281647990456098,
                    "x2": -1.4752467174838868
                },
                "metrics": {
                    "outcome": -1.8531395291828132
                },
                "metadata": {
                    "trials": 1
                }
            },
            {
                "query": {
                    "x1": -0.3610041610560146,
                    "x2": -1.4932683288132822
                },
                "metrics": {
                    "outcome": -1.869731411255049
                },
                "metadata": {
                    "trials": 1
                }
            }
        ],
        [
            {
                "query": {
                    "x1": 4.0,
                    "x2": -3.0
                },
                "metrics": {
                    "outcome": 37.3414709848079
                },
                "metadata": {
                    "trials": 1
                }
            },
            {
                "query": {
                    "x1": 3.6383679817596626,
                    "x2": -3.0
                },
                "metrics": {
                    "outcome": 32.70626310033855
                },
                "metadata": {
                    "trials": 1
                }
            },
            {
                "query": {
                    "x1": 4.0,
                    "x2": -2.549118966259167
                },
                "metrics": {
                    "outcome": 32.51098059131511
                },
                "metadata": {
                    "trials": 1
                }
            }
        ],
        [
            {
                "query": {
                    "x1": -1.5,
                    "x2": 4.0
                },
                "metrics": {
                    "outcome": 44.09847214410396
                },
                "metadata": {
                    "trials": 1
                }
            },
            {
                "query": {
                    "x1": -1.2930693516508467,
                    "x2": 4.0
                },
                "metrics": {
                    "outcome": 41.377291048841485
                },
                "metadata": {
                    "trials": 1
                }
            },
            {
                "query": {
                    "x1": -1.5,
                    "x2": 3.742374012958515
                },
                "metrics": {
                    "outcome": 40.871261293924235
                },
                "metadata": {
                    "trials": 1
                }
            }
        ],
        [
            {
                "query": {
                    "x1": 1.5097477720950954,
                    "x2": 2.970147368405362
                },
                "metrics": {
                    "outcome": 7.320418915349809
                },
                "metadata": {
                    "trials": 1
                }
            },
            {
                "query": {
                    "x1": 1.5382964046094068,
                    "x2": 3.200563416390331
                },
                "metrics": {
                    "outcome": 8.457445884760876
                },
                "metadata": {
                    "trials": 1
                }
            },
            {
                "query": {
                    "x1": 1.4178522037911447,
                    "x2": 2.7698213119483324
                },
                "metrics": {
                    "outcome": 6.760128924182801
                },
                "metadata": {
                    "trials": 1
                }
            }
        ],
        [
            {
                "query": {
                    "x1": -1.057259780536374,
                    "x2": 0.8373357553755301
                },
                "metrics": {
                    "outcome": 8.050565825141337
                },
                "metadata": {
                    "trials": 1
                }
            },
            {
                "query": {
                    "x1": 1.648252582031216,
                    "x2": -0.5834054256929115
                },
                "metrics": {
                    "outcome": 2.9241198906931807
                },
                "metadata": {
                    "trials": 1
                }
            },
            {
                "query": {
                    "x1": -1.2446045297164559,
                    "x2": 0.8326379635998156
                },
                "metrics": {
                    "outcome": 8.863025944843184
                },
                "metadata": {
                    "trials": 1
                }
            }
        ],
        [
            {
                "query": {
                    "x1": 0.8475545812655287,
                    "x2": 0.8899887585920565
                },
                "metrics": {
                    "outcome": 2.941570583210746
                },
                "metadata": {
                    "trials": 1
                }
            },
            {
                "query": {
                    "x1": 0.6822629568273331,
                    "x2": 0.9598054865937575
                },
                "metrics": {
                    "outcome": 3.450610354732175
                },
                "metadata": {
                    "trials": 1
                }
            },
            {
                "query": {
                    "x1": 1.0067462242016165,
                    "x2": 0.8038049473627513
                },
                "metrics": {
                    "outcome": 2.5119744136538333
                },
                "metadata": {
                    "trials": 1
                }
            }
        ],
        [
            {
                "query": {
                    "x1": -1.5,
                    "x2": -1.615721064124257
                },
                "metrics": {
                    "outcome": -0.8017799990461376
                },
                "metadata": {
                    "trials": 1
                }
            },
            {
                "query": {
                    "x1": 0.923132857118528,
                    "x2": -1.463265749119689
                },
                "metrics": {
                    "outcome": 1.1377846796427264
                },
                "metadata": {
                    "trials": 1
                }
            },
            {
                "query": {
                    "x1": 1.0523408890694776,
                    "x2": -1.5221794425853388
                },
                "metrics": {
                    "outcome": 1.7914526591245008
                },
                "metadata": {
                    "trials": 1
                }
            }
        ],
        [
            {
                "query": {
                    "x1": 0.6374479395563215,
                    "x2": -3.0
                },
                "metrics": {
                    "outcome": 5.0722585633346835
                },
                "metadata": {
                    "trials": 1
                }
            },
            {
                "query": {
                    "x1": 0.7979127534714654,
                    "x2": -3.0
                },
                "metrics": {
                    "outcome": 5.920005856122845
                },
                "metadata": {
                    "trials": 1
                }
            },
            {
                "query": {
                    "x1": 0.4793586121886948,
                    "x2": -3.0
                },
                "metrics": {
                    "outcome": 4.305089321675638
                },
                "metadata": {
                    "trials": 1
                }
            }
        ],
        [
            {
                "query": {
                    "x1": 0.3366009795660767,
                    "x2": -0.6257592055409793
                },
                "metrics": {
                    "outcome": -0.42830785640774716
                },
                "metadata": {
                    "trials": 1
                }
            },
            {
                "query": {
                    "x1": 0.25866845140827777,
                    "x2": -0.7235474610409396
                },
                "metrics": {
                    "outcome": -0.6804378854105013
                },
                "metadata": {
                    "trials": 1
                }
            },
            {
                "query": {
                    "x1": 0.40735305269712185,
                    "x2": -0.519526291480942
                },
                "metrics": {
                    "outcome": -0.1626781329228657
                },
                "metadata": {
                    "trials": 1
                }
            }
        ],
        [
            {
                "query": {
                    "x1": -1.5,
                    "x2": -2.7188960946224756
                },
                "metrics": {
                    "outcome": -1.1808489099173958
                },
                "metadata": {
                    "trials": 1
                }
            },
            {
                "query": {
                    "x1": -1.5,
                    "x2": -2.6081712189947783
                },
                "metrics": {
                    "outcome": -1.2194378432789321
                },
                "metadata": {
                    "trials": 1
                }
            },
            {
                "query": {
                    "x1": -1.5,
                    "x2": -2.8296533642905413
                },
                "metrics": {
                    "outcome": -1.128508875593905
                },
                "metadata": {
                    "trials": 1
                }
            }
        ],
        [
            {
                "query": {
                    "x1": 4.0,
                    "x2": 2.186537254467292
                },
                "metrics": {
                    "outcome": 3.6584926050651996
                },
                "metadata": {
                    "trials": 1
                }
            },
            {
                "query": {
                    "x1": 3.8052230747359097,
                    "x2": 2.161359939933
                },
                "metrics": {
                    "outcome": 3.0865117169020646
                },
                "metadata": {
                    "trials": 1
                }
            },
            {
                "query": {
                    "x1": 3.5983166610816664,
                    "x2": 2.139168034433485
                },
                "metrics": {
                    "outcome": 2.5605427337349775
                },
                "metadata": {
                    "trials": 1
                }
            }
        ],
        [
            {
                "query": {
                    "x1": -1.5,
                    "x2": -0.7499237743515388
                },
                "metrics": {
                    "outcome": 1.15968383083502
                },
                "metadata": {
                    "trials": 1
                }
            },
            {
                "query": {
                    "x1": -1.5,
                    "x2": -0.9105120513713478
                },
                "metrics": {
                    "outcome": 0.6535414305429426
                },
                "metadata": {
                    "trials": 1
                }
            },
            {
                "query": {
                    "x1": -1.5,
                    "x2": -0.5909546073323804
                },
                "metrics": {
                    "outcome": 1.7312364852471995
                },
                "metadata": {
                    "trials": 1
                }
            }
        ],
        [
            {
                "query": {
                    "x1": 2.324037646943809,
                    "x2": 1.3122688422513136
                },
                "metrics": {
                    "outcome": 1.3435119332504284
                },
                "metadata": {
                    "trials": 1
                }
            },
            {
                "query": {
                    "x1": 0.030962650459327,
                    "x2": -1.9653627128468434
                },
                "metrics": {
                    "outcome": -0.9091570476620872
                },
                "metadata": {
                    "trials": 1
                }
            },
            {
                "query": {
                    "x1": -0.05317343632893334,
                    "x2": -2.0266220358604112
                },
                "metrics": {
                    "outcome": -0.9655282250565365
                },
                "metadata": {
                    "trials": 1
                }
            }
        ],
        [
            {
                "query": {
                    "x1": -0.9850275987542032,
                    "x2": -2.4014618484536046
                },
                "metrics": {
                    "outcome": -1.277371040147591
                },
                "metadata": {
                    "trials": 1
                }
            },
            {
                "query": {
                    "x1": -0.7568901116401785,
                    "x2": -1.0479691108168971
                },
                "metrics": {
                    "outcome": -1.3725927382789438
                },
                "metadata": {
                    "trials": 1
                }
            },
            {
                "query": {
                    "x1": -0.9172410764704217,
                    "x2": -2.387310627979838
                },
                "metrics": {
                    "outcome": -1.2690717083685121
                },
                "metadata": {
                    "trials": 1
                }
            }
        ],
        [
            {
                "query": {
                    "x1": -0.7850983415519,
                    "x2": -3.0
                },
                "metrics": {
                    "outcome": 0.18344053225276014
                },
                "metadata": {
                    "trials": 1
                }
            },
            {
                "query": {
                    "x1": -0.6806808554520506,
                    "x2": -3.0
                },
                "metrics": {
                    "outcome": 0.41361629830768365
                },
                "metadata": {
                    "trials": 1
                }
            },
            {
                "query": {
                    "x1": -0.8893694711690154,
                    "x2": -3.0
                },
                "metrics": {
                    "outcome": -0.031174164993304387
                },
                "metadata": {
                    "trials": 1
                }
            }
        ],
        [
            {
                "query": {
                    "x1": -0.34115957827024634,
                    "x2": -0.4563114036384768
                },
                "metrics": {
                    "outcome": -0.3313710136313639
                },
                "metadata": {
                    "trials": 1
                }
            },
            {
                "query": {
                    "x1": -0.26444509571628805,
                    "x2": -0.36205019163798857
                },
                "metrics": {
                    "outcome": -0.08524032205184406
                },
                "metadata": {
                    "trials": 1
                }
            },
            {
                "query": {
                    "x1": -0.40555029748066174,
                    "x2": -0.5625454969404822
                },
                "metrics": {
                    "outcome": -0.5971985754279188
                },
                "metadata": {
                    "trials": 1
                }
            }
        ],
        [
            {
                "query": {
                    "x1": -0.9489614803377652,
                    "x2": -1.756626610008043
                },
                "metrics": {
                    "outcome": -1.7381225397205737
                },
                "metadata": {
                    "trials": 1
                }
            },
            {
                "query": {
                    "x1": -0.9608817419246068,
                    "x2": -1.6912924729505103
                },
                "metrics": {
                    "outcome": -1.7235214114742976
                },
                "metadata": {
                    "trials": 1
                }
            },
            {
                "query": {
                    "x1": -0.9028794173981077,
                    "x2": -1.7889527782775894
                },
                "metrics": {
                    "outcome": -1.76768664539345
                },
                "metadata": {
                    "trials": 1
                }
            }
        ],
        [
            {
                "query": {
                    "x1": 4.0,
                    "x2": 4.0
                },
                "metrics": {
                    "outcome": 5.9893582466233815
                },
                "metadata": {
                    "trials": 1
                }
            },
            {
                "query": {
                    "x1": 3.8250752753225923,
                    "x2": 4.0
                },
                "metrics": {
                    "outcome": 6.292567986624758
                },
                "metadata": {
                    "trials": 1
                }
            },
            {
                "query": {
                    "x1": 3.7290037520602715,
                    "x2": 0.3548863478697828
                },
                "metrics": {
                    "outcome": 6.869467524542219
                },
                "metadata": {
                    "trials": 1
                }
            }
        ],
        [
            {
                "query": {
                    "x1": -0.22048779623235903,
                    "x2": -1.3908994156727703
                },
                "metrics": {
                    "outcome": -1.7758297890395127
                },
                "metadata": {
                    "trials": 1
                }
            },
            {
                "query": {
                    "x1": -0.17477841099853575,
                    "x2": -1.3840610496053647
                },
                "metrics": {
                    "outcome": -1.735549025006799
                },
                "metadata": {
                    "trials": 1
                }
            },
            {
                "query": {
                    "x1": -0.26599535144097963,
                    "x2": -1.3985276305260763
                },
                "metrics": {
                    "outcome": -1.8103075575438403
                },
                "metadata": {
                    "trials": 1
                }
            }
        ],
        [
            {
                "query": {
                    "x1": 3.9999999999999956,
                    "x2": -3.0
                },
                "metrics": {
                    "outcome": 37.341470984807835
                },
                "metadata": {
                    "trials": 1
                }
            },
            {
                "query": {
                    "x1": 4.0,
                    "x2": -2.491091590879247
                },
                "metrics": {
                    "outcome": 31.904626617970763
                },
                "metadata": {
                    "trials": 1
                }
            },
            {
                "query": {
                    "x1": 3.6004170324267797,
                    "x2": -3.0
                },
                "metrics": {
                    "outcome": 32.22986606930863
                },
                "metadata": {
                    "trials": 1
                }
            }
        ],
        [
            {
                "query": {
                    "x1": -1.5,
                    "x2": 4.0
                },
                "metrics": {
                    "outcome": 44.09847214410396
                },
                "metadata": {
                    "trials": 1
                }
            },
            {
                "query": {
                    "x1": -1.295804510948598,
                    "x2": 3.999999999999999
                },
                "metrics": {
                    "outcome": 41.41283528980203
                },
                "metadata": {
                    "trials": 1
                }
            },
            {
                "query": {
                    "x1": -1.5,
                    "x2": 3.745076344231986
                },
                "metrics": {
                    "outcome": 40.90467338131774
                },
                "metadata": {
                    "trials": 1
                }
            }
        ],
        [
            {
                "query": {
                    "x1": 1.745041249312226,
                    "x2": 2.7639493020840744
                },
                "metrics": {
                    "outcome": 5.351099245262807
                },
                "metadata": {
                    "trials": 1
                }
            },
            {
                "query": {
                    "x1": 1.7039643590704618,
                    "x2": 2.977753780219442
                },
                "metrics": {
                    "outcome": 6.511447714750292
                },
                "metadata": {
                    "trials": 1
                }
            },
            {
                "query": {
                    "x1": 1.5752780965339985,
                    "x2": 2.787578120928764
                },
                "metrics": {
                    "outcome": 6.136166681794733
                },
                "metadata": {
                    "trials": 1
                }
            }
        ],
        [
            {
                "query": {
                    "x1": 1.8086052157640444,
                    "x2": -0.2748703610584289
                },
                "metrics": {
                    "outcome": 2.9401000551735814
                },
                "metadata": {
                    "trials": 1
                }
            },
            {
                "query": {
                    "x1": -1.5,
                    "x2": 1.084143741354091
                },
                "metrics": {
                    "outcome": 12.234184870618593
                },
                "metadata": {
                    "trials": 1
                }
            },
            {
                "query": {
                    "x1": 1.654132373832458,
                    "x2": -0.3438915274993959
                },
                "metrics": {
                    "outcome": 2.617419156620411
                },
                "metadata": {
                    "trials": 1
                }
            }
        ],
        [
            {
                "query": {
                    "x1": 0.9898488563556422,
                    "x2": 0.9966747830924985
                },
                "metrics": {
                    "outcome": 2.9217830998152587
                },
                "metadata": {
                    "trials": 1
                }
            },
            {
                "query": {
                    "x1": 0.820759472160963,
                    "x2": 0.9549033297279772
                },
                "metrics": {
                    "outcome": 3.153201847678974
                },
                "metadata": {
                    "trials": 1
                }
            },
            {
                "query": {
                    "x1": 1.157267956625196,
                    "x2": 1.0435579084910431
                },
                "metrics": {
                    "outcome": 2.693932916948955
                },
                "metadata": {
                    "trials": 1
                }
            }
        ],
        [
            {
                "query": {
                    "x1": 1.0008016991395143,
                    "x2": -1.3788926598186841
                },
                "metrics": {
                    "outcome": 1.3453641065136916
                },
                "metadata": {
                    "trials": 1
                }
            },
            {
                "query": {
                    "x1": 1.143300700500956,
                    "x2": -1.4113427180697868
                },
                "metrics": {
                    "outcome": 2.01805126999246
                },
                "metadata": {
                    "trials": 1
                }
            },
            {
                "query": {
                    "x1": 0.8598965983507285,
                    "x2": -1.3492483518215976
                },
                "metrics": {
                    "outcome": 0.7473018136777556
                },
                "metadata": {
                    "trials": 1
                }
            }
        ],
        [
            {
                "query": {
                    "x1": 0.8959591892712302,
                    "x2": -3.0
                },
                "metrics": {
                    "outcome": 6.473396883212537
                },
                "metadata": {
                    "trials": 1
                }
            },
            {
                "query": {
                    "x1": 1.066977868783003,
                    "x2": -3.0
                },
                "metrics": {
                    "outcome": 7.5047317695286395
                },
                "metadata": {
                    "trials": 1
                }
            },
            {
                "query": {
                    "x1": 0.7256521672378415,
                    "x2": -3.0
                },
                "metrics": {
                    "outcome": 5.529456394800121
                },
                "metadata": {
                    "trials": 1
                }
            }
        ],
        [
            {
                "query": {
                    "x1": 0.37393842480395545,
                    "x2": -0.6767342441783111
                },
                "metrics": {
                    "outcome": -0.44702018677067956
                },
                "metadata": {
                    "trials": 1
                }
            },
            {
                "query": {
                    "x1": 0.28413832694387087,
                    "x2": -0.7279378979844018
                },
                "metrics": {
                    "outcome": -0.6511280007397646
                },
                "metadata": {
                    "trials": 1
                }
            },
            {
                "query": {
                    "x1": 0.4617632711143087,
                    "x2": -0.6214485865558466
                },
                "metrics": {
                    "outcome": -0.23192597801310133
                },
                "metadata": {
                    "trials": 1
                }
            }
        ],
        [
            {
                "query": {
                    "x1": -1.5,
                    "x2": -2.0851831214164864
                },
                "metrics": {
                    "outcome": -1.1913333236138142
                },
                "metadata": {
                    "trials": 1
                }
            },
            {
                "query": {
                    "x1": -1.5,
                    "x2": -2.178926025811072
                },
                "metrics": {
                    "outcome": -1.2245275394207447
                },
                "metadata": {
                    "trials": 1
                }
            },
            {
                "query": {
                    "x1": -1.5,
                    "x2": -1.9922142890019445
                },
                "metrics": {
                    "outcome": -1.1447791276989125
                },
                "metadata": {
                    "trials": 1
                }
            }
        ],
        [
            {
                "query": {
                    "x1": 4.0,
                    "x2": 2.1675122369225264
                },
                "metrics": {
                    "outcome": 3.661376707300455
                },
                "metadata": {
                    "trials": 1
                }
            },
            {
                "query": {
                    "x1": 3.806726561127612,
                    "x2": 2.1665685444736145
                },
                "metrics": {
                    "outcome": 3.0914957692050344
                },
                "metadata": {
                    "trials": 1
                }
            },
            {
                "query": {
                    "x1": 3.6127319159827547,
                    "x2": 2.1655562731884794
                },
                "metrics": {
                    "outcome": 2.6053927520234184
                },
                "metadata": {
                    "trials": 1
                }
            }
        ],
        [
            {
                "query": {
                    "x1": -1.5,
                    "x2": -0.8612768585377912
                },
                "metrics": {
                    "outcome": 0.801271217988293
                },
                "metadata": {
                    "trials": 1
                }
            },
            {
                "query": {
                    "x1": -1.5,
                    "x2": -1.0139147073246673
                },
                "metrics": {
                    "outcome": 0.3642252554227301
                },
                "metadata": {
                    "trials": 1
                }
            },
            {
                "query": {
                    "x1": -1.5,
                    "x2": -0.7089345034725993
                },
                "metrics": {
                    "outcome": 1.3002421216584017
                },
                "metadata": {
                    "trials": 1
                }
            }
        ],
        [
            {
                "query": {
                    "x1": -0.09903637603861837,
                    "x2": -2.018722674109685
                },
                "metrics": {
                    "outcome": -1.0671647712596313
                },
                "metadata": {
                    "trials": 1
                }
            },
            {
                "query": {
                    "x1": -0.007080386768970159,
                    "x2": -1.9989862286729756
                },
                "metrics": {
                    "outcome": -0.9259122152450372
                },
                "metadata": {
                    "trials": 1
                }
            },
            {
                "query": {
                    "x1": -0.19010368193000637,
                    "x2": -2.040260087114066
                },
                "metrics": {
                    "outcome": -1.1826733372759062
                },
                "metadata": {
                    "trials": 1
                }
            }
        ]
    ],
    "best_results": [
        {
            "query": {
                "x1": -0.5994200199389076,
                "x2": -1.5366184991880385
            },
            "metrics": [
                {
                    "name": "outcome",
                    "value": -1.9085341306038064
                }
            ]
        }
    ]
}