{
    "date": "05/11/2022 12:08:21",
    "basic_params": {
        "active_variables": [
            "x1",
            "x2"
        ],
        "default_query": {},
        "metric": "basic",
        "n_trials": 1
    },
    "objective_function": {
        "name": "McCormick",
        "params": {}
    },
    "optimizer": {
        "name": "BBO-LP(LCB)",
        "params": {
            "lower_bound": [
                -1.5,
                -3.0
            ],
            "upper_bound": [
                4.0,
                4.0
            ],
            "invert_metric": false,
            "bopt_params": {
                "n_init_samples": 12,
                "n_iterations": 23,
                "n_iter_relearn": 5,
                "verbose_level": 0,
                "n_parallel_samples": 6,
                "par_type": "PAR_BBO",
                "crit_name": "cLP(cLCB)",
                "n_crit_params": 3,
                "crit_params": [
                    6,
                    1,
                    1.0
                ]
            }
        }
    },
    "iterations": [
        [
            {
                "query": {
                    "x1": 3.2199540400373134,
                    "x2": -0.5156964727017721
                },
                "metrics": {
                    "outcome": 9.259439381833257
                },
                "metadata": {
                    "trials": 1
                }
            }
        ],
        [
            {
                "query": {
                    "x1": 0.29880133607851644,
                    "x2": -0.906667898273251
                },
                "metrics": {
                    "outcome": -0.8328331644720741
                },
                "metadata": {
                    "trials": 1
                }
            }
        ],
        [
            {
                "query": {
                    "x1": 2.1672588778601494,
                    "x2": 1.2705241034273058
                },
                "metrics": {
                    "outcome": 1.4376766454810022
                },
                "metadata": {
                    "trials": 1
                }
            }
        ],
        [
            {
                "query": {
                    "x1": -1.4188778848426107,
                    "x2": 0.3553162094710087
                },
                "metrics": {
                    "outcome": 6.290280886061902
                },
                "metadata": {
                    "trials": 1
                }
            }
        ],
        [
            {
                "query": {
                    "x1": -0.36444716470820504,
                    "x2": 1.0566297543700784
                },
                "metrics": {
                    "outcome": 6.845923721254394
                },
                "metadata": {
                    "trials": 1
                }
            }
        ],
        [
            {
                "query": {
                    "x1": 0.8308345624633757,
                    "x2": 2.20498120165818
                },
                "metrics": {
                    "outcome": 7.2600598943816035
                },
                "metadata": {
                    "trials": 1
                }
            }
        ],
        [
            {
                "query": {
                    "x1": -0.6548730931535829,
                    "x2": 2.9389330320991576
                },
                "metrics": {
                    "outcome": 23.001315194319115
                },
                "metadata": {
                    "trials": 1
                }
            }
        ],
        [
            {
                "query": {
                    "x1": 0.5623294054336538,
                    "x2": -2.375494664496121
                },
                "metrics": {
                    "outcome": 1.8778073480065096
                },
                "metadata": {
                    "trials": 1
                }
            }
        ],
        [
            {
                "query": {
                    "x1": 3.714830233637864,
                    "x2": 2.4950025489864256
                },
                "metrics": {
                    "outcome": 3.079953840013185
                },
                "metadata": {
                    "trials": 1
                }
            }
        ],
        [
            {
                "query": {
                    "x1": 2.017836004117271,
                    "x2": -2.7996293466033726
                },
                "metrics": {
                    "outcome": 13.477591833641112
                },
                "metadata": {
                    "trials": 1
                }
            }
        ],
        [
            {
                "query": {
                    "x1": 2.795307999117844,
                    "x2": -1.5309624561147452
                },
                "metrics": {
                    "outcome": 12.649658201288164
                },
                "metadata": {
                    "trials": 1
                }
            }
        ],
        [
            {
                "query": {
                    "x1": 1.3185062373328642,
                    "x2": 3.477091710917497
                },
                "metrics": {
                    "outcome": 11.377921037273046
                },
                "metadata": {
                    "trials": 1
                }
            }
        ],
        [
            {
                "query": {
                    "x1": -0.2206394599950896,
                    "x2": -1.4550858491084233
                },
                "metrics": {
                    "outcome": -1.77739754858727
                },
                "metadata": {
                    "trials": 1
                }
            },
            {
                "query": {
                    "x1": -0.3156956197059455,
                    "x2": -1.5475138222583664
                },
                "metrics": {
                    "outcome": -1.8354160924922893
                },
                "metadata": {
                    "trials": 1
                }
            },
            {
                "query": {
                    "x1": -0.12398931553952064,
                    "x2": -1.3726325841381892
                },
                "metrics": {
                    "outcome": -1.683737813031784
                },
                "metadata": {
                    "trials": 1
                }
            },
            {
                "query": {
                    "x1": -0.18137027891334512,
                    "x2": -1.5854926982985706
                },
                "metrics": {
                    "outcome": -1.7009569890995753
                },
                "metadata": {
                    "trials": 1
                }
            },
            {
                "query": {
                    "x1": -0.23387386362402673,
                    "x2": -1.3183924818126838
                },
                "metrics": {
                    "outcome": -1.7688181007055546
                },
                "metadata": {
                    "trials": 1
                }
            },
            {
                "query": {
                    "x1": -0.33418345802885696,
                    "x2": -1.3966787308973063
                },
                "metrics": {
                    "outcome": -1.8487422235299702
                },
                "metadata": {
                    "trials": 1
                }
            }
        ],
        [
            {
                "query": {
                    "x1": -0.6460113943158367,
                    "x2": -1.6065391295841485
                },
                "metrics": {
                    "outcome": -1.9011856983051585
                },
                "metadata": {
                    "trials": 1
                }
            },
            {
                "query": {
                    "x1": -0.5881684833697884,
                    "x2": -1.5484922196583604
                },
                "metrics": {
                    "outcome": -1.910881629871099
                },
                "metadata": {
                    "trials": 1
                }
            },
            {
                "query": {
                    "x1": -0.693184816372826,
                    "x2": -1.6780510053180517
                },
                "metrics": {
                    "outcome": -1.8817802463387037
                },
                "metadata": {
                    "trials": 1
                }
            },
            {
                "query": {
                    "x1": -0.595294012958621,
                    "x2": -1.6722309598376526
                },
                "metrics": {
                    "outcome": -1.894788747661801
                },
                "metadata": {
                    "trials": 1
                }
            },
            {
                "query": {
                    "x1": -0.7075590585823535,
                    "x2": -1.5617400737096885
                },
                "metrics": {
                    "outcome": -1.8791922386691793
                },
                "metadata": {
                    "trials": 1
                }
            },
            {
                "query": {
                    "x1": -0.6297587949478178,
                    "x2": -1.7546373782023528
                },
                "metrics": {
                    "outcome": -1.8634900744940244
                },
                "metadata": {
                    "trials": 1
                }
            }
        ],
        [
            {
                "query": {
                    "x1": -0.5213734538426638,
                    "x2": -1.536600550899128
                },
                "metrics": {
                    "outcome": -1.912412738446184
                },
                "metadata": {
                    "trials": 1
                }
            },
            {
                "query": {
                    "x1": -0.5161312060571169,
                    "x2": -1.5159285341487778
                },
                "metrics": {
                    "outcome": -1.9115207215642314
                },
                "metadata": {
                    "trials": 1
                }
            },
            {
                "query": {
                    "x1": -0.5311146141318797,
                    "x2": -1.5544779375890005
                },
                "metrics": {
                    "outcome": -1.9126435015310275
                },
                "metadata": {
                    "trials": 1
                }
            },
            {
                "query": {
                    "x1": -0.5334876623703287,
                    "x2": -1.5221883040173343
                },
                "metrics": {
                    "outcome": -1.9124413634230555
                },
                "metadata": {
                    "trials": 1
                }
            },
            {
                "query": {
                    "x1": -0.5051729322723221,
                    "x2": -1.53389495434013
                },
                "metrics": {
                    "outcome": -1.9110587316316203
                },
                "metadata": {
                    "trials": 1
                }
            },
            {
                "query": {
                    "x1": -0.5443778765608398,
                    "x2": -1.5655128992947942
                },
                "metrics": {
                    "outcome": -1.91267260470201
                },
                "metadata": {
                    "trials": 1
                }
            }
        ],
        [
            {
                "query": {
                    "x1": -0.5492232902194754,
                    "x2": -1.546269667135567
                },
                "metrics": {
                    "outcome": -1.9132137092980974
                },
                "metadata": {
                    "trials": 1
                }
            },
            {
                "query": {
                    "x1": -0.5544559214449916,
                    "x2": -1.5509957725957637
                },
                "metrics": {
                    "outcome": -1.9131581604953904
                },
                "metadata": {
                    "trials": 1
                }
            },
            {
                "query": {
                    "x1": -0.5436425102493008,
                    "x2": -1.5423415625760382
                },
                "metrics": {
                    "outcome": -1.9131905794453807
                },
                "metadata": {
                    "trials": 1
                }
            },
            {
                "query": {
                    "x1": -0.5483015619023982,
                    "x2": -1.5541443488638247
                },
                "metrics": {
                    "outcome": -1.9131607945163118
                },
                "metadata": {
                    "trials": 1
                }
            },
            {
                "query": {
                    "x1": -0.5492296853725823,
                    "x2": -1.5383389344589022
                },
                "metrics": {
                    "outcome": -1.9130841413278952
                },
                "metadata": {
                    "trials": 1
                }
            },
            {
                "query": {
                    "x1": -0.5552927191814799,
                    "x2": -1.5428377237875064
                },
                "metrics": {
                    "outcome": -1.9130617906946923
                },
                "metadata": {
                    "trials": 1
                }
            }
        ],
        [
            {
                "query": {
                    "x1": -0.547917163153678,
                    "x2": -1.5478822690130298
                },
                "metrics": {
                    "outcome": -1.9132221000317857
                },
                "metadata": {
                    "trials": 1
                }
            },
            {
                "query": {
                    "x1": -0.5515562982980686,
                    "x2": -1.552603850198003
                },
                "metrics": {
                    "outcome": -1.913180645126706
                },
                "metadata": {
                    "trials": 1
                }
            },
            {
                "query": {
                    "x1": -0.5440620058092346,
                    "x2": -1.5436054720149404
                },
                "metrics": {
                    "outcome": -1.9132031226984259
                },
                "metadata": {
                    "trials": 1
                }
            },
            {
                "query": {
                    "x1": -0.5489991424265412,
                    "x2": -1.5416800746811345
                },
                "metrics": {
                    "outcome": -1.9131634030052913
                },
                "metadata": {
                    "trials": 1
                }
            },
            {
                "query": {
                    "x1": -0.5432431101236554,
                    "x2": -1.5500874284941428
                },
                "metrics": {
                    "outcome": -1.9131756194550107
                },
                "metadata": {
                    "trials": 1
                }
            },
            {
                "query": {
                    "x1": -0.5529221824861028,
                    "x2": -1.546190011352888
                },
                "metrics": {
                    "outcome": -1.9131680066726542
                },
                "metadata": {
                    "trials": 1
                }
            }
        ],
        [
            {
                "query": {
                    "x1": -0.5480136027963248,
                    "x2": -1.5495909118314501
                },
                "metrics": {
                    "outcome": -1.9132160096635262
                },
                "metadata": {
                    "trials": 1
                }
            },
            {
                "query": {
                    "x1": -0.5444334107212865,
                    "x2": -1.5448598995831673
                },
                "metrics": {
                    "outcome": -1.9132114914699025
                },
                "metadata": {
                    "trials": 1
                }
            },
            {
                "query": {
                    "x1": -0.5519758174336408,
                    "x2": -1.5537697849584136
                },
                "metrics": {
                    "outcome": -1.9131640724268406
                },
                "metadata": {
                    "trials": 1
                }
            },
            {
                "query": {
                    "x1": -0.5493956448292615,
                    "x2": -1.5434005902340553
                },
                "metrics": {
                    "outcome": -1.9131859070174655
                },
                "metadata": {
                    "trials": 1
                }
            },
            {
                "query": {
                    "x1": -0.5430970953898613,
                    "x2": -1.5510368840271136
                },
                "metrics": {
                    "outcome": -1.913159885210887
                },
                "metadata": {
                    "trials": 1
                }
            },
            {
                "query": {
                    "x1": -0.5548384658091149,
                    "x2": -1.5481092604343407
                },
                "metrics": {
                    "outcome": -1.9131460513600733
                },
                "metadata": {
                    "trials": 1
                }
            }
        ],
        [
            {
                "query": {
                    "x1": -0.5475215812604464,
                    "x2": -1.5487965389977583
                },
                "metrics": {
                    "outcome": -1.9132197287769275
                },
                "metadata": {
                    "trials": 1
                }
            },
            {
                "query": {
                    "x1": -0.5446038504833441,
                    "x2": -1.544012217209045
                },
                "metrics": {
                    "outcome": -1.9132081274777022
                },
                "metadata": {
                    "trials": 1
                }
            },
            {
                "query": {
                    "x1": -0.5509296384553886,
                    "x2": -1.5530424754951229
                },
                "metrics": {
                    "outcome": -1.913178848846397
                },
                "metadata": {
                    "trials": 1
                }
            },
            {
                "query": {
                    "x1": -0.5493866836336506,
                    "x2": -1.543353063032181
                },
                "metrics": {
                    "outcome": -1.9131853634832194
                },
                "metadata": {
                    "trials": 1
                }
            },
            {
                "query": {
                    "x1": -0.54290569703868,
                    "x2": -1.5496719126028862
                },
                "metrics": {
                    "outcome": -1.9131757424459055
                },
                "metadata": {
                    "trials": 1
                }
            },
            {
                "query": {
                    "x1": -0.5460933889541271,
                    "x2": -1.5545153483415022
                },
                "metrics": {
                    "outcome": -1.9131353273274234
                },
                "metadata": {
                    "trials": 1
                }
            }
        ],
        [
            {
                "query": {
                    "x1": -0.5470924393032068,
                    "x2": -1.5469185213692507
                },
                "metrics": {
                    "outcome": -1.9132228608314064
                },
                "metadata": {
                    "trials": 1
                }
            },
            {
                "query": {
                    "x1": -0.549833050182737,
                    "x2": -1.55150301881486
                },
                "metrics": {
                    "outcome": -1.9131993328752706
                },
                "metadata": {
                    "trials": 1
                }
            },
            {
                "query": {
                    "x1": -0.5443185170367411,
                    "x2": -1.5424788711345134
                },
                "metrics": {
                    "outcome": -1.9131945384845945
                },
                "metadata": {
                    "trials": 1
                }
            },
            {
                "query": {
                    "x1": -0.5450699659562923,
                    "x2": -1.5518013207091892
                },
                "metrics": {
                    "outcome": -1.9131749900983843
                },
                "metadata": {
                    "trials": 1
                }
            },
            {
                "query": {
                    "x1": -0.5513551200116641,
                    "x2": -1.5457612046964004
                },
                "metrics": {
                    "outcome": -1.9131884582926006
                },
                "metadata": {
                    "trials": 1
                }
            },
            {
                "query": {
                    "x1": -0.54187511348934,
                    "x2": -1.5473061176845788
                },
                "metrics": {
                    "outcome": -1.9131816761763143
                },
                "metadata": {
                    "trials": 1
                }
            }
        ],
        [
            {
                "query": {
                    "x1": -0.5469109772608667,
                    "x2": -1.5459485172157972
                },
                "metrics": {
                    "outcome": -1.9132210072664932
                },
                "metadata": {
                    "trials": 1
                }
            },
            {
                "query": {
                    "x1": -0.5492210773571743,
                    "x2": -1.550739790248384
                },
                "metrics": {
                    "outcome": -1.9132072491387646
                },
                "metadata": {
                    "trials": 1
                }
            },
            {
                "query": {
                    "x1": -0.5441034923180466,
                    "x2": -1.5418445313066158
                },
                "metrics": {
                    "outcome": -1.9131869052171275
                },
                "metadata": {
                    "trials": 1
                }
            },
            {
                "query": {
                    "x1": -0.5443466204896332,
                    "x2": -1.550174540763641
                },
                "metrics": {
                    "outcome": -1.9131889834455493
                },
                "metadata": {
                    "trials": 1
                }
            },
            {
                "query": {
                    "x1": -0.5511255375293276,
                    "x2": -1.545599222296165
                },
                "metrics": {
                    "outcome": -1.9131900657842276
                },
                "metadata": {
                    "trials": 1
                }
            },
            {
                "query": {
                    "x1": -0.5526762989243186,
                    "x2": -1.5541453996184236
                },
                "metrics": {
                    "outcome": -1.9131540915454797
                },
                "metadata": {
                    "trials": 1
                }
            }
        ],
        [
            {
                "query": {
                    "x1": -0.5465285353580556,
                    "x2": -1.5449217689388042
                },
                "metrics": {
                    "outcome": -1.9132166161422957
                },
                "metadata": {
                    "trials": 1
                }
            },
            {
                "query": {
                    "x1": -0.5485676986872368,
                    "x2": -1.5498197883678255
                },
                "metrics": {
                    "outcome": -1.9132144907165243
                },
                "metadata": {
                    "trials": 1
                }
            },
            {
                "query": {
                    "x1": -0.5434276381570722,
                    "x2": -1.541400144480133
                },
                "metrics": {
                    "outcome": -1.9131791363608648
                },
                "metadata": {
                    "trials": 1
                }
            },
            {
                "query": {
                    "x1": -0.5439406595540557,
                    "x2": -1.5490914451343343
                },
                "metrics": {
                    "outcome": -1.9131956197431919
                },
                "metadata": {
                    "trials": 1
                }
            },
            {
                "query": {
                    "x1": -0.5506807368904362,
                    "x2": -1.5451749023146484
                },
                "metrics": {
                    "outcome": -1.9131917173377118
                },
                "metadata": {
                    "trials": 1
                }
            },
            {
                "query": {
                    "x1": -0.5516557132291007,
                    "x2": -1.5534017879588222
                },
                "metrics": {
                    "outcome": -1.913170779878386
                },
                "metadata": {
                    "trials": 1
                }
            }
        ],
        [
            {
                "query": {
                    "x1": -0.54639808429702,
                    "x2": -1.5445909613445974
                },
                "metrics": {
                    "outcome": -1.91321466252292
                },
                "metadata": {
                    "trials": 1
                }
            },
            {
                "query": {
                    "x1": -0.5482500416913528,
                    "x2": -1.5495104264674109
                },
                "metrics": {
                    "outcome": -1.9132164654259216
                },
                "metadata": {
                    "trials": 1
                }
            },
            {
                "query": {
                    "x1": -0.5432350630295352,
                    "x2": -1.5413664671448668
                },
                "metrics": {
                    "outcome": -1.9131778533794659
                },
                "metadata": {
                    "trials": 1
                }
            },
            {
                "query": {
                    "x1": -0.54409314124325,
                    "x2": -1.5489337510856802
                },
                "metrics": {
                    "outcome": -1.9131987126648262
                },
                "metadata": {
                    "trials": 1
                }
            },
            {
                "query": {
                    "x1": -0.5504509842929415,
                    "x2": -1.5451475768613716
                },
                "metrics": {
                    "outcome": -1.9131942018580546
                },
                "metadata": {
                    "trials": 1
                }
            },
            {
                "query": {
                    "x1": -0.5511730427472815,
                    "x2": -1.553093109922272
                },
                "metrics": {
                    "outcome": -1.9131771570832852
                },
                "metadata": {
                    "trials": 1
                }
            }
        ],
        [
            {
                "query": {
                    "x1": -0.5463262145585944,
                    "x2": -1.5443899596993027
                },
                "metrics": {
                    "outcome": -1.9132133411396874
                },
                "metadata": {
                    "trials": 1
                }
            },
            {
                "query": {
                    "x1": -0.5480169482167343,
                    "x2": -1.5493262721972818
                },
                "metrics": {
                    "outcome": -1.9132174793032095
                },
                "metadata": {
                    "trials": 1
                }
            },
            {
                "query": {
                    "x1": -0.5431208485521003,
                    "x2": -1.54142098355819
                },
                "metrics": {
                    "outcome": -1.9131779461857414
                },
                "metadata": {
                    "trials": 1
                }
            },
            {
                "query": {
                    "x1": -0.550844690130533,
                    "x2": -1.5528534458779604
                },
                "metrics": {
                    "outcome": -1.913181511541321
                },
                "metadata": {
                    "trials": 1
                }
            },
            {
                "query": {
                    "x1": -0.5502809181876598,
                    "x2": -1.5451887192543299
                },
                "metrics": {
                    "outcome": -1.9131965246269607
                },
                "metadata": {
                    "trials": 1
                }
            },
            {
                "query": {
                    "x1": -0.5440457224354176,
                    "x2": -1.5485547381213418
                },
                "metrics": {
                    "outcome": -1.9132012286562468
                },
                "metadata": {
                    "trials": 1
                }
            }
        ],
        [
            {
                "query": {
                    "x1": -0.5462934605974611,
                    "x2": -1.5442649558887986
                },
                "metrics": {
                    "outcome": -1.9132124614354078
                },
                "metadata": {
                    "trials": 1
                }
            },
            {
                "query": {
                    "x1": -0.5478392998891207,
                    "x2": -1.5492286212794686
                },
                "metrics": {
                    "outcome": -1.91321793293465
                },
                "metadata": {
                    "trials": 1
                }
            },
            {
                "query": {
                    "x1": -0.5506008457645551,
                    "x2": -1.5526977642112383
                },
                "metrics": {
                    "outcome": -1.913184290980913
                },
                "metadata": {
                    "trials": 1
                }
            },
            {
                "query": {
                    "x1": -0.5430648855109411,
                    "x2": -1.5415130439222442
                },
                "metrics": {
                    "outcome": -1.9131787358432142
                },
                "metadata": {
                    "trials": 1
                }
            },
            {
                "query": {
                    "x1": -0.5439339784796087,
                    "x2": -1.5481725182679835
                },
                "metrics": {
                    "outcome": -1.9132027207660958
                },
                "metadata": {
                    "trials": 1
                }
            },
            {
                "query": {
                    "x1": -0.5501515169512592,
                    "x2": -1.5452762668287305
                },
                "metrics": {
                    "outcome": -1.9131987252309917
                },
                "metadata": {
                    "trials": 1
                }
            }
        ],
        [
            {
                "query": {
                    "x1": -0.5462865742910039,
                    "x2": -1.544175861958215
                },
                "metrics": {
                    "outcome": -1.9132117978994887
                },
                "metadata": {
                    "trials": 1
                }
            },
            {
                "query": {
                    "x1": -0.5477012244857602,
                    "x2": -1.5491924836784914
                },
                "metrics": {
                    "outcome": -1.9132180291167344
                },
                "metadata": {
                    "trials": 1
                }
            },
            {
                "query": {
                    "x1": -0.5504254959975285,
                    "x2": -1.5525909746824726
                },
                "metrics": {
                    "outcome": -1.913186134318737
                },
                "metadata": {
                    "trials": 1
                }
            },
            {
                "query": {
                    "x1": -0.5500479409690255,
                    "x2": -1.5453918895258134
                },
                "metrics": {
                    "outcome": -1.9132008036463999
                },
                "metadata": {
                    "trials": 1
                }
            },
            {
                "query": {
                    "x1": -0.5430360168574702,
                    "x2": -1.541629633985643
                },
                "metrics": {
                    "outcome": -1.9131799106941219
                },
                "metadata": {
                    "trials": 1
                }
            },
            {
                "query": {
                    "x1": -0.5439520299350783,
                    "x2": -1.5480987189459627
                },
                "metrics": {
                    "outcome": -1.913203379043714
                },
                "metadata": {
                    "trials": 1
                }
            }
        ],
        [
            {
                "query": {
                    "x1": -0.5462943959766153,
                    "x2": -1.544092921380435
                },
                "metrics": {
                    "outcome": -1.9132111479377887
                },
                "metadata": {
                    "trials": 1
                }
            },
            {
                "query": {
                    "x1": -0.5476148373199627,
                    "x2": -1.5492171447301022
                },
                "metrics": {
                    "outcome": -1.9132178174041643
                },
                "metadata": {
                    "trials": 1
                }
            },
            {
                "query": {
                    "x1": -0.5503225148703196,
                    "x2": -1.5525338968542017
                },
                "metrics": {
                    "outcome": -1.9131871144313912
                },
                "metadata": {
                    "trials": 1
                }
            },
            {
                "query": {
                    "x1": -0.5499593799838095,
                    "x2": -1.5455104992805149
                },
                "metrics": {
                    "outcome": -1.9132026623524352
                },
                "metadata": {
                    "trials": 1
                }
            },
            {
                "query": {
                    "x1": -0.5430128178409965,
                    "x2": -1.541765789700885
                },
                "metrics": {
                    "outcome": -1.9131812823980554
                },
                "metadata": {
                    "trials": 1
                }
            },
            {
                "query": {
                    "x1": -0.5439677703066739,
                    "x2": -1.5479465491296074
                },
                "metrics": {
                    "outcome": -1.9132044581460175
                },
                "metadata": {
                    "trials": 1
                }
            }
        ],
        [
            {
                "query": {
                    "x1": -0.5463141722129595,
                    "x2": -1.5440151996671223
                },
                "metrics": {
                    "outcome": -1.9132105063442961
                },
                "metadata": {
                    "trials": 1
                }
            },
            {
                "query": {
                    "x1": -0.547716018608054,
                    "x2": -1.5496212696929588
                },
                "metrics": {
                    "outcome": -1.913215578768221
                },
                "metadata": {
                    "trials": 1
                }
            },
            {
                "query": {
                    "x1": -0.550550624660884,
                    "x2": -1.552689976742145
                },
                "metrics": {
                    "outcome": -1.91318455590008
                },
                "metadata": {
                    "trials": 1
                }
            },
            {
                "query": {
                    "x1": -0.5498460825082594,
                    "x2": -1.545727573511398
                },
                "metrics": {
                    "outcome": -1.9132053915514367
                },
                "metadata": {
                    "trials": 1
                }
            },
            {
                "query": {
                    "x1": -0.544167817667293,
                    "x2": -1.547947192289329
                },
                "metrics": {
                    "outcome": -1.9132064191659097
                },
                "metadata": {
                    "trials": 1
                }
            },
            {
                "query": {
                    "x1": -0.5429903743481287,
                    "x2": -1.5419307124080273
                },
                "metrics": {
                    "outcome": -1.9131828956163015
                },
                "metadata": {
                    "trials": 1
                }
            }
        ],
        [
            {
                "query": {
                    "x1": -0.5463360838628076,
                    "x2": -1.5439284142068124
                },
                "metrics": {
                    "outcome": -1.9132097642293915
                },
                "metadata": {
                    "trials": 1
                }
            },
            {
                "query": {
                    "x1": -0.5479016392598905,
                    "x2": -1.5500933554024288
                },
                "metrics": {
                    "outcome": -1.9132125437463454
                },
                "metadata": {
                    "trials": 1
                }
            },
            {
                "query": {
                    "x1": -0.5444008313372876,
                    "x2": -1.5480948551075637
                },
                "metrics": {
                    "outcome": -1.9132077463838595
                },
                "metadata": {
                    "trials": 1
                }
            },
            {
                "query": {
                    "x1": -0.550887635912866,
                    "x2": -1.5528656373624257
                },
                "metrics": {
                    "outcome": -1.9131811898189524
                },
                "metadata": {
                    "trials": 1
                }
            },
            {
                "query": {
                    "x1": -0.5497221338852685,
                    "x2": -1.5459377840791995
                },
                "metrics": {
                    "outcome": -1.9132079411305707
                },
                "metadata": {
                    "trials": 1
                }
            },
            {
                "query": {
                    "x1": -0.5429568370952461,
                    "x2": -1.5421287807477198
                },
                "metrics": {
                    "outcome": -1.9131846746435555
                },
                "metadata": {
                    "trials": 1
                }
            }
        ],
        [
            {
                "query": {
                    "x1": -0.5463605090786396,
                    "x2": -1.5438364759537069
                },
                "metrics": {
                    "outcome": -1.9132089465854731
                },
                "metadata": {
                    "trials": 1
                }
            },
            {
                "query": {
                    "x1": -0.5479422969427865,
                    "x2": -1.5502470343870056
                },
                "metrics": {
                    "outcome": -1.913211413999825
                },
                "metadata": {
                    "trials": 1
                }
            },
            {
                "query": {
                    "x1": -0.5440118368381875,
                    "x2": -1.5480259899362079
                },
                "metrics": {
                    "outcome": -1.9132044343228771
                },
                "metadata": {
                    "trials": 1
                }
            },
            {
                "query": {
                    "x1": -0.5512135211976027,
                    "x2": -1.5530197656229199
                },
                "metrics": {
                    "outcome": -1.9131778609084793
                },
                "metadata": {
                    "trials": 1
                }
            },
            {
                "query": {
                    "x1": -0.5499955463072761,
                    "x2": -1.5459048122471788
                },
                "metrics": {
                    "outcome": -1.9132052400417923
                },
                "metadata": {
                    "trials": 1
                }
            },
            {
                "query": {
                    "x1": -0.5426337656214636,
                    "x2": -1.5423704526134938
                },
                "metrics": {
                    "outcome": -1.9131846300845305
                },
                "metadata": {
                    "trials": 1
                }
            }
        ],
        [
            {
                "query": {
                    "x1": -0.546397154111279,
                    "x2": -1.5437627864083208
                },
                "metrics": {
                    "outcome": -1.9132082419951533
                },
                "metadata": {
                    "trials": 1
                }
            },
            {
                "query": {
                    "x1": -0.5479491346818282,
                    "x2": -1.5503220824707964
                },
                "metrics": {
                    "outcome": -1.9132108232630967
                },
                "metadata": {
                    "trials": 1
                }
            },
            {
                "query": {
                    "x1": -0.5443908638203565,
                    "x2": -1.548127843907822
                },
                "metrics": {
                    "outcome": -1.9132074648349908
                },
                "metadata": {
                    "trials": 1
                }
            },
            {
                "query": {
                    "x1": -0.549942934248846,
                    "x2": -1.54597761652636
                },
                "metrics": {
                    "outcome": -1.9132062239149752
                },
                "metadata": {
                    "trials": 1
                }
            },
            {
                "query": {
                    "x1": -0.5512378397205,
                    "x2": -1.5529590998318121
                },
                "metrics": {
                    "outcome": -1.9131784689207425
                },
                "metadata": {
                    "trials": 1
                }
            },
            {
                "query": {
                    "x1": -0.5426036163551894,
                    "x2": -1.5427971897759225
                },
                "metrics": {
                    "outcome": -1.9131878275254866
                },
                "metadata": {
                    "trials": 1
                }
            }
        ],
        [
            {
                "query": {
                    "x1": -0.5464341231968259,
                    "x2": -1.543687355419652
                },
                "metrics": {
                    "outcome": -1.913207495272006
                },
                "metadata": {
                    "trials": 1
                }
            },
            {
                "query": {
                    "x1": -0.5479241870065293,
                    "x2": -1.5503534188810417
                },
                "metrics": {
                    "outcome": -1.9132105315374277
                },
                "metadata": {
                    "trials": 1
                }
            },
            {
                "query": {
                    "x1": -0.5495271306415852,
                    "x2": -1.5461551873430044
                },
                "metrics": {
                    "outcome": -1.9132108676881323
                },
                "metadata": {
                    "trials": 1
                }
            },
            {
                "query": {
                    "x1": -0.5447134967205034,
                    "x2": -1.5474414006723156
                },
                "metrics": {
                    "outcome": -1.9132133395028688
                },
                "metadata": {
                    "trials": 1
                }
            },
            {
                "query": {
                    "x1": -0.5509809882738894,
                    "x2": -1.5527208641483439
                },
                "metrics": {
                    "outcome": -1.9131824896059149
                },
                "metadata": {
                    "trials": 1
                }
            },
            {
                "query": {
                    "x1": -0.5429041489448565,
                    "x2": -1.5429740868548019
                },
                "metrics": {
                    "outcome": -1.9131914893478994
                },
                "metadata": {
                    "trials": 1
                }
            }
        ],
        [
            {
                "query": {
                    "x1": -0.546472259955677,
                    "x2": -1.5436292103739357
                },
                "metrics": {
                    "outcome": -1.9132068827573914
                },
                "metadata": {
                    "trials": 1
                }
            },
            {
                "query": {
                    "x1": -0.5479085137638515,
                    "x2": -1.5504227195451914
                },
                "metrics": {
                    "outcome": -1.9132099301202938
                },
                "metadata": {
                    "trials": 1
                }
            },
            {
                "query": {
                    "x1": -0.5448298864837657,
                    "x2": -1.5478953368976485
                },
                "metrics": {
                    "outcome": -1.913212350152889
                },
                "metadata": {
                    "trials": 1
                }
            },
            {
                "query": {
                    "x1": -0.549474134162279,
                    "x2": -1.5462225218036665
                },
                "metrics": {
                    "outcome": -1.9132116486403747
                },
                "metadata": {
                    "trials": 1
                }
            },
            {
                "query": {
                    "x1": -0.5509889854779668,
                    "x2": -1.5526625905492768
                },
                "metrics": {
                    "outcome": -1.9131831188587096
                },
                "metadata": {
                    "trials": 1
                }
            },
            {
                "query": {
                    "x1": -0.5429173646906525,
                    "x2": -1.5436911957869546
                },
                "metrics": {
                    "outcome": -1.9131960632957061
                },
                "metadata": {
                    "trials": 1
                }
            }
        ],
        [
            {
                "query": {
                    "x1": -0.5465085075817969,
                    "x2": -1.5435507735885388
                },
                "metrics": {
                    "outcome": -1.9132060596554052
                },
                "metadata": {
                    "trials": 1
                }
            },
            {
                "query": {
                    "x1": -0.5478867830589828,
                    "x2": -1.5504498822361765
                },
                "metrics": {
                    "outcome": -1.9132096633654552
                },
                "metadata": {
                    "trials": 1
                }
            },
            {
                "query": {
                    "x1": -0.5494289042364061,
                    "x2": -1.5462552072201057
                },
                "metrics": {
                    "outcome": -1.9132121633370485
                },
                "metadata": {
                    "trials": 1
                }
            },
            {
                "query": {
                    "x1": -0.5449156079092787,
                    "x2": -1.54777804464256
                },
                "metrics": {
                    "outcome": -1.9132135074846839
                },
                "metadata": {
                    "trials": 1
                }
            },
            {
                "query": {
                    "x1": -0.5509740686903972,
                    "x2": -1.5525876738976745
                },
                "metrics": {
                    "outcome": -1.9131840308161658
                },
                "metadata": {
                    "trials": 1
                }
            },
            {
                "query": {
                    "x1": -0.5429717922284104,
                    "x2": -1.5437396504242324
                },
                "metrics": {
                    "outcome": -1.9131967632225892
                },
                "metadata": {
                    "trials": 1
                }
            }
        ],
        [
            {
                "query": {
                    "x1": -0.5465452689581078,
                    "x2": -1.543495427143222
                },
                "metrics": {
                    "outcome": -1.9132054362879605
                },
                "metadata": {
                    "trials": 1
                }
            },
            {
                "query": {
                    "x1": -0.547856004483344,
                    "x2": -1.5504693460178294
                },
                "metrics": {
                    "outcome": -1.9132094418124925
                },
                "metadata": {
                    "trials": 1
                }
            },
            {
                "query": {
                    "x1": -0.5493940812896885,
                    "x2": -1.5462864503699452
                },
                "metrics": {
                    "outcome": -1.9132125823090131
                },
                "metadata": {
                    "trials": 1
                }
            },
            {
                "query": {
                    "x1": -0.5509505518334428,
                    "x2": -1.5525077087628045
                },
                "metrics": {
                    "outcome": -1.9131850244988957
                },
                "metadata": {
                    "trials": 1
                }
            },
            {
                "query": {
                    "x1": -0.544969542100039,
                    "x2": -1.5477179688032665
                },
                "metrics": {
                    "outcome": -1.9132141381088918
                },
                "metadata": {
                    "trials": 1
                }
            },
            {
                "query": {
                    "x1": -0.5430286897373736,
                    "x2": -1.5437819821077907
                },
                "metrics": {
                    "outcome": -1.9131974428504606
                },
                "metadata": {
                    "trials": 1
                }
            }
        ]
    ],
    "best_results": [
        {
            "query": {
                "x1": -0.5470924393032068,
                "x2": -1.5469185213692507
            },
            "metrics": [
                {
                    "name": "outcome",
                    "value": -1.9132228608314064
                }
            ]
        }
    ]
}