{
    "date": "05/11/2022 12:07:59",
    "basic_params": {
        "active_variables": [
            "x1",
            "x2"
        ],
        "default_query": {},
        "metric": "basic",
        "n_trials": 1
    },
    "objective_function": {
        "name": "McCormick",
        "params": {}
    },
    "optimizer": {
        "name": "BBO-LP(LCB)",
        "params": {
            "lower_bound": [
                -1.5,
                -3.0
            ],
            "upper_bound": [
                4.0,
                4.0
            ],
            "invert_metric": false,
            "bopt_params": {
                "n_init_samples": 12,
                "n_iterations": 23,
                "n_iter_relearn": 5,
                "verbose_level": 0,
                "n_parallel_samples": 6,
                "par_type": "PAR_BBO",
                "crit_name": "cLP(cLCB)",
                "n_crit_params": 3,
                "crit_params": [
                    6,
                    1,
                    1.0
                ]
            }
        }
    },
    "iterations": [
        [
            {
                "query": {
                    "x1": -1.1711546332808211,
                    "x2": -0.02451270985572318
                },
                "metrics": {
                    "outcome": 3.0797775048365694
                },
                "metadata": {
                    "trials": 1
                }
            }
        ],
        [
            {
                "query": {
                    "x1": -0.27583134536204534,
                    "x2": 0.5867095348852067
                },
                "metrics": {
                    "outcome": 3.930392473420192
                },
                "metadata": {
                    "trials": 1
                }
            }
        ],
        [
            {
                "query": {
                    "x1": -1.0167698285658844,
                    "x2": -1.2424549770657904
                },
                "metrics": {
                    "outcome": -1.3022943074358637
                },
                "metadata": {
                    "trials": 1
                }
            }
        ],
        [
            {
                "query": {
                    "x1": 3.2385686887913234,
                    "x2": -1.9067416585360966
                },
                "metrics": {
                    "outcome": 18.82109385056541
                },
                "metadata": {
                    "trials": 1
                }
            }
        ],
        [
            {
                "query": {
                    "x1": 2.4774676928742942,
                    "x2": -2.970654518750962
                },
                "metrics": {
                    "outcome": 19.06576246182135
                },
                "metadata": {
                    "trials": 1
                }
            }
        ],
        [
            {
                "query": {
                    "x1": 3.000098270907378,
                    "x2": 3.155733957983708
                },
                "metrics": {
                    "outcome": 4.286400850831019
                },
                "metadata": {
                    "trials": 1
                }
            }
        ],
        [
            {
                "query": {
                    "x1": 0.06939016875306447,
                    "x2": 1.4366482402741294
                },
                "metrics": {
                    "outcome": 7.354833920393485
                },
                "metadata": {
                    "trials": 1
                }
            }
        ],
        [
            {
                "query": {
                    "x1": 0.8698421397227021,
                    "x2": 3.7270412427994106
                },
                "metrics": {
                    "outcome": 16.183089970370876
                },
                "metadata": {
                    "trials": 1
                }
            }
        ],
        [
            {
                "query": {
                    "x1": 1.859827407063373,
                    "x2": -1.7562820390060856
                },
                "metrics": {
                    "outcome": 6.999161755649416
                },
                "metadata": {
                    "trials": 1
                }
            }
        ],
        [
            {
                "query": {
                    "x1": 3.793504993111128,
                    "x2": -0.3024990999644315
                },
                "metrics": {
                    "outcome": 10.988397729203879
                },
                "metadata": {
                    "trials": 1
                }
            }
        ],
        [
            {
                "query": {
                    "x1": 1.5026995736698154,
                    "x2": 2.4226157742668875
                },
                "metrics": {
                    "outcome": 4.942814837563529
                },
                "metadata": {
                    "trials": 1
                }
            }
        ],
        [
            {
                "query": {
                    "x1": 0.7769016993406694,
                    "x2": 2.1127840962726623
                },
                "metrics": {
                    "outcome": 7.150440556824567
                },
                "metadata": {
                    "trials": 1
                }
            }
        ],
        [
            {
                "query": {
                    "x1": -0.9221199222609773,
                    "x2": -2.178966689227515
                },
                "metrics": {
                    "outcome": -1.5250680104095249
                },
                "metadata": {
                    "trials": 1
                }
            },
            {
                "query": {
                    "x1": -0.9302358086959468,
                    "x2": -2.275134043717937
                },
                "metrics": {
                    "outcome": -1.419996162025746
                },
                "metadata": {
                    "trials": 1
                }
            },
            {
                "query": {
                    "x1": -0.9120260419367052,
                    "x2": -2.0841910748028103
                },
                "metrics": {
                    "outcome": -1.6133317752722514
                },
                "metadata": {
                    "trials": 1
                }
            },
            {
                "query": {
                    "x1": -0.9720231487962544,
                    "x2": -2.1246001199526248
                },
                "metrics": {
                    "outcome": -1.569986132097303
                },
                "metadata": {
                    "trials": 1
                }
            },
            {
                "query": {
                    "x1": -0.8629263466249755,
                    "x2": -2.1435113810880844
                },
                "metrics": {
                    "outcome": -1.559234727940873
                },
                "metadata": {
                    "trials": 1
                }
            },
            {
                "query": {
                    "x1": -0.9860440024223459,
                    "x2": -2.216154932013005
                },
                "metrics": {
                    "outcome": -1.48757924201152
                },
                "metadata": {
                    "trials": 1
                }
            }
        ],
        [
            {
                "query": {
                    "x1": -0.8238454765914339,
                    "x2": -1.6168148954205748
                },
                "metrics": {
                    "outcome": -1.8223989799210387
                },
                "metadata": {
                    "trials": 1
                }
            },
            {
                "query": {
                    "x1": -0.822003753353199,
                    "x2": -1.6797936652706043
                },
                "metrics": {
                    "outcome": -1.8277061878380199
                },
                "metadata": {
                    "trials": 1
                }
            },
            {
                "query": {
                    "x1": -0.8236227237671234,
                    "x2": -1.5542331565902288
                },
                "metrics": {
                    "outcome": -1.8079823780220545
                },
                "metadata": {
                    "trials": 1
                }
            },
            {
                "query": {
                    "x1": -0.864295142734005,
                    "x2": -1.649083212119867
                },
                "metrics": {
                    "outcome": -1.7980739260031324
                },
                "metadata": {
                    "trials": 1
                }
            },
            {
                "query": {
                    "x1": -0.7823263210692081,
                    "x2": -1.6456714415405453
                },
                "metrics": {
                    "outcome": -1.849880106725104
                },
                "metadata": {
                    "trials": 1
                }
            },
            {
                "query": {
                    "x1": -0.8686376289173071,
                    "x2": -1.594857169918988
                },
                "metrics": {
                    "outcome": -1.784104490812961
                },
                "metadata": {
                    "trials": 1
                }
            }
        ],
        [
            {
                "query": {
                    "x1": -0.6772363473200208,
                    "x2": -1.6412547989472075
                },
                "metrics": {
                    "outcome": -1.8912091251447838
                },
                "metadata": {
                    "trials": 1
                }
            },
            {
                "query": {
                    "x1": -0.6756289853213455,
                    "x2": -1.697113122115054
                },
                "metrics": {
                    "outcome": -1.8812190593305447
                },
                "metadata": {
                    "trials": 1
                }
            },
            {
                "query": {
                    "x1": -0.6800528829087666,
                    "x2": -1.5855817119671423
                },
                "metrics": {
                    "outcome": -1.8920497578114448
                },
                "metadata": {
                    "trials": 1
                }
            },
            {
                "query": {
                    "x1": -0.7149539912927904,
                    "x2": -1.6650269591795508
                },
                "metrics": {
                    "outcome": -1.8775865369969988
                },
                "metadata": {
                    "trials": 1
                }
            },
            {
                "query": {
                    "x1": -0.7158140542507926,
                    "x2": -1.6199677510722106
                },
                "metrics": {
                    "outcome": -1.880096802845606
                },
                "metadata": {
                    "trials": 1
                }
            },
            {
                "query": {
                    "x1": -0.6390624533651761,
                    "x2": -1.6622105133384886
                },
                "metrics": {
                    "outcome": -1.8949571116997754
                },
                "metadata": {
                    "trials": 1
                }
            }
        ],
        [
            {
                "query": {
                    "x1": -0.5893868594726263,
                    "x2": -1.569220844488079
                },
                "metrics": {
                    "outcome": -1.9110535362556664
                },
                "metadata": {
                    "trials": 1
                }
            },
            {
                "query": {
                    "x1": -0.5782639640849866,
                    "x2": -1.60242554502195
                },
                "metrics": {
                    "outcome": -1.9094701781069539
                },
                "metadata": {
                    "trials": 1
                }
            },
            {
                "query": {
                    "x1": -0.6112427523427849,
                    "x2": -1.5915070328210703
                },
                "metrics": {
                    "outcome": -1.9078604915272286
                },
                "metadata": {
                    "trials": 1
                }
            },
            {
                "query": {
                    "x1": -0.6087870080842019,
                    "x2": -1.6200781481628317
                },
                "metrics": {
                    "outcome": -1.9054798791417458
                },
                "metadata": {
                    "trials": 1
                }
            },
            {
                "query": {
                    "x1": -0.6303778397935622,
                    "x2": -1.594181782154732
                },
                "metrics": {
                    "outcome": -1.9047703280246684
                },
                "metadata": {
                    "trials": 1
                }
            },
            {
                "query": {
                    "x1": -0.5736087656492158,
                    "x2": -1.6389656290567869
                },
                "metrics": {
                    "outcome": -1.9030483142286254
                },
                "metadata": {
                    "trials": 1
                }
            }
        ],
        [
            {
                "query": {
                    "x1": -0.5466573205238493,
                    "x2": -1.5454046488691064
                },
                "metrics": {
                    "outcome": -1.9132190276286636
                },
                "metadata": {
                    "trials": 1
                }
            },
            {
                "query": {
                    "x1": -0.5634477937195641,
                    "x2": -1.558765051629621
                },
                "metrics": {
                    "outcome": -1.9128677654446902
                },
                "metadata": {
                    "trials": 1
                }
            },
            {
                "query": {
                    "x1": -0.5509889461219918,
                    "x2": -1.569803258594682
                },
                "metrics": {
                    "outcome": -1.912568800614423
                },
                "metadata": {
                    "trials": 1
                }
            },
            {
                "query": {
                    "x1": -0.545056236455153,
                    "x2": -1.5205351284553417
                },
                "metrics": {
                    "outcome": -1.9122604524521591
                },
                "metadata": {
                    "trials": 1
                }
            },
            {
                "query": {
                    "x1": -0.5656938854823184,
                    "x2": -1.539482217707477
                },
                "metrics": {
                    "outcome": -1.9124856793064335
                },
                "metadata": {
                    "trials": 1
                }
            },
            {
                "query": {
                    "x1": -0.5328430569200291,
                    "x2": -1.5630038830034607
                },
                "metrics": {
                    "outcome": -1.9123123670880586
                },
                "metadata": {
                    "trials": 1
                }
            }
        ],
        [
            {
                "query": {
                    "x1": -0.5489219337559984,
                    "x2": -1.5491437264964136
                },
                "metrics": {
                    "outcome": -1.9132170759387144
                },
                "metadata": {
                    "trials": 1
                }
            },
            {
                "query": {
                    "x1": -0.5436453101814983,
                    "x2": -1.5453369820733036
                },
                "metrics": {
                    "outcome": -1.9132073934141003
                },
                "metadata": {
                    "trials": 1
                }
            },
            {
                "query": {
                    "x1": -0.5538754008871697,
                    "x2": -1.5531202769713761
                },
                "metrics": {
                    "outcome": -1.9131538010219575
                },
                "metadata": {
                    "trials": 1
                }
            },
            {
                "query": {
                    "x1": -0.5377388597204816,
                    "x2": -1.5419861628359883
                },
                "metrics": {
                    "outcome": -1.9131114647726486
                },
                "metadata": {
                    "trials": 1
                }
            },
            {
                "query": {
                    "x1": -0.5243600039791513,
                    "x2": -1.5358147009715972
                },
                "metrics": {
                    "outcome": -1.9125813818432205
                },
                "metadata": {
                    "trials": 1
                }
            },
            {
                "query": {
                    "x1": -0.5488221803894142,
                    "x2": -1.5416969353033607
                },
                "metrics": {
                    "outcome": -1.913165675751157
                },
                "metadata": {
                    "trials": 1
                }
            }
        ],
        [
            {
                "query": {
                    "x1": -0.5463529531449651,
                    "x2": -1.5480114559226925
                },
                "metrics": {
                    "outcome": -1.9132202039416377
                },
                "metadata": {
                    "trials": 1
                }
            },
            {
                "query": {
                    "x1": -0.5421519611987617,
                    "x2": -1.544418157601258
                },
                "metrics": {
                    "outcome": -1.9131912660159043
                },
                "metadata": {
                    "trials": 1
                }
            },
            {
                "query": {
                    "x1": -0.5508640676564822,
                    "x2": -1.5508993351716498
                },
                "metrics": {
                    "outcome": -1.9131994781188446
                },
                "metadata": {
                    "trials": 1
                }
            },
            {
                "query": {
                    "x1": -0.5420205420391178,
                    "x2": -1.5510798120671498
                },
                "metrics": {
                    "outcome": -1.9131401585359669
                },
                "metadata": {
                    "trials": 1
                }
            },
            {
                "query": {
                    "x1": -0.5468903140659707,
                    "x2": -1.541742969880322
                },
                "metrics": {
                    "outcome": -1.913182068533711
                },
                "metadata": {
                    "trials": 1
                }
            },
            {
                "query": {
                    "x1": -0.5466626579458419,
                    "x2": -1.5544463989940798
                },
                "metrics": {
                    "outcome": -1.9131428746561556
                },
                "metadata": {
                    "trials": 1
                }
            }
        ],
        [
            {
                "query": {
                    "x1": -0.5472653226148524,
                    "x2": -1.5476417322663802
                },
                "metrics": {
                    "outcome": -1.9132226998173794
                },
                "metadata": {
                    "trials": 1
                }
            },
            {
                "query": {
                    "x1": -0.5428998186857503,
                    "x2": -1.5443222647436676
                },
                "metrics": {
                    "outcome": -1.913198621511624
                },
                "metadata": {
                    "trials": 1
                }
            },
            {
                "query": {
                    "x1": -0.5514406318084131,
                    "x2": -1.5499605197528763
                },
                "metrics": {
                    "outcome": -1.9131995386843368
                },
                "metadata": {
                    "trials": 1
                }
            },
            {
                "query": {
                    "x1": -0.543289700814505,
                    "x2": -1.5502589735420023
                },
                "metrics": {
                    "outcome": -1.9131740739403673
                },
                "metadata": {
                    "trials": 1
                }
            },
            {
                "query": {
                    "x1": -0.5506112903436247,
                    "x2": -1.5439497313189463
                },
                "metrics": {
                    "outcome": -1.9131785666922827
                },
                "metadata": {
                    "trials": 1
                }
            },
            {
                "query": {
                    "x1": -0.547560543614951,
                    "x2": -1.5533081347239122
                },
                "metrics": {
                    "outcome": -1.913171796504618
                },
                "metadata": {
                    "trials": 1
                }
            }
        ],
        [
            {
                "query": {
                    "x1": -0.5469299712861345,
                    "x2": -1.5471488201465224
                },
                "metrics": {
                    "outcome": -1.9132228637595188
                },
                "metadata": {
                    "trials": 1
                }
            },
            {
                "query": {
                    "x1": -0.5429638599322008,
                    "x2": -1.5446966919654526
                },
                "metrics": {
                    "outcome": -1.913200287963278
                },
                "metadata": {
                    "trials": 1
                }
            },
            {
                "query": {
                    "x1": -0.5508946701191785,
                    "x2": -1.549246827960757
                },
                "metrics": {
                    "outcome": -1.9132059569093744
                },
                "metadata": {
                    "trials": 1
                }
            },
            {
                "query": {
                    "x1": -0.543540857802154,
                    "x2": -1.550247008265853
                },
                "metrics": {
                    "outcome": -1.913177822840988
                },
                "metadata": {
                    "trials": 1
                }
            },
            {
                "query": {
                    "x1": -0.5393319397692437,
                    "x2": -1.541655078223211
                },
                "metrics": {
                    "outcome": -1.9131395126985757
                },
                "metadata": {
                    "trials": 1
                }
            },
            {
                "query": {
                    "x1": -0.5500542793176197,
                    "x2": -1.5437053647581513
                },
                "metrics": {
                    "outcome": -1.9131824713898973
                },
                "metadata": {
                    "trials": 1
                }
            }
        ],
        [
            {
                "query": {
                    "x1": -0.548797985100886,
                    "x2": -1.5482268490935935
                },
                "metrics": {
                    "outcome": -1.9132196358071858
                },
                "metadata": {
                    "trials": 1
                }
            },
            {
                "query": {
                    "x1": -0.5448925778707966,
                    "x2": -1.5461501875472525
                },
                "metrics": {
                    "outcome": -1.9132165039965785
                },
                "metadata": {
                    "trials": 1
                }
            },
            {
                "query": {
                    "x1": -0.5526058354796608,
                    "x2": -1.5500751124825864
                },
                "metrics": {
                    "outcome": -1.9131868694080447
                },
                "metadata": {
                    "trials": 1
                }
            },
            {
                "query": {
                    "x1": -0.541362192065983,
                    "x2": -1.5435536932441292
                },
                "metrics": {
                    "outcome": -1.913179173017956
                },
                "metadata": {
                    "trials": 1
                }
            },
            {
                "query": {
                    "x1": -0.5455095766915099,
                    "x2": -1.5512116409008136
                },
                "metrics": {
                    "outcome": -1.9131880995444046
                },
                "metadata": {
                    "trials": 1
                }
            },
            {
                "query": {
                    "x1": -0.5514820513989138,
                    "x2": -1.5445335516090664
                },
                "metrics": {
                    "outcome": -1.913173536585592
                },
                "metadata": {
                    "trials": 1
                }
            }
        ],
        [
            {
                "query": {
                    "x1": -0.5486813458340843,
                    "x2": -1.548309717961484
                },
                "metrics": {
                    "outcome": -1.9132199002538965
                },
                "metadata": {
                    "trials": 1
                }
            },
            {
                "query": {
                    "x1": -0.5448399772210063,
                    "x2": -1.5463519947381061
                },
                "metrics": {
                    "outcome": -1.9132162233195524
                },
                "metadata": {
                    "trials": 1
                }
            },
            {
                "query": {
                    "x1": -0.5523749053881583,
                    "x2": -1.5499633102101116
                },
                "metrics": {
                    "outcome": -1.9131898610052582
                },
                "metadata": {
                    "trials": 1
                }
            },
            {
                "query": {
                    "x1": -0.541442226281735,
                    "x2": -1.5437529226180398
                },
                "metrics": {
                    "outcome": -1.9131809012080194
                },
                "metadata": {
                    "trials": 1
                }
            },
            {
                "query": {
                    "x1": -0.5455287813906867,
                    "x2": -1.5511905424810886
                },
                "metrics": {
                    "outcome": -1.9131885613527433
                },
                "metadata": {
                    "trials": 1
                }
            },
            {
                "query": {
                    "x1": -0.547794170277053,
                    "x2": -1.543289270083161
                },
                "metrics": {
                    "outcome": -1.9131979089370588
                },
                "metadata": {
                    "trials": 1
                }
            }
        ],
        [
            {
                "query": {
                    "x1": -0.549556237830794,
                    "x2": -1.5486612502848205
                },
                "metrics": {
                    "outcome": -1.9132158320504815
                },
                "metadata": {
                    "trials": 1
                }
            },
            {
                "query": {
                    "x1": -0.5456536483495662,
                    "x2": -1.5470036418085877
                },
                "metrics": {
                    "outcome": -1.9132198243670575
                },
                "metadata": {
                    "trials": 1
                }
            },
            {
                "query": {
                    "x1": -0.5422270399083698,
                    "x2": -1.5446396397547164
                },
                "metrics": {
                    "outcome": -1.9131925569762327
                },
                "metadata": {
                    "trials": 1
                }
            },
            {
                "query": {
                    "x1": -0.5531613471932204,
                    "x2": -1.5502258024345978
                },
                "metrics": {
                    "outcome": -1.9131793863122057
                },
                "metadata": {
                    "trials": 1
                }
            },
            {
                "query": {
                    "x1": -0.5465060796407495,
                    "x2": -1.5515757752108006
                },
                "metrics": {
                    "outcome": -1.9131913717795692
                },
                "metadata": {
                    "trials": 1
                }
            },
            {
                "query": {
                    "x1": -0.5458234774260502,
                    "x2": -1.5422452484931783
                },
                "metrics": {
                    "outcome": -1.9131927997321352
                },
                "metadata": {
                    "trials": 1
                }
            }
        ],
        [
            {
                "query": {
                    "x1": -0.5500256768546006,
                    "x2": -1.5487697994401242
                },
                "metrics": {
                    "outcome": -1.91321300031623
                },
                "metadata": {
                    "trials": 1
                }
            },
            {
                "query": {
                    "x1": -0.5460560369933292,
                    "x2": -1.547411133580288
                },
                "metrics": {
                    "outcome": -1.9132207457789017
                },
                "metadata": {
                    "trials": 1
                }
            },
            {
                "query": {
                    "x1": -0.542512031093549,
                    "x2": -1.5452102439593274
                },
                "metrics": {
                    "outcome": -1.9131963693460174
                },
                "metadata": {
                    "trials": 1
                }
            },
            {
                "query": {
                    "x1": -0.5535518602372493,
                    "x2": -1.5502854032093318
                },
                "metrics": {
                    "outcome": -1.913173750686929
                },
                "metadata": {
                    "trials": 1
                }
            },
            {
                "query": {
                    "x1": -0.5394059516394709,
                    "x2": -1.5422732426171881
                },
                "metrics": {
                    "outcome": -1.9131445475331814
                },
                "metadata": {
                    "trials": 1
                }
            },
            {
                "query": {
                    "x1": -0.5486634645784156,
                    "x2": -1.544249404492077
                },
                "metrics": {
                    "outcome": -1.9132025194477196
                },
                "metadata": {
                    "trials": 1
                }
            }
        ],
        [
            {
                "query": {
                    "x1": -0.5498481384579531,
                    "x2": -1.548982918101568
                },
                "metrics": {
                    "outcome": -1.9132136929734074
                },
                "metadata": {
                    "trials": 1
                }
            },
            {
                "query": {
                    "x1": -0.5459368709962683,
                    "x2": -1.5481354054268892
                },
                "metrics": {
                    "outcome": -1.9132180762974755
                },
                "metadata": {
                    "trials": 1
                }
            },
            {
                "query": {
                    "x1": -0.5426176995387368,
                    "x2": -1.5458587673423785
                },
                "metrics": {
                    "outcome": -1.9131972646856248
                },
                "metadata": {
                    "trials": 1
                }
            },
            {
                "query": {
                    "x1": -0.5533570083073225,
                    "x2": -1.5501454222262363
                },
                "metrics": {
                    "outcome": -1.9131767883363473
                },
                "metadata": {
                    "trials": 1
                }
            },
            {
                "query": {
                    "x1": -0.5482451074466114,
                    "x2": -1.5446761370488387
                },
                "metrics": {
                    "outcome": -1.9132092765497895
                },
                "metadata": {
                    "trials": 1
                }
            },
            {
                "query": {
                    "x1": -0.5400177799852278,
                    "x2": -1.54239754562033
                },
                "metrics": {
                    "outcome": -1.9131550053272295
                },
                "metadata": {
                    "trials": 1
                }
            }
        ],
        [
            {
                "query": {
                    "x1": -0.5497780945936254,
                    "x2": -1.5491297351115825
                },
                "metrics": {
                    "outcome": -1.9132137241071958
                },
                "metadata": {
                    "trials": 1
                }
            },
            {
                "query": {
                    "x1": -0.5459243517540776,
                    "x2": -1.5487053129273158
                },
                "metrics": {
                    "outcome": -1.9132151974129368
                },
                "metadata": {
                    "trials": 1
                }
            },
            {
                "query": {
                    "x1": -0.5426984534854523,
                    "x2": -1.5464648574333333
                },
                "metrics": {
                    "outcome": -1.9131969050071573
                },
                "metadata": {
                    "trials": 1
                }
            },
            {
                "query": {
                    "x1": -0.5479860770738872,
                    "x2": -1.5450212061262345
                },
                "metrics": {
                    "outcome": -1.9132133302979852
                },
                "metadata": {
                    "trials": 1
                }
            },
            {
                "query": {
                    "x1": -0.5532597634431476,
                    "x2": -1.5500009140033726
                },
                "metrics": {
                    "outcome": -1.9131783590577522
                },
                "metadata": {
                    "trials": 1
                }
            },
            {
                "query": {
                    "x1": -0.5408578579322623,
                    "x2": -1.5423950833569084
                },
                "metrics": {
                    "outcome": -1.9131667196486206
                },
                "metadata": {
                    "trials": 1
                }
            }
        ],
        [
            {
                "query": {
                    "x1": -0.5497715345169719,
                    "x2": -1.5492215660704218
                },
                "metrics": {
                    "outcome": -1.9132135060567328
                },
                "metadata": {
                    "trials": 1
                }
            },
            {
                "query": {
                    "x1": -0.545962230296485,
                    "x2": -1.549127427709141
                },
                "metrics": {
                    "outcome": -1.9132127276457314
                },
                "metadata": {
                    "trials": 1
                }
            },
            {
                "query": {
                    "x1": -0.5427489423784069,
                    "x2": -1.5470320951621548
                },
                "metrics": {
                    "outcome": -1.9131953827488464
                },
                "metadata": {
                    "trials": 1
                }
            },
            {
                "query": {
                    "x1": -0.5478456341460156,
                    "x2": -1.5452939522517175
                },
                "metrics": {
                    "outcome": -1.9132157611689502
                },
                "metadata": {
                    "trials": 1
                }
            },
            {
                "query": {
                    "x1": -0.5532190187105135,
                    "x2": -1.5498380817191824
                },
                "metrics": {
                    "outcome": -1.9131790895743768
                },
                "metadata": {
                    "trials": 1
                }
            },
            {
                "query": {
                    "x1": -0.544677199940998,
                    "x2": -1.5430665328188784
                },
                "metrics": {
                    "outcome": -1.913201179488523
                },
                "metadata": {
                    "trials": 1
                }
            }
        ],
        [
            {
                "query": {
                    "x1": -0.5497465714935438,
                    "x2": -1.5493553031683236
                },
                "metrics": {
                    "outcome": -1.9132132177614638
                },
                "metadata": {
                    "trials": 1
                }
            },
            {
                "query": {
                    "x1": -0.5457761862631292,
                    "x2": -1.549372746877054
                },
                "metrics": {
                    "outcome": -1.913209773704354
                },
                "metadata": {
                    "trials": 1
                }
            },
            {
                "query": {
                    "x1": -0.5425851277089699,
                    "x2": -1.5472493544966057
                },
                "metrics": {
                    "outcome": -1.9131921857380831
                },
                "metadata": {
                    "trials": 1
                }
            },
            {
                "query": {
                    "x1": -0.5477242834124483,
                    "x2": -1.5455831116172474
                },
                "metrics": {
                    "outcome": -1.913217857956699
                },
                "metadata": {
                    "trials": 1
                }
            },
            {
                "query": {
                    "x1": -0.5531611330197579,
                    "x2": -1.5496558659991575
                },
                "metrics": {
                    "outcome": -1.913180005171427
                },
                "metadata": {
                    "trials": 1
                }
            },
            {
                "query": {
                    "x1": -0.5439188315751909,
                    "x2": -1.5429067777056833
                },
                "metrics": {
                    "outcome": -1.9131970842773578
                },
                "metadata": {
                    "trials": 1
                }
            }
        ],
        [
            {
                "query": {
                    "x1": -0.549822062088575,
                    "x2": -1.549412346610476
                },
                "metrics": {
                    "outcome": -1.9132126559034104
                },
                "metadata": {
                    "trials": 1
                }
            },
            {
                "query": {
                    "x1": -0.5446987143327808,
                    "x2": -1.549185046130646
                },
                "metrics": {
                    "outcome": -1.9132027145768187
                },
                "metadata": {
                    "trials": 1
                }
            },
            {
                "query": {
                    "x1": -0.5419014674934621,
                    "x2": -1.5463241515927297
                },
                "metrics": {
                    "outcome": -1.9131868937733896
                },
                "metadata": {
                    "trials": 1
                }
            },
            {
                "query": {
                    "x1": -0.5474054339769706,
                    "x2": -1.5461334034847718
                },
                "metrics": {
                    "outcome": -1.913221019386742
                },
                "metadata": {
                    "trials": 1
                }
            },
            {
                "query": {
                    "x1": -0.5531922789910703,
                    "x2": -1.5495185046843722
                },
                "metrics": {
                    "outcome": -1.913179563386521
                },
                "metadata": {
                    "trials": 1
                }
            },
            {
                "query": {
                    "x1": -0.5444983291123178,
                    "x2": -1.5426707969536841
                },
                "metrics": {
                    "outcome": -1.9131969741208419
                },
                "metadata": {
                    "trials": 1
                }
            }
        ],
        [
            {
                "query": {
                    "x1": -0.5498605050544924,
                    "x2": -1.5495000072130836
                },
                "metrics": {
                    "outcome": -1.9132121591902362
                },
                "metadata": {
                    "trials": 1
                }
            },
            {
                "query": {
                    "x1": -0.5448707642068757,
                    "x2": -1.5494602110509967
                },
                "metrics": {
                    "outcome": -1.913201890178006
                },
                "metadata": {
                    "trials": 1
                }
            },
            {
                "query": {
                    "x1": -0.5420223342505732,
                    "x2": -1.5467576650780956
                },
                "metrics": {
                    "outcome": -1.9131868642824177
                },
                "metadata": {
                    "trials": 1
                }
            },
            {
                "query": {
                    "x1": -0.5474715086239612,
                    "x2": -1.5462617482744747
                },
                "metrics": {
                    "outcome": -1.9132213017601307
                },
                "metadata": {
                    "trials": 1
                }
            },
            {
                "query": {
                    "x1": -0.544629641248842,
                    "x2": -1.543136394520286
                },
                "metrics": {
                    "outcome": -1.9132016724518461
                },
                "metadata": {
                    "trials": 1
                }
            },
            {
                "query": {
                    "x1": -0.5531843095297881,
                    "x2": -1.5493394370916547
                },
                "metrics": {
                    "outcome": -1.9131796056002615
                },
                "metadata": {
                    "trials": 1
                }
            }
        ],
        [
            {
                "query": {
                    "x1": -0.5449783457697054,
                    "x2": -1.549636364801351
                },
                "metrics": {
                    "outcome": -1.9132012369573905
                },
                "metadata": {
                    "trials": 1
                }
            },
            {
                "query": {
                    "x1": -0.5498924125486084,
                    "x2": -1.54955368777169
                },
                "metrics": {
                    "outcome": -1.913211803737477
                },
                "metadata": {
                    "trials": 1
                }
            },
            {
                "query": {
                    "x1": -0.5421295893395983,
                    "x2": -1.5469962920910023
                },
                "metrics": {
                    "outcome": -1.9131872355584352
                },
                "metadata": {
                    "trials": 1
                }
            },
            {
                "query": {
                    "x1": -0.5475444510837685,
                    "x2": -1.5463273080890654
                },
                "metrics": {
                    "outcome": -1.9132213549349868
                },
                "metadata": {
                    "trials": 1
                }
            },
            {
                "query": {
                    "x1": -0.5444733467330186,
                    "x2": -1.5433570020274063
                },
                "metrics": {
                    "outcome": -1.9132030241352078
                },
                "metadata": {
                    "trials": 1
                }
            },
            {
                "query": {
                    "x1": -0.5507378001479757,
                    "x2": -1.5454744246761156
                },
                "metrics": {
                    "outcome": -1.913193822580741
                },
                "metadata": {
                    "trials": 1
                }
            }
        ],
        [
            {
                "query": {
                    "x1": -0.5501711228376938,
                    "x2": -1.5496661374187366
                },
                "metrics": {
                    "outcome": -1.913209888861342
                },
                "metadata": {
                    "trials": 1
                }
            },
            {
                "query": {
                    "x1": -0.5457107254462394,
                    "x2": -1.5500356577682186
                },
                "metrics": {
                    "outcome": -1.9132034594833707
                },
                "metadata": {
                    "trials": 1
                }
            },
            {
                "query": {
                    "x1": -0.542646783703811,
                    "x2": -1.547925522405229
                },
                "metrics": {
                    "outcome": -1.9131887573023612
                },
                "metadata": {
                    "trials": 1
                }
            },
            {
                "query": {
                    "x1": -0.5423285419837605,
                    "x2": -1.5433054210726023
                },
                "metrics": {
                    "outcome": -1.9131887078612682
                },
                "metadata": {
                    "trials": 1
                }
            },
            {
                "query": {
                    "x1": -0.5486082402622232,
                    "x2": -1.5457929483001538
                },
                "metrics": {
                    "outcome": -1.9132150290961651
                },
                "metadata": {
                    "trials": 1
                }
            },
            {
                "query": {
                    "x1": -0.5459571595127084,
                    "x2": -1.5431776424390171
                },
                "metrics": {
                    "outcome": -1.9132032353729405
                },
                "metadata": {
                    "trials": 1
                }
            }
        ],
        [
            {
                "query": {
                    "x1": -0.5506412962394597,
                    "x2": -1.549560499678862
                },
                "metrics": {
                    "outcome": -1.9132072030286014
                },
                "metadata": {
                    "trials": 1
                }
            },
            {
                "query": {
                    "x1": -0.5470869949806092,
                    "x2": -1.5504268603318638
                },
                "metrics": {
                    "outcome": -1.9132075910618873
                },
                "metadata": {
                    "trials": 1
                }
            },
            {
                "query": {
                    "x1": -0.5437855553133635,
                    "x2": -1.5491824220468373
                },
                "metrics": {
                    "outcome": -1.913192946657583
                },
                "metadata": {
                    "trials": 1
                }
            },
            {
                "query": {
                    "x1": -0.5490808637862346,
                    "x2": -1.5457021570393639
                },
                "metrics": {
                    "outcome": -1.9132114741665616
                },
                "metadata": {
                    "trials": 1
                }
            },
            {
                "query": {
                    "x1": -0.5417208099139308,
                    "x2": -1.545525719512606
                },
                "metrics": {
                    "outcome": -1.913186319439609
                },
                "metadata": {
                    "trials": 1
                }
            },
            {
                "query": {
                    "x1": -0.5451308051774828,
                    "x2": -1.5434816046499253
                },
                "metrics": {
                    "outcome": -1.9132057393021524
                },
                "metadata": {
                    "trials": 1
                }
            }
        ],
        [
            {
                "query": {
                    "x1": -0.5509226911414142,
                    "x2": -1.5494173057450653
                },
                "metrics": {
                    "outcome": -1.9132054029139263
                },
                "metadata": {
                    "trials": 1
                }
            },
            {
                "query": {
                    "x1": -0.547489511604207,
                    "x2": -1.550510002693112
                },
                "metrics": {
                    "outcome": -1.9132082099150178
                },
                "metadata": {
                    "trials": 1
                }
            },
            {
                "query": {
                    "x1": -0.5441857957048907,
                    "x2": -1.5494746126672745
                },
                "metrics": {
                    "outcome": -1.9131947496335746
                },
                "metadata": {
                    "trials": 1
                }
            },
            {
                "query": {
                    "x1": -0.5492986867179299,
                    "x2": -1.5456063506393023
                },
                "metrics": {
                    "outcome": -1.9132092090484902
                },
                "metadata": {
                    "trials": 1
                }
            },
            {
                "query": {
                    "x1": -0.5418514495109703,
                    "x2": -1.5461759393146548
                },
                "metrics": {
                    "outcome": -1.9131866746098836
                },
                "metadata": {
                    "trials": 1
                }
            },
            {
                "query": {
                    "x1": -0.5445064906157718,
                    "x2": -1.5428614495557829
                },
                "metrics": {
                    "outcome": -1.913198837387565
                },
                "metadata": {
                    "trials": 1
                }
            }
        ]
    ],
    "best_results": [
        {
            "query": {
                "x1": -0.5469299712861345,
                "x2": -1.5471488201465224
            },
            "metrics": [
                {
                    "name": "outcome",
                    "value": -1.9132228637595188
                }
            ]
        }
    ]
}