{
    "date": "04/11/2022 14:00:47",
    "basic_params": {
        "active_variables": [
            "x1",
            "x2"
        ],
        "default_query": {},
        "metric": "basic",
        "n_trials": 1
    },
    "objective_function": {
        "name": "McCormick",
        "params": {}
    },
    "optimizer": {
        "name": "BBO-LP(LCB)",
        "params": {
            "lower_bound": [
                -1.5,
                -3.0
            ],
            "upper_bound": [
                4.0,
                4.0
            ],
            "invert_metric": false,
            "bopt_params": {
                "n_init_samples": 15,
                "n_iterations": 45,
                "n_iter_relearn": 5,
                "verbose_level": 1,
                "n_parallel_samples": 3,
                "par_type": "PAR_BBO",
                "crit_name": "cLP(cLCB)",
                "n_crit_params": 3,
                "crit_params": [
                    3,
                    1,
                    1.0
                ]
            }
        }
    },
    "iterations": [
        [
            {
                "query": {
                    "x1": 2.8473932174422467,
                    "x2": -2.162345019790034
                },
                "metrics": {
                    "outcome": 17.053235165910156
                },
                "metadata": {
                    "trials": 1
                }
            }
        ],
        [
            {
                "query": {
                    "x1": 0.6843785317692284,
                    "x2": -1.375681764492765
                },
                "metrics": {
                    "outcome": 0.1405344609194472
                },
                "metadata": {
                    "trials": 1
                }
            }
        ],
        [
            {
                "query": {
                    "x1": -1.0166203690149511,
                    "x2": 3.978258515816803
                },
                "metrics": {
                    "outcome": 37.598376732233376
                },
                "metadata": {
                    "trials": 1
                }
            }
        ],
        [
            {
                "query": {
                    "x1": 1.8539191101367276,
                    "x2": 2.4437908155222736
                },
                "metrics": {
                    "outcome": 3.761301327151003
                },
                "metadata": {
                    "trials": 1
                }
            }
        ],
        [
            {
                "query": {
                    "x1": 2.260939925474425,
                    "x2": -0.2810641177464279
                },
                "metrics": {
                    "outcome": 4.285201734861304
                },
                "metadata": {
                    "trials": 1
                }
            }
        ],
        [
            {
                "query": {
                    "x1": -0.5194484846976896,
                    "x2": -1.1205586658945927
                },
                "metrics": {
                    "outcome": -1.65849637459268
                },
                "metadata": {
                    "trials": 1
                }
            }
        ],
        [
            {
                "query": {
                    "x1": -0.15171732118663694,
                    "x2": 1.8051538129958011
                },
                "metrics": {
                    "outcome": 10.566392394547684
                },
                "metadata": {
                    "trials": 1
                }
            }
        ],
        [
            {
                "query": {
                    "x1": 0.9448108485977476,
                    "x2": 1.3876802762970328
                },
                "metrics": {
                    "outcome": 3.9717851353926634
                },
                "metadata": {
                    "trials": 1
                }
            }
        ],
        [
            {
                "query": {
                    "x1": -1.304390028778774,
                    "x2": -2.5335111163246133
                },
                "metrics": {
                    "outcome": -1.2250642170162616
                },
                "metadata": {
                    "trials": 1
                }
            }
        ],
        [
            {
                "query": {
                    "x1": 3.0331760371336713,
                    "x2": 3.4691088379360737
                },
                "metrics": {
                    "outcome": 5.530396251287545
                },
                "metadata": {
                    "trials": 1
                }
            }
        ],
        [
            {
                "query": {
                    "x1": -0.026341985895608877,
                    "x2": 0.06328807311753426
                },
                "metrics": {
                    "outcome": 1.2427043915944078
                },
                "metadata": {
                    "trials": 1
                }
            }
        ],
        [
            {
                "query": {
                    "x1": 1.4024074812652545,
                    "x2": -1.681888375788306
                },
                "metrics": {
                    "outcome": 3.928692050259115
                },
                "metadata": {
                    "trials": 1
                }
            }
        ],
        [
            {
                "query": {
                    "x1": 3.481070906079063,
                    "x2": 0.8330851482382666
                },
                "metrics": {
                    "outcome": 3.9511873985876793
                },
                "metadata": {
                    "trials": 1
                }
            }
        ],
        [
            {
                "query": {
                    "x1": 3.859780089238969,
                    "x2": 2.691339383584758
                },
                "metrics": {
                    "outcome": 3.5686718856483575
                },
                "metadata": {
                    "trials": 1
                }
            }
        ],
        [
            {
                "query": {
                    "x1": 1.6764405428276707,
                    "x2": 0.5300951471086597
                },
                "metrics": {
                    "outcome": 1.9293177226899245
                },
                "metadata": {
                    "trials": 1
                }
            }
        ],
        [
            {
                "query": {
                    "x1": -0.7097054722259356,
                    "x2": -1.6433634070072862
                },
                "metrics": {
                    "outcome": -1.8814466342743992
                },
                "metadata": {
                    "trials": 1
                }
            },
            {
                "query": {
                    "x1": -0.7968868294533514,
                    "x2": -1.6596649169207944
                },
                "metrics": {
                    "outcome": -1.8421507102219605
                },
                "metadata": {
                    "trials": 1
                }
            },
            {
                "query": {
                    "x1": -0.6230094694812607,
                    "x2": -1.625270970399752
                },
                "metrics": {
                    "outcome": -1.9032873338821492
                },
                "metadata": {
                    "trials": 1
                }
            }
        ],
        [
            {
                "query": {
                    "x1": -0.6304078791048078,
                    "x2": -1.4337960101601577
                },
                "metrics": {
                    "outcome": -1.8741697696311594
                },
                "metadata": {
                    "trials": 1
                }
            },
            {
                "query": {
                    "x1": -0.5868533225898145,
                    "x2": -1.4330968636854944
                },
                "metrics": {
                    "outcome": -1.887148866415421
                },
                "metadata": {
                    "trials": 1
                }
            },
            {
                "query": {
                    "x1": -0.6735646389795302,
                    "x2": -1.4321677672996034
                },
                "metrics": {
                    "outcome": -1.854894970302186
                },
                "metadata": {
                    "trials": 1
                }
            }
        ],
        [
            {
                "query": {
                    "x1": -0.6927326153955868,
                    "x2": -1.974738728113618
                },
                "metrics": {
                    "outcome": -1.7107650823193055
                },
                "metadata": {
                    "trials": 1
                }
            },
            {
                "query": {
                    "x1": -0.6378327344695043,
                    "x2": -1.9285002969324851
                },
                "metrics": {
                    "outcome": -1.7427315291273278
                },
                "metadata": {
                    "trials": 1
                }
            },
            {
                "query": {
                    "x1": -0.7501085404888141,
                    "x2": -2.0144044573950994
                },
                "metrics": {
                    "outcome": -1.680611038366873
                },
                "metadata": {
                    "trials": 1
                }
            }
        ],
        [
            {
                "query": {
                    "x1": -0.4512115955065674,
                    "x2": -1.5367640929391357
                },
                "metrics": {
                    "outcome": -1.9009040656985885
                },
                "metadata": {
                    "trials": 1
                }
            },
            {
                "query": {
                    "x1": -0.42548376180289194,
                    "x2": -1.5286667730036645
                },
                "metrics": {
                    "outcome": -1.8938438030380564
                },
                "metadata": {
                    "trials": 1
                }
            },
            {
                "query": {
                    "x1": -0.4774916244816432,
                    "x2": -1.5420399102618343
                },
                "metrics": {
                    "outcome": -1.9065958091087247
                },
                "metadata": {
                    "trials": 1
                }
            }
        ],
        [
            {
                "query": {
                    "x1": -0.5667965784189553,
                    "x2": -1.5406066925852042
                },
                "metrics": {
                    "outcome": -1.912463958180934
                },
                "metadata": {
                    "trials": 1
                }
            },
            {
                "query": {
                    "x1": -0.5555575554852774,
                    "x2": -1.5345727204454296
                },
                "metrics": {
                    "outcome": -1.9127747092694998
                },
                "metadata": {
                    "trials": 1
                }
            },
            {
                "query": {
                    "x1": -0.5781877307517591,
                    "x2": -1.5459538587797066
                },
                "metrics": {
                    "outcome": -1.9118030012704126
                },
                "metadata": {
                    "trials": 1
                }
            }
        ],
        [
            {
                "query": {
                    "x1": -0.5427475258817306,
                    "x2": -1.5635701360234928
                },
                "metrics": {
                    "outcome": -1.9127279642054216
                },
                "metadata": {
                    "trials": 1
                }
            },
            {
                "query": {
                    "x1": -0.5386255269708321,
                    "x2": -1.5564594267276441
                },
                "metrics": {
                    "outcome": -1.9129047009593627
                },
                "metadata": {
                    "trials": 1
                }
            },
            {
                "query": {
                    "x1": -0.5480781171696992,
                    "x2": -1.5691117530262362
                },
                "metrics": {
                    "outcome": -1.912556543853241
                },
                "metadata": {
                    "trials": 1
                }
            }
        ],
        [
            {
                "query": {
                    "x1": -0.5300389128531131,
                    "x2": -1.5279428348456177
                },
                "metrics": {
                    "outcome": -1.912640456100143
                },
                "metadata": {
                    "trials": 1
                }
            },
            {
                "query": {
                    "x1": -0.5349259459621771,
                    "x2": -1.532946106487293
                },
                "metrics": {
                    "outcome": -1.9129128858872058
                },
                "metadata": {
                    "trials": 1
                }
            },
            {
                "query": {
                    "x1": -0.5253055546504555,
                    "x2": -1.5227284412880047
                },
                "metrics": {
                    "outcome": -1.9122774803857654
                },
                "metadata": {
                    "trials": 1
                }
            }
        ],
        [
            {
                "query": {
                    "x1": -0.5486412692331676,
                    "x2": -1.5471607977017614
                },
                "metrics": {
                    "outcome": -1.9132199062473618
                },
                "metadata": {
                    "trials": 1
                }
            },
            {
                "query": {
                    "x1": -0.5514675813382603,
                    "x2": -1.5497574904040556
                },
                "metrics": {
                    "outcome": -1.9131998578142042
                },
                "metadata": {
                    "trials": 1
                }
            },
            {
                "query": {
                    "x1": -0.5456938108478407,
                    "x2": -1.544826095336293
                },
                "metrics": {
                    "outcome": -1.9132156945946202
                },
                "metadata": {
                    "trials": 1
                }
            }
        ],
        [
            {
                "query": {
                    "x1": -0.5478914697377092,
                    "x2": -1.5468412678879404
                },
                "metrics": {
                    "outcome": -1.9132218026979317
                },
                "metadata": {
                    "trials": 1
                }
            },
            {
                "query": {
                    "x1": -0.5505919187385226,
                    "x2": -1.5490307395787832
                },
                "metrics": {
                    "outcome": -1.9132086965464632
                },
                "metadata": {
                    "trials": 1
                }
            },
            {
                "query": {
                    "x1": -0.5450611181578618,
                    "x2": -1.5449777433737264
                },
                "metrics": {
                    "outcome": -1.913214723943355
                },
                "metadata": {
                    "trials": 1
                }
            }
        ],
        [
            {
                "query": {
                    "x1": -0.5473788653324703,
                    "x2": -1.5466316881697502
                },
                "metrics": {
                    "outcome": -1.9132223326695987
                },
                "metadata": {
                    "trials": 1
                }
            },
            {
                "query": {
                    "x1": -0.5500114035817568,
                    "x2": -1.548567501127906
                },
                "metrics": {
                    "outcome": -1.913213296698908
                },
                "metadata": {
                    "trials": 1
                }
            },
            {
                "query": {
                    "x1": -0.5443777560887555,
                    "x2": -1.5450901322868833
                },
                "metrics": {
                    "outcome": -1.913211925115112
                },
                "metadata": {
                    "trials": 1
                }
            }
        ],
        [
            {
                "query": {
                    "x1": -0.5469682943587506,
                    "x2": -1.546345796024494
                },
                "metrics": {
                    "outcome": -1.9132220613586388
                },
                "metadata": {
                    "trials": 1
                }
            },
            {
                "query": {
                    "x1": -0.5495688182427833,
                    "x2": -1.5481045916819862
                },
                "metrics": {
                    "outcome": -1.9132161602443323
                },
                "metadata": {
                    "trials": 1
                }
            },
            {
                "query": {
                    "x1": -0.5442379286282457,
                    "x2": -1.5452847368019382
                },
                "metrics": {
                    "outcome": -1.913211569554949
                },
                "metadata": {
                    "trials": 1
                }
            }
        ],
        [
            {
                "query": {
                    "x1": -0.5518802995743455,
                    "x2": -1.550059805102456
                },
                "metrics": {
                    "outcome": -1.9131950265508224
                },
                "metadata": {
                    "trials": 1
                }
            },
            {
                "query": {
                    "x1": -0.5493076705966093,
                    "x2": -1.5478711527410407
                },
                "metrics": {
                    "outcome": -1.913217537737542
                },
                "metadata": {
                    "trials": 1
                }
            },
            {
                "query": {
                    "x1": -0.5458404186096832,
                    "x2": -1.5458624151239801
                },
                "metrics": {
                    "outcome": -1.9132198142623573
                },
                "metadata": {
                    "trials": 1
                }
            }
        ],
        [
            {
                "query": {
                    "x1": -0.541943450477648,
                    "x2": -1.5451459364753553
                },
                "metrics": {
                    "outcome": -1.9131895552791067
                },
                "metadata": {
                    "trials": 1
                }
            },
            {
                "query": {
                    "x1": -0.544763988673483,
                    "x2": -1.5454297912195574
                },
                "metrics": {
                    "outcome": -1.913214862364263
                },
                "metadata": {
                    "trials": 1
                }
            },
            {
                "query": {
                    "x1": -0.5392056873758317,
                    "x2": -1.5451729943445818
                },
                "metrics": {
                    "outcome": -1.9131438192535475
                },
                "metadata": {
                    "trials": 1
                }
            }
        ],
        [
            {
                "query": {
                    "x1": -0.5539264750076599,
                    "x2": -1.5519438288047998
                },
                "metrics": {
                    "outcome": -1.9131621314215734
                },
                "metadata": {
                    "trials": 1
                }
            },
            {
                "query": {
                    "x1": -0.5516553934655554,
                    "x2": -1.549510247646305
                },
                "metrics": {
                    "outcome": -1.9131985298832905
                },
                "metadata": {
                    "trials": 1
                }
            },
            {
                "query": {
                    "x1": -0.556150404740488,
                    "x2": -1.5543033522982481
                },
                "metrics": {
                    "outcome": -1.9131082253905287
                },
                "metadata": {
                    "trials": 1
                }
            }
        ],
        [
            {
                "query": {
                    "x1": -0.54298542169609,
                    "x2": -1.5447682295066263
                },
                "metrics": {
                    "outcome": -1.9132006525326908
                },
                "metadata": {
                    "trials": 1
                }
            },
            {
                "query": {
                    "x1": -0.5456368680501881,
                    "x2": -1.5448185593667323
                },
                "metrics": {
                    "outcome": -1.9132155594579792
                },
                "metadata": {
                    "trials": 1
                }
            },
            {
                "query": {
                    "x1": -0.5404345938406347,
                    "x2": -1.54536182368556
                },
                "metrics": {
                    "outcome": -1.9131666087788886
                },
                "metadata": {
                    "trials": 1
                }
            }
        ],
        [
            {
                "query": {
                    "x1": -0.5514441900500159,
                    "x2": -1.5492033468837692
                },
                "metrics": {
                    "outcome": -1.913201026288312
                },
                "metadata": {
                    "trials": 1
                }
            },
            {
                "query": {
                    "x1": -0.5470570162591482,
                    "x2": -1.545267489711934
                },
                "metrics": {
                    "outcome": -1.913217895351182
                },
                "metadata": {
                    "trials": 1
                }
            },
            {
                "query": {
                    "x1": -0.5493151032713766,
                    "x2": -1.5469639763930885
                },
                "metrics": {
                    "outcome": -1.9132158908186887
                },
                "metadata": {
                    "trials": 1
                }
            }
        ],
        [
            {
                "query": {
                    "x1": -0.5423123459275796,
                    "x2": -1.545148944097275
                },
                "metrics": {
                    "outcome": -1.913194062717015
                },
                "metadata": {
                    "trials": 1
                }
            },
            {
                "query": {
                    "x1": -0.5448932554328939,
                    "x2": -1.5445760831844761
                },
                "metrics": {
                    "outcome": -1.9132123381929036
                },
                "metadata": {
                    "trials": 1
                }
            },
            {
                "query": {
                    "x1": -0.5398704384290657,
                    "x2": -1.5458984622666145
                },
                "metrics": {
                    "outcome": -1.9131543435568417
                },
                "metadata": {
                    "trials": 1
                }
            }
        ],
        [
            {
                "query": {
                    "x1": -0.5532488143216912,
                    "x2": -1.5513537175772107
                },
                "metrics": {
                    "outcome": -1.913174336314372
                },
                "metadata": {
                    "trials": 1
                }
            },
            {
                "query": {
                    "x1": -0.5512935982710028,
                    "x2": -1.5489370271793226
                },
                "metrics": {
                    "outcome": -1.913202672631308
                },
                "metadata": {
                    "trials": 1
                }
            },
            {
                "query": {
                    "x1": -0.5552332631981466,
                    "x2": -1.553568771645171
                },
                "metrics": {
                    "outcome": -1.9131305592047774
                },
                "metadata": {
                    "trials": 1
                }
            }
        ],
        [
            {
                "query": {
                    "x1": -0.5443287858413566,
                    "x2": -1.544126163697836
                },
                "metrics": {
                    "outcome": -1.9132076174702424
                },
                "metadata": {
                    "trials": 1
                }
            },
            {
                "query": {
                    "x1": -0.5420505037688835,
                    "x2": -1.5453086226723125
                },
                "metrics": {
                    "outcome": -1.9131908744289987
                },
                "metadata": {
                    "trials": 1
                }
            },
            {
                "query": {
                    "x1": -0.5467610578951287,
                    "x2": -1.544351941740772
                },
                "metrics": {
                    "outcome": -1.9132124836995095
                },
                "metadata": {
                    "trials": 1
                }
            }
        ],
        [
            {
                "query": {
                    "x1": -0.5462610922286757,
                    "x2": -1.5442615846790395
                },
                "metrics": {
                    "outcome": -1.9132124588000345
                },
                "metadata": {
                    "trials": 1
                }
            },
            {
                "query": {
                    "x1": -0.5438743976269329,
                    "x2": -1.544759202585702
                },
                "metrics": {
                    "outcome": -1.913207782386766
                },
                "metadata": {
                    "trials": 1
                }
            },
            {
                "query": {
                    "x1": -0.5483734186298062,
                    "x2": -1.5455440956410536
                },
                "metrics": {
                    "outcome": -1.9132148511373392
                },
                "metadata": {
                    "trials": 1
                }
            }
        ],
        [
            {
                "query": {
                    "x1": -0.552910075313267,
                    "x2": -1.5512372126999345
                },
                "metrics": {
                    "outcome": -1.9131790524010972
                },
                "metadata": {
                    "trials": 1
                }
            },
            {
                "query": {
                    "x1": -0.5510966620879262,
                    "x2": -1.5488702030292645
                },
                "metrics": {
                    "outcome": -1.9132045696301714
                },
                "metadata": {
                    "trials": 1
                }
            },
            {
                "query": {
                    "x1": -0.541601195577659,
                    "x2": -1.5464125439064267
                },
                "metrics": {
                    "outcome": -1.9131821512597025
                },
                "metadata": {
                    "trials": 1
                }
            }
        ],
        [
            {
                "query": {
                    "x1": -0.5417593653653264,
                    "x2": -1.5461939017376174
                },
                "metrics": {
                    "outcome": -1.9131852988210114
                },
                "metadata": {
                    "trials": 1
                }
            },
            {
                "query": {
                    "x1": -0.545747720620111,
                    "x2": -1.5438941332987637
                },
                "metrics": {
                    "outcome": -1.9132097270475361
                },
                "metadata": {
                    "trials": 1
                }
            },
            {
                "query": {
                    "x1": -0.552481800877344,
                    "x2": -1.5507750610556545
                },
                "metrics": {
                    "outcome": -1.9131860954097766
                },
                "metadata": {
                    "trials": 1
                }
            }
        ],
        [
            {
                "query": {
                    "x1": -0.5464775281051277,
                    "x2": -1.5438317376635662
                },
                "metrics": {
                    "outcome": -1.9132087203595112
                },
                "metadata": {
                    "trials": 1
                }
            },
            {
                "query": {
                    "x1": -0.5525050226040389,
                    "x2": -1.5508312738403178
                },
                "metrics": {
                    "outcome": -1.913185596164178
                },
                "metadata": {
                    "trials": 1
                }
            },
            {
                "query": {
                    "x1": -0.5417322100093931,
                    "x2": -1.5463912847563654
                },
                "metrics": {
                    "outcome": -1.9131841957870597
                },
                "metadata": {
                    "trials": 1
                }
            }
        ],
        [
            {
                "query": {
                    "x1": -0.546719340186272,
                    "x2": -1.5437511420857906
                },
                "metrics": {
                    "outcome": -1.913207470212074
                },
                "metadata": {
                    "trials": 1
                }
            },
            {
                "query": {
                    "x1": -0.5525026901292509,
                    "x2": -1.5508913305934133
                },
                "metrics": {
                    "outcome": -1.9131853538673984
                },
                "metadata": {
                    "trials": 1
                }
            },
            {
                "query": {
                    "x1": -0.5417141114032119,
                    "x2": -1.546556069361256
                },
                "metrics": {
                    "outcome": -1.9131832470006893
                },
                "metadata": {
                    "trials": 1
                }
            }
        ],
        [
            {
                "query": {
                    "x1": -0.5468351833207635,
                    "x2": -1.5436506302942068
                },
                "metrics": {
                    "outcome": -1.9132061910994373
                },
                "metadata": {
                    "trials": 1
                }
            },
            {
                "query": {
                    "x1": -0.5524845385530388,
                    "x2": -1.550942189779538
                },
                "metrics": {
                    "outcome": -1.913185316812065
                },
                "metadata": {
                    "trials": 1
                }
            },
            {
                "query": {
                    "x1": -0.5417304467675772,
                    "x2": -1.5466924669239015
                },
                "metrics": {
                    "outcome": -1.9131828713516392
                },
                "metadata": {
                    "trials": 1
                }
            }
        ],
        [
            {
                "query": {
                    "x1": -0.5468995831710818,
                    "x2": -1.5435551016226907
                },
                "metrics": {
                    "outcome": -1.9132050409934136
                },
                "metadata": {
                    "trials": 1
                }
            },
            {
                "query": {
                    "x1": -0.552449004444611,
                    "x2": -1.5509767899170936
                },
                "metrics": {
                    "outcome": -1.9131855355218308
                },
                "metadata": {
                    "trials": 1
                }
            },
            {
                "query": {
                    "x1": -0.548829843999451,
                    "x2": -1.5450908165353618
                },
                "metrics": {
                    "outcome": -1.913208877176734
                },
                "metadata": {
                    "trials": 1
                }
            }
        ],
        [
            {
                "query": {
                    "x1": -0.5414029626291661,
                    "x2": -1.5471536856612214
                },
                "metrics": {
                    "outcome": -1.9131751072821919
                },
                "metadata": {
                    "trials": 1
                }
            },
            {
                "query": {
                    "x1": -0.5430425409188544,
                    "x2": -1.5449864926988828
                },
                "metrics": {
                    "outcome": -1.9132016059592325
                },
                "metadata": {
                    "trials": 1
                }
            },
            {
                "query": {
                    "x1": -0.5458643923435473,
                    "x2": -1.5433857210411617
                },
                "metrics": {
                    "outcome": -1.9132053376044493
                },
                "metadata": {
                    "trials": 1
                }
            }
        ],
        [
            {
                "query": {
                    "x1": -0.5527220196174681,
                    "x2": -1.5515977488794483
                },
                "metrics": {
                    "outcome": -1.913179121493231
                },
                "metadata": {
                    "trials": 1
                }
            },
            {
                "query": {
                    "x1": -0.5512263954513286,
                    "x2": -1.5491629673296654
                },
                "metrics": {
                    "outcome": -1.9132031565927372
                },
                "metadata": {
                    "trials": 1
                }
            },
            {
                "query": {
                    "x1": -0.5474500473929743,
                    "x2": -1.5438404932345522
                },
                "metrics": {
                    "outcome": -1.9132057501016568
                },
                "metadata": {
                    "trials": 1
                }
            }
        ],
        [
            {
                "query": {
                    "x1": -0.5414607711932342,
                    "x2": -1.5474891223422103
                },
                "metrics": {
                    "outcome": -1.9131737615845643
                },
                "metadata": {
                    "trials": 1
                }
            },
            {
                "query": {
                    "x1": -0.5463007044643513,
                    "x2": -1.5433031275472409
                },
                "metrics": {
                    "outcome": -1.9132040200095726
                },
                "metadata": {
                    "trials": 1
                }
            },
            {
                "query": {
                    "x1": -0.5429775069278795,
                    "x2": -1.545109428892389
                },
                "metrics": {
                    "outcome": -1.9132011581690538
                },
                "metadata": {
                    "trials": 1
                }
            }
        ],
        [
            {
                "query": {
                    "x1": -0.5526606056798091,
                    "x2": -1.5517215672574158
                },
                "metrics": {
                    "outcome": -1.9131789671867558
                },
                "metadata": {
                    "trials": 1
                }
            },
            {
                "query": {
                    "x1": -0.5512042878382422,
                    "x2": -1.5493130774521457
                },
                "metrics": {
                    "outcome": -1.9132031672512269
                },
                "metadata": {
                    "trials": 1
                }
            },
            {
                "query": {
                    "x1": -0.5474422667941955,
                    "x2": -1.5437015474463116
                },
                "metrics": {
                    "outcome": -1.9132043818167563
                },
                "metadata": {
                    "trials": 1
                }
            }
        ],
        [
            {
                "query": {
                    "x1": -0.5415669886891071,
                    "x2": -1.5477457442212466
                },
                "metrics": {
                    "outcome": -1.9131735821194518
                },
                "metadata": {
                    "trials": 1
                }
            },
            {
                "query": {
                    "x1": -0.546537849203069,
                    "x2": -1.543246392106315
                },
                "metrics": {
                    "outcome": -1.9132029072712768
                },
                "metadata": {
                    "trials": 1
                }
            },
            {
                "query": {
                    "x1": -0.5435230600326999,
                    "x2": -1.5493908703784203
                },
                "metrics": {
                    "outcome": -1.9131875735383983
                },
                "metadata": {
                    "trials": 1
                }
            }
        ],
        [
            {
                "query": {
                    "x1": -0.5526352253798676,
                    "x2": -1.5517393333491925
                },
                "metrics": {
                    "outcome": -1.913179111997187
                },
                "metadata": {
                    "trials": 1
                }
            },
            {
                "query": {
                    "x1": -0.5512427454410688,
                    "x2": -1.5493207141349719
                },
                "metrics": {
                    "outcome": -1.9132028048468004
                },
                "metadata": {
                    "trials": 1
                }
            },
            {
                "query": {
                    "x1": -0.5471664418276204,
                    "x2": -1.5433910143154073
                },
                "metrics": {
                    "outcome": -1.9132023192190335
                },
                "metadata": {
                    "trials": 1
                }
            }
        ],
        [
            {
                "query": {
                    "x1": -0.5416650007677227,
                    "x2": -1.5476129110296444
                },
                "metrics": {
                    "outcome": -1.913176227488349
                },
                "metadata": {
                    "trials": 1
                }
            },
            {
                "query": {
                    "x1": -0.5465153461828155,
                    "x2": -1.5431000648740547
                },
                "metrics": {
                    "outcome": -1.913201389384231
                },
                "metadata": {
                    "trials": 1
                }
            },
            {
                "query": {
                    "x1": -0.5523679282508696,
                    "x2": -1.551632639852658
                },
                "metrics": {
                    "outcome": -1.913182536588243
                },
                "metadata": {
                    "trials": 1
                }
            }
        ],
        [
            {
                "query": {
                    "x1": -0.5466518678619349,
                    "x2": -1.5430941799144724
                },
                "metrics": {
                    "outcome": -1.9132009304703033
                },
                "metadata": {
                    "trials": 1
                }
            },
            {
                "query": {
                    "x1": -0.541797408357969,
                    "x2": -1.547634392735169
                },
                "metrics": {
                    "outcome": -1.9131782074366535
                },
                "metadata": {
                    "trials": 1
                }
            },
            {
                "query": {
                    "x1": -0.5484627745204314,
                    "x2": -1.5443409728478434
                },
                "metrics": {
                    "outcome": -1.91320486883036
                },
                "metadata": {
                    "trials": 1
                }
            }
        ],
        [
            {
                "query": {
                    "x1": -0.5524230994982353,
                    "x2": -1.5518332746881793
                },
                "metrics": {
                    "outcome": -1.9131805791593637
                },
                "metadata": {
                    "trials": 1
                }
            },
            {
                "query": {
                    "x1": -0.541916583452357,
                    "x2": -1.5477712548348093
                },
                "metrics": {
                    "outcome": -1.9131790742890065
                },
                "metadata": {
                    "trials": 1
                }
            },
            {
                "query": {
                    "x1": -0.5467718343189965,
                    "x2": -1.5432186662354026
                },
                "metrics": {
                    "outcome": -1.913201922199792
                },
                "metadata": {
                    "trials": 1
                }
            }
        ],
        [
            {
                "query": {
                    "x1": -0.5523208309273291,
                    "x2": -1.5517239091921424
                },
                "metrics": {
                    "outcome": -1.9131823536577608
                },
                "metadata": {
                    "trials": 1
                }
            },
            {
                "query": {
                    "x1": -0.5468447173688366,
                    "x2": -1.5432039288113633
                },
                "metrics": {
                    "outcome": -1.913201512471847
                },
                "metadata": {
                    "trials": 1
                }
            },
            {
                "query": {
                    "x1": -0.5420295943511799,
                    "x2": -1.5477774395203308
                },
                "metrics": {
                    "outcome": -1.9131807941457826
                },
                "metadata": {
                    "trials": 1
                }
            }
        ],
        [
            {
                "query": {
                    "x1": -0.55222396033403,
                    "x2": -1.5516206565429578
                },
                "metrics": {
                    "outcome": -1.9131839964643715
                },
                "metadata": {
                    "trials": 1
                }
            },
            {
                "query": {
                    "x1": -0.5468885091717348,
                    "x2": -1.543186014372706
                },
                "metrics": {
                    "outcome": -1.913201156582716
                },
                "metadata": {
                    "trials": 1
                }
            },
            {
                "query": {
                    "x1": -0.5486842713951645,
                    "x2": -1.5445709052278895
                },
                "metrics": {
                    "outcome": -1.9132054724064083
                },
                "metadata": {
                    "trials": 1
                }
            }
        ],
        [
            {
                "query": {
                    "x1": -0.5420030931737188,
                    "x2": -1.5478928274642656
                },
                "metrics": {
                    "outcome": -1.9131794931174984
                },
                "metadata": {
                    "trials": 1
                }
            },
            {
                "query": {
                    "x1": -0.5520928415035127,
                    "x2": -1.5517041154376339
                },
                "metrics": {
                    "outcome": -1.9131845973100008
                },
                "metadata": {
                    "trials": 1
                }
            },
            {
                "query": {
                    "x1": -0.5465000737063109,
                    "x2": -1.543137569328818
                },
                "metrics": {
                    "outcome": -1.9132018390325625
                },
                "metadata": {
                    "trials": 1
                }
            }
        ],
        [
            {
                "query": {
                    "x1": -0.5421054892101237,
                    "x2": -1.5478974455948504
                },
                "metrics": {
                    "outcome": -1.913181047867909
                },
                "metadata": {
                    "trials": 1
                }
            },
            {
                "query": {
                    "x1": -0.5466243137253683,
                    "x2": -1.543141243073147
                },
                "metrics": {
                    "outcome": -1.9132015343197661
                },
                "metadata": {
                    "trials": 1
                }
            },
            {
                "query": {
                    "x1": -0.5520197009094774,
                    "x2": -1.5515994500549126
                },
                "metrics": {
                    "outcome": -1.9131860019811513
                },
                "metadata": {
                    "trials": 1
                }
            }
        ],
        [
            {
                "query": {
                    "x1": -0.5467108924846923,
                    "x2": -1.5431429374977894
                },
                "metrics": {
                    "outcome": -1.9132012868008745
                },
                "metadata": {
                    "trials": 1
                }
            },
            {
                "query": {
                    "x1": -0.5421948766625595,
                    "x2": -1.5478935336522648
                },
                "metrics": {
                    "outcome": -1.9131824423004615
                },
                "metadata": {
                    "trials": 1
                }
            },
            {
                "query": {
                    "x1": -0.5519548697431669,
                    "x2": -1.5515068153531189
                },
                "metrics": {
                    "outcome": -1.9131872216708565
                },
                "metadata": {
                    "trials": 1
                }
            }
        ],
        [
            {
                "query": {
                    "x1": -0.5467728479026445,
                    "x2": -1.5431428496965598
                },
                "metrics": {
                    "outcome": -1.9132010821896235
                },
                "metadata": {
                    "trials": 1
                }
            },
            {
                "query": {
                    "x1": -0.5422799773327577,
                    "x2": -1.547893373019831
                },
                "metrics": {
                    "outcome": -1.9131837208431564
                },
                "metadata": {
                    "trials": 1
                }
            },
            {
                "query": {
                    "x1": -0.5485021227201051,
                    "x2": -1.5443509037391085
                },
                "metrics": {
                    "outcome": -1.9132046923532045
                },
                "metadata": {
                    "trials": 1
                }
            }
        ],
        [
            {
                "query": {
                    "x1": -0.5520113656472463,
                    "x2": -1.5516557365424106
                },
                "metrics": {
                    "outcome": -1.9131856691081013
                },
                "metadata": {
                    "trials": 1
                }
            },
            {
                "query": {
                    "x1": -0.5468244713400725,
                    "x2": -1.5432345423275309
                },
                "metrics": {
                    "outcome": -1.9132019192497256
                },
                "metadata": {
                    "trials": 1
                }
            },
            {
                "query": {
                    "x1": -0.5424028723345491,
                    "x2": -1.5480235140699958
                },
                "metrics": {
                    "outcome": -1.9131845379112802
                },
                "metadata": {
                    "trials": 1
                }
            }
        ],
        [
            {
                "query": {
                    "x1": -0.5519498726157025,
                    "x2": -1.5515689237745518
                },
                "metrics": {
                    "outcome": -1.9131868286448448
                },
                "metadata": {
                    "trials": 1
                }
            },
            {
                "query": {
                    "x1": -0.546863893269387,
                    "x2": -1.5432298600735455
                },
                "metrics": {
                    "outcome": -1.9132017307349178
                },
                "metadata": {
                    "trials": 1
                }
            },
            {
                "query": {
                    "x1": -0.54861259579584,
                    "x2": -1.544534248327106
                },
                "metrics": {
                    "outcome": -1.9132056472027847
                },
                "metadata": {
                    "trials": 1
                }
            }
        ],
        [
            {
                "query": {
                    "x1": -0.5423580120662639,
                    "x2": -1.548068971656491
                },
                "metrics": {
                    "outcome": -1.9131835165205366
                },
                "metadata": {
                    "trials": 1
                }
            },
            {
                "query": {
                    "x1": -0.5518101345328419,
                    "x2": -1.551629959853195
                },
                "metrics": {
                    "outcome": -1.9131875588417673
                },
                "metadata": {
                    "trials": 1
                }
            },
            {
                "query": {
                    "x1": -0.5465509594091775,
                    "x2": -1.5431972838771877
                },
                "metrics": {
                    "outcome": -1.91320234932356
                },
                "metadata": {
                    "trials": 1
                }
            }
        ],
        [
            {
                "query": {
                    "x1": -0.5424279150855622,
                    "x2": -1.548055170022892
                },
                "metrics": {
                    "outcome": -1.9131846572281774
                },
                "metadata": {
                    "trials": 1
                }
            },
            {
                "query": {
                    "x1": -0.5466479081558081,
                    "x2": -1.5432071844472701
                },
                "metrics": {
                    "outcome": -1.9132021834955317
                },
                "metadata": {
                    "trials": 1
                }
            },
            {
                "query": {
                    "x1": -0.5517665989252843,
                    "x2": -1.5515377943930633
                },
                "metrics": {
                    "outcome": -1.913188591203756
                },
                "metadata": {
                    "trials": 1
                }
            }
        ]
    ],
    "best_results": [
        {
            "query": {
                "x1": -0.5473788653324703,
                "x2": -1.5466316881697502
            },
            "metrics": [
                {
                    "name": "outcome",
                    "value": -1.9132223326695987
                }
            ]
        }
    ]
}