{
    "date": "08/11/2022 18:05:57",
    "basic_params": {
        "active_variables": [
            "x"
        ],
        "default_query": {},
        "metric": "basic",
        "n_trials": 1
    },
    "objective_function": {
        "name": "Gramacy1D",
        "params": {}
    },
    "optimizer": {
        "name": "GO-BO",
        "params": {
            "maximize": false,
            "domain": [
                {
                    "name": "x",
                    "type": "continuous",
                    "domain": [
                        0.5,
                        2.5
                    ]
                }
            ],
            "initial_design_numdata": 10,
            "num_iters": 140,
            "acquisition_type": "EI",
            "evaluator_type": "sequential",
            "batch_size": 1,
            "model_update_interval": 5
        }
    },
    "best_results": [
        {
            "query": {
                "x": 0.5501069816196904
            },
            "metrics": [
                {
                    "name": "outcome",
                    "value": -0.8679417117889199
                }
            ]
        }
    ],
    "iterations": [
        [
            {
                "query": {
                    "x": 0.6
                },
                "metrics": {
                    "outcome": 0.025599999999999394
                },
                "metadata": {
                    "trials": 1
                }
            }
        ],
        [
            {
                "query": {
                    "x": 2.2
                },
                "metrics": {
                    "outcome": 2.073600000000002
                },
                "metadata": {
                    "trials": 1
                }
            }
        ],
        [
            {
                "query": {
                    "x": 1.6
                },
                "metrics": {
                    "outcome": 0.12959999999999947
                },
                "metadata": {
                    "trials": 1
                }
            }
        ],
        [
            {
                "query": {
                    "x": 1.0
                },
                "metrics": {
                    "outcome": -6.123233995736766e-16
                },
                "metadata": {
                    "trials": 1
                }
            }
        ],
        [
            {
                "query": {
                    "x": 1.4
                },
                "metrics": {
                    "outcome": 0.025599999999999366
                },
                "metadata": {
                    "trials": 1
                }
            }
        ],
        [
            {
                "query": {
                    "x": 1.2000000000000002
                },
                "metrics": {
                    "outcome": 0.0016000000000023539
                },
                "metadata": {
                    "trials": 1
                }
            }
        ],
        [
            {
                "query": {
                    "x": 2.0
                },
                "metrics": {
                    "outcome": 0.9999999999999993
                },
                "metadata": {
                    "trials": 1
                }
            }
        ],
        [
            {
                "query": {
                    "x": 2.4
                },
                "metrics": {
                    "outcome": 3.841599999999999
                },
                "metadata": {
                    "trials": 1
                }
            }
        ],
        [
            {
                "query": {
                    "x": 1.8000000000000003
                },
                "metrics": {
                    "outcome": 0.4096000000000019
                },
                "metadata": {
                    "trials": 1
                }
            }
        ],
        [
            {
                "query": {
                    "x": 0.8
                },
                "metrics": {
                    "outcome": 0.0015999999999993862
                },
                "metadata": {
                    "trials": 1
                }
            }
        ],
        [
            {
                "query": {
                    "x": 0.5
                },
                "metrics": {
                    "outcome": 0.06250000000000061
                },
                "metadata": {
                    "trials": 1
                }
            }
        ],
        [
            {
                "query": {
                    "x": 0.5
                },
                "metrics": {
                    "outcome": 0.06250000000000061
                },
                "metadata": {
                    "trials": 1
                }
            }
        ],
        [
            {
                "query": {
                    "x": 0.5
                },
                "metrics": {
                    "outcome": 0.06250000000000061
                },
                "metadata": {
                    "trials": 1
                }
            }
        ],
        [
            {
                "query": {
                    "x": 0.5
                },
                "metrics": {
                    "outcome": 0.06250000000000061
                },
                "metadata": {
                    "trials": 1
                }
            }
        ],
        [
            {
                "query": {
                    "x": 0.5
                },
                "metrics": {
                    "outcome": 0.06250000000000061
                },
                "metadata": {
                    "trials": 1
                }
            }
        ],
        [
            {
                "query": {
                    "x": 1.0975595400374174
                },
                "metrics": {
                    "outcome": 0.03498355793486733
                },
                "metadata": {
                    "trials": 1
                }
            }
        ],
        [
            {
                "query": {
                    "x": 1.0984510379506802
                },
                "metrics": {
                    "outcome": 0.02223552292909976
                },
                "metadata": {
                    "trials": 1
                }
            }
        ],
        [
            {
                "query": {
                    "x": 1.0984510002896737
                },
                "metrics": {
                    "outcome": 0.022236061463244302
                },
                "metadata": {
                    "trials": 1
                }
            }
        ],
        [
            {
                "query": {
                    "x": 1.0976225751543873
                },
                "metrics": {
                    "outcome": 0.03408228157977173
                },
                "metadata": {
                    "trials": 1
                }
            }
        ],
        [
            {
                "query": {
                    "x": 1.0984778212810513
                },
                "metrics": {
                    "outcome": 0.021852535873767124
                },
                "metadata": {
                    "trials": 1
                }
            }
        ],
        [
            {
                "query": {
                    "x": 0.9126086988424145
                },
                "metrics": {
                    "outcome": -0.2113335475329011
                },
                "metadata": {
                    "trials": 1
                }
            }
        ],
        [
            {
                "query": {
                    "x": 0.9126086981802428
                },
                "metrics": {
                    "outcome": -0.21133353716964579
                },
                "metadata": {
                    "trials": 1
                }
            }
        ],
        [
            {
                "query": {
                    "x": 0.9126086985319355
                },
                "metrics": {
                    "outcome": -0.21133354267377963
                },
                "metadata": {
                    "trials": 1
                }
            }
        ],
        [
            {
                "query": {
                    "x": 0.9126086966421635
                },
                "metrics": {
                    "outcome": -0.21133351309807574
                },
                "metadata": {
                    "trials": 1
                }
            }
        ],
        [
            {
                "query": {
                    "x": 0.9126087012663727
                },
                "metrics": {
                    "outcome": -0.2113335854688351
                },
                "metadata": {
                    "trials": 1
                }
            }
        ],
        [
            {
                "query": {
                    "x": 1.4940996012109642
                },
                "metrics": {
                    "outcome": 0.1212798177975769
                },
                "metadata": {
                    "trials": 1
                }
            }
        ],
        [
            {
                "query": {
                    "x": 1.494099598866532
                },
                "metrics": {
                    "outcome": 0.12127984098869665
                },
                "metadata": {
                    "trials": 1
                }
            }
        ],
        [
            {
                "query": {
                    "x": 1.494099601617739
                },
                "metrics": {
                    "outcome": 0.12127981377376001
                },
                "metadata": {
                    "trials": 1
                }
            }
        ],
        [
            {
                "query": {
                    "x": 1.4940996003793627
                },
                "metrics": {
                    "outcome": 0.12127982602377861
                },
                "metadata": {
                    "trials": 1
                }
            }
        ],
        [
            {
                "query": {
                    "x": 1.4940996018900268
                },
                "metrics": {
                    "outcome": 0.12127981108029148
                },
                "metadata": {
                    "trials": 1
                }
            }
        ],
        [
            {
                "query": {
                    "x": 1.1454102098847323
                },
                "metrics": {
                    "outcome": -0.43154761689504717
                },
                "metadata": {
                    "trials": 1
                }
            }
        ],
        [
            {
                "query": {
                    "x": 1.145410189971901
                },
                "metrics": {
                    "outcome": -0.43154758541007576
                },
                "metadata": {
                    "trials": 1
                }
            }
        ],
        [
            {
                "query": {
                    "x": 1.1454102012018132
                },
                "metrics": {
                    "outcome": -0.43154760316615876
                },
                "metadata": {
                    "trials": 1
                }
            }
        ],
        [
            {
                "query": {
                    "x": 1.145410189467407
                },
                "metrics": {
                    "outcome": -0.43154758461239795
                },
                "metadata": {
                    "trials": 1
                }
            }
        ],
        [
            {
                "query": {
                    "x": 1.1454101899449554
                },
                "metrics": {
                    "outcome": -0.43154758536747095
                },
                "metadata": {
                    "trials": 1
                }
            }
        ],
        [
            {
                "query": {
                    "x": 0.6993468951881849
                },
                "metrics": {
                    "outcome": 0.0228390610385877
                },
                "metadata": {
                    "trials": 1
                }
            }
        ],
        [
            {
                "query": {
                    "x": 0.6993469007799987
                },
                "metrics": {
                    "outcome": 0.022838934742681456
                },
                "metadata": {
                    "trials": 1
                }
            }
        ],
        [
            {
                "query": {
                    "x": 0.6993468994560946
                },
                "metrics": {
                    "outcome": 0.022838964644188907
                },
                "metadata": {
                    "trials": 1
                }
            }
        ],
        [
            {
                "query": {
                    "x": 0.6993468944677742
                },
                "metrics": {
                    "outcome": 0.022839077309681637
                },
                "metadata": {
                    "trials": 1
                }
            }
        ],
        [
            {
                "query": {
                    "x": 0.6993468981884455
                },
                "metrics": {
                    "outcome": 0.022838993275130476
                },
                "metadata": {
                    "trials": 1
                }
            }
        ],
        [
            {
                "query": {
                    "x": 1.6963592752794585
                },
                "metrics": {
                    "outcome": 0.2687827199739232
                },
                "metadata": {
                    "trials": 1
                }
            }
        ],
        [
            {
                "query": {
                    "x": 1.696359283371088
                },
                "metrics": {
                    "outcome": 0.2687826563054765
                },
                "metadata": {
                    "trials": 1
                }
            }
        ],
        [
            {
                "query": {
                    "x": 1.6963592803715375
                },
                "metrics": {
                    "outcome": 0.26878267990724025
                },
                "metadata": {
                    "trials": 1
                }
            }
        ],
        [
            {
                "query": {
                    "x": 1.6963592791649527
                },
                "metrics": {
                    "outcome": 0.26878268940117334
                },
                "metadata": {
                    "trials": 1
                }
            }
        ],
        [
            {
                "query": {
                    "x": 1.6963592811022599
                },
                "metrics": {
                    "outcome": 0.2687826741575998
                },
                "metadata": {
                    "trials": 1
                }
            }
        ],
        [
            {
                "query": {
                    "x": 1.321661085632615
                },
                "metrics": {
                    "outcome": -0.22732260216752492
                },
                "metadata": {
                    "trials": 1
                }
            }
        ],
        [
            {
                "query": {
                    "x": 1.3216610959758839
                },
                "metrics": {
                    "outcome": -0.22732269447583284
                },
                "metadata": {
                    "trials": 1
                }
            }
        ],
        [
            {
                "query": {
                    "x": 1.3216610923960892
                },
                "metrics": {
                    "outcome": -0.2273226625280244
                },
                "metadata": {
                    "trials": 1
                }
            }
        ],
        [
            {
                "query": {
                    "x": 1.3216610906387507
                },
                "metrics": {
                    "outcome": -0.2273226468446927
                },
                "metadata": {
                    "trials": 1
                }
            }
        ],
        [
            {
                "query": {
                    "x": 1.3216610923820433
                },
                "metrics": {
                    "outcome": -0.22732266240267315
                },
                "metadata": {
                    "trials": 1
                }
            }
        ],
        [
            {
                "query": {
                    "x": 1.893506776118164
                },
                "metrics": {
                    "outcome": 0.6908627141167512
                },
                "metadata": {
                    "trials": 1
                }
            }
        ],
        [
            {
                "query": {
                    "x": 1.8935068007201403
                },
                "metrics": {
                    "outcome": 0.6908625837605408
                },
                "metadata": {
                    "trials": 1
                }
            }
        ],
        [
            {
                "query": {
                    "x": 1.8935068044202723
                },
                "metrics": {
                    "outcome": 0.6908625641549936
                },
                "metadata": {
                    "trials": 1
                }
            }
        ],
        [
            {
                "query": {
                    "x": 1.8935068273007594
                },
                "metrics": {
                    "outcome": 0.6908624429202584
                },
                "metadata": {
                    "trials": 1
                }
            }
        ],
        [
            {
                "query": {
                    "x": 1.8935068117828764
                },
                "metrics": {
                    "outcome": 0.6908625251434419
                },
                "metadata": {
                    "trials": 1
                }
            }
        ],
        [
            {
                "query": {
                    "x": 0.8623340956959136
                },
                "metrics": {
                    "outcome": 0.537193760919415
                },
                "metadata": {
                    "trials": 1
                }
            }
        ],
        [
            {
                "query": {
                    "x": 0.8623340421211578
                },
                "metrics": {
                    "outcome": 0.5371941635858278
                },
                "metadata": {
                    "trials": 1
                }
            }
        ],
        [
            {
                "query": {
                    "x": 0.8623340525529143
                },
                "metrics": {
                    "outcome": 0.537194085181144
                },
                "metadata": {
                    "trials": 1
                }
            }
        ],
        [
            {
                "query": {
                    "x": 0.8623340477819211
                },
                "metrics": {
                    "outcome": 0.5371941210397535
                },
                "metadata": {
                    "trials": 1
                }
            }
        ],
        [
            {
                "query": {
                    "x": 0.8623340571266815
                },
                "metrics": {
                    "outcome": 0.5371940508048664
                },
                "metadata": {
                    "trials": 1
                }
            }
        ],
        [
            {
                "query": {
                    "x": 0.9481868967300087
                },
                "metrics": {
                    "outcome": -0.526459781156617
                },
                "metadata": {
                    "trials": 1
                }
            }
        ],
        [
            {
                "query": {
                    "x": 0.9481868925812019
                },
                "metrics": {
                    "outcome": -0.5264597795450775
                },
                "metadata": {
                    "trials": 1
                }
            }
        ],
        [
            {
                "query": {
                    "x": 0.9481869135009975
                },
                "metrics": {
                    "outcome": -0.5264597876709556
                },
                "metadata": {
                    "trials": 1
                }
            }
        ],
        [
            {
                "query": {
                    "x": 0.9481868881852562
                },
                "metrics": {
                    "outcome": -0.5264597778375311
                },
                "metadata": {
                    "trials": 1
                }
            }
        ],
        [
            {
                "query": {
                    "x": 0.9481869073460246
                },
                "metrics": {
                    "outcome": -0.5264597852802024
                },
                "metadata": {
                    "trials": 1
                }
            }
        ],
        [
            {
                "query": {
                    "x": 0.7524462373210341
                },
                "metrics": {
                    "outcome": -0.6587823965122932
                },
                "metadata": {
                    "trials": 1
                }
            }
        ],
        [
            {
                "query": {
                    "x": 0.7524462198750939
                },
                "metrics": {
                    "outcome": -0.6587824387763279
                },
                "metadata": {
                    "trials": 1
                }
            }
        ],
        [
            {
                "query": {
                    "x": 0.7524462322638513
                },
                "metrics": {
                    "outcome": -0.6587824087636995
                },
                "metadata": {
                    "trials": 1
                }
            }
        ],
        [
            {
                "query": {
                    "x": 0.7524462304910295
                },
                "metrics": {
                    "outcome": -0.65878241305849
                },
                "metadata": {
                    "trials": 1
                }
            }
        ],
        [
            {
                "query": {
                    "x": 0.7524462280914253
                },
                "metrics": {
                    "outcome": -0.6587824188717036
                },
                "metadata": {
                    "trials": 1
                }
            }
        ],
        [
            {
                "query": {
                    "x": 0.7449757694614481
                },
                "metrics": {
                    "outcome": -0.6585896679446249
                },
                "metadata": {
                    "trials": 1
                }
            }
        ],
        [
            {
                "query": {
                    "x": 0.7449757885204528
                },
                "metrics": {
                    "outcome": -0.6585897154191297
                },
                "metadata": {
                    "trials": 1
                }
            }
        ],
        [
            {
                "query": {
                    "x": 0.7449757281794626
                },
                "metrics": {
                    "outcome": -0.6585895651135718
                },
                "metadata": {
                    "trials": 1
                }
            }
        ],
        [
            {
                "query": {
                    "x": 0.7449757889567363
                },
                "metrics": {
                    "outcome": -0.6585897165058754
                },
                "metadata": {
                    "trials": 1
                }
            }
        ],
        [
            {
                "query": {
                    "x": 0.7449757428819229
                },
                "metrics": {
                    "outcome": -0.6585896017366848
                },
                "metadata": {
                    "trials": 1
                }
            }
        ],
        [
            {
                "query": {
                    "x": 0.5501070206614533
                },
                "metrics": {
                    "outcome": -0.8679416577556378
                },
                "metadata": {
                    "trials": 1
                }
            }
        ],
        [
            {
                "query": {
                    "x": 0.5501069816196904
                },
                "metrics": {
                    "outcome": -0.8679417117889199
                },
                "metadata": {
                    "trials": 1
                }
            }
        ],
        [
            {
                "query": {
                    "x": 0.5501070068089075
                },
                "metrics": {
                    "outcome": -0.8679416769275333
                },
                "metadata": {
                    "trials": 1
                }
            }
        ],
        [
            {
                "query": {
                    "x": 0.5501070125823864
                },
                "metrics": {
                    "outcome": -0.867941668937071
                },
                "metadata": {
                    "trials": 1
                }
            }
        ],
        [
            {
                "query": {
                    "x": 0.550106986180643
                },
                "metrics": {
                    "outcome": -0.8679417054766921
                },
                "metadata": {
                    "trials": 1
                }
            }
        ],
        [
            {
                "query": {
                    "x": 0.5433623609160825
                },
                "metrics": {
                    "outcome": -0.8567821085992665
                },
                "metadata": {
                    "trials": 1
                }
            }
        ],
        [
            {
                "query": {
                    "x": 0.5433624054352669
                },
                "metrics": {
                    "outcome": -0.8567823182269814
                },
                "metadata": {
                    "trials": 1
                }
            }
        ],
        [
            {
                "query": {
                    "x": 0.5433624168697322
                },
                "metrics": {
                    "outcome": -0.8567823720682167
                },
                "metadata": {
                    "trials": 1
                }
            }
        ],
        [
            {
                "query": {
                    "x": 0.5433623872657577
                },
                "metrics": {
                    "outcome": -0.8567822326723358
                },
                "metadata": {
                    "trials": 1
                }
            }
        ],
        [
            {
                "query": {
                    "x": 0.5433624180135114
                },
                "metrics": {
                    "outcome": -0.8567823774538998
                },
                "metadata": {
                    "trials": 1
                }
            }
        ],
        [
            {
                "query": {
                    "x": 2.0931691807641313
                },
                "metrics": {
                    "outcome": 1.4789386810222553
                },
                "metadata": {
                    "trials": 1
                }
            }
        ],
        [
            {
                "query": {
                    "x": 2.0931691682519045
                },
                "metrics": {
                    "outcome": 1.4789387076874456
                },
                "metadata": {
                    "trials": 1
                }
            }
        ],
        [
            {
                "query": {
                    "x": 2.093169182358846
                },
                "metrics": {
                    "outcome": 1.4789386776237112
                },
                "metadata": {
                    "trials": 1
                }
            }
        ],
        [
            {
                "query": {
                    "x": 2.0931691974194497
                },
                "metrics": {
                    "outcome": 1.478938645527591
                },
                "metadata": {
                    "trials": 1
                }
            }
        ],
        [
            {
                "query": {
                    "x": 2.093169177136788
                },
                "metrics": {
                    "outcome": 1.4789386887526008
                },
                "metadata": {
                    "trials": 1
                }
            }
        ],
        [
            {
                "query": {
                    "x": 1.2714547849212632
                },
                "metrics": {
                    "outcome": 0.3126833358185192
                },
                "metadata": {
                    "trials": 1
                }
            }
        ],
        [
            {
                "query": {
                    "x": 2.5
                },
                "metrics": {
                    "outcome": 5.0625
                },
                "metadata": {
                    "trials": 1
                }
            }
        ],
        [
            {
                "query": {
                    "x": 1.271454916189665
                },
                "metrics": {
                    "outcome": 0.3126823024199948
                },
                "metadata": {
                    "trials": 1
                }
            }
        ],
        [
            {
                "query": {
                    "x": 2.5
                },
                "metrics": {
                    "outcome": 5.0625
                },
                "metadata": {
                    "trials": 1
                }
            }
        ],
        [
            {
                "query": {
                    "x": 1.271454799070274
                },
                "metrics": {
                    "outcome": 0.3126832244319611
                },
                "metadata": {
                    "trials": 1
                }
            }
        ],
        [
            {
                "query": {
                    "x": 1.5470544679437148
                },
                "metrics": {
                    "outcome": -0.2322503611077705
                },
                "metadata": {
                    "trials": 1
                }
            }
        ],
        [
            {
                "query": {
                    "x": 1.5470536881878998
                },
                "metrics": {
                    "outcome": -0.232250302258271
                },
                "metadata": {
                    "trials": 1
                }
            }
        ],
        [
            {
                "query": {
                    "x": 1.5470537580272425
                },
                "metrics": {
                    "outcome": -0.2322503075371513
                },
                "metadata": {
                    "trials": 1
                }
            }
        ],
        [
            {
                "query": {
                    "x": 1.5470524714488039
                },
                "metrics": {
                    "outcome": -0.23225021003761265
                },
                "metadata": {
                    "trials": 1
                }
            }
        ],
        [
            {
                "query": {
                    "x": 1.547053575799839
                },
                "metrics": {
                    "outcome": -0.23225029376000228
                },
                "metadata": {
                    "trials": 1
                }
            }
        ],
        [
            {
                "query": {
                    "x": 2.2929935343735055
                },
                "metrics": {
                    "outcome": 2.842633744469986
                },
                "metadata": {
                    "trials": 1
                }
            }
        ],
        [
            {
                "query": {
                    "x": 2.2922494245381815
                },
                "metrics": {
                    "outcome": 2.8411832997777053
                },
                "metadata": {
                    "trials": 1
                }
            }
        ],
        [
            {
                "query": {
                    "x": 2.2924237493455046
                },
                "metrics": {
                    "outcome": 2.8415242917515533
                },
                "metadata": {
                    "trials": 1
                }
            }
        ],
        [
            {
                "query": {
                    "x": 2.291021200854082
                },
                "metrics": {
                    "outcome": 2.838756365312338
                },
                "metadata": {
                    "trials": 1
                }
            }
        ],
        [
            {
                "query": {
                    "x": 2.2931686494348806
                },
                "metrics": {
                    "outcome": 2.8429732863909396
                },
                "metadata": {
                    "trials": 1
                }
            }
        ],
        [
            {
                "query": {
                    "x": 1.3581937626664573
                },
                "metrics": {
                    "outcome": -0.3395448164790292
                },
                "metadata": {
                    "trials": 1
                }
            }
        ],
        [
            {
                "query": {
                    "x": 1.3577369032784457
                },
                "metrics": {
                    "outcome": -0.3410572961218568
                },
                "metadata": {
                    "trials": 1
                }
            }
        ],
        [
            {
                "query": {
                    "x": 1.3599583389425232
                },
                "metrics": {
                    "outcome": -0.33302385497701736
                },
                "metadata": {
                    "trials": 1
                }
            }
        ],
        [
            {
                "query": {
                    "x": 1.3584485036011664
                },
                "metrics": {
                    "outcome": -0.33866989049112295
                },
                "metadata": {
                    "trials": 1
                }
            }
        ],
        [
            {
                "query": {
                    "x": 1.3588623729109837
                },
                "metrics": {
                    "outcome": -0.33720041130363937
                },
                "metadata": {
                    "trials": 1
                }
            }
        ],
        [
            {
                "query": {
                    "x": 1.7474898990389338
                },
                "metrics": {
                    "outcome": 0.02695615007155644
                },
                "metadata": {
                    "trials": 1
                }
            }
        ],
        [
            {
                "query": {
                    "x": 1.7464821376277597
                },
                "metrics": {
                    "outcome": 0.025968297125723183
                },
                "metadata": {
                    "trials": 1
                }
            }
        ],
        [
            {
                "query": {
                    "x": 1.7459595893688562
                },
                "metrics": {
                    "outcome": 0.025571436677380432
                },
                "metadata": {
                    "trials": 1
                }
            }
        ],
        [
            {
                "query": {
                    "x": 1.749482540769938
                },
                "metrics": {
                    "outcome": 0.02977291054857606
                },
                "metadata": {
                    "trials": 1
                }
            }
        ],
        [
            {
                "query": {
                    "x": 1.7473485963388975
                },
                "metrics": {
                    "outcome": 0.02679996389458028
                },
                "metadata": {
                    "trials": 1
                }
            }
        ],
        [
            {
                "query": {
                    "x": 0.5592571540117965
                },
                "metrics": {
                    "outcome": -0.818766154779368
                },
                "metadata": {
                    "trials": 1
                }
            }
        ],
        [
            {
                "query": {
                    "x": 0.558504062160508
                },
                "metrics": {
                    "outcome": -0.8254952741021878
                },
                "metadata": {
                    "trials": 1
                }
            }
        ],
        [
            {
                "query": {
                    "x": 0.5578881841535317
                },
                "metrics": {
                    "outcome": -0.8306518741574638
                },
                "metadata": {
                    "trials": 1
                }
            }
        ],
        [
            {
                "query": {
                    "x": 0.5614075724831882
                },
                "metrics": {
                    "outcome": -0.7970307661932488
                },
                "metadata": {
                    "trials": 1
                }
            }
        ],
        [
            {
                "query": {
                    "x": 0.557949449664767
                },
                "metrics": {
                    "outcome": -0.8301529620837871
                },
                "metadata": {
                    "trials": 1
                }
            }
        ],
        [
            {
                "query": {
                    "x": 1.944983711963399
                },
                "metrics": {
                    "outcome": 0.5435526968905307
                },
                "metadata": {
                    "trials": 1
                }
            }
        ],
        [
            {
                "query": {
                    "x": 1.9464927169134465
                },
                "metrics": {
                    "outcome": 0.5472299196080861
                },
                "metadata": {
                    "trials": 1
                }
            }
        ],
        [
            {
                "query": {
                    "x": 1.9460362406898857
                },
                "metrics": {
                    "outcome": 0.5460543474031115
                },
                "metadata": {
                    "trials": 1
                }
            }
        ],
        [
            {
                "query": {
                    "x": 1.9441894539996616
                },
                "metrics": {
                    "outcome": 0.5418574383096753
                },
                "metadata": {
                    "trials": 1
                }
            }
        ],
        [
            {
                "query": {
                    "x": 1.9467249508079576
                },
                "metrics": {
                    "outcome": 0.547849066165488
                },
                "metadata": {
                    "trials": 1
                }
            }
        ],
        [
            {
                "query": {
                    "x": 1.6436308162710374
                },
                "metrics": {
                    "outcome": 0.4697469253967909
                },
                "metadata": {
                    "trials": 1
                }
            }
        ],
        [
            {
                "query": {
                    "x": 1.6459906457025812
                },
                "metrics": {
                    "outcome": 0.4755044841260853
                },
                "metadata": {
                    "trials": 1
                }
            }
        ],
        [
            {
                "query": {
                    "x": 1.6455469186297185
                },
                "metrics": {
                    "outcome": 0.4745463894457207
                },
                "metadata": {
                    "trials": 1
                }
            }
        ],
        [
            {
                "query": {
                    "x": 1.6454690187527918
                },
                "metrics": {
                    "outcome": 0.4743722262332556
                },
                "metadata": {
                    "trials": 1
                }
            }
        ],
        [
            {
                "query": {
                    "x": 1.6456620392034385
                },
                "metrics": {
                    "outcome": 0.4748005087970253
                },
                "metadata": {
                    "trials": 1
                }
            }
        ],
        [
            {
                "query": {
                    "x": 1.4502857826190334
                },
                "metrics": {
                    "outcome": 0.38585625918171723
                },
                "metadata": {
                    "trials": 1
                }
            }
        ],
        [
            {
                "query": {
                    "x": 1.4486576663469195
                },
                "metrics": {
                    "outcome": 0.3853594063708294
                },
                "metadata": {
                    "trials": 1
                }
            }
        ],
        [
            {
                "query": {
                    "x": 1.449767791726798
                },
                "metrics": {
                    "outcome": 0.3857953156971693
                },
                "metadata": {
                    "trials": 1
                }
            }
        ],
        [
            {
                "query": {
                    "x": 1.45128003432248
                },
                "metrics": {
                    "outcome": 0.3857197332535265
                },
                "metadata": {
                    "trials": 1
                }
            }
        ],
        [
            {
                "query": {
                    "x": 1.4491517092562878
                },
                "metrics": {
                    "outcome": 0.38560484424975155
                },
                "metadata": {
                    "trials": 1
                }
            }
        ],
        [
            {
                "query": {
                    "x": 0.969140916014346
                },
                "metrics": {
                    "outcome": -0.42541923429956935
                },
                "metadata": {
                    "trials": 1
                }
            }
        ],
        [
            {
                "query": {
                    "x": 0.9713361658646822
                },
                "metrics": {
                    "outcome": -0.4033808770488021
                },
                "metadata": {
                    "trials": 1
                }
            }
        ],
        [
            {
                "query": {
                    "x": 0.9725700331695879
                },
                "metrics": {
                    "outcome": -0.3901899666080426
                },
                "metadata": {
                    "trials": 1
                }
            }
        ],
        [
            {
                "query": {
                    "x": 0.9702400003707481
                },
                "metrics": {
                    "outcome": -0.4146194317349468
                },
                "metadata": {
                    "trials": 1
                }
            }
        ],
        [
            {
                "query": {
                    "x": 0.9688442123614331
                },
                "metrics": {
                    "outcome": -0.4282524357894479
                },
                "metadata": {
                    "trials": 1
                }
            }
        ],
        [
            {
                "query": {
                    "x": 1.1721949846456095
                },
                "metrics": {
                    "outcome": -0.3261117140304536
                },
                "metadata": {
                    "trials": 1
                }
            }
        ],
        [
            {
                "query": {
                    "x": 1.1711333185904629
                },
                "metrics": {
                    "outcome": -0.3353896803801106
                },
                "metadata": {
                    "trials": 1
                }
            }
        ],
        [
            {
                "query": {
                    "x": 1.1693387966238762
                },
                "metrics": {
                    "outcome": -0.35025271132670455
                },
                "metadata": {
                    "trials": 1
                }
            }
        ],
        [
            {
                "query": {
                    "x": 1.1702022961678293
                },
                "metrics": {
                    "outcome": -0.34323170852971124
                },
                "metadata": {
                    "trials": 1
                }
            }
        ],
        [
            {
                "query": {
                    "x": 1.1714370472691376
                },
                "metrics": {
                    "outcome": -0.3327714603311701
                },
                "metadata": {
                    "trials": 1
                }
            }
        ],
        [
            {
                "query": {
                    "x": 2.145004203952606
                },
                "metrics": {
                    "outcome": 1.4885770482331218
                },
                "metadata": {
                    "trials": 1
                }
            }
        ],
        [
            {
                "query": {
                    "x": 2.144151500472603
                },
                "metrics": {
                    "outcome": 1.4844300263114047
                },
                "metadata": {
                    "trials": 1
                }
            }
        ],
        [
            {
                "query": {
                    "x": 2.142976418510389
                },
                "metrics": {
                    "outcome": 1.479004671820425
                },
                "metadata": {
                    "trials": 1
                }
            }
        ],
        [
            {
                "query": {
                    "x": 2.143275802337281
                },
                "metrics": {
                    "outcome": 1.4803551559404147
                },
                "metadata": {
                    "trials": 1
                }
            }
        ],
        [
            {
                "query": {
                    "x": 2.142477918604973
                },
                "metrics": {
                    "outcome": 1.4768040627787067
                },
                "metadata": {
                    "trials": 1
                }
            }
        ]
    ]
}