{
    "date": "06/11/2022 18:21:39",
    "basic_params": {
        "active_variables": [
            "x1",
            "x2"
        ],
        "default_query": {},
        "metric": "basic",
        "n_trials": 1
    },
    "objective_function": {
        "name": "Beale",
        "params": {}
    },
    "optimizer": {
        "name": "GO-BBO-LP",
        "params": {
            "maximize": false,
            "domain": [
                {
                    "name": "x1",
                    "type": "continuous",
                    "domain": [
                        -4.5,
                        4.5
                    ]
                },
                {
                    "name": "x2",
                    "type": "continuous",
                    "domain": [
                        -4.5,
                        4.5
                    ]
                }
            ],
            "initial_design_numdata": 15,
            "num_iters": 45,
            "batch_size": 3,
            "model_update_interval": 5
        }
    },
    "best_results": [
        {
            "query": {
                "x1": -0.8566477482652228,
                "x2": 1.5801700627497874
            },
            "metrics": [
                {
                    "name": "outcome",
                    "value": 1.9526933886446423
                }
            ]
        }
    ],
    "iterations": [
        [
            {
                "query": {
                    "x1": 4.199999999999999,
                    "x2": 2.3999999999999995
                },
                "metrics": {
                    "outcome": 3739.816565639994
                },
                "metadata": {
                    "trials": 1
                }
            }
        ],
        [
            {
                "query": {
                    "x1": 2.3999999999999995,
                    "x2": -3.6
                },
                "metrics": {
                    "outcome": 13537.09011636
                },
                "metadata": {
                    "trials": 1
                }
            }
        ],
        [
            {
                "query": {
                    "x1": 0.0,
                    "x2": 3.5999999999999996
                },
                "metrics": {
                    "outcome": 14.203125
                },
                "metadata": {
                    "trials": 1
                }
            }
        ],
        [
            {
                "query": {
                    "x1": 1.1999999999999993,
                    "x2": -2.4
                },
                "metrics": {
                    "outcome": 299.99067443999957
                },
                "metadata": {
                    "trials": 1
                }
            }
        ],
        [
            {
                "query": {
                    "x1": -3.6,
                    "x2": 1.7999999999999998
                },
                "metrics": {
                    "outcome": 253.8658040399998
                },
                "metadata": {
                    "trials": 1
                }
            }
        ],
        [
            {
                "query": {
                    "x1": 0.5999999999999996,
                    "x2": 0.5999999999999996
                },
                "metrics": {
                    "outcome": 9.711857160000001
                },
                "metadata": {
                    "trials": 1
                }
            }
        ],
        [
            {
                "query": {
                    "x1": -4.2,
                    "x2": -1.1999999999999997
                },
                "metrics": {
                    "outcome": 313.82882675999986
                },
                "metadata": {
                    "trials": 1
                }
            }
        ],
        [
            {
                "query": {
                    "x1": -1.1999999999999997,
                    "x2": -3.0
                },
                "metrics": {
                    "outcome": 1405.9631249999995
                },
                "metadata": {
                    "trials": 1
                }
            }
        ],
        [
            {
                "query": {
                    "x1": 3.0,
                    "x2": 0.0
                },
                "metrics": {
                    "outcome": 2.953125
                },
                "metadata": {
                    "trials": 1
                }
            }
        ],
        [
            {
                "query": {
                    "x1": -0.5999999999999996,
                    "x2": 3.0
                },
                "metrics": {
                    "outcome": 174.9431249999997
                },
                "metadata": {
                    "trials": 1
                }
            }
        ],
        [
            {
                "query": {
                    "x1": -3.0,
                    "x2": 4.199999999999999
                },
                "metrics": {
                    "outcome": 49270.495220999954
                },
                "metadata": {
                    "trials": 1
                }
            }
        ],
        [
            {
                "query": {
                    "x1": -2.4,
                    "x2": -1.8000000000000003
                },
                "metrics": {
                    "outcome": 439.16915124000025
                },
                "metadata": {
                    "trials": 1
                }
            }
        ],
        [
            {
                "query": {
                    "x1": -1.8000000000000003,
                    "x2": 1.1999999999999993
                },
                "metrics": {
                    "outcome": 5.153537160000027
                },
                "metadata": {
                    "trials": 1
                }
            }
        ],
        [
            {
                "query": {
                    "x1": 1.7999999999999998,
                    "x2": -0.5999999999999996
                },
                "metrics": {
                    "outcome": 3.300274439999997
                },
                "metadata": {
                    "trials": 1
                }
            }
        ],
        [
            {
                "query": {
                    "x1": 3.5999999999999996,
                    "x2": -4.2
                },
                "metrics": {
                    "outcome": 75818.54790324
                },
                "metadata": {
                    "trials": 1
                }
            }
        ],
        [
            {
                "query": {
                    "x1": -2.528436990671877,
                    "x2": 1.9452076711106923
                },
                "metrics": {
                    "outcome": 204.80734263886237
                },
                "metadata": {
                    "trials": 1
                }
            },
            {
                "query": {
                    "x1": 4.3550905033427405,
                    "x2": -4.249010355069354
                },
                "metrics": {
                    "outcome": 119085.50062178994
                },
                "metadata": {
                    "trials": 1
                }
            },
            {
                "query": {
                    "x1": 4.5,
                    "x2": 4.5
                },
                "metrics": {
                    "outcome": 174813.36328125
                },
                "metadata": {
                    "trials": 1
                }
            }
        ],
        [
            {
                "query": {
                    "x1": 3.522676541592414,
                    "x2": 0.7853572330095018
                },
                "metrics": {
                    "outcome": 2.017465009335349
                },
                "metadata": {
                    "trials": 1
                }
            },
            {
                "query": {
                    "x1": -4.417119523407159,
                    "x2": -4.462972445067862
                },
                "metrics": {
                    "outcome": 167027.07762540513
                },
                "metadata": {
                    "trials": 1
                }
            },
            {
                "query": {
                    "x1": -4.285662805509379,
                    "x2": 4.5
                },
                "metrics": {
                    "outcome": 153786.7294540107
                },
                "metadata": {
                    "trials": 1
                }
            }
        ],
        [
            {
                "query": {
                    "x1": -3.2655461245822077,
                    "x2": 3.4449813289635713
                },
                "metrics": {
                    "outcome": 17433.849429303595
                },
                "metadata": {
                    "trials": 1
                }
            },
            {
                "query": {
                    "x1": 4.217416141508368,
                    "x2": -4.335183344446658
                },
                "metrics": {
                    "outcome": 125581.76411583672
                },
                "metadata": {
                    "trials": 1
                }
            },
            {
                "query": {
                    "x1": 4.5,
                    "x2": 4.5
                },
                "metrics": {
                    "outcome": 174813.36328125
                },
                "metadata": {
                    "trials": 1
                }
            }
        ],
        [
            {
                "query": {
                    "x1": -2.622775037583718,
                    "x2": -3.543256963605827
                },
                "metrics": {
                    "outcome": 15831.672604003124
                },
                "metadata": {
                    "trials": 1
                }
            },
            {
                "query": {
                    "x1": 4.5,
                    "x2": 4.5
                },
                "metrics": {
                    "outcome": 174813.36328125
                },
                "metadata": {
                    "trials": 1
                }
            },
            {
                "query": {
                    "x1": -4.412122105412127,
                    "x2": 4.23251513520905
                },
                "metrics": {
                    "outcome": 112656.9971982053
                },
                "metadata": {
                    "trials": 1
                }
            }
        ],
        [
            {
                "query": {
                    "x1": 3.7105173508083613,
                    "x2": 3.282379138612616
                },
                "metrics": {
                    "outcome": 18517.944837328556
                },
                "metadata": {
                    "trials": 1
                }
            },
            {
                "query": {
                    "x1": -4.2923407649498335,
                    "x2": -4.39876512522064
                },
                "metrics": {
                    "outcome": 145031.48572583048
                },
                "metadata": {
                    "trials": 1
                }
            },
            {
                "query": {
                    "x1": -4.296905900933698,
                    "x2": 4.5
                },
                "metrics": {
                    "outcome": 154601.0362940911
                },
                "metadata": {
                    "trials": 1
                }
            }
        ],
        [
            {
                "query": {
                    "x1": 2.9115730747491346,
                    "x2": -0.017212436130890296
                },
                "metrics": {
                    "outcome": 2.655203765256485
                },
                "metadata": {
                    "trials": 1
                }
            },
            {
                "query": {
                    "x1": -4.3549339706204035,
                    "x2": -4.46603378429525
                },
                "metrics": {
                    "outcome": 163031.14231327374
                },
                "metadata": {
                    "trials": 1
                }
            },
            {
                "query": {
                    "x1": -4.47729699808332,
                    "x2": 4.487447832465216
                },
                "metrics": {
                    "outcome": 165155.99118286846
                },
                "metadata": {
                    "trials": 1
                }
            }
        ],
        [
            {
                "query": {
                    "x1": 2.924988669202661,
                    "x2": 1.7287898487753086
                },
                "metrics": {
                    "outcome": 297.6906402805798
                },
                "metadata": {
                    "trials": 1
                }
            },
            {
                "query": {
                    "x1": -4.255566599878444,
                    "x2": -4.372054237649412
                },
                "metrics": {
                    "outcome": 137617.52626759265
                },
                "metadata": {
                    "trials": 1
                }
            },
            {
                "query": {
                    "x1": -4.400069342575886,
                    "x2": 4.205556446870124
                },
                "metrics": {
                    "outcome": 107792.69164021559
                },
                "metadata": {
                    "trials": 1
                }
            }
        ],
        [
            {
                "query": {
                    "x1": -2.3942120098881965,
                    "x2": 4.435424500014957
                },
                "metrics": {
                    "outcome": 43421.04150476825
                },
                "metadata": {
                    "trials": 1
                }
            },
            {
                "query": {
                    "x1": 4.108954791118295,
                    "x2": -4.426202008193391
                },
                "metrics": {
                    "outcome": 134631.60735069
                },
                "metadata": {
                    "trials": 1
                }
            },
            {
                "query": {
                    "x1": -4.196804557814151,
                    "x2": -4.069659348717684
                },
                "metrics": {
                    "outcome": 88419.09547102748
                },
                "metadata": {
                    "trials": 1
                }
            }
        ],
        [
            {
                "query": {
                    "x1": -4.362666017412719,
                    "x2": -4.1955215968926565
                },
                "metrics": {
                    "outcome": 113866.20449246802
                },
                "metadata": {
                    "trials": 1
                }
            },
            {
                "query": {
                    "x1": 4.380958910678017,
                    "x2": 4.45202082953027
                },
                "metrics": {
                    "outcome": 155541.1978757334
                },
                "metadata": {
                    "trials": 1
                }
            },
            {
                "query": {
                    "x1": -4.3745325567487185,
                    "x2": 4.353577223759403
                },
                "metrics": {
                    "outcome": 131288.11281752877
                },
                "metadata": {
                    "trials": 1
                }
            }
        ],
        [
            {
                "query": {
                    "x1": -0.12353149239554018,
                    "x2": -4.323739548496773
                },
                "metrics": {
                    "outcome": 166.8071883426154
                },
                "metadata": {
                    "trials": 1
                }
            },
            {
                "query": {
                    "x1": 4.485423778443462,
                    "x2": 4.5
                },
                "metrics": {
                    "outcome": 173691.07790599394
                },
                "metadata": {
                    "trials": 1
                }
            },
            {
                "query": {
                    "x1": -4.405067624664953,
                    "x2": 4.076858303789228
                },
                "metrics": {
                    "outcome": 89524.35229744641
                },
                "metadata": {
                    "trials": 1
                }
            }
        ],
        [
            {
                "query": {
                    "x1": -1.4872175298877162,
                    "x2": -2.90602553142391
                },
                "metrics": {
                    "outcome": 1780.4713221904078
                },
                "metadata": {
                    "trials": 1
                }
            },
            {
                "query": {
                    "x1": 4.321814489938101,
                    "x2": 4.399316717846732
                },
                "metrics": {
                    "outcome": 141078.11120537238
                },
                "metadata": {
                    "trials": 1
                }
            },
            {
                "query": {
                    "x1": -4.494884752157965,
                    "x2": 4.367417849782516
                },
                "metrics": {
                    "outcome": 141356.4467416583
                },
                "metadata": {
                    "trials": 1
                }
            }
        ],
        [
            {
                "query": {
                    "x1": -1.6392389626063375,
                    "x2": 2.7856858255213055
                },
                "metrics": {
                    "outcome": 1051.6772463245647
                },
                "metadata": {
                    "trials": 1
                }
            },
            {
                "query": {
                    "x1": 4.394907578588214,
                    "x2": -4.233981288364343
                },
                "metrics": {
                    "outcome": 118793.97111623076
                },
                "metadata": {
                    "trials": 1
                }
            },
            {
                "query": {
                    "x1": -4.44691843564428,
                    "x2": -4.402532712088138
                },
                "metrics": {
                    "outcome": 156378.44825337458
                },
                "metadata": {
                    "trials": 1
                }
            }
        ],
        [
            {
                "query": {
                    "x1": 0.2556462581639991,
                    "x2": 1.6925682970259617
                },
                "metrics": {
                    "outcome": 23.272013938782766
                },
                "metadata": {
                    "trials": 1
                }
            },
            {
                "query": {
                    "x1": -4.343483933215913,
                    "x2": -4.066745359429228
                },
                "metrics": {
                    "outcome": 94270.07552799075
                },
                "metadata": {
                    "trials": 1
                }
            },
            {
                "query": {
                    "x1": 4.4841726491063545,
                    "x2": -4.164734632497052
                },
                "metrics": {
                    "outcome": 112311.27210961653
                },
                "metadata": {
                    "trials": 1
                }
            }
        ],
        [
            {
                "query": {
                    "x1": 2.8608223907674146,
                    "x2": -2.7539345393238746
                },
                "metrics": {
                    "outcome": 4128.516079507464
                },
                "metadata": {
                    "trials": 1
                }
            },
            {
                "query": {
                    "x1": -4.453172552794185,
                    "x2": 4.428204872650499
                },
                "metrics": {
                    "outcome": 150787.12578023423
                },
                "metadata": {
                    "trials": 1
                }
            },
            {
                "query": {
                    "x1": 4.429885260972115,
                    "x2": 4.4425356320274405
                },
                "metrics": {
                    "outcome": 157007.87702126353
                },
                "metadata": {
                    "trials": 1
                }
            }
        ],
        [
            {
                "query": {
                    "x1": 2.9623126617361146,
                    "x2": -2.329525022668854
                },
                "metrics": {
                    "outcome": 1733.7287580388327
                },
                "metadata": {
                    "trials": 1
                }
            },
            {
                "query": {
                    "x1": -4.309576932866289,
                    "x2": 4.295859435342152
                },
                "metrics": {
                    "outcome": 117522.37421362617
                },
                "metadata": {
                    "trials": 1
                }
            },
            {
                "query": {
                    "x1": -4.010492230787081,
                    "x2": -4.313233371568401
                },
                "metrics": {
                    "outcome": 113071.90059024478
                },
                "metadata": {
                    "trials": 1
                }
            }
        ],
        [
            {
                "query": {
                    "x1": 2.1623476504631265,
                    "x2": -1.2529342895847093
                },
                "metrics": {
                    "outcome": 37.861447889441585
                },
                "metadata": {
                    "trials": 1
                }
            },
            {
                "query": {
                    "x1": -4.425503373791803,
                    "x2": 4.014812582355685
                },
                "metrics": {
                    "outcome": 82351.68072183212
                },
                "metadata": {
                    "trials": 1
                }
            },
            {
                "query": {
                    "x1": -3.803641772551571,
                    "x2": -4.43152518054522
                },
                "metrics": {
                    "outcome": 119077.20318421931
                },
                "metadata": {
                    "trials": 1
                }
            }
        ],
        [
            {
                "query": {
                    "x1": 4.041008570138908,
                    "x2": 0.03261332948570583
                },
                "metrics": {
                    "outcome": 11.001348021336703
                },
                "metadata": {
                    "trials": 1
                }
            },
            {
                "query": {
                    "x1": -4.495228524714404,
                    "x2": 3.9904542039839708
                },
                "metrics": {
                    "outcome": 81919.4480192749
                },
                "metadata": {
                    "trials": 1
                }
            },
            {
                "query": {
                    "x1": -4.187322430331343,
                    "x2": -4.413748298622743
                },
                "metrics": {
                    "outcome": 140815.35915547307
                },
                "metadata": {
                    "trials": 1
                }
            }
        ],
        [
            {
                "query": {
                    "x1": -0.8001873310847145,
                    "x2": -1.1072789533108356
                },
                "metrics": {
                    "outcome": 34.786989224857635
                },
                "metadata": {
                    "trials": 1
                }
            },
            {
                "query": {
                    "x1": 4.376670440626284,
                    "x2": 4.473176669507219
                },
                "metrics": {
                    "outcome": 159666.9264466314
                },
                "metadata": {
                    "trials": 1
                }
            },
            {
                "query": {
                    "x1": -4.4476782991591515,
                    "x2": -4.241224471052218
                },
                "metrics": {
                    "outcome": 125976.16363170267
                },
                "metadata": {
                    "trials": 1
                }
            }
        ],
        [
            {
                "query": {
                    "x1": -3.834048714024064,
                    "x2": -4.3528605941095675
                },
                "metrics": {
                    "outcome": 109033.68611510821
                },
                "metadata": {
                    "trials": 1
                }
            },
            {
                "query": {
                    "x1": 4.482417247500572,
                    "x2": 3.6664013356152325
                },
                "metrics": {
                    "outcome": 51535.36440287876
                },
                "metadata": {
                    "trials": 1
                }
            },
            {
                "query": {
                    "x1": -4.439338825017384,
                    "x2": 4.342967618701426
                },
                "metrics": {
                    "outcome": 133263.57710768076
                },
                "metadata": {
                    "trials": 1
                }
            }
        ],
        [
            {
                "query": {
                    "x1": -2.28668304742465,
                    "x2": 3.683870356080112
                },
                "metrics": {
                    "outcome": 12693.517349579704
                },
                "metadata": {
                    "trials": 1
                }
            },
            {
                "query": {
                    "x1": 4.444084395658377,
                    "x2": -4.077374643970488
                },
                "metrics": {
                    "outcome": 97432.62931547039
                },
                "metadata": {
                    "trials": 1
                }
            },
            {
                "query": {
                    "x1": -4.459091520044248,
                    "x2": -4.409192541852554
                },
                "metrics": {
                    "outcome": 158617.8361563647
                },
                "metadata": {
                    "trials": 1
                }
            }
        ],
        [
            {
                "query": {
                    "x1": -2.6752610942589787,
                    "x2": -1.6287617141335131
                },
                "metrics": {
                    "outcome": 361.7739282546806
                },
                "metadata": {
                    "trials": 1
                }
            },
            {
                "query": {
                    "x1": 4.3177481650456775,
                    "x2": 4.061737042652619
                },
                "metrics": {
                    "outcome": 87735.39970948856
                },
                "metadata": {
                    "trials": 1
                }
            },
            {
                "query": {
                    "x1": 4.255367810024657,
                    "x2": -4.186514049243353
                },
                "metrics": {
                    "outcome": 104208.1351951842
                },
                "metadata": {
                    "trials": 1
                }
            }
        ],
        [
            {
                "query": {
                    "x1": -1.1754375988755292,
                    "x2": -0.4291191482950225
                },
                "metrics": {
                    "outcome": 35.5669336993077
                },
                "metadata": {
                    "trials": 1
                }
            },
            {
                "query": {
                    "x1": 4.30884364025904,
                    "x2": 4.362482019124702
                },
                "metrics": {
                    "outcome": 133419.21950867126
                },
                "metadata": {
                    "trials": 1
                }
            },
            {
                "query": {
                    "x1": -4.236351866831622,
                    "x2": -4.1476982384918015
                },
                "metrics": {
                    "outcome": 100521.43502501253
                },
                "metadata": {
                    "trials": 1
                }
            }
        ],
        [
            {
                "query": {
                    "x1": -0.8566477482652228,
                    "x2": 1.5801700627497874
                },
                "metrics": {
                    "outcome": 1.9526933886446423
                },
                "metadata": {
                    "trials": 1
                }
            },
            {
                "query": {
                    "x1": 4.467235601208519,
                    "x2": -4.399229768663623
                },
                "metrics": {
                    "outcome": 153668.83060405773
                },
                "metadata": {
                    "trials": 1
                }
            },
            {
                "query": {
                    "x1": -4.374647100794645,
                    "x2": 4.351997693885789
                },
                "metrics": {
                    "outcome": 131007.78676776134
                },
                "metadata": {
                    "trials": 1
                }
            }
        ],
        [
            {
                "query": {
                    "x1": 0.159963192758652,
                    "x2": 3.801729862371122
                },
                "metrics": {
                    "outcome": 149.8375041823085
                },
                "metadata": {
                    "trials": 1
                }
            },
            {
                "query": {
                    "x1": -4.289602853891484,
                    "x2": -4.452270935545961
                },
                "metrics": {
                    "outcome": 155389.3004158863
                },
                "metadata": {
                    "trials": 1
                }
            },
            {
                "query": {
                    "x1": 4.487828454293256,
                    "x2": -4.332182289264612
                },
                "metrics": {
                    "outcome": 141729.49270955226
                },
                "metadata": {
                    "trials": 1
                }
            }
        ],
        [
            {
                "query": {
                    "x1": -3.4440114674876776,
                    "x2": 0.32045134575077316
                },
                "metrics": {
                    "outcome": 78.73791966727866
                },
                "metadata": {
                    "trials": 1
                }
            },
            {
                "query": {
                    "x1": 4.4087808983024654,
                    "x2": -4.199671305771835
                },
                "metrics": {
                    "outcome": 113984.69353236418
                },
                "metadata": {
                    "trials": 1
                }
            },
            {
                "query": {
                    "x1": 4.375351735385884,
                    "x2": 4.285779114777098
                },
                "metrics": {
                    "outcome": 123803.74227255312
                },
                "metadata": {
                    "trials": 1
                }
            }
        ],
        [
            {
                "query": {
                    "x1": 0.7075474461634679,
                    "x2": 0.1245429198830621
                },
                "metrics": {
                    "outcome": 6.87041218367821
                },
                "metadata": {
                    "trials": 1
                }
            },
            {
                "query": {
                    "x1": -4.268402182976139,
                    "x2": -4.456728013066737
                },
                "metrics": {
                    "outcome": 154763.29305124597
                },
                "metadata": {
                    "trials": 1
                }
            },
            {
                "query": {
                    "x1": 4.367220694132183,
                    "x2": 4.269790620772015
                },
                "metrics": {
                    "outcome": 120645.28283874945
                },
                "metadata": {
                    "trials": 1
                }
            }
        ],
        [
            {
                "query": {
                    "x1": 0.6120853672063102,
                    "x2": -0.7948380923523475
                },
                "metrics": {
                    "outcome": 7.169088662423521
                },
                "metadata": {
                    "trials": 1
                }
            },
            {
                "query": {
                    "x1": -4.1506654494537685,
                    "x2": 4.336359437901142
                },
                "metrics": {
                    "outcome": 115293.34738447308
                },
                "metadata": {
                    "trials": 1
                }
            },
            {
                "query": {
                    "x1": 4.459580070067562,
                    "x2": -4.413610854606674
                },
                "metrics": {
                    "outcome": 156102.46986685274
                },
                "metadata": {
                    "trials": 1
                }
            }
        ],
        [
            {
                "query": {
                    "x1": 3.2217452714947417,
                    "x2": 1.4298302369181606
                },
                "metrics": {
                    "outcome": 117.65764920912423
                },
                "metadata": {
                    "trials": 1
                }
            },
            {
                "query": {
                    "x1": -4.398827305891829,
                    "x2": -4.25873065828943
                },
                "metrics": {
                    "outcome": 126216.84006020166
                },
                "metadata": {
                    "trials": 1
                }
            },
            {
                "query": {
                    "x1": -4.479516498052621,
                    "x2": 4.1154427595902945
                },
                "metrics": {
                    "outcome": 98039.69438997254
                },
                "metadata": {
                    "trials": 1
                }
            }
        ],
        [
            {
                "query": {
                    "x1": 2.22962970126593,
                    "x2": 2.136618506689606
                },
                "metrics": {
                    "outcome": 610.6098078116007
                },
                "metadata": {
                    "trials": 1
                }
            },
            {
                "query": {
                    "x1": -4.197217160588076,
                    "x2": -4.489188534815793
                },
                "metrics": {
                    "outcome": 156123.70758941153
                },
                "metadata": {
                    "trials": 1
                }
            },
            {
                "query": {
                    "x1": 4.49740709800445,
                    "x2": -4.372978429729885
                },
                "metrics": {
                    "outcome": 150385.95173576294
                },
                "metadata": {
                    "trials": 1
                }
            }
        ],
        [
            {
                "query": {
                    "x1": -1.972348188315605,
                    "x2": -2.328685295911849
                },
                "metrics": {
                    "outcome": 977.4406678575513
                },
                "metadata": {
                    "trials": 1
                }
            },
            {
                "query": {
                    "x1": 4.279303308691465,
                    "x2": 3.9770057687800593
                },
                "metrics": {
                    "outcome": 76082.94056484976
                },
                "metadata": {
                    "trials": 1
                }
            },
            {
                "query": {
                    "x1": -4.404405514503995,
                    "x2": 4.356893697983034
                },
                "metrics": {
                    "outcome": 133715.8706649295
                },
                "metadata": {
                    "trials": 1
                }
            }
        ],
        [
            {
                "query": {
                    "x1": -0.8700592154145488,
                    "x2": -0.2317502266136513
                },
                "metrics": {
                    "outcome": 28.350231140984654
                },
                "metadata": {
                    "trials": 1
                }
            },
            {
                "query": {
                    "x1": 4.275225140146664,
                    "x2": 4.059055286377842
                },
                "metrics": {
                    "outcome": 85698.19316964969
                },
                "metadata": {
                    "trials": 1
                }
            },
            {
                "query": {
                    "x1": -4.186660736630308,
                    "x2": -4.394433406503515
                },
                "metrics": {
                    "outcome": 137230.96756058105
                },
                "metadata": {
                    "trials": 1
                }
            }
        ],
        [
            {
                "query": {
                    "x1": -4.295481826275505,
                    "x2": 1.0842041519085432
                },
                "metrics": {
                    "outcome": 5.62503463129379
                },
                "metadata": {
                    "trials": 1
                }
            },
            {
                "query": {
                    "x1": 4.472938833894657,
                    "x2": -4.296422727032771
                },
                "metrics": {
                    "outcome": 134104.78353773587
                },
                "metadata": {
                    "trials": 1
                }
            },
            {
                "query": {
                    "x1": 3.988729973521766,
                    "x2": 4.353192110364432
                },
                "metrics": {
                    "outcome": 113051.33949157254
                },
                "metadata": {
                    "trials": 1
                }
            }
        ],
        [
            {
                "query": {
                    "x1": -2.286682698004988,
                    "x2": -0.27062980465660225
                },
                "metrics": {
                    "outcome": 63.07054168521577
                },
                "metadata": {
                    "trials": 1
                }
            },
            {
                "query": {
                    "x1": 4.3846118273412085,
                    "x2": 4.4683372326232025
                },
                "metrics": {
                    "outcome": 159216.6451816945
                },
                "metadata": {
                    "trials": 1
                }
            },
            {
                "query": {
                    "x1": 4.226089061590853,
                    "x2": -4.326118725956821
                },
                "metrics": {
                    "outcome": 124562.54788661112
                },
                "metadata": {
                    "trials": 1
                }
            }
        ],
        [
            {
                "query": {
                    "x1": 4.461730623226773,
                    "x2": 2.6690856996996555
                },
                "metrics": {
                    "outcome": 7843.880239237875
                },
                "metadata": {
                    "trials": 1
                }
            },
            {
                "query": {
                    "x1": -4.499297529427793,
                    "x2": -4.281486680144086
                },
                "metrics": {
                    "outcome": 136152.51298260922
                },
                "metadata": {
                    "trials": 1
                }
            },
            {
                "query": {
                    "x1": -4.191674711218888,
                    "x2": 4.407718357255587
                },
                "metrics": {
                    "outcome": 129782.58773177823
                },
                "metadata": {
                    "trials": 1
                }
            }
        ],
        [
            {
                "query": {
                    "x1": 2.571282437192049,
                    "x2": -2.495940101331073
                },
                "metrics": {
                    "outcome": 1896.661807940222
                },
                "metadata": {
                    "trials": 1
                }
            },
            {
                "query": {
                    "x1": -4.377231021729024,
                    "x2": 4.391758980494056
                },
                "metrics": {
                    "outcome": 138564.21982275703
                },
                "metadata": {
                    "trials": 1
                }
            },
            {
                "query": {
                    "x1": -4.2724664232488,
                    "x2": -4.3959397584579945
                },
                "metrics": {
                    "outcome": 143164.109567095
                },
                "metadata": {
                    "trials": 1
                }
            }
        ],
        [
            {
                "query": {
                    "x1": 1.507066483223416,
                    "x2": -2.423117446671906
                },
                "metrics": {
                    "outcome": 518.436101711307
                },
                "metadata": {
                    "trials": 1
                }
            },
            {
                "query": {
                    "x1": -4.083079748201209,
                    "x2": 4.210382689157985
                },
                "metrics": {
                    "outcome": 93329.9139361348
                },
                "metadata": {
                    "trials": 1
                }
            },
            {
                "query": {
                    "x1": 4.232246065764662,
                    "x2": 4.18286957496409
                },
                "metrics": {
                    "outcome": 100362.04057899053
                },
                "metadata": {
                    "trials": 1
                }
            }
        ],
        [
            {
                "query": {
                    "x1": 3.0349772174945313,
                    "x2": 3.979473186626654
                },
                "metrics": {
                    "outcome": 38771.395261402264
                },
                "metadata": {
                    "trials": 1
                }
            },
            {
                "query": {
                    "x1": -4.399792800762857,
                    "x2": -4.421556164684194
                },
                "metrics": {
                    "outcome": 156983.66309205088
                },
                "metadata": {
                    "trials": 1
                }
            },
            {
                "query": {
                    "x1": 4.473639883657807,
                    "x2": -4.4780420795963245
                },
                "metrics": {
                    "outcome": 171052.24800343768
                },
                "metadata": {
                    "trials": 1
                }
            }
        ],
        [
            {
                "query": {
                    "x1": 4.472521231134616,
                    "x2": -0.21595768462228104
                },
                "metrics": {
                    "outcome": 23.148705298306165
                },
                "metadata": {
                    "trials": 1
                }
            },
            {
                "query": {
                    "x1": -4.449847982068143,
                    "x2": 4.2253801538892635
                },
                "metrics": {
                    "outcome": 113447.33242157355
                },
                "metadata": {
                    "trials": 1
                }
            },
            {
                "query": {
                    "x1": -4.43586295464963,
                    "x2": -4.34700270204224
                },
                "metrics": {
                    "outcome": 144550.10826280323
                },
                "metadata": {
                    "trials": 1
                }
            }
        ],
        [
            {
                "query": {
                    "x1": 1.5752759704159445,
                    "x2": -3.579654990168873
                },
                "metrics": {
                    "outcome": 5538.281970203628
                },
                "metadata": {
                    "trials": 1
                }
            },
            {
                "query": {
                    "x1": -4.364052954900336,
                    "x2": 4.376879686000497
                },
                "metrics": {
                    "outcome": 134932.46286206343
                },
                "metadata": {
                    "trials": 1
                }
            },
            {
                "query": {
                    "x1": 4.473882330372718,
                    "x2": 4.443073967669826
                },
                "metrics": {
                    "outcome": 160232.56717978008
                },
                "metadata": {
                    "trials": 1
                }
            }
        ],
        [
            {
                "query": {
                    "x1": -3.4624707199221363,
                    "x2": -4.11673538296112
                },
                "metrics": {
                    "outcome": 64509.626781238905
                },
                "metadata": {
                    "trials": 1
                }
            },
            {
                "query": {
                    "x1": 4.191145411345422,
                    "x2": 4.353078371082585
                },
                "metrics": {
                    "outcome": 124685.36365954304
                },
                "metadata": {
                    "trials": 1
                }
            },
            {
                "query": {
                    "x1": -4.475347978527253,
                    "x2": 4.239625971274428
                },
                "metrics": {
                    "outcome": 117120.93105430024
                },
                "metadata": {
                    "trials": 1
                }
            }
        ],
        [
            {
                "query": {
                    "x1": 1.8414102157894492,
                    "x2": -1.8027228750228432
                },
                "metrics": {
                    "outcome": 154.35732227753735
                },
                "metadata": {
                    "trials": 1
                }
            },
            {
                "query": {
                    "x1": -4.317810093916885,
                    "x2": 4.3737702634104645
                },
                "metrics": {
                    "outcome": 131499.00273511966
                },
                "metadata": {
                    "trials": 1
                }
            },
            {
                "query": {
                    "x1": -4.462970951204201,
                    "x2": -4.449199024316992
                },
                "metrics": {
                    "outcome": 167456.78818086805
                },
                "metadata": {
                    "trials": 1
                }
            }
        ],
        [
            {
                "query": {
                    "x1": -0.4648753445994025,
                    "x2": -2.8925981115401935
                },
                "metrics": {
                    "outcome": 218.00131529907776
                },
                "metadata": {
                    "trials": 1
                }
            },
            {
                "query": {
                    "x1": 4.3644919166965295,
                    "x2": 4.481434046942697
                },
                "metrics": {
                    "outcome": 160533.26988314983
                },
                "metadata": {
                    "trials": 1
                }
            },
            {
                "query": {
                    "x1": -4.212288946072485,
                    "x2": 4.234918355654736
                },
                "metrics": {
                    "outcome": 102945.79943094315
                },
                "metadata": {
                    "trials": 1
                }
            }
        ],
        [
            {
                "query": {
                    "x1": 3.069582240068133,
                    "x2": -2.432610156769206
                },
                "metrics": {
                    "outcome": 2374.508041409483
                },
                "metadata": {
                    "trials": 1
                }
            },
            {
                "query": {
                    "x1": -4.493349493998414,
                    "x2": 4.306812581182925
                },
                "metrics": {
                    "outcome": 129834.27334403215
                },
                "metadata": {
                    "trials": 1
                }
            },
            {
                "query": {
                    "x1": -4.238147148325277,
                    "x2": -4.275827880217673
                },
                "metrics": {
                    "outcome": 119971.98726138289
                },
                "metadata": {
                    "trials": 1
                }
            }
        ],
        [
            {
                "query": {
                    "x1": 3.435073275420896,
                    "x2": -3.8086600473708296
                },
                "metrics": {
                    "outcome": 38916.69693152364
                },
                "metadata": {
                    "trials": 1
                }
            },
            {
                "query": {
                    "x1": -4.296621804969821,
                    "x2": 4.478216926963154
                },
                "metrics": {
                    "outcome": 150122.92779772286
                },
                "metadata": {
                    "trials": 1
                }
            },
            {
                "query": {
                    "x1": 4.305670420399175,
                    "x2": 4.4955193192360765
                },
                "metrics": {
                    "outcome": 159204.58261332172
                },
                "metadata": {
                    "trials": 1
                }
            }
        ],
        [
            {
                "query": {
                    "x1": 1.3390735511012544,
                    "x2": 1.6743986339225287
                },
                "metrics": {
                    "outcome": 84.8740554743286
                },
                "metadata": {
                    "trials": 1
                }
            },
            {
                "query": {
                    "x1": -4.466426443633562,
                    "x2": -4.440524147197356
                },
                "metrics": {
                    "outcome": 165822.59024090902
                },
                "metadata": {
                    "trials": 1
                }
            },
            {
                "query": {
                    "x1": 4.379654294475139,
                    "x2": -4.29770029660131
                },
                "metrics": {
                    "outcome": 128761.63474252434
                },
                "metadata": {
                    "trials": 1
                }
            }
        ]
    ]
}