{
    "date": "26/10/2022 19:15:11",
    "basic_params": {
        "active_variables": [
            "x"
        ],
        "default_query": {},
        "metric": "basic",
        "n_trials": 1
    },
    "objective_function": {
        "name": "Gramacy1D",
        "params": {}
    },
    "optimizer": {
        "name": "BBO-LP",
        "params": {
            "lower_bound": [
                0.5
            ],
            "upper_bound": [
                2.5
            ],
            "invert_metric": false,
            "bopt_params": {
                "n_init_samples": 15,
                "n_iterations": 45,
                "verbose_level": 1,
                "n_parallel_samples": 3,
                "par_type": "PAR_BBO",
                "crit_name": "cLP(cLCB)",
                "n_crit_params": 4,
                "crit_params": [
                    3,
                    1,
                    1.0
                ]
            }
        }
    },
    "iterations": [
        [
            {
                "query": {
                    "x": 0.8912284383550286
                },
                "metrics": {
                    "outcome": 0.15279014254215306
                },
                "metadata": {
                    "trials": 1
                }
            }
        ],
        [
            {
                "query": {
                    "x": 2.3381690139882267
                },
                "metrics": {
                    "outcome": 3.0073523286668635
                },
                "metadata": {
                    "trials": 1
                }
            }
        ],
        [
            {
                "query": {
                    "x": 0.9436508026284476
                },
                "metrics": {
                    "outcome": -0.5193412187236159
                },
                "metadata": {
                    "trials": 1
                }
            }
        ],
        [
            {
                "query": {
                    "x": 1.339977585617453
                },
                "metrics": {
                    "outcome": -0.3414366506952626
                },
                "metadata": {
                    "trials": 1
                }
            }
        ],
        [
            {
                "query": {
                    "x": 1.1591913186634581
                },
                "metrics": {
                    "outcome": -0.41283547496268425
                },
                "metadata": {
                    "trials": 1
                }
            }
        ],
        [
            {
                "query": {
                    "x": 1.9213219644501804
                },
                "metrics": {
                    "outcome": 0.5589463500297989
                },
                "metadata": {
                    "trials": 1
                }
            }
        ],
        [
            {
                "query": {
                    "x": 0.6265060499931375
                },
                "metrics": {
                    "outcome": 0.6098441778128332
                },
                "metadata": {
                    "trials": 1
                }
            }
        ],
        [
            {
                "query": {
                    "x": 2.0886241292891405
                },
                "metrics": {
                    "outcome": 1.4882130713242105
                },
                "metadata": {
                    "trials": 1
                }
            }
        ],
        [
            {
                "query": {
                    "x": 0.7007182301642993
                },
                "metrics": {
                    "outcome": -0.008076451933701982
                },
                "metadata": {
                    "trials": 1
                }
            }
        ],
        [
            {
                "query": {
                    "x": 1.4368724905575316
                },
                "metrics": {
                    "outcome": 0.35522886134505727
                },
                "metadata": {
                    "trials": 1
                }
            }
        ],
        [
            {
                "query": {
                    "x": 1.2787208039934437
                },
                "metrics": {
                    "outcome": 0.24839205109563645
                },
                "metadata": {
                    "trials": 1
                }
            }
        ],
        [
            {
                "query": {
                    "x": 2.1674984838813542
                },
                "metrics": {
                    "outcome": 1.6612193457980065
                },
                "metadata": {
                    "trials": 1
                }
            }
        ],
        [
            {
                "query": {
                    "x": 2.437113920878619
                },
                "metrics": {
                    "outcome": 4.454026892846795
                },
                "metadata": {
                    "trials": 1
                }
            }
        ],
        [
            {
                "query": {
                    "x": 1.6868770159470539
                },
                "metrics": {
                    "outcome": 0.34136232119776816
                },
                "metadata": {
                    "trials": 1
                }
            }
        ],
        [
            {
                "query": {
                    "x": 1.7118715004374583
                },
                "metrics": {
                    "outcome": 0.1503828343956121
                },
                "metadata": {
                    "trials": 1
                }
            }
        ],
        [
            {
                "query": {
                    "x": 1.044297222837821
                },
                "metrics": {
                    "outcome": 0.4711312556746049
                },
                "metadata": {
                    "trials": 1
                }
            },
            {
                "query": {
                    "x": 1.0874972175721753
                },
                "metrics": {
                    "outcome": 0.1760425964060971
                },
                "metadata": {
                    "trials": 1
                }
            },
            {
                "query": {
                    "x": 1.0020682037344417
                },
                "metrics": {
                    "outcome": 0.03239741015803416
                },
                "metadata": {
                    "trials": 1
                }
            }
        ],
        [
            {
                "query": {
                    "x": 0.9544407966182836
                },
                "metrics": {
                    "outcome": -0.5187727677585539
                },
                "metadata": {
                    "trials": 1
                }
            },
            {
                "query": {
                    "x": 1.3669384256978507
                },
                "metrics": {
                    "outcome": -0.2970736525936539
                },
                "metadata": {
                    "trials": 1
                }
            },
            {
                "query": {
                    "x": 0.9339103615177744
                },
                "metrics": {
                    "outcome": -0.4684126838751483
                },
                "metadata": {
                    "trials": 1
                }
            }
        ],
        [
            {
                "query": {
                    "x": 0.9490019941219424
                },
                "metrics": {
                    "outcome": -0.5266035761887642
                },
                "metadata": {
                    "trials": 1
                }
            },
            {
                "query": {
                    "x": 0.9428118856344887
                },
                "metrics": {
                    "outcome": -0.5168530399799356
                },
                "metadata": {
                    "trials": 1
                }
            },
            {
                "query": {
                    "x": 0.9552590520475919
                },
                "metrics": {
                    "outcome": -0.5162865866084484
                },
                "metadata": {
                    "trials": 1
                }
            }
        ],
        [
            {
                "query": {
                    "x": 0.9489898722812619
                },
                "metrics": {
                    "outcome": -0.5266039683548681
                },
                "metadata": {
                    "trials": 1
                }
            },
            {
                "query": {
                    "x": 0.9440457892247827
                },
                "metrics": {
                    "outcome": -0.5203864514917095
                },
                "metadata": {
                    "trials": 1
                }
            },
            {
                "query": {
                    "x": 0.9539183514402886
                },
                "metrics": {
                    "outcome": -0.520183053649762
                },
                "metadata": {
                    "trials": 1
                }
            }
        ],
        [
            {
                "query": {
                    "x": 0.9489751282579061
                },
                "metrics": {
                    "outcome": -0.526604342421795
                },
                "metadata": {
                    "trials": 1
                }
            },
            {
                "query": {
                    "x": 0.9446247482414281
                },
                "metrics": {
                    "outcome": -0.5217721644143791
                },
                "metadata": {
                    "trials": 1
                }
            },
            {
                "query": {
                    "x": 0.9533131725945838
                },
                "metrics": {
                    "outcome": -0.521643291662572
                },
                "metadata": {
                    "trials": 1
                }
            }
        ],
        [
            {
                "query": {
                    "x": 0.9489648011785115
                },
                "metrics": {
                    "outcome": -0.5266045371458995
                },
                "metadata": {
                    "trials": 1
                }
            },
            {
                "query": {
                    "x": 0.94497013256767
                },
                "metrics": {
                    "outcome": -0.5225158740757045
                },
                "metadata": {
                    "trials": 1
                }
            },
            {
                "query": {
                    "x": 0.9529507445183006
                },
                "metrics": {
                    "outcome": -0.5224283956639953
                },
                "metadata": {
                    "trials": 1
                }
            }
        ],
        [
            {
                "query": {
                    "x": 0.9489578657838325
                },
                "metrics": {
                    "outcome": -0.5266046368053477
                },
                "metadata": {
                    "trials": 1
                }
            },
            {
                "query": {
                    "x": 0.9452077691155772
                },
                "metrics": {
                    "outcome": -0.5229915449155635
                },
                "metadata": {
                    "trials": 1
                }
            },
            {
                "query": {
                    "x": 0.9527016974575435
                },
                "metrics": {
                    "outcome": -0.5229289676253885
                },
                "metadata": {
                    "trials": 1
                }
            }
        ],
        [
            {
                "query": {
                    "x": 0.9489531191213553
                },
                "metrics": {
                    "outcome": -0.5266046906031978
                },
                "metadata": {
                    "trials": 1
                }
            },
            {
                "query": {
                    "x": 0.9525163192935802
                },
                "metrics": {
                    "outcome": -0.5232809523078296
                },
                "metadata": {
                    "trials": 1
                }
            },
            {
                "query": {
                    "x": 0.9453852935465612
                },
                "metrics": {
                    "outcome": -0.5233277174646024
                },
                "metadata": {
                    "trials": 1
                }
            }
        ],
        [
            {
                "query": {
                    "x": 0.9489497012159438
                },
                "metrics": {
                    "outcome": -0.5266047220891034
                },
                "metadata": {
                    "trials": 1
                }
            },
            {
                "query": {
                    "x": 0.9523707854841423
                },
                "metrics": {
                    "outcome": -0.5235449407687954
                },
                "metadata": {
                    "trials": 1
                }
            },
            {
                "query": {
                    "x": 0.9455251315583555
                },
                "metrics": {
                    "outcome": -0.5235809758956841
                },
                "metadata": {
                    "trials": 1
                }
            }
        ],
        [
            {
                "query": {
                    "x": 0.9489471619421423
                },
                "metrics": {
                    "outcome": -0.5266047415498547
                },
                "metadata": {
                    "trials": 1
                }
            },
            {
                "query": {
                    "x": 0.945639468937497
                },
                "metrics": {
                    "outcome": -0.5237804865666952
                },
                "metadata": {
                    "trials": 1
                }
            },
            {
                "query": {
                    "x": 0.9522521777105994
                },
                "metrics": {
                    "outcome": -0.523752051393026
                },
                "metadata": {
                    "trials": 1
                }
            }
        ],
        [
            {
                "query": {
                    "x": 0.948945220860143
                },
                "metrics": {
                    "outcome": -0.5266047541660134
                },
                "metadata": {
                    "trials": 1
                }
            },
            {
                "query": {
                    "x": 0.9457355793419495
                },
                "metrics": {
                    "outcome": -0.5239429273954067
                },
                "metadata": {
                    "trials": 1
                }
            },
            {
                "query": {
                    "x": 0.952152809351144
                },
                "metrics": {
                    "outcome": -0.5239200071493897
                },
                "metadata": {
                    "trials": 1
                }
            }
        ],
        [
            {
                "query": {
                    "x": 0.9489437186168024
                },
                "metrics": {
                    "outcome": -0.5266047625856284
                },
                "metadata": {
                    "trials": 1
                }
            },
            {
                "query": {
                    "x": 0.9458180263320338
                },
                "metrics": {
                    "outcome": -0.5240784424868887
                },
                "metadata": {
                    "trials": 1
                }
            },
            {
                "query": {
                    "x": 0.9520677619556516
                },
                "metrics": {
                    "outcome": -0.5240597293791938
                },
                "metadata": {
                    "trials": 1
                }
            }
        ],
        [
            {
                "query": {
                    "x": 0.9489425086234907
                },
                "metrics": {
                    "outcome": -0.5266047685143939
                },
                "metadata": {
                    "trials": 1
                }
            },
            {
                "query": {
                    "x": 0.945890051775433
                },
                "metrics": {
                    "outcome": -0.5241939313392487
                },
                "metadata": {
                    "trials": 1
                }
            },
            {
                "query": {
                    "x": 0.9519937360913477
                },
                "metrics": {
                    "outcome": -0.5241783192257876
                },
                "metadata": {
                    "trials": 1
                }
            }
        ],
        [
            {
                "query": {
                    "x": 0.9489415183507832
                },
                "metrics": {
                    "outcome": -0.5266047728003163
                },
                "metadata": {
                    "trials": 1
                }
            },
            {
                "query": {
                    "x": 0.9459536956521646
                },
                "metrics": {
                    "outcome": -0.5242937325945264
                },
                "metadata": {
                    "trials": 1
                }
            },
            {
                "query": {
                    "x": 0.951928393765385
                },
                "metrics": {
                    "outcome": -0.5242806573985102
                },
                "metadata": {
                    "trials": 1
                }
            }
        ],
        [
            {
                "query": {
                    "x": 0.948940697380261
                },
                "metrics": {
                    "outcome": -0.5266047759670548
                },
                "metadata": {
                    "trials": 1
                }
            },
            {
                "query": {
                    "x": 0.951870078141562
                },
                "metrics": {
                    "outcome": -0.5243701364050676
                },
                "metadata": {
                    "trials": 1
                }
            },
            {
                "query": {
                    "x": 0.946010597434155
                },
                "metrics": {
                    "outcome": -0.5243811753555544
                },
                "metadata": {
                    "trials": 1
                }
            }
        ],
        [
            {
                "query": {
                    "x": 0.948940000359076
                },
                "metrics": {
                    "outcome": -0.5266047783807065
                },
                "metadata": {
                    "trials": 1
                }
            },
            {
                "query": {
                    "x": 0.9518175477617887
                },
                "metrics": {
                    "outcome": -0.5244492410572423
                },
                "metadata": {
                    "trials": 1
                }
            },
            {
                "query": {
                    "x": 0.946061938257927
                },
                "metrics": {
                    "outcome": -0.5244586252991187
                },
                "metadata": {
                    "trials": 1
                }
            }
        ],
        [
            {
                "query": {
                    "x": 0.9489394244908065
                },
                "metrics": {
                    "outcome": -0.5266047801843293
                },
                "metadata": {
                    "trials": 1
                }
            },
            {
                "query": {
                    "x": 0.951769826088295
                },
                "metrics": {
                    "outcome": -0.5245198736149425
                },
                "metadata": {
                    "trials": 1
                }
            },
            {
                "query": {
                    "x": 0.9461086440990816
                },
                "metrics": {
                    "outcome": -0.5245278906491099
                },
                "metadata": {
                    "trials": 1
                }
            }
        ],
        [
            {
                "query": {
                    "x": 0.9489389486058347
                },
                "metrics": {
                    "outcome": -0.5266047815447282
                },
                "metadata": {
                    "trials": 1
                }
            },
            {
                "query": {
                    "x": 0.9517262260623394
                },
                "metrics": {
                    "outcome": -0.5245833812250503
                },
                "metadata": {
                    "trials": 1
                }
            },
            {
                "query": {
                    "x": 0.9461514207123785
                },
                "metrics": {
                    "outcome": -0.5245903320826436
                },
                "metadata": {
                    "trials": 1
                }
            }
        ],
        [
            {
                "query": {
                    "x": 0.9489385040671818
                },
                "metrics": {
                    "outcome": -0.526604782709183
                },
                "metadata": {
                    "trials": 1
                }
            },
            {
                "query": {
                    "x": 0.951686065844064
                },
                "metrics": {
                    "outcome": -0.5246410126854938
                },
                "metadata": {
                    "trials": 1
                }
            },
            {
                "query": {
                    "x": 0.9461908118420083
                },
                "metrics": {
                    "outcome": -0.5246469887754015
                },
                "metadata": {
                    "trials": 1
                }
            }
        ],
        [
            {
                "query": {
                    "x": 0.9489381661216674
                },
                "metrics": {
                    "outcome": -0.5266047835256974
                },
                "metadata": {
                    "trials": 1
                }
            },
            {
                "query": {
                    "x": 0.9516489823931178
                },
                "metrics": {
                    "outcome": -0.5246934915026876
                },
                "metadata": {
                    "trials": 1
                }
            },
            {
                "query": {
                    "x": 0.9462272980999595
                },
                "metrics": {
                    "outcome": -0.524698746355801
                },
                "metadata": {
                    "trials": 1
                }
            }
        ],
        [
            {
                "query": {
                    "x": 0.9489378197720117
                },
                "metrics": {
                    "outcome": -0.5266047843009228
                },
                "metadata": {
                    "trials": 1
                }
            },
            {
                "query": {
                    "x": 0.9516144770527332
                },
                "metrics": {
                    "outcome": -0.5247416859083526
                },
                "metadata": {
                    "trials": 1
                }
            },
            {
                "query": {
                    "x": 0.9462611900499948
                },
                "metrics": {
                    "outcome": -0.52474620256922
                },
                "metadata": {
                    "trials": 1
                }
            }
        ],
        [
            {
                "query": {
                    "x": 0.9489374931599079
                },
                "metrics": {
                    "outcome": -0.5266047849748482
                },
                "metadata": {
                    "trials": 1
                }
            },
            {
                "query": {
                    "x": 0.9515822685598969
                },
                "metrics": {
                    "outcome": -0.5247861189362852
                },
                "metadata": {
                    "trials": 1
                }
            },
            {
                "query": {
                    "x": 0.9462928123186117
                },
                "metrics": {
                    "outcome": -0.5247899411657135
                },
                "metadata": {
                    "trials": 1
                }
            }
        ],
        [
            {
                "query": {
                    "x": 0.9489372460618939
                },
                "metrics": {
                    "outcome": -0.5266047854478636
                },
                "metadata": {
                    "trials": 1
                }
            },
            {
                "query": {
                    "x": 0.9515521440489434
                },
                "metrics": {
                    "outcome": -0.524827193412551
                },
                "metadata": {
                    "trials": 1
                }
            },
            {
                "query": {
                    "x": 0.9463225068022765
                },
                "metrics": {
                    "outcome": -0.5248305391168375
                },
                "metadata": {
                    "trials": 1
                }
            }
        ],
        [
            {
                "query": {
                    "x": 0.9489370746728886
                },
                "metrics": {
                    "outcome": -0.5266047857573104
                },
                "metadata": {
                    "trials": 1
                }
            },
            {
                "query": {
                    "x": 0.9515238934649695
                },
                "metrics": {
                    "outcome": -0.5248652880203151
                },
                "metadata": {
                    "trials": 1
                }
            },
            {
                "query": {
                    "x": 0.9463504598729777
                },
                "metrics": {
                    "outcome": -0.5248683365314322
                },
                "metadata": {
                    "trials": 1
                }
            }
        ],
        [
            {
                "query": {
                    "x": 0.9489367981309519
                },
                "metrics": {
                    "outcome": -0.526604786224421
                },
                "metadata": {
                    "trials": 1
                }
            },
            {
                "query": {
                    "x": 0.9514971515723567
                },
                "metrics": {
                    "outcome": -0.5249009693753544
                },
                "metadata": {
                    "trials": 1
                }
            },
            {
                "query": {
                    "x": 0.9463766995555123
                },
                "metrics": {
                    "outcome": -0.5249034467815263
                },
                "metadata": {
                    "trials": 1
                }
            }
        ],
        [
            {
                "query": {
                    "x": 0.9489366734228375
                },
                "metrics": {
                    "outcome": -0.5266047864220627
                },
                "metadata": {
                    "trials": 1
                }
            },
            {
                "query": {
                    "x": 0.9514720004126782
                },
                "metrics": {
                    "outcome": -0.5249341919606615
                },
                "metadata": {
                    "trials": 1
                }
            },
            {
                "query": {
                    "x": 0.9464016286876487
                },
                "metrics": {
                    "outcome": -0.5249364712004319
                },
                "metadata": {
                    "trials": 1
                }
            }
        ],
        [
            {
                "query": {
                    "x": 0.9489364906046825
                },
                "metrics": {
                    "outcome": -0.5266047866971879
                },
                "metadata": {
                    "trials": 1
                }
            },
            {
                "query": {
                    "x": 0.9514481017063154
                },
                "metrics": {
                    "outcome": -0.5249654581008684
                },
                "metadata": {
                    "trials": 1
                }
            },
            {
                "query": {
                    "x": 0.9464251965533048
                },
                "metrics": {
                    "outcome": -0.5249673946087662
                },
                "metadata": {
                    "trials": 1
                }
            }
        ],
        [
            {
                "query": {
                    "x": 0.9489363628906469
                },
                "metrics": {
                    "outcome": -0.5266047868790793
                },
                "metadata": {
                    "trials": 1
                }
            },
            {
                "query": {
                    "x": 0.9514254593207823
                },
                "metrics": {
                    "outcome": -0.524994809052373
                },
                "metadata": {
                    "trials": 1
                }
            },
            {
                "query": {
                    "x": 0.9464476168254335
                },
                "metrics": {
                    "outcome": -0.5249965437059089
                },
                "metadata": {
                    "trials": 1
                }
            }
        ],
        [
            {
                "query": {
                    "x": 0.9489362006202775
                },
                "metrics": {
                    "outcome": -0.5266047870979571
                },
                "metadata": {
                    "trials": 1
                }
            },
            {
                "query": {
                    "x": 0.9514038662139347
                },
                "metrics": {
                    "outcome": -0.5250225536581798
                },
                "metadata": {
                    "trials": 1
                }
            },
            {
                "query": {
                    "x": 0.9464689183763897
                },
                "metrics": {
                    "outcome": -0.5250239957478736
                },
                "metadata": {
                    "trials": 1
                }
            }
        ],
        [
            {
                "query": {
                    "x": 0.9489360857381691
                },
                "metrics": {
                    "outcome": -0.5266047872446407
                },
                "metadata": {
                    "trials": 1
                }
            },
            {
                "query": {
                    "x": 0.9513833014434732
                },
                "metrics": {
                    "outcome": -0.5250487535034322
                },
                "metadata": {
                    "trials": 1
                }
            },
            {
                "query": {
                    "x": 0.9464892675521983
                },
                "metrics": {
                    "outcome": -0.5250499996717805
                },
                "metadata": {
                    "trials": 1
                }
            }
        ],
        [
            {
                "query": {
                    "x": 0.9489359612888884
                },
                "metrics": {
                    "outcome": -0.5266047873957991
                },
                "metadata": {
                    "trials": 1
                }
            },
            {
                "query": {
                    "x": 0.9513636547702717
                },
                "metrics": {
                    "outcome": -0.5250735800235726
                },
                "metadata": {
                    "trials": 1
                }
            },
            {
                "query": {
                    "x": 0.9465086879986544
                },
                "metrics": {
                    "outcome": -0.5250746156156086
                },
                "metadata": {
                    "trials": 1
                }
            }
        ],
        [
            {
                "query": {
                    "x": 0.9489358795511296
                },
                "metrics": {
                    "outcome": -0.5266047874906994
                },
                "metadata": {
                    "trials": 1
                }
            },
            {
                "query": {
                    "x": 0.9513448875229218
                },
                "metrics": {
                    "outcome": -0.525097109398303
                },
                "metadata": {
                    "trials": 1
                }
            },
            {
                "query": {
                    "x": 0.9465273046542421
                },
                "metrics": {
                    "outcome": -0.5250980282889112
                },
                "metadata": {
                    "trials": 1
                }
            }
        ],
        [
            {
                "query": {
                    "x": 0.9489357755416293
                },
                "metrics": {
                    "outcome": -0.526604787606437
                },
                "metadata": {
                    "trials": 1
                }
            },
            {
                "query": {
                    "x": 0.9513268775101309
                },
                "metrics": {
                    "outcome": -0.5251195186177224
                },
                "metadata": {
                    "trials": 1
                }
            },
            {
                "query": {
                    "x": 0.9465451369578346
                },
                "metrics": {
                    "outcome": -0.5251202852485608
                },
                "metadata": {
                    "trials": 1
                }
            }
        ],
        [
            {
                "query": {
                    "x": 0.9489356822829171
                },
                "metrics": {
                    "outcome": -0.5266047877054306
                },
                "metadata": {
                    "trials": 1
                }
            },
            {
                "query": {
                    "x": 0.9513095772444502
                },
                "metrics": {
                    "outcome": -0.5251408872097736
                },
                "metadata": {
                    "trials": 1
                }
            },
            {
                "query": {
                    "x": 0.9465622329278607
                },
                "metrics": {
                    "outcome": -0.5251414676356595
                },
                "metadata": {
                    "trials": 1
                }
            }
        ],
        [
            {
                "query": {
                    "x": 0.9489355805231103
                },
                "metrics": {
                    "outcome": -0.5266047878082906
                },
                "metadata": {
                    "trials": 1
                }
            },
            {
                "query": {
                    "x": 0.9512929679998918
                },
                "metrics": {
                    "outcome": -0.5251612570454828
                },
                "metadata": {
                    "trials": 1
                }
            },
            {
                "query": {
                    "x": 0.9465786570906568
                },
                "metrics": {
                    "outcome": -0.5251616742346116
                },
                "metadata": {
                    "trials": 1
                }
            }
        ],
        [
            {
                "query": {
                    "x": 0.9489354932172807
                },
                "metrics": {
                    "outcome": -0.5266047878922504
                },
                "metadata": {
                    "trials": 1
                }
            },
            {
                "query": {
                    "x": 0.951276998256111
                },
                "metrics": {
                    "outcome": -0.5251807084138835
                },
                "metadata": {
                    "trials": 1
                }
            },
            {
                "query": {
                    "x": 0.9465944742795775
                },
                "metrics": {
                    "outcome": -0.5251810012428293
                },
                "metadata": {
                    "trials": 1
                }
            }
        ],
        [
            {
                "query": {
                    "x": 0.9489354433704166
                },
                "metrics": {
                    "outcome": -0.52660478793841
                },
                "metadata": {
                    "trials": 1
                }
            },
            {
                "query": {
                    "x": 0.9512616530768436
                },
                "metrics": {
                    "outcome": -0.5251992751214637
                },
                "metadata": {
                    "trials": 1
                }
            },
            {
                "query": {
                    "x": 0.946609742389295
                },
                "metrics": {
                    "outcome": -0.5251995337074339
                },
                "metadata": {
                    "trials": 1
                }
            }
        ],
        [
            {
                "query": {
                    "x": 0.948935366386558
                },
                "metrics": {
                    "outcome": -0.526604788007162
                },
                "metadata": {
                    "trials": 1
                }
            },
            {
                "query": {
                    "x": 0.9512468013048662
                },
                "metrics": {
                    "outcome": -0.5252171291637494
                },
                "metadata": {
                    "trials": 1
                }
            },
            {
                "query": {
                    "x": 0.946624438891048
                },
                "metrics": {
                    "outcome": -0.5252172576467824
                },
                "metadata": {
                    "trials": 1
                }
            }
        ],
        [
            {
                "query": {
                    "x": 0.9489353293925967
                },
                "metrics": {
                    "outcome": -0.5266047880391044
                },
                "metadata": {
                    "trials": 1
                }
            },
            {
                "query": {
                    "x": 0.9512324963701704
                },
                "metrics": {
                    "outcome": -0.5252342182429471
                },
                "metadata": {
                    "trials": 1
                }
            },
            {
                "query": {
                    "x": 0.9466386718664519
                },
                "metrics": {
                    "outcome": -0.5252343153235417
                },
                "metadata": {
                    "trials": 1
                }
            }
        ],
        [
            {
                "query": {
                    "x": 0.9489351961724788
                },
                "metrics": {
                    "outcome": -0.52660478814824
                },
                "metadata": {
                    "trials": 1
                }
            },
            {
                "query": {
                    "x": 0.9512186064041172
                },
                "metrics": {
                    "outcome": -0.5252507105661103
                },
                "metadata": {
                    "trials": 1
                }
            },
            {
                "query": {
                    "x": 0.9466522815566392
                },
                "metrics": {
                    "outcome": -0.5252505273148914
                },
                "metadata": {
                    "trials": 1
                }
            }
        ],
        [
            {
                "query": {
                    "x": 0.9489351697658923
                },
                "metrics": {
                    "outcome": -0.5266047881687771
                },
                "metadata": {
                    "trials": 1
                }
            },
            {
                "query": {
                    "x": 0.9512052519538359
                },
                "metrics": {
                    "outcome": -0.5252664731825419
                },
                "metadata": {
                    "trials": 1
                }
            },
            {
                "query": {
                    "x": 0.9466656198750267
                },
                "metrics": {
                    "outcome": -0.5252663224198931
                },
                "metadata": {
                    "trials": 1
                }
            }
        ],
        [
            {
                "query": {
                    "x": 0.9489351359992018
                },
                "metrics": {
                    "outcome": -0.5266047881945104
                },
                "metadata": {
                    "trials": 1
                }
            },
            {
                "query": {
                    "x": 0.9511923169283979
                },
                "metrics": {
                    "outcome": -0.5252816530105139
                },
                "metadata": {
                    "trials": 1
                }
            },
            {
                "query": {
                    "x": 0.9466784781625401
                },
                "metrics": {
                    "outcome": -0.525281461337363
                },
                "metadata": {
                    "trials": 1
                }
            }
        ],
        [
            {
                "query": {
                    "x": 0.9489350200577544
                },
                "metrics": {
                    "outcome": -0.526604788278357
                },
                "metadata": {
                    "trials": 1
                }
            },
            {
                "query": {
                    "x": 0.9511796968232555
                },
                "metrics": {
                    "outcome": -0.525296380057575
                },
                "metadata": {
                    "trials": 1
                }
            },
            {
                "query": {
                    "x": 0.9466908758866266
                },
                "metrics": {
                    "outcome": -0.5252959764432106
                },
                "metadata": {
                    "trials": 1
                }
            }
        ],
        [
            {
                "query": {
                    "x": 0.9489350154149232
                },
                "metrics": {
                    "outcome": -0.5266047882815691
                },
                "metadata": {
                    "trials": 1
                }
            },
            {
                "query": {
                    "x": 0.9511675666997255
                },
                "metrics": {
                    "outcome": -0.5253104578574602
                },
                "metadata": {
                    "trials": 1
                }
            },
            {
                "query": {
                    "x": 0.9467030103487974
                },
                "metrics": {
                    "outcome": -0.5253101057851548
                },
                "metadata": {
                    "trials": 1
                }
            }
        ],
        [
            {
                "query": {
                    "x": 0.9489350148367905
                },
                "metrics": {
                    "outcome": -0.5266047882819682
                },
                "metadata": {
                    "trials": 1
                }
            },
            {
                "query": {
                    "x": 0.9511558110498441
                },
                "metrics": {
                    "outcome": -0.5253240286032926
                },
                "metadata": {
                    "trials": 1
                }
            },
            {
                "query": {
                    "x": 0.9467147484354359
                },
                "metrics": {
                    "outcome": -0.5253237005978774
                },
                "metadata": {
                    "trials": 1
                }
            }
        ]
    ],
    "best_results": [
        {
            "query": {
                "x": 0.9489350148367905
            },
            "metrics": [
                {
                    "name": "outcome",
                    "value": -0.5266047882819682
                }
            ]
        }
    ]
}