{
    "date": "06/11/2022 11:47:26",
    "basic_params": {
        "active_variables": [
            "x1",
            "x2"
        ],
        "default_query": {},
        "metric": "basic",
        "n_trials": 1
    },
    "objective_function": {
        "name": "Branin",
        "params": {}
    },
    "optimizer": {
        "name": "GO-BBO-LP",
        "params": {
            "maximize": false,
            "domain": [
                {
                    "name": "x1",
                    "type": "continuous",
                    "domain": [
                        -5.0,
                        10.0
                    ]
                },
                {
                    "name": "x2",
                    "type": "continuous",
                    "domain": [
                        0.0,
                        15.0
                    ]
                }
            ],
            "initial_design_numdata": 15,
            "num_iters": 45,
            "batch_size": 3,
            "model_update_interval": 5
        }
    },
    "best_results": [
        {
            "query": {
                "x1": -3.1313467332674554,
                "x2": 12.251511762699296
            },
            "metrics": [
                {
                    "name": "outcome",
                    "value": 0.3983926208447066
                }
            ]
        }
    ],
    "iterations": [
        [
            {
                "query": {
                    "x1": 7.5,
                    "x2": 2.5000000000000004
                },
                "metrics": {
                    "outcome": 14.69731286425478
                },
                "metadata": {
                    "trials": 1
                }
            }
        ],
        [
            {
                "query": {
                    "x1": 0.5,
                    "x2": 14.5
                },
                "metrics": {
                    "outcome": 104.23868216571202
                },
                "metadata": {
                    "trials": 1
                }
            }
        ],
        [
            {
                "query": {
                    "x1": 1.5,
                    "x2": 9.5
                },
                "metrics": {
                    "outcome": 42.001818549698
                },
                "metadata": {
                    "trials": 1
                }
            }
        ],
        [
            {
                "query": {
                    "x1": 9.5,
                    "x2": 12.5
                },
                "metrics": {
                    "outcome": 99.64292875924494
                },
                "metadata": {
                    "trials": 1
                }
            }
        ],
        [
            {
                "query": {
                    "x1": 3.5,
                    "x2": 4.5
                },
                "metrics": {
                    "outcome": 7.197747361139384
                },
                "metadata": {
                    "trials": 1
                }
            }
        ],
        [
            {
                "query": {
                    "x1": 5.5,
                    "x2": 6.5
                },
                "metrics": {
                    "outcome": 45.38113358338158
                },
                "metadata": {
                    "trials": 1
                }
            }
        ],
        [
            {
                "query": {
                    "x1": -4.5,
                    "x2": 13.5
                },
                "metrics": {
                    "outcome": 13.165011052864758
                },
                "metadata": {
                    "trials": 1
                }
            }
        ],
        [
            {
                "query": {
                    "x1": -2.4999999999999996,
                    "x2": 1.5
                },
                "metrics": {
                    "outcome": 88.54226481393302
                },
                "metadata": {
                    "trials": 1
                }
            }
        ],
        [
            {
                "query": {
                    "x1": -3.5,
                    "x2": 8.5
                },
                "metrics": {
                    "outcome": 22.657825188594032
                },
                "metadata": {
                    "trials": 1
                }
            }
        ],
        [
            {
                "query": {
                    "x1": -0.5,
                    "x2": 3.5
                },
                "metrics": {
                    "outcome": 29.502702146496027
                },
                "metadata": {
                    "trials": 1
                }
            }
        ],
        [
            {
                "query": {
                    "x1": 8.5,
                    "x2": 10.5
                },
                "metrics": {
                    "outcome": 79.81529833583035
                },
                "metadata": {
                    "trials": 1
                }
            }
        ],
        [
            {
                "query": {
                    "x1": 6.5,
                    "x2": 5.5
                },
                "metrics": {
                    "outcome": 38.62329966625433
                },
                "metadata": {
                    "trials": 1
                }
            }
        ],
        [
            {
                "query": {
                    "x1": 2.5,
                    "x2": 0.5
                },
                "metrics": {
                    "outcome": 7.729378881557199
                },
                "metadata": {
                    "trials": 1
                }
            }
        ],
        [
            {
                "query": {
                    "x1": 4.5,
                    "x2": 7.5
                },
                "metrics": {
                    "outcome": 44.52986326104204
                },
                "metadata": {
                    "trials": 1
                }
            }
        ],
        [
            {
                "query": {
                    "x1": -1.5,
                    "x2": 11.5
                },
                "metrics": {
                    "outcome": 18.64297101474766
                },
                "metadata": {
                    "trials": 1
                }
            }
        ],
        [
            {
                "query": {
                    "x1": -5.0,
                    "x2": 0.0
                },
                "metrics": {
                    "outcome": 308.12909601160663
                },
                "metadata": {
                    "trials": 1
                }
            },
            {
                "query": {
                    "x1": 10.0,
                    "x2": 0.0
                },
                "metrics": {
                    "outcome": 10.960889035651505
                },
                "metadata": {
                    "trials": 1
                }
            },
            {
                "query": {
                    "x1": -4.487536312179893,
                    "x2": 14.873842749892223
                },
                "metrics": {
                    "outcome": 8.615653386588983
                },
                "metadata": {
                    "trials": 1
                }
            }
        ],
        [
            {
                "query": {
                    "x1": -5.0,
                    "x2": 0.0
                },
                "metrics": {
                    "outcome": 308.12909601160663
                },
                "metadata": {
                    "trials": 1
                }
            },
            {
                "query": {
                    "x1": 10.0,
                    "x2": 0.0
                },
                "metrics": {
                    "outcome": 10.960889035651505
                },
                "metadata": {
                    "trials": 1
                }
            },
            {
                "query": {
                    "x1": -3.9554465119873985,
                    "x2": 14.988128131224114
                },
                "metrics": {
                    "outcome": 3.8573583335301587
                },
                "metadata": {
                    "trials": 1
                }
            }
        ],
        [
            {
                "query": {
                    "x1": -5.0,
                    "x2": 0.0
                },
                "metrics": {
                    "outcome": 308.12909601160663
                },
                "metadata": {
                    "trials": 1
                }
            },
            {
                "query": {
                    "x1": 10.0,
                    "x2": 0.0
                },
                "metrics": {
                    "outcome": 10.960889035651505
                },
                "metadata": {
                    "trials": 1
                }
            },
            {
                "query": {
                    "x1": -4.66086790754633,
                    "x2": 14.927445912688523
                },
                "metrics": {
                    "outcome": 11.187509012572882
                },
                "metadata": {
                    "trials": 1
                }
            }
        ],
        [
            {
                "query": {
                    "x1": -5.0,
                    "x2": 0.0
                },
                "metrics": {
                    "outcome": 308.12909601160663
                },
                "metadata": {
                    "trials": 1
                }
            },
            {
                "query": {
                    "x1": 10.0,
                    "x2": 0.0
                },
                "metrics": {
                    "outcome": 10.960889035651505
                },
                "metadata": {
                    "trials": 1
                }
            },
            {
                "query": {
                    "x1": -4.880610086463193,
                    "x2": 14.964479289223496
                },
                "metrics": {
                    "outcome": 15.143852065874299
                },
                "metadata": {
                    "trials": 1
                }
            }
        ],
        [
            {
                "query": {
                    "x1": -5.0,
                    "x2": 0.0
                },
                "metrics": {
                    "outcome": 308.12909601160663
                },
                "metadata": {
                    "trials": 1
                }
            },
            {
                "query": {
                    "x1": 10.0,
                    "x2": 0.0
                },
                "metrics": {
                    "outcome": 10.960889035651505
                },
                "metadata": {
                    "trials": 1
                }
            },
            {
                "query": {
                    "x1": -4.907986589421439,
                    "x2": 14.403438851772043
                },
                "metrics": {
                    "outcome": 18.215104576546807
                },
                "metadata": {
                    "trials": 1
                }
            }
        ],
        [
            {
                "query": {
                    "x1": 4.458625209478013,
                    "x2": 0.0
                },
                "metrics": {
                    "outcome": 9.756125305052603
                },
                "metadata": {
                    "trials": 1
                }
            },
            {
                "query": {
                    "x1": 4.342024043705254,
                    "x2": 0.0
                },
                "metrics": {
                    "outcome": 8.8500616252734
                },
                "metadata": {
                    "trials": 1
                }
            },
            {
                "query": {
                    "x1": 4.552148935356276,
                    "x2": 0.03363680041711495
                },
                "metrics": {
                    "outcome": 10.423350280311329
                },
                "metadata": {
                    "trials": 1
                }
            }
        ],
        [
            {
                "query": {
                    "x1": 4.4984462474913505,
                    "x2": 0.0
                },
                "metrics": {
                    "outcome": 10.077428927701463
                },
                "metadata": {
                    "trials": 1
                }
            },
            {
                "query": {
                    "x1": 4.365985843997975,
                    "x2": 0.0
                },
                "metrics": {
                    "outcome": 9.031545706217315
                },
                "metadata": {
                    "trials": 1
                }
            },
            {
                "query": {
                    "x1": 4.421480336680959,
                    "x2": 0.05178119895852855
                },
                "metrics": {
                    "outcome": 9.310017329368648
                },
                "metadata": {
                    "trials": 1
                }
            }
        ],
        [
            {
                "query": {
                    "x1": 4.369902132719765,
                    "x2": 0.0
                },
                "metrics": {
                    "outcome": 9.061454927048818
                },
                "metadata": {
                    "trials": 1
                }
            },
            {
                "query": {
                    "x1": 4.333651718458925,
                    "x2": 0.26474419573867713
                },
                "metrics": {
                    "outcome": 8.047817460527218
                },
                "metadata": {
                    "trials": 1
                }
            },
            {
                "query": {
                    "x1": 4.21359894832648,
                    "x2": 0.40455022035871524
                },
                "metrics": {
                    "outcome": 6.805940239257809
                },
                "metadata": {
                    "trials": 1
                }
            }
        ],
        [
            {
                "query": {
                    "x1": 4.297090970475491,
                    "x2": 0.2418943476550782
                },
                "metrics": {
                    "outcome": 7.827532058974407
                },
                "metadata": {
                    "trials": 1
                }
            },
            {
                "query": {
                    "x1": 4.21326745189217,
                    "x2": 0.0171573290109589
                },
                "metrics": {
                    "outcome": 7.870231803865198
                },
                "metadata": {
                    "trials": 1
                }
            },
            {
                "query": {
                    "x1": 4.444916666187016,
                    "x2": 0.09992492372899242
                },
                "metrics": {
                    "outcome": 9.361389547533554
                },
                "metadata": {
                    "trials": 1
                }
            }
        ],
        [
            {
                "query": {
                    "x1": 4.480438843644463,
                    "x2": 0.0
                },
                "metrics": {
                    "outcome": 9.931474367743986
                },
                "metadata": {
                    "trials": 1
                }
            },
            {
                "query": {
                    "x1": 4.319846482524787,
                    "x2": 0.12073642760340994
                },
                "metrics": {
                    "outcome": 8.328297653268375
                },
                "metadata": {
                    "trials": 1
                }
            },
            {
                "query": {
                    "x1": 4.327158845744326,
                    "x2": 0.024781324082710908
                },
                "metrics": {
                    "outcome": 8.663507461486878
                },
                "metadata": {
                    "trials": 1
                }
            }
        ],
        [
            {
                "query": {
                    "x1": -3.207196743368238,
                    "x2": 12.477314118588867
                },
                "metrics": {
                    "outcome": 0.420487634875661
                },
                "metadata": {
                    "trials": 1
                }
            },
            {
                "query": {
                    "x1": -2.9802094667739247,
                    "x2": 11.597079363913874
                },
                "metrics": {
                    "outcome": 0.608766102797091
                },
                "metadata": {
                    "trials": 1
                }
            },
            {
                "query": {
                    "x1": -3.1353852186001245,
                    "x2": 12.13132923539512
                },
                "metrics": {
                    "outcome": 0.41465092074388643
                },
                "metadata": {
                    "trials": 1
                }
            }
        ],
        [
            {
                "query": {
                    "x1": -3.015268404343237,
                    "x2": 12.186750569887245
                },
                "metrics": {
                    "outcome": 0.5198867718531268
                },
                "metadata": {
                    "trials": 1
                }
            },
            {
                "query": {
                    "x1": -3.165350582185671,
                    "x2": 12.062267881528365
                },
                "metrics": {
                    "outcome": 0.4734437010805568
                },
                "metadata": {
                    "trials": 1
                }
            },
            {
                "query": {
                    "x1": -2.7387512320763454,
                    "x2": 11.523156345501599
                },
                "metrics": {
                    "outcome": 1.204677600968541
                },
                "metadata": {
                    "trials": 1
                }
            }
        ],
        [
            {
                "query": {
                    "x1": -2.9993627412273636,
                    "x2": 11.886251501421865
                },
                "metrics": {
                    "outcome": 0.49730110892975965
                },
                "metadata": {
                    "trials": 1
                }
            },
            {
                "query": {
                    "x1": -3.0472160933564374,
                    "x2": 11.925280553036673
                },
                "metrics": {
                    "outcome": 0.4560093549962154
                },
                "metadata": {
                    "trials": 1
                }
            },
            {
                "query": {
                    "x1": -2.9112265576669945,
                    "x2": 11.901570569538201
                },
                "metrics": {
                    "outcome": 0.6815943443150889
                },
                "metadata": {
                    "trials": 1
                }
            }
        ],
        [
            {
                "query": {
                    "x1": -2.9873990597943143,
                    "x2": 12.475235830112455
                },
                "metrics": {
                    "outcome": 0.8341253725451736
                },
                "metadata": {
                    "trials": 1
                }
            },
            {
                "query": {
                    "x1": -3.0056986021850416,
                    "x2": 11.534006172404741
                },
                "metrics": {
                    "outcome": 0.6601298794610049
                },
                "metadata": {
                    "trials": 1
                }
            },
            {
                "query": {
                    "x1": -3.015419400888798,
                    "x2": 12.020054240715265
                },
                "metrics": {
                    "outcome": 0.4763538356224455
                },
                "metadata": {
                    "trials": 1
                }
            }
        ],
        [
            {
                "query": {
                    "x1": -3.135903344596333,
                    "x2": 12.402456993581971
                },
                "metrics": {
                    "outcome": 0.417959189782529
                },
                "metadata": {
                    "trials": 1
                }
            },
            {
                "query": {
                    "x1": -3.126089183575971,
                    "x2": 12.301909928904953
                },
                "metrics": {
                    "outcome": 0.40315491510753
                },
                "metadata": {
                    "trials": 1
                }
            },
            {
                "query": {
                    "x1": -3.285896748598505,
                    "x2": 12.356831090080462
                },
                "metrics": {
                    "outcome": 0.5693295205927544
                },
                "metadata": {
                    "trials": 1
                }
            }
        ],
        [
            {
                "query": {
                    "x1": 2.8971943820965342,
                    "x2": 2.6868217963603125
                },
                "metrics": {
                    "outcome": 0.7288185743720188
                },
                "metadata": {
                    "trials": 1
                }
            },
            {
                "query": {
                    "x1": -3.058404132011971,
                    "x2": 12.174020792517176
                },
                "metrics": {
                    "outcome": 0.44070665277155996
                },
                "metadata": {
                    "trials": 1
                }
            },
            {
                "query": {
                    "x1": 3.2508966707850377,
                    "x2": 2.4194059922401348
                },
                "metrics": {
                    "outcome": 0.507221841759339
                },
                "metadata": {
                    "trials": 1
                }
            }
        ],
        [
            {
                "query": {
                    "x1": 3.090467868390907,
                    "x2": 2.5175697614018544
                },
                "metrics": {
                    "outcome": 0.4513837225571251
                },
                "metadata": {
                    "trials": 1
                }
            },
            {
                "query": {
                    "x1": 3.0477010923363874,
                    "x2": 2.645497695814937
                },
                "metrics": {
                    "outcome": 0.527877505073663
                },
                "metadata": {
                    "trials": 1
                }
            },
            {
                "query": {
                    "x1": 3.0381355345572594,
                    "x2": 1.878448654303157
                },
                "metrics": {
                    "outcome": 0.6783023654327902
                },
                "metadata": {
                    "trials": 1
                }
            }
        ],
        [
            {
                "query": {
                    "x1": 3.0212867881600616,
                    "x2": 2.5240754696927654
                },
                "metrics": {
                    "outcome": 0.49081835721435674
                },
                "metadata": {
                    "trials": 1
                }
            },
            {
                "query": {
                    "x1": 3.131187680791408,
                    "x2": 2.3098934520922203
                },
                "metrics": {
                    "outcome": 0.399123500020675
                },
                "metadata": {
                    "trials": 1
                }
            },
            {
                "query": {
                    "x1": 2.9332904775871107,
                    "x2": 2.6445161336785317
                },
                "metrics": {
                    "outcome": 0.6460400009233904
                },
                "metadata": {
                    "trials": 1
                }
            }
        ],
        [
            {
                "query": {
                    "x1": 3.0954904789930215,
                    "x2": 2.1158592882739975
                },
                "metrics": {
                    "outcome": 0.4462586120707783
                },
                "metadata": {
                    "trials": 1
                }
            },
            {
                "query": {
                    "x1": 3.3072027265761665,
                    "x2": 2.7713228999208734
                },
                "metrics": {
                    "outcome": 0.9160636238171787
                },
                "metadata": {
                    "trials": 1
                }
            },
            {
                "query": {
                    "x1": 3.236493331033463,
                    "x2": 2.189344317673129
                },
                "metrics": {
                    "outcome": 0.44125798994036813
                },
                "metadata": {
                    "trials": 1
                }
            }
        ],
        [
            {
                "query": {
                    "x1": 3.073240935212688,
                    "x2": 2.375591031531431
                },
                "metrics": {
                    "outcome": 0.4224882378611312
                },
                "metadata": {
                    "trials": 1
                }
            },
            {
                "query": {
                    "x1": 3.206354803472392,
                    "x2": 2.206809698202653
                },
                "metrics": {
                    "outcome": 0.4183488190439828
                },
                "metadata": {
                    "trials": 1
                }
            },
            {
                "query": {
                    "x1": 2.8812258205004255,
                    "x2": 2.4063033071423416
                },
                "metrics": {
                    "outcome": 0.7280015773102875
                },
                "metadata": {
                    "trials": 1
                }
            }
        ],
        [
            {
                "query": {
                    "x1": -3.186699856124245,
                    "x2": 12.73848660879575
                },
                "metrics": {
                    "outcome": 0.5335516947275512
                },
                "metadata": {
                    "trials": 1
                }
            },
            {
                "query": {
                    "x1": 3.328306653551799,
                    "x2": 2.0075980676891945
                },
                "metrics": {
                    "outcome": 0.5807270721987603
                },
                "metadata": {
                    "trials": 1
                }
            },
            {
                "query": {
                    "x1": -3.000602360063957,
                    "x2": 11.922751892019045
                },
                "metrics": {
                    "outcome": 0.4934214729258066
                },
                "metadata": {
                    "trials": 1
                }
            }
        ],
        [
            {
                "query": {
                    "x1": -3.1366439244568527,
                    "x2": 12.09424983036854
                },
                "metrics": {
                    "outcome": 0.42651875322524546
                },
                "metadata": {
                    "trials": 1
                }
            },
            {
                "query": {
                    "x1": 3.0774568218810394,
                    "x2": 2.48764477331318
                },
                "metrics": {
                    "outcome": 0.4439045418486298
                },
                "metadata": {
                    "trials": 1
                }
            },
            {
                "query": {
                    "x1": 3.094476635807993,
                    "x2": 2.3899250471786253
                },
                "metrics": {
                    "outcome": 0.41461088165970494
                },
                "metadata": {
                    "trials": 1
                }
            }
        ],
        [
            {
                "query": {
                    "x1": 3.0519211637289185,
                    "x2": 2.229602173036689
                },
                "metrics": {
                    "outcome": 0.4500081248478338
                },
                "metadata": {
                    "trials": 1
                }
            },
            {
                "query": {
                    "x1": 3.0446895380199646,
                    "x2": 2.2533999005554484
                },
                "metrics": {
                    "outcome": 0.4526144390783191
                },
                "metadata": {
                    "trials": 1
                }
            },
            {
                "query": {
                    "x1": 3.184508226544791,
                    "x2": 2.159646589674846
                },
                "metrics": {
                    "outcome": 0.413472553835069
                },
                "metadata": {
                    "trials": 1
                }
            }
        ],
        [
            {
                "query": {
                    "x1": 3.2417480114369077,
                    "x2": 2.4555916723297266
                },
                "metrics": {
                    "outcome": 0.5122632161561835
                },
                "metadata": {
                    "trials": 1
                }
            },
            {
                "query": {
                    "x1": -3.097495734422325,
                    "x2": 12.440900401459295
                },
                "metrics": {
                    "outcome": 0.48100163949140295
                },
                "metadata": {
                    "trials": 1
                }
            },
            {
                "query": {
                    "x1": -3.252286866319833,
                    "x2": 12.512169528170736
                },
                "metrics": {
                    "outcome": 0.45758213677260606
                },
                "metadata": {
                    "trials": 1
                }
            }
        ],
        [
            {
                "query": {
                    "x1": -3.003826271899916,
                    "x2": 12.137998156466129
                },
                "metrics": {
                    "outcome": 0.525588132749828
                },
                "metadata": {
                    "trials": 1
                }
            },
            {
                "query": {
                    "x1": -3.294275851759198,
                    "x2": 13.001409639078078
                },
                "metrics": {
                    "outcome": 0.6366594930135285
                },
                "metadata": {
                    "trials": 1
                }
            },
            {
                "query": {
                    "x1": -3.1676189362770826,
                    "x2": 12.527238071856237
                },
                "metrics": {
                    "outcome": 0.43708861607396976
                },
                "metadata": {
                    "trials": 1
                }
            }
        ],
        [
            {
                "query": {
                    "x1": -3.1484940017683543,
                    "x2": 12.369081575545852
                },
                "metrics": {
                    "outcome": 0.40412069806713724
                },
                "metadata": {
                    "trials": 1
                }
            },
            {
                "query": {
                    "x1": 3.0591820844267907,
                    "x2": 2.490628756837236
                },
                "metrics": {
                    "outcome": 0.4531203515907247
                },
                "metadata": {
                    "trials": 1
                }
            },
            {
                "query": {
                    "x1": -3.007882054566055,
                    "x2": 12.485897197693017
                },
                "metrics": {
                    "outcome": 0.764417108777451
                },
                "metadata": {
                    "trials": 1
                }
            }
        ],
        [
            {
                "query": {
                    "x1": 3.050035836421589,
                    "x2": 2.466658356476433
                },
                "metrics": {
                    "outcome": 0.4523072773091581
                },
                "metadata": {
                    "trials": 1
                }
            },
            {
                "query": {
                    "x1": 3.0303753365426456,
                    "x2": 2.486836554915519
                },
                "metrics": {
                    "outcome": 0.472465267044047
                },
                "metadata": {
                    "trials": 1
                }
            },
            {
                "query": {
                    "x1": 3.0256657470506525,
                    "x2": 2.5283507599814348
                },
                "metrics": {
                    "outcome": 0.48832476728772534
                },
                "metadata": {
                    "trials": 1
                }
            }
        ],
        [
            {
                "query": {
                    "x1": 3.24586814968022,
                    "x2": 2.256719903879014
                },
                "metrics": {
                    "outcome": 0.4538427050312368
                },
                "metadata": {
                    "trials": 1
                }
            },
            {
                "query": {
                    "x1": -3.1581679249954937,
                    "x2": 12.543706782073635
                },
                "metrics": {
                    "outcome": 0.4515727133469323
                },
                "metadata": {
                    "trials": 1
                }
            },
            {
                "query": {
                    "x1": -3.1706906134006334,
                    "x2": 12.386826148267682
                },
                "metrics": {
                    "outcome": 0.4036982700352443
                },
                "metadata": {
                    "trials": 1
                }
            }
        ],
        [
            {
                "query": {
                    "x1": -3.093065492038121,
                    "x2": 12.220610975442227
                },
                "metrics": {
                    "outcome": 0.41302629743314867
                },
                "metadata": {
                    "trials": 1
                }
            },
            {
                "query": {
                    "x1": -3.0808504087535833,
                    "x2": 12.282007509278495
                },
                "metrics": {
                    "outcome": 0.4388549934989445
                },
                "metadata": {
                    "trials": 1
                }
            },
            {
                "query": {
                    "x1": 3.037938974326549,
                    "x2": 2.5515415629855687
                },
                "metrics": {
                    "outcome": 0.4871837561866226
                },
                "metadata": {
                    "trials": 1
                }
            }
        ],
        [
            {
                "query": {
                    "x1": -3.1000555337482427,
                    "x2": 11.641558872279925
                },
                "metrics": {
                    "outcome": 0.6911551154879341
                },
                "metadata": {
                    "trials": 1
                }
            },
            {
                "query": {
                    "x1": -2.967312401269794,
                    "x2": 12.043904419306791
                },
                "metrics": {
                    "outcome": 0.577133017325151
                },
                "metadata": {
                    "trials": 1
                }
            },
            {
                "query": {
                    "x1": -3.0062729335098144,
                    "x2": 11.891221254137994
                },
                "metrics": {
                    "outcome": 0.4893809882695699
                },
                "metadata": {
                    "trials": 1
                }
            }
        ],
        [
            {
                "query": {
                    "x1": -3.168694935343459,
                    "x2": 12.411263721749945
                },
                "metrics": {
                    "outcome": 0.4064597292841583
                },
                "metadata": {
                    "trials": 1
                }
            },
            {
                "query": {
                    "x1": -3.0669016934838904,
                    "x2": 11.902053882442628
                },
                "metrics": {
                    "outcome": 0.46235939167178053
                },
                "metadata": {
                    "trials": 1
                }
            },
            {
                "query": {
                    "x1": -3.1429259668167875,
                    "x2": 12.482853152975546
                },
                "metrics": {
                    "outcome": 0.43977696349705475
                },
                "metadata": {
                    "trials": 1
                }
            }
        ],
        [
            {
                "query": {
                    "x1": 3.2110140477224753,
                    "x2": 2.3808642697411435
                },
                "metrics": {
                    "outcome": 0.4464181174641091
                },
                "metadata": {
                    "trials": 1
                }
            },
            {
                "query": {
                    "x1": 3.2767436506291094,
                    "x2": 2.261804371953642
                },
                "metrics": {
                    "outcome": 0.49352089844965263
                },
                "metadata": {
                    "trials": 1
                }
            },
            {
                "query": {
                    "x1": -3.2129010354463365,
                    "x2": 12.90001471957883
                },
                "metrics": {
                    "outcome": 0.6274867870456209
                },
                "metadata": {
                    "trials": 1
                }
            }
        ],
        [
            {
                "query": {
                    "x1": -3.3051544333122247,
                    "x2": 12.769291618740793
                },
                "metrics": {
                    "outcome": 0.5355978409520539
                },
                "metadata": {
                    "trials": 1
                }
            },
            {
                "query": {
                    "x1": -3.131393161242923,
                    "x2": 12.205585874936256
                },
                "metrics": {
                    "outcome": 0.4004042292586192
                },
                "metadata": {
                    "trials": 1
                }
            },
            {
                "query": {
                    "x1": -3.0781749476992557,
                    "x2": 11.9907884703178
                },
                "metrics": {
                    "outcome": 0.4346992149012152
                },
                "metadata": {
                    "trials": 1
                }
            }
        ],
        [
            {
                "query": {
                    "x1": -3.1448797072361363,
                    "x2": 12.150003724481914
                },
                "metrics": {
                    "outcome": 0.41560091053739434
                },
                "metadata": {
                    "trials": 1
                }
            },
            {
                "query": {
                    "x1": 3.022176284337153,
                    "x2": 2.6522429738377773
                },
                "metrics": {
                    "outcome": 0.5459483321472582
                },
                "metadata": {
                    "trials": 1
                }
            },
            {
                "query": {
                    "x1": -3.155635261666199,
                    "x2": 12.337050356568126
                },
                "metrics": {
                    "outcome": 0.3996336817746844
                },
                "metadata": {
                    "trials": 1
                }
            }
        ],
        [
            {
                "query": {
                    "x1": -3.0611687328459776,
                    "x2": 12.077759344320508
                },
                "metrics": {
                    "outcome": 0.4289469130073815
                },
                "metadata": {
                    "trials": 1
                }
            },
            {
                "query": {
                    "x1": 3.20404237955578,
                    "x2": 2.2634776375352623
                },
                "metrics": {
                    "outcome": 0.41795035614197396
                },
                "metadata": {
                    "trials": 1
                }
            },
            {
                "query": {
                    "x1": -3.17094177368642,
                    "x2": 12.409514498038652
                },
                "metrics": {
                    "outcome": 0.4061019601289768
                },
                "metadata": {
                    "trials": 1
                }
            }
        ],
        [
            {
                "query": {
                    "x1": -3.2002219981204414,
                    "x2": 12.252139622900005
                },
                "metrics": {
                    "outcome": 0.44134899874690703
                },
                "metadata": {
                    "trials": 1
                }
            },
            {
                "query": {
                    "x1": 3.098404883976974,
                    "x2": 2.539401990613397
                },
                "metrics": {
                    "outcome": 0.45996215016123365
                },
                "metadata": {
                    "trials": 1
                }
            },
            {
                "query": {
                    "x1": -3.289860048245986,
                    "x2": 12.328355624524306
                },
                "metrics": {
                    "outcome": 0.596754352916312
                },
                "metadata": {
                    "trials": 1
                }
            }
        ],
        [
            {
                "query": {
                    "x1": -3.1313467332674554,
                    "x2": 12.251511762699296
                },
                "metrics": {
                    "outcome": 0.3983926208447066
                },
                "metadata": {
                    "trials": 1
                }
            },
            {
                "query": {
                    "x1": 3.004141958540224,
                    "x2": 2.2228322019409226
                },
                "metrics": {
                    "outcome": 0.5146289735156557
                },
                "metadata": {
                    "trials": 1
                }
            },
            {
                "query": {
                    "x1": -3.1384227225269012,
                    "x2": 12.2357033761393
                },
                "metrics": {
                    "outcome": 0.39893921179298353
                },
                "metadata": {
                    "trials": 1
                }
            }
        ],
        [
            {
                "query": {
                    "x1": 3.2985510345150697,
                    "x2": 1.7221441697373485
                },
                "metrics": {
                    "outcome": 0.703960788560531
                },
                "metadata": {
                    "trials": 1
                }
            },
            {
                "query": {
                    "x1": -3.1183001682751317,
                    "x2": 12.022563323219389
                },
                "metrics": {
                    "outcome": 0.43911578612190816
                },
                "metadata": {
                    "trials": 1
                }
            },
            {
                "query": {
                    "x1": -3.1092849880423303,
                    "x2": 11.399887757823967
                },
                "metrics": {
                    "outcome": 1.0390703671908277
                },
                "metadata": {
                    "trials": 1
                }
            }
        ],
        [
            {
                "query": {
                    "x1": 3.186084198754566,
                    "x2": 1.8545563696490808
                },
                "metrics": {
                    "outcome": 0.5563871749115545
                },
                "metadata": {
                    "trials": 1
                }
            },
            {
                "query": {
                    "x1": -3.1617816662842406,
                    "x2": 12.137335976150291
                },
                "metrics": {
                    "outcome": 0.4345279251219587
                },
                "metadata": {
                    "trials": 1
                }
            },
            {
                "query": {
                    "x1": 3.142898975171404,
                    "x2": 2.0507039845977806
                },
                "metrics": {
                    "outcome": 0.4477483876753148
                },
                "metadata": {
                    "trials": 1
                }
            }
        ],
        [
            {
                "query": {
                    "x1": -3.1197396640193875,
                    "x2": 12.117115126531978
                },
                "metrics": {
                    "outcome": 0.41129521474503505
                },
                "metadata": {
                    "trials": 1
                }
            },
            {
                "query": {
                    "x1": -3.028109395732998,
                    "x2": 12.146229093128799
                },
                "metrics": {
                    "outcome": 0.479898450925754
                },
                "metadata": {
                    "trials": 1
                }
            },
            {
                "query": {
                    "x1": 3.193738528618498,
                    "x2": 2.1061381533436947
                },
                "metrics": {
                    "outcome": 0.4274636446713789
                },
                "metadata": {
                    "trials": 1
                }
            }
        ],
        [
            {
                "query": {
                    "x1": -3.2438891494822135,
                    "x2": 12.331443483671634
                },
                "metrics": {
                    "outcome": 0.48447065072387474
                },
                "metadata": {
                    "trials": 1
                }
            },
            {
                "query": {
                    "x1": 3.2005657843423574,
                    "x2": 2.5736344091455714
                },
                "metrics": {
                    "outcome": 0.5330368050846861
                },
                "metadata": {
                    "trials": 1
                }
            },
            {
                "query": {
                    "x1": -3.144233096769301,
                    "x2": 12.531880334047026
                },
                "metrics": {
                    "outcome": 0.4606880231781343
                },
                "metadata": {
                    "trials": 1
                }
            }
        ],
        [
            {
                "query": {
                    "x1": 3.1418613465399012,
                    "x2": 2.165936974263998
                },
                "metrics": {
                    "outcome": 0.40973678715134554
                },
                "metadata": {
                    "trials": 1
                }
            },
            {
                "query": {
                    "x1": 3.0631554044696347,
                    "x2": 1.900513410046174
                },
                "metrics": {
                    "outcome": 0.617900067376711
                },
                "metadata": {
                    "trials": 1
                }
            },
            {
                "query": {
                    "x1": 3.2401580497890166,
                    "x2": 2.4737082382506355
                },
                "metrics": {
                    "outcome": 0.5197441708899362
                },
                "metadata": {
                    "trials": 1
                }
            }
        ],
        [
            {
                "query": {
                    "x1": -3.1425899163823976,
                    "x2": 12.346376055012206
                },
                "metrics": {
                    "outcome": 0.40265027154668154
                },
                "metadata": {
                    "trials": 1
                }
            },
            {
                "query": {
                    "x1": -3.044368314587696,
                    "x2": 11.984810054756984
                },
                "metrics": {
                    "outcome": 0.44656990192926216
                },
                "metadata": {
                    "trials": 1
                }
            },
            {
                "query": {
                    "x1": 3.1899519098094,
                    "x2": 1.992258666229148
                },
                "metrics": {
                    "outcome": 0.46929983097523476
                },
                "metadata": {
                    "trials": 1
                }
            }
        ],
        [
            {
                "query": {
                    "x1": 3.096622956791844,
                    "x2": 2.6476711442708964
                },
                "metrics": {
                    "outcome": 0.5213929558408008
                },
                "metadata": {
                    "trials": 1
                }
            },
            {
                "query": {
                    "x1": -3.144095793951529,
                    "x2": 12.084305557222791
                },
                "metrics": {
                    "outcome": 0.436612617279744
                },
                "metadata": {
                    "trials": 1
                }
            },
            {
                "query": {
                    "x1": 3.009838298794133,
                    "x2": 2.5642479480066607
                },
                "metrics": {
                    "outcome": 0.5150595198395234
                },
                "metadata": {
                    "trials": 1
                }
            }
        ],
        [
            {
                "query": {
                    "x1": -3.181917441364379,
                    "x2": 12.424821594663323
                },
                "metrics": {
                    "outcome": 0.4084706800434166
                },
                "metadata": {
                    "trials": 1
                }
            },
            {
                "query": {
                    "x1": 3.0493787522874385,
                    "x2": 2.403929405545058
                },
                "metrics": {
                    "outcome": 0.4418104709336266
                },
                "metadata": {
                    "trials": 1
                }
            },
            {
                "query": {
                    "x1": 3.197843189039574,
                    "x2": 2.1711938062504252
                },
                "metrics": {
                    "outcome": 0.41671629887299666
                },
                "metadata": {
                    "trials": 1
                }
            }
        ]
    ]
}