{
    "date": "26/10/2022 19:14:57",
    "basic_params": {
        "active_variables": [
            "x"
        ],
        "default_query": {},
        "metric": "basic",
        "n_trials": 1
    },
    "objective_function": {
        "name": "Gramacy1D",
        "params": {}
    },
    "optimizer": {
        "name": "BBO-LP",
        "params": {
            "lower_bound": [
                0.5
            ],
            "upper_bound": [
                2.5
            ],
            "invert_metric": false,
            "bopt_params": {
                "n_init_samples": 15,
                "n_iterations": 45,
                "verbose_level": 1,
                "n_parallel_samples": 3,
                "par_type": "PAR_BBO",
                "crit_name": "cLP(cLCB)",
                "n_crit_params": 4,
                "crit_params": [
                    3,
                    1,
                    1.0
                ]
            }
        }
    },
    "iterations": [
        [
            {
                "query": {
                    "x": 1.0113899184080462
                },
                "metrics": {
                    "outcome": 0.17314672798932437
                },
                "metadata": {
                    "trials": 1
                }
            }
        ],
        [
            {
                "query": {
                    "x": 1.1797638946212827
                },
                "metrics": {
                    "outcome": -0.25060349854309627
                },
                "metadata": {
                    "trials": 1
                }
            }
        ],
        [
            {
                "query": {
                    "x": 1.0812887152656914
                },
                "metrics": {
                    "outcome": 0.25647773081258474
                },
                "metadata": {
                    "trials": 1
                }
            }
        ],
        [
            {
                "query": {
                    "x": 1.3513534650827448
                },
                "metrics": {
                    "outcome": -0.3544252765347626
                },
                "metadata": {
                    "trials": 1
                }
            }
        ],
        [
            {
                "query": {
                    "x": 0.7814798808656633
                },
                "metrics": {
                    "outcome": -0.34932901125246807
                },
                "metadata": {
                    "trials": 1
                }
            }
        ],
        [
            {
                "query": {
                    "x": 2.0247707252701126
                },
                "metrics": {
                    "outcome": 1.2761774015023932
                },
                "metadata": {
                    "trials": 1
                }
            }
        ],
        [
            {
                "query": {
                    "x": 2.414464142701278
                },
                "metrics": {
                    "outcome": 4.093731126388292
                },
                "metadata": {
                    "trials": 1
                }
            }
        ],
        [
            {
                "query": {
                    "x": 1.5987753253119688
                },
                "metrics": {
                    "outcome": 0.11651565910059433
                },
                "metadata": {
                    "trials": 1
                }
            }
        ],
        [
            {
                "query": {
                    "x": 1.4456631055722635
                },
                "metrics": {
                    "outcome": 0.3821049800913369
                },
                "metadata": {
                    "trials": 1
                }
            }
        ],
        [
            {
                "query": {
                    "x": 0.5332033388627072
                },
                "metrics": {
                    "outcome": -0.762695168337681
                },
                "metadata": {
                    "trials": 1
                }
            }
        ],
        [
            {
                "query": {
                    "x": 1.7232918037412068
                },
                "metrics": {
                    "outcome": 0.07982533106153025
                },
                "metadata": {
                    "trials": 1
                }
            }
        ],
        [
            {
                "query": {
                    "x": 0.7162665911329289
                },
                "metrics": {
                    "outcome": -0.3349253640007404
                },
                "metadata": {
                    "trials": 1
                }
            }
        ],
        [
            {
                "query": {
                    "x": 2.2848549514077603
                },
                "metrics": {
                    "outcome": 2.8255483729278814
                },
                "metadata": {
                    "trials": 1
                }
            }
        ],
        [
            {
                "query": {
                    "x": 1.86306553358833
                },
                "metrics": {
                    "outcome": 0.800931700719895
                },
                "metadata": {
                    "trials": 1
                }
            }
        ],
        [
            {
                "query": {
                    "x": 2.1451593925245107
                },
                "metrics": {
                    "outcome": 1.4893508503613018
                },
                "metadata": {
                    "trials": 1
                }
            }
        ],
        [
            {
                "query": {
                    "x": 0.5
                },
                "metrics": {
                    "outcome": 0.06250000000000061
                },
                "metadata": {
                    "trials": 1
                }
            },
            {
                "query": {
                    "x": 0.5761270189819881
                },
                "metrics": {
                    "outcome": -0.5592839648760128
                },
                "metadata": {
                    "trials": 1
                }
            },
            {
                "query": {
                    "x": 1.273988331302488
                },
                "metrics": {
                    "outcome": 0.291830971909819
                },
                "metadata": {
                    "trials": 1
                }
            }
        ],
        [
            {
                "query": {
                    "x": 0.546222994586928
                },
                "metrics": {
                    "outcome": -0.8665400805649769
                },
                "metadata": {
                    "trials": 1
                }
            },
            {
                "query": {
                    "x": 0.5509416871619001
                },
                "metrics": {
                    "outcome": -0.8664758663608381
                },
                "metadata": {
                    "trials": 1
                }
            },
            {
                "query": {
                    "x": 0.5415591848484683
                },
                "metrics": {
                    "outcome": -0.8468182621470677
                },
                "metadata": {
                    "trials": 1
                }
            }
        ],
        [
            {
                "query": {
                    "x": 0.5482954083520276
                },
                "metrics": {
                    "outcome": -0.868978802064209
                },
                "metadata": {
                    "trials": 1
                }
            },
            {
                "query": {
                    "x": 0.5509201372660566
                },
                "metrics": {
                    "outcome": -0.8665215108258334
                },
                "metadata": {
                    "trials": 1
                }
            },
            {
                "query": {
                    "x": 0.5456727083424866
                },
                "metrics": {
                    "outcome": -0.86523956458617
                },
                "metadata": {
                    "trials": 1
                }
            }
        ],
        [
            {
                "query": {
                    "x": 0.5483479473399862
                },
                "metrics": {
                    "outcome": -0.8689902366644136
                },
                "metadata": {
                    "trials": 1
                }
            },
            {
                "query": {
                    "x": 0.5506118349806846
                },
                "metrics": {
                    "outcome": -0.8671292998365898
                },
                "metadata": {
                    "trials": 1
                }
            },
            {
                "query": {
                    "x": 0.5460856390386668
                },
                "metrics": {
                    "outcome": -0.8662411631966119
                },
                "metadata": {
                    "trials": 1
                }
            }
        ],
        [
            {
                "query": {
                    "x": 0.548373416255009
                },
                "metrics": {
                    "outcome": -0.8689948851101331
                },
                "metadata": {
                    "trials": 1
                }
            },
            {
                "query": {
                    "x": 0.5504327646267912
                },
                "metrics": {
                    "outcome": -0.8674434711153366
                },
                "metadata": {
                    "trials": 1
                }
            },
            {
                "query": {
                    "x": 0.5463154220128106
                },
                "metrics": {
                    "outcome": -0.8667316035303401
                },
                "metadata": {
                    "trials": 1
                }
            }
        ],
        [
            {
                "query": {
                    "x": 0.5483902221723012
                },
                "metrics": {
                    "outcome": -0.8689976325592655
                },
                "metadata": {
                    "trials": 1
                }
            },
            {
                "query": {
                    "x": 0.5503185705089306
                },
                "metrics": {
                    "outcome": -0.8676288945129087
                },
                "metadata": {
                    "trials": 1
                }
            },
            {
                "query": {
                    "x": 0.5464630768040173
                },
                "metrics": {
                    "outcome": -0.8670215115408926
                },
                "metadata": {
                    "trials": 1
                }
            }
        ],
        [
            {
                "query": {
                    "x": 0.5484027346241886
                },
                "metrics": {
                    "outcome": -0.8689995129551283
                },
                "metadata": {
                    "trials": 1
                }
            },
            {
                "query": {
                    "x": 0.5502362458136602
                },
                "metrics": {
                    "outcome": -0.867755354149755
                },
                "metadata": {
                    "trials": 1
                }
            },
            {
                "query": {
                    "x": 0.5465703222010027
                },
                "metrics": {
                    "outcome": -0.8672197016933599
                },
                "metadata": {
                    "trials": 1
                }
            }
        ],
        [
            {
                "query": {
                    "x": 0.5484126404164328
                },
                "metrics": {
                    "outcome": -0.8690009016462954
                },
                "metadata": {
                    "trials": 1
                }
            },
            {
                "query": {
                    "x": 0.5501725956526735
                },
                "metrics": {
                    "outcome": -0.8678489816633048
                },
                "metadata": {
                    "trials": 1
                }
            },
            {
                "query": {
                    "x": 0.5466536960162774
                },
                "metrics": {
                    "outcome": -0.8673665829466275
                },
                "metadata": {
                    "trials": 1
                }
            }
        ],
        [
            {
                "query": {
                    "x": 0.5484207962084341
                },
                "metrics": {
                    "outcome": -0.869001978694049
                },
                "metadata": {
                    "trials": 1
                }
            },
            {
                "query": {
                    "x": 0.5501211028996946
                },
                "metrics": {
                    "outcome": -0.8679220793234494
                },
                "metadata": {
                    "trials": 1
                }
            },
            {
                "query": {
                    "x": 0.5467214313653302
                },
                "metrics": {
                    "outcome": -0.8674812812335932
                },
                "metadata": {
                    "trials": 1
                }
            }
        ],
        [
            {
                "query": {
                    "x": 0.5484276662485396
                },
                "metrics": {
                    "outcome": -0.8690028394789453
                },
                "metadata": {
                    "trials": 1
                }
            },
            {
                "query": {
                    "x": 0.5500780819641287
                },
                "metrics": {
                    "outcome": -0.8679813350383471
                },
                "metadata": {
                    "trials": 1
                }
            },
            {
                "query": {
                    "x": 0.5467781418664517
                },
                "metrics": {
                    "outcome": -0.8675741172574385
                },
                "metadata": {
                    "trials": 1
                }
            }
        ],
        [
            {
                "query": {
                    "x": 0.5484335845446234
                },
                "metrics": {
                    "outcome": -0.8690035469463864
                },
                "metadata": {
                    "trials": 1
                }
            },
            {
                "query": {
                    "x": 0.5500412795669153
                },
                "metrics": {
                    "outcome": -0.8680307134648505
                },
                "metadata": {
                    "trials": 1
                }
            },
            {
                "query": {
                    "x": 0.5468267270011709
                },
                "metrics": {
                    "outcome": -0.8676513372605956
                },
                "metadata": {
                    "trials": 1
                }
            }
        ],
        [
            {
                "query": {
                    "x": 0.5484387866132981
                },
                "metrics": {
                    "outcome": -0.8690041427577144
                },
                "metadata": {
                    "trials": 1
                }
            },
            {
                "query": {
                    "x": 0.550009266116384
                },
                "metrics": {
                    "outcome": -0.8680726823310572
                },
                "metadata": {
                    "trials": 1
                }
            },
            {
                "query": {
                    "x": 0.5468691042829322
                },
                "metrics": {
                    "outcome": -0.8677169467674772
                },
                "metadata": {
                    "trials": 1
                }
            }
        ],
        [
            {
                "query": {
                    "x": 0.5484433793530096
                },
                "metrics": {
                    "outcome": -0.8690046485321846
                },
                "metadata": {
                    "trials": 1
                }
            },
            {
                "query": {
                    "x": 0.5499809692308664
                },
                "metrics": {
                    "outcome": -0.8681090163588988
                },
                "metadata": {
                    "trials": 1
                }
            },
            {
                "query": {
                    "x": 0.5469065437100435
                },
                "metrics": {
                    "outcome": -0.8677735596020717
                },
                "metadata": {
                    "trials": 1
                }
            }
        ],
        [
            {
                "query": {
                    "x": 0.5484474675713423
                },
                "metrics": {
                    "outcome": -0.8690050827723463
                },
                "metadata": {
                    "trials": 1
                }
            },
            {
                "query": {
                    "x": 0.5499556671614237
                },
                "metrics": {
                    "outcome": -0.868140898923518
                },
                "metadata": {
                    "trials": 1
                }
            },
            {
                "query": {
                    "x": 0.5469400014644917
                },
                "metrics": {
                    "outcome": -0.8678230787617207
                },
                "metadata": {
                    "trials": 1
                }
            }
        ],
        [
            {
                "query": {
                    "x": 0.5484511741982547
                },
                "metrics": {
                    "outcome": -0.8690054634764091
                },
                "metadata": {
                    "trials": 1
                }
            },
            {
                "query": {
                    "x": 0.5499328303442537
                },
                "metrics": {
                    "outcome": -0.8681691837479675
                },
                "metadata": {
                    "trials": 1
                }
            },
            {
                "query": {
                    "x": 0.5469702053516685
                },
                "metrics": {
                    "outcome": -0.8678669123839822
                },
                "metadata": {
                    "trials": 1
                }
            }
        ],
        [
            {
                "query": {
                    "x": 0.5484545395975413
                },
                "metrics": {
                    "outcome": -0.8690057984211046
                },
                "metadata": {
                    "trials": 1
                }
            },
            {
                "query": {
                    "x": 0.5499120728386346
                },
                "metrics": {
                    "outcome": -0.868194488730545
                },
                "metadata": {
                    "trials": 1
                }
            },
            {
                "query": {
                    "x": 0.546997679208261
                },
                "metrics": {
                    "outcome": -0.8679060673919007
                },
                "metadata": {
                    "trials": 1
                }
            }
        ],
        [
            {
                "query": {
                    "x": 0.5484576049339921
                },
                "metrics": {
                    "outcome": -0.8690060946295444
                },
                "metadata": {
                    "trials": 1
                }
            },
            {
                "query": {
                    "x": 0.5498930356622613
                },
                "metrics": {
                    "outcome": -0.8682173578332637
                },
                "metadata": {
                    "trials": 1
                }
            },
            {
                "query": {
                    "x": 0.5470228241508287
                },
                "metrics": {
                    "outcome": -0.8679413049750494
                },
                "metadata": {
                    "trials": 1
                }
            }
        ],
        [
            {
                "query": {
                    "x": 0.5484604329589464
                },
                "metrics": {
                    "outcome": -0.8690063604049367
                },
                "metadata": {
                    "trials": 1
                }
            },
            {
                "query": {
                    "x": 0.5498754949372275
                },
                "metrics": {
                    "outcome": -0.8682381424181392
                },
                "metadata": {
                    "trials": 1
                }
            },
            {
                "query": {
                    "x": 0.5470459985822864
                },
                "metrics": {
                    "outcome": -0.8679732747848141
                },
                "metadata": {
                    "trials": 1
                }
            }
        ],
        [
            {
                "query": {
                    "x": 0.5484630460522701
                },
                "metrics": {
                    "outcome": -0.8690065995820361
                },
                "metadata": {
                    "trials": 1
                }
            },
            {
                "query": {
                    "x": 0.549859244789197
                },
                "metrics": {
                    "outcome": -0.8682571522351905
                },
                "metadata": {
                    "trials": 1
                }
            },
            {
                "query": {
                    "x": 0.5470674535706479
                },
                "metrics": {
                    "outcome": -0.8680024396233463
                },
                "metadata": {
                    "trials": 1
                }
            }
        ],
        [
            {
                "query": {
                    "x": 0.5484654413824772
                },
                "metrics": {
                    "outcome": -0.8690068134278333
                },
                "metadata": {
                    "trials": 1
                }
            },
            {
                "query": {
                    "x": 0.549844084399221
                },
                "metrics": {
                    "outcome": -0.86827467428823
                },
                "metadata": {
                    "trials": 1
                }
            },
            {
                "query": {
                    "x": 0.5470873775441818
                },
                "metrics": {
                    "outcome": -0.8680291505261345
                },
                "metadata": {
                    "trials": 1
                }
            }
        ],
        [
            {
                "query": {
                    "x": 0.5484677044031746
                },
                "metrics": {
                    "outcome": -0.8690070107170043
                },
                "metadata": {
                    "trials": 1
                }
            },
            {
                "query": {
                    "x": 0.5498299550494709
                },
                "metrics": {
                    "outcome": -0.8682908196148483
                },
                "metadata": {
                    "trials": 1
                }
            },
            {
                "query": {
                    "x": 0.5471060129466936
                },
                "metrics": {
                    "outcome": -0.8680538090477184
                },
                "metadata": {
                    "trials": 1
                }
            }
        ],
        [
            {
                "query": {
                    "x": 0.5484697795737437
                },
                "metrics": {
                    "outcome": -0.8690071875778256
                },
                "metadata": {
                    "trials": 1
                }
            },
            {
                "query": {
                    "x": 0.5498166654446143
                },
                "metrics": {
                    "outcome": -0.8683058424148493
                },
                "metadata": {
                    "trials": 1
                }
            },
            {
                "query": {
                    "x": 0.5471234456632506
                },
                "metrics": {
                    "outcome": -0.8680765919104568
                },
                "metadata": {
                    "trials": 1
                }
            }
        ],
        [
            {
                "query": {
                    "x": 0.5484717789028908
                },
                "metrics": {
                    "outcome": -0.8690073543086251
                },
                "metadata": {
                    "trials": 1
                }
            },
            {
                "query": {
                    "x": 0.5498042089761312
                },
                "metrics": {
                    "outcome": -0.8683197799822274
                },
                "metadata": {
                    "trials": 1
                }
            },
            {
                "query": {
                    "x": 0.5471398906443793
                },
                "metrics": {
                    "outcome": -0.8680978320467233
                },
                "metadata": {
                    "trials": 1
                }
            }
        ],
        [
            {
                "query": {
                    "x": 0.5484736429206598
                },
                "metrics": {
                    "outcome": -0.8690075065143691
                },
                "metadata": {
                    "trials": 1
                }
            },
            {
                "query": {
                    "x": 0.5497924406971618
                },
                "metrics": {
                    "outcome": -0.8683328200161343
                },
                "metadata": {
                    "trials": 1
                }
            },
            {
                "query": {
                    "x": 0.5471553742321295
                },
                "metrics": {
                    "outcome": -0.8681176069830245
                },
                "metadata": {
                    "trials": 1
                }
            }
        ],
        [
            {
                "query": {
                    "x": 0.5484753840714102
                },
                "metrics": {
                    "outcome": -0.8690076458624263
                },
                "metadata": {
                    "trials": 1
                }
            },
            {
                "query": {
                    "x": 0.5497812748753163
                },
                "metrics": {
                    "outcome": -0.8683450779376767
                },
                "metadata": {
                    "trials": 1
                }
            },
            {
                "query": {
                    "x": 0.547169999575219
                },
                "metrics": {
                    "outcome": -0.8681360867576413
                },
                "metadata": {
                    "trials": 1
                }
            }
        ],
        [
            {
                "query": {
                    "x": 0.5484770304787148
                },
                "metrics": {
                    "outcome": -0.8690077751179193
                },
                "metadata": {
                    "trials": 1
                }
            },
            {
                "query": {
                    "x": 0.5497706743641015
                },
                "metrics": {
                    "outcome": -0.8683566120379966
                },
                "metadata": {
                    "trials": 1
                }
            },
            {
                "query": {
                    "x": 0.547183868707269
                },
                "metrics": {
                    "outcome": -0.8681534323956783
                },
                "metadata": {
                    "trials": 1
                }
            }
        ],
        [
            {
                "query": {
                    "x": 0.5484785780749226
                },
                "metrics": {
                    "outcome": -0.8690078943914149
                },
                "metadata": {
                    "trials": 1
                }
            },
            {
                "query": {
                    "x": 0.5497606119939261
                },
                "metrics": {
                    "outcome": -0.8683674675859391
                },
                "metadata": {
                    "trials": 1
                }
            },
            {
                "query": {
                    "x": 0.5471970293535829
                },
                "metrics": {
                    "outcome": -0.8681697311694202
                },
                "metadata": {
                    "trials": 1
                }
            }
        ],
        [
            {
                "query": {
                    "x": 0.5484800456686616
                },
                "metrics": {
                    "outcome": -0.8690080055076455
                },
                "metadata": {
                    "trials": 1
                }
            },
            {
                "query": {
                    "x": 0.5497510085328722
                },
                "metrics": {
                    "outcome": -0.8683777435549834
                },
                "metadata": {
                    "trials": 1
                }
            },
            {
                "query": {
                    "x": 0.5472095559133655
                },
                "metrics": {
                    "outcome": -0.8681850992275321
                },
                "metadata": {
                    "trials": 1
                }
            }
        ],
        [
            {
                "query": {
                    "x": 0.5484814673258885
                },
                "metrics": {
                    "outcome": -0.8690081112973352
                },
                "metadata": {
                    "trials": 1
                }
            },
            {
                "query": {
                    "x": 0.5497418699917578
                },
                "metrics": {
                    "outcome": -0.8683874454149745
                },
                "metadata": {
                    "trials": 1
                }
            },
            {
                "query": {
                    "x": 0.5472215293672289
                },
                "metrics": {
                    "outcome": -0.868199656132576
                },
                "metadata": {
                    "trials": 1
                }
            }
        ],
        [
            {
                "query": {
                    "x": 0.5484828140733042
                },
                "metrics": {
                    "outcome": -0.8690082098348811
                },
                "metadata": {
                    "trials": 1
                }
            },
            {
                "query": {
                    "x": 0.5497331240068262
                },
                "metrics": {
                    "outcome": -0.8683966605328329
                },
                "metadata": {
                    "trials": 1
                }
            },
            {
                "query": {
                    "x": 0.5472329549592102
                },
                "metrics": {
                    "outcome": -0.8682134261402984
                },
                "metadata": {
                    "trials": 1
                }
            }
        ],
        [
            {
                "query": {
                    "x": 0.5484840676090299
                },
                "metrics": {
                    "outcome": -0.869008300085499
                },
                "metadata": {
                    "trials": 1
                }
            },
            {
                "query": {
                    "x": 0.5497247036434217
                },
                "metrics": {
                    "outcome": -0.8684054678835276
                },
                "metadata": {
                    "trials": 1
                }
            },
            {
                "query": {
                    "x": 0.5472438640666953
                },
                "metrics": {
                    "outcome": -0.8682264635729191
                },
                "metadata": {
                    "trials": 1
                }
            }
        ],
        [
            {
                "query": {
                    "x": 0.548485321061863
                },
                "metrics": {
                    "outcome": -0.8690083889159771
                },
                "metadata": {
                    "trials": 1
                }
            },
            {
                "query": {
                    "x": 0.5497167108903096
                },
                "metrics": {
                    "outcome": -0.8684137692681942
                },
                "metadata": {
                    "trials": 1
                }
            },
            {
                "query": {
                    "x": 0.5472543688880529
                },
                "metrics": {
                    "outcome": -0.8682389161866297
                },
                "metadata": {
                    "trials": 1
                }
            }
        ],
        [
            {
                "query": {
                    "x": 0.548486497964691
                },
                "metrics": {
                    "outcome": -0.8690084710342495
                },
                "metadata": {
                    "trials": 1
                }
            },
            {
                "query": {
                    "x": 0.5497089946111454
                },
                "metrics": {
                    "outcome": -0.8684217292592191
                },
                "metadata": {
                    "trials": 1
                }
            },
            {
                "query": {
                    "x": 0.547264431604232
                },
                "metrics": {
                    "outcome": -0.8682507511924601
                },
                "metadata": {
                    "trials": 1
                }
            }
        ],
        [
            {
                "query": {
                    "x": 0.5484875611269119
                },
                "metrics": {
                    "outcome": -0.8690085441445218
                },
                "metadata": {
                    "trials": 1
                }
            },
            {
                "query": {
                    "x": 0.5497014937173341
                },
                "metrics": {
                    "outcome": -0.8684294159812617
                },
                "metadata": {
                    "trials": 1
                }
            },
            {
                "query": {
                    "x": 0.5472740372270068
                },
                "metrics": {
                    "outcome": -0.8682619632256383
                },
                "metadata": {
                    "trials": 1
                }
            }
        ],
        [
            {
                "query": {
                    "x": 0.5484886300491061
                },
                "metrics": {
                    "outcome": -0.8690086166252698
                },
                "metadata": {
                    "trials": 1
                }
            },
            {
                "query": {
                    "x": 0.5496943445612863
                },
                "metrics": {
                    "outcome": -0.8684366953786288
                },
                "metadata": {
                    "trials": 1
                }
            },
            {
                "query": {
                    "x": 0.5472833288619116
                },
                "metrics": {
                    "outcome": -0.8682727294172157
                },
                "metadata": {
                    "trials": 1
                }
            }
        ],
        [
            {
                "query": {
                    "x": 0.5484896601452328
                },
                "metrics": {
                    "outcome": -0.8690086855002924
                },
                "metadata": {
                    "trials": 1
                }
            },
            {
                "query": {
                    "x": 0.5496874366356919
                },
                "metrics": {
                    "outcome": -0.8684436856911518
                },
                "metadata": {
                    "trials": 1
                }
            },
            {
                "query": {
                    "x": 0.5472922809572633
                },
                "metrics": {
                    "outcome": -0.8682830283867565
                },
                "metadata": {
                    "trials": 1
                }
            }
        ],
        [
            {
                "query": {
                    "x": 0.5484906786944981
                },
                "metrics": {
                    "outcome": -0.869008752664227
                },
                "metadata": {
                    "trials": 1
                }
            },
            {
                "query": {
                    "x": 0.5496808080752912
                },
                "metrics": {
                    "outcome": -0.8684503531474825
                },
                "metadata": {
                    "trials": 1
                }
            },
            {
                "query": {
                    "x": 0.5473009412440614
                },
                "metrics": {
                    "outcome": -0.8682929227235912
                },
                "metadata": {
                    "trials": 1
                }
            }
        ],
        [
            {
                "query": {
                    "x": 0.5484915834702428
                },
                "metrics": {
                    "outcome": -0.8690088115427345
                },
                "metadata": {
                    "trials": 1
                }
            },
            {
                "query": {
                    "x": 0.5496743279990767
                },
                "metrics": {
                    "outcome": -0.8684568332283348
                },
                "metadata": {
                    "trials": 1
                }
            },
            {
                "query": {
                    "x": 0.5473092329005651
                },
                "metrics": {
                    "outcome": -0.8683023323911243
                },
                "metadata": {
                    "trials": 1
                }
            }
        ],
        [
            {
                "query": {
                    "x": 0.5484925230701557
                },
                "metrics": {
                    "outcome": -0.869008871907565
                },
                "metadata": {
                    "trials": 1
                }
            },
            {
                "query": {
                    "x": 0.5496681205645175
                },
                "metrics": {
                    "outcome": -0.8684630054158544
                },
                "metadata": {
                    "trials": 1
                }
            },
            {
                "query": {
                    "x": 0.5473173071257774
                },
                "metrics": {
                    "outcome": -0.8683114356039134
                },
                "metadata": {
                    "trials": 1
                }
            }
        ],
        [
            {
                "query": {
                    "x": 0.5484934156087838
                },
                "metrics": {
                    "outcome": -0.8690089285130423
                },
                "metadata": {
                    "trials": 1
                }
            },
            {
                "query": {
                    "x": 0.5496621204139255
                },
                "metrics": {
                    "outcome": -0.868468938709941
                },
                "metadata": {
                    "trials": 1
                }
            },
            {
                "query": {
                    "x": 0.5473251058308805
                },
                "metrics": {
                    "outcome": -0.8683201722537316
                },
                "metadata": {
                    "trials": 1
                }
            }
        ],
        [
            {
                "query": {
                    "x": 0.54849428223806
                },
                "metrics": {
                    "outcome": -0.869008982789262
                },
                "metadata": {
                    "trials": 1
                }
            },
            {
                "query": {
                    "x": 0.5496562780164045
                },
                "metrics": {
                    "outcome": -0.8684746850379221
                },
                "metadata": {
                    "trials": 1
                }
            },
            {
                "query": {
                    "x": 0.5473326574234879
                },
                "metrics": {
                    "outcome": -0.8683285796973151
                },
                "metadata": {
                    "trials": 1
                }
            }
        ],
        [
            {
                "query": {
                    "x": 0.5484950933761947
                },
                "metrics": {
                    "outcome": -0.8690090329776989
                },
                "metadata": {
                    "trials": 1
                }
            },
            {
                "query": {
                    "x": 0.5496505989354089
                },
                "metrics": {
                    "outcome": -0.8684802414451475
                },
                "metadata": {
                    "trials": 1
                }
            },
            {
                "query": {
                    "x": 0.5473399468317381
                },
                "metrics": {
                    "outcome": -0.8683366463652451
                },
                "metadata": {
                    "trials": 1
                }
            }
        ],
        [
            {
                "query": {
                    "x": 0.5484958960389431
                },
                "metrics": {
                    "outcome": -0.8690090820588132
                },
                "metadata": {
                    "trials": 1
                }
            },
            {
                "query": {
                    "x": 0.5496451149680786
                },
                "metrics": {
                    "outcome": -0.8684855795490186
                },
                "metadata": {
                    "trials": 1
                }
            },
            {
                "query": {
                    "x": 0.5473470335618525
                },
                "metrics": {
                    "outcome": -0.8683444427151655
                },
                "metadata": {
                    "trials": 1
                }
            }
        ],
        [
            {
                "query": {
                    "x": 0.5484966533728916
                },
                "metrics": {
                    "outcome": -0.8690091278365099
                },
                "metadata": {
                    "trials": 1
                }
            },
            {
                "query": {
                    "x": 0.5496397625322162
                },
                "metrics": {
                    "outcome": -0.8684907636547887
                },
                "metadata": {
                    "trials": 1
                }
            },
            {
                "query": {
                    "x": 0.547353894600219
                },
                "metrics": {
                    "outcome": -0.8683519475400305
                },
                "metadata": {
                    "trials": 1
                }
            }
        ],
        [
            {
                "query": {
                    "x": 0.5484973702467849
                },
                "metrics": {
                    "outcome": -0.8690091706929861
                },
                "metadata": {
                    "trials": 1
                }
            },
            {
                "query": {
                    "x": 0.549634555250976
                },
                "metrics": {
                    "outcome": -0.8684957825542867
                },
                "metadata": {
                    "trials": 1
                }
            },
            {
                "query": {
                    "x": 0.5473605390304637
                },
                "metrics": {
                    "outcome": -0.8683591748914165
                },
                "metadata": {
                    "trials": 1
                }
            }
        ]
    ],
    "best_results": [
        {
            "query": {
                "x": 0.5484973702467849
            },
            "metrics": [
                {
                    "name": "outcome",
                    "value": -0.8690091706929861
                }
            ]
        }
    ]
}