{
    "date": "05/11/2022 12:08:46",
    "basic_params": {
        "active_variables": [
            "x1",
            "x2"
        ],
        "default_query": {},
        "metric": "basic",
        "n_trials": 1
    },
    "objective_function": {
        "name": "Beale",
        "params": {}
    },
    "optimizer": {
        "name": "BBO-LP(LCBa)-FoD",
        "params": {
            "lower_bound": [
                -4.5,
                -4.5
            ],
            "upper_bound": [
                4.5,
                4.5
            ],
            "invert_metric": false,
            "bopt_params": {
                "n_init_samples": 12,
                "n_iterations": 23,
                "n_iter_relearn": 5,
                "verbose_level": 0,
                "n_parallel_samples": 6,
                "fixed_dataset_size": 50,
                "par_type": "PAR_BBO",
                "crit_name": "cLP(cLCBa)",
                "n_crit_params": 3,
                "crit_params": [
                    6,
                    1,
                    5.0
                ]
            }
        }
    },
    "iterations": [
        [
            {
                "query": {
                    "x1": 1.2913141594617628,
                    "x2": -2.512046436604578
                },
                "metrics": {
                    "outcome": 458.3494890487674
                },
                "metadata": {
                    "trials": 1
                }
            }
        ],
        [
            {
                "query": {
                    "x1": -3.916207325994037,
                    "x2": 4.285667282121722
                },
                "metrics": {
                    "outcome": 95489.81168740614
                },
                "metadata": {
                    "trials": 1
                }
            }
        ],
        [
            {
                "query": {
                    "x1": -1.5083201133529656,
                    "x2": -3.9854845062363893
                },
                "metrics": {
                    "outcome": 10413.279945781993
                },
                "metadata": {
                    "trials": 1
                }
            }
        ],
        [
            {
                "query": {
                    "x1": 2.838843189936597,
                    "x2": -0.7240020414465107
                },
                "metrics": {
                    "outcome": 13.996199304022063
                },
                "metadata": {
                    "trials": 1
                }
            }
        ],
        [
            {
                "query": {
                    "x1": -1.4284427896491252,
                    "x2": 2.0946360068628564
                },
                "metrics": {
                    "outcome": 89.04828243116643
                },
                "metadata": {
                    "trials": 1
                }
            }
        ],
        [
            {
                "query": {
                    "x1": 0.21858079126104712,
                    "x2": 3.7225732786464505
                },
                "metrics": {
                    "outcome": 217.19638290181433
                },
                "metadata": {
                    "trials": 1
                }
            }
        ],
        [
            {
                "query": {
                    "x1": 3.8283913916093297,
                    "x2": 2.525473772257101
                },
                "metrics": {
                    "outcome": 4231.216592245912
                },
                "metadata": {
                    "trials": 1
                }
            }
        ],
        [
            {
                "query": {
                    "x1": -0.3296131768729538,
                    "x2": -2.1255756496684626
                },
                "metrics": {
                    "outcome": 45.04610121914989
                },
                "metadata": {
                    "trials": 1
                }
            }
        ],
        [
            {
                "query": {
                    "x1": 3.359496032644529,
                    "x2": -1.4611931315157562
                },
                "metrics": {
                    "outcome": 208.35885290989862
                },
                "metadata": {
                    "trials": 1
                }
            }
        ],
        [
            {
                "query": {
                    "x1": -3.3822656041011214,
                    "x2": 0.11437823862070218
                },
                "metrics": {
                    "outcome": 87.46109292046262
                },
                "metadata": {
                    "trials": 1
                }
            }
        ],
        [
            {
                "query": {
                    "x1": 1.583166012482252,
                    "x2": -3.1204924276680686
                },
                "metrics": {
                    "outcome": 2498.893877838035
                },
                "metadata": {
                    "trials": 1
                }
            }
        ],
        [
            {
                "query": {
                    "x1": -2.498639785393607,
                    "x2": 1.3497947602299973
                },
                "metrics": {
                    "outcome": 1.4731199890045041
                },
                "metadata": {
                    "trials": 1
                }
            }
        ],
        [
            {
                "query": {
                    "x1": -3.194323957776046,
                    "x2": -1.3543341458612392
                },
                "metrics": {
                    "outcome": 270.72777227725464
                },
                "metadata": {
                    "trials": 1
                }
            },
            {
                "query": {
                    "x1": -3.194324920253372,
                    "x2": -1.3543461162762784
                },
                "metrics": {
                    "outcome": 270.7344700409998
                },
                "metadata": {
                    "trials": 1
                }
            },
            {
                "query": {
                    "x1": -3.1943252232139345,
                    "x2": -1.3543576610157175
                },
                "metrics": {
                    "outcome": 270.7408429120293
                },
                "metadata": {
                    "trials": 1
                }
            },
            {
                "query": {
                    "x1": -3.1943253659407747,
                    "x2": -1.3543708953009883
                },
                "metrics": {
                    "outcome": 270.74812024760496
                },
                "metadata": {
                    "trials": 1
                }
            },
            {
                "query": {
                    "x1": -3.1943257651505634,
                    "x2": -1.3543822971598534
                },
                "metrics": {
                    "outcome": 270.7544285777062
                },
                "metadata": {
                    "trials": 1
                }
            },
            {
                "query": {
                    "x1": -3.194323482784097,
                    "x2": -1.3543226822015177
                },
                "metrics": {
                    "outcome": 270.72142036654645
                },
                "metadata": {
                    "trials": 1
                }
            }
        ],
        [
            {
                "query": {
                    "x1": 2.354234195215791,
                    "x2": 4.499774934221817
                },
                "metrics": {
                    "outcome": 48482.57733721187
                },
                "metadata": {
                    "trials": 1
                }
            },
            {
                "query": {
                    "x1": 2.354237291835788,
                    "x2": 4.5
                },
                "metrics": {
                    "outcome": 48496.99371091604
                },
                "metadata": {
                    "trials": 1
                }
            },
            {
                "query": {
                    "x1": 2.354253868225566,
                    "x2": 4.499774915821748
                },
                "metrics": {
                    "outcome": 48483.37500060014
                },
                "metadata": {
                    "trials": 1
                }
            },
            {
                "query": {
                    "x1": 2.354216059581262,
                    "x2": 4.499774835607983
                },
                "metrics": {
                    "outcome": 48481.83467665174
                },
                "metadata": {
                    "trials": 1
                }
            },
            {
                "query": {
                    "x1": 2.354255528693331,
                    "x2": 4.5
                },
                "metrics": {
                    "outcome": 48497.73444752889
                },
                "metadata": {
                    "trials": 1
                }
            },
            {
                "query": {
                    "x1": 2.3542753097137084,
                    "x2": 4.5
                },
                "metrics": {
                    "outcome": 48498.537910660976
                },
                "metadata": {
                    "trials": 1
                }
            }
        ],
        [
            {
                "query": {
                    "x1": -2.3367187367118243,
                    "x2": 4.4998431222039645
                },
                "metrics": {
                    "outcome": 45113.32306526035
                },
                "metadata": {
                    "trials": 1
                }
            },
            {
                "query": {
                    "x1": -2.3367190030777008,
                    "x2": 4.49977559831898
                },
                "metrics": {
                    "outcome": 45109.22391582002
                },
                "metadata": {
                    "trials": 1
                }
            },
            {
                "query": {
                    "x1": -2.336729079959242,
                    "x2": 4.49910117972639
                },
                "metrics": {
                    "outcome": 45068.58929907472
                },
                "metadata": {
                    "trials": 1
                }
            },
            {
                "query": {
                    "x1": -2.336766067214195,
                    "x2": 4.499092992678763
                },
                "metrics": {
                    "outcome": 45069.53879341036
                },
                "metadata": {
                    "trials": 1
                }
            },
            {
                "query": {
                    "x1": -2.3367833350537643,
                    "x2": 4.499092994370248
                },
                "metrics": {
                    "outcome": 45070.21462529582
                },
                "metadata": {
                    "trials": 1
                }
            },
            {
                "query": {
                    "x1": -2.3365607880007677,
                    "x2": 4.499092866474609
                },
                "metrics": {
                    "outcome": 45061.4984749872
                },
                "metadata": {
                    "trials": 1
                }
            }
        ],
        [
            {
                "query": {
                    "x1": -2.536371909043317,
                    "x2": 1.2600226191150714
                },
                "metrics": {
                    "outcome": 1.2908704374604119
                },
                "metadata": {
                    "trials": 1
                }
            },
            {
                "query": {
                    "x1": -2.4973547886742695,
                    "x2": 1.2338597904507047
                },
                "metrics": {
                    "outcome": 1.9186520234238709
                },
                "metadata": {
                    "trials": 1
                }
            },
            {
                "query": {
                    "x1": -2.5402581026224613,
                    "x2": 1.2469100270176794
                },
                "metrics": {
                    "outcome": 1.5263858917777833
                },
                "metadata": {
                    "trials": 1
                }
            },
            {
                "query": {
                    "x1": -2.53276708920445,
                    "x2": 1.2637055554843393
                },
                "metrics": {
                    "outcome": 1.2392729880734454
                },
                "metadata": {
                    "trials": 1
                }
            },
            {
                "query": {
                    "x1": -2.5316697361383413,
                    "x2": 1.2534372430728045
                },
                "metrics": {
                    "outcome": 1.4127510694090628
                },
                "metadata": {
                    "trials": 1
                }
            },
            {
                "query": {
                    "x1": -2.5350235995395685,
                    "x2": 1.2575971501685448
                },
                "metrics": {
                    "outcome": 1.3330996312384171
                },
                "metadata": {
                    "trials": 1
                }
            }
        ],
        [
            {
                "query": {
                    "x1": 4.5,
                    "x2": -4.5
                },
                "metrics": {
                    "outcome": 178131.83203125
                },
                "metadata": {
                    "trials": 1
                }
            },
            {
                "query": {
                    "x1": 4.5,
                    "x2": -4.499984692613308
                },
                "metrics": {
                    "outcome": 178128.2710278797
                },
                "metadata": {
                    "trials": 1
                }
            },
            {
                "query": {
                    "x1": 4.5,
                    "x2": -4.499969386354182
                },
                "metrics": {
                    "outcome": 178124.7103464421
                },
                "metadata": {
                    "trials": 1
                }
            },
            {
                "query": {
                    "x1": 4.5,
                    "x2": -4.49995408006124
                },
                "metrics": {
                    "outcome": 178121.14971675875
                },
                "metadata": {
                    "trials": 1
                }
            },
            {
                "query": {
                    "x1": 4.5,
                    "x2": -4.499938780780448
                },
                "metrics": {
                    "outcome": 178117.5907778572
                },
                "metadata": {
                    "trials": 1
                }
            },
            {
                "query": {
                    "x1": 4.5,
                    "x2": -4.49992347352649
                },
                "metrics": {
                    "outcome": 178114.03004383857
                },
                "metadata": {
                    "trials": 1
                }
            }
        ],
        [
            {
                "query": {
                    "x1": 4.499774973932832,
                    "x2": 0.7470328781522007
                },
                "metrics": {
                    "outcome": 0.19914125418849207
                },
                "metadata": {
                    "trials": 1
                }
            },
            {
                "query": {
                    "x1": 4.499099896556041,
                    "x2": 0.7470331968045469
                },
                "metrics": {
                    "outcome": 0.19942406965304313
                },
                "metadata": {
                    "trials": 1
                }
            },
            {
                "query": {
                    "x1": 4.49842481704731,
                    "x2": 0.74703300318229
                },
                "metrics": {
                    "outcome": 0.19970395169835306
                },
                "metadata": {
                    "trials": 1
                }
            },
            {
                "query": {
                    "x1": 4.499054235466684,
                    "x2": 1.5991420550698292
                },
                "metrics": {
                    "outcome": 376.3368572862538
                },
                "metadata": {
                    "trials": 1
                }
            },
            {
                "query": {
                    "x1": 4.499054234403662,
                    "x2": 1.5991489156903587
                },
                "metrics": {
                    "outcome": 376.34676971970583
                },
                "metadata": {
                    "trials": 1
                }
            },
            {
                "query": {
                    "x1": 4.49905423440752,
                    "x2": 1.5991557521843234
                },
                "metrics": {
                    "outcome": 376.3566476463432
                },
                "metadata": {
                    "trials": 1
                }
            }
        ],
        [
            {
                "query": {
                    "x1": -4.5,
                    "x2": 0.6057892214560354
                },
                "metrics": {
                    "outcome": 74.22495977553774
                },
                "metadata": {
                    "trials": 1
                }
            },
            {
                "query": {
                    "x1": -4.499999999996519,
                    "x2": 0.8969838749779271
                },
                "metrics": {
                    "outcome": 28.682702219763186
                },
                "metadata": {
                    "trials": 1
                }
            },
            {
                "query": {
                    "x1": -4.4999595678384825,
                    "x2": 0.8969833985225204
                },
                "metrics": {
                    "outcome": 28.682621775508178
                },
                "metadata": {
                    "trials": 1
                }
            },
            {
                "query": {
                    "x1": -4.499879613201736,
                    "x2": 0.89698418776163
                },
                "metrics": {
                    "outcome": 28.682198781967692
                },
                "metadata": {
                    "trials": 1
                }
            },
            {
                "query": {
                    "x1": -4.499869151003543,
                    "x2": 0.896983681478261
                },
                "metrics": {
                    "outcome": 28.68223634371877
                },
                "metadata": {
                    "trials": 1
                }
            },
            {
                "query": {
                    "x1": -4.499821985363652,
                    "x2": 0.8969899230425726
                },
                "metrics": {
                    "outcome": 28.681106440097548
                },
                "metadata": {
                    "trials": 1
                }
            }
        ],
        [
            {
                "query": {
                    "x1": 0.0,
                    "x2": 3.1111111111111107
                },
                "metrics": {
                    "outcome": 14.203125
                },
                "metadata": {
                    "trials": 1
                }
            },
            {
                "query": {
                    "x1": 0.0,
                    "x2": 3.0370370370370363
                },
                "metrics": {
                    "outcome": 14.203125
                },
                "metadata": {
                    "trials": 1
                }
            },
            {
                "query": {
                    "x1": -0.11111111111111072,
                    "x2": 3.1111111111111107
                },
                "metrics": {
                    "outcome": 3.6260125121522
                },
                "metadata": {
                    "trials": 1
                }
            },
            {
                "query": {
                    "x1": 0.0,
                    "x2": 3.023503086419751
                },
                "metrics": {
                    "outcome": 14.203125
                },
                "metadata": {
                    "trials": 1
                }
            },
            {
                "query": {
                    "x1": 0.0,
                    "x2": 3.013461419753086
                },
                "metrics": {
                    "outcome": 14.203125
                },
                "metadata": {
                    "trials": 1
                }
            },
            {
                "query": {
                    "x1": 0.0,
                    "x2": 3.012345679012345
                },
                "metrics": {
                    "outcome": 14.203125
                },
                "metadata": {
                    "trials": 1
                }
            }
        ],
        [
            {
                "query": {
                    "x1": 0.0,
                    "x2": 0.0
                },
                "metrics": {
                    "outcome": 14.203125
                },
                "metadata": {
                    "trials": 1
                }
            },
            {
                "query": {
                    "x1": -3.0,
                    "x2": 0.0
                },
                "metrics": {
                    "outcome": 79.453125
                },
                "metadata": {
                    "trials": 1
                }
            },
            {
                "query": {
                    "x1": 2.999999999999999,
                    "x2": 0.0
                },
                "metrics": {
                    "outcome": 2.9531249999999956
                },
                "metadata": {
                    "trials": 1
                }
            },
            {
                "query": {
                    "x1": -3.0,
                    "x2": -2.0
                },
                "metrics": {
                    "outcome": 1033.453125
                },
                "metadata": {
                    "trials": 1
                }
            },
            {
                "query": {
                    "x1": -3.0,
                    "x2": -3.6666666666666665
                },
                "metrics": {
                    "outcome": 25037.60435956789
                },
                "metadata": {
                    "trials": 1
                }
            },
            {
                "query": {
                    "x1": 0.0,
                    "x2": -2.0
                },
                "metrics": {
                    "outcome": 14.203125
                },
                "metadata": {
                    "trials": 1
                }
            }
        ],
        [
            {
                "query": {
                    "x1": 2.999999999999999,
                    "x2": -2.0
                },
                "metrics": {
                    "outcome": 776.9531249999995
                },
                "metadata": {
                    "trials": 1
                }
            },
            {
                "query": {
                    "x1": 2.999999999999999,
                    "x2": -2.0
                },
                "metrics": {
                    "outcome": 776.9531249999995
                },
                "metadata": {
                    "trials": 1
                }
            },
            {
                "query": {
                    "x1": 2.999999999999999,
                    "x2": -2.0
                },
                "metrics": {
                    "outcome": 776.9531249999995
                },
                "metadata": {
                    "trials": 1
                }
            },
            {
                "query": {
                    "x1": 2.999999999999999,
                    "x2": -2.0
                },
                "metrics": {
                    "outcome": 776.9531249999995
                },
                "metadata": {
                    "trials": 1
                }
            },
            {
                "query": {
                    "x1": 2.999999999999999,
                    "x2": -2.0
                },
                "metrics": {
                    "outcome": 776.9531249999995
                },
                "metadata": {
                    "trials": 1
                }
            },
            {
                "query": {
                    "x1": 2.999999999999999,
                    "x2": -2.0
                },
                "metrics": {
                    "outcome": 776.9531249999995
                },
                "metadata": {
                    "trials": 1
                }
            }
        ],
        [
            {
                "query": {
                    "x1": 0.0,
                    "x2": -3.0
                },
                "metrics": {
                    "outcome": 14.203125
                },
                "metadata": {
                    "trials": 1
                }
            },
            {
                "query": {
                    "x1": -3.0,
                    "x2": -3.0
                },
                "metrics": {
                    "outcome": 8159.203125
                },
                "metadata": {
                    "trials": 1
                }
            },
            {
                "query": {
                    "x1": 2.999999999999999,
                    "x2": -3.0
                },
                "metrics": {
                    "outcome": 7421.2031249999945
                },
                "metadata": {
                    "trials": 1
                }
            },
            {
                "query": {
                    "x1": -1.0,
                    "x2": -3.0
                },
                "metrics": {
                    "outcome": 1001.203125
                },
                "metadata": {
                    "trials": 1
                }
            },
            {
                "query": {
                    "x1": 1.0,
                    "x2": -3.0
                },
                "metrics": {
                    "outcome": 755.203125
                },
                "metadata": {
                    "trials": 1
                }
            },
            {
                "query": {
                    "x1": -4.0,
                    "x2": -3.0
                },
                "metrics": {
                    "outcome": 14330.203125
                },
                "metadata": {
                    "trials": 1
                }
            }
        ],
        [
            {
                "query": {
                    "x1": 2.999999999999999,
                    "x2": 3.666666666666668
                },
                "metrics": {
                    "outcome": 23417.437692901265
                },
                "metadata": {
                    "trials": 1
                }
            },
            {
                "query": {
                    "x1": 2.999999999999999,
                    "x2": 3.8888888888888875
                },
                "metrics": {
                    "outcome": 33093.338715780454
                },
                "metadata": {
                    "trials": 1
                }
            },
            {
                "query": {
                    "x1": 4.0,
                    "x2": 3.666666666666666
                },
                "metrics": {
                    "outcome": 41196.546060528075
                },
                "metadata": {
                    "trials": 1
                }
            },
            {
                "query": {
                    "x1": 4.333333333333332,
                    "x2": 3.625
                },
                "metrics": {
                    "outcome": 45081.0849342346
                },
                "metadata": {
                    "trials": 1
                }
            },
            {
                "query": {
                    "x1": 4.333333333333332,
                    "x2": 3.9999999999999982
                },
                "metrics": {
                    "outcome": 80701.95312499977
                },
                "metadata": {
                    "trials": 1
                }
            },
            {
                "query": {
                    "x1": 2.999999999999999,
                    "x2": 3.9629629629629637
                },
                "metrics": {
                    "outcome": 36980.59310810697
                },
                "metadata": {
                    "trials": 1
                }
            }
        ],
        [
            {
                "query": {
                    "x1": 4.405032551564318,
                    "x2": 0.3078979780198692
                },
                "metrics": {
                    "outcome": 8.14453401090106
                },
                "metadata": {
                    "trials": 1
                }
            },
            {
                "query": {
                    "x1": 4.405032551564318,
                    "x2": 0.3078979780198692
                },
                "metrics": {
                    "outcome": 8.14453401090106
                },
                "metadata": {
                    "trials": 1
                }
            },
            {
                "query": {
                    "x1": 4.405032551564318,
                    "x2": 0.3078979780198692
                },
                "metrics": {
                    "outcome": 8.14453401090106
                },
                "metadata": {
                    "trials": 1
                }
            },
            {
                "query": {
                    "x1": 4.405032551564318,
                    "x2": 0.3078979780198692
                },
                "metrics": {
                    "outcome": 8.14453401090106
                },
                "metadata": {
                    "trials": 1
                }
            },
            {
                "query": {
                    "x1": 4.405032551564318,
                    "x2": 0.3078979780198692
                },
                "metrics": {
                    "outcome": 8.14453401090106
                },
                "metadata": {
                    "trials": 1
                }
            },
            {
                "query": {
                    "x1": 4.405032551564318,
                    "x2": 0.3078979780198692
                },
                "metrics": {
                    "outcome": 8.14453401090106
                },
                "metadata": {
                    "trials": 1
                }
            }
        ],
        [
            {
                "query": {
                    "x1": 1.7140001313782403,
                    "x2": 0.36459554546148887
                },
                "metrics": {
                    "outcome": 1.740481921219363
                },
                "metadata": {
                    "trials": 1
                }
            },
            {
                "query": {
                    "x1": 1.7139927689445802,
                    "x2": 0.3645628687630662
                },
                "metrics": {
                    "outcome": 1.740356631599778
                },
                "metadata": {
                    "trials": 1
                }
            },
            {
                "query": {
                    "x1": 1.7140437344958146,
                    "x2": 0.364370833017273
                },
                "metrics": {
                    "outcome": 1.7392685491944553
                },
                "metadata": {
                    "trials": 1
                }
            },
            {
                "query": {
                    "x1": 1.714023962144239,
                    "x2": 0.364351224987308
                },
                "metrics": {
                    "outcome": 1.7392508544059928
                },
                "metadata": {
                    "trials": 1
                }
            },
            {
                "query": {
                    "x1": 1.7139528607843078,
                    "x2": 0.364237459390087
                },
                "metrics": {
                    "outcome": 1.7389853128676387
                },
                "metadata": {
                    "trials": 1
                }
            },
            {
                "query": {
                    "x1": 1.7139550739235183,
                    "x2": 0.3642110724463663
                },
                "metrics": {
                    "outcome": 1.7388538492634653
                },
                "metadata": {
                    "trials": 1
                }
            }
        ],
        [
            {
                "query": {
                    "x1": 1.903364946312477,
                    "x2": -0.24101899845019847
                },
                "metrics": {
                    "outcome": 1.4352767530151986
                },
                "metadata": {
                    "trials": 1
                }
            },
            {
                "query": {
                    "x1": 1.9033583409645516,
                    "x2": -0.24097457643250308
                },
                "metrics": {
                    "outcome": 1.4351150555511347
                },
                "metadata": {
                    "trials": 1
                }
            },
            {
                "query": {
                    "x1": 1.903232624291804,
                    "x2": -0.2410608382802959
                },
                "metrics": {
                    "outcome": 1.4354472370764941
                },
                "metadata": {
                    "trials": 1
                }
            },
            {
                "query": {
                    "x1": 1.903258974523684,
                    "x2": -0.24102274889146535
                },
                "metrics": {
                    "outcome": 1.4353043895690312
                },
                "metadata": {
                    "trials": 1
                }
            },
            {
                "query": {
                    "x1": 1.9033089463568924,
                    "x2": -0.24080173328500543
                },
                "metrics": {
                    "outcome": 1.4344892388210968
                },
                "metadata": {
                    "trials": 1
                }
            },
            {
                "query": {
                    "x1": 1.9031746700519445,
                    "x2": -0.24082568755906042
                },
                "metrics": {
                    "outcome": 1.4345946937082164
                },
                "metadata": {
                    "trials": 1
                }
            }
        ],
        [
            {
                "query": {
                    "x1": 1.888841929847863,
                    "x2": 0.03143180646509691
                },
                "metrics": {
                    "outcome": 0.7823535533407193
                },
                "metadata": {
                    "trials": 1
                }
            },
            {
                "query": {
                    "x1": 1.8888340669097943,
                    "x2": 0.031403978354109796
                },
                "metrics": {
                    "outcome": 0.7823978262805393
                },
                "metadata": {
                    "trials": 1
                }
            },
            {
                "query": {
                    "x1": 1.8888573256028183,
                    "x2": 0.031205088839953987
                },
                "metrics": {
                    "outcome": 0.7825905963146828
                },
                "metadata": {
                    "trials": 1
                }
            },
            {
                "query": {
                    "x1": 1.8888512465327372,
                    "x2": 0.031181213845535183
                },
                "metrics": {
                    "outcome": 0.7826275910372252
                },
                "metadata": {
                    "trials": 1
                }
            },
            {
                "query": {
                    "x1": 1.8889058582267815,
                    "x2": 0.031043465644509993
                },
                "metrics": {
                    "outcome": 0.7827014334304548
                },
                "metadata": {
                    "trials": 1
                }
            },
            {
                "query": {
                    "x1": 1.8888965791913295,
                    "x2": 0.03102095694823781
                },
                "metrics": {
                    "outcome": 0.7827418730294528
                },
                "metadata": {
                    "trials": 1
                }
            }
        ],
        [
            {
                "query": {
                    "x1": 1.9928597107905137,
                    "x2": 0.12815842450806247
                },
                "metrics": {
                    "outcome": 0.5453345878785436
                },
                "metadata": {
                    "trials": 1
                }
            },
            {
                "query": {
                    "x1": 1.987245561335861,
                    "x2": 0.13913835656522444
                },
                "metrics": {
                    "outcome": 0.5487373056984116
                },
                "metadata": {
                    "trials": 1
                }
            },
            {
                "query": {
                    "x1": 1.984135326991054,
                    "x2": 0.12803127348459942
                },
                "metrics": {
                    "outcome": 0.55804570360326
                },
                "metadata": {
                    "trials": 1
                }
            },
            {
                "query": {
                    "x1": 1.9885846574109882,
                    "x2": 0.12476249329058398
                },
                "metrics": {
                    "outcome": 0.5532670286121562
                },
                "metadata": {
                    "trials": 1
                }
            },
            {
                "query": {
                    "x1": 1.990247479528298,
                    "x2": 0.1263996487421366
                },
                "metrics": {
                    "outcome": 0.5499996052570577
                },
                "metadata": {
                    "trials": 1
                }
            },
            {
                "query": {
                    "x1": 2.0003799274677085,
                    "x2": 0.1336938780474224
                },
                "metrics": {
                    "outcome": 0.5318452751717933
                },
                "metadata": {
                    "trials": 1
                }
            }
        ],
        [
            {
                "query": {
                    "x1": -4.5,
                    "x2": 0.857072494164532
                },
                "metrics": {
                    "outcome": 34.877447039191146
                },
                "metadata": {
                    "trials": 1
                }
            },
            {
                "query": {
                    "x1": -4.5,
                    "x2": 0.8569190479849453
                },
                "metrics": {
                    "outcome": 34.90162354216204
                },
                "metadata": {
                    "trials": 1
                }
            },
            {
                "query": {
                    "x1": -4.4999680497173165,
                    "x2": 0.857129727642552
                },
                "metrics": {
                    "outcome": 34.8682505908902
                },
                "metadata": {
                    "trials": 1
                }
            },
            {
                "query": {
                    "x1": -4.499917443790973,
                    "x2": 0.8569938212743358
                },
                "metrics": {
                    "outcome": 34.88937788284893
                },
                "metadata": {
                    "trials": 1
                }
            },
            {
                "query": {
                    "x1": -4.499999993040064,
                    "x2": 0.8571993394999948
                },
                "metrics": {
                    "outcome": 34.857463341738956
                },
                "metadata": {
                    "trials": 1
                }
            },
            {
                "query": {
                    "x1": -4.499932146115612,
                    "x2": 0.8569400293526463
                },
                "metrics": {
                    "outcome": 34.897935836589824
                },
                "metadata": {
                    "trials": 1
                }
            }
        ],
        [
            {
                "query": {
                    "x1": -1.0790256818114234,
                    "x2": -0.3178809640037663
                },
                "metrics": {
                    "outcome": 32.884361112780695
                },
                "metadata": {
                    "trials": 1
                }
            },
            {
                "query": {
                    "x1": -1.079080604036733,
                    "x2": -0.31788875766620084
                },
                "metrics": {
                    "outcome": 32.885559724547406
                },
                "metadata": {
                    "trials": 1
                }
            },
            {
                "query": {
                    "x1": -1.07897103712568,
                    "x2": -0.3178713929239274
                },
                "metrics": {
                    "outcome": 32.883160712137936
                },
                "metadata": {
                    "trials": 1
                }
            },
            {
                "query": {
                    "x1": -1.0791348418152955,
                    "x2": -0.3178954446790021
                },
                "metrics": {
                    "outcome": 32.886739050113114
                },
                "metadata": {
                    "trials": 1
                }
            },
            {
                "query": {
                    "x1": -1.0789167880580028,
                    "x2": -0.31786577432151386
                },
                "metrics": {
                    "outcome": 32.88198585678741
                },
                "metadata": {
                    "trials": 1
                }
            },
            {
                "query": {
                    "x1": -1.0791884578922377,
                    "x2": -0.3179047293335193
                },
                "metrics": {
                    "outcome": 32.88791647635547
                },
                "metadata": {
                    "trials": 1
                }
            }
        ],
        [
            {
                "query": {
                    "x1": -4.5,
                    "x2": 2.35387471813345
                },
                "metrics": {
                    "outcome": 3010.649147315473
                },
                "metadata": {
                    "trials": 1
                }
            },
            {
                "query": {
                    "x1": -4.499994115882652,
                    "x2": 2.35376034871598
                },
                "metrics": {
                    "outcome": 3009.6658283556303
                },
                "metadata": {
                    "trials": 1
                }
            },
            {
                "query": {
                    "x1": -4.499983058126221,
                    "x2": 2.353821347271169
                },
                "metrics": {
                    "outcome": 3010.17009887547
                },
                "metadata": {
                    "trials": 1
                }
            },
            {
                "query": {
                    "x1": -4.499983166737071,
                    "x2": 2.3539294432923583
                },
                "metrics": {
                    "outcome": 3011.09185502285
                },
                "metadata": {
                    "trials": 1
                }
            },
            {
                "query": {
                    "x1": -4.5,
                    "x2": 2.353984070934416
                },
                "metrics": {
                    "outcome": 3011.581583771493
                },
                "metadata": {
                    "trials": 1
                }
            },
            {
                "query": {
                    "x1": -4.499999990624007,
                    "x2": 2.3540430057545736
                },
                "metrics": {
                    "outcome": 3012.084193933988
                },
                "metadata": {
                    "trials": 1
                }
            }
        ],
        [
            {
                "query": {
                    "x1": 0.0,
                    "x2": -3.0
                },
                "metrics": {
                    "outcome": 14.203125
                },
                "metadata": {
                    "trials": 1
                }
            },
            {
                "query": {
                    "x1": 4.237500000000001,
                    "x2": 2.999999999999999
                },
                "metrics": {
                    "outcome": 14130.16312499998
                },
                "metadata": {
                    "trials": 1
                }
            },
            {
                "query": {
                    "x1": 4.120694811385896,
                    "x2": 3.122893644740751
                },
                "metrics": {
                    "outcome": 16950.097620771885
                },
                "metadata": {
                    "trials": 1
                }
            },
            {
                "query": {
                    "x1": 4.1250000000000036,
                    "x2": 3.112499999999999
                },
                "metrics": {
                    "outcome": 16654.513423756875
                },
                "metadata": {
                    "trials": 1
                }
            },
            {
                "query": {
                    "x1": 4.136249999999999,
                    "x2": 2.999999999999999
                },
                "metrics": {
                    "outcome": 13481.295412499967
                },
                "metadata": {
                    "trials": 1
                }
            },
            {
                "query": {
                    "x1": 4.124937599126531,
                    "x2": 3.001123268058386
                },
                "metrics": {
                    "outcome": 13439.314624119952
                },
                "metadata": {
                    "trials": 1
                }
            }
        ],
        [
            {
                "query": {
                    "x1": 4.5,
                    "x2": -4.5
                },
                "metrics": {
                    "outcome": 178131.83203125
                },
                "metadata": {
                    "trials": 1
                }
            },
            {
                "query": {
                    "x1": 4.499690561466096,
                    "x2": -4.49999880083099
                },
                "metrics": {
                    "outcome": 178106.9297862672
                },
                "metadata": {
                    "trials": 1
                }
            },
            {
                "query": {
                    "x1": 4.498459828805071,
                    "x2": -4.499816614349022
                },
                "metrics": {
                    "outcome": 177966.6626726729
                },
                "metadata": {
                    "trials": 1
                }
            },
            {
                "query": {
                    "x1": 4.498986266536793,
                    "x2": -4.499960090384076
                },
                "metrics": {
                    "outcome": 178041.8914011906
                },
                "metadata": {
                    "trials": 1
                }
            },
            {
                "query": {
                    "x1": 4.4988507989391096,
                    "x2": -4.4997227825921655
                },
                "metrics": {
                    "outcome": 177975.94622457447
                },
                "metadata": {
                    "trials": 1
                }
            },
            {
                "query": {
                    "x1": 4.499736977864599,
                    "x2": -4.499009624628636
                },
                "metrics": {
                    "outcome": 177880.65798788966
                },
                "metadata": {
                    "trials": 1
                }
            }
        ],
        [
            {
                "query": {
                    "x1": 2.3374614602126496,
                    "x2": 0.08127681140725329
                },
                "metrics": {
                    "outcome": 0.5078190543399477
                },
                "metadata": {
                    "trials": 1
                }
            },
            {
                "query": {
                    "x1": 2.3374646473177947,
                    "x2": 0.08128165929723341
                },
                "metrics": {
                    "outcome": 0.5078066525404739
                },
                "metadata": {
                    "trials": 1
                }
            },
            {
                "query": {
                    "x1": 2.3374655720692354,
                    "x2": 0.08127710401053712
                },
                "metrics": {
                    "outcome": 0.5078212671071964
                },
                "metadata": {
                    "trials": 1
                }
            },
            {
                "query": {
                    "x1": 2.3374726914849635,
                    "x2": 0.08129098968998694
                },
                "metrics": {
                    "outcome": 0.5077842271239046
                },
                "metadata": {
                    "trials": 1
                }
            },
            {
                "query": {
                    "x1": 2.3374894509521855,
                    "x2": 0.08131245315265279
                },
                "metrics": {
                    "outcome": 0.5077313231188013
                },
                "metadata": {
                    "trials": 1
                }
            },
            {
                "query": {
                    "x1": 2.337493351406999,
                    "x2": 0.08131168484634355
                },
                "metrics": {
                    "outcome": 0.5077366167116468
                },
                "metadata": {
                    "trials": 1
                }
            }
        ]
    ],
    "best_results": [
        {
            "query": {
                "x1": 4.499774973932832,
                "x2": 0.7470328781522007
            },
            "metrics": [
                {
                    "name": "outcome",
                    "value": 0.19914125418849207
                }
            ]
        }
    ]
}