{
    "date": "04/11/2022 14:02:18",
    "basic_params": {
        "active_variables": [
            "x1",
            "x2"
        ],
        "default_query": {},
        "metric": "basic",
        "n_trials": 1
    },
    "objective_function": {
        "name": "Beale",
        "params": {}
    },
    "optimizer": {
        "name": "BBO-LP(LCB)",
        "params": {
            "lower_bound": [
                -4.5,
                -4.5
            ],
            "upper_bound": [
                4.5,
                4.5
            ],
            "invert_metric": false,
            "bopt_params": {
                "n_init_samples": 15,
                "n_iterations": 45,
                "n_iter_relearn": 5,
                "verbose_level": 1,
                "n_parallel_samples": 3,
                "par_type": "PAR_BBO",
                "crit_name": "cLP(cLCB)",
                "n_crit_params": 3,
                "crit_params": [
                    3,
                    1,
                    1.0
                ]
            }
        }
    },
    "iterations": [
        [
            {
                "query": {
                    "x1": 3.1166527992580084,
                    "x2": -2.9031784886028618
                },
                "metrics": {
                    "outcome": 6650.156998085106
                },
                "metadata": {
                    "trials": 1
                }
            }
        ],
        [
            {
                "query": {
                    "x1": 2.2986890831496565,
                    "x2": -0.5685628296341747
                },
                "metrics": {
                    "outcome": 4.925145236079925
                },
                "metadata": {
                    "trials": 1
                }
            }
        ],
        [
            {
                "query": {
                    "x1": 1.6836485054343937,
                    "x2": -2.683195940684527
                },
                "metrics": {
                    "outcome": 1180.568455400212
                },
                "metadata": {
                    "trials": 1
                }
            }
        ],
        [
            {
                "query": {
                    "x1": -0.7176512480713426,
                    "x2": -4.024478408508003
                },
                "metrics": {
                    "outcome": 2613.077329698877
                },
                "metadata": {
                    "trials": 1
                }
            }
        ],
        [
            {
                "query": {
                    "x1": 4.467299327440559,
                    "x2": -3.505167742772028
                },
                "metrics": {
                    "outcome": 40845.22112256997
                },
                "metadata": {
                    "trials": 1
                }
            }
        ],
        [
            {
                "query": {
                    "x1": -1.9471170987468214,
                    "x2": 2.0944593069143593
                },
                "metrics": {
                    "outcome": 196.63545258439058
                },
                "metadata": {
                    "trials": 1
                }
            }
        ],
        [
            {
                "query": {
                    "x1": -2.4645278143230827,
                    "x2": 3.9982337957248095
                },
                "metrics": {
                    "outcome": 24472.934530310325
                },
                "metadata": {
                    "trials": 1
                }
            }
        ],
        [
            {
                "query": {
                    "x1": 0.04063751720823294,
                    "x2": 3.1940286907833073
                },
                "metrics": {
                    "outcome": 24.68710831486519
                },
                "metadata": {
                    "trials": 1
                }
            }
        ],
        [
            {
                "query": {
                    "x1": -1.0374178794678297,
                    "x2": 2.2756142003461717
                },
                "metrics": {
                    "outcome": 77.69564498697017
                },
                "metadata": {
                    "trials": 1
                }
            }
        ],
        [
            {
                "query": {
                    "x1": 3.5561605804134153,
                    "x2": 3.5274344505742192
                },
                "metrics": {
                    "outcome": 26026.433156376515
                },
                "metadata": {
                    "trials": 1
                }
            }
        ],
        [
            {
                "query": {
                    "x1": -4.081974171521142,
                    "x2": -0.03126551276072842
                },
                "metrics": {
                    "outcome": 117.62807928647585
                },
                "metadata": {
                    "trials": 1
                }
            }
        ],
        [
            {
                "query": {
                    "x1": 1.42891210843809,
                    "x2": -1.415894249500707
                },
                "metrics": {
                    "outcome": 25.574244188345798
                },
                "metadata": {
                    "trials": 1
                }
            }
        ],
        [
            {
                "query": {
                    "x1": 0.623804111033678,
                    "x2": 0.6556159710511569
                },
                "metrics": {
                    "outcome": 9.979413794680998
                },
                "metadata": {
                    "trials": 1
                }
            }
        ],
        [
            {
                "query": {
                    "x1": -2.8631501256488265,
                    "x2": 1.3545073927380145
                },
                "metrics": {
                    "outcome": 2.9021260353144607
                },
                "metadata": {
                    "trials": 1
                }
            }
        ],
        [
            {
                "query": {
                    "x1": -3.596026987256482,
                    "x2": -1.527398720663041
                },
                "metrics": {
                    "outcome": 480.9139500402649
                },
                "metadata": {
                    "trials": 1
                }
            }
        ],
        [
            {
                "query": {
                    "x1": 0.0,
                    "x2": 2.999999999999999
                },
                "metrics": {
                    "outcome": 14.203125
                },
                "metadata": {
                    "trials": 1
                }
            },
            {
                "query": {
                    "x1": 0.0,
                    "x2": 2.999999999999999
                },
                "metrics": {
                    "outcome": 14.203125
                },
                "metadata": {
                    "trials": 1
                }
            },
            {
                "query": {
                    "x1": 0.0,
                    "x2": 2.999999999999999
                },
                "metrics": {
                    "outcome": 14.203125
                },
                "metadata": {
                    "trials": 1
                }
            }
        ],
        [
            {
                "query": {
                    "x1": 4.499842006193303,
                    "x2": -1.2260921259083202
                },
                "metrics": {
                    "outcome": 196.3299255485103
                },
                "metadata": {
                    "trials": 1
                }
            },
            {
                "query": {
                    "x1": 4.499842006193303,
                    "x2": -1.2260921259083202
                },
                "metrics": {
                    "outcome": 196.3299255485103
                },
                "metadata": {
                    "trials": 1
                }
            },
            {
                "query": {
                    "x1": 4.499842006193303,
                    "x2": -1.2260921259083202
                },
                "metrics": {
                    "outcome": 196.3299255485103
                },
                "metadata": {
                    "trials": 1
                }
            }
        ],
        [
            {
                "query": {
                    "x1": -3.279032788351947,
                    "x2": 1.1766683671629252
                },
                "metrics": {
                    "outcome": 2.1417359002369944
                },
                "metadata": {
                    "trials": 1
                }
            },
            {
                "query": {
                    "x1": -3.279032788351947,
                    "x2": 1.1766683671629252
                },
                "metrics": {
                    "outcome": 2.1417359002369944
                },
                "metadata": {
                    "trials": 1
                }
            },
            {
                "query": {
                    "x1": -3.279032788351947,
                    "x2": 1.1766683671629252
                },
                "metrics": {
                    "outcome": 2.1417359002369944
                },
                "metadata": {
                    "trials": 1
                }
            }
        ],
        [
            {
                "query": {
                    "x1": 4.499842336013867,
                    "x2": 1.2730108005826954
                },
                "metrics": {
                    "outcome": 87.7530555308306
                },
                "metadata": {
                    "trials": 1
                }
            },
            {
                "query": {
                    "x1": 4.499775440496075,
                    "x2": 1.2730105505597038
                },
                "metrics": {
                    "outcome": 87.75136757524987
                },
                "metadata": {
                    "trials": 1
                }
            },
            {
                "query": {
                    "x1": 4.499105822918747,
                    "x2": 1.2730109565773615
                },
                "metrics": {
                    "outcome": 87.73582236122931
                },
                "metadata": {
                    "trials": 1
                }
            }
        ],
        [
            {
                "query": {
                    "x1": -4.4998424451245,
                    "x2": 0.9999441750653357
                },
                "metrics": {
                    "outcome": 14.210096494037966
                },
                "metadata": {
                    "trials": 1
                }
            },
            {
                "query": {
                    "x1": -4.4998424451245,
                    "x2": 0.9999441750653357
                },
                "metrics": {
                    "outcome": 14.210096494037966
                },
                "metadata": {
                    "trials": 1
                }
            },
            {
                "query": {
                    "x1": -4.4998424451245,
                    "x2": 0.9999441750653357
                },
                "metrics": {
                    "outcome": 14.210096494037966
                },
                "metadata": {
                    "trials": 1
                }
            }
        ],
        [
            {
                "query": {
                    "x1": -4.470833333333333,
                    "x2": 3.1125
                },
                "metrics": {
                    "outcome": 17712.491608024306
                },
                "metadata": {
                    "trials": 1
                }
            },
            {
                "query": {
                    "x1": -4.470833333333333,
                    "x2": 3.1125
                },
                "metrics": {
                    "outcome": 17712.491608024306
                },
                "metadata": {
                    "trials": 1
                }
            },
            {
                "query": {
                    "x1": -4.470833333333333,
                    "x2": 3.1125
                },
                "metrics": {
                    "outcome": 17712.491608024306
                },
                "metadata": {
                    "trials": 1
                }
            }
        ],
        [
            {
                "query": {
                    "x1": 1.9999999999999991,
                    "x2": 2.333333333333332
                },
                "metrics": {
                    "outcome": 819.1221922153607
                },
                "metadata": {
                    "trials": 1
                }
            },
            {
                "query": {
                    "x1": 1.9999999999999991,
                    "x2": 2.333333333333332
                },
                "metrics": {
                    "outcome": 819.1221922153607
                },
                "metadata": {
                    "trials": 1
                }
            },
            {
                "query": {
                    "x1": 1.9999999999999991,
                    "x2": 2.333333333333332
                },
                "metrics": {
                    "outcome": 819.1221922153607
                },
                "metadata": {
                    "trials": 1
                }
            }
        ],
        [
            {
                "query": {
                    "x1": 4.412499999999996,
                    "x2": 2.8874999999999993
                },
                "metrics": {
                    "outcome": 12204.074088798538
                },
                "metadata": {
                    "trials": 1
                }
            },
            {
                "query": {
                    "x1": 4.412499999999996,
                    "x2": 2.8874999999999993
                },
                "metrics": {
                    "outcome": 12204.074088798538
                },
                "metadata": {
                    "trials": 1
                }
            },
            {
                "query": {
                    "x1": 4.412499999999996,
                    "x2": 2.8874999999999993
                },
                "metrics": {
                    "outcome": 12204.074088798538
                },
                "metadata": {
                    "trials": 1
                }
            }
        ],
        [
            {
                "query": {
                    "x1": 4.0,
                    "x2": 3.333333333333332
                },
                "metrics": {
                    "outcome": 23482.533714849054
                },
                "metadata": {
                    "trials": 1
                }
            },
            {
                "query": {
                    "x1": 4.0,
                    "x2": 3.333333333333332
                },
                "metrics": {
                    "outcome": 23482.533714849054
                },
                "metadata": {
                    "trials": 1
                }
            },
            {
                "query": {
                    "x1": 4.0,
                    "x2": 3.333333333333332
                },
                "metrics": {
                    "outcome": 23482.533714849054
                },
                "metadata": {
                    "trials": 1
                }
            }
        ],
        [
            {
                "query": {
                    "x1": 4.471758258425078,
                    "x2": 2.9924324310675408
                },
                "metrics": {
                    "outcome": 15457.932525905526
                },
                "metadata": {
                    "trials": 1
                }
            },
            {
                "query": {
                    "x1": 4.471758258425078,
                    "x2": 2.9924324310675408
                },
                "metrics": {
                    "outcome": 15457.932525905526
                },
                "metadata": {
                    "trials": 1
                }
            },
            {
                "query": {
                    "x1": 4.471758258425078,
                    "x2": 2.9924324310675408
                },
                "metrics": {
                    "outcome": 15457.932525905526
                },
                "metadata": {
                    "trials": 1
                }
            }
        ],
        [
            {
                "query": {
                    "x1": 1.7124324871896919,
                    "x2": -0.36479305730562395
                },
                "metrics": {
                    "outcome": 1.97464140123705
                },
                "metadata": {
                    "trials": 1
                }
            },
            {
                "query": {
                    "x1": 1.7124324871896919,
                    "x2": -0.36479305730562395
                },
                "metrics": {
                    "outcome": 1.97464140123705
                },
                "metadata": {
                    "trials": 1
                }
            },
            {
                "query": {
                    "x1": 1.7124324871896919,
                    "x2": -0.36479305730562395
                },
                "metrics": {
                    "outcome": 1.97464140123705
                },
                "metadata": {
                    "trials": 1
                }
            }
        ],
        [
            {
                "query": {
                    "x1": 1.806363543614875,
                    "x2": -0.47321613147597574
                },
                "metrics": {
                    "outcome": 2.4610485432816236
                },
                "metadata": {
                    "trials": 1
                }
            },
            {
                "query": {
                    "x1": 1.7993417163476533,
                    "x2": -0.46472193199093326
                },
                "metrics": {
                    "outcome": 2.4099039895410854
                },
                "metadata": {
                    "trials": 1
                }
            },
            {
                "query": {
                    "x1": 1.795664808470267,
                    "x2": -0.4732160175808522
                },
                "metrics": {
                    "outcome": 2.4538290055754
                },
                "metadata": {
                    "trials": 1
                }
            }
        ],
        [
            {
                "query": {
                    "x1": 1.807969579163358,
                    "x2": -0.2698762147962155
                },
                "metrics": {
                    "outcome": 1.573328194671804
                },
                "metadata": {
                    "trials": 1
                }
            },
            {
                "query": {
                    "x1": 1.800467290346794,
                    "x2": -0.27180196635565057
                },
                "metrics": {
                    "outcome": 1.5847447503074932
                },
                "metadata": {
                    "trials": 1
                }
            },
            {
                "query": {
                    "x1": 1.818516030258671,
                    "x2": -0.26640707089538207
                },
                "metrics": {
                    "outcome": 1.5551331901101817
                },
                "metadata": {
                    "trials": 1
                }
            }
        ],
        [
            {
                "query": {
                    "x1": 1.9123642300033632,
                    "x2": -0.18351516369931264
                },
                "metrics": {
                    "outcome": 1.2354254112508873
                },
                "metadata": {
                    "trials": 1
                }
            },
            {
                "query": {
                    "x1": 1.9206471448128637,
                    "x2": -0.18529947642522515
                },
                "metrics": {
                    "outcome": 1.238327579941037
                },
                "metadata": {
                    "trials": 1
                }
            },
            {
                "query": {
                    "x1": 1.9106939818731128,
                    "x2": -0.1835480588483751
                },
                "metrics": {
                    "outcome": 1.236175709973784
                },
                "metadata": {
                    "trials": 1
                }
            }
        ],
        [
            {
                "query": {
                    "x1": 2.0086949547013884,
                    "x2": -0.12169675530228652
                },
                "metrics": {
                    "outcome": 1.0160826334667215
                },
                "metadata": {
                    "trials": 1
                }
            },
            {
                "query": {
                    "x1": 2.0086603700632564,
                    "x2": -0.12167070207652042
                },
                "metrics": {
                    "outcome": 1.0160022523464818
                },
                "metadata": {
                    "trials": 1
                }
            },
            {
                "query": {
                    "x1": 2.000618458069175,
                    "x2": -0.12170712708839115
                },
                "metrics": {
                    "outcome": 1.0169079729273327
                },
                "metadata": {
                    "trials": 1
                }
            }
        ],
        [
            {
                "query": {
                    "x1": 2.057061070213276,
                    "x2": -0.06216586403417157
                },
                "metrics": {
                    "outcome": 0.8314926361064332
                },
                "metadata": {
                    "trials": 1
                }
            },
            {
                "query": {
                    "x1": 2.0570621925892514,
                    "x2": -0.06214528934247188
                },
                "metrics": {
                    "outcome": 0.8314330124816953
                },
                "metadata": {
                    "trials": 1
                }
            },
            {
                "query": {
                    "x1": 2.05685652635636,
                    "x2": -0.06215654869032772
                },
                "metrics": {
                    "outcome": 0.8314822566066058
                },
                "metadata": {
                    "trials": 1
                }
            }
        ],
        [
            {
                "query": {
                    "x1": 2.136154194777201,
                    "x2": -0.013767104290718812
                },
                "metrics": {
                    "outcome": 0.6949918994415084
                },
                "metadata": {
                    "trials": 1
                }
            },
            {
                "query": {
                    "x1": 2.1355881712456775,
                    "x2": -0.013824345900943058
                },
                "metrics": {
                    "outcome": 0.6950750559769524
                },
                "metadata": {
                    "trials": 1
                }
            },
            {
                "query": {
                    "x1": 2.1358794822354126,
                    "x2": -0.01385229141828681
                },
                "metrics": {
                    "outcome": 0.6951959373297832
                },
                "metadata": {
                    "trials": 1
                }
            }
        ],
        [
            {
                "query": {
                    "x1": 2.233940577923276,
                    "x2": 0.011493039269388383
                },
                "metrics": {
                    "outcome": 0.654838053065672
                },
                "metadata": {
                    "trials": 1
                }
            },
            {
                "query": {
                    "x1": 2.24051874253815,
                    "x2": 0.011071501438515874
                },
                "metrics": {
                    "outcome": 0.6601682167092364
                },
                "metadata": {
                    "trials": 1
                }
            },
            {
                "query": {
                    "x1": 2.241297837472456,
                    "x2": 0.011032303381362851
                },
                "metrics": {
                    "outcome": 0.6607844358754015
                },
                "metadata": {
                    "trials": 1
                }
            }
        ],
        [
            {
                "query": {
                    "x1": 2.1652505232432624,
                    "x2": 0.0496721932133557
                },
                "metrics": {
                    "outcome": 0.5307570147565506
                },
                "metadata": {
                    "trials": 1
                }
            },
            {
                "query": {
                    "x1": 2.165118439180378,
                    "x2": 0.049872765896722626
                },
                "metrics": {
                    "outcome": 0.5302889988315014
                },
                "metadata": {
                    "trials": 1
                }
            },
            {
                "query": {
                    "x1": 2.1652864544106505,
                    "x2": 0.04967627952789311
                },
                "metrics": {
                    "outcome": 0.5307459422904341
                },
                "metadata": {
                    "trials": 1
                }
            }
        ],
        [
            {
                "query": {
                    "x1": 2.1263880376472333,
                    "x2": 0.07826929603604071
                },
                "metrics": {
                    "outcome": 0.4798622907825889
                },
                "metadata": {
                    "trials": 1
                }
            },
            {
                "query": {
                    "x1": 2.1263689580828258,
                    "x2": 0.07826710338526244
                },
                "metrics": {
                    "outcome": 0.47987435617695173
                },
                "metadata": {
                    "trials": 1
                }
            },
            {
                "query": {
                    "x1": 2.1264423406544584,
                    "x2": 0.07826652990911498
                },
                "metrics": {
                    "outcome": 0.47984440961694635
                },
                "metadata": {
                    "trials": 1
                }
            }
        ],
        [
            {
                "query": {
                    "x1": 2.0571361882752477,
                    "x2": 0.08534716112191454
                },
                "metrics": {
                    "outcome": 0.5127165068936452
                },
                "metadata": {
                    "trials": 1
                }
            },
            {
                "query": {
                    "x1": 2.057110967664978,
                    "x2": 0.08535239461458932
                },
                "metrics": {
                    "outcome": 0.5127308195590516
                },
                "metadata": {
                    "trials": 1
                }
            },
            {
                "query": {
                    "x1": 2.0570621666280298,
                    "x2": 0.08535472482590745
                },
                "metrics": {
                    "outcome": 0.5127692273946366
                },
                "metadata": {
                    "trials": 1
                }
            }
        ],
        [
            {
                "query": {
                    "x1": 2.195800276097904,
                    "x2": 0.1076686809310079
                },
                "metrics": {
                    "outcome": 0.4039486193150409
                },
                "metadata": {
                    "trials": 1
                }
            },
            {
                "query": {
                    "x1": 2.195827938088878,
                    "x2": 0.1076667760789265
                },
                "metrics": {
                    "outcome": 0.40394665136492963
                },
                "metadata": {
                    "trials": 1
                }
            },
            {
                "query": {
                    "x1": 2.195846528467918,
                    "x2": 0.10767034930069386
                },
                "metrics": {
                    "outcome": 0.4039362246423157
                },
                "metadata": {
                    "trials": 1
                }
            }
        ],
        [
            {
                "query": {
                    "x1": 2.278123885893617,
                    "x2": 0.13593403132551174
                },
                "metrics": {
                    "outcome": 0.34396552907780253
                },
                "metadata": {
                    "trials": 1
                }
            },
            {
                "query": {
                    "x1": 2.278143887729274,
                    "x2": 0.13593824607030314
                },
                "metrics": {
                    "outcome": 0.343958556156524
                },
                "metadata": {
                    "trials": 1
                }
            },
            {
                "query": {
                    "x1": 2.2781573729581535,
                    "x2": 0.13592953578428446
                },
                "metrics": {
                    "outcome": 0.34397728529289806
                },
                "metadata": {
                    "trials": 1
                }
            }
        ],
        [
            {
                "query": {
                    "x1": 2.3561082325901204,
                    "x2": 0.14291457160633136
                },
                "metrics": {
                    "outcome": 0.3491728343020173
                },
                "metadata": {
                    "trials": 1
                }
            },
            {
                "query": {
                    "x1": 2.356091202004153,
                    "x2": 0.1429287613728345
                },
                "metrics": {
                    "outcome": 0.3491303989850291
                },
                "metadata": {
                    "trials": 1
                }
            },
            {
                "query": {
                    "x1": 2.3561293155295138,
                    "x2": 0.1429170064765497
                },
                "metrics": {
                    "outcome": 0.34917645111528706
                },
                "metadata": {
                    "trials": 1
                }
            }
        ],
        [
            {
                "query": {
                    "x1": 2.3007733169276383,
                    "x2": 0.15465570934624395
                },
                "metrics": {
                    "outcome": 0.3087089518007354
                },
                "metadata": {
                    "trials": 1
                }
            },
            {
                "query": {
                    "x1": 2.301034759397438,
                    "x2": 0.15467474190664277
                },
                "metrics": {
                    "outcome": 0.3086935033593207
                },
                "metadata": {
                    "trials": 1
                }
            },
            {
                "query": {
                    "x1": 2.300791401190092,
                    "x2": 0.15465639121930508
                },
                "metrics": {
                    "outcome": 0.3087090992837543
                },
                "metadata": {
                    "trials": 1
                }
            }
        ],
        [
            {
                "query": {
                    "x1": 2.3070650005493736,
                    "x2": 0.18784878262376026
                },
                "metrics": {
                    "outcome": 0.25127435139796506
                },
                "metadata": {
                    "trials": 1
                }
            },
            {
                "query": {
                    "x1": 2.3070757454556814,
                    "x2": 0.1878481470049458
                },
                "metrics": {
                    "outcome": 0.2512742211057525
                },
                "metadata": {
                    "trials": 1
                }
            },
            {
                "query": {
                    "x1": 2.307045540107257,
                    "x2": 0.18784708648679516
                },
                "metrics": {
                    "outcome": 0.2512789146201454
                },
                "metadata": {
                    "trials": 1
                }
            }
        ],
        [
            {
                "query": {
                    "x1": 2.3241397180203345,
                    "x2": 0.2121386798370004
                },
                "metrics": {
                    "outcome": 0.21491477459234334
                },
                "metadata": {
                    "trials": 1
                }
            },
            {
                "query": {
                    "x1": 2.324123905856495,
                    "x2": 0.21214081244930139
                },
                "metrics": {
                    "outcome": 0.2149148425582715
                },
                "metadata": {
                    "trials": 1
                }
            },
            {
                "query": {
                    "x1": 2.3241085804149755,
                    "x2": 0.21213784327967833
                },
                "metrics": {
                    "outcome": 0.2149213363409288
                },
                "metadata": {
                    "trials": 1
                }
            }
        ],
        [
            {
                "query": {
                    "x1": 2.3785890844972437,
                    "x2": 0.23170199963254312
                },
                "metrics": {
                    "outcome": 0.1834094223802799
                },
                "metadata": {
                    "trials": 1
                }
            },
            {
                "query": {
                    "x1": 2.378599210014632,
                    "x2": 0.23163057625874206
                },
                "metrics": {
                    "outcome": 0.18350536166595244
                },
                "metadata": {
                    "trials": 1
                }
            },
            {
                "query": {
                    "x1": 2.37862410128139,
                    "x2": 0.2317019582201123
                },
                "metrics": {
                    "outcome": 0.18340807148913968
                },
                "metadata": {
                    "trials": 1
                }
            }
        ],
        [
            {
                "query": {
                    "x1": 2.4246260677135902,
                    "x2": 0.23404136602428682
                },
                "metrics": {
                    "outcome": 0.1828865069078861
                },
                "metadata": {
                    "trials": 1
                }
            },
            {
                "query": {
                    "x1": 2.424616891677937,
                    "x2": 0.23404580849948875
                },
                "metrics": {
                    "outcome": 0.1828776582729953
                },
                "metadata": {
                    "trials": 1
                }
            },
            {
                "query": {
                    "x1": 2.42460152730623,
                    "x2": 0.23404315967391298
                },
                "metrics": {
                    "outcome": 0.18287941010018463
                },
                "metadata": {
                    "trials": 1
                }
            }
        ],
        [
            {
                "query": {
                    "x1": 2.4042979694597886,
                    "x2": 0.24194648252364992
                },
                "metrics": {
                    "outcome": 0.16914556737850897
                },
                "metadata": {
                    "trials": 1
                }
            },
            {
                "query": {
                    "x1": 2.404313045548327,
                    "x2": 0.24194933663472895
                },
                "metrics": {
                    "outcome": 0.16914184993591463
                },
                "metadata": {
                    "trials": 1
                }
            },
            {
                "query": {
                    "x1": 2.4043251746630006,
                    "x2": 0.24194705417944107
                },
                "metrics": {
                    "outcome": 0.16914512206614563
                },
                "metadata": {
                    "trials": 1
                }
            }
        ],
        [
            {
                "query": {
                    "x1": 2.4150665091520285,
                    "x2": 0.265845714220597
                },
                "metrics": {
                    "outcome": 0.1397602002838395
                },
                "metadata": {
                    "trials": 1
                }
            },
            {
                "query": {
                    "x1": 2.4150554058271148,
                    "x2": 0.26584380782452577
                },
                "metrics": {
                    "outcome": 0.13976341628547528
                },
                "metadata": {
                    "trials": 1
                }
            },
            {
                "query": {
                    "x1": 2.415178562627049,
                    "x2": 0.2658719887525818
                },
                "metrics": {
                    "outcome": 0.13972042330804507
                },
                "metadata": {
                    "trials": 1
                }
            }
        ],
        [
            {
                "query": {
                    "x1": 2.4289298538319413,
                    "x2": 0.2827897418827021
                },
                "metrics": {
                    "outcome": 0.12182514225740132
                },
                "metadata": {
                    "trials": 1
                }
            },
            {
                "query": {
                    "x1": 2.4289617377447357,
                    "x2": 0.2827928938064179
                },
                "metrics": {
                    "outcome": 0.12181702059066638
                },
                "metadata": {
                    "trials": 1
                }
            },
            {
                "query": {
                    "x1": 2.428949654242553,
                    "x2": 0.28279575595261974
                },
                "metrics": {
                    "outcome": 0.12181668513406885
                },
                "metadata": {
                    "trials": 1
                }
            }
        ],
        [
            {
                "query": {
                    "x1": 2.461865627370278,
                    "x2": 0.2965979384572446
                },
                "metrics": {
                    "outcome": 0.10539502323374933
                },
                "metadata": {
                    "trials": 1
                }
            },
            {
                "query": {
                    "x1": 2.4618809777397503,
                    "x2": 0.29659341601948785
                },
                "metrics": {
                    "outcome": 0.10539685824172301
                },
                "metadata": {
                    "trials": 1
                }
            },
            {
                "query": {
                    "x1": 2.4618977584491573,
                    "x2": 0.29659103035213086
                },
                "metrics": {
                    "outcome": 0.10539673887177746
                },
                "metadata": {
                    "trials": 1
                }
            }
        ],
        [
            {
                "query": {
                    "x1": 2.509496113971468,
                    "x2": 0.3006032271185024
                },
                "metrics": {
                    "outcome": 0.09989910206187003
                },
                "metadata": {
                    "trials": 1
                }
            },
            {
                "query": {
                    "x1": 2.509485654489506,
                    "x2": 0.30060589272483007
                },
                "metrics": {
                    "outcome": 0.09989547430641482
                },
                "metadata": {
                    "trials": 1
                }
            },
            {
                "query": {
                    "x1": 2.5095081196983857,
                    "x2": 0.30060859463928136
                },
                "metrics": {
                    "outcome": 0.09989374930078945
                },
                "metadata": {
                    "trials": 1
                }
            }
        ],
        [
            {
                "query": {
                    "x1": 2.5017414160800655,
                    "x2": 0.3047567651817573
                },
                "metrics": {
                    "outcome": 0.09531249324423334
                },
                "metadata": {
                    "trials": 1
                }
            },
            {
                "query": {
                    "x1": 2.5017750621884165,
                    "x2": 0.3047565496981042
                },
                "metrics": {
                    "outcome": 0.09531239845528118
                },
                "metadata": {
                    "trials": 1
                }
            },
            {
                "query": {
                    "x1": 2.501819776693197,
                    "x2": 0.3047430273072482
                },
                "metrics": {
                    "outcome": 0.09532534138895417
                },
                "metadata": {
                    "trials": 1
                }
            }
        ],
        [
            {
                "query": {
                    "x1": 2.5076433399449236,
                    "x2": 0.318367462497922
                },
                "metrics": {
                    "outcome": 0.08312824668983687
                },
                "metadata": {
                    "trials": 1
                }
            },
            {
                "query": {
                    "x1": 2.5076633787441747,
                    "x2": 0.3183667088476696
                },
                "metrics": {
                    "outcome": 0.08312697183496531
                },
                "metadata": {
                    "trials": 1
                }
            },
            {
                "query": {
                    "x1": 2.507624695876981,
                    "x2": 0.3183650273031402
                },
                "metrics": {
                    "outcome": 0.08313181278221965
                },
                "metadata": {
                    "trials": 1
                }
            }
        ],
        [
            {
                "query": {
                    "x1": 2.5143894611378235,
                    "x2": 0.33071459603150455
                },
                "metrics": {
                    "outcome": 0.07417046204546353
                },
                "metadata": {
                    "trials": 1
                }
            },
            {
                "query": {
                    "x1": 2.514437007299515,
                    "x2": 0.33072546047379703
                },
                "metrics": {
                    "outcome": 0.07415673575360945
                },
                "metadata": {
                    "trials": 1
                }
            },
            {
                "query": {
                    "x1": 2.5144086943023947,
                    "x2": 0.3307128739215486
                },
                "metrics": {
                    "outcome": 0.07416828395725647
                },
                "metadata": {
                    "trials": 1
                }
            }
        ],
        [
            {
                "query": {
                    "x1": 2.525731664535405,
                    "x2": 0.3405146821833904
                },
                "metrics": {
                    "outcome": 0.0673416895935536
                },
                "metadata": {
                    "trials": 1
                }
            },
            {
                "query": {
                    "x1": 2.5260895283136096,
                    "x2": 0.3404735171258588
                },
                "metrics": {
                    "outcome": 0.06729030414002149
                },
                "metadata": {
                    "trials": 1
                }
            },
            {
                "query": {
                    "x1": 2.5256184051592783,
                    "x2": 0.3405192031325601
                },
                "metrics": {
                    "outcome": 0.06736175960094178
                },
                "metadata": {
                    "trials": 1
                }
            }
        ],
        [
            {
                "query": {
                    "x1": 2.5545042415125447,
                    "x2": 0.346856185721931
                },
                "metrics": {
                    "outcome": 0.05974901438210946
                },
                "metadata": {
                    "trials": 1
                }
            },
            {
                "query": {
                    "x1": 2.5544955627608124,
                    "x2": 0.3468566535543065
                },
                "metrics": {
                    "outcome": 0.05974984839916575
                },
                "metadata": {
                    "trials": 1
                }
            },
            {
                "query": {
                    "x1": 2.5545297190012075,
                    "x2": 0.3468565003473536
                },
                "metrics": {
                    "outcome": 0.05974568326513431
                },
                "metadata": {
                    "trials": 1
                }
            }
        ],
        [
            {
                "query": {
                    "x1": 2.5862455428470295,
                    "x2": 0.3476421543594723
                },
                "metrics": {
                    "outcome": 0.05731974638755194
                },
                "metadata": {
                    "trials": 1
                }
            },
            {
                "query": {
                    "x1": 2.586233094735972,
                    "x2": 0.3476434180155632
                },
                "metrics": {
                    "outcome": 0.05731872305300516
                },
                "metadata": {
                    "trials": 1
                }
            },
            {
                "query": {
                    "x1": 2.5862416526471046,
                    "x2": 0.3476329699500038
                },
                "metrics": {
                    "outcome": 0.057326868285211545
                },
                "metadata": {
                    "trials": 1
                }
            }
        ],
        [
            {
                "query": {
                    "x1": 2.5834306195878316,
                    "x2": 0.35009041800596563
                },
                "metrics": {
                    "outcome": 0.05555362000756747
                },
                "metadata": {
                    "trials": 1
                }
            },
            {
                "query": {
                    "x1": 2.583526616924825,
                    "x2": 0.3500861024946804
                },
                "metrics": {
                    "outcome": 0.05555380354955448
                },
                "metadata": {
                    "trials": 1
                }
            },
            {
                "query": {
                    "x1": 2.583500101945152,
                    "x2": 0.35008479198105924
                },
                "metrics": {
                    "outcome": 0.05555549181260342
                },
                "metadata": {
                    "trials": 1
                }
            }
        ],
        [
            {
                "query": {
                    "x1": 2.5871573744979157,
                    "x2": 0.3548178851818946
                },
                "metrics": {
                    "outcome": 0.052290425016652015
                },
                "metadata": {
                    "trials": 1
                }
            },
            {
                "query": {
                    "x1": 2.5871263005698086,
                    "x2": 0.35482132585251414
                },
                "metrics": {
                    "outcome": 0.05229000563869669
                },
                "metadata": {
                    "trials": 1
                }
            },
            {
                "query": {
                    "x1": 2.587148648648517,
                    "x2": 0.35482697017397946
                },
                "metrics": {
                    "outcome": 0.052285293624249926
                },
                "metadata": {
                    "trials": 1
                }
            }
        ],
        [
            {
                "query": {
                    "x1": 2.5942408653240623,
                    "x2": 0.364408623725045
                },
                "metrics": {
                    "outcome": 0.046593351192953665
                },
                "metadata": {
                    "trials": 1
                }
            },
            {
                "query": {
                    "x1": 2.5941813419645143,
                    "x2": 0.36440764887042487
                },
                "metrics": {
                    "outcome": 0.046600263251302426
                },
                "metadata": {
                    "trials": 1
                }
            },
            {
                "query": {
                    "x1": 2.5941675470797154,
                    "x2": 0.3644090822102042
                },
                "metrics": {
                    "outcome": 0.046601124125238425
                },
                "metadata": {
                    "trials": 1
                }
            }
        ],
        [
            {
                "query": {
                    "x1": 2.598124347013213,
                    "x2": 0.3715574155933208
                },
                "metrics": {
                    "outcome": 0.04338705573563428
                },
                "metadata": {
                    "trials": 1
                }
            },
            {
                "query": {
                    "x1": 2.5979756032983143,
                    "x2": 0.37157166274613385
                },
                "metrics": {
                    "outcome": 0.04340586726394077
                },
                "metadata": {
                    "trials": 1
                }
            },
            {
                "query": {
                    "x1": 2.5981085162844897,
                    "x2": 0.3715574678019671
                },
                "metrics": {
                    "outcome": 0.04338949711522188
                },
                "metadata": {
                    "trials": 1
                }
            }
        ],
        [
            {
                "query": {
                    "x1": 2.595478841488003,
                    "x2": 0.37619885685803034
                },
                "metrics": {
                    "outcome": 0.04277956225600786
                },
                "metadata": {
                    "trials": 1
                }
            },
            {
                "query": {
                    "x1": 2.5955045992551735,
                    "x2": 0.3762104752387412
                },
                "metrics": {
                    "outcome": 0.042772348103838925
                },
                "metadata": {
                    "trials": 1
                }
            },
            {
                "query": {
                    "x1": 2.5954855102775642,
                    "x2": 0.3762121428376677
                },
                "metrics": {
                    "outcome": 0.042776019668243445
                },
                "metadata": {
                    "trials": 1
                }
            }
        ]
    ],
    "best_results": [
        {
            "query": {
                "x1": 2.5955045992551735,
                "x2": 0.3762104752387412
            },
            "metrics": [
                {
                    "name": "outcome",
                    "value": 0.042772348103838925
                }
            ]
        }
    ]
}