{
    "date": "04/11/2022 16:42:26",
    "basic_params": {
        "active_variables": [
            "x1",
            "x2"
        ],
        "default_query": {},
        "metric": "basic",
        "n_trials": 1
    },
    "objective_function": {
        "name": "Goldstein",
        "params": {}
    },
    "optimizer": {
        "name": "BO",
        "params": {
            "lower_bound": [
                -2.0,
                -2.0
            ],
            "upper_bound": [
                2.0,
                2.0
            ],
            "invert_metric": false,
            "bopt_params": {
                "n_iterations": 140,
                "n_init_samples": 10
            }
        }
    },
    "iterations": [
        [
            {
                "query": {
                    "x1": 0.6186050275340675,
                    "x2": -0.9815831283107399
                },
                "metrics": {
                    "outcome": 1007.6937045673673
                },
                "metadata": {
                    "trials": 1
                }
            }
        ],
        [
            {
                "query": {
                    "x1": 1.2854225455783306,
                    "x2": -0.496236863732338
                },
                "metrics": {
                    "outcome": 2302.478234309123
                },
                "metadata": {
                    "trials": 1
                }
            }
        ],
        [
            {
                "query": {
                    "x1": -0.5788928122259676,
                    "x2": 1.9022602034732699
                },
                "metrics": {
                    "outcome": 405786.934072517
                },
                "metadata": {
                    "trials": 1
                }
            }
        ],
        [
            {
                "query": {
                    "x1": 0.34320947285741576,
                    "x2": -1.2932577438652515
                },
                "metrics": {
                    "outcome": 202.4579853526183
                },
                "metadata": {
                    "trials": 1
                }
            }
        ],
        [
            {
                "query": {
                    "x1": -1.9115204186178745,
                    "x2": 1.3155186207965017
                },
                "metrics": {
                    "outcome": 110219.92394117628
                },
                "metadata": {
                    "trials": 1
                }
            }
        ],
        [
            {
                "query": {
                    "x1": 0.9863636336289345,
                    "x2": -1.9746341451071203
                },
                "metrics": {
                    "outcome": 4963.289759723345
                },
                "metadata": {
                    "trials": 1
                }
            }
        ],
        [
            {
                "query": {
                    "x1": -0.9258323022164405,
                    "x2": 0.5177665590308607
                },
                "metrics": {
                    "outcome": 12524.299087969805
                },
                "metadata": {
                    "trials": 1
                }
            }
        ],
        [
            {
                "query": {
                    "x1": -1.4793794701807201,
                    "x2": 0.27674434976652273
                },
                "metrics": {
                    "outcome": 4708.67235993145
                },
                "metadata": {
                    "trials": 1
                }
            }
        ],
        [
            {
                "query": {
                    "x1": 1.9279672174714504,
                    "x2": -0.13183857956901202
                },
                "metrics": {
                    "outcome": 3031.6918358932044
                },
                "metadata": {
                    "trials": 1
                }
            }
        ],
        [
            {
                "query": {
                    "x1": -0.11669448586180797,
                    "x2": 1.163528313394636
                },
                "metrics": {
                    "outcome": 55491.80554785096
                },
                "metadata": {
                    "trials": 1
                }
            }
        ],
        [
            {
                "query": {
                    "x1": 0.29664025451634224,
                    "x2": -1.2706690897220816
                },
                "metrics": {
                    "outcome": 144.67981062225027
                },
                "metadata": {
                    "trials": 1
                }
            }
        ],
        [
            {
                "query": {
                    "x1": -1.164608893867583,
                    "x2": -1.2284960592786591
                },
                "metrics": {
                    "outcome": 4542.803292527046
                },
                "metadata": {
                    "trials": 1
                }
            }
        ],
        [
            {
                "query": {
                    "x1": 2.0,
                    "x2": -1.2664372491235076
                },
                "metrics": {
                    "outcome": 148716.46166699057
                },
                "metadata": {
                    "trials": 1
                }
            }
        ],
        [
            {
                "query": {
                    "x1": -2.0,
                    "x2": -0.8015128748940725
                },
                "metrics": {
                    "outcome": 42682.34865702944
                },
                "metadata": {
                    "trials": 1
                }
            }
        ],
        [
            {
                "query": {
                    "x1": -2.0,
                    "x2": -1.2933494175954965
                },
                "metrics": {
                    "outcome": 15584.624490595812
                },
                "metadata": {
                    "trials": 1
                }
            }
        ],
        [
            {
                "query": {
                    "x1": -2.0,
                    "x2": -0.9517148898131713
                },
                "metrics": {
                    "outcome": 27338.134615041206
                },
                "metadata": {
                    "trials": 1
                }
            }
        ],
        [
            {
                "query": {
                    "x1": 1.9999999999999987,
                    "x2": -0.7806072738917533
                },
                "metrics": {
                    "outcome": 49539.03369861221
                },
                "metadata": {
                    "trials": 1
                }
            }
        ],
        [
            {
                "query": {
                    "x1": -2.0,
                    "x2": -0.38188240278035246
                },
                "metrics": {
                    "outcome": 99812.90199485398
                },
                "metadata": {
                    "trials": 1
                }
            }
        ],
        [
            {
                "query": {
                    "x1": 2.0,
                    "x2": 0.030369292996483388
                },
                "metrics": {
                    "outcome": 1395.3261127036383
                },
                "metadata": {
                    "trials": 1
                }
            }
        ],
        [
            {
                "query": {
                    "x1": 0.5181901589406235,
                    "x2": -0.5668573980368965
                },
                "metrics": {
                    "outcome": 96.75304463320919
                },
                "metadata": {
                    "trials": 1
                }
            }
        ],
        [
            {
                "query": {
                    "x1": 2.0,
                    "x2": -0.06284767882432796
                },
                "metrics": {
                    "outcome": 2622.063047505799
                },
                "metadata": {
                    "trials": 1
                }
            }
        ],
        [
            {
                "query": {
                    "x1": 0.5638948326972164,
                    "x2": -0.5454279196598297
                },
                "metrics": {
                    "outcome": 97.10474142365472
                },
                "metadata": {
                    "trials": 1
                }
            }
        ],
        [
            {
                "query": {
                    "x1": 0.5641626886541293,
                    "x2": -0.5565939835631859
                },
                "metrics": {
                    "outcome": 86.93665232565307
                },
                "metadata": {
                    "trials": 1
                }
            }
        ],
        [
            {
                "query": {
                    "x1": 0.6069832018434802,
                    "x2": -0.5561130105431134
                },
                "metrics": {
                    "outcome": 73.5078008866375
                },
                "metadata": {
                    "trials": 1
                }
            }
        ],
        [
            {
                "query": {
                    "x1": 0.6510204087956231,
                    "x2": -0.5515432917218444
                },
                "metrics": {
                    "outcome": 68.43399244129706
                },
                "metadata": {
                    "trials": 1
                }
            }
        ],
        [
            {
                "query": {
                    "x1": -1.2086940469233904,
                    "x2": -1.2662469293462273
                },
                "metrics": {
                    "outcome": 5218.887452479885
                },
                "metadata": {
                    "trials": 1
                }
            }
        ],
        [
            {
                "query": {
                    "x1": -0.8607613064780575,
                    "x2": -1.0963302024924
                },
                "metrics": {
                    "outcome": 1659.5359153159552
                },
                "metadata": {
                    "trials": 1
                }
            }
        ],
        [
            {
                "query": {
                    "x1": -1.9999999999999745,
                    "x2": -1.4335238072075192
                },
                "metrics": {
                    "outcome": 18967.99926391696
                },
                "metadata": {
                    "trials": 1
                }
            }
        ],
        [
            {
                "query": {
                    "x1": -1.0377555677305965,
                    "x2": -1.3291578675105657
                },
                "metrics": {
                    "outcome": 3123.563378590138
                },
                "metadata": {
                    "trials": 1
                }
            }
        ],
        [
            {
                "query": {
                    "x1": -1.9999999999999993,
                    "x2": -1.6745055449462538
                },
                "metrics": {
                    "outcome": 27806.257567653432
                },
                "metadata": {
                    "trials": 1
                }
            }
        ],
        [
            {
                "query": {
                    "x1": -0.9414428938180208,
                    "x2": -1.5964201400056481
                },
                "metrics": {
                    "outcome": 579.5775105301188
                },
                "metadata": {
                    "trials": 1
                }
            }
        ],
        [
            {
                "query": {
                    "x1": -0.9022406005833834,
                    "x2": -1.1701785323233915
                },
                "metrics": {
                    "outcome": 2014.3300480155067
                },
                "metadata": {
                    "trials": 1
                }
            }
        ],
        [
            {
                "query": {
                    "x1": -0.6233623019871599,
                    "x2": -1.024499231367231
                },
                "metrics": {
                    "outcome": 572.6461559658092
                },
                "metadata": {
                    "trials": 1
                }
            }
        ],
        [
            {
                "query": {
                    "x1": -1.9999999999991858,
                    "x2": -2.0
                },
                "metrics": {
                    "outcome": 24375.999999937365
                },
                "metadata": {
                    "trials": 1
                }
            }
        ],
        [
            {
                "query": {
                    "x1": -0.018882136473237665,
                    "x2": -0.9869362741885321
                },
                "metrics": {
                    "outcome": 3.2081051895570862
                },
                "metadata": {
                    "trials": 1
                }
            }
        ],
        [
            {
                "query": {
                    "x1": 0.02433027670447574,
                    "x2": -0.9825585030036907
                },
                "metrics": {
                    "outcome": 3.184613245029791
                },
                "metadata": {
                    "trials": 1
                }
            }
        ],
        [
            {
                "query": {
                    "x1": 0.06915683764078828,
                    "x2": -0.9848310900982595
                },
                "metrics": {
                    "outcome": 4.138391248575813
                },
                "metadata": {
                    "trials": 1
                }
            }
        ],
        [
            {
                "query": {
                    "x1": 0.06806131274553451,
                    "x2": -0.9841908915389856
                },
                "metrics": {
                    "outcome": 4.093927524742229
                },
                "metadata": {
                    "trials": 1
                }
            }
        ],
        [
            {
                "query": {
                    "x1": 0.07179673563832134,
                    "x2": -0.9843233686093165
                },
                "metrics": {
                    "outcome": 4.233514632793318
                },
                "metadata": {
                    "trials": 1
                }
            }
        ],
        [
            {
                "query": {
                    "x1": 0.07290723658264664,
                    "x2": -0.9843428744348217
                },
                "metrics": {
                    "outcome": 4.277065540808437
                },
                "metadata": {
                    "trials": 1
                }
            }
        ],
        [
            {
                "query": {
                    "x1": 0.06476497712629525,
                    "x2": -0.9848933383934757
                },
                "metrics": {
                    "outcome": 3.9848741395456213
                },
                "metadata": {
                    "trials": 1
                }
            }
        ],
        [
            {
                "query": {
                    "x1": 0.06693318579924101,
                    "x2": -0.9844486996138113
                },
                "metrics": {
                    "outcome": 4.0559745036431805
                },
                "metadata": {
                    "trials": 1
                }
            }
        ],
        [
            {
                "query": {
                    "x1": 0.06489523308678535,
                    "x2": -0.9845967152723656
                },
                "metrics": {
                    "outcome": 3.9874130962481504
                },
                "metadata": {
                    "trials": 1
                }
            }
        ],
        [
            {
                "query": {
                    "x1": 0.06810571848230129,
                    "x2": -0.984330827069613
                },
                "metrics": {
                    "outcome": 4.096504564260281
                },
                "metadata": {
                    "trials": 1
                }
            }
        ],
        [
            {
                "query": {
                    "x1": 0.06957868515922705,
                    "x2": -0.9843119001187024
                },
                "metrics": {
                    "outcome": 4.149771067465934
                },
                "metadata": {
                    "trials": 1
                }
            }
        ],
        [
            {
                "query": {
                    "x1": 0.07567092748454618,
                    "x2": -0.983994517993033
                },
                "metrics": {
                    "outcome": 4.385728808948592
                },
                "metadata": {
                    "trials": 1
                }
            }
        ],
        [
            {
                "query": {
                    "x1": 0.0,
                    "x2": 0.0
                },
                "metrics": {
                    "outcome": 600.0
                },
                "metadata": {
                    "trials": 1
                }
            }
        ],
        [
            {
                "query": {
                    "x1": -1.9999999999999925,
                    "x2": 0.10086061335839158
                },
                "metrics": {
                    "outcome": 124231.71475659305
                },
                "metadata": {
                    "trials": 1
                }
            }
        ],
        [
            {
                "query": {
                    "x1": 2.0,
                    "x2": 0.36657323478597803
                },
                "metrics": {
                    "outcome": 104.36350795056046
                },
                "metadata": {
                    "trials": 1
                }
            }
        ],
        [
            {
                "query": {
                    "x1": -2.0,
                    "x2": 0.3548641947901858
                },
                "metrics": {
                    "outcome": 99390.88330441668
                },
                "metadata": {
                    "trials": 1
                }
            }
        ],
        [
            {
                "query": {
                    "x1": 2.0,
                    "x2": 0.7243087342239196
                },
                "metrics": {
                    "outcome": 1150.056696882319
                },
                "metadata": {
                    "trials": 1
                }
            }
        ],
        [
            {
                "query": {
                    "x1": -1.5880671320483088,
                    "x2": -0.993620122782886
                },
                "metrics": {
                    "outcome": 5822.379467987602
                },
                "metadata": {
                    "trials": 1
                }
            }
        ],
        [
            {
                "query": {
                    "x1": 1.9999999999879234,
                    "x2": -0.0072017563767889925
                },
                "metrics": {
                    "outcome": 1824.6719329840469
                },
                "metadata": {
                    "trials": 1
                }
            }
        ],
        [
            {
                "query": {
                    "x1": 2.0,
                    "x2": 0.25811395134599957
                },
                "metrics": {
                    "outcome": 149.5252960636584
                },
                "metadata": {
                    "trials": 1
                }
            }
        ],
        [
            {
                "query": {
                    "x1": 2.0,
                    "x2": 0.570561168332762
                },
                "metrics": {
                    "outcome": 549.5937373195407
                },
                "metadata": {
                    "trials": 1
                }
            }
        ],
        [
            {
                "query": {
                    "x1": -2.0,
                    "x2": 0.8546797512856452
                },
                "metrics": {
                    "outcome": 19870.440466233464
                },
                "metadata": {
                    "trials": 1
                }
            }
        ],
        [
            {
                "query": {
                    "x1": 2.0,
                    "x2": 0.2998672533477533
                },
                "metrics": {
                    "outcome": 101.7537525667931
                },
                "metadata": {
                    "trials": 1
                }
            }
        ],
        [
            {
                "query": {
                    "x1": 2.0,
                    "x2": 0.4809697558760653
                },
                "metrics": {
                    "outcome": 287.83778880405794
                },
                "metadata": {
                    "trials": 1
                }
            }
        ],
        [
            {
                "query": {
                    "x1": -1.9999999999999956,
                    "x2": 0.6799720528157969
                },
                "metrics": {
                    "outcome": 44091.80182130022
                },
                "metadata": {
                    "trials": 1
                }
            }
        ],
        [
            {
                "query": {
                    "x1": 2.0,
                    "x2": 0.8617913314011929
                },
                "metrics": {
                    "outcome": 1743.8830183613495
                },
                "metadata": {
                    "trials": 1
                }
            }
        ],
        [
            {
                "query": {
                    "x1": -0.01010725341967067,
                    "x2": -1.2798156623381476
                },
                "metrics": {
                    "outcome": 179.15583795034988
                },
                "metadata": {
                    "trials": 1
                }
            }
        ],
        [
            {
                "query": {
                    "x1": 0.6192820636358802,
                    "x2": -0.20028031741971297
                },
                "metrics": {
                    "outcome": 731.7198261934045
                },
                "metadata": {
                    "trials": 1
                }
            }
        ],
        [
            {
                "query": {
                    "x1": 0.6796796927377171,
                    "x2": -0.5289224281848217
                },
                "metrics": {
                    "outcome": 72.74585459904878
                },
                "metadata": {
                    "trials": 1
                }
            }
        ],
        [
            {
                "query": {
                    "x1": 0.03448942288144474,
                    "x2": -0.9411392775123655
                },
                "metrics": {
                    "outcome": 4.402102753438423
                },
                "metadata": {
                    "trials": 1
                }
            }
        ],
        [
            {
                "query": {
                    "x1": 0.02389180922823453,
                    "x2": -0.9365158762046812
                },
                "metrics": {
                    "outcome": 4.637826805802782
                },
                "metadata": {
                    "trials": 1
                }
            }
        ],
        [
            {
                "query": {
                    "x1": 0.03388214624662389,
                    "x2": -1.0210522978323278
                },
                "metrics": {
                    "outcome": 3.6843655703389095
                },
                "metadata": {
                    "trials": 1
                }
            }
        ],
        [
            {
                "query": {
                    "x1": 1.6001561584930104,
                    "x2": 1.999901661024396
                },
                "metrics": {
                    "outcome": 112506.4465931548
                },
                "metadata": {
                    "trials": 1
                }
            }
        ],
        [
            {
                "query": {
                    "x1": 0.8886310040795413,
                    "x2": 2.0
                },
                "metrics": {
                    "outcome": 138812.72071935877
                },
                "metadata": {
                    "trials": 1
                }
            }
        ],
        [
            {
                "query": {
                    "x1": 0.2661178032192222,
                    "x2": 2.0
                },
                "metrics": {
                    "outcome": 173552.98710236128
                },
                "metadata": {
                    "trials": 1
                }
            }
        ],
        [
            {
                "query": {
                    "x1": -0.3512077923856698,
                    "x2": -2.0
                },
                "metrics": {
                    "outcome": 65455.99924855093
                },
                "metadata": {
                    "trials": 1
                }
            }
        ],
        [
            {
                "query": {
                    "x1": -1.239862460790595,
                    "x2": 2.0
                },
                "metrics": {
                    "outcome": 857955.4437636588
                },
                "metadata": {
                    "trials": 1
                }
            }
        ],
        [
            {
                "query": {
                    "x1": 0.15267618762868818,
                    "x2": -2.0
                },
                "metrics": {
                    "outcome": 59892.334458376026
                },
                "metadata": {
                    "trials": 1
                }
            }
        ],
        [
            {
                "query": {
                    "x1": -0.4539968576282263,
                    "x2": 0.6071843476966023
                },
                "metrics": {
                    "outcome": 15421.984919340062
                },
                "metadata": {
                    "trials": 1
                }
            }
        ],
        [
            {
                "query": {
                    "x1": 0.0644921334052384,
                    "x2": -0.9373652992155315
                },
                "metrics": {
                    "outcome": 4.810891532755203
                },
                "metadata": {
                    "trials": 1
                }
            }
        ],
        [
            {
                "query": {
                    "x1": 0.04549713359830809,
                    "x2": -1.0122281608509258
                },
                "metrics": {
                    "outcome": 3.7712445063370046
                },
                "metadata": {
                    "trials": 1
                }
            }
        ],
        [
            {
                "query": {
                    "x1": 0.030310577857198595,
                    "x2": -0.9758850063422624
                },
                "metrics": {
                    "outcome": 3.3157418775060155
                },
                "metadata": {
                    "trials": 1
                }
            }
        ],
        [
            {
                "query": {
                    "x1": 0.036964517894446214,
                    "x2": -0.9907605542109144
                },
                "metrics": {
                    "outcome": 3.3094509473301357
                },
                "metadata": {
                    "trials": 1
                }
            }
        ],
        [
            {
                "query": {
                    "x1": 0.4732276520786245,
                    "x2": -2.0
                },
                "metrics": {
                    "outcome": 35652.42410379528
                },
                "metadata": {
                    "trials": 1
                }
            }
        ],
        [
            {
                "query": {
                    "x1": 1.6573922450182725,
                    "x2": -2.0
                },
                "metrics": {
                    "outcome": 128602.14503764451
                },
                "metadata": {
                    "trials": 1
                }
            }
        ],
        [
            {
                "query": {
                    "x1": 1.1896316147263692,
                    "x2": 2.0
                },
                "metrics": {
                    "outcome": 133176.92711545725
                },
                "metadata": {
                    "trials": 1
                }
            }
        ],
        [
            {
                "query": {
                    "x1": -0.022170117390228006,
                    "x2": -0.8892697690308013
                },
                "metrics": {
                    "outcome": 9.002964695785376
                },
                "metadata": {
                    "trials": 1
                }
            }
        ],
        [
            {
                "query": {
                    "x1": -0.01563958083399175,
                    "x2": -0.9380121442081877
                },
                "metrics": {
                    "outcome": 4.83977884182487
                },
                "metadata": {
                    "trials": 1
                }
            }
        ],
        [
            {
                "query": {
                    "x1": 0.024594184935521568,
                    "x2": -0.9786090544121413
                },
                "metrics": {
                    "outcome": 3.231196877911022
                },
                "metadata": {
                    "trials": 1
                }
            }
        ],
        [
            {
                "query": {
                    "x1": 0.033851782457147817,
                    "x2": -0.9866867569805549
                },
                "metrics": {
                    "outcome": 3.2643773100299502
                },
                "metadata": {
                    "trials": 1
                }
            }
        ],
        [
            {
                "query": {
                    "x1": 0.45444444444444443,
                    "x2": 0.44444444444444464
                },
                "metrics": {
                    "outcome": 1136.225114064192
                },
                "metadata": {
                    "trials": 1
                }
            }
        ],
        [
            {
                "query": {
                    "x1": -1.7680907839267577,
                    "x2": -2.0
                },
                "metrics": {
                    "outcome": 9223.237817395859
                },
                "metadata": {
                    "trials": 1
                }
            }
        ],
        [
            {
                "query": {
                    "x1": 0.025269174261506322,
                    "x2": -0.9863622438683339
                },
                "metrics": {
                    "outcome": 3.163503591407526
                },
                "metadata": {
                    "trials": 1
                }
            }
        ],
        [
            {
                "query": {
                    "x1": -0.14814814814814814,
                    "x2": -2.0
                },
                "metrics": {
                    "outcome": 68978.55833318566
                },
                "metadata": {
                    "trials": 1
                }
            }
        ],
        [
            {
                "query": {
                    "x1": 0.02514232658018578,
                    "x2": -0.9878506668564089
                },
                "metrics": {
                    "outcome": 3.1543838684618177
                },
                "metadata": {
                    "trials": 1
                }
            }
        ],
        [
            {
                "query": {
                    "x1": 0.024853685478584353,
                    "x2": -0.991358741127075
                },
                "metrics": {
                    "outcome": 3.1403747553838888
                },
                "metadata": {
                    "trials": 1
                }
            }
        ],
        [
            {
                "query": {
                    "x1": 0.024569829026962697,
                    "x2": -0.9937313440103039
                },
                "metrics": {
                    "outcome": 3.135776931796861
                },
                "metadata": {
                    "trials": 1
                }
            }
        ],
        [
            {
                "query": {
                    "x1": 0.024660773607002362,
                    "x2": -0.992605005668123
                },
                "metrics": {
                    "outcome": 3.136900253054827
                },
                "metadata": {
                    "trials": 1
                }
            }
        ],
        [
            {
                "query": {
                    "x1": 0.023534991525052007,
                    "x2": -0.9905147148065809
                },
                "metrics": {
                    "outcome": 3.128695575834724
                },
                "metadata": {
                    "trials": 1
                }
            }
        ],
        [
            {
                "query": {
                    "x1": 0.953343702480197,
                    "x2": -0.8954293169081211
                },
                "metrics": {
                    "outcome": 4156.47793542097
                },
                "metadata": {
                    "trials": 1
                }
            }
        ],
        [
            {
                "query": {
                    "x1": 0.024038043827840472,
                    "x2": -0.9925775713383231
                },
                "metrics": {
                    "outcome": 3.1302109251321046
                },
                "metadata": {
                    "trials": 1
                }
            }
        ],
        [
            {
                "query": {
                    "x1": 0.024062180155894453,
                    "x2": -0.991994376016468
                },
                "metrics": {
                    "outcome": 3.1310664927977285
                },
                "metadata": {
                    "trials": 1
                }
            }
        ],
        [
            {
                "query": {
                    "x1": -1.3333333333333333,
                    "x2": -2.0
                },
                "metrics": {
                    "outcome": 4199.999999999997
                },
                "metadata": {
                    "trials": 1
                }
            }
        ],
        [
            {
                "query": {
                    "x1": 0.08323492963072976,
                    "x2": -0.7657654536975043
                },
                "metrics": {
                    "outcome": 42.261932358359076
                },
                "metadata": {
                    "trials": 1
                }
            }
        ],
        [
            {
                "query": {
                    "x1": 0.05316345656522703,
                    "x2": -0.9955744149460852
                },
                "metrics": {
                    "outcome": 3.712782646319582
                },
                "metadata": {
                    "trials": 1
                }
            }
        ],
        [
            {
                "query": {
                    "x1": 0.022588871829873458,
                    "x2": -0.9872263498146334
                },
                "metrics": {
                    "outcome": 3.1341896753406444
                },
                "metadata": {
                    "trials": 1
                }
            }
        ],
        [
            {
                "query": {
                    "x1": 0.029080428619807197,
                    "x2": -0.9988188153760726
                },
                "metrics": {
                    "outcome": 3.2115100739951834
                },
                "metadata": {
                    "trials": 1
                }
            }
        ],
        [
            {
                "query": {
                    "x1": 0.023381120501243302,
                    "x2": -0.9958049284809662
                },
                "metrics": {
                    "outcome": 3.12488345227222
                },
                "metadata": {
                    "trials": 1
                }
            }
        ],
        [
            {
                "query": {
                    "x1": 0.024311509402137776,
                    "x2": -0.9969647699833455
                },
                "metrics": {
                    "outcome": 3.1385285166250836
                },
                "metadata": {
                    "trials": 1
                }
            }
        ],
        [
            {
                "query": {
                    "x1": 0.04206870646964722,
                    "x2": -0.9980568579881399
                },
                "metrics": {
                    "outcome": 3.4502743900150508
                },
                "metadata": {
                    "trials": 1
                }
            }
        ],
        [
            {
                "query": {
                    "x1": 0.02082506795057526,
                    "x2": -0.9937103114347228
                },
                "metrics": {
                    "outcome": 3.0976251525399885
                },
                "metadata": {
                    "trials": 1
                }
            }
        ],
        [
            {
                "query": {
                    "x1": 0.02254751444693559,
                    "x2": -0.9951038762133706
                },
                "metrics": {
                    "outcome": 3.1148584945364317
                },
                "metadata": {
                    "trials": 1
                }
            }
        ],
        [
            {
                "query": {
                    "x1": 0.019811235249576065,
                    "x2": -0.9930721802845672
                },
                "metrics": {
                    "outcome": 3.0893132521108506
                },
                "metadata": {
                    "trials": 1
                }
            }
        ],
        [
            {
                "query": {
                    "x1": 0.021424940147142024,
                    "x2": -0.9864096811383629
                },
                "metrics": {
                    "outcome": 3.130015557738578
                },
                "metadata": {
                    "trials": 1
                }
            }
        ],
        [
            {
                "query": {
                    "x1": 0.019775304255185144,
                    "x2": -0.991015870531178
                },
                "metrics": {
                    "outcome": 3.0938286858734583
                },
                "metadata": {
                    "trials": 1
                }
            }
        ],
        [
            {
                "query": {
                    "x1": 0.020505505171731553,
                    "x2": -0.9920600733258849
                },
                "metrics": {
                    "outcome": 3.0970615257349636
                },
                "metadata": {
                    "trials": 1
                }
            }
        ],
        [
            {
                "query": {
                    "x1": -1.2156721395083667,
                    "x2": 0.2566187999250622
                },
                "metrics": {
                    "outcome": 1116.5841535474513
                },
                "metadata": {
                    "trials": 1
                }
            }
        ],
        [
            {
                "query": {
                    "x1": -1.3433557536755447,
                    "x2": 0.3641597854775762
                },
                "metrics": {
                    "outcome": 1789.7869831838586
                },
                "metadata": {
                    "trials": 1
                }
            }
        ],
        [
            {
                "query": {
                    "x1": 1.3543941945752924,
                    "x2": 0.004469117027523062
                },
                "metrics": {
                    "outcome": 183.83046874956608
                },
                "metadata": {
                    "trials": 1
                }
            }
        ],
        [
            {
                "query": {
                    "x1": -0.14701826456528577,
                    "x2": -1.1800789282456543
                },
                "metrics": {
                    "outcome": 30.676229693632028
                },
                "metadata": {
                    "trials": 1
                }
            }
        ],
        [
            {
                "query": {
                    "x1": 1.984281163662672,
                    "x2": 0.4819516856223345
                },
                "metrics": {
                    "outcome": 309.21870216814597
                },
                "metadata": {
                    "trials": 1
                }
            }
        ],
        [
            {
                "query": {
                    "x1": 0.026720301481362174,
                    "x2": -1.2037527550620521
                },
                "metrics": {
                    "outcome": 56.872457701710594
                },
                "metadata": {
                    "trials": 1
                }
            }
        ],
        [
            {
                "query": {
                    "x1": -1.3380051884646007,
                    "x2": 0.25668320275826195
                },
                "metrics": {
                    "outcome": 1650.6267276926883
                },
                "metadata": {
                    "trials": 1
                }
            }
        ],
        [
            {
                "query": {
                    "x1": 1.0711390648949166,
                    "x2": -0.34832629215688327
                },
                "metrics": {
                    "outcome": 140.76179983784206
                },
                "metadata": {
                    "trials": 1
                }
            }
        ],
        [
            {
                "query": {
                    "x1": 0.018139981730201704,
                    "x2": -1.0067848894105258
                },
                "metrics": {
                    "outcome": 3.133520416316672
                },
                "metadata": {
                    "trials": 1
                }
            }
        ],
        [
            {
                "query": {
                    "x1": -0.0032575485474672927,
                    "x2": -0.982464887044538
                },
                "metrics": {
                    "outcome": 3.1444596863315337
                },
                "metadata": {
                    "trials": 1
                }
            }
        ],
        [
            {
                "query": {
                    "x1": 0.022558811828389924,
                    "x2": -1.005913320048787
                },
                "metrics": {
                    "outcome": 3.178355692953863
                },
                "metadata": {
                    "trials": 1
                }
            }
        ],
        [
            {
                "query": {
                    "x1": 0.023129337641458747,
                    "x2": -1.005183325750226
                },
                "metrics": {
                    "outcome": 3.1783674647699756
                },
                "metadata": {
                    "trials": 1
                }
            }
        ],
        [
            {
                "query": {
                    "x1": 0.021537381483431428,
                    "x2": -1.003982397769688
                },
                "metrics": {
                    "outcome": 3.1465396489165496
                },
                "metadata": {
                    "trials": 1
                }
            }
        ],
        [
            {
                "query": {
                    "x1": -0.0006145897350717799,
                    "x2": -0.9846264378590719
                },
                "metrics": {
                    "outcome": 3.1025484872654645
                },
                "metadata": {
                    "trials": 1
                }
            }
        ],
        [
            {
                "query": {
                    "x1": 0.02318437997528866,
                    "x2": -1.0043271310049775
                },
                "metrics": {
                    "outcome": 3.170689192748755
                },
                "metadata": {
                    "trials": 1
                }
            }
        ],
        [
            {
                "query": {
                    "x1": -3.9700110674001365e-05,
                    "x2": -0.9850067508769427
                },
                "metrics": {
                    "outcome": 3.0957929892732077
                },
                "metadata": {
                    "trials": 1
                }
            }
        ],
        [
            {
                "query": {
                    "x1": 4.682884251039354e-05,
                    "x2": -0.9850095346359609
                },
                "metrics": {
                    "outcome": 3.0954971190728657
                },
                "metadata": {
                    "trials": 1
                }
            }
        ],
        [
            {
                "query": {
                    "x1": 0.019953588020579893,
                    "x2": -1.0013300086412733
                },
                "metrics": {
                    "outcome": 3.109023896632601
                },
                "metadata": {
                    "trials": 1
                }
            }
        ],
        [
            {
                "query": {
                    "x1": 0.017394131041643668,
                    "x2": -0.9950955541981537
                },
                "metrics": {
                    "outcome": 3.067967189347993
                },
                "metadata": {
                    "trials": 1
                }
            }
        ],
        [
            {
                "query": {
                    "x1": 0.02270191394934784,
                    "x2": -1.0012544753364827
                },
                "metrics": {
                    "outcome": 3.139974148723767
                },
                "metadata": {
                    "trials": 1
                }
            }
        ],
        [
            {
                "query": {
                    "x1": 0.0,
                    "x2": 0.0
                },
                "metrics": {
                    "outcome": 600.0
                },
                "metadata": {
                    "trials": 1
                }
            }
        ],
        [
            {
                "query": {
                    "x1": 0.0,
                    "x2": 0.0
                },
                "metrics": {
                    "outcome": 600.0
                },
                "metadata": {
                    "trials": 1
                }
            }
        ],
        [
            {
                "query": {
                    "x1": 0.02032156888610359,
                    "x2": -1.0022054284074937
                },
                "metrics": {
                    "outcome": 3.1185848611662843
                },
                "metadata": {
                    "trials": 1
                }
            }
        ],
        [
            {
                "query": {
                    "x1": -0.0037583478805749415,
                    "x2": -0.9852477317250687
                },
                "metrics": {
                    "outcome": 3.107123187922203
                },
                "metadata": {
                    "trials": 1
                }
            }
        ],
        [
            {
                "query": {
                    "x1": 0.0,
                    "x2": 0.0
                },
                "metrics": {
                    "outcome": 600.0
                },
                "metadata": {
                    "trials": 1
                }
            }
        ],
        [
            {
                "query": {
                    "x1": 0.28998984303325415,
                    "x2": 1.7961448738351464
                },
                "metrics": {
                    "outcome": 107757.39611362875
                },
                "metadata": {
                    "trials": 1
                }
            }
        ],
        [
            {
                "query": {
                    "x1": -0.8031680426836871,
                    "x2": 0.10731991973498811
                },
                "metrics": {
                    "outcome": 960.1765074231168
                },
                "metadata": {
                    "trials": 1
                }
            }
        ],
        [
            {
                "query": {
                    "x1": 0.0,
                    "x2": 0.0
                },
                "metrics": {
                    "outcome": 600.0
                },
                "metadata": {
                    "trials": 1
                }
            }
        ],
        [
            {
                "query": {
                    "x1": 0.0,
                    "x2": 0.0
                },
                "metrics": {
                    "outcome": 600.0
                },
                "metadata": {
                    "trials": 1
                }
            }
        ],
        [
            {
                "query": {
                    "x1": 0.0,
                    "x2": 0.0
                },
                "metrics": {
                    "outcome": 600.0
                },
                "metadata": {
                    "trials": 1
                }
            }
        ],
        [
            {
                "query": {
                    "x1": 0.0,
                    "x2": 0.0
                },
                "metrics": {
                    "outcome": 600.0
                },
                "metadata": {
                    "trials": 1
                }
            }
        ],
        [
            {
                "query": {
                    "x1": -0.00037232263111564023,
                    "x2": -0.9853319454860907
                },
                "metrics": {
                    "outcome": 3.092718286308443
                },
                "metadata": {
                    "trials": 1
                }
            }
        ],
        [
            {
                "query": {
                    "x1": 0.0009752279500987449,
                    "x2": -0.9847427073175059
                },
                "metrics": {
                    "outcome": 3.0962950309636526
                },
                "metadata": {
                    "trials": 1
                }
            }
        ],
        [
            {
                "query": {
                    "x1": 0.0,
                    "x2": 0.0
                },
                "metrics": {
                    "outcome": 600.0
                },
                "metadata": {
                    "trials": 1
                }
            }
        ],
        [
            {
                "query": {
                    "x1": 0.0,
                    "x2": 0.0
                },
                "metrics": {
                    "outcome": 600.0
                },
                "metadata": {
                    "trials": 1
                }
            }
        ],
        [
            {
                "query": {
                    "x1": 0.0,
                    "x2": 0.0
                },
                "metrics": {
                    "outcome": 600.0
                },
                "metadata": {
                    "trials": 1
                }
            }
        ],
        [
            {
                "query": {
                    "x1": 0.0,
                    "x2": 0.0
                },
                "metrics": {
                    "outcome": 600.0
                },
                "metadata": {
                    "trials": 1
                }
            }
        ],
        [
            {
                "query": {
                    "x1": 0.0,
                    "x2": 0.0
                },
                "metrics": {
                    "outcome": 600.0
                },
                "metadata": {
                    "trials": 1
                }
            }
        ],
        [
            {
                "query": {
                    "x1": 0.0,
                    "x2": 0.0
                },
                "metrics": {
                    "outcome": 600.0
                },
                "metadata": {
                    "trials": 1
                }
            }
        ],
        [
            {
                "query": {
                    "x1": 0.0,
                    "x2": 0.0
                },
                "metrics": {
                    "outcome": 600.0
                },
                "metadata": {
                    "trials": 1
                }
            }
        ]
    ],
    "best_results": [
        {
            "query": {
                "x1": 0.017394131041643668,
                "x2": -0.9950955541981537
            },
            "metrics": [
                {
                    "name": "outcome",
                    "value": 3.067967189347993
                }
            ]
        }
    ]
}