{
    "date": "05/11/2022 12:05:10",
    "basic_params": {
        "active_variables": [
            "x1",
            "x2"
        ],
        "default_query": {},
        "metric": "basic",
        "n_trials": 1
    },
    "objective_function": {
        "name": "Branin",
        "params": {}
    },
    "optimizer": {
        "name": "BBO-LP(LCB)-FoD",
        "params": {
            "lower_bound": [
                -5.0,
                0.0
            ],
            "upper_bound": [
                10.0,
                15.0
            ],
            "invert_metric": false,
            "bopt_params": {
                "n_init_samples": 12,
                "n_iterations": 23,
                "n_iter_relearn": 5,
                "verbose_level": 0,
                "n_parallel_samples": 6,
                "fixed_dataset_size": 50,
                "par_type": "PAR_BBO",
                "crit_name": "cLP(cLCB)",
                "n_crit_params": 3,
                "crit_params": [
                    6,
                    1,
                    1.0
                ]
            }
        }
    },
    "iterations": [
        [
            {
                "query": {
                    "x1": -3.8096656466950662,
                    "x2": 11.076885636139195
                },
                "metrics": {
                    "outcome": 10.649284332488048
                },
                "metadata": {
                    "trials": 1
                }
            }
        ],
        [
            {
                "query": {
                    "x1": 4.088291320076678,
                    "x2": 3.744567195244599
                },
                "metrics": {
                    "outcome": 8.765652413170809
                },
                "metadata": {
                    "trials": 1
                }
            }
        ],
        [
            {
                "query": {
                    "x1": -2.6012835299479775,
                    "x2": 14.505242872692179
                },
                "metrics": {
                    "outcome": 13.95294453784198
                },
                "metadata": {
                    "trials": 1
                }
            }
        ],
        [
            {
                "query": {
                    "x1": 5.236493154952768,
                    "x2": 13.206480786320753
                },
                "metrics": {
                    "outcome": 158.76369524272195
                },
                "metadata": {
                    "trials": 1
                }
            }
        ],
        [
            {
                "query": {
                    "x1": -0.8897902397438884,
                    "x2": 9.533485861029476
                },
                "metrics": {
                    "outcome": 20.105724597624707
                },
                "metadata": {
                    "trials": 1
                }
            }
        ],
        [
            {
                "query": {
                    "x1": 7.905650758766569,
                    "x2": 4.456862897204701
                },
                "metrics": {
                    "outcome": 18.296224271771006
                },
                "metadata": {
                    "trials": 1
                }
            }
        ],
        [
            {
                "query": {
                    "x1": 1.112631939467974,
                    "x2": 1.304039309034124
                },
                "metrics": {
                    "outcome": 23.764732274930417
                },
                "metadata": {
                    "trials": 1
                }
            }
        ],
        [
            {
                "query": {
                    "x1": 2.6754889320000075,
                    "x2": 6.122495180170517
                },
                "metrics": {
                    "outcome": 13.365663575447497
                },
                "metadata": {
                    "trials": 1
                }
            }
        ],
        [
            {
                "query": {
                    "x1": 1.789392672944814,
                    "x2": 6.750781056762207
                },
                "metrics": {
                    "outcome": 18.062224986109975
                },
                "metadata": {
                    "trials": 1
                }
            }
        ],
        [
            {
                "query": {
                    "x1": 9.669887289928738,
                    "x2": 11.966751020227093
                },
                "metrics": {
                    "outcome": 86.75197388822748
                },
                "metadata": {
                    "trials": 1
                }
            }
        ],
        [
            {
                "query": {
                    "x1": 7.186837161716539,
                    "x2": 1.0385380758089013
                },
                "metrics": {
                    "outcome": 15.97956634287667
                },
                "metadata": {
                    "trials": 1
                }
            }
        ],
        [
            {
                "query": {
                    "x1": -1.6006037057377398,
                    "x2": 8.491372576681897
                },
                "metrics": {
                    "outcome": 9.863620247189164
                },
                "metadata": {
                    "trials": 1
                }
            }
        ],
        [
            {
                "query": {
                    "x1": -5.0,
                    "x2": 15.0
                },
                "metrics": {
                    "outcome": 17.508299515778166
                },
                "metadata": {
                    "trials": 1
                }
            },
            {
                "query": {
                    "x1": -5.0,
                    "x2": 15.0
                },
                "metrics": {
                    "outcome": 17.508299515778166
                },
                "metadata": {
                    "trials": 1
                }
            },
            {
                "query": {
                    "x1": -5.0,
                    "x2": 15.0
                },
                "metrics": {
                    "outcome": 17.508299515778166
                },
                "metadata": {
                    "trials": 1
                }
            },
            {
                "query": {
                    "x1": -5.0,
                    "x2": 15.0
                },
                "metrics": {
                    "outcome": 17.508299515778166
                },
                "metadata": {
                    "trials": 1
                }
            },
            {
                "query": {
                    "x1": -5.0,
                    "x2": 15.0
                },
                "metrics": {
                    "outcome": 17.508299515778166
                },
                "metadata": {
                    "trials": 1
                }
            },
            {
                "query": {
                    "x1": -5.0,
                    "x2": 15.0
                },
                "metrics": {
                    "outcome": 17.508299515778166
                },
                "metadata": {
                    "trials": 1
                }
            }
        ],
        [
            {
                "query": {
                    "x1": -5.0,
                    "x2": 8.04110538766344
                },
                "metrics": {
                    "outcome": 96.37772755418862
                },
                "metadata": {
                    "trials": 1
                }
            },
            {
                "query": {
                    "x1": -5.0,
                    "x2": 8.04110538766344
                },
                "metrics": {
                    "outcome": 96.37772755418862
                },
                "metadata": {
                    "trials": 1
                }
            },
            {
                "query": {
                    "x1": -5.0,
                    "x2": 8.04110538766344
                },
                "metrics": {
                    "outcome": 96.37772755418862
                },
                "metadata": {
                    "trials": 1
                }
            },
            {
                "query": {
                    "x1": -5.0,
                    "x2": 8.04110538766344
                },
                "metrics": {
                    "outcome": 96.37772755418862
                },
                "metadata": {
                    "trials": 1
                }
            },
            {
                "query": {
                    "x1": -5.0,
                    "x2": 8.04110538766344
                },
                "metrics": {
                    "outcome": 96.37772755418862
                },
                "metadata": {
                    "trials": 1
                }
            },
            {
                "query": {
                    "x1": -5.0,
                    "x2": 8.04110538766344
                },
                "metrics": {
                    "outcome": 96.37772755418862
                },
                "metadata": {
                    "trials": 1
                }
            }
        ],
        [
            {
                "query": {
                    "x1": -0.09129705337321603,
                    "x2": 8.358703290273942
                },
                "metrics": {
                    "outcome": 24.456494822063128
                },
                "metadata": {
                    "trials": 1
                }
            },
            {
                "query": {
                    "x1": -0.09129705337321603,
                    "x2": 8.358703290273942
                },
                "metrics": {
                    "outcome": 24.456494822063128
                },
                "metadata": {
                    "trials": 1
                }
            },
            {
                "query": {
                    "x1": -0.09129705337321603,
                    "x2": 8.358703290273942
                },
                "metrics": {
                    "outcome": 24.456494822063128
                },
                "metadata": {
                    "trials": 1
                }
            },
            {
                "query": {
                    "x1": -0.09129705337321603,
                    "x2": 8.358703290273942
                },
                "metrics": {
                    "outcome": 24.456494822063128
                },
                "metadata": {
                    "trials": 1
                }
            },
            {
                "query": {
                    "x1": -0.09129705337321603,
                    "x2": 8.358703290273942
                },
                "metrics": {
                    "outcome": 24.456494822063128
                },
                "metadata": {
                    "trials": 1
                }
            },
            {
                "query": {
                    "x1": -0.09129705337321603,
                    "x2": 8.358703290273942
                },
                "metrics": {
                    "outcome": 24.456494822063128
                },
                "metadata": {
                    "trials": 1
                }
            }
        ],
        [
            {
                "query": {
                    "x1": -5.0,
                    "x2": 12.227203218111795
                },
                "metrics": {
                    "outcome": 37.3269103993327
                },
                "metadata": {
                    "trials": 1
                }
            },
            {
                "query": {
                    "x1": -5.0,
                    "x2": 12.223427443353136
                },
                "metrics": {
                    "outcome": 37.36438152447774
                },
                "metadata": {
                    "trials": 1
                }
            },
            {
                "query": {
                    "x1": -5.0,
                    "x2": 12.23162113333154
                },
                "metrics": {
                    "outcome": 37.28310281406161
                },
                "metadata": {
                    "trials": 1
                }
            },
            {
                "query": {
                    "x1": -5.0,
                    "x2": 12.22042183407727
                },
                "metrics": {
                    "outcome": 37.39422984093679
                },
                "metadata": {
                    "trials": 1
                }
            },
            {
                "query": {
                    "x1": -5.0,
                    "x2": 12.229581945446295
                },
                "metrics": {
                    "outcome": 37.30331833719116
                },
                "metadata": {
                    "trials": 1
                }
            },
            {
                "query": {
                    "x1": -5.0,
                    "x2": 12.217994285978977
                },
                "metrics": {
                    "outcome": 37.4183506959575
                },
                "metadata": {
                    "trials": 1
                }
            }
        ],
        [
            {
                "query": {
                    "x1": -3.0643178918034177,
                    "x2": 10.561218182050396
                },
                "metrics": {
                    "outcome": 2.763904387897954
                },
                "metadata": {
                    "trials": 1
                }
            },
            {
                "query": {
                    "x1": -3.0643178918034177,
                    "x2": 10.561218182050396
                },
                "metrics": {
                    "outcome": 2.763904387897954
                },
                "metadata": {
                    "trials": 1
                }
            },
            {
                "query": {
                    "x1": -3.0643178918034177,
                    "x2": 10.561218182050396
                },
                "metrics": {
                    "outcome": 2.763904387897954
                },
                "metadata": {
                    "trials": 1
                }
            },
            {
                "query": {
                    "x1": -3.0643178918034177,
                    "x2": 10.561218182050396
                },
                "metrics": {
                    "outcome": 2.763904387897954
                },
                "metadata": {
                    "trials": 1
                }
            },
            {
                "query": {
                    "x1": -3.0643178918034177,
                    "x2": 10.561218182050396
                },
                "metrics": {
                    "outcome": 2.763904387897954
                },
                "metadata": {
                    "trials": 1
                }
            },
            {
                "query": {
                    "x1": -3.0643178918034177,
                    "x2": 10.561218182050396
                },
                "metrics": {
                    "outcome": 2.763904387897954
                },
                "metadata": {
                    "trials": 1
                }
            }
        ],
        [
            {
                "query": {
                    "x1": 9.999624870452406,
                    "x2": 2.600153355654355
                },
                "metrics": {
                    "outcome": 2.1031324254205366
                },
                "metadata": {
                    "trials": 1
                }
            },
            {
                "query": {
                    "x1": 9.99055339082951,
                    "x2": 2.6001571155593597
                },
                "metrics": {
                    "outcome": 2.0489481142893107
                },
                "metadata": {
                    "trials": 1
                }
            },
            {
                "query": {
                    "x1": 9.981468025519682,
                    "x2": 2.6001702728836427
                },
                "metrics": {
                    "outcome": 1.9955207006731666
                },
                "metadata": {
                    "trials": 1
                }
            },
            {
                "query": {
                    "x1": 9.972394237575918,
                    "x2": 2.6001636663375685
                },
                "metrics": {
                    "outcome": 1.9430252968711166
                },
                "metadata": {
                    "trials": 1
                }
            },
            {
                "query": {
                    "x1": 9.963320516382735,
                    "x2": 2.6001674563094728
                },
                "metrics": {
                    "outcome": 1.891373119012858
                },
                "metadata": {
                    "trials": 1
                }
            },
            {
                "query": {
                    "x1": 9.954246305661481,
                    "x2": 2.600171047336777
                },
                "metrics": {
                    "outcome": 1.8405717636659151
                },
                "metadata": {
                    "trials": 1
                }
            }
        ],
        [
            {
                "query": {
                    "x1": 0.5123975062487283,
                    "x2": 2.603720243760729
                },
                "metrics": {
                    "outcome": 25.205539437671376
                },
                "metadata": {
                    "trials": 1
                }
            },
            {
                "query": {
                    "x1": 0.5123975062487283,
                    "x2": 2.603720243760729
                },
                "metrics": {
                    "outcome": 25.205539437671376
                },
                "metadata": {
                    "trials": 1
                }
            },
            {
                "query": {
                    "x1": 0.5123975062487283,
                    "x2": 2.603720243760729
                },
                "metrics": {
                    "outcome": 25.205539437671376
                },
                "metadata": {
                    "trials": 1
                }
            },
            {
                "query": {
                    "x1": 0.5123975062487283,
                    "x2": 2.603720243760729
                },
                "metrics": {
                    "outcome": 25.205539437671376
                },
                "metadata": {
                    "trials": 1
                }
            },
            {
                "query": {
                    "x1": 0.5123975062487283,
                    "x2": 2.603720243760729
                },
                "metrics": {
                    "outcome": 25.205539437671376
                },
                "metadata": {
                    "trials": 1
                }
            },
            {
                "query": {
                    "x1": 0.5123975062487283,
                    "x2": 2.603720243760729
                },
                "metrics": {
                    "outcome": 25.205539437671376
                },
                "metadata": {
                    "trials": 1
                }
            }
        ],
        [
            {
                "query": {
                    "x1": 9.670919937830286,
                    "x2": 0.431398722232312
                },
                "metrics": {
                    "outcome": 5.790622943721996
                },
                "metadata": {
                    "trials": 1
                }
            },
            {
                "query": {
                    "x1": 9.671201611194405,
                    "x2": 0.41090638451929073
                },
                "metrics": {
                    "outcome": 5.885453881166676
                },
                "metadata": {
                    "trials": 1
                }
            },
            {
                "query": {
                    "x1": 9.670645699231505,
                    "x2": 0.45183545608638576
                },
                "metrics": {
                    "outcome": 5.696950269564097
                },
                "metadata": {
                    "trials": 1
                }
            },
            {
                "query": {
                    "x1": 9.67146669843909,
                    "x2": 0.39205520753052897
                },
                "metrics": {
                    "outcome": 5.973490069170332
                },
                "metadata": {
                    "trials": 1
                }
            },
            {
                "query": {
                    "x1": 9.67040484674625,
                    "x2": 0.47022143167079006
                },
                "metrics": {
                    "outcome": 5.613446608426937
                },
                "metadata": {
                    "trials": 1
                }
            },
            {
                "query": {
                    "x1": 9.670185525400509,
                    "x2": 0.48734145233617887
                },
                "metrics": {
                    "outcome": 5.536346784984995
                },
                "metadata": {
                    "trials": 1
                }
            }
        ],
        [
            {
                "query": {
                    "x1": 9.343969718423468,
                    "x2": 3.4092703012964924
                },
                "metrics": {
                    "outcome": 1.4324039846696373
                },
                "metadata": {
                    "trials": 1
                }
            },
            {
                "query": {
                    "x1": 9.343105192401897,
                    "x2": 3.432207931169012
                },
                "metrics": {
                    "outcome": 1.4810095764826752
                },
                "metadata": {
                    "trials": 1
                }
            },
            {
                "query": {
                    "x1": 9.344841686422924,
                    "x2": 3.3864113741090804
                },
                "metrics": {
                    "outcome": 1.3850599480193164
                },
                "metadata": {
                    "trials": 1
                }
            },
            {
                "query": {
                    "x1": 9.342303389493141,
                    "x2": 3.4537412852223213
                },
                "metrics": {
                    "outcome": 1.52763888601166
                },
                "metadata": {
                    "trials": 1
                }
            },
            {
                "query": {
                    "x1": 9.345655952263233,
                    "x2": 3.3653344703487704
                },
                "metrics": {
                    "outcome": 1.3423739448842635
                },
                "metadata": {
                    "trials": 1
                }
            },
            {
                "query": {
                    "x1": 9.341539265200737,
                    "x2": 3.474504019943712
                },
                "metrics": {
                    "outcome": 1.5735147751562053
                },
                "metadata": {
                    "trials": 1
                }
            }
        ],
        [
            {
                "query": {
                    "x1": 9.408960692757475,
                    "x2": 3.3189888370544636
                },
                "metrics": {
                    "outcome": 1.134049581100264
                },
                "metadata": {
                    "trials": 1
                }
            },
            {
                "query": {
                    "x1": 9.40870306348964,
                    "x2": 3.3382538387813434
                },
                "metrics": {
                    "outcome": 1.1678710576139082
                },
                "metadata": {
                    "trials": 1
                }
            },
            {
                "query": {
                    "x1": 9.408700652168589,
                    "x2": 3.3510149628812274
                },
                "metrics": {
                    "outcome": 1.1904152730566047
                },
                "metadata": {
                    "trials": 1
                }
            },
            {
                "query": {
                    "x1": 9.408184675025568,
                    "x2": 3.2463723570357796
                },
                "metrics": {
                    "outcome": 1.0159580620994397
                },
                "metadata": {
                    "trials": 1
                }
            },
            {
                "query": {
                    "x1": 9.40865982041939,
                    "x2": 3.3632233331549446
                },
                "metrics": {
                    "outcome": 1.212352184101917
                },
                "metadata": {
                    "trials": 1
                }
            },
            {
                "query": {
                    "x1": 9.408742138290854,
                    "x2": 3.373090746993169
                },
                "metrics": {
                    "outcome": 1.2301074530531313
                },
                "metadata": {
                    "trials": 1
                }
            }
        ],
        [
            {
                "query": {
                    "x1": 5.1992808971215485,
                    "x2": 15.0
                },
                "metrics": {
                    "outcome": 204.4562806365935
                },
                "metadata": {
                    "trials": 1
                }
            },
            {
                "query": {
                    "x1": 5.257927025805623,
                    "x2": 14.999623835234013
                },
                "metrics": {
                    "outcome": 205.32479841455086
                },
                "metadata": {
                    "trials": 1
                }
            },
            {
                "query": {
                    "x1": 5.1408861806794395,
                    "x2": 14.99483462706504
                },
                "metrics": {
                    "outcome": 203.3996786666212
                },
                "metadata": {
                    "trials": 1
                }
            },
            {
                "query": {
                    "x1": 5.196191765900085,
                    "x2": 14.940840831531204
                },
                "metrics": {
                    "outcome": 202.7817152674921
                },
                "metadata": {
                    "trials": 1
                }
            },
            {
                "query": {
                    "x1": 5.254851070021886,
                    "x2": 14.938732176554604
                },
                "metrics": {
                    "outcome": 203.6033277925276
                },
                "metadata": {
                    "trials": 1
                }
            },
            {
                "query": {
                    "x1": 5.202785625488424,
                    "x2": 14.88199961978352
                },
                "metrics": {
                    "outcome": 201.2709166096033
                },
                "metadata": {
                    "trials": 1
                }
            }
        ],
        [
            {
                "query": {
                    "x1": 8.236622455614697,
                    "x2": 2.4127823246374764
                },
                "metrics": {
                    "outcome": 6.988869929954067
                },
                "metadata": {
                    "trials": 1
                }
            },
            {
                "query": {
                    "x1": 8.23662515484748,
                    "x2": 2.4127822739014437
                },
                "metrics": {
                    "outcome": 6.9888436146086494
                },
                "metadata": {
                    "trials": 1
                }
            },
            {
                "query": {
                    "x1": 8.23661660495478,
                    "x2": 2.4127816502376
                },
                "metrics": {
                    "outcome": 6.988925780715691
                },
                "metadata": {
                    "trials": 1
                }
            },
            {
                "query": {
                    "x1": 8.23663148428674,
                    "x2": 2.4127831649479976
                },
                "metrics": {
                    "outcome": 6.988783438243951
                },
                "metadata": {
                    "trials": 1
                }
            },
            {
                "query": {
                    "x1": 8.236610683256293,
                    "x2": 2.4127811075099865
                },
                "metrics": {
                    "outcome": 6.988982521670715
                },
                "metadata": {
                    "trials": 1
                }
            },
            {
                "query": {
                    "x1": 8.236637046413012,
                    "x2": 2.4127835096677366
                },
                "metrics": {
                    "outcome": 6.988729892973891
                },
                "metadata": {
                    "trials": 1
                }
            }
        ],
        [
            {
                "query": {
                    "x1": -2.098463616269404,
                    "x2": 9.760449289456249
                },
                "metrics": {
                    "outcome": 5.1871231102803375
                },
                "metadata": {
                    "trials": 1
                }
            },
            {
                "query": {
                    "x1": -2.0767732588770915,
                    "x2": 9.761865798612025
                },
                "metrics": {
                    "outcome": 5.356337884138327
                },
                "metadata": {
                    "trials": 1
                }
            },
            {
                "query": {
                    "x1": -2.1201454458400026,
                    "x2": 9.758998204090258
                },
                "metrics": {
                    "outcome": 5.024845352803432
                },
                "metadata": {
                    "trials": 1
                }
            },
            {
                "query": {
                    "x1": -2.056106014719719,
                    "x2": 9.76317974116423
                },
                "metrics": {
                    "outcome": 5.523848091492876
                },
                "metadata": {
                    "trials": 1
                }
            },
            {
                "query": {
                    "x1": -2.1407648091737634,
                    "x2": 9.757582622477393
                },
                "metrics": {
                    "outcome": 4.877011215613579
                },
                "metadata": {
                    "trials": 1
                }
            },
            {
                "query": {
                    "x1": -2.036039692991938,
                    "x2": 9.76442239488807
                },
                "metrics": {
                    "outcome": 5.692238901670393
                },
                "metadata": {
                    "trials": 1
                }
            }
        ],
        [
            {
                "query": {
                    "x1": -4.554747326078845,
                    "x2": 9.521611811409677
                },
                "metrics": {
                    "outcome": 49.548878362720295
                },
                "metadata": {
                    "trials": 1
                }
            },
            {
                "query": {
                    "x1": -4.574802601747987,
                    "x2": 9.521045920084331
                },
                "metrics": {
                    "outcome": 50.461915753816434
                },
                "metadata": {
                    "trials": 1
                }
            },
            {
                "query": {
                    "x1": -4.534738952374261,
                    "x2": 9.52216880481691
                },
                "metrics": {
                    "outcome": 48.646272887341205
                },
                "metadata": {
                    "trials": 1
                }
            },
            {
                "query": {
                    "x1": -4.545286592303385,
                    "x2": 9.505741095059383
                },
                "metrics": {
                    "outcome": 49.327234387215235
                },
                "metadata": {
                    "trials": 1
                }
            },
            {
                "query": {
                    "x1": -4.546156525245238,
                    "x2": 9.537937593906957
                },
                "metrics": {
                    "outcome": 48.95521031084256
                },
                "metadata": {
                    "trials": 1
                }
            },
            {
                "query": {
                    "x1": -4.565336559789583,
                    "x2": 9.505029814153703
                },
                "metrics": {
                    "outcome": 50.23984143803286
                },
                "metadata": {
                    "trials": 1
                }
            }
        ],
        [
            {
                "query": {
                    "x1": -5.0,
                    "x2": 0.0
                },
                "metrics": {
                    "outcome": 308.12909601160663
                },
                "metadata": {
                    "trials": 1
                }
            },
            {
                "query": {
                    "x1": -5.0,
                    "x2": 0.03380917172195375
                },
                "metrics": {
                    "outcome": 306.9680582682234
                },
                "metadata": {
                    "trials": 1
                }
            },
            {
                "query": {
                    "x1": -5.0,
                    "x2": 0.06758507843164055
                },
                "metrics": {
                    "outcome": 305.8104456229562
                },
                "metadata": {
                    "trials": 1
                }
            },
            {
                "query": {
                    "x1": -4.967596654701237,
                    "x2": 0.0
                },
                "metrics": {
                    "outcome": 304.63103887061965
                },
                "metadata": {
                    "trials": 1
                }
            },
            {
                "query": {
                    "x1": -5.0,
                    "x2": 0.1013272932735094
                },
                "metrics": {
                    "outcome": 304.65626592100534
                },
                "metadata": {
                    "trials": 1
                }
            },
            {
                "query": {
                    "x1": -4.96762685300053,
                    "x2": 0.03372665972121481
                },
                "metrics": {
                    "outcome": 303.48236797572486
                },
                "metadata": {
                    "trials": 1
                }
            }
        ],
        [
            {
                "query": {
                    "x1": 3.132912905195848,
                    "x2": 0.0003761364690714822
                },
                "metrics": {
                    "outcome": 5.6030467798604215
                },
                "metadata": {
                    "trials": 1
                }
            },
            {
                "query": {
                    "x1": 3.1433409519924744,
                    "x2": 0.0003753959991810863
                },
                "metrics": {
                    "outcome": 5.565620208153589
                },
                "metadata": {
                    "trials": 1
                }
            },
            {
                "query": {
                    "x1": 3.122494206802008,
                    "x2": 0.00037503783198110065
                },
                "metrics": {
                    "outcome": 5.641751795415187
                },
                "metadata": {
                    "trials": 1
                }
            },
            {
                "query": {
                    "x1": 3.128003028692106,
                    "x2": 0.009359806809228927
                },
                "metrics": {
                    "outcome": 5.5801428906313495
                },
                "metadata": {
                    "trials": 1
                }
            },
            {
                "query": {
                    "x1": 3.112322626727808,
                    "x2": 0.0003750486952559363
                },
                "metrics": {
                    "outcome": 5.680792028750135
                },
                "metadata": {
                    "trials": 1
                }
            },
            {
                "query": {
                    "x1": 3.1384224596407115,
                    "x2": 0.009344084755851387
                },
                "metrics": {
                    "outcome": 5.542347121842353
                },
                "metadata": {
                    "trials": 1
                }
            }
        ],
        [
            {
                "query": {
                    "x1": 3.177914706208126,
                    "x2": 3.0927966483207503
                },
                "metrics": {
                    "outcome": 1.119855954797611
                },
                "metadata": {
                    "trials": 1
                }
            },
            {
                "query": {
                    "x1": 3.177880977843131,
                    "x2": 3.0987658423350966
                },
                "metrics": {
                    "outcome": 1.1299348604961708
                },
                "metadata": {
                    "trials": 1
                }
            },
            {
                "query": {
                    "x1": 3.173985741496667,
                    "x2": 3.0957331649975286
                },
                "metrics": {
                    "outcome": 1.1184032856858632
                },
                "metadata": {
                    "trials": 1
                }
            },
            {
                "query": {
                    "x1": 3.177848614442933,
                    "x2": 3.1044937922010405
                },
                "metrics": {
                    "outcome": 1.139672860022241
                },
                "metadata": {
                    "trials": 1
                }
            },
            {
                "query": {
                    "x1": 3.177817181257007,
                    "x2": 3.1100809481532696
                },
                "metrics": {
                    "outcome": 1.149234403283673
                },
                "metadata": {
                    "trials": 1
                }
            },
            {
                "query": {
                    "x1": 3.177786433102586,
                    "x2": 3.115568764410879
                },
                "metrics": {
                    "outcome": 1.1586864153289653
                },
                "metadata": {
                    "trials": 1
                }
            }
        ],
        [
            {
                "query": {
                    "x1": 9.334411254976901,
                    "x2": 0.9492080030600607
                },
                "metrics": {
                    "outcome": 2.5413672168719543
                },
                "metadata": {
                    "trials": 1
                }
            },
            {
                "query": {
                    "x1": 9.334529974915261,
                    "x2": 0.9432542491322871
                },
                "metrics": {
                    "outcome": 2.558856805161261
                },
                "metadata": {
                    "trials": 1
                }
            },
            {
                "query": {
                    "x1": 9.334293189394963,
                    "x2": 0.9551597324930755
                },
                "metrics": {
                    "outcome": 2.523957837949947
                },
                "metadata": {
                    "trials": 1
                }
            },
            {
                "query": {
                    "x1": 9.334644597143082,
                    "x2": 0.9375061034250466
                },
                "metrics": {
                    "outcome": 2.5758120280002963
                },
                "metadata": {
                    "trials": 1
                }
            },
            {
                "query": {
                    "x1": 9.334180144706023,
                    "x2": 0.9608826486171869
                },
                "metrics": {
                    "outcome": 2.5072876186698627
                },
                "metadata": {
                    "trials": 1
                }
            },
            {
                "query": {
                    "x1": 9.334757527806808,
                    "x2": 0.931876722401539
                },
                "metrics": {
                    "outcome": 2.592484270277616
                },
                "metadata": {
                    "trials": 1
                }
            }
        ],
        [
            {
                "query": {
                    "x1": 9.247476898504148,
                    "x2": 2.464812560255055
                },
                "metrics": {
                    "outcome": 0.5667252720738283
                },
                "metadata": {
                    "trials": 1
                }
            },
            {
                "query": {
                    "x1": 9.24763623653763,
                    "x2": 2.460894562090998
                },
                "metrics": {
                    "outcome": 0.5653772296332988
                },
                "metadata": {
                    "trials": 1
                }
            },
            {
                "query": {
                    "x1": 9.247314607859972,
                    "x2": 2.468731195073378
                },
                "metrics": {
                    "outcome": 0.5681121172084165
                },
                "metadata": {
                    "trials": 1
                }
            },
            {
                "query": {
                    "x1": 9.247156502853265,
                    "x2": 2.472479789867109
                },
                "metrics": {
                    "outcome": 0.5694751854093099
                },
                "metadata": {
                    "trials": 1
                }
            },
            {
                "query": {
                    "x1": 9.247785114994509,
                    "x2": 2.457161262640477
                },
                "metrics": {
                    "outcome": 0.5641289888407002
                },
                "metadata": {
                    "trials": 1
                }
            },
            {
                "query": {
                    "x1": 9.247926750904563,
                    "x2": 2.453540002492235
                },
                "metrics": {
                    "outcome": 0.562951996525598
                },
                "metadata": {
                    "trials": 1
                }
            }
        ],
        [
            {
                "query": {
                    "x1": 9.408282885073755,
                    "x2": 2.6007501824098287
                },
                "metrics": {
                    "outcome": 0.41868988738767854
                },
                "metadata": {
                    "trials": 1
                }
            },
            {
                "query": {
                    "x1": 9.421407375680742,
                    "x2": 2.580144355797628
                },
                "metrics": {
                    "outcome": 0.40960288831906233
                },
                "metadata": {
                    "trials": 1
                }
            },
            {
                "query": {
                    "x1": 9.40246869950278,
                    "x2": 2.6140168593295523
                },
                "metrics": {
                    "outcome": 0.4251684158669491
                },
                "metadata": {
                    "trials": 1
                }
            },
            {
                "query": {
                    "x1": 9.410112584484482,
                    "x2": 2.605243366332932
                },
                "metrics": {
                    "outcome": 0.4192507248086361
                },
                "metadata": {
                    "trials": 1
                }
            },
            {
                "query": {
                    "x1": 9.399172359159692,
                    "x2": 2.62173918411104
                },
                "metrics": {
                    "outcome": 0.42934417373366074
                },
                "metadata": {
                    "trials": 1
                }
            },
            {
                "query": {
                    "x1": 9.430785141689467,
                    "x2": 2.6136878626311573
                },
                "metrics": {
                    "outcome": 0.41591384903491324
                },
                "metadata": {
                    "trials": 1
                }
            }
        ],
        [
            {
                "query": {
                    "x1": 5.695490066044112,
                    "x2": 14.999614404292814
                },
                "metrics": {
                    "outcome": 210.47070795573586
                },
                "metadata": {
                    "trials": 1
                }
            },
            {
                "query": {
                    "x1": 5.692613487034626,
                    "x2": 14.989626576337086
                },
                "metrics": {
                    "outcome": 210.16872228271754
                },
                "metadata": {
                    "trials": 1
                }
            },
            {
                "query": {
                    "x1": 5.70586159190618,
                    "x2": 14.999621455381668
                },
                "metrics": {
                    "outcome": 210.5598422868786
                },
                "metadata": {
                    "trials": 1
                }
            },
            {
                "query": {
                    "x1": 5.703039398066686,
                    "x2": 14.989542647442285
                },
                "metrics": {
                    "outcome": 210.25622529352648
                },
                "metadata": {
                    "trials": 1
                }
            },
            {
                "query": {
                    "x1": 5.6961425606570195,
                    "x2": 14.979385013606729
                },
                "metrics": {
                    "outcome": 209.91544426973212
                },
                "metadata": {
                    "trials": 1
                }
            },
            {
                "query": {
                    "x1": 5.693934782259442,
                    "x2": 14.96913524110694
                },
                "metrics": {
                    "outcome": 209.61245315386233
                },
                "metadata": {
                    "trials": 1
                }
            }
        ],
        [
            {
                "query": {
                    "x1": 1.1213676487965323,
                    "x2": 14.999623828170098
                },
                "metrics": {
                    "outcome": 126.99621221439624
                },
                "metadata": {
                    "trials": 1
                }
            },
            {
                "query": {
                    "x1": 1.1420772788185243,
                    "x2": 14.999624606945355
                },
                "metrics": {
                    "outcome": 127.38852306069201
                },
                "metadata": {
                    "trials": 1
                }
            },
            {
                "query": {
                    "x1": 1.1006729315914532,
                    "x2": 14.999623826571066
                },
                "metrics": {
                    "outcome": 126.60151387864902
                },
                "metadata": {
                    "trials": 1
                }
            },
            {
                "query": {
                    "x1": 1.1116534573694299,
                    "x2": 14.981586758444614
                },
                "metrics": {
                    "outcome": 126.42888351511488
                },
                "metadata": {
                    "trials": 1
                }
            },
            {
                "query": {
                    "x1": 1.1325486732744245,
                    "x2": 14.979599229168521
                },
                "metrics": {
                    "outcome": 126.7827606579227
                },
                "metadata": {
                    "trials": 1
                }
            },
            {
                "query": {
                    "x1": 1.0803871203215243,
                    "x2": 14.999624718001
                },
                "metrics": {
                    "outcome": 126.21197048838633
                },
                "metadata": {
                    "trials": 1
                }
            }
        ],
        [
            {
                "query": {
                    "x1": 10.0,
                    "x2": 15.0
                },
                "metrics": {
                    "outcome": 145.87219087939556
                },
                "metadata": {
                    "trials": 1
                }
            },
            {
                "query": {
                    "x1": 10.0,
                    "x2": 14.985358858266821
                },
                "metrics": {
                    "outcome": 145.52110441698233
                },
                "metadata": {
                    "trials": 1
                }
            },
            {
                "query": {
                    "x1": 10.0,
                    "x2": 14.97072278656399
                },
                "metrics": {
                    "outcome": 145.17056803448136
                },
                "metadata": {
                    "trials": 1
                }
            },
            {
                "query": {
                    "x1": 10.0,
                    "x2": 14.956092648384988
                },
                "metrics": {
                    "outcome": 144.82060192957007
                },
                "metadata": {
                    "trials": 1
                }
            },
            {
                "query": {
                    "x1": 9.999749995519933,
                    "x2": 14.941536071544002
                },
                "metrics": {
                    "outcome": 144.47743697775587
                },
                "metadata": {
                    "trials": 1
                }
            },
            {
                "query": {
                    "x1": 10.0,
                    "x2": 14.926915460248297
                },
                "metrics": {
                    "outcome": 144.12393543956716
                },
                "metadata": {
                    "trials": 1
                }
            }
        ]
    ],
    "best_results": [
        {
            "query": {
                "x1": 9.421407375680742,
                "x2": 2.580144355797628
            },
            "metrics": [
                {
                    "name": "outcome",
                    "value": 0.40960288831906233
                }
            ]
        }
    ]
}