{
    "date": "06/11/2022 15:29:33",
    "basic_params": {
        "active_variables": [
            "x1",
            "x2"
        ],
        "default_query": {},
        "metric": "basic",
        "n_trials": 1
    },
    "objective_function": {
        "name": "McCormick",
        "params": {}
    },
    "optimizer": {
        "name": "GO-BBO-LP",
        "params": {
            "maximize": false,
            "domain": [
                {
                    "name": "x1",
                    "type": "continuous",
                    "domain": [
                        -1.5,
                        4.0
                    ]
                },
                {
                    "name": "x2",
                    "type": "continuous",
                    "domain": [
                        -3.0,
                        4.0
                    ]
                }
            ],
            "initial_design_numdata": 15,
            "num_iters": 45,
            "batch_size": 3,
            "model_update_interval": 5
        }
    },
    "best_results": [
        {
            "query": {
                "x1": -0.5435293162892267,
                "x2": -1.5479443694251371
            },
            "metrics": [
                {
                    "name": "outcome",
                    "value": -1.9131997645888341
                }
            ]
        }
    ],
    "iterations": [
        [
            {
                "query": {
                    "x1": 1.25,
                    "x2": 0.9666666666666668
                },
                "metrics": {
                    "outcome": 2.420520661825952
                },
                "metadata": {
                    "trials": 1
                }
            }
        ],
        [
            {
                "query": {
                    "x1": 0.1499999999999999,
                    "x2": 3.7666666666666666
                },
                "metrics": {
                    "outcome": 22.572175494515477
                },
                "metadata": {
                    "trials": 1
                }
            }
        ],
        [
            {
                "query": {
                    "x1": 3.8166666666666664,
                    "x2": 0.033333333333333215
                },
                "metrics": {
                    "outcome": 9.021319307379276
                },
                "metadata": {
                    "trials": 1
                }
            }
        ],
        [
            {
                "query": {
                    "x1": 2.716666666666667,
                    "x2": 0.5
                },
                "metrics": {
                    "outcome": 3.0136075990310145
                },
                "metadata": {
                    "trials": 1
                }
            }
        ],
        [
            {
                "query": {
                    "x1": 3.45,
                    "x2": -1.8333333333333333
                },
                "metrics": {
                    "outcome": 20.154225918190974
                },
                "metadata": {
                    "trials": 1
                }
            }
        ],
        [
            {
                "query": {
                    "x1": -1.3166666666666667,
                    "x2": -0.8999999999999999
                },
                "metrics": {
                    "outcome": 0.10003489372960406
                },
                "metadata": {
                    "trials": 1
                }
            }
        ],
        [
            {
                "query": {
                    "x1": 3.083333333333334,
                    "x2": -2.3
                },
                "metrics": {
                    "outcome": 20.310922997278947
                },
                "metadata": {
                    "trials": 1
                }
            }
        ],
        [
            {
                "query": {
                    "x1": 0.8833333333333333,
                    "x2": 1.8999999999999995
                },
                "metrics": {
                    "outcome": 5.809255714876529
                },
                "metadata": {
                    "trials": 1
                }
            }
        ],
        [
            {
                "query": {
                    "x1": -0.5833333333333333,
                    "x2": -0.4333333333333331
                },
                "metrics": {
                    "outcome": -0.036192071413437166
                },
                "metadata": {
                    "trials": 1
                }
            }
        ],
        [
            {
                "query": {
                    "x1": -0.21666666666666656,
                    "x2": 2.833333333333334
                },
                "metrics": {
                    "outcome": 18.211982291346978
                },
                "metadata": {
                    "trials": 1
                }
            }
        ],
        [
            {
                "query": {
                    "x1": 1.6166666666666667,
                    "x2": -2.7666666666666666
                },
                "metrics": {
                    "outcome": 9.959180504183918
                },
                "metadata": {
                    "trials": 1
                }
            }
        ],
        [
            {
                "query": {
                    "x1": -0.95,
                    "x2": 1.4333333333333336
                },
                "metrics": {
                    "outcome": 12.15334436548243
                },
                "metadata": {
                    "trials": 1
                }
            }
        ],
        [
            {
                "query": {
                    "x1": 0.5166666666666666,
                    "x2": 2.3666666666666663
                },
                "metrics": {
                    "outcome": 9.819564654476446
                },
                "metadata": {
                    "trials": 1
                }
            }
        ],
        [
            {
                "query": {
                    "x1": 2.3499999999999996,
                    "x2": 3.3
                },
                "metrics": {
                    "outcome": 6.035784419368991
                },
                "metadata": {
                    "trials": 1
                }
            }
        ],
        [
            {
                "query": {
                    "x1": 1.9833333333333334,
                    "x2": -1.3666666666666667
                },
                "metrics": {
                    "outcome": 6.4091523427355765
                },
                "metadata": {
                    "trials": 1
                }
            }
        ],
        [
            {
                "query": {
                    "x1": -1.5,
                    "x2": -3.0
                },
                "metrics": {
                    "outcome": -1.022469882334903
                },
                "metadata": {
                    "trials": 1
                }
            },
            {
                "query": {
                    "x1": -1.5,
                    "x2": 4.0
                },
                "metrics": {
                    "outcome": 44.09847214410396
                },
                "metadata": {
                    "trials": 1
                }
            },
            {
                "query": {
                    "x1": 3.954240459126502,
                    "x2": -2.946229325188674
                },
                "metrics": {
                    "outcome": 36.16532161330366
                },
                "metadata": {
                    "trials": 1
                }
            }
        ],
        [
            {
                "query": {
                    "x1": -1.5,
                    "x2": -3.0
                },
                "metrics": {
                    "outcome": -1.022469882334903
                },
                "metadata": {
                    "trials": 1
                }
            },
            {
                "query": {
                    "x1": -1.5,
                    "x2": 4.0
                },
                "metrics": {
                    "outcome": 44.09847214410396
                },
                "metadata": {
                    "trials": 1
                }
            },
            {
                "query": {
                    "x1": 3.9001475840900146,
                    "x2": -2.9989423540224482
                },
                "metrics": {
                    "outcome": 36.033940236521396
                },
                "metadata": {
                    "trials": 1
                }
            }
        ],
        [
            {
                "query": {
                    "x1": -1.5,
                    "x2": -3.0
                },
                "metrics": {
                    "outcome": -1.022469882334903
                },
                "metadata": {
                    "trials": 1
                }
            },
            {
                "query": {
                    "x1": -1.5,
                    "x2": 4.0
                },
                "metrics": {
                    "outcome": 44.09847214410396
                },
                "metadata": {
                    "trials": 1
                }
            },
            {
                "query": {
                    "x1": 3.9132724004321173,
                    "x2": -2.9638311209572636
                },
                "metrics": {
                    "outcome": 35.828156820428575
                },
                "metadata": {
                    "trials": 1
                }
            }
        ],
        [
            {
                "query": {
                    "x1": -1.5,
                    "x2": -3.0
                },
                "metrics": {
                    "outcome": -1.022469882334903
                },
                "metadata": {
                    "trials": 1
                }
            },
            {
                "query": {
                    "x1": -1.5,
                    "x2": 4.0
                },
                "metrics": {
                    "outcome": 44.09847214410396
                },
                "metadata": {
                    "trials": 1
                }
            },
            {
                "query": {
                    "x1": 3.8802438529789915,
                    "x2": -2.7955465097801704
                },
                "metrics": {
                    "outcome": 33.64110697322183
                },
                "metadata": {
                    "trials": 1
                }
            }
        ],
        [
            {
                "query": {
                    "x1": -1.5,
                    "x2": -3.0
                },
                "metrics": {
                    "outcome": -1.022469882334903
                },
                "metadata": {
                    "trials": 1
                }
            },
            {
                "query": {
                    "x1": -1.5,
                    "x2": 4.0
                },
                "metrics": {
                    "outcome": 44.09847214410396
                },
                "metadata": {
                    "trials": 1
                }
            },
            {
                "query": {
                    "x1": 3.9550074723356046,
                    "x2": -2.8469515934626646
                },
                "metrics": {
                    "outcome": 35.11158945831676
                },
                "metadata": {
                    "trials": 1
                }
            }
        ],
        [
            {
                "query": {
                    "x1": -0.8100486276022386,
                    "x2": -1.99964117977059
                },
                "metrics": {
                    "outcome": -1.6947421816005281
                },
                "metadata": {
                    "trials": 1
                }
            },
            {
                "query": {
                    "x1": -0.7517153662943171,
                    "x2": -1.9600306585276535
                },
                "metrics": {
                    "outcome": -1.7292091397624767
                },
                "metadata": {
                    "trials": 1
                }
            },
            {
                "query": {
                    "x1": -0.7770951777941484,
                    "x2": -1.902554071261601
                },
                "metrics": {
                    "outcome": -1.7697733505775517
                },
                "metadata": {
                    "trials": 1
                }
            }
        ],
        [
            {
                "query": {
                    "x1": -0.7507357151266054,
                    "x2": -1.8653877408429063
                },
                "metrics": {
                    "outcome": -1.7965355984068672
                },
                "metadata": {
                    "trials": 1
                }
            },
            {
                "query": {
                    "x1": -0.6828930942187426,
                    "x2": -1.8739231558711535
                },
                "metrics": {
                    "outcome": -1.793928594013594
                },
                "metadata": {
                    "trials": 1
                }
            },
            {
                "query": {
                    "x1": -0.8323958942559511,
                    "x2": -2.0357233887584543
                },
                "metrics": {
                    "outcome": -1.6627949259544428
                },
                "metadata": {
                    "trials": 1
                }
            }
        ],
        [
            {
                "query": {
                    "x1": -0.8009186410278193,
                    "x2": -2.0095043789330584
                },
                "metrics": {
                    "outcome": -1.6868528293525635
                },
                "metadata": {
                    "trials": 1
                }
            },
            {
                "query": {
                    "x1": -0.7692562186791111,
                    "x2": -1.9360964371970293
                },
                "metrics": {
                    "outcome": -1.7473752633013877
                },
                "metadata": {
                    "trials": 1
                }
            },
            {
                "query": {
                    "x1": -0.8644485499855985,
                    "x2": -2.0558968978885885
                },
                "metrics": {
                    "outcome": -1.642966851933802
                },
                "metadata": {
                    "trials": 1
                }
            }
        ],
        [
            {
                "query": {
                    "x1": -0.7794416759129597,
                    "x2": -1.9747049045718947
                },
                "metrics": {
                    "outcome": -1.716770589446801
                },
                "metadata": {
                    "trials": 1
                }
            },
            {
                "query": {
                    "x1": -0.7741235421007804,
                    "x2": -1.9041863363951617
                },
                "metrics": {
                    "outcome": -1.7691258571660167
                },
                "metadata": {
                    "trials": 1
                }
            },
            {
                "query": {
                    "x1": -0.833519797793966,
                    "x2": -2.015125894830261
                },
                "metrics": {
                    "outcome": -1.6801169584589797
                },
                "metadata": {
                    "trials": 1
                }
            }
        ],
        [
            {
                "query": {
                    "x1": -0.8318411910112394,
                    "x2": -2.044692532219935
                },
                "metrics": {
                    "outcome": -1.654927309103138
                },
                "metadata": {
                    "trials": 1
                }
            },
            {
                "query": {
                    "x1": -0.7468960935567104,
                    "x2": -1.8858562845399203
                },
                "metrics": {
                    "outcome": -1.7842310299966648
                },
                "metadata": {
                    "trials": 1
                }
            },
            {
                "query": {
                    "x1": -0.7345127445104624,
                    "x2": -1.9322920311660075
                },
                "metrics": {
                    "outcome": -1.7514355398717019
                },
                "metadata": {
                    "trials": 1
                }
            }
        ],
        [
            {
                "query": {
                    "x1": -0.48758459109810115,
                    "x2": -1.5579126058312545
                },
                "metrics": {
                    "outcome": -1.907232054231343
                },
                "metadata": {
                    "trials": 1
                }
            },
            {
                "query": {
                    "x1": -0.5435293162892267,
                    "x2": -1.5479443694251371
                },
                "metrics": {
                    "outcome": -1.9131997645888341
                },
                "metadata": {
                    "trials": 1
                }
            },
            {
                "query": {
                    "x1": -0.3916561402890464,
                    "x2": -1.4875370503851713
                },
                "metrics": {
                    "outcome": -1.8832248428414848
                },
                "metadata": {
                    "trials": 1
                }
            }
        ],
        [
            {
                "query": {
                    "x1": -0.5091683928946911,
                    "x2": -1.428691633484372
                },
                "metrics": {
                    "outcome": -1.8958386408127348
                },
                "metadata": {
                    "trials": 1
                }
            },
            {
                "query": {
                    "x1": -0.5849541975099443,
                    "x2": -1.5499927220491505
                },
                "metrics": {
                    "outcome": -1.9112942367678838
                },
                "metadata": {
                    "trials": 1
                }
            },
            {
                "query": {
                    "x1": -0.5371029983636126,
                    "x2": -1.5407417958177008
                },
                "metrics": {
                    "outcome": -1.9130907313891803
                },
                "metadata": {
                    "trials": 1
                }
            }
        ],
        [
            {
                "query": {
                    "x1": -0.45286762890428145,
                    "x2": -1.5300989879089073
                },
                "metrics": {
                    "outcome": -1.9017721913514074
                },
                "metadata": {
                    "trials": 1
                }
            },
            {
                "query": {
                    "x1": -0.5200242654388131,
                    "x2": -1.384514406132169
                },
                "metrics": {
                    "outcome": -1.8787294547185631
                },
                "metadata": {
                    "trials": 1
                }
            },
            {
                "query": {
                    "x1": -0.6045958958795059,
                    "x2": -1.488302567973629
                },
                "metrics": {
                    "outcome": -1.8996978466696226
                },
                "metadata": {
                    "trials": 1
                }
            }
        ],
        [
            {
                "query": {
                    "x1": -0.600509304451144,
                    "x2": -1.519323448263032
                },
                "metrics": {
                    "outcome": -1.9063530071859547
                },
                "metadata": {
                    "trials": 1
                }
            },
            {
                "query": {
                    "x1": -0.46542768364687737,
                    "x2": -1.343332267520191
                },
                "metrics": {
                    "outcome": -1.8612926973130541
                },
                "metadata": {
                    "trials": 1
                }
            },
            {
                "query": {
                    "x1": -0.6380627132679719,
                    "x2": -1.5190534051456361
                },
                "metrics": {
                    "outcome": -1.897377415668442
                },
                "metadata": {
                    "trials": 1
                }
            }
        ],
        [
            {
                "query": {
                    "x1": -0.5522857197079154,
                    "x2": -1.4449211050076465
                },
                "metrics": {
                    "outcome": -1.8975325011519963
                },
                "metadata": {
                    "trials": 1
                }
            },
            {
                "query": {
                    "x1": -0.5025640734425404,
                    "x2": -1.5054059001901843
                },
                "metrics": {
                    "outcome": -1.909928814109386
                },
                "metadata": {
                    "trials": 1
                }
            },
            {
                "query": {
                    "x1": -0.4818014585538557,
                    "x2": -1.417145029785689
                },
                "metrics": {
                    "outcome": -1.891932942198577
                },
                "metadata": {
                    "trials": 1
                }
            }
        ],
        [
            {
                "query": {
                    "x1": -0.48968119192166304,
                    "x2": -1.4111100527264209
                },
                "metrics": {
                    "outcome": -1.8902661887600178
                },
                "metadata": {
                    "trials": 1
                }
            },
            {
                "query": {
                    "x1": -0.44682201340573413,
                    "x2": -1.588202884003674
                },
                "metrics": {
                    "outcome": -1.8916911242741739
                },
                "metadata": {
                    "trials": 1
                }
            },
            {
                "query": {
                    "x1": -0.6098117467005972,
                    "x2": -1.6012650400600217
                },
                "metrics": {
                    "outcome": -1.907393584113843
                },
                "metadata": {
                    "trials": 1
                }
            }
        ],
        [
            {
                "query": {
                    "x1": -0.5235327208751127,
                    "x2": -1.595875905334093
                },
                "metrics": {
                    "outcome": -1.9077198111087563
                },
                "metadata": {
                    "trials": 1
                }
            },
            {
                "query": {
                    "x1": -0.6619125189040258,
                    "x2": -1.5684326675477491
                },
                "metrics": {
                    "outcome": -1.8967028634586378
                },
                "metadata": {
                    "trials": 1
                }
            },
            {
                "query": {
                    "x1": -0.5672419837806584,
                    "x2": -1.592308990319932
                },
                "metrics": {
                    "outcome": -1.9107800324991642
                },
                "metadata": {
                    "trials": 1
                }
            }
        ],
        [
            {
                "query": {
                    "x1": -0.48725043193676154,
                    "x2": -1.4436872901879845
                },
                "metrics": {
                    "outcome": -1.8994181181345144
                },
                "metadata": {
                    "trials": 1
                }
            },
            {
                "query": {
                    "x1": -0.5661038503140623,
                    "x2": -1.6132529761079217
                },
                "metrics": {
                    "outcome": -1.9079271844096781
                },
                "metadata": {
                    "trials": 1
                }
            },
            {
                "query": {
                    "x1": -0.6311895548298156,
                    "x2": -1.5173145334362117
                },
                "metrics": {
                    "outcome": -1.8990011764974497
                },
                "metadata": {
                    "trials": 1
                }
            }
        ],
        [
            {
                "query": {
                    "x1": -0.5481880736517328,
                    "x2": -1.4162620869520028
                },
                "metrics": {
                    "outcome": -1.8883343580055119
                },
                "metadata": {
                    "trials": 1
                }
            },
            {
                "query": {
                    "x1": -0.6212492828492685,
                    "x2": -1.5114370409152464
                },
                "metrics": {
                    "outcome": -1.9005340914757296
                },
                "metadata": {
                    "trials": 1
                }
            },
            {
                "query": {
                    "x1": -0.4754774660920928,
                    "x2": -1.6003441122079138
                },
                "metrics": {
                    "outcome": -1.8974813671189183
                },
                "metadata": {
                    "trials": 1
                }
            }
        ],
        [
            {
                "query": {
                    "x1": -0.626747978902517,
                    "x2": -1.5536788750048345
                },
                "metrics": {
                    "outcome": -1.9047339538994303
                },
                "metadata": {
                    "trials": 1
                }
            },
            {
                "query": {
                    "x1": -0.5967705939856013,
                    "x2": -1.576250301344416
                },
                "metrics": {
                    "outcome": -1.9101668531502303
                },
                "metadata": {
                    "trials": 1
                }
            },
            {
                "query": {
                    "x1": -0.5682778482431476,
                    "x2": -1.6732854983248797
                },
                "metrics": {
                    "outcome": -1.8931001935362763
                },
                "metadata": {
                    "trials": 1
                }
            }
        ],
        [
            {
                "query": {
                    "x1": -0.5466394502742645,
                    "x2": -1.6682519162897116
                },
                "metrics": {
                    "outcome": -1.8922995917255063
                },
                "metadata": {
                    "trials": 1
                }
            },
            {
                "query": {
                    "x1": -0.5302851818863199,
                    "x2": -1.5130801891164594
                },
                "metrics": {
                    "outcome": -1.911788536143609
                },
                "metadata": {
                    "trials": 1
                }
            },
            {
                "query": {
                    "x1": -0.6249824208946017,
                    "x2": -1.5001267690239328
                },
                "metrics": {
                    "outcome": -1.8972279829266272
                },
                "metadata": {
                    "trials": 1
                }
            }
        ],
        [
            {
                "query": {
                    "x1": -0.5363942747713919,
                    "x2": -1.4699362156035116
                },
                "metrics": {
                    "outcome": -1.905393382401543
                },
                "metadata": {
                    "trials": 1
                }
            },
            {
                "query": {
                    "x1": -0.43530714110967794,
                    "x2": -1.3461029671808122
                },
                "metrics": {
                    "outcome": -1.8606504511763222
                },
                "metadata": {
                    "trials": 1
                }
            },
            {
                "query": {
                    "x1": -0.3388464568081895,
                    "x2": -1.4199992966483053
                },
                "metrics": {
                    "outcome": -1.8552078431900516
                },
                "metadata": {
                    "trials": 1
                }
            }
        ],
        [
            {
                "query": {
                    "x1": -0.5965988275125991,
                    "x2": -1.5905042453408504
                },
                "metrics": {
                    "outcome": -1.9095332039802728
                },
                "metadata": {
                    "trials": 1
                }
            },
            {
                "query": {
                    "x1": -0.4262149684696177,
                    "x2": -1.5068013607780526
                },
                "metrics": {
                    "outcome": -1.895126466415836
                },
                "metadata": {
                    "trials": 1
                }
            },
            {
                "query": {
                    "x1": -0.38715802267362354,
                    "x2": -1.3736547874456488
                },
                "metrics": {
                    "outcome": -1.8622251896594522
                },
                "metadata": {
                    "trials": 1
                }
            }
        ],
        [
            {
                "query": {
                    "x1": -0.5434680348390888,
                    "x2": -1.6190242265433767
                },
                "metrics": {
                    "outcome": -1.905533325263851
                },
                "metadata": {
                    "trials": 1
                }
            },
            {
                "query": {
                    "x1": -0.5697986029432586,
                    "x2": -1.6359018218994539
                },
                "metrics": {
                    "outcome": -1.903609156517783
                },
                "metadata": {
                    "trials": 1
                }
            },
            {
                "query": {
                    "x1": -0.49664278202918233,
                    "x2": -1.607342709932284
                },
                "metrics": {
                    "outcome": -1.9009287281640281
                },
                "metadata": {
                    "trials": 1
                }
            }
        ],
        [
            {
                "query": {
                    "x1": -0.6164327211120207,
                    "x2": -1.71195419009074
                },
                "metrics": {
                    "outcome": -1.881562907833763
                },
                "metadata": {
                    "trials": 1
                }
            },
            {
                "query": {
                    "x1": -0.5135315597519879,
                    "x2": -1.4878739544240873
                },
                "metrics": {
                    "outcome": -1.9087560729722455
                },
                "metadata": {
                    "trials": 1
                }
            },
            {
                "query": {
                    "x1": -0.5696966739261212,
                    "x2": -1.622416230772793
                },
                "metrics": {
                    "outcome": -1.9063898741259098
                },
                "metadata": {
                    "trials": 1
                }
            }
        ],
        [
            {
                "query": {
                    "x1": -0.5791893864801687,
                    "x2": -1.4997108694797268
                },
                "metrics": {
                    "outcome": -1.906801850251918
                },
                "metadata": {
                    "trials": 1
                }
            },
            {
                "query": {
                    "x1": -0.4170455344138648,
                    "x2": -1.5632276907250473
                },
                "metrics": {
                    "outcome": -1.886096600273992
                },
                "metadata": {
                    "trials": 1
                }
            },
            {
                "query": {
                    "x1": -0.49888457222226323,
                    "x2": -1.4976292272120364
                },
                "metrics": {
                    "outcome": -1.9089979934395886
                },
                "metadata": {
                    "trials": 1
                }
            }
        ],
        [
            {
                "query": {
                    "x1": -0.6023383923074569,
                    "x2": -1.5061756881979176
                },
                "metrics": {
                    "outcome": -1.9038896061450994
                },
                "metadata": {
                    "trials": 1
                }
            },
            {
                "query": {
                    "x1": -0.5019306870567163,
                    "x2": -1.3857153366092438
                },
                "metrics": {
                    "outcome": -1.880538690320063
                },
                "metadata": {
                    "trials": 1
                }
            },
            {
                "query": {
                    "x1": -0.5553631158819989,
                    "x2": -1.5019492311258273
                },
                "metrics": {
                    "outcome": -1.9097702818704003
                },
                "metadata": {
                    "trials": 1
                }
            }
        ],
        [
            {
                "query": {
                    "x1": -0.5404064103478657,
                    "x2": -1.494123031860687
                },
                "metrics": {
                    "outcome": -1.9095115180799884
                },
                "metadata": {
                    "trials": 1
                }
            },
            {
                "query": {
                    "x1": -0.5061585548006571,
                    "x2": -1.548516768468036
                },
                "metrics": {
                    "outcome": -1.910740457720367
                },
                "metadata": {
                    "trials": 1
                }
            },
            {
                "query": {
                    "x1": -0.5274866629938626,
                    "x2": -1.5653106643824617
                },
                "metrics": {
                    "outcome": -1.911791194128682
                },
                "metadata": {
                    "trials": 1
                }
            }
        ],
        [
            {
                "query": {
                    "x1": -0.6380231365450253,
                    "x2": -1.6384441909722038
                },
                "metrics": {
                    "outcome": -1.899410035644025
                },
                "metadata": {
                    "trials": 1
                }
            },
            {
                "query": {
                    "x1": -0.6961025103155256,
                    "x2": -1.637560114192574
                },
                "metrics": {
                    "outcome": -1.8862624820902818
                },
                "metadata": {
                    "trials": 1
                }
            },
            {
                "query": {
                    "x1": -0.6535256140006519,
                    "x2": -1.4937491197344321
                },
                "metrics": {
                    "outcome": -1.8864962152264964
                },
                "metadata": {
                    "trials": 1
                }
            }
        ],
        [
            {
                "query": {
                    "x1": -0.6192585527366687,
                    "x2": -1.5573257685229476
                },
                "metrics": {
                    "outcome": -1.9065101518200018
                },
                "metadata": {
                    "trials": 1
                }
            },
            {
                "query": {
                    "x1": -0.4839142349743679,
                    "x2": -1.5359174268634965
                },
                "metrics": {
                    "outcome": -1.9080777782798326
                },
                "metadata": {
                    "trials": 1
                }
            },
            {
                "query": {
                    "x1": -0.5199855868623161,
                    "x2": -1.5826564884973844
                },
                "metrics": {
                    "outcome": -1.909265909673807
                },
                "metadata": {
                    "trials": 1
                }
            }
        ],
        [
            {
                "query": {
                    "x1": -0.5731654907099061,
                    "x2": -1.594746688136928
                },
                "metrics": {
                    "outcome": -1.910451033727881
                },
                "metadata": {
                    "trials": 1
                }
            },
            {
                "query": {
                    "x1": -0.5822394585559889,
                    "x2": -1.6574929962427598
                },
                "metrics": {
                    "outcome": -1.8986850042489367
                },
                "metadata": {
                    "trials": 1
                }
            },
            {
                "query": {
                    "x1": -0.5894824233781912,
                    "x2": -1.5420449734532737
                },
                "metrics": {
                    "outcome": -1.9103799370818102
                },
                "metadata": {
                    "trials": 1
                }
            }
        ],
        [
            {
                "query": {
                    "x1": -0.6104001559676266,
                    "x2": -1.4672789894449543
                },
                "metrics": {
                    "outcome": -1.8926179064589692
                },
                "metadata": {
                    "trials": 1
                }
            },
            {
                "query": {
                    "x1": -0.5309158109060449,
                    "x2": -1.656276425007542
                },
                "metrics": {
                    "outcome": -1.893848104122073
                },
                "metadata": {
                    "trials": 1
                }
            },
            {
                "query": {
                    "x1": -0.3823295900539119,
                    "x2": -1.4087330780702283
                },
                "metrics": {
                    "outcome": -1.8706734810320813
                },
                "metadata": {
                    "trials": 1
                }
            }
        ],
        [
            {
                "query": {
                    "x1": -0.5597981684641227,
                    "x2": -1.5466680041440328
                },
                "metrics": {
                    "outcome": -1.912987606505185
                },
                "metadata": {
                    "trials": 1
                }
            },
            {
                "query": {
                    "x1": -0.6949278274214096,
                    "x2": -1.6731840864603837
                },
                "metrics": {
                    "outcome": -1.8822130433999344
                },
                "metadata": {
                    "trials": 1
                }
            },
            {
                "query": {
                    "x1": -0.5506523239975541,
                    "x2": -1.529330069194256
                },
                "metrics": {
                    "outcome": -1.9126781204220604
                },
                "metadata": {
                    "trials": 1
                }
            }
        ],
        [
            {
                "query": {
                    "x1": -0.5906733877746673,
                    "x2": -1.497116883618984
                },
                "metrics": {
                    "outcome": -1.904451221913007
                },
                "metadata": {
                    "trials": 1
                }
            },
            {
                "query": {
                    "x1": -0.6298928240298071,
                    "x2": -1.5627624233161967
                },
                "metrics": {
                    "outcome": -1.9046180858438504
                },
                "metadata": {
                    "trials": 1
                }
            },
            {
                "query": {
                    "x1": -0.47061359285431426,
                    "x2": -1.4827991775886429
                },
                "metrics": {
                    "outcome": -1.9042488622099785
                },
                "metadata": {
                    "trials": 1
                }
            }
        ],
        [
            {
                "query": {
                    "x1": -0.7600841933111575,
                    "x2": -1.6821498921288902
                },
                "metrics": {
                    "outcome": -1.858770248024456
                },
                "metadata": {
                    "trials": 1
                }
            },
            {
                "query": {
                    "x1": -0.418635210337168,
                    "x2": -1.465834527592854
                },
                "metrics": {
                    "outcome": -1.8912136346663138
                },
                "metadata": {
                    "trials": 1
                }
            },
            {
                "query": {
                    "x1": -0.44174077995119143,
                    "x2": -1.4558385597265877
                },
                "metrics": {
                    "outcome": -1.8956708111276042
                },
                "metadata": {
                    "trials": 1
                }
            }
        ],
        [
            {
                "query": {
                    "x1": -0.484502877982002,
                    "x2": -1.4636539888254179
                },
                "metrics": {
                    "outcome": -1.9032841865170886
                },
                "metadata": {
                    "trials": 1
                }
            },
            {
                "query": {
                    "x1": -0.585478369642725,
                    "x2": -1.5978650392043858
                },
                "metrics": {
                    "outcome": -1.9097044950541515
                },
                "metadata": {
                    "trials": 1
                }
            },
            {
                "query": {
                    "x1": -0.4126359869728252,
                    "x2": -1.4875841747365384
                },
                "metrics": {
                    "outcome": -1.8907217387758064
                },
                "metadata": {
                    "trials": 1
                }
            }
        ],
        [
            {
                "query": {
                    "x1": -0.4909305606518146,
                    "x2": -1.5128423315802548
                },
                "metrics": {
                    "outcome": -1.9091272020068732
                },
                "metadata": {
                    "trials": 1
                }
            },
            {
                "query": {
                    "x1": -0.5784005140277424,
                    "x2": -1.4871480744116043
                },
                "metrics": {
                    "outcome": -1.9045336528751684
                },
                "metadata": {
                    "trials": 1
                }
            },
            {
                "query": {
                    "x1": -0.38814795661124024,
                    "x2": -1.399520660523385
                },
                "metrics": {
                    "outcome": -1.8702802039034987
                },
                "metadata": {
                    "trials": 1
                }
            }
        ],
        [
            {
                "query": {
                    "x1": -0.6153883435866533,
                    "x2": -1.4304301962203707
                },
                "metrics": {
                    "outcome": -1.8779823161656437
                },
                "metadata": {
                    "trials": 1
                }
            },
            {
                "query": {
                    "x1": -0.6548223044105732,
                    "x2": -1.5246048814531212
                },
                "metrics": {
                    "outcome": -1.893188601344177
                },
                "metadata": {
                    "trials": 1
                }
            },
            {
                "query": {
                    "x1": -0.5472657192721871,
                    "x2": -1.5885109592645512
                },
                "metrics": {
                    "outcome": -1.9107862896948404
                },
                "metadata": {
                    "trials": 1
                }
            }
        ],
        [
            {
                "query": {
                    "x1": -0.48124548783370824,
                    "x2": -1.5085012755221228
                },
                "metrics": {
                    "outcome": -1.9076469114907928
                },
                "metadata": {
                    "trials": 1
                }
            },
            {
                "query": {
                    "x1": -0.5376171342457878,
                    "x2": -1.6233095106281292
                },
                "metrics": {
                    "outcome": -1.9039883072116766
                },
                "metadata": {
                    "trials": 1
                }
            },
            {
                "query": {
                    "x1": -0.538334838284396,
                    "x2": -1.583147781319469
                },
                "metrics": {
                    "outcome": -1.9108987147709904
                },
                "metadata": {
                    "trials": 1
                }
            }
        ],
        [
            {
                "query": {
                    "x1": -0.4694050069805369,
                    "x2": -1.6265643665032608
                },
                "metrics": {
                    "outcome": -1.8885228178726563
                },
                "metadata": {
                    "trials": 1
                }
            },
            {
                "query": {
                    "x1": -0.4918999055451361,
                    "x2": -1.6029055253532842
                },
                "metrics": {
                    "outcome": -1.9009006344516792
                },
                "metadata": {
                    "trials": 1
                }
            },
            {
                "query": {
                    "x1": -0.5426016445597854,
                    "x2": -1.501335858013823
                },
                "metrics": {
                    "outcome": -1.9104071827102183
                },
                "metadata": {
                    "trials": 1
                }
            }
        ],
        [
            {
                "query": {
                    "x1": -0.5749330821250377,
                    "x2": -1.4544503929304633
                },
                "metrics": {
                    "outcome": -1.896854494976707
                },
                "metadata": {
                    "trials": 1
                }
            },
            {
                "query": {
                    "x1": -0.6150093768864261,
                    "x2": -1.589023815135812
                },
                "metrics": {
                    "outcome": -1.9074576430847272
                },
                "metadata": {
                    "trials": 1
                }
            },
            {
                "query": {
                    "x1": -0.5021261951877944,
                    "x2": -1.5500408809472912
                },
                "metrics": {
                    "outcome": -1.9101488271223444
                },
                "metadata": {
                    "trials": 1
                }
            }
        ],
        [
            {
                "query": {
                    "x1": -0.6315623581002798,
                    "x2": -1.5765555577041503
                },
                "metrics": {
                    "outcome": -1.9047256235479932
                },
                "metadata": {
                    "trials": 1
                }
            },
            {
                "query": {
                    "x1": -0.6281233284126557,
                    "x2": -1.6349724528984555
                },
                "metrics": {
                    "outcome": -1.9012812691606036
                },
                "metadata": {
                    "trials": 1
                }
            },
            {
                "query": {
                    "x1": -0.5389937755949107,
                    "x2": -1.557462429035862
                },
                "metrics": {
                    "outcome": -1.9128800250517868
                },
                "metadata": {
                    "trials": 1
                }
            }
        ],
        [
            {
                "query": {
                    "x1": -0.4491272013937205,
                    "x2": -1.6009694315892726
                },
                "metrics": {
                    "outcome": -1.8893100632815725
                },
                "metadata": {
                    "trials": 1
                }
            },
            {
                "query": {
                    "x1": -0.5654118956338002,
                    "x2": -1.5751973239155959
                },
                "metrics": {
                    "outcome": -1.9122107846588348
                },
                "metadata": {
                    "trials": 1
                }
            },
            {
                "query": {
                    "x1": -0.5731288331964924,
                    "x2": -1.5065938449444007
                },
                "metrics": {
                    "outcome": -1.9087025697822257
                },
                "metadata": {
                    "trials": 1
                }
            }
        ],
        [
            {
                "query": {
                    "x1": -0.5732093477263924,
                    "x2": -1.6071104804987741
                },
                "metrics": {
                    "outcome": -1.9089315226189623
                },
                "metadata": {
                    "trials": 1
                }
            },
            {
                "query": {
                    "x1": -0.5291159116363617,
                    "x2": -1.4674022417270485
                },
                "metrics": {
                    "outcome": -1.9051913711720134
                },
                "metadata": {
                    "trials": 1
                }
            },
            {
                "query": {
                    "x1": -0.5545348056628935,
                    "x2": -1.5218768740825164
                },
                "metrics": {
                    "outcome": -1.912015895790251
                },
                "metadata": {
                    "trials": 1
                }
            }
        ],
        [
            {
                "query": {
                    "x1": -0.5673244265869088,
                    "x2": -1.4522083669562695
                },
                "metrics": {
                    "outcome": -1.8975106664197101
                },
                "metadata": {
                    "trials": 1
                }
            },
            {
                "query": {
                    "x1": -0.8113478560732891,
                    "x2": -1.7463621514432077
                },
                "metrics": {
                    "outcome": -1.8258993482982881
                },
                "metadata": {
                    "trials": 1
                }
            },
            {
                "query": {
                    "x1": -0.5005455292290875,
                    "x2": -1.5849926639101963
                },
                "metrics": {
                    "outcome": -1.9060576111364438
                },
                "metadata": {
                    "trials": 1
                }
            }
        ]
    ]
}