{
    "date": "06/11/2022 16:16:20",
    "basic_params": {
        "active_variables": [
            "x1",
            "x2"
        ],
        "default_query": {},
        "metric": "basic",
        "n_trials": 1
    },
    "objective_function": {
        "name": "Goldstein",
        "params": {}
    },
    "optimizer": {
        "name": "GO-BBO-LP",
        "params": {
            "maximize": false,
            "domain": [
                {
                    "name": "x1",
                    "type": "continuous",
                    "domain": [
                        -2.0,
                        2.0
                    ]
                },
                {
                    "name": "x2",
                    "type": "continuous",
                    "domain": [
                        -2.0,
                        2.0
                    ]
                }
            ],
            "initial_design_numdata": 15,
            "num_iters": 45,
            "batch_size": 3,
            "model_update_interval": 5
        }
    },
    "best_results": [
        {
            "query": {
                "x1": 0.22907081945987562,
                "x2": -0.9289276467217045
            },
            "metrics": [
                {
                    "name": "outcome",
                    "value": 20.363310628190725
                }
            ]
        }
    ],
    "iterations": [
        [
            {
                "query": {
                    "x1": -0.8,
                    "x2": 0.0
                },
                "metrics": {
                    "outcome": 368.48523264000005
                },
                "metadata": {
                    "trials": 1
                }
            }
        ],
        [
            {
                "query": {
                    "x1": -1.8666666666666667,
                    "x2": -1.8666666666666667
                },
                "metrics": {
                    "outcome": 21209.538017996398
                },
                "metadata": {
                    "trials": 1
                }
            }
        ],
        [
            {
                "query": {
                    "x1": 0.2666666666666666,
                    "x2": 1.8666666666666667
                },
                "metrics": {
                    "outcome": 129037.67661892479
                },
                "metadata": {
                    "trials": 1
                }
            }
        ],
        [
            {
                "query": {
                    "x1": -1.3333333333333333,
                    "x2": 0.7999999999999998
                },
                "metrics": {
                    "outcome": 31622.26064067949
                },
                "metadata": {
                    "trials": 1
                }
            }
        ],
        [
            {
                "query": {
                    "x1": 0.0,
                    "x2": -0.2666666666666666
                },
                "metrics": {
                    "outcome": 460.9948793362964
                },
                "metadata": {
                    "trials": 1
                }
            }
        ],
        [
            {
                "query": {
                    "x1": -0.5333333333333332,
                    "x2": -0.8
                },
                "metrics": {
                    "outcome": 193.8765432098765
                },
                "metadata": {
                    "trials": 1
                }
            }
        ],
        [
            {
                "query": {
                    "x1": 1.6,
                    "x2": -1.0666666666666667
                },
                "metrics": {
                    "outcome": 48380.86322327703
                },
                "metadata": {
                    "trials": 1
                }
            }
        ],
        [
            {
                "query": {
                    "x1": 1.8666666666666667,
                    "x2": 1.0666666666666664
                },
                "metrics": {
                    "outcome": 1942.0429635634566
                },
                "metadata": {
                    "trials": 1
                }
            }
        ],
        [
            {
                "query": {
                    "x1": -1.6,
                    "x2": -1.6
                },
                "metrics": {
                    "outcome": 13848.200048640017
                },
                "metadata": {
                    "trials": 1
                }
            }
        ],
        [
            {
                "query": {
                    "x1": 1.0666666666666664,
                    "x2": 1.3333333333333335
                },
                "metrics": {
                    "outcome": 7458.331914240007
                },
                "metadata": {
                    "trials": 1
                }
            }
        ],
        [
            {
                "query": {
                    "x1": 1.3333333333333335,
                    "x2": 0.2666666666666666
                },
                "metrics": {
                    "outcome": 750.5744941511106
                },
                "metadata": {
                    "trials": 1
                }
            }
        ],
        [
            {
                "query": {
                    "x1": 0.7999999999999998,
                    "x2": -0.5333333333333332
                },
                "metrics": {
                    "outcome": 118.97329663999948
                },
                "metadata": {
                    "trials": 1
                }
            }
        ],
        [
            {
                "query": {
                    "x1": -0.2666666666666666,
                    "x2": 1.6
                },
                "metrics": {
                    "outcome": 171889.10836762702
                },
                "metadata": {
                    "trials": 1
                }
            }
        ],
        [
            {
                "query": {
                    "x1": 0.5333333333333332,
                    "x2": -1.3333333333333333
                },
                "metrics": {
                    "outcome": 886.5627864177775
                },
                "metadata": {
                    "trials": 1
                }
            }
        ],
        [
            {
                "query": {
                    "x1": -1.0666666666666667,
                    "x2": 0.5333333333333332
                },
                "metrics": {
                    "outcome": 11788.165663520651
                },
                "metadata": {
                    "trials": 1
                }
            }
        ],
        [
            {
                "query": {
                    "x1": 0.7979094637587094,
                    "x2": -0.760694526054261
                },
                "metrics": {
                    "outcome": 961.9346933211232
                },
                "metadata": {
                    "trials": 1
                }
            },
            {
                "query": {
                    "x1": 1.7128414692467175,
                    "x2": -0.36582891079675717
                },
                "metrics": {
                    "outcome": 5506.444349357447
                },
                "metadata": {
                    "trials": 1
                }
            },
            {
                "query": {
                    "x1": 0.35833309007254543,
                    "x2": 0.27988965000874044
                },
                "metrics": {
                    "outcome": 948.2168112920691
                },
                "metadata": {
                    "trials": 1
                }
            }
        ],
        [
            {
                "query": {
                    "x1": 0.04838340994175061,
                    "x2": 0.8994205390564609
                },
                "metrics": {
                    "outcome": 18821.699500441413
                },
                "metadata": {
                    "trials": 1
                }
            },
            {
                "query": {
                    "x1": 0.3008728942675494,
                    "x2": 0.14178134542824683
                },
                "metrics": {
                    "outcome": 879.7989441012137
                },
                "metadata": {
                    "trials": 1
                }
            },
            {
                "query": {
                    "x1": 0.22907081945987562,
                    "x2": -0.9289276467217045
                },
                "metrics": {
                    "outcome": 20.363310628190725
                },
                "metadata": {
                    "trials": 1
                }
            }
        ],
        [
            {
                "query": {
                    "x1": -0.6146802605035218,
                    "x2": 1.725923495307394
                },
                "metrics": {
                    "outcome": 329655.6039942223
                },
                "metadata": {
                    "trials": 1
                }
            },
            {
                "query": {
                    "x1": 1.443410668131559,
                    "x2": -1.0095439613328918
                },
                "metrics": {
                    "outcome": 29350.0363761276
                },
                "metadata": {
                    "trials": 1
                }
            },
            {
                "query": {
                    "x1": 1.2790965198652176,
                    "x2": -1.350329057431908
                },
                "metrics": {
                    "outcome": 35087.92718625599
                },
                "metadata": {
                    "trials": 1
                }
            }
        ],
        [
            {
                "query": {
                    "x1": 1.578743162534996,
                    "x2": 0.8612189730645774
                },
                "metrics": {
                    "outcome": 1095.204743735909
                },
                "metadata": {
                    "trials": 1
                }
            },
            {
                "query": {
                    "x1": 0.3752027208440931,
                    "x2": 0.07110305249374838
                },
                "metrics": {
                    "outcome": 953.427593556145
                },
                "metadata": {
                    "trials": 1
                }
            },
            {
                "query": {
                    "x1": 1.1032227049380134,
                    "x2": -1.519228645859386
                },
                "metrics": {
                    "outcome": 21041.513672913094
                },
                "metadata": {
                    "trials": 1
                }
            }
        ],
        [
            {
                "query": {
                    "x1": -1.3079611700583347,
                    "x2": 1.5036191775396146
                },
                "metrics": {
                    "outcome": 353343.8447742712
                },
                "metadata": {
                    "trials": 1
                }
            },
            {
                "query": {
                    "x1": -0.09339453405510634,
                    "x2": -1.3838941993046152
                },
                "metrics": {
                    "outcome": 658.2456597873257
                },
                "metadata": {
                    "trials": 1
                }
            },
            {
                "query": {
                    "x1": -0.7652464199641758,
                    "x2": 1.5084562199042
                },
                "metrics": {
                    "outcome": 266183.1827857722
                },
                "metadata": {
                    "trials": 1
                }
            }
        ],
        [
            {
                "query": {
                    "x1": 1.8874101951033513,
                    "x2": -0.3922523137361362
                },
                "metrics": {
                    "outcome": 10209.104680663582
                },
                "metadata": {
                    "trials": 1
                }
            },
            {
                "query": {
                    "x1": 0.9103244693547912,
                    "x2": 1.9353895089659097
                },
                "metrics": {
                    "outcome": 108641.78692877582
                },
                "metadata": {
                    "trials": 1
                }
            },
            {
                "query": {
                    "x1": 1.7852224545966804,
                    "x2": 0.3149085275834529
                },
                "metrics": {
                    "outcome": 198.8818534749427
                },
                "metadata": {
                    "trials": 1
                }
            }
        ],
        [
            {
                "query": {
                    "x1": 1.1555474435304118,
                    "x2": -1.8944935429503542
                },
                "metrics": {
                    "outcome": 16365.805026350914
                },
                "metadata": {
                    "trials": 1
                }
            },
            {
                "query": {
                    "x1": 1.9911627839132704,
                    "x2": -0.06350608772012434
                },
                "metrics": {
                    "outcome": 2540.95036308834
                },
                "metadata": {
                    "trials": 1
                }
            },
            {
                "query": {
                    "x1": 1.4754671692504715,
                    "x2": -1.8480845902887406
                },
                "metrics": {
                    "outcome": 76416.0066129878
                },
                "metadata": {
                    "trials": 1
                }
            }
        ],
        [
            {
                "query": {
                    "x1": -1.7373143695901367,
                    "x2": 0.6335485163964023
                },
                "metrics": {
                    "outcome": 7812.562183205563
                },
                "metadata": {
                    "trials": 1
                }
            },
            {
                "query": {
                    "x1": -1.5399392233812348,
                    "x2": -1.2996935971242984
                },
                "metrics": {
                    "outcome": 9756.837704635776
                },
                "metadata": {
                    "trials": 1
                }
            },
            {
                "query": {
                    "x1": -1.0834086965886986,
                    "x2": -1.7629378164226117
                },
                "metrics": {
                    "outcome": 1016.3498434098882
                },
                "metadata": {
                    "trials": 1
                }
            }
        ],
        [
            {
                "query": {
                    "x1": 1.960060051548425,
                    "x2": 1.4695284628170682
                },
                "metrics": {
                    "outcome": 4507.296933196863
                },
                "metadata": {
                    "trials": 1
                }
            },
            {
                "query": {
                    "x1": -0.8193164580281804,
                    "x2": 1.1119191107986888
                },
                "metrics": {
                    "outcome": 112738.81693538585
                },
                "metadata": {
                    "trials": 1
                }
            },
            {
                "query": {
                    "x1": -0.6081661963301435,
                    "x2": 0.5700275146823537
                },
                "metrics": {
                    "outcome": 15359.478335873135
                },
                "metadata": {
                    "trials": 1
                }
            }
        ],
        [
            {
                "query": {
                    "x1": -1.8030234742213804,
                    "x2": -0.5631224252585865
                },
                "metrics": {
                    "outcome": 32313.96559798864
                },
                "metadata": {
                    "trials": 1
                }
            },
            {
                "query": {
                    "x1": -0.018630112281744715,
                    "x2": 1.4683264998124974
                },
                "metrics": {
                    "outcome": 91812.85872152966
                },
                "metadata": {
                    "trials": 1
                }
            },
            {
                "query": {
                    "x1": -1.8440827299507339,
                    "x2": -1.2945625467941273
                },
                "metrics": {
                    "outcome": 12964.468703449016
                },
                "metadata": {
                    "trials": 1
                }
            }
        ],
        [
            {
                "query": {
                    "x1": 1.270229938499301,
                    "x2": -1.0407935007148068
                },
                "metrics": {
                    "outcome": 19748.742781796445
                },
                "metadata": {
                    "trials": 1
                }
            },
            {
                "query": {
                    "x1": -0.5689981290721557,
                    "x2": -0.9117806734726521
                },
                "metrics": {
                    "outcome": 354.0244942997948
                },
                "metadata": {
                    "trials": 1
                }
            },
            {
                "query": {
                    "x1": 1.220214084984601,
                    "x2": -0.6450158143410865
                },
                "metrics": {
                    "outcome": 4100.581315316828
                },
                "metadata": {
                    "trials": 1
                }
            }
        ],
        [
            {
                "query": {
                    "x1": -0.21606315731759773,
                    "x2": -1.8640925694290185
                },
                "metrics": {
                    "outcome": 31656.668866096366
                },
                "metadata": {
                    "trials": 1
                }
            },
            {
                "query": {
                    "x1": -0.8221992596101946,
                    "x2": 0.5096063930872794
                },
                "metrics": {
                    "outcome": 12509.259040457217
                },
                "metadata": {
                    "trials": 1
                }
            },
            {
                "query": {
                    "x1": 0.8250206312024084,
                    "x2": -1.3172283461554155
                },
                "metrics": {
                    "outcome": 5790.344768462628
                },
                "metadata": {
                    "trials": 1
                }
            }
        ],
        [
            {
                "query": {
                    "x1": -1.9200781211406182,
                    "x2": -0.7480516923863809
                },
                "metrics": {
                    "outcome": 34837.07637316122
                },
                "metadata": {
                    "trials": 1
                }
            },
            {
                "query": {
                    "x1": 0.12406520573215252,
                    "x2": 1.0563095802439033
                },
                "metrics": {
                    "outcome": 26127.796585826243
                },
                "metadata": {
                    "trials": 1
                }
            },
            {
                "query": {
                    "x1": 1.137576736447952,
                    "x2": 1.045273655999396
                },
                "metrics": {
                    "outcome": 1583.8367821486436
                },
                "metadata": {
                    "trials": 1
                }
            }
        ],
        [
            {
                "query": {
                    "x1": -1.170442311535734,
                    "x2": -0.38428728593264605
                },
                "metrics": {
                    "outcome": 1391.6189912514767
                },
                "metadata": {
                    "trials": 1
                }
            },
            {
                "query": {
                    "x1": 0.6150164757881376,
                    "x2": 1.232064338512826
                },
                "metrics": {
                    "outcome": 13911.215622469517
                },
                "metadata": {
                    "trials": 1
                }
            },
            {
                "query": {
                    "x1": -1.614446889085193,
                    "x2": 0.473073059980166
                },
                "metrics": {
                    "outcome": 6088.718842131708
                },
                "metadata": {
                    "trials": 1
                }
            }
        ],
        [
            {
                "query": {
                    "x1": -1.4813546457530569,
                    "x2": 1.6675254135748134
                },
                "metrics": {
                    "outcome": 516540.04662931786
                },
                "metadata": {
                    "trials": 1
                }
            },
            {
                "query": {
                    "x1": 1.729316500048978,
                    "x2": -1.533641995478563
                },
                "metrics": {
                    "outcome": 133794.37112545015
                },
                "metadata": {
                    "trials": 1
                }
            },
            {
                "query": {
                    "x1": -0.9572324494350624,
                    "x2": 0.5344745645407039
                },
                "metrics": {
                    "outcome": 13357.831641212671
                },
                "metadata": {
                    "trials": 1
                }
            }
        ],
        [
            {
                "query": {
                    "x1": -1.497711215089864,
                    "x2": -0.4259696638482424
                },
                "metrics": {
                    "outcome": 9448.536895720426
                },
                "metadata": {
                    "trials": 1
                }
            },
            {
                "query": {
                    "x1": -0.09011015827679936,
                    "x2": -0.053299405294886526
                },
                "metrics": {
                    "outcome": 493.91368035576494
                },
                "metadata": {
                    "trials": 1
                }
            },
            {
                "query": {
                    "x1": 1.6776850773090843,
                    "x2": 0.7516126128370155
                },
                "metrics": {
                    "outcome": 1139.892355326465
                },
                "metadata": {
                    "trials": 1
                }
            }
        ],
        [
            {
                "query": {
                    "x1": -1.5653542154165239,
                    "x2": 1.28427872434071
                },
                "metrics": {
                    "outcome": 175089.25733866065
                },
                "metadata": {
                    "trials": 1
                }
            },
            {
                "query": {
                    "x1": 0.6430996886336797,
                    "x2": -0.942490280049765
                },
                "metrics": {
                    "outcome": 999.8592736534824
                },
                "metadata": {
                    "trials": 1
                }
            },
            {
                "query": {
                    "x1": 1.9870434650187456,
                    "x2": 1.9014704658826092
                },
                "metrics": {
                    "outcome": 46118.25840438185
                },
                "metadata": {
                    "trials": 1
                }
            }
        ],
        [
            {
                "query": {
                    "x1": 1.105878761078348,
                    "x2": -0.9755927104646047
                },
                "metrics": {
                    "outcome": 9801.282369010583
                },
                "metadata": {
                    "trials": 1
                }
            },
            {
                "query": {
                    "x1": -0.7850599465847679,
                    "x2": 0.3372050226122334
                },
                "metrics": {
                    "outcome": 4964.369805427264
                },
                "metadata": {
                    "trials": 1
                }
            },
            {
                "query": {
                    "x1": 1.7096095585690758,
                    "x2": -0.5920623037938744
                },
                "metrics": {
                    "outcome": 15035.826491987096
                },
                "metadata": {
                    "trials": 1
                }
            }
        ],
        [
            {
                "query": {
                    "x1": -1.6305243009740327,
                    "x2": 1.3284004469933217
                },
                "metrics": {
                    "outcome": 190864.9979139815
                },
                "metadata": {
                    "trials": 1
                }
            },
            {
                "query": {
                    "x1": 0.6157752021671175,
                    "x2": -1.1736094674717927
                },
                "metrics": {
                    "outcome": 1602.5868935153935
                },
                "metadata": {
                    "trials": 1
                }
            },
            {
                "query": {
                    "x1": 0.23956042500853236,
                    "x2": -1.7915734236588028
                },
                "metrics": {
                    "outcome": 14988.866094911335
                },
                "metadata": {
                    "trials": 1
                }
            }
        ],
        [
            {
                "query": {
                    "x1": 1.1200445490271695,
                    "x2": -1.7263276691881697
                },
                "metrics": {
                    "outcome": 19424.565131533425
                },
                "metadata": {
                    "trials": 1
                }
            },
            {
                "query": {
                    "x1": -0.6927330910638876,
                    "x2": -1.2847523301886108
                },
                "metrics": {
                    "outcome": 590.8515948562504
                },
                "metadata": {
                    "trials": 1
                }
            },
            {
                "query": {
                    "x1": -0.5268977006066078,
                    "x2": -1.9933185720736595
                },
                "metrics": {
                    "outcome": 54689.29405103368
                },
                "metadata": {
                    "trials": 1
                }
            }
        ],
        [
            {
                "query": {
                    "x1": 1.2755877871636643,
                    "x2": -1.7347086378817145
                },
                "metrics": {
                    "outcome": 38822.24929010123
                },
                "metadata": {
                    "trials": 1
                }
            },
            {
                "query": {
                    "x1": 0.5526996877228361,
                    "x2": -1.7947834820146826
                },
                "metrics": {
                    "outcome": 5910.194805329407
                },
                "metadata": {
                    "trials": 1
                }
            },
            {
                "query": {
                    "x1": -0.43681872201273153,
                    "x2": 1.728028206086616
                },
                "metrics": {
                    "outcome": 266035.9791227159
                },
                "metadata": {
                    "trials": 1
                }
            }
        ],
        [
            {
                "query": {
                    "x1": 1.0333334526871152,
                    "x2": -1.4866131422233937
                },
                "metrics": {
                    "outcome": 15696.686601990228
                },
                "metadata": {
                    "trials": 1
                }
            },
            {
                "query": {
                    "x1": -1.7718028265802128,
                    "x2": 0.11618583866571752
                },
                "metrics": {
                    "outcome": 43845.32324675992
                },
                "metadata": {
                    "trials": 1
                }
            },
            {
                "query": {
                    "x1": 0.9877620399690401,
                    "x2": -0.6721685989327222
                },
                "metrics": {
                    "outcome": 1628.2932785935152
                },
                "metadata": {
                    "trials": 1
                }
            }
        ],
        [
            {
                "query": {
                    "x1": 1.468608496497796,
                    "x2": 1.1931224776847063
                },
                "metrics": {
                    "outcome": 1732.880500782787
                },
                "metadata": {
                    "trials": 1
                }
            },
            {
                "query": {
                    "x1": -0.45276226650163043,
                    "x2": 0.7023797746722518
                },
                "metrics": {
                    "outcome": 22392.51382573589
                },
                "metadata": {
                    "trials": 1
                }
            },
            {
                "query": {
                    "x1": -1.2354768452420362,
                    "x2": 0.2777008949024866
                },
                "metrics": {
                    "outcome": 1233.935034358324
                },
                "metadata": {
                    "trials": 1
                }
            }
        ],
        [
            {
                "query": {
                    "x1": -1.2630068288463758,
                    "x2": -0.5966432019754655
                },
                "metrics": {
                    "outcome": 1972.1655169671146
                },
                "metadata": {
                    "trials": 1
                }
            },
            {
                "query": {
                    "x1": -0.8737437417604439,
                    "x2": -0.3823323085720709
                },
                "metrics": {
                    "outcome": 149.65800617042302
                },
                "metadata": {
                    "trials": 1
                }
            },
            {
                "query": {
                    "x1": 1.5194101133989815,
                    "x2": 0.8927996661793767
                },
                "metrics": {
                    "outcome": 1020.8818452451945
                },
                "metadata": {
                    "trials": 1
                }
            }
        ],
        [
            {
                "query": {
                    "x1": 0.2600167056050524,
                    "x2": 0.6549406700035147
                },
                "metrics": {
                    "outcome": 4242.193225011443
                },
                "metadata": {
                    "trials": 1
                }
            },
            {
                "query": {
                    "x1": 0.9435973921142793,
                    "x2": -1.5658971888006232
                },
                "metrics": {
                    "outcome": 9636.905010665638
                },
                "metadata": {
                    "trials": 1
                }
            },
            {
                "query": {
                    "x1": 0.7724167876124732,
                    "x2": 0.4717954789154204
                },
                "metrics": {
                    "outcome": 979.2603666522847
                },
                "metadata": {
                    "trials": 1
                }
            }
        ],
        [
            {
                "query": {
                    "x1": -0.30304387138124733,
                    "x2": -1.3656528689560496
                },
                "metrics": {
                    "outcome": 336.55608807479007
                },
                "metadata": {
                    "trials": 1
                }
            },
            {
                "query": {
                    "x1": -1.5817280648658127,
                    "x2": 0.4781121210322987
                },
                "metrics": {
                    "outcome": 4658.9218575851755
                },
                "metadata": {
                    "trials": 1
                }
            },
            {
                "query": {
                    "x1": 0.8683781683755978,
                    "x2": 0.6025556477485314
                },
                "metrics": {
                    "outcome": 930.095330341225
                },
                "metadata": {
                    "trials": 1
                }
            }
        ],
        [
            {
                "query": {
                    "x1": -1.9036656468885393,
                    "x2": 0.9839375002614319
                },
                "metrics": {
                    "outcome": 14727.885097894596
                },
                "metadata": {
                    "trials": 1
                }
            },
            {
                "query": {
                    "x1": 1.6405222441645937,
                    "x2": -0.7839347975108235
                },
                "metrics": {
                    "outcome": 24940.550523420603
                },
                "metadata": {
                    "trials": 1
                }
            },
            {
                "query": {
                    "x1": -0.5081890112089869,
                    "x2": -1.386861436718168
                },
                "metrics": {
                    "outcome": 175.66079617300383
                },
                "metadata": {
                    "trials": 1
                }
            }
        ],
        [
            {
                "query": {
                    "x1": -0.5192074871836789,
                    "x2": -1.2167917765226304
                },
                "metrics": {
                    "outcome": 214.88285127525432
                },
                "metadata": {
                    "trials": 1
                }
            },
            {
                "query": {
                    "x1": -0.9335474787171543,
                    "x2": -0.9952795037324891
                },
                "metrics": {
                    "outcome": 1752.2779821232268
                },
                "metadata": {
                    "trials": 1
                }
            },
            {
                "query": {
                    "x1": 0.7161914092462451,
                    "x2": 0.2215834755647097
                },
                "metrics": {
                    "outcome": 1133.9324045628496
                },
                "metadata": {
                    "trials": 1
                }
            }
        ],
        [
            {
                "query": {
                    "x1": 1.0500408284783842,
                    "x2": -0.7665769856520233
                },
                "metrics": {
                    "outcome": 3659.9921433222357
                },
                "metadata": {
                    "trials": 1
                }
            },
            {
                "query": {
                    "x1": 0.47861057955407205,
                    "x2": -1.0044385353958454
                },
                "metrics": {
                    "outcome": 411.56149008349763
                },
                "metadata": {
                    "trials": 1
                }
            },
            {
                "query": {
                    "x1": 1.5151883487012743,
                    "x2": -1.1239243937320107
                },
                "metrics": {
                    "outcome": 45158.15621293611
                },
                "metadata": {
                    "trials": 1
                }
            }
        ],
        [
            {
                "query": {
                    "x1": 1.77078187922758,
                    "x2": 0.5107867679970188
                },
                "metrics": {
                    "outcome": 649.0698287409035
                },
                "metadata": {
                    "trials": 1
                }
            },
            {
                "query": {
                    "x1": 0.8844055113240059,
                    "x2": -1.1781762920229824
                },
                "metrics": {
                    "outcome": 6617.463346734367
                },
                "metadata": {
                    "trials": 1
                }
            },
            {
                "query": {
                    "x1": 1.6350205120360597,
                    "x2": -1.9583783355225663
                },
                "metrics": {
                    "outcome": 122512.00136326275
                },
                "metadata": {
                    "trials": 1
                }
            }
        ],
        [
            {
                "query": {
                    "x1": 0.12887308678001563,
                    "x2": 1.9272026574251182
                },
                "metrics": {
                    "outcome": 170297.6181044948
                },
                "metadata": {
                    "trials": 1
                }
            },
            {
                "query": {
                    "x1": 1.9375145684253825,
                    "x2": 1.7648570994098423
                },
                "metrics": {
                    "outcome": 22894.00392835835
                },
                "metadata": {
                    "trials": 1
                }
            },
            {
                "query": {
                    "x1": -0.5889252099632531,
                    "x2": -1.9623626102832703
                },
                "metrics": {
                    "outcome": 41979.98533589316
                },
                "metadata": {
                    "trials": 1
                }
            }
        ],
        [
            {
                "query": {
                    "x1": -0.8986071764042589,
                    "x2": -0.1012631585931203
                },
                "metrics": {
                    "outcome": 138.36175348677733
                },
                "metadata": {
                    "trials": 1
                }
            },
            {
                "query": {
                    "x1": 0.5302423049668747,
                    "x2": -1.2779424524190661
                },
                "metrics": {
                    "outcome": 914.9385678924593
                },
                "metadata": {
                    "trials": 1
                }
            },
            {
                "query": {
                    "x1": -0.9372690042159553,
                    "x2": 1.4380911300534875
                },
                "metrics": {
                    "outcome": 264705.1476645414
                },
                "metadata": {
                    "trials": 1
                }
            }
        ],
        [
            {
                "query": {
                    "x1": -1.6169109285127354,
                    "x2": 0.24254246345396346
                },
                "metrics": {
                    "outcome": 14636.383426234468
                },
                "metadata": {
                    "trials": 1
                }
            },
            {
                "query": {
                    "x1": -1.145933222666038,
                    "x2": -0.8080449381320274
                },
                "metrics": {
                    "outcome": 1623.283008115654
                },
                "metadata": {
                    "trials": 1
                }
            },
            {
                "query": {
                    "x1": 0.2535473055400028,
                    "x2": 0.403348174554901
                },
                "metrics": {
                    "outcome": 1421.843020602864
                },
                "metadata": {
                    "trials": 1
                }
            }
        ],
        [
            {
                "query": {
                    "x1": 1.7408109121841093,
                    "x2": 1.0884554411893714
                },
                "metrics": {
                    "outcome": 1562.600553519002
                },
                "metadata": {
                    "trials": 1
                }
            },
            {
                "query": {
                    "x1": 0.38560595646498763,
                    "x2": -0.15607438742642943
                },
                "metrics": {
                    "outcome": 860.2468685778252
                },
                "metadata": {
                    "trials": 1
                }
            },
            {
                "query": {
                    "x1": 1.5117743795519196,
                    "x2": 0.28775202850988846
                },
                "metrics": {
                    "outcome": 515.7532656787547
                },
                "metadata": {
                    "trials": 1
                }
            }
        ],
        [
            {
                "query": {
                    "x1": -0.6218806060725686,
                    "x2": 0.5883754471028544
                },
                "metrics": {
                    "outcome": 16785.093671121933
                },
                "metadata": {
                    "trials": 1
                }
            },
            {
                "query": {
                    "x1": -1.2430395620153623,
                    "x2": 1.1610686027718433
                },
                "metrics": {
                    "outcome": 141880.074870012
                },
                "metadata": {
                    "trials": 1
                }
            },
            {
                "query": {
                    "x1": -0.7344441361212675,
                    "x2": -1.3252897116736109
                },
                "metrics": {
                    "outcome": 657.7811680453931
                },
                "metadata": {
                    "trials": 1
                }
            }
        ],
        [
            {
                "query": {
                    "x1": 0.3845458795974164,
                    "x2": -1.4326424964301836
                },
                "metrics": {
                    "outcome": 421.40586951488774
                },
                "metadata": {
                    "trials": 1
                }
            },
            {
                "query": {
                    "x1": 1.8884375701887244,
                    "x2": 0.0613145073256014
                },
                "metrics": {
                    "outcome": 566.3753143802822
                },
                "metadata": {
                    "trials": 1
                }
            },
            {
                "query": {
                    "x1": -0.7557754738128817,
                    "x2": 1.5063203432868524
                },
                "metrics": {
                    "outcome": 262816.4069657615
                },
                "metadata": {
                    "trials": 1
                }
            }
        ],
        [
            {
                "query": {
                    "x1": 0.4823310822541327,
                    "x2": -1.966545678884596
                },
                "metrics": {
                    "outcome": 28071.18509297141
                },
                "metadata": {
                    "trials": 1
                }
            },
            {
                "query": {
                    "x1": -0.37308462820237764,
                    "x2": -1.7938143365214616
                },
                "metrics": {
                    "outcome": 18186.56740813817
                },
                "metadata": {
                    "trials": 1
                }
            },
            {
                "query": {
                    "x1": 0.587533949559671,
                    "x2": -1.0761089149947423
                },
                "metrics": {
                    "outcome": 1118.941565398807
                },
                "metadata": {
                    "trials": 1
                }
            }
        ],
        [
            {
                "query": {
                    "x1": -0.21339932405827788,
                    "x2": 1.0400646499716677
                },
                "metrics": {
                    "outcome": 47148.324778002236
                },
                "metadata": {
                    "trials": 1
                }
            },
            {
                "query": {
                    "x1": 0.022381336921179606,
                    "x2": -1.932597503566396
                },
                "metrics": {
                    "outcome": 45526.232328046724
                },
                "metadata": {
                    "trials": 1
                }
            },
            {
                "query": {
                    "x1": -1.002426297483065,
                    "x2": 1.9273902247237844
                },
                "metrics": {
                    "outcome": 648977.3342225065
                },
                "metadata": {
                    "trials": 1
                }
            }
        ],
        [
            {
                "query": {
                    "x1": 0.9900289313742734,
                    "x2": 1.8324375028804716
                },
                "metrics": {
                    "outcome": 71034.7679770598
                },
                "metadata": {
                    "trials": 1
                }
            },
            {
                "query": {
                    "x1": 1.8709580637414787,
                    "x2": 1.3033782421237938
                },
                "metrics": {
                    "outcome": 2582.8574891900194
                },
                "metadata": {
                    "trials": 1
                }
            },
            {
                "query": {
                    "x1": 1.6622454344967927,
                    "x2": 1.5499247224387696
                },
                "metrics": {
                    "outcome": 9667.762663843676
                },
                "metadata": {
                    "trials": 1
                }
            }
        ],
        [
            {
                "query": {
                    "x1": -1.6722771831995522,
                    "x2": -1.2781039878728784
                },
                "metrics": {
                    "outcome": 10752.963621000457
                },
                "metadata": {
                    "trials": 1
                }
            },
            {
                "query": {
                    "x1": -0.22861676374471784,
                    "x2": -0.178410624336248
                },
                "metrics": {
                    "outcome": 296.77942336247213
                },
                "metadata": {
                    "trials": 1
                }
            },
            {
                "query": {
                    "x1": 1.4854519119168819,
                    "x2": -1.8934385295716458
                },
                "metrics": {
                    "outcome": 76937.86944033236
                },
                "metadata": {
                    "trials": 1
                }
            }
        ],
        [
            {
                "query": {
                    "x1": -0.07696889470931367,
                    "x2": 0.43568276800481653
                },
                "metrics": {
                    "outcome": 3631.8629338331443
                },
                "metadata": {
                    "trials": 1
                }
            },
            {
                "query": {
                    "x1": 1.9258668648836936,
                    "x2": -1.7099165441156146
                },
                "metrics": {
                    "outcome": 233674.44679361058
                },
                "metadata": {
                    "trials": 1
                }
            },
            {
                "query": {
                    "x1": 1.36122656830279,
                    "x2": -1.1335347987090825
                },
                "metrics": {
                    "outcome": 31302.159180857805
                },
                "metadata": {
                    "trials": 1
                }
            }
        ],
        [
            {
                "query": {
                    "x1": -0.7672636992279469,
                    "x2": 0.4570951519316715
                },
                "metrics": {
                    "outcome": 9654.777525453957
                },
                "metadata": {
                    "trials": 1
                }
            },
            {
                "query": {
                    "x1": 0.8692830931318896,
                    "x2": 0.7362372921006068
                },
                "metrics": {
                    "outcome": 1069.7561179848867
                },
                "metadata": {
                    "trials": 1
                }
            },
            {
                "query": {
                    "x1": 1.1057265236327916,
                    "x2": 0.8026059837754294
                },
                "metrics": {
                    "outcome": 867.2390778455481
                },
                "metadata": {
                    "trials": 1
                }
            }
        ],
        [
            {
                "query": {
                    "x1": -1.948512682671176,
                    "x2": 0.49410650910458687
                },
                "metrics": {
                    "outcome": 57968.15154410433
                },
                "metadata": {
                    "trials": 1
                }
            },
            {
                "query": {
                    "x1": -1.4368336170627747,
                    "x2": 1.9719976708328426
                },
                "metrics": {
                    "outcome": 910159.0666916444
                },
                "metadata": {
                    "trials": 1
                }
            },
            {
                "query": {
                    "x1": -0.6947585305585733,
                    "x2": 1.3819035730166154
                },
                "metrics": {
                    "outcome": 193918.05937439323
                },
                "metadata": {
                    "trials": 1
                }
            }
        ],
        [
            {
                "query": {
                    "x1": -0.7033232361910318,
                    "x2": 0.458701110355094
                },
                "metrics": {
                    "outcome": 9645.979405427794
                },
                "metadata": {
                    "trials": 1
                }
            },
            {
                "query": {
                    "x1": 1.476195479187317,
                    "x2": -1.2859404219580908
                },
                "metrics": {
                    "outcome": 55016.04262247478
                },
                "metadata": {
                    "trials": 1
                }
            },
            {
                "query": {
                    "x1": 0.4936177711591987,
                    "x2": -1.2092227150787664
                },
                "metrics": {
                    "outcome": 699.5302055884522
                },
                "metadata": {
                    "trials": 1
                }
            }
        ],
        [
            {
                "query": {
                    "x1": 0.31899151729936337,
                    "x2": 1.9817328672340961
                },
                "metrics": {
                    "outcome": 159729.54813461137
                },
                "metadata": {
                    "trials": 1
                }
            },
            {
                "query": {
                    "x1": 0.9337851055195001,
                    "x2": 1.7189252191881899
                },
                "metrics": {
                    "outcome": 46568.513706764956
                },
                "metadata": {
                    "trials": 1
                }
            },
            {
                "query": {
                    "x1": -0.9820828323083348,
                    "x2": -0.46275966187955797
                },
                "metrics": {
                    "outcome": 393.6283218601618
                },
                "metadata": {
                    "trials": 1
                }
            }
        ]
    ]
}