{
    "date": "04/11/2022 16:31:41",
    "basic_params": {
        "active_variables": [
            "x1",
            "x2"
        ],
        "default_query": {},
        "metric": "basic",
        "n_trials": 1
    },
    "objective_function": {
        "name": "Gramacy2D",
        "params": {}
    },
    "optimizer": {
        "name": "BBO-LP(LCBa)-FoD",
        "params": {
            "lower_bound": [
                -2.0,
                -2.0
            ],
            "upper_bound": [
                6.0,
                6.0
            ],
            "invert_metric": false,
            "bopt_params": {
                "n_init_samples": 15,
                "n_iterations": 45,
                "n_iter_relearn": 5,
                "verbose_level": 0,
                "n_parallel_samples": 3,
                "fixed_dataset_size": 50,
                "par_type": "PAR_BBO",
                "crit_name": "cLP(cLCBa)",
                "n_crit_params": 3,
                "crit_params": [
                    3,
                    1,
                    5.0
                ]
            }
        }
    },
    "iterations": [
        [
            {
                "query": {
                    "x1": 5.091531164447466,
                    "x2": 2.8513072176525993
                },
                "metrics": {
                    "outcome": 8.270645427445196e-15
                },
                "metadata": {
                    "trials": 1
                }
            }
        ],
        [
            {
                "query": {
                    "x1": 0.6210684938977162,
                    "x2": -1.1536598097532988
                },
                "metrics": {
                    "outcome": 0.11158474435002909
                },
                "metadata": {
                    "trials": 1
                }
            }
        ],
        [
            {
                "query": {
                    "x1": 1.043456295132637,
                    "x2": 4.437214812015494
                },
                "metrics": {
                    "outcome": 9.88198266100481e-10
                },
                "metadata": {
                    "trials": 1
                }
            }
        ],
        [
            {
                "query": {
                    "x1": 3.889480041091641,
                    "x2": 1.4836595531553032
                },
                "metrics": {
                    "outcome": 1.1584356002142871e-07
                },
                "metadata": {
                    "trials": 1
                }
            }
        ],
        [
            {
                "query": {
                    "x1": 3.1963220526774725,
                    "x2": 5.982291907692949
                },
                "metrics": {
                    "outcome": 3.351511763894494e-20
                },
                "metadata": {
                    "trials": 1
                }
            }
        ],
        [
            {
                "query": {
                    "x1": -1.728013296549519,
                    "x2": 5.3465963315218685
                },
                "metrics": {
                    "outcome": -3.356978729237253e-14
                },
                "metadata": {
                    "trials": 1
                }
            }
        ],
        [
            {
                "query": {
                    "x1": 2.0605384481449924,
                    "x2": -1.6989938589433828
                },
                "metrics": {
                    "outcome": 0.0016459599680513919
                },
                "metadata": {
                    "trials": 1
                }
            }
        ],
        [
            {
                "query": {
                    "x1": 1.4284072143336135,
                    "x2": 3.8300092368076246
                },
                "metrics": {
                    "outcome": 7.908378818223159e-08
                },
                "metadata": {
                    "trials": 1
                }
            }
        ],
        [
            {
                "query": {
                    "x1": 4.434578316658735,
                    "x2": 1.9948302655170362
                },
                "metrics": {
                    "outcome": 2.3879871765940853e-10
                },
                "metadata": {
                    "trials": 1
                }
            }
        ],
        [
            {
                "query": {
                    "x1": -0.7425304351995388,
                    "x2": 0.795002342884739
                },
                "metrics": {
                    "outcome": -0.22739388445445344
                },
                "metadata": {
                    "trials": 1
                }
            }
        ],
        [
            {
                "query": {
                    "x1": -0.27660333253443237,
                    "x2": 3.917868989085158
                },
                "metrics": {
                    "outcome": -5.525109759240396e-08
                },
                "metadata": {
                    "trials": 1
                }
            }
        ],
        [
            {
                "query": {
                    "x1": 2.585512203226487,
                    "x2": -0.9272158519675335
                },
                "metrics": {
                    "outcome": 0.0013676259077044562
                },
                "metadata": {
                    "trials": 1
                }
            }
        ],
        [
            {
                "query": {
                    "x1": 5.927321775754293,
                    "x2": -0.2802864756435155
                },
                "metrics": {
                    "outcome": 3.024194951420266e-15
                },
                "metadata": {
                    "trials": 1
                }
            }
        ],
        [
            {
                "query": {
                    "x1": -0.9592913657426834,
                    "x2": 0.49424810111522666
                },
                "metrics": {
                    "outcome": -0.29936804655534344
                },
                "metadata": {
                    "trials": 1
                }
            }
        ],
        [
            {
                "query": {
                    "x1": 3.424310818811258,
                    "x2": 2.638228073964516
                },
                "metrics": {
                    "outcome": 2.6259139859146298e-08
                },
                "metadata": {
                    "trials": 1
                }
            }
        ],
        [
            {
                "query": {
                    "x1": -2.0,
                    "x2": -1.99999999999994
                },
                "metrics": {
                    "outcome": -0.0006709252558051846
                },
                "metadata": {
                    "trials": 1
                }
            },
            {
                "query": {
                    "x1": -2.0,
                    "x2": -0.6929038850914109
                },
                "metrics": {
                    "outcome": -0.022664201779376298
                },
                "metadata": {
                    "trials": 1
                }
            },
            {
                "query": {
                    "x1": -2.0,
                    "x2": 0.6436487674122335
                },
                "metrics": {
                    "outcome": -0.024206440249040156
                },
                "metadata": {
                    "trials": 1
                }
            }
        ],
        [
            {
                "query": {
                    "x1": 5.999999999999998,
                    "x2": 5.999999999999994
                },
                "metrics": {
                    "outcome": 3.2281116960129573e-31
                },
                "metadata": {
                    "trials": 1
                }
            },
            {
                "query": {
                    "x1": -1.0841139696682007,
                    "x2": -2.0
                },
                "metrics": {
                    "outcome": -0.006130125453973652
                },
                "metadata": {
                    "trials": 1
                }
            },
            {
                "query": {
                    "x1": -1.1360022605885756,
                    "x2": -1.3093335714595242
                },
                "metrics": {
                    "outcome": -0.056284267287414536
                },
                "metadata": {
                    "trials": 1
                }
            }
        ],
        [
            {
                "query": {
                    "x1": -1.0778604261169469,
                    "x2": 3.7823823229696334
                },
                "metrics": {
                    "outcome": -2.0644720026201408e-07
                },
                "metadata": {
                    "trials": 1
                }
            },
            {
                "query": {
                    "x1": -1.0688070050105132,
                    "x2": 4.129768217224652
                },
                "metrics": {
                    "outcome": -1.336280328548672e-08
                },
                "metadata": {
                    "trials": 1
                }
            },
            {
                "query": {
                    "x1": -1.085025988675823,
                    "x2": 3.4396971981373383
                },
                "metrics": {
                    "outcome": -2.431033040083259e-06
                },
                "metadata": {
                    "trials": 1
                }
            }
        ],
        [
            {
                "query": {
                    "x1": 4.85108351078369,
                    "x2": -2.0
                },
                "metrics": {
                    "outcome": 5.350617482913232e-12
                },
                "metadata": {
                    "trials": 1
                }
            },
            {
                "query": {
                    "x1": -0.8949416143374396,
                    "x2": 0.11271534302114317
                },
                "metrics": {
                    "outcome": -0.3966813204811225
                },
                "metadata": {
                    "trials": 1
                }
            },
            {
                "query": {
                    "x1": -0.9011418994663603,
                    "x2": 0.2614947924843123
                },
                "metrics": {
                    "outcome": -0.37361523589299017
                },
                "metadata": {
                    "trials": 1
                }
            }
        ],
        [
            {
                "query": {
                    "x1": 0.12985760801005064,
                    "x2": 6.0
                },
                "metrics": {
                    "outcome": 2.961710078417745e-17
                },
                "metadata": {
                    "trials": 1
                }
            },
            {
                "query": {
                    "x1": -0.10192715308221056,
                    "x2": 6.0
                },
                "metrics": {
                    "outcome": -2.3397884751414297e-17
                },
                "metadata": {
                    "trials": 1
                }
            },
            {
                "query": {
                    "x1": 0.359415608624456,
                    "x2": 6.0
                },
                "metrics": {
                    "outcome": 7.326450276511276e-17
                },
                "metadata": {
                    "trials": 1
                }
            }
        ],
        [
            {
                "query": {
                    "x1": 5.999801224284825,
                    "x2": 4.9129137696889185
                },
                "metrics": {
                    "outcome": 4.59331652632309e-26
                },
                "metadata": {
                    "trials": 1
                }
            },
            {
                "query": {
                    "x1": 4.415925670088415,
                    "x2": 4.912913364744887
                },
                "metrics": {
                    "outcome": 4.939267251443772e-19
                },
                "metadata": {
                    "trials": 1
                }
            },
            {
                "query": {
                    "x1": -1.9998009921791116,
                    "x2": 4.912911265299646
                },
                "metrics": {
                    "outcome": -1.2070358924687446e-12
                },
                "metadata": {
                    "trials": 1
                }
            }
        ],
        [
            {
                "query": {
                    "x1": -1.9997999773694484,
                    "x2": 1.1417911039150548
                },
                "metrics": {
                    "outcome": -0.009953413610435658
                },
                "metadata": {
                    "trials": 1
                }
            },
            {
                "query": {
                    "x1": 5.999800036776316,
                    "x2": 1.1417858294259595
                },
                "metrics": {
                    "outcome": 3.7879018635500316e-16
                },
                "metadata": {
                    "trials": 1
                }
            },
            {
                "query": {
                    "x1": 4.985369950510871,
                    "x2": 1.141786672809583
                },
                "metrics": {
                    "outcome": 2.175706167749914e-11
                },
                "metadata": {
                    "trials": 1
                }
            }
        ],
        [
            {
                "query": {
                    "x1": 5.999860036912072,
                    "x2": 5.621197374054335
                },
                "metrics": {
                    "outcome": 2.6393256739365105e-29
                },
                "metadata": {
                    "trials": 1
                }
            },
            {
                "query": {
                    "x1": 4.805059221873601,
                    "x2": 5.621200078689495
                },
                "metrics": {
                    "outcome": 8.543981772813524e-24
                },
                "metadata": {
                    "trials": 1
                }
            },
            {
                "query": {
                    "x1": -1.999859891196434,
                    "x2": 5.621211491926505
                },
                "metrics": {
                    "outcome": -6.937769951380129e-16
                },
                "metadata": {
                    "trials": 1
                }
            }
        ],
        [
            {
                "query": {
                    "x1": 5.99992001190317,
                    "x2": 4.682981213092022
                },
                "metrics": {
                    "outcome": 4.1662663341987975e-25
                },
                "metadata": {
                    "trials": 1
                }
            },
            {
                "query": {
                    "x1": 4.979462374774803,
                    "x2": 4.682982558560864
                },
                "metrics": {
                    "outcome": 2.5387011770612763e-20
                },
                "metadata": {
                    "trials": 1
                }
            },
            {
                "query": {
                    "x1": 3.9490554999660183,
                    "x2": 4.682983687160133
                },
                "metrics": {
                    "outcome": 1.992643936605849e-16
                },
                "metadata": {
                    "trials": 1
                }
            }
        ],
        [
            {
                "query": {
                    "x1": -1.999799993482001,
                    "x2": -0.06782306432265339
                },
                "metrics": {
                    "outcome": -0.03648869436917108
                },
                "metadata": {
                    "trials": 1
                }
            },
            {
                "query": {
                    "x1": -1.355399015175324,
                    "x2": -0.06782362915964324
                },
                "metrics": {
                    "outcome": -0.21489394580413057
                },
                "metadata": {
                    "trials": 1
                }
            },
            {
                "query": {
                    "x1": -0.7093688692204096,
                    "x2": -0.06782385449564154
                },
                "metrics": {
                    "outcome": -0.42690921964632017
                },
                "metadata": {
                    "trials": 1
                }
            }
        ],
        [
            {
                "query": {
                    "x1": 2.2598023869014012,
                    "x2": 6.0
                },
                "metrics": {
                    "outcome": 3.174347870355433e-18
                },
                "metadata": {
                    "trials": 1
                }
            },
            {
                "query": {
                    "x1": 2.2807269996811392,
                    "x2": 4.8373303177699745
                },
                "metrics": {
                    "outcome": 8.641880505926033e-13
                },
                "metadata": {
                    "trials": 1
                }
            },
            {
                "query": {
                    "x1": 2.2836189907414894,
                    "x2": 3.7747364375625443
                },
                "metrics": {
                    "outcome": 8.048425081368834e-09
                },
                "metadata": {
                    "trials": 1
                }
            }
        ],
        [
            {
                "query": {
                    "x1": -0.03573446568844618,
                    "x2": -2.0
                },
                "metrics": {
                    "outcome": -0.0006536643382609286
                },
                "metadata": {
                    "trials": 1
                }
            },
            {
                "query": {
                    "x1": 1.3165353102379846,
                    "x2": -2.0
                },
                "metrics": {
                    "outcome": 0.0042609561215253
                },
                "metadata": {
                    "trials": 1
                }
            },
            {
                "query": {
                    "x1": 3.3757958067202676,
                    "x2": -2.0
                },
                "metrics": {
                    "outcome": 6.94991488960196e-07
                },
                "metadata": {
                    "trials": 1
                }
            }
        ],
        [
            {
                "query": {
                    "x1": -2.0,
                    "x2": 2.2568618834958496
                },
                "metrics": {
                    "outcome": -0.00022480473418683947
                },
                "metadata": {
                    "trials": 1
                }
            },
            {
                "query": {
                    "x1": -0.6169299480344876,
                    "x2": 2.2147306307506422
                },
                "metrics": {
                    "outcome": -0.0031240216228544193
                },
                "metadata": {
                    "trials": 1
                }
            },
            {
                "query": {
                    "x1": 6.0,
                    "x2": 0.3948159965973912
                },
                "metrics": {
                    "outcome": 1.1908367281846258e-15
                },
                "metadata": {
                    "trials": 1
                }
            }
        ],
        [
            {
                "query": {
                    "x1": 0.6728539154881092,
                    "x2": -2.0
                },
                "metrics": {
                    "outcome": 0.007836527770485385
                },
                "metadata": {
                    "trials": 1
                }
            },
            {
                "query": {
                    "x1": 0.6831138527603615,
                    "x2": -0.7610768917772948
                },
                "metrics": {
                    "outcome": 0.24003361349364383
                },
                "metadata": {
                    "trials": 1
                }
            },
            {
                "query": {
                    "x1": 0.7050407646770189,
                    "x2": 0.37232799844936837
                },
                "metrics": {
                    "outcome": 0.3733607106728823
                },
                "metadata": {
                    "trials": 1
                }
            }
        ],
        [
            {
                "query": {
                    "x1": 2.9411302822344636,
                    "x2": 6.0
                },
                "metrics": {
                    "outcome": 1.1944231952054184e-19
                },
                "metadata": {
                    "trials": 1
                }
            },
            {
                "query": {
                    "x1": 1.9579966633337036,
                    "x2": -2.0
                },
                "metrics": {
                    "outcome": 0.0007756345467356675
                },
                "metadata": {
                    "trials": 1
                }
            },
            {
                "query": {
                    "x1": 4.001637131260233,
                    "x2": -2.0
                },
                "metrics": {
                    "outcome": 8.140647048698392e-09
                },
                "metadata": {
                    "trials": 1
                }
            }
        ],
        [
            {
                "query": {
                    "x1": 1.3965086606934736,
                    "x2": 6.0
                },
                "metrics": {
                    "outcome": 4.6075001798898343e-17
                },
                "metadata": {
                    "trials": 1
                }
            },
            {
                "query": {
                    "x1": 1.4476659718509812,
                    "x2": 4.722323379967761
                },
                "metrics": {
                    "outcome": 3.6777962835606715e-11
                },
                "metadata": {
                    "trials": 1
                }
            },
            {
                "query": {
                    "x1": 1.495821752967272,
                    "x2": 3.4889528599712154
                },
                "metrics": {
                    "outcome": 8.252338366707727e-07
                },
                "metadata": {
                    "trials": 1
                }
            }
        ],
        [
            {
                "query": {
                    "x1": 2.693652983408195,
                    "x2": -2.0
                },
                "metrics": {
                    "outcome": 3.4835689504323775e-05
                },
                "metadata": {
                    "trials": 1
                }
            },
            {
                "query": {
                    "x1": 5.478930967624227,
                    "x2": -2.0
                },
                "metrics": {
                    "outcome": 9.216559852087389e-15
                },
                "metadata": {
                    "trials": 1
                }
            },
            {
                "query": {
                    "x1": 2.7292372922561876,
                    "x2": -0.9278440936506951
                },
                "metrics": {
                    "outcome": 0.000671760506884513
                },
                "metadata": {
                    "trials": 1
                }
            }
        ],
        [
            {
                "query": {
                    "x1": 6.0,
                    "x2": 2.8420107605821237
                },
                "metrics": {
                    "outcome": 4.322574063538349e-19
                },
                "metadata": {
                    "trials": 1
                }
            },
            {
                "query": {
                    "x1": 5.402788358129967,
                    "x2": 2.843655041236497
                },
                "metrics": {
                    "outcome": 3.496563519275983e-16
                },
                "metadata": {
                    "trials": 1
                }
            },
            {
                "query": {
                    "x1": 4.808096371471457,
                    "x2": 2.8451459830379555
                },
                "metrics": {
                    "outcome": 1.3381138767778684e-13
                },
                "metadata": {
                    "trials": 1
                }
            }
        ],
        [
            {
                "query": {
                    "x1": 5.9997999802650686,
                    "x2": 1.645378379295666
                },
                "metrics": {
                    "outcome": 9.307335928292393e-17
                },
                "metadata": {
                    "trials": 1
                }
            },
            {
                "query": {
                    "x1": 5.480008641978273,
                    "x2": 1.643577504380394
                },
                "metrics": {
                    "outcome": 3.3382818244730234e-14
                },
                "metadata": {
                    "trials": 1
                }
            },
            {
                "query": {
                    "x1": 6.0,
                    "x2": -0.3389398570844804
                },
                "metrics": {
                    "outcome": 1.240675063361261e-15
                },
                "metadata": {
                    "trials": 1
                }
            }
        ],
        [
            {
                "query": {
                    "x1": -1.6001255235021896,
                    "x2": 6.0
                },
                "metrics": {
                    "outcome": -2.868034546861645e-17
                },
                "metadata": {
                    "trials": 1
                }
            },
            {
                "query": {
                    "x1": -1.6196789358037742,
                    "x2": 4.978573136408428
                },
                "metrics": {
                    "outcome": -2.0212148228598543e-12
                },
                "metadata": {
                    "trials": 1
                }
            },
            {
                "query": {
                    "x1": -1.6388766611411045,
                    "x2": 3.981026153669842
                },
                "metrics": {
                    "outcome": -1.4625856196185166e-08
                },
                "metadata": {
                    "trials": 1
                }
            }
        ],
        [
            {
                "query": {
                    "x1": 4.5271416966571625,
                    "x2": -2.0
                },
                "metrics": {
                    "outcome": 1.0417789249195865e-10
                },
                "metadata": {
                    "trials": 1
                }
            },
            {
                "query": {
                    "x1": -0.49388382615454773,
                    "x2": -2.0
                },
                "metrics": {
                    "outcome": -0.007087828988212236
                },
                "metadata": {
                    "trials": 1
                }
            },
            {
                "query": {
                    "x1": -0.4721287813854518,
                    "x2": -1.591026714365567
                },
                "metrics": {
                    "outcome": -0.030053532202562544
                },
                "metadata": {
                    "trials": 1
                }
            }
        ],
        [
            {
                "query": {
                    "x1": 6.0,
                    "x2": 0.034294840225804535
                },
                "metrics": {
                    "outcome": 1.3900778156708125e-15
                },
                "metadata": {
                    "trials": 1
                }
            },
            {
                "query": {
                    "x1": 5.885777176264976,
                    "x2": 0.03497845179081871
                },
                "metrics": {
                    "outcome": 5.300063102981393e-15
                },
                "metadata": {
                    "trials": 1
                }
            },
            {
                "query": {
                    "x1": 5.9999999999999405,
                    "x2": -1.3977602497448864
                },
                "metrics": {
                    "outcome": 1.9726685921021058e-16
                },
                "metadata": {
                    "trials": 1
                }
            }
        ],
        [
            {
                "query": {
                    "x1": 3.562842796829613,
                    "x2": 5.999999999999999
                },
                "metrics": {
                    "outcome": 2.5370371469604932e-21
                },
                "metadata": {
                    "trials": 1
                }
            },
            {
                "query": {
                    "x1": 3.57325554007343,
                    "x2": 5.550657120043738
                },
                "metrics": {
                    "outcome": 4.2403433475662303e-19
                },
                "metadata": {
                    "trials": 1
                }
            },
            {
                "query": {
                    "x1": 3.583496843291761,
                    "x2": 5.103676241611164
                },
                "metrics": {
                    "outcome": 4.624299367501322e-17
                },
                "metadata": {
                    "trials": 1
                }
            }
        ],
        [
            {
                "query": {
                    "x1": -0.16241665255929316,
                    "x2": 6.0
                },
                "metrics": {
                    "outcome": -3.6692126260879295e-17
                },
                "metadata": {
                    "trials": 1
                }
            },
            {
                "query": {
                    "x1": -0.1669002268170534,
                    "x2": 5.553376222994221
                },
                "metrics": {
                    "outcome": -6.5572686096265994e-15
                },
                "metadata": {
                    "trials": 1
                }
            },
            {
                "query": {
                    "x1": -1.0262507504918272,
                    "x2": -2.0
                },
                "metrics": {
                    "outcome": -0.006556630247394321
                },
                "metadata": {
                    "trials": 1
                }
            }
        ],
        [
            {
                "query": {
                    "x1": -2.0,
                    "x2": 1.4076419982221506
                },
                "metrics": {
                    "outcome": -0.005050294025093771
                },
                "metadata": {
                    "trials": 1
                }
            },
            {
                "query": {
                    "x1": -1.0772343255404122,
                    "x2": 1.401893264733192
                },
                "metrics": {
                    "outcome": -0.04729543163789188
                },
                "metadata": {
                    "trials": 1
                }
            },
            {
                "query": {
                    "x1": -2.0,
                    "x2": 2.9879366579223365
                },
                "metrics": {
                    "outcome": -4.859289660155635e-06
                },
                "metadata": {
                    "trials": 1
                }
            }
        ],
        [
            {
                "query": {
                    "x1": 6.0,
                    "x2": 3.578164109165691
                },
                "metrics": {
                    "outcome": 3.8297059698886804e-21
                },
                "metadata": {
                    "trials": 1
                }
            },
            {
                "query": {
                    "x1": 6.0,
                    "x2": 1.068443207711531
                },
                "metrics": {
                    "outcome": 4.443978656632448e-16
                },
                "metadata": {
                    "trials": 1
                }
            },
            {
                "query": {
                    "x1": 6.0,
                    "x2": 2.2475174422084105
                },
                "metrics": {
                    "outcome": 8.908060046310958e-18
                },
                "metadata": {
                    "trials": 1
                }
            }
        ],
        [
            {
                "query": {
                    "x1": 4.27407904013418,
                    "x2": 6.0
                },
                "metrics": {
                    "outcome": 1.1552007605428666e-23
                },
                "metadata": {
                    "trials": 1
                }
            },
            {
                "query": {
                    "x1": 4.27321620551,
                    "x2": 5.436269845941913
                },
                "metrics": {
                    "outcome": 7.339326855684838e-21
                },
                "metadata": {
                    "trials": 1
                }
            },
            {
                "query": {
                    "x1": 4.471555169190265,
                    "x2": 5.7225911881267475
                },
                "metrics": {
                    "outcome": 5.55299744425436e-23
                },
                "metadata": {
                    "trials": 1
                }
            }
        ],
        [
            {
                "query": {
                    "x1": 6.0,
                    "x2": 4.478507991426618
                },
                "metrics": {
                    "outcome": 2.709510176329515e-24
                },
                "metadata": {
                    "trials": 1
                }
            },
            {
                "query": {
                    "x1": 5.1115998510660425,
                    "x2": 4.425701660654444
                },
                "metrics": {
                    "outcome": 7.1558204246694e-20
                },
                "metadata": {
                    "trials": 1
                }
            },
            {
                "query": {
                    "x1": 4.287089457366829,
                    "x2": 4.389364059399447
                },
                "metrics": {
                    "outcome": 1.9180646464233705e-16
                },
                "metadata": {
                    "trials": 1
                }
            }
        ],
        [
            {
                "query": {
                    "x1": 3.1886001066253424,
                    "x2": 1.639485439441764
                },
                "metrics": {
                    "outcome": 8.331215753112338e-06
                },
                "metadata": {
                    "trials": 1
                }
            },
            {
                "query": {
                    "x1": 3.9878932938933653,
                    "x2": 0.07402807753932672
                },
                "metrics": {
                    "outcome": 4.916444792542938e-07
                },
                "metadata": {
                    "trials": 1
                }
            },
            {
                "query": {
                    "x1": -2.0,
                    "x2": -0.9565973964432914
                },
                "metrics": {
                    "outcome": -0.014670282965098914
                },
                "metadata": {
                    "trials": 1
                }
            }
        ],
        [
            {
                "query": {
                    "x1": -1.3188588518075641,
                    "x2": -0.2976400022196981
                },
                "metrics": {
                    "outcome": -0.21199101539475337
                },
                "metadata": {
                    "trials": 1
                }
            },
            {
                "query": {
                    "x1": 2.6483572774679534,
                    "x2": 3.447209103547623
                },
                "metrics": {
                    "outcome": 1.6447253729442837e-08
                },
                "metadata": {
                    "trials": 1
                }
            },
            {
                "query": {
                    "x1": 6.0,
                    "x2": 5.99999999999994
                },
                "metrics": {
                    "outcome": 3.2281116960150225e-31
                },
                "metadata": {
                    "trials": 1
                }
            }
        ],
        [
            {
                "query": {
                    "x1": 0.2978667378683899,
                    "x2": -1.9997999790143974
                },
                "metrics": {
                    "outcome": 0.004996419962765384
                },
                "metadata": {
                    "trials": 1
                }
            },
            {
                "query": {
                    "x1": 0.2978972080126616,
                    "x2": -1.7624948018688809
                },
                "metrics": {
                    "outcome": 0.012202218924867083
                },
                "metadata": {
                    "trials": 1
                }
            },
            {
                "query": {
                    "x1": 0.2979280835358731,
                    "x2": -1.524893138499867
                },
                "metrics": {
                    "outcome": 0.02665007327557663
                },
                "metadata": {
                    "trials": 1
                }
            }
        ],
        [
            {
                "query": {
                    "x1": 0.9411411260894522,
                    "x2": -2.0
                },
                "metrics": {
                    "outcome": 0.007108892631922612
                },
                "metadata": {
                    "trials": 1
                }
            },
            {
                "query": {
                    "x1": 0.930290281097311,
                    "x2": -0.8521077824044085
                },
                "metrics": {
                    "outcome": 0.18942041974017074
                },
                "metadata": {
                    "trials": 1
                }
            },
            {
                "query": {
                    "x1": 0.9188060506820905,
                    "x2": 0.30970960774527123
                },
                "metrics": {
                    "outcome": 0.3588665011763453
                },
                "metadata": {
                    "trials": 1
                }
            }
        ],
        [
            {
                "query": {
                    "x1": 2.210573529428144,
                    "x2": 6.0
                },
                "metrics": {
                    "outcome": 3.869589164351388e-18
                },
                "metadata": {
                    "trials": 1
                }
            },
            {
                "query": {
                    "x1": 0.29975486476374913,
                    "x2": 3.492956002799943
                },
                "metrics": {
                    "outcome": 1.3773008605027321e-06
                },
                "metadata": {
                    "trials": 1
                }
            },
            {
                "query": {
                    "x1": 3.554355511706204,
                    "x2": -2.0
                },
                "metrics": {
                    "outcome": 2.1229917644779836e-07
                },
                "metadata": {
                    "trials": 1
                }
            }
        ],
        [
            {
                "query": {
                    "x1": 0.9862390453937899,
                    "x2": 6.0
                },
                "metrics": {
                    "outcome": 8.648817548669415e-17
                },
                "metadata": {
                    "trials": 1
                }
            },
            {
                "query": {
                    "x1": 1.2885500351029409,
                    "x2": 4.230419017061444
                },
                "metrics": {
                    "outcome": 4.137025976302999e-09
                },
                "metadata": {
                    "trials": 1
                }
            },
            {
                "query": {
                    "x1": 2.2193909008965758,
                    "x2": -2.0
                },
                "metrics": {
                    "outcome": 0.00029502124663988014
                },
                "metadata": {
                    "trials": 1
                }
            }
        ],
        [
            {
                "query": {
                    "x1": -0.9311298196143731,
                    "x2": 0.029785057798489945
                },
                "metrics": {
                    "outcome": -0.39092229958931124
                },
                "metadata": {
                    "trials": 1
                }
            },
            {
                "query": {
                    "x1": -1.3467766674259845,
                    "x2": -0.8326365581455564
                },
                "metrics": {
                    "outcome": -0.10976901922047161
                },
                "metadata": {
                    "trials": 1
                }
            },
            {
                "query": {
                    "x1": -1.762317508654878,
                    "x2": 0.17849494851838754
                },
                "metrics": {
                    "outcome": -0.07645952686014522
                },
                "metadata": {
                    "trials": 1
                }
            }
        ],
        [
            {
                "query": {
                    "x1": -2.0,
                    "x2": 2.3443587352563577
                },
                "metrics": {
                    "outcome": -0.000150300986300769
                },
                "metadata": {
                    "trials": 1
                }
            },
            {
                "query": {
                    "x1": 6.0,
                    "x2": 2.805375931387874
                },
                "metrics": {
                    "outcome": 5.316111524755248e-19
                },
                "metadata": {
                    "trials": 1
                }
            },
            {
                "query": {
                    "x1": -1.3082659579245197,
                    "x2": 2.3615122132112765
                },
                "metrics": {
                    "outcome": -0.0008941856110666886
                },
                "metadata": {
                    "trials": 1
                }
            }
        ],
        [
            {
                "query": {
                    "x1": -2.0,
                    "x2": 0.9088642545102634
                },
                "metrics": {
                    "outcome": -0.016036513667530835
                },
                "metadata": {
                    "trials": 1
                }
            },
            {
                "query": {
                    "x1": -1.2378534939844412,
                    "x2": 0.913112476304184
                },
                "metrics": {
                    "outcome": -0.11617276521342522
                },
                "metadata": {
                    "trials": 1
                }
            },
            {
                "query": {
                    "x1": -0.5042954840417935,
                    "x2": 0.9147172317612817
                },
                "metrics": {
                    "outcome": -0.16937934167862653
                },
                "metadata": {
                    "trials": 1
                }
            }
        ],
        [
            {
                "query": {
                    "x1": -2.0,
                    "x2": 4.723286398357226
                },
                "metrics": {
                    "outcome": -7.498731670055044e-12
                },
                "metadata": {
                    "trials": 1
                }
            },
            {
                "query": {
                    "x1": -1.3168062190595604,
                    "x2": 4.718915902663978
                },
                "metrics": {
                    "outcome": -4.9604644811881126e-11
                },
                "metadata": {
                    "trials": 1
                }
            },
            {
                "query": {
                    "x1": -0.6587209017346216,
                    "x2": 4.715025878597956
                },
                "metrics": {
                    "outcome": -9.4460664735122e-11
                },
                "metadata": {
                    "trials": 1
                }
            }
        ],
        [
            {
                "query": {
                    "x1": 6.0,
                    "x2": -0.4251354736356512
                },
                "metrics": {
                    "outcome": 1.161596896333164e-15
                },
                "metadata": {
                    "trials": 1
                }
            },
            {
                "query": {
                    "x1": -1.9999999999994,
                    "x2": 1.9180777116458922
                },
                "metrics": {
                    "outcome": -0.0009248537626794345
                },
                "metadata": {
                    "trials": 1
                }
            },
            {
                "query": {
                    "x1": -1.3430716853042692,
                    "x2": 1.9322444142800133
                },
                "metrics": {
                    "outcome": -0.0052872832134490165
                },
                "metadata": {
                    "trials": 1
                }
            }
        ],
        [
            {
                "query": {
                    "x1": 4.9829319392004905,
                    "x2": -2.0
                },
                "metrics": {
                    "outcome": 1.5029485307367636e-12
                },
                "metadata": {
                    "trials": 1
                }
            },
            {
                "query": {
                    "x1": 5.031080263926514,
                    "x2": -0.04795219927562555
                },
                "metrics": {
                    "outcome": 5.103888563843985e-11
                },
                "metadata": {
                    "trials": 1
                }
            },
            {
                "query": {
                    "x1": 1.8959118752102344,
                    "x2": 1.4298252798315243
                },
                "metrics": {
                    "outcome": 0.006743459235881595
                },
                "metadata": {
                    "trials": 1
                }
            }
        ],
        [
            {
                "query": {
                    "x1": 6.0,
                    "x2": -1.417764187384221
                },
                "metrics": {
                    "outcome": 1.8646356388563603e-16
                },
                "metadata": {
                    "trials": 1
                }
            },
            {
                "query": {
                    "x1": 5.329659966336989,
                    "x2": -1.4278684860927084
                },
                "metrics": {
                    "outcome": 3.1989092058680523e-13
                },
                "metadata": {
                    "trials": 1
                }
            },
            {
                "query": {
                    "x1": 4.695171134336963,
                    "x2": -1.4337005847857118
                },
                "metrics": {
                    "outcome": 1.6036080869146489e-10
                },
                "metadata": {
                    "trials": 1
                }
            }
        ],
        [
            {
                "query": {
                    "x1": -2.0,
                    "x2": 5.382401681925015
                },
                "metrics": {
                    "outcome": -9.599161106168472e-15
                },
                "metadata": {
                    "trials": 1
                }
            },
            {
                "query": {
                    "x1": -1.4073953581295906,
                    "x2": 5.373220623997023
                },
                "metrics": {
                    "outcome": -5.616285296215621e-14
                },
                "metadata": {
                    "trials": 1
                }
            },
            {
                "query": {
                    "x1": -0.8385478025892628,
                    "x2": 5.360105313714634
                },
                "metrics": {
                    "outcome": -1.3821373811401488e-13
                },
                "metadata": {
                    "trials": 1
                }
            }
        ],
        [
            {
                "query": {
                    "x1": -2.0,
                    "x2": 2.97893426935524
                },
                "metrics": {
                    "outcome": -5.1274494760214856e-06
                },
                "metadata": {
                    "trials": 1
                }
            },
            {
                "query": {
                    "x1": -1.3486411983823232,
                    "x2": 2.9818697637559097
                },
                "metrics": {
                    "outcome": -3.009104905194158e-05
                },
                "metadata": {
                    "trials": 1
                }
            },
            {
                "query": {
                    "x1": -0.7165268217420688,
                    "x2": 2.986144999098447
                },
                "metrics": {
                    "outcome": -5.749501900353297e-05
                },
                "metadata": {
                    "trials": 1
                }
            }
        ],
        [
            {
                "query": {
                    "x1": 6.0,
                    "x2": 3.873852790788769
                },
                "metrics": {
                    "outcome": 4.228706145055132e-22
                },
                "metadata": {
                    "trials": 1
                }
            },
            {
                "query": {
                    "x1": 5.380710519035083,
                    "x2": 3.8692748269141575
                },
                "metrics": {
                    "outcome": 4.520415087879207e-19
                },
                "metadata": {
                    "trials": 1
                }
            },
            {
                "query": {
                    "x1": 4.775163887140832,
                    "x2": 3.864145824664096
                },
                "metrics": {
                    "outcome": 1.9561469172097265e-16
                },
                "metadata": {
                    "trials": 1
                }
            }
        ],
        [
            {
                "query": {
                    "x1": 6.0,
                    "x2": 5.565632939171207
                },
                "metrics": {
                    "outcome": 4.905991201742247e-29
                },
                "metadata": {
                    "trials": 1
                }
            },
            {
                "query": {
                    "x1": 6.0,
                    "x2": 2.1725905688712484
                },
                "metrics": {
                    "outcome": 1.2405517870296943e-17
                },
                "metadata": {
                    "trials": 1
                }
            },
            {
                "query": {
                    "x1": 5.381306566862499,
                    "x2": 5.588549101249962
                },
                "metrics": {
                    "outcome": 3.8954226922332073e-26
                },
                "metadata": {
                    "trials": 1
                }
            }
        ]
    ],
    "best_results": [
        {
            "query": {
                "x1": -0.7093688692204096,
                "x2": -0.06782385449564154
            },
            "metrics": [
                {
                    "name": "outcome",
                    "value": -0.42690921964632017
                }
            ]
        }
    ]
}