{
    "date": "06/11/2022 10:28:52",
    "basic_params": {
        "active_variables": [
            "x1",
            "x2"
        ],
        "default_query": {},
        "metric": "basic",
        "n_trials": 1
    },
    "objective_function": {
        "name": "Gramacy2D",
        "params": {}
    },
    "optimizer": {
        "name": "GO-BBO-LP",
        "params": {
            "maximize": false,
            "domain": [
                {
                    "name": "x1",
                    "type": "continuous",
                    "domain": [
                        -2.0,
                        6.0
                    ]
                },
                {
                    "name": "x2",
                    "type": "continuous",
                    "domain": [
                        -2.0,
                        6.0
                    ]
                }
            ],
            "initial_design_numdata": 15,
            "num_iters": 45,
            "batch_size": 3,
            "model_update_interval": 5
        }
    },
    "best_results": [
        {
            "query": {
                "x1": -0.7071539462893894,
                "x2": -9.475931882266277e-05
            },
            "metrics": [
                {
                    "name": "outcome",
                    "value": -0.42888193672118796
                }
            ]
        }
    ],
    "iterations": [
        [
            {
                "query": {
                    "x1": 2.533333333333333,
                    "x2": -1.2
                },
                "metrics": {
                    "outcome": 0.0009797218832743333
                },
                "metadata": {
                    "trials": 1
                }
            }
        ],
        [
            {
                "query": {
                    "x1": 2.0,
                    "x2": 3.0666666666666664
                },
                "metrics": {
                    "outcome": 3.0168501611058908e-06
                },
                "metadata": {
                    "trials": 1
                }
            }
        ],
        [
            {
                "query": {
                    "x1": 3.5999999999999996,
                    "x2": 2.0
                },
                "metrics": {
                    "outcome": 1.5512010415909453e-07
                },
                "metadata": {
                    "trials": 1
                }
            }
        ],
        [
            {
                "query": {
                    "x1": -0.6666666666666665,
                    "x2": 3.5999999999999996
                },
                "metrics": {
                    "outcome": -1.005616720368632e-06
                },
                "metadata": {
                    "trials": 1
                }
            }
        ],
        [
            {
                "query": {
                    "x1": 5.2,
                    "x2": -0.6666666666666665
                },
                "metrics": {
                    "outcome": 6.0208912532274775e-12
                },
                "metadata": {
                    "trials": 1
                }
            }
        ],
        [
            {
                "query": {
                    "x1": 0.9333333333333336,
                    "x2": 1.4666666666666668
                },
                "metrics": {
                    "outcome": 0.04544669884321043
                },
                "metadata": {
                    "trials": 1
                }
            }
        ],
        [
            {
                "query": {
                    "x1": 4.133333333333333,
                    "x2": 0.9333333333333336
                },
                "metrics": {
                    "outcome": 6.581149146009287e-08
                },
                "metadata": {
                    "trials": 1
                }
            }
        ],
        [
            {
                "query": {
                    "x1": -1.7333333333333334,
                    "x2": 5.733333333333333
                },
                "metrics": {
                    "outcome": -4.553300111396139e-16
                },
                "metadata": {
                    "trials": 1
                }
            }
        ],
        [
            {
                "query": {
                    "x1": 4.666666666666667,
                    "x2": 5.2
                },
                "metrics": {
                    "outcome": 2.935724338079272e-21
                },
                "metadata": {
                    "trials": 1
                }
            }
        ],
        [
            {
                "query": {
                    "x1": 0.3999999999999999,
                    "x2": -1.7333333333333334
                },
                "metrics": {
                    "outcome": 0.016895040252339566
                },
                "metadata": {
                    "trials": 1
                }
            }
        ],
        [
            {
                "query": {
                    "x1": 5.733333333333333,
                    "x2": 4.133333333333333
                },
                "metrics": {
                    "outcome": 1.1560725091608683e-21
                },
                "metadata": {
                    "trials": 1
                }
            }
        ],
        [
            {
                "query": {
                    "x1": -1.2,
                    "x2": 0.3999999999999999
                },
                "metrics": {
                    "outcome": -0.24227582159358652
                },
                "metadata": {
                    "trials": 1
                }
            }
        ],
        [
            {
                "query": {
                    "x1": 3.0666666666666664,
                    "x2": -0.1333333333333333
                },
                "metrics": {
                    "outcome": 0.0002481118198725262
                },
                "metadata": {
                    "trials": 1
                }
            }
        ],
        [
            {
                "query": {
                    "x1": -0.1333333333333333,
                    "x2": 2.533333333333333
                },
                "metrics": {
                    "outcome": -0.0002138023482371995
                },
                "metadata": {
                    "trials": 1
                }
            }
        ],
        [
            {
                "query": {
                    "x1": 1.4666666666666668,
                    "x2": 4.666666666666667
                },
                "metrics": {
                    "outcome": 5.944933750234223e-11
                },
                "metadata": {
                    "trials": 1
                }
            }
        ],
        [
            {
                "query": {
                    "x1": -1.839552653354049,
                    "x2": -0.5082367860875779
                },
                "metrics": {
                    "outcome": -0.04818361871817649
                },
                "metadata": {
                    "trials": 1
                }
            },
            {
                "query": {
                    "x1": -1.99775241289088,
                    "x2": 1.6648128783534073
                },
                "metrics": {
                    "outcome": -0.0023098010861063814
                },
                "metadata": {
                    "trials": 1
                }
            },
            {
                "query": {
                    "x1": -1.4689720203690957,
                    "x2": -1.959839586730049
                },
                "metrics": {
                    "outcome": -0.003645407393326518
                },
                "metadata": {
                    "trials": 1
                }
            }
        ],
        [
            {
                "query": {
                    "x1": -1.8395670601424055,
                    "x2": -0.5082267002579032
                },
                "metrics": {
                    "outcome": -0.048181936138402354
                },
                "metadata": {
                    "trials": 1
                }
            },
            {
                "query": {
                    "x1": -1.9741905248788765,
                    "x2": 1.7898399937678633
                },
                "metrics": {
                    "outcome": -0.0016273587482203108
                },
                "metadata": {
                    "trials": 1
                }
            },
            {
                "query": {
                    "x1": -1.5395963464205025,
                    "x2": -1.9565886812663376
                },
                "metrics": {
                    "outcome": -0.0031288933219382467
                },
                "metadata": {
                    "trials": 1
                }
            }
        ],
        [
            {
                "query": {
                    "x1": -1.8395608416718197,
                    "x2": -0.5082416123765264
                },
                "metrics": {
                    "outcome": -0.048182145270040014
                },
                "metadata": {
                    "trials": 1
                }
            },
            {
                "query": {
                    "x1": -1.9970546311452457,
                    "x2": 1.8987491102644105
                },
                "metrics": {
                    "outcome": -0.0010059710622860381
                },
                "metadata": {
                    "trials": 1
                }
            },
            {
                "query": {
                    "x1": -1.9031291998639466,
                    "x2": -1.9261694502851983
                },
                "metrics": {
                    "outcome": -0.0012451117129073817
                },
                "metadata": {
                    "trials": 1
                }
            }
        ],
        [
            {
                "query": {
                    "x1": -1.839565433560823,
                    "x2": -0.5082769001157081
                },
                "metrics": {
                    "outcome": -0.04817972328216289
                },
                "metadata": {
                    "trials": 1
                }
            },
            {
                "query": {
                    "x1": -1.7627527735143966,
                    "x2": 1.5464575322646366
                },
                "metrics": {
                    "outcome": -0.007212413959246746
                },
                "metadata": {
                    "trials": 1
                }
            },
            {
                "query": {
                    "x1": -1.5296002224186287,
                    "x2": -1.988534882664208
                },
                "metrics": {
                    "outcome": -0.002825863178139081
                },
                "metadata": {
                    "trials": 1
                }
            }
        ],
        [
            {
                "query": {
                    "x1": -1.8395644663430735,
                    "x2": -0.5082473437406106
                },
                "metrics": {
                    "outcome": -0.048181316973579906
                },
                "metadata": {
                    "trials": 1
                }
            },
            {
                "query": {
                    "x1": -1.9927776967930306,
                    "x2": 1.964848739313327
                },
                "metrics": {
                    "outcome": -0.0007909593167432541
                },
                "metadata": {
                    "trials": 1
                }
            },
            {
                "query": {
                    "x1": -1.3960496356323606,
                    "x2": -1.9744566664582894
                },
                "metrics": {
                    "outcome": -0.004030813132391443
                },
                "metadata": {
                    "trials": 1
                }
            }
        ],
        [
            {
                "query": {
                    "x1": -2.0,
                    "x2": 0.4076956758342465
                },
                "metrics": {
                    "outcome": -0.031021691805579312
                },
                "metadata": {
                    "trials": 1
                }
            },
            {
                "query": {
                    "x1": -0.7614680496715,
                    "x2": 0.453725297910307
                },
                "metrics": {
                    "outcome": -0.34707745827288616
                },
                "metadata": {
                    "trials": 1
                }
            },
            {
                "query": {
                    "x1": 0.18016752615648643,
                    "x2": 0.4539956570371705
                },
                "metrics": {
                    "outcome": 0.14192726738059058
                },
                "metadata": {
                    "trials": 1
                }
            }
        ],
        [
            {
                "query": {
                    "x1": -2.0,
                    "x2": 0.4076955894779987
                },
                "metrics": {
                    "outcome": -0.031021693989944844
                },
                "metadata": {
                    "trials": 1
                }
            },
            {
                "query": {
                    "x1": -0.7134618596256194,
                    "x2": 0.4141877444483879
                },
                "metrics": {
                    "outcome": -0.3612425684214942
                },
                "metadata": {
                    "trials": 1
                }
            },
            {
                "query": {
                    "x1": 0.21112615437051974,
                    "x2": 0.45154119706704854
                },
                "metrics": {
                    "outcome": 0.16467801400649093
                },
                "metadata": {
                    "trials": 1
                }
            }
        ],
        [
            {
                "query": {
                    "x1": -2.0,
                    "x2": 0.40769558385781945
                },
                "metrics": {
                    "outcome": -0.03102169413210624
                },
                "metadata": {
                    "trials": 1
                }
            },
            {
                "query": {
                    "x1": -0.7596024899266889,
                    "x2": 0.45070653183809
                },
                "metrics": {
                    "outcome": -0.34816027577954334
                },
                "metadata": {
                    "trials": 1
                }
            },
            {
                "query": {
                    "x1": 0.19340693432317077,
                    "x2": 0.433103842979125
                },
                "metrics": {
                    "outcome": 0.1544408625124181
                },
                "metadata": {
                    "trials": 1
                }
            }
        ],
        [
            {
                "query": {
                    "x1": -2.0,
                    "x2": 0.4076956007371409
                },
                "metrics": {
                    "outcome": -0.03102169370514691
                },
                "metadata": {
                    "trials": 1
                }
            },
            {
                "query": {
                    "x1": -0.719130390746008,
                    "x2": 0.4251551591717956
                },
                "metrics": {
                    "outcome": -0.3578583591025826
                },
                "metadata": {
                    "trials": 1
                }
            },
            {
                "query": {
                    "x1": 0.1815368256257546,
                    "x2": 0.45788204160447854
                },
                "metrics": {
                    "outcome": 0.14242947231282613
                },
                "metadata": {
                    "trials": 1
                }
            }
        ],
        [
            {
                "query": {
                    "x1": -2.0,
                    "x2": 0.4076956166124524
                },
                "metrics": {
                    "outcome": -0.031021693303583824
                },
                "metadata": {
                    "trials": 1
                }
            },
            {
                "query": {
                    "x1": -0.7390290446883907,
                    "x2": 0.4144695100433526
                },
                "metrics": {
                    "outcome": -0.36046264061464284
                },
                "metadata": {
                    "trials": 1
                }
            },
            {
                "query": {
                    "x1": 0.16241752039722557,
                    "x2": 0.4596230816709121
                },
                "metrics": {
                    "outcome": 0.12806493986897982
                },
                "metadata": {
                    "trials": 1
                }
            }
        ],
        [
            {
                "query": {
                    "x1": -0.739420785972097,
                    "x2": -0.03591272165776292
                },
                "metrics": {
                    "outcome": -0.42744872332658107
                },
                "metadata": {
                    "trials": 1
                }
            },
            {
                "query": {
                    "x1": -0.8768665570654157,
                    "x2": -0.4157869915093766
                },
                "metrics": {
                    "outcome": -0.34192145302482374
                },
                "metadata": {
                    "trials": 1
                }
            },
            {
                "query": {
                    "x1": -0.5453980627302927,
                    "x2": 0.37023268740593945
                },
                "metrics": {
                    "outcome": -0.35318239695253034
                },
                "metadata": {
                    "trials": 1
                }
            }
        ],
        [
            {
                "query": {
                    "x1": -0.7394211361581363,
                    "x2": -0.03591251821117345
                },
                "metrics": {
                    "outcome": -0.42744871064749596
                },
                "metadata": {
                    "trials": 1
                }
            },
            {
                "query": {
                    "x1": -0.7683707945540457,
                    "x2": 0.39406202241478905
                },
                "metrics": {
                    "outcome": -0.36452453720225425
                },
                "metadata": {
                    "trials": 1
                }
            },
            {
                "query": {
                    "x1": -0.8244517399205575,
                    "x2": -0.3516437427925121
                },
                "metrics": {
                    "outcome": -0.3692022564887876
                },
                "metadata": {
                    "trials": 1
                }
            }
        ],
        [
            {
                "query": {
                    "x1": -0.7394207084750531,
                    "x2": -0.03591270090811955
                },
                "metrics": {
                    "outcome": -0.42744872815180196
                },
                "metadata": {
                    "trials": 1
                }
            },
            {
                "query": {
                    "x1": -0.8035578701025594,
                    "x2": -0.4414261488042577
                },
                "metrics": {
                    "outcome": -0.3467093807786847
                },
                "metadata": {
                    "trials": 1
                }
            },
            {
                "query": {
                    "x1": -0.6923038820198322,
                    "x2": 0.3968217879301754
                },
                "metrics": {
                    "outcome": -0.3662341191310035
                },
                "metadata": {
                    "trials": 1
                }
            }
        ],
        [
            {
                "query": {
                    "x1": -0.7394206929917313,
                    "x2": -0.03591258200066487
                },
                "metrics": {
                    "outcome": -0.4274487326392179
                },
                "metadata": {
                    "trials": 1
                }
            },
            {
                "query": {
                    "x1": -0.6453125758827847,
                    "x2": -0.37210346700215435
                },
                "metrics": {
                    "outcome": -0.3704970573882616
                },
                "metadata": {
                    "trials": 1
                }
            },
            {
                "query": {
                    "x1": -0.5575541662640603,
                    "x2": 0.38688885119534305
                },
                "metrics": {
                    "outcome": -0.3517814233507814
                },
                "metadata": {
                    "trials": 1
                }
            }
        ],
        [
            {
                "query": {
                    "x1": -0.7394206986736124,
                    "x2": -0.03591260026990525
                },
                "metrics": {
                    "outcome": -0.427448731771258
                },
                "metadata": {
                    "trials": 1
                }
            },
            {
                "query": {
                    "x1": -0.5593611502235168,
                    "x2": 0.32552426162450737
                },
                "metrics": {
                    "outcome": -0.3679490170918725
                },
                "metadata": {
                    "trials": 1
                }
            },
            {
                "query": {
                    "x1": -1.0456530345407398,
                    "x2": -0.168541069027353
                },
                "metrics": {
                    "outcome": -0.3405631333519839
                },
                "metadata": {
                    "trials": 1
                }
            }
        ],
        [
            {
                "query": {
                    "x1": -0.6949239831635927,
                    "x2": 0.006619127942263088
                },
                "metrics": {
                    "outcome": -0.42873512654699053
                },
                "metadata": {
                    "trials": 1
                }
            },
            {
                "query": {
                    "x1": -0.6517869657997631,
                    "x2": 0.1425038588717368
                },
                "metrics": {
                    "outcome": -0.41762511263682517
                },
                "metadata": {
                    "trials": 1
                }
            },
            {
                "query": {
                    "x1": -0.706489704101763,
                    "x2": -0.0740288064303174
                },
                "metrics": {
                    "outcome": -0.42653765982084935
                },
                "metadata": {
                    "trials": 1
                }
            }
        ],
        [
            {
                "query": {
                    "x1": -0.6949236557573655,
                    "x2": 0.006620078951845099
                },
                "metrics": {
                    "outcome": -0.4287351142484749
                },
                "metadata": {
                    "trials": 1
                }
            },
            {
                "query": {
                    "x1": -0.8305268064196287,
                    "x2": -0.24692357251163255
                },
                "metrics": {
                    "outcome": -0.3920205175603144
                },
                "metadata": {
                    "trials": 1
                }
            },
            {
                "query": {
                    "x1": -0.7304403055728332,
                    "x2": 0.1251673902013506
                },
                "metrics": {
                    "outcome": -0.42176049058530846
                },
                "metadata": {
                    "trials": 1
                }
            }
        ],
        [
            {
                "query": {
                    "x1": -0.6949239725841797,
                    "x2": 0.00661916365459683
                },
                "metrics": {
                    "outcome": -0.42873512612132647
                },
                "metadata": {
                    "trials": 1
                }
            },
            {
                "query": {
                    "x1": -0.6846988543560538,
                    "x2": 0.1444900089926244
                },
                "metrics": {
                    "outcome": -0.41959469316042947
                },
                "metadata": {
                    "trials": 1
                }
            },
            {
                "query": {
                    "x1": -0.851744110036389,
                    "x2": -0.025743695033995984
                },
                "metrics": {
                    "outcome": -0.41205439798152954
                },
                "metadata": {
                    "trials": 1
                }
            }
        ],
        [
            {
                "query": {
                    "x1": -0.6949241062797692,
                    "x2": 0.006619251854403333
                },
                "metrics": {
                    "outcome": -0.42873512843846745
                },
                "metadata": {
                    "trials": 1
                }
            },
            {
                "query": {
                    "x1": -0.7204482932208394,
                    "x2": 0.12966887023803256
                },
                "metrics": {
                    "outcome": -0.4215818258015051
                },
                "metadata": {
                    "trials": 1
                }
            },
            {
                "query": {
                    "x1": -0.6253221462108174,
                    "x2": -0.21187678559208578
                },
                "metrics": {
                    "outcome": -0.40437691140975185
                },
                "metadata": {
                    "trials": 1
                }
            }
        ],
        [
            {
                "query": {
                    "x1": -0.6949239751321205,
                    "x2": 0.006619126694984748
                },
                "metrics": {
                    "outcome": -0.4287351263847991
                },
                "metadata": {
                    "trials": 1
                }
            },
            {
                "query": {
                    "x1": -0.6682548663354472,
                    "x2": 0.14420511811221873
                },
                "metrics": {
                    "outcome": -0.41876502149790035
                },
                "metadata": {
                    "trials": 1
                }
            },
            {
                "query": {
                    "x1": -0.8188556683550514,
                    "x2": -0.044128339002107
                },
                "metrics": {
                    "outcome": -0.41798097758020514
                },
                "metadata": {
                    "trials": 1
                }
            }
        ],
        [
            {
                "query": {
                    "x1": -0.7081924316304148,
                    "x2": 0.0005653993941991287
                },
                "metrics": {
                    "outcome": -0.42888079490307773
                },
                "metadata": {
                    "trials": 1
                }
            },
            {
                "query": {
                    "x1": -0.7145777255259801,
                    "x2": 0.034640527070570915
                },
                "metrics": {
                    "outcome": -0.4283199583883967
                },
                "metadata": {
                    "trials": 1
                }
            },
            {
                "query": {
                    "x1": -0.5528789966082597,
                    "x2": 0.04871848009836377
                },
                "metrics": {
                    "outcome": -0.4062994664263602
                },
                "metadata": {
                    "trials": 1
                }
            }
        ],
        [
            {
                "query": {
                    "x1": -0.7081926813895264,
                    "x2": 0.0005651280664042192
                },
                "metrics": {
                    "outcome": -0.42888079456977124
                },
                "metadata": {
                    "trials": 1
                }
            },
            {
                "query": {
                    "x1": -0.7100992814453402,
                    "x2": 0.035589294285566994
                },
                "metrics": {
                    "outcome": -0.42833140465680236
                },
                "metadata": {
                    "trials": 1
                }
            },
            {
                "query": {
                    "x1": -0.6618273005308384,
                    "x2": 0.03888471803935971
                },
                "metrics": {
                    "outcome": -0.426442376328531
                },
                "metadata": {
                    "trials": 1
                }
            }
        ],
        [
            {
                "query": {
                    "x1": -0.7081925401377953,
                    "x2": 0.0005649634056273856
                },
                "metrics": {
                    "outcome": -0.4288807949124953
                },
                "metadata": {
                    "trials": 1
                }
            },
            {
                "query": {
                    "x1": -0.6918306224079879,
                    "x2": 0.03729041902093431
                },
                "metrics": {
                    "outcome": -0.42808465791936384
                },
                "metadata": {
                    "trials": 1
                }
            },
            {
                "query": {
                    "x1": -0.7190439488611267,
                    "x2": 0.0646782622669707
                },
                "metrics": {
                    "outcome": -0.4269705335765516
                },
                "metadata": {
                    "trials": 1
                }
            }
        ],
        [
            {
                "query": {
                    "x1": -0.708192176672166,
                    "x2": 0.0005653986108547105
                },
                "metrics": {
                    "outcome": -0.4288807953778871
                },
                "metadata": {
                    "trials": 1
                }
            },
            {
                "query": {
                    "x1": -0.7123803199611815,
                    "x2": 0.03402047742497492
                },
                "metrics": {
                    "outcome": -0.42836207727891357
                },
                "metadata": {
                    "trials": 1
                }
            },
            {
                "query": {
                    "x1": -0.6678565201743571,
                    "x2": 0.03585044130665784
                },
                "metrics": {
                    "outcome": -0.42698794228714204
                },
                "metadata": {
                    "trials": 1
                }
            }
        ],
        [
            {
                "query": {
                    "x1": -0.7081924885127514,
                    "x2": 0.0005652686831152846
                },
                "metrics": {
                    "outcome": -0.4288807948605997
                },
                "metadata": {
                    "trials": 1
                }
            },
            {
                "query": {
                    "x1": -0.7113605331893823,
                    "x2": 0.03458492329202208
                },
                "metrics": {
                    "outcome": -0.42835378526091805
                },
                "metadata": {
                    "trials": 1
                }
            },
            {
                "query": {
                    "x1": -0.7101647738859438,
                    "x2": -0.033280583331776296
                },
                "metrics": {
                    "outcome": -0.42839917624612894
                },
                "metadata": {
                    "trials": 1
                }
            }
        ],
        [
            {
                "query": {
                    "x1": -0.7071948666925257,
                    "x2": -0.00029823353341852107
                },
                "metrics": {
                    "outcome": -0.428881897679044
                },
                "metadata": {
                    "trials": 1
                }
            },
            {
                "query": {
                    "x1": -0.7057967062688761,
                    "x2": 0.02801183969846356
                },
                "metrics": {
                    "outcome": -0.4285440746852029
                },
                "metadata": {
                    "trials": 1
                }
            },
            {
                "query": {
                    "x1": -0.6758834280082416,
                    "x2": 0.01736006519548922
                },
                "metrics": {
                    "outcome": -0.4279048412261555
                },
                "metadata": {
                    "trials": 1
                }
            }
        ],
        [
            {
                "query": {
                    "x1": -0.707194906235461,
                    "x2": -0.0002982574064997936
                },
                "metrics": {
                    "outcome": -0.4288818976669603
                },
                "metadata": {
                    "trials": 1
                }
            },
            {
                "query": {
                    "x1": -0.7094498862449219,
                    "x2": 0.027691143351069116
                },
                "metrics": {
                    "outcome": -0.42854850168586733
                },
                "metadata": {
                    "trials": 1
                }
            },
            {
                "query": {
                    "x1": -0.71524390448505,
                    "x2": -0.026119493250221757
                },
                "metrics": {
                    "outcome": -0.4285329104106125
                },
                "metadata": {
                    "trials": 1
                }
            }
        ],
        [
            {
                "query": {
                    "x1": -0.7071948297881515,
                    "x2": -0.00029834623164695293
                },
                "metrics": {
                    "outcome": -0.428881897655784
                },
                "metadata": {
                    "trials": 1
                }
            },
            {
                "query": {
                    "x1": -0.7095805283081066,
                    "x2": 0.027656258783716033
                },
                "metrics": {
                    "outcome": -0.42854879067326135
                },
                "metadata": {
                    "trials": 1
                }
            },
            {
                "query": {
                    "x1": -0.7065387349951094,
                    "x2": 0.059433138903530525
                },
                "metrics": {
                    "outcome": -0.42736940023476105
                },
                "metadata": {
                    "trials": 1
                }
            }
        ],
        [
            {
                "query": {
                    "x1": -0.7071945653956223,
                    "x2": -0.0002989581002508544
                },
                "metrics": {
                    "outcome": -0.4288818975389138
                },
                "metadata": {
                    "trials": 1
                }
            },
            {
                "query": {
                    "x1": -0.7026742126420136,
                    "x2": 0.02768196263948049
                },
                "metrics": {
                    "outcome": -0.42853654480276654
                },
                "metadata": {
                    "trials": 1
                }
            },
            {
                "query": {
                    "x1": -0.7126954853258056,
                    "x2": -0.027062013935991697
                },
                "metrics": {
                    "outcome": -0.428541264154764
                },
                "metadata": {
                    "trials": 1
                }
            }
        ],
        [
            {
                "query": {
                    "x1": -0.7071946955078798,
                    "x2": -0.00029813362486216886
                },
                "metrics": {
                    "outcome": -0.4288818977304392
                },
                "metadata": {
                    "trials": 1
                }
            },
            {
                "query": {
                    "x1": -0.7155919006623018,
                    "x2": -0.026559518181162003
                },
                "metrics": {
                    "outcome": -0.42851804836557666
                },
                "metadata": {
                    "trials": 1
                }
            },
            {
                "query": {
                    "x1": -0.7046748802373097,
                    "x2": 0.02777295165024076
                },
                "metrics": {
                    "outcome": -0.4285461827654411
                },
                "metadata": {
                    "trials": 1
                }
            }
        ],
        [
            {
                "query": {
                    "x1": -0.7071641445152145,
                    "x2": -0.0001612305309236701
                },
                "metrics": {
                    "outcome": -0.42888192850900575
                },
                "metadata": {
                    "trials": 1
                }
            },
            {
                "query": {
                    "x1": -0.7066853449797247,
                    "x2": 0.026098462830648372
                },
                "metrics": {
                    "outcome": -0.42858976541693466
                },
                "metadata": {
                    "trials": 1
                }
            },
            {
                "query": {
                    "x1": -0.7325657657010515,
                    "x2": -0.003432462414559853
                },
                "metrics": {
                    "outcome": -0.4283277769657391
                },
                "metadata": {
                    "trials": 1
                }
            }
        ],
        [
            {
                "query": {
                    "x1": -0.7071640174502455,
                    "x2": -0.00016250997059658184
                },
                "metrics": {
                    "outcome": -0.42888192834385
                },
                "metadata": {
                    "trials": 1
                }
            },
            {
                "query": {
                    "x1": -0.6924207945969876,
                    "x2": 0.02481252900823407
                },
                "metrics": {
                    "outcome": -0.4284318306714911
                },
                "metadata": {
                    "trials": 1
                }
            },
            {
                "query": {
                    "x1": -0.6799106613716669,
                    "x2": -0.0001152625847740146
                },
                "metrics": {
                    "outcome": -0.42823961560585433
                },
                "metadata": {
                    "trials": 1
                }
            }
        ],
        [
            {
                "query": {
                    "x1": -0.7071649819988245,
                    "x2": -0.0001628352668491526
                },
                "metrics": {
                    "outcome": -0.42888192820295634
                },
                "metadata": {
                    "trials": 1
                }
            },
            {
                "query": {
                    "x1": -0.686935663912863,
                    "x2": 0.016134992693997773
                },
                "metrics": {
                    "outcome": -0.4284181461437668
                },
                "metadata": {
                    "trials": 1
                }
            },
            {
                "query": {
                    "x1": -0.7174573122107023,
                    "x2": 0.024013143510226133
                },
                "metrics": {
                    "outcome": -0.42854331785896815
                },
                "metadata": {
                    "trials": 1
                }
            }
        ],
        [
            {
                "query": {
                    "x1": -0.7071644848345455,
                    "x2": -0.0001614551537136411
                },
                "metrics": {
                    "outcome": -0.4288819284443311
                },
                "metadata": {
                    "trials": 1
                }
            },
            {
                "query": {
                    "x1": -0.7057240064186324,
                    "x2": 0.02627522487008552
                },
                "metrics": {
                    "outcome": -0.42858430992360813
                },
                "metadata": {
                    "trials": 1
                }
            },
            {
                "query": {
                    "x1": -0.7069557237303736,
                    "x2": -0.026669279885622437
                },
                "metrics": {
                    "outcome": -0.4285769888836352
                },
                "metadata": {
                    "trials": 1
                }
            }
        ],
        [
            {
                "query": {
                    "x1": -0.7071651670544035,
                    "x2": -0.00016223228627758812
                },
                "metrics": {
                    "outcome": -0.4288819282685158
                },
                "metadata": {
                    "trials": 1
                }
            },
            {
                "query": {
                    "x1": -0.6993189139415329,
                    "x2": 0.026357941834433605
                },
                "metrics": {
                    "outcome": -0.4285319067731783
                },
                "metadata": {
                    "trials": 1
                }
            },
            {
                "query": {
                    "x1": -0.6920675012427789,
                    "x2": -0.02129168677589356
                },
                "metrics": {
                    "outcome": -0.4284922852564461
                },
                "metadata": {
                    "trials": 1
                }
            }
        ],
        [
            {
                "query": {
                    "x1": -0.7071727406685663,
                    "x2": -9.965411295981261e-05
                },
                "metrics": {
                    "outcome": -0.42888193448943446
                },
                "metadata": {
                    "trials": 1
                }
            },
            {
                "query": {
                    "x1": -0.706568334684691,
                    "x2": 0.025721698348559304
                },
                "metrics": {
                    "outcome": -0.4285980369737288
                },
                "metadata": {
                    "trials": 1
                }
            },
            {
                "query": {
                    "x1": -0.8030373097244601,
                    "x2": 0.016123082607667705
                },
                "metrics": {
                    "outcome": -0.4212693019142308
                },
                "metadata": {
                    "trials": 1
                }
            }
        ],
        [
            {
                "query": {
                    "x1": -0.7071727846333469,
                    "x2": -9.96744358504458e-05
                },
                "metrics": {
                    "outcome": -0.4288819344827208
                },
                "metadata": {
                    "trials": 1
                }
            },
            {
                "query": {
                    "x1": -0.7140461015286562,
                    "x2": 0.024535004132128592
                },
                "metrics": {
                    "outcome": -0.4285827036160973
                },
                "metadata": {
                    "trials": 1
                }
            },
            {
                "query": {
                    "x1": -0.6861327372532035,
                    "x2": 0.029939339959440033
                },
                "metrics": {
                    "outcome": -0.42811703580262717
                },
                "metadata": {
                    "trials": 1
                }
            }
        ],
        [
            {
                "query": {
                    "x1": -0.7071730794383719,
                    "x2": -9.922136620252165e-05
                },
                "metrics": {
                    "outcome": -0.428881934487915
                },
                "metadata": {
                    "trials": 1
                }
            },
            {
                "query": {
                    "x1": -0.7108771804571093,
                    "x2": 0.025681041196373766
                },
                "metrics": {
                    "outcome": -0.4285870171729234
                },
                "metadata": {
                    "trials": 1
                }
            },
            {
                "query": {
                    "x1": -0.6857208565778102,
                    "x2": 0.03507934862800957
                },
                "metrics": {
                    "outcome": -0.42795882019622866
                },
                "metadata": {
                    "trials": 1
                }
            }
        ],
        [
            {
                "query": {
                    "x1": -0.7071727495681795,
                    "x2": -9.970767783229684e-05
                },
                "metrics": {
                    "outcome": -0.4288819344838475
                },
                "metadata": {
                    "trials": 1
                }
            },
            {
                "query": {
                    "x1": -0.7037565528429427,
                    "x2": -0.025805797944750027
                },
                "metrics": {
                    "outcome": -0.4285867919585621
                },
                "metadata": {
                    "trials": 1
                }
            },
            {
                "query": {
                    "x1": -0.7084109049607755,
                    "x2": 0.025681937028053832
                },
                "metrics": {
                    "outcome": -0.42859770458903285
                },
                "metadata": {
                    "trials": 1
                }
            }
        ],
        [
            {
                "query": {
                    "x1": -0.7071726632278906,
                    "x2": -9.930702628536096e-05
                },
                "metrics": {
                    "outcome": -0.42888193452780893
                },
                "metadata": {
                    "trials": 1
                }
            },
            {
                "query": {
                    "x1": -0.7104652463593496,
                    "x2": 0.025296577835483752
                },
                "metrics": {
                    "outcome": -0.4285979280770746
                },
                "metadata": {
                    "trials": 1
                }
            },
            {
                "query": {
                    "x1": -0.6855708637827929,
                    "x2": 0.011808922632004943
                },
                "metrics": {
                    "outcome": -0.42842042252282975
                },
                "metadata": {
                    "trials": 1
                }
            }
        ],
        [
            {
                "query": {
                    "x1": -0.7071542049051461,
                    "x2": -9.478178520603745e-05
                },
                "metrics": {
                    "outcome": -0.42888193669837965
                },
                "metadata": {
                    "trials": 1
                }
            },
            {
                "query": {
                    "x1": -0.706519014906353,
                    "x2": 0.025408784456902214
                },
                "metrics": {
                    "outcome": -0.42860484672413046
                },
                "metadata": {
                    "trials": 1
                }
            },
            {
                "query": {
                    "x1": -0.7298258144795484,
                    "x2": 0.009943570402114315
                },
                "metrics": {
                    "outcome": -0.4284016976333867
                },
                "metadata": {
                    "trials": 1
                }
            }
        ],
        [
            {
                "query": {
                    "x1": -0.7071539462893894,
                    "x2": -9.475931882266277e-05
                },
                "metrics": {
                    "outcome": -0.42888193672118796
                },
                "metadata": {
                    "trials": 1
                }
            },
            {
                "query": {
                    "x1": -0.7084896254314346,
                    "x2": -0.025367450037013507
                },
                "metrics": {
                    "outcome": -0.4286044043652476
                },
                "metadata": {
                    "trials": 1
                }
            },
            {
                "query": {
                    "x1": -0.7104392805736537,
                    "x2": 0.02533567776939352
                },
                "metrics": {
                    "outcome": -0.4285972281499439
                },
                "metadata": {
                    "trials": 1
                }
            }
        ],
        [
            {
                "query": {
                    "x1": -0.7071545722680057,
                    "x2": -9.51377401391844e-05
                },
                "metrics": {
                    "outcome": -0.42888193663938384
                },
                "metadata": {
                    "trials": 1
                }
            },
            {
                "query": {
                    "x1": -0.7068364071658607,
                    "x2": 0.0248894241156421
                },
                "metrics": {
                    "outcome": -0.42861627682567016
                },
                "metadata": {
                    "trials": 1
                }
            },
            {
                "query": {
                    "x1": -0.6810235657423005,
                    "x2": 0.0237152282202306
                },
                "metrics": {
                    "outcome": -0.4280505949174194
                },
                "metadata": {
                    "trials": 1
                }
            }
        ],
        [
            {
                "query": {
                    "x1": -0.7071544714510751,
                    "x2": -9.465690451533826e-05
                },
                "metrics": {
                    "outcome": -0.42888193668678026
                },
                "metadata": {
                    "trials": 1
                }
            },
            {
                "query": {
                    "x1": -0.7092317258760604,
                    "x2": 0.025423261718925016
                },
                "metrics": {
                    "outcome": -0.428600960781808
                },
                "metadata": {
                    "trials": 1
                }
            },
            {
                "query": {
                    "x1": -0.6814974739792037,
                    "x2": -0.010528829773353898
                },
                "metrics": {
                    "outcome": -0.428265307671053
                },
                "metadata": {
                    "trials": 1
                }
            }
        ],
        [
            {
                "query": {
                    "x1": -0.7071546038648645,
                    "x2": -9.521445893607221e-05
                },
                "metrics": {
                    "outcome": -0.42888193663052926
                },
                "metadata": {
                    "trials": 1
                }
            },
            {
                "query": {
                    "x1": -0.7072140925835694,
                    "x2": -0.025608815373865623
                },
                "metrics": {
                    "outcome": -0.42860075914021883
                },
                "metadata": {
                    "trials": 1
                }
            },
            {
                "query": {
                    "x1": -0.7112841201755252,
                    "x2": 0.025315468930420356
                },
                "metrics": {
                    "outcome": -0.42859224275165575
                },
                "metadata": {
                    "trials": 1
                }
            }
        ]
    ]
}