{
    "date": "10/11/2022 09:59:57",
    "basic_params": {
        "active_variables": [
            "x1",
            "x2"
        ],
        "default_query": {},
        "metric": "basic",
        "n_trials": 1
    },
    "objective_function": {
        "name": "Gramacy2D",
        "params": {}
    },
    "optimizer": {
        "name": "BO-MCMC-250-LCB",
        "params": {
            "lower_bound": [
                -2.0,
                -2.0
            ],
            "upper_bound": [
                6.0,
                6.0
            ],
            "invert_metric": false,
            "bopt_params": {
                "n_init_samples": 15,
                "n_iterations": 45,
                "n_iter_relearn": 5,
                "verbose_level": 0,
                "n_parallel_samples": 3,
                "par_type": "PAR_MCMC",
                "l_type": "L_MCMC",
                "burnout_mcmc_parallel": 250,
                "crit_name": "cLCBnorm",
                "n_crit_params": 1,
                "crit_params": [
                    2.0
                ]
            }
        }
    },
    "execution_time": 39.15269374847412,
    "best_results": [
        {
            "query": {
                "x1": -0.7731360702503676,
                "x2": -0.03736837368781498
            },
            "metrics": [
                {
                    "name": "outcome",
                    "value": -0.4246729245762948
                }
            ]
        }
    ],
    "iterations": [
        [
            {
                "query": {
                    "x1": 4.199992123618722,
                    "x2": 2.8794141005724665
                },
                "metrics": {
                    "outcome": 2.2991954832621635e-11
                },
                "metadata": {
                    "trials": 1
                }
            }
        ],
        [
            {
                "query": {
                    "x1": -1.3518376258512337,
                    "x2": -0.4240256973852714
                },
                "metrics": {
                    "outcome": -0.1816274101011599
                },
                "metadata": {
                    "trials": 1
                }
            }
        ],
        [
            {
                "query": {
                    "x1": 4.9029005439331135,
                    "x2": -1.5458269099394482
                },
                "metrics": {
                    "outcome": 1.6327217727189288e-11
                },
                "metadata": {
                    "trials": 1
                }
            }
        ],
        [
            {
                "query": {
                    "x1": 2.1526431186745567,
                    "x2": 2.460821678986152
                },
                "metrics": {
                    "outcome": 4.9042696235086154e-05
                },
                "metadata": {
                    "trials": 1
                }
            }
        ],
        [
            {
                "query": {
                    "x1": -1.8971693043907483,
                    "x2": 5.619084881991148
                },
                "metrics": {
                    "outcome": -1.005789745995931e-15
                },
                "metadata": {
                    "trials": 1
                }
            }
        ],
        [
            {
                "query": {
                    "x1": 5.528265196581682,
                    "x2": 1.0798013382901748
                },
                "metrics": {
                    "outcome": 9.192411866969445e-14
                },
                "metadata": {
                    "trials": 1
                }
            }
        ],
        [
            {
                "query": {
                    "x1": 1.2331434446076552,
                    "x2": 5.283088029424349
                },
                "metrics": {
                    "outcome": 2.0370667033680723e-13
                },
                "metadata": {
                    "trials": 1
                }
            }
        ],
        [
            {
                "query": {
                    "x1": 3.1766869167486824,
                    "x2": 4.221536030123631
                },
                "metrics": {
                    "outcome": 2.3968459819071236e-12
                },
                "metadata": {
                    "trials": 1
                }
            }
        ],
        [
            {
                "query": {
                    "x1": 5.2427338469773535,
                    "x2": 0.573840833455324
                },
                "metrics": {
                    "outcome": 4.359305311098189e-12
                },
                "metadata": {
                    "trials": 1
                }
            }
        ],
        [
            {
                "query": {
                    "x1": 0.2682672577599683,
                    "x2": 1.8271386412282786
                },
                "metrics": {
                    "outcome": 0.008860301365461556
                },
                "metadata": {
                    "trials": 1
                }
            }
        ],
        [
            {
                "query": {
                    "x1": 2.379654706393679,
                    "x2": -0.3353051049013933
                },
                "metrics": {
                    "outcome": 0.007385544470149405
                },
                "metadata": {
                    "trials": 1
                }
            }
        ],
        [
            {
                "query": {
                    "x1": -0.6063172860691945,
                    "x2": 1.2981506161391736
                },
                "metrics": {
                    "outcome": -0.07783473134261244
                },
                "metadata": {
                    "trials": 1
                }
            }
        ],
        [
            {
                "query": {
                    "x1": 1.0190395342806977,
                    "x2": 3.6195709149042763
                },
                "metrics": {
                    "outcome": 7.368550573595265e-07
                },
                "metadata": {
                    "trials": 1
                }
            }
        ],
        [
            {
                "query": {
                    "x1": -0.12200121693313126,
                    "x2": 4.75215548214813
                },
                "metrics": {
                    "outcome": -1.871697438114622e-11
                },
                "metadata": {
                    "trials": 1
                }
            }
        ],
        [
            {
                "query": {
                    "x1": 3.75106035048763,
                    "x2": -1.0951985610028108
                },
                "metrics": {
                    "outcome": 8.760216069205707e-07
                },
                "metadata": {
                    "trials": 1
                }
            }
        ],
        [
            {
                "query": {
                    "x1": 1.027456721290946,
                    "x2": 4.740851890295744
                },
                "metrics": {
                    "outcome": 6.197702192172338e-11
                },
                "metadata": {
                    "trials": 1
                }
            },
            {
                "query": {
                    "x1": -0.4194667679179698,
                    "x2": -0.8232390411041006
                },
                "metrics": {
                    "outcome": -0.1786287118698884
                },
                "metadata": {
                    "trials": 1
                }
            },
            {
                "query": {
                    "x1": 3.4164237205096812,
                    "x2": 2.82764013936778
                },
                "metrics": {
                    "outcome": 9.819403226791286e-09
                },
                "metadata": {
                    "trials": 1
                }
            }
        ],
        [
            {
                "query": {
                    "x1": 3.135929653795529,
                    "x2": -0.29332624705385113
                },
                "metrics": {
                    "outcome": 0.00015421398448951852
                },
                "metadata": {
                    "trials": 1
                }
            },
            {
                "query": {
                    "x1": -0.07270596839561283,
                    "x2": -0.4429391413889707
                },
                "metrics": {
                    "outcome": -0.05943850428083985
                },
                "metadata": {
                    "trials": 1
                }
            },
            {
                "query": {
                    "x1": -0.10714972800586287,
                    "x2": -0.04202068282571059
                },
                "metrics": {
                    "outcome": -0.10573969659742542
                },
                "metadata": {
                    "trials": 1
                }
            }
        ],
        [
            {
                "query": {
                    "x1": 0.7840134224202786,
                    "x2": 3.2718780997862433
                },
                "metrics": {
                    "outcome": 9.50975461346647e-06
                },
                "metadata": {
                    "trials": 1
                }
            },
            {
                "query": {
                    "x1": -1.548317638338904,
                    "x2": -1.5222294329306396
                },
                "metrics": {
                    "outcome": -0.01388007377344481
                },
                "metadata": {
                    "trials": 1
                }
            },
            {
                "query": {
                    "x1": -0.7562065762581971,
                    "x2": 0.47551935627062925
                },
                "metrics": {
                    "outcome": -0.3404769891470367
                },
                "metadata": {
                    "trials": 1
                }
            }
        ],
        [
            {
                "query": {
                    "x1": -1.3731254350742512,
                    "x2": 1.349155458496623
                },
                "metrics": {
                    "outcome": -0.0337557525374846
                },
                "metadata": {
                    "trials": 1
                }
            },
            {
                "query": {
                    "x1": -0.06662154181480884,
                    "x2": -0.6059043642023456
                },
                "metrics": {
                    "outcome": -0.04594612192508845
                },
                "metadata": {
                    "trials": 1
                }
            },
            {
                "query": {
                    "x1": -0.010045623494660205,
                    "x2": 5.472304049768538
                },
                "metrics": {
                    "outcome": -9.9197800408449e-16
                },
                "metadata": {
                    "trials": 1
                }
            }
        ],
        [
            {
                "query": {
                    "x1": -0.8650459831455739,
                    "x2": 0.36893817486109004
                },
                "metrics": {
                    "outcome": -0.3572238926198127
                },
                "metadata": {
                    "trials": 1
                }
            },
            {
                "query": {
                    "x1": -1.110590218571935,
                    "x2": -1.4397883307142971
                },
                "metrics": {
                    "outcome": -0.040700721134475676
                },
                "metadata": {
                    "trials": 1
                }
            },
            {
                "query": {
                    "x1": -1.2473787884688066,
                    "x2": -0.716147894374048
                },
                "metrics": {
                    "outcome": -0.1575870510743918
                },
                "metadata": {
                    "trials": 1
                }
            }
        ],
        [
            {
                "query": {
                    "x1": -0.5205649212002754,
                    "x2": 0.963745454326272
                },
                "metrics": {
                    "outcome": -0.15682357868676297
                },
                "metadata": {
                    "trials": 1
                }
            },
            {
                "query": {
                    "x1": 5.057834016635371,
                    "x2": 4.423713939757845
                },
                "metrics": {
                    "outcome": 1.2449870620652022e-19
                },
                "metadata": {
                    "trials": 1
                }
            },
            {
                "query": {
                    "x1": 2.9746031096319934,
                    "x2": 0.37270122829174657
                },
                "metrics": {
                    "outcome": 0.00037183541148891254
                },
                "metadata": {
                    "trials": 1
                }
            }
        ],
        [
            {
                "query": {
                    "x1": 2.3909878651000938,
                    "x2": 5.393382164016397
                },
                "metrics": {
                    "outcome": 1.8314149594050575e-15
                },
                "metadata": {
                    "trials": 1
                }
            },
            {
                "query": {
                    "x1": 4.326095379889011,
                    "x2": 3.8586818613111973
                },
                "metrics": {
                    "outcome": 1.1011220821363054e-14
                },
                "metadata": {
                    "trials": 1
                }
            },
            {
                "query": {
                    "x1": 0.29182929763802035,
                    "x2": -1.5306580663405256
                },
                "metrics": {
                    "outcome": 0.02574114228967273
                },
                "metadata": {
                    "trials": 1
                }
            }
        ],
        [
            {
                "query": {
                    "x1": 1.3023782074451447,
                    "x2": 1.187956953421235
                },
                "metrics": {
                    "outcome": 0.058236746815947205
                },
                "metadata": {
                    "trials": 1
                }
            },
            {
                "query": {
                    "x1": 5.03933546833871,
                    "x2": 2.53525337326621
                },
                "metrics": {
                    "outcome": 7.622115033774591e-14
                },
                "metadata": {
                    "trials": 1
                }
            },
            {
                "query": {
                    "x1": -0.6530035329334116,
                    "x2": 5.274805496080063
                },
                "metrics": {
                    "outcome": -3.5164319818699477e-13
                },
                "metadata": {
                    "trials": 1
                }
            }
        ],
        [
            {
                "query": {
                    "x1": 5.864849048295961,
                    "x2": -1.08775839747577
                },
                "metrics": {
                    "outcome": 2.0711012039139656e-15
                },
                "metadata": {
                    "trials": 1
                }
            },
            {
                "query": {
                    "x1": -0.8205673311577715,
                    "x2": 0.7975367885370899
                },
                "metrics": {
                    "outcome": -0.2215393651053358
                },
                "metadata": {
                    "trials": 1
                }
            },
            {
                "query": {
                    "x1": 5.267012905307066,
                    "x2": 2.2751699194359256
                },
                "metrics": {
                    "outcome": 2.6640075470671997e-14
                },
                "metadata": {
                    "trials": 1
                }
            }
        ],
        [
            {
                "query": {
                    "x1": 1.0243578367573494,
                    "x2": 1.7328116220580143
                },
                "metrics": {
                    "outcome": 0.017812066114515614
                },
                "metadata": {
                    "trials": 1
                }
            },
            {
                "query": {
                    "x1": 1.2693616588355945,
                    "x2": 4.8666102931033
                },
                "metrics": {
                    "outcome": 1.3122922278274729e-11
                },
                "metadata": {
                    "trials": 1
                }
            },
            {
                "query": {
                    "x1": 2.9751283975465563,
                    "x2": 5.618372961989652
                },
                "metrics": {
                    "outcome": 8.325433852258126e-18
                },
                "metadata": {
                    "trials": 1
                }
            }
        ],
        [
            {
                "query": {
                    "x1": 3.996398175714136,
                    "x2": 1.113244468462295
                },
                "metrics": {
                    "outcome": 1.3404126642373746e-07
                },
                "metadata": {
                    "trials": 1
                }
            },
            {
                "query": {
                    "x1": 1.8277842256003507,
                    "x2": -1.5179011065924746
                },
                "metrics": {
                    "outcome": 0.006462658475060942
                },
                "metadata": {
                    "trials": 1
                }
            },
            {
                "query": {
                    "x1": -0.21501433663070202,
                    "x2": 4.14870815910399
                },
                "metrics": {
                    "outcome": -6.87715267908315e-09
                },
                "metadata": {
                    "trials": 1
                }
            }
        ],
        [
            {
                "query": {
                    "x1": 1.2043813561552428,
                    "x2": 5.721945274581369
                },
                "metrics": {
                    "outcome": 1.704974673341179e-15
                },
                "metadata": {
                    "trials": 1
                }
            },
            {
                "query": {
                    "x1": -0.8276282238069022,
                    "x2": 2.2783942900382126
                },
                "metrics": {
                    "outcome": -0.00232220004309285
                },
                "metadata": {
                    "trials": 1
                }
            },
            {
                "query": {
                    "x1": 5.545186391261577,
                    "x2": -0.1377525036317202
                },
                "metrics": {
                    "outcome": 2.4072104256806927e-13
                },
                "metadata": {
                    "trials": 1
                }
            }
        ],
        [
            {
                "query": {
                    "x1": -1.4575901601261694,
                    "x2": -0.5513324559779165
                },
                "metrics": {
                    "outcome": -0.12850955041059128
                },
                "metadata": {
                    "trials": 1
                }
            },
            {
                "query": {
                    "x1": 5.9033598401856855,
                    "x2": 3.337560919508456
                },
                "metrics": {
                    "outcome": 6.285549188173831e-20
                },
                "metadata": {
                    "trials": 1
                }
            },
            {
                "query": {
                    "x1": 4.011931479716071,
                    "x2": 1.7481787281990422
                },
                "metrics": {
                    "outcome": 1.9313716914007855e-08
                },
                "metadata": {
                    "trials": 1
                }
            }
        ],
        [
            {
                "query": {
                    "x1": -0.5737379472702742,
                    "x2": -0.04128315858542919
                },
                "metrics": {
                    "outcome": -0.4121112029062733
                },
                "metadata": {
                    "trials": 1
                }
            },
            {
                "query": {
                    "x1": 5.4479929488152266,
                    "x2": 2.6914980988949537
                },
                "metrics": {
                    "outcome": 5.011922508820939e-16
                },
                "metadata": {
                    "trials": 1
                }
            },
            {
                "query": {
                    "x1": 3.1120445563206953,
                    "x2": 0.22149717211680864
                },
                "metrics": {
                    "outcome": 0.0001843632809234201
                },
                "metadata": {
                    "trials": 1
                }
            }
        ],
        [
            {
                "query": {
                    "x1": 2.5013023800051988,
                    "x2": -0.9268844267432033
                },
                "metrics": {
                    "outcome": 0.0020318333030514666
                },
                "metadata": {
                    "trials": 1
                }
            },
            {
                "query": {
                    "x1": 5.460478426773876,
                    "x2": -0.6372860781467762
                },
                "metrics": {
                    "outcome": 4.088525632969597e-13
                },
                "metadata": {
                    "trials": 1
                }
            },
            {
                "query": {
                    "x1": -0.09624427370727062,
                    "x2": -1.4885788522660732
                },
                "metrics": {
                    "outcome": -0.010399518612458192
                },
                "metadata": {
                    "trials": 1
                }
            }
        ],
        [
            {
                "query": {
                    "x1": -1.1711121057435927,
                    "x2": -0.6561858904217492
                },
                "metrics": {
                    "outcome": -0.1931806201680091
                },
                "metadata": {
                    "trials": 1
                }
            },
            {
                "query": {
                    "x1": 1.6342259720948387,
                    "x2": -0.5883738130501166
                },
                "metrics": {
                    "outcome": 0.08000157227525771
                },
                "metadata": {
                    "trials": 1
                }
            },
            {
                "query": {
                    "x1": 2.869075847341528,
                    "x2": 4.566522858439216
                },
                "metrics": {
                    "outcome": 6.705103467322454e-13
                },
                "metadata": {
                    "trials": 1
                }
            }
        ],
        [
            {
                "query": {
                    "x1": 3.452523398755968,
                    "x2": 2.5142274659809516
                },
                "metrics": {
                    "outcome": 4.131037383664464e-08
                },
                "metadata": {
                    "trials": 1
                }
            },
            {
                "query": {
                    "x1": 4.098280407488346,
                    "x2": 3.9666816387325525
                },
                "metrics": {
                    "outcome": 3.05351459484628e-14
                },
                "metadata": {
                    "trials": 1
                }
            },
            {
                "query": {
                    "x1": 4.2052255197411315,
                    "x2": 2.5825561226032807
                },
                "metrics": {
                    "outcome": 1.114784435665114e-10
                },
                "metadata": {
                    "trials": 1
                }
            }
        ],
        [
            {
                "query": {
                    "x1": 4.004138003418879,
                    "x2": 4.69784288760715
                },
                "metrics": {
                    "outcome": 1.1341016821534025e-16
                },
                "metadata": {
                    "trials": 1
                }
            },
            {
                "query": {
                    "x1": 4.474379152956311,
                    "x2": 5.872664813191458
                },
                "metrics": {
                    "outcome": 9.508147139192757e-24
                },
                "metadata": {
                    "trials": 1
                }
            },
            {
                "query": {
                    "x1": 3.8522939908037364,
                    "x2": 3.0730944109958447
                },
                "metrics": {
                    "outcome": 1.0946574596453098e-10
                },
                "metadata": {
                    "trials": 1
                }
            }
        ],
        [
            {
                "query": {
                    "x1": 1.6559720639385125,
                    "x2": 2.134633056602336
                },
                "metrics": {
                    "outcome": 0.0011199025832873332
                },
                "metadata": {
                    "trials": 1
                }
            },
            {
                "query": {
                    "x1": 0.9277466325514796,
                    "x2": 5.5143585993494
                },
                "metrics": {
                    "outcome": 2.4408104035053016e-14
                },
                "metadata": {
                    "trials": 1
                }
            },
            {
                "query": {
                    "x1": -1.306223625493642,
                    "x2": 0.4300775786359283
                },
                "metrics": {
                    "outcome": -0.19709949284221992
                },
                "metadata": {
                    "trials": 1
                }
            }
        ],
        [
            {
                "query": {
                    "x1": -1.8139242129928435,
                    "x2": 0.0747793988588974
                },
                "metrics": {
                    "outcome": -0.06717726298785809
                },
                "metadata": {
                    "trials": 1
                }
            },
            {
                "query": {
                    "x1": 1.0534607788216626,
                    "x2": 2.1621036919406977
                },
                "metrics": {
                    "outcome": 0.0032393218940084357
                },
                "metadata": {
                    "trials": 1
                }
            },
            {
                "query": {
                    "x1": 4.38137337384085,
                    "x2": 0.18433116555255724
                },
                "metrics": {
                    "outcome": 1.9496158540936494e-08
                },
                "metadata": {
                    "trials": 1
                }
            }
        ],
        [
            {
                "query": {
                    "x1": -1.00887768343091,
                    "x2": 3.7826838437467813
                },
                "metrics": {
                    "outcome": -2.2264378187191675e-07
                },
                "metadata": {
                    "trials": 1
                }
            },
            {
                "query": {
                    "x1": -1.4067345658677295,
                    "x2": 1.0670001987851379
                },
                "metrics": {
                    "outcome": -0.06227965601548312
                },
                "metadata": {
                    "trials": 1
                }
            },
            {
                "query": {
                    "x1": 5.156116590827635,
                    "x2": 2.1542214246131692
                },
                "metrics": {
                    "outcome": 1.4156399097737602e-13
                },
                "metadata": {
                    "trials": 1
                }
            }
        ],
        [
            {
                "query": {
                    "x1": -0.6200750412217704,
                    "x2": 1.7934450661537875
                },
                "metrics": {
                    "outcome": -0.016926869030878245
                },
                "metadata": {
                    "trials": 1
                }
            },
            {
                "query": {
                    "x1": 3.1772601331585797,
                    "x2": 0.9773921197827944
                },
                "metrics": {
                    "outcome": 5.046360989824112e-05
                },
                "metadata": {
                    "trials": 1
                }
            },
            {
                "query": {
                    "x1": 5.842225754913097,
                    "x2": 4.715878854541533
                },
                "metrics": {
                    "outcome": 1.9271436574063322e-24
                },
                "metadata": {
                    "trials": 1
                }
            }
        ],
        [
            {
                "query": {
                    "x1": -0.6436170492726239,
                    "x2": 1.0703418739850656
                },
                "metrics": {
                    "outcome": -0.13526411464200327
                },
                "metadata": {
                    "trials": 1
                }
            },
            {
                "query": {
                    "x1": 0.010717016409190094,
                    "x2": 4.650367133009862
                },
                "metrics": {
                    "outcome": 4.345189223987256e-12
                },
                "metadata": {
                    "trials": 1
                }
            },
            {
                "query": {
                    "x1": -0.8457892644595051,
                    "x2": -0.9421864269069329
                },
                "metrics": {
                    "outcome": -0.17023766485387384
                },
                "metadata": {
                    "trials": 1
                }
            }
        ],
        [
            {
                "query": {
                    "x1": -0.364372918525927,
                    "x2": -1.0151614534839246
                },
                "metrics": {
                    "outcome": -0.11384722798362987
                },
                "metadata": {
                    "trials": 1
                }
            },
            {
                "query": {
                    "x1": 2.377972703360437,
                    "x2": 0.9073152663916062
                },
                "metrics": {
                    "outcome": 0.003654752691352617
                },
                "metadata": {
                    "trials": 1
                }
            },
            {
                "query": {
                    "x1": 4.746701080262226,
                    "x2": 0.3656497428246186
                },
                "metrics": {
                    "outcome": 6.810257404705206e-10
                },
                "metadata": {
                    "trials": 1
                }
            }
        ],
        [
            {
                "query": {
                    "x1": -1.5762980754280733,
                    "x2": 2.4036110325252125
                },
                "metrics": {
                    "outcome": -0.00040688396535879006
                },
                "metadata": {
                    "trials": 1
                }
            },
            {
                "query": {
                    "x1": 5.877979063419168,
                    "x2": 3.2375191141894124
                },
                "metrics": {
                    "outcome": 1.6293185962195633e-19
                },
                "metadata": {
                    "trials": 1
                }
            },
            {
                "query": {
                    "x1": -1.9626558837539259,
                    "x2": 3.9262527896238826
                },
                "metrics": {
                    "outcome": -8.415585047735545e-09
                },
                "metadata": {
                    "trials": 1
                }
            }
        ],
        [
            {
                "query": {
                    "x1": 5.442473255268706,
                    "x2": 5.404386661067609
                },
                "metrics": {
                    "outcome": 1.5387195480631403e-25
                },
                "metadata": {
                    "trials": 1
                }
            },
            {
                "query": {
                    "x1": 3.1332072529063533,
                    "x2": 2.4109511406570867
                },
                "metrics": {
                    "outcome": 5.10632373680231e-07
                },
                "metadata": {
                    "trials": 1
                }
            },
            {
                "query": {
                    "x1": 4.918886067345738,
                    "x2": -0.07832207344472408
                },
                "metrics": {
                    "outcome": 1.5179466524123058e-10
                },
                "metadata": {
                    "trials": 1
                }
            }
        ],
        [
            {
                "query": {
                    "x1": -0.8796819504350424,
                    "x2": 2.0338705107569695
                },
                "metrics": {
                    "outcome": -0.00648240013983667
                },
                "metadata": {
                    "trials": 1
                }
            },
            {
                "query": {
                    "x1": 1.4395307836746145,
                    "x2": 2.999222918470796
                },
                "metrics": {
                    "outcome": 2.2471341403726686e-05
                },
                "metadata": {
                    "trials": 1
                }
            },
            {
                "query": {
                    "x1": 4.247281532263539,
                    "x2": 1.6056037521929132
                },
                "metrics": {
                    "outcome": 4.721757832455013e-09
                },
                "metadata": {
                    "trials": 1
                }
            }
        ],
        [
            {
                "query": {
                    "x1": -0.7731360702503676,
                    "x2": -0.03736837368781498
                },
                "metrics": {
                    "outcome": -0.4246729245762948
                },
                "metadata": {
                    "trials": 1
                }
            },
            {
                "query": {
                    "x1": 2.3452083218341047,
                    "x2": -1.5166130361666208
                },
                "metrics": {
                    "outcome": 0.000960801294663079
                },
                "metadata": {
                    "trials": 1
                }
            },
            {
                "query": {
                    "x1": 3.3336583523331154,
                    "x2": 4.3828052142951766
                },
                "metrics": {
                    "outcome": 2.2601178493658633e-13
                },
                "metadata": {
                    "trials": 1
                }
            }
        ],
        [
            {
                "query": {
                    "x1": 3.569345730847126,
                    "x2": 1.6122686022990247
                },
                "metrics": {
                    "outcome": 7.7744208691491e-07
                },
                "metadata": {
                    "trials": 1
                }
            },
            {
                "query": {
                    "x1": 1.991375548293318,
                    "x2": 5.795873286186129
                },
                "metrics": {
                    "outcome": 9.728390704300945e-17
                },
                "metadata": {
                    "trials": 1
                }
            },
            {
                "query": {
                    "x1": 5.21695695258677,
                    "x2": 5.373072925955057
                },
                "metrics": {
                    "outcome": 2.2873729867674736e-24
                },
                "metadata": {
                    "trials": 1
                }
            }
        ],
        [
            {
                "query": {
                    "x1": 5.374249566053164,
                    "x2": 1.9840550682110512
                },
                "metrics": {
                    "outcome": 3.0004951908059716e-14
                },
                "metadata": {
                    "trials": 1
                }
            },
            {
                "query": {
                    "x1": 5.601326629519463,
                    "x2": 5.806591037660837
                },
                "metrics": {
                    "outcome": 3.016286932647358e-28
                },
                "metadata": {
                    "trials": 1
                }
            },
            {
                "query": {
                    "x1": 1.5781321730464697,
                    "x2": -1.6678675767034292
                },
                "metrics": {
                    "outcome": 0.008098783366474892
                },
                "metadata": {
                    "trials": 1
                }
            }
        ],
        [
            {
                "query": {
                    "x1": 3.840632151005015,
                    "x2": 5.317226045054874
                },
                "metrics": {
                    "outcome": 7.935970153310541e-19
                },
                "metadata": {
                    "trials": 1
                }
            },
            {
                "query": {
                    "x1": -1.9102778372936073,
                    "x2": -0.48476804954163955
                },
                "metrics": {
                    "outcome": -0.03928498942738762
                },
                "metadata": {
                    "trials": 1
                }
            },
            {
                "query": {
                    "x1": -1.160388944670558,
                    "x2": 3.546982942149043
                },
                "metrics": {
                    "outcome": -1.0373561461570738e-06
                },
                "metadata": {
                    "trials": 1
                }
            }
        ],
        [
            {
                "query": {
                    "x1": 2.259782788033985,
                    "x2": 1.4545004851175816
                },
                "metrics": {
                    "outcome": 0.0016500969864571109
                },
                "metadata": {
                    "trials": 1
                }
            },
            {
                "query": {
                    "x1": -0.4133007600903511,
                    "x2": -0.1757803950458765
                },
                "metrics": {
                    "outcome": -0.3378017871846529
                },
                "metadata": {
                    "trials": 1
                }
            },
            {
                "query": {
                    "x1": 3.2181942110097133,
                    "x2": -0.6141305458961843
                },
                "metrics": {
                    "outcome": 7.013350563728103e-05
                },
                "metadata": {
                    "trials": 1
                }
            }
        ],
        [
            {
                "query": {
                    "x1": -0.6706089550448229,
                    "x2": -0.3296804235059898
                },
                "metrics": {
                    "outcome": -0.3836691664318529
                },
                "metadata": {
                    "trials": 1
                }
            },
            {
                "query": {
                    "x1": 2.2533987233680577,
                    "x2": 5.383102012514736
                },
                "metrics": {
                    "outcome": 3.653271003080343e-15
                },
                "metadata": {
                    "trials": 1
                }
            },
            {
                "query": {
                    "x1": 4.206871883943677,
                    "x2": -0.10162697918713093
                },
                "metrics": {
                    "outcome": 8.5788597141122e-08
                },
                "metadata": {
                    "trials": 1
                }
            }
        ],
        [
            {
                "query": {
                    "x1": 1.1202994063676988,
                    "x2": -1.9852356553833128
                },
                "metrics": {
                    "outcome": 0.006203538706634511
                },
                "metadata": {
                    "trials": 1
                }
            },
            {
                "query": {
                    "x1": -1.0103352466253182,
                    "x2": 2.9044077077190638
                },
                "metrics": {
                    "outcome": -7.899869377701792e-05
                },
                "metadata": {
                    "trials": 1
                }
            },
            {
                "query": {
                    "x1": -0.18858967472348032,
                    "x2": 0.24904228068557144
                },
                "metrics": {
                    "outcome": -0.17105506098876447
                },
                "metadata": {
                    "trials": 1
                }
            }
        ],
        [
            {
                "query": {
                    "x1": -0.4749897965587542,
                    "x2": -0.07217794093403462
                },
                "metrics": {
                    "outcome": -0.37708414577403426
                },
                "metadata": {
                    "trials": 1
                }
            },
            {
                "query": {
                    "x1": 5.636686632409692,
                    "x2": 5.503433452919126
                },
                "metrics": {
                    "outcome": 6.2907353048916226e-27
                },
                "metadata": {
                    "trials": 1
                }
            },
            {
                "query": {
                    "x1": 0.05622630069753054,
                    "x2": 4.757702775315699
                },
                "metrics": {
                    "outcome": 8.279258184839835e-12
                },
                "metadata": {
                    "trials": 1
                }
            }
        ],
        [
            {
                "query": {
                    "x1": -1.2148214895278215,
                    "x2": 0.05155205726623535
                },
                "metrics": {
                    "outcome": -0.27696843780530883
                },
                "metadata": {
                    "trials": 1
                }
            },
            {
                "query": {
                    "x1": 2.4842754841614028,
                    "x2": 4.642478357668735
                },
                "metrics": {
                    "outcome": 2.263182921196533e-12
                },
                "metadata": {
                    "trials": 1
                }
            },
            {
                "query": {
                    "x1": 0.8546893410384655,
                    "x2": 2.0739374458789825
                },
                "metrics": {
                    "outcome": 0.005579101042906743
                },
                "metadata": {
                    "trials": 1
                }
            }
        ],
        [
            {
                "query": {
                    "x1": 0.426370352989498,
                    "x2": 3.9375284727111195
                },
                "metrics": {
                    "outcome": 6.568671831066426e-08
                },
                "metadata": {
                    "trials": 1
                }
            },
            {
                "query": {
                    "x1": 4.513213218430103,
                    "x2": 3.3408446208697207
                },
                "metrics": {
                    "outcome": 9.14186425434101e-14
                },
                "metadata": {
                    "trials": 1
                }
            },
            {
                "query": {
                    "x1": 0.9449171146942028,
                    "x2": 3.5624293000795424
                },
                "metrics": {
                    "outcome": 1.1913434520071043e-06
                },
                "metadata": {
                    "trials": 1
                }
            }
        ],
        [
            {
                "query": {
                    "x1": 5.019540002812505,
                    "x2": 3.831204382059261
                },
                "metrics": {
                    "outcome": 2.4190527079839128e-17
                },
                "metadata": {
                    "trials": 1
                }
            },
            {
                "query": {
                    "x1": -1.0741026231667694,
                    "x2": -0.05184946229049059
                },
                "metrics": {
                    "outcome": -0.33793582512676623
                },
                "metadata": {
                    "trials": 1
                }
            },
            {
                "query": {
                    "x1": 4.51158913038671,
                    "x2": 4.786122553050518
                },
                "metrics": {
                    "outcome": 7.347503834332465e-19
                },
                "metadata": {
                    "trials": 1
                }
            }
        ],
        [
            {
                "query": {
                    "x1": 0.9272154689804082,
                    "x2": 4.558901096416777
                },
                "metrics": {
                    "outcome": 3.694975388278765e-10
                },
                "metadata": {
                    "trials": 1
                }
            },
            {
                "query": {
                    "x1": -1.2366413923217294,
                    "x2": 0.28580115382597837
                },
                "metrics": {
                    "outcome": -0.2469510642408533
                },
                "metadata": {
                    "trials": 1
                }
            },
            {
                "query": {
                    "x1": 4.866077509477838,
                    "x2": 4.209989498263936
                },
                "metrics": {
                    "outcome": 5.083997914790094e-18
                },
                "metadata": {
                    "trials": 1
                }
            }
        ],
        [
            {
                "query": {
                    "x1": 5.633051112294197,
                    "x2": 1.6473211236298084
                },
                "metrics": {
                    "outcome": 6.187282095782557e-15
                },
                "metadata": {
                    "trials": 1
                }
            },
            {
                "query": {
                    "x1": -1.043999683713126,
                    "x2": -0.178954851540436
                },
                "metrics": {
                    "outcome": -0.3399689490114546
                },
                "metadata": {
                    "trials": 1
                }
            },
            {
                "query": {
                    "x1": 0.1537863692985404,
                    "x2": -1.2317502276512655
                },
                "metrics": {
                    "outcome": 0.0329405873763693
                },
                "metadata": {
                    "trials": 1
                }
            }
        ],
        [
            {
                "query": {
                    "x1": 2.4730183914973134,
                    "x2": 1.8925181638368733
                },
                "metrics": {
                    "outcome": 0.0001519429343212686
                },
                "metadata": {
                    "trials": 1
                }
            },
            {
                "query": {
                    "x1": -1.1158859104656362,
                    "x2": 0.5732721714965834
                },
                "metrics": {
                    "outcome": -0.23126438021245319
                },
                "metadata": {
                    "trials": 1
                }
            },
            {
                "query": {
                    "x1": 2.713043950498104,
                    "x2": 1.0632274933159351
                },
                "metrics": {
                    "outcome": 0.0005569756995490413
                },
                "metadata": {
                    "trials": 1
                }
            }
        ],
        [
            {
                "query": {
                    "x1": -1.7498787362128496,
                    "x2": -0.40411654487252235
                },
                "metrics": {
                    "outcome": -0.06954096459983312
                },
                "metadata": {
                    "trials": 1
                }
            },
            {
                "query": {
                    "x1": -1.1772296176161596,
                    "x2": 4.287784180849687
                },
                "metrics": {
                    "outcome": -3.0509925967879423e-09
                },
                "metadata": {
                    "trials": 1
                }
            },
            {
                "query": {
                    "x1": -0.8983384240335777,
                    "x2": -0.8540372850737317
                },
                "metrics": {
                    "outcome": -0.19328296461882488
                },
                "metadata": {
                    "trials": 1
                }
            }
        ],
        [
            {
                "query": {
                    "x1": -1.810811638259688,
                    "x2": 5.487454440276779
                },
                "metrics": {
                    "outcome": -5.7050773142422515e-15
                },
                "metadata": {
                    "trials": 1
                }
            },
            {
                "query": {
                    "x1": 2.8960681632848644,
                    "x2": 0.09138753624390183
                },
                "metrics": {
                    "outcome": 0.0006541273655762754
                },
                "metadata": {
                    "trials": 1
                }
            },
            {
                "query": {
                    "x1": -1.6723917016006937,
                    "x2": -0.06275575271764477
                },
                "metrics": {
                    "outcome": -0.10161363708529157
                },
                "metadata": {
                    "trials": 1
                }
            }
        ],
        [
            {
                "query": {
                    "x1": 5.3702545254747704,
                    "x2": -0.21278188179299873
                },
                "metrics": {
                    "outcome": 1.5326321601673147e-12
                },
                "metadata": {
                    "trials": 1
                }
            },
            {
                "query": {
                    "x1": 4.252398835495114,
                    "x2": 3.3975714314728975
                },
                "metrics": {
                    "outcome": 5.781724395010333e-13
                },
                "metadata": {
                    "trials": 1
                }
            },
            {
                "query": {
                    "x1": 2.6242791060125965,
                    "x2": 3.0915554825929625
                },
                "metrics": {
                    "outcome": 1.893346228367827e-07
                },
                "metadata": {
                    "trials": 1
                }
            }
        ],
        [
            {
                "query": {
                    "x1": 2.2943362305866453,
                    "x2": -1.5287174343732237
                },
                "metrics": {
                    "outcome": 0.001147107003149183
                },
                "metadata": {
                    "trials": 1
                }
            },
            {
                "query": {
                    "x1": -1.589142708107829,
                    "x2": 5.852620102465153
                },
                "metrics": {
                    "outcome": -1.6921832700087888e-16
                },
                "metadata": {
                    "trials": 1
                }
            },
            {
                "query": {
                    "x1": -0.9113799465594028,
                    "x2": 0.5288712657733323
                },
                "metrics": {
                    "outcome": -0.30025786424468964
                },
                "metadata": {
                    "trials": 1
                }
            }
        ]
    ]
}