{
    "date": "04/11/2022 16:35:16",
    "basic_params": {
        "active_variables": [
            "x1",
            "x2"
        ],
        "default_query": {},
        "metric": "basic",
        "n_trials": 1
    },
    "objective_function": {
        "name": "McCormick",
        "params": {}
    },
    "optimizer": {
        "name": "BBO-LP(LCBa)-FoD",
        "params": {
            "lower_bound": [
                -1.5,
                -3.0
            ],
            "upper_bound": [
                4.0,
                4.0
            ],
            "invert_metric": false,
            "bopt_params": {
                "n_init_samples": 15,
                "n_iterations": 45,
                "n_iter_relearn": 5,
                "verbose_level": 0,
                "n_parallel_samples": 3,
                "fixed_dataset_size": 50,
                "par_type": "PAR_BBO",
                "crit_name": "cLP(cLCBa)",
                "n_crit_params": 3,
                "crit_params": [
                    3,
                    1,
                    5.0
                ]
            }
        }
    },
    "iterations": [
        [
            {
                "query": {
                    "x1": -0.6658010713212813,
                    "x2": 0.02881167332331369
                },
                "metrics": {
                    "outcome": 1.9584397078025946
                },
                "metadata": {
                    "trials": 1
                }
            }
        ],
        [
            {
                "query": {
                    "x1": 0.45491330592582613,
                    "x2": -0.9778385078534484
                },
                "metrics": {
                    "outcome": -0.5736050233431746
                },
                "metadata": {
                    "trials": 1
                }
            }
        ],
        [
            {
                "query": {
                    "x1": 1.7165657034764688,
                    "x2": -2.51070196358487
                },
                "metrics": {
                    "outcome": 9.304929989970741
                },
                "metadata": {
                    "trials": 1
                }
            }
        ],
        [
            {
                "query": {
                    "x1": -0.2027827706420795,
                    "x2": 1.0230370474979287
                },
                "metrics": {
                    "outcome": 6.095720280404608
                },
                "metadata": {
                    "trials": 1
                }
            }
        ],
        [
            {
                "query": {
                    "x1": 3.7871942861859376,
                    "x2": 3.8749448616988955
                },
                "metrics": {
                    "outcome": 5.9959254870670184
                },
                "metadata": {
                    "trials": 1
                }
            }
        ],
        [
            {
                "query": {
                    "x1": 1.070559687570979,
                    "x2": 1.3236530917851876
                },
                "metrics": {
                    "outcome": 3.4470687749779616
                },
                "metadata": {
                    "trials": 1
                }
            }
        ],
        [
            {
                "query": {
                    "x1": 3.542845117805215,
                    "x2": 2.593203093189125
                },
                "metrics": {
                    "outcome": 2.9239532637457195
                },
                "metadata": {
                    "trials": 1
                }
            }
        ],
        [
            {
                "query": {
                    "x1": 2.1744482783911128,
                    "x2": 1.7701373427640652
                },
                "metrics": {
                    "outcome": 1.6077001766045802
                },
                "metadata": {
                    "trials": 1
                }
            }
        ],
        [
            {
                "query": {
                    "x1": -1.3430838219045351,
                    "x2": -2.8880550479671605
                },
                "metrics": {
                    "outcome": -0.9321588428592591
                },
                "metadata": {
                    "trials": 1
                }
            }
        ],
        [
            {
                "query": {
                    "x1": 1.8031005901517343,
                    "x2": 0.4669984051181624
                },
                "metrics": {
                    "outcome": 2.0133054110092656
                },
                "metadata": {
                    "trials": 1
                }
            }
        ],
        [
            {
                "query": {
                    "x1": -0.9965564792665342,
                    "x2": 2.812351072921107
                },
                "metrics": {
                    "outcome": 25.003626887669938
                },
                "metadata": {
                    "trials": 1
                }
            }
        ],
        [
            {
                "query": {
                    "x1": 2.8276649665009845,
                    "x2": 3.1633972633474823
                },
                "metrics": {
                    "outcome": 4.491725878795268
                },
                "metadata": {
                    "trials": 1
                }
            }
        ],
        [
            {
                "query": {
                    "x1": 2.9812838565558195,
                    "x2": -1.282201236874486
                },
                "metrics": {
                    "outcome": 12.491658857435697
                },
                "metadata": {
                    "trials": 1
                }
            }
        ],
        [
            {
                "query": {
                    "x1": 0.2575507177816083,
                    "x2": -1.746130560648938
                },
                "metrics": {
                    "outcome": -0.733535941031374
                },
                "metadata": {
                    "trials": 1
                }
            }
        ],
        [
            {
                "query": {
                    "x1": 0.7665900185160961,
                    "x2": -0.5392087103333325
                },
                "metrics": {
                    "outcome": 0.43263052920250256
                },
                "metadata": {
                    "trials": 1
                }
            }
        ],
        [
            {
                "query": {
                    "x1": -0.6820836008086472,
                    "x2": -1.6586931275151842
                },
                "metrics": {
                    "outcome": -1.8877655625804226
                },
                "metadata": {
                    "trials": 1
                }
            },
            {
                "query": {
                    "x1": -0.7876959019151646,
                    "x2": -1.7398755260580587
                },
                "metrics": {
                    "outcome": -1.8376577347627379
                },
                "metadata": {
                    "trials": 1
                }
            },
            {
                "query": {
                    "x1": -0.5803133412717403,
                    "x2": -1.5735140392607196
                },
                "metrics": {
                    "outcome": -1.9116651798070037
                },
                "metadata": {
                    "trials": 1
                }
            }
        ],
        [
            {
                "query": {
                    "x1": -1.5,
                    "x2": -1.3017100471286858
                },
                "metrics": {
                    "outcome": -0.29833262894864787
                },
                "metadata": {
                    "trials": 1
                }
            },
            {
                "query": {
                    "x1": -0.5460138984606739,
                    "x2": -2.3617965564785153
                },
                "metrics": {
                    "outcome": -1.0200623662171857
                },
                "metadata": {
                    "trials": 1
                }
            },
            {
                "query": {
                    "x1": -1.3233274533313506,
                    "x2": -1.2182088889876135
                },
                "metrics": {
                    "outcome": -0.614170078099437
                },
                "metadata": {
                    "trials": 1
                }
            }
        ],
        [
            {
                "query": {
                    "x1": -1.5,
                    "x2": -2.276781448639836
                },
                "metrics": {
                    "outcome": -1.2452347053139365
                },
                "metadata": {
                    "trials": 1
                }
            },
            {
                "query": {
                    "x1": -1.3598247969030384,
                    "x2": -2.263619800247882
                },
                "metrics": {
                    "outcome": -1.339045849936166
                },
                "metadata": {
                    "trials": 1
                }
            },
            {
                "query": {
                    "x1": -0.3211862455750101,
                    "x2": -0.9610286399045411
                },
                "metrics": {
                    "outcome": -1.4700424930653586
                },
                "metadata": {
                    "trials": 1
                }
            }
        ],
        [
            {
                "query": {
                    "x1": 4.0,
                    "x2": 1.1593687551274199
                },
                "metrics": {
                    "outcome": 5.065851069745582
                },
                "metadata": {
                    "trials": 1
                }
            },
            {
                "query": {
                    "x1": 3.697669854943955,
                    "x2": 1.1610117633327004
                },
                "metrics": {
                    "outcome": 3.801340596806895
                },
                "metadata": {
                    "trials": 1
                }
            },
            {
                "query": {
                    "x1": 4.0,
                    "x2": 0.7963295689790959
                },
                "metrics": {
                    "outcome": 6.257849096136651
                },
                "metadata": {
                    "trials": 1
                }
            }
        ],
        [
            {
                "query": {
                    "x1": -0.08215815958648953,
                    "x2": -1.362341478871215
                },
                "metrics": {
                    "outcome": -1.6357822956845744
                },
                "metadata": {
                    "trials": 1
                }
            },
            {
                "query": {
                    "x1": -0.3264827504465573,
                    "x2": -1.83329438693353
                },
                "metrics": {
                    "outcome": -1.654537818510244
                },
                "metadata": {
                    "trials": 1
                }
            },
            {
                "query": {
                    "x1": -0.1353004009715011,
                    "x2": -1.4249433256971449
                },
                "metrics": {
                    "outcome": -1.6961731613226698
                },
                "metadata": {
                    "trials": 1
                }
            }
        ],
        [
            {
                "query": {
                    "x1": -0.259480665125978,
                    "x2": -3.0
                },
                "metrics": {
                    "outcome": 1.5172823639815647
                },
                "metadata": {
                    "trials": 1
                }
            },
            {
                "query": {
                    "x1": -0.49841719215806,
                    "x2": -3.0
                },
                "metrics": {
                    "outcome": 0.8548428906425674
                },
                "metadata": {
                    "trials": 1
                }
            },
            {
                "query": {
                    "x1": -0.03271118860929967,
                    "x2": -3.0
                },
                "metrics": {
                    "outcome": 2.2452032154257395
                },
                "metadata": {
                    "trials": 1
                }
            }
        ],
        [
            {
                "query": {
                    "x1": -1.5,
                    "x2": -0.43312181001581695
                },
                "metrics": {
                    "outcome": 2.3703494612308034
                },
                "metadata": {
                    "trials": 1
                }
            },
            {
                "query": {
                    "x1": 1.4155230072427534,
                    "x2": 4.0
                },
                "metrics": {
                    "outcome": 14.793417376356489
                },
                "metadata": {
                    "trials": 1
                }
            },
            {
                "query": {
                    "x1": -0.7208978089065974,
                    "x2": -1.1541649029474754
                },
                "metrics": {
                    "outcome": -1.5704121646622387
                },
                "metadata": {
                    "trials": 1
                }
            }
        ],
        [
            {
                "query": {
                    "x1": 4.0,
                    "x2": -3.0
                },
                "metrics": {
                    "outcome": 37.3414709848079
                },
                "metadata": {
                    "trials": 1
                }
            },
            {
                "query": {
                    "x1": 0.07474637329653389,
                    "x2": -0.47456208744902284
                },
                "metrics": {
                    "outcome": -0.3860335907118557
                },
                "metadata": {
                    "trials": 1
                }
            },
            {
                "query": {
                    "x1": -1.2725566418286725,
                    "x2": -1.762323836305552
                },
                "metrics": {
                    "outcome": -1.363612483365321
                },
                "metadata": {
                    "trials": 1
                }
            }
        ],
        [
            {
                "query": {
                    "x1": -0.9205126524037931,
                    "x2": -1.4742911730752426
                },
                "metrics": {
                    "outcome": -1.6775739750607
                },
                "metadata": {
                    "trials": 1
                }
            },
            {
                "query": {
                    "x1": -0.850169901503179,
                    "x2": -2.1081249878476087
                },
                "metrics": {
                    "outcome": -1.5948796967016334
                },
                "metadata": {
                    "trials": 1
                }
            },
            {
                "query": {
                    "x1": -0.8750669837764256,
                    "x2": -1.4610548123605247
                },
                "metrics": {
                    "outcome": -1.717811739659159
                },
                "metadata": {
                    "trials": 1
                }
            }
        ],
        [
            {
                "query": {
                    "x1": -0.4095604360286409,
                    "x2": -1.274859681400313
                },
                "metrics": {
                    "outcome": -1.8176175244277033
                },
                "metadata": {
                    "trials": 1
                }
            },
            {
                "query": {
                    "x1": -0.44709015269369345,
                    "x2": -1.2836763873041586
                },
                "metrics": {
                    "outcome": -1.8259112397968917
                },
                "metadata": {
                    "trials": 1
                }
            },
            {
                "query": {
                    "x1": -0.3720569771436566,
                    "x2": -1.2664380492989922
                },
                "metrics": {
                    "outcome": -1.8058014734071306
                },
                "metadata": {
                    "trials": 1
                }
            }
        ],
        [
            {
                "query": {
                    "x1": -0.44265196004233,
                    "x2": -1.6235185968239227
                },
                "metrics": {
                    "outcome": -1.8801634152250517
                },
                "metadata": {
                    "trials": 1
                }
            },
            {
                "query": {
                    "x1": -0.463448193057431,
                    "x2": -1.6432209461536338
                },
                "metrics": {
                    "outcome": -1.880839632914563
                },
                "metadata": {
                    "trials": 1
                }
            },
            {
                "query": {
                    "x1": -0.4244868673733182,
                    "x2": -1.601958462448892
                },
                "metrics": {
                    "outcome": -1.8797021245029901
                },
                "metadata": {
                    "trials": 1
                }
            }
        ],
        [
            {
                "query": {
                    "x1": -0.472601675853376,
                    "x2": -1.4535285288050095
                },
                "metrics": {
                    "outcome": -1.9002317012220526
                },
                "metadata": {
                    "trials": 1
                }
            },
            {
                "query": {
                    "x1": -0.49141130284929235,
                    "x2": -1.455733190456016
                },
                "metrics": {
                    "outcome": -1.9023122990299033
                },
                "metadata": {
                    "trials": 1
                }
            },
            {
                "query": {
                    "x1": -0.45400628156061296,
                    "x2": -1.4502934032359032
                },
                "metrics": {
                    "outcome": -1.897037358419431
                },
                "metadata": {
                    "trials": 1
                }
            }
        ],
        [
            {
                "query": {
                    "x1": -0.6278023957778655,
                    "x2": -1.846901690625736
                },
                "metrics": {
                    "outcome": -1.8078917188345116
                },
                "metadata": {
                    "trials": 1
                }
            },
            {
                "query": {
                    "x1": -0.6098113167529559,
                    "x2": -1.8164962019335427
                },
                "metrics": {
                    "outcome": -1.8262678110621966
                },
                "metadata": {
                    "trials": 1
                }
            },
            {
                "query": {
                    "x1": -0.6540816974270758,
                    "x2": -1.8644350831210506
                },
                "metrics": {
                    "outcome": -1.7985456382118739
                },
                "metadata": {
                    "trials": 1
                }
            }
        ],
        [
            {
                "query": {
                    "x1": -0.615078038480384,
                    "x2": -1.501469633808274
                },
                "metrics": {
                    "outcome": -1.9001045048849408
                },
                "metadata": {
                    "trials": 1
                }
            },
            {
                "query": {
                    "x1": -0.6271235754062399,
                    "x2": -1.5096437721105282
                },
                "metrics": {
                    "outcome": -1.898650472055531
                },
                "metadata": {
                    "trials": 1
                }
            },
            {
                "query": {
                    "x1": -0.6023104644739243,
                    "x2": -1.4956318630307741
                },
                "metrics": {
                    "outcome": -1.9018371861855647
                },
                "metadata": {
                    "trials": 1
                }
            }
        ],
        [
            {
                "query": {
                    "x1": -0.5284553873230332,
                    "x2": -1.5430465297037068
                },
                "metrics": {
                    "outcome": -1.9127821225633492
                },
                "metadata": {
                    "trials": 1
                }
            },
            {
                "query": {
                    "x1": -0.5363537730431186,
                    "x2": -1.547613450200386
                },
                "metrics": {
                    "outcome": -1.913048994495468
                },
                "metadata": {
                    "trials": 1
                }
            },
            {
                "query": {
                    "x1": -0.5203444014151407,
                    "x2": -1.5392392147475498
                },
                "metrics": {
                    "outcome": -1.91233773679022
                },
                "metadata": {
                    "trials": 1
                }
            }
        ],
        [
            {
                "query": {
                    "x1": 4.0,
                    "x2": 4.0
                },
                "metrics": {
                    "outcome": 5.9893582466233815
                },
                "metadata": {
                    "trials": 1
                }
            },
            {
                "query": {
                    "x1": 4.0,
                    "x2": 3.567403793593619
                },
                "metrics": {
                    "outcome": 5.064865798465569
                },
                "metadata": {
                    "trials": 1
                }
            },
            {
                "query": {
                    "x1": -1.4999999999999953,
                    "x2": -2.999999999999977
                },
                "metrics": {
                    "outcome": -1.0224698823349128
                },
                "metadata": {
                    "trials": 1
                }
            }
        ],
        [
            {
                "query": {
                    "x1": -1.5,
                    "x2": 4.0
                },
                "metrics": {
                    "outcome": 44.09847214410396
                },
                "metadata": {
                    "trials": 1
                }
            },
            {
                "query": {
                    "x1": -1.5,
                    "x2": 3.3830318446298984
                },
                "metrics": {
                    "outcome": 36.5032288340141
                },
                "metadata": {
                    "trials": 1
                }
            },
            {
                "query": {
                    "x1": -1.5,
                    "x2": 2.794511816597999
                },
                "metrics": {
                    "outcome": 29.641186883325013
                },
                "metadata": {
                    "trials": 1
                }
            }
        ],
        [
            {
                "query": {
                    "x1": 1.6437155569776238,
                    "x2": 0.5657176000174218
                },
                "metrics": {
                    "outcome": 1.9137093509700822
                },
                "metadata": {
                    "trials": 1
                }
            },
            {
                "query": {
                    "x1": 1.8172696106867061,
                    "x2": 0.8249617847932997
                },
                "metrics": {
                    "outcome": 1.8000397593797115
                },
                "metadata": {
                    "trials": 1
                }
            },
            {
                "query": {
                    "x1": 1.50233462348633,
                    "x2": 0.27914594512580315
                },
                "metrics": {
                    "outcome": 1.9184415192583675
                },
                "metadata": {
                    "trials": 1
                }
            }
        ],
        [
            {
                "query": {
                    "x1": 0.8318928105863574,
                    "x2": -0.9555548532093807
                },
                "metrics": {
                    "outcome": 0.43489569790481375
                },
                "metadata": {
                    "trials": 1
                }
            },
            {
                "query": {
                    "x1": 0.6543866686162003,
                    "x2": -0.9320540745146344
                },
                "metrics": {
                    "outcome": -0.06903410427115331
                },
                "metadata": {
                    "trials": 1
                }
            },
            {
                "query": {
                    "x1": 2.786216911172903,
                    "x2": 1.9807594354322955
                },
                "metrics": {
                    "outcome": 1.4228244873978344
                },
                "metadata": {
                    "trials": 1
                }
            }
        ],
        [
            {
                "query": {
                    "x1": -1.5,
                    "x2": -2.6305026520035595
                },
                "metrics": {
                    "outcome": -1.2127929745638824
                },
                "metadata": {
                    "trials": 1
                }
            },
            {
                "query": {
                    "x1": -1.2355219840372167,
                    "x2": -2.6144887798821914
                },
                "metrics": {
                    "outcome": -1.1307562384689493
                },
                "metadata": {
                    "trials": 1
                }
            },
            {
                "query": {
                    "x1": -0.8706190769529641,
                    "x2": -1.747380988556654
                },
                "metrics": {
                    "outcome": -1.793807047765779
                },
                "metadata": {
                    "trials": 1
                }
            }
        ],
        [
            {
                "query": {
                    "x1": 4.0,
                    "x2": 2.223513466963265
                },
                "metrics": {
                    "outcome": 3.6550516354856972
                },
                "metadata": {
                    "trials": 1
                }
            },
            {
                "query": {
                    "x1": -1.4999999999999925,
                    "x2": -2.1843915555169193
                },
                "metrics": {
                    "outcome": -1.2260524703608389
                },
                "metadata": {
                    "trials": 1
                }
            },
            {
                "query": {
                    "x1": -1.4193572198222533,
                    "x2": -2.1884514094399816
                },
                "metrics": {
                    "outcome": -1.3010774864239742
                },
                "metadata": {
                    "trials": 1
                }
            }
        ],
        [
            {
                "query": {
                    "x1": 3.999862368169559,
                    "x2": 0.559527834908792
                },
                "metrics": {
                    "outcome": 7.24660923467726
                },
                "metadata": {
                    "trials": 1
                }
            },
            {
                "query": {
                    "x1": 3.6964383590254073,
                    "x2": 0.5939692807130905
                },
                "metrics": {
                    "outcome": 5.653300808908286
                },
                "metadata": {
                    "trials": 1
                }
            },
            {
                "query": {
                    "x1": 3.4163881973244097,
                    "x2": 0.6301668880139366
                },
                "metrics": {
                    "outcome": 4.427462159473466
                },
                "metadata": {
                    "trials": 1
                }
            }
        ],
        [
            {
                "query": {
                    "x1": 0.2538858201221803,
                    "x2": -1.6550039292250722
                },
                "metrics": {
                    "outcome": -0.8601176338526884
                },
                "metadata": {
                    "trials": 1
                }
            },
            {
                "query": {
                    "x1": 0.16559398669241698,
                    "x2": -1.753981215465991
                },
                "metrics": {
                    "outcome": -0.9484203460355656
                },
                "metadata": {
                    "trials": 1
                }
            },
            {
                "query": {
                    "x1": 0.3672892467829376,
                    "x2": -1.682759452783878
                },
                "metrics": {
                    "outcome": -0.5227138132978038
                },
                "metadata": {
                    "trials": 1
                }
            }
        ],
        [
            {
                "query": {
                    "x1": -1.5,
                    "x2": -0.24993266538800674
                },
                "metrics": {
                    "outcome": 3.203838730821663
                },
                "metadata": {
                    "trials": 1
                }
            },
            {
                "query": {
                    "x1": -1.5,
                    "x2": -0.5317298512746365
                },
                "metrics": {
                    "outcome": 1.962584782006403
                },
                "metadata": {
                    "trials": 1
                }
            },
            {
                "query": {
                    "x1": -1.5,
                    "x2": 0.027064000478279837
                },
                "metrics": {
                    "outcome": 4.654368964461425
                },
                "metadata": {
                    "trials": 1
                }
            }
        ],
        [
            {
                "query": {
                    "x1": 1.5795780953038143,
                    "x2": 4.0
                },
                "metrics": {
                    "outcome": 13.842102615970346
                },
                "metadata": {
                    "trials": 1
                }
            },
            {
                "query": {
                    "x1": 1.4269985281149866,
                    "x2": 4.0
                },
                "metrics": {
                    "outcome": 14.724489611194615
                },
                "metadata": {
                    "trials": 1
                }
            },
            {
                "query": {
                    "x1": 1.7317360284215457,
                    "x2": 4.0
                },
                "metrics": {
                    "outcome": 13.023495176878242
                },
                "metadata": {
                    "trials": 1
                }
            }
        ],
        [
            {
                "query": {
                    "x1": 4.0,
                    "x2": -3.0
                },
                "metrics": {
                    "outcome": 37.3414709848079
                },
                "metadata": {
                    "trials": 1
                }
            },
            {
                "query": {
                    "x1": 3.6677959772720676,
                    "x2": -3.0
                },
                "metrics": {
                    "outcome": 33.07706614800021
                },
                "metadata": {
                    "trials": 1
                }
            },
            {
                "query": {
                    "x1": 3.339061637833341,
                    "x2": -3.0
                },
                "metrics": {
                    "outcome": 29.00771229163876
                },
                "metadata": {
                    "trials": 1
                }
            }
        ],
        [
            {
                "query": {
                    "x1": -0.14111415038936048,
                    "x2": -3.0
                },
                "metrics": {
                    "outcome": 1.8844210235058174
                },
                "metadata": {
                    "trials": 1
                }
            },
            {
                "query": {
                    "x1": -0.34474363791166285,
                    "x2": -3.0
                },
                "metrics": {
                    "outcome": 1.26925831912056
                },
                "metadata": {
                    "trials": 1
                }
            },
            {
                "query": {
                    "x1": 0.061747278060126476,
                    "x2": -3.0
                },
                "metrics": {
                    "outcome": 2.5797339056181805
                },
                "metadata": {
                    "trials": 1
                }
            }
        ],
        [
            {
                "query": {
                    "x1": -0.2797272272036362,
                    "x2": -0.6869558129410631
                },
                "metrics": {
                    "outcome": -0.9549696736472093
                },
                "metadata": {
                    "trials": 1
                }
            },
            {
                "query": {
                    "x1": -0.17797541480362078,
                    "x2": -0.5731882198771756
                },
                "metrics": {
                    "outcome": -0.6923039830830116
                },
                "metadata": {
                    "trials": 1
                }
            },
            {
                "query": {
                    "x1": -0.3939719098183154,
                    "x2": -0.7735799828916567
                },
                "metrics": {
                    "outcome": -1.1186825097334787
                },
                "metadata": {
                    "trials": 1
                }
            }
        ],
        [
            {
                "query": {
                    "x1": -1.5,
                    "x2": -1.5213356441804287
                },
                "metrics": {
                    "outcome": -0.6728512652319756
                },
                "metadata": {
                    "trials": 1
                }
            },
            {
                "query": {
                    "x1": -1.3864857782677062,
                    "x2": -1.4979458512974415
                },
                "metrics": {
                    "outcome": -0.9070485746028318
                },
                "metadata": {
                    "trials": 1
                }
            },
            {
                "query": {
                    "x1": -1.2885212817961609,
                    "x2": -1.4603685673945834
                },
                "metrics": {
                    "outcome": -1.0712948779137452
                },
                "metadata": {
                    "trials": 1
                }
            }
        ],
        [
            {
                "query": {
                    "x1": -0.17848901808295414,
                    "x2": -1.168903038292725
                },
                "metrics": {
                    "outcome": -1.6487530204342327
                },
                "metadata": {
                    "trials": 1
                }
            },
            {
                "query": {
                    "x1": -0.23352867836473945,
                    "x2": -1.1774203663405156
                },
                "metrics": {
                    "outcome": -1.6895779822811159
                },
                "metadata": {
                    "trials": 1
                }
            },
            {
                "query": {
                    "x1": -0.12385753715656733,
                    "x2": -1.1597593577437904
                },
                "metrics": {
                    "outcome": -1.5995661171956996
                },
                "metadata": {
                    "trials": 1
                }
            }
        ],
        [
            {
                "query": {
                    "x1": -0.5822391606738048,
                    "x2": -2.1325224019831492
                },
                "metrics": {
                    "outcome": -1.4685574200034024
                },
                "metadata": {
                    "trials": 1
                }
            },
            {
                "query": {
                    "x1": -0.6596941365153691,
                    "x2": -2.1514802415913215
                },
                "metrics": {
                    "outcome": -1.4881723222628018
                },
                "metadata": {
                    "trials": 1
                }
            },
            {
                "query": {
                    "x1": -0.506020321949111,
                    "x2": -2.1086653445402246
                },
                "metrics": {
                    "outcome": -1.4470240639035703
                },
                "metadata": {
                    "trials": 1
                }
            }
        ],
        [
            {
                "query": {
                    "x1": -0.4863219239836436,
                    "x2": -1.7708719364086312
                },
                "metrics": {
                    "outcome": -1.8211623299562256
                },
                "metadata": {
                    "trials": 1
                }
            },
            {
                "query": {
                    "x1": -0.4498335854984503,
                    "x2": -1.7555979189069981
                },
                "metrics": {
                    "outcome": -1.8145119719491074
                },
                "metadata": {
                    "trials": 1
                }
            },
            {
                "query": {
                    "x1": -0.5228326301241195,
                    "x2": -1.7860169192063065
                },
                "metrics": {
                    "outcome": -1.8249386516806143
                },
                "metadata": {
                    "trials": 1
                }
            }
        ],
        [
            {
                "query": {
                    "x1": -0.6307167232642278,
                    "x2": -1.451270803007258
                },
                "metrics": {
                    "outcome": -1.8809552969481391
                },
                "metadata": {
                    "trials": 1
                }
            },
            {
                "query": {
                    "x1": -0.5951972753089635,
                    "x2": -1.4567367600699852
                },
                "metrics": {
                    "outcome": -1.8932646821153565
                },
                "metadata": {
                    "trials": 1
                }
            },
            {
                "query": {
                    "x1": -0.6657316649171982,
                    "x2": -1.4440659558408133
                },
                "metrics": {
                    "outcome": -1.8639848480506003
                },
                "metadata": {
                    "trials": 1
                }
            }
        ],
        [
            {
                "query": {
                    "x1": 4.0,
                    "x2": 4.0
                },
                "metrics": {
                    "outcome": 5.9893582466233815
                },
                "metadata": {
                    "trials": 1
                }
            },
            {
                "query": {
                    "x1": -1.5,
                    "x2": -2.9999999999999973
                },
                "metrics": {
                    "outcome": -1.0224698823349048
                },
                "metadata": {
                    "trials": 1
                }
            },
            {
                "query": {
                    "x1": -1.3986740853313782,
                    "x2": -3.0
                },
                "metrics": {
                    "outcome": -0.8865504466469245
                },
                "metadata": {
                    "trials": 1
                }
            }
        ],
        [
            {
                "query": {
                    "x1": -1.5,
                    "x2": 2.80241402319926
                },
                "metrics": {
                    "outcome": 29.731002610617722
                },
                "metadata": {
                    "trials": 1
                }
            },
            {
                "query": {
                    "x1": -1.5,
                    "x2": 3.076940152002118
                },
                "metrics": {
                    "outcome": 32.890712661779745
                },
                "metadata": {
                    "trials": 1
                }
            },
            {
                "query": {
                    "x1": -1.5,
                    "x2": 2.5351703775316494
                },
                "metrics": {
                    "outcome": 26.730475245678644
                },
                "metadata": {
                    "trials": 1
                }
            }
        ],
        [
            {
                "query": {
                    "x1": 1.3742443200443155,
                    "x2": 0.5494689172295919
                },
                "metrics": {
                    "outcome": 1.9309287938926847
                },
                "metadata": {
                    "trials": 1
                }
            },
            {
                "query": {
                    "x1": 1.5591312506155734,
                    "x2": 0.8031619299488293
                },
                "metrics": {
                    "outcome": 1.943478795306226
                },
                "metadata": {
                    "trials": 1
                }
            },
            {
                "query": {
                    "x1": 1.1395884611706428,
                    "x2": 0.3839892491724899
                },
                "metrics": {
                    "outcome": 1.8204060085917075
                },
                "metadata": {
                    "trials": 1
                }
            }
        ],
        [
            {
                "query": {
                    "x1": 1.1284505024992657,
                    "x2": -0.6907742993717099
                },
                "metrics": {
                    "outcome": 1.3138032353943792
                },
                "metadata": {
                    "trials": 1
                }
            },
            {
                "query": {
                    "x1": 1.3419998145531475,
                    "x2": -0.6614960648253008
                },
                "metrics": {
                    "outcome": 1.976440501058354
                },
                "metadata": {
                    "trials": 1
                }
            },
            {
                "query": {
                    "x1": 0.9155741444278647,
                    "x2": -0.7063844073047978
                },
                "metrics": {
                    "outcome": 0.6990946779953813
                },
                "metadata": {
                    "trials": 1
                }
            }
        ],
        [
            {
                "query": {
                    "x1": 3.226385974394179,
                    "x2": 2.016369792325012
                },
                "metrics": {
                    "outcome": 1.8028630903304483
                },
                "metadata": {
                    "trials": 1
                }
            },
            {
                "query": {
                    "x1": 4.0,
                    "x2": 2.2625721155029845
                },
                "metrics": {
                    "outcome": 3.6544742106477566
                },
                "metadata": {
                    "trials": 1
                }
            },
            {
                "query": {
                    "x1": 3.5868932645546385,
                    "x2": 2.138313880318906
                },
                "metrics": {
                    "outcome": 2.534354935328407
                },
                "metadata": {
                    "trials": 1
                }
            }
        ],
        [
            {
                "query": {
                    "x1": -1.5,
                    "x2": -2.3746819101744987
                },
                "metrics": {
                    "outcome": -1.2524678473131527
                },
                "metadata": {
                    "trials": 1
                }
            },
            {
                "query": {
                    "x1": -1.5,
                    "x2": -2.264302872992261
                },
                "metrics": {
                    "outcome": -1.2433594877293261
                },
                "metadata": {
                    "trials": 1
                }
            },
            {
                "query": {
                    "x1": -1.5,
                    "x2": -2.483332100263784
                },
                "metrics": {
                    "outcome": -1.2455852223961221
                },
                "metadata": {
                    "trials": 1
                }
            }
        ],
        [
            {
                "query": {
                    "x1": 4.0,
                    "x2": 0.5326240978125645
                },
                "metrics": {
                    "outcome": 7.370370133034534
                },
                "metadata": {
                    "trials": 1
                }
            },
            {
                "query": {
                    "x1": 3.7886311881367813,
                    "x2": 0.5712409584654776
                },
                "metrics": {
                    "outcome": 6.158248782174354
                },
                "metadata": {
                    "trials": 1
                }
            },
            {
                "query": {
                    "x1": 4.0,
                    "x2": 0.2701474971103508
                },
                "metrics": {
                    "outcome": 8.683373781102535
                },
                "metadata": {
                    "trials": 1
                }
            }
        ],
        [
            {
                "query": {
                    "x1": 0.32601385293464125,
                    "x2": -1.617818489601849
                },
                "metrics": {
                    "outcome": -0.716416429360847
                },
                "metadata": {
                    "trials": 1
                }
            },
            {
                "query": {
                    "x1": 0.19477683735034912,
                    "x2": -1.6046819069834473
                },
                "metrics": {
                    "outcome": -1.0529031487298517
                },
                "metadata": {
                    "trials": 1
                }
            },
            {
                "query": {
                    "x1": 0.45578093219988913,
                    "x2": -1.609571402344807
                },
                "metrics": {
                    "outcome": -0.35622537721976144
                },
                "metadata": {
                    "trials": 1
                }
            }
        ],
        [
            {
                "query": {
                    "x1": -1.5,
                    "x2": -0.28122681171136854
                },
                "metrics": {
                    "outcome": 3.0543999699514726
                },
                "metadata": {
                    "trials": 1
                }
            },
            {
                "query": {
                    "x1": -1.4999999999999996,
                    "x2": -0.5814858403010352
                },
                "metrics": {
                    "outcome": 1.767545965411559
                },
                "metadata": {
                    "trials": 1
                }
            },
            {
                "query": {
                    "x1": -1.2626191876585129,
                    "x2": -0.223812745637336
                },
                "metrics": {
                    "outcome": 2.4170723066298914
                },
                "metadata": {
                    "trials": 1
                }
            }
        ],
        [
            {
                "query": {
                    "x1": 1.634184001794376,
                    "x2": 4.0
                },
                "metrics": {
                    "outcome": 13.54141827521213
                },
                "metadata": {
                    "trials": 1
                }
            },
            {
                "query": {
                    "x1": 1.678605102793659,
                    "x2": 3.6999589430670996
                },
                "metrics": {
                    "outcome": 11.031669893932689
                },
                "metadata": {
                    "trials": 1
                }
            },
            {
                "query": {
                    "x1": 1.8616311601148454,
                    "x2": 4.0
                },
                "metrics": {
                    "outcome": 12.37099552068149
                },
                "metadata": {
                    "trials": 1
                }
            }
        ],
        [
            {
                "query": {
                    "x1": 4.0,
                    "x2": -3.0
                },
                "metrics": {
                    "outcome": 37.3414709848079
                },
                "metadata": {
                    "trials": 1
                }
            },
            {
                "query": {
                    "x1": 4.0,
                    "x2": -2.6789733098305883
                },
                "metrics": {
                    "outcome": 33.88022058766519
                },
                "metadata": {
                    "trials": 1
                }
            },
            {
                "query": {
                    "x1": 3.7494221173164837,
                    "x2": -3.0
                },
                "metrics": {
                    "outcome": 34.11178155764994
                },
                "metadata": {
                    "trials": 1
                }
            }
        ],
        [
            {
                "query": {
                    "x1": 0.5158704226668256,
                    "x2": -3.0
                },
                "metrics": {
                    "outcome": 4.476428463912603
                },
                "metadata": {
                    "trials": 1
                }
            },
            {
                "query": {
                    "x1": 0.6976352527474434,
                    "x2": -3.0
                },
                "metrics": {
                    "outcome": 5.381926028986914
                },
                "metadata": {
                    "trials": 1
                }
            },
            {
                "query": {
                    "x1": 0.334457117850244,
                    "x2": -3.0
                },
                "metrics": {
                    "outcome": 3.6586468448963583
                },
                "metadata": {
                    "trials": 1
                }
            }
        ]
    ],
    "best_results": [
        {
            "query": {
                "x1": -0.5363537730431186,
                "x2": -1.547613450200386
            },
            "metrics": [
                {
                    "name": "outcome",
                    "value": -1.913048994495468
                }
            ]
        }
    ]
}