{
    "date": "04/11/2022 16:45:24",
    "basic_params": {
        "active_variables": [
            "x1",
            "x2"
        ],
        "default_query": {},
        "metric": "basic",
        "n_trials": 1
    },
    "objective_function": {
        "name": "Beale",
        "params": {}
    },
    "optimizer": {
        "name": "BO",
        "params": {
            "lower_bound": [
                -4.5,
                -4.5
            ],
            "upper_bound": [
                4.5,
                4.5
            ],
            "invert_metric": false,
            "bopt_params": {
                "n_iterations": 140,
                "n_init_samples": 10
            }
        }
    },
    "iterations": [
        [
            {
                "query": {
                    "x1": -0.8069135185098273,
                    "x2": -1.8423720577731726
                },
                "metrics": {
                    "outcome": 86.36945483222507
                },
                "metadata": {
                    "trials": 1
                }
            }
        ],
        [
            {
                "query": {
                    "x1": -1.2928546356735748,
                    "x2": 1.359082111017778
                },
                "metrics": {
                    "outcome": 2.8584088426501078
                },
                "metadata": {
                    "trials": 1
                }
            }
        ],
        [
            {
                "query": {
                    "x1": 1.1062818125355989,
                    "x2": -1.6547834483440966
                },
                "metrics": {
                    "outcome": 31.688538132195525
                },
                "metadata": {
                    "trials": 1
                }
            }
        ],
        [
            {
                "query": {
                    "x1": -3.9739828548626974,
                    "x2": -3.832914751628414
                },
                "metrics": {
                    "outcome": 56221.8927279854
                },
                "metadata": {
                    "trials": 1
                }
            }
        ],
        [
            {
                "query": {
                    "x1": 0.7878836845513435,
                    "x2": 2.457488897955045
                },
                "metrics": {
                    "outcome": 228.77829620699646
                },
                "metadata": {
                    "trials": 1
                }
            }
        ],
        [
            {
                "query": {
                    "x1": -2.497545310179703,
                    "x2": 0.7179327790159737
                },
                "metrics": {
                    "outcome": 34.459112036384745
                },
                "metadata": {
                    "trials": 1
                }
            }
        ],
        [
            {
                "query": {
                    "x1": -3.0869218544103205,
                    "x2": -2.840749751846306
                },
                "metrics": {
                    "outcome": 6410.401280313882
                },
                "metadata": {
                    "trials": 1
                }
            }
        ],
        [
            {
                "query": {
                    "x1": 3.8701744752237577,
                    "x2": 3.0201593517092986
                },
                "metrics": {
                    "outcome": 12324.141455816594
                },
                "metadata": {
                    "trials": 1
                }
            }
        ],
        [
            {
                "query": {
                    "x1": 1.9336263826349755,
                    "x2": -0.12719372960273123
                },
                "metrics": {
                    "outcome": 1.0551937852959514
                },
                "metadata": {
                    "trials": 1
                }
            }
        ],
        [
            {
                "query": {
                    "x1": 3.298457392095588,
                    "x2": 4.258582736738026
                },
                "metrics": {
                    "outcome": 68156.51942375762
                },
                "metadata": {
                    "trials": 1
                }
            }
        ],
        [
            {
                "query": {
                    "x1": -2.2959243692652898,
                    "x2": -2.6913977820294326
                },
                "metrics": {
                    "outcome": 2713.75467092168
                },
                "metadata": {
                    "trials": 1
                }
            }
        ],
        [
            {
                "query": {
                    "x1": 1.8291095759583484,
                    "x2": -0.1605026095731965
                },
                "metrics": {
                    "outcome": 1.2282323657635061
                },
                "metadata": {
                    "trials": 1
                }
            }
        ],
        [
            {
                "query": {
                    "x1": 1.88871559068411,
                    "x2": -0.14310783067709032
                },
                "metrics": {
                    "outcome": 1.1282543469324555
                },
                "metadata": {
                    "trials": 1
                }
            }
        ],
        [
            {
                "query": {
                    "x1": 1.9158278559339799,
                    "x2": -0.23251721202963527
                },
                "metrics": {
                    "outcome": 1.402793155059901
                },
                "metadata": {
                    "trials": 1
                }
            }
        ],
        [
            {
                "query": {
                    "x1": 1.859841978433237,
                    "x2": -0.11391734828809064
                },
                "metrics": {
                    "outcome": 1.079758533857222
                },
                "metadata": {
                    "trials": 1
                }
            }
        ],
        [
            {
                "query": {
                    "x1": 1.8724420259615755,
                    "x2": -0.11492752907803716
                },
                "metrics": {
                    "outcome": 1.0692280191971788
                },
                "metadata": {
                    "trials": 1
                }
            }
        ],
        [
            {
                "query": {
                    "x1": 1.8761669454233152,
                    "x2": -0.1222285213007952
                },
                "metrics": {
                    "outcome": 1.0837410202776163
                },
                "metadata": {
                    "trials": 1
                }
            }
        ],
        [
            {
                "query": {
                    "x1": 1.9337118437064849,
                    "x2": -0.0362750612479914
                },
                "metrics": {
                    "outcome": 0.8332782296663963
                },
                "metadata": {
                    "trials": 1
                }
            }
        ],
        [
            {
                "query": {
                    "x1": 0.0,
                    "x2": -4.5
                },
                "metrics": {
                    "outcome": 14.203125
                },
                "metadata": {
                    "trials": 1
                }
            }
        ],
        [
            {
                "query": {
                    "x1": -2.578159651540904,
                    "x2": -0.0059779444768466306
                },
                "metrics": {
                    "outcome": 67.14044170394021
                },
                "metadata": {
                    "trials": 1
                }
            }
        ],
        [
            {
                "query": {
                    "x1": 1.943504438144001,
                    "x2": 0.002850330847429028
                },
                "metrics": {
                    "outcome": 0.7501986434555125
                },
                "metadata": {
                    "trials": 1
                }
            }
        ],
        [
            {
                "query": {
                    "x1": 1.9491007630708435,
                    "x2": 0.03388759334921154
                },
                "metrics": {
                    "outcome": 0.695562307856797
                },
                "metadata": {
                    "trials": 1
                }
            }
        ],
        [
            {
                "query": {
                    "x1": -0.33333333333333304,
                    "x2": 2.4750000000000005
                },
                "metrics": {
                    "outcome": 5.700225884358723
                },
                "metadata": {
                    "trials": 1
                }
            }
        ],
        [
            {
                "query": {
                    "x1": -0.11111111111111072,
                    "x2": 4.5
                },
                "metrics": {
                    "outcome": 55.84259259259208
                },
                "metadata": {
                    "trials": 1
                }
            }
        ],
        [
            {
                "query": {
                    "x1": 0.13439544649763135,
                    "x2": -4.5
                },
                "metrics": {
                    "outcome": 119.15956870317252
                },
                "metadata": {
                    "trials": 1
                }
            }
        ],
        [
            {
                "query": {
                    "x1": -0.4332759327211244,
                    "x2": -4.5
                },
                "metrics": {
                    "outcome": 1861.8707623814623
                },
                "metadata": {
                    "trials": 1
                }
            }
        ],
        [
            {
                "query": {
                    "x1": -0.9832981603500062,
                    "x2": 4.499909966950806
                },
                "metrics": {
                    "outcome": 7676.086207009195
                },
                "metadata": {
                    "trials": 1
                }
            }
        ],
        [
            {
                "query": {
                    "x1": -0.2529332908555535,
                    "x2": 4.5
                },
                "metrics": {
                    "outcome": 414.0905016468493
                },
                "metadata": {
                    "trials": 1
                }
            }
        ],
        [
            {
                "query": {
                    "x1": 1.949814748684891,
                    "x2": 0.06966543666406366
                },
                "metrics": {
                    "outcome": 0.6512312831440144
                },
                "metadata": {
                    "trials": 1
                }
            }
        ],
        [
            {
                "query": {
                    "x1": 0.33333333333333304,
                    "x2": 2.4750000000000005
                },
                "metrics": {
                    "outcome": 73.59032744685871
                },
                "metadata": {
                    "trials": 1
                }
            }
        ],
        [
            {
                "query": {
                    "x1": 0.49250152171589434,
                    "x2": 0.8004950901959091
                },
                "metrics": {
                    "outcome": 11.951420018515293
                },
                "metadata": {
                    "trials": 1
                }
            }
        ],
        [
            {
                "query": {
                    "x1": -0.05891414970487041,
                    "x2": 4.5
                },
                "metrics": {
                    "outcome": 10.126438131630866
                },
                "metadata": {
                    "trials": 1
                }
            }
        ],
        [
            {
                "query": {
                    "x1": -1.4792549416355167,
                    "x2": -3.479887042649991
                },
                "metrics": {
                    "outcome": 4681.529572914788
                },
                "metadata": {
                    "trials": 1
                }
            }
        ],
        [
            {
                "query": {
                    "x1": -0.7327276080651592,
                    "x2": -2.083256057142343
                },
                "metrics": {
                    "outcome": 113.82057442221289
                },
                "metadata": {
                    "trials": 1
                }
            }
        ],
        [
            {
                "query": {
                    "x1": 1.3330101281698923,
                    "x2": 4.499999777645906
                },
                "metrics": {
                    "outcome": 15887.642879492998
                },
                "metadata": {
                    "trials": 1
                }
            }
        ],
        [
            {
                "query": {
                    "x1": 0.990056497264356,
                    "x2": -4.499999999324972
                },
                "metrics": {
                    "outcome": 8316.738423533669
                },
                "metadata": {
                    "trials": 1
                }
            }
        ],
        [
            {
                "query": {
                    "x1": 0.6762681957445906,
                    "x2": 4.5
                },
                "metrics": {
                    "outcome": 4289.6816715122595
                },
                "metadata": {
                    "trials": 1
                }
            }
        ],
        [
            {
                "query": {
                    "x1": 0.061286879033884745,
                    "x2": -4.49999999845046
                },
                "metrics": {
                    "outcome": 22.24249243025792
                },
                "metadata": {
                    "trials": 1
                }
            }
        ],
        [
            {
                "query": {
                    "x1": 0.4292151427270827,
                    "x2": -4.5
                },
                "metrics": {
                    "outcome": 1474.0750639039734
                },
                "metadata": {
                    "trials": 1
                }
            }
        ],
        [
            {
                "query": {
                    "x1": 0.2615554770590638,
                    "x2": 4.5
                },
                "metrics": {
                    "outcome": 745.2235876132147
                },
                "metadata": {
                    "trials": 1
                }
            }
        ],
        [
            {
                "query": {
                    "x1": 0.0,
                    "x2": 0.0
                },
                "metrics": {
                    "outcome": 14.203125
                },
                "metadata": {
                    "trials": 1
                }
            }
        ],
        [
            {
                "query": {
                    "x1": 0.0,
                    "x2": 0.0
                },
                "metrics": {
                    "outcome": 14.203125
                },
                "metadata": {
                    "trials": 1
                }
            }
        ],
        [
            {
                "query": {
                    "x1": 0.0,
                    "x2": 0.0
                },
                "metrics": {
                    "outcome": 14.203125
                },
                "metadata": {
                    "trials": 1
                }
            }
        ],
        [
            {
                "query": {
                    "x1": 0.0,
                    "x2": 0.0
                },
                "metrics": {
                    "outcome": 14.203125
                },
                "metadata": {
                    "trials": 1
                }
            }
        ],
        [
            {
                "query": {
                    "x1": 0.0,
                    "x2": 0.0
                },
                "metrics": {
                    "outcome": 14.203125
                },
                "metadata": {
                    "trials": 1
                }
            }
        ],
        [
            {
                "query": {
                    "x1": 0.0,
                    "x2": 0.0
                },
                "metrics": {
                    "outcome": 14.203125
                },
                "metadata": {
                    "trials": 1
                }
            }
        ],
        [
            {
                "query": {
                    "x1": 0.0,
                    "x2": 0.0
                },
                "metrics": {
                    "outcome": 14.203125
                },
                "metadata": {
                    "trials": 1
                }
            }
        ],
        [
            {
                "query": {
                    "x1": 0.0,
                    "x2": 0.0
                },
                "metrics": {
                    "outcome": 14.203125
                },
                "metadata": {
                    "trials": 1
                }
            }
        ],
        [
            {
                "query": {
                    "x1": 0.0,
                    "x2": 0.0
                },
                "metrics": {
                    "outcome": 14.203125
                },
                "metadata": {
                    "trials": 1
                }
            }
        ],
        [
            {
                "query": {
                    "x1": 0.0,
                    "x2": 0.0
                },
                "metrics": {
                    "outcome": 14.203125
                },
                "metadata": {
                    "trials": 1
                }
            }
        ],
        [
            {
                "query": {
                    "x1": 0.0,
                    "x2": 0.0
                },
                "metrics": {
                    "outcome": 14.203125
                },
                "metadata": {
                    "trials": 1
                }
            }
        ],
        [
            {
                "query": {
                    "x1": -3.624131381046027,
                    "x2": -0.8037633178755641
                },
                "metrics": {
                    "outcome": 143.1884560785387
                },
                "metadata": {
                    "trials": 1
                }
            }
        ],
        [
            {
                "query": {
                    "x1": 0.0,
                    "x2": 0.0
                },
                "metrics": {
                    "outcome": 14.203125
                },
                "metadata": {
                    "trials": 1
                }
            }
        ],
        [
            {
                "query": {
                    "x1": 0.0,
                    "x2": 0.0
                },
                "metrics": {
                    "outcome": 14.203125
                },
                "metadata": {
                    "trials": 1
                }
            }
        ],
        [
            {
                "query": {
                    "x1": 0.0,
                    "x2": 0.0
                },
                "metrics": {
                    "outcome": 14.203125
                },
                "metadata": {
                    "trials": 1
                }
            }
        ],
        [
            {
                "query": {
                    "x1": 0.0,
                    "x2": 0.0
                },
                "metrics": {
                    "outcome": 14.203125
                },
                "metadata": {
                    "trials": 1
                }
            }
        ],
        [
            {
                "query": {
                    "x1": 0.0,
                    "x2": 0.0
                },
                "metrics": {
                    "outcome": 14.203125
                },
                "metadata": {
                    "trials": 1
                }
            }
        ],
        [
            {
                "query": {
                    "x1": 0.0,
                    "x2": 0.0
                },
                "metrics": {
                    "outcome": 14.203125
                },
                "metadata": {
                    "trials": 1
                }
            }
        ],
        [
            {
                "query": {
                    "x1": 0.0,
                    "x2": 0.0
                },
                "metrics": {
                    "outcome": 14.203125
                },
                "metadata": {
                    "trials": 1
                }
            }
        ],
        [
            {
                "query": {
                    "x1": 0.0,
                    "x2": 0.0
                },
                "metrics": {
                    "outcome": 14.203125
                },
                "metadata": {
                    "trials": 1
                }
            }
        ],
        [
            {
                "query": {
                    "x1": -3.5718139838581515,
                    "x2": -0.1675077512341101
                },
                "metrics": {
                    "outcome": 103.4957401298426
                },
                "metadata": {
                    "trials": 1
                }
            }
        ],
        [
            {
                "query": {
                    "x1": 0.6996902641930332,
                    "x2": 1.8419749720911796
                },
                "metrics": {
                    "outcome": 59.43017280741667
                },
                "metadata": {
                    "trials": 1
                }
            }
        ],
        [
            {
                "query": {
                    "x1": -0.4788106169819146,
                    "x2": -1.6221569653608747
                },
                "metrics": {
                    "outcome": 36.24854455470437
                },
                "metadata": {
                    "trials": 1
                }
            }
        ],
        [
            {
                "query": {
                    "x1": -0.23315580226282862,
                    "x2": 2.027198635696452
                },
                "metrics": {
                    "outcome": 4.753111376115362
                },
                "metadata": {
                    "trials": 1
                }
            }
        ],
        [
            {
                "query": {
                    "x1": 1.0888303388226346,
                    "x2": -1.0148017399066167
                },
                "metrics": {
                    "outcome": 5.849623338595383
                },
                "metadata": {
                    "trials": 1
                }
            }
        ],
        [
            {
                "query": {
                    "x1": -1.2758585546528103,
                    "x2": 0.8907708158880716
                },
                "metrics": {
                    "outcome": 17.99965893765176
                },
                "metadata": {
                    "trials": 1
                }
            }
        ],
        [
            {
                "query": {
                    "x1": 1.9015197744407146,
                    "x2": 0.085678688855511
                },
                "metrics": {
                    "outcome": 0.7134475794754868
                },
                "metadata": {
                    "trials": 1
                }
            }
        ],
        [
            {
                "query": {
                    "x1": -4.5,
                    "x2": 4.5
                },
                "metrics": {
                    "outcome": 169680.83203125
                },
                "metadata": {
                    "trials": 1
                }
            }
        ],
        [
            {
                "query": {
                    "x1": 1.9307644811259692,
                    "x2": 0.0698593450557734
                },
                "metrics": {
                    "outcome": 0.6784401191046447
                },
                "metadata": {
                    "trials": 1
                }
            }
        ],
        [
            {
                "query": {
                    "x1": 1.9599579046348214,
                    "x2": 0.0624321376366721
                },
                "metrics": {
                    "outcome": 0.6454993113815243
                },
                "metadata": {
                    "trials": 1
                }
            }
        ],
        [
            {
                "query": {
                    "x1": 1.9671734702160721,
                    "x2": 0.05572107245848468
                },
                "metrics": {
                    "outcome": 0.644516115760468
                },
                "metadata": {
                    "trials": 1
                }
            }
        ],
        [
            {
                "query": {
                    "x1": 1.9684532718144379,
                    "x2": 0.05442643733505559
                },
                "metrics": {
                    "outcome": 0.6446066502227614
                },
                "metadata": {
                    "trials": 1
                }
            }
        ],
        [
            {
                "query": {
                    "x1": -0.9627867168746889,
                    "x2": 3.147010561544448
                },
                "metrics": {
                    "outcome": 738.2761508844017
                },
                "metadata": {
                    "trials": 1
                }
            }
        ],
        [
            {
                "query": {
                    "x1": 1.968746416830082,
                    "x2": 0.05381301282098239
                },
                "metrics": {
                    "outcome": 0.6450400326029442
                },
                "metadata": {
                    "trials": 1
                }
            }
        ],
        [
            {
                "query": {
                    "x1": 1.9668930375715679,
                    "x2": 0.05627987172936688
                },
                "metrics": {
                    "outcome": 0.6441582420985598
                },
                "metadata": {
                    "trials": 1
                }
            }
        ],
        [
            {
                "query": {
                    "x1": 1.968730111497683,
                    "x2": 0.05415327353648092
                },
                "metrics": {
                    "outcome": 0.6446231832911711
                },
                "metadata": {
                    "trials": 1
                }
            }
        ],
        [
            {
                "query": {
                    "x1": 1.9680645699224089,
                    "x2": 0.05532671375196241
                },
                "metrics": {
                    "outcome": 0.6439318719185616
                },
                "metadata": {
                    "trials": 1
                }
            }
        ],
        [
            {
                "query": {
                    "x1": 1.969877796102514,
                    "x2": 0.05255612821155253
                },
                "metrics": {
                    "outcome": 0.6453175908760834
                },
                "metadata": {
                    "trials": 1
                }
            }
        ],
        [
            {
                "query": {
                    "x1": 1.968028032897088,
                    "x2": 0.05514273551199178
                },
                "metrics": {
                    "outcome": 0.6442088912848933
                },
                "metadata": {
                    "trials": 1
                }
            }
        ],
        [
            {
                "query": {
                    "x1": 1.9658290580473032,
                    "x2": 0.0585342911736495
                },
                "metrics": {
                    "outcome": 0.6426858080951473
                },
                "metadata": {
                    "trials": 1
                }
            }
        ],
        [
            {
                "query": {
                    "x1": 1.9807147415404245,
                    "x2": 0.038028353900910083
                },
                "metrics": {
                    "outcome": 0.6536515213934191
                },
                "metadata": {
                    "trials": 1
                }
            }
        ],
        [
            {
                "query": {
                    "x1": 1.966711112087797,
                    "x2": 0.06511717174782117
                },
                "metrics": {
                    "outcome": 0.6337865856757432
                },
                "metadata": {
                    "trials": 1
                }
            }
        ],
        [
            {
                "query": {
                    "x1": -0.022499999999999964,
                    "x2": 1.0
                },
                "metrics": {
                    "outcome": 14.203125
                },
                "metadata": {
                    "trials": 1
                }
            }
        ],
        [
            {
                "query": {
                    "x1": -0.9226968954494796,
                    "x2": 2.3636805067750224
                },
                "metrics": {
                    "outcome": 78.5912661081312
                },
                "metadata": {
                    "trials": 1
                }
            }
        ],
        [
            {
                "query": {
                    "x1": 1.9810429514289511,
                    "x2": 0.06575762927402273
                },
                "metrics": {
                    "outcome": 0.6154681825673888
                },
                "metadata": {
                    "trials": 1
                }
            }
        ],
        [
            {
                "query": {
                    "x1": 2.0122862421139702,
                    "x2": 0.05521664101792467
                },
                "metrics": {
                    "outcome": 0.5962367417233349
                },
                "metadata": {
                    "trials": 1
                }
            }
        ],
        [
            {
                "query": {
                    "x1": 2.01613241153062,
                    "x2": 0.0388102009784701
                },
                "metrics": {
                    "outcome": 0.6187310127041536
                },
                "metadata": {
                    "trials": 1
                }
            }
        ],
        [
            {
                "query": {
                    "x1": 2.0029286854671478,
                    "x2": 0.06083744212769382
                },
                "metrics": {
                    "outcome": 0.5975150508283393
                },
                "metadata": {
                    "trials": 1
                }
            }
        ],
        [
            {
                "query": {
                    "x1": 2.0030029522312827,
                    "x2": 0.06104784329774038
                },
                "metrics": {
                    "outcome": 0.5971490283336314
                },
                "metadata": {
                    "trials": 1
                }
            }
        ],
        [
            {
                "query": {
                    "x1": 2.003019085628906,
                    "x2": 0.06096936086886462
                },
                "metrics": {
                    "outcome": 0.5972400882443094
                },
                "metadata": {
                    "trials": 1
                }
            }
        ],
        [
            {
                "query": {
                    "x1": 2.008059975986196,
                    "x2": 0.0677526453404198
                },
                "metrics": {
                    "outcome": 0.5828566540610195
                },
                "metadata": {
                    "trials": 1
                }
            }
        ],
        [
            {
                "query": {
                    "x1": 2.0217039098133975,
                    "x2": 0.06007340168002706
                },
                "metrics": {
                    "outcome": 0.5802015028214653
                },
                "metadata": {
                    "trials": 1
                }
            }
        ],
        [
            {
                "query": {
                    "x1": 2.019269235333911,
                    "x2": 0.06717557354545534
                },
                "metrics": {
                    "outcome": 0.5723433819475378
                },
                "metadata": {
                    "trials": 1
                }
            }
        ],
        [
            {
                "query": {
                    "x1": 2.206946348072961,
                    "x2": -0.6248342022299767
                },
                "metrics": {
                    "outcome": 5.184002306419003
                },
                "metadata": {
                    "trials": 1
                }
            }
        ],
        [
            {
                "query": {
                    "x1": 2.023740195292355,
                    "x2": 0.06807247580002507
                },
                "metrics": {
                    "outcome": 0.5667863912958611
                },
                "metadata": {
                    "trials": 1
                }
            }
        ],
        [
            {
                "query": {
                    "x1": 2.0375611112335097,
                    "x2": 0.05719177236499906
                },
                "metrics": {
                    "outcome": 0.5708045160940235
                },
                "metadata": {
                    "trials": 1
                }
            }
        ],
        [
            {
                "query": {
                    "x1": 2.031529917439843,
                    "x2": 0.06382347437821334
                },
                "metrics": {
                    "outcome": 0.5657473774673929
                },
                "metadata": {
                    "trials": 1
                }
            }
        ],
        [
            {
                "query": {
                    "x1": 2.037643715516297,
                    "x2": 0.05520332352952462
                },
                "metrics": {
                    "outcome": 0.5739213973085286
                },
                "metadata": {
                    "trials": 1
                }
            }
        ],
        [
            {
                "query": {
                    "x1": 2.0304934079872616,
                    "x2": 0.06733663848541305
                },
                "metrics": {
                    "outcome": 0.5615376726751096
                },
                "metadata": {
                    "trials": 1
                }
            }
        ],
        [
            {
                "query": {
                    "x1": 2.0222238611873546,
                    "x2": 0.07984670638681024
                },
                "metrics": {
                    "outcome": 0.5526475084556902
                },
                "metadata": {
                    "trials": 1
                }
            }
        ],
        [
            {
                "query": {
                    "x1": 2.0272384679485578,
                    "x2": 0.078236366827241
                },
                "metrics": {
                    "outcome": 0.5496769300911344
                },
                "metadata": {
                    "trials": 1
                }
            }
        ],
        [
            {
                "query": {
                    "x1": 2.0288058065251757,
                    "x2": 0.08421098355106693
                },
                "metrics": {
                    "outcome": 0.5405262421615165
                },
                "metadata": {
                    "trials": 1
                }
            }
        ],
        [
            {
                "query": {
                    "x1": 2.0431417769253093,
                    "x2": 0.0861863016521145
                },
                "metrics": {
                    "outcome": 0.5241087286206072
                },
                "metadata": {
                    "trials": 1
                }
            }
        ],
        [
            {
                "query": {
                    "x1": 2.0452016492357386,
                    "x2": 0.08918693411349565
                },
                "metrics": {
                    "outcome": 0.5183423222558926
                },
                "metadata": {
                    "trials": 1
                }
            }
        ],
        [
            {
                "query": {
                    "x1": 2.046776495020227,
                    "x2": 0.08666549883142949
                },
                "metrics": {
                    "outcome": 0.5201196006377127
                },
                "metadata": {
                    "trials": 1
                }
            }
        ],
        [
            {
                "query": {
                    "x1": 2.0533226384685523,
                    "x2": 0.0832807012097243
                },
                "metrics": {
                    "outcome": 0.5188280358403052
                },
                "metadata": {
                    "trials": 1
                }
            }
        ],
        [
            {
                "query": {
                    "x1": 2.0529883471347823,
                    "x2": 0.08337927578032112
                },
                "metrics": {
                    "outcome": 0.5189813567340018
                },
                "metadata": {
                    "trials": 1
                }
            }
        ],
        [
            {
                "query": {
                    "x1": 2.0538621711728187,
                    "x2": 0.08487993080195455
                },
                "metrics": {
                    "outcome": 0.5161716909481351
                },
                "metadata": {
                    "trials": 1
                }
            }
        ],
        [
            {
                "query": {
                    "x1": 2.0633897567717163,
                    "x2": 0.08312559138536635
                },
                "metrics": {
                    "outcome": 0.5106481590462604
                },
                "metadata": {
                    "trials": 1
                }
            }
        ],
        [
            {
                "query": {
                    "x1": 2.0663585212648785,
                    "x2": 0.07245046287478019
                },
                "metrics": {
                    "outcome": 0.5243816038551585
                },
                "metadata": {
                    "trials": 1
                }
            }
        ],
        [
            {
                "query": {
                    "x1": 0.043174199190088025,
                    "x2": -1.9166014577974235
                },
                "metrics": {
                    "outcome": 12.67196547749149
                },
                "metadata": {
                    "trials": 1
                }
            }
        ],
        [
            {
                "query": {
                    "x1": 2.1389564387021274,
                    "x2": 0.11087459842174763
                },
                "metrics": {
                    "outcome": 0.4193862715473713
                },
                "metadata": {
                    "trials": 1
                }
            }
        ],
        [
            {
                "query": {
                    "x1": 0.12427926937212064,
                    "x2": 2.189615203467162
                },
                "metrics": {
                    "outcome": 24.603349920790087
                },
                "metadata": {
                    "trials": 1
                }
            }
        ],
        [
            {
                "query": {
                    "x1": 2.2114987214629824,
                    "x2": 0.12100911475548415
                },
                "metrics": {
                    "outcome": 0.37629993555005503
                },
                "metadata": {
                    "trials": 1
                }
            }
        ],
        [
            {
                "query": {
                    "x1": -1.7577485209330916,
                    "x2": 3.0596286489162594
                },
                "metrics": {
                    "outcome": 2272.0246688279826
                },
                "metadata": {
                    "trials": 1
                }
            }
        ],
        [
            {
                "query": {
                    "x1": 4.5,
                    "x2": -0.6357831393357052
                },
                "metrics": {
                    "outcome": 43.727266360372205
                },
                "metadata": {
                    "trials": 1
                }
            }
        ],
        [
            {
                "query": {
                    "x1": 2.2254613906562595,
                    "x2": 0.13188856975039975
                },
                "metrics": {
                    "outcome": 0.3543168806516507
                },
                "metadata": {
                    "trials": 1
                }
            }
        ],
        [
            {
                "query": {
                    "x1": 2.23249523712614,
                    "x2": 0.1595587017029123
                },
                "metrics": {
                    "outcome": 0.30837560652301155
                },
                "metadata": {
                    "trials": 1
                }
            }
        ],
        [
            {
                "query": {
                    "x1": 2.2265068019414747,
                    "x2": 0.1770703057373666
                },
                "metrics": {
                    "outcome": 0.2879025250819837
                },
                "metadata": {
                    "trials": 1
                }
            }
        ],
        [
            {
                "query": {
                    "x1": 2.2120960683802835,
                    "x2": 0.1896327288609534
                },
                "metrics": {
                    "outcome": 0.2825902561066129
                },
                "metadata": {
                    "trials": 1
                }
            }
        ],
        [
            {
                "query": {
                    "x1": 2.2040171717574806,
                    "x2": 0.1893438664863183
                },
                "metrics": {
                    "outcome": 0.2878689930309269
                },
                "metadata": {
                    "trials": 1
                }
            }
        ],
        [
            {
                "query": {
                    "x1": 2.2344119344214324,
                    "x2": 0.19433334970972904
                },
                "metrics": {
                    "outcome": 0.26574717164602935
                },
                "metadata": {
                    "trials": 1
                }
            }
        ],
        [
            {
                "query": {
                    "x1": 2.269130682760732,
                    "x2": 0.20677620381370865
                },
                "metrics": {
                    "outcome": 0.23734770314550152
                },
                "metadata": {
                    "trials": 1
                }
            }
        ],
        [
            {
                "query": {
                    "x1": 2.3051914163237743,
                    "x2": 0.21338629653416952
                },
                "metrics": {
                    "outcome": 0.21773640946235895
                },
                "metadata": {
                    "trials": 1
                }
            }
        ],
        [
            {
                "query": {
                    "x1": 2.340245754012228,
                    "x2": 0.21218556392304855
                },
                "metrics": {
                    "outcome": 0.21266126344282496
                },
                "metadata": {
                    "trials": 1
                }
            }
        ],
        [
            {
                "query": {
                    "x1": 2.3381115704304216,
                    "x2": 0.21577146068832143
                },
                "metrics": {
                    "outcome": 0.20806209054490876
                },
                "metadata": {
                    "trials": 1
                }
            }
        ],
        [
            {
                "query": {
                    "x1": 2.3426164461986962,
                    "x2": 0.22551154183076605
                },
                "metrics": {
                    "outcome": 0.19514165459199065
                },
                "metadata": {
                    "trials": 1
                }
            }
        ],
        [
            {
                "query": {
                    "x1": 2.351693112247056,
                    "x2": 0.23973794536680515
                },
                "metrics": {
                    "outcome": 0.17746711534247034
                },
                "metadata": {
                    "trials": 1
                }
            }
        ],
        [
            {
                "query": {
                    "x1": 2.360820837518336,
                    "x2": 0.2522024280685553
                },
                "metrics": {
                    "outcome": 0.16322798292385166
                },
                "metadata": {
                    "trials": 1
                }
            }
        ],
        [
            {
                "query": {
                    "x1": 2.3773641737967184,
                    "x2": 0.26038803368855046
                },
                "metrics": {
                    "outcome": 0.15174965593460865
                },
                "metadata": {
                    "trials": 1
                }
            }
        ],
        [
            {
                "query": {
                    "x1": 2.4115861572792925,
                    "x2": 0.26464413660142405
                },
                "metrics": {
                    "outcome": 0.14140863851455554
                },
                "metadata": {
                    "trials": 1
                }
            }
        ],
        [
            {
                "query": {
                    "x1": 2.4255644680592994,
                    "x2": 0.2634954318998295
                },
                "metrics": {
                    "outcome": 0.14154197747328295
                },
                "metadata": {
                    "trials": 1
                }
            }
        ],
        [
            {
                "query": {
                    "x1": 2.421531922424146,
                    "x2": 0.26484025441572
                },
                "metrics": {
                    "outcome": 0.14024966476509979
                },
                "metadata": {
                    "trials": 1
                }
            }
        ],
        [
            {
                "query": {
                    "x1": 2.422478403250098,
                    "x2": 0.2687724340100486
                },
                "metrics": {
                    "outcome": 0.1359331794335656
                },
                "metadata": {
                    "trials": 1
                }
            }
        ],
        [
            {
                "query": {
                    "x1": 2.426507979784609,
                    "x2": 0.27710730591746646
                },
                "metrics": {
                    "outcome": 0.1272281487261927
                },
                "metadata": {
                    "trials": 1
                }
            }
        ],
        [
            {
                "query": {
                    "x1": -3.1836385333444923,
                    "x2": -1.659050672315061
                },
                "metrics": {
                    "outcome": 524.3766843504684
                },
                "metadata": {
                    "trials": 1
                }
            }
        ],
        [
            {
                "query": {
                    "x1": 2.4330584007969502,
                    "x2": 0.2867755341288101
                },
                "metrics": {
                    "outcome": 0.11782670387852698
                },
                "metadata": {
                    "trials": 1
                }
            }
        ],
        [
            {
                "query": {
                    "x1": 2.442618837971059,
                    "x2": 0.2943260519379498
                },
                "metrics": {
                    "outcome": 0.11025717043438396
                },
                "metadata": {
                    "trials": 1
                }
            }
        ],
        [
            {
                "query": {
                    "x1": 2.4653157675390007,
                    "x2": 0.2988800820962281
                },
                "metrics": {
                    "outcome": 0.1030806604948154
                },
                "metadata": {
                    "trials": 1
                }
            }
        ],
        [
            {
                "query": {
                    "x1": 2.487109947407437,
                    "x2": 0.29942862540531223
                },
                "metrics": {
                    "outcome": 0.10084156650553083
                },
                "metadata": {
                    "trials": 1
                }
            }
        ],
        [
            {
                "query": {
                    "x1": 2.4898594628192336,
                    "x2": 0.29908325559317017
                },
                "metrics": {
                    "outcome": 0.10111305411188001
                },
                "metadata": {
                    "trials": 1
                }
            }
        ],
        [
            {
                "query": {
                    "x1": 2.488146663747803,
                    "x2": 0.29956437334732744
                },
                "metrics": {
                    "outcome": 0.10067665853604515
                },
                "metadata": {
                    "trials": 1
                }
            }
        ],
        [
            {
                "query": {
                    "x1": 2.4885786510936523,
                    "x2": 0.2993909594258177
                },
                "metrics": {
                    "outcome": 0.10083514894814419
                },
                "metadata": {
                    "trials": 1
                }
            }
        ],
        [
            {
                "query": {
                    "x1": 2.487176555435436,
                    "x2": 0.30078662687670477
                },
                "metrics": {
                    "outcome": 0.09953389672703714
                },
                "metadata": {
                    "trials": 1
                }
            }
        ],
        [
            {
                "query": {
                    "x1": 2.4877303476018,
                    "x2": 0.30536856568088844
                },
                "metrics": {
                    "outcome": 0.09535193381647133
                },
                "metadata": {
                    "trials": 1
                }
            }
        ],
        [
            {
                "query": {
                    "x1": 2.4914664693642585,
                    "x2": 0.31264855324707597
                },
                "metrics": {
                    "outcome": 0.08912993490532028
                },
                "metadata": {
                    "trials": 1
                }
            }
        ],
        [
            {
                "query": {
                    "x1": 2.4981587411313324,
                    "x2": 0.3196832699581602
                },
                "metrics": {
                    "outcome": 0.0833217377389993
                },
                "metadata": {
                    "trials": 1
                }
            }
        ],
        [
            {
                "query": {
                    "x1": 2.5127523900405784,
                    "x2": 0.32473364813721695
                },
                "metrics": {
                    "outcome": 0.07804660610222822
                },
                "metadata": {
                    "trials": 1
                }
            }
        ],
        [
            {
                "query": {
                    "x1": 2.5336532964066887,
                    "x2": 0.3269582332950973
                },
                "metrics": {
                    "outcome": 0.07465870911875164
                },
                "metadata": {
                    "trials": 1
                }
            }
        ],
        [
            {
                "query": {
                    "x1": 2.5445607427351007,
                    "x2": 0.32698962883552163
                },
                "metrics": {
                    "outcome": 0.07436627774738301
                },
                "metadata": {
                    "trials": 1
                }
            }
        ]
    ],
    "best_results": [
        {
            "query": {
                "x1": 2.5445607427351007,
                "x2": 0.32698962883552163
            },
            "metrics": [
                {
                    "name": "outcome",
                    "value": 0.07436627774738301
                }
            ]
        }
    ]
}