{
    "date": "04/11/2022 16:39:27",
    "basic_params": {
        "active_variables": [
            "x1",
            "x2"
        ],
        "default_query": {},
        "metric": "basic",
        "n_trials": 1
    },
    "objective_function": {
        "name": "Gramacy2D",
        "params": {}
    },
    "optimizer": {
        "name": "BO",
        "params": {
            "lower_bound": [
                -2.0,
                -2.0
            ],
            "upper_bound": [
                6.0,
                6.0
            ],
            "invert_metric": false,
            "bopt_params": {
                "n_iterations": 140,
                "n_init_samples": 10
            }
        }
    },
    "iterations": [
        [
            {
                "query": {
                    "x1": 2.21020774487406,
                    "x2": 2.8423905363306403
                },
                "metrics": {
                    "outcome": 5.177875488351644e-06
                },
                "metadata": {
                    "trials": 1
                }
            }
        ],
        [
            {
                "query": {
                    "x1": 0.29175063837319604,
                    "x2": 0.08232443332672101
                },
                "metrics": {
                    "outcome": 0.26613500348607244
                },
                "metadata": {
                    "trials": 1
                }
            }
        ],
        [
            {
                "query": {
                    "x1": 3.074928022176027,
                    "x2": 3.911958891525865
                },
                "metrics": {
                    "outcome": 5.436376780347397e-11
                },
                "metadata": {
                    "trials": 1
                }
            }
        ],
        [
            {
                "query": {
                    "x1": 3.9640917966142295,
                    "x2": 2.2473802011460062
                },
                "metrics": {
                    "outcome": 3.803041229627711e-09
                },
                "metadata": {
                    "trials": 1
                }
            }
        ],
        [
            {
                "query": {
                    "x1": -1.5599087296053766,
                    "x2": 0.6286300435662269
                },
                "metrics": {
                    "outcome": -0.09219368312723444
                },
                "metadata": {
                    "trials": 1
                }
            }
        ],
        [
            {
                "query": {
                    "x1": 1.0386209744960069,
                    "x2": -1.6928584601730108
                },
                "metrics": {
                    "outcome": 0.02010856475124025
                },
                "metadata": {
                    "trials": 1
                }
            }
        ],
        [
            {
                "query": {
                    "x1": 1.803867253102362,
                    "x2": -0.8572494689375163
                },
                "metrics": {
                    "outcome": 0.03341063940612748
                },
                "metadata": {
                    "trials": 1
                }
            }
        ],
        [
            {
                "query": {
                    "x1": 5.057797024212777,
                    "x2": 1.775254486501217
                },
                "metrics": {
                    "outcome": 1.680536190892039e-12
                },
                "metadata": {
                    "trials": 1
                }
            }
        ],
        [
            {
                "query": {
                    "x1": 5.276215364970267,
                    "x2": 5.152644193544984
                },
                "metrics": {
                    "outcome": 1.2642454093017479e-23
                },
                "metadata": {
                    "trials": 1
                }
            }
        ],
        [
            {
                "query": {
                    "x1": -1.1219015141949058,
                    "x2": 5.381314578466117
                },
                "metrics": {
                    "outcome": -8.448650531402228e-14
                },
                "metadata": {
                    "trials": 1
                }
            }
        ],
        [
            {
                "query": {
                    "x1": -1.999999999999994,
                    "x2": 6.0
                },
                "metrics": {
                    "outcome": -8.496708510583333e-18
                },
                "metadata": {
                    "trials": 1
                }
            }
        ],
        [
            {
                "query": {
                    "x1": 5.999999999999999,
                    "x2": -2.0
                },
                "metrics": {
                    "outcome": 2.549012553174971e-17
                },
                "metadata": {
                    "trials": 1
                }
            }
        ],
        [
            {
                "query": {
                    "x1": -1.5628058963052105,
                    "x2": 6.0
                },
                "metrics": {
                    "outcome": -3.152094550321169e-17
                },
                "metadata": {
                    "trials": 1
                }
            }
        ],
        [
            {
                "query": {
                    "x1": -1.4101734886867603,
                    "x2": -2.0
                },
                "metrics": {
                    "outcome": -0.0035355849137167425
                },
                "metadata": {
                    "trials": 1
                }
            }
        ],
        [
            {
                "query": {
                    "x1": -0.6531908852314943,
                    "x2": -2.0
                },
                "metrics": {
                    "outcome": -0.007808485870373059
                },
                "metadata": {
                    "trials": 1
                }
            }
        ],
        [
            {
                "query": {
                    "x1": -1.6429451382091642,
                    "x2": 0.5694289389771514
                },
                "metrics": {
                    "outcome": -0.07989615129114444
                },
                "metadata": {
                    "trials": 1
                }
            }
        ],
        [
            {
                "query": {
                    "x1": -1.6581718473698557,
                    "x2": 0.557155222790156
                },
                "metrics": {
                    "outcome": -0.07775129135743412
                },
                "metadata": {
                    "trials": 1
                }
            }
        ],
        [
            {
                "query": {
                    "x1": 4.456489437890621,
                    "x2": 6.0
                },
                "metrics": {
                    "outcome": 2.4500427083061628e-24
                },
                "metadata": {
                    "trials": 1
                }
            }
        ],
        [
            {
                "query": {
                    "x1": 5.689114097706325,
                    "x2": -0.6276798511882609
                },
                "metrics": {
                    "outcome": 3.36943350565279e-14
                },
                "metadata": {
                    "trials": 1
                }
            }
        ],
        [
            {
                "query": {
                    "x1": 2.648781376621926,
                    "x2": -2.0
                },
                "metrics": {
                    "outcome": 4.3535097557564636e-05
                },
                "metadata": {
                    "trials": 1
                }
            }
        ],
        [
            {
                "query": {
                    "x1": 3.666666666666666,
                    "x2": -0.8080880229039757
                },
                "metrics": {
                    "outcome": 2.7658357366924065e-06
                },
                "metadata": {
                    "trials": 1
                }
            }
        ],
        [
            {
                "query": {
                    "x1": 4.666666666666666,
                    "x2": -2.0
                },
                "metrics": {
                    "outcome": 2.9775573586853855e-11
                },
                "metadata": {
                    "trials": 1
                }
            }
        ],
        [
            {
                "query": {
                    "x1": 4.666666666666666,
                    "x2": 6.0
                },
                "metrics": {
                    "outcome": 3.770827932231531e-25
                },
                "metadata": {
                    "trials": 1
                }
            }
        ],
        [
            {
                "query": {
                    "x1": -0.8983976188844369,
                    "x2": 4.597010339050929
                },
                "metrics": {
                    "outcome": -2.6620222146210856e-10
                },
                "metadata": {
                    "trials": 1
                }
            }
        ],
        [
            {
                "query": {
                    "x1": -1.6760602831828548,
                    "x2": -2.0
                },
                "metrics": {
                    "outcome": -0.0018496994677304238
                },
                "metadata": {
                    "trials": 1
                }
            }
        ],
        [
            {
                "query": {
                    "x1": -0.009225202888154538,
                    "x2": -1.3888959810704797
                },
                "metrics": {
                    "outcome": -0.0013402042562429143
                },
                "metadata": {
                    "trials": 1
                }
            }
        ],
        [
            {
                "query": {
                    "x1": 1.1111111111111112,
                    "x2": 1.3333333333333335
                },
                "metrics": {
                    "outcome": 0.05464021311636373
                },
                "metadata": {
                    "trials": 1
                }
            }
        ],
        [
            {
                "query": {
                    "x1": 2.0,
                    "x2": -2.0
                },
                "metrics": {
                    "outcome": 0.0006709252558050237
                },
                "metadata": {
                    "trials": 1
                }
            }
        ],
        [
            {
                "query": {
                    "x1": 2.8888888888888893,
                    "x2": 6.0
                },
                "metrics": {
                    "outcome": 1.5909156249378366e-19
                },
                "metadata": {
                    "trials": 1
                }
            }
        ],
        [
            {
                "query": {
                    "x1": 2.0,
                    "x2": 5.922222222222223
                },
                "metrics": {
                    "outcome": 2.147657497411541e-17
                },
                "metadata": {
                    "trials": 1
                }
            }
        ],
        [
            {
                "query": {
                    "x1": 5.76560222171247,
                    "x2": -1.1601175237447023
                },
                "metrics": {
                    "outcome": 5.488441618134331e-15
                },
                "metadata": {
                    "trials": 1
                }
            }
        ],
        [
            {
                "query": {
                    "x1": -0.6666666666666665,
                    "x2": 5.7666666666666675
                },
                "metrics": {
                    "outcome": -1.5440709427340135e-15
                },
                "metadata": {
                    "trials": 1
                }
            }
        ],
        [
            {
                "query": {
                    "x1": 0.7474675326515796,
                    "x2": -0.7373773447853214
                },
                "metrics": {
                    "outcome": 0.24820569278056112
                },
                "metadata": {
                    "trials": 1
                }
            }
        ],
        [
            {
                "query": {
                    "x1": 2.8888888888888893,
                    "x2": -1.7666666666666666
                },
                "metrics": {
                    "outcome": 3.0252910514164913e-05
                },
                "metadata": {
                    "trials": 1
                }
            }
        ],
        [
            {
                "query": {
                    "x1": -1.5555555555555554,
                    "x2": -2.0
                },
                "metrics": {
                    "outcome": -0.002534090878325808
                },
                "metadata": {
                    "trials": 1
                }
            }
        ],
        [
            {
                "query": {
                    "x1": 5.9222222222222225,
                    "x2": 2.0
                },
                "metrics": {
                    "outcome": 6.359452478446442e-17
                },
                "metadata": {
                    "trials": 1
                }
            }
        ],
        [
            {
                "query": {
                    "x1": 5.555555555555555,
                    "x2": 4.199999999999999
                },
                "metrics": {
                    "outcome": 4.7821385894685325e-21
                },
                "metadata": {
                    "trials": 1
                }
            }
        ],
        [
            {
                "query": {
                    "x1": 3.777777777777777,
                    "x2": 5.7666666666666675
                },
                "metrics": {
                    "outcome": 8.648392948984749e-21
                },
                "metadata": {
                    "trials": 1
                }
            }
        ],
        [
            {
                "query": {
                    "x1": 3.390548948534498,
                    "x2": 2.0470722037345865
                },
                "metrics": {
                    "outcome": 5.221374655813015e-07
                },
                "metadata": {
                    "trials": 1
                }
            }
        ],
        [
            {
                "query": {
                    "x1": 1.4074074074074074,
                    "x2": -0.20000000000000018
                },
                "metrics": {
                    "outcome": 0.18655180256893755
                },
                "metadata": {
                    "trials": 1
                }
            }
        ],
        [
            {
                "query": {
                    "x1": 2.3950617283950617,
                    "x2": 4.2
                },
                "metrics": {
                    "outcome": 1.686978824815731e-10
                },
                "metadata": {
                    "trials": 1
                }
            }
        ],
        [
            {
                "query": {
                    "x1": 2.0,
                    "x2": 2.0
                },
                "metrics": {
                    "outcome": 0.0006709252558050237
                },
                "metadata": {
                    "trials": 1
                }
            }
        ],
        [
            {
                "query": {
                    "x1": 2.0,
                    "x2": 2.0
                },
                "metrics": {
                    "outcome": 0.0006709252558050237
                },
                "metadata": {
                    "trials": 1
                }
            }
        ],
        [
            {
                "query": {
                    "x1": 2.0,
                    "x2": 2.0
                },
                "metrics": {
                    "outcome": 0.0006709252558050237
                },
                "metadata": {
                    "trials": 1
                }
            }
        ],
        [
            {
                "query": {
                    "x1": 2.0,
                    "x2": 2.0
                },
                "metrics": {
                    "outcome": 0.0006709252558050237
                },
                "metadata": {
                    "trials": 1
                }
            }
        ],
        [
            {
                "query": {
                    "x1": 2.0,
                    "x2": 2.0
                },
                "metrics": {
                    "outcome": 0.0006709252558050237
                },
                "metadata": {
                    "trials": 1
                }
            }
        ],
        [
            {
                "query": {
                    "x1": 2.0,
                    "x2": 2.0
                },
                "metrics": {
                    "outcome": 0.0006709252558050237
                },
                "metadata": {
                    "trials": 1
                }
            }
        ],
        [
            {
                "query": {
                    "x1": 2.0,
                    "x2": 2.0
                },
                "metrics": {
                    "outcome": 0.0006709252558050237
                },
                "metadata": {
                    "trials": 1
                }
            }
        ],
        [
            {
                "query": {
                    "x1": 2.0,
                    "x2": 2.0
                },
                "metrics": {
                    "outcome": 0.0006709252558050237
                },
                "metadata": {
                    "trials": 1
                }
            }
        ],
        [
            {
                "query": {
                    "x1": 2.0,
                    "x2": 2.0
                },
                "metrics": {
                    "outcome": 0.0006709252558050237
                },
                "metadata": {
                    "trials": 1
                }
            }
        ],
        [
            {
                "query": {
                    "x1": 2.0,
                    "x2": 2.0
                },
                "metrics": {
                    "outcome": 0.0006709252558050237
                },
                "metadata": {
                    "trials": 1
                }
            }
        ],
        [
            {
                "query": {
                    "x1": 5.824824433773756,
                    "x2": 5.05701064504683
                },
                "metrics": {
                    "outcome": 8.393057938863752e-26
                },
                "metadata": {
                    "trials": 1
                }
            }
        ],
        [
            {
                "query": {
                    "x1": 2.0,
                    "x2": 2.0
                },
                "metrics": {
                    "outcome": 0.0006709252558050237
                },
                "metadata": {
                    "trials": 1
                }
            }
        ],
        [
            {
                "query": {
                    "x1": 2.0,
                    "x2": 2.0
                },
                "metrics": {
                    "outcome": 0.0006709252558050237
                },
                "metadata": {
                    "trials": 1
                }
            }
        ],
        [
            {
                "query": {
                    "x1": 2.0,
                    "x2": 2.0
                },
                "metrics": {
                    "outcome": 0.0006709252558050237
                },
                "metadata": {
                    "trials": 1
                }
            }
        ],
        [
            {
                "query": {
                    "x1": 2.0,
                    "x2": 2.0
                },
                "metrics": {
                    "outcome": 0.0006709252558050237
                },
                "metadata": {
                    "trials": 1
                }
            }
        ],
        [
            {
                "query": {
                    "x1": 2.0,
                    "x2": 2.0
                },
                "metrics": {
                    "outcome": 0.0006709252558050237
                },
                "metadata": {
                    "trials": 1
                }
            }
        ],
        [
            {
                "query": {
                    "x1": 2.0,
                    "x2": 2.0
                },
                "metrics": {
                    "outcome": 0.0006709252558050237
                },
                "metadata": {
                    "trials": 1
                }
            }
        ],
        [
            {
                "query": {
                    "x1": 2.0,
                    "x2": 2.0
                },
                "metrics": {
                    "outcome": 0.0006709252558050237
                },
                "metadata": {
                    "trials": 1
                }
            }
        ],
        [
            {
                "query": {
                    "x1": 2.0,
                    "x2": 2.0
                },
                "metrics": {
                    "outcome": 0.0006709252558050237
                },
                "metadata": {
                    "trials": 1
                }
            }
        ],
        [
            {
                "query": {
                    "x1": 6.0,
                    "x2": 0.6083165821329439
                },
                "metrics": {
                    "outcome": 9.612572653502036e-16
                },
                "metadata": {
                    "trials": 1
                }
            }
        ],
        [
            {
                "query": {
                    "x1": -1.99999999999994,
                    "x2": 3.3594156249914713
                },
                "metrics": {
                    "outcome": -4.5977612032806577e-07
                },
                "metadata": {
                    "trials": 1
                }
            }
        ],
        [
            {
                "query": {
                    "x1": 6.0,
                    "x2": 3.3036823447437493
                },
                "metrics": {
                    "outcome": 2.5323413109161797e-20
                },
                "metadata": {
                    "trials": 1
                }
            }
        ],
        [
            {
                "query": {
                    "x1": -1.6379131356880972,
                    "x2": 0.7213014171249013
                },
                "metrics": {
                    "outcome": -0.06656261328824925
                },
                "metadata": {
                    "trials": 1
                }
            }
        ],
        [
            {
                "query": {
                    "x1": 6.0,
                    "x2": 4.590942613572245
                },
                "metrics": {
                    "outcome": 9.773090220930704e-25
                },
                "metadata": {
                    "trials": 1
                }
            }
        ],
        [
            {
                "query": {
                    "x1": -2.0,
                    "x2": 2.5447077513659577
                },
                "metrics": {
                    "outcome": -5.643673062018047e-05
                },
                "metadata": {
                    "trials": 1
                }
            }
        ],
        [
            {
                "query": {
                    "x1": -2.0,
                    "x2": 1.6150131041260694
                },
                "metrics": {
                    "outcome": -0.0026983355853138174
                },
                "metadata": {
                    "trials": 1
                }
            }
        ],
        [
            {
                "query": {
                    "x1": -2.0,
                    "x2": 3.679677523913349
                },
                "metrics": {
                    "outcome": -4.824954209656259e-08
                },
                "metadata": {
                    "trials": 1
                }
            }
        ],
        [
            {
                "query": {
                    "x1": 6.0,
                    "x2": -0.22718395812373693
                },
                "metrics": {
                    "outcome": 1.3217059827260631e-15
                },
                "metadata": {
                    "trials": 1
                }
            }
        ],
        [
            {
                "query": {
                    "x1": 6.0,
                    "x2": 3.615598510473446
                },
                "metrics": {
                    "outcome": 2.9255831641337465e-21
                },
                "metadata": {
                    "trials": 1
                }
            }
        ],
        [
            {
                "query": {
                    "x1": -2.0,
                    "x2": 4.99534217993958
                },
                "metrics": {
                    "outcome": -5.329779644346545e-13
                },
                "metadata": {
                    "trials": 1
                }
            }
        ],
        [
            {
                "query": {
                    "x1": -2.0,
                    "x2": 3.0163351075965092
                },
                "metrics": {
                    "outcome": -4.097513216790811e-06
                },
                "metadata": {
                    "trials": 1
                }
            }
        ],
        [
            {
                "query": {
                    "x1": -1.5359414704144,
                    "x2": 0.11178064346313477
                },
                "metrics": {
                    "outcome": -0.1433497853566834
                },
                "metadata": {
                    "trials": 1
                }
            }
        ],
        [
            {
                "query": {
                    "x1": -2.0,
                    "x2": 0.18465562490486676
                },
                "metrics": {
                    "outcome": -0.035403290214497694
                },
                "metadata": {
                    "trials": 1
                }
            }
        ],
        [
            {
                "query": {
                    "x1": -1.6169067549709069,
                    "x2": 0.02206494698221384
                },
                "metrics": {
                    "outcome": -0.11832036181224789
                },
                "metadata": {
                    "trials": 1
                }
            }
        ],
        [
            {
                "query": {
                    "x1": 6.0,
                    "x2": 0.8624394164218172
                },
                "metrics": {
                    "outcome": 6.614863815538273e-16
                },
                "metadata": {
                    "trials": 1
                }
            }
        ],
        [
            {
                "query": {
                    "x1": -1.6266890082840997,
                    "x2": 0.08179297447037781
                },
                "metrics": {
                    "outcome": -0.11460537716502192
                },
                "metadata": {
                    "trials": 1
                }
            }
        ],
        [
            {
                "query": {
                    "x1": 6.0,
                    "x2": 5.469566484278605
                },
                "metrics": {
                    "outcome": 1.4162103650385917e-28
                },
                "metadata": {
                    "trials": 1
                }
            }
        ],
        [
            {
                "query": {
                    "x1": 6.0,
                    "x2": 2.573465039577999
                },
                "metrics": {
                    "outcome": 1.850709044928068e-18
                },
                "metadata": {
                    "trials": 1
                }
            }
        ],
        [
            {
                "query": {
                    "x1": 6.0,
                    "x2": -1.5436805822139124
                },
                "metrics": {
                    "outcome": 1.284245282782808e-16
                },
                "metadata": {
                    "trials": 1
                }
            }
        ],
        [
            {
                "query": {
                    "x1": -2.0,
                    "x2": 1.0892771014569065
                },
                "metrics": {
                    "outcome": -0.011182810871769682
                },
                "metadata": {
                    "trials": 1
                }
            }
        ],
        [
            {
                "query": {
                    "x1": 6.0,
                    "x2": 3.015137500594954
                },
                "metrics": {
                    "outcome": 1.5680331897254455e-19
                },
                "metadata": {
                    "trials": 1
                }
            }
        ],
        [
            {
                "query": {
                    "x1": -1.6394356177368345,
                    "x2": 0.10401202004356325
                },
                "metrics": {
                    "outcome": -0.11033703997078213
                },
                "metadata": {
                    "trials": 1
                }
            }
        ],
        [
            {
                "query": {
                    "x1": 2.9792749419981686,
                    "x2": 4.410993378364956
                },
                "metrics": {
                    "outcome": 1.476625349226467e-12
                },
                "metadata": {
                    "trials": 1
                }
            }
        ],
        [
            {
                "query": {
                    "x1": 2.307941949880976,
                    "x2": 4.813254208675392
                },
                "metrics": {
                    "outcome": 9.737167694061172e-13
                },
                "metadata": {
                    "trials": 1
                }
            }
        ],
        [
            {
                "query": {
                    "x1": -1.9997981237405582,
                    "x2": 2.2125301705988107
                },
                "metrics": {
                    "outcome": -0.00027425943562888356
                },
                "metadata": {
                    "trials": 1
                }
            }
        ],
        [
            {
                "query": {
                    "x1": -2.0,
                    "x2": 4.019434649554406
                },
                "metrics": {
                    "outcome": -3.5273896288020117e-09
                },
                "metadata": {
                    "trials": 1
                }
            }
        ],
        [
            {
                "query": {
                    "x1": -2.0,
                    "x2": 1.825694990432749
                },
                "metrics": {
                    "outcome": -0.0013070076156612392
                },
                "metadata": {
                    "trials": 1
                }
            }
        ],
        [
            {
                "query": {
                    "x1": -2.0,
                    "x2": 5.565137340662652
                },
                "metrics": {
                    "outcome": -1.2984483245097505e-15
                },
                "metadata": {
                    "trials": 1
                }
            }
        ],
        [
            {
                "query": {
                    "x1": 2.0199999999999996,
                    "x2": 5.555555555555555
                },
                "metrics": {
                    "outcome": 1.3461873011737321e-15
                },
                "metadata": {
                    "trials": 1
                }
            }
        ],
        [
            {
                "query": {
                    "x1": 1.98675946333712,
                    "x2": 3.777616955648268
                },
                "metrics": {
                    "outcome": 2.434113479809229e-08
                },
                "metadata": {
                    "trials": 1
                }
            }
        ],
        [
            {
                "query": {
                    "x1": 2.88888861080766,
                    "x2": 2.666666666666675
                },
                "metrics": {
                    "outcome": 5.59671041149234e-07
                },
                "metadata": {
                    "trials": 1
                }
            }
        ],
        [
            {
                "query": {
                    "x1": 1.6594537046953701,
                    "x2": 3.4958691998666422
                },
                "metrics": {
                    "outcome": 5.205397380151515e-07
                },
                "metadata": {
                    "trials": 1
                }
            }
        ],
        [
            {
                "query": {
                    "x1": 0.548732278868556,
                    "x2": 3.047459641471505
                },
                "metrics": {
                    "outcome": 3.760919502163696e-05
                },
                "metadata": {
                    "trials": 1
                }
            }
        ],
        [
            {
                "query": {
                    "x1": 2.8688888888888897,
                    "x2": 4.666666666666666
                },
                "metrics": {
                    "outcome": 2.662404821057572e-13
                },
                "metadata": {
                    "trials": 1
                }
            }
        ],
        [
            {
                "query": {
                    "x1": -2.0,
                    "x2": 2.0
                },
                "metrics": {
                    "outcome": -0.0006709252558050237
                },
                "metadata": {
                    "trials": 1
                }
            }
        ],
        [
            {
                "query": {
                    "x1": -0.7666666666666666,
                    "x2": -1.7666666666666666
                },
                "metrics": {
                    "outcome": -0.018786963986766058
                },
                "metadata": {
                    "trials": 1
                }
            }
        ],
        [
            {
                "query": {
                    "x1": -0.4183636990771671,
                    "x2": -1.637586840562511
                },
                "metrics": {
                    "outcome": -0.024037913248919768
                },
                "metadata": {
                    "trials": 1
                }
            }
        ],
        [
            {
                "query": {
                    "x1": -2.0,
                    "x2": -0.6666666666666665
                },
                "metrics": {
                    "outcome": -0.02348725691404272
                },
                "metadata": {
                    "trials": 1
                }
            }
        ],
        [
            {
                "query": {
                    "x1": 1.8585786437626903,
                    "x2": -1.9124591149284405
                },
                "metrics": {
                    "outcome": 0.00151551128403232
                },
                "metadata": {
                    "trials": 1
                }
            }
        ],
        [
            {
                "query": {
                    "x1": -2.0,
                    "x2": 4.666666666666666
                },
                "metrics": {
                    "outcome": -1.2760960108651655e-11
                },
                "metadata": {
                    "trials": 1
                }
            }
        ],
        [
            {
                "query": {
                    "x1": 1.717157287525381,
                    "x2": -1.2222222222222219
                },
                "metrics": {
                    "outcome": 0.020205789093188875
                },
                "metadata": {
                    "trials": 1
                }
            }
        ],
        [
            {
                "query": {
                    "x1": 1.98,
                    "x2": -1.5555555555555554
                },
                "metrics": {
                    "outcome": 0.003492783690252304
                },
                "metadata": {
                    "trials": 1
                }
            }
        ],
        [
            {
                "query": {
                    "x1": 4.6835786183740415,
                    "x2": 5.619613655185494
                },
                "metrics": {
                    "outcome": 2.6846579061689246e-23
                },
                "metadata": {
                    "trials": 1
                }
            }
        ],
        [
            {
                "query": {
                    "x1": 6.0,
                    "x2": 4.666666666666666
                },
                "metrics": {
                    "outcome": 4.84820734144054e-25
                },
                "metadata": {
                    "trials": 1
                }
            }
        ],
        [
            {
                "query": {
                    "x1": 1.0,
                    "x2": 2.2222222222222223
                },
                "metrics": {
                    "outcome": 0.0026365827717265296
                },
                "metadata": {
                    "trials": 1
                }
            }
        ],
        [
            {
                "query": {
                    "x1": 6.0,
                    "x2": 0.22222222222222232
                },
                "metrics": {
                    "outcome": 1.3246564570070307e-15
                },
                "metadata": {
                    "trials": 1
                }
            }
        ],
        [
            {
                "query": {
                    "x1": 2.0199999999999996,
                    "x2": 0.22222222222222232
                },
                "metrics": {
                    "outcome": 0.03249447498251196
                },
                "metadata": {
                    "trials": 1
                }
            }
        ],
        [
            {
                "query": {
                    "x1": -0.6417694694927756,
                    "x2": 5.664401810626122
                },
                "metrics": {
                    "outcome": -4.9428117485593964e-15
                },
                "metadata": {
                    "trials": 1
                }
            }
        ],
        [
            {
                "query": {
                    "x1": -0.6666666666666665,
                    "x2": 2.666666666666665
                },
                "metrics": {
                    "outcome": -0.0003487969313637875
                },
                "metadata": {
                    "trials": 1
                }
            }
        ],
        [
            {
                "query": {
                    "x1": -1.1496459876121636,
                    "x2": -0.06759619577792497
                },
                "metrics": {
                    "outcome": -0.30519600043517914
                },
                "metadata": {
                    "trials": 1
                }
            }
        ],
        [
            {
                "query": {
                    "x1": -0.9582652671925223,
                    "x2": -0.017931851549989775
                },
                "metrics": {
                    "outcome": -0.3824243144218768
                },
                "metadata": {
                    "trials": 1
                }
            }
        ],
        [
            {
                "query": {
                    "x1": -0.806889826571477,
                    "x2": 0.15811103744717014
                },
                "metrics": {
                    "outcome": -0.4103936595700551
                },
                "metadata": {
                    "trials": 1
                }
            }
        ],
        [
            {
                "query": {
                    "x1": -0.8037432987055275,
                    "x2": 0.1954213280236452
                },
                "metrics": {
                    "outcome": -0.40548632626981507
                },
                "metadata": {
                    "trials": 1
                }
            }
        ],
        [
            {
                "query": {
                    "x1": -1.872834675014019,
                    "x2": -0.590013375505805
                },
                "metrics": {
                    "outcome": -0.03962986211389616
                },
                "metadata": {
                    "trials": 1
                }
            }
        ],
        [
            {
                "query": {
                    "x1": -0.784108340426092,
                    "x2": 0.06422023139399702
                },
                "metrics": {
                    "outcome": -0.42224979596385415
                },
                "metadata": {
                    "trials": 1
                }
            }
        ],
        [
            {
                "query": {
                    "x1": -0.7437698041091885,
                    "x2": -0.017533457391907703
                },
                "metrics": {
                    "outcome": -0.42761815674987297
                },
                "metadata": {
                    "trials": 1
                }
            }
        ],
        [
            {
                "query": {
                    "x1": -0.7335443601268232,
                    "x2": -0.053617186933626826
                },
                "metrics": {
                    "outcome": -0.42706060792171974
                },
                "metadata": {
                    "trials": 1
                }
            }
        ],
        [
            {
                "query": {
                    "x1": -0.7345519380287489,
                    "x2": -0.051265456005544996
                },
                "metrics": {
                    "outcome": -0.427120428986271
                },
                "metadata": {
                    "trials": 1
                }
            }
        ],
        [
            {
                "query": {
                    "x1": -0.7349156818219273,
                    "x2": -0.05042506403782343
                },
                "metrics": {
                    "outcome": -0.42714008508957996
                },
                "metadata": {
                    "trials": 1
                }
            }
        ],
        [
            {
                "query": {
                    "x1": -0.7351207575287555,
                    "x2": -0.04996908732863625
                },
                "metrics": {
                    "outcome": -0.4271500445258999
                },
                "metadata": {
                    "trials": 1
                }
            }
        ],
        [
            {
                "query": {
                    "x1": -0.7352594571851343,
                    "x2": -0.049626526566493245
                },
                "metrics": {
                    "outcome": -0.42715808977565206
                },
                "metadata": {
                    "trials": 1
                }
            }
        ],
        [
            {
                "query": {
                    "x1": -0.7353621235178749,
                    "x2": -0.04937662197331849
                },
                "metrics": {
                    "outcome": -0.4271638056435621
                },
                "metadata": {
                    "trials": 1
                }
            }
        ],
        [
            {
                "query": {
                    "x1": -0.7354526757539794,
                    "x2": -0.049241036183976794
                },
                "metrics": {
                    "outcome": -0.4271652228281143
                },
                "metadata": {
                    "trials": 1
                }
            }
        ],
        [
            {
                "query": {
                    "x1": -0.7355149020914793,
                    "x2": -0.049090430375007266
                },
                "metrics": {
                    "outcome": -0.42716858991136647
                },
                "metadata": {
                    "trials": 1
                }
            }
        ],
        [
            {
                "query": {
                    "x1": -0.7356237998087973,
                    "x2": -0.049140117867163546
                },
                "metrics": {
                    "outcome": -0.4271613114493737
                },
                "metadata": {
                    "trials": 1
                }
            }
        ],
        [
            {
                "query": {
                    "x1": -0.7277184928378224,
                    "x2": -0.036281916351945886
                },
                "metrics": {
                    "outcome": -0.42795742035452994
                },
                "metadata": {
                    "trials": 1
                }
            }
        ],
        [
            {
                "query": {
                    "x1": -0.7171073639775902,
                    "x2": -0.02393217004446324
                },
                "metrics": {
                    "outcome": -0.42855104239142766
                },
                "metadata": {
                    "trials": 1
                }
            }
        ],
        [
            {
                "query": {
                    "x1": -0.7057472981822763,
                    "x2": -0.011001756732975432
                },
                "metrics": {
                    "outcome": -0.42882844819340465
                },
                "metadata": {
                    "trials": 1
                }
            }
        ],
        [
            {
                "query": {
                    "x1": -0.7015923769866292,
                    "x2": -0.006442471253846449
                },
                "metrics": {
                    "outcome": -0.4288379921521951
                },
                "metadata": {
                    "trials": 1
                }
            }
        ],
        [
            {
                "query": {
                    "x1": -0.7015969059858052,
                    "x2": -0.0064277976394429
                },
                "metrics": {
                    "outcome": -0.42883811613079414
                },
                "metadata": {
                    "trials": 1
                }
            }
        ],
        [
            {
                "query": {
                    "x1": -0.701726617656951,
                    "x2": -0.006572704862766621
                },
                "metrics": {
                    "outcome": -0.42883852448170995
                },
                "metadata": {
                    "trials": 1
                }
            }
        ],
        [
            {
                "query": {
                    "x1": -0.7018267222031751,
                    "x2": -0.0066841716556682584
                },
                "metrics": {
                    "outcome": -0.4288388095210326
                },
                "metadata": {
                    "trials": 1
                }
            }
        ],
        [
            {
                "query": {
                    "x1": -0.7019134980193753,
                    "x2": -0.006780062204968518
                },
                "metrics": {
                    "outcome": -0.42883903824391456
                },
                "metadata": {
                    "trials": 1
                }
            }
        ],
        [
            {
                "query": {
                    "x1": -0.7019915292072099,
                    "x2": -0.006866471453536915
                },
                "metrics": {
                    "outcome": -0.4288392250009124
                },
                "metadata": {
                    "trials": 1
                }
            }
        ],
        [
            {
                "query": {
                    "x1": 4.694167444482446,
                    "x2": 2.245158726349473
                },
                "metrics": {
                    "outcome": 8.177579330092189e-12
                },
                "metadata": {
                    "trials": 1
                }
            }
        ],
        [
            {
                "query": {
                    "x1": -0.7020604666309185,
                    "x2": -0.006952604477883151
                },
                "metrics": {
                    "outcome": -0.4288393175510907
                },
                "metadata": {
                    "trials": 1
                }
            }
        ],
        [
            {
                "query": {
                    "x1": -0.702125608524985,
                    "x2": -0.007015333346922947
                },
                "metrics": {
                    "outcome": -0.42883950404940674
                },
                "metadata": {
                    "trials": 1
                }
            }
        ],
        [
            {
                "query": {
                    "x1": -0.7021799896655994,
                    "x2": -0.00708267910669047
                },
                "metrics": {
                    "outcome": -0.42883956064463363
                },
                "metadata": {
                    "trials": 1
                }
            }
        ],
        [
            {
                "query": {
                    "x1": -0.7022265265582852,
                    "x2": -0.007132894438412585
                },
                "metrics": {
                    "outcome": -0.42883964732434615
                },
                "metadata": {
                    "trials": 1
                }
            }
        ],
        [
            {
                "query": {
                    "x1": -0.7022814186486901,
                    "x2": -0.007205514717836037
                },
                "metrics": {
                    "outcome": -0.4288396593085062
                },
                "metadata": {
                    "trials": 1
                }
            }
        ],
        [
            {
                "query": {
                    "x1": -0.7023283442664627,
                    "x2": -0.007259281384898619
                },
                "metrics": {
                    "outcome": -0.4288397136364649
                },
                "metadata": {
                    "trials": 1
                }
            }
        ],
        [
            {
                "query": {
                    "x1": -0.702368809060341,
                    "x2": -0.00730634483400916
                },
                "metrics": {
                    "outcome": -0.4288397510567064
                },
                "metadata": {
                    "trials": 1
                }
            }
        ],
        [
            {
                "query": {
                    "x1": -0.7024062457652811,
                    "x2": -0.007351987120563175
                },
                "metrics": {
                    "outcome": -0.4288397682221161
                },
                "metadata": {
                    "trials": 1
                }
            }
        ],
        [
            {
                "query": {
                    "x1": -0.7024449463026086,
                    "x2": -0.007394294774590859
                },
                "metrics": {
                    "outcome": -0.4288398124747876
                },
                "metadata": {
                    "trials": 1
                }
            }
        ],
        [
            {
                "query": {
                    "x1": -0.702479388636827,
                    "x2": -0.007432854707276615
                },
                "metrics": {
                    "outcome": -0.42883984260803565
                },
                "metadata": {
                    "trials": 1
                }
            }
        ],
        [
            {
                "query": {
                    "x1": -0.7025116353163243,
                    "x2": -0.007458267757098458
                },
                "metrics": {
                    "outcome": -0.4288399362305586
                },
                "metadata": {
                    "trials": 1
                }
            }
        ],
        [
            {
                "query": {
                    "x1": -0.7025423934205768,
                    "x2": -0.00750706281110558
                },
                "metrics": {
                    "outcome": -0.42883986549867836
                },
                "metadata": {
                    "trials": 1
                }
            }
        ],
        [
            {
                "query": {
                    "x1": -0.7025709840861543,
                    "x2": -0.0075430927801738434
                },
                "metrics": {
                    "outcome": -0.42883985683143955
                },
                "metadata": {
                    "trials": 1
                }
            }
        ],
        [
            {
                "query": {
                    "x1": -0.702599754734168,
                    "x2": -0.007574744245828935
                },
                "metrics": {
                    "outcome": -0.42883987548956554
                },
                "metadata": {
                    "trials": 1
                }
            }
        ]
    ],
    "best_results": [
        {
            "query": {
                "x1": -0.7025116353163243,
                "x2": -0.007458267757098458
            },
            "metrics": [
                {
                    "name": "outcome",
                    "value": -0.4288399362305586
                }
            ]
        }
    ]
}