{
    "date": "09/11/2022 18:57:34",
    "basic_params": {
        "active_variables": [
            "x"
        ],
        "default_query": {},
        "metric": "basic",
        "n_trials": 1
    },
    "objective_function": {
        "name": "Gramacy1D",
        "params": {}
    },
    "optimizer": {
        "name": "BO-MCMC-2500",
        "params": {
            "lower_bound": [
                0.5
            ],
            "upper_bound": [
                2.5
            ],
            "invert_metric": false,
            "bopt_params": {
                "n_init_samples": 15,
                "n_iterations": 45,
                "n_iter_relearn": 5,
                "verbose_level": 0,
                "n_parallel_samples": 3,
                "par_type": "PAR_MCMC",
                "l_type": "L_MCMC",
                "burnout_mcmc_parallel": 2500,
                "crit_name": "cEI"
            }
        }
    },
    "execution_time": 82.2480857372284,
    "best_results": [
        {
            "query": {
                "x": 0.5485673856944927
            },
            "metrics": [
                {
                    "name": "outcome",
                    "value": -0.8690111280015316
                }
            ]
        }
    ],
    "iterations": [
        [
            {
                "query": {
                    "x": 1.705777420538167
                },
                "metrics": {
                    "outcome": 0.19521449195769258
                },
                "metadata": {
                    "trials": 1
                }
            }
        ],
        [
            {
                "query": {
                    "x": 1.3885168610451122
                },
                "metrics": {
                    "outcome": -0.1043220901130252
                },
                "metadata": {
                    "trials": 1
                }
            }
        ],
        [
            {
                "query": {
                    "x": 2.3606237819728753
                },
                "metrics": {
                    "outcome": 3.2271803300674744
                },
                "metadata": {
                    "trials": 1
                }
            }
        ],
        [
            {
                "query": {
                    "x": 1.699593710837265
                },
                "metrics": {
                    "outcome": 0.24329795493652756
                },
                "metadata": {
                    "trials": 1
                }
            }
        ],
        [
            {
                "query": {
                    "x": 0.8177990955300629
                },
                "metrics": {
                    "outcome": 0.3254403280744932
                },
                "metadata": {
                    "trials": 1
                }
            }
        ],
        [
            {
                "query": {
                    "x": 1.1942203228361905
                },
                "metrics": {
                    "outcome": -0.0741819940196148
                },
                "metadata": {
                    "trials": 1
                }
            }
        ],
        [
            {
                "query": {
                    "x": 1.534375126970311
                },
                "metrics": {
                    "outcome": -0.2058457011689367
                },
                "metadata": {
                    "trials": 1
                }
            }
        ],
        [
            {
                "query": {
                    "x": 2.160981765265266
                },
                "metrics": {
                    "outcome": 1.5990344911327683
                },
                "metadata": {
                    "trials": 1
                }
            }
        ],
        [
            {
                "query": {
                    "x": 0.6055568602867425
                },
                "metrics": {
                    "outcome": 0.1676190641120571
                },
                "metadata": {
                    "trials": 1
                }
            }
        ],
        [
            {
                "query": {
                    "x": 1.8740617072520156
                },
                "metrics": {
                    "outcome": 0.7778058872302238
                },
                "metadata": {
                    "trials": 1
                }
            }
        ],
        [
            {
                "query": {
                    "x": 1.0919099942781032
                },
                "metrics": {
                    "outcome": 0.11520340739062754
                },
                "metadata": {
                    "trials": 1
                }
            }
        ],
        [
            {
                "query": {
                    "x": 2.459835628854732
                },
                "metrics": {
                    "outcome": 4.735311587996719
                },
                "metadata": {
                    "trials": 1
                }
            }
        ],
        [
            {
                "query": {
                    "x": 2.062272891961038
                },
                "metrics": {
                    "outcome": 1.4979917752070837
                },
                "metadata": {
                    "trials": 1
                }
            }
        ],
        [
            {
                "query": {
                    "x": 0.9695587993909915
                },
                "metrics": {
                    "outcome": -0.42136922811888006
                },
                "metadata": {
                    "trials": 1
                }
            }
        ],
        [
            {
                "query": {
                    "x": 0.655119689181447
                },
                "metrics": {
                    "outcome": 0.76751585329951
                },
                "metadata": {
                    "trials": 1
                }
            }
        ],
        [
            {
                "query": {
                    "x": 0.5461482506919363
                },
                "metrics": {
                    "outcome": -0.8663795406689765
                },
                "metadata": {
                    "trials": 1
                }
            },
            {
                "query": {
                    "x": 1.768445516427531
                },
                "metrics": {
                    "outcome": 0.11212364094810481
                },
                "metadata": {
                    "trials": 1
                }
            },
            {
                "query": {
                    "x": 0.9887788570486009
                },
                "metrics": {
                    "outcome": -0.17459229845308713
                },
                "metadata": {
                    "trials": 1
                }
            }
        ],
        [
            {
                "query": {
                    "x": 0.9205930121994541
                },
                "metrics": {
                    "outcome": -0.32733313046886947
                },
                "metadata": {
                    "trials": 1
                }
            },
            {
                "query": {
                    "x": 0.5391874056549825
                },
                "metrics": {
                    "outcome": -0.8292413089348418
                },
                "metadata": {
                    "trials": 1
                }
            },
            {
                "query": {
                    "x": 0.5000257270765724
                },
                "metrics": {
                    "outcome": 0.06167893918007635
                },
                "metadata": {
                    "trials": 1
                }
            }
        ],
        [
            {
                "query": {
                    "x": 1.4457020620983099
                },
                "metrics": {
                    "outcome": 0.38216677668908783
                },
                "metadata": {
                    "trials": 1
                }
            },
            {
                "query": {
                    "x": 1.3020901838261294
                },
                "metrics": {
                    "outcome": -0.016869023910542718
                },
                "metadata": {
                    "trials": 1
                }
            },
            {
                "query": {
                    "x": 1.2813282178223224
                },
                "metrics": {
                    "outcome": 0.22226074651239408
                },
                "metadata": {
                    "trials": 1
                }
            }
        ],
        [
            {
                "query": {
                    "x": 1.6055706792262396
                },
                "metrics": {
                    "outcome": 0.18870299778355515
                },
                "metadata": {
                    "trials": 1
                }
            },
            {
                "query": {
                    "x": 1.5745125943806517
                },
                "metrics": {
                    "outcome": -0.11901699782599706
                },
                "metadata": {
                    "trials": 1
                }
            },
            {
                "query": {
                    "x": 1.5942646947235357
                },
                "metrics": {
                    "outcome": 0.06851176952621384
                },
                "metadata": {
                    "trials": 1
                }
            }
        ],
        [
            {
                "query": {
                    "x": 0.5663297102749554
                },
                "metrics": {
                    "outcome": -0.7338544740011668
                },
                "metadata": {
                    "trials": 1
                }
            },
            {
                "query": {
                    "x": 0.550661905437748
                },
                "metrics": {
                    "outcome": -0.8670363435107619
                },
                "metadata": {
                    "trials": 1
                }
            },
            {
                "query": {
                    "x": 0.5510980888414315
                },
                "metrics": {
                    "outcome": -0.866132231200433
                },
                "metadata": {
                    "trials": 1
                }
            }
        ],
        [
            {
                "query": {
                    "x": 1.1349354478525413
                },
                "metrics": {
                    "outcome": -0.39179828208778156
                },
                "metadata": {
                    "trials": 1
                }
            },
            {
                "query": {
                    "x": 0.5498610616861213
                },
                "metrics": {
                    "outcome": -0.8682550385111344
                },
                "metadata": {
                    "trials": 1
                }
            },
            {
                "query": {
                    "x": 0.5474013992393666
                },
                "metrics": {
                    "outcome": -0.8684027429273753
                },
                "metadata": {
                    "trials": 1
                }
            }
        ],
        [
            {
                "query": {
                    "x": 0.758277844904985
                },
                "metrics": {
                    "outcome": -0.6338032917703776
                },
                "metadata": {
                    "trials": 1
                }
            },
            {
                "query": {
                    "x": 0.7826968260151537
                },
                "metrics": {
                    "outcome": -0.3281767693458007
                },
                "metadata": {
                    "trials": 1
                }
            },
            {
                "query": {
                    "x": 0.7475770999419369
                },
                "metrics": {
                    "outcome": -0.6628308158740508
                },
                "metadata": {
                    "trials": 1
                }
            }
        ],
        [
            {
                "query": {
                    "x": 0.548049865193066
                },
                "metrics": {
                    "outcome": -0.8688923913216912
                },
                "metadata": {
                    "trials": 1
                }
            },
            {
                "query": {
                    "x": 1.9538422367329116
                },
                "metrics": {
                    "outcome": 0.5737193813123838
                },
                "metadata": {
                    "trials": 1
                }
            },
            {
                "query": {
                    "x": 1.9565256689124988
                },
                "metrics": {
                    "outcome": 0.5869142292089804
                },
                "metadata": {
                    "trials": 1
                }
            }
        ],
        [
            {
                "query": {
                    "x": 0.5479220772442073
                },
                "metrics": {
                    "outcome": -0.8688259188962278
                },
                "metadata": {
                    "trials": 1
                }
            },
            {
                "query": {
                    "x": 0.5480533638221666
                },
                "metrics": {
                    "outcome": -0.8688940041527644
                },
                "metadata": {
                    "trials": 1
                }
            },
            {
                "query": {
                    "x": 0.5476113769868187
                },
                "metrics": {
                    "outcome": -0.8686028481189688
                },
                "metadata": {
                    "trials": 1
                }
            }
        ],
        [
            {
                "query": {
                    "x": 0.5483641038175451
                },
                "metrics": {
                    "outcome": -0.868993253197719
                },
                "metadata": {
                    "trials": 1
                }
            },
            {
                "query": {
                    "x": 2.2422127492555113
                },
                "metrics": {
                    "outcome": 2.597488573275872
                },
                "metadata": {
                    "trials": 1
                }
            },
            {
                "query": {
                    "x": 2.2729578289163186
                },
                "metrics": {
                    "outcome": 2.7909665539845254
                },
                "metadata": {
                    "trials": 1
                }
            }
        ],
        [
            {
                "query": {
                    "x": 0.5485722992771672
                },
                "metrics": {
                    "outcome": -0.869011099715805
                },
                "metadata": {
                    "trials": 1
                }
            },
            {
                "query": {
                    "x": 0.5489093937751953
                },
                "metrics": {
                    "outcome": -0.8689573177528551
                },
                "metadata": {
                    "trials": 1
                }
            },
            {
                "query": {
                    "x": 1.3481029784707301
                },
                "metrics": {
                    "outcome": -0.35554953634794445
                },
                "metadata": {
                    "trials": 1
                }
            }
        ],
        [
            {
                "query": {
                    "x": 0.5484125286080581
                },
                "metrics": {
                    "outcome": -0.8690008864648509
                },
                "metadata": {
                    "trials": 1
                }
            },
            {
                "query": {
                    "x": 0.5486416290122228
                },
                "metrics": {
                    "outcome": -0.8690083852047844
                },
                "metadata": {
                    "trials": 1
                }
            },
            {
                "query": {
                    "x": 0.5486587444434555
                },
                "metrics": {
                    "outcome": -0.8690070496097071
                },
                "metadata": {
                    "trials": 1
                }
            }
        ],
        [
            {
                "query": {
                    "x": 0.5484982512922625
                },
                "metrics": {
                    "outcome": -0.869009222730505
                },
                "metadata": {
                    "trials": 1
                }
            },
            {
                "query": {
                    "x": 0.5482153630706009
                },
                "metrics": {
                    "outcome": -0.8689566012672829
                },
                "metadata": {
                    "trials": 1
                }
            },
            {
                "query": {
                    "x": 0.5494149186965049
                },
                "metrics": {
                    "outcome": -0.8686853567514257
                },
                "metadata": {
                    "trials": 1
                }
            }
        ],
        [
            {
                "query": {
                    "x": 0.5478337908472591
                },
                "metrics": {
                    "outcome": -0.8687713918544112
                },
                "metadata": {
                    "trials": 1
                }
            },
            {
                "query": {
                    "x": 0.5490757231966273
                },
                "metrics": {
                    "outcome": -0.8688931554576238
                },
                "metadata": {
                    "trials": 1
                }
            },
            {
                "query": {
                    "x": 0.5486379456685684
                },
                "metrics": {
                    "outcome": -0.8690086381790996
                },
                "metadata": {
                    "trials": 1
                }
            }
        ],
        [
            {
                "query": {
                    "x": 0.5489583898409116
                },
                "metrics": {
                    "outcome": -0.8689409990606272
                },
                "metadata": {
                    "trials": 1
                }
            },
            {
                "query": {
                    "x": 0.5489309588179867
                },
                "metrics": {
                    "outcome": -0.868950400987939
                },
                "metadata": {
                    "trials": 1
                }
            },
            {
                "query": {
                    "x": 0.5485775982890735
                },
                "metrics": {
                    "outcome": -0.869011044865798
                },
                "metadata": {
                    "trials": 1
                }
            }
        ],
        [
            {
                "query": {
                    "x": 0.5477362961145257
                },
                "metrics": {
                    "outcome": -0.8687030068658113
                },
                "metadata": {
                    "trials": 1
                }
            },
            {
                "query": {
                    "x": 1.1660098181321616
                },
                "metrics": {
                    "outcome": -0.3749483199673096
                },
                "metadata": {
                    "trials": 1
                }
            },
            {
                "query": {
                    "x": 0.5481502126548216
                },
                "metrics": {
                    "outcome": -0.8689342702004563
                },
                "metadata": {
                    "trials": 1
                }
            }
        ],
        [
            {
                "query": {
                    "x": 0.7183145962902828
                },
                "metrics": {
                    "outcome": -0.3724693906262513
                },
                "metadata": {
                    "trials": 1
                }
            },
            {
                "query": {
                    "x": 0.5485470941493238
                },
                "metrics": {
                    "outcome": -0.8690110147163279
                },
                "metadata": {
                    "trials": 1
                }
            },
            {
                "query": {
                    "x": 0.5489566247761173
                },
                "metrics": {
                    "outcome": -0.868941624380585
                },
                "metadata": {
                    "trials": 1
                }
            }
        ],
        [
            {
                "query": {
                    "x": 0.5488330711064379
                },
                "metrics": {
                    "outcome": -0.8689784409640275
                },
                "metadata": {
                    "trials": 1
                }
            },
            {
                "query": {
                    "x": 0.5478533177153236
                },
                "metrics": {
                    "outcome": -0.8687840575516063
                },
                "metadata": {
                    "trials": 1
                }
            },
            {
                "query": {
                    "x": 0.5471481660289328
                },
                "metrics": {
                    "outcome": -0.8681084279567757
                },
                "metadata": {
                    "trials": 1
                }
            }
        ],
        [
            {
                "query": {
                    "x": 0.5477005565600369
                },
                "metrics": {
                    "outcome": -0.8686757897715931
                },
                "metadata": {
                    "trials": 1
                }
            },
            {
                "query": {
                    "x": 0.5485155442389558
                },
                "metrics": {
                    "outcome": -0.8690101026849603
                },
                "metadata": {
                    "trials": 1
                }
            },
            {
                "query": {
                    "x": 0.548101459324998
                },
                "metrics": {
                    "outcome": -0.8689150571939086
                },
                "metadata": {
                    "trials": 1
                }
            }
        ],
        [
            {
                "query": {
                    "x": 0.5487224113300694
                },
                "metrics": {
                    "outcome": -0.8689997686036511
                },
                "metadata": {
                    "trials": 1
                }
            },
            {
                "query": {
                    "x": 0.5483983581050977
                },
                "metrics": {
                    "outcome": -0.8689988712729749
                },
                "metadata": {
                    "trials": 1
                }
            },
            {
                "query": {
                    "x": 0.5482949949031164
                },
                "metrics": {
                    "outcome": -0.868978702221935
                },
                "metadata": {
                    "trials": 1
                }
            }
        ],
        [
            {
                "query": {
                    "x": 0.5479389657983419
                },
                "metrics": {
                    "outcome": -0.8688355484320283
                },
                "metadata": {
                    "trials": 1
                }
            },
            {
                "query": {
                    "x": 0.5488303350914209
                },
                "metrics": {
                    "outcome": -0.8689791009956654
                },
                "metadata": {
                    "trials": 1
                }
            },
            {
                "query": {
                    "x": 0.5487021585933569
                },
                "metrics": {
                    "outcome": -0.8690024800785884
                },
                "metadata": {
                    "trials": 1
                }
            }
        ],
        [
            {
                "query": {
                    "x": 0.5485004462449056
                },
                "metrics": {
                    "outcome": -0.8690093493335339
                },
                "metadata": {
                    "trials": 1
                }
            },
            {
                "query": {
                    "x": 0.5487988435622332
                },
                "metrics": {
                    "outcome": -0.8689862135561729
                },
                "metadata": {
                    "trials": 1
                }
            },
            {
                "query": {
                    "x": 0.548653153686719
                },
                "metrics": {
                    "outcome": -0.8690075148584948
                },
                "metadata": {
                    "trials": 1
                }
            }
        ],
        [
            {
                "query": {
                    "x": 0.5481508386735217
                },
                "metrics": {
                    "outcome": -0.8689345029756512
                },
                "metadata": {
                    "trials": 1
                }
            },
            {
                "query": {
                    "x": 0.5484975328237012
                },
                "metrics": {
                    "outcome": -0.8690091803478911
                },
                "metadata": {
                    "trials": 1
                }
            },
            {
                "query": {
                    "x": 0.5491725868058788
                },
                "metrics": {
                    "outcome": -0.868844344596478
                },
                "metadata": {
                    "trials": 1
                }
            }
        ],
        [
            {
                "query": {
                    "x": 0.548535321584124
                },
                "metrics": {
                    "outcome": -0.8690107791602996
                },
                "metadata": {
                    "trials": 1
                }
            },
            {
                "query": {
                    "x": 0.5492485249968023
                },
                "metrics": {
                    "outcome": -0.8688001902168542
                },
                "metadata": {
                    "trials": 1
                }
            },
            {
                "query": {
                    "x": 0.5484299311312089
                },
                "metrics": {
                    "outcome": -0.8690031139454374
                },
                "metadata": {
                    "trials": 1
                }
            }
        ],
        [
            {
                "query": {
                    "x": 0.5483565957174308
                },
                "metrics": {
                    "outcome": -0.8689918806165327
                },
                "metadata": {
                    "trials": 1
                }
            },
            {
                "query": {
                    "x": 0.5485914225749742
                },
                "metrics": {
                    "outcome": -0.869010782844152
                },
                "metadata": {
                    "trials": 1
                }
            },
            {
                "query": {
                    "x": 0.5487683925274736
                },
                "metrics": {
                    "outcome": -0.8689922433630979
                },
                "metadata": {
                    "trials": 1
                }
            }
        ],
        [
            {
                "query": {
                    "x": 0.5484358888428318
                },
                "metrics": {
                    "outcome": -0.8690038138713813
                },
                "metadata": {
                    "trials": 1
                }
            },
            {
                "query": {
                    "x": 0.5487166039650017
                },
                "metrics": {
                    "outcome": -0.8690005838221952
                },
                "metadata": {
                    "trials": 1
                }
            },
            {
                "query": {
                    "x": 0.5481918415189531
                },
                "metrics": {
                    "outcome": -0.868948980142336
                },
                "metadata": {
                    "trials": 1
                }
            }
        ],
        [
            {
                "query": {
                    "x": 0.5483564558802363
                },
                "metrics": {
                    "outcome": -0.8689918545708945
                },
                "metadata": {
                    "trials": 1
                }
            },
            {
                "query": {
                    "x": 0.5485195801645931
                },
                "metrics": {
                    "outcome": -0.8690102693184828
                },
                "metadata": {
                    "trials": 1
                }
            },
            {
                "query": {
                    "x": 0.5488262670097676
                },
                "metrics": {
                    "outcome": -0.8689800699339585
                },
                "metadata": {
                    "trials": 1
                }
            }
        ],
        [
            {
                "query": {
                    "x": 0.5483266729983962
                },
                "metrics": {
                    "outcome": -0.8689859060289047
                },
                "metadata": {
                    "trials": 1
                }
            },
            {
                "query": {
                    "x": 0.5481688384898007
                },
                "metrics": {
                    "outcome": -0.8689410448574876
                },
                "metadata": {
                    "trials": 1
                }
            },
            {
                "query": {
                    "x": 0.5482445169489303
                },
                "metrics": {
                    "outcome": -0.8689653554827634
                },
                "metadata": {
                    "trials": 1
                }
            }
        ],
        [
            {
                "query": {
                    "x": 0.548960444133373
                },
                "metrics": {
                    "outcome": -0.8689402677503311
                },
                "metadata": {
                    "trials": 1
                }
            },
            {
                "query": {
                    "x": 0.5483930626503234
                },
                "metrics": {
                    "outcome": -0.8689980717998936
                },
                "metadata": {
                    "trials": 1
                }
            },
            {
                "query": {
                    "x": 0.548446119154794
                },
                "metrics": {
                    "outcome": -0.8690049412098095
                },
                "metadata": {
                    "trials": 1
                }
            }
        ],
        [
            {
                "query": {
                    "x": 0.5484749949912773
                },
                "metrics": {
                    "outcome": -0.8690076149602559
                },
                "metadata": {
                    "trials": 1
                }
            },
            {
                "query": {
                    "x": 0.5487697984643929
                },
                "metrics": {
                    "outcome": -0.8689919833193653
                },
                "metadata": {
                    "trials": 1
                }
            },
            {
                "query": {
                    "x": 0.5488635293284458
                },
                "metrics": {
                    "outcome": -0.8689706389517893
                },
                "metadata": {
                    "trials": 1
                }
            }
        ],
        [
            {
                "query": {
                    "x": 0.548720761836033
                },
                "metrics": {
                    "outcome": -0.8690000032376313
                },
                "metadata": {
                    "trials": 1
                }
            },
            {
                "query": {
                    "x": 0.5479915481534556
                },
                "metrics": {
                    "outcome": -0.8688638827083224
                },
                "metadata": {
                    "trials": 1
                }
            },
            {
                "query": {
                    "x": 0.5490302228484615
                },
                "metrics": {
                    "outcome": -0.8689131761328538
                },
                "metadata": {
                    "trials": 1
                }
            }
        ],
        [
            {
                "query": {
                    "x": 0.5486718011190317
                },
                "metrics": {
                    "outcome": -0.8690058535741194
                },
                "metadata": {
                    "trials": 1
                }
            },
            {
                "query": {
                    "x": 0.5486821801683706
                },
                "metrics": {
                    "outcome": -0.8690047934355671
                },
                "metadata": {
                    "trials": 1
                }
            },
            {
                "query": {
                    "x": 0.5488440729128685
                },
                "metrics": {
                    "outcome": -0.8689757189879161
                },
                "metadata": {
                    "trials": 1
                }
            }
        ],
        [
            {
                "query": {
                    "x": 0.5488621115186916
                },
                "metrics": {
                    "outcome": -0.868971020631315
                },
                "metadata": {
                    "trials": 1
                }
            },
            {
                "query": {
                    "x": 0.5486282449715114
                },
                "metrics": {
                    "outcome": -0.869009246035369
                },
                "metadata": {
                    "trials": 1
                }
            },
            {
                "query": {
                    "x": 0.549186239717286
                },
                "metrics": {
                    "outcome": -0.868836787598338
                },
                "metadata": {
                    "trials": 1
                }
            }
        ],
        [
            {
                "query": {
                    "x": 0.548570839557531
                },
                "metrics": {
                    "outcome": -0.8690111103870068
                },
                "metadata": {
                    "trials": 1
                }
            },
            {
                "query": {
                    "x": 0.5487890222321824
                },
                "metrics": {
                    "outcome": -0.8689882494095195
                },
                "metadata": {
                    "trials": 1
                }
            },
            {
                "query": {
                    "x": 0.549060423713485
                },
                "metrics": {
                    "outcome": -0.8689000948413731
                },
                "metadata": {
                    "trials": 1
                }
            }
        ],
        [
            {
                "query": {
                    "x": 0.5483986572931907
                },
                "metrics": {
                    "outcome": -0.8689989156888915
                },
                "metadata": {
                    "trials": 1
                }
            },
            {
                "query": {
                    "x": 0.5483180941796592
                },
                "metrics": {
                    "outcome": -0.8689840443884699
                },
                "metadata": {
                    "trials": 1
                }
            },
            {
                "query": {
                    "x": 0.548748767490724
                },
                "metrics": {
                    "outcome": -0.868995687702266
                },
                "metadata": {
                    "trials": 1
                }
            }
        ],
        [
            {
                "query": {
                    "x": 0.5485343246910918
                },
                "metrics": {
                    "outcome": -0.8690107534860376
                },
                "metadata": {
                    "trials": 1
                }
            },
            {
                "query": {
                    "x": 0.5479079190095263
                },
                "metrics": {
                    "outcome": -0.8688176479073753
                },
                "metadata": {
                    "trials": 1
                }
            },
            {
                "query": {
                    "x": 0.5481703517860197
                },
                "metrics": {
                    "outcome": -0.8689415815469962
                },
                "metadata": {
                    "trials": 1
                }
            }
        ],
        [
            {
                "query": {
                    "x": 0.5486524493150936
                },
                "metrics": {
                    "outcome": -0.869007571480436
                },
                "metadata": {
                    "trials": 1
                }
            },
            {
                "query": {
                    "x": 0.548066353718286
                },
                "metrics": {
                    "outcome": -0.8688998958130641
                },
                "metadata": {
                    "trials": 1
                }
            },
            {
                "query": {
                    "x": 0.5485673856944927
                },
                "metrics": {
                    "outcome": -0.8690111280015316
                },
                "metadata": {
                    "trials": 1
                }
            }
        ],
        [
            {
                "query": {
                    "x": 0.5479293104679308
                },
                "metrics": {
                    "outcome": -0.8688300746385749
                },
                "metadata": {
                    "trials": 1
                }
            },
            {
                "query": {
                    "x": 0.5490970156125504
                },
                "metrics": {
                    "outcome": -0.8688831481140794
                },
                "metadata": {
                    "trials": 1
                }
            },
            {
                "query": {
                    "x": 0.5487463075514087
                },
                "metrics": {
                    "outcome": -0.8689960950178174
                },
                "metadata": {
                    "trials": 1
                }
            }
        ],
        [
            {
                "query": {
                    "x": 0.548458955753037
                },
                "metrics": {
                    "outcome": -0.8690062224764721
                },
                "metadata": {
                    "trials": 1
                }
            },
            {
                "query": {
                    "x": 0.5483596799452363
                },
                "metrics": {
                    "outcome": -0.8689924505979492
                },
                "metadata": {
                    "trials": 1
                }
            },
            {
                "query": {
                    "x": 0.5479322095350174
                },
                "metrics": {
                    "outcome": -0.868831727008425
                },
                "metadata": {
                    "trials": 1
                }
            }
        ],
        [
            {
                "query": {
                    "x": 0.5482060996115791
                },
                "metrics": {
                    "outcome": -0.8689536593540206
                },
                "metadata": {
                    "trials": 1
                }
            },
            {
                "query": {
                    "x": 0.5488184606057614
                },
                "metrics": {
                    "outcome": -0.8689818876105923
                },
                "metadata": {
                    "trials": 1
                }
            },
            {
                "query": {
                    "x": 0.5482427448780187
                },
                "metrics": {
                    "outcome": -0.8689648452296818
                },
                "metadata": {
                    "trials": 1
                }
            }
        ],
        [
            {
                "query": {
                    "x": 0.5483440952228097
                },
                "metrics": {
                    "outcome": -0.8689894827415848
                },
                "metadata": {
                    "trials": 1
                }
            },
            {
                "query": {
                    "x": 0.5484995662538941
                },
                "metrics": {
                    "outcome": -0.8690092990971127
                },
                "metadata": {
                    "trials": 1
                }
            },
            {
                "query": {
                    "x": 0.5495161605042223
                },
                "metrics": {
                    "outcome": -0.8686033415105158
                },
                "metadata": {
                    "trials": 1
                }
            }
        ],
        [
            {
                "query": {
                    "x": 0.548369566764237
                },
                "metrics": {
                    "outcome": -0.8689942199932157
                },
                "metadata": {
                    "trials": 1
                }
            },
            {
                "query": {
                    "x": 0.5488460351032832
                },
                "metrics": {
                    "outcome": -0.8689752220880972
                },
                "metadata": {
                    "trials": 1
                }
            },
            {
                "query": {
                    "x": 0.5488310300996364
                },
                "metrics": {
                    "outcome": -0.8689789339705162
                },
                "metadata": {
                    "trials": 1
                }
            }
        ],
        [
            {
                "query": {
                    "x": 0.5481758581128722
                },
                "metrics": {
                    "outcome": -0.8689435169466961
                },
                "metadata": {
                    "trials": 1
                }
            },
            {
                "query": {
                    "x": 0.5481724667050238
                },
                "metrics": {
                    "outcome": -0.8689423281442376
                },
                "metadata": {
                    "trials": 1
                }
            },
            {
                "query": {
                    "x": 0.5483401832019724
                },
                "metrics": {
                    "outcome": -0.868988703418166
                },
                "metadata": {
                    "trials": 1
                }
            }
        ],
        [
            {
                "query": {
                    "x": 0.5483124258549736
                },
                "metrics": {
                    "outcome": -0.8689827779710759
                },
                "metadata": {
                    "trials": 1
                }
            },
            {
                "query": {
                    "x": 0.5482001801870352
                },
                "metrics": {
                    "outcome": -0.8689517389588816
                },
                "metadata": {
                    "trials": 1
                }
            },
            {
                "query": {
                    "x": 0.548986943498215
                },
                "metrics": {
                    "outcome": -0.868930494382625
                },
                "metadata": {
                    "trials": 1
                }
            }
        ],
        [
            {
                "query": {
                    "x": 0.5494252189289556
                },
                "metrics": {
                    "outcome": -0.8686774323519922
                },
                "metadata": {
                    "trials": 1
                }
            },
            {
                "query": {
                    "x": 0.548260471351465
                },
                "metrics": {
                    "outcome": -0.868969822029472
                },
                "metadata": {
                    "trials": 1
                }
            },
            {
                "query": {
                    "x": 0.5486185472495939
                },
                "metrics": {
                    "outcome": -0.8690097690946078
                },
                "metadata": {
                    "trials": 1
                }
            }
        ]
    ]
}