{
    "date": "04/11/2022 14:03:25",
    "basic_params": {
        "active_variables": [
            "x1",
            "x2"
        ],
        "default_query": {},
        "metric": "basic",
        "n_trials": 1
    },
    "objective_function": {
        "name": "Beale",
        "params": {}
    },
    "optimizer": {
        "name": "BBO-LP(LCBa)",
        "params": {
            "lower_bound": [
                -4.5,
                -4.5
            ],
            "upper_bound": [
                4.5,
                4.5
            ],
            "invert_metric": false,
            "bopt_params": {
                "n_init_samples": 15,
                "n_iterations": 45,
                "n_iter_relearn": 5,
                "verbose_level": 1,
                "n_parallel_samples": 3,
                "par_type": "PAR_BBO",
                "crit_name": "cLP(cLCBa)",
                "n_crit_params": 3,
                "crit_params": [
                    3,
                    1,
                    5.0
                ]
            }
        }
    },
    "iterations": [
        [
            {
                "query": {
                    "x1": -1.3126041663810613,
                    "x2": -2.744420540845022
                },
                "metrics": {
                    "outcome": 1046.4766399679997
                },
                "metadata": {
                    "trials": 1
                }
            }
        ],
        [
            {
                "query": {
                    "x1": -1.9205869839526715,
                    "x2": -0.024509185412898482
                },
                "metrics": {
                    "outcome": 50.07145101300698
                },
                "metadata": {
                    "trials": 1
                }
            }
        ],
        [
            {
                "query": {
                    "x1": -0.009733338793739499,
                    "x2": -1.4412344128824772
                },
                "metrics": {
                    "outcome": 14.433491765558683
                },
                "metadata": {
                    "trials": 1
                }
            }
        ],
        [
            {
                "query": {
                    "x1": 3.131580726290122,
                    "x2": 1.9833447181619706
                },
                "metrics": {
                    "outcome": 724.1992064443821
                },
                "metadata": {
                    "trials": 1
                }
            }
        ],
        [
            {
                "query": {
                    "x1": -0.7031052952632306,
                    "x2": -3.78580537699163
                },
                "metrics": {
                    "outcome": 1794.8574057890876
                },
                "metadata": {
                    "trials": 1
                }
            }
        ],
        [
            {
                "query": {
                    "x1": -3.3789277689065784,
                    "x2": -4.182962945709005
                },
                "metrics": {
                    "outcome": 67387.82004613162
                },
                "metadata": {
                    "trials": 1
                }
            }
        ],
        [
            {
                "query": {
                    "x1": -4.072288862010464,
                    "x2": 2.9825065633747725
                },
                "metrics": {
                    "outcome": 11207.6016073953
                },
                "metadata": {
                    "trials": 1
                }
            }
        ],
        [
            {
                "query": {
                    "x1": 1.0301390974782407,
                    "x2": 4.005977941956372
                },
                "metrics": {
                    "outcome": 4935.764810450764
                },
                "metadata": {
                    "trials": 1
                }
            }
        ],
        [
            {
                "query": {
                    "x1": 3.9202700331341482,
                    "x2": 2.3869400729890913
                },
                "metrics": {
                    "outcome": 3181.122123197362
                },
                "metadata": {
                    "trials": 1
                }
            }
        ],
        [
            {
                "query": {
                    "x1": 2.4396273493766785,
                    "x2": 3.7019448168575764
                },
                "metrics": {
                    "outcome": 16535.426898436428
                },
                "metadata": {
                    "trials": 1
                }
            }
        ],
        [
            {
                "query": {
                    "x1": 2.040510892448947,
                    "x2": -0.5080042964313178
                },
                "metrics": {
                    "outcome": 3.12953158885841
                },
                "metadata": {
                    "trials": 1
                }
            }
        ],
        [
            {
                "query": {
                    "x1": 0.6466787718236446,
                    "x2": 0.9875889784656469
                },
                "metrics": {
                    "outcome": 13.983300055641557
                },
                "metadata": {
                    "trials": 1
                }
            }
        ],
        [
            {
                "query": {
                    "x1": 3.439369310019538,
                    "x2": 0.7313863917253913
                },
                "metrics": {
                    "outcome": 1.0372239401437677
                },
                "metadata": {
                    "trials": 1
                }
            }
        ],
        [
            {
                "query": {
                    "x1": -2.8859080392401664,
                    "x2": -2.641571802087128
                },
                "metrics": {
                    "outcome": 3815.6404265587303
                },
                "metadata": {
                    "trials": 1
                }
            }
        ],
        [
            {
                "query": {
                    "x1": -2.3897928548511116,
                    "x2": -1.884020019415766
                },
                "metrics": {
                    "outcome": 526.0398760257776
                },
                "metadata": {
                    "trials": 1
                }
            }
        ],
        [
            {
                "query": {
                    "x1": 1.8888888888888875,
                    "x2": -1.333333333333333
                },
                "metrics": {
                    "outcome": 36.28197900260791
                },
                "metadata": {
                    "trials": 1
                }
            },
            {
                "query": {
                    "x1": 1.8888888888888875,
                    "x2": -1.333333333333333
                },
                "metrics": {
                    "outcome": 36.28197900260791
                },
                "metadata": {
                    "trials": 1
                }
            },
            {
                "query": {
                    "x1": 1.8888888888888875,
                    "x2": -1.333333333333333
                },
                "metrics": {
                    "outcome": 36.28197900260791
                },
                "metadata": {
                    "trials": 1
                }
            }
        ],
        [
            {
                "query": {
                    "x1": 1.981534201279647,
                    "x2": -1.5451999376308034
                },
                "metrics": {
                    "outcome": 82.003567670909
                },
                "metadata": {
                    "trials": 1
                }
            },
            {
                "query": {
                    "x1": 1.981534201279647,
                    "x2": -1.5451999376308034
                },
                "metrics": {
                    "outcome": 82.003567670909
                },
                "metadata": {
                    "trials": 1
                }
            },
            {
                "query": {
                    "x1": 1.981534201279647,
                    "x2": -1.5451999376308034
                },
                "metrics": {
                    "outcome": 82.003567670909
                },
                "metadata": {
                    "trials": 1
                }
            }
        ],
        [
            {
                "query": {
                    "x1": 0.5166543166164814,
                    "x2": 2.6679691409093165
                },
                "metrics": {
                    "outcome": 176.94252457428374
                },
                "metadata": {
                    "trials": 1
                }
            },
            {
                "query": {
                    "x1": 0.5166543166164814,
                    "x2": 2.6679691409093165
                },
                "metrics": {
                    "outcome": 176.94252457428374
                },
                "metadata": {
                    "trials": 1
                }
            },
            {
                "query": {
                    "x1": 0.5166543166164814,
                    "x2": 2.6679691409093165
                },
                "metrics": {
                    "outcome": 176.94252457428374
                },
                "metadata": {
                    "trials": 1
                }
            }
        ],
        [
            {
                "query": {
                    "x1": 3.4172426749353715,
                    "x2": 0.7471070041688952
                },
                "metrics": {
                    "outcome": 1.3524972230232004
                },
                "metadata": {
                    "trials": 1
                }
            },
            {
                "query": {
                    "x1": 3.4172448974132967,
                    "x2": 0.6712378156303451
                },
                "metrics": {
                    "outcome": 0.3386836842323115
                },
                "metadata": {
                    "trials": 1
                }
            },
            {
                "query": {
                    "x1": 3.4172397323692305,
                    "x2": 0.6803326557784564
                },
                "metrics": {
                    "outcome": 0.41847124781892386
                },
                "metadata": {
                    "trials": 1
                }
            }
        ],
        [
            {
                "query": {
                    "x1": 3.4280398232994376,
                    "x2": 0.5931545991355875
                },
                "metrics": {
                    "outcome": 0.019559504038228565
                },
                "metadata": {
                    "trials": 1
                }
            },
            {
                "query": {
                    "x1": 3.4280647188900026,
                    "x2": 0.5794908706223989
                },
                "metrics": {
                    "outcome": 0.02262867749026484
                },
                "metadata": {
                    "trials": 1
                }
            },
            {
                "query": {
                    "x1": 3.4280396768874057,
                    "x2": 0.5851335540731792
                },
                "metrics": {
                    "outcome": 0.019593836102133076
                },
                "metadata": {
                    "trials": 1
                }
            }
        ],
        [
            {
                "query": {
                    "x1": 0.9394138050271277,
                    "x2": -2.891989891634255
                },
                "metrics": {
                    "outcome": 531.223941059844
                },
                "metadata": {
                    "trials": 1
                }
            },
            {
                "query": {
                    "x1": 0.9394138050271277,
                    "x2": -2.891989891634255
                },
                "metrics": {
                    "outcome": 531.223941059844
                },
                "metadata": {
                    "trials": 1
                }
            },
            {
                "query": {
                    "x1": 0.9394138050271277,
                    "x2": -2.891989891634255
                },
                "metrics": {
                    "outcome": 531.223941059844
                },
                "metadata": {
                    "trials": 1
                }
            }
        ],
        [
            {
                "query": {
                    "x1": -1.2677930790445129,
                    "x2": -1.2807093320333607
                },
                "metrics": {
                    "outcome": 64.33455240736694
                },
                "metadata": {
                    "trials": 1
                }
            },
            {
                "query": {
                    "x1": -1.2678134204676157,
                    "x2": -1.2807082813315103
                },
                "metrics": {
                    "outcome": 64.3356615745825
                },
                "metadata": {
                    "trials": 1
                }
            },
            {
                "query": {
                    "x1": -1.2678332957815446,
                    "x2": -1.280707337006513
                },
                "metrics": {
                    "outcome": 64.3367522136014
                },
                "metadata": {
                    "trials": 1
                }
            }
        ],
        [
            {
                "query": {
                    "x1": -4.5,
                    "x2": 1.348653795899093
                },
                "metrics": {
                    "outcome": 17.37995206185688
                },
                "metadata": {
                    "trials": 1
                }
            },
            {
                "query": {
                    "x1": -4.499996288892395,
                    "x2": 1.348624240576786
                },
                "metrics": {
                    "outcome": 17.373173559864306
                },
                "metadata": {
                    "trials": 1
                }
            },
            {
                "query": {
                    "x1": -4.499996762036141,
                    "x2": 1.3486829916055987
                },
                "metrics": {
                    "outcome": 17.386554601525873
                },
                "metadata": {
                    "trials": 1
                }
            }
        ],
        [
            {
                "query": {
                    "x1": 4.499842498561144,
                    "x2": 0.26958971118133146
                },
                "metrics": {
                    "outcome": 10.081777636087478
                },
                "metadata": {
                    "trials": 1
                }
            },
            {
                "query": {
                    "x1": 4.499775813945758,
                    "x2": 0.2695971710763265
                },
                "metrics": {
                    "outcome": 10.080916467896781
                },
                "metadata": {
                    "trials": 1
                }
            },
            {
                "query": {
                    "x1": 4.4991074133937445,
                    "x2": 0.26960959893877234
                },
                "metrics": {
                    "outcome": 10.074088827895693
                },
                "metadata": {
                    "trials": 1
                }
            }
        ],
        [
            {
                "query": {
                    "x1": -4.4998424451245,
                    "x2": 0.6527736205415664
                },
                "metrics": {
                    "outcome": 67.22508389851745
                },
                "metadata": {
                    "trials": 1
                }
            },
            {
                "query": {
                    "x1": -4.4997749216096725,
                    "x2": 0.6527730559283613
                },
                "metrics": {
                    "outcome": 67.2240790112538
                },
                "metadata": {
                    "trials": 1
                }
            },
            {
                "query": {
                    "x1": -4.4991071144230865,
                    "x2": 0.6527932069970293
                },
                "metrics": {
                    "outcome": 67.2102325251833
                },
                "metadata": {
                    "trials": 1
                }
            }
        ],
        [
            {
                "query": {
                    "x1": 2.5643398483243347,
                    "x2": 1.4371738717453608
                },
                "metrics": {
                    "outcome": 90.5635122220286
                },
                "metadata": {
                    "trials": 1
                }
            },
            {
                "query": {
                    "x1": 2.5643398483243347,
                    "x2": 1.4371738717453608
                },
                "metrics": {
                    "outcome": 90.5635122220286
                },
                "metadata": {
                    "trials": 1
                }
            },
            {
                "query": {
                    "x1": 2.5643398483243347,
                    "x2": 1.4371738717453608
                },
                "metrics": {
                    "outcome": 90.5635122220286
                },
                "metadata": {
                    "trials": 1
                }
            }
        ],
        [
            {
                "query": {
                    "x1": 0.09273358438604085,
                    "x2": 1.505448206396533
                },
                "metrics": {
                    "outcome": 16.112455725780332
                },
                "metadata": {
                    "trials": 1
                }
            },
            {
                "query": {
                    "x1": 0.09273358438604085,
                    "x2": 1.505448206396533
                },
                "metrics": {
                    "outcome": 16.112455725780332
                },
                "metadata": {
                    "trials": 1
                }
            },
            {
                "query": {
                    "x1": 0.09273358438604085,
                    "x2": 1.505448206396533
                },
                "metrics": {
                    "outcome": 16.112455725780332
                },
                "metadata": {
                    "trials": 1
                }
            }
        ],
        [
            {
                "query": {
                    "x1": 1.1429874669229712,
                    "x2": -0.7942853201409599
                },
                "metrics": {
                    "outcome": 4.472164562166412
                },
                "metadata": {
                    "trials": 1
                }
            },
            {
                "query": {
                    "x1": 1.1429847813826512,
                    "x2": -0.794284835305243
                },
                "metrics": {
                    "outcome": 4.472168286938583
                },
                "metadata": {
                    "trials": 1
                }
            },
            {
                "query": {
                    "x1": 1.1429910807295016,
                    "x2": -0.7942856907028335
                },
                "metrics": {
                    "outcome": 4.472158432821669
                },
                "metadata": {
                    "trials": 1
                }
            }
        ],
        [
            {
                "query": {
                    "x1": 4.5,
                    "x2": -0.7564935452561219
                },
                "metrics": {
                    "outcome": 55.736522269065496
                },
                "metadata": {
                    "trials": 1
                }
            },
            {
                "query": {
                    "x1": 1.8981877153813498,
                    "x2": -0.8654400965929887
                },
                "metrics": {
                    "outcome": 7.564517329928095
                },
                "metadata": {
                    "trials": 1
                }
            },
            {
                "query": {
                    "x1": 1.8982184544847662,
                    "x2": -0.8654373028427096
                },
                "metrics": {
                    "outcome": 7.564708851793517
                },
                "metadata": {
                    "trials": 1
                }
            }
        ],
        [
            {
                "query": {
                    "x1": 0.14869278002985453,
                    "x2": -0.891810484485883
                },
                "metrics": {
                    "outcome": 12.032602103901619
                },
                "metadata": {
                    "trials": 1
                }
            },
            {
                "query": {
                    "x1": 0.14861063830283872,
                    "x2": -0.8918364584815959
                },
                "metrics": {
                    "outcome": 12.033698771282678
                },
                "metadata": {
                    "trials": 1
                }
            },
            {
                "query": {
                    "x1": 0.14877518326234895,
                    "x2": -0.8917852600412735
                },
                "metrics": {
                    "outcome": 12.03150132829434
                },
                "metadata": {
                    "trials": 1
                }
            }
        ],
        [
            {
                "query": {
                    "x1": 1.5105017716067008,
                    "x2": -0.1615180610351663
                },
                "metrics": {
                    "outcome": 1.8994092223488324
                },
                "metadata": {
                    "trials": 1
                }
            },
            {
                "query": {
                    "x1": 1.5106053061446172,
                    "x2": -0.16153415104938595
                },
                "metrics": {
                    "outcome": 1.89910334760678
                },
                "metadata": {
                    "trials": 1
                }
            },
            {
                "query": {
                    "x1": 1.5103980130489028,
                    "x2": -0.16150222071129683
                },
                "metrics": {
                    "outcome": 1.8997162041723712
                },
                "metadata": {
                    "trials": 1
                }
            }
        ],
        [
            {
                "query": {
                    "x1": 0.659131890235046,
                    "x2": 0.27675826399348935
                },
                "metrics": {
                    "outcome": 7.66093208949976
                },
                "metadata": {
                    "trials": 1
                }
            },
            {
                "query": {
                    "x1": 0.6592432335692813,
                    "x2": 0.27669228995516093
                },
                "metrics": {
                    "outcome": 7.65979068425521
                },
                "metadata": {
                    "trials": 1
                }
            },
            {
                "query": {
                    "x1": 0.6590256624854369,
                    "x2": 0.2768368686979539
                },
                "metrics": {
                    "outcome": 7.662070392365545
                },
                "metadata": {
                    "trials": 1
                }
            }
        ],
        [
            {
                "query": {
                    "x1": 2.1201382812286678,
                    "x2": -0.17808345418807292
                },
                "metrics": {
                    "outcome": 1.2771914599691563
                },
                "metadata": {
                    "trials": 1
                }
            },
            {
                "query": {
                    "x1": 2.120057511228076,
                    "x2": -0.17809060699560852
                },
                "metrics": {
                    "outcome": 1.2771434760957159
                },
                "metadata": {
                    "trials": 1
                }
            },
            {
                "query": {
                    "x1": 2.1202191016230465,
                    "x2": -0.1780768204592995
                },
                "metrics": {
                    "outcome": 1.2772417777473122
                },
                "metadata": {
                    "trials": 1
                }
            }
        ],
        [
            {
                "query": {
                    "x1": 3.523012315760308,
                    "x2": 0.5446451177055422
                },
                "metrics": {
                    "outcome": 0.17095012287158834
                },
                "metadata": {
                    "trials": 1
                }
            },
            {
                "query": {
                    "x1": 3.52814080051583,
                    "x2": 0.5420144773278626
                },
                "metrics": {
                    "outcome": 0.1883267931302169
                },
                "metadata": {
                    "trials": 1
                }
            },
            {
                "query": {
                    "x1": 3.5218000422323446,
                    "x2": 0.5452971118274741
                },
                "metrics": {
                    "outcome": 0.16684154401804674
                },
                "metadata": {
                    "trials": 1
                }
            }
        ],
        [
            {
                "query": {
                    "x1": 1.8183915686552083,
                    "x2": -0.29069569901007064
                },
                "metrics": {
                    "outcome": 1.6404852346439456
                },
                "metadata": {
                    "trials": 1
                }
            },
            {
                "query": {
                    "x1": 1.8183446858922787,
                    "x2": -0.29070675728384376
                },
                "metrics": {
                    "outcome": 1.6405461536164148
                },
                "metadata": {
                    "trials": 1
                }
            },
            {
                "query": {
                    "x1": 1.8184384050964812,
                    "x2": -0.29068465322258863
                },
                "metrics": {
                    "outcome": 1.640424392271726
                },
                "metadata": {
                    "trials": 1
                }
            }
        ],
        [
            {
                "query": {
                    "x1": 3.4610735672445303,
                    "x2": 0.5914888176493847
                },
                "metrics": {
                    "outcome": 0.02177873494028782
                },
                "metadata": {
                    "trials": 1
                }
            },
            {
                "query": {
                    "x1": 3.4610760355286194,
                    "x2": 0.591494215771097
                },
                "metrics": {
                    "outcome": 0.02177754131582868
                },
                "metadata": {
                    "trials": 1
                }
            },
            {
                "query": {
                    "x1": 3.4610742745994907,
                    "x2": 0.5914828053515242
                },
                "metrics": {
                    "outcome": 0.02178048170666169
                },
                "metadata": {
                    "trials": 1
                }
            }
        ],
        [
            {
                "query": {
                    "x1": 3.448779473032312,
                    "x2": 0.5722989101959755
                },
                "metrics": {
                    "outcome": 0.036859437916551004
                },
                "metadata": {
                    "trials": 1
                }
            },
            {
                "query": {
                    "x1": 3.448776678425948,
                    "x2": 0.5723042470717417
                },
                "metrics": {
                    "outcome": 0.036850021523973125
                },
                "metadata": {
                    "trials": 1
                }
            },
            {
                "query": {
                    "x1": 3.4487829142625053,
                    "x2": 0.5723043558128564
                },
                "metrics": {
                    "outcome": 0.036852094146310244
                },
                "metadata": {
                    "trials": 1
                }
            }
        ],
        [
            {
                "query": {
                    "x1": 2.62772055031866,
                    "x2": -0.06352539604584528
                },
                "metrics": {
                    "outcome": 1.8108982564782399
                },
                "metadata": {
                    "trials": 1
                }
            },
            {
                "query": {
                    "x1": 2.6278042021661285,
                    "x2": -0.06347250003083893
                },
                "metrics": {
                    "outcome": 1.8108434117008603
                },
                "metadata": {
                    "trials": 1
                }
            },
            {
                "query": {
                    "x1": 2.627573589298386,
                    "x2": -0.063602596006338
                },
                "metrics": {
                    "outcome": 1.8108914619579113
                },
                "metadata": {
                    "trials": 1
                }
            }
        ],
        [
            {
                "query": {
                    "x1": 3.441094824147539,
                    "x2": 0.5962196166602824
                },
                "metrics": {
                    "outcome": 0.020785571658473626
                },
                "metadata": {
                    "trials": 1
                }
            },
            {
                "query": {
                    "x1": 3.441086577159398,
                    "x2": 0.5962288523727306
                },
                "metrics": {
                    "outcome": 0.02078910681851846
                },
                "metadata": {
                    "trials": 1
                }
            },
            {
                "query": {
                    "x1": 3.4410990384512905,
                    "x2": 0.5962148192265486
                },
                "metrics": {
                    "outcome": 0.02078373858481105
                },
                "metadata": {
                    "trials": 1
                }
            }
        ],
        [
            {
                "query": {
                    "x1": 3.4415775044813355,
                    "x2": 0.5912440812947564
                },
                "metrics": {
                    "outcome": 0.019906399360628553
                },
                "metadata": {
                    "trials": 1
                }
            },
            {
                "query": {
                    "x1": 3.4415763697787556,
                    "x2": 0.5912424383853132
                },
                "metrics": {
                    "outcome": 0.019906353758890466
                },
                "metadata": {
                    "trials": 1
                }
            },
            {
                "query": {
                    "x1": 3.441573449719116,
                    "x2": 0.5912447208079312
                },
                "metrics": {
                    "outcome": 0.01990607615080548
                },
                "metadata": {
                    "trials": 1
                }
            }
        ],
        [
            {
                "query": {
                    "x1": 3.4417429496329195,
                    "x2": 0.5912181611765188
                },
                "metrics": {
                    "outcome": 0.019919705635158918
                },
                "metadata": {
                    "trials": 1
                }
            },
            {
                "query": {
                    "x1": 3.4417404969912777,
                    "x2": 0.5912188115108563
                },
                "metrics": {
                    "outcome": 0.0199194989425894
                },
                "metadata": {
                    "trials": 1
                }
            },
            {
                "query": {
                    "x1": 3.44174222528928,
                    "x2": 0.5912160695218267
                },
                "metrics": {
                    "outcome": 0.019919710861313264
                },
                "metadata": {
                    "trials": 1
                }
            }
        ],
        [
            {
                "query": {
                    "x1": 3.441836163424144,
                    "x2": 0.5912127761711305
                },
                "metrics": {
                    "outcome": 0.019927021805389182
                },
                "metadata": {
                    "trials": 1
                }
            },
            {
                "query": {
                    "x1": 3.4418290740553124,
                    "x2": 0.591212536513857
                },
                "metrics": {
                    "outcome": 0.019926483909012367
                },
                "metadata": {
                    "trials": 1
                }
            },
            {
                "query": {
                    "x1": 3.441820556740825,
                    "x2": 0.5912165662200817
                },
                "metrics": {
                    "outcome": 0.01992570681170619
                },
                "metadata": {
                    "trials": 1
                }
            }
        ],
        [
            {
                "query": {
                    "x1": 3.167106874412104,
                    "x2": 0.324347097190123
                },
                "metrics": {
                    "outcome": 0.9387850089247395
                },
                "metadata": {
                    "trials": 1
                }
            },
            {
                "query": {
                    "x1": 3.1670533511716235,
                    "x2": 0.3243073494567552
                },
                "metrics": {
                    "outcome": 0.9389288715162284
                },
                "metadata": {
                    "trials": 1
                }
            },
            {
                "query": {
                    "x1": 3.1671606764184643,
                    "x2": 0.3243865891666875
                },
                "metrics": {
                    "outcome": 0.9386437731753441
                },
                "metadata": {
                    "trials": 1
                }
            }
        ],
        [
            {
                "query": {
                    "x1": 3.4426322041120248,
                    "x2": 0.5921987976712124
                },
                "metrics": {
                    "outcome": 0.019987085506869708
                },
                "metadata": {
                    "trials": 1
                }
            },
            {
                "query": {
                    "x1": 3.44273595062607,
                    "x2": 0.5922842827761707
                },
                "metrics": {
                    "outcome": 0.019997271781452646
                },
                "metadata": {
                    "trials": 1
                }
            },
            {
                "query": {
                    "x1": 3.4427313034005715,
                    "x2": 0.5922718704291148
                },
                "metrics": {
                    "outcome": 0.019996440783112843
                },
                "metadata": {
                    "trials": 1
                }
            }
        ],
        [
            {
                "query": {
                    "x1": 3.4421632475820045,
                    "x2": 0.5917342963487044
                },
                "metrics": {
                    "outcome": 0.01994489952154538
                },
                "metadata": {
                    "trials": 1
                }
            },
            {
                "query": {
                    "x1": 3.442151517713036,
                    "x2": 0.5917399886836154
                },
                "metrics": {
                    "outcome": 0.01994411376322011
                },
                "metadata": {
                    "trials": 1
                }
            },
            {
                "query": {
                    "x1": 3.442210331575099,
                    "x2": 0.5917661507451539
                },
                "metrics": {
                    "outcome": 0.01994845845231049
                },
                "metadata": {
                    "trials": 1
                }
            }
        ],
        [
            {
                "query": {
                    "x1": 3.442014458736984,
                    "x2": 0.5915317624789367
                },
                "metrics": {
                    "outcome": 0.019934295889736556
                },
                "metadata": {
                    "trials": 1
                }
            },
            {
                "query": {
                    "x1": 3.44192424470155,
                    "x2": 0.5915197406488275
                },
                "metrics": {
                    "outcome": 0.01992780651579551
                },
                "metadata": {
                    "trials": 1
                }
            },
            {
                "query": {
                    "x1": 3.441916911412463,
                    "x2": 0.5915206083220941
                },
                "metrics": {
                    "outcome": 0.01992726599816337
                },
                "metadata": {
                    "trials": 1
                }
            }
        ],
        [
            {
                "query": {
                    "x1": 3.4418879275561025,
                    "x2": 0.5914296651072659
                },
                "metrics": {
                    "outcome": 0.019926089957447414
                },
                "metadata": {
                    "trials": 1
                }
            },
            {
                "query": {
                    "x1": 3.442006774053368,
                    "x2": 0.5915097229724164
                },
                "metrics": {
                    "outcome": 0.019933917208572866
                },
                "metadata": {
                    "trials": 1
                }
            },
            {
                "query": {
                    "x1": 3.441994927419125,
                    "x2": 0.591509398622474
                },
                "metrics": {
                    "outcome": 0.01993305285723919
                },
                "metadata": {
                    "trials": 1
                }
            }
        ],
        [
            {
                "query": {
                    "x1": 3.4467130726305095,
                    "x2": 0.5948133509112443
                },
                "metrics": {
                    "outcome": 0.020502646095932067
                },
                "metadata": {
                    "trials": 1
                }
            },
            {
                "query": {
                    "x1": 3.4375645161470008,
                    "x2": 0.590251455850411
                },
                "metrics": {
                    "outcome": 0.019630500876642743
                },
                "metadata": {
                    "trials": 1
                }
            },
            {
                "query": {
                    "x1": 3.4449199217031756,
                    "x2": 0.5932853297764407
                },
                "metrics": {
                    "outcome": 0.02019720626433781
                },
                "metadata": {
                    "trials": 1
                }
            }
        ],
        [
            {
                "query": {
                    "x1": 3.4359157998635474,
                    "x2": 0.5898917526002032
                },
                "metrics": {
                    "outcome": 0.01951676905090855
                },
                "metadata": {
                    "trials": 1
                }
            },
            {
                "query": {
                    "x1": 3.4358287216167227,
                    "x2": 0.5899281028588899
                },
                "metrics": {
                    "outcome": 0.019507861087852497
                },
                "metadata": {
                    "trials": 1
                }
            },
            {
                "query": {
                    "x1": 3.4358185066284506,
                    "x2": 0.5898789080434055
                },
                "metrics": {
                    "outcome": 0.01950961814127369
                },
                "metadata": {
                    "trials": 1
                }
            }
        ],
        [
            {
                "query": {
                    "x1": 3.441953666106624,
                    "x2": 0.590684745101548
                },
                "metrics": {
                    "outcome": 0.01996433972737493
                },
                "metadata": {
                    "trials": 1
                }
            },
            {
                "query": {
                    "x1": 3.442196265774948,
                    "x2": 0.5909266073830919
                },
                "metrics": {
                    "outcome": 0.01996837655260815
                },
                "metadata": {
                    "trials": 1
                }
            },
            {
                "query": {
                    "x1": 3.442183323798109,
                    "x2": 0.5909184880024991
                },
                "metrics": {
                    "outcome": 0.019967796205424465
                },
                "metadata": {
                    "trials": 1
                }
            }
        ],
        [
            {
                "query": {
                    "x1": 3.434982172203595,
                    "x2": 0.589830012630352
                },
                "metrics": {
                    "outcome": 0.01944520407476339
                },
                "metadata": {
                    "trials": 1
                }
            },
            {
                "query": {
                    "x1": 3.4459666198029364,
                    "x2": 0.5944502150130333
                },
                "metrics": {
                    "outcome": 0.02040528189239814
                },
                "metadata": {
                    "trials": 1
                }
            },
            {
                "query": {
                    "x1": 3.4455349006046507,
                    "x2": 0.594102853104113
                },
                "metrics": {
                    "outcome": 0.020329374997856905
                },
                "metadata": {
                    "trials": 1
                }
            }
        ],
        [
            {
                "query": {
                    "x1": 3.4344636454620474,
                    "x2": 0.5896796988544484
                },
                "metrics": {
                    "outcome": 0.019411256157576853
                },
                "metadata": {
                    "trials": 1
                }
            },
            {
                "query": {
                    "x1": 3.434428124421358,
                    "x2": 0.5896628795398859
                },
                "metrics": {
                    "outcome": 0.019409281173340467
                },
                "metadata": {
                    "trials": 1
                }
            },
            {
                "query": {
                    "x1": 3.4344249252056276,
                    "x2": 0.5896688178295637
                },
                "metrics": {
                    "outcome": 0.019408715629273866
                },
                "metadata": {
                    "trials": 1
                }
            }
        ],
        [
            {
                "query": {
                    "x1": 3.4424028582218,
                    "x2": 0.5900936782431261
                },
                "metrics": {
                    "outcome": 0.020064396629946454
                },
                "metadata": {
                    "trials": 1
                }
            },
            {
                "query": {
                    "x1": 3.4413824857591857,
                    "x2": 0.5902801137271858
                },
                "metrics": {
                    "outcome": 0.019950060435962876
                },
                "metadata": {
                    "trials": 1
                }
            },
            {
                "query": {
                    "x1": 3.4413859414289156,
                    "x2": 0.5902708693693999
                },
                "metrics": {
                    "outcome": 0.01995128827187874
                },
                "metadata": {
                    "trials": 1
                }
            }
        ],
        [
            {
                "query": {
                    "x1": 3.432979058334996,
                    "x2": 0.5895121820069482
                },
                "metrics": {
                    "outcome": 0.019301360657255913
                },
                "metadata": {
                    "trials": 1
                }
            },
            {
                "query": {
                    "x1": 3.433081611881869,
                    "x2": 0.5895391567884687
                },
                "metrics": {
                    "outcome": 0.019308247117617007
                },
                "metadata": {
                    "trials": 1
                }
            },
            {
                "query": {
                    "x1": 3.4330429906986426,
                    "x2": 0.5895657400532262
                },
                "metrics": {
                    "outcome": 0.01930409639198894
                },
                "metadata": {
                    "trials": 1
                }
            }
        ],
        [
            {
                "query": {
                    "x1": 3.4414571528483036,
                    "x2": 0.5903573423301607
                },
                "metrics": {
                    "outcome": 0.019949187340239042
                },
                "metadata": {
                    "trials": 1
                }
            },
            {
                "query": {
                    "x1": 3.441044588506161,
                    "x2": 0.5903526159018684
                },
                "metrics": {
                    "outcome": 0.019913574911510384
                },
                "metadata": {
                    "trials": 1
                }
            },
            {
                "query": {
                    "x1": 3.440119175743054,
                    "x2": 0.5904023697473972
                },
                "metrics": {
                    "outcome": 0.019830529718002837
                },
                "metadata": {
                    "trials": 1
                }
            }
        ],
        [
            {
                "query": {
                    "x1": 3.4308385335133824,
                    "x2": 0.5890203662783167
                },
                "metrics": {
                    "outcome": 0.01915525128176721
                },
                "metadata": {
                    "trials": 1
                }
            },
            {
                "query": {
                    "x1": 3.4309138169528612,
                    "x2": 0.5890850999996697
                },
                "metrics": {
                    "outcome": 0.019157919163669837
                },
                "metadata": {
                    "trials": 1
                }
            },
            {
                "query": {
                    "x1": 3.4308984994429297,
                    "x2": 0.5890812219098454
                },
                "metrics": {
                    "outcome": 0.019156892940398705
                },
                "metadata": {
                    "trials": 1
                }
            }
        ],
        [
            {
                "query": {
                    "x1": 3.4278844763379697,
                    "x2": 0.5882361277384662
                },
                "metrics": {
                    "outcome": 0.018963373517717805
                },
                "metadata": {
                    "trials": 1
                }
            },
            {
                "query": {
                    "x1": 3.4278905511730624,
                    "x2": 0.5882373604091571
                },
                "metrics": {
                    "outcome": 0.018963790278141157
                },
                "metadata": {
                    "trials": 1
                }
            },
            {
                "query": {
                    "x1": 3.427626705166711,
                    "x2": 0.5882025188922411
                },
                "metrics": {
                    "outcome": 0.01894429218343184
                },
                "metadata": {
                    "trials": 1
                }
            }
        ],
        [
            {
                "query": {
                    "x1": 3.408568603643915,
                    "x2": 0.580859961029371
                },
                "metrics": {
                    "outcome": 0.018513544711377602
                },
                "metadata": {
                    "trials": 1
                }
            },
            {
                "query": {
                    "x1": 3.4043024510120343,
                    "x2": 0.577516295679902
                },
                "metrics": {
                    "outcome": 0.019439793890985622
                },
                "metadata": {
                    "trials": 1
                }
            },
            {
                "query": {
                    "x1": 3.404643197757819,
                    "x2": 0.5777789565893272
                },
                "metrics": {
                    "outcome": 0.01935033954606251
                },
                "metadata": {
                    "trials": 1
                }
            }
        ],
        [
            {
                "query": {
                    "x1": 3.2983648949230844,
                    "x2": 0.499863996609637
                },
                "metrics": {
                    "outcome": 0.1409979465822681
                },
                "metadata": {
                    "trials": 1
                }
            },
            {
                "query": {
                    "x1": 3.298381124081436,
                    "x2": 0.4998715240459042
                },
                "metrics": {
                    "outcome": 0.14098496890272827
                },
                "metadata": {
                    "trials": 1
                }
            },
            {
                "query": {
                    "x1": 3.298348252820463,
                    "x2": 0.4998573062045768
                },
                "metrics": {
                    "outcome": 0.14100738876645624
                },
                "metadata": {
                    "trials": 1
                }
            }
        ],
        [
            {
                "query": {
                    "x1": 3.3763361817421895,
                    "x2": 0.5540772482596461
                },
                "metrics": {
                    "outcome": 0.03942790716832027
                },
                "metadata": {
                    "trials": 1
                }
            },
            {
                "query": {
                    "x1": 3.3768799803093614,
                    "x2": 0.5543676645072839
                },
                "metrics": {
                    "outcome": 0.03913320596667352
                },
                "metadata": {
                    "trials": 1
                }
            },
            {
                "query": {
                    "x1": 3.3762816039746735,
                    "x2": 0.5540578086188539
                },
                "metrics": {
                    "outcome": 0.039440005408748036
                },
                "metadata": {
                    "trials": 1
                }
            }
        ]
    ],
    "best_results": [
        {
            "query": {
                "x1": 3.408568603643915,
                "x2": 0.580859961029371
            },
            "metrics": [
                {
                    "name": "outcome",
                    "value": 0.018513544711377602
                }
            ]
        }
    ]
}