{
    "date": "05/11/2022 12:07:24",
    "basic_params": {
        "active_variables": [
            "x1",
            "x2"
        ],
        "default_query": {},
        "metric": "basic",
        "n_trials": 1
    },
    "objective_function": {
        "name": "McCormick",
        "params": {}
    },
    "optimizer": {
        "name": "BBO-LP(LCB)-FoD",
        "params": {
            "lower_bound": [
                -1.5,
                -3.0
            ],
            "upper_bound": [
                4.0,
                4.0
            ],
            "invert_metric": false,
            "bopt_params": {
                "n_init_samples": 12,
                "n_iterations": 23,
                "n_iter_relearn": 5,
                "verbose_level": 0,
                "n_parallel_samples": 6,
                "fixed_dataset_size": 50,
                "par_type": "PAR_BBO",
                "crit_name": "cLP(cLCB)",
                "n_crit_params": 3,
                "crit_params": [
                    6,
                    1,
                    1.0
                ]
            }
        }
    },
    "iterations": [
        [
            {
                "query": {
                    "x1": 3.832244025970189,
                    "x2": 2.219376109501658
                },
                "metrics": {
                    "outcome": 3.1719159520105293
                },
                "metadata": {
                    "trials": 1
                }
            }
        ],
        [
            {
                "query": {
                    "x1": 0.02213510048265266,
                    "x2": -2.2604588115743054
                },
                "metrics": {
                    "outcome": -0.2594694402451889
                },
                "metadata": {
                    "trials": 1
                }
            }
        ],
        [
            {
                "query": {
                    "x1": 3.154453854115369,
                    "x2": -0.8632137427727384
                },
                "metrics": {
                    "outcome": 11.003450811369742
                },
                "metadata": {
                    "trials": 1
                }
            }
        ],
        [
            {
                "query": {
                    "x1": 2.528519580063099,
                    "x2": -2.4627052434758907
                },
                "metrics": {
                    "outcome": 16.02854959444217
                },
                "metadata": {
                    "trials": 1
                }
            }
        ],
        [
            {
                "query": {
                    "x1": 1.432786358500986,
                    "x2": 0.941024738441532
                },
                "metrics": {
                    "outcome": 2.1397526820858
                },
                "metadata": {
                    "trials": 1
                }
            }
        ],
        [
            {
                "query": {
                    "x1": -1.4249090630134258,
                    "x2": -0.014773134898860008
                },
                "metrics": {
                    "outcome": 4.097497243834794
                },
                "metadata": {
                    "trials": 1
                }
            }
        ],
        [
            {
                "query": {
                    "x1": 0.4401265747825771,
                    "x2": 1.13028720500491
                },
                "metrics": {
                    "outcome": 4.641849772676192
                },
                "metadata": {
                    "trials": 1
                }
            }
        ],
        [
            {
                "query": {
                    "x1": 2.1177209864739175,
                    "x2": -1.7996089760757363
                },
                "metrics": {
                    "outcome": 8.982643970034008
                },
                "metadata": {
                    "trials": 1
                }
            }
        ],
        [
            {
                "query": {
                    "x1": 2.8084193548420444,
                    "x2": 2.608103137346916
                },
                "metrics": {
                    "outcome": 2.585582618649897
                },
                "metadata": {
                    "trials": 1
                }
            }
        ],
        [
            {
                "query": {
                    "x1": -0.5220656103047077,
                    "x2": 2.9705986397263278
                },
                "metrics": {
                    "outcome": 22.047192500299666
                },
                "metadata": {
                    "trials": 1
                }
            }
        ],
        [
            {
                "query": {
                    "x1": -0.8256745889181427,
                    "x2": 3.5038168371150586
                },
                "metrics": {
                    "outcome": 30.18958718679597
                },
                "metadata": {
                    "trials": 1
                }
            }
        ],
        [
            {
                "query": {
                    "x1": 0.9858906081256764,
                    "x2": -0.5626744582938654
                },
                "metrics": {
                    "outcome": 0.923226676992885
                },
                "metadata": {
                    "trials": 1
                }
            }
        ],
        [
            {
                "query": {
                    "x1": 0.22946076476528732,
                    "x2": -3.0
                },
                "metrics": {
                    "outcome": 3.2226283221288767
                },
                "metadata": {
                    "trials": 1
                }
            },
            {
                "query": {
                    "x1": 0.16188292365929202,
                    "x2": -3.0
                },
                "metrics": {
                    "outcome": 2.9558404765825337
                },
                "metadata": {
                    "trials": 1
                }
            },
            {
                "query": {
                    "x1": 0.2964606805900565,
                    "x2": -3.0
                },
                "metrics": {
                    "outcome": 3.4977845878015223
                },
                "metadata": {
                    "trials": 1
                }
            },
            {
                "query": {
                    "x1": 0.24880191787580763,
                    "x2": -2.9150194269252703
                },
                "metrics": {
                    "outcome": 2.891342029393014
                },
                "metadata": {
                    "trials": 1
                }
            },
            {
                "query": {
                    "x1": 0.18304674555033218,
                    "x2": -2.9275717429582104
                },
                "metrics": {
                    "outcome": 2.69573210089563
                },
                "metadata": {
                    "trials": 1
                }
            },
            {
                "query": {
                    "x1": 0.316294955722634,
                    "x2": -2.9061382762448384
                },
                "metrics": {
                    "outcome": 3.1201100325395705
                },
                "metadata": {
                    "trials": 1
                }
            }
        ],
        [
            {
                "query": {
                    "x1": 0.13064314724290615,
                    "x2": -1.5179651514908878
                },
                "metrics": {
                    "outcome": -1.2561840265517281
                },
                "metadata": {
                    "trials": 1
                }
            },
            {
                "query": {
                    "x1": 0.1320538608314361,
                    "x2": -1.4752294625573832
                },
                "metrics": {
                    "outcome": -1.2770008257603012
                },
                "metadata": {
                    "trials": 1
                }
            },
            {
                "query": {
                    "x1": 0.12918249916085367,
                    "x2": -1.560559032337713
                },
                "metrics": {
                    "outcome": -1.2302416796553342
                },
                "metadata": {
                    "trials": 1
                }
            },
            {
                "query": {
                    "x1": 0.1039889315419491,
                    "x2": -1.5344870468253071
                },
                "metrics": {
                    "outcome": -1.297771821509759
                },
                "metadata": {
                    "trials": 1
                }
            },
            {
                "query": {
                    "x1": 0.1558439389064845,
                    "x2": -1.5375406654643031
                },
                "metrics": {
                    "outcome": -1.192240039233953
                },
                "metadata": {
                    "trials": 1
                }
            },
            {
                "query": {
                    "x1": 0.10378934655225791,
                    "x2": -1.4931722742753273
                },
                "metrics": {
                    "outcome": -1.3219179570492967
                },
                "metadata": {
                    "trials": 1
                }
            }
        ],
        [
            {
                "query": {
                    "x1": -0.04306227135631335,
                    "x2": -1.39035190729906
                },
                "metrics": {
                    "outcome": -1.5866749040454913
                },
                "metadata": {
                    "trials": 1
                }
            },
            {
                "query": {
                    "x1": -0.03711900191218165,
                    "x2": -1.3488324708415222
                },
                "metrics": {
                    "outcome": -1.5787752270265498
                },
                "metadata": {
                    "trials": 1
                }
            },
            {
                "query": {
                    "x1": -0.04878639221104786,
                    "x2": -1.4318581377025201
                },
                "metrics": {
                    "outcome": -1.5895173810169632
                },
                "metadata": {
                    "trials": 1
                }
            },
            {
                "query": {
                    "x1": -0.03121950728854972,
                    "x2": -1.3102196459718651
                },
                "metrics": {
                    "outcome": -1.5666912430537896
                },
                "metadata": {
                    "trials": 1
                }
            },
            {
                "query": {
                    "x1": -0.014603298717493107,
                    "x2": -1.3768014263203237
                },
                "metrics": {
                    "outcome": -1.548467310855127
                },
                "metadata": {
                    "trials": 1
                }
            },
            {
                "query": {
                    "x1": -0.07165785130682667,
                    "x2": -1.4024287609100106
                },
                "metrics": {
                    "outcome": -1.6229611706476348
                },
                "metadata": {
                    "trials": 1
                }
            }
        ],
        [
            {
                "query": {
                    "x1": -0.1934457134513765,
                    "x2": -1.4627453481323753
                },
                "metrics": {
                    "outcome": -1.7519293223603185
                },
                "metadata": {
                    "trials": 1
                }
            },
            {
                "query": {
                    "x1": -0.18805202871285664,
                    "x2": -1.4237910160958902
                },
                "metrics": {
                    "outcome": -1.7495063539731004
                },
                "metadata": {
                    "trials": 1
                }
            },
            {
                "query": {
                    "x1": -0.1987819260183592,
                    "x2": -1.5016384628386519
                },
                "metrics": {
                    "outcome": -1.7500986705712305
                },
                "metadata": {
                    "trials": 1
                }
            },
            {
                "query": {
                    "x1": -0.2142252840329859,
                    "x2": -1.4374718344319313
                },
                "metrics": {
                    "outcome": -1.7727388523739442
                },
                "metadata": {
                    "trials": 1
                }
            },
            {
                "query": {
                    "x1": -0.16695687448589314,
                    "x2": -1.448144668447336
                },
                "metrics": {
                    "outcome": -1.7275028804438932
                },
                "metadata": {
                    "trials": 1
                }
            },
            {
                "query": {
                    "x1": -0.18286566077890032,
                    "x2": -1.3885724305483456
                },
                "metrics": {
                    "outcome": -1.7434035646037929
                },
                "metadata": {
                    "trials": 1
                }
            }
        ],
        [
            {
                "query": {
                    "x1": -0.32685615115604616,
                    "x2": -1.5231043508079947
                },
                "metrics": {
                    "outcome": -1.8477529826143249
                },
                "metadata": {
                    "trials": 1
                }
            },
            {
                "query": {
                    "x1": -0.3196364869540893,
                    "x2": -1.4855541755591815
                },
                "metrics": {
                    "outcome": -1.847721839494818
                },
                "metadata": {
                    "trials": 1
                }
            },
            {
                "query": {
                    "x1": -0.33409457287469313,
                    "x2": -1.560639500489882
                },
                "metrics": {
                    "outcome": -1.8440338110021255
                },
                "metadata": {
                    "trials": 1
                }
            },
            {
                "query": {
                    "x1": -0.34533386430464397,
                    "x2": -1.495804574580373
                },
                "metrics": {
                    "outcome": -1.8616073727097895
                },
                "metadata": {
                    "trials": 1
                }
            },
            {
                "query": {
                    "x1": -0.3044519660968017,
                    "x2": -1.5443404237770417
                },
                "metrics": {
                    "outcome": -1.8284570303514558
                },
                "metadata": {
                    "trials": 1
                }
            },
            {
                "query": {
                    "x1": -0.3131222421449542,
                    "x2": -1.4523810616146602
                },
                "metrics": {
                    "outcome": -1.8444630385690846
                },
                "metadata": {
                    "trials": 1
                }
            }
        ],
        [
            {
                "query": {
                    "x1": -0.4722312832813429,
                    "x2": -1.5377946046858766
                },
                "metrics": {
                    "outcome": -1.9057939498402234
                },
                "metadata": {
                    "trials": 1
                }
            },
            {
                "query": {
                    "x1": -0.4599441491592582,
                    "x2": -1.4991586991896106
                },
                "metrics": {
                    "outcome": -1.9035652174175555
                },
                "metadata": {
                    "trials": 1
                }
            },
            {
                "query": {
                    "x1": -0.4840996584824455,
                    "x2": -1.5764587871452478
                },
                "metrics": {
                    "outcome": -1.9041938008466714
                },
                "metadata": {
                    "trials": 1
                }
            },
            {
                "query": {
                    "x1": -0.4412127790527913,
                    "x2": -1.5294785247599354
                },
                "metrics": {
                    "outcome": -1.8986566968399843
                },
                "metadata": {
                    "trials": 1
                }
            },
            {
                "query": {
                    "x1": -0.4896848992900851,
                    "x2": -1.5043436459466073
                },
                "metrics": {
                    "outcome": -1.9085655958920604
                },
                "metadata": {
                    "trials": 1
                }
            },
            {
                "query": {
                    "x1": -0.4482856984256425,
                    "x2": -1.5637753134388035
                },
                "metrics": {
                    "outcome": -1.8969049152952717
                },
                "metadata": {
                    "trials": 1
                }
            }
        ],
        [
            {
                "query": {
                    "x1": -0.5656035170683645,
                    "x2": -1.5663922965945085
                },
                "metrics": {
                    "outcome": -1.9126146354536266
                },
                "metadata": {
                    "trials": 1
                }
            },
            {
                "query": {
                    "x1": -0.5509269104867343,
                    "x2": -1.5446172627316557
                },
                "metrics": {
                    "outcome": -1.9131825717184587
                },
                "metadata": {
                    "trials": 1
                }
            },
            {
                "query": {
                    "x1": -0.578496278073977,
                    "x2": -1.589818365294287
                },
                "metrics": {
                    "outcome": -1.910763467847004
                },
                "metadata": {
                    "trials": 1
                }
            },
            {
                "query": {
                    "x1": -0.5435479574366459,
                    "x2": -1.5668401356637915
                },
                "metrics": {
                    "outcome": -1.9125700185063632
                },
                "metadata": {
                    "trials": 1
                }
            },
            {
                "query": {
                    "x1": -0.5692833974183215,
                    "x2": -1.5387877732537678
                },
                "metrics": {
                    "outcome": -1.9122121978436342
                },
                "metadata": {
                    "trials": 1
                }
            },
            {
                "query": {
                    "x1": -0.5517116174082611,
                    "x2": -1.5877317092823255
                },
                "metrics": {
                    "outcome": -1.911054542888658
                },
                "metadata": {
                    "trials": 1
                }
            }
        ],
        [
            {
                "query": {
                    "x1": -0.5427071317771366,
                    "x2": -1.544564269181773
                },
                "metrics": {
                    "outcome": -1.9131975018406235
                },
                "metadata": {
                    "trials": 1
                }
            },
            {
                "query": {
                    "x1": -0.5469621779323286,
                    "x2": -1.547686354122071
                },
                "metrics": {
                    "outcome": -1.9132224027403084
                },
                "metadata": {
                    "trials": 1
                }
            },
            {
                "query": {
                    "x1": -0.538667665083016,
                    "x2": -1.5410438150449781
                },
                "metrics": {
                    "outcome": -1.9131236854132743
                },
                "metadata": {
                    "trials": 1
                }
            },
            {
                "query": {
                    "x1": -0.5428498498090675,
                    "x2": -1.5506589838713931
                },
                "metrics": {
                    "outcome": -1.9131616322287908
                },
                "metadata": {
                    "trials": 1
                }
            },
            {
                "query": {
                    "x1": -0.5434932182605818,
                    "x2": -1.5385568589161989
                },
                "metrics": {
                    "outcome": -1.9131324404121033
                },
                "metadata": {
                    "trials": 1
                }
            },
            {
                "query": {
                    "x1": -0.5504742781346391,
                    "x2": -1.5515030668776655
                },
                "metrics": {
                    "outcome": -1.9131970389446393
                },
                "metadata": {
                    "trials": 1
                }
            }
        ],
        [
            {
                "query": {
                    "x1": -0.5472908311659629,
                    "x2": -1.5467802327870186
                },
                "metrics": {
                    "outcome": -1.9132226488007684
                },
                "metadata": {
                    "trials": 1
                }
            },
            {
                "query": {
                    "x1": -0.5512514943571862,
                    "x2": -1.5496689707952103
                },
                "metrics": {
                    "outcome": -1.913202035983586
                },
                "metadata": {
                    "trials": 1
                }
            },
            {
                "query": {
                    "x1": -0.5437424596809799,
                    "x2": -1.5431393109637463
                },
                "metrics": {
                    "outcome": -1.9131981123299973
                },
                "metadata": {
                    "trials": 1
                }
            },
            {
                "query": {
                    "x1": -0.5486293900708007,
                    "x2": -1.5413703180501492
                },
                "metrics": {
                    "outcome": -1.9131618882065982
                },
                "metadata": {
                    "trials": 1
                }
            },
            {
                "query": {
                    "x1": -0.5471766478055494,
                    "x2": -1.5524139236464007
                },
                "metrics": {
                    "outcome": -1.9131838493677948
                },
                "metadata": {
                    "trials": 1
                }
            },
            {
                "query": {
                    "x1": -0.5527533268533099,
                    "x2": -1.54434331312867
                },
                "metrics": {
                    "outcome": -1.913149068036247
                },
                "metadata": {
                    "trials": 1
                }
            }
        ],
        [
            {
                "query": {
                    "x1": -0.5520494148613322,
                    "x2": -1.5548726667071395
                },
                "metrics": {
                    "outcome": -1.9131471983259356
                },
                "metadata": {
                    "trials": 1
                }
            },
            {
                "query": {
                    "x1": -0.5435270320871995,
                    "x2": -1.5385007119291807
                },
                "metrics": {
                    "outcome": -1.9131313043328633
                },
                "metadata": {
                    "trials": 1
                }
            },
            {
                "query": {
                    "x1": -0.5650305525688795,
                    "x2": -1.558773123063784
                },
                "metrics": {
                    "outcome": -1.9128114488151473
                },
                "metadata": {
                    "trials": 1
                }
            },
            {
                "query": {
                    "x1": -0.5431753756695298,
                    "x2": -1.5213889071824798
                },
                "metrics": {
                    "outcome": -1.9123607929072666
                },
                "metadata": {
                    "trials": 1
                }
            },
            {
                "query": {
                    "x1": -0.5387521312716913,
                    "x2": -1.5546064339641266
                },
                "metrics": {
                    "outcome": -1.912971130741545
                },
                "metadata": {
                    "trials": 1
                }
            },
            {
                "query": {
                    "x1": -0.5289739995864692,
                    "x2": -1.5417651476373706
                },
                "metrics": {
                    "outcome": -1.912815933945839
                },
                "metadata": {
                    "trials": 1
                }
            }
        ],
        [
            {
                "query": {
                    "x1": -0.5511640724030465,
                    "x2": -1.5461083871558814
                },
                "metrics": {
                    "outcome": -1.9131938120234255
                },
                "metadata": {
                    "trials": 1
                }
            },
            {
                "query": {
                    "x1": -0.5272761294092838,
                    "x2": -1.5301673646262905
                },
                "metrics": {
                    "outcome": -1.9126192139634361
                },
                "metadata": {
                    "trials": 1
                }
            },
            {
                "query": {
                    "x1": -0.577478649124334,
                    "x2": -1.5538366647482216
                },
                "metrics": {
                    "outcome": -1.9120780316612205
                },
                "metadata": {
                    "trials": 1
                }
            },
            {
                "query": {
                    "x1": -0.6292079651878003,
                    "x2": -1.5696839157713398
                },
                "metrics": {
                    "outcome": -1.905050864612806
                },
                "metadata": {
                    "trials": 1
                }
            },
            {
                "query": {
                    "x1": -0.4958620319076188,
                    "x2": -1.4990414311162201
                },
                "metrics": {
                    "outcome": -1.9088481389831662
                },
                "metadata": {
                    "trials": 1
                }
            },
            {
                "query": {
                    "x1": -0.5212915812941338,
                    "x2": -1.4482213424163086
                },
                "metrics": {
                    "outcome": -1.9009772180624163
                },
                "metadata": {
                    "trials": 1
                }
            }
        ],
        [
            {
                "query": {
                    "x1": -0.5473511366562444,
                    "x2": -1.547036790273802
                },
                "metrics": {
                    "outcome": -1.9132228561450937
                },
                "metadata": {
                    "trials": 1
                }
            },
            {
                "query": {
                    "x1": -0.5749395721396366,
                    "x2": -1.567520665254139
                },
                "metrics": {
                    "outcome": -1.9121769891661065
                },
                "metadata": {
                    "trials": 1
                }
            },
            {
                "query": {
                    "x1": -0.5192990828662986,
                    "x2": -1.5280262067023245
                },
                "metrics": {
                    "outcome": -1.9121789110670706
                },
                "metadata": {
                    "trials": 1
                }
            },
            {
                "query": {
                    "x1": -0.5631659419894322,
                    "x2": -1.513302245124052
                },
                "metrics": {
                    "outcome": -1.9105969311960775
                },
                "metadata": {
                    "trials": 1
                }
            },
            {
                "query": {
                    "x1": -0.5365561141448153,
                    "x2": -1.5854175958744456
                },
                "metrics": {
                    "outcome": -1.9105079387415689
                },
                "metadata": {
                    "trials": 1
                }
            },
            {
                "query": {
                    "x1": -0.48633079515730704,
                    "x2": -1.5012473653925704
                },
                "metrics": {
                    "outcome": -1.9079630269390662
                },
                "metadata": {
                    "trials": 1
                }
            }
        ],
        [
            {
                "query": {
                    "x1": -0.5473194503441212,
                    "x2": -1.547458724018021
                },
                "metrics": {
                    "outcome": -1.9132228720464917
                },
                "metadata": {
                    "trials": 1
                }
            },
            {
                "query": {
                    "x1": -0.5247969589028051,
                    "x2": -1.5340742774591907
                },
                "metrics": {
                    "outcome": -1.9125867700362678
                },
                "metadata": {
                    "trials": 1
                }
            },
            {
                "query": {
                    "x1": -0.569835516464154,
                    "x2": -1.5611300994451929
                },
                "metrics": {
                    "outcome": -1.9125721985013318
                },
                "metadata": {
                    "trials": 1
                }
            },
            {
                "query": {
                    "x1": -0.5389575394052512,
                    "x2": -1.5761693915315116
                },
                "metrics": {
                    "outcome": -1.9116528696195592
                },
                "metadata": {
                    "trials": 1
                }
            },
            {
                "query": {
                    "x1": -0.5597001866527435,
                    "x2": -1.521174414803397
                },
                "metrics": {
                    "outcome": -1.9116593586950268
                },
                "metadata": {
                    "trials": 1
                }
            },
            {
                "query": {
                    "x1": -0.5964712769950387,
                    "x2": -1.5425650641354172
                },
                "metrics": {
                    "outcome": -1.9094617062075088
                },
                "metadata": {
                    "trials": 1
                }
            }
        ],
        [
            {
                "query": {
                    "x1": -0.5473799794909954,
                    "x2": -1.54742802877971
                },
                "metrics": {
                    "outcome": -1.9132228788532872
                },
                "metadata": {
                    "trials": 1
                }
            },
            {
                "query": {
                    "x1": -0.5254961041886744,
                    "x2": -1.5337754475894847
                },
                "metrics": {
                    "outcome": -1.9126166596057308
                },
                "metadata": {
                    "trials": 1
                }
            },
            {
                "query": {
                    "x1": -0.5683313458755431,
                    "x2": -1.5632023354691937
                },
                "metrics": {
                    "outcome": -1.9126037420908895
                },
                "metadata": {
                    "trials": 1
                }
            },
            {
                "query": {
                    "x1": -0.5608461164518206,
                    "x2": -1.5232846023815725
                },
                "metrics": {
                    "outcome": -1.9117663767576047
                },
                "metadata": {
                    "trials": 1
                }
            },
            {
                "query": {
                    "x1": -0.5377025956369298,
                    "x2": -1.5746355296469963
                },
                "metrics": {
                    "outcome": -1.9117199891624548
                },
                "metadata": {
                    "trials": 1
                }
            },
            {
                "query": {
                    "x1": -0.5928065929323754,
                    "x2": -1.5857343562476847
                },
                "metrics": {
                    "outcome": -1.9101584225917412
                },
                "metadata": {
                    "trials": 1
                }
            }
        ],
        [
            {
                "query": {
                    "x1": -0.5468592311724686,
                    "x2": -1.54698713288075
                },
                "metrics": {
                    "outcome": -1.9132228082223381
                },
                "metadata": {
                    "trials": 1
                }
            },
            {
                "query": {
                    "x1": -0.5762189594785607,
                    "x2": -1.568621736056278
                },
                "metrics": {
                    "outcome": -1.9120742546432998
                },
                "metadata": {
                    "trials": 1
                }
            },
            {
                "query": {
                    "x1": -0.5171978491423348,
                    "x2": -1.526482991428345
                },
                "metrics": {
                    "outcome": -1.9120124305873176
                },
                "metadata": {
                    "trials": 1
                }
            },
            {
                "query": {
                    "x1": -0.5323206767214352,
                    "x2": -1.5843080796576978
                },
                "metrics": {
                    "outcome": -1.9103071361248265
                },
                "metadata": {
                    "trials": 1
                }
            },
            {
                "query": {
                    "x1": -0.5645129632794033,
                    "x2": -1.5119019438563122
                },
                "metrics": {
                    "outcome": -1.9103145674379896
                },
                "metadata": {
                    "trials": 1
                }
            },
            {
                "query": {
                    "x1": -0.48088624207247666,
                    "x2": -1.4986065302906866
                },
                "metrics": {
                    "outcome": -1.9070720299819421
                },
                "metadata": {
                    "trials": 1
                }
            }
        ],
        [
            {
                "query": {
                    "x1": -0.5462037805352996,
                    "x2": -1.5473535022830072
                },
                "metrics": {
                    "outcome": -1.9132213291223024
                },
                "metadata": {
                    "trials": 1
                }
            },
            {
                "query": {
                    "x1": -0.512470570040063,
                    "x2": -1.5344244392573816
                },
                "metrics": {
                    "outcome": -1.9117552475157011
                },
                "metadata": {
                    "trials": 1
                }
            },
            {
                "query": {
                    "x1": -0.5776692156648818,
                    "x2": -1.5673189203254443
                },
                "metrics": {
                    "outcome": -1.912018489962792
                },
                "metadata": {
                    "trials": 1
                }
            },
            {
                "query": {
                    "x1": -0.5346648795515414,
                    "x2": -1.5906979344210896
                },
                "metrics": {
                    "outcome": -1.9096705008258983
                },
                "metadata": {
                    "trials": 1
                }
            },
            {
                "query": {
                    "x1": -0.5609422844425609,
                    "x2": -1.507798015394108
                },
                "metrics": {
                    "outcome": -1.9101122547349636
                },
                "metadata": {
                    "trials": 1
                }
            },
            {
                "query": {
                    "x1": -0.46613762796586555,
                    "x2": -1.5271127236342097
                },
                "metrics": {
                    "outcome": -1.9049927511406048
                },
                "metadata": {
                    "trials": 1
                }
            }
        ],
        [
            {
                "query": {
                    "x1": -0.5469838073013192,
                    "x2": -1.547261970419327
                },
                "metrics": {
                    "outcome": -1.913222867950783
                },
                "metadata": {
                    "trials": 1
                }
            },
            {
                "query": {
                    "x1": -0.577750970198165,
                    "x2": -1.5689510159381628
                },
                "metrics": {
                    "outcome": -1.9119729831421464
                },
                "metadata": {
                    "trials": 1
                }
            },
            {
                "query": {
                    "x1": -0.5155315511564271,
                    "x2": -1.5276063670942575
                },
                "metrics": {
                    "outcome": -1.9119285281976799
                },
                "metadata": {
                    "trials": 1
                }
            },
            {
                "query": {
                    "x1": -0.5292941935157169,
                    "x2": -1.5839252007342026
                },
                "metrics": {
                    "outcome": -1.9100855286569587
                },
                "metadata": {
                    "trials": 1
                }
            },
            {
                "query": {
                    "x1": -0.5617882452588282,
                    "x2": -1.5090846892992191
                },
                "metrics": {
                    "outcome": -1.9102046340653787
                },
                "metadata": {
                    "trials": 1
                }
            },
            {
                "query": {
                    "x1": -0.4788468775490273,
                    "x2": -1.5033408780062145
                },
                "metrics": {
                    "outcome": -1.907059220424955
                },
                "metadata": {
                    "trials": 1
                }
            }
        ],
        [
            {
                "query": {
                    "x1": -0.5470855573148927,
                    "x2": -1.5472389014644181
                },
                "metrics": {
                    "outcome": -1.9132229293056202
                },
                "metadata": {
                    "trials": 1
                }
            },
            {
                "query": {
                    "x1": -0.5791014809255749,
                    "x2": -1.5695328774779171
                },
                "metrics": {
                    "outcome": -1.9118711255937448
                },
                "metadata": {
                    "trials": 1
                }
            },
            {
                "query": {
                    "x1": -0.5144261587799901,
                    "x2": -1.5269125880991652
                },
                "metrics": {
                    "outcome": -1.9118359649543288
                },
                "metadata": {
                    "trials": 1
                }
            },
            {
                "query": {
                    "x1": -0.5273242468712994,
                    "x2": -1.5837030663063238
                },
                "metrics": {
                    "outcome": -1.9099249853784648
                },
                "metadata": {
                    "trials": 1
                }
            },
            {
                "query": {
                    "x1": -0.5616994327720886,
                    "x2": -1.5073566067301447
                },
                "metrics": {
                    "outcome": -1.9099904477278526
                },
                "metadata": {
                    "trials": 1
                }
            },
            {
                "query": {
                    "x1": -0.47759787435611933,
                    "x2": -1.5039205132986257
                },
                "metrics": {
                    "outcome": -1.9068990760734863
                },
                "metadata": {
                    "trials": 1
                }
            }
        ],
        [
            {
                "query": {
                    "x1": -0.5472457263896584,
                    "x2": -1.5472710584757727
                },
                "metrics": {
                    "outcome": -1.9132229479280158
                },
                "metadata": {
                    "trials": 1
                }
            },
            {
                "query": {
                    "x1": -0.5801232258493008,
                    "x2": -1.5702778647250364
                },
                "metrics": {
                    "outcome": -1.91178279763799
                },
                "metadata": {
                    "trials": 1
                }
            },
            {
                "query": {
                    "x1": -0.5137554314014916,
                    "x2": -1.526129087771636
                },
                "metrics": {
                    "outcome": -1.9117700148976566
                },
                "metadata": {
                    "trials": 1
                }
            },
            {
                "query": {
                    "x1": -0.5241637967353416,
                    "x2": -1.5821007209649758
                },
                "metrics": {
                    "outcome": -1.9098054037199619
                },
                "metadata": {
                    "trials": 1
                }
            },
            {
                "query": {
                    "x1": -0.5553962158864648,
                    "x2": -1.5031141215777768
                },
                "metrics": {
                    "outcome": -1.9099281493557756
                },
                "metadata": {
                    "trials": 1
                }
            },
            {
                "query": {
                    "x1": -0.4733087579958781,
                    "x2": -1.5258377214368444
                },
                "metrics": {
                    "outcome": -1.9064662331723685
                },
                "metadata": {
                    "trials": 1
                }
            }
        ],
        [
            {
                "query": {
                    "x1": -0.5473285750808387,
                    "x2": -1.547279414593098
                },
                "metrics": {
                    "outcome": -1.913222932940521
                },
                "metadata": {
                    "trials": 1
                }
            },
            {
                "query": {
                    "x1": -0.5817056797135207,
                    "x2": -1.5706709340676313
                },
                "metrics": {
                    "outcome": -1.911662112007503
                },
                "metadata": {
                    "trials": 1
                }
            },
            {
                "query": {
                    "x1": -0.5131909608158122,
                    "x2": -1.5243738336162893
                },
                "metrics": {
                    "outcome": -1.9116844876767374
                },
                "metadata": {
                    "trials": 1
                }
            },
            {
                "query": {
                    "x1": -0.5215184257523133,
                    "x2": -1.580966304401506
                },
                "metrics": {
                    "outcome": -1.9096606117256654
                },
                "metadata": {
                    "trials": 1
                }
            },
            {
                "query": {
                    "x1": -0.5535252670533886,
                    "x2": -1.5007729183377017
                },
                "metrics": {
                    "outcome": -1.9097386844995943
                },
                "metadata": {
                    "trials": 1
                }
            },
            {
                "query": {
                    "x1": -0.5989132030742264,
                    "x2": -1.5205983985109324
                },
                "metrics": {
                    "outcome": -1.9068179199595838
                },
                "metadata": {
                    "trials": 1
                }
            }
        ],
        [
            {
                "query": {
                    "x1": -0.547333196086134,
                    "x2": -1.5472677082643318
                },
                "metrics": {
                    "outcome": -1.9132229323530954
                },
                "metadata": {
                    "trials": 1
                }
            },
            {
                "query": {
                    "x1": -0.581532570354566,
                    "x2": -1.5739208727237173
                },
                "metrics": {
                    "outcome": -1.911570160648722
                },
                "metadata": {
                    "trials": 1
                }
            },
            {
                "query": {
                    "x1": -0.5127549860196071,
                    "x2": -1.5224414341577956
                },
                "metrics": {
                    "outcome": -1.9115947993699742
                },
                "metadata": {
                    "trials": 1
                }
            },
            {
                "query": {
                    "x1": -0.5549320676259291,
                    "x2": -1.5000956280581095
                },
                "metrics": {
                    "outcome": -1.9095398427297847
                },
                "metadata": {
                    "trials": 1
                }
            },
            {
                "query": {
                    "x1": -0.5194534705407986,
                    "x2": -1.5801711982727775
                },
                "metrics": {
                    "outcome": -1.9095244822760176
                },
                "metadata": {
                    "trials": 1
                }
            },
            {
                "query": {
                    "x1": -0.5598845056062034,
                    "x2": -1.6240761806807622
                },
                "metrics": {
                    "outcome": -1.9056909306458052
                },
                "metadata": {
                    "trials": 1
                }
            }
        ],
        [
            {
                "query": {
                    "x1": -0.5475067427993003,
                    "x2": -1.5474802553853535
                },
                "metrics": {
                    "outcome": -1.9132228025947966
                },
                "metadata": {
                    "trials": 1
                }
            },
            {
                "query": {
                    "x1": -0.5134128762611819,
                    "x2": -1.5227323890876747
                },
                "metrics": {
                    "outcome": -1.9116508185460876
                },
                "metadata": {
                    "trials": 1
                }
            },
            {
                "query": {
                    "x1": -0.5820198912950791,
                    "x2": -1.5717474664391757
                },
                "metrics": {
                    "outcome": -1.91160892065795
                },
                "metadata": {
                    "trials": 1
                }
            },
            {
                "query": {
                    "x1": -0.5556277428146758,
                    "x2": -1.5008115870239211
                },
                "metrics": {
                    "outcome": -1.9095898468329722
                },
                "metadata": {
                    "trials": 1
                }
            },
            {
                "query": {
                    "x1": -0.5355591352681411,
                    "x2": -1.5921421537145035
                },
                "metrics": {
                    "outcome": -1.9095440982365073
                },
                "metadata": {
                    "trials": 1
                }
            },
            {
                "query": {
                    "x1": -0.4911588817279371,
                    "x2": -1.5659287475598935
                },
                "metrics": {
                    "outcome": -1.9070254774855542
                },
                "metadata": {
                    "trials": 1
                }
            }
        ],
        [
            {
                "query": {
                    "x1": -0.5476155218004359,
                    "x2": -1.5473528291723064
                },
                "metrics": {
                    "outcome": -1.913222743695314
                },
                "metadata": {
                    "trials": 1
                }
            },
            {
                "query": {
                    "x1": -0.5828117497759254,
                    "x2": -1.571093799288676
                },
                "metrics": {
                    "outcome": -1.9115701454516398
                },
                "metadata": {
                    "trials": 1
                }
            },
            {
                "query": {
                    "x1": -0.5130573975626949,
                    "x2": -1.52272982373926
                },
                "metrics": {
                    "outcome": -1.911625703503157
                },
                "metadata": {
                    "trials": 1
                }
            },
            {
                "query": {
                    "x1": -0.5533790416963744,
                    "x2": -1.4994831409090144
                },
                "metrics": {
                    "outcome": -1.9095653847057381
                },
                "metadata": {
                    "trials": 1
                }
            },
            {
                "query": {
                    "x1": -0.5424075158936782,
                    "x2": -1.595731723793587
                },
                "metrics": {
                    "outcome": -1.9095579995743188
                },
                "metadata": {
                    "trials": 1
                }
            },
            {
                "query": {
                    "x1": -0.4988152678355089,
                    "x2": -1.5708252375859149
                },
                "metrics": {
                    "outcome": -1.9077709228274387
                },
                "metadata": {
                    "trials": 1
                }
            }
        ]
    ],
    "best_results": [
        {
            "query": {
                "x1": -0.5472457263896584,
                "x2": -1.5472710584757727
            },
            "metrics": [
                {
                    "name": "outcome",
                    "value": -1.9132229479280158
                }
            ]
        }
    ]
}