{
    "date": "05/11/2022 12:07:54",
    "basic_params": {
        "active_variables": [
            "x1",
            "x2"
        ],
        "default_query": {},
        "metric": "basic",
        "n_trials": 1
    },
    "objective_function": {
        "name": "McCormick",
        "params": {}
    },
    "optimizer": {
        "name": "BBO-LP(LCB)",
        "params": {
            "lower_bound": [
                -1.5,
                -3.0
            ],
            "upper_bound": [
                4.0,
                4.0
            ],
            "invert_metric": false,
            "bopt_params": {
                "n_init_samples": 12,
                "n_iterations": 23,
                "n_iter_relearn": 5,
                "verbose_level": 0,
                "n_parallel_samples": 6,
                "par_type": "PAR_BBO",
                "crit_name": "cLP(cLCB)",
                "n_crit_params": 3,
                "crit_params": [
                    6,
                    1,
                    1.0
                ]
            }
        }
    },
    "iterations": [
        [
            {
                "query": {
                    "x1": 1.6000097313760002,
                    "x2": 1.9718361874693073
                },
                "metrics": {
                    "outcome": 3.250729786560313
                },
                "metadata": {
                    "trials": 1
                }
            }
        ],
        [
            {
                "query": {
                    "x1": 0.02774012924055569,
                    "x2": 3.3144250226323493
                },
                "metrics": {
                    "outcome": 19.847519566529666
                },
                "metadata": {
                    "trials": 1
                }
            }
        ],
        [
            {
                "query": {
                    "x1": 1.2153914984858902,
                    "x2": 2.349807986679176
                },
                "metrics": {
                    "outcome": 5.927282336036745
                },
                "metadata": {
                    "trials": 1
                }
            }
        ],
        [
            {
                "query": {
                    "x1": 3.560988474288024,
                    "x2": 1.1520410081138834
                },
                "metrics": {
                    "outcome": 3.341647908760894
                },
                "metadata": {
                    "trials": 1
                }
            }
        ],
        [
            {
                "query": {
                    "x1": 3.280299666638408,
                    "x2": -1.5584892283077352
                },
                "metrics": {
                    "outcome": 16.585824421718133
                },
                "metadata": {
                    "trials": 1
                }
            }
        ],
        [
            {
                "query": {
                    "x1": 1.7536683989843973,
                    "x2": -2.3322402945098775
                },
                "metrics": {
                    "outcome": 8.686717694518489
                },
                "metadata": {
                    "trials": 1
                }
            }
        ],
        [
            {
                "query": {
                    "x1": 3.0695532879811562,
                    "x2": -0.9251531337892329
                },
                "metrics": {
                    "outcome": 10.880417401180264
                },
                "metadata": {
                    "trials": 1
                }
            }
        ],
        [
            {
                "query": {
                    "x1": -0.8457586959411856,
                    "x2": -0.24822202419939732
                },
                "metrics": {
                    "outcome": 1.116672147882245
                },
                "metadata": {
                    "trials": 1
                }
            }
        ],
        [
            {
                "query": {
                    "x1": -1.3769487449899316,
                    "x2": -2.9719526487557837
                },
                "metrics": {
                    "outcome": -0.8857585038896367
                },
                "metadata": {
                    "trials": 1
                }
            }
        ],
        [
            {
                "query": {
                    "x1": -0.4708218037752281,
                    "x2": -0.04723013929712305
                },
                "metrics": {
                    "outcome": 1.2723986206986155
                },
                "metadata": {
                    "trials": 1
                }
            }
        ],
        [
            {
                "query": {
                    "x1": 0.3976037090372604,
                    "x2": 3.646883922687266
                },
                "metrics": {
                    "outcome": 19.293502978088707
                },
                "metadata": {
                    "trials": 1
                }
            }
        ],
        [
            {
                "query": {
                    "x1": 2.616466350688521,
                    "x2": 0.771877926560895
                },
                "metrics": {
                    "outcome": 2.1632464774877835
                },
                "metadata": {
                    "trials": 1
                }
            }
        ],
        [
            {
                "query": {
                    "x1": -1.5,
                    "x2": -3.0
                },
                "metrics": {
                    "outcome": -1.022469882334903
                },
                "metadata": {
                    "trials": 1
                }
            },
            {
                "query": {
                    "x1": -1.4703952943986562,
                    "x2": -3.0
                },
                "metrics": {
                    "outcome": -0.983854362662008
                },
                "metadata": {
                    "trials": 1
                }
            },
            {
                "query": {
                    "x1": -1.4419672077445835,
                    "x2": -3.0
                },
                "metrics": {
                    "outcome": -0.9459246960165828
                },
                "metadata": {
                    "trials": 1
                }
            },
            {
                "query": {
                    "x1": -1.4142741388890512,
                    "x2": -3.0
                },
                "metrics": {
                    "outcome": -0.9081703913916268
                },
                "metadata": {
                    "trials": 1
                }
            },
            {
                "query": {
                    "x1": -1.3866848510808854,
                    "x2": -3.0
                },
                "metrics": {
                    "outcome": -0.8697612968081501
                },
                "metadata": {
                    "trials": 1
                }
            },
            {
                "query": {
                    "x1": -1.5,
                    "x2": -2.9690962914231886
                },
                "metrics": {
                    "outcome": -1.0439467851540156
                },
                "metadata": {
                    "trials": 1
                }
            }
        ],
        [
            {
                "query": {
                    "x1": -1.5,
                    "x2": -2.900459608915398
                },
                "metrics": {
                    "outcome": -1.0881186797818243
                },
                "metadata": {
                    "trials": 1
                }
            },
            {
                "query": {
                    "x1": -1.5,
                    "x2": -2.931653425433554
                },
                "metrics": {
                    "outcome": -1.0686501294499582
                },
                "metadata": {
                    "trials": 1
                }
            },
            {
                "query": {
                    "x1": -1.5,
                    "x2": -2.869602800875735
                },
                "metrics": {
                    "outcome": -1.1063733173986439
                },
                "metadata": {
                    "trials": 1
                }
            },
            {
                "query": {
                    "x1": -1.5,
                    "x2": -2.950830916083184
                },
                "metrics": {
                    "outcome": -1.0561786858658317
                },
                "metadata": {
                    "trials": 1
                }
            },
            {
                "query": {
                    "x1": -1.5,
                    "x2": -2.9630139386888743
                },
                "metrics": {
                    "outcome": -1.048058212280301
                },
                "metadata": {
                    "trials": 1
                }
            },
            {
                "query": {
                    "x1": -1.4864736482898386,
                    "x2": -2.924085269710079
                },
                "metrics": {
                    "outcome": -1.058981458556378
                },
                "metadata": {
                    "trials": 1
                }
            }
        ],
        [
            {
                "query": {
                    "x1": -1.5,
                    "x2": -2.7733868405084
                },
                "metrics": {
                    "outcome": -1.1567768149761122
                },
                "metadata": {
                    "trials": 1
                }
            },
            {
                "query": {
                    "x1": -1.5,
                    "x2": -2.807432056223485
                },
                "metrics": {
                    "outcome": -1.1400821899162787
                },
                "metadata": {
                    "trials": 1
                }
            },
            {
                "query": {
                    "x1": -1.5,
                    "x2": -2.739936601158267
                },
                "metrics": {
                    "outcome": -1.1719437686308973
                },
                "metadata": {
                    "trials": 1
                }
            },
            {
                "query": {
                    "x1": -1.5,
                    "x2": -2.83021397023063
                },
                "metrics": {
                    "outcome": -1.1282100351562834
                },
                "metadata": {
                    "trials": 1
                }
            },
            {
                "query": {
                    "x1": -1.483864214096411,
                    "x2": -2.7979880024179056
                },
                "metrics": {
                    "outcome": -1.1335104963109748
                },
                "metadata": {
                    "trials": 1
                }
            },
            {
                "query": {
                    "x1": -1.5,
                    "x2": -2.8463604035076995
                },
                "metrics": {
                    "outcome": -1.1194585553345755
                },
                "metadata": {
                    "trials": 1
                }
            }
        ],
        [
            {
                "query": {
                    "x1": -1.5,
                    "x2": -2.6626965342296627
                },
                "metrics": {
                    "outcome": -1.2021928686604184
                },
                "metadata": {
                    "trials": 1
                }
            },
            {
                "query": {
                    "x1": -1.5,
                    "x2": -2.6924144987773304
                },
                "metrics": {
                    "outcome": -1.191352051071389
                },
                "metadata": {
                    "trials": 1
                }
            },
            {
                "query": {
                    "x1": -1.5,
                    "x2": -2.633529758193252
                },
                "metrics": {
                    "outcome": -1.211847403723552
                },
                "metadata": {
                    "trials": 1
                }
            },
            {
                "query": {
                    "x1": -1.5,
                    "x2": -2.7120712471300545
                },
                "metrics": {
                    "outcome": -1.1836312215474498
                },
                "metadata": {
                    "trials": 1
                }
            },
            {
                "query": {
                    "x1": -1.48579341360392,
                    "x2": -2.684580768001498
                },
                "metrics": {
                    "outcome": -1.1889996179347921
                },
                "metadata": {
                    "trials": 1
                }
            },
            {
                "query": {
                    "x1": -1.5,
                    "x2": -2.7257889195856
                },
                "metrics": {
                    "outcome": -1.1779859683482545
                },
                "metadata": {
                    "trials": 1
                }
            }
        ],
        [
            {
                "query": {
                    "x1": -1.5,
                    "x2": -2.5730952089151207
                },
                "metrics": {
                    "outcome": -1.2286873806091743
                },
                "metadata": {
                    "trials": 1
                }
            },
            {
                "query": {
                    "x1": -1.4999069664026516,
                    "x2": -2.59837899904336
                },
                "metrics": {
                    "outcome": -1.2221556000843634
                },
                "metadata": {
                    "trials": 1
                }
            },
            {
                "query": {
                    "x1": -1.5,
                    "x2": -2.5482834025955814
                },
                "metrics": {
                    "outcome": -1.2343420326461851
                },
                "metadata": {
                    "trials": 1
                }
            },
            {
                "query": {
                    "x1": -1.5,
                    "x2": -2.614984071159987
                },
                "metrics": {
                    "outcome": -1.2174725663286097
                },
                "metadata": {
                    "trials": 1
                }
            },
            {
                "query": {
                    "x1": -1.487677729222375,
                    "x2": -2.59191256965158
                },
                "metrics": {
                    "outcome": -1.222554730037701
                },
                "metadata": {
                    "trials": 1
                }
            },
            {
                "query": {
                    "x1": -1.5,
                    "x2": -2.6265089651537266
                },
                "metrics": {
                    "outcome": -1.2140241450542906
                },
                "metadata": {
                    "trials": 1
                }
            }
        ],
        [
            {
                "query": {
                    "x1": -1.4681519543175618,
                    "x2": -2.3203739114440958
                },
                "metrics": {
                    "outcome": -1.2696824394094461
                },
                "metadata": {
                    "trials": 1
                }
            },
            {
                "query": {
                    "x1": -1.405244871935371,
                    "x2": -2.3372893317314043
                },
                "metrics": {
                    "outcome": -1.3012298285794333
                },
                "metadata": {
                    "trials": 1
                }
            },
            {
                "query": {
                    "x1": -1.5,
                    "x2": -2.3826303084625344
                },
                "metrics": {
                    "outcome": -1.2524856857628839
                },
                "metadata": {
                    "trials": 1
                }
            },
            {
                "query": {
                    "x1": -1.5,
                    "x2": -2.2582479281750376
                },
                "metrics": {
                    "outcome": -1.242370184273236
                },
                "metadata": {
                    "trials": 1
                }
            },
            {
                "query": {
                    "x1": -1.447226977329789,
                    "x2": -2.393099031719501
                },
                "metrics": {
                    "outcome": -1.273984782500404
                },
                "metadata": {
                    "trials": 1
                }
            },
            {
                "query": {
                    "x1": -1.4212346140159287,
                    "x2": -2.266524452094526
                },
                "metrics": {
                    "outcome": -1.3005291300549837
                },
                "metadata": {
                    "trials": 1
                }
            }
        ],
        [
            {
                "query": {
                    "x1": -1.1129466563107844,
                    "x2": -2.1437594242348306
                },
                "metrics": {
                    "outcome": -1.5125442482040765
                },
                "metadata": {
                    "trials": 1
                }
            },
            {
                "query": {
                    "x1": -1.1654831962551715,
                    "x2": -2.144328522799663
                },
                "metrics": {
                    "outcome": -1.4870315195721724
                },
                "metadata": {
                    "trials": 1
                }
            },
            {
                "query": {
                    "x1": -1.060661931765611,
                    "x2": -2.1423334825063005
                },
                "metrics": {
                    "outcome": -1.5334632814417515
                },
                "metadata": {
                    "trials": 1
                }
            },
            {
                "query": {
                    "x1": -1.140265018463853,
                    "x2": -2.088522073148421
                },
                "metrics": {
                    "outcome": -1.524632221396538
                },
                "metadata": {
                    "trials": 1
                }
            },
            {
                "query": {
                    "x1": -1.1398610585648057,
                    "x2": -2.1993058637000673
                },
                "metrics": {
                    "outcome": -1.4697584058487152
                },
                "metadata": {
                    "trials": 1
                }
            },
            {
                "query": {
                    "x1": -1.0834719324854567,
                    "x2": -2.077365573605424
                },
                "metrics": {
                    "outcome": -1.5611378008381234
                },
                "metadata": {
                    "trials": 1
                }
            }
        ],
        [
            {
                "query": {
                    "x1": -0.888035055171276,
                    "x2": -1.8984181610500952
                },
                "metrics": {
                    "outcome": -1.740839904038205
                },
                "metadata": {
                    "trials": 1
                }
            },
            {
                "query": {
                    "x1": -0.9394995891039255,
                    "x2": -1.8871497159125632
                },
                "metrics": {
                    "outcome": -1.7203467500442016
                },
                "metadata": {
                    "trials": 1
                }
            },
            {
                "query": {
                    "x1": -0.8368369478871078,
                    "x2": -1.9086304854214395
                },
                "metrics": {
                    "outcome": -1.7534259240586296
                },
                "metadata": {
                    "trials": 1
                }
            },
            {
                "query": {
                    "x1": -0.9015477545181505,
                    "x2": -1.8377143828496498
                },
                "metrics": {
                    "outcome": -1.757120199774275
                },
                "metadata": {
                    "trials": 1
                }
            },
            {
                "query": {
                    "x1": -0.878497822847151,
                    "x2": -1.960064655254901
                },
                "metrics": {
                    "outcome": -1.711041773618343
                },
                "metadata": {
                    "trials": 1
                }
            },
            {
                "query": {
                    "x1": -0.9212937300416092,
                    "x2": -1.9486479745727605
                },
                "metrics": {
                    "outcome": -1.7025448066473796
                },
                "metadata": {
                    "trials": 1
                }
            }
        ],
        [
            {
                "query": {
                    "x1": -0.7120834095960663,
                    "x2": -1.726654863289762
                },
                "metrics": {
                    "outcome": -1.8655550198577457
                },
                "metadata": {
                    "trials": 1
                }
            },
            {
                "query": {
                    "x1": -0.7531952070093385,
                    "x2": -1.7186420360567403
                },
                "metrics": {
                    "outcome": -1.8555189538429357
                },
                "metadata": {
                    "trials": 1
                }
            },
            {
                "query": {
                    "x1": -0.670960187950725,
                    "x2": -1.7305082561339185
                },
                "metrics": {
                    "outcome": -1.871567880858672
                },
                "metadata": {
                    "trials": 1
                }
            },
            {
                "query": {
                    "x1": -0.7258223919377262,
                    "x2": -1.6786594239872046
                },
                "metrics": {
                    "outcome": -1.8721681072414045
                },
                "metadata": {
                    "trials": 1
                }
            },
            {
                "query": {
                    "x1": -0.7364940395474263,
                    "x2": -1.7676092362071394
                },
                "metrics": {
                    "outcome": -1.8462632843767892
                },
                "metadata": {
                    "trials": 1
                }
            },
            {
                "query": {
                    "x1": -0.7016115000186718,
                    "x2": -1.7760149556958122
                },
                "metrics": {
                    "outcome": -1.8495226405291474
                },
                "metadata": {
                    "trials": 1
                }
            }
        ],
        [
            {
                "query": {
                    "x1": -0.5985927636778137,
                    "x2": -1.602218349893699
                },
                "metrics": {
                    "outcome": -1.908411208582232
                },
                "metadata": {
                    "trials": 1
                }
            },
            {
                "query": {
                    "x1": -0.6301106456641633,
                    "x2": -1.6042343276799715
                },
                "metrics": {
                    "outcome": -1.9043144297641046
                },
                "metadata": {
                    "trials": 1
                }
            },
            {
                "query": {
                    "x1": -0.5673012269363829,
                    "x2": -1.5990125408674436
                },
                "metrics": {
                    "outcome": -1.91000963424138
                },
                "metadata": {
                    "trials": 1
                }
            },
            {
                "query": {
                    "x1": -0.614106162699841,
                    "x2": -1.6363407161569687
                },
                "metrics": {
                    "outcome": -1.902521465756946
                },
                "metadata": {
                    "trials": 1
                }
            },
            {
                "query": {
                    "x1": -0.6167418815222278,
                    "x2": -1.5704214424335916
                },
                "metrics": {
                    "outcome": -1.9074200622405835
                },
                "metadata": {
                    "trials": 1
                }
            },
            {
                "query": {
                    "x1": -0.5879355373610002,
                    "x2": -1.6387076864588939
                },
                "metrics": {
                    "outcome": -1.9032755493976534
                },
                "metadata": {
                    "trials": 1
                }
            }
        ],
        [
            {
                "query": {
                    "x1": -0.5377746035228742,
                    "x2": -1.5249928534279105
                },
                "metrics": {
                    "outcome": -1.9126238355831893
                },
                "metadata": {
                    "trials": 1
                }
            },
            {
                "query": {
                    "x1": -0.5589281667599519,
                    "x2": -1.539193266522665
                },
                "metrics": {
                    "outcome": -1.9128274803964445
                },
                "metadata": {
                    "trials": 1
                }
            },
            {
                "query": {
                    "x1": -0.5151719127481048,
                    "x2": -1.515822514862685
                },
                "metrics": {
                    "outcome": -1.9114613239838674
                },
                "metadata": {
                    "trials": 1
                }
            },
            {
                "query": {
                    "x1": -0.5599154373484718,
                    "x2": -1.5144069683716408
                },
                "metrics": {
                    "outcome": -1.9109767996285756
                },
                "metadata": {
                    "trials": 1
                }
            },
            {
                "query": {
                    "x1": -0.5437264888236111,
                    "x2": -1.5540192793170116
                },
                "metrics": {
                    "outcome": -1.9131121551675623
                },
                "metadata": {
                    "trials": 1
                }
            },
            {
                "query": {
                    "x1": -0.5263714568819049,
                    "x2": -1.550797086607019
                },
                "metrics": {
                    "outcome": -1.9124974223779376
                },
                "metadata": {
                    "trials": 1
                }
            }
        ],
        [
            {
                "query": {
                    "x1": -0.5493774097184486,
                    "x2": -1.5468775296931199
                },
                "metrics": {
                    "outcome": -1.9132152083292011
                },
                "metadata": {
                    "trials": 1
                }
            },
            {
                "query": {
                    "x1": -0.5540550138163596,
                    "x2": -1.5516102341404707
                },
                "metrics": {
                    "outcome": -1.91316209828594
                },
                "metadata": {
                    "trials": 1
                }
            },
            {
                "query": {
                    "x1": -0.5444292718933186,
                    "x2": -1.5426132453775017
                },
                "metrics": {
                    "outcome": -1.9131962151239437
                },
                "metadata": {
                    "trials": 1
                }
            },
            {
                "query": {
                    "x1": -0.5441740332601668,
                    "x2": -1.5500473345502528
                },
                "metrics": {
                    "outcome": -1.9131884462426276
                },
                "metadata": {
                    "trials": 1
                }
            },
            {
                "query": {
                    "x1": -0.5497125262124067,
                    "x2": -1.5395882903261218
                },
                "metrics": {
                    "outcome": -1.9131092063992563
                },
                "metadata": {
                    "trials": 1
                }
            },
            {
                "query": {
                    "x1": -0.5392145499625545,
                    "x2": -1.5397865169371037
                },
                "metrics": {
                    "outcome": -1.9131197121025796
                },
                "metadata": {
                    "trials": 1
                }
            }
        ],
        [
            {
                "query": {
                    "x1": -0.5506159169708171,
                    "x2": -1.5504674053701781
                },
                "metrics": {
                    "outcome": -1.9132035882810499
                },
                "metadata": {
                    "trials": 1
                }
            },
            {
                "query": {
                    "x1": -0.5474263331479505,
                    "x2": -1.545455463756698
                },
                "metrics": {
                    "outcome": -1.9132180787266924
                },
                "metadata": {
                    "trials": 1
                }
            },
            {
                "query": {
                    "x1": -0.5539695288281233,
                    "x2": -1.5549209079154762
                },
                "metrics": {
                    "outcome": -1.9131313229144578
                },
                "metadata": {
                    "trials": 1
                }
            },
            {
                "query": {
                    "x1": -0.5439296977340735,
                    "x2": -1.5415686802601283
                },
                "metrics": {
                    "outcome": -1.9131830484275936
                },
                "metadata": {
                    "trials": 1
                }
            },
            {
                "query": {
                    "x1": -0.545849350236276,
                    "x2": -1.5509101052514702
                },
                "metrics": {
                    "outcome": -1.9131949242295754
                },
                "metadata": {
                    "trials": 1
                }
            },
            {
                "query": {
                    "x1": -0.5519222627655807,
                    "x2": -1.5446639597455625
                },
                "metrics": {
                    "outcome": -1.913168193998596
                },
                "metadata": {
                    "trials": 1
                }
            }
        ],
        [
            {
                "query": {
                    "x1": -0.5444099150503003,
                    "x2": -1.541242793434515
                },
                "metrics": {
                    "outcome": -1.9131797739281513
                },
                "metadata": {
                    "trials": 1
                }
            },
            {
                "query": {
                    "x1": -0.547781416074083,
                    "x2": -1.5448513216528692
                },
                "metrics": {
                    "outcome": -1.9132130241651168
                },
                "metadata": {
                    "trials": 1
                }
            },
            {
                "query": {
                    "x1": -0.54049775809582,
                    "x2": -1.539100136708739
                },
                "metrics": {
                    "outcome": -1.9131259220571866
                },
                "metadata": {
                    "trials": 1
                }
            },
            {
                "query": {
                    "x1": -0.5499068847339622,
                    "x2": -1.5497180727232676
                },
                "metrics": {
                    "outcome": -1.9132110877816713
                },
                "metadata": {
                    "trials": 1
                }
            },
            {
                "query": {
                    "x1": -0.5524465690894371,
                    "x2": -1.5541299526620809
                },
                "metrics": {
                    "outcome": -1.9131560191784378
                },
                "metadata": {
                    "trials": 1
                }
            },
            {
                "query": {
                    "x1": -0.5444468875945148,
                    "x2": -1.5477596962971245
                },
                "metrics": {
                    "outcome": -1.9132099054434848
                },
                "metadata": {
                    "trials": 1
                }
            }
        ],
        [
            {
                "query": {
                    "x1": -0.5445481068388441,
                    "x2": -1.5410497102512508
                },
                "metrics": {
                    "outcome": -1.913177147863851
                },
                "metadata": {
                    "trials": 1
                }
            },
            {
                "query": {
                    "x1": -0.54782330702944,
                    "x2": -1.5442881858826476
                },
                "metrics": {
                    "outcome": -1.913208198802173
                },
                "metadata": {
                    "trials": 1
                }
            },
            {
                "query": {
                    "x1": -0.5407911360606199,
                    "x2": -1.5392387274279686
                },
                "metrics": {
                    "outcome": -1.9131309429737078
                },
                "metadata": {
                    "trials": 1
                }
            },
            {
                "query": {
                    "x1": -0.5507604322648266,
                    "x2": -1.5519519707958525
                },
                "metrics": {
                    "outcome": -1.913191628604955
                },
                "metadata": {
                    "trials": 1
                }
            },
            {
                "query": {
                    "x1": -0.5471573548542333,
                    "x2": -1.5491551041366798
                },
                "metrics": {
                    "outcome": -1.9132173727010362
                },
                "metadata": {
                    "trials": 1
                }
            },
            {
                "query": {
                    "x1": -0.5511627576316853,
                    "x2": -1.5466935450135824
                },
                "metrics": {
                    "outcome": -1.9131977971282135
                },
                "metadata": {
                    "trials": 1
                }
            }
        ],
        [
            {
                "query": {
                    "x1": -0.5444172617826436,
                    "x2": -1.5410212359657165
                },
                "metrics": {
                    "outcome": -1.9131766257357046
                },
                "metadata": {
                    "trials": 1
                }
            },
            {
                "query": {
                    "x1": -0.5511645220843737,
                    "x2": -1.5536986054780217
                },
                "metrics": {
                    "outcome": -1.9131691800878539
                },
                "metadata": {
                    "trials": 1
                }
            },
            {
                "query": {
                    "x1": -0.5475841236127756,
                    "x2": -1.5440652842185538
                },
                "metrics": {
                    "outcome": -1.9132073066145772
                },
                "metadata": {
                    "trials": 1
                }
            },
            {
                "query": {
                    "x1": -0.5488059500549594,
                    "x2": -1.5490153685554502
                },
                "metrics": {
                    "outcome": -1.9132178313638488
                },
                "metadata": {
                    "trials": 1
                }
            },
            {
                "query": {
                    "x1": -0.5407717574202882,
                    "x2": -1.5395151892112582
                },
                "metrics": {
                    "outcome": -1.9131349565681686
                },
                "metadata": {
                    "trials": 1
                }
            },
            {
                "query": {
                    "x1": -0.5441893629325636,
                    "x2": -1.546011779530914
                },
                "metrics": {
                    "outcome": -1.9132120112522757
                },
                "metadata": {
                    "trials": 1
                }
            }
        ],
        [
            {
                "query": {
                    "x1": -0.5512535634159492,
                    "x2": -1.553975954435179
                },
                "metrics": {
                    "outcome": -1.9131648210427623
                },
                "metadata": {
                    "trials": 1
                }
            },
            {
                "query": {
                    "x1": -0.5449713455089832,
                    "x2": -1.5412842459551601
                },
                "metrics": {
                    "outcome": -1.913180627697609
                },
                "metadata": {
                    "trials": 1
                }
            },
            {
                "query": {
                    "x1": -0.5485688438821297,
                    "x2": -1.5498698284711971
                },
                "metrics": {
                    "outcome": -1.9132141879832902
                },
                "metadata": {
                    "trials": 1
                }
            },
            {
                "query": {
                    "x1": -0.5479665891886674,
                    "x2": -1.5443606660427023
                },
                "metrics": {
                    "outcome": -1.9132081000043208
                },
                "metadata": {
                    "trials": 1
                }
            },
            {
                "query": {
                    "x1": -0.5414587922453946,
                    "x2": -1.5398840156709555
                },
                "metrics": {
                    "outcome": -1.9131465217276888
                },
                "metadata": {
                    "trials": 1
                }
            },
            {
                "query": {
                    "x1": -0.5521076571723142,
                    "x2": -1.5487896573305975
                },
                "metrics": {
                    "outcome": -1.913193661590224
                },
                "metadata": {
                    "trials": 1
                }
            }
        ],
        [
            {
                "query": {
                    "x1": -0.5509172351855185,
                    "x2": -1.5539754768147507
                },
                "metrics": {
                    "outcome": -1.9131659810633521
                },
                "metadata": {
                    "trials": 1
                }
            },
            {
                "query": {
                    "x1": -0.5449442218081145,
                    "x2": -1.5413673403958927
                },
                "metrics": {
                    "outcome": -1.91318182241899
                },
                "metadata": {
                    "trials": 1
                }
            },
            {
                "query": {
                    "x1": -0.547538754563489,
                    "x2": -1.5511141541506746
                },
                "metrics": {
                    "outcome": -1.9132023278928099
                },
                "metadata": {
                    "trials": 1
                }
            },
            {
                "query": {
                    "x1": -0.5479700899647812,
                    "x2": -1.5440893533001323
                },
                "metrics": {
                    "outcome": -1.9132055315875034
                },
                "metadata": {
                    "trials": 1
                }
            },
            {
                "query": {
                    "x1": -0.5507741369649505,
                    "x2": -1.5487368754286104
                },
                "metrics": {
                    "outcome": -1.9132074826890473
                },
                "metadata": {
                    "trials": 1
                }
            },
            {
                "query": {
                    "x1": -0.5414608458502537,
                    "x2": -1.5403543763903715
                },
                "metrics": {
                    "outcome": -1.9131530399849912
                },
                "metadata": {
                    "trials": 1
                }
            }
        ],
        [
            {
                "query": {
                    "x1": -0.5507596636964247,
                    "x2": -1.5538043115824172
                },
                "metrics": {
                    "outcome": -1.91316899701157
                },
                "metadata": {
                    "trials": 1
                }
            },
            {
                "query": {
                    "x1": -0.5451386122508579,
                    "x2": -1.5415351981338188
                },
                "metrics": {
                    "outcome": -1.9131841166522792
                },
                "metadata": {
                    "trials": 1
                }
            },
            {
                "query": {
                    "x1": -0.5472970330597972,
                    "x2": -1.5514027583963712
                },
                "metrics": {
                    "outcome": -1.9131980807841398
                },
                "metadata": {
                    "trials": 1
                }
            },
            {
                "query": {
                    "x1": -0.5481720489233083,
                    "x2": -1.5440030031555712
                },
                "metrics": {
                    "outcome": -1.9132034389709491
                },
                "metadata": {
                    "trials": 1
                }
            },
            {
                "query": {
                    "x1": -0.5503941350595781,
                    "x2": -1.54872451315234
                },
                "metrics": {
                    "outcome": -1.913210514814626
                },
                "metadata": {
                    "trials": 1
                }
            },
            {
                "query": {
                    "x1": -0.5416940696579232,
                    "x2": -1.5408489020710456
                },
                "metrics": {
                    "outcome": -1.9131612760499404
                },
                "metadata": {
                    "trials": 1
                }
            }
        ],
        [
            {
                "query": {
                    "x1": -0.5506637448519374,
                    "x2": -1.5536187609921894
                },
                "metrics": {
                    "outcome": -1.913171972109914
                },
                "metadata": {
                    "trials": 1
                }
            },
            {
                "query": {
                    "x1": -0.5453327965971008,
                    "x2": -1.5416873612613942
                },
                "metrics": {
                    "outcome": -1.9131860809850325
                },
                "metadata": {
                    "trials": 1
                }
            },
            {
                "query": {
                    "x1": -0.5471797612571802,
                    "x2": -1.5515413544634606
                },
                "metrics": {
                    "outcome": -1.913195834675785
                },
                "metadata": {
                    "trials": 1
                }
            },
            {
                "query": {
                    "x1": -0.5483612951548411,
                    "x2": -1.543967047402306
                },
                "metrics": {
                    "outcome": -1.9132017952205853
                },
                "metadata": {
                    "trials": 1
                }
            },
            {
                "query": {
                    "x1": -0.5501981962824791,
                    "x2": -1.548684823172092
                },
                "metrics": {
                    "outcome": -1.9132119507484013
                },
                "metadata": {
                    "trials": 1
                }
            },
            {
                "query": {
                    "x1": -0.5419237131745387,
                    "x2": -1.5413505701720134
                },
                "metrics": {
                    "outcome": -1.9131689606152964
                },
                "metadata": {
                    "trials": 1
                }
            }
        ],
        [
            {
                "query": {
                    "x1": -0.5506091412475604,
                    "x2": -1.5534398194928716
                },
                "metrics": {
                    "outcome": -1.9131746620541001
                },
                "metadata": {
                    "trials": 1
                }
            },
            {
                "query": {
                    "x1": -0.5455006138659204,
                    "x2": -1.5418125719733453
                },
                "metrics": {
                    "outcome": -1.9131876066995108
                },
                "metadata": {
                    "trials": 1
                }
            },
            {
                "query": {
                    "x1": -0.5471225414750501,
                    "x2": -1.5516234522214374
                },
                "metrics": {
                    "outcome": -1.9131945066191145
                },
                "metadata": {
                    "trials": 1
                }
            },
            {
                "query": {
                    "x1": -0.5485150396118145,
                    "x2": -1.5439508424735058
                },
                "metrics": {
                    "outcome": -1.9132005108615804
                },
                "metadata": {
                    "trials": 1
                }
            },
            {
                "query": {
                    "x1": -0.5501503532044415,
                    "x2": -1.5486204483888175
                },
                "metrics": {
                    "outcome": -1.9132123305840816
                },
                "metadata": {
                    "trials": 1
                }
            },
            {
                "query": {
                    "x1": -0.5421296583063505,
                    "x2": -1.5418295828438318
                },
                "metrics": {
                    "outcome": -1.9131756124516772
                },
                "metadata": {
                    "trials": 1
                }
            }
        ],
        [
            {
                "query": {
                    "x1": -0.5505750137307965,
                    "x2": -1.5532718371700125
                },
                "metrics": {
                    "outcome": -1.913177069348989
                },
                "metadata": {
                    "trials": 1
                }
            },
            {
                "query": {
                    "x1": -0.5456124010249134,
                    "x2": -1.5419087583371922
                },
                "metrics": {
                    "outcome": -1.9131887507023713
                },
                "metadata": {
                    "trials": 1
                }
            },
            {
                "query": {
                    "x1": -0.5486167813153096,
                    "x2": -1.5439231140487124
                },
                "metrics": {
                    "outcome": -1.9131994335968123
                },
                "metadata": {
                    "trials": 1
                }
            },
            {
                "query": {
                    "x1": -0.547093639637263,
                    "x2": -1.5516761788753672
                },
                "metrics": {
                    "outcome": -1.9131936752471743
                },
                "metadata": {
                    "trials": 1
                }
            },
            {
                "query": {
                    "x1": -0.5422880851522568,
                    "x2": -1.5427373728261082
                },
                "metrics": {
                    "outcome": -1.9131846705655984
                },
                "metadata": {
                    "trials": 1
                }
            },
            {
                "query": {
                    "x1": -0.550365606734514,
                    "x2": -1.5485050989832323
                },
                "metrics": {
                    "outcome": -1.9132108272890171
                },
                "metadata": {
                    "trials": 1
                }
            }
        ],
        [
            {
                "query": {
                    "x1": -0.5505631021233881,
                    "x2": -1.5531276005900658
                },
                "metrics": {
                    "outcome": -1.9131790296906548
                },
                "metadata": {
                    "trials": 1
                }
            },
            {
                "query": {
                    "x1": -0.5456195505718412,
                    "x2": -1.5419400354424457
                },
                "metrics": {
                    "outcome": -1.913189157404374
                },
                "metadata": {
                    "trials": 1
                }
            },
            {
                "query": {
                    "x1": -0.5486603968587742,
                    "x2": -1.543856166991149
                },
                "metrics": {
                    "outcome": -1.9131983457428525
                },
                "metadata": {
                    "trials": 1
                }
            },
            {
                "query": {
                    "x1": -0.5423112218498,
                    "x2": -1.5427703306444807
                },
                "metrics": {
                    "outcome": -1.9131851166693243
                },
                "metadata": {
                    "trials": 1
                }
            },
            {
                "query": {
                    "x1": -0.5470465081038621,
                    "x2": -1.55167835418457
                },
                "metrics": {
                    "outcome": -1.913193390148194
                },
                "metadata": {
                    "trials": 1
                }
            },
            {
                "query": {
                    "x1": -0.5506109480224369,
                    "x2": -1.548320872026779
                },
                "metrics": {
                    "outcome": -1.9132088061455041
                },
                "metadata": {
                    "trials": 1
                }
            }
        ]
    ],
    "best_results": [
        {
            "query": {
                "x1": -0.5474263331479505,
                "x2": -1.545455463756698
            },
            "metrics": [
                {
                    "name": "outcome",
                    "value": -1.9132180787266924
                }
            ]
        }
    ]
}