{
    "date": "05/11/2022 12:08:09",
    "basic_params": {
        "active_variables": [
            "x1",
            "x2"
        ],
        "default_query": {},
        "metric": "basic",
        "n_trials": 1
    },
    "objective_function": {
        "name": "McCormick",
        "params": {}
    },
    "optimizer": {
        "name": "BBO-LP(LCB)",
        "params": {
            "lower_bound": [
                -1.5,
                -3.0
            ],
            "upper_bound": [
                4.0,
                4.0
            ],
            "invert_metric": false,
            "bopt_params": {
                "n_init_samples": 12,
                "n_iterations": 23,
                "n_iter_relearn": 5,
                "verbose_level": 0,
                "n_parallel_samples": 6,
                "par_type": "PAR_BBO",
                "crit_name": "cLP(cLCB)",
                "n_crit_params": 3,
                "crit_params": [
                    6,
                    1,
                    1.0
                ]
            }
        }
    },
    "iterations": [
        [
            {
                "query": {
                    "x1": 1.4915762776605939,
                    "x2": -2.7746249159487584
                },
                "metrics": {
                    "outcome": 9.06766042007982
                },
                "metadata": {
                    "trials": 1
                }
            }
        ],
        [
            {
                "query": {
                    "x1": -1.060738037447057,
                    "x2": -0.09263466271416565
                },
                "metrics": {
                    "outcome": 2.3826080916365973
                },
                "metadata": {
                    "trials": 1
                }
            }
        ],
        [
            {
                "query": {
                    "x1": 3.3159788046614267,
                    "x2": -1.823102566646412
                },
                "metrics": {
                    "outcome": 18.875398482869894
                },
                "metadata": {
                    "trials": 1
                }
            }
        ],
        [
            {
                "query": {
                    "x1": 0.9637921014800668,
                    "x2": -0.7298405496791629
                },
                "metrics": {
                    "outcome": 0.8299252574685165
                },
                "metadata": {
                    "trials": 1
                }
            }
        ],
        [
            {
                "query": {
                    "x1": 2.0760328521816214,
                    "x2": 3.523799485623991
                },
                "metrics": {
                    "outcome": 8.160080998620447
                },
                "metadata": {
                    "trials": 1
                }
            }
        ],
        [
            {
                "query": {
                    "x1": 2.5222052622120827,
                    "x2": 0.7439181543498612
                },
                "metrics": {
                    "outcome": 2.114583386753262
                },
                "metadata": {
                    "trials": 1
                }
            }
        ],
        [
            {
                "query": {
                    "x1": 0.36587313986577397,
                    "x2": 1.5651877600660864
                },
                "metrics": {
                    "outcome": 6.738318837216933
                },
                "metadata": {
                    "trials": 1
                }
            }
        ],
        [
            {
                "query": {
                    "x1": -0.29145313053353084,
                    "x2": 3.027425582966922
                },
                "metrics": {
                    "outcome": 20.41528828106828
                },
                "metadata": {
                    "trials": 1
                }
            }
        ],
        [
            {
                "query": {
                    "x1": 2.9925638711041156,
                    "x2": 0.2896455381026799
                },
                "metrics": {
                    "outcome": 4.400881744132786
                },
                "metadata": {
                    "trials": 1
                }
            }
        ],
        [
            {
                "query": {
                    "x1": -0.715129490592517,
                    "x2": 2.335732799139805
                },
                "metrics": {
                    "outcome": 18.21854683333087
                },
                "metadata": {
                    "trials": 1
                }
            }
        ],
        [
            {
                "query": {
                    "x1": 3.6642684288866203,
                    "x2": -2.3346399713191204
                },
                "metrics": {
                    "outcome": 26.62495912935087
                },
                "metadata": {
                    "trials": 1
                }
            }
        ],
        [
            {
                "query": {
                    "x1": -0.04719129660710064,
                    "x2": 2.0909795177867636
                },
                "metrics": {
                    "outcome": 11.760219482782478
                },
                "metadata": {
                    "trials": 1
                }
            }
        ],
        [
            {
                "query": {
                    "x1": 0.10447755030452233,
                    "x2": -0.8545245733732045
                },
                "metrics": {
                    "outcome": -1.055015851197052
                },
                "metadata": {
                    "trials": 1
                }
            },
            {
                "query": {
                    "x1": 0.01193005502091582,
                    "x2": -0.8894627297355311
                },
                "metrics": {
                    "outcome": -1.198207429814472
                },
                "metadata": {
                    "trials": 1
                }
            },
            {
                "query": {
                    "x1": 0.19469986847500853,
                    "x2": -0.8194945294001439
                },
                "metrics": {
                    "outcome": -0.897126587721393
                },
                "metadata": {
                    "trials": 1
                }
            },
            {
                "query": {
                    "x1": -0.08101529517231976,
                    "x2": -0.9245291023377624
                },
                "metrics": {
                    "outcome": -1.3227379569060327
                },
                "metadata": {
                    "trials": 1
                }
            },
            {
                "query": {
                    "x1": 0.27224517047964625,
                    "x2": -0.7859678861789181
                },
                "metrics": {
                    "outcome": -0.7448954342170275
                },
                "metadata": {
                    "trials": 1
                }
            },
            {
                "query": {
                    "x1": 0.13313737456626873,
                    "x2": -0.7551352460442522
                },
                "metrics": {
                    "outcome": -0.8811759528466983
                },
                "metadata": {
                    "trials": 1
                }
            }
        ],
        [
            {
                "query": {
                    "x1": -0.6024619639635309,
                    "x2": -1.1373144915344278
                },
                "metrics": {
                    "outcome": -1.639282855171432
                },
                "metadata": {
                    "trials": 1
                }
            },
            {
                "query": {
                    "x1": -0.6668068777222348,
                    "x2": -1.1446105169028686
                },
                "metrics": {
                    "outcome": -1.6042098161318679
                },
                "metadata": {
                    "trials": 1
                }
            },
            {
                "query": {
                    "x1": -0.5381194361041929,
                    "x2": -1.1321608759685442
                },
                "metrics": {
                    "outcome": -1.6653933518069821
                },
                "metadata": {
                    "trials": 1
                }
            },
            {
                "query": {
                    "x1": -0.48232820678931043,
                    "x2": -1.1299800994253837
                },
                "metrics": {
                    "outcome": -1.6811434658517648
                },
                "metadata": {
                    "trials": 1
                }
            },
            {
                "query": {
                    "x1": -0.5705409778181175,
                    "x2": -1.0745622547096083
                },
                "metrics": {
                    "outcome": -1.5737972344315119
                },
                "metadata": {
                    "trials": 1
                }
            },
            {
                "query": {
                    "x1": -0.5647480278992405,
                    "x2": -1.193536264837676
                },
                "metrics": {
                    "outcome": -1.7238195295513794
                },
                "metadata": {
                    "trials": 1
                }
            }
        ],
        [
            {
                "query": {
                    "x1": -0.5565401330250132,
                    "x2": -1.4046771336997457
                },
                "metrics": {
                    "outcome": -1.882295204233043
                },
                "metadata": {
                    "trials": 1
                }
            },
            {
                "query": {
                    "x1": -0.5105559863846925,
                    "x2": -1.3892388597549696
                },
                "metrics": {
                    "outcome": -1.8815459697317478
                },
                "metadata": {
                    "trials": 1
                }
            },
            {
                "query": {
                    "x1": -0.6026274302458015,
                    "x2": -1.4186704805625654
                },
                "metrics": {
                    "outcome": -1.877037613400752
                },
                "metadata": {
                    "trials": 1
                }
            },
            {
                "query": {
                    "x1": -0.4697752466141134,
                    "x2": -1.3735123109573035
                },
                "metrics": {
                    "outcome": -1.8754806428027608
                },
                "metadata": {
                    "trials": 1
                }
            },
            {
                "query": {
                    "x1": -0.6494220388273907,
                    "x2": -1.4319552417318244
                },
                "metrics": {
                    "outcome": -1.86585758441427
                },
                "metadata": {
                    "trials": 1
                }
            },
            {
                "query": {
                    "x1": -0.5407155927173452,
                    "x2": -1.3543238112170937
                },
                "metrics": {
                    "outcome": -1.8606699527978758
                },
                "metadata": {
                    "trials": 1
                }
            }
        ],
        [
            {
                "query": {
                    "x1": -0.560092030186374,
                    "x2": -1.5349196641220362
                },
                "metrics": {
                    "outcome": -1.9125891423621098
                },
                "metadata": {
                    "trials": 1
                }
            },
            {
                "query": {
                    "x1": -0.528556564681026,
                    "x2": -1.5208700158490966
                },
                "metrics": {
                    "outcome": -1.9122808180225097
                },
                "metadata": {
                    "trials": 1
                }
            },
            {
                "query": {
                    "x1": -0.5917083328715129,
                    "x2": -1.5487849855334677
                },
                "metrics": {
                    "outcome": -1.9104686950046048
                },
                "metadata": {
                    "trials": 1
                }
            },
            {
                "query": {
                    "x1": -0.5516264289815977,
                    "x2": -1.4962870822966161
                },
                "metrics": {
                    "outcome": -1.9092167717168471
                },
                "metadata": {
                    "trials": 1
                }
            },
            {
                "query": {
                    "x1": -0.5345817478331807,
                    "x2": -1.5580641945746936
                },
                "metrics": {
                    "outcome": -1.9126702044018091
                },
                "metadata": {
                    "trials": 1
                }
            },
            {
                "query": {
                    "x1": -0.5006752101981402,
                    "x2": -1.5078052998074352
                },
                "metrics": {
                    "outcome": -1.9099250508338237
                },
                "metadata": {
                    "trials": 1
                }
            }
        ],
        [
            {
                "query": {
                    "x1": -0.5762657807530411,
                    "x2": -1.5924565845966796
                },
                "metrics": {
                    "outcome": -1.910603926322021
                },
                "metadata": {
                    "trials": 1
                }
            },
            {
                "query": {
                    "x1": -0.566064982741113,
                    "x2": -1.5805050389970627
                },
                "metrics": {
                    "outcome": -1.911847784707649
                },
                "metadata": {
                    "trials": 1
                }
            },
            {
                "query": {
                    "x1": -0.5870407483357346,
                    "x2": -1.6031845125851325
                },
                "metrics": {
                    "outcome": -1.9090621426231027
                },
                "metadata": {
                    "trials": 1
                }
            },
            {
                "query": {
                    "x1": -0.5454967066223639,
                    "x2": -1.5446692234940542
                },
                "metrics": {
                    "outcome": -1.9132145191396304
                },
                "metadata": {
                    "trials": 1
                }
            },
            {
                "query": {
                    "x1": -0.5592075843245323,
                    "x2": -1.5701880744359715
                },
                "metrics": {
                    "outcome": -1.9125755534125868
                },
                "metadata": {
                    "trials": 1
                }
            },
            {
                "query": {
                    "x1": -0.549469533976106,
                    "x2": -1.548582863462664
                },
                "metrics": {
                    "outcome": -1.913216380985145
                },
                "metadata": {
                    "trials": 1
                }
            }
        ],
        [
            {
                "query": {
                    "x1": -0.5473918269909378,
                    "x2": -1.547007928536017
                },
                "metrics": {
                    "outcome": -1.913222807593637
                },
                "metadata": {
                    "trials": 1
                }
            },
            {
                "query": {
                    "x1": -0.5511233288808631,
                    "x2": -1.549741747026586
                },
                "metrics": {
                    "outcome": -1.9132029426925161
                },
                "metadata": {
                    "trials": 1
                }
            },
            {
                "query": {
                    "x1": -0.5436361394338334,
                    "x2": -1.5443614760928148
                },
                "metrics": {
                    "outcome": -1.913204684834843
                },
                "metadata": {
                    "trials": 1
                }
            },
            {
                "query": {
                    "x1": -0.5439045541597,
                    "x2": -1.549918329423599
                },
                "metrics": {
                    "outcome": -1.9131866476892623
                },
                "metadata": {
                    "trials": 1
                }
            },
            {
                "query": {
                    "x1": -0.5509761148747961,
                    "x2": -1.5443217436877683
                },
                "metrics": {
                    "outcome": -1.913178321494676
                },
                "metadata": {
                    "trials": 1
                }
            },
            {
                "query": {
                    "x1": -0.5476808779788298,
                    "x2": -1.5525911486467612
                },
                "metrics": {
                    "outcome": -1.9131839056849609
                },
                "metadata": {
                    "trials": 1
                }
            }
        ],
        [
            {
                "query": {
                    "x1": -0.5479299745030874,
                    "x2": -1.5468762626902728
                },
                "metrics": {
                    "outcome": -1.913221771485317
                },
                "metadata": {
                    "trials": 1
                }
            },
            {
                "query": {
                    "x1": -0.5509381962875111,
                    "x2": -1.5495562805178613
                },
                "metrics": {
                    "outcome": -1.9132049551510328
                },
                "metadata": {
                    "trials": 1
                }
            },
            {
                "query": {
                    "x1": -0.5448917823686648,
                    "x2": -1.5442996413553574
                },
                "metrics": {
                    "outcome": -1.9132108673987238
                },
                "metadata": {
                    "trials": 1
                }
            },
            {
                "query": {
                    "x1": -0.5475883517598025,
                    "x2": -1.5513528825509557
                },
                "metrics": {
                    "outcome": -1.9131998419239715
                },
                "metadata": {
                    "trials": 1
                }
            },
            {
                "query": {
                    "x1": -0.5482591790088891,
                    "x2": -1.542414384393635
                },
                "metrics": {
                    "outcome": -1.9131827919066016
                },
                "metadata": {
                    "trials": 1
                }
            },
            {
                "query": {
                    "x1": -0.5539174043792866,
                    "x2": -1.5520677219360548
                },
                "metrics": {
                    "outcome": -1.9131614980318616
                },
                "metadata": {
                    "trials": 1
                }
            }
        ],
        [
            {
                "query": {
                    "x1": -0.5474159619775437,
                    "x2": -1.546452468752348
                },
                "metrics": {
                    "outcome": -1.91322190653929
                },
                "metadata": {
                    "trials": 1
                }
            },
            {
                "query": {
                    "x1": -0.5501002391048655,
                    "x2": -1.549099288946911
                },
                "metrics": {
                    "outcome": -1.9132119673222983
                },
                "metadata": {
                    "trials": 1
                }
            },
            {
                "query": {
                    "x1": -0.5451673883911058,
                    "x2": -1.5431385629386332
                },
                "metrics": {
                    "outcome": -1.9132027649422922
                },
                "metadata": {
                    "trials": 1
                }
            },
            {
                "query": {
                    "x1": -0.5470183290189946,
                    "x2": -1.550623749039106
                },
                "metrics": {
                    "outcome": -1.913205393595839
                },
                "metadata": {
                    "trials": 1
                }
            },
            {
                "query": {
                    "x1": -0.5527758946708067,
                    "x2": -1.5515328070718264
                },
                "metrics": {
                    "outcome": -1.9131789350032395
                },
                "metadata": {
                    "trials": 1
                }
            },
            {
                "query": {
                    "x1": -0.5437165214099969,
                    "x2": -1.5472659722134061
                },
                "metrics": {
                    "outcome": -1.913205310250993
                },
                "metadata": {
                    "trials": 1
                }
            }
        ],
        [
            {
                "query": {
                    "x1": -0.5471938488180008,
                    "x2": -1.5456445909253862
                },
                "metrics": {
                    "outcome": -1.9132195051911132
                },
                "metadata": {
                    "trials": 1
                }
            },
            {
                "query": {
                    "x1": -0.5496546737205282,
                    "x2": -1.5483589421725341
                },
                "metrics": {
                    "outcome": -1.9132156103028568
                },
                "metadata": {
                    "trials": 1
                }
            },
            {
                "query": {
                    "x1": -0.5439350243602803,
                    "x2": -1.5441205553382873
                },
                "metrics": {
                    "outcome": -1.9132054968009737
                },
                "metadata": {
                    "trials": 1
                }
            },
            {
                "query": {
                    "x1": -0.5520585341471357,
                    "x2": -1.5509122907765074
                },
                "metrics": {
                    "outcome": -1.9131898487987238
                },
                "metadata": {
                    "trials": 1
                }
            },
            {
                "query": {
                    "x1": -0.5466907419346603,
                    "x2": -1.5495334331355406
                },
                "metrics": {
                    "outcome": -1.913213425951144
                },
                "metadata": {
                    "trials": 1
                }
            },
            {
                "query": {
                    "x1": -0.5501297125161152,
                    "x2": -1.5445176765129318
                },
                "metrics": {
                    "outcome": -1.9131914324736443
                },
                "metadata": {
                    "trials": 1
                }
            }
        ],
        [
            {
                "query": {
                    "x1": -0.546660516058202,
                    "x2": -1.545051886895232
                },
                "metrics": {
                    "outcome": -1.9132172493473556
                },
                "metadata": {
                    "trials": 1
                }
            },
            {
                "query": {
                    "x1": -0.5489870943416562,
                    "x2": -1.547847727362639
                },
                "metrics": {
                    "outcome": -1.913219080644017
                },
                "metadata": {
                    "trials": 1
                }
            },
            {
                "query": {
                    "x1": -0.5512322416639177,
                    "x2": -1.5504996404863716
                },
                "metrics": {
                    "outcome": -1.9131991429378399
                },
                "metadata": {
                    "trials": 1
                }
            },
            {
                "query": {
                    "x1": -0.5440041354580268,
                    "x2": -1.5433788247952716
                },
                "metrics": {
                    "outcome": -1.9132012440285466
                },
                "metadata": {
                    "trials": 1
                }
            },
            {
                "query": {
                    "x1": -0.546148059762326,
                    "x2": -1.5490361561749821
                },
                "metrics": {
                    "outcome": -1.9132143442840204
                },
                "metadata": {
                    "trials": 1
                }
            },
            {
                "query": {
                    "x1": -0.5537222053265995,
                    "x2": -1.5526585938909805
                },
                "metrics": {
                    "outcome": -1.9131597626664028
                },
                "metadata": {
                    "trials": 1
                }
            }
        ],
        [
            {
                "query": {
                    "x1": -0.5459653853917609,
                    "x2": -1.5439240774981704
                },
                "metrics": {
                    "outcome": -1.9132099899368895
                },
                "metadata": {
                    "trials": 1
                }
            },
            {
                "query": {
                    "x1": -0.548290482107776,
                    "x2": -1.5465107275098482
                },
                "metrics": {
                    "outcome": -1.9132197160464024
                },
                "metadata": {
                    "trials": 1
                }
            },
            {
                "query": {
                    "x1": -0.5502802234280793,
                    "x2": -1.5494121956515756
                },
                "metrics": {
                    "outcome": -1.9132100629111153
                },
                "metadata": {
                    "trials": 1
                }
            },
            {
                "query": {
                    "x1": -0.5430927258379946,
                    "x2": -1.5429493971184123
                },
                "metrics": {
                    "outcome": -1.9131926737693679
                },
                "metadata": {
                    "trials": 1
                }
            },
            {
                "query": {
                    "x1": -0.5525226615268067,
                    "x2": -1.5517893167539178
                },
                "metrics": {
                    "outcome": -1.9131799144213204
                },
                "metadata": {
                    "trials": 1
                }
            },
            {
                "query": {
                    "x1": -0.545332443503763,
                    "x2": -1.5476421379136573
                },
                "metrics": {
                    "outcome": -1.9132167462864436
                },
                "metadata": {
                    "trials": 1
                }
            }
        ],
        [
            {
                "query": {
                    "x1": -0.5459310821780627,
                    "x2": -1.5435916623151882
                },
                "metrics": {
                    "outcome": -1.913207192811091
                },
                "metadata": {
                    "trials": 1
                }
            },
            {
                "query": {
                    "x1": -0.5482286002108779,
                    "x2": -1.5461363388511336
                },
                "metrics": {
                    "outcome": -1.91321857702947
                },
                "metadata": {
                    "trials": 1
                }
            },
            {
                "query": {
                    "x1": -0.5512890807641303,
                    "x2": -1.5507864466610595
                },
                "metrics": {
                    "outcome": -1.9131971972650637
                },
                "metadata": {
                    "trials": 1
                }
            },
            {
                "query": {
                    "x1": -0.5432644879765572,
                    "x2": -1.5422120250446456
                },
                "metrics": {
                    "outcome": -1.9131873460493654
                },
                "metadata": {
                    "trials": 1
                }
            },
            {
                "query": {
                    "x1": -0.5485257492410333,
                    "x2": -1.5496825454822232
                },
                "metrics": {
                    "outcome": -1.9132153252382063
                },
                "metadata": {
                    "trials": 1
                }
            },
            {
                "query": {
                    "x1": -0.5536734891714588,
                    "x2": -1.5527961936315269
                },
                "metrics": {
                    "outcome": -1.9131592015011902
                },
                "metadata": {
                    "trials": 1
                }
            }
        ],
        [
            {
                "query": {
                    "x1": -0.5457336991631551,
                    "x2": -1.5432918781020621
                },
                "metrics": {
                    "outcome": -1.913204495084205
                },
                "metadata": {
                    "trials": 1
                }
            },
            {
                "query": {
                    "x1": -0.5480398441780072,
                    "x2": -1.5454828446504298
                },
                "metrics": {
                    "outcome": -1.913216087110822
                },
                "metadata": {
                    "trials": 1
                }
            },
            {
                "query": {
                    "x1": -0.5513953275207916,
                    "x2": -1.5510920991103911
                },
                "metrics": {
                    "outcome": -1.9131945512042305
                },
                "metadata": {
                    "trials": 1
                }
            },
            {
                "query": {
                    "x1": -0.549157734673983,
                    "x2": -1.5487624491528789
                },
                "metrics": {
                    "outcome": -1.9132174216841902
                },
                "metadata": {
                    "trials": 1
                }
            },
            {
                "query": {
                    "x1": -0.5434898039680129,
                    "x2": -1.5413412658621148
                },
                "metrics": {
                    "outcome": -1.9131786581817587
                },
                "metadata": {
                    "trials": 1
                }
            },
            {
                "query": {
                    "x1": -0.5464845347826278,
                    "x2": -1.5485807590667489
                },
                "metrics": {
                    "outcome": -1.9132183663593718
                },
                "metadata": {
                    "trials": 1
                }
            }
        ],
        [
            {
                "query": {
                    "x1": -0.5519889331993483,
                    "x2": -1.5517934071221129
                },
                "metrics": {
                    "outcome": -1.9131848287828404
                },
                "metadata": {
                    "trials": 1
                }
            },
            {
                "query": {
                    "x1": -0.5458346467505182,
                    "x2": -1.5433026320990682
                },
                "metrics": {
                    "outcome": -1.9132045612879676
                },
                "metadata": {
                    "trials": 1
                }
            },
            {
                "query": {
                    "x1": -0.549449218181844,
                    "x2": -1.5500276983376413
                },
                "metrics": {
                    "outcome": -1.9132114488207157
                },
                "metadata": {
                    "trials": 1
                }
            },
            {
                "query": {
                    "x1": -0.5481528675032912,
                    "x2": -1.5454827221378413
                },
                "metrics": {
                    "outcome": -1.9132155754807219
                },
                "metadata": {
                    "trials": 1
                }
            },
            {
                "query": {
                    "x1": -0.5545108907504362,
                    "x2": -1.5532804066601547
                },
                "metrics": {
                    "outcome": -1.913143934776964
                },
                "metadata": {
                    "trials": 1
                }
            },
            {
                "query": {
                    "x1": -0.5457864595822481,
                    "x2": -1.547499862581552
                },
                "metrics": {
                    "outcome": -1.913219486774616
                },
                "metadata": {
                    "trials": 1
                }
            }
        ],
        [
            {
                "query": {
                    "x1": -0.5455125485287841,
                    "x2": -1.5428698798436484
                },
                "metrics": {
                    "outcome": -1.913200298833177
                },
                "metadata": {
                    "trials": 1
                }
            },
            {
                "query": {
                    "x1": -0.5479916402109464,
                    "x2": -1.5445831231823335
                },
                "metrics": {
                    "outcome": -1.9132099016447928
                },
                "metadata": {
                    "trials": 1
                }
            },
            {
                "query": {
                    "x1": -0.5516601869228253,
                    "x2": -1.5516030597360244
                },
                "metrics": {
                    "outcome": -1.9131889562158744
                },
                "metadata": {
                    "trials": 1
                }
            },
            {
                "query": {
                    "x1": -0.5427774843764037,
                    "x2": -1.5428006554521505
                },
                "metrics": {
                    "outcome": -1.9131892356437379
                },
                "metadata": {
                    "trials": 1
                }
            },
            {
                "query": {
                    "x1": -0.5451374725902379,
                    "x2": -1.5464113930012846
                },
                "metrics": {
                    "outcome": -1.9132178223251484
                },
                "metadata": {
                    "trials": 1
                }
            },
            {
                "query": {
                    "x1": -0.5489571179815396,
                    "x2": -1.5504392600465398
                },
                "metrics": {
                    "outcome": -1.9132099378412266
                },
                "metadata": {
                    "trials": 1
                }
            }
        ],
        [
            {
                "query": {
                    "x1": -0.5458139598929456,
                    "x2": -1.5428877965345362
                },
                "metrics": {
                    "outcome": -1.9132003414529595
                },
                "metadata": {
                    "trials": 1
                }
            },
            {
                "query": {
                    "x1": -0.5520165453932683,
                    "x2": -1.5518598644549297
                },
                "metrics": {
                    "outcome": -1.9131840759908316
                },
                "metadata": {
                    "trials": 1
                }
            },
            {
                "query": {
                    "x1": -0.5482253527246078,
                    "x2": -1.5446259725317555
                },
                "metrics": {
                    "outcome": -1.913208967160278
                },
                "metadata": {
                    "trials": 1
                }
            },
            {
                "query": {
                    "x1": -0.5492272830676512,
                    "x2": -1.5513590624248497
                },
                "metrics": {
                    "outcome": -1.9132018323048863
                },
                "metadata": {
                    "trials": 1
                }
            },
            {
                "query": {
                    "x1": -0.5431166430970605,
                    "x2": -1.5426046537131033
                },
                "metrics": {
                    "outcome": -1.9131900610025308
                },
                "metadata": {
                    "trials": 1
                }
            },
            {
                "query": {
                    "x1": -0.5508731101519965,
                    "x2": -1.5485553888209522
                },
                "metrics": {
                    "outcome": -1.913206623386876
                },
                "metadata": {
                    "trials": 1
                }
            }
        ],
        [
            {
                "query": {
                    "x1": -0.5457795221908187,
                    "x2": -1.542885359287898
                },
                "metrics": {
                    "outcome": -1.9132003450025246
                },
                "metadata": {
                    "trials": 1
                }
            },
            {
                "query": {
                    "x1": -0.5519596814954689,
                    "x2": -1.5519492913224933
                },
                "metrics": {
                    "outcome": -1.9131838333347257
                },
                "metadata": {
                    "trials": 1
                }
            },
            {
                "query": {
                    "x1": -0.549149837557088,
                    "x2": -1.5517019253179958
                },
                "metrics": {
                    "outcome": -1.9131984126877661
                },
                "metadata": {
                    "trials": 1
                }
            },
            {
                "query": {
                    "x1": -0.54651149444016,
                    "x2": -1.5505241866621304
                },
                "metrics": {
                    "outcome": -1.913203835569664
                },
                "metadata": {
                    "trials": 1
                }
            },
            {
                "query": {
                    "x1": -0.5482290450624994,
                    "x2": -1.5444290341251579
                },
                "metrics": {
                    "outcome": -1.9132072079540796
                },
                "metadata": {
                    "trials": 1
                }
            },
            {
                "query": {
                    "x1": -0.5443431011535322,
                    "x2": -1.545926234408966
                },
                "metrics": {
                    "outcome": -1.913213072106807
                },
                "metadata": {
                    "trials": 1
                }
            }
        ],
        [
            {
                "query": {
                    "x1": -0.5458847378450842,
                    "x2": -1.542751596709832
                },
                "metrics": {
                    "outcome": -1.9131987623558695
                },
                "metadata": {
                    "trials": 1
                }
            },
            {
                "query": {
                    "x1": -0.5523932482323737,
                    "x2": -1.5517796846175842
                },
                "metrics": {
                    "outcome": -1.9131812581530503
                },
                "metadata": {
                    "trials": 1
                }
            },
            {
                "query": {
                    "x1": -0.5483289426093888,
                    "x2": -1.5442395127356872
                },
                "metrics": {
                    "outcome": -1.9132047862295827
                },
                "metadata": {
                    "trials": 1
                }
            },
            {
                "query": {
                    "x1": -0.5496340910146464,
                    "x2": -1.5517123062430747
                },
                "metrics": {
                    "outcome": -1.9131977406871332
                },
                "metadata": {
                    "trials": 1
                }
            },
            {
                "query": {
                    "x1": -0.5432411492877798,
                    "x2": -1.5428909233418866
                },
                "metrics": {
                    "outcome": -1.9131932203817605
                },
                "metadata": {
                    "trials": 1
                }
            },
            {
                "query": {
                    "x1": -0.5511111039136897,
                    "x2": -1.5486963356212486
                },
                "metrics": {
                    "outcome": -1.9132044527068226
                },
                "metadata": {
                    "trials": 1
                }
            }
        ],
        [
            {
                "query": {
                    "x1": -0.545807060426275,
                    "x2": -1.542788068484516
                },
                "metrics": {
                    "outcome": -1.9131992580363475
                },
                "metadata": {
                    "trials": 1
                }
            },
            {
                "query": {
                    "x1": -0.5522623615111347,
                    "x2": -1.5518012463703925
                },
                "metrics": {
                    "outcome": -1.9131823399598202
                },
                "metadata": {
                    "trials": 1
                }
            },
            {
                "query": {
                    "x1": -0.5494670071077218,
                    "x2": -1.5518699718568216
                },
                "metrics": {
                    "outcome": -1.9131963419717044
                },
                "metadata": {
                    "trials": 1
                }
            },
            {
                "query": {
                    "x1": -0.5482599001369659,
                    "x2": -1.5441245188615087
                },
                "metrics": {
                    "outcome": -1.9132041023215138
                },
                "metadata": {
                    "trials": 1
                }
            },
            {
                "query": {
                    "x1": -0.5465154075560849,
                    "x2": -1.550884456681531
                },
                "metrics": {
                    "outcome": -1.913199959158677
                },
                "metadata": {
                    "trials": 1
                }
            },
            {
                "query": {
                    "x1": -0.5435415930447927,
                    "x2": -1.5445740322384256
                },
                "metrics": {
                    "outcome": -1.9132047939877705
                },
                "metadata": {
                    "trials": 1
                }
            }
        ],
        [
            {
                "query": {
                    "x1": -0.5459603161364033,
                    "x2": -1.5427646781796138
                },
                "metrics": {
                    "outcome": -1.9131988063124288
                },
                "metadata": {
                    "trials": 1
                }
            },
            {
                "query": {
                    "x1": -0.5525385614840992,
                    "x2": -1.5515570886382966
                },
                "metrics": {
                    "outcome": -1.913181321313802
                },
                "metadata": {
                    "trials": 1
                }
            },
            {
                "query": {
                    "x1": -0.5483882707509183,
                    "x2": -1.5441049421698236
                },
                "metrics": {
                    "outcome": -1.9132030412180558
                },
                "metadata": {
                    "trials": 1
                }
            },
            {
                "query": {
                    "x1": -0.5498327584397315,
                    "x2": -1.5518252941642585
                },
                "metrics": {
                    "outcome": -1.9131961751966893
                },
                "metadata": {
                    "trials": 1
                }
            },
            {
                "query": {
                    "x1": -0.5434458216777113,
                    "x2": -1.5436619285882838
                },
                "metrics": {
                    "outcome": -1.9131998807743318
                },
                "metadata": {
                    "trials": 1
                }
            },
            {
                "query": {
                    "x1": -0.5453741073746797,
                    "x2": -1.550016966881442
                },
                "metrics": {
                    "outcome": -1.913200969387744
                },
                "metadata": {
                    "trials": 1
                }
            }
        ],
        [
            {
                "query": {
                    "x1": -0.5462909516773133,
                    "x2": -1.5429967362725951
                },
                "metrics": {
                    "outcome": -1.9132007966161684
                },
                "metadata": {
                    "trials": 1
                }
            },
            {
                "query": {
                    "x1": -0.5525128526722324,
                    "x2": -1.5510370857286162
                },
                "metrics": {
                    "outcome": -1.913184550048617
                },
                "metadata": {
                    "trials": 1
                }
            },
            {
                "query": {
                    "x1": -0.5486862742008217,
                    "x2": -1.5443980664396835
                },
                "metrics": {
                    "outcome": -1.9132038221101197
                },
                "metadata": {
                    "trials": 1
                }
            },
            {
                "query": {
                    "x1": -0.5448516268277921,
                    "x2": -1.5494807651936002
                },
                "metrics": {
                    "outcome": -1.9132015243561442
                },
                "metadata": {
                    "trials": 1
                }
            },
            {
                "query": {
                    "x1": -0.5437590994741885,
                    "x2": -1.5437294304648437
                },
                "metrics": {
                    "outcome": -1.9132022717012664
                },
                "metadata": {
                    "trials": 1
                }
            },
            {
                "query": {
                    "x1": -0.5512743469894972,
                    "x2": -1.5480057569664594
                },
                "metrics": {
                    "outcome": -1.9132019479490205
                },
                "metadata": {
                    "trials": 1
                }
            }
        ],
        [
            {
                "query": {
                    "x1": -0.5524355185164693,
                    "x2": -1.5513030599187547
                },
                "metrics": {
                    "outcome": -1.9131839385228173
                },
                "metadata": {
                    "trials": 1
                }
            },
            {
                "query": {
                    "x1": -0.545083304199889,
                    "x2": -1.5499496054804995
                },
                "metrics": {
                    "outcome": -1.9131990979657503
                },
                "metadata": {
                    "trials": 1
                }
            },
            {
                "query": {
                    "x1": -0.5461807822714301,
                    "x2": -1.542988291721453
                },
                "metrics": {
                    "outcome": -1.9132009249465431
                },
                "metadata": {
                    "trials": 1
                }
            },
            {
                "query": {
                    "x1": -0.5475894262079306,
                    "x2": -1.5515196733027208
                },
                "metrics": {
                    "outcome": -1.9131978945779062
                },
                "metadata": {
                    "trials": 1
                }
            },
            {
                "query": {
                    "x1": -0.5434249615481394,
                    "x2": -1.547200249248991
                },
                "metrics": {
                    "outcome": -1.9132025437139637
                },
                "metadata": {
                    "trials": 1
                }
            },
            {
                "query": {
                    "x1": -0.548571152297745,
                    "x2": -1.5443121134075326
                },
                "metrics": {
                    "outcome": -1.9132038255654398
                },
                "metadata": {
                    "trials": 1
                }
            }
        ],
        [
            {
                "query": {
                    "x1": -0.5526241718417761,
                    "x2": -1.5511455664342908
                },
                "metrics": {
                    "outcome": -1.9131827828412362
                },
                "metadata": {
                    "trials": 1
                }
            },
            {
                "query": {
                    "x1": -0.5463061228287281,
                    "x2": -1.5429409710439963
                },
                "metrics": {
                    "outcome": -1.9132001436914443
                },
                "metadata": {
                    "trials": 1
                }
            },
            {
                "query": {
                    "x1": -0.54866396666672,
                    "x2": -1.5443173710514968
                },
                "metrics": {
                    "outcome": -1.913203196376542
                },
                "metadata": {
                    "trials": 1
                }
            },
            {
                "query": {
                    "x1": -0.5514377403313147,
                    "x2": -1.548179748852241
                },
                "metrics": {
                    "outcome": -1.9132005426730805
                },
                "metadata": {
                    "trials": 1
                }
            },
            {
                "query": {
                    "x1": -0.5501148116123575,
                    "x2": -1.5514014386361978
                },
                "metrics": {
                    "outcome": -1.9131993713604052
                },
                "metadata": {
                    "trials": 1
                }
            },
            {
                "query": {
                    "x1": -0.5450408463673608,
                    "x2": -1.5497669028089358
                },
                "metrics": {
                    "outcome": -1.9132005456451409
                },
                "metadata": {
                    "trials": 1
                }
            }
        ]
    ],
    "best_results": [
        {
            "query": {
                "x1": -0.5473918269909378,
                "x2": -1.547007928536017
            },
            "metrics": [
                {
                    "name": "outcome",
                    "value": -1.913222807593637
                }
            ]
        }
    ]
}