{
    "date": "26/10/2022 19:14:55",
    "basic_params": {
        "active_variables": [
            "x1",
            "x2"
        ],
        "default_query": {},
        "metric": "basic",
        "n_trials": 1
    },
    "objective_function": {
        "name": "Gramacy2D",
        "params": {}
    },
    "optimizer": {
        "name": "BBO-LP",
        "params": {
            "lower_bound": [
                -2.0,
                -2.0
            ],
            "upper_bound": [
                6.0,
                6.0
            ],
            "invert_metric": false,
            "bopt_params": {
                "n_init_samples": 15,
                "n_iterations": 45,
                "verbose_level": 1,
                "n_parallel_samples": 3,
                "par_type": "PAR_BBO",
                "crit_name": "cLP(cLCB)",
                "n_crit_params": 4,
                "crit_params": [
                    3,
                    1,
                    1.0
                ]
            }
        }
    },
    "iterations": [
        [
            {
                "query": {
                    "x1": 2.143955441564321,
                    "x2": 5.564553822204471
                },
                "metrics": {
                    "outcome": 7.7153339633939965e-16
                },
                "metadata": {
                    "trials": 1
                }
            }
        ],
        [
            {
                "query": {
                    "x1": 3.962069811051091,
                    "x2": 1.028506579870979
                },
                "metrics": {
                    "outcome": 2.0939228046576395e-07
                },
                "metadata": {
                    "trials": 1
                }
            }
        ],
        [
            {
                "query": {
                    "x1": 5.992975559830666,
                    "x2": 2.2487897003690405
                },
                "metrics": {
                    "outcome": 9.62446736583087e-18
                },
                "metadata": {
                    "trials": 1
                }
            }
        ],
        [
            {
                "query": {
                    "x1": -0.7912206611285606,
                    "x2": 4.044739230101308
                },
                "metrics": {
                    "outcome": -3.321966027044442e-08
                },
                "metadata": {
                    "trials": 1
                }
            }
        ],
        [
            {
                "query": {
                    "x1": -1.2986879178633293,
                    "x2": 4.663124711687366
                },
                "metrics": {
                    "outcome": -8.657864503336357e-11
                },
                "metadata": {
                    "trials": 1
                }
            }
        ],
        [
            {
                "query": {
                    "x1": 0.06682968611518536,
                    "x2": -0.2922853755454222
                },
                "metrics": {
                    "outcome": 0.06108402876763179
                },
                "metadata": {
                    "trials": 1
                }
            }
        ],
        [
            {
                "query": {
                    "x1": 3.648216713716587,
                    "x2": -1.821351513514916
                },
                "metrics": {
                    "outcome": 2.1935639632389894e-07
                },
                "metadata": {
                    "trials": 1
                }
            }
        ],
        [
            {
                "query": {
                    "x1": 2.702665708462397,
                    "x2": 5.182051433126132
                },
                "metrics": {
                    "outcome": 3.95490267580286e-15
                },
                "metadata": {
                    "trials": 1
                }
            }
        ],
        [
            {
                "query": {
                    "x1": 1.069339692716797,
                    "x2": -0.7991695828735828
                },
                "metrics": {
                    "outcome": 0.17994247684724304
                },
                "metadata": {
                    "trials": 1
                }
            }
        ],
        [
            {
                "query": {
                    "x1": 1.3478583261370658,
                    "x2": 3.3253342757622404
                },
                "metrics": {
                    "outcome": 3.4537387942383648e-06
                },
                "metadata": {
                    "trials": 1
                }
            }
        ],
        [
            {
                "query": {
                    "x1": 0.25026053438583995,
                    "x2": 3.723906533916791
                },
                "metrics": {
                    "outcome": 2.2316309286838695e-07
                },
                "metadata": {
                    "trials": 1
                }
            }
        ],
        [
            {
                "query": {
                    "x1": 3.0514099176973106,
                    "x2": -0.9727691187212864
                },
                "metrics": {
                    "outcome": 0.000107096689403289
                },
                "metadata": {
                    "trials": 1
                }
            }
        ],
        [
            {
                "query": {
                    "x1": 5.383129965762297,
                    "x2": 0.4405755252887804
                },
                "metrics": {
                    "outcome": 1.152687390178147e-12
                },
                "metadata": {
                    "trials": 1
                }
            }
        ],
        [
            {
                "query": {
                    "x1": -1.6844012958308061,
                    "x2": 2.3942429903894666
                },
                "metrics": {
                    "outcome": -0.00031967777078221343
                },
                "metadata": {
                    "trials": 1
                }
            }
        ],
        [
            {
                "query": {
                    "x1": 4.605071968957782,
                    "x2": 1.2958684014777342
                },
                "metrics": {
                    "outcome": 5.296501322431348e-10
                },
                "metadata": {
                    "trials": 1
                }
            }
        ],
        [
            {
                "query": {
                    "x1": -1.9999999999997,
                    "x2": -2.0
                },
                "metrics": {
                    "outcome": -0.0006709252558057281
                },
                "metadata": {
                    "trials": 1
                }
            },
            {
                "query": {
                    "x1": 5.9999999999994,
                    "x2": 6.0
                },
                "metrics": {
                    "outcome": 3.228111696035618e-31
                },
                "metadata": {
                    "trials": 1
                }
            },
            {
                "query": {
                    "x1": -2.0,
                    "x2": 5.9999999999999405
                },
                "metrics": {
                    "outcome": -8.496708510589216e-18
                },
                "metadata": {
                    "trials": 1
                }
            }
        ],
        [
            {
                "query": {
                    "x1": 4.789595104884629,
                    "x2": 6.0
                },
                "metrics": {
                    "outcome": 1.2102802383252046e-25
                },
                "metadata": {
                    "trials": 1
                }
            },
            {
                "query": {
                    "x1": -1.2560734570942598,
                    "x2": -0.3541153193661486
                },
                "metrics": {
                    "outcome": -0.22874952810833277
                },
                "metadata": {
                    "trials": 1
                }
            },
            {
                "query": {
                    "x1": 6.0,
                    "x2": -2.0
                },
                "metrics": {
                    "outcome": 2.5490125531749533e-17
                },
                "metadata": {
                    "trials": 1
                }
            }
        ],
        [
            {
                "query": {
                    "x1": -1.1734036440289022,
                    "x2": -1.0757457778437574
                },
                "metrics": {
                    "outcome": -0.09308925942727182
                },
                "metadata": {
                    "trials": 1
                }
            },
            {
                "query": {
                    "x1": -1.2035248641926484,
                    "x2": -0.07514550909301598
                },
                "metrics": {
                    "outcome": -0.28115074108628973
                },
                "metadata": {
                    "trials": 1
                }
            },
            {
                "query": {
                    "x1": -1.12385472113045,
                    "x2": -2.0
                },
                "metrics": {
                    "outcome": -0.005820989917686422
                },
                "metadata": {
                    "trials": 1
                }
            }
        ],
        [
            {
                "query": {
                    "x1": -1.0584406238233126,
                    "x2": 0.8880421107414422
                },
                "metrics": {
                    "outcome": -0.15690439169445994
                },
                "metadata": {
                    "trials": 1
                }
            },
            {
                "query": {
                    "x1": -1.0296590377498593,
                    "x2": 1.1362152736798223
                },
                "metrics": {
                    "outcome": -0.09808163213919574
                },
                "metadata": {
                    "trials": 1
                }
            },
            {
                "query": {
                    "x1": -1.0859660488744693,
                    "x2": 0.6419046505196886
                },
                "metrics": {
                    "outcome": -0.22115446583263984
                },
                "metadata": {
                    "trials": 1
                }
            }
        ],
        [
            {
                "query": {
                    "x1": -0.22789990368187474,
                    "x2": 6.0
                },
                "metrics": {
                    "outcome": -5.018642352599379e-17
                },
                "metadata": {
                    "trials": 1
                }
            },
            {
                "query": {
                    "x1": 0.3139283532773245,
                    "x2": 6.0
                },
                "metrics": {
                    "outcome": 6.598254052404772e-17
                },
                "metadata": {
                    "trials": 1
                }
            },
            {
                "query": {
                    "x1": -0.7436681312592377,
                    "x2": 5.9999999999994635
                },
                "metrics": {
                    "outcome": -9.921894567174117e-17
                },
                "metadata": {
                    "trials": 1
                }
            }
        ],
        [
            {
                "query": {
                    "x1": -1.425714919782882,
                    "x2": 0.2763434993655949
                },
                "metrics": {
                    "outcome": -0.17301873836044757
                },
                "metadata": {
                    "trials": 1
                }
            },
            {
                "query": {
                    "x1": -1.5587606582836722,
                    "x2": 0.6560254530413161
                },
                "metrics": {
                    "outcome": -0.0892589905314129
                },
                "metadata": {
                    "trials": 1
                }
            },
            {
                "query": {
                    "x1": -1.3422672253391863,
                    "x2": -0.10772972041243745
                },
                "metrics": {
                    "outcome": -0.21894672284124853
                },
                "metadata": {
                    "trials": 1
                }
            }
        ],
        [
            {
                "query": {
                    "x1": -1.0489276648662718,
                    "x2": 0.00634567156188659
                },
                "metrics": {
                    "outcome": -0.3490566172328008
                },
                "metadata": {
                    "trials": 1
                }
            },
            {
                "query": {
                    "x1": -1.0277370422812184,
                    "x2": -0.2259520164548341
                },
                "metrics": {
                    "outcome": -0.3396164443712619
                },
                "metadata": {
                    "trials": 1
                }
            },
            {
                "query": {
                    "x1": -1.060953801746079,
                    "x2": 0.23858862939922254
                },
                "metrics": {
                    "outcome": -0.3251790949601667
                },
                "metadata": {
                    "trials": 1
                }
            }
        ],
        [
            {
                "query": {
                    "x1": -0.8562792506309596,
                    "x2": -0.11149183697406317
                },
                "metrics": {
                    "outcome": -0.40624318801521286
                },
                "metadata": {
                    "trials": 1
                }
            },
            {
                "query": {
                    "x1": -0.8274415605292411,
                    "x2": -0.2982996544620504
                },
                "metrics": {
                    "outcome": -0.3817234002044275
                },
                "metadata": {
                    "trials": 1
                }
            },
            {
                "query": {
                    "x1": -0.8746475718789366,
                    "x2": 0.07380562157103743
                },
                "metrics": {
                    "outcome": -0.40478877403319236
                },
                "metadata": {
                    "trials": 1
                }
            }
        ],
        [
            {
                "query": {
                    "x1": -0.7682219976755025,
                    "x2": -0.03046601389220771
                },
                "metrics": {
                    "outcome": -0.4253811264289678
                },
                "metadata": {
                    "trials": 1
                }
            },
            {
                "query": {
                    "x1": -0.76615968031572,
                    "x2": -0.16942684282321552
                },
                "metrics": {
                    "outcome": -0.41392487547226636
                },
                "metadata": {
                    "trials": 1
                }
            },
            {
                "query": {
                    "x1": -0.7638912612386177,
                    "x2": 0.1078882075497809
                },
                "metrics": {
                    "outcome": -0.42126231956207866
                },
                "metadata": {
                    "trials": 1
                }
            }
        ],
        [
            {
                "query": {
                    "x1": -0.7275974443461879,
                    "x2": 0.01856829607524757
                },
                "metrics": {
                    "outcome": -0.4283776265299881
                },
                "metadata": {
                    "trials": 1
                }
            },
            {
                "query": {
                    "x1": -0.7317971981008378,
                    "x2": -0.09752394688159916
                },
                "metrics": {
                    "outcome": -0.4243104430971448
                },
                "metadata": {
                    "trials": 1
                }
            },
            {
                "query": {
                    "x1": -0.7193481546204135,
                    "x2": 0.13430937009133093
                },
                "metrics": {
                    "outcome": -0.42108919956299323
                },
                "metadata": {
                    "trials": 1
                }
            }
        ],
        [
            {
                "query": {
                    "x1": -0.7167644200117818,
                    "x2": 0.023068934797608964
                },
                "metrics": {
                    "outcome": -0.42857416930559766
                },
                "metadata": {
                    "trials": 1
                }
            },
            {
                "query": {
                    "x1": -0.7207600934086156,
                    "x2": -0.07449334747205194
                },
                "metrics": {
                    "outcome": -0.4263505816270452
                },
                "metadata": {
                    "trials": 1
                }
            },
            {
                "query": {
                    "x1": -0.7100067605801872,
                    "x2": 0.12041193255234939
                },
                "metrics": {
                    "outcome": -0.4227013318413043
                },
                "metadata": {
                    "trials": 1
                }
            }
        ],
        [
            {
                "query": {
                    "x1": -0.7124909235295249,
                    "x2": 0.021311030868281566
                },
                "metrics": {
                    "outcome": -0.4286624146906431
                },
                "metadata": {
                    "trials": 1
                }
            },
            {
                "query": {
                    "x1": -0.7159040298153752,
                    "x2": -0.06557549876979607
                },
                "metrics": {
                    "outcome": -0.4269758248977869
                },
                "metadata": {
                    "trials": 1
                }
            },
            {
                "query": {
                    "x1": -0.70691797423274,
                    "x2": 0.10804216597602734
                },
                "metrics": {
                    "outcome": -0.4239046330031932
                },
                "metadata": {
                    "trials": 1
                }
            }
        ],
        [
            {
                "query": {
                    "x1": -0.7100258317626023,
                    "x2": 0.01917505126611241
                },
                "metrics": {
                    "outcome": -0.4287169829321688
                },
                "metadata": {
                    "trials": 1
                }
            },
            {
                "query": {
                    "x1": -0.7130166778556721,
                    "x2": -0.06108298004858459
                },
                "metrics": {
                    "outcome": -0.4272549458297638
                },
                "metadata": {
                    "trials": 1
                }
            },
            {
                "query": {
                    "x1": -0.7052191914444794,
                    "x2": 0.09931206352324784
                },
                "metrics": {
                    "outcome": -0.4246696915497779
                },
                "metadata": {
                    "trials": 1
                }
            }
        ],
        [
            {
                "query": {
                    "x1": -0.7083648020484532,
                    "x2": 0.017244937192782306
                },
                "metrics": {
                    "outcome": -0.428753060859256
                },
                "metadata": {
                    "trials": 1
                }
            },
            {
                "query": {
                    "x1": -0.711044680964215,
                    "x2": -0.05835050711525014
                },
                "metrics": {
                    "outcome": -0.42741094472606894
                },
                "metadata": {
                    "trials": 1
                }
            },
            {
                "query": {
                    "x1": -0.7040979000732817,
                    "x2": 0.09274324317832683
                },
                "metrics": {
                    "outcome": -0.42520110576941283
                },
                "metadata": {
                    "trials": 1
                }
            }
        ],
        [
            {
                "query": {
                    "x1": -0.7071464037504283,
                    "x2": 0.015582367189479918
                },
                "metrics": {
                    "outcome": -0.42877781687961186
                },
                "metadata": {
                    "trials": 1
                }
            },
            {
                "query": {
                    "x1": -0.7102992899801241,
                    "x2": -0.056780382879981106
                },
                "metrics": {
                    "outcome": -0.42749274743619453
                },
                "metadata": {
                    "trials": 1
                }
            },
            {
                "query": {
                    "x1": -0.7032760924497896,
                    "x2": 0.087560426097816
                },
                "metrics": {
                    "outcome": -0.42559383773550774
                },
                "metadata": {
                    "trials": 1
                }
            }
        ],
        [
            {
                "query": {
                    "x1": -0.7062168639591397,
                    "x2": 0.014167193703090941
                },
                "metrics": {
                    "outcome": -0.4287951910339863
                },
                "metadata": {
                    "trials": 1
                }
            },
            {
                "query": {
                    "x1": -0.707716828435524,
                    "x2": -0.05541761688909763
                },
                "metrics": {
                    "outcome": -0.42756650021560344
                },
                "metadata": {
                    "trials": 1
                }
            },
            {
                "query": {
                    "x1": -0.7026552258359982,
                    "x2": 0.08334903033099339
                },
                "metrics": {
                    "outcome": -0.4258958835526893
                },
                "metadata": {
                    "trials": 1
                }
            }
        ],
        [
            {
                "query": {
                    "x1": -0.7054433775809941,
                    "x2": 0.012938616294702943
                },
                "metrics": {
                    "outcome": -0.42880777549399285
                },
                "metadata": {
                    "trials": 1
                }
            },
            {
                "query": {
                    "x1": -0.7075545165066437,
                    "x2": -0.053978057125273926
                },
                "metrics": {
                    "outcome": -0.42763398616516846
                },
                "metadata": {
                    "trials": 1
                }
            },
            {
                "query": {
                    "x1": -0.7021282727550695,
                    "x2": 0.0797960703152758
                },
                "metrics": {
                    "outcome": -0.426138575432983
                },
                "metadata": {
                    "trials": 1
                }
            }
        ],
        [
            {
                "query": {
                    "x1": -0.7048153772711205,
                    "x2": 0.011882457969838
                },
                "metrics": {
                    "outcome": -0.42881688377653293
                },
                "metadata": {
                    "trials": 1
                }
            },
            {
                "query": {
                    "x1": -0.7068040861066496,
                    "x2": -0.05306620218520952
                },
                "metrics": {
                    "outcome": -0.4276758221096088
                },
                "metadata": {
                    "trials": 1
                }
            },
            {
                "query": {
                    "x1": -0.7016998792530094,
                    "x2": 0.07677952984952174
                },
                "metrics": {
                    "outcome": -0.42633608767815084
                },
                "metadata": {
                    "trials": 1
                }
            }
        ],
        [
            {
                "query": {
                    "x1": -0.7042836549617646,
                    "x2": 0.010965062820968097
                },
                "metrics": {
                    "outcome": -0.4288235353262315
                },
                "metadata": {
                    "trials": 1
                }
            },
            {
                "query": {
                    "x1": -0.7061715875371923,
                    "x2": -0.0522868902772291
                },
                "metrics": {
                    "outcome": -0.4277102669027148
                },
                "metadata": {
                    "trials": 1
                }
            },
            {
                "query": {
                    "x1": -0.7013412060931083,
                    "x2": 0.07417137397587181
                },
                "metrics": {
                    "outcome": -0.42650053889634526
                },
                "metadata": {
                    "trials": 1
                }
            }
        ],
        [
            {
                "query": {
                    "x1": -0.7038287347045893,
                    "x2": 0.010154866028857956
                },
                "metrics": {
                    "outcome": -0.4288284874758718
                },
                "metadata": {
                    "trials": 1
                }
            },
            {
                "query": {
                    "x1": -0.7056294406252219,
                    "x2": -0.0516078877475179
                },
                "metrics": {
                    "outcome": -0.42773932081436217
                },
                "metadata": {
                    "trials": 1
                }
            },
            {
                "query": {
                    "x1": -0.7010259494733702,
                    "x2": 0.07187747855352233
                },
                "metrics": {
                    "outcome": -0.4266402491973098
                },
                "metadata": {
                    "trials": 1
                }
            }
        ],
        [
            {
                "query": {
                    "x1": -0.7034319292287092,
                    "x2": 0.009442603331183186
                },
                "metrics": {
                    "outcome": -0.4288321012304241
                },
                "metadata": {
                    "trials": 1
                }
            },
            {
                "query": {
                    "x1": -0.7007534890067488,
                    "x2": 0.06984815383015963
                },
                "metrics": {
                    "outcome": -0.426760067309183
                },
                "metadata": {
                    "trials": 1
                }
            },
            {
                "query": {
                    "x1": -0.7051595409553277,
                    "x2": -0.050998866808418475
                },
                "metrics": {
                    "outcome": -0.42776467252556455
                },
                "metadata": {
                    "trials": 1
                }
            }
        ],
        [
            {
                "query": {
                    "x1": -0.7030806829629044,
                    "x2": 0.008804991209039326
                },
                "metrics": {
                    "outcome": -0.4288347643748321
                },
                "metadata": {
                    "trials": 1
                }
            },
            {
                "query": {
                    "x1": -0.7005307210818528,
                    "x2": 0.06803701582639032
                },
                "metrics": {
                    "outcome": -0.4268641847135375
                },
                "metadata": {
                    "trials": 1
                }
            },
            {
                "query": {
                    "x1": -0.7047461934733561,
                    "x2": -0.05045151434610884
                },
                "metrics": {
                    "outcome": -0.42778690078163484
                },
                "metadata": {
                    "trials": 1
                }
            }
        ],
        [
            {
                "query": {
                    "x1": -0.7027711138550274,
                    "x2": 0.008235170241370326
                },
                "metrics": {
                    "outcome": -0.4288367015756494
                },
                "metadata": {
                    "trials": 1
                }
            },
            {
                "query": {
                    "x1": -0.7043798902835043,
                    "x2": -0.04994917296982582
                },
                "metrics": {
                    "outcome": -0.42780687956388885
                },
                "metadata": {
                    "trials": 1
                }
            },
            {
                "query": {
                    "x1": -0.7002971027688729,
                    "x2": 0.06639042262940276
                },
                "metrics": {
                    "outcome": -0.4269559973265221
                },
                "metadata": {
                    "trials": 1
                }
            }
        ],
        [
            {
                "query": {
                    "x1": -0.7024930937104821,
                    "x2": 0.007725837476141972
                },
                "metrics": {
                    "outcome": -0.42883804701511075
                },
                "metadata": {
                    "trials": 1
                }
            },
            {
                "query": {
                    "x1": -0.7001019668445987,
                    "x2": 0.0649051450064273
                },
                "metrics": {
                    "outcome": -0.427036952598631
                },
                "metadata": {
                    "trials": 1
                }
            },
            {
                "query": {
                    "x1": -0.7040509775562276,
                    "x2": -0.049480145044148216
                },
                "metrics": {
                    "outcome": -0.42782520006083335
                },
                "metadata": {
                    "trials": 1
                }
            }
        ],
        [
            {
                "query": {
                    "x1": -0.7022421474813578,
                    "x2": 0.007263465078106712
                },
                "metrics": {
                    "outcome": -0.428838972229482
                },
                "metadata": {
                    "trials": 1
                }
            },
            {
                "query": {
                    "x1": -0.7037565254365377,
                    "x2": -0.049046171976834696
                },
                "metrics": {
                    "outcome": -0.42784187556738457
                },
                "metadata": {
                    "trials": 1
                }
            },
            {
                "query": {
                    "x1": -0.6999263633053949,
                    "x2": 0.06354923098041088
                },
                "metrics": {
                    "outcome": -0.4271091987979605
                },
                "metadata": {
                    "trials": 1
                }
            }
        ],
        [
            {
                "query": {
                    "x1": -0.7020141232911512,
                    "x2": 0.0068418112171722
                },
                "metrics": {
                    "outcome": -0.4288395685026027
                },
                "metadata": {
                    "trials": 1
                }
            },
            {
                "query": {
                    "x1": -0.6997657731003482,
                    "x2": 0.062301470070159404
                },
                "metrics": {
                    "outcome": -0.4271742710189756
                },
                "metadata": {
                    "trials": 1
                }
            },
            {
                "query": {
                    "x1": -0.7034884259825505,
                    "x2": -0.04864049923802516
                },
                "metrics": {
                    "outcome": -0.42785722809354637
                },
                "metadata": {
                    "trials": 1
                }
            }
        ],
        [
            {
                "query": {
                    "x1": -0.7018052324959578,
                    "x2": 0.006461676181135356
                },
                "metrics": {
                    "outcome": -0.42883986806208413
                },
                "metadata": {
                    "trials": 1
                }
            },
            {
                "query": {
                    "x1": -0.6996169770164669,
                    "x2": 0.061156321081459186
                },
                "metrics": {
                    "outcome": -0.427232772543745
                },
                "metadata": {
                    "trials": 1
                }
            },
            {
                "query": {
                    "x1": -0.7032440392312613,
                    "x2": -0.048253347500178734
                },
                "metrics": {
                    "outcome": -0.427871709736699
                },
                "metadata": {
                    "trials": 1
                }
            }
        ],
        [
            {
                "query": {
                    "x1": -0.7016138221381112,
                    "x2": 0.006112832189621997
                },
                "metrics": {
                    "outcome": -0.4288399702489041
                },
                "metadata": {
                    "trials": 1
                }
            },
            {
                "query": {
                    "x1": -0.6994829176419732,
                    "x2": 0.060094008089489837
                },
                "metrics": {
                    "outcome": -0.42728606531793956
                },
                "metadata": {
                    "trials": 1
                }
            },
            {
                "query": {
                    "x1": -0.7030206551620968,
                    "x2": -0.047887835551894575
                },
                "metrics": {
                    "outcome": -0.4278852218864981
                },
                "metadata": {
                    "trials": 1
                }
            }
        ],
        [
            {
                "query": {
                    "x1": -0.7014383743727728,
                    "x2": 0.005789105270984418
                },
                "metrics": {
                    "outcome": -0.4288399363383618
                },
                "metadata": {
                    "trials": 1
                }
            },
            {
                "query": {
                    "x1": -0.6993576690029333,
                    "x2": 0.05910508403402526
                },
                "metrics": {
                    "outcome": -0.4273347816119974
                },
                "metadata": {
                    "trials": 1
                }
            },
            {
                "query": {
                    "x1": -0.7028145333931464,
                    "x2": -0.047542514786152124
                },
                "metrics": {
                    "outcome": -0.42789784034650624
                },
                "metadata": {
                    "trials": 1
                }
            }
        ],
        [
            {
                "query": {
                    "x1": -0.7012750226408293,
                    "x2": 0.0054965696386330976
                },
                "metrics": {
                    "outcome": -0.4288397343186212
                },
                "metadata": {
                    "trials": 1
                }
            },
            {
                "query": {
                    "x1": -0.6992395579161423,
                    "x2": 0.05818628489470923
                },
                "metrics": {
                    "outcome": -0.42737925139546296
                },
                "metadata": {
                    "trials": 1
                }
            },
            {
                "query": {
                    "x1": -0.7026259212665615,
                    "x2": -0.0472087548634641
                },
                "metrics": {
                    "outcome": -0.42790995191667985
                },
                "metadata": {
                    "trials": 1
                }
            }
        ],
        [
            {
                "query": {
                    "x1": -0.7011231460674658,
                    "x2": 0.005222756885757018
                },
                "metrics": {
                    "outcome": -0.4288394474273809
                },
                "metadata": {
                    "trials": 1
                }
            },
            {
                "query": {
                    "x1": -0.6991314855274189,
                    "x2": 0.05732436624556758
                },
                "metrics": {
                    "outcome": -0.4274203318278216
                },
                "metadata": {
                    "trials": 1
                }
            },
            {
                "query": {
                    "x1": -0.7024503187801201,
                    "x2": -0.0468935532558612
                },
                "metrics": {
                    "outcome": -0.42792126672857933
                },
                "metadata": {
                    "trials": 1
                }
            }
        ],
        [
            {
                "query": {
                    "x1": -0.700981754220025,
                    "x2": 0.004971389109986291
                },
                "metrics": {
                    "outcome": -0.4288390715761053
                },
                "metadata": {
                    "trials": 1
                }
            },
            {
                "query": {
                    "x1": -0.6990298288716628,
                    "x2": 0.05651761415528833
                },
                "metrics": {
                    "outcome": -0.4274581857993375
                },
                "metadata": {
                    "trials": 1
                }
            },
            {
                "query": {
                    "x1": -0.7022852437403948,
                    "x2": -0.046588744222349154
                },
                "metrics": {
                    "outcome": -0.42793211660818636
                },
                "metadata": {
                    "trials": 1
                }
            }
        ],
        [
            {
                "query": {
                    "x1": -0.7008496187104876,
                    "x2": 0.004735345834214311
                },
                "metrics": {
                    "outcome": -0.428838644668498
                },
                "metadata": {
                    "trials": 1
                }
            },
            {
                "query": {
                    "x1": -0.6989351853720631,
                    "x2": 0.05575682152202788
                },
                "metrics": {
                    "outcome": -0.42749337733709
                },
                "metadata": {
                    "trials": 1
                }
            },
            {
                "query": {
                    "x1": -0.7021307122088927,
                    "x2": -0.04629917693199115
                },
                "metrics": {
                    "outcome": -0.42794232661776793
                },
                "metadata": {
                    "trials": 1
                }
            }
        ],
        [
            {
                "query": {
                    "x1": -0.7007264037602303,
                    "x2": 0.004516441565897367
                },
                "metrics": {
                    "outcome": -0.4288381716371963
                },
                "metadata": {
                    "trials": 1
                }
            },
            {
                "query": {
                    "x1": -0.6988439667517989,
                    "x2": 0.055039921540203984
                },
                "metrics": {
                    "outcome": -0.4275260451960247
                },
                "metadata": {
                    "trials": 1
                }
            },
            {
                "query": {
                    "x1": -0.7019881217271011,
                    "x2": -0.046019510320194135
                },
                "metrics": {
                    "outcome": -0.4279521391400904
                },
                "metadata": {
                    "trials": 1
                }
            }
        ],
        [
            {
                "query": {
                    "x1": -0.70060963971687,
                    "x2": 0.004313012376015557
                },
                "metrics": {
                    "outcome": -0.4288376463486549
                },
                "metadata": {
                    "trials": 1
                }
            },
            {
                "query": {
                    "x1": -0.698760539494528,
                    "x2": 0.05436386199465559
                },
                "metrics": {
                    "outcome": -0.42755647574838407
                },
                "metadata": {
                    "trials": 1
                }
            },
            {
                "query": {
                    "x1": -0.7018548105866862,
                    "x2": -0.04574855659543253
                },
                "metrics": {
                    "outcome": -0.4279615925552546
                },
                "metadata": {
                    "trials": 1
                }
            }
        ],
        [
            {
                "query": {
                    "x1": -0.7004998591587019,
                    "x2": 0.004123917321594561
                },
                "metrics": {
                    "outcome": -0.42883709091168454
                },
                "metadata": {
                    "trials": 1
                }
            },
            {
                "query": {
                    "x1": -0.6986819274806089,
                    "x2": 0.05372437078308456
                },
                "metrics": {
                    "outcome": -0.4275848958729048
                },
                "metadata": {
                    "trials": 1
                }
            },
            {
                "query": {
                    "x1": -0.7017260548998308,
                    "x2": -0.0454859732521784
                },
                "metrics": {
                    "outcome": -0.4279706689705515
                },
                "metadata": {
                    "trials": 1
                }
            }
        ],
        [
            {
                "query": {
                    "x1": -0.7003958099244447,
                    "x2": 0.003945106398959286
                },
                "metrics": {
                    "outcome": -0.4288365155081173
                },
                "metadata": {
                    "trials": 1
                }
            },
            {
                "query": {
                    "x1": -0.6986051736670025,
                    "x2": 0.05311554392261364
                },
                "metrics": {
                    "outcome": -0.4276115920845314
                },
                "metadata": {
                    "trials": 1
                }
            },
            {
                "query": {
                    "x1": -0.70160905869733,
                    "x2": -0.04523516877544065
                },
                "metrics": {
                    "outcome": -0.42797931317848026
                },
                "metadata": {
                    "trials": 1
                }
            }
        ],
        [
            {
                "query": {
                    "x1": -0.7002959876478605,
                    "x2": 0.003778267041445904
                },
                "metrics": {
                    "outcome": -0.4288359048391414
                },
                "metadata": {
                    "trials": 1
                }
            },
            {
                "query": {
                    "x1": -0.6985336469799153,
                    "x2": 0.052536889387216235
                },
                "metrics": {
                    "outcome": -0.4276366845277721
                },
                "metadata": {
                    "trials": 1
                }
            },
            {
                "query": {
                    "x1": -0.7014955957111526,
                    "x2": -0.04499101705031583
                },
                "metrics": {
                    "outcome": -0.4279876580002125
                },
                "metadata": {
                    "trials": 1
                }
            }
        ],
        [
            {
                "query": {
                    "x1": -0.7002056672330512,
                    "x2": 0.0036210423553511006
                },
                "metrics": {
                    "outcome": -0.4288353363309522
                },
                "metadata": {
                    "trials": 1
                }
            },
            {
                "query": {
                    "x1": -0.6984663130664004,
                    "x2": 0.05198696978901962
                },
                "metrics": {
                    "outcome": -0.4276602681944591
                },
                "metadata": {
                    "trials": 1
                }
            },
            {
                "query": {
                    "x1": -0.7013876364992948,
                    "x2": -0.04475386948365556
                },
                "metrics": {
                    "outcome": -0.42799571557495847
                },
                "metadata": {
                    "trials": 1
                }
            }
        ],
        [
            {
                "query": {
                    "x1": -0.7001162312909213,
                    "x2": 0.003473065019826471
                },
                "metrics": {
                    "outcome": -0.42883471564100234
                },
                "metadata": {
                    "trials": 1
                }
            },
            {
                "query": {
                    "x1": -0.6984012600973979,
                    "x2": 0.05146261854576606
                },
                "metrics": {
                    "outcome": -0.4276824955983917
                },
                "metadata": {
                    "trials": 1
                }
            },
            {
                "query": {
                    "x1": -0.701285259076734,
                    "x2": -0.04452422752478613
                },
                "metrics": {
                    "outcome": -0.4280034748944994
                },
                "metadata": {
                    "trials": 1
                }
            }
        ],
        [
            {
                "query": {
                    "x1": -0.7000322275317876,
                    "x2": 0.003336829439054334
                },
                "metrics": {
                    "outcome": -0.42883409504803516
                },
                "metadata": {
                    "trials": 1
                }
            },
            {
                "query": {
                    "x1": -0.6983396024193684,
                    "x2": 0.050964577230290686
                },
                "metrics": {
                    "outcome": -0.42770338619427284
                },
                "metadata": {
                    "trials": 1
                }
            },
            {
                "query": {
                    "x1": -0.7011891684779183,
                    "x2": -0.04429895144684659
                },
                "metrics": {
                    "outcome": -0.42801106956438567
                },
                "metadata": {
                    "trials": 1
                }
            }
        ],
        [
            {
                "query": {
                    "x1": -0.6999515545203494,
                    "x2": 0.00320116006107396
                },
                "metrics": {
                    "outcome": -0.4288334858545741
                },
                "metadata": {
                    "trials": 1
                }
            },
            {
                "query": {
                    "x1": -0.6982805031770016,
                    "x2": 0.05048175446394643
                },
                "metrics": {
                    "outcome": -0.4277234408124574
                },
                "metadata": {
                    "trials": 1
                }
            },
            {
                "query": {
                    "x1": -0.7010978427205963,
                    "x2": -0.04408609132155816
                },
                "metrics": {
                    "outcome": -0.42801818572904543
                },
                "metadata": {
                    "trials": 1
                }
            }
        ],
        [
            {
                "query": {
                    "x1": -0.699874119645671,
                    "x2": 0.0030746582871779005
                },
                "metrics": {
                    "outcome": -0.428832865848447
                },
                "metadata": {
                    "trials": 1
                }
            },
            {
                "query": {
                    "x1": -0.6982236347339907,
                    "x2": 0.050020857598760404
                },
                "metrics": {
                    "outcome": -0.42774238696496963
                },
                "metadata": {
                    "trials": 1
                }
            },
            {
                "query": {
                    "x1": -0.701010190761391,
                    "x2": -0.043877115601075545
                },
                "metrics": {
                    "outcome": -0.42802514145201476
                },
                "metadata": {
                    "trials": 1
                }
            }
        ],
        [
            {
                "query": {
                    "x1": -0.6998029323792916,
                    "x2": 0.002962369761478012
                },
                "metrics": {
                    "outcome": -0.42883226441627886
                },
                "metadata": {
                    "trials": 1
                }
            },
            {
                "query": {
                    "x1": -0.6981701114853234,
                    "x2": 0.049584681894912386
                },
                "metrics": {
                    "outcome": -0.42776014967684955
                },
                "metadata": {
                    "trials": 1
                }
            },
            {
                "query": {
                    "x1": -0.7009273447599125,
                    "x2": -0.04366723943667461
                },
                "metrics": {
                    "outcome": -0.4280321313857878
                },
                "metadata": {
                    "trials": 1
                }
            }
        ],
        [
            {
                "query": {
                    "x1": -0.6997319319602742,
                    "x2": 0.002847926224672559
                },
                "metrics": {
                    "outcome": -0.42883165102898596
                },
                "metadata": {
                    "trials": 1
                }
            },
            {
                "query": {
                    "x1": -0.6981158440249191,
                    "x2": 0.04915984193081746
                },
                "metrics": {
                    "outcome": -0.4277772571556184
                },
                "metadata": {
                    "trials": 1
                }
            },
            {
                "query": {
                    "x1": -0.7008475743476053,
                    "x2": -0.043470488725102285
                },
                "metrics": {
                    "outcome": -0.428038616607051
                },
                "metadata": {
                    "trials": 1
                }
            }
        ]
    ],
    "best_results": [
        {
            "query": {
                "x1": -0.7016138221381112,
                "x2": 0.006112832189621997
            },
            "metrics": [
                {
                    "name": "outcome",
                    "value": -0.4288399702489041
                }
            ]
        }
    ]
}