{
    "date": "06/11/2022 14:00:43",
    "basic_params": {
        "active_variables": [
            "x1",
            "x2"
        ],
        "default_query": {},
        "metric": "basic",
        "n_trials": 1
    },
    "objective_function": {
        "name": "Goldstein",
        "params": {}
    },
    "optimizer": {
        "name": "GO-BBO-LP",
        "params": {
            "maximize": false,
            "domain": [
                {
                    "name": "x1",
                    "type": "continuous",
                    "domain": [
                        -2.0,
                        2.0
                    ]
                },
                {
                    "name": "x2",
                    "type": "continuous",
                    "domain": [
                        -2.0,
                        2.0
                    ]
                }
            ],
            "initial_design_numdata": 15,
            "num_iters": 45,
            "batch_size": 3,
            "model_update_interval": 5
        }
    },
    "best_results": [
        {
            "query": {
                "x1": 0.00209846983942219,
                "x2": -1.1116837019319408
            },
            "metrics": [
                {
                    "name": "outcome",
                    "value": 11.619809204786973
                }
            ]
        }
    ],
    "iterations": [
        [
            {
                "query": {
                    "x1": 1.6,
                    "x2": 1.3333333333333335
                },
                "metrics": {
                    "outcome": 3003.729177410371
                },
                "metadata": {
                    "trials": 1
                }
            }
        ],
        [
            {
                "query": {
                    "x1": 0.7999999999999998,
                    "x2": 0.2666666666666666
                },
                "metrics": {
                    "outcome": 1138.5743746844444
                },
                "metadata": {
                    "trials": 1
                }
            }
        ],
        [
            {
                "query": {
                    "x1": -1.0666666666666667,
                    "x2": -1.3333333333333333
                },
                "metrics": {
                    "outcome": 3459.5113043437022
                },
                "metadata": {
                    "trials": 1
                }
            }
        ],
        [
            {
                "query": {
                    "x1": 1.8666666666666667,
                    "x2": 0.7999999999999998
                },
                "metrics": {
                    "outcome": 1386.962962962962
                },
                "metadata": {
                    "trials": 1
                }
            }
        ],
        [
            {
                "query": {
                    "x1": 0.2666666666666666,
                    "x2": -1.8666666666666667
                },
                "metrics": {
                    "outcome": 23538.625347128906
                },
                "metadata": {
                    "trials": 1
                }
            }
        ],
        [
            {
                "query": {
                    "x1": 1.3333333333333335,
                    "x2": -1.0666666666666667
                },
                "metrics": {
                    "outcome": 25128.56699714372
                },
                "metadata": {
                    "trials": 1
                }
            }
        ],
        [
            {
                "query": {
                    "x1": -1.6,
                    "x2": -1.6
                },
                "metrics": {
                    "outcome": 13848.200048640017
                },
                "metadata": {
                    "trials": 1
                }
            }
        ],
        [
            {
                "query": {
                    "x1": -0.5333333333333332,
                    "x2": 1.0666666666666664
                },
                "metrics": {
                    "outcome": 78156.9250754054
                },
                "metadata": {
                    "trials": 1
                }
            }
        ],
        [
            {
                "query": {
                    "x1": 1.0666666666666664,
                    "x2": 1.6
                },
                "metrics": {
                    "outcome": 25341.925925925963
                },
                "metadata": {
                    "trials": 1
                }
            }
        ],
        [
            {
                "query": {
                    "x1": -0.2666666666666666,
                    "x2": 0.5333333333333332
                },
                "metrics": {
                    "outcome": 8510.70469385481
                },
                "metadata": {
                    "trials": 1
                }
            }
        ],
        [
            {
                "query": {
                    "x1": -1.3333333333333333,
                    "x2": -0.2666666666666666
                },
                "metrics": {
                    "outcome": 4353.803120639998
                },
                "metadata": {
                    "trials": 1
                }
            }
        ],
        [
            {
                "query": {
                    "x1": -1.8666666666666667,
                    "x2": -0.8
                },
                "metrics": {
                    "outcome": 23713.04252400548
                },
                "metadata": {
                    "trials": 1
                }
            }
        ],
        [
            {
                "query": {
                    "x1": 0.5333333333333332,
                    "x2": 1.8666666666666667
                },
                "metrics": {
                    "outcome": 100982.73706363258
                },
                "metadata": {
                    "trials": 1
                }
            }
        ],
        [
            {
                "query": {
                    "x1": 0.0,
                    "x2": 0.0
                },
                "metrics": {
                    "outcome": 600.0
                },
                "metadata": {
                    "trials": 1
                }
            }
        ],
        [
            {
                "query": {
                    "x1": -0.8,
                    "x2": -0.5333333333333332
                },
                "metrics": {
                    "outcome": 173.33333333333331
                },
                "metadata": {
                    "trials": 1
                }
            }
        ],
        [
            {
                "query": {
                    "x1": -1.6196542990678369,
                    "x2": 1.8753020401767109
                },
                "metrics": {
                    "outcome": 797439.2496649472
                },
                "metadata": {
                    "trials": 1
                }
            },
            {
                "query": {
                    "x1": 0.14824247621667652,
                    "x2": -1.0409367304333723
                },
                "metrics": {
                    "outcome": 15.147914507733317
                },
                "metadata": {
                    "trials": 1
                }
            },
            {
                "query": {
                    "x1": -1.0385671119438573,
                    "x2": 0.7855783416117679
                },
                "metrics": {
                    "outcome": 40209.39617170369
                },
                "metadata": {
                    "trials": 1
                }
            }
        ],
        [
            {
                "query": {
                    "x1": 0.8033193725904209,
                    "x2": 0.937840730698206
                },
                "metrics": {
                    "outcome": 2625.311148048823
                },
                "metadata": {
                    "trials": 1
                }
            },
            {
                "query": {
                    "x1": -0.8521744369899134,
                    "x2": 1.0256393779990072
                },
                "metrics": {
                    "outcome": 89983.17686592453
                },
                "metadata": {
                    "trials": 1
                }
            },
            {
                "query": {
                    "x1": -0.11858176467790171,
                    "x2": 1.6986906938505912
                },
                "metrics": {
                    "outcome": 162329.87483408488
                },
                "metadata": {
                    "trials": 1
                }
            }
        ],
        [
            {
                "query": {
                    "x1": 0.00209846983942219,
                    "x2": -1.1116837019319408
                },
                "metrics": {
                    "outcome": 11.619809204786973
                },
                "metadata": {
                    "trials": 1
                }
            },
            {
                "query": {
                    "x1": 0.5695152861736856,
                    "x2": -1.6769987306089762
                },
                "metrics": {
                    "outcome": 1880.4381192017124
                },
                "metadata": {
                    "trials": 1
                }
            },
            {
                "query": {
                    "x1": 0.09260448104049512,
                    "x2": -0.7112372061747223
                },
                "metrics": {
                    "outcome": 72.7959603904496
                },
                "metadata": {
                    "trials": 1
                }
            }
        ],
        [
            {
                "query": {
                    "x1": 1.4291270498647517,
                    "x2": 0.018096486323770034
                },
                "metrics": {
                    "outcome": 131.68346175674031
                },
                "metadata": {
                    "trials": 1
                }
            },
            {
                "query": {
                    "x1": 0.9223776270763953,
                    "x2": -1.6273757075121478
                },
                "metrics": {
                    "outcome": 7710.898217457894
                },
                "metadata": {
                    "trials": 1
                }
            },
            {
                "query": {
                    "x1": -0.5299716347468735,
                    "x2": -1.0601037958859338
                },
                "metrics": {
                    "outcome": 342.8446501098549
                },
                "metadata": {
                    "trials": 1
                }
            }
        ],
        [
            {
                "query": {
                    "x1": 1.8159610631457275,
                    "x2": 1.9250871728629408
                },
                "metrics": {
                    "outcome": 64896.99771341643
                },
                "metadata": {
                    "trials": 1
                }
            },
            {
                "query": {
                    "x1": 1.348185309349489,
                    "x2": -1.0459475968934022
                },
                "metrics": {
                    "outcome": 24948.01143196766
                },
                "metadata": {
                    "trials": 1
                }
            },
            {
                "query": {
                    "x1": 1.6369393189534573,
                    "x2": 0.7360342471789019
                },
                "metrics": {
                    "outcome": 1097.0620527846354
                },
                "metadata": {
                    "trials": 1
                }
            }
        ],
        [
            {
                "query": {
                    "x1": 1.1069201007943983,
                    "x2": 1.6174334781411552
                },
                "metrics": {
                    "outcome": 26370.0856308347
                },
                "metadata": {
                    "trials": 1
                }
            },
            {
                "query": {
                    "x1": 1.094695614279757,
                    "x2": 0.3184670729922403
                },
                "metrics": {
                    "outcome": 1074.3363605947977
                },
                "metadata": {
                    "trials": 1
                }
            },
            {
                "query": {
                    "x1": 0.45456923407430727,
                    "x2": -0.5179248480335112
                },
                "metrics": {
                    "outcome": 194.46214037574714
                },
                "metadata": {
                    "trials": 1
                }
            }
        ],
        [
            {
                "query": {
                    "x1": -0.4274893929802648,
                    "x2": -0.1513707517253513
                },
                "metrics": {
                    "outcome": 203.50829427654446
                },
                "metadata": {
                    "trials": 1
                }
            },
            {
                "query": {
                    "x1": 1.338757302673904,
                    "x2": -0.0048129846262954246
                },
                "metrics": {
                    "outcome": 186.582462615134
                },
                "metadata": {
                    "trials": 1
                }
            },
            {
                "query": {
                    "x1": -0.45372444383771393,
                    "x2": 1.4888139635082456
                },
                "metrics": {
                    "outcome": 182567.959515748
                },
                "metadata": {
                    "trials": 1
                }
            }
        ],
        [
            {
                "query": {
                    "x1": 1.4898689507517044,
                    "x2": 1.5472355175932178
                },
                "metrics": {
                    "outcome": 12091.383433482917
                },
                "metadata": {
                    "trials": 1
                }
            },
            {
                "query": {
                    "x1": 1.7038248268307017,
                    "x2": 1.318199700500558
                },
                "metrics": {
                    "outcome": 2570.1175599458174
                },
                "metadata": {
                    "trials": 1
                }
            },
            {
                "query": {
                    "x1": 1.2720011024248774,
                    "x2": 0.6385230312897998
                },
                "metrics": {
                    "outcome": 945.4219257997711
                },
                "metadata": {
                    "trials": 1
                }
            }
        ],
        [
            {
                "query": {
                    "x1": 0.762359013581341,
                    "x2": -0.35781467711850423
                },
                "metrics": {
                    "outcome": 214.72910667432777
                },
                "metadata": {
                    "trials": 1
                }
            },
            {
                "query": {
                    "x1": 1.4168164253577191,
                    "x2": 1.5390889065970526
                },
                "metrics": {
                    "outcome": 12698.403187538575
                },
                "metadata": {
                    "trials": 1
                }
            },
            {
                "query": {
                    "x1": -0.5622871277298289,
                    "x2": -0.0831040027828962
                },
                "metrics": {
                    "outcome": 263.5255934699572
                },
                "metadata": {
                    "trials": 1
                }
            }
        ],
        [
            {
                "query": {
                    "x1": -1.5576735721271682,
                    "x2": 1.9098336384358565
                },
                "metrics": {
                    "outcome": 845968.4179984212
                },
                "metadata": {
                    "trials": 1
                }
            },
            {
                "query": {
                    "x1": 0.42248234699386433,
                    "x2": 0.16176178585253798
                },
                "metrics": {
                    "outcome": 972.0584976510585
                },
                "metadata": {
                    "trials": 1
                }
            },
            {
                "query": {
                    "x1": 0.28427729383534706,
                    "x2": 0.6336909073443868
                },
                "metrics": {
                    "outcome": 3597.0443587537734
                },
                "metadata": {
                    "trials": 1
                }
            }
        ],
        [
            {
                "query": {
                    "x1": 0.8675912143404072,
                    "x2": 0.042585804349602796
                },
                "metrics": {
                    "outcome": 989.789488978073
                },
                "metadata": {
                    "trials": 1
                }
            },
            {
                "query": {
                    "x1": 0.7804805785651023,
                    "x2": 1.2772260867651912
                },
                "metrics": {
                    "outcome": 10941.766017868353
                },
                "metadata": {
                    "trials": 1
                }
            },
            {
                "query": {
                    "x1": 1.5810046562832945,
                    "x2": -0.3832008871720376
                },
                "metrics": {
                    "outcome": 3873.3487883395087
                },
                "metadata": {
                    "trials": 1
                }
            }
        ],
        [
            {
                "query": {
                    "x1": 0.627150752240011,
                    "x2": -1.591167476680691
                },
                "metrics": {
                    "outcome": 1192.4182582359424
                },
                "metadata": {
                    "trials": 1
                }
            },
            {
                "query": {
                    "x1": -1.7836893789293926,
                    "x2": 1.4921048077535475
                },
                "metrics": {
                    "outcome": 280680.7532822985
                },
                "metadata": {
                    "trials": 1
                }
            },
            {
                "query": {
                    "x1": 0.716722563390435,
                    "x2": -1.219583751027821
                },
                "metrics": {
                    "outcome": 3058.6375077746648
                },
                "metadata": {
                    "trials": 1
                }
            }
        ],
        [
            {
                "query": {
                    "x1": -1.9655502386944996,
                    "x2": -0.7043915259706788
                },
                "metrics": {
                    "outcome": 47577.317397971405
                },
                "metadata": {
                    "trials": 1
                }
            },
            {
                "query": {
                    "x1": 1.0177447025307087,
                    "x2": -0.23107422763611352
                },
                "metrics": {
                    "outcome": 170.7441983489754
                },
                "metadata": {
                    "trials": 1
                }
            },
            {
                "query": {
                    "x1": 0.6250780344049693,
                    "x2": 1.9107347760030398
                },
                "metrics": {
                    "outcome": 109167.59490947757
                },
                "metadata": {
                    "trials": 1
                }
            }
        ],
        [
            {
                "query": {
                    "x1": -0.06329247501039958,
                    "x2": -1.6362951713796887
                },
                "metrics": {
                    "outcome": 6830.874298879874
                },
                "metadata": {
                    "trials": 1
                }
            },
            {
                "query": {
                    "x1": 0.3793291661030276,
                    "x2": -1.657202738915029
                },
                "metrics": {
                    "outcome": 3572.0060415605267
                },
                "metadata": {
                    "trials": 1
                }
            },
            {
                "query": {
                    "x1": -1.8381500366440071,
                    "x2": 0.0580424232776644
                },
                "metrics": {
                    "outcome": 62660.22632624893
                },
                "metadata": {
                    "trials": 1
                }
            }
        ],
        [
            {
                "query": {
                    "x1": -0.4743850092108719,
                    "x2": 0.9863020965349283
                },
                "metrics": {
                    "outcome": 58471.92652627613
                },
                "metadata": {
                    "trials": 1
                }
            },
            {
                "query": {
                    "x1": 1.4192630672944682,
                    "x2": -0.6691896455014663
                },
                "metrics": {
                    "outcome": 9220.947377726785
                },
                "metadata": {
                    "trials": 1
                }
            },
            {
                "query": {
                    "x1": 1.2570824579664612,
                    "x2": 0.36635487862404137
                },
                "metrics": {
                    "outcome": 974.148269519838
                },
                "metadata": {
                    "trials": 1
                }
            }
        ],
        [
            {
                "query": {
                    "x1": 0.509917727877903,
                    "x2": -0.5579494578079949
                },
                "metrics": {
                    "outcome": 109.79354580183863
                },
                "metadata": {
                    "trials": 1
                }
            },
            {
                "query": {
                    "x1": -1.9678752311439585,
                    "x2": 1.9889146437909506
                },
                "metrics": {
                    "outcome": 946762.113916351
                },
                "metadata": {
                    "trials": 1
                }
            },
            {
                "query": {
                    "x1": 1.7608544124011436,
                    "x2": -1.9952074181668205
                },
                "metrics": {
                    "outcome": 175813.20603859937
                },
                "metadata": {
                    "trials": 1
                }
            }
        ],
        [
            {
                "query": {
                    "x1": -1.088612160404311,
                    "x2": -1.4514622344044157
                },
                "metrics": {
                    "outcome": 3104.4780543919983
                },
                "metadata": {
                    "trials": 1
                }
            },
            {
                "query": {
                    "x1": 2.0,
                    "x2": 2.0
                },
                "metrics": {
                    "outcome": 76728.0
                },
                "metadata": {
                    "trials": 1
                }
            },
            {
                "query": {
                    "x1": -1.7820660327194844,
                    "x2": 1.9815209933571687
                },
                "metrics": {
                    "outcome": 978060.12821834
                },
                "metadata": {
                    "trials": 1
                }
            }
        ],
        [
            {
                "query": {
                    "x1": -0.3502942857426219,
                    "x2": 0.12701360758811342
                },
                "metrics": {
                    "outcome": 1088.8400881238435
                },
                "metadata": {
                    "trials": 1
                }
            },
            {
                "query": {
                    "x1": 1.9515184448388436,
                    "x2": -1.848245262854415
                },
                "metrics": {
                    "outcome": 269902.8260614159
                },
                "metadata": {
                    "trials": 1
                }
            },
            {
                "query": {
                    "x1": -1.857626060255038,
                    "x2": 1.8837607139697945
                },
                "metrics": {
                    "outcome": 780534.4514572044
                },
                "metadata": {
                    "trials": 1
                }
            }
        ],
        [
            {
                "query": {
                    "x1": -1.654415656906362,
                    "x2": 0.4767380034994386
                },
                "metrics": {
                    "outcome": 8219.330563589556
                },
                "metadata": {
                    "trials": 1
                }
            },
            {
                "query": {
                    "x1": 1.998578840379186,
                    "x2": -1.9615826427122407
                },
                "metrics": {
                    "outcome": 312264.4143902686
                },
                "metadata": {
                    "trials": 1
                }
            },
            {
                "query": {
                    "x1": 2.0,
                    "x2": 2.0
                },
                "metrics": {
                    "outcome": 76728.0
                },
                "metadata": {
                    "trials": 1
                }
            }
        ],
        [
            {
                "query": {
                    "x1": 0.6663472068669272,
                    "x2": -0.4668740376141529
                },
                "metrics": {
                    "outcome": 127.25344270132489
                },
                "metadata": {
                    "trials": 1
                }
            },
            {
                "query": {
                    "x1": -1.9895675325331998,
                    "x2": 1.7620488133010643
                },
                "metrics": {
                    "outcome": 521794.7558311349
                },
                "metadata": {
                    "trials": 1
                }
            },
            {
                "query": {
                    "x1": 1.9987579069526564,
                    "x2": -1.970010345272164
                },
                "metrics": {
                    "outcome": 313217.62261366716
                },
                "metadata": {
                    "trials": 1
                }
            }
        ],
        [
            {
                "query": {
                    "x1": -0.05188831106368674,
                    "x2": 1.8374707931283485
                },
                "metrics": {
                    "outcome": 184005.12115130384
                },
                "metadata": {
                    "trials": 1
                }
            },
            {
                "query": {
                    "x1": -1.9706639106668717,
                    "x2": -1.9687173714890833
                },
                "metrics": {
                    "outcome": 23839.160445298414
                },
                "metadata": {
                    "trials": 1
                }
            },
            {
                "query": {
                    "x1": 1.9885336179444009,
                    "x2": -1.9413361897411812
                },
                "metrics": {
                    "outcome": 303648.05600085
                },
                "metadata": {
                    "trials": 1
                }
            }
        ],
        [
            {
                "query": {
                    "x1": -1.6966644755644502,
                    "x2": 1.5703536672499072
                },
                "metrics": {
                    "outcome": 382909.48733268306
                },
                "metadata": {
                    "trials": 1
                }
            },
            {
                "query": {
                    "x1": 1.9755854849790118,
                    "x2": -1.9599625627049742
                },
                "metrics": {
                    "outcome": 297258.748108678
                },
                "metadata": {
                    "trials": 1
                }
            },
            {
                "query": {
                    "x1": 1.8049020575108816,
                    "x2": 2.0
                },
                "metrics": {
                    "outcome": 95485.79880305646
                },
                "metadata": {
                    "trials": 1
                }
            }
        ],
        [
            {
                "query": {
                    "x1": 1.6828450416313556,
                    "x2": -0.4128482808653171
                },
                "metrics": {
                    "outcome": 6382.454636671362
                },
                "metadata": {
                    "trials": 1
                }
            },
            {
                "query": {
                    "x1": -1.7878024254683642,
                    "x2": 1.9077002832924346
                },
                "metrics": {
                    "outcome": 840052.6736261465
                },
                "metadata": {
                    "trials": 1
                }
            },
            {
                "query": {
                    "x1": -1.9656238448601462,
                    "x2": -1.8634167151391052
                },
                "metrics": {
                    "outcome": 27285.711185267497
                },
                "metadata": {
                    "trials": 1
                }
            }
        ],
        [
            {
                "query": {
                    "x1": 0.7978736844011443,
                    "x2": 0.6709620004472896
                },
                "metrics": {
                    "outcome": 1063.1433302676494
                },
                "metadata": {
                    "trials": 1
                }
            },
            {
                "query": {
                    "x1": -1.922631160019821,
                    "x2": -1.9876260859812866
                },
                "metrics": {
                    "outcome": 19376.88046522868
                },
                "metadata": {
                    "trials": 1
                }
            },
            {
                "query": {
                    "x1": 1.9576642006216014,
                    "x2": 1.9593432973964737
                },
                "metrics": {
                    "outcome": 65513.74499034084
                },
                "metadata": {
                    "trials": 1
                }
            }
        ],
        [
            {
                "query": {
                    "x1": 0.8869124274481943,
                    "x2": -0.757383594143386
                },
                "metrics": {
                    "outcome": 1583.2990102358408
                },
                "metadata": {
                    "trials": 1
                }
            },
            {
                "query": {
                    "x1": -1.9436479012718002,
                    "x2": 1.8862399037061235
                },
                "metrics": {
                    "outcome": 753473.3025528981
                },
                "metadata": {
                    "trials": 1
                }
            },
            {
                "query": {
                    "x1": -1.9270313611148224,
                    "x2": -1.9804305523622512
                },
                "metrics": {
                    "outcome": 20089.864441411737
                },
                "metadata": {
                    "trials": 1
                }
            }
        ],
        [
            {
                "query": {
                    "x1": 0.0782154890706499,
                    "x2": -0.8154127495119323
                },
                "metrics": {
                    "outcome": 23.54368724175493
                },
                "metadata": {
                    "trials": 1
                }
            },
            {
                "query": {
                    "x1": -1.9655307139842795,
                    "x2": 1.9474594956255356
                },
                "metrics": {
                    "outcome": 861979.3466419522
                },
                "metadata": {
                    "trials": 1
                }
            },
            {
                "query": {
                    "x1": 1.8765728144471758,
                    "x2": -1.9429495935827688
                },
                "metrics": {
                    "outcome": 237069.08285705606
                },
                "metadata": {
                    "trials": 1
                }
            }
        ],
        [
            {
                "query": {
                    "x1": 0.2785925323460057,
                    "x2": -1.0504391903991408
                },
                "metrics": {
                    "outcome": 76.53340907813326
                },
                "metadata": {
                    "trials": 1
                }
            },
            {
                "query": {
                    "x1": -1.919644453665382,
                    "x2": 1.9118776524727066
                },
                "metrics": {
                    "outcome": 811164.6900189989
                },
                "metadata": {
                    "trials": 1
                }
            },
            {
                "query": {
                    "x1": 1.990786644962005,
                    "x2": 1.7772248773000108
                },
                "metrics": {
                    "outcome": 22655.17949495258
                },
                "metadata": {
                    "trials": 1
                }
            }
        ],
        [
            {
                "query": {
                    "x1": 0.025804550058288633,
                    "x2": 1.4681823265759952
                },
                "metrics": {
                    "outcome": 85062.43059650932
                },
                "metadata": {
                    "trials": 1
                }
            },
            {
                "query": {
                    "x1": -1.9699541909903917,
                    "x2": -1.993168657027444
                },
                "metrics": {
                    "outcome": 22485.915690767688
                },
                "metadata": {
                    "trials": 1
                }
            },
            {
                "query": {
                    "x1": 1.962190365909425,
                    "x2": -1.9687418056523005
                },
                "metrics": {
                    "outcome": 289448.10082186235
                },
                "metadata": {
                    "trials": 1
                }
            }
        ],
        [
            {
                "query": {
                    "x1": -1.707167551717243,
                    "x2": -1.1963441659303493
                },
                "metrics": {
                    "outcome": 9407.214841893345
                },
                "metadata": {
                    "trials": 1
                }
            },
            {
                "query": {
                    "x1": 1.9829478652266834,
                    "x2": 1.970221054075246
                },
                "metrics": {
                    "outcome": 67138.22494051712
                },
                "metadata": {
                    "trials": 1
                }
            },
            {
                "query": {
                    "x1": 1.9336909495788808,
                    "x2": -1.835262201277415
                },
                "metrics": {
                    "outcome": 258458.5622972933
                },
                "metadata": {
                    "trials": 1
                }
            }
        ],
        [
            {
                "query": {
                    "x1": 1.5735802577025204,
                    "x2": -1.162307481704064
                },
                "metrics": {
                    "outcome": 55678.579705714685
                },
                "metadata": {
                    "trials": 1
                }
            },
            {
                "query": {
                    "x1": -1.968311013621641,
                    "x2": 1.9650031473381375
                },
                "metrics": {
                    "outcome": 896530.0010856511
                },
                "metadata": {
                    "trials": 1
                }
            },
            {
                "query": {
                    "x1": -1.841140373693594,
                    "x2": -1.9974073053746841
                },
                "metrics": {
                    "outcome": 13442.184711884594
                },
                "metadata": {
                    "trials": 1
                }
            }
        ],
        [
            {
                "query": {
                    "x1": -1.8050218844635384,
                    "x2": -0.204574012137408
                },
                "metrics": {
                    "outcome": 53032.316863157896
                },
                "metadata": {
                    "trials": 1
                }
            },
            {
                "query": {
                    "x1": 1.9522791566421838,
                    "x2": 1.8638729212257263
                },
                "metrics": {
                    "outcome": 39363.548970428514
                },
                "metadata": {
                    "trials": 1
                }
            },
            {
                "query": {
                    "x1": 1.960731236194928,
                    "x2": -1.9736170375691273
                },
                "metrics": {
                    "outcome": 288863.6535087067
                },
                "metadata": {
                    "trials": 1
                }
            }
        ],
        [
            {
                "query": {
                    "x1": -0.6901073277591392,
                    "x2": -1.2155021961874741
                },
                "metrics": {
                    "outcome": 727.525324885813
                },
                "metadata": {
                    "trials": 1
                }
            },
            {
                "query": {
                    "x1": 1.9751752131541598,
                    "x2": 1.933956756080491
                },
                "metrics": {
                    "outcome": 55939.79177403112
                },
                "metadata": {
                    "trials": 1
                }
            },
            {
                "query": {
                    "x1": -1.9663125908345847,
                    "x2": 1.9082883215998523
                },
                "metrics": {
                    "outcome": 784758.2307338922
                },
                "metadata": {
                    "trials": 1
                }
            }
        ],
        [
            {
                "query": {
                    "x1": -0.5892063243370287,
                    "x2": -0.2750386806340561
                },
                "metrics": {
                    "outcome": 53.27497813452225
                },
                "metadata": {
                    "trials": 1
                }
            },
            {
                "query": {
                    "x1": 1.7934227844220472,
                    "x2": 1.9842066004892323
                },
                "metrics": {
                    "outcome": 89371.93743335546
                },
                "metadata": {
                    "trials": 1
                }
            },
            {
                "query": {
                    "x1": -1.9710563853309666,
                    "x2": -1.9598151826969117
                },
                "metrics": {
                    "outcome": 24303.31019367771
                },
                "metadata": {
                    "trials": 1
                }
            }
        ],
        [
            {
                "query": {
                    "x1": 1.485757504168697,
                    "x2": 0.48971146459443027
                },
                "metrics": {
                    "outcome": 886.6834303030969
                },
                "metadata": {
                    "trials": 1
                }
            },
            {
                "query": {
                    "x1": -1.8194484765900816,
                    "x2": -1.9937815467980728
                },
                "metrics": {
                    "outcome": 12353.027717917555
                },
                "metadata": {
                    "trials": 1
                }
            },
            {
                "query": {
                    "x1": -1.9397776492432046,
                    "x2": 1.8787830520366466
                },
                "metrics": {
                    "outcome": 741481.8049521183
                },
                "metadata": {
                    "trials": 1
                }
            }
        ],
        [
            {
                "query": {
                    "x1": 1.8893101464345197,
                    "x2": -0.5731132579749518
                },
                "metrics": {
                    "outcome": 20969.143278505595
                },
                "metadata": {
                    "trials": 1
                }
            },
            {
                "query": {
                    "x1": -1.9524892968299006,
                    "x2": 1.9331369761574133
                },
                "metrics": {
                    "outcome": 839048.3753847982
                },
                "metadata": {
                    "trials": 1
                }
            },
            {
                "query": {
                    "x1": -1.9107967454970174,
                    "x2": -1.982672435516978
                },
                "metrics": {
                    "outcome": 18833.397961473253
                },
                "metadata": {
                    "trials": 1
                }
            }
        ],
        [
            {
                "query": {
                    "x1": -0.47979428009485936,
                    "x2": 1.5068932971918114
                },
                "metrics": {
                    "outcome": 194980.29854995306
                },
                "metadata": {
                    "trials": 1
                }
            },
            {
                "query": {
                    "x1": 1.9878412956017084,
                    "x2": -1.9911739580286514
                },
                "metrics": {
                    "outcome": 307751.758570383
                },
                "metadata": {
                    "trials": 1
                }
            },
            {
                "query": {
                    "x1": -1.9959561153898715,
                    "x2": -1.732767888873311
                },
                "metrics": {
                    "outcome": 29005.522824481508
                },
                "metadata": {
                    "trials": 1
                }
            }
        ],
        [
            {
                "query": {
                    "x1": 0.8450916981182495,
                    "x2": 1.174289543318459
                },
                "metrics": {
                    "outcome": 6239.6134350318625
                },
                "metadata": {
                    "trials": 1
                }
            },
            {
                "query": {
                    "x1": -1.8003319374909834,
                    "x2": -1.9503740289815785
                },
                "metrics": {
                    "outcome": 13567.125181166068
                },
                "metadata": {
                    "trials": 1
                }
            },
            {
                "query": {
                    "x1": 1.988336208676138,
                    "x2": -1.7590103548915241
                },
                "metrics": {
                    "outcome": 273362.88312434667
                },
                "metadata": {
                    "trials": 1
                }
            }
        ],
        [
            {
                "query": {
                    "x1": -1.4369273752601246,
                    "x2": -0.4854765252252147
                },
                "metrics": {
                    "outcome": 6129.646633247013
                },
                "metadata": {
                    "trials": 1
                }
            },
            {
                "query": {
                    "x1": 1.8648126273278611,
                    "x2": 1.9760339905324307
                },
                "metrics": {
                    "outcome": 79724.13519589572
                },
                "metadata": {
                    "trials": 1
                }
            },
            {
                "query": {
                    "x1": 1.992825103712729,
                    "x2": -1.9908021365706192
                },
                "metrics": {
                    "outcome": 311057.98706990085
                },
                "metadata": {
                    "trials": 1
                }
            }
        ],
        [
            {
                "query": {
                    "x1": 1.452006872627413,
                    "x2": -1.8345061952631023
                },
                "metrics": {
                    "outcome": 70913.7387538484
                },
                "metadata": {
                    "trials": 1
                }
            },
            {
                "query": {
                    "x1": -1.931996861838407,
                    "x2": 1.9027118434304888
                },
                "metrics": {
                    "outcome": 789010.9315192269
                },
                "metadata": {
                    "trials": 1
                }
            },
            {
                "query": {
                    "x1": 1.9654852986095865,
                    "x2": 1.9885409729424288
                },
                "metrics": {
                    "outcome": 75535.07435474059
                },
                "metadata": {
                    "trials": 1
                }
            }
        ],
        [
            {
                "query": {
                    "x1": -1.9180757322746143,
                    "x2": 0.8006718597749867
                },
                "metrics": {
                    "outcome": 14003.3770984258
                },
                "metadata": {
                    "trials": 1
                }
            },
            {
                "query": {
                    "x1": 1.997379409988965,
                    "x2": -1.9304165122865182
                },
                "metrics": {
                    "outcome": 307969.639613412
                },
                "metadata": {
                    "trials": 1
                }
            },
            {
                "query": {
                    "x1": 1.8974485681693654,
                    "x2": 1.9416956603940883
                },
                "metrics": {
                    "outcome": 64380.57530059826
                },
                "metadata": {
                    "trials": 1
                }
            }
        ],
        [
            {
                "query": {
                    "x1": -1.4868956947130605,
                    "x2": 1.196510629591475
                },
                "metrics": {
                    "outcome": 138837.29982195166
                },
                "metadata": {
                    "trials": 1
                }
            },
            {
                "query": {
                    "x1": 1.921753124120994,
                    "x2": -1.9584968576003494
                },
                "metrics": {
                    "outcome": 263895.83664947463
                },
                "metadata": {
                    "trials": 1
                }
            },
            {
                "query": {
                    "x1": 1.8854948417220732,
                    "x2": 1.9513577565561209
                },
                "metrics": {
                    "outcome": 68660.46475471817
                },
                "metadata": {
                    "trials": 1
                }
            }
        ],
        [
            {
                "query": {
                    "x1": -0.43956242439005777,
                    "x2": 0.08223394519588156
                },
                "metrics": {
                    "outcome": 890.911345804683
                },
                "metadata": {
                    "trials": 1
                }
            },
            {
                "query": {
                    "x1": 1.930866431191856,
                    "x2": -1.9625066774499804
                },
                "metrics": {
                    "outcome": 269612.47600307455
                },
                "metadata": {
                    "trials": 1
                }
            },
            {
                "query": {
                    "x1": -1.8895048028984642,
                    "x2": 1.967373088118832
                },
                "metrics": {
                    "outcome": 929632.5684644987
                },
                "metadata": {
                    "trials": 1
                }
            }
        ],
        [
            {
                "query": {
                    "x1": -0.8849027729270897,
                    "x2": -0.33383206316280756
                },
                "metrics": {
                    "outcome": 143.77726613913998
                },
                "metadata": {
                    "trials": 1
                }
            },
            {
                "query": {
                    "x1": 1.9660779786177054,
                    "x2": 1.9019064914227628
                },
                "metrics": {
                    "outcome": 47613.56191736098
                },
                "metadata": {
                    "trials": 1
                }
            },
            {
                "query": {
                    "x1": -1.9206880478996151,
                    "x2": -1.8291345172199773
                },
                "metrics": {
                    "outcome": 25332.54308836675
                },
                "metadata": {
                    "trials": 1
                }
            }
        ],
        [
            {
                "query": {
                    "x1": -1.7804422796666768,
                    "x2": -0.39319475581017915
                },
                "metrics": {
                    "outcome": 39395.72855217947
                },
                "metadata": {
                    "trials": 1
                }
            },
            {
                "query": {
                    "x1": 1.9095031852316127,
                    "x2": 1.816558715504839
                },
                "metrics": {
                    "outcome": 32096.16533828437
                },
                "metadata": {
                    "trials": 1
                }
            },
            {
                "query": {
                    "x1": 1.901557028380414,
                    "x2": -1.952694749962817
                },
                "metrics": {
                    "outcome": 251700.58997395937
                },
                "metadata": {
                    "trials": 1
                }
            }
        ],
        [
            {
                "query": {
                    "x1": 0.7180907663174052,
                    "x2": 1.2742114743381654
                },
                "metrics": {
                    "outcome": 12524.226553735825
                },
                "metadata": {
                    "trials": 1
                }
            },
            {
                "query": {
                    "x1": -1.968463348202841,
                    "x2": -1.8164401663847642
                },
                "metrics": {
                    "outcome": 28134.129174497364
                },
                "metadata": {
                    "trials": 1
                }
            },
            {
                "query": {
                    "x1": 1.978057509757504,
                    "x2": -1.8598756342803249
                },
                "metrics": {
                    "outcome": 286485.27021579636
                },
                "metadata": {
                    "trials": 1
                }
            }
        ]
    ]
}