{
    "date": "04/11/2022 14:02:14",
    "basic_params": {
        "active_variables": [
            "x1",
            "x2"
        ],
        "default_query": {},
        "metric": "basic",
        "n_trials": 1
    },
    "objective_function": {
        "name": "McCormick",
        "params": {}
    },
    "optimizer": {
        "name": "BBO-LP(LCBa)",
        "params": {
            "lower_bound": [
                -1.5,
                -3.0
            ],
            "upper_bound": [
                4.0,
                4.0
            ],
            "invert_metric": false,
            "bopt_params": {
                "n_init_samples": 15,
                "n_iterations": 45,
                "n_iter_relearn": 5,
                "verbose_level": 1,
                "n_parallel_samples": 3,
                "par_type": "PAR_BBO",
                "crit_name": "cLP(cLCBa)",
                "n_crit_params": 3,
                "crit_params": [
                    3,
                    1,
                    5.0
                ]
            }
        }
    },
    "iterations": [
        [
            {
                "query": {
                    "x1": -0.40295355177173997,
                    "x2": 0.5393147599262491
                },
                "metrics": {
                    "outcome": 3.9765258075762304
                },
                "metadata": {
                    "trials": 1
                }
            }
        ],
        [
            {
                "query": {
                    "x1": 3.485372707682351,
                    "x2": -1.0979972750569382
                },
                "metrics": {
                    "outcome": 14.718946532576203
                },
                "metadata": {
                    "trials": 1
                }
            }
        ],
        [
            {
                "query": {
                    "x1": 0.1728770142033076,
                    "x2": 1.8269993134619043
                },
                "metrics": {
                    "outcome": 8.953652228977004
                },
                "metadata": {
                    "trials": 1
                }
            }
        ],
        [
            {
                "query": {
                    "x1": 2.0958280948068326,
                    "x2": -1.799854172160849
                },
                "metrics": {
                    "outcome": 8.824634315917502
                },
                "metadata": {
                    "trials": 1
                }
            }
        ],
        [
            {
                "query": {
                    "x1": -0.09938014158979058,
                    "x2": 0.2326154319103808
                },
                "metrics": {
                    "outcome": 1.9736713021582506
                },
                "metadata": {
                    "trials": 1
                }
            }
        ],
        [
            {
                "query": {
                    "x1": 3.693524136828879,
                    "x2": -1.5698831820084402
                },
                "metrics": {
                    "outcome": 20.089496667777645
                },
                "metadata": {
                    "trials": 1
                }
            }
        ],
        [
            {
                "query": {
                    "x1": 2.1936962487719334,
                    "x2": 2.322296912098924
                },
                "metrics": {
                    "outcome": 2.550959786864154
                },
                "metadata": {
                    "trials": 1
                }
            }
        ],
        [
            {
                "query": {
                    "x1": 2.7754317458486186,
                    "x2": 1.2627684368286287
                },
                "metrics": {
                    "outcome": 1.500710147412918
                },
                "metadata": {
                    "trials": 1
                }
            }
        ],
        [
            {
                "query": {
                    "x1": 3.252917278488167,
                    "x2": 3.3915417468951397
                },
                "metrics": {
                    "outcome": 4.972161208763167
                },
                "metadata": {
                    "trials": 1
                }
            }
        ],
        [
            {
                "query": {
                    "x1": 0.8350706301784765,
                    "x2": -0.22355067400882644
                },
                "metrics": {
                    "outcome": 0.8833090623336954
                },
                "metadata": {
                    "trials": 1
                }
            }
        ],
        [
            {
                "query": {
                    "x1": 1.1955435629623632,
                    "x2": 2.872007835625361
                },
                "metrics": {
                    "outcome": 8.398039300162754
                },
                "metadata": {
                    "trials": 1
                }
            }
        ],
        [
            {
                "query": {
                    "x1": -0.9104307298005249,
                    "x2": -2.8474040382231274
                },
                "metrics": {
                    "outcome": -0.4230258002829901
                },
                "metadata": {
                    "trials": 1
                }
            }
        ],
        [
            {
                "query": {
                    "x1": 0.44177994386603436,
                    "x2": -2.3809354450864095
                },
                "metrics": {
                    "outcome": 1.4197942003813422
                },
                "metadata": {
                    "trials": 1
                }
            }
        ],
        [
            {
                "query": {
                    "x1": 1.7865232131055868,
                    "x2": 3.5440783731018506
                },
                "metrics": {
                    "outcome": 9.45449555863359
                },
                "metadata": {
                    "trials": 1
                }
            }
        ],
        [
            {
                "query": {
                    "x1": -1.3701520211761817,
                    "x2": 0.9633536676410586
                },
                "metrics": {
                    "outcome": 10.513190007227422
                },
                "metadata": {
                    "trials": 1
                }
            }
        ],
        [
            {
                "query": {
                    "x1": -0.5193555871142285,
                    "x2": -3.0
                },
                "metrics": {
                    "outcome": 0.8014721423460829
                },
                "metadata": {
                    "trials": 1
                }
            },
            {
                "query": {
                    "x1": -0.5113427946516327,
                    "x2": -2.844178039763026
                },
                "metrics": {
                    "outcome": 0.31098953732576806
                },
                "metadata": {
                    "trials": 1
                }
            },
            {
                "query": {
                    "x1": -0.5087346818770546,
                    "x2": -2.689632414022758
                },
                "metrics": {
                    "outcome": -0.14792014746731752
                },
                "metadata": {
                    "trials": 1
                }
            }
        ],
        [
            {
                "query": {
                    "x1": -0.2057252450383129,
                    "x2": -1.60613165213704
                },
                "metrics": {
                    "outcome": -1.7166884859912552
                },
                "metadata": {
                    "trials": 1
                }
            },
            {
                "query": {
                    "x1": -0.1985980923047337,
                    "x2": -1.7409131043189425
                },
                "metrics": {
                    "outcome": -1.6084413245390152
                },
                "metadata": {
                    "trials": 1
                }
            },
            {
                "query": {
                    "x1": -0.20547914649446608,
                    "x2": -1.4723352565810572
                },
                "metrics": {
                    "outcome": -1.7619740469774574
                },
                "metadata": {
                    "trials": 1
                }
            }
        ],
        [
            {
                "query": {
                    "x1": -0.5602437769539909,
                    "x2": -1.4342766503692364
                },
                "metrics": {
                    "outcome": -1.8929565678117353
                },
                "metadata": {
                    "trials": 1
                }
            },
            {
                "query": {
                    "x1": -0.6428826456909176,
                    "x2": -1.5424932725577913
                },
                "metrics": {
                    "outcome": -1.8996258658939005
                },
                "metadata": {
                    "trials": 1
                }
            },
            {
                "query": {
                    "x1": -0.5238633533477062,
                    "x2": -1.2987378122754372
                },
                "metrics": {
                    "outcome": -1.829083393161472
                },
                "metadata": {
                    "trials": 1
                }
            }
        ],
        [
            {
                "query": {
                    "x1": -1.4995425446410855,
                    "x2": -3.0
                },
                "metrics": {
                    "outcome": -1.0218800219774655
                },
                "metadata": {
                    "trials": 1
                }
            },
            {
                "query": {
                    "x1": -1.4652465248476532,
                    "x2": -2.756847834754514
                },
                "metrics": {
                    "outcome": -1.1438216917108726
                },
                "metadata": {
                    "trials": 1
                }
            },
            {
                "query": {
                    "x1": -1.4138329291945142,
                    "x2": -2.5257620900663325
                },
                "metrics": {
                    "outcome": -1.2413064773112374
                },
                "metadata": {
                    "trials": 1
                }
            }
        ],
        [
            {
                "query": {
                    "x1": -1.0400115525565528,
                    "x2": -1.7587710028423067
                },
                "metrics": {
                    "outcome": -1.6564300360152275
                },
                "metadata": {
                    "trials": 1
                }
            },
            {
                "query": {
                    "x1": -1.0383893608576473,
                    "x2": -1.6183836847545865
                },
                "metrics": {
                    "outcome": -1.6180305184080854
                },
                "metadata": {
                    "trials": 1
                }
            },
            {
                "query": {
                    "x1": -1.042999251093219,
                    "x2": -1.8978453017352843
                },
                "metrics": {
                    "outcome": -1.648755071086602
                },
                "metadata": {
                    "trials": 1
                }
            }
        ],
        [
            {
                "query": {
                    "x1": 4.0,
                    "x2": 1.9403360020516978
                },
                "metrics": {
                    "outcome": 3.7568838590778304
                },
                "metadata": {
                    "trials": 1
                }
            },
            {
                "query": {
                    "x1": -1.5,
                    "x2": 4.0
                },
                "metrics": {
                    "outcome": 44.09847214410396
                },
                "metadata": {
                    "trials": 1
                }
            },
            {
                "query": {
                    "x1": 4.0,
                    "x2": 1.5737098400923815
                },
                "metrics": {
                    "outcome": 4.169722644690546
                },
                "metadata": {
                    "trials": 1
                }
            }
        ],
        [
            {
                "query": {
                    "x1": -1.5,
                    "x2": -0.8290000334845846
                },
                "metrics": {
                    "outcome": 0.9016685256965089
                },
                "metadata": {
                    "trials": 1
                }
            },
            {
                "query": {
                    "x1": -1.3794185851336063,
                    "x2": -0.7829871434397364
                },
                "metrics": {
                    "outcome": 0.6373462888153967
                },
                "metadata": {
                    "trials": 1
                }
            },
            {
                "query": {
                    "x1": -1.5,
                    "x2": -0.9813532831138243
                },
                "metrics": {
                    "outcome": 0.45230527392940845
                },
                "metadata": {
                    "trials": 1
                }
            }
        ],
        [
            {
                "query": {
                    "x1": -0.042689247522256446,
                    "x2": -0.7554320120872018
                },
                "metrics": {
                    "outcome": -1.03258980511613
                },
                "metadata": {
                    "trials": 1
                }
            },
            {
                "query": {
                    "x1": 0.045484337505955263,
                    "x2": -0.7817587366693437
                },
                "metrics": {
                    "outcome": -1.0098242434868534
                },
                "metadata": {
                    "trials": 1
                }
            },
            {
                "query": {
                    "x1": -0.13097948417405658,
                    "x2": -0.7346045182625862
                },
                "metrics": {
                    "outcome": -1.0371528288457688
                },
                "metadata": {
                    "trials": 1
                }
            }
        ],
        [
            {
                "query": {
                    "x1": 1.8999445776358161,
                    "x2": 0.5311764586149934
                },
                "metrics": {
                    "outcome": 2.003741798858398
                },
                "metadata": {
                    "trials": 1
                }
            },
            {
                "query": {
                    "x1": 2.064181476146328,
                    "x2": 0.46430016611492464
                },
                "metrics": {
                    "outcome": 2.1995130252962865
                },
                "metadata": {
                    "trials": 1
                }
            },
            {
                "query": {
                    "x1": 2.2291363575588226,
                    "x2": 0.4164665212931822
                },
                "metrics": {
                    "outcome": 2.4591360914464904
                },
                "metadata": {
                    "trials": 1
                }
            }
        ],
        [
            {
                "query": {
                    "x1": -1.5,
                    "x2": -1.9493162343979027
                },
                "metrics": {
                    "outcome": -1.1185155700204392
                },
                "metadata": {
                    "trials": 1
                }
            },
            {
                "query": {
                    "x1": -1.5,
                    "x2": -1.8694263320695812
                },
                "metrics": {
                    "outcome": -1.0612222995708294
                },
                "metadata": {
                    "trials": 1
                }
            },
            {
                "query": {
                    "x1": -1.5,
                    "x2": -2.0284986852404976
                },
                "metrics": {
                    "outcome": -1.1646108921707432
                },
                "metadata": {
                    "trials": 1
                }
            }
        ],
        [
            {
                "query": {
                    "x1": -0.6121929205954684,
                    "x2": -1.9051952705220383
                },
                "metrics": {
                    "outcome": -1.757295654761457
                },
                "metadata": {
                    "trials": 1
                }
            },
            {
                "query": {
                    "x1": -0.5808024327424413,
                    "x2": -1.8723337352033964
                },
                "metrics": {
                    "outcome": -1.776923578802224
                },
                "metadata": {
                    "trials": 1
                }
            },
            {
                "query": {
                    "x1": -0.6450668154762864,
                    "x2": -1.934997204878455
                },
                "metrics": {
                    "outcome": -1.7384530985997566
                },
                "metadata": {
                    "trials": 1
                }
            }
        ],
        [
            {
                "query": {
                    "x1": -0.46006788687789846,
                    "x2": -1.577364593528738
                },
                "metrics": {
                    "outcome": -1.8980444037807902
                },
                "metadata": {
                    "trials": 1
                }
            },
            {
                "query": {
                    "x1": -0.4781913119328294,
                    "x2": -1.5903617297087773
                },
                "metrics": {
                    "outcome": -1.900350159237124
                },
                "metadata": {
                    "trials": 1
                }
            },
            {
                "query": {
                    "x1": -0.44303429270540917,
                    "x2": -1.5621252579616036
                },
                "metrics": {
                    "outcome": -1.8955353198321223
                },
                "metadata": {
                    "trials": 1
                }
            }
        ],
        [
            {
                "query": {
                    "x1": -0.22188562199056405,
                    "x2": -1.1426478843451036
                },
                "metrics": {
                    "outcome": -1.6547912692523727
                },
                "metadata": {
                    "trials": 1
                }
            },
            {
                "query": {
                    "x1": -0.17999862016631507,
                    "x2": -1.1436987284924467
                },
                "metrics": {
                    "outcome": -1.6301570600471162
                },
                "metadata": {
                    "trials": 1
                }
            },
            {
                "query": {
                    "x1": -0.26361292973491546,
                    "x2": -1.143606844060481
                },
                "metrics": {
                    "outcome": -1.6758595867131247
                },
                "metadata": {
                    "trials": 1
                }
            }
        ],
        [
            {
                "query": {
                    "x1": -0.7279186763658241,
                    "x2": -1.7242573873840454
                },
                "metrics": {
                    "outcome": -1.862161747996098
                },
                "metadata": {
                    "trials": 1
                }
            },
            {
                "query": {
                    "x1": -0.7065512566133628,
                    "x2": -1.71584853689997
                },
                "metrics": {
                    "outcome": -1.8698911021683076
                },
                "metadata": {
                    "trials": 1
                }
            },
            {
                "query": {
                    "x1": -0.7490948049362436,
                    "x2": -1.7325884619972924
                },
                "metrics": {
                    "outcome": -1.8536144397283714
                },
                "metadata": {
                    "trials": 1
                }
            }
        ],
        [
            {
                "query": {
                    "x1": -0.7722023579456749,
                    "x2": -1.319310940464558
                },
                "metrics": {
                    "outcome": -1.708108720879698
                },
                "metadata": {
                    "trials": 1
                }
            },
            {
                "query": {
                    "x1": -0.41529239571115206,
                    "x2": -1.4019673171440319
                },
                "metrics": {
                    "outcome": -1.8782336314898114
                },
                "metadata": {
                    "trials": 1
                }
            },
            {
                "query": {
                    "x1": -0.42936959557425824,
                    "x2": -1.4136433088163092
                },
                "metrics": {
                    "outcome": -1.884436434417057
                },
                "metadata": {
                    "trials": 1
                }
            }
        ],
        [
            {
                "query": {
                    "x1": -0.5391779803834015,
                    "x2": -1.533322244607005
                },
                "metrics": {
                    "outcome": -1.9129802189004184
                },
                "metadata": {
                    "trials": 1
                }
            },
            {
                "query": {
                    "x1": -0.5470724246649292,
                    "x2": -1.5397165444263026
                },
                "metrics": {
                    "outcome": -1.9131437582597877
                },
                "metadata": {
                    "trials": 1
                }
            },
            {
                "query": {
                    "x1": -0.5310108320096909,
                    "x2": -1.5275689105277022
                },
                "metrics": {
                    "outcome": -1.912651896577783
                },
                "metadata": {
                    "trials": 1
                }
            }
        ],
        [
            {
                "query": {
                    "x1": -0.5879766828797035,
                    "x2": -1.6176871544628946
                },
                "metrics": {
                    "outcome": -1.9070994857209338
                },
                "metadata": {
                    "trials": 1
                }
            },
            {
                "query": {
                    "x1": -0.5975942253518541,
                    "x2": -1.6183065784747128
                },
                "metrics": {
                    "outcome": -1.9065583514948954
                },
                "metadata": {
                    "trials": 1
                }
            },
            {
                "query": {
                    "x1": -0.57839494305291,
                    "x2": -1.6167174965784818
                },
                "metrics": {
                    "outcome": -1.9074506720509792
                },
                "metadata": {
                    "trials": 1
                }
            }
        ],
        [
            {
                "query": {
                    "x1": -0.49784349414238394,
                    "x2": -1.4974375117615186
                },
                "metrics": {
                    "outcome": -1.9088914276217848
                },
                "metadata": {
                    "trials": 1
                }
            },
            {
                "query": {
                    "x1": -0.5048301876075255,
                    "x2": -1.4983382921396582
                },
                "metrics": {
                    "outcome": -1.9095164070406687
                },
                "metadata": {
                    "trials": 1
                }
            },
            {
                "query": {
                    "x1": -0.49089543238449673,
                    "x2": -1.4965361691870658
                },
                "metrics": {
                    "outcome": -1.9081397537724256
                },
                "metadata": {
                    "trials": 1
                }
            }
        ],
        [
            {
                "query": {
                    "x1": -0.5620467346063448,
                    "x2": -1.5651679499117686
                },
                "metrics": {
                    "outcome": -1.9127497918063274
                },
                "metadata": {
                    "trials": 1
                }
            },
            {
                "query": {
                    "x1": -0.5566115276159214,
                    "x2": -1.565489938130807
                },
                "metrics": {
                    "outcome": -1.9128135234013839
                },
                "metadata": {
                    "trials": 1
                }
            },
            {
                "query": {
                    "x1": -0.5674419126000224,
                    "x2": -1.5647372635017154
                },
                "metrics": {
                    "outcome": -1.9126020236149808
                },
                "metadata": {
                    "trials": 1
                }
            }
        ],
        [
            {
                "query": {
                    "x1": -0.5654716633313549,
                    "x2": -1.5197102150034736
                },
                "metrics": {
                    "outcome": -1.9110920242847325
                },
                "metadata": {
                    "trials": 1
                }
            },
            {
                "query": {
                    "x1": -0.560317796317394,
                    "x2": -1.5173825073554281
                },
                "metrics": {
                    "outcome": -1.9112584432919268
                },
                "metadata": {
                    "trials": 1
                }
            },
            {
                "query": {
                    "x1": -0.5703600761573481,
                    "x2": -1.5227821005375097
                },
                "metrics": {
                    "outcome": -1.910958611299923
                },
                "metadata": {
                    "trials": 1
                }
            }
        ],
        [
            {
                "query": {
                    "x1": -0.530635447069023,
                    "x2": -1.5527622392966196
                },
                "metrics": {
                    "outcome": -1.91268087981254
                },
                "metadata": {
                    "trials": 1
                }
            },
            {
                "query": {
                    "x1": -0.5345388610834318,
                    "x2": -1.5556348889550164
                },
                "metrics": {
                    "outcome": -1.9127701901253538
                },
                "metadata": {
                    "trials": 1
                }
            },
            {
                "query": {
                    "x1": -0.5267693811202033,
                    "x2": -1.5498825136227445
                },
                "metrics": {
                    "outcome": -1.9125519545028116
                },
                "metadata": {
                    "trials": 1
                }
            }
        ],
        [
            {
                "query": {
                    "x1": -0.5724361927144622,
                    "x2": -1.5628069616701583
                },
                "metrics": {
                    "outcome": -1.9124135035455643
                },
                "metadata": {
                    "trials": 1
                }
            },
            {
                "query": {
                    "x1": -0.5682629712565473,
                    "x2": -1.5613984119141764
                },
                "metrics": {
                    "outcome": -1.9126410010096295
                },
                "metadata": {
                    "trials": 1
                }
            },
            {
                "query": {
                    "x1": -0.5765187841510044,
                    "x2": -1.5644562870788408
                },
                "metrics": {
                    "outcome": -1.9121465372672697
                },
                "metadata": {
                    "trials": 1
                }
            }
        ],
        [
            {
                "query": {
                    "x1": -0.9888820673482844,
                    "x2": -2.2485399446273995
                },
                "metrics": {
                    "outcome": -1.455606038117907
                },
                "metadata": {
                    "trials": 1
                }
            },
            {
                "query": {
                    "x1": -0.5326041952875851,
                    "x2": -1.5427305607964297
                },
                "metrics": {
                    "outcome": -1.9129625272991464
                },
                "metadata": {
                    "trials": 1
                }
            },
            {
                "query": {
                    "x1": -0.5357514768084223,
                    "x2": -1.5453666649124698
                },
                "metrics": {
                    "outcome": -1.913053978749229
                },
                "metadata": {
                    "trials": 1
                }
            }
        ],
        [
            {
                "query": {
                    "x1": -0.5450030444292245,
                    "x2": -1.5690775535759087
                },
                "metrics": {
                    "outcome": -1.9124762135694637
                },
                "metadata": {
                    "trials": 1
                }
            },
            {
                "query": {
                    "x1": -0.5428504329803925,
                    "x2": -1.5648550659323148
                },
                "metrics": {
                    "outcome": -1.9126622333415746
                },
                "metadata": {
                    "trials": 1
                }
            },
            {
                "query": {
                    "x1": -0.5480772263405853,
                    "x2": -1.5721017682551277
                },
                "metrics": {
                    "outcome": -1.9123593499310498
                },
                "metadata": {
                    "trials": 1
                }
            }
        ],
        [
            {
                "query": {
                    "x1": -0.5362336447104517,
                    "x2": -1.5349759738230828
                },
                "metrics": {
                    "outcome": -1.9129875718623586
                },
                "metadata": {
                    "trials": 1
                }
            },
            {
                "query": {
                    "x1": -0.5398126448943599,
                    "x2": -1.5356001810302993
                },
                "metrics": {
                    "outcome": -1.9130486187493374
                },
                "metadata": {
                    "trials": 1
                }
            },
            {
                "query": {
                    "x1": -0.5326611017438289,
                    "x2": -1.534924904730508
                },
                "metrics": {
                    "outcome": -1.9129050249808843
                },
                "metadata": {
                    "trials": 1
                }
            }
        ],
        [
            {
                "query": {
                    "x1": -0.5612163710351382,
                    "x2": -1.5472834670852587
                },
                "metrics": {
                    "outcome": -1.9129429193388572
                },
                "metadata": {
                    "trials": 1
                }
            },
            {
                "query": {
                    "x1": -0.5580603834567099,
                    "x2": -1.5454885738329418
                },
                "metrics": {
                    "outcome": -1.9130286852969567
                },
                "metadata": {
                    "trials": 1
                }
            },
            {
                "query": {
                    "x1": -0.5589321008857293,
                    "x2": -1.5501252065507807
                },
                "metrics": {
                    "outcome": -1.9130525687499644
                },
                "metadata": {
                    "trials": 1
                }
            }
        ],
        [
            {
                "query": {
                    "x1": -0.5284471779567504,
                    "x2": -1.5384720816793298
                },
                "metrics": {
                    "outcome": -1.9127938576192838
                },
                "metadata": {
                    "trials": 1
                }
            },
            {
                "query": {
                    "x1": -0.5319220564354493,
                    "x2": -1.5379500920503988
                },
                "metrics": {
                    "outcome": -1.9129249987663912
                },
                "metadata": {
                    "trials": 1
                }
            },
            {
                "query": {
                    "x1": -0.5250181822381104,
                    "x2": -1.5381414756535627
                },
                "metrics": {
                    "outcome": -1.9126257589041487
                },
                "metadata": {
                    "trials": 1
                }
            }
        ],
        [
            {
                "query": {
                    "x1": -0.5613447285670565,
                    "x2": -1.549147418128606
                },
                "metrics": {
                    "outcome": -1.9129623305842967
                },
                "metadata": {
                    "trials": 1
                }
            },
            {
                "query": {
                    "x1": -0.558710238523035,
                    "x2": -1.546575882051504
                },
                "metrics": {
                    "outcome": -1.9130244590450443
                },
                "metadata": {
                    "trials": 1
                }
            },
            {
                "query": {
                    "x1": -0.5639143785883587,
                    "x2": -1.551866783975313
                },
                "metrics": {
                    "outcome": -1.912880588839882
                },
                "metadata": {
                    "trials": 1
                }
            }
        ],
        [
            {
                "query": {
                    "x1": -0.5463007565631395,
                    "x2": -1.5687748086453932
                },
                "metrics": {
                    "outcome": -1.9125334240626266
                },
                "metadata": {
                    "trials": 1
                }
            },
            {
                "query": {
                    "x1": -0.5437482005295892,
                    "x2": -1.5655563203179699
                },
                "metrics": {
                    "outcome": -1.9126513841357813
                },
                "metadata": {
                    "trials": 1
                }
            },
            {
                "query": {
                    "x1": -0.5493720018845147,
                    "x2": -1.5710377171241525
                },
                "metrics": {
                    "outcome": -1.9124619895828925
                },
                "metadata": {
                    "trials": 1
                }
            }
        ],
        [
            {
                "query": {
                    "x1": -0.5413714612548537,
                    "x2": -1.5246668962311904
                },
                "metrics": {
                    "outcome": -1.912593848075065
                },
                "metadata": {
                    "trials": 1
                }
            },
            {
                "query": {
                    "x1": -0.5438756160107678,
                    "x2": -1.527783065916041
                },
                "metrics": {
                    "outcome": -1.9127391713529707
                },
                "metadata": {
                    "trials": 1
                }
            },
            {
                "query": {
                    "x1": -0.5385318317188342,
                    "x2": -1.522214558137709
                },
                "metrics": {
                    "outcome": -1.912463300637091
                },
                "metadata": {
                    "trials": 1
                }
            }
        ],
        [
            {
                "query": {
                    "x1": 0.41226722933599147,
                    "x2": -1.395498489307832
                },
                "metrics": {
                    "outcome": -0.6714230901636087
                },
                "metadata": {
                    "trials": 1
                }
            },
            {
                "query": {
                    "x1": -0.5805644505571681,
                    "x2": -1.5686015448308122
                },
                "metrics": {
                    "outcome": -1.9117948850853947
                },
                "metadata": {
                    "trials": 1
                }
            },
            {
                "query": {
                    "x1": -0.577028510969127,
                    "x2": -1.5660190000763412
                },
                "metrics": {
                    "outcome": -1.9120865779069351
                },
                "metadata": {
                    "trials": 1
                }
            }
        ],
        [
            {
                "query": {
                    "x1": -0.5336145551748692,
                    "x2": -1.5463458903048997
                },
                "metrics": {
                    "outcome": -1.9129703967908473
                },
                "metadata": {
                    "trials": 1
                }
            },
            {
                "query": {
                    "x1": -0.5367252855050644,
                    "x2": -1.5474233096454246
                },
                "metrics": {
                    "outcome": -1.913062955611677
                },
                "metadata": {
                    "trials": 1
                }
            },
            {
                "query": {
                    "x1": -0.5306467162111733,
                    "x2": -1.544837267926744
                },
                "metrics": {
                    "outcome": -1.9128661657459807
                },
                "metadata": {
                    "trials": 1
                }
            }
        ],
        [
            {
                "query": {
                    "x1": -0.5561298753355296,
                    "x2": -1.5436561474682353
                },
                "metrics": {
                    "outcome": -1.9130547899554613
                },
                "metadata": {
                    "trials": 1
                }
            },
            {
                "query": {
                    "x1": -0.5532547962112617,
                    "x2": -1.5428077668544966
                },
                "metrics": {
                    "outcome": -1.9131126109859053
                },
                "metadata": {
                    "trials": 1
                }
            },
            {
                "query": {
                    "x1": -0.5589431672066285,
                    "x2": -1.5447335069450938
                },
                "metrics": {
                    "outcome": -1.912983804441959
                },
                "metadata": {
                    "trials": 1
                }
            }
        ],
        [
            {
                "query": {
                    "x1": -0.5411418716804426,
                    "x2": -1.5519140672082925
                },
                "metrics": {
                    "outcome": -1.9131061380373495
                },
                "metadata": {
                    "trials": 1
                }
            },
            {
                "query": {
                    "x1": -0.5384467166820914,
                    "x2": -1.5503331250152412
                },
                "metrics": {
                    "outcome": -1.913068000169619
                },
                "metadata": {
                    "trials": 1
                }
            },
            {
                "query": {
                    "x1": -0.5441158033546774,
                    "x2": -1.552261237374864
                },
                "metrics": {
                    "outcome": -1.913154906626636
                },
                "metadata": {
                    "trials": 1
                }
            }
        ],
        [
            {
                "query": {
                    "x1": -0.5562908206179046,
                    "x2": -1.5427033919726427
                },
                "metrics": {
                    "outcome": -1.9130291858822157
                },
                "metadata": {
                    "trials": 1
                }
            },
            {
                "query": {
                    "x1": -0.5538930933915885,
                    "x2": -1.540542380777425
                },
                "metrics": {
                    "outcome": -1.9130447127479773
                },
                "metadata": {
                    "trials": 1
                }
            },
            {
                "query": {
                    "x1": -0.5586940969712211,
                    "x2": -1.5447933072533202
                },
                "metrics": {
                    "outcome": -1.9129939887714174
                },
                "metadata": {
                    "trials": 1
                }
            }
        ],
        [
            {
                "query": {
                    "x1": -0.5244968658627602,
                    "x2": -1.5367453771943653
                },
                "metrics": {
                    "outcome": -1.9125940066567266
                },
                "metadata": {
                    "trials": 1
                }
            },
            {
                "query": {
                    "x1": -0.5277062740737096,
                    "x2": -1.535985752937315
                },
                "metrics": {
                    "outcome": -1.9127438335507025
                },
                "metadata": {
                    "trials": 1
                }
            },
            {
                "query": {
                    "x1": -0.5266335591919977,
                    "x2": -1.5398833666331035
                },
                "metrics": {
                    "outcome": -1.9127090795663615
                },
                "metadata": {
                    "trials": 1
                }
            }
        ],
        [
            {
                "query": {
                    "x1": -0.5486082493948214,
                    "x2": -1.5705396585259583
                },
                "metrics": {
                    "outcome": -1.912477938140948
                },
                "metadata": {
                    "trials": 1
                }
            },
            {
                "query": {
                    "x1": -0.5467603455826247,
                    "x2": -1.5669671889259593
                },
                "metrics": {
                    "outcome": -1.9126534101689647
                },
                "metadata": {
                    "trials": 1
                }
            },
            {
                "query": {
                    "x1": -0.5514577347250209,
                    "x2": -1.572673407316875
                },
                "metrics": {
                    "outcome": -1.9123921857521333
                },
                "metadata": {
                    "trials": 1
                }
            }
        ],
        [
            {
                "query": {
                    "x1": -0.5405418052812138,
                    "x2": -1.5195307295992035
                },
                "metrics": {
                    "outcome": -1.9122680648159402
                },
                "metadata": {
                    "trials": 1
                }
            },
            {
                "query": {
                    "x1": -0.5430732058206195,
                    "x2": -1.5225707831967008
                },
                "metrics": {
                    "outcome": -1.9124427100665393
                },
                "metadata": {
                    "trials": 1
                }
            },
            {
                "query": {
                    "x1": -0.5376449187099204,
                    "x2": -1.5172445620957926
                },
                "metrics": {
                    "outcome": -1.9121259303194562
                },
                "metadata": {
                    "trials": 1
                }
            }
        ],
        [
            {
                "query": {
                    "x1": -0.558303800134795,
                    "x2": -1.5475321926436638
                },
                "metrics": {
                    "outcome": -1.9130503741129887
                },
                "metadata": {
                    "trials": 1
                }
            },
            {
                "query": {
                    "x1": -0.6682325873322764,
                    "x2": -1.6114203332699757
                },
                "metrics": {
                    "outcome": -1.8957055189552983
                },
                "metadata": {
                    "trials": 1
                }
            },
            {
                "query": {
                    "x1": -0.6584433766384614,
                    "x2": -1.609007002364461
                },
                "metrics": {
                    "outcome": -1.8982746550704315
                },
                "metadata": {
                    "trials": 1
                }
            }
        ],
        [
            {
                "query": {
                    "x1": -0.5570956322047707,
                    "x2": -1.547666208974543
                },
                "metrics": {
                    "outcome": -1.913087598656702
                },
                "metadata": {
                    "trials": 1
                }
            },
            {
                "query": {
                    "x1": -0.5543829755117212,
                    "x2": -1.5469819193094876
                },
                "metrics": {
                    "outcome": -1.9131471727542544
                },
                "metadata": {
                    "trials": 1
                }
            },
            {
                "query": {
                    "x1": -0.5597054390878767,
                    "x2": -1.5488117974034314
                },
                "metrics": {
                    "outcome": -1.9130181619424116
                },
                "metadata": {
                    "trials": 1
                }
            }
        ],
        [
            {
                "query": {
                    "x1": -0.5382397226433705,
                    "x2": -1.5499029917397102
                },
                "metrics": {
                    "outcome": -1.9130699753352047
                },
                "metadata": {
                    "trials": 1
                }
            },
            {
                "query": {
                    "x1": -0.535618339127316,
                    "x2": -1.5486215854931467
                },
                "metrics": {
                    "outcome": -1.9130091280997843
                },
                "metadata": {
                    "trials": 1
                }
            },
            {
                "query": {
                    "x1": -0.5409784776932395,
                    "x2": -1.5506432848957847
                },
                "metrics": {
                    "outcome": -1.9131262142275194
                },
                "metadata": {
                    "trials": 1
                }
            }
        ],
        [
            {
                "query": {
                    "x1": -0.5582716982442363,
                    "x2": -1.5476718065696626
                },
                "metrics": {
                    "outcome": -1.9130529772669762
                },
                "metadata": {
                    "trials": 1
                }
            },
            {
                "query": {
                    "x1": -0.5605896710199434,
                    "x2": -1.5496485224655971
                },
                "metrics": {
                    "outcome": -1.912994892188879
                },
                "metadata": {
                    "trials": 1
                }
            },
            {
                "query": {
                    "x1": -0.5558479314735558,
                    "x2": -1.5459719048905447
                },
                "metrics": {
                    "outcome": -1.913101582747652
                },
                "metadata": {
                    "trials": 1
                }
            }
        ],
        [
            {
                "query": {
                    "x1": -0.5264036511358771,
                    "x2": -1.5400683348955513
                },
                "metrics": {
                    "outcome": -1.9126968189116331
                },
                "metadata": {
                    "trials": 1
                }
            },
            {
                "query": {
                    "x1": -0.5290584490867556,
                    "x2": -1.5421947837914534
                },
                "metrics": {
                    "outcome": -1.912817470999085
                },
                "metadata": {
                    "trials": 1
                }
            },
            {
                "query": {
                    "x1": -0.5723401616614071,
                    "x2": -1.5670139166606587
                },
                "metrics": {
                    "outcome": -1.9123270530550402
                },
                "metadata": {
                    "trials": 1
                }
            }
        ],
        [
            {
                "query": {
                    "x1": -0.552578969112174,
                    "x2": -1.543307880241307
                },
                "metrics": {
                    "outcome": -1.913136038581937
                },
                "metadata": {
                    "trials": 1
                }
            },
            {
                "query": {
                    "x1": -0.5503468728614396,
                    "x2": -1.5416430685818123
                },
                "metrics": {
                    "outcome": -1.9131446927223292
                },
                "metadata": {
                    "trials": 1
                }
            },
            {
                "query": {
                    "x1": -0.5503435710748327,
                    "x2": -1.5450940850131385
                },
                "metrics": {
                    "outcome": -1.9131949273222086
                },
                "metadata": {
                    "trials": 1
                }
            }
        ],
        [
            {
                "query": {
                    "x1": -0.5440819154180753,
                    "x2": -1.55966513757422
                },
                "metrics": {
                    "outcome": -1.9129423157540821
                },
                "metadata": {
                    "trials": 1
                }
            },
            {
                "query": {
                    "x1": -0.5460264777427506,
                    "x2": -1.562281077082674
                },
                "metrics": {
                    "outcome": -1.9128751563840463
                },
                "metadata": {
                    "trials": 1
                }
            },
            {
                "query": {
                    "x1": -0.5420563013918747,
                    "x2": -1.5571877412959672
                },
                "metrics": {
                    "outcome": -1.9129838229374152
                },
                "metadata": {
                    "trials": 1
                }
            }
        ]
    ],
    "best_results": [
        {
            "query": {
                "x1": -0.5503435710748327,
                "x2": -1.5450940850131385
            },
            "metrics": [
                {
                    "name": "outcome",
                    "value": -1.9131949273222086
                }
            ]
        }
    ]
}