{
    "date": "05/11/2022 12:03:32",
    "basic_params": {
        "active_variables": [
            "x"
        ],
        "default_query": {},
        "metric": "basic",
        "n_trials": 1
    },
    "objective_function": {
        "name": "Gramacy1D",
        "params": {}
    },
    "optimizer": {
        "name": "BBO-LP(LCB)",
        "params": {
            "lower_bound": [
                0.5
            ],
            "upper_bound": [
                2.5
            ],
            "invert_metric": false,
            "bopt_params": {
                "n_init_samples": 12,
                "n_iterations": 23,
                "n_iter_relearn": 5,
                "verbose_level": 0,
                "n_parallel_samples": 6,
                "par_type": "PAR_BBO",
                "crit_name": "cLP(cLCB)",
                "n_crit_params": 3,
                "crit_params": [
                    6,
                    1,
                    1.0
                ]
            }
        }
    },
    "iterations": [
        [
            {
                "query": {
                    "x": 1.0433185171180717
                },
                "metrics": {
                    "outcome": 0.4687245796053051
                },
                "metadata": {
                    "trials": 1
                }
            }
        ],
        [
            {
                "query": {
                    "x": 1.3755404230129593
                },
                "metrics": {
                    "outcome": -0.23273844581062317
                },
                "metadata": {
                    "trials": 1
                }
            }
        ],
        [
            {
                "query": {
                    "x": 1.1773596561979502
                },
                "metrics": {
                    "outcome": -0.2762385991769982
                },
                "metadata": {
                    "trials": 1
                }
            }
        ],
        [
            {
                "query": {
                    "x": 2.3028974385233596
                },
                "metrics": {
                    "outcome": 2.861911921737476
                },
                "metadata": {
                    "trials": 1
                }
            }
        ],
        [
            {
                "query": {
                    "x": 1.6315117854004104
                },
                "metrics": {
                    "outcome": 0.41525446792419285
                },
                "metadata": {
                    "trials": 1
                }
            }
        ],
        [
            {
                "query": {
                    "x": 2.133884271451582
                },
                "metrics": {
                    "outcome": 1.4480882936159534
                },
                "metadata": {
                    "trials": 1
                }
            }
        ],
        [
            {
                "query": {
                    "x": 0.6805706523979703
                },
                "metrics": {
                    "outcome": 0.4315194356940271
                },
                "metadata": {
                    "trials": 1
                }
            }
        ],
        [
            {
                "query": {
                    "x": 2.4564231711750226
                },
                "metrics": {
                    "outcome": 4.698773490871011
                },
                "metadata": {
                    "trials": 1
                }
            }
        ],
        [
            {
                "query": {
                    "x": 1.9744338191812858
                },
                "metrics": {
                    "outcome": 0.7193683647817011
                },
                "metadata": {
                    "trials": 1
                }
            }
        ],
        [
            {
                "query": {
                    "x": 1.8050854701238375
                },
                "metrics": {
                    "outcome": 0.4641808215619682
                },
                "metadata": {
                    "trials": 1
                }
            }
        ],
        [
            {
                "query": {
                    "x": 0.838417498821703
                },
                "metrics": {
                    "outcome": 0.5579963403579996
                },
                "metadata": {
                    "trials": 1
                }
            }
        ],
        [
            {
                "query": {
                    "x": 0.5684122662836065
                },
                "metrics": {
                    "outcome": -0.701844840751735
                },
                "metadata": {
                    "trials": 1
                }
            }
        ],
        [
            {
                "query": {
                    "x": 0.5
                },
                "metrics": {
                    "outcome": 0.06250000000000061
                },
                "metadata": {
                    "trials": 1
                }
            },
            {
                "query": {
                    "x": 0.5352486793842056
                },
                "metrics": {
                    "outcome": -0.788963965919669
                },
                "metadata": {
                    "trials": 1
                }
            },
            {
                "query": {
                    "x": 1.271352758785042
                },
                "metrics": {
                    "outcome": 0.31348501527172634
                },
                "metadata": {
                    "trials": 1
                }
            },
            {
                "query": {
                    "x": 0.561761931775213
                },
                "metrics": {
                    "outcome": -0.7930970184798415
                },
                "metadata": {
                    "trials": 1
                }
            },
            {
                "query": {
                    "x": 0.5131785791820754
                },
                "metrics": {
                    "outcome": -0.3357928147763734
                },
                "metadata": {
                    "trials": 1
                }
            },
            {
                "query": {
                    "x": 0.584143935811019
                },
                "metrics": {
                    "outcome": -0.37905578985031746
                },
                "metadata": {
                    "trials": 1
                }
            }
        ],
        [
            {
                "query": {
                    "x": 0.5485946099427168
                },
                "metrics": {
                    "outcome": -0.8690106980401373
                },
                "metadata": {
                    "trials": 1
                }
            },
            {
                "query": {
                    "x": 0.5511191936469835
                },
                "metrics": {
                    "outcome": -0.8660841977187177
                },
                "metadata": {
                    "trials": 1
                }
            },
            {
                "query": {
                    "x": 0.5460738883088538
                },
                "metrics": {
                    "outcome": -0.8662147971215344
                },
                "metadata": {
                    "trials": 1
                }
            },
            {
                "query": {
                    "x": 0.553350411039739
                },
                "metrics": {
                    "outcome": -0.8587872289173922
                },
                "metadata": {
                    "trials": 1
                }
            },
            {
                "query": {
                    "x": 0.5438312059512465
                },
                "metrics": {
                    "outcome": -0.8588900759387664
                },
                "metadata": {
                    "trials": 1
                }
            },
            {
                "query": {
                    "x": 0.5554535755951837
                },
                "metrics": {
                    "outcome": -0.8479316800264604
                },
                "metadata": {
                    "trials": 1
                }
            }
        ],
        [
            {
                "query": {
                    "x": 0.5485618255314761
                },
                "metrics": {
                    "outcome": -0.8690111338102763
                },
                "metadata": {
                    "trials": 1
                }
            },
            {
                "query": {
                    "x": 0.550944625687121
                },
                "metrics": {
                    "outcome": -0.8664696103445879
                },
                "metadata": {
                    "trials": 1
                }
            },
            {
                "query": {
                    "x": 0.5461811533466453
                },
                "metrics": {
                    "outcome": -0.8664508348083293
                },
                "metadata": {
                    "trials": 1
                }
            },
            {
                "query": {
                    "x": 0.5532588416935416
                },
                "metrics": {
                    "outcome": -0.8591727280572516
                },
                "metadata": {
                    "trials": 1
                }
            },
            {
                "query": {
                    "x": 0.5437732291801829
                },
                "metrics": {
                    "outcome": -0.8586402122660841
                },
                "metadata": {
                    "trials": 1
                }
            },
            {
                "query": {
                    "x": 0.5557675069068971
                },
                "metrics": {
                    "outcome": -0.8459850238942571
                },
                "metadata": {
                    "trials": 1
                }
            }
        ],
        [
            {
                "query": {
                    "x": 0.5485591535498626
                },
                "metrics": {
                    "outcome": -0.8690111267059093
                },
                "metadata": {
                    "trials": 1
                }
            },
            {
                "query": {
                    "x": 0.5506531639017016
                },
                "metrics": {
                    "outcome": -0.867052733095998
                },
                "metadata": {
                    "trials": 1
                }
            },
            {
                "query": {
                    "x": 0.5464664195478522
                },
                "metrics": {
                    "outcome": -0.8670278461925884
                },
                "metadata": {
                    "trials": 1
                }
            },
            {
                "query": {
                    "x": 0.5526871153663783
                },
                "metrics": {
                    "outcome": -0.8614138298271562
                },
                "metadata": {
                    "trials": 1
                }
            },
            {
                "query": {
                    "x": 0.5443620592243589
                },
                "metrics": {
                    "outcome": -0.8610360960330717
                },
                "metadata": {
                    "trials": 1
                }
            },
            {
                "query": {
                    "x": 0.5548652439748455
                },
                "metrics": {
                    "outcome": -0.8513527964420892
                },
                "metadata": {
                    "trials": 1
                }
            }
        ],
        [
            {
                "query": {
                    "x": 0.5485584878032979
                },
                "metrics": {
                    "outcome": -0.8690111239360965
                },
                "metadata": {
                    "trials": 1
                }
            },
            {
                "query": {
                    "x": 0.5504899029717466
                },
                "metrics": {
                    "outcome": -0.8673463283109607
                },
                "metadata": {
                    "trials": 1
                }
            },
            {
                "query": {
                    "x": 0.546627997691332
                },
                "metrics": {
                    "outcome": -0.8673219805607976
                },
                "metadata": {
                    "trials": 1
                }
            },
            {
                "query": {
                    "x": 0.552366258828964
                },
                "metrics": {
                    "outcome": -0.8625459812830996
                },
                "metadata": {
                    "trials": 1
                }
            },
            {
                "query": {
                    "x": 0.5446922094301886
                },
                "metrics": {
                    "outcome": -0.8622417879311188
                },
                "metadata": {
                    "trials": 1
                }
            },
            {
                "query": {
                    "x": 0.554362751032227
                },
                "metrics": {
                    "outcome": -0.8540391286704812
                },
                "metadata": {
                    "trials": 1
                }
            }
        ],
        [
            {
                "query": {
                    "x": 0.5485617784941293
                },
                "metrics": {
                    "outcome": -0.8690111337407598
                },
                "metadata": {
                    "trials": 1
                }
            },
            {
                "query": {
                    "x": 0.5506452228148803
                },
                "metrics": {
                    "outcome": -0.8670675629396272
                },
                "metadata": {
                    "trials": 1
                }
            },
            {
                "query": {
                    "x": 0.5464796061131172
                },
                "metrics": {
                    "outcome": -0.867052736649589
                },
                "metadata": {
                    "trials": 1
                }
            },
            {
                "query": {
                    "x": 0.5526662958095712
                },
                "metrics": {
                    "outcome": -0.8614900355195271
                },
                "metadata": {
                    "trials": 1
                }
            },
            {
                "query": {
                    "x": 0.5444510054921399
                },
                "metrics": {
                    "outcome": -0.8613706571643724
                },
                "metadata": {
                    "trials": 1
                }
            },
            {
                "query": {
                    "x": 0.5547913979790259
                },
                "metrics": {
                    "outcome": -0.8517612166843176
                },
                "metadata": {
                    "trials": 1
                }
            }
        ],
        [
            {
                "query": {
                    "x": 0.548561125036072
                },
                "metrics": {
                    "outcome": -0.869011132569081
                },
                "metadata": {
                    "trials": 1
                }
            },
            {
                "query": {
                    "x": 0.5505586450115407
                },
                "metrics": {
                    "outcome": -0.8672256020093305
                },
                "metadata": {
                    "trials": 1
                }
            },
            {
                "query": {
                    "x": 0.5465650737950214
                },
                "metrics": {
                    "outcome": -0.8672102449440894
                },
                "metadata": {
                    "trials": 1
                }
            },
            {
                "query": {
                    "x": 0.5524961217333437
                },
                "metrics": {
                    "outcome": -0.8620986538051352
                },
                "metadata": {
                    "trials": 1
                }
            },
            {
                "query": {
                    "x": 0.544620471789245
                },
                "metrics": {
                    "outcome": -0.861988216337023
                },
                "metadata": {
                    "trials": 1
                }
            },
            {
                "query": {
                    "x": 0.5545265240109221
                },
                "metrics": {
                    "outcome": -0.8531875199998882
                },
                "metadata": {
                    "trials": 1
                }
            }
        ],
        [
            {
                "query": {
                    "x": 0.5485607347230224
                },
                "metrics": {
                    "outcome": -0.8690111316859481
                },
                "metadata": {
                    "trials": 1
                }
            },
            {
                "query": {
                    "x": 0.5504885185003978
                },
                "metrics": {
                    "outcome": -0.8673487164952612
                },
                "metadata": {
                    "trials": 1
                }
            },
            {
                "query": {
                    "x": 0.546634487280747
                },
                "metrics": {
                    "outcome": -0.8673333004051405
                },
                "metadata": {
                    "trials": 1
                }
            },
            {
                "query": {
                    "x": 0.5523581025562286
                },
                "metrics": {
                    "outcome": -0.862573581459457
                },
                "metadata": {
                    "trials": 1
                }
            },
            {
                "query": {
                    "x": 0.5447570112578118
                },
                "metrics": {
                    "outcome": -0.8624668292243389
                },
                "metadata": {
                    "trials": 1
                }
            },
            {
                "query": {
                    "x": 0.5543135206761497
                },
                "metrics": {
                    "outcome": -0.8542905926791534
                },
                "metadata": {
                    "trials": 1
                }
            }
        ],
        [
            {
                "query": {
                    "x": 0.5485604940005692
                },
                "metrics": {
                    "outcome": -0.8690111310729423
                },
                "metadata": {
                    "trials": 1
                }
            },
            {
                "query": {
                    "x": 0.5504299425425052
                },
                "metrics": {
                    "outcome": -0.8674481936187366
                },
                "metadata": {
                    "trials": 1
                }
            },
            {
                "query": {
                    "x": 0.5466925918692285
                },
                "metrics": {
                    "outcome": -0.8674329540877359
                },
                "metadata": {
                    "trials": 1
                }
            },
            {
                "query": {
                    "x": 0.5522426908681008
                },
                "metrics": {
                    "outcome": -0.8629578500145992
                },
                "metadata": {
                    "trials": 1
                }
            },
            {
                "query": {
                    "x": 0.5448708840130728
                },
                "metrics": {
                    "outcome": -0.8628530516122663
                },
                "metadata": {
                    "trials": 1
                }
            },
            {
                "query": {
                    "x": 0.5541361377249185
                },
                "metrics": {
                    "outcome": -0.8551792585580921
                },
                "metadata": {
                    "trials": 1
                }
            }
        ],
        [
            {
                "query": {
                    "x": 0.5485603483033726
                },
                "metrics": {
                    "outcome": -0.8690111306765916
                },
                "metadata": {
                    "trials": 1
                }
            },
            {
                "query": {
                    "x": 0.55037986911138
                },
                "metrics": {
                    "outcome": -0.8675308062605401
                },
                "metadata": {
                    "trials": 1
                }
            },
            {
                "query": {
                    "x": 0.5467423409781133
                },
                "metrics": {
                    "outcome": -0.8675158493346603
                },
                "metadata": {
                    "trials": 1
                }
            },
            {
                "query": {
                    "x": 0.5521439665395478
                },
                "metrics": {
                    "outcome": -0.8632772494311979
                },
                "metadata": {
                    "trials": 1
                }
            },
            {
                "query": {
                    "x": 0.5449682202811671
                },
                "metrics": {
                    "outcome": -0.863173860764052
                },
                "metadata": {
                    "trials": 1
                }
            },
            {
                "query": {
                    "x": 0.553984705758566
                },
                "metrics": {
                    "outcome": -0.8559163464529046
                },
                "metadata": {
                    "trials": 1
                }
            }
        ],
        [
            {
                "query": {
                    "x": 0.5485610993712402
                },
                "metrics": {
                    "outcome": -0.8690111325152213
                },
                "metadata": {
                    "trials": 1
                }
            },
            {
                "query": {
                    "x": 0.5503194218586562
                },
                "metrics": {
                    "outcome": -0.8676275551584425
                },
                "metadata": {
                    "trials": 1
                }
            },
            {
                "query": {
                    "x": 0.5468040335270355
                },
                "metrics": {
                    "outcome": -0.8676155346497754
                },
                "metadata": {
                    "trials": 1
                }
            },
            {
                "query": {
                    "x": 0.552079407910951
                },
                "metrics": {
                    "outcome": -0.8634814692626182
                },
                "metadata": {
                    "trials": 1
                }
            },
            {
                "query": {
                    "x": 0.5450922181640225
                },
                "metrics": {
                    "outcome": -0.8635700936669903
                },
                "metadata": {
                    "trials": 1
                }
            },
            {
                "query": {
                    "x": 0.5538569700981625
                },
                "metrics": {
                    "outcome": -0.8565226260255018
                },
                "metadata": {
                    "trials": 1
                }
            }
        ],
        [
            {
                "query": {
                    "x": 0.548561051930267
                },
                "metrics": {
                    "outcome": -0.8690111324141025
                },
                "metadata": {
                    "trials": 1
                }
            },
            {
                "query": {
                    "x": 0.5502811842762564
                },
                "metrics": {
                    "outcome": -0.8676870733489002
                },
                "metadata": {
                    "trials": 1
                }
            },
            {
                "query": {
                    "x": 0.546842146568505
                },
                "metrics": {
                    "outcome": -0.867675398241338
                },
                "metadata": {
                    "trials": 1
                }
            },
            {
                "query": {
                    "x": 0.5519888628596483
                },
                "metrics": {
                    "outcome": -0.8637617009211501
                },
                "metadata": {
                    "trials": 1
                }
            },
            {
                "query": {
                    "x": 0.545166787758915
                },
                "metrics": {
                    "outcome": -0.8638016628695518
                },
                "metadata": {
                    "trials": 1
                }
            },
            {
                "query": {
                    "x": 0.5537255159647037
                },
                "metrics": {
                    "outcome": -0.8571317569966976
                },
                "metadata": {
                    "trials": 1
                }
            }
        ],
        [
            {
                "query": {
                    "x": 0.5485610424959266
                },
                "metrics": {
                    "outcome": -0.8690111323937523
                },
                "metadata": {
                    "trials": 1
                }
            },
            {
                "query": {
                    "x": 0.550247057971495
                },
                "metrics": {
                    "outcome": -0.8677390904802171
                },
                "metadata": {
                    "trials": 1
                }
            },
            {
                "query": {
                    "x": 0.5468762197757536
                },
                "metrics": {
                    "outcome": -0.8677278038334942
                },
                "metadata": {
                    "trials": 1
                }
            },
            {
                "query": {
                    "x": 0.5452334263368115
                },
                "metrics": {
                    "outcome": -0.8640043349165716
                },
                "metadata": {
                    "trials": 1
                }
            },
            {
                "query": {
                    "x": 0.551881592500113
                },
                "metrics": {
                    "outcome": -0.8640843350165063
                },
                "metadata": {
                    "trials": 1
                }
            },
            {
                "query": {
                    "x": 0.5535798895509839
                },
                "metrics": {
                    "outcome": -0.8577890127485688
                },
                "metadata": {
                    "trials": 1
                }
            }
        ],
        [
            {
                "query": {
                    "x": 0.5485610010906039
                },
                "metrics": {
                    "outcome": -0.8690111323034916
                },
                "metadata": {
                    "trials": 1
                }
            },
            {
                "query": {
                    "x": 0.5502162063561441
                },
                "metrics": {
                    "outcome": -0.8677852216490021
                },
                "metadata": {
                    "trials": 1
                }
            },
            {
                "query": {
                    "x": 0.5469069458858336
                },
                "metrics": {
                    "outcome": -0.8677741608554161
                },
                "metadata": {
                    "trials": 1
                }
            },
            {
                "query": {
                    "x": 0.5518206262528751
                },
                "metrics": {
                    "outcome": -0.8642631737055988
                },
                "metadata": {
                    "trials": 1
                }
            },
            {
                "query": {
                    "x": 0.5452935073802403
                },
                "metrics": {
                    "outcome": -0.8641836100466818
                },
                "metadata": {
                    "trials": 1
                }
            },
            {
                "query": {
                    "x": 0.5534866431307877
                },
                "metrics": {
                    "outcome": -0.8582001649266743
                },
                "metadata": {
                    "trials": 1
                }
            }
        ],
        [
            {
                "query": {
                    "x": 0.5485609869198628
                },
                "metrics": {
                    "outcome": -0.8690111322722464
                },
                "metadata": {
                    "trials": 1
                }
            },
            {
                "query": {
                    "x": 0.5501882154854671
                },
                "metrics": {
                    "outcome": -0.8678263402008445
                },
                "metadata": {
                    "trials": 1
                }
            },
            {
                "query": {
                    "x": 0.5469348815088309
                },
                "metrics": {
                    "outcome": -0.8678155665916953
                },
                "metadata": {
                    "trials": 1
                }
            },
            {
                "query": {
                    "x": 0.5517652751560066
                },
                "metrics": {
                    "outcome": -0.8644226971781147
                },
                "metadata": {
                    "trials": 1
                }
            },
            {
                "query": {
                    "x": 0.5453481307380071
                },
                "metrics": {
                    "outcome": -0.8643437584612474
                },
                "metadata": {
                    "trials": 1
                }
            },
            {
                "query": {
                    "x": 0.5534019599782289
                },
                "metrics": {
                    "outcome": -0.858566993009597
                },
                "metadata": {
                    "trials": 1
                }
            }
        ],
        [
            {
                "query": {
                    "x": 0.5485609691234598
                },
                "metrics": {
                    "outcome": -0.8690111322327506
                },
                "metadata": {
                    "trials": 1
                }
            },
            {
                "query": {
                    "x": 0.550162584682758
                },
                "metrics": {
                    "outcome": -0.8678633783535993
                },
                "metadata": {
                    "trials": 1
                }
            },
            {
                "query": {
                    "x": 0.5469604296659244
                },
                "metrics": {
                    "outcome": -0.8678528156607073
                },
                "metadata": {
                    "trials": 1
                }
            },
            {
                "query": {
                    "x": 0.5516998854511818
                },
                "metrics": {
                    "outcome": -0.8646076634793759
                },
                "metadata": {
                    "trials": 1
                }
            },
            {
                "query": {
                    "x": 0.545398126985264
                },
                "metrics": {
                    "outcome": -0.8644879687095448
                },
                "metadata": {
                    "trials": 1
                }
            },
            {
                "query": {
                    "x": 0.5533087809205133
                },
                "metrics": {
                    "outcome": -0.8589633955944812
                },
                "metadata": {
                    "trials": 1
                }
            }
        ],
        [
            {
                "query": {
                    "x": 0.548560957499225
                },
                "metrics": {
                    "outcome": -0.8690111322067988
                },
                "metadata": {
                    "trials": 1
                }
            },
            {
                "query": {
                    "x": 0.550139007815869
                },
                "metrics": {
                    "outcome": -0.8678969305121562
                },
                "metadata": {
                    "trials": 1
                }
            },
            {
                "query": {
                    "x": 0.5469839633934211
                },
                "metrics": {
                    "outcome": -0.8678866053144899
                },
                "metadata": {
                    "trials": 1
                }
            },
            {
                "query": {
                    "x": 0.5516679796679737
                },
                "metrics": {
                    "outcome": -0.864696542385781
                },
                "metadata": {
                    "trials": 1
                }
            },
            {
                "query": {
                    "x": 0.545444191727152
                },
                "metrics": {
                    "outcome": -0.8646188321679268
                },
                "metadata": {
                    "trials": 1
                }
            },
            {
                "query": {
                    "x": 0.5532530664293762
                },
                "metrics": {
                    "outcome": -0.8591967960039124
                },
                "metadata": {
                    "trials": 1
                }
            }
        ],
        [
            {
                "query": {
                    "x": 0.5485609745344358
                },
                "metrics": {
                    "outcome": -0.8690111322447892
                },
                "metadata": {
                    "trials": 1
                }
            },
            {
                "query": {
                    "x": 0.5501172383598918
                },
                "metrics": {
                    "outcome": -0.8679274697972805
                },
                "metadata": {
                    "trials": 1
                }
            },
            {
                "query": {
                    "x": 0.5470057414116057
                },
                "metrics": {
                    "outcome": -0.8679174278693764
                },
                "metadata": {
                    "trials": 1
                }
            },
            {
                "query": {
                    "x": 0.5516249454421294
                },
                "metrics": {
                    "outcome": -0.8648149953835191
                },
                "metadata": {
                    "trials": 1
                }
            },
            {
                "query": {
                    "x": 0.5454868396498608
                },
                "metrics": {
                    "outcome": -0.8647382732919129
                },
                "metadata": {
                    "trials": 1
                }
            },
            {
                "query": {
                    "x": 0.5531871848278617
                },
                "metrics": {
                    "outcome": -0.8594692903937681
                },
                "metadata": {
                    "trials": 1
                }
            }
        ],
        [
            {
                "query": {
                    "x": 0.5485609975177168
                },
                "metrics": {
                    "outcome": -0.869011132295631
                },
                "metadata": {
                    "trials": 1
                }
            },
            {
                "query": {
                    "x": 0.5500969985263766
                },
                "metrics": {
                    "outcome": -0.8679554835771327
                },
                "metadata": {
                    "trials": 1
                }
            },
            {
                "query": {
                    "x": 0.5470259917788942
                },
                "metrics": {
                    "outcome": -0.8679457034670532
                },
                "metadata": {
                    "trials": 1
                }
            },
            {
                "query": {
                    "x": 0.5515757192730287
                },
                "metrics": {
                    "outcome": -0.864948483049029
                },
                "metadata": {
                    "trials": 1
                }
            },
            {
                "query": {
                    "x": 0.5455265044419761
                },
                "metrics": {
                    "outcome": -0.8648478793179603
                },
                "metadata": {
                    "trials": 1
                }
            },
            {
                "query": {
                    "x": 0.5531161357232605
                },
                "metrics": {
                    "outcome": -0.8597589073658991
                },
                "metadata": {
                    "trials": 1
                }
            }
        ],
        [
            {
                "query": {
                    "x": 0.5485610464415909
                },
                "metrics": {
                    "outcome": -0.869011132402273
                },
                "metadata": {
                    "trials": 1
                }
            },
            {
                "query": {
                    "x": 0.5500781321741014
                },
                "metrics": {
                    "outcome": -0.8679812668442416
                },
                "metadata": {
                    "trials": 1
                }
            },
            {
                "query": {
                    "x": 0.5470449235312688
                },
                "metrics": {
                    "outcome": -0.8679718024628014
                },
                "metadata": {
                    "trials": 1
                }
            },
            {
                "query": {
                    "x": 0.5515504092893256
                },
                "metrics": {
                    "outcome": -0.8650162820117396
                },
                "metadata": {
                    "trials": 1
                }
            },
            {
                "query": {
                    "x": 0.5455635835380042
                },
                "metrics": {
                    "outcome": -0.8649490500161854
                },
                "metadata": {
                    "trials": 1
                }
            },
            {
                "query": {
                    "x": 0.5530717233181749
                },
                "metrics": {
                    "outcome": -0.8599377036163706
                },
                "metadata": {
                    "trials": 1
                }
            }
        ],
        [
            {
                "query": {
                    "x": 0.5485610346715113
                },
                "metrics": {
                    "outcome": -0.8690111323768138
                },
                "metadata": {
                    "trials": 1
                }
            },
            {
                "query": {
                    "x": 0.5500604117414065
                },
                "metrics": {
                    "outcome": -0.8680051944978155
                },
                "metadata": {
                    "trials": 1
                }
            },
            {
                "query": {
                    "x": 0.5470625930745123
                },
                "metrics": {
                    "outcome": -0.8679958689763121
                },
                "metadata": {
                    "trials": 1
                }
            },
            {
                "query": {
                    "x": 0.5455982680951137
                },
                "metrics": {
                    "outcome": -0.8650425586297237
                },
                "metadata": {
                    "trials": 1
                }
            },
            {
                "query": {
                    "x": 0.5515126329906934
                },
                "metrics": {
                    "outcome": -0.8651164203548588
                },
                "metadata": {
                    "trials": 1
                }
            },
            {
                "query": {
                    "x": 0.5530152128046282
                },
                "metrics": {
                    "outcome": -0.8601627102075419
                },
                "metadata": {
                    "trials": 1
                }
            }
        ],
        [
            {
                "query": {
                    "x": 0.5485610619566051
                },
                "metrics": {
                    "outcome": -0.8690111324356421
                },
                "metadata": {
                    "trials": 1
                }
            },
            {
                "query": {
                    "x": 0.5500437938222706
                },
                "metrics": {
                    "outcome": -0.868027378553216
                },
                "metadata": {
                    "trials": 1
                }
            },
            {
                "query": {
                    "x": 0.5470792333411512
                },
                "metrics": {
                    "outcome": -0.8680182754454221
                },
                "metadata": {
                    "trials": 1
                }
            },
            {
                "query": {
                    "x": 0.551489167204129
                },
                "metrics": {
                    "outcome": -0.8651779879182055
                },
                "metadata": {
                    "trials": 1
                }
            },
            {
                "query": {
                    "x": 0.5456309105379393
                },
                "metrics": {
                    "outcome": -0.8651295653481961
                },
                "metadata": {
                    "trials": 1
                }
            },
            {
                "query": {
                    "x": 0.5529748872082826
                },
                "metrics": {
                    "outcome": -0.8603215650720863
                },
                "metadata": {
                    "trials": 1
                }
            }
        ],
        [
            {
                "query": {
                    "x": 0.548561102800617
                },
                "metrics": {
                    "outcome": -0.8690111325224523
                },
                "metadata": {
                    "trials": 1
                }
            },
            {
                "query": {
                    "x": 0.5500281517227688
                },
                "metrics": {
                    "outcome": -0.8680480345188275
                },
                "metadata": {
                    "trials": 1
                }
            },
            {
                "query": {
                    "x": 0.5470949285424551
                },
                "metrics": {
                    "outcome": -0.8680391799102649
                },
                "metadata": {
                    "trials": 1
                }
            },
            {
                "query": {
                    "x": 0.5514489258828121
                },
                "metrics": {
                    "outcome": -0.8652824346674187
                },
                "metadata": {
                    "trials": 1
                }
            },
            {
                "query": {
                    "x": 0.5456617125210117
                },
                "metrics": {
                    "outcome": -0.8652107804420018
                },
                "metadata": {
                    "trials": 1
                }
            },
            {
                "query": {
                    "x": 0.5529176448399806
                },
                "metrics": {
                    "outcome": -0.8605446154955618
                },
                "metadata": {
                    "trials": 1
                }
            }
        ]
    ],
    "best_results": [
        {
            "query": {
                "x": 0.5485618255314761
            },
            "metrics": [
                {
                    "name": "outcome",
                    "value": -0.8690111338102763
                }
            ]
        }
    ]
}