{
    "date": "05/11/2022 12:04:51",
    "basic_params": {
        "active_variables": [
            "x1",
            "x2"
        ],
        "default_query": {},
        "metric": "basic",
        "n_trials": 1
    },
    "objective_function": {
        "name": "Gramacy2D",
        "params": {}
    },
    "optimizer": {
        "name": "BBO-LP(LCBa)",
        "params": {
            "lower_bound": [
                -2.0,
                -2.0
            ],
            "upper_bound": [
                6.0,
                6.0
            ],
            "invert_metric": false,
            "bopt_params": {
                "n_init_samples": 12,
                "n_iterations": 23,
                "n_iter_relearn": 5,
                "verbose_level": 0,
                "n_parallel_samples": 6,
                "par_type": "PAR_BBO",
                "crit_name": "cLP(cLCBa)",
                "n_crit_params": 3,
                "crit_params": [
                    6,
                    1,
                    5.0
                ]
            }
        }
    },
    "iterations": [
        [
            {
                "query": {
                    "x1": -0.28249845653772354,
                    "x2": -1.8422809905993442
                },
                "metrics": {
                    "outcome": -0.008757132058117154
                },
                "metadata": {
                    "trials": 1
                }
            }
        ],
        [
            {
                "query": {
                    "x1": -1.662292286908875,
                    "x2": 0.435247621809443
                },
                "metrics": {
                    "outcome": -0.08677310167565655
                },
                "metadata": {
                    "trials": 1
                }
            }
        ],
        [
            {
                "query": {
                    "x1": 0.5609451799343028,
                    "x2": 3.72370992663006
                },
                "metrics": {
                    "outcome": 3.893421919121606e-07
                },
                "metadata": {
                    "trials": 1
                }
            }
        ],
        [
            {
                "query": {
                    "x1": 4.030831035381804,
                    "x2": -1.0104319040353098
                },
                "metrics": {
                    "outcome": 1.2757021710645993e-07
                },
                "metadata": {
                    "trials": 1
                }
            }
        ],
        [
            {
                "query": {
                    "x1": 5.521929549518973,
                    "x2": 4.135059140622616
                },
                "metrics": {
                    "outcome": 1.1853157192694679e-20
                },
                "metadata": {
                    "trials": 1
                }
            }
        ],
        [
            {
                "query": {
                    "x1": -0.9329433807482321,
                    "x2": 5.54110109868149
                },
                "metrics": {
                    "outcome": -1.8086772903054718e-14
                },
                "metadata": {
                    "trials": 1
                }
            }
        ],
        [
            {
                "query": {
                    "x1": 2.618932507466525,
                    "x2": 3.1589657027895255
                },
                "metrics": {
                    "outcome": 1.2750567096032244e-07
                },
                "metadata": {
                    "trials": 1
                }
            }
        ],
        [
            {
                "query": {
                    "x1": 1.2647947714043162,
                    "x2": 2.124218418107678
                },
                "metrics": {
                    "outcome": 0.002802902396120198
                },
                "metadata": {
                    "trials": 1
                }
            }
        ],
        [
            {
                "query": {
                    "x1": 3.4149487482694285,
                    "x2": 4.716415166233976
                },
                "metrics": {
                    "outcome": 6.4268974259979296e-15
                },
                "metadata": {
                    "trials": 1
                }
            }
        ],
        [
            {
                "query": {
                    "x1": 1.8355563009778657,
                    "x2": 0.852797818991045
                },
                "metrics": {
                    "outcome": 0.030525787607303973
                },
                "metadata": {
                    "trials": 1
                }
            }
        ],
        [
            {
                "query": {
                    "x1": 2.7349803568795323,
                    "x2": 1.9115160214714706
                },
                "metrics": {
                    "outcome": 3.9949803710671075e-05
                },
                "metadata": {
                    "trials": 1
                }
            }
        ],
        [
            {
                "query": {
                    "x1": 5.2892347707723575,
                    "x2": -0.18011072914426518
                },
                "metrics": {
                    "outcome": 3.6264360458037723e-12
                },
                "metadata": {
                    "trials": 1
                }
            }
        ],
        [
            {
                "query": {
                    "x1": -1.9999999999997,
                    "x2": -2.0
                },
                "metrics": {
                    "outcome": -0.0006709252558057281
                },
                "metadata": {
                    "trials": 1
                }
            },
            {
                "query": {
                    "x1": -2.0,
                    "x2": 5.999999999994001
                },
                "metrics": {
                    "outcome": -8.496708511194815e-18
                },
                "metadata": {
                    "trials": 1
                }
            },
            {
                "query": {
                    "x1": 4.682921308984306,
                    "x2": 2.037442500613566
                },
                "metrics": {
                    "outcome": 2.206558848743064e-11
                },
                "metadata": {
                    "trials": 1
                }
            },
            {
                "query": {
                    "x1": 5.999999999999997,
                    "x2": -1.9999999999999993
                },
                "metrics": {
                    "outcome": 2.5490125531750248e-17
                },
                "metadata": {
                    "trials": 1
                }
            },
            {
                "query": {
                    "x1": 6.0,
                    "x2": 5.999999999999971
                },
                "metrics": {
                    "outcome": 3.228111696013784e-31
                },
                "metadata": {
                    "trials": 1
                }
            },
            {
                "query": {
                    "x1": -2.0,
                    "x2": 1.7285930600239912
                },
                "metrics": {
                    "outcome": -0.001845718241231591
                },
                "metadata": {
                    "trials": 1
                }
            }
        ],
        [
            {
                "query": {
                    "x1": -0.8767127236296717,
                    "x2": 0.6671529946195034
                },
                "metrics": {
                    "outcome": -0.26046306173569433
                },
                "metadata": {
                    "trials": 1
                }
            },
            {
                "query": {
                    "x1": -1.0534796278467469,
                    "x2": -0.47123873402553174
                },
                "metrics": {
                    "outcome": -0.2780966248573751
                },
                "metadata": {
                    "trials": 1
                }
            },
            {
                "query": {
                    "x1": -0.7928408642447533,
                    "x2": 1.794382492443256
                },
                "metrics": {
                    "outcome": -0.01689837326332301
                },
                "metadata": {
                    "trials": 1
                }
            },
            {
                "query": {
                    "x1": -1.188417360072262,
                    "x2": -1.3134309190465898
                },
                "metrics": {
                    "outcome": -0.051570053763152525
                },
                "metadata": {
                    "trials": 1
                }
            },
            {
                "query": {
                    "x1": -0.36434308973492824,
                    "x2": -0.11869111722204773
                },
                "metrics": {
                    "outcome": -0.31458757950971783
                },
                "metadata": {
                    "trials": 1
                }
            },
            {
                "query": {
                    "x1": -0.8284468424766305,
                    "x2": 3.0959032182306707
                },
                "metrics": {
                    "outcome": -2.8684790804304817e-05
                },
                "metadata": {
                    "trials": 1
                }
            }
        ],
        [
            {
                "query": {
                    "x1": -0.6098316756809421,
                    "x2": -0.1828717685604906
                },
                "metrics": {
                    "outcome": -0.4066066357609953
                },
                "metadata": {
                    "trials": 1
                }
            },
            {
                "query": {
                    "x1": -0.6191346839163823,
                    "x2": 0.010958744106583929
                },
                "metrics": {
                    "outcome": -0.4219450031187172
                },
                "metadata": {
                    "trials": 1
                }
            },
            {
                "query": {
                    "x1": -0.5920424500303794,
                    "x2": -0.3751796854520313
                },
                "metrics": {
                    "outcome": -0.36223902335048297
                },
                "metadata": {
                    "trials": 1
                }
            },
            {
                "query": {
                    "x1": -0.4426674731907527,
                    "x2": -0.10557036448879953
                },
                "metrics": {
                    "outcome": -0.35986151239756536
                },
                "metadata": {
                    "trials": 1
                }
            },
            {
                "query": {
                    "x1": -0.7777640136261683,
                    "x2": -0.23705950474880577
                },
                "metrics": {
                    "outcome": -0.4015407746795092
                },
                "metadata": {
                    "trials": 1
                }
            },
            {
                "query": {
                    "x1": -0.4102819198083272,
                    "x2": -0.29831861060912446
                },
                "metrics": {
                    "outcome": -0.3171958116471472
                },
                "metadata": {
                    "trials": 1
                }
            }
        ],
        [
            {
                "query": {
                    "x1": -0.6631156710675241,
                    "x2": -0.1929607970190912
                },
                "metrics": {
                    "outcome": -0.4115757882483489
                },
                "metadata": {
                    "trials": 1
                }
            },
            {
                "query": {
                    "x1": -0.6622267040050567,
                    "x2": -0.006585825968455916
                },
                "metrics": {
                    "outcome": -0.42710093622329054
                },
                "metadata": {
                    "trials": 1
                }
            },
            {
                "query": {
                    "x1": -0.659497744069282,
                    "x2": -0.37902866934603474
                },
                "metrics": {
                    "outcome": -0.3697690216396959
                },
                "metadata": {
                    "trials": 1
                }
            },
            {
                "query": {
                    "x1": -0.6551636303124091,
                    "x2": 0.18126300503423343
                },
                "metrics": {
                    "outcome": -0.4127282401577364
                },
                "metadata": {
                    "trials": 1
                }
            },
            {
                "query": {
                    "x1": -0.5018680516920211,
                    "x2": -0.2558139097284551
                },
                "metrics": {
                    "outcome": -0.36541180196866985
                },
                "metadata": {
                    "trials": 1
                }
            },
            {
                "query": {
                    "x1": -0.6505461361141247,
                    "x2": -0.5738924913359316
                },
                "metrics": {
                    "outcome": -0.30650968473055845
                },
                "metadata": {
                    "trials": 1
                }
            }
        ],
        [
            {
                "query": {
                    "x1": -0.6616087204412155,
                    "x2": -0.04751483858666039
                },
                "metrics": {
                    "outcome": -0.42610703288249047
                },
                "metadata": {
                    "trials": 1
                }
            },
            {
                "query": {
                    "x1": -0.6503197769697722,
                    "x2": 0.1316726075372845
                },
                "metrics": {
                    "outcome": -0.41872346693562223
                },
                "metadata": {
                    "trials": 1
                }
            },
            {
                "query": {
                    "x1": -0.6678559647433511,
                    "x2": -0.226916402479173
                },
                "metrics": {
                    "outcome": -0.4060798784854034
                },
                "metadata": {
                    "trials": 1
                }
            },
            {
                "query": {
                    "x1": -0.666843611801659,
                    "x2": -0.4073706527726568
                },
                "metrics": {
                    "outcome": -0.362101406850569
                },
                "metadata": {
                    "trials": 1
                }
            },
            {
                "query": {
                    "x1": -0.5014671758797795,
                    "x2": 0.002403123179791411
                },
                "metrics": {
                    "outcome": -0.38996736256429804
                },
                "metadata": {
                    "trials": 1
                }
            },
            {
                "query": {
                    "x1": -0.4953884904296266,
                    "x2": -0.22069291455849993
                },
                "metrics": {
                    "outcome": -0.36915889640456795
                },
                "metadata": {
                    "trials": 1
                }
            }
        ],
        [
            {
                "query": {
                    "x1": 1.5885293004016692,
                    "x2": 6.0
                },
                "metrics": {
                    "outcome": 2.954501272635544e-17
                },
                "metadata": {
                    "trials": 1
                }
            },
            {
                "query": {
                    "x1": 1.099217582976869,
                    "x2": -2.0
                },
                "metrics": {
                    "outcome": 0.006013907013491536
                },
                "metadata": {
                    "trials": 1
                }
            },
            {
                "query": {
                    "x1": 4.694631312882105,
                    "x2": 6.0
                },
                "metrics": {
                    "outcome": 2.9197083843715503e-25
                },
                "metadata": {
                    "trials": 1
                }
            },
            {
                "query": {
                    "x1": 4.829246130200914,
                    "x2": -2.0
                },
                "metrics": {
                    "outcome": 6.580385331540027e-12
                },
                "metadata": {
                    "trials": 1
                }
            },
            {
                "query": {
                    "x1": 6.0,
                    "x2": 1.6789974954382165
                },
                "metrics": {
                    "outcome": 8.303469673799778e-17
                },
                "metadata": {
                    "trials": 1
                }
            },
            {
                "query": {
                    "x1": 3.6335338276461924,
                    "x2": 1.757350689038908
                },
                "metrics": {
                    "outcome": 3.05705431756549e-07
                },
                "metadata": {
                    "trials": 1
                }
            }
        ],
        [
            {
                "query": {
                    "x1": 2.7329188102447617,
                    "x2": -2.0
                },
                "metrics": {
                    "outcome": 2.8560811013158504e-05
                },
                "metadata": {
                    "trials": 1
                }
            },
            {
                "query": {
                    "x1": 0.04772816719912809,
                    "x2": 6.0
                },
                "metrics": {
                    "outcome": 1.1045467335181157e-17
                },
                "metadata": {
                    "trials": 1
                }
            },
            {
                "query": {
                    "x1": 2.683005542948546,
                    "x2": 6.0
                },
                "metrics": {
                    "outcome": 4.653109290597778e-19
                },
                "metadata": {
                    "trials": 1
                }
            },
            {
                "query": {
                    "x1": 0.5970162769112317,
                    "x2": 0.7403207116205879
                },
                "metrics": {
                    "outcome": 0.2416381082820175
                },
                "metadata": {
                    "trials": 1
                }
            },
            {
                "query": {
                    "x1": -1.5751767949269988,
                    "x2": 3.5948746641590414
                },
                "metrics": {
                    "outcome": -3.21606120131247e-07
                },
                "metadata": {
                    "trials": 1
                }
            },
            {
                "query": {
                    "x1": 4.16784733303847,
                    "x2": 3.734247961028874
                },
                "metrics": {
                    "outcome": 1.0464951813861736e-13
                },
                "metadata": {
                    "trials": 1
                }
            }
        ],
        [
            {
                "query": {
                    "x1": 1.9280142474124498,
                    "x2": -2.0
                },
                "metrics": {
                    "outcome": 0.0008581356658001128
                },
                "metadata": {
                    "trials": 1
                }
            },
            {
                "query": {
                    "x1": 0.8439189242190706,
                    "x2": 6.0
                },
                "metrics": {
                    "outcome": 9.602741012845734e-17
                },
                "metadata": {
                    "trials": 1
                }
            },
            {
                "query": {
                    "x1": 3.920467194796843,
                    "x2": 6.0
                },
                "metrics": {
                    "outcome": 1.921334217086273e-22
                },
                "metadata": {
                    "trials": 1
                }
            },
            {
                "query": {
                    "x1": 1.8689549086785013,
                    "x2": 3.626629257494278
                },
                "metrics": {
                    "outcome": 1.1030100273906515e-07
                },
                "metadata": {
                    "trials": 1
                }
            },
            {
                "query": {
                    "x1": 3.2958116971199924,
                    "x2": -0.3826999738804786
                },
                "metrics": {
                    "outcome": 5.456152831438811e-05
                },
                "metadata": {
                    "trials": 1
                }
            },
            {
                "query": {
                    "x1": -0.14980147029042223,
                    "x2": 3.440661518703383
                },
                "metrics": {
                    "outcome": -1.0580991020168496e-06
                },
                "metadata": {
                    "trials": 1
                }
            }
        ],
        [
            {
                "query": {
                    "x1": 0.422672166659706,
                    "x2": -2.0
                },
                "metrics": {
                    "outcome": 0.00647497727791687
                },
                "metadata": {
                    "trials": 1
                }
            },
            {
                "query": {
                    "x1": 3.544318927724526,
                    "x2": -2.0
                },
                "metrics": {
                    "outcome": 2.2733283909564213e-07
                },
                "metadata": {
                    "trials": 1
                }
            },
            {
                "query": {
                    "x1": 5.367011680033606,
                    "x2": 6.0
                },
                "metrics": {
                    "outcome": 3.849100557883662e-28
                },
                "metadata": {
                    "trials": 1
                }
            },
            {
                "query": {
                    "x1": -1.4726710065608861,
                    "x2": 6.0
                },
                "metrics": {
                    "outcome": -3.9050260360126957e-17
                },
                "metadata": {
                    "trials": 1
                }
            },
            {
                "query": {
                    "x1": 4.519478134595201,
                    "x2": 0.16166590054977537
                },
                "metrics": {
                    "outcome": 5.928930808778079e-09
                },
                "metadata": {
                    "trials": 1
                }
            },
            {
                "query": {
                    "x1": 1.221346848414771,
                    "x2": 4.35472032049325
                },
                "metrics": {
                    "outcome": 1.5967061755009923e-09
                },
                "metadata": {
                    "trials": 1
                }
            }
        ],
        [
            {
                "query": {
                    "x1": 5.454398135677985,
                    "x2": -2.0
                },
                "metrics": {
                    "outcome": 1.1997996206140218e-14
                },
                "metadata": {
                    "trials": 1
                }
            },
            {
                "query": {
                    "x1": 2.416280784841076,
                    "x2": -0.25705249959136234
                },
                "metrics": {
                    "outcome": 0.006589621770820439
                },
                "metadata": {
                    "trials": 1
                }
            },
            {
                "query": {
                    "x1": 4.900515083859109,
                    "x2": 4.130973579419942
                },
                "metrics": {
                    "outcome": 7.070146433482518e-18
                },
                "metadata": {
                    "trials": 1
                }
            },
            {
                "query": {
                    "x1": 2.1522877256304627,
                    "x2": 6.0
                },
                "metrics": {
                    "outcome": 4.85845533387393e-18
                },
                "metadata": {
                    "trials": 1
                }
            },
            {
                "query": {
                    "x1": 5.370528626132876,
                    "x2": 1.9173167954644361
                },
                "metrics": {
                    "outcome": 4.0488635140750815e-14
                },
                "metadata": {
                    "trials": 1
                }
            },
            {
                "query": {
                    "x1": 6.0,
                    "x2": -0.1472221889985914
                },
                "metrics": {
                    "outcome": 1.3618737259508092e-15
                },
                "metadata": {
                    "trials": 1
                }
            }
        ],
        [
            {
                "query": {
                    "x1": -0.8850721697797961,
                    "x2": -1.5192407660799154
                },
                "metrics": {
                    "outcome": -0.0402143516615312
                },
                "metadata": {
                    "trials": 1
                }
            },
            {
                "query": {
                    "x1": -0.0226746448708941,
                    "x2": -1.5192010341537687
                },
                "metrics": {
                    "outcome": -0.002254123966341415
                },
                "metadata": {
                    "trials": 1
                }
            },
            {
                "query": {
                    "x1": 0.8219676997109224,
                    "x2": -1.5191157887922087
                },
                "metrics": {
                    "outcome": 0.04161070310708148
                },
                "metadata": {
                    "trials": 1
                }
            },
            {
                "query": {
                    "x1": 1.656206802693395,
                    "x2": -1.518985534932389
                },
                "metrics": {
                    "outcome": 0.01061159402559101
                },
                "metadata": {
                    "trials": 1
                }
            },
            {
                "query": {
                    "x1": -1.7470123679222698,
                    "x2": -1.519233550555613
                },
                "metrics": {
                    "outcome": -0.00821153271490126
                },
                "metadata": {
                    "trials": 1
                }
            },
            {
                "query": {
                    "x1": 2.482888086808292,
                    "x2": -1.5188128798346134
                },
                "metrics": {
                    "outcome": 0.0005197807957909106
                },
                "metadata": {
                    "trials": 1
                }
            }
        ],
        [
            {
                "query": {
                    "x1": -1.6636423337869397,
                    "x2": -0.7885110127797406
                },
                "metrics": {
                    "outcome": -0.05610972914836584
                },
                "metadata": {
                    "trials": 1
                }
            },
            {
                "query": {
                    "x1": 0.8118166935959237,
                    "x2": -0.7885216820374239
                },
                "metrics": {
                    "outcome": 0.22553193799704838
                },
                "metadata": {
                    "trials": 1
                }
            },
            {
                "query": {
                    "x1": 2.9155381428975673,
                    "x2": -0.7884339021170661
                },
                "metrics": {
                    "outcome": 0.0003184846539715967
                },
                "metadata": {
                    "trials": 1
                }
            },
            {
                "query": {
                    "x1": 4.180931350093239,
                    "x2": -0.788331974092338
                },
                "metrics": {
                    "outcome": 5.7520742053619104e-08
                },
                "metadata": {
                    "trials": 1
                }
            },
            {
                "query": {
                    "x1": 4.947292615444862,
                    "x2": -0.7883056789200991
                },
                "metrics": {
                    "outcome": 6.234799598634091e-11
                },
                "metadata": {
                    "trials": 1
                }
            },
            {
                "query": {
                    "x1": 1.6109563346839604,
                    "x2": -0.7884931794561918
                },
                "metrics": {
                    "outcome": 0.06456558132808825
                },
                "metadata": {
                    "trials": 1
                }
            }
        ],
        [
            {
                "query": {
                    "x1": -2.0,
                    "x2": -0.6921427420861597
                },
                "metrics": {
                    "outcome": -0.022688107400023808
                },
                "metadata": {
                    "trials": 1
                }
            },
            {
                "query": {
                    "x1": -1.9348176071214007,
                    "x2": -0.6920121313089351
                },
                "metrics": {
                    "outcome": -0.02837102501552622
                },
                "metadata": {
                    "trials": 1
                }
            },
            {
                "query": {
                    "x1": -1.869195231072323,
                    "x2": -0.6918767248087798
                },
                "metrics": {
                    "outcome": -0.035187082657869
                },
                "metadata": {
                    "trials": 1
                }
            },
            {
                "query": {
                    "x1": -1.8031290481114404,
                    "x2": -0.6917436394958141
                },
                "metrics": {
                    "outcome": -0.04327154102722484
                },
                "metadata": {
                    "trials": 1
                }
            },
            {
                "query": {
                    "x1": -1.7366190638669925,
                    "x2": -0.6916104080310819
                },
                "metrics": {
                    "outcome": -0.052747939278315864
                },
                "metadata": {
                    "trials": 1
                }
            },
            {
                "query": {
                    "x1": -1.6696645432314818,
                    "x2": -0.6914766243954464
                },
                "metrics": {
                    "outcome": -0.06371744608127383
                },
                "metadata": {
                    "trials": 1
                }
            }
        ],
        [
            {
                "query": {
                    "x1": 0.9753846407840405,
                    "x2": 5.77604160931101
                },
                "metrics": {
                    "outcome": 1.2211843206870831e-15
                },
                "metadata": {
                    "trials": 1
                }
            },
            {
                "query": {
                    "x1": 0.7721847176507262,
                    "x2": 5.776171368197766
                },
                "metrics": {
                    "outcome": 1.3768798980560422e-15
                },
                "metadata": {
                    "trials": 1
                }
            },
            {
                "query": {
                    "x1": 0.5753516144697781,
                    "x2": 5.776029706050939
                },
                "metrics": {
                    "outcome": 1.3397108777421772e-15
                },
                "metadata": {
                    "trials": 1
                }
            },
            {
                "query": {
                    "x1": 0.3692882115270013,
                    "x2": 5.775776329641897
                },
                "metrics": {
                    "outcome": 1.047736919028654e-15
                },
                "metadata": {
                    "trials": 1
                }
            },
            {
                "query": {
                    "x1": 0.07387676662286635,
                    "x2": 5.775840069112002
                },
                "metrics": {
                    "outcome": 2.387432014662413e-16
                },
                "metadata": {
                    "trials": 1
                }
            },
            {
                "query": {
                    "x1": -0.1227299471310177,
                    "x2": 5.775969408244152
                },
                "metrics": {
                    "outcome": -3.922414287396336e-16
                },
                "metadata": {
                    "trials": 1
                }
            }
        ],
        [
            {
                "query": {
                    "x1": -1.777181415441509,
                    "x2": 4.9183394579179955
                },
                "metrics": {
                    "outcome": -2.3575264242139416e-12
                },
                "metadata": {
                    "trials": 1
                }
            },
            {
                "query": {
                    "x1": -1.1286466326358393,
                    "x2": 4.91851110401424
                },
                "metrics": {
                    "outcome": -9.83990108786366e-12
                },
                "metadata": {
                    "trials": 1
                }
            },
            {
                "query": {
                    "x1": -1.340352587723595,
                    "x2": 4.91845778288483
                },
                "metrics": {
                    "outcome": -6.932231720917027e-12
                },
                "metadata": {
                    "trials": 1
                }
            },
            {
                "query": {
                    "x1": -1.5566480996946652,
                    "x2": 4.9183885148020545
                },
                "metrics": {
                    "outcome": -4.3053441760336986e-12
                },
                "metadata": {
                    "trials": 1
                }
            },
            {
                "query": {
                    "x1": -1.9972557280797811,
                    "x2": 4.918275860386747
                },
                "metrics": {
                    "outcome": -1.1552622056377978e-12
                },
                "metadata": {
                    "trials": 1
                }
            },
            {
                "query": {
                    "x1": -2.0,
                    "x2": 1.061504976387344
                },
                "metrics": {
                    "outcome": -0.011871132879679527
                },
                "metadata": {
                    "trials": 1
                }
            }
        ],
        [
            {
                "query": {
                    "x1": 6.0,
                    "x2": 2.946371623665394
                },
                "metrics": {
                    "outcome": 2.3626183901766637e-19
                },
                "metadata": {
                    "trials": 1
                }
            },
            {
                "query": {
                    "x1": 6.0,
                    "x2": 5.1731281127802795
                },
                "metrics": {
                    "outcome": 3.321121439350999e-27
                },
                "metadata": {
                    "trials": 1
                }
            },
            {
                "query": {
                    "x1": 6.0,
                    "x2": 0.7789194558770971
                },
                "metrics": {
                    "outcome": 7.586766187686989e-16
                },
                "metadata": {
                    "trials": 1
                }
            },
            {
                "query": {
                    "x1": -2.0,
                    "x2": 2.4881948022906384
                },
                "metrics": {
                    "outcome": -7.500421893179017e-05
                },
                "metadata": {
                    "trials": 1
                }
            },
            {
                "query": {
                    "x1": 4.079461259413481,
                    "x2": 0.9607538793780015
                },
                "metrics": {
                    "outcome": 9.59837195041039e-08
                },
                "metadata": {
                    "trials": 1
                }
            },
            {
                "query": {
                    "x1": 4.252240142853388,
                    "x2": 5.3380041319871845
                },
                "metrics": {
                    "outcome": 2.517618590064275e-20
                },
                "metadata": {
                    "trials": 1
                }
            }
        ],
        [
            {
                "query": {
                    "x1": 6.0,
                    "x2": -1.3935026477656058
                },
                "metrics": {
                    "outcome": 1.9962518111105086e-16
                },
                "metadata": {
                    "trials": 1
                }
            },
            {
                "query": {
                    "x1": -2.0,
                    "x2": 4.246506446227049
                },
                "metrics": {
                    "outcome": -5.398823787162671e-10
                },
                "metadata": {
                    "trials": 1
                }
            },
            {
                "query": {
                    "x1": 1.2140965182288657,
                    "x2": 1.4489944576862444
                },
                "metrics": {
                    "outcome": 0.034060562115579764
                },
                "metadata": {
                    "trials": 1
                }
            },
            {
                "query": {
                    "x1": 6.0,
                    "x2": 3.537177722585911
                },
                "metrics": {
                    "outcome": 5.126484701608423e-21
                },
                "metadata": {
                    "trials": 1
                }
            },
            {
                "query": {
                    "x1": 1.6817607744436418,
                    "x2": 5.063214221119076
                },
                "metrics": {
                    "outcome": 7.308148672510633e-13
                },
                "metadata": {
                    "trials": 1
                }
            },
            {
                "query": {
                    "x1": 4.0975815549125185,
                    "x2": 2.7512687375609293
                },
                "metrics": {
                    "outcome": 1.0796032359498707e-10
                },
                "metadata": {
                    "trials": 1
                }
            }
        ],
        [
            {
                "query": {
                    "x1": 0.9061624378898152,
                    "x2": 2.757026773882024
                },
                "metrics": {
                    "outcome": 0.0001992672451978234
                },
                "metadata": {
                    "trials": 1
                }
            },
            {
                "query": {
                    "x1": 6.0,
                    "x2": 4.653171729719637
                },
                "metrics": {
                    "outcome": 5.497973928953253e-25
                },
                "metadata": {
                    "trials": 1
                }
            },
            {
                "query": {
                    "x1": 2.8131850231352464,
                    "x2": 0.3741118829419876
                },
                "metrics": {
                    "outcome": 0.0008941362641146298
                },
                "metadata": {
                    "trials": 1
                }
            },
            {
                "query": {
                    "x1": -0.6154344575507955,
                    "x2": 2.4468577800084628
                },
                "metrics": {
                    "outcome": -0.0010580799379623182
                },
                "metadata": {
                    "trials": 1
                }
            },
            {
                "query": {
                    "x1": 2.5636155741076188,
                    "x2": 2.5564154318515273
                },
                "metrics": {
                    "outcome": 5.204608492562362e-06
                },
                "metadata": {
                    "trials": 1
                }
            },
            {
                "query": {
                    "x1": -0.5222128214042567,
                    "x2": 4.281274360785505
                },
                "metrics": {
                    "outcome": -4.356066117476317e-09
                },
                "metadata": {
                    "trials": 1
                }
            }
        ],
        [
            {
                "query": {
                    "x1": 2.8957138934865094,
                    "x2": 4.1480959286204415
                },
                "metrics": {
                    "outcome": 2.2251156970126097e-11
                },
                "metadata": {
                    "trials": 1
                }
            },
            {
                "query": {
                    "x1": -0.647948390576025,
                    "x2": 1.258937307372975
                },
                "metrics": {
                    "outcome": -0.08727384232845734
                },
                "metadata": {
                    "trials": 1
                }
            },
            {
                "query": {
                    "x1": -2.0,
                    "x2": 3.0909173207300684
                },
                "metrics": {
                    "outcome": -2.5983791711787823e-06
                },
                "metadata": {
                    "trials": 1
                }
            },
            {
                "query": {
                    "x1": 5.208478190657028,
                    "x2": 1.3095295082746135
                },
                "metrics": {
                    "outcome": 1.54990903096745e-12
                },
                "metadata": {
                    "trials": 1
                }
            },
            {
                "query": {
                    "x1": 2.79243384132747,
                    "x2": 1.2909066167978596
                },
                "metrics": {
                    "outcome": 0.0002166531021076158
                },
                "metadata": {
                    "trials": 1
                }
            },
            {
                "query": {
                    "x1": 4.588114919667018,
                    "x2": -1.565915370399554
                },
                "metrics": {
                    "outcome": 2.8474695236799117e-10
                },
                "metadata": {
                    "trials": 1
                }
            }
        ],
        [
            {
                "query": {
                    "x1": 6.0,
                    "x2": 5.622057545486741
                },
                "metrics": {
                    "outcome": 2.6095978298741585e-29
                },
                "metadata": {
                    "trials": 1
                }
            },
            {
                "query": {
                    "x1": 2.8144103225906765,
                    "x2": 5.443050838584092
                },
                "metrics": {
                    "outcome": 1.3887531849465004e-16
                },
                "metadata": {
                    "trials": 1
                }
            },
            {
                "query": {
                    "x1": 4.740850402798756,
                    "x2": 3.2295884311960874
                },
                "metrics": {
                    "outcome": 2.4266309493847272e-14
                },
                "metadata": {
                    "trials": 1
                }
            },
            {
                "query": {
                    "x1": 6.0,
                    "x2": 2.3610944666248876
                },
                "metrics": {
                    "outcome": 5.277877682253012e-18
                },
                "metadata": {
                    "trials": 1
                }
            },
            {
                "query": {
                    "x1": 6.0,
                    "x2": -0.6693040025259773
                },
                "metrics": {
                    "outcome": 8.892009898878164e-16
                },
                "metadata": {
                    "trials": 1
                }
            },
            {
                "query": {
                    "x1": 0.5714452552706084,
                    "x2": 4.771898134188807
                },
                "metrics": {
                    "outcome": 5.319014003298352e-11
                },
                "metadata": {
                    "trials": 1
                }
            }
        ],
        [
            {
                "query": {
                    "x1": 0.09367995669428808,
                    "x2": 1.4177407841656984
                },
                "metrics": {
                    "outcome": 0.012442516920480307
                },
                "metadata": {
                    "trials": 1
                }
            },
            {
                "query": {
                    "x1": 3.773337720651221,
                    "x2": 4.0375959631634855
                },
                "metrics": {
                    "outcome": 2.0571210152884723e-13
                },
                "metadata": {
                    "trials": 1
                }
            },
            {
                "query": {
                    "x1": 2.2772098253155777,
                    "x2": 4.45982636672413
                },
                "metrics": {
                    "outcome": 2.931901374461239e-11
                },
                "metadata": {
                    "trials": 1
                }
            },
            {
                "query": {
                    "x1": 5.692446781361263,
                    "x2": 0.10889674056663212
                },
                "metrics": {
                    "outcome": 4.7565499888116945e-14
                },
                "metadata": {
                    "trials": 1
                }
            },
            {
                "query": {
                    "x1": 3.2594802805651515,
                    "x2": 6.0
                },
                "metrics": {
                    "outcome": 1.8386983816506092e-20
                },
                "metadata": {
                    "trials": 1
                }
            },
            {
                "query": {
                    "x1": -1.2903680574533207,
                    "x2": 1.870723984022407
                },
                "metrics": {
                    "outcome": -0.00737447581983756
                },
                "metadata": {
                    "trials": 1
                }
            }
        ],
        [
            {
                "query": {
                    "x1": 4.163001675625761,
                    "x2": -2.0
                },
                "metrics": {
                    "outcome": 2.268047334867683e-09
                },
                "metadata": {
                    "trials": 1
                }
            },
            {
                "query": {
                    "x1": -0.5468824084288679,
                    "x2": 6.0
                },
                "metrics": {
                    "outcome": -9.405971345664547e-17
                },
                "metadata": {
                    "trials": 1
                }
            },
            {
                "query": {
                    "x1": 3.6748855733745547,
                    "x2": -0.21951116572734541
                },
                "metrics": {
                    "outcome": 4.778197696078715e-06
                },
                "metadata": {
                    "trials": 1
                }
            },
            {
                "query": {
                    "x1": 2.1523749469669493,
                    "x2": 1.9268592071214514
                },
                "metrics": {
                    "outcome": 0.0005111065598957269
                },
                "metadata": {
                    "trials": 1
                }
            },
            {
                "query": {
                    "x1": 5.70944693196724,
                    "x2": 6.0
                },
                "metrics": {
                    "outcome": 9.224755451913725e-30
                },
                "metadata": {
                    "trials": 1
                }
            },
            {
                "query": {
                    "x1": 2.0531211403897105,
                    "x2": -0.5323828370946746
                },
                "metrics": {
                    "outcome": 0.02283691988343569
                },
                "metadata": {
                    "trials": 1
                }
            }
        ],
        [
            {
                "query": {
                    "x1": 0.21230021870951754,
                    "x2": 3.3464876656418516
                },
                "metrics": {
                    "outcome": 2.777928757415502e-06
                },
                "metadata": {
                    "trials": 1
                }
            },
            {
                "query": {
                    "x1": 3.2177458945799176,
                    "x2": 2.2736737929742876
                },
                "metrics": {
                    "outcome": 5.831624308758175e-07
                },
                "metadata": {
                    "trials": 1
                }
            },
            {
                "query": {
                    "x1": 4.547167953860783,
                    "x2": 4.533521191051591
                },
                "metrics": {
                    "outcome": 5.649039298358757e-18
                },
                "metadata": {
                    "trials": 1
                }
            },
            {
                "query": {
                    "x1": 3.5902702637581267,
                    "x2": 6.0
                },
                "metrics": {
                    "outcome": 2.1011270013817314e-21
                },
                "metadata": {
                    "trials": 1
                }
            },
            {
                "query": {
                    "x1": 5.726306817975791,
                    "x2": 2.5104620083474085
                },
                "metrics": {
                    "outcome": 6.025546016932007e-17
                },
                "metadata": {
                    "trials": 1
                }
            },
            {
                "query": {
                    "x1": 0.19857601175351824,
                    "x2": -0.25297203323585227
                },
                "metrics": {
                    "outcome": 0.17906424920272626
                },
                "metadata": {
                    "trials": 1
                }
            }
        ]
    ],
    "best_results": [
        {
            "query": {
                "x1": -0.6622267040050567,
                "x2": -0.006585825968455916
            },
            "metrics": [
                {
                    "name": "outcome",
                    "value": -0.42710093622329054
                }
            ]
        }
    ]
}