{
    "date": "26/10/2022 19:14:19",
    "basic_params": {
        "active_variables": [
            "x"
        ],
        "default_query": {},
        "metric": "basic",
        "n_trials": 1
    },
    "objective_function": {
        "name": "Forrester",
        "params": {}
    },
    "optimizer": {
        "name": "BBO-LP",
        "params": {
            "lower_bound": [
                0.0
            ],
            "upper_bound": [
                1.0
            ],
            "invert_metric": false,
            "bopt_params": {
                "n_init_samples": 15,
                "n_iterations": 45,
                "verbose_level": 1,
                "n_parallel_samples": 3,
                "par_type": "PAR_BBO",
                "crit_name": "cLP(cLCB)",
                "n_crit_params": 4,
                "crit_params": [
                    3,
                    1,
                    1.0
                ]
            }
        }
    },
    "iterations": [
        [
            {
                "query": {
                    "x": 0.17995409714058042
                },
                "metrics": {
                    "outcome": -0.8162795989641342
                },
                "metadata": {
                    "trials": 1
                }
            }
        ],
        [
            {
                "query": {
                    "x": 0.735893673201402
                },
                "metrics": {
                    "outcome": -5.793174286596463
                },
                "metadata": {
                    "trials": 1
                }
            }
        ],
        [
            {
                "query": {
                    "x": 0.622348282734553
                },
                "metrics": {
                    "outcome": -0.96470337644339
                },
                "metadata": {
                    "trials": 1
                }
            }
        ],
        [
            {
                "query": {
                    "x": 0.3491262866649777
                },
                "metrics": {
                    "outcome": 0.0016914960551209428
                },
                "metadata": {
                    "trials": 1
                }
            }
        ],
        [
            {
                "query": {
                    "x": 0.8508126311935484
                },
                "metrics": {
                    "outcome": -0.7072837385267108
                },
                "metadata": {
                    "trials": 1
                }
            }
        ],
        [
            {
                "query": {
                    "x": 0.8776867676060647
                },
                "metrics": {
                    "outcome": 2.629433303812937
                },
                "metadata": {
                    "trials": 1
                }
            }
        ],
        [
            {
                "query": {
                    "x": 0.2195864019760241
                },
                "metrics": {
                    "outcome": -0.4559489643996652
                },
                "metadata": {
                    "trials": 1
                }
            }
        ],
        [
            {
                "query": {
                    "x": 0.28474727675008277
                },
                "metrics": {
                    "outcome": -0.04678740825267471
                },
                "metadata": {
                    "trials": 1
                }
            }
        ],
        [
            {
                "query": {
                    "x": 0.05958025160556038
                },
                "metrics": {
                    "outcome": 0.3856679318102085
                },
                "metadata": {
                    "trials": 1
                }
            }
        ],
        [
            {
                "query": {
                    "x": 0.46006937422789634
                },
                "metrics": {
                    "outcome": 0.5775112704504669
                },
                "metadata": {
                    "trials": 1
                }
            }
        ],
        [
            {
                "query": {
                    "x": 0.9862798382838567
                },
                "metrics": {
                    "outcome": 15.34554738926145
                },
                "metadata": {
                    "trials": 1
                }
            }
        ],
        [
            {
                "query": {
                    "x": 0.5213149365658561
                },
                "metrics": {
                    "outcome": 0.9851793225284237
                },
                "metadata": {
                    "trials": 1
                }
            }
        ],
        [
            {
                "query": {
                    "x": 0.6881309944049766
                },
                "metrics": {
                    "outcome": -4.071040457739865
                },
                "metadata": {
                    "trials": 1
                }
            }
        ],
        [
            {
                "query": {
                    "x": 0.1276867409236729
                },
                "metrics": {
                    "outcome": -0.9499933018965082
                },
                "metadata": {
                    "trials": 1
                }
            }
        ],
        [
            {
                "query": {
                    "x": 0.5919857652081798
                },
                "metrics": {
                    "outcome": 0.09092939702912066
                },
                "metadata": {
                    "trials": 1
                }
            }
        ],
        [
            {
                "query": {
                    "x": 0.7499282546638827
                },
                "metrics": {
                    "outcome": -5.992736555716378
                },
                "metadata": {
                    "trials": 1
                }
            },
            {
                "query": {
                    "x": 0.7586748916111096
                },
                "metrics": {
                    "outcome": -6.0196495792742395
                },
                "metadata": {
                    "trials": 1
                }
            },
            {
                "query": {
                    "x": 0.7412605691041694
                },
                "metrics": {
                    "outcome": -5.890822835787024
                },
                "metadata": {
                    "trials": 1
                }
            }
        ],
        [
            {
                "query": {
                    "x": 0.7564368138882281
                },
                "metrics": {
                    "outcome": -6.0203888290257765
                },
                "metadata": {
                    "trials": 1
                }
            },
            {
                "query": {
                    "x": 0.7549332755858958
                },
                "metrics": {
                    "outcome": -6.017896075153951
                },
                "metadata": {
                    "trials": 1
                }
            },
            {
                "query": {
                    "x": 0.7579433308312669
                },
                "metrics": {
                    "outcome": -6.020481926869062
                },
                "metadata": {
                    "trials": 1
                }
            }
        ],
        [
            {
                "query": {
                    "x": 0.7571713504667472
                },
                "metrics": {
                    "outcome": -6.020736856773068
                },
                "metadata": {
                    "trials": 1
                }
            },
            {
                "query": {
                    "x": 0.7579283082176468
                },
                "metrics": {
                    "outcome": -6.020492982528261
                },
                "metadata": {
                    "trials": 1
                }
            },
            {
                "query": {
                    "x": 0.7564201639119846
                },
                "metrics": {
                    "outcome": -6.0203742941065395
                },
                "metadata": {
                    "trials": 1
                }
            }
        ],
        [
            {
                "query": {
                    "x": 0.7571922340345688
                },
                "metrics": {
                    "outcome": -6.020738349930513
                },
                "metadata": {
                    "trials": 1
                }
            },
            {
                "query": {
                    "x": 0.7578469157131855
                },
                "metrics": {
                    "outcome": -6.020548668071668
                },
                "metadata": {
                    "trials": 1
                }
            },
            {
                "query": {
                    "x": 0.7565429396972186
                },
                "metrics": {
                    "outcome": -6.020474562506785
                },
                "metadata": {
                    "trials": 1
                }
            }
        ],
        [
            {
                "query": {
                    "x": 0.7572018178691463
                },
                "metrics": {
                    "outcome": -6.020738879320702
                },
                "metadata": {
                    "trials": 1
                }
            },
            {
                "query": {
                    "x": 0.7578005355373736
                },
                "metrics": {
                    "outcome": -6.020577218571828
                },
                "metadata": {
                    "trials": 1
                }
            },
            {
                "query": {
                    "x": 0.7566081333927303
                },
                "metrics": {
                    "outcome": -6.02052130169927
                },
                "metadata": {
                    "trials": 1
                }
            }
        ],
        [
            {
                "query": {
                    "x": 0.7572076667229068
                },
                "metrics": {
                    "outcome": -6.020739154217433
                },
                "metadata": {
                    "trials": 1
                }
            },
            {
                "query": {
                    "x": 0.7577691286174247
                },
                "metrics": {
                    "outcome": -6.020595241120741
                },
                "metadata": {
                    "trials": 1
                }
            },
            {
                "query": {
                    "x": 0.7566509512702719
                },
                "metrics": {
                    "outcome": -6.020549543113977
                },
                "metadata": {
                    "trials": 1
                }
            }
        ],
        [
            {
                "query": {
                    "x": 0.757211696741403
                },
                "metrics": {
                    "outcome": -6.02073932237651
                },
                "metadata": {
                    "trials": 1
                }
            },
            {
                "query": {
                    "x": 0.7577456820131288
                },
                "metrics": {
                    "outcome": -6.020608005865802
                },
                "metadata": {
                    "trials": 1
                }
            },
            {
                "query": {
                    "x": 0.756682215056632
                },
                "metrics": {
                    "outcome": -6.020568933387609
                },
                "metadata": {
                    "trials": 1
                }
            }
        ],
        [
            {
                "query": {
                    "x": 0.7572147252503435
                },
                "metrics": {
                    "outcome": -6.0207394373343135
                },
                "metadata": {
                    "trials": 1
                }
            },
            {
                "query": {
                    "x": 0.7577271744408974
                },
                "metrics": {
                    "outcome": -6.020617665316462
                },
                "metadata": {
                    "trials": 1
                }
            },
            {
                "query": {
                    "x": 0.7567065824617354
                },
                "metrics": {
                    "outcome": -6.020583326067343
                },
                "metadata": {
                    "trials": 1
                }
            }
        ],
        [
            {
                "query": {
                    "x": 0.7572171145949852
                },
                "metrics": {
                    "outcome": -6.020739521119648
                },
                "metadata": {
                    "trials": 1
                }
            },
            {
                "query": {
                    "x": 0.7577119789122969
                },
                "metrics": {
                    "outcome": -6.020625321549495
                },
                "metadata": {
                    "trials": 1
                }
            },
            {
                "query": {
                    "x": 0.7567263774912762
                },
                "metrics": {
                    "outcome": -6.020594553414185
                },
                "metadata": {
                    "trials": 1
                }
            }
        ],
        [
            {
                "query": {
                    "x": 0.7572190570029153
                },
                "metrics": {
                    "outcome": -6.020739584740686
                },
                "metadata": {
                    "trials": 1
                }
            },
            {
                "query": {
                    "x": 0.7576991451373929
                },
                "metrics": {
                    "outcome": -6.020631594966236
                },
                "metadata": {
                    "trials": 1
                }
            },
            {
                "query": {
                    "x": 0.7567429383998697
                },
                "metrics": {
                    "outcome": -6.020603626359408
                },
                "metadata": {
                    "trials": 1
                }
            }
        ],
        [
            {
                "query": {
                    "x": 0.7572206650457368
                },
                "metrics": {
                    "outcome": -6.02073963436203
                },
                "metadata": {
                    "trials": 1
                }
            },
            {
                "query": {
                    "x": 0.7576880655384421
                },
                "metrics": {
                    "outcome": -6.020636868877051
                },
                "metadata": {
                    "trials": 1
                }
            },
            {
                "query": {
                    "x": 0.7567570948675697
                },
                "metrics": {
                    "outcome": -6.020611150822391
                },
                "metadata": {
                    "trials": 1
                }
            }
        ],
        [
            {
                "query": {
                    "x": 0.7572220522988162
                },
                "metrics": {
                    "outcome": -6.020739674951819
                },
                "metadata": {
                    "trials": 1
                }
            },
            {
                "query": {
                    "x": 0.7576783798587113
                },
                "metrics": {
                    "outcome": -6.0206413714752385
                },
                "metadata": {
                    "trials": 1
                }
            },
            {
                "query": {
                    "x": 0.7567694395088533
                },
                "metrics": {
                    "outcome": -6.020617538301469
                },
                "metadata": {
                    "trials": 1
                }
            }
        ],
        [
            {
                "query": {
                    "x": 0.7572232156778638
                },
                "metrics": {
                    "outcome": -6.020739707407037
                },
                "metadata": {
                    "trials": 1
                }
            },
            {
                "query": {
                    "x": 0.757669727944799
                },
                "metrics": {
                    "outcome": -6.020645308472089
                },
                "metadata": {
                    "trials": 1
                }
            },
            {
                "query": {
                    "x": 0.7567803045980619
                },
                "metrics": {
                    "outcome": -6.020623026108439
                },
                "metadata": {
                    "trials": 1
                }
            }
        ],
        [
            {
                "query": {
                    "x": 0.7572242879691071
                },
                "metrics": {
                    "outcome": -6.020739736041263
                },
                "metadata": {
                    "trials": 1
                }
            },
            {
                "query": {
                    "x": 0.7576620275669044
                },
                "metrics": {
                    "outcome": -6.020648744996196
                },
                "metadata": {
                    "trials": 1
                }
            },
            {
                "query": {
                    "x": 0.7567900528204305
                },
                "metrics": {
                    "outcome": -6.020627842928489
                },
                "metadata": {
                    "trials": 1
                }
            }
        ],
        [
            {
                "query": {
                    "x": 0.7572252138108223
                },
                "metrics": {
                    "outcome": -6.020739759777057
                },
                "metadata": {
                    "trials": 1
                }
            },
            {
                "query": {
                    "x": 0.7576550249689562
                },
                "metrics": {
                    "outcome": -6.020651814940881
                },
                "metadata": {
                    "trials": 1
                }
            },
            {
                "query": {
                    "x": 0.7567988110562098
                },
                "metrics": {
                    "outcome": -6.020632084360845
                },
                "metadata": {
                    "trials": 1
                }
            }
        ],
        [
            {
                "query": {
                    "x": 0.7572260444132831
                },
                "metrics": {
                    "outcome": -6.020739780292297
                },
                "metadata": {
                    "trials": 1
                }
            },
            {
                "query": {
                    "x": 0.7576486418985826
                },
                "metrics": {
                    "outcome": -6.020654567499958
                },
                "metadata": {
                    "trials": 1
                }
            },
            {
                "query": {
                    "x": 0.7568067750925419
                },
                "metrics": {
                    "outcome": -6.020635870336552
                },
                "metadata": {
                    "trials": 1
                }
            }
        ],
        [
            {
                "query": {
                    "x": 0.7572267933487026
                },
                "metrics": {
                    "outcome": -6.020739798158837
                },
                "metadata": {
                    "trials": 1
                }
            },
            {
                "query": {
                    "x": 0.7576427710616254
                },
                "metrics": {
                    "outcome": -6.020657060622033
                },
                "metadata": {
                    "trials": 1
                }
            },
            {
                "query": {
                    "x": 0.756814049038699
                },
                "metrics": {
                    "outcome": -6.020639269289766
                },
                "metadata": {
                    "trials": 1
                }
            }
        ],
        [
            {
                "query": {
                    "x": 0.7572274436868706
                },
                "metrics": {
                    "outcome": -6.020739813187395
                },
                "metadata": {
                    "trials": 1
                }
            },
            {
                "query": {
                    "x": 0.757637324887288
                },
                "metrics": {
                    "outcome": -6.020659340382406
                },
                "metadata": {
                    "trials": 1
                }
            },
            {
                "query": {
                    "x": 0.7568207395622831
                },
                "metrics": {
                    "outcome": -6.020642345916904
                },
                "metadata": {
                    "trials": 1
                }
            }
        ],
        [
            {
                "query": {
                    "x": 0.7572280664237249
                },
                "metrics": {
                    "outcome": -6.020739827154843
                },
                "metadata": {
                    "trials": 1
                }
            },
            {
                "query": {
                    "x": 0.7576323005466462
                },
                "metrics": {
                    "outcome": -6.020661415378192
                },
                "metadata": {
                    "trials": 1
                }
            },
            {
                "query": {
                    "x": 0.7568269450225116
                },
                "metrics": {
                    "outcome": -6.020645156911375
                },
                "metadata": {
                    "trials": 1
                }
            }
        ],
        [
            {
                "query": {
                    "x": 0.7572286660840499
                },
                "metrics": {
                    "outcome": -6.020739840213337
                },
                "metadata": {
                    "trials": 1
                }
            },
            {
                "query": {
                    "x": 0.7576276326964848
                },
                "metrics": {
                    "outcome": -6.020663318909208
                },
                "metadata": {
                    "trials": 1
                }
            },
            {
                "query": {
                    "x": 0.756832731150262
                },
                "metrics": {
                    "outcome": -6.020647741035855
                },
                "metadata": {
                    "trials": 1
                }
            }
        ],
        [
            {
                "query": {
                    "x": 0.7572291946254767
                },
                "metrics": {
                    "outcome": -6.020739851404738
                },
                "metadata": {
                    "trials": 1
                }
            },
            {
                "query": {
                    "x": 0.7576232516892349
                },
                "metrics": {
                    "outcome": -6.020665084228856
                },
                "metadata": {
                    "trials": 1
                }
            },
            {
                "query": {
                    "x": 0.7568381156719113
                },
                "metrics": {
                    "outcome": -6.0206501137953214
                },
                "metadata": {
                    "trials": 1
                }
            }
        ],
        [
            {
                "query": {
                    "x": 0.7572296433218175
                },
                "metrics": {
                    "outcome": -6.020739860671377
                },
                "metadata": {
                    "trials": 1
                }
            },
            {
                "query": {
                    "x": 0.7576190978560094
                },
                "metrics": {
                    "outcome": -6.020666739016995
                },
                "metadata": {
                    "trials": 1
                }
            },
            {
                "query": {
                    "x": 0.7568431171216127
                },
                "metrics": {
                    "outcome": -6.020652290108068
                },
                "metadata": {
                    "trials": 1
                }
            }
        ],
        [
            {
                "query": {
                    "x": 0.7572301379395043
                },
                "metrics": {
                    "outcome": -6.020739870637286
                },
                "metadata": {
                    "trials": 1
                }
            },
            {
                "query": {
                    "x": 0.7576144289207009
                },
                "metrics": {
                    "outcome": -6.020668576942931
                },
                "metadata": {
                    "trials": 1
                }
            },
            {
                "query": {
                    "x": 0.7568478919527781
                },
                "metrics": {
                    "outcome": -6.020654342970211
                },
                "metadata": {
                    "trials": 1
                }
            }
        ],
        [
            {
                "query": {
                    "x": 0.7572305565109713
                },
                "metrics": {
                    "outcome": -6.020739878866878
                },
                "metadata": {
                    "trials": 1
                }
            },
            {
                "query": {
                    "x": 0.7576115888885278
                },
                "metrics": {
                    "outcome": -6.020669683497757
                },
                "metadata": {
                    "trials": 1
                }
            },
            {
                "query": {
                    "x": 0.756852348740816
                },
                "metrics": {
                    "outcome": -6.020656237199621
                },
                "metadata": {
                    "trials": 1
                }
            }
        ],
        [
            {
                "query": {
                    "x": 0.7572309659501967
                },
                "metrics": {
                    "outcome": -6.02073988673591
                },
                "metadata": {
                    "trials": 1
                }
            },
            {
                "query": {
                    "x": 0.7576081320482559
                },
                "metrics": {
                    "outcome": -6.020671018718277
                },
                "metadata": {
                    "trials": 1
                }
            },
            {
                "query": {
                    "x": 0.7568565771063561
                },
                "metrics": {
                    "outcome": -6.020658014800528
                },
                "metadata": {
                    "trials": 1
                }
            }
        ],
        [
            {
                "query": {
                    "x": 0.757231337452489
                },
                "metrics": {
                    "outcome": -6.020739893720929
                },
                "metadata": {
                    "trials": 1
                }
            },
            {
                "query": {
                    "x": 0.7568605689192237
                },
                "metrics": {
                    "outcome": -6.020659675491351
                },
                "metadata": {
                    "trials": 1
                }
            },
            {
                "query": {
                    "x": 0.7576048326916915
                },
                "metrics": {
                    "outcome": -6.020672281169982
                },
                "metadata": {
                    "trials": 1
                }
            }
        ],
        [
            {
                "query": {
                    "x": 0.757231644836787
                },
                "metrics": {
                    "outcome": -6.020739899388976
                },
                "metadata": {
                    "trials": 1
                }
            },
            {
                "query": {
                    "x": 0.7576017125232152
                },
                "metrics": {
                    "outcome": -6.02067346432935
                },
                "metadata": {
                    "trials": 1
                }
            },
            {
                "query": {
                    "x": 0.7568643265536494
                },
                "metrics": {
                    "outcome": -6.020661223260057
                },
                "metadata": {
                    "trials": 1
                }
            }
        ],
        [
            {
                "query": {
                    "x": 0.757231999628114
                },
                "metrics": {
                    "outcome": -6.020739905805753
                },
                "metadata": {
                    "trials": 1
                }
            },
            {
                "query": {
                    "x": 0.7575986881319532
                },
                "metrics": {
                    "outcome": -6.020674601216709
                },
                "metadata": {
                    "trials": 1
                }
            },
            {
                "query": {
                    "x": 0.7568679687577783
                },
                "metrics": {
                    "outcome": -6.020662709138164
                },
                "metadata": {
                    "trials": 1
                }
            }
        ],
        [
            {
                "query": {
                    "x": 0.7572323274546149
                },
                "metrics": {
                    "outcome": -6.02073991161536
                },
                "metadata": {
                    "trials": 1
                }
            },
            {
                "query": {
                    "x": 0.7575958561897848
                },
                "metrics": {
                    "outcome": -6.020675656878494
                },
                "metadata": {
                    "trials": 1
                }
            },
            {
                "query": {
                    "x": 0.7568714121544188
                },
                "metrics": {
                    "outcome": -6.020664100924148
                },
                "metadata": {
                    "trials": 1
                }
            }
        ],
        [
            {
                "query": {
                    "x": 0.7572326291669202
                },
                "metrics": {
                    "outcome": -6.020739916860768
                },
                "metadata": {
                    "trials": 1
                }
            },
            {
                "query": {
                    "x": 0.7575931364441253
                },
                "metrics": {
                    "outcome": -6.0206766626299535
                },
                "metadata": {
                    "trials": 1
                }
            },
            {
                "query": {
                    "x": 0.7568746951542105
                },
                "metrics": {
                    "outcome": -6.020665416125225
                },
                "metadata": {
                    "trials": 1
                }
            }
        ],
        [
            {
                "query": {
                    "x": 0.7572329284937457
                },
                "metrics": {
                    "outcome": -6.020739921968645
                },
                "metadata": {
                    "trials": 1
                }
            },
            {
                "query": {
                    "x": 0.7575905269173048
                },
                "metrics": {
                    "outcome": -6.020677620174779
                },
                "metadata": {
                    "trials": 1
                }
            },
            {
                "query": {
                    "x": 0.7568778560662354
                },
                "metrics": {
                    "outcome": -6.020666671574725
                },
                "metadata": {
                    "trials": 1
                }
            }
        ],
        [
            {
                "query": {
                    "x": 0.7572331666311517
                },
                "metrics": {
                    "outcome": -6.020739925964015
                },
                "metadata": {
                    "trials": 1
                }
            },
            {
                "query": {
                    "x": 0.7575879968463048
                },
                "metrics": {
                    "outcome": -6.020678541599751
                },
                "metadata": {
                    "trials": 1
                }
            },
            {
                "query": {
                    "x": 0.7568808405553485
                },
                "metrics": {
                    "outcome": -6.020667847189698
                },
                "metadata": {
                    "trials": 1
                }
            }
        ],
        [
            {
                "query": {
                    "x": 0.7572334182301171
                },
                "metrics": {
                    "outcome": -6.020739930119446
                },
                "metadata": {
                    "trials": 1
                }
            },
            {
                "query": {
                    "x": 0.757585584124707
                },
                "metrics": {
                    "outcome": -6.020679413900589
                },
                "metadata": {
                    "trials": 1
                }
            },
            {
                "query": {
                    "x": 0.7568837240805896
                },
                "metrics": {
                    "outcome": -6.020668974027018
                },
                "metadata": {
                    "trials": 1
                }
            }
        ],
        [
            {
                "query": {
                    "x": 0.7572336516558068
                },
                "metrics": {
                    "outcome": -6.0207399339142755
                },
                "metadata": {
                    "trials": 1
                }
            },
            {
                "query": {
                    "x": 0.7575832595491375
                },
                "metrics": {
                    "outcome": -6.020680248435463
                },
                "metadata": {
                    "trials": 1
                }
            },
            {
                "query": {
                    "x": 0.7568864702867154
                },
                "metrics": {
                    "outcome": -6.020670038972057
                },
                "metadata": {
                    "trials": 1
                }
            }
        ],
        [
            {
                "query": {
                    "x": 0.7572338964506665
                },
                "metrics": {
                    "outcome": -6.020739937831431
                },
                "metadata": {
                    "trials": 1
                }
            },
            {
                "query": {
                    "x": 0.7575810411765511
                },
                "metrics": {
                    "outcome": -6.020681039445891
                },
                "metadata": {
                    "trials": 1
                }
            },
            {
                "query": {
                    "x": 0.756889163732008
                },
                "metrics": {
                    "outcome": -6.020671075657481
                },
                "metadata": {
                    "trials": 1
                }
            }
        ],
        [
            {
                "query": {
                    "x": 0.7572340726177368
                },
                "metrics": {
                    "outcome": -6.020739940610822
                },
                "metadata": {
                    "trials": 1
                }
            },
            {
                "query": {
                    "x": 0.7575788387720352
                },
                "metrics": {
                    "outcome": -6.020681819548571
                },
                "metadata": {
                    "trials": 1
                }
            },
            {
                "query": {
                    "x": 0.7568916860572573
                },
                "metrics": {
                    "outcome": -6.02067203947655
                },
                "metadata": {
                    "trials": 1
                }
            }
        ],
        [
            {
                "query": {
                    "x": 0.7572342966573055
                },
                "metrics": {
                    "outcome": -6.020739944097623
                },
                "metadata": {
                    "trials": 1
                }
            },
            {
                "query": {
                    "x": 0.7575767674729026
                },
                "metrics": {
                    "outcome": -6.020682548472697
                },
                "metadata": {
                    "trials": 1
                }
            },
            {
                "query": {
                    "x": 0.7568941788441826
                },
                "metrics": {
                    "outcome": -6.020672985353098
                },
                "metadata": {
                    "trials": 1
                }
            }
        ],
        [
            {
                "query": {
                    "x": 0.7572345708320875
                },
                "metrics": {
                    "outcome": -6.020739948291761
                },
                "metadata": {
                    "trials": 1
                }
            },
            {
                "query": {
                    "x": 0.7575748317263751
                },
                "metrics": {
                    "outcome": -6.020683225539987
                },
                "metadata": {
                    "trials": 1
                }
            },
            {
                "query": {
                    "x": 0.7568966329039234
                },
                "metrics": {
                    "outcome": -6.020673910071765
                },
                "metadata": {
                    "trials": 1
                }
            }
        ],
        [
            {
                "query": {
                    "x": 0.7572346811627633
                },
                "metrics": {
                    "outcome": -6.020739949956874
                },
                "metadata": {
                    "trials": 1
                }
            },
            {
                "query": {
                    "x": 0.7575728032871776
                },
                "metrics": {
                    "outcome": -6.0206839307225275
                },
                "metadata": {
                    "trials": 1
                }
            },
            {
                "query": {
                    "x": 0.7568988639203685
                },
                "metrics": {
                    "outcome": -6.020674745180268
                },
                "metadata": {
                    "trials": 1
                }
            }
        ],
        [
            {
                "query": {
                    "x": 0.7572349234313523
                },
                "metrics": {
                    "outcome": -6.020739953567584
                },
                "metadata": {
                    "trials": 1
                }
            },
            {
                "query": {
                    "x": 0.7575709732563338
                },
                "metrics": {
                    "outcome": -6.020684563147743
                },
                "metadata": {
                    "trials": 1
                }
            },
            {
                "query": {
                    "x": 0.7569011331093324
                },
                "metrics": {
                    "outcome": -6.020675589140615
                },
                "metadata": {
                    "trials": 1
                }
            }
        ],
        [
            {
                "query": {
                    "x": 0.7572350959496834
                },
                "metrics": {
                    "outcome": -6.020739956100545
                },
                "metadata": {
                    "trials": 1
                }
            },
            {
                "query": {
                    "x": 0.7575691412065446
                },
                "metrics": {
                    "outcome": -6.020685192678133
                },
                "metadata": {
                    "trials": 1
                }
            },
            {
                "query": {
                    "x": 0.756903291754825
                },
                "metrics": {
                    "outcome": -6.020676386898593
                },
                "metadata": {
                    "trials": 1
                }
            }
        ],
        [
            {
                "query": {
                    "x": 0.7572352673983255
                },
                "metrics": {
                    "outcome": -6.020739958586313
                },
                "metadata": {
                    "trials": 1
                }
            },
            {
                "query": {
                    "x": 0.7575673825871359
                },
                "metrics": {
                    "outcome": -6.0206857935950735
                },
                "metadata": {
                    "trials": 1
                }
            },
            {
                "query": {
                    "x": 0.756905379663717
                },
                "metrics": {
                    "outcome": -6.020677153794175
                },
                "metadata": {
                    "trials": 1
                }
            }
        ],
        [
            {
                "query": {
                    "x": 0.7572354412230179
                },
                "metrics": {
                    "outcome": -6.020739961074486
                },
                "metadata": {
                    "trials": 1
                }
            },
            {
                "query": {
                    "x": 0.7575656491002317
                },
                "metrics": {
                    "outcome": -6.020686382682896
                },
                "metadata": {
                    "trials": 1
                }
            },
            {
                "query": {
                    "x": 0.756907419591942
                },
                "metrics": {
                    "outcome": -6.020677898582963
                },
                "metadata": {
                    "trials": 1
                }
            }
        ],
        [
            {
                "query": {
                    "x": 0.7572356035313775
                },
                "metrics": {
                    "outcome": -6.020739963368679
                },
                "metadata": {
                    "trials": 1
                }
            },
            {
                "query": {
                    "x": 0.7575639975145415
                },
                "metrics": {
                    "outcome": -6.020686940944829
                },
                "metadata": {
                    "trials": 1
                }
            },
            {
                "query": {
                    "x": 0.7569093857653992
                },
                "metrics": {
                    "outcome": -6.02067861224961
                },
                "metadata": {
                    "trials": 1
                }
            }
        ],
        [
            {
                "query": {
                    "x": 0.757235772876934
                },
                "metrics": {
                    "outcome": -6.0207399657323535
                },
                "metadata": {
                    "trials": 1
                }
            },
            {
                "query": {
                    "x": 0.7575623856647354
                },
                "metrics": {
                    "outcome": -6.020687482958907
                },
                "metadata": {
                    "trials": 1
                }
            },
            {
                "query": {
                    "x": 0.7569113067081992
                },
                "metrics": {
                    "outcome": -6.0206793055230055
                },
                "metadata": {
                    "trials": 1
                }
            }
        ]
    ],
    "best_results": [
        {
            "query": {
                "x": 0.757235772876934
            },
            "metrics": [
                {
                    "name": "outcome",
                    "value": -6.0207399657323535
                }
            ]
        }
    ]
}