{
    "date": "10/11/2022 09:50:23",
    "basic_params": {
        "active_variables": [
            "x"
        ],
        "default_query": {},
        "metric": "basic",
        "n_trials": 1
    },
    "objective_function": {
        "name": "Forrester",
        "params": {}
    },
    "optimizer": {
        "name": "BO-MCMC-250-LCB",
        "params": {
            "lower_bound": [
                0.0
            ],
            "upper_bound": [
                1.0
            ],
            "invert_metric": false,
            "bopt_params": {
                "n_init_samples": 15,
                "n_iterations": 45,
                "n_iter_relearn": 5,
                "verbose_level": 0,
                "n_parallel_samples": 3,
                "par_type": "PAR_MCMC",
                "l_type": "L_MCMC",
                "burnout_mcmc_parallel": 250,
                "crit_name": "cLCBnorm",
                "n_crit_params": 1,
                "crit_params": [
                    2.0
                ]
            }
        }
    },
    "execution_time": 14.799746036529541,
    "best_results": [
        {
            "query": {
                "x": 0.7654860969376702
            },
            "metrics": [
                {
                    "name": "outcome",
                    "value": -5.983683975391854
                }
            ]
        }
    ],
    "iterations": [
        [
            {
                "query": {
                    "x": 0.6929880820059527
                },
                "metrics": {
                    "outcome": -4.29532665792022
                },
                "metadata": {
                    "trials": 1
                }
            }
        ],
        [
            {
                "query": {
                    "x": 0.9972736842154215
                },
                "metrics": {
                    "outcome": 15.767651814556853
                },
                "metadata": {
                    "trials": 1
                }
            }
        ],
        [
            {
                "query": {
                    "x": 0.13239604473734895
                },
                "metrics": {
                    "outcome": -0.9696879041914895
                },
                "metadata": {
                    "trials": 1
                }
            }
        ],
        [
            {
                "query": {
                    "x": 0.26655241736831764
                },
                "metrics": {
                    "outcome": -0.11532395192151249
                },
                "metadata": {
                    "trials": 1
                }
            }
        ],
        [
            {
                "query": {
                    "x": 0.4427502434079846
                },
                "metrics": {
                    "outcome": 0.41675192108295667
                },
                "metadata": {
                    "trials": 1
                }
            }
        ],
        [
            {
                "query": {
                    "x": 0.1927053450917204
                },
                "metrics": {
                    "outcome": -0.7070985949749883
                },
                "metadata": {
                    "trials": 1
                }
            }
        ],
        [
            {
                "query": {
                    "x": 0.047291823259244366
                },
                "metrics": {
                    "outcome": 0.8448307299164168
                },
                "metadata": {
                    "trials": 1
                }
            }
        ],
        [
            {
                "query": {
                    "x": 0.3945287988676379
                },
                "metrics": {
                    "outcome": 0.09034031652222842
                },
                "metadata": {
                    "trials": 1
                }
            }
        ],
        [
            {
                "query": {
                    "x": 0.604718060248221
                },
                "metrics": {
                    "outcome": -0.3043014021038901
                },
                "metadata": {
                    "trials": 1
                }
            }
        ],
        [
            {
                "query": {
                    "x": 0.5011616344874104
                },
                "metrics": {
                    "outcome": 0.9160453952819672
                },
                "metadata": {
                    "trials": 1
                }
            }
        ],
        [
            {
                "query": {
                    "x": 0.7430296992883086
                },
                "metrics": {
                    "outcome": -5.917380124513269
                },
                "metadata": {
                    "trials": 1
                }
            }
        ],
        [
            {
                "query": {
                    "x": 0.5612802588225653
                },
                "metrics": {
                    "outcome": 0.7391462245491784
                },
                "metadata": {
                    "trials": 1
                }
            }
        ],
        [
            {
                "query": {
                    "x": 0.8998475057383378
                },
                "metrics": {
                    "outcome": 5.690485606120811
                },
                "metadata": {
                    "trials": 1
                }
            }
        ],
        [
            {
                "query": {
                    "x": 0.8075455043464899
                },
                "metrics": {
                    "outcome": -4.521802804411979
                },
                "metadata": {
                    "trials": 1
                }
            }
        ],
        [
            {
                "query": {
                    "x": 0.31627821411627033
                },
                "metrics": {
                    "outcome": -0.0021281976016062783
                },
                "metadata": {
                    "trials": 1
                }
            }
        ],
        [
            {
                "query": {
                    "x": 0.43217789219328484
                },
                "metrics": {
                    "outcome": 0.3260264592783552
                },
                "metadata": {
                    "trials": 1
                }
            },
            {
                "query": {
                    "x": 0.7968073708470911
                },
                "metrics": {
                    "outcome": -5.107780737794036
                },
                "metadata": {
                    "trials": 1
                }
            },
            {
                "query": {
                    "x": 0.8236025299367313
                },
                "metrics": {
                    "outcome": -3.3693167354257327
                },
                "metadata": {
                    "trials": 1
                }
            }
        ],
        [
            {
                "query": {
                    "x": 0.5262063934265188
                },
                "metrics": {
                    "outcome": 0.9856274426036786
                },
                "metadata": {
                    "trials": 1
                }
            },
            {
                "query": {
                    "x": 0.44101662220209636
                },
                "metrics": {
                    "outcome": 0.4013491337111602
                },
                "metadata": {
                    "trials": 1
                }
            },
            {
                "query": {
                    "x": 0.5178297701310363
                },
                "metrics": {
                    "outcome": 0.9805714013584965
                },
                "metadata": {
                    "trials": 1
                }
            }
        ],
        [
            {
                "query": {
                    "x": 0.7116836457597329
                },
                "metrics": {
                    "outcome": -5.077158262252977
                },
                "metadata": {
                    "trials": 1
                }
            },
            {
                "query": {
                    "x": 0.5853733013766003
                },
                "metrics": {
                    "outcome": 0.26721040391051215
                },
                "metadata": {
                    "trials": 1
                }
            },
            {
                "query": {
                    "x": 0.2341901363663555
                },
                "metrics": {
                    "outcome": -0.3284732195281681
                },
                "metadata": {
                    "trials": 1
                }
            }
        ],
        [
            {
                "query": {
                    "x": 0.6224966997275324
                },
                "metrics": {
                    "outcome": -0.9707706269219896
                },
                "metadata": {
                    "trials": 1
                }
            },
            {
                "query": {
                    "x": 0.011211304851930214
                },
                "metrics": {
                    "outcome": 2.4739553871142457
                },
                "metadata": {
                    "trials": 1
                }
            },
            {
                "query": {
                    "x": 0.23350827111691833
                },
                "metrics": {
                    "outcome": -0.33408752172473016
                },
                "metadata": {
                    "trials": 1
                }
            }
        ],
        [
            {
                "query": {
                    "x": 0.8502812744118273
                },
                "metrics": {
                    "outcome": -0.7669946969172119
                },
                "metadata": {
                    "trials": 1
                }
            },
            {
                "query": {
                    "x": 0.5009106681682169
                },
                "metrics": {
                    "outcome": 0.9146091023408351
                },
                "metadata": {
                    "trials": 1
                }
            },
            {
                "query": {
                    "x": 0.7122653872342728
                },
                "metrics": {
                    "outcome": -5.098841918738158
                },
                "metadata": {
                    "trials": 1
                }
            }
        ],
        [
            {
                "query": {
                    "x": 0.7478765358914073
                },
                "metrics": {
                    "outcome": -5.9751311332536385
                },
                "metadata": {
                    "trials": 1
                }
            },
            {
                "query": {
                    "x": 0.4910335463761669
                },
                "metrics": {
                    "outcome": 0.8493940289353097
                },
                "metadata": {
                    "trials": 1
                }
            },
            {
                "query": {
                    "x": 0.8006879973809402
                },
                "metrics": {
                    "outcome": -4.9132173942118875
                },
                "metadata": {
                    "trials": 1
                }
            }
        ],
        [
            {
                "query": {
                    "x": 0.04305795952677727
                },
                "metrics": {
                    "outcome": 1.016477770426401
                },
                "metadata": {
                    "trials": 1
                }
            },
            {
                "query": {
                    "x": 0.6939252196709862
                },
                "metrics": {
                    "outcome": -4.337797549894613
                },
                "metadata": {
                    "trials": 1
                }
            },
            {
                "query": {
                    "x": 0.7908186775875958
                },
                "metrics": {
                    "outcome": -5.369981303748678
                },
                "metadata": {
                    "trials": 1
                }
            }
        ],
        [
            {
                "query": {
                    "x": 0.9405496037050011
                },
                "metrics": {
                    "outcome": 11.193754332337644
                },
                "metadata": {
                    "trials": 1
                }
            },
            {
                "query": {
                    "x": 0.5770639051195752
                },
                "metrics": {
                    "outcome": 0.4600713224166119
                },
                "metadata": {
                    "trials": 1
                }
            },
            {
                "query": {
                    "x": 0.8713506160113482
                },
                "metrics": {
                    "outcome": 1.7940206695026188
                },
                "metadata": {
                    "trials": 1
                }
            }
        ],
        [
            {
                "query": {
                    "x": 0.18743816576898098
                },
                "metrics": {
                    "outcome": -0.7539016827767918
                },
                "metadata": {
                    "trials": 1
                }
            },
            {
                "query": {
                    "x": 0.8450702886890216
                },
                "metrics": {
                    "outcome": -1.3373993279762317
                },
                "metadata": {
                    "trials": 1
                }
            },
            {
                "query": {
                    "x": 0.9092107802949491
                },
                "metrics": {
                    "outcome": 7.008066802088986
                },
                "metadata": {
                    "trials": 1
                }
            }
        ],
        [
            {
                "query": {
                    "x": 0.7847062801431849
                },
                "metrics": {
                    "outcome": -5.590419156239308
                },
                "metadata": {
                    "trials": 1
                }
            },
            {
                "query": {
                    "x": 0.10220100874288292
                },
                "metrics": {
                    "outcome": -0.6918789288499415
                },
                "metadata": {
                    "trials": 1
                }
            },
            {
                "query": {
                    "x": 0.4442293420349185
                },
                "metrics": {
                    "outcome": 0.4300312331847279
                },
                "metadata": {
                    "trials": 1
                }
            }
        ],
        [
            {
                "query": {
                    "x": 0.7654860969376702
                },
                "metrics": {
                    "outcome": -5.983683975391854
                },
                "metadata": {
                    "trials": 1
                }
            },
            {
                "query": {
                    "x": 0.697389407837223
                },
                "metrics": {
                    "outcome": -4.492245586982455
                },
                "metadata": {
                    "trials": 1
                }
            },
            {
                "query": {
                    "x": 0.12001372803933918
                },
                "metrics": {
                    "outcome": -0.900173599920568
                },
                "metadata": {
                    "trials": 1
                }
            }
        ],
        [
            {
                "query": {
                    "x": 0.7156566914098266
                },
                "metrics": {
                    "outcome": -5.22142597258247
                },
                "metadata": {
                    "trials": 1
                }
            },
            {
                "query": {
                    "x": 0.4178361964141496
                },
                "metrics": {
                    "outcome": 0.2182418484826698
                },
                "metadata": {
                    "trials": 1
                }
            },
            {
                "query": {
                    "x": 0.2512836514258334
                },
                "metrics": {
                    "outcome": -0.20189554225124481
                },
                "metadata": {
                    "trials": 1
                }
            }
        ],
        [
            {
                "query": {
                    "x": 0.058542349841445684
                },
                "metrics": {
                    "outcome": 0.4220758961609317
                },
                "metadata": {
                    "trials": 1
                }
            },
            {
                "query": {
                    "x": 0.296332211624194
                },
                "metrics": {
                    "outcome": -0.021172074039431315
                },
                "metadata": {
                    "trials": 1
                }
            },
            {
                "query": {
                    "x": 0.06378179345546799
                },
                "metrics": {
                    "outcome": 0.24297584497917965
                },
                "metadata": {
                    "trials": 1
                }
            }
        ],
        [
            {
                "query": {
                    "x": 0.639248858158563
                },
                "metrics": {
                    "outcome": -1.7013966864047303
                },
                "metadata": {
                    "trials": 1
                }
            },
            {
                "query": {
                    "x": 0.34115998287485233
                },
                "metrics": {
                    "outcome": 0.00020681057482207268
                },
                "metadata": {
                    "trials": 1
                }
            },
            {
                "query": {
                    "x": 0.4850299147016095
                },
                "metrics": {
                    "outcome": 0.8027624816757439
                },
                "metadata": {
                    "trials": 1
                }
            }
        ],
        [
            {
                "query": {
                    "x": 0.14871103429797922
                },
                "metrics": {
                    "outcome": -0.9807971366118594
                },
                "metadata": {
                    "trials": 1
                }
            },
            {
                "query": {
                    "x": 0.24661548774541417
                },
                "metrics": {
                    "outcome": -0.23355371966622313
                },
                "metadata": {
                    "trials": 1
                }
            },
            {
                "query": {
                    "x": 0.23209412372671068
                },
                "metrics": {
                    "outcome": -0.34585165739217033
                },
                "metadata": {
                    "trials": 1
                }
            }
        ],
        [
            {
                "query": {
                    "x": 0.22217121557457475
                },
                "metrics": {
                    "outcome": -0.4324330647216094
                },
                "metadata": {
                    "trials": 1
                }
            },
            {
                "query": {
                    "x": 0.6486899405864707
                },
                "metrics": {
                    "outcome": -2.1457819633322344
                },
                "metadata": {
                    "trials": 1
                }
            },
            {
                "query": {
                    "x": 0.6218343416427922
                },
                "metrics": {
                    "outcome": -0.9437544984778646
                },
                "metadata": {
                    "trials": 1
                }
            }
        ],
        [
            {
                "query": {
                    "x": 0.847462909296155
                },
                "metrics": {
                    "outcome": -1.0789646116368035
                },
                "metadata": {
                    "trials": 1
                }
            },
            {
                "query": {
                    "x": 0.5806201849297642
                },
                "metrics": {
                    "outcome": 0.38144475625782864
                },
                "metadata": {
                    "trials": 1
                }
            },
            {
                "query": {
                    "x": 0.5634989525075242
                },
                "metrics": {
                    "outcome": 0.7066993720320063
                },
                "metadata": {
                    "trials": 1
                }
            }
        ],
        [
            {
                "query": {
                    "x": 0.4922898540267145
                },
                "metrics": {
                    "outcome": 0.8585487153974021
                },
                "metadata": {
                    "trials": 1
                }
            },
            {
                "query": {
                    "x": 0.2392303706484976
                },
                "metrics": {
                    "outcome": -0.2882164243433217
                },
                "metadata": {
                    "trials": 1
                }
            },
            {
                "query": {
                    "x": 0.36531923683234196
                },
                "metrics": {
                    "outcome": 0.013792498041975042
                },
                "metadata": {
                    "trials": 1
                }
            }
        ],
        [
            {
                "query": {
                    "x": 0.718684539402533
                },
                "metrics": {
                    "outcome": -5.3250720656246
                },
                "metadata": {
                    "trials": 1
                }
            },
            {
                "query": {
                    "x": 0.7088600448406328
                },
                "metrics": {
                    "outcome": -4.969322420181582
                },
                "metadata": {
                    "trials": 1
                }
            },
            {
                "query": {
                    "x": 0.1332893492653966
                },
                "metrics": {
                    "outcome": -0.9725340113069222
                },
                "metadata": {
                    "trials": 1
                }
            }
        ],
        [
            {
                "query": {
                    "x": 0.399388488392455
                },
                "metrics": {
                    "outcome": 0.1118749142778995
                },
                "metadata": {
                    "trials": 1
                }
            },
            {
                "query": {
                    "x": 0.8182238163084434
                },
                "metrics": {
                    "outcome": -3.7917874523393604
                },
                "metadata": {
                    "trials": 1
                }
            },
            {
                "query": {
                    "x": 0.7963741606966773
                },
                "metrics": {
                    "outcome": -5.128294645701611
                },
                "metadata": {
                    "trials": 1
                }
            }
        ],
        [
            {
                "query": {
                    "x": 0.2886683561176678
                },
                "metrics": {
                    "outcome": -0.03667656588169115
                },
                "metadata": {
                    "trials": 1
                }
            },
            {
                "query": {
                    "x": 0.8526496847409806
                },
                "metrics": {
                    "outcome": -0.4987079112685525
                },
                "metadata": {
                    "trials": 1
                }
            },
            {
                "query": {
                    "x": 0.3654235814829909
                },
                "metrics": {
                    "outcome": 0.013925663741422534
                },
                "metadata": {
                    "trials": 1
                }
            }
        ],
        [
            {
                "query": {
                    "x": 0.41533907079628873
                },
                "metrics": {
                    "outcome": 0.20160868341008795
                },
                "metadata": {
                    "trials": 1
                }
            },
            {
                "query": {
                    "x": 0.28153828402992265
                },
                "metrics": {
                    "outcome": -0.05623634476686682
                },
                "metadata": {
                    "trials": 1
                }
            },
            {
                "query": {
                    "x": 0.795070207430741
                },
                "metrics": {
                    "outcome": -5.188582106308017
                },
                "metadata": {
                    "trials": 1
                }
            }
        ],
        [
            {
                "query": {
                    "x": 0.26218981033025585
                },
                "metrics": {
                    "outcome": -0.13733780249955774
                },
                "metadata": {
                    "trials": 1
                }
            },
            {
                "query": {
                    "x": 0.15959062850680616
                },
                "metrics": {
                    "outcome": -0.9462328633090593
                },
                "metadata": {
                    "trials": 1
                }
            },
            {
                "query": {
                    "x": 0.9314012203708047
                },
                "metrics": {
                    "outcome": 10.035443044093078
                },
                "metadata": {
                    "trials": 1
                }
            }
        ],
        [
            {
                "query": {
                    "x": 0.1857166719448028
                },
                "metrics": {
                    "outcome": -0.7687331611101312
                },
                "metadata": {
                    "trials": 1
                }
            },
            {
                "query": {
                    "x": 0.8467479169655787
                },
                "metrics": {
                    "outcome": -1.1568182439761632
                },
                "metadata": {
                    "trials": 1
                }
            },
            {
                "query": {
                    "x": 0.6000066524824756
                },
                "metrics": {
                    "outcome": -0.1496492887381265
                },
                "metadata": {
                    "trials": 1
                }
            }
        ],
        [
            {
                "query": {
                    "x": 0.8856606430852498
                },
                "metrics": {
                    "outcome": 3.7115340859115484
                },
                "metadata": {
                    "trials": 1
                }
            },
            {
                "query": {
                    "x": 0.9486908246237661
                },
                "metrics": {
                    "outcome": 12.155702883703029
                },
                "metadata": {
                    "trials": 1
                }
            },
            {
                "query": {
                    "x": 0.8323568651515704
                },
                "metrics": {
                    "outcome": -2.6056156138510134
                },
                "metadata": {
                    "trials": 1
                }
            }
        ],
        [
            {
                "query": {
                    "x": 0.02738527890544987
                },
                "metrics": {
                    "outcome": 1.7028937524109313
                },
                "metadata": {
                    "trials": 1
                }
            },
            {
                "query": {
                    "x": 0.774212354561314
                },
                "metrics": {
                    "outcome": -5.860175521102023
                },
                "metadata": {
                    "trials": 1
                }
            },
            {
                "query": {
                    "x": 0.033820918156847124
                },
                "metrics": {
                    "outcome": 1.4121402055845167
                },
                "metadata": {
                    "trials": 1
                }
            }
        ],
        [
            {
                "query": {
                    "x": 0.5982767049381437
                },
                "metrics": {
                    "outcome": -0.09531629035523347
                },
                "metadata": {
                    "trials": 1
                }
            },
            {
                "query": {
                    "x": 0.8331179011147469
                },
                "metrics": {
                    "outcome": -2.534885233728077
                },
                "metadata": {
                    "trials": 1
                }
            },
            {
                "query": {
                    "x": 0.4355448269279751
                },
                "metrics": {
                    "outcome": 0.35403159681103563
                },
                "metadata": {
                    "trials": 1
                }
            }
        ],
        [
            {
                "query": {
                    "x": 0.27048891120630236
                },
                "metrics": {
                    "outcome": -0.0973439708374503
                },
                "metadata": {
                    "trials": 1
                }
            },
            {
                "query": {
                    "x": 0.7677120896375866
                },
                "metrics": {
                    "outcome": -5.9606085214092985
                },
                "metadata": {
                    "trials": 1
                }
            },
            {
                "query": {
                    "x": 0.7213601140799726
                },
                "metrics": {
                    "outcome": -5.411814788449564
                },
                "metadata": {
                    "trials": 1
                }
            }
        ],
        [
            {
                "query": {
                    "x": 0.12229319575675339
                },
                "metrics": {
                    "outcome": -0.917347430328905
                },
                "metadata": {
                    "trials": 1
                }
            },
            {
                "query": {
                    "x": 0.5554851840081231
                },
                "metrics": {
                    "outcome": 0.8137483066621798
                },
                "metadata": {
                    "trials": 1
                }
            },
            {
                "query": {
                    "x": 0.8536880207452717
                },
                "metrics": {
                    "outcome": -0.3793723208300335
                },
                "metadata": {
                    "trials": 1
                }
            }
        ],
        [
            {
                "query": {
                    "x": 0.9178131075849812
                },
                "metrics": {
                    "outcome": 8.206535191885996
                },
                "metadata": {
                    "trials": 1
                }
            },
            {
                "query": {
                    "x": 0.8231958490525829
                },
                "metrics": {
                    "outcome": -3.4025204709182053
                },
                "metadata": {
                    "trials": 1
                }
            },
            {
                "query": {
                    "x": 0.640784501876227
                },
                "metrics": {
                    "outcome": -1.772350719376222
                },
                "metadata": {
                    "trials": 1
                }
            }
        ],
        [
            {
                "query": {
                    "x": 0.10456358056940229
                },
                "metrics": {
                    "outcome": -0.727366783159706
                },
                "metadata": {
                    "trials": 1
                }
            },
            {
                "query": {
                    "x": 0.07848842580887656
                },
                "metrics": {
                    "outcome": -0.1948929454256648
                },
                "metadata": {
                    "trials": 1
                }
            },
            {
                "query": {
                    "x": 0.1908601553867715
                },
                "metrics": {
                    "outcome": -0.7237137433286136
                },
                "metadata": {
                    "trials": 1
                }
            }
        ],
        [
            {
                "query": {
                    "x": 0.8185084222687674
                },
                "metrics": {
                    "outcome": -3.770342591687149
                },
                "metadata": {
                    "trials": 1
                }
            },
            {
                "query": {
                    "x": 0.7442022923573409
                },
                "metrics": {
                    "outcome": -5.933390908667023
                },
                "metadata": {
                    "trials": 1
                }
            },
            {
                "query": {
                    "x": 0.7444090879141531
                },
                "metrics": {
                    "outcome": -5.936081286912239
                },
                "metadata": {
                    "trials": 1
                }
            }
        ],
        [
            {
                "query": {
                    "x": 0.33472618341756327
                },
                "metrics": {
                    "outcome": 1.167284315126939e-06
                },
                "metadata": {
                    "trials": 1
                }
            },
            {
                "query": {
                    "x": 0.45932069372838347
                },
                "metrics": {
                    "outcome": 0.5704288201491048
                },
                "metadata": {
                    "trials": 1
                }
            },
            {
                "query": {
                    "x": 0.06755897856926683
                },
                "metrics": {
                    "outcome": 0.12124915333830262
                },
                "metadata": {
                    "trials": 1
                }
            }
        ],
        [
            {
                "query": {
                    "x": 0.7854336685010497
                },
                "metrics": {
                    "outcome": -5.566661729865153
                },
                "metadata": {
                    "trials": 1
                }
            },
            {
                "query": {
                    "x": 0.1885774185318736
                },
                "metrics": {
                    "outcome": -0.7439499894971422
                },
                "metadata": {
                    "trials": 1
                }
            },
            {
                "query": {
                    "x": 8.914376931692686e-05
                },
                "metrics": {
                    "outcome": 3.0227939451590977
                },
                "metadata": {
                    "trials": 1
                }
            }
        ],
        [
            {
                "query": {
                    "x": 0.6041576363952578
                },
                "metrics": {
                    "outcome": -0.2853992756646123
                },
                "metadata": {
                    "trials": 1
                }
            },
            {
                "query": {
                    "x": 0.5816795271021575
                },
                "metrics": {
                    "outcome": 0.3568913918823587
                },
                "metadata": {
                    "trials": 1
                }
            },
            {
                "query": {
                    "x": 0.8393076028541834
                },
                "metrics": {
                    "outcome": -1.9347064431786274
                },
                "metadata": {
                    "trials": 1
                }
            }
        ],
        [
            {
                "query": {
                    "x": 0.8323099822737277
                },
                "metrics": {
                    "outcome": -2.6099505896263766
                },
                "metadata": {
                    "trials": 1
                }
            },
            {
                "query": {
                    "x": 0.6921164775366588
                },
                "metrics": {
                    "outcome": -4.2555795003913435
                },
                "metadata": {
                    "trials": 1
                }
            },
            {
                "query": {
                    "x": 0.8666811563427252
                },
                "metrics": {
                    "outcome": 1.1952971421795404
                },
                "metadata": {
                    "trials": 1
                }
            }
        ],
        [
            {
                "query": {
                    "x": 0.4310912887907213
                },
                "metrics": {
                    "outcome": 0.3171873947370657
                },
                "metadata": {
                    "trials": 1
                }
            },
            {
                "query": {
                    "x": 0.3890513914844816
                },
                "metrics": {
                    "outcome": 0.06928143493047309
                },
                "metadata": {
                    "trials": 1
                }
            },
            {
                "query": {
                    "x": 0.6054871906568247
                },
                "metrics": {
                    "outcome": -0.33046274341870974
                },
                "metadata": {
                    "trials": 1
                }
            }
        ],
        [
            {
                "query": {
                    "x": 0.9056735641788691
                },
                "metrics": {
                    "outcome": 6.510880509311931
                },
                "metadata": {
                    "trials": 1
                }
            },
            {
                "query": {
                    "x": 0.12480230196576918
                },
                "metrics": {
                    "outcome": -0.9339103364426794
                },
                "metadata": {
                    "trials": 1
                }
            },
            {
                "query": {
                    "x": 0.14984470825638915
                },
                "metrics": {
                    "outcome": -0.9786077244431634
                },
                "metadata": {
                    "trials": 1
                }
            }
        ],
        [
            {
                "query": {
                    "x": 0.22827562619931996
                },
                "metrics": {
                    "outcome": -0.3783841900274057
                },
                "metadata": {
                    "trials": 1
                }
            },
            {
                "query": {
                    "x": 0.4129111430828085
                },
                "metrics": {
                    "outcome": 0.18609007067517092
                },
                "metadata": {
                    "trials": 1
                }
            },
            {
                "query": {
                    "x": 0.3596450464659213
                },
                "metrics": {
                    "outcome": 0.007739110303489264
                },
                "metadata": {
                    "trials": 1
                }
            }
        ],
        [
            {
                "query": {
                    "x": 0.16082770348600214
                },
                "metrics": {
                    "outcome": -0.9405237941620146
                },
                "metadata": {
                    "trials": 1
                }
            },
            {
                "query": {
                    "x": 0.19158682271022873
                },
                "metrics": {
                    "outcome": -0.7171960512308629
                },
                "metadata": {
                    "trials": 1
                }
            },
            {
                "query": {
                    "x": 0.5060251745131255
                },
                "metrics": {
                    "outcome": 0.9414044202539539
                },
                "metadata": {
                    "trials": 1
                }
            }
        ],
        [
            {
                "query": {
                    "x": 0.04907691568337427
                },
                "metrics": {
                    "outcome": 0.7744391398478031
                },
                "metadata": {
                    "trials": 1
                }
            },
            {
                "query": {
                    "x": 0.914329086837693
                },
                "metrics": {
                    "outcome": 7.723619099113301
                },
                "metadata": {
                    "trials": 1
                }
            },
            {
                "query": {
                    "x": 0.6422389969439322
                },
                "metrics": {
                    "outcome": -1.8400684929649758
                },
                "metadata": {
                    "trials": 1
                }
            }
        ],
        [
            {
                "query": {
                    "x": 0.15450123806240226
                },
                "metrics": {
                    "outcome": -0.9660548168356777
                },
                "metadata": {
                    "trials": 1
                }
            },
            {
                "query": {
                    "x": 0.6319306688884999
                },
                "metrics": {
                    "outcome": -1.3717423726647875
                },
                "metadata": {
                    "trials": 1
                }
            },
            {
                "query": {
                    "x": 0.012826704458598653
                },
                "metrics": {
                    "outcome": 2.3950367380938866
                },
                "metadata": {
                    "trials": 1
                }
            }
        ],
        [
            {
                "query": {
                    "x": 0.7277693746145815
                },
                "metrics": {
                    "outcome": -5.5996558524160855
                },
                "metadata": {
                    "trials": 1
                }
            },
            {
                "query": {
                    "x": 0.3672224933677333
                },
                "metrics": {
                    "outcome": 0.01635418230656607
                },
                "metadata": {
                    "trials": 1
                }
            },
            {
                "query": {
                    "x": 0.41816757642664015
                },
                "metrics": {
                    "outcome": 0.22049958307649775
                },
                "metadata": {
                    "trials": 1
                }
            }
        ],
        [
            {
                "query": {
                    "x": 0.6615564727061369
                },
                "metrics": {
                    "outcome": -2.7742306764744953
                },
                "metadata": {
                    "trials": 1
                }
            },
            {
                "query": {
                    "x": 0.2420204054448936
                },
                "metrics": {
                    "outcome": -0.2669331889388494
                },
                "metadata": {
                    "trials": 1
                }
            },
            {
                "query": {
                    "x": 0.45136952711127754
                },
                "metrics": {
                    "outcome": 0.4956077754790811
                },
                "metadata": {
                    "trials": 1
                }
            }
        ],
        [
            {
                "query": {
                    "x": 0.8715417140629143
                },
                "metrics": {
                    "outcome": 1.818846915500718
                },
                "metadata": {
                    "trials": 1
                }
            },
            {
                "query": {
                    "x": 0.15029372880235314
                },
                "metrics": {
                    "outcome": -0.9776442655976327
                },
                "metadata": {
                    "trials": 1
                }
            },
            {
                "query": {
                    "x": 0.4894937616341167
                },
                "metrics": {
                    "outcome": 0.837872978881417
                },
                "metadata": {
                    "trials": 1
                }
            }
        ]
    ]
}