{
    "date": "05/11/2022 12:04:23",
    "basic_params": {
        "active_variables": [
            "x1",
            "x2"
        ],
        "default_query": {},
        "metric": "basic",
        "n_trials": 1
    },
    "objective_function": {
        "name": "Gramacy2D",
        "params": {}
    },
    "optimizer": {
        "name": "BBO-LP(LCB)",
        "params": {
            "lower_bound": [
                -2.0,
                -2.0
            ],
            "upper_bound": [
                6.0,
                6.0
            ],
            "invert_metric": false,
            "bopt_params": {
                "n_init_samples": 12,
                "n_iterations": 23,
                "n_iter_relearn": 5,
                "verbose_level": 0,
                "n_parallel_samples": 6,
                "par_type": "PAR_BBO",
                "crit_name": "cLP(cLCB)",
                "n_crit_params": 3,
                "crit_params": [
                    6,
                    1,
                    1.0
                ]
            }
        }
    },
    "iterations": [
        [
            {
                "query": {
                    "x1": 3.2737449823568268,
                    "x2": 5.903906569350511
                },
                "metrics": {
                    "outcome": 5.2810104626131085e-20
                },
                "metadata": {
                    "trials": 1
                }
            }
        ],
        [
            {
                "query": {
                    "x1": 1.2630571570868292,
                    "x2": 5.023943290580064
                },
                "metrics": {
                    "outcome": 2.7989284409087515e-12
                },
                "metadata": {
                    "trials": 1
                }
            }
        ],
        [
            {
                "query": {
                    "x1": 0.5453193951398134,
                    "x2": 3.1501968251541257
                },
                "metrics": {
                    "outcome": 1.9846222131501347e-05
                },
                "metadata": {
                    "trials": 1
                }
            }
        ],
        [
            {
                "query": {
                    "x1": -0.5675815053594608,
                    "x2": -0.3212282258706789
                },
                "metrics": {
                    "outcome": -0.37094285552137235
                },
                "metadata": {
                    "trials": 1
                }
            }
        ],
        [
            {
                "query": {
                    "x1": 5.045788160835703,
                    "x2": 2.0212754880388575
                },
                "metrics": {
                    "outcome": 7.438188321972697e-13
                },
                "metadata": {
                    "trials": 1
                }
            }
        ],
        [
            {
                "query": {
                    "x1": 1.6533485377828279,
                    "x2": 4.086768456113835
                },
                "metrics": {
                    "outcome": 5.994429875377761e-09
                },
                "metadata": {
                    "trials": 1
                }
            }
        ],
        [
            {
                "query": {
                    "x1": 2.630715865797053,
                    "x2": 1.3628417033081255
                },
                "metrics": {
                    "outcome": 0.0004053549425310906
                },
                "metadata": {
                    "trials": 1
                }
            }
        ],
        [
            {
                "query": {
                    "x1": 4.259332483634353,
                    "x2": 3.9730805602545542
                },
                "metrics": {
                    "outcome": 7.850729869795318e-15
                },
                "metadata": {
                    "trials": 1
                }
            }
        ],
        [
            {
                "query": {
                    "x1": 5.798094201212128,
                    "x2": 1.2467786880830922
                },
                "metrics": {
                    "outcome": 3.076991116532715e-15
                },
                "metadata": {
                    "trials": 1
                }
            }
        ],
        [
            {
                "query": {
                    "x1": -1.1559059702170393,
                    "x2": 0.054150364206483115
                },
                "metrics": {
                    "outcome": -0.3029563789712107
                },
                "metadata": {
                    "trials": 1
                }
            }
        ],
        [
            {
                "query": {
                    "x1": -1.8373019883098702,
                    "x2": -1.6634389214838545
                },
                "metrics": {
                    "outcome": -0.003948539730425512
                },
                "metadata": {
                    "trials": 1
                }
            }
        ],
        [
            {
                "query": {
                    "x1": 3.366800028520326,
                    "x2": -0.6776198943456013
                },
                "metrics": {
                    "outcome": 2.5405410204826593e-05
                },
                "metadata": {
                    "trials": 1
                }
            }
        ],
        [
            {
                "query": {
                    "x1": -0.735868582588189,
                    "x2": 6.0
                },
                "metrics": {
                    "outcome": -9.931785569939473e-17
                },
                "metadata": {
                    "trials": 1
                }
            },
            {
                "query": {
                    "x1": -0.7370036337443786,
                    "x2": 5.217769011944767
                },
                "metrics": {
                    "outcome": -6.424738531121197e-13
                },
                "metadata": {
                    "trials": 1
                }
            },
            {
                "query": {
                    "x1": -0.738149930952468,
                    "x2": 4.454894132056367
                },
                "metrics": {
                    "outcome": -1.0291265903813634e-09
                },
                "metadata": {
                    "trials": 1
                }
            },
            {
                "query": {
                    "x1": -0.7392782821587531,
                    "x2": 3.7085962732933693
                },
                "metrics": {
                    "outcome": -4.5530443226490547e-07
                },
                "metadata": {
                    "trials": 1
                }
            },
            {
                "query": {
                    "x1": -0.7403511238421465,
                    "x2": 2.9753334665465276
                },
                "metrics": {
                    "outcome": -6.120022222243599e-05
                },
                "metadata": {
                    "trials": 1
                }
            },
            {
                "query": {
                    "x1": -0.7413235052842515,
                    "x2": 2.2504251436988847
                },
                "metrics": {
                    "outcome": -0.0027032729496936306
                },
                "metadata": {
                    "trials": 1
                }
            }
        ],
        [
            {
                "query": {
                    "x1": -0.14915922002614468,
                    "x2": -1.9999999999849947
                },
                "metrics": {
                    "outcome": -0.0026718359379712467
                },
                "metadata": {
                    "trials": 1
                }
            },
            {
                "query": {
                    "x1": -0.14915590099160014,
                    "x2": -1.9999999996276194
                },
                "metrics": {
                    "outcome": -0.0026717791344837
                },
                "metadata": {
                    "trials": 1
                }
            },
            {
                "query": {
                    "x1": -0.14916613823691782,
                    "x2": -1.999999999955168
                },
                "metrics": {
                    "outcome": -0.002671954347140789
                },
                "metadata": {
                    "trials": 1
                }
            },
            {
                "query": {
                    "x1": -0.14914728139813604,
                    "x2": -2.0
                },
                "metrics": {
                    "outcome": -0.0026716316000757324
                },
                "metadata": {
                    "trials": 1
                }
            },
            {
                "query": {
                    "x1": -0.14917461472492466,
                    "x2": -2.0
                },
                "metrics": {
                    "outcome": -0.002672099425224144
                },
                "metadata": {
                    "trials": 1
                }
            },
            {
                "query": {
                    "x1": -0.14913947127027072,
                    "x2": -2.0
                },
                "metrics": {
                    "outcome": -0.0026714979232095085
                },
                "metadata": {
                    "trials": 1
                }
            }
        ],
        [
            {
                "query": {
                    "x1": -1.4504508483863072,
                    "x2": -1.9999999999988334
                },
                "metrics": {
                    "outcome": -0.0032408059647668725
                },
                "metadata": {
                    "trials": 1
                }
            },
            {
                "query": {
                    "x1": -1.4504543097798788,
                    "x2": -1.9733862191268876
                },
                "metrics": {
                    "outcome": -0.0036022592887767027
                },
                "metadata": {
                    "trials": 1
                }
            },
            {
                "query": {
                    "x1": -1.450458583511026,
                    "x2": -1.9466478075863558
                },
                "metrics": {
                    "outcome": -0.004000291608718713
                },
                "metadata": {
                    "trials": 1
                }
            },
            {
                "query": {
                    "x1": -1.4504624870265972,
                    "x2": -1.9198464384778544
                },
                "metrics": {
                    "outcome": -0.004437033255992468
                },
                "metadata": {
                    "trials": 1
                }
            },
            {
                "query": {
                    "x1": -1.4486386134124256,
                    "x2": -1.9873424229364498
                },
                "metrics": {
                    "outcome": -0.003422241578935258
                },
                "metadata": {
                    "trials": 1
                }
            },
            {
                "query": {
                    "x1": -1.4504664750612264,
                    "x2": -1.8929790408328235
                },
                "metrics": {
                    "outcome": -0.004915619784738046
                },
                "metadata": {
                    "trials": 1
                }
            }
        ],
        [
            {
                "query": {
                    "x1": -0.449349211629255,
                    "x2": -1.9999999999606368
                },
                "metrics": {
                    "outcome": -0.006725361144290441
                },
                "metadata": {
                    "trials": 1
                }
            },
            {
                "query": {
                    "x1": -0.4493390630057785,
                    "x2": -1.9585237762414425
                },
                "metrics": {
                    "outcome": -0.007925273090775108
                },
                "metadata": {
                    "trials": 1
                }
            },
            {
                "query": {
                    "x1": -0.4493297828898595,
                    "x2": -1.9168368641959161
                },
                "metrics": {
                    "outcome": -0.009314723156787033
                },
                "metadata": {
                    "trials": 1
                }
            },
            {
                "query": {
                    "x1": -0.44932012359315343,
                    "x2": -1.8749354210607634
                },
                "metrics": {
                    "outcome": -0.010918561132657042
                },
                "metadata": {
                    "trials": 1
                }
            },
            {
                "query": {
                    "x1": -0.4493104599296647,
                    "x2": -1.8328176494558084
                },
                "metrics": {
                    "outcome": -0.012763808060654776
                },
                "metadata": {
                    "trials": 1
                }
            },
            {
                "query": {
                    "x1": -0.44930102034962016,
                    "x2": -1.7904798242019282
                },
                "metrics": {
                    "outcome": -0.014879786471797704
                },
                "metadata": {
                    "trials": 1
                }
            }
        ],
        [
            {
                "query": {
                    "x1": 0.1724322779630958,
                    "x2": -1.999999999999997
                },
                "metrics": {
                    "outcome": 0.003065686967986049
                },
                "metadata": {
                    "trials": 1
                }
            },
            {
                "query": {
                    "x1": 0.17252926480129105,
                    "x2": -1.875314995949717
                },
                "metrics": {
                    "outcome": 0.004972855348101052
                },
                "metadata": {
                    "trials": 1
                }
            },
            {
                "query": {
                    "x1": 0.1726223555014892,
                    "x2": -1.7504117558004344
                },
                "metrics": {
                    "outcome": 0.00782533463074009
                },
                "metadata": {
                    "trials": 1
                }
            },
            {
                "query": {
                    "x1": 0.17271692160935137,
                    "x2": -1.625279334303548
                },
                "metrics": {
                    "outcome": 0.01194472685362424
                },
                "metadata": {
                    "trials": 1
                }
            },
            {
                "query": {
                    "x1": 0.17281283417454496,
                    "x2": -1.4999179298307426
                },
                "metrics": {
                    "outcome": 0.017682775913590885
                },
                "metadata": {
                    "trials": 1
                }
            },
            {
                "query": {
                    "x1": 0.17290674862821387,
                    "x2": -1.3743124717253967
                },
                "metrics": {
                    "outcome": 0.02538404711170566
                },
                "metadata": {
                    "trials": 1
                }
            }
        ],
        [
            {
                "query": {
                    "x1": 4.643575921281952,
                    "x2": 2.676599663451052
                },
                "metrics": {
                    "outcome": 1.5519663858819536e-12
                },
                "metadata": {
                    "trials": 1
                }
            },
            {
                "query": {
                    "x1": 4.643815956894339,
                    "x2": 3.8174311589832977
                },
                "metrics": {
                    "outcome": 9.384793114977971e-16
                },
                "metadata": {
                    "trials": 1
                }
            },
            {
                "query": {
                    "x1": 4.643319112241103,
                    "x2": 1.536139344982704
                },
                "metrics": {
                    "outcome": 1.8986515070511366e-10
                },
                "metadata": {
                    "trials": 1
                }
            },
            {
                "query": {
                    "x1": 4.644032437958112,
                    "x2": 4.925095282195778
                },
                "metrics": {
                    "outcome": 5.833890401464356e-20
                },
                "metadata": {
                    "trials": 1
                }
            },
            {
                "query": {
                    "x1": 4.643055480924041,
                    "x2": 0.42896129308120967
                },
                "metrics": {
                    "outcome": 1.6764299547077882e-09
                },
                "metadata": {
                    "trials": 1
                }
            },
            {
                "query": {
                    "x1": 4.642782782104052,
                    "x2": -0.6582662232594738
                },
                "metrics": {
                    "outcome": 1.3097462006093637e-09
                },
                "metadata": {
                    "trials": 1
                }
            }
        ],
        [
            {
                "query": {
                    "x1": 5.456747250523925,
                    "x2": -1.9998599723190271
                },
                "metrics": {
                    "outcome": 1.1705968038301194e-14
                },
                "metadata": {
                    "trials": 1
                }
            },
            {
                "query": {
                    "x1": 5.456712889239861,
                    "x2": -0.8059846562718809
                },
                "metrics": {
                    "outcome": 3.337179405060818e-13
                },
                "metadata": {
                    "trials": 1
                }
            },
            {
                "query": {
                    "x1": 5.456732779314004,
                    "x2": 0.38847311787599814
                },
                "metrics": {
                    "outcome": 5.493757454478839e-13
                },
                "metadata": {
                    "trials": 1
                }
            },
            {
                "query": {
                    "x1": 5.456809302018995,
                    "x2": 1.6075262295975605
                },
                "metrics": {
                    "outcome": 4.816980148441356e-14
                },
                "metadata": {
                    "trials": 1
                }
            },
            {
                "query": {
                    "x1": 5.456946093262087,
                    "x2": 2.9038652537325857
                },
                "metrics": {
                    "outcome": 1.3875737536362607e-16
                },
                "metadata": {
                    "trials": 1
                }
            },
            {
                "query": {
                    "x1": 5.457151268115734,
                    "x2": 4.176593240409659
                },
                "metrics": {
                    "outcome": 1.6891031519948128e-20
                },
                "metadata": {
                    "trials": 1
                }
            }
        ],
        [
            {
                "query": {
                    "x1": 0.8697313490487777,
                    "x2": -2.0
                },
                "metrics": {
                    "outcome": 0.007476402673089989
                },
                "metadata": {
                    "trials": 1
                }
            },
            {
                "query": {
                    "x1": 2.935240471237848,
                    "x2": -1.9997999775961093
                },
                "metrics": {
                    "outcome": 9.751911974961721e-06
                },
                "metadata": {
                    "trials": 1
                }
            },
            {
                "query": {
                    "x1": 0.871804711726003,
                    "x2": -1.147894592602376
                },
                "metrics": {
                    "outcome": 0.10916494477958291
                },
                "metadata": {
                    "trials": 1
                }
            },
            {
                "query": {
                    "x1": 2.9331247051239515,
                    "x2": -1.1803397421808666
                },
                "metrics": {
                    "outcome": 0.00013364090938709503
                },
                "metadata": {
                    "trials": 1
                }
            },
            {
                "query": {
                    "x1": 0.8737507059510867,
                    "x2": -0.2955617664060024
                },
                "metrics": {
                    "outcome": 0.373156554069644
                },
                "metadata": {
                    "trials": 1
                }
            },
            {
                "query": {
                    "x1": 2.931012801044991,
                    "x2": -0.36279919559920426
                },
                "metrics": {
                    "outcome": 0.00047742128154771674
                },
                "metadata": {
                    "trials": 1
                }
            }
        ],
        [
            {
                "query": {
                    "x1": 1.3654074387758266,
                    "x2": -2.0
                },
                "metrics": {
                    "outcome": 0.0038762596430698846
                },
                "metadata": {
                    "trials": 1
                }
            },
            {
                "query": {
                    "x1": 1.3662980410158867,
                    "x2": -1.9274175757909342
                },
                "metrics": {
                    "outcome": 0.005145648228090749
                },
                "metadata": {
                    "trials": 1
                }
            },
            {
                "query": {
                    "x1": 1.367154647311387,
                    "x2": -1.854345129037991
                },
                "metrics": {
                    "outcome": 0.006771883575282139
                },
                "metadata": {
                    "trials": 1
                }
            },
            {
                "query": {
                    "x1": 1.3680128011250678,
                    "x2": -1.7808008552175731
                },
                "metrics": {
                    "outcome": 0.00883219656864416
                },
                "metadata": {
                    "trials": 1
                }
            },
            {
                "query": {
                    "x1": 1.3688721511961983,
                    "x2": -1.7067787792137419
                },
                "metrics": {
                    "outcome": 0.011413965676516773
                },
                "metadata": {
                    "trials": 1
                }
            },
            {
                "query": {
                    "x1": 1.3427372093259518,
                    "x2": -1.9656957843446508
                },
                "metrics": {
                    "outcome": 0.004643936420711619
                },
                "metadata": {
                    "trials": 1
                }
            }
        ],
        [
            {
                "query": {
                    "x1": 1.1151613109596923,
                    "x2": -1.9999999999972737
                },
                "metrics": {
                    "outcome": 0.005889491124938509
                },
                "metadata": {
                    "trials": 1
                }
            },
            {
                "query": {
                    "x1": 1.1172342235121726,
                    "x2": -1.9025848077971494
                },
                "metrics": {
                    "outcome": 0.008589754929497399
                },
                "metadata": {
                    "trials": 1
                }
            },
            {
                "query": {
                    "x1": 1.1192327121758763,
                    "x2": -1.8048544189177351
                },
                "metrics": {
                    "outcome": 0.012307604379853314
                },
                "metadata": {
                    "trials": 1
                }
            },
            {
                "query": {
                    "x1": 1.1212221075934234,
                    "x2": -1.706806862114386
                },
                "metrics": {
                    "outcome": 0.01731972209661936
                },
                "metadata": {
                    "trials": 1
                }
            },
            {
                "query": {
                    "x1": 1.1232005014131077,
                    "x2": -1.608459833118399
                },
                "metrics": {
                    "outcome": 0.023931966567702398
                },
                "metadata": {
                    "trials": 1
                }
            },
            {
                "query": {
                    "x1": 1.1251650843480903,
                    "x2": -1.5098276374946251
                },
                "metrics": {
                    "outcome": 0.03246326309029142
                },
                "metadata": {
                    "trials": 1
                }
            }
        ],
        [
            {
                "query": {
                    "x1": 0.19029344632007028,
                    "x2": 6.0
                },
                "metrics": {
                    "outcome": 4.256924883309192e-17
                },
                "metadata": {
                    "trials": 1
                }
            },
            {
                "query": {
                    "x1": 0.06495412418166469,
                    "x2": 4.745417622991097
                },
                "metrics": {
                    "outcome": 1.0737471370504622e-11
                },
                "metadata": {
                    "trials": 1
                }
            },
            {
                "query": {
                    "x1": -0.03859859169583424,
                    "x2": 3.6100758343133803
                },
                "metrics": {
                    "outcome": -8.43174606266115e-08
                },
                "metadata": {
                    "trials": 1
                }
            },
            {
                "query": {
                    "x1": -0.8571779549222198,
                    "x2": -0.6128046989365934
                },
                "metrics": {
                    "outcome": -0.282410560450372
                },
                "metadata": {
                    "trials": 1
                }
            },
            {
                "query": {
                    "x1": 2.273024609803646,
                    "x2": 6.0
                },
                "metrics": {
                    "outcome": 3.0071782149541882e-18
                },
                "metadata": {
                    "trials": 1
                }
            },
            {
                "query": {
                    "x1": -0.8935118552288166,
                    "x2": -1.2487529330745075
                },
                "metrics": {
                    "outcome": -0.0845558514153247
                },
                "metadata": {
                    "trials": 1
                }
            }
        ],
        [
            {
                "query": {
                    "x1": -1.6536844632534273,
                    "x2": 4.306552537303065
                },
                "metrics": {
                    "outcome": -9.466788024165096e-10
                },
                "metadata": {
                    "trials": 1
                }
            },
            {
                "query": {
                    "x1": -1.5564575873328792,
                    "x2": 2.1217093040209862
                },
                "metrics": {
                    "outcome": -0.0015310551662268993
                },
                "metadata": {
                    "trials": 1
                }
            },
            {
                "query": {
                    "x1": -0.6749011349679559,
                    "x2": 0.07585793063996604
                },
                "metrics": {
                    "outcome": -0.42552352986261865
                },
                "metadata": {
                    "trials": 1
                }
            },
            {
                "query": {
                    "x1": -0.6802077976706102,
                    "x2": -0.29617940059124015
                },
                "metrics": {
                    "outcome": -0.39228689651081455
                },
                "metadata": {
                    "trials": 1
                }
            },
            {
                "query": {
                    "x1": -1.6584252086167912,
                    "x2": 6.0
                },
                "metrics": {
                    "outcome": -2.4582283090723946e-17
                },
                "metadata": {
                    "trials": 1
                }
            },
            {
                "query": {
                    "x1": -1.3616824142976838,
                    "x2": 0.6401806836486608
                },
                "metrics": {
                    "outcome": -0.1415235279324898
                },
                "metadata": {
                    "trials": 1
                }
            }
        ],
        [
            {
                "query": {
                    "x1": -0.6148505944175044,
                    "x2": 0.17512338328126864
                },
                "metrics": {
                    "outcome": -0.40857269302036164
                },
                "metadata": {
                    "trials": 1
                }
            },
            {
                "query": {
                    "x1": -0.6423161158483863,
                    "x2": -0.1076192630739845
                },
                "metrics": {
                    "outcome": -0.420283160731048
                },
                "metadata": {
                    "trials": 1
                }
            },
            {
                "query": {
                    "x1": -0.7660419193098673,
                    "x2": -0.0034382387525744296
                },
                "metrics": {
                    "outcome": -0.42598530465748613
                },
                "metadata": {
                    "trials": 1
                }
            },
            {
                "query": {
                    "x1": -0.5777044668466584,
                    "x2": 0.46220373844104046
                },
                "metrics": {
                    "outcome": -0.3341826460709386
                },
                "metadata": {
                    "trials": 1
                }
            },
            {
                "query": {
                    "x1": -0.638419579506079,
                    "x2": -0.30607387657086216
                },
                "metrics": {
                    "outcome": -0.3867331568042973
                },
                "metadata": {
                    "trials": 1
                }
            },
            {
                "query": {
                    "x1": -0.9748867818759368,
                    "x2": 0.28214378928330053
                },
                "metrics": {
                    "outcome": -0.34803811087776526
                },
                "metadata": {
                    "trials": 1
                }
            }
        ],
        [
            {
                "query": {
                    "x1": -0.7292453299715429,
                    "x2": 0.061748880470281264
                },
                "metrics": {
                    "outcome": -0.4268354300943328
                },
                "metadata": {
                    "trials": 1
                }
            },
            {
                "query": {
                    "x1": -0.7524541736339017,
                    "x2": 0.18528671867214674
                },
                "metrics": {
                    "outcome": -0.4127415641397596
                },
                "metadata": {
                    "trials": 1
                }
            },
            {
                "query": {
                    "x1": -0.7112884825560033,
                    "x2": -0.06034084969882181
                },
                "metrics": {
                    "outcome": -0.4273082996543884
                },
                "metadata": {
                    "trials": 1
                }
            },
            {
                "query": {
                    "x1": -0.8147658360230303,
                    "x2": -0.01003979164609392
                },
                "metrics": {
                    "outcome": -0.41945514246131976
                },
                "metadata": {
                    "trials": 1
                }
            },
            {
                "query": {
                    "x1": -0.7761138669205911,
                    "x2": 0.35282584035770626
                },
                "metrics": {
                    "outcome": -0.37520045772866056
                },
                "metadata": {
                    "trials": 1
                }
            },
            {
                "query": {
                    "x1": -0.6493339211011775,
                    "x2": -0.1582076374896133
                },
                "metrics": {
                    "outcome": -0.4154170282704015
                },
                "metadata": {
                    "trials": 1
                }
            }
        ],
        [
            {
                "query": {
                    "x1": -0.7063182722635599,
                    "x2": 0.0011044770803767534
                },
                "metrics": {
                    "outcome": -0.4288808857916608
                },
                "metadata": {
                    "trials": 1
                }
            },
            {
                "query": {
                    "x1": -0.7352500547204011,
                    "x2": -0.08163292449443049
                },
                "metrics": {
                    "outcome": -0.42536774389151466
                },
                "metadata": {
                    "trials": 1
                }
            },
            {
                "query": {
                    "x1": -0.6908853753731556,
                    "x2": 0.08728121290412583
                },
                "metrics": {
                    "outcome": -0.4254014518809673
                },
                "metadata": {
                    "trials": 1
                }
            },
            {
                "query": {
                    "x1": -0.784012136468125,
                    "x2": 0.031808384648268184
                },
                "metrics": {
                    "outcome": -0.423578008626682
                },
                "metadata": {
                    "trials": 1
                }
            },
            {
                "query": {
                    "x1": -0.6363797290200228,
                    "x2": -0.04483092887625184
                },
                "metrics": {
                    "outcome": -0.4236071410923069
                },
                "metadata": {
                    "trials": 1
                }
            },
            {
                "query": {
                    "x1": -0.6600127184801801,
                    "x2": -0.14494389203741131
                },
                "metrics": {
                    "outcome": -0.41806360451678853
                },
                "metadata": {
                    "trials": 1
                }
            }
        ],
        [
            {
                "query": {
                    "x1": 3.2865091977471224,
                    "x2": 3.158391852113798
                },
                "metrics": {
                    "outcome": 3.1158749821233215e-09
                },
                "metadata": {
                    "trials": 1
                }
            },
            {
                "query": {
                    "x1": -0.7051313264209897,
                    "x2": -0.0006027408301194637
                },
                "metrics": {
                    "outcome": -0.42887843620338856
                },
                "metadata": {
                    "trials": 1
                }
            },
            {
                "query": {
                    "x1": -0.7043231390857154,
                    "x2": 0.09098435667522509
                },
                "metrics": {
                    "outcome": -0.42533964642552413
                },
                "metadata": {
                    "trials": 1
                }
            },
            {
                "query": {
                    "x1": -0.7078204664827095,
                    "x2": -0.09185954389024209
                },
                "metrics": {
                    "outcome": -0.42527775411187047
                },
                "metadata": {
                    "trials": 1
                }
            },
            {
                "query": {
                    "x1": -0.7913760052646119,
                    "x2": 0.011677208201059663
                },
                "metrics": {
                    "outcome": -0.42299521640176657
                },
                "metadata": {
                    "trials": 1
                }
            },
            {
                "query": {
                    "x1": -0.6200413220180323,
                    "x2": 0.012652780896492466
                },
                "metrics": {
                    "outcome": -0.42207152506950857
                },
                "metadata": {
                    "trials": 1
                }
            }
        ],
        [
            {
                "query": {
                    "x1": -0.7054340522151195,
                    "x2": -0.00036334097741130833
                },
                "metrics": {
                    "outcome": -0.4288794839295591
                },
                "metadata": {
                    "trials": 1
                }
            },
            {
                "query": {
                    "x1": -0.7059891040860569,
                    "x2": 0.08360118753176105
                },
                "metrics": {
                    "outcome": -0.4258938046882218
                },
                "metadata": {
                    "trials": 1
                }
            },
            {
                "query": {
                    "x1": -0.7086255423739607,
                    "x2": -0.08411674329983398
                },
                "metrics": {
                    "outcome": -0.42585608145319226
                },
                "metadata": {
                    "trials": 1
                }
            },
            {
                "query": {
                    "x1": -0.7850622934040892,
                    "x2": -0.0004995595497556682
                },
                "metrics": {
                    "outcome": -0.42387559968116234
                },
                "metadata": {
                    "trials": 1
                }
            },
            {
                "query": {
                    "x1": -0.6290610567432056,
                    "x2": 0.02046742620836728
                },
                "metrics": {
                    "outcome": -0.42330442154406184
                },
                "metadata": {
                    "trials": 1
                }
            },
            {
                "query": {
                    "x1": -0.7932788075369448,
                    "x2": 0.10118945124394507
                },
                "metrics": {
                    "outcome": -0.4184863086533478
                },
                "metadata": {
                    "trials": 1
                }
            }
        ],
        [
            {
                "query": {
                    "x1": -0.7053977327118324,
                    "x2": -0.00028288166748224874
                },
                "metrics": {
                    "outcome": -0.42887940074892794
                },
                "metadata": {
                    "trials": 1
                }
            },
            {
                "query": {
                    "x1": -0.7078267837232495,
                    "x2": 0.07861404707762576
                },
                "metrics": {
                    "outcome": -0.42623911168974327
                },
                "metadata": {
                    "trials": 1
                }
            },
            {
                "query": {
                    "x1": -0.7066851796075546,
                    "x2": -0.07910764731326236
                },
                "metrics": {
                    "outcome": -0.42620621984100393
                },
                "metadata": {
                    "trials": 1
                }
            },
            {
                "query": {
                    "x1": -0.7793860348774955,
                    "x2": -0.015985634042355645
                },
                "metrics": {
                    "outcome": -0.4244559974852955
                },
                "metadata": {
                    "trials": 1
                }
            },
            {
                "query": {
                    "x1": -0.6346363287961183,
                    "x2": 0.023792985060605787
                },
                "metrics": {
                    "outcome": -0.4239954602886107
                },
                "metadata": {
                    "trials": 1
                }
            },
            {
                "query": {
                    "x1": -0.790490661459478,
                    "x2": 0.08382790052059619
                },
                "metrics": {
                    "outcome": -0.42020859399643856
                },
                "metadata": {
                    "trials": 1
                }
            }
        ],
        [
            {
                "query": {
                    "x1": -0.7056074210998027,
                    "x2": -0.0002125232777401287
                },
                "metrics": {
                    "outcome": -0.4288799934263104
                },
                "metadata": {
                    "trials": 1
                }
            },
            {
                "query": {
                    "x1": -0.7088874705993136,
                    "x2": 0.07492631767352576
                },
                "metrics": {
                    "outcome": -0.42647826282738643
                },
                "metadata": {
                    "trials": 1
                }
            },
            {
                "query": {
                    "x1": -0.7051852931480236,
                    "x2": -0.07534590856694345
                },
                "metrics": {
                    "outcome": -0.42645092329272044
                },
                "metadata": {
                    "trials": 1
                }
            },
            {
                "query": {
                    "x1": -0.7767101201245097,
                    "x2": -0.0008639810996995401
                },
                "metrics": {
                    "outcome": -0.42487195782146225
                },
                "metadata": {
                    "trials": 1
                }
            },
            {
                "query": {
                    "x1": -0.6385489755053799,
                    "x2": 0.024411885159526747
                },
                "metrics": {
                    "outcome": -0.424476923332446
                },
                "metadata": {
                    "trials": 1
                }
            },
            {
                "query": {
                    "x1": -0.6267492416035327,
                    "x2": -0.06947297630452454
                },
                "metrics": {
                    "outcome": -0.42111477477854925
                },
                "metadata": {
                    "trials": 1
                }
            }
        ],
        [
            {
                "query": {
                    "x1": -0.7061594319018165,
                    "x2": -0.00014118683259556342
                },
                "metrics": {
                    "outcome": -0.42888116376978613
                },
                "metadata": {
                    "trials": 1
                }
            },
            {
                "query": {
                    "x1": -0.707887831979064,
                    "x2": 0.07212049834333367
                },
                "metrics": {
                    "outcome": -0.42665644152774806
                },
                "metadata": {
                    "trials": 1
                }
            },
            {
                "query": {
                    "x1": -0.7036128320876496,
                    "x2": -0.07231013711226475
                },
                "metrics": {
                    "outcome": -0.4266348422764346
                },
                "metadata": {
                    "trials": 1
                }
            },
            {
                "query": {
                    "x1": -0.7735509254818429,
                    "x2": -0.013045375767530176
                },
                "metrics": {
                    "outcome": -0.425149252416213
                },
                "metadata": {
                    "trials": 1
                }
            },
            {
                "query": {
                    "x1": -0.641243058674962,
                    "x2": 0.022319659665710034
                },
                "metrics": {
                    "outcome": -0.4248421738218678
                },
                "metadata": {
                    "trials": 1
                }
            },
            {
                "query": {
                    "x1": -0.7827995204499885,
                    "x2": 0.07775777474325274
                },
                "metrics": {
                    "outcome": -0.42159926849774804
                },
                "metadata": {
                    "trials": 1
                }
            }
        ],
        [
            {
                "query": {
                    "x1": -0.7066552185295056,
                    "x2": -9.714945187466739e-05
                },
                "metrics": {
                    "outcome": -0.42888176348971335
                },
                "metadata": {
                    "trials": 1
                }
            },
            {
                "query": {
                    "x1": -0.6989490923047879,
                    "x2": 0.06940874334022151
                },
                "metrics": {
                    "outcome": -0.4267637165204461
                },
                "metadata": {
                    "trials": 1
                }
            },
            {
                "query": {
                    "x1": -0.7016544900889088,
                    "x2": -0.06975909983981543
                },
                "metrics": {
                    "outcome": -0.42677449033111453
                },
                "metadata": {
                    "trials": 1
                }
            },
            {
                "query": {
                    "x1": -0.7692523114571619,
                    "x2": 0.024440030562248527
                },
                "metrics": {
                    "outcome": -0.42541815751220435
                },
                "metadata": {
                    "trials": 1
                }
            },
            {
                "query": {
                    "x1": -0.6409741471719046,
                    "x2": 0.0011689188850616539
                },
                "metrics": {
                    "outcome": -0.4250215614104781
                },
                "metadata": {
                    "trials": 1
                }
            },
            {
                "query": {
                    "x1": -0.7759539972834373,
                    "x2": -0.0610700066505494
                },
                "metrics": {
                    "outcome": -0.42337532761801566
                },
                "metadata": {
                    "trials": 1
                }
            }
        ],
        [
            {
                "query": {
                    "x1": -0.7075222396644683,
                    "x2": -5.521832758770273e-05
                },
                "metrics": {
                    "outcome": -0.4288817931466987
                },
                "metadata": {
                    "trials": 1
                }
            },
            {
                "query": {
                    "x1": -0.6964832200643754,
                    "x2": 0.08347679708271283
                },
                "metrics": {
                    "outcome": -0.4258071097238183
                },
                "metadata": {
                    "trials": 1
                }
            },
            {
                "query": {
                    "x1": -0.7127825088677235,
                    "x2": -0.08403705228693514
                },
                "metrics": {
                    "outcome": -0.4258363877255958
                },
                "metadata": {
                    "trials": 1
                }
            },
            {
                "query": {
                    "x1": -0.7869760645986588,
                    "x2": 0.013693446019467537
                },
                "metrics": {
                    "outcome": -0.4235531456716568
                },
                "metadata": {
                    "trials": 1
                }
            },
            {
                "query": {
                    "x1": -0.6284506805459449,
                    "x2": -0.013864009663327348
                },
                "metrics": {
                    "outcome": -0.42331436581679976
                },
                "metadata": {
                    "trials": 1
                }
            },
            {
                "query": {
                    "x1": -0.7877975653485154,
                    "x2": 0.11688929028289685
                },
                "metrics": {
                    "outcome": -0.4177791944181674
                },
                "metadata": {
                    "trials": 1
                }
            }
        ],
        [
            {
                "query": {
                    "x1": -0.7075617744795379,
                    "x2": -2.9688722611220797e-05
                },
                "metrics": {
                    "outcome": -0.4288817645671006
                },
                "metadata": {
                    "trials": 1
                }
            },
            {
                "query": {
                    "x1": -0.6971321231261003,
                    "x2": -0.06590946764653838
                },
                "metrics": {
                    "outcome": -0.42693752775364335
                },
                "metadata": {
                    "trials": 1
                }
            },
            {
                "query": {
                    "x1": -0.7132458837404283,
                    "x2": 0.06646049064845538
                },
                "metrics": {
                    "outcome": -0.4269596581886962
                },
                "metadata": {
                    "trials": 1
                }
            },
            {
                "query": {
                    "x1": -0.6474891892710688,
                    "x2": 0.02172164790808262
                },
                "metrics": {
                    "outcome": -0.42555236912605887
                },
                "metadata": {
                    "trials": 1
                }
            },
            {
                "query": {
                    "x1": -0.770380676364987,
                    "x2": -0.007573505473284836
                },
                "metrics": {
                    "outcome": -0.4255323754221977
                },
                "metadata": {
                    "trials": 1
                }
            },
            {
                "query": {
                    "x1": -0.6614297959042892,
                    "x2": 0.11658932402781552
                },
                "metrics": {
                    "outcome": -0.421289987886643
                },
                "metadata": {
                    "trials": 1
                }
            }
        ]
    ],
    "best_results": [
        {
            "query": {
                "x1": -0.7075222396644683,
                "x2": -5.521832758770273e-05
            },
            "metrics": [
                {
                    "name": "outcome",
                    "value": -0.4288817931466987
                }
            ]
        }
    ]
}