{
    "date": "05/11/2022 12:03:30",
    "basic_params": {
        "active_variables": [
            "x"
        ],
        "default_query": {},
        "metric": "basic",
        "n_trials": 1
    },
    "objective_function": {
        "name": "Forrester",
        "params": {}
    },
    "optimizer": {
        "name": "BBO-LP(LCB)",
        "params": {
            "lower_bound": [
                0.0
            ],
            "upper_bound": [
                1.0
            ],
            "invert_metric": false,
            "bopt_params": {
                "n_init_samples": 12,
                "n_iterations": 23,
                "n_iter_relearn": 5,
                "verbose_level": 0,
                "n_parallel_samples": 6,
                "par_type": "PAR_BBO",
                "crit_name": "cLP(cLCB)",
                "n_crit_params": 3,
                "crit_params": [
                    6,
                    1,
                    1.0
                ]
            }
        }
    },
    "iterations": [
        [
            {
                "query": {
                    "x": 0.7343260764998073
                },
                "metrics": {
                    "outcome": -5.759981924409225
                },
                "metadata": {
                    "trials": 1
                }
            }
        ],
        [
            {
                "query": {
                    "x": 0.807021324057132
                },
                "metrics": {
                    "outcome": -4.553867595931199
                },
                "metadata": {
                    "trials": 1
                }
            }
        ],
        [
            {
                "query": {
                    "x": 0.5062583418718228
                },
                "metrics": {
                    "outcome": 0.9424965503865367
                },
                "metadata": {
                    "trials": 1
                }
            }
        ],
        [
            {
                "query": {
                    "x": 0.6558411932589175
                },
                "metrics": {
                    "outcome": -2.4928481601800145
                },
                "metadata": {
                    "trials": 1
                }
            }
        ],
        [
            {
                "query": {
                    "x": 0.4693066202841389
                },
                "metrics": {
                    "outcome": 0.6643612351071126
                },
                "metadata": {
                    "trials": 1
                }
            }
        ],
        [
            {
                "query": {
                    "x": 0.20132357535961395
                },
                "metrics": {
                    "outcome": -0.6273010840382657
                },
                "metadata": {
                    "trials": 1
                }
            }
        ],
        [
            {
                "query": {
                    "x": 0.1546484125040782
                },
                "metrics": {
                    "outcome": -0.9655681833255886
                },
                "metadata": {
                    "trials": 1
                }
            }
        ],
        [
            {
                "query": {
                    "x": 0.2815717247237141
                },
                "metrics": {
                    "outcome": -0.05613228036456441
                },
                "metadata": {
                    "trials": 1
                }
            }
        ],
        [
            {
                "query": {
                    "x": 0.9382135915608766
                },
                "metrics": {
                    "outcome": 10.905019863397214
                },
                "metadata": {
                    "trials": 1
                }
            }
        ],
        [
            {
                "query": {
                    "x": 0.3634816894773394
                },
                "metrics": {
                    "outcome": 0.011581350585792708
                },
                "metadata": {
                    "trials": 1
                }
            }
        ],
        [
            {
                "query": {
                    "x": 0.8665601451454373
                },
                "metrics": {
                    "outcome": 1.1799912312566143
                },
                "metadata": {
                    "trials": 1
                }
            }
        ],
        [
            {
                "query": {
                    "x": 0.0741307622520253
                },
                "metrics": {
                    "outcome": -0.07535869438961652
                },
                "metadata": {
                    "trials": 1
                }
            }
        ],
        [
            {
                "query": {
                    "x": 0.756195072734143
                },
                "metrics": {
                    "outcome": -6.0201489638499615
                },
                "metadata": {
                    "trials": 1
                }
            },
            {
                "query": {
                    "x": 0.7658694172819084
                },
                "metrics": {
                    "outcome": -5.9801146424647795
                },
                "metadata": {
                    "trials": 1
                }
            },
            {
                "query": {
                    "x": 0.7467773400052617
                },
                "metrics": {
                    "outcome": -5.964002443243145
                },
                "metadata": {
                    "trials": 1
                }
            },
            {
                "query": {
                    "x": 0.7400204134404053
                },
                "metrics": {
                    "outcome": -5.870512850229804
                },
                "metadata": {
                    "trials": 1
                }
            },
            {
                "query": {
                    "x": 0.7761080966958132
                },
                "metrics": {
                    "outcome": -5.821416970696078
                },
                "metadata": {
                    "trials": 1
                }
            },
            {
                "query": {
                    "x": 0.7353110531275525
                },
                "metrics": {
                    "outcome": -5.781077895368398
                },
                "metadata": {
                    "trials": 1
                }
            }
        ],
        [
            {
                "query": {
                    "x": 0.7584159506609295
                },
                "metrics": {
                    "outcome": -6.020010152948239
                },
                "metadata": {
                    "trials": 1
                }
            },
            {
                "query": {
                    "x": 0.7569494573994908
                },
                "metrics": {
                    "outcome": -6.020692260121535
                },
                "metadata": {
                    "trials": 1
                }
            },
            {
                "query": {
                    "x": 0.7598565935317325
                },
                "metrics": {
                    "outcome": -6.01708169287358
                },
                "metadata": {
                    "trials": 1
                }
            },
            {
                "query": {
                    "x": 0.7559075792650074
                },
                "metrics": {
                    "outcome": -6.0197832005576535
                },
                "metadata": {
                    "trials": 1
                }
            },
            {
                "query": {
                    "x": 0.7550502534869564
                },
                "metrics": {
                    "outcome": -6.0181752963336
                },
                "metadata": {
                    "trials": 1
                }
            },
            {
                "query": {
                    "x": 0.7539439552219661
                },
                "metrics": {
                    "outcome": -6.014963437892462
                },
                "metadata": {
                    "trials": 1
                }
            }
        ],
        [
            {
                "query": {
                    "x": 0.7573113661140005
                },
                "metrics": {
                    "outcome": -6.020737962206874
                },
                "metadata": {
                    "trials": 1
                }
            },
            {
                "query": {
                    "x": 0.7566707128157737
                },
                "metrics": {
                    "outcome": -6.020561920298556
                },
                "metadata": {
                    "trials": 1
                }
            },
            {
                "query": {
                    "x": 0.7579509307536755
                },
                "metrics": {
                    "outcome": -6.020476241472957
                },
                "metadata": {
                    "trials": 1
                }
            },
            {
                "query": {
                    "x": 0.7560725467808465
                },
                "metrics": {
                    "outcome": -6.02000376318883
                },
                "metadata": {
                    "trials": 1
                }
            },
            {
                "query": {
                    "x": 0.7585883835817229
                },
                "metrics": {
                    "outcome": -6.019778095150417
                },
                "metadata": {
                    "trials": 1
                }
            },
            {
                "query": {
                    "x": 0.7554979485094137
                },
                "metrics": {
                    "outcome": -6.019111377075754
                },
                "metadata": {
                    "trials": 1
                }
            }
        ],
        [
            {
                "query": {
                    "x": 0.7572837069469869
                },
                "metrics": {
                    "outcome": -6.020739403448229
                },
                "metadata": {
                    "trials": 1
                }
            },
            {
                "query": {
                    "x": 0.7567474344706301
                },
                "metrics": {
                    "outcome": -6.0206060392108265
                },
                "metadata": {
                    "trials": 1
                }
            },
            {
                "query": {
                    "x": 0.7578198157473804
                },
                "metrics": {
                    "outcome": -6.020565630522165
                },
                "metadata": {
                    "trials": 1
                }
            },
            {
                "query": {
                    "x": 0.7562334940353801
                },
                "metrics": {
                    "outcome": -6.020191224030728
                },
                "metadata": {
                    "trials": 1
                }
            },
            {
                "query": {
                    "x": 0.7583538495691012
                },
                "metrics": {
                    "outcome": -6.02008587077669
                },
                "metadata": {
                    "trials": 1
                }
            },
            {
                "query": {
                    "x": 0.7557339180723226
                },
                "metrics": {
                    "outcome": -6.019519976017423
                },
                "metadata": {
                    "trials": 1
                }
            }
        ],
        [
            {
                "query": {
                    "x": 0.7572752887637393
                },
                "metrics": {
                    "outcome": -6.020739679858641
                },
                "metadata": {
                    "trials": 1
                }
            },
            {
                "query": {
                    "x": 0.7577597257640222
                },
                "metrics": {
                    "outcome": -6.020600431021801
                },
                "metadata": {
                    "trials": 1
                }
            },
            {
                "query": {
                    "x": 0.7567909875267177
                },
                "metrics": {
                    "outcome": -6.020628299477157
                },
                "metadata": {
                    "trials": 1
                }
            },
            {
                "query": {
                    "x": 0.7563279502956374
                },
                "metrics": {
                    "outcome": -6.020288473119292
                },
                "metadata": {
                    "trials": 1
                }
            },
            {
                "query": {
                    "x": 0.7582428908150813
                },
                "metrics": {
                    "outcome": -6.020210810329264
                },
                "metadata": {
                    "trials": 1
                }
            },
            {
                "query": {
                    "x": 0.7558700446773399
                },
                "metrics": {
                    "outcome": -6.019729003212896
                },
                "metadata": {
                    "trials": 1
                }
            }
        ],
        [
            {
                "query": {
                    "x": 0.7572703324899246
                },
                "metrics": {
                    "outcome": -6.0207398071913625
                },
                "metadata": {
                    "trials": 1
                }
            },
            {
                "query": {
                    "x": 0.7577160290475488
                },
                "metrics": {
                    "outcome": -6.0206233050994635
                },
                "metadata": {
                    "trials": 1
                }
            },
            {
                "query": {
                    "x": 0.7568249474193066
                },
                "metrics": {
                    "outcome": -6.020644256494854
                },
                "metadata": {
                    "trials": 1
                }
            },
            {
                "query": {
                    "x": 0.7563969858427756
                },
                "metrics": {
                    "outcome": -6.020353570926568
                },
                "metadata": {
                    "trials": 1
                }
            },
            {
                "query": {
                    "x": 0.758161834252961
                },
                "metrics": {
                    "outcome": -6.0202936979565775
                },
                "metadata": {
                    "trials": 1
                }
            },
            {
                "query": {
                    "x": 0.7559707378287528
                },
                "metrics": {
                    "outcome": -6.0198710401668585
                },
                "metadata": {
                    "trials": 1
                }
            }
        ],
        [
            {
                "query": {
                    "x": 0.7572686858401427
                },
                "metrics": {
                    "outcome": -6.020739843688612
                },
                "metadata": {
                    "trials": 1
                }
            },
            {
                "query": {
                    "x": 0.7576908703452713
                },
                "metrics": {
                    "outcome": -6.020635546224172
                },
                "metadata": {
                    "trials": 1
                }
            },
            {
                "query": {
                    "x": 0.7568468333113536
                },
                "metrics": {
                    "outcome": -6.02065388991787
                },
                "metadata": {
                    "trials": 1
                }
            },
            {
                "query": {
                    "x": 0.7564407485791727
                },
                "metrics": {
                    "outcome": -6.020392220942836
                },
                "metadata": {
                    "trials": 1
                }
            },
            {
                "query": {
                    "x": 0.7581138229726632
                },
                "metrics": {
                    "outcome": -6.020339458794258
                },
                "metadata": {
                    "trials": 1
                }
            },
            {
                "query": {
                    "x": 0.7560349330452867
                },
                "metrics": {
                    "outcome": -6.019956003935913
                },
                "metadata": {
                    "trials": 1
                }
            }
        ],
        [
            {
                "query": {
                    "x": 0.757267519810316
                },
                "metrics": {
                    "outcome": -6.02073986778148
                },
                "metadata": {
                    "trials": 1
                }
            },
            {
                "query": {
                    "x": 0.7576715347649049
                },
                "metrics": {
                    "outcome": -6.02064449291878
                },
                "metadata": {
                    "trials": 1
                }
            },
            {
                "query": {
                    "x": 0.7568638579779754
                },
                "metrics": {
                    "outcome": -6.020661031074121
                },
                "metadata": {
                    "trials": 1
                }
            },
            {
                "query": {
                    "x": 0.7564747940089226
                },
                "metrics": {
                    "outcome": -6.020420884195924
                },
                "metadata": {
                    "trials": 1
                }
            },
            {
                "query": {
                    "x": 0.758076774628005
                },
                "metrics": {
                    "outcome": -6.020373075337599
                },
                "metadata": {
                    "trials": 1
                }
            },
            {
                "query": {
                    "x": 0.7560850528335207
                },
                "metrics": {
                    "outcome": -6.020019311193777
                },
                "metadata": {
                    "trials": 1
                }
            }
        ],
        [
            {
                "query": {
                    "x": 0.7572666135921873
                },
                "metrics": {
                    "outcome": -6.020739885503066
                },
                "metadata": {
                    "trials": 1
                }
            },
            {
                "query": {
                    "x": 0.757655941805828
                },
                "metrics": {
                    "outcome": -6.020651415988781
                },
                "metadata": {
                    "trials": 1
                }
            },
            {
                "query": {
                    "x": 0.7568776577001046
                },
                "metrics": {
                    "outcome": -6.020666593100578
                },
                "metadata": {
                    "trials": 1
                }
            },
            {
                "query": {
                    "x": 0.7565024019676976
                },
                "metrics": {
                    "outcome": -6.020443224790943
                },
                "metadata": {
                    "trials": 1
                }
            },
            {
                "query": {
                    "x": 0.7580468398040977
                },
                "metrics": {
                    "outcome": -6.020399158990818
                },
                "metadata": {
                    "trials": 1
                }
            },
            {
                "query": {
                    "x": 0.7561265738248942
                },
                "metrics": {
                    "outcome": -6.020069745700281
                },
                "metadata": {
                    "trials": 1
                }
            }
        ],
        [
            {
                "query": {
                    "x": 0.757265888816371
                },
                "metrics": {
                    "outcome": -6.020739899045103
                },
                "metadata": {
                    "trials": 1
                }
            },
            {
                "query": {
                    "x": 0.7568891906703413
                },
                "metrics": {
                    "outcome": -6.020671085986817
                },
                "metadata": {
                    "trials": 1
                }
            },
            {
                "query": {
                    "x": 0.7576429675936345
                },
                "metrics": {
                    "outcome": -6.020656977759853
                },
                "metadata": {
                    "trials": 1
                }
            },
            {
                "query": {
                    "x": 0.7565254907212368
                },
                "metrics": {
                    "outcome": -6.020461287361394
                },
                "metadata": {
                    "trials": 1
                }
            },
            {
                "query": {
                    "x": 0.7580218754919182
                },
                "metrics": {
                    "outcome": -6.02042017476377
                },
                "metadata": {
                    "trials": 1
                }
            },
            {
                "query": {
                    "x": 0.7584219413888058
                },
                "metrics": {
                    "outcome": -6.020002628700204
                },
                "metadata": {
                    "trials": 1
                }
            }
        ],
        [
            {
                "query": {
                    "x": 0.7572601681352171
                },
                "metrics": {
                    "outcome": -6.020739986240272
                },
                "metadata": {
                    "trials": 1
                }
            },
            {
                "query": {
                    "x": 0.7576278407051167
                },
                "metrics": {
                    "outcome": -6.020663234581097
                },
                "metadata": {
                    "trials": 1
                }
            },
            {
                "query": {
                    "x": 0.756894978467584
                },
                "metrics": {
                    "outcome": -6.0206732873649385
                },
                "metadata": {
                    "trials": 1
                }
            },
            {
                "query": {
                    "x": 0.7565402394120392
                },
                "metrics": {
                    "outcome": -6.020472529272136
                },
                "metadata": {
                    "trials": 1
                }
            },
            {
                "query": {
                    "x": 0.7579934023858426
                },
                "metrics": {
                    "outcome": -6.02044332652269
                },
                "metadata": {
                    "trials": 1
                }
            },
            {
                "query": {
                    "x": 0.7561734463089528
                },
                "metrics": {
                    "outcome": -6.020124489408552
                },
                "metadata": {
                    "trials": 1
                }
            }
        ],
        [
            {
                "query": {
                    "x": 0.7572604235301005
                },
                "metrics": {
                    "outcome": -6.0207399830929695
                },
                "metadata": {
                    "trials": 1
                }
            },
            {
                "query": {
                    "x": 0.7576169820452856
                },
                "metrics": {
                    "outcome": -6.0206675747993845
                },
                "metadata": {
                    "trials": 1
                }
            },
            {
                "query": {
                    "x": 0.7569041961203028
                },
                "metrics": {
                    "outcome": -6.020676719644799
                },
                "metadata": {
                    "trials": 1
                }
            },
            {
                "query": {
                    "x": 0.756558204970902
                },
                "metrics": {
                    "outcome": -6.020485911238089
                },
                "metadata": {
                    "trials": 1
                }
            },
            {
                "query": {
                    "x": 0.7579739737779442
                },
                "metrics": {
                    "outcome": -6.020458623976908
                },
                "metadata": {
                    "trials": 1
                }
            },
            {
                "query": {
                    "x": 0.7583500035440752
                },
                "metrics": {
                    "outcome": -6.020090423377139
                },
                "metadata": {
                    "trials": 1
                }
            }
        ],
        [
            {
                "query": {
                    "x": 0.7572563106418218
                },
                "metrics": {
                    "outcome": -6.020740025304279
                },
                "metadata": {
                    "trials": 1
                }
            },
            {
                "query": {
                    "x": 0.7576046590916631
                },
                "metrics": {
                    "outcome": -6.020672347272621
                },
                "metadata": {
                    "trials": 1
                }
            },
            {
                "query": {
                    "x": 0.7569083022107126
                },
                "metrics": {
                    "outcome": -6.020678219458406
                },
                "metadata": {
                    "trials": 1
                }
            },
            {
                "query": {
                    "x": 0.7579518527128541
                },
                "metrics": {
                    "outcome": -6.020475547547594
                },
                "metadata": {
                    "trials": 1
                }
            },
            {
                "query": {
                    "x": 0.7565688003737648
                },
                "metrics": {
                    "outcome": -6.02049364277719
                },
                "metadata": {
                    "trials": 1
                }
            },
            {
                "query": {
                    "x": 0.7583162144460188
                },
                "metrics": {
                    "outcome": -6.020129734715832
                },
                "metadata": {
                    "trials": 1
                }
            }
        ],
        [
            {
                "query": {
                    "x": 0.7572531631727466
                },
                "metrics": {
                    "outcome": -6.020740045403568
                },
                "metadata": {
                    "trials": 1
                }
            },
            {
                "query": {
                    "x": 0.7575942744272615
                },
                "metrics": {
                    "outcome": -6.020676242772227
                },
                "metadata": {
                    "trials": 1
                }
            },
            {
                "query": {
                    "x": 0.7569123673792706
                },
                "metrics": {
                    "outcome": -6.020679686638126
                },
                "metadata": {
                    "trials": 1
                }
            },
            {
                "query": {
                    "x": 0.7579330493973785
                },
                "metrics": {
                    "outcome": -6.020489519513134
                },
                "metadata": {
                    "trials": 1
                }
            },
            {
                "query": {
                    "x": 0.7565787014945698
                },
                "metrics": {
                    "outcome": -6.020500759957278
                },
                "metadata": {
                    "trials": 1
                }
            },
            {
                "query": {
                    "x": 0.7582876269288574
                },
                "metrics": {
                    "outcome": -6.020162033504853
                },
                "metadata": {
                    "trials": 1
                }
            }
        ],
        [
            {
                "query": {
                    "x": 0.7572506897021646
                },
                "metrics": {
                    "outcome": -6.020740053774123
                },
                "metadata": {
                    "trials": 1
                }
            },
            {
                "query": {
                    "x": 0.7575851198973097
                },
                "metrics": {
                    "outcome": -6.0206795810231695
                },
                "metadata": {
                    "trials": 1
                }
            },
            {
                "query": {
                    "x": 0.7569163191572967
                },
                "metrics": {
                    "outcome": -6.020681096024413
                },
                "metadata": {
                    "trials": 1
                }
            },
            {
                "query": {
                    "x": 0.7579165162651188
                },
                "metrics": {
                    "outcome": -6.020501490805551
                },
                "metadata": {
                    "trials": 1
                }
            },
            {
                "query": {
                    "x": 0.7565879730743923
                },
                "metrics": {
                    "outcome": -6.020507330228633
                },
                "metadata": {
                    "trials": 1
                }
            },
            {
                "query": {
                    "x": 0.7582623790840395
                },
                "metrics": {
                    "outcome": -6.020189826828845
                },
                "metadata": {
                    "trials": 1
                }
            }
        ],
        [
            {
                "query": {
                    "x": 0.7572487145728583
                },
                "metrics": {
                    "outcome": -6.020740055766082
                },
                "metadata": {
                    "trials": 1
                }
            },
            {
                "query": {
                    "x": 0.7575775575513134
                },
                "metrics": {
                    "outcome": -6.02068227097322
                },
                "metadata": {
                    "trials": 1
                }
            },
            {
                "query": {
                    "x": 0.7569201340945931
                },
                "metrics": {
                    "outcome": -6.0206824408297805
                },
                "metadata": {
                    "trials": 1
                }
            },
            {
                "query": {
                    "x": 0.7579024089858887
                },
                "metrics": {
                    "outcome": -6.020511473452043
                },
                "metadata": {
                    "trials": 1
                }
            },
            {
                "query": {
                    "x": 0.7565966561463917
                },
                "metrics": {
                    "outcome": -6.020513400676817
                },
                "metadata": {
                    "trials": 1
                }
            },
            {
                "query": {
                    "x": 0.7582407439607413
                },
                "metrics": {
                    "outcome": -6.020213096886902
                },
                "metadata": {
                    "trials": 1
                }
            }
        ],
        [
            {
                "query": {
                    "x": 0.7572471086345307
                },
                "metrics": {
                    "outcome": -6.02074005431466
                },
                "metadata": {
                    "trials": 1
                }
            },
            {
                "query": {
                    "x": 0.7575706058049138
                },
                "metrics": {
                    "outcome": -6.020684689699861
                },
                "metadata": {
                    "trials": 1
                }
            },
            {
                "query": {
                    "x": 0.7569237986236588
                },
                "metrics": {
                    "outcome": -6.0206837180195265
                },
                "metadata": {
                    "trials": 1
                }
            },
            {
                "query": {
                    "x": 0.7578895820956887
                },
                "metrics": {
                    "outcome": -6.0205203645500704
                },
                "metadata": {
                    "trials": 1
                }
            },
            {
                "query": {
                    "x": 0.756604824090706
                },
                "metrics": {
                    "outcome": -6.020519037905118
                },
                "metadata": {
                    "trials": 1
                }
            },
            {
                "query": {
                    "x": 0.7582212003453116
                },
                "metrics": {
                    "outcome": -6.020233684010479
                },
                "metadata": {
                    "trials": 1
                }
            }
        ],
        [
            {
                "query": {
                    "x": 0.7572457957947687
                },
                "metrics": {
                    "outcome": -6.020740051081918
                },
                "metadata": {
                    "trials": 1
                }
            },
            {
                "query": {
                    "x": 0.7569273179421845
                },
                "metrics": {
                    "outcome": -6.020684931136162
                },
                "metadata": {
                    "trials": 1
                }
            },
            {
                "query": {
                    "x": 0.7575645175007896
                },
                "metrics": {
                    "outcome": -6.020686765496364
                },
                "metadata": {
                    "trials": 1
                }
            },
            {
                "query": {
                    "x": 0.7578781624108837
                },
                "metrics": {
                    "outcome": -6.020528131562574
                },
                "metadata": {
                    "trials": 1
                }
            },
            {
                "query": {
                    "x": 0.7566125156323461
                },
                "metrics": {
                    "outcome": -6.020524281557577
                },
                "metadata": {
                    "trials": 1
                }
            },
            {
                "query": {
                    "x": 0.7582037324726754
                },
                "metrics": {
                    "outcome": -6.020251736469847
                },
                "metadata": {
                    "trials": 1
                }
            }
        ],
        [
            {
                "query": {
                    "x": 0.757244677821264
                },
                "metrics": {
                    "outcome": -6.02074004687785
                },
                "metadata": {
                    "trials": 1
                }
            },
            {
                "query": {
                    "x": 0.7575576575326134
                },
                "metrics": {
                    "outcome": -6.020689056829987
                },
                "metadata": {
                    "trials": 1
                }
            },
            {
                "query": {
                    "x": 0.756930655002272
                },
                "metrics": {
                    "outcome": -6.020686069243495
                },
                "metadata": {
                    "trials": 1
                }
            },
            {
                "query": {
                    "x": 0.7578664238286397
                },
                "metrics": {
                    "outcome": -6.020535969527333
                },
                "metadata": {
                    "trials": 1
                }
            },
            {
                "query": {
                    "x": 0.7566197412573914
                },
                "metrics": {
                    "outcome": -6.020529150331382
                },
                "metadata": {
                    "trials": 1
                }
            },
            {
                "query": {
                    "x": 0.7581864206528635
                },
                "metrics": {
                    "outcome": -6.02026930352532
                },
                "metadata": {
                    "trials": 1
                }
            }
        ],
        [
            {
                "query": {
                    "x": 0.7572437504454486
                },
                "metrics": {
                    "outcome": -6.020740042377646
                },
                "metadata": {
                    "trials": 1
                }
            },
            {
                "query": {
                    "x": 0.7575538475197491
                },
                "metrics": {
                    "outcome": -6.020690307666074
                },
                "metadata": {
                    "trials": 1
                }
            },
            {
                "query": {
                    "x": 0.7569338696457193
                },
                "metrics": {
                    "outcome": -6.020687154384316
                },
                "metadata": {
                    "trials": 1
                }
            },
            {
                "query": {
                    "x": 0.7578581466302315
                },
                "metrics": {
                    "outcome": -6.020541407356087
                },
                "metadata": {
                    "trials": 1
                }
            },
            {
                "query": {
                    "x": 0.7566265898456704
                },
                "metrics": {
                    "outcome": -6.020533713856434
                },
                "metadata": {
                    "trials": 1
                }
            },
            {
                "query": {
                    "x": 0.7581732152956538
                },
                "metrics": {
                    "outcome": -6.020282486661966
                },
                "metadata": {
                    "trials": 1
                }
            }
        ],
        [
            {
                "query": {
                    "x": 0.7572429625710037
                },
                "metrics": {
                    "outcome": -6.0207400378327645
                },
                "metadata": {
                    "trials": 1
                }
            },
            {
                "query": {
                    "x": 0.757549187597541
                },
                "metrics": {
                    "outcome": -6.020691816397861
                },
                "metadata": {
                    "trials": 1
                }
            },
            {
                "query": {
                    "x": 0.7569369327563458
                },
                "metrics": {
                    "outcome": -6.0206881781325485
                },
                "metadata": {
                    "trials": 1
                }
            },
            {
                "query": {
                    "x": 0.7578493502231962
                },
                "metrics": {
                    "outcome": -6.020547105670915
                },
                "metadata": {
                    "trials": 1
                }
            },
            {
                "query": {
                    "x": 0.7566330894495825
                },
                "metrics": {
                    "outcome": -6.020537998755905
                },
                "metadata": {
                    "trials": 1
                }
            },
            {
                "query": {
                    "x": 0.7581598013274101
                },
                "metrics": {
                    "outcome": -6.020295685885785
                },
                "metadata": {
                    "trials": 1
                }
            }
        ],
        [
            {
                "query": {
                    "x": 0.7572422908526948
                },
                "metrics": {
                    "outcome": -6.020740033434403
                },
                "metadata": {
                    "trials": 1
                }
            },
            {
                "query": {
                    "x": 0.7569398655183174
                },
                "metrics": {
                    "outcome": -6.020689148950768
                },
                "metadata": {
                    "trials": 1
                }
            },
            {
                "query": {
                    "x": 0.7575449035212276
                },
                "metrics": {
                    "outcome": -6.020693182929174
                },
                "metadata": {
                    "trials": 1
                }
            },
            {
                "query": {
                    "x": 0.7578412070664887
                },
                "metrics": {
                    "outcome": -6.020552306772176
                },
                "metadata": {
                    "trials": 1
                }
            },
            {
                "query": {
                    "x": 0.7566392377764867
                },
                "metrics": {
                    "outcome": -6.020542010767635
                },
                "metadata": {
                    "trials": 1
                }
            },
            {
                "query": {
                    "x": 0.7581473851409032
                },
                "metrics": {
                    "outcome": -6.0203077307153245
                },
                "metadata": {
                    "trials": 1
                }
            }
        ],
        [
            {
                "query": {
                    "x": 0.7572417137116543
                },
                "metrics": {
                    "outcome": -6.0207400292704545
                },
                "metadata": {
                    "trials": 1
                }
            },
            {
                "query": {
                    "x": 0.7575409274749019
                },
                "metrics": {
                    "outcome": -6.020694433622915
                },
                "metadata": {
                    "trials": 1
                }
            },
            {
                "query": {
                    "x": 0.7569426832371657
                },
                "metrics": {
                    "outcome": -6.020690073057119
                },
                "metadata": {
                    "trials": 1
                }
            },
            {
                "query": {
                    "x": 0.7578336403172152
                },
                "metrics": {
                    "outcome": -6.020557075918577
                },
                "metadata": {
                    "trials": 1
                }
            },
            {
                "query": {
                    "x": 0.7566451095663443
                },
                "metrics": {
                    "outcome": -6.020545804836212
                },
                "metadata": {
                    "trials": 1
                }
            },
            {
                "query": {
                    "x": 0.7581358525218402
                },
                "metrics": {
                    "outcome": -6.020318769791051
                },
                "metadata": {
                    "trials": 1
                }
            }
        ]
    ],
    "best_results": [
        {
            "query": {
                "x": 0.7572487145728583
            },
            "metrics": [
                {
                    "name": "outcome",
                    "value": -6.020740055766082
                }
            ]
        }
    ]
}