{
    "date": "05/11/2022 12:08:04",
    "basic_params": {
        "active_variables": [
            "x1",
            "x2"
        ],
        "default_query": {},
        "metric": "basic",
        "n_trials": 1
    },
    "objective_function": {
        "name": "McCormick",
        "params": {}
    },
    "optimizer": {
        "name": "BBO-LP(LCB)",
        "params": {
            "lower_bound": [
                -1.5,
                -3.0
            ],
            "upper_bound": [
                4.0,
                4.0
            ],
            "invert_metric": false,
            "bopt_params": {
                "n_init_samples": 12,
                "n_iterations": 23,
                "n_iter_relearn": 5,
                "verbose_level": 0,
                "n_parallel_samples": 6,
                "par_type": "PAR_BBO",
                "crit_name": "cLP(cLCB)",
                "n_crit_params": 3,
                "crit_params": [
                    6,
                    1,
                    1.0
                ]
            }
        }
    },
    "iterations": [
        [
            {
                "query": {
                    "x1": 2.185486377449706,
                    "x2": 0.00011877835883478127
                },
                "metrics": {
                    "outcome": 3.314782652583627
                },
                "metadata": {
                    "trials": 1
                }
            }
        ],
        [
            {
                "query": {
                    "x1": -1.194771187447865,
                    "x2": -0.8957901142421179
                },
                "metrics": {
                    "outcome": -0.22586475731356082
                },
                "metadata": {
                    "trials": 1
                }
            }
        ],
        [
            {
                "query": {
                    "x1": 3.863745270927515,
                    "x2": 0.7785781225150763
                },
                "metrics": {
                    "outcome": 5.671537322769509
                },
                "metadata": {
                    "trials": 1
                }
            }
        ],
        [
            {
                "query": {
                    "x1": 3.196982112441523,
                    "x2": -1.9356755119321556
                },
                "metrics": {
                    "outcome": 18.662001449847132
                },
                "metadata": {
                    "trials": 1
                }
            }
        ],
        [
            {
                "query": {
                    "x1": 1.02422672524699,
                    "x2": 1.6224648950155824
                },
                "metrics": {
                    "outcome": 4.352655618805951
                },
                "metadata": {
                    "trials": 1
                }
            }
        ],
        [
            {
                "query": {
                    "x1": 1.6019597804018608,
                    "x2": -0.3224197614666382
                },
                "metrics": {
                    "outcome": 2.4521314222693573
                },
                "metadata": {
                    "trials": 1
                }
            }
        ],
        [
            {
                "query": {
                    "x1": -0.6787044396429943,
                    "x2": 3.723292439632738
                },
                "metrics": {
                    "outcome": 30.8007168748014
                },
                "metadata": {
                    "trials": 1
                }
            }
        ],
        [
            {
                "query": {
                    "x1": 2.781766080394542,
                    "x2": 2.8269058285707924
                },
                "metrics": {
                    "outcome": 3.272135698336456
                },
                "metadata": {
                    "trials": 1
                }
            }
        ],
        [
            {
                "query": {
                    "x1": 0.23291088344800914,
                    "x2": 2.9360479553773384
                },
                "metrics": {
                    "outcome": 15.270340823339481
                },
                "metadata": {
                    "trials": 1
                }
            }
        ],
        [
            {
                "query": {
                    "x1": 0.730852264794521,
                    "x2": -2.685055854943736
                },
                "metrics": {
                    "outcome": 3.9321148242781643
                },
                "metadata": {
                    "trials": 1
                }
            }
        ],
        [
            {
                "query": {
                    "x1": -0.5373235531927397,
                    "x2": -1.5050037120236084
                },
                "metrics": {
                    "outcome": -1.9109929631099174
                },
                "metadata": {
                    "trials": 1
                }
            }
        ],
        [
            {
                "query": {
                    "x1": 2.145116034303404,
                    "x2": 1.942770301441973
                },
                "metrics": {
                    "outcome": 1.8689414772994866
                },
                "metadata": {
                    "trials": 1
                }
            }
        ],
        [
            {
                "query": {
                    "x1": -0.8255543841127753,
                    "x2": -1.6328568537145973
                },
                "metrics": {
                    "outcome": -1.823336900509298
                },
                "metadata": {
                    "trials": 1
                }
            },
            {
                "query": {
                    "x1": -0.9015569692214004,
                    "x2": -1.6435887950300494
                },
                "metrics": {
                    "outcome": -1.767731709835017
                },
                "metadata": {
                    "trials": 1
                }
            },
            {
                "query": {
                    "x1": -0.7496109551808519,
                    "x2": -1.6300258915690051
                },
                "metrics": {
                    "outcome": -1.8658556017462993
                },
                "metadata": {
                    "trials": 1
                }
            },
            {
                "query": {
                    "x1": -0.7872243085312598,
                    "x2": -1.5537444989326885
                },
                "metrics": {
                    "outcome": -1.8337621713028485
                },
                "metadata": {
                    "trials": 1
                }
            },
            {
                "query": {
                    "x1": -0.7837554056658159,
                    "x2": -1.707843677352165
                },
                "metrics": {
                    "outcome": -1.8452182383733424
                },
                "metadata": {
                    "trials": 1
                }
            },
            {
                "query": {
                    "x1": -0.8611170949585689,
                    "x2": -1.7289928939825407
                },
                "metrics": {
                    "outcome": -1.8015488519154292
                },
                "metadata": {
                    "trials": 1
                }
            }
        ],
        [
            {
                "query": {
                    "x1": -0.5482473395954246,
                    "x2": -1.5780518311010607
                },
                "metrics": {
                    "outcome": -1.9118966402408342
                },
                "metadata": {
                    "trials": 1
                }
            },
            {
                "query": {
                    "x1": -0.5253432711163722,
                    "x2": -1.5758614921000853
                },
                "metrics": {
                    "outcome": -1.9106508112816392
                },
                "metadata": {
                    "trials": 1
                }
            },
            {
                "query": {
                    "x1": -0.5712211083844059,
                    "x2": -1.577493983428484
                },
                "metrics": {
                    "outcome": -1.911919601040478
                },
                "metadata": {
                    "trials": 1
                }
            },
            {
                "query": {
                    "x1": -0.5609208004864374,
                    "x2": -1.55477937061417
                },
                "metrics": {
                    "outcome": -1.9129895040680882
                },
                "metadata": {
                    "trials": 1
                }
            },
            {
                "query": {
                    "x1": -0.5398782986204127,
                    "x2": -1.6037068393250278
                },
                "metrics": {
                    "outcome": -1.9081112576758965
                },
                "metadata": {
                    "trials": 1
                }
            },
            {
                "query": {
                    "x1": -0.5666142800901071,
                    "x2": -1.6019044106592613
                },
                "metrics": {
                    "outcome": -1.9096334751417876
                },
                "metadata": {
                    "trials": 1
                }
            }
        ],
        [
            {
                "query": {
                    "x1": -0.5335388125509506,
                    "x2": -1.5390690277059411
                },
                "metrics": {
                    "outcome": -1.9129859734682064
                },
                "metadata": {
                    "trials": 1
                }
            },
            {
                "query": {
                    "x1": -0.5400227318183242,
                    "x2": -1.541331067220559
                },
                "metrics": {
                    "outcome": -1.9131474145587655
                },
                "metadata": {
                    "trials": 1
                }
            },
            {
                "query": {
                    "x1": -0.5271773887109704,
                    "x2": -1.5362903535432917
                },
                "metrics": {
                    "outcome": -1.9127232994664003
                },
                "metadata": {
                    "trials": 1
                }
            },
            {
                "query": {
                    "x1": -0.5458220784840254,
                    "x2": -1.5443657953978924
                },
                "metrics": {
                    "outcome": -1.9132131633669887
                },
                "metadata": {
                    "trials": 1
                }
            },
            {
                "query": {
                    "x1": -0.5205373908232954,
                    "x2": -1.5328643630994283
                },
                "metrics": {
                    "outcome": -1.912337704295152
                },
                "metadata": {
                    "trials": 1
                }
            },
            {
                "query": {
                    "x1": -0.5330290316034079,
                    "x2": -1.5311737726758987
                },
                "metrics": {
                    "outcome": -1.9128225260435228
                },
                "metadata": {
                    "trials": 1
                }
            }
        ],
        [
            {
                "query": {
                    "x1": -0.5519733175775409,
                    "x2": -1.5440993939877454
                },
                "metrics": {
                    "outcome": -1.9131597380430208
                },
                "metadata": {
                    "trials": 1
                }
            },
            {
                "query": {
                    "x1": -0.5473704632503966,
                    "x2": -1.5432614266130875
                },
                "metrics": {
                    "outcome": -1.9131999341393833
                },
                "metadata": {
                    "trials": 1
                }
            },
            {
                "query": {
                    "x1": -0.5564577941469125,
                    "x2": -1.5456781790236676
                },
                "metrics": {
                    "outcome": -1.9130808470728016
                },
                "metadata": {
                    "trials": 1
                }
            },
            {
                "query": {
                    "x1": -0.5522921820227658,
                    "x2": -1.5499470385994756
                },
                "metrics": {
                    "outcome": -1.913190852286529
                },
                "metadata": {
                    "trials": 1
                }
            },
            {
                "query": {
                    "x1": -0.5502178112426941,
                    "x2": -1.5386809000861623
                },
                "metrics": {
                    "outcome": -1.9130767594076405
                },
                "metadata": {
                    "trials": 1
                }
            },
            {
                "query": {
                    "x1": -0.5550875897513718,
                    "x2": -1.539610504352503
                },
                "metrics": {
                    "outcome": -1.9129833750586225
                },
                "metadata": {
                    "trials": 1
                }
            }
        ],
        [
            {
                "query": {
                    "x1": -0.5463093940078103,
                    "x2": -1.549167726833953
                },
                "metrics": {
                    "outcome": -1.9132142780644568
                },
                "metadata": {
                    "trials": 1
                }
            },
            {
                "query": {
                    "x1": -0.5494292207725942,
                    "x2": -1.5513485642633658
                },
                "metrics": {
                    "outcome": -1.913201652482337
                },
                "metadata": {
                    "trials": 1
                }
            },
            {
                "query": {
                    "x1": -0.5433336845173514,
                    "x2": -1.546693953317921
                },
                "metrics": {
                    "outcome": -1.9132033970378117
                },
                "metadata": {
                    "trials": 1
                }
            },
            {
                "query": {
                    "x1": -0.5491514162498782,
                    "x2": -1.5465491223086407
                },
                "metrics": {
                    "outcome": -1.913215445308297
                },
                "metadata": {
                    "trials": 1
                }
            },
            {
                "query": {
                    "x1": -0.5432383943856918,
                    "x2": -1.5512416513597034
                },
                "metrics": {
                    "outcome": -1.9131588997345474
                },
                "metadata": {
                    "trials": 1
                }
            },
            {
                "query": {
                    "x1": -0.5464235417591237,
                    "x2": -1.5537247192401318
                },
                "metrics": {
                    "outcome": -1.9131553314809855
                },
                "metadata": {
                    "trials": 1
                }
            }
        ],
        [
            {
                "query": {
                    "x1": -0.5469178767425186,
                    "x2": -1.5469144444261764
                },
                "metrics": {
                    "outcome": -1.9132228178094506
                },
                "metadata": {
                    "trials": 1
                }
            },
            {
                "query": {
                    "x1": -0.5494131755265795,
                    "x2": -1.549328877831155
                },
                "metrics": {
                    "outcome": -1.9132147725322861
                },
                "metadata": {
                    "trials": 1
                }
            },
            {
                "query": {
                    "x1": -0.5445735016623426,
                    "x2": -1.5440397107294823
                },
                "metrics": {
                    "outcome": -1.9132081782573889
                },
                "metadata": {
                    "trials": 1
                }
            },
            {
                "query": {
                    "x1": -0.5496247261386741,
                    "x2": -1.5449945227254425
                },
                "metrics": {
                    "outcome": -1.9132014944430584
                },
                "metadata": {
                    "trials": 1
                }
            },
            {
                "query": {
                    "x1": -0.5463117799709284,
                    "x2": -1.5507414951187966
                },
                "metrics": {
                    "outcome": -1.9132002745550483
                },
                "metadata": {
                    "trials": 1
                }
            },
            {
                "query": {
                    "x1": -0.543863813279542,
                    "x2": -1.5479284406115106
                },
                "metrics": {
                    "outcome": -1.9132034987346054
                },
                "metadata": {
                    "trials": 1
                }
            }
        ],
        [
            {
                "query": {
                    "x1": -0.546768238697742,
                    "x2": -1.5462300680252663
                },
                "metrics": {
                    "outcome": -1.9132218203021027
                },
                "metadata": {
                    "trials": 1
                }
            },
            {
                "query": {
                    "x1": -0.548697393776285,
                    "x2": -1.5490907584101035
                },
                "metrics": {
                    "outcome": -1.913217818322409
                },
                "metadata": {
                    "trials": 1
                }
            },
            {
                "query": {
                    "x1": -0.54443302890704,
                    "x2": -1.5439802086470078
                },
                "metrics": {
                    "outcome": -1.9132072377771872
                },
                "metadata": {
                    "trials": 1
                }
            },
            {
                "query": {
                    "x1": -0.5471892050145077,
                    "x2": -1.5425435980218245
                },
                "metrics": {
                    "outcome": -1.913191952476001
                },
                "metadata": {
                    "trials": 1
                }
            },
            {
                "query": {
                    "x1": -0.5496270713767629,
                    "x2": -1.5453057086427417
                },
                "metrics": {
                    "outcome": -1.9132041556353414
                },
                "metadata": {
                    "trials": 1
                }
            },
            {
                "query": {
                    "x1": -0.5455961049513272,
                    "x2": -1.5495997036482387
                },
                "metrics": {
                    "outcome": -1.913206648603686
                },
                "metadata": {
                    "trials": 1
                }
            }
        ],
        [
            {
                "query": {
                    "x1": -0.5463557228269879,
                    "x2": -1.5471526504791784
                },
                "metrics": {
                    "outcome": -1.9132219793563774
                },
                "metadata": {
                    "trials": 1
                }
            },
            {
                "query": {
                    "x1": -0.546066569000992,
                    "x2": -1.543535426182366
                },
                "metrics": {
                    "outcome": -1.913206591159336
                },
                "metadata": {
                    "trials": 1
                }
            },
            {
                "query": {
                    "x1": -0.5483771521612518,
                    "x2": -1.5496861256397212
                },
                "metrics": {
                    "outcome": -1.9132154192820012
                },
                "metadata": {
                    "trials": 1
                }
            },
            {
                "query": {
                    "x1": -0.5437108447383353,
                    "x2": -1.5460802659772528
                },
                "metrics": {
                    "outcome": -1.9132081542503978
                },
                "metadata": {
                    "trials": 1
                }
            },
            {
                "query": {
                    "x1": -0.5487758760753815,
                    "x2": -1.54531122267312
                },
                "metrics": {
                    "outcome": -1.9132109100771149
                },
                "metadata": {
                    "trials": 1
                }
            },
            {
                "query": {
                    "x1": -0.5454982632239179,
                    "x2": -1.5504714574889344
                },
                "metrics": {
                    "outcome": -1.9131971490238175
                },
                "metadata": {
                    "trials": 1
                }
            }
        ],
        [
            {
                "query": {
                    "x1": -0.5462486271602428,
                    "x2": -1.546097309014547
                },
                "metrics": {
                    "outcome": -1.9132211131115153
                },
                "metadata": {
                    "trials": 1
                }
            },
            {
                "query": {
                    "x1": -0.547501199407012,
                    "x2": -1.549254537138581
                },
                "metrics": {
                    "outcome": -1.9132174688813817
                },
                "metadata": {
                    "trials": 1
                }
            },
            {
                "query": {
                    "x1": -0.5467438053597283,
                    "x2": -1.5426533464173229
                },
                "metrics": {
                    "outcome": -1.9131953963000687
                },
                "metadata": {
                    "trials": 1
                }
            },
            {
                "query": {
                    "x1": -0.5489145178583151,
                    "x2": -1.545343752265508
                },
                "metrics": {
                    "outcome": -1.9132101965065766
                },
                "metadata": {
                    "trials": 1
                }
            },
            {
                "query": {
                    "x1": -0.5502102633419199,
                    "x2": -1.548701215329335
                },
                "metrics": {
                    "outcome": -1.9132118530035274
                },
                "metadata": {
                    "trials": 1
                }
            },
            {
                "query": {
                    "x1": -0.5439863318183402,
                    "x2": -1.5441336320085581
                },
                "metrics": {
                    "outcome": -1.9132058618493573
                },
                "metadata": {
                    "trials": 1
                }
            }
        ],
        [
            {
                "query": {
                    "x1": -0.5460280683301493,
                    "x2": -1.5487467149390193
                },
                "metrics": {
                    "outcome": -1.9132155015241565
                },
                "metadata": {
                    "trials": 1
                }
            },
            {
                "query": {
                    "x1": -0.5445900687253629,
                    "x2": -1.5457109383835823
                },
                "metrics": {
                    "outcome": -1.9132144349310334
                },
                "metadata": {
                    "trials": 1
                }
            },
            {
                "query": {
                    "x1": -0.5483200099539716,
                    "x2": -1.5506112790797062
                },
                "metrics": {
                    "outcome": -1.9132088027628158
                },
                "metadata": {
                    "trials": 1
                }
            },
            {
                "query": {
                    "x1": -0.5466282392830899,
                    "x2": -1.5433288587673604
                },
                "metrics": {
                    "outcome": -1.9132035332317354
                },
                "metadata": {
                    "trials": 1
                }
            },
            {
                "query": {
                    "x1": -0.548056867682241,
                    "x2": -1.5464536609951085
                },
                "metrics": {
                    "outcome": -1.9132203789403563
                },
                "metadata": {
                    "trials": 1
                }
            },
            {
                "query": {
                    "x1": -0.5493446632101758,
                    "x2": -1.543432579503477
                },
                "metrics": {
                    "outcome": -1.9131868684969051
                },
                "metadata": {
                    "trials": 1
                }
            }
        ],
        [
            {
                "query": {
                    "x1": -0.5458952776148103,
                    "x2": -1.5493461132809692
                },
                "metrics": {
                    "outcome": -1.9132107366392415
                },
                "metadata": {
                    "trials": 1
                }
            },
            {
                "query": {
                    "x1": -0.5439813659033917,
                    "x2": -1.5468175626461456
                },
                "metrics": {
                    "outcome": -1.913209307177313
                },
                "metadata": {
                    "trials": 1
                }
            },
            {
                "query": {
                    "x1": -0.5482498116623549,
                    "x2": -1.5510318434040165
                },
                "metrics": {
                    "outcome": -1.9132048853753614
                },
                "metadata": {
                    "trials": 1
                }
            },
            {
                "query": {
                    "x1": -0.5450119320736794,
                    "x2": -1.5435513418293647
                },
                "metrics": {
                    "outcome": -1.9132060783116724
                },
                "metadata": {
                    "trials": 1
                }
            },
            {
                "query": {
                    "x1": -0.5423672128382806,
                    "x2": -1.544135119077232
                },
                "metrics": {
                    "outcome": -1.9131928137709893
                },
                "metadata": {
                    "trials": 1
                }
            },
            {
                "query": {
                    "x1": -0.5467876491816855,
                    "x2": -1.5461244140721377
                },
                "metrics": {
                    "outcome": -1.9132215624582432
                },
                "metadata": {
                    "trials": 1
                }
            }
        ],
        [
            {
                "query": {
                    "x1": -0.5472084419468688,
                    "x2": -1.5503947211809432
                },
                "metrics": {
                    "outcome": -1.9132083489440879
                },
                "metadata": {
                    "trials": 1
                }
            },
            {
                "query": {
                    "x1": -0.5469511256944642,
                    "x2": -1.5420443068867529
                },
                "metrics": {
                    "outcome": -1.913186239915028
                },
                "metadata": {
                    "trials": 1
                }
            },
            {
                "query": {
                    "x1": -0.5449611452211098,
                    "x2": -1.5483996937771738
                },
                "metrics": {
                    "outcome": -1.9132106680786887
                },
                "metadata": {
                    "trials": 1
                }
            },
            {
                "query": {
                    "x1": -0.5497111515906876,
                    "x2": -1.5515218949400373
                },
                "metrics": {
                    "outcome": -1.9131994563293793
                },
                "metadata": {
                    "trials": 1
                }
            },
            {
                "query": {
                    "x1": -0.5443357321304167,
                    "x2": -1.543428841683606
                },
                "metrics": {
                    "outcome": -1.91320307137743
                },
                "metadata": {
                    "trials": 1
                }
            },
            {
                "query": {
                    "x1": -0.5492270316244552,
                    "x2": -1.5440275228830833
                },
                "metrics": {
                    "outcome": -1.9131953566819577
                },
                "metadata": {
                    "trials": 1
                }
            }
        ],
        [
            {
                "query": {
                    "x1": -0.5470346670228262,
                    "x2": -1.5505177036237863
                },
                "metrics": {
                    "outcome": -1.9132065096443247
                },
                "metadata": {
                    "trials": 1
                }
            },
            {
                "query": {
                    "x1": -0.5444317147434903,
                    "x2": -1.5484234016033191
                },
                "metrics": {
                    "outcome": -1.913205994198591
                },
                "metadata": {
                    "trials": 1
                }
            },
            {
                "query": {
                    "x1": -0.546704548752152,
                    "x2": -1.5419261218331293
                },
                "metrics": {
                    "outcome": -1.913185717257111
                },
                "metadata": {
                    "trials": 1
                }
            },
            {
                "query": {
                    "x1": -0.5495235851693255,
                    "x2": -1.5516055334388885
                },
                "metrics": {
                    "outcome": -1.9131990101779546
                },
                "metadata": {
                    "trials": 1
                }
            },
            {
                "query": {
                    "x1": -0.5433255473299222,
                    "x2": -1.545298223964593
                },
                "metrics": {
                    "outcome": -1.913204624647768
                },
                "metadata": {
                    "trials": 1
                }
            },
            {
                "query": {
                    "x1": -0.549124684197732,
                    "x2": -1.5434794332165245
                },
                "metrics": {
                    "outcome": -1.913189696700714
                },
                "metadata": {
                    "trials": 1
                }
            }
        ],
        [
            {
                "query": {
                    "x1": -0.5473674928622889,
                    "x2": -1.550755712608959
                },
                "metrics": {
                    "outcome": -1.9132054609365516
                },
                "metadata": {
                    "trials": 1
                }
            },
            {
                "query": {
                    "x1": -0.5465594056643779,
                    "x2": -1.541813708768255
                },
                "metrics": {
                    "outcome": -1.9131847122714651
                },
                "metadata": {
                    "trials": 1
                }
            },
            {
                "query": {
                    "x1": -0.545018687985739,
                    "x2": -1.5489852343800956
                },
                "metrics": {
                    "outcome": -1.9132071552253613
                },
                "metadata": {
                    "trials": 1
                }
            },
            {
                "query": {
                    "x1": -0.5432944676588168,
                    "x2": -1.5463299446932146
                },
                "metrics": {
                    "outcome": -1.9132038766852775
                },
                "metadata": {
                    "trials": 1
                }
            },
            {
                "query": {
                    "x1": -0.5498678431544665,
                    "x2": -1.551664496616382
                },
                "metrics": {
                    "outcome": -1.913197699673415
                },
                "metadata": {
                    "trials": 1
                }
            },
            {
                "query": {
                    "x1": -0.5421157790037091,
                    "x2": -1.5435233901162981
                },
                "metrics": {
                    "outcome": -1.913187720372905
                },
                "metadata": {
                    "trials": 1
                }
            }
        ],
        [
            {
                "query": {
                    "x1": -0.5473547184095754,
                    "x2": -1.5418133221268173
                },
                "metrics": {
                    "outcome": -1.9131804051849
                },
                "metadata": {
                    "trials": 1
                }
            },
            {
                "query": {
                    "x1": -0.5446308875987763,
                    "x2": -1.5416837567786306
                },
                "metrics": {
                    "outcome": -1.913185952542451
                },
                "metadata": {
                    "trials": 1
                }
            },
            {
                "query": {
                    "x1": -0.5485028356407605,
                    "x2": -1.551120473500567
                },
                "metrics": {
                    "outcome": -1.9132042788567354
                },
                "metadata": {
                    "trials": 1
                }
            },
            {
                "query": {
                    "x1": -0.5496498273711755,
                    "x2": -1.5436163635774127
                },
                "metrics": {
                    "outcome": -1.9131860003266876
                },
                "metadata": {
                    "trials": 1
                }
            },
            {
                "query": {
                    "x1": -0.5460255498479262,
                    "x2": -1.5498276177389056
                },
                "metrics": {
                    "outcome": -1.9132075789541343
                },
                "metadata": {
                    "trials": 1
                }
            },
            {
                "query": {
                    "x1": -0.5430594861894709,
                    "x2": -1.5445556251101087
                },
                "metrics": {
                    "outcome": -1.913200785804841
                },
                "metadata": {
                    "trials": 1
                }
            }
        ],
        [
            {
                "query": {
                    "x1": -0.5488181741906576,
                    "x2": -1.5513847693787117
                },
                "metrics": {
                    "outcome": -1.9132017779768424
                },
                "metadata": {
                    "trials": 1
                }
            },
            {
                "query": {
                    "x1": -0.5463155230229231,
                    "x2": -1.5502535648850755
                },
                "metrics": {
                    "outcome": -1.9132054011540918
                },
                "metadata": {
                    "trials": 1
                }
            },
            {
                "query": {
                    "x1": -0.5441954990705942,
                    "x2": -1.5483159454757298
                },
                "metrics": {
                    "outcome": -1.9132044399446229
                },
                "metadata": {
                    "trials": 1
                }
            },
            {
                "query": {
                    "x1": -0.5514348388495348,
                    "x2": -1.5509501030609592
                },
                "metrics": {
                    "outcome": -1.913195120199739
                },
                "metadata": {
                    "trials": 1
                }
            },
            {
                "query": {
                    "x1": -0.5473685956210934,
                    "x2": -1.5420743297495525
                },
                "metrics": {
                    "outcome": -1.9131842964027133
                },
                "metadata": {
                    "trials": 1
                }
            },
            {
                "query": {
                    "x1": -0.5427057440681728,
                    "x2": -1.5456275172085843
                },
                "metrics": {
                    "outcome": -1.9131984882600674
                },
                "metadata": {
                    "trials": 1
                }
            }
        ],
        [
            {
                "query": {
                    "x1": -0.5474155604861224,
                    "x2": -1.541933992550903
                },
                "metrics": {
                    "outcome": -1.9131818732630204
                },
                "metadata": {
                    "trials": 1
                }
            },
            {
                "query": {
                    "x1": -0.5491989546433439,
                    "x2": -1.5513089169045755
                },
                "metrics": {
                    "outcome": -1.9132023421951998
                },
                "metadata": {
                    "trials": 1
                }
            },
            {
                "query": {
                    "x1": -0.5447345935886083,
                    "x2": -1.5417375274895797
                },
                "metrics": {
                    "outcome": -1.9131867494915649
                },
                "metadata": {
                    "trials": 1
                }
            },
            {
                "query": {
                    "x1": -0.5496693650145748,
                    "x2": -1.5436851462776766
                },
                "metrics": {
                    "outcome": -1.9131866751342144
                },
                "metadata": {
                    "trials": 1
                }
            },
            {
                "query": {
                    "x1": -0.5426626364853593,
                    "x2": -1.5441135943600772
                },
                "metrics": {
                    "outcome": -1.913195677792964
                },
                "metadata": {
                    "trials": 1
                }
            },
            {
                "query": {
                    "x1": -0.5466694484612598,
                    "x2": -1.5503723507149074
                },
                "metrics": {
                    "outcome": -1.913206211787068
                },
                "metadata": {
                    "trials": 1
                }
            }
        ],
        [
            {
                "query": {
                    "x1": -0.5492551101408739,
                    "x2": -1.5514422912082717
                },
                "metrics": {
                    "outcome": -1.9132009933175311
                },
                "metadata": {
                    "trials": 1
                }
            },
            {
                "query": {
                    "x1": -0.5467323431983027,
                    "x2": -1.5505431504052032
                },
                "metrics": {
                    "outcome": -1.913204842167059
                },
                "metadata": {
                    "trials": 1
                }
            },
            {
                "query": {
                    "x1": -0.5427780910519965,
                    "x2": -1.5463168697618033
                },
                "metrics": {
                    "outcome": -1.913198255670716
                },
                "metadata": {
                    "trials": 1
                }
            },
            {
                "query": {
                    "x1": -0.5517435589322919,
                    "x2": -1.551257724311966
                },
                "metrics": {
                    "outcome": -1.9131907005927156
                },
                "metadata": {
                    "trials": 1
                }
            },
            {
                "query": {
                    "x1": -0.5448651489312215,
                    "x2": -1.5481574136210363
                },
                "metrics": {
                    "outcome": -1.913211300021163
                },
                "metadata": {
                    "trials": 1
                }
            },
            {
                "query": {
                    "x1": -0.542345858467447,
                    "x2": -1.5432361897637978
                },
                "metrics": {
                    "outcome": -1.9131884734031859
                },
                "metadata": {
                    "trials": 1
                }
            }
        ],
        [
            {
                "query": {
                    "x1": -0.5479688975212219,
                    "x2": -1.54216335357195
                },
                "metrics": {
                    "outcome": -1.9131813755330285
                },
                "metadata": {
                    "trials": 1
                }
            },
            {
                "query": {
                    "x1": -0.5453905361786837,
                    "x2": -1.541531595152322
                },
                "metrics": {
                    "outcome": -1.913183847167577
                },
                "metadata": {
                    "trials": 1
                }
            },
            {
                "query": {
                    "x1": -0.5500881733299039,
                    "x2": -1.5441065416755422
                },
                "metrics": {
                    "outcome": -1.9131871576754467
                },
                "metadata": {
                    "trials": 1
                }
            },
            {
                "query": {
                    "x1": -0.5498170207183528,
                    "x2": -1.5512339140541291
                },
                "metrics": {
                    "outcome": -1.9132017895282316
                },
                "metadata": {
                    "trials": 1
                }
            },
            {
                "query": {
                    "x1": -0.5426089699786621,
                    "x2": -1.543981754173974
                },
                "metrics": {
                    "outcome": -1.9131946568898557
                },
                "metadata": {
                    "trials": 1
                }
            },
            {
                "query": {
                    "x1": -0.5432730360387584,
                    "x2": -1.5470707341691363
                },
                "metrics": {
                    "outcome": -1.913201419774242
                },
                "metadata": {
                    "trials": 1
                }
            }
        ],
        [
            {
                "query": {
                    "x1": -0.549681073504073,
                    "x2": -1.551458467915881
                },
                "metrics": {
                    "outcome": -1.913200124843363
                },
                "metadata": {
                    "trials": 1
                }
            },
            {
                "query": {
                    "x1": -0.5471743835160949,
                    "x2": -1.5508126176018455
                },
                "metrics": {
                    "outcome": -1.91320413548583
                },
                "metadata": {
                    "trials": 1
                }
            },
            {
                "query": {
                    "x1": -0.5449477017387211,
                    "x2": -1.5492751643153193
                },
                "metrics": {
                    "outcome": -1.9132042152027822
                },
                "metadata": {
                    "trials": 1
                }
            },
            {
                "query": {
                    "x1": -0.548128337155716,
                    "x2": -1.5425014400363426
                },
                "metrics": {
                    "outcome": -1.9131851494556025
                },
                "metadata": {
                    "trials": 1
                }
            },
            {
                "query": {
                    "x1": -0.542932962978055,
                    "x2": -1.546688958164024
                },
                "metrics": {
                    "outcome": -1.9131989729969066
                },
                "metadata": {
                    "trials": 1
                }
            },
            {
                "query": {
                    "x1": -0.5520081206866534,
                    "x2": -1.5504860105184024
                },
                "metrics": {
                    "outcome": -1.9131922794365224
                },
                "metadata": {
                    "trials": 1
                }
            }
        ],
        [
            {
                "query": {
                    "x1": -0.5477148778080096,
                    "x2": -1.542214788228751
                },
                "metrics": {
                    "outcome": -1.9131840622638596
                },
                "metadata": {
                    "trials": 1
                }
            },
            {
                "query": {
                    "x1": -0.5423306761509956,
                    "x2": -1.5446373249644958
                },
                "metrics": {
                    "outcome": -1.9131937145466194
                },
                "metadata": {
                    "trials": 1
                }
            },
            {
                "query": {
                    "x1": -0.549807024172671,
                    "x2": -1.5512968997829266
                },
                "metrics": {
                    "outcome": -1.9132012713276008
                },
                "metadata": {
                    "trials": 1
                }
            },
            {
                "query": {
                    "x1": -0.5451403299881008,
                    "x2": -1.5417838747638628
                },
                "metrics": {
                    "outcome": -1.9131874862474327
                },
                "metadata": {
                    "trials": 1
                }
            },
            {
                "query": {
                    "x1": -0.549840417243324,
                    "x2": -1.5440086442086431
                },
                "metrics": {
                    "outcome": -1.9131888162833701
                },
                "metadata": {
                    "trials": 1
                }
            },
            {
                "query": {
                    "x1": -0.5434313394044069,
                    "x2": -1.5474437530331189
                },
                "metrics": {
                    "outcome": -1.9132014866579716
                },
                "metadata": {
                    "trials": 1
                }
            }
        ],
        [
            {
                "query": {
                    "x1": -0.5498041480560477,
                    "x2": -1.5514421274259222
                },
                "metrics": {
                    "outcome": -1.913199973884565
                },
                "metadata": {
                    "trials": 1
                }
            },
            {
                "query": {
                    "x1": -0.5468954791318096,
                    "x2": -1.5507513678178912
                },
                "metrics": {
                    "outcome": -1.9132035113646162
                },
                "metadata": {
                    "trials": 1
                }
            },
            {
                "query": {
                    "x1": -0.5424656147737875,
                    "x2": -1.545710542068176
                },
                "metrics": {
                    "outcome": -1.9131956585494918
                },
                "metadata": {
                    "trials": 1
                }
            },
            {
                "query": {
                    "x1": -0.5439879454540122,
                    "x2": -1.5482726098016397
                },
                "metrics": {
                    "outcome": -1.91320262289066
                },
                "metadata": {
                    "trials": 1
                }
            },
            {
                "query": {
                    "x1": -0.55202657314271,
                    "x2": -1.5502762099098046
                },
                "metrics": {
                    "outcome": -1.91319285566082
                },
                "metadata": {
                    "trials": 1
                }
            },
            {
                "query": {
                    "x1": -0.5479226244571076,
                    "x2": -1.542518639575963
                },
                "metrics": {
                    "outcome": -1.9131869775691293
                },
                "metadata": {
                    "trials": 1
                }
            }
        ],
        [
            {
                "query": {
                    "x1": -0.5423090237803578,
                    "x2": -1.5448020886330036
                },
                "metrics": {
                    "outcome": -1.913193733362323
                },
                "metadata": {
                    "trials": 1
                }
            },
            {
                "query": {
                    "x1": -0.5498950024853447,
                    "x2": -1.5513250242982752
                },
                "metrics": {
                    "outcome": -1.9132007670333402
                },
                "metadata": {
                    "trials": 1
                }
            },
            {
                "query": {
                    "x1": -0.54763848912082,
                    "x2": -1.5423170210696084
                },
                "metrics": {
                    "outcome": -1.91318609500959
                },
                "metadata": {
                    "trials": 1
                }
            },
            {
                "query": {
                    "x1": -0.5434638394672482,
                    "x2": -1.5475141951441196
                },
                "metrics": {
                    "outcome": -1.913201490271116
                },
                "metadata": {
                    "trials": 1
                }
            },
            {
                "query": {
                    "x1": -0.5450117393001107,
                    "x2": -1.5421071024893283
                },
                "metrics": {
                    "outcome": -1.9131915606536287
                },
                "metadata": {
                    "trials": 1
                }
            },
            {
                "query": {
                    "x1": -0.5497360011204159,
                    "x2": -1.5440519493469913
                },
                "metrics": {
                    "outcome": -1.9131904868948562
                },
                "metadata": {
                    "trials": 1
                }
            }
        ]
    ],
    "best_results": [
        {
            "query": {
                "x1": -0.5469178767425186,
                "x2": -1.5469144444261764
            },
            "metrics": [
                {
                    "name": "outcome",
                    "value": -1.9132228178094506
                }
            ]
        }
    ]
}