{
    "date": "04/11/2022 13:58:10",
    "basic_params": {
        "active_variables": [
            "x"
        ],
        "default_query": {},
        "metric": "basic",
        "n_trials": 1
    },
    "objective_function": {
        "name": "Gramacy1D",
        "params": {}
    },
    "optimizer": {
        "name": "BBO-LP(LCBa)",
        "params": {
            "lower_bound": [
                0.5
            ],
            "upper_bound": [
                2.5
            ],
            "invert_metric": false,
            "bopt_params": {
                "n_init_samples": 15,
                "n_iterations": 45,
                "n_iter_relearn": 5,
                "verbose_level": 1,
                "n_parallel_samples": 3,
                "par_type": "PAR_BBO",
                "crit_name": "cLP(cLCBa)",
                "n_crit_params": 3,
                "crit_params": [
                    3,
                    1,
                    5.0
                ]
            }
        }
    },
    "iterations": [
        [
            {
                "query": {
                    "x": 1.4739077993047736
                },
                "metrics": {
                    "outcome": 0.29840277093886003
                },
                "metadata": {
                    "trials": 1
                }
            }
        ],
        [
            {
                "query": {
                    "x": 0.632211587826411
                },
                "metrics": {
                    "outcome": 0.6888570457962194
                },
                "metadata": {
                    "trials": 1
                }
            }
        ],
        [
            {
                "query": {
                    "x": 1.1780909939979514
                },
                "metrics": {
                    "outcome": -0.26859071199718587
                },
                "metadata": {
                    "trials": 1
                }
            }
        ],
        [
            {
                "query": {
                    "x": 0.740293470521768
                },
                "metrics": {
                    "outcome": -0.6396987749974
                },
                "metadata": {
                    "trials": 1
                }
            }
        ],
        [
            {
                "query": {
                    "x": 1.8505643132453165
                },
                "metrics": {
                    "outcome": 0.793539261810958
                },
                "metadata": {
                    "trials": 1
                }
            }
        ],
        [
            {
                "query": {
                    "x": 2.3950397608491283
                },
                "metrics": {
                    "outcome": 3.7550446529110544
                },
                "metadata": {
                    "trials": 1
                }
            }
        ],
        [
            {
                "query": {
                    "x": 1.0483651657899222
                },
                "metrics": {
                    "outcome": 0.476309629147627
                },
                "metadata": {
                    "trials": 1
                }
            }
        ],
        [
            {
                "query": {
                    "x": 1.7912021787216266
                },
                "metrics": {
                    "outcome": 0.3157031063048456
                },
                "metadata": {
                    "trials": 1
                }
            }
        ],
        [
            {
                "query": {
                    "x": 1.3680621891592941
                },
                "metrics": {
                    "outcome": -0.28985010383849996
                },
                "metadata": {
                    "trials": 1
                }
            }
        ],
        [
            {
                "query": {
                    "x": 0.99432088797912
                },
                "metrics": {
                    "outcome": -0.08924157681241308
                },
                "metadata": {
                    "trials": 1
                }
            }
        ],
        [
            {
                "query": {
                    "x": 2.0794497321980696
                },
                "metrics": {
                    "outcome": 1.5023918154441829
                },
                "metadata": {
                    "trials": 1
                }
            }
        ],
        [
            {
                "query": {
                    "x": 2.331507019978017
                },
                "metrics": {
                    "outcome": 2.963945383275001
                },
                "metadata": {
                    "trials": 1
                }
            }
        ],
        [
            {
                "query": {
                    "x": 0.8141317818003396
                },
                "metrics": {
                    "outcome": 0.2649847313317657
                },
                "metadata": {
                    "trials": 1
                }
            }
        ],
        [
            {
                "query": {
                    "x": 1.696656143044432
                },
                "metrics": {
                    "outcome": 0.26644614807698397
                },
                "metadata": {
                    "trials": 1
                }
            }
        ],
        [
            {
                "query": {
                    "x": 2.1958536436781286
                },
                "metrics": {
                    "outcome": 2.0155115776821084
                },
                "metadata": {
                    "trials": 1
                }
            }
        ],
        [
            {
                "query": {
                    "x": 0.7341305360022525
                },
                "metrics": {
                    "outcome": -0.5931769560495864
                },
                "metadata": {
                    "trials": 1
                }
            },
            {
                "query": {
                    "x": 0.7119035001350797
                },
                "metrics": {
                    "outcome": -0.2496796364987524
                },
                "metadata": {
                    "trials": 1
                }
            },
            {
                "query": {
                    "x": 0.7603892298724182
                },
                "metrics": {
                    "outcome": -0.6195471215151184
                },
                "metadata": {
                    "trials": 1
                }
            }
        ],
        [
            {
                "query": {
                    "x": 1.2703690845629156
                },
                "metrics": {
                    "outcome": 0.3210578054475636
                },
                "metadata": {
                    "trials": 1
                }
            },
            {
                "query": {
                    "x": 0.5
                },
                "metrics": {
                    "outcome": 0.06250000000000061
                },
                "metadata": {
                    "trials": 1
                }
            },
            {
                "query": {
                    "x": 1.5869694868696
                },
                "metrics": {
                    "outcome": -0.006701778318796869
                },
                "metadata": {
                    "trials": 1
                }
            }
        ],
        [
            {
                "query": {
                    "x": 0.9263887992145328
                },
                "metrics": {
                    "outcome": -0.39790044642027256
                },
                "metadata": {
                    "trials": 1
                }
            },
            {
                "query": {
                    "x": 1.4103650201099054
                },
                "metrics": {
                    "outcome": 0.14176966218567535
                },
                "metadata": {
                    "trials": 1
                }
            },
            {
                "query": {
                    "x": 1.1332525687823924
                },
                "metrics": {
                    "outcome": -0.3812210098462051
                },
                "metadata": {
                    "trials": 1
                }
            }
        ],
        [
            {
                "query": {
                    "x": 1.9651998306572
                },
                "metrics": {
                    "outcome": 0.6419319600257589
                },
                "metadata": {
                    "trials": 1
                }
            },
            {
                "query": {
                    "x": 0.5522574220254675
                },
                "metrics": {
                    "outcome": -0.8629094547585876
                },
                "metadata": {
                    "trials": 1
                }
            },
            {
                "query": {
                    "x": 1.5371476263305537
                },
                "metrics": {
                    "outcome": -0.21587296297255942
                },
                "metadata": {
                    "trials": 1
                }
            }
        ],
        [
            {
                "query": {
                    "x": 0.5699977937300789
                },
                "metrics": {
                    "outcome": -0.6755138011475014
                },
                "metadata": {
                    "trials": 1
                }
            },
            {
                "query": {
                    "x": 0.536703727579796
                },
                "metrics": {
                    "outcome": -0.8054393327286293
                },
                "metadata": {
                    "trials": 1
                }
            },
            {
                "query": {
                    "x": 0.9550520493458574
                },
                "metrics": {
                    "outcome": -0.516947440840404
                },
                "metadata": {
                    "trials": 1
                }
            }
        ],
        [
            {
                "query": {
                    "x": 1.3260952023376573
                },
                "metrics": {
                    "outcome": -0.2643182587693845
                },
                "metadata": {
                    "trials": 1
                }
            },
            {
                "query": {
                    "x": 0.5463020088764148
                },
                "metrics": {
                    "outcome": -0.8667042895925565
                },
                "metadata": {
                    "trials": 1
                }
            },
            {
                "query": {
                    "x": 1.641903901026007
                },
                "metrics": {
                    "outcome": 0.4645048126172039
                },
                "metadata": {
                    "trials": 1
                }
            }
        ],
        [
            {
                "query": {
                    "x": 0.5486934290656748
                },
                "metrics": {
                    "outcome": -0.8690035350490626
                },
                "metadata": {
                    "trials": 1
                }
            },
            {
                "query": {
                    "x": 0.5450522722522136
                },
                "metrics": {
                    "outcome": -0.863443970280725
                },
                "metadata": {
                    "trials": 1
                }
            },
            {
                "query": {
                    "x": 2.5
                },
                "metrics": {
                    "outcome": 5.0625
                },
                "metadata": {
                    "trials": 1
                }
            }
        ],
        [
            {
                "query": {
                    "x": 0.5487654921077525
                },
                "metrics": {
                    "outcome": -0.8689927742136778
                },
                "metadata": {
                    "trials": 1
                }
            },
            {
                "query": {
                    "x": 0.54563221593327
                },
                "metrics": {
                    "outcome": -0.8651330247196052
                },
                "metadata": {
                    "trials": 1
                }
            },
            {
                "query": {
                    "x": 0.5518849557938431
                },
                "metrics": {
                    "outcome": -0.8640743735789578
                },
                "metadata": {
                    "trials": 1
                }
            }
        ],
        [
            {
                "query": {
                    "x": 0.5486873010147914
                },
                "metrics": {
                    "outcome": -0.8690042346896777
                },
                "metadata": {
                    "trials": 1
                }
            },
            {
                "query": {
                    "x": 0.5459015721665194
                },
                "metrics": {
                    "outcome": -0.8658137853664784
                },
                "metadata": {
                    "trials": 1
                }
            },
            {
                "query": {
                    "x": 0.5514516024990633
                },
                "metrics": {
                    "outcome": -0.8652755320063263
                },
                "metadata": {
                    "trials": 1
                }
            }
        ],
        [
            {
                "query": {
                    "x": 0.5486560474783978
                },
                "metrics": {
                    "outcome": -0.8690072775541856
                },
                "metadata": {
                    "trials": 1
                }
            },
            {
                "query": {
                    "x": 0.5460575090442783
                },
                "metrics": {
                    "outcome": -0.8661778368668781
                },
                "metadata": {
                    "trials": 1
                }
            },
            {
                "query": {
                    "x": 0.551235067745733
                },
                "metrics": {
                    "outcome": -0.86581343082293
                },
                "metadata": {
                    "trials": 1
                }
            }
        ],
        [
            {
                "query": {
                    "x": 0.5486237333298822
                },
                "metrics": {
                    "outcome": -0.8690094999003879
                },
                "metadata": {
                    "trials": 1
                }
            },
            {
                "query": {
                    "x": 0.5462623063181762
                },
                "metrics": {
                    "outcome": -0.8666224858943661
                },
                "metadata": {
                    "trials": 1
                }
            },
            {
                "query": {
                    "x": 0.5509731964974103
                },
                "metrics": {
                    "outcome": -0.8664083841079878
                },
                "metadata": {
                    "trials": 1
                }
            }
        ],
        [
            {
                "query": {
                    "x": 0.5486150660238054
                },
                "metrics": {
                    "outcome": -0.869009936223533
                },
                "metadata": {
                    "trials": 1
                }
            },
            {
                "query": {
                    "x": 0.5463584422426536
                },
                "metrics": {
                    "outcome": -0.866818108594769
                },
                "metadata": {
                    "trials": 1
                }
            },
            {
                "query": {
                    "x": 0.5508608032126359
                },
                "metrics": {
                    "outcome": -0.8666450523100684
                },
                "metadata": {
                    "trials": 1
                }
            }
        ],
        [
            {
                "query": {
                    "x": 0.5486089340514978
                },
                "metrics": {
                    "outcome": -0.8690102040967955
                },
                "metadata": {
                    "trials": 1
                }
            },
            {
                "query": {
                    "x": 0.546432502380583
                },
                "metrics": {
                    "outcome": -0.8669631020979855
                },
                "metadata": {
                    "trials": 1
                }
            },
            {
                "query": {
                    "x": 0.5507753501906297
                },
                "metrics": {
                    "outcome": -0.8668174762124664
                },
                "metadata": {
                    "trials": 1
                }
            }
        ],
        [
            {
                "query": {
                    "x": 0.5486044292324411
                },
                "metrics": {
                    "outcome": -0.8690103793352635
                },
                "metadata": {
                    "trials": 1
                }
            },
            {
                "query": {
                    "x": 0.5465007302410632
                },
                "metrics": {
                    "outcome": -0.867092281606978
                },
                "metadata": {
                    "trials": 1
                }
            },
            {
                "query": {
                    "x": 0.5506988208005279
                },
                "metrics": {
                    "outcome": -0.8669663803770762
                },
                "metadata": {
                    "trials": 1
                }
            }
        ],
        [
            {
                "query": {
                    "x": 0.5486008342129126
                },
                "metrics": {
                    "outcome": -0.8690105060842284
                },
                "metadata": {
                    "trials": 1
                }
            },
            {
                "query": {
                    "x": 0.5465525998525222
                },
                "metrics": {
                    "outcome": -0.8671876689173186
                },
                "metadata": {
                    "trials": 1
                }
            },
            {
                "query": {
                    "x": 0.5506403785440626
                },
                "metrics": {
                    "outcome": -0.8670765819607735
                },
                "metadata": {
                    "trials": 1
                }
            }
        ],
        [
            {
                "query": {
                    "x": 0.5485979674979887
                },
                "metrics": {
                    "outcome": -0.8690105988230759
                },
                "metadata": {
                    "trials": 1
                }
            },
            {
                "query": {
                    "x": 0.5466005890566104
                },
                "metrics": {
                    "outcome": -0.8672737509314065
                },
                "metadata": {
                    "trials": 1
                }
            },
            {
                "query": {
                    "x": 0.5505871635368598
                },
                "metrics": {
                    "outcome": -0.8671742816195347
                },
                "metadata": {
                    "trials": 1
                }
            }
        ],
        [
            {
                "query": {
                    "x": 0.5485956257054698
                },
                "metrics": {
                    "outcome": -0.8690106690939607
                },
                "metadata": {
                    "trials": 1
                }
            },
            {
                "query": {
                    "x": 0.546642930076408
                },
                "metrics": {
                    "outcome": -0.8673479701839663
                },
                "metadata": {
                    "trials": 1
                }
            },
            {
                "query": {
                    "x": 0.5505405730657315
                },
                "metrics": {
                    "outcome": -0.8672577482907018
                },
                "metadata": {
                    "trials": 1
                }
            }
        ],
        [
            {
                "query": {
                    "x": 0.5485935549578023
                },
                "metrics": {
                    "outcome": -0.8690107271213245
                },
                "metadata": {
                    "trials": 1
                }
            },
            {
                "query": {
                    "x": 0.546680610435336
                },
                "metrics": {
                    "outcome": -0.8674126551348037
                },
                "metadata": {
                    "trials": 1
                }
            },
            {
                "query": {
                    "x": 0.55049915014683
                },
                "metrics": {
                    "outcome": -0.8673303333202823
                },
                "metadata": {
                    "trials": 1
                }
            }
        ],
        [
            {
                "query": {
                    "x": 0.5485918621622856
                },
                "metrics": {
                    "outcome": -0.869010771691716
                },
                "metadata": {
                    "trials": 1
                }
            },
            {
                "query": {
                    "x": 0.5467146309278081
                },
                "metrics": {
                    "outcome": -0.8674699533730394
                },
                "metadata": {
                    "trials": 1
                }
            },
            {
                "query": {
                    "x": 0.5504620852056962
                },
                "metrics": {
                    "outcome": -0.8673939857157794
                },
                "metadata": {
                    "trials": 1
                }
            }
        ],
        [
            {
                "query": {
                    "x": 0.5485903444393105
                },
                "metrics": {
                    "outcome": -0.8690108094606406
                },
                "metadata": {
                    "trials": 1
                }
            },
            {
                "query": {
                    "x": 0.5467454891130743
                },
                "metrics": {
                    "outcome": -0.8675210196103901
                },
                "metadata": {
                    "trials": 1
                }
            },
            {
                "query": {
                    "x": 0.550428517733489
                },
                "metrics": {
                    "outcome": -0.8674505752108767
                },
                "metadata": {
                    "trials": 1
                }
            }
        ],
        [
            {
                "query": {
                    "x": 0.548589017707645
                },
                "metrics": {
                    "outcome": -0.8690108407790869
                },
                "metadata": {
                    "trials": 1
                }
            },
            {
                "query": {
                    "x": 0.5467737147044877
                },
                "metrics": {
                    "outcome": -0.8675669746526496
                },
                "metadata": {
                    "trials": 1
                }
            },
            {
                "query": {
                    "x": 0.5503979050010266
                },
                "metrics": {
                    "outcome": -0.8675013077134328
                },
                "metadata": {
                    "trials": 1
                }
            }
        ],
        [
            {
                "query": {
                    "x": 0.548587833804148
                },
                "metrics": {
                    "outcome": -0.8690108673888896
                },
                "metadata": {
                    "trials": 1
                }
            },
            {
                "query": {
                    "x": 0.5467996904011428
                },
                "metrics": {
                    "outcome": -0.8676086295448032
                },
                "metadata": {
                    "trials": 1
                }
            },
            {
                "query": {
                    "x": 0.5503698061408568
                },
                "metrics": {
                    "outcome": -0.8675471386508968
                },
                "metadata": {
                    "trials": 1
                }
            }
        ],
        [
            {
                "query": {
                    "x": 0.5485867844122718
                },
                "metrics": {
                    "outcome": -0.8690108899211133
                },
                "metadata": {
                    "trials": 1
                }
            },
            {
                "query": {
                    "x": 0.5468237167602975
                },
                "metrics": {
                    "outcome": -0.8676466149265093
                },
                "metadata": {
                    "trials": 1
                }
            },
            {
                "query": {
                    "x": 0.5503439119302452
                },
                "metrics": {
                    "outcome": -0.8675887502606555
                },
                "metadata": {
                    "trials": 1
                }
            }
        ],
        [
            {
                "query": {
                    "x": 0.5485858271508903
                },
                "metrics": {
                    "outcome": -0.8690109096110366
                },
                "metadata": {
                    "trials": 1
                }
            },
            {
                "query": {
                    "x": 0.5503170621580468
                },
                "metrics": {
                    "outcome": -0.8676312658826069
                },
                "metadata": {
                    "trials": 1
                }
            },
            {
                "query": {
                    "x": 0.5468488915221673
                },
                "metrics": {
                    "outcome": -0.8676858555618935
                },
                "metadata": {
                    "trials": 1
                }
            }
        ],
        [
            {
                "query": {
                    "x": 0.5485850014059104
                },
                "metrics": {
                    "outcome": -0.8690109259334846
                },
                "metadata": {
                    "trials": 1
                }
            },
            {
                "query": {
                    "x": 0.5468669517284722
                },
                "metrics": {
                    "outcome": -0.8677136533007348
                },
                "metadata": {
                    "trials": 1
                }
            },
            {
                "query": {
                    "x": 0.5502975110563885
                },
                "metrics": {
                    "outcome": -0.8676618196980441
                },
                "metadata": {
                    "trials": 1
                }
            }
        ],
        [
            {
                "query": {
                    "x": 0.5485841754229001
                },
                "metrics": {
                    "outcome": -0.8690109416469108
                },
                "metadata": {
                    "trials": 1
                }
            },
            {
                "query": {
                    "x": 0.5502765622043215
                },
                "metrics": {
                    "outcome": -0.8676941794001722
                },
                "metadata": {
                    "trials": 1
                }
            },
            {
                "query": {
                    "x": 0.5468864344029071
                },
                "metrics": {
                    "outcome": -0.8677433095919295
                },
                "metadata": {
                    "trials": 1
                }
            }
        ],
        [
            {
                "query": {
                    "x": 0.5485834600161578
                },
                "metrics": {
                    "outcome": -0.869010954760686
                },
                "metadata": {
                    "trials": 1
                }
            },
            {
                "query": {
                    "x": 0.5469074580698351
                },
                "metrics": {
                    "outcome": -0.8677749263593569
                },
                "metadata": {
                    "trials": 1
                }
            },
            {
                "query": {
                    "x": 0.5502542215160802
                },
                "metrics": {
                    "outcome": -0.8677282576028863
                },
                "metadata": {
                    "trials": 1
                }
            }
        ],
        [
            {
                "query": {
                    "x": 0.5485828624653165
                },
                "metrics": {
                    "outcome": -0.8690109653611674
                },
                "metadata": {
                    "trials": 1
                }
            },
            {
                "query": {
                    "x": 0.5469248821191495
                },
                "metrics": {
                    "outcome": -0.8678008267750176
                },
                "metadata": {
                    "trials": 1
                }
            },
            {
                "query": {
                    "x": 0.5502358193369007
                },
                "metrics": {
                    "outcome": -0.8677559935181561
                },
                "metadata": {
                    "trials": 1
                }
            }
        ],
        [
            {
                "query": {
                    "x": 0.5485822137306673
                },
                "metrics": {
                    "outcome": -0.8690109765059346
                },
                "metadata": {
                    "trials": 1
                }
            },
            {
                "query": {
                    "x": 1.7442652645515182
                },
                "metrics": {
                    "outcome": 0.024825249411105754
                },
                "metadata": {
                    "trials": 1
                }
            },
            {
                "query": {
                    "x": 0.5469384579421466
                },
                "metrics": {
                    "outcome": -0.8678208165508708
                },
                "metadata": {
                    "trials": 1
                }
            }
        ],
        [
            {
                "query": {
                    "x": 0.5485873382224071
                },
                "metrics": {
                    "outcome": -0.8690108781533334
                },
                "metadata": {
                    "trials": 1
                }
            },
            {
                "query": {
                    "x": 0.54695867268938
                },
                "metrics": {
                    "outcome": -0.8678502729036298
                },
                "metadata": {
                    "trials": 1
                }
            },
            {
                "query": {
                    "x": 0.5502109883249166
                },
                "metrics": {
                    "outcome": -0.8677929399658117
                },
                "metadata": {
                    "trials": 1
                }
            }
        ],
        [
            {
                "query": {
                    "x": 0.5485864100310772
                },
                "metrics": {
                    "outcome": -0.8690108977199306
                },
                "metadata": {
                    "trials": 1
                }
            },
            {
                "query": {
                    "x": 0.5469732121148457
                },
                "metrics": {
                    "outcome": -0.8678712308117663
                },
                "metadata": {
                    "trials": 1
                }
            },
            {
                "query": {
                    "x": 0.5501947188277228
                },
                "metrics": {
                    "outcome": -0.8678168491706378
                },
                "metadata": {
                    "trials": 1
                }
            }
        ],
        [
            {
                "query": {
                    "x": 0.5485855434453546
                },
                "metrics": {
                    "outcome": -0.869010915288203
                },
                "metadata": {
                    "trials": 1
                }
            },
            {
                "query": {
                    "x": 0.5469844476649409
                },
                "metrics": {
                    "outcome": -0.8678872953700106
                },
                "metadata": {
                    "trials": 1
                }
            },
            {
                "query": {
                    "x": 0.5501819099279973
                },
                "metrics": {
                    "outcome": -0.8678355065309101
                },
                "metadata": {
                    "trials": 1
                }
            }
        ],
        [
            {
                "query": {
                    "x": 0.5485849239635762
                },
                "metrics": {
                    "outcome": -0.8690109274328177
                },
                "metadata": {
                    "trials": 1
                }
            },
            {
                "query": {
                    "x": 0.5501674062369074
                },
                "metrics": {
                    "outcome": -0.8678564556875239
                },
                "metadata": {
                    "trials": 1
                }
            },
            {
                "query": {
                    "x": 0.546997828027869
                },
                "metrics": {
                    "outcome": -0.8679062776266527
                },
                "metadata": {
                    "trials": 1
                }
            }
        ],
        [
            {
                "query": {
                    "x": 0.5485841969256458
                },
                "metrics": {
                    "outcome": -0.8690109412456263
                },
                "metadata": {
                    "trials": 1
                }
            },
            {
                "query": {
                    "x": 0.5501508762486761
                },
                "metrics": {
                    "outcome": -0.8678801026259082
                },
                "metadata": {
                    "trials": 1
                }
            },
            {
                "query": {
                    "x": 0.5470130562867941
                },
                "metrics": {
                    "outcome": -0.8679276844200655
                },
                "metadata": {
                    "trials": 1
                }
            }
        ],
        [
            {
                "query": {
                    "x": 0.5485835301575234
                },
                "metrics": {
                    "outcome": -0.8690109534953188
                },
                "metadata": {
                    "trials": 1
                }
            },
            {
                "query": {
                    "x": 0.5501375829207448
                },
                "metrics": {
                    "outcome": -0.8678989423701942
                },
                "metadata": {
                    "trials": 1
                }
            },
            {
                "query": {
                    "x": 0.5470251431712935
                },
                "metrics": {
                    "outcome": -0.8679445260008471
                },
                "metadata": {
                    "trials": 1
                }
            }
        ],
        [
            {
                "query": {
                    "x": 0.5485829625591061
                },
                "metrics": {
                    "outcome": -0.8690109636079147
                },
                "metadata": {
                    "trials": 1
                }
            },
            {
                "query": {
                    "x": 0.5470368024765211
                },
                "metrics": {
                    "outcome": -0.8679606466107401
                },
                "metadata": {
                    "trials": 1
                }
            },
            {
                "query": {
                    "x": 0.550124904486614
                },
                "metrics": {
                    "outcome": -0.8679167636463568
                },
                "metadata": {
                    "trials": 1
                }
            }
        ],
        [
            {
                "query": {
                    "x": 0.5485824458669721
                },
                "metrics": {
                    "outcome": -0.8690109725615139
                },
                "metadata": {
                    "trials": 1
                }
            },
            {
                "query": {
                    "x": 0.5470479856052131
                },
                "metrics": {
                    "outcome": -0.8679759933348972
                },
                "metadata": {
                    "trials": 1
                }
            },
            {
                "query": {
                    "x": 0.5501127884357053
                },
                "metrics": {
                    "outcome": -0.867933660276204
                },
                "metadata": {
                    "trials": 1
                }
            }
        ],
        [
            {
                "query": {
                    "x": 0.5485818523655831
                },
                "metrics": {
                    "outcome": -0.8690109825497088
                },
                "metadata": {
                    "trials": 1
                }
            },
            {
                "query": {
                    "x": 0.8805712687817108
                },
                "metrics": {
                    "outcome": 0.3256580710717149
                },
                "metadata": {
                    "trials": 1
                }
            },
            {
                "query": {
                    "x": 0.5470561653195098
                },
                "metrics": {
                    "outcome": -0.8679871468290205
                },
                "metadata": {
                    "trials": 1
                }
            }
        ],
        [
            {
                "query": {
                    "x": 0.548585369219053
                },
                "metrics": {
                    "outcome": -0.8690109187387149
                },
                "metadata": {
                    "trials": 1
                }
            },
            {
                "query": {
                    "x": 0.5470679561641213
                },
                "metrics": {
                    "outcome": -0.8680031178341192
                },
                "metadata": {
                    "trials": 1
                }
            },
            {
                "query": {
                    "x": 0.550098635274796
                },
                "metrics": {
                    "outcome": -0.8679532317651648
                },
                "metadata": {
                    "trials": 1
                }
            }
        ],
        [
            {
                "query": {
                    "x": 0.5485847799591932
                },
                "metrics": {
                    "outcome": -0.8690109302064892
                },
                "metadata": {
                    "trials": 1
                }
            },
            {
                "query": {
                    "x": 0.5470361602368502
                },
                "metrics": {
                    "outcome": -0.867959761824506
                },
                "metadata": {
                    "trials": 1
                }
            },
            {
                "query": {
                    "x": 0.5500876323038248
                },
                "metrics": {
                    "outcome": -0.8679683234498893
                },
                "metadata": {
                    "trials": 1
                }
            }
        ],
        [
            {
                "query": {
                    "x": 0.5485839844821259
                },
                "metrics": {
                    "outcome": -0.8690109451920026
                },
                "metadata": {
                    "trials": 1
                }
            },
            {
                "query": {
                    "x": 0.547099865617398
                },
                "metrics": {
                    "outcome": -0.8680457095562399
                },
                "metadata": {
                    "trials": 1
                }
            },
            {
                "query": {
                    "x": 0.5500745096111838
                },
                "metrics": {
                    "outcome": -0.8679861811513278
                },
                "metadata": {
                    "trials": 1
                }
            }
        ],
        [
            {
                "query": {
                    "x": 0.5485835197832543
                },
                "metrics": {
                    "outcome": -0.869010953682752
                },
                "metadata": {
                    "trials": 1
                }
            },
            {
                "query": {
                    "x": 0.5500667150369072
                },
                "metrics": {
                    "outcome": -0.8679967153898347
                },
                "metadata": {
                    "trials": 1
                }
            },
            {
                "query": {
                    "x": 0.5470965059058546
                },
                "metrics": {
                    "outcome": -0.8680412684856381
                },
                "metadata": {
                    "trials": 1
                }
            }
        ],
        [
            {
                "query": {
                    "x": 0.5485829261059708
                },
                "metrics": {
                    "outcome": -0.8690109642474749
                },
                "metadata": {
                    "trials": 1
                }
            },
            {
                "query": {
                    "x": 0.5471053775380844
                },
                "metrics": {
                    "outcome": -0.8680529734404187
                },
                "metadata": {
                    "trials": 1
                }
            },
            {
                "query": {
                    "x": 0.5500567946038228
                },
                "metrics": {
                    "outcome": -0.8680100441940423
                },
                "metadata": {
                    "trials": 1
                }
            }
        ],
        [
            {
                "query": {
                    "x": 0.548582497659281
                },
                "metrics": {
                    "outcome": -0.8690109716748526
                },
                "metadata": {
                    "trials": 1
                }
            },
            {
                "query": {
                    "x": 0.5471140581257631
                },
                "metrics": {
                    "outcome": -0.8680643574558015
                },
                "metadata": {
                    "trials": 1
                }
            },
            {
                "query": {
                    "x": 0.5500473180000217
                },
                "metrics": {
                    "outcome": -0.8680226945727433
                },
                "metadata": {
                    "trials": 1
                }
            }
        ],
        [
            {
                "query": {
                    "x": 0.5485819347507351
                },
                "metrics": {
                    "outcome": -0.8690109811821696
                },
                "metadata": {
                    "trials": 1
                }
            },
            {
                "query": {
                    "x": 0.5500380148731105
                },
                "metrics": {
                    "outcome": -0.8680350353308485
                },
                "metadata": {
                    "trials": 1
                }
            },
            {
                "query": {
                    "x": 0.5471223617360977
                },
                "metrics": {
                    "outcome": -0.868075183334319
                },
                "metadata": {
                    "trials": 1
                }
            }
        ]
    ],
    "best_results": [
        {
            "query": {
                "x": 0.5485818523655831
            },
            "metrics": [
                {
                    "name": "outcome",
                    "value": -0.8690109825497088
                }
            ]
        }
    ]
}