{
    "date": "06/11/2022 12:37:17",
    "basic_params": {
        "active_variables": [
            "x1",
            "x2"
        ],
        "default_query": {},
        "metric": "basic",
        "n_trials": 1
    },
    "objective_function": {
        "name": "Branin",
        "params": {}
    },
    "optimizer": {
        "name": "GO-BBO-LP",
        "params": {
            "maximize": false,
            "domain": [
                {
                    "name": "x1",
                    "type": "continuous",
                    "domain": [
                        -5.0,
                        10.0
                    ]
                },
                {
                    "name": "x2",
                    "type": "continuous",
                    "domain": [
                        0.0,
                        15.0
                    ]
                }
            ],
            "initial_design_numdata": 15,
            "num_iters": 45,
            "batch_size": 3,
            "model_update_interval": 5
        }
    },
    "best_results": [
        {
            "query": {
                "x1": 9.438020474058591,
                "x2": 2.4823033883736736
            },
            "metrics": [
                {
                    "name": "outcome",
                    "value": 0.39874440766616814
                }
            ]
        }
    ],
    "iterations": [
        [
            {
                "query": {
                    "x1": 6.5,
                    "x2": 8.5
                },
                "metrics": {
                    "outcome": 73.94545440409442
                },
                "metadata": {
                    "trials": 1
                }
            }
        ],
        [
            {
                "query": {
                    "x1": 8.5,
                    "x2": 0.5
                },
                "metrics": {
                    "outcome": 5.9235107926603074
                },
                "metadata": {
                    "trials": 1
                }
            }
        ],
        [
            {
                "query": {
                    "x1": 0.5,
                    "x2": 4.5
                },
                "metrics": {
                    "outcome": 18.9691104022424
                },
                "metadata": {
                    "trials": 1
                }
            }
        ],
        [
            {
                "query": {
                    "x1": -0.5,
                    "x2": 6.5
                },
                "metrics": {
                    "outcome": 18.534277090023195
                },
                "metadata": {
                    "trials": 1
                }
            }
        ],
        [
            {
                "query": {
                    "x1": 2.5,
                    "x2": 9.5
                },
                "metrics": {
                    "outcome": 46.81584599421227
                },
                "metadata": {
                    "trials": 1
                }
            }
        ],
        [
            {
                "query": {
                    "x1": -2.4999999999999996,
                    "x2": 12.5
                },
                "metrics": {
                    "outcome": 5.2441761060932635
                },
                "metadata": {
                    "trials": 1
                }
            }
        ],
        [
            {
                "query": {
                    "x1": -3.5,
                    "x2": 7.5
                },
                "metrics": {
                    "outcome": 32.963691679054236
                },
                "metadata": {
                    "trials": 1
                }
            }
        ],
        [
            {
                "query": {
                    "x1": 4.5,
                    "x2": 5.5
                },
                "metrics": {
                    "outcome": 24.345918745163317
                },
                "metadata": {
                    "trials": 1
                }
            }
        ],
        [
            {
                "query": {
                    "x1": 9.5,
                    "x2": 14.5
                },
                "metrics": {
                    "outcome": 143.48619933318815
                },
                "metadata": {
                    "trials": 1
                }
            }
        ],
        [
            {
                "query": {
                    "x1": 1.5,
                    "x2": 2.5000000000000004
                },
                "metrics": {
                    "outcome": 12.64859253843537
                },
                "metadata": {
                    "trials": 1
                }
            }
        ],
        [
            {
                "query": {
                    "x1": 5.5,
                    "x2": 1.5
                },
                "metrics": {
                    "outcome": 16.92422889889329
                },
                "metadata": {
                    "trials": 1
                }
            }
        ],
        [
            {
                "query": {
                    "x1": 7.5,
                    "x2": 3.5
                },
                "metrics": {
                    "outcome": 18.03729704934126
                },
                "metadata": {
                    "trials": 1
                }
            }
        ],
        [
            {
                "query": {
                    "x1": -4.5,
                    "x2": 13.5
                },
                "metrics": {
                    "outcome": 13.165011052864758
                },
                "metadata": {
                    "trials": 1
                }
            }
        ],
        [
            {
                "query": {
                    "x1": -1.5,
                    "x2": 11.5
                },
                "metrics": {
                    "outcome": 18.64297101474766
                },
                "metadata": {
                    "trials": 1
                }
            }
        ],
        [
            {
                "query": {
                    "x1": 3.5,
                    "x2": 10.5
                },
                "metrics": {
                    "outcome": 73.0527006155703
                },
                "metadata": {
                    "trials": 1
                }
            }
        ],
        [
            {
                "query": {
                    "x1": -4.900412067279328,
                    "x2": 0.7949332646441476
                },
                "metrics": {
                    "outcome": 271.21596346941766
                },
                "metadata": {
                    "trials": 1
                }
            },
            {
                "query": {
                    "x1": 10.0,
                    "x2": 15.0
                },
                "metrics": {
                    "outcome": 145.87219087939556
                },
                "metadata": {
                    "trials": 1
                }
            },
            {
                "query": {
                    "x1": 9.594560895771773,
                    "x2": 0.06566273232423536
                },
                "metrics": {
                    "outcome": 7.070502097052874
                },
                "metadata": {
                    "trials": 1
                }
            }
        ],
        [
            {
                "query": {
                    "x1": -4.9664385210365865,
                    "x2": 1.041379129588269
                },
                "metrics": {
                    "outcome": 269.9950613042787
                },
                "metadata": {
                    "trials": 1
                }
            },
            {
                "query": {
                    "x1": 9.561276465232222,
                    "x2": 13.784141477481544
                },
                "metrics": {
                    "outcome": 125.73900308021828
                },
                "metadata": {
                    "trials": 1
                }
            },
            {
                "query": {
                    "x1": 10.0,
                    "x2": 0.2569604100677782
                },
                "metrics": {
                    "outcome": 9.48363576661345
                },
                "metadata": {
                    "trials": 1
                }
            }
        ],
        [
            {
                "query": {
                    "x1": -4.649764011132041,
                    "x2": 0.8490135817683514
                },
                "metrics": {
                    "outcome": 244.84734672427376
                },
                "metadata": {
                    "trials": 1
                }
            },
            {
                "query": {
                    "x1": 10.0,
                    "x2": 15.0
                },
                "metrics": {
                    "outcome": 145.87219087939556
                },
                "metadata": {
                    "trials": 1
                }
            },
            {
                "query": {
                    "x1": 10.0,
                    "x2": 0.361225139297986
                },
                "metrics": {
                    "outcome": 8.921885800867837
                },
                "metadata": {
                    "trials": 1
                }
            }
        ],
        [
            {
                "query": {
                    "x1": -4.391160672154015,
                    "x2": 0.564565104665713
                },
                "metrics": {
                    "outcome": 229.43022927715992
                },
                "metadata": {
                    "trials": 1
                }
            },
            {
                "query": {
                    "x1": 10.0,
                    "x2": 14.246001670606935
                },
                "metrics": {
                    "outcome": 128.34920300546537
                },
                "metadata": {
                    "trials": 1
                }
            },
            {
                "query": {
                    "x1": -4.9422677335135825,
                    "x2": 14.75816963575012
                },
                "metrics": {
                    "outcome": 17.30980699676644
                },
                "metadata": {
                    "trials": 1
                }
            }
        ],
        [
            {
                "query": {
                    "x1": -4.838415381086257,
                    "x2": 0.9477901310553144
                },
                "metrics": {
                    "outcome": 260.12161036535247
                },
                "metadata": {
                    "trials": 1
                }
            },
            {
                "query": {
                    "x1": 10.0,
                    "x2": 15.0
                },
                "metrics": {
                    "outcome": 145.87219087939556
                },
                "metadata": {
                    "trials": 1
                }
            },
            {
                "query": {
                    "x1": 9.772457703709073,
                    "x2": 0.11182184186531108
                },
                "metrics": {
                    "outcome": 8.112376858736681
                },
                "metadata": {
                    "trials": 1
                }
            }
        ],
        [
            {
                "query": {
                    "x1": 10.0,
                    "x2": 15.0
                },
                "metrics": {
                    "outcome": 145.87219087939556
                },
                "metadata": {
                    "trials": 1
                }
            },
            {
                "query": {
                    "x1": -4.890826545201247,
                    "x2": 0.15097263256337382
                },
                "metrics": {
                    "outcome": 291.3676054828823
                },
                "metadata": {
                    "trials": 1
                }
            },
            {
                "query": {
                    "x1": 10.0,
                    "x2": 0.843541719574738
                },
                "metrics": {
                    "outcome": 6.606213311182768
                },
                "metadata": {
                    "trials": 1
                }
            }
        ],
        [
            {
                "query": {
                    "x1": 10.0,
                    "x2": 15.0
                },
                "metrics": {
                    "outcome": 145.87219087939556
                },
                "metadata": {
                    "trials": 1
                }
            },
            {
                "query": {
                    "x1": -4.8685869791610115,
                    "x2": 0.010765125803415184
                },
                "metrics": {
                    "outcome": 293.73071913862066
                },
                "metadata": {
                    "trials": 1
                }
            },
            {
                "query": {
                    "x1": 10.0,
                    "x2": 0.4128135857798617
                },
                "metrics": {
                    "outcome": 8.651981523981023
                },
                "metadata": {
                    "trials": 1
                }
            }
        ],
        [
            {
                "query": {
                    "x1": 10.0,
                    "x2": 15.0
                },
                "metrics": {
                    "outcome": 145.87219087939556
                },
                "metadata": {
                    "trials": 1
                }
            },
            {
                "query": {
                    "x1": -4.75558528450639,
                    "x2": 0.19398361816699394
                },
                "metrics": {
                    "outcome": 275.9856541149069
                },
                "metadata": {
                    "trials": 1
                }
            },
            {
                "query": {
                    "x1": 10.0,
                    "x2": 0.4050570998670008
                },
                "metrics": {
                    "outcome": 8.692222502739725
                },
                "metadata": {
                    "trials": 1
                }
            }
        ],
        [
            {
                "query": {
                    "x1": 10.0,
                    "x2": 15.0
                },
                "metrics": {
                    "outcome": 145.87219087939556
                },
                "metadata": {
                    "trials": 1
                }
            },
            {
                "query": {
                    "x1": -4.327417471747247,
                    "x2": 0.16237720006953282
                },
                "metrics": {
                    "outcome": 235.7378798654255
                },
                "metadata": {
                    "trials": 1
                }
            },
            {
                "query": {
                    "x1": 10.0,
                    "x2": 0.7557880646327642
                },
                "metrics": {
                    "outcome": 6.992907112639382
                },
                "metadata": {
                    "trials": 1
                }
            }
        ],
        [
            {
                "query": {
                    "x1": 10.0,
                    "x2": 15.0
                },
                "metrics": {
                    "outcome": 145.87219087939556
                },
                "metadata": {
                    "trials": 1
                }
            },
            {
                "query": {
                    "x1": -4.977330092460958,
                    "x2": 0.3779931018119312
                },
                "metrics": {
                    "outcome": 292.8781124388778
                },
                "metadata": {
                    "trials": 1
                }
            },
            {
                "query": {
                    "x1": 10.0,
                    "x2": 0.2889303269268792
                },
                "metrics": {
                    "outcome": 9.309079302089316
                },
                "metadata": {
                    "trials": 1
                }
            }
        ],
        [
            {
                "query": {
                    "x1": 10.0,
                    "x2": 15.0
                },
                "metrics": {
                    "outcome": 145.87219087939556
                },
                "metadata": {
                    "trials": 1
                }
            },
            {
                "query": {
                    "x1": 9.800231115317036,
                    "x2": 0.16763785550210353
                },
                "metrics": {
                    "outcome": 8.048374644965339
                },
                "metadata": {
                    "trials": 1
                }
            },
            {
                "query": {
                    "x1": -4.9420480485093785,
                    "x2": 0.13916834151031443
                },
                "metrics": {
                    "outcome": 297.17183412393194
                },
                "metadata": {
                    "trials": 1
                }
            }
        ],
        [
            {
                "query": {
                    "x1": 10.0,
                    "x2": 15.0
                },
                "metrics": {
                    "outcome": 145.87219087939556
                },
                "metadata": {
                    "trials": 1
                }
            },
            {
                "query": {
                    "x1": 10.0,
                    "x2": 0.37309610462646203
                },
                "metrics": {
                    "outcome": 8.859306915407728
                },
                "metadata": {
                    "trials": 1
                }
            },
            {
                "query": {
                    "x1": -4.842780721688167,
                    "x2": 0.01289762037416653
                },
                "metrics": {
                    "outcome": 290.9517128861732
                },
                "metadata": {
                    "trials": 1
                }
            }
        ],
        [
            {
                "query": {
                    "x1": 10.0,
                    "x2": 15.0
                },
                "metrics": {
                    "outcome": 145.87219087939556
                },
                "metadata": {
                    "trials": 1
                }
            },
            {
                "query": {
                    "x1": 10.0,
                    "x2": 0.17372800027769109
                },
                "metrics": {
                    "outcome": 9.947675161844865
                },
                "metadata": {
                    "trials": 1
                }
            },
            {
                "query": {
                    "x1": -4.716847398617608,
                    "x2": 14.461881438005323
                },
                "metrics": {
                    "outcome": 13.726888043334228
                },
                "metadata": {
                    "trials": 1
                }
            }
        ],
        [
            {
                "query": {
                    "x1": 10.0,
                    "x2": 15.0
                },
                "metrics": {
                    "outcome": 145.87219087939556
                },
                "metadata": {
                    "trials": 1
                }
            },
            {
                "query": {
                    "x1": 10.0,
                    "x2": 0.33375772643742585
                },
                "metrics": {
                    "outcome": 9.067763317318883
                },
                "metadata": {
                    "trials": 1
                }
            },
            {
                "query": {
                    "x1": -4.866839670925957,
                    "x2": 0.23817453637801986
                },
                "metrics": {
                    "outcome": 285.9599567837927
                },
                "metadata": {
                    "trials": 1
                }
            }
        ],
        [
            {
                "query": {
                    "x1": 10.0,
                    "x2": 15.0
                },
                "metrics": {
                    "outcome": 145.87219087939556
                },
                "metadata": {
                    "trials": 1
                }
            },
            {
                "query": {
                    "x1": 10.0,
                    "x2": 0.16374513530182924
                },
                "metrics": {
                    "outcome": 10.004262433735736
                },
                "metadata": {
                    "trials": 1
                }
            },
            {
                "query": {
                    "x1": -4.8642373589062675,
                    "x2": 14.880912647245307
                },
                "metrics": {
                    "outcome": 15.128780083814128
                },
                "metadata": {
                    "trials": 1
                }
            }
        ],
        [
            {
                "query": {
                    "x1": -0.8076853857175437,
                    "x2": 15.0
                },
                "metrics": {
                    "outcome": 74.85750556350592
                },
                "metadata": {
                    "trials": 1
                }
            },
            {
                "query": {
                    "x1": -0.7842399369788748,
                    "x2": 14.435785166299445
                },
                "metrics": {
                    "outcome": 67.32374303391722
                },
                "metadata": {
                    "trials": 1
                }
            },
            {
                "query": {
                    "x1": -0.8322214846470599,
                    "x2": 13.889777748183176
                },
                "metrics": {
                    "outcome": 58.4002532145511
                },
                "metadata": {
                    "trials": 1
                }
            }
        ],
        [
            {
                "query": {
                    "x1": -0.8076863047445235,
                    "x2": 15.0
                },
                "metrics": {
                    "outcome": 74.8574739381544
                },
                "metadata": {
                    "trials": 1
                }
            },
            {
                "query": {
                    "x1": -0.8052767681744262,
                    "x2": 14.479566033605757
                },
                "metrics": {
                    "outcome": 67.26463021554596
                },
                "metadata": {
                    "trials": 1
                }
            },
            {
                "query": {
                    "x1": -0.8064206233238694,
                    "x2": 13.930628308117926
                },
                "metrics": {
                    "outcome": 59.720555228214124
                },
                "metadata": {
                    "trials": 1
                }
            }
        ],
        [
            {
                "query": {
                    "x1": -0.8076852031995173,
                    "x2": 15.0
                },
                "metrics": {
                    "outcome": 74.85751184427517
                },
                "metadata": {
                    "trials": 1
                }
            },
            {
                "query": {
                    "x1": -0.8036478430544671,
                    "x2": 14.472725428701812
                },
                "metrics": {
                    "outcome": 67.22028838448642
                },
                "metadata": {
                    "trials": 1
                }
            },
            {
                "query": {
                    "x1": -0.8041032569919876,
                    "x2": 13.935909971070537
                },
                "metrics": {
                    "outcome": 59.8607582821604
                },
                "metadata": {
                    "trials": 1
                }
            }
        ],
        [
            {
                "query": {
                    "x1": -0.807684318262612,
                    "x2": 15.0
                },
                "metrics": {
                    "outcome": 74.85754229652272
                },
                "metadata": {
                    "trials": 1
                }
            },
            {
                "query": {
                    "x1": -0.7825371189940656,
                    "x2": 14.461822314266987
                },
                "metrics": {
                    "outcome": 67.74970878158028
                },
                "metadata": {
                    "trials": 1
                }
            },
            {
                "query": {
                    "x1": -0.8152741516195677,
                    "x2": 13.961077122739411
                },
                "metrics": {
                    "outcome": 59.84951612490019
                },
                "metadata": {
                    "trials": 1
                }
            }
        ],
        [
            {
                "query": {
                    "x1": -0.8076853766899007,
                    "x2": 15.0
                },
                "metrics": {
                    "outcome": 74.85750587416317
                },
                "metadata": {
                    "trials": 1
                }
            },
            {
                "query": {
                    "x1": -0.8045808362175588,
                    "x2": 14.47731113217556
                },
                "metrics": {
                    "outcome": 67.25518305575503
                },
                "metadata": {
                    "trials": 1
                }
            },
            {
                "query": {
                    "x1": -0.806167445970773,
                    "x2": 13.927782318737975
                },
                "metrics": {
                    "outcome": 59.69093960932314
                },
                "metadata": {
                    "trials": 1
                }
            }
        ],
        [
            {
                "query": {
                    "x1": 3.2197291239758195,
                    "x2": 2.259566544553601
                },
                "metrics": {
                    "outcome": 0.42918365258873337
                },
                "metadata": {
                    "trials": 1
                }
            },
            {
                "query": {
                    "x1": -3.189403253670152,
                    "x2": 12.3673862496232
                },
                "metrics": {
                    "outcome": 0.40938004633881064
                },
                "metadata": {
                    "trials": 1
                }
            },
            {
                "query": {
                    "x1": 3.160797917474378,
                    "x2": 2.0244996764943712
                },
                "metrics": {
                    "outcome": 0.4551516287689257
                },
                "metadata": {
                    "trials": 1
                }
            }
        ],
        [
            {
                "query": {
                    "x1": 3.005298865472769,
                    "x2": 2.5165843945098283
                },
                "metrics": {
                    "outcome": 0.504594792266575
                },
                "metadata": {
                    "trials": 1
                }
            },
            {
                "query": {
                    "x1": 3.312610562099781,
                    "x2": 2.386506685656044
                },
                "metrics": {
                    "outcome": 0.596090944435975
                },
                "metadata": {
                    "trials": 1
                }
            },
            {
                "query": {
                    "x1": 3.179541937911088,
                    "x2": 2.4197160977181214
                },
                "metrics": {
                    "outcome": 0.43512032912904175
                },
                "metadata": {
                    "trials": 1
                }
            }
        ],
        [
            {
                "query": {
                    "x1": 3.086173794389009,
                    "x2": 2.4556714967832862
                },
                "metrics": {
                    "outcome": 0.4314131289378853
                },
                "metadata": {
                    "trials": 1
                }
            },
            {
                "query": {
                    "x1": 3.0312535012133655,
                    "x2": 2.2748893935693113
                },
                "metrics": {
                    "outcome": 0.4639766102799374
                },
                "metadata": {
                    "trials": 1
                }
            },
            {
                "query": {
                    "x1": 3.104328840406515,
                    "x2": 2.2393875578362765
                },
                "metrics": {
                    "outcome": 0.40875912158368877
                },
                "metadata": {
                    "trials": 1
                }
            }
        ],
        [
            {
                "query": {
                    "x1": 2.9031065518609296,
                    "x2": 2.7365652089055588
                },
                "metrics": {
                    "outcome": 0.7416071472930987
                },
                "metadata": {
                    "trials": 1
                }
            },
            {
                "query": {
                    "x1": 3.216167118489878,
                    "x2": 2.334762171817097
                },
                "metrics": {
                    "outcome": 0.43831149270494585
                },
                "metadata": {
                    "trials": 1
                }
            },
            {
                "query": {
                    "x1": 2.9208759957307526,
                    "x2": 2.6332198198163024
                },
                "metrics": {
                    "outcome": 0.66315442681063
                },
                "metadata": {
                    "trials": 1
                }
            }
        ],
        [
            {
                "query": {
                    "x1": -3.1747581755493317,
                    "x2": 11.882108725212394
                },
                "metrics": {
                    "outcome": 0.6266490859583218
                },
                "metadata": {
                    "trials": 1
                }
            },
            {
                "query": {
                    "x1": 3.076494950056339,
                    "x2": 2.1999471165893336
                },
                "metrics": {
                    "outcome": 0.4341943764087475
                },
                "metadata": {
                    "trials": 1
                }
            },
            {
                "query": {
                    "x1": 3.1639761627989245,
                    "x2": 2.26006705441877
                },
                "metrics": {
                    "outcome": 0.4002987329844121
                },
                "metadata": {
                    "trials": 1
                }
            }
        ],
        [
            {
                "query": {
                    "x1": 9.298198983901436,
                    "x2": 2.8272536023439168
                },
                "metrics": {
                    "outcome": 0.6835169977058904
                },
                "metadata": {
                    "trials": 1
                }
            },
            {
                "query": {
                    "x1": 9.447641635299206,
                    "x2": 3.0162154698063155
                },
                "metrics": {
                    "outcome": 0.6727368785362167
                },
                "metadata": {
                    "trials": 1
                }
            },
            {
                "query": {
                    "x1": 9.277038455496173,
                    "x2": 2.2751813046468117
                },
                "metrics": {
                    "outcome": 0.5085760106918489
                },
                "metadata": {
                    "trials": 1
                }
            }
        ],
        [
            {
                "query": {
                    "x1": -3.203801720464226,
                    "x2": 12.2778000883157
                },
                "metrics": {
                    "outcome": 0.43813006738216487
                },
                "metadata": {
                    "trials": 1
                }
            },
            {
                "query": {
                    "x1": 9.457220729455653,
                    "x2": 2.575909727051493
                },
                "metrics": {
                    "outcome": 0.4083288605838238
                },
                "metadata": {
                    "trials": 1
                }
            },
            {
                "query": {
                    "x1": 9.444849182006124,
                    "x2": 2.486974784848465
                },
                "metrics": {
                    "outcome": 0.39984649481068324
                },
                "metadata": {
                    "trials": 1
                }
            }
        ],
        [
            {
                "query": {
                    "x1": 9.407930278887322,
                    "x2": 2.2991752199895554
                },
                "metrics": {
                    "outcome": 0.4253808239886645
                },
                "metadata": {
                    "trials": 1
                }
            },
            {
                "query": {
                    "x1": 9.573979087013559,
                    "x2": 2.34311032388619
                },
                "metrics": {
                    "outcome": 0.5724881010777612
                },
                "metadata": {
                    "trials": 1
                }
            },
            {
                "query": {
                    "x1": 9.611454584187914,
                    "x2": 2.6073728825363722
                },
                "metrics": {
                    "outcome": 0.5655858875332846
                },
                "metadata": {
                    "trials": 1
                }
            }
        ],
        [
            {
                "query": {
                    "x1": 9.317007078361584,
                    "x2": 2.227846386306747
                },
                "metrics": {
                    "outcome": 0.47847969869975593
                },
                "metadata": {
                    "trials": 1
                }
            },
            {
                "query": {
                    "x1": 9.302477097955292,
                    "x2": 2.772906146044665
                },
                "metrics": {
                    "outcome": 0.6289202323977534
                },
                "metadata": {
                    "trials": 1
                }
            },
            {
                "query": {
                    "x1": 9.389346368438297,
                    "x2": 2.4381618486948393
                },
                "metrics": {
                    "outcome": 0.4039645576358062
                },
                "metadata": {
                    "trials": 1
                }
            }
        ],
        [
            {
                "query": {
                    "x1": 9.322619124909558,
                    "x2": 3.046022532812442
                },
                "metrics": {
                    "outcome": 0.8780855529393108
                },
                "metadata": {
                    "trials": 1
                }
            },
            {
                "query": {
                    "x1": 9.446465459122543,
                    "x2": 3.0742129800672098
                },
                "metrics": {
                    "outcome": 0.7375418616970322
                },
                "metadata": {
                    "trials": 1
                }
            },
            {
                "query": {
                    "x1": 9.323507776301318,
                    "x2": 2.6390231171245473
                },
                "metrics": {
                    "outcome": 0.5086476703594744
                },
                "metadata": {
                    "trials": 1
                }
            }
        ],
        [
            {
                "query": {
                    "x1": -2.9792202398489525,
                    "x2": 11.96385707011224
                },
                "metrics": {
                    "outcome": 0.5299144883372922
                },
                "metadata": {
                    "trials": 1
                }
            },
            {
                "query": {
                    "x1": 9.482932236395433,
                    "x2": 2.4416954284816916
                },
                "metrics": {
                    "outcome": 0.4209747186328805
                },
                "metadata": {
                    "trials": 1
                }
            },
            {
                "query": {
                    "x1": 3.189940596618867,
                    "x2": 2.2949835209426057
                },
                "metrics": {
                    "outcome": 0.41240092311362275
                },
                "metadata": {
                    "trials": 1
                }
            }
        ],
        [
            {
                "query": {
                    "x1": 9.536308104323629,
                    "x2": 2.809817024363433
                },
                "metrics": {
                    "outcome": 0.5147298309164494
                },
                "metadata": {
                    "trials": 1
                }
            },
            {
                "query": {
                    "x1": 9.537447642434966,
                    "x2": 2.5075898256370905
                },
                "metrics": {
                    "outcome": 0.4628771618422096
                },
                "metadata": {
                    "trials": 1
                }
            },
            {
                "query": {
                    "x1": -3.2392517176318143,
                    "x2": 12.44844926137233
                },
                "metrics": {
                    "outcome": 0.44754392539242716
                },
                "metadata": {
                    "trials": 1
                }
            }
        ],
        [
            {
                "query": {
                    "x1": 9.449555857255767,
                    "x2": 2.5348753403914333
                },
                "metrics": {
                    "outcome": 0.40234763543922547
                },
                "metadata": {
                    "trials": 1
                }
            },
            {
                "query": {
                    "x1": 9.500748333994759,
                    "x2": 2.512884655246048
                },
                "metrics": {
                    "outcome": 0.42630927341453706
                },
                "metadata": {
                    "trials": 1
                }
            },
            {
                "query": {
                    "x1": 3.162093887587737,
                    "x2": 2.3724125656590447
                },
                "metrics": {
                    "outcome": 0.41275256797072757
                },
                "metadata": {
                    "trials": 1
                }
            }
        ],
        [
            {
                "query": {
                    "x1": 3.090586656680255,
                    "x2": 2.1994514241490326
                },
                "metrics": {
                    "outcome": 0.42375286985508964
                },
                "metadata": {
                    "trials": 1
                }
            },
            {
                "query": {
                    "x1": 3.101816630786048,
                    "x2": 2.576827082802843
                },
                "metrics": {
                    "outcome": 0.4787082434584615
                },
                "metadata": {
                    "trials": 1
                }
            },
            {
                "query": {
                    "x1": 9.334645227232327,
                    "x2": 2.7299622103103447
                },
                "metrics": {
                    "outcome": 0.5457257660857948
                },
                "metadata": {
                    "trials": 1
                }
            }
        ],
        [
            {
                "query": {
                    "x1": -3.122851571816169,
                    "x2": 12.220918360469126
                },
                "metrics": {
                    "outcome": 0.3996561608158693
                },
                "metadata": {
                    "trials": 1
                }
            },
            {
                "query": {
                    "x1": -3.1056124392276043,
                    "x2": 12.052750985320335
                },
                "metrics": {
                    "outcome": 0.42258365345844595
                },
                "metadata": {
                    "trials": 1
                }
            },
            {
                "query": {
                    "x1": 9.334134894203837,
                    "x2": 2.509576361728917
                },
                "metrics": {
                    "outcome": 0.44940097896288833
                },
                "metadata": {
                    "trials": 1
                }
            }
        ],
        [
            {
                "query": {
                    "x1": 3.3132880805358056,
                    "x2": 2.4302778858749363
                },
                "metrics": {
                    "outcome": 0.6205067093287759
                },
                "metadata": {
                    "trials": 1
                }
            },
            {
                "query": {
                    "x1": 3.082991097759143,
                    "x2": 2.09665456928716
                },
                "metrics": {
                    "outcome": 0.46476592535952044
                },
                "metadata": {
                    "trials": 1
                }
            },
            {
                "query": {
                    "x1": 3.101252083231735,
                    "x2": 2.261676775638353
                },
                "metrics": {
                    "outcome": 0.40772376085704387
                },
                "metadata": {
                    "trials": 1
                }
            }
        ],
        [
            {
                "query": {
                    "x1": -3.31710088282174,
                    "x2": 12.683229754385607
                },
                "metrics": {
                    "outcome": 0.5457033101799436
                },
                "metadata": {
                    "trials": 1
                }
            },
            {
                "query": {
                    "x1": 9.438020474058591,
                    "x2": 2.4823033883736736
                },
                "metrics": {
                    "outcome": 0.39874440766616814
                },
                "metadata": {
                    "trials": 1
                }
            },
            {
                "query": {
                    "x1": 3.259256373112274,
                    "x2": 2.3530373798806115
                },
                "metrics": {
                    "outcome": 0.49250749064198196
                },
                "metadata": {
                    "trials": 1
                }
            }
        ],
        [
            {
                "query": {
                    "x1": 3.0383130440935506,
                    "x2": 2.320959112778101
                },
                "metrics": {
                    "outcome": 0.4503464683869858
                },
                "metadata": {
                    "trials": 1
                }
            },
            {
                "query": {
                    "x1": 3.1268269184003437,
                    "x2": 2.398471311089435
                },
                "metrics": {
                    "outcome": 0.41146196444410776
                },
                "metadata": {
                    "trials": 1
                }
            },
            {
                "query": {
                    "x1": 3.1680585315709546,
                    "x2": 2.2580753819567128
                },
                "metrics": {
                    "outcome": 0.40126316367872406
                },
                "metadata": {
                    "trials": 1
                }
            }
        ],
        [
            {
                "query": {
                    "x1": 3.1380544629806018,
                    "x2": 2.0855874664249328
                },
                "metrics": {
                    "outcome": 0.43487809266885336
                },
                "metadata": {
                    "trials": 1
                }
            },
            {
                "query": {
                    "x1": 3.163071583338848,
                    "x2": 2.57028224342087
                },
                "metrics": {
                    "outcome": 0.49742948210186455
                },
                "metadata": {
                    "trials": 1
                }
            },
            {
                "query": {
                    "x1": 9.37295312552523,
                    "x2": 2.513508543446017
                },
                "metrics": {
                    "outcome": 0.4174830448870974
                },
                "metadata": {
                    "trials": 1
                }
            }
        ],
        [
            {
                "query": {
                    "x1": 3.172477455978383,
                    "x2": 2.1164077403565584
                },
                "metrics": {
                    "outcome": 0.4205917348362185
                },
                "metadata": {
                    "trials": 1
                }
            },
            {
                "query": {
                    "x1": -3.1002555218440797,
                    "x2": 12.351623853659364
                },
                "metrics": {
                    "outcome": 0.436976741698496
                },
                "metadata": {
                    "trials": 1
                }
            },
            {
                "query": {
                    "x1": 9.42373236531758,
                    "x2": 2.2131435286765315
                },
                "metrics": {
                    "outcome": 0.4660003644110411
                },
                "metadata": {
                    "trials": 1
                }
            }
        ],
        [
            {
                "query": {
                    "x1": 9.477545506867633,
                    "x2": 2.7553777240328015
                },
                "metrics": {
                    "outcome": 0.46671615600926053
                },
                "metadata": {
                    "trials": 1
                }
            },
            {
                "query": {
                    "x1": 3.1119813846970974,
                    "x2": 2.66336743181111
                },
                "metrics": {
                    "outcome": 0.5354396961235306
                },
                "metadata": {
                    "trials": 1
                }
            },
            {
                "query": {
                    "x1": 9.398622907769886,
                    "x2": 2.1992205999144696
                },
                "metrics": {
                    "outcome": 0.4655887069837199
                },
                "metadata": {
                    "trials": 1
                }
            }
        ],
        [
            {
                "query": {
                    "x1": 9.278057583066738,
                    "x2": 2.5879589172174273
                },
                "metrics": {
                    "outcome": 0.5557815954328156
                },
                "metadata": {
                    "trials": 1
                }
            },
            {
                "query": {
                    "x1": 9.497520440071016,
                    "x2": 2.7011263939517987
                },
                "metrics": {
                    "outcome": 0.45020402390802694
                },
                "metadata": {
                    "trials": 1
                }
            },
            {
                "query": {
                    "x1": 9.424470700559809,
                    "x2": 2.369134576399112
                },
                "metrics": {
                    "outcome": 0.40904049214969973
                },
                "metadata": {
                    "trials": 1
                }
            }
        ],
        [
            {
                "query": {
                    "x1": 3.3023512903108703,
                    "x2": 2.049072368878454
                },
                "metrics": {
                    "outcome": 0.5324903094268834
                },
                "metadata": {
                    "trials": 1
                }
            },
            {
                "query": {
                    "x1": -3.0628454962442024,
                    "x2": 12.097443339339149
                },
                "metrics": {
                    "outcome": 0.42776248124937055
                },
                "metadata": {
                    "trials": 1
                }
            },
            {
                "query": {
                    "x1": -3.1488082353016167,
                    "x2": 12.813994564175117
                },
                "metrics": {
                    "outcome": 0.6702529835242839
                },
                "metadata": {
                    "trials": 1
                }
            }
        ],
        [
            {
                "query": {
                    "x1": 9.62946330767077,
                    "x2": 2.7221343601057946
                },
                "metrics": {
                    "outcome": 0.6031016216983378
                },
                "metadata": {
                    "trials": 1
                }
            },
            {
                "query": {
                    "x1": 3.218410195585884,
                    "x2": 2.3000480320670884
                },
                "metrics": {
                    "outcome": 0.43329254152356
                },
                "metadata": {
                    "trials": 1
                }
            },
            {
                "query": {
                    "x1": -3.2471893861004304,
                    "x2": 12.424065767964692
                },
                "metrics": {
                    "outcome": 0.4626402304021724
                },
                "metadata": {
                    "trials": 1
                }
            }
        ],
        [
            {
                "query": {
                    "x1": 3.177640782686602,
                    "x2": 2.1524915865284
                },
                "metrics": {
                    "outcome": 0.4130678151561984
                },
                "metadata": {
                    "trials": 1
                }
            },
            {
                "query": {
                    "x1": -3.1650116180351393,
                    "x2": 12.287646566649995
                },
                "metrics": {
                    "outcome": 0.4024305520410216
                },
                "metadata": {
                    "trials": 1
                }
            },
            {
                "query": {
                    "x1": 9.485094125597719,
                    "x2": 2.712518908630136
                },
                "metrics": {
                    "outcome": 0.450008125571868
                },
                "metadata": {
                    "trials": 1
                }
            }
        ]
    ]
}