{
    "date": "04/11/2022 14:01:07",
    "basic_params": {
        "active_variables": [
            "x1",
            "x2"
        ],
        "default_query": {},
        "metric": "basic",
        "n_trials": 1
    },
    "objective_function": {
        "name": "Goldstein",
        "params": {}
    },
    "optimizer": {
        "name": "BBO-LP(LCBa)",
        "params": {
            "lower_bound": [
                -2.0,
                -2.0
            ],
            "upper_bound": [
                2.0,
                2.0
            ],
            "invert_metric": false,
            "bopt_params": {
                "n_init_samples": 15,
                "n_iterations": 45,
                "n_iter_relearn": 5,
                "verbose_level": 1,
                "n_parallel_samples": 3,
                "par_type": "PAR_BBO",
                "crit_name": "cLP(cLCBa)",
                "n_crit_params": 3,
                "crit_params": [
                    3,
                    1,
                    5.0
                ]
            }
        }
    },
    "iterations": [
        [
            {
                "query": {
                    "x1": 1.0393941319237152,
                    "x2": 0.864020562109848
                },
                "metrics": {
                    "outcome": 1044.8946857457386
                },
                "metadata": {
                    "trials": 1
                }
            }
        ],
        [
            {
                "query": {
                    "x1": -0.4328617239991823,
                    "x2": 0.13683396484702826
                },
                "metrics": {
                    "outcome": 1266.7453918961223
                },
                "metadata": {
                    "trials": 1
                }
            }
        ],
        [
            {
                "query": {
                    "x1": -1.714805565898617,
                    "x2": 1.6803757142896454
                },
                "metrics": {
                    "outcome": 507771.1882219515
                },
                "metadata": {
                    "trials": 1
                }
            }
        ],
        [
            {
                "query": {
                    "x1": -0.7757696559652687,
                    "x2": 1.308162429618339
                },
                "metrics": {
                    "outcome": 177494.06680263433
                },
                "metadata": {
                    "trials": 1
                }
            }
        ],
        [
            {
                "query": {
                    "x1": 1.9751002455751103,
                    "x2": 0.6654978552212318
                },
                "metrics": {
                    "outcome": 926.1561676636866
                },
                "metadata": {
                    "trials": 1
                }
            }
        ],
        [
            {
                "query": {
                    "x1": 1.6369714703410865,
                    "x2": -0.872153851389885
                },
                "metrics": {
                    "outcome": 32167.594566757907
                },
                "metadata": {
                    "trials": 1
                }
            }
        ],
        [
            {
                "query": {
                    "x1": -1.3667323492467403,
                    "x2": 1.0652940436576803
                },
                "metrics": {
                    "outcome": 96052.07911339517
                },
                "metadata": {
                    "trials": 1
                }
            }
        ],
        [
            {
                "query": {
                    "x1": 0.5581857489421962,
                    "x2": -1.350303070805967
                },
                "metrics": {
                    "outcome": 1052.422594784115
                },
                "metadata": {
                    "trials": 1
                }
            }
        ],
        [
            {
                "query": {
                    "x1": 1.37182592737178,
                    "x2": -0.47602352406829596
                },
                "metrics": {
                    "outcome": 2966.2592217607253
                },
                "metadata": {
                    "trials": 1
                }
            }
        ],
        [
            {
                "query": {
                    "x1": -1.1770916279405355,
                    "x2": -1.5092264773945014
                },
                "metrics": {
                    "outcome": 3956.6195162151394
                },
                "metadata": {
                    "trials": 1
                }
            }
        ],
        [
            {
                "query": {
                    "x1": 0.043173136251668076,
                    "x2": -0.2596954589709639
                },
                "metrics": {
                    "outcome": 508.3311265902725
                },
                "metadata": {
                    "trials": 1
                }
            }
        ],
        [
            {
                "query": {
                    "x1": 0.7002669967710973,
                    "x2": 1.961490044866999
                },
                "metrics": {
                    "outcome": 125217.99959021006
                },
                "metadata": {
                    "trials": 1
                }
            }
        ],
        [
            {
                "query": {
                    "x1": 0.27362600906441603,
                    "x2": -0.053472123481333345
                },
                "metrics": {
                    "outcome": 849.4957917731175
                },
                "metadata": {
                    "trials": 1
                }
            }
        ],
        [
            {
                "query": {
                    "x1": -1.814898576339086,
                    "x2": -1.972153472652038
                },
                "metrics": {
                    "outcome": 13272.389692519495
                },
                "metadata": {
                    "trials": 1
                }
            }
        ],
        [
            {
                "query": {
                    "x1": -0.38670072034001346,
                    "x2": -1.111272143572569
                },
                "metrics": {
                    "outcome": 105.30117447950063
                },
                "metadata": {
                    "trials": 1
                }
            }
        ],
        [
            {
                "query": {
                    "x1": -0.4444444444444444,
                    "x2": -1.3333333333333333
                },
                "metrics": {
                    "outcome": 115.57942859341367
                },
                "metadata": {
                    "trials": 1
                }
            },
            {
                "query": {
                    "x1": -0.4444444444444444,
                    "x2": -1.3333333333333333
                },
                "metrics": {
                    "outcome": 115.57942859341367
                },
                "metadata": {
                    "trials": 1
                }
            },
            {
                "query": {
                    "x1": -0.4444444444444444,
                    "x2": -1.3333333333333333
                },
                "metrics": {
                    "outcome": 115.57942859341367
                },
                "metadata": {
                    "trials": 1
                }
            }
        ],
        [
            {
                "query": {
                    "x1": 1.8833333333333417,
                    "x2": -0.10000000000000009
                },
                "metrics": {
                    "outcome": 2068.9325426074975
                },
                "metadata": {
                    "trials": 1
                }
            },
            {
                "query": {
                    "x1": 1.8833333333333417,
                    "x2": -0.10000000000000009
                },
                "metrics": {
                    "outcome": 2068.9325426074975
                },
                "metadata": {
                    "trials": 1
                }
            },
            {
                "query": {
                    "x1": 1.8833333333333417,
                    "x2": -0.10000000000000009
                },
                "metrics": {
                    "outcome": 2068.9325426074975
                },
                "metadata": {
                    "trials": 1
                }
            }
        ],
        [
            {
                "query": {
                    "x1": -0.4287818156415264,
                    "x2": -1.1522349644676062
                },
                "metrics": {
                    "outcome": 131.92001164519002
                },
                "metadata": {
                    "trials": 1
                }
            },
            {
                "query": {
                    "x1": -0.424570639828699,
                    "x2": -1.1554358538201273
                },
                "metrics": {
                    "outcome": 125.25915072225911
                },
                "metadata": {
                    "trials": 1
                }
            },
            {
                "query": {
                    "x1": -0.42844343959332676,
                    "x2": -1.1520634498976816
                },
                "metrics": {
                    "outcome": 131.6149223220384
                },
                "metadata": {
                    "trials": 1
                }
            }
        ],
        [
            {
                "query": {
                    "x1": -0.15629455260947744,
                    "x2": -1.292263352654166
                },
                "metrics": {
                    "outcome": 186.6730715969419
                },
                "metadata": {
                    "trials": 1
                }
            },
            {
                "query": {
                    "x1": -0.15629455260947744,
                    "x2": -1.292263352654166
                },
                "metrics": {
                    "outcome": 186.6730715969419
                },
                "metadata": {
                    "trials": 1
                }
            },
            {
                "query": {
                    "x1": -0.15629455260947744,
                    "x2": -1.292263352654166
                },
                "metrics": {
                    "outcome": 186.6730715969419
                },
                "metadata": {
                    "trials": 1
                }
            }
        ],
        [
            {
                "query": {
                    "x1": -0.4263835421792028,
                    "x2": -1.0931776269624973
                },
                "metrics": {
                    "outcome": 156.46457959826068
                },
                "metadata": {
                    "trials": 1
                }
            },
            {
                "query": {
                    "x1": -0.4332574371976772,
                    "x2": -1.091511914645753
                },
                "metrics": {
                    "outcome": 166.06584349553705
                },
                "metadata": {
                    "trials": 1
                }
            },
            {
                "query": {
                    "x1": -0.4290072197015331,
                    "x2": -1.0925364301329852
                },
                "metrics": {
                    "outcome": 160.08684983981402
                },
                "metadata": {
                    "trials": 1
                }
            }
        ],
        [
            {
                "query": {
                    "x1": -0.3482643404247592,
                    "x2": -1.1553000617794282
                },
                "metrics": {
                    "outcome": 60.23132306253268
                },
                "metadata": {
                    "trials": 1
                }
            },
            {
                "query": {
                    "x1": -0.34641533513157796,
                    "x2": -1.158228700287908
                },
                "metrics": {
                    "outcome": 58.3569649969057
                },
                "metadata": {
                    "trials": 1
                }
            },
            {
                "query": {
                    "x1": -0.3461221860321255,
                    "x2": -1.1532945035900997
                },
                "metrics": {
                    "outcome": 59.50681151180773
                },
                "metadata": {
                    "trials": 1
                }
            }
        ],
        [
            {
                "query": {
                    "x1": -0.2992444098720779,
                    "x2": -1.17295052431751
                },
                "metrics": {
                    "outcome": 36.308227667114366
                },
                "metadata": {
                    "trials": 1
                }
            },
            {
                "query": {
                    "x1": -0.3005939963817126,
                    "x2": -1.1728006843612322
                },
                "metrics": {
                    "outcome": 36.69123360182756
                },
                "metadata": {
                    "trials": 1
                }
            },
            {
                "query": {
                    "x1": -0.301337165386925,
                    "x2": -1.172722665941225
                },
                "metrics": {
                    "outcome": 36.90611885283149
                },
                "metadata": {
                    "trials": 1
                }
            }
        ],
        [
            {
                "query": {
                    "x1": -0.28724074102495667,
                    "x2": -1.1838095728742037
                },
                "metrics": {
                    "outcome": 33.89032387090843
                },
                "metadata": {
                    "trials": 1
                }
            },
            {
                "query": {
                    "x1": -0.28724066719610364,
                    "x2": -1.1838094807966322
                },
                "metrics": {
                    "outcome": 33.89030193791998
                },
                "metadata": {
                    "trials": 1
                }
            },
            {
                "query": {
                    "x1": -0.28724063019890234,
                    "x2": -1.1838094731160855
                },
                "metrics": {
                    "outcome": 33.89029446739972
                },
                "metadata": {
                    "trials": 1
                }
            }
        ],
        [
            {
                "query": {
                    "x1": -0.28721552941925377,
                    "x2": -1.1833793390553726
                },
                "metrics": {
                    "outcome": 33.84692530705882
                },
                "metadata": {
                    "trials": 1
                }
            },
            {
                "query": {
                    "x1": -0.2872153317541992,
                    "x2": -1.1833794131402984
                },
                "metrics": {
                    "outcome": 33.84689537120463
                },
                "metadata": {
                    "trials": 1
                }
            },
            {
                "query": {
                    "x1": -0.28721513970631674,
                    "x2": -1.1833793531092724
                },
                "metrics": {
                    "outcome": 33.84685458048874
                },
                "metadata": {
                    "trials": 1
                }
            }
        ],
        [
            {
                "query": {
                    "x1": -0.2871917049794275,
                    "x2": -1.1834126851873572
                },
                "metrics": {
                    "outcome": 33.845490552704184
                },
                "metadata": {
                    "trials": 1
                }
            },
            {
                "query": {
                    "x1": -0.2871915320472793,
                    "x2": -1.1834126410020276
                },
                "metrics": {
                    "outcome": 33.84545472328667
                },
                "metadata": {
                    "trials": 1
                }
            },
            {
                "query": {
                    "x1": -0.287191948346879,
                    "x2": -1.1834127094998181
                },
                "metrics": {
                    "outcome": 33.845537605048456
                },
                "metadata": {
                    "trials": 1
                }
            }
        ],
        [
            {
                "query": {
                    "x1": -0.28562146688054035,
                    "x2": -1.1830482455563032
                },
                "metrics": {
                    "outcome": 33.52613647522356
                },
                "metadata": {
                    "trials": 1
                }
            },
            {
                "query": {
                    "x1": -0.2856216569318253,
                    "x2": -1.183048218212624
                },
                "metrics": {
                    "outcome": 33.5261681387449
                },
                "metadata": {
                    "trials": 1
                }
            },
            {
                "query": {
                    "x1": -0.28562136605075916,
                    "x2": -1.1830483634798838
                },
                "metrics": {
                    "outcome": 33.52612932013565
                },
                "metadata": {
                    "trials": 1
                }
            }
        ],
        [
            {
                "query": {
                    "x1": -0.28407970077024713,
                    "x2": -1.1828200892989416
                },
                "metrics": {
                    "outcome": 33.2304766520604
                },
                "metadata": {
                    "trials": 1
                }
            },
            {
                "query": {
                    "x1": -0.2840801264476569,
                    "x2": -1.1828198080394272
                },
                "metrics": {
                    "outcome": 33.2305235855399
                },
                "metadata": {
                    "trials": 1
                }
            },
            {
                "query": {
                    "x1": -0.28407968020491237,
                    "x2": -1.1828197307527772
                },
                "metrics": {
                    "outcome": 33.230437816557135
                },
                "metadata": {
                    "trials": 1
                }
            }
        ],
        [
            {
                "query": {
                    "x1": -0.280829815422287,
                    "x2": -1.1822695562138028
                },
                "metrics": {
                    "outcome": 32.62013687238777
                },
                "metadata": {
                    "trials": 1
                }
            },
            {
                "query": {
                    "x1": -0.2808301322179343,
                    "x2": -1.1822692476229042
                },
                "metrics": {
                    "outcome": 32.62015590262629
                },
                "metadata": {
                    "trials": 1
                }
            },
            {
                "query": {
                    "x1": -0.2808303451452001,
                    "x2": -1.1822696587081318
                },
                "metrics": {
                    "outcome": 32.620235627218705
                },
                "metadata": {
                    "trials": 1
                }
            }
        ],
        [
            {
                "query": {
                    "x1": -0.2747885459754933,
                    "x2": -1.1813607613541386
                },
                "metrics": {
                    "outcome": 31.5675604436533
                },
                "metadata": {
                    "trials": 1
                }
            },
            {
                "query": {
                    "x1": -0.27478886317891793,
                    "x2": -1.1813606344594723
                },
                "metrics": {
                    "outcome": 31.567591187268427
                },
                "metadata": {
                    "trials": 1
                }
            },
            {
                "query": {
                    "x1": -0.2747893002637736,
                    "x2": -1.1813605836322245
                },
                "metrics": {
                    "outcome": 31.567649304388123
                },
                "metadata": {
                    "trials": 1
                }
            }
        ],
        [
            {
                "query": {
                    "x1": -0.2685150313245781,
                    "x2": -1.1806330893362644
                },
                "metrics": {
                    "outcome": 30.598779765678337
                },
                "metadata": {
                    "trials": 1
                }
            },
            {
                "query": {
                    "x1": -0.2685158726398147,
                    "x2": -1.180632977696503
                },
                "metrics": {
                    "outcome": 30.598872220497483
                },
                "metadata": {
                    "trials": 1
                }
            },
            {
                "query": {
                    "x1": -0.2685154163384571,
                    "x2": -1.18063289772031
                },
                "metrics": {
                    "outcome": 30.598801362949995
                },
                "metadata": {
                    "trials": 1
                }
            }
        ],
        [
            {
                "query": {
                    "x1": -0.26456594251880317,
                    "x2": -1.1802106314616112
                },
                "metrics": {
                    "outcome": 30.044663716399945
                },
                "metadata": {
                    "trials": 1
                }
            },
            {
                "query": {
                    "x1": -0.2645650401932924,
                    "x2": -1.1802109843460848
                },
                "metrics": {
                    "outcome": 30.04461344334312
                },
                "metadata": {
                    "trials": 1
                }
            },
            {
                "query": {
                    "x1": -0.26456382270821477,
                    "x2": -1.1802111870970406
                },
                "metrics": {
                    "outcome": 30.04450183700872
                },
                "metadata": {
                    "trials": 1
                }
            }
        ],
        [
            {
                "query": {
                    "x1": -0.2623228421243502,
                    "x2": -1.1799095539383426
                },
                "metrics": {
                    "outcome": 29.736598496014697
                },
                "metadata": {
                    "trials": 1
                }
            },
            {
                "query": {
                    "x1": -0.26232338332422644,
                    "x2": -1.1799094114773698
                },
                "metrics": {
                    "outcome": 29.73663559866897
                },
                "metadata": {
                    "trials": 1
                }
            },
            {
                "query": {
                    "x1": -0.2623223391069138,
                    "x2": -1.1799100404331664
                },
                "metrics": {
                    "outcome": 29.736623081419072
                },
                "metadata": {
                    "trials": 1
                }
            }
        ],
        [
            {
                "query": {
                    "x1": -0.2609410010013926,
                    "x2": -1.1796343255232011
                },
                "metrics": {
                    "outcome": 29.537024697092974
                },
                "metadata": {
                    "trials": 1
                }
            },
            {
                "query": {
                    "x1": -0.26094165015117077,
                    "x2": -1.1796343528329682
                },
                "metrics": {
                    "outcome": 29.537100272660336
                },
                "metadata": {
                    "trials": 1
                }
            },
            {
                "query": {
                    "x1": -0.26093856247284486,
                    "x2": -1.1796344883883958
                },
                "metrics": {
                    "outcome": 29.536786000174338
                },
                "metadata": {
                    "trials": 1
                }
            }
        ],
        [
            {
                "query": {
                    "x1": -0.26001386486269595,
                    "x2": -1.1793403250601495
                },
                "metrics": {
                    "outcome": 29.386249236714416
                },
                "metadata": {
                    "trials": 1
                }
            },
            {
                "query": {
                    "x1": -0.26001575144506184,
                    "x2": -1.1793401601951565
                },
                "metrics": {
                    "outcome": 29.38642385249774
                },
                "metadata": {
                    "trials": 1
                }
            },
            {
                "query": {
                    "x1": -0.26001511067767,
                    "x2": -1.1793402052657993
                },
                "metrics": {
                    "outcome": 29.386362667817373
                },
                "metadata": {
                    "trials": 1
                }
            }
        ],
        [
            {
                "query": {
                    "x1": -0.259358719144563,
                    "x2": -1.1789953869389986
                },
                "metrics": {
                    "outcome": 29.25676207262359
                },
                "metadata": {
                    "trials": 1
                }
            },
            {
                "query": {
                    "x1": -0.25935789968386347,
                    "x2": -1.1789955280054372
                },
                "metrics": {
                    "outcome": 29.256698704398282
                },
                "metadata": {
                    "trials": 1
                }
            },
            {
                "query": {
                    "x1": -0.2593593024689267,
                    "x2": -1.1789954842537615
                },
                "metrics": {
                    "outcome": 29.25684114306436
                },
                "metadata": {
                    "trials": 1
                }
            }
        ],
        [
            {
                "query": {
                    "x1": -0.2588875362815066,
                    "x2": -1.1785660071990542
                },
                "metrics": {
                    "outcome": 29.13286818496718
                },
                "metadata": {
                    "trials": 1
                }
            },
            {
                "query": {
                    "x1": -0.25888893345441777,
                    "x2": -1.1785661214409497
                },
                "metrics": {
                    "outcome": 29.133037332050783
                },
                "metadata": {
                    "trials": 1
                }
            },
            {
                "query": {
                    "x1": -0.25888802096810526,
                    "x2": -1.178566285674358
                },
                "metrics": {
                    "outcome": 29.132967578816277
                },
                "metadata": {
                    "trials": 1
                }
            }
        ],
        [
            {
                "query": {
                    "x1": -0.25855626883410765,
                    "x2": -1.1780136645536146
                },
                "metrics": {
                    "outcome": 29.003780236452023
                },
                "metadata": {
                    "trials": 1
                }
            },
            {
                "query": {
                    "x1": -0.2585554467613904,
                    "x2": -1.1780140064105813
                },
                "metrics": {
                    "outcome": 29.0037486167254
                },
                "metadata": {
                    "trials": 1
                }
            },
            {
                "query": {
                    "x1": -0.2585570657451275,
                    "x2": -1.1780136038719546
                },
                "metrics": {
                    "outcome": 29.003856313578513
                },
                "metadata": {
                    "trials": 1
                }
            }
        ],
        [
            {
                "query": {
                    "x1": -0.25832906347706275,
                    "x2": -1.177296491479378
                },
                "metrics": {
                    "outcome": 28.860140974693625
                },
                "metadata": {
                    "trials": 1
                }
            },
            {
                "query": {
                    "x1": -0.2583299724910446,
                    "x2": -1.1772964689589587
                },
                "metrics": {
                    "outcome": 28.86023754731684
                },
                "metadata": {
                    "trials": 1
                }
            },
            {
                "query": {
                    "x1": -0.2583295334179576,
                    "x2": -1.1772960814884152
                },
                "metrics": {
                    "outcome": 28.86012574738345
                },
                "metadata": {
                    "trials": 1
                }
            }
        ],
        [
            {
                "query": {
                    "x1": -0.25816386794757196,
                    "x2": -1.1763875743082182
                },
                "metrics": {
                    "outcome": 28.695631657355282
                },
                "metadata": {
                    "trials": 1
                }
            },
            {
                "query": {
                    "x1": -0.25816343450744017,
                    "x2": -1.1763879855482178
                },
                "metrics": {
                    "outcome": 28.69564747902869
                },
                "metadata": {
                    "trials": 1
                }
            },
            {
                "query": {
                    "x1": -0.25816486936188565,
                    "x2": -1.1763867361742961
                },
                "metrics": {
                    "outcome": 28.69561278775744
                },
                "metadata": {
                    "trials": 1
                }
            }
        ],
        [
            {
                "query": {
                    "x1": -0.2580022825316499,
                    "x2": -1.1753051706053972
                },
                "metrics": {
                    "outcome": 28.509944465762345
                },
                "metadata": {
                    "trials": 1
                }
            },
            {
                "query": {
                    "x1": -0.2580027442436057,
                    "x2": -1.175304873037112
                },
                "metrics": {
                    "outcome": 28.5099534801133
                },
                "metadata": {
                    "trials": 1
                }
            },
            {
                "query": {
                    "x1": -0.25800177839173033,
                    "x2": -1.17530498515924
                },
                "metrics": {
                    "outcome": 28.50985757963615
                },
                "metadata": {
                    "trials": 1
                }
            }
        ],
        [
            {
                "query": {
                    "x1": -0.2577974636877778,
                    "x2": -1.1741301822201495
                },
                "metrics": {
                    "outcome": 28.31249205556708
                },
                "metadata": {
                    "trials": 1
                }
            },
            {
                "query": {
                    "x1": -0.25779797539560434,
                    "x2": -1.174129632573532
                },
                "metrics": {
                    "outcome": 28.312474728645
                },
                "metadata": {
                    "trials": 1
                }
            },
            {
                "query": {
                    "x1": -0.25779863485638876,
                    "x2": -1.1741299120840063
                },
                "metrics": {
                    "outcome": 28.3125944260369
                },
                "metadata": {
                    "trials": 1
                }
            }
        ],
        [
            {
                "query": {
                    "x1": -0.2575488536968287,
                    "x2": -1.172973257478957
                },
                "metrics": {
                    "outcome": 28.119669298365626
                },
                "metadata": {
                    "trials": 1
                }
            },
            {
                "query": {
                    "x1": -0.2575482636073769,
                    "x2": -1.172973537930694
                },
                "metrics": {
                    "outcome": 28.119634508825026
                },
                "metadata": {
                    "trials": 1
                }
            },
            {
                "query": {
                    "x1": -0.25754920545385973,
                    "x2": -1.1729727424418954
                },
                "metrics": {
                    "outcome": 28.11964237839732
                },
                "metadata": {
                    "trials": 1
                }
            }
        ],
        [
            {
                "query": {
                    "x1": -0.2572879020575185,
                    "x2": -1.1719219930179419
                },
                "metrics": {
                    "outcome": 27.945966664907402
                },
                "metadata": {
                    "trials": 1
                }
            },
            {
                "query": {
                    "x1": -0.2572875982962186,
                    "x2": -1.1719224666796595
                },
                "metrics": {
                    "outcome": 27.94599015635472
                },
                "metadata": {
                    "trials": 1
                }
            },
            {
                "query": {
                    "x1": -0.2572881259351787,
                    "x2": -1.1719214548444081
                },
                "metrics": {
                    "outcome": 27.945924563048756
                },
                "metadata": {
                    "trials": 1
                }
            }
        ],
        [
            {
                "query": {
                    "x1": -0.25704687546089544,
                    "x2": -1.1710139867923208
                },
                "metrics": {
                    "outcome": 27.79821924373052
                },
                "metadata": {
                    "trials": 1
                }
            },
            {
                "query": {
                    "x1": -0.25704613870804716,
                    "x2": -1.1710140252514496
                },
                "metrics": {
                    "outcome": 27.79812856125438
                },
                "metadata": {
                    "trials": 1
                }
            },
            {
                "query": {
                    "x1": -0.25704759138733335,
                    "x2": -1.1710136069710941
                },
                "metrics": {
                    "outcome": 27.798264160565285
                },
                "metadata": {
                    "trials": 1
                }
            }
        ],
        [
            {
                "query": {
                    "x1": -0.25684022562191133,
                    "x2": -1.1702493101020663
                },
                "metrics": {
                    "outcome": 27.676295960271446
                },
                "metadata": {
                    "trials": 1
                }
            },
            {
                "query": {
                    "x1": -0.2568413536535572,
                    "x2": -1.1702490255790772
                },
                "metrics": {
                    "outcome": 27.676409891843207
                },
                "metadata": {
                    "trials": 1
                }
            },
            {
                "query": {
                    "x1": -0.25683889335945675,
                    "x2": -1.170248887346657
                },
                "metrics": {
                    "outcome": 27.67606877838763
                },
                "metadata": {
                    "trials": 1
                }
            }
        ],
        [
            {
                "query": {
                    "x1": -0.2566687434579231,
                    "x2": -1.1696100590979097
                },
                "metrics": {
                    "outcome": 27.576593483162824
                },
                "metadata": {
                    "trials": 1
                }
            },
            {
                "query": {
                    "x1": -0.2566692783382283,
                    "x2": -1.1696096803384721
                },
                "metrics": {
                    "outcome": 27.576619961027674
                },
                "metadata": {
                    "trials": 1
                }
            },
            {
                "query": {
                    "x1": -0.25666885629016734,
                    "x2": -1.1696094287615968
                },
                "metrics": {
                    "outcome": 27.576533737980913
                },
                "metadata": {
                    "trials": 1
                }
            }
        ],
        [
            {
                "query": {
                    "x1": -0.25652763481145247,
                    "x2": -1.1690731590123464
                },
                "metrics": {
                    "outcome": 27.494678165390987
                },
                "metadata": {
                    "trials": 1
                }
            },
            {
                "query": {
                    "x1": -0.2565280316819729,
                    "x2": -1.1690728586178385
                },
                "metrics": {
                    "outcome": 27.494696946252823
                },
                "metadata": {
                    "trials": 1
                }
            },
            {
                "query": {
                    "x1": -0.2565259780849378,
                    "x2": -1.1690731826731726
                },
                "metrics": {
                    "outcome": 27.494457215729387
                },
                "metadata": {
                    "trials": 1
                }
            }
        ],
        [
            {
                "query": {
                    "x1": -0.25641241376473767,
                    "x2": -1.168617353866082
                },
                "metrics": {
                    "outcome": 27.426779464768583
                },
                "metadata": {
                    "trials": 1
                }
            },
            {
                "query": {
                    "x1": -0.25641158320234325,
                    "x2": -1.1686171434293362
                },
                "metrics": {
                    "outcome": 27.426642393889292
                },
                "metadata": {
                    "trials": 1
                }
            },
            {
                "query": {
                    "x1": -0.2564124440321771,
                    "x2": -1.1686169644089206
                },
                "metrics": {
                    "outcome": 27.426739394591362
                },
                "metadata": {
                    "trials": 1
                }
            }
        ],
        [
            {
                "query": {
                    "x1": -0.2563149971002343,
                    "x2": -1.168225440128817
                },
                "metrics": {
                    "outcome": 27.369377233626707
                },
                "metadata": {
                    "trials": 1
                }
            },
            {
                "query": {
                    "x1": -0.2563160308546526,
                    "x2": -1.1682255370914558
                },
                "metrics": {
                    "outcome": 27.36953004218367
                },
                "metadata": {
                    "trials": 1
                }
            },
            {
                "query": {
                    "x1": -0.25631520776597494,
                    "x2": -1.1682257925430748
                },
                "metrics": {
                    "outcome": 27.36944544346136
                },
                "metadata": {
                    "trials": 1
                }
            }
        ],
        [
            {
                "query": {
                    "x1": -0.2562350437790717,
                    "x2": -1.1678847446925729
                },
                "metrics": {
                    "outcome": 27.320694646904464
                },
                "metadata": {
                    "trials": 1
                }
            },
            {
                "query": {
                    "x1": -0.25623260122223357,
                    "x2": -1.1678848997390991
                },
                "metrics": {
                    "outcome": 27.320373810482348
                },
                "metadata": {
                    "trials": 1
                }
            },
            {
                "query": {
                    "x1": -0.2562354972244618,
                    "x2": -1.1678846733128827
                },
                "metrics": {
                    "outcome": 27.32074953975866
                },
                "metadata": {
                    "trials": 1
                }
            }
        ],
        [
            {
                "query": {
                    "x1": -0.25616627975618034,
                    "x2": -1.1675844451200144
                },
                "metrics": {
                    "outcome": 27.278461124615138
                },
                "metadata": {
                    "trials": 1
                }
            },
            {
                "query": {
                    "x1": -0.2561614422262517,
                    "x2": -1.1675863832937232
                },
                "metrics": {
                    "outcome": 27.277997508874424
                },
                "metadata": {
                    "trials": 1
                }
            },
            {
                "query": {
                    "x1": -0.25616668424134903,
                    "x2": -1.1675838219371852
                },
                "metrics": {
                    "outcome": 27.2784500573013
                },
                "metadata": {
                    "trials": 1
                }
            }
        ],
        [
            {
                "query": {
                    "x1": -0.2561062998770425,
                    "x2": -1.1673166778708064
                },
                "metrics": {
                    "outcome": 27.24133687288802
                },
                "metadata": {
                    "trials": 1
                }
            },
            {
                "query": {
                    "x1": -0.2561053020105786,
                    "x2": -1.1673158575887825
                },
                "metrics": {
                    "outcome": 27.241109744611038
                },
                "metadata": {
                    "trials": 1
                }
            },
            {
                "query": {
                    "x1": -0.2561080924653161,
                    "x2": -1.1673161360272837
                },
                "metrics": {
                    "outcome": 27.24152987477585
                },
                "metadata": {
                    "trials": 1
                }
            }
        ],
        [
            {
                "query": {
                    "x1": -0.2560547233752877,
                    "x2": -1.1670754030538053
                },
                "metrics": {
                    "outcome": 27.208513379449744
                },
                "metadata": {
                    "trials": 1
                }
            },
            {
                "query": {
                    "x1": -0.25605533403838,
                    "x2": -1.167075649271526
                },
                "metrics": {
                    "outcome": 27.20862519428642
                },
                "metadata": {
                    "trials": 1
                }
            },
            {
                "query": {
                    "x1": -0.256054180794121,
                    "x2": -1.1670753509229477
                },
                "metrics": {
                    "outcome": 27.208431599936915
                },
                "metadata": {
                    "trials": 1
                }
            }
        ],
        [
            {
                "query": {
                    "x1": -0.256008923522254,
                    "x2": -1.166856187824949
                },
                "metrics": {
                    "outcome": 27.17907320777569
                },
                "metadata": {
                    "trials": 1
                }
            },
            {
                "query": {
                    "x1": -0.2560084506320872,
                    "x2": -1.1668564984055099
                },
                "metrics": {
                    "outcome": 27.179038818854725
                },
                "metadata": {
                    "trials": 1
                }
            },
            {
                "query": {
                    "x1": -0.2560093977202966,
                    "x2": -1.1668543729543328
                },
                "metrics": {
                    "outcome": 27.178950916410546
                },
                "metadata": {
                    "trials": 1
                }
            }
        ],
        [
            {
                "query": {
                    "x1": -0.25596846975469845,
                    "x2": -1.1666551449671347
                },
                "metrics": {
                    "outcome": 27.15248811733037
                },
                "metadata": {
                    "trials": 1
                }
            },
            {
                "query": {
                    "x1": -0.25596785505182873,
                    "x2": -1.166655089266483
                },
                "metrics": {
                    "outcome": 27.15239520824026
                },
                "metadata": {
                    "trials": 1
                }
            },
            {
                "query": {
                    "x1": -0.2559687384766032,
                    "x2": -1.1666550731363032
                },
                "metrics": {
                    "outcome": 27.152518804112567
                },
                "metadata": {
                    "trials": 1
                }
            }
        ],
        [
            {
                "query": {
                    "x1": -0.25593380058926196,
                    "x2": -1.1664692627628144
                },
                "metrics": {
                    "outcome": 27.128463736884378
                },
                "metadata": {
                    "trials": 1
                }
            },
            {
                "query": {
                    "x1": -0.2559322235226007,
                    "x2": -1.1664693467437228
                },
                "metrics": {
                    "outcome": 27.128247866960685
                },
                "metadata": {
                    "trials": 1
                }
            },
            {
                "query": {
                    "x1": -0.2559287224036877,
                    "x2": -1.1664715946649755
                },
                "metrics": {
                    "outcome": 27.127979524306333
                },
                "metadata": {
                    "trials": 1
                }
            }
        ],
        [
            {
                "query": {
                    "x1": -0.2558992922296379,
                    "x2": -1.1662967834496873
                },
                "metrics": {
                    "outcome": 27.105982997043032
                },
                "metadata": {
                    "trials": 1
                }
            },
            {
                "query": {
                    "x1": -0.255899506118588,
                    "x2": -1.1662970533415558
                },
                "metrics": {
                    "outcome": 27.106040902698155
                },
                "metadata": {
                    "trials": 1
                }
            },
            {
                "query": {
                    "x1": -0.2558978524252893,
                    "x2": -1.1662964416032788
                },
                "metrics": {
                    "outcome": 27.10574271403659
                },
                "metadata": {
                    "trials": 1
                }
            }
        ],
        [
            {
                "query": {
                    "x1": -0.2558689119129174,
                    "x2": -1.166134731710081
                },
                "metrics": {
                    "outcome": 27.08527895549194
                },
                "metadata": {
                    "trials": 1
                }
            },
            {
                "query": {
                    "x1": -0.2558691937016637,
                    "x2": -1.1661355153165773
                },
                "metrics": {
                    "outcome": 27.085398102038617
                },
                "metadata": {
                    "trials": 1
                }
            },
            {
                "query": {
                    "x1": -0.25586870519616367,
                    "x2": -1.1661353590384997
                },
                "metrics": {
                    "outcome": 27.085312396756297
                },
                "metadata": {
                    "trials": 1
                }
            }
        ],
        [
            {
                "query": {
                    "x1": -0.25584016251833286,
                    "x2": -1.1659835217095451
                },
                "metrics": {
                    "outcome": 27.06601296024484
                },
                "metadata": {
                    "trials": 1
                }
            },
            {
                "query": {
                    "x1": -0.255842087728009,
                    "x2": -1.165983518535424
                },
                "metrics": {
                    "outcome": 27.066289342612254
                },
                "metadata": {
                    "trials": 1
                }
            },
            {
                "query": {
                    "x1": -0.2558381131722183,
                    "x2": -1.165985509484499
                },
                "metrics": {
                    "outcome": 27.065916709723236
                },
                "metadata": {
                    "trials": 1
                }
            }
        ],
        [
            {
                "query": {
                    "x1": -0.2558157198023985,
                    "x2": -1.1658404658403934
                },
                "metrics": {
                    "outcome": 27.048280868654498
                },
                "metadata": {
                    "trials": 1
                }
            },
            {
                "query": {
                    "x1": -0.25581872982796106,
                    "x2": -1.1658408310686745
                },
                "metrics": {
                    "outcome": 27.048750894497456
                },
                "metadata": {
                    "trials": 1
                }
            },
            {
                "query": {
                    "x1": -0.25581624759515265,
                    "x2": -1.165840912956592
                },
                "metrics": {
                    "outcome": 27.048401202391958
                },
                "metadata": {
                    "trials": 1
                }
            }
        ]
    ],
    "best_results": [
        {
            "query": {
                "x1": -0.2558157198023985,
                "x2": -1.1658404658403934
            },
            "metrics": [
                {
                    "name": "outcome",
                    "value": 27.048280868654498
                }
            ]
        }
    ]
}