{
    "date": "04/11/2022 16:30:51",
    "basic_params": {
        "active_variables": [
            "x1",
            "x2"
        ],
        "default_query": {},
        "metric": "basic",
        "n_trials": 1
    },
    "objective_function": {
        "name": "Gramacy2D",
        "params": {}
    },
    "optimizer": {
        "name": "BBO-LP(LCB)-FoD",
        "params": {
            "lower_bound": [
                -2.0,
                -2.0
            ],
            "upper_bound": [
                6.0,
                6.0
            ],
            "invert_metric": false,
            "bopt_params": {
                "n_init_samples": 15,
                "n_iterations": 45,
                "n_iter_relearn": 5,
                "verbose_level": 0,
                "n_parallel_samples": 3,
                "fixed_dataset_size": 50,
                "par_type": "PAR_BBO",
                "crit_name": "cLP(cLCB)",
                "n_crit_params": 3,
                "crit_params": [
                    3,
                    1,
                    1.0
                ]
            }
        }
    },
    "iterations": [
        [
            {
                "query": {
                    "x1": -0.6103038451323906,
                    "x2": 2.415296959877014
                },
                "metrics": {
                    "outcome": -0.0012309998829945932
                },
                "metadata": {
                    "trials": 1
                }
            }
        ],
        [
            {
                "query": {
                    "x1": 5.5142073201636475,
                    "x2": 1.7908555308977765
                },
                "metrics": {
                    "outcome": 1.3907919184119902e-14
                },
                "metadata": {
                    "trials": 1
                }
            }
        ],
        [
            {
                "query": {
                    "x1": 2.0874980079631014,
                    "x2": 0.6890108390400806
                },
                "metrics": {
                    "outcome": 0.01663215105808232
                },
                "metadata": {
                    "trials": 1
                }
            }
        ],
        [
            {
                "query": {
                    "x1": 2.658061467856169,
                    "x2": 3.9591445102045935
                },
                "metrics": {
                    "outcome": 3.5371877693176903e-10
                },
                "metadata": {
                    "trials": 1
                }
            }
        ],
        [
            {
                "query": {
                    "x1": 1.4526273267964522,
                    "x2": 3.6648072587947054
                },
                "metrics": {
                    "outcome": 2.587083353011552e-07
                },
                "metadata": {
                    "trials": 1
                }
            }
        ],
        [
            {
                "query": {
                    "x1": 3.0375152471164863,
                    "x2": 3.289111296087503
                },
                "metrics": {
                    "outcome": 5.9867797948170304e-09
                },
                "metadata": {
                    "trials": 1
                }
            }
        ],
        [
            {
                "query": {
                    "x1": 3.587981324146191,
                    "x2": -1.781669066225489
                },
                "metrics": {
                    "outcome": 3.848681977141765e-07
                },
                "metadata": {
                    "trials": 1
                }
            }
        ],
        [
            {
                "query": {
                    "x1": -1.9617976810783149,
                    "x2": 5.082157313078642
                },
                "metrics": {
                    "outcome": -2.5357624211362285e-13
                },
                "metadata": {
                    "trials": 1
                }
            }
        ],
        [
            {
                "query": {
                    "x1": 4.029161490251621,
                    "x2": -0.4622610080987215
                },
                "metrics": {
                    "outcome": 2.897436510577155e-07
                },
                "metadata": {
                    "trials": 1
                }
            }
        ],
        [
            {
                "query": {
                    "x1": -1.4525483343750238,
                    "x2": 4.84137875388066
                },
                "metrics": {
                    "outcome": -1.165220811213745e-11
                },
                "metadata": {
                    "trials": 1
                }
            }
        ],
        [
            {
                "query": {
                    "x1": 0.08381123083333186,
                    "x2": -0.03894958955546213
                },
                "metrics": {
                    "outcome": 0.08309841473281841
                },
                "metadata": {
                    "trials": 1
                }
            }
        ],
        [
            {
                "query": {
                    "x1": 4.963475573559602,
                    "x2": -1.0920359091212353
                },
                "metrics": {
                    "outcome": 3.0099095925861346e-11
                },
                "metadata": {
                    "trials": 1
                }
            }
        ],
        [
            {
                "query": {
                    "x1": 0.6796597935259343,
                    "x2": 0.17160662536819782
                },
                "metrics": {
                    "outcome": 0.4158007173006531
                },
                "metadata": {
                    "trials": 1
                }
            }
        ],
        [
            {
                "query": {
                    "x1": 4.7493609120448435,
                    "x2": 1.5771092838297287
                },
                "metrics": {
                    "outcome": 6.313835402222321e-11
                },
                "metadata": {
                    "trials": 1
                }
            }
        ],
        [
            {
                "query": {
                    "x1": 0.38725310452282447,
                    "x2": 5.551473644375801
                },
                "metrics": {
                    "outcome": 1.3753248089071143e-14
                },
                "metadata": {
                    "trials": 1
                }
            }
        ],
        [
            {
                "query": {
                    "x1": -2.0,
                    "x2": -0.649381804149233
                },
                "metrics": {
                    "outcome": -0.024027661567860566
                },
                "metadata": {
                    "trials": 1
                }
            },
            {
                "query": {
                    "x1": -1.3537369251510398,
                    "x2": -0.6660000063321876
                },
                "metrics": {
                    "outcome": -0.1389986845020456
                },
                "metadata": {
                    "trials": 1
                }
            },
            {
                "query": {
                    "x1": -0.7184129489822211,
                    "x2": -0.6845983543315921
                },
                "metrics": {
                    "outcome": -0.26833936575149364
                },
                "metadata": {
                    "trials": 1
                }
            }
        ],
        [
            {
                "query": {
                    "x1": 2.7798245715384686,
                    "x2": -0.8170567959315962
                },
                "metrics": {
                    "outcome": 0.0006282209423389793
                },
                "metadata": {
                    "trials": 1
                }
            },
            {
                "query": {
                    "x1": 2.910037947054957,
                    "x2": -0.8146963105821321
                },
                "metrics": {
                    "outcome": 0.00031470187040656515
                },
                "metadata": {
                    "trials": 1
                }
            },
            {
                "query": {
                    "x1": 3.033682744852796,
                    "x2": -0.8126280694708035
                },
                "metrics": {
                    "outcome": 0.00015785746270601084
                },
                "metadata": {
                    "trials": 1
                }
            }
        ],
        [
            {
                "query": {
                    "x1": 6.0,
                    "x2": -1.4522986318985667
                },
                "metrics": {
                    "outcome": 1.6886841917520274e-16
                },
                "metadata": {
                    "trials": 1
                }
            },
            {
                "query": {
                    "x1": 5.821942093139266,
                    "x2": -1.4511811714212026
                },
                "metrics": {
                    "outcome": 1.3491486525980938e-15
                },
                "metadata": {
                    "trials": 1
                }
            },
            {
                "query": {
                    "x1": 5.642709029897027,
                    "x2": -1.4501388519123692
                },
                "metrics": {
                    "outcome": 1.023765698779176e-14
                },
                "metadata": {
                    "trials": 1
                }
            }
        ],
        [
            {
                "query": {
                    "x1": -1.9999999999990532,
                    "x2": 1.0619207184643202
                },
                "metrics": {
                    "outcome": -0.011860657698786112
                },
                "metadata": {
                    "trials": 1
                }
            },
            {
                "query": {
                    "x1": -1.5375970811610975,
                    "x2": 1.0619493085125966
                },
                "metrics": {
                    "outcome": -0.04680710567497624
                },
                "metadata": {
                    "trials": 1
                }
            },
            {
                "query": {
                    "x1": -1.0910990256950297,
                    "x2": 1.0621481606336065
                },
                "metrics": {
                    "outcome": -0.1073704440024949
                },
                "metadata": {
                    "trials": 1
                }
            }
        ],
        [
            {
                "query": {
                    "x1": 6.0,
                    "x2": 1.0487041685115086
                },
                "metrics": {
                    "outcome": 4.633629749244668e-16
                },
                "metadata": {
                    "trials": 1
                }
            },
            {
                "query": {
                    "x1": 5.9029682190698525,
                    "x2": 1.0486505545510352
                },
                "metrics": {
                    "outcome": 1.447054232746873e-15
                },
                "metadata": {
                    "trials": 1
                }
            },
            {
                "query": {
                    "x1": 5.8051822254757255,
                    "x2": 1.048607930128913
                },
                "metrics": {
                    "outcome": 4.47187658671449e-15
                },
                "metadata": {
                    "trials": 1
                }
            }
        ],
        [
            {
                "query": {
                    "x1": 0.5083628320651141,
                    "x2": 1.5228748813422968
                },
                "metrics": {
                    "outcome": 0.038613994235684554
                },
                "metadata": {
                    "trials": 1
                }
            },
            {
                "query": {
                    "x1": -0.40675481754012366,
                    "x2": 1.598845811038756
                },
                "metrics": {
                    "outcome": -0.026747825516734092
                },
                "metadata": {
                    "trials": 1
                }
            },
            {
                "query": {
                    "x1": 1.3594594462646867,
                    "x2": 1.4132913138168939
                },
                "metrics": {
                    "outcome": 0.029058763576977818
                },
                "metadata": {
                    "trials": 1
                }
            }
        ],
        [
            {
                "query": {
                    "x1": 3.844330690373858,
                    "x2": 4.97550645567854
                },
                "metrics": {
                    "outcome": 2.6012787434626875e-17
                },
                "metadata": {
                    "trials": 1
                }
            },
            {
                "query": {
                    "x1": 0.3498605505403578,
                    "x2": -0.5019221632880919
                },
                "metrics": {
                    "outcome": 0.24061698255585923
                },
                "metadata": {
                    "trials": 1
                }
            },
            {
                "query": {
                    "x1": 0.811924737000211,
                    "x2": -0.4986102194191837
                },
                "metrics": {
                    "outcome": 0.32752805580305433
                },
                "metadata": {
                    "trials": 1
                }
            }
        ],
        [
            {
                "query": {
                    "x1": -0.967704017923489,
                    "x2": -1.3238862166434435
                },
                "metrics": {
                    "outcome": -0.06574610915708025
                },
                "metadata": {
                    "trials": 1
                }
            },
            {
                "query": {
                    "x1": -1.4248611126128687,
                    "x2": -1.356638306788608
                },
                "metrics": {
                    "outcome": -0.029699580984318505
                },
                "metadata": {
                    "trials": 1
                }
            },
            {
                "query": {
                    "x1": -0.5274509147309454,
                    "x2": -1.3009533496150965
                },
                "metrics": {
                    "outcome": -0.0735063445610984
                },
                "metadata": {
                    "trials": 1
                }
            }
        ],
        [
            {
                "query": {
                    "x1": -2.0,
                    "x2": 0.1051653623713169
                },
                "metrics": {
                    "outcome": -0.036228376975555907
                },
                "metadata": {
                    "trials": 1
                }
            },
            {
                "query": {
                    "x1": 6.0,
                    "x2": -0.406135730651217
                },
                "metrics": {
                    "outcome": 1.1800887321965138e-15
                },
                "metadata": {
                    "trials": 1
                }
            },
            {
                "query": {
                    "x1": -1.5490649673681098,
                    "x2": 0.07784819504573504
                },
                "metrics": {
                    "outcome": -0.139734496211499
                },
                "metadata": {
                    "trials": 1
                }
            }
        ],
        [
            {
                "query": {
                    "x1": -0.6391782956537386,
                    "x2": -0.7755397886228375
                },
                "metrics": {
                    "outcome": -0.23279833901538713
                },
                "metadata": {
                    "trials": 1
                }
            },
            {
                "query": {
                    "x1": -0.7734799245478932,
                    "x2": -0.7799968941302444
                },
                "metrics": {
                    "outcome": -0.23141979765890797
                },
                "metadata": {
                    "trials": 1
                }
            },
            {
                "query": {
                    "x1": -0.7009335188538108,
                    "x2": -0.7801760645518856
                },
                "metrics": {
                    "outcome": -0.2333245856033235
                },
                "metadata": {
                    "trials": 1
                }
            }
        ],
        [
            {
                "query": {
                    "x1": 1.4710576945561913,
                    "x2": 4.820673805912396
                },
                "metrics": {
                    "outcome": 1.365486808577792e-11
                },
                "metadata": {
                    "trials": 1
                }
            },
            {
                "query": {
                    "x1": -2.0,
                    "x2": 3.285225698536011
                },
                "metrics": {
                    "outcome": -7.52728893052756e-07
                },
                "metadata": {
                    "trials": 1
                }
            },
            {
                "query": {
                    "x1": 2.825011043967578,
                    "x2": 2.473712286173628
                },
                "metrics": {
                    "outcome": 2.125661309895476e-06
                },
                "metadata": {
                    "trials": 1
                }
            }
        ],
        [
            {
                "query": {
                    "x1": 5.843441425735384,
                    "x2": 2.8941427451344515
                },
                "metrics": {
                    "outcome": 1.993678963226287e-18
                },
                "metadata": {
                    "trials": 1
                }
            },
            {
                "query": {
                    "x1": 5.060848196964226,
                    "x2": 0.3209509561697095
                },
                "metrics": {
                    "outcome": 3.4376088607123944e-11
                },
                "metadata": {
                    "trials": 1
                }
            },
            {
                "query": {
                    "x1": 0.3060462590283288,
                    "x2": -2.0
                },
                "metrics": {
                    "outcome": 0.0051042419614385414
                },
                "metadata": {
                    "trials": 1
                }
            }
        ],
        [
            {
                "query": {
                    "x1": -1.973955294338298,
                    "x2": 2.196423624663688
                },
                "metrics": {
                    "outcome": -0.00032207151219447656
                },
                "metadata": {
                    "trials": 1
                }
            },
            {
                "query": {
                    "x1": 0.15717075991743412,
                    "x2": 2.8630913954803026
                },
                "metrics": {
                    "outcome": 4.222840713427011e-05
                },
                "metadata": {
                    "trials": 1
                }
            },
            {
                "query": {
                    "x1": -0.7799126022162155,
                    "x2": 2.787238967679645
                },
                "metrics": {
                    "outcome": -0.00017946360216259313
                },
                "metadata": {
                    "trials": 1
                }
            }
        ],
        [
            {
                "query": {
                    "x1": 1.6539490496537912,
                    "x2": -2.0
                },
                "metrics": {
                    "outcome": 0.001964766899228873
                },
                "metadata": {
                    "trials": 1
                }
            },
            {
                "query": {
                    "x1": -0.7212354342245721,
                    "x2": 0.5023929585433384
                },
                "metrics": {
                    "outcome": -0.33308122729985906
                },
                "metadata": {
                    "trials": 1
                }
            },
            {
                "query": {
                    "x1": -0.7232447811637444,
                    "x2": 0.8178924234974483
                },
                "metrics": {
                    "outcome": -0.21958001478128925
                },
                "metadata": {
                    "trials": 1
                }
            }
        ],
        [
            {
                "query": {
                    "x1": 3.5086763474381524,
                    "x2": 3.7380955810262906
                },
                "metrics": {
                    "outcome": 1.3491929465779187e-11
                },
                "metadata": {
                    "trials": 1
                }
            },
            {
                "query": {
                    "x1": 0.9269924099201452,
                    "x2": 3.7855515459001525
                },
                "metrics": {
                    "outcome": 2.3456682164191534e-07
                },
                "metadata": {
                    "trials": 1
                }
            },
            {
                "query": {
                    "x1": 5.899567779206151,
                    "x2": 3.9734217290222267
                },
                "metrics": {
                    "outcome": 6.288804054546231e-22
                },
                "metadata": {
                    "trials": 1
                }
            }
        ],
        [
            {
                "query": {
                    "x1": -1.7130041503687317,
                    "x2": 4.5573016002439815
                },
                "metrics": {
                    "outcome": -8.699830740638586e-11
                },
                "metadata": {
                    "trials": 1
                }
            },
            {
                "query": {
                    "x1": 2.723000900884232,
                    "x2": 5.750326214428246
                },
                "metrics": {
                    "outcome": 7.151204040989788e-18
                },
                "metadata": {
                    "trials": 1
                }
            },
            {
                "query": {
                    "x1": -1.271188856384462,
                    "x2": 0.49292189762530203
                },
                "metrics": {
                    "outcome": -0.19810847678281868
                },
                "metadata": {
                    "trials": 1
                }
            }
        ],
        [
            {
                "query": {
                    "x1": 1.501102208337913,
                    "x2": 0.5992705940382574
                },
                "metrics": {
                    "outcome": 0.11011462162620725
                },
                "metadata": {
                    "trials": 1
                }
            },
            {
                "query": {
                    "x1": 0.6356545718655378,
                    "x2": 0.5479552401148293
                },
                "metrics": {
                    "outcome": 0.3142986378549779
                },
                "metadata": {
                    "trials": 1
                }
            },
            {
                "query": {
                    "x1": 2.399470171980507,
                    "x2": 0.6116887197668208
                },
                "metrics": {
                    "outcome": 0.005214186240442065
                },
                "metadata": {
                    "trials": 1
                }
            }
        ],
        [
            {
                "query": {
                    "x1": -0.7625134234741,
                    "x2": 5.922474670811551
                },
                "metrics": {
                    "outcome": -2.492019371631328e-16
                },
                "metadata": {
                    "trials": 1
                }
            },
            {
                "query": {
                    "x1": 4.85413738262623,
                    "x2": 4.2467762974258045
                },
                "metrics": {
                    "outcome": 4.172871608664645e-18
                },
                "metadata": {
                    "trials": 1
                }
            },
            {
                "query": {
                    "x1": 4.107422078767302,
                    "x2": 1.090612625922879
                },
                "metrics": {
                    "outcome": 5.889224418137153e-08
                },
                "metadata": {
                    "trials": 1
                }
            }
        ],
        [
            {
                "query": {
                    "x1": 2.050419491863944,
                    "x2": 3.4732167457901673
                },
                "metrics": {
                    "outcome": 1.765944010418574e-07
                },
                "metadata": {
                    "trials": 1
                }
            },
            {
                "query": {
                    "x1": 4.2842451249829026,
                    "x2": -2.0
                },
                "metrics": {
                    "outcome": 8.381601522178144e-10
                },
                "metadata": {
                    "trials": 1
                }
            },
            {
                "query": {
                    "x1": -0.5956826427289701,
                    "x2": 0.07462319980915755
                },
                "metrics": {
                    "outcome": -0.4154248011028578
                },
                "metadata": {
                    "trials": 1
                }
            }
        ],
        [
            {
                "query": {
                    "x1": 3.143240137488153,
                    "x2": -1.9998598528546967
                },
                "metrics": {
                    "outcome": 2.9487068661610823e-06
                },
                "metadata": {
                    "trials": 1
                }
            },
            {
                "query": {
                    "x1": -0.6715299146726206,
                    "x2": 0.01676159790983034
                },
                "metrics": {
                    "outcome": -0.42765858837077947
                },
                "metadata": {
                    "trials": 1
                }
            },
            {
                "query": {
                    "x1": -0.45873476062222385,
                    "x2": 0.28980369939765627
                },
                "metrics": {
                    "outcome": -0.3417393850931041
                },
                "metadata": {
                    "trials": 1
                }
            }
        ],
        [
            {
                "query": {
                    "x1": -0.694682067693017,
                    "x2": -0.0015139777133199583
                },
                "metrics": {
                    "outcome": -0.428747778463312
                },
                "metadata": {
                    "trials": 1
                }
            },
            {
                "query": {
                    "x1": -0.6521259988589097,
                    "x2": 0.1746072001618706
                },
                "metrics": {
                    "outcome": -0.4134273485780012
                },
                "metadata": {
                    "trials": 1
                }
            },
            {
                "query": {
                    "x1": -0.6846519324744289,
                    "x2": -0.1775874493595857
                },
                "metrics": {
                    "outcome": -0.41514381839109604
                },
                "metadata": {
                    "trials": 1
                }
            }
        ],
        [
            {
                "query": {
                    "x1": -0.717822100561875,
                    "x2": -0.0023103084672779772
                },
                "metrics": {
                    "outcome": -0.4287816701376777
                },
                "metadata": {
                    "trials": 1
                }
            },
            {
                "query": {
                    "x1": -0.7000334789481146,
                    "x2": 0.16224646903168294
                },
                "metrics": {
                    "outcome": -0.4176974524988605
                },
                "metadata": {
                    "trials": 1
                }
            },
            {
                "query": {
                    "x1": -0.6076648675643306,
                    "x2": -0.07964379729416082
                },
                "metrics": {
                    "outcome": -0.4173911532884779
                },
                "metadata": {
                    "trials": 1
                }
            }
        ],
        [
            {
                "query": {
                    "x1": 0.12895734457969743,
                    "x2": 6.0
                },
                "metrics": {
                    "outcome": 2.941862819280977e-17
                },
                "metadata": {
                    "trials": 1
                }
            },
            {
                "query": {
                    "x1": -0.706761236099988,
                    "x2": -0.00106874907173804
                },
                "metrics": {
                    "outcome": -0.4288813501663627
                },
                "metadata": {
                    "trials": 1
                }
            },
            {
                "query": {
                    "x1": -0.7330291023321387,
                    "x2": -0.0910164264372213
                },
                "metrics": {
                    "outcome": -0.42477930402247754
                },
                "metadata": {
                    "trials": 1
                }
            }
        ],
        [
            {
                "query": {
                    "x1": 3.393573596358955,
                    "x2": 0.11173904382359101
                },
                "metrics": {
                    "outcome": 3.340036120752545e-05
                },
                "metadata": {
                    "trials": 1
                }
            },
            {
                "query": {
                    "x1": 5.356676699979645,
                    "x2": -2.0
                },
                "metrics": {
                    "outcome": 3.389050514499305e-14
                },
                "metadata": {
                    "trials": 1
                }
            },
            {
                "query": {
                    "x1": -0.7069629935007082,
                    "x2": -0.00047132553805928623
                },
                "metrics": {
                    "outcome": -0.4288818294698207
                },
                "metadata": {
                    "trials": 1
                }
            }
        ],
        [
            {
                "query": {
                    "x1": -0.3876650136088322,
                    "x2": 4.606930481737906
                },
                "metrics": {
                    "outcome": -2.022116275900631e-10
                },
                "metadata": {
                    "trials": 1
                }
            },
            {
                "query": {
                    "x1": -0.722108052899058,
                    "x2": 0.01133516143465041
                },
                "metrics": {
                    "outcome": -0.4286352222797809
                },
                "metadata": {
                    "trials": 1
                }
            },
            {
                "query": {
                    "x1": -0.6935764552718049,
                    "x2": -0.09994917674762482
                },
                "metrics": {
                    "outcome": -0.42446236389061603
                },
                "metadata": {
                    "trials": 1
                }
            }
        ],
        [
            {
                "query": {
                    "x1": -0.705158809681609,
                    "x2": 0.00040415820804096114
                },
                "metrics": {
                    "outcome": -0.4288786145781395
                },
                "metadata": {
                    "trials": 1
                }
            },
            {
                "query": {
                    "x1": -0.7797942739414137,
                    "x2": 0.06844246821260258
                },
                "metrics": {
                    "outcome": -0.4225326206311007
                },
                "metadata": {
                    "trials": 1
                }
            },
            {
                "query": {
                    "x1": 4.0608152550546075,
                    "x2": 5.999999999999999
                },
                "metrics": {
                    "outcome": 6.492322717029515e-23
                },
                "metadata": {
                    "trials": 1
                }
            }
        ],
        [
            {
                "query": {
                    "x1": 4.661050083192945,
                    "x2": -0.9838279539358288
                },
                "metrics": {
                    "outcome": 6.49989726541086e-10
                },
                "metadata": {
                    "trials": 1
                }
            },
            {
                "query": {
                    "x1": 0.8303898535240131,
                    "x2": 1.7207362128731503
                },
                "metrics": {
                    "outcome": 0.02157240324813026
                },
                "metadata": {
                    "trials": 1
                }
            },
            {
                "query": {
                    "x1": 1.8784577633383912,
                    "x2": -1.2104956850691975
                },
                "metrics": {
                    "outcome": 0.012734349256388163
                },
                "metadata": {
                    "trials": 1
                }
            }
        ],
        [
            {
                "query": {
                    "x1": -0.7101710255747546,
                    "x2": 0.0020376464980982334
                },
                "metrics": {
                    "outcome": -0.42887211941567277
                },
                "metadata": {
                    "trials": 1
                }
            },
            {
                "query": {
                    "x1": -0.727661816084552,
                    "x2": -0.07791203599925245
                },
                "metrics": {
                    "outcome": -0.42592973782323584
                },
                "metadata": {
                    "trials": 1
                }
            },
            {
                "query": {
                    "x1": -0.7199204575702411,
                    "x2": 0.08275840813327395
                },
                "metrics": {
                    "outcome": -0.4258155668964288
                },
                "metadata": {
                    "trials": 1
                }
            }
        ],
        [
            {
                "query": {
                    "x1": 6.0,
                    "x2": 0.6962238582259177
                },
                "metrics": {
                    "outcome": 8.571076148985405e-16
                },
                "metadata": {
                    "trials": 1
                }
            },
            {
                "query": {
                    "x1": -0.7063466185911937,
                    "x2": 0.001054867448372132
                },
                "metrics": {
                    "outcome": -0.42888096941088355
                },
                "metadata": {
                    "trials": 1
                }
            },
            {
                "query": {
                    "x1": -0.7144338375910857,
                    "x2": -0.07633226620660194
                },
                "metrics": {
                    "outcome": -0.4263446557969111
                },
                "metadata": {
                    "trials": 1
                }
            }
        ],
        [
            {
                "query": {
                    "x1": 5.33735042909601,
                    "x2": 1.6078940151191645
                },
                "metrics": {
                    "outcome": 1.708648654564429e-13
                },
                "metadata": {
                    "trials": 1
                }
            },
            {
                "query": {
                    "x1": -0.7055732185600601,
                    "x2": 0.0011430833013998942
                },
                "metrics": {
                    "outcome": -0.4288793633319134
                },
                "metadata": {
                    "trials": 1
                }
            },
            {
                "query": {
                    "x1": -0.724314786979215,
                    "x2": 0.06048268648027433
                },
                "metrics": {
                    "outcome": -0.42706491205420277
                },
                "metadata": {
                    "trials": 1
                }
            }
        ],
        [
            {
                "query": {
                    "x1": -0.703989414122556,
                    "x2": 0.0010100719318755225
                },
                "metrics": {
                    "outcome": -0.42887315698514755
                },
                "metadata": {
                    "trials": 1
                }
            },
            {
                "query": {
                    "x1": -0.7076566253768275,
                    "x2": -0.06260551001049297
                },
                "metrics": {
                    "outcome": -0.4272039929168845
                },
                "metadata": {
                    "trials": 1
                }
            },
            {
                "query": {
                    "x1": -0.7028695275294932,
                    "x2": 0.0646595742274334
                },
                "metrics": {
                    "outcome": -0.4270772232056281
                },
                "metadata": {
                    "trials": 1
                }
            }
        ],
        [
            {
                "query": {
                    "x1": 3.3814819048478784,
                    "x2": 3.7970258475864185
                },
                "metrics": {
                    "outcome": 2.0035586204335872e-11
                },
                "metadata": {
                    "trials": 1
                }
            },
            {
                "query": {
                    "x1": -0.7063678066742232,
                    "x2": -0.00036430818529464837
                },
                "metrics": {
                    "outcome": -0.42888141698540916
                },
                "metadata": {
                    "trials": 1
                }
            },
            {
                "query": {
                    "x1": -0.7225386504589042,
                    "x2": 0.05592579437216516
                },
                "metrics": {
                    "outcome": -0.42734049947640895
                },
                "metadata": {
                    "trials": 1
                }
            }
        ],
        [
            {
                "query": {
                    "x1": 1.1144630406267653,
                    "x2": 4.770315083026008
                },
                "metrics": {
                    "outcome": 4.215949671505002e-11
                },
                "metadata": {
                    "trials": 1
                }
            },
            {
                "query": {
                    "x1": -0.7054945104356809,
                    "x2": -0.00046492002665154963
                },
                "metrics": {
                    "outcome": -0.42887961840001015
                },
                "metadata": {
                    "trials": 1
                }
            },
            {
                "query": {
                    "x1": -0.7210704427434333,
                    "x2": 0.05644975129463203
                },
                "metrics": {
                    "outcome": -0.42735184894583145
                },
                "metadata": {
                    "trials": 1
                }
            }
        ],
        [
            {
                "query": {
                    "x1": 1.550043909850448,
                    "x2": 1.8272367541652623
                },
                "metrics": {
                    "outcome": 0.004975909958970394
                },
                "metadata": {
                    "trials": 1
                }
            },
            {
                "query": {
                    "x1": -1.509767157707445,
                    "x2": 0.19724177542219712
                },
                "metrics": {
                    "outcome": -0.14862249929401716
                },
                "metadata": {
                    "trials": 1
                }
            },
            {
                "query": {
                    "x1": 4.155341490479759,
                    "x2": 3.7816334532556892
                },
                "metrics": {
                    "outcome": 8.108974711639622e-14
                },
                "metadata": {
                    "trials": 1
                }
            }
        ],
        [
            {
                "query": {
                    "x1": 2.501716336338335,
                    "x2": 0.6905537605766559
                },
                "metrics": {
                    "outcome": 0.0029721428354650688
                },
                "metadata": {
                    "trials": 1
                }
            },
            {
                "query": {
                    "x1": 2.7333687276892933,
                    "x2": 6.0
                },
                "metrics": {
                    "outcome": 3.608697774746209e-19
                },
                "metadata": {
                    "trials": 1
                }
            },
            {
                "query": {
                    "x1": -0.7210579869698561,
                    "x2": -0.004291538723456556
                },
                "metrics": {
                    "outcome": -0.4287082089655636
                },
                "metadata": {
                    "trials": 1
                }
            }
        ],
        [
            {
                "query": {
                    "x1": 2.1718694001355665,
                    "x2": 4.133611376836303
                },
                "metrics": {
                    "outcome": 7.371929638945166e-10
                },
                "metadata": {
                    "trials": 1
                }
            },
            {
                "query": {
                    "x1": -0.7041194088836655,
                    "x2": -0.0006203597932046279
                },
                "metrics": {
                    "outcome": -0.4288741116614381
                },
                "metadata": {
                    "trials": 1
                }
            },
            {
                "query": {
                    "x1": -1.0220827377732356,
                    "x2": -0.06374008516565821
                },
                "metrics": {
                    "outcome": -0.35812489808915265
                },
                "metadata": {
                    "trials": 1
                }
            }
        ],
        [
            {
                "query": {
                    "x1": 0.30232113173041597,
                    "x2": 3.8399255969223782
                },
                "metrics": {
                    "outcome": 1.0891564721763928e-07
                },
                "metadata": {
                    "trials": 1
                }
            },
            {
                "query": {
                    "x1": 2.824386830445876,
                    "x2": -2.0
                },
                "metrics": {
                    "outcome": 1.7754533288313e-05
                },
                "metadata": {
                    "trials": 1
                }
            },
            {
                "query": {
                    "x1": -0.7160882689879469,
                    "x2": 0.005125954951775924
                },
                "metrics": {
                    "outcome": -0.4288017777736291
                },
                "metadata": {
                    "trials": 1
                }
            }
        ],
        [
            {
                "query": {
                    "x1": 0.06590324971718475,
                    "x2": -0.025401927546270908
                },
                "metrics": {
                    "outcome": 0.06557531024582594
                },
                "metadata": {
                    "trials": 1
                }
            },
            {
                "query": {
                    "x1": 5.0598288453646845,
                    "x2": 5.408120513826659
                },
                "metrics": {
                    "outcome": 7.642612179865223e-24
                },
                "metadata": {
                    "trials": 1
                }
            },
            {
                "query": {
                    "x1": 3.8167876050966942,
                    "x2": -2.0
                },
                "metrics": {
                    "outcome": 3.294394043717786e-08
                },
                "metadata": {
                    "trials": 1
                }
            }
        ],
        [
            {
                "query": {
                    "x1": -0.6993035702011203,
                    "x2": -0.001060870391210278
                },
                "metrics": {
                    "outcome": -0.42882904000147737
                },
                "metadata": {
                    "trials": 1
                }
            },
            {
                "query": {
                    "x1": -0.7294014474765587,
                    "x2": 0.06667223139184086
                },
                "metrics": {
                    "outcome": -0.4265598156571355
                },
                "metadata": {
                    "trials": 1
                }
            },
            {
                "query": {
                    "x1": -0.6964798240396841,
                    "x2": -0.07525581434173101
                },
                "metrics": {
                    "outcome": -0.4263630623221375
                },
                "metadata": {
                    "trials": 1
                }
            }
        ],
        [
            {
                "query": {
                    "x1": -0.7091786190867169,
                    "x2": 5.99974314815312
                },
                "metrics": {
                    "outcome": -9.978637621671034e-17
                },
                "metadata": {
                    "trials": 1
                }
            },
            {
                "query": {
                    "x1": -0.7091779906208675,
                    "x2": 5.8821563728650315
                },
                "metrics": {
                    "outcome": -4.0350380486472106e-16
                },
                "metadata": {
                    "trials": 1
                }
            },
            {
                "query": {
                    "x1": -0.7091763725197802,
                    "x2": 5.765663073657477
                },
                "metrics": {
                    "outcome": -1.5672516870578098e-15
                },
                "metadata": {
                    "trials": 1
                }
            }
        ],
        [
            {
                "query": {
                    "x1": -0.6726939413972401,
                    "x2": 0.25029108381760334
                },
                "metrics": {
                    "outcome": -0.40186961417635025
                },
                "metadata": {
                    "trials": 1
                }
            },
            {
                "query": {
                    "x1": -0.6926992292188514,
                    "x2": 0.01363847231701154
                },
                "metrics": {
                    "outcome": -0.42862296465215227
                },
                "metadata": {
                    "trials": 1
                }
            },
            {
                "query": {
                    "x1": -0.7131954271979435,
                    "x2": -0.0950254501276151
                },
                "metrics": {
                    "outcome": -0.42499521955352443
                },
                "metadata": {
                    "trials": 1
                }
            }
        ],
        [
            {
                "query": {
                    "x1": 3.6807464924525304,
                    "x2": 0.5261766300995969
                },
                "metrics": {
                    "outcome": 3.6468710487084797e-06
                },
                "metadata": {
                    "trials": 1
                }
            },
            {
                "query": {
                    "x1": 6.0,
                    "x2": 3.8981440750524037
                },
                "metrics": {
                    "outcome": 3.501194812467514e-22
                },
                "metadata": {
                    "trials": 1
                }
            },
            {
                "query": {
                    "x1": 5.600574681026514,
                    "x2": -2.0
                },
                "metrics": {
                    "outcome": 2.4478469719631374e-15
                },
                "metadata": {
                    "trials": 1
                }
            }
        ],
        [
            {
                "query": {
                    "x1": -1.6667719261563896,
                    "x2": 4.411014434193479
                },
                "metrics": {
                    "outcome": -3.675035214955632e-10
                },
                "metadata": {
                    "trials": 1
                }
            },
            {
                "query": {
                    "x1": -0.7049508367564778,
                    "x2": -0.002613859067928548
                },
                "metrics": {
                    "outcome": -0.4288750212730455
                },
                "metadata": {
                    "trials": 1
                }
            },
            {
                "query": {
                    "x1": -0.6804856000899309,
                    "x2": -0.07008044217691145
                },
                "metrics": {
                    "outcome": -0.42616847136703345
                },
                "metadata": {
                    "trials": 1
                }
            }
        ],
        [
            {
                "query": {
                    "x1": 4.685226042183546,
                    "x2": -1.2732972557849818
                },
                "metrics": {
                    "outcome": 2.711863737652065e-10
                },
                "metadata": {
                    "trials": 1
                }
            },
            {
                "query": {
                    "x1": -0.7064886683064213,
                    "x2": -0.00080247615635054
                },
                "metrics": {
                    "outcome": -0.42888133847868576
                },
                "metadata": {
                    "trials": 1
                }
            },
            {
                "query": {
                    "x1": -0.6999926913176922,
                    "x2": -0.07110243332544997
                },
                "metrics": {
                    "outcome": -0.426675840886101
                },
                "metadata": {
                    "trials": 1
                }
            }
        ],
        [
            {
                "query": {
                    "x1": -0.7067130199539833,
                    "x2": 3.456521439959559e-05
                },
                "metrics": {
                    "outcome": -0.42888180894877276
                },
                "metadata": {
                    "trials": 1
                }
            },
            {
                "query": {
                    "x1": -0.7008057000928198,
                    "x2": -0.07011540135842265
                },
                "metrics": {
                    "outcome": -0.42674467112852593
                },
                "metadata": {
                    "trials": 1
                }
            },
            {
                "query": {
                    "x1": 0.25315499816472364,
                    "x2": 6.0
                },
                "metrics": {
                    "outcome": 5.5074724142872576e-17
                },
                "metadata": {
                    "trials": 1
                }
            }
        ]
    ],
    "best_results": [
        {
            "query": {
                "x1": -0.7069629935007082,
                "x2": -0.00047132553805928623
            },
            "metrics": [
                {
                    "name": "outcome",
                    "value": -0.4288818294698207
                }
            ]
        }
    ]
}