{
    "date": "05/11/2022 12:04:54",
    "basic_params": {
        "active_variables": [
            "x1",
            "x2"
        ],
        "default_query": {},
        "metric": "basic",
        "n_trials": 1
    },
    "objective_function": {
        "name": "Gramacy2D",
        "params": {}
    },
    "optimizer": {
        "name": "BBO-LP(LCB)-FoD",
        "params": {
            "lower_bound": [
                -2.0,
                -2.0
            ],
            "upper_bound": [
                6.0,
                6.0
            ],
            "invert_metric": false,
            "bopt_params": {
                "n_init_samples": 12,
                "n_iterations": 23,
                "n_iter_relearn": 5,
                "verbose_level": 0,
                "n_parallel_samples": 6,
                "fixed_dataset_size": 50,
                "par_type": "PAR_BBO",
                "crit_name": "cLP(cLCB)",
                "n_crit_params": 3,
                "crit_params": [
                    6,
                    1,
                    1.0
                ]
            }
        }
    },
    "iterations": [
        [
            {
                "query": {
                    "x1": 5.1730746069612605,
                    "x2": -0.9111055061221123
                },
                "metrics": {
                    "outcome": 5.385306340588468e-12
                },
                "metadata": {
                    "trials": 1
                }
            }
        ],
        [
            {
                "query": {
                    "x1": 2.328117799013853,
                    "x2": -0.19110592749590682
                },
                "metrics": {
                    "outcome": 0.009935969414274982
                },
                "metadata": {
                    "trials": 1
                }
            }
        ],
        [
            {
                "query": {
                    "x1": -0.2263709967955947,
                    "x2": 5.686107095951836
                },
                "metrics": {
                    "outcome": -1.9545082225007796e-15
                },
                "metadata": {
                    "trials": 1
                }
            }
        ],
        [
            {
                "query": {
                    "x1": 1.8968939444360635,
                    "x2": 3.972408591614415
                },
                "metrics": {
                    "outcome": 7.280845271377114e-09
                },
                "metadata": {
                    "trials": 1
                }
            }
        ],
        [
            {
                "query": {
                    "x1": 4.584290882727752,
                    "x2": 3.2899738231984275
                },
                "metrics": {
                    "outcome": 6.815340863939257e-14
                },
                "metadata": {
                    "trials": 1
                }
            }
        ],
        [
            {
                "query": {
                    "x1": 3.7180457195887966,
                    "x2": 0.18939233369504427
                },
                "metrics": {
                    "outcome": 3.5572056789063702e-06
                },
                "metadata": {
                    "trials": 1
                }
            }
        ],
        [
            {
                "query": {
                    "x1": 0.6380383383172252,
                    "x2": 4.5193999006102485
                },
                "metrics": {
                    "outcome": 5.722613697252419e-10
                },
                "metadata": {
                    "trials": 1
                }
            }
        ],
        [
            {
                "query": {
                    "x1": 5.780034228538473,
                    "x2": 0.838175458367914
                },
                "metrics": {
                    "outcome": 8.86270672487679e-15
                },
                "metadata": {
                    "trials": 1
                }
            }
        ],
        [
            {
                "query": {
                    "x1": -1.7502609132789075,
                    "x2": -1.5362241289888818
                },
                "metrics": {
                    "outcome": -0.0077223777094377645
                },
                "metadata": {
                    "trials": 1
                }
            }
        ],
        [
            {
                "query": {
                    "x1": -1.0777214320066073,
                    "x2": 1.5836165306779244
                },
                "metrics": {
                    "outcome": -0.02747508255356109
                },
                "metadata": {
                    "trials": 1
                }
            }
        ],
        [
            {
                "query": {
                    "x1": 0.9261821256950498,
                    "x2": 2.3607906416679425
                },
                "metrics": {
                    "outcome": 0.0014917129814292038
                },
                "metadata": {
                    "trials": 1
                }
            }
        ],
        [
            {
                "query": {
                    "x1": 3.3085636457738774,
                    "x2": 5.250491570991774
                },
                "metrics": {
                    "outcome": 6.210277600000117e-17
                },
                "metadata": {
                    "trials": 1
                }
            }
        ],
        [
            {
                "query": {
                    "x1": -2.0,
                    "x2": 3.0253139521134944
                },
                "metrics": {
                    "outcome": -3.8811567074063064e-06
                },
                "metadata": {
                    "trials": 1
                }
            },
            {
                "query": {
                    "x1": 5.9999999999994,
                    "x2": -2.0
                },
                "metrics": {
                    "outcome": 2.5490125531930638e-17
                },
                "metadata": {
                    "trials": 1
                }
            },
            {
                "query": {
                    "x1": 6.0,
                    "x2": 5.9999999999997
                },
                "metrics": {
                    "outcome": 3.228111696024335e-31
                },
                "metadata": {
                    "trials": 1
                }
            },
            {
                "query": {
                    "x1": -1.9999999999997,
                    "x2": -2.0
                },
                "metrics": {
                    "outcome": -0.0006709252558057281
                },
                "metadata": {
                    "trials": 1
                }
            },
            {
                "query": {
                    "x1": -1.9999999999994,
                    "x2": 6.0
                },
                "metrics": {
                    "outcome": -8.496708510601035e-18
                },
                "metadata": {
                    "trials": 1
                }
            },
            {
                "query": {
                    "x1": 1.9720914528088636,
                    "x2": -2.0
                },
                "metrics": {
                    "outcome": 0.0007391201486583784
                },
                "metadata": {
                    "trials": 1
                }
            }
        ],
        [
            {
                "query": {
                    "x1": -0.5083895940785466,
                    "x2": -2.0
                },
                "metrics": {
                    "outcome": -0.007190696888748238
                },
                "metadata": {
                    "trials": 1
                }
            },
            {
                "query": {
                    "x1": -0.8674933641824258,
                    "x2": 2.8806692761007193
                },
                "metrics": {
                    "outcome": -0.00010175448746957396
                },
                "metadata": {
                    "trials": 1
                }
            },
            {
                "query": {
                    "x1": 6.0,
                    "x2": 3.68284719164133
                },
                "metrics": {
                    "outcome": 1.7908367793587298e-21
                },
                "metadata": {
                    "trials": 1
                }
            },
            {
                "query": {
                    "x1": -1.2896869296584672,
                    "x2": 5.999999999999999
                },
                "metrics": {
                    "outcome": -5.669232250972079e-17
                },
                "metadata": {
                    "trials": 1
                }
            },
            {
                "query": {
                    "x1": 4.672016738432994,
                    "x2": -2.0
                },
                "metrics": {
                    "outcome": 2.835693270003348e-11
                },
                "metadata": {
                    "trials": 1
                }
            },
            {
                "query": {
                    "x1": 2.451055712825335,
                    "x2": 6.0
                },
                "metrics": {
                    "outcome": 1.3984666710623267e-18
                },
                "metadata": {
                    "trials": 1
                }
            }
        ],
        [
            {
                "query": {
                    "x1": -1.1378702500591567,
                    "x2": 0.28067308852645567
                },
                "metrics": {
                    "outcome": -0.28812300908536154
                },
                "metadata": {
                    "trials": 1
                }
            },
            {
                "query": {
                    "x1": 1.0895490093067393,
                    "x2": 6.0
                },
                "metrics": {
                    "outcome": 7.710579870352703e-17
                },
                "metadata": {
                    "trials": 1
                }
            },
            {
                "query": {
                    "x1": 3.9442580029262224,
                    "x2": -2.0
                },
                "metrics": {
                    "outcome": 1.2658836317763153e-08
                },
                "metadata": {
                    "trials": 1
                }
            },
            {
                "query": {
                    "x1": 6.0,
                    "x2": 3.586027135647841
                },
                "metrics": {
                    "outcome": 3.619934039359818e-21
                },
                "metadata": {
                    "trials": 1
                }
            },
            {
                "query": {
                    "x1": -2.0,
                    "x2": -1.999999999994
                },
                "metrics": {
                    "outcome": -0.0006709252558211262
                },
                "metadata": {
                    "trials": 1
                }
            },
            {
                "query": {
                    "x1": -2.0,
                    "x2": 3.2105344422036737
                },
                "metrics": {
                    "outcome": -1.2227792405949964e-06
                },
                "metadata": {
                    "trials": 1
                }
            }
        ],
        [
            {
                "query": {
                    "x1": -1.1175821882115387,
                    "x2": -0.024339894111557348
                },
                "metrics": {
                    "outcome": -0.3203264052793133
                },
                "metadata": {
                    "trials": 1
                }
            },
            {
                "query": {
                    "x1": -1.4054032062415591,
                    "x2": 1.1195607047309242
                },
                "metrics": {
                    "outcome": -0.05567355042522934
                },
                "metadata": {
                    "trials": 1
                }
            },
            {
                "query": {
                    "x1": -0.9636403664752997,
                    "x2": -1.174433286103255
                },
                "metrics": {
                    "outcome": -0.0958535841173371
                },
                "metadata": {
                    "trials": 1
                }
            },
            {
                "query": {
                    "x1": -0.0034785396411529668,
                    "x2": 0.349524532882711
                },
                "metrics": {
                    "outcome": -0.003078471055064968
                },
                "metadata": {
                    "trials": 1
                }
            },
            {
                "query": {
                    "x1": -2.0,
                    "x2": 2.5164917705866614
                },
                "metrics": {
                    "outcome": -6.510015349812384e-05
                },
                "metadata": {
                    "trials": 1
                }
            },
            {
                "query": {
                    "x1": 0.2890834961096598,
                    "x2": 2.2962799433000063
                },
                "metrics": {
                    "outcome": 0.0013637588049017883
                },
                "metadata": {
                    "trials": 1
                }
            }
        ],
        [
            {
                "query": {
                    "x1": -1.1710228521238584,
                    "x2": -0.13814641073358414
                },
                "metrics": {
                    "outcome": -0.29156236483778897
                },
                "metadata": {
                    "trials": 1
                }
            },
            {
                "query": {
                    "x1": -1.1612632306255404,
                    "x2": 0.8802642598492003
                },
                "metrics": {
                    "outcome": -0.138915554304787
                },
                "metadata": {
                    "trials": 1
                }
            },
            {
                "query": {
                    "x1": -1.1746524030405334,
                    "x2": -1.1494212062922247
                },
                "metrics": {
                    "outcome": -0.07886599750901507
                },
                "metadata": {
                    "trials": 1
                }
            },
            {
                "query": {
                    "x1": -0.1992325761054674,
                    "x2": 0.033184826803251966
                },
                "metrics": {
                    "outcome": -0.1912684644776236
                },
                "metadata": {
                    "trials": 1
                }
            },
            {
                "query": {
                    "x1": -1.9999999999700893,
                    "x2": 1.8127108565945833
                },
                "metrics": {
                    "outcome": -0.0013702343862091652
                },
                "metadata": {
                    "trials": 1
                }
            },
            {
                "query": {
                    "x1": 2.9378622818489957,
                    "x2": -1.999799953235818
                },
                "metrics": {
                    "outcome": 9.611479061729873e-06
                },
                "metadata": {
                    "trials": 1
                }
            }
        ],
        [
            {
                "query": {
                    "x1": -2.0,
                    "x2": 0.19681115067527566
                },
                "metrics": {
                    "outcome": -0.035239507681044745
                },
                "metadata": {
                    "trials": 1
                }
            },
            {
                "query": {
                    "x1": -1.8557031895305973,
                    "x2": 0.19744280439738926
                },
                "metrics": {
                    "outcome": -0.05701993779103491
                },
                "metadata": {
                    "trials": 1
                }
            },
            {
                "query": {
                    "x1": -1.711284989186416,
                    "x2": 0.19806189239302485
                },
                "metrics": {
                    "outcome": -0.08799456010042034
                },
                "metadata": {
                    "trials": 1
                }
            },
            {
                "query": {
                    "x1": -1.5666949121726876,
                    "x2": 0.19868217225744944
                },
                "metrics": {
                    "outcome": -0.1293751048576465
                },
                "metadata": {
                    "trials": 1
                }
            },
            {
                "query": {
                    "x1": 6.0,
                    "x2": 4.874661998374611
                },
                "metrics": {
                    "outcome": 6.663482785789826e-26
                },
                "metadata": {
                    "trials": 1
                }
            },
            {
                "query": {
                    "x1": 5.200337663254825,
                    "x2": 4.87612675562137
                },
                "metrics": {
                    "outcome": 4.417048248134527e-22
                },
                "metadata": {
                    "trials": 1
                }
            }
        ],
        [
            {
                "query": {
                    "x1": 0.36580561212164486,
                    "x2": -0.06767552430675172
                },
                "metrics": {
                    "outcome": 0.31852735409035154
                },
                "metadata": {
                    "trials": 1
                }
            },
            {
                "query": {
                    "x1": 0.27334577090898504,
                    "x2": -0.06815261226657476
                },
                "metrics": {
                    "outcome": 0.252490813240582
                },
                "metadata": {
                    "trials": 1
                }
            },
            {
                "query": {
                    "x1": 0.4582323617304689,
                    "x2": -0.06721589893635005
                },
                "metrics": {
                    "outcome": 0.36977012215238503
                },
                "metadata": {
                    "trials": 1
                }
            },
            {
                "query": {
                    "x1": 0.5486988924995639,
                    "x2": -0.06678327052601074
                },
                "metrics": {
                    "outcome": 0.4042442788298384
                },
                "metadata": {
                    "trials": 1
                }
            },
            {
                "query": {
                    "x1": 0.18660065758532518,
                    "x2": -0.0686158184316048
                },
                "metrics": {
                    "outcome": 0.17936859462952148
                },
                "metadata": {
                    "trials": 1
                }
            },
            {
                "query": {
                    "x1": 0.10380925088101556,
                    "x2": -0.0690715586366748
                },
                "metrics": {
                    "outcome": 0.10220778490910147
                },
                "metadata": {
                    "trials": 1
                }
            }
        ],
        [
            {
                "query": {
                    "x1": 2.0818320419603547,
                    "x2": 2.161641435827936
                },
                "metrics": {
                    "outcome": 0.0002551982018473398
                },
                "metadata": {
                    "trials": 1
                }
            },
            {
                "query": {
                    "x1": 1.8335095907003591,
                    "x2": 3.7946276042928364
                },
                "metrics": {
                    "outcome": 3.546483711573297e-08
                },
                "metadata": {
                    "trials": 1
                }
            },
            {
                "query": {
                    "x1": 2.344634693811522,
                    "x2": 0.6029595074169483
                },
                "metrics": {
                    "outcome": 0.00667929787068649
                },
                "metadata": {
                    "trials": 1
                }
            },
            {
                "query": {
                    "x1": -0.6505344388751113,
                    "x2": 0.5023516870307274
                },
                "metrics": {
                    "outcome": -0.33104091072169395
                },
                "metadata": {
                    "trials": 1
                }
            },
            {
                "query": {
                    "x1": -0.6026324718432854,
                    "x2": 1.1861980698369936
                },
                "metrics": {
                    "outcome": -0.10262440341168251
                },
                "metadata": {
                    "trials": 1
                }
            },
            {
                "query": {
                    "x1": -0.6427382919653928,
                    "x2": -0.1391500623796571
                },
                "metrics": {
                    "outcome": -0.41707346386776684
                },
                "metadata": {
                    "trials": 1
                }
            }
        ],
        [
            {
                "query": {
                    "x1": 4.2037700846685215,
                    "x2": 2.0663222839851176
                },
                "metrics": {
                    "outcome": 1.243433982468021e-09
                },
                "metadata": {
                    "trials": 1
                }
            },
            {
                "query": {
                    "x1": -0.016029256626001853,
                    "x2": 6.0
                },
                "metrics": {
                    "outcome": -3.717067494456224e-18
                },
                "metadata": {
                    "trials": 1
                }
            },
            {
                "query": {
                    "x1": 5.3235263011900855,
                    "x2": 0.23374510151748407
                },
                "metrics": {
                    "outcome": 2.480817111429335e-12
                },
                "metadata": {
                    "trials": 1
                }
            },
            {
                "query": {
                    "x1": 4.218223340860199,
                    "x2": 3.9721688681408818
                },
                "metrics": {
                    "outcome": 1.1096799735476194e-14
                },
                "metadata": {
                    "trials": 1
                }
            },
            {
                "query": {
                    "x1": 3.49123610064959,
                    "x2": 0.428610933556127
                },
                "metrics": {
                    "outcome": 1.4780807847730077e-05
                },
                "metadata": {
                    "trials": 1
                }
            },
            {
                "query": {
                    "x1": -0.785048698796688,
                    "x2": -0.032279087634342174
                },
                "metrics": {
                    "outcome": -0.4234359883532201
                },
                "metadata": {
                    "trials": 1
                }
            }
        ],
        [
            {
                "query": {
                    "x1": -0.04952599501444377,
                    "x2": 4.522378961749984
                },
                "metrics": {
                    "outcome": -6.480606681233866e-11
                },
                "metadata": {
                    "trials": 1
                }
            },
            {
                "query": {
                    "x1": -0.6858636025964415,
                    "x2": 0.04619710748857697
                },
                "metrics": {
                    "outcome": -0.4275775706867972
                },
                "metadata": {
                    "trials": 1
                }
            },
            {
                "query": {
                    "x1": 4.353360225773762,
                    "x2": -0.8460937493233058
                },
                "metrics": {
                    "outcome": 1.2510821146722803e-08
                },
                "metadata": {
                    "trials": 1
                }
            },
            {
                "query": {
                    "x1": -0.7575638941474891,
                    "x2": -0.2204652706867034
                },
                "metrics": {
                    "outcome": -0.40650648952072327
                },
                "metadata": {
                    "trials": 1
                }
            },
            {
                "query": {
                    "x1": -0.7476484824335012,
                    "x2": 0.2829649523897335
                },
                "metrics": {
                    "outcome": -0.39460509553870843
                },
                "metadata": {
                    "trials": 1
                }
            },
            {
                "query": {
                    "x1": -2.0,
                    "x2": 4.827818476919373
                },
                "metrics": {
                    "outcome": -2.7630552728844466e-12
                },
                "metadata": {
                    "trials": 1
                }
            }
        ],
        [
            {
                "query": {
                    "x1": -0.7027390473749469,
                    "x2": -0.014053468027396931
                },
                "metrics": {
                    "outcome": -0.42878085273253363
                },
                "metadata": {
                    "trials": 1
                }
            },
            {
                "query": {
                    "x1": -0.7295465195340869,
                    "x2": 0.09990676845731983
                },
                "metrics": {
                    "outcome": -0.4241994088004297
                },
                "metadata": {
                    "trials": 1
                }
            },
            {
                "query": {
                    "x1": -0.722391023166397,
                    "x2": -0.12506781165710312
                },
                "metrics": {
                    "outcome": -0.42202975783999164
                },
                "metadata": {
                    "trials": 1
                }
            },
            {
                "query": {
                    "x1": -0.5957644690934512,
                    "x2": 0.014144402212008078
                },
                "metrics": {
                    "outcome": -0.4176776806392165
                },
                "metadata": {
                    "trials": 1
                }
            },
            {
                "query": {
                    "x1": -0.8235375221189982,
                    "x2": -0.0177632997841759
                },
                "metrics": {
                    "outcome": -0.4178320375057676
                },
                "metadata": {
                    "trials": 1
                }
            },
            {
                "query": {
                    "x1": -0.6370260743233254,
                    "x2": 0.20983758985965384
                },
                "metrics": {
                    "outcome": -0.4062531771345206
                },
                "metadata": {
                    "trials": 1
                }
            }
        ],
        [
            {
                "query": {
                    "x1": 6.0,
                    "x2": 2.9353773668648193
                },
                "metrics": {
                    "outcome": 2.520446202195748e-19
                },
                "metadata": {
                    "trials": 1
                }
            },
            {
                "query": {
                    "x1": 2.2319472861443357,
                    "x2": 5.8049690491547645
                },
                "metrics": {
                    "outcome": 3.5521983240623974e-17
                },
                "metadata": {
                    "trials": 1
                }
            },
            {
                "query": {
                    "x1": -0.7067191385482405,
                    "x2": -0.0021381098080563987
                },
                "metrics": {
                    "outcome": -0.4288798529288214
                },
                "metadata": {
                    "trials": 1
                }
            },
            {
                "query": {
                    "x1": -0.7060327884381961,
                    "x2": 0.0878847896630246
                },
                "metrics": {
                    "outcome": -0.42558114903174343
                },
                "metadata": {
                    "trials": 1
                }
            },
            {
                "query": {
                    "x1": -0.7066365468595237,
                    "x2": -0.0913611725363297
                },
                "metrics": {
                    "outcome": -0.4253168338162895
                },
                "metadata": {
                    "trials": 1
                }
            },
            {
                "query": {
                    "x1": -0.7889414409715259,
                    "x2": 0.026686087733397645
                },
                "metrics": {
                    "outcome": -0.42307579789296174
                },
                "metadata": {
                    "trials": 1
                }
            }
        ],
        [
            {
                "query": {
                    "x1": 0.886120194087145,
                    "x2": 5.9999999999999325
                },
                "metrics": {
                    "outcome": 9.373015825656811e-17
                },
                "metadata": {
                    "trials": 1
                }
            },
            {
                "query": {
                    "x1": 3.00221518709572,
                    "x2": 3.8391841015169295
                },
                "metrics": {
                    "outcome": 1.4514611618284746e-10
                },
                "metadata": {
                    "trials": 1
                }
            },
            {
                "query": {
                    "x1": 5.030446912170404,
                    "x2": 2.295803312287073
                },
                "metrics": {
                    "outcome": 2.645886192324119e-13
                },
                "metadata": {
                    "trials": 1
                }
            },
            {
                "query": {
                    "x1": -0.7086676638427627,
                    "x2": -0.0001361125678380759
                },
                "metrics": {
                    "outcome": -0.4288798462578558
                },
                "metadata": {
                    "trials": 1
                }
            },
            {
                "query": {
                    "x1": 3.2904882411352583,
                    "x2": 6.0
                },
                "metrics": {
                    "outcome": 1.5150144095333457e-20
                },
                "metadata": {
                    "trials": 1
                }
            },
            {
                "query": {
                    "x1": -0.6945317878346835,
                    "x2": -0.0746041777345745
                },
                "metrics": {
                    "outcome": -0.42636583456248667
                },
                "metadata": {
                    "trials": 1
                }
            }
        ],
        [
            {
                "query": {
                    "x1": -0.7103020245332985,
                    "x2": 0.00023212227067714863
                },
                "metrics": {
                    "outcome": -0.4288731751987651
                },
                "metadata": {
                    "trials": 1
                }
            },
            {
                "query": {
                    "x1": -0.6945391816378101,
                    "x2": -0.06940287538096168
                },
                "metrics": {
                    "outcome": -0.4266854726112511
                },
                "metadata": {
                    "trials": 1
                }
            },
            {
                "query": {
                    "x1": -0.7011841357999313,
                    "x2": 0.07096381999111623
                },
                "metrics": {
                    "outcome": -0.42669756021899335
                },
                "metadata": {
                    "trials": 1
                }
            },
            {
                "query": {
                    "x1": -0.6418474499926945,
                    "x2": 0.003775991707089865
                },
                "metrics": {
                    "outcome": -0.4251186266239152
                },
                "metadata": {
                    "trials": 1
                }
            },
            {
                "query": {
                    "x1": -0.7710332938990359,
                    "x2": -0.033837741157658696
                },
                "metrics": {
                    "outcome": -0.42500214771213124
                },
                "metadata": {
                    "trials": 1
                }
            },
            {
                "query": {
                    "x1": -0.7791622050480853,
                    "x2": 0.06462840377205437
                },
                "metrics": {
                    "outcome": -0.4228208952886155
                },
                "metadata": {
                    "trials": 1
                }
            }
        ],
        [
            {
                "query": {
                    "x1": -1.9043336958782962,
                    "x2": 0.9791963167714108
                },
                "metrics": {
                    "outcome": -0.01942527801541342
                },
                "metadata": {
                    "trials": 1
                }
            },
            {
                "query": {
                    "x1": -2.0,
                    "x2": 2.9168647970063812
                },
                "metrics": {
                    "outcome": -7.3931766056067496e-06
                },
                "metadata": {
                    "trials": 1
                }
            },
            {
                "query": {
                    "x1": -1.2597318852527106,
                    "x2": 6.0
                },
                "metrics": {
                    "outcome": -5.977013730217768e-17
                },
                "metadata": {
                    "trials": 1
                }
            },
            {
                "query": {
                    "x1": -1.9109110258950455,
                    "x2": -1.015010679207886
                },
                "metrics": {
                    "outcome": -0.017698993197033563
                },
                "metadata": {
                    "trials": 1
                }
            },
            {
                "query": {
                    "x1": 0.7003902863862796,
                    "x2": 3.6798932730165266
                },
                "metrics": {
                    "outcome": 5.639622042758186e-07
                },
                "metadata": {
                    "trials": 1
                }
            },
            {
                "query": {
                    "x1": 3.078361730416007,
                    "x2": -2.0
                },
                "metrics": {
                    "outcome": 4.321476664949411e-06
                },
                "metadata": {
                    "trials": 1
                }
            }
        ],
        [
            {
                "query": {
                    "x1": -1.2913834811192575,
                    "x2": 0.06081729287524418
                },
                "metrics": {
                    "outcome": -0.2427663238033498
                },
                "metadata": {
                    "trials": 1
                }
            },
            {
                "query": {
                    "x1": 5.411751535896949,
                    "x2": 5.897830202316734
                },
                "metrics": {
                    "outcome": 8.080870659338093e-28
                },
                "metadata": {
                    "trials": 1
                }
            },
            {
                "query": {
                    "x1": -1.3741615862904766,
                    "x2": 1.1825978112260702
                },
                "metrics": {
                    "outcome": -0.05135392760213405
                },
                "metadata": {
                    "trials": 1
                }
            },
            {
                "query": {
                    "x1": 3.75861758016139,
                    "x2": -2.0
                },
                "metrics": {
                    "outcome": 5.0406036916521015e-08
                },
                "metadata": {
                    "trials": 1
                }
            },
            {
                "query": {
                    "x1": -0.4376594894348478,
                    "x2": -0.23030901116159508
                },
                "metrics": {
                    "outcome": -0.3426992078330525
                },
                "metadata": {
                    "trials": 1
                }
            },
            {
                "query": {
                    "x1": -1.5063263903222852,
                    "x2": 3.7091914543326414
                },
                "metrics": {
                    "outcome": -1.6497917113854743e-07
                },
                "metadata": {
                    "trials": 1
                }
            }
        ],
        [
            {
                "query": {
                    "x1": 1.9526225797958632,
                    "x2": 1.8255624846783247
                },
                "metrics": {
                    "outcome": 0.0015395887512116996
                },
                "metadata": {
                    "trials": 1
                }
            },
            {
                "query": {
                    "x1": -0.7530660173980843,
                    "x2": -0.0627562898598093
                },
                "metrics": {
                    "outcome": -0.4254324231907309
                },
                "metadata": {
                    "trials": 1
                }
            },
            {
                "query": {
                    "x1": 1.9898704608255189,
                    "x2": -1.8701885231395
                },
                "metrics": {
                    "outcome": 0.0011487050421370398
                },
                "metadata": {
                    "trials": 1
                }
            },
            {
                "query": {
                    "x1": 4.669323579307784,
                    "x2": 6.0
                },
                "metrics": {
                    "outcome": 3.680537693715322e-25
                },
                "metadata": {
                    "trials": 1
                }
            },
            {
                "query": {
                    "x1": 1.5389275069020871,
                    "x2": 5.243364006043363
                },
                "metrics": {
                    "outcome": 1.6545482109994971e-13
                },
                "metadata": {
                    "trials": 1
                }
            },
            {
                "query": {
                    "x1": 6.0,
                    "x2": -0.18520792339417724
                },
                "metrics": {
                    "outcome": 1.3447846507266392e-15
                },
                "metadata": {
                    "trials": 1
                }
            }
        ],
        [
            {
                "query": {
                    "x1": 4.045485342813485,
                    "x2": 3.5492578153166026
                },
                "metrics": {
                    "outcome": 1.0676286206585987e-12
                },
                "metadata": {
                    "trials": 1
                }
            },
            {
                "query": {
                    "x1": 1.017197909626263,
                    "x2": -0.12218933992699932
                },
                "metrics": {
                    "outcome": 0.3560905870108474
                },
                "metadata": {
                    "trials": 1
                }
            },
            {
                "query": {
                    "x1": 5.255719995132113,
                    "x2": -1.9138757219572475
                },
                "metrics": {
                    "outcome": 1.3598987779230024e-13
                },
                "metadata": {
                    "trials": 1
                }
            },
            {
                "query": {
                    "x1": 0.14145480716395475,
                    "x2": 6.0
                },
                "metrics": {
                    "outcome": 3.2160764458690814e-17
                },
                "metadata": {
                    "trials": 1
                }
            },
            {
                "query": {
                    "x1": 5.5735689031946425,
                    "x2": 1.153530951904076
                },
                "metrics": {
                    "outcome": 4.753698333730916e-14
                },
                "metadata": {
                    "trials": 1
                }
            },
            {
                "query": {
                    "x1": 3.95872701080184,
                    "x2": 6.0
                },
                "metrics": {
                    "outcome": 1.4351580915695397e-22
                },
                "metadata": {
                    "trials": 1
                }
            }
        ],
        [
            {
                "query": {
                    "x1": 2.7220754583128928,
                    "x2": 0.40516894224795363
                },
                "metrics": {
                    "outcome": 0.001398350366126643
                },
                "metadata": {
                    "trials": 1
                }
            },
            {
                "query": {
                    "x1": -0.7095165124076999,
                    "x2": 0.00014359190149138001
                },
                "metrics": {
                    "outcome": -0.42887695844275125
                },
                "metadata": {
                    "trials": 1
                }
            },
            {
                "query": {
                    "x1": -0.6793266098012913,
                    "x2": -0.08311168835929683
                },
                "metrics": {
                    "outcome": -0.42526386380687264
                },
                "metadata": {
                    "trials": 1
                }
            },
            {
                "query": {
                    "x1": -0.7008713608865107,
                    "x2": 0.0871961756398063
                },
                "metrics": {
                    "outcome": -0.4256002496581196
                },
                "metadata": {
                    "trials": 1
                }
            },
            {
                "query": {
                    "x1": -0.793273976486216,
                    "x2": -0.006077368278120332
                },
                "metrics": {
                    "outcome": -0.4227783808741281
                },
                "metadata": {
                    "trials": 1
                }
            },
            {
                "query": {
                    "x1": -0.6218020234565558,
                    "x2": 0.021806361768483384
                },
                "metrics": {
                    "outcome": -0.42221238863121097
                },
                "metadata": {
                    "trials": 1
                }
            }
        ],
        [
            {
                "query": {
                    "x1": -0.7069878660351097,
                    "x2": 0.00022820651627020183
                },
                "metrics": {
                    "outcome": -0.42888190801479026
                },
                "metadata": {
                    "trials": 1
                }
            },
            {
                "query": {
                    "x1": 4.276277516916699,
                    "x2": 0.13117543362663042
                },
                "metrics": {
                    "outcome": 4.8066829939912444e-08
                },
                "metadata": {
                    "trials": 1
                }
            },
            {
                "query": {
                    "x1": -0.7111016979783016,
                    "x2": -0.09088982229243947
                },
                "metrics": {
                    "outcome": -0.4253400089095808
                },
                "metadata": {
                    "trials": 1
                }
            },
            {
                "query": {
                    "x1": -0.7170943000931451,
                    "x2": 0.09044280938292415
                },
                "metrics": {
                    "outcome": -0.4253035780851725
                },
                "metadata": {
                    "trials": 1
                }
            },
            {
                "query": {
                    "x1": -0.6218831964389591,
                    "x2": -0.012732049363213704
                },
                "metrics": {
                    "outcome": -0.4223572301708982
                },
                "metadata": {
                    "trials": 1
                }
            },
            {
                "query": {
                    "x1": -0.794168546550269,
                    "x2": -0.007327009316369315
                },
                "metrics": {
                    "outcome": -0.4226474367208705
                },
                "metadata": {
                    "trials": 1
                }
            }
        ],
        [
            {
                "query": {
                    "x1": -0.5364060976852052,
                    "x2": 4.335519325791386
                },
                "metrics": {
                    "outcome": -2.7619660170321324e-09
                },
                "metadata": {
                    "trials": 1
                }
            },
            {
                "query": {
                    "x1": -1.0958901593991293,
                    "x2": -2.0
                },
                "metrics": {
                    "outcome": -0.006039655666665587
                },
                "metadata": {
                    "trials": 1
                }
            },
            {
                "query": {
                    "x1": -1.080694020805914,
                    "x2": -1.5937094488567556
                },
                "metrics": {
                    "outcome": -0.026510724562853215
                },
                "metadata": {
                    "trials": 1
                }
            },
            {
                "query": {
                    "x1": -1.0670190794516428,
                    "x2": -1.2042457573458942
                },
                "metrics": {
                    "outcome": -0.08014893348990906
                },
                "metadata": {
                    "trials": 1
                }
            },
            {
                "query": {
                    "x1": -1.0541270852759794,
                    "x2": -0.822274718872547
                },
                "metrics": {
                    "outcome": -0.17646960834890782
                },
                "metadata": {
                    "trials": 1
                }
            },
            {
                "query": {
                    "x1": -1.040864119088962,
                    "x2": -0.4371155857995932
                },
                "metrics": {
                    "outcome": -0.2910043981940668
                },
                "metadata": {
                    "trials": 1
                }
            }
        ],
        [
            {
                "query": {
                    "x1": 2.4583928437999845,
                    "x2": 4.628159720864141
                },
                "metrics": {
                    "outcome": 2.906562642741014e-12
                },
                "metadata": {
                    "trials": 1
                }
            },
            {
                "query": {
                    "x1": -0.707903093573405,
                    "x2": -0.0007066086775739944
                },
                "metrics": {
                    "outcome": -0.42888118462647906
                },
                "metadata": {
                    "trials": 1
                }
            },
            {
                "query": {
                    "x1": -0.6773688473145976,
                    "x2": 0.09449184068316185
                },
                "metrics": {
                    "outcome": -0.42430760998990735
                },
                "metadata": {
                    "trials": 1
                }
            },
            {
                "query": {
                    "x1": -0.7174669122881621,
                    "x2": -0.09940915128007055
                },
                "metrics": {
                    "outcome": -0.42457381676005373
                },
                "metadata": {
                    "trials": 1
                }
            },
            {
                "query": {
                    "x1": -0.8076852681983462,
                    "x2": 0.0032163156384950042
                },
                "metrics": {
                    "outcome": -0.42065231018854965
                },
                "metadata": {
                    "trials": 1
                }
            },
            {
                "query": {
                    "x1": -0.6147304875071915,
                    "x2": -0.041704552670200234
                },
                "metrics": {
                    "outcome": -0.42054483553750976
                },
                "metadata": {
                    "trials": 1
                }
            }
        ],
        [
            {
                "query": {
                    "x1": -0.7097966366933794,
                    "x2": -0.0002069691036481469
                },
                "metrics": {
                    "outcome": -0.42887572580240757
                },
                "metadata": {
                    "trials": 1
                }
            },
            {
                "query": {
                    "x1": 4.928552010177862,
                    "x2": 3.2815330728664636
                },
                "metrics": {
                    "outcome": 2.9292235988186907e-15
                },
                "metadata": {
                    "trials": 1
                }
            },
            {
                "query": {
                    "x1": -0.7173583613135666,
                    "x2": 0.09881065579123094
                },
                "metrics": {
                    "outcome": -0.4246260749764068
                },
                "metadata": {
                    "trials": 1
                }
            },
            {
                "query": {
                    "x1": -0.7025088331111538,
                    "x2": -0.09922904198800953
                },
                "metrics": {
                    "outcome": -0.4246617253231332
                },
                "metadata": {
                    "trials": 1
                }
            },
            {
                "query": {
                    "x1": -0.6171266266932351,
                    "x2": 0.023060114326463932
                },
                "metrics": {
                    "outcome": -0.42144833266589793
                },
                "metadata": {
                    "trials": 1
                }
            },
            {
                "query": {
                    "x1": -0.8001757343766123,
                    "x2": -0.028091459911246952
                },
                "metrics": {
                    "outcome": -0.4214752410029535
                },
                "metadata": {
                    "trials": 1
                }
            }
        ]
    ],
    "best_results": [
        {
            "query": {
                "x1": -0.7069878660351097,
                "x2": 0.00022820651627020183
            },
            "metrics": [
                {
                    "name": "outcome",
                    "value": -0.42888190801479026
                }
            ]
        }
    ]
}