{
    "date": "05/11/2022 12:03:25",
    "basic_params": {
        "active_variables": [
            "x"
        ],
        "default_query": {},
        "metric": "basic",
        "n_trials": 1
    },
    "objective_function": {
        "name": "Forrester",
        "params": {}
    },
    "optimizer": {
        "name": "BBO-LP(LCB)",
        "params": {
            "lower_bound": [
                0.0
            ],
            "upper_bound": [
                1.0
            ],
            "invert_metric": false,
            "bopt_params": {
                "n_init_samples": 12,
                "n_iterations": 23,
                "n_iter_relearn": 5,
                "verbose_level": 0,
                "n_parallel_samples": 6,
                "par_type": "PAR_BBO",
                "crit_name": "cLP(cLCB)",
                "n_crit_params": 3,
                "crit_params": [
                    6,
                    1,
                    1.0
                ]
            }
        }
    },
    "iterations": [
        [
            {
                "query": {
                    "x": 0.043861591121337064
                },
                "metrics": {
                    "outcome": 0.9834020372586849
                },
                "metadata": {
                    "trials": 1
                }
            }
        ],
        [
            {
                "query": {
                    "x": 0.2965269345440902
                },
                "metrics": {
                    "outcome": -0.02084685337646552
                },
                "metadata": {
                    "trials": 1
                }
            }
        ],
        [
            {
                "query": {
                    "x": 0.6717349357010486
                },
                "metrics": {
                    "outcome": -3.2779853269359087
                },
                "metadata": {
                    "trials": 1
                }
            }
        ],
        [
            {
                "query": {
                    "x": 0.3820220578151445
                },
                "metrics": {
                    "outcome": 0.04707308778875101
                },
                "metadata": {
                    "trials": 1
                }
            }
        ],
        [
            {
                "query": {
                    "x": 0.8437206679761099
                },
                "metrics": {
                    "outcome": -1.480515372081507
                },
                "metadata": {
                    "trials": 1
                }
            }
        ],
        [
            {
                "query": {
                    "x": 0.9433625198629064
                },
                "metrics": {
                    "outcome": 11.53425438623165
                },
                "metadata": {
                    "trials": 1
                }
            }
        ],
        [
            {
                "query": {
                    "x": 0.7742734411343312
                },
                "metrics": {
                    "outcome": -5.85899406760198
                },
                "metadata": {
                    "trials": 1
                }
            }
        ],
        [
            {
                "query": {
                    "x": 0.1518352912583699
                },
                "metrics": {
                    "outcome": -0.973928635177281
                },
                "metadata": {
                    "trials": 1
                }
            }
        ],
        [
            {
                "query": {
                    "x": 0.4555228620301932
                },
                "metrics": {
                    "outcome": 0.5345567871667367
                },
                "metadata": {
                    "trials": 1
                }
            }
        ],
        [
            {
                "query": {
                    "x": 0.1960787012358196
                },
                "metrics": {
                    "outcome": -0.6762269590050746
                },
                "metadata": {
                    "trials": 1
                }
            }
        ],
        [
            {
                "query": {
                    "x": 0.6218081681678692
                },
                "metrics": {
                    "outcome": -0.9426901731341145
                },
                "metadata": {
                    "trials": 1
                }
            }
        ],
        [
            {
                "query": {
                    "x": 0.5211174655511664
                },
                "metrics": {
                    "outcome": 0.9850109834699665
                },
                "metadata": {
                    "trials": 1
                }
            }
        ],
        [
            {
                "query": {
                    "x": 0.7648005523612122
                },
                "metrics": {
                    "outcome": -5.989650837777921
                },
                "metadata": {
                    "trials": 1
                }
            },
            {
                "query": {
                    "x": 0.7800704835606572
                },
                "metrics": {
                    "outcome": -5.726299961385771
                },
                "metadata": {
                    "trials": 1
                }
            },
            {
                "query": {
                    "x": 0.7566356011811275
                },
                "metrics": {
                    "outcome": -6.020539642606057
                },
                "metadata": {
                    "trials": 1
                }
            },
            {
                "query": {
                    "x": 0.7726087136055505
                },
                "metrics": {
                    "outcome": -5.889593695443694
                },
                "metadata": {
                    "trials": 1
                }
            },
            {
                "query": {
                    "x": 0.7865085837086375
                },
                "metrics": {
                    "outcome": -5.530334597945573
                },
                "metadata": {
                    "trials": 1
                }
            },
            {
                "query": {
                    "x": 0.7753138094812657
                },
                "metrics": {
                    "outcome": -5.838183797122881
                },
                "metadata": {
                    "trials": 1
                }
            }
        ],
        [
            {
                "query": {
                    "x": 0.7587284653171706
                },
                "metrics": {
                    "outcome": -6.019565934986994
                },
                "metadata": {
                    "trials": 1
                }
            },
            {
                "query": {
                    "x": 0.7603464235557988
                },
                "metrics": {
                    "outcome": -6.015571336310018
                },
                "metadata": {
                    "trials": 1
                }
            },
            {
                "query": {
                    "x": 0.757111719931042
                },
                "metrics": {
                    "outcome": -6.020730031414563
                },
                "metadata": {
                    "trials": 1
                }
            },
            {
                "query": {
                    "x": 0.7552617224861526
                },
                "metrics": {
                    "outcome": -6.018643672325836
                },
                "metadata": {
                    "trials": 1
                }
            },
            {
                "query": {
                    "x": 0.7533764999282584
                },
                "metrics": {
                    "outcome": -6.0128226678931735
                },
                "metadata": {
                    "trials": 1
                }
            },
            {
                "query": {
                    "x": 0.7620334107656773
                },
                "metrics": {
                    "outcome": -6.008351698392531
                },
                "metadata": {
                    "trials": 1
                }
            }
        ],
        [
            {
                "query": {
                    "x": 0.7572498652012378
                },
                "metrics": {
                    "outcome": -6.020740055112261
                },
                "metadata": {
                    "trials": 1
                }
            },
            {
                "query": {
                    "x": 0.7565815614361641
                },
                "metrics": {
                    "outcome": -6.020502796380446
                },
                "metadata": {
                    "trials": 1
                }
            },
            {
                "query": {
                    "x": 0.7579151381166588
                },
                "metrics": {
                    "outcome": -6.020502475436813
                },
                "metadata": {
                    "trials": 1
                }
            },
            {
                "query": {
                    "x": 0.755933881383212
                },
                "metrics": {
                    "outcome": -6.019820292796142
                },
                "metadata": {
                    "trials": 1
                }
            },
            {
                "query": {
                    "x": 0.7585757725214335
                },
                "metrics": {
                    "outcome": -6.019796154872801
                },
                "metadata": {
                    "trials": 1
                }
            },
            {
                "query": {
                    "x": 0.7552715234958034
                },
                "metrics": {
                    "outcome": -6.018664242854307
                },
                "metadata": {
                    "trials": 1
                }
            }
        ],
        [
            {
                "query": {
                    "x": 0.7572660834456192
                },
                "metrics": {
                    "outcome": -6.020739895463671
                },
                "metadata": {
                    "trials": 1
                }
            },
            {
                "query": {
                    "x": 0.7567114074341069
                },
                "metrics": {
                    "outcome": -6.020586101090042
                },
                "metadata": {
                    "trials": 1
                }
            },
            {
                "query": {
                    "x": 0.7578197212947809
                },
                "metrics": {
                    "outcome": -6.020565688263672
                },
                "metadata": {
                    "trials": 1
                }
            },
            {
                "query": {
                    "x": 0.7561597332716274
                },
                "metrics": {
                    "outcome": -6.020108714089182
                },
                "metadata": {
                    "trials": 1
                }
            },
            {
                "query": {
                    "x": 0.7583726767120459
                },
                "metrics": {
                    "outcome": -6.020063354696069
                },
                "metadata": {
                    "trials": 1
                }
            },
            {
                "query": {
                    "x": 0.7556182305142155
                },
                "metrics": {
                    "outcome": -6.019326980111905
                },
                "metadata": {
                    "trials": 1
                }
            }
        ],
        [
            {
                "query": {
                    "x": 0.7572662838625436
                },
                "metrics": {
                    "outcome": -6.020739891733452
                },
                "metadata": {
                    "trials": 1
                }
            },
            {
                "query": {
                    "x": 0.7567663294726973
                },
                "metrics": {
                    "outcome": -6.020615944350462
                },
                "metadata": {
                    "trials": 1
                }
            },
            {
                "query": {
                    "x": 0.7577658586094754
                },
                "metrics": {
                    "outcome": -6.020597056756496
                },
                "metadata": {
                    "trials": 1
                }
            },
            {
                "query": {
                    "x": 0.7562843974099426
                },
                "metrics": {
                    "outcome": -6.02024480651005
                },
                "metadata": {
                    "trials": 1
                }
            },
            {
                "query": {
                    "x": 0.7582654872249047
                },
                "metrics": {
                    "outcome": -6.0201864423916
                },
                "metadata": {
                    "trials": 1
                }
            },
            {
                "query": {
                    "x": 0.7557977342565443
                },
                "metrics": {
                    "outcome": -6.0196204013676935
                },
                "metadata": {
                    "trials": 1
                }
            }
        ],
        [
            {
                "query": {
                    "x": 0.7572615789431884
                },
                "metrics": {
                    "outcome": -6.020739967983945
                },
                "metadata": {
                    "trials": 1
                }
            },
            {
                "query": {
                    "x": 0.7568076126994019
                },
                "metrics": {
                    "outcome": -6.020636264599637
                },
                "metadata": {
                    "trials": 1
                }
            },
            {
                "query": {
                    "x": 0.7577153695148073
                },
                "metrics": {
                    "outcome": -6.020623634661409
                },
                "metadata": {
                    "trials": 1
                }
            },
            {
                "query": {
                    "x": 0.7563683224559546
                },
                "metrics": {
                    "outcome": -6.0203271557269105
                },
                "metadata": {
                    "trials": 1
                }
            },
            {
                "query": {
                    "x": 0.7581701367178386
                },
                "metrics": {
                    "outcome": -6.020285533078378
                },
                "metadata": {
                    "trials": 1
                }
            },
            {
                "query": {
                    "x": 0.7559224162823405
                },
                "metrics": {
                    "outcome": -6.019804214075608
                },
                "metadata": {
                    "trials": 1
                }
            }
        ],
        [
            {
                "query": {
                    "x": 0.7572628315483849
                },
                "metrics": {
                    "outcome": -6.020739949993073
                },
                "metadata": {
                    "trials": 1
                }
            },
            {
                "query": {
                    "x": 0.7568333057293595
                },
                "metrics": {
                    "outcome": -6.020647995702189
                },
                "metadata": {
                    "trials": 1
                }
            },
            {
                "query": {
                    "x": 0.7576922435302588
                },
                "metrics": {
                    "outcome": -6.020634895600974
                },
                "metadata": {
                    "trials": 1
                }
            },
            {
                "query": {
                    "x": 0.7564177856990336
                },
                "metrics": {
                    "outcome": -6.020372194005424
                },
                "metadata": {
                    "trials": 1
                }
            },
            {
                "query": {
                    "x": 0.7581237998522068
                },
                "metrics": {
                    "outcome": -6.0203301537198
                },
                "metadata": {
                    "trials": 1
                }
            },
            {
                "query": {
                    "x": 0.75857495145727
                },
                "metrics": {
                    "outcome": -6.019797324725591
                },
                "metadata": {
                    "trials": 1
                }
            }
        ],
        [
            {
                "query": {
                    "x": 0.7572532672841877
                },
                "metrics": {
                    "outcome": -6.020740044907933
                },
                "metadata": {
                    "trials": 1
                }
            },
            {
                "query": {
                    "x": 0.7568435446213561
                },
                "metrics": {
                    "outcome": -6.020652474893733
                },
                "metadata": {
                    "trials": 1
                }
            },
            {
                "query": {
                    "x": 0.7576629451616058
                },
                "metrics": {
                    "outcome": -6.0206483388274386
                },
                "metadata": {
                    "trials": 1
                }
            },
            {
                "query": {
                    "x": 0.7564434820613768
                },
                "metrics": {
                    "outcome": -6.020394567687009
                },
                "metadata": {
                    "trials": 1
                }
            },
            {
                "query": {
                    "x": 0.758071460124303
                },
                "metrics": {
                    "outcome": -6.0203777764765345
                },
                "metadata": {
                    "trials": 1
                }
            },
            {
                "query": {
                    "x": 0.758496728205463
                },
                "metrics": {
                    "outcome": -6.019905439145412
                },
                "metadata": {
                    "trials": 1
                }
            }
        ],
        [
            {
                "query": {
                    "x": 0.7572474169107505
                },
                "metrics": {
                    "outcome": -6.020740054806896
                },
                "metadata": {
                    "trials": 1
                }
            },
            {
                "query": {
                    "x": 0.7568531758777463
                },
                "metrics": {
                    "outcome": -6.02065658642443
                },
                "metadata": {
                    "trials": 1
                }
            },
            {
                "query": {
                    "x": 0.757641675799685
                },
                "metrics": {
                    "outcome": -6.020657521650264
                },
                "metadata": {
                    "trials": 1
                }
            },
            {
                "query": {
                    "x": 0.7564657285449313
                },
                "metrics": {
                    "outcome": -6.020413371981698
                },
                "metadata": {
                    "trials": 1
                }
            },
            {
                "query": {
                    "x": 0.7580327117773099
                },
                "metrics": {
                    "outcome": -6.0204111347236955
                },
                "metadata": {
                    "trials": 1
                }
            },
            {
                "query": {
                    "x": 0.758438593857274
                },
                "metrics": {
                    "outcome": -6.019981510134269
                },
                "metadata": {
                    "trials": 1
                }
            }
        ],
        [
            {
                "query": {
                    "x": 0.7572435232224558
                },
                "metrics": {
                    "outcome": -6.020740041134927
                },
                "metadata": {
                    "trials": 1
                }
            },
            {
                "query": {
                    "x": 0.7576251500503015
                },
                "metrics": {
                    "outcome": -6.02066432181221
                },
                "metadata": {
                    "trials": 1
                }
            },
            {
                "query": {
                    "x": 0.7568619214790951
                },
                "metrics": {
                    "outcome": -6.020660234341796
                },
                "metadata": {
                    "trials": 1
                }
            },
            {
                "query": {
                    "x": 0.758002238916566
                },
                "metrics": {
                    "outcome": -6.020436234709787
                },
                "metadata": {
                    "trials": 1
                }
            },
            {
                "query": {
                    "x": 0.7564851387063816
                },
                "metrics": {
                    "outcome": -6.020429349952944
                },
                "metadata": {
                    "trials": 1
                }
            },
            {
                "query": {
                    "x": 0.7583927544773172
                },
                "metrics": {
                    "outcome": -6.020038921853518
                },
                "metadata": {
                    "trials": 1
                }
            }
        ],
        [
            {
                "query": {
                    "x": 0.7572408554193338
                },
                "metrics": {
                    "outcome": -6.020740022420196
                },
                "metadata": {
                    "trials": 1
                }
            },
            {
                "query": {
                    "x": 0.7568699250648738
                },
                "metrics": {
                    "outcome": -6.020663501406122
                },
                "metadata": {
                    "trials": 1
                }
            },
            {
                "query": {
                    "x": 0.7576118227385207
                },
                "metrics": {
                    "outcome": -6.020669592709814
                },
                "metadata": {
                    "trials": 1
                }
            },
            {
                "query": {
                    "x": 0.7579772584493824
                },
                "metrics": {
                    "outcome": -6.020456066226659
                },
                "metadata": {
                    "trials": 1
                }
            },
            {
                "query": {
                    "x": 0.7565023552042267
                },
                "metrics": {
                    "outcome": -6.0204431876333295
                },
                "metadata": {
                    "trials": 1
                }
            },
            {
                "query": {
                    "x": 0.7583551119084969
                },
                "metrics": {
                    "outcome": -6.020084373049911
                },
                "metadata": {
                    "trials": 1
                }
            }
        ],
        [
            {
                "query": {
                    "x": 0.7572389444264778
                },
                "metrics": {
                    "outcome": -6.020740004342262
                },
                "metadata": {
                    "trials": 1
                }
            },
            {
                "query": {
                    "x": 0.7576007135516508
                },
                "metrics": {
                    "outcome": -6.020673840932641
                },
                "metadata": {
                    "trials": 1
                }
            },
            {
                "query": {
                    "x": 0.7568772129056672
                },
                "metrics": {
                    "outcome": -6.0206664169864865
                },
                "metadata": {
                    "trials": 1
                }
            },
            {
                "query": {
                    "x": 0.757956268087403
                },
                "metrics": {
                    "outcome": -6.02047221159486
                },
                "metadata": {
                    "trials": 1
                }
            },
            {
                "query": {
                    "x": 0.7565177341457138
                },
                "metrics": {
                    "outcome": -6.020455282418263
                },
                "metadata": {
                    "trials": 1
                }
            },
            {
                "query": {
                    "x": 0.7583234206672161
                },
                "metrics": {
                    "outcome": -6.020121453995208
                },
                "metadata": {
                    "trials": 1
                }
            }
        ],
        [
            {
                "query": {
                    "x": 0.757237532606025
                },
                "metrics": {
                    "outcome": -6.0207399884815604
                },
                "metadata": {
                    "trials": 1
                }
            },
            {
                "query": {
                    "x": 0.7575912208159543
                },
                "metrics": {
                    "outcome": -6.020677366266165
                },
                "metadata": {
                    "trials": 1
                }
            },
            {
                "query": {
                    "x": 0.7568838770701597
                },
                "metrics": {
                    "outcome": -6.020669033565692
                },
                "metadata": {
                    "trials": 1
                }
            },
            {
                "query": {
                    "x": 0.757938198402151
                },
                "metrics": {
                    "outcome": -6.020485731265478
                },
                "metadata": {
                    "trials": 1
                }
            },
            {
                "query": {
                    "x": 0.7565316018332053
                },
                "metrics": {
                    "outcome": -6.020465973454919
                },
                "metadata": {
                    "trials": 1
                }
            },
            {
                "query": {
                    "x": 0.7582961077817895
                },
                "metrics": {
                    "outcome": -6.02015254352627
                },
                "metadata": {
                    "trials": 1
                }
            }
        ],
        [
            {
                "query": {
                    "x": 0.7572364580330766
                },
                "metrics": {
                    "outcome": -6.020739974982949
                },
                "metadata": {
                    "trials": 1
                }
            },
            {
                "query": {
                    "x": 0.7568899820789354
                },
                "metrics": {
                    "outcome": -6.020671389102715
                },
                "metadata": {
                    "trials": 1
                }
            },
            {
                "query": {
                    "x": 0.7575829630566048
                },
                "metrics": {
                    "outcome": -6.0206803544616685
                },
                "metadata": {
                    "trials": 1
                }
            },
            {
                "query": {
                    "x": 0.7579223852091737
                },
                "metrics": {
                    "outcome": -6.020497274840788
                },
                "metadata": {
                    "trials": 1
                }
            },
            {
                "query": {
                    "x": 0.7565441920598942
                },
                "metrics": {
                    "outcome": -6.020475502871383
                },
                "metadata": {
                    "trials": 1
                }
            },
            {
                "query": {
                    "x": 0.758272187262339
                },
                "metrics": {
                    "outcome": -6.0201791113631895
                },
                "metadata": {
                    "trials": 1
                }
            }
        ],
        [
            {
                "query": {
                    "x": 0.7572356956331463
                },
                "metrics": {
                    "outcome": -6.020739964658007
                },
                "metadata": {
                    "trials": 1
                }
            },
            {
                "query": {
                    "x": 0.7568956878271863
                },
                "metrics": {
                    "outcome": -6.020673554714938
                },
                "metadata": {
                    "trials": 1
                }
            },
            {
                "query": {
                    "x": 0.7575757435809641
                },
                "metrics": {
                    "outcome": -6.020682907099987
                },
                "metadata": {
                    "trials": 1
                }
            },
            {
                "query": {
                    "x": 0.7579084220859311
                },
                "metrics": {
                    "outcome": -6.02050724457587
                },
                "metadata": {
                    "trials": 1
                }
            },
            {
                "query": {
                    "x": 0.7565557862811976
                },
                "metrics": {
                    "outcome": -6.020484129593891
                },
                "metadata": {
                    "trials": 1
                }
            },
            {
                "query": {
                    "x": 0.7582510238932479
                },
                "metrics": {
                    "outcome": -6.020202102979448
                },
                "metadata": {
                    "trials": 1
                }
            }
        ],
        [
            {
                "query": {
                    "x": 0.7572350966527914
                },
                "metrics": {
                    "outcome": -6.020739956110803
                },
                "metadata": {
                    "trials": 1
                }
            },
            {
                "query": {
                    "x": 0.7575692795327764
                },
                "metrics": {
                    "outcome": -6.020685145271817
                },
                "metadata": {
                    "trials": 1
                }
            },
            {
                "query": {
                    "x": 0.7569009288550104
                },
                "metrics": {
                    "outcome": -6.02067551339858
                },
                "metadata": {
                    "trials": 1
                }
            },
            {
                "query": {
                    "x": 0.7578958918423698
                },
                "metrics": {
                    "outcome": -6.020516012960661
                },
                "metadata": {
                    "trials": 1
                }
            },
            {
                "query": {
                    "x": 0.7565664069509798
                },
                "metrics": {
                    "outcome": -6.020491906701235
                },
                "metadata": {
                    "trials": 1
                }
            },
            {
                "query": {
                    "x": 0.7582320275319986
                },
                "metrics": {
                    "outcome": -6.02022232953529
                },
                "metadata": {
                    "trials": 1
                }
            }
        ],
        [
            {
                "query": {
                    "x": 0.757234663327061
                },
                "metrics": {
                    "outcome": -6.020739949688578
                },
                "metadata": {
                    "trials": 1
                }
            },
            {
                "query": {
                    "x": 0.7569058318436851
                },
                "metrics": {
                    "outcome": -6.02067731926978
                },
                "metadata": {
                    "trials": 1
                }
            },
            {
                "query": {
                    "x": 0.757563490102956
                },
                "metrics": {
                    "outcome": -6.0206871118713465
                },
                "metadata": {
                    "trials": 1
                }
            },
            {
                "query": {
                    "x": 0.7578845875120747
                },
                "metrics": {
                    "outcome": -6.020523778807617
                },
                "metadata": {
                    "trials": 1
                }
            },
            {
                "query": {
                    "x": 0.7565762697260227
                },
                "metrics": {
                    "outcome": -6.020499021582869
                },
                "metadata": {
                    "trials": 1
                }
            },
            {
                "query": {
                    "x": 0.7582148700343492
                },
                "metrics": {
                    "outcome": -6.020240264131697
                },
                "metadata": {
                    "trials": 1
                }
            }
        ],
        [
            {
                "query": {
                    "x": 0.757234292062382
                },
                "metrics": {
                    "outcome": -6.02073994402665
                },
                "metadata": {
                    "trials": 1
                }
            },
            {
                "query": {
                    "x": 0.7569103849724378
                },
                "metrics": {
                    "outcome": -6.020678973356497
                },
                "metadata": {
                    "trials": 1
                }
            },
            {
                "query": {
                    "x": 0.7575581942273575
                },
                "metrics": {
                    "outcome": -6.0206888793828295
                },
                "metadata": {
                    "trials": 1
                }
            },
            {
                "query": {
                    "x": 0.7578742447997596
                },
                "metrics": {
                    "outcome": -6.0205307638378605
                },
                "metadata": {
                    "trials": 1
                }
            },
            {
                "query": {
                    "x": 0.7565853996586135
                },
                "metrics": {
                    "outcome": -6.020505515739031
                },
                "metadata": {
                    "trials": 1
                }
            },
            {
                "query": {
                    "x": 0.7581991795111737
                },
                "metrics": {
                    "outcome": -6.020256387827642
                },
                "metadata": {
                    "trials": 1
                }
            }
        ],
        [
            {
                "query": {
                    "x": 0.7572340086127972
                },
                "metrics": {
                    "outcome": -6.020739939604847
                },
                "metadata": {
                    "trials": 1
                }
            },
            {
                "query": {
                    "x": 0.7569146421517167
                },
                "metrics": {
                    "outcome": -6.020680499958172
                },
                "metadata": {
                    "trials": 1
                }
            },
            {
                "query": {
                    "x": 0.7575533581167226
                },
                "metrics": {
                    "outcome": -6.0206904672116694
                },
                "metadata": {
                    "trials": 1
                }
            },
            {
                "query": {
                    "x": 0.7578647686224044
                },
                "metrics": {
                    "outcome": -6.020537062823397
                },
                "metadata": {
                    "trials": 1
                }
            },
            {
                "query": {
                    "x": 0.7565939226640319
                },
                "metrics": {
                    "outcome": -6.020511498299488
                },
                "metadata": {
                    "trials": 1
                }
            },
            {
                "query": {
                    "x": 0.7581847949561654
                },
                "metrics": {
                    "outcome": -6.020270936618658
                },
                "metadata": {
                    "trials": 1
                }
            }
        ],
        [
            {
                "query": {
                    "x": 0.7572337924404505
                },
                "metrics": {
                    "outcome": -6.0207399361749
                },
                "metadata": {
                    "trials": 1
                }
            },
            {
                "query": {
                    "x": 0.7569186396334343
                },
                "metrics": {
                    "outcome": -6.020681915863173
                },
                "metadata": {
                    "trials": 1
                }
            },
            {
                "query": {
                    "x": 0.7575489165095952
                },
                "metrics": {
                    "outcome": -6.0206919034516915
                },
                "metadata": {
                    "trials": 1
                }
            },
            {
                "query": {
                    "x": 0.7578560333904725
                },
                "metrics": {
                    "outcome": -6.020542783894042
                },
                "metadata": {
                    "trials": 1
                }
            },
            {
                "query": {
                    "x": 0.7566018947693441
                },
                "metrics": {
                    "outcome": -6.0205170243394175
                },
                "metadata": {
                    "trials": 1
                }
            },
            {
                "query": {
                    "x": 0.7581715270760385
                },
                "metrics": {
                    "outcome": -6.020284158508271
                },
                "metadata": {
                    "trials": 1
                }
            }
        ],
        [
            {
                "query": {
                    "x": 0.7572336376382611
                },
                "metrics": {
                    "outcome": -6.020739933688033
                },
                "metadata": {
                    "trials": 1
                }
            },
            {
                "query": {
                    "x": 0.7569224184733279
                },
                "metrics": {
                    "outcome": -6.020683238677847
                },
                "metadata": {
                    "trials": 1
                }
            },
            {
                "query": {
                    "x": 0.7575448173292684
                },
                "metrics": {
                    "outcome": -6.020693210220958
                },
                "metadata": {
                    "trials": 1
                }
            },
            {
                "query": {
                    "x": 0.7578479458338453
                },
                "metrics": {
                    "outcome": -6.020548007745383
                },
                "metadata": {
                    "trials": 1
                }
            },
            {
                "query": {
                    "x": 0.7566093908613764
                },
                "metrics": {
                    "outcome": -6.020522158846153
                },
                "metadata": {
                    "trials": 1
                }
            },
            {
                "query": {
                    "x": 0.7581592384750621
                },
                "metrics": {
                    "outcome": -6.020296235493841
                },
                "metadata": {
                    "trials": 1
                }
            }
        ],
        [
            {
                "query": {
                    "x": 0.757233571490206
                },
                "metrics": {
                    "outcome": -6.020739932617574
                },
                "metadata": {
                    "trials": 1
                }
            },
            {
                "query": {
                    "x": 0.7569260501801126
                },
                "metrics": {
                    "outcome": -6.020684495655923
                },
                "metadata": {
                    "trials": 1
                }
            },
            {
                "query": {
                    "x": 0.7575410547475957
                },
                "metrics": {
                    "outcome": -6.020694393850615
                },
                "metadata": {
                    "trials": 1
                }
            },
            {
                "query": {
                    "x": 0.7578404672534275
                },
                "metrics": {
                    "outcome": -6.020552775769776
                },
                "metadata": {
                    "trials": 1
                }
            },
            {
                "query": {
                    "x": 0.7566165287965102
                },
                "metrics": {
                    "outcome": -6.0205269925566425
                },
                "metadata": {
                    "trials": 1
                }
            },
            {
                "query": {
                    "x": 0.7581478395516964
                },
                "metrics": {
                    "outcome": -6.020307292820402
                },
                "metadata": {
                    "trials": 1
                }
            }
        ],
        [
            {
                "query": {
                    "x": 0.7572334465653093
                },
                "metrics": {
                    "outcome": -6.020739930583198
                },
                "metadata": {
                    "trials": 1
                }
            },
            {
                "query": {
                    "x": 0.7569293858222375
                },
                "metrics": {
                    "outcome": -6.020685637786169
                },
                "metadata": {
                    "trials": 1
                }
            },
            {
                "query": {
                    "x": 0.7575374543780751
                },
                "metrics": {
                    "outcome": -6.020695512260323
                },
                "metadata": {
                    "trials": 1
                }
            },
            {
                "query": {
                    "x": 0.757833358944586
                },
                "metrics": {
                    "outcome": -6.020557252076109
                },
                "metadata": {
                    "trials": 1
                }
            },
            {
                "query": {
                    "x": 0.7566231711632703
                },
                "metrics": {
                    "outcome": -6.020531442061219
                },
                "metadata": {
                    "trials": 1
                }
            },
            {
                "query": {
                    "x": 0.7581370594069534
                },
                "metrics": {
                    "outcome": -6.020317621260188
                },
                "metadata": {
                    "trials": 1
                }
            }
        ]
    ],
    "best_results": [
        {
            "query": {
                "x": 0.7572498652012378
            },
            "metrics": [
                {
                    "name": "outcome",
                    "value": -6.020740055112261
                }
            ]
        }
    ]
}