{
    "date": "09/11/2022 18:22:18",
    "basic_params": {
        "active_variables": [
            "x"
        ],
        "default_query": {},
        "metric": "basic",
        "n_trials": 1
    },
    "objective_function": {
        "name": "Forrester",
        "params": {}
    },
    "optimizer": {
        "name": "BO-MCMC-250",
        "params": {
            "lower_bound": [
                0.0
            ],
            "upper_bound": [
                1.0
            ],
            "invert_metric": false,
            "bopt_params": {
                "n_init_samples": 15,
                "n_iterations": 45,
                "n_iter_relearn": 5,
                "verbose_level": 0,
                "n_parallel_samples": 3,
                "par_type": "PAR_MCMC",
                "l_type": "L_MCMC",
                "burnout_mcmc_parallel": 250,
                "crit_name": "cEI"
            }
        }
    },
    "execution_time": 13.87952971458435,
    "best_results": [
        {
            "query": {
                "x": 0.7572520556935878
            },
            "metrics": [
                {
                    "name": "outcome",
                    "value": -6.020740049959293
                }
            ]
        }
    ],
    "iterations": [
        [
            {
                "query": {
                    "x": 0.676753970918556
                },
                "metrics": {
                    "outcome": -3.5248017709145167
                },
                "metadata": {
                    "trials": 1
                }
            }
        ],
        [
            {
                "query": {
                    "x": 0.8813189764662336
                },
                "metrics": {
                    "outcome": 3.118613360235899
                },
                "metadata": {
                    "trials": 1
                }
            }
        ],
        [
            {
                "query": {
                    "x": 0.32681386096713444
                },
                "metrics": {
                    "outcome": -0.00011958535190333088
                },
                "metadata": {
                    "trials": 1
                }
            }
        ],
        [
            {
                "query": {
                    "x": 0.81134794796817
                },
                "metrics": {
                    "outcome": -4.278599026851653
                },
                "metadata": {
                    "trials": 1
                }
            }
        ],
        [
            {
                "query": {
                    "x": 0.04532945066069563
                },
                "metrics": {
                    "outcome": 0.923581487272761
                },
                "metadata": {
                    "trials": 1
                }
            }
        ],
        [
            {
                "query": {
                    "x": 0.5964581838808953
                },
                "metrics": {
                    "outcome": -0.03964210380892012
                },
                "metadata": {
                    "trials": 1
                }
            }
        ],
        [
            {
                "query": {
                    "x": 0.76372214499861
                },
                "metrics": {
                    "outcome": -5.997960826936392
                },
                "metadata": {
                    "trials": 1
                }
            }
        ],
        [
            {
                "query": {
                    "x": 0.4886484550467382
                },
                "metrics": {
                    "outcome": 0.8314134705581795
                },
                "metadata": {
                    "trials": 1
                }
            }
        ],
        [
            {
                "query": {
                    "x": 0.6394855142105371
                },
                "metrics": {
                    "outcome": -1.712293953052042
                },
                "metadata": {
                    "trials": 1
                }
            }
        ],
        [
            {
                "query": {
                    "x": 0.9994960817197959
                },
                "metrics": {
                    "outcome": 15.819577441206599
                },
                "metadata": {
                    "trials": 1
                }
            }
        ],
        [
            {
                "query": {
                    "x": 0.25467941410218675
                },
                "metrics": {
                    "outcome": -0.18035670764757242
                },
                "metadata": {
                    "trials": 1
                }
            }
        ],
        [
            {
                "query": {
                    "x": 0.16892392526691158
                },
                "metrics": {
                    "outcome": -0.8954770046401538
                },
                "metadata": {
                    "trials": 1
                }
            }
        ],
        [
            {
                "query": {
                    "x": 0.11994989416562021
                },
                "metrics": {
                    "outcome": -0.8996630893935155
                },
                "metadata": {
                    "trials": 1
                }
            }
        ],
        [
            {
                "query": {
                    "x": 0.3380502953970184
                },
                "metrics": {
                    "outcome": 4.531468463483252e-05
                },
                "metadata": {
                    "trials": 1
                }
            }
        ],
        [
            {
                "query": {
                    "x": 0.4652829613070935
                },
                "metrics": {
                    "outcome": 0.626735608291035
                },
                "metadata": {
                    "trials": 1
                }
            }
        ],
        [
            {
                "query": {
                    "x": 0.7597395849136255
                },
                "metrics": {
                    "outcome": -6.017403697585366
                },
                "metadata": {
                    "trials": 1
                }
            },
            {
                "query": {
                    "x": 0.7489258494179318
                },
                "metrics": {
                    "outcome": -5.984654253801472
                },
                "metadata": {
                    "trials": 1
                }
            },
            {
                "query": {
                    "x": 0.7713830256942356
                },
                "metrics": {
                    "outcome": -5.910014450022733
                },
                "metadata": {
                    "trials": 1
                }
            }
        ],
        [
            {
                "query": {
                    "x": 0.7582551968486466
                },
                "metrics": {
                    "outcome": -6.020197607719018
                },
                "metadata": {
                    "trials": 1
                }
            },
            {
                "query": {
                    "x": 0.7556505784919972
                },
                "metrics": {
                    "outcome": -6.019382364570308
                },
                "metadata": {
                    "trials": 1
                }
            },
            {
                "query": {
                    "x": 0.7580207852622682
                },
                "metrics": {
                    "outcome": -6.020421077285416
                },
                "metadata": {
                    "trials": 1
                }
            }
        ],
        [
            {
                "query": {
                    "x": 0.7562146930543733
                },
                "metrics": {
                    "outcome": -6.020170739770628
                },
                "metadata": {
                    "trials": 1
                }
            },
            {
                "query": {
                    "x": 0.7571281297580782
                },
                "metrics": {
                    "outcome": -6.02073228807387
                },
                "metadata": {
                    "trials": 1
                }
            },
            {
                "query": {
                    "x": 0.7162069742754398
                },
                "metrics": {
                    "outcome": -5.240680825041617
                },
                "metadata": {
                    "trials": 1
                }
            }
        ],
        [
            {
                "query": {
                    "x": 0.7575993495939244
                },
                "metrics": {
                    "outcome": -6.020674353406209
                },
                "metadata": {
                    "trials": 1
                }
            },
            {
                "query": {
                    "x": 0.7568937126630096
                },
                "metrics": {
                    "outcome": -6.020672808965764
                },
                "metadata": {
                    "trials": 1
                }
            },
            {
                "query": {
                    "x": 0.7563140556698486
                },
                "metrics": {
                    "outcome": -6.0202747604892615
                },
                "metadata": {
                    "trials": 1
                }
            }
        ],
        [
            {
                "query": {
                    "x": 0.7574600853372958
                },
                "metrics": {
                    "outcome": -6.0207161931655735
                },
                "metadata": {
                    "trials": 1
                }
            },
            {
                "query": {
                    "x": 0.7565272131317567
                },
                "metrics": {
                    "outcome": -6.020462612143564
                },
                "metadata": {
                    "trials": 1
                }
            },
            {
                "query": {
                    "x": 0.7571427099370558
                },
                "metrics": {
                    "outcome": -6.020734052088193
                },
                "metadata": {
                    "trials": 1
                }
            }
        ],
        [
            {
                "query": {
                    "x": 0.7572591075926269
                },
                "metrics": {
                    "outcome": -6.020739998564299
                },
                "metadata": {
                    "trials": 1
                }
            },
            {
                "query": {
                    "x": 0.7569193586408117
                },
                "metrics": {
                    "outcome": -6.020682168729273
                },
                "metadata": {
                    "trials": 1
                }
            },
            {
                "query": {
                    "x": 0.7570635326602724
                },
                "metrics": {
                    "outcome": -6.020721744634814
                },
                "metadata": {
                    "trials": 1
                }
            }
        ],
        [
            {
                "query": {
                    "x": 0.7569108409168159
                },
                "metrics": {
                    "outcome": -6.020679137778546
                },
                "metadata": {
                    "trials": 1
                }
            },
            {
                "query": {
                    "x": 0.7576817049749112
                },
                "metrics": {
                    "outcome": -6.020639837058622
                },
                "metadata": {
                    "trials": 1
                }
            },
            {
                "query": {
                    "x": 0.7570576163461429
                },
                "metrics": {
                    "outcome": -6.020720556523444
                },
                "metadata": {
                    "trials": 1
                }
            }
        ],
        [
            {
                "query": {
                    "x": 0.7571075624404795
                },
                "metrics": {
                    "outcome": -6.020729414071654
                },
                "metadata": {
                    "trials": 1
                }
            },
            {
                "query": {
                    "x": 0.7579153626452249
                },
                "metrics": {
                    "outcome": -6.020502315159348
                },
                "metadata": {
                    "trials": 1
                }
            },
            {
                "query": {
                    "x": 0.7568408200810256
                },
                "metrics": {
                    "outcome": -6.020651293887828
                },
                "metadata": {
                    "trials": 1
                }
            }
        ],
        [
            {
                "query": {
                    "x": 0.7573516209824084
                },
                "metrics": {
                    "outcome": -6.020734403907722
                },
                "metadata": {
                    "trials": 1
                }
            },
            {
                "query": {
                    "x": 0.7576789761835124
                },
                "metrics": {
                    "outcome": -6.020641097165817
                },
                "metadata": {
                    "trials": 1
                }
            },
            {
                "query": {
                    "x": 0.7571340090730855
                },
                "metrics": {
                    "outcome": -6.020733026685891
                },
                "metadata": {
                    "trials": 1
                }
            }
        ],
        [
            {
                "query": {
                    "x": 0.7572011466776049
                },
                "metrics": {
                    "outcome": -6.0207388454386255
                },
                "metadata": {
                    "trials": 1
                }
            },
            {
                "query": {
                    "x": 0.7577511084091735
                },
                "metrics": {
                    "outcome": -6.020605104082718
                },
                "metadata": {
                    "trials": 1
                }
            },
            {
                "query": {
                    "x": 0.7564506605919605
                },
                "metrics": {
                    "outcome": -6.020400692852389
                },
                "metadata": {
                    "trials": 1
                }
            }
        ],
        [
            {
                "query": {
                    "x": 0.7570489157131608
                },
                "metrics": {
                    "outcome": -6.0207187414652905
                },
                "metadata": {
                    "trials": 1
                }
            },
            {
                "query": {
                    "x": 0.7572608769147826
                },
                "metrics": {
                    "outcome": -6.020739977334165
                },
                "metadata": {
                    "trials": 1
                }
            },
            {
                "query": {
                    "x": 0.7568236382014631
                },
                "metrics": {
                    "outcome": -6.020643664063468
                },
                "metadata": {
                    "trials": 1
                }
            }
        ],
        [
            {
                "query": {
                    "x": 0.7569205605477769
                },
                "metrics": {
                    "outcome": -6.020682590195842
                },
                "metadata": {
                    "trials": 1
                }
            },
            {
                "query": {
                    "x": 0.7567093384001787
                },
                "metrics": {
                    "outcome": -6.020584914141832
                },
                "metadata": {
                    "trials": 1
                }
            },
            {
                "query": {
                    "x": 0.7568319588536652
                },
                "metrics": {
                    "outcome": -6.020647398183216
                },
                "metadata": {
                    "trials": 1
                }
            }
        ],
        [
            {
                "query": {
                    "x": 0.7580253194606463
                },
                "metrics": {
                    "outcome": -6.020417315359495
                },
                "metadata": {
                    "trials": 1
                }
            },
            {
                "query": {
                    "x": 0.7574050413911735
                },
                "metrics": {
                    "outcome": -6.020727007154703
                },
                "metadata": {
                    "trials": 1
                }
            },
            {
                "query": {
                    "x": 0.7574072720160022
                },
                "metrics": {
                    "outcome": -6.020726631927336
                },
                "metadata": {
                    "trials": 1
                }
            }
        ],
        [
            {
                "query": {
                    "x": 0.7566776291259083
                },
                "metrics": {
                    "outcome": -6.02056615413097
                },
                "metadata": {
                    "trials": 1
                }
            },
            {
                "query": {
                    "x": 0.7572609623840078
                },
                "metrics": {
                    "outcome": -6.020739976223956
                },
                "metadata": {
                    "trials": 1
                }
            },
            {
                "query": {
                    "x": 0.7569949413971585
                },
                "metrics": {
                    "outcome": -6.020705678640164
                },
                "metadata": {
                    "trials": 1
                }
            }
        ],
        [
            {
                "query": {
                    "x": 0.7575881638024787
                },
                "metrics": {
                    "outcome": -6.020678481007382
                },
                "metadata": {
                    "trials": 1
                }
            },
            {
                "query": {
                    "x": 0.75741316739264
                },
                "metrics": {
                    "outcome": -6.020725614612327
                },
                "metadata": {
                    "trials": 1
                }
            },
            {
                "query": {
                    "x": 0.7566252348897711
                },
                "metrics": {
                    "outcome": -6.020532814941443
                },
                "metadata": {
                    "trials": 1
                }
            }
        ],
        [
            {
                "query": {
                    "x": 0.7578882358572425
                },
                "metrics": {
                    "outcome": -6.020521287464972
                },
                "metadata": {
                    "trials": 1
                }
            },
            {
                "query": {
                    "x": 0.7576332639595439
                },
                "metrics": {
                    "outcome": -6.02066101959565
                },
                "metadata": {
                    "trials": 1
                }
            },
            {
                "query": {
                    "x": 0.7568026977458777
                },
                "metrics": {
                    "outcome": -6.020633940461244
                },
                "metadata": {
                    "trials": 1
                }
            }
        ],
        [
            {
                "query": {
                    "x": 0.7570303475668163
                },
                "metrics": {
                    "outcome": -6.0207145980110806
                },
                "metadata": {
                    "trials": 1
                }
            },
            {
                "query": {
                    "x": 0.7570284004052191
                },
                "metrics": {
                    "outcome": -6.020714142212093
                },
                "metadata": {
                    "trials": 1
                }
            },
            {
                "query": {
                    "x": 0.7573074089176731
                },
                "metrics": {
                    "outcome": -6.020738218513553
                },
                "metadata": {
                    "trials": 1
                }
            }
        ],
        [
            {
                "query": {
                    "x": 0.7576063255403676
                },
                "metrics": {
                    "outcome": -6.020671711397256
                },
                "metadata": {
                    "trials": 1
                }
            },
            {
                "query": {
                    "x": 0.7569440414562258
                },
                "metrics": {
                    "outcome": -6.020690515481321
                },
                "metadata": {
                    "trials": 1
                }
            },
            {
                "query": {
                    "x": 0.7577556387055857
                },
                "metrics": {
                    "outcome": -6.020602657301695
                },
                "metadata": {
                    "trials": 1
                }
            }
        ],
        [
            {
                "query": {
                    "x": 0.7565317800754917
                },
                "metrics": {
                    "outcome": -6.020466109538879
                },
                "metadata": {
                    "trials": 1
                }
            },
            {
                "query": {
                    "x": 0.7569304642899053
                },
                "metrics": {
                    "outcome": -6.020686004520423
                },
                "metadata": {
                    "trials": 1
                }
            },
            {
                "query": {
                    "x": 0.7581868183562824
                },
                "metrics": {
                    "outcome": -6.020268903579282
                },
                "metadata": {
                    "trials": 1
                }
            }
        ],
        [
            {
                "query": {
                    "x": 0.7572899023805778
                },
                "metrics": {
                    "outcome": -6.020739151660004
                },
                "metadata": {
                    "trials": 1
                }
            },
            {
                "query": {
                    "x": 0.757062892678543
                },
                "metrics": {
                    "outcome": -6.020721617914298
                },
                "metadata": {
                    "trials": 1
                }
            },
            {
                "query": {
                    "x": 0.7575080528290491
                },
                "metrics": {
                    "outcome": -6.020704126097387
                },
                "metadata": {
                    "trials": 1
                }
            }
        ],
        [
            {
                "query": {
                    "x": 0.7573353569598559
                },
                "metrics": {
                    "outcome": -6.0207360500652465
                },
                "metadata": {
                    "trials": 1
                }
            },
            {
                "query": {
                    "x": 0.7574080513152743
                },
                "metrics": {
                    "outcome": -6.020726499582261
                },
                "metadata": {
                    "trials": 1
                }
            },
            {
                "query": {
                    "x": 0.7579076433753761
                },
                "metrics": {
                    "outcome": -6.0205077944140575
                },
                "metadata": {
                    "trials": 1
                }
            }
        ],
        [
            {
                "query": {
                    "x": 0.7577441498789232
                },
                "metrics": {
                    "outcome": -6.020608819462211
                },
                "metadata": {
                    "trials": 1
                }
            },
            {
                "query": {
                    "x": 0.757257465792831
                },
                "metrics": {
                    "outcome": -6.0207400152733985
                },
                "metadata": {
                    "trials": 1
                }
            },
            {
                "query": {
                    "x": 0.7577584811045605
                },
                "metrics": {
                    "outcome": -6.020601110903226
                },
                "metadata": {
                    "trials": 1
                }
            }
        ],
        [
            {
                "query": {
                    "x": 0.7569034524592813
                },
                "metrics": {
                    "outcome": -6.020676446090749
                },
                "metadata": {
                    "trials": 1
                }
            },
            {
                "query": {
                    "x": 0.7573275289573489
                },
                "metrics": {
                    "outcome": -6.0207367415878235
                },
                "metadata": {
                    "trials": 1
                }
            },
            {
                "query": {
                    "x": 0.7577212715063855
                },
                "metrics": {
                    "outcome": -6.020620668906407
                },
                "metadata": {
                    "trials": 1
                }
            }
        ],
        [
            {
                "query": {
                    "x": 0.757055510547432
                },
                "metrics": {
                    "outcome": -6.020720124631712
                },
                "metadata": {
                    "trials": 1
                }
            },
            {
                "query": {
                    "x": 0.757567810593835
                },
                "metrics": {
                    "outcome": -6.0206856476509385
                },
                "metadata": {
                    "trials": 1
                }
            },
            {
                "query": {
                    "x": 0.7564754148280748
                },
                "metrics": {
                    "outcome": -6.020421395456016
                },
                "metadata": {
                    "trials": 1
                }
            }
        ],
        [
            {
                "query": {
                    "x": 0.7575254328310136
                },
                "metrics": {
                    "outcome": -6.020699146073114
                },
                "metadata": {
                    "trials": 1
                }
            },
            {
                "query": {
                    "x": 0.7573237938239289
                },
                "metrics": {
                    "outcome": -6.020737048468652
                },
                "metadata": {
                    "trials": 1
                }
            },
            {
                "query": {
                    "x": 0.756744422513574
                },
                "metrics": {
                    "outcome": -6.020604425197319
                },
                "metadata": {
                    "trials": 1
                }
            }
        ],
        [
            {
                "query": {
                    "x": 0.757234203524898
                },
                "metrics": {
                    "outcome": -6.020739942654683
                },
                "metadata": {
                    "trials": 1
                }
            },
            {
                "query": {
                    "x": 0.7576871557629115
                },
                "metrics": {
                    "outcome": -6.020637296085298
                },
                "metadata": {
                    "trials": 1
                }
            },
            {
                "query": {
                    "x": 0.7571648314447958
                },
                "metrics": {
                    "outcome": -6.020736295334293
                },
                "metadata": {
                    "trials": 1
                }
            }
        ],
        [
            {
                "query": {
                    "x": 0.7568853796241233
                },
                "metrics": {
                    "outcome": -6.0206696169877
                },
                "metadata": {
                    "trials": 1
                }
            },
            {
                "query": {
                    "x": 0.7575059831875671
                },
                "metrics": {
                    "outcome": -6.02070469758335
                },
                "metadata": {
                    "trials": 1
                }
            },
            {
                "query": {
                    "x": 0.757220020373705
                },
                "metrics": {
                    "outcome": -6.020739614800163
                },
                "metadata": {
                    "trials": 1
                }
            }
        ],
        [
            {
                "query": {
                    "x": 0.7570028960409882
                },
                "metrics": {
                    "outcome": -6.020707798909926
                },
                "metadata": {
                    "trials": 1
                }
            },
            {
                "query": {
                    "x": 0.7569628529819302
                },
                "metrics": {
                    "outcome": -6.020696441024066
                },
                "metadata": {
                    "trials": 1
                }
            },
            {
                "query": {
                    "x": 0.7571768609165251
                },
                "metrics": {
                    "outcome": -6.020737295976003
                },
                "metadata": {
                    "trials": 1
                }
            }
        ],
        [
            {
                "query": {
                    "x": 0.7568324016575982
                },
                "metrics": {
                    "outcome": -6.020647594838819
                },
                "metadata": {
                    "trials": 1
                }
            },
            {
                "query": {
                    "x": 0.7573318059693986
                },
                "metrics": {
                    "outcome": -6.020736371874301
                },
                "metadata": {
                    "trials": 1
                }
            },
            {
                "query": {
                    "x": 0.7577115600510682
                },
                "metrics": {
                    "outcome": -6.020625529085335
                },
                "metadata": {
                    "trials": 1
                }
            }
        ],
        [
            {
                "query": {
                    "x": 0.7568948403550653
                },
                "metrics": {
                    "outcome": -6.020673235249502
                },
                "metadata": {
                    "trials": 1
                }
            },
            {
                "query": {
                    "x": 0.7572712591236967
                },
                "metrics": {
                    "outcome": -6.020739785379384
                },
                "metadata": {
                    "trials": 1
                }
            },
            {
                "query": {
                    "x": 0.7569009874848235
                },
                "metrics": {
                    "outcome": -6.020675535144362
                },
                "metadata": {
                    "trials": 1
                }
            }
        ],
        [
            {
                "query": {
                    "x": 0.7574357679975048
                },
                "metrics": {
                    "outcome": -6.020721370206409
                },
                "metadata": {
                    "trials": 1
                }
            },
            {
                "query": {
                    "x": 0.7562117288254386
                },
                "metrics": {
                    "outcome": -6.020167476003016
                },
                "metadata": {
                    "trials": 1
                }
            },
            {
                "query": {
                    "x": 0.7573466976935667
                },
                "metrics": {
                    "outcome": -6.020734932056556
                },
                "metadata": {
                    "trials": 1
                }
            }
        ],
        [
            {
                "query": {
                    "x": 0.7569418831267645
                },
                "metrics": {
                    "outcome": -6.020689811510623
                },
                "metadata": {
                    "trials": 1
                }
            },
            {
                "query": {
                    "x": 0.7572520556935878
                },
                "metrics": {
                    "outcome": -6.020740049959293
                },
                "metadata": {
                    "trials": 1
                }
            },
            {
                "query": {
                    "x": 0.7578176043542353
                },
                "metrics": {
                    "outcome": -6.020566979896415
                },
                "metadata": {
                    "trials": 1
                }
            }
        ],
        [
            {
                "query": {
                    "x": 0.7579993035504944
                },
                "metrics": {
                    "outcome": -6.0204385998151295
                },
                "metadata": {
                    "trials": 1
                }
            },
            {
                "query": {
                    "x": 0.7568234989776067
                },
                "metrics": {
                    "outcome": -6.020643600956281
                },
                "metadata": {
                    "trials": 1
                }
            },
            {
                "query": {
                    "x": 0.7575906892086329
                },
                "metrics": {
                    "outcome": -6.020677560835992
                },
                "metadata": {
                    "trials": 1
                }
            }
        ],
        [
            {
                "query": {
                    "x": 0.7572810079239799
                },
                "metrics": {
                    "outcome": -6.020739500315611
                },
                "metadata": {
                    "trials": 1
                }
            },
            {
                "query": {
                    "x": 0.7573328827996609
                },
                "metrics": {
                    "outcome": -6.020736275710143
                },
                "metadata": {
                    "trials": 1
                }
            },
            {
                "query": {
                    "x": 0.7568755555406154
                },
                "metrics": {
                    "outcome": -6.020665758906677
                },
                "metadata": {
                    "trials": 1
                }
            }
        ],
        [
            {
                "query": {
                    "x": 0.7574832300159295
                },
                "metrics": {
                    "outcome": -6.020710678122745
                },
                "metadata": {
                    "trials": 1
                }
            },
            {
                "query": {
                    "x": 0.7573952638560907
                },
                "metrics": {
                    "outcome": -6.020728589115252
                },
                "metadata": {
                    "trials": 1
                }
            },
            {
                "query": {
                    "x": 0.7570852427489912
                },
                "metrics": {
                    "outcome": -6.020725784657302
                },
                "metadata": {
                    "trials": 1
                }
            }
        ],
        [
            {
                "query": {
                    "x": 0.7573145816663288
                },
                "metrics": {
                    "outcome": -6.020737741613284
                },
                "metadata": {
                    "trials": 1
                }
            },
            {
                "query": {
                    "x": 0.7571223802289004
                },
                "metrics": {
                    "outcome": -6.020731530099827
                },
                "metadata": {
                    "trials": 1
                }
            },
            {
                "query": {
                    "x": 0.757206744654723
                },
                "metrics": {
                    "outcome": -6.020739113305126
                },
                "metadata": {
                    "trials": 1
                }
            }
        ],
        [
            {
                "query": {
                    "x": 0.7569494592735818
                },
                "metrics": {
                    "outcome": -6.020692260719829
                },
                "metadata": {
                    "trials": 1
                }
            },
            {
                "query": {
                    "x": 0.7574724849660026
                },
                "metrics": {
                    "outcome": -6.020713309796362
                },
                "metadata": {
                    "trials": 1
                }
            },
            {
                "query": {
                    "x": 0.7570280039763028
                },
                "metrics": {
                    "outcome": -6.020714048919312
                },
                "metadata": {
                    "trials": 1
                }
            }
        ],
        [
            {
                "query": {
                    "x": 0.7573559110722373
                },
                "metrics": {
                    "outcome": -6.020733922560032
                },
                "metadata": {
                    "trials": 1
                }
            },
            {
                "query": {
                    "x": 0.7569572750951755
                },
                "metrics": {
                    "outcome": -6.020694723334393
                },
                "metadata": {
                    "trials": 1
                }
            },
            {
                "query": {
                    "x": 0.7573694184189528
                },
                "metrics": {
                    "outcome": -6.020732278543585
                },
                "metadata": {
                    "trials": 1
                }
            }
        ],
        [
            {
                "query": {
                    "x": 0.7578513203337097
                },
                "metrics": {
                    "outcome": -6.020545836651294
                },
                "metadata": {
                    "trials": 1
                }
            },
            {
                "query": {
                    "x": 0.7575426300894014
                },
                "metrics": {
                    "outcome": -6.020693900125571
                },
                "metadata": {
                    "trials": 1
                }
            },
            {
                "query": {
                    "x": 0.75718593415951
                },
                "metrics": {
                    "outcome": -6.020737948529114
                },
                "metadata": {
                    "trials": 1
                }
            }
        ],
        [
            {
                "query": {
                    "x": 0.7571369726298062
                },
                "metrics": {
                    "outcome": -6.02073338501389
                },
                "metadata": {
                    "trials": 1
                }
            },
            {
                "query": {
                    "x": 0.7575285684320185
                },
                "metrics": {
                    "outcome": -6.020698213174001
                },
                "metadata": {
                    "trials": 1
                }
            },
            {
                "query": {
                    "x": 0.757068302526985
                },
                "metrics": {
                    "outcome": -6.020722675341337
                },
                "metadata": {
                    "trials": 1
                }
            }
        ],
        [
            {
                "query": {
                    "x": 0.7574019467529531
                },
                "metrics": {
                    "outcome": -6.02072751891119
                },
                "metadata": {
                    "trials": 1
                }
            },
            {
                "query": {
                    "x": 0.7568648730951846
                },
                "metrics": {
                    "outcome": -6.0206614471283375
                },
                "metadata": {
                    "trials": 1
                }
            },
            {
                "query": {
                    "x": 0.757552810699353
                },
                "metrics": {
                    "outcome": -6.020690645366091
                },
                "metadata": {
                    "trials": 1
                }
            }
        ],
        [
            {
                "query": {
                    "x": 0.757036404896899
                },
                "metrics": {
                    "outcome": -6.0207159900904115
                },
                "metadata": {
                    "trials": 1
                }
            },
            {
                "query": {
                    "x": 0.7570517961279147
                },
                "metrics": {
                    "outcome": -6.020719351292305
                },
                "metadata": {
                    "trials": 1
                }
            },
            {
                "query": {
                    "x": 0.756936504111893
                },
                "metrics": {
                    "outcome": -6.02068803547305
                },
                "metadata": {
                    "trials": 1
                }
            }
        ],
        [
            {
                "query": {
                    "x": 0.7572612270433168
                },
                "metrics": {
                    "outcome": -6.020739972736654
                },
                "metadata": {
                    "trials": 1
                }
            },
            {
                "query": {
                    "x": 0.7579002863762042
                },
                "metrics": {
                    "outcome": -6.020512956962002
                },
                "metadata": {
                    "trials": 1
                }
            },
            {
                "query": {
                    "x": 0.7575811757879538
                },
                "metrics": {
                    "outcome": -6.020680991597392
                },
                "metadata": {
                    "trials": 1
                }
            }
        ],
        [
            {
                "query": {
                    "x": 0.7577539302176719
                },
                "metrics": {
                    "outcome": -6.020603582629434
                },
                "metadata": {
                    "trials": 1
                }
            },
            {
                "query": {
                    "x": 0.7572812318760113
                },
                "metrics": {
                    "outcome": -6.0207394925741
                },
                "metadata": {
                    "trials": 1
                }
            },
            {
                "query": {
                    "x": 0.7568886076809593
                },
                "metrics": {
                    "outcome": -6.020670862270609
                },
                "metadata": {
                    "trials": 1
                }
            }
        ],
        [
            {
                "query": {
                    "x": 0.7568197830544698
                },
                "metrics": {
                    "outcome": -6.020641908986234
                },
                "metadata": {
                    "trials": 1
                }
            },
            {
                "query": {
                    "x": 0.7567579783036632
                },
                "metrics": {
                    "outcome": -6.020611613322424
                },
                "metadata": {
                    "trials": 1
                }
            },
            {
                "query": {
                    "x": 0.7568486767026023
                },
                "metrics": {
                    "outcome": -6.020654678039061
                },
                "metadata": {
                    "trials": 1
                }
            }
        ]
    ]
}