{
    "date": "08/11/2022 19:59:36",
    "basic_params": {
        "active_variables": [
            "x"
        ],
        "default_query": {},
        "metric": "basic",
        "n_trials": 1
    },
    "objective_function": {
        "name": "Gramacy1D",
        "params": {}
    },
    "optimizer": {
        "name": "GO-BO",
        "params": {
            "maximize": false,
            "domain": [
                {
                    "name": "x",
                    "type": "continuous",
                    "domain": [
                        0.5,
                        2.5
                    ]
                }
            ],
            "initial_design_numdata": 10,
            "num_iters": 140,
            "acquisition_type": "EI",
            "evaluator_type": "sequential",
            "batch_size": 1,
            "model_update_interval": 5
        }
    },
    "best_results": [
        {
            "query": {
                "x": 0.5500347625859061
            },
            "metrics": [
                {
                    "name": "outcome",
                    "value": -0.8680393313041499
                }
            ]
        }
    ],
    "iterations": [
        [
            {
                "query": {
                    "x": 1.4
                },
                "metrics": {
                    "outcome": 0.025599999999999366
                },
                "metadata": {
                    "trials": 1
                }
            }
        ],
        [
            {
                "query": {
                    "x": 2.4
                },
                "metrics": {
                    "outcome": 3.841599999999999
                },
                "metadata": {
                    "trials": 1
                }
            }
        ],
        [
            {
                "query": {
                    "x": 2.2
                },
                "metrics": {
                    "outcome": 2.073600000000002
                },
                "metadata": {
                    "trials": 1
                }
            }
        ],
        [
            {
                "query": {
                    "x": 1.0
                },
                "metrics": {
                    "outcome": -6.123233995736766e-16
                },
                "metadata": {
                    "trials": 1
                }
            }
        ],
        [
            {
                "query": {
                    "x": 0.8
                },
                "metrics": {
                    "outcome": 0.0015999999999993862
                },
                "metadata": {
                    "trials": 1
                }
            }
        ],
        [
            {
                "query": {
                    "x": 1.8000000000000003
                },
                "metrics": {
                    "outcome": 0.4096000000000019
                },
                "metadata": {
                    "trials": 1
                }
            }
        ],
        [
            {
                "query": {
                    "x": 1.6
                },
                "metrics": {
                    "outcome": 0.12959999999999947
                },
                "metadata": {
                    "trials": 1
                }
            }
        ],
        [
            {
                "query": {
                    "x": 0.6
                },
                "metrics": {
                    "outcome": 0.025599999999999394
                },
                "metadata": {
                    "trials": 1
                }
            }
        ],
        [
            {
                "query": {
                    "x": 2.0
                },
                "metrics": {
                    "outcome": 0.9999999999999993
                },
                "metadata": {
                    "trials": 1
                }
            }
        ],
        [
            {
                "query": {
                    "x": 1.2000000000000002
                },
                "metrics": {
                    "outcome": 0.0016000000000023539
                },
                "metadata": {
                    "trials": 1
                }
            }
        ],
        [
            {
                "query": {
                    "x": 0.5
                },
                "metrics": {
                    "outcome": 0.06250000000000061
                },
                "metadata": {
                    "trials": 1
                }
            }
        ],
        [
            {
                "query": {
                    "x": 0.5
                },
                "metrics": {
                    "outcome": 0.06250000000000061
                },
                "metadata": {
                    "trials": 1
                }
            }
        ],
        [
            {
                "query": {
                    "x": 0.5
                },
                "metrics": {
                    "outcome": 0.06250000000000061
                },
                "metadata": {
                    "trials": 1
                }
            }
        ],
        [
            {
                "query": {
                    "x": 0.5
                },
                "metrics": {
                    "outcome": 0.06250000000000061
                },
                "metadata": {
                    "trials": 1
                }
            }
        ],
        [
            {
                "query": {
                    "x": 0.5
                },
                "metrics": {
                    "outcome": 0.06250000000000061
                },
                "metadata": {
                    "trials": 1
                }
            }
        ],
        [
            {
                "query": {
                    "x": 1.0975652180998938
                },
                "metrics": {
                    "outcome": 0.034902374267781276
                },
                "metadata": {
                    "trials": 1
                }
            }
        ],
        [
            {
                "query": {
                    "x": 1.0927230287106466
                },
                "metrics": {
                    "outcome": 0.10377203008947705
                },
                "metadata": {
                    "trials": 1
                }
            }
        ],
        [
            {
                "query": {
                    "x": 1.0984312300960115
                },
                "metrics": {
                    "outcome": 0.02251876647838359
                },
                "metadata": {
                    "trials": 1
                }
            }
        ],
        [
            {
                "query": {
                    "x": 1.0978072998092272
                },
                "metrics": {
                    "outcome": 0.03144093207546555
                },
                "metadata": {
                    "trials": 1
                }
            }
        ],
        [
            {
                "query": {
                    "x": 1.0983899332780784
                },
                "metrics": {
                    "outcome": 0.02310929763909812
                },
                "metadata": {
                    "trials": 1
                }
            }
        ],
        [
            {
                "query": {
                    "x": 0.9145341048980574
                },
                "metrics": {
                    "outcome": -0.24099894451393317
                },
                "metadata": {
                    "trials": 1
                }
            }
        ],
        [
            {
                "query": {
                    "x": 0.9145341053363331
                },
                "metrics": {
                    "outcome": -0.2409989511561156
                },
                "metadata": {
                    "trials": 1
                }
            }
        ],
        [
            {
                "query": {
                    "x": 0.9145340988974546
                },
                "metrics": {
                    "outcome": -0.24099885357322634
                },
                "metadata": {
                    "trials": 1
                }
            }
        ],
        [
            {
                "query": {
                    "x": 0.9145341063918051
                },
                "metrics": {
                    "outcome": -0.2409989671520695
                },
                "metadata": {
                    "trials": 1
                }
            }
        ],
        [
            {
                "query": {
                    "x": 0.9145341053363005
                },
                "metrics": {
                    "outcome": -0.24099895115562203
                },
                "metadata": {
                    "trials": 1
                }
            }
        ],
        [
            {
                "query": {
                    "x": 1.4939070378610915
                },
                "metrics": {
                    "outcome": 0.12318382512321077
                },
                "metadata": {
                    "trials": 1
                }
            }
        ],
        [
            {
                "query": {
                    "x": 1.4939070196932633
                },
                "metrics": {
                    "outcome": 0.12318400468173513
                },
                "metadata": {
                    "trials": 1
                }
            }
        ],
        [
            {
                "query": {
                    "x": 1.4939070447252811
                },
                "metrics": {
                    "outcome": 0.12318375728220064
                },
                "metadata": {
                    "trials": 1
                }
            }
        ],
        [
            {
                "query": {
                    "x": 1.4939070417992801
                },
                "metrics": {
                    "outcome": 0.12318378620081558
                },
                "metadata": {
                    "trials": 1
                }
            }
        ],
        [
            {
                "query": {
                    "x": 1.4939070347590542
                },
                "metrics": {
                    "outcome": 0.12318385578165168
                },
                "metadata": {
                    "trials": 1
                }
            }
        ],
        [
            {
                "query": {
                    "x": 1.1454664985464877
                },
                "metrics": {
                    "outcome": -0.43163593662166605
                },
                "metadata": {
                    "trials": 1
                }
            }
        ],
        [
            {
                "query": {
                    "x": 1.1454664979705989
                },
                "metrics": {
                    "outcome": -0.43163593572502784
                },
                "metadata": {
                    "trials": 1
                }
            }
        ],
        [
            {
                "query": {
                    "x": 1.1454664941295873
                },
                "metrics": {
                    "outcome": -0.43163592974470677
                },
                "metadata": {
                    "trials": 1
                }
            }
        ],
        [
            {
                "query": {
                    "x": 1.1454664983099538
                },
                "metrics": {
                    "outcome": -0.4316359362533911
                },
                "metadata": {
                    "trials": 1
                }
            }
        ],
        [
            {
                "query": {
                    "x": 1.1454664755215278
                },
                "metrics": {
                    "outcome": -0.4316359007725173
                },
                "metadata": {
                    "trials": 1
                }
            }
        ],
        [
            {
                "query": {
                    "x": 0.6992571435232819
                },
                "metrics": {
                    "outcome": 0.02486638164180026
                },
                "metadata": {
                    "trials": 1
                }
            }
        ],
        [
            {
                "query": {
                    "x": 0.6992571426838864
                },
                "metrics": {
                    "outcome": 0.024866400604028855
                },
                "metadata": {
                    "trials": 1
                }
            }
        ],
        [
            {
                "query": {
                    "x": 0.6992571335279614
                },
                "metrics": {
                    "outcome": 0.02486660743945464
                },
                "metadata": {
                    "trials": 1
                }
            }
        ],
        [
            {
                "query": {
                    "x": 0.6992570980301861
                },
                "metrics": {
                    "outcome": 0.024867409346175758
                },
                "metadata": {
                    "trials": 1
                }
            }
        ],
        [
            {
                "query": {
                    "x": 0.6992571449371583
                },
                "metrics": {
                    "outcome": 0.024866349701857894
                },
                "metadata": {
                    "trials": 1
                }
            }
        ],
        [
            {
                "query": {
                    "x": 1.6963777741011161
                },
                "metrics": {
                    "outcome": 0.26863716041875685
                },
                "metadata": {
                    "trials": 1
                }
            }
        ],
        [
            {
                "query": {
                    "x": 1.696377788725542
                },
                "metrics": {
                    "outcome": 0.2686370453429952
                },
                "metadata": {
                    "trials": 1
                }
            }
        ],
        [
            {
                "query": {
                    "x": 1.6963778137608336
                },
                "metrics": {
                    "outcome": 0.2686368483468587
                },
                "metadata": {
                    "trials": 1
                }
            }
        ],
        [
            {
                "query": {
                    "x": 1.6963777903692
                },
                "metrics": {
                    "outcome": 0.2686370324094826
                },
                "metadata": {
                    "trials": 1
                }
            }
        ],
        [
            {
                "query": {
                    "x": 1.6963777948033416
                },
                "metrics": {
                    "outcome": 0.2686369975183865
                },
                "metadata": {
                    "trials": 1
                }
            }
        ],
        [
            {
                "query": {
                    "x": 1.322713337247047
                },
                "metrics": {
                    "outcome": -0.23657342071534926
                },
                "metadata": {
                    "trials": 1
                }
            }
        ],
        [
            {
                "query": {
                    "x": 1.3227133281504506
                },
                "metrics": {
                    "outcome": -0.2365733419673303
                },
                "metadata": {
                    "trials": 1
                }
            }
        ],
        [
            {
                "query": {
                    "x": 1.3227133290861401
                },
                "metrics": {
                    "outcome": -0.23657335006746985
                },
                "metadata": {
                    "trials": 1
                }
            }
        ],
        [
            {
                "query": {
                    "x": 1.3227133320242157
                },
                "metrics": {
                    "outcome": -0.23657337550199886
                },
                "metadata": {
                    "trials": 1
                }
            }
        ],
        [
            {
                "query": {
                    "x": 1.3227133230533716
                },
                "metrics": {
                    "outcome": -0.23657329784258865
                },
                "metadata": {
                    "trials": 1
                }
            }
        ],
        [
            {
                "query": {
                    "x": 0.8644050976751391
                },
                "metrics": {
                    "outcome": 0.5205427717646635
                },
                "metadata": {
                    "trials": 1
                }
            }
        ],
        [
            {
                "query": {
                    "x": 0.8644050637125172
                },
                "metrics": {
                    "outcome": 0.5205430624049754
                },
                "metadata": {
                    "trials": 1
                }
            }
        ],
        [
            {
                "query": {
                    "x": 0.8644051097946059
                },
                "metrics": {
                    "outcome": 0.5205426680503414
                },
                "metadata": {
                    "trials": 1
                }
            }
        ],
        [
            {
                "query": {
                    "x": 0.8644050650078157
                },
                "metrics": {
                    "outcome": 0.5205430513202725
                },
                "metadata": {
                    "trials": 1
                }
            }
        ],
        [
            {
                "query": {
                    "x": 0.8644051034823544
                },
                "metrics": {
                    "outcome": 0.5205427220684756
                },
                "metadata": {
                    "trials": 1
                }
            }
        ],
        [
            {
                "query": {
                    "x": 0.9484144320059226
                },
                "metrics": {
                    "outcome": -0.5265346924041501
                },
                "metadata": {
                    "trials": 1
                }
            }
        ],
        [
            {
                "query": {
                    "x": 0.9484144546499826
                },
                "metrics": {
                    "outcome": -0.5265346985186293
                },
                "metadata": {
                    "trials": 1
                }
            }
        ],
        [
            {
                "query": {
                    "x": 0.9484144546331718
                },
                "metrics": {
                    "outcome": -0.5265346985140901
                },
                "metadata": {
                    "trials": 1
                }
            }
        ],
        [
            {
                "query": {
                    "x": 0.9484144577980759
                },
                "metrics": {
                    "outcome": -0.5265346993686744
                },
                "metadata": {
                    "trials": 1
                }
            }
        ],
        [
            {
                "query": {
                    "x": 0.9484144243182201
                },
                "metrics": {
                    "outcome": -0.5265346903282119
                },
                "metadata": {
                    "trials": 1
                }
            }
        ],
        [
            {
                "query": {
                    "x": 1.8936976439594968
                },
                "metrics": {
                    "outcome": 0.6898507595390414
                },
                "metadata": {
                    "trials": 1
                }
            }
        ],
        [
            {
                "query": {
                    "x": 1.8936976335846005
                },
                "metrics": {
                    "outcome": 0.6898508145785287
                },
                "metadata": {
                    "trials": 1
                }
            }
        ],
        [
            {
                "query": {
                    "x": 1.893697636819631
                },
                "metrics": {
                    "outcome": 0.6898507974164862
                },
                "metadata": {
                    "trials": 1
                }
            }
        ],
        [
            {
                "query": {
                    "x": 1.893697617843916
                },
                "metrics": {
                    "outcome": 0.689850898083857
                },
                "metadata": {
                    "trials": 1
                }
            }
        ],
        [
            {
                "query": {
                    "x": 1.8936976367533505
                },
                "metrics": {
                    "outcome": 0.6898507977681074
                },
                "metadata": {
                    "trials": 1
                }
            }
        ],
        [
            {
                "query": {
                    "x": 0.7524457108339201
                },
                "metrics": {
                    "outcome": -0.6587836718780494
                },
                "metadata": {
                    "trials": 1
                }
            }
        ],
        [
            {
                "query": {
                    "x": 0.7524456966714425
                },
                "metrics": {
                    "outcome": -0.6587837061828452
                },
                "metadata": {
                    "trials": 1
                }
            }
        ],
        [
            {
                "query": {
                    "x": 0.752445711287982
                },
                "metrics": {
                    "outcome": -0.6587836707782047
                },
                "metadata": {
                    "trials": 1
                }
            }
        ],
        [
            {
                "query": {
                    "x": 0.7524457189802578
                },
                "metrics": {
                    "outcome": -0.6587836521456771
                },
                "metadata": {
                    "trials": 1
                }
            }
        ],
        [
            {
                "query": {
                    "x": 0.7524457157767138
                },
                "metrics": {
                    "outcome": -0.6587836599054296
                },
                "metadata": {
                    "trials": 1
                }
            }
        ],
        [
            {
                "query": {
                    "x": 0.7452166581800684
                },
                "metrics": {
                    "outcome": -0.6591705117141474
                },
                "metadata": {
                    "trials": 1
                }
            }
        ],
        [
            {
                "query": {
                    "x": 0.7452166560437365
                },
                "metrics": {
                    "outcome": -0.6591705067331323
                },
                "metadata": {
                    "trials": 1
                }
            }
        ],
        [
            {
                "query": {
                    "x": 0.7452166369540569
                },
                "metrics": {
                    "outcome": -0.6591704622240013
                },
                "metadata": {
                    "trials": 1
                }
            }
        ],
        [
            {
                "query": {
                    "x": 0.7452166780256053
                },
                "metrics": {
                    "outcome": -0.6591705579853369
                },
                "metadata": {
                    "trials": 1
                }
            }
        ],
        [
            {
                "query": {
                    "x": 0.7452167109612116
                },
                "metrics": {
                    "outcome": -0.6591706347763183
                },
                "metadata": {
                    "trials": 1
                }
            }
        ],
        [
            {
                "query": {
                    "x": 0.5500347850828823
                },
                "metrics": {
                    "outcome": -0.8680393016201666
                },
                "metadata": {
                    "trials": 1
                }
            }
        ],
        [
            {
                "query": {
                    "x": 0.5500347931394043
                },
                "metrics": {
                    "outcome": -0.8680392909897541
                },
                "metadata": {
                    "trials": 1
                }
            }
        ],
        [
            {
                "query": {
                    "x": 0.5500347742211587
                },
                "metrics": {
                    "outcome": -0.8680393159518923
                },
                "metadata": {
                    "trials": 1
                }
            }
        ],
        [
            {
                "query": {
                    "x": 0.5500347625859061
                },
                "metrics": {
                    "outcome": -0.8680393313041499
                },
                "metadata": {
                    "trials": 1
                }
            }
        ],
        [
            {
                "query": {
                    "x": 0.5500347857123542
                },
                "metrics": {
                    "outcome": -0.8680393007895937
                },
                "metadata": {
                    "trials": 1
                }
            }
        ],
        [
            {
                "query": {
                    "x": 0.5434986555099686
                },
                "metrics": {
                    "outcome": -0.8574154581466973
                },
                "metadata": {
                    "trials": 1
                }
            }
        ],
        [
            {
                "query": {
                    "x": 0.5434986737432056
                },
                "metrics": {
                    "outcome": -0.8574155417478406
                },
                "metadata": {
                    "trials": 1
                }
            }
        ],
        [
            {
                "query": {
                    "x": 0.5434986794870624
                },
                "metrics": {
                    "outcome": -0.8574155680839133
                },
                "metadata": {
                    "trials": 1
                }
            }
        ],
        [
            {
                "query": {
                    "x": 0.5434986364011001
                },
                "metrics": {
                    "outcome": -0.857415370530377
                },
                "metadata": {
                    "trials": 1
                }
            }
        ],
        [
            {
                "query": {
                    "x": 0.5434986168715841
                },
                "metrics": {
                    "outcome": -0.8574152809849978
                },
                "metadata": {
                    "trials": 1
                }
            }
        ],
        [
            {
                "query": {
                    "x": 2.093518142663001
                },
                "metrics": {
                    "outcome": 1.4781932937092233
                },
                "metadata": {
                    "trials": 1
                }
            }
        ],
        [
            {
                "query": {
                    "x": 2.0935181648613974
                },
                "metrics": {
                    "outcome": 1.478193246188058
                },
                "metadata": {
                    "trials": 1
                }
            }
        ],
        [
            {
                "query": {
                    "x": 2.093517892224342
                },
                "metrics": {
                    "outcome": 1.4781938298342774
                },
                "metadata": {
                    "trials": 1
                }
            }
        ],
        [
            {
                "query": {
                    "x": 2.093518157000009
                },
                "metrics": {
                    "outcome": 1.4781932630173082
                },
                "metadata": {
                    "trials": 1
                }
            }
        ],
        [
            {
                "query": {
                    "x": 2.093518144820332
                },
                "metrics": {
                    "outcome": 1.4781932890909206
                },
                "metadata": {
                    "trials": 1
                }
            }
        ],
        [
            {
                "query": {
                    "x": 1.2725600304743894
                },
                "metrics": {
                    "outcome": 0.30380725926086277
                },
                "metadata": {
                    "trials": 1
                }
            }
        ],
        [
            {
                "query": {
                    "x": 2.5
                },
                "metrics": {
                    "outcome": 5.0625
                },
                "metadata": {
                    "trials": 1
                }
            }
        ],
        [
            {
                "query": {
                    "x": 2.5
                },
                "metrics": {
                    "outcome": 5.0625
                },
                "metadata": {
                    "trials": 1
                }
            }
        ],
        [
            {
                "query": {
                    "x": 2.5
                },
                "metrics": {
                    "outcome": 5.0625
                },
                "metadata": {
                    "trials": 1
                }
            }
        ],
        [
            {
                "query": {
                    "x": 1.2725601069343926
                },
                "metrics": {
                    "outcome": 0.3038066332348123
                },
                "metadata": {
                    "trials": 1
                }
            }
        ],
        [
            {
                "query": {
                    "x": 1.546985672492547
                },
                "metrics": {
                    "outcome": -0.23224441531593323
                },
                "metadata": {
                    "trials": 1
                }
            }
        ],
        [
            {
                "query": {
                    "x": 1.5469891894545105
                },
                "metrics": {
                    "outcome": -0.23224475625512103
                },
                "metadata": {
                    "trials": 1
                }
            }
        ],
        [
            {
                "query": {
                    "x": 1.5469888544711035
                },
                "metrics": {
                    "outcome": -0.23224472395304352
                },
                "metadata": {
                    "trials": 1
                }
            }
        ],
        [
            {
                "query": {
                    "x": 1.546988425474085
                },
                "metrics": {
                    "outcome": -0.23224468253254987
                },
                "metadata": {
                    "trials": 1
                }
            }
        ],
        [
            {
                "query": {
                    "x": 1.5469888295426877
                },
                "metrics": {
                    "outcome": -0.23224472154777917
                },
                "metadata": {
                    "trials": 1
                }
            }
        ],
        [
            {
                "query": {
                    "x": 2.29145400434788
                },
                "metrics": {
                    "outcome": 2.8396168258770005
                },
                "metadata": {
                    "trials": 1
                }
            }
        ],
        [
            {
                "query": {
                    "x": 2.292841909339195
                },
                "metrics": {
                    "outcome": 2.8423392280392177
                },
                "metadata": {
                    "trials": 1
                }
            }
        ],
        [
            {
                "query": {
                    "x": 2.291852007965108
                },
                "metrics": {
                    "outcome": 2.840402909383449
                },
                "metadata": {
                    "trials": 1
                }
            }
        ],
        [
            {
                "query": {
                    "x": 2.2923977372710507
                },
                "metrics": {
                    "outcome": 2.8414734590979585
                },
                "metadata": {
                    "trials": 1
                }
            }
        ],
        [
            {
                "query": {
                    "x": 2.292530143255817
                },
                "metrics": {
                    "outcome": 2.841732032157293
                },
                "metadata": {
                    "trials": 1
                }
            }
        ],
        [
            {
                "query": {
                    "x": 1.746883878639163
                },
                "metrics": {
                    "outcome": 0.026326961005964933
                },
                "metadata": {
                    "trials": 1
                }
            }
        ],
        [
            {
                "query": {
                    "x": 1.7482234326770667
                },
                "metrics": {
                    "outcome": 0.02785963745587211
                },
                "metadata": {
                    "trials": 1
                }
            }
        ],
        [
            {
                "query": {
                    "x": 1.7474448568366867
                },
                "metrics": {
                    "outcome": 0.026905737402428742
                },
                "metadata": {
                    "trials": 1
                }
            }
        ],
        [
            {
                "query": {
                    "x": 1.7451729367305349
                },
                "metrics": {
                    "outcome": 0.02512234854069767
                },
                "metadata": {
                    "trials": 1
                }
            }
        ],
        [
            {
                "query": {
                    "x": 1.7465863884541275
                },
                "metrics": {
                    "outcome": 0.02605689504334363
                },
                "metadata": {
                    "trials": 1
                }
            }
        ],
        [
            {
                "query": {
                    "x": 1.3597810641030834
                },
                "metrics": {
                    "outcome": -0.3337273495365538
                },
                "metadata": {
                    "trials": 1
                }
            }
        ],
        [
            {
                "query": {
                    "x": 1.3589545781210588
                },
                "metrics": {
                    "outcome": -0.3368649543331976
                },
                "metadata": {
                    "trials": 1
                }
            }
        ],
        [
            {
                "query": {
                    "x": 1.3598871695409127
                },
                "metrics": {
                    "outcome": -0.33330757206161965
                },
                "metadata": {
                    "trials": 1
                }
            }
        ],
        [
            {
                "query": {
                    "x": 1.3594379105442862
                },
                "metrics": {
                    "outcome": -0.33505856033162285
                },
                "metadata": {
                    "trials": 1
                }
            }
        ],
        [
            {
                "query": {
                    "x": 1.3577738716081926
                },
                "metrics": {
                    "outcome": -0.34093761923478877
                },
                "metadata": {
                    "trials": 1
                }
            }
        ],
        [
            {
                "query": {
                    "x": 0.5589393444839776
                },
                "metrics": {
                    "outcome": -0.8216624463301818
                },
                "metadata": {
                    "trials": 1
                }
            }
        ],
        [
            {
                "query": {
                    "x": 0.5584265417839558
                },
                "metrics": {
                    "outcome": -0.8261615516346644
                },
                "metadata": {
                    "trials": 1
                }
            }
        ],
        [
            {
                "query": {
                    "x": 0.5614102570198449
                },
                "metrics": {
                    "outcome": -0.7970013349822274
                },
                "metadata": {
                    "trials": 1
                }
            }
        ],
        [
            {
                "query": {
                    "x": 0.5577811014531338
                },
                "metrics": {
                    "outcome": -0.831516417199826
                },
                "metadata": {
                    "trials": 1
                }
            }
        ],
        [
            {
                "query": {
                    "x": 0.5580196818526915
                },
                "metrics": {
                    "outcome": -0.8295772032452392
                },
                "metadata": {
                    "trials": 1
                }
            }
        ],
        [
            {
                "query": {
                    "x": 1.9461942219296986
                },
                "metrics": {
                    "outcome": 0.5464549896540905
                },
                "metadata": {
                    "trials": 1
                }
            }
        ],
        [
            {
                "query": {
                    "x": 1.946825871925322
                },
                "metrics": {
                    "outcome": 0.5481225581289195
                },
                "metadata": {
                    "trials": 1
                }
            }
        ],
        [
            {
                "query": {
                    "x": 1.9454746870652448
                },
                "metrics": {
                    "outcome": 0.54468340783803
                },
                "metadata": {
                    "trials": 1
                }
            }
        ],
        [
            {
                "query": {
                    "x": 1.9443936153339685
                },
                "metrics": {
                    "outcome": 0.5422774152865638
                },
                "metadata": {
                    "trials": 1
                }
            }
        ],
        [
            {
                "query": {
                    "x": 1.9426287629451613
                },
                "metrics": {
                    "outcome": 0.5390066127029988
                },
                "metadata": {
                    "trials": 1
                }
            }
        ],
        [
            {
                "query": {
                    "x": 1.6441338644749826
                },
                "metrics": {
                    "outcome": 0.4711108555425243
                },
                "metadata": {
                    "trials": 1
                }
            }
        ],
        [
            {
                "query": {
                    "x": 1.644785271004158
                },
                "metrics": {
                    "outcome": 0.4727672234234729
                },
                "metadata": {
                    "trials": 1
                }
            }
        ],
        [
            {
                "query": {
                    "x": 1.6415397882705312
                },
                "metrics": {
                    "outcome": 0.4632893570323043
                },
                "metadata": {
                    "trials": 1
                }
            }
        ],
        [
            {
                "query": {
                    "x": 1.644713346039875
                },
                "metrics": {
                    "outcome": 0.4725904302326656
                },
                "metadata": {
                    "trials": 1
                }
            }
        ],
        [
            {
                "query": {
                    "x": 1.6458178060023105
                },
                "metrics": {
                    "outcome": 0.47513816035708045
                },
                "metadata": {
                    "trials": 1
                }
            }
        ],
        [
            {
                "query": {
                    "x": 1.4473416925007947
                },
                "metrics": {
                    "outcome": 0.38430277360080817
                },
                "metadata": {
                    "trials": 1
                }
            }
        ],
        [
            {
                "query": {
                    "x": 1.4489197493767287
                },
                "metrics": {
                    "outcome": 0.3854998863990896
                },
                "metadata": {
                    "trials": 1
                }
            }
        ],
        [
            {
                "query": {
                    "x": 1.4493802368478816
                },
                "metrics": {
                    "outcome": 0.3856904614460748
                },
                "metadata": {
                    "trials": 1
                }
            }
        ],
        [
            {
                "query": {
                    "x": 1.448210417386422
                },
                "metrics": {
                    "outcome": 0.3850660214959218
                },
                "metadata": {
                    "trials": 1
                }
            }
        ],
        [
            {
                "query": {
                    "x": 1.448760334246833
                },
                "metrics": {
                    "outcome": 0.3854172053371404
                },
                "metadata": {
                    "trials": 1
                }
            }
        ],
        [
            {
                "query": {
                    "x": 0.9704615339916747
                },
                "metrics": {
                    "outcome": -0.41238531551892693
                },
                "metadata": {
                    "trials": 1
                }
            }
        ],
        [
            {
                "query": {
                    "x": 0.9715717329195344
                },
                "metrics": {
                    "outcome": -0.40090613583673296
                },
                "metadata": {
                    "trials": 1
                }
            }
        ],
        [
            {
                "query": {
                    "x": 0.9724706373396497
                },
                "metrics": {
                    "outcome": -0.39127331067408094
                },
                "metadata": {
                    "trials": 1
                }
            }
        ],
        [
            {
                "query": {
                    "x": 0.9711331575609141
                },
                "metrics": {
                    "outcome": -0.40549681408435484
                },
                "metadata": {
                    "trials": 1
                }
            }
        ],
        [
            {
                "query": {
                    "x": 0.9702869068177651
                },
                "metrics": {
                    "outcome": -0.41414797818156496
                },
                "metadata": {
                    "trials": 1
                }
            }
        ],
        [
            {
                "query": {
                    "x": 1.169558994032998
                },
                "metrics": {
                    "outcome": -0.34848569787285644
                },
                "metadata": {
                    "trials": 1
                }
            }
        ],
        [
            {
                "query": {
                    "x": 1.1681306510998999
                },
                "metrics": {
                    "outcome": -0.35965782415910136
                },
                "metadata": {
                    "trials": 1
                }
            }
        ],
        [
            {
                "query": {
                    "x": 2.142854425713902
                },
                "metrics": {
                    "outcome": 1.4784605931253574
                },
                "metadata": {
                    "trials": 1
                }
            }
        ],
        [
            {
                "query": {
                    "x": 1.1695177960257102
                },
                "metrics": {
                    "outcome": -0.3488175231237823
                },
                "metadata": {
                    "trials": 1
                }
            }
        ],
        [
            {
                "query": {
                    "x": 1.1696307908046657
                },
                "metrics": {
                    "outcome": -0.3479060742023134
                },
                "metadata": {
                    "trials": 1
                }
            }
        ],
        [
            {
                "query": {
                    "x": 0.6534546993473933
                },
                "metrics": {
                    "outcome": 0.7750843317754919
                },
                "metadata": {
                    "trials": 1
                }
            }
        ],
        [
            {
                "query": {
                    "x": 0.6512413535242147
                },
                "metrics": {
                    "outcome": 0.7819752406714814
                },
                "metadata": {
                    "trials": 1
                }
            }
        ],
        [
            {
                "query": {
                    "x": 0.6526551958266869
                },
                "metrics": {
                    "outcome": 0.7779935756818981
                },
                "metadata": {
                    "trials": 1
                }
            }
        ],
        [
            {
                "query": {
                    "x": 0.6513357496407637
                },
                "metrics": {
                    "outcome": 0.7817559145052108
                },
                "metadata": {
                    "trials": 1
                }
            }
        ],
        [
            {
                "query": {
                    "x": 0.6530481183650605
                },
                "metrics": {
                    "outcome": 0.7766229210725476
                },
                "metadata": {
                    "trials": 1
                }
            }
        ]
    ]
}