{
    "date": "04/11/2022 13:57:11",
    "basic_params": {
        "active_variables": [
            "x"
        ],
        "default_query": {},
        "metric": "basic",
        "n_trials": 1
    },
    "objective_function": {
        "name": "Gramacy1D",
        "params": {}
    },
    "optimizer": {
        "name": "BBO-LP(LCB)",
        "params": {
            "lower_bound": [
                0.5
            ],
            "upper_bound": [
                2.5
            ],
            "invert_metric": false,
            "bopt_params": {
                "n_init_samples": 15,
                "n_iterations": 45,
                "n_iter_relearn": 5,
                "verbose_level": 1,
                "n_parallel_samples": 3,
                "par_type": "PAR_BBO",
                "crit_name": "cLP(cLCB)",
                "n_crit_params": 3,
                "crit_params": [
                    3,
                    1,
                    1.0
                ]
            }
        }
    },
    "iterations": [
        [
            {
                "query": {
                    "x": 2.4934746493274966
                },
                "metrics": {
                    "outcome": 5.015800898897547
                },
                "metadata": {
                    "trials": 1
                }
            }
        ],
        [
            {
                "query": {
                    "x": 2.105822199365745
                },
                "metrics": {
                    "outcome": 1.452156574710413
                },
                "metadata": {
                    "trials": 1
                }
            }
        ],
        [
            {
                "query": {
                    "x": 2.2710005010167755
                },
                "metrics": {
                    "outcome": 2.7836178940320186
                },
                "metadata": {
                    "trials": 1
                }
            }
        ],
        [
            {
                "query": {
                    "x": 0.754283007979393
                },
                "metrics": {
                    "outcome": -0.6532441337965454
                },
                "metadata": {
                    "trials": 1
                }
            }
        ],
        [
            {
                "query": {
                    "x": 1.0279473808594048
                },
                "metrics": {
                    "outcome": 0.37426999997910815
                },
                "metadata": {
                    "trials": 1
                }
            }
        ],
        [
            {
                "query": {
                    "x": 1.253535307943821
                },
                "metrics": {
                    "outcome": 0.4005462299983052
                },
                "metadata": {
                    "trials": 1
                }
            }
        ],
        [
            {
                "query": {
                    "x": 0.8222687021829188
                },
                "metrics": {
                    "outcome": 0.3925398559901515
                },
                "metadata": {
                    "trials": 1
                }
            }
        ],
        [
            {
                "query": {
                    "x": 1.4869616563121477
                },
                "metrics": {
                    "outcome": 0.19014648599925998
                },
                "metadata": {
                    "trials": 1
                }
            }
        ],
        [
            {
                "query": {
                    "x": 1.7167134190599123
                },
                "metrics": {
                    "outcome": 0.1178677984915214
                },
                "metadata": {
                    "trials": 1
                }
            }
        ],
        [
            {
                "query": {
                    "x": 1.3190578126658996
                },
                "metrics": {
                    "outcome": -0.2032687003782772
                },
                "metadata": {
                    "trials": 1
                }
            }
        ],
        [
            {
                "query": {
                    "x": 1.9550560522824525
                },
                "metrics": {
                    "outcome": 0.5794572714413726
                },
                "metadata": {
                    "trials": 1
                }
            }
        ],
        [
            {
                "query": {
                    "x": 2.005338651438554
                },
                "metrics": {
                    "outcome": 1.0631484884840718
                },
                "metadata": {
                    "trials": 1
                }
            }
        ],
        [
            {
                "query": {
                    "x": 0.6138444854877889
                },
                "metrics": {
                    "outcome": 0.3654443378485777
                },
                "metadata": {
                    "trials": 1
                }
            }
        ],
        [
            {
                "query": {
                    "x": 1.1090701420791447
                },
                "metrics": {
                    "outcome": -0.1265891954961497
                },
                "metadata": {
                    "trials": 1
                }
            }
        ],
        [
            {
                "query": {
                    "x": 1.6330130682637294
                },
                "metrics": {
                    "outcome": 0.4241730328035045
                },
                "metadata": {
                    "trials": 1
                }
            }
        ],
        [
            {
                "query": {
                    "x": 0.7148498372268587
                },
                "metrics": {
                    "outcome": -0.30798761886072046
                },
                "metadata": {
                    "trials": 1
                }
            },
            {
                "query": {
                    "x": 1.3843149464934248
                },
                "metrics": {
                    "outcome": -0.14904951811075323
                },
                "metadata": {
                    "trials": 1
                }
            },
            {
                "query": {
                    "x": 0.6832233711581867
                },
                "metrics": {
                    "outcome": 0.37816939101057606
                },
                "metadata": {
                    "trials": 1
                }
            }
        ],
        [
            {
                "query": {
                    "x": 0.5000000000000016
                },
                "metrics": {
                    "outcome": 0.06249999999995187
                },
                "metadata": {
                    "trials": 1
                }
            },
            {
                "query": {
                    "x": 0.7462869907555455
                },
                "metrics": {
                    "outcome": -0.6612870498051565
                },
                "metadata": {
                    "trials": 1
                }
            },
            {
                "query": {
                    "x": 0.7594248294708541
                },
                "metrics": {
                    "outcome": -0.626393188950023
                },
                "metadata": {
                    "trials": 1
                }
            }
        ],
        [
            {
                "query": {
                    "x": 0.7487659810759045
                },
                "metrics": {
                    "outcome": -0.6632796862225162
                },
                "metadata": {
                    "trials": 1
                }
            },
            {
                "query": {
                    "x": 0.7444840269244895
                },
                "metrics": {
                    "outcome": -0.6572848110080903
                },
                "metadata": {
                    "trials": 1
                }
            },
            {
                "query": {
                    "x": 0.7529732485301597
                },
                "metrics": {
                    "outcome": -0.6574157822754717
                },
                "metadata": {
                    "trials": 1
                }
            }
        ],
        [
            {
                "query": {
                    "x": 0.7487677356674829
                },
                "metrics": {
                    "outcome": -0.6632796595300886
                },
                "metadata": {
                    "trials": 1
                }
            },
            {
                "query": {
                    "x": 0.7451546791235057
                },
                "metrics": {
                    "outcome": -0.6590247323097697
                },
                "metadata": {
                    "trials": 1
                }
            },
            {
                "query": {
                    "x": 0.7523550911303947
                },
                "metrics": {
                    "outcome": -0.6590005128412092
                },
                "metadata": {
                    "trials": 1
                }
            }
        ],
        [
            {
                "query": {
                    "x": 0.748760342451348
                },
                "metrics": {
                    "outcome": -0.6632797582639205
                },
                "metadata": {
                    "trials": 1
                }
            },
            {
                "query": {
                    "x": 0.7454903746574134
                },
                "metrics": {
                    "outcome": -0.6597839167939901
                },
                "metadata": {
                    "trials": 1
                }
            },
            {
                "query": {
                    "x": 0.752015051765247
                },
                "metrics": {
                    "outcome": -0.6597666803925571
                },
                "metadata": {
                    "trials": 1
                }
            }
        ],
        [
            {
                "query": {
                    "x": 0.7487571003331842
                },
                "metrics": {
                    "outcome": -0.6632797901977276
                },
                "metadata": {
                    "trials": 1
                }
            },
            {
                "query": {
                    "x": 0.7456103700467553
                },
                "metrics": {
                    "outcome": -0.6600371993458606
                },
                "metadata": {
                    "trials": 1
                }
            },
            {
                "query": {
                    "x": 0.7518929651256634
                },
                "metrics": {
                    "outcome": -0.6600234409397976
                },
                "metadata": {
                    "trials": 1
                }
            }
        ],
        [
            {
                "query": {
                    "x": 0.74875277915095
                },
                "metrics": {
                    "outcome": -0.6632798219890106
                },
                "metadata": {
                    "trials": 1
                }
            },
            {
                "query": {
                    "x": 0.7457663229026071
                },
                "metrics": {
                    "outcome": -0.6603521412625254
                },
                "metadata": {
                    "trials": 1
                }
            },
            {
                "query": {
                    "x": 0.7517319230366419
                },
                "metrics": {
                    "outcome": -0.6603473034721679
                },
                "metadata": {
                    "trials": 1
                }
            }
        ],
        [
            {
                "query": {
                    "x": 0.7487501110625705
                },
                "metrics": {
                    "outcome": -0.6632798354725784
                },
                "metadata": {
                    "trials": 1
                }
            },
            {
                "query": {
                    "x": 0.7458877532909042
                },
                "metrics": {
                    "outcome": -0.6605862215345849
                },
                "metadata": {
                    "trials": 1
                }
            },
            {
                "query": {
                    "x": 0.7516073148713769
                },
                "metrics": {
                    "outcome": -0.6605863133207439
                },
                "metadata": {
                    "trials": 1
                }
            }
        ],
        [
            {
                "query": {
                    "x": 0.7487483228619844
                },
                "metrics": {
                    "outcome": -0.6632798418832484
                },
                "metadata": {
                    "trials": 1
                }
            },
            {
                "query": {
                    "x": 0.7515064759333931
                },
                "metrics": {
                    "outcome": -0.6607723285538829
                },
                "metadata": {
                    "trials": 1
                }
            },
            {
                "query": {
                    "x": 0.7459864422006096
                },
                "metrics": {
                    "outcome": -0.6607692755866088
                },
                "metadata": {
                    "trials": 1
                }
            }
        ],
        [
            {
                "query": {
                    "x": 0.7487470945296326
                },
                "metrics": {
                    "outcome": -0.6632798450656355
                },
                "metadata": {
                    "trials": 1
                }
            },
            {
                "query": {
                    "x": 0.7514223040029107
                },
                "metrics": {
                    "outcome": -0.6609225245280194
                },
                "metadata": {
                    "trials": 1
                }
            },
            {
                "query": {
                    "x": 0.746069156606104
                },
                "metrics": {
                    "outcome": -0.6609177345419683
                },
                "metadata": {
                    "trials": 1
                }
            }
        ],
        [
            {
                "query": {
                    "x": 0.7487461791613266
                },
                "metrics": {
                    "outcome": -0.663279846790476
                },
                "metadata": {
                    "trials": 1
                }
            },
            {
                "query": {
                    "x": 0.7513503486886304
                },
                "metrics": {
                    "outcome": -0.6610472591154583
                },
                "metadata": {
                    "trials": 1
                }
            },
            {
                "query": {
                    "x": 0.7461400040804
                },
                "metrics": {
                    "outcome": -0.6610412945901708
                },
                "metadata": {
                    "trials": 1
                }
            }
        ],
        [
            {
                "query": {
                    "x": 0.7487455146109885
                },
                "metrics": {
                    "outcome": -0.6632798476966656
                },
                "metadata": {
                    "trials": 1
                }
            },
            {
                "query": {
                    "x": 0.7512877689525852
                },
                "metrics": {
                    "outcome": -0.6611529955760503
                },
                "metadata": {
                    "trials": 1
                }
            },
            {
                "query": {
                    "x": 0.7462017980675255
                },
                "metrics": {
                    "outcome": -0.6611463531747916
                },
                "metadata": {
                    "trials": 1
                }
            }
        ],
        [
            {
                "query": {
                    "x": 0.7487450103889701
                },
                "metrics": {
                    "outcome": -0.6632798481900043
                },
                "metadata": {
                    "trials": 1
                }
            },
            {
                "query": {
                    "x": 0.7512325474119737
                },
                "metrics": {
                    "outcome": -0.6612441773269697
                },
                "metadata": {
                    "trials": 1
                }
            },
            {
                "query": {
                    "x": 0.7462564260244191
                },
                "metrics": {
                    "outcome": -0.6612371242517773
                },
                "metadata": {
                    "trials": 1
                }
            }
        ],
        [
            {
                "query": {
                    "x": 0.7487446075947612
                },
                "metrics": {
                    "outcome": -0.663279848463697
                },
                "metadata": {
                    "trials": 1
                }
            },
            {
                "query": {
                    "x": 0.7511832386955932
                },
                "metrics": {
                    "outcome": -0.6613239139302064
                },
                "metadata": {
                    "trials": 1
                }
            },
            {
                "query": {
                    "x": 0.7463052565620574
                },
                "metrics": {
                    "outcome": -0.6613165907479353
                },
                "metadata": {
                    "trials": 1
                }
            }
        ],
        [
            {
                "query": {
                    "x": 0.7487442976852141
                },
                "metrics": {
                    "outcome": -0.6632798486014817
                },
                "metadata": {
                    "trials": 1
                }
            },
            {
                "query": {
                    "x": 0.7511388014054484
                },
                "metrics": {
                    "outcome": -0.6613944132908887
                },
                "metadata": {
                    "trials": 1
                }
            },
            {
                "query": {
                    "x": 0.7463493380186189
                },
                "metrics": {
                    "outcome": -0.661386973565572
                },
                "metadata": {
                    "trials": 1
                }
            }
        ],
        [
            {
                "query": {
                    "x": 0.7487440699983332
                },
                "metrics": {
                    "outcome": -0.663279848662369
                },
                "metadata": {
                    "trials": 1
                }
            },
            {
                "query": {
                    "x": 0.7510984420163325
                },
                "metrics": {
                    "outcome": -0.6614573257986451
                },
                "metadata": {
                    "trials": 1
                }
            },
            {
                "query": {
                    "x": 0.7463894444355466
                },
                "metrics": {
                    "outcome": -0.6614498925403726
                },
                "metadata": {
                    "trials": 1
                }
            }
        ],
        [
            {
                "query": {
                    "x": 0.7487438703251487
                },
                "metrics": {
                    "outcome": -0.6632798486876416
                },
                "metadata": {
                    "trials": 1
                }
            },
            {
                "query": {
                    "x": 0.7510614999356467
                },
                "metrics": {
                    "outcome": -0.6615139788886483
                },
                "metadata": {
                    "trials": 1
                }
            },
            {
                "query": {
                    "x": 0.7464261561002128
                },
                "metrics": {
                    "outcome": -0.6615065528266802
                },
                "metadata": {
                    "trials": 1
                }
            }
        ],
        [
            {
                "query": {
                    "x": 0.7487437054746093
                },
                "metrics": {
                    "outcome": -0.6632798486887017
                },
                "metadata": {
                    "trials": 1
                }
            },
            {
                "query": {
                    "x": 0.7510274808018723
                },
                "metrics": {
                    "outcome": -0.6615653610203774
                },
                "metadata": {
                    "trials": 1
                }
            },
            {
                "query": {
                    "x": 0.7464599803696864
                },
                "metrics": {
                    "outcome": -0.6615579674418193
                },
                "metadata": {
                    "trials": 1
                }
            }
        ],
        [
            {
                "query": {
                    "x": 0.7487435787846936
                },
                "metrics": {
                    "outcome": -0.6632798486773436
                },
                "metadata": {
                    "trials": 1
                }
            },
            {
                "query": {
                    "x": 0.7509960186196877
                },
                "metrics": {
                    "outcome": -0.6616122081850002
                },
                "metadata": {
                    "trials": 1
                }
            },
            {
                "query": {
                    "x": 0.7464913060734364
                },
                "metrics": {
                    "outcome": -0.6616049089396204
                },
                "metadata": {
                    "trials": 1
                }
            }
        ],
        [
            {
                "query": {
                    "x": 0.7487434765931054
                },
                "metrics": {
                    "outcome": -0.6632798486604731
                },
                "metadata": {
                    "trials": 1
                }
            },
            {
                "query": {
                    "x": 0.7509667762257874
                },
                "metrics": {
                    "outcome": -0.6616551701297065
                },
                "metadata": {
                    "trials": 1
                }
            },
            {
                "query": {
                    "x": 0.7465204509324728
                },
                "metrics": {
                    "outcome": -0.6616479994089918
                },
                "metadata": {
                    "trials": 1
                }
            }
        ],
        [
            {
                "query": {
                    "x": 0.7487433968293434
                },
                "metrics": {
                    "outcome": -0.6632798486425218
                },
                "metadata": {
                    "trials": 1
                }
            },
            {
                "query": {
                    "x": 0.750939479597611
                },
                "metrics": {
                    "outcome": -0.6616947691287014
                },
                "metadata": {
                    "trials": 1
                }
            },
            {
                "query": {
                    "x": 0.7465476599971299
                },
                "metrics": {
                    "outcome": -0.6616877205713838
                },
                "metadata": {
                    "trials": 1
                }
            }
        ],
        [
            {
                "query": {
                    "x": 0.7487433264771373
                },
                "metrics": {
                    "outcome": -0.663279848623208
                },
                "metadata": {
                    "trials": 1
                }
            },
            {
                "query": {
                    "x": 0.7509139063216703
                },
                "metrics": {
                    "outcome": -0.6617314262208456
                },
                "metadata": {
                    "trials": 1
                }
            },
            {
                "query": {
                    "x": 0.746573165451075
                },
                "metrics": {
                    "outcome": -0.6617245099433584
                },
                "metadata": {
                    "trials": 1
                }
            }
        ],
        [
            {
                "query": {
                    "x": 0.7487433047980556
                },
                "metrics": {
                    "outcome": -0.6632798486165987
                },
                "metadata": {
                    "trials": 1
                }
            },
            {
                "query": {
                    "x": 0.7508898871834778
                },
                "metrics": {
                    "outcome": -0.6617654662663518
                },
                "metadata": {
                    "trials": 1
                }
            },
            {
                "query": {
                    "x": 0.746597181566138
                },
                "metrics": {
                    "outcome": -0.6617587576465284
                },
                "metadata": {
                    "trials": 1
                }
            }
        ],
        [
            {
                "query": {
                    "x": 0.7487432276084824
                },
                "metrics": {
                    "outcome": -0.6632798485905514
                },
                "metadata": {
                    "trials": 1
                }
            },
            {
                "query": {
                    "x": 0.7508672084687772
                },
                "metrics": {
                    "outcome": -0.6617972604745299
                },
                "metadata": {
                    "trials": 1
                }
            },
            {
                "query": {
                    "x": 0.746619767699698
                },
                "metrics": {
                    "outcome": -0.6617906179675753
                },
                "metadata": {
                    "trials": 1
                }
            }
        ],
        [
            {
                "query": {
                    "x": 0.7487431763062999
                },
                "metrics": {
                    "outcome": -0.6632798485710671
                },
                "metadata": {
                    "trials": 1
                }
            },
            {
                "query": {
                    "x": 0.7508457751770274
                },
                "metrics": {
                    "outcome": -0.6618269995850722
                },
                "metadata": {
                    "trials": 1
                }
            },
            {
                "query": {
                    "x": 0.7466411407502542
                },
                "metrics": {
                    "outcome": -0.6618204563034775
                },
                "metadata": {
                    "trials": 1
                }
            }
        ],
        [
            {
                "query": {
                    "x": 0.7487431763156279
                },
                "metrics": {
                    "outcome": -0.6632798485710707
                },
                "metadata": {
                    "trials": 1
                }
            },
            {
                "query": {
                    "x": 0.7508255066986723
                },
                "metrics": {
                    "outcome": -0.6618548461449802
                },
                "metadata": {
                    "trials": 1
                }
            },
            {
                "query": {
                    "x": 0.746661442640014
                },
                "metrics": {
                    "outcome": -0.6618485193485041
                },
                "metadata": {
                    "trials": 1
                }
            }
        ],
        [
            {
                "query": {
                    "x": 0.7487431394541513
                },
                "metrics": {
                    "outcome": -0.6632798485560003
                },
                "metadata": {
                    "trials": 1
                }
            },
            {
                "query": {
                    "x": 0.7508062163945298
                },
                "metrics": {
                    "outcome": -0.6618810992847666
                },
                "metadata": {
                    "trials": 1
                }
            },
            {
                "query": {
                    "x": 0.7466806889585851
                },
                "metrics": {
                    "outcome": -0.661874871513516
                },
                "metadata": {
                    "trials": 1
                }
            }
        ],
        [
            {
                "query": {
                    "x": 0.7487431226038582
                },
                "metrics": {
                    "outcome": -0.6632798485488127
                },
                "metadata": {
                    "trials": 1
                }
            },
            {
                "query": {
                    "x": 0.7507878766357037
                },
                "metrics": {
                    "outcome": -0.6619058330992562
                },
                "metadata": {
                    "trials": 1
                }
            },
            {
                "query": {
                    "x": 0.7466990288137743
                },
                "metrics": {
                    "outcome": -0.6618997545307289
                },
                "metadata": {
                    "trials": 1
                }
            }
        ],
        [
            {
                "query": {
                    "x": 0.7487431528397909
                },
                "metrics": {
                    "outcome": -0.6632798485615763
                },
                "metadata": {
                    "trials": 1
                }
            },
            {
                "query": {
                    "x": 0.7507704214396569
                },
                "metrics": {
                    "outcome": -0.6619291696144066
                },
                "metadata": {
                    "trials": 1
                }
            },
            {
                "query": {
                    "x": 0.7467165586499458
                },
                "metrics": {
                    "outcome": -0.6619233305495751
                },
                "metadata": {
                    "trials": 1
                }
            }
        ],
        [
            {
                "query": {
                    "x": 0.7487431331052861
                },
                "metrics": {
                    "outcome": -0.663279848553314
                },
                "metadata": {
                    "trials": 1
                }
            },
            {
                "query": {
                    "x": 0.7507537026545112
                },
                "metrics": {
                    "outcome": -0.6619513347234309
                },
                "metadata": {
                    "trials": 1
                }
            },
            {
                "query": {
                    "x": 0.7467332559062694
                },
                "metrics": {
                    "outcome": -0.661945597791443
                },
                "metadata": {
                    "trials": 1
                }
            }
        ],
        [
            {
                "query": {
                    "x": 0.7487430938351713
                },
                "metrics": {
                    "outcome": -0.663279848536109
                },
                "metadata": {
                    "trials": 1
                }
            },
            {
                "query": {
                    "x": 0.7507376757902582
                },
                "metrics": {
                    "outcome": -0.6619724108477985
                },
                "metadata": {
                    "trials": 1
                }
            },
            {
                "query": {
                    "x": 0.7467492084412142
                },
                "metrics": {
                    "outcome": -0.661966699605311
                },
                "metadata": {
                    "trials": 1
                }
            }
        ],
        [
            {
                "query": {
                    "x": 0.748743091106814
                },
                "metrics": {
                    "outcome": -0.6632798485348758
                },
                "metadata": {
                    "trials": 1
                }
            },
            {
                "query": {
                    "x": 0.7507223679170834
                },
                "metrics": {
                    "outcome": -0.6619923845538075
                },
                "metadata": {
                    "trials": 1
                }
            },
            {
                "query": {
                    "x": 0.7467645354662888
                },
                "metrics": {
                    "outcome": -0.6619868154289331
                },
                "metadata": {
                    "trials": 1
                }
            }
        ],
        [
            {
                "query": {
                    "x": 0.7487430872816301
                },
                "metrics": {
                    "outcome": -0.6632798485331387
                },
                "metadata": {
                    "trials": 1
                }
            },
            {
                "query": {
                    "x": 0.750707664351723
                },
                "metrics": {
                    "outcome": -0.6620114253986393
                },
                "metadata": {
                    "trials": 1
                }
            },
            {
                "query": {
                    "x": 0.7467792491329848
                },
                "metrics": {
                    "outcome": -0.6620059800588204
                },
                "metadata": {
                    "trials": 1
                }
            }
        ],
        [
            {
                "query": {
                    "x": 0.748743075991543
                },
                "metrics": {
                    "outcome": -0.6632798485279555
                },
                "metadata": {
                    "trials": 1
                }
            },
            {
                "query": {
                    "x": 0.7506935186740313
                },
                "metrics": {
                    "outcome": -0.6620296102750473
                },
                "metadata": {
                    "trials": 1
                }
            },
            {
                "query": {
                    "x": 0.7467933851107749
                },
                "metrics": {
                    "outcome": -0.6620242573595193
                },
                "metadata": {
                    "trials": 1
                }
            }
        ],
        [
            {
                "query": {
                    "x": 0.7487430916440505
                },
                "metrics": {
                    "outcome": -0.663279848535119
                },
                "metadata": {
                    "trials": 1
                }
            },
            {
                "query": {
                    "x": 0.7506799455287019
                },
                "metrics": {
                    "outcome": -0.662046936037802
                },
                "metadata": {
                    "trials": 1
                }
            },
            {
                "query": {
                    "x": 0.7468069925892844
                },
                "metrics": {
                    "outcome": -0.6620417264668477
                },
                "metadata": {
                    "trials": 1
                }
            }
        ],
        [
            {
                "query": {
                    "x": 0.7487431090240304
                },
                "metrics": {
                    "outcome": -0.6632798485428841
                },
                "metadata": {
                    "trials": 1
                }
            },
            {
                "query": {
                    "x": 0.7506668710419335
                },
                "metrics": {
                    "outcome": -0.6620635112749086
                },
                "metadata": {
                    "trials": 1
                }
            },
            {
                "query": {
                    "x": 0.7468201106209368
                },
                "metrics": {
                    "outcome": -0.6620584512745477
                },
                "metadata": {
                    "trials": 1
                }
            }
        ],
        [
            {
                "query": {
                    "x": 0.7487430975321683
                },
                "metrics": {
                    "outcome": -0.663279848537772
                },
                "metadata": {
                    "trials": 1
                }
            },
            {
                "query": {
                    "x": 0.7506542282593627
                },
                "metrics": {
                    "outcome": -0.6620794328224704
                },
                "metadata": {
                    "trials": 1
                }
            },
            {
                "query": {
                    "x": 0.7468327349003201
                },
                "metrics": {
                    "outcome": -0.6620744390907121
                },
                "metadata": {
                    "trials": 1
                }
            }
        ],
        [
            {
                "query": {
                    "x": 0.7487431060117407
                },
                "metrics": {
                    "outcome": -0.6632798485415524
                },
                "metadata": {
                    "trials": 1
                }
            },
            {
                "query": {
                    "x": 0.7506420485065224
                },
                "metrics": {
                    "outcome": -0.6620946723208224
                },
                "metadata": {
                    "trials": 1
                }
            },
            {
                "query": {
                    "x": 0.7468449440441569
                },
                "metrics": {
                    "outcome": -0.6620898008877661
                },
                "metadata": {
                    "trials": 1
                }
            }
        ],
        [
            {
                "query": {
                    "x": 0.7487430731578262
                },
                "metrics": {
                    "outcome": -0.6632798485266415
                },
                "metadata": {
                    "trials": 1
                }
            },
            {
                "query": {
                    "x": 0.7506302389398014
                },
                "metrics": {
                    "outcome": -0.6621093559205259
                },
                "metadata": {
                    "trials": 1
                }
            },
            {
                "query": {
                    "x": 0.7468566782532589
                },
                "metrics": {
                    "outcome": -0.662104472190873
                },
                "metadata": {
                    "trials": 1
                }
            }
        ],
        [
            {
                "query": {
                    "x": 0.7487431120970766
                },
                "metrics": {
                    "outcome": -0.6632798485442363
                },
                "metadata": {
                    "trials": 1
                }
            },
            {
                "query": {
                    "x": 0.7506188753637374
                },
                "metrics": {
                    "outcome": -0.6621233988072213
                },
                "metadata": {
                    "trials": 1
                }
            },
            {
                "query": {
                    "x": 0.7468681336184082
                },
                "metrics": {
                    "outcome": -0.662118706998508
                },
                "metadata": {
                    "trials": 1
                }
            }
        ],
        [
            {
                "query": {
                    "x": 0.7487431237266857
                },
                "metrics": {
                    "outcome": -0.6632798485492976
                },
                "metadata": {
                    "trials": 1
                }
            },
            {
                "query": {
                    "x": 0.7506078526994726
                },
                "metrics": {
                    "outcome": -0.6621369396379063
                },
                "metadata": {
                    "trials": 1
                }
            },
            {
                "query": {
                    "x": 0.7468791651710016
                },
                "metrics": {
                    "outcome": -0.6621323331214594
                },
                "metadata": {
                    "trials": 1
                }
            }
        ],
        [
            {
                "query": {
                    "x": 0.7487431300754933
                },
                "metrics": {
                    "outcome": -0.6632798485520229
                },
                "metadata": {
                    "trials": 1
                }
            },
            {
                "query": {
                    "x": 0.7505971619016776
                },
                "metrics": {
                    "outcome": -0.6621499968041135
                },
                "metadata": {
                    "trials": 1
                }
            },
            {
                "query": {
                    "x": 0.746889876976879
                },
                "metrics": {
                    "outcome": -0.6621454872661953
                },
                "metadata": {
                    "trials": 1
                }
            }
        ],
        [
            {
                "query": {
                    "x": 0.7487431393104671
                },
                "metrics": {
                    "outcome": -0.6632798485559396
                },
                "metadata": {
                    "trials": 1
                }
            },
            {
                "query": {
                    "x": 0.750586819777396
                },
                "metrics": {
                    "outcome": -0.6621625569156232
                },
                "metadata": {
                    "trials": 1
                }
            },
            {
                "query": {
                    "x": 0.7469002601196378
                },
                "metrics": {
                    "outcome": -0.6621581653733786
                },
                "metadata": {
                    "trials": 1
                }
            }
        ],
        [
            {
                "query": {
                    "x": 0.748743146071716
                },
                "metrics": {
                    "outcome": -0.6632798485587718
                },
                "metadata": {
                    "trials": 1
                }
            },
            {
                "query": {
                    "x": 0.7505767428077326
                },
                "metrics": {
                    "outcome": -0.662174727650544
                },
                "metadata": {
                    "trials": 1
                }
            },
            {
                "query": {
                    "x": 0.7469103089748252
                },
                "metrics": {
                    "outcome": -0.6621703674043479
                },
                "metadata": {
                    "trials": 1
                }
            }
        ],
        [
            {
                "query": {
                    "x": 0.7487431547774687
                },
                "metrics": {
                    "outcome": -0.6632798485623739
                },
                "metadata": {
                    "trials": 1
                }
            },
            {
                "query": {
                    "x": 0.7505670017990256
                },
                "metrics": {
                    "outcome": -0.6621864294224525
                },
                "metadata": {
                    "trials": 1
                }
            },
            {
                "query": {
                    "x": 0.7469200996192706
                },
                "metrics": {
                    "outcome": -0.6621821916596675
                },
                "metadata": {
                    "trials": 1
                }
            }
        ]
    ],
    "best_results": [
        {
            "query": {
                "x": 0.7487437054746093
            },
            "metrics": [
                {
                    "name": "outcome",
                    "value": -0.6632798486887017
                }
            ]
        }
    ]
}