{
    "date": "04/11/2022 13:58:18",
    "basic_params": {
        "active_variables": [
            "x1",
            "x2"
        ],
        "default_query": {},
        "metric": "basic",
        "n_trials": 1
    },
    "objective_function": {
        "name": "Gramacy2D",
        "params": {}
    },
    "optimizer": {
        "name": "BBO-LP(LCBa)",
        "params": {
            "lower_bound": [
                -2.0,
                -2.0
            ],
            "upper_bound": [
                6.0,
                6.0
            ],
            "invert_metric": false,
            "bopt_params": {
                "n_init_samples": 15,
                "n_iterations": 45,
                "n_iter_relearn": 5,
                "verbose_level": 1,
                "n_parallel_samples": 3,
                "par_type": "PAR_BBO",
                "crit_name": "cLP(cLCBa)",
                "n_crit_params": 3,
                "crit_params": [
                    3,
                    1,
                    5.0
                ]
            }
        }
    },
    "iterations": [
        [
            {
                "query": {
                    "x1": 4.278603819012642,
                    "x2": -1.5284004593888918
                },
                "metrics": {
                    "outcome": 4.6386991831822356e-09
                },
                "metadata": {
                    "trials": 1
                }
            }
        ],
        [
            {
                "query": {
                    "x1": 5.475139497220516,
                    "x2": 0.3353729435553152
                },
                "metrics": {
                    "outcome": 4.684206064074251e-13
                },
                "metadata": {
                    "trials": 1
                }
            }
        ],
        [
            {
                "query": {
                    "x1": 4.568178482105335,
                    "x2": 4.547425294915835
                },
                "metrics": {
                    "outcome": 4.130154273102504e-18
                },
                "metadata": {
                    "trials": 1
                }
            }
        ],
        [
            {
                "query": {
                    "x1": -1.4468838421006998,
                    "x2": 2.8182369045913216
                },
                "metrics": {
                    "outcome": -6.337000387451742e-05
                },
                "metadata": {
                    "trials": 1
                }
            }
        ],
        [
            {
                "query": {
                    "x1": 3.7446072900046907,
                    "x2": -0.6342659436166287
                },
                "metrics": {
                    "outcome": 2.036943221697982e-06
                },
                "metadata": {
                    "trials": 1
                }
            }
        ],
        [
            {
                "query": {
                    "x1": 2.027910079807043,
                    "x2": 2.2312638650337853
                },
                "metrics": {
                    "outcome": 0.0002285051106519987
                },
                "metadata": {
                    "trials": 1
                }
            }
        ],
        [
            {
                "query": {
                    "x1": 0.3390870933731396,
                    "x2": 1.4360223701844612
                },
                "metrics": {
                    "outcome": 0.03844069570589531
                },
                "metadata": {
                    "trials": 1
                }
            }
        ],
        [
            {
                "query": {
                    "x1": 2.8941340256482366,
                    "x2": -1.305594534551104
                },
                "metrics": {
                    "outcome": 0.00012122006946772105
                },
                "metadata": {
                    "trials": 1
                }
            }
        ],
        [
            {
                "query": {
                    "x1": -0.09844792137543368,
                    "x2": 1.0643252910425267
                },
                "metrics": {
                    "outcome": -0.031407520574586116
                },
                "metadata": {
                    "trials": 1
                }
            }
        ],
        [
            {
                "query": {
                    "x1": 2.4652460983643927,
                    "x2": 5.072817429155111
                },
                "metrics": {
                    "outcome": 3.771858860739925e-14
                },
                "metadata": {
                    "trials": 1
                }
            }
        ],
        [
            {
                "query": {
                    "x1": -0.8037512668718894,
                    "x2": 3.417148805533846
                },
                "metrics": {
                    "outcome": -3.5755645242993048e-06
                },
                "metadata": {
                    "trials": 1
                }
            }
        ],
        [
            {
                "query": {
                    "x1": 5.395642710352937,
                    "x2": 4.118329329540332
                },
                "metrics": {
                    "outcome": 5.2787897524868363e-20
                },
                "metadata": {
                    "trials": 1
                }
            }
        ],
        [
            {
                "query": {
                    "x1": 0.8946876376867294,
                    "x2": 2.632020152608553
                },
                "metrics": {
                    "outcome": 0.00039395389134287863
                },
                "metadata": {
                    "trials": 1
                }
            }
        ],
        [
            {
                "query": {
                    "x1": -1.71888962884744,
                    "x2": -0.2340974977860848
                },
                "metrics": {
                    "outcome": -0.08477923157145494
                },
                "metadata": {
                    "trials": 1
                }
            }
        ],
        [
            {
                "query": {
                    "x1": 1.5964327326665324,
                    "x2": 5.476588585848609
                },
                "metrics": {
                    "outcome": 1.1762635027872915e-14
                },
                "metadata": {
                    "trials": 1
                }
            }
        ],
        [
            {
                "query": {
                    "x1": -1.99999999999994,
                    "x2": -2.0
                },
                "metrics": {
                    "outcome": -0.0006709252558051645
                },
                "metadata": {
                    "trials": 1
                }
            },
            {
                "query": {
                    "x1": 6.0,
                    "x2": 5.99999999999997
                },
                "metrics": {
                    "outcome": 3.228111696013876e-31
                },
                "metadata": {
                    "trials": 1
                }
            },
            {
                "query": {
                    "x1": -2.0,
                    "x2": 4.536353367364436
                },
                "metrics": {
                    "outcome": -4.233721230690896e-11
                },
                "metadata": {
                    "trials": 1
                }
            }
        ],
        [
            {
                "query": {
                    "x1": -2.0,
                    "x2": 0.42808643208623653
                },
                "metrics": {
                    "outcome": -0.03049749247215061
                },
                "metadata": {
                    "trials": 1
                }
            },
            {
                "query": {
                    "x1": -0.2913971516103784,
                    "x2": 0.3883792127454475
                },
                "metrics": {
                    "outcome": -0.23019721683479638
                },
                "metadata": {
                    "trials": 1
                }
            },
            {
                "query": {
                    "x1": 1.3476596609081342,
                    "x2": 0.34187762329150484
                },
                "metrics": {
                    "outcome": 0.19501137916957745
                },
                "metadata": {
                    "trials": 1
                }
            }
        ],
        [
            {
                "query": {
                    "x1": 6.0,
                    "x2": 1.1618271555582003
                },
                "metrics": {
                    "outcome": 3.6084510842638197e-16
                },
                "metadata": {
                    "trials": 1
                }
            },
            {
                "query": {
                    "x1": 6.0,
                    "x2": 1.1618271555582003
                },
                "metrics": {
                    "outcome": 3.6084510842638197e-16
                },
                "metadata": {
                    "trials": 1
                }
            },
            {
                "query": {
                    "x1": 6.0,
                    "x2": 1.1618271555582003
                },
                "metrics": {
                    "outcome": 3.6084510842638197e-16
                },
                "metadata": {
                    "trials": 1
                }
            }
        ],
        [
            {
                "query": {
                    "x1": -1.9999999999994011,
                    "x2": -0.7677154667648733
                },
                "metrics": {
                    "outcome": -0.0203181671967951
                },
                "metadata": {
                    "trials": 1
                }
            },
            {
                "query": {
                    "x1": -2.0,
                    "x2": -0.7744433366801431
                },
                "metrics": {
                    "outcome": -0.020108447045693156
                },
                "metadata": {
                    "trials": 1
                }
            },
            {
                "query": {
                    "x1": -2.0,
                    "x2": -0.758753619061735
                },
                "metrics": {
                    "outcome": -0.02059802927800137
                },
                "metadata": {
                    "trials": 1
                }
            }
        ],
        [
            {
                "query": {
                    "x1": 6.0,
                    "x2": 0.7007395447447649
                },
                "metrics": {
                    "outcome": 8.517177848781055e-16
                },
                "metadata": {
                    "trials": 1
                }
            },
            {
                "query": {
                    "x1": 5.9999999999845235,
                    "x2": 0.7021157693503568
                },
                "metrics": {
                    "outcome": 8.500750075211211e-16
                },
                "metadata": {
                    "trials": 1
                }
            },
            {
                "query": {
                    "x1": 6.0,
                    "x2": 0.6984129473973355
                },
                "metrics": {
                    "outcome": 8.544948691470787e-16
                },
                "metadata": {
                    "trials": 1
                }
            }
        ],
        [
            {
                "query": {
                    "x1": 3.265825914379427,
                    "x2": 6.0
                },
                "metrics": {
                    "outcome": 1.7675521929125977e-20
                },
                "metadata": {
                    "trials": 1
                }
            },
            {
                "query": {
                    "x1": 4.934994869357321,
                    "x2": -2.0
                },
                "metrics": {
                    "outcome": 2.3945573436600547e-12
                },
                "metadata": {
                    "trials": 1
                }
            },
            {
                "query": {
                    "x1": 4.9461170479705014,
                    "x2": -0.6261756292927303
                },
                "metrics": {
                    "outcome": 7.931713464289995e-11
                },
                "metadata": {
                    "trials": 1
                }
            }
        ],
        [
            {
                "query": {
                    "x1": -0.38437252241564024,
                    "x2": 6.0
                },
                "metrics": {
                    "outcome": -7.691080330189141e-17
                },
                "metadata": {
                    "trials": 1
                }
            },
            {
                "query": {
                    "x1": 4.001152406769935,
                    "x2": 6.0
                },
                "metrics": {
                    "outcome": 1.0348266088348564e-22
                },
                "metadata": {
                    "trials": 1
                }
            },
            {
                "query": {
                    "x1": -1.0107285840687141,
                    "x2": -2.0
                },
                "metrics": {
                    "outcome": -0.006664896665665351
                },
                "metadata": {
                    "trials": 1
                }
            }
        ],
        [
            {
                "query": {
                    "x1": -0.5764364041869701,
                    "x2": -1.9999999999999702
                },
                "metrics": {
                    "outcome": -0.007572975779928458
                },
                "metadata": {
                    "trials": 1
                }
            },
            {
                "query": {
                    "x1": -0.5745044836668636,
                    "x2": -1.3619467753585885
                },
                "metrics": {
                    "outcome": -0.06462190765365977
                },
                "metadata": {
                    "trials": 1
                }
            },
            {
                "query": {
                    "x1": -0.5719074337957457,
                    "x2": -0.7258614381204462
                },
                "metrics": {
                    "outcome": -0.24347742045234083
                },
                "metadata": {
                    "trials": 1
                }
            }
        ],
        [
            {
                "query": {
                    "x1": 0.6454819252860395,
                    "x2": -1.9999999999940155
                },
                "metrics": {
                    "outcome": 0.0077939694945389345
                },
                "metadata": {
                    "trials": 1
                }
            },
            {
                "query": {
                    "x1": 0.6483022791290725,
                    "x2": -1.8197021634547572
                },
                "metrics": {
                    "outcome": 0.01552955929211197
                },
                "metadata": {
                    "trials": 1
                }
            },
            {
                "query": {
                    "x1": 0.6505330336333812,
                    "x2": -1.6394437569383187
                },
                "metrics": {
                    "outcome": 0.028986291709673834
                },
                "metadata": {
                    "trials": 1
                }
            }
        ],
        [
            {
                "query": {
                    "x1": -0.5848075614071853,
                    "x2": 5.579790956321355
                },
                "metrics": {
                    "outcome": -1.250635548702268e-14
                },
                "metadata": {
                    "trials": 1
                }
            },
            {
                "query": {
                    "x1": -0.5854909866142466,
                    "x2": 5.639422550518178
                },
                "metrics": {
                    "outcome": -6.4082454057414425e-15
                },
                "metadata": {
                    "trials": 1
                }
            },
            {
                "query": {
                    "x1": -0.5861320968917507,
                    "x2": 5.695416544445116
                },
                "metrics": {
                    "outcome": -3.3981999048625527e-15
                },
                "metadata": {
                    "trials": 1
                }
            }
        ],
        [
            {
                "query": {
                    "x1": 6.0,
                    "x2": 2.689559774336238
                },
                "metrics": {
                    "outcome": 1.004569773105102e-18
                },
                "metadata": {
                    "trials": 1
                }
            },
            {
                "query": {
                    "x1": 4.3648431330202495,
                    "x2": 2.9258587605615487
                },
                "metrics": {
                    "outcome": 4.4464156713068295e-12
                },
                "metadata": {
                    "trials": 1
                }
            },
            {
                "query": {
                    "x1": 6.0,
                    "x2": 5.171966500939366
                },
                "metrics": {
                    "outcome": 3.361272065426157e-27
                },
                "metadata": {
                    "trials": 1
                }
            }
        ],
        [
            {
                "query": {
                    "x1": -2.0,
                    "x2": 1.8060031567202617
                },
                "metrics": {
                    "outcome": -0.0014039013750684472
                },
                "metadata": {
                    "trials": 1
                }
            },
            {
                "query": {
                    "x1": 1.5806595962090806,
                    "x2": 4.056046101139159
                },
                "metrics": {
                    "outcome": 9.310225657422942e-09
                },
                "metadata": {
                    "trials": 1
                }
            },
            {
                "query": {
                    "x1": 3.197098994506664,
                    "x2": 3.822530888566999
                },
                "metrics": {
                    "outcome": 5.2461552900710116e-11
                },
                "metadata": {
                    "trials": 1
                }
            }
        ],
        [
            {
                "query": {
                    "x1": 6.0,
                    "x2": 1.9683706002403283
                },
                "metrics": {
                    "outcome": 2.889903845843373e-17
                },
                "metadata": {
                    "trials": 1
                }
            },
            {
                "query": {
                    "x1": 4.503645497176167,
                    "x2": 1.9678038024075972
                },
                "metrics": {
                    "outcome": 1.4559571803372089e-10
                },
                "metadata": {
                    "trials": 1
                }
            },
            {
                "query": {
                    "x1": -2.0,
                    "x2": 6.0
                },
                "metrics": {
                    "outcome": -8.496708510583178e-18
                },
                "metadata": {
                    "trials": 1
                }
            }
        ],
        [
            {
                "query": {
                    "x1": 6.0,
                    "x2": -1.4251213206289202
                },
                "metrics": {
                    "outcome": 1.8260408963736395e-16
                },
                "metadata": {
                    "trials": 1
                }
            },
            {
                "query": {
                    "x1": -2.0,
                    "x2": 3.8259511935315382
                },
                "metrics": {
                    "outcome": -1.6095029252209174e-08
                },
                "metadata": {
                    "trials": 1
                }
            },
            {
                "query": {
                    "x1": 0.3712591545273387,
                    "x2": -0.30483896751567063
                },
                "metrics": {
                    "outcome": 0.29475372953028267
                },
                "metadata": {
                    "trials": 1
                }
            }
        ],
        [
            {
                "query": {
                    "x1": 6.0,
                    "x2": 3.4171386729795508
                },
                "metrics": {
                    "outcome": 1.181310740149861e-20
                },
                "metadata": {
                    "trials": 1
                }
            },
            {
                "query": {
                    "x1": 3.393207243568436,
                    "x2": 1.1164467537263976
                },
                "metrics": {
                    "outcome": 9.747173737706428e-06
                },
                "metadata": {
                    "trials": 1
                }
            },
            {
                "query": {
                    "x1": 2.4297312503998034,
                    "x2": 1.1243065798738763
                },
                "metrics": {
                    "outcome": 0.0018736280762874525
                },
                "metadata": {
                    "trials": 1
                }
            }
        ],
        [
            {
                "query": {
                    "x1": 0.5962056572607515,
                    "x2": 6.0
                },
                "metrics": {
                    "outcome": 9.692145218995481e-17
                },
                "metadata": {
                    "trials": 1
                }
            },
            {
                "query": {
                    "x1": 2.0170656781848812,
                    "x2": -2.0
                },
                "metrics": {
                    "outcome": 0.0006318174001629621
                },
                "metadata": {
                    "trials": 1
                }
            },
            {
                "query": {
                    "x1": 0.5181385885973988,
                    "x2": 5.141002712696228
                },
                "metrics": {
                    "outcome": 1.3167046001008765e-12
                },
                "metadata": {
                    "trials": 1
                }
            }
        ],
        [
            {
                "query": {
                    "x1": -1.3989074763718166,
                    "x2": 5.999999999999999
                },
                "metrics": {
                    "outcome": -4.584568597895141e-17
                },
                "metadata": {
                    "trials": 1
                }
            },
            {
                "query": {
                    "x1": 5.07977721990471,
                    "x2": 6.0
                },
                "metrics": {
                    "outcome": 7.322328022386548e-27
                },
                "metadata": {
                    "trials": 1
                }
            },
            {
                "query": {
                    "x1": 1.288955320745469,
                    "x2": -2.0
                },
                "metrics": {
                    "outcome": 0.004482502667144242
                },
                "metadata": {
                    "trials": 1
                }
            }
        ],
        [
            {
                "query": {
                    "x1": 1.1187425146775065,
                    "x2": 6.0
                },
                "metrics": {
                    "outcome": 7.422879588113355e-17
                },
                "metadata": {
                    "trials": 1
                }
            },
            {
                "query": {
                    "x1": 3.737071888089236,
                    "x2": 3.4118188596376484
                },
                "metrics": {
                    "outcome": 2.8307004287920513e-11
                },
                "metadata": {
                    "trials": 1
                }
            },
            {
                "query": {
                    "x1": 5.509716431906166,
                    "x2": -2.0
                },
                "metrics": {
                    "outcome": 6.608220421788301e-15
                },
                "metadata": {
                    "trials": 1
                }
            }
        ],
        [
            {
                "query": {
                    "x1": -1.0320554595263314,
                    "x2": 0.6780153373361246
                },
                "metrics": {
                    "outcome": -0.22463220387156985
                },
                "metadata": {
                    "trials": 1
                }
            },
            {
                "query": {
                    "x1": 2.0814150075115423,
                    "x2": 6.0
                },
                "metrics": {
                    "outcome": 6.342615322917732e-18
                },
                "metadata": {
                    "trials": 1
                }
            },
            {
                "query": {
                    "x1": -0.505738156319739,
                    "x2": 1.866907776093111
                },
                "metrics": {
                    "outcome": -0.011999960168923539
                },
                "metadata": {
                    "trials": 1
                }
            }
        ],
        [
            {
                "query": {
                    "x1": 5.597683734691446,
                    "x2": 6.0
                },
                "metrics": {
                    "outcome": 3.2003410958246076e-29
                },
                "metadata": {
                    "trials": 1
                }
            },
            {
                "query": {
                    "x1": 2.817515391995391,
                    "x2": 6.0
                },
                "metrics": {
                    "outcome": 2.331657091046487e-19
                },
                "metadata": {
                    "trials": 1
                }
            },
            {
                "query": {
                    "x1": 3.39599476495967,
                    "x2": -2.0
                },
                "metrics": {
                    "outcome": 6.097701727743397e-07
                },
                "metadata": {
                    "trials": 1
                }
            }
        ],
        [
            {
                "query": {
                    "x1": -2.0,
                    "x2": 2.3312603701378958
                },
                "metrics": {
                    "outcome": -0.00015979357486145966
                },
                "metadata": {
                    "trials": 1
                }
            },
            {
                "query": {
                    "x1": 6.0,
                    "x2": 5.611902268926136
                },
                "metrics": {
                    "outcome": 2.9249579077781245e-29
                },
                "metadata": {
                    "trials": 1
                }
            },
            {
                "query": {
                    "x1": 5.325630239441185,
                    "x2": 5.611123384296265
                },
                "metrics": {
                    "outcome": 5.434135227919305e-26
                },
                "metadata": {
                    "trials": 1
                }
            }
        ],
        [
            {
                "query": {
                    "x1": 1.0431267172851233,
                    "x2": 4.583519342446302
                },
                "metrics": {
                    "outcome": 2.6414042292571967e-10
                },
                "metadata": {
                    "trials": 1
                }
            },
            {
                "query": {
                    "x1": 1.6940928729645273,
                    "x2": 4.573865197543063
                },
                "metrics": {
                    "outcome": 7.88837324919753e-11
                },
                "metadata": {
                    "trials": 1
                }
            },
            {
                "query": {
                    "x1": 0.4006268909541344,
                    "x2": 4.590148318149482
                },
                "metrics": {
                    "outcome": 2.4137045145305855e-10
                },
                "metadata": {
                    "trials": 1
                }
            }
        ],
        [
            {
                "query": {
                    "x1": 1.2064132631247224,
                    "x2": -0.9609653921291652
                },
                "metrics": {
                    "outcome": 0.11177853468647163
                },
                "metadata": {
                    "trials": 1
                }
            },
            {
                "query": {
                    "x1": 1.7621129391185382,
                    "x2": -0.9374345186208639
                },
                "metrics": {
                    "outcome": 0.03280048869927264
                },
                "metadata": {
                    "trials": 1
                }
            },
            {
                "query": {
                    "x1": 0.6659287625028276,
                    "x2": -0.9901545861481806
                },
                "metrics": {
                    "outcome": 0.16034303362892013
                },
                "metadata": {
                    "trials": 1
                }
            }
        ],
        [
            {
                "query": {
                    "x1": -2.0,
                    "x2": -1.5836846065214019
                },
                "metrics": {
                    "outcome": -0.0029827495013900174
                },
                "metadata": {
                    "trials": 1
                }
            },
            {
                "query": {
                    "x1": -1.657212620863953,
                    "x2": -1.6090723203024488
                },
                "metrics": {
                    "outcome": -0.007983883308519414
                },
                "metadata": {
                    "trials": 1
                }
            },
            {
                "query": {
                    "x1": 1.1065081606865057,
                    "x2": 3.0872805657510654
                },
                "metrics": {
                    "outcome": 2.359555182655625e-05
                },
                "metadata": {
                    "trials": 1
                }
            }
        ],
        [
            {
                "query": {
                    "x1": -2.0,
                    "x2": 1.2536080515362378
                },
                "metrics": {
                    "outcome": -0.007609285764946449
                },
                "metadata": {
                    "trials": 1
                }
            },
            {
                "query": {
                    "x1": -2.0,
                    "x2": 5.0369134096297365
                },
                "metrics": {
                    "outcome": -3.5122494226741594e-13
                },
                "metadata": {
                    "trials": 1
                }
            },
            {
                "query": {
                    "x1": -1.4924228820412073,
                    "x2": 4.979644444290353
                },
                "metrics": {
                    "outcome": -2.7380258284858334e-12
                },
                "metadata": {
                    "trials": 1
                }
            }
        ],
        [
            {
                "query": {
                    "x1": 6.0,
                    "x2": 1.5815588553934856
                },
                "metrics": {
                    "outcome": 1.1408716141211396e-16
                },
                "metadata": {
                    "trials": 1
                }
            },
            {
                "query": {
                    "x1": 5.151907787397047,
                    "x2": 1.5700340264538126
                },
                "metrics": {
                    "outcome": 1.3011227064346448e-12
                },
                "metadata": {
                    "trials": 1
                }
            },
            {
                "query": {
                    "x1": 4.443332081840991,
                    "x2": 1.5591240790138636
                },
                "metrics": {
                    "outcome": 1.0414380698932517e-09
                },
                "metadata": {
                    "trials": 1
                }
            }
        ],
        [
            {
                "query": {
                    "x1": 6.0,
                    "x2": 4.750851636431897
                },
                "metrics": {
                    "outcome": 2.1941517441270212e-25
                },
                "metadata": {
                    "trials": 1
                }
            },
            {
                "query": {
                    "x1": 6.0,
                    "x2": 3.7785189172276317
                },
                "metrics": {
                    "outcome": 8.77078495772056e-22
                },
                "metadata": {
                    "trials": 1
                }
            },
            {
                "query": {
                    "x1": 0.6593528032300378,
                    "x2": 3.6879589129705987
                },
                "metrics": {
                    "outcome": 5.289967286579189e-07
                },
                "metadata": {
                    "trials": 1
                }
            }
        ],
        [
            {
                "query": {
                    "x1": 6.0,
                    "x2": -0.14461631513820716
                },
                "metrics": {
                    "outcome": 1.362909817117525e-15
                },
                "metadata": {
                    "trials": 1
                }
            },
            {
                "query": {
                    "x1": 4.375190367620398,
                    "x2": 2.4386821309962787
                },
                "metrics": {
                    "outcome": 5.556257474036049e-11
                },
                "metadata": {
                    "trials": 1
                }
            },
            {
                "query": {
                    "x1": 3.791507505699294,
                    "x2": 2.4907465591142985
                },
                "metrics": {
                    "outcome": 4.378393814875283e-09
                },
                "metadata": {
                    "trials": 1
                }
            }
        ],
        [
            {
                "query": {
                    "x1": -2.0,
                    "x2": 0.07412097347253566
                },
                "metrics": {
                    "outcome": -0.036430580327713256
                },
                "metadata": {
                    "trials": 1
                }
            },
            {
                "query": {
                    "x1": -1.4605538203199004,
                    "x2": 0.09344262646168744
                },
                "metrics": {
                    "outcome": -0.17150664037950647
                },
                "metadata": {
                    "trials": 1
                }
            },
            {
                "query": {
                    "x1": -0.9819738285034594,
                    "x2": 0.1054857172334347
                },
                "metrics": {
                    "outcome": -0.3702449525001807
                },
                "metadata": {
                    "trials": 1
                }
            }
        ],
        [
            {
                "query": {
                    "x1": 0.40303473527175093,
                    "x2": 0.08334110537380779
                },
                "metrics": {
                    "outcome": 0.3402361761824727
                },
                "metadata": {
                    "trials": 1
                }
            },
            {
                "query": {
                    "x1": 0.22130060589144884,
                    "x2": 0.0878000833535908
                },
                "metrics": {
                    "outcome": 0.20910555495905075
                },
                "metadata": {
                    "trials": 1
                }
            },
            {
                "query": {
                    "x1": 0.0843740491310534,
                    "x2": 0.08955991716485112
                },
                "metrics": {
                    "outcome": 0.08310625091575466
                },
                "metadata": {
                    "trials": 1
                }
            }
        ],
        [
            {
                "query": {
                    "x1": -0.05043308353361575,
                    "x2": -2.0
                },
                "metrics": {
                    "outcome": -0.0009213676682835651
                },
                "metadata": {
                    "trials": 1
                }
            },
            {
                "query": {
                    "x1": 2.848547987204543,
                    "x2": 2.057078138245112
                },
                "metrics": {
                    "outcome": 1.2385467902354487e-05
                },
                "metadata": {
                    "trials": 1
                }
            },
            {
                "query": {
                    "x1": 2.7371151687154285,
                    "x2": 3.3581875019652454
                },
                "metrics": {
                    "outcome": 1.9316267168975143e-08
                },
                "metadata": {
                    "trials": 1
                }
            }
        ],
        [
            {
                "query": {
                    "x1": 4.455059365381237,
                    "x2": 6.0
                },
                "metrics": {
                    "outcome": 2.4806699608112638e-24
                },
                "metadata": {
                    "trials": 1
                }
            },
            {
                "query": {
                    "x1": 2.502926194647449,
                    "x2": -2.0
                },
                "metrics": {
                    "outcome": 8.721109398052629e-05
                },
                "metadata": {
                    "trials": 1
                }
            },
            {
                "query": {
                    "x1": 0.10662388212452223,
                    "x2": 6.0
                },
                "metrics": {
                    "outcome": 2.445207952008235e-17
                },
                "metadata": {
                    "trials": 1
                }
            }
        ],
        [
            {
                "query": {
                    "x1": 3.892840374578749,
                    "x2": -2.0
                },
                "metrics": {
                    "outcome": 1.869392714649472e-08
                },
                "metadata": {
                    "trials": 1
                }
            },
            {
                "query": {
                    "x1": 2.1805459134654566,
                    "x2": -0.39065714726527956
                },
                "metrics": {
                    "outcome": 0.016118006384529787
                },
                "metadata": {
                    "trials": 1
                }
            },
            {
                "query": {
                    "x1": -0.0768707474583108,
                    "x2": 3.8110484326060723
                },
                "metrics": {
                    "outcome": -3.7623795055807623e-08
                },
                "metadata": {
                    "trials": 1
                }
            }
        ],
        [
            {
                "query": {
                    "x1": 5.651420767723725,
                    "x2": 2.324434943753335
                },
                "metrics": {
                    "outcome": 3.427098425786751e-16
                },
                "metadata": {
                    "trials": 1
                }
            },
            {
                "query": {
                    "x1": -0.7293724882491888,
                    "x2": 0.4925982147415149
                },
                "metrics": {
                    "outcome": -0.3361465856192951
                },
                "metadata": {
                    "trials": 1
                }
            },
            {
                "query": {
                    "x1": 4.5905271823089295,
                    "x2": -2.0
                },
                "metrics": {
                    "outcome": 5.926839384165002e-11
                },
                "metadata": {
                    "trials": 1
                }
            }
        ],
        [
            {
                "query": {
                    "x1": 2.2237141022819458,
                    "x2": 3.6985260904262374
                },
                "metrics": {
                    "outcome": 1.814590660169862e-08
                },
                "metadata": {
                    "trials": 1
                }
            },
            {
                "query": {
                    "x1": 4.967219115489282,
                    "x2": 3.65911046562608
                },
                "metrics": {
                    "outcome": 1.4650164870612458e-16
                },
                "metadata": {
                    "trials": 1
                }
            },
            {
                "query": {
                    "x1": 3.1645205163860126,
                    "x2": -0.19320675777283225
                },
                "metrics": {
                    "outcome": 0.00013645476347619545
                },
                "metadata": {
                    "trials": 1
                }
            }
        ],
        [
            {
                "query": {
                    "x1": -1.0700527843761671,
                    "x2": 5.10492463826694
                },
                "metrics": {
                    "outcome": -1.6379747507708528e-12
                },
                "metadata": {
                    "trials": 1
                }
            },
            {
                "query": {
                    "x1": 3.632649606093019,
                    "x2": 6.0
                },
                "metrics": {
                    "outcome": 1.5653447593986254e-21
                },
                "metadata": {
                    "trials": 1
                }
            },
            {
                "query": {
                    "x1": 2.6540820921517465,
                    "x2": -0.20841936483397627
                },
                "metrics": {
                    "outcome": 0.0022172412931034174
                },
                "metadata": {
                    "trials": 1
                }
            }
        ],
        [
            {
                "query": {
                    "x1": -1.215291493125946,
                    "x2": -0.8056488696251536
                },
                "metrics": {
                    "outcome": -0.1450002874229128
                },
                "metadata": {
                    "trials": 1
                }
            },
            {
                "query": {
                    "x1": 4.057320875551664,
                    "x2": 0.419422721111697
                },
                "metrics": {
                    "outcome": 2.412950850271096e-07
                },
                "metadata": {
                    "trials": 1
                }
            },
            {
                "query": {
                    "x1": 4.065739572118095,
                    "x2": 4.416052255851626
                },
                "metrics": {
                    "outcome": 9.135805435453062e-16
                },
                "metadata": {
                    "trials": 1
                }
            }
        ],
        [
            {
                "query": {
                    "x1": -1.7018291371109777,
                    "x2": 1.838057193302502
                },
                "metrics": {
                    "outcome": -0.00320522489143851
                },
                "metadata": {
                    "trials": 1
                }
            },
            {
                "query": {
                    "x1": 4.57647690047398,
                    "x2": -0.4020656021969027
                },
                "metrics": {
                    "outcome": 3.121762462985944e-09
                },
                "metadata": {
                    "trials": 1
                }
            },
            {
                "query": {
                    "x1": -0.8291835809343526,
                    "x2": -0.5687608917397065
                },
                "metrics": {
                    "outcome": -0.301692177094252
                },
                "metadata": {
                    "trials": 1
                }
            }
        ],
        [
            {
                "query": {
                    "x1": 1.661284079737638,
                    "x2": 1.8316499090681195
                },
                "metrics": {
                    "outcome": 0.0036712784075893542
                },
                "metadata": {
                    "trials": 1
                }
            },
            {
                "query": {
                    "x1": 0.1920844849218648,
                    "x2": 2.8468436421238357
                },
                "metrics": {
                    "outcome": 5.593976057951219e-05
                },
                "metadata": {
                    "trials": 1
                }
            },
            {
                "query": {
                    "x1": 5.743243678168192,
                    "x2": -0.8782400608230727
                },
                "metrics": {
                    "outcome": 1.2561630821729242e-14
                },
                "metadata": {
                    "trials": 1
                }
            }
        ],
        [
            {
                "query": {
                    "x1": 2.9551180956746217,
                    "x2": 4.860184778413667
                },
                "metrics": {
                    "outcome": 2.6263915686357274e-14
                },
                "metadata": {
                    "trials": 1
                }
            },
            {
                "query": {
                    "x1": -0.5255922127098025,
                    "x2": 0.3293324214768818
                },
                "metrics": {
                    "outcome": -0.3577443528627734
                },
                "metadata": {
                    "trials": 1
                }
            },
            {
                "query": {
                    "x1": 1.9008018208396833,
                    "x2": 0.6421523117183288
                },
                "metrics": {
                    "outcome": 0.03394100714176228
                },
                "metadata": {
                    "trials": 1
                }
            }
        ],
        [
            {
                "query": {
                    "x1": 3.473925947446455,
                    "x2": 4.764232251077897
                },
                "metrics": {
                    "outcome": 2.767629882176126e-15
                },
                "metadata": {
                    "trials": 1
                }
            },
            {
                "query": {
                    "x1": -0.294992300767537,
                    "x2": -0.8545690974308249
                },
                "metrics": {
                    "outcome": -0.13027406935976069
                },
                "metadata": {
                    "trials": 1
                }
            },
            {
                "query": {
                    "x1": 4.835783639934749,
                    "x2": 1.1336341046656182
                },
                "metrics": {
                    "outcome": 9.342272394430274e-11
                },
                "metadata": {
                    "trials": 1
                }
            }
        ],
        [
            {
                "query": {
                    "x1": 4.757852746513267,
                    "x2": 6.0
                },
                "metrics": {
                    "outcome": 1.6278514722213622e-25
                },
                "metadata": {
                    "trials": 1
                }
            },
            {
                "query": {
                    "x1": -0.8889837166856154,
                    "x2": 0.1336562386380753
                },
                "metrics": {
                    "outcome": -0.39620148416145423
                },
                "metadata": {
                    "trials": 1
                }
            },
            {
                "query": {
                    "x1": -0.6726327431361518,
                    "x2": -0.09438291433644919
                },
                "metrics": {
                    "outcome": -0.42405219026438984
                },
                "metadata": {
                    "trials": 1
                }
            }
        ],
        [
            {
                "query": {
                    "x1": -0.7614205281532471,
                    "x2": -0.01859622039959996
                },
                "metrics": {
                    "outcome": -0.4262724792887507
                },
                "metadata": {
                    "trials": 1
                }
            },
            {
                "query": {
                    "x1": 5.728671701483843,
                    "x2": 4.343856104525131
                },
                "metrics": {
                    "outcome": 2.0453939566309903e-22
                },
                "metadata": {
                    "trials": 1
                }
            },
            {
                "query": {
                    "x1": 0.3003665257560004,
                    "x2": -2.0
                },
                "metrics": {
                    "outcome": 0.005026799159973274
                },
                "metadata": {
                    "trials": 1
                }
            }
        ],
        [
            {
                "query": {
                    "x1": -1.7356135784574922,
                    "x2": 6.0
                },
                "metrics": {
                    "outcome": -1.9797153773866257e-17
                },
                "metadata": {
                    "trials": 1
                }
            },
            {
                "query": {
                    "x1": 5.27032665546561,
                    "x2": -1.1335878902400596
                },
                "metrics": {
                    "outcome": 1.260803101809482e-12
                },
                "metadata": {
                    "trials": 1
                }
            },
            {
                "query": {
                    "x1": -1.7424901882088566,
                    "x2": 3.9463464737858853
                },
                "metrics": {
                    "outcome": -1.4420611286702869e-08
                },
                "metadata": {
                    "trials": 1
                }
            }
        ],
        [
            {
                "query": {
                    "x1": -0.6516243302130085,
                    "x2": 0.09245366214835915
                },
                "metrics": {
                    "outcome": -0.4225493597760539
                },
                "metadata": {
                    "trials": 1
                }
            },
            {
                "query": {
                    "x1": -0.4256784054729468,
                    "x2": 3.703695493123792
                },
                "metrics": {
                    "outcome": -3.9175329482830265e-07
                },
                "metadata": {
                    "trials": 1
                }
            },
            {
                "query": {
                    "x1": -1.3496285354377033,
                    "x2": 1.138344038696347
                },
                "metrics": {
                    "outcome": -0.05975544644395277
                },
                "metadata": {
                    "trials": 1
                }
            }
        ]
    ],
    "best_results": [
        {
            "query": {
                "x1": -0.7614205281532471,
                "x2": -0.01859622039959996
            },
            "metrics": [
                {
                    "name": "outcome",
                    "value": -0.4262724792887507
                }
            ]
        }
    ]
}