{
    "date": "10/11/2022 10:04:21",
    "basic_params": {
        "active_variables": [
            "x1",
            "x2"
        ],
        "default_query": {},
        "metric": "basic",
        "n_trials": 1
    },
    "objective_function": {
        "name": "McCormick",
        "params": {}
    },
    "optimizer": {
        "name": "BO-MCMC-250-LCB",
        "params": {
            "lower_bound": [
                -1.5,
                -3.0
            ],
            "upper_bound": [
                4.0,
                4.0
            ],
            "invert_metric": false,
            "bopt_params": {
                "n_init_samples": 15,
                "n_iterations": 45,
                "n_iter_relearn": 5,
                "verbose_level": 0,
                "n_parallel_samples": 3,
                "par_type": "PAR_MCMC",
                "l_type": "L_MCMC",
                "burnout_mcmc_parallel": 250,
                "crit_name": "cLCBnorm",
                "n_crit_params": 1,
                "crit_params": [
                    2.0
                ]
            }
        }
    },
    "execution_time": 30.95219850540161,
    "best_results": [
        {
            "query": {
                "x1": -0.4976796661528937,
                "x2": -1.3529708368359146
            },
            "metrics": [
                {
                    "name": "outcome",
                    "value": -1.865480333537028
                }
            ]
        }
    ],
    "iterations": [
        [
            {
                "query": {
                    "x1": -0.7047028783786421,
                    "x2": -2.0864840998469543
                },
                "metrics": {
                    "outcome": -1.5931154476435867
                },
                "metadata": {
                    "trials": 1
                }
            }
        ],
        [
            {
                "query": {
                    "x1": 2.456625364612167,
                    "x2": 3.696952226835613
                },
                "metrics": {
                    "outcome": 7.966608086800516
                },
                "metadata": {
                    "trials": 1
                }
            }
        ],
        [
            {
                "query": {
                    "x1": -0.9613385252188891,
                    "x2": -2.029194320552051
                },
                "metrics": {
                    "outcome": -1.6411479695981632
                },
                "metadata": {
                    "trials": 1
                }
            }
        ],
        [
            {
                "query": {
                    "x1": 2.7388186967233192,
                    "x2": -1.5556134918083746
                },
                "metrics": {
                    "outcome": 12.370708250336751
                },
                "metadata": {
                    "trials": 1
                }
            }
        ],
        [
            {
                "query": {
                    "x1": 2.1063144298347956,
                    "x2": -0.6040856464455526
                },
                "metrics": {
                    "outcome": 4.674232979493174
                },
                "metadata": {
                    "trials": 1
                }
            }
        ],
        [
            {
                "query": {
                    "x1": 3.9342811035147554,
                    "x2": 0.6053536057937885
                },
                "metrics": {
                    "outcome": 6.70860558917221
                },
                "metadata": {
                    "trials": 1
                }
            }
        ],
        [
            {
                "query": {
                    "x1": -0.023105104919523,
                    "x2": 1.751081681841363
                },
                "metrics": {
                    "outcome": 9.547773211858594
                },
                "metadata": {
                    "trials": 1
                }
            }
        ],
        [
            {
                "query": {
                    "x1": 1.2140434416787076,
                    "x2": 0.8989325049178052
                },
                "metrics": {
                    "outcome": 2.382147026130048
                },
                "metadata": {
                    "trials": 1
                }
            }
        ],
        [
            {
                "query": {
                    "x1": -1.4735572341596708,
                    "x2": -2.9060304371950525
                },
                "metrics": {
                    "outcome": -1.0576298762314877
                },
                "metadata": {
                    "trials": 1
                }
            }
        ],
        [
            {
                "query": {
                    "x1": 1.4981657972248894,
                    "x2": 3.02172848614864
                },
                "metrics": {
                    "outcome": 7.64678575248626
                },
                "metadata": {
                    "trials": 1
                }
            }
        ],
        [
            {
                "query": {
                    "x1": 1.006831212489245,
                    "x2": 3.1205518117019286
                },
                "metrics": {
                    "outcome": 10.925238685191113
                },
                "metadata": {
                    "trials": 1
                }
            }
        ],
        [
            {
                "query": {
                    "x1": -0.37951967755798255,
                    "x2": -0.793080762773752
                },
                "metrics": {
                    "outcome": -1.1641516689711136
                },
                "metadata": {
                    "trials": 1
                }
            }
        ],
        [
            {
                "query": {
                    "x1": 0.4682937136463201,
                    "x2": 2.1343818335328253
                },
                "metrics": {
                    "outcome": 8.922570519738645
                },
                "metadata": {
                    "trials": 1
                }
            }
        ],
        [
            {
                "query": {
                    "x1": 3.504697183837804,
                    "x2": -0.13503858788559864
                },
                "metrics": {
                    "outcome": 8.426940271094617
                },
                "metadata": {
                    "trials": 1
                }
            }
        ],
        [
            {
                "query": {
                    "x1": 2.900578295874099,
                    "x2": 1.3383203837089246
                },
                "metrics": {
                    "outcome": 1.545601148169975
                },
                "metadata": {
                    "trials": 1
                }
            }
        ],
        [
            {
                "query": {
                    "x1": -1.378020946328409,
                    "x2": -2.4025749689027904
                },
                "metrics": {
                    "outcome": -1.2932993923584295
                },
                "metadata": {
                    "trials": 1
                }
            },
            {
                "query": {
                    "x1": -0.6670931615830191,
                    "x2": -0.5411136367941594
                },
                "metrics": {
                    "outcome": -0.2712549716044026
                },
                "metadata": {
                    "trials": 1
                }
            },
            {
                "query": {
                    "x1": 3.9364420097666404,
                    "x2": 1.2911603622425751
                },
                "metrics": {
                    "outcome": 4.450565286011637
                },
                "metadata": {
                    "trials": 1
                }
            }
        ],
        [
            {
                "query": {
                    "x1": 3.9441531945967876,
                    "x2": 1.2894628775261783
                },
                "metrics": {
                    "outcome": 4.487599272511191
                },
                "metadata": {
                    "trials": 1
                }
            },
            {
                "query": {
                    "x1": 3.4819814341731865,
                    "x2": 2.1254550211104313
                },
                "metrics": {
                    "outcome": 2.305347535514282
                },
                "metadata": {
                    "trials": 1
                }
            },
            {
                "query": {
                    "x1": 1.5015502919265638,
                    "x2": 1.2997130074533834
                },
                "metrics": {
                    "outcome": 2.371492944412893
                },
                "metadata": {
                    "trials": 1
                }
            }
        ],
        [
            {
                "query": {
                    "x1": 1.2770751074116071,
                    "x2": -1.3307278579732875
                },
                "metrics": {
                    "outcome": 2.5045769869123338
                },
                "metadata": {
                    "trials": 1
                }
            },
            {
                "query": {
                    "x1": -0.08377972283389612,
                    "x2": 3.8863088301733457
                },
                "metrics": {
                    "outcome": 25.9891884041857
                },
                "metadata": {
                    "trials": 1
                }
            },
            {
                "query": {
                    "x1": 1.9254625327775745,
                    "x2": 0.8536143434220032
                },
                "metrics": {
                    "outcome": 1.749328224478314
                },
                "metadata": {
                    "trials": 1
                }
            }
        ],
        [
            {
                "query": {
                    "x1": -0.33198000510860415,
                    "x2": -2.901980956262903
                },
                "metrics": {
                    "outcome": 0.9401595234815474
                },
                "metadata": {
                    "trials": 1
                }
            },
            {
                "query": {
                    "x1": 0.032609536283243035,
                    "x2": -1.7461995788317792
                },
                "metrics": {
                    "outcome": -1.240073672170067
                },
                "metadata": {
                    "trials": 1
                }
            },
            {
                "query": {
                    "x1": -1.3825398369789745,
                    "x2": -2.524547138111351
                },
                "metrics": {
                    "outcome": -1.2404839052240009
                },
                "metadata": {
                    "trials": 1
                }
            }
        ],
        [
            {
                "query": {
                    "x1": 3.394618391673297,
                    "x2": 2.092670335767851
                },
                "metrics": {
                    "outcome": 2.1203258131238405
                },
                "metadata": {
                    "trials": 1
                }
            },
            {
                "query": {
                    "x1": 1.9526499778635986,
                    "x2": 0.5701026877266209
                },
                "metrics": {
                    "outcome": 1.9878094230301793
                },
                "metadata": {
                    "trials": 1
                }
            },
            {
                "query": {
                    "x1": -1.1671102334487808,
                    "x2": -0.3722383530263653
                },
                "metrics": {
                    "outcome": 1.4523852133287016
                },
                "metadata": {
                    "trials": 1
                }
            }
        ],
        [
            {
                "query": {
                    "x1": 0.46170119259449605,
                    "x2": 0.4490263881337855
                },
                "metrics": {
                    "outcome": 2.2201249123695264
                },
                "metadata": {
                    "trials": 1
                }
            },
            {
                "query": {
                    "x1": 1.7312180824718673,
                    "x2": 1.8670663167793276
                },
                "metrics": {
                    "outcome": 2.6483120975979206
                },
                "metadata": {
                    "trials": 1
                }
            },
            {
                "query": {
                    "x1": -1.0645149641204625,
                    "x2": 2.497957447776571
                },
                "metrics": {
                    "outcome": 22.523457533085015
                },
                "metadata": {
                    "trials": 1
                }
            }
        ],
        [
            {
                "query": {
                    "x1": -1.2687806742321928,
                    "x2": 1.4354554180159251
                },
                "metrics": {
                    "outcome": 13.9706064968878
                },
                "metadata": {
                    "trials": 1
                }
            },
            {
                "query": {
                    "x1": 2.547897513050219,
                    "x2": 0.2794865053939115
                },
                "metrics": {
                    "outcome": 3.3316224410214206
                },
                "metadata": {
                    "trials": 1
                }
            },
            {
                "query": {
                    "x1": -1.230986487618181,
                    "x2": -1.1530459303490452
                },
                "metrics": {
                    "outcome": -0.717211331380111
                },
                "metadata": {
                    "trials": 1
                }
            }
        ],
        [
            {
                "query": {
                    "x1": -1.3588969984696222,
                    "x2": 0.40848994749910306
                },
                "metrics": {
                    "outcome": 6.369574771171519
                },
                "metadata": {
                    "trials": 1
                }
            },
            {
                "query": {
                    "x1": 3.176641881716602,
                    "x2": 1.7280631596375438
                },
                "metrics": {
                    "outcome": 1.6720111975883625
                },
                "metadata": {
                    "trials": 1
                }
            },
            {
                "query": {
                    "x1": 1.1000127392937928,
                    "x2": 3.535133683988013
                },
                "metrics": {
                    "outcome": 13.120610839673352
                },
                "metadata": {
                    "trials": 1
                }
            }
        ],
        [
            {
                "query": {
                    "x1": 1.5830179086157652,
                    "x2": -2.1961614327514907
                },
                "metrics": {
                    "outcome": 6.841824840693274
                },
                "metadata": {
                    "trials": 1
                }
            },
            {
                "query": {
                    "x1": 2.4180623005193493,
                    "x2": 2.045957077563454
                },
                "metrics": {
                    "outcome": 1.656947039482648
                },
                "metadata": {
                    "trials": 1
                }
            },
            {
                "query": {
                    "x1": 1.0807969626039267,
                    "x2": 3.173072896199301
                },
                "metrics": {
                    "outcome": 10.79239643096075
                },
                "metadata": {
                    "trials": 1
                }
            }
        ],
        [
            {
                "query": {
                    "x1": 0.9462634692751712,
                    "x2": -0.9640701587370684
                },
                "metrics": {
                    "outcome": 0.801998221100972
                },
                "metadata": {
                    "trials": 1
                }
            },
            {
                "query": {
                    "x1": 2.548094321600048,
                    "x2": -0.06093997258518291
                },
                "metrics": {
                    "outcome": 4.441282230235956
                },
                "metadata": {
                    "trials": 1
                }
            },
            {
                "query": {
                    "x1": 0.08739444219753523,
                    "x2": 2.4373649030861664
                },
                "metrics": {
                    "outcome": 13.063136710875131
                },
                "metadata": {
                    "trials": 1
                }
            }
        ],
        [
            {
                "query": {
                    "x1": 3.141960361674406,
                    "x2": 3.8478765065849903
                },
                "metrics": {
                    "outcome": 7.054359120751056
                },
                "metadata": {
                    "trials": 1
                }
            },
            {
                "query": {
                    "x1": -0.1469938672810025,
                    "x2": -0.7918489374883961
                },
                "metrics": {
                    "outcome": -1.1501685411943199
                },
                "metadata": {
                    "trials": 1
                }
            },
            {
                "query": {
                    "x1": 3.3000198092112907,
                    "x2": 2.1307401180253205
                },
                "metrics": {
                    "outcome": 1.9911566737009911
                },
                "metadata": {
                    "trials": 1
                }
            }
        ],
        [
            {
                "query": {
                    "x1": -0.2703335120205552,
                    "x2": -1.9688878874516056
                },
                "metrics": {
                    "outcome": -1.416431185482887
                },
                "metadata": {
                    "trials": 1
                }
            },
            {
                "query": {
                    "x1": -0.4976796661528937,
                    "x2": -1.3529708368359146
                },
                "metrics": {
                    "outcome": -1.865480333537028
                },
                "metadata": {
                    "trials": 1
                }
            },
            {
                "query": {
                    "x1": 2.6345943320091783,
                    "x2": -1.7460145566224534
                },
                "metrics": {
                    "outcome": 12.648983403272387
                },
                "metadata": {
                    "trials": 1
                }
            }
        ],
        [
            {
                "query": {
                    "x1": 3.3456625539542975,
                    "x2": 3.771472393004954
                },
                "metrics": {
                    "outcome": 6.332092295211681
                },
                "metadata": {
                    "trials": 1
                }
            },
            {
                "query": {
                    "x1": -0.5245860348783823,
                    "x2": -1.889995289155474
                },
                "metrics": {
                    "outcome": -1.7384063182248308
                },
                "metadata": {
                    "trials": 1
                }
            },
            {
                "query": {
                    "x1": 1.9680713222387713,
                    "x2": 3.5301924387401593
                },
                "metrics": {
                    "outcome": 8.606826814478943
                },
                "metadata": {
                    "trials": 1
                }
            }
        ],
        [
            {
                "query": {
                    "x1": 2.684519243162475,
                    "x2": 3.451300671549819
                },
                "metrics": {
                    "outcome": 6.04259397992984
                },
                "metadata": {
                    "trials": 1
                }
            },
            {
                "query": {
                    "x1": 0.42616653570439667,
                    "x2": 0.46418627677485347
                },
                "metrics": {
                    "outcome": 2.2999551526677435
                },
                "metadata": {
                    "trials": 1
                }
            },
            {
                "query": {
                    "x1": 0.6071249757447621,
                    "x2": -1.3765152415329747
                },
                "metrics": {
                    "outcome": -0.11284443040300696
                },
                "metadata": {
                    "trials": 1
                }
            }
        ],
        [
            {
                "query": {
                    "x1": -1.0168018121253675,
                    "x2": -2.228964892485818
                },
                "metrics": {
                    "outcome": -1.4738844465810077
                },
                "metadata": {
                    "trials": 1
                }
            },
            {
                "query": {
                    "x1": 2.2330172556448598,
                    "x2": -2.4784628630589856
                },
                "metrics": {
                    "outcome": 13.409373266749563
                },
                "metadata": {
                    "trials": 1
                }
            },
            {
                "query": {
                    "x1": 2.003440532022341,
                    "x2": 1.38880244909544
                },
                "metrics": {
                    "outcome": 1.596591280375757
                },
                "metadata": {
                    "trials": 1
                }
            }
        ],
        [
            {
                "query": {
                    "x1": 2.051315573985421,
                    "x2": 3.377190843735546
                },
                "metrics": {
                    "outcome": 7.36958882074107
                },
                "metadata": {
                    "trials": 1
                }
            },
            {
                "query": {
                    "x1": 2.2111551164416596,
                    "x2": 2.500688216648996
                },
                "metrics": {
                    "outcome": 3.0188174319411525
                },
                "metadata": {
                    "trials": 1
                }
            },
            {
                "query": {
                    "x1": 3.2751314045425017,
                    "x2": 0.6016173176524049
                },
                "metrics": {
                    "outcome": 4.068320836155584
                },
                "metadata": {
                    "trials": 1
                }
            }
        ],
        [
            {
                "query": {
                    "x1": 3.073011231508688,
                    "x2": -0.09440908111875901
                },
                "metrics": {
                    "outcome": 6.349281682949189
                },
                "metadata": {
                    "trials": 1
                }
            },
            {
                "query": {
                    "x1": 3.702869455916641,
                    "x2": 3.9859169809649506
                },
                "metrics": {
                    "outcome": 6.476990444950221
                },
                "metadata": {
                    "trials": 1
                }
            },
            {
                "query": {
                    "x1": 3.087858232114195,
                    "x2": -0.3911976692308339
                },
                "metrics": {
                    "outcome": 7.924445027091032
                },
                "metadata": {
                    "trials": 1
                }
            }
        ],
        [
            {
                "query": {
                    "x1": 0.24185664566748177,
                    "x2": 2.622941446242316
                },
                "metrics": {
                    "outcome": 13.137407104789911
                },
                "metadata": {
                    "trials": 1
                }
            },
            {
                "query": {
                    "x1": -1.016068419302239,
                    "x2": -0.04580046448001651
                },
                "metrics": {
                    "outcome": 2.477753768438846
                },
                "metadata": {
                    "trials": 1
                }
            },
            {
                "query": {
                    "x1": -1.1080580498612456,
                    "x2": -0.13112645323131744
                },
                "metrics": {
                    "outcome": 2.3431474715838965
                },
                "metadata": {
                    "trials": 1
                }
            }
        ],
        [
            {
                "query": {
                    "x1": 0.1579513638583674,
                    "x2": -1.1012580014323778
                },
                "metrics": {
                    "outcome": -1.2139677209716937
                },
                "metadata": {
                    "trials": 1
                }
            },
            {
                "query": {
                    "x1": 0.9545751462322101,
                    "x2": -2.2740368046034316
                },
                "metrics": {
                    "outcome": 3.3383990416464675
                },
                "metadata": {
                    "trials": 1
                }
            },
            {
                "query": {
                    "x1": 3.8094189462289094,
                    "x2": 0.7262091897992269
                },
                "metrics": {
                    "outcome": 5.623158522173826
                },
                "metadata": {
                    "trials": 1
                }
            }
        ],
        [
            {
                "query": {
                    "x1": 0.44339917550645436,
                    "x2": -0.8957568679719561
                },
                "metrics": {
                    "outcome": -0.5482393249741246
                },
                "metadata": {
                    "trials": 1
                }
            },
            {
                "query": {
                    "x1": -0.4406235179786553,
                    "x2": -0.4899751274866766
                },
                "metrics": {
                    "outcome": -0.36354464821176724
                },
                "metadata": {
                    "trials": 1
                }
            },
            {
                "query": {
                    "x1": 0.1805765343579424,
                    "x2": -1.976749648097286
                },
                "metrics": {
                    "outcome": -0.5333926385847585
                },
                "metadata": {
                    "trials": 1
                }
            }
        ],
        [
            {
                "query": {
                    "x1": -1.4848161148792884,
                    "x2": -0.273594863838972
                },
                "metrics": {
                    "outcome": 3.027841996545702
                },
                "metadata": {
                    "trials": 1
                }
            },
            {
                "query": {
                    "x1": 1.6566257569915348,
                    "x2": 3.6396972084425174
                },
                "metrics": {
                    "outcome": 10.71257650231616
                },
                "metadata": {
                    "trials": 1
                }
            },
            {
                "query": {
                    "x1": 2.5376444117748154,
                    "x2": 3.037299750574885
                },
                "metrics": {
                    "outcome": 4.385939301610473
                },
                "metadata": {
                    "trials": 1
                }
            }
        ],
        [
            {
                "query": {
                    "x1": 2.714104490271101,
                    "x2": 1.7151325750425759
                },
                "metrics": {
                    "outcome": 1.254439973227429
                },
                "metadata": {
                    "trials": 1
                }
            },
            {
                "query": {
                    "x1": 3.0454467944800854,
                    "x2": 2.767205931711942
                },
                "metrics": {
                    "outcome": 2.9739015618265627
                },
                "metadata": {
                    "trials": 1
                }
            },
            {
                "query": {
                    "x1": -1.2763678242113479,
                    "x2": -1.9722548692403887
                },
                "metrics": {
                    "outcome": -1.42500084631601
                },
                "metadata": {
                    "trials": 1
                }
            }
        ],
        [
            {
                "query": {
                    "x1": 0.47625765041448176,
                    "x2": -1.6045730512123555
                },
                "metrics": {
                    "outcome": -0.29965485046270857
                },
                "metadata": {
                    "trials": 1
                }
            },
            {
                "query": {
                    "x1": 1.6344650390092283,
                    "x2": 2.2377772370819002
                },
                "metrics": {
                    "outcome": 3.839377566217975
                },
                "metadata": {
                    "trials": 1
                }
            },
            {
                "query": {
                    "x1": 3.4029394871886183,
                    "x2": -2.2900082026769653
                },
                "metrics": {
                    "outcome": 23.47722192719006
                },
                "metadata": {
                    "trials": 1
                }
            }
        ],
        [
            {
                "query": {
                    "x1": -0.9226044037950002,
                    "x2": 0.12756929768950664
                },
                "metrics": {
                    "outcome": 3.09180646443993
                },
                "metadata": {
                    "trials": 1
                }
            },
            {
                "query": {
                    "x1": -0.5800322616012057,
                    "x2": -0.9510404048924048
                },
                "metrics": {
                    "outcome": -1.3691166965909458
                },
                "metadata": {
                    "trials": 1
                }
            },
            {
                "query": {
                    "x1": 0.9877456475647901,
                    "x2": -1.3221198301682577
                },
                "metrics": {
                    "outcome": 1.2203824013246383
                },
                "metadata": {
                    "trials": 1
                }
            }
        ],
        [
            {
                "query": {
                    "x1": -0.7400683173101402,
                    "x2": -2.3657364826071703
                },
                "metrics": {
                    "outcome": -1.1972219617164859
                },
                "metadata": {
                    "trials": 1
                }
            },
            {
                "query": {
                    "x1": 2.7129859553713604,
                    "x2": -2.468026310021436
                },
                "metrics": {
                    "outcome": 17.845860561078773
                },
                "metadata": {
                    "trials": 1
                }
            },
            {
                "query": {
                    "x1": 1.182279128138144,
                    "x2": 3.7280229573159653
                },
                "metrics": {
                    "outcome": 14.046971299478178
                },
                "metadata": {
                    "trials": 1
                }
            }
        ],
        [
            {
                "query": {
                    "x1": 1.6601216205108695,
                    "x2": -1.6237323134161117
                },
                "metrics": {
                    "outcome": 5.2705647216786815
                },
                "metadata": {
                    "trials": 1
                }
            },
            {
                "query": {
                    "x1": 0.27050788607340226,
                    "x2": 1.2185907035276662
                },
                "metrics": {
                    "outcome": 5.536240554134382
                },
                "metadata": {
                    "trials": 1
                }
            },
            {
                "query": {
                    "x1": -1.4606471431000982,
                    "x2": 0.29455081803950645
                },
                "metrics": {
                    "outcome": 6.088847081787904
                },
                "metadata": {
                    "trials": 1
                }
            }
        ],
        [
            {
                "query": {
                    "x1": -0.8869699074638916,
                    "x2": -1.6830750664463487
                },
                "metrics": {
                    "outcome": -1.7843837757132581
                },
                "metadata": {
                    "trials": 1
                }
            },
            {
                "query": {
                    "x1": 3.036446994571264,
                    "x2": 1.914730252927411
                },
                "metrics": {
                    "outcome": 1.5187782951806863
                },
                "metadata": {
                    "trials": 1
                }
            },
            {
                "query": {
                    "x1": 3.120441041000136,
                    "x2": 1.8690865630009625
                },
                "metrics": {
                    "outcome": 1.5961006151587043
                },
                "metadata": {
                    "trials": 1
                }
            }
        ],
        [
            {
                "query": {
                    "x1": 1.561037634905936,
                    "x2": 1.2539627393831996
                },
                "metrics": {
                    "outcome": 2.208462692634492
                },
                "metadata": {
                    "trials": 1
                }
            },
            {
                "query": {
                    "x1": 1.5176237970914461,
                    "x2": -0.9987261987528817
                },
                "metrics": {
                    "outcome": 3.054689259871827
                },
                "metadata": {
                    "trials": 1
                }
            },
            {
                "query": {
                    "x1": 2.902710761525668,
                    "x2": 1.606955886585638
                },
                "metrics": {
                    "outcome": 1.3627821672081564
                },
                "metadata": {
                    "trials": 1
                }
            }
        ],
        [
            {
                "query": {
                    "x1": 0.6499636795389794,
                    "x2": 0.8727374302389221
                },
                "metrics": {
                    "outcome": 3.2553698482668807
                },
                "metadata": {
                    "trials": 1
                }
            },
            {
                "query": {
                    "x1": -0.2306203222901575,
                    "x2": 2.0150932808389097
                },
                "metrics": {
                    "outcome": 12.404151148656938
                },
                "metadata": {
                    "trials": 1
                }
            },
            {
                "query": {
                    "x1": 2.3961391761997883,
                    "x2": 2.3241218368789642
                },
                "metrics": {
                    "outcome": 2.2213133093499415
                },
                "metadata": {
                    "trials": 1
                }
            }
        ],
        [
            {
                "query": {
                    "x1": -0.8635456122999486,
                    "x2": -0.7119348899242537
                },
                "metrics": {
                    "outcome": -0.4615220244917646
                },
                "metadata": {
                    "trials": 1
                }
            },
            {
                "query": {
                    "x1": 3.59617173290757,
                    "x2": 3.2873810015774048
                },
                "metrics": {
                    "outcome": 4.484492306452651
                },
                "metadata": {
                    "trials": 1
                }
            },
            {
                "query": {
                    "x1": 0.6098324243212119,
                    "x2": -2.018965529743582
                },
                "metrics": {
                    "outcome": 0.9614552858886851
                },
                "metadata": {
                    "trials": 1
                }
            }
        ],
        [
            {
                "query": {
                    "x1": -0.24187303365453183,
                    "x2": -2.2659038365208795
                },
                "metrics": {
                    "outcome": -0.7974730692648713
                },
                "metadata": {
                    "trials": 1
                }
            },
            {
                "query": {
                    "x1": -0.6333659922238439,
                    "x2": -2.852963547920808
                },
                "metrics": {
                    "outcome": 0.08220248372940375
                },
                "metadata": {
                    "trials": 1
                }
            },
            {
                "query": {
                    "x1": -1.233558325125833,
                    "x2": -2.9551906536816737
                },
                "metrics": {
                    "outcome": -0.7076164817277668
                },
                "metadata": {
                    "trials": 1
                }
            }
        ],
        [
            {
                "query": {
                    "x1": -1.428916402608329,
                    "x2": -0.9347795538195367
                },
                "metrics": {
                    "outcome": 0.34881434646610376
                },
                "metadata": {
                    "trials": 1
                }
            },
            {
                "query": {
                    "x1": 0.30006830871570855,
                    "x2": 2.134468403412029
                },
                "metrics": {
                    "outcome": 9.900690540493045
                },
                "metadata": {
                    "trials": 1
                }
            },
            {
                "query": {
                    "x1": 0.7154518389772804,
                    "x2": -2.2436887449085177
                },
                "metrics": {
                    "outcome": 2.075018889922175
                },
                "metadata": {
                    "trials": 1
                }
            }
        ],
        [
            {
                "query": {
                    "x1": 1.7013784461040156,
                    "x2": 1.8615797907844538
                },
                "metrics": {
                    "outcome": 2.7185393071628106
                },
                "metadata": {
                    "trials": 1
                }
            },
            {
                "query": {
                    "x1": 2.8038859905406195,
                    "x2": 0.7072959825346361
                },
                "metrics": {
                    "outcome": 2.596868119389232
                },
                "metadata": {
                    "trials": 1
                }
            },
            {
                "query": {
                    "x1": -0.6014786861057482,
                    "x2": 1.4075982862203436
                },
                "metrics": {
                    "outcome": 10.179210223913444
                },
                "metadata": {
                    "trials": 1
                }
            }
        ],
        [
            {
                "query": {
                    "x1": 0.5110023429214272,
                    "x2": 2.299702818127723
                },
                "metrics": {
                    "outcome": 9.507085427132953
                },
                "metadata": {
                    "trials": 1
                }
            },
            {
                "query": {
                    "x1": 0.4497022084428488,
                    "x2": 2.8078458728607583
                },
                "metrics": {
                    "outcome": 12.79020715873779
                },
                "metadata": {
                    "trials": 1
                }
            },
            {
                "query": {
                    "x1": 0.2880284512902547,
                    "x2": 1.3078719716247367
                },
                "metrics": {
                    "outcome": 5.87740296682216
                },
                "metadata": {
                    "trials": 1
                }
            }
        ],
        [
            {
                "query": {
                    "x1": 2.7633009899873286,
                    "x2": 0.9731895281001925
                },
                "metrics": {
                    "outcome": 1.9320972130367
                },
                "metadata": {
                    "trials": 1
                }
            },
            {
                "query": {
                    "x1": -0.6497913800412789,
                    "x2": -1.4276534677483141
                },
                "metrics": {
                    "outcome": -1.8637528906854026
                },
                "metadata": {
                    "trials": 1
                }
            },
            {
                "query": {
                    "x1": 0.5330555238761008,
                    "x2": -0.7743628278840333
                },
                "metrics": {
                    "outcome": -0.2651198659759968
                },
                "metadata": {
                    "trials": 1
                }
            }
        ],
        [
            {
                "query": {
                    "x1": 2.4072433756548905,
                    "x2": 3.9696610084346
                },
                "metrics": {
                    "outcome": 9.848018260718764
                },
                "metadata": {
                    "trials": 1
                }
            },
            {
                "query": {
                    "x1": -0.5536335944953846,
                    "x2": 1.5742054298222712
                },
                "metrics": {
                    "outcome": 11.146070041462934
                },
                "metadata": {
                    "trials": 1
                }
            },
            {
                "query": {
                    "x1": 0.4378096687348596,
                    "x2": -1.6152934070994436
                },
                "metrics": {
                    "outcome": -0.40336036064507397
                },
                "metadata": {
                    "trials": 1
                }
            }
        ],
        [
            {
                "query": {
                    "x1": 0.6787850249795544,
                    "x2": -2.448663078135952
                },
                "metrics": {
                    "outcome": 2.6608478074557302
                },
                "metadata": {
                    "trials": 1
                }
            },
            {
                "query": {
                    "x1": -0.516928255208768,
                    "x2": -0.5176833348814398
                },
                "metrics": {
                    "outcome": -0.3784793825313164
                },
                "metadata": {
                    "trials": 1
                }
            },
            {
                "query": {
                    "x1": 0.9963155087316409,
                    "x2": -2.960849427152425
                },
                "metrics": {
                    "outcome": 6.8390758849758875
                },
                "metadata": {
                    "trials": 1
                }
            }
        ],
        [
            {
                "query": {
                    "x1": 0.49898303719237447,
                    "x2": -1.728172987466678
                },
                "metrics": {
                    "outcome": -0.0509008098408783
                },
                "metadata": {
                    "trials": 1
                }
            },
            {
                "query": {
                    "x1": 1.6477210924229966,
                    "x2": 3.768617270072001
                },
                "metrics": {
                    "outcome": 11.685870165673014
                },
                "metadata": {
                    "trials": 1
                }
            },
            {
                "query": {
                    "x1": -0.4126916064937043,
                    "x2": -0.4559270704100902
                },
                "metrics": {
                    "outcome": -0.28234845526048047
                },
                "metadata": {
                    "trials": 1
                }
            }
        ],
        [
            {
                "query": {
                    "x1": 3.2701857985620437,
                    "x2": -0.5960723098305118
                },
                "metrics": {
                    "outcome": 10.003129640422035
                },
                "metadata": {
                    "trials": 1
                }
            },
            {
                "query": {
                    "x1": 1.019631809715834,
                    "x2": -1.493673035161128
                },
                "metrics": {
                    "outcome": 1.5965853349328887
                },
                "metadata": {
                    "trials": 1
                }
            },
            {
                "query": {
                    "x1": 3.4320077694219178,
                    "x2": 1.6968871983143181
                },
                "metrics": {
                    "outcome": 2.1903416538857123
                },
                "metadata": {
                    "trials": 1
                }
            }
        ],
        [
            {
                "query": {
                    "x1": 2.904699089295489,
                    "x2": 1.0503412161807448
                },
                "metrics": {
                    "outcome": 1.9807875124016476
                },
                "metadata": {
                    "trials": 1
                }
            },
            {
                "query": {
                    "x1": -0.6389678981590715,
                    "x2": -2.77069529616532
                },
                "metrics": {
                    "outcome": -0.15915330910277525
                },
                "metadata": {
                    "trials": 1
                }
            },
            {
                "query": {
                    "x1": 0.8055387696350986,
                    "x2": 1.674846030526691
                },
                "metrics": {
                    "outcome": 5.348572635028184
                },
                "metadata": {
                    "trials": 1
                }
            }
        ],
        [
            {
                "query": {
                    "x1": 0.8230640248832795,
                    "x2": -2.657257871864708
                },
                "metrics": {
                    "outcome": 4.269388822130249
                },
                "metadata": {
                    "trials": 1
                }
            },
            {
                "query": {
                    "x1": 2.3989596737840477,
                    "x2": -2.131336919685535
                },
                "metrics": {
                    "outcome": 12.861244979656565
                },
                "metadata": {
                    "trials": 1
                }
            },
            {
                "query": {
                    "x1": -0.31791055661152656,
                    "x2": 0.2967408714648152
                },
                "metrics": {
                    "outcome": 2.575346287652188
                },
                "metadata": {
                    "trials": 1
                }
            }
        ],
        [
            {
                "query": {
                    "x1": 3.864220686598948,
                    "x2": -0.7216392998798198
                },
                "metrics": {
                    "outcome": 14.428693803020838
                },
                "metadata": {
                    "trials": 1
                }
            },
            {
                "query": {
                    "x1": 0.9132202279729071,
                    "x2": 2.4579538384641424
                },
                "metrics": {
                    "outcome": 7.933686242251763
                },
                "metadata": {
                    "trials": 1
                }
            },
            {
                "query": {
                    "x1": 1.421478672541431,
                    "x2": 2.3108302686679245
                },
                "metrics": {
                    "outcome": 4.8788478517329885
                },
                "metadata": {
                    "trials": 1
                }
            }
        ],
        [
            {
                "query": {
                    "x1": 1.990415843398734,
                    "x2": -1.38253729567224
                },
                "metrics": {
                    "outcome": 6.50597320223225
                },
                "metadata": {
                    "trials": 1
                }
            },
            {
                "query": {
                    "x1": 1.9430961290564146,
                    "x2": 1.9042541216670834
                },
                "metrics": {
                    "outcome": 2.198889173882702
                },
                "metadata": {
                    "trials": 1
                }
            },
            {
                "query": {
                    "x1": 0.5649448926724294,
                    "x2": -1.8980014051959404
                },
                "metrics": {
                    "outcome": 0.5018108687160945
                },
                "metadata": {
                    "trials": 1
                }
            }
        ],
        [
            {
                "query": {
                    "x1": -0.20495783986995586,
                    "x2": 0.5033868373371595
                },
                "metrics": {
                    "outcome": 3.3616750414309973
                },
                "metadata": {
                    "trials": 1
                }
            },
            {
                "query": {
                    "x1": 3.3993903348711703,
                    "x2": 3.7591712286546883
                },
                "metrics": {
                    "outcome": 6.196069487897673
                },
                "metadata": {
                    "trials": 1
                }
            },
            {
                "query": {
                    "x1": -1.2660780393928026,
                    "x2": -1.8972258155607273
                },
                "metrics": {
                    "outcome": -1.4238904687377936
                },
                "metadata": {
                    "trials": 1
                }
            }
        ],
        [
            {
                "query": {
                    "x1": -1.0713076054817066,
                    "x2": -1.9889511298388243
                },
                "metrics": {
                    "outcome": -1.6045910530640604
                },
                "metadata": {
                    "trials": 1
                }
            },
            {
                "query": {
                    "x1": 1.499544432386756,
                    "x2": -2.9897068918216974
                },
                "metrics": {
                    "outcome": 10.433042723034443
                },
                "metadata": {
                    "trials": 1
                }
            },
            {
                "query": {
                    "x1": -0.1823761906136816,
                    "x2": -0.29014578068269126
                },
                "metrics": {
                    "outcome": 0.1046807663847682
                },
                "metadata": {
                    "trials": 1
                }
            }
        ]
    ]
}