{
    "date": "05/11/2022 12:04:24",
    "basic_params": {
        "active_variables": [
            "x"
        ],
        "default_query": {},
        "metric": "basic",
        "n_trials": 1
    },
    "objective_function": {
        "name": "Gramacy1D",
        "params": {}
    },
    "optimizer": {
        "name": "BBO-LP(LCBa)-FoD",
        "params": {
            "lower_bound": [
                0.5
            ],
            "upper_bound": [
                2.5
            ],
            "invert_metric": false,
            "bopt_params": {
                "n_init_samples": 12,
                "n_iterations": 23,
                "n_iter_relearn": 5,
                "verbose_level": 0,
                "n_parallel_samples": 6,
                "fixed_dataset_size": 50,
                "par_type": "PAR_BBO",
                "crit_name": "cLP(cLCBa)",
                "n_crit_params": 3,
                "crit_params": [
                    6,
                    1,
                    5.0
                ]
            }
        }
    },
    "iterations": [
        [
            {
                "query": {
                    "x": 2.0122404729481786
                },
                "metrics": {
                    "outcome": 1.1430822695256675
                },
                "metadata": {
                    "trials": 1
                }
            }
        ],
        [
            {
                "query": {
                    "x": 2.3319017159519717
                },
                "metrics": {
                    "outcome": 2.9662589387269556
                },
                "metadata": {
                    "trials": 1
                }
            }
        ],
        [
            {
                "query": {
                    "x": 0.5642323079130923
                },
                "metrics": {
                    "outcome": -0.7629868527524175
                },
                "metadata": {
                    "trials": 1
                }
            }
        ],
        [
            {
                "query": {
                    "x": 1.6014075213655208
                },
                "metrics": {
                    "outcome": 0.1446220490457518
                },
                "metadata": {
                    "trials": 1
                }
            }
        ],
        [
            {
                "query": {
                    "x": 1.38936329446733
                },
                "metrics": {
                    "outcome": -0.09504791527151019
                },
                "metadata": {
                    "trials": 1
                }
            }
        ],
        [
            {
                "query": {
                    "x": 2.377017251487511
                },
                "metrics": {
                    "outcome": 3.4564654965996446
                },
                "metadata": {
                    "trials": 1
                }
            }
        ],
        [
            {
                "query": {
                    "x": 0.9142134156233321
                },
                "metrics": {
                    "outcome": -0.23612495170008782
                },
                "metadata": {
                    "trials": 1
                }
            }
        ],
        [
            {
                "query": {
                    "x": 1.302726816618815
                },
                "metrics": {
                    "outcome": -0.024440556387240346
                },
                "metadata": {
                    "trials": 1
                }
            }
        ],
        [
            {
                "query": {
                    "x": 0.6948164732505878
                },
                "metrics": {
                    "outcome": 0.1253430842648165
                },
                "metadata": {
                    "trials": 1
                }
            }
        ],
        [
            {
                "query": {
                    "x": 1.992711716137516
                },
                "metrics": {
                    "outcome": 0.9142133057344939
                },
                "metadata": {
                    "trials": 1
                }
            }
        ],
        [
            {
                "query": {
                    "x": 1.6819687291281298
                },
                "metrics": {
                    "outcome": 0.37583275977955427
                },
                "metadata": {
                    "trials": 1
                }
            }
        ],
        [
            {
                "query": {
                    "x": 1.0917605039430782
                },
                "metrics": {
                    "outcome": 0.1172991659978705
                },
                "metadata": {
                    "trials": 1
                }
            }
        ],
        [
            {
                "query": {
                    "x": 0.5319870294752566
                },
                "metrics": {
                    "outcome": -0.7453785230822544
                },
                "metadata": {
                    "trials": 1
                }
            },
            {
                "query": {
                    "x": 0.5829305437106932
                },
                "metrics": {
                    "outcome": -0.40797509503091417
                },
                "metadata": {
                    "trials": 1
                }
            },
            {
                "query": {
                    "x": 0.5
                },
                "metrics": {
                    "outcome": 0.06250000000000061
                },
                "metadata": {
                    "trials": 1
                }
            },
            {
                "query": {
                    "x": 0.628897180495676
                },
                "metrics": {
                    "outcome": 0.6455955936726538
                },
                "metadata": {
                    "trials": 1
                }
            },
            {
                "query": {
                    "x": 0.9319695832576635
                },
                "metrics": {
                    "outcome": -0.45268408445307573
                },
                "metadata": {
                    "trials": 1
                }
            },
            {
                "query": {
                    "x": 1.3980573732240291
                },
                "metrics": {
                    "outcome": 0.0032933375728723194
                },
                "metadata": {
                    "trials": 1
                }
            }
        ],
        [
            {
                "query": {
                    "x": 0.9999357577640575
                },
                "metrics": {
                    "outcome": -0.0010091788292783098
                },
                "metadata": {
                    "trials": 1
                }
            },
            {
                "query": {
                    "x": 0.9766003021074621
                },
                "metrics": {
                    "outcome": -0.3433738191644942
                },
                "metadata": {
                    "trials": 1
                }
            },
            {
                "query": {
                    "x": 1.0231616151163456
                },
                "metrics": {
                    "outcome": 0.3250280476365924
                },
                "metadata": {
                    "trials": 1
                }
            },
            {
                "query": {
                    "x": 0.773787177539981
                },
                "metrics": {
                    "outcome": -0.47136779830807723
                },
                "metadata": {
                    "trials": 1
                }
            },
            {
                "query": {
                    "x": 0.5483768353723558
                },
                "metrics": {
                    "outcome": -0.8689954646778056
                },
                "metadata": {
                    "trials": 1
                }
            },
            {
                "query": {
                    "x": 0.551906464426438
                },
                "metrics": {
                    "outcome": -0.864010432925137
                },
                "metadata": {
                    "trials": 1
                }
            }
        ],
        [
            {
                "query": {
                    "x": 1.8412468925978764
                },
                "metrics": {
                    "outcome": 0.7621865408522341
                },
                "metadata": {
                    "trials": 1
                }
            },
            {
                "query": {
                    "x": 1.1804761506165238
                },
                "metrics": {
                    "outcome": -0.24274667777776507
                },
                "metadata": {
                    "trials": 1
                }
            },
            {
                "query": {
                    "x": 0.5482406834709301
                },
                "metrics": {
                    "outcome": -0.8689642481050416
                },
                "metadata": {
                    "trials": 1
                }
            },
            {
                "query": {
                    "x": 0.5512675337618786
                },
                "metrics": {
                    "outcome": -0.8657354301142238
                },
                "metadata": {
                    "trials": 1
                }
            },
            {
                "query": {
                    "x": 0.5452430924474636
                },
                "metrics": {
                    "outcome": -0.8640333985300225
                },
                "metadata": {
                    "trials": 1
                }
            },
            {
                "query": {
                    "x": 0.554065943668115
                },
                "metrics": {
                    "outcome": -0.8555233966328846
                },
                "metadata": {
                    "trials": 1
                }
            }
        ],
        [
            {
                "query": {
                    "x": 0.5484140966535564
                },
                "metrics": {
                    "outcome": -0.8690010983476134
                },
                "metadata": {
                    "trials": 1
                }
            },
            {
                "query": {
                    "x": 0.550798182464106
                },
                "metrics": {
                    "outcome": -0.8667720419448457
                },
                "metadata": {
                    "trials": 1
                }
            },
            {
                "query": {
                    "x": 0.5460358521142704
                },
                "metrics": {
                    "outcome": -0.8661285941818482
                },
                "metadata": {
                    "trials": 1
                }
            },
            {
                "query": {
                    "x": 0.5530791595788486
                },
                "metrics": {
                    "outcome": -0.859907886826534
                },
                "metadata": {
                    "trials": 1
                }
            },
            {
                "query": {
                    "x": 0.5434212276350482
                },
                "metrics": {
                    "outcome": -0.857057724350413
                },
                "metadata": {
                    "trials": 1
                }
            },
            {
                "query": {
                    "x": 0.5556703491017431
                },
                "metrics": {
                    "outcome": -0.8465964722762038
                },
                "metadata": {
                    "trials": 1
                }
            }
        ],
        [
            {
                "query": {
                    "x": 0.5485098533190357
                },
                "metrics": {
                    "outcome": -0.8690098428125371
                },
                "metadata": {
                    "trials": 1
                }
            },
            {
                "query": {
                    "x": 0.5464176312321218
                },
                "metrics": {
                    "outcome": -0.8669343862217482
                },
                "metadata": {
                    "trials": 1
                }
            },
            {
                "query": {
                    "x": 0.5506008929767909
                },
                "metrics": {
                    "outcome": -0.8671493165506827
                },
                "metadata": {
                    "trials": 1
                }
            },
            {
                "query": {
                    "x": 0.5526280016716077
                },
                "metrics": {
                    "outcome": -0.8616292098698377
                },
                "metadata": {
                    "trials": 1
                }
            },
            {
                "query": {
                    "x": 0.5442438577379636
                },
                "metrics": {
                    "outcome": -0.8605803856688911
                },
                "metadata": {
                    "trials": 1
                }
            },
            {
                "query": {
                    "x": 0.5548461767592968
                },
                "metrics": {
                    "outcome": -0.8514587008405223
                },
                "metadata": {
                    "trials": 1
                }
            }
        ],
        [
            {
                "query": {
                    "x": 2.17193410722853
                },
                "metrics": {
                    "outcome": 1.7086258312378304
                },
                "metadata": {
                    "trials": 1
                }
            },
            {
                "query": {
                    "x": 1.515733644236413
                },
                "metrics": {
                    "outcome": -0.08574724068209023
                },
                "metadata": {
                    "trials": 1
                }
            },
            {
                "query": {
                    "x": 0.8256603905922622
                },
                "metrics": {
                    "outcome": 0.43792173251295197
                },
                "metadata": {
                    "trials": 1
                }
            },
            {
                "query": {
                    "x": 1.2360049200646477
                },
                "metrics": {
                    "outcome": 0.36915782561562555
                },
                "metadata": {
                    "trials": 1
                }
            },
            {
                "query": {
                    "x": 1.7592718598462083
                },
                "metrics": {
                    "outcome": 0.06010858721204637
                },
                "metadata": {
                    "trials": 1
                }
            },
            {
                "query": {
                    "x": 0.7419394016470817
                },
                "metrics": {
                    "outcome": -0.6479822076944767
                },
                "metadata": {
                    "trials": 1
                }
            }
        ],
        [
            {
                "query": {
                    "x": 1.1409547709969612
                },
                "metrics": {
                    "outcome": -0.4202600934332679
                },
                "metadata": {
                    "trials": 1
                }
            },
            {
                "query": {
                    "x": 0.548547091427305
                },
                "metrics": {
                    "outcome": -0.8690110146762778
                },
                "metadata": {
                    "trials": 1
                }
            },
            {
                "query": {
                    "x": 2.5
                },
                "metrics": {
                    "outcome": 5.0625
                },
                "metadata": {
                    "trials": 1
                }
            },
            {
                "query": {
                    "x": 0.5463026504276409
                },
                "metrics": {
                    "outcome": -0.8667055997309236
                },
                "metadata": {
                    "trials": 1
                }
            },
            {
                "query": {
                    "x": 0.5507891462850444
                },
                "metrics": {
                    "outcome": -0.8667900786146369
                },
                "metadata": {
                    "trials": 1
                }
            },
            {
                "query": {
                    "x": 0.5529689902169056
                },
                "metrics": {
                    "outcome": -0.8603446758264878
                },
                "metadata": {
                    "trials": 1
                }
            }
        ],
        [
            {
                "query": {
                    "x": 1.5889419643815847
                },
                "metrics": {
                    "outcome": 0.0131748309868807
                },
                "metadata": {
                    "trials": 1
                }
            },
            {
                "query": {
                    "x": 2.074951559514992
                },
                "metrics": {
                    "outcome": 1.5058787052989902
                },
                "metadata": {
                    "trials": 1
                }
            },
            {
                "query": {
                    "x": 1.9210573247358036
                },
                "metrics": {
                    "outcome": 0.5597984725370351
                },
                "metadata": {
                    "trials": 1
                }
            },
            {
                "query": {
                    "x": 1.472738521323473
                },
                "metrics": {
                    "outcome": 0.3064451771139696
                },
                "metadata": {
                    "trials": 1
                }
            },
            {
                "query": {
                    "x": 0.5485473232730086
                },
                "metrics": {
                    "outcome": -0.8690110180636073
                },
                "metadata": {
                    "trials": 1
                }
            },
            {
                "query": {
                    "x": 0.546404674448355
                },
                "metrics": {
                    "outcome": -0.8669092036819287
                },
                "metadata": {
                    "trials": 1
                }
            }
        ],
        [
            {
                "query": {
                    "x": 2.304637584880883
                },
                "metrics": {
                    "outcome": 2.865576524954911
                },
                "metadata": {
                    "trials": 1
                }
            },
            {
                "query": {
                    "x": 1.3271662164635578
                },
                "metrics": {
                    "outcome": -0.2724388235455066
                },
                "metadata": {
                    "trials": 1
                }
            },
            {
                "query": {
                    "x": 1.9895509193718206
                },
                "metrics": {
                    "outcome": 0.8778300186071668
                },
                "metadata": {
                    "trials": 1
                }
            },
            {
                "query": {
                    "x": 0.7087854627727675
                },
                "metrics": {
                    "outcome": -0.18504705090382165
                },
                "metadata": {
                    "trials": 1
                }
            },
            {
                "query": {
                    "x": 0.5485752439813916
                },
                "metrics": {
                    "outcome": -0.8690110723540118
                },
                "metadata": {
                    "trials": 1
                }
            },
            {
                "query": {
                    "x": 0.5464703722784697
                },
                "metrics": {
                    "outcome": -0.8670353237408477
                },
                "metadata": {
                    "trials": 1
                }
            }
        ],
        [
            {
                "query": {
                    "x": 1.6787025114474523
                },
                "metrics": {
                    "outcome": 0.39693185893851224
                },
                "metadata": {
                    "trials": 1
                }
            },
            {
                "query": {
                    "x": 0.5000000000000001
                },
                "metrics": {
                    "outcome": 0.062499999999997
                },
                "metadata": {
                    "trials": 1
                }
            },
            {
                "query": {
                    "x": 0.6260948077163954
                },
                "metrics": {
                    "outcome": 0.6033262959795263
                },
                "metadata": {
                    "trials": 1
                }
            },
            {
                "query": {
                    "x": 1.0989792166107017
                },
                "metrics": {
                    "outcome": 0.01468377056976802
                },
                "metadata": {
                    "trials": 1
                }
            },
            {
                "query": {
                    "x": 1.3587164611634417
                },
                "metrics": {
                    "outcome": -0.33772525506744233
                },
                "metadata": {
                    "trials": 1
                }
            },
            {
                "query": {
                    "x": 0.8947911669924304
                },
                "metrics": {
                    "outcome": 0.09115547180225488
                },
                "metadata": {
                    "trials": 1
                }
            }
        ],
        [
            {
                "query": {
                    "x": 0.9858954834633629
                },
                "metrics": {
                    "outcome": -0.217440847009794
                },
                "metadata": {
                    "trials": 1
                }
            },
            {
                "query": {
                    "x": 1.4069778649677231
                },
                "metrics": {
                    "outcome": 0.1047143490004577
                },
                "metadata": {
                    "trials": 1
                }
            },
            {
                "query": {
                    "x": 0.771707293036245
                },
                "metrics": {
                    "outcome": -0.5002867279128431
                },
                "metadata": {
                    "trials": 1
                }
            },
            {
                "query": {
                    "x": 1.0450656475408273
                },
                "metrics": {
                    "outcome": 0.4727059444496663
                },
                "metadata": {
                    "trials": 1
                }
            },
            {
                "query": {
                    "x": 0.9316356381285077
                },
                "metrics": {
                    "outcome": -0.449799538771411
                },
                "metadata": {
                    "trials": 1
                }
            },
            {
                "query": {
                    "x": 0.5485817751185342
                },
                "metrics": {
                    "outcome": -0.869010983826412
                },
                "metadata": {
                    "trials": 1
                }
            }
        ],
        [
            {
                "query": {
                    "x": 1.8342849226429176
                },
                "metrics": {
                    "outcome": 0.7244942292339211
                },
                "metadata": {
                    "trials": 1
                }
            },
            {
                "query": {
                    "x": 1.1798206444773869
                },
                "metrics": {
                    "outcome": -0.24998172578931732
                },
                "metadata": {
                    "trials": 1
                }
            },
            {
                "query": {
                    "x": 0.5486087190937874
                },
                "metrics": {
                    "outcome": -0.8690102128734827
                },
                "metadata": {
                    "trials": 1
                }
            },
            {
                "query": {
                    "x": 0.5464252188812423
                },
                "metrics": {
                    "outcome": -0.8669490628367723
                },
                "metadata": {
                    "trials": 1
                }
            },
            {
                "query": {
                    "x": 0.5507888858712375
                },
                "metrics": {
                    "outcome": -0.8667905973369877
                },
                "metadata": {
                    "trials": 1
                }
            },
            {
                "query": {
                    "x": 0.5442149067954959
                },
                "metrics": {
                    "outcome": -0.8604668362238491
                },
                "metadata": {
                    "trials": 1
                }
            }
        ],
        [
            {
                "query": {
                    "x": 0.5485984527356085
                },
                "metrics": {
                    "outcome": -0.8690105836453403
                },
                "metadata": {
                    "trials": 1
                }
            },
            {
                "query": {
                    "x": 0.5507710034922522
                },
                "metrics": {
                    "outcome": -0.8668260732222246
                },
                "metadata": {
                    "trials": 1
                }
            },
            {
                "query": {
                    "x": 0.5464310645706215
                },
                "metrics": {
                    "outcome": -0.8669603344625507
                },
                "metadata": {
                    "trials": 1
                }
            },
            {
                "query": {
                    "x": 0.5442091000660694
                },
                "metrics": {
                    "outcome": -0.8604439698891339
                },
                "metadata": {
                    "trials": 1
                }
            },
            {
                "query": {
                    "x": 0.5530844433077351
                },
                "metrics": {
                    "outcome": -0.85988667153924
                },
                "metadata": {
                    "trials": 1
                }
            },
            {
                "query": {
                    "x": 0.5413791371467986
                },
                "metrics": {
                    "outcome": -0.8456617884021692
                },
                "metadata": {
                    "trials": 1
                }
            }
        ],
        [
            {
                "query": {
                    "x": 0.548670206707736
                },
                "metrics": {
                    "outcome": -0.8690060078460343
                },
                "metadata": {
                    "trials": 1
                }
            },
            {
                "query": {
                    "x": 0.5464947221791916
                },
                "metrics": {
                    "outcome": -0.8670810754638201
                },
                "metadata": {
                    "trials": 1
                }
            },
            {
                "query": {
                    "x": 0.5508353510326491
                },
                "metrics": {
                    "outcome": -0.8666970878540392
                },
                "metadata": {
                    "trials": 1
                }
            },
            {
                "query": {
                    "x": 0.5443443564030866
                },
                "metrics": {
                    "outcome": -0.8609686523162231
                },
                "metadata": {
                    "trials": 1
                }
            },
            {
                "query": {
                    "x": 0.5531825372597968
                },
                "metrics": {
                    "outcome": -0.8594883701108518
                },
                "metadata": {
                    "trials": 1
                }
            },
            {
                "query": {
                    "x": 0.5417930455059395
                },
                "metrics": {
                    "outcome": -0.8482766358108141
                },
                "metadata": {
                    "trials": 1
                }
            }
        ],
        [
            {
                "query": {
                    "x": 2.1838721362350513
                },
                "metrics": {
                    "outcome": 1.853248384861033
                },
                "metadata": {
                    "trials": 1
                }
            },
            {
                "query": {
                    "x": 1.2537521440971782
                },
                "metrics": {
                    "outcome": 0.40018152090929765
                },
                "metadata": {
                    "trials": 1
                }
            },
            {
                "query": {
                    "x": 1.5358053628899289
                },
                "metrics": {
                    "outcome": -0.21130510885579004
                },
                "metadata": {
                    "trials": 1
                }
            },
            {
                "query": {
                    "x": 0.8235577690884202
                },
                "metrics": {
                    "outcome": 0.4103841503902423
                },
                "metadata": {
                    "trials": 1
                }
            },
            {
                "query": {
                    "x": 0.5486818945633969
                },
                "metrics": {
                    "outcome": -0.8690048239041706
                },
                "metadata": {
                    "trials": 1
                }
            },
            {
                "query": {
                    "x": 0.5465719603352729
                },
                "metrics": {
                    "outcome": -0.8672226482306815
                },
                "metadata": {
                    "trials": 1
                }
            }
        ],
        [
            {
                "query": {
                    "x": 2.5
                },
                "metrics": {
                    "outcome": 5.0625
                },
                "metadata": {
                    "trials": 1
                }
            },
            {
                "query": {
                    "x": 1.753438764289592
                },
                "metrics": {
                    "outcome": 0.03875762545092448
                },
                "metadata": {
                    "trials": 1
                }
            },
            {
                "query": {
                    "x": 2.402446958449941
                },
                "metrics": {
                    "outcome": 3.8845115527469845
                },
                "metadata": {
                    "trials": 1
                }
            },
            {
                "query": {
                    "x": 1.14265286759071
                },
                "metrics": {
                    "outcome": -0.42555944360602616
                },
                "metadata": {
                    "trials": 1
                }
            },
            {
                "query": {
                    "x": 0.7427806226495717
                },
                "metrics": {
                    "outcome": -0.6515297134387666
                },
                "metadata": {
                    "trials": 1
                }
            },
            {
                "query": {
                    "x": 0.956582511329092
                },
                "metrics": {
                    "outcome": -0.5115539183339374
                },
                "metadata": {
                    "trials": 1
                }
            }
        ],
        [
            {
                "query": {
                    "x": 2.0789045678389817
                },
                "metrics": {
                    "outcome": 1.5029577936550067
                },
                "metadata": {
                    "trials": 1
                }
            },
            {
                "query": {
                    "x": 1.59749212291824
                },
                "metrics": {
                    "outcome": 0.10281256807663114
                },
                "metadata": {
                    "trials": 1
                }
            },
            {
                "query": {
                    "x": 1.4824582134487925
                },
                "metrics": {
                    "outcome": 0.23078442506986357
                },
                "metadata": {
                    "trials": 1
                }
            },
            {
                "query": {
                    "x": 1.9157353605184946
                },
                "metrics": {
                    "outcome": 0.5793715939686105
                },
                "metadata": {
                    "trials": 1
                }
            },
            {
                "query": {
                    "x": 0.5487337716652823
                },
                "metrics": {
                    "outcome": -0.8689980861940286
                },
                "metadata": {
                    "trials": 1
                }
            },
            {
                "query": {
                    "x": 0.5465844532725957
                },
                "metrics": {
                    "outcome": -0.8672450395583814
                },
                "metadata": {
                    "trials": 1
                }
            }
        ],
        [
            {
                "query": {
                    "x": 1.9906789916089587
                },
                "metrics": {
                    "outcome": 0.890730845109128
                },
                "metadata": {
                    "trials": 1
                }
            },
            {
                "query": {
                    "x": 2.2822009074571294
                },
                "metrics": {
                    "outcome": 2.8190874643185984
                },
                "metadata": {
                    "trials": 1
                }
            },
            {
                "query": {
                    "x": 1.314817527634521
                },
                "metrics": {
                    "outcome": -0.16087591330277762
                },
                "metadata": {
                    "trials": 1
                }
            },
            {
                "query": {
                    "x": 0.7022272093227862
                },
                "metrics": {
                    "outcome": -0.04191717872969364
                },
                "metadata": {
                    "trials": 1
                }
            },
            {
                "query": {
                    "x": 0.5487313230354216
                },
                "metrics": {
                    "outcome": -0.8689984586345173
                },
                "metadata": {
                    "trials": 1
                }
            },
            {
                "query": {
                    "x": 0.5465949775613689
                },
                "metrics": {
                    "outcome": -0.8672637927910904
                },
                "metadata": {
                    "trials": 1
                }
            }
        ],
        [
            {
                "query": {
                    "x": 1.6819672939393266
                },
                "metrics": {
                    "outcome": 0.37584238465787295
                },
                "metadata": {
                    "trials": 1
                }
            },
            {
                "query": {
                    "x": 0.6190937862689561
                },
                "metrics": {
                    "outcome": 0.47697368306010257
                },
                "metadata": {
                    "trials": 1
                }
            },
            {
                "query": {
                    "x": 0.5000000000000001
                },
                "metrics": {
                    "outcome": 0.062499999999997
                },
                "metadata": {
                    "trials": 1
                }
            },
            {
                "query": {
                    "x": 1.1067973492828687
                },
                "metrics": {
                    "outcome": -0.09560818084044335
                },
                "metadata": {
                    "trials": 1
                }
            },
            {
                "query": {
                    "x": 0.7543194339630294
                },
                "metrics": {
                    "outcome": -0.6531123869671454
                },
                "metadata": {
                    "trials": 1
                }
            },
            {
                "query": {
                    "x": 1.5619598118054574
                },
                "metrics": {
                    "outcome": -0.19805101396662367
                },
                "metadata": {
                    "trials": 1
                }
            }
        ],
        [
            {
                "query": {
                    "x": 1.388541114014851
                },
                "metrics": {
                    "outcome": -0.10405744048808313
                },
                "metadata": {
                    "trials": 1
                }
            },
            {
                "query": {
                    "x": 1.0243762243729782
                },
                "metrics": {
                    "outcome": 0.3383111577565912
                },
                "metadata": {
                    "trials": 1
                }
            },
            {
                "query": {
                    "x": 0.8888017787008665
                },
                "metrics": {
                    "outcome": 0.19400402900957386
                },
                "metadata": {
                    "trials": 1
                }
            },
            {
                "query": {
                    "x": 1.4354899172308548
                },
                "metrics": {
                    "outcome": 0.34871392887594255
                },
                "metadata": {
                    "trials": 1
                }
            },
            {
                "query": {
                    "x": 0.5487281967073538
                },
                "metrics": {
                    "outcome": -0.8689989263182576
                },
                "metadata": {
                    "trials": 1
                }
            },
            {
                "query": {
                    "x": 0.5465858404220275
                },
                "metrics": {
                    "outcome": -0.8672475170573318
                },
                "metadata": {
                    "trials": 1
                }
            }
        ],
        [
            {
                "query": {
                    "x": 1.8298846303296896
                },
                "metrics": {
                    "outcome": 0.6947926657147795
                },
                "metadata": {
                    "trials": 1
                }
            },
            {
                "query": {
                    "x": 1.1888804302608538
                },
                "metrics": {
                    "outcome": -0.14267352048600435
                },
                "metadata": {
                    "trials": 1
                }
            },
            {
                "query": {
                    "x": 0.9307726009566873
                },
                "metrics": {
                    "outcome": -0.44210650961871756
                },
                "metadata": {
                    "trials": 1
                }
            },
            {
                "query": {
                    "x": 1.3501599430098958
                },
                "metrics": {
                    "outcome": -0.35528812139423954
                },
                "metadata": {
                    "trials": 1
                }
            },
            {
                "query": {
                    "x": 0.5487281344241622
                },
                "metrics": {
                    "outcome": -0.8689989355462403
                },
                "metadata": {
                    "trials": 1
                }
            },
            {
                "query": {
                    "x": 0.5465589390455752
                },
                "metrics": {
                    "outcome": -0.8671991595413931
                },
                "metadata": {
                    "trials": 1
                }
            }
        ],
        [
            {
                "query": {
                    "x": 0.5488827656481566
                },
                "metrics": {
                    "outcome": -0.8689652819498561
                },
                "metadata": {
                    "trials": 1
                }
            },
            {
                "query": {
                    "x": 0.5466125268286417
                },
                "metrics": {
                    "outcome": -0.8672948408357751
                },
                "metadata": {
                    "trials": 1
                }
            },
            {
                "query": {
                    "x": 0.5510950906367784
                },
                "metrics": {
                    "outcome": -0.8661390228869035
                },
                "metadata": {
                    "trials": 1
                }
            },
            {
                "query": {
                    "x": 0.5444697672344753
                },
                "metrics": {
                    "outcome": -0.8614403104477428
                },
                "metadata": {
                    "trials": 1
                }
            },
            {
                "query": {
                    "x": 0.5536829912109595
                },
                "metrics": {
                    "outcome": -0.8573255915747462
                },
                "metadata": {
                    "trials": 1
                }
            },
            {
                "query": {
                    "x": 0.5574175040493068
                },
                "metrics": {
                    "outcome": -0.8343807912353378
                },
                "metadata": {
                    "trials": 1
                }
            }
        ],
        [
            {
                "query": {
                    "x": 0.5488007250948764
                },
                "metrics": {
                    "outcome": -0.8689858136386018
                },
                "metadata": {
                    "trials": 1
                }
            },
            {
                "query": {
                    "x": 0.5465764028752175
                },
                "metrics": {
                    "outcome": -0.867230626867743
                },
                "metadata": {
                    "trials": 1
                }
            },
            {
                "query": {
                    "x": 0.5509881826283863
                },
                "metrics": {
                    "outcome": -0.8663759793620164
                },
                "metadata": {
                    "trials": 1
                }
            },
            {
                "query": {
                    "x": 0.544408973838008
                },
                "metrics": {
                    "outcome": -0.8612134546090688
                },
                "metadata": {
                    "trials": 1
                }
            },
            {
                "query": {
                    "x": 0.5534583833420673
                },
                "metrics": {
                    "outcome": -0.8583232749699352
                },
                "metadata": {
                    "trials": 1
                }
            },
            {
                "query": {
                    "x": 0.5416803065766226
                },
                "metrics": {
                    "outcome": -0.8475797602175231
                },
                "metadata": {
                    "trials": 1
                }
            }
        ]
    ],
    "best_results": [
        {
            "query": {
                "x": 0.5485752439813916
            },
            "metrics": [
                {
                    "name": "outcome",
                    "value": -0.8690110723540118
                }
            ]
        }
    ]
}