{
    "date": "05/11/2022 12:04:39",
    "basic_params": {
        "active_variables": [
            "x"
        ],
        "default_query": {},
        "metric": "basic",
        "n_trials": 1
    },
    "objective_function": {
        "name": "Gramacy1D",
        "params": {}
    },
    "optimizer": {
        "name": "BBO-LP(LCBa)-FoD",
        "params": {
            "lower_bound": [
                0.5
            ],
            "upper_bound": [
                2.5
            ],
            "invert_metric": false,
            "bopt_params": {
                "n_init_samples": 12,
                "n_iterations": 23,
                "n_iter_relearn": 5,
                "verbose_level": 0,
                "n_parallel_samples": 6,
                "fixed_dataset_size": 50,
                "par_type": "PAR_BBO",
                "crit_name": "cLP(cLCBa)",
                "n_crit_params": 3,
                "crit_params": [
                    6,
                    1,
                    5.0
                ]
            }
        }
    },
    "iterations": [
        [
            {
                "query": {
                    "x": 1.0150581104680896
                },
                "metrics": {
                    "outcome": 0.22442875847461044
                },
                "metadata": {
                    "trials": 1
                }
            }
        ],
        [
            {
                "query": {
                    "x": 0.9588798513092722
                },
                "metrics": {
                    "outcome": -0.5012799220833244
                },
                "metadata": {
                    "trials": 1
                }
            }
        ],
        [
            {
                "query": {
                    "x": 2.03921113780234
                },
                "metrics": {
                    "outcome": 1.3975562268459472
                },
                "metadata": {
                    "trials": 1
                }
            }
        ],
        [
            {
                "query": {
                    "x": 1.9681459621448691
                },
                "metrics": {
                    "outcome": 0.664671828020827
                },
                "metadata": {
                    "trials": 1
                }
            }
        ],
        [
            {
                "query": {
                    "x": 1.2393361297824108
                },
                "metrics": {
                    "outcome": 0.38429376085421124
                },
                "metadata": {
                    "trials": 1
                }
            }
        ],
        [
            {
                "query": {
                    "x": 2.2341873045467464
                },
                "metrics": {
                    "outcome": 2.516938088015948
                },
                "metadata": {
                    "trials": 1
                }
            }
        ],
        [
            {
                "query": {
                    "x": 1.5280771476294224
                },
                "metrics": {
                    "outcome": -0.17485737909504645
                },
                "metadata": {
                    "trials": 1
                }
            }
        ],
        [
            {
                "query": {
                    "x": 1.420888829549464
                },
                "metrics": {
                    "outcome": 0.24608613851426062
                },
                "metadata": {
                    "trials": 1
                }
            }
        ],
        [
            {
                "query": {
                    "x": 0.6222943996156877
                },
                "metrics": {
                    "outcome": 0.5382124870131844
                },
                "metadata": {
                    "trials": 1
                }
            }
        ],
        [
            {
                "query": {
                    "x": 1.8239903468250607
                },
                "metrics": {
                    "outcome": 0.6485771642394663
                },
                "metadata": {
                    "trials": 1
                }
            }
        ],
        [
            {
                "query": {
                    "x": 0.8323087884346023
                },
                "metrics": {
                    "outcome": 0.5111098300389616
                },
                "metadata": {
                    "trials": 1
                }
            }
        ],
        [
            {
                "query": {
                    "x": 2.4274058225176605
                },
                "metrics": {
                    "outcome": 4.307587698181065
                },
                "metadata": {
                    "trials": 1
                }
            }
        ],
        [
            {
                "query": {
                    "x": 0.9400009985495303
                },
                "metrics": {
                    "outcome": -0.5058727852761261
                },
                "metadata": {
                    "trials": 1
                }
            },
            {
                "query": {
                    "x": 0.9112202979322761
                },
                "metrics": {
                    "outcome": -0.18937695309357883
                },
                "metadata": {
                    "trials": 1
                }
            },
            {
                "query": {
                    "x": 0.9714558220689531
                },
                "metrics": {
                    "outcome": -0.4021264355455939
                },
                "metadata": {
                    "trials": 1
                }
            },
            {
                "query": {
                    "x": 1.5326906532813467
                },
                "metrics": {
                    "outcome": -0.19864799356909718
                },
                "metadata": {
                    "trials": 1
                }
            },
            {
                "query": {
                    "x": 1.5813598294655893
                },
                "metrics": {
                    "outcome": -0.060524064327578286
                },
                "metadata": {
                    "trials": 1
                }
            },
            {
                "query": {
                    "x": 1.4785322926526376
                },
                "metrics": {
                    "outcome": 0.2636103191354536
                },
                "metadata": {
                    "trials": 1
                }
            }
        ],
        [
            {
                "query": {
                    "x": 0.5
                },
                "metrics": {
                    "outcome": 0.06250000000000061
                },
                "metadata": {
                    "trials": 1
                }
            },
            {
                "query": {
                    "x": 1.327699568690747
                },
                "metrics": {
                    "outcome": -0.2763580075346995
                },
                "metadata": {
                    "trials": 1
                }
            },
            {
                "query": {
                    "x": 1.7014619056403673
                },
                "metrics": {
                    "outcome": 0.22862040031494357
                },
                "metadata": {
                    "trials": 1
                }
            },
            {
                "query": {
                    "x": 0.7205091249058849
                },
                "metrics": {
                    "outcome": -0.4107209500432441
                },
                "metadata": {
                    "trials": 1
                }
            },
            {
                "query": {
                    "x": 0.9488809556037768
                },
                "metrics": {
                    "outcome": -0.5266040660790495
                },
                "metadata": {
                    "trials": 1
                }
            },
            {
                "query": {
                    "x": 0.9578910502905235
                },
                "metrics": {
                    "outcome": -0.5060192737832957
                },
                "metadata": {
                    "trials": 1
                }
            }
        ],
        [
            {
                "query": {
                    "x": 0.7534853120015452
                },
                "metrics": {
                    "outcome": -0.6559161344680142
                },
                "metadata": {
                    "trials": 1
                }
            },
            {
                "query": {
                    "x": 0.6863735528969404
                },
                "metrics": {
                    "outcome": 0.31208437971753505
                },
                "metadata": {
                    "trials": 1
                }
            },
            {
                "query": {
                    "x": 1.360029895801429
                },
                "metrics": {
                    "outcome": -0.33273685095342526
                },
                "metadata": {
                    "trials": 1
                }
            },
            {
                "query": {
                    "x": 0.9488174215528361
                },
                "metrics": {
                    "outcome": -0.5266012754063885
                },
                "metadata": {
                    "trials": 1
                }
            },
            {
                "query": {
                    "x": 0.9548174695467828
                },
                "metrics": {
                    "outcome": -0.5176702467986665
                },
                "metadata": {
                    "trials": 1
                }
            },
            {
                "query": {
                    "x": 0.9428441375501591
                },
                "metrics": {
                    "outcome": -0.516955428702298
                },
                "metadata": {
                    "trials": 1
                }
            }
        ],
        [
            {
                "query": {
                    "x": 1.1397360086047321
                },
                "metrics": {
                    "outcome": -0.4157067478126046
                },
                "metadata": {
                    "trials": 1
                }
            },
            {
                "query": {
                    "x": 0.7436958510655153
                },
                "metrics": {
                    "outcome": -0.6548599619990285
                },
                "metadata": {
                    "trials": 1
                }
            },
            {
                "query": {
                    "x": 0.7618034097299684
                },
                "metrics": {
                    "outcome": -0.6085084148990313
                },
                "metadata": {
                    "trials": 1
                }
            },
            {
                "query": {
                    "x": 0.5497367859891549
                },
                "metrics": {
                    "outcome": -0.8683928104529635
                },
                "metadata": {
                    "trials": 1
                }
            },
            {
                "query": {
                    "x": 0.7325192019826444
                },
                "metrics": {
                    "outcome": -0.577087894223747
                },
                "metadata": {
                    "trials": 1
                }
            },
            {
                "query": {
                    "x": 0.7779795941155214
                },
                "metrics": {
                    "outcome": -0.4075538340432082
                },
                "metadata": {
                    "trials": 1
                }
            }
        ],
        [
            {
                "query": {
                    "x": 0.5619260381908457
                },
                "metrics": {
                    "outcome": -0.7912420396655754
                },
                "metadata": {
                    "trials": 1
                }
            },
            {
                "query": {
                    "x": 0.539349258586865
                },
                "metrics": {
                    "outcome": -0.8306015429332962
                },
                "metadata": {
                    "trials": 1
                }
            },
            {
                "query": {
                    "x": 1.104895267735503
                },
                "metrics": {
                    "outcome": -0.06919947287964474
                },
                "metadata": {
                    "trials": 1
                }
            },
            {
                "query": {
                    "x": 1.1717658470969305
                },
                "metrics": {
                    "outcome": -0.3299043857359443
                },
                "metadata": {
                    "trials": 1
                }
            },
            {
                "query": {
                    "x": 0.5773877453240481
                },
                "metrics": {
                    "outcome": -0.5328223552984203
                },
                "metadata": {
                    "trials": 1
                }
            },
            {
                "query": {
                    "x": 0.5254449176161956
                },
                "metrics": {
                    "outcome": -0.6314875575201538
                },
                "metadata": {
                    "trials": 1
                }
            }
        ],
        [
            {
                "query": {
                    "x": 0.5479979584947166
                },
                "metrics": {
                    "outcome": -0.868867166446889
                },
                "metadata": {
                    "trials": 1
                }
            },
            {
                "query": {
                    "x": 0.5516435204441749
                },
                "metrics": {
                    "outcome": -0.8647640680593349
                },
                "metadata": {
                    "trials": 1
                }
            },
            {
                "query": {
                    "x": 0.5445483552638385
                },
                "metrics": {
                    "outcome": -0.8617285987408319
                },
                "metadata": {
                    "trials": 1
                }
            },
            {
                "query": {
                    "x": 0.5552185932762761
                },
                "metrics": {
                    "outcome": -0.8493336771976471
                },
                "metadata": {
                    "trials": 1
                }
            },
            {
                "query": {
                    "x": 0.5407151032794816
                },
                "metrics": {
                    "outcome": -0.8411435409634309
                },
                "metadata": {
                    "trials": 1
                }
            },
            {
                "query": {
                    "x": 0.5596555365669933
                },
                "metrics": {
                    "outcome": -0.8150195890287733
                },
                "metadata": {
                    "trials": 1
                }
            }
        ],
        [
            {
                "query": {
                    "x": 0.5484595563110332
                },
                "metrics": {
                    "outcome": -0.8690062787882371
                },
                "metadata": {
                    "trials": 1
                }
            },
            {
                "query": {
                    "x": 0.5511436184461629
                },
                "metrics": {
                    "outcome": -0.8660281145322132
                },
                "metadata": {
                    "trials": 1
                }
            },
            {
                "query": {
                    "x": 0.5457956156010285
                },
                "metrics": {
                    "outcome": -0.8655538425769578
                },
                "metadata": {
                    "trials": 1
                }
            },
            {
                "query": {
                    "x": 0.5537637311174837
                },
                "metrics": {
                    "outcome": -0.8569562245553569
                },
                "metadata": {
                    "trials": 1
                }
            },
            {
                "query": {
                    "x": 0.5430309607911367
                },
                "metrics": {
                    "outcome": -0.8551718387056146
                },
                "metadata": {
                    "trials": 1
                }
            },
            {
                "query": {
                    "x": 1.8969362911017442
                },
                "metrics": {
                    "outcome": 0.6725422456159065
                },
                "metadata": {
                    "trials": 1
                }
            }
        ],
        [
            {
                "query": {
                    "x": 2.049003344012608
                },
                "metrics": {
                    "outcome": 1.4547992709884803
                },
                "metadata": {
                    "trials": 1
                }
            },
            {
                "query": {
                    "x": 2.137622222718334
                },
                "metrics": {
                    "outcome": 1.4584711367262329
                },
                "metadata": {
                    "trials": 1
                }
            },
            {
                "query": {
                    "x": 1.9619397268576022
                },
                "metrics": {
                    "outcome": 0.6191013814819508
                },
                "metadata": {
                    "trials": 1
                }
            },
            {
                "query": {
                    "x": 0.5485156414605349
                },
                "metrics": {
                    "outcome": -0.8690101068713083
                },
                "metadata": {
                    "trials": 1
                }
            },
            {
                "query": {
                    "x": 0.5508989537492003
                },
                "metrics": {
                    "outcome": -0.8665659769731489
                },
                "metadata": {
                    "trials": 1
                }
            },
            {
                "query": {
                    "x": 0.5461406529810237
                },
                "metrics": {
                    "outcome": -0.8663629383966879
                },
                "metadata": {
                    "trials": 1
                }
            }
        ],
        [
            {
                "query": {
                    "x": 1.7887290031272411
                },
                "metrics": {
                    "outcome": 0.2900778399344197
                },
                "metadata": {
                    "trials": 1
                }
            },
            {
                "query": {
                    "x": 1.25213488044899
                },
                "metrics": {
                    "outcome": 0.4024616157010334
                },
                "metadata": {
                    "trials": 1
                }
            },
            {
                "query": {
                    "x": 2.2535215891963203
                },
                "metrics": {
                    "outcome": 2.6895536266185447
                },
                "metadata": {
                    "trials": 1
                }
            },
            {
                "query": {
                    "x": 1.6451542616592996
                },
                "metrics": {
                    "outcome": 0.4736503934775266
                },
                "metadata": {
                    "trials": 1
                }
            },
            {
                "query": {
                    "x": 0.5485295515089921
                },
                "metrics": {
                    "outcome": -0.8690106181640324
                },
                "metadata": {
                    "trials": 1
                }
            },
            {
                "query": {
                    "x": 0.5507496640238667
                },
                "metrics": {
                    "outcome": -0.8668680351318736
                },
                "metadata": {
                    "trials": 1
                }
            }
        ],
        [
            {
                "query": {
                    "x": 2.5
                },
                "metrics": {
                    "outcome": 5.0625
                },
                "metadata": {
                    "trials": 1
                }
            },
            {
                "query": {
                    "x": 2.3929094329634992
                },
                "metrics": {
                    "outcome": 3.718202002902416
                },
                "metadata": {
                    "trials": 1
                }
            },
            {
                "query": {
                    "x": 0.8664104323959331
                },
                "metrics": {
                    "outcome": 0.5024028256290932
                },
                "metadata": {
                    "trials": 1
                }
            },
            {
                "query": {
                    "x": 1.4150787287817521
                },
                "metrics": {
                    "outcome": 0.1908738902576698
                },
                "metadata": {
                    "trials": 1
                }
            },
            {
                "query": {
                    "x": 1.5338727891463748
                },
                "metrics": {
                    "outcome": -0.20378531697371913
                },
                "metadata": {
                    "trials": 1
                }
            },
            {
                "query": {
                    "x": 1.0291812885374925
                },
                "metrics": {
                    "outcome": 0.38556588543876874
                },
                "metadata": {
                    "trials": 1
                }
            }
        ],
        [
            {
                "query": {
                    "x": 1.7209495212463601
                },
                "metrics": {
                    "outcome": 0.09245092712946648
                },
                "metadata": {
                    "trials": 1
                }
            },
            {
                "query": {
                    "x": 1.581699089583551
                },
                "metrics": {
                    "outcome": -0.05740199336459492
                },
                "metadata": {
                    "trials": 1
                }
            },
            {
                "query": {
                    "x": 1.4841714773307098
                },
                "metrics": {
                    "outcome": 0.21565813858137653
                },
                "metadata": {
                    "trials": 1
                }
            },
            {
                "query": {
                    "x": 1.3167798152766679
                },
                "metrics": {
                    "outcome": -0.18095481268754693
                },
                "metadata": {
                    "trials": 1
                }
            },
            {
                "query": {
                    "x": 0.5484779329284721
                },
                "metrics": {
                    "outcome": -0.8690078449318909
                },
                "metadata": {
                    "trials": 1
                }
            },
            {
                "query": {
                    "x": 0.5512715484279611
                },
                "metrics": {
                    "outcome": -0.8657257197987979
                },
                "metadata": {
                    "trials": 1
                }
            }
        ],
        [
            {
                "query": {
                    "x": 1.3608155701368
                },
                "metrics": {
                    "outcome": -0.32947117754836047
                },
                "metadata": {
                    "trials": 1
                }
            },
            {
                "query": {
                    "x": 0.6631259380097176
                },
                "metrics": {
                    "outcome": 0.7036796674902274
                },
                "metadata": {
                    "trials": 1
                }
            },
            {
                "query": {
                    "x": 0.547639636213358
                },
                "metrics": {
                    "outcome": -0.868626738934579
                },
                "metadata": {
                    "trials": 1
                }
            },
            {
                "query": {
                    "x": 0.5504505809768367
                },
                "metrics": {
                    "outcome": -0.867413493168878
                },
                "metadata": {
                    "trials": 1
                }
            },
            {
                "query": {
                    "x": 0.5448431582641123
                },
                "metrics": {
                    "outcome": -0.8627600977249372
                },
                "metadata": {
                    "trials": 1
                }
            },
            {
                "query": {
                    "x": 0.553065573525407
                },
                "metrics": {
                    "outcome": -0.859962325580461
                },
                "metadata": {
                    "trials": 1
                }
            }
        ],
        [
            {
                "query": {
                    "x": 0.949106694926379
                },
                "metrics": {
                    "outcome": -0.5265970107930904
                },
                "metadata": {
                    "trials": 1
                }
            },
            {
                "query": {
                    "x": 0.7526175039921499
                },
                "metrics": {
                    "outcome": -0.6583579891772099
                },
                "metadata": {
                    "trials": 1
                }
            },
            {
                "query": {
                    "x": 0.5485131747611028
                },
                "metrics": {
                    "outcome": -0.8690099980255546
                },
                "metadata": {
                    "trials": 1
                }
            },
            {
                "query": {
                    "x": 0.551013252513601
                },
                "metrics": {
                    "outcome": -0.8663213242862439
                },
                "metadata": {
                    "trials": 1
                }
            },
            {
                "query": {
                    "x": 0.5460167691911159
                },
                "metrics": {
                    "outcome": -0.8660848519110443
                },
                "metadata": {
                    "trials": 1
                }
            },
            {
                "query": {
                    "x": 1.1421634117456287
                },
                "metrics": {
                    "outcome": -0.4241573618223657
                },
                "metadata": {
                    "trials": 1
                }
            }
        ],
        [
            {
                "query": {
                    "x": 0.7939384089877518
                },
                "metrics": {
                    "outcome": -0.11740125801487518
                },
                "metadata": {
                    "trials": 1
                }
            },
            {
                "query": {
                    "x": 1.1843800483795255
                },
                "metrics": {
                    "outcome": -0.19779091030855994
                },
                "metadata": {
                    "trials": 1
                }
            },
            {
                "query": {
                    "x": 1.0971944776856968
                },
                "metrics": {
                    "outcome": 0.040202464195690735
                },
                "metadata": {
                    "trials": 1
                }
            },
            {
                "query": {
                    "x": 0.7221471589831028
                },
                "metrics": {
                    "outcome": -0.4378408823435608
                },
                "metadata": {
                    "trials": 1
                }
            },
            {
                "query": {
                    "x": 0.9784474293120151
                },
                "metrics": {
                    "outcome": -0.3201655435028364
                },
                "metadata": {
                    "trials": 1
                }
            },
            {
                "query": {
                    "x": 0.9173078749991959
                },
                "metrics": {
                    "outcome": -0.28194293151685434
                },
                "metadata": {
                    "trials": 1
                }
            }
        ],
        [
            {
                "query": {
                    "x": 0.5000000000000075
                },
                "metrics": {
                    "outcome": 0.062499999999758804
                },
                "metadata": {
                    "trials": 1
                }
            },
            {
                "query": {
                    "x": 0.5581022276479606
                },
                "metrics": {
                    "outcome": -0.8288952772673834
                },
                "metadata": {
                    "trials": 1
                }
            },
            {
                "query": {
                    "x": 0.5640344768866212
                },
                "metrics": {
                    "outcome": -0.7655682644063762
                },
                "metadata": {
                    "trials": 1
                }
            },
            {
                "query": {
                    "x": 0.7414354926427081
                },
                "metrics": {
                    "outcome": -0.6456345473021673
                },
                "metadata": {
                    "trials": 1
                }
            },
            {
                "query": {
                    "x": 0.5772464809564428
                },
                "metrics": {
                    "outcome": -0.5358265417493419
                },
                "metadata": {
                    "trials": 1
                }
            },
            {
                "query": {
                    "x": 0.7665748224902309
                },
                "metrics": {
                    "outcome": -0.5628366198157931
                },
                "metadata": {
                    "trials": 1
                }
            }
        ],
        [
            {
                "query": {
                    "x": 0.5484243898689138
                },
                "metrics": {
                    "outcome": -0.8690024342634187
                },
                "metadata": {
                    "trials": 1
                }
            },
            {
                "query": {
                    "x": 0.5507003005259775
                },
                "metrics": {
                    "outcome": -0.8669635506703751
                },
                "metadata": {
                    "trials": 1
                }
            },
            {
                "query": {
                    "x": 0.5461740041568128
                },
                "metrics": {
                    "outcome": -0.8664354272053159
                },
                "metadata": {
                    "trials": 1
                }
            },
            {
                "query": {
                    "x": 0.5529484401080629
                },
                "metrics": {
                    "outcome": -0.8604249753369404
                },
                "metadata": {
                    "trials": 1
                }
            },
            {
                "query": {
                    "x": 0.5437331530192948
                },
                "metrics": {
                    "outcome": -0.8584657126521992
                },
                "metadata": {
                    "trials": 1
                }
            },
            {
                "query": {
                    "x": 0.5405040271657525
                },
                "metrics": {
                    "outcome": -0.839624027987272
                },
                "metadata": {
                    "trials": 1
                }
            }
        ],
        [
            {
                "query": {
                    "x": 1.9907884389892119
                },
                "metrics": {
                    "outcome": 0.8919878038535
                },
                "metadata": {
                    "trials": 1
                }
            },
            {
                "query": {
                    "x": 2.1062361128930758
                },
                "metrics": {
                    "outcome": 1.4513735027005183
                },
                "metadata": {
                    "trials": 1
                }
            },
            {
                "query": {
                    "x": 1.8847038338020787
                },
                "metrics": {
                    "outcome": 0.7352555628615345
                },
                "metadata": {
                    "trials": 1
                }
            },
            {
                "query": {
                    "x": 0.5485002046445713
                },
                "metrics": {
                    "outcome": -0.8690093356105991
                },
                "metadata": {
                    "trials": 1
                }
            },
            {
                "query": {
                    "x": 0.5506739394127413
                },
                "metrics": {
                    "outcome": -0.8670136696165933
                },
                "metadata": {
                    "trials": 1
                }
            },
            {
                "query": {
                    "x": 0.5463295680510849
                },
                "metrics": {
                    "outcome": -0.8667602333579992
                },
                "metadata": {
                    "trials": 1
                }
            }
        ],
        [
            {
                "query": {
                    "x": 2.2369053613193834
                },
                "metrics": {
                    "outcome": 2.5455752266495675
                },
                "metadata": {
                    "trials": 1
                }
            },
            {
                "query": {
                    "x": 1.7960642401617795
                },
                "metrics": {
                    "outcome": 0.3672652438971167
                },
                "metadata": {
                    "trials": 1
                }
            },
            {
                "query": {
                    "x": 1.6574686642099279
                },
                "metrics": {
                    "outcome": 0.48025205824546846
                },
                "metadata": {
                    "trials": 1
                }
            },
            {
                "query": {
                    "x": 1.2515281223481436
                },
                "metrics": {
                    "outcome": 0.40305394435338754
                },
                "metadata": {
                    "trials": 1
                }
            },
            {
                "query": {
                    "x": 0.5485015237248003
                },
                "metrics": {
                    "outcome": -0.8690094098949742
                },
                "metadata": {
                    "trials": 1
                }
            },
            {
                "query": {
                    "x": 0.5506232209107558
                },
                "metrics": {
                    "outcome": -0.8671083578324291
                },
                "metadata": {
                    "trials": 1
                }
            }
        ],
        [
            {
                "query": {
                    "x": 2.5
                },
                "metrics": {
                    "outcome": 5.0625
                },
                "metadata": {
                    "trials": 1
                }
            },
            {
                "query": {
                    "x": 2.3836187616683313
                },
                "metrics": {
                    "outcome": 3.5616813323683867
                },
                "metadata": {
                    "trials": 1
                }
            },
            {
                "query": {
                    "x": 1.4137789615215612
                },
                "metrics": {
                    "outcome": 0.1776701339107078
                },
                "metadata": {
                    "trials": 1
                }
            },
            {
                "query": {
                    "x": 0.5485007687778354
                },
                "metrics": {
                    "outcome": -0.8690093675715739
                },
                "metadata": {
                    "trials": 1
                }
            },
            {
                "query": {
                    "x": 0.5506257454895486
                },
                "metrics": {
                    "outcome": -0.8671036987691771
                },
                "metadata": {
                    "trials": 1
                }
            },
            {
                "query": {
                    "x": 0.5463786990214323
                },
                "metrics": {
                    "outcome": -0.8668582604498287
                },
                "metadata": {
                    "trials": 1
                }
            }
        ],
        [
            {
                "query": {
                    "x": 1.542939958305506
                },
                "metrics": {
                    "outcome": -0.2292209537682504
                },
                "metadata": {
                    "trials": 1
                }
            },
            {
                "query": {
                    "x": 1.7256740301507534
                },
                "metrics": {
                    "outcome": 0.06813997117764928
                },
                "metadata": {
                    "trials": 1
                }
            },
            {
                "query": {
                    "x": 1.3161521017179894
                },
                "metrics": {
                    "outcome": -0.17461418711599036
                },
                "metadata": {
                    "trials": 1
                }
            },
            {
                "query": {
                    "x": 1.033954947474729
                },
                "metrics": {
                    "outcome": 0.42343561260119755
                },
                "metadata": {
                    "trials": 1
                }
            },
            {
                "query": {
                    "x": 1.4680650903661774
                },
                "metrics": {
                    "outcome": 0.33518930817034476
                },
                "metadata": {
                    "trials": 1
                }
            },
            {
                "query": {
                    "x": 0.548515385642478
                },
                "metrics": {
                    "outcome": -0.8690100958375614
                },
                "metadata": {
                    "trials": 1
                }
            }
        ],
        [
            {
                "query": {
                    "x": 1.5901900907912407
                },
                "metrics": {
                    "outcome": 0.025953853187762915
                },
                "metadata": {
                    "trials": 1
                }
            },
            {
                "query": {
                    "x": 1.3602009240853477
                },
                "metrics": {
                    "outcome": -0.3320438129690205
                },
                "metadata": {
                    "trials": 1
                }
            },
            {
                "query": {
                    "x": 0.6540891709022907
                },
                "metrics": {
                    "outcome": 0.7724398560654604
                },
                "metadata": {
                    "trials": 1
                }
            },
            {
                "query": {
                    "x": 0.5484531757540824
                },
                "metrics": {
                    "outcome": -0.8690056639118822
                },
                "metadata": {
                    "trials": 1
                }
            },
            {
                "query": {
                    "x": 0.5463486818839844
                },
                "metrics": {
                    "outcome": -0.8667986294822689
                },
                "metadata": {
                    "trials": 1
                }
            },
            {
                "query": {
                    "x": 0.5505581081947547
                },
                "metrics": {
                    "outcome": -0.8672265610889662
                },
                "metadata": {
                    "trials": 1
                }
            }
        ],
        [
            {
                "query": {
                    "x": 0.8675362384164427
                },
                "metrics": {
                    "outcome": 0.4913794555292668
                },
                "metadata": {
                    "trials": 1
                }
            },
            {
                "query": {
                    "x": 0.9485557758516725
                },
                "metrics": {
                    "outcome": -0.5265676630550897
                },
                "metadata": {
                    "trials": 1
                }
            },
            {
                "query": {
                    "x": 0.5485603368771262
                },
                "metrics": {
                    "outcome": -0.8690111306447003
                },
                "metadata": {
                    "trials": 1
                }
            },
            {
                "query": {
                    "x": 0.5506575787328717
                },
                "metrics": {
                    "outcome": -0.8670444641918011
                },
                "metadata": {
                    "trials": 1
                }
            },
            {
                "query": {
                    "x": 0.546467619304557
                },
                "metrics": {
                    "outcome": -0.8670301173186663
                },
                "metadata": {
                    "trials": 1
                }
            },
            {
                "query": {
                    "x": 0.5528738957229807
                },
                "metrics": {
                    "outcome": -0.8607131533388493
                },
                "metadata": {
                    "trials": 1
                }
            }
        ],
        [
            {
                "query": {
                    "x": 1.1460200562126497
                },
                "metrics": {
                    "outcome": -0.432431988704478
                },
                "metadata": {
                    "trials": 1
                }
            },
            {
                "query": {
                    "x": 0.548527048862645
                },
                "metrics": {
                    "outcome": -0.8690105390197949
                },
                "metadata": {
                    "trials": 1
                }
            },
            {
                "query": {
                    "x": 0.5464868821032944
                },
                "metrics": {
                    "outcome": -0.8670664031235195
                },
                "metadata": {
                    "trials": 1
                }
            },
            {
                "query": {
                    "x": 0.5505636061394403
                },
                "metrics": {
                    "outcome": -0.8672167262840099
                },
                "metadata": {
                    "trials": 1
                }
            },
            {
                "query": {
                    "x": 0.552651824178871
                },
                "metrics": {
                    "outcome": -0.8615427818195971
                },
                "metadata": {
                    "trials": 1
                }
            },
            {
                "query": {
                    "x": 0.5443085813406657
                },
                "metrics": {
                    "outcome": -0.8608314894554396
                },
                "metadata": {
                    "trials": 1
                }
            }
        ]
    ],
    "best_results": [
        {
            "query": {
                "x": 0.5485603368771262
            },
            "metrics": [
                {
                    "name": "outcome",
                    "value": -0.8690111306447003
                }
            ]
        }
    ]
}