{
    "date": "09/11/2022 18:32:00",
    "basic_params": {
        "active_variables": [
            "x1",
            "x2"
        ],
        "default_query": {},
        "metric": "basic",
        "n_trials": 1
    },
    "objective_function": {
        "name": "McCormick",
        "params": {}
    },
    "optimizer": {
        "name": "BO-MCMC-250",
        "params": {
            "lower_bound": [
                -1.5,
                -3.0
            ],
            "upper_bound": [
                4.0,
                4.0
            ],
            "invert_metric": false,
            "bopt_params": {
                "n_init_samples": 15,
                "n_iterations": 45,
                "n_iter_relearn": 5,
                "verbose_level": 0,
                "n_parallel_samples": 3,
                "par_type": "PAR_MCMC",
                "l_type": "L_MCMC",
                "burnout_mcmc_parallel": 250,
                "crit_name": "cEI"
            }
        }
    },
    "execution_time": 41.807175159454346,
    "best_results": [
        {
            "query": {
                "x1": -0.5474837097604726,
                "x2": -1.5477907886666178
            },
            "metrics": [
                {
                    "name": "outcome",
                    "value": -1.9132225258753652
                }
            ]
        }
    ],
    "iterations": [
        [
            {
                "query": {
                    "x1": 0.9992510356474669,
                    "x2": -0.24582691195731332
                },
                "metrics": {
                    "outcome": 1.120915414589666
                },
                "metadata": {
                    "trials": 1
                }
            }
        ],
        [
            {
                "query": {
                    "x1": 1.4938134302385153,
                    "x2": 1.7651405620543912
                },
                "metrics": {
                    "outcome": 3.1286575643812986
                },
                "metadata": {
                    "trials": 1
                }
            }
        ],
        [
            {
                "query": {
                    "x1": -0.7774731842956195,
                    "x2": 0.8908092710344744
                },
                "metrics": {
                    "outcome": 7.289492912348803
                },
                "metadata": {
                    "trials": 1
                }
            }
        ],
        [
            {
                "query": {
                    "x1": 2.788978139582711,
                    "x2": -0.8563370414388674
                },
                "metrics": {
                    "outcome": 8.899258322136317
                },
                "metadata": {
                    "trials": 1
                }
            }
        ],
        [
            {
                "query": {
                    "x1": 3.9143803761263065,
                    "x2": 2.3638896167123065
                },
                "metrics": {
                    "outcome": 3.437259778071102
                },
                "metadata": {
                    "trials": 1
                }
            }
        ],
        [
            {
                "query": {
                    "x1": -1.3453679726071035,
                    "x2": 3.057760053422923
                },
                "metrics": {
                    "outcome": 31.039980565141864
                },
                "metadata": {
                    "trials": 1
                }
            }
        ],
        [
            {
                "query": {
                    "x1": 2.956960175791755,
                    "x2": -2.377364473044872
                },
                "metrics": {
                    "outcome": 19.623853725346617
                },
                "metadata": {
                    "trials": 1
                }
            }
        ],
        [
            {
                "query": {
                    "x1": -0.30078463935448463,
                    "x2": -1.3480692548211664
                },
                "metrics": {
                    "outcome": -1.8191461668533249
                },
                "metadata": {
                    "trials": 1
                }
            }
        ],
        [
            {
                "query": {
                    "x1": 3.3456243491265925,
                    "x2": -2.9136006026528776
                },
                "metrics": {
                    "outcome": 28.29416843040356
                },
                "metadata": {
                    "trials": 1
                }
            }
        ],
        [
            {
                "query": {
                    "x1": 1.854728801928771,
                    "x2": 3.3299982305150477
                },
                "metrics": {
                    "outcome": 7.828815279740088
                },
                "metadata": {
                    "trials": 1
                }
            }
        ],
        [
            {
                "query": {
                    "x1": 1.2192655611705656,
                    "x2": -1.8310398363042621
                },
                "metrics": {
                    "outcome": 3.323544246621773
                },
                "metadata": {
                    "trials": 1
                }
            }
        ],
        [
            {
                "query": {
                    "x1": 0.5339132231582577,
                    "x2": 0.406272132166972
                },
                "metrics": {
                    "outcome": 2.0387701506726996
                },
                "metadata": {
                    "trials": 1
                }
            }
        ],
        [
            {
                "query": {
                    "x1": -0.7219655269213642,
                    "x2": 1.4143249385524541
                },
                "metrics": {
                    "outcome": 10.820852685245228
                },
                "metadata": {
                    "trials": 1
                }
            }
        ],
        [
            {
                "query": {
                    "x1": 0.3035193883425866,
                    "x2": 3.696870517606536
                },
                "metrics": {
                    "outcome": 20.544671800668603
                },
                "metadata": {
                    "trials": 1
                }
            }
        ],
        [
            {
                "query": {
                    "x1": 2.510602171362067,
                    "x2": -0.04500625186289353
                },
                "metrics": {
                    "outcome": 4.2783906895787585
                },
                "metadata": {
                    "trials": 1
                }
            }
        ],
        [
            {
                "query": {
                    "x1": -0.5430048339931226,
                    "x2": -0.9068327258622606
                },
                "metrics": {
                    "outcome": -1.3128972322171584
                },
                "metadata": {
                    "trials": 1
                }
            },
            {
                "query": {
                    "x1": -1.0035454682315796,
                    "x2": -1.4152154240548094
                },
                "metrics": {
                    "outcome": -1.5247591650009102
                },
                "metadata": {
                    "trials": 1
                }
            },
            {
                "query": {
                    "x1": -1.0731467758185727,
                    "x2": -2.0833271055965357
                },
                "metrics": {
                    "outcome": -1.5632526230054218
                },
                "metadata": {
                    "trials": 1
                }
            }
        ],
        [
            {
                "query": {
                    "x1": -0.5170360285990936,
                    "x2": -1.524376164854873
                },
                "metrics": {
                    "outcome": -1.9119414206939362
                },
                "metadata": {
                    "trials": 1
                }
            },
            {
                "query": {
                    "x1": -0.5041577447978933,
                    "x2": -1.56320882948177
                },
                "metrics": {
                    "outcome": -1.909417964565479
                },
                "metadata": {
                    "trials": 1
                }
            },
            {
                "query": {
                    "x1": -0.7053097002481762,
                    "x2": -1.4921096000293046
                },
                "metrics": {
                    "outcome": -1.8632678219131873
                },
                "metadata": {
                    "trials": 1
                }
            }
        ],
        [
            {
                "query": {
                    "x1": -0.6396320833011158,
                    "x2": -1.6153377717069248
                },
                "metrics": {
                    "outcome": -1.9018363828692961
                },
                "metadata": {
                    "trials": 1
                }
            },
            {
                "query": {
                    "x1": -1.4311271206268148,
                    "x2": -2.9566498307794657
                },
                "metrics": {
                    "outcome": -0.9699398191703033
                },
                "metadata": {
                    "trials": 1
                }
            },
            {
                "query": {
                    "x1": -0.6009149253188856,
                    "x2": -1.7830181839067323
                },
                "metrics": {
                    "outcome": -1.8460280710945778
                },
                "metadata": {
                    "trials": 1
                }
            }
        ],
        [
            {
                "query": {
                    "x1": -0.43647749419746384,
                    "x2": -2.1909073651405055
                },
                "metrics": {
                    "outcome": -1.2363732431539223
                },
                "metadata": {
                    "trials": 1
                }
            },
            {
                "query": {
                    "x1": -0.42262800338300766,
                    "x2": -2.957620686541679
                },
                "metrics": {
                    "outcome": 0.9024751615899334
                },
                "metadata": {
                    "trials": 1
                }
            },
            {
                "query": {
                    "x1": -0.955486555487902,
                    "x2": -2.287383088635782
                },
                "metrics": {
                    "outcome": -1.410175567543928
                },
                "metadata": {
                    "trials": 1
                }
            }
        ],
        [
            {
                "query": {
                    "x1": -0.5449717818647314,
                    "x2": -1.3366980825758346
                },
                "metrics": {
                    "outcome": -1.849523724773713
                },
                "metadata": {
                    "trials": 1
                }
            },
            {
                "query": {
                    "x1": -0.5633537676303856,
                    "x2": -1.5494435653998333
                },
                "metrics": {
                    "outcome": -1.9128833483709498
                },
                "metadata": {
                    "trials": 1
                }
            },
            {
                "query": {
                    "x1": -0.5411048590688868,
                    "x2": -1.54607138920322
                },
                "metrics": {
                    "outcome": -1.9131756922134882
                },
                "metadata": {
                    "trials": 1
                }
            }
        ],
        [
            {
                "query": {
                    "x1": -0.5742219773508213,
                    "x2": -1.5319660210039168
                },
                "metrics": {
                    "outcome": -1.911377306389808
                },
                "metadata": {
                    "trials": 1
                }
            },
            {
                "query": {
                    "x1": -0.5698276392405759,
                    "x2": -1.598132755247544
                },
                "metrics": {
                    "outcome": -1.9101125993636652
                },
                "metadata": {
                    "trials": 1
                }
            },
            {
                "query": {
                    "x1": -0.4855921239591059,
                    "x2": -1.4668587535135191
                },
                "metrics": {
                    "outcome": -1.903924157583479
                },
                "metadata": {
                    "trials": 1
                }
            }
        ],
        [
            {
                "query": {
                    "x1": -0.5741092434705746,
                    "x2": -1.5655926571881407
                },
                "metrics": {
                    "outcome": -1.9122694763486656
                },
                "metadata": {
                    "trials": 1
                }
            },
            {
                "query": {
                    "x1": -0.017881496476289227,
                    "x2": -1.0498056326270857
                },
                "metrics": {
                    "outcome": -1.4089121077565911
                },
                "metadata": {
                    "trials": 1
                }
            },
            {
                "query": {
                    "x1": 0.07287627050661238,
                    "x2": -1.0506099838539633
                },
                "metrics": {
                    "outcome": -1.3028508677280297
                },
                "metadata": {
                    "trials": 1
                }
            }
        ],
        [
            {
                "query": {
                    "x1": -0.550589879016752,
                    "x2": -1.5511439687411315
                },
                "metrics": {
                    "outcome": -1.9131993601626482
                },
                "metadata": {
                    "trials": 1
                }
            },
            {
                "query": {
                    "x1": -0.557117679771338,
                    "x2": -1.5636610237769868
                },
                "metrics": {
                    "outcome": -1.912880269796419
                },
                "metadata": {
                    "trials": 1
                }
            },
            {
                "query": {
                    "x1": -0.5317756987855076,
                    "x2": -1.5430107353282447
                },
                "metrics": {
                    "outcome": -1.9129296126591302
                },
                "metadata": {
                    "trials": 1
                }
            }
        ],
        [
            {
                "query": {
                    "x1": -0.951415694370788,
                    "x2": -1.7436660436148734
                },
                "metrics": {
                    "outcome": -1.7362021085857262
                },
                "metadata": {
                    "trials": 1
                }
            },
            {
                "query": {
                    "x1": -1.4566542561570612,
                    "x2": -2.303899267184138
                },
                "metrics": {
                    "outcome": -1.276753553746408
                },
                "metadata": {
                    "trials": 1
                }
            },
            {
                "query": {
                    "x1": -0.5442102369617644,
                    "x2": -1.5443418670334654
                },
                "metrics": {
                    "outcome": -1.9132081377464498
                },
                "metadata": {
                    "trials": 1
                }
            }
        ],
        [
            {
                "query": {
                    "x1": -0.5428353553579646,
                    "x2": -1.5492877595257506
                },
                "metrics": {
                    "outcome": -1.9131790853050714
                },
                "metadata": {
                    "trials": 1
                }
            },
            {
                "query": {
                    "x1": -0.5436640002425104,
                    "x2": -1.5127531721606164
                },
                "metrics": {
                    "outcome": -1.9116384421248425
                },
                "metadata": {
                    "trials": 1
                }
            },
            {
                "query": {
                    "x1": -0.5694842435738363,
                    "x2": -1.5613873846053503
                },
                "metrics": {
                    "outcome": -1.9125853645197775
                },
                "metadata": {
                    "trials": 1
                }
            }
        ],
        [
            {
                "query": {
                    "x1": -0.5496929828703976,
                    "x2": -1.548437642642643
                },
                "metrics": {
                    "outcome": -1.9132153411359805
                },
                "metadata": {
                    "trials": 1
                }
            },
            {
                "query": {
                    "x1": -0.542794703228954,
                    "x2": -1.5370136942525643
                },
                "metrics": {
                    "outcome": -1.9130971449544196
                },
                "metadata": {
                    "trials": 1
                }
            },
            {
                "query": {
                    "x1": -0.5239117564861099,
                    "x2": -1.528882184348885
                },
                "metrics": {
                    "outcome": -1.912442962333547
                },
                "metadata": {
                    "trials": 1
                }
            }
        ],
        [
            {
                "query": {
                    "x1": -0.5433370168205787,
                    "x2": -1.5470851497237206
                },
                "metrics": {
                    "outcome": -1.9132020664965346
                },
                "metadata": {
                    "trials": 1
                }
            },
            {
                "query": {
                    "x1": -0.5503288566395956,
                    "x2": -1.5336944137751116
                },
                "metrics": {
                    "outcome": -1.912899576433146
                },
                "metadata": {
                    "trials": 1
                }
            },
            {
                "query": {
                    "x1": -0.5595828762804652,
                    "x2": -1.5532026047733454
                },
                "metrics": {
                    "outcome": -1.9130363220409126
                },
                "metadata": {
                    "trials": 1
                }
            }
        ],
        [
            {
                "query": {
                    "x1": -0.5567312788736694,
                    "x2": -1.5436597776245369
                },
                "metrics": {
                    "outcome": -1.9130365414050798
                },
                "metadata": {
                    "trials": 1
                }
            },
            {
                "query": {
                    "x1": -0.5437717560749187,
                    "x2": -1.5393934843167494
                },
                "metrics": {
                    "outcome": -1.913149061130278
                },
                "metadata": {
                    "trials": 1
                }
            },
            {
                "query": {
                    "x1": -0.5601135932204973,
                    "x2": -1.5512733676684258
                },
                "metrics": {
                    "outcome": -1.9130201963872473
                },
                "metadata": {
                    "trials": 1
                }
            }
        ],
        [
            {
                "query": {
                    "x1": -0.5627898676462191,
                    "x2": -1.552637078047505
                },
                "metrics": {
                    "outcome": -1.9129291199937324
                },
                "metadata": {
                    "trials": 1
                }
            },
            {
                "query": {
                    "x1": -0.5508789993652301,
                    "x2": -1.5476645518321235
                },
                "metrics": {
                    "outcome": -1.9132051762809192
                },
                "metadata": {
                    "trials": 1
                }
            },
            {
                "query": {
                    "x1": -0.5412890281757752,
                    "x2": -1.5375548837069637
                },
                "metrics": {
                    "outcome": -1.913103980265923
                },
                "metadata": {
                    "trials": 1
                }
            }
        ],
        [
            {
                "query": {
                    "x1": -0.5480009499249027,
                    "x2": -1.546841520584543
                },
                "metrics": {
                    "outcome": -1.9132215240497077
                },
                "metadata": {
                    "trials": 1
                }
            },
            {
                "query": {
                    "x1": -0.5587115571471389,
                    "x2": -1.5433288377725873
                },
                "metrics": {
                    "outcome": -1.912961054480128
                },
                "metadata": {
                    "trials": 1
                }
            },
            {
                "query": {
                    "x1": -0.5411303980327355,
                    "x2": -1.5445032358544868
                },
                "metrics": {
                    "outcome": -1.9131782836151907
                },
                "metadata": {
                    "trials": 1
                }
            }
        ],
        [
            {
                "query": {
                    "x1": -0.5365528901253881,
                    "x2": -1.5688295354871613
                },
                "metrics": {
                    "outcome": -1.9121290103601138
                },
                "metadata": {
                    "trials": 1
                }
            },
            {
                "query": {
                    "x1": -0.5328285259135778,
                    "x2": -1.5450985719427381
                },
                "metrics": {
                    "outcome": -1.912954600485329
                },
                "metadata": {
                    "trials": 1
                }
            },
            {
                "query": {
                    "x1": -0.5513862521073556,
                    "x2": -1.553544531024887
                },
                "metrics": {
                    "outcome": -1.913170330056618
                },
                "metadata": {
                    "trials": 1
                }
            }
        ],
        [
            {
                "query": {
                    "x1": -0.5386954230223612,
                    "x2": -1.530647281805555
                },
                "metrics": {
                    "outcome": -1.9128851178031083
                },
                "metadata": {
                    "trials": 1
                }
            },
            {
                "query": {
                    "x1": -0.5399784288370771,
                    "x2": -1.530071000195747
                },
                "metrics": {
                    "outcome": -1.912866956310618
                },
                "metadata": {
                    "trials": 1
                }
            },
            {
                "query": {
                    "x1": -0.5448273346277416,
                    "x2": -1.530747450172606
                },
                "metrics": {
                    "outcome": -1.91287078586738
                },
                "metadata": {
                    "trials": 1
                }
            }
        ],
        [
            {
                "query": {
                    "x1": -0.5541673996467745,
                    "x2": -1.5536814500171912
                },
                "metrics": {
                    "outcome": -1.9131445462106758
                },
                "metadata": {
                    "trials": 1
                }
            },
            {
                "query": {
                    "x1": -0.5523876609857933,
                    "x2": -1.5540000934308396
                },
                "metrics": {
                    "outcome": -1.9131582220336192
                },
                "metadata": {
                    "trials": 1
                }
            },
            {
                "query": {
                    "x1": -0.5474960952302729,
                    "x2": -1.5573806778142636
                },
                "metrics": {
                    "outcome": -1.9130777732854258
                },
                "metadata": {
                    "trials": 1
                }
            }
        ],
        [
            {
                "query": {
                    "x1": -0.5410776988289749,
                    "x2": -1.5535053422233973
                },
                "metrics": {
                    "outcome": -1.9130684933668354
                },
                "metadata": {
                    "trials": 1
                }
            },
            {
                "query": {
                    "x1": -0.5490670383852795,
                    "x2": -1.5490608997452353
                },
                "metrics": {
                    "outcome": -1.9132169256587077
                },
                "metadata": {
                    "trials": 1
                }
            },
            {
                "query": {
                    "x1": -0.1830390751546893,
                    "x2": -1.6193555767798267
                },
                "metrics": {
                    "outcome": -1.684126005645366
                },
                "metadata": {
                    "trials": 1
                }
            }
        ],
        [
            {
                "query": {
                    "x1": -0.5395069086626681,
                    "x2": -1.54670689996765
                },
                "metrics": {
                    "outcome": -1.9131420865494917
                },
                "metadata": {
                    "trials": 1
                }
            },
            {
                "query": {
                    "x1": -0.555984110965375,
                    "x2": -1.5520289159113527
                },
                "metrics": {
                    "outcome": -1.9131272218213384
                },
                "metadata": {
                    "trials": 1
                }
            },
            {
                "query": {
                    "x1": -0.5542407226095392,
                    "x2": -1.5525892570255069
                },
                "metrics": {
                    "outcome": -1.9131534336372282
                },
                "metadata": {
                    "trials": 1
                }
            }
        ],
        [
            {
                "query": {
                    "x1": -0.5545268081538708,
                    "x2": -1.5656227686392599
                },
                "metrics": {
                    "outcome": -1.9128140597603007
                },
                "metadata": {
                    "trials": 1
                }
            },
            {
                "query": {
                    "x1": -0.5396073629137172,
                    "x2": -1.552314837711765
                },
                "metrics": {
                    "outcome": -1.9130588258284833
                },
                "metadata": {
                    "trials": 1
                }
            },
            {
                "query": {
                    "x1": -0.5450056676475254,
                    "x2": -1.561456429050782
                },
                "metrics": {
                    "outcome": -1.9128894226218227
                },
                "metadata": {
                    "trials": 1
                }
            }
        ],
        [
            {
                "query": {
                    "x1": -0.5512512817441123,
                    "x2": -1.5389792144209808
                },
                "metrics": {
                    "outcome": -1.9130648351877868
                },
                "metadata": {
                    "trials": 1
                }
            },
            {
                "query": {
                    "x1": -0.5370551827771086,
                    "x2": -1.5532200060865566
                },
                "metrics": {
                    "outcome": -1.9129542978290202
                },
                "metadata": {
                    "trials": 1
                }
            },
            {
                "query": {
                    "x1": -0.5535803026113959,
                    "x2": -1.5480316726669638
                },
                "metrics": {
                    "outcome": -1.9131696463971228
                },
                "metadata": {
                    "trials": 1
                }
            }
        ],
        [
            {
                "query": {
                    "x1": -0.5325121290848462,
                    "x2": -1.5417078119787442
                },
                "metrics": {
                    "outcome": -1.9129614638033208
                },
                "metadata": {
                    "trials": 1
                }
            },
            {
                "query": {
                    "x1": -0.5335014624346723,
                    "x2": -1.5332560969106617
                },
                "metrics": {
                    "outcome": -1.9128904069578172
                },
                "metadata": {
                    "trials": 1
                }
            },
            {
                "query": {
                    "x1": -0.55250807288584,
                    "x2": -1.5495357743222875
                },
                "metrics": {
                    "outcome": -1.9131888251646032
                },
                "metadata": {
                    "trials": 1
                }
            }
        ],
        [
            {
                "query": {
                    "x1": -0.5548744525982835,
                    "x2": -1.5518053251949815
                },
                "metrics": {
                    "outcome": -1.9131483433980239
                },
                "metadata": {
                    "trials": 1
                }
            },
            {
                "query": {
                    "x1": -0.5472398068218358,
                    "x2": -1.5464511039201607
                },
                "metrics": {
                    "outcome": -1.9132221181747928
                },
                "metadata": {
                    "trials": 1
                }
            },
            {
                "query": {
                    "x1": -0.5488681017439152,
                    "x2": -1.5413317387081316
                },
                "metrics": {
                    "outcome": -1.9131585309512746
                },
                "metadata": {
                    "trials": 1
                }
            }
        ],
        [
            {
                "query": {
                    "x1": -0.5521310393485636,
                    "x2": -1.5411409776529237
                },
                "metrics": {
                    "outcome": -1.9131016272390458
                },
                "metadata": {
                    "trials": 1
                }
            },
            {
                "query": {
                    "x1": -0.537452074077692,
                    "x2": -1.5432534348772222
                },
                "metrics": {
                    "outcome": -1.9131079379399658
                },
                "metadata": {
                    "trials": 1
                }
            },
            {
                "query": {
                    "x1": -0.5319081780204014,
                    "x2": -1.499356422019089
                },
                "metrics": {
                    "outcome": -1.9104171934705003
                },
                "metadata": {
                    "trials": 1
                }
            }
        ],
        [
            {
                "query": {
                    "x1": -0.5473648521314289,
                    "x2": -1.5466711787794505
                },
                "metrics": {
                    "outcome": -1.9132224179651236
                },
                "metadata": {
                    "trials": 1
                }
            },
            {
                "query": {
                    "x1": -0.5567639661870528,
                    "x2": -1.5450331563162982
                },
                "metrics": {
                    "outcome": -1.9130616522619963
                },
                "metadata": {
                    "trials": 1
                }
            },
            {
                "query": {
                    "x1": -0.5377970665574489,
                    "x2": -1.5471086662192026
                },
                "metrics": {
                    "outcome": -1.913097186190806
                },
                "metadata": {
                    "trials": 1
                }
            }
        ],
        [
            {
                "query": {
                    "x1": -0.5330087431122652,
                    "x2": -1.5553671902942892
                },
                "metrics": {
                    "outcome": -1.9127073484736163
                },
                "metadata": {
                    "trials": 1
                }
            },
            {
                "query": {
                    "x1": -0.546034238155176,
                    "x2": -1.5414461012935938
                },
                "metrics": {
                    "outcome": -1.9131811724656989
                },
                "metadata": {
                    "trials": 1
                }
            },
            {
                "query": {
                    "x1": -0.5414502541874651,
                    "x2": -1.5375834896090486
                },
                "metrics": {
                    "outcome": -1.9131055244689104
                },
                "metadata": {
                    "trials": 1
                }
            }
        ],
        [
            {
                "query": {
                    "x1": -0.5394847287081205,
                    "x2": -1.538413438384893
                },
                "metrics": {
                    "outcome": -1.9131035919411628
                },
                "metadata": {
                    "trials": 1
                }
            },
            {
                "query": {
                    "x1": -0.5400801478255524,
                    "x2": -1.5388981058698374
                },
                "metrics": {
                    "outcome": -1.9131183363216673
                },
                "metadata": {
                    "trials": 1
                }
            },
            {
                "query": {
                    "x1": -0.5561432547646312,
                    "x2": -1.5595834758396476
                },
                "metrics": {
                    "outcome": -1.9130148988148825
                },
                "metadata": {
                    "trials": 1
                }
            }
        ],
        [
            {
                "query": {
                    "x1": -0.554199216663764,
                    "x2": -1.5856686503474802
                },
                "metrics": {
                    "outcome": -1.9113452471196433
                },
                "metadata": {
                    "trials": 1
                }
            },
            {
                "query": {
                    "x1": -0.5476747125152863,
                    "x2": -1.5430894128717014
                },
                "metrics": {
                    "outcome": -1.9131962171883856
                },
                "metadata": {
                    "trials": 1
                }
            },
            {
                "query": {
                    "x1": -0.5541229989313835,
                    "x2": -1.5555742653222793
                },
                "metrics": {
                    "outcome": -1.9131197567826792
                },
                "metadata": {
                    "trials": 1
                }
            }
        ],
        [
            {
                "query": {
                    "x1": -0.5531654344433852,
                    "x2": -1.5427681068583186
                },
                "metrics": {
                    "outcome": -1.9131138260117742
                },
                "metadata": {
                    "trials": 1
                }
            },
            {
                "query": {
                    "x1": -0.5409877365378721,
                    "x2": -1.5454038153601446
                },
                "metrics": {
                    "outcome": -1.9131756732366405
                },
                "metadata": {
                    "trials": 1
                }
            },
            {
                "query": {
                    "x1": -0.5544314138120934,
                    "x2": -1.545591520756654
                },
                "metrics": {
                    "outcome": -1.9131311115693022
                },
                "metadata": {
                    "trials": 1
                }
            }
        ],
        [
            {
                "query": {
                    "x1": -0.5458253752180986,
                    "x2": -1.5416651110595336
                },
                "metrics": {
                    "outcome": -1.9131849765066042
                },
                "metadata": {
                    "trials": 1
                }
            },
            {
                "query": {
                    "x1": -0.555080990824827,
                    "x2": -1.544046625458975
                },
                "metrics": {
                    "outcome": -1.9130915085625544
                },
                "metadata": {
                    "trials": 1
                }
            },
            {
                "query": {
                    "x1": -0.5532354440027303,
                    "x2": -1.5511784830271895
                },
                "metrics": {
                    "outcome": -1.9131753436107934
                },
                "metadata": {
                    "trials": 1
                }
            }
        ],
        [
            {
                "query": {
                    "x1": -0.5583273778279696,
                    "x2": -1.5495290969582978
                },
                "metrics": {
                    "outcome": -1.9130672840917087
                },
                "metadata": {
                    "trials": 1
                }
            },
            {
                "query": {
                    "x1": -0.5539847666246717,
                    "x2": -1.5630582707766596
                },
                "metrics": {
                    "outcome": -1.9129194992823542
                },
                "metadata": {
                    "trials": 1
                }
            },
            {
                "query": {
                    "x1": -0.5559388584224275,
                    "x2": -1.5507785933341456
                },
                "metrics": {
                    "outcome": -1.9131307346192168
                },
                "metadata": {
                    "trials": 1
                }
            }
        ],
        [
            {
                "query": {
                    "x1": -0.5453624544791221,
                    "x2": -1.5469532649334996
                },
                "metrics": {
                    "outcome": -1.913218551279706
                },
                "metadata": {
                    "trials": 1
                }
            },
            {
                "query": {
                    "x1": -0.546240620527536,
                    "x2": -1.5518262342315299
                },
                "metrics": {
                    "outcome": -1.9131859222566066
                },
                "metadata": {
                    "trials": 1
                }
            },
            {
                "query": {
                    "x1": -0.5377245326915945,
                    "x2": -1.5414827459958358
                },
                "metrics": {
                    "outcome": -1.9131086577540763
                },
                "metadata": {
                    "trials": 1
                }
            }
        ],
        [
            {
                "query": {
                    "x1": -0.5422039644316923,
                    "x2": -1.5524821100212647
                },
                "metrics": {
                    "outcome": -1.913117278045421
                },
                "metadata": {
                    "trials": 1
                }
            },
            {
                "query": {
                    "x1": -0.5359193318762162,
                    "x2": -1.5330930382684944
                },
                "metrics": {
                    "outcome": -1.912934636497916
                },
                "metadata": {
                    "trials": 1
                }
            },
            {
                "query": {
                    "x1": -0.5430774778919275,
                    "x2": -1.544127445537283
                },
                "metrics": {
                    "outcome": -1.913199435486301
                },
                "metadata": {
                    "trials": 1
                }
            }
        ],
        [
            {
                "query": {
                    "x1": -0.5407477513793638,
                    "x2": -1.527067075105708
                },
                "metrics": {
                    "outcome": -1.9127283189399487
                },
                "metadata": {
                    "trials": 1
                }
            },
            {
                "query": {
                    "x1": -0.5461368396718473,
                    "x2": -1.5464380233439217
                },
                "metrics": {
                    "outcome": -1.9132214290786522
                },
                "metadata": {
                    "trials": 1
                }
            },
            {
                "query": {
                    "x1": -0.553276103443678,
                    "x2": -1.5526578990115905
                },
                "metrics": {
                    "outcome": -1.9131650474710855
                },
                "metadata": {
                    "trials": 1
                }
            }
        ],
        [
            {
                "query": {
                    "x1": -0.5391020777077635,
                    "x2": -1.552579415952398
                },
                "metrics": {
                    "outcome": -1.9130381261079932
                },
                "metadata": {
                    "trials": 1
                }
            },
            {
                "query": {
                    "x1": -0.5624818537291659,
                    "x2": -1.5518990268466855
                },
                "metrics": {
                    "outcome": -1.9129386709062075
                },
                "metadata": {
                    "trials": 1
                }
            },
            {
                "query": {
                    "x1": -0.5433882921356169,
                    "x2": -1.5402286181408993
                },
                "metrics": {
                    "outcome": -1.913162564750765
                },
                "metadata": {
                    "trials": 1
                }
            }
        ],
        [
            {
                "query": {
                    "x1": -0.5522029354585141,
                    "x2": -1.5388322830490004
                },
                "metrics": {
                    "outcome": -1.91303928927669
                },
                "metadata": {
                    "trials": 1
                }
            },
            {
                "query": {
                    "x1": -0.546269926033757,
                    "x2": -1.5522815757731512
                },
                "metrics": {
                    "outcome": -1.9131793404644024
                },
                "metadata": {
                    "trials": 1
                }
            },
            {
                "query": {
                    "x1": -0.5456796318920435,
                    "x2": -1.5585889445747587
                },
                "metrics": {
                    "outcome": -1.9130141727241248
                },
                "metadata": {
                    "trials": 1
                }
            }
        ],
        [
            {
                "query": {
                    "x1": -0.5501712849520739,
                    "x2": -1.5416643754265145
                },
                "metrics": {
                    "outcome": -1.9131477495206117
                },
                "metadata": {
                    "trials": 1
                }
            },
            {
                "query": {
                    "x1": -0.5460396514494352,
                    "x2": -1.545357689425316
                },
                "metrics": {
                    "outcome": -1.913218596366041
                },
                "metadata": {
                    "trials": 1
                }
            },
            {
                "query": {
                    "x1": -0.5474987785069995,
                    "x2": -1.5484877417590204
                },
                "metrics": {
                    "outcome": -1.9132208806161586
                },
                "metadata": {
                    "trials": 1
                }
            }
        ],
        [
            {
                "query": {
                    "x1": -0.540681446292853,
                    "x2": -1.5460051602961757
                },
                "metrics": {
                    "outcome": -1.913168844999551
                },
                "metadata": {
                    "trials": 1
                }
            },
            {
                "query": {
                    "x1": -0.5398792892869498,
                    "x2": -1.5470041442106077
                },
                "metrics": {
                    "outcome": -1.9131477234025969
                },
                "metadata": {
                    "trials": 1
                }
            },
            {
                "query": {
                    "x1": -0.5507875709577632,
                    "x2": -1.548424337383427
                },
                "metrics": {
                    "outcome": -1.9132073328446992
                },
                "metadata": {
                    "trials": 1
                }
            }
        ],
        [
            {
                "query": {
                    "x1": -0.5383241508977048,
                    "x2": -1.545648585302505
                },
                "metrics": {
                    "outcome": -1.913122177407987
                },
                "metadata": {
                    "trials": 1
                }
            },
            {
                "query": {
                    "x1": -0.5611501298963191,
                    "x2": -1.5360402343921276
                },
                "metrics": {
                    "outcome": -1.9125890666110594
                },
                "metadata": {
                    "trials": 1
                }
            },
            {
                "query": {
                    "x1": -0.5591411433176388,
                    "x2": -1.570774483154851
                },
                "metrics": {
                    "outcome": -1.91254507686967
                },
                "metadata": {
                    "trials": 1
                }
            }
        ],
        [
            {
                "query": {
                    "x1": -0.5472056952111838,
                    "x2": -1.5420373868758102
                },
                "metrics": {
                    "outcome": -1.91318473860767
                },
                "metadata": {
                    "trials": 1
                }
            },
            {
                "query": {
                    "x1": -0.5339402013078146,
                    "x2": -1.5427325696999294
                },
                "metrics": {
                    "outcome": -1.9130091878766473
                },
                "metadata": {
                    "trials": 1
                }
            },
            {
                "query": {
                    "x1": -0.5475978940657127,
                    "x2": -1.54838289540765
                },
                "metrics": {
                    "outcome": -1.9132212503177524
                },
                "metadata": {
                    "trials": 1
                }
            }
        ],
        [
            {
                "query": {
                    "x1": -0.5521678027537525,
                    "x2": -1.5504347634511808
                },
                "metrics": {
                    "outcome": -1.9131908289905386
                },
                "metadata": {
                    "trials": 1
                }
            },
            {
                "query": {
                    "x1": -0.5366615797338268,
                    "x2": -1.5352900542020702
                },
                "metrics": {
                    "outcome": -1.9130020284810887
                },
                "metadata": {
                    "trials": 1
                }
            },
            {
                "query": {
                    "x1": -0.540861478331915,
                    "x2": -1.5469703782212925
                },
                "metrics": {
                    "outcome": -1.9131669602902153
                },
                "metadata": {
                    "trials": 1
                }
            }
        ],
        [
            {
                "query": {
                    "x1": -0.5507781493693191,
                    "x2": -1.550642333628098
                },
                "metrics": {
                    "outcome": -1.9132015937552604
                },
                "metadata": {
                    "trials": 1
                }
            },
            {
                "query": {
                    "x1": -0.5437794490621669,
                    "x2": -1.5502258751732396
                },
                "metrics": {
                    "outcome": -1.9131813327801712
                },
                "metadata": {
                    "trials": 1
                }
            },
            {
                "query": {
                    "x1": -0.5430488818852981,
                    "x2": -1.540231173549179
                },
                "metrics": {
                    "outcome": -1.9131614053811967
                },
                "metadata": {
                    "trials": 1
                }
            }
        ],
        [
            {
                "query": {
                    "x1": -0.5480650688196301,
                    "x2": -1.5390525403551165
                },
                "metrics": {
                    "outcome": -1.9131187641151697
                },
                "metadata": {
                    "trials": 1
                }
            },
            {
                "query": {
                    "x1": -0.5528869896569943,
                    "x2": -1.5502703692215176
                },
                "metrics": {
                    "outcome": -1.9131829190764948
                },
                "metadata": {
                    "trials": 1
                }
            },
            {
                "query": {
                    "x1": -0.5514793453889967,
                    "x2": -1.546685393495121
                },
                "metrics": {
                    "outcome": -1.9131938242980255
                },
                "metadata": {
                    "trials": 1
                }
            }
        ],
        [
            {
                "query": {
                    "x1": -0.5474837097604726,
                    "x2": -1.5477907886666178
                },
                "metrics": {
                    "outcome": -1.9132225258753652
                },
                "metadata": {
                    "trials": 1
                }
            },
            {
                "query": {
                    "x1": -0.5360034182841988,
                    "x2": -1.5532628059133886
                },
                "metrics": {
                    "outcome": -1.9129136667329227
                },
                "metadata": {
                    "trials": 1
                }
            },
            {
                "query": {
                    "x1": -0.5499472118836725,
                    "x2": -1.546118775807178
                },
                "metrics": {
                    "outcome": -1.913207089537429
                },
                "metadata": {
                    "trials": 1
                }
            }
        ]
    ]
}