{
    "date": "09/11/2022 09:27:30",
    "basic_params": {
        "active_variables": [
            "x1",
            "x2"
        ],
        "default_query": {},
        "metric": "basic",
        "n_trials": 1
    },
    "objective_function": {
        "name": "Beale",
        "params": {}
    },
    "optimizer": {
        "name": "GO-BO",
        "params": {
            "maximize": false,
            "domain": [
                {
                    "name": "x1",
                    "type": "continuous",
                    "domain": [
                        -4.5,
                        4.5
                    ]
                },
                {
                    "name": "x2",
                    "type": "continuous",
                    "domain": [
                        -4.5,
                        4.5
                    ]
                }
            ],
            "initial_design_numdata": 10,
            "num_iters": 140,
            "acquisition_type": "EI",
            "evaluator_type": "sequential",
            "batch_size": 1,
            "model_update_interval": 5
        }
    },
    "best_results": [
        {
            "query": {
                "x1": -3.672554643779464,
                "x2": 1.2396880599281963
            },
            "metrics": [
                {
                    "name": "outcome",
                    "value": 0.9506975647493643
                }
            ]
        }
    ],
    "iterations": [
        [
            {
                "query": {
                    "x1": 0.4500000000000002,
                    "x2": -1.3499999999999996
                },
                "metrics": {
                    "outcome": 8.201124844101562
                },
                "metadata": {
                    "trials": 1
                }
            }
        ],
        [
            {
                "query": {
                    "x1": 2.25,
                    "x2": 3.1500000000000004
                },
                "metrics": {
                    "outcome": 5537.189069657229
                },
                "metadata": {
                    "trials": 1
                }
            }
        ],
        [
            {
                "query": {
                    "x1": 4.049999999999999,
                    "x2": -3.15
                },
                "metrics": {
                    "outcome": 18094.705476314404
                },
                "metadata": {
                    "trials": 1
                }
            }
        ],
        [
            {
                "query": {
                    "x1": 1.3500000000000014,
                    "x2": 1.3500000000000014
                },
                "metrics": {
                    "outcome": 36.31074609691424
                },
                "metadata": {
                    "trials": 1
                }
            }
        ],
        [
            {
                "query": {
                    "x1": -4.05,
                    "x2": -0.4500000000000002
                },
                "metrics": {
                    "outcome": 134.00151471878905
                },
                "metadata": {
                    "trials": 1
                }
            }
        ],
        [
            {
                "query": {
                    "x1": -3.15,
                    "x2": 2.25
                },
                "metrics": {
                    "outcome": 1023.5172271728516
                },
                "metadata": {
                    "trials": 1
                }
            }
        ],
        [
            {
                "query": {
                    "x1": -1.3499999999999996,
                    "x2": -2.25
                },
                "metrics": {
                    "outcome": 419.6370465087889
                },
                "metadata": {
                    "trials": 1
                }
            }
        ],
        [
            {
                "query": {
                    "x1": -0.4500000000000002,
                    "x2": -4.05
                },
                "metrics": {
                    "outcome": 1123.0703887250395
                },
                "metadata": {
                    "trials": 1
                }
            }
        ],
        [
            {
                "query": {
                    "x1": 3.1500000000000004,
                    "x2": 4.049999999999999
                },
                "metrics": {
                    "outcome": 46268.922233151854
                },
                "metadata": {
                    "trials": 1
                }
            }
        ],
        [
            {
                "query": {
                    "x1": -2.25,
                    "x2": 0.4500000000000002
                },
                "metrics": {
                    "outcome": 45.659483516601554
                },
                "metadata": {
                    "trials": 1
                }
            }
        ],
        [
            {
                "query": {
                    "x1": 1.7805802757656979,
                    "x2": -4.5
                },
                "metrics": {
                    "outcome": 27456.43547471986
                },
                "metadata": {
                    "trials": 1
                }
            }
        ],
        [
            {
                "query": {
                    "x1": 1.780580282962079,
                    "x2": -4.5
                },
                "metrics": {
                    "outcome": 27456.435699516467
                },
                "metadata": {
                    "trials": 1
                }
            }
        ],
        [
            {
                "query": {
                    "x1": 1.780580275102088,
                    "x2": -4.5
                },
                "metrics": {
                    "outcome": 27456.435453990383
                },
                "metadata": {
                    "trials": 1
                }
            }
        ],
        [
            {
                "query": {
                    "x1": 1.780580276562099,
                    "x2": -4.5
                },
                "metrics": {
                    "outcome": 27456.4354995974
                },
                "metadata": {
                    "trials": 1
                }
            }
        ],
        [
            {
                "query": {
                    "x1": 1.780580283990935,
                    "x2": -4.5
                },
                "metrics": {
                    "outcome": 27456.435731655307
                },
                "metadata": {
                    "trials": 1
                }
            }
        ],
        [
            {
                "query": {
                    "x1": 1.566910209738691,
                    "x2": 4.210526091666201
                },
                "metrics": {
                    "outcome": 14782.016627505533
                },
                "metadata": {
                    "trials": 1
                }
            }
        ],
        [
            {
                "query": {
                    "x1": 1.566907537614013,
                    "x2": 4.2105616117313875
                },
                "metrics": {
                    "outcome": 14782.69366306743
                },
                "metadata": {
                    "trials": 1
                }
            }
        ],
        [
            {
                "query": {
                    "x1": 1.5669086459037374,
                    "x2": 4.210534535828855
                },
                "metrics": {
                    "outcome": 14782.160510557893
                },
                "metadata": {
                    "trials": 1
                }
            }
        ],
        [
            {
                "query": {
                    "x1": 1.5669095733316316,
                    "x2": 4.210536953252735
                },
                "metrics": {
                    "outcome": 14782.226974609679
                },
                "metadata": {
                    "trials": 1
                }
            }
        ],
        [
            {
                "query": {
                    "x1": 1.566909322388656,
                    "x2": 4.21052984943511
                },
                "metrics": {
                    "outcome": 14782.07713934386
                },
                "metadata": {
                    "trials": 1
                }
            }
        ],
        [
            {
                "query": {
                    "x1": -3.3216065725060226,
                    "x2": -0.1664498024830987
                },
                "metrics": {
                    "outcome": 94.45545044640124
                },
                "metadata": {
                    "trials": 1
                }
            }
        ],
        [
            {
                "query": {
                    "x1": -3.321616727872056,
                    "x2": -0.16643774434767555
                },
                "metrics": {
                    "outcome": 94.45548354039697
                },
                "metadata": {
                    "trials": 1
                }
            }
        ],
        [
            {
                "query": {
                    "x1": -3.3216148792787985,
                    "x2": -0.16643719459101447
                },
                "metrics": {
                    "outcome": 94.45540374468513
                },
                "metadata": {
                    "trials": 1
                }
            }
        ],
        [
            {
                "query": {
                    "x1": -3.321615564634138,
                    "x2": -0.16643814827359907
                },
                "metrics": {
                    "outcome": 94.45545348317951
                },
                "metadata": {
                    "trials": 1
                }
            }
        ],
        [
            {
                "query": {
                    "x1": -3.3216131728465985,
                    "x2": -0.1664505569930592
                },
                "metrics": {
                    "outcome": 94.4557028765439
                },
                "metadata": {
                    "trials": 1
                }
            }
        ],
        [
            {
                "query": {
                    "x1": -0.3189960718894641,
                    "x2": -1.1671492908379282
                },
                "metrics": {
                    "outcome": 21.268351633962414
                },
                "metadata": {
                    "trials": 1
                }
            }
        ],
        [
            {
                "query": {
                    "x1": -0.31899335825148406,
                    "x2": -1.1671490348267834
                },
                "metrics": {
                    "outcome": 21.268279698188756
                },
                "metadata": {
                    "trials": 1
                }
            }
        ],
        [
            {
                "query": {
                    "x1": -0.3189937827805132,
                    "x2": -1.1671542068250902
                },
                "metrics": {
                    "outcome": 21.268327991724483
                },
                "metadata": {
                    "trials": 1
                }
            }
        ],
        [
            {
                "query": {
                    "x1": -0.31898787757564956,
                    "x2": -1.167154132727494
                },
                "metrics": {
                    "outcome": 21.26817493650994
                },
                "metadata": {
                    "trials": 1
                }
            }
        ],
        [
            {
                "query": {
                    "x1": -0.31899583473951004,
                    "x2": -1.1671243818516601
                },
                "metrics": {
                    "outcome": 21.268165733576968
                },
                "metadata": {
                    "trials": 1
                }
            }
        ],
        [
            {
                "query": {
                    "x1": 1.3460853213357313,
                    "x2": 2.5403335110446705
                },
                "metrics": {
                    "outcome": 649.7842345381569
                },
                "metadata": {
                    "trials": 1
                }
            }
        ],
        [
            {
                "query": {
                    "x1": 1.3460831637334205,
                    "x2": 2.540332860875567
                },
                "metrics": {
                    "outcome": 649.7815516514478
                },
                "metadata": {
                    "trials": 1
                }
            }
        ],
        [
            {
                "query": {
                    "x1": 1.3460827626847838,
                    "x2": 2.5403327718683895
                },
                "metrics": {
                    "outcome": 649.7810961969938
                },
                "metadata": {
                    "trials": 1
                }
            }
        ],
        [
            {
                "query": {
                    "x1": 1.3460824210479423,
                    "x2": 2.540333235606121
                },
                "metrics": {
                    "outcome": 649.7814407142674
                },
                "metadata": {
                    "trials": 1
                }
            }
        ],
        [
            {
                "query": {
                    "x1": 1.3460833863052564,
                    "x2": 2.5403326748934467
                },
                "metrics": {
                    "outcome": 649.7814848690621
                },
                "metadata": {
                    "trials": 1
                }
            }
        ],
        [
            {
                "query": {
                    "x1": 1.1342316141819573,
                    "x2": -4.5
                },
                "metrics": {
                    "outcome": 10979.18807358697
                },
                "metadata": {
                    "trials": 1
                }
            }
        ],
        [
            {
                "query": {
                    "x1": 1.1342316275905042,
                    "x2": -4.5
                },
                "metrics": {
                    "outcome": 10979.188338381373
                },
                "metadata": {
                    "trials": 1
                }
            }
        ],
        [
            {
                "query": {
                    "x1": 1.13423163868104,
                    "x2": -4.5
                },
                "metrics": {
                    "outcome": 10979.188557399275
                },
                "metadata": {
                    "trials": 1
                }
            }
        ],
        [
            {
                "query": {
                    "x1": 1.1342315827260143,
                    "x2": -4.5
                },
                "metrics": {
                    "outcome": 10979.187452389355
                },
                "metadata": {
                    "trials": 1
                }
            }
        ],
        [
            {
                "query": {
                    "x1": 1.1342315984398832,
                    "x2": -4.5
                },
                "metrics": {
                    "outcome": 10979.187762709662
                },
                "metadata": {
                    "trials": 1
                }
            }
        ],
        [
            {
                "query": {
                    "x1": 0.1356937303510493,
                    "x2": -1.9987203714486148
                },
                "metrics": {
                    "outcome": 10.227624838811256
                },
                "metadata": {
                    "trials": 1
                }
            }
        ],
        [
            {
                "query": {
                    "x1": 0.1356972612388344,
                    "x2": -1.9981510442747101
                },
                "metrics": {
                    "outcome": 10.228700525927021
                },
                "metadata": {
                    "trials": 1
                }
            }
        ],
        [
            {
                "query": {
                    "x1": 0.1356962859160184,
                    "x2": -1.9982646208469221
                },
                "metrics": {
                    "outcome": 10.22849018003418
                },
                "metadata": {
                    "trials": 1
                }
            }
        ],
        [
            {
                "query": {
                    "x1": 0.13569741554080866,
                    "x2": -1.9981237469544737
                },
                "metrics": {
                    "outcome": 10.22875236091593
                },
                "metadata": {
                    "trials": 1
                }
            }
        ],
        [
            {
                "query": {
                    "x1": 0.13569662568741994,
                    "x2": -1.9983657777621309
                },
                "metrics": {
                    "outcome": 10.228283632792408
                },
                "metadata": {
                    "trials": 1
                }
            }
        ],
        [
            {
                "query": {
                    "x1": -3.723590929671705,
                    "x2": 4.5
                },
                "metrics": {
                    "outcome": 115818.18417581779
                },
                "metadata": {
                    "trials": 1
                }
            }
        ],
        [
            {
                "query": {
                    "x1": -3.7235905836941194,
                    "x2": 4.5
                },
                "metrics": {
                    "outcome": 115818.16245865215
                },
                "metadata": {
                    "trials": 1
                }
            }
        ],
        [
            {
                "query": {
                    "x1": -3.723590618549021,
                    "x2": 4.5
                },
                "metrics": {
                    "outcome": 115818.16464650963
                },
                "metadata": {
                    "trials": 1
                }
            }
        ],
        [
            {
                "query": {
                    "x1": -3.723590054049237,
                    "x2": 4.5
                },
                "metrics": {
                    "outcome": 115818.12921261319
                },
                "metadata": {
                    "trials": 1
                }
            }
        ],
        [
            {
                "query": {
                    "x1": -3.723590972406664,
                    "x2": 4.5
                },
                "metrics": {
                    "outcome": 115818.18685831018
                },
                "metadata": {
                    "trials": 1
                }
            }
        ],
        [
            {
                "query": {
                    "x1": -3.672548712233923,
                    "x2": 1.239692100991809
                },
                "metrics": {
                    "outcome": 0.9507504113654097
                },
                "metadata": {
                    "trials": 1
                }
            }
        ],
        [
            {
                "query": {
                    "x1": -3.6725404837412707,
                    "x2": 1.239696526792834
                },
                "metrics": {
                    "outcome": 0.9508071406962311
                },
                "metadata": {
                    "trials": 1
                }
            }
        ],
        [
            {
                "query": {
                    "x1": -3.672547775076594,
                    "x2": 1.239691779769988
                },
                "metrics": {
                    "outcome": 0.9507452662007614
                },
                "metadata": {
                    "trials": 1
                }
            }
        ],
        [
            {
                "query": {
                    "x1": -3.6725471637602385,
                    "x2": 1.2396926930637835
                },
                "metrics": {
                    "outcome": 0.9507576997039295
                },
                "metadata": {
                    "trials": 1
                }
            }
        ],
        [
            {
                "query": {
                    "x1": -3.672554643779464,
                    "x2": 1.2396880599281963
                },
                "metrics": {
                    "outcome": 0.9506975647493643
                },
                "metadata": {
                    "trials": 1
                }
            }
        ],
        [
            {
                "query": {
                    "x1": 4.425146948129046,
                    "x2": -0.2787035920512035
                },
                "metrics": {
                    "outcome": 24.241424966516476
                },
                "metadata": {
                    "trials": 1
                }
            }
        ],
        [
            {
                "query": {
                    "x1": 4.425148735058878,
                    "x2": -0.2787024875616355
                },
                "metrics": {
                    "outcome": 24.241421940678585
                },
                "metadata": {
                    "trials": 1
                }
            }
        ],
        [
            {
                "query": {
                    "x1": 4.425137042834291,
                    "x2": -0.27870193050507874
                },
                "metrics": {
                    "outcome": 24.241195153764824
                },
                "metadata": {
                    "trials": 1
                }
            }
        ],
        [
            {
                "query": {
                    "x1": 4.425158017780572,
                    "x2": -0.27870542372612916
                },
                "metrics": {
                    "outcome": 24.24168099730309
                },
                "metadata": {
                    "trials": 1
                }
            }
        ],
        [
            {
                "query": {
                    "x1": 4.425156631843686,
                    "x2": -0.27870469323823716
                },
                "metrics": {
                    "outcome": 24.241633065514673
                },
                "metadata": {
                    "trials": 1
                }
            }
        ],
        [
            {
                "query": {
                    "x1": -4.5,
                    "x2": -4.5
                },
                "metrics": {
                    "outcome": 181853.61328125
                },
                "metadata": {
                    "trials": 1
                }
            }
        ],
        [
            {
                "query": {
                    "x1": -4.5,
                    "x2": -4.5
                },
                "metrics": {
                    "outcome": 181853.61328125
                },
                "metadata": {
                    "trials": 1
                }
            }
        ],
        [
            {
                "query": {
                    "x1": -4.5,
                    "x2": -4.5
                },
                "metrics": {
                    "outcome": 181853.61328125
                },
                "metadata": {
                    "trials": 1
                }
            }
        ],
        [
            {
                "query": {
                    "x1": -4.5,
                    "x2": -4.5
                },
                "metrics": {
                    "outcome": 181853.61328125
                },
                "metadata": {
                    "trials": 1
                }
            }
        ],
        [
            {
                "query": {
                    "x1": -4.5,
                    "x2": -4.5
                },
                "metrics": {
                    "outcome": 181853.61328125
                },
                "metadata": {
                    "trials": 1
                }
            }
        ],
        [
            {
                "query": {
                    "x1": -1.8377019493183997,
                    "x2": 1.9208128683118817
                },
                "metrics": {
                    "outcome": 80.5752674049923
                },
                "metadata": {
                    "trials": 1
                }
            }
        ],
        [
            {
                "query": {
                    "x1": -1.837700968767775,
                    "x2": 1.9208131189797075
                },
                "metrics": {
                    "outcome": 80.57524767181
                },
                "metadata": {
                    "trials": 1
                }
            }
        ],
        [
            {
                "query": {
                    "x1": -1.8376992127871896,
                    "x2": 1.9208147148097112
                },
                "metrics": {
                    "outcome": 80.5756561874228
                },
                "metadata": {
                    "trials": 1
                }
            }
        ],
        [
            {
                "query": {
                    "x1": -1.8377011451463043,
                    "x2": 1.920814251224412
                },
                "metrics": {
                    "outcome": 80.57570684158686
                },
                "metadata": {
                    "trials": 1
                }
            }
        ],
        [
            {
                "query": {
                    "x1": -1.837706109985425,
                    "x2": 1.9208055727511546
                },
                "metrics": {
                    "outcome": 80.57293944763559
                },
                "metadata": {
                    "trials": 1
                }
            }
        ],
        [
            {
                "query": {
                    "x1": 2.7473768349011434,
                    "x2": -0.4424504686390399
                },
                "metrics": {
                    "outcome": 6.197629951185415
                },
                "metadata": {
                    "trials": 1
                }
            }
        ],
        [
            {
                "query": {
                    "x1": 2.747376137260131,
                    "x2": -0.4424524534106851
                },
                "metrics": {
                    "outcome": 6.197654052242938
                },
                "metadata": {
                    "trials": 1
                }
            }
        ],
        [
            {
                "query": {
                    "x1": 2.747376845797117,
                    "x2": -0.4424530392842257
                },
                "metrics": {
                    "outcome": 6.197668320821832
                },
                "metadata": {
                    "trials": 1
                }
            }
        ],
        [
            {
                "query": {
                    "x1": 2.7473766733891805,
                    "x2": -0.44245487620698365
                },
                "metrics": {
                    "outcome": 6.197694329275844
                },
                "metadata": {
                    "trials": 1
                }
            }
        ],
        [
            {
                "query": {
                    "x1": 2.747377852941174,
                    "x2": -0.4424545119752744
                },
                "metrics": {
                    "outcome": 6.197698132953432
                },
                "metadata": {
                    "trials": 1
                }
            }
        ],
        [
            {
                "query": {
                    "x1": 4.5,
                    "x2": -1.501296850195574
                },
                "metrics": {
                    "outcome": 449.94399560409244
                },
                "metadata": {
                    "trials": 1
                }
            }
        ],
        [
            {
                "query": {
                    "x1": 4.5,
                    "x2": -1.5012962528055362
                },
                "metrics": {
                    "outcome": 449.9431940125318
                },
                "metadata": {
                    "trials": 1
                }
            }
        ],
        [
            {
                "query": {
                    "x1": 4.5,
                    "x2": -1.5012973098637876
                },
                "metrics": {
                    "outcome": 449.94461239829224
                },
                "metadata": {
                    "trials": 1
                }
            }
        ],
        [
            {
                "query": {
                    "x1": 4.5,
                    "x2": -1.5012932325868802
                },
                "metrics": {
                    "outcome": 449.93914143502263
                },
                "metadata": {
                    "trials": 1
                }
            }
        ],
        [
            {
                "query": {
                    "x1": 4.5,
                    "x2": -1.5012969649158436
                },
                "metrics": {
                    "outcome": 449.9441495385183
                },
                "metadata": {
                    "trials": 1
                }
            }
        ],
        [
            {
                "query": {
                    "x1": 2.755985362694578,
                    "x2": 1.1871913294475422
                },
                "metrics": {
                    "outcome": 35.5518965263541
                },
                "metadata": {
                    "trials": 1
                }
            }
        ],
        [
            {
                "query": {
                    "x1": 2.7559871873067543,
                    "x2": 1.1871869408536937
                },
                "metrics": {
                    "outcome": 35.55121289241334
                },
                "metadata": {
                    "trials": 1
                }
            }
        ],
        [
            {
                "query": {
                    "x1": 2.755981785666954,
                    "x2": 1.1871826186921572
                },
                "metrics": {
                    "outcome": 35.55047084537988
                },
                "metadata": {
                    "trials": 1
                }
            }
        ],
        [
            {
                "query": {
                    "x1": 2.755986014875019,
                    "x2": 1.1871847437112721
                },
                "metrics": {
                    "outcome": 35.550850707957096
                },
                "metadata": {
                    "trials": 1
                }
            }
        ],
        [
            {
                "query": {
                    "x1": 2.7559800172698132,
                    "x2": 1.1871850522072291
                },
                "metrics": {
                    "outcome": 35.5508426899505
                },
                "metadata": {
                    "trials": 1
                }
            }
        ],
        [
            {
                "query": {
                    "x1": -2.739763789777624,
                    "x2": 1.6462060743212843
                },
                "metrics": {
                    "outcome": 53.03301256614787
                },
                "metadata": {
                    "trials": 1
                }
            }
        ],
        [
            {
                "query": {
                    "x1": -2.7397377840652894,
                    "x2": 1.6462078259869404
                },
                "metrics": {
                    "outcome": 53.0321670284082
                },
                "metadata": {
                    "trials": 1
                }
            }
        ],
        [
            {
                "query": {
                    "x1": -2.7397453344259435,
                    "x2": 1.6462034028007222
                },
                "metrics": {
                    "outcome": 53.031038828136325
                },
                "metadata": {
                    "trials": 1
                }
            }
        ],
        [
            {
                "query": {
                    "x1": -2.7397414482456317,
                    "x2": 1.6462038697624688
                },
                "metrics": {
                    "outcome": 53.030984484456276
                },
                "metadata": {
                    "trials": 1
                }
            }
        ],
        [
            {
                "query": {
                    "x1": -2.739745058292497,
                    "x2": 1.6462058738359406
                },
                "metrics": {
                    "outcome": 53.03189043864822
                },
                "metadata": {
                    "trials": 1
                }
            }
        ],
        [
            {
                "query": {
                    "x1": 0.14719555591031663,
                    "x2": -3.5277278713315807
                },
                "metrics": {
                    "outcome": 32.051476725944276
                },
                "metadata": {
                    "trials": 1
                }
            }
        ],
        [
            {
                "query": {
                    "x1": 0.14719323641596468,
                    "x2": -3.5277233810005493
                },
                "metrics": {
                    "outcome": 32.050223168821695
                },
                "metadata": {
                    "trials": 1
                }
            }
        ],
        [
            {
                "query": {
                    "x1": 0.14719565227546647,
                    "x2": -3.527726463461872
                },
                "metrics": {
                    "outcome": 32.05144634416638
                },
                "metadata": {
                    "trials": 1
                }
            }
        ],
        [
            {
                "query": {
                    "x1": 0.14719873255076077,
                    "x2": -3.5277252534774988
                },
                "metrics": {
                    "outcome": 32.05274011518745
                },
                "metadata": {
                    "trials": 1
                }
            }
        ],
        [
            {
                "query": {
                    "x1": 0.14719924958722413,
                    "x2": -3.5277275375175927
                },
                "metrics": {
                    "outcome": 32.05308592427852
                },
                "metadata": {
                    "trials": 1
                }
            }
        ],
        [
            {
                "query": {
                    "x1": -4.5,
                    "x2": 0.4181953349095188
                },
                "metrics": {
                    "outcome": 98.7004010650046
                },
                "metadata": {
                    "trials": 1
                }
            }
        ],
        [
            {
                "query": {
                    "x1": -4.5,
                    "x2": 0.4181932293735118
                },
                "metrics": {
                    "outcome": 98.70064117907816
                },
                "metadata": {
                    "trials": 1
                }
            }
        ],
        [
            {
                "query": {
                    "x1": -4.5,
                    "x2": 0.41819549260013944
                },
                "metrics": {
                    "outcome": 98.70038308202777
                },
                "metadata": {
                    "trials": 1
                }
            }
        ],
        [
            {
                "query": {
                    "x1": -4.5,
                    "x2": 0.41820058853927333
                },
                "metrics": {
                    "outcome": 98.69980194069751
                },
                "metadata": {
                    "trials": 1
                }
            }
        ],
        [
            {
                "query": {
                    "x1": -4.5,
                    "x2": 0.41818605413063
                },
                "metrics": {
                    "outcome": 98.70145943348689
                },
                "metadata": {
                    "trials": 1
                }
            }
        ],
        [
            {
                "query": {
                    "x1": -1.9500093528194453,
                    "x2": -0.9750323299970797
                },
                "metrics": {
                    "outcome": 74.87845576697978
                },
                "metadata": {
                    "trials": 1
                }
            }
        ],
        [
            {
                "query": {
                    "x1": -1.949996127821058,
                    "x2": -0.9750444064385432
                },
                "metrics": {
                    "outcome": 74.87874176800922
                },
                "metadata": {
                    "trials": 1
                }
            }
        ],
        [
            {
                "query": {
                    "x1": -1.9499692666809632,
                    "x2": -0.975044271213896
                },
                "metrics": {
                    "outcome": 74.8774970133441
                },
                "metadata": {
                    "trials": 1
                }
            }
        ],
        [
            {
                "query": {
                    "x1": -1.9499790228281275,
                    "x2": -0.9750384489266751
                },
                "metrics": {
                    "outcome": 74.87751450754155
                },
                "metadata": {
                    "trials": 1
                }
            }
        ],
        [
            {
                "query": {
                    "x1": -1.9499451750798422,
                    "x2": -0.9750628164449415
                },
                "metrics": {
                    "outcome": 74.87776233498042
                },
                "metadata": {
                    "trials": 1
                }
            }
        ],
        [
            {
                "query": {
                    "x1": 1.3947289799626663,
                    "x2": 0.05029667274486447
                },
                "metrics": {
                    "outcome": 2.282312394745664
                },
                "metadata": {
                    "trials": 1
                }
            }
        ],
        [
            {
                "query": {
                    "x1": 1.3945958659999593,
                    "x2": 0.0502582020760994
                },
                "metrics": {
                    "outcome": 2.282883292458851
                },
                "metadata": {
                    "trials": 1
                }
            }
        ],
        [
            {
                "query": {
                    "x1": 1.3947463384270353,
                    "x2": 0.05032646106003859
                },
                "metrics": {
                    "outcome": 2.2822566941663505
                },
                "metadata": {
                    "trials": 1
                }
            }
        ],
        [
            {
                "query": {
                    "x1": 1.394640248138337,
                    "x2": 0.050318071585399665
                },
                "metrics": {
                    "outcome": 2.282728526877743
                },
                "metadata": {
                    "trials": 1
                }
            }
        ],
        [
            {
                "query": {
                    "x1": 1.3946741631166186,
                    "x2": 0.05030291939540796
                },
                "metrics": {
                    "outcome": 2.282564190545427
                },
                "metadata": {
                    "trials": 1
                }
            }
        ],
        [
            {
                "query": {
                    "x1": -0.5823526851614417,
                    "x2": 0.7706705311153724
                },
                "metrics": {
                    "outcome": 17.499312602166874
                },
                "metadata": {
                    "trials": 1
                }
            }
        ],
        [
            {
                "query": {
                    "x1": -0.5823558503989789,
                    "x2": 0.7705290192264463
                },
                "metrics": {
                    "outcome": 17.501095851879242
                },
                "metadata": {
                    "trials": 1
                }
            }
        ],
        [
            {
                "query": {
                    "x1": -0.5823985707373397,
                    "x2": 0.7707039586469717
                },
                "metrics": {
                    "outcome": 17.49916912719488
                },
                "metadata": {
                    "trials": 1
                }
            }
        ],
        [
            {
                "query": {
                    "x1": -0.58249166666444,
                    "x2": 0.7707021549607802
                },
                "metrics": {
                    "outcome": 17.499746227829537
                },
                "metadata": {
                    "trials": 1
                }
            }
        ],
        [
            {
                "query": {
                    "x1": -0.5824451037353847,
                    "x2": 0.7706646754903048
                },
                "metrics": {
                    "outcome": 17.499936266252938
                },
                "metadata": {
                    "trials": 1
                }
            }
        ],
        [
            {
                "query": {
                    "x1": 3.3433905210218926,
                    "x2": 0.12568609270741798
                },
                "metrics": {
                    "outcome": 3.614808637825122
                },
                "metadata": {
                    "trials": 1
                }
            }
        ],
        [
            {
                "query": {
                    "x1": 0.10235266186056483,
                    "x2": -4.5
                },
                "metrics": {
                    "outcome": 64.98658718770511
                },
                "metadata": {
                    "trials": 1
                }
            }
        ],
        [
            {
                "query": {
                    "x1": 0.10235061551255378,
                    "x2": -4.5
                },
                "metrics": {
                    "outcome": 64.98371035739711
                },
                "metadata": {
                    "trials": 1
                }
            }
        ],
        [
            {
                "query": {
                    "x1": 3.343917566225213,
                    "x2": 0.12525347963467934
                },
                "metrics": {
                    "outcome": 3.6229236373244422
                },
                "metadata": {
                    "trials": 1
                }
            }
        ],
        [
            {
                "query": {
                    "x1": 0.10237474695507212,
                    "x2": -4.5
                },
                "metrics": {
                    "outcome": 65.01763995188747
                },
                "metadata": {
                    "trials": 1
                }
            }
        ],
        [
            {
                "query": {
                    "x1": -0.24789100702143776,
                    "x2": 2.9317990026402763
                },
                "metrics": {
                    "outcome": 12.56131943024061
                },
                "metadata": {
                    "trials": 1
                }
            }
        ],
        [
            {
                "query": {
                    "x1": -0.24785465652367253,
                    "x2": 2.9319709768852484
                },
                "metrics": {
                    "outcome": 12.562876303495248
                },
                "metadata": {
                    "trials": 1
                }
            }
        ],
        [
            {
                "query": {
                    "x1": -0.24786438077148373,
                    "x2": 2.931797696691108
                },
                "metrics": {
                    "outcome": 12.557171063145011
                },
                "metadata": {
                    "trials": 1
                }
            }
        ],
        [
            {
                "query": {
                    "x1": -0.24789408459031748,
                    "x2": 2.9318240157958058
                },
                "metrics": {
                    "outcome": 12.562832345598533
                },
                "metadata": {
                    "trials": 1
                }
            }
        ],
        [
            {
                "query": {
                    "x1": -0.2479731427027466,
                    "x2": 2.931731109056985
                },
                "metrics": {
                    "outcome": 12.571130326418954
                },
                "metadata": {
                    "trials": 1
                }
            }
        ],
        [
            {
                "query": {
                    "x1": -0.5974602005842921,
                    "x2": -2.451362491134473
                },
                "metrics": {
                    "outcome": 157.8033265558447
                },
                "metadata": {
                    "trials": 1
                }
            }
        ],
        [
            {
                "query": {
                    "x1": -0.5976529690140949,
                    "x2": -2.4511184963484878
                },
                "metrics": {
                    "outcome": 157.81711024855082
                },
                "metadata": {
                    "trials": 1
                }
            }
        ],
        [
            {
                "query": {
                    "x1": -0.5978827168424032,
                    "x2": -2.4504561905449
                },
                "metrics": {
                    "outcome": 157.73407757430778
                },
                "metadata": {
                    "trials": 1
                }
            }
        ],
        [
            {
                "query": {
                    "x1": -0.5977283020153373,
                    "x2": -2.450865524831598
                },
                "metrics": {
                    "outcome": 157.7803043232815
                },
                "metadata": {
                    "trials": 1
                }
            }
        ],
        [
            {
                "query": {
                    "x1": -0.5975966292791379,
                    "x2": -2.4512497127282775
                },
                "metrics": {
                    "outcome": 157.82911861643902
                },
                "metadata": {
                    "trials": 1
                }
            }
        ],
        [
            {
                "query": {
                    "x1": 2.9871206797623646,
                    "x2": -1.6467115360113285
                },
                "metrics": {
                    "outcome": 282.95582371071123
                },
                "metadata": {
                    "trials": 1
                }
            }
        ],
        [
            {
                "query": {
                    "x1": 2.986823998594768,
                    "x2": -1.6466681796358333
                },
                "metrics": {
                    "outcome": 282.8570595031381
                },
                "metadata": {
                    "trials": 1
                }
            }
        ],
        [
            {
                "query": {
                    "x1": 2.9876868946872306,
                    "x2": -1.6467047418695504
                },
                "metrics": {
                    "outcome": 283.06833223335514
                },
                "metadata": {
                    "trials": 1
                }
            }
        ],
        [
            {
                "query": {
                    "x1": 2.9864174281646063,
                    "x2": -1.6468684932122706
                },
                "metrics": {
                    "outcome": 282.9421719170032
                },
                "metadata": {
                    "trials": 1
                }
            }
        ],
        [
            {
                "query": {
                    "x1": 2.9869662045434784,
                    "x2": -1.6464502795739053
                },
                "metrics": {
                    "outcome": 282.70185627499956
                },
                "metadata": {
                    "trials": 1
                }
            }
        ],
        [
            {
                "query": {
                    "x1": 0.7366480548464738,
                    "x2": 3.241375801853052
                },
                "metrics": {
                    "outcome": 823.2146543045001
                },
                "metadata": {
                    "trials": 1
                }
            }
        ],
        [
            {
                "query": {
                    "x1": 0.7863308028992011,
                    "x2": 3.253601340902421
                },
                "metrics": {
                    "outcome": 942.9741437872121
                },
                "metadata": {
                    "trials": 1
                }
            }
        ],
        [
            {
                "query": {
                    "x1": 0.7864798267386495,
                    "x2": 3.253132992909706
                },
                "metrics": {
                    "outcome": 942.566751784316
                },
                "metadata": {
                    "trials": 1
                }
            }
        ],
        [
            {
                "query": {
                    "x1": 0.7863907198891451,
                    "x2": 3.2532434120050455
                },
                "metrics": {
                    "outcome": 942.5475292668407
                },
                "metadata": {
                    "trials": 1
                }
            }
        ],
        [
            {
                "query": {
                    "x1": 0.7865614601428261,
                    "x2": 3.2530050123422285
                },
                "metrics": {
                    "outcome": 942.542780787792
                },
                "metadata": {
                    "trials": 1
                }
            }
        ],
        [
            {
                "query": {
                    "x1": 3.8553733656921647,
                    "x2": -0.8356394178683249
                },
                "metrics": {
                    "outcome": 44.39578000691339
                },
                "metadata": {
                    "trials": 1
                }
            }
        ],
        [
            {
                "query": {
                    "x1": 3.855362087769152,
                    "x2": -0.8354659642197446
                },
                "metrics": {
                    "outcome": 44.37579935784188
                },
                "metadata": {
                    "trials": 1
                }
            }
        ],
        [
            {
                "query": {
                    "x1": 3.8554403627438765,
                    "x2": -0.8330468704363563
                },
                "metrics": {
                    "outcome": 44.105621568440526
                },
                "metadata": {
                    "trials": 1
                }
            }
        ],
        [
            {
                "query": {
                    "x1": 3.8546594742746376,
                    "x2": -0.8340843944491021
                },
                "metrics": {
                    "outcome": 44.19825048088069
                },
                "metadata": {
                    "trials": 1
                }
            }
        ],
        [
            {
                "query": {
                    "x1": 3.8547942673747233,
                    "x2": -0.8359837211093405
                },
                "metrics": {
                    "outcome": 44.41691552834958
                },
                "metadata": {
                    "trials": 1
                }
            }
        ],
        [
            {
                "query": {
                    "x1": -1.2002326746069327,
                    "x2": -0.03399224073064539
                },
                "metrics": {
                    "outcome": 34.04055573025303
                },
                "metadata": {
                    "trials": 1
                }
            }
        ],
        [
            {
                "query": {
                    "x1": -1.201221717911721,
                    "x2": -0.033723236934678165
                },
                "metrics": {
                    "outcome": 34.058916774345086
                },
                "metadata": {
                    "trials": 1
                }
            }
        ],
        [
            {
                "query": {
                    "x1": -1.202697084259547,
                    "x2": -0.03214099004641815
                },
                "metrics": {
                    "outcome": 34.07912589661211
                },
                "metadata": {
                    "trials": 1
                }
            }
        ],
        [
            {
                "query": {
                    "x1": -1.1985279838362015,
                    "x2": -0.03311579192130193
                },
                "metrics": {
                    "outcome": 34.00081961713186
                },
                "metadata": {
                    "trials": 1
                }
            }
        ],
        [
            {
                "query": {
                    "x1": -1.1969229395650673,
                    "x2": -0.034128213851527464
                },
                "metrics": {
                    "outcome": 33.97452196383388
                },
                "metadata": {
                    "trials": 1
                }
            }
        ]
    ]
}