{
    "date": "09/11/2022 18:23:19",
    "basic_params": {
        "active_variables": [
            "x"
        ],
        "default_query": {},
        "metric": "basic",
        "n_trials": 1
    },
    "objective_function": {
        "name": "Forrester",
        "params": {}
    },
    "optimizer": {
        "name": "BO-MCMC-250",
        "params": {
            "lower_bound": [
                0.0
            ],
            "upper_bound": [
                1.0
            ],
            "invert_metric": false,
            "bopt_params": {
                "n_init_samples": 15,
                "n_iterations": 45,
                "n_iter_relearn": 5,
                "verbose_level": 0,
                "n_parallel_samples": 3,
                "par_type": "PAR_MCMC",
                "l_type": "L_MCMC",
                "burnout_mcmc_parallel": 250,
                "crit_name": "cEI"
            }
        }
    },
    "execution_time": 16.85490345954895,
    "best_results": [
        {
            "query": {
                "x": 0.7572478167084118
            },
            "metrics": [
                {
                    "name": "outcome",
                    "value": -6.020740055294099
                }
            ]
        }
    ],
    "iterations": [
        [
            {
                "query": {
                    "x": 0.045338550008212526
                },
                "metrics": {
                    "outcome": 0.923213075135197
                },
                "metadata": {
                    "trials": 1
                }
            }
        ],
        [
            {
                "query": {
                    "x": 0.3988890546063582
                },
                "metrics": {
                    "outcome": 0.10953672960516452
                },
                "metadata": {
                    "trials": 1
                }
            }
        ],
        [
            {
                "query": {
                    "x": 0.25377329224720596
                },
                "metrics": {
                    "outcome": -0.1859789054145534
                },
                "metadata": {
                    "trials": 1
                }
            }
        ],
        [
            {
                "query": {
                    "x": 0.7544818398232261
                },
                "metrics": {
                    "outcome": -6.016684387302322
                },
                "metadata": {
                    "trials": 1
                }
            }
        ],
        [
            {
                "query": {
                    "x": 0.9046908607551207
                },
                "metrics": {
                    "outcome": 6.372543573357873
                },
                "metadata": {
                    "trials": 1
                }
            }
        ],
        [
            {
                "query": {
                    "x": 0.653197473504891
                },
                "metrics": {
                    "outcome": -2.363736165579347
                },
                "metadata": {
                    "trials": 1
                }
            }
        ],
        [
            {
                "query": {
                    "x": 0.5079067712184042
                },
                "metrics": {
                    "outcome": 0.9498772699440259
                },
                "metadata": {
                    "trials": 1
                }
            }
        ],
        [
            {
                "query": {
                    "x": 0.53571610438327
                },
                "metrics": {
                    "outcome": 0.964489170658942
                },
                "metadata": {
                    "trials": 1
                }
            }
        ],
        [
            {
                "query": {
                    "x": 0.8554122358871002
                },
                "metrics": {
                    "outcome": -0.17895311764146818
                },
                "metadata": {
                    "trials": 1
                }
            }
        ],
        [
            {
                "query": {
                    "x": 0.4300417594145983
                },
                "metrics": {
                    "outcome": 0.3087464259065158
                },
                "metadata": {
                    "trials": 1
                }
            }
        ],
        [
            {
                "query": {
                    "x": 0.9615821404848248
                },
                "metrics": {
                    "outcome": 13.509956123790413
                },
                "metadata": {
                    "trials": 1
                }
            }
        ],
        [
            {
                "query": {
                    "x": 0.6749282346417507
                },
                "metrics": {
                    "outcome": -3.435284340382373
                },
                "metadata": {
                    "trials": 1
                }
            }
        ],
        [
            {
                "query": {
                    "x": 0.09528137409749131
                },
                "metrics": {
                    "outcome": -0.5735217266232665
                },
                "metadata": {
                    "trials": 1
                }
            }
        ],
        [
            {
                "query": {
                    "x": 0.1824459607868145
                },
                "metrics": {
                    "outcome": -0.796149029288867
                },
                "metadata": {
                    "trials": 1
                }
            }
        ],
        [
            {
                "query": {
                    "x": 0.32931053689680995
                },
                "metrics": {
                    "outcome": -2.811248447398145e-05
                },
                "metadata": {
                    "trials": 1
                }
            }
        ],
        [
            {
                "query": {
                    "x": 0.7487053852584246
                },
                "metrics": {
                    "outcome": -5.982743224655749
                },
                "metadata": {
                    "trials": 1
                }
            },
            {
                "query": {
                    "x": 0.7318273284797561
                },
                "metrics": {
                    "outcome": -5.702892228790335
                },
                "metadata": {
                    "trials": 1
                }
            },
            {
                "query": {
                    "x": 0.7593193505289008
                },
                "metrics": {
                    "outcome": -6.018437195367685
                },
                "metadata": {
                    "trials": 1
                }
            }
        ],
        [
            {
                "query": {
                    "x": 0.7557750963494503
                },
                "metrics": {
                    "outcome": -6.019585268289812
                },
                "metadata": {
                    "trials": 1
                }
            },
            {
                "query": {
                    "x": 0.7570338553568329
                },
                "metrics": {
                    "outcome": -6.0207154089288935
                },
                "metadata": {
                    "trials": 1
                }
            },
            {
                "query": {
                    "x": 0.7759173161426929
                },
                "metrics": {
                    "outcome": -5.825513840474121
                },
                "metadata": {
                    "trials": 1
                }
            }
        ],
        [
            {
                "query": {
                    "x": 0.7636312020523149
                },
                "metrics": {
                    "outcome": -5.998601710031361
                },
                "metadata": {
                    "trials": 1
                }
            },
            {
                "query": {
                    "x": 0.7566339827406985
                },
                "metrics": {
                    "outcome": -6.020538584155104
                },
                "metadata": {
                    "trials": 1
                }
            },
            {
                "query": {
                    "x": 0.7568579455460855
                },
                "metrics": {
                    "outcome": -6.020658586015214
                },
                "metadata": {
                    "trials": 1
                }
            }
        ],
        [
            {
                "query": {
                    "x": 0.7565145104314197
                },
                "metrics": {
                    "outcome": -6.020452767917031
                },
                "metadata": {
                    "trials": 1
                }
            },
            {
                "query": {
                    "x": 0.7564578156539428
                },
                "metrics": {
                    "outcome": -6.020406743602617
                },
                "metadata": {
                    "trials": 1
                }
            },
            {
                "query": {
                    "x": 0.7577826661862994
                },
                "metrics": {
                    "outcome": -6.02058760248963
                },
                "metadata": {
                    "trials": 1
                }
            }
        ],
        [
            {
                "query": {
                    "x": 0.7571618188685716
                },
                "metrics": {
                    "outcome": -6.020736020558812
                },
                "metadata": {
                    "trials": 1
                }
            },
            {
                "query": {
                    "x": 0.7577494728671306
                },
                "metrics": {
                    "outcome": -6.020605982019164
                },
                "metadata": {
                    "trials": 1
                }
            },
            {
                "query": {
                    "x": 0.7577878984870107
                },
                "metrics": {
                    "outcome": -6.020584597460156
                },
                "metadata": {
                    "trials": 1
                }
            }
        ],
        [
            {
                "query": {
                    "x": 0.7567797398661072
                },
                "metrics": {
                    "outcome": -6.020622743963787
                },
                "metadata": {
                    "trials": 1
                }
            },
            {
                "query": {
                    "x": 0.7577647786733662
                },
                "metrics": {
                    "outcome": -6.02059765385945
                },
                "metadata": {
                    "trials": 1
                }
            },
            {
                "query": {
                    "x": 0.7575775519921218
                },
                "metrics": {
                    "outcome": -6.020682272928112
                },
                "metadata": {
                    "trials": 1
                }
            }
        ],
        [
            {
                "query": {
                    "x": 0.7573969865614247
                },
                "metrics": {
                    "outcome": -6.020728317808795
                },
                "metadata": {
                    "trials": 1
                }
            },
            {
                "query": {
                    "x": 0.7577713883305149
                },
                "metrics": {
                    "outcome": -6.0205939797378045
                },
                "metadata": {
                    "trials": 1
                }
            },
            {
                "query": {
                    "x": 0.756894144867875
                },
                "metrics": {
                    "outcome": -6.0206729725054196
                },
                "metadata": {
                    "trials": 1
                }
            }
        ],
        [
            {
                "query": {
                    "x": 0.7572981221781375
                },
                "metrics": {
                    "outcome": -6.020738754302828
                },
                "metadata": {
                    "trials": 1
                }
            },
            {
                "query": {
                    "x": 0.757061932260678
                },
                "metrics": {
                    "outcome": -6.020721426925872
                },
                "metadata": {
                    "trials": 1
                }
            },
            {
                "query": {
                    "x": 0.7573709519740252
                },
                "metrics": {
                    "outcome": -6.020732079560727
                },
                "metadata": {
                    "trials": 1
                }
            }
        ],
        [
            {
                "query": {
                    "x": 0.7569646965426347
                },
                "metrics": {
                    "outcome": -6.020697001453583
                },
                "metadata": {
                    "trials": 1
                }
            },
            {
                "query": {
                    "x": 0.7567516420813513
                },
                "metrics": {
                    "outcome": -6.020608277785926
                },
                "metadata": {
                    "trials": 1
                }
            },
            {
                "query": {
                    "x": 0.7578822950655112
                },
                "metrics": {
                    "outcome": -6.020525336936901
                },
                "metadata": {
                    "trials": 1
                }
            }
        ],
        [
            {
                "query": {
                    "x": 0.7575484469620924
                },
                "metrics": {
                    "outcome": -6.020692054050187
                },
                "metadata": {
                    "trials": 1
                }
            },
            {
                "query": {
                    "x": 0.7569228364388626
                },
                "metrics": {
                    "outcome": -6.0206833840561185
                },
                "metadata": {
                    "trials": 1
                }
            },
            {
                "query": {
                    "x": 0.7569509577209248
                },
                "metrics": {
                    "outcome": -6.02069273789386
                },
                "metadata": {
                    "trials": 1
                }
            }
        ],
        [
            {
                "query": {
                    "x": 0.7568945573439705
                },
                "metrics": {
                    "outcome": -6.020673128394526
                },
                "metadata": {
                    "trials": 1
                }
            },
            {
                "query": {
                    "x": 0.7562826492698166
                },
                "metrics": {
                    "outcome": -6.020243011862234
                },
                "metadata": {
                    "trials": 1
                }
            },
            {
                "query": {
                    "x": 0.7569697360579403
                },
                "metrics": {
                    "outcome": -6.020698514952578
                },
                "metadata": {
                    "trials": 1
                }
            }
        ],
        [
            {
                "query": {
                    "x": 0.7577873436186184
                },
                "metrics": {
                    "outcome": -6.020584917525982
                },
                "metadata": {
                    "trials": 1
                }
            },
            {
                "query": {
                    "x": 0.7575997068504909
                },
                "metrics": {
                    "outcome": -6.02067421936847
                },
                "metadata": {
                    "trials": 1
                }
            },
            {
                "query": {
                    "x": 0.7575920669321925
                },
                "metrics": {
                    "outcome": -6.020677055960846
                },
                "metadata": {
                    "trials": 1
                }
            }
        ],
        [
            {
                "query": {
                    "x": 0.7571453388684979
                },
                "metrics": {
                    "outcome": -6.0207343460186795
                },
                "metadata": {
                    "trials": 1
                }
            },
            {
                "query": {
                    "x": 0.7574340301653024
                },
                "metrics": {
                    "outcome": -6.020721715962658
                },
                "metadata": {
                    "trials": 1
                }
            },
            {
                "query": {
                    "x": 0.7576975859783364
                },
                "metrics": {
                    "outcome": -6.0206323450858195
                },
                "metadata": {
                    "trials": 1
                }
            }
        ],
        [
            {
                "query": {
                    "x": 0.7571008232494534
                },
                "metrics": {
                    "outcome": -6.020728374206998
                },
                "metadata": {
                    "trials": 1
                }
            },
            {
                "query": {
                    "x": 0.7568660474275458
                },
                "metrics": {
                    "outcome": -6.020661927069724
                },
                "metadata": {
                    "trials": 1
                }
            },
            {
                "query": {
                    "x": 0.757555027063715
                },
                "metrics": {
                    "outcome": -6.020689922080263
                },
                "metadata": {
                    "trials": 1
                }
            }
        ],
        [
            {
                "query": {
                    "x": 0.7574319914828517
                },
                "metrics": {
                    "outcome": -6.020722117457726
                },
                "metadata": {
                    "trials": 1
                }
            },
            {
                "query": {
                    "x": 0.7585336687468913
                },
                "metrics": {
                    "outcome": -6.0198552058705115
                },
                "metadata": {
                    "trials": 1
                }
            },
            {
                "query": {
                    "x": 0.7568263850121507
                },
                "metrics": {
                    "outcome": -6.020644904915931
                },
                "metadata": {
                    "trials": 1
                }
            }
        ],
        [
            {
                "query": {
                    "x": 0.7572532324045548
                },
                "metrics": {
                    "outcome": -6.0207400450752715
                },
                "metadata": {
                    "trials": 1
                }
            },
            {
                "query": {
                    "x": 0.7575355419888891
                },
                "metrics": {
                    "outcome": -6.02069610067643
                },
                "metadata": {
                    "trials": 1
                }
            },
            {
                "query": {
                    "x": 0.7566407447137611
                },
                "metrics": {
                    "outcome": -6.020542987972252
                },
                "metadata": {
                    "trials": 1
                }
            }
        ],
        [
            {
                "query": {
                    "x": 0.7573086549938626
                },
                "metrics": {
                    "outcome": -6.020738139610427
                },
                "metadata": {
                    "trials": 1
                }
            },
            {
                "query": {
                    "x": 0.7571321041318605
                },
                "metrics": {
                    "outcome": -6.020732791409031
                },
                "metadata": {
                    "trials": 1
                }
            },
            {
                "query": {
                    "x": 0.757465304651603
                },
                "metrics": {
                    "outcome": -6.0207149995328475
                },
                "metadata": {
                    "trials": 1
                }
            }
        ],
        [
            {
                "query": {
                    "x": 0.7576673529080644
                },
                "metrics": {
                    "outcome": -6.020646375181366
                },
                "metadata": {
                    "trials": 1
                }
            },
            {
                "query": {
                    "x": 0.7567734533185387
                },
                "metrics": {
                    "outcome": -6.020619580246683
                },
                "metadata": {
                    "trials": 1
                }
            },
            {
                "query": {
                    "x": 0.756979975113556
                },
                "metrics": {
                    "outcome": -6.0207015066701235
                },
                "metadata": {
                    "trials": 1
                }
            }
        ],
        [
            {
                "query": {
                    "x": 0.7573655742877053
                },
                "metrics": {
                    "outcome": -6.020732766279341
                },
                "metadata": {
                    "trials": 1
                }
            },
            {
                "query": {
                    "x": 0.7567002706464813
                },
                "metrics": {
                    "outcome": -6.020579658543429
                },
                "metadata": {
                    "trials": 1
                }
            },
            {
                "query": {
                    "x": 0.757154368206706
                },
                "metrics": {
                    "outcome": -6.020735299389461
                },
                "metadata": {
                    "trials": 1
                }
            }
        ],
        [
            {
                "query": {
                    "x": 0.7574446276953043
                },
                "metrics": {
                    "outcome": -6.020719557276261
                },
                "metadata": {
                    "trials": 1
                }
            },
            {
                "query": {
                    "x": 0.757424922232204
                },
                "metrics": {
                    "outcome": -6.0207234752295475
                },
                "metadata": {
                    "trials": 1
                }
            },
            {
                "query": {
                    "x": 0.7574051213851708
                },
                "metrics": {
                    "outcome": -6.020726993790404
                },
                "metadata": {
                    "trials": 1
                }
            }
        ],
        [
            {
                "query": {
                    "x": 0.7578228301153181
                },
                "metrics": {
                    "outcome": -6.020563782726456
                },
                "metadata": {
                    "trials": 1
                }
            },
            {
                "query": {
                    "x": 0.757699723597427
                },
                "metrics": {
                    "outcome": -6.020631316003244
                },
                "metadata": {
                    "trials": 1
                }
            },
            {
                "query": {
                    "x": 0.7571049939188651
                },
                "metrics": {
                    "outcome": -6.0207290234593485
                },
                "metadata": {
                    "trials": 1
                }
            }
        ],
        [
            {
                "query": {
                    "x": 0.7577591594378401
                },
                "metrics": {
                    "outcome": -6.02060074057723
                },
                "metadata": {
                    "trials": 1
                }
            },
            {
                "query": {
                    "x": 0.7570181366763293
                },
                "metrics": {
                    "outcome": -6.020711672840944
                },
                "metadata": {
                    "trials": 1
                }
            },
            {
                "query": {
                    "x": 0.7578602627521518
                },
                "metrics": {
                    "outcome": -6.020540024136699
                },
                "metadata": {
                    "trials": 1
                }
            }
        ],
        [
            {
                "query": {
                    "x": 0.7566279112316537
                },
                "metrics": {
                    "outcome": -6.020534588621817
                },
                "metadata": {
                    "trials": 1
                }
            },
            {
                "query": {
                    "x": 0.7568910657137643
                },
                "metrics": {
                    "outcome": -6.020671803061939
                },
                "metadata": {
                    "trials": 1
                }
            },
            {
                "query": {
                    "x": 0.7574008239410343
                },
                "metrics": {
                    "outcome": -6.02072770205716
                },
                "metadata": {
                    "trials": 1
                }
            }
        ],
        [
            {
                "query": {
                    "x": 0.7578768863712915
                },
                "metrics": {
                    "outcome": -6.020528990753724
                },
                "metadata": {
                    "trials": 1
                }
            },
            {
                "query": {
                    "x": 0.7576912670121606
                },
                "metrics": {
                    "outcome": -6.020635358488673
                },
                "metadata": {
                    "trials": 1
                }
            },
            {
                "query": {
                    "x": 0.7571416767376148
                },
                "metrics": {
                    "outcome": -6.020733934551535
                },
                "metadata": {
                    "trials": 1
                }
            }
        ],
        [
            {
                "query": {
                    "x": 0.7573011564423711
                },
                "metrics": {
                    "outcome": -6.02073858937952
                },
                "metadata": {
                    "trials": 1
                }
            },
            {
                "query": {
                    "x": 0.7571305095746359
                },
                "metrics": {
                    "outcome": -6.020732591490454
                },
                "metadata": {
                    "trials": 1
                }
            },
            {
                "query": {
                    "x": 0.7569896775282844
                },
                "metrics": {
                    "outcome": -6.0207042385069585
                },
                "metadata": {
                    "trials": 1
                }
            }
        ],
        [
            {
                "query": {
                    "x": 0.7575859342985208
                },
                "metrics": {
                    "outcome": -6.020679287684749
                },
                "metadata": {
                    "trials": 1
                }
            },
            {
                "query": {
                    "x": 0.7577269974486259
                },
                "metrics": {
                    "outcome": -6.020617755918814
                },
                "metadata": {
                    "trials": 1
                }
            },
            {
                "query": {
                    "x": 0.757319822161844
                },
                "metrics": {
                    "outcome": -6.020737358427136
                },
                "metadata": {
                    "trials": 1
                }
            }
        ],
        [
            {
                "query": {
                    "x": 0.7577133826238747
                },
                "metrics": {
                    "outcome": -6.020624624672008
                },
                "metadata": {
                    "trials": 1
                }
            },
            {
                "query": {
                    "x": 0.7570028990599657
                },
                "metrics": {
                    "outcome": -6.0207077997018175
                },
                "metadata": {
                    "trials": 1
                }
            },
            {
                "query": {
                    "x": 0.7574484421879238
                },
                "metrics": {
                    "outcome": -6.020718750869935
                },
                "metadata": {
                    "trials": 1
                }
            }
        ],
        [
            {
                "query": {
                    "x": 0.7570532628740573
                },
                "metrics": {
                    "outcome": -6.020719658425315
                },
                "metadata": {
                    "trials": 1
                }
            },
            {
                "query": {
                    "x": 0.7573049179261966
                },
                "metrics": {
                    "outcome": -6.020738371272777
                },
                "metadata": {
                    "trials": 1
                }
            },
            {
                "query": {
                    "x": 0.7573762164627516
                },
                "metrics": {
                    "outcome": -6.02073137734808
                },
                "metadata": {
                    "trials": 1
                }
            }
        ],
        [
            {
                "query": {
                    "x": 0.7571630884447091
                },
                "metrics": {
                    "outcome": -6.020736137536996
                },
                "metadata": {
                    "trials": 1
                }
            },
            {
                "query": {
                    "x": 0.7565584056487025
                },
                "metrics": {
                    "outcome": -6.020486058781426
                },
                "metadata": {
                    "trials": 1
                }
            },
            {
                "query": {
                    "x": 0.7571366529764225
                },
                "metrics": {
                    "outcome": -6.020733346814998
                },
                "metadata": {
                    "trials": 1
                }
            }
        ],
        [
            {
                "query": {
                    "x": 0.7575339285341186
                },
                "metrics": {
                    "outcome": -6.020696594069219
                },
                "metadata": {
                    "trials": 1
                }
            },
            {
                "query": {
                    "x": 0.7573732652612648
                },
                "metrics": {
                    "outcome": -6.02073177464855
                },
                "metadata": {
                    "trials": 1
                }
            },
            {
                "query": {
                    "x": 0.7571686156392009
                },
                "metrics": {
                    "outcome": -6.0207366267637425
                },
                "metadata": {
                    "trials": 1
                }
            }
        ],
        [
            {
                "query": {
                    "x": 0.7578089215712582
                },
                "metrics": {
                    "outcome": -6.020572227304538
                },
                "metadata": {
                    "trials": 1
                }
            },
            {
                "query": {
                    "x": 0.7572298150910469
                },
                "metrics": {
                    "outcome": -6.020739864161913
                },
                "metadata": {
                    "trials": 1
                }
            },
            {
                "query": {
                    "x": 0.7569403078493382
                },
                "metrics": {
                    "outcome": -6.0206892945783945
                },
                "metadata": {
                    "trials": 1
                }
            }
        ],
        [
            {
                "query": {
                    "x": 0.7573230193937379
                },
                "metrics": {
                    "outcome": -6.02073711023017
                },
                "metadata": {
                    "trials": 1
                }
            },
            {
                "query": {
                    "x": 0.7571039006359277
                },
                "metrics": {
                    "outcome": -6.020728855061275
                },
                "metadata": {
                    "trials": 1
                }
            },
            {
                "query": {
                    "x": 0.7573468593945636
                },
                "metrics": {
                    "outcome": -6.0207349151214915
                },
                "metadata": {
                    "trials": 1
                }
            }
        ],
        [
            {
                "query": {
                    "x": 0.7572384439147561
                },
                "metrics": {
                    "outcome": -6.020739998962951
                },
                "metadata": {
                    "trials": 1
                }
            },
            {
                "query": {
                    "x": 0.7573015497422367
                },
                "metrics": {
                    "outcome": -6.020738567282054
                },
                "metadata": {
                    "trials": 1
                }
            },
            {
                "query": {
                    "x": 0.7572245459626483
                },
                "metrics": {
                    "outcome": -6.0207397427474305
                },
                "metadata": {
                    "trials": 1
                }
            }
        ],
        [
            {
                "query": {
                    "x": 0.7574893865655796
                },
                "metrics": {
                    "outcome": -6.020709114586385
                },
                "metadata": {
                    "trials": 1
                }
            },
            {
                "query": {
                    "x": 0.7573374936122079
                },
                "metrics": {
                    "outcome": -6.020735849936533
                },
                "metadata": {
                    "trials": 1
                }
            },
            {
                "query": {
                    "x": 0.7570244182330744
                },
                "metrics": {
                    "outcome": -6.0207131974652555
                },
                "metadata": {
                    "trials": 1
                }
            }
        ],
        [
            {
                "query": {
                    "x": 0.757627568201722
                },
                "metrics": {
                    "outcome": -6.020663345046406
                },
                "metadata": {
                    "trials": 1
                }
            },
            {
                "query": {
                    "x": 0.7573829615815222
                },
                "metrics": {
                    "outcome": -6.020730434334196
                },
                "metadata": {
                    "trials": 1
                }
            },
            {
                "query": {
                    "x": 0.7571316345683213
                },
                "metrics": {
                    "outcome": -6.0207327328190265
                },
                "metadata": {
                    "trials": 1
                }
            }
        ],
        [
            {
                "query": {
                    "x": 0.7572526850776865
                },
                "metrics": {
                    "outcome": -6.020740047530949
                },
                "metadata": {
                    "trials": 1
                }
            },
            {
                "query": {
                    "x": 0.7570981869640939
                },
                "metrics": {
                    "outcome": -6.020727954243121
                },
                "metadata": {
                    "trials": 1
                }
            },
            {
                "query": {
                    "x": 0.7578651751075457
                },
                "metrics": {
                    "outcome": -6.020536794604493
                },
                "metadata": {
                    "trials": 1
                }
            }
        ],
        [
            {
                "query": {
                    "x": 0.7573630593837845
                },
                "metrics": {
                    "outcome": -6.020733076816829
                },
                "metadata": {
                    "trials": 1
                }
            },
            {
                "query": {
                    "x": 0.7572638098349648
                },
                "metrics": {
                    "outcome": -6.020739934776597
                },
                "metadata": {
                    "trials": 1
                }
            },
            {
                "query": {
                    "x": 0.7571812624514473
                },
                "metrics": {
                    "outcome": -6.0207376235112795
                },
                "metadata": {
                    "trials": 1
                }
            }
        ],
        [
            {
                "query": {
                    "x": 0.7571452499809568
                },
                "metrics": {
                    "outcome": -6.020734336200972
                },
                "metadata": {
                    "trials": 1
                }
            },
            {
                "query": {
                    "x": 0.7570092367418192
                },
                "metrics": {
                    "outcome": -6.020709440690087
                },
                "metadata": {
                    "trials": 1
                }
            },
            {
                "query": {
                    "x": 0.7565006298133826
                },
                "metrics": {
                    "outcome": -6.02044181503903
                },
                "metadata": {
                    "trials": 1
                }
            }
        ],
        [
            {
                "query": {
                    "x": 0.7565114982613299
                },
                "metrics": {
                    "outcome": -6.020450408453368
                },
                "metadata": {
                    "trials": 1
                }
            },
            {
                "query": {
                    "x": 0.7569518666957017
                },
                "metrics": {
                    "outcome": -6.020693026187351
                },
                "metadata": {
                    "trials": 1
                }
            },
            {
                "query": {
                    "x": 0.7569113370656693
                },
                "metrics": {
                    "outcome": -6.0206793164475565
                },
                "metadata": {
                    "trials": 1
                }
            }
        ],
        [
            {
                "query": {
                    "x": 0.7574020368910189
                },
                "metrics": {
                    "outcome": -6.02072750414998
                },
                "metadata": {
                    "trials": 1
                }
            },
            {
                "query": {
                    "x": 0.7568053770035273
                },
                "metrics": {
                    "outcome": -6.020635210590681
                },
                "metadata": {
                    "trials": 1
                }
            },
            {
                "query": {
                    "x": 0.7574945131708125
                },
                "metrics": {
                    "outcome": -6.020707781665486
                },
                "metadata": {
                    "trials": 1
                }
            }
        ],
        [
            {
                "query": {
                    "x": 0.7572478167084118
                },
                "metrics": {
                    "outcome": -6.020740055294099
                },
                "metadata": {
                    "trials": 1
                }
            },
            {
                "query": {
                    "x": 0.7579299280221721
                },
                "metrics": {
                    "outcome": -6.02049180211899
                },
                "metadata": {
                    "trials": 1
                }
            },
            {
                "query": {
                    "x": 0.7571470594382028
                },
                "metrics": {
                    "outcome": -6.020734534396074
                },
                "metadata": {
                    "trials": 1
                }
            }
        ],
        [
            {
                "query": {
                    "x": 0.7573764575741128
                },
                "metrics": {
                    "outcome": -6.020731344477405
                },
                "metadata": {
                    "trials": 1
                }
            },
            {
                "query": {
                    "x": 0.7573331784865821
                },
                "metrics": {
                    "outcome": -6.020736249087544
                },
                "metadata": {
                    "trials": 1
                }
            },
            {
                "query": {
                    "x": 0.7575253889641117
                },
                "metrics": {
                    "outcome": -6.020699159049671
                },
                "metadata": {
                    "trials": 1
                }
            }
        ],
        [
            {
                "query": {
                    "x": 0.7572628743602587
                },
                "metrics": {
                    "outcome": -6.020739949348558
                },
                "metadata": {
                    "trials": 1
                }
            },
            {
                "query": {
                    "x": 0.7575126396260677
                },
                "metrics": {
                    "outcome": -6.020702843214053
                },
                "metadata": {
                    "trials": 1
                }
            },
            {
                "query": {
                    "x": 0.7572877365094703
                },
                "metrics": {
                    "outcome": -6.020739244345091
                },
                "metadata": {
                    "trials": 1
                }
            }
        ],
        [
            {
                "query": {
                    "x": 0.7576389992503454
                },
                "metrics": {
                    "outcome": -6.020658642880226
                },
                "metadata": {
                    "trials": 1
                }
            },
            {
                "query": {
                    "x": 0.7572336952230723
                },
                "metrics": {
                    "outcome": -6.0207399346161115
                },
                "metadata": {
                    "trials": 1
                }
            },
            {
                "query": {
                    "x": 0.7570989387344461
                },
                "metrics": {
                    "outcome": -6.020728074756738
                },
                "metadata": {
                    "trials": 1
                }
            }
        ],
        [
            {
                "query": {
                    "x": 0.7575598796015295
                },
                "metrics": {
                    "outcome": -6.0206883201431385
                },
                "metadata": {
                    "trials": 1
                }
            },
            {
                "query": {
                    "x": 0.7574800782917684
                },
                "metrics": {
                    "outcome": -6.020711462846735
                },
                "metadata": {
                    "trials": 1
                }
            },
            {
                "query": {
                    "x": 0.7567311098303285
                },
                "metrics": {
                    "outcome": -6.020597175800483
                },
                "metadata": {
                    "trials": 1
                }
            }
        ]
    ]
}