{
    "date": "09/11/2022 18:22:51",
    "basic_params": {
        "active_variables": [
            "x"
        ],
        "default_query": {},
        "metric": "basic",
        "n_trials": 1
    },
    "objective_function": {
        "name": "Forrester",
        "params": {}
    },
    "optimizer": {
        "name": "BO-MCMC-250",
        "params": {
            "lower_bound": [
                0.0
            ],
            "upper_bound": [
                1.0
            ],
            "invert_metric": false,
            "bopt_params": {
                "n_init_samples": 15,
                "n_iterations": 45,
                "n_iter_relearn": 5,
                "verbose_level": 0,
                "n_parallel_samples": 3,
                "par_type": "PAR_MCMC",
                "l_type": "L_MCMC",
                "burnout_mcmc_parallel": 250,
                "crit_name": "cEI"
            }
        }
    },
    "execution_time": 16.1867516040802,
    "best_results": [
        {
            "query": {
                "x": 0.7572545644857429
            },
            "metrics": [
                {
                    "name": "outcome",
                    "value": -6.020740037761709
                }
            ]
        }
    ],
    "iterations": [
        [
            {
                "query": {
                    "x": 0.0078120971253762645
                },
                "metrics": {
                    "outcome": 2.6408957516658145
                },
                "metadata": {
                    "trials": 1
                }
            }
        ],
        [
            {
                "query": {
                    "x": 0.18294042690346637
                },
                "metrics": {
                    "outcome": -0.7920733496023911
                },
                "metadata": {
                    "trials": 1
                }
            }
        ],
        [
            {
                "query": {
                    "x": 0.46572006222171086
                },
                "metrics": {
                    "outcome": 0.6308444043751542
                },
                "metadata": {
                    "trials": 1
                }
            }
        ],
        [
            {
                "query": {
                    "x": 0.346146163266773
                },
                "metrics": {
                    "outcome": 0.00090512058285446
                },
                "metadata": {
                    "trials": 1
                }
            }
        ],
        [
            {
                "query": {
                    "x": 0.7746395027109733
                },
                "metrics": {
                    "outcome": -5.8518203124555725
                },
                "metadata": {
                    "trials": 1
                }
            }
        ],
        [
            {
                "query": {
                    "x": 0.895991291369622
                },
                "metrics": {
                    "outcome": 5.148445154572113
                },
                "metadata": {
                    "trials": 1
                }
            }
        ],
        [
            {
                "query": {
                    "x": 0.23288261969573795
                },
                "metrics": {
                    "outcome": -0.3392724421618298
                },
                "metadata": {
                    "trials": 1
                }
            }
        ],
        [
            {
                "query": {
                    "x": 0.5216786281360934
                },
                "metrics": {
                    "outcome": 0.9854595755512704
                },
                "metadata": {
                    "trials": 1
                }
            }
        ],
        [
            {
                "query": {
                    "x": 0.10407722216720382
                },
                "metrics": {
                    "outcome": -0.7202636503219673
                },
                "metadata": {
                    "trials": 1
                }
            }
        ],
        [
            {
                "query": {
                    "x": 0.6156188629101962
                },
                "metrics": {
                    "outcome": -0.6981326236700455
                },
                "metadata": {
                    "trials": 1
                }
            }
        ],
        [
            {
                "query": {
                    "x": 0.5599629723156492
                },
                "metrics": {
                    "outcome": 0.7573848194383777
                },
                "metadata": {
                    "trials": 1
                }
            }
        ],
        [
            {
                "query": {
                    "x": 0.27957839068646234
                },
                "metrics": {
                    "outcome": -0.06254482565272644
                },
                "metadata": {
                    "trials": 1
                }
            }
        ],
        [
            {
                "query": {
                    "x": 0.9773234039545059
                },
                "metrics": {
                    "outcome": 14.811488515439583
                },
                "metadata": {
                    "trials": 1
                }
            }
        ],
        [
            {
                "query": {
                    "x": 0.7169237326364964
                },
                "metrics": {
                    "outcome": -5.265485606031661
                },
                "metadata": {
                    "trials": 1
                }
            }
        ],
        [
            {
                "query": {
                    "x": 0.8028807847760617
                },
                "metrics": {
                    "outcome": -4.794670638628993
                },
                "metadata": {
                    "trials": 1
                }
            }
        ],
        [
            {
                "query": {
                    "x": 0.7514885607059426
                },
                "metrics": {
                    "outcome": -6.0033191301534865
                },
                "metadata": {
                    "trials": 1
                }
            },
            {
                "query": {
                    "x": 0.7402136356889069
                },
                "metrics": {
                    "outcome": -5.8737679821827
                },
                "metadata": {
                    "trials": 1
                }
            },
            {
                "query": {
                    "x": 0.7393260511511089
                },
                "metrics": {
                    "outcome": -5.8585410021183915
                },
                "metadata": {
                    "trials": 1
                }
            }
        ],
        [
            {
                "query": {
                    "x": 0.7558007714545354
                },
                "metrics": {
                    "outcome": -6.01962507385388
                },
                "metadata": {
                    "trials": 1
                }
            },
            {
                "query": {
                    "x": 0.7602950011161103
                },
                "metrics": {
                    "outcome": -6.015742225522664
                },
                "metadata": {
                    "trials": 1
                }
            },
            {
                "query": {
                    "x": 0.752809617612252
                },
                "metrics": {
                    "outcome": -6.010352380715303
                },
                "metadata": {
                    "trials": 1
                }
            }
        ],
        [
            {
                "query": {
                    "x": 0.7576560072872636
                },
                "metrics": {
                    "outcome": -6.020651387460743
                },
                "metadata": {
                    "trials": 1
                }
            },
            {
                "query": {
                    "x": 0.7571921177220783
                },
                "metrics": {
                    "outcome": -6.020738342903449
                },
                "metadata": {
                    "trials": 1
                }
            },
            {
                "query": {
                    "x": 0.7556219522331801
                },
                "metrics": {
                    "outcome": -6.0193334083330345
                },
                "metadata": {
                    "trials": 1
                }
            }
        ],
        [
            {
                "query": {
                    "x": 0.7559303736425463
                },
                "metrics": {
                    "outcome": -6.019815388256748
                },
                "metadata": {
                    "trials": 1
                }
            },
            {
                "query": {
                    "x": 0.7569230987253566
                },
                "metrics": {
                    "outcome": -6.020683475190535
                },
                "metadata": {
                    "trials": 1
                }
            },
            {
                "query": {
                    "x": 0.7565568324096204
                },
                "metrics": {
                    "outcome": -6.020484900950452
                },
                "metadata": {
                    "trials": 1
                }
            }
        ],
        [
            {
                "query": {
                    "x": 0.7568438559757019
                },
                "metrics": {
                    "outcome": -6.020652609353429
                },
                "metadata": {
                    "trials": 1
                }
            },
            {
                "query": {
                    "x": 0.7579264236133177
                },
                "metrics": {
                    "outcome": -6.020494352359423
                },
                "metadata": {
                    "trials": 1
                }
            },
            {
                "query": {
                    "x": 0.757233940819838
                },
                "metrics": {
                    "outcome": -6.020739938534566
                },
                "metadata": {
                    "trials": 1
                }
            }
        ],
        [
            {
                "query": {
                    "x": 0.7565540892271775
                },
                "metrics": {
                    "outcome": -6.020482875810065
                },
                "metadata": {
                    "trials": 1
                }
            },
            {
                "query": {
                    "x": 0.7576356162086118
                },
                "metrics": {
                    "outcome": -6.020660049082656
                },
                "metadata": {
                    "trials": 1
                }
            },
            {
                "query": {
                    "x": 0.7577741095545325
                },
                "metrics": {
                    "outcome": -6.02059245346697
                },
                "metadata": {
                    "trials": 1
                }
            }
        ],
        [
            {
                "query": {
                    "x": 0.7581107267030278
                },
                "metrics": {
                    "outcome": -6.020342324798315
                },
                "metadata": {
                    "trials": 1
                }
            },
            {
                "query": {
                    "x": 0.7581116938588248
                },
                "metrics": {
                    "outcome": -6.020341430676319
                },
                "metadata": {
                    "trials": 1
                }
            },
            {
                "query": {
                    "x": 0.7568154970190201
                },
                "metrics": {
                    "outcome": -6.020639939179982
                },
                "metadata": {
                    "trials": 1
                }
            }
        ],
        [
            {
                "query": {
                    "x": 0.756444456482258
                },
                "metrics": {
                    "outcome": -6.020395402329039
                },
                "metadata": {
                    "trials": 1
                }
            },
            {
                "query": {
                    "x": 0.7571668943739015
                },
                "metrics": {
                    "outcome": -6.020736477905752
                },
                "metadata": {
                    "trials": 1
                }
            },
            {
                "query": {
                    "x": 0.758258758968963
                },
                "metrics": {
                    "outcome": -6.020193755633414
                },
                "metadata": {
                    "trials": 1
                }
            }
        ],
        [
            {
                "query": {
                    "x": 0.7574290285797006
                },
                "metrics": {
                    "outcome": -6.020722693041557
                },
                "metadata": {
                    "trials": 1
                }
            },
            {
                "query": {
                    "x": 0.7565811759328573
                },
                "metrics": {
                    "outcome": -6.020502522389044
                },
                "metadata": {
                    "trials": 1
                }
            },
            {
                "query": {
                    "x": 0.7568598577292597
                },
                "metrics": {
                    "outcome": -6.02065938086085
                },
                "metadata": {
                    "trials": 1
                }
            }
        ],
        [
            {
                "query": {
                    "x": 0.7570373787577827
                },
                "metrics": {
                    "outcome": -6.020716210250664
                },
                "metadata": {
                    "trials": 1
                }
            },
            {
                "query": {
                    "x": 0.757225425265485
                },
                "metrics": {
                    "outcome": -6.020739765069722
                },
                "metadata": {
                    "trials": 1
                }
            },
            {
                "query": {
                    "x": 0.7570938285726246
                },
                "metrics": {
                    "outcome": -6.0207272436870305
                },
                "metadata": {
                    "trials": 1
                }
            }
        ],
        [
            {
                "query": {
                    "x": 0.7574617460280303
                },
                "metrics": {
                    "outcome": -6.02071581653498
                },
                "metadata": {
                    "trials": 1
                }
            },
            {
                "query": {
                    "x": 0.7571586764966797
                },
                "metrics": {
                    "outcome": -6.020735723624176
                },
                "metadata": {
                    "trials": 1
                }
            },
            {
                "query": {
                    "x": 0.7575492496756455
                },
                "metrics": {
                    "outcome": -6.020691796451794
                },
                "metadata": {
                    "trials": 1
                }
            }
        ],
        [
            {
                "query": {
                    "x": 0.756611128937818
                },
                "metrics": {
                    "outcome": -6.020523340831792
                },
                "metadata": {
                    "trials": 1
                }
            },
            {
                "query": {
                    "x": 0.7581420166760079
                },
                "metrics": {
                    "outcome": -6.0203128872397
                },
                "metadata": {
                    "trials": 1
                }
            },
            {
                "query": {
                    "x": 0.7571558943337736
                },
                "metrics": {
                    "outcome": -6.0207354519318255
                },
                "metadata": {
                    "trials": 1
                }
            }
        ],
        [
            {
                "query": {
                    "x": 0.7574586909913352
                },
                "metrics": {
                    "outcome": -6.020716507112586
                },
                "metadata": {
                    "trials": 1
                }
            },
            {
                "query": {
                    "x": 0.757413743990133
                },
                "metrics": {
                    "outcome": -6.02072551311828
                },
                "metadata": {
                    "trials": 1
                }
            },
            {
                "query": {
                    "x": 0.7574669731377356
                },
                "metrics": {
                    "outcome": -6.020714611809727
                },
                "metadata": {
                    "trials": 1
                }
            }
        ],
        [
            {
                "query": {
                    "x": 0.757008108135907
                },
                "metrics": {
                    "outcome": -6.02070915159799
                },
                "metadata": {
                    "trials": 1
                }
            },
            {
                "query": {
                    "x": 0.7569063139440076
                },
                "metrics": {
                    "outcome": -6.020677495454943
                },
                "metadata": {
                    "trials": 1
                }
            },
            {
                "query": {
                    "x": 0.7581525291471617
                },
                "metrics": {
                    "outcome": -6.020302760691098
                },
                "metadata": {
                    "trials": 1
                }
            }
        ],
        [
            {
                "query": {
                    "x": 0.7574504753532557
                },
                "metrics": {
                    "outcome": -6.020718314687047
                },
                "metadata": {
                    "trials": 1
                }
            },
            {
                "query": {
                    "x": 0.757627012679265
                },
                "metrics": {
                    "outcome": -6.02066356999336
                },
                "metadata": {
                    "trials": 1
                }
            },
            {
                "query": {
                    "x": 0.7573878791142361
                },
                "metrics": {
                    "outcome": -6.020729716168526
                },
                "metadata": {
                    "trials": 1
                }
            }
        ],
        [
            {
                "query": {
                    "x": 0.7575328722747594
                },
                "metrics": {
                    "outcome": -6.020696915562723
                },
                "metadata": {
                    "trials": 1
                }
            },
            {
                "query": {
                    "x": 0.7579512963275035
                },
                "metrics": {
                    "outcome": -6.02047596642801
                },
                "metadata": {
                    "trials": 1
                }
            },
            {
                "query": {
                    "x": 0.7569090805880094
                },
                "metrics": {
                    "outcome": -6.020678501748545
                },
                "metadata": {
                    "trials": 1
                }
            }
        ],
        [
            {
                "query": {
                    "x": 0.7570014096278953
                },
                "metrics": {
                    "outcome": -6.020707407837307
                },
                "metadata": {
                    "trials": 1
                }
            },
            {
                "query": {
                    "x": 0.7573098071070402
                },
                "metrics": {
                    "outcome": -6.020738065180956
                },
                "metadata": {
                    "trials": 1
                }
            },
            {
                "query": {
                    "x": 0.7570550868161373
                },
                "metrics": {
                    "outcome": -6.020720037154525
                },
                "metadata": {
                    "trials": 1
                }
            }
        ],
        [
            {
                "query": {
                    "x": 0.7571637912501441
                },
                "metrics": {
                    "outcome": -6.020736201553486
                },
                "metadata": {
                    "trials": 1
                }
            },
            {
                "query": {
                    "x": 0.7573717105287076
                },
                "metrics": {
                    "outcome": -6.0207319802068
                },
                "metadata": {
                    "trials": 1
                }
            },
            {
                "query": {
                    "x": 0.7571814651061474
                },
                "metrics": {
                    "outcome": -6.020737638093636
                },
                "metadata": {
                    "trials": 1
                }
            }
        ],
        [
            {
                "query": {
                    "x": 0.7578195367512871
                },
                "metrics": {
                    "outcome": -6.020565801052625
                },
                "metadata": {
                    "trials": 1
                }
            },
            {
                "query": {
                    "x": 0.7571776520643302
                },
                "metrics": {
                    "outcome": -6.020737356372765
                },
                "metadata": {
                    "trials": 1
                }
            },
            {
                "query": {
                    "x": 0.7568142594348426
                },
                "metrics": {
                    "outcome": -6.020639366765471
                },
                "metadata": {
                    "trials": 1
                }
            }
        ],
        [
            {
                "query": {
                    "x": 0.7572851247026675
                },
                "metrics": {
                    "outcome": -6.020739349447589
                },
                "metadata": {
                    "trials": 1
                }
            },
            {
                "query": {
                    "x": 0.7569193226526388
                },
                "metrics": {
                    "outcome": -6.020682156085762
                },
                "metadata": {
                    "trials": 1
                }
            },
            {
                "query": {
                    "x": 0.7570874342116566
                },
                "metrics": {
                    "outcome": -6.020726164535706
                },
                "metadata": {
                    "trials": 1
                }
            }
        ],
        [
            {
                "query": {
                    "x": 0.7573064245667683
                },
                "metrics": {
                    "outcome": -6.020738279670896
                },
                "metadata": {
                    "trials": 1
                }
            },
            {
                "query": {
                    "x": 0.7571937794348842
                },
                "metrics": {
                    "outcome": -6.02073844192579
                },
                "metadata": {
                    "trials": 1
                }
            },
            {
                "query": {
                    "x": 0.75695865555714
                },
                "metrics": {
                    "outcome": -6.020695151529129
                },
                "metadata": {
                    "trials": 1
                }
            }
        ],
        [
            {
                "query": {
                    "x": 0.7575678175190266
                },
                "metrics": {
                    "outcome": -6.020685645287935
                },
                "metadata": {
                    "trials": 1
                }
            },
            {
                "query": {
                    "x": 0.7572353822948524
                },
                "metrics": {
                    "outcome": -6.020739960234587
                },
                "metadata": {
                    "trials": 1
                }
            },
            {
                "query": {
                    "x": 0.7575329155427658
                },
                "metrics": {
                    "outcome": -6.0206969024167085
                },
                "metadata": {
                    "trials": 1
                }
            }
        ],
        [
            {
                "query": {
                    "x": 0.7575176889176044
                },
                "metrics": {
                    "outcome": -6.020701404934706
                },
                "metadata": {
                    "trials": 1
                }
            },
            {
                "query": {
                    "x": 0.7573945919670177
                },
                "metrics": {
                    "outcome": -6.020728694069886
                },
                "metadata": {
                    "trials": 1
                }
            },
            {
                "query": {
                    "x": 0.7579215078778863
                },
                "metrics": {
                    "outcome": -6.0204979074249465
                },
                "metadata": {
                    "trials": 1
                }
            }
        ],
        [
            {
                "query": {
                    "x": 0.7572545644857429
                },
                "metrics": {
                    "outcome": -6.020740037761709
                },
                "metadata": {
                    "trials": 1
                }
            },
            {
                "query": {
                    "x": 0.7568761753652097
                },
                "metrics": {
                    "outcome": -6.020666005358958
                },
                "metadata": {
                    "trials": 1
                }
            },
            {
                "query": {
                    "x": 0.7573934630808974
                },
                "metrics": {
                    "outcome": -6.02072886932433
                },
                "metadata": {
                    "trials": 1
                }
            }
        ],
        [
            {
                "query": {
                    "x": 0.7569480596597129
                },
                "metrics": {
                    "outcome": -6.020691812858431
                },
                "metadata": {
                    "trials": 1
                }
            },
            {
                "query": {
                    "x": 0.7566620657893851
                },
                "metrics": {
                    "outcome": -6.020556555497508
                },
                "metadata": {
                    "trials": 1
                }
            },
            {
                "query": {
                    "x": 0.757420021960828
                },
                "metrics": {
                    "outcome": -6.02072438504268
                },
                "metadata": {
                    "trials": 1
                }
            }
        ],
        [
            {
                "query": {
                    "x": 0.756911884364136
                },
                "metrics": {
                    "outcome": -6.020679513232066
                },
                "metadata": {
                    "trials": 1
                }
            },
            {
                "query": {
                    "x": 0.7570641581317581
                },
                "metrics": {
                    "outcome": -6.02072186806021
                },
                "metadata": {
                    "trials": 1
                }
            },
            {
                "query": {
                    "x": 0.7576428065824821
                },
                "metrics": {
                    "outcome": -6.020657045648729
                },
                "metadata": {
                    "trials": 1
                }
            }
        ],
        [
            {
                "query": {
                    "x": 0.7571448933663076
                },
                "metrics": {
                    "outcome": -6.020734296727805
                },
                "metadata": {
                    "trials": 1
                }
            },
            {
                "query": {
                    "x": 0.7570836191005647
                },
                "metrics": {
                    "outcome": -6.0207254999032696
                },
                "metadata": {
                    "trials": 1
                }
            },
            {
                "query": {
                    "x": 0.7569528269861783
                },
                "metrics": {
                    "outcome": -6.020693329800181
                },
                "metadata": {
                    "trials": 1
                }
            }
        ],
        [
            {
                "query": {
                    "x": 0.7574875167968339
                },
                "metrics": {
                    "outcome": -6.020709593727516
                },
                "metadata": {
                    "trials": 1
                }
            },
            {
                "query": {
                    "x": 0.7570183809619918
                },
                "metrics": {
                    "outcome": -6.020711732918612
                },
                "metadata": {
                    "trials": 1
                }
            },
            {
                "query": {
                    "x": 0.7573352010165165
                },
                "metrics": {
                    "outcome": -6.020736064480563
                },
                "metadata": {
                    "trials": 1
                }
            }
        ],
        [
            {
                "query": {
                    "x": 0.7570804136482132
                },
                "metrics": {
                    "outcome": -6.020724929479486
                },
                "metadata": {
                    "trials": 1
                }
            },
            {
                "query": {
                    "x": 0.7572773211391498
                },
                "metrics": {
                    "outcome": -6.0207396200580225
                },
                "metadata": {
                    "trials": 1
                }
            },
            {
                "query": {
                    "x": 0.7565910444265525
                },
                "metrics": {
                    "outcome": -6.020509486602657
                },
                "metadata": {
                    "trials": 1
                }
            }
        ],
        [
            {
                "query": {
                    "x": 0.7569725379850942
                },
                "metrics": {
                    "outcome": -6.020699344740435
                },
                "metadata": {
                    "trials": 1
                }
            },
            {
                "query": {
                    "x": 0.7571676348181157
                },
                "metrics": {
                    "outcome": -6.020736542328192
                },
                "metadata": {
                    "trials": 1
                }
            },
            {
                "query": {
                    "x": 0.757079142126091
                },
                "metrics": {
                    "outcome": -6.02072470017126
                },
                "metadata": {
                    "trials": 1
                }
            }
        ],
        [
            {
                "query": {
                    "x": 0.7574429729967547
                },
                "metrics": {
                    "outcome": -6.020719902248561
                },
                "metadata": {
                    "trials": 1
                }
            },
            {
                "query": {
                    "x": 0.7574438489194449
                },
                "metrics": {
                    "outcome": -6.020719720000679
                },
                "metadata": {
                    "trials": 1
                }
            },
            {
                "query": {
                    "x": 0.757577212165173
                },
                "metrics": {
                    "outcome": -6.020682392365545
                },
                "metadata": {
                    "trials": 1
                }
            }
        ],
        [
            {
                "query": {
                    "x": 0.757561051537451
                },
                "metrics": {
                    "outcome": -6.0206879294792754
                },
                "metadata": {
                    "trials": 1
                }
            },
            {
                "query": {
                    "x": 0.7571229309414538
                },
                "metrics": {
                    "outcome": -6.020731604228822
                },
                "metadata": {
                    "trials": 1
                }
            },
            {
                "query": {
                    "x": 0.7570756864900029
                },
                "metrics": {
                    "outcome": -6.020724068266195
                },
                "metadata": {
                    "trials": 1
                }
            }
        ],
        [
            {
                "query": {
                    "x": 0.7569886083892663
                },
                "metrics": {
                    "outcome": -6.020703942395287
                },
                "metadata": {
                    "trials": 1
                }
            },
            {
                "query": {
                    "x": 0.75732476283175
                },
                "metrics": {
                    "outcome": -6.020736970286661
                },
                "metadata": {
                    "trials": 1
                }
            },
            {
                "query": {
                    "x": 0.7577391732374557
                },
                "metrics": {
                    "outcome": -6.020611444796329
                },
                "metadata": {
                    "trials": 1
                }
            }
        ],
        [
            {
                "query": {
                    "x": 0.7573614082657865
                },
                "metrics": {
                    "outcome": -6.020733277018219
                },
                "metadata": {
                    "trials": 1
                }
            },
            {
                "query": {
                    "x": 0.7574293697306872
                },
                "metrics": {
                    "outcome": -6.020722627246744
                },
                "metadata": {
                    "trials": 1
                }
            },
            {
                "query": {
                    "x": 0.7574427823230578
                },
                "metrics": {
                    "outcome": -6.02071994181209
                },
                "metadata": {
                    "trials": 1
                }
            }
        ],
        [
            {
                "query": {
                    "x": 0.7570324347467412
                },
                "metrics": {
                    "outcome": -6.020715082097974
                },
                "metadata": {
                    "trials": 1
                }
            },
            {
                "query": {
                    "x": 0.7571399275478429
                },
                "metrics": {
                    "outcome": -6.020733732967318
                },
                "metadata": {
                    "trials": 1
                }
            },
            {
                "query": {
                    "x": 0.7567522982850807
                },
                "metrics": {
                    "outcome": -6.020608625208924
                },
                "metadata": {
                    "trials": 1
                }
            }
        ],
        [
            {
                "query": {
                    "x": 0.7570109410727281
                },
                "metrics": {
                    "outcome": -6.02070987468096
                },
                "metadata": {
                    "trials": 1
                }
            },
            {
                "query": {
                    "x": 0.7570269424724227
                },
                "metrics": {
                    "outcome": -6.020713798287629
                },
                "metadata": {
                    "trials": 1
                }
            },
            {
                "query": {
                    "x": 0.7567367152835581
                },
                "metrics": {
                    "outcome": -6.020600251208664
                },
                "metadata": {
                    "trials": 1
                }
            }
        ],
        [
            {
                "query": {
                    "x": 0.7572045860473153
                },
                "metrics": {
                    "outcome": -6.020739013977558
                },
                "metadata": {
                    "trials": 1
                }
            },
            {
                "query": {
                    "x": 0.75782581115886
                },
                "metrics": {
                    "outcome": -6.02056194576782
                },
                "metadata": {
                    "trials": 1
                }
            },
            {
                "query": {
                    "x": 0.7569777054203324
                },
                "metrics": {
                    "outcome": -6.020700853132064
                },
                "metadata": {
                    "trials": 1
                }
            }
        ],
        [
            {
                "query": {
                    "x": 0.7566552670548986
                },
                "metrics": {
                    "outcome": -6.020552281622068
                },
                "metadata": {
                    "trials": 1
                }
            },
            {
                "query": {
                    "x": 0.7570697818515494
                },
                "metrics": {
                    "outcome": -6.020722959061315
                },
                "metadata": {
                    "trials": 1
                }
            },
            {
                "query": {
                    "x": 0.7568145436416345
                },
                "metrics": {
                    "outcome": -6.020639498362575
                },
                "metadata": {
                    "trials": 1
                }
            }
        ],
        [
            {
                "query": {
                    "x": 0.7567729630779
                },
                "metrics": {
                    "outcome": -6.020619331765248
                },
                "metadata": {
                    "trials": 1
                }
            },
            {
                "query": {
                    "x": 0.757351368980845
                },
                "metrics": {
                    "outcome": -6.020734431570503
                },
                "metadata": {
                    "trials": 1
                }
            },
            {
                "query": {
                    "x": 0.7567814638861232
                },
                "metrics": {
                    "outcome": -6.020623604235136
                },
                "metadata": {
                    "trials": 1
                }
            }
        ],
        [
            {
                "query": {
                    "x": 0.7573054537849744
                },
                "metrics": {
                    "outcome": -6.020738338971151
                },
                "metadata": {
                    "trials": 1
                }
            },
            {
                "query": {
                    "x": 0.7572413697340759
                },
                "metrics": {
                    "outcome": -6.020740026619545
                },
                "metadata": {
                    "trials": 1
                }
            },
            {
                "query": {
                    "x": 0.757603143620925
                },
                "metrics": {
                    "outcome": -6.020672922955714
                },
                "metadata": {
                    "trials": 1
                }
            }
        ],
        [
            {
                "query": {
                    "x": 0.7565654953453184
                },
                "metrics": {
                    "outcome": -6.020491243866037
                },
                "metadata": {
                    "trials": 1
                }
            },
            {
                "query": {
                    "x": 0.7574989598661183
                },
                "metrics": {
                    "outcome": -6.020706602741706
                },
                "metadata": {
                    "trials": 1
                }
            },
            {
                "query": {
                    "x": 0.7572297810071394
                },
                "metrics": {
                    "outcome": -6.020739863471798
                },
                "metadata": {
                    "trials": 1
                }
            }
        ],
        [
            {
                "query": {
                    "x": 0.7578957403202581
                },
                "metrics": {
                    "outcome": -6.020516117960645
                },
                "metadata": {
                    "trials": 1
                }
            },
            {
                "query": {
                    "x": 0.7575394416986502
                },
                "metrics": {
                    "outcome": -6.0206948966401415
                },
                "metadata": {
                    "trials": 1
                }
            },
            {
                "query": {
                    "x": 0.7572213454068473
                },
                "metrics": {
                    "outcome": -6.0207396545255545
                },
                "metadata": {
                    "trials": 1
                }
            }
        ],
        [
            {
                "query": {
                    "x": 0.7570466941024521
                },
                "metrics": {
                    "outcome": -6.020718265074536
                },
                "metadata": {
                    "trials": 1
                }
            },
            {
                "query": {
                    "x": 0.7570730089170619
                },
                "metrics": {
                    "outcome": -6.02072356988293
                },
                "metadata": {
                    "trials": 1
                }
            },
            {
                "query": {
                    "x": 0.757876540993944
                },
                "metrics": {
                    "outcome": -6.02052922300477
                },
                "metadata": {
                    "trials": 1
                }
            }
        ],
        [
            {
                "query": {
                    "x": 0.7572971584153547
                },
                "metrics": {
                    "outcome": -6.020738804628366
                },
                "metadata": {
                    "trials": 1
                }
            },
            {
                "query": {
                    "x": 0.757200879331578
                },
                "metrics": {
                    "outcome": -6.0207388318089325
                },
                "metadata": {
                    "trials": 1
                }
            },
            {
                "query": {
                    "x": 0.7577458287326867
                },
                "metrics": {
                    "outcome": -6.02060792782245
                },
                "metadata": {
                    "trials": 1
                }
            }
        ],
        [
            {
                "query": {
                    "x": 0.7569856193055278
                },
                "metrics": {
                    "outcome": -6.020703108067272
                },
                "metadata": {
                    "trials": 1
                }
            },
            {
                "query": {
                    "x": 0.7571486825552841
                },
                "metrics": {
                    "outcome": -6.020734709208199
                },
                "metadata": {
                    "trials": 1
                }
            },
            {
                "query": {
                    "x": 0.7573540241949817
                },
                "metrics": {
                    "outcome": -6.02073413669114
                },
                "metadata": {
                    "trials": 1
                }
            }
        ]
    ]
}