{
    "date": "04/11/2022 14:02:49",
    "basic_params": {
        "active_variables": [
            "x1",
            "x2"
        ],
        "default_query": {},
        "metric": "basic",
        "n_trials": 1
    },
    "objective_function": {
        "name": "Beale",
        "params": {}
    },
    "optimizer": {
        "name": "BBO-LP(LCB)",
        "params": {
            "lower_bound": [
                -4.5,
                -4.5
            ],
            "upper_bound": [
                4.5,
                4.5
            ],
            "invert_metric": false,
            "bopt_params": {
                "n_init_samples": 15,
                "n_iterations": 45,
                "n_iter_relearn": 5,
                "verbose_level": 1,
                "n_parallel_samples": 3,
                "par_type": "PAR_BBO",
                "crit_name": "cLP(cLCB)",
                "n_crit_params": 3,
                "crit_params": [
                    3,
                    1,
                    1.0
                ]
            }
        }
    },
    "iterations": [
        [
            {
                "query": {
                    "x1": -1.2688143745064733,
                    "x2": -3.476369134755805
                },
                "metrics": {
                    "outcome": 3462.955634633901
                },
                "metadata": {
                    "trials": 1
                }
            }
        ],
        [
            {
                "query": {
                    "x1": -0.8442355647683142,
                    "x2": -0.7599622745532546
                },
                "metrics": {
                    "outcome": 30.453686838882767
                },
                "metadata": {
                    "trials": 1
                }
            }
        ],
        [
            {
                "query": {
                    "x1": 2.101442449400202,
                    "x2": -2.677840982750058
                },
                "metrics": {
                    "outcome": 1856.7294967209064
                },
                "metadata": {
                    "trials": 1
                }
            }
        ],
        [
            {
                "query": {
                    "x1": -3.124814725806937,
                    "x2": -1.8563685653731228
                },
                "metrics": {
                    "outcome": 800.3325372231305
                },
                "metadata": {
                    "trials": 1
                }
            }
        ],
        [
            {
                "query": {
                    "x1": -3.5234483500476927,
                    "x2": 0.30534445010125655
                },
                "metrics": {
                    "outcome": 81.81076482875133
                },
                "metadata": {
                    "trials": 1
                }
            }
        ],
        [
            {
                "query": {
                    "x1": 0.37935036644339615,
                    "x2": 2.772347149159759
                },
                "metrics": {
                    "outcome": 134.31289061246667
                },
                "metadata": {
                    "trials": 1
                }
            }
        ],
        [
            {
                "query": {
                    "x1": 3.474737341096624,
                    "x2": 0.2486702760681503
                },
                "metrics": {
                    "outcome": 2.8875373264118833
                },
                "metadata": {
                    "trials": 1
                }
            }
        ],
        [
            {
                "query": {
                    "x1": -3.9984449369832875,
                    "x2": 2.0610954122152183
                },
                "metrics": {
                    "outcome": 928.580307043735
                },
                "metadata": {
                    "trials": 1
                }
            }
        ],
        [
            {
                "query": {
                    "x1": 1.9398302576970314,
                    "x2": -1.2080187007784846
                },
                "metrics": {
                    "outcome": 25.0893794748161
                },
                "metadata": {
                    "trials": 1
                }
            }
        ],
        [
            {
                "query": {
                    "x1": -1.9496394855435937,
                    "x2": 4.149347723694518
                },
                "metrics": {
                    "outcome": 19029.949120003064
                },
                "metadata": {
                    "trials": 1
                }
            }
        ],
        [
            {
                "query": {
                    "x1": 2.7098170723300425,
                    "x2": 2.5699463912285863
                },
                "metrics": {
                    "outcome": 2444.9381541031435
                },
                "metadata": {
                    "trials": 1
                }
            }
        ],
        [
            {
                "query": {
                    "x1": 1.074951976630837,
                    "x2": -4.349183097900823
                },
                "metrics": {
                    "outcome": 8029.234380893443
                },
                "metadata": {
                    "trials": 1
                }
            }
        ],
        [
            {
                "query": {
                    "x1": 0.05631645102985239,
                    "x2": 1.1364167487714436
                },
                "metrics": {
                    "outcome": 14.439309530862147
                },
                "metadata": {
                    "trials": 1
                }
            }
        ],
        [
            {
                "query": {
                    "x1": 4.4484827585052695,
                    "x2": 3.8484883685130633
                },
                "metrics": {
                    "outcome": 67628.68785737544
                },
                "metadata": {
                    "trials": 1
                }
            }
        ],
        [
            {
                "query": {
                    "x1": -2.4273368935100734,
                    "x2": -2.8531547552905976
                },
                "metrics": {
                    "outcome": 4118.892227494144
                },
                "metadata": {
                    "trials": 1
                }
            }
        ],
        [
            {
                "query": {
                    "x1": -2.0490794785112962,
                    "x2": 2.986089390897667
                },
                "metrics": {
                    "outcome": 2690.335674183924
                },
                "metadata": {
                    "trials": 1
                }
            },
            {
                "query": {
                    "x1": -2.0490794785112962,
                    "x2": 2.986089390897667
                },
                "metrics": {
                    "outcome": 2690.335674183924
                },
                "metadata": {
                    "trials": 1
                }
            },
            {
                "query": {
                    "x1": -2.0490794785112962,
                    "x2": 2.986089390897667
                },
                "metrics": {
                    "outcome": 2690.335674183924
                },
                "metadata": {
                    "trials": 1
                }
            }
        ],
        [
            {
                "query": {
                    "x1": 3.5054078355903435,
                    "x2": 0.1433744973325881
                },
                "metrics": {
                    "outcome": 4.415823184773146
                },
                "metadata": {
                    "trials": 1
                }
            },
            {
                "query": {
                    "x1": 3.506421553840104,
                    "x2": 0.15178522299880992
                },
                "metrics": {
                    "outcome": 4.310824837569364
                },
                "metadata": {
                    "trials": 1
                }
            },
            {
                "query": {
                    "x1": 3.4993540669743988,
                    "x2": 0.12954698582198887
                },
                "metrics": {
                    "outcome": 4.55902809515109
                },
                "metadata": {
                    "trials": 1
                }
            }
        ],
        [
            {
                "query": {
                    "x1": 3.5429725096322624,
                    "x2": 0.21886914791743983
                },
                "metrics": {
                    "outcome": 3.6441667140296516
                },
                "metadata": {
                    "trials": 1
                }
            },
            {
                "query": {
                    "x1": 3.542396250167833,
                    "x2": 0.2188856010995437
                },
                "metrics": {
                    "outcome": 3.640569620479355
                },
                "metadata": {
                    "trials": 1
                }
            },
            {
                "query": {
                    "x1": 3.5016138312995295,
                    "x2": 0.2188986029379425
                },
                "metrics": {
                    "outcome": 3.405602424331201
                },
                "metadata": {
                    "trials": 1
                }
            }
        ],
        [
            {
                "query": {
                    "x1": 3.532718207312648,
                    "x2": 0.2372385833559134
                },
                "metrics": {
                    "outcome": 3.3424789671765893
                },
                "metadata": {
                    "trials": 1
                }
            },
            {
                "query": {
                    "x1": 3.5251405352055336,
                    "x2": 0.23728749505273683
                },
                "metrics": {
                    "outcome": 3.2998039491036826
                },
                "metadata": {
                    "trials": 1
                }
            },
            {
                "query": {
                    "x1": 3.551031736598821,
                    "x2": 0.23729485245131343
                },
                "metrics": {
                    "outcome": 3.444486989243818
                },
                "metadata": {
                    "trials": 1
                }
            }
        ],
        [
            {
                "query": {
                    "x1": 3.480921245944197,
                    "x2": 0.19536524719321946
                },
                "metrics": {
                    "outcome": 3.5868479117330994
                },
                "metadata": {
                    "trials": 1
                }
            },
            {
                "query": {
                    "x1": 3.5047355526551573,
                    "x2": 0.19536393110905514
                },
                "metrics": {
                    "outcome": 3.7277080530425613
                },
                "metadata": {
                    "trials": 1
                }
            },
            {
                "query": {
                    "x1": 3.49739914746194,
                    "x2": 0.1953833967161165
                },
                "metrics": {
                    "outcome": 3.6837582430736755
                },
                "metadata": {
                    "trials": 1
                }
            }
        ],
        [
            {
                "query": {
                    "x1": 4.323012719552576,
                    "x2": -0.15254906101933852
                },
                "metrics": {
                    "outcome": 18.953702054328406
                },
                "metadata": {
                    "trials": 1
                }
            },
            {
                "query": {
                    "x1": 4.323008198579851,
                    "x2": -0.15252077755004478
                },
                "metrics": {
                    "outcome": 18.952899108572005
                },
                "metadata": {
                    "trials": 1
                }
            },
            {
                "query": {
                    "x1": 4.322992752701408,
                    "x2": -0.15255395808721417
                },
                "metrics": {
                    "outcome": 18.953523209003766
                },
                "metadata": {
                    "trials": 1
                }
            }
        ],
        [
            {
                "query": {
                    "x1": 4.232938943537043,
                    "x2": 0.24583964716016649
                },
                "metrics": {
                    "outcome": 8.234014868730855
                },
                "metadata": {
                    "trials": 1
                }
            },
            {
                "query": {
                    "x1": 4.232939469858328,
                    "x2": 0.24583749430609725
                },
                "metrics": {
                    "outcome": 8.234070949127627
                },
                "metadata": {
                    "trials": 1
                }
            },
            {
                "query": {
                    "x1": 4.232938339665861,
                    "x2": 0.24583637921177193
                },
                "metrics": {
                    "outcome": 8.23408759262517
                },
                "metadata": {
                    "trials": 1
                }
            }
        ],
        [
            {
                "query": {
                    "x1": -4.248821501284534,
                    "x2": 0.22760060601859422
                },
                "metrics": {
                    "outcome": 108.85111441762557
                },
                "metadata": {
                    "trials": 1
                }
            },
            {
                "query": {
                    "x1": -4.248821501284534,
                    "x2": 0.22760060601859422
                },
                "metrics": {
                    "outcome": 108.85111441762557
                },
                "metadata": {
                    "trials": 1
                }
            },
            {
                "query": {
                    "x1": -4.248821501284534,
                    "x2": 0.22760060601859422
                },
                "metrics": {
                    "outcome": 108.85111441762557
                },
                "metadata": {
                    "trials": 1
                }
            }
        ],
        [
            {
                "query": {
                    "x1": 3.4738499045776425,
                    "x2": 0.2791878539296997
                },
                "metrics": {
                    "outcome": 2.51428056393523
                },
                "metadata": {
                    "trials": 1
                }
            },
            {
                "query": {
                    "x1": 3.497271906853573,
                    "x2": 0.2802609338058737
                },
                "metrics": {
                    "outcome": 2.612919002226359
                },
                "metadata": {
                    "trials": 1
                }
            },
            {
                "query": {
                    "x1": 3.5588114947628977,
                    "x2": 0.281756261936291
                },
                "metrics": {
                    "outcome": 2.8982783098230285
                },
                "metadata": {
                    "trials": 1
                }
            }
        ],
        [
            {
                "query": {
                    "x1": 4.238223098015553,
                    "x2": 0.03544359926243423
                },
                "metrics": {
                    "outcome": 13.231538728926125
                },
                "metadata": {
                    "trials": 1
                }
            },
            {
                "query": {
                    "x1": 4.238223098015553,
                    "x2": 0.03544359926243423
                },
                "metrics": {
                    "outcome": 13.231538728926125
                },
                "metadata": {
                    "trials": 1
                }
            },
            {
                "query": {
                    "x1": 4.238223098015553,
                    "x2": 0.03544359926243423
                },
                "metrics": {
                    "outcome": 13.231538728926125
                },
                "metadata": {
                    "trials": 1
                }
            }
        ],
        [
            {
                "query": {
                    "x1": 3.3756365594130786,
                    "x2": 0.3787211177492438
                },
                "metrics": {
                    "outcome": 1.0899437497298932
                },
                "metadata": {
                    "trials": 1
                }
            },
            {
                "query": {
                    "x1": 3.3554263656175873,
                    "x2": 0.38901738465993585
                },
                "metrics": {
                    "outcome": 0.9437529389750774
                },
                "metadata": {
                    "trials": 1
                }
            },
            {
                "query": {
                    "x1": 3.377647610003284,
                    "x2": 0.3802365818138469
                },
                "metrics": {
                    "outcome": 1.082216682805319
                },
                "metadata": {
                    "trials": 1
                }
            }
        ],
        [
            {
                "query": {
                    "x1": 3.257415664180143,
                    "x2": 0.49734719412696116
                },
                "metrics": {
                    "outcome": 0.11321775227681265
                },
                "metadata": {
                    "trials": 1
                }
            },
            {
                "query": {
                    "x1": 3.2647513036530977,
                    "x2": 0.4891905556219083
                },
                "metrics": {
                    "outcome": 0.1489566384623938
                },
                "metadata": {
                    "trials": 1
                }
            },
            {
                "query": {
                    "x1": 3.2484387215906407,
                    "x2": 0.49783789229341213
                },
                "metrics": {
                    "outcome": 0.1041675616475593
                },
                "metadata": {
                    "trials": 1
                }
            }
        ],
        [
            {
                "query": {
                    "x1": 3.1578647397630215,
                    "x2": 0.5966627615147031
                },
                "metrics": {
                    "outcome": 0.11704913715250254
                },
                "metadata": {
                    "trials": 1
                }
            },
            {
                "query": {
                    "x1": 3.145594850282807,
                    "x2": 0.5981116958981438
                },
                "metrics": {
                    "outcome": 0.1316191311491286
                },
                "metadata": {
                    "trials": 1
                }
            },
            {
                "query": {
                    "x1": 3.162261076925815,
                    "x2": 0.5987513088710585
                },
                "metrics": {
                    "outcome": 0.12248663355066401
                },
                "metadata": {
                    "trials": 1
                }
            }
        ],
        [
            {
                "query": {
                    "x1": 3.3526768995251715,
                    "x2": 0.5609196800242593
                },
                "metrics": {
                    "outcome": 0.021558206363357944
                },
                "metadata": {
                    "trials": 1
                }
            },
            {
                "query": {
                    "x1": 3.357723978154885,
                    "x2": 0.5626994251666293
                },
                "metrics": {
                    "outcome": 0.02107512154075173
                },
                "metadata": {
                    "trials": 1
                }
            },
            {
                "query": {
                    "x1": 3.356005178429723,
                    "x2": 0.5625491925817974
                },
                "metrics": {
                    "outcome": 0.02078681186348319
                },
                "metadata": {
                    "trials": 1
                }
            }
        ],
        [
            {
                "query": {
                    "x1": 3.252969693245382,
                    "x2": 0.5492253106815159
                },
                "metrics": {
                    "outcome": 0.009531720511409762
                },
                "metadata": {
                    "trials": 1
                }
            },
            {
                "query": {
                    "x1": 3.263220287797438,
                    "x2": 0.5506720476814007
                },
                "metrics": {
                    "outcome": 0.010406147790981682
                },
                "metadata": {
                    "trials": 1
                }
            },
            {
                "query": {
                    "x1": 3.2557432367127017,
                    "x2": 0.5496163800634788
                },
                "metrics": {
                    "outcome": 0.00976502120129607
                },
                "metadata": {
                    "trials": 1
                }
            }
        ],
        [
            {
                "query": {
                    "x1": 3.1521371459293253,
                    "x2": 0.535333067246456
                },
                "metrics": {
                    "outcome": 0.0031443311573677727
                },
                "metadata": {
                    "trials": 1
                }
            },
            {
                "query": {
                    "x1": 3.1433093015573643,
                    "x2": 0.5342947561833435
                },
                "metrics": {
                    "outcome": 0.002833729211680136
                },
                "metadata": {
                    "trials": 1
                }
            },
            {
                "query": {
                    "x1": 3.153634551915661,
                    "x2": 0.5355184877621255
                },
                "metrics": {
                    "outcome": 0.0032028224804138005
                },
                "metadata": {
                    "trials": 1
                }
            }
        ],
        [
            {
                "query": {
                    "x1": 3.037433978368206,
                    "x2": 0.5207029859434975
                },
                "metrics": {
                    "outcome": 0.0035232454453614447
                },
                "metadata": {
                    "trials": 1
                }
            },
            {
                "query": {
                    "x1": 3.0436019412499506,
                    "x2": 0.5217155214155138
                },
                "metrics": {
                    "outcome": 0.0033597787193126822
                },
                "metadata": {
                    "trials": 1
                }
            },
            {
                "query": {
                    "x1": 3.04911144758477,
                    "x2": 0.5226737798713703
                },
                "metrics": {
                    "outcome": 0.003261311727398539
                },
                "metadata": {
                    "trials": 1
                }
            }
        ],
        [
            {
                "query": {
                    "x1": 3.095640514507088,
                    "x2": 0.533084897494394
                },
                "metrics": {
                    "outcome": 0.0041450749274561825
                },
                "metadata": {
                    "trials": 1
                }
            },
            {
                "query": {
                    "x1": 3.095744359509659,
                    "x2": 0.5330943952494787
                },
                "metrics": {
                    "outcome": 0.004140278876964228
                },
                "metadata": {
                    "trials": 1
                }
            },
            {
                "query": {
                    "x1": 3.0956942799223377,
                    "x2": 0.5331031409924725
                },
                "metrics": {
                    "outcome": 0.004149974545686356
                },
                "metadata": {
                    "trials": 1
                }
            }
        ],
        [
            {
                "query": {
                    "x1": 3.097391508544878,
                    "x2": 0.5277224003589955
                },
                "metrics": {
                    "outcome": 0.0019080426772188814
                },
                "metadata": {
                    "trials": 1
                }
            },
            {
                "query": {
                    "x1": 3.0972356655300013,
                    "x2": 0.5276974339556739
                },
                "metrics": {
                    "outcome": 0.0019063606349547894
                },
                "metadata": {
                    "trials": 1
                }
            },
            {
                "query": {
                    "x1": 3.0975024041692523,
                    "x2": 0.5279152553106403
                },
                "metrics": {
                    "outcome": 0.0019521604791820186
                },
                "metadata": {
                    "trials": 1
                }
            }
        ],
        [
            {
                "query": {
                    "x1": 3.0986783521391628,
                    "x2": 0.5274822960333161
                },
                "metrics": {
                    "outcome": 0.0018222308344282051
                },
                "metadata": {
                    "trials": 1
                }
            },
            {
                "query": {
                    "x1": 3.0986818828731533,
                    "x2": 0.5274840838911574
                },
                "metrics": {
                    "outcome": 0.0018225362352985728
                },
                "metadata": {
                    "trials": 1
                }
            },
            {
                "query": {
                    "x1": 3.098992817726188,
                    "x2": 0.5275288660994759
                },
                "metrics": {
                    "outcome": 0.001825524734750398
                },
                "metadata": {
                    "trials": 1
                }
            }
        ],
        [
            {
                "query": {
                    "x1": 3.0993708402984126,
                    "x2": 0.5274067079615818
                },
                "metrics": {
                    "outcome": 0.001793069147412703
                },
                "metadata": {
                    "trials": 1
                }
            },
            {
                "query": {
                    "x1": 3.0997727779163924,
                    "x2": 0.5274325199212306
                },
                "metrics": {
                    "outcome": 0.001791078192850256
                },
                "metadata": {
                    "trials": 1
                }
            },
            {
                "query": {
                    "x1": 3.0991249012399518,
                    "x2": 0.5273290880063541
                },
                "metrics": {
                    "outcome": 0.0017820213180864246
                },
                "metadata": {
                    "trials": 1
                }
            }
        ],
        [
            {
                "query": {
                    "x1": 3.099696786625117,
                    "x2": 0.5273583105236694
                },
                "metrics": {
                    "outcome": 0.001777887485963818
                },
                "metadata": {
                    "trials": 1
                }
            },
            {
                "query": {
                    "x1": 3.099950164856587,
                    "x2": 0.5273181471438031
                },
                "metrics": {
                    "outcome": 0.0017661717773336482
                },
                "metadata": {
                    "trials": 1
                }
            },
            {
                "query": {
                    "x1": 3.099368256637627,
                    "x2": 0.5273282251006108
                },
                "metrics": {
                    "outcome": 0.0017775785538516253
                },
                "metadata": {
                    "trials": 1
                }
            }
        ],
        [
            {
                "query": {
                    "x1": 3.099676219299919,
                    "x2": 0.5273077698505997
                },
                "metrics": {
                    "outcome": 0.001768503845791662
                },
                "metadata": {
                    "trials": 1
                }
            },
            {
                "query": {
                    "x1": 3.100082865731399,
                    "x2": 0.5273406643532121
                },
                "metrics": {
                    "outcome": 0.0017683783317736037
                },
                "metadata": {
                    "trials": 1
                }
            },
            {
                "query": {
                    "x1": 3.1006763490944387,
                    "x2": 0.5274004018223479
                },
                "metrics": {
                    "outcome": 0.001770752208826107
                },
                "metadata": {
                    "trials": 1
                }
            }
        ],
        [
            {
                "query": {
                    "x1": 3.1029183050525466,
                    "x2": 0.527959122631426
                },
                "metrics": {
                    "outcome": 0.0018424773552098389
                },
                "metadata": {
                    "trials": 1
                }
            },
            {
                "query": {
                    "x1": 3.1000660382945604,
                    "x2": 0.5273277829024394
                },
                "metrics": {
                    "outcome": 0.0017662158660973655
                },
                "metadata": {
                    "trials": 1
                }
            },
            {
                "query": {
                    "x1": 3.099778433751709,
                    "x2": 0.5272838410688436
                },
                "metrics": {
                    "outcome": 0.0017623523562186449
                },
                "metadata": {
                    "trials": 1
                }
            }
        ],
        [
            {
                "query": {
                    "x1": 3.1000307519353685,
                    "x2": 0.5273082033635648
                },
                "metrics": {
                    "outcome": 0.0017630831723739898
                },
                "metadata": {
                    "trials": 1
                }
            },
            {
                "query": {
                    "x1": 3.0999301077797963,
                    "x2": 0.527262657329354
                },
                "metrics": {
                    "outcome": 0.001756098845176594
                },
                "metadata": {
                    "trials": 1
                }
            },
            {
                "query": {
                    "x1": 3.099317756384731,
                    "x2": 0.5272304623528328
                },
                "metrics": {
                    "outcome": 0.001759499756237601
                },
                "metadata": {
                    "trials": 1
                }
            }
        ],
        [
            {
                "query": {
                    "x1": 3.100082151812032,
                    "x2": 0.527301462438758
                },
                "metrics": {
                    "outcome": 0.0017610619324406626
                },
                "metadata": {
                    "trials": 1
                }
            },
            {
                "query": {
                    "x1": 3.100312746171336,
                    "x2": 0.5273379830026936
                },
                "metrics": {
                    "outcome": 0.0017644570303608905
                },
                "metadata": {
                    "trials": 1
                }
            },
            {
                "query": {
                    "x1": 3.0976011104192525,
                    "x2": 0.5272367817898465
                },
                "metrics": {
                    "outcome": 0.001792936419848189
                },
                "metadata": {
                    "trials": 1
                }
            }
        ],
        [
            {
                "query": {
                    "x1": 3.100130439439427,
                    "x2": 0.5272963516344769
                },
                "metrics": {
                    "outcome": 0.00175940599794952
                },
                "metadata": {
                    "trials": 1
                }
            },
            {
                "query": {
                    "x1": 3.100126606268896,
                    "x2": 0.5273003615761223
                },
                "metrics": {
                    "outcome": 0.001760204322081911
                },
                "metadata": {
                    "trials": 1
                }
            },
            {
                "query": {
                    "x1": 3.100104309343971,
                    "x2": 0.5272955254282499
                },
                "metrics": {
                    "outcome": 0.0017596344999357516
                },
                "metadata": {
                    "trials": 1
                }
            }
        ],
        [
            {
                "query": {
                    "x1": 3.0999748450909195,
                    "x2": 0.5272870586722904
                },
                "metrics": {
                    "outcome": 0.001759973637150691
                },
                "metadata": {
                    "trials": 1
                }
            },
            {
                "query": {
                    "x1": 3.1002050770385665,
                    "x2": 0.5273024107505213
                },
                "metrics": {
                    "outcome": 0.0017594436134994455
                },
                "metadata": {
                    "trials": 1
                }
            },
            {
                "query": {
                    "x1": 3.0998323980247946,
                    "x2": 0.5273409556226225
                },
                "metrics": {
                    "outcome": 0.0017723427906035359
                },
                "metadata": {
                    "trials": 1
                }
            }
        ],
        [
            {
                "query": {
                    "x1": 3.100238650848344,
                    "x2": 0.5273001332677634
                },
                "metrics": {
                    "outcome": 0.0017585422194226952
                },
                "metadata": {
                    "trials": 1
                }
            },
            {
                "query": {
                    "x1": 3.1002259816294586,
                    "x2": 0.5272982179192995
                },
                "metrics": {
                    "outcome": 0.0017583710806659306
                },
                "metadata": {
                    "trials": 1
                }
            },
            {
                "query": {
                    "x1": 3.1001798229842894,
                    "x2": 0.5272921706773088
                },
                "metrics": {
                    "outcome": 0.001757919765917856
                },
                "metadata": {
                    "trials": 1
                }
            }
        ],
        [
            {
                "query": {
                    "x1": 3.10006935918398,
                    "x2": 0.527252028669456
                },
                "metrics": {
                    "outcome": 0.0017521214650168715
                },
                "metadata": {
                    "trials": 1
                }
            },
            {
                "query": {
                    "x1": 3.1003955367711358,
                    "x2": 0.5273077453040553
                },
                "metrics": {
                    "outcome": 0.0017577234274946305
                },
                "metadata": {
                    "trials": 1
                }
            },
            {
                "query": {
                    "x1": 3.100503141517585,
                    "x2": 0.5273454078734829
                },
                "metrics": {
                    "outcome": 0.0017631028589064337
                },
                "metadata": {
                    "trials": 1
                }
            }
        ],
        [
            {
                "query": {
                    "x1": 3.1004682234132286,
                    "x2": 0.5273824561402298
                },
                "metrics": {
                    "outcome": 0.0017704338156964887
                },
                "metadata": {
                    "trials": 1
                }
            },
            {
                "query": {
                    "x1": 3.100225890180007,
                    "x2": 0.5272915282208466
                },
                "metrics": {
                    "outcome": 0.0017571429651905678
                },
                "metadata": {
                    "trials": 1
                }
            },
            {
                "query": {
                    "x1": 3.1003238484096745,
                    "x2": 0.5273159362310587
                },
                "metrics": {
                    "outcome": 0.001760232120860162
                },
                "metadata": {
                    "trials": 1
                }
            }
        ],
        [
            {
                "query": {
                    "x1": 3.1001894808797363,
                    "x2": 0.5272694092560366
                },
                "metrics": {
                    "outcome": 0.0017536053291444718
                },
                "metadata": {
                    "trials": 1
                }
            },
            {
                "query": {
                    "x1": 3.100887607239499,
                    "x2": 0.5273501001555321
                },
                "metrics": {
                    "outcome": 0.0017587547817090603
                },
                "metadata": {
                    "trials": 1
                }
            },
            {
                "query": {
                    "x1": 3.1001600156388855,
                    "x2": 0.527269592302666
                },
                "metrics": {
                    "outcome": 0.0017540546528773294
                },
                "metadata": {
                    "trials": 1
                }
            }
        ],
        [
            {
                "query": {
                    "x1": 3.100356057560104,
                    "x2": 0.5272963151462484
                },
                "metrics": {
                    "outcome": 0.0017561881639665627
                },
                "metadata": {
                    "trials": 1
                }
            },
            {
                "query": {
                    "x1": 3.100660091091119,
                    "x2": 0.5273365788567057
                },
                "metrics": {
                    "outcome": 0.0017593345819460942
                },
                "metadata": {
                    "trials": 1
                }
            },
            {
                "query": {
                    "x1": 3.102205673317366,
                    "x2": 0.5273792182391119
                },
                "metrics": {
                    "outcome": 0.0017489725378040785
                },
                "metadata": {
                    "trials": 1
                }
            }
        ],
        [
            {
                "query": {
                    "x1": 3.1004633635961785,
                    "x2": 0.5273637509307507
                },
                "metrics": {
                    "outcome": 0.0017670419186955446
                },
                "metadata": {
                    "trials": 1
                }
            },
            {
                "query": {
                    "x1": 3.1001855708196313,
                    "x2": 0.5272625759398508
                },
                "metrics": {
                    "outcome": 0.0017524118317968533
                },
                "metadata": {
                    "trials": 1
                }
            },
            {
                "query": {
                    "x1": 3.100264635367272,
                    "x2": 0.5272956210404764
                },
                "metrics": {
                    "outcome": 0.0017573439690554962
                },
                "metadata": {
                    "trials": 1
                }
            }
        ],
        [
            {
                "query": {
                    "x1": 3.100641934280853,
                    "x2": 0.5272897943416739
                },
                "metrics": {
                    "outcome": 0.0017511696666882984
                },
                "metadata": {
                    "trials": 1
                }
            },
            {
                "query": {
                    "x1": 3.1003263361113333,
                    "x2": 0.5273015318098215
                },
                "metrics": {
                    "outcome": 0.0017575561500755696
                },
                "metadata": {
                    "trials": 1
                }
            },
            {
                "query": {
                    "x1": 3.100100012722999,
                    "x2": 0.5272735308945737
                },
                "metrics": {
                    "outcome": 0.0017556342524261775
                },
                "metadata": {
                    "trials": 1
                }
            }
        ],
        [
            {
                "query": {
                    "x1": 3.1005547934846156,
                    "x2": 0.5274116880201847
                },
                "metrics": {
                    "outcome": 0.0017745978584397214
                },
                "metadata": {
                    "trials": 1
                }
            },
            {
                "query": {
                    "x1": 3.1000358078036134,
                    "x2": 0.5273124831286173
                },
                "metrics": {
                    "outcome": 0.0017638072189770154
                },
                "metadata": {
                    "trials": 1
                }
            },
            {
                "query": {
                    "x1": 3.0987513037681165,
                    "x2": 0.5270821569169621
                },
                "metrics": {
                    "outcome": 0.0017403545926859
                },
                "metadata": {
                    "trials": 1
                }
            }
        ],
        [
            {
                "query": {
                    "x1": 3.0982164244463073,
                    "x2": 0.5270591976895638
                },
                "metrics": {
                    "outcome": 0.0017448688749866778
                },
                "metadata": {
                    "trials": 1
                }
            },
            {
                "query": {
                    "x1": 3.1004301826814684,
                    "x2": 0.5273114618683081
                },
                "metrics": {
                    "outcome": 0.0017579197391975015
                },
                "metadata": {
                    "trials": 1
                }
            },
            {
                "query": {
                    "x1": 3.100577732481856,
                    "x2": 0.5272574439773647
                },
                "metrics": {
                    "outcome": 0.001746237350799465
                },
                "metadata": {
                    "trials": 1
                }
            }
        ],
        [
            {
                "query": {
                    "x1": 3.100178127967429,
                    "x2": 0.5274550196061876
                },
                "metrics": {
                    "outcome": 0.001788654472509051
                },
                "metadata": {
                    "trials": 1
                }
            },
            {
                "query": {
                    "x1": 3.1000158473995887,
                    "x2": 0.5272698793779904
                },
                "metrics": {
                    "outcome": 0.0017561793176576026
                },
                "metadata": {
                    "trials": 1
                }
            },
            {
                "query": {
                    "x1": 3.1001304888883423,
                    "x2": 0.5272972762712067
                },
                "metrics": {
                    "outcome": 0.001759576361667389
                },
                "metadata": {
                    "trials": 1
                }
            }
        ],
        [
            {
                "query": {
                    "x1": 3.0993107320258044,
                    "x2": 0.527189304074934
                },
                "metrics": {
                    "outcome": 0.0017517851228085976
                },
                "metadata": {
                    "trials": 1
                }
            },
            {
                "query": {
                    "x1": 3.101046209157234,
                    "x2": 0.5273870560182621
                },
                "metrics": {
                    "outcome": 0.001763307131737787
                },
                "metadata": {
                    "trials": 1
                }
            },
            {
                "query": {
                    "x1": 3.1002936569378745,
                    "x2": 0.5272975559634014
                },
                "metrics": {
                    "outcome": 0.0017572884353485294
                },
                "metadata": {
                    "trials": 1
                }
            }
        ],
        [
            {
                "query": {
                    "x1": 3.1008635898259405,
                    "x2": 0.5273844468447795
                },
                "metrics": {
                    "outcome": 0.0017652501598954147
                },
                "metadata": {
                    "trials": 1
                }
            },
            {
                "query": {
                    "x1": 3.1024864116097417,
                    "x2": 0.5276774267542255
                },
                "metrics": {
                    "outcome": 0.0017968846197813789
                },
                "metadata": {
                    "trials": 1
                }
            },
            {
                "query": {
                    "x1": 3.0997844144263302,
                    "x2": 0.527239656156512
                },
                "metrics": {
                    "outcome": 0.0017539841903178887
                },
                "metadata": {
                    "trials": 1
                }
            }
        ],
        [
            {
                "query": {
                    "x1": 3.0997557235655897,
                    "x2": 0.5272983983064625
                },
                "metrics": {
                    "outcome": 0.0017654585695329507
                },
                "metadata": {
                    "trials": 1
                }
            },
            {
                "query": {
                    "x1": 3.100014088757475,
                    "x2": 0.5273199667530832
                },
                "metrics": {
                    "outcome": 0.0017655374583421613
                },
                "metadata": {
                    "trials": 1
                }
            },
            {
                "query": {
                    "x1": 3.1021068954457895,
                    "x2": 0.5276261841218153
                },
                "metrics": {
                    "outcome": 0.0017924859214881014
                },
                "metadata": {
                    "trials": 1
                }
            }
        ],
        [
            {
                "query": {
                    "x1": 3.100407641471925,
                    "x2": 0.5273248583732641
                },
                "metrics": {
                    "outcome": 0.001760682504994544
                },
                "metadata": {
                    "trials": 1
                }
            },
            {
                "query": {
                    "x1": 3.100727453151304,
                    "x2": 0.5274608668283962
                },
                "metrics": {
                    "outcome": 0.0017812191826455156
                },
                "metadata": {
                    "trials": 1
                }
            },
            {
                "query": {
                    "x1": 3.1013114906316357,
                    "x2": 0.52735784467981
                },
                "metrics": {
                    "outcome": 0.0017548642071817775
                },
                "metadata": {
                    "trials": 1
                }
            }
        ],
        [
            {
                "query": {
                    "x1": 3.0998599062035606,
                    "x2": 0.5272480122413743
                },
                "metrics": {
                    "outcome": 0.0017544169364215178
                },
                "metadata": {
                    "trials": 1
                }
            },
            {
                "query": {
                    "x1": 3.102221218053927,
                    "x2": 0.5274976788989427
                },
                "metrics": {
                    "outcome": 0.0017686711065451935
                },
                "metadata": {
                    "trials": 1
                }
            },
            {
                "query": {
                    "x1": 3.101070452700859,
                    "x2": 0.5272924730933815
                },
                "metrics": {
                    "outcome": 0.0017463427434845913
                },
                "metadata": {
                    "trials": 1
                }
            }
        ],
        [
            {
                "query": {
                    "x1": 3.100483989705567,
                    "x2": 0.5273255443211049
                },
                "metrics": {
                    "outcome": 0.0017597403345235938
                },
                "metadata": {
                    "trials": 1
                }
            },
            {
                "query": {
                    "x1": 3.1016501355516777,
                    "x2": 0.5274995010940993
                },
                "metrics": {
                    "outcome": 0.0017756574627637114
                },
                "metadata": {
                    "trials": 1
                }
            },
            {
                "query": {
                    "x1": 3.1003645419306185,
                    "x2": 0.5273689495790377
                },
                "metrics": {
                    "outcome": 0.0017694454200052956
                },
                "metadata": {
                    "trials": 1
                }
            }
        ],
        [
            {
                "query": {
                    "x1": 3.1004152320840515,
                    "x2": 0.5272886566589587
                },
                "metrics": {
                    "outcome": 0.0017539817188058325
                },
                "metadata": {
                    "trials": 1
                }
            },
            {
                "query": {
                    "x1": 3.099944870007949,
                    "x2": 0.5272638624311581
                },
                "metrics": {
                    "outcome": 0.0017561049025124282
                },
                "metadata": {
                    "trials": 1
                }
            },
            {
                "query": {
                    "x1": 3.1000173756072673,
                    "x2": 0.527300745265828
                },
                "metrics": {
                    "outcome": 0.0017618909399892417
                },
                "metadata": {
                    "trials": 1
                }
            }
        ]
    ],
    "best_results": [
        {
            "query": {
                "x1": 3.0987513037681165,
                "x2": 0.5270821569169621
            },
            "metrics": [
                {
                    "name": "outcome",
                    "value": 0.0017403545926859
                }
            ]
        }
    ]
}