{
    "date": "10/11/2022 09:52:17",
    "basic_params": {
        "active_variables": [
            "x1",
            "x2"
        ],
        "default_query": {},
        "metric": "basic",
        "n_trials": 1
    },
    "objective_function": {
        "name": "Beale",
        "params": {}
    },
    "optimizer": {
        "name": "BO-MCMC-250-LCB",
        "params": {
            "lower_bound": [
                -4.5,
                -4.5
            ],
            "upper_bound": [
                4.5,
                4.5
            ],
            "invert_metric": false,
            "bopt_params": {
                "n_init_samples": 15,
                "n_iterations": 45,
                "n_iter_relearn": 5,
                "verbose_level": 0,
                "n_parallel_samples": 3,
                "par_type": "PAR_MCMC",
                "l_type": "L_MCMC",
                "burnout_mcmc_parallel": 250,
                "crit_name": "cLCBnorm",
                "n_crit_params": 1,
                "crit_params": [
                    2.0
                ]
            }
        }
    },
    "execution_time": 61.74722862243652,
    "best_results": [
        {
            "query": {
                "x1": 1.7819704569876187,
                "x2": -0.1408068418968469
            },
            "metrics": [
                {
                    "name": "outcome",
                    "value": 1.2396724670706123
                }
            ]
        }
    ],
    "iterations": [
        [
            {
                "query": {
                    "x1": -3.9591216516215355,
                    "x2": 0.5009788724128157
                },
                "metrics": {
                    "outcome": 76.32471295308235
                },
                "metadata": {
                    "trials": 1
                }
            }
        ],
        [
            {
                "query": {
                    "x1": 0.5194984674453735,
                    "x2": -1.923588448483497
                },
                "metrics": {
                    "outcome": 15.877705722066704
                },
                "metadata": {
                    "trials": 1
                }
            }
        ],
        [
            {
                "query": {
                    "x1": 2.7012550741899757,
                    "x2": -4.497901387279853
                },
                "metrics": {
                    "outcome": 63574.58708846289
                },
                "metadata": {
                    "trials": 1
                }
            }
        ],
        [
            {
                "query": {
                    "x1": 3.361450691241771,
                    "x2": 1.9187466204632075
                },
                "metrics": {
                    "outcome": 677.3431144846005
                },
                "metadata": {
                    "trials": 1
                }
            }
        ],
        [
            {
                "query": {
                    "x1": 1.7819704569876187,
                    "x2": -0.1408068418968469
                },
                "metrics": {
                    "outcome": 1.2396724670706123
                },
                "metadata": {
                    "trials": 1
                }
            }
        ],
        [
            {
                "query": {
                    "x1": -0.5356461052782833,
                    "x2": -3.587982197664678
                },
                "metrics": {
                    "outcome": 811.0931893415702
                },
                "metadata": {
                    "trials": 1
                }
            }
        ],
        [
            {
                "query": {
                    "x1": -2.425373764196411,
                    "x2": 3.9435806267894797
                },
                "metrics": {
                    "outcome": 21772.66207994868
                },
                "metadata": {
                    "trials": 1
                }
            }
        ],
        [
            {
                "query": {
                    "x1": -1.1502160537987947,
                    "x2": -2.1716953441500664
                },
                "metrics": {
                    "outcome": 272.5926725818556
                },
                "metadata": {
                    "trials": 1
                }
            }
        ],
        [
            {
                "query": {
                    "x1": 0.0077449309173971415,
                    "x2": -0.5701786744873973
                },
                "metrics": {
                    "outcome": 14.095182021729858
                },
                "metadata": {
                    "trials": 1
                }
            }
        ],
        [
            {
                "query": {
                    "x1": -1.5693469941616058,
                    "x2": 2.2284550339914855
                },
                "metrics": {
                    "outcome": 189.50103740249415
                },
                "metadata": {
                    "trials": 1
                }
            }
        ],
        [
            {
                "query": {
                    "x1": 2.594321708008647,
                    "x2": 1.0866148028522735
                },
                "metrics": {
                    "outcome": 21.65108907469218
                },
                "metadata": {
                    "trials": 1
                }
            }
        ],
        [
            {
                "query": {
                    "x1": 3.926520117837935,
                    "x2": 3.0768728889059282
                },
                "metrics": {
                    "outcome": 14139.145346156314
                },
                "metadata": {
                    "trials": 1
                }
            }
        ],
        [
            {
                "query": {
                    "x1": -3.5014824417885393,
                    "x2": -1.0486840664874766
                },
                "metrics": {
                    "outcome": 182.16174698515124
                },
                "metadata": {
                    "trials": 1
                }
            }
        ],
        [
            {
                "query": {
                    "x1": -3.0059467827435586,
                    "x2": -2.973062460729852
                },
                "metrics": {
                    "outcome": 7796.351896681422
                },
                "metadata": {
                    "trials": 1
                }
            }
        ],
        [
            {
                "query": {
                    "x1": 1.195770628144965,
                    "x2": 3.785358638875186
                },
                "metrics": {
                    "outcome": 4748.255655571611
                },
                "metadata": {
                    "trials": 1
                }
            }
        ],
        [
            {
                "query": {
                    "x1": 4.069815961659918,
                    "x2": -2.0448378101259856
                },
                "metrics": {
                    "outcome": 1663.1246463620505
                },
                "metadata": {
                    "trials": 1
                }
            },
            {
                "query": {
                    "x1": 2.021660606270882,
                    "x2": 2.3641440469142863
                },
                "metrics": {
                    "outcome": 897.2256107871395
                },
                "metadata": {
                    "trials": 1
                }
            },
            {
                "query": {
                    "x1": 2.592806189786643,
                    "x2": -0.774667123099789
                },
                "metrics": {
                    "outcome": 12.466551484863214
                },
                "metadata": {
                    "trials": 1
                }
            }
        ],
        [
            {
                "query": {
                    "x1": 2.208200978479848,
                    "x2": 3.0278920181068525
                },
                "metrics": {
                    "outcome": 4256.244223180319
                },
                "metadata": {
                    "trials": 1
                }
            },
            {
                "query": {
                    "x1": 3.9777576028359807,
                    "x2": 2.021137387479505
                },
                "metrics": {
                    "outcome": 1233.3585585312767
                },
                "metadata": {
                    "trials": 1
                }
            },
            {
                "query": {
                    "x1": 3.7948752623051405,
                    "x2": 2.8921323360409588
                },
                "metrics": {
                    "outcome": 9201.389896463057
                },
                "metadata": {
                    "trials": 1
                }
            }
        ],
        [
            {
                "query": {
                    "x1": 0.03793429289598915,
                    "x2": -0.5846308401934843
                },
                "metrics": {
                    "outcome": 13.677788372265047
                },
                "metadata": {
                    "trials": 1
                }
            },
            {
                "query": {
                    "x1": -1.4218675146612378,
                    "x2": 0.7980915817959575
                },
                "metrics": {
                    "outcome": 21.895024835674803
                },
                "metadata": {
                    "trials": 1
                }
            },
            {
                "query": {
                    "x1": -1.1262990580242804,
                    "x2": -2.456158610392327
                },
                "metrics": {
                    "outcome": 458.56018545928094
                },
                "metadata": {
                    "trials": 1
                }
            }
        ],
        [
            {
                "query": {
                    "x1": -1.257380000584261,
                    "x2": -1.4853942931531123
                },
                "metrics": {
                    "outcome": 85.98129893568807
                },
                "metadata": {
                    "trials": 1
                }
            },
            {
                "query": {
                    "x1": -2.599572479638888,
                    "x2": 0.19881641728655275
                },
                "metrics": {
                    "outcome": 62.45136072226912
                },
                "metadata": {
                    "trials": 1
                }
            },
            {
                "query": {
                    "x1": -0.6019924569120354,
                    "x2": -1.1114094407806459
                },
                "metrics": {
                    "outcome": 28.554397239885905
                },
                "metadata": {
                    "trials": 1
                }
            }
        ],
        [
            {
                "query": {
                    "x1": 3.9031706683755782,
                    "x2": -0.17477435929506058
                },
                "metrics": {
                    "outcome": 13.55976007763239
                },
                "metadata": {
                    "trials": 1
                }
            },
            {
                "query": {
                    "x1": 0.4015702020842582,
                    "x2": -3.021094100084156
                },
                "metrics": {
                    "outcome": 108.722466288232
                },
                "metadata": {
                    "trials": 1
                }
            },
            {
                "query": {
                    "x1": -1.0318857561796904,
                    "x2": 3.5669069902505726
                },
                "metrics": {
                    "outcome": 1962.0332887918528
                },
                "metadata": {
                    "trials": 1
                }
            }
        ],
        [
            {
                "query": {
                    "x1": 3.1794335344191245,
                    "x2": 1.0997364520933397
                },
                "metrics": {
                    "outcome": 25.304841422922586
                },
                "metadata": {
                    "trials": 1
                }
            },
            {
                "query": {
                    "x1": -1.7705891125486968,
                    "x2": -0.7345624353472844
                },
                "metrics": {
                    "outcome": 56.27458515358924
                },
                "metadata": {
                    "trials": 1
                }
            },
            {
                "query": {
                    "x1": -3.6104489154827526,
                    "x2": 1.3878712395293569
                },
                "metrics": {
                    "outcome": 12.878165729269588
                },
                "metadata": {
                    "trials": 1
                }
            }
        ],
        [
            {
                "query": {
                    "x1": -2.1135430437931566,
                    "x2": 2.4829938176190796
                },
                "metrics": {
                    "outcome": 840.4427197273161
                },
                "metadata": {
                    "trials": 1
                }
            },
            {
                "query": {
                    "x1": -1.3154336360748857,
                    "x2": 2.283906403463334
                },
                "metrics": {
                    "outcome": 148.51263976549686
                },
                "metadata": {
                    "trials": 1
                }
            },
            {
                "query": {
                    "x1": -4.285941587792644,
                    "x2": -0.5382359455477714
                },
                "metrics": {
                    "outcome": 150.96772937913263
                },
                "metadata": {
                    "trials": 1
                }
            }
        ],
        [
            {
                "query": {
                    "x1": 0.9690140329767019,
                    "x2": -3.6123154058586806
                },
                "metrics": {
                    "outcome": 2140.488571333301
                },
                "metadata": {
                    "trials": 1
                }
            },
            {
                "query": {
                    "x1": -3.5874404095227685,
                    "x2": 2.9932347269869766
                },
                "metrics": {
                    "outcome": 8822.868035025585
                },
                "metadata": {
                    "trials": 1
                }
            },
            {
                "query": {
                    "x1": -0.04906321837101135,
                    "x2": 0.5602606174043991
                },
                "metrics": {
                    "outcome": 14.634848943408919
                },
                "metadata": {
                    "trials": 1
                }
            }
        ],
        [
            {
                "query": {
                    "x1": -3.240833710994857,
                    "x2": 3.1091836567058824
                },
                "metrics": {
                    "outcome": 9076.109136486566
                },
                "metadata": {
                    "trials": 1
                }
            },
            {
                "query": {
                    "x1": -3.5645562848837278,
                    "x2": 0.8530714433708102
                },
                "metrics": {
                    "outcome": 30.28104294037613
                },
                "metadata": {
                    "trials": 1
                }
            },
            {
                "query": {
                    "x1": 2.4264587951322927,
                    "x2": -0.32300633016621116
                },
                "metrics": {
                    "outcome": 2.9443716828944875
                },
                "metadata": {
                    "trials": 1
                }
            }
        ],
        [
            {
                "query": {
                    "x1": -0.925892668950759,
                    "x2": 3.5541744577431302
                },
                "metrics": {
                    "outcome": 1518.7701809418709
                },
                "metadata": {
                    "trials": 1
                }
            },
            {
                "query": {
                    "x1": 2.3495349744334817,
                    "x2": -2.5758526674471796
                },
                "metrics": {
                    "outcome": 1877.9785092395996
                },
                "metadata": {
                    "trials": 1
                }
            },
            {
                "query": {
                    "x1": -3.6921759480936824,
                    "x2": 0.8954982345306588
                },
                "metrics": {
                    "outcome": 25.882731093632767
                },
                "metadata": {
                    "trials": 1
                }
            }
        ],
        [
            {
                "query": {
                    "x1": -1.930761399677714,
                    "x2": -2.8527410559316984
                },
                "metrics": {
                    "outcome": 2651.3008380505867
                },
                "metadata": {
                    "trials": 1
                }
            },
            {
                "query": {
                    "x1": 1.664506852563573,
                    "x2": -0.6867977900013718
                },
                "metrics": {
                    "outcome": 3.7661251437859984
                },
                "metadata": {
                    "trials": 1
                }
            },
            {
                "query": {
                    "x1": 2.381160867913353,
                    "x2": 2.3513058447608888
                },
                "metrics": {
                    "outcome": 1165.4286484527847
                },
                "metadata": {
                    "trials": 1
                }
            }
        ],
        [
            {
                "query": {
                    "x1": 2.522947603696948,
                    "x2": -2.8222047140813933
                },
                "metrics": {
                    "outcome": 3663.889304477276
                },
                "metadata": {
                    "trials": 1
                }
            },
            {
                "query": {
                    "x1": 2.8844601307064295,
                    "x2": 1.0867639412172139
                },
                "metrics": {
                    "outcome": 22.6018601523553
                },
                "metadata": {
                    "trials": 1
                }
            },
            {
                "query": {
                    "x1": 1.5947202171664685,
                    "x2": 1.8991309117991477
                },
                "metrics": {
                    "outcome": 192.5418834705613
                },
                "metadata": {
                    "trials": 1
                }
            }
        ],
        [
            {
                "query": {
                    "x1": -3.59230831537666,
                    "x2": 2.208052654460211
                },
                "metrics": {
                    "outcome": 1197.6363039126718
                },
                "metadata": {
                    "trials": 1
                }
            },
            {
                "query": {
                    "x1": 4.149483671178643,
                    "x2": 3.90908719665865
                },
                "metrics": {
                    "outcome": 64652.523871330704
                },
                "metadata": {
                    "trials": 1
                }
            },
            {
                "query": {
                    "x1": 3.0014109793103643,
                    "x2": 3.006068932189234
                },
                "metrics": {
                    "outcome": 7338.031506432169
                },
                "metadata": {
                    "trials": 1
                }
            }
        ],
        [
            {
                "query": {
                    "x1": -0.7770084763743208,
                    "x2": -3.8869949439860862
                },
                "metrics": {
                    "outcome": 2508.285390354147
                },
                "metadata": {
                    "trials": 1
                }
            },
            {
                "query": {
                    "x1": -1.8782832647584495,
                    "x2": -3.8862991143205665
                },
                "metrics": {
                    "outcome": 13869.396777967357
                },
                "metadata": {
                    "trials": 1
                }
            },
            {
                "query": {
                    "x1": 1.065355866914615,
                    "x2": -1.157016332494095
                },
                "metrics": {
                    "outcome": 7.46136363019157
                },
                "metadata": {
                    "trials": 1
                }
            }
        ],
        [
            {
                "query": {
                    "x1": -4.2622067484405015,
                    "x2": -1.691945712564494
                },
                "metrics": {
                    "outcome": 958.6484115817402
                },
                "metadata": {
                    "trials": 1
                }
            },
            {
                "query": {
                    "x1": 3.091130041097955,
                    "x2": 1.6944513042275648
                },
                "metrics": {
                    "outcome": 290.1973751277658
                },
                "metadata": {
                    "trials": 1
                }
            },
            {
                "query": {
                    "x1": -0.10617381606953646,
                    "x2": 0.9261220660453482
                },
                "metrics": {
                    "outcome": 14.410049948454638
                },
                "metadata": {
                    "trials": 1
                }
            }
        ],
        [
            {
                "query": {
                    "x1": -2.3656224714280127,
                    "x2": -0.281568267440111
                },
                "metrics": {
                    "outcome": 65.5803945217388
                },
                "metadata": {
                    "trials": 1
                }
            },
            {
                "query": {
                    "x1": 3.434546250649597,
                    "x2": -1.5596381748873216
                },
                "metrics": {
                    "outcome": 296.09899241653426
                },
                "metadata": {
                    "trials": 1
                }
            },
            {
                "query": {
                    "x1": 2.755730243969178,
                    "x2": -3.5682899775037114
                },
                "metrics": {
                    "outcome": 17027.606122802532
                },
                "metadata": {
                    "trials": 1
                }
            }
        ],
        [
            {
                "query": {
                    "x1": -1.8925919043993509,
                    "x2": -1.2292918656664913
                },
                "metrics": {
                    "outcome": 98.88868962748221
                },
                "metadata": {
                    "trials": 1
                }
            },
            {
                "query": {
                    "x1": 2.4699823430175325,
                    "x2": 2.6130613528821147
                },
                "metrics": {
                    "outcome": 2262.9908708602184
                },
                "metadata": {
                    "trials": 1
                }
            },
            {
                "query": {
                    "x1": 2.5951210883104947,
                    "x2": -1.7991471571890418
                },
                "metrics": {
                    "outcome": 325.6177667054641
                },
                "metadata": {
                    "trials": 1
                }
            }
        ],
        [
            {
                "query": {
                    "x1": -0.004065746169699125,
                    "x2": -0.9202968750122094
                },
                "metrics": {
                    "outcome": 14.267443740922761
                },
                "metadata": {
                    "trials": 1
                }
            },
            {
                "query": {
                    "x1": 2.5587449375263898,
                    "x2": 1.1306308850076308
                },
                "metrics": {
                    "outcome": 26.30996963792518
                },
                "metadata": {
                    "trials": 1
                }
            },
            {
                "query": {
                    "x1": -1.7907722897678164,
                    "x2": 2.7716323473473103
                },
                "metrics": {
                    "outcome": 1233.7284380088997
                },
                "metadata": {
                    "trials": 1
                }
            }
        ],
        [
            {
                "query": {
                    "x1": 2.007571016393312,
                    "x2": 1.1340402410830626
                },
                "metrics": {
                    "outcome": 23.675505054143784
                },
                "metadata": {
                    "trials": 1
                }
            },
            {
                "query": {
                    "x1": -3.762089378441744,
                    "x2": 2.382250828601941
                },
                "metrics": {
                    "outcome": 2226.9502289745815
                },
                "metadata": {
                    "trials": 1
                }
            },
            {
                "query": {
                    "x1": -0.16286805225536227,
                    "x2": -0.5813958649523556
                },
                "metrics": {
                    "outcome": 16.6000038210845
                },
                "metadata": {
                    "trials": 1
                }
            }
        ],
        [
            {
                "query": {
                    "x1": 3.7551384193130772,
                    "x2": 3.470145434024361
                },
                "metrics": {
                    "outcome": 26296.45318088068
                },
                "metadata": {
                    "trials": 1
                }
            },
            {
                "query": {
                    "x1": 1.3762664514839091,
                    "x2": -2.2332900686114137
                },
                "metrics": {
                    "outcome": 266.85590349137215
                },
                "metadata": {
                    "trials": 1
                }
            },
            {
                "query": {
                    "x1": -3.077218478229921,
                    "x2": 0.8416694396188635
                },
                "metrics": {
                    "outcome": 28.811606530158468
                },
                "metadata": {
                    "trials": 1
                }
            }
        ],
        [
            {
                "query": {
                    "x1": 3.496397517323942,
                    "x2": -3.3298095370774283
                },
                "metrics": {
                    "outcome": 18482.7059349134
                },
                "metadata": {
                    "trials": 1
                }
            },
            {
                "query": {
                    "x1": -1.0671527617695706,
                    "x2": 2.0735787552483975
                },
                "metrics": {
                    "outcome": 35.642084472221185
                },
                "metadata": {
                    "trials": 1
                }
            },
            {
                "query": {
                    "x1": -3.4976062452655428,
                    "x2": -2.8029956281736483
                },
                "metrics": {
                    "outcome": 7605.090400903297
                },
                "metadata": {
                    "trials": 1
                }
            }
        ],
        [
            {
                "query": {
                    "x1": 1.8716816984868458,
                    "x2": 1.0530288302452728
                },
                "metrics": {
                    "outcome": 17.21530621494525
                },
                "metadata": {
                    "trials": 1
                }
            },
            {
                "query": {
                    "x1": -0.07133673380261385,
                    "x2": -3.9337845060125076
                },
                "metrics": {
                    "outcome": 54.45781880759024
                },
                "metadata": {
                    "trials": 1
                }
            },
            {
                "query": {
                    "x1": 0.6409649674315006,
                    "x2": -2.7163721413817257
                },
                "metrics": {
                    "outcome": 158.95897975276193
                },
                "metadata": {
                    "trials": 1
                }
            }
        ],
        [
            {
                "query": {
                    "x1": 3.6810432508891537,
                    "x2": -4.120839939298612
                },
                "metrics": {
                    "outcome": 70929.05580526737
                },
                "metadata": {
                    "trials": 1
                }
            },
            {
                "query": {
                    "x1": -0.8857736919787835,
                    "x2": 1.155764374473483
                },
                "metrics": {
                    "outcome": 10.261206903164783
                },
                "metadata": {
                    "trials": 1
                }
            },
            {
                "query": {
                    "x1": -2.9341454145032912,
                    "x2": -1.3710026910994202
                },
                "metrics": {
                    "outcome": 243.77429278995305
                },
                "metadata": {
                    "trials": 1
                }
            }
        ],
        [
            {
                "query": {
                    "x1": -1.8660589259557954,
                    "x2": 3.140455877171953
                },
                "metrics": {
                    "outcome": 3051.86162367584
                },
                "metadata": {
                    "trials": 1
                }
            },
            {
                "query": {
                    "x1": 2.2367182086308937,
                    "x2": 3.11906131294955
                },
                "metrics": {
                    "outcome": 5172.313762873842
                },
                "metadata": {
                    "trials": 1
                }
            },
            {
                "query": {
                    "x1": -3.3837513297144257,
                    "x2": -4.428855307599824
                },
                "metrics": {
                    "outcome": 94058.91248867754
                },
                "metadata": {
                    "trials": 1
                }
            }
        ],
        [
            {
                "query": {
                    "x1": 1.0387500550132245,
                    "x2": -1.8710966873914003
                },
                "metrics": {
                    "outcome": 52.930375416861125
                },
                "metadata": {
                    "trials": 1
                }
            },
            {
                "query": {
                    "x1": 3.9713779835083898,
                    "x2": -3.2460480849139044
                },
                "metrics": {
                    "outcome": 20664.223296937835
                },
                "metadata": {
                    "trials": 1
                }
            },
            {
                "query": {
                    "x1": -2.567072415159635,
                    "x2": -4.28486607501198
                },
                "metrics": {
                    "outcome": 44926.52462178749
                },
                "metadata": {
                    "trials": 1
                }
            }
        ],
        [
            {
                "query": {
                    "x1": -3.9689896514173597,
                    "x2": -2.7612467010039836
                },
                "metrics": {
                    "outcome": 8975.5762533944
                },
                "metadata": {
                    "trials": 1
                }
            },
            {
                "query": {
                    "x1": -2.9958821250089156,
                    "x2": -0.8393476745344701
                },
                "metrics": {
                    "outcome": 113.62445943887295
                },
                "metadata": {
                    "trials": 1
                }
            },
            {
                "query": {
                    "x1": 1.7367228115149906,
                    "x2": 4.196800398330142
                },
                "metrics": {
                    "outcome": 17726.46645761715
                },
                "metadata": {
                    "trials": 1
                }
            }
        ],
        [
            {
                "query": {
                    "x1": -3.059433725748932,
                    "x2": -0.47953662947330944
                },
                "metrics": {
                    "outcome": 93.7956746413249
                },
                "metadata": {
                    "trials": 1
                }
            },
            {
                "query": {
                    "x1": 3.6058863418192697,
                    "x2": 1.9075258524244605
                },
                "metrics": {
                    "outcome": 739.4399309170481
                },
                "metadata": {
                    "trials": 1
                }
            },
            {
                "query": {
                    "x1": -2.203041927655832,
                    "x2": -3.315204639467644
                },
                "metrics": {
                    "outcome": 7753.282541081906
                },
                "metadata": {
                    "trials": 1
                }
            }
        ],
        [
            {
                "query": {
                    "x1": -3.0395265213636318,
                    "x2": -3.0161460458331577
                },
                "metrics": {
                    "outcome": 8620.308677655985
                },
                "metadata": {
                    "trials": 1
                }
            },
            {
                "query": {
                    "x1": -0.3728635412366952,
                    "x2": 4.067351415182005
                },
                "metrics": {
                    "outcome": 500.7203978332731
                },
                "metadata": {
                    "trials": 1
                }
            },
            {
                "query": {
                    "x1": -3.5083061903715134,
                    "x2": -1.4552586819045246
                },
                "metrics": {
                    "outcome": 392.2364387569282
                },
                "metadata": {
                    "trials": 1
                }
            }
        ],
        [
            {
                "query": {
                    "x1": -2.7315961783137297,
                    "x2": -2.9265453779862844
                },
                "metrics": {
                    "outcome": 5938.476231498835
                },
                "metadata": {
                    "trials": 1
                }
            },
            {
                "query": {
                    "x1": -1.0270862300468688,
                    "x2": -1.1522278347624333
                },
                "metrics": {
                    "outcome": 44.71181601880022
                },
                "metadata": {
                    "trials": 1
                }
            },
            {
                "query": {
                    "x1": 0.4847739690695434,
                    "x2": -1.669217671923418
                },
                "metrics": {
                    "outcome": 9.764659147311356
                },
                "metadata": {
                    "trials": 1
                }
            }
        ],
        [
            {
                "query": {
                    "x1": -2.3012984615620806,
                    "x2": 0.4313715880575124
                },
                "metrics": {
                    "outcome": 47.3703558513328
                },
                "metadata": {
                    "trials": 1
                }
            },
            {
                "query": {
                    "x1": 2.9644261140794796,
                    "x2": -0.3115272661513133
                },
                "metrics": {
                    "outcome": 6.06837302916784
                },
                "metadata": {
                    "trials": 1
                }
            },
            {
                "query": {
                    "x1": 4.382976727050595,
                    "x2": -2.0420859183413844
                },
                "metrics": {
                    "outcome": 1928.096489132845
                },
                "metadata": {
                    "trials": 1
                }
            }
        ],
        [
            {
                "query": {
                    "x1": -3.04988367204756,
                    "x2": 1.0471833770348669
                },
                "metrics": {
                    "outcome": 10.382780499799953
                },
                "metadata": {
                    "trials": 1
                }
            },
            {
                "query": {
                    "x1": 4.139818246476352,
                    "x2": 0.047966054873541
                },
                "metrics": {
                    "outcome": 11.788483739928669
                },
                "metadata": {
                    "trials": 1
                }
            },
            {
                "query": {
                    "x1": -2.4320572864863883,
                    "x2": 1.1074211634538829
                },
                "metrics": {
                    "outcome": 7.4991610801669095
                },
                "metadata": {
                    "trials": 1
                }
            }
        ],
        [
            {
                "query": {
                    "x1": 0.13970075921380953,
                    "x2": -1.3699779058122639
                },
                "metrics": {
                    "outcome": 11.515376099171153
                },
                "metadata": {
                    "trials": 1
                }
            },
            {
                "query": {
                    "x1": 3.2519619113299996,
                    "x2": -3.8337034271098673
                },
                "metrics": {
                    "outcome": 36195.83533228818
                },
                "metadata": {
                    "trials": 1
                }
            },
            {
                "query": {
                    "x1": 3.555128241386269,
                    "x2": 1.6330777266966487
                },
                "metrics": {
                    "outcome": 292.72530136100295
                },
                "metadata": {
                    "trials": 1
                }
            }
        ],
        [
            {
                "query": {
                    "x1": -2.782075123765768,
                    "x2": -2.544744099521105
                },
                "metrics": {
                    "outcome": 2924.5451685281723
                },
                "metadata": {
                    "trials": 1
                }
            },
            {
                "query": {
                    "x1": 2.2152514044528173,
                    "x2": -0.2101490781535782
                },
                "metrics": {
                    "outcome": 1.5632977568768753
                },
                "metadata": {
                    "trials": 1
                }
            },
            {
                "query": {
                    "x1": 1.9846986277527456,
                    "x2": 0.8738283663296897
                },
                "metrics": {
                    "outcome": 8.592107091067572
                },
                "metadata": {
                    "trials": 1
                }
            }
        ],
        [
            {
                "query": {
                    "x1": -0.5809470004740085,
                    "x2": -1.3233838560340967
                },
                "metrics": {
                    "outcome": 32.134386628021225
                },
                "metadata": {
                    "trials": 1
                }
            },
            {
                "query": {
                    "x1": -0.1642209841354454,
                    "x2": 3.778927055051531
                },
                "metrics": {
                    "outcome": 37.973210322682135
                },
                "metadata": {
                    "trials": 1
                }
            },
            {
                "query": {
                    "x1": 1.1049759525987914,
                    "x2": 3.294114277418637
                },
                "metrics": {
                    "outcome": 1871.248892967377
                },
                "metadata": {
                    "trials": 1
                }
            }
        ],
        [
            {
                "query": {
                    "x1": 2.3593047915859833,
                    "x2": 2.027765595388649
                },
                "metrics": {
                    "outcome": 504.89750694983996
                },
                "metadata": {
                    "trials": 1
                }
            },
            {
                "query": {
                    "x1": 2.235945321299395,
                    "x2": -1.0696251466432463
                },
                "metrics": {
                    "outcome": 21.907205941226525
                },
                "metadata": {
                    "trials": 1
                }
            },
            {
                "query": {
                    "x1": 0.3133667197619996,
                    "x2": -3.5570547756153457
                },
                "metrics": {
                    "outcome": 173.87976611413285
                },
                "metadata": {
                    "trials": 1
                }
            }
        ],
        [
            {
                "query": {
                    "x1": -2.2433035595846826,
                    "x2": -2.927326923510306
                },
                "metrics": {
                    "outcome": 4061.5613458101943
                },
                "metadata": {
                    "trials": 1
                }
            },
            {
                "query": {
                    "x1": -3.9728237792923506,
                    "x2": 3.706583766165176
                },
                "metrics": {
                    "outcome": 40728.07104343817
                },
                "metadata": {
                    "trials": 1
                }
            },
            {
                "query": {
                    "x1": 0.40065167960710824,
                    "x2": -1.597202465403825
                },
                "metrics": {
                    "outcome": 8.806513095891791
                },
                "metadata": {
                    "trials": 1
                }
            }
        ],
        [
            {
                "query": {
                    "x1": -1.0322456041812598,
                    "x2": 1.2551025269227285
                },
                "metrics": {
                    "outcome": 6.884836077432764
                },
                "metadata": {
                    "trials": 1
                }
            },
            {
                "query": {
                    "x1": -0.9536278751323142,
                    "x2": 0.865351716990924
                },
                "metrics": {
                    "outcome": 17.614990340267532
                },
                "metadata": {
                    "trials": 1
                }
            },
            {
                "query": {
                    "x1": -1.9242973212961036,
                    "x2": -2.4272782212581157
                },
                "metrics": {
                    "outcome": 1145.2083045005766
                },
                "metadata": {
                    "trials": 1
                }
            }
        ],
        [
            {
                "query": {
                    "x1": -1.3271173129325446,
                    "x2": 3.4629069765094993
                },
                "metrics": {
                    "outcome": 2772.483875752459
                },
                "metadata": {
                    "trials": 1
                }
            },
            {
                "query": {
                    "x1": -0.5975186288012182,
                    "x2": 4.419735274652977
                },
                "metrics": {
                    "outcome": 2417.288565584763
                },
                "metadata": {
                    "trials": 1
                }
            },
            {
                "query": {
                    "x1": 1.3125969672459057,
                    "x2": -2.172356527306645
                },
                "metrics": {
                    "outcome": 205.43201361298918
                },
                "metadata": {
                    "trials": 1
                }
            }
        ],
        [
            {
                "query": {
                    "x1": -3.0612991475500166,
                    "x2": -1.3232764969579875
                },
                "metrics": {
                    "outcome": 237.49518713664236
                },
                "metadata": {
                    "trials": 1
                }
            },
            {
                "query": {
                    "x1": 4.469779843293042,
                    "x2": -3.450853209543051
                },
                "metrics": {
                    "outcome": 37360.20467690074
                },
                "metadata": {
                    "trials": 1
                }
            },
            {
                "query": {
                    "x1": 3.8529019833121936,
                    "x2": 3.924127087642294
                },
                "metrics": {
                    "outcome": 57129.516309795676
                },
                "metadata": {
                    "trials": 1
                }
            }
        ],
        [
            {
                "query": {
                    "x1": -3.0431340783991048,
                    "x2": 2.1557178686996776
                },
                "metrics": {
                    "outcome": 698.2812836601222
                },
                "metadata": {
                    "trials": 1
                }
            },
            {
                "query": {
                    "x1": 1.040557509753853,
                    "x2": 1.5686288215219975
                },
                "metrics": {
                    "outcome": 49.95519325033715
                },
                "metadata": {
                    "trials": 1
                }
            },
            {
                "query": {
                    "x1": 0.9110839224454628,
                    "x2": 3.4868219235736415
                },
                "metrics": {
                    "outcome": 1795.41168240023
                },
                "metadata": {
                    "trials": 1
                }
            }
        ],
        [
            {
                "query": {
                    "x1": -0.4542562379934525,
                    "x2": 1.8093003592041752
                },
                "metrics": {
                    "outcome": 2.9150130561315617
                },
                "metadata": {
                    "trials": 1
                }
            },
            {
                "query": {
                    "x1": 0.941306889276559,
                    "x2": 3.234209667798
                },
                "metrics": {
                    "outcome": 1261.5594641077507
                },
                "metadata": {
                    "trials": 1
                }
            },
            {
                "query": {
                    "x1": -1.5637880765269863,
                    "x2": 1.132190792806969
                },
                "metrics": {
                    "outcome": 8.629450713546623
                },
                "metadata": {
                    "trials": 1
                }
            }
        ],
        [
            {
                "query": {
                    "x1": 0.9168735158164054,
                    "x2": -1.9948680584784597
                },
                "metrics": {
                    "outcome": 57.4018100018024
                },
                "metadata": {
                    "trials": 1
                }
            },
            {
                "query": {
                    "x1": -1.971266335529378,
                    "x2": 4.087895453182789
                },
                "metrics": {
                    "outcome": 17762.961164225242
                },
                "metadata": {
                    "trials": 1
                }
            },
            {
                "query": {
                    "x1": -3.193078675183589,
                    "x2": 0.15958692410885966
                },
                "metrics": {
                    "outcome": 79.94935301288982
                },
                "metadata": {
                    "trials": 1
                }
            }
        ],
        [
            {
                "query": {
                    "x1": 3.703305649229687,
                    "x2": -1.0654199965892768
                },
                "metrics": {
                    "outcome": 76.2537133619349
                },
                "metadata": {
                    "trials": 1
                }
            },
            {
                "query": {
                    "x1": -3.673259143497397,
                    "x2": 1.3200468192726147
                },
                "metrics": {
                    "outcome": 4.96009430681261
                },
                "metadata": {
                    "trials": 1
                }
            },
            {
                "query": {
                    "x1": 0.1368375671138038,
                    "x2": -3.104265243128026
                },
                "metrics": {
                    "outcome": 15.234477270917516
                },
                "metadata": {
                    "trials": 1
                }
            }
        ],
        [
            {
                "query": {
                    "x1": 1.3297106401008776,
                    "x2": -2.4530456275205292
                },
                "metrics": {
                    "outcome": 425.23994699040935
                },
                "metadata": {
                    "trials": 1
                }
            },
            {
                "query": {
                    "x1": -3.081638526970613,
                    "x2": -2.0052912441116093
                },
                "metrics": {
                    "outcome": 1099.3157147009442
                },
                "metadata": {
                    "trials": 1
                }
            },
            {
                "query": {
                    "x1": 0.14345696634172267,
                    "x2": -0.007600323611660187
                },
                "metrics": {
                    "outcome": 12.432866041627626
                },
                "metadata": {
                    "trials": 1
                }
            }
        ],
        [
            {
                "query": {
                    "x1": 0.3158134355767004,
                    "x2": -3.3376101843271373
                },
                "metrics": {
                    "outcome": 118.71940350337965
                },
                "metadata": {
                    "trials": 1
                }
            },
            {
                "query": {
                    "x1": 1.0535099320315826,
                    "x2": -2.5785707334001966
                },
                "metrics": {
                    "outcome": 344.36515056880194
                },
                "metadata": {
                    "trials": 1
                }
            },
            {
                "query": {
                    "x1": -2.667689019486347,
                    "x2": 4.33884853689224
                },
                "metrics": {
                    "outcome": 47309.417422406186
                },
                "metadata": {
                    "trials": 1
                }
            }
        ]
    ]
}