{
    "date": "05/11/2022 12:04:50",
    "basic_params": {
        "active_variables": [
            "x1",
            "x2"
        ],
        "default_query": {},
        "metric": "basic",
        "n_trials": 1
    },
    "objective_function": {
        "name": "Gramacy2D",
        "params": {}
    },
    "optimizer": {
        "name": "BBO-LP(LCBa)-FoD",
        "params": {
            "lower_bound": [
                -2.0,
                -2.0
            ],
            "upper_bound": [
                6.0,
                6.0
            ],
            "invert_metric": false,
            "bopt_params": {
                "n_init_samples": 12,
                "n_iterations": 23,
                "n_iter_relearn": 5,
                "verbose_level": 0,
                "n_parallel_samples": 6,
                "fixed_dataset_size": 50,
                "par_type": "PAR_BBO",
                "crit_name": "cLP(cLCBa)",
                "n_crit_params": 3,
                "crit_params": [
                    6,
                    1,
                    5.0
                ]
            }
        }
    },
    "iterations": [
        [
            {
                "query": {
                    "x1": 0.7449101225162544,
                    "x2": -1.9075934616848826
                },
                "metrics": {
                    "outcome": 0.011239784419187078
                },
                "metadata": {
                    "trials": 1
                }
            }
        ],
        [
            {
                "query": {
                    "x1": 1.3919460764154792,
                    "x2": 1.9805796368358037
                },
                "metrics": {
                    "outcome": 0.003967945777718061
                },
                "metadata": {
                    "trials": 1
                }
            }
        ],
        [
            {
                "query": {
                    "x1": -0.8335276936801772,
                    "x2": -0.23997865477576852
                },
                "metrics": {
                    "outcome": -0.39280321313672284
                },
                "metadata": {
                    "trials": 1
                }
            }
        ],
        [
            {
                "query": {
                    "x1": 3.6569245206192136,
                    "x2": 5.927734406354527
                },
                "metrics": {
                    "outcome": 3.1260721437395007e-21
                },
                "metadata": {
                    "trials": 1
                }
            }
        ],
        [
            {
                "query": {
                    "x1": 2.7505024160879357,
                    "x2": 4.27353757681946
                },
                "metrics": {
                    "outcome": 1.66834589458365e-11
                },
                "metadata": {
                    "trials": 1
                }
            }
        ],
        [
            {
                "query": {
                    "x1": 2.540329846243064,
                    "x2": -0.6922622217486303
                },
                "metrics": {
                    "outcome": 0.002478234721642031
                },
                "metadata": {
                    "trials": 1
                }
            }
        ],
        [
            {
                "query": {
                    "x1": -1.6002045820156734,
                    "x2": 3.6942312554456294
                },
                "metrics": {
                    "outcome": -1.4626178276229206e-07
                },
                "metadata": {
                    "trials": 1
                }
            }
        ],
        [
            {
                "query": {
                    "x1": 4.024564244008313,
                    "x2": 4.949299368852128
                },
                "metrics": {
                    "outcome": 8.552868466780298e-18
                },
                "metadata": {
                    "trials": 1
                }
            }
        ],
        [
            {
                "query": {
                    "x1": 5.017411265211801,
                    "x2": 2.1871729951041443
                },
                "metrics": {
                    "outcome": 4.895805463251074e-13
                },
                "metadata": {
                    "trials": 1
                }
            }
        ],
        [
            {
                "query": {
                    "x1": -0.6164774340577424,
                    "x2": 2.7964828958113985
                },
                "metrics": {
                    "outcome": -0.00016925661315717386
                },
                "metadata": {
                    "trials": 1
                }
            }
        ],
        [
            {
                "query": {
                    "x1": 0.5602162214927375,
                    "x2": 1.088732571185877
                },
                "metrics": {
                    "outcome": 0.12510357480346193
                },
                "metadata": {
                    "trials": 1
                }
            }
        ],
        [
            {
                "query": {
                    "x1": 5.6107959733344615,
                    "x2": 0.6264239310597381
                },
                "metrics": {
                    "outcome": 8.064288607635076e-14
                },
                "metadata": {
                    "trials": 1
                }
            }
        ],
        [
            {
                "query": {
                    "x1": -2.0,
                    "x2": -1.9999999999999993
                },
                "metrics": {
                    "outcome": -0.0006709252558050254
                },
                "metadata": {
                    "trials": 1
                }
            },
            {
                "query": {
                    "x1": -2.0,
                    "x2": -0.7886539756810262
                },
                "metrics": {
                    "outcome": -0.019666710148672082
                },
                "metadata": {
                    "trials": 1
                }
            },
            {
                "query": {
                    "x1": 5.999999999999998,
                    "x2": 5.999999999999994
                },
                "metrics": {
                    "outcome": 3.2281116960129573e-31
                },
                "metadata": {
                    "trials": 1
                }
            },
            {
                "query": {
                    "x1": -2.0,
                    "x2": 0.5104095085787752
                },
                "metrics": {
                    "outcome": -0.028229981673910248
                },
                "metadata": {
                    "trials": 1
                }
            },
            {
                "query": {
                    "x1": -1.254687058110637,
                    "x2": -2.0
                },
                "metrics": {
                    "outcome": -0.004760733964570022
                },
                "metadata": {
                    "trials": 1
                }
            },
            {
                "query": {
                    "x1": -0.6386375828280191,
                    "x2": -2.0
                },
                "metrics": {
                    "outcome": -0.007779399641075399
                },
                "metadata": {
                    "trials": 1
                }
            }
        ],
        [
            {
                "query": {
                    "x1": -1.040984733643216,
                    "x2": 0.8812727789072721
                },
                "metrics": {
                    "outcome": -0.16200569304987428
                },
                "metadata": {
                    "trials": 1
                }
            },
            {
                "query": {
                    "x1": -1.0634293189449793,
                    "x2": 1.2476734338035955
                },
                "metrics": {
                    "outcome": -0.07236214169224803
                },
                "metadata": {
                    "trials": 1
                }
            },
            {
                "query": {
                    "x1": -1.0213945620321223,
                    "x2": 0.5155800494350422
                },
                "metrics": {
                    "outcome": -0.2758492584398249
                },
                "metadata": {
                    "trials": 1
                }
            },
            {
                "query": {
                    "x1": -1.007455317219352,
                    "x2": 0.21694365084025957
                },
                "metrics": {
                    "outcome": -0.34833065226329835
                },
                "metadata": {
                    "trials": 1
                }
            },
            {
                "query": {
                    "x1": 4.2522494248015485,
                    "x2": -2.0
                },
                "metrics": {
                    "outcome": 1.0931777104175189e-09
                },
                "metadata": {
                    "trials": 1
                }
            },
            {
                "query": {
                    "x1": -0.9951479567378168,
                    "x2": -0.048918560758004936
                },
                "metrics": {
                    "outcome": -0.36877213941996106
                },
                "metadata": {
                    "trials": 1
                }
            }
        ],
        [
            {
                "query": {
                    "x1": -1.9999999999994,
                    "x2": 6.0
                },
                "metrics": {
                    "outcome": -8.496708510601035e-18
                },
                "metadata": {
                    "trials": 1
                }
            },
            {
                "query": {
                    "x1": -2.0,
                    "x2": 5.9629772846410205
                },
                "metrics": {
                    "outcome": -1.3231240756743726e-17
                },
                "metadata": {
                    "trials": 1
                }
            },
            {
                "query": {
                    "x1": -2.0,
                    "x2": 5.880185473700674
                },
                "metrics": {
                    "outcome": -3.5272289276618394e-17
                },
                "metadata": {
                    "trials": 1
                }
            },
            {
                "query": {
                    "x1": -1.9999999999999984,
                    "x2": 5.9999999999939995
                },
                "metrics": {
                    "outcome": -8.49670851119505e-18
                },
                "metadata": {
                    "trials": 1
                }
            },
            {
                "query": {
                    "x1": -2.0,
                    "x2": 5.7860460289751945
                },
                "metrics": {
                    "outcome": -1.0577880885994318e-16
                },
                "metadata": {
                    "trials": 1
                }
            },
            {
                "query": {
                    "x1": -2.0,
                    "x2": 5.928369453020891
                },
                "metrics": {
                    "outcome": -1.9967670346107636e-17
                },
                "metadata": {
                    "trials": 1
                }
            }
        ],
        [
            {
                "query": {
                    "x1": 1.646050622106531,
                    "x2": -1.9999999999948777
                },
                "metrics": {
                    "outcome": 0.002007020903122862
                },
                "metadata": {
                    "trials": 1
                }
            },
            {
                "query": {
                    "x1": -0.9178024004075693,
                    "x2": -0.4624413033747823
                },
                "metrics": {
                    "outcome": -0.3191843744296259
                },
                "metadata": {
                    "trials": 1
                }
            },
            {
                "query": {
                    "x1": 1.6496462777036127,
                    "x2": -1.0882083687753932
                },
                "metrics": {
                    "outcome": 0.033207835972753785
                },
                "metadata": {
                    "trials": 1
                }
            },
            {
                "query": {
                    "x1": -0.9097408072265325,
                    "x2": -0.3090934768314062
                },
                "metrics": {
                    "outcome": -0.3614026164751029
                },
                "metadata": {
                    "trials": 1
                }
            },
            {
                "query": {
                    "x1": -0.9234171704025,
                    "x2": -0.6148156959748585
                },
                "metrics": {
                    "outcome": -0.2697197599988344
                },
                "metadata": {
                    "trials": 1
                }
            },
            {
                "query": {
                    "x1": -0.8993043163496701,
                    "x2": -0.18243466209656245
                },
                "metrics": {
                    "outcome": -0.3874515556290993
                },
                "metadata": {
                    "trials": 1
                }
            }
        ],
        [
            {
                "query": {
                    "x1": -0.29091028928899854,
                    "x2": 0.19970626026407245
                },
                "metrics": {
                    "outcome": -0.2568529002884274
                },
                "metadata": {
                    "trials": 1
                }
            },
            {
                "query": {
                    "x1": -0.2818138398865484,
                    "x2": 0.03380292015440389
                },
                "metrics": {
                    "outcome": -0.2600008845017194
                },
                "metadata": {
                    "trials": 1
                }
            },
            {
                "query": {
                    "x1": -0.2978867233694291,
                    "x2": 0.364851115162375
                },
                "metrics": {
                    "outcome": -0.2386171668043272
                },
                "metadata": {
                    "trials": 1
                }
            },
            {
                "query": {
                    "x1": -0.3021315839596701,
                    "x2": 0.5092506348806602
                },
                "metrics": {
                    "outcome": -0.21277662953120743
                },
                "metadata": {
                    "trials": 1
                }
            },
            {
                "query": {
                    "x1": -0.27165009850572774,
                    "x2": -0.11785106698364767
                },
                "metrics": {
                    "outcome": -0.2488454909548912
                },
                "metadata": {
                    "trials": 1
                }
            },
            {
                "query": {
                    "x1": -0.35952076349787454,
                    "x2": 0.27741471876568724
                },
                "metrics": {
                    "outcome": -0.29252725052481476
                },
                "metadata": {
                    "trials": 1
                }
            }
        ],
        [
            {
                "query": {
                    "x1": 0.7074294173991582,
                    "x2": 6.0
                },
                "metrics": {
                    "outcome": 9.948012499879238e-17
                },
                "metadata": {
                    "trials": 1
                }
            },
            {
                "query": {
                    "x1": 3.5916666799612162,
                    "x2": 1.1730246519959526
                },
                "metrics": {
                    "outcome": 2.2661232108631294e-06
                },
                "metadata": {
                    "trials": 1
                }
            },
            {
                "query": {
                    "x1": 6.0,
                    "x2": -1.9999999999999993
                },
                "metrics": {
                    "outcome": 2.5490125531749533e-17
                },
                "metadata": {
                    "trials": 1
                }
            },
            {
                "query": {
                    "x1": 5.001865848787188,
                    "x2": 5.999999999999999
                },
                "metrics": {
                    "outcome": 1.5814805435563288e-26
                },
                "metadata": {
                    "trials": 1
                }
            },
            {
                "query": {
                    "x1": 3.322433363276409,
                    "x2": -2.0
                },
                "metrics": {
                    "outcome": 9.778925908908762e-07
                },
                "metadata": {
                    "trials": 1
                }
            },
            {
                "query": {
                    "x1": 6.0,
                    "x2": 2.9789898700643302
                },
                "metrics": {
                    "outcome": 1.947400858037313e-19
                },
                "metadata": {
                    "trials": 1
                }
            }
        ],
        [
            {
                "query": {
                    "x1": 1.8263910281579592,
                    "x2": 6.0
                },
                "metrics": {
                    "outcome": 1.5076984716031525e-17
                },
                "metadata": {
                    "trials": 1
                }
            },
            {
                "query": {
                    "x1": -0.6994190687225574,
                    "x2": 6.0
                },
                "metrics": {
                    "outcome": -9.946834470495063e-17
                },
                "metadata": {
                    "trials": 1
                }
            },
            {
                "query": {
                    "x1": 5.134099864422701,
                    "x2": -2.0
                },
                "metrics": {
                    "outcome": 3.355260205355736e-13
                },
                "metadata": {
                    "trials": 1
                }
            },
            {
                "query": {
                    "x1": 1.9002952153436934,
                    "x2": 3.960176405028581
                },
                "metrics": {
                    "outcome": 7.933989694140891e-09
                },
                "metadata": {
                    "trials": 1
                }
            },
            {
                "query": {
                    "x1": 2.242720539525033,
                    "x2": 1.8570209595361193
                },
                "metrics": {
                    "outcome": 0.0004663227313202165
                },
                "metadata": {
                    "trials": 1
                }
            },
            {
                "query": {
                    "x1": 4.389649329363789,
                    "x2": 0.7444953103118803
                },
                "metrics": {
                    "outcome": 1.079648566262322e-08
                },
                "metadata": {
                    "trials": 1
                }
            }
        ],
        [
            {
                "query": {
                    "x1": 0.7680558632685703,
                    "x2": -2.0
                },
                "metrics": {
                    "outcome": 0.0077986657395565364
                },
                "metadata": {
                    "trials": 1
                }
            },
            {
                "query": {
                    "x1": 0.01024294996679842,
                    "x2": 6.0
                },
                "metrics": {
                    "outcome": 2.3756263706028804e-18
                },
                "metadata": {
                    "trials": 1
                }
            },
            {
                "query": {
                    "x1": 1.1682426970426003,
                    "x2": 3.310822354388682
                },
                "metrics": {
                    "outcome": 5.179329189743102e-06
                },
                "metadata": {
                    "trials": 1
                }
            },
            {
                "query": {
                    "x1": 3.332522729997626,
                    "x2": 6.0
                },
                "metrics": {
                    "outcome": 1.1615132811938876e-20
                },
                "metadata": {
                    "trials": 1
                }
            },
            {
                "query": {
                    "x1": 1.238594770162364,
                    "x2": 1.5693208430721715
                },
                "metrics": {
                    "outcome": 0.022756432505878044
                },
                "metadata": {
                    "trials": 1
                }
            },
            {
                "query": {
                    "x1": 0.049688775988300016,
                    "x2": 4.380140515638171
                },
                "metrics": {
                    "outcome": 2.3066005381456904e-10
                },
                "metadata": {
                    "trials": 1
                }
            }
        ],
        [
            {
                "query": {
                    "x1": 6.0,
                    "x2": 4.878340868272686
                },
                "metrics": {
                    "outcome": 6.428635195808097e-26
                },
                "metadata": {
                    "trials": 1
                }
            },
            {
                "query": {
                    "x1": 4.194051428032871,
                    "x2": 4.984811518761277
                },
                "metrics": {
                    "outcome": 1.5554822248888469e-18
                },
                "metadata": {
                    "trials": 1
                }
            },
            {
                "query": {
                    "x1": -2.0,
                    "x2": 2.4709287803469007
                },
                "metrics": {
                    "outcome": -8.170937145485949e-05
                },
                "metadata": {
                    "trials": 1
                }
            },
            {
                "query": {
                    "x1": 2.6297663693799738,
                    "x2": 5.060423920685748
                },
                "metrics": {
                    "outcome": 1.972940159056188e-14
                },
                "metadata": {
                    "trials": 1
                }
            },
            {
                "query": {
                    "x1": -0.4306848648058341,
                    "x2": 2.5171950005048007
                },
                "metrics": {
                    "outcome": -0.0006335708333170174
                },
                "metadata": {
                    "trials": 1
                }
            },
            {
                "query": {
                    "x1": 6.0,
                    "x2": -0.7172705147053287
                },
                "metrics": {
                    "outcome": 8.319847837194525e-16
                },
                "metadata": {
                    "trials": 1
                }
            }
        ],
        [
            {
                "query": {
                    "x1": 6.0,
                    "x2": -1.531180784240468
                },
                "metrics": {
                    "outcome": 1.3345662905893264e-16
                },
                "metadata": {
                    "trials": 1
                }
            },
            {
                "query": {
                    "x1": 6.0,
                    "x2": 5.473894204648454
                },
                "metrics": {
                    "outcome": 1.3507018002044537e-28
                },
                "metadata": {
                    "trials": 1
                }
            },
            {
                "query": {
                    "x1": 6.0,
                    "x2": 3.5963972722692406
                },
                "metrics": {
                    "outcome": 3.3601078850900165e-21
                },
                "metadata": {
                    "trials": 1
                }
            },
            {
                "query": {
                    "x1": 4.750533649909048,
                    "x2": -1.5615623933073848
                },
                "metrics": {
                    "outcome": 6.557739236068241e-11
                },
                "metadata": {
                    "trials": 1
                }
            },
            {
                "query": {
                    "x1": -2.0,
                    "x2": -1.5548084452772568
                },
                "metrics": {
                    "outcome": -0.003265696810026649
                },
                "metadata": {
                    "trials": 1
                }
            },
            {
                "query": {
                    "x1": 3.460520214270425,
                    "x2": -1.582452291217267
                },
                "metrics": {
                    "outcome": 1.7817108944459723e-06
                },
                "metadata": {
                    "trials": 1
                }
            }
        ],
        [
            {
                "query": {
                    "x1": 2.4365861677389926,
                    "x2": 4.08467311165915
                },
                "metrics": {
                    "outcome": 3.6507853033832536e-10
                },
                "metadata": {
                    "trials": 1
                }
            },
            {
                "query": {
                    "x1": 2.4365865612763837,
                    "x2": 3.1272208587618398
                },
                "metrics": {
                    "outcome": 3.640894489940895e-07
                },
                "metadata": {
                    "trials": 1
                }
            },
            {
                "query": {
                    "x1": 2.4365849041934196,
                    "x2": 4.7781191933884095
                },
                "metrics": {
                    "outcome": 7.821173575046327e-13
                },
                "metadata": {
                    "trials": 1
                }
            },
            {
                "query": {
                    "x1": 2.436593184839067,
                    "x2": 2.4791102080642258
                },
                "metrics": {
                    "outcome": 1.3778888662797127e-05
                },
                "metadata": {
                    "trials": 1
                }
            },
            {
                "query": {
                    "x1": 2.43657577205241,
                    "x2": 5.439423959485421
                },
                "metrics": {
                    "outcome": 9.094962287700128e-16
                },
                "metadata": {
                    "trials": 1
                }
            },
            {
                "query": {
                    "x1": 2.4365865228119192,
                    "x2": 1.8313549041318744
                },
                "metrics": {
                    "outcome": 0.00022481862897805226
                },
                "metadata": {
                    "trials": 1
                }
            }
        ],
        [
            {
                "query": {
                    "x1": 2.8647737637662294,
                    "x2": 5.999783078762905
                },
                "metrics": {
                    "outcome": 1.8171701686042514e-19
                },
                "metadata": {
                    "trials": 1
                }
            },
            {
                "query": {
                    "x1": 2.864775413970027,
                    "x2": 5.111036740092911
                },
                "metrics": {
                    "outcome": 3.5311783357252872e-15
                },
                "metadata": {
                    "trials": 1
                }
            },
            {
                "query": {
                    "x1": 2.8647744185887642,
                    "x2": 4.235488403287563
                },
                "metrics": {
                    "outcome": 1.2644422922202536e-11
                },
                "metadata": {
                    "trials": 1
                }
            },
            {
                "query": {
                    "x1": 2.8647744517810896,
                    "x2": 3.649562018561978
                },
                "metrics": {
                    "outcome": 1.2834090677538014e-09
                },
                "metadata": {
                    "trials": 1
                }
            },
            {
                "query": {
                    "x1": 2.864773513601249,
                    "x2": 3.036995307675687
                },
                "metrics": {
                    "outcome": 7.712961729135624e-08
                },
                "metadata": {
                    "trials": 1
                }
            },
            {
                "query": {
                    "x1": 2.8647752153664703,
                    "x2": 2.4445394279382366
                },
                "metrics": {
                    "outcome": 1.9843480003240446e-06
                },
                "metadata": {
                    "trials": 1
                }
            }
        ],
        [
            {
                "query": {
                    "x1": 1.556165218716659,
                    "x2": -1.9428478890413043
                },
                "metrics": {
                    "outcome": 0.00316981039215582
                },
                "metadata": {
                    "trials": 1
                }
            },
            {
                "query": {
                    "x1": 1.5425965968683721,
                    "x2": -0.3925945749660458
                },
                "metrics": {
                    "outcome": 0.12242365563951535
                },
                "metadata": {
                    "trials": 1
                }
            },
            {
                "query": {
                    "x1": 1.5425965655626483,
                    "x2": 4.416537905722366
                },
                "metrics": {
                    "outcome": 4.82546339837016e-10
                },
                "metadata": {
                    "trials": 1
                }
            },
            {
                "query": {
                    "x1": 1.5573845420693622,
                    "x2": 0.7458116140832192
                },
                "metrics": {
                    "outcome": 0.07897106677611745
                },
                "metadata": {
                    "trials": 1
                }
            },
            {
                "query": {
                    "x1": 1.5425972881122405,
                    "x2": 1.5065691705836755
                },
                "metrics": {
                    "outcome": 0.014759187444272476
                },
                "metadata": {
                    "trials": 1
                }
            },
            {
                "query": {
                    "x1": 1.5425976890333684,
                    "x2": 2.2899116503807795
                },
                "metrics": {
                    "outcome": 0.0007542134119051379
                },
                "metadata": {
                    "trials": 1
                }
            }
        ],
        [
            {
                "query": {
                    "x1": 5.999999999999851,
                    "x2": 0.05382702306187559
                },
                "metrics": {
                    "outcome": 1.3876872544974928e-15
                },
                "metadata": {
                    "trials": 1
                }
            },
            {
                "query": {
                    "x1": 5.603538026036634,
                    "x2": 0.056032560407565324
                },
                "metrics": {
                    "outcome": 1.2894636290413174e-13
                },
                "metadata": {
                    "trials": 1
                }
            },
            {
                "query": {
                    "x1": 5.218690328087855,
                    "x2": 0.058132377169058724
                },
                "metrics": {
                    "outcome": 7.730391263766573e-12
                },
                "metadata": {
                    "trials": 1
                }
            },
            {
                "query": {
                    "x1": 4.845374165701684,
                    "x2": 0.06018502827983019
                },
                "metrics": {
                    "outcome": 3.072840432649111e-10
                },
                "metadata": {
                    "trials": 1
                }
            },
            {
                "query": {
                    "x1": 4.483502089575866,
                    "x2": 0.06218990361395438
                },
                "metrics": {
                    "outcome": 8.314589335848335e-09
                },
                "metadata": {
                    "trials": 1
                }
            },
            {
                "query": {
                    "x1": 4.13298770030245,
                    "x2": 0.06414748054423969
                },
                "metrics": {
                    "outcome": 1.570499906401567e-07
                },
                "metadata": {
                    "trials": 1
                }
            }
        ],
        [
            {
                "query": {
                    "x1": -2.0,
                    "x2": 4.308140494098699
                },
                "metrics": {
                    "outcome": -3.186501458892237e-10
                },
                "metadata": {
                    "trials": 1
                }
            },
            {
                "query": {
                    "x1": -2.0,
                    "x2": 0.647104635944284
                },
                "metrics": {
                    "outcome": -0.024098703676221276
                },
                "metadata": {
                    "trials": 1
                }
            },
            {
                "query": {
                    "x1": 6.0,
                    "x2": 1.5669651234372517
                },
                "metrics": {
                    "outcome": 1.1945162110043686e-16
                },
                "metadata": {
                    "trials": 1
                }
            },
            {
                "query": {
                    "x1": 4.667898875727464,
                    "x2": 3.5773757662083527
                },
                "metrics": {
                    "outcome": 4.448594302205035e-15
                },
                "metadata": {
                    "trials": 1
                }
            },
            {
                "query": {
                    "x1": 6.0,
                    "x2": 5.999999999999399
                },
                "metrics": {
                    "outcome": 3.2281116960359868e-31
                },
                "metadata": {
                    "trials": 1
                }
            },
            {
                "query": {
                    "x1": 4.2080974846017885,
                    "x2": -0.7895331412760376
                },
                "metrics": {
                    "outcome": 4.600865162096742e-08
                },
                "metadata": {
                    "trials": 1
                }
            }
        ],
        [
            {
                "query": {
                    "x1": -1.99999999999994,
                    "x2": 6.0
                },
                "metrics": {
                    "outcome": -8.496708510584976e-18
                },
                "metadata": {
                    "trials": 1
                }
            },
            {
                "query": {
                    "x1": -2.0,
                    "x2": -0.48645452094764075
                },
                "metrics": {
                    "outcome": -0.028912223338597845
                },
                "metadata": {
                    "trials": 1
                }
            },
            {
                "query": {
                    "x1": 4.958867664236981,
                    "x2": 2.3265890971717473
                },
                "metrics": {
                    "outcome": 4.624638897047947e-13
                },
                "metadata": {
                    "trials": 1
                }
            },
            {
                "query": {
                    "x1": 4.977479305694249,
                    "x2": 6.0
                },
                "metrics": {
                    "outcome": 2.007390818595904e-26
                },
                "metadata": {
                    "trials": 1
                }
            },
            {
                "query": {
                    "x1": 5.999999999980622,
                    "x2": -2.0
                },
                "metrics": {
                    "outcome": 2.5490125537594666e-17
                },
                "metadata": {
                    "trials": 1
                }
            },
            {
                "query": {
                    "x1": 3.171808676050964,
                    "x2": -2.0
                },
                "metrics": {
                    "outcome": 2.4829373284210756e-06
                },
                "metadata": {
                    "trials": 1
                }
            }
        ],
        [
            {
                "query": {
                    "x1": -0.10988890753511904,
                    "x2": 5.999999999999999
                },
                "metrics": {
                    "outcome": -2.5183039869374955e-17
                },
                "metadata": {
                    "trials": 1
                }
            },
            {
                "query": {
                    "x1": -0.5195417640261482,
                    "x2": -2.0
                },
                "metrics": {
                    "outcome": -0.007264674959939174
                },
                "metadata": {
                    "trials": 1
                }
            },
            {
                "query": {
                    "x1": 4.327518315197671,
                    "x2": 1.275102964469816
                },
                "metrics": {
                    "outcome": 6.264869379670385e-09
                },
                "metadata": {
                    "trials": 1
                }
            },
            {
                "query": {
                    "x1": -2.0,
                    "x2": 1.625950146891654
                },
                "metrics": {
                    "outcome": -0.002604364207936434
                },
                "metadata": {
                    "trials": 1
                }
            },
            {
                "query": {
                    "x1": 5.2376072772685704,
                    "x2": 4.44083587551591
                },
                "metrics": {
                    "outcome": 1.7402231694157025e-20
                },
                "metadata": {
                    "trials": 1
                }
            },
            {
                "query": {
                    "x1": 4.317625669187586,
                    "x2": -2.0
                },
                "metrics": {
                    "outcome": 6.338645792661833e-10
                },
                "metadata": {
                    "trials": 1
                }
            }
        ],
        [
            {
                "query": {
                    "x1": -0.8994357988901618,
                    "x2": 5.031547380030065
                },
                "metrics": {
                    "outcome": -4.0534960045184436e-12
                },
                "metadata": {
                    "trials": 1
                }
            },
            {
                "query": {
                    "x1": -0.9726573598949186,
                    "x2": 0.9953152529298523
                },
                "metrics": {
                    "outcome": -0.14023464840036795
                },
                "metadata": {
                    "trials": 1
                }
            },
            {
                "query": {
                    "x1": 6.0,
                    "x2": 2.6099515529862884
                },
                "metrics": {
                    "outcome": 1.5318007960643865e-18
                },
                "metadata": {
                    "trials": 1
                }
            },
            {
                "query": {
                    "x1": 4.317596701498612,
                    "x2": 5.238926633284726
                },
                "metrics": {
                    "outcome": 4.1637130759413555e-20
                },
                "metadata": {
                    "trials": 1
                }
            },
            {
                "query": {
                    "x1": 3.3969866668436604,
                    "x2": 1.0695536992482038
                },
                "metrics": {
                    "outcome": 1.0537452249828813e-05
                },
                "metadata": {
                    "trials": 1
                }
            },
            {
                "query": {
                    "x1": 5.321480798702296,
                    "x2": -2.0
                },
                "metrics": {
                    "outcome": 4.9026948395873974e-14
                },
                "metadata": {
                    "trials": 1
                }
            }
        ],
        [
            {
                "query": {
                    "x1": -0.5594747538549572,
                    "x2": 2.541595649616907
                },
                "metrics": {
                    "outcome": -0.0006403617407976745
                },
                "metadata": {
                    "trials": 1
                }
            },
            {
                "query": {
                    "x1": -0.7265745459284756,
                    "x2": -0.17749708478492998
                },
                "metrics": {
                    "outcome": -0.41526850105744273
                },
                "metadata": {
                    "trials": 1
                }
            },
            {
                "query": {
                    "x1": 1.1688815803459494,
                    "x2": 6.0
                },
                "metrics": {
                    "outcome": 6.915116479371226e-17
                },
                "metadata": {
                    "trials": 1
                }
            },
            {
                "query": {
                    "x1": 6.0,
                    "x2": 4.6877557430385215
                },
                "metrics": {
                    "outcome": 3.9802032573909624e-25
                },
                "metadata": {
                    "trials": 1
                }
            },
            {
                "query": {
                    "x1": 6.0,
                    "x2": -1.1217738918201852
                },
                "metrics": {
                    "outcome": 3.9540655104738125e-16
                },
                "metadata": {
                    "trials": 1
                }
            },
            {
                "query": {
                    "x1": 0.5565251063983832,
                    "x2": -2.0
                },
                "metrics": {
                    "outcome": 0.007478199769311173
                },
                "metadata": {
                    "trials": 1
                }
            }
        ],
        [
            {
                "query": {
                    "x1": 0.01899038004941689,
                    "x2": 0.12687130079332176
                },
                "metrics": {
                    "outcome": 0.018680413644374144
                },
                "metadata": {
                    "trials": 1
                }
            },
            {
                "query": {
                    "x1": -1.1194498588098065,
                    "x2": -0.7218609965927107
                },
                "metrics": {
                    "outcome": -0.18987032921102687
                },
                "metadata": {
                    "trials": 1
                }
            },
            {
                "query": {
                    "x1": 0.20371096767034036,
                    "x2": 1.3494138748634605
                },
                "metrics": {
                    "outcome": 0.031635699059952616
                },
                "metadata": {
                    "trials": 1
                }
            },
            {
                "query": {
                    "x1": -0.011633934742538488,
                    "x2": -1.0204267925424733
                },
                "metrics": {
                    "outcome": -0.004106290428872536
                },
                "metadata": {
                    "trials": 1
                }
            },
            {
                "query": {
                    "x1": 0.27237140836724816,
                    "x2": 4.219374076023676
                },
                "metrics": {
                    "outcome": 4.689722382798568e-09
                },
                "metadata": {
                    "trials": 1
                }
            },
            {
                "query": {
                    "x1": -1.99999999999994,
                    "x2": -2.0
                },
                "metrics": {
                    "outcome": -0.0006709252558051645
                },
                "metadata": {
                    "trials": 1
                }
            }
        ],
        [
            {
                "query": {
                    "x1": -2.0,
                    "x2": 5.577550061710256
                },
                "metrics": {
                    "outcome": -1.1307248469842988e-15
                },
                "metadata": {
                    "trials": 1
                }
            },
            {
                "query": {
                    "x1": -2.0,
                    "x2": 3.4749106655086415
                },
                "metrics": {
                    "outcome": -2.0880668760197155e-07
                },
                "metadata": {
                    "trials": 1
                }
            },
            {
                "query": {
                    "x1": -1.0867991682914158,
                    "x2": 5.591306298190774
                },
                "metrics": {
                    "outcome": -8.830173610065172e-15
                },
                "metadata": {
                    "trials": 1
                }
            },
            {
                "query": {
                    "x1": -0.1819966794585013,
                    "x2": 5.60434390943631
                },
                "metrics": {
                    "outcome": -4.0277830443872274e-15
                },
                "metadata": {
                    "trials": 1
                }
            },
            {
                "query": {
                    "x1": 0.7184069248531681,
                    "x2": 5.616312157078466
                },
                "metrics": {
                    "outcome": 8.57616219418612e-15
                },
                "metadata": {
                    "trials": 1
                }
            },
            {
                "query": {
                    "x1": 1.619222561807602,
                    "x2": 5.626860159025719
                },
                "metrics": {
                    "outcome": 2.0902539691827575e-15
                },
                "metadata": {
                    "trials": 1
                }
            }
        ],
        [
            {
                "query": {
                    "x1": -1.9999999999994018,
                    "x2": -1.5671239653354885
                },
                "metrics": {
                    "outcome": -0.003142519720296098
                },
                "metadata": {
                    "trials": 1
                }
            },
            {
                "query": {
                    "x1": -0.8239741211819169,
                    "x2": -1.5750873969889265
                },
                "metrics": {
                    "outcome": -0.03496352805332847
                },
                "metadata": {
                    "trials": 1
                }
            },
            {
                "query": {
                    "x1": 0.3351193864165922,
                    "x2": -1.5812103632505796
                },
                "metrics": {
                    "outcome": 0.024580553684489675
                },
                "metadata": {
                    "trials": 1
                }
            },
            {
                "query": {
                    "x1": 1.4785295742679243,
                    "x2": -1.586114808271515
                },
                "metrics": {
                    "outcome": 0.013423319490941511
                },
                "metadata": {
                    "trials": 1
                }
            },
            {
                "query": {
                    "x1": 2.6127416367475034,
                    "x2": -1.5902237313055831
                },
                "metrics": {
                    "outcome": 0.00022603283752745522
                },
                "metadata": {
                    "trials": 1
                }
            },
            {
                "query": {
                    "x1": 3.7527375091622677,
                    "x2": -1.5936595946509486
                },
                "metrics": {
                    "outcome": 2.2654909961058303e-07
                },
                "metadata": {
                    "trials": 1
                }
            }
        ],
        [
            {
                "query": {
                    "x1": 2.035105239227736,
                    "x2": 3.05816784623482
                },
                "metrics": {
                    "outcome": 2.8067133701768407e-06
                },
                "metadata": {
                    "trials": 1
                }
            },
            {
                "query": {
                    "x1": 1.1646849944365272,
                    "x2": 3.0686173563480166
                },
                "metrics": {
                    "outcome": 2.4411579793755857e-05
                },
                "metadata": {
                    "trials": 1
                }
            },
            {
                "query": {
                    "x1": 2.9020896952741886,
                    "x2": 3.046563528862455
                },
                "metrics": {
                    "outcome": 5.9443302803954455e-08
                },
                "metadata": {
                    "trials": 1
                }
            },
            {
                "query": {
                    "x1": 0.3504389639836507,
                    "x2": 3.065020273920714
                },
                "metrics": {
                    "outcome": 2.5784797741187428e-05
                },
                "metadata": {
                    "trials": 1
                }
            },
            {
                "query": {
                    "x1": 3.7062963846168824,
                    "x2": 3.0486305715238773
                },
                "metrics": {
                    "outcome": 3.6880681213815233e-10
                },
                "metadata": {
                    "trials": 1
                }
            },
            {
                "query": {
                    "x1": -2.0,
                    "x2": 2.975068740716284
                },
                "metrics": {
                    "outcome": -5.246828120710204e-06
                },
                "metadata": {
                    "trials": 1
                }
            }
        ]
    ],
    "best_results": [
        {
            "query": {
                "x1": -0.7265745459284756,
                "x2": -0.17749708478492998
            },
            "metrics": [
                {
                    "name": "outcome",
                    "value": -0.41526850105744273
                }
            ]
        }
    ]
}