{
    "date": "05/11/2022 12:04:49",
    "basic_params": {
        "active_variables": [
            "x1",
            "x2"
        ],
        "default_query": {},
        "metric": "basic",
        "n_trials": 1
    },
    "objective_function": {
        "name": "Branin",
        "params": {}
    },
    "optimizer": {
        "name": "BBO-LP(LCB)",
        "params": {
            "lower_bound": [
                -5.0,
                0.0
            ],
            "upper_bound": [
                10.0,
                15.0
            ],
            "invert_metric": false,
            "bopt_params": {
                "n_init_samples": 12,
                "n_iterations": 23,
                "n_iter_relearn": 5,
                "verbose_level": 0,
                "n_parallel_samples": 6,
                "par_type": "PAR_BBO",
                "crit_name": "cLP(cLCB)",
                "n_crit_params": 3,
                "crit_params": [
                    6,
                    1,
                    1.0
                ]
            }
        }
    },
    "iterations": [
        [
            {
                "query": {
                    "x1": 1.4348121971124783,
                    "x2": 2.295307563035749
                },
                "metrics": {
                    "outcome": 14.14791371323069
                },
                "metadata": {
                    "trials": 1
                }
            }
        ],
        [
            {
                "query": {
                    "x1": 7.857020071242005,
                    "x2": 10.793001684651244
                },
                "metrics": {
                    "outcome": 96.88767389991007
                },
                "metadata": {
                    "trials": 1
                }
            }
        ],
        [
            {
                "query": {
                    "x1": -4.293687036552001,
                    "x2": 14.335302264953498
                },
                "metrics": {
                    "outcome": 6.870292071397014
                },
                "metadata": {
                    "trials": 1
                }
            }
        ],
        [
            {
                "query": {
                    "x1": -3.025920422805939,
                    "x2": 5.622010875085834
                },
                "metrics": {
                    "outcome": 41.12473372935045
                },
                "metadata": {
                    "trials": 1
                }
            }
        ],
        [
            {
                "query": {
                    "x1": -1.4482215212774463,
                    "x2": 8.248909934191033
                },
                "metrics": {
                    "outcome": 11.280928839020572
                },
                "metadata": {
                    "trials": 1
                }
            }
        ],
        [
            {
                "query": {
                    "x1": -0.42665304674301296,
                    "x2": 11.686164815619122
                },
                "metrics": {
                    "outcome": 43.57770438182193
                },
                "metadata": {
                    "trials": 1
                }
            }
        ],
        [
            {
                "query": {
                    "x1": 3.6407415429130197,
                    "x2": 13.670761958055664
                },
                "metrics": {
                    "outcome": 139.69872289039668
                },
                "metadata": {
                    "trials": 1
                }
            }
        ],
        [
            {
                "query": {
                    "x1": 5.036116070696153,
                    "x2": 6.675238635216374
                },
                "metrics": {
                    "outcome": 42.3661604346607
                },
                "metadata": {
                    "trials": 1
                }
            }
        ],
        [
            {
                "query": {
                    "x1": 4.89548280602321,
                    "x2": 3.903682438249234
                },
                "metrics": {
                    "outcome": 18.503505367435498
                },
                "metadata": {
                    "trials": 1
                }
            }
        ],
        [
            {
                "query": {
                    "x1": 1.005887252104003,
                    "x2": 9.613507550384384
                },
                "metrics": {
                    "outcome": 40.98456170032239
                },
                "metadata": {
                    "trials": 1
                }
            }
        ],
        [
            {
                "query": {
                    "x1": 6.369834180222824,
                    "x2": 2.882582804595586
                },
                "metrics": {
                    "outcome": 22.73041300150001
                },
                "metadata": {
                    "trials": 1
                }
            }
        ],
        [
            {
                "query": {
                    "x1": 8.998201001668349,
                    "x2": 0.7205537369009107
                },
                "metrics": {
                    "outcome": 3.269441916035947
                },
                "metadata": {
                    "trials": 1
                }
            }
        ],
        [
            {
                "query": {
                    "x1": 10.0,
                    "x2": 0.0
                },
                "metrics": {
                    "outcome": 10.960889035651505
                },
                "metadata": {
                    "trials": 1
                }
            },
            {
                "query": {
                    "x1": 10.0,
                    "x2": 0.0
                },
                "metrics": {
                    "outcome": 10.960889035651505
                },
                "metadata": {
                    "trials": 1
                }
            },
            {
                "query": {
                    "x1": 10.0,
                    "x2": 0.0
                },
                "metrics": {
                    "outcome": 10.960889035651505
                },
                "metadata": {
                    "trials": 1
                }
            },
            {
                "query": {
                    "x1": 10.0,
                    "x2": 0.0
                },
                "metrics": {
                    "outcome": 10.960889035651505
                },
                "metadata": {
                    "trials": 1
                }
            },
            {
                "query": {
                    "x1": 10.0,
                    "x2": 0.0
                },
                "metrics": {
                    "outcome": 10.960889035651505
                },
                "metadata": {
                    "trials": 1
                }
            },
            {
                "query": {
                    "x1": 10.0,
                    "x2": 0.0
                },
                "metrics": {
                    "outcome": 10.960889035651505
                },
                "metadata": {
                    "trials": 1
                }
            }
        ],
        [
            {
                "query": {
                    "x1": -5.0,
                    "x2": 9.320017666589038
                },
                "metrics": {
                    "outcome": 74.6188298103496
                },
                "metadata": {
                    "trials": 1
                }
            },
            {
                "query": {
                    "x1": -5.0,
                    "x2": 9.362833278723443
                },
                "metrics": {
                    "outcome": 73.94697284124246
                },
                "metadata": {
                    "trials": 1
                }
            },
            {
                "query": {
                    "x1": -5.0,
                    "x2": 9.277581690519526
                },
                "metrics": {
                    "outcome": 75.28834731448362
                },
                "metadata": {
                    "trials": 1
                }
            },
            {
                "query": {
                    "x1": -5.0,
                    "x2": 9.401728900946194
                },
                "metrics": {
                    "outcome": 73.33980604891181
                },
                "metadata": {
                    "trials": 1
                }
            },
            {
                "query": {
                    "x1": -5.0,
                    "x2": 9.239809657880873
                },
                "metrics": {
                    "outcome": 75.88731084104971
                },
                "metadata": {
                    "trials": 1
                }
            },
            {
                "query": {
                    "x1": -5.0,
                    "x2": 9.438518064174476
                },
                "metrics": {
                    "outcome": 72.76830579336067
                },
                "metadata": {
                    "trials": 1
                }
            }
        ],
        [
            {
                "query": {
                    "x1": -4.999999999999997,
                    "x2": 15.0
                },
                "metrics": {
                    "outcome": 17.508299515778106
                },
                "metadata": {
                    "trials": 1
                }
            },
            {
                "query": {
                    "x1": -5.0,
                    "x2": 14.986021957934504
                },
                "metrics": {
                    "outcome": 17.569644918357486
                },
                "metadata": {
                    "trials": 1
                }
            },
            {
                "query": {
                    "x1": -5.0,
                    "x2": 14.972111061562236
                },
                "metrics": {
                    "outcome": 17.63108359891263
                },
                "metadata": {
                    "trials": 1
                }
            },
            {
                "query": {
                    "x1": -5.0,
                    "x2": 14.994221021491077
                },
                "metrics": {
                    "outcome": 17.533614323883295
                },
                "metadata": {
                    "trials": 1
                }
            },
            {
                "query": {
                    "x1": -5.0,
                    "x2": 14.95850426538584
                },
                "metrics": {
                    "outcome": 17.691553622206712
                },
                "metadata": {
                    "trials": 1
                }
            },
            {
                "query": {
                    "x1": -5.0,
                    "x2": 14.97922114078801
                },
                "metrics": {
                    "outcome": 17.59963296288602
                },
                "metadata": {
                    "trials": 1
                }
            }
        ],
        [
            {
                "query": {
                    "x1": -3.836341224212547,
                    "x2": 13.638230144797173
                },
                "metrics": {
                    "outcome": 2.759508342350549
                },
                "metadata": {
                    "trials": 1
                }
            },
            {
                "query": {
                    "x1": -3.836343941779387,
                    "x2": 13.638229206112815
                },
                "metrics": {
                    "outcome": 2.7595309168289432
                },
                "metadata": {
                    "trials": 1
                }
            },
            {
                "query": {
                    "x1": -3.836335795051017,
                    "x2": 13.63823214174806
                },
                "metrics": {
                    "outcome": 2.7594631538356937
                },
                "metadata": {
                    "trials": 1
                }
            },
            {
                "query": {
                    "x1": -3.836348359640805,
                    "x2": 13.638227462214322
                },
                "metrics": {
                    "outcome": 2.759567776552003
                },
                "metadata": {
                    "trials": 1
                }
            },
            {
                "query": {
                    "x1": -3.8363310509246618,
                    "x2": 13.638233386947359
                },
                "metrics": {
                    "outcome": 2.759424036254792
                },
                "metadata": {
                    "trials": 1
                }
            },
            {
                "query": {
                    "x1": -3.836353574054191,
                    "x2": 13.638225657189178
                },
                "metrics": {
                    "outcome": 2.7596110959747113
                },
                "metadata": {
                    "trials": 1
                }
            }
        ],
        [
            {
                "query": {
                    "x1": -3.6429511682580342,
                    "x2": 13.938855358239092
                },
                "metrics": {
                    "outcome": 1.7615163392777617
                },
                "metadata": {
                    "trials": 1
                }
            },
            {
                "query": {
                    "x1": -3.6530539849139902,
                    "x2": 13.934700242158693
                },
                "metrics": {
                    "outcome": 1.78407242382049
                },
                "metadata": {
                    "trials": 1
                }
            },
            {
                "query": {
                    "x1": -3.6328594278718755,
                    "x2": 13.943017065199767
                },
                "metrics": {
                    "outcome": 1.7415971362680835
                },
                "metadata": {
                    "trials": 1
                }
            },
            {
                "query": {
                    "x1": -3.6435372613325505,
                    "x2": 13.929174361105268
                },
                "metrics": {
                    "outcome": 1.754823107181016
                },
                "metadata": {
                    "trials": 1
                }
            },
            {
                "query": {
                    "x1": -3.650177365464038,
                    "x2": 13.945324792003092
                },
                "metrics": {
                    "outcome": 1.785125360775142
                },
                "metadata": {
                    "trials": 1
                }
            },
            {
                "query": {
                    "x1": -3.6333603866826474,
                    "x2": 13.932979791396132
                },
                "metrics": {
                    "outcome": 1.7336805227148755
                },
                "metadata": {
                    "trials": 1
                }
            }
        ],
        [
            {
                "query": {
                    "x1": -3.465465160824661,
                    "x2": 13.719933576825769
                },
                "metrics": {
                    "outcome": 1.3235607115008783
                },
                "metadata": {
                    "trials": 1
                }
            },
            {
                "query": {
                    "x1": -3.4668314657146277,
                    "x2": 13.732082391131048
                },
                "metrics": {
                    "outcome": 1.3392499942139509
                },
                "metadata": {
                    "trials": 1
                }
            },
            {
                "query": {
                    "x1": -3.4640607440391067,
                    "x2": 13.707809702247147
                },
                "metrics": {
                    "outcome": 1.3080792350546595
                },
                "metadata": {
                    "trials": 1
                }
            },
            {
                "query": {
                    "x1": -3.456502122061229,
                    "x2": 13.726632568854413
                },
                "metrics": {
                    "outcome": 1.3352262723798844
                },
                "metadata": {
                    "trials": 1
                }
            },
            {
                "query": {
                    "x1": -3.4756839629102894,
                    "x2": 13.724481823686162
                },
                "metrics": {
                    "outcome": 1.3284286739681406
                },
                "metadata": {
                    "trials": 1
                }
            },
            {
                "query": {
                    "x1": -3.454597818024108,
                    "x2": 13.714381877243131
                },
                "metrics": {
                    "outcome": 1.319378668968012
                },
                "metadata": {
                    "trials": 1
                }
            }
        ],
        [
            {
                "query": {
                    "x1": -3.4215059920398265,
                    "x2": 13.459946046100274
                },
                "metrics": {
                    "outcome": 1.0237374310847098
                },
                "metadata": {
                    "trials": 1
                }
            },
            {
                "query": {
                    "x1": -3.424020670471045,
                    "x2": 13.470712612465883
                },
                "metrics": {
                    "outcome": 1.0350179650220142
                },
                "metadata": {
                    "trials": 1
                }
            },
            {
                "query": {
                    "x1": -3.4189888318427792,
                    "x2": 13.449190823602049
                },
                "metrics": {
                    "outcome": 1.0125657362157021
                },
                "metadata": {
                    "trials": 1
                }
            },
            {
                "query": {
                    "x1": -3.414400739318225,
                    "x2": 13.467251947594434
                },
                "metrics": {
                    "outcome": 1.0307358492405658
                },
                "metadata": {
                    "trials": 1
                }
            },
            {
                "query": {
                    "x1": -3.4262986831677074,
                    "x2": 13.480487325493906
                },
                "metrics": {
                    "outcome": 1.0453432315055693
                },
                "metadata": {
                    "trials": 1
                }
            },
            {
                "query": {
                    "x1": -3.429295068599683,
                    "x2": 13.453549850988267
                },
                "metrics": {
                    "outcome": 1.0195442491926485
                },
                "metadata": {
                    "trials": 1
                }
            }
        ],
        [
            {
                "query": {
                    "x1": -3.3647607486572144,
                    "x2": 13.22428666859401
                },
                "metrics": {
                    "outcome": 0.8012720866314318
                },
                "metadata": {
                    "trials": 1
                }
            },
            {
                "query": {
                    "x1": -3.3672114531092117,
                    "x2": 13.234115662212295
                },
                "metrics": {
                    "outcome": 0.8096101050279341
                },
                "metadata": {
                    "trials": 1
                }
            },
            {
                "query": {
                    "x1": -3.3623091556862033,
                    "x2": 13.21446806233849
                },
                "metrics": {
                    "outcome": 0.793026156307798
                },
                "metadata": {
                    "trials": 1
                }
            },
            {
                "query": {
                    "x1": -3.3598913863748185,
                    "x2": 13.204806726068478
                },
                "metrics": {
                    "outcome": 0.7849934127842637
                },
                "metadata": {
                    "trials": 1
                }
            },
            {
                "query": {
                    "x1": -3.358418949313558,
                    "x2": 13.231134054755552
                },
                "metrics": {
                    "outcome": 0.8067391922545184
                },
                "metadata": {
                    "trials": 1
                }
            },
            {
                "query": {
                    "x1": -3.355551800549068,
                    "x2": 13.22143547388113
                },
                "metrics": {
                    "outcome": 0.7985896994888648
                },
                "metadata": {
                    "trials": 1
                }
            }
        ],
        [
            {
                "query": {
                    "x1": -3.307776160229889,
                    "x2": 13.022524235935137
                },
                "metrics": {
                    "outcome": 0.6489068970774934
                },
                "metadata": {
                    "trials": 1
                }
            },
            {
                "query": {
                    "x1": -3.3102275277444084,
                    "x2": 13.03178986617819
                },
                "metrics": {
                    "outcome": 0.6550921469026392
                },
                "metadata": {
                    "trials": 1
                }
            },
            {
                "query": {
                    "x1": -3.305325947085614,
                    "x2": 13.013268018469045
                },
                "metrics": {
                    "outcome": 0.6428051631469742
                },
                "metadata": {
                    "trials": 1
                }
            },
            {
                "query": {
                    "x1": -3.312469317085024,
                    "x2": 13.040266857177903
                },
                "metrics": {
                    "outcome": 0.6608186079985643
                },
                "metadata": {
                    "trials": 1
                }
            },
            {
                "query": {
                    "x1": -3.301878123495781,
                    "x2": 13.029157814577443
                },
                "metrics": {
                    "outcome": 0.6546580933770567
                },
                "metadata": {
                    "trials": 1
                }
            },
            {
                "query": {
                    "x1": -3.3161808368760557,
                    "x2": 13.025374778155756
                },
                "metrics": {
                    "outcome": 0.6506945424881003
                },
                "metadata": {
                    "trials": 1
                }
            }
        ],
        [
            {
                "query": {
                    "x1": -3.265317544902571,
                    "x2": 12.860267763381508
                },
                "metrics": {
                    "outcome": 0.5530547065798643
                },
                "metadata": {
                    "trials": 1
                }
            },
            {
                "query": {
                    "x1": -3.2676149875028986,
                    "x2": 12.868525761619814
                },
                "metrics": {
                    "outcome": 0.5573321129692221
                },
                "metadata": {
                    "trials": 1
                }
            },
            {
                "query": {
                    "x1": -3.263023274403545,
                    "x2": 12.852017520895657
                },
                "metrics": {
                    "outcome": 0.5488447090795976
                },
                "metadata": {
                    "trials": 1
                }
            },
            {
                "query": {
                    "x1": -3.269725062217863,
                    "x2": 12.876102281983334
                },
                "metrics": {
                    "outcome": 0.5613121092883997
                },
                "metadata": {
                    "trials": 1
                }
            },
            {
                "query": {
                    "x1": -3.2728590988381008,
                    "x2": 12.862772927590578
                },
                "metrics": {
                    "outcome": 0.5534394786118462
                },
                "metadata": {
                    "trials": 1
                }
            },
            {
                "query": {
                    "x1": -3.2601501570259774,
                    "x2": 12.86630791953562
                },
                "metrics": {
                    "outcome": 0.5580543299239942
                },
                "metadata": {
                    "trials": 1
                }
            }
        ],
        [
            {
                "query": {
                    "x1": -3.2310483306834072,
                    "x2": 12.723127551932562
                },
                "metrics": {
                    "outcome": 0.49015653753054345
                },
                "metadata": {
                    "trials": 1
                }
            },
            {
                "query": {
                    "x1": -3.2331545469324943,
                    "x2": 12.730420415499758
                },
                "metrics": {
                    "outcome": 0.49300212895806794
                },
                "metadata": {
                    "trials": 1
                }
            },
            {
                "query": {
                    "x1": -3.2289475050564036,
                    "x2": 12.715840832257772
                },
                "metrics": {
                    "outcome": 0.4873636938949595
                },
                "metadata": {
                    "trials": 1
                }
            },
            {
                "query": {
                    "x1": -3.2350986202746066,
                    "x2": 12.7371294056754
                },
                "metrics": {
                    "outcome": 0.4956636648659174
                },
                "metadata": {
                    "trials": 1
                }
            },
            {
                "query": {
                    "x1": -3.226853097719405,
                    "x2": 12.708560457368065
                },
                "metrics": {
                    "outcome": 0.4846231877848073
                },
                "metadata": {
                    "trials": 1
                }
            },
            {
                "query": {
                    "x1": -3.2377458540892263,
                    "x2": 12.725311734644388
                },
                "metrics": {
                    "outcome": 0.4897816876787271
                },
                "metadata": {
                    "trials": 1
                }
            }
        ],
        [
            {
                "query": {
                    "x1": -3.19466223580105,
                    "x2": 12.603256405352946
                },
                "metrics": {
                    "outcome": 0.4515473708400588
                },
                "metadata": {
                    "trials": 1
                }
            },
            {
                "query": {
                    "x1": -3.196622921724866,
                    "x2": 12.60994424508084
                },
                "metrics": {
                    "outcome": 0.45334901750432444
                },
                "metadata": {
                    "trials": 1
                }
            },
            {
                "query": {
                    "x1": -3.19270260718708,
                    "x2": 12.596575496833275
                },
                "metrics": {
                    "outcome": 0.4497920395858106
                },
                "metadata": {
                    "trials": 1
                }
            },
            {
                "query": {
                    "x1": -3.1984323967286232,
                    "x2": 12.61611788174258
                },
                "metrics": {
                    "outcome": 0.4550514414099158
                },
                "metadata": {
                    "trials": 1
                }
            },
            {
                "query": {
                    "x1": -3.1907414026596084,
                    "x2": 12.58988856105388
                },
                "metrics": {
                    "outcome": 0.44807909476750574
                },
                "metadata": {
                    "trials": 1
                }
            },
            {
                "query": {
                    "x1": -3.199253754264386,
                    "x2": 12.598763995031304
                },
                "metrics": {
                    "outcome": 0.4479821413294669
                },
                "metadata": {
                    "trials": 1
                }
            }
        ],
        [
            {
                "query": {
                    "x1": -3.171916269479543,
                    "x2": 12.522988009524639
                },
                "metrics": {
                    "outcome": 0.43292470190161403
                },
                "metadata": {
                    "trials": 1
                }
            },
            {
                "query": {
                    "x1": -3.1736116521797286,
                    "x2": 12.5284229001211
                },
                "metrics": {
                    "outcome": 0.4339052529025107
                },
                "metadata": {
                    "trials": 1
                }
            },
            {
                "query": {
                    "x1": -3.1702280649404995,
                    "x2": 12.517556441120252
                },
                "metrics": {
                    "outcome": 0.43197222535765967
                },
                "metadata": {
                    "trials": 1
                }
            },
            {
                "query": {
                    "x1": -3.1751850616475865,
                    "x2": 12.533440857849165
                },
                "metrics": {
                    "outcome": 0.43483374175100664
                },
                "metadata": {
                    "trials": 1
                }
            },
            {
                "query": {
                    "x1": -3.168534081356546,
                    "x2": 12.512085070285739
                },
                "metrics": {
                    "outcome": 0.4310401489800686
                },
                "metadata": {
                    "trials": 1
                }
            },
            {
                "query": {
                    "x1": -3.1685993161570636,
                    "x2": 12.527172477164992
                },
                "metrics": {
                    "outcome": 0.43642323818672857
                },
                "metadata": {
                    "trials": 1
                }
            }
        ],
        [
            {
                "query": {
                    "x1": -3.1583166606828796,
                    "x2": 12.462336245897351
                },
                "metrics": {
                    "outcome": 0.4208710024420803
                },
                "metadata": {
                    "trials": 1
                }
            },
            {
                "query": {
                    "x1": -3.1566667468007057,
                    "x2": 12.457829125177806
                },
                "metrics": {
                    "outcome": 0.4204619501654072
                },
                "metadata": {
                    "trials": 1
                }
            },
            {
                "query": {
                    "x1": -3.159984398389244,
                    "x2": 12.466843042445847
                },
                "metrics": {
                    "outcome": 0.42129693387348155
                },
                "metadata": {
                    "trials": 1
                }
            },
            {
                "query": {
                    "x1": -3.1615653347199677,
                    "x2": 12.471076061922954
                },
                "metrics": {
                    "outcome": 0.4217139899339184
                },
                "metadata": {
                    "trials": 1
                }
            },
            {
                "query": {
                    "x1": -3.1630781334846922,
                    "x2": 12.475123388069848
                },
                "metrics": {
                    "outcome": 0.42213473106703425
                },
                "metadata": {
                    "trials": 1
                }
            },
            {
                "query": {
                    "x1": -3.1571991851934973,
                    "x2": 12.470147997725261
                },
                "metrics": {
                    "outcome": 0.4238977035794118
                },
                "metadata": {
                    "trials": 1
                }
            }
        ],
        [
            {
                "query": {
                    "x1": -3.155889288219336,
                    "x2": 12.411870416641946
                },
                "metrics": {
                    "outcome": 0.4093719806577383
                },
                "metadata": {
                    "trials": 1
                }
            },
            {
                "query": {
                    "x1": -3.1575937600401933,
                    "x2": 12.416584003609763
                },
                "metrics": {
                    "outcome": 0.40974544671829705
                },
                "metadata": {
                    "trials": 1
                }
            },
            {
                "query": {
                    "x1": -3.1541543326767436,
                    "x2": 12.407170982829795
                },
                "metrics": {
                    "outcome": 0.4090411577320765
                },
                "metadata": {
                    "trials": 1
                }
            },
            {
                "query": {
                    "x1": -3.1591753879539723,
                    "x2": 12.421196373423589
                },
                "metrics": {
                    "outcome": 0.41016697769302546
                },
                "metadata": {
                    "trials": 1
                }
            },
            {
                "query": {
                    "x1": -3.1524291978620194,
                    "x2": 12.402579092108452
                },
                "metrics": {
                    "outcome": 0.40875767917431993
                },
                "metadata": {
                    "trials": 1
                }
            },
            {
                "query": {
                    "x1": -3.1606687798684336,
                    "x2": 12.412969885692297
                },
                "metrics": {
                    "outcome": 0.4081128291253684
                },
                "metadata": {
                    "trials": 1
                }
            }
        ],
        [
            {
                "query": {
                    "x1": -3.163321255061467,
                    "x2": 12.382789330225597
                },
                "metrics": {
                    "outcome": 0.40323528402888265
                },
                "metadata": {
                    "trials": 1
                }
            },
            {
                "query": {
                    "x1": -3.1620287955017705,
                    "x2": 12.378815477181039
                },
                "metrics": {
                    "outcome": 0.4028788485661554
                },
                "metadata": {
                    "trials": 1
                }
            },
            {
                "query": {
                    "x1": -3.164573328469503,
                    "x2": 12.38677120706468
                },
                "metrics": {
                    "outcome": 0.40361215476536927
                },
                "metadata": {
                    "trials": 1
                }
            },
            {
                "query": {
                    "x1": -3.160741266073258,
                    "x2": 12.375007893767975
                },
                "metrics": {
                    "outcome": 0.4025574242612464
                },
                "metadata": {
                    "trials": 1
                }
            },
            {
                "query": {
                    "x1": -3.1657651657107637,
                    "x2": 12.390683005791267
                },
                "metrics": {
                    "outcome": 0.4040005242268112
                },
                "metadata": {
                    "trials": 1
                }
            },
            {
                "query": {
                    "x1": -3.1594384866729115,
                    "x2": 12.37130074395982
                },
                "metrics": {
                    "outcome": 0.4022648754201228
                },
                "metadata": {
                    "trials": 1
                }
            }
        ],
        [
            {
                "query": {
                    "x1": -3.16838192120003,
                    "x2": 12.379633282539475
                },
                "metrics": {
                    "outcome": 0.4029454898531615
                },
                "metadata": {
                    "trials": 1
                }
            },
            {
                "query": {
                    "x1": -3.167433088035715,
                    "x2": 12.376497177086664
                },
                "metrics": {
                    "outcome": 0.40263826806098457
                },
                "metadata": {
                    "trials": 1
                }
            },
            {
                "query": {
                    "x1": -3.169293603056132,
                    "x2": 12.382770629797013
                },
                "metrics": {
                    "outcome": 0.4032603445577507
                },
                "metadata": {
                    "trials": 1
                }
            },
            {
                "query": {
                    "x1": -3.1664878375312773,
                    "x2": 12.37353214024366
                },
                "metrics": {
                    "outcome": 0.40235449039707305
                },
                "metadata": {
                    "trials": 1
                }
            },
            {
                "query": {
                    "x1": -3.1701746974721368,
                    "x2": 12.385902851562351
                },
                "metrics": {
                    "outcome": 0.40358230131849737
                },
                "metadata": {
                    "trials": 1
                }
            },
            {
                "query": {
                    "x1": -3.1655262011332512,
                    "x2": 12.370685307204848
                },
                "metrics": {
                    "outcome": 0.4020884384052916
                },
                "metadata": {
                    "trials": 1
                }
            }
        ],
        [
            {
                "query": {
                    "x1": -3.1674705161682275,
                    "x2": 12.376602151105281
                },
                "metrics": {
                    "outcome": 0.40264872237037785
                },
                "metadata": {
                    "trials": 1
                }
            },
            {
                "query": {
                    "x1": -3.166628707910194,
                    "x2": 12.374192275876204
                },
                "metrics": {
                    "outcome": 0.4024131309184451
                },
                "metadata": {
                    "trials": 1
                }
            },
            {
                "query": {
                    "x1": -3.1682668967543433,
                    "x2": 12.379009547545024
                },
                "metrics": {
                    "outcome": 0.4028882575053476
                },
                "metadata": {
                    "trials": 1
                }
            },
            {
                "query": {
                    "x1": -3.165784508911285,
                    "x2": 12.371873529153227
                },
                "metrics": {
                    "outcome": 0.4021915449686304
                },
                "metadata": {
                    "trials": 1
                }
            },
            {
                "query": {
                    "x1": -3.169013835820947,
                    "x2": 12.381403482352484
                },
                "metrics": {
                    "outcome": 0.4031298470044984
                },
                "metadata": {
                    "trials": 1
                }
            },
            {
                "query": {
                    "x1": -3.164942031341919,
                    "x2": 12.369584859597724
                },
                "metrics": {
                    "outcome": 0.40197932464536734
                },
                "metadata": {
                    "trials": 1
                }
            }
        ],
        [
            {
                "query": {
                    "x1": -3.165345959961468,
                    "x2": 12.370895544790551
                },
                "metrics": {
                    "outcome": 0.40209669500772627
                },
                "metadata": {
                    "trials": 1
                }
            },
            {
                "query": {
                    "x1": -3.166195797296231,
                    "x2": 12.373097267229593
                },
                "metrics": {
                    "outcome": 0.40230593465020803
                },
                "metadata": {
                    "trials": 1
                }
            },
            {
                "query": {
                    "x1": -3.1647170905112096,
                    "x2": 12.368837030532063
                },
                "metrics": {
                    "outcome": 0.40191336937987465
                },
                "metadata": {
                    "trials": 1
                }
            },
            {
                "query": {
                    "x1": -3.166999482752762,
                    "x2": 12.375209009076123
                },
                "metrics": {
                    "outcome": 0.40251253061868475
                },
                "metadata": {
                    "trials": 1
                }
            },
            {
                "query": {
                    "x1": -3.1638040301384014,
                    "x2": 12.366691675589585
                },
                "metrics": {
                    "outcome": 0.4017188003840282
                },
                "metadata": {
                    "trials": 1
                }
            },
            {
                "query": {
                    "x1": -3.1677512773973633,
                    "x2": 12.377294558875773
                },
                "metrics": {
                    "outcome": 0.40272009871324954
                },
                "metadata": {
                    "trials": 1
                }
            }
        ],
        [
            {
                "query": {
                    "x1": -3.162855193891061,
                    "x2": 12.364341927171727
                },
                "metrics": {
                    "outcome": 0.40151587186939075
                },
                "metadata": {
                    "trials": 1
                }
            },
            {
                "query": {
                    "x1": -3.1636296306332774,
                    "x2": 12.366679727700022
                },
                "metrics": {
                    "outcome": 0.4017131449282818
                },
                "metadata": {
                    "trials": 1
                }
            },
            {
                "query": {
                    "x1": -3.1621288210748597,
                    "x2": 12.36200610517819
                },
                "metrics": {
                    "outcome": 0.40132568765068477
                },
                "metadata": {
                    "trials": 1
                }
            },
            {
                "query": {
                    "x1": -3.164400091491781,
                    "x2": 12.368814178892984
                },
                "metrics": {
                    "outcome": 0.4019006122090918
                },
                "metadata": {
                    "trials": 1
                }
            },
            {
                "query": {
                    "x1": -3.1614140924333594,
                    "x2": 12.359591205574963
                },
                "metrics": {
                    "outcome": 0.4011355432832602
                },
                "metadata": {
                    "trials": 1
                }
            },
            {
                "query": {
                    "x1": -3.1650529033044386,
                    "x2": 12.370811918441401
                },
                "metrics": {
                    "outcome": 0.4020788843903915
                },
                "metadata": {
                    "trials": 1
                }
            }
        ],
        [
            {
                "query": {
                    "x1": -3.158784497036607,
                    "x2": 12.353469168240807
                },
                "metrics": {
                    "outcome": 0.4006838338377481
                },
                "metadata": {
                    "trials": 1
                }
            },
            {
                "query": {
                    "x1": -3.1595782301506703,
                    "x2": 12.356335234011178
                },
                "metrics": {
                    "outcome": 0.40088967546384957
                },
                "metadata": {
                    "trials": 1
                }
            },
            {
                "query": {
                    "x1": -3.1580020296863003,
                    "x2": 12.350604946277121
                },
                "metrics": {
                    "outcome": 0.40048579969190534
                },
                "metadata": {
                    "trials": 1
                }
            },
            {
                "query": {
                    "x1": -3.1572062078366954,
                    "x2": 12.347665404921365
                },
                "metrics": {
                    "outcome": 0.40029051846804187
                },
                "metadata": {
                    "trials": 1
                }
            },
            {
                "query": {
                    "x1": -3.16059549627166,
                    "x2": 12.358898603933676
                },
                "metrics": {
                    "outcome": 0.40107899053296414
                },
                "metadata": {
                    "trials": 1
                }
            },
            {
                "query": {
                    "x1": -3.1612973361200485,
                    "x2": 12.361438291365031
                },
                "metrics": {
                    "outcome": 0.40127500485079004
                },
                "metadata": {
                    "trials": 1
                }
            }
        ],
        [
            {
                "query": {
                    "x1": -3.152328938195369,
                    "x2": 12.336291417802485
                },
                "metrics": {
                    "outcome": 0.39969921130827757
                },
                "metadata": {
                    "trials": 1
                }
            },
            {
                "query": {
                    "x1": -3.153196823650772,
                    "x2": 12.339532391476581
                },
                "metrics": {
                    "outcome": 0.39987541119950976
                },
                "metadata": {
                    "trials": 1
                }
            },
            {
                "query": {
                    "x1": -3.15146195069197,
                    "x2": 12.333053620375242
                },
                "metrics": {
                    "outcome": 0.39953304260733447
                },
                "metadata": {
                    "trials": 1
                }
            },
            {
                "query": {
                    "x1": -3.1540058261518866,
                    "x2": 12.342543337591286
                },
                "metrics": {
                    "outcome": 0.4000477848715658
                },
                "metadata": {
                    "trials": 1
                }
            },
            {
                "query": {
                    "x1": -3.150585510423561,
                    "x2": 12.329776797218955
                },
                "metrics": {
                    "outcome": 0.399374835191848
                },
                "metadata": {
                    "trials": 1
                }
            },
            {
                "query": {
                    "x1": -3.1547672173150474,
                    "x2": 12.345376716661116
                },
                "metrics": {
                    "outcome": 0.4002177828130513
                },
                "metadata": {
                    "trials": 1
                }
            }
        ],
        [
            {
                "query": {
                    "x1": -3.147090459902726,
                    "x2": 12.322429510221058
                },
                "metrics": {
                    "outcome": 0.3992030069249939
                },
                "metadata": {
                    "trials": 1
                }
            },
            {
                "query": {
                    "x1": -3.1479025226792574,
                    "x2": 12.325435990877684
                },
                "metrics": {
                    "outcome": 0.39932225003805044
                },
                "metadata": {
                    "trials": 1
                }
            },
            {
                "query": {
                    "x1": -3.146278868219685,
                    "x2": 12.319425769990438
                },
                "metrics": {
                    "outcome": 0.3990924327117682
                },
                "metadata": {
                    "trials": 1
                }
            },
            {
                "query": {
                    "x1": -3.1486646107375216,
                    "x2": 12.328258258618296
                },
                "metrics": {
                    "outcome": 0.3994419812465573
                },
                "metadata": {
                    "trials": 1
                }
            },
            {
                "query": {
                    "x1": -3.14546321071356,
                    "x2": 12.316410052872902
                },
                "metrics": {
                    "outcome": 0.3989900940100046
                },
                "metadata": {
                    "trials": 1
                }
            },
            {
                "query": {
                    "x1": -3.149388811071073,
                    "x2": 12.330942324592053
                },
                "metrics": {
                    "outcome": 0.3995628885910083
                },
                "metadata": {
                    "trials": 1
                }
            }
        ]
    ],
    "best_results": [
        {
            "query": {
                "x1": -3.14546321071356,
                "x2": 12.316410052872902
            },
            "metrics": [
                {
                    "name": "outcome",
                    "value": 0.3989900940100046
                }
            ]
        }
    ]
}