{
    "date": "04/11/2022 16:35:18",
    "basic_params": {
        "active_variables": [
            "x1",
            "x2"
        ],
        "default_query": {},
        "metric": "basic",
        "n_trials": 1
    },
    "objective_function": {
        "name": "Beale",
        "params": {}
    },
    "optimizer": {
        "name": "BBO-LP(LCB)-FoD",
        "params": {
            "lower_bound": [
                -4.5,
                -4.5
            ],
            "upper_bound": [
                4.5,
                4.5
            ],
            "invert_metric": false,
            "bopt_params": {
                "n_init_samples": 15,
                "n_iterations": 45,
                "n_iter_relearn": 5,
                "verbose_level": 0,
                "n_parallel_samples": 3,
                "fixed_dataset_size": 50,
                "par_type": "PAR_BBO",
                "crit_name": "cLP(cLCB)",
                "n_crit_params": 3,
                "crit_params": [
                    3,
                    1,
                    1.0
                ]
            }
        }
    },
    "iterations": [
        [
            {
                "query": {
                    "x1": -0.07775628045201355,
                    "x2": 1.852100525004789
                },
                "metrics": {
                    "outcome": 11.182062417095011
                },
                "metadata": {
                    "trials": 1
                }
            }
        ],
        [
            {
                "query": {
                    "x1": 2.3095013082493097,
                    "x2": -4.246785648353398
                },
                "metrics": {
                    "outcome": 33020.66308899402
                },
                "metadata": {
                    "trials": 1
                }
            }
        ],
        [
            {
                "query": {
                    "x1": 0.5279293029103425,
                    "x2": -0.616603629011661
                },
                "metrics": {
                    "outcome": 8.009082684699502
                },
                "metadata": {
                    "trials": 1
                }
            }
        ],
        [
            {
                "query": {
                    "x1": -3.0029133318923416,
                    "x2": 4.232631537225098
                },
                "metrics": {
                    "outcome": 51742.566538278756
                },
                "metadata": {
                    "trials": 1
                }
            }
        ],
        [
            {
                "query": {
                    "x1": 2.7034199962858105,
                    "x2": 0.9458767756819721
                },
                "metrics": {
                    "outcome": 10.576135304697235
                },
                "metadata": {
                    "trials": 1
                }
            }
        ],
        [
            {
                "query": {
                    "x1": -1.6692184416577218,
                    "x2": -1.1628732678014786
                },
                "metrics": {
                    "outcome": 76.751412973669
                },
                "metadata": {
                    "trials": 1
                }
            }
        ],
        [
            {
                "query": {
                    "x1": -3.5207283100113274,
                    "x2": -2.6751546049956234
                },
                "metrics": {
                    "outcome": 5995.24348238829
                },
                "metadata": {
                    "trials": 1
                }
            }
        ],
        [
            {
                "query": {
                    "x1": -2.515934841893613,
                    "x2": 3.0596995841246093
                },
                "metrics": {
                    "outcome": 4845.616159706899
                },
                "metadata": {
                    "trials": 1
                }
            }
        ],
        [
            {
                "query": {
                    "x1": 1.5726401149760934,
                    "x2": -3.6657245733775197
                },
                "metrics": {
                    "outcome": 6348.724483044068
                },
                "metadata": {
                    "trials": 1
                }
            }
        ],
        [
            {
                "query": {
                    "x1": -0.8019241724163293,
                    "x2": 3.7206090666353706
                },
                "metrics": {
                    "outcome": 1499.8047231678534
                },
                "metadata": {
                    "trials": 1
                }
            }
        ],
        [
            {
                "query": {
                    "x1": 3.5912559608928856,
                    "x2": 0.3514675390440978
                },
                "metrics": {
                    "outcome": 2.149701531865369
                },
                "metadata": {
                    "trials": 1
                }
            }
        ],
        [
            {
                "query": {
                    "x1": 0.9198223271872843,
                    "x2": -0.25525192567147315
                },
                "metrics": {
                    "outcome": 4.907389707523146
                },
                "metadata": {
                    "trials": 1
                }
            }
        ],
        [
            {
                "query": {
                    "x1": -1.1220873650629075,
                    "x2": -1.807489131297916
                },
                "metrics": {
                    "outcome": 129.3127975404224
                },
                "metadata": {
                    "trials": 1
                }
            }
        ],
        [
            {
                "query": {
                    "x1": 3.9065008494537317,
                    "x2": 2.534379809629172
                },
                "metrics": {
                    "outcome": 4487.9809303345755
                },
                "metadata": {
                    "trials": 1
                }
            }
        ],
        [
            {
                "query": {
                    "x1": -4.42480488019064,
                    "x2": -2.7277101002633573
                },
                "metrics": {
                    "outcome": 10393.11286986497
                },
                "metadata": {
                    "trials": 1
                }
            }
        ],
        [
            {
                "query": {
                    "x1": 4.5,
                    "x2": -0.8724454181011114
                },
                "metrics": {
                    "outcome": 73.00258493014931
                },
                "metadata": {
                    "trials": 1
                }
            },
            {
                "query": {
                    "x1": 4.499999999962821,
                    "x2": -0.8723771133274671
                },
                "metrics": {
                    "outcome": 72.99024114664974
                },
                "metadata": {
                    "trials": 1
                }
            },
            {
                "query": {
                    "x1": 4.5,
                    "x2": -0.8725131346978037
                },
                "metrics": {
                    "outcome": 73.0148252985887
                },
                "metadata": {
                    "trials": 1
                }
            }
        ],
        [
            {
                "query": {
                    "x1": -4.4050325515633,
                    "x2": 0.3078979780189126
                },
                "metrics": {
                    "outcome": 107.22656220487652
                },
                "metadata": {
                    "trials": 1
                }
            },
            {
                "query": {
                    "x1": -4.405025087718274,
                    "x2": 0.30784930180979053
                },
                "metrics": {
                    "outcome": 107.23077028018787
                },
                "metadata": {
                    "trials": 1
                }
            },
            {
                "query": {
                    "x1": -4.405109118636151,
                    "x2": 0.3076983982000696
                },
                "metrics": {
                    "outcome": 107.24713509113737
                },
                "metadata": {
                    "trials": 1
                }
            }
        ],
        [
            {
                "query": {
                    "x1": 2.2908620110193905,
                    "x2": 0.4800606213122265
                },
                "metrics": {
                    "outcome": 0.677922254855782
                },
                "metadata": {
                    "trials": 1
                }
            },
            {
                "query": {
                    "x1": 2.290805915689777,
                    "x2": 0.48006458982535793
                },
                "metrics": {
                    "outcome": 0.678062467500169
                },
                "metadata": {
                    "trials": 1
                }
            },
            {
                "query": {
                    "x1": 2.2909180732474965,
                    "x2": 0.48005652952847466
                },
                "metrics": {
                    "outcome": 0.6777814580417086
                },
                "metadata": {
                    "trials": 1
                }
            }
        ],
        [
            {
                "query": {
                    "x1": -0.023040746176026694,
                    "x2": 0.807339260436609
                },
                "metrics": {
                    "outcome": 14.31005842391339
                },
                "metadata": {
                    "trials": 1
                }
            },
            {
                "query": {
                    "x1": -0.02312676175160089,
                    "x2": 0.8073523974107406
                },
                "metrics": {
                    "outcome": 14.310452127087085
                },
                "metadata": {
                    "trials": 1
                }
            },
            {
                "query": {
                    "x1": -0.02295483311875124,
                    "x2": 0.8073269442251174
                },
                "metrics": {
                    "outcome": 14.309664767959855
                },
                "metadata": {
                    "trials": 1
                }
            }
        ],
        [
            {
                "query": {
                    "x1": 2.6827044037601118,
                    "x2": 0.43812514779000367
                },
                "metrics": {
                    "outcome": 0.03501294191730296
                },
                "metadata": {
                    "trials": 1
                }
            },
            {
                "query": {
                    "x1": 2.6826264188624247,
                    "x2": 0.438129306793166
                },
                "metrics": {
                    "outcome": 0.03505026722823293
                },
                "metadata": {
                    "trials": 1
                }
            },
            {
                "query": {
                    "x1": 2.6827823875674772,
                    "x2": 0.43812117536199935
                },
                "metrics": {
                    "outcome": 0.034975807117383434
                },
                "metadata": {
                    "trials": 1
                }
            }
        ],
        [
            {
                "query": {
                    "x1": 2.706332210741369,
                    "x2": 0.5365666753669167
                },
                "metrics": {
                    "outcome": 0.27802974370431766
                },
                "metadata": {
                    "trials": 1
                }
            },
            {
                "query": {
                    "x1": 2.707391169018419,
                    "x2": 0.5359453788091812
                },
                "metrics": {
                    "outcome": 0.2737463183011318
                },
                "metadata": {
                    "trials": 1
                }
            },
            {
                "query": {
                    "x1": 2.720784773233013,
                    "x2": 0.5284945982199387
                },
                "metrics": {
                    "outcome": 0.2242898945926579
                },
                "metadata": {
                    "trials": 1
                }
            }
        ],
        [
            {
                "query": {
                    "x1": 2.780213430142674,
                    "x2": 0.34926762381518994
                },
                "metrics": {
                    "outcome": 0.13344464796626193
                },
                "metadata": {
                    "trials": 1
                }
            },
            {
                "query": {
                    "x1": 2.7843111562751437,
                    "x2": 0.35715956038672125
                },
                "metrics": {
                    "outcome": 0.1171665852758588
                },
                "metadata": {
                    "trials": 1
                }
            },
            {
                "query": {
                    "x1": 2.7787275089724464,
                    "x2": 0.33559096208084593
                },
                "metrics": {
                    "outcome": 0.16879740280757677
                },
                "metadata": {
                    "trials": 1
                }
            }
        ],
        [
            {
                "query": {
                    "x1": 2.7852868973570404,
                    "x2": 0.4466561263761877
                },
                "metrics": {
                    "outcome": 0.00984216829609282
                },
                "metadata": {
                    "trials": 1
                }
            },
            {
                "query": {
                    "x1": 2.7824300801351525,
                    "x2": 0.44606054820053487
                },
                "metrics": {
                    "outcome": 0.01016800381980215
                },
                "metadata": {
                    "trials": 1
                }
            },
            {
                "query": {
                    "x1": 2.7829270130660646,
                    "x2": 0.4461674108233469
                },
                "metrics": {
                    "outcome": 0.010111362702357093
                },
                "metadata": {
                    "trials": 1
                }
            }
        ],
        [
            {
                "query": {
                    "x1": 2.7374285320087663,
                    "x2": 0.4229414091475219
                },
                "metrics": {
                    "outcome": 0.01531319091015408
                },
                "metadata": {
                    "trials": 1
                }
            },
            {
                "query": {
                    "x1": 2.7376338491660492,
                    "x2": 0.42302300411991123
                },
                "metrics": {
                    "outcome": 0.015283354045834975
                },
                "metadata": {
                    "trials": 1
                }
            },
            {
                "query": {
                    "x1": 2.7374514544534936,
                    "x2": 0.42290975163481814
                },
                "metrics": {
                    "outcome": 0.015315897699459367
                },
                "metadata": {
                    "trials": 1
                }
            }
        ],
        [
            {
                "query": {
                    "x1": 2.8524317731488154,
                    "x2": 0.46011057233969854
                },
                "metrics": {
                    "outcome": 0.004143323465914818
                },
                "metadata": {
                    "trials": 1
                }
            },
            {
                "query": {
                    "x1": 2.8523938568431797,
                    "x2": 0.4601000203847345
                },
                "metrics": {
                    "outcome": 0.004145623507880929
                },
                "metadata": {
                    "trials": 1
                }
            },
            {
                "query": {
                    "x1": 2.852415252536746,
                    "x2": 0.4601245032300447
                },
                "metrics": {
                    "outcome": 0.004143627829116804
                },
                "metadata": {
                    "trials": 1
                }
            }
        ],
        [
            {
                "query": {
                    "x1": 2.8514357691480363,
                    "x2": 0.44975445186332497
                },
                "metrics": {
                    "outcome": 0.006454649913828078
                },
                "metadata": {
                    "trials": 1
                }
            },
            {
                "query": {
                    "x1": 2.832612739029029,
                    "x2": 0.46292452402322937
                },
                "metrics": {
                    "outcome": 0.006437638409493729
                },
                "metadata": {
                    "trials": 1
                }
            },
            {
                "query": {
                    "x1": 2.834515124447438,
                    "x2": 0.4643845337553367
                },
                "metrics": {
                    "outcome": 0.006575442997085699
                },
                "metadata": {
                    "trials": 1
                }
            }
        ],
        [
            {
                "query": {
                    "x1": 2.8972319048896047,
                    "x2": 0.46258626155785
                },
                "metrics": {
                    "outcome": 0.004205646925817503
                },
                "metadata": {
                    "trials": 1
                }
            },
            {
                "query": {
                    "x1": 2.8972427191419587,
                    "x2": 0.4625932363734959
                },
                "metrics": {
                    "outcome": 0.004203543792612413
                },
                "metadata": {
                    "trials": 1
                }
            },
            {
                "query": {
                    "x1": 2.897219628847475,
                    "x2": 0.462587802386639
                },
                "metrics": {
                    "outcome": 0.004204040229509723
                },
                "metadata": {
                    "trials": 1
                }
            }
        ],
        [
            {
                "query": {
                    "x1": 2.8771504738909535,
                    "x2": 0.46559403399564125
                },
                "metrics": {
                    "outcome": 0.0028855441545060836
                },
                "metadata": {
                    "trials": 1
                }
            },
            {
                "query": {
                    "x1": 2.8771198590474203,
                    "x2": 0.4655811743063403
                },
                "metrics": {
                    "outcome": 0.002887432466117644
                },
                "metadata": {
                    "trials": 1
                }
            },
            {
                "query": {
                    "x1": 2.8771431311932067,
                    "x2": 0.4655884015030738
                },
                "metrics": {
                    "outcome": 0.0028862304239427646
                },
                "metadata": {
                    "trials": 1
                }
            }
        ],
        [
            {
                "query": {
                    "x1": 0.46058385300806837,
                    "x2": 0.29134419884979756
                },
                "metrics": {
                    "outcome": 9.454933664036039
                },
                "metadata": {
                    "trials": 1
                }
            },
            {
                "query": {
                    "x1": 0.461001702473923,
                    "x2": 0.2915408390979142
                },
                "metrics": {
                    "outcome": 9.451573728690715
                },
                "metadata": {
                    "trials": 1
                }
            },
            {
                "query": {
                    "x1": 0.4614045328233889,
                    "x2": 0.2917347566949049
                },
                "metrics": {
                    "outcome": 9.448347456674338
                },
                "metadata": {
                    "trials": 1
                }
            }
        ],
        [
            {
                "query": {
                    "x1": 3.023912084442207,
                    "x2": -0.004912639341443814
                },
                "metrics": {
                    "outcome": 3.125763436771219
                },
                "metadata": {
                    "trials": 1
                }
            },
            {
                "query": {
                    "x1": 3.023912084442207,
                    "x2": -0.004912639341443814
                },
                "metrics": {
                    "outcome": 3.125763436771219
                },
                "metadata": {
                    "trials": 1
                }
            },
            {
                "query": {
                    "x1": 3.023912084442207,
                    "x2": -0.004912639341443814
                },
                "metrics": {
                    "outcome": 3.125763436771219
                },
                "metadata": {
                    "trials": 1
                }
            }
        ],
        [
            {
                "query": {
                    "x1": 2.439861950579612,
                    "x2": 0.333372848538219
                },
                "metrics": {
                    "outcome": 0.09852590474933456
                },
                "metadata": {
                    "trials": 1
                }
            },
            {
                "query": {
                    "x1": 2.43979624867373,
                    "x2": 0.3333732222742922
                },
                "metrics": {
                    "outcome": 0.09855923141308373
                },
                "metadata": {
                    "trials": 1
                }
            },
            {
                "query": {
                    "x1": 2.4396466554681853,
                    "x2": 0.3333511622247842
                },
                "metrics": {
                    "outcome": 0.09863295891212531
                },
                "metadata": {
                    "trials": 1
                }
            }
        ],
        [
            {
                "query": {
                    "x1": 2.531302219426446,
                    "x2": 0.10043231795458851
                },
                "metrics": {
                    "outcome": 0.6785343091269992
                },
                "metadata": {
                    "trials": 1
                }
            },
            {
                "query": {
                    "x1": 2.5313441666991237,
                    "x2": 0.10056701247542499
                },
                "metrics": {
                    "outcome": 0.6780432515036126
                },
                "metadata": {
                    "trials": 1
                }
            },
            {
                "query": {
                    "x1": 2.5313849503849255,
                    "x2": 0.1006986899612814
                },
                "metrics": {
                    "outcome": 0.6775629327525404
                },
                "metadata": {
                    "trials": 1
                }
            }
        ],
        [
            {
                "query": {
                    "x1": 2.9617689490626473,
                    "x2": 0.3915614068351223
                },
                "metrics": {
                    "outcome": 0.18289917876122994
                },
                "metadata": {
                    "trials": 1
                }
            },
            {
                "query": {
                    "x1": 2.7857461242955353,
                    "x2": 0.3903507829745996
                },
                "metrics": {
                    "outcome": 0.05173982018921126
                },
                "metadata": {
                    "trials": 1
                }
            },
            {
                "query": {
                    "x1": 2.9125800726667768,
                    "x2": 0.39117235577406007
                },
                "metrics": {
                    "outcome": 0.13454490673146507
                },
                "metadata": {
                    "trials": 1
                }
            }
        ],
        [
            {
                "query": {
                    "x1": 3.8984120584432347,
                    "x2": 0.7973841134821686
                },
                "metrics": {
                    "outcome": 1.6879301368818145
                },
                "metadata": {
                    "trials": 1
                }
            },
            {
                "query": {
                    "x1": 3.932477020757915,
                    "x2": 0.8077231922545138
                },
                "metrics": {
                    "outcome": 1.918245192008876
                },
                "metadata": {
                    "trials": 1
                }
            },
            {
                "query": {
                    "x1": 3.864449513824475,
                    "x2": 0.7870077446025636
                },
                "metrics": {
                    "outcome": 1.4803520399542949
                },
                "metadata": {
                    "trials": 1
                }
            }
        ],
        [
            {
                "query": {
                    "x1": 2.990692839830478,
                    "x2": 0.5378423544663455
                },
                "metrics": {
                    "outcome": 0.039290752897844144
                },
                "metadata": {
                    "trials": 1
                }
            },
            {
                "query": {
                    "x1": 2.9533309676654014,
                    "x2": 0.4999772671691636
                },
                "metrics": {
                    "outcome": 0.003425220352516074
                },
                "metadata": {
                    "trials": 1
                }
            },
            {
                "query": {
                    "x1": 2.9200599465932973,
                    "x2": 0.48963308878224154
                },
                "metrics": {
                    "outcome": 0.003270206200241383
                },
                "metadata": {
                    "trials": 1
                }
            }
        ],
        [
            {
                "query": {
                    "x1": 2.954336231887969,
                    "x2": 0.4854815896079998
                },
                "metrics": {
                    "outcome": 0.0005426595955545151
                },
                "metadata": {
                    "trials": 1
                }
            },
            {
                "query": {
                    "x1": 2.9396449709895167,
                    "x2": 0.48242591596258766
                },
                "metrics": {
                    "outcome": 0.0007291556978216327
                },
                "metadata": {
                    "trials": 1
                }
            },
            {
                "query": {
                    "x1": 2.9278185498581726,
                    "x2": 0.4796578476131259
                },
                "metrics": {
                    "outcome": 0.0009798409197996718
                },
                "metadata": {
                    "trials": 1
                }
            }
        ],
        [
            {
                "query": {
                    "x1": 3.062861051101401,
                    "x2": 0.5091136138437413
                },
                "metrics": {
                    "outcome": 0.0015071453718815914
                },
                "metadata": {
                    "trials": 1
                }
            },
            {
                "query": {
                    "x1": 3.0068643325096875,
                    "x2": 0.4975820384435359
                },
                "metrics": {
                    "outcome": 0.00039904475954742375
                },
                "metadata": {
                    "trials": 1
                }
            },
            {
                "query": {
                    "x1": 2.9755104396756575,
                    "x2": 0.4915226106863493
                },
                "metrics": {
                    "outcome": 0.00022061409247208758
                },
                "metadata": {
                    "trials": 1
                }
            }
        ],
        [
            {
                "query": {
                    "x1": 3.029413761495051,
                    "x2": 0.5048481843248425
                },
                "metrics": {
                    "outcome": 0.00026690317967875904
                },
                "metadata": {
                    "trials": 1
                }
            },
            {
                "query": {
                    "x1": 3.0136185501573785,
                    "x2": 0.5018840019168644
                },
                "metrics": {
                    "outcome": 8.016009636673963e-05
                },
                "metadata": {
                    "trials": 1
                }
            },
            {
                "query": {
                    "x1": 2.9866313853024584,
                    "x2": 0.49491704722825247
                },
                "metrics": {
                    "outcome": 9.815348985409973e-05
                },
                "metadata": {
                    "trials": 1
                }
            }
        ],
        [
            {
                "query": {
                    "x1": 3.0373074994787643,
                    "x2": 0.4982970974140821
                },
                "metrics": {
                    "outcome": 0.00299918949317254
                },
                "metadata": {
                    "trials": 1
                }
            },
            {
                "query": {
                    "x1": 3.109191840978336,
                    "x2": 0.5285001989714617
                },
                "metrics": {
                    "outcome": 0.0018787997767305221
                },
                "metadata": {
                    "trials": 1
                }
            },
            {
                "query": {
                    "x1": 3.0163362660382615,
                    "x2": 0.49564849624274565
                },
                "metrics": {
                    "outcome": 0.0016731070486446721
                },
                "metadata": {
                    "trials": 1
                }
            }
        ],
        [
            {
                "query": {
                    "x1": 3.0579671227946026,
                    "x2": 0.5174036313075181
                },
                "metrics": {
                    "outcome": 0.0007896324228824109
                },
                "metadata": {
                    "trials": 1
                }
            },
            {
                "query": {
                    "x1": 2.992668258086801,
                    "x2": 0.49856057538353404
                },
                "metrics": {
                    "outcome": 1.2045670867991726e-05
                },
                "metadata": {
                    "trials": 1
                }
            },
            {
                "query": {
                    "x1": 3.0015222659156375,
                    "x2": 0.5008520612765901
                },
                "metrics": {
                    "outcome": 5.584868780137123e-06
                },
                "metadata": {
                    "trials": 1
                }
            }
        ],
        [
            {
                "query": {
                    "x1": 2.9790223956899293,
                    "x2": 0.49431918712133616
                },
                "metrics": {
                    "outcome": 7.631579218158268e-05
                },
                "metadata": {
                    "trials": 1
                }
            },
            {
                "query": {
                    "x1": 2.9714883240009673,
                    "x2": 0.49224125882503156
                },
                "metrics": {
                    "outcome": 0.00014243267698568486
                },
                "metadata": {
                    "trials": 1
                }
            },
            {
                "query": {
                    "x1": 3.0232178914853014,
                    "x2": 0.5063348824476472
                },
                "metrics": {
                    "outcome": 9.36343874034987e-05
                },
                "metadata": {
                    "trials": 1
                }
            }
        ],
        [
            {
                "query": {
                    "x1": 2.998560362664228,
                    "x2": 0.49993297361438227
                },
                "metrics": {
                    "outcome": 2.2712131624756438e-06
                },
                "metadata": {
                    "trials": 1
                }
            },
            {
                "query": {
                    "x1": 3.005979328508567,
                    "x2": 0.5018683596734226
                },
                "metrics": {
                    "outcome": 9.211630653824021e-06
                },
                "metadata": {
                    "trials": 1
                }
            },
            {
                "query": {
                    "x1": 2.991133879332688,
                    "x2": 0.49791463091612
                },
                "metrics": {
                    "outcome": 1.3041621797038652e-05
                },
                "metadata": {
                    "trials": 1
                }
            }
        ],
        [
            {
                "query": {
                    "x1": 3.032455795422445,
                    "x2": 0.5084241062792856
                },
                "metrics": {
                    "outcome": 0.00016831142844631676
                },
                "metadata": {
                    "trials": 1
                }
            },
            {
                "query": {
                    "x1": 3.0080240024640954,
                    "x2": 0.5024048908060976
                },
                "metrics": {
                    "outcome": 1.4365244306050183e-05
                },
                "metadata": {
                    "trials": 1
                }
            },
            {
                "query": {
                    "x1": 2.9878985782759298,
                    "x2": 0.49686687886154246
                },
                "metrics": {
                    "outcome": 2.406992256689941e-05
                },
                "metadata": {
                    "trials": 1
                }
            }
        ],
        [
            {
                "query": {
                    "x1": 3.0161569625656606,
                    "x2": 0.5043684208811285
                },
                "metrics": {
                    "outcome": 4.4607330520230625e-05
                },
                "metadata": {
                    "trials": 1
                }
            },
            {
                "query": {
                    "x1": 3.006984574754812,
                    "x2": 0.5020559978513441
                },
                "metrics": {
                    "outcome": 1.0270507968418208e-05
                },
                "metadata": {
                    "trials": 1
                }
            },
            {
                "query": {
                    "x1": 3.022936896944465,
                    "x2": 0.5058162105400905
                },
                "metrics": {
                    "outcome": 8.28910177956642e-05
                },
                "metadata": {
                    "trials": 1
                }
            }
        ],
        [
            {
                "query": {
                    "x1": 2.9848287130465163,
                    "x2": 0.49617421637420733
                },
                "metrics": {
                    "outcome": 3.750487242389681e-05
                },
                "metadata": {
                    "trials": 1
                }
            },
            {
                "query": {
                    "x1": 2.979043585974134,
                    "x2": 0.4944426817953742
                },
                "metrics": {
                    "outcome": 7.418637068662518e-05
                },
                "metadata": {
                    "trials": 1
                }
            },
            {
                "query": {
                    "x1": 2.9709438603209275,
                    "x2": 0.49249446938156893
                },
                "metrics": {
                    "outcome": 0.00014059767058418574
                },
                "metadata": {
                    "trials": 1
                }
            }
        ],
        [
            {
                "query": {
                    "x1": 2.9971863485020522,
                    "x2": 0.49940593007908785
                },
                "metrics": {
                    "outcome": 1.5217333784648088e-06
                },
                "metadata": {
                    "trials": 1
                }
            },
            {
                "query": {
                    "x1": 3.002997859379491,
                    "x2": 0.5008823892827152
                },
                "metrics": {
                    "outcome": 1.8873021308011371e-06
                },
                "metadata": {
                    "trials": 1
                }
            },
            {
                "query": {
                    "x1": 3.0830624799717263,
                    "x2": 0.5197285152008417
                },
                "metrics": {
                    "outcome": 0.0010092436761805293
                },
                "metadata": {
                    "trials": 1
                }
            }
        ],
        [
            {
                "query": {
                    "x1": 1.8407395301432983,
                    "x2": 0.11018402207207512
                },
                "metrics": {
                    "outcome": 0.8242400224191311
                },
                "metadata": {
                    "trials": 1
                }
            },
            {
                "query": {
                    "x1": 1.5470404603602423,
                    "x2": 0.08347372913652773
                },
                "metrics": {
                    "outcome": 1.6801008901950176
                },
                "metadata": {
                    "trials": 1
                }
            },
            {
                "query": {
                    "x1": 1.2079824717291485,
                    "x2": 0.07410802125467697
                },
                "metrics": {
                    "outcome": 3.254574592860067
                },
                "metadata": {
                    "trials": 1
                }
            }
        ],
        [
            {
                "query": {
                    "x1": 2.998151142907874,
                    "x2": 0.49914237393404726
                },
                "metrics": {
                    "outcome": 4.2048393022682405e-06
                },
                "metadata": {
                    "trials": 1
                }
            },
            {
                "query": {
                    "x1": 2.9839408729987946,
                    "x2": 0.49584489193482106
                },
                "metrics": {
                    "outcome": 4.250755791278393e-05
                },
                "metadata": {
                    "trials": 1
                }
            },
            {
                "query": {
                    "x1": 3.012140839494416,
                    "x2": 0.5031492898789862
                },
                "metrics": {
                    "outcome": 2.3832855880848004e-05
                },
                "metadata": {
                    "trials": 1
                }
            }
        ],
        [
            {
                "query": {
                    "x1": 3.0334178850235816,
                    "x2": 0.508419690268326
                },
                "metrics": {
                    "outcome": 0.00017375034875170739
                },
                "metadata": {
                    "trials": 1
                }
            },
            {
                "query": {
                    "x1": 2.9637512128090915,
                    "x2": 0.49073244622519585
                },
                "metrics": {
                    "outcome": 0.0002194633471817478
                },
                "metadata": {
                    "trials": 1
                }
            },
            {
                "query": {
                    "x1": 2.9941852631545105,
                    "x2": 0.4984595549616211
                },
                "metrics": {
                    "outcome": 5.653867629745271e-06
                },
                "metadata": {
                    "trials": 1
                }
            }
        ],
        [
            {
                "query": {
                    "x1": 3.007978038543114,
                    "x2": 0.5021284835454383
                },
                "metrics": {
                    "outcome": 1.0670720076665837e-05
                },
                "metadata": {
                    "trials": 1
                }
            },
            {
                "query": {
                    "x1": 2.995943801078287,
                    "x2": 0.49895032491494096
                },
                "metrics": {
                    "outcome": 2.6861427784620755e-06
                },
                "metadata": {
                    "trials": 1
                }
            },
            {
                "query": {
                    "x1": 2.9852181854734976,
                    "x2": 0.49670246394632844
                },
                "metrics": {
                    "outcome": 3.899997185313014e-05
                },
                "metadata": {
                    "trials": 1
                }
            }
        ],
        [
            {
                "query": {
                    "x1": 2.4647886591352632,
                    "x2": 0.3488480237027165
                },
                "metrics": {
                    "outcome": 0.08841282539610702
                },
                "metadata": {
                    "trials": 1
                }
            },
            {
                "query": {
                    "x1": 2.6399042221451836,
                    "x2": 0.19421620172873766
                },
                "metrics": {
                    "outcome": 0.477679430358083
                },
                "metadata": {
                    "trials": 1
                }
            },
            {
                "query": {
                    "x1": 2.552892105872081,
                    "x2": -0.11676307036665712
                },
                "metrics": {
                    "outcome": 1.9016357383185931
                },
                "metadata": {
                    "trials": 1
                }
            }
        ],
        [
            {
                "query": {
                    "x1": 3.9500724874243716,
                    "x2": 0.8272221351555151
                },
                "metrics": {
                    "outcome": 2.50402177579852
                },
                "metadata": {
                    "trials": 1
                }
            },
            {
                "query": {
                    "x1": 3.504118840684594,
                    "x2": 0.9146607317827185
                },
                "metrics": {
                    "outcome": 7.504276601912352
                },
                "metadata": {
                    "trials": 1
                }
            },
            {
                "query": {
                    "x1": 4.442897536429177,
                    "x2": 0.8079001989190324
                },
                "metrics": {
                    "outcome": 1.19337525565459
                },
                "metadata": {
                    "trials": 1
                }
            }
        ],
        [
            {
                "query": {
                    "x1": 2.904898718278594,
                    "x2": 0.40923156736698196
                },
                "metrics": {
                    "outcome": 0.0816030459584571
                },
                "metadata": {
                    "trials": 1
                }
            },
            {
                "query": {
                    "x1": 2.951905101900098,
                    "x2": 0.39871515766077614
                },
                "metrics": {
                    "outcome": 0.1492496585271811
                },
                "metadata": {
                    "trials": 1
                }
            },
            {
                "query": {
                    "x1": 3.0075543366799717,
                    "x2": 0.40083933857185894
                },
                "metrics": {
                    "outcome": 0.2021294831096785
                },
                "metadata": {
                    "trials": 1
                }
            }
        ],
        [
            {
                "query": {
                    "x1": 2.90088398186671,
                    "x2": 0.46828320688030534
                },
                "metrics": {
                    "outcome": 0.002503773657057918
                },
                "metadata": {
                    "trials": 1
                }
            },
            {
                "query": {
                    "x1": 2.8858664654119384,
                    "x2": 0.4597182444208192
                },
                "metrics": {
                    "outcome": 0.004557458930659589
                },
                "metadata": {
                    "trials": 1
                }
            },
            {
                "query": {
                    "x1": 2.8979398238503506,
                    "x2": 0.49012932633976014
                },
                "metrics": {
                    "outcome": 0.007489128474361704
                },
                "metadata": {
                    "trials": 1
                }
            }
        ],
        [
            {
                "query": {
                    "x1": 3.003460902097843,
                    "x2": 0.5181395475884019
                },
                "metrics": {
                    "outcome": 0.007125419519902578
                },
                "metadata": {
                    "trials": 1
                }
            },
            {
                "query": {
                    "x1": 2.9895535968773297,
                    "x2": 0.5161005022611675
                },
                "metrics": {
                    "outcome": 0.008221096422786203
                },
                "metadata": {
                    "trials": 1
                }
            },
            {
                "query": {
                    "x1": 2.9755243769160096,
                    "x2": 0.5110741633683311
                },
                "metrics": {
                    "outcome": 0.006891305415200617
                },
                "metadata": {
                    "trials": 1
                }
            }
        ],
        [
            {
                "query": {
                    "x1": 2.9392132747003235,
                    "x2": 0.48031830835348455
                },
                "metrics": {
                    "outcome": 0.001009409298692774
                },
                "metadata": {
                    "trials": 1
                }
            },
            {
                "query": {
                    "x1": 3.088078685215973,
                    "x2": 0.5108461945463345
                },
                "metrics": {
                    "outcome": 0.0037900790234990426
                },
                "metadata": {
                    "trials": 1
                }
            },
            {
                "query": {
                    "x1": 2.948049163338876,
                    "x2": 0.47922651057506727
                },
                "metrics": {
                    "outcome": 0.001686912088929935
                },
                "metadata": {
                    "trials": 1
                }
            }
        ],
        [
            {
                "query": {
                    "x1": 3.060579875820901,
                    "x2": 0.5159685419721054
                },
                "metrics": {
                    "outcome": 0.0005932408356252304
                },
                "metadata": {
                    "trials": 1
                }
            },
            {
                "query": {
                    "x1": 2.9372403558186155,
                    "x2": 0.4865611938935679
                },
                "metrics": {
                    "outcome": 0.0008126832945747307
                },
                "metadata": {
                    "trials": 1
                }
            },
            {
                "query": {
                    "x1": 3.05356631753107,
                    "x2": 0.5154448625227914
                },
                "metrics": {
                    "outcome": 0.0005828846074298051
                },
                "metadata": {
                    "trials": 1
                }
            }
        ],
        [
            {
                "query": {
                    "x1": 3.010859145786907,
                    "x2": 0.4970769271341391
                },
                "metrics": {
                    "outcome": 0.0007468315467541238
                },
                "metadata": {
                    "trials": 1
                }
            },
            {
                "query": {
                    "x1": 3.0118962080691585,
                    "x2": 0.5071945391107899
                },
                "metrics": {
                    "outcome": 0.00045057746511206395
                },
                "metadata": {
                    "trials": 1
                }
            },
            {
                "query": {
                    "x1": 2.999255652824565,
                    "x2": 0.4943393086548191
                },
                "metrics": {
                    "outcome": 0.000684732494223021
                },
                "metadata": {
                    "trials": 1
                }
            }
        ],
        [
            {
                "query": {
                    "x1": 2.9638917099194018,
                    "x2": 0.4897791744383202
                },
                "metrics": {
                    "outcome": 0.00024538496337406625
                },
                "metadata": {
                    "trials": 1
                }
            },
            {
                "query": {
                    "x1": 2.9589952197619214,
                    "x2": 0.48933080347290314
                },
                "metrics": {
                    "outcome": 0.00028409700711670455
                },
                "metadata": {
                    "trials": 1
                }
            },
            {
                "query": {
                    "x1": 2.9723749205323777,
                    "x2": 0.4912319662378293
                },
                "metrics": {
                    "outcome": 0.00020086926702717558
                },
                "metadata": {
                    "trials": 1
                }
            }
        ],
        [
            {
                "query": {
                    "x1": 2.9974121524154054,
                    "x2": 0.5004192233808746
                },
                "metrics": {
                    "outcome": 2.7020957919272257e-05
                },
                "metadata": {
                    "trials": 1
                }
            },
            {
                "query": {
                    "x1": 3.0254160644773824,
                    "x2": 0.5058421823547343
                },
                "metrics": {
                    "outcome": 0.00010424012656403146
                },
                "metadata": {
                    "trials": 1
                }
            },
            {
                "query": {
                    "x1": 3.0385995747972157,
                    "x2": 0.5094582005173276
                },
                "metrics": {
                    "outcome": 0.0002285810700122892
                },
                "metadata": {
                    "trials": 1
                }
            }
        ]
    ],
    "best_results": [
        {
            "query": {
                "x1": 2.9971863485020522,
                "x2": 0.49940593007908785
            },
            "metrics": [
                {
                    "name": "outcome",
                    "value": 1.5217333784648088e-06
                }
            ]
        }
    ]
}