{
    "date": "26/10/2022 19:17:47",
    "basic_params": {
        "active_variables": [
            "x1",
            "x2"
        ],
        "default_query": {},
        "metric": "basic",
        "n_trials": 1
    },
    "objective_function": {
        "name": "Beale",
        "params": {}
    },
    "optimizer": {
        "name": "BBO-LP",
        "params": {
            "lower_bound": [
                -4.5,
                -4.5
            ],
            "upper_bound": [
                4.5,
                4.5
            ],
            "invert_metric": false,
            "bopt_params": {
                "n_init_samples": 15,
                "n_iterations": 45,
                "verbose_level": 1,
                "n_parallel_samples": 3,
                "par_type": "PAR_BBO",
                "crit_name": "cLP(cLCB)",
                "n_crit_params": 4,
                "crit_params": [
                    3,
                    1,
                    1.0
                ]
            }
        }
    },
    "iterations": [
        [
            {
                "query": {
                    "x1": -3.7327804683241994,
                    "x2": 2.7219016998074945
                },
                "metrics": {
                    "outcome": 5243.534414884907
                },
                "metadata": {
                    "trials": 1
                }
            }
        ],
        [
            {
                "query": {
                    "x1": -3.103257004637271,
                    "x2": -3.2530052333604544
                },
                "metrics": {
                    "outcome": 13639.67860267871
                },
                "metadata": {
                    "trials": 1
                }
            }
        ],
        [
            {
                "query": {
                    "x1": -3.947213725699112,
                    "x2": -1.2830457630101595
                },
                "metrics": {
                    "outcome": 332.8744485605512
                },
                "metadata": {
                    "trials": 1
                }
            }
        ],
        [
            {
                "query": {
                    "x1": 0.41442893254570645,
                    "x2": -1.6301192527636883
                },
                "metrics": {
                    "outcome": 8.965612267282431
                },
                "metadata": {
                    "trials": 1
                }
            }
        ],
        [
            {
                "query": {
                    "x1": -1.950218518311158,
                    "x2": 4.218137789564208
                },
                "metrics": {
                    "outcome": 21058.16260340701
                },
                "metadata": {
                    "trials": 1
                }
            }
        ],
        [
            {
                "query": {
                    "x1": -0.2995789283886552,
                    "x2": -4.240189265878871
                },
                "metrics": {
                    "outcome": 681.2049942319185
                },
                "metadata": {
                    "trials": 1
                }
            }
        ],
        [
            {
                "query": {
                    "x1": -0.4123832486104222,
                    "x2": -0.3222139880061148
                },
                "metrics": {
                    "outcome": 20.354916077956574
                },
                "metadata": {
                    "trials": 1
                }
            }
        ],
        [
            {
                "query": {
                    "x1": 4.29631813885644,
                    "x2": 1.497143816342577
                },
                "metrics": {
                    "outcome": 233.19360958118935
                },
                "metadata": {
                    "trials": 1
                }
            }
        ],
        [
            {
                "query": {
                    "x1": 2.8075353254098445,
                    "x2": 0.6708506134338679
                },
                "metrics": {
                    "outcome": 1.2723968147652118
                },
                "metadata": {
                    "trials": 1
                }
            }
        ],
        [
            {
                "query": {
                    "x1": -1.2277199924457816,
                    "x2": 1.6558106518350542
                },
                "metrics": {
                    "outcome": 3.4565152546200575
                },
                "metadata": {
                    "trials": 1
                }
            }
        ],
        [
            {
                "query": {
                    "x1": 3.3119719147682183,
                    "x2": -0.014926845347508433
                },
                "metrics": {
                    "outcome": 5.063007326378794
                },
                "metadata": {
                    "trials": 1
                }
            }
        ],
        [
            {
                "query": {
                    "x1": 1.7154390174429865,
                    "x2": -3.8347423925064503
                },
                "metrics": {
                    "outcome": 9892.283434400393
                },
                "metadata": {
                    "trials": 1
                }
            }
        ],
        [
            {
                "query": {
                    "x1": -2.255295766191557,
                    "x2": 3.7400672868825495
                },
                "metrics": {
                    "outcome": 13546.76295352386
                },
                "metadata": {
                    "trials": 1
                }
            }
        ],
        [
            {
                "query": {
                    "x1": 1.1622463969979435,
                    "x2": -2.1630041078198703
                },
                "metrics": {
                    "outcome": 153.38534156363346
                },
                "metadata": {
                    "trials": 1
                }
            }
        ],
        [
            {
                "query": {
                    "x1": 2.574728977913037,
                    "x2": 2.680210954556242
                },
                "metrics": {
                    "outcome": 2826.5180737442283
                },
                "metadata": {
                    "trials": 1
                }
            }
        ],
        [
            {
                "query": {
                    "x1": -4.405032551564319,
                    "x2": 0.3078979780198692
                },
                "metrics": {
                    "outcome": 107.22656220482082
                },
                "metadata": {
                    "trials": 1
                }
            },
            {
                "query": {
                    "x1": -4.405032551564319,
                    "x2": 0.3078979780198692
                },
                "metrics": {
                    "outcome": 107.22656220482082
                },
                "metadata": {
                    "trials": 1
                }
            },
            {
                "query": {
                    "x1": -4.405032551564319,
                    "x2": 0.3078979780198692
                },
                "metrics": {
                    "outcome": 107.22656220482082
                },
                "metadata": {
                    "trials": 1
                }
            }
        ],
        [
            {
                "query": {
                    "x1": 4.323012719553638,
                    "x2": -0.15254906102165045
                },
                "metrics": {
                    "outcome": 18.95370205440465
                },
                "metadata": {
                    "trials": 1
                }
            },
            {
                "query": {
                    "x1": 4.323012719553638,
                    "x2": -0.15254906102165045
                },
                "metrics": {
                    "outcome": 18.95370205440465
                },
                "metadata": {
                    "trials": 1
                }
            },
            {
                "query": {
                    "x1": 4.323012719553638,
                    "x2": -0.15254906102165045
                },
                "metrics": {
                    "outcome": 18.95370205440465
                },
                "metadata": {
                    "trials": 1
                }
            }
        ],
        [
            {
                "query": {
                    "x1": 4.25736780280033,
                    "x2": 0.25464960677305637
                },
                "metrics": {
                    "outcome": 8.237124019740707
                },
                "metadata": {
                    "trials": 1
                }
            },
            {
                "query": {
                    "x1": 4.25736780280033,
                    "x2": 0.25464960677305637
                },
                "metrics": {
                    "outcome": 8.237124019740707
                },
                "metadata": {
                    "trials": 1
                }
            },
            {
                "query": {
                    "x1": 4.25736780280033,
                    "x2": 0.25464960677305637
                },
                "metrics": {
                    "outcome": 8.237124019740707
                },
                "metadata": {
                    "trials": 1
                }
            }
        ],
        [
            {
                "query": {
                    "x1": 2.9043462735726706,
                    "x2": 0.6311104165106896
                },
                "metrics": {
                    "outcome": 0.6393261569314416
                },
                "metadata": {
                    "trials": 1
                }
            },
            {
                "query": {
                    "x1": 2.9035927043571945,
                    "x2": 0.6311396395980928
                },
                "metrics": {
                    "outcome": 0.6408013078679331
                },
                "metadata": {
                    "trials": 1
                }
            },
            {
                "query": {
                    "x1": 2.9102329898365538,
                    "x2": 0.6308862795248578
                },
                "metrics": {
                    "outcome": 0.6278977221515095
                },
                "metadata": {
                    "trials": 1
                }
            }
        ],
        [
            {
                "query": {
                    "x1": 3.0100184106855554,
                    "x2": 0.6335188032083465
                },
                "metrics": {
                    "outcome": 0.5028935068419748
                },
                "metadata": {
                    "trials": 1
                }
            },
            {
                "query": {
                    "x1": 3.005930521192118,
                    "x2": 0.633680848888627
                },
                "metrics": {
                    "outcome": 0.5100068508704729
                },
                "metadata": {
                    "trials": 1
                }
            },
            {
                "query": {
                    "x1": 3.016652667542038,
                    "x2": 0.6332559162507225
                },
                "metrics": {
                    "outcome": 0.49145590363423874
                },
                "metadata": {
                    "trials": 1
                }
            }
        ],
        [
            {
                "query": {
                    "x1": 3.1126789918552094,
                    "x2": 0.626705613237589
                },
                "metrics": {
                    "outcome": 0.32133472488959675
                },
                "metadata": {
                    "trials": 1
                }
            },
            {
                "query": {
                    "x1": 3.1232599543094572,
                    "x2": 0.6262678726855562
                },
                "metrics": {
                    "outcome": 0.3067296752265045
                },
                "metadata": {
                    "trials": 1
                }
            },
            {
                "query": {
                    "x1": 3.1227383297394775,
                    "x2": 0.6262892477753734
                },
                "metrics": {
                    "outcome": 0.3074399747745208
                },
                "metadata": {
                    "trials": 1
                }
            }
        ],
        [
            {
                "query": {
                    "x1": 3.222092256463708,
                    "x2": 0.6142428189911948
                },
                "metrics": {
                    "outcome": 0.14779930568176936
                },
                "metadata": {
                    "trials": 1
                }
            },
            {
                "query": {
                    "x1": 3.2237832797184245,
                    "x2": 0.6141576869262071
                },
                "metrics": {
                    "outcome": 0.1461692699651649
                },
                "metadata": {
                    "trials": 1
                }
            },
            {
                "query": {
                    "x1": 3.2213196528642714,
                    "x2": 0.6142817032018701
                },
                "metrics": {
                    "outcome": 0.14854745122154286
                },
                "metadata": {
                    "trials": 1
                }
            }
        ],
        [
            {
                "query": {
                    "x1": 3.325914740725487,
                    "x2": 0.6112819660890016
                },
                "metrics": {
                    "outcome": 0.07421246221653577
                },
                "metadata": {
                    "trials": 1
                }
            },
            {
                "query": {
                    "x1": 3.3238611203086412,
                    "x2": 0.6113777595943768
                },
                "metrics": {
                    "outcome": 0.07547035121395594
                },
                "metadata": {
                    "trials": 1
                }
            },
            {
                "query": {
                    "x1": 3.3181263957809772,
                    "x2": 0.611645409106484
                },
                "metrics": {
                    "outcome": 0.07906446182609876
                },
                "metadata": {
                    "trials": 1
                }
            }
        ],
        [
            {
                "query": {
                    "x1": 3.432899578822597,
                    "x2": 0.6065596794164341
                },
                "metrics": {
                    "outcome": 0.030474160764109526
                },
                "metadata": {
                    "trials": 1
                }
            },
            {
                "query": {
                    "x1": 3.4287310848518517,
                    "x2": 0.6067114753175709
                },
                "metrics": {
                    "outcome": 0.03135397731336143
                },
                "metadata": {
                    "trials": 1
                }
            },
            {
                "query": {
                    "x1": 3.4308674567000237,
                    "x2": 0.6066336993281283
                },
                "metrics": {
                    "outcome": 0.03089569636362226
                },
                "metadata": {
                    "trials": 1
                }
            }
        ],
        [
            {
                "query": {
                    "x1": 3.5361174901013577,
                    "x2": 0.604271843271782
                },
                "metrics": {
                    "outcome": 0.027288960867350998
                },
                "metadata": {
                    "trials": 1
                }
            },
            {
                "query": {
                    "x1": 3.5432126072094974,
                    "x2": 0.6040539276552597
                },
                "metrics": {
                    "outcome": 0.02826491027814837
                },
                "metadata": {
                    "trials": 1
                }
            },
            {
                "query": {
                    "x1": 3.537384768045424,
                    "x2": 0.6042329901587813
                },
                "metrics": {
                    "outcome": 0.027451071803530548
                },
                "metadata": {
                    "trials": 1
                }
            }
        ],
        [
            {
                "query": {
                    "x1": 3.5061990652470154,
                    "x2": 0.6041640459849607
                },
                "metrics": {
                    "outcome": 0.024788764402271124
                },
                "metadata": {
                    "trials": 1
                }
            },
            {
                "query": {
                    "x1": 3.5057928788066377,
                    "x2": 0.6041791266382521
                },
                "metrics": {
                    "outcome": 0.024771281152258066
                },
                "metadata": {
                    "trials": 1
                }
            },
            {
                "query": {
                    "x1": 3.505847144051412,
                    "x2": 0.6041543756807268
                },
                "metrics": {
                    "outcome": 0.024769894675241804
                },
                "metadata": {
                    "trials": 1
                }
            }
        ],
        [
            {
                "query": {
                    "x1": 3.503619440448876,
                    "x2": 0.60454423863154
                },
                "metrics": {
                    "outcome": 0.024748499486822045
                },
                "metadata": {
                    "trials": 1
                }
            },
            {
                "query": {
                    "x1": 3.5040560516343984,
                    "x2": 0.6045320165681369
                },
                "metrics": {
                    "outcome": 0.024762716596080075
                },
                "metadata": {
                    "trials": 1
                }
            },
            {
                "query": {
                    "x1": 3.503691693529449,
                    "x2": 0.6045486909419324
                },
                "metrics": {
                    "outcome": 0.024752272665821633
                },
                "metadata": {
                    "trials": 1
                }
            }
        ],
        [
            {
                "query": {
                    "x1": 3.502767615150926,
                    "x2": 0.6046313313761198
                },
                "metrics": {
                    "outcome": 0.024737919377462194
                },
                "metadata": {
                    "trials": 1
                }
            },
            {
                "query": {
                    "x1": 3.5027842672514478,
                    "x2": 0.6046301039144462
                },
                "metrics": {
                    "outcome": 0.02473820050716078
                },
                "metadata": {
                    "trials": 1
                }
            },
            {
                "query": {
                    "x1": 3.5028248870519505,
                    "x2": 0.6046307806444755
                },
                "metrics": {
                    "outcome": 0.02473979268088026
                },
                "metadata": {
                    "trials": 1
                }
            }
        ],
        [
            {
                "query": {
                    "x1": 3.502242818704719,
                    "x2": 0.6046719640966556
                },
                "metrics": {
                    "outcome": 0.024730254126806725
                },
                "metadata": {
                    "trials": 1
                }
            },
            {
                "query": {
                    "x1": 3.502231016871919,
                    "x2": 0.6046604311285426
                },
                "metrics": {
                    "outcome": 0.02472689855646938
                },
                "metadata": {
                    "trials": 1
                }
            },
            {
                "query": {
                    "x1": 3.502238535294852,
                    "x2": 0.6046648696923649
                },
                "metrics": {
                    "outcome": 0.024728288110270717
                },
                "metadata": {
                    "trials": 1
                }
            }
        ],
        [
            {
                "query": {
                    "x1": 3.501795999054604,
                    "x2": 0.6046776151974331
                },
                "metrics": {
                    "outcome": 0.024717139408017834
                },
                "metadata": {
                    "trials": 1
                }
            },
            {
                "query": {
                    "x1": 3.5021309389834236,
                    "x2": 0.6046642836511191
                },
                "metrics": {
                    "outcome": 0.024724567435409392
                },
                "metadata": {
                    "trials": 1
                }
            },
            {
                "query": {
                    "x1": 3.501953060161167,
                    "x2": 0.6046851617148272
                },
                "metrics": {
                    "outcome": 0.024724186834436897
                },
                "metadata": {
                    "trials": 1
                }
            }
        ],
        [
            {
                "query": {
                    "x1": 3.501599286571796,
                    "x2": 0.6046991549015166
                },
                "metrics": {
                    "outcome": 0.024716640861155235
                },
                "metadata": {
                    "trials": 1
                }
            },
            {
                "query": {
                    "x1": 3.5015727402013983,
                    "x2": 0.6047034841473042
                },
                "metrics": {
                    "outcome": 0.024716975993125438
                },
                "metadata": {
                    "trials": 1
                }
            },
            {
                "query": {
                    "x1": 3.501556054114502,
                    "x2": 0.6047038388454595
                },
                "metrics": {
                    "outcome": 0.02471655131998924
                },
                "metadata": {
                    "trials": 1
                }
            }
        ],
        [
            {
                "query": {
                    "x1": 3.501416962807351,
                    "x2": 0.6047063523434222
                },
                "metrics": {
                    "outcome": 0.02471292296242999
                },
                "metadata": {
                    "trials": 1
                }
            },
            {
                "query": {
                    "x1": 3.501390234828145,
                    "x2": 0.6047063665131862
                },
                "metrics": {
                    "outcome": 0.024712104403874394
                },
                "metadata": {
                    "trials": 1
                }
            },
            {
                "query": {
                    "x1": 3.5014907630878014,
                    "x2": 0.604706329434995
                },
                "metrics": {
                    "outcome": 0.02471519622894299
                },
                "metadata": {
                    "trials": 1
                }
            }
        ],
        [
            {
                "query": {
                    "x1": 3.500890436882049,
                    "x2": 0.6047292551682917
                },
                "metrics": {
                    "outcome": 0.024703449120208026
                },
                "metadata": {
                    "trials": 1
                }
            },
            {
                "query": {
                    "x1": 3.5011808907506676,
                    "x2": 0.6047138545812727
                },
                "metrics": {
                    "outcome": 0.024707784173488116
                },
                "metadata": {
                    "trials": 1
                }
            },
            {
                "query": {
                    "x1": 3.5012198536197907,
                    "x2": 0.6047125191906808
                },
                "metrics": {
                    "outcome": 0.024708592848009317
                },
                "metadata": {
                    "trials": 1
                }
            }
        ],
        [
            {
                "query": {
                    "x1": 3.5011138737295404,
                    "x2": 0.6047188756096791
                },
                "metrics": {
                    "outcome": 0.02470716036979295
                },
                "metadata": {
                    "trials": 1
                }
            },
            {
                "query": {
                    "x1": 3.5009398978444803,
                    "x2": 0.6047145155712474
                },
                "metrics": {
                    "outcome": 0.02470077163171805
                },
                "metadata": {
                    "trials": 1
                }
            },
            {
                "query": {
                    "x1": 3.5010273714746436,
                    "x2": 0.6047107211487548
                },
                "metrics": {
                    "outcome": 0.024702312824423443
                },
                "metadata": {
                    "trials": 1
                }
            }
        ],
        [
            {
                "query": {
                    "x1": 3.500886725439498,
                    "x2": 0.604730859821176
                },
                "metrics": {
                    "outcome": 0.024703792229795456
                },
                "metadata": {
                    "trials": 1
                }
            },
            {
                "query": {
                    "x1": 3.500532673226994,
                    "x2": 0.6047480339573896
                },
                "metrics": {
                    "outcome": 0.02469852599031048
                },
                "metadata": {
                    "trials": 1
                }
            },
            {
                "query": {
                    "x1": 3.501059158892197,
                    "x2": 0.6047299344398169
                },
                "metrics": {
                    "outcome": 0.024708607326998876
                },
                "metadata": {
                    "trials": 1
                }
            }
        ],
        [
            {
                "query": {
                    "x1": 3.500981017186662,
                    "x2": 0.6047219463298408
                },
                "metrics": {
                    "outcome": 0.02470406368070172
                },
                "metadata": {
                    "trials": 1
                }
            },
            {
                "query": {
                    "x1": 3.5009253912762297,
                    "x2": 0.6047249846550109
                },
                "metrics": {
                    "outcome": 0.02470327443858005
                },
                "metadata": {
                    "trials": 1
                }
            },
            {
                "query": {
                    "x1": 3.5009772016326988,
                    "x2": 0.6047255074252558
                },
                "metrics": {
                    "outcome": 0.02470494672756888
                },
                "metadata": {
                    "trials": 1
                }
            }
        ],
        [
            {
                "query": {
                    "x1": 3.500774774209159,
                    "x2": 0.6047328301282517
                },
                "metrics": {
                    "outcome": 0.024701093476292603
                },
                "metadata": {
                    "trials": 1
                }
            },
            {
                "query": {
                    "x1": 3.5012744175077106,
                    "x2": 0.6047304241115308
                },
                "metrics": {
                    "outcome": 0.02471517588779881
                },
                "metadata": {
                    "trials": 1
                }
            },
            {
                "query": {
                    "x1": 3.5008695953073357,
                    "x2": 0.6047248978738251
                },
                "metrics": {
                    "outcome": 0.024701613603935132
                },
                "metadata": {
                    "trials": 1
                }
            }
        ],
        [
            {
                "query": {
                    "x1": 3.501489910029564,
                    "x2": 0.6047121302711158
                },
                "metrics": {
                    "outcome": 0.024716742833806375
                },
                "metadata": {
                    "trials": 1
                }
            },
            {
                "query": {
                    "x1": 3.5009167769582863,
                    "x2": 0.6046980211212087
                },
                "metrics": {
                    "outcome": 0.02469548713926542
                },
                "metadata": {
                    "trials": 1
                }
            },
            {
                "query": {
                    "x1": 3.500799392367327,
                    "x2": 0.6047307851718324
                },
                "metrics": {
                    "outcome": 0.024701228034361297
                },
                "metadata": {
                    "trials": 1
                }
            }
        ],
        [
            {
                "query": {
                    "x1": 3.5008664667074854,
                    "x2": 0.6047308723757343
                },
                "metrics": {
                    "outcome": 0.02470320426241867
                },
                "metadata": {
                    "trials": 1
                }
            },
            {
                "query": {
                    "x1": 3.500730039163482,
                    "x2": 0.6047378209083378
                },
                "metrics": {
                    "outcome": 0.024701219547539024
                },
                "metadata": {
                    "trials": 1
                }
            },
            {
                "query": {
                    "x1": 3.501157180256641,
                    "x2": 0.6046948104341014
                },
                "metrics": {
                    "outcome": 0.024701824997383215
                },
                "metadata": {
                    "trials": 1
                }
            }
        ],
        [
            {
                "query": {
                    "x1": 3.5006992472875123,
                    "x2": 0.6047367079767971
                },
                "metrics": {
                    "outcome": 0.02470001824032687
                },
                "metadata": {
                    "trials": 1
                }
            },
            {
                "query": {
                    "x1": 3.5007191098615866,
                    "x2": 0.60475891459562
                },
                "metrics": {
                    "outcome": 0.024706926139210307
                },
                "metadata": {
                    "trials": 1
                }
            },
            {
                "query": {
                    "x1": 3.5004863544112403,
                    "x2": 0.604747607028818
                },
                "metrics": {
                    "outcome": 0.02469710115130652
                },
                "metadata": {
                    "trials": 1
                }
            }
        ],
        [
            {
                "query": {
                    "x1": 3.5005718657135017,
                    "x2": 0.6047380760677727
                },
                "metrics": {
                    "outcome": 0.02469677302387723
                },
                "metadata": {
                    "trials": 1
                }
            },
            {
                "query": {
                    "x1": 3.5006713135833216,
                    "x2": 0.6047360562359616
                },
                "metrics": {
                    "outcome": 0.024699031613358867
                },
                "metadata": {
                    "trials": 1
                }
            },
            {
                "query": {
                    "x1": 3.500598413270154,
                    "x2": 0.604732673991978
                },
                "metrics": {
                    "outcome": 0.024695982517138573
                },
                "metadata": {
                    "trials": 1
                }
            }
        ],
        [
            {
                "query": {
                    "x1": 3.500678245983508,
                    "x2": 0.6047460261859063
                },
                "metrics": {
                    "outcome": 0.024702075287748503
                },
                "metadata": {
                    "trials": 1
                }
            },
            {
                "query": {
                    "x1": 3.500615385737536,
                    "x2": 0.6047377350356555
                },
                "metrics": {
                    "outcome": 0.02469791307097919
                },
                "metadata": {
                    "trials": 1
                }
            },
            {
                "query": {
                    "x1": 3.5004322474116325,
                    "x2": 0.6047403780960252
                },
                "metrics": {
                    "outcome": 0.02469349700664329
                },
                "metadata": {
                    "trials": 1
                }
            }
        ],
        [
            {
                "query": {
                    "x1": 3.500587675791623,
                    "x2": 0.604737104350229
                },
                "metrics": {
                    "outcome": 0.02469694387047173
                },
                "metadata": {
                    "trials": 1
                }
            },
            {
                "query": {
                    "x1": 3.5005938216880157,
                    "x2": 0.604738803623329
                },
                "metrics": {
                    "outcome": 0.024697605142565304
                },
                "metadata": {
                    "trials": 1
                }
            },
            {
                "query": {
                    "x1": 3.5005142078292195,
                    "x2": 0.6047498090382035
                },
                "metrics": {
                    "outcome": 0.0246985183471864
                },
                "metadata": {
                    "trials": 1
                }
            }
        ],
        [
            {
                "query": {
                    "x1": 3.500885543658354,
                    "x2": 0.6046918774981629
                },
                "metrics": {
                    "outcome": 0.02469284857880065
                },
                "metadata": {
                    "trials": 1
                }
            },
            {
                "query": {
                    "x1": 3.5005895722372955,
                    "x2": 0.6047323391301269
                },
                "metrics": {
                    "outcome": 0.024695634705512278
                },
                "metadata": {
                    "trials": 1
                }
            },
            {
                "query": {
                    "x1": 3.5003062353353744,
                    "x2": 0.6047409548033427
                },
                "metrics": {
                    "outcome": 0.024690151146995708
                },
                "metadata": {
                    "trials": 1
                }
            }
        ],
        [
            {
                "query": {
                    "x1": 3.5004708621031675,
                    "x2": 0.6047237971013306
                },
                "metrics": {
                    "outcome": 0.024689814235712225
                },
                "metadata": {
                    "trials": 1
                }
            },
            {
                "query": {
                    "x1": 3.5001787501589394,
                    "x2": 0.6047979786783912
                },
                "metrics": {
                    "outcome": 0.02470344969830731
                },
                "metadata": {
                    "trials": 1
                }
            },
            {
                "query": {
                    "x1": 3.500562672230796,
                    "x2": 0.6047398965375148
                },
                "metrics": {
                    "outcome": 0.024697034271202213
                },
                "metadata": {
                    "trials": 1
                }
            }
        ],
        [
            {
                "query": {
                    "x1": 3.5005216473856375,
                    "x2": 0.6047386554967202
                },
                "metrics": {
                    "outcome": 0.02469551694288881
                },
                "metadata": {
                    "trials": 1
                }
            },
            {
                "query": {
                    "x1": 3.5009498881241843,
                    "x2": 0.6047338005270593
                },
                "metrics": {
                    "outcome": 0.02470646826466219
                },
                "metadata": {
                    "trials": 1
                }
            },
            {
                "query": {
                    "x1": 3.5006160053744004,
                    "x2": 0.6047394769912833
                },
                "metrics": {
                    "outcome": 0.024698428962022206
                },
                "metadata": {
                    "trials": 1
                }
            }
        ],
        [
            {
                "query": {
                    "x1": 3.5006404080008,
                    "x2": 0.6047575641096028
                },
                "metrics": {
                    "outcome": 0.024704307206299063
                },
                "metadata": {
                    "trials": 1
                }
            },
            {
                "query": {
                    "x1": 3.50056393789378,
                    "x2": 0.6047513485604945
                },
                "metrics": {
                    "outcome": 0.02470036107680676
                },
                "metadata": {
                    "trials": 1
                }
            },
            {
                "query": {
                    "x1": 3.5004673598161737,
                    "x2": 0.6047425728108626
                },
                "metrics": {
                    "outcome": 0.0246951154558954
                },
                "metadata": {
                    "trials": 1
                }
            }
        ],
        [
            {
                "query": {
                    "x1": 3.5007223889378114,
                    "x2": 0.6047332920780111
                },
                "metrics": {
                    "outcome": 0.0246997122435774
                },
                "metadata": {
                    "trials": 1
                }
            },
            {
                "query": {
                    "x1": 3.5004947879081794,
                    "x2": 0.6047390414103253
                },
                "metrics": {
                    "outcome": 0.02469486975307568
                },
                "metadata": {
                    "trials": 1
                }
            },
            {
                "query": {
                    "x1": 3.500544136267063,
                    "x2": 0.6047373013777255
                },
                "metrics": {
                    "outcome": 0.024695764491537105
                },
                "metadata": {
                    "trials": 1
                }
            }
        ],
        [
            {
                "query": {
                    "x1": 3.5002894515932255,
                    "x2": 0.6047594906525635
                },
                "metrics": {
                    "outcome": 0.02469509161069393
                },
                "metadata": {
                    "trials": 1
                }
            },
            {
                "query": {
                    "x1": 3.500305138348427,
                    "x2": 0.604769296445764
                },
                "metrics": {
                    "outcome": 0.024698391774171217
                },
                "metadata": {
                    "trials": 1
                }
            },
            {
                "query": {
                    "x1": 3.5001634095814236,
                    "x2": 0.6047598431081198
                },
                "metrics": {
                    "outcome": 0.024691756811358614
                },
                "metadata": {
                    "trials": 1
                }
            }
        ],
        [
            {
                "query": {
                    "x1": 3.5004595563072574,
                    "x2": 0.6047379132424
                },
                "metrics": {
                    "outcome": 0.02469355277176892
                },
                "metadata": {
                    "trials": 1
                }
            },
            {
                "query": {
                    "x1": 3.5004960862111236,
                    "x2": 0.6047465071371807
                },
                "metrics": {
                    "outcome": 0.024697057009548537
                },
                "metadata": {
                    "trials": 1
                }
            },
            {
                "query": {
                    "x1": 3.500678227607125,
                    "x2": 0.6047205467452699
                },
                "metrics": {
                    "outcome": 0.024694821255535383
                },
                "metadata": {
                    "trials": 1
                }
            }
        ],
        [
            {
                "query": {
                    "x1": 3.500915957902029,
                    "x2": 0.6047250814010061
                },
                "metrics": {
                    "outcome": 0.024703024408604897
                },
                "metadata": {
                    "trials": 1
                }
            },
            {
                "query": {
                    "x1": 3.500428888646452,
                    "x2": 0.6047425631820103
                },
                "metrics": {
                    "outcome": 0.024694034147793087
                },
                "metadata": {
                    "trials": 1
                }
            },
            {
                "query": {
                    "x1": 3.5005655669768316,
                    "x2": 0.6047380202713848
                },
                "metrics": {
                    "outcome": 0.02469657827769431
                },
                "metadata": {
                    "trials": 1
                }
            }
        ],
        [
            {
                "query": {
                    "x1": 3.5006085265819156,
                    "x2": 0.6047351559376883
                },
                "metrics": {
                    "outcome": 0.024696980234499153
                },
                "metadata": {
                    "trials": 1
                }
            },
            {
                "query": {
                    "x1": 3.500422025385232,
                    "x2": 0.6047435005947808
                },
                "metrics": {
                    "outcome": 0.024694113136529982
                },
                "metadata": {
                    "trials": 1
                }
            },
            {
                "query": {
                    "x1": 3.5000254963458985,
                    "x2": 0.6048197873320662
                },
                "metrics": {
                    "outcome": 0.024705948931279205
                },
                "metadata": {
                    "trials": 1
                }
            }
        ],
        [
            {
                "query": {
                    "x1": 3.5004164364526655,
                    "x2": 0.6047427879427927
                },
                "metrics": {
                    "outcome": 0.024693750788341753
                },
                "metadata": {
                    "trials": 1
                }
            },
            {
                "query": {
                    "x1": 3.5006593549356406,
                    "x2": 0.6047345500909023
                },
                "metrics": {
                    "outcome": 0.02469825977386223
                },
                "metadata": {
                    "trials": 1
                }
            },
            {
                "query": {
                    "x1": 3.5003074134555323,
                    "x2": 0.6047326051885751
                },
                "metrics": {
                    "outcome": 0.0246877608163426
                },
                "metadata": {
                    "trials": 1
                }
            }
        ],
        [
            {
                "query": {
                    "x1": 3.5004804877250475,
                    "x2": 0.604742159974462
                },
                "metrics": {
                    "outcome": 0.024695365279958713
                },
                "metadata": {
                    "trials": 1
                }
            },
            {
                "query": {
                    "x1": 3.5003815769886284,
                    "x2": 0.604740562789928
                },
                "metrics": {
                    "outcome": 0.024692133248969603
                },
                "metadata": {
                    "trials": 1
                }
            },
            {
                "query": {
                    "x1": 3.5003924319693436,
                    "x2": 0.6047425181323938
                },
                "metrics": {
                    "outcome": 0.024693002233670963
                },
                "metadata": {
                    "trials": 1
                }
            }
        ],
        [
            {
                "query": {
                    "x1": 3.500010964087391,
                    "x2": 0.6047665080433822
                },
                "metrics": {
                    "outcome": 0.0246896255004072
                },
                "metadata": {
                    "trials": 1
                }
            },
            {
                "query": {
                    "x1": 3.5005514619857934,
                    "x2": 0.6047639394531199
                },
                "metrics": {
                    "outcome": 0.02470364336048938
                },
                "metadata": {
                    "trials": 1
                }
            },
            {
                "query": {
                    "x1": 3.500448434431293,
                    "x2": 0.6047318988735944
                },
                "metrics": {
                    "outcome": 0.02469150766221334
                },
                "metadata": {
                    "trials": 1
                }
            }
        ],
        [
            {
                "query": {
                    "x1": 3.5004272068583457,
                    "x2": 0.604750330780222
                },
                "metrics": {
                    "outcome": 0.024696234701963325
                },
                "metadata": {
                    "trials": 1
                }
            },
            {
                "query": {
                    "x1": 3.5007702890668,
                    "x2": 0.6047183785987791
                },
                "metrics": {
                    "outcome": 0.024696878075192354
                },
                "metadata": {
                    "trials": 1
                }
            },
            {
                "query": {
                    "x1": 3.500434738721779,
                    "x2": 0.6047062577313111
                },
                "metrics": {
                    "outcome": 0.02468376662059369
                },
                "metadata": {
                    "trials": 1
                }
            }
        ],
        [
            {
                "query": {
                    "x1": 3.500335156508207,
                    "x2": 0.604786292296664
                },
                "metrics": {
                    "outcome": 0.024704199699308184
                },
                "metadata": {
                    "trials": 1
                }
            },
            {
                "query": {
                    "x1": 3.5005744819961055,
                    "x2": 0.604743990345181
                },
                "metrics": {
                    "outcome": 0.024698543611495226
                },
                "metadata": {
                    "trials": 1
                }
            },
            {
                "query": {
                    "x1": 3.5003156700710996,
                    "x2": 0.6047376587708913
                },
                "metrics": {
                    "outcome": 0.02468945601185686
                },
                "metadata": {
                    "trials": 1
                }
            }
        ],
        [
            {
                "query": {
                    "x1": 3.5004584479683576,
                    "x2": 0.6047527094434457
                },
                "metrics": {
                    "outcome": 0.024697795050014182
                },
                "metadata": {
                    "trials": 1
                }
            },
            {
                "query": {
                    "x1": 3.500198234017935,
                    "x2": 0.6047045773748456
                },
                "metrics": {
                    "outcome": 0.02467660270320532
                },
                "metadata": {
                    "trials": 1
                }
            },
            {
                "query": {
                    "x1": 3.5002792360881045,
                    "x2": 0.6047519737319762
                },
                "metrics": {
                    "outcome": 0.02469261472509083
                },
                "metadata": {
                    "trials": 1
                }
            }
        ],
        [
            {
                "query": {
                    "x1": 3.5007601091810923,
                    "x2": 0.6047391642968671
                },
                "metrics": {
                    "outcome": 0.02470246686943824
                },
                "metadata": {
                    "trials": 1
                }
            },
            {
                "query": {
                    "x1": 3.5005418292501,
                    "x2": 0.6047409976978573
                },
                "metrics": {
                    "outcome": 0.024696760384584814
                },
                "metadata": {
                    "trials": 1
                }
            },
            {
                "query": {
                    "x1": 3.500420430410335,
                    "x2": 0.6047419298903991
                },
                "metrics": {
                    "outcome": 0.024693614409980635
                },
                "metadata": {
                    "trials": 1
                }
            }
        ],
        [
            {
                "query": {
                    "x1": 3.50052139100932,
                    "x2": 0.6047350171040682
                },
                "metrics": {
                    "outcome": 0.0246944647731194
                },
                "metadata": {
                    "trials": 1
                }
            },
            {
                "query": {
                    "x1": 3.500332026670465,
                    "x2": 0.6047441989359559
                },
                "metrics": {
                    "outcome": 0.024691808983053395
                },
                "metadata": {
                    "trials": 1
                }
            },
            {
                "query": {
                    "x1": 3.5004195628832946,
                    "x2": 0.6047752426980555
                },
                "metrics": {
                    "outcome": 0.02470326853829847
                },
                "metadata": {
                    "trials": 1
                }
            }
        ]
    ],
    "best_results": [
        {
            "query": {
                "x1": 3.500198234017935,
                "x2": 0.6047045773748456
            },
            "metrics": [
                {
                    "name": "outcome",
                    "value": 0.02467660270320532
                }
            ]
        }
    ]
}