{
    "date": "26/10/2022 19:17:41",
    "basic_params": {
        "active_variables": [
            "x1",
            "x2"
        ],
        "default_query": {},
        "metric": "basic",
        "n_trials": 1
    },
    "objective_function": {
        "name": "Beale",
        "params": {}
    },
    "optimizer": {
        "name": "BBO-LP",
        "params": {
            "lower_bound": [
                -4.5,
                -4.5
            ],
            "upper_bound": [
                4.5,
                4.5
            ],
            "invert_metric": false,
            "bopt_params": {
                "n_init_samples": 15,
                "n_iterations": 45,
                "verbose_level": 1,
                "n_parallel_samples": 3,
                "par_type": "PAR_BBO",
                "crit_name": "cLP(cLCB)",
                "n_crit_params": 4,
                "crit_params": [
                    3,
                    1,
                    1.0
                ]
            }
        }
    },
    "iterations": [
        [
            {
                "query": {
                    "x1": 1.2392805999610568,
                    "x2": 3.775399926630781
                },
                "metrics": {
                    "outcome": 5007.411759235175
                },
                "metadata": {
                    "trials": 1
                }
            }
        ],
        [
            {
                "query": {
                    "x1": -4.042879838682711,
                    "x2": -4.446897300705314
                },
                "metrics": {
                    "outcome": 137157.18248618417
                },
                "metadata": {
                    "trials": 1
                }
            }
        ],
        [
            {
                "query": {
                    "x1": 4.233759230794385,
                    "x2": -1.5965748423244803
                },
                "metrics": {
                    "outcome": 522.6204410334385
                },
                "metadata": {
                    "trials": 1
                }
            }
        ],
        [
            {
                "query": {
                    "x1": -0.05940757021307963,
                    "x2": 1.0315399195533246
                },
                "metrics": {
                    "outcome": 14.149974698650917
                },
                "metadata": {
                    "trials": 1
                }
            }
        ],
        [
            {
                "query": {
                    "x1": 2.026004198938608,
                    "x2": 0.445218285731972
                },
                "metrics": {
                    "outcome": 1.1377060898511924
                },
                "metadata": {
                    "trials": 1
                }
            }
        ],
        [
            {
                "query": {
                    "x1": -1.6438716690056028,
                    "x2": -2.720126974442974
                },
                "metrics": {
                    "outcome": 1521.711768562785
                },
                "metadata": {
                    "trials": 1
                }
            }
        ],
        [
            {
                "query": {
                    "x1": -0.3452848428860307,
                    "x2": -0.9276359733659771
                },
                "metrics": {
                    "outcome": 20.507207303003494
                },
                "metadata": {
                    "trials": 1
                }
            }
        ],
        [
            {
                "query": {
                    "x1": -2.7926606555934996,
                    "x2": 2.187238720664755
                },
                "metrics": {
                    "outcome": 639.1127397203287
                },
                "metadata": {
                    "trials": 1
                }
            }
        ],
        [
            {
                "query": {
                    "x1": 3.6349454233422875,
                    "x2": -2.3765700138173997
                },
                "metrics": {
                    "outcome": 2962.8692412558576
                },
                "metadata": {
                    "trials": 1
                }
            }
        ],
        [
            {
                "query": {
                    "x1": 2.1704845004249362,
                    "x2": 2.8372351884841915
                },
                "metrics": {
                    "outcome": 2840.90089103845
                },
                "metadata": {
                    "trials": 1
                }
            }
        ],
        [
            {
                "query": {
                    "x1": 2.739461172837764,
                    "x2": -0.16134476736187953
                },
                "metrics": {
                    "outcome": 3.01801883338843
                },
                "metadata": {
                    "trials": 1
                }
            }
        ],
        [
            {
                "query": {
                    "x1": -2.500654561026022,
                    "x2": 4.186029508011416
                },
                "metrics": {
                    "outcome": 33359.089248797834
                },
                "metadata": {
                    "trials": 1
                }
            }
        ],
        [
            {
                "query": {
                    "x1": -3.350163523061201,
                    "x2": 1.5198531155940147
                },
                "metrics": {
                    "outcome": 38.11604247973242
                },
                "metadata": {
                    "trials": 1
                }
            }
        ],
        [
            {
                "query": {
                    "x1": -1.1994911517016589,
                    "x2": -0.44990166868083215
                },
                "metrics": {
                    "outcome": 36.249160114878684
                },
                "metadata": {
                    "trials": 1
                }
            }
        ],
        [
            {
                "query": {
                    "x1": 0.8271898280829184,
                    "x2": -3.626846821932122
                },
                "metrics": {
                    "outcome": 1575.481980945845
                },
                "metadata": {
                    "trials": 1
                }
            }
        ],
        [
            {
                "query": {
                    "x1": 4.499842006065169,
                    "x2": 0.006548219661144827
                },
                "metrics": {
                    "outcome": 17.399082578902302
                },
                "metadata": {
                    "trials": 1
                }
            },
            {
                "query": {
                    "x1": 4.499774971488227,
                    "x2": 0.006548233952592852
                },
                "metrics": {
                    "outcome": 17.398133624550024
                },
                "metadata": {
                    "trials": 1
                }
            },
            {
                "query": {
                    "x1": 4.4991039486542235,
                    "x2": 0.006548233952592852
                },
                "metrics": {
                    "outcome": 17.38863983817864
                },
                "metadata": {
                    "trials": 1
                }
            }
        ],
        [
            {
                "query": {
                    "x1": -3.4935879343503693,
                    "x2": 0.539990324391912
                },
                "metrics": {
                    "outcome": 62.98682534166333
                },
                "metadata": {
                    "trials": 1
                }
            },
            {
                "query": {
                    "x1": -3.493580260816726,
                    "x2": 0.5399995876896426
                },
                "metrics": {
                    "outcome": 62.98583337042781
                },
                "metadata": {
                    "trials": 1
                }
            },
            {
                "query": {
                    "x1": -3.4935033091912633,
                    "x2": 0.539964734322572
                },
                "metrics": {
                    "outcome": 62.98756165469787
                },
                "metadata": {
                    "trials": 1
                }
            }
        ],
        [
            {
                "query": {
                    "x1": 4.499342992932876,
                    "x2": 0.33104255968358665
                },
                "metrics": {
                    "outcome": 8.292073380290555
                },
                "metadata": {
                    "trials": 1
                }
            },
            {
                "query": {
                    "x1": 4.499342992932876,
                    "x2": 0.33104255968358665
                },
                "metrics": {
                    "outcome": 8.292073380290555
                },
                "metadata": {
                    "trials": 1
                }
            },
            {
                "query": {
                    "x1": 4.499342992932876,
                    "x2": 0.33104255968358665
                },
                "metrics": {
                    "outcome": 8.292073380290555
                },
                "metadata": {
                    "trials": 1
                }
            }
        ],
        [
            {
                "query": {
                    "x1": 2.052603559377708,
                    "x2": 0.40480046892953503
                },
                "metrics": {
                    "outcome": 0.8643704377039729
                },
                "metadata": {
                    "trials": 1
                }
            },
            {
                "query": {
                    "x1": 2.0684152826969253,
                    "x2": 0.4048007160003664
                },
                "metrics": {
                    "outcome": 0.8245812449134591
                },
                "metadata": {
                    "trials": 1
                }
            },
            {
                "query": {
                    "x1": 2.041498598747971,
                    "x2": 0.4047857393728087
                },
                "metrics": {
                    "outcome": 0.8928267130978295
                },
                "metadata": {
                    "trials": 1
                }
            }
        ],
        [
            {
                "query": {
                    "x1": 2.1190764313572172,
                    "x2": 0.4264927912947023
                },
                "metrics": {
                    "outcome": 0.7970178389707555
                },
                "metadata": {
                    "trials": 1
                }
            },
            {
                "query": {
                    "x1": 2.1330431922555677,
                    "x2": 0.42650117357939
                },
                "metrics": {
                    "outcome": 0.7637836546185202
                },
                "metadata": {
                    "trials": 1
                }
            },
            {
                "query": {
                    "x1": 2.140132168682733,
                    "x2": 0.42649002469698516
                },
                "metrics": {
                    "outcome": 0.7471213397801626
                },
                "metadata": {
                    "trials": 1
                }
            }
        ],
        [
            {
                "query": {
                    "x1": 2.202155456796115,
                    "x2": 0.43288953597283086
                },
                "metrics": {
                    "outcome": 0.6369254923415081
                },
                "metadata": {
                    "trials": 1
                }
            },
            {
                "query": {
                    "x1": 2.1986068405565504,
                    "x2": 0.4329009071459069
                },
                "metrics": {
                    "outcome": 0.6445874905362354
                },
                "metadata": {
                    "trials": 1
                }
            },
            {
                "query": {
                    "x1": 2.20854340106065,
                    "x2": 0.432905469303984
                },
                "metrics": {
                    "outcome": 0.623407112964357
                },
                "metadata": {
                    "trials": 1
                }
            }
        ],
        [
            {
                "query": {
                    "x1": 2.270683582424777,
                    "x2": 0.4342980270823311
                },
                "metrics": {
                    "outcome": 0.5045109149991365
                },
                "metadata": {
                    "trials": 1
                }
            },
            {
                "query": {
                    "x1": 2.2634894887053676,
                    "x2": 0.43429698831651464
                },
                "metrics": {
                    "outcome": 0.5182506716620081
                },
                "metadata": {
                    "trials": 1
                }
            },
            {
                "query": {
                    "x1": 2.2559156246062155,
                    "x2": 0.43430271670855625
                },
                "metrics": {
                    "outcome": 0.532947098120349
                },
                "metadata": {
                    "trials": 1
                }
            }
        ],
        [
            {
                "query": {
                    "x1": 4.499843163515125,
                    "x2": 0.4351139927357739
                },
                "metrics": {
                    "outcome": 5.3022038442713875
                },
                "metadata": {
                    "trials": 1
                }
            },
            {
                "query": {
                    "x1": 4.499842488550835,
                    "x2": 0.43511402398124055
                },
                "metrics": {
                    "outcome": 5.3021987814217395
                },
                "metadata": {
                    "trials": 1
                }
            },
            {
                "query": {
                    "x1": 4.499775648902659,
                    "x2": 0.435114047914662
                },
                "metrics": {
                    "outcome": 5.3017834385403475
                },
                "metadata": {
                    "trials": 1
                }
            }
        ],
        [
            {
                "query": {
                    "x1": -4.49984249977941,
                    "x2": 0.4236738764898087
                },
                "metrics": {
                    "outcome": 98.06866371471898
                },
                "metadata": {
                    "trials": 1
                }
            },
            {
                "query": {
                    "x1": -4.49984249977941,
                    "x2": 0.4236738764898087
                },
                "metrics": {
                    "outcome": 98.06866371471898
                },
                "metadata": {
                    "trials": 1
                }
            },
            {
                "query": {
                    "x1": -4.49984249977941,
                    "x2": 0.4236738764898087
                },
                "metrics": {
                    "outcome": 98.06866371471898
                },
                "metadata": {
                    "trials": 1
                }
            }
        ],
        [
            {
                "query": {
                    "x1": 4.499842574157263,
                    "x2": 0.4931575815357716
                },
                "metrics": {
                    "outcome": 3.727198979839171
                },
                "metadata": {
                    "trials": 1
                }
            },
            {
                "query": {
                    "x1": 4.499842574157263,
                    "x2": 0.4931575815357716
                },
                "metrics": {
                    "outcome": 3.727198979839171
                },
                "metadata": {
                    "trials": 1
                }
            },
            {
                "query": {
                    "x1": 4.499842574157263,
                    "x2": 0.4931575815357716
                },
                "metrics": {
                    "outcome": 3.727198979839171
                },
                "metadata": {
                    "trials": 1
                }
            }
        ],
        [
            {
                "query": {
                    "x1": 4.499843174300983,
                    "x2": 0.7006111782862696
                },
                "metrics": {
                    "outcome": 0.1321920212738507
                },
                "metadata": {
                    "trials": 1
                }
            },
            {
                "query": {
                    "x1": 4.499843174300983,
                    "x2": 0.7006111782862696
                },
                "metrics": {
                    "outcome": 0.1321920212738507
                },
                "metadata": {
                    "trials": 1
                }
            },
            {
                "query": {
                    "x1": 4.499843174300983,
                    "x2": 0.7006111782862696
                },
                "metrics": {
                    "outcome": 0.1321920212738507
                },
                "metadata": {
                    "trials": 1
                }
            }
        ],
        [
            {
                "query": {
                    "x1": 4.499842006172457,
                    "x2": 0.6175803366012698
                },
                "metrics": {
                    "outcome": 0.9975498791194487
                },
                "metadata": {
                    "trials": 1
                }
            },
            {
                "query": {
                    "x1": 4.499842006172457,
                    "x2": 0.6175803366012698
                },
                "metrics": {
                    "outcome": 0.9975498791194487
                },
                "metadata": {
                    "trials": 1
                }
            },
            {
                "query": {
                    "x1": 4.499842006172457,
                    "x2": 0.6175803366012698
                },
                "metrics": {
                    "outcome": 0.9975498791194487
                },
                "metadata": {
                    "trials": 1
                }
            }
        ],
        [
            {
                "query": {
                    "x1": 4.499842499937465,
                    "x2": 0.46568549572063134
                },
                "metrics": {
                    "outcome": 4.458420086268869
                },
                "metadata": {
                    "trials": 1
                }
            },
            {
                "query": {
                    "x1": 4.499842499937465,
                    "x2": 0.46568549572063134
                },
                "metrics": {
                    "outcome": 4.458420086268869
                },
                "metadata": {
                    "trials": 1
                }
            },
            {
                "query": {
                    "x1": 4.499842499937465,
                    "x2": 0.46568549572063134
                },
                "metrics": {
                    "outcome": 4.458420086268869
                },
                "metadata": {
                    "trials": 1
                }
            }
        ],
        [
            {
                "query": {
                    "x1": 4.49984249993658,
                    "x2": 0.3683466604164405
                },
                "metrics": {
                    "outcome": 7.211553924527923
                },
                "metadata": {
                    "trials": 1
                }
            },
            {
                "query": {
                    "x1": 4.49984249993658,
                    "x2": 0.3683466604164405
                },
                "metrics": {
                    "outcome": 7.211553924527923
                },
                "metadata": {
                    "trials": 1
                }
            },
            {
                "query": {
                    "x1": 4.49984249993658,
                    "x2": 0.3683466604164405
                },
                "metrics": {
                    "outcome": 7.211553924527923
                },
                "metadata": {
                    "trials": 1
                }
            }
        ],
        [
            {
                "query": {
                    "x1": 4.499842499807771,
                    "x2": 0.6563508385988452
                },
                "metrics": {
                    "outcome": 0.4620753271870175
                },
                "metadata": {
                    "trials": 1
                }
            },
            {
                "query": {
                    "x1": 4.499842499807771,
                    "x2": 0.6563508385988452
                },
                "metrics": {
                    "outcome": 0.4620753271870175
                },
                "metadata": {
                    "trials": 1
                }
            },
            {
                "query": {
                    "x1": 4.499842499807771,
                    "x2": 0.6563508385988452
                },
                "metrics": {
                    "outcome": 0.4620753271870175
                },
                "metadata": {
                    "trials": 1
                }
            }
        ],
        [
            {
                "query": {
                    "x1": 4.499843120678587,
                    "x2": 0.8172768191424193
                },
                "metrics": {
                    "outcome": 1.3688409018542047
                },
                "metadata": {
                    "trials": 1
                }
            },
            {
                "query": {
                    "x1": 4.499843120678587,
                    "x2": 0.8172768191424193
                },
                "metrics": {
                    "outcome": 1.3688409018542047
                },
                "metadata": {
                    "trials": 1
                }
            },
            {
                "query": {
                    "x1": 4.499843120678587,
                    "x2": 0.8172768191424193
                },
                "metrics": {
                    "outcome": 1.3688409018542047
                },
                "metadata": {
                    "trials": 1
                }
            }
        ],
        [
            {
                "query": {
                    "x1": 4.499843167673159,
                    "x2": 0.7538418514778691
                },
                "metrics": {
                    "outcome": 0.25115715161684
                },
                "metadata": {
                    "trials": 1
                }
            },
            {
                "query": {
                    "x1": 4.499843167673159,
                    "x2": 0.7538418514778691
                },
                "metrics": {
                    "outcome": 0.25115715161684
                },
                "metadata": {
                    "trials": 1
                }
            },
            {
                "query": {
                    "x1": 4.499843167673159,
                    "x2": 0.7538418514778691
                },
                "metrics": {
                    "outcome": 0.25115715161684
                },
                "metadata": {
                    "trials": 1
                }
            }
        ],
        [
            {
                "query": {
                    "x1": 4.499842499824336,
                    "x2": 0.7237644496391127
                },
                "metrics": {
                    "outcome": 0.10605526757283351
                },
                "metadata": {
                    "trials": 1
                }
            },
            {
                "query": {
                    "x1": 4.499842499824336,
                    "x2": 0.7237644496391127
                },
                "metrics": {
                    "outcome": 0.10605526757283351
                },
                "metadata": {
                    "trials": 1
                }
            },
            {
                "query": {
                    "x1": 4.499842499824336,
                    "x2": 0.7237644496391127
                },
                "metrics": {
                    "outcome": 0.10605526757283351
                },
                "metadata": {
                    "trials": 1
                }
            }
        ],
        [
            {
                "query": {
                    "x1": 4.499829168920634,
                    "x2": -0.24090589052355504
                },
                "metrics": {
                    "outcome": 24.387635802769033
                },
                "metadata": {
                    "trials": 1
                }
            },
            {
                "query": {
                    "x1": 4.499829168920634,
                    "x2": -0.24090589052355504
                },
                "metrics": {
                    "outcome": 24.387635802769033
                },
                "metadata": {
                    "trials": 1
                }
            },
            {
                "query": {
                    "x1": 4.499829168920634,
                    "x2": -0.24090589052355504
                },
                "metrics": {
                    "outcome": 24.387635802769033
                },
                "metadata": {
                    "trials": 1
                }
            }
        ],
        [
            {
                "query": {
                    "x1": 4.4998423352157175,
                    "x2": 0.6336884275681101
                },
                "metrics": {
                    "outcome": 0.7507458366396245
                },
                "metadata": {
                    "trials": 1
                }
            },
            {
                "query": {
                    "x1": 4.4998423352157175,
                    "x2": 0.6336884275681101
                },
                "metrics": {
                    "outcome": 0.7507458366396245
                },
                "metadata": {
                    "trials": 1
                }
            },
            {
                "query": {
                    "x1": 4.4998423352157175,
                    "x2": 0.6336884275681101
                },
                "metrics": {
                    "outcome": 0.7507458366396245
                },
                "metadata": {
                    "trials": 1
                }
            }
        ],
        [
            {
                "query": {
                    "x1": 4.499842499774148,
                    "x2": 0.6779096136033225
                },
                "metrics": {
                    "outcome": 0.2593360696173112
                },
                "metadata": {
                    "trials": 1
                }
            },
            {
                "query": {
                    "x1": 4.499827661824593,
                    "x2": 0.505677170676508
                },
                "metrics": {
                    "outcome": 3.4046780562835983
                },
                "metadata": {
                    "trials": 1
                }
            },
            {
                "query": {
                    "x1": 4.499827661824593,
                    "x2": 0.505677170676508
                },
                "metrics": {
                    "outcome": 3.4046780562835983
                },
                "metadata": {
                    "trials": 1
                }
            }
        ],
        [
            {
                "query": {
                    "x1": 4.499842499467288,
                    "x2": 0.7150514024776218
                },
                "metrics": {
                    "outcome": 0.1027717221044401
                },
                "metadata": {
                    "trials": 1
                }
            },
            {
                "query": {
                    "x1": 4.499842499774141,
                    "x2": 0.7150491514774142
                },
                "metrics": {
                    "outcome": 0.10277297273214957
                },
                "metadata": {
                    "trials": 1
                }
            },
            {
                "query": {
                    "x1": 4.499774999191979,
                    "x2": 0.7150509313861102
                },
                "metrics": {
                    "outcome": 0.10276405284282872
                },
                "metadata": {
                    "trials": 1
                }
            }
        ],
        [
            {
                "query": {
                    "x1": 4.499842499922416,
                    "x2": 0.7169553510667281
                },
                "metrics": {
                    "outcome": 0.10209751242630036
                },
                "metadata": {
                    "trials": 1
                }
            },
            {
                "query": {
                    "x1": 4.499842500389436,
                    "x2": 0.7169534419213628
                },
                "metrics": {
                    "outcome": 0.10209780342573796
                },
                "metadata": {
                    "trials": 1
                }
            },
            {
                "query": {
                    "x1": 4.499842499891827,
                    "x2": 0.7169521655667657
                },
                "metrics": {
                    "outcome": 0.10209799833740593
                },
                "metadata": {
                    "trials": 1
                }
            }
        ],
        [
            {
                "query": {
                    "x1": 4.499842499922416,
                    "x2": 0.7169553510667281
                },
                "metrics": {
                    "outcome": 0.10209751242630036
                },
                "metadata": {
                    "trials": 1
                }
            },
            {
                "query": {
                    "x1": 4.499842500380735,
                    "x2": 0.7169562220919463
                },
                "metrics": {
                    "outcome": 0.10209737997521476
                },
                "metadata": {
                    "trials": 1
                }
            },
            {
                "query": {
                    "x1": 4.499842500394088,
                    "x2": 0.7169558200426378
                },
                "metrics": {
                    "outcome": 0.10209744111101432
                },
                "metadata": {
                    "trials": 1
                }
            }
        ],
        [
            {
                "query": {
                    "x1": 4.49984317780352,
                    "x2": 0.7169723806031394
                },
                "metrics": {
                    "outcome": 0.10209500804537552
                },
                "metadata": {
                    "trials": 1
                }
            },
            {
                "query": {
                    "x1": 4.49984317767343,
                    "x2": 0.7169701929745811
                },
                "metrics": {
                    "outcome": 0.10209533359866377
                },
                "metadata": {
                    "trials": 1
                }
            },
            {
                "query": {
                    "x1": 4.499843178428176,
                    "x2": 0.7169713474787223
                },
                "metrics": {
                    "outcome": 0.10209516172084729
                },
                "metadata": {
                    "trials": 1
                }
            }
        ],
        [
            {
                "query": {
                    "x1": 4.49984317780352,
                    "x2": 0.7169723806031394
                },
                "metrics": {
                    "outcome": 0.10209500804537552
                },
                "metadata": {
                    "trials": 1
                }
            },
            {
                "query": {
                    "x1": 4.49984317767343,
                    "x2": 0.7169701929745811
                },
                "metrics": {
                    "outcome": 0.10209533359866377
                },
                "metadata": {
                    "trials": 1
                }
            },
            {
                "query": {
                    "x1": 4.499843178428176,
                    "x2": 0.7169713474787223
                },
                "metrics": {
                    "outcome": 0.10209516172084729
                },
                "metadata": {
                    "trials": 1
                }
            }
        ],
        [
            {
                "query": {
                    "x1": 4.49984317780352,
                    "x2": 0.7169723806031394
                },
                "metrics": {
                    "outcome": 0.10209500804537552
                },
                "metadata": {
                    "trials": 1
                }
            },
            {
                "query": {
                    "x1": 4.49984317767343,
                    "x2": 0.7169701929745811
                },
                "metrics": {
                    "outcome": 0.10209533359866377
                },
                "metadata": {
                    "trials": 1
                }
            },
            {
                "query": {
                    "x1": 4.499843178428176,
                    "x2": 0.7169713474787223
                },
                "metrics": {
                    "outcome": 0.10209516172084729
                },
                "metadata": {
                    "trials": 1
                }
            }
        ],
        [
            {
                "query": {
                    "x1": 4.49984317780352,
                    "x2": 0.7169723806031394
                },
                "metrics": {
                    "outcome": 0.10209500804537552
                },
                "metadata": {
                    "trials": 1
                }
            },
            {
                "query": {
                    "x1": 4.49984317767343,
                    "x2": 0.7169701929745811
                },
                "metrics": {
                    "outcome": 0.10209533359866377
                },
                "metadata": {
                    "trials": 1
                }
            },
            {
                "query": {
                    "x1": 4.499843178428176,
                    "x2": 0.7169713474787223
                },
                "metrics": {
                    "outcome": 0.10209516172084729
                },
                "metadata": {
                    "trials": 1
                }
            }
        ],
        [
            {
                "query": {
                    "x1": 4.49984317780352,
                    "x2": 0.7169723806031394
                },
                "metrics": {
                    "outcome": 0.10209500804537552
                },
                "metadata": {
                    "trials": 1
                }
            },
            {
                "query": {
                    "x1": 4.49984317767343,
                    "x2": 0.7169701929745811
                },
                "metrics": {
                    "outcome": 0.10209533359866377
                },
                "metadata": {
                    "trials": 1
                }
            },
            {
                "query": {
                    "x1": 4.499843178428176,
                    "x2": 0.7169713474787223
                },
                "metrics": {
                    "outcome": 0.10209516172084729
                },
                "metadata": {
                    "trials": 1
                }
            }
        ],
        [
            {
                "query": {
                    "x1": 4.499842505582684,
                    "x2": 0.7169681654000746
                },
                "metrics": {
                    "outcome": 0.10209558002885519
                },
                "metadata": {
                    "trials": 1
                }
            },
            {
                "query": {
                    "x1": 4.499842505573719,
                    "x2": 0.7169684192602768
                },
                "metrics": {
                    "outcome": 0.10209554208969324
                },
                "metadata": {
                    "trials": 1
                }
            },
            {
                "query": {
                    "x1": 4.499842505612882,
                    "x2": 0.7169716346821424
                },
                "metrics": {
                    "outcome": 0.10209506274789723
                },
                "metadata": {
                    "trials": 1
                }
            }
        ],
        [
            {
                "query": {
                    "x1": 4.499842499922416,
                    "x2": 0.7169553510667281
                },
                "metrics": {
                    "outcome": 0.10209751242630036
                },
                "metadata": {
                    "trials": 1
                }
            },
            {
                "query": {
                    "x1": 4.499842500380735,
                    "x2": 0.7169562220919463
                },
                "metrics": {
                    "outcome": 0.10209737997521476
                },
                "metadata": {
                    "trials": 1
                }
            },
            {
                "query": {
                    "x1": 4.4998425003468085,
                    "x2": 0.7169560100421828
                },
                "metrics": {
                    "outcome": 0.10209741221187424
                },
                "metadata": {
                    "trials": 1
                }
            }
        ],
        [
            {
                "query": {
                    "x1": 4.49984317824523,
                    "x2": 0.7169689563451502
                },
                "metrics": {
                    "outcome": 0.1020955181330418
                },
                "metadata": {
                    "trials": 1
                }
            },
            {
                "query": {
                    "x1": 4.49984317524417,
                    "x2": 0.7169535833062746
                },
                "metrics": {
                    "outcome": 0.10209783848033023
                },
                "metadata": {
                    "trials": 1
                }
            },
            {
                "query": {
                    "x1": 4.499843175254764,
                    "x2": 0.7169513549925739
                },
                "metrics": {
                    "outcome": 0.10209817902431614
                },
                "metadata": {
                    "trials": 1
                }
            }
        ],
        [
            {
                "query": {
                    "x1": 4.49984317824523,
                    "x2": 0.7169689563451502
                },
                "metrics": {
                    "outcome": 0.1020955181330418
                },
                "metadata": {
                    "trials": 1
                }
            },
            {
                "query": {
                    "x1": 4.49984317524417,
                    "x2": 0.7169535833062746
                },
                "metrics": {
                    "outcome": 0.10209783848033023
                },
                "metadata": {
                    "trials": 1
                }
            },
            {
                "query": {
                    "x1": 4.499843175254764,
                    "x2": 0.7169513549925739
                },
                "metrics": {
                    "outcome": 0.10209817902431614
                },
                "metadata": {
                    "trials": 1
                }
            }
        ],
        [
            {
                "query": {
                    "x1": 4.49984317767894,
                    "x2": 0.7169777001632491
                },
                "metrics": {
                    "outcome": 0.10209422062482817
                },
                "metadata": {
                    "trials": 1
                }
            },
            {
                "query": {
                    "x1": 4.499843178246742,
                    "x2": 0.7169764972353541
                },
                "metrics": {
                    "outcome": 0.10209439820462927
                },
                "metadata": {
                    "trials": 1
                }
            },
            {
                "query": {
                    "x1": 4.499843175252778,
                    "x2": 0.7169588524507899
                },
                "metrics": {
                    "outcome": 0.10209703742529866
                },
                "metadata": {
                    "trials": 1
                }
            }
        ],
        [
            {
                "query": {
                    "x1": 4.49984317767894,
                    "x2": 0.7169777001632491
                },
                "metrics": {
                    "outcome": 0.10209422062482817
                },
                "metadata": {
                    "trials": 1
                }
            },
            {
                "query": {
                    "x1": 4.499843178246742,
                    "x2": 0.7169764972353541
                },
                "metrics": {
                    "outcome": 0.10209439820462927
                },
                "metadata": {
                    "trials": 1
                }
            },
            {
                "query": {
                    "x1": 4.499843175252778,
                    "x2": 0.7169588524507899
                },
                "metrics": {
                    "outcome": 0.10209703742529866
                },
                "metadata": {
                    "trials": 1
                }
            }
        ],
        [
            {
                "query": {
                    "x1": 4.49984317824523,
                    "x2": 0.7169689563451502
                },
                "metrics": {
                    "outcome": 0.1020955181330418
                },
                "metadata": {
                    "trials": 1
                }
            },
            {
                "query": {
                    "x1": 4.49984317524417,
                    "x2": 0.7169535833062746
                },
                "metrics": {
                    "outcome": 0.10209783848033023
                },
                "metadata": {
                    "trials": 1
                }
            },
            {
                "query": {
                    "x1": 4.499843175254764,
                    "x2": 0.7169513549925739
                },
                "metrics": {
                    "outcome": 0.10209817902431614
                },
                "metadata": {
                    "trials": 1
                }
            }
        ],
        [
            {
                "query": {
                    "x1": 4.49984317767894,
                    "x2": 0.7169777001632491
                },
                "metrics": {
                    "outcome": 0.10209422062482817
                },
                "metadata": {
                    "trials": 1
                }
            },
            {
                "query": {
                    "x1": 4.499843178246742,
                    "x2": 0.7169764972353541
                },
                "metrics": {
                    "outcome": 0.10209439820462927
                },
                "metadata": {
                    "trials": 1
                }
            },
            {
                "query": {
                    "x1": 4.499843175252778,
                    "x2": 0.7169588524507899
                },
                "metrics": {
                    "outcome": 0.10209703742529866
                },
                "metadata": {
                    "trials": 1
                }
            }
        ],
        [
            {
                "query": {
                    "x1": 4.499842499774148,
                    "x2": 0.7169653409838119
                },
                "metrics": {
                    "outcome": 0.10209600256581758
                },
                "metadata": {
                    "trials": 1
                }
            },
            {
                "query": {
                    "x1": 4.499775009159704,
                    "x2": 0.7169900903937068
                },
                "metrics": {
                    "outcome": 0.10208673689231912
                },
                "metadata": {
                    "trials": 1
                }
            },
            {
                "query": {
                    "x1": 4.499775009160675,
                    "x2": 0.7169903174278449
                },
                "metrics": {
                    "outcome": 0.10208670429180218
                },
                "metadata": {
                    "trials": 1
                }
            }
        ],
        [
            {
                "query": {
                    "x1": 4.499842506882059,
                    "x2": 0.7169737522792605
                },
                "metrics": {
                    "outcome": 0.1020947483709827
                },
                "metadata": {
                    "trials": 1
                }
            },
            {
                "query": {
                    "x1": 4.499842506971705,
                    "x2": 0.7169743422822314
                },
                "metrics": {
                    "outcome": 0.10209466092751004
                },
                "metadata": {
                    "trials": 1
                }
            },
            {
                "query": {
                    "x1": 4.499842506961738,
                    "x2": 0.7169740984017929
                },
                "metrics": {
                    "outcome": 0.10209469706595117
                },
                "metadata": {
                    "trials": 1
                }
            }
        ],
        [
            {
                "query": {
                    "x1": 4.499842506882059,
                    "x2": 0.7169737522792605
                },
                "metrics": {
                    "outcome": 0.1020947483709827
                },
                "metadata": {
                    "trials": 1
                }
            },
            {
                "query": {
                    "x1": 4.499842506971705,
                    "x2": 0.7169743422822314
                },
                "metrics": {
                    "outcome": 0.10209466092751004
                },
                "metadata": {
                    "trials": 1
                }
            },
            {
                "query": {
                    "x1": 4.499842506961738,
                    "x2": 0.7169740984017929
                },
                "metrics": {
                    "outcome": 0.10209469706595117
                },
                "metadata": {
                    "trials": 1
                }
            }
        ],
        [
            {
                "query": {
                    "x1": 4.499842506882059,
                    "x2": 0.7169737522792605
                },
                "metrics": {
                    "outcome": 0.1020947483709827
                },
                "metadata": {
                    "trials": 1
                }
            },
            {
                "query": {
                    "x1": 4.499842506971705,
                    "x2": 0.7169743422822314
                },
                "metrics": {
                    "outcome": 0.10209466092751004
                },
                "metadata": {
                    "trials": 1
                }
            },
            {
                "query": {
                    "x1": 4.499842506961738,
                    "x2": 0.7169740984017929
                },
                "metrics": {
                    "outcome": 0.10209469706595117
                },
                "metadata": {
                    "trials": 1
                }
            }
        ],
        [
            {
                "query": {
                    "x1": 4.499842506882059,
                    "x2": 0.7169737522792605
                },
                "metrics": {
                    "outcome": 0.1020947483709827
                },
                "metadata": {
                    "trials": 1
                }
            },
            {
                "query": {
                    "x1": 4.499842506971705,
                    "x2": 0.7169743422822314
                },
                "metrics": {
                    "outcome": 0.10209466092751004
                },
                "metadata": {
                    "trials": 1
                }
            },
            {
                "query": {
                    "x1": 4.499842506961738,
                    "x2": 0.7169740984017929
                },
                "metrics": {
                    "outcome": 0.10209469706595117
                },
                "metadata": {
                    "trials": 1
                }
            }
        ],
        [
            {
                "query": {
                    "x1": 4.499842506882059,
                    "x2": 0.7169737522792605
                },
                "metrics": {
                    "outcome": 0.1020947483709827
                },
                "metadata": {
                    "trials": 1
                }
            },
            {
                "query": {
                    "x1": 4.49984250690809,
                    "x2": 0.7169739671720157
                },
                "metrics": {
                    "outcome": 0.10209471651291199
                },
                "metadata": {
                    "trials": 1
                }
            },
            {
                "query": {
                    "x1": 4.499842506540626,
                    "x2": 0.7169720857241764
                },
                "metrics": {
                    "outcome": 0.10209499576149147
                },
                "metadata": {
                    "trials": 1
                }
            }
        ],
        [
            {
                "query": {
                    "x1": 4.499842506882059,
                    "x2": 0.7169737522792605
                },
                "metrics": {
                    "outcome": 0.1020947483709827
                },
                "metadata": {
                    "trials": 1
                }
            },
            {
                "query": {
                    "x1": 4.49984250690809,
                    "x2": 0.7169739671720157
                },
                "metrics": {
                    "outcome": 0.10209471651291199
                },
                "metadata": {
                    "trials": 1
                }
            },
            {
                "query": {
                    "x1": 4.499842506540626,
                    "x2": 0.7169720857241764
                },
                "metrics": {
                    "outcome": 0.10209499576149147
                },
                "metadata": {
                    "trials": 1
                }
            }
        ],
        [
            {
                "query": {
                    "x1": 4.499842506882059,
                    "x2": 0.7169737522792605
                },
                "metrics": {
                    "outcome": 0.1020947483709827
                },
                "metadata": {
                    "trials": 1
                }
            },
            {
                "query": {
                    "x1": 4.49984250690809,
                    "x2": 0.7169739671720157
                },
                "metrics": {
                    "outcome": 0.10209471651291199
                },
                "metadata": {
                    "trials": 1
                }
            },
            {
                "query": {
                    "x1": 4.499842506540626,
                    "x2": 0.7169720857241764
                },
                "metrics": {
                    "outcome": 0.10209499576149147
                },
                "metadata": {
                    "trials": 1
                }
            }
        ]
    ],
    "best_results": [
        {
            "query": {
                "x1": 4.499775009160675,
                "x2": 0.7169903174278449
            },
            "metrics": [
                {
                    "name": "outcome",
                    "value": 0.10208670429180218
                }
            ]
        }
    ]
}