{
    "date": "09/11/2022 18:25:10",
    "basic_params": {
        "active_variables": [
            "x1",
            "x2"
        ],
        "default_query": {},
        "metric": "basic",
        "n_trials": 1
    },
    "objective_function": {
        "name": "Gramacy2D",
        "params": {}
    },
    "optimizer": {
        "name": "BO-MCMC-250",
        "params": {
            "lower_bound": [
                -2.0,
                -2.0
            ],
            "upper_bound": [
                6.0,
                6.0
            ],
            "invert_metric": false,
            "bopt_params": {
                "n_init_samples": 15,
                "n_iterations": 45,
                "n_iter_relearn": 5,
                "verbose_level": 0,
                "n_parallel_samples": 3,
                "par_type": "PAR_MCMC",
                "l_type": "L_MCMC",
                "burnout_mcmc_parallel": 250,
                "crit_name": "cEI"
            }
        }
    },
    "execution_time": 30.575658798217773,
    "best_results": [
        {
            "query": {
                "x1": -0.707335336137545,
                "x2": 0.0013226933038024136
            },
            "metrics": [
                {
                    "name": "outcome",
                    "value": -0.4288811473420949
                }
            ]
        }
    ],
    "iterations": [
        [
            {
                "query": {
                    "x1": 3.373553348332644,
                    "x2": 2.935285447289546
                },
                "metrics": {
                    "outcome": 6.975957405550552e-09
                },
                "metadata": {
                    "trials": 1
                }
            }
        ],
        [
            {
                "query": {
                    "x1": -1.6039030991494656,
                    "x2": -1.3421314949790637
                },
                "metrics": {
                    "outcome": -0.020213956331167546
                },
                "metadata": {
                    "trials": 1
                }
            }
        ],
        [
            {
                "query": {
                    "x1": 4.541968666762114,
                    "x2": 1.9065288530041773
                },
                "metrics": {
                    "outcome": 1.3163724872267222e-10
                },
                "metadata": {
                    "trials": 1
                }
            }
        ],
        [
            {
                "query": {
                    "x1": 5.7782149340957405,
                    "x2": 2.617373091479142
                },
                "metrics": {
                    "outcome": 1.934079797161329e-17
                },
                "metadata": {
                    "trials": 1
                }
            }
        ],
        [
            {
                "query": {
                    "x1": -1.0517023558417957,
                    "x2": 0.5956475932151077
                },
                "metrics": {
                    "outcome": -0.2440300859997093
                },
                "metadata": {
                    "trials": 1
                }
            }
        ],
        [
            {
                "query": {
                    "x1": 1.8322977470854918,
                    "x2": 5.37808626194795
                },
                "metrics": {
                    "outcome": 1.7517848907721162e-14
                },
                "metadata": {
                    "trials": 1
                }
            }
        ],
        [
            {
                "query": {
                    "x1": 4.084487436711788,
                    "x2": 3.858887246251106
                },
                "metrics": {
                    "outcome": 7.919587712200376e-14
                },
                "metadata": {
                    "trials": 1
                }
            }
        ],
        [
            {
                "query": {
                    "x1": 2.6539349210759005,
                    "x2": 4.193020266418656
                },
                "metrics": {
                    "outcome": 5.3638924644056545e-11
                },
                "metadata": {
                    "trials": 1
                }
            }
        ],
        [
            {
                "query": {
                    "x1": 5.015520197153092,
                    "x2": 0.9766030341386793
                },
                "metrics": {
                    "outcome": 2.2973972066992952e-11
                },
                "metadata": {
                    "trials": 1
                }
            }
        ],
        [
            {
                "query": {
                    "x1": -0.5479862115035454,
                    "x2": -0.8851656249413888
                },
                "metrics": {
                    "outcome": -0.18538654052903367
                },
                "metadata": {
                    "trials": 1
                }
            }
        ],
        [
            {
                "query": {
                    "x1": 0.11435454487800589,
                    "x2": -0.21583269561330476
                },
                "metrics": {
                    "outcome": 0.10773160019761438
                },
                "metadata": {
                    "trials": 1
                }
            }
        ],
        [
            {
                "query": {
                    "x1": 0.16157145127654093,
                    "x2": -1.5539264123886825
                },
                "metrics": {
                    "outcome": 0.014071547327442625
                },
                "metadata": {
                    "trials": 1
                }
            }
        ],
        [
            {
                "query": {
                    "x1": 3.2917144818852346,
                    "x2": 1.2276743691414596
                },
                "metrics": {
                    "outcome": 1.4358620868649685e-05
                },
                "metadata": {
                    "trials": 1
                }
            }
        ],
        [
            {
                "query": {
                    "x1": 1.0520778793841599,
                    "x2": 4.7439545471221205
                },
                "metrics": {
                    "outcome": 5.854616848708057e-11
                },
                "metadata": {
                    "trials": 1
                }
            }
        ],
        [
            {
                "query": {
                    "x1": 1.722339378669858,
                    "x2": 5.767666433130701
                },
                "metrics": {
                    "outcome": 3.1664653661226264e-16
                },
                "metadata": {
                    "trials": 1
                }
            }
        ],
        [
            {
                "query": {
                    "x1": -1.988953548850708,
                    "x2": 4.717696668462841
                },
                "metrics": {
                    "outcome": -8.215574535338215e-12
                },
                "metadata": {
                    "trials": 1
                }
            },
            {
                "query": {
                    "x1": -1.3851071984651229,
                    "x2": 4.325645976121612
                },
                "metrics": {
                    "outcome": -1.5209091958928378e-09
                },
                "metadata": {
                    "trials": 1
                }
            },
            {
                "query": {
                    "x1": -1.0833474681850948,
                    "x2": 5.111616153153193
                },
                "metrics": {
                    "outcome": -1.5050339213844817e-12
                },
                "metadata": {
                    "trials": 1
                }
            }
        ],
        [
            {
                "query": {
                    "x1": -1.1089759814656843,
                    "x2": 0.061945401329986716
                },
                "metrics": {
                    "outcome": -0.3229596423306127
                },
                "metadata": {
                    "trials": 1
                }
            },
            {
                "query": {
                    "x1": 1.6013825058105366,
                    "x2": -1.6418526323151728
                },
                "metrics": {
                    "outcome": 0.008318788282573283
                },
                "metadata": {
                    "trials": 1
                }
            },
            {
                "query": {
                    "x1": -0.7873508277760737,
                    "x2": -1.974000443944619
                },
                "metrics": {
                    "outcome": -0.008602689173873359
                },
                "metadata": {
                    "trials": 1
                }
            }
        ],
        [
            {
                "query": {
                    "x1": 5.481423746750076,
                    "x2": 5.754213080299601
                },
                "metrics": {
                    "outcome": 2.0425273148974434e-27
                },
                "metadata": {
                    "trials": 1
                }
            },
            {
                "query": {
                    "x1": -1.1958695527089023,
                    "x2": 0.15494897744556102
                },
                "metrics": {
                    "outcome": -0.2793640266016468
                },
                "metadata": {
                    "trials": 1
                }
            },
            {
                "query": {
                    "x1": -1.2104076121566418,
                    "x2": -1.8480959946313058
                },
                "metrics": {
                    "outcome": -0.009190469824175262
                },
                "metadata": {
                    "trials": 1
                }
            }
        ],
        [
            {
                "query": {
                    "x1": 5.546866226940483,
                    "x2": -1.9866225091010217
                },
                "metrics": {
                    "outcome": 4.653481206970162e-15
                },
                "metadata": {
                    "trials": 1
                }
            },
            {
                "query": {
                    "x1": -0.21064026676260128,
                    "x2": -0.886215522918578
                },
                "metrics": {
                    "outcome": -0.09187275359634606
                },
                "metadata": {
                    "trials": 1
                }
            },
            {
                "query": {
                    "x1": -1.9768778079705838,
                    "x2": -1.1913213172573305
                },
                "metrics": {
                    "outcome": -0.009602098476318278
                },
                "metadata": {
                    "trials": 1
                }
            }
        ],
        [
            {
                "query": {
                    "x1": -0.9679330592667572,
                    "x2": -0.1172953468678053
                },
                "metrics": {
                    "outcome": -0.3740952056634597
                },
                "metadata": {
                    "trials": 1
                }
            },
            {
                "query": {
                    "x1": -1.1238888948211647,
                    "x2": -0.3500231689728581
                },
                "metrics": {
                    "outcome": -0.2811554476392494
                },
                "metadata": {
                    "trials": 1
                }
            },
            {
                "query": {
                    "x1": 4.453902997026695,
                    "x2": -0.9478494629405361
                },
                "metrics": {
                    "outcome": 4.398995042388399e-09
                },
                "metadata": {
                    "trials": 1
                }
            }
        ],
        [
            {
                "query": {
                    "x1": 3.1168616759136736,
                    "x2": -1.5765218870869289
                },
                "metrics": {
                    "outcome": 1.5675346839682803e-05
                },
                "metadata": {
                    "trials": 1
                }
            },
            {
                "query": {
                    "x1": 3.235013662506316,
                    "x2": -1.940566478562152
                },
                "metrics": {
                    "outcome": 2.1349261478834738e-06
                },
                "metadata": {
                    "trials": 1
                }
            },
            {
                "query": {
                    "x1": 3.2232688492902897,
                    "x2": 5.848468121260359
                },
                "metrics": {
                    "outcome": 1.3846831513646418e-19
                },
                "metadata": {
                    "trials": 1
                }
            }
        ],
        [
            {
                "query": {
                    "x1": -0.01141655316581458,
                    "x2": 5.939010561200396
                },
                "metrics": {
                    "outcome": -5.484160046211313e-18
                },
                "metadata": {
                    "trials": 1
                }
            },
            {
                "query": {
                    "x1": 2.007892937482471,
                    "x2": 1.6744949303257703
                },
                "metrics": {
                    "outcome": 0.002158198490074512
                },
                "metadata": {
                    "trials": 1
                }
            },
            {
                "query": {
                    "x1": 5.882899149812714,
                    "x2": 1.0452297262163999
                },
                "metrics": {
                    "outcome": 1.8400973918370343e-15
                },
                "metadata": {
                    "trials": 1
                }
            }
        ],
        [
            {
                "query": {
                    "x1": 0.22546913019109915,
                    "x2": 2.920105118045596
                },
                "metrics": {
                    "outcome": 4.243987228818289e-05
                },
                "metadata": {
                    "trials": 1
                }
            },
            {
                "query": {
                    "x1": -1.9332775028081173,
                    "x2": 2.655943035176759
                },
                "metrics": {
                    "outcome": -3.977076122044302e-05
                },
                "metadata": {
                    "trials": 1
                }
            },
            {
                "query": {
                    "x1": 1.9370512197440548,
                    "x2": 0.5238441603777573
                },
                "metrics": {
                    "outcome": 0.03454773440243768
                },
                "metadata": {
                    "trials": 1
                }
            }
        ],
        [
            {
                "query": {
                    "x1": 5.869218865855136,
                    "x2": 3.9920264179901563
                },
                "metrics": {
                    "outcome": 7.710542755157227e-22
                },
                "metadata": {
                    "trials": 1
                }
            },
            {
                "query": {
                    "x1": 5.812457136529396,
                    "x2": 3.963707169489571
                },
                "metrics": {
                    "outcome": 1.8564347735960586e-21
                },
                "metadata": {
                    "trials": 1
                }
            },
            {
                "query": {
                    "x1": 5.3643729945298055,
                    "x2": 3.672455896947594
                },
                "metrics": {
                    "outcome": 2.3699793311316908e-18
                },
                "metadata": {
                    "trials": 1
                }
            }
        ],
        [
            {
                "query": {
                    "x1": -0.8268146768807203,
                    "x2": 0.03772121832005171
                },
                "metrics": {
                    "outcome": -0.4167702783940674
                },
                "metadata": {
                    "trials": 1
                }
            },
            {
                "query": {
                    "x1": -0.5875674779548803,
                    "x2": 0.048686138743156526
                },
                "metrics": {
                    "outcome": -0.4150442803844668
                },
                "metadata": {
                    "trials": 1
                }
            },
            {
                "query": {
                    "x1": -0.631073090441618,
                    "x2": -0.22864440277457931
                },
                "metrics": {
                    "outcome": -0.4021761513762378
                },
                "metadata": {
                    "trials": 1
                }
            }
        ],
        [
            {
                "query": {
                    "x1": 2.250445143548804,
                    "x2": -1.9795356323306694
                },
                "metrics": {
                    "outcome": 0.0002824704469084086
                },
                "metadata": {
                    "trials": 1
                }
            },
            {
                "query": {
                    "x1": -0.6688930389823777,
                    "x2": 0.03581538209159563
                },
                "metrics": {
                    "outcome": -0.4270595761999117
                },
                "metadata": {
                    "trials": 1
                }
            },
            {
                "query": {
                    "x1": 4.5121834564945615,
                    "x2": 5.585238974826424
                },
                "metrics": {
                    "outcome": 1.8385169991800293e-22
                },
                "metadata": {
                    "trials": 1
                }
            }
        ],
        [
            {
                "query": {
                    "x1": -0.7464261171225908,
                    "x2": 0.03289996863579203
                },
                "metrics": {
                    "outcome": -0.42711883791739913
                },
                "metadata": {
                    "trials": 1
                }
            },
            {
                "query": {
                    "x1": 5.583058668129079,
                    "x2": -0.5907444266255084
                },
                "metrics": {
                    "outcome": 1.1431869293589306e-13
                },
                "metadata": {
                    "trials": 1
                }
            },
            {
                "query": {
                    "x1": 1.1018150174019499,
                    "x2": 2.78360243477092
                },
                "metrics": {
                    "outcome": 0.00014117927637044266
                },
                "metadata": {
                    "trials": 1
                }
            }
        ],
        [
            {
                "query": {
                    "x1": -0.6991492447032055,
                    "x2": 0.02426103740306429
                },
                "metrics": {
                    "outcome": -0.42857509213530914
                },
                "metadata": {
                    "trials": 1
                }
            },
            {
                "query": {
                    "x1": -0.3433264811537451,
                    "x2": 4.211825859187442
                },
                "metrics": {
                    "outcome": -6.030574330552441e-09
                },
                "metadata": {
                    "trials": 1
                }
            },
            {
                "query": {
                    "x1": -0.7299581486437721,
                    "x2": 0.0024446352944509364
                },
                "metrics": {
                    "outcome": -0.4284364105294678
                },
                "metadata": {
                    "trials": 1
                }
            }
        ],
        [
            {
                "query": {
                    "x1": -0.7218312790522603,
                    "x2": 0.0020399671943152065
                },
                "metrics": {
                    "outcome": -0.4286954967756329
                },
                "metadata": {
                    "trials": 1
                }
            },
            {
                "query": {
                    "x1": -0.6857615027226946,
                    "x2": -0.029353946958536437
                },
                "metrics": {
                    "outcome": -0.42811823643719077
                },
                "metadata": {
                    "trials": 1
                }
            },
            {
                "query": {
                    "x1": -0.7005981860751316,
                    "x2": -0.018726371445582313
                },
                "metrics": {
                    "outcome": -0.42869513545501287
                },
                "metadata": {
                    "trials": 1
                }
            }
        ],
        [
            {
                "query": {
                    "x1": -0.7115679157696717,
                    "x2": 0.06322873472234036
                },
                "metrics": {
                    "outcome": -0.427153782890863
                },
                "metadata": {
                    "trials": 1
                }
            },
            {
                "query": {
                    "x1": -0.6939314711216524,
                    "x2": -0.004863634049785404
                },
                "metrics": {
                    "outcome": -0.42872199102913927
                },
                "metadata": {
                    "trials": 1
                }
            },
            {
                "query": {
                    "x1": -0.7262189442782547,
                    "x2": -0.0719830497515721
                },
                "metrics": {
                    "outcome": -0.42635657685440453
                },
                "metadata": {
                    "trials": 1
                }
            }
        ],
        [
            {
                "query": {
                    "x1": -0.6948072977474129,
                    "x2": -0.02280444204604004
                },
                "metrics": {
                    "outcome": -0.42852852879668335
                },
                "metadata": {
                    "trials": 1
                }
            },
            {
                "query": {
                    "x1": -0.6960033544030275,
                    "x2": 0.014489584240004127
                },
                "metrics": {
                    "outcome": -0.4286856340200262
                },
                "metadata": {
                    "trials": 1
                }
            },
            {
                "query": {
                    "x1": -0.7077631159443922,
                    "x2": -0.006438023041060559
                },
                "metrics": {
                    "outcome": -0.4288637971158676
                },
                "metadata": {
                    "trials": 1
                }
            }
        ],
        [
            {
                "query": {
                    "x1": -1.9040898074633412,
                    "x2": 5.783021945862977
                },
                "metrics": {
                    "outcome": -1.5165905704833064e-16
                },
                "metadata": {
                    "trials": 1
                }
            },
            {
                "query": {
                    "x1": -0.702720944596035,
                    "x2": 0.009844874986526975
                },
                "metrics": {
                    "outcome": -0.42882384466405066
                },
                "metadata": {
                    "trials": 1
                }
            },
            {
                "query": {
                    "x1": -1.1783475830258072,
                    "x2": 2.2353608073340876
                },
                "metrics": {
                    "outcome": -0.001986804198195341
                },
                "metadata": {
                    "trials": 1
                }
            }
        ],
        [
            {
                "query": {
                    "x1": -0.6998589902999648,
                    "x2": -0.029029356097178383
                },
                "metrics": {
                    "outcome": -0.428475500983886
                },
                "metadata": {
                    "trials": 1
                }
            },
            {
                "query": {
                    "x1": -0.7166491872351808,
                    "x2": -0.011093963040792243
                },
                "metrics": {
                    "outcome": -0.42875141924666127
                },
                "metadata": {
                    "trials": 1
                }
            },
            {
                "query": {
                    "x1": -0.7230379054260265,
                    "x2": -0.005201149923017123
                },
                "metrics": {
                    "outcome": -0.4286543075218344
                },
                "metadata": {
                    "trials": 1
                }
            }
        ],
        [
            {
                "query": {
                    "x1": -0.6985762939062523,
                    "x2": 0.015469678236282203
                },
                "metrics": {
                    "outcome": -0.4287166660899768
                },
                "metadata": {
                    "trials": 1
                }
            },
            {
                "query": {
                    "x1": -0.7127345546923658,
                    "x2": 0.0059860124153297
                },
                "metrics": {
                    "outcome": -0.42883948142620787
                },
                "metadata": {
                    "trials": 1
                }
            },
            {
                "query": {
                    "x1": -0.7191258282606054,
                    "x2": -0.015134587110741782
                },
                "metrics": {
                    "outcome": -0.4286605445858514
                },
                "metadata": {
                    "trials": 1
                }
            }
        ],
        [
            {
                "query": {
                    "x1": -0.7146821423331406,
                    "x2": 0.00847206474621176
                },
                "metrics": {
                    "outcome": -0.42880211719006667
                },
                "metadata": {
                    "trials": 1
                }
            },
            {
                "query": {
                    "x1": -0.702354862809881,
                    "x2": 0.005851419652089351
                },
                "metrics": {
                    "outcome": -0.4288478467579354
                },
                "metadata": {
                    "trials": 1
                }
            },
            {
                "query": {
                    "x1": -0.7059084570831711,
                    "x2": 0.0035705203709874844
                },
                "metrics": {
                    "outcome": -0.428875242452582
                },
                "metadata": {
                    "trials": 1
                }
            }
        ],
        [
            {
                "query": {
                    "x1": -0.7039190408169576,
                    "x2": 0.0030948357686222394
                },
                "metrics": {
                    "outcome": -0.42886910536545836
                },
                "metadata": {
                    "trials": 1
                }
            },
            {
                "query": {
                    "x1": -0.7043244943902152,
                    "x2": 0.02388374634455026
                },
                "metrics": {
                    "outcome": -0.4286307187416032
                },
                "metadata": {
                    "trials": 1
                }
            },
            {
                "query": {
                    "x1": -0.6960759408807347,
                    "x2": -0.015406412794190194
                },
                "metrics": {
                    "outcome": -0.4286752725302316
                },
                "metadata": {
                    "trials": 1
                }
            }
        ],
        [
            {
                "query": {
                    "x1": 4.912826649354884,
                    "x2": -1.788747645752283
                },
                "metrics": {
                    "outcome": 6.602093248586137e-12
                },
                "metadata": {
                    "trials": 1
                }
            },
            {
                "query": {
                    "x1": -0.7181350610216759,
                    "x2": 0.012113704281576876
                },
                "metrics": {
                    "outcome": -0.42871525227133206
                },
                "metadata": {
                    "trials": 1
                }
            },
            {
                "query": {
                    "x1": -0.7280347186700635,
                    "x2": 0.01080506656732938
                },
                "metrics": {
                    "outcome": -0.42846002215086454
                },
                "metadata": {
                    "trials": 1
                }
            }
        ],
        [
            {
                "query": {
                    "x1": -0.6948169586313007,
                    "x2": 0.01276733623288795
                },
                "metrics": {
                    "outcome": -0.4286817624272886
                },
                "metadata": {
                    "trials": 1
                }
            },
            {
                "query": {
                    "x1": -0.6940119629145021,
                    "x2": 0.012193990147117528
                },
                "metrics": {
                    "outcome": -0.42867021766756463
                },
                "metadata": {
                    "trials": 1
                }
            },
            {
                "query": {
                    "x1": 1.7454650997137064,
                    "x2": 3.2637867368998643
                },
                "metrics": {
                    "outcome": 1.9612447194301077e-06
                },
                "metadata": {
                    "trials": 1
                }
            }
        ],
        [
            {
                "query": {
                    "x1": -0.7012780567740988,
                    "x2": 0.00212793436273806
                },
                "metrics": {
                    "outcome": -0.42885077932521265
                },
                "metadata": {
                    "trials": 1
                }
            },
            {
                "query": {
                    "x1": -0.7202303760342916,
                    "x2": -0.006707991236821087
                },
                "metrics": {
                    "outcome": -0.4287158460021803
                },
                "metadata": {
                    "trials": 1
                }
            },
            {
                "query": {
                    "x1": -0.7026455373609082,
                    "x2": 0.0070063045518380385
                },
                "metrics": {
                    "outcome": -0.42884378320321226
                },
                "metadata": {
                    "trials": 1
                }
            }
        ],
        [
            {
                "query": {
                    "x1": -0.7035365063687766,
                    "x2": -0.0024118467412233002
                },
                "metrics": {
                    "outcome": -0.42886849561274926
                },
                "metadata": {
                    "trials": 1
                }
            },
            {
                "query": {
                    "x1": -0.7094846183228074,
                    "x2": -0.017530996545992883
                },
                "metrics": {
                    "outcome": -0.4287453089891585
                },
                "metadata": {
                    "trials": 1
                }
            },
            {
                "query": {
                    "x1": -0.7052908584755446,
                    "x2": -0.012035766733589304
                },
                "metrics": {
                    "outcome": -0.42881698873112944
                },
                "metadata": {
                    "trials": 1
                }
            }
        ],
        [
            {
                "query": {
                    "x1": -0.689747391985478,
                    "x2": 0.009642107544401313
                },
                "metrics": {
                    "outcome": -0.4285815337214848
                },
                "metadata": {
                    "trials": 1
                }
            },
            {
                "query": {
                    "x1": -0.7170014591034013,
                    "x2": -0.0076440221341151915
                },
                "metrics": {
                    "outcome": -0.4287733047815012
                },
                "metadata": {
                    "trials": 1
                }
            },
            {
                "query": {
                    "x1": -0.698861835550669,
                    "x2": -0.013927934015067311
                },
                "metrics": {
                    "outcome": -0.42874022955255453
                },
                "metadata": {
                    "trials": 1
                }
            }
        ],
        [
            {
                "query": {
                    "x1": -0.7182951540791334,
                    "x2": 0.019204636816937626
                },
                "metrics": {
                    "outcome": -0.4286170299857446
                },
                "metadata": {
                    "trials": 1
                }
            },
            {
                "query": {
                    "x1": -0.7048806105409136,
                    "x2": -0.007646270268276911
                },
                "metrics": {
                    "outcome": -0.42885261329937024
                },
                "metadata": {
                    "trials": 1
                }
            },
            {
                "query": {
                    "x1": -0.7203153036178012,
                    "x2": -0.009600060145935396
                },
                "metrics": {
                    "outcome": -0.4286937266460298
                },
                "metadata": {
                    "trials": 1
                }
            }
        ],
        [
            {
                "query": {
                    "x1": -0.7197458983991025,
                    "x2": 0.0004817980442988201
                },
                "metrics": {
                    "outcome": -0.42874564476144206
                },
                "metadata": {
                    "trials": 1
                }
            },
            {
                "query": {
                    "x1": -0.7192344185760975,
                    "x2": -0.005806730934200255
                },
                "metrics": {
                    "outcome": -0.42874205674907245
                },
                "metadata": {
                    "trials": 1
                }
            },
            {
                "query": {
                    "x1": -0.7125282105201081,
                    "x2": 0.037978237979286344
                },
                "metrics": {
                    "outcome": -0.42823868172484414
                },
                "metadata": {
                    "trials": 1
                }
            }
        ],
        [
            {
                "query": {
                    "x1": -0.7032681064923578,
                    "x2": 0.011392164842608299
                },
                "metrics": {
                    "outcome": -0.4288136245351715
                },
                "metadata": {
                    "trials": 1
                }
            },
            {
                "query": {
                    "x1": -0.716465833616966,
                    "x2": -0.007271037883886722
                },
                "metrics": {
                    "outcome": -0.4287844745178925
                },
                "metadata": {
                    "trials": 1
                }
            },
            {
                "query": {
                    "x1": -0.7105893154612382,
                    "x2": -0.0005780811910534034
                },
                "metrics": {
                    "outcome": -0.4288714133033611
                },
                "metadata": {
                    "trials": 1
                }
            }
        ],
        [
            {
                "query": {
                    "x1": -0.7052074932370826,
                    "x2": -0.002057309727747203
                },
                "metrics": {
                    "outcome": -0.42887703027259605
                },
                "metadata": {
                    "trials": 1
                }
            },
            {
                "query": {
                    "x1": -0.7072250848168418,
                    "x2": 0.02211626022517077
                },
                "metrics": {
                    "outcome": -0.4286722031966612
                },
                "metadata": {
                    "trials": 1
                }
            },
            {
                "query": {
                    "x1": -0.7113068213786635,
                    "x2": -0.003234800707381691
                },
                "metrics": {
                    "outcome": -0.42886235371595105
                },
                "metadata": {
                    "trials": 1
                }
            }
        ],
        [
            {
                "query": {
                    "x1": -0.7008538376323445,
                    "x2": 0.009197724847377131
                },
                "metrics": {
                    "outcome": -0.4288120280747323
                },
                "metadata": {
                    "trials": 1
                }
            },
            {
                "query": {
                    "x1": -0.721554177276261,
                    "x2": 0.007823226445665465
                },
                "metrics": {
                    "outcome": -0.428677904494327
                },
                "metadata": {
                    "trials": 1
                }
            },
            {
                "query": {
                    "x1": -0.6963141478475388,
                    "x2": -0.01936110014326564
                },
                "metrics": {
                    "outcome": -0.42862082730309803
                },
                "metadata": {
                    "trials": 1
                }
            }
        ],
        [
            {
                "query": {
                    "x1": -0.6943493373147305,
                    "x2": 0.02074987068235723
                },
                "metrics": {
                    "outcome": -0.4285569532976075
                },
                "metadata": {
                    "trials": 1
                }
            },
            {
                "query": {
                    "x1": -0.6953452420619084,
                    "x2": -0.009119127178443431
                },
                "metrics": {
                    "outcome": -0.4287269813623738
                },
                "metadata": {
                    "trials": 1
                }
            },
            {
                "query": {
                    "x1": -0.7051164884601542,
                    "x2": -0.0014090597094664759
                },
                "metrics": {
                    "outcome": -0.4288776899532244
                },
                "metadata": {
                    "trials": 1
                }
            }
        ],
        [
            {
                "query": {
                    "x1": -0.6963285027146491,
                    "x2": -0.0009887526883143316
                },
                "metrics": {
                    "outcome": -0.4287813752884325
                },
                "metadata": {
                    "trials": 1
                }
            },
            {
                "query": {
                    "x1": -0.6999525837978857,
                    "x2": -0.02439759589292656
                },
                "metrics": {
                    "outcome": -0.42858270635062884
                },
                "metadata": {
                    "trials": 1
                }
            },
            {
                "query": {
                    "x1": -0.7005003658078017,
                    "x2": 0.01881356446992033
                },
                "metrics": {
                    "outcome": -0.4286926271426019
                },
                "metadata": {
                    "trials": 1
                }
            }
        ],
        [
            {
                "query": {
                    "x1": -0.6954932782453536,
                    "x2": 0.026328007148189947
                },
                "metrics": {
                    "outcome": -0.42846852551609377
                },
                "metadata": {
                    "trials": 1
                }
            },
            {
                "query": {
                    "x1": -0.7012354209268754,
                    "x2": 0.016790992580792086
                },
                "metrics": {
                    "outcome": -0.42873139909512675
                },
                "metadata": {
                    "trials": 1
                }
            },
            {
                "query": {
                    "x1": -0.7025332575943839,
                    "x2": -0.002965392511147913
                },
                "metrics": {
                    "outcome": -0.4288601908164416
                },
                "metadata": {
                    "trials": 1
                }
            }
        ],
        [
            {
                "query": {
                    "x1": -0.7035743367512661,
                    "x2": -0.0174786469949455
                },
                "metrics": {
                    "outcome": -0.42874021992959743
                },
                "metadata": {
                    "trials": 1
                }
            },
            {
                "query": {
                    "x1": -0.7098901300145097,
                    "x2": 0.009100366339201305
                },
                "metrics": {
                    "outcome": -0.42883978954891927
                },
                "metadata": {
                    "trials": 1
                }
            },
            {
                "query": {
                    "x1": -0.6926941609297443,
                    "x2": -0.017847229657529384
                },
                "metrics": {
                    "outcome": -0.42856604264937553
                },
                "metadata": {
                    "trials": 1
                }
            }
        ],
        [
            {
                "query": {
                    "x1": -0.7017959697172134,
                    "x2": -0.007666938153262137
                },
                "metrics": {
                    "outcome": -0.4288324809195539
                },
                "metadata": {
                    "trials": 1
                }
            },
            {
                "query": {
                    "x1": -0.7171285498192208,
                    "x2": 0.023189476349650295
                },
                "metrics": {
                    "outcome": -0.4285656795840053
                },
                "metadata": {
                    "trials": 1
                }
            },
            {
                "query": {
                    "x1": -0.7069731845643599,
                    "x2": 0.01168609320606695
                },
                "metrics": {
                    "outcome": -0.42882336100546165
                },
                "metadata": {
                    "trials": 1
                }
            }
        ],
        [
            {
                "query": {
                    "x1": -0.7139514128979947,
                    "x2": 0.003395336975235974
                },
                "metrics": {
                    "outcome": -0.42883694391753935
                },
                "metadata": {
                    "trials": 1
                }
            },
            {
                "query": {
                    "x1": -0.6985821451868552,
                    "x2": 0.03550210033477752
                },
                "metrics": {
                    "outcome": -0.4282792179880289
                },
                "metadata": {
                    "trials": 1
                }
            },
            {
                "query": {
                    "x1": -0.6995785313992751,
                    "x2": -0.013824184983332266
                },
                "metrics": {
                    "outcome": -0.42875121231086405
                },
                "metadata": {
                    "trials": 1
                }
            }
        ],
        [
            {
                "query": {
                    "x1": -0.7190972441235544,
                    "x2": 0.0038130118537074154
                },
                "metrics": {
                    "outcome": -0.4287530928673648
                },
                "metadata": {
                    "trials": 1
                }
            },
            {
                "query": {
                    "x1": -0.7119208602852076,
                    "x2": 0.0070542251833205505
                },
                "metrics": {
                    "outcome": -0.42884076829293
                },
                "metadata": {
                    "trials": 1
                }
            },
            {
                "query": {
                    "x1": -0.707335336137545,
                    "x2": 0.0013226933038024136
                },
                "metrics": {
                    "outcome": -0.4288811473420949
                },
                "metadata": {
                    "trials": 1
                }
            }
        ],
        [
            {
                "query": {
                    "x1": -0.7042810035903699,
                    "x2": -0.0032511438383318048
                },
                "metrics": {
                    "outcome": -0.42887055096468146
                },
                "metadata": {
                    "trials": 1
                }
            },
            {
                "query": {
                    "x1": -0.7046445287627245,
                    "x2": 0.006770418728440308
                },
                "metrics": {
                    "outcome": -0.4288570774604344
                },
                "metadata": {
                    "trials": 1
                }
            },
            {
                "query": {
                    "x1": -0.7179195983562496,
                    "x2": -0.010620657227700336
                },
                "metrics": {
                    "outcome": -0.42873380908876135
                },
                "metadata": {
                    "trials": 1
                }
            }
        ],
        [
            {
                "query": {
                    "x1": -0.7234929587337195,
                    "x2": 0.0003435656423835809
                },
                "metrics": {
                    "outcome": -0.4286533860473454
                },
                "metadata": {
                    "trials": 1
                }
            },
            {
                "query": {
                    "x1": -0.7002531709209197,
                    "x2": -0.012562254813009543
                },
                "metrics": {
                    "outcome": -0.4287738521497742
                },
                "metadata": {
                    "trials": 1
                }
            },
            {
                "query": {
                    "x1": -0.7178587105846463,
                    "x2": -0.011873953760313416
                },
                "metrics": {
                    "outcome": -0.4287228396113898
                },
                "metadata": {
                    "trials": 1
                }
            }
        ],
        [
            {
                "query": {
                    "x1": -0.7037489272050037,
                    "x2": 0.012034396179767537
                },
                "metrics": {
                    "outcome": -0.4288101481286164
                },
                "metadata": {
                    "trials": 1
                }
            },
            {
                "query": {
                    "x1": -0.7091278972201664,
                    "x2": -0.01363956118467291
                },
                "metrics": {
                    "outcome": -0.428798661830266
                },
                "metadata": {
                    "trials": 1
                }
            },
            {
                "query": {
                    "x1": -0.7014625593854609,
                    "x2": 0.000761868891854256
                },
                "metrics": {
                    "outcome": -0.42885429529510116
                },
                "metadata": {
                    "trials": 1
                }
            }
        ],
        [
            {
                "query": {
                    "x1": -0.7048400431302453,
                    "x2": -0.012016301832358023
                },
                "metrics": {
                    "outcome": -0.4288156087009459
                },
                "metadata": {
                    "trials": 1
                }
            },
            {
                "query": {
                    "x1": -0.32291807374591297,
                    "x2": 1.6270861896312314
                },
                "metrics": {
                    "outcome": -0.020608695503590877
                },
                "metadata": {
                    "trials": 1
                }
            },
            {
                "query": {
                    "x1": -0.7222973180817762,
                    "x2": 0.0008501619193368448
                },
                "metrics": {
                    "outcome": -0.4286851414885742
                },
                "metadata": {
                    "trials": 1
                }
            }
        ],
        [
            {
                "query": {
                    "x1": -0.7147630176751028,
                    "x2": 0.0045387556593152745
                },
                "metrics": {
                    "outcome": -0.42882301107501625
                },
                "metadata": {
                    "trials": 1
                }
            },
            {
                "query": {
                    "x1": -0.7166682796734649,
                    "x2": 0.0041893262956813615
                },
                "metrics": {
                    "outcome": -0.42879635515404324
                },
                "metadata": {
                    "trials": 1
                }
            },
            {
                "query": {
                    "x1": -0.7152149382893245,
                    "x2": -0.008750602276302644
                },
                "metrics": {
                    "outcome": -0.42879293333219526
                },
                "metadata": {
                    "trials": 1
                }
            }
        ],
        [
            {
                "query": {
                    "x1": -0.7126569275236951,
                    "x2": -0.0008894511681960537
                },
                "metrics": {
                    "outcome": -0.4288552500739865
                },
                "metadata": {
                    "trials": 1
                }
            },
            {
                "query": {
                    "x1": -0.7071908850026161,
                    "x2": 0.015337447737020504
                },
                "metrics": {
                    "outcome": -0.42878105924867954
                },
                "metadata": {
                    "trials": 1
                }
            },
            {
                "query": {
                    "x1": -0.7037447670230841,
                    "x2": 0.01120602335521026
                },
                "metrics": {
                    "outcome": -0.42881837951290047
                },
                "metadata": {
                    "trials": 1
                }
            }
        ],
        [
            {
                "query": {
                    "x1": -0.706250116518288,
                    "x2": -0.015953096006800616
                },
                "metrics": {
                    "outcome": -0.42877217578407745
                },
                "metadata": {
                    "trials": 1
                }
            },
            {
                "query": {
                    "x1": -0.7126195172132439,
                    "x2": -0.010713108530673754
                },
                "metrics": {
                    "outcome": -0.42880672568143957
                },
                "metadata": {
                    "trials": 1
                }
            },
            {
                "query": {
                    "x1": -0.7068201434068615,
                    "x2": -0.0026059204050183915
                },
                "metrics": {
                    "outcome": -0.42887895954570776
                },
                "metadata": {
                    "trials": 1
                }
            }
        ]
    ]
}