{
    "date": "04/11/2022 16:31:15",
    "basic_params": {
        "active_variables": [
            "x"
        ],
        "default_query": {},
        "metric": "basic",
        "n_trials": 1
    },
    "objective_function": {
        "name": "Gramacy1D",
        "params": {}
    },
    "optimizer": {
        "name": "BBO-LP(LCBa)-FoD",
        "params": {
            "lower_bound": [
                0.5
            ],
            "upper_bound": [
                2.5
            ],
            "invert_metric": false,
            "bopt_params": {
                "n_init_samples": 15,
                "n_iterations": 45,
                "n_iter_relearn": 5,
                "verbose_level": 0,
                "n_parallel_samples": 3,
                "fixed_dataset_size": 50,
                "par_type": "PAR_BBO",
                "crit_name": "cLP(cLCBa)",
                "n_crit_params": 3,
                "crit_params": [
                    3,
                    1,
                    5.0
                ]
            }
        }
    },
    "iterations": [
        [
            {
                "query": {
                    "x": 2.415455557250728
                },
                "metrics": {
                    "outcome": 4.110676179897061
                },
                "metadata": {
                    "trials": 1
                }
            }
        ],
        [
            {
                "query": {
                    "x": 0.7721633630183835
                },
                "metrics": {
                    "outcome": -0.49411200805743616
                },
                "metadata": {
                    "trials": 1
                }
            }
        ],
        [
            {
                "query": {
                    "x": 1.2758401757106186
                },
                "metrics": {
                    "outcome": 0.27549344621847693
                },
                "metadata": {
                    "trials": 1
                }
            }
        ],
        [
            {
                "query": {
                    "x": 1.597265418060124
                },
                "metrics": {
                    "outcome": 0.10039383419178466
                },
                "metadata": {
                    "trials": 1
                }
            }
        ],
        [
            {
                "query": {
                    "x": 2.0436024399784705
                },
                "metrics": {
                    "outcome": 1.4258929385482288
                },
                "metadata": {
                    "trials": 1
                }
            }
        ],
        [
            {
                "query": {
                    "x": 1.0055420452728867
                },
                "metrics": {
                    "outcome": 0.08613770795051555
                },
                "metadata": {
                    "trials": 1
                }
            }
        ],
        [
            {
                "query": {
                    "x": 2.1392912579079466
                },
                "metrics": {
                    "outcome": 1.4641439537118968
                },
                "metadata": {
                    "trials": 1
                }
            }
        ],
        [
            {
                "query": {
                    "x": 1.8404790570338567
                },
                "metrics": {
                    "outcome": 0.7586142331395493
                },
                "metadata": {
                    "trials": 1
                }
            }
        ],
        [
            {
                "query": {
                    "x": 0.5043871376663447
                },
                "metrics": {
                    "outcome": -0.07585990578965351
                },
                "metadata": {
                    "trials": 1
                }
            }
        ],
        [
            {
                "query": {
                    "x": 0.6694015868318578
                },
                "metrics": {
                    "outcome": 0.6243757218256586
                },
                "metadata": {
                    "trials": 1
                }
            }
        ],
        [
            {
                "query": {
                    "x": 1.4402742395177484
                },
                "metrics": {
                    "outcome": 0.36865154979147696
                },
                "metadata": {
                    "trials": 1
                }
            }
        ],
        [
            {
                "query": {
                    "x": 1.760964600990216
                },
                "metrics": {
                    "outcome": 0.06806268174493535
                },
                "metadata": {
                    "trials": 1
                }
            }
        ],
        [
            {
                "query": {
                    "x": 1.0700991430009403
                },
                "metrics": {
                    "outcome": 0.3771771988005119
                },
                "metadata": {
                    "trials": 1
                }
            }
        ],
        [
            {
                "query": {
                    "x": 1.3731921605455377
                },
                "metrics": {
                    "outcome": -0.25227135283430757
                },
                "metadata": {
                    "trials": 1
                }
            }
        ],
        [
            {
                "query": {
                    "x": 2.3154567886764807
                },
                "metrics": {
                    "outcome": 2.8935904361285965
                },
                "metadata": {
                    "trials": 1
                }
            }
        ],
        [
            {
                "query": {
                    "x": 0.8197410475758442
                },
                "metrics": {
                    "outcome": 0.35554845319888834
                },
                "metadata": {
                    "trials": 1
                }
            },
            {
                "query": {
                    "x": 0.8685801079622849
                },
                "metrics": {
                    "outcome": 0.4806356867449699
                },
                "metadata": {
                    "trials": 1
                }
            },
            {
                "query": {
                    "x": 0.7771587074781161
                },
                "metrics": {
                    "outcome": -0.4205902790113006
                },
                "metadata": {
                    "trials": 1
                }
            }
        ],
        [
            {
                "query": {
                    "x": 1.6785199860314515
                },
                "metrics": {
                    "outcome": 0.3980605710827595
                },
                "metadata": {
                    "trials": 1
                }
            },
            {
                "query": {
                    "x": 0.7419751849401128
                },
                "metrics": {
                    "outcome": -0.6481425819209755
                },
                "metadata": {
                    "trials": 1
                }
            },
            {
                "query": {
                    "x": 0.7580606621468698
                },
                "metrics": {
                    "outcome": -0.6351159047796548
                },
                "metadata": {
                    "trials": 1
                }
            }
        ],
        [
            {
                "query": {
                    "x": 0.7488492233082884
                },
                "metrics": {
                    "outcome": -0.6632761845972679
                },
                "metadata": {
                    "trials": 1
                }
            },
            {
                "query": {
                    "x": 0.7548240899751812
                },
                "metrics": {
                    "outcome": -0.651199982140775
                },
                "metadata": {
                    "trials": 1
                }
            },
            {
                "query": {
                    "x": 0.7428665186137319
                },
                "metrics": {
                    "outcome": -0.6518657433021604
                },
                "metadata": {
                    "trials": 1
                }
            }
        ],
        [
            {
                "query": {
                    "x": 0.7486965098043784
                },
                "metrics": {
                    "outcome": -0.6632791122876363
                },
                "metadata": {
                    "trials": 1
                }
            },
            {
                "query": {
                    "x": 0.7529457160908554
                },
                "metrics": {
                    "outcome": -0.6574916235133317
                },
                "metadata": {
                    "trials": 1
                }
            },
            {
                "query": {
                    "x": 0.7444765941244113
                },
                "metrics": {
                    "outcome": -0.6572638611341476
                },
                "metadata": {
                    "trials": 1
                }
            }
        ],
        [
            {
                "query": {
                    "x": 1.1740824718389837
                },
                "metrics": {
                    "outcome": -0.3087670970014445
                },
                "metadata": {
                    "trials": 1
                }
            },
            {
                "query": {
                    "x": 1.333523569066482
                },
                "metrics": {
                    "outcome": -0.31345392660449006
                },
                "metadata": {
                    "trials": 1
                }
            },
            {
                "query": {
                    "x": 0.7486967422149949
                },
                "metrics": {
                    "outcome": -0.6632791195115307
                },
                "metadata": {
                    "trials": 1
                }
            }
        ],
        [
            {
                "query": {
                    "x": 1.528220179609047
                },
                "metrics": {
                    "outcome": -0.1756812669825382
                },
                "metadata": {
                    "trials": 1
                }
            },
            {
                "query": {
                    "x": 0.5627962882375609
                },
                "metrics": {
                    "outcome": -0.781056562122535
                },
                "metadata": {
                    "trials": 1
                }
            },
            {
                "query": {
                    "x": 0.9442829493848447
                },
                "metrics": {
                    "outcome": -0.5209751352484272
                },
                "metadata": {
                    "trials": 1
                }
            }
        ],
        [
            {
                "query": {
                    "x": 0.5888781964583534
                },
                "metrics": {
                    "outcome": -0.2620995863221147
                },
                "metadata": {
                    "trials": 1
                }
            },
            {
                "query": {
                    "x": 1.9394934840244895
                },
                "metrics": {
                    "outcome": 0.5351844898537654
                },
                "metadata": {
                    "trials": 1
                }
            },
            {
                "query": {
                    "x": 0.540366379456091
                },
                "metrics": {
                    "outcome": -0.8386114970850966
                },
                "metadata": {
                    "trials": 1
                }
            }
        ],
        [
            {
                "query": {
                    "x": 1.1336081140644838
                },
                "metrics": {
                    "outcome": -0.3835482649327833
                },
                "metadata": {
                    "trials": 1
                }
            },
            {
                "query": {
                    "x": 0.549807559120318
                },
                "metrics": {
                    "outcome": -0.8683160451447611
                },
                "metadata": {
                    "trials": 1
                }
            },
            {
                "query": {
                    "x": 0.5570460355588271
                },
                "metrics": {
                    "outcome": -0.837193203640673
                },
                "metadata": {
                    "trials": 1
                }
            }
        ],
        [
            {
                "query": {
                    "x": 0.5477404928623559
                },
                "metrics": {
                    "outcome": -0.8687061272238007
                },
                "metadata": {
                    "trials": 1
                }
            },
            {
                "query": {
                    "x": 0.5517234965684361
                },
                "metrics": {
                    "outcome": -0.8645413112630195
                },
                "metadata": {
                    "trials": 1
                }
            },
            {
                "query": {
                    "x": 0.543955323694654
                },
                "metrics": {
                    "outcome": -0.8594147357976766
                },
                "metadata": {
                    "trials": 1
                }
            }
        ],
        [
            {
                "query": {
                    "x": 0.5483935401774789
                },
                "metrics": {
                    "outcome": -0.8689981449295596
                },
                "metadata": {
                    "trials": 1
                }
            },
            {
                "query": {
                    "x": 0.551328027487429
                },
                "metrics": {
                    "outcome": -0.8655875985834408
                },
                "metadata": {
                    "trials": 1
                }
            },
            {
                "query": {
                    "x": 0.5454972348909305
                },
                "metrics": {
                    "outcome": -0.8647671365050053
                },
                "metadata": {
                    "trials": 1
                }
            }
        ],
        [
            {
                "query": {
                    "x": 0.5484756944280793
                },
                "metrics": {
                    "outcome": -0.8690076704143969
                },
                "metadata": {
                    "trials": 1
                }
            },
            {
                "query": {
                    "x": 0.5511306708776564
                },
                "metrics": {
                    "outcome": -0.8660579101390155
                },
                "metadata": {
                    "trials": 1
                }
            },
            {
                "query": {
                    "x": 0.5458422020421733
                },
                "metrics": {
                    "outcome": -0.8656693864796166
                },
                "metadata": {
                    "trials": 1
                }
            }
        ],
        [
            {
                "query": {
                    "x": 0.5485076427912919
                },
                "metrics": {
                    "outcome": -0.8690097340105694
                },
                "metadata": {
                    "trials": 1
                }
            },
            {
                "query": {
                    "x": 0.5509751795806546
                },
                "metrics": {
                    "outcome": -0.8664041075112405
                },
                "metadata": {
                    "trials": 1
                }
            },
            {
                "query": {
                    "x": 0.5460544778603389
                },
                "metrics": {
                    "outcome": -0.8661709702598428
                },
                "metadata": {
                    "trials": 1
                }
            }
        ],
        [
            {
                "query": {
                    "x": 2.5
                },
                "metrics": {
                    "outcome": 5.0625
                },
                "metadata": {
                    "trials": 1
                }
            },
            {
                "query": {
                    "x": 0.5485233645681491
                },
                "metrics": {
                    "outcome": -0.8690104122503783
                },
                "metadata": {
                    "trials": 1
                }
            },
            {
                "query": {
                    "x": 0.5508612103889508
                },
                "metrics": {
                    "outcome": -0.8666442151797895
                },
                "metadata": {
                    "trials": 1
                }
            }
        ],
        [
            {
                "query": {
                    "x": 1.5941015710348636
                },
                "metrics": {
                    "outcome": 0.06678851642530337
                },
                "metadata": {
                    "trials": 1
                }
            },
            {
                "query": {
                    "x": 1.2553951293893988
                },
                "metrics": {
                    "outcome": 0.39682829674027775
                },
                "metadata": {
                    "trials": 1
                }
            },
            {
                "query": {
                    "x": 0.5484860795522972
                },
                "metrics": {
                    "outcome": -0.8690084419823895
                },
                "metadata": {
                    "trials": 1
                }
            }
        ],
        [
            {
                "query": {
                    "x": 2.097293344603897
                },
                "metrics": {
                    "outcome": 1.4699903089021866
                },
                "metadata": {
                    "trials": 1
                }
            },
            {
                "query": {
                    "x": 2.197904149228009
                },
                "metrics": {
                    "outcome": 2.0441835987234884
                },
                "metadata": {
                    "trials": 1
                }
            },
            {
                "query": {
                    "x": 2.0063656833139003
                },
                "metrics": {
                    "outcome": 1.0752127021675526
                },
                "metadata": {
                    "trials": 1
                }
            }
        ],
        [
            {
                "query": {
                    "x": 1.845805964372997
                },
                "metrics": {
                    "outcome": 0.7803160272149323
                },
                "metadata": {
                    "trials": 1
                }
            },
            {
                "query": {
                    "x": 0.992277729314323
                },
                "metrics": {
                    "outcome": -0.12104953394705083
                },
                "metadata": {
                    "trials": 1
                }
            },
            {
                "query": {
                    "x": 0.5000000000000001
                },
                "metrics": {
                    "outcome": 0.062499999999997
                },
                "metadata": {
                    "trials": 1
                }
            }
        ],
        [
            {
                "query": {
                    "x": 1.4548727895568208
                },
                "metrics": {
                    "outcome": 0.38246506389812535
                },
                "metadata": {
                    "trials": 1
                }
            },
            {
                "query": {
                    "x": 1.7583667414756485
                },
                "metrics": {
                    "outcome": 0.05617490796666191
                },
                "metadata": {
                    "trials": 1
                }
            },
            {
                "query": {
                    "x": 1.0688433131862398
                },
                "metrics": {
                    "outcome": 0.38821658088525196
                },
                "metadata": {
                    "trials": 1
                }
            }
        ],
        [
            {
                "query": {
                    "x": 2.3261758719892285
                },
                "metrics": {
                    "outcome": 2.935676201400287
                },
                "metadata": {
                    "trials": 1
                }
            },
            {
                "query": {
                    "x": 1.384480081103809
                },
                "metrics": {
                    "outcome": -0.14733865141510546
                },
                "metadata": {
                    "trials": 1
                }
            },
            {
                "query": {
                    "x": 0.6741571326226209
                },
                "metrics": {
                    "outcome": 0.5494118461217115
                },
                "metadata": {
                    "trials": 1
                }
            }
        ],
        [
            {
                "query": {
                    "x": 0.8661445055155423
                },
                "metrics": {
                    "outcome": 0.5049196262527202
                },
                "metadata": {
                    "trials": 1
                }
            },
            {
                "query": {
                    "x": 1.6819245622952832
                },
                "metrics": {
                    "outcome": 0.3761288235342499
                },
                "metadata": {
                    "trials": 1
                }
            },
            {
                "query": {
                    "x": 0.8199902494238551
                },
                "metrics": {
                    "outcome": 0.3593087620865312
                },
                "metadata": {
                    "trials": 1
                }
            }
        ],
        [
            {
                "query": {
                    "x": 0.5484857692544072
                },
                "metrics": {
                    "outcome": -0.8690084203355453
                },
                "metadata": {
                    "trials": 1
                }
            },
            {
                "query": {
                    "x": 0.550651213210993
                },
                "metrics": {
                    "outcome": -0.8670563811793102
                },
                "metadata": {
                    "trials": 1
                }
            },
            {
                "query": {
                    "x": 0.5463326913444345
                },
                "metrics": {
                    "outcome": -0.8667665300894268
                },
                "metadata": {
                    "trials": 1
                }
            }
        ],
        [
            {
                "query": {
                    "x": 0.9182649394491551
                },
                "metrics": {
                    "outcome": -0.29553224493526536
                },
                "metadata": {
                    "trials": 1
                }
            },
            {
                "query": {
                    "x": 0.5485056606964133
                },
                "metrics": {
                    "outcome": -0.8690096327125663
                },
                "metadata": {
                    "trials": 1
                }
            },
            {
                "query": {
                    "x": 0.5506166939800992
                },
                "metrics": {
                    "outcome": -0.8671203768580545
                },
                "metadata": {
                    "trials": 1
                }
            }
        ],
        [
            {
                "query": {
                    "x": 1.1847164173279292
                },
                "metrics": {
                    "outcome": -0.1937813562352293
                },
                "metadata": {
                    "trials": 1
                }
            },
            {
                "query": {
                    "x": 0.7718386094124439
                },
                "metrics": {
                    "outcome": -0.4985186321223617
                },
                "metadata": {
                    "trials": 1
                }
            },
            {
                "query": {
                    "x": 0.7244119305853647
                },
                "metrics": {
                    "outcome": -0.4731880273322621
                },
                "metadata": {
                    "trials": 1
                }
            }
        ],
        [
            {
                "query": {
                    "x": 1.5305851712095393
                },
                "metrics": {
                    "outcome": -0.18851475467088447
                },
                "metadata": {
                    "trials": 1
                }
            },
            {
                "query": {
                    "x": 1.3273923409547377
                },
                "metrics": {
                    "outcome": -0.27411066860666244
                },
                "metadata": {
                    "trials": 1
                }
            },
            {
                "query": {
                    "x": 0.748137910544235
                },
                "metrics": {
                    "outcome": -0.6631588051916173
                },
                "metadata": {
                    "trials": 1
                }
            }
        ],
        [
            {
                "query": {
                    "x": 0.954011313273625
                },
                "metrics": {
                    "outcome": -0.5199422399950728
                },
                "metadata": {
                    "trials": 1
                }
            },
            {
                "query": {
                    "x": 0.5974534390130521
                },
                "metrics": {
                    "outcome": -0.04062340723523701
                },
                "metadata": {
                    "trials": 1
                }
            },
            {
                "query": {
                    "x": 0.542965925218673
                },
                "metrics": {
                    "outcome": -0.854844142960935
                },
                "metadata": {
                    "trials": 1
                }
            }
        ],
        [
            {
                "query": {
                    "x": 1.13360533797323
                },
                "metrics": {
                    "outcome": -0.38353028465179545
                },
                "metadata": {
                    "trials": 1
                }
            },
            {
                "query": {
                    "x": 1.9263730341968424
                },
                "metrics": {
                    "outcome": 0.5451738487949256
                },
                "metadata": {
                    "trials": 1
                }
            },
            {
                "query": {
                    "x": 0.5484241529105086
                },
                "metrics": {
                    "outcome": -0.8690024045821734
                },
                "metadata": {
                    "trials": 1
                }
            }
        ],
        [
            {
                "query": {
                    "x": 0.5484900028822133
                },
                "metrics": {
                    "outcome": -0.8690087082048729
                },
                "metadata": {
                    "trials": 1
                }
            },
            {
                "query": {
                    "x": 0.5506719826375043
                },
                "metrics": {
                    "outcome": -0.8670173652645933
                },
                "metadata": {
                    "trials": 1
                }
            },
            {
                "query": {
                    "x": 0.5463423589546574
                },
                "metrics": {
                    "outcome": -0.8667859645230549
                },
                "metadata": {
                    "trials": 1
                }
            }
        ],
        [
            {
                "query": {
                    "x": 0.5485001167100245
                },
                "metrics": {
                    "outcome": -0.8690093306028638
                },
                "metadata": {
                    "trials": 1
                }
            },
            {
                "query": {
                    "x": 0.5506990042020398
                },
                "metrics": {
                    "outcome": -0.8669660297607316
                },
                "metadata": {
                    "trials": 1
                }
            },
            {
                "query": {
                    "x": 0.5463531170720181
                },
                "metrics": {
                    "outcome": -0.8668074916483821
                },
                "metadata": {
                    "trials": 1
                }
            }
        ],
        [
            {
                "query": {
                    "x": 0.5484933989470369
                },
                "metrics": {
                    "outcome": -0.8690089274629089
                },
                "metadata": {
                    "trials": 1
                }
            },
            {
                "query": {
                    "x": 0.5506835980307003
                },
                "metrics": {
                    "outcome": -0.8669953780112801
                },
                "metadata": {
                    "trials": 1
                }
            },
            {
                "query": {
                    "x": 0.5463665538534139
                },
                "metrics": {
                    "outcome": -0.8668342315891776
                },
                "metadata": {
                    "trials": 1
                }
            }
        ],
        [
            {
                "query": {
                    "x": 0.5484860491696008
                },
                "metrics": {
                    "outcome": -0.8690084398666745
                },
                "metadata": {
                    "trials": 1
                }
            },
            {
                "query": {
                    "x": 0.550680168645202
                },
                "metrics": {
                    "outcome": -0.8670018821301361
                },
                "metadata": {
                    "trials": 1
                }
            },
            {
                "query": {
                    "x": 0.5463664652406679
                },
                "metrics": {
                    "outcome": -0.8668340557805326
                },
                "metadata": {
                    "trials": 1
                }
            }
        ],
        [
            {
                "query": {
                    "x": 2.5
                },
                "metrics": {
                    "outcome": 5.0625
                },
                "metadata": {
                    "trials": 1
                }
            },
            {
                "query": {
                    "x": 0.548482245739413
                },
                "metrics": {
                    "outcome": -0.8690081684506569
                },
                "metadata": {
                    "trials": 1
                }
            },
            {
                "query": {
                    "x": 0.5506525199986497
                },
                "metrics": {
                    "outcome": -0.867053937665556
                },
                "metadata": {
                    "trials": 1
                }
            }
        ],
        [
            {
                "query": {
                    "x": 1.598805454749742
                },
                "metrics": {
                    "outcome": 0.11683756285107816
                },
                "metadata": {
                    "trials": 1
                }
            },
            {
                "query": {
                    "x": 0.5484753528194184
                },
                "metrics": {
                    "outcome": -0.8690076433853112
                },
                "metadata": {
                    "trials": 1
                }
            },
            {
                "query": {
                    "x": 0.550652037266307
                },
                "metrics": {
                    "outcome": -0.8670548404859328
                },
                "metadata": {
                    "trials": 1
                }
            }
        ],
        [
            {
                "query": {
                    "x": 1.2590666609954622
                },
                "metrics": {
                    "outcome": 0.3856230418478282
                },
                "metadata": {
                    "trials": 1
                }
            },
            {
                "query": {
                    "x": 2.099646215106788
                },
                "metrics": {
                    "outcome": 1.464864053938415
                },
                "metadata": {
                    "trials": 1
                }
            },
            {
                "query": {
                    "x": 0.5484640156726039
                },
                "metrics": {
                    "outcome": -0.8690066867681514
                },
                "metadata": {
                    "trials": 1
                }
            }
        ],
        [
            {
                "query": {
                    "x": 1.8414555581739955
                },
                "metrics": {
                    "outcome": 0.7631317255152483
                },
                "metadata": {
                    "trials": 1
                }
            },
            {
                "query": {
                    "x": 2.204445624235269
                },
                "metrics": {
                    "outcome": 2.1360741216486674
                },
                "metadata": {
                    "trials": 1
                }
            },
            {
                "query": {
                    "x": 2.0068679290793434
                },
                "metrics": {
                    "outcome": 1.0810959001676428
                },
                "metadata": {
                    "trials": 1
                }
            }
        ],
        [
            {
                "query": {
                    "x": 1.4607376103397383
                },
                "metrics": {
                    "outcome": 0.3680639978048281
                },
                "metadata": {
                    "trials": 1
                }
            },
            {
                "query": {
                    "x": 0.5000000000000001
                },
                "metrics": {
                    "outcome": 0.062499999999997
                },
                "metadata": {
                    "trials": 1
                }
            },
            {
                "query": {
                    "x": 1.0019298365731197
                },
                "metrics": {
                    "outcome": 0.030236882416289235
                },
                "metadata": {
                    "trials": 1
                }
            }
        ],
        [
            {
                "query": {
                    "x": 2.331840879820378
                },
                "metrics": {
                    "outcome": 2.965900287969289
                },
                "metadata": {
                    "trials": 1
                }
            },
            {
                "query": {
                    "x": 1.7580263669675626
                },
                "metrics": {
                    "outcome": 0.054753825741572726
                },
                "metadata": {
                    "trials": 1
                }
            },
            {
                "query": {
                    "x": 1.0760747126769763
                },
                "metrics": {
                    "outcome": 0.31731360524036123
                },
                "metadata": {
                    "trials": 1
                }
            }
        ],
        [
            {
                "query": {
                    "x": 1.3861720877344506
                },
                "metrics": {
                    "outcome": -0.12957481909815532
                },
                "metadata": {
                    "trials": 1
                }
            },
            {
                "query": {
                    "x": 0.667324328037847
                },
                "metrics": {
                    "outcome": 0.6532492791186144
                },
                "metadata": {
                    "trials": 1
                }
            },
            {
                "query": {
                    "x": 1.5617814221137483
                },
                "metrics": {
                    "outcome": -0.198865299107862
                },
                "metadata": {
                    "trials": 1
                }
            }
        ],
        [
            {
                "query": {
                    "x": 1.6879055398839997
                },
                "metrics": {
                    "outcome": 0.33379610623723177
                },
                "metadata": {
                    "trials": 1
                }
            },
            {
                "query": {
                    "x": 0.8460095482433405
                },
                "metrics": {
                    "outcome": 0.5869340910106794
                },
                "metadata": {
                    "trials": 1
                }
            },
            {
                "query": {
                    "x": 0.5484622923492953
                },
                "metrics": {
                    "outcome": -0.8690065312261507
                },
                "metadata": {
                    "trials": 1
                }
            }
        ],
        [
            {
                "query": {
                    "x": 0.9121718275978945
                },
                "metrics": {
                    "outcome": -0.2044733505637939
                },
                "metadata": {
                    "trials": 1
                }
            },
            {
                "query": {
                    "x": 0.5484269025341612
                },
                "metrics": {
                    "outcome": -0.8690027458881936
                },
                "metadata": {
                    "trials": 1
                }
            },
            {
                "query": {
                    "x": 1.355166266248923
                },
                "metrics": {
                    "outcome": -0.34819739689567686
                },
                "metadata": {
                    "trials": 1
                }
            }
        ],
        [
            {
                "query": {
                    "x": 1.1867593669155618
                },
                "metrics": {
                    "outcome": -0.16902623473660716
                },
                "metadata": {
                    "trials": 1
                }
            },
            {
                "query": {
                    "x": 0.5484462848191808
                },
                "metrics": {
                    "outcome": -0.8690049586901575
                },
                "metadata": {
                    "trials": 1
                }
            },
            {
                "query": {
                    "x": 0.5506128549127922
                },
                "metrics": {
                    "outcome": -0.8671274285951641
                },
                "metadata": {
                    "trials": 1
                }
            }
        ],
        [
            {
                "query": {
                    "x": 0.7838951643102714
                },
                "metrics": {
                    "outcome": -0.30694015886262765
                },
                "metadata": {
                    "trials": 1
                }
            },
            {
                "query": {
                    "x": 1.515750709968186
                },
                "metrics": {
                    "outcome": -0.08589177838216024
                },
                "metadata": {
                    "trials": 1
                }
            },
            {
                "query": {
                    "x": 0.7200971050368213
                },
                "metrics": {
                    "outcome": -0.4037028937933322
                },
                "metadata": {
                    "trials": 1
                }
            }
        ],
        [
            {
                "query": {
                    "x": 0.9548494067018478
                },
                "metrics": {
                    "outcome": -0.5175734712245146
                },
                "metadata": {
                    "trials": 1
                }
            },
            {
                "query": {
                    "x": 0.7512418132063703
                },
                "metrics": {
                    "outcome": -0.6612290165919903
                },
                "metadata": {
                    "trials": 1
                }
            },
            {
                "query": {
                    "x": 1.3125151195267488
                },
                "metrics": {
                    "outcome": -0.1364110540965787
                },
                "metadata": {
                    "trials": 1
                }
            }
        ],
        [
            {
                "query": {
                    "x": 1.136463062851278
                },
                "metrics": {
                    "outcome": -0.4004252089505091
                },
                "metadata": {
                    "trials": 1
                }
            },
            {
                "query": {
                    "x": 0.5936786979606032
                },
                "metrics": {
                    "outcome": -0.13889919395651337
                },
                "metadata": {
                    "trials": 1
                }
            },
            {
                "query": {
                    "x": 0.5354397211723124
                },
                "metrics": {
                    "outcome": -0.7912327296397114
                },
                "metadata": {
                    "trials": 1
                }
            }
        ],
        [
            {
                "query": {
                    "x": 1.9247129067035353
                },
                "metrics": {
                    "outcome": 0.5491584034692687
                },
                "metadata": {
                    "trials": 1
                }
            },
            {
                "query": {
                    "x": 0.54851475123942
                },
                "metrics": {
                    "outcome": -0.8690100682208507
                },
                "metadata": {
                    "trials": 1
                }
            },
            {
                "query": {
                    "x": 0.5463768269314194
                },
                "metrics": {
                    "outcome": -0.8668545652834005
                },
                "metadata": {
                    "trials": 1
                }
            }
        ],
        [
            {
                "query": {
                    "x": 0.5485325939967386
                },
                "metrics": {
                    "outcome": -0.8690107067892535
                },
                "metadata": {
                    "trials": 1
                }
            },
            {
                "query": {
                    "x": 0.5463908579401809
                },
                "metrics": {
                    "outcome": -0.866882182698068
                },
                "metadata": {
                    "trials": 1
                }
            },
            {
                "query": {
                    "x": 0.5507075786741006
                },
                "metrics": {
                    "outcome": -0.8669496041657475
                },
                "metadata": {
                    "trials": 1
                }
            }
        ],
        [
            {
                "query": {
                    "x": 0.5485318515683012
                },
                "metrics": {
                    "outcome": -0.8690106859312502
                },
                "metadata": {
                    "trials": 1
                }
            },
            {
                "query": {
                    "x": 0.5463820974249757
                },
                "metrics": {
                    "outcome": -0.866864960171736
                },
                "metadata": {
                    "trials": 1
                }
            },
            {
                "query": {
                    "x": 0.5507147043213765
                },
                "metrics": {
                    "outcome": -0.8669359042126794
                },
                "metadata": {
                    "trials": 1
                }
            }
        ]
    ],
    "best_results": [
        {
            "query": {
                "x": 0.5485325939967386
            },
            "metrics": [
                {
                    "name": "outcome",
                    "value": -0.8690107067892535
                }
            ]
        }
    ]
}