{
    "date": "05/11/2022 12:03:43",
    "basic_params": {
        "active_variables": [
            "x"
        ],
        "default_query": {},
        "metric": "basic",
        "n_trials": 1
    },
    "objective_function": {
        "name": "Forrester",
        "params": {}
    },
    "optimizer": {
        "name": "BBO-LP(LCBa)",
        "params": {
            "lower_bound": [
                0.0
            ],
            "upper_bound": [
                1.0
            ],
            "invert_metric": false,
            "bopt_params": {
                "n_init_samples": 12,
                "n_iterations": 23,
                "n_iter_relearn": 5,
                "verbose_level": 0,
                "n_parallel_samples": 6,
                "par_type": "PAR_BBO",
                "crit_name": "cLP(cLCBa)",
                "n_crit_params": 3,
                "crit_params": [
                    6,
                    1,
                    5.0
                ]
            }
        }
    },
    "iterations": [
        [
            {
                "query": {
                    "x": 0.4552790282953841
                },
                "metrics": {
                    "outcome": 0.532259752912947
                },
                "metadata": {
                    "trials": 1
                }
            }
        ],
        [
            {
                "query": {
                    "x": 0.25088671969327453
                },
                "metrics": {
                    "outcome": -0.20449617538574874
                },
                "metadata": {
                    "trials": 1
                }
            }
        ],
        [
            {
                "query": {
                    "x": 0.6815345862802739
                },
                "metrics": {
                    "outcome": -3.757171587035211
                },
                "metadata": {
                    "trials": 1
                }
            }
        ],
        [
            {
                "query": {
                    "x": 0.3864097700958761
                },
                "metrics": {
                    "outcome": 0.060314053789942174
                },
                "metadata": {
                    "trials": 1
                }
            }
        ],
        [
            {
                "query": {
                    "x": 0.2183407669266065
                },
                "metrics": {
                    "outcome": -0.46739197973953106
                },
                "metadata": {
                    "trials": 1
                }
            }
        ],
        [
            {
                "query": {
                    "x": 0.6072575785025643
                },
                "metrics": {
                    "outcome": -0.39164080266646234
                },
                "metadata": {
                    "trials": 1
                }
            }
        ],
        [
            {
                "query": {
                    "x": 0.7569061936616587
                },
                "metrics": {
                    "outcome": -6.020677451520532
                },
                "metadata": {
                    "trials": 1
                }
            }
        ],
        [
            {
                "query": {
                    "x": 0.5106452627611967
                },
                "metrics": {
                    "outcome": 0.96077371584895
                },
                "metadata": {
                    "trials": 1
                }
            }
        ],
        [
            {
                "query": {
                    "x": 0.9005445962150892
                },
                "metrics": {
                    "outcome": 5.788618046251183
                },
                "metadata": {
                    "trials": 1
                }
            }
        ],
        [
            {
                "query": {
                    "x": 0.9372085866246683
                },
                "metrics": {
                    "outcome": 10.779227685358155
                },
                "metadata": {
                    "trials": 1
                }
            }
        ],
        [
            {
                "query": {
                    "x": 0.16496211622143164
                },
                "metrics": {
                    "outcome": -0.9191112164324686
                },
                "metadata": {
                    "trials": 1
                }
            }
        ],
        [
            {
                "query": {
                    "x": 0.02314691140782088
                },
                "metrics": {
                    "outcome": 1.9000912490392148
                },
                "metadata": {
                    "trials": 1
                }
            }
        ],
        [
            {
                "query": {
                    "x": 0.7512079660421633
                },
                "metrics": {
                    "outcome": -6.001596831256178
                },
                "metadata": {
                    "trials": 1
                }
            },
            {
                "query": {
                    "x": 0.745235232571354
                },
                "metrics": {
                    "outcome": -5.946427314205632
                },
                "metadata": {
                    "trials": 1
                }
            },
            {
                "query": {
                    "x": 0.7570537940734732
                },
                "metrics": {
                    "outcome": -6.0207197690913645
                },
                "metadata": {
                    "trials": 1
                }
            },
            {
                "query": {
                    "x": 0.758314324171953
                },
                "metrics": {
                    "outcome": -6.020131897578023
                },
                "metadata": {
                    "trials": 1
                }
            },
            {
                "query": {
                    "x": 0.7553998926996658
                },
                "metrics": {
                    "outcome": -6.018924354083896
                },
                "metadata": {
                    "trials": 1
                }
            },
            {
                "query": {
                    "x": 0.7616829754966081
                },
                "metrics": {
                    "outcome": -6.010110019711313
                },
                "metadata": {
                    "trials": 1
                }
            }
        ],
        [
            {
                "query": {
                    "x": 0.7583659576748539
                },
                "metrics": {
                    "outcome": -6.02007143409693
                },
                "metadata": {
                    "trials": 1
                }
            },
            {
                "query": {
                    "x": 0.7575617883356563
                },
                "metrics": {
                    "outcome": -6.02068768311521
                },
                "metadata": {
                    "trials": 1
                }
            },
            {
                "query": {
                    "x": 0.7591231487518723
                },
                "metrics": {
                    "outcome": -6.018853972061432
                },
                "metadata": {
                    "trials": 1
                }
            },
            {
                "query": {
                    "x": 0.756890182402336
                },
                "metrics": {
                    "outcome": -6.020671465722437
                },
                "metadata": {
                    "trials": 1
                }
            },
            {
                "query": {
                    "x": 0.7562589470106352
                },
                "metrics": {
                    "outcome": -6.020218359598308
                },
                "metadata": {
                    "trials": 1
                }
            },
            {
                "query": {
                    "x": 0.7556044957661396
                },
                "metrics": {
                    "outcome": -6.019303130981599
                },
                "metadata": {
                    "trials": 1
                }
            }
        ],
        [
            {
                "query": {
                    "x": 0.7230241061608144
                },
                "metrics": {
                    "outcome": -5.463358515506303
                },
                "metadata": {
                    "trials": 1
                }
            },
            {
                "query": {
                    "x": 0.7733132991321994
                },
                "metrics": {
                    "outcome": -5.87704670427972
                },
                "metadata": {
                    "trials": 1
                }
            },
            {
                "query": {
                    "x": 0.7573208058187347
                },
                "metrics": {
                    "outcome": -6.020737283230586
                },
                "metadata": {
                    "trials": 1
                }
            },
            {
                "query": {
                    "x": 0.7578706207399235
                },
                "metrics": {
                    "outcome": -6.020533184200838
                },
                "metadata": {
                    "trials": 1
                }
            },
            {
                "query": {
                    "x": 0.7567736698002341
                },
                "metrics": {
                    "outcome": -6.020619689890374
                },
                "metadata": {
                    "trials": 1
                }
            },
            {
                "query": {
                    "x": 0.7584250431108197
                },
                "metrics": {
                    "outcome": -6.019998717782717
                },
                "metadata": {
                    "trials": 1
                }
            }
        ],
        [
            {
                "query": {
                    "x": 0.7571952600036556
                },
                "metrics": {
                    "outcome": -6.020738527670449
                },
                "metadata": {
                    "trials": 1
                }
            },
            {
                "query": {
                    "x": 0.756694462198642
                },
                "metrics": {
                    "outcome": -6.020576246087753
                },
                "metadata": {
                    "trials": 1
                }
            },
            {
                "query": {
                    "x": 0.7576950518062588
                },
                "metrics": {
                    "outcome": -6.020633558728776
                },
                "metadata": {
                    "trials": 1
                }
            },
            {
                "query": {
                    "x": 0.7561901829988958
                },
                "metrics": {
                    "outcome": -6.020143473479777
                },
                "metadata": {
                    "trials": 1
                }
            },
            {
                "query": {
                    "x": 0.7581869598388812
                },
                "metrics": {
                    "outcome": -6.020268761257813
                },
                "metadata": {
                    "trials": 1
                }
            },
            {
                "query": {
                    "x": 0.7556503203785967
                },
                "metrics": {
                    "outcome": -6.019381927003964
                },
                "metadata": {
                    "trials": 1
                }
            }
        ],
        [
            {
                "query": {
                    "x": 0.7572326733208404
                },
                "metrics": {
                    "outcome": -6.02073991762025
                },
                "metadata": {
                    "trials": 1
                }
            },
            {
                "query": {
                    "x": 0.7576972802420032
                },
                "metrics": {
                    "outcome": -6.020632491871534
                },
                "metadata": {
                    "trials": 1
                }
            },
            {
                "query": {
                    "x": 0.7567705204030815
                },
                "metrics": {
                    "outcome": -6.020618089870686
                },
                "metadata": {
                    "trials": 1
                }
            },
            {
                "query": {
                    "x": 0.7581635129458704
                },
                "metrics": {
                    "outcome": -6.020292053066522
                },
                "metadata": {
                    "trials": 1
                }
            },
            {
                "query": {
                    "x": 0.7563124076171153
                },
                "metrics": {
                    "outcome": -6.0202731204542
                },
                "metadata": {
                    "trials": 1
                }
            },
            {
                "query": {
                    "x": 0.758653010992405
                },
                "metrics": {
                    "outcome": -6.019682849008317
                },
                "metadata": {
                    "trials": 1
                }
            }
        ],
        [
            {
                "query": {
                    "x": 0.7572293204116527
                },
                "metrics": {
                    "outcome": -6.020739854024206
                },
                "metadata": {
                    "trials": 1
                }
            },
            {
                "query": {
                    "x": 0.7567902464266889
                },
                "metrics": {
                    "outcome": -6.02062793757
                },
                "metadata": {
                    "trials": 1
                }
            },
            {
                "query": {
                    "x": 0.7576664637565955
                },
                "metrics": {
                    "outcome": -6.02064677297394
                },
                "metadata": {
                    "trials": 1
                }
            },
            {
                "query": {
                    "x": 0.7563540387777525
                },
                "metrics": {
                    "outcome": -6.020313667264445
                },
                "metadata": {
                    "trials": 1
                }
            },
            {
                "query": {
                    "x": 0.7580995131811193
                },
                "metrics": {
                    "outcome": -6.020352618072014
                },
                "metadata": {
                    "trials": 1
                }
            },
            {
                "query": {
                    "x": 0.755892116236845
                },
                "metrics": {
                    "outcome": -6.019761053128568
                },
                "metadata": {
                    "trials": 1
                }
            }
        ],
        [
            {
                "query": {
                    "x": 0.7572586024277814
                },
                "metrics": {
                    "outcome": -6.020740004012161
                },
                "metadata": {
                    "trials": 1
                }
            },
            {
                "query": {
                    "x": 0.757676741100482
                },
                "metrics": {
                    "outcome": -6.020642123340975
                },
                "metadata": {
                    "trials": 1
                }
            },
            {
                "query": {
                    "x": 0.7568413428727104
                },
                "metrics": {
                    "outcome": -6.0206515211147495
                },
                "metadata": {
                    "trials": 1
                }
            },
            {
                "query": {
                    "x": 0.7564285055592165
                },
                "metrics": {
                    "outcome": -6.020381612857123
                },
                "metadata": {
                    "trials": 1
                }
            },
            {
                "query": {
                    "x": 0.7580943117301395
                },
                "metrics": {
                    "outcome": -6.020357346736773
                },
                "metadata": {
                    "trials": 1
                }
            },
            {
                "query": {
                    "x": 0.7585335014981728
                },
                "metrics": {
                    "outcome": -6.019855436621872
                },
                "metadata": {
                    "trials": 1
                }
            }
        ],
        [
            {
                "query": {
                    "x": 0.7572336208072171
                },
                "metrics": {
                    "outcome": -6.020739933416103
                },
                "metadata": {
                    "trials": 1
                }
            },
            {
                "query": {
                    "x": 0.7576393803141765
                },
                "metrics": {
                    "outcome": -6.020658483717915
                },
                "metadata": {
                    "trials": 1
                }
            },
            {
                "query": {
                    "x": 0.7568317448563117
                },
                "metrics": {
                    "outcome": -6.020647303069121
                },
                "metadata": {
                    "trials": 1
                }
            },
            {
                "query": {
                    "x": 0.7564311495321043
                },
                "metrics": {
                    "outcome": -6.020383917211345
                },
                "metadata": {
                    "trials": 1
                }
            },
            {
                "query": {
                    "x": 0.7580379857240617
                },
                "metrics": {
                    "outcome": -6.020406689324551
                },
                "metadata": {
                    "trials": 1
                }
            },
            {
                "query": {
                    "x": 0.7560120806503445
                },
                "metrics": {
                    "outcome": -6.019926257398579
                },
                "metadata": {
                    "trials": 1
                }
            }
        ],
        [
            {
                "query": {
                    "x": 0.7572524861940827
                },
                "metrics": {
                    "outcome": -6.020740048344021
                },
                "metadata": {
                    "trials": 1
                }
            },
            {
                "query": {
                    "x": 0.7568637892981005
                },
                "metrics": {
                    "outcome": -6.020661002885486
                },
                "metadata": {
                    "trials": 1
                }
            },
            {
                "query": {
                    "x": 0.7576419136915711
                },
                "metrics": {
                    "outcome": -6.020657421623795
                },
                "metadata": {
                    "trials": 1
                }
            },
            {
                "query": {
                    "x": 0.7580302474395798
                },
                "metrics": {
                    "outcome": -6.02041320165781
                },
                "metadata": {
                    "trials": 1
                }
            },
            {
                "query": {
                    "x": 0.7564784484697389
                },
                "metrics": {
                    "outcome": -6.020423887854954
                },
                "metadata": {
                    "trials": 1
                }
            },
            {
                "query": {
                    "x": 0.7584381414395028
                },
                "metrics": {
                    "outcome": -6.019982087840976
                },
                "metadata": {
                    "trials": 1
                }
            }
        ],
        [
            {
                "query": {
                    "x": 0.7572360912300434
                },
                "metrics": {
                    "outcome": -6.02073997009293
                },
                "metadata": {
                    "trials": 1
                }
            },
            {
                "query": {
                    "x": 0.757615673819387
                },
                "metrics": {
                    "outcome": -6.02066808917205
                },
                "metadata": {
                    "trials": 1
                }
            },
            {
                "query": {
                    "x": 0.7568581057548021
                },
                "metrics": {
                    "outcome": -6.020658652759264
                },
                "metadata": {
                    "trials": 1
                }
            },
            {
                "query": {
                    "x": 0.7579925114728727
                },
                "metrics": {
                    "outcome": -6.0204440368732275
                },
                "metadata": {
                    "trials": 1
                }
            },
            {
                "query": {
                    "x": 0.7564814051085256
                },
                "metrics": {
                    "outcome": -6.020426307594227
                },
                "metadata": {
                    "trials": 1
                }
            },
            {
                "query": {
                    "x": 0.756084178428604
                },
                "metrics": {
                    "outcome": -6.020018229476508
                },
                "metadata": {
                    "trials": 1
                }
            }
        ],
        [
            {
                "query": {
                    "x": 0.7572498650561283
                },
                "metrics": {
                    "outcome": -6.020740055112432
                },
                "metadata": {
                    "trials": 1
                }
            },
            {
                "query": {
                    "x": 0.7576251363431753
                },
                "metrics": {
                    "outcome": -6.020664327331083
                },
                "metadata": {
                    "trials": 1
                }
            },
            {
                "query": {
                    "x": 0.7568815782405395
                },
                "metrics": {
                    "outcome": -6.020668136308374
                },
                "metadata": {
                    "trials": 1
                }
            },
            {
                "query": {
                    "x": 0.7579929182440815
                },
                "metrics": {
                    "outcome": -6.020443712648671
                },
                "metadata": {
                    "trials": 1
                }
            },
            {
                "query": {
                    "x": 0.7565161002598831
                },
                "metrics": {
                    "outcome": -6.020454009363637
                },
                "metadata": {
                    "trials": 1
                }
            },
            {
                "query": {
                    "x": 0.7583795002413906
                },
                "metrics": {
                    "outcome": -6.020055099830996
                },
                "metadata": {
                    "trials": 1
                }
            }
        ],
        [
            {
                "query": {
                    "x": 0.7572377038136084
                },
                "metrics": {
                    "outcome": -6.020739990518357
                },
                "metadata": {
                    "trials": 1
                }
            },
            {
                "query": {
                    "x": 0.7568775273764974
                },
                "metrics": {
                    "outcome": -6.020666541521425
                },
                "metadata": {
                    "trials": 1
                }
            },
            {
                "query": {
                    "x": 0.7575980533977439
                },
                "metrics": {
                    "outcome": -6.020674838573249
                },
                "metadata": {
                    "trials": 1
                }
            },
            {
                "query": {
                    "x": 0.7579557103490524
                },
                "metrics": {
                    "outcome": -6.020472634139353
                },
                "metadata": {
                    "trials": 1
                }
            },
            {
                "query": {
                    "x": 0.7565186246494374
                },
                "metrics": {
                    "outcome": -6.020455975068159
                },
                "metadata": {
                    "trials": 1
                }
            },
            {
                "query": {
                    "x": 0.7583299010971536
                },
                "metrics": {
                    "outcome": -6.020113959491575
                },
                "metadata": {
                    "trials": 1
                }
            }
        ],
        [
            {
                "query": {
                    "x": 0.7572290934867235
                },
                "metrics": {
                    "outcome": -6.020739849286293
                },
                "metadata": {
                    "trials": 1
                }
            },
            {
                "query": {
                    "x": 0.7568760823463773
                },
                "metrics": {
                    "outcome": -6.02066596839925
                },
                "metadata": {
                    "trials": 1
                }
            },
            {
                "query": {
                    "x": 0.7575819104717839
                },
                "metrics": {
                    "outcome": -6.020680730107237
                },
                "metadata": {
                    "trials": 1
                }
            },
            {
                "query": {
                    "x": 0.7565231673263593
                },
                "metrics": {
                    "outcome": -6.020459495347133
                },
                "metadata": {
                    "trials": 1
                }
            },
            {
                "query": {
                    "x": 0.7579310795467918
                },
                "metrics": {
                    "outcome": -6.020490961247961
                },
                "metadata": {
                    "trials": 1
                }
            },
            {
                "query": {
                    "x": 0.7582954011004794
                },
                "metrics": {
                    "outcome": -6.020153337254383
                },
                "metadata": {
                    "trials": 1
                }
            }
        ],
        [
            {
                "query": {
                    "x": 0.7572227447899856
                },
                "metrics": {
                    "outcome": -6.020739694444595
                },
                "metadata": {
                    "trials": 1
                }
            },
            {
                "query": {
                    "x": 0.7568761536787058
                },
                "metrics": {
                    "outcome": -6.020665996742958
                },
                "metadata": {
                    "trials": 1
                }
            },
            {
                "query": {
                    "x": 0.7575688471222631
                },
                "metrics": {
                    "outcome": -6.020685293396799
                },
                "metadata": {
                    "trials": 1
                }
            },
            {
                "query": {
                    "x": 0.7565287426643276
                },
                "metrics": {
                    "outcome": -6.02046378593513
                },
                "metadata": {
                    "trials": 1
                }
            },
            {
                "query": {
                    "x": 0.7579106316241893
                },
                "metrics": {
                    "outcome": -6.02050568090176
                },
                "metadata": {
                    "trials": 1
                }
            },
            {
                "query": {
                    "x": 0.7561612033527481
                },
                "metrics": {
                    "outcome": -6.020110414774753
                },
                "metadata": {
                    "trials": 1
                }
            }
        ],
        [
            {
                "query": {
                    "x": 0.757234191510768
                },
                "metrics": {
                    "outcome": -6.020739942467868
                },
                "metadata": {
                    "trials": 1
                }
            },
            {
                "query": {
                    "x": 0.7568939687647751
                },
                "metrics": {
                    "outcome": -6.020672905894734
                },
                "metadata": {
                    "trials": 1
                }
            },
            {
                "query": {
                    "x": 0.7575743240991851
                },
                "metrics": {
                    "outcome": -6.020683402428889
                },
                "metadata": {
                    "trials": 1
                }
            },
            {
                "query": {
                    "x": 0.7565542138819582
                },
                "metrics": {
                    "outcome": -6.020482968009085
                },
                "metadata": {
                    "trials": 1
                }
            },
            {
                "query": {
                    "x": 0.7579114715524601
                },
                "metrics": {
                    "outcome": -6.020505085115193
                },
                "metadata": {
                    "trials": 1
                }
            },
            {
                "query": {
                    "x": 0.756196109496394
                },
                "metrics": {
                    "outcome": -6.020150124712531
                },
                "metadata": {
                    "trials": 1
                }
            }
        ],
        [
            {
                "query": {
                    "x": 0.7985023062575447
                },
                "metrics": {
                    "outcome": -5.025193771900864
                },
                "metadata": {
                    "trials": 1
                }
            },
            {
                "query": {
                    "x": 0.7572430737670582
                },
                "metrics": {
                    "outcome": -6.020740038514381
                },
                "metadata": {
                    "trials": 1
                }
            },
            {
                "query": {
                    "x": 0.7575820322846815
                },
                "metrics": {
                    "outcome": -6.0206806866954725
                },
                "metadata": {
                    "trials": 1
                }
            },
            {
                "query": {
                    "x": 0.7569085342885452
                },
                "metrics": {
                    "outcome": -6.0206783036924
                },
                "metadata": {
                    "trials": 1
                }
            },
            {
                "query": {
                    "x": 0.7579149581736416
                },
                "metrics": {
                    "outcome": -6.020502603848245
                },
                "metadata": {
                    "trials": 1
                }
            },
            {
                "query": {
                    "x": 0.7565754626280189
                },
                "metrics": {
                    "outcome": -6.020498443232804
                },
                "metadata": {
                    "trials": 1
                }
            }
        ],
        [
            {
                "query": {
                    "x": 0.7572467406867982
                },
                "metrics": {
                    "outcome": -6.020740053594278
                },
                "metadata": {
                    "trials": 1
                }
            },
            {
                "query": {
                    "x": 0.7569198342719992
                },
                "metrics": {
                    "outcome": -6.020682335700376
                },
                "metadata": {
                    "trials": 1
                }
            },
            {
                "query": {
                    "x": 0.7575740035335817
                },
                "metrics": {
                    "outcome": -6.020683513991727
                },
                "metadata": {
                    "trials": 1
                }
            },
            {
                "query": {
                    "x": 0.7578998123048457
                },
                "metrics": {
                    "outcome": -6.020513287633496
                },
                "metadata": {
                    "trials": 1
                }
            },
            {
                "query": {
                    "x": 0.7565943306886658
                },
                "metrics": {
                    "outcome": -6.020511782769606
                },
                "metadata": {
                    "trials": 1
                }
            },
            {
                "query": {
                    "x": 0.7582419162877131
                },
                "metrics": {
                    "outcome": -6.020211848887745
                },
                "metadata": {
                    "trials": 1
                }
            }
        ],
        [
            {
                "query": {
                    "x": 0.7572397217357663
                },
                "metrics": {
                    "outcome": -6.020740012166124
                },
                "metadata": {
                    "trials": 1
                }
            },
            {
                "query": {
                    "x": 0.7575621436064979
                },
                "metrics": {
                    "outcome": -6.020687564115153
                },
                "metadata": {
                    "trials": 1
                }
            },
            {
                "query": {
                    "x": 0.756917346656604
                },
                "metrics": {
                    "outcome": -6.020681459753785
                },
                "metadata": {
                    "trials": 1
                }
            },
            {
                "query": {
                    "x": 0.7578824297418573
                },
                "metrics": {
                    "outcome": -6.020525245556148
                },
                "metadata": {
                    "trials": 1
                }
            },
            {
                "query": {
                    "x": 0.7565955479214386
                },
                "metrics": {
                    "outcome": -6.0205126303599155
                },
                "metadata": {
                    "trials": 1
                }
            },
            {
                "query": {
                    "x": 0.75821797662335
                },
                "metrics": {
                    "outcome": -6.0202370403406515
                },
                "metadata": {
                    "trials": 1
                }
            }
        ],
        [
            {
                "query": {
                    "x": 0.7572340021332089
                },
                "metrics": {
                    "outcome": -6.020739939502763
                },
                "metadata": {
                    "trials": 1
                }
            },
            {
                "query": {
                    "x": 0.7569158536342686
                },
                "metrics": {
                    "outcome": -6.020680930861605
                },
                "metadata": {
                    "trials": 1
                }
            },
            {
                "query": {
                    "x": 0.7575519991671837
                },
                "metrics": {
                    "outcome": -6.020690908884998
                },
                "metadata": {
                    "trials": 1
                }
            },
            {
                "query": {
                    "x": 0.7565975406754275
                },
                "metrics": {
                    "outcome": -6.020514014568772
                },
                "metadata": {
                    "trials": 1
                }
            },
            {
                "query": {
                    "x": 0.7578672417454558
                },
                "metrics": {
                    "outcome": -6.020535428191432
                },
                "metadata": {
                    "trials": 1
                }
            },
            {
                "query": {
                    "x": 0.7562612359279034
                },
                "metrics": {
                    "outcome": -6.020220766209278
                },
                "metadata": {
                    "trials": 1
                }
            }
        ],
        [
            {
                "query": {
                    "x": 0.757241451075538
                },
                "metrics": {
                    "outcome": -6.020740027257822
                },
                "metadata": {
                    "trials": 1
                }
            },
            {
                "query": {
                    "x": 0.7575539201989325
                },
                "metrics": {
                    "outcome": -6.020690283950758
                },
                "metadata": {
                    "trials": 1
                }
            },
            {
                "query": {
                    "x": 0.7569275339620758
                },
                "metrics": {
                    "outcome": -6.020685005168982
                },
                "metadata": {
                    "trials": 1
                }
            },
            {
                "query": {
                    "x": 0.7578660170171069
                },
                "metrics": {
                    "outcome": -6.020536238506923
                },
                "metadata": {
                    "trials": 1
                }
            },
            {
                "query": {
                    "x": 0.7566142725730755
                },
                "metrics": {
                    "outcome": -6.020525470523025
                },
                "metadata": {
                    "trials": 1
                }
            },
            {
                "query": {
                    "x": 0.7581932466794008
                },
                "metrics": {
                    "outcome": -6.020262415388411
                },
                "metadata": {
                    "trials": 1
                }
            }
        ],
        [
            {
                "query": {
                    "x": 0.7572375051054648
                },
                "metrics": {
                    "outcome": -6.020739988151478
                },
                "metadata": {
                    "trials": 1
                }
            },
            {
                "query": {
                    "x": 0.756926896597447
                },
                "metrics": {
                    "outcome": -6.020684786592844
                },
                "metadata": {
                    "trials": 1
                }
            },
            {
                "query": {
                    "x": 0.757547997837686
                },
                "metrics": {
                    "outcome": -6.020692197877467
                },
                "metadata": {
                    "trials": 1
                }
            },
            {
                "query": {
                    "x": 0.7566162033353894
                },
                "metrics": {
                    "outcome": -6.020526773336429
                },
                "metadata": {
                    "trials": 1
                }
            },
            {
                "query": {
                    "x": 0.7578562410412029
                },
                "metrics": {
                    "outcome": -6.02054264884535
                },
                "metadata": {
                    "trials": 1
                }
            },
            {
                "query": {
                    "x": 0.7562879079020484
                },
                "metrics": {
                    "outcome": -6.020248400619534
                },
                "metadata": {
                    "trials": 1
                }
            }
        ],
        [
            {
                "query": {
                    "x": 0.7572445584210307
                },
                "metrics": {
                    "outcome": -6.020740046349962
                },
                "metadata": {
                    "trials": 1
                }
            },
            {
                "query": {
                    "x": 0.7575515603934366
                },
                "metrics": {
                    "outcome": -6.020691051068911
                },
                "metadata": {
                    "trials": 1
                }
            },
            {
                "query": {
                    "x": 0.756937626299461
                },
                "metrics": {
                    "outcome": -6.02068840853992
                },
                "metadata": {
                    "trials": 1
                }
            },
            {
                "query": {
                    "x": 0.7578571005818479
                },
                "metrics": {
                    "outcome": -6.020542089338137
                },
                "metadata": {
                    "trials": 1
                }
            },
            {
                "query": {
                    "x": 0.7566313476714045
                },
                "metrics": {
                    "outcome": -6.0205368548809295
                },
                "metadata": {
                    "trials": 1
                }
            },
            {
                "query": {
                    "x": 0.7563086945429042
                },
                "metrics": {
                    "outcome": -6.020269414899602
                },
                "metadata": {
                    "trials": 1
                }
            }
        ],
        [
            {
                "query": {
                    "x": 0.7572504812994268
                },
                "metrics": {
                    "outcome": -6.020740054180919
                },
                "metadata": {
                    "trials": 1
                }
            },
            {
                "query": {
                    "x": 0.7575542107029356
                },
                "metrics": {
                    "outcome": -6.020690189102418
                },
                "metadata": {
                    "trials": 1
                }
            },
            {
                "query": {
                    "x": 0.7569469987517015
                },
                "metrics": {
                    "outcome": -6.0206914719889
                },
                "metadata": {
                    "trials": 1
                }
            },
            {
                "query": {
                    "x": 0.7578571562532478
                },
                "metrics": {
                    "outcome": -6.0205420530721865
                },
                "metadata": {
                    "trials": 1
                }
            },
            {
                "query": {
                    "x": 0.7566447666193263
                },
                "metrics": {
                    "outcome": -6.020545584247579
                },
                "metadata": {
                    "trials": 1
                }
            },
            {
                "query": {
                    "x": 0.7581757374048818
                },
                "metrics": {
                    "outcome": -6.020279983298549
                },
                "metadata": {
                    "trials": 1
                }
            }
        ]
    ],
    "best_results": [
        {
            "query": {
                "x": 0.7572498650561283
            },
            "metrics": [
                {
                    "name": "outcome",
                    "value": -6.020740055112432
                }
            ]
        }
    ]
}