{
    "date": "04/11/2022 13:58:24",
    "basic_params": {
        "active_variables": [
            "x1",
            "x2"
        ],
        "default_query": {},
        "metric": "basic",
        "n_trials": 1
    },
    "objective_function": {
        "name": "Branin",
        "params": {}
    },
    "optimizer": {
        "name": "BBO-LP(LCB)",
        "params": {
            "lower_bound": [
                -5.0,
                0.0
            ],
            "upper_bound": [
                10.0,
                15.0
            ],
            "invert_metric": false,
            "bopt_params": {
                "n_init_samples": 15,
                "n_iterations": 45,
                "n_iter_relearn": 5,
                "verbose_level": 1,
                "n_parallel_samples": 3,
                "par_type": "PAR_BBO",
                "crit_name": "cLP(cLCB)",
                "n_crit_params": 3,
                "crit_params": [
                    3,
                    1,
                    1.0
                ]
            }
        }
    },
    "iterations": [
        [
            {
                "query": {
                    "x1": 7.270943052135408,
                    "x2": 7.024399480782449
                },
                "metrics": {
                    "outcome": 48.54390397406973
                },
                "metadata": {
                    "trials": 1
                }
            }
        ],
        [
            {
                "query": {
                    "x1": 3.9015005426481366,
                    "x2": 11.864927450893447
                },
                "metrics": {
                    "outcome": 105.21008160549009
                },
                "metadata": {
                    "trials": 1
                }
            }
        ],
        [
            {
                "query": {
                    "x1": -3.616324526956305,
                    "x2": 8.680106858024374
                },
                "metrics": {
                    "outcome": 24.16402462634857
                },
                "metadata": {
                    "trials": 1
                }
            }
        ],
        [
            {
                "query": {
                    "x1": 2.3771710856817663,
                    "x2": 0.2808851187583059
                },
                "metrics": {
                    "outcome": 10.175550091553585
                },
                "metadata": {
                    "trials": 1
                }
            }
        ],
        [
            {
                "query": {
                    "x1": 4.875804889248684,
                    "x2": 5.69955736794509
                },
                "metrics": {
                    "outcome": 30.820897120283682
                },
                "metadata": {
                    "trials": 1
                }
            }
        ],
        [
            {
                "query": {
                    "x1": 5.976139655802399,
                    "x2": 1.272362120449543
                },
                "metrics": {
                    "outcome": 19.181913421868188
                },
                "metadata": {
                    "trials": 1
                }
            }
        ],
        [
            {
                "query": {
                    "x1": 0.29828208312392235,
                    "x2": 12.134805987821892
                },
                "metrics": {
                    "outcome": 62.7122791170374
                },
                "metadata": {
                    "trials": 1
                }
            }
        ],
        [
            {
                "query": {
                    "x1": 9.54765639663674,
                    "x2": 6.856637579156086
                },
                "metrics": {
                    "outcome": 18.754775525951914
                },
                "metadata": {
                    "trials": 1
                }
            }
        ],
        [
            {
                "query": {
                    "x1": 1.792329725343734,
                    "x2": 9.272951962891966
                },
                "metrics": {
                    "outcome": 40.50037893755851
                },
                "metadata": {
                    "trials": 1
                }
            }
        ],
        [
            {
                "query": {
                    "x1": -4.122322200564668,
                    "x2": 3.6151745836250484
                },
                "metrics": {
                    "outcome": 128.7792659444636
                },
                "metadata": {
                    "trials": 1
                }
            }
        ],
        [
            {
                "query": {
                    "x1": 8.853948048548773,
                    "x2": 2.6713227077852935
                },
                "metrics": {
                    "outcome": 2.3244346689107642
                },
                "metadata": {
                    "trials": 1
                }
            }
        ],
        [
            {
                "query": {
                    "x1": -0.10366482473909855,
                    "x2": 10.201148215215653
                },
                "metrics": {
                    "outcome": 35.829951923817525
                },
                "metadata": {
                    "trials": 1
                }
            }
        ],
        [
            {
                "query": {
                    "x1": 6.784315693192184,
                    "x2": 14.921724548563361
                },
                "metrics": {
                    "outcome": 208.12607751024157
                },
                "metadata": {
                    "trials": 1
                }
            }
        ],
        [
            {
                "query": {
                    "x1": -2.515349512686953,
                    "x2": 4.059078054735437
                },
                "metrics": {
                    "outcome": 47.93890373146987
                },
                "metadata": {
                    "trials": 1
                }
            }
        ],
        [
            {
                "query": {
                    "x1": -1.9294022228568792,
                    "x2": 13.727446033619344
                },
                "metrics": {
                    "outcome": 24.067307747527146
                },
                "metadata": {
                    "trials": 1
                }
            }
        ],
        [
            {
                "query": {
                    "x1": 10.0,
                    "x2": 2.3502503050785055
                },
                "metrics": {
                    "outcome": 2.3691661771153845
                },
                "metadata": {
                    "trials": 1
                }
            },
            {
                "query": {
                    "x1": 9.993066441999556,
                    "x2": 2.35015902996273
                },
                "metrics": {
                    "outcome": 2.3243341727937104
                },
                "metadata": {
                    "trials": 1
                }
            },
            {
                "query": {
                    "x1": 9.999625002387514,
                    "x2": 2.3439149997398694
                },
                "metrics": {
                    "outcome": 2.3750279415875486
                },
                "metadata": {
                    "trials": 1
                }
            }
        ],
        [
            {
                "query": {
                    "x1": 4.132844369907918,
                    "x2": 2.3473725675633403
                },
                "metrics": {
                    "outcome": 5.257677258003285
                },
                "metadata": {
                    "trials": 1
                }
            },
            {
                "query": {
                    "x1": 4.132844369907918,
                    "x2": 2.3473725675633403
                },
                "metrics": {
                    "outcome": 5.257677258003285
                },
                "metadata": {
                    "trials": 1
                }
            },
            {
                "query": {
                    "x1": 4.132844369907918,
                    "x2": 2.3473725675633403
                },
                "metrics": {
                    "outcome": 5.257677258003285
                },
                "metadata": {
                    "trials": 1
                }
            }
        ],
        [
            {
                "query": {
                    "x1": 8.076817394985452,
                    "x2": 2.381684004014599
                },
                "metrics": {
                    "outcome": 8.532433824231294
                },
                "metadata": {
                    "trials": 1
                }
            },
            {
                "query": {
                    "x1": 8.075473387507829,
                    "x2": 2.3816898865635823
                },
                "metrics": {
                    "outcome": 8.546108509536168
                },
                "metadata": {
                    "trials": 1
                }
            },
            {
                "query": {
                    "x1": 8.07816041319384,
                    "x2": 2.3816780957601864
                },
                "metrics": {
                    "outcome": 8.518773131201328
                },
                "metadata": {
                    "trials": 1
                }
            }
        ],
        [
            {
                "query": {
                    "x1": -2.1739526173786086,
                    "x2": 2.236481631021623
                },
                "metrics": {
                    "outcome": 65.92490999416356
                },
                "metadata": {
                    "trials": 1
                }
            },
            {
                "query": {
                    "x1": -2.173952038938439,
                    "x2": 2.236481628319178
                },
                "metrics": {
                    "outcome": 65.9248950959518
                },
                "metadata": {
                    "trials": 1
                }
            },
            {
                "query": {
                    "x1": -2.173949256889625,
                    "x2": 2.23648160469952
                },
                "metrics": {
                    "outcome": 65.92482360846486
                },
                "metadata": {
                    "trials": 1
                }
            }
        ],
        [
            {
                "query": {
                    "x1": 10.0,
                    "x2": 2.746892456468212
                },
                "metrics": {
                    "outcome": 2.008709511156062
                },
                "metadata": {
                    "trials": 1
                }
            },
            {
                "query": {
                    "x1": 10.0,
                    "x2": 2.7474497450122053
                },
                "metrics": {
                    "outcome": 2.008424418493342
                },
                "metadata": {
                    "trials": 1
                }
            },
            {
                "query": {
                    "x1": 10.0,
                    "x2": 2.746296781571982
                },
                "metrics": {
                    "outcome": 2.0090149279551026
                },
                "metadata": {
                    "trials": 1
                }
            }
        ],
        [
            {
                "query": {
                    "x1": 9.393730807208588,
                    "x2": 2.4284905520536237
                },
                "metrics": {
                    "outcome": 0.4029328474485183
                },
                "metadata": {
                    "trials": 1
                }
            },
            {
                "query": {
                    "x1": 9.393730529051394,
                    "x2": 2.4284907642271594
                },
                "metrics": {
                    "outcome": 0.4029329121808498
                },
                "metadata": {
                    "trials": 1
                }
            },
            {
                "query": {
                    "x1": 9.39373104206172,
                    "x2": 2.4284916585074496
                },
                "metrics": {
                    "outcome": 0.4029327402273033
                },
                "metadata": {
                    "trials": 1
                }
            }
        ],
        [
            {
                "query": {
                    "x1": 9.42990556462018,
                    "x2": 2.5655547648639616
                },
                "metrics": {
                    "outcome": 0.40544853313158136
                },
                "metadata": {
                    "trials": 1
                }
            },
            {
                "query": {
                    "x1": 9.431858019318273,
                    "x2": 2.5757373109534716
                },
                "metrics": {
                    "outcome": 0.4071072232271895
                },
                "metadata": {
                    "trials": 1
                }
            },
            {
                "query": {
                    "x1": 9.427964346543597,
                    "x2": 2.55536745987479
                },
                "metrics": {
                    "outcome": 0.4039700313560104
                },
                "metadata": {
                    "trials": 1
                }
            }
        ],
        [
            {
                "query": {
                    "x1": 9.417071802050048,
                    "x2": 2.4871836928029576
                },
                "metrics": {
                    "outcome": 0.39852127176403407
                },
                "metadata": {
                    "trials": 1
                }
            },
            {
                "query": {
                    "x1": 9.41678671935502,
                    "x2": 2.484569888270349
                },
                "metrics": {
                    "outcome": 0.39845972016438225
                },
                "metadata": {
                    "trials": 1
                }
            },
            {
                "query": {
                    "x1": 9.41734116054972,
                    "x2": 2.489798526117705
                },
                "metrics": {
                    "outcome": 0.39859659603564523
                },
                "metadata": {
                    "trials": 1
                }
            }
        ],
        [
            {
                "query": {
                    "x1": 9.406353937780027,
                    "x2": 2.4922086536732553
                },
                "metrics": {
                    "outcome": 0.4005866774429059
                },
                "metadata": {
                    "trials": 1
                }
            },
            {
                "query": {
                    "x1": 9.405869412517124,
                    "x2": 2.489827899807812
                },
                "metrics": {
                    "outcome": 0.4005482670561822
                },
                "metadata": {
                    "trials": 1
                }
            },
            {
                "query": {
                    "x1": 9.4068399471007,
                    "x2": 2.4945891255197075
                },
                "metrics": {
                    "outcome": 0.40063477233172406
                },
                "metadata": {
                    "trials": 1
                }
            }
        ],
        [
            {
                "query": {
                    "x1": 9.42507104044145,
                    "x2": 2.4808916914452803
                },
                "metrics": {
                    "outcome": 0.397919630064667
                },
                "metadata": {
                    "trials": 1
                }
            },
            {
                "query": {
                    "x1": 9.42561086940188,
                    "x2": 2.4834347157704335
                },
                "metrics": {
                    "outcome": 0.39795047299711683
                },
                "metadata": {
                    "trials": 1
                }
            },
            {
                "query": {
                    "x1": 9.424528486154985,
                    "x2": 2.478348643795603
                },
                "metrics": {
                    "outcome": 0.3979003235356515
                },
                "metadata": {
                    "trials": 1
                }
            }
        ],
        [
            {
                "query": {
                    "x1": 9.425864805798877,
                    "x2": 2.480590088613715
                },
                "metrics": {
                    "outcome": 0.39791486730796954
                },
                "metadata": {
                    "trials": 1
                }
            },
            {
                "query": {
                    "x1": 9.426240120526877,
                    "x2": 2.4823552483598563
                },
                "metrics": {
                    "outcome": 0.39793509606172073
                },
                "metadata": {
                    "trials": 1
                }
            },
            {
                "query": {
                    "x1": 9.42548845363812,
                    "x2": 2.478825359442271
                },
                "metrics": {
                    "outcome": 0.39790018824028195
                },
                "metadata": {
                    "trials": 1
                }
            }
        ],
        [
            {
                "query": {
                    "x1": 9.425667208709305,
                    "x2": 2.480701997011535
                },
                "metrics": {
                    "outcome": 0.3979156744992789
                },
                "metadata": {
                    "trials": 1
                }
            },
            {
                "query": {
                    "x1": 9.425346067507187,
                    "x2": 2.4791715839919672
                },
                "metrics": {
                    "outcome": 0.3979025405651324
                },
                "metadata": {
                    "trials": 1
                }
            },
            {
                "query": {
                    "x1": 9.425989069416584,
                    "x2": 2.4822320278577354
                },
                "metrics": {
                    "outcome": 0.39793296695480507
                },
                "metadata": {
                    "trials": 1
                }
            }
        ],
        [
            {
                "query": {
                    "x1": 9.425516059707016,
                    "x2": 2.4807880575641126
                },
                "metrics": {
                    "outcome": 0.3979166545003725
                },
                "metadata": {
                    "trials": 1
                }
            },
            {
                "query": {
                    "x1": 9.42522471179849,
                    "x2": 2.4793859140395695
                },
                "metrics": {
                    "outcome": 0.39790438839180453
                },
                "metadata": {
                    "trials": 1
                }
            },
            {
                "query": {
                    "x1": 9.42580777572599,
                    "x2": 2.48218985847882
                },
                "metrics": {
                    "outcome": 0.3979324050223223
                },
                "metadata": {
                    "trials": 1
                }
            }
        ],
        [
            {
                "query": {
                    "x1": 9.42540314927845,
                    "x2": 2.4808537635342454
                },
                "metrics": {
                    "outcome": 0.39791760431304724
                },
                "metadata": {
                    "trials": 1
                }
            },
            {
                "query": {
                    "x1": 9.425132780946974,
                    "x2": 2.4795370936826227
                },
                "metrics": {
                    "outcome": 0.39790592094154853
                },
                "metadata": {
                    "trials": 1
                }
            },
            {
                "query": {
                    "x1": 9.425675442672235,
                    "x2": 2.4821697160721308
                },
                "metrics": {
                    "outcome": 0.39793234587001614
                },
                "metadata": {
                    "trials": 1
                }
            }
        ],
        [
            {
                "query": {
                    "x1": 9.425314777547504,
                    "x2": 2.4809042249604185
                },
                "metrics": {
                    "outcome": 0.3979184587110751
                },
                "metadata": {
                    "trials": 1
                }
            },
            {
                "query": {
                    "x1": 9.425059516418521,
                    "x2": 2.479650601558376
                },
                "metrics": {
                    "outcome": 0.39790721371790383
                },
                "metadata": {
                    "trials": 1
                }
            },
            {
                "query": {
                    "x1": 9.425572196610656,
                    "x2": 2.4821478050864774
                },
                "metrics": {
                    "outcome": 0.3979323477756367
                },
                "metadata": {
                    "trials": 1
                }
            }
        ],
        [
            {
                "query": {
                    "x1": 9.425242953858552,
                    "x2": 2.480945600643551
                },
                "metrics": {
                    "outcome": 0.3979192354055687
                },
                "metadata": {
                    "trials": 1
                }
            },
            {
                "query": {
                    "x1": 9.42500060036502,
                    "x2": 2.4797412910603396
                },
                "metrics": {
                    "outcome": 0.3979083299217905
                },
                "metadata": {
                    "trials": 1
                }
            },
            {
                "query": {
                    "x1": 9.425487745200483,
                    "x2": 2.482149144609928
                },
                "metrics": {
                    "outcome": 0.39793268370604906
                },
                "metadata": {
                    "trials": 1
                }
            }
        ],
        [
            {
                "query": {
                    "x1": 9.425182872813934,
                    "x2": 2.480979387489235
                },
                "metrics": {
                    "outcome": 0.39791992983236923
                },
                "metadata": {
                    "trials": 1
                }
            },
            {
                "query": {
                    "x1": 9.424931663118358,
                    "x2": 2.4797219382600506
                },
                "metrics": {
                    "outcome": 0.3979085602243764
                },
                "metadata": {
                    "trials": 1
                }
            },
            {
                "query": {
                    "x1": 9.425438163890437,
                    "x2": 2.482235550765877
                },
                "metrics": {
                    "outcome": 0.39793405404359916
                },
                "metadata": {
                    "trials": 1
                }
            }
        ],
        [
            {
                "query": {
                    "x1": 9.42513271192295,
                    "x2": 2.4810084872842952
                },
                "metrics": {
                    "outcome": 0.3979205572524638
                },
                "metadata": {
                    "trials": 1
                }
            },
            {
                "query": {
                    "x1": 9.424908071652895,
                    "x2": 2.4798783649905394
                },
                "metrics": {
                    "outcome": 0.39791017866184397
                },
                "metadata": {
                    "trials": 1
                }
            },
            {
                "query": {
                    "x1": 9.425358647743206,
                    "x2": 2.4821378820563065
                },
                "metrics": {
                    "outcome": 0.39793317275957385
                },
                "metadata": {
                    "trials": 1
                }
            }
        ],
        [
            {
                "query": {
                    "x1": 9.425088048926451,
                    "x2": 2.481031249012135
                },
                "metrics": {
                    "outcome": 0.3979211084731844
                },
                "metadata": {
                    "trials": 1
                }
            },
            {
                "query": {
                    "x1": 9.424870969983214,
                    "x2": 2.4799301195682704
                },
                "metrics": {
                    "outcome": 0.3979109378981782
                },
                "metadata": {
                    "trials": 1
                }
            },
            {
                "query": {
                    "x1": 9.425306074476968,
                    "x2": 2.4821318342926215
                },
                "metrics": {
                    "outcome": 0.39793340368127517
                },
                "metadata": {
                    "trials": 1
                }
            }
        ],
        [
            {
                "query": {
                    "x1": 9.425049306657792,
                    "x2": 2.4810551908676737
                },
                "metrics": {
                    "outcome": 0.3979216569422199
                },
                "metadata": {
                    "trials": 1
                }
            },
            {
                "query": {
                    "x1": 9.424839295247384,
                    "x2": 2.479979169446677
                },
                "metrics": {
                    "outcome": 0.3979116553773121
                },
                "metadata": {
                    "trials": 1
                }
            },
            {
                "query": {
                    "x1": 9.425257353789487,
                    "x2": 2.4821311703699163
                },
                "metrics": {
                    "outcome": 0.39793371043109893
                },
                "metadata": {
                    "trials": 1
                }
            }
        ],
        [
            {
                "query": {
                    "x1": 9.42501479555915,
                    "x2": 2.4810745021927727
                },
                "metrics": {
                    "outcome": 0.3979221393569379
                },
                "metadata": {
                    "trials": 1
                }
            },
            {
                "query": {
                    "x1": 9.424811088471662,
                    "x2": 2.4800208761454554
                },
                "metrics": {
                    "outcome": 0.3979122923694316
                },
                "metadata": {
                    "trials": 1
                }
            },
            {
                "query": {
                    "x1": 9.425220610048578,
                    "x2": 2.482127631637
                },
                "metrics": {
                    "outcome": 0.3979339179594721
                },
                "metadata": {
                    "trials": 1
                }
            }
        ],
        [
            {
                "query": {
                    "x1": 9.424984077898072,
                    "x2": 2.4810915206918964
                },
                "metrics": {
                    "outcome": 0.3979225802929012
                },
                "metadata": {
                    "trials": 1
                }
            },
            {
                "query": {
                    "x1": 9.424768130699753,
                    "x2": 2.4799745157378292
                },
                "metrics": {
                    "outcome": 0.3979121865652182
                },
                "metadata": {
                    "trials": 1
                }
            },
            {
                "query": {
                    "x1": 9.425200028907428,
                    "x2": 2.482207677152549
                },
                "metrics": {
                    "outcome": 0.3979351578406565
                },
                "metadata": {
                    "trials": 1
                }
            }
        ],
        [
            {
                "query": {
                    "x1": 9.424956026267417,
                    "x2": 2.4811059941123608
                },
                "metrics": {
                    "outcome": 0.3979229813690033
                },
                "metadata": {
                    "trials": 1
                }
            },
            {
                "query": {
                    "x1": 9.424762631746109,
                    "x2": 2.4800901211501714
                },
                "metrics": {
                    "outcome": 0.39791339999224995
                },
                "metadata": {
                    "trials": 1
                }
            },
            {
                "query": {
                    "x1": 9.425150851407173,
                    "x2": 2.482121160216622
                },
                "metrics": {
                    "outcome": 0.39793435512274655
                },
                "metadata": {
                    "trials": 1
                }
            }
        ],
        [
            {
                "query": {
                    "x1": 9.424930256406565,
                    "x2": 2.4811216660132795
                },
                "metrics": {
                    "outcome": 0.3979233875125363
                },
                "metadata": {
                    "trials": 1
                }
            },
            {
                "query": {
                    "x1": 9.424741724233282,
                    "x2": 2.4801222180718967
                },
                "metrics": {
                    "outcome": 0.3979139152188349
                },
                "metadata": {
                    "trials": 1
                }
            },
            {
                "query": {
                    "x1": 9.425120866408912,
                    "x2": 2.482120436066469
                },
                "metrics": {
                    "outcome": 0.39793458717893593
                },
                "metadata": {
                    "trials": 1
                }
            }
        ],
        [
            {
                "query": {
                    "x1": 9.42490646388158,
                    "x2": 2.481133943161904
                },
                "metrics": {
                    "outcome": 0.39792374421356946
                },
                "metadata": {
                    "trials": 1
                }
            },
            {
                "query": {
                    "x1": 9.424723258545551,
                    "x2": 2.4801491963205358
                },
                "metrics": {
                    "outcome": 0.3979143636373905
                },
                "metadata": {
                    "trials": 1
                }
            },
            {
                "query": {
                    "x1": 9.425093123762434,
                    "x2": 2.482117762703908
                },
                "metrics": {
                    "outcome": 0.397934783185228
                },
                "metadata": {
                    "trials": 1
                }
            }
        ],
        [
            {
                "query": {
                    "x1": 9.424885343343716,
                    "x2": 2.481145922002051
                },
                "metrics": {
                    "outcome": 0.397924080245847
                },
                "metadata": {
                    "trials": 1
                }
            },
            {
                "query": {
                    "x1": 9.424690780629993,
                    "x2": 2.48009703075903
                },
                "metrics": {
                    "outcome": 0.39791412899377043
                },
                "metadata": {
                    "trials": 1
                }
            },
            {
                "query": {
                    "x1": 9.425081788458948,
                    "x2": 2.48219432136021
                },
                "metrics": {
                    "outcome": 0.39793593710303377
                },
                "metadata": {
                    "trials": 1
                }
            }
        ],
        [
            {
                "query": {
                    "x1": 9.424865078576673,
                    "x2": 2.4811560603443774
                },
                "metrics": {
                    "outcome": 0.39792439186958184
                },
                "metadata": {
                    "trials": 1
                }
            },
            {
                "query": {
                    "x1": 9.424675517130714,
                    "x2": 2.4801203984457105
                },
                "metrics": {
                    "outcome": 0.39791451899065855
                },
                "metadata": {
                    "trials": 1
                }
            },
            {
                "query": {
                    "x1": 9.425058351986541,
                    "x2": 2.4821906828798292
                },
                "metrics": {
                    "outcome": 0.39793609548174125
                },
                "metadata": {
                    "trials": 1
                }
            }
        ],
        [
            {
                "query": {
                    "x1": 9.424847085593207,
                    "x2": 2.481166828104741
                },
                "metrics": {
                    "outcome": 0.39792469467756675
                },
                "metadata": {
                    "trials": 1
                }
            },
            {
                "query": {
                    "x1": 9.424674820179678,
                    "x2": 2.4802204446652176
                },
                "metrics": {
                    "outcome": 0.3979155777710943
                },
                "metadata": {
                    "trials": 1
                }
            },
            {
                "query": {
                    "x1": 9.425022323829555,
                    "x2": 2.482112564512699
                },
                "metrics": {
                    "outcome": 0.3979353432110493
                },
                "metadata": {
                    "trials": 1
                }
            }
        ],
        [
            {
                "query": {
                    "x1": 9.424829494275627,
                    "x2": 2.481176904107929
                },
                "metrics": {
                    "outcome": 0.3979249894945074
                },
                "metadata": {
                    "trials": 1
                }
            },
            {
                "query": {
                    "x1": 9.424647640409125,
                    "x2": 2.4801662012769805
                },
                "metrics": {
                    "outcome": 0.3979152767848326
                },
                "metadata": {
                    "trials": 1
                }
            },
            {
                "query": {
                    "x1": 9.425014578942644,
                    "x2": 2.482186802406952
                },
                "metrics": {
                    "outcome": 0.3979364475340237
                },
                "metadata": {
                    "trials": 1
                }
            }
        ],
        [
            {
                "query": {
                    "x1": 9.42481317114852,
                    "x2": 2.481184281144201
                },
                "metrics": {
                    "outcome": 0.3979252425404063
                },
                "metadata": {
                    "trials": 1
                }
            },
            {
                "query": {
                    "x1": 9.424647872621229,
                    "x2": 2.4802591233384685
                },
                "metrics": {
                    "outcome": 0.3979162635630189
                },
                "metadata": {
                    "trials": 1
                }
            },
            {
                "query": {
                    "x1": 9.424979885932736,
                    "x2": 2.482108527053531
                },
                "metrics": {
                    "outcome": 0.39793569201776613
                },
                "metadata": {
                    "trials": 1
                }
            }
        ],
        [
            {
                "query": {
                    "x1": 9.424798172679603,
                    "x2": 2.4811933242431734
                },
                "metrics": {
                    "outcome": 0.3979255060641407
                },
                "metadata": {
                    "trials": 1
                }
            },
            {
                "query": {
                    "x1": 9.424635095129448,
                    "x2": 2.480277842484242
                },
                "metrics": {
                    "outcome": 0.39791659790532385
                },
                "metadata": {
                    "trials": 1
                }
            },
            {
                "query": {
                    "x1": 9.42496553313547,
                    "x2": 2.482107802773071
                },
                "metrics": {
                    "outcome": 0.3979358232671224
                },
                "metadata": {
                    "trials": 1
                }
            }
        ],
        [
            {
                "query": {
                    "x1": 9.424783423109044,
                    "x2": 2.481199961781062
                },
                "metrics": {
                    "outcome": 0.3979257402863787
                },
                "metadata": {
                    "trials": 1
                }
            },
            {
                "query": {
                    "x1": 9.42462450877357,
                    "x2": 2.4802936945091187
                },
                "metrics": {
                    "outcome": 0.39791688113771784
                },
                "metadata": {
                    "trials": 1
                }
            },
            {
                "query": {
                    "x1": 9.424948220125248,
                    "x2": 2.4821051566362295
                },
                "metrics": {
                    "outcome": 0.39793595988068375
                },
                "metadata": {
                    "trials": 1
                }
            }
        ],
        [
            {
                "query": {
                    "x1": 9.424770323797354,
                    "x2": 2.481207746690448
                },
                "metrics": {
                    "outcome": 0.3979259741500911
                },
                "metadata": {
                    "trials": 1
                }
            },
            {
                "query": {
                    "x1": 9.42461349161175,
                    "x2": 2.480310334711872
                },
                "metrics": {
                    "outcome": 0.39791717990206266
                },
                "metadata": {
                    "trials": 1
                }
            },
            {
                "query": {
                    "x1": 9.424923766532904,
                    "x2": 2.4821037034124305
                },
                "metrics": {
                    "outcome": 0.3979361901148142
                },
                "metadata": {
                    "trials": 1
                }
            }
        ],
        [
            {
                "query": {
                    "x1": 9.424757046930045,
                    "x2": 2.4812146034982487
                },
                "metrics": {
                    "outcome": 0.3979262007037736
                },
                "metadata": {
                    "trials": 1
                }
            },
            {
                "query": {
                    "x1": 9.42459119011643,
                    "x2": 2.480253199773335
                },
                "metrics": {
                    "outcome": 0.39791680131660456
                },
                "metadata": {
                    "trials": 1
                }
            },
            {
                "query": {
                    "x1": 9.424924963622278,
                    "x2": 2.482175123439767
                },
                "metrics": {
                    "outcome": 0.3979371797818665
                },
                "metadata": {
                    "trials": 1
                }
            }
        ],
        [
            {
                "query": {
                    "x1": 9.42474486250742,
                    "x2": 2.4812199408462496
                },
                "metrics": {
                    "outcome": 0.39792639874123026
                },
                "metadata": {
                    "trials": 1
                }
            },
            {
                "query": {
                    "x1": 9.424594906170602,
                    "x2": 2.4803378925451254
                },
                "metrics": {
                    "outcome": 0.39791768395273763
                },
                "metadata": {
                    "trials": 1
                }
            },
            {
                "query": {
                    "x1": 9.424896723208645,
                    "x2": 2.482101224731618
                },
                "metrics": {
                    "outcome": 0.3979364400672516
                },
                "metadata": {
                    "trials": 1
                }
            }
        ],
        [
            {
                "query": {
                    "x1": 9.424733352128243,
                    "x2": 2.481226278085454
                },
                "metrics": {
                    "outcome": 0.39792660380392597
                },
                "metadata": {
                    "trials": 1
                }
            },
            {
                "query": {
                    "x1": 9.424585133059981,
                    "x2": 2.4803517452882344
                },
                "metrics": {
                    "outcome": 0.39791794479454623
                },
                "metadata": {
                    "trials": 1
                }
            },
            {
                "query": {
                    "x1": 9.424882236723208,
                    "x2": 2.482100179764844
                },
                "metrics": {
                    "outcome": 0.397936581154573
                },
                "metadata": {
                    "trials": 1
                }
            }
        ],
        [
            {
                "query": {
                    "x1": 9.42472233599796,
                    "x2": 2.4812323761030903
                },
                "metrics": {
                    "outcome": 0.39792680214775267
                },
                "metadata": {
                    "trials": 1
                }
            },
            {
                "query": {
                    "x1": 9.424577587325295,
                    "x2": 2.4803647065261956
                },
                "metrics": {
                    "outcome": 0.3979181725533678
                },
                "metadata": {
                    "trials": 1
                }
            },
            {
                "query": {
                    "x1": 9.424867315798332,
                    "x2": 2.482099148787802
                },
                "metrics": {
                    "outcome": 0.3979367294766938
                },
                "metadata": {
                    "trials": 1
                }
            }
        ],
        [
            {
                "query": {
                    "x1": 9.424711408332353,
                    "x2": 2.481237595309519
                },
                "metrics": {
                    "outcome": 0.39792699007140087
                },
                "metadata": {
                    "trials": 1
                }
            },
            {
                "query": {
                    "x1": 9.42457016802748,
                    "x2": 2.4803763976737603
                },
                "metrics": {
                    "outcome": 0.3979183860651201
                },
                "metadata": {
                    "trials": 1
                }
            },
            {
                "query": {
                    "x1": 9.424855422075462,
                    "x2": 2.4820978280852657
                },
                "metrics": {
                    "outcome": 0.3979368424114931
                },
                "metadata": {
                    "trials": 1
                }
            }
        ],
        [
            {
                "query": {
                    "x1": 9.424702030383111,
                    "x2": 2.481243100414543
                },
                "metrics": {
                    "outcome": 0.3979271655328205
                },
                "metadata": {
                    "trials": 1
                }
            },
            {
                "query": {
                    "x1": 9.424561919154321,
                    "x2": 2.480388399662315
                },
                "metrics": {
                    "outcome": 0.3979186137251052
                },
                "metadata": {
                    "trials": 1
                }
            },
            {
                "query": {
                    "x1": 9.424843594609277,
                    "x2": 2.4820971153287354
                },
                "metrics": {
                    "outcome": 0.3979369646722155
                },
                "metadata": {
                    "trials": 1
                }
            }
        ],
        [
            {
                "query": {
                    "x1": 9.42469226272295,
                    "x2": 2.4812479428068173
                },
                "metrics": {
                    "outcome": 0.3979273382964017
                },
                "metadata": {
                    "trials": 1
                }
            },
            {
                "query": {
                    "x1": 9.424544609958073,
                    "x2": 2.4803307887490424
                },
                "metrics": {
                    "outcome": 0.39791817372127625
                },
                "metadata": {
                    "trials": 1
                }
            },
            {
                "query": {
                    "x1": 9.424845509612448,
                    "x2": 2.482163952091281
                },
                "metrics": {
                    "outcome": 0.3979378886960525
                },
                "metadata": {
                    "trials": 1
                }
            }
        ],
        [
            {
                "query": {
                    "x1": 9.424682964789556,
                    "x2": 2.481252184802274
                },
                "metrics": {
                    "outcome": 0.3979274992658155
                },
                "metadata": {
                    "trials": 1
                }
            },
            {
                "query": {
                    "x1": 9.424549026625504,
                    "x2": 2.4804096576921264
                },
                "metrics": {
                    "outcome": 0.3979190002960884
                },
                "metadata": {
                    "trials": 1
                }
            },
            {
                "query": {
                    "x1": 9.424820029668302,
                    "x2": 2.482094171958348
                },
                "metrics": {
                    "outcome": 0.3979371912707279
                },
                "metadata": {
                    "trials": 1
                }
            }
        ],
        [
            {
                "query": {
                    "x1": 9.424674123262488,
                    "x2": 2.481255715156562
                },
                "metrics": {
                    "outcome": 0.3979276469875259
                },
                "metadata": {
                    "trials": 1
                }
            },
            {
                "query": {
                    "x1": 9.424542522278564,
                    "x2": 2.4804187159884643
                },
                "metrics": {
                    "outcome": 0.3979191779872302
                },
                "metadata": {
                    "trials": 1
                }
            },
            {
                "query": {
                    "x1": 9.424809501804177,
                    "x2": 2.4820918813644575
                },
                "metrics": {
                    "outcome": 0.39793728062678646
                },
                "metadata": {
                    "trials": 1
                }
            }
        ],
        [
            {
                "query": {
                    "x1": 9.42466583336298,
                    "x2": 2.481260801674764
                },
                "metrics": {
                    "outcome": 0.3979278089703122
                },
                "metadata": {
                    "trials": 1
                }
            },
            {
                "query": {
                    "x1": 9.424536787000273,
                    "x2": 2.4804288839028996
                },
                "metrics": {
                    "outcome": 0.39791935991583927
                },
                "metadata": {
                    "trials": 1
                }
            },
            {
                "query": {
                    "x1": 9.424798522199803,
                    "x2": 2.482091519856727
                },
                "metrics": {
                    "outcome": 0.39793740372273767
                },
                "metadata": {
                    "trials": 1
                }
            }
        ],
        [
            {
                "query": {
                    "x1": 9.424657282743874,
                    "x2": 2.481264680894956
                },
                "metrics": {
                    "outcome": 0.3979279596330656
                },
                "metadata": {
                    "trials": 1
                }
            },
            {
                "query": {
                    "x1": 9.424530559246453,
                    "x2": 2.4804378804414666
                },
                "metrics": {
                    "outcome": 0.3979195352411722
                },
                "metadata": {
                    "trials": 1
                }
            },
            {
                "query": {
                    "x1": 9.424788592300605,
                    "x2": 2.4820898979183585
                },
                "metrics": {
                    "outcome": 0.39793749784180577
                },
                "metadata": {
                    "trials": 1
                }
            }
        ],
        [
            {
                "query": {
                    "x1": 9.424649751227742,
                    "x2": 2.481268922401211
                },
                "metrics": {
                    "outcome": 0.39792810364100717
                },
                "metadata": {
                    "trials": 1
                }
            },
            {
                "query": {
                    "x1": 9.424524982983028,
                    "x2": 2.480447291211333
                },
                "metrics": {
                    "outcome": 0.3979197082288284
                },
                "metadata": {
                    "trials": 1
                }
            },
            {
                "query": {
                    "x1": 9.424775132318546,
                    "x2": 2.4820900081979738
                },
                "metrics": {
                    "outcome": 0.39793765982158114
                },
                "metadata": {
                    "trials": 1
                }
            }
        ]
    ],
    "best_results": [
        {
            "query": {
                "x1": 9.42548845363812,
                "x2": 2.478825359442271
            },
            "metrics": [
                {
                    "name": "outcome",
                    "value": 0.39790018824028195
                }
            ]
        }
    ]
}