{
    "date": "26/10/2022 19:14:50",
    "basic_params": {
        "active_variables": [
            "x"
        ],
        "default_query": {},
        "metric": "basic",
        "n_trials": 1
    },
    "objective_function": {
        "name": "Gramacy1D",
        "params": {}
    },
    "optimizer": {
        "name": "BBO-LP",
        "params": {
            "lower_bound": [
                0.5
            ],
            "upper_bound": [
                2.5
            ],
            "invert_metric": false,
            "bopt_params": {
                "n_init_samples": 15,
                "n_iterations": 45,
                "verbose_level": 1,
                "n_parallel_samples": 3,
                "par_type": "PAR_BBO",
                "crit_name": "cLP(cLCB)",
                "n_crit_params": 4,
                "crit_params": [
                    3,
                    1,
                    1.0
                ]
            }
        }
    },
    "iterations": [
        [
            {
                "query": {
                    "x": 2.2715972484089435
                },
                "metrics": {
                    "outcome": 2.785917070023757
                },
                "metadata": {
                    "trials": 1
                }
            }
        ],
        [
            {
                "query": {
                    "x": 0.7074616698858639
                },
                "metrics": {
                    "outcome": -0.1568366260641996
                },
                "metadata": {
                    "trials": 1
                }
            }
        ],
        [
            {
                "query": {
                    "x": 0.8143084803285698
                },
                "metrics": {
                    "outcome": 0.2679969516030314
                },
                "metadata": {
                    "trials": 1
                }
            }
        ],
        [
            {
                "query": {
                    "x": 1.5391973135372004
                },
                "metrics": {
                    "outcome": -0.22179018787196123
                },
                "metadata": {
                    "trials": 1
                }
            }
        ],
        [
            {
                "query": {
                    "x": 1.719722591713071
                },
                "metrics": {
                    "outcome": 0.09948565405668494
                },
                "metadata": {
                    "trials": 1
                }
            }
        ],
        [
            {
                "query": {
                    "x": 1.3050703019214174
                },
                "metrics": {
                    "outcome": -0.05210731278608266
                },
                "metadata": {
                    "trials": 1
                }
            }
        ],
        [
            {
                "query": {
                    "x": 2.0091958194971085
                },
                "metrics": {
                    "outcome": 1.1081911378341005
                },
                "metadata": {
                    "trials": 1
                }
            }
        ],
        [
            {
                "query": {
                    "x": 0.9946193371588985
                },
                "metrics": {
                    "outcome": -0.08457237443155051
                },
                "metadata": {
                    "trials": 1
                }
            }
        ],
        [
            {
                "query": {
                    "x": 1.6751548871397972
                },
                "metrics": {
                    "outcome": 0.41781239877112275
                },
                "metadata": {
                    "trials": 1
                }
            }
        ],
        [
            {
                "query": {
                    "x": 0.6033196519749859
                },
                "metrics": {
                    "outcome": 0.11103418967523884
                },
                "metadata": {
                    "trials": 1
                }
            }
        ],
        [
            {
                "query": {
                    "x": 1.835699005642285
                },
                "metrics": {
                    "outcome": 0.733097906822682
                },
                "metadata": {
                    "trials": 1
                }
            }
        ],
        [
            {
                "query": {
                    "x": 1.2501455324701964
                },
                "metrics": {
                    "outcome": 0.40386460854455114
                },
                "metadata": {
                    "trials": 1
                }
            }
        ],
        [
            {
                "query": {
                    "x": 1.0505742863131067
                },
                "metrics": {
                    "outcome": 0.4758592568340515
                },
                "metadata": {
                    "trials": 1
                }
            }
        ],
        [
            {
                "query": {
                    "x": 2.154805897052089
                },
                "metrics": {
                    "outcome": 1.5490269511011874
                },
                "metadata": {
                    "trials": 1
                }
            }
        ],
        [
            {
                "query": {
                    "x": 2.448621703994771
                },
                "metrics": {
                    "outcome": 4.607727679305111
                },
                "metadata": {
                    "trials": 1
                }
            }
        ],
        [
            {
                "query": {
                    "x": 1.4352659369215575
                },
                "metrics": {
                    "outcome": 0.3476019391556558
                },
                "metadata": {
                    "trials": 1
                }
            },
            {
                "query": {
                    "x": 1.3874055821433626
                },
                "metrics": {
                    "outcome": -0.11637539486368709
                },
                "metadata": {
                    "trials": 1
                }
            },
            {
                "query": {
                    "x": 1.4828787436495998
                },
                "metrics": {
                    "outcome": 0.22711305766226395
                },
                "metadata": {
                    "trials": 1
                }
            }
        ],
        [
            {
                "query": {
                    "x": 0.9346945768261326
                },
                "metrics": {
                    "outcome": -0.47425944686196586
                },
                "metadata": {
                    "trials": 1
                }
            },
            {
                "query": {
                    "x": 1.3506114034601868
                },
                "metrics": {
                    "outcome": -0.3550230388006069
                },
                "metadata": {
                    "trials": 1
                }
            },
            {
                "query": {
                    "x": 0.6691541263803088
                },
                "metrics": {
                    "outcome": 0.627944945261506
                },
                "metadata": {
                    "trials": 1
                }
            }
        ],
        [
            {
                "query": {
                    "x": 0.5000000000000003
                },
                "metrics": {
                    "outcome": 0.062499999999989786
                },
                "metadata": {
                    "trials": 1
                }
            },
            {
                "query": {
                    "x": 0.5309352929031336
                },
                "metrics": {
                    "outcome": -0.7294029793252598
                },
                "metadata": {
                    "trials": 1
                }
            },
            {
                "query": {
                    "x": 0.5521826596841819
                },
                "metrics": {
                    "outcome": -0.8631530899831508
                },
                "metadata": {
                    "trials": 1
                }
            }
        ],
        [
            {
                "query": {
                    "x": 0.5477729564456559
                },
                "metrics": {
                    "outcome": -0.8687297274695912
                },
                "metadata": {
                    "trials": 1
                }
            },
            {
                "query": {
                    "x": 0.5532029101576231
                },
                "metrics": {
                    "outcome": -0.8594045930340614
                },
                "metadata": {
                    "trials": 1
                }
            },
            {
                "query": {
                    "x": 0.5425673850297734
                },
                "metrics": {
                    "outcome": -0.8527522840129962
                },
                "metadata": {
                    "trials": 1
                }
            }
        ],
        [
            {
                "query": {
                    "x": 0.5485307157385183
                },
                "metrics": {
                    "outcome": -0.8690106530610099
                },
                "metadata": {
                    "trials": 1
                }
            },
            {
                "query": {
                    "x": 0.5514122279523043
                },
                "metrics": {
                    "outcome": -0.8653764341166502
                },
                "metadata": {
                    "trials": 1
                }
            },
            {
                "query": {
                    "x": 0.5456543738561959
                },
                "metrics": {
                    "outcome": -0.865191508765604
                },
                "metadata": {
                    "trials": 1
                }
            }
        ],
        [
            {
                "query": {
                    "x": 0.5485482635356949
                },
                "metrics": {
                    "outcome": -0.8690110313052551
                },
                "metadata": {
                    "trials": 1
                }
            },
            {
                "query": {
                    "x": 0.551025206166953
                },
                "metrics": {
                    "outcome": -0.8662950674540826
                },
                "metadata": {
                    "trials": 1
                }
            },
            {
                "query": {
                    "x": 0.5460737145357341
                },
                "metrics": {
                    "outcome": -0.8662144062737005
                },
                "metadata": {
                    "trials": 1
                }
            }
        ],
        [
            {
                "query": {
                    "x": 0.5485543913766975
                },
                "metrics": {
                    "outcome": -0.8690110981165058
                },
                "metadata": {
                    "trials": 1
                }
            },
            {
                "query": {
                    "x": 0.5508141624282266
                },
                "metrics": {
                    "outcome": -0.8667399673405183
                },
                "metadata": {
                    "trials": 1
                }
            },
            {
                "query": {
                    "x": 0.5462960860067824
                },
                "metrics": {
                    "outcome": -0.8666921766459053
                },
                "metadata": {
                    "trials": 1
                }
            }
        ],
        [
            {
                "query": {
                    "x": 0.5485574809131998
                },
                "metrics": {
                    "outcome": -0.8690111189892713
                },
                "metadata": {
                    "trials": 1
                }
            },
            {
                "query": {
                    "x": 0.5506745088538672
                },
                "metrics": {
                    "outcome": -0.8670125935058587
                },
                "metadata": {
                    "trials": 1
                }
            },
            {
                "query": {
                    "x": 0.546441457716716
                },
                "metrics": {
                    "outcome": -0.8669802980510681
                },
                "metadata": {
                    "trials": 1
                }
            }
        ],
        [
            {
                "query": {
                    "x": 0.5485592827388186
                },
                "metrics": {
                    "outcome": -0.8690111271971922
                },
                "metadata": {
                    "trials": 1
                }
            },
            {
                "query": {
                    "x": 0.5505719349358166
                },
                "metrics": {
                    "outcome": -0.8672017763189701
                },
                "metadata": {
                    "trials": 1
                }
            },
            {
                "query": {
                    "x": 0.5465473806891671
                },
                "metrics": {
                    "outcome": -0.8671781811872571
                },
                "metadata": {
                    "trials": 1
                }
            }
        ],
        [
            {
                "query": {
                    "x": 0.5485604752986382
                },
                "metrics": {
                    "outcome": -0.8690111310231344
                },
                "metadata": {
                    "trials": 1
                }
            },
            {
                "query": {
                    "x": 0.5504918016019458
                },
                "metrics": {
                    "outcome": -0.8673430504358328
                },
                "metadata": {
                    "trials": 1
                }
            },
            {
                "query": {
                    "x": 0.5466297250413668
                },
                "metrics": {
                    "outcome": -0.8673249973148266
                },
                "metadata": {
                    "trials": 1
                }
            }
        ],
        [
            {
                "query": {
                    "x": 0.5485612877670609
                },
                "metrics": {
                    "outcome": -0.8690111328967914
                },
                "metadata": {
                    "trials": 1
                }
            },
            {
                "query": {
                    "x": 0.5504265297682365
                },
                "metrics": {
                    "outcome": -0.8674538951039483
                },
                "metadata": {
                    "trials": 1
                }
            },
            {
                "query": {
                    "x": 0.5466965041271789
                },
                "metrics": {
                    "outcome": -0.8674395540985189
                },
                "metadata": {
                    "trials": 1
                }
            }
        ],
        [
            {
                "query": {
                    "x": 0.548561909622844
                },
                "metrics": {
                    "outcome": -0.8690111339295937
                },
                "metadata": {
                    "trials": 1
                }
            },
            {
                "query": {
                    "x": 0.5467523580445872
                },
                "metrics": {
                    "outcome": -0.8675322695272055
                },
                "metadata": {
                    "trials": 1
                }
            },
            {
                "query": {
                    "x": 0.5503718163842377
                },
                "metrics": {
                    "outcome": -0.8675438832060999
                },
                "metadata": {
                    "trials": 1
                }
            }
        ],
        [
            {
                "query": {
                    "x": 0.5485623902712318
                },
                "metrics": {
                    "outcome": -0.8690111344894691
                },
                "metadata": {
                    "trials": 1
                }
            },
            {
                "query": {
                    "x": 0.5468001571690873
                },
                "metrics": {
                    "outcome": -0.8676093724744404
                },
                "metadata": {
                    "trials": 1
                }
            },
            {
                "query": {
                    "x": 0.5503249159280581
                },
                "metrics": {
                    "outcome": -0.867618896267592
                },
                "metadata": {
                    "trials": 1
                }
            }
        ],
        [
            {
                "query": {
                    "x": 0.5485627524837207
                },
                "metrics": {
                    "outcome": -0.8690111347740375
                },
                "metadata": {
                    "trials": 1
                }
            },
            {
                "query": {
                    "x": 0.5468415245202652
                },
                "metrics": {
                    "outcome": -0.8676744317497825
                },
                "metadata": {
                    "trials": 1
                }
            },
            {
                "query": {
                    "x": 0.5502840050256608
                },
                "metrics": {
                    "outcome": -0.8676827273150798
                },
                "metadata": {
                    "trials": 1
                }
            }
        ],
        [
            {
                "query": {
                    "x": 0.5485630201143028
                },
                "metrics": {
                    "outcome": -0.869011134908463
                },
                "metadata": {
                    "trials": 1
                }
            },
            {
                "query": {
                    "x": 0.5505602781512975
                },
                "metrics": {
                    "outcome": -0.8672226826549992
                },
                "metadata": {
                    "trials": 1
                }
            },
            {
                "query": {
                    "x": 0.546566483744978
                },
                "metrics": {
                    "outcome": -0.8672127878877806
                },
                "metadata": {
                    "trials": 1
                }
            }
        ],
        [
            {
                "query": {
                    "x": 0.5485633733272709
                },
                "metrics": {
                    "outcome": -0.869011134987219
                },
                "metadata": {
                    "trials": 1
                }
            },
            {
                "query": {
                    "x": 0.5502186940350489
                },
                "metrics": {
                    "outcome": -0.8677815334121686
                },
                "metadata": {
                    "trials": 1
                }
            },
            {
                "query": {
                    "x": 0.5469082072624851
                },
                "metrics": {
                    "outcome": -0.8677760456660834
                },
                "metadata": {
                    "trials": 1
                }
            }
        ],
        [
            {
                "query": {
                    "x": 0.5485635570264378
                },
                "metrics": {
                    "outcome": -0.8690111349838059
                },
                "metadata": {
                    "trials": 1
                }
            },
            {
                "query": {
                    "x": 0.5504913137896182
                },
                "metrics": {
                    "outcome": -0.867343892922232
                },
                "metadata": {
                    "trials": 1
                }
            },
            {
                "query": {
                    "x": 0.5466363589736984
                },
                "metrics": {
                    "outcome": -0.8673365581315415
                },
                "metadata": {
                    "trials": 1
                }
            }
        ],
        [
            {
                "query": {
                    "x": 0.5485637948317239
                },
                "metrics": {
                    "outcome": -0.8690111349342928
                },
                "metadata": {
                    "trials": 1
                }
            },
            {
                "query": {
                    "x": 0.546962471626014
                },
                "metrics": {
                    "outcome": -0.8678557673475599
                },
                "metadata": {
                    "trials": 1
                }
            },
            {
                "query": {
                    "x": 0.5501652069133098
                },
                "metrics": {
                    "outcome": -0.8678596159955471
                },
                "metadata": {
                    "trials": 1
                }
            }
        ],
        [
            {
                "query": {
                    "x": 0.5485639173544442
                },
                "metrics": {
                    "outcome": -0.8690111348889206
                },
                "metadata": {
                    "trials": 1
                }
            },
            {
                "query": {
                    "x": 0.546987360352352
                },
                "metrics": {
                    "outcome": -0.8678914412863127
                },
                "metadata": {
                    "trials": 1
                }
            },
            {
                "query": {
                    "x": 0.5501405477654372
                },
                "metrics": {
                    "outcome": -0.8678947541663008
                },
                "metadata": {
                    "trials": 1
                }
            }
        ],
        [
            {
                "query": {
                    "x": 0.548564013347433
                },
                "metrics": {
                    "outcome": -0.869011134843936
                },
                "metadata": {
                    "trials": 1
                }
            },
            {
                "query": {
                    "x": 0.5470102552922582
                },
                "metrics": {
                    "outcome": -0.8679237627234495
                },
                "metadata": {
                    "trials": 1
                }
            },
            {
                "query": {
                    "x": 0.5501178337696644
                },
                "metrics": {
                    "outcome": -0.8679266401559724
                },
                "metadata": {
                    "trials": 1
                }
            }
        ],
        [
            {
                "query": {
                    "x": 0.5485641207078202
                },
                "metrics": {
                    "outcome": -0.8690111347838028
                },
                "metadata": {
                    "trials": 1
                }
            },
            {
                "query": {
                    "x": 0.5470314549652447
                },
                "metrics": {
                    "outcome": -0.8679532681950664
                },
                "metadata": {
                    "trials": 1
                }
            },
            {
                "query": {
                    "x": 0.5500968394680144
                },
                "metrics": {
                    "outcome": -0.8679557022794888
                },
                "metadata": {
                    "trials": 1
                }
            }
        ],
        [
            {
                "query": {
                    "x": 0.5485641850785599
                },
                "metrics": {
                    "outcome": -0.8690111347427748
                },
                "metadata": {
                    "trials": 1
                }
            },
            {
                "query": {
                    "x": 0.5500772712953609
                },
                "metrics": {
                    "outcome": -0.867982435759538
                },
                "metadata": {
                    "trials": 1
                }
            },
            {
                "query": {
                    "x": 0.5470511247337844
                },
                "metrics": {
                    "outcome": -0.8679802808651625
                },
                "metadata": {
                    "trials": 1
                }
            }
        ],
        [
            {
                "query": {
                    "x": 0.5485642557565703
                },
                "metrics": {
                    "outcome": -0.8690111346934327
                },
                "metadata": {
                    "trials": 1
                }
            },
            {
                "query": {
                    "x": 0.5470695002569127
                },
                "metrics": {
                    "outcome": -0.8680052000383081
                },
                "metadata": {
                    "trials": 1
                }
            },
            {
                "query": {
                    "x": 0.5500590337922122
                },
                "metrics": {
                    "outcome": -0.8680070433686792
                },
                "metadata": {
                    "trials": 1
                }
            }
        ],
        [
            {
                "query": {
                    "x": 0.5485643002849122
                },
                "metrics": {
                    "outcome": -0.8690111346600384
                },
                "metadata": {
                    "trials": 1
                }
            },
            {
                "query": {
                    "x": 0.5470842720385559
                },
                "metrics": {
                    "outcome": -0.8680250107707548
                },
                "metadata": {
                    "trials": 1
                }
            },
            {
                "query": {
                    "x": 0.5500419145359144
                },
                "metrics": {
                    "outcome": -0.8680298717742002
                },
                "metadata": {
                    "trials": 1
                }
            }
        ],
        [
            {
                "query": {
                    "x": 0.5485643547144402
                },
                "metrics": {
                    "outcome": -0.8690111346167957
                },
                "metadata": {
                    "trials": 1
                }
            },
            {
                "query": {
                    "x": 0.5471028566946976
                },
                "metrics": {
                    "outcome": -0.8680496547559446
                },
                "metadata": {
                    "trials": 1
                }
            },
            {
                "query": {
                    "x": 0.5500258587075195
                },
                "metrics": {
                    "outcome": -0.8680510441567431
                },
                "metadata": {
                    "trials": 1
                }
            }
        ],
        [
            {
                "query": {
                    "x": 0.5485644177338227
                },
                "metrics": {
                    "outcome": -0.8690111345633985
                },
                "metadata": {
                    "trials": 1
                }
            },
            {
                "query": {
                    "x": 0.5471181114982449
                },
                "metrics": {
                    "outcome": -0.8680696498510458
                },
                "metadata": {
                    "trials": 1
                }
            },
            {
                "query": {
                    "x": 0.5500107273705352
                },
                "metrics": {
                    "outcome": -0.8680707866080978
                },
                "metadata": {
                    "trials": 1
                }
            }
        ],
        [
            {
                "query": {
                    "x": 0.5485644439999982
                },
                "metrics": {
                    "outcome": -0.8690111345400877
                },
                "metadata": {
                    "trials": 1
                }
            },
            {
                "query": {
                    "x": 0.5468651744110924
                },
                "metrics": {
                    "outcome": -0.8677109307973722
                },
                "metadata": {
                    "trials": 1
                }
            },
            {
                "query": {
                    "x": 0.550263987097743
                },
                "metrics": {
                    "outcome": -0.8677134160992332
                },
                "metadata": {
                    "trials": 1
                }
            }
        ],
        [
            {
                "query": {
                    "x": 0.5485645181974806
                },
                "metrics": {
                    "outcome": -0.8690111344708854
                },
                "metadata": {
                    "trials": 1
                }
            },
            {
                "query": {
                    "x": 0.5471437842477
                },
                "metrics": {
                    "outcome": -0.8681028251792563
                },
                "metadata": {
                    "trials": 1
                }
            },
            {
                "query": {
                    "x": 0.5499841705515861
                },
                "metrics": {
                    "outcome": -0.8681049416689225
                },
                "metadata": {
                    "trials": 1
                }
            }
        ],
        [
            {
                "query": {
                    "x": 0.5485645398822954
                },
                "metrics": {
                    "outcome": -0.8690111344497251
                },
                "metadata": {
                    "trials": 1
                }
            },
            {
                "query": {
                    "x": 0.5471578560956848
                },
                "metrics": {
                    "outcome": -0.8681207565516448
                },
                "metadata": {
                    "trials": 1
                }
            },
            {
                "query": {
                    "x": 0.5499712075017718
                },
                "metrics": {
                    "outcome": -0.8681213846880418
                },
                "metadata": {
                    "trials": 1
                }
            }
        ],
        [
            {
                "query": {
                    "x": 0.5485646049768691
                },
                "metrics": {
                    "outcome": -0.8690111343836636
                },
                "metadata": {
                    "trials": 1
                }
            },
            {
                "query": {
                    "x": 0.547170250518037
                },
                "metrics": {
                    "outcome": -0.8681364021477018
                },
                "metadata": {
                    "trials": 1
                }
            },
            {
                "query": {
                    "x": 0.5499589270214766
                },
                "metrics": {
                    "outcome": -0.8681368233603941
                },
                "metadata": {
                    "trials": 1
                }
            }
        ],
        [
            {
                "query": {
                    "x": 0.5485646307673728
                },
                "metrics": {
                    "outcome": -0.8690111343564354
                },
                "metadata": {
                    "trials": 1
                }
            },
            {
                "query": {
                    "x": 0.5499471779605849
                },
                "metrics": {
                    "outcome": -0.8681514677687394
                },
                "metadata": {
                    "trials": 1
                }
            },
            {
                "query": {
                    "x": 0.5471820484001975
                },
                "metrics": {
                    "outcome": -0.8681511657147591
                },
                "metadata": {
                    "trials": 1
                }
            }
        ],
        [
            {
                "query": {
                    "x": 0.5485646307673736
                },
                "metrics": {
                    "outcome": -0.8690111343564354
                },
                "metadata": {
                    "trials": 1
                }
            },
            {
                "query": {
                    "x": 0.5471956093117868
                },
                "metrics": {
                    "outcome": -0.8681679800572172
                },
                "metadata": {
                    "trials": 1
                }
            },
            {
                "query": {
                    "x": 0.5499359304581004
                },
                "metrics": {
                    "outcome": -0.8681653714116514
                },
                "metadata": {
                    "trials": 1
                }
            }
        ],
        [
            {
                "query": {
                    "x": 0.5485646307673733
                },
                "metrics": {
                    "outcome": -0.8690111343564353
                },
                "metadata": {
                    "trials": 1
                }
            },
            {
                "query": {
                    "x": 0.5499251746652344
                },
                "metrics": {
                    "outcome": -0.8681785614415816
                },
                "metadata": {
                    "trials": 1
                }
            },
            {
                "query": {
                    "x": 0.5472040499282734
                },
                "metrics": {
                    "outcome": -0.8681783617472205
                },
                "metadata": {
                    "trials": 1
                }
            }
        ],
        [
            {
                "query": {
                    "x": 0.5485646463148854
                },
                "metrics": {
                    "outcome": -0.8690111343397321
                },
                "metadata": {
                    "trials": 1
                }
            },
            {
                "query": {
                    "x": 0.5472050361893843
                },
                "metrics": {
                    "outcome": -0.868179570614933
                },
                "metadata": {
                    "trials": 1
                }
            },
            {
                "query": {
                    "x": 0.5499148612121548
                },
                "metrics": {
                    "outcome": -0.8681911118884208
                },
                "metadata": {
                    "trials": 1
                }
            }
        ],
        [
            {
                "query": {
                    "x": 0.5485646307673728
                },
                "metrics": {
                    "outcome": -0.8690111343564354
                },
                "metadata": {
                    "trials": 1
                }
            },
            {
                "query": {
                    "x": 0.5472242377843228
                },
                "metrics": {
                    "outcome": -0.8682029309595422
                },
                "metadata": {
                    "trials": 1
                }
            },
            {
                "query": {
                    "x": 0.5499049642883413
                },
                "metrics": {
                    "outcome": -0.8682030660446424
                },
                "metadata": {
                    "trials": 1
                }
            }
        ],
        [
            {
                "query": {
                    "x": 0.5485646307673722
                },
                "metrics": {
                    "outcome": -0.8690111343564354
                },
                "metadata": {
                    "trials": 1
                }
            },
            {
                "query": {
                    "x": 0.5472337504709608
                },
                "metrics": {
                    "outcome": -0.868214380489294
                },
                "metadata": {
                    "trials": 1
                }
            },
            {
                "query": {
                    "x": 0.5498954690017297
                },
                "metrics": {
                    "outcome": -0.8682144527582755
                },
                "metadata": {
                    "trials": 1
                }
            }
        ],
        [
            {
                "query": {
                    "x": 0.5485646514149499
                },
                "metrics": {
                    "outcome": -0.8690111343342055
                },
                "metadata": {
                    "trials": 1
                }
            },
            {
                "query": {
                    "x": 0.5472428090784419
                },
                "metrics": {
                    "outcome": -0.8682252074586454
                },
                "metadata": {
                    "trials": 1
                }
            },
            {
                "query": {
                    "x": 0.5498863522935671
                },
                "metrics": {
                    "outcome": -0.8682253096213779
                },
                "metadata": {
                    "trials": 1
                }
            }
        ],
        [
            {
                "query": {
                    "x": 0.5485646514012921
                },
                "metrics": {
                    "outcome": -0.8690111343342204
                },
                "metadata": {
                    "trials": 1
                }
            },
            {
                "query": {
                    "x": 0.5472517401079309
                },
                "metrics": {
                    "outcome": -0.8682358093374688
                },
                "metadata": {
                    "trials": 1
                }
            },
            {
                "query": {
                    "x": 0.5498775176430228
                },
                "metrics": {
                    "outcome": -0.8682357596813274
                },
                "metadata": {
                    "trials": 1
                }
            }
        ],
        [
            {
                "query": {
                    "x": 0.5485647144263261
                },
                "metrics": {
                    "outcome": -0.8690111342639938
                },
                "metadata": {
                    "trials": 1
                }
            },
            {
                "query": {
                    "x": 0.5472602850298756
                },
                "metrics": {
                    "outcome": -0.8682458853910323
                },
                "metadata": {
                    "trials": 1
                }
            },
            {
                "query": {
                    "x": 0.5498690893928199
                },
                "metrics": {
                    "outcome": -0.8682456639763042
                },
                "metadata": {
                    "trials": 1
                }
            }
        ],
        [
            {
                "query": {
                    "x": 0.5485647034643788
                },
                "metrics": {
                    "outcome": -0.869011134276465
                },
                "metadata": {
                    "trials": 1
                }
            },
            {
                "query": {
                    "x": 0.547025367963259
                },
                "metrics": {
                    "outcome": -0.8679448379692425
                },
                "metadata": {
                    "trials": 1
                }
            },
            {
                "query": {
                    "x": 0.5501041673086011
                },
                "metrics": {
                    "outcome": -0.8679456031721012
                },
                "metadata": {
                    "trials": 1
                }
            }
        ],
        [
            {
                "query": {
                    "x": 0.5485647198738197
                },
                "metrics": {
                    "outcome": -0.869011134257756
                },
                "metadata": {
                    "trials": 1
                }
            },
            {
                "query": {
                    "x": 0.549853753776357
                },
                "metrics": {
                    "outcome": -0.8682635223729088
                },
                "metadata": {
                    "trials": 1
                }
            },
            {
                "query": {
                    "x": 0.547275635021831
                },
                "metrics": {
                    "outcome": -0.8682638201410162
                },
                "metadata": {
                    "trials": 1
                }
            }
        ],
        [
            {
                "query": {
                    "x": 0.5485647320388128
                },
                "metrics": {
                    "outcome": -0.8690111342437299
                },
                "metadata": {
                    "trials": 1
                }
            },
            {
                "query": {
                    "x": 0.5498460806389531
                },
                "metrics": {
                    "outcome": -0.8682723788288289
                },
                "metadata": {
                    "trials": 1
                }
            },
            {
                "query": {
                    "x": 0.5472833220755609
                },
                "metrics": {
                    "outcome": -0.8682727215823624
                },
                "metadata": {
                    "trials": 1
                }
            }
        ],
        [
            {
                "query": {
                    "x": 0.5485647856824378
                },
                "metrics": {
                    "outcome": -0.8690111341802909
                },
                "metadata": {
                    "trials": 1
                }
            },
            {
                "query": {
                    "x": 0.5472908189205488
                },
                "metrics": {
                    "outcome": -0.8682813513296673
                },
                "metadata": {
                    "trials": 1
                }
            },
            {
                "query": {
                    "x": 0.5498386884587145
                },
                "metrics": {
                    "outcome": -0.8682808611971409
                },
                "metadata": {
                    "trials": 1
                }
            }
        ],
        [
            {
                "query": {
                    "x": 0.5485647374877044
                },
                "metrics": {
                    "outcome": -0.8690111342374042
                },
                "metadata": {
                    "trials": 1
                }
            },
            {
                "query": {
                    "x": 0.5498314351657436
                },
                "metrics": {
                    "outcome": -0.8682891366885315
                },
                "metadata": {
                    "trials": 1
                }
            },
            {
                "query": {
                    "x": 0.5472979798792039
                },
                "metrics": {
                    "outcome": -0.8682895470038542
                },
                "metadata": {
                    "trials": 1
                }
            }
        ],
        [
            {
                "query": {
                    "x": 0.548564756655252
                },
                "metrics": {
                    "outcome": -0.8690111342149398
                },
                "metadata": {
                    "trials": 1
                }
            },
            {
                "query": {
                    "x": 0.5473049600824741
                },
                "metrics": {
                    "outcome": -0.8682974912036104
                },
                "metadata": {
                    "trials": 1
                }
            },
            {
                "query": {
                    "x": 0.5498244656315034
                },
                "metrics": {
                    "outcome": -0.8682970440988103
                },
                "metadata": {
                    "trials": 1
                }
            }
        ]
    ],
    "best_results": [
        {
            "query": {
                "x": 0.5485633733272709
            },
            "metrics": [
                {
                    "name": "outcome",
                    "value": -0.869011134987219
                }
            ]
        }
    ]
}