{
    "date": "26/10/2022 19:15:38",
    "basic_params": {
        "active_variables": [
            "x1",
            "x2"
        ],
        "default_query": {},
        "metric": "basic",
        "n_trials": 1
    },
    "objective_function": {
        "name": "Branin",
        "params": {}
    },
    "optimizer": {
        "name": "BBO-LP",
        "params": {
            "lower_bound": [
                -5.0,
                0.0
            ],
            "upper_bound": [
                10.0,
                15.0
            ],
            "invert_metric": false,
            "bopt_params": {
                "n_init_samples": 15,
                "n_iterations": 45,
                "verbose_level": 1,
                "n_parallel_samples": 3,
                "par_type": "PAR_BBO",
                "crit_name": "cLP(cLCB)",
                "n_crit_params": 4,
                "crit_params": [
                    3,
                    1,
                    1.0
                ]
            }
        }
    },
    "iterations": [
        [
            {
                "query": {
                    "x1": 2.403100269380957,
                    "x2": 9.49236550112255
                },
                "metrics": {
                    "outcome": 46.077323404728446
                },
                "metadata": {
                    "trials": 1
                }
            }
        ],
        [
            {
                "query": {
                    "x1": -3.466717697214335,
                    "x2": 2.789126639952883
                },
                "metrics": {
                    "outcome": 106.59747671965313
                },
                "metadata": {
                    "trials": 1
                }
            }
        ],
        [
            {
                "query": {
                    "x1": 3.553572283592075,
                    "x2": 6.74153318698518
                },
                "metrics": {
                    "outcome": 23.91503456047954
                },
                "metadata": {
                    "trials": 1
                }
            }
        ],
        [
            {
                "query": {
                    "x1": -4.665155986091122,
                    "x2": 3.4043940980918705
                },
                "metrics": {
                    "outcome": 174.2058968461715
                },
                "metadata": {
                    "trials": 1
                }
            }
        ],
        [
            {
                "query": {
                    "x1": -0.6784137426875532,
                    "x2": 1.6862518596462905
                },
                "metrics": {
                    "outcome": 47.21039475653229
                },
                "metadata": {
                    "trials": 1
                }
            }
        ],
        [
            {
                "query": {
                    "x1": 4.790284000802785,
                    "x2": 14.7378535841126
                },
                "metrics": {
                    "outcome": 190.23896294934528
                },
                "metadata": {
                    "trials": 1
                }
            }
        ],
        [
            {
                "query": {
                    "x1": 1.335173114668578,
                    "x2": 7.12358562159352
                },
                "metrics": {
                    "outcome": 21.35164245507277
                },
                "metadata": {
                    "trials": 1
                }
            }
        ],
        [
            {
                "query": {
                    "x1": 5.741493567125872,
                    "x2": 10.279779598116875
                },
                "metrics": {
                    "outcome": 102.11685000888983
                },
                "metadata": {
                    "trials": 1
                }
            }
        ],
        [
            {
                "query": {
                    "x1": 9.371366410516202,
                    "x2": 5.111542742233723
                },
                "metrics": {
                    "outcome": 7.600564007828506
                },
                "metadata": {
                    "trials": 1
                }
            }
        ],
        [
            {
                "query": {
                    "x1": 6.237290505785495,
                    "x2": 13.322304403642192
                },
                "metrics": {
                    "outcome": 169.00578719346686
                },
                "metadata": {
                    "trials": 1
                }
            }
        ],
        [
            {
                "query": {
                    "x1": -1.5611565187573433,
                    "x2": 11.394265289185569
                },
                "metrics": {
                    "outcome": 16.82532904927699
                },
                "metadata": {
                    "trials": 1
                }
            }
        ],
        [
            {
                "query": {
                    "x1": 7.844890617066994,
                    "x2": 0.19283717102371156
                },
                "metrics": {
                    "outcome": 11.705134792950554
                },
                "metadata": {
                    "trials": 1
                }
            }
        ],
        [
            {
                "query": {
                    "x1": 8.131316635059193,
                    "x2": 12.271448853425682
                },
                "metrics": {
                    "outcome": 121.24935046851299
                },
                "metadata": {
                    "trials": 1
                }
            }
        ],
        [
            {
                "query": {
                    "x1": -2.0852861208841205,
                    "x2": 4.32795775658451
                },
                "metrics": {
                    "outcome": 36.10654966282101
                },
                "metadata": {
                    "trials": 1
                }
            }
        ],
        [
            {
                "query": {
                    "x1": 0.3623414575122297,
                    "x2": 8.80422816448845
                },
                "metrics": {
                    "outcome": 30.29481296699747
                },
                "metadata": {
                    "trials": 1
                }
            }
        ],
        [
            {
                "query": {
                    "x1": 10.0,
                    "x2": 3.1515113531525447
                },
                "metrics": {
                    "outcome": 1.9652091760226664
                },
                "metadata": {
                    "trials": 1
                }
            },
            {
                "query": {
                    "x1": 10.0,
                    "x2": 3.151511375813604
                },
                "metrics": {
                    "outcome": 1.9652091827554834
                },
                "metadata": {
                    "trials": 1
                }
            },
            {
                "query": {
                    "x1": 10.0,
                    "x2": 3.1515114069278263
                },
                "metrics": {
                    "outcome": 1.9652091919998167
                },
                "metadata": {
                    "trials": 1
                }
            }
        ],
        [
            {
                "query": {
                    "x1": 10.0,
                    "x2": 3.382040971655182
                },
                "metrics": {
                    "outcome": 2.086845619770215
                },
                "metadata": {
                    "trials": 1
                }
            },
            {
                "query": {
                    "x1": 10.0,
                    "x2": 3.3964547760902373
                },
                "metrics": {
                    "outcome": 2.0979814733732054
                },
                "metadata": {
                    "trials": 1
                }
            },
            {
                "query": {
                    "x1": 10.0,
                    "x2": 3.3676204543748898
                },
                "metrics": {
                    "outcome": 2.0761203857747823
                },
                "metadata": {
                    "trials": 1
                }
            }
        ],
        [
            {
                "query": {
                    "x1": 10.0,
                    "x2": 2.7283231316950376
                },
                "metrics": {
                    "outcome": 2.018564207660045
                },
                "metadata": {
                    "trials": 1
                }
            },
            {
                "query": {
                    "x1": 10.0,
                    "x2": 2.7174701071686904
                },
                "metrics": {
                    "outcome": 2.02464320344901
                },
                "metadata": {
                    "trials": 1
                }
            },
            {
                "query": {
                    "x1": 10.0,
                    "x2": 2.739172272650027
                },
                "metrics": {
                    "outcome": 2.012722836989293
                },
                "metadata": {
                    "trials": 1
                }
            }
        ],
        [
            {
                "query": {
                    "x1": 10.0,
                    "x2": 3.002904911142981
                },
                "metrics": {
                    "outcome": 1.943140665558234
                },
                "metadata": {
                    "trials": 1
                }
            },
            {
                "query": {
                    "x1": 10.0,
                    "x2": 3.0057232384143027
                },
                "metrics": {
                    "outcome": 1.943148317145253
                },
                "metadata": {
                    "trials": 1
                }
            },
            {
                "query": {
                    "x1": 10.0,
                    "x2": 3.000086569541852
                },
                "metrics": {
                    "outcome": 1.9431488999906854
                },
                "metadata": {
                    "trials": 1
                }
            }
        ],
        [
            {
                "query": {
                    "x1": 10.0,
                    "x2": 3.0046503597141623
                },
                "metrics": {
                    "outcome": 1.943143531690282
                },
                "metadata": {
                    "trials": 1
                }
            },
            {
                "query": {
                    "x1": 10.0,
                    "x2": 3.0063429863250333
                },
                "metrics": {
                    "outcome": 1.943152130463023
                },
                "metadata": {
                    "trials": 1
                }
            },
            {
                "query": {
                    "x1": 10.0,
                    "x2": 3.0079841507997127
                },
                "metrics": {
                    "outcome": 1.9431659391006288
                },
                "metadata": {
                    "trials": 1
                }
            }
        ],
        [
            {
                "query": {
                    "x1": 10.0,
                    "x2": 3.0049079339698626
                },
                "metrics": {
                    "outcome": 1.9431444705698926
                },
                "metadata": {
                    "trials": 1
                }
            },
            {
                "query": {
                    "x1": 9.999999560670146,
                    "x2": 3.0067459047227976
                },
                "metrics": {
                    "outcome": 1.943152730030869
                },
                "metadata": {
                    "trials": 1
                }
            },
            {
                "query": {
                    "x1": 10.0,
                    "x2": 3.0081544110050267
                },
                "metrics": {
                    "outcome": 1.9431676800710562
                },
                "metadata": {
                    "trials": 1
                }
            }
        ],
        [
            {
                "query": {
                    "x1": 9.999999999999988,
                    "x2": 3.0050220589714027
                },
                "metrics": {
                    "outcome": 1.943144928985138
                },
                "metadata": {
                    "trials": 1
                }
            },
            {
                "query": {
                    "x1": 9.999653897480894,
                    "x2": 3.0065055538137933
                },
                "metrics": {
                    "outcome": 1.9413483418739332
                },
                "metadata": {
                    "trials": 1
                }
            },
            {
                "query": {
                    "x1": 9.999999506482379,
                    "x2": 3.0078428756637665
                },
                "metrics": {
                    "outcome": 1.9431619652975005
                },
                "metadata": {
                    "trials": 1
                }
            }
        ],
        [
            {
                "query": {
                    "x1": 10.0,
                    "x2": 3.0046456835233264
                },
                "metrics": {
                    "outcome": 1.94314351587151
                },
                "metadata": {
                    "trials": 1
                }
            },
            {
                "query": {
                    "x1": 10.0,
                    "x2": 3.005920940414527
                },
                "metrics": {
                    "outcome": 1.9431494501691713
                },
                "metadata": {
                    "trials": 1
                }
            },
            {
                "query": {
                    "x1": 10.0,
                    "x2": 3.0033704641617263
                },
                "metrics": {
                    "outcome": 1.94314083416519
                },
                "metadata": {
                    "trials": 1
                }
            }
        ],
        [
            {
                "query": {
                    "x1": 10.0,
                    "x2": 3.004822508884321
                },
                "metrics": {
                    "outcome": 1.9431441444824848
                },
                "metadata": {
                    "trials": 1
                }
            },
            {
                "query": {
                    "x1": 10.0,
                    "x2": 3.002300220072936
                },
                "metrics": {
                    "outcome": 1.9431410937274034
                },
                "metadata": {
                    "trials": 1
                }
            },
            {
                "query": {
                    "x1": 9.999859672634214,
                    "x2": 3.003591572800577
                },
                "metrics": {
                    "outcome": 1.9424083062289341
                },
                "metadata": {
                    "trials": 1
                }
            }
        ],
        [
            {
                "query": {
                    "x1": 10.0,
                    "x2": 3.004805764169587
                },
                "metrics": {
                    "outcome": 1.94314408227482
                },
                "metadata": {
                    "trials": 1
                }
            },
            {
                "query": {
                    "x1": 10.0,
                    "x2": 3.0036424998039823
                },
                "metrics": {
                    "outcome": 1.9431411333373543
                },
                "metadata": {
                    "trials": 1
                }
            },
            {
                "query": {
                    "x1": 10.0,
                    "x2": 3.0059694994595088
                },
                "metrics": {
                    "outcome": 1.9431497404177254
                },
                "metadata": {
                    "trials": 1
                }
            }
        ],
        [
            {
                "query": {
                    "x1": 10.0,
                    "x2": 3.004914603088159
                },
                "metrics": {
                    "outcome": 1.9431444966416542
                },
                "metadata": {
                    "trials": 1
                }
            },
            {
                "query": {
                    "x1": 10.0,
                    "x2": 3.006038770011236
                },
                "metrics": {
                    "outcome": 1.9431501626258285
                },
                "metadata": {
                    "trials": 1
                }
            },
            {
                "query": {
                    "x1": 10.0,
                    "x2": 3.0071330353357526
                },
                "metrics": {
                    "outcome": 1.9431581054545646
                },
                "metadata": {
                    "trials": 1
                }
            }
        ],
        [
            {
                "query": {
                    "x1": 10.0,
                    "x2": 3.0049702038488295
                },
                "metrics": {
                    "outcome": 1.943144717465442
                },
                "metadata": {
                    "trials": 1
                }
            },
            {
                "query": {
                    "x1": 10.0,
                    "x2": 3.0060881703485047
                },
                "metrics": {
                    "outcome": 1.9431504695861825
                },
                "metadata": {
                    "trials": 1
                }
            },
            {
                "query": {
                    "x1": 10.0,
                    "x2": 3.007189823400183
                },
                "metrics": {
                    "outcome": 1.9431585830222158
                },
                "metadata": {
                    "trials": 1
                }
            }
        ],
        [
            {
                "query": {
                    "x1": 10.0,
                    "x2": 3.005012698727741
                },
                "metrics": {
                    "outcome": 1.9431448904065167
                },
                "metadata": {
                    "trials": 1
                }
            },
            {
                "query": {
                    "x1": 10.0,
                    "x2": 3.0015531477720883
                },
                "metrics": {
                    "outcome": 1.9431426325787324
                },
                "metadata": {
                    "trials": 1
                }
            },
            {
                "query": {
                    "x1": 10.0,
                    "x2": 3.006076023969471
                },
                "metrics": {
                    "outcome": 1.943150393659364
                },
                "metadata": {
                    "trials": 1
                }
            }
        ],
        [
            {
                "query": {
                    "x1": 10.0,
                    "x2": 3.0050869215862894
                },
                "metrics": {
                    "outcome": 1.9431452011338273
                },
                "metadata": {
                    "trials": 1
                }
            },
            {
                "query": {
                    "x1": 10.0,
                    "x2": 3.0061254398301895
                },
                "metrics": {
                    "outcome": 1.9431507043988159
                },
                "metadata": {
                    "trials": 1
                }
            },
            {
                "query": {
                    "x1": 10.0,
                    "x2": 3.0040484020678018
                },
                "metrics": {
                    "outcome": 1.9431418549063384
                },
                "metadata": {
                    "trials": 1
                }
            }
        ],
        [
            {
                "query": {
                    "x1": 10.0,
                    "x2": 3.0051340253485868
                },
                "metrics": {
                    "outcome": 1.943145404044424
                },
                "metadata": {
                    "trials": 1
                }
            },
            {
                "query": {
                    "x1": 10.0,
                    "x2": 3.006150430113409
                },
                "metrics": {
                    "outcome": 1.9431508634034795
                },
                "metadata": {
                    "trials": 1
                }
            },
            {
                "query": {
                    "x1": 9.99999531860375,
                    "x2": 3.0040212622146463
                },
                "metrics": {
                    "outcome": 1.9431173519272082
                },
                "metadata": {
                    "trials": 1
                }
            }
        ],
        [
            {
                "query": {
                    "x1": 10.0,
                    "x2": 3.005170654680546
                },
                "metrics": {
                    "outcome": 1.9431455649010214
                },
                "metadata": {
                    "trials": 1
                }
            },
            {
                "query": {
                    "x1": 10.0,
                    "x2": 3.0061675619990043
                },
                "metrics": {
                    "outcome": 1.9431509731294678
                },
                "metadata": {
                    "trials": 1
                }
            },
            {
                "query": {
                    "x1": 9.999999925533398,
                    "x2": 3.004175486033429
                },
                "metrics": {
                    "outcome": 1.9431417597414953
                },
                "metadata": {
                    "trials": 1
                }
            }
        ],
        [
            {
                "query": {
                    "x1": 10.0,
                    "x2": 3.005204540232916
                },
                "metrics": {
                    "outcome": 1.9431457160978312
                },
                "metadata": {
                    "trials": 1
                }
            },
            {
                "query": {
                    "x1": 9.999657670999463,
                    "x2": 3.0061219736798352
                },
                "metrics": {
                    "outcome": 1.9413651781806127
                },
                "metadata": {
                    "trials": 1
                }
            },
            {
                "query": {
                    "x1": 10.0,
                    "x2": 3.0042252291066323
                },
                "metrics": {
                    "outcome": 1.9431422722925529
                },
                "metadata": {
                    "trials": 1
                }
            }
        ],
        [
            {
                "query": {
                    "x1": 10.0,
                    "x2": 3.005124038718355
                },
                "metrics": {
                    "outcome": 1.9431453606539772
                },
                "metadata": {
                    "trials": 1
                }
            },
            {
                "query": {
                    "x1": 9.999715995239612,
                    "x2": 3.006060748258488
                },
                "metrics": {
                    "outcome": 1.9416688817574315
                },
                "metadata": {
                    "trials": 1
                }
            },
            {
                "query": {
                    "x1": 10.0,
                    "x2": 3.0041605990543303
                },
                "metrics": {
                    "outcome": 1.9431421124871378
                },
                "metadata": {
                    "trials": 1
                }
            }
        ],
        [
            {
                "query": {
                    "x1": 9.99999999999997,
                    "x2": 3.005083219032105
                },
                "metrics": {
                    "outcome": 1.9431451853721544
                },
                "metadata": {
                    "trials": 1
                }
            },
            {
                "query": {
                    "x1": 9.99968471874436,
                    "x2": 3.006267621128435
                },
                "metrics": {
                    "outcome": 1.9415072442360923
                },
                "metadata": {
                    "trials": 1
                }
            },
            {
                "query": {
                    "x1": 10.0,
                    "x2": 3.0075717249418426
                },
                "metrics": {
                    "outcome": 1.9431619622161094
                },
                "metadata": {
                    "trials": 1
                }
            }
        ],
        [
            {
                "query": {
                    "x1": 10.0,
                    "x2": 3.005021634577303
                },
                "metrics": {
                    "outcome": 1.943144927232252
                },
                "metadata": {
                    "trials": 1
                }
            },
            {
                "query": {
                    "x1": 9.999633023337672,
                    "x2": 3.0058977345995443
                },
                "metrics": {
                    "outcome": 1.9412351347530468
                },
                "metadata": {
                    "trials": 1
                }
            },
            {
                "query": {
                    "x1": 9.999999649570857,
                    "x2": 3.0040947880217104
                },
                "metrics": {
                    "outcome": 1.94314012858319
                },
                "metadata": {
                    "trials": 1
                }
            }
        ],
        [
            {
                "query": {
                    "x1": 10.0,
                    "x2": 3.0049672160640433
                },
                "metrics": {
                    "outcome": 1.94314470544197
                },
                "metadata": {
                    "trials": 1
                }
            },
            {
                "query": {
                    "x1": 10.0,
                    "x2": 3.0058922573866242
                },
                "metrics": {
                    "outcome": 1.943149280939668
                },
                "metadata": {
                    "trials": 1
                }
            },
            {
                "query": {
                    "x1": 10.0,
                    "x2": 3.0067943672238844
                },
                "metrics": {
                    "outcome": 1.943155391303243
                },
                "metadata": {
                    "trials": 1
                }
            }
        ],
        [
            {
                "query": {
                    "x1": 10.0,
                    "x2": 3.0049884286061035
                },
                "metrics": {
                    "outcome": 1.9431447911922763
                },
                "metadata": {
                    "trials": 1
                }
            },
            {
                "query": {
                    "x1": 10.0,
                    "x2": 3.005959370981566
                },
                "metrics": {
                    "outcome": 1.9431496794882452
                },
                "metadata": {
                    "trials": 1
                }
            },
            {
                "query": {
                    "x1": 10.0,
                    "x2": 3.0040748207583454
                },
                "metrics": {
                    "outcome": 1.9431419132919725
                },
                "metadata": {
                    "trials": 1
                }
            }
        ],
        [
            {
                "query": {
                    "x1": 10.0,
                    "x2": 3.0050311632884092
                },
                "metrics": {
                    "outcome": 1.9431449666771847
                },
                "metadata": {
                    "trials": 1
                }
            },
            {
                "query": {
                    "x1": 9.999865737482969,
                    "x2": 3.0062043927871325
                },
                "metrics": {
                    "outcome": 1.9424508125269053
                },
                "metadata": {
                    "trials": 1
                }
            },
            {
                "query": {
                    "x1": 10.0,
                    "x2": 3.004128406658971
                },
                "metrics": {
                    "outcome": 1.9431420360045966
                },
                "metadata": {
                    "trials": 1
                }
            }
        ],
        [
            {
                "query": {
                    "x1": 10.0,
                    "x2": 3.0050508629769297
                },
                "metrics": {
                    "outcome": 1.9431450488015578
                },
                "metadata": {
                    "trials": 1
                }
            },
            {
                "query": {
                    "x1": 9.999999772458365,
                    "x2": 3.005946006250075
                },
                "metrics": {
                    "outcome": 1.9431484121334677
                },
                "metadata": {
                    "trials": 1
                }
            },
            {
                "query": {
                    "x1": 10.0,
                    "x2": 3.0041580207612855
                },
                "metrics": {
                    "outcome": 1.943142106285288
                },
                "metadata": {
                    "trials": 1
                }
            }
        ],
        [
            {
                "query": {
                    "x1": 10.0,
                    "x2": 3.005087493989155
                },
                "metrics": {
                    "outcome": 1.9431452035729535
                },
                "metadata": {
                    "trials": 1
                }
            },
            {
                "query": {
                    "x1": 10.0,
                    "x2": 3.0059703862636202
                },
                "metrics": {
                    "outcome": 1.9431497457622058
                },
                "metadata": {
                    "trials": 1
                }
            },
            {
                "query": {
                    "x1": 10.0,
                    "x2": 3.00420446314389
                },
                "metrics": {
                    "outcome": 1.9431422200353836
                },
                "metadata": {
                    "trials": 1
                }
            }
        ],
        [
            {
                "query": {
                    "x1": 10.0,
                    "x2": 3.0051213545479882
                },
                "metrics": {
                    "outcome": 1.9431453490256594
                },
                "metadata": {
                    "trials": 1
                }
            },
            {
                "query": {
                    "x1": 10.0,
                    "x2": 3.0059948615814536
                },
                "metrics": {
                    "outcome": 1.9431498938877443
                },
                "metadata": {
                    "trials": 1
                }
            },
            {
                "query": {
                    "x1": 9.999741586717239,
                    "x2": 3.0042892076238403
                },
                "metrics": {
                    "outcome": 1.9417935698551307
                },
                "metadata": {
                    "trials": 1
                }
            }
        ],
        [
            {
                "query": {
                    "x1": 10.0,
                    "x2": 3.005033845691087
                },
                "metrics": {
                    "outcome": 1.9431449778139793
                },
                "metadata": {
                    "trials": 1
                }
            },
            {
                "query": {
                    "x1": 9.99999976972119,
                    "x2": 3.0058569459731834
                },
                "metrics": {
                    "outcome": 1.9431478732686607
                },
                "metadata": {
                    "trials": 1
                }
            },
            {
                "query": {
                    "x1": 9.999787341057447,
                    "x2": 3.004177870192284
                },
                "metrics": {
                    "outcome": 1.9420320188324514
                },
                "metadata": {
                    "trials": 1
                }
            }
        ],
        [
            {
                "query": {
                    "x1": 10.0,
                    "x2": 3.004972203895441
                },
                "metrics": {
                    "outcome": 1.9431447255240233
                },
                "metadata": {
                    "trials": 1
                }
            },
            {
                "query": {
                    "x1": 10.0,
                    "x2": 3.004116607774031
                },
                "metrics": {
                    "outcome": 1.9431420084919093
                },
                "metadata": {
                    "trials": 1
                }
            },
            {
                "query": {
                    "x1": 10.0,
                    "x2": 3.0058424866142723
                },
                "metrics": {
                    "outcome": 1.9431489911974449
                },
                "metadata": {
                    "trials": 1
                }
            }
        ],
        [
            {
                "query": {
                    "x1": 10.0,
                    "x2": 3.005004541372518
                },
                "metrics": {
                    "outcome": 1.9431448569284893
                },
                "metadata": {
                    "trials": 1
                }
            },
            {
                "query": {
                    "x1": 9.999999989832396,
                    "x2": 3.005853268980716
                },
                "metrics": {
                    "outcome": 1.943149000492367
                },
                "metadata": {
                    "trials": 1
                }
            },
            {
                "query": {
                    "x1": 9.999999984369007,
                    "x2": 3.0041454362739692
                },
                "metrics": {
                    "outcome": 1.9431419945897002
                },
                "metadata": {
                    "trials": 1
                }
            }
        ],
        [
            {
                "query": {
                    "x1": 10.0,
                    "x2": 3.0050352028122305
                },
                "metrics": {
                    "outcome": 1.943144983453955
                },
                "metadata": {
                    "trials": 1
                }
            },
            {
                "query": {
                    "x1": 9.999983229426235,
                    "x2": 3.0064653283574354
                },
                "metrics": {
                    "outcome": 1.9430654868773445
                },
                "metadata": {
                    "trials": 1
                }
            },
            {
                "query": {
                    "x1": 10.0,
                    "x2": 3.0041921952386756
                },
                "metrics": {
                    "outcome": 1.9431421895686807
                },
                "metadata": {
                    "trials": 1
                }
            }
        ],
        [
            {
                "query": {
                    "x1": 10.0,
                    "x2": 3.005057543801749
                },
                "metrics": {
                    "outcome": 1.9431450768289302
                },
                "metadata": {
                    "trials": 1
                }
            },
            {
                "query": {
                    "x1": 9.99971716574945,
                    "x2": 3.0058430659483037
                },
                "metrics": {
                    "outcome": 1.9416735594629664
                },
                "metadata": {
                    "trials": 1
                }
            },
            {
                "query": {
                    "x1": 9.999999896758737,
                    "x2": 3.004195132302236
                },
                "metrics": {
                    "outcome": 1.9431416577823448
                },
                "metadata": {
                    "trials": 1
                }
            }
        ],
        [
            {
                "query": {
                    "x1": 10.0,
                    "x2": 3.005047371814923
                },
                "metrics": {
                    "outcome": 1.9431450341909589
                },
                "metadata": {
                    "trials": 1
                }
            },
            {
                "query": {
                    "x1": 9.99991196694397,
                    "x2": 3.004222222754062
                },
                "metrics": {
                    "outcome": 1.9426826617494406
                },
                "metadata": {
                    "trials": 1
                }
            },
            {
                "query": {
                    "x1": 9.999999965395778,
                    "x2": 3.005877973485056
                },
                "metrics": {
                    "outcome": 1.9431490167152923
                },
                "metadata": {
                    "trials": 1
                }
            }
        ],
        [
            {
                "query": {
                    "x1": 10.0,
                    "x2": 3.005041120765251
                },
                "metrics": {
                    "outcome": 1.9431450080910633
                },
                "metadata": {
                    "trials": 1
                }
            },
            {
                "query": {
                    "x1": 9.999810805656605,
                    "x2": 3.006232027647119
                },
                "metrics": {
                    "outcome": 1.9421644959967015
                },
                "metadata": {
                    "trials": 1
                }
            },
            {
                "query": {
                    "x1": 9.999947974616791,
                    "x2": 2.999246553499578
                },
                "metrics": {
                    "outcome": 1.9428822902414193
                },
                "metadata": {
                    "trials": 1
                }
            }
        ],
        [
            {
                "query": {
                    "x1": 10.0,
                    "x2": 3.005033964093144
                },
                "metrics": {
                    "outcome": 1.9431449783058934
                },
                "metadata": {
                    "trials": 1
                }
            },
            {
                "query": {
                    "x1": 10.0,
                    "x2": 3.00361893274253
                },
                "metrics": {
                    "outcome": 1.9431411015637199
                },
                "metadata": {
                    "trials": 1
                }
            },
            {
                "query": {
                    "x1": 9.999625321033525,
                    "x2": 3.0057618387351086
                },
                "metrics": {
                    "outcome": 1.941194091473859
                },
                "metadata": {
                    "trials": 1
                }
            }
        ],
        [
            {
                "query": {
                    "x1": 9.979044919588647,
                    "x2": 3.0081205836793012
                },
                "metrics": {
                    "outcome": 1.8361240995694175
                },
                "metadata": {
                    "trials": 1
                }
            },
            {
                "query": {
                    "x1": 9.98002544522467,
                    "x2": 3.0017061130472644
                },
                "metrics": {
                    "outcome": 1.84075552692215
                },
                "metadata": {
                    "trials": 1
                }
            },
            {
                "query": {
                    "x1": 9.978078298804387,
                    "x2": 3.0145368146203855
                },
                "metrics": {
                    "outcome": 1.831678862199638
                },
                "metadata": {
                    "trials": 1
                }
            }
        ],
        [
            {
                "query": {
                    "x1": 9.432159710668312,
                    "x2": 2.966164774127388
                },
                "metrics": {
                    "outcome": 0.6333071121068059
                },
                "metadata": {
                    "trials": 1
                }
            },
            {
                "query": {
                    "x1": 9.432103260547894,
                    "x2": 2.964187969160375
                },
                "metrics": {
                    "outcome": 0.631435905104512
                },
                "metadata": {
                    "trials": 1
                }
            },
            {
                "query": {
                    "x1": 9.43221933246912,
                    "x2": 2.9682459099463694
                },
                "metrics": {
                    "outcome": 0.6352850065796201
                },
                "metadata": {
                    "trials": 1
                }
            }
        ],
        [
            {
                "query": {
                    "x1": 9.519242017644224,
                    "x2": 2.918676418203023
                },
                "metrics": {
                    "outcome": 0.5723512781315581
                },
                "metadata": {
                    "trials": 1
                }
            },
            {
                "query": {
                    "x1": 9.519777764371652,
                    "x2": 2.925093022669274
                },
                "metrics": {
                    "outcome": 0.5771922558276206
                },
                "metadata": {
                    "trials": 1
                }
            },
            {
                "query": {
                    "x1": 9.51868301714127,
                    "x2": 2.912273338122932
                },
                "metrics": {
                    "outcome": 0.5675869525389512
                },
                "metadata": {
                    "trials": 1
                }
            }
        ],
        [
            {
                "query": {
                    "x1": 9.493099892556275,
                    "x2": 2.7406134488153016
                },
                "metrics": {
                    "outcome": 0.4632956558275314
                },
                "metadata": {
                    "trials": 1
                }
            },
            {
                "query": {
                    "x1": 9.49232631447063,
                    "x2": 2.7332278688446223
                },
                "metrics": {
                    "outcome": 0.4600496133387413
                },
                "metadata": {
                    "trials": 1
                }
            },
            {
                "query": {
                    "x1": 9.493878102122757,
                    "x2": 2.7479982819531217
                },
                "metrics": {
                    "outcome": 0.4666387098852205
                },
                "metadata": {
                    "trials": 1
                }
            }
        ],
        [
            {
                "query": {
                    "x1": 9.446939930686113,
                    "x2": 2.5530820918972714
                },
                "metrics": {
                    "outcome": 0.4037647163700431
                },
                "metadata": {
                    "trials": 1
                }
            },
            {
                "query": {
                    "x1": 9.447594660336165,
                    "x2": 2.558680326343445
                },
                "metrics": {
                    "outcome": 0.40452976020146636
                },
                "metadata": {
                    "trials": 1
                }
            },
            {
                "query": {
                    "x1": 9.446290372310534,
                    "x2": 2.547483339997037
                },
                "metrics": {
                    "outcome": 0.4030551573899199
                },
                "metadata": {
                    "trials": 1
                }
            }
        ],
        [
            {
                "query": {
                    "x1": 9.431800966512863,
                    "x2": 2.4907525677328364
                },
                "metrics": {
                    "outcome": 0.3982206318528192
                },
                "metadata": {
                    "trials": 1
                }
            },
            {
                "query": {
                    "x1": 9.431734855663857,
                    "x2": 2.493591470348379
                },
                "metrics": {
                    "outcome": 0.3982814404735624
                },
                "metadata": {
                    "trials": 1
                }
            },
            {
                "query": {
                    "x1": 9.431818811461799,
                    "x2": 2.4879156288188096
                },
                "metrics": {
                    "outcome": 0.3981739448318713
                },
                "metadata": {
                    "trials": 1
                }
            }
        ],
        [
            {
                "query": {
                    "x1": 9.423448305202383,
                    "x2": 2.4851854886653273
                },
                "metrics": {
                    "outcome": 0.3980236908419972
                },
                "metadata": {
                    "trials": 1
                }
            },
            {
                "query": {
                    "x1": 9.423478332478641,
                    "x2": 2.4874201773614373
                },
                "metrics": {
                    "outcome": 0.3980781551634802
                },
                "metadata": {
                    "trials": 1
                }
            },
            {
                "query": {
                    "x1": 9.42350236099393,
                    "x2": 2.482947078212024
                },
                "metrics": {
                    "outcome": 0.3979765818554757
                },
                "metadata": {
                    "trials": 1
                }
            }
        ],
        [
            {
                "query": {
                    "x1": 9.429615610362795,
                    "x2": 2.476867926100646
                },
                "metrics": {
                    "outcome": 0.3980046255085945
                },
                "metadata": {
                    "trials": 1
                }
            },
            {
                "query": {
                    "x1": 9.429675997671216,
                    "x2": 2.47867880421118
                },
                "metrics": {
                    "outcome": 0.3980027463541873
                },
                "metadata": {
                    "trials": 1
                }
            },
            {
                "query": {
                    "x1": 9.429496713079223,
                    "x2": 2.4750616732922124
                },
                "metrics": {
                    "outcome": 0.3980096395618631
                },
                "metadata": {
                    "trials": 1
                }
            }
        ],
        [
            {
                "query": {
                    "x1": 9.423163358224148,
                    "x2": 2.484298886863511
                },
                "metrics": {
                    "outcome": 0.3980135200929382
                },
                "metadata": {
                    "trials": 1
                }
            },
            {
                "query": {
                    "x1": 9.42316421670633,
                    "x2": 2.4826648101365354
                },
                "metrics": {
                    "outcome": 0.39798132377272566
                },
                "metadata": {
                    "trials": 1
                }
            },
            {
                "query": {
                    "x1": 9.423218605113918,
                    "x2": 2.4859290272942105
                },
                "metrics": {
                    "outcome": 0.3980489490001329
                },
                "metadata": {
                    "trials": 1
                }
            }
        ],
        [
            {
                "query": {
                    "x1": 9.428962791851042,
                    "x2": 2.4775536476992652
                },
                "metrics": {
                    "outcome": 0.3979723952742855
                },
                "metadata": {
                    "trials": 1
                }
            },
            {
                "query": {
                    "x1": 9.428957701274491,
                    "x2": 2.4790103061777002
                },
                "metrics": {
                    "outcome": 0.397971465830226
                },
                "metadata": {
                    "trials": 1
                }
            },
            {
                "query": {
                    "x1": 9.428893298010582,
                    "x2": 2.476100882561728
                },
                "metrics": {
                    "outcome": 0.39797429791581074
                },
                "metadata": {
                    "trials": 1
                }
            }
        ],
        [
            {
                "query": {
                    "x1": 9.423937315392699,
                    "x2": 2.4835355030664457
                },
                "metrics": {
                    "outcome": 0.39797621160087004
                },
                "metadata": {
                    "trials": 1
                }
            },
            {
                "query": {
                    "x1": 9.424047234057902,
                    "x2": 2.4821658179727946
                },
                "metrics": {
                    "outcome": 0.39795048289468404
                },
                "metadata": {
                    "trials": 1
                }
            },
            {
                "query": {
                    "x1": 9.423916625156247,
                    "x2": 2.4849047247532368
                },
                "metrics": {
                    "outcome": 0.39800394169672515
                },
                "metadata": {
                    "trials": 1
                }
            }
        ]
    ],
    "best_results": [
        {
            "query": {
                "x1": 9.424047234057902,
                "x2": 2.4821658179727946
            },
            "metrics": [
                {
                    "name": "outcome",
                    "value": 0.39795048289468404
                }
            ]
        }
    ]
}