{
    "date": "06/11/2022 09:43:27",
    "basic_params": {
        "active_variables": [
            "x"
        ],
        "default_query": {},
        "metric": "basic",
        "n_trials": 1
    },
    "objective_function": {
        "name": "Forrester",
        "params": {}
    },
    "optimizer": {
        "name": "GO-BBO-LP",
        "params": {
            "maximize": false,
            "domain": [
                {
                    "name": "x",
                    "type": "continuous",
                    "domain": [
                        0.0,
                        1.0
                    ]
                }
            ],
            "initial_design_numdata": 15,
            "num_iters": 45,
            "batch_size": 3,
            "model_update_interval": 5
        }
    },
    "best_results": [
        {
            "query": {
                "x": 0.7572479600489079
            },
            "metrics": [
                {
                    "name": "outcome",
                    "value": -6.020740055427204
                }
            ]
        }
    ],
    "iterations": [
        [
            {
                "query": {
                    "x": 0.23333333333333334
                },
                "metrics": {
                    "outcome": -0.3355340709482016
                },
                "metadata": {
                    "trials": 1
                }
            }
        ],
        [
            {
                "query": {
                    "x": 0.8333333333333334
                },
                "metrics": {
                    "outcome": -2.5147394837903327
                },
                "metadata": {
                    "trials": 1
                }
            }
        ],
        [
            {
                "query": {
                    "x": 0.1
                },
                "metrics": {
                    "outcome": -0.6565767743055739
                },
                "metadata": {
                    "trials": 1
                }
            }
        ],
        [
            {
                "query": {
                    "x": 0.43333333333333335
                },
                "metrics": {
                    "outcome": 0.3355340709482016
                },
                "metadata": {
                    "trials": 1
                }
            }
        ],
        [
            {
                "query": {
                    "x": 0.5666666666666667
                },
                "metrics": {
                    "outcome": 0.6565767743055739
                },
                "metadata": {
                    "trials": 1
                }
            }
        ],
        [
            {
                "query": {
                    "x": 0.3666666666666667
                },
                "metrics": {
                    "outcome": 0.01557673369234606
                },
                "metadata": {
                    "trials": 1
                }
            }
        ],
        [
            {
                "query": {
                    "x": 0.5
                },
                "metrics": {
                    "outcome": 0.9092974268256817
                },
                "metadata": {
                    "trials": 1
                }
            }
        ],
        [
            {
                "query": {
                    "x": 0.6333333333333333
                },
                "metrics": {
                    "outcome": -1.4337662362753205
                },
                "metadata": {
                    "trials": 1
                }
            }
        ],
        [
            {
                "query": {
                    "x": 0.03333333333333333
                },
                "metrics": {
                    "outcome": 1.433766236275322
                },
                "metadata": {
                    "trials": 1
                }
            }
        ],
        [
            {
                "query": {
                    "x": 0.9666666666666667
                },
                "metrics": {
                    "outcome": 13.976760064134663
                },
                "metadata": {
                    "trials": 1
                }
            }
        ],
        [
            {
                "query": {
                    "x": 0.3
                },
                "metrics": {
                    "outcome": -0.01557673369234606
                },
                "metadata": {
                    "trials": 1
                }
            }
        ],
        [
            {
                "query": {
                    "x": 0.7
                },
                "metrics": {
                    "outcome": -4.605754037625252
                },
                "metadata": {
                    "trials": 1
                }
            }
        ],
        [
            {
                "query": {
                    "x": 0.7666666666666666
                },
                "metrics": {
                    "outcome": -5.972153472668237
                },
                "metadata": {
                    "trials": 1
                }
            }
        ],
        [
            {
                "query": {
                    "x": 0.9
                },
                "metrics": {
                    "outcome": 5.71195033916232
                },
                "metadata": {
                    "trials": 1
                }
            }
        ],
        [
            {
                "query": {
                    "x": 0.16666666666666669
                },
                "metrics": {
                    "outcome": -0.9092974268256817
                },
                "metadata": {
                    "trials": 1
                }
            }
        ],
        [
            {
                "query": {
                    "x": 0.7546235852586682
                },
                "metrics": {
                    "outcome": -6.017087759014029
                },
                "metadata": {
                    "trials": 1
                }
            },
            {
                "query": {
                    "x": 0.749375521907153
                },
                "metrics": {
                    "outcome": -5.988403232264939
                },
                "metadata": {
                    "trials": 1
                }
            },
            {
                "query": {
                    "x": 0.7595914876231142
                },
                "metrics": {
                    "outcome": -6.017789856062225
                },
                "metadata": {
                    "trials": 1
                }
            }
        ],
        [
            {
                "query": {
                    "x": 0.7546235823620603
                },
                "metrics": {
                    "outcome": -6.017087750985149
                },
                "metadata": {
                    "trials": 1
                }
            },
            {
                "query": {
                    "x": 0.7498596851746764
                },
                "metrics": {
                    "outcome": -5.992215506621644
                },
                "metadata": {
                    "trials": 1
                }
            },
            {
                "query": {
                    "x": 0.7599282492946109
                },
                "metrics": {
                    "outcome": -6.016877122251231
                },
                "metadata": {
                    "trials": 1
                }
            }
        ],
        [
            {
                "query": {
                    "x": 0.7546235873152727
                },
                "metrics": {
                    "outcome": -6.017087764714562
                },
                "metadata": {
                    "trials": 1
                }
            },
            {
                "query": {
                    "x": 0.759612395018613
                },
                "metrics": {
                    "outcome": -6.017736789352421
                },
                "metadata": {
                    "trials": 1
                }
            },
            {
                "query": {
                    "x": 0.7497946265223019
                },
                "metrics": {
                    "outcome": -5.991716802832178
                },
                "metadata": {
                    "trials": 1
                }
            }
        ],
        [
            {
                "query": {
                    "x": 0.7546235873793266
                },
                "metrics": {
                    "outcome": -6.017087764892108
                },
                "metadata": {
                    "trials": 1
                }
            },
            {
                "query": {
                    "x": 0.7497084656126336
                },
                "metrics": {
                    "outcome": -5.991049851705579
                },
                "metadata": {
                    "trials": 1
                }
            },
            {
                "query": {
                    "x": 0.7594952121108797
                },
                "metrics": {
                    "outcome": -6.01802807885097
                },
                "metadata": {
                    "trials": 1
                }
            }
        ],
        [
            {
                "query": {
                    "x": 0.7546235882031607
                },
                "metrics": {
                    "outcome": -6.017087767175625
                },
                "metadata": {
                    "trials": 1
                }
            },
            {
                "query": {
                    "x": 0.7495858974492297
                },
                "metrics": {
                    "outcome": -5.990088350906488
                },
                "metadata": {
                    "trials": 1
                }
            },
            {
                "query": {
                    "x": 0.7595220799219057
                },
                "metrics": {
                    "outcome": -6.017962612456124
                },
                "metadata": {
                    "trials": 1
                }
            }
        ],
        [
            {
                "query": {
                    "x": 0.7572331363288141
                },
                "metrics": {
                    "outcome": -6.020739925458977
                },
                "metadata": {
                    "trials": 1
                }
            },
            {
                "query": {
                    "x": 0.7576221037635607
                },
                "metrics": {
                    "outcome": -6.020665543383545
                },
                "metadata": {
                    "trials": 1
                }
            },
            {
                "query": {
                    "x": 0.7566916473710662
                },
                "metrics": {
                    "outcome": -6.020574579479823
                },
                "metadata": {
                    "trials": 1
                }
            }
        ],
        [
            {
                "query": {
                    "x": 0.7572317148294497
                },
                "metrics": {
                    "outcome": -6.02073990066551
                },
                "metadata": {
                    "trials": 1
                }
            },
            {
                "query": {
                    "x": 0.7576914950905961
                },
                "metrics": {
                    "outcome": -6.020635250466762
                },
                "metadata": {
                    "trials": 1
                }
            },
            {
                "query": {
                    "x": 0.7568652076581565
                },
                "metrics": {
                    "outcome": -6.020661584011412
                },
                "metadata": {
                    "trials": 1
                }
            }
        ],
        [
            {
                "query": {
                    "x": 0.7571721038495073
                },
                "metrics": {
                    "outcome": -6.020736918733001
                },
                "metadata": {
                    "trials": 1
                }
            },
            {
                "query": {
                    "x": 0.7576043681178123
                },
                "metrics": {
                    "outcome": -6.020672457995932
                },
                "metadata": {
                    "trials": 1
                }
            },
            {
                "query": {
                    "x": 0.7580780100149591
                },
                "metrics": {
                    "outcome": -6.020371978179506
                },
                "metadata": {
                    "trials": 1
                }
            }
        ],
        [
            {
                "query": {
                    "x": 0.7572476665262504
                },
                "metrics": {
                    "outcome": -6.020740055131101
                },
                "metadata": {
                    "trials": 1
                }
            },
            {
                "query": {
                    "x": 0.7567699754749934
                },
                "metrics": {
                    "outcome": -6.020617811954804
                },
                "metadata": {
                    "trials": 1
                }
            },
            {
                "query": {
                    "x": 0.7576711433423449
                },
                "metrics": {
                    "outcome": -6.020644669894025
                },
                "metadata": {
                    "trials": 1
                }
            }
        ],
        [
            {
                "query": {
                    "x": 0.7571665911981358
                },
                "metrics": {
                    "outcome": -6.020736451359067
                },
                "metadata": {
                    "trials": 1
                }
            },
            {
                "query": {
                    "x": 0.7556531306863409
                },
                "metrics": {
                    "outcome": -6.019386687396669
                },
                "metadata": {
                    "trials": 1
                }
            },
            {
                "query": {
                    "x": 0.7575638800964887
                },
                "metrics": {
                    "outcome": -6.020686980522759
                },
                "metadata": {
                    "trials": 1
                }
            }
        ],
        [
            {
                "query": {
                    "x": 0.7572357992732694
                },
                "metrics": {
                    "outcome": -6.020739966098027
                },
                "metadata": {
                    "trials": 1
                }
            },
            {
                "query": {
                    "x": 0.7576183172107195
                },
                "metrics": {
                    "outcome": -6.020667047943932
                },
                "metadata": {
                    "trials": 1
                }
            },
            {
                "query": {
                    "x": 0.756996668834951
                },
                "metrics": {
                    "outcome": -6.020706144811914
                },
                "metadata": {
                    "trials": 1
                }
            }
        ],
        [
            {
                "query": {
                    "x": 0.7574287982276854
                },
                "metrics": {
                    "outcome": -6.02072273739713
                },
                "metadata": {
                    "trials": 1
                }
            },
            {
                "query": {
                    "x": 0.7577275932487137
                },
                "metrics": {
                    "outcome": -6.0206174507949335
                },
                "metadata": {
                    "trials": 1
                }
            },
            {
                "query": {
                    "x": 0.7571750699478688
                },
                "metrics": {
                    "outcome": -6.020737156784265
                },
                "metadata": {
                    "trials": 1
                }
            }
        ],
        [
            {
                "query": {
                    "x": 0.7573369521423415
                },
                "metrics": {
                    "outcome": -6.020735901114687
                },
                "metadata": {
                    "trials": 1
                }
            },
            {
                "query": {
                    "x": 0.7570980813565501
                },
                "metrics": {
                    "outcome": -6.020727937265264
                },
                "metadata": {
                    "trials": 1
                }
            },
            {
                "query": {
                    "x": 0.757673399537694
                },
                "metrics": {
                    "outcome": -6.020643647537755
                },
                "metadata": {
                    "trials": 1
                }
            }
        ],
        [
            {
                "query": {
                    "x": 0.7572746116443094
                },
                "metrics": {
                    "outcome": -6.0207396988022674
                },
                "metadata": {
                    "trials": 1
                }
            },
            {
                "query": {
                    "x": 0.7581260628032923
                },
                "metrics": {
                    "outcome": -6.020328028246764
                },
                "metadata": {
                    "trials": 1
                }
            },
            {
                "query": {
                    "x": 0.7570301530415289
                },
                "metrics": {
                    "outcome": -6.02071455265758
                },
                "metadata": {
                    "trials": 1
                }
            }
        ],
        [
            {
                "query": {
                    "x": 0.7574119162925189
                },
                "metrics": {
                    "outcome": -6.0207258336111344
                },
                "metadata": {
                    "trials": 1
                }
            },
            {
                "query": {
                    "x": 0.7571168882077736
                },
                "metrics": {
                    "outcome": -6.020730773140516
                },
                "metadata": {
                    "trials": 1
                }
            },
            {
                "query": {
                    "x": 0.756852599201023
                },
                "metrics": {
                    "outcome": -6.020656343023087
                },
                "metadata": {
                    "trials": 1
                }
            }
        ],
        [
            {
                "query": {
                    "x": 0.7572097955564904
                },
                "metrics": {
                    "outcome": -6.020739245207034
                },
                "metadata": {
                    "trials": 1
                }
            },
            {
                "query": {
                    "x": 0.7574508158702468
                },
                "metrics": {
                    "outcome": -6.020718241202243
                },
                "metadata": {
                    "trials": 1
                }
            },
            {
                "query": {
                    "x": 0.7577166941336251
                },
                "metrics": {
                    "outcome": -6.020622972290249
                },
                "metadata": {
                    "trials": 1
                }
            }
        ],
        [
            {
                "query": {
                    "x": 0.7572386595235777
                },
                "metrics": {
                    "outcome": -6.020740001313033
                },
                "metadata": {
                    "trials": 1
                }
            },
            {
                "query": {
                    "x": 0.7570213969415005
                },
                "metrics": {
                    "outcome": -6.020712469404076
                },
                "metadata": {
                    "trials": 1
                }
            },
            {
                "query": {
                    "x": 0.7574812515819678
                },
                "metrics": {
                    "outcome": -6.020711171960104
                },
                "metadata": {
                    "trials": 1
                }
            }
        ],
        [
            {
                "query": {
                    "x": 0.7570562579130872
                },
                "metrics": {
                    "outcome": -6.020720278454968
                },
                "metadata": {
                    "trials": 1
                }
            },
            {
                "query": {
                    "x": 0.7563179014353033
                },
                "metrics": {
                    "outcome": -6.020278576353641
                },
                "metadata": {
                    "trials": 1
                }
            },
            {
                "query": {
                    "x": 0.757307843162658
                },
                "metrics": {
                    "outcome": -6.020738191204958
                },
                "metadata": {
                    "trials": 1
                }
            }
        ],
        [
            {
                "query": {
                    "x": 0.7572745152429077
                },
                "metrics": {
                    "outcome": -6.020739701459441
                },
                "metadata": {
                    "trials": 1
                }
            },
            {
                "query": {
                    "x": 0.7568236278357711
                },
                "metrics": {
                    "outcome": -6.020643659365633
                },
                "metadata": {
                    "trials": 1
                }
            },
            {
                "query": {
                    "x": 0.7574809307650135
                },
                "metrics": {
                    "outcome": -6.020711251644612
                },
                "metadata": {
                    "trials": 1
                }
            }
        ],
        [
            {
                "query": {
                    "x": 0.7572518622275606
                },
                "metrics": {
                    "outcome": -6.020740050620728
                },
                "metadata": {
                    "trials": 1
                }
            },
            {
                "query": {
                    "x": 0.7566163248721399
                },
                "metrics": {
                    "outcome": -6.020526855212864
                },
                "metadata": {
                    "trials": 1
                }
            },
            {
                "query": {
                    "x": 0.7574831292503
                },
                "metrics": {
                    "outcome": -6.020710703376115
                },
                "metadata": {
                    "trials": 1
                }
            }
        ],
        [
            {
                "query": {
                    "x": 0.7572390955290246
                },
                "metrics": {
                    "outcome": -6.020740005913681
                },
                "metadata": {
                    "trials": 1
                }
            },
            {
                "query": {
                    "x": 0.7575028021622537
                },
                "metrics": {
                    "outcome": -6.020705567014758
                },
                "metadata": {
                    "trials": 1
                }
            },
            {
                "query": {
                    "x": 0.7567564844162523
                },
                "metrics": {
                    "outcome": -6.020610830751524
                },
                "metadata": {
                    "trials": 1
                }
            }
        ],
        [
            {
                "query": {
                    "x": 0.757256919893093
                },
                "metrics": {
                    "outcome": -6.020740020191395
                },
                "metadata": {
                    "trials": 1
                }
            },
            {
                "query": {
                    "x": 0.7574846104064985
                },
                "metrics": {
                    "outcome": -6.020710331082283
                },
                "metadata": {
                    "trials": 1
                }
            },
            {
                "query": {
                    "x": 0.7569975811321854
                },
                "metrics": {
                    "outcome": -6.0207063897240705
                },
                "metadata": {
                    "trials": 1
                }
            }
        ],
        [
            {
                "query": {
                    "x": 0.7571507701472475
                },
                "metrics": {
                    "outcome": -6.020734929911862
                },
                "metadata": {
                    "trials": 1
                }
            },
            {
                "query": {
                    "x": 0.7573656914612071
                },
                "metrics": {
                    "outcome": -6.020732751646035
                },
                "metadata": {
                    "trials": 1
                }
            },
            {
                "query": {
                    "x": 0.7575981708599989
                },
                "metrics": {
                    "outcome": -6.02067479468121
                },
                "metadata": {
                    "trials": 1
                }
            }
        ],
        [
            {
                "query": {
                    "x": 0.7572420327398282
                },
                "metrics": {
                    "outcome": -6.020740031616145
                },
                "metadata": {
                    "trials": 1
                }
            },
            {
                "query": {
                    "x": 0.7574706472592516
                },
                "metrics": {
                    "outcome": -6.020713747514929
                },
                "metadata": {
                    "trials": 1
                }
            },
            {
                "query": {
                    "x": 0.7577733529309955
                },
                "metrics": {
                    "outcome": -6.020592878636714
                },
                "metadata": {
                    "trials": 1
                }
            }
        ],
        [
            {
                "query": {
                    "x": 0.7572526704119273
                },
                "metrics": {
                    "outcome": -6.020740047592349
                },
                "metadata": {
                    "trials": 1
                }
            },
            {
                "query": {
                    "x": 0.7575159447427083
                },
                "metrics": {
                    "outcome": -6.0207019048443815
                },
                "metadata": {
                    "trials": 1
                }
            },
            {
                "query": {
                    "x": 0.7570040108273767
                },
                "metrics": {
                    "outcome": -6.0207080906629935
                },
                "metadata": {
                    "trials": 1
                }
            }
        ],
        [
            {
                "query": {
                    "x": 0.757274617099416
                },
                "metrics": {
                    "outcome": -6.020739698651608
                },
                "metadata": {
                    "trials": 1
                }
            },
            {
                "query": {
                    "x": 0.7575045602798252
                },
                "metrics": {
                    "outcome": -6.020705087828418
                },
                "metadata": {
                    "trials": 1
                }
            },
            {
                "query": {
                    "x": 0.7569613643016111
                },
                "metrics": {
                    "outcome": -6.020695985833181
                },
                "metadata": {
                    "trials": 1
                }
            }
        ],
        [
            {
                "query": {
                    "x": 0.757244846123451
                },
                "metrics": {
                    "outcome": -6.020740047596088
                },
                "metadata": {
                    "trials": 1
                }
            },
            {
                "query": {
                    "x": 0.7575925799642367
                },
                "metrics": {
                    "outcome": -6.020676867437636
                },
                "metadata": {
                    "trials": 1
                }
            },
            {
                "query": {
                    "x": 0.7570357787684735
                },
                "metrics": {
                    "outcome": -6.020715848007872
                },
                "metadata": {
                    "trials": 1
                }
            }
        ],
        [
            {
                "query": {
                    "x": 0.7566522818304863
                },
                "metrics": {
                    "outcome": -6.020550389508663
                },
                "metadata": {
                    "trials": 1
                }
            },
            {
                "query": {
                    "x": 0.7571779643671147
                },
                "metrics": {
                    "outcome": -6.020737380030261
                },
                "metadata": {
                    "trials": 1
                }
            },
            {
                "query": {
                    "x": 0.7576414464266497
                },
                "metrics": {
                    "outcome": -6.020657618037384
                },
                "metadata": {
                    "trials": 1
                }
            }
        ],
        [
            {
                "query": {
                    "x": 0.7568887788963233
                },
                "metrics": {
                    "outcome": -6.020670928010285
                },
                "metadata": {
                    "trials": 1
                }
            },
            {
                "query": {
                    "x": 0.7572577002334868
                },
                "metrics": {
                    "outcome": -6.020740013063628
                },
                "metadata": {
                    "trials": 1
                }
            },
            {
                "query": {
                    "x": 0.757616761725249
                },
                "metrics": {
                    "outcome": -6.020667661553954
                },
                "metadata": {
                    "trials": 1
                }
            }
        ],
        [
            {
                "query": {
                    "x": 0.7572469935456645
                },
                "metrics": {
                    "outcome": -6.020740054104874
                },
                "metadata": {
                    "trials": 1
                }
            },
            {
                "query": {
                    "x": 0.7570365070563575
                },
                "metrics": {
                    "outcome": -6.0207160132330175
                },
                "metadata": {
                    "trials": 1
                }
            },
            {
                "query": {
                    "x": 0.7575828665550575
                },
                "metrics": {
                    "outcome": -6.020680388950468
                },
                "metadata": {
                    "trials": 1
                }
            }
        ],
        [
            {
                "query": {
                    "x": 0.7572446853306366
                },
                "metrics": {
                    "outcome": -6.020740046910542
                },
                "metadata": {
                    "trials": 1
                }
            },
            {
                "query": {
                    "x": 0.7574609610483689
                },
                "metrics": {
                    "outcome": -6.020715994929466
                },
                "metadata": {
                    "trials": 1
                }
            },
            {
                "query": {
                    "x": 0.757628730967838
                },
                "metrics": {
                    "outcome": -6.020662873138736
                },
                "metadata": {
                    "trials": 1
                }
            }
        ],
        [
            {
                "query": {
                    "x": 0.7572148447554315
                },
                "metrics": {
                    "outcome": -6.02073944166972
                },
                "metadata": {
                    "trials": 1
                }
            },
            {
                "query": {
                    "x": 0.7570017736524886
                },
                "metrics": {
                    "outcome": -6.020707503829245
                },
                "metadata": {
                    "trials": 1
                }
            },
            {
                "query": {
                    "x": 0.7560693037914649
                },
                "metrics": {
                    "outcome": -6.019999704382188
                },
                "metadata": {
                    "trials": 1
                }
            }
        ],
        [
            {
                "query": {
                    "x": 0.7572830668564124
                },
                "metrics": {
                    "outcome": -6.020739427124918
                },
                "metadata": {
                    "trials": 1
                }
            },
            {
                "query": {
                    "x": 0.7575090145409742
                },
                "metrics": {
                    "outcome": -6.020703858981582
                },
                "metadata": {
                    "trials": 1
                }
            },
            {
                "query": {
                    "x": 0.7568988266813708
                },
                "metrics": {
                    "outcome": -6.020674731284553
                },
                "metadata": {
                    "trials": 1
                }
            }
        ],
        [
            {
                "query": {
                    "x": 0.7576706009636561
                },
                "metrics": {
                    "outcome": -6.020644914850156
                },
                "metadata": {
                    "trials": 1
                }
            },
            {
                "query": {
                    "x": 0.7569637044101695
                },
                "metrics": {
                    "outcome": -6.020696700302264
                },
                "metadata": {
                    "trials": 1
                }
            },
            {
                "query": {
                    "x": 0.7572468547799707
                },
                "metrics": {
                    "outcome": -6.02074005383312
                },
                "metadata": {
                    "trials": 1
                }
            }
        ],
        [
            {
                "query": {
                    "x": 0.7568487111909143
                },
                "metrics": {
                    "outcome": -6.020654692749686
                },
                "metadata": {
                    "trials": 1
                }
            },
            {
                "query": {
                    "x": 0.7572435657334732
                },
                "metrics": {
                    "outcome": -6.020740041371619
                },
                "metadata": {
                    "trials": 1
                }
            },
            {
                "query": {
                    "x": 0.7574609119537825
                },
                "metrics": {
                    "outcome": -6.020716006064796
                },
                "metadata": {
                    "trials": 1
                }
            }
        ],
        [
            {
                "query": {
                    "x": 0.7572551324878996
                },
                "metrics": {
                    "outcome": -6.020740034066839
                },
                "metadata": {
                    "trials": 1
                }
            },
            {
                "query": {
                    "x": 0.7575324678803702
                },
                "metrics": {
                    "outcome": -6.020697038331992
                },
                "metadata": {
                    "trials": 1
                }
            },
            {
                "query": {
                    "x": 0.7569461807535224
                },
                "metrics": {
                    "outcome": -6.020691208347638
                },
                "metadata": {
                    "trials": 1
                }
            }
        ],
        [
            {
                "query": {
                    "x": 0.7572572968830406
                },
                "metrics": {
                    "outcome": -6.020740016829109
                },
                "metadata": {
                    "trials": 1
                }
            },
            {
                "query": {
                    "x": 0.7579022134746124
                },
                "metrics": {
                    "outcome": -6.0205116102988505
                },
                "metadata": {
                    "trials": 1
                }
            },
            {
                "query": {
                    "x": 0.7574778054420983
                },
                "metrics": {
                    "outcome": -6.020712022149527
                },
                "metadata": {
                    "trials": 1
                }
            }
        ],
        [
            {
                "query": {
                    "x": 0.75731464467749
                },
                "metrics": {
                    "outcome": -6.020737737180209
                },
                "metadata": {
                    "trials": 1
                }
            },
            {
                "query": {
                    "x": 0.7575635561506859
                },
                "metrics": {
                    "outcome": -6.020687089638137
                },
                "metadata": {
                    "trials": 1
                }
            },
            {
                "query": {
                    "x": 0.7570234286893454
                },
                "metrics": {
                    "outcome": -6.020712960079715
                },
                "metadata": {
                    "trials": 1
                }
            }
        ],
        [
            {
                "query": {
                    "x": 0.7571145924217797
                },
                "metrics": {
                    "outcome": -6.020730447177979
                },
                "metadata": {
                    "trials": 1
                }
            },
            {
                "query": {
                    "x": 0.7576520346667867
                },
                "metrics": {
                    "outcome": -6.020653109879391
                },
                "metadata": {
                    "trials": 1
                }
            },
            {
                "query": {
                    "x": 0.7574240730615315
                },
                "metrics": {
                    "outcome": -6.020723634731304
                },
                "metadata": {
                    "trials": 1
                }
            }
        ],
        [
            {
                "query": {
                    "x": 0.7572479600489079
                },
                "metrics": {
                    "outcome": -6.020740055427204
                },
                "metadata": {
                    "trials": 1
                }
            },
            {
                "query": {
                    "x": 0.7576033618818446
                },
                "metrics": {
                    "outcome": -6.020672840196411
                },
                "metadata": {
                    "trials": 1
                }
            },
            {
                "query": {
                    "x": 0.7569374471244206
                },
                "metrics": {
                    "outcome": -6.020688349063865
                },
                "metadata": {
                    "trials": 1
                }
            }
        ],
        [
            {
                "query": {
                    "x": 0.7576418311027967
                },
                "metrics": {
                    "outcome": -6.020657456356793
                },
                "metadata": {
                    "trials": 1
                }
            },
            {
                "query": {
                    "x": 0.7572398821104976
                },
                "metrics": {
                    "outcome": -6.020740013700049
                },
                "metadata": {
                    "trials": 1
                }
            },
            {
                "query": {
                    "x": 0.756962328060279
                },
                "metrics": {
                    "outcome": -6.0206962807892825
                },
                "metadata": {
                    "trials": 1
                }
            }
        ],
        [
            {
                "query": {
                    "x": 0.7570453751904721
                },
                "metrics": {
                    "outcome": -6.020717979764547
                },
                "metadata": {
                    "trials": 1
                }
            },
            {
                "query": {
                    "x": 0.7572768133141249
                },
                "metrics": {
                    "outcome": -6.0207396354137925
                },
                "metadata": {
                    "trials": 1
                }
            },
            {
                "query": {
                    "x": 0.7575309268129317
                },
                "metrics": {
                    "outcome": -6.020697504576659
                },
                "metadata": {
                    "trials": 1
                }
            }
        ],
        [
            {
                "query": {
                    "x": 0.7572298895844255
                },
                "metrics": {
                    "outcome": -6.020739865665906
                },
                "metadata": {
                    "trials": 1
                }
            },
            {
                "query": {
                    "x": 0.757498513414174
                },
                "metrics": {
                    "outcome": -6.020706722062354
                },
                "metadata": {
                    "trials": 1
                }
            },
            {
                "query": {
                    "x": 0.7562578148720186
                },
                "metrics": {
                    "outcome": -6.020217167195693
                },
                "metadata": {
                    "trials": 1
                }
            }
        ],
        [
            {
                "query": {
                    "x": 0.7569877623175475
                },
                "metrics": {
                    "outcome": -6.020703707201571
                },
                "metadata": {
                    "trials": 1
                }
            },
            {
                "query": {
                    "x": 0.757250854973839
                },
                "metrics": {
                    "outcome": -6.020740053418538
                },
                "metadata": {
                    "trials": 1
                }
            },
            {
                "query": {
                    "x": 0.7574814857924852
                },
                "metrics": {
                    "outcome": -6.020711113717346
                },
                "metadata": {
                    "trials": 1
                }
            }
        ],
        [
            {
                "query": {
                    "x": 0.7572331948369246
                },
                "metrics": {
                    "outcome": -6.020739926433228
                },
                "metadata": {
                    "trials": 1
                }
            },
            {
                "query": {
                    "x": 0.7570198228258386
                },
                "metrics": {
                    "outcome": -6.020712086223397
                },
                "metadata": {
                    "trials": 1
                }
            },
            {
                "query": {
                    "x": 0.7574428207227613
                },
                "metrics": {
                    "outcome": -6.020719933847533
                },
                "metadata": {
                    "trials": 1
                }
            }
        ]
    ]
}