{
    "date": "06/11/2022 14:37:43",
    "basic_params": {
        "active_variables": [
            "x1",
            "x2"
        ],
        "default_query": {},
        "metric": "basic",
        "n_trials": 1
    },
    "objective_function": {
        "name": "Gramacy2D",
        "params": {}
    },
    "optimizer": {
        "name": "GO-BBO-LP",
        "params": {
            "maximize": false,
            "domain": [
                {
                    "name": "x1",
                    "type": "continuous",
                    "domain": [
                        -2.0,
                        6.0
                    ]
                },
                {
                    "name": "x2",
                    "type": "continuous",
                    "domain": [
                        -2.0,
                        6.0
                    ]
                }
            ],
            "initial_design_numdata": 15,
            "num_iters": 45,
            "batch_size": 3,
            "model_update_interval": 5
        }
    },
    "best_results": [
        {
            "query": {
                "x1": -0.707073784537141,
                "x2": -1.9988786758594856e-05
            },
            "metrics": [
                {
                    "name": "outcome",
                    "value": -0.4288819413750632
                }
            ]
        }
    ],
    "iterations": [
        [
            {
                "query": {
                    "x1": -1.7333333333333334,
                    "x2": 5.733333333333333
                },
                "metrics": {
                    "outcome": -4.553300111396139e-16
                },
                "metadata": {
                    "trials": 1
                }
            }
        ],
        [
            {
                "query": {
                    "x1": 5.733333333333333,
                    "x2": 2.533333333333333
                },
                "metrics": {
                    "outcome": 4.959747276703393e-17
                },
                "metadata": {
                    "trials": 1
                }
            }
        ],
        [
            {
                "query": {
                    "x1": 2.533333333333333,
                    "x2": 4.133333333333333
                },
                "metrics": {
                    "outcome": 1.5732832319809513e-10
                },
                "metadata": {
                    "trials": 1
                }
            }
        ],
        [
            {
                "query": {
                    "x1": -0.6666666666666665,
                    "x2": -0.6666666666666665
                },
                "metrics": {
                    "outcome": -0.274074860338125
                },
                "metadata": {
                    "trials": 1
                }
            }
        ],
        [
            {
                "query": {
                    "x1": 0.3999999999999999,
                    "x2": 2.0
                },
                "metrics": {
                    "outcome": 0.006243023167993131
                },
                "metadata": {
                    "trials": 1
                }
            }
        ],
        [
            {
                "query": {
                    "x1": -1.2,
                    "x2": 5.2
                },
                "metrics": {
                    "outcome": -5.134219140572622e-13
                },
                "metadata": {
                    "trials": 1
                }
            }
        ],
        [
            {
                "query": {
                    "x1": 1.4666666666666668,
                    "x2": 3.0666666666666664
                },
                "metrics": {
                    "outcome": 1.4054565008786918e-05
                },
                "metadata": {
                    "trials": 1
                }
            }
        ],
        [
            {
                "query": {
                    "x1": 0.9333333333333336,
                    "x2": -0.1333333333333333
                },
                "metrics": {
                    "outcome": 0.3837048044733749
                },
                "metadata": {
                    "trials": 1
                }
            }
        ],
        [
            {
                "query": {
                    "x1": 4.133333333333333,
                    "x2": 1.4666666666666668
                },
                "metrics": {
                    "outcome": 1.8298049424362704e-08
                },
                "metadata": {
                    "trials": 1
                }
            }
        ],
        [
            {
                "query": {
                    "x1": 5.2,
                    "x2": 0.3999999999999999
                },
                "metrics": {
                    "outcome": 8.001905825663398e-12
                },
                "metadata": {
                    "trials": 1
                }
            }
        ],
        [
            {
                "query": {
                    "x1": -0.1333333333333333,
                    "x2": 3.5999999999999996
                },
                "metrics": {
                    "outcome": -3.081494950097774e-07
                },
                "metadata": {
                    "trials": 1
                }
            }
        ],
        [
            {
                "query": {
                    "x1": 2.0,
                    "x2": 4.666666666666667
                },
                "metrics": {
                    "outcome": 1.2760960108651517e-11
                },
                "metadata": {
                    "trials": 1
                }
            }
        ],
        [
            {
                "query": {
                    "x1": 3.0666666666666664,
                    "x2": -1.2
                },
                "metrics": {
                    "outcome": 5.983898124706319e-05
                },
                "metadata": {
                    "trials": 1
                }
            }
        ],
        [
            {
                "query": {
                    "x1": 4.666666666666667,
                    "x2": 0.9333333333333336
                },
                "metrics": {
                    "outcome": 6.803295192899521e-10
                },
                "metadata": {
                    "trials": 1
                }
            }
        ],
        [
            {
                "query": {
                    "x1": 3.5999999999999996,
                    "x2": -1.7333333333333334
                },
                "metrics": {
                    "outcome": 4.1979027358911275e-07
                },
                "metadata": {
                    "trials": 1
                }
            }
        ],
        [
            {
                "query": {
                    "x1": -0.9970782065887025,
                    "x2": -0.6353475002817393
                },
                "metrics": {
                    "outcome": -0.24641024576454218
                },
                "metadata": {
                    "trials": 1
                }
            },
            {
                "query": {
                    "x1": -0.8818159539616266,
                    "x2": -1.8230081000222444
                },
                "metrics": {
                    "outcome": -0.014600057336245417
                },
                "metadata": {
                    "trials": 1
                }
            },
            {
                "query": {
                    "x1": -0.807347432120089,
                    "x2": 0.5454503123649111
                },
                "metrics": {
                    "outcome": -0.31244491426453574
                },
                "metadata": {
                    "trials": 1
                }
            }
        ],
        [
            {
                "query": {
                    "x1": -0.9970789012389599,
                    "x2": -0.6353614688952798
                },
                "metrics": {
                    "outcome": -0.2464057023467985
                },
                "metadata": {
                    "trials": 1
                }
            },
            {
                "query": {
                    "x1": -0.9689995654748165,
                    "x2": -1.7717830050974994
                },
                "metrics": {
                    "outcome": -0.016413250869234754
                },
                "metadata": {
                    "trials": 1
                }
            },
            {
                "query": {
                    "x1": -0.7985896079983344,
                    "x2": 0.5469937506342466
                },
                "metrics": {
                    "outcome": -0.31290500827346407
                },
                "metadata": {
                    "trials": 1
                }
            }
        ],
        [
            {
                "query": {
                    "x1": -0.9970782099264058,
                    "x2": -0.6353494163231073
                },
                "metrics": {
                    "outcome": -0.24640964501308454
                },
                "metadata": {
                    "trials": 1
                }
            },
            {
                "query": {
                    "x1": -0.9561499887914158,
                    "x2": -1.8589582589430398
                },
                "metrics": {
                    "outcome": -0.012097105186900048
                },
                "metadata": {
                    "trials": 1
                }
            },
            {
                "query": {
                    "x1": -0.9440267150432655,
                    "x2": 0.5212624572685893
                },
                "metrics": {
                    "outcome": -0.2950820571544008
                },
                "metadata": {
                    "trials": 1
                }
            }
        ],
        [
            {
                "query": {
                    "x1": -0.9970781028548802,
                    "x2": -0.635348661863955
                },
                "metrics": {
                    "outcome": -0.24640990739560198
                },
                "metadata": {
                    "trials": 1
                }
            },
            {
                "query": {
                    "x1": -0.9741251645935085,
                    "x2": -1.8984047724148487
                },
                "metrics": {
                    "outcome": -0.010264376260441813
                },
                "metadata": {
                    "trials": 1
                }
            },
            {
                "query": {
                    "x1": -0.9850360682068438,
                    "x2": 0.5724610768919769
                },
                "metrics": {
                    "outcome": -0.2689890083853075
                },
                "metadata": {
                    "trials": 1
                }
            }
        ],
        [
            {
                "query": {
                    "x1": -0.9970780502182189,
                    "x2": -0.6353490177154336
                },
                "metrics": {
                    "outcome": -0.24640980883046645
                },
                "metadata": {
                    "trials": 1
                }
            },
            {
                "query": {
                    "x1": -0.7998827114034128,
                    "x2": -1.7977590290828065
                },
                "metrics": {
                    "outcome": -0.016655079209325015
                },
                "metadata": {
                    "trials": 1
                }
            },
            {
                "query": {
                    "x1": -0.9262806247123772,
                    "x2": 0.5685918545389832
                },
                "metrics": {
                    "outcome": -0.2842587021015089
                },
                "metadata": {
                    "trials": 1
                }
            }
        ],
        [
            {
                "query": {
                    "x1": -0.7188169251463691,
                    "x2": 0.018572232322220057
                },
                "metrics": {
                    "outcome": -0.42861710932234726
                },
                "metadata": {
                    "trials": 1
                }
            },
            {
                "query": {
                    "x1": -0.6721223671843584,
                    "x2": 0.36150044646941293
                },
                "metrics": {
                    "outcome": -0.3754064736602213
                },
                "metadata": {
                    "trials": 1
                }
            },
            {
                "query": {
                    "x1": -0.4634388678638981,
                    "x2": -0.24315906358399975
                },
                "metrics": {
                    "outcome": -0.3524020000083617
                },
                "metadata": {
                    "trials": 1
                }
            }
        ],
        [
            {
                "query": {
                    "x1": -0.7188169402447572,
                    "x2": 0.018572667495496267
                },
                "metrics": {
                    "outcome": -0.4286171020933233
                },
                "metadata": {
                    "trials": 1
                }
            },
            {
                "query": {
                    "x1": -0.8556150299974226,
                    "x2": -0.31557575439712604
                },
                "metrics": {
                    "outcome": -0.37246959389113937
                },
                "metadata": {
                    "trials": 1
                }
            },
            {
                "query": {
                    "x1": -0.743555257266439,
                    "x2": 0.34699908184816497
                },
                "metrics": {
                    "outcome": -0.37923660587132485
                },
                "metadata": {
                    "trials": 1
                }
            }
        ],
        [
            {
                "query": {
                    "x1": -0.7188170364750185,
                    "x2": 0.018572430093203467
                },
                "metrics": {
                    "outcome": -0.42861710395675423
                },
                "metadata": {
                    "trials": 1
                }
            },
            {
                "query": {
                    "x1": -0.6622896599940145,
                    "x2": 0.41869178689587194
                },
                "metrics": {
                    "outcome": -0.3584440593325633
                },
                "metadata": {
                    "trials": 1
                }
            },
            {
                "query": {
                    "x1": -0.6470443914057862,
                    "x2": -0.3443901841323642
                },
                "metrics": {
                    "outcome": -0.37809438488282854
                },
                "metadata": {
                    "trials": 1
                }
            }
        ],
        [
            {
                "query": {
                    "x1": -0.7188171375040464,
                    "x2": 0.018572363771583323
                },
                "metrics": {
                    "outcome": -0.42861710300082095
                },
                "metadata": {
                    "trials": 1
                }
            },
            {
                "query": {
                    "x1": -0.6678976812269679,
                    "x2": 0.427882309672825
                },
                "metrics": {
                    "outcome": -0.3560119887216523
                },
                "metadata": {
                    "trials": 1
                }
            },
            {
                "query": {
                    "x1": -0.5271087642927883,
                    "x2": -0.31205684447091375
                },
                "metrics": {
                    "outcome": -0.3621953791107438
                },
                "metadata": {
                    "trials": 1
                }
            }
        ],
        [
            {
                "query": {
                    "x1": -0.7188169440830126,
                    "x2": 0.01857213047982728
                },
                "metrics": {
                    "outcome": -0.4286171105666621
                },
                "metadata": {
                    "trials": 1
                }
            },
            {
                "query": {
                    "x1": -0.5494170665591538,
                    "x2": -0.3242879151962086
                },
                "metrics": {
                    "outcome": -0.36570831869084885
                },
                "metadata": {
                    "trials": 1
                }
            },
            {
                "query": {
                    "x1": -0.7043453712033569,
                    "x2": 0.4132102499508301
                },
                "metrics": {
                    "outcome": -0.36155844689576383
                },
                "metadata": {
                    "trials": 1
                }
            }
        ],
        [
            {
                "query": {
                    "x1": -0.7029333582391465,
                    "x2": -0.008665785488310587
                },
                "metrics": {
                    "outcome": -0.4288347682352904
                },
                "metadata": {
                    "trials": 1
                }
            },
            {
                "query": {
                    "x1": -0.6995912093825611,
                    "x2": 0.09956690550352731
                },
                "metrics": {
                    "outcome": -0.4246030569927616
                },
                "metadata": {
                    "trials": 1
                }
            },
            {
                "query": {
                    "x1": -0.9483164676185094,
                    "x2": -0.035483886307085655
                },
                "metrics": {
                    "outcome": -0.3853396080140888
                },
                "metadata": {
                    "trials": 1
                }
            }
        ],
        [
            {
                "query": {
                    "x1": -0.7029335080454145,
                    "x2": -0.00866566558599783
                },
                "metrics": {
                    "outcome": -0.42883477020204647
                },
                "metadata": {
                    "trials": 1
                }
            },
            {
                "query": {
                    "x1": -0.7564442944001569,
                    "x2": -0.10015878605107811
                },
                "metrics": {
                    "outcome": -0.4225843794825647
                },
                "metadata": {
                    "trials": 1
                }
            },
            {
                "query": {
                    "x1": -0.6587872336448702,
                    "x2": 0.11051742079670186
                },
                "metrics": {
                    "outcome": -0.42165434908356364
                },
                "metadata": {
                    "trials": 1
                }
            }
        ],
        [
            {
                "query": {
                    "x1": -0.7029350344857497,
                    "x2": -0.00866647536700174
                },
                "metrics": {
                    "outcome": -0.4288347751408178
                },
                "metadata": {
                    "trials": 1
                }
            },
            {
                "query": {
                    "x1": -0.6679812268522954,
                    "x2": 0.10685952962135134
                },
                "metrics": {
                    "outcome": -0.42269132778828095
                },
                "metadata": {
                    "trials": 1
                }
            },
            {
                "query": {
                    "x1": -0.6710864260221918,
                    "x2": -0.10913959931956226
                },
                "metrics": {
                    "outcome": -0.422685957968163
                },
                "metadata": {
                    "trials": 1
                }
            }
        ],
        [
            {
                "query": {
                    "x1": -0.702933208174565,
                    "x2": -0.00866573473116163
                },
                "metrics": {
                    "outcome": -0.4288347675350396
                },
                "metadata": {
                    "trials": 1
                }
            },
            {
                "query": {
                    "x1": -0.6339390558679115,
                    "x2": 0.06942247361383871
                },
                "metrics": {
                    "outcome": -0.422105218977827
                },
                "metadata": {
                    "trials": 1
                }
            },
            {
                "query": {
                    "x1": -0.6505320553722331,
                    "x2": -0.10241474820009966
                },
                "metrics": {
                    "outcome": -0.4216222787111711
                },
                "metadata": {
                    "trials": 1
                }
            }
        ],
        [
            {
                "query": {
                    "x1": -0.702933909614247,
                    "x2": -0.008666013909343726
                },
                "metrics": {
                    "outcome": -0.42883477049621493
                },
                "metadata": {
                    "trials": 1
                }
            },
            {
                "query": {
                    "x1": -0.6235593703327161,
                    "x2": 0.08303647469115522
                },
                "metrics": {
                    "outcome": -0.41977658832470877
                },
                "metadata": {
                    "trials": 1
                }
            },
            {
                "query": {
                    "x1": -0.8376430527816696,
                    "x2": -0.03519513874391578
                },
                "metrics": {
                    "outcome": -0.414763084602264
                },
                "metadata": {
                    "trials": 1
                }
            }
        ],
        [
            {
                "query": {
                    "x1": -0.7066126964815896,
                    "x2": -3.621136971125796e-05
                },
                "metrics": {
                    "outcome": -0.4288817324721721
                },
                "metadata": {
                    "trials": 1
                }
            },
            {
                "query": {
                    "x1": -0.7003861955707053,
                    "x2": 0.038635396112793985
                },
                "metrics": {
                    "outcome": -0.42820342472830275
                },
                "metadata": {
                    "trials": 1
                }
            },
            {
                "query": {
                    "x1": -0.7051930795587542,
                    "x2": -0.038811024989209
                },
                "metrics": {
                    "outcome": -0.4282332663332679
                },
                "metadata": {
                    "trials": 1
                }
            }
        ],
        [
            {
                "query": {
                    "x1": -0.7066126646324701,
                    "x2": -3.5772224634932884e-05
                },
                "metrics": {
                    "outcome": -0.42888173245872346
                },
                "metadata": {
                    "trials": 1
                }
            },
            {
                "query": {
                    "x1": -0.7075124428566477,
                    "x2": -0.03898728645666983
                },
                "metrics": {
                    "outcome": -0.4282303925656033
                },
                "metadata": {
                    "trials": 1
                }
            },
            {
                "query": {
                    "x1": -0.6898559243410006,
                    "x2": 0.03682554476788459
                },
                "metrics": {
                    "outcome": -0.42804376857959137
                },
                "metadata": {
                    "trials": 1
                }
            }
        ],
        [
            {
                "query": {
                    "x1": -0.7066129229716442,
                    "x2": -3.6206195162105184e-05
                },
                "metrics": {
                    "outcome": -0.4288817326643324
                },
                "metadata": {
                    "trials": 1
                }
            },
            {
                "query": {
                    "x1": -0.701199844121459,
                    "x2": 0.04052117247954185
                },
                "metrics": {
                    "outcome": -0.42814834839625227
                },
                "metadata": {
                    "trials": 1
                }
            },
            {
                "query": {
                    "x1": -0.699354248976185,
                    "x2": 0.08831103864483245
                },
                "metrics": {
                    "outcome": -0.4254988318736745
                },
                "metadata": {
                    "trials": 1
                }
            }
        ],
        [
            {
                "query": {
                    "x1": -0.7066125988655816,
                    "x2": -3.7459662755939906e-05
                },
                "metrics": {
                    "outcome": -0.42888173234995286
                },
                "metadata": {
                    "trials": 1
                }
            },
            {
                "query": {
                    "x1": -0.7042698840962445,
                    "x2": 0.03827269846085021
                },
                "metrics": {
                    "outcome": -0.428247273978898
                },
                "metadata": {
                    "trials": 1
                }
            },
            {
                "query": {
                    "x1": -0.7172910263554616,
                    "x2": -0.03707179017035789
                },
                "metrics": {
                    "outcome": -0.4282045143108179
                },
                "metadata": {
                    "trials": 1
                }
            }
        ],
        [
            {
                "query": {
                    "x1": -0.706610944111995,
                    "x2": -3.702586071219956e-05
                },
                "metrics": {
                    "outcome": -0.4288817309580978
                },
                "metadata": {
                    "trials": 1
                }
            },
            {
                "query": {
                    "x1": -0.7044500682023187,
                    "x2": 0.038948128321130704
                },
                "metrics": {
                    "outcome": -0.4282257877812787
                },
                "metadata": {
                    "trials": 1
                }
            },
            {
                "query": {
                    "x1": -0.7266457847311723,
                    "x2": -0.0324291369836941
                },
                "metrics": {
                    "outcome": -0.42810709433918853
                },
                "metadata": {
                    "trials": 1
                }
            }
        ],
        [
            {
                "query": {
                    "x1": -0.7068987543165555,
                    "x2": -6.744118531457051e-05
                },
                "metrics": {
                    "outcome": -0.4288819034061393
                },
                "metadata": {
                    "trials": 1
                }
            },
            {
                "query": {
                    "x1": -0.7132996803280811,
                    "x2": 0.034932667438288656
                },
                "metrics": {
                    "outcome": -0.42832614050044543
                },
                "metadata": {
                    "trials": 1
                }
            },
            {
                "query": {
                    "x1": -0.6755020361533659,
                    "x2": -0.013665258434829106
                },
                "metrics": {
                    "outcome": -0.42793291025357466
                },
                "metadata": {
                    "trials": 1
                }
            }
        ],
        [
            {
                "query": {
                    "x1": -0.7068985356763281,
                    "x2": -6.653643356066308e-05
                },
                "metrics": {
                    "outcome": -0.42888190338004706
                },
                "metadata": {
                    "trials": 1
                }
            },
            {
                "query": {
                    "x1": -0.7080112866142795,
                    "x2": 0.0357404381457627
                },
                "metrics": {
                    "outcome": -0.4283337469146286
                },
                "metadata": {
                    "trials": 1
                }
            },
            {
                "query": {
                    "x1": -0.8256057166214514,
                    "x2": 0.024436087089092062
                },
                "metrics": {
                    "outcome": -0.41733756271237865
                },
                "metadata": {
                    "trials": 1
                }
            }
        ],
        [
            {
                "query": {
                    "x1": -0.706898463955226,
                    "x2": -6.723588763604687e-05
                },
                "metrics": {
                    "outcome": -0.42888190331428694
                },
                "metadata": {
                    "trials": 1
                }
            },
            {
                "query": {
                    "x1": -0.7109383173470818,
                    "x2": 0.035811909631601184
                },
                "metrics": {
                    "outcome": -0.42831970340474496
                },
                "metadata": {
                    "trials": 1
                }
            },
            {
                "query": {
                    "x1": -0.6722508066108281,
                    "x2": 0.039879666308226494
                },
                "metrics": {
                    "outcome": -0.42714347347303716
                },
                "metadata": {
                    "trials": 1
                }
            }
        ],
        [
            {
                "query": {
                    "x1": -0.7068985862638827,
                    "x2": -6.717643277060459e-05
                },
                "metrics": {
                    "outcome": -0.42888190336141785
                },
                "metadata": {
                    "trials": 1
                }
            },
            {
                "query": {
                    "x1": -0.7061162285033962,
                    "x2": -0.03604474662541617
                },
                "metrics": {
                    "outcome": -0.4283242497539962
                },
                "metadata": {
                    "trials": 1
                }
            },
            {
                "query": {
                    "x1": -0.7082291361154445,
                    "x2": 0.035753742415557885
                },
                "metrics": {
                    "outcome": -0.4283329615035089
                },
                "metadata": {
                    "trials": 1
                }
            }
        ],
        [
            {
                "query": {
                    "x1": -0.7068990715918337,
                    "x2": -6.713234506980828e-05
                },
                "metrics": {
                    "outcome": -0.42888190353712263
                },
                "metadata": {
                    "trials": 1
                }
            },
            {
                "query": {
                    "x1": -0.7046767752701144,
                    "x2": -0.03599045886824362
                },
                "metrics": {
                    "outcome": -0.42832170145306325
                },
                "metadata": {
                    "trials": 1
                }
            },
            {
                "query": {
                    "x1": -0.70572674748531,
                    "x2": 0.035818160209052166
                },
                "metrics": {
                    "outcome": -0.42833043265807474
                },
                "metadata": {
                    "trials": 1
                }
            }
        ],
        [
            {
                "query": {
                    "x1": -0.7070431541687225,
                    "x2": -5.014804848594006e-05
                },
                "metrics": {
                    "outcome": -0.4288819379291164
                },
                "metadata": {
                    "trials": 1
                }
            },
            {
                "query": {
                    "x1": -0.7132439551641508,
                    "x2": 0.033783116716397964
                },
                "metrics": {
                    "outcome": -0.42836056239966286
                },
                "metadata": {
                    "trials": 1
                }
            },
            {
                "query": {
                    "x1": -0.6769927167521133,
                    "x2": 0.02452016423096033
                },
                "metrics": {
                    "outcome": -0.4278360826423974
                },
                "metadata": {
                    "trials": 1
                }
            }
        ],
        [
            {
                "query": {
                    "x1": -0.707043714459456,
                    "x2": -4.993056382957876e-05
                },
                "metrics": {
                    "outcome": -0.42888193799934266
                },
                "metadata": {
                    "trials": 1
                }
            },
            {
                "query": {
                    "x1": -0.7117850578297686,
                    "x2": 0.03386800576808709
                },
                "metrics": {
                    "outcome": -0.42837156881812893
                },
                "metadata": {
                    "trials": 1
                }
            },
            {
                "query": {
                    "x1": -0.6719829233705386,
                    "x2": 0.03997067426268234
                },
                "metrics": {
                    "outcome": -0.42712393817335337
                },
                "metadata": {
                    "trials": 1
                }
            }
        ],
        [
            {
                "query": {
                    "x1": -0.7070435501618144,
                    "x2": -5.051760936477901e-05
                },
                "metrics": {
                    "outcome": -0.42888193795625273
                },
                "metadata": {
                    "trials": 1
                }
            },
            {
                "query": {
                    "x1": -0.7337777620284868,
                    "x2": -0.02046919592756925
                },
                "metrics": {
                    "outcome": -0.42810025731392537
                },
                "metadata": {
                    "trials": 1
                }
            },
            {
                "query": {
                    "x1": -0.7018563463324783,
                    "x2": 0.035607334847689937
                },
                "metrics": {
                    "outcome": -0.428314841035335
                },
                "metadata": {
                    "trials": 1
                }
            }
        ],
        [
            {
                "query": {
                    "x1": -0.7070437272985811,
                    "x2": -5.0477827130128595e-05
                },
                "metrics": {
                    "outcome": -0.4288819379771647
                },
                "metadata": {
                    "trials": 1
                }
            },
            {
                "query": {
                    "x1": -0.7004550187024615,
                    "x2": 0.03386939389843725
                },
                "metrics": {
                    "outcome": -0.4283522116224995
                },
                "metadata": {
                    "trials": 1
                }
            },
            {
                "query": {
                    "x1": -0.7016454914880542,
                    "x2": -0.034368178732386775
                },
                "metrics": {
                    "outcome": -0.4283500397278472
                },
                "metadata": {
                    "trials": 1
                }
            }
        ],
        [
            {
                "query": {
                    "x1": -0.7070436963271416,
                    "x2": -5.039629478195527e-05
                },
                "metrics": {
                    "outcome": -0.4288819379773408
                },
                "metadata": {
                    "trials": 1
                }
            },
            {
                "query": {
                    "x1": -0.7044295024420942,
                    "x2": 0.03501824424639734
                },
                "metrics": {
                    "outcome": -0.428350188077723
                },
                "metadata": {
                    "trials": 1
                }
            },
            {
                "query": {
                    "x1": -0.7071496978017888,
                    "x2": -0.034872841025019516
                },
                "metrics": {
                    "outcome": -0.42836068813722017
                },
                "metadata": {
                    "trials": 1
                }
            }
        ],
        [
            {
                "query": {
                    "x1": -0.707058960539056,
                    "x2": -4.2550653155804566e-05
                },
                "metrics": {
                    "outcome": -0.42888193974224675
                },
                "metadata": {
                    "trials": 1
                }
            },
            {
                "query": {
                    "x1": -0.7068114374445147,
                    "x2": 0.03412931498868465
                },
                "metrics": {
                    "outcome": -0.42838259253679817
                },
                "metadata": {
                    "trials": 1
                }
            },
            {
                "query": {
                    "x1": -0.7080468242961002,
                    "x2": -0.034047286829261024
                },
                "metrics": {
                    "outcome": -0.428384306199807
                },
                "metadata": {
                    "trials": 1
                }
            }
        ],
        [
            {
                "query": {
                    "x1": -0.7070586636745149,
                    "x2": -4.2363738522285814e-05
                },
                "metrics": {
                    "outcome": -0.42888193972462335
                },
                "metadata": {
                    "trials": 1
                }
            },
            {
                "query": {
                    "x1": -0.7096838191074232,
                    "x2": 0.03652117395002233
                },
                "metrics": {
                    "outcome": -0.4283046007277659
                },
                "metadata": {
                    "trials": 1
                }
            },
            {
                "query": {
                    "x1": -0.6743574550647206,
                    "x2": -0.004951709718019917
                },
                "metrics": {
                    "outcome": -0.42793778482504147
                },
                "metadata": {
                    "trials": 1
                }
            }
        ],
        [
            {
                "query": {
                    "x1": -0.7070586140618558,
                    "x2": -4.21118673506583e-05
                },
                "metrics": {
                    "outcome": -0.42888193972965105
                },
                "metadata": {
                    "trials": 1
                }
            },
            {
                "query": {
                    "x1": -0.7102858041502575,
                    "x2": 0.03391311814641669
                },
                "metrics": {
                    "outcome": -0.42838032333764464
                },
                "metadata": {
                    "trials": 1
                }
            },
            {
                "query": {
                    "x1": -0.6730469886664534,
                    "x2": 0.004482620510799548
                },
                "metrics": {
                    "outcome": -0.42786289440223746
                },
                "metadata": {
                    "trials": 1
                }
            }
        ],
        [
            {
                "query": {
                    "x1": -0.7070598853841783,
                    "x2": -4.302120287406944e-05
                },
                "metrics": {
                    "outcome": -0.42888193980011846
                },
                "metadata": {
                    "trials": 1
                }
            },
            {
                "query": {
                    "x1": -0.7136975232767162,
                    "x2": -0.033536678943527444
                },
                "metrics": {
                    "outcome": -0.42836274520279094
                },
                "metadata": {
                    "trials": 1
                }
            },
            {
                "query": {
                    "x1": -0.6921920145625423,
                    "x2": 0.03050398595283196
                },
                "metrics": {
                    "outcome": -0.42829110516434726
                },
                "metadata": {
                    "trials": 1
                }
            }
        ],
        [
            {
                "query": {
                    "x1": -0.7070587609210499,
                    "x2": -4.2328082710681307e-05
                },
                "metrics": {
                    "outcome": -0.42888193973393807
                },
                "metadata": {
                    "trials": 1
                }
            },
            {
                "query": {
                    "x1": -0.7045419929084912,
                    "x2": 0.03419396728048425
                },
                "metrics": {
                    "outcome": -0.4283751323169865
                },
                "metadata": {
                    "trials": 1
                }
            },
            {
                "query": {
                    "x1": -0.70872110367405,
                    "x2": -0.03426531056222223
                },
                "metrics": {
                    "outcome": -0.42837645171602134
                },
                "metadata": {
                    "trials": 1
                }
            }
        ],
        [
            {
                "query": {
                    "x1": -0.7070747686643166,
                    "x2": -2.8991929223083185e-05
                },
                "metrics": {
                    "outcome": -0.4288819412408134
                },
                "metadata": {
                    "trials": 1
                }
            },
            {
                "query": {
                    "x1": -0.7119110313728495,
                    "x2": 0.033237553994055764
                },
                "metrics": {
                    "outcome": -0.42838867218613885
                },
                "metadata": {
                    "trials": 1
                }
            },
            {
                "query": {
                    "x1": -0.6746635279020584,
                    "x2": 0.0031284765540735096
                },
                "metrics": {
                    "outcome": -0.42796158041303595
                },
                "metadata": {
                    "trials": 1
                }
            }
        ],
        [
            {
                "query": {
                    "x1": -0.7070746087490938,
                    "x2": -2.842660839360685e-05
                },
                "metrics": {
                    "outcome": -0.42888194124593043
                },
                "metadata": {
                    "trials": 1
                }
            },
            {
                "query": {
                    "x1": -0.7049538138212075,
                    "x2": 0.034021258853614685
                },
                "metrics": {
                    "outcome": -0.42838184655218525
                },
                "metadata": {
                    "trials": 1
                }
            },
            {
                "query": {
                    "x1": -0.7231054608234864,
                    "x2": -0.028937730133538463
                },
                "metrics": {
                    "outcome": -0.4283052650363356
                },
                "metadata": {
                    "trials": 1
                }
            }
        ],
        [
            {
                "query": {
                    "x1": -0.7070745431857143,
                    "x2": -2.8849712496700654e-05
                },
                "metrics": {
                    "outcome": -0.42888194123191453
                },
                "metadata": {
                    "trials": 1
                }
            },
            {
                "query": {
                    "x1": -0.7070998485440143,
                    "x2": 0.032892760993691164
                },
                "metrics": {
                    "outcome": -0.42841817153115475
                },
                "metadata": {
                    "trials": 1
                }
            },
            {
                "query": {
                    "x1": -0.7134558384882362,
                    "x2": -0.033054797521094754
                },
                "metrics": {
                    "outcome": -0.4283791584680939
                },
                "metadata": {
                    "trials": 1
                }
            }
        ],
        [
            {
                "query": {
                    "x1": -0.7070741348736935,
                    "x2": -2.879046998742243e-05
                },
                "metrics": {
                    "outcome": -0.42888194121065376
                },
                "metadata": {
                    "trials": 1
                }
            },
            {
                "query": {
                    "x1": -0.7041470212360648,
                    "x2": 0.0336434097234858
                },
                "metrics": {
                    "outcome": -0.4283892585318724
                },
                "metadata": {
                    "trials": 1
                }
            },
            {
                "query": {
                    "x1": -0.7166231572186013,
                    "x2": -0.03161773370143803
                },
                "metrics": {
                    "outcome": -0.4283761604744633
                },
                "metadata": {
                    "trials": 1
                }
            }
        ],
        [
            {
                "query": {
                    "x1": -0.7070748599667339,
                    "x2": -2.7454659590684343e-05
                },
                "metrics": {
                    "outcome": -0.42888194128303614
                },
                "metadata": {
                    "trials": 1
                }
            },
            {
                "query": {
                    "x1": -0.6994415218852604,
                    "x2": 0.033905181285590294
                },
                "metrics": {
                    "outcome": -0.4283386782026925
                },
                "metadata": {
                    "trials": 1
                }
            },
            {
                "query": {
                    "x1": -0.7024950692611763,
                    "x2": -0.029583083005525954
                },
                "metrics": {
                    "outcome": -0.4284885005699747
                },
                "metadata": {
                    "trials": 1
                }
            }
        ],
        [
            {
                "query": {
                    "x1": -0.7070731120850525,
                    "x2": -1.9094814712348817e-05
                },
                "metrics": {
                    "outcome": -0.4288819413515942
                },
                "metadata": {
                    "trials": 1
                }
            },
            {
                "query": {
                    "x1": -0.7069184483410695,
                    "x2": 0.03363443087002958
                },
                "metrics": {
                    "outcome": -0.4283970030285267
                },
                "metadata": {
                    "trials": 1
                }
            },
            {
                "query": {
                    "x1": -0.7396959627523342,
                    "x2": 0.021859853846468214
                },
                "metrics": {
                    "outcome": -0.4277809519683624
                },
                "metadata": {
                    "trials": 1
                }
            }
        ],
        [
            {
                "query": {
                    "x1": -0.707073784537141,
                    "x2": -1.9988786758594856e-05
                },
                "metrics": {
                    "outcome": -0.4288819413750632
                },
                "metadata": {
                    "trials": 1
                }
            },
            {
                "query": {
                    "x1": -0.706297686945894,
                    "x2": -0.033741833099963
                },
                "metrics": {
                    "outcome": -0.4283933723009354
                },
                "metadata": {
                    "trials": 1
                }
            },
            {
                "query": {
                    "x1": -0.70250504232402,
                    "x2": 0.033513139708110616
                },
                "metrics": {
                    "outcome": -0.4283823396897842
                },
                "metadata": {
                    "trials": 1
                }
            }
        ],
        [
            {
                "query": {
                    "x1": -0.7070735491193672,
                    "x2": -2.067326564008178e-05
                },
                "metrics": {
                    "outcome": -0.4288819413497523
                },
                "metadata": {
                    "trials": 1
                }
            },
            {
                "query": {
                    "x1": -0.7098801941410505,
                    "x2": 0.03316163002195522
                },
                "metrics": {
                    "outcome": -0.4284039810701283
                },
                "metadata": {
                    "trials": 1
                }
            },
            {
                "query": {
                    "x1": -0.7038178664201333,
                    "x2": -0.03343162847183524
                },
                "metrics": {
                    "outcome": -0.42839357780380777
                },
                "metadata": {
                    "trials": 1
                }
            }
        ],
        [
            {
                "query": {
                    "x1": -0.7070733792826525,
                    "x2": -2.0496093659579355e-05
                },
                "metrics": {
                    "outcome": -0.4288819413431732
                },
                "metadata": {
                    "trials": 1
                }
            },
            {
                "query": {
                    "x1": -0.7060594296464879,
                    "x2": -0.03363474915478029
                },
                "metrics": {
                    "outcome": -0.42839608392909667
                },
                "metadata": {
                    "trials": 1
                }
            },
            {
                "query": {
                    "x1": -0.7094268400156689,
                    "x2": 0.037368283584619896
                },
                "metrics": {
                    "outcome": -0.428278868996717
                },
                "metadata": {
                    "trials": 1
                }
            }
        ],
        [
            {
                "query": {
                    "x1": -0.7070735969318478,
                    "x2": -2.0027250370280135e-05
                },
                "metrics": {
                    "outcome": -0.4288819413637529
                },
                "metadata": {
                    "trials": 1
                }
            },
            {
                "query": {
                    "x1": -0.7066894748422465,
                    "x2": 0.03347724956542979
                },
                "metrics": {
                    "outcome": -0.42840140324037357
                },
                "metadata": {
                    "trials": 1
                }
            },
            {
                "query": {
                    "x1": -0.7061544712559328,
                    "x2": -0.033688347864970894
                },
                "metrics": {
                    "outcome": -0.42839470104316607
                },
                "metadata": {
                    "trials": 1
                }
            }
        ]
    ]
}