{
    "date": "26/10/2022 19:17:03",
    "basic_params": {
        "active_variables": [
            "x1",
            "x2"
        ],
        "default_query": {},
        "metric": "basic",
        "n_trials": 1
    },
    "objective_function": {
        "name": "McCormick",
        "params": {}
    },
    "optimizer": {
        "name": "BBO-LP",
        "params": {
            "lower_bound": [
                -1.5,
                -3.0
            ],
            "upper_bound": [
                4.0,
                4.0
            ],
            "invert_metric": false,
            "bopt_params": {
                "n_init_samples": 15,
                "n_iterations": 45,
                "verbose_level": 1,
                "n_parallel_samples": 3,
                "par_type": "PAR_BBO",
                "crit_name": "cLP(cLCB)",
                "n_crit_params": 4,
                "crit_params": [
                    3,
                    1,
                    1.0
                ]
            }
        }
    },
    "iterations": [
        [
            {
                "query": {
                    "x1": 1.606731226334038,
                    "x2": -2.5246829132394244
                },
                "metrics": {
                    "outcome": 8.5524196275308
                },
                "metadata": {
                    "trials": 1
                }
            }
        ],
        [
            {
                "query": {
                    "x1": 0.21990367922311038,
                    "x2": 0.8711804131511593
                },
                "metrics": {
                    "outcome": 4.159384668403068
                },
                "metadata": {
                    "trials": 1
                }
            }
        ],
        [
            {
                "query": {
                    "x1": 2.2517117235964785,
                    "x2": 0.10526046344699935
                },
                "metrics": {
                    "outcome": 3.199393238111443
                },
                "metadata": {
                    "trials": 1
                }
            }
        ],
        [
            {
                "query": {
                    "x1": 0.7574763167106235,
                    "x2": -1.7197185715815673
                },
                "metrics": {
                    "outcome": 0.8805081246820308
                },
                "metadata": {
                    "trials": 1
                }
            }
        ],
        [
            {
                "query": {
                    "x1": 1.3264678676690287,
                    "x2": -2.57035944427674
                },
                "metrics": {
                    "outcome": 6.8226218826907585
                },
                "metadata": {
                    "trials": 1
                }
            }
        ],
        [
            {
                "query": {
                    "x1": 3.1461270945457125,
                    "x2": 3.956455333484336
                },
                "metrics": {
                    "outcome": 7.559313946651884
                },
                "metadata": {
                    "trials": 1
                }
            }
        ],
        [
            {
                "query": {
                    "x1": -0.8853954126825556,
                    "x2": -1.0640380842921635
                },
                "metrics": {
                    "outcome": -1.229258162076762
                },
                "metadata": {
                    "trials": 1
                }
            }
        ],
        [
            {
                "query": {
                    "x1": 1.991680607611003,
                    "x2": 2.717422879192357
                },
                "metrics": {
                    "outcome": 4.3327435285536335
                },
                "metadata": {
                    "trials": 1
                }
            }
        ],
        [
            {
                "query": {
                    "x1": -1.4487479285104201,
                    "x2": -0.3501857306963454
                },
                "metrics": {
                    "outcome": 2.530407116469285
                },
                "metadata": {
                    "trials": 1
                }
            }
        ],
        [
            {
                "query": {
                    "x1": 0.430634627584368,
                    "x2": 0.3630428486658879
                },
                "metrics": {
                    "outcome": 1.979160666537593
                },
                "metadata": {
                    "trials": 1
                }
            }
        ],
        [
            {
                "query": {
                    "x1": -0.666616914793849,
                    "x2": 3.3833655505596347
                },
                "metrics": {
                    "outcome": 27.27287588918459
                },
                "metadata": {
                    "trials": 1
                }
            }
        ],
        [
            {
                "query": {
                    "x1": 3.751739636800872,
                    "x2": 1.4763229080631088
                },
                "metrics": {
                    "outcome": 3.3707583334532574
                },
                "metadata": {
                    "trials": 1
                }
            }
        ],
        [
            {
                "query": {
                    "x1": -0.336884413473308,
                    "x2": -1.3595073832043756
                },
                "metrics": {
                    "outcome": -1.8398073508553372
                },
                "metadata": {
                    "trials": 1
                }
            }
        ],
        [
            {
                "query": {
                    "x1": 2.579280761311141,
                    "x2": 2.564642156210418
                },
                "metrics": {
                    "outcome": 2.6345733103793396
                },
                "metadata": {
                    "trials": 1
                }
            }
        ],
        [
            {
                "query": {
                    "x1": 3.3336109262115006,
                    "x2": 2.068388853144521
                },
                "metrics": {
                    "outcome": 1.999848940216184
                },
                "metadata": {
                    "trials": 1
                }
            }
        ],
        [
            {
                "query": {
                    "x1": -0.614287472704,
                    "x2": -1.4897036082467032
                },
                "metrics": {
                    "outcome": -1.8976620166149716
                },
                "metadata": {
                    "trials": 1
                }
            },
            {
                "query": {
                    "x1": -0.5945602927726858,
                    "x2": -1.3886118204735771
                },
                "metrics": {
                    "outcome": -1.8653425081680588
                },
                "metadata": {
                    "trials": 1
                }
            },
            {
                "query": {
                    "x1": -0.5737704985211612,
                    "x2": -1.5797246107598137
                },
                "metrics": {
                    "outcome": -1.9116927113404825
                },
                "metadata": {
                    "trials": 1
                }
            }
        ],
        [
            {
                "query": {
                    "x1": -0.3308639617358775,
                    "x2": -1.6118346723454116
                },
                "metrics": {
                    "outcome": -1.8240425322300386
                },
                "metadata": {
                    "trials": 1
                }
            },
            {
                "query": {
                    "x1": -0.3873629086375485,
                    "x2": -1.5754179431141075
                },
                "metrics": {
                    "outcome": -1.8701784755360666
                },
                "metadata": {
                    "trials": 1
                }
            },
            {
                "query": {
                    "x1": -0.2721517470331687,
                    "x2": -1.6366210045449627
                },
                "metrics": {
                    "outcome": -1.7649761071784704
                },
                "metadata": {
                    "trials": 1
                }
            }
        ],
        [
            {
                "query": {
                    "x1": -0.7037820976490002,
                    "x2": -1.6660587440929517
                },
                "metrics": {
                    "outcome": -1.880889183703069
                },
                "metadata": {
                    "trials": 1
                }
            },
            {
                "query": {
                    "x1": -0.5216809507283918,
                    "x2": -1.5109478855488505
                },
                "metrics": {
                    "outcome": -1.9114366738031432
                },
                "metadata": {
                    "trials": 1
                }
            },
            {
                "query": {
                    "x1": -0.502999464961124,
                    "x2": -1.492548793109002
                },
                "metrics": {
                    "outcome": -1.9088059013046177
                },
                "metadata": {
                    "trials": 1
                }
            }
        ],
        [
            {
                "query": {
                    "x1": -0.5204757661723984,
                    "x2": -1.5717220640575758
                },
                "metrics": {
                    "outcome": -1.9105946804634324
                },
                "metadata": {
                    "trials": 1
                }
            },
            {
                "query": {
                    "x1": -0.5255251762456562,
                    "x2": -1.5900264823535144
                },
                "metrics": {
                    "outcome": -1.9088695164130272
                },
                "metadata": {
                    "trials": 1
                }
            },
            {
                "query": {
                    "x1": -0.5293435099915774,
                    "x2": -1.5574337043977053
                },
                "metrics": {
                    "outcome": -1.91240873055329
                },
                "metadata": {
                    "trials": 1
                }
            }
        ],
        [
            {
                "query": {
                    "x1": -0.5534569394037895,
                    "x2": -1.5437927671869607
                },
                "metrics": {
                    "outcome": -1.9131260321784498
                },
                "metadata": {
                    "trials": 1
                }
            },
            {
                "query": {
                    "x1": -0.5463641978784504,
                    "x2": -1.538818307671078
                },
                "metrics": {
                    "outcome": -1.9131291989963186
                },
                "metadata": {
                    "trials": 1
                }
            },
            {
                "query": {
                    "x1": -0.5607553399660161,
                    "x2": -1.5482247912768425
                },
                "metrics": {
                    "outcome": -1.912974088718554
                },
                "metadata": {
                    "trials": 1
                }
            }
        ],
        [
            {
                "query": {
                    "x1": -0.5458989275262399,
                    "x2": -1.5497448088948191
                },
                "metrics": {
                    "outcome": -1.913207489235404
                },
                "metadata": {
                    "trials": 1
                }
            },
            {
                "query": {
                    "x1": -0.5417899889796859,
                    "x2": -1.5455122318006909
                },
                "metrics": {
                    "outcome": -1.9131872858216807
                },
                "metadata": {
                    "trials": 1
                }
            },
            {
                "query": {
                    "x1": -0.5500889994389054,
                    "x2": -1.5537318990727913
                },
                "metrics": {
                    "outcome": -1.9131712830471859
                },
                "metadata": {
                    "trials": 1
                }
            }
        ],
        [
            {
                "query": {
                    "x1": -0.5440611688153648,
                    "x2": -1.5460999133952527
                },
                "metrics": {
                    "outcome": -1.9132110296008729
                },
                "metadata": {
                    "trials": 1
                }
            },
            {
                "query": {
                    "x1": -0.5476569285121085,
                    "x2": -1.5500161361259202
                },
                "metrics": {
                    "outcome": -1.9132127393225105
                },
                "metadata": {
                    "trials": 1
                }
            },
            {
                "query": {
                    "x1": -0.5402677512131883,
                    "x2": -1.5427706610151148
                },
                "metrics": {
                    "outcome": -1.9131607214059847
                },
                "metadata": {
                    "trials": 1
                }
            }
        ],
        [
            {
                "query": {
                    "x1": -0.5505815098008253,
                    "x2": -1.5525001280527886
                },
                "metrics": {
                    "outcome": -1.9131866553487455
                },
                "metadata": {
                    "trials": 1
                }
            },
            {
                "query": {
                    "x1": -0.5469818963168572,
                    "x2": -1.5490486500037564
                },
                "metrics": {
                    "outcome": -1.9132175257059707
                },
                "metadata": {
                    "trials": 1
                }
            },
            {
                "query": {
                    "x1": -0.5509406569768004,
                    "x2": -1.5468752224030715
                },
                "metrics": {
                    "outcome": -1.9132013635721368
                },
                "metadata": {
                    "trials": 1
                }
            }
        ],
        [
            {
                "query": {
                    "x1": -0.539149397725545,
                    "x2": -1.542000230137035
                },
                "metrics": {
                    "outcome": -1.9131386663239462
                },
                "metadata": {
                    "trials": 1
                }
            },
            {
                "query": {
                    "x1": -0.5436074424228545,
                    "x2": -1.542178811145934
                },
                "metrics": {
                    "outcome": -1.9131887694658802
                },
                "metadata": {
                    "trials": 1
                }
            },
            {
                "query": {
                    "x1": -0.5413815164653621,
                    "x2": -1.5479482638045523
                },
                "metrics": {
                    "outcome": -1.9131687119856062
                },
                "metadata": {
                    "trials": 1
                }
            }
        ],
        [
            {
                "query": {
                    "x1": -0.5521177703862163,
                    "x2": -1.553921335014779
                },
                "metrics": {
                    "outcome": -1.9131611252814746
                },
                "metadata": {
                    "trials": 1
                }
            },
            {
                "query": {
                    "x1": -0.5558672922940714,
                    "x2": -1.5513552202228313
                },
                "metrics": {
                    "outcome": -1.9131315240788966
                },
                "metadata": {
                    "trials": 1
                }
            },
            {
                "query": {
                    "x1": -0.5480542056672811,
                    "x2": -1.5524451468776284
                },
                "metrics": {
                    "outcome": -1.913187558758068
                },
                "metadata": {
                    "trials": 1
                }
            }
        ],
        [
            {
                "query": {
                    "x1": -0.5459765668319633,
                    "x2": -1.5395806939889165
                },
                "metrics": {
                    "outcome": -1.913148168971662
                },
                "metadata": {
                    "trials": 1
                }
            },
            {
                "query": {
                    "x1": -0.541296173755887,
                    "x2": -1.5411721180093754
                },
                "metrics": {
                    "outcome": -1.913161203398829
                },
                "metadata": {
                    "trials": 1
                }
            },
            {
                "query": {
                    "x1": -0.5500852832495009,
                    "x2": -1.541269890943718
                },
                "metrics": {
                    "outcome": -1.9131412399604155
                },
                "metadata": {
                    "trials": 1
                }
            }
        ],
        [
            {
                "query": {
                    "x1": -0.549653716216331,
                    "x2": -1.5538925344564056
                },
                "metrics": {
                    "outcome": -1.913168789510574
                },
                "metadata": {
                    "trials": 1
                }
            },
            {
                "query": {
                    "x1": -0.546098033802837,
                    "x2": -1.5515820302068741
                },
                "metrics": {
                    "outcome": -1.9131882110943739
                },
                "metadata": {
                    "trials": 1
                }
            },
            {
                "query": {
                    "x1": -0.5385821509437091,
                    "x2": -1.543792264696108
                },
                "metrics": {
                    "outcome": -1.913133096706753
                },
                "metadata": {
                    "trials": 1
                }
            }
        ],
        [
            {
                "query": {
                    "x1": -0.550913059092236,
                    "x2": -1.5533588377149563
                },
                "metrics": {
                    "outcome": -1.9131748129304635
                },
                "metadata": {
                    "trials": 1
                }
            },
            {
                "query": {
                    "x1": -0.5544084436654931,
                    "x2": -1.5507846065814967
                },
                "metrics": {
                    "outcome": -1.913159440782437
                },
                "metadata": {
                    "trials": 1
                }
            },
            {
                "query": {
                    "x1": -0.5472343904376347,
                    "x2": -1.5515051219581246
                },
                "metrics": {
                    "outcome": -1.9131965500414747
                },
                "metadata": {
                    "trials": 1
                }
            }
        ],
        [
            {
                "query": {
                    "x1": -0.5387239768065037,
                    "x2": -1.5429210024977458
                },
                "metrics": {
                    "outcome": -1.9131347751972627
                },
                "metadata": {
                    "trials": 1
                }
            },
            {
                "query": {
                    "x1": -0.5464583222645553,
                    "x2": -1.5403018391391234
                },
                "metrics": {
                    "outcome": -1.9131597744144035
                },
                "metadata": {
                    "trials": 1
                }
            },
            {
                "query": {
                    "x1": -0.541843433489202,
                    "x2": -1.5458982884835828
                },
                "metrics": {
                    "outcome": -1.913187320281518
                },
                "metadata": {
                    "trials": 1
                }
            }
        ],
        [
            {
                "query": {
                    "x1": -0.550096759284184,
                    "x2": -1.5533194541992408
                },
                "metrics": {
                    "outcome": -1.9131773918692518
                },
                "metadata": {
                    "trials": 1
                }
            },
            {
                "query": {
                    "x1": -0.5542058094804299,
                    "x2": -1.547610732064239
                },
                "metrics": {
                    "outcome": -1.913155644738028
                },
                "metadata": {
                    "trials": 1
                }
            },
            {
                "query": {
                    "x1": -0.5514655618153885,
                    "x2": -1.543431123988608
                },
                "metrics": {
                    "outcome": -1.913158293860464
                },
                "metadata": {
                    "trials": 1
                }
            }
        ],
        [
            {
                "query": {
                    "x1": -0.5392320022554518,
                    "x2": -1.543608474160355
                },
                "metrics": {
                    "outcome": -1.913145862306504
                },
                "metadata": {
                    "trials": 1
                }
            },
            {
                "query": {
                    "x1": -0.5482374156207072,
                    "x2": -1.5530084650654377
                },
                "metrics": {
                    "outcome": -1.9131798962858975
                },
                "metadata": {
                    "trials": 1
                }
            },
            {
                "query": {
                    "x1": -0.5422004786767912,
                    "x2": -1.5466937186998642
                },
                "metrics": {
                    "outcome": -1.913189648991458
                },
                "metadata": {
                    "trials": 1
                }
            }
        ],
        [
            {
                "query": {
                    "x1": -0.5479682276940431,
                    "x2": -1.5408354285302066
                },
                "metrics": {
                    "outcome": -1.9131585257985733
                },
                "metadata": {
                    "trials": 1
                }
            },
            {
                "query": {
                    "x1": -0.5495369342257986,
                    "x2": -1.553340299582534
                },
                "metrics": {
                    "outcome": -1.913177386663155
                },
                "metadata": {
                    "trials": 1
                }
            },
            {
                "query": {
                    "x1": -0.5512646769008549,
                    "x2": -1.5434943524128697
                },
                "metrics": {
                    "outcome": -1.913162519692989
                },
                "metadata": {
                    "trials": 1
                }
            }
        ],
        [
            {
                "query": {
                    "x1": -0.5393814376657108,
                    "x2": -1.5435990621192828
                },
                "metrics": {
                    "outcome": -1.9131486247112526
                },
                "metadata": {
                    "trials": 1
                }
            },
            {
                "query": {
                    "x1": -0.5489919286635946,
                    "x2": -1.5531195828691957
                },
                "metrics": {
                    "outcome": -1.9131801730054505
                },
                "metadata": {
                    "trials": 1
                }
            },
            {
                "query": {
                    "x1": -0.5524783735238776,
                    "x2": -1.5533361177499112
                },
                "metrics": {
                    "outcome": -1.913165878047772
                },
                "metadata": {
                    "trials": 1
                }
            }
        ],
        [
            {
                "query": {
                    "x1": -0.5399738209790732,
                    "x2": -1.5437378923246416
                },
                "metrics": {
                    "outcome": -1.9131592637871906
                },
                "metadata": {
                    "trials": 1
                }
            },
            {
                "query": {
                    "x1": -0.5463595887628037,
                    "x2": -1.5409573172682816
                },
                "metrics": {
                    "outcome": -1.9131720466720301
                },
                "metadata": {
                    "trials": 1
                }
            },
            {
                "query": {
                    "x1": -0.5426431480778375,
                    "x2": -1.5467900830864907
                },
                "metrics": {
                    "outcome": -1.9131950869081402
                },
                "metadata": {
                    "trials": 1
                }
            }
        ],
        [
            {
                "query": {
                    "x1": -0.5492910589269561,
                    "x2": -1.5529917849049626
                },
                "metrics": {
                    "outcome": -1.9131823601238258
                },
                "metadata": {
                    "trials": 1
                }
            },
            {
                "query": {
                    "x1": -0.5545453689315168,
                    "x2": -1.5497051054172477
                },
                "metrics": {
                    "outcome": -1.9131575491278232
                },
                "metadata": {
                    "trials": 1
                }
            },
            {
                "query": {
                    "x1": -0.5461902076697227,
                    "x2": -1.5511887611882766
                },
                "metrics": {
                    "outcome": -1.9131941163496404
                },
                "metadata": {
                    "trials": 1
                }
            }
        ],
        [
            {
                "query": {
                    "x1": -0.5475411782429276,
                    "x2": -1.541129402192088
                },
                "metrics": {
                    "outcome": -1.9131676386229914
                },
                "metadata": {
                    "trials": 1
                }
            },
            {
                "query": {
                    "x1": -0.5402184813821675,
                    "x2": -1.5437302992158959
                },
                "metrics": {
                    "outcome": -1.9131632747621587
                },
                "metadata": {
                    "trials": 1
                }
            },
            {
                "query": {
                    "x1": -0.5438281752599708,
                    "x2": -1.5413765559454404
                },
                "metrics": {
                    "outcome": -1.9131803065960256
                },
                "metadata": {
                    "trials": 1
                }
            }
        ],
        [
            {
                "query": {
                    "x1": -0.5488280771206316,
                    "x2": -1.5527973453257726
                },
                "metrics": {
                    "outcome": -1.9131845946544122
                },
                "metadata": {
                    "trials": 1
                }
            },
            {
                "query": {
                    "x1": -0.5521844725562884,
                    "x2": -1.552393373661698
                },
                "metrics": {
                    "outcome": -1.9131781013760576
                },
                "metadata": {
                    "trials": 1
                }
            },
            {
                "query": {
                    "x1": -0.5547120787883038,
                    "x2": -1.5491889190244315
                },
                "metrics": {
                    "outcome": -1.9131533936481548
                },
                "metadata": {
                    "trials": 1
                }
            }
        ],
        [
            {
                "query": {
                    "x1": -0.5404617947681722,
                    "x2": -1.5446829372303634
                },
                "metrics": {
                    "outcome": -1.9131680186229971
                },
                "metadata": {
                    "trials": 1
                }
            },
            {
                "query": {
                    "x1": -0.5429852411738842,
                    "x2": -1.547745328853166
                },
                "metrics": {
                    "outcome": -1.9131944776121044
                },
                "metadata": {
                    "trials": 1
                }
            },
            {
                "query": {
                    "x1": -0.5464768517946649,
                    "x2": -1.551421725540354
                },
                "metrics": {
                    "outcome": -1.9131931918499947
                },
                "metadata": {
                    "trials": 1
                }
            }
        ],
        [
            {
                "query": {
                    "x1": -0.5486180728419467,
                    "x2": -1.5416972843384416
                },
                "metrics": {
                    "outcome": -1.913167844816404
                },
                "metadata": {
                    "trials": 1
                }
            },
            {
                "query": {
                    "x1": -0.5515789524764505,
                    "x2": -1.544238892612233
                },
                "metrics": {
                    "outcome": -1.9131682022394507
                },
                "metadata": {
                    "trials": 1
                }
            },
            {
                "query": {
                    "x1": -0.5452341581572215,
                    "x2": -1.5406586201805905
                },
                "metrics": {
                    "outcome": -1.913170666125017
                },
                "metadata": {
                    "trials": 1
                }
            }
        ],
        [
            {
                "query": {
                    "x1": -0.5481356347996013,
                    "x2": -1.5524548674649632
                },
                "metrics": {
                    "outcome": -1.9131876987621457
                },
                "metadata": {
                    "trials": 1
                }
            },
            {
                "query": {
                    "x1": -0.5453376191339155,
                    "x2": -1.5503712696870073
                },
                "metrics": {
                    "outcome": -1.9131968701372406
                },
                "metadata": {
                    "trials": 1
                }
            },
            {
                "query": {
                    "x1": -0.5405657553547383,
                    "x2": -1.5448986811704224
                },
                "metrics": {
                    "outcome": -1.9131695859035491
                },
                "metadata": {
                    "trials": 1
                }
            }
        ],
        [
            {
                "query": {
                    "x1": -0.5489792060679688,
                    "x2": -1.5525445490024097
                },
                "metrics": {
                    "outcome": -1.9131882688875619
                },
                "metadata": {
                    "trials": 1
                }
            },
            {
                "query": {
                    "x1": -0.5544118621836929,
                    "x2": -1.5494551257256413
                },
                "metrics": {
                    "outcome": -1.9131596084163425
                },
                "metadata": {
                    "trials": 1
                }
            },
            {
                "query": {
                    "x1": -0.5461037380922201,
                    "x2": -1.5507982090643215
                },
                "metrics": {
                    "outcome": -1.9131981970685397
                },
                "metadata": {
                    "trials": 1
                }
            }
        ],
        [
            {
                "query": {
                    "x1": -0.5404133802399105,
                    "x2": -1.5439432196346936
                },
                "metrics": {
                    "outcome": -1.9131667759284348
                },
                "metadata": {
                    "trials": 1
                }
            },
            {
                "query": {
                    "x1": -0.547442874766369,
                    "x2": -1.5416519240034687
                },
                "metrics": {
                    "outcome": -1.9131772427697982
                },
                "metadata": {
                    "trials": 1
                }
            },
            {
                "query": {
                    "x1": -0.5504251125292783,
                    "x2": -1.543685418005021
                },
                "metrics": {
                    "outcome": -1.9131774964309725
                },
                "metadata": {
                    "trials": 1
                }
            }
        ],
        [
            {
                "query": {
                    "x1": -0.5484925997415458,
                    "x2": -1.5523838301511037
                },
                "metrics": {
                    "outcome": -1.9131896462322775
                },
                "metadata": {
                    "trials": 1
                }
            },
            {
                "query": {
                    "x1": -0.5406339839783721,
                    "x2": -1.5444544596247742
                },
                "metrics": {
                    "outcome": -1.91317078712611
                },
                "metadata": {
                    "trials": 1
                }
            },
            {
                "query": {
                    "x1": -0.5457065965861676,
                    "x2": -1.5504242756845454
                },
                "metrics": {
                    "outcome": -1.9131993942983967
                },
                "metadata": {
                    "trials": 1
                }
            }
        ],
        [
            {
                "query": {
                    "x1": -0.5543866856614508,
                    "x2": -1.5494578528252432
                },
                "metrics": {
                    "outcome": -1.913160067686455
                },
                "metadata": {
                    "trials": 1
                }
            },
            {
                "query": {
                    "x1": -0.549217000871424,
                    "x2": -1.5524061481569005
                },
                "metrics": {
                    "outcome": -1.9131901932873507
                },
                "metadata": {
                    "trials": 1
                }
            },
            {
                "query": {
                    "x1": -0.5481512530869707,
                    "x2": -1.5422228546394319
                },
                "metrics": {
                    "outcome": -1.9131808025428163
                },
                "metadata": {
                    "trials": 1
                }
            }
        ],
        [
            {
                "query": {
                    "x1": -0.5406535792044853,
                    "x2": -1.5442093782782649
                },
                "metrics": {
                    "outcome": -1.9131708950888635
                },
                "metadata": {
                    "trials": 1
                }
            },
            {
                "query": {
                    "x1": -0.5479999050261579,
                    "x2": -1.5519792323476462
                },
                "metrics": {
                    "outcome": -1.9131936325175545
                },
                "metadata": {
                    "trials": 1
                }
            },
            {
                "query": {
                    "x1": -0.5430074544408598,
                    "x2": -1.5470406888323012
                },
                "metrics": {
                    "outcome": -1.9131984989380193
                },
                "metadata": {
                    "trials": 1
                }
            }
        ],
        [
            {
                "query": {
                    "x1": -0.5477848661886937,
                    "x2": -1.542027401703493
                },
                "metrics": {
                    "outcome": -1.9131807042849234
                },
                "metadata": {
                    "trials": 1
                }
            },
            {
                "query": {
                    "x1": -0.554072049602802,
                    "x2": -1.5490454679664363
                },
                "metrics": {
                    "outcome": -1.9131648001328965
                },
                "metadata": {
                    "trials": 1
                }
            },
            {
                "query": {
                    "x1": -0.5505987494378504,
                    "x2": -1.5442430214371017
                },
                "metrics": {
                    "outcome": -1.9131824733184972
                },
                "metadata": {
                    "trials": 1
                }
            }
        ],
        [
            {
                "query": {
                    "x1": -0.5481448343068919,
                    "x2": -1.5521431353621569
                },
                "metrics": {
                    "outcome": -1.9131919489169382
                },
                "metadata": {
                    "trials": 1
                }
            },
            {
                "query": {
                    "x1": -0.5408890609129962,
                    "x2": -1.5443254837187874
                },
                "metrics": {
                    "outcome": -1.9131745863017775
                },
                "metadata": {
                    "trials": 1
                }
            },
            {
                "query": {
                    "x1": -0.5455091451377052,
                    "x2": -1.550085501650797
                },
                "metrics": {
                    "outcome": -1.91320138902111
                },
                "metadata": {
                    "trials": 1
                }
            }
        ],
        [
            {
                "query": {
                    "x1": -0.5486941488293839,
                    "x2": -1.5522259250942558
                },
                "metrics": {
                    "outcome": -1.9131920691274629
                },
                "metadata": {
                    "trials": 1
                }
            },
            {
                "query": {
                    "x1": -0.5410636677762284,
                    "x2": -1.5440425183604576
                },
                "metrics": {
                    "outcome": -1.9131766528558787
                },
                "metadata": {
                    "trials": 1
                }
            },
            {
                "query": {
                    "x1": -0.5466483990261038,
                    "x2": -1.541803339012039
                },
                "metrics": {
                    "outcome": -1.913184167365722
                },
                "metadata": {
                    "trials": 1
                }
            }
        ],
        [
            {
                "query": {
                    "x1": -0.5488311281001146,
                    "x2": -1.5521924213538179
                },
                "metrics": {
                    "outcome": -1.9131926560469346
                },
                "metadata": {
                    "trials": 1
                }
            },
            {
                "query": {
                    "x1": -0.5540588234036379,
                    "x2": -1.5498995008264913
                },
                "metrics": {
                    "outcome": -1.9131661269336786
                },
                "metadata": {
                    "trials": 1
                }
            },
            {
                "query": {
                    "x1": -0.5411545970900914,
                    "x2": -1.5443717207530623
                },
                "metrics": {
                    "outcome": -1.9131784884273757
                },
                "metadata": {
                    "trials": 1
                }
            }
        ],
        [
            {
                "query": {
                    "x1": -0.547358431717425,
                    "x2": -1.5420517338918804
                },
                "metrics": {
                    "outcome": -1.9131840234485558
                },
                "metadata": {
                    "trials": 1
                }
            },
            {
                "query": {
                    "x1": -0.548252215310704,
                    "x2": -1.551963022894291
                },
                "metrics": {
                    "outcome": -1.9131945334947762
                },
                "metadata": {
                    "trials": 1
                }
            },
            {
                "query": {
                    "x1": -0.5500801433038971,
                    "x2": -1.5440288668587092
                },
                "metrics": {
                    "outcome": -1.9131863015909145
                },
                "metadata": {
                    "trials": 1
                }
            }
        ],
        [
            {
                "query": {
                    "x1": -0.5480746994879842,
                    "x2": -1.5518500226322014
                },
                "metrics": {
                    "outcome": -1.9131954759426746
                },
                "metadata": {
                    "trials": 1
                }
            },
            {
                "query": {
                    "x1": -0.5411740594597005,
                    "x2": -1.5445152372927156
                },
                "metrics": {
                    "outcome": -1.913178918245888
                },
                "metadata": {
                    "trials": 1
                }
            },
            {
                "query": {
                    "x1": -0.5455356809311617,
                    "x2": -1.5499141850423512
                },
                "metrics": {
                    "outcome": -1.9132033020426364
                },
                "metadata": {
                    "trials": 1
                }
            }
        ],
        [
            {
                "query": {
                    "x1": -0.5472443790833388,
                    "x2": -1.542166346094434
                },
                "metrics": {
                    "outcome": -1.913186400490364
                },
                "metadata": {
                    "trials": 1
                }
            },
            {
                "query": {
                    "x1": -0.5540900856646728,
                    "x2": -1.5495758338655181
                },
                "metrics": {
                    "outcome": -1.9131654265812026
                },
                "metadata": {
                    "trials": 1
                }
            },
            {
                "query": {
                    "x1": -0.5487013950601768,
                    "x2": -1.5519718992277762
                },
                "metrics": {
                    "outcome": -1.9131952119652285
                },
                "metadata": {
                    "trials": 1
                }
            }
        ],
        [
            {
                "query": {
                    "x1": -0.5411810646419365,
                    "x2": -1.5443460724854814
                },
                "metrics": {
                    "outcome": -1.913178827345713
                },
                "metadata": {
                    "trials": 1
                }
            },
            {
                "query": {
                    "x1": -0.5464449776632503,
                    "x2": -1.542066837806151
                },
                "metrics": {
                    "outcome": -1.9131887820489974
                },
                "metadata": {
                    "trials": 1
                }
            },
            {
                "query": {
                    "x1": -0.5477477944226444,
                    "x2": -1.5515478834545728
                },
                "metrics": {
                    "outcome": -1.9131981250555272
                },
                "metadata": {
                    "trials": 1
                }
            }
        ],
        [
            {
                "query": {
                    "x1": -0.5412810151214136,
                    "x2": -1.544561076809184
                },
                "metrics": {
                    "outcome": -1.9131804676231017
                },
                "metadata": {
                    "trials": 1
                }
            },
            {
                "query": {
                    "x1": -0.5481206861669736,
                    "x2": -1.551695293658585
                },
                "metrics": {
                    "outcome": -1.9131974659950313
                },
                "metadata": {
                    "trials": 1
                }
            },
            {
                "query": {
                    "x1": -0.5472154167030693,
                    "x2": -1.542358491463431
                },
                "metrics": {
                    "outcome": -1.9131892910292363
                },
                "metadata": {
                    "trials": 1
                }
            }
        ],
        [
            {
                "query": {
                    "x1": -0.5541065737351656,
                    "x2": -1.5495754455075503
                },
                "metrics": {
                    "outcome": -1.9131651449028673
                },
                "metadata": {
                    "trials": 1
                }
            },
            {
                "query": {
                    "x1": -0.5484125143079631,
                    "x2": -1.5517694181600867
                },
                "metrics": {
                    "outcome": -1.913197201896272
                },
                "metadata": {
                    "trials": 1
                }
            },
            {
                "query": {
                    "x1": -0.5413800585981777,
                    "x2": -1.544732461455552
                },
                "metrics": {
                    "outcome": -1.9131819640184622
                },
                "metadata": {
                    "trials": 1
                }
            }
        ],
        [
            {
                "query": {
                    "x1": -0.5475598343343582,
                    "x2": -1.5424829086325718
                },
                "metrics": {
                    "outcome": -1.9131889703751184
                },
                "metadata": {
                    "trials": 1
                }
            },
            {
                "query": {
                    "x1": -0.5479487707069917,
                    "x2": -1.5515720299634495
                },
                "metrics": {
                    "outcome": -1.913198461771807
                },
                "metadata": {
                    "trials": 1
                }
            },
            {
                "query": {
                    "x1": -0.5416880707390763,
                    "x2": -1.5447962343153612
                },
                "metrics": {
                    "outcome": -1.9131861549421014
                },
                "metadata": {
                    "trials": 1
                }
            }
        ],
        [
            {
                "query": {
                    "x1": -0.5482147540108885,
                    "x2": -1.551650727079416
                },
                "metrics": {
                    "outcome": -1.9131982048204157
                },
                "metadata": {
                    "trials": 1
                }
            },
            {
                "query": {
                    "x1": -0.5538093515153574,
                    "x2": -1.5492849543017169
                },
                "metrics": {
                    "outcome": -1.9131697711475697
                },
                "metadata": {
                    "trials": 1
                }
            },
            {
                "query": {
                    "x1": -0.5479664884443868,
                    "x2": -1.5427694281924853
                },
                "metrics": {
                    "outcome": -1.9131901435849485
                },
                "metadata": {
                    "trials": 1
                }
            }
        ],
        [
            {
                "query": {
                    "x1": -0.5416038431466504,
                    "x2": -1.5448890795192074
                },
                "metrics": {
                    "outcome": -1.9131850819856369
                },
                "metadata": {
                    "trials": 1
                }
            },
            {
                "query": {
                    "x1": -0.5475337087467141,
                    "x2": -1.5513223463828434
                },
                "metrics": {
                    "outcome": -1.9131999916221916
                },
                "metadata": {
                    "trials": 1
                }
            },
            {
                "query": {
                    "x1": -0.5451529195712619,
                    "x2": -1.5493340508514746
                },
                "metrics": {
                    "outcome": -1.913205469467806
                },
                "metadata": {
                    "trials": 1
                }
            }
        ],
        [
            {
                "query": {
                    "x1": -0.5476239961324529,
                    "x2": -1.5425738368730393
                },
                "metrics": {
                    "outcome": -1.9131898163065144
                },
                "metadata": {
                    "trials": 1
                }
            },
            {
                "query": {
                    "x1": -0.5536483196638611,
                    "x2": -1.5490594885750277
                },
                "metrics": {
                    "outcome": -1.9131720240057932
                },
                "metadata": {
                    "trials": 1
                }
            },
            {
                "query": {
                    "x1": -0.5501750172054544,
                    "x2": -1.5445422953297614
                },
                "metrics": {
                    "outcome": -1.9131911824729873
                },
                "metadata": {
                    "trials": 1
                }
            }
        ],
        [
            {
                "query": {
                    "x1": -0.5476520932145476,
                    "x2": -1.5514112413156207
                },
                "metrics": {
                    "outcome": -1.9131993958991487
                },
                "metadata": {
                    "trials": 1
                }
            },
            {
                "query": {
                    "x1": -0.5415984484879498,
                    "x2": -1.5447889337517315
                },
                "metrics": {
                    "outcome": -1.9131849668174983
                },
                "metadata": {
                    "trials": 1
                }
            },
            {
                "query": {
                    "x1": -0.5452966471664511,
                    "x2": -1.5494664984851192
                },
                "metrics": {
                    "outcome": -1.913205508671072
                },
                "metadata": {
                    "trials": 1
                }
            }
        ]
    ],
    "best_results": [
        {
            "query": {
                "x1": -0.5469818963168572,
                "x2": -1.5490486500037564
            },
            "metrics": [
                {
                    "name": "outcome",
                    "value": -1.9132175257059707
                }
            ]
        }
    ]
}