{
    "date": "26/10/2022 19:16:52",
    "basic_params": {
        "active_variables": [
            "x1",
            "x2"
        ],
        "default_query": {},
        "metric": "basic",
        "n_trials": 1
    },
    "objective_function": {
        "name": "McCormick",
        "params": {}
    },
    "optimizer": {
        "name": "BBO-LP",
        "params": {
            "lower_bound": [
                -1.5,
                -3.0
            ],
            "upper_bound": [
                4.0,
                4.0
            ],
            "invert_metric": false,
            "bopt_params": {
                "n_init_samples": 15,
                "n_iterations": 45,
                "verbose_level": 1,
                "n_parallel_samples": 3,
                "par_type": "PAR_BBO",
                "crit_name": "cLP(cLCB)",
                "n_crit_params": 4,
                "crit_params": [
                    3,
                    1,
                    1.0
                ]
            }
        }
    },
    "iterations": [
        [
            {
                "query": {
                    "x1": 2.229125717569453,
                    "x2": -2.1954185501206664
                },
                "metrics": {
                    "outcome": 11.778057810042
                },
                "metadata": {
                    "trials": 1
                }
            }
        ],
        [
            {
                "query": {
                    "x1": 0.9368263102990264,
                    "x2": -0.33638810844471045
                },
                "metrics": {
                    "outcome": 0.9398693023054161
                },
                "metadata": {
                    "trials": 1
                }
            }
        ],
        [
            {
                "query": {
                    "x1": 1.7908203003384795,
                    "x2": 1.6976682679262014
                },
                "metrics": {
                    "outcome": 2.226637253333159
                },
                "metadata": {
                    "trials": 1
                }
            }
        ],
        [
            {
                "query": {
                    "x1": 0.3357384632729614,
                    "x2": 3.8657435298586886
                },
                "metrics": {
                    "outcome": 21.74938552166296
                },
                "metadata": {
                    "trials": 1
                }
            }
        ],
        [
            {
                "query": {
                    "x1": 2.0736362886692707,
                    "x2": 3.283035589273398
                },
                "metrics": {
                    "outcome": 6.7602505261698305
                },
                "metadata": {
                    "trials": 1
                }
            }
        ],
        [
            {
                "query": {
                    "x1": 1.2971300389152018,
                    "x2": 0.7347183455713093
                },
                "metrics": {
                    "outcome": 2.1029926610697083
                },
                "metadata": {
                    "trials": 1
                }
            }
        ],
        [
            {
                "query": {
                    "x1": 2.8079035599327957,
                    "x2": -2.7214767466299237
                },
                "metrics": {
                    "outcome": 20.64481862607493
                },
                "metadata": {
                    "trials": 1
                }
            }
        ],
        [
            {
                "query": {
                    "x1": 3.1581074412291255,
                    "x2": 2.1423789147753274
                },
                "metrics": {
                    "outcome": 1.818492844032388
                },
                "metadata": {
                    "trials": 1
                }
            }
        ],
        [
            {
                "query": {
                    "x1": -0.4868501724675298,
                    "x2": -1.4886138814811907
                },
                "metrics": {
                    "outcome": -1.9069621844663347
                },
                "metadata": {
                    "trials": 1
                }
            }
        ],
        [
            {
                "query": {
                    "x1": 0.14619153828049702,
                    "x2": 0.23193547177749352
                },
                "metrics": {
                    "outcome": 1.7370838344513073
                },
                "metadata": {
                    "trials": 1
                }
            }
        ],
        [
            {
                "query": {
                    "x1": 3.646828975575045,
                    "x2": -0.9173639858296765
                },
                "metrics": {
                    "outcome": 14.46876371008489
                },
                "metadata": {
                    "trials": 1
                }
            }
        ],
        [
            {
                "query": {
                    "x1": 3.529733435514694,
                    "x2": 0.313716408237815
                },
                "metrics": {
                    "outcome": 6.186819354253032
                },
                "metadata": {
                    "trials": 1
                }
            }
        ],
        [
            {
                "query": {
                    "x1": -1.4715767719084396,
                    "x2": -1.9209649523720145
                },
                "metrics": {
                    "outcome": -1.1447740722519928
                },
                "metadata": {
                    "trials": 1
                }
            }
        ],
        [
            {
                "query": {
                    "x1": -1.0208393401155869,
                    "x2": 2.793784996975834
                },
                "metrics": {
                    "outcome": 25.046717644180816
                },
                "metadata": {
                    "trials": 1
                }
            }
        ],
        [
            {
                "query": {
                    "x1": -0.09387725940905511,
                    "x2": 1.3885024190569917
                },
                "metrics": {
                    "outcome": 7.771627958687924
                },
                "metadata": {
                    "trials": 1
                }
            }
        ],
        [
            {
                "query": {
                    "x1": -0.712847792658306,
                    "x2": -1.9771376806499963
                },
                "metrics": {
                    "outcome": -1.7115557443110747
                },
                "metadata": {
                    "trials": 1
                }
            },
            {
                "query": {
                    "x1": -0.7458064236927329,
                    "x2": -1.8532940213655333
                },
                "metrics": {
                    "outcome": -1.8042686205341716
                },
                "metadata": {
                    "trials": 1
                }
            },
            {
                "query": {
                    "x1": -0.6736537758234992,
                    "x2": -2.0973495355963463
                },
                "metrics": {
                    "outcome": -1.5681483878156568
                },
                "metadata": {
                    "trials": 1
                }
            }
        ],
        [
            {
                "query": {
                    "x1": -0.6099930024333252,
                    "x2": -1.5811818168648286
                },
                "metrics": {
                    "outcome": -1.9084158061538878
                },
                "metadata": {
                    "trials": 1
                }
            },
            {
                "query": {
                    "x1": -0.6187117692215973,
                    "x2": -1.5226380077528392
                },
                "metrics": {
                    "outcome": -1.9030469076276004
                },
                "metadata": {
                    "trials": 1
                }
            },
            {
                "query": {
                    "x1": -0.5943311533775129,
                    "x2": -1.6365655185849914
                },
                "metrics": {
                    "outcome": -1.9035952985836913
                },
                "metadata": {
                    "trials": 1
                }
            }
        ],
        [
            {
                "query": {
                    "x1": -0.544349045547897,
                    "x2": -1.532737503207628
                },
                "metrics": {
                    "outcome": -1.9129579736379791
                },
                "metadata": {
                    "trials": 1
                }
            },
            {
                "query": {
                    "x1": -0.5443715395447896,
                    "x2": -1.5075310319574136
                },
                "metrics": {
                    "outcome": -1.911077602124302
                },
                "metadata": {
                    "trials": 1
                }
            },
            {
                "query": {
                    "x1": -0.539663991371576,
                    "x2": -1.557146295342585
                },
                "metrics": {
                    "outcome": -1.9129147993911149
                },
                "metadata": {
                    "trials": 1
                }
            }
        ],
        [
            {
                "query": {
                    "x1": -0.5163384373330276,
                    "x2": -1.5427302702023178
                },
                "metrics": {
                    "outcome": -1.9119824287444565
                },
                "metadata": {
                    "trials": 1
                }
            },
            {
                "query": {
                    "x1": -0.5243617946927616,
                    "x2": -1.5351708703778228
                },
                "metrics": {
                    "outcome": -1.912576362318796
                },
                "metadata": {
                    "trials": 1
                }
            },
            {
                "query": {
                    "x1": -0.5641000154084896,
                    "x2": -1.5546657689589138
                },
                "metrics": {
                    "outcome": -1.9128779895800427
                },
                "metadata": {
                    "trials": 1
                }
            }
        ],
        [
            {
                "query": {
                    "x1": -0.5521003383911494,
                    "x2": -1.5509570454446926
                },
                "metrics": {
                    "outcome": -1.9131892110698887
                },
                "metadata": {
                    "trials": 1
                }
            },
            {
                "query": {
                    "x1": -0.5468159284210574,
                    "x2": -1.5476817972849541
                },
                "metrics": {
                    "outcome": -1.913222200691945
                },
                "metadata": {
                    "trials": 1
                }
            },
            {
                "query": {
                    "x1": -0.5575662715911838,
                    "x2": -1.5536420986410584
                },
                "metrics": {
                    "outcome": -1.9130855481805327
                },
                "metadata": {
                    "trials": 1
                }
            }
        ],
        [
            {
                "query": {
                    "x1": -0.5460602266352034,
                    "x2": -1.5472491216770003
                },
                "metrics": {
                    "outcome": -1.9132210309408157
                },
                "metadata": {
                    "trials": 1
                }
            },
            {
                "query": {
                    "x1": -0.5505557766453151,
                    "x2": -1.5498687943476124
                },
                "metrics": {
                    "outcome": -1.9132067593939075
                },
                "metadata": {
                    "trials": 1
                }
            },
            {
                "query": {
                    "x1": -0.5420406457195984,
                    "x2": -1.5437340516351692
                },
                "metrics": {
                    "outcome": -1.9131878564013065
                },
                "metadata": {
                    "trials": 1
                }
            }
        ],
        [
            {
                "query": {
                    "x1": -0.5465833138134562,
                    "x2": -1.5471833000340278
                },
                "metrics": {
                    "outcome": -1.9132224239378024
                },
                "metadata": {
                    "trials": 1
                }
            },
            {
                "query": {
                    "x1": -0.5510985277623207,
                    "x2": -1.5490860101020427
                },
                "metrics": {
                    "outcome": -1.9132044074343142
                },
                "metadata": {
                    "trials": 1
                }
            },
            {
                "query": {
                    "x1": -0.5426806564917571,
                    "x2": -1.5442036089426023
                },
                "metrics": {
                    "outcome": -1.9131961729994909
                },
                "metadata": {
                    "trials": 1
                }
            }
        ],
        [
            {
                "query": {
                    "x1": -0.5559389468385952,
                    "x2": -1.549956139832256
                },
                "metrics": {
                    "outcome": -1.913130022597457
                },
                "metadata": {
                    "trials": 1
                }
            },
            {
                "query": {
                    "x1": -0.5510096420452386,
                    "x2": -1.5485636240503948
                },
                "metrics": {
                    "outcome": -1.9132053730394416
                },
                "metadata": {
                    "trials": 1
                }
            },
            {
                "query": {
                    "x1": -0.5452947995853734,
                    "x2": -1.5463028092830924
                },
                "metrics": {
                    "outcome": -1.913218548330848
                },
                "metadata": {
                    "trials": 1
                }
            }
        ],
        [
            {
                "query": {
                    "x1": -0.5419262735897629,
                    "x2": -1.5437105644855
                },
                "metrics": {
                    "outcome": -1.913186500325145
                },
                "metadata": {
                    "trials": 1
                }
            },
            {
                "query": {
                    "x1": -0.5451672299160112,
                    "x2": -1.5473933399320727
                },
                "metrics": {
                    "outcome": -1.9132165415926998
                },
                "metadata": {
                    "trials": 1
                }
            },
            {
                "query": {
                    "x1": -0.538842730869032,
                    "x2": -1.5400498041769832
                },
                "metrics": {
                    "outcome": -1.913117123798814
                },
                "metadata": {
                    "trials": 1
                }
            }
        ],
        [
            {
                "query": {
                    "x1": -0.556515994497454,
                    "x2": -1.5498945087892542
                },
                "metrics": {
                    "outcome": -1.9131167422316864
                },
                "metadata": {
                    "trials": 1
                }
            },
            {
                "query": {
                    "x1": -0.5519462899031297,
                    "x2": -1.5483843119969727
                },
                "metrics": {
                    "outcome": -1.9131950296605589
                },
                "metadata": {
                    "trials": 1
                }
            },
            {
                "query": {
                    "x1": -0.5606255663680957,
                    "x2": -1.552382468150935
                },
                "metrics": {
                    "outcome": -1.9130055345332573
                },
                "metadata": {
                    "trials": 1
                }
            }
        ],
        [
            {
                "query": {
                    "x1": -0.5428786631465337,
                    "x2": -1.5449338057595605
                },
                "metrics": {
                    "outcome": -1.913199944767367
                },
                "metadata": {
                    "trials": 1
                }
            },
            {
                "query": {
                    "x1": -0.5452013933845286,
                    "x2": -1.5491732254870987
                },
                "metrics": {
                    "outcome": -1.913207179349104
                },
                "metadata": {
                    "trials": 1
                }
            },
            {
                "query": {
                    "x1": -0.5402973134869007,
                    "x2": -1.5411286428455548
                },
                "metrics": {
                    "outcome": -1.9131492509170727
                },
                "metadata": {
                    "trials": 1
                }
            }
        ],
        [
            {
                "query": {
                    "x1": -0.5449080255551761,
                    "x2": -1.5475647230821301
                },
                "metrics": {
                    "outcome": -1.9132142961736092
                },
                "metadata": {
                    "trials": 1
                }
            },
            {
                "query": {
                    "x1": -0.5475909215023994,
                    "x2": -1.551110209204051
                },
                "metrics": {
                    "outcome": -1.9132025473915117
                },
                "metadata": {
                    "trials": 1
                }
            },
            {
                "query": {
                    "x1": -0.5427193775865287,
                    "x2": -1.543472887135578
                },
                "metrics": {
                    "outcome": -1.913193205443847
                },
                "metadata": {
                    "trials": 1
                }
            }
        ],
        [
            {
                "query": {
                    "x1": -0.5524404424243432,
                    "x2": -1.5476295742640307
                },
                "metrics": {
                    "outcome": -1.9131858807723798
                },
                "metadata": {
                    "trials": 1
                }
            },
            {
                "query": {
                    "x1": -0.5441641945508706,
                    "x2": -1.5442431249357662
                },
                "metrics": {
                    "outcome": -1.9132074058671598
                },
                "metadata": {
                    "trials": 1
                }
            },
            {
                "query": {
                    "x1": -0.5465328170643151,
                    "x2": -1.5484740382274553
                },
                "metrics": {
                    "outcome": -1.9132190246091456
                },
                "metadata": {
                    "trials": 1
                }
            }
        ],
        [
            {
                "query": {
                    "x1": -0.5429287557071886,
                    "x2": -1.543031123092018
                },
                "metrics": {
                    "outcome": -1.9131920845173518
                },
                "metadata": {
                    "trials": 1
                }
            },
            {
                "query": {
                    "x1": -0.5533274808865402,
                    "x2": -1.5478628939005403
                },
                "metrics": {
                    "outcome": -1.9131731248187713
                },
                "metadata": {
                    "trials": 1
                }
            },
            {
                "query": {
                    "x1": -0.5462287109980352,
                    "x2": -1.5501121669428528
                },
                "metrics": {
                    "outcome": -1.9132062349608927
                },
                "metadata": {
                    "trials": 1
                }
            }
        ],
        [
            {
                "query": {
                    "x1": -0.542551655676599,
                    "x2": -1.5424487384297731
                },
                "metrics": {
                    "outcome": -1.9131846576354312
                },
                "metadata": {
                    "trials": 1
                }
            },
            {
                "query": {
                    "x1": -0.5534940509873438,
                    "x2": -1.547786588128766
                },
                "metrics": {
                    "outcome": -1.9131698777348438
                },
                "metadata": {
                    "trials": 1
                }
            },
            {
                "query": {
                    "x1": -0.5463661750305391,
                    "x2": -1.5508508202516103
                },
                "metrics": {
                    "outcome": -1.9131993966985847
                },
                "metadata": {
                    "trials": 1
                }
            }
        ],
        [
            {
                "query": {
                    "x1": -0.5424021669553746,
                    "x2": -1.5421418857800042
                },
                "metrics": {
                    "outcome": -1.9131807869808917
                },
                "metadata": {
                    "trials": 1
                }
            },
            {
                "query": {
                    "x1": -0.5534532382452613,
                    "x2": -1.547626126149142
                },
                "metrics": {
                    "outcome": -1.9131696779752683
                },
                "metadata": {
                    "trials": 1
                }
            },
            {
                "query": {
                    "x1": -0.5464141158626443,
                    "x2": -1.551214183644897
                },
                "metrics": {
                    "outcome": -1.9131953906249892
                },
                "metadata": {
                    "trials": 1
                }
            }
        ],
        [
            {
                "query": {
                    "x1": -0.5423510369701485,
                    "x2": -1.541971215212912
                },
                "metrics": {
                    "outcome": -1.913178791450905
                },
                "metadata": {
                    "trials": 1
                }
            },
            {
                "query": {
                    "x1": -0.5464492351305152,
                    "x2": -1.5514369748513848
                },
                "metrics": {
                    "outcome": -1.9131928034984744
                },
                "metadata": {
                    "trials": 1
                }
            },
            {
                "query": {
                    "x1": -0.5459424849798464,
                    "x2": -1.5432894463065696
                },
                "metrics": {
                    "outcome": -1.9132043615243184
                },
                "metadata": {
                    "trials": 1
                }
            }
        ],
        [
            {
                "query": {
                    "x1": -0.5542348649792,
                    "x2": -1.5480586690496076
                },
                "metrics": {
                    "outcome": -1.9131578371936353
                },
                "metadata": {
                    "trials": 1
                }
            },
            {
                "query": {
                    "x1": -0.5510083259097,
                    "x2": -1.5451420977700536
                },
                "metrics": {
                    "outcome": -1.9131872086211863
                },
                "metadata": {
                    "trials": 1
                }
            },
            {
                "query": {
                    "x1": -0.5424156091821493,
                    "x2": -1.542044868029694
                },
                "metrics": {
                    "outcome": -1.9131799992160214
                },
                "metadata": {
                    "trials": 1
                }
            }
        ],
        [
            {
                "query": {
                    "x1": -0.5468440593921045,
                    "x2": -1.55235047306736
                },
                "metrics": {
                    "outcome": -1.9131826693777039
                },
                "metadata": {
                    "trials": 1
                }
            },
            {
                "query": {
                    "x1": -0.5439385788428273,
                    "x2": -1.5492641422303544
                },
                "metrics": {
                    "outcome": -1.91319397756858
                },
                "metadata": {
                    "trials": 1
                }
            },
            {
                "query": {
                    "x1": -0.5505451980715323,
                    "x2": -1.5532095951629725
                },
                "metrics": {
                    "outcome": -1.91317799101091
                },
                "metadata": {
                    "trials": 1
                }
            }
        ],
        [
            {
                "query": {
                    "x1": -0.542148303941488,
                    "x2": -1.5416319997957628
                },
                "metrics": {
                    "outcome": -1.913173799950382
                },
                "metadata": {
                    "trials": 1
                }
            },
            {
                "query": {
                    "x1": -0.5537349003305776,
                    "x2": -1.5473532774016032
                },
                "metrics": {
                    "outcome": -1.913162857146634
                },
                "metadata": {
                    "trials": 1
                }
            },
            {
                "query": {
                    "x1": -0.5457334630767936,
                    "x2": -1.5426038754123776
                },
                "metrics": {
                    "outcome": -1.9131972521336795
                },
                "metadata": {
                    "trials": 1
                }
            }
        ],
        [
            {
                "query": {
                    "x1": -0.5421009879159538,
                    "x2": -1.5420700928755176
                },
                "metrics": {
                    "outcome": -1.9131776022757983
                },
                "metadata": {
                    "trials": 1
                }
            },
            {
                "query": {
                    "x1": -0.5466110638607425,
                    "x2": -1.551936334255425
                },
                "metrics": {
                    "outcome": -1.9131871366386046
                },
                "metadata": {
                    "trials": 1
                }
            },
            {
                "query": {
                    "x1": -0.5538566156764528,
                    "x2": -1.548013985133028
                },
                "metrics": {
                    "outcome": -1.913164655492805
                },
                "metadata": {
                    "trials": 1
                }
            }
        ],
        [
            {
                "query": {
                    "x1": -0.5422568927963787,
                    "x2": -1.542049195210838
                },
                "metrics": {
                    "outcome": -1.9131787510501006
                },
                "metadata": {
                    "trials": 1
                }
            },
            {
                "query": {
                    "x1": -0.5465522571138315,
                    "x2": -1.5518665105635314
                },
                "metrics": {
                    "outcome": -1.9131877087046316
                },
                "metadata": {
                    "trials": 1
                }
            },
            {
                "query": {
                    "x1": -0.5534397907772761,
                    "x2": -1.5475918675705158
                },
                "metrics": {
                    "outcome": -1.9131697096461635
                },
                "metadata": {
                    "trials": 1
                }
            }
        ],
        [
            {
                "query": {
                    "x1": -0.5423706312167736,
                    "x2": -1.542044766602987
                },
                "metrics": {
                    "outcome": -1.9131796406396488
                },
                "metadata": {
                    "trials": 1
                }
            },
            {
                "query": {
                    "x1": -0.5465406507512972,
                    "x2": -1.5518268404709574
                },
                "metrics": {
                    "outcome": -1.9131881835264668
                },
                "metadata": {
                    "trials": 1
                }
            },
            {
                "query": {
                    "x1": -0.5458451697733046,
                    "x2": -1.542786535084601
                },
                "metrics": {
                    "outcome": -1.9131992005461091
                },
                "metadata": {
                    "trials": 1
                }
            }
        ],
        [
            {
                "query": {
                    "x1": -0.5537681173794886,
                    "x2": -1.5479240302656898
                },
                "metrics": {
                    "outcome": -1.913165777537008
                },
                "metadata": {
                    "trials": 1
                }
            },
            {
                "query": {
                    "x1": -0.5507118864193297,
                    "x2": -1.5450350852123556
                },
                "metrics": {
                    "outcome": -1.9131899377625445
                },
                "metadata": {
                    "trials": 1
                }
            },
            {
                "query": {
                    "x1": -0.5471444566439057,
                    "x2": -1.552118289223181
                },
                "metrics": {
                    "outcome": -1.9131879658192967
                },
                "metadata": {
                    "trials": 1
                }
            }
        ],
        [
            {
                "query": {
                    "x1": -0.5420530530234847,
                    "x2": -1.5420796260077374
                },
                "metrics": {
                    "outcome": -1.9131772608650053
                },
                "metadata": {
                    "trials": 1
                }
            },
            {
                "query": {
                    "x1": -0.5462589769065243,
                    "x2": -1.5515899224936245
                },
                "metrics": {
                    "outcome": -1.9131893741540185
                },
                "metadata": {
                    "trials": 1
                }
            },
            {
                "query": {
                    "x1": -0.5454562807781944,
                    "x2": -1.5427912843213556
                },
                "metrics": {
                    "outcome": -1.91319946895671
                },
                "metadata": {
                    "trials": 1
                }
            }
        ],
        [
            {
                "query": {
                    "x1": -0.5538489115918114,
                    "x2": -1.5483159291485602
                },
                "metrics": {
                    "outcome": -1.9131662398332971
                },
                "metadata": {
                    "trials": 1
                }
            },
            {
                "query": {
                    "x1": -0.5421690999176563,
                    "x2": -1.5422434873153053
                },
                "metrics": {
                    "outcome": -1.9131797169298985
                },
                "metadata": {
                    "trials": 1
                }
            },
            {
                "query": {
                    "x1": -0.5470281309644742,
                    "x2": -1.5520103331006865
                },
                "metrics": {
                    "outcome": -1.9131888048990007
                },
                "metadata": {
                    "trials": 1
                }
            }
        ],
        [
            {
                "query": {
                    "x1": -0.5534090986235443,
                    "x2": -1.547786540423846
                },
                "metrics": {
                    "outcome": -1.9131713424385133
                },
                "metadata": {
                    "trials": 1
                }
            },
            {
                "query": {
                    "x1": -0.5423676695375493,
                    "x2": -1.5422628706144559
                },
                "metrics": {
                    "outcome": -1.9131815804200665
                },
                "metadata": {
                    "trials": 1
                }
            },
            {
                "query": {
                    "x1": -0.546789833690952,
                    "x2": -1.5518467464575925
                },
                "metrics": {
                    "outcome": -1.9131895990283736
                },
                "metadata": {
                    "trials": 1
                }
            }
        ],
        [
            {
                "query": {
                    "x1": -0.5425179678789146,
                    "x2": -1.5422767076461121
                },
                "metrics": {
                    "outcome": -1.913182913343975
                },
                "metadata": {
                    "trials": 1
                }
            },
            {
                "query": {
                    "x1": -0.5529981562303257,
                    "x2": -1.5473408806848492
                },
                "metrics": {
                    "outcome": -1.9131756692659572
                },
                "metadata": {
                    "trials": 1
                }
            },
            {
                "query": {
                    "x1": -0.5467087459330098,
                    "x2": -1.5517667275115647
                },
                "metrics": {
                    "outcome": -1.9131901680609382
                },
                "metadata": {
                    "trials": 1
                }
            }
        ],
        [
            {
                "query": {
                    "x1": -0.5426206505723621,
                    "x2": -1.5422950682841696
                },
                "metrics": {
                    "outcome": -1.9131838683213545
                },
                "metadata": {
                    "trials": 1
                }
            },
            {
                "query": {
                    "x1": -0.5526595817693569,
                    "x2": -1.5470059824321847
                },
                "metrics": {
                    "outcome": -1.9131789758973032
                },
                "metadata": {
                    "trials": 1
                }
            },
            {
                "query": {
                    "x1": -0.5466857775141987,
                    "x2": -1.5517189692746531
                },
                "metrics": {
                    "outcome": -1.9131906656903923
                },
                "metadata": {
                    "trials": 1
                }
            }
        ],
        [
            {
                "query": {
                    "x1": -0.5426886611077795,
                    "x2": -1.5423185895389369
                },
                "metrics": {
                    "outcome": -1.9131845871896238
                },
                "metadata": {
                    "trials": 1
                }
            },
            {
                "query": {
                    "x1": -0.5524347768626451,
                    "x2": -1.546819082553613
                },
                "metrics": {
                    "outcome": -1.9131812061812257
                },
                "metadata": {
                    "trials": 1
                }
            },
            {
                "query": {
                    "x1": -0.5467005431145374,
                    "x2": -1.5516938328473422
                },
                "metrics": {
                    "outcome": -1.9131911016913086
                },
                "metadata": {
                    "trials": 1
                }
            }
        ],
        [
            {
                "query": {
                    "x1": -0.5427325891806559,
                    "x2": -1.5423470939398196
                },
                "metrics": {
                    "outcome": -1.9131851637238468
                },
                "metadata": {
                    "trials": 1
                }
            },
            {
                "query": {
                    "x1": -0.552218959692917,
                    "x2": -1.5466426558708766
                },
                "metrics": {
                    "outcome": -1.9131832287657784
                },
                "metadata": {
                    "trials": 1
                }
            },
            {
                "query": {
                    "x1": -0.5460642187963373,
                    "x2": -1.5427623823020638
                },
                "metrics": {
                    "outcome": -1.9131986115550648
                },
                "metadata": {
                    "trials": 1
                }
            }
        ],
        [
            {
                "query": {
                    "x1": -0.5468382878200837,
                    "x2": -1.5519205866979662
                },
                "metrics": {
                    "outcome": -1.9131888865095186
                },
                "metadata": {
                    "trials": 1
                }
            },
            {
                "query": {
                    "x1": -0.5441006315750121,
                    "x2": -1.5494765907953822
                },
                "metrics": {
                    "outcome": -1.9131937643437174
                },
                "metadata": {
                    "trials": 1
                }
            },
            {
                "query": {
                    "x1": -0.5501150254042785,
                    "x2": -1.5527856593575222
                },
                "metrics": {
                    "outcome": -1.913184547887751
                },
                "metadata": {
                    "trials": 1
                }
            }
        ],
        [
            {
                "query": {
                    "x1": -0.5426868220596035,
                    "x2": -1.5423292988583617
                },
                "metrics": {
                    "outcome": -1.9131846685962275
                },
                "metadata": {
                    "trials": 1
                }
            },
            {
                "query": {
                    "x1": -0.5524728737135954,
                    "x2": -1.5468421244775823
                },
                "metrics": {
                    "outcome": -1.9131807783545174
                },
                "metadata": {
                    "trials": 1
                }
            },
            {
                "query": {
                    "x1": -0.5460006112010083,
                    "x2": -1.5427618746471536
                },
                "metrics": {
                    "outcome": -1.9131987127902192
                },
                "metadata": {
                    "trials": 1
                }
            }
        ],
        [
            {
                "query": {
                    "x1": -0.5425086507524566,
                    "x2": -1.5426353808712554
                },
                "metrics": {
                    "outcome": -1.9131858149803023
                },
                "metadata": {
                    "trials": 1
                }
            },
            {
                "query": {
                    "x1": -0.5467519059116683,
                    "x2": -1.5516689529035976
                },
                "metrics": {
                    "outcome": -1.9131917653630612
                },
                "metadata": {
                    "trials": 1
                }
            },
            {
                "query": {
                    "x1": -0.5531550115908577,
                    "x2": -1.5481140479898319
                },
                "metrics": {
                    "outcome": -1.9131771104068225
                },
                "metadata": {
                    "trials": 1
                }
            }
        ],
        [
            {
                "query": {
                    "x1": -0.5426799454242011,
                    "x2": -1.5426212900686271
                },
                "metrics": {
                    "outcome": -1.9131870796527193
                },
                "metadata": {
                    "trials": 1
                }
            },
            {
                "query": {
                    "x1": -0.5466775448471782,
                    "x2": -1.551591386019871
                },
                "metrics": {
                    "outcome": -1.9131923159730055
                },
                "metadata": {
                    "trials": 1
                }
            },
            {
                "query": {
                    "x1": -0.552582183106417,
                    "x2": -1.5473120046543427
                },
                "metrics": {
                    "outcome": -1.9131820998126914
                },
                "metadata": {
                    "trials": 1
                }
            }
        ],
        [
            {
                "query": {
                    "x1": -0.5427953385232123,
                    "x2": -1.5426197013116947
                },
                "metrics": {
                    "outcome": -1.9131879452163503
                },
                "metadata": {
                    "trials": 1
                }
            },
            {
                "query": {
                    "x1": -0.5466866163840172,
                    "x2": -1.5515591884982989
                },
                "metrics": {
                    "outcome": -1.9131927971148883
                },
                "metadata": {
                    "trials": 1
                }
            },
            {
                "query": {
                    "x1": -0.5520095103839615,
                    "x2": -1.5466269651775775
                },
                "metrics": {
                    "outcome": -1.9131861999859
                },
                "metadata": {
                    "trials": 1
                }
            }
        ],
        [
            {
                "query": {
                    "x1": -0.5428443594062045,
                    "x2": -1.542637160203164
                },
                "metrics": {
                    "outcome": -1.913188449553723
                },
                "metadata": {
                    "trials": 1
                }
            },
            {
                "query": {
                    "x1": -0.5467551729446197,
                    "x2": -1.5515642426739813
                },
                "metrics": {
                    "outcome": -1.9131931643771467
                },
                "metadata": {
                    "trials": 1
                }
            },
            {
                "query": {
                    "x1": -0.5518587509652564,
                    "x2": -1.5465155707147005
                },
                "metrics": {
                    "outcome": -1.9131875542618118
                },
                "metadata": {
                    "trials": 1
                }
            }
        ],
        [
            {
                "query": {
                    "x1": -0.542874799182663,
                    "x2": -1.5426609525520687
                },
                "metrics": {
                    "outcome": -1.9131888651853588
                },
                "metadata": {
                    "trials": 1
                }
            },
            {
                "query": {
                    "x1": -0.5468161174695096,
                    "x2": -1.5515647941735733
                },
                "metrics": {
                    "outcome": -1.913193531204242
                },
                "metadata": {
                    "trials": 1
                }
            },
            {
                "query": {
                    "x1": -0.5520862677333793,
                    "x2": -1.5468685805737672
                },
                "metrics": {
                    "outcome": -1.9131867357480372
                },
                "metadata": {
                    "trials": 1
                }
            }
        ],
        [
            {
                "query": {
                    "x1": -0.5429267735997192,
                    "x2": -1.5426788215745808
                },
                "metrics": {
                    "outcome": -1.9131893845444021
                },
                "metadata": {
                    "trials": 1
                }
            },
            {
                "query": {
                    "x1": -0.5468316125528212,
                    "x2": -1.5515421893183392
                },
                "metrics": {
                    "outcome": -1.9131939160926743
                },
                "metadata": {
                    "trials": 1
                }
            },
            {
                "query": {
                    "x1": -0.5501980404466789,
                    "x2": -1.5449517997393367
                },
                "metrics": {
                    "outcome": -1.9131951853186644
                },
                "metadata": {
                    "trials": 1
                }
            }
        ],
        [
            {
                "query": {
                    "x1": -0.5428353007950448,
                    "x2": -1.5427502248122182
                },
                "metrics": {
                    "outcome": -1.9131892854574728
                },
                "metadata": {
                    "trials": 1
                }
            },
            {
                "query": {
                    "x1": -0.5531279393853387,
                    "x2": -1.5487175283229824
                },
                "metrics": {
                    "outcome": -1.9131795021847369
                },
                "metadata": {
                    "trials": 1
                }
            },
            {
                "query": {
                    "x1": -0.5470204092955333,
                    "x2": -1.5516045531892253
                },
                "metrics": {
                    "outcome": -1.9131941995835078
                },
                "metadata": {
                    "trials": 1
                }
            }
        ],
        [
            {
                "query": {
                    "x1": -0.5430317789105553,
                    "x2": -1.542745951991506
                },
                "metrics": {
                    "outcome": -1.9131906650268613
                },
                "metadata": {
                    "trials": 1
                }
            },
            {
                "query": {
                    "x1": -0.5496267519202259,
                    "x2": -1.5445409446741523
                },
                "metrics": {
                    "outcome": -1.9131970671521543
                },
                "metadata": {
                    "trials": 1
                }
            },
            {
                "query": {
                    "x1": -0.5467663916868867,
                    "x2": -1.5514439088541425
                },
                "metrics": {
                    "outcome": -1.913194777630614
                },
                "metadata": {
                    "trials": 1
                }
            }
        ],
        [
            {
                "query": {
                    "x1": -0.5530799514182759,
                    "x2": -1.5486789745091454
                },
                "metrics": {
                    "outcome": -1.9131801392629324
                },
                "metadata": {
                    "trials": 1
                }
            },
            {
                "query": {
                    "x1": -0.5428953350802198,
                    "x2": -1.542832343885711
                },
                "metrics": {
                    "outcome": -1.913190367210552
                },
                "metadata": {
                    "trials": 1
                }
            },
            {
                "query": {
                    "x1": -0.5507819243859993,
                    "x2": -1.5455249026457352
                },
                "metrics": {
                    "outcome": -1.913193736758506
                },
                "metadata": {
                    "trials": 1
                }
            }
        ],
        [
            {
                "query": {
                    "x1": -0.546700595504843,
                    "x2": -1.551491141313893
                },
                "metrics": {
                    "outcome": -1.9131937685873468
                },
                "metadata": {
                    "trials": 1
                }
            },
            {
                "query": {
                    "x1": -0.5427942873976425,
                    "x2": -1.54299756072014
                },
                "metrics": {
                    "outcome": -1.9131908109327411
                },
                "metadata": {
                    "trials": 1
                }
            },
            {
                "query": {
                    "x1": -0.5441450718287746,
                    "x2": -1.5491958756168
                },
                "metrics": {
                    "outcome": -1.913196963082373
                },
                "metadata": {
                    "trials": 1
                }
            }
        ],
        [
            {
                "query": {
                    "x1": -0.5530399614702323,
                    "x2": -1.5489832608748242
                },
                "metrics": {
                    "outcome": -1.913181339036512
                },
                "metadata": {
                    "trials": 1
                }
            },
            {
                "query": {
                    "x1": -0.5503994311204209,
                    "x2": -1.5452411462419582
                },
                "metrics": {
                    "outcome": -1.9131956755465112
                },
                "metadata": {
                    "trials": 1
                }
            },
            {
                "query": {
                    "x1": -0.5476733517251733,
                    "x2": -1.5517985599911062
                },
                "metrics": {
                    "outcome": -1.9131947880995872
                },
                "metadata": {
                    "trials": 1
                }
            }
        ],
        [
            {
                "query": {
                    "x1": -0.5429759678281113,
                    "x2": -1.5427677933850303
                },
                "metrics": {
                    "outcome": -1.913190448746529
                },
                "metadata": {
                    "trials": 1
                }
            },
            {
                "query": {
                    "x1": -0.5460496921309247,
                    "x2": -1.542993170141615
                },
                "metrics": {
                    "outcome": -1.9132011956198545
                },
                "metadata": {
                    "trials": 1
                }
            },
            {
                "query": {
                    "x1": -0.5467103325820357,
                    "x2": -1.5513249777405513
                },
                "metrics": {
                    "outcome": -1.9131959261565887
                },
                "metadata": {
                    "trials": 1
                }
            }
        ]
    ],
    "best_results": [
        {
            "query": {
                "x1": -0.5465833138134562,
                "x2": -1.5471833000340278
            },
            "metrics": [
                {
                    "name": "outcome",
                    "value": -1.9132224239378024
                }
            ]
        }
    ]
}