{
    "date": "26/10/2022 19:16:47",
    "basic_params": {
        "active_variables": [
            "x1",
            "x2"
        ],
        "default_query": {},
        "metric": "basic",
        "n_trials": 1
    },
    "objective_function": {
        "name": "McCormick",
        "params": {}
    },
    "optimizer": {
        "name": "BBO-LP",
        "params": {
            "lower_bound": [
                -1.5,
                -3.0
            ],
            "upper_bound": [
                4.0,
                4.0
            ],
            "invert_metric": false,
            "bopt_params": {
                "n_init_samples": 15,
                "n_iterations": 45,
                "verbose_level": 1,
                "n_parallel_samples": 3,
                "par_type": "PAR_BBO",
                "crit_name": "cLP(cLCB)",
                "n_crit_params": 4,
                "crit_params": [
                    3,
                    1,
                    1.0
                ]
            }
        }
    },
    "iterations": [
        [
            {
                "query": {
                    "x1": 0.11973259655448287,
                    "x2": -1.572714707860723
                },
                "metrics": {
                    "outcome": -1.2400757153481585
                },
                "metadata": {
                    "trials": 1
                }
            }
        ],
        [
            {
                "query": {
                    "x1": -0.2624163399450481,
                    "x2": 0.2119143005926163
                },
                "metrics": {
                    "outcome": 2.097919243066861
                },
                "metadata": {
                    "trials": 1
                }
            }
        ],
        [
            {
                "query": {
                    "x1": 3.4518935012320675,
                    "x2": 2.828011337155476
                },
                "metrics": {
                    "outcome": 3.2781365827852147
                },
                "metadata": {
                    "trials": 1
                }
            }
        ],
        [
            {
                "query": {
                    "x1": -1.219528964961258,
                    "x2": 0.9363324463057023
                },
                "metrics": {
                    "outcome": 9.538436724688651
                },
                "metadata": {
                    "trials": 1
                }
            }
        ],
        [
            {
                "query": {
                    "x1": 1.0171910044659551,
                    "x2": 0.2717660173618546
                },
                "metrics": {
                    "outcome": 1.6698324587397742
                },
                "metadata": {
                    "trials": 1
                }
            }
        ],
        [
            {
                "query": {
                    "x1": 3.699474589580981,
                    "x2": -1.0115170895432435
                },
                "metrics": {
                    "outcome": 15.553673909044528
                },
                "metadata": {
                    "trials": 1
                }
            }
        ],
        [
            {
                "query": {
                    "x1": 1.7176436396315697,
                    "x2": 2.447314976466199
                },
                "metrics": {
                    "outcome": 4.220377419784514
                },
                "metadata": {
                    "trials": 1
                }
            }
        ],
        [
            {
                "query": {
                    "x1": 2.556016606651246,
                    "x2": 1.4924497323421146
                },
                "metrics": {
                    "outcome": 1.240692794725316
                },
                "metadata": {
                    "trials": 1
                }
            }
        ],
        [
            {
                "query": {
                    "x1": -0.7753892948773379,
                    "x2": -2.292976400768384
                },
                "metrics": {
                    "outcome": -1.3394479683476765
                },
                "metadata": {
                    "trials": 1
                }
            }
        ],
        [
            {
                "query": {
                    "x1": 2.275083990340742,
                    "x2": -2.7472458677521594
                },
                "metrics": {
                    "outcome": 15.488243861709352
                },
                "metadata": {
                    "trials": 1
                }
            }
        ],
        [
            {
                "query": {
                    "x1": 0.613911999304158,
                    "x2": 3.38120114733465
                },
                "metrics": {
                    "outcome": 15.436424887400843
                },
                "metadata": {
                    "trials": 1
                }
            }
        ],
        [
            {
                "query": {
                    "x1": -0.731339463731274,
                    "x2": 3.735453997692093
                },
                "metrics": {
                    "outcome": 31.52493348411045
                },
                "metadata": {
                    "trials": 1
                }
            }
        ],
        [
            {
                "query": {
                    "x1": 3.2253077786260596,
                    "x2": -0.3240447528349857
                },
                "metrics": {
                    "outcome": 8.187852636068449
                },
                "metadata": {
                    "trials": 1
                }
            }
        ],
        [
            {
                "query": {
                    "x1": 2.133903773804195,
                    "x2": -1.8722795524323979
                },
                "metrics": {
                    "outcome": 9.426600144985409
                },
                "metadata": {
                    "trials": 1
                }
            }
        ],
        [
            {
                "query": {
                    "x1": 1.2451300467597322,
                    "x2": 1.743587611227607
                },
                "metrics": {
                    "outcome": 3.892014124965578
                },
                "metadata": {
                    "trials": 1
                }
            }
        ],
        [
            {
                "query": {
                    "x1": -0.6220004071151539,
                    "x2": -1.6304901995149057
                },
                "metrics": {
                    "outcome": -1.9026794786158794
                },
                "metadata": {
                    "trials": 1
                }
            },
            {
                "query": {
                    "x1": -0.6981153498570981,
                    "x2": -1.661986013419342
                },
                "metrics": {
                    "outcome": -1.8830841679392418
                },
                "metadata": {
                    "trials": 1
                }
            },
            {
                "query": {
                    "x1": -0.548112868681086,
                    "x2": -1.593530030390489
                },
                "metrics": {
                    "outcome": -1.9102025669540987
                },
                "metadata": {
                    "trials": 1
                }
            }
        ],
        [
            {
                "query": {
                    "x1": -0.527323496780295,
                    "x2": -1.7800260703851534
                },
                "metrics": {
                    "outcome": -1.830604468801429
                },
                "metadata": {
                    "trials": 1
                }
            },
            {
                "query": {
                    "x1": -0.4775075707595897,
                    "x2": -1.7498016956524092
                },
                "metrics": {
                    "outcome": -1.8316359424180089
                },
                "metadata": {
                    "trials": 1
                }
            },
            {
                "query": {
                    "x1": -0.5783011378387231,
                    "x2": -1.8067428147309308
                },
                "metrics": {
                    "outcome": -1.8267520978083063
                },
                "metadata": {
                    "trials": 1
                }
            }
        ],
        [
            {
                "query": {
                    "x1": -0.43500391232814795,
                    "x2": -1.3680777121336531
                },
                "metrics": {
                    "outcome": -1.8702045523877957
                },
                "metadata": {
                    "trials": 1
                }
            },
            {
                "query": {
                    "x1": -0.49174148445584054,
                    "x2": -1.3875689266138969
                },
                "metrics": {
                    "outcome": -1.881589093521292
                },
                "metadata": {
                    "trials": 1
                }
            },
            {
                "query": {
                    "x1": -0.3799658654286038,
                    "x2": -1.3520254760761485
                },
                "metrics": {
                    "outcome": -1.852251196305808
                },
                "metadata": {
                    "trials": 1
                }
            }
        ],
        [
            {
                "query": {
                    "x1": -0.4871361264581773,
                    "x2": -1.50096938929649
                },
                "metrics": {
                    "outcome": -1.9080442384418719
                },
                "metadata": {
                    "trials": 1
                }
            },
            {
                "query": {
                    "x1": -0.5068083360495428,
                    "x2": -1.5056741354213128
                },
                "metrics": {
                    "outcome": -1.9102721311812143
                },
                "metadata": {
                    "trials": 1
                }
            },
            {
                "query": {
                    "x1": -0.46789388679094723,
                    "x2": -1.497032202873652
                },
                "metrics": {
                    "outcome": -1.9049450925644864
                },
                "metadata": {
                    "trials": 1
                }
            }
        ],
        [
            {
                "query": {
                    "x1": -0.5874518722440716,
                    "x2": -1.5437398800018747
                },
                "metrics": {
                    "outcome": -1.9107301380952277
                },
                "metadata": {
                    "trials": 1
                }
            },
            {
                "query": {
                    "x1": -0.6014620960711272,
                    "x2": -1.545177687638381
                },
                "metrics": {
                    "outcome": -1.908885259973669
                },
                "metadata": {
                    "trials": 1
                }
            },
            {
                "query": {
                    "x1": -0.5734390852063271,
                    "x2": -1.5419250127914625
                },
                "metrics": {
                    "outcome": -1.9120401983617565
                },
                "metadata": {
                    "trials": 1
                }
            }
        ],
        [
            {
                "query": {
                    "x1": -0.540493570918134,
                    "x2": -1.5477193212404146
                },
                "metrics": {
                    "outcome": -1.9131541742501783
                },
                "metadata": {
                    "trials": 1
                }
            },
            {
                "query": {
                    "x1": -0.5468198691819147,
                    "x2": -1.5507047619380165
                },
                "metrics": {
                    "outcome": -1.9132036242422
                },
                "metadata": {
                    "trials": 1
                }
            },
            {
                "query": {
                    "x1": -0.5347583753445222,
                    "x2": -1.5427352421829803
                },
                "metrics": {
                    "outcome": -1.9130352306956468
                },
                "metadata": {
                    "trials": 1
                }
            }
        ],
        [
            {
                "query": {
                    "x1": -0.548320997131103,
                    "x2": -1.5495966145950122
                },
                "metrics": {
                    "outcome": -1.9132159585761892
                },
                "metadata": {
                    "trials": 1
                }
            },
            {
                "query": {
                    "x1": -0.5450394801191432,
                    "x2": -1.5453259612756167
                },
                "metrics": {
                    "outcome": -1.9132158361333467
                },
                "metadata": {
                    "trials": 1
                }
            },
            {
                "query": {
                    "x1": -0.5519426117336742,
                    "x2": -1.5533285817656768
                },
                "metrics": {
                    "outcome": -1.9131699209884587
                },
                "metadata": {
                    "trials": 1
                }
            }
        ],
        [
            {
                "query": {
                    "x1": -0.5446767410401406,
                    "x2": -1.5402084922930175
                },
                "metrics": {
                    "outcome": -1.9131637577251484
                },
                "metadata": {
                    "trials": 1
                }
            },
            {
                "query": {
                    "x1": -0.5463881933506078,
                    "x2": -1.545410878973485
                },
                "metrics": {
                    "outcome": -1.9132190801475857
                },
                "metadata": {
                    "trials": 1
                }
            },
            {
                "query": {
                    "x1": -0.5422293598119046,
                    "x2": -1.544719323435618
                },
                "metrics": {
                    "outcome": -1.913192710575327
                },
                "metadata": {
                    "trials": 1
                }
            }
        ],
        [
            {
                "query": {
                    "x1": -0.5524428246475186,
                    "x2": -1.5546421094470644
                },
                "metrics": {
                    "outcome": -1.9131485605234473
                },
                "metadata": {
                    "trials": 1
                }
            },
            {
                "query": {
                    "x1": -0.5488341451224735,
                    "x2": -1.5517057614767356
                },
                "metrics": {
                    "outcome": -1.913198378225387
                },
                "metadata": {
                    "trials": 1
                }
            },
            {
                "query": {
                    "x1": -0.5462755997569195,
                    "x2": -1.5478204080476823
                },
                "metrics": {
                    "outcome": -1.9132205298098865
                },
                "metadata": {
                    "trials": 1
                }
            }
        ],
        [
            {
                "query": {
                    "x1": -0.5450529532703108,
                    "x2": -1.5377885990858366
                },
                "metrics": {
                    "outcome": -1.9131122557727926
                },
                "metadata": {
                    "trials": 1
                }
            },
            {
                "query": {
                    "x1": -0.5472377045838179,
                    "x2": -1.5422693335899418
                },
                "metrics": {
                    "outcome": -1.9131879145118185
                },
                "metadata": {
                    "trials": 1
                }
            },
            {
                "query": {
                    "x1": -0.5431414177803265,
                    "x2": -1.5424563554107564
                },
                "metrics": {
                    "outcome": -1.9131889169967868
                },
                "metadata": {
                    "trials": 1
                }
            }
        ],
        [
            {
                "query": {
                    "x1": -0.5526983764347584,
                    "x2": -1.5547659088638166
                },
                "metrics": {
                    "outcome": -1.9131449072605773
                },
                "metadata": {
                    "trials": 1
                }
            },
            {
                "query": {
                    "x1": -0.5491112579178667,
                    "x2": -1.5525270137738088
                },
                "metrics": {
                    "outcome": -1.9131886019965108
                },
                "metadata": {
                    "trials": 1
                }
            },
            {
                "query": {
                    "x1": -0.5561546601098207,
                    "x2": -1.5570494073591636
                },
                "metrics": {
                    "outcome": -1.9130695234229464
                },
                "metadata": {
                    "trials": 1
                }
            }
        ],
        [
            {
                "query": {
                    "x1": -0.5451893321579782,
                    "x2": -1.5395261032063745
                },
                "metrics": {
                    "outcome": -1.9131502360191042
                },
                "metadata": {
                    "trials": 1
                }
            },
            {
                "query": {
                    "x1": -0.5426896421267123,
                    "x2": -1.5432526217602487
                },
                "metrics": {
                    "outcome": -1.9131916489245362
                },
                "metadata": {
                    "trials": 1
                }
            },
            {
                "query": {
                    "x1": -0.5462967462960002,
                    "x2": -1.544092729727375
                },
                "metrics": {
                    "outcome": -1.9132111442381703
                },
                "metadata": {
                    "trials": 1
                }
            }
        ],
        [
            {
                "query": {
                    "x1": -0.5412799117551669,
                    "x2": -1.5483307092406726
                },
                "metrics": {
                    "outcome": -1.9131633199205593
                },
                "metadata": {
                    "trials": 1
                }
            },
            {
                "query": {
                    "x1": -0.5447896682662773,
                    "x2": -1.5500568017450809
                },
                "metrics": {
                    "outcome": -1.9131951240747593
                },
                "metadata": {
                    "trials": 1
                }
            },
            {
                "query": {
                    "x1": -0.5498332904380798,
                    "x2": -1.5524197417963608
                },
                "metrics": {
                    "outcome": -1.9131895685596483
                },
                "metadata": {
                    "trials": 1
                }
            }
        ],
        [
            {
                "query": {
                    "x1": -0.5459427708927945,
                    "x2": -1.539251711154659
                },
                "metrics": {
                    "outcome": -1.9131414649178544
                },
                "metadata": {
                    "trials": 1
                }
            },
            {
                "query": {
                    "x1": -0.5482112559629487,
                    "x2": -1.5428128344534822
                },
                "metrics": {
                    "outcome": -1.9131888882027765
                },
                "metadata": {
                    "trials": 1
                }
            },
            {
                "query": {
                    "x1": -0.5430132064422454,
                    "x2": -1.5419483177265965
                },
                "metrics": {
                    "outcome": -1.913183216480661
                },
                "metadata": {
                    "trials": 1
                }
            }
        ],
        [
            {
                "query": {
                    "x1": -0.5520126211145268,
                    "x2": -1.5534569852451412
                },
                "metrics": {
                    "outcome": -1.9131678758349624
                },
                "metadata": {
                    "trials": 1
                }
            },
            {
                "query": {
                    "x1": -0.5487385845509634,
                    "x2": -1.5518373565067607
                },
                "metrics": {
                    "outcome": -1.9131968300399391
                },
                "metadata": {
                    "trials": 1
                }
            },
            {
                "query": {
                    "x1": -0.5414117082227923,
                    "x2": -1.548638478178161
                },
                "metrics": {
                    "outcome": -1.9131625474130147
                },
                "metadata": {
                    "trials": 1
                }
            }
        ],
        [
            {
                "query": {
                    "x1": -0.546191495074665,
                    "x2": -1.5399168621569272
                },
                "metrics": {
                    "outcome": -1.9131538016669185
                },
                "metadata": {
                    "trials": 1
                }
            },
            {
                "query": {
                    "x1": -0.5520582656148253,
                    "x2": -1.552952753315563
                },
                "metrics": {
                    "outcome": -1.913173455501013
                },
                "metadata": {
                    "trials": 1
                }
            },
            {
                "query": {
                    "x1": -0.5490417340618942,
                    "x2": -1.5509993251746763
                },
                "metrics": {
                    "outcome": -1.9132053347809341
                },
                "metadata": {
                    "trials": 1
                }
            }
        ],
        [
            {
                "query": {
                    "x1": -0.5400007880541661,
                    "x2": -1.5473399857766361
                },
                "metrics": {
                    "outcome": -1.9131475137433465
                },
                "metadata": {
                    "trials": 1
                }
            },
            {
                "query": {
                    "x1": -0.5460864890035156,
                    "x2": -1.5402573793702417
                },
                "metrics": {
                    "outcome": -1.9131608642127667
                },
                "metadata": {
                    "trials": 1
                }
            },
            {
                "query": {
                    "x1": -0.5432148917017432,
                    "x2": -1.5489678145081753
                },
                "metrics": {
                    "outcome": -1.9131877384927498
                },
                "metadata": {
                    "trials": 1
                }
            }
        ],
        [
            {
                "query": {
                    "x1": -0.5523844179250453,
                    "x2": -1.5529039424705962
                },
                "metrics": {
                    "outcome": -1.9131714106851812
                },
                "metadata": {
                    "trials": 1
                }
            },
            {
                "query": {
                    "x1": -0.5464803344948959,
                    "x2": -1.5404531393357705
                },
                "metrics": {
                    "outcome": -1.9131624850198556
                },
                "metadata": {
                    "trials": 1
                }
            },
            {
                "query": {
                    "x1": -0.5495505369621423,
                    "x2": -1.5508158996321595
                },
                "metrics": {
                    "outcome": -1.9132059317662078
                },
                "metadata": {
                    "trials": 1
                }
            }
        ],
        [
            {
                "query": {
                    "x1": -0.5402439707459653,
                    "x2": -1.54731963378786
                },
                "metrics": {
                    "outcome": -1.9131526550567686
                },
                "metadata": {
                    "trials": 1
                }
            },
            {
                "query": {
                    "x1": -0.5520512802181238,
                    "x2": -1.5525714391715577
                },
                "metrics": {
                    "outcome": -1.913177479038961
                },
                "metadata": {
                    "trials": 1
                }
            },
            {
                "query": {
                    "x1": -0.5463544210881313,
                    "x2": -1.5406617684152304
                },
                "metrics": {
                    "outcome": -1.913166938483343
                },
                "metadata": {
                    "trials": 1
                }
            }
        ],
        [
            {
                "query": {
                    "x1": -0.5520211848982819,
                    "x2": -1.552455093713974
                },
                "metrics": {
                    "outcome": -1.9131788453254628
                },
                "metadata": {
                    "trials": 1
                }
            },
            {
                "query": {
                    "x1": -0.5465338058520206,
                    "x2": -1.5408622761773991
                },
                "metrics": {
                    "outcome": -1.9131695485634324
                },
                "metadata": {
                    "trials": 1
                }
            },
            {
                "query": {
                    "x1": -0.5405728118091944,
                    "x2": -1.5473860011225722
                },
                "metrics": {
                    "outcome": -1.9131585753682123
                },
                "metadata": {
                    "trials": 1
                }
            }
        ],
        [
            {
                "query": {
                    "x1": -0.551987926553461,
                    "x2": -1.552354648042178
                },
                "metrics": {
                    "outcome": -1.9131800553154514
                },
                "metadata": {
                    "trials": 1
                }
            },
            {
                "query": {
                    "x1": -0.5466730274321071,
                    "x2": -1.5410433767975142
                },
                "metrics": {
                    "outcome": -1.9131719227258008
                },
                "metadata": {
                    "trials": 1
                }
            },
            {
                "query": {
                    "x1": -0.5492954388984171,
                    "x2": -1.5504094226284606
                },
                "metrics": {
                    "outcome": -1.913209518363205
                },
                "metadata": {
                    "trials": 1
                }
            }
        ],
        [
            {
                "query": {
                    "x1": -0.5404504218950879,
                    "x2": -1.5473905726781396
                },
                "metrics": {
                    "outcome": -1.9131561652568583
                },
                "metadata": {
                    "trials": 1
                }
            },
            {
                "query": {
                    "x1": -0.5465340312161885,
                    "x2": -1.5411333794756241
                },
                "metrics": {
                    "outcome": -1.913174163690417
                },
                "metadata": {
                    "trials": 1
                }
            },
            {
                "query": {
                    "x1": -0.5517528717615449,
                    "x2": -1.5521448700945633
                },
                "metrics": {
                    "outcome": -1.9131837720048814
                },
                "metadata": {
                    "trials": 1
                }
            }
        ],
        [
            {
                "query": {
                    "x1": -0.5407238119594885,
                    "x2": -1.547429465621538
                },
                "metrics": {
                    "outcome": -1.9131610986413872
                },
                "metadata": {
                    "trials": 1
                }
            },
            {
                "query": {
                    "x1": -0.5517513583794339,
                    "x2": -1.5520773275530395
                },
                "metrics": {
                    "outcome": -1.913184384088269
                },
                "metadata": {
                    "trials": 1
                }
            },
            {
                "query": {
                    "x1": -0.5466736767679248,
                    "x2": -1.5412702312427815
                },
                "metrics": {
                    "outcome": -1.913175714363065
                },
                "metadata": {
                    "trials": 1
                }
            }
        ],
        [
            {
                "query": {
                    "x1": -0.551743398235818,
                    "x2": -1.5520179660857178
                },
                "metrics": {
                    "outcome": -1.9131849614979033
                },
                "metadata": {
                    "trials": 1
                }
            },
            {
                "query": {
                    "x1": -0.5467844092099208,
                    "x2": -1.5413993256084502
                },
                "metrics": {
                    "outcome": -1.9131772298384937
                },
                "metadata": {
                    "trials": 1
                }
            },
            {
                "query": {
                    "x1": -0.5409567259424861,
                    "x2": -1.5474642421825238
                },
                "metrics": {
                    "outcome": -1.913165135146523
                },
                "metadata": {
                    "trials": 1
                }
            }
        ],
        [
            {
                "query": {
                    "x1": -0.5517292710085933,
                    "x2": -1.551961282988799
                },
                "metrics": {
                    "outcome": -1.9131855537074403
                },
                "metadata": {
                    "trials": 1
                }
            },
            {
                "query": {
                    "x1": -0.5468750292160998,
                    "x2": -1.541517659313293
                },
                "metrics": {
                    "outcome": -1.9131786345913047
                },
                "metadata": {
                    "trials": 1
                }
            },
            {
                "query": {
                    "x1": -0.5411561413990978,
                    "x2": -1.547494578215018
                },
                "metrics": {
                    "outcome": -1.913168474918673
                },
                "metadata": {
                    "trials": 1
                }
            }
        ],
        [
            {
                "query": {
                    "x1": -0.5517107407354425,
                    "x2": -1.5519081769839582
                },
                "metrics": {
                    "outcome": -1.9131861414690703
                },
                "metadata": {
                    "trials": 1
                }
            },
            {
                "query": {
                    "x1": -0.5469478200191525,
                    "x2": -1.5416243473905378
                },
                "metrics": {
                    "outcome": -1.9131799172324646
                },
                "metadata": {
                    "trials": 1
                }
            },
            {
                "query": {
                    "x1": -0.5495899393969813,
                    "x2": -1.5494126820693501
                },
                "metrics": {
                    "outcome": -1.913213739201193
                },
                "metadata": {
                    "trials": 1
                }
            }
        ],
        [
            {
                "query": {
                    "x1": -0.5410395232225367,
                    "x2": -1.5474920399873475
                },
                "metrics": {
                    "outcome": -1.9131664158021113
                },
                "metadata": {
                    "trials": 1
                }
            },
            {
                "query": {
                    "x1": -0.5515290606414037,
                    "x2": -1.5518218926395095
                },
                "metrics": {
                    "outcome": -1.9131881985581312
                },
                "metadata": {
                    "trials": 1
                }
            },
            {
                "query": {
                    "x1": -0.5467870538678817,
                    "x2": -1.5416239165955747
                },
                "metrics": {
                    "outcome": -1.9131807730698966
                },
                "metadata": {
                    "trials": 1
                }
            }
        ],
        [
            {
                "query": {
                    "x1": -0.5515277433737337,
                    "x2": -1.5517761363973361
                },
                "metrics": {
                    "outcome": -1.9131885858081819
                },
                "metadata": {
                    "trials": 1
                }
            },
            {
                "query": {
                    "x1": -0.5412220956827185,
                    "x2": -1.5475137054730856
                },
                "metrics": {
                    "outcome": -1.9131694871629947
                },
                "metadata": {
                    "trials": 1
                }
            },
            {
                "query": {
                    "x1": -0.5468718946344079,
                    "x2": -1.5417228276543464
                },
                "metrics": {
                    "outcome": -1.9131818574120154
                },
                "metadata": {
                    "trials": 1
                }
            }
        ],
        [
            {
                "query": {
                    "x1": -0.5515199622252684,
                    "x2": -1.551731895866504
                },
                "metrics": {
                    "outcome": -1.9131890017472246
                },
                "metadata": {
                    "trials": 1
                }
            },
            {
                "query": {
                    "x1": -0.546941716684314,
                    "x2": -1.5418139095959418
                },
                "metrics": {
                    "outcome": -1.913182874263581
                },
                "metadata": {
                    "trials": 1
                }
            },
            {
                "query": {
                    "x1": -0.5413815585197473,
                    "x2": -1.5475316621949249
                },
                "metrics": {
                    "outcome": -1.913172105034131
                },
                "metadata": {
                    "trials": 1
                }
            }
        ],
        [
            {
                "query": {
                    "x1": -0.5515087142177446,
                    "x2": -1.5516909057951243
                },
                "metrics": {
                    "outcome": -1.913189411939367
                },
                "metadata": {
                    "trials": 1
                }
            },
            {
                "query": {
                    "x1": -0.5470009601800503,
                    "x2": -1.541896934100373
                },
                "metrics": {
                    "outcome": -1.913183804748849
                },
                "metadata": {
                    "trials": 1
                }
            },
            {
                "query": {
                    "x1": -0.5415250598001041,
                    "x2": -1.547549262426984
                },
                "metrics": {
                    "outcome": -1.9131743925463858
                },
                "metadata": {
                    "trials": 1
                }
            }
        ],
        [
            {
                "query": {
                    "x1": -0.5514951044269378,
                    "x2": -1.5516504725223856
                },
                "metrics": {
                    "outcome": -1.9131898307579092
                },
                "metadata": {
                    "trials": 1
                }
            },
            {
                "query": {
                    "x1": -0.5470532938218946,
                    "x2": -1.541976882373997
                },
                "metrics": {
                    "outcome": -1.913184709030666
                },
                "metadata": {
                    "trials": 1
                }
            },
            {
                "query": {
                    "x1": -0.5416506891752408,
                    "x2": -1.5475623734277597
                },
                "metrics": {
                    "outcome": -1.9131763674776838
                },
                "metadata": {
                    "trials": 1
                }
            }
        ],
        [
            {
                "query": {
                    "x1": -0.5514807176125376,
                    "x2": -1.551614816074607
                },
                "metrics": {
                    "outcome": -1.9131902141075727
                },
                "metadata": {
                    "trials": 1
                }
            },
            {
                "query": {
                    "x1": -0.5470961134564961,
                    "x2": -1.5420477321124109
                },
                "metrics": {
                    "outcome": -1.9131855161594418
                },
                "metadata": {
                    "trials": 1
                }
            },
            {
                "query": {
                    "x1": -0.5497696513047412,
                    "x2": -1.5488911466657085
                },
                "metrics": {
                    "outcome": -1.9132143105229824
                },
                "metadata": {
                    "trials": 1
                }
            }
        ],
        [
            {
                "query": {
                    "x1": -0.5513341670696159,
                    "x2": -1.5515804301271268
                },
                "metrics": {
                    "outcome": -1.913191517217733
                },
                "metadata": {
                    "trials": 1
                }
            },
            {
                "query": {
                    "x1": -0.5415466295538401,
                    "x2": -1.5475490998218977
                },
                "metrics": {
                    "outcome": -1.913174752509022
                },
                "metadata": {
                    "trials": 1
                }
            },
            {
                "query": {
                    "x1": -0.5469332955090354,
                    "x2": -1.542012944591517
                },
                "metrics": {
                    "outcome": -1.9131858754877307
                },
                "metadata": {
                    "trials": 1
                }
            }
        ],
        [
            {
                "query": {
                    "x1": -0.5513293020913601,
                    "x2": -1.551542776966021
                },
                "metrics": {
                    "outcome": -1.9131918444405174
                },
                "metadata": {
                    "trials": 1
                }
            },
            {
                "query": {
                    "x1": -0.5416682115948084,
                    "x2": -1.547562117907917
                },
                "metrics": {
                    "outcome": -1.9131766548328595
                },
                "metadata": {
                    "trials": 1
                }
            },
            {
                "query": {
                    "x1": -0.5469926765025113,
                    "x2": -1.5420887126185705
                },
                "metrics": {
                    "outcome": -1.913186667293831
                },
                "metadata": {
                    "trials": 1
                }
            }
        ],
        [
            {
                "query": {
                    "x1": -0.5513217588530201,
                    "x2": -1.551506429862172
                },
                "metrics": {
                    "outcome": -1.9131921764974549
                },
                "metadata": {
                    "trials": 1
                }
            },
            {
                "query": {
                    "x1": -0.5470387027469538,
                    "x2": -1.542152865804689
                },
                "metrics": {
                    "outcome": -1.9131873472807142
                },
                "metadata": {
                    "trials": 1
                }
            },
            {
                "query": {
                    "x1": -0.5417784410395432,
                    "x2": -1.547572430024325
                },
                "metrics": {
                    "outcome": -1.9131783563085185
                },
                "metadata": {
                    "trials": 1
                }
            }
        ],
        [
            {
                "query": {
                    "x1": -0.5513129934672217,
                    "x2": -1.5514726969637809
                },
                "metrics": {
                    "outcome": -1.9131924939344471
                },
                "metadata": {
                    "trials": 1
                }
            },
            {
                "query": {
                    "x1": -0.5470807680732095,
                    "x2": -1.5422161452712282
                },
                "metrics": {
                    "outcome": -1.9131880247446293
                },
                "metadata": {
                    "trials": 1
                }
            },
            {
                "query": {
                    "x1": -0.5418797786567707,
                    "x2": -1.5475817138430097
                },
                "metrics": {
                    "outcome": -1.9131798931818258
                },
                "metadata": {
                    "trials": 1
                }
            }
        ],
        [
            {
                "query": {
                    "x1": -0.5513011996985413,
                    "x2": -1.551440893121241
                },
                "metrics": {
                    "outcome": -1.913192815135711
                },
                "metadata": {
                    "trials": 1
                }
            },
            {
                "query": {
                    "x1": -0.5471191953991194,
                    "x2": -1.542276864208145
                },
                "metrics": {
                    "outcome": -1.9131886752484513
                },
                "metadata": {
                    "trials": 1
                }
            },
            {
                "query": {
                    "x1": -0.5419715973301424,
                    "x2": -1.5475900188814071
                },
                "metrics": {
                    "outcome": -1.9131812626321434
                },
                "metadata": {
                    "trials": 1
                }
            }
        ],
        [
            {
                "query": {
                    "x1": -0.5512904145042632,
                    "x2": -1.5514095413476097
                },
                "metrics": {
                    "outcome": -1.9131931235519253
                },
                "metadata": {
                    "trials": 1
                }
            },
            {
                "query": {
                    "x1": -0.547148451817808,
                    "x2": -1.5423284930093797
                },
                "metrics": {
                    "outcome": -1.9131892392559555
                },
                "metadata": {
                    "trials": 1
                }
            },
            {
                "query": {
                    "x1": -0.5499041343796673,
                    "x2": -1.5485733247760398
                },
                "metrics": {
                    "outcome": -1.9132139731740505
                },
                "metadata": {
                    "trials": 1
                }
            }
        ],
        [
            {
                "query": {
                    "x1": -0.5511632956649367,
                    "x2": -1.5514007604110456
                },
                "metrics": {
                    "outcome": -1.9131940484606158
                },
                "metadata": {
                    "trials": 1
                }
            },
            {
                "query": {
                    "x1": -0.5418846631689825,
                    "x2": -1.5475743521382506
                },
                "metrics": {
                    "outcome": -1.9131800220842994
                },
                "metadata": {
                    "trials": 1
                }
            },
            {
                "query": {
                    "x1": -0.5469976519060779,
                    "x2": -1.5422886291678803
                },
                "metrics": {
                    "outcome": -1.9131894673433205
                },
                "metadata": {
                    "trials": 1
                }
            }
        ],
        [
            {
                "query": {
                    "x1": -0.5511593032378737,
                    "x2": -1.5513683451335576
                },
                "metrics": {
                    "outcome": -1.9131943175371982
                },
                "metadata": {
                    "trials": 1
                }
            },
            {
                "query": {
                    "x1": -0.5419771216785297,
                    "x2": -1.5475830158463784
                },
                "metrics": {
                    "outcome": -1.9131813970442209
                },
                "metadata": {
                    "trials": 1
                }
            },
            {
                "query": {
                    "x1": -0.5470425250980671,
                    "x2": -1.5423469154845029
                },
                "metrics": {
                    "outcome": -1.913190045954181
                },
                "metadata": {
                    "trials": 1
                }
            }
        ],
        [
            {
                "query": {
                    "x1": -0.5511529565400943,
                    "x2": -1.5513370870651544
                },
                "metrics": {
                    "outcome": -1.913194590947572
                },
                "metadata": {
                    "trials": 1
                }
            },
            {
                "query": {
                    "x1": -0.5470792394666172,
                    "x2": -1.5424003889590772
                },
                "metrics": {
                    "outcome": -1.9131905910599682
                },
                "metadata": {
                    "trials": 1
                }
            },
            {
                "query": {
                    "x1": -0.542059432553651,
                    "x2": -1.5475886227166127
                },
                "metrics": {
                    "outcome": -1.9131826164353223
                },
                "metadata": {
                    "trials": 1
                }
            }
        ],
        [
            {
                "query": {
                    "x1": -0.551146840907929,
                    "x2": -1.5513089419731
                },
                "metrics": {
                    "outcome": -1.913194837687335
                },
                "metadata": {
                    "trials": 1
                }
            },
            {
                "query": {
                    "x1": -0.5471149754463204,
                    "x2": -1.5424520226876643
                },
                "metrics": {
                    "outcome": -1.913191108711517
                },
                "metadata": {
                    "trials": 1
                }
            },
            {
                "query": {
                    "x1": -0.5421355120521771,
                    "x2": -1.5475941109359137
                },
                "metrics": {
                    "outcome": -1.9131837249769488
                },
                "metadata": {
                    "trials": 1
                }
            }
        ],
        [
            {
                "query": {
                    "x1": -0.5511370362275639,
                    "x2": -1.551280957468704
                },
                "metrics": {
                    "outcome": -1.9131951058156256
                },
                "metadata": {
                    "trials": 1
                }
            },
            {
                "query": {
                    "x1": -0.547143372493055,
                    "x2": -1.5424988191475228
                },
                "metrics": {
                    "outcome": -1.9131915923497766
                },
                "metadata": {
                    "trials": 1
                }
            },
            {
                "query": {
                    "x1": -0.542208186024328,
                    "x2": -1.5475994064432448
                },
                "metrics": {
                    "outcome": -1.9131847688345784
                },
                "metadata": {
                    "trials": 1
                }
            }
        ],
        [
            {
                "query": {
                    "x1": -0.5511276722311895,
                    "x2": -1.5512546467195454
                },
                "metrics": {
                    "outcome": -1.9131953571503026
                },
                "metadata": {
                    "trials": 1
                }
            },
            {
                "query": {
                    "x1": -0.5471703744380854,
                    "x2": -1.5425416594759986
                },
                "metrics": {
                    "outcome": -1.9131920249794314
                },
                "metadata": {
                    "trials": 1
                }
            },
            {
                "query": {
                    "x1": -0.5499414391013606,
                    "x2": -1.5484095707208072
                },
                "metrics": {
                    "outcome": -1.9132138372241063
                },
                "metadata": {
                    "trials": 1
                }
            }
        ],
        [
            {
                "query": {
                    "x1": -0.5510177380073612,
                    "x2": -1.5512542097863897
                },
                "metrics": {
                    "outcome": -1.9131960737869327
                },
                "metadata": {
                    "trials": 1
                }
            },
            {
                "query": {
                    "x1": -0.5421392787568483,
                    "x2": -1.547584384999226
                },
                "metrics": {
                    "outcome": -1.9131838479711494
                },
                "metadata": {
                    "trials": 1
                }
            },
            {
                "query": {
                    "x1": -0.5470274468733116,
                    "x2": -1.5424982140587402
                },
                "metrics": {
                    "outcome": -1.9131921640662277
                },
                "metadata": {
                    "trials": 1
                }
            }
        ]
    ],
    "best_results": [
        {
            "query": {
                "x1": -0.5462755997569195,
                "x2": -1.5478204080476823
            },
            "metrics": [
                {
                    "name": "outcome",
                    "value": -1.9132205298098865
                }
            ]
        }
    ]
}