{
    "date": "26/10/2022 19:16:57",
    "basic_params": {
        "active_variables": [
            "x1",
            "x2"
        ],
        "default_query": {},
        "metric": "basic",
        "n_trials": 1
    },
    "objective_function": {
        "name": "McCormick",
        "params": {}
    },
    "optimizer": {
        "name": "BBO-LP",
        "params": {
            "lower_bound": [
                -1.5,
                -3.0
            ],
            "upper_bound": [
                4.0,
                4.0
            ],
            "invert_metric": false,
            "bopt_params": {
                "n_init_samples": 15,
                "n_iterations": 45,
                "verbose_level": 1,
                "n_parallel_samples": 3,
                "par_type": "PAR_BBO",
                "crit_name": "cLP(cLCB)",
                "n_crit_params": 4,
                "crit_params": [
                    3,
                    1,
                    1.0
                ]
            }
        }
    },
    "iterations": [
        [
            {
                "query": {
                    "x1": 0.4566971384997791,
                    "x2": 0.392840713262558
                },
                "metrics": {
                    "outcome": 2.052109033324589
                },
                "metadata": {
                    "trials": 1
                }
            }
        ],
        [
            {
                "query": {
                    "x1": 1.357409763809604,
                    "x2": -2.7716885566245764
                },
                "metrics": {
                    "outcome": 8.096340786369154
                },
                "metadata": {
                    "trials": 1
                }
            }
        ],
        [
            {
                "query": {
                    "x1": 0.016673443388814713,
                    "x2": -0.9975149481712533
                },
                "metrics": {
                    "outcome": -1.3211852554596786
                },
                "metadata": {
                    "trials": 1
                }
            }
        ],
        [
            {
                "query": {
                    "x1": 3.958074960228987,
                    "x2": 1.0859743500594048
                },
                "metrics": {
                    "outcome": 5.081282328271053
                },
                "metadata": {
                    "trials": 1
                }
            }
        ],
        [
            {
                "query": {
                    "x1": -0.877123689216872,
                    "x2": -0.45362120714659504
                },
                "metrics": {
                    "outcome": 0.3896611198597375
                },
                "metadata": {
                    "trials": 1
                }
            }
        ],
        [
            {
                "query": {
                    "x1": 1.4672025324078275,
                    "x2": 3.2833443255784616
                },
                "metrics": {
                    "outcome": 9.306655951717742
                },
                "metadata": {
                    "trials": 1
                }
            }
        ],
        [
            {
                "query": {
                    "x1": -0.3345511386248594,
                    "x2": -1.733104707719758
                },
                "metrics": {
                    "outcome": -1.754066834053857
                },
                "metadata": {
                    "trials": 1
                }
            }
        ],
        [
            {
                "query": {
                    "x1": 2.5322496932698417,
                    "x2": -1.3732619059892992
                },
                "metrics": {
                    "outcome": 9.93788996969288
                },
                "metadata": {
                    "trials": 1
                }
            }
        ],
        [
            {
                "query": {
                    "x1": -0.6740551698099201,
                    "x2": 2.544517061533406
                },
                "metrics": {
                    "outcome": 19.68701788494226
                },
                "metadata": {
                    "trials": 1
                }
            }
        ],
        [
            {
                "query": {
                    "x1": 2.7030145460351687,
                    "x2": 2.76310807117261
                },
                "metrics": {
                    "outcome": 3.1277208073115466
                },
                "metadata": {
                    "trials": 1
                }
            }
        ],
        [
            {
                "query": {
                    "x1": 1.0116144346150877,
                    "x2": 1.6136819494888188
                },
                "metrics": {
                    "outcome": 4.372931083078836
                },
                "metadata": {
                    "trials": 1
                }
            }
        ],
        [
            {
                "query": {
                    "x1": 2.949588825018145,
                    "x2": -0.19145374004729065
                },
                "metrics": {
                    "outcome": 6.337259975490001
                },
                "metadata": {
                    "trials": 1
                }
            }
        ],
        [
            {
                "query": {
                    "x1": 1.9538762159490335,
                    "x2": 3.927725139508645
                },
                "metrics": {
                    "outcome": 11.393701328545797
                },
                "metadata": {
                    "trials": 1
                }
            }
        ],
        [
            {
                "query": {
                    "x1": -1.4470221621217205,
                    "x2": 2.063225894266118
                },
                "metrics": {
                    "outcome": 21.22838067672511
                },
                "metadata": {
                    "trials": 1
                }
            }
        ],
        [
            {
                "query": {
                    "x1": 3.4383880156014737,
                    "x2": -2.4659992016231023
                },
                "metrics": {
                    "outcome": 25.36544213736505
                },
                "metadata": {
                    "trials": 1
                }
            }
        ],
        [
            {
                "query": {
                    "x1": -0.30427873291274277,
                    "x2": -1.7381537392623105
                },
                "metrics": {
                    "outcome": -1.7237948223237853
                },
                "metadata": {
                    "trials": 1
                }
            },
            {
                "query": {
                    "x1": -0.30426722403424855,
                    "x2": -1.8046293484546168
                },
                "metrics": {
                    "outcome": -1.6627698957669708
                },
                "metadata": {
                    "trials": 1
                }
            },
            {
                "query": {
                    "x1": -0.3042734803981906,
                    "x2": -1.711876109444777
                },
                "metrics": {
                    "outcome": -1.7443934359316788
                },
                "metadata": {
                    "trials": 1
                }
            }
        ],
        [
            {
                "query": {
                    "x1": -0.31984546258248225,
                    "x2": -1.6503072314000558
                },
                "metrics": {
                    "outcome": -1.797182811968824
                },
                "metadata": {
                    "trials": 1
                }
            },
            {
                "query": {
                    "x1": -0.31987472664859506,
                    "x2": -1.6580411958011998
                },
                "metrics": {
                    "outcome": -1.7928665730861102
                },
                "metadata": {
                    "trials": 1
                }
            },
            {
                "query": {
                    "x1": -0.319849790415349,
                    "x2": -1.6654130424020326
                },
                "metrics": {
                    "outcome": -1.788548744940873
                },
                "metadata": {
                    "trials": 1
                }
            }
        ],
        [
            {
                "query": {
                    "x1": -0.32452027158306795,
                    "x2": -1.576567707997607
                },
                "metrics": {
                    "outcome": -1.8329638748291615
                },
                "metadata": {
                    "trials": 1
                }
            },
            {
                "query": {
                    "x1": -0.32503802417745975,
                    "x2": -1.5790610358494497
                },
                "metrics": {
                    "outcome": -1.832488797617744
                },
                "metadata": {
                    "trials": 1
                }
            },
            {
                "query": {
                    "x1": -0.3262563031095971,
                    "x2": -1.5758269209592048
                },
                "metrics": {
                    "outcome": -1.8343806689217583
                },
                "metadata": {
                    "trials": 1
                }
            }
        ],
        [
            {
                "query": {
                    "x1": -0.30935485818635056,
                    "x2": 4.0
                },
                "metrics": {
                    "outcome": 29.51269236365508
                },
                "metadata": {
                    "trials": 1
                }
            },
            {
                "query": {
                    "x1": -0.30935492985769253,
                    "x2": 4.0
                },
                "metrics": {
                    "outcome": 29.512693150013632
                },
                "metadata": {
                    "trials": 1
                }
            },
            {
                "query": {
                    "x1": -0.30935488020271396,
                    "x2": 4.0
                },
                "metrics": {
                    "outcome": 29.51269260521266
                },
                "metadata": {
                    "trials": 1
                }
            }
        ],
        [
            {
                "query": {
                    "x1": -0.23271397299879282,
                    "x2": -3.0
                },
                "metrics": {
                    "outcome": 1.5979381883235497
                },
                "metadata": {
                    "trials": 1
                }
            },
            {
                "query": {
                    "x1": -0.23271397299879282,
                    "x2": -3.0
                },
                "metrics": {
                    "outcome": 1.5979381883235497
                },
                "metadata": {
                    "trials": 1
                }
            },
            {
                "query": {
                    "x1": -0.23271397299879282,
                    "x2": -3.0
                },
                "metrics": {
                    "outcome": 1.5979381883235497
                },
                "metadata": {
                    "trials": 1
                }
            }
        ],
        [
            {
                "query": {
                    "x1": -0.2752157273183431,
                    "x2": -1.6058082781303842
                },
                "metrics": {
                    "outcome": -1.7834846579352517
                },
                "metadata": {
                    "trials": 1
                }
            },
            {
                "query": {
                    "x1": -0.27521430918857726,
                    "x2": -1.6080212683024382
                },
                "metrics": {
                    "outcome": -1.78244393967893
                },
                "metadata": {
                    "trials": 1
                }
            },
            {
                "query": {
                    "x1": -0.27584271940864546,
                    "x2": -1.6437082368067073
                },
                "metrics": {
                    "outcome": -1.7642494583363573
                },
                "metadata": {
                    "trials": 1
                }
            }
        ],
        [
            {
                "query": {
                    "x1": 0.062122101763751436,
                    "x2": -2.999999999947506
                },
                "metrics": {
                    "outcome": 2.5810999539920374
                },
                "metadata": {
                    "trials": 1
                }
            },
            {
                "query": {
                    "x1": 0.06212396693315614,
                    "x2": -2.991036248329209
                },
                "metrics": {
                    "outcome": 2.5399300940912894
                },
                "metadata": {
                    "trials": 1
                }
            },
            {
                "query": {
                    "x1": 0.06212584649720698,
                    "x2": -2.982072568939373
                },
                "metrics": {
                    "outcome": 2.4989382136896863
                },
                "metadata": {
                    "trials": 1
                }
            }
        ],
        [
            {
                "query": {
                    "x1": -0.3262321578097387,
                    "x2": -1.6574902691176863
                },
                "metrics": {
                    "outcome": -1.7980798046101238
                },
                "metadata": {
                    "trials": 1
                }
            },
            {
                "query": {
                    "x1": -0.32623280418904677,
                    "x2": -1.659021074292001
                },
                "metrics": {
                    "outcome": -1.7972138020676467
                },
                "metadata": {
                    "trials": 1
                }
            },
            {
                "query": {
                    "x1": -0.3262325956749086,
                    "x2": -1.6571601821093915
                },
                "metrics": {
                    "outcome": -1.798266084414502
                },
                "metadata": {
                    "trials": 1
                }
            }
        ],
        [
            {
                "query": {
                    "x1": -0.3847036105235646,
                    "x2": -1.6469931776928057
                },
                "metrics": {
                    "outcome": -1.842704953225002
                },
                "metadata": {
                    "trials": 1
                }
            },
            {
                "query": {
                    "x1": -0.38807586665901805,
                    "x2": -1.6446497937877171
                },
                "metrics": {
                    "outcome": -1.845726956475303
                },
                "metadata": {
                    "trials": 1
                }
            },
            {
                "query": {
                    "x1": -0.38535737620359045,
                    "x2": -1.638203712174106
                },
                "metrics": {
                    "outcome": -1.8470903609967335
                },
                "metadata": {
                    "trials": 1
                }
            }
        ],
        [
            {
                "query": {
                    "x1": -0.3250324898291854,
                    "x2": -1.7086092128269323
                },
                "metrics": {
                    "outcome": -1.7644754216137648
                },
                "metadata": {
                    "trials": 1
                }
            },
            {
                "query": {
                    "x1": -0.35986162281154654,
                    "x2": -1.7105322145057418
                },
                "metrics": {
                    "outcome": -1.7900025093160226
                },
                "metadata": {
                    "trials": 1
                }
            },
            {
                "query": {
                    "x1": -0.3597834446084036,
                    "x2": -1.7221260825393006
                },
                "metrics": {
                    "outcome": -1.7818631042266615
                },
                "metadata": {
                    "trials": 1
                }
            }
        ],
        [
            {
                "query": {
                    "x1": -0.38135521002292116,
                    "x2": -1.7121355834212324
                },
                "metrics": {
                    "outcome": -1.8038069453870857
                },
                "metadata": {
                    "trials": 1
                }
            },
            {
                "query": {
                    "x1": -0.38148232252049374,
                    "x2": -1.7113937198476024
                },
                "metrics": {
                    "outcome": -1.80438042540721
                },
                "metadata": {
                    "trials": 1
                }
            },
            {
                "query": {
                    "x1": -0.3792218609084026,
                    "x2": -1.723589486434643
                },
                "metrics": {
                    "outcome": -1.7946032716641955
                },
                "metadata": {
                    "trials": 1
                }
            }
        ],
        [
            {
                "query": {
                    "x1": -0.38853851925380933,
                    "x2": -1.7113188748939936
                },
                "metrics": {
                    "outcome": -1.8090228909670043
                },
                "metadata": {
                    "trials": 1
                }
            },
            {
                "query": {
                    "x1": -0.3873799302925989,
                    "x2": -1.7137402698566966
                },
                "metrics": {
                    "outcome": -1.806692325321281
                },
                "metadata": {
                    "trials": 1
                }
            },
            {
                "query": {
                    "x1": -0.3873820556386074,
                    "x2": -1.7138880490511976
                },
                "metrics": {
                    "outcome": -1.8065963517768737
                },
                "metadata": {
                    "trials": 1
                }
            }
        ],
        [
            {
                "query": {
                    "x1": -0.3850640747127785,
                    "x2": -1.7271682716674068
                },
                "metrics": {
                    "outcome": -1.7960503795173892
                },
                "metadata": {
                    "trials": 1
                }
            },
            {
                "query": {
                    "x1": -0.38570494433676794,
                    "x2": -1.7066733516911698
                },
                "metrics": {
                    "outcome": -1.810200474495805
                },
                "metadata": {
                    "trials": 1
                }
            },
            {
                "query": {
                    "x1": -0.3852347692803475,
                    "x2": -1.6990185493949548
                },
                "metrics": {
                    "outcome": -1.8147180699139014
                },
                "metadata": {
                    "trials": 1
                }
            }
        ],
        [
            {
                "query": {
                    "x1": 0.0005057680236606465,
                    "x2": 3.9266687856663474
                },
                "metrics": {
                    "outcome": 25.523432662516882
                },
                "metadata": {
                    "trials": 1
                }
            },
            {
                "query": {
                    "x1": 0.0005100486405646976,
                    "x2": 3.9374298289035394
                },
                "metrics": {
                    "outcome": 25.62734045829812
                },
                "metadata": {
                    "trials": 1
                }
            },
            {
                "query": {
                    "x1": 0.00051252748308106,
                    "x2": 3.9436597618609257
                },
                "metrics": {
                    "outcome": 25.687639773794615
                },
                "metadata": {
                    "trials": 1
                }
            }
        ],
        [
            {
                "query": {
                    "x1": 0.03473925030119185,
                    "x2": -3.0
                },
                "metrics": {
                    "outcome": 2.4821138979834174
                },
                "metadata": {
                    "trials": 1
                }
            },
            {
                "query": {
                    "x1": 0.03473925030119185,
                    "x2": -3.0
                },
                "metrics": {
                    "outcome": 2.4821138979834174
                },
                "metadata": {
                    "trials": 1
                }
            },
            {
                "query": {
                    "x1": 0.03473925030119185,
                    "x2": -3.0
                },
                "metrics": {
                    "outcome": 2.4821138979834174
                },
                "metadata": {
                    "trials": 1
                }
            }
        ],
        [
            {
                "query": {
                    "x1": 0.13853266824186727,
                    "x2": -2.9998249394856336
                },
                "metrics": {
                    "outcome": 2.8652828027249253
                },
                "metadata": {
                    "trials": 1
                }
            },
            {
                "query": {
                    "x1": 0.13853266824186727,
                    "x2": -2.9998249394856336
                },
                "metrics": {
                    "outcome": 2.8652828027249253
                },
                "metadata": {
                    "trials": 1
                }
            },
            {
                "query": {
                    "x1": 0.13853266824186727,
                    "x2": -2.9998249394856336
                },
                "metrics": {
                    "outcome": 2.8652828027249253
                },
                "metadata": {
                    "trials": 1
                }
            }
        ],
        [
            {
                "query": {
                    "x1": 0.09656334117283794,
                    "x2": -2.999824999764166
                },
                "metrics": {
                    "outcome": 2.7071321185488593
                },
                "metadata": {
                    "trials": 1
                }
            },
            {
                "query": {
                    "x1": 0.09656334117283794,
                    "x2": -2.999824999764166
                },
                "metrics": {
                    "outcome": 2.7071321185488593
                },
                "metadata": {
                    "trials": 1
                }
            },
            {
                "query": {
                    "x1": 0.09656334117283794,
                    "x2": -2.999824999764166
                },
                "metrics": {
                    "outcome": 2.7071321185488593
                },
                "metadata": {
                    "trials": 1
                }
            }
        ],
        [
            {
                "query": {
                    "x1": 0.22211050269163923,
                    "x2": -2.999824999744324
                },
                "metrics": {
                    "outcome": 3.192238999013451
                },
                "metadata": {
                    "trials": 1
                }
            },
            {
                "query": {
                    "x1": 0.2221107092805814,
                    "x2": -2.997923988215865
                },
                "metrics": {
                    "outcome": 3.1829702002435942
                },
                "metadata": {
                    "trials": 1
                }
            },
            {
                "query": {
                    "x1": 0.2221109661626992,
                    "x2": -2.9960228529644435
                },
                "metrics": {
                    "outcome": 3.1737095193314664
                },
                "metadata": {
                    "trials": 1
                }
            }
        ],
        [
            {
                "query": {
                    "x1": 0.02061924657012626,
                    "x2": -2.9999299990837693
                },
                "metrics": {
                    "outcome": 2.4313933329867083
                },
                "metadata": {
                    "trials": 1
                }
            },
            {
                "query": {
                    "x1": 0.02061924657012626,
                    "x2": -2.9999299990837693
                },
                "metrics": {
                    "outcome": 2.4313933329867083
                },
                "metadata": {
                    "trials": 1
                }
            },
            {
                "query": {
                    "x1": 0.02061924657012626,
                    "x2": -2.9999299990837693
                },
                "metrics": {
                    "outcome": 2.4313933329867083
                },
                "metadata": {
                    "trials": 1
                }
            }
        ],
        [
            {
                "query": {
                    "x1": 0.02692528581408582,
                    "x2": 4.0
                },
                "metrics": {
                    "outcome": 25.970809158975257
                },
                "metadata": {
                    "trials": 1
                }
            },
            {
                "query": {
                    "x1": 0.02692528581408582,
                    "x2": 4.0
                },
                "metrics": {
                    "outcome": 25.970809158975257
                },
                "metadata": {
                    "trials": 1
                }
            },
            {
                "query": {
                    "x1": 0.02692528581408582,
                    "x2": 4.0
                },
                "metrics": {
                    "outcome": 25.970809158975257
                },
                "metadata": {
                    "trials": 1
                }
            }
        ],
        [
            {
                "query": {
                    "x1": -0.3854554115251769,
                    "x2": -1.7188500054919185
                },
                "metrics": {
                    "outcome": -1.802028553098736
                },
                "metadata": {
                    "trials": 1
                }
            },
            {
                "query": {
                    "x1": -0.3855294334174688,
                    "x2": -1.7110797063812384
                },
                "metrics": {
                    "outcome": -1.8072378530478943
                },
                "metadata": {
                    "trials": 1
                }
            },
            {
                "query": {
                    "x1": -0.38549942646490076,
                    "x2": -1.7198548043132047
                },
                "metrics": {
                    "outcome": -1.80137754058384
                },
                "metadata": {
                    "trials": 1
                }
            }
        ],
        [
            {
                "query": {
                    "x1": -0.40853544292773925,
                    "x2": -1.7088133594645327
                },
                "metrics": {
                    "outcome": -1.8228290032001961
                },
                "metadata": {
                    "trials": 1
                }
            },
            {
                "query": {
                    "x1": -0.4083471050555305,
                    "x2": -1.7110572984687866
                },
                "metrics": {
                    "outcome": -1.8213199770457766
                },
                "metadata": {
                    "trials": 1
                }
            },
            {
                "query": {
                    "x1": -0.4088018752592353,
                    "x2": -1.7165077748670774
                },
                "metrics": {
                    "outcome": -1.8181286950280349
                },
                "metadata": {
                    "trials": 1
                }
            }
        ],
        [
            {
                "query": {
                    "x1": -0.3999635510147348,
                    "x2": -1.725366461880364
                },
                "metrics": {
                    "outcome": -1.80692402088909
                },
                "metadata": {
                    "trials": 1
                }
            },
            {
                "query": {
                    "x1": -0.400369847363077,
                    "x2": -1.7085736844246264
                },
                "metrics": {
                    "outcome": -1.8181419579396323
                },
                "metadata": {
                    "trials": 1
                }
            },
            {
                "query": {
                    "x1": -0.40000947529932196,
                    "x2": -1.7234659611334893
                },
                "metrics": {
                    "outcome": -1.808234747779958
                },
                "metadata": {
                    "trials": 1
                }
            }
        ],
        [
            {
                "query": {
                    "x1": -0.4103595392655315,
                    "x2": -1.7157408271487509
                },
                "metrics": {
                    "outcome": -1.8195326415673594
                },
                "metadata": {
                    "trials": 1
                }
            },
            {
                "query": {
                    "x1": -0.38830574568055054,
                    "x2": -1.713808921921052
                },
                "metrics": {
                    "outcome": -1.8072448717441674
                },
                "metadata": {
                    "trials": 1
                }
            },
            {
                "query": {
                    "x1": -0.41079246527439284,
                    "x2": -1.7057297129812752
                },
                "metrics": {
                    "outcome": -1.8260238800618946
                },
                "metadata": {
                    "trials": 1
                }
            }
        ],
        [
            {
                "query": {
                    "x1": -0.42153477714413934,
                    "x2": -1.702904678316108
                },
                "metrics": {
                    "outcome": -1.833665358378414
                },
                "metadata": {
                    "trials": 1
                }
            },
            {
                "query": {
                    "x1": -0.4212750669598302,
                    "x2": -1.7124031341883923
                },
                "metrics": {
                    "outcome": -1.8278043319885606
                },
                "metadata": {
                    "trials": 1
                }
            },
            {
                "query": {
                    "x1": -0.42064297310540577,
                    "x2": -1.7156248858669652
                },
                "metrics": {
                    "outcome": -1.82545564138284
                },
                "metadata": {
                    "trials": 1
                }
            }
        ],
        [
            {
                "query": {
                    "x1": -0.4394231924955645,
                    "x2": -1.5745763048668482
                },
                "metrics": {
                    "outcome": -1.8921160521840612
                },
                "metadata": {
                    "trials": 1
                }
            },
            {
                "query": {
                    "x1": -0.4406957291409632,
                    "x2": -1.5621273589370224
                },
                "metrics": {
                    "outcome": -1.8947848890684513
                },
                "metadata": {
                    "trials": 1
                }
            },
            {
                "query": {
                    "x1": -0.44076443525709985,
                    "x2": -1.566833072131121
                },
                "metrics": {
                    "outcome": -1.894014987906961
                },
                "metadata": {
                    "trials": 1
                }
            }
        ],
        [
            {
                "query": {
                    "x1": -0.4435585383072116,
                    "x2": -1.4867224900061067
                },
                "metrics": {
                    "outcome": -1.8993556132222813
                },
                "metadata": {
                    "trials": 1
                }
            },
            {
                "query": {
                    "x1": -0.4434031637992242,
                    "x2": -1.4953315159649958
                },
                "metrics": {
                    "outcome": -1.8997416732069197
                },
                "metadata": {
                    "trials": 1
                }
            },
            {
                "query": {
                    "x1": -0.443582189248273,
                    "x2": -1.4754232145739459
                },
                "metrics": {
                    "outcome": -1.8984741606230613
                },
                "metadata": {
                    "trials": 1
                }
            }
        ],
        [
            {
                "query": {
                    "x1": -0.44161792481228557,
                    "x2": -1.41460365697218
                },
                "metrics": {
                    "outcome": -1.8869230225038107
                },
                "metadata": {
                    "trials": 1
                }
            },
            {
                "query": {
                    "x1": -0.4416718872416743,
                    "x2": -1.4181649419882523
                },
                "metrics": {
                    "outcome": -1.8878836429774317
                },
                "metadata": {
                    "trials": 1
                }
            },
            {
                "query": {
                    "x1": -0.44168678514496507,
                    "x2": -1.4171059194579076
                },
                "metrics": {
                    "outcome": -1.8876070252616617
                },
                "metadata": {
                    "trials": 1
                }
            }
        ],
        [
            {
                "query": {
                    "x1": -0.4611128785988168,
                    "x2": -1.4226556214325092
                },
                "metrics": {
                    "outcome": -1.8918279671271647
                },
                "metadata": {
                    "trials": 1
                }
            },
            {
                "query": {
                    "x1": -0.46111890389742705,
                    "x2": -1.4223357480108976
                },
                "metrics": {
                    "outcome": -1.8917424536579248
                },
                "metadata": {
                    "trials": 1
                }
            },
            {
                "query": {
                    "x1": -0.4610482382894263,
                    "x2": -1.4824061085154339
                },
                "metrics": {
                    "outcome": -1.902633886988386
                },
                "metadata": {
                    "trials": 1
                }
            }
        ],
        [
            {
                "query": {
                    "x1": -0.4539364580536571,
                    "x2": -1.51465969480756
                },
                "metrics": {
                    "outcome": -1.902526317027248
                },
                "metadata": {
                    "trials": 1
                }
            },
            {
                "query": {
                    "x1": -0.45396735712165803,
                    "x2": -1.4831013206049344
                },
                "metrics": {
                    "outcome": -1.9013543914392836
                },
                "metadata": {
                    "trials": 1
                }
            },
            {
                "query": {
                    "x1": -0.4539502673385858,
                    "x2": -1.5028063723881244
                },
                "metrics": {
                    "outcome": -1.9024287519485275
                },
                "metadata": {
                    "trials": 1
                }
            }
        ],
        [
            {
                "query": {
                    "x1": -0.4489446285464138,
                    "x2": -1.5170371796060393
                },
                "metrics": {
                    "outcome": -1.901279482307607
                },
                "metadata": {
                    "trials": 1
                }
            },
            {
                "query": {
                    "x1": -0.4494722326326739,
                    "x2": -1.496932655503338
                },
                "metrics": {
                    "outcome": -1.9012345026481978
                },
                "metadata": {
                    "trials": 1
                }
            },
            {
                "query": {
                    "x1": -0.449060234846435,
                    "x2": -1.5015449708678092
                },
                "metrics": {
                    "outcome": -1.901283464678127
                },
                "metadata": {
                    "trials": 1
                }
            }
        ],
        [
            {
                "query": {
                    "x1": -0.4564092961746393,
                    "x2": -1.5254489923682828
                },
                "metrics": {
                    "outcome": -1.9028596625110907
                },
                "metadata": {
                    "trials": 1
                }
            },
            {
                "query": {
                    "x1": -0.45582210498692577,
                    "x2": -1.554668412159346
                },
                "metrics": {
                    "outcome": -1.900356543441612
                },
                "metadata": {
                    "trials": 1
                }
            },
            {
                "query": {
                    "x1": -0.45617485143547953,
                    "x2": -1.5156193356534107
                },
                "metrics": {
                    "outcome": -1.9030353972445715
                },
                "metadata": {
                    "trials": 1
                }
            }
        ],
        [
            {
                "query": {
                    "x1": -0.45562630224746425,
                    "x2": -1.4851291069263473
                },
                "metrics": {
                    "outcome": -1.9018494303717643
                },
                "metadata": {
                    "trials": 1
                }
            },
            {
                "query": {
                    "x1": -0.45627282217065,
                    "x2": -1.4490494717204236
                },
                "metrics": {
                    "outcome": -1.8971750210770058
                },
                "metadata": {
                    "trials": 1
                }
            },
            {
                "query": {
                    "x1": -0.44835082422323813,
                    "x2": -1.5708368048979127
                },
                "metrics": {
                    "outcome": -1.8957366640555238
                },
                "metadata": {
                    "trials": 1
                }
            }
        ],
        [
            {
                "query": {
                    "x1": -0.45310310246458174,
                    "x2": -1.590399132679789
                },
                "metrics": {
                    "outcome": -1.8932404745663942
                },
                "metadata": {
                    "trials": 1
                }
            },
            {
                "query": {
                    "x1": -0.45323326412778475,
                    "x2": -1.5904555130863476
                },
                "metrics": {
                    "outcome": -1.893269052346049
                },
                "metadata": {
                    "trials": 1
                }
            },
            {
                "query": {
                    "x1": -0.4533487975993822,
                    "x2": -1.5533690650163547
                },
                "metrics": {
                    "outcome": -1.8998361899180631
                },
                "metadata": {
                    "trials": 1
                }
            }
        ],
        [
            {
                "query": {
                    "x1": -0.4574505707937242,
                    "x2": -1.4663422869779945
                },
                "metrics": {
                    "outcome": -1.9001583593487177
                },
                "metadata": {
                    "trials": 1
                }
            },
            {
                "query": {
                    "x1": -0.45684770734841673,
                    "x2": -1.4513300916289003
                },
                "metrics": {
                    "outcome": -1.8976831330780008
                },
                "metadata": {
                    "trials": 1
                }
            },
            {
                "query": {
                    "x1": -0.45700653791001167,
                    "x2": -1.4367877040152537
                },
                "metrics": {
                    "outcome": -1.894776429740877
                },
                "metadata": {
                    "trials": 1
                }
            }
        ],
        [
            {
                "query": {
                    "x1": -0.4470184965242101,
                    "x2": -1.5738707700712884
                },
                "metrics": {
                    "outcome": -1.8947598068474685
                },
                "metadata": {
                    "trials": 1
                }
            },
            {
                "query": {
                    "x1": -0.4469127589745787,
                    "x2": -1.581759779844868
                },
                "metrics": {
                    "outcome": -1.8931458780295705
                },
                "metadata": {
                    "trials": 1
                }
            },
            {
                "query": {
                    "x1": -0.4480640066624393,
                    "x2": -1.440867569303986
                },
                "metrics": {
                    "outcome": -1.894234354883943
                },
                "metadata": {
                    "trials": 1
                }
            }
        ],
        [
            {
                "query": {
                    "x1": -0.454130685518622,
                    "x2": -1.4430393672104875
                },
                "metrics": {
                    "outcome": -1.8956731986487938
                },
                "metadata": {
                    "trials": 1
                }
            },
            {
                "query": {
                    "x1": -0.4549539360393664,
                    "x2": -1.4430559117698436
                },
                "metrics": {
                    "outcome": -1.8958049696180606
                },
                "metadata": {
                    "trials": 1
                }
            },
            {
                "query": {
                    "x1": -0.45486297969296907,
                    "x2": -1.4417806139618128
                },
                "metrics": {
                    "outcome": -1.895530495088333
                },
                "metadata": {
                    "trials": 1
                }
            }
        ],
        [
            {
                "query": {
                    "x1": -0.45708600891470974,
                    "x2": -1.4646199790023111
                },
                "metrics": {
                    "outcome": -1.8998566366817067
                },
                "metadata": {
                    "trials": 1
                }
            },
            {
                "query": {
                    "x1": -0.4571044048414079,
                    "x2": -1.4554176136810593
                },
                "metrics": {
                    "outcome": -1.8984359301276652
                },
                "metadata": {
                    "trials": 1
                }
            },
            {
                "query": {
                    "x1": -0.45691584859431655,
                    "x2": -1.509466546743982
                },
                "metrics": {
                    "outcome": -1.9032005036807202
                },
                "metadata": {
                    "trials": 1
                }
            }
        ],
        [
            {
                "query": {
                    "x1": -0.4571820650760261,
                    "x2": -1.5534161558054287
                },
                "metrics": {
                    "outcome": -1.900874136814501
                },
                "metadata": {
                    "trials": 1
                }
            },
            {
                "query": {
                    "x1": -0.4574922222870521,
                    "x2": -1.458769696735903
                },
                "metrics": {
                    "outcome": -1.8990472164368883
                },
                "metadata": {
                    "trials": 1
                }
            },
            {
                "query": {
                    "x1": -0.45737539296486296,
                    "x2": -1.4539404580717694
                },
                "metrics": {
                    "outcome": -1.8982274104207608
                },
                "metadata": {
                    "trials": 1
                }
            }
        ],
        [
            {
                "query": {
                    "x1": -0.4570886385739157,
                    "x2": -1.5591491011103964
                },
                "metrics": {
                    "outcome": -1.9001230996398437
                },
                "metadata": {
                    "trials": 1
                }
            },
            {
                "query": {
                    "x1": -0.4571104294020527,
                    "x2": -1.5444885778687014
                },
                "metrics": {
                    "outcome": -1.9017954056412112
                },
                "metadata": {
                    "trials": 1
                }
            },
            {
                "query": {
                    "x1": -0.4570853658219107,
                    "x2": -1.5518459319538604
                },
                "metrics": {
                    "outcome": -1.901030562702978
                },
                "metadata": {
                    "trials": 1
                }
            }
        ],
        [
            {
                "query": {
                    "x1": -0.4571958808742007,
                    "x2": -1.5672637831551461
                },
                "metrics": {
                    "outcome": -1.8989625273708097
                },
                "metadata": {
                    "trials": 1
                }
            },
            {
                "query": {
                    "x1": -0.45732104032380616,
                    "x2": -1.5490481000447482
                },
                "metrics": {
                    "outcome": -1.9013992206347772
                },
                "metadata": {
                    "trials": 1
                }
            },
            {
                "query": {
                    "x1": -0.45711535018860094,
                    "x2": -1.5612680831146666
                },
                "metrics": {
                    "outcome": -1.8998379304912767
                },
                "metadata": {
                    "trials": 1
                }
            }
        ],
        [
            {
                "query": {
                    "x1": -0.45727384127803017,
                    "x2": -1.5517490376048353
                },
                "metrics": {
                    "outcome": -1.90109149822465
                },
                "metadata": {
                    "trials": 1
                }
            },
            {
                "query": {
                    "x1": -0.45726684407248097,
                    "x2": -1.5538397039620462
                },
                "metrics": {
                    "outcome": -1.9008464409678454
                },
                "metadata": {
                    "trials": 1
                }
            },
            {
                "query": {
                    "x1": -0.45726077554722266,
                    "x2": -1.559572790473647
                },
                "metrics": {
                    "outcome": -1.9001127267460811
                },
                "metadata": {
                    "trials": 1
                }
            }
        ],
        [
            {
                "query": {
                    "x1": -0.45733019144909504,
                    "x2": -1.5619072570130796
                },
                "metrics": {
                    "outcome": -1.8998064279249967
                },
                "metadata": {
                    "trials": 1
                }
            },
            {
                "query": {
                    "x1": -0.4572933723328465,
                    "x2": -1.5795658188942117
                },
                "metrics": {
                    "outcome": -1.8968234926091743
                },
                "metadata": {
                    "trials": 1
                }
            },
            {
                "query": {
                    "x1": -0.4574885835049971,
                    "x2": -1.5570183959783914
                },
                "metrics": {
                    "outcome": -1.900512230866422
                },
                "metadata": {
                    "trials": 1
                }
            }
        ],
        [
            {
                "query": {
                    "x1": -0.45727773127849036,
                    "x2": -1.5452957285101443
                },
                "metrics": {
                    "outcome": -1.901763041917159
                },
                "metadata": {
                    "trials": 1
                }
            },
            {
                "query": {
                    "x1": -0.4571348055119726,
                    "x2": -1.5680611926541237
                },
                "metrics": {
                    "outcome": -1.8988180238254633
                },
                "metadata": {
                    "trials": 1
                }
            },
            {
                "query": {
                    "x1": -0.457232890981601,
                    "x2": -1.55030051486904
                },
                "metrics": {
                    "outcome": -1.9012417715803767
                },
                "metadata": {
                    "trials": 1
                }
            }
        ],
        [
            {
                "query": {
                    "x1": -0.4571472846169431,
                    "x2": -1.5520433205438402
                },
                "metrics": {
                    "outcome": -1.9010244817063495
                },
                "metadata": {
                    "trials": 1
                }
            },
            {
                "query": {
                    "x1": -0.45725015008230496,
                    "x2": -1.5711474699398467
                },
                "metrics": {
                    "outcome": -1.8983410305260042
                },
                "metadata": {
                    "trials": 1
                }
            },
            {
                "query": {
                    "x1": -0.457269543153876,
                    "x2": -1.5662398564845366
                },
                "metrics": {
                    "outcome": -1.8991438672663796
                },
                "metadata": {
                    "trials": 1
                }
            }
        ]
    ],
    "best_results": [
        {
            "query": {
                "x1": -0.45691584859431655,
                "x2": -1.509466546743982
            },
            "metrics": [
                {
                    "name": "outcome",
                    "value": -1.9032005036807202
                }
            ]
        }
    ]
}