{
    "date": "05/11/2022 12:04:10",
    "basic_params": {
        "active_variables": [
            "x"
        ],
        "default_query": {},
        "metric": "basic",
        "n_trials": 1
    },
    "objective_function": {
        "name": "Gramacy1D",
        "params": {}
    },
    "optimizer": {
        "name": "BBO-LP(LCB)-FoD",
        "params": {
            "lower_bound": [
                0.5
            ],
            "upper_bound": [
                2.5
            ],
            "invert_metric": false,
            "bopt_params": {
                "n_init_samples": 12,
                "n_iterations": 23,
                "n_iter_relearn": 5,
                "verbose_level": 0,
                "n_parallel_samples": 6,
                "fixed_dataset_size": 50,
                "par_type": "PAR_BBO",
                "crit_name": "cLP(cLCB)",
                "n_crit_params": 3,
                "crit_params": [
                    6,
                    1,
                    1.0
                ]
            }
        }
    },
    "iterations": [
        [
            {
                "query": {
                    "x": 2.3220755118333427
                },
                "metrics": {
                    "outcome": 2.9174510159234135
                },
                "metadata": {
                    "trials": 1
                }
            }
        ],
        [
            {
                "query": {
                    "x": 0.783865460427478
                },
                "metrics": {
                    "outcome": -0.3074712035543212
                },
                "metadata": {
                    "trials": 1
                }
            }
        ],
        [
            {
                "query": {
                    "x": 1.4288087423192337
                },
                "metrics": {
                    "outcome": 0.30902534334005577
                },
                "metadata": {
                    "trials": 1
                }
            }
        ],
        [
            {
                "query": {
                    "x": 1.6766459283341344
                },
                "metrics": {
                    "outcome": 0.40931510141017924
                },
                "metadata": {
                    "trials": 1
                }
            }
        ],
        [
            {
                "query": {
                    "x": 2.3578889921773225
                },
                "metrics": {
                    "outcome": 3.194254293696396
                },
                "metadata": {
                    "trials": 1
                }
            }
        ],
        [
            {
                "query": {
                    "x": 0.508551509391206
                },
                "metrics": {
                    "outcome": -0.20263749489500454
                },
                "metadata": {
                    "trials": 1
                }
            }
        ],
        [
            {
                "query": {
                    "x": 1.0082562202587724
                },
                "metrics": {
                    "outcome": 0.1271890323113154
                },
                "metadata": {
                    "trials": 1
                }
            }
        ],
        [
            {
                "query": {
                    "x": 2.052930281769174
                },
                "metrics": {
                    "outcome": 1.471654844259497
                },
                "metadata": {
                    "trials": 1
                }
            }
        ],
        [
            {
                "query": {
                    "x": 0.9613189218022551
                },
                "metrics": {
                    "outcome": -0.48757773540152566
                },
                "metadata": {
                    "trials": 1
                }
            }
        ],
        [
            {
                "query": {
                    "x": 1.9592369141367574
                },
                "metrics": {
                    "outcome": 0.6021176765671785
                },
                "metadata": {
                    "trials": 1
                }
            }
        ],
        [
            {
                "query": {
                    "x": 1.3032827215502039
                },
                "metrics": {
                    "outcome": -0.031034882024048964
                },
                "metadata": {
                    "trials": 1
                }
            }
        ],
        [
            {
                "query": {
                    "x": 1.5606905101643254
                },
                "metrics": {
                    "outcome": -0.20364089220253168
                },
                "metadata": {
                    "trials": 1
                }
            }
        ],
        [
            {
                "query": {
                    "x": 0.885191772845044
                },
                "metrics": {
                    "outcome": 0.2535731924828167
                },
                "metadata": {
                    "trials": 1
                }
            },
            {
                "query": {
                    "x": 0.8489689476214908
                },
                "metrics": {
                    "outcome": 0.5891610670491653
                },
                "metadata": {
                    "trials": 1
                }
            },
            {
                "query": {
                    "x": 0.9224807477103214
                },
                "metrics": {
                    "outcome": -0.3517262516033966
                },
                "metadata": {
                    "trials": 1
                }
            },
            {
                "query": {
                    "x": 0.619256312248132
                },
                "metrics": {
                    "outcome": 0.4802150511392434
                },
                "metadata": {
                    "trials": 1
                }
            },
            {
                "query": {
                    "x": 0.9430351940513315
                },
                "metrics": {
                    "outcome": -0.5175509366915614
                },
                "metadata": {
                    "trials": 1
                }
            },
            {
                "query": {
                    "x": 0.9045017582907343
                },
                "metrics": {
                    "outcome": -0.0778359233345651
                },
                "metadata": {
                    "trials": 1
                }
            }
        ],
        [
            {
                "query": {
                    "x": 0.7338770698218144
                },
                "metrics": {
                    "outcome": -0.5907514316743944
                },
                "metadata": {
                    "trials": 1
                }
            },
            {
                "query": {
                    "x": 0.7046162071457382
                },
                "metrics": {
                    "outcome": -0.09493562448154824
                },
                "metadata": {
                    "trials": 1
                }
            },
            {
                "query": {
                    "x": 0.9493558152177818
                },
                "metrics": {
                    "outcome": -0.5265584931680856
                },
                "metadata": {
                    "trials": 1
                }
            },
            {
                "query": {
                    "x": 0.9417630554832431
                },
                "metrics": {
                    "outcome": -0.5132307255169293
                },
                "metadata": {
                    "trials": 1
                }
            },
            {
                "query": {
                    "x": 0.9567460629870875
                },
                "metrics": {
                    "outcome": -0.5109084335608488
                },
                "metadata": {
                    "trials": 1
                }
            },
            {
                "query": {
                    "x": 0.9363844607024043
                },
                "metrics": {
                    "outcome": -0.4858436562765984
                },
                "metadata": {
                    "trials": 1
                }
            }
        ],
        [
            {
                "query": {
                    "x": 0.7502450721361722
                },
                "metrics": {
                    "outcome": -0.6625381879160297
                },
                "metadata": {
                    "trials": 1
                }
            },
            {
                "query": {
                    "x": 0.7617205617820761
                },
                "metrics": {
                    "outcome": -0.6091875002153405
                },
                "metadata": {
                    "trials": 1
                }
            },
            {
                "query": {
                    "x": 0.7385597301226573
                },
                "metrics": {
                    "outcome": -0.6290654201476393
                },
                "metadata": {
                    "trials": 1
                }
            },
            {
                "query": {
                    "x": 0.7313348465117007
                },
                "metrics": {
                    "outcome": -0.5642606171453916
                },
                "metadata": {
                    "trials": 1
                }
            },
            {
                "query": {
                    "x": 0.948974523198594
                },
                "metrics": {
                    "outcome": -0.5266043553592386
                },
                "metadata": {
                    "trials": 1
                }
            },
            {
                "query": {
                    "x": 0.9566547941998993
                },
                "metrics": {
                    "outcome": -0.5112702788145768
                },
                "metadata": {
                    "trials": 1
                }
            }
        ],
        [
            {
                "query": {
                    "x": 0.7486990588667765
                },
                "metrics": {
                    "outcome": -0.6632791895722847
                },
                "metadata": {
                    "trials": 1
                }
            },
            {
                "query": {
                    "x": 0.7534715695637817
                },
                "metrics": {
                    "outcome": -0.6559585868498164
                },
                "metadata": {
                    "trials": 1
                }
            },
            {
                "query": {
                    "x": 0.7439497145666795
                },
                "metrics": {
                    "outcome": -0.6556857848978588
                },
                "metadata": {
                    "trials": 1
                }
            },
            {
                "query": {
                    "x": 0.7585026994648723
                },
                "metrics": {
                    "outcome": -0.6324138315097811
                },
                "metadata": {
                    "trials": 1
                }
            },
            {
                "query": {
                    "x": 0.7388847625403241
                },
                "metrics": {
                    "outcome": -0.6312070960789391
                },
                "metadata": {
                    "trials": 1
                }
            },
            {
                "query": {
                    "x": 0.7333645456123613
                },
                "metrics": {
                    "outcome": -0.5857262970632285
                },
                "metadata": {
                    "trials": 1
                }
            }
        ],
        [
            {
                "query": {
                    "x": 0.7487319573349143
                },
                "metrics": {
                    "outcome": -0.6632798026377585
                },
                "metadata": {
                    "trials": 1
                }
            },
            {
                "query": {
                    "x": 0.7525990849349571
                },
                "metrics": {
                    "outcome": -0.6584045440854465
                },
                "metadata": {
                    "trials": 1
                }
            },
            {
                "query": {
                    "x": 0.7448732932231614
                },
                "metrics": {
                    "outcome": -0.6583309338822253
                },
                "metadata": {
                    "trials": 1
                }
            },
            {
                "query": {
                    "x": 0.7565318382895182
                },
                "metrics": {
                    "outcome": -0.6435307389470664
                },
                "metadata": {
                    "trials": 1
                }
            },
            {
                "query": {
                    "x": 0.7408699987574425
                },
                "metrics": {
                    "outcome": -0.6428018620567896
                },
                "metadata": {
                    "trials": 1
                }
            },
            {
                "query": {
                    "x": 0.7611715742320928
                },
                "metrics": {
                    "outcome": -0.6135859654310036
                },
                "metadata": {
                    "trials": 1
                }
            }
        ],
        [
            {
                "query": {
                    "x": 0.7487298385977186
                },
                "metrics": {
                    "outcome": -0.6632797846493587
                },
                "metadata": {
                    "trials": 1
                }
            },
            {
                "query": {
                    "x": 0.7522851357195293
                },
                "metrics": {
                    "outcome": -0.6591642652142022
                },
                "metadata": {
                    "trials": 1
                }
            },
            {
                "query": {
                    "x": 0.7451819087967567
                },
                "metrics": {
                    "outcome": -0.6590890915474246
                },
                "metadata": {
                    "trials": 1
                }
            },
            {
                "query": {
                    "x": 0.7558473407374169
                },
                "metrics": {
                    "outcome": -0.6468256806177975
                },
                "metadata": {
                    "trials": 1
                }
            },
            {
                "query": {
                    "x": 0.7415238645310386
                },
                "metrics": {
                    "outcome": -0.646058304179221
                },
                "metadata": {
                    "trials": 1
                }
            },
            {
                "query": {
                    "x": 0.7600515749526138
                },
                "metrics": {
                    "outcome": -0.6220075078641009
                },
                "metadata": {
                    "trials": 1
                }
            }
        ],
        [
            {
                "query": {
                    "x": 0.7487350193373459
                },
                "metrics": {
                    "outcome": -0.6632798234062453
                },
                "metadata": {
                    "trials": 1
                }
            },
            {
                "query": {
                    "x": 0.7520529675281832
                },
                "metrics": {
                    "outcome": -0.659684968418434
                },
                "metadata": {
                    "trials": 1
                }
            },
            {
                "query": {
                    "x": 0.7454221696027661
                },
                "metrics": {
                    "outcome": -0.6596357048418686
                },
                "metadata": {
                    "trials": 1
                }
            },
            {
                "query": {
                    "x": 0.7553543804744676
                },
                "metrics": {
                    "outcome": -0.6490158239348108
                },
                "metadata": {
                    "trials": 1
                }
            },
            {
                "query": {
                    "x": 0.7420448504810446
                },
                "metrics": {
                    "outcome": -0.6484523979161128
                },
                "metadata": {
                    "trials": 1
                }
            },
            {
                "query": {
                    "x": 0.7591891298470381
                },
                "metrics": {
                    "outcome": -0.6279812152442773
                },
                "metadata": {
                    "trials": 1
                }
            }
        ],
        [
            {
                "query": {
                    "x": 1.4436121053143287
                },
                "metrics": {
                    "outcome": 0.37812940945814755
                },
                "metadata": {
                    "trials": 1
                }
            },
            {
                "query": {
                    "x": 0.7487388416273849
                },
                "metrics": {
                    "outcome": -0.663279840658901
                },
                "metadata": {
                    "trials": 1
                }
            },
            {
                "query": {
                    "x": 0.7518888718070345
                },
                "metrics": {
                    "outcome": -0.6600318817178357
                },
                "metadata": {
                    "trials": 1
                }
            },
            {
                "query": {
                    "x": 0.7455924604029416
                },
                "metrics": {
                    "outcome": -0.6600000011323881
                },
                "metadata": {
                    "trials": 1
                }
            },
            {
                "query": {
                    "x": 0.7550132884295921
                },
                "metrics": {
                    "outcome": -0.6504412019738068
                },
                "metadata": {
                    "trials": 1
                }
            },
            {
                "query": {
                    "x": 0.7424081988359583
                },
                "metrics": {
                    "outcome": -0.6500165817265375
                },
                "metadata": {
                    "trials": 1
                }
            }
        ],
        [
            {
                "query": {
                    "x": 0.7487390418748741
                },
                "metrics": {
                    "outcome": -0.6632798412972782
                },
                "metadata": {
                    "trials": 1
                }
            },
            {
                "query": {
                    "x": 0.7518015931093713
                },
                "metrics": {
                    "outcome": -0.6602092646842906
                },
                "metadata": {
                    "trials": 1
                }
            },
            {
                "query": {
                    "x": 0.7456798432074185
                },
                "metrics": {
                    "outcome": -0.6601794860692198
                },
                "metadata": {
                    "trials": 1
                }
            },
            {
                "query": {
                    "x": 0.7548606114989869
                },
                "metrics": {
                    "outcome": -0.6510552856333088
                },
                "metadata": {
                    "trials": 1
                }
            },
            {
                "query": {
                    "x": 0.7425919338143951
                },
                "metrics": {
                    "outcome": -0.6507744931621426
                },
                "metadata": {
                    "trials": 1
                }
            },
            {
                "query": {
                    "x": 0.758338688441832
                },
                "metrics": {
                    "outcome": -0.6334303734569149
                },
                "metadata": {
                    "trials": 1
                }
            }
        ],
        [
            {
                "query": {
                    "x": 0.7487429497331879
                },
                "metrics": {
                    "outcome": -0.663279848464266
                },
                "metadata": {
                    "trials": 1
                }
            },
            {
                "query": {
                    "x": 0.7515406073276287
                },
                "metrics": {
                    "outcome": -0.6607101088580467
                },
                "metadata": {
                    "trials": 1
                }
            },
            {
                "query": {
                    "x": 0.7459475282891417
                },
                "metrics": {
                    "outcome": -0.6606978653904623
                },
                "metadata": {
                    "trials": 1
                }
            },
            {
                "query": {
                    "x": 0.7431470292794388
                },
                "metrics": {
                    "outcome": -0.6529292571467363
                },
                "metadata": {
                    "trials": 1
                }
            },
            {
                "query": {
                    "x": 0.7542994359871678
                },
                "metrics": {
                    "outcome": -0.653184821380888
                },
                "metadata": {
                    "trials": 1
                }
            },
            {
                "query": {
                    "x": 0.7573640832919397
                },
                "metrics": {
                    "outcome": -0.6391297960948392
                },
                "metadata": {
                    "trials": 1
                }
            }
        ],
        [
            {
                "query": {
                    "x": 0.7487418495824573
                },
                "metrics": {
                    "outcome": -0.6632798474646321
                },
                "metadata": {
                    "trials": 1
                }
            },
            {
                "query": {
                    "x": 0.7521809397643865
                },
                "metrics": {
                    "outcome": -0.659402282215316
                },
                "metadata": {
                    "trials": 1
                }
            },
            {
                "query": {
                    "x": 0.7453057363554496
                },
                "metrics": {
                    "outcome": -0.6593755790942858
                },
                "metadata": {
                    "trials": 1
                }
            },
            {
                "query": {
                    "x": 0.7556531513895128
                },
                "metrics": {
                    "outcome": -0.6477067578923694
                },
                "metadata": {
                    "trials": 1
                }
            },
            {
                "query": {
                    "x": 0.7417933167896884
                },
                "metrics": {
                    "outcome": -0.6473187603188838
                },
                "metadata": {
                    "trials": 1
                }
            },
            {
                "query": {
                    "x": 0.7598238939715902
                },
                "metrics": {
                    "outcome": -0.6236280311477941
                },
                "metadata": {
                    "trials": 1
                }
            }
        ],
        [
            {
                "query": {
                    "x": 0.7487458671569387
                },
                "metrics": {
                    "outcome": -0.6632798472521813
                },
                "metadata": {
                    "trials": 1
                }
            },
            {
                "query": {
                    "x": 0.7522152641854059
                },
                "metrics": {
                    "outcome": -0.6593246523887687
                },
                "metadata": {
                    "trials": 1
                }
            },
            {
                "query": {
                    "x": 0.7452782031237634
                },
                "metrics": {
                    "outcome": -0.6593127552464729
                },
                "metadata": {
                    "trials": 1
                }
            },
            {
                "query": {
                    "x": 0.7557165180127681
                },
                "metrics": {
                    "outcome": -0.6474218656901481
                },
                "metadata": {
                    "trials": 1
                }
            },
            {
                "query": {
                    "x": 0.7417605106264713
                },
                "metrics": {
                    "outcome": -0.6471678444763088
                },
                "metadata": {
                    "trials": 1
                }
            },
            {
                "query": {
                    "x": 0.7599604452732436
                },
                "metrics": {
                    "outcome": -0.6226598563780907
                },
                "metadata": {
                    "trials": 1
                }
            }
        ],
        [
            {
                "query": {
                    "x": 0.7487433084312717
                },
                "metrics": {
                    "outcome": -0.663279848617728
                },
                "metadata": {
                    "trials": 1
                }
            },
            {
                "query": {
                    "x": 0.7521956141203501
                },
                "metrics": {
                    "outcome": -0.6593691875360184
                },
                "metadata": {
                    "trials": 1
                }
            },
            {
                "query": {
                    "x": 0.7452931168704388
                },
                "metrics": {
                    "outcome": -0.6593468468920186
                },
                "metadata": {
                    "trials": 1
                }
            },
            {
                "query": {
                    "x": 0.7556771050006724
                },
                "metrics": {
                    "outcome": -0.6475993620276198
                },
                "metadata": {
                    "trials": 1
                }
            },
            {
                "query": {
                    "x": 0.7417948103582789
                },
                "metrics": {
                    "outcome": -0.6473256142665913
                },
                "metadata": {
                    "trials": 1
                }
            },
            {
                "query": {
                    "x": 0.7598838811244149
                },
                "metrics": {
                    "outcome": -0.6232040891334796
                },
                "metadata": {
                    "trials": 1
                }
            }
        ],
        [
            {
                "query": {
                    "x": 0.7487593809306522
                },
                "metrics": {
                    "outcome": -0.6632797684572639
                },
                "metadata": {
                    "trials": 1
                }
            },
            {
                "query": {
                    "x": 0.7524525929336122
                },
                "metrics": {
                    "outcome": -0.6587669864633781
                },
                "metadata": {
                    "trials": 1
                }
            },
            {
                "query": {
                    "x": 0.7450670777876249
                },
                "metrics": {
                    "outcome": -0.658814353023187
                },
                "metadata": {
                    "trials": 1
                }
            },
            {
                "query": {
                    "x": 0.7562146250367265
                },
                "metrics": {
                    "outcome": -0.6450942838675875
                },
                "metadata": {
                    "trials": 1
                }
            },
            {
                "query": {
                    "x": 0.7411478703229857
                },
                "metrics": {
                    "outcome": -0.6442199333012705
                },
                "metadata": {
                    "trials": 1
                }
            },
            {
                "query": {
                    "x": 0.7609672616721639
                },
                "metrics": {
                    "outcome": -0.6151776886380229
                },
                "metadata": {
                    "trials": 1
                }
            }
        ],
        [
            {
                "query": {
                    "x": 0.7487569755412307
                },
                "metrics": {
                    "outcome": -0.6632797912884174
                },
                "metadata": {
                    "trials": 1
                }
            },
            {
                "query": {
                    "x": 0.7525261877151399
                },
                "metrics": {
                    "outcome": -0.6585866397460762
                },
                "metadata": {
                    "trials": 1
                }
            },
            {
                "query": {
                    "x": 0.744989130257572
                },
                "metrics": {
                    "outcome": -0.6586228896976191
                },
                "metadata": {
                    "trials": 1
                }
            },
            {
                "query": {
                    "x": 0.7563750202937575
                },
                "metrics": {
                    "outcome": -0.6443115796149629
                },
                "metadata": {
                    "trials": 1
                }
            },
            {
                "query": {
                    "x": 0.740967132917548
                },
                "metrics": {
                    "outcome": -0.6433033100325588
                },
                "metadata": {
                    "trials": 1
                }
            },
            {
                "query": {
                    "x": 0.7612869749592088
                },
                "metrics": {
                    "outcome": -0.6126760559368458
                },
                "metadata": {
                    "trials": 1
                }
            }
        ],
        [
            {
                "query": {
                    "x": 0.748758105821482
                },
                "metrics": {
                    "outcome": -0.6632797810351511
                },
                "metadata": {
                    "trials": 1
                }
            },
            {
                "query": {
                    "x": 0.7524451126775614
                },
                "metrics": {
                    "outcome": -0.6587851206378723
                },
                "metadata": {
                    "trials": 1
                }
            },
            {
                "query": {
                    "x": 0.7450725392796292
                },
                "metrics": {
                    "outcome": -0.6588276174722796
                },
                "metadata": {
                    "trials": 1
                }
            },
            {
                "query": {
                    "x": 0.7562008033781996
                },
                "metrics": {
                    "outcome": -0.6451609757752147
                },
                "metadata": {
                    "trials": 1
                }
            },
            {
                "query": {
                    "x": 0.7411775352767503
                },
                "metrics": {
                    "outcome": -0.6443683395993457
                },
                "metadata": {
                    "trials": 1
                }
            },
            {
                "query": {
                    "x": 0.7608882737899786
                },
                "metrics": {
                    "outcome": -0.6157864501390216
                },
                "metadata": {
                    "trials": 1
                }
            }
        ],
        [
            {
                "query": {
                    "x": 0.7487577745961803
                },
                "metrics": {
                    "outcome": -0.6632797841270652
                },
                "metadata": {
                    "trials": 1
                }
            },
            {
                "query": {
                    "x": 0.7524525774300402
                },
                "metrics": {
                    "outcome": -0.6587670240857496
                },
                "metadata": {
                    "trials": 1
                }
            },
            {
                "query": {
                    "x": 0.745064165957197
                },
                "metrics": {
                    "outcome": -0.6588072729303226
                },
                "metadata": {
                    "trials": 1
                }
            },
            {
                "query": {
                    "x": 0.7561982093363995
                },
                "metrics": {
                    "outcome": -0.6451734791068048
                },
                "metadata": {
                    "trials": 1
                }
            },
            {
                "query": {
                    "x": 0.7411726527263222
                },
                "metrics": {
                    "outcome": -0.6443439530229569
                },
                "metadata": {
                    "trials": 1
                }
            },
            {
                "query": {
                    "x": 0.7608312404481197
                },
                "metrics": {
                    "outcome": -0.616223714043315
                },
                "metadata": {
                    "trials": 1
                }
            }
        ],
        [
            {
                "query": {
                    "x": 0.7487573482344988
                },
                "metrics": {
                    "outcome": -0.6632797880006054
                },
                "metadata": {
                    "trials": 1
                }
            },
            {
                "query": {
                    "x": 0.7524640533230356
                },
                "metrics": {
                    "outcome": -0.6587391330334788
                },
                "metadata": {
                    "trials": 1
                }
            },
            {
                "query": {
                    "x": 0.7450523252229099
                },
                "metrics": {
                    "outcome": -0.6587784245005407
                },
                "metadata": {
                    "trials": 1
                }
            },
            {
                "query": {
                    "x": 0.7562424908425613
                },
                "metrics": {
                    "outcome": -0.6449594617890475
                },
                "metadata": {
                    "trials": 1
                }
            },
            {
                "query": {
                    "x": 0.741151891646654
                },
                "metrics": {
                    "outcome": -0.6442400847143209
                },
                "metadata": {
                    "trials": 1
                }
            },
            {
                "query": {
                    "x": 0.7359353192637834
                },
                "metrics": {
                    "outcome": -0.6092949387890472
                },
                "metadata": {
                    "trials": 1
                }
            }
        ],
        [
            {
                "query": {
                    "x": 0.7487414232031788
                },
                "metrics": {
                    "outcome": -0.6632798468626936
                },
                "metadata": {
                    "trials": 1
                }
            },
            {
                "query": {
                    "x": 0.752472038242365
                },
                "metrics": {
                    "outcome": -0.6587196761118087
                },
                "metadata": {
                    "trials": 1
                }
            },
            {
                "query": {
                    "x": 0.7450138837237317
                },
                "metrics": {
                    "outcome": -0.6586841274000826
                },
                "metadata": {
                    "trials": 1
                }
            },
            {
                "query": {
                    "x": 0.7562404153123383
                },
                "metrics": {
                    "outcome": -0.6449695205523899
                },
                "metadata": {
                    "trials": 1
                }
            },
            {
                "query": {
                    "x": 0.7411919236413953
                },
                "metrics": {
                    "outcome": -0.6444401135472086
                },
                "metadata": {
                    "trials": 1
                }
            },
            {
                "query": {
                    "x": 0.7608856597083835
                },
                "metrics": {
                    "outcome": -0.6158065338840255
                },
                "metadata": {
                    "trials": 1
                }
            }
        ],
        [
            {
                "query": {
                    "x": 0.7487419445721392
                },
                "metrics": {
                    "outcome": -0.6632798475824109
                },
                "metadata": {
                    "trials": 1
                }
            },
            {
                "query": {
                    "x": 0.7523816300734544
                },
                "metrics": {
                    "outcome": -0.6589375598795219
                },
                "metadata": {
                    "trials": 1
                }
            },
            {
                "query": {
                    "x": 0.7451056367846884
                },
                "metrics": {
                    "outcome": -0.6589075800086768
                },
                "metadata": {
                    "trials": 1
                }
            },
            {
                "query": {
                    "x": 0.7560786566201779
                },
                "metrics": {
                    "outcome": -0.6457451378887952
                },
                "metadata": {
                    "trials": 1
                }
            },
            {
                "query": {
                    "x": 0.7414010570895115
                },
                "metrics": {
                    "outcome": -0.645468037867725
                },
                "metadata": {
                    "trials": 1
                }
            },
            {
                "query": {
                    "x": 0.7606158622247599
                },
                "metrics": {
                    "outcome": -0.6178576018758757
                },
                "metadata": {
                    "trials": 1
                }
            }
        ],
        [
            {
                "query": {
                    "x": 0.7487422979234502
                },
                "metrics": {
                    "outcome": -0.6632798479683232
                },
                "metadata": {
                    "trials": 1
                }
            },
            {
                "query": {
                    "x": 0.7523849745907468
                },
                "metrics": {
                    "outcome": -0.6589295939591691
                },
                "metadata": {
                    "trials": 1
                }
            },
            {
                "query": {
                    "x": 0.7451029060370221
                },
                "metrics": {
                    "outcome": -0.6589010100362427
                },
                "metadata": {
                    "trials": 1
                }
            },
            {
                "query": {
                    "x": 0.756086275443661
                },
                "metrics": {
                    "outcome": -0.6457089753897381
                },
                "metadata": {
                    "trials": 1
                }
            },
            {
                "query": {
                    "x": 0.7413944917804426
                },
                "metrics": {
                    "outcome": -0.6454362038358025
                },
                "metadata": {
                    "trials": 1
                }
            },
            {
                "query": {
                    "x": 0.7606317595760399
                },
                "metrics": {
                    "outcome": -0.6177379428938974
                },
                "metadata": {
                    "trials": 1
                }
            }
        ],
        [
            {
                "query": {
                    "x": 0.7487426196534269
                },
                "metrics": {
                    "outcome": -0.6632798482481179
                },
                "metadata": {
                    "trials": 1
                }
            },
            {
                "query": {
                    "x": 0.752388832718928
                },
                "metrics": {
                    "outcome": -0.6589203957206851
                },
                "metadata": {
                    "trials": 1
                }
            },
            {
                "query": {
                    "x": 0.7450996190398074
                },
                "metrics": {
                    "outcome": -0.6588930952267372
                },
                "metadata": {
                    "trials": 1
                }
            },
            {
                "query": {
                    "x": 0.7560950382872901
                },
                "metrics": {
                    "outcome": -0.6456673377054916
                },
                "metadata": {
                    "trials": 1
                }
            },
            {
                "query": {
                    "x": 0.7413875729996122
                },
                "metrics": {
                    "outcome": -0.645402625321374
                },
                "metadata": {
                    "trials": 1
                }
            },
            {
                "query": {
                    "x": 0.760646284499638
                },
                "metrics": {
                    "outcome": -0.6176284829770958
                },
                "metadata": {
                    "trials": 1
                }
            }
        ],
        [
            {
                "query": {
                    "x": 0.748743175054304
                },
                "metrics": {
                    "outcome": -0.6632798485705699
                },
                "metadata": {
                    "trials": 1
                }
            },
            {
                "query": {
                    "x": 0.752387714248439
                },
                "metrics": {
                    "outcome": -0.658923063281182
                },
                "metadata": {
                    "trials": 1
                }
            },
            {
                "query": {
                    "x": 0.7451015734652443
                },
                "metrics": {
                    "outcome": -0.658897802178287
                },
                "metadata": {
                    "trials": 1
                }
            },
            {
                "query": {
                    "x": 0.756093112920535
                },
                "metrics": {
                    "outcome": -0.6456764904511658
                },
                "metadata": {
                    "trials": 1
                }
            },
            {
                "query": {
                    "x": 0.7413857962535952
                },
                "metrics": {
                    "outcome": -0.6453939972831003
                },
                "metadata": {
                    "trials": 1
                }
            },
            {
                "query": {
                    "x": 0.7606587396148113
                },
                "metrics": {
                    "outcome": -0.6175345214237276
                },
                "metadata": {
                    "trials": 1
                }
            }
        ]
    ],
    "best_results": [
        {
            "query": {
                "x": 0.7487433084312717
            },
            "metrics": [
                {
                    "name": "outcome",
                    "value": -0.663279848617728
                }
            ]
        }
    ]
}