{
    "date": "10/11/2022 09:53:22",
    "basic_params": {
        "active_variables": [
            "x"
        ],
        "default_query": {},
        "metric": "basic",
        "n_trials": 1
    },
    "objective_function": {
        "name": "Gramacy1D",
        "params": {}
    },
    "optimizer": {
        "name": "BO-MCMC-250-LCB",
        "params": {
            "lower_bound": [
                0.5
            ],
            "upper_bound": [
                2.5
            ],
            "invert_metric": false,
            "bopt_params": {
                "n_init_samples": 15,
                "n_iterations": 45,
                "n_iter_relearn": 5,
                "verbose_level": 0,
                "n_parallel_samples": 3,
                "par_type": "PAR_MCMC",
                "l_type": "L_MCMC",
                "burnout_mcmc_parallel": 250,
                "crit_name": "cLCBnorm",
                "n_crit_params": 1,
                "crit_params": [
                    2.0
                ]
            }
        }
    },
    "execution_time": 20.02352261543274,
    "best_results": [
        {
            "query": {
                "x": 0.5292056876497433
            },
            "metrics": [
                {
                    "name": "outcome",
                    "value": -0.7011469314209763
                }
            ]
        }
    ],
    "iterations": [
        [
            {
                "query": {
                    "x": 1.5794616828051706
                },
                "metrics": {
                    "outcome": -0.077630340904302
                },
                "metadata": {
                    "trials": 1
                }
            }
        ],
        [
            {
                "query": {
                    "x": 1.3459436006533603
                },
                "metrics": {
                    "outcome": -0.35415165548535893
                },
                "metadata": {
                    "trials": 1
                }
            }
        ],
        [
            {
                "query": {
                    "x": 0.6795514257003864
                },
                "metrics": {
                    "outcome": 0.4513703918601966
                },
                "metadata": {
                    "trials": 1
                }
            }
        ],
        [
            {
                "query": {
                    "x": 2.1859500708058475
                },
                "metrics": {
                    "outcome": 1.8804646522557205
                },
                "metadata": {
                    "trials": 1
                }
            }
        ],
        [
            {
                "query": {
                    "x": 0.8037561435252428
                },
                "metrics": {
                    "outcome": 0.07471995108661665
                },
                "metadata": {
                    "trials": 1
                }
            }
        ],
        [
            {
                "query": {
                    "x": 2.0428718560996155
                },
                "metrics": {
                    "outcome": 1.421476122128803
                },
                "metadata": {
                    "trials": 1
                }
            }
        ],
        [
            {
                "query": {
                    "x": 1.884572278149426
                },
                "metrics": {
                    "outcome": 0.7358710998842763
                },
                "metadata": {
                    "trials": 1
                }
            }
        ],
        [
            {
                "query": {
                    "x": 0.6041965503866473
                },
                "metrics": {
                    "outcome": 0.1333290309083294
                },
                "metadata": {
                    "trials": 1
                }
            }
        ],
        [
            {
                "query": {
                    "x": 0.9649295551081498
                },
                "metrics": {
                    "outcome": -0.46221309101249025
                },
                "metadata": {
                    "trials": 1
                }
            }
        ],
        [
            {
                "query": {
                    "x": 1.7754594946590563
                },
                "metrics": {
                    "outcome": 0.16536847200532262
                },
                "metadata": {
                    "trials": 1
                }
            }
        ],
        [
            {
                "query": {
                    "x": 1.2887277356659372
                },
                "metrics": {
                    "outcome": 0.14149041352113412
                },
                "metadata": {
                    "trials": 1
                }
            }
        ],
        [
            {
                "query": {
                    "x": 1.0496475301682948
                },
                "metrics": {
                    "outcome": 0.47632725219602745
                },
                "metadata": {
                    "trials": 1
                }
            }
        ],
        [
            {
                "query": {
                    "x": 2.304451613407582
                },
                "metrics": {
                    "outcome": 2.8651772138951794
                },
                "metadata": {
                    "trials": 1
                }
            }
        ],
        [
            {
                "query": {
                    "x": 2.435412566177547
                },
                "metrics": {
                    "outcome": 4.429406100213803
                },
                "metadata": {
                    "trials": 1
                }
            }
        ],
        [
            {
                "query": {
                    "x": 1.5066515343884628
                },
                "metrics": {
                    "outcome": -0.002950887928399634
                },
                "metadata": {
                    "trials": 1
                }
            }
        ],
        [
            {
                "query": {
                    "x": 1.0485632102507627
                },
                "metrics": {
                    "outcome": 0.47636284783752925
                },
                "metadata": {
                    "trials": 1
                }
            },
            {
                "query": {
                    "x": 1.693065558867185
                },
                "metrics": {
                    "outcome": 0.29455522016756536
                },
                "metadata": {
                    "trials": 1
                }
            },
            {
                "query": {
                    "x": 0.8464883659020246
                },
                "metrics": {
                    "outcome": 0.5876400744900943
                },
                "metadata": {
                    "trials": 1
                }
            }
        ],
        [
            {
                "query": {
                    "x": 2.00273625951541
                },
                "metrics": {
                    "outcome": 1.0324247916645477
                },
                "metadata": {
                    "trials": 1
                }
            },
            {
                "query": {
                    "x": 1.299225133979941
                },
                "metrics": {
                    "outcome": 0.017384040735080437
                },
                "metadata": {
                    "trials": 1
                }
            },
            {
                "query": {
                    "x": 1.557619130704552
                },
                "metrics": {
                    "outcome": -0.2151676392644588
                },
                "metadata": {
                    "trials": 1
                }
            }
        ],
        [
            {
                "query": {
                    "x": 0.7964202533476055
                },
                "metrics": {
                    "outcome": -0.06873769451931558
                },
                "metadata": {
                    "trials": 1
                }
            },
            {
                "query": {
                    "x": 1.5158309216052264
                },
                "metrics": {
                    "outcome": -0.08657046566578612
                },
                "metadata": {
                    "trials": 1
                }
            },
            {
                "query": {
                    "x": 1.1159928278066218
                },
                "metrics": {
                    "outcome": -0.21557135822551618
                },
                "metadata": {
                    "trials": 1
                }
            }
        ],
        [
            {
                "query": {
                    "x": 0.9268569378182292
                },
                "metrics": {
                    "outcome": -0.4030170118191651
                },
                "metadata": {
                    "trials": 1
                }
            },
            {
                "query": {
                    "x": 1.663110379694214
                },
                "metrics": {
                    "outcome": 0.46884904319282505
                },
                "metadata": {
                    "trials": 1
                }
            },
            {
                "query": {
                    "x": 0.8495436171828716
                },
                "metrics": {
                    "outcome": 0.5890032459797518
                },
                "metadata": {
                    "trials": 1
                }
            }
        ],
        [
            {
                "query": {
                    "x": 0.9320182072246088
                },
                "metrics": {
                    "outcome": -0.4530997672837834
                },
                "metadata": {
                    "trials": 1
                }
            },
            {
                "query": {
                    "x": 0.9412462912552534
                },
                "metrics": {
                    "outcome": -0.5112376962396569
                },
                "metadata": {
                    "trials": 1
                }
            },
            {
                "query": {
                    "x": 0.633188215438879
                },
                "metrics": {
                    "outcome": 0.7001577788214609
                },
                "metadata": {
                    "trials": 1
                }
            }
        ],
        [
            {
                "query": {
                    "x": 1.1415576235486737
                },
                "metrics": {
                    "outcome": -0.4222812477402071
                },
                "metadata": {
                    "trials": 1
                }
            },
            {
                "query": {
                    "x": 1.800455310266295
                },
                "metrics": {
                    "outcome": 0.4145054631620878
                },
                "metadata": {
                    "trials": 1
                }
            },
            {
                "query": {
                    "x": 0.65592752546763
                },
                "metrics": {
                    "outcome": 0.7631157667801857
                },
                "metadata": {
                    "trials": 1
                }
            }
        ],
        [
            {
                "query": {
                    "x": 0.7056139600619957
                },
                "metrics": {
                    "outcome": -0.11681728463677411
                },
                "metadata": {
                    "trials": 1
                }
            },
            {
                "query": {
                    "x": 1.8103616314064195
                },
                "metrics": {
                    "outcome": 0.5195618482311328
                },
                "metadata": {
                    "trials": 1
                }
            },
            {
                "query": {
                    "x": 1.9514217077519527
                },
                "metrics": {
                    "outcome": 0.5634250311264741
                },
                "metadata": {
                    "trials": 1
                }
            }
        ],
        [
            {
                "query": {
                    "x": 2.159595275051805
                },
                "metrics": {
                    "outcome": 1.5870286590729297
                },
                "metadata": {
                    "trials": 1
                }
            },
            {
                "query": {
                    "x": 1.0910169934396778
                },
                "metrics": {
                    "outcome": 0.12769193597516976
                },
                "metadata": {
                    "trials": 1
                }
            },
            {
                "query": {
                    "x": 1.4623120101411549
                },
                "metrics": {
                    "outcome": 0.36234565528234014
                },
                "metadata": {
                    "trials": 1
                }
            }
        ],
        [
            {
                "query": {
                    "x": 0.8900033412260642
                },
                "metrics": {
                    "outcome": 0.17369470834547493
                },
                "metadata": {
                    "trials": 1
                }
            },
            {
                "query": {
                    "x": 1.5936996186992922
                },
                "metrics": {
                    "outcome": 0.06254791666381093
                },
                "metadata": {
                    "trials": 1
                }
            },
            {
                "query": {
                    "x": 1.236434987569858
                },
                "metrics": {
                    "outcome": 0.3713452637768335
                },
                "metadata": {
                    "trials": 1
                }
            }
        ],
        [
            {
                "query": {
                    "x": 0.8795239805133728
                },
                "metrics": {
                    "outcome": 0.3412005745377324
                },
                "metadata": {
                    "trials": 1
                }
            },
            {
                "query": {
                    "x": 1.57711150856494
                },
                "metrics": {
                    "outcome": -0.0978973965157402
                },
                "metadata": {
                    "trials": 1
                }
            },
            {
                "query": {
                    "x": 1.5507164443625
                },
                "metrics": {
                    "outcome": -0.23036596557967684
                },
                "metadata": {
                    "trials": 1
                }
            }
        ],
        [
            {
                "query": {
                    "x": 0.6372071246296901
                },
                "metrics": {
                    "outcome": 0.7394743957232224
                },
                "metadata": {
                    "trials": 1
                }
            },
            {
                "query": {
                    "x": 1.652607006020844
                },
                "metrics": {
                    "outcome": 0.48292541902551317
                },
                "metadata": {
                    "trials": 1
                }
            },
            {
                "query": {
                    "x": 0.8562647188082337
                },
                "metrics": {
                    "outcome": 0.5730855772926133
                },
                "metadata": {
                    "trials": 1
                }
            }
        ],
        [
            {
                "query": {
                    "x": 2.251818822696805
                },
                "metrics": {
                    "outcome": 2.6773271926277635
                },
                "metadata": {
                    "trials": 1
                }
            },
            {
                "query": {
                    "x": 1.7761674818191002
                },
                "metrics": {
                    "outcome": 0.1713080487819889
                },
                "metadata": {
                    "trials": 1
                }
            },
            {
                "query": {
                    "x": 1.753997365494879
                },
                "metrics": {
                    "outcome": 0.04038763503304327
                },
                "metadata": {
                    "trials": 1
                }
            }
        ],
        [
            {
                "query": {
                    "x": 0.6774283515084708
                },
                "metrics": {
                    "outcome": 0.4914371540296283
                },
                "metadata": {
                    "trials": 1
                }
            },
            {
                "query": {
                    "x": 0.9237260658940973
                },
                "metrics": {
                    "outcome": -0.36709253115224055
                },
                "metadata": {
                    "trials": 1
                }
            },
            {
                "query": {
                    "x": 1.6805978250947802
                },
                "metrics": {
                    "outcome": 0.3848894220694586
                },
                "metadata": {
                    "trials": 1
                }
            }
        ],
        [
            {
                "query": {
                    "x": 1.3823987492360175
                },
                "metrics": {
                    "outcome": -0.1685797179440272
                },
                "metadata": {
                    "trials": 1
                }
            },
            {
                "query": {
                    "x": 0.7755443486385047
                },
                "metrics": {
                    "outcome": -0.4454771996757121
                },
                "metadata": {
                    "trials": 1
                }
            },
            {
                "query": {
                    "x": 1.6567380605763258
                },
                "metrics": {
                    "outcome": 0.4810852729118624
                },
                "metadata": {
                    "trials": 1
                }
            }
        ],
        [
            {
                "query": {
                    "x": 1.8806335922533808
                },
                "metrics": {
                    "outcome": 0.7533854773085702
                },
                "metadata": {
                    "trials": 1
                }
            },
            {
                "query": {
                    "x": 1.4603813723661005
                },
                "metrics": {
                    "outcome": 0.36925151087268404
                },
                "metadata": {
                    "trials": 1
                }
            },
            {
                "query": {
                    "x": 1.3642803448847687
                },
                "metrics": {
                    "outcome": -0.31261679774841844
                },
                "metadata": {
                    "trials": 1
                }
            }
        ],
        [
            {
                "query": {
                    "x": 0.5054838602626849
                },
                "metrics": {
                    "outcome": -0.10976693954629538
                },
                "metadata": {
                    "trials": 1
                }
            },
            {
                "query": {
                    "x": 0.7372802370227873
                },
                "metrics": {
                    "outcome": -0.6199750291052951
                },
                "metadata": {
                    "trials": 1
                }
            },
            {
                "query": {
                    "x": 0.6324343165304435
                },
                "metrics": {
                    "outcome": 0.6914932438264935
                },
                "metadata": {
                    "trials": 1
                }
            }
        ],
        [
            {
                "query": {
                    "x": 0.8385702408850193
                },
                "metrics": {
                    "outcome": 0.5589041093625832
                },
                "metadata": {
                    "trials": 1
                }
            },
            {
                "query": {
                    "x": 1.3254106723146384
                },
                "metrics": {
                    "outcome": -0.25895615329478544
                },
                "metadata": {
                    "trials": 1
                }
            },
            {
                "query": {
                    "x": 0.8933031463883561
                },
                "metrics": {
                    "outcome": 0.11702117589191756
                },
                "metadata": {
                    "trials": 1
                }
            }
        ],
        [
            {
                "query": {
                    "x": 0.9426043568885374
                },
                "metrics": {
                    "outcome": -0.5161813495253877
                },
                "metadata": {
                    "trials": 1
                }
            },
            {
                "query": {
                    "x": 1.030475845196482
                },
                "metrics": {
                    "outcome": 0.39676569003532586
                },
                "metadata": {
                    "trials": 1
                }
            },
            {
                "query": {
                    "x": 0.7743453508070326
                },
                "metrics": {
                    "outcome": -0.46328382017128233
                },
                "metadata": {
                    "trials": 1
                }
            }
        ],
        [
            {
                "query": {
                    "x": 1.6718313765729034
                },
                "metrics": {
                    "outcome": 0.435170032019637
                },
                "metadata": {
                    "trials": 1
                }
            },
            {
                "query": {
                    "x": 0.7806149345953548
                },
                "metrics": {
                    "outcome": -0.364091675512131
                },
                "metadata": {
                    "trials": 1
                }
            },
            {
                "query": {
                    "x": 2.0228150641908877
                },
                "metrics": {
                    "outcome": 1.256814460711293
                },
                "metadata": {
                    "trials": 1
                }
            }
        ],
        [
            {
                "query": {
                    "x": 0.7130627544147075
                },
                "metrics": {
                    "outcome": -0.2729697715487627
                },
                "metadata": {
                    "trials": 1
                }
            },
            {
                "query": {
                    "x": 1.5850955246039116
                },
                "metrics": {
                    "outcome": -0.025167475908923015
                },
                "metadata": {
                    "trials": 1
                }
            },
            {
                "query": {
                    "x": 0.737783515908458
                },
                "metrics": {
                    "outcome": -0.6236758283948935
                },
                "metadata": {
                    "trials": 1
                }
            }
        ],
        [
            {
                "query": {
                    "x": 2.0196062594150552
                },
                "metrics": {
                    "outcome": 1.223792917333724
                },
                "metadata": {
                    "trials": 1
                }
            },
            {
                "query": {
                    "x": 1.7231588972914713
                },
                "metrics": {
                    "outcome": 0.08051237159514679
                },
                "metadata": {
                    "trials": 1
                }
            },
            {
                "query": {
                    "x": 0.8049046185207791
                },
                "metrics": {
                    "outcome": 0.0967855939120329
                },
                "metadata": {
                    "trials": 1
                }
            }
        ],
        [
            {
                "query": {
                    "x": 1.0332048506857254
                },
                "metrics": {
                    "outcome": 0.41811779393667964
                },
                "metadata": {
                    "trials": 1
                }
            },
            {
                "query": {
                    "x": 1.7427840555989973
                },
                "metrics": {
                    "outcome": 0.02484711373863835
                },
                "metadata": {
                    "trials": 1
                }
            },
            {
                "query": {
                    "x": 1.8885464223237767
                },
                "metrics": {
                    "outcome": 0.7165560793111228
                },
                "metadata": {
                    "trials": 1
                }
            }
        ],
        [
            {
                "query": {
                    "x": 1.015990955086051
                },
                "metrics": {
                    "outcome": 0.23696312391144714
                },
                "metadata": {
                    "trials": 1
                }
            },
            {
                "query": {
                    "x": 1.4015828142873943
                },
                "metrics": {
                    "outcome": 0.043739381727744296
                },
                "metadata": {
                    "trials": 1
                }
            },
            {
                "query": {
                    "x": 1.4510275460573696
                },
                "metrics": {
                    "outcome": 0.38578594501781727
                },
                "metadata": {
                    "trials": 1
                }
            }
        ],
        [
            {
                "query": {
                    "x": 1.2657495952880247
                },
                "metrics": {
                    "outcome": 0.35263507507086017
                },
                "metadata": {
                    "trials": 1
                }
            },
            {
                "query": {
                    "x": 1.2003631572078592
                },
                "metrics": {
                    "outcome": 0.006363828173888284
                },
                "metadata": {
                    "trials": 1
                }
            },
            {
                "query": {
                    "x": 1.9894306107032569
                },
                "metrics": {
                    "outcome": 0.8764602798463501
                },
                "metadata": {
                    "trials": 1
                }
            }
        ],
        [
            {
                "query": {
                    "x": 1.174542174530878
                },
                "metrics": {
                    "outcome": -0.3043838752978561
                },
                "metadata": {
                    "trials": 1
                }
            },
            {
                "query": {
                    "x": 2.0853128934943745
                },
                "metrics": {
                    "outcome": 1.4942070439672805
                },
                "metadata": {
                    "trials": 1
                }
            },
            {
                "query": {
                    "x": 1.2494138690144867
                },
                "metrics": {
                    "outcome": 0.40398955149284904
                },
                "metadata": {
                    "trials": 1
                }
            }
        ],
        [
            {
                "query": {
                    "x": 0.6718799611373586
                },
                "metrics": {
                    "outcome": 0.5867770269628343
                },
                "metadata": {
                    "trials": 1
                }
            },
            {
                "query": {
                    "x": 1.7489706843594548
                },
                "metrics": {
                    "outcome": 0.028939873307344877
                },
                "metadata": {
                    "trials": 1
                }
            },
            {
                "query": {
                    "x": 0.731720120791267
                },
                "metrics": {
                    "outcome": -0.5685254264294383
                },
                "metadata": {
                    "trials": 1
                }
            }
        ],
        [
            {
                "query": {
                    "x": 1.1132701045504372
                },
                "metrics": {
                    "outcome": -0.181696547355891
                },
                "metadata": {
                    "trials": 1
                }
            },
            {
                "query": {
                    "x": 1.9505152786150575
                },
                "metrics": {
                    "outcome": 0.5599659037415832
                },
                "metadata": {
                    "trials": 1
                }
            },
            {
                "query": {
                    "x": 0.7372581189880033
                },
                "metrics": {
                    "outcome": -0.6198086769958588
                },
                "metadata": {
                    "trials": 1
                }
            }
        ],
        [
            {
                "query": {
                    "x": 0.9458460564608477
                },
                "metrics": {
                    "outcome": -0.5241237083455178
                },
                "metadata": {
                    "trials": 1
                }
            },
            {
                "query": {
                    "x": 1.8828169230520058
                },
                "metrics": {
                    "outcome": 0.7439041622378127
                },
                "metadata": {
                    "trials": 1
                }
            },
            {
                "query": {
                    "x": 1.6887185455588647
                },
                "metrics": {
                    "outcome": 0.32774566548324147
                },
                "metadata": {
                    "trials": 1
                }
            }
        ],
        [
            {
                "query": {
                    "x": 1.935348236002028
                },
                "metrics": {
                    "outcome": 0.5339464028437438
                },
                "metadata": {
                    "trials": 1
                }
            },
            {
                "query": {
                    "x": 1.203839253289646
                },
                "metrics": {
                    "outcome": 0.05170049937995961
                },
                "metadata": {
                    "trials": 1
                }
            },
            {
                "query": {
                    "x": 2.402831397234113
                },
                "metrics": {
                    "outcome": 3.8912570365693373
                },
                "metadata": {
                    "trials": 1
                }
            }
        ],
        [
            {
                "query": {
                    "x": 1.9355228678234713
                },
                "metrics": {
                    "outcome": 0.5339129847736337
                },
                "metadata": {
                    "trials": 1
                }
            },
            {
                "query": {
                    "x": 0.6189508521929383
                },
                "metrics": {
                    "outcome": 0.4741118371080959
                },
                "metadata": {
                    "trials": 1
                }
            },
            {
                "query": {
                    "x": 0.9017385318197095
                },
                "metrics": {
                    "outcome": -0.030176323786946603
                },
                "metadata": {
                    "trials": 1
                }
            }
        ],
        [
            {
                "query": {
                    "x": 0.8996795309269092
                },
                "metrics": {
                    "outcome": 0.005696426337216329
                },
                "metadata": {
                    "trials": 1
                }
            },
            {
                "query": {
                    "x": 1.9455423710080413
                },
                "metrics": {
                    "outcome": 0.5448442509495804
                },
                "metadata": {
                    "trials": 1
                }
            },
            {
                "query": {
                    "x": 1.4898833436891437
                },
                "metrics": {
                    "outcome": 0.1624672505906009
                },
                "metadata": {
                    "trials": 1
                }
            }
        ],
        [
            {
                "query": {
                    "x": 1.6313141668637177
                },
                "metrics": {
                    "outcome": 0.41403745286441695
                },
                "metadata": {
                    "trials": 1
                }
            },
            {
                "query": {
                    "x": 1.7340967028316803
                },
                "metrics": {
                    "outcome": 0.03732069331737431
                },
                "metadata": {
                    "trials": 1
                }
            },
            {
                "query": {
                    "x": 2.0731623435235975
                },
                "metrics": {
                    "outcome": 1.5064549480877731
                },
                "metadata": {
                    "trials": 1
                }
            }
        ],
        [
            {
                "query": {
                    "x": 0.7346165441962482
                },
                "metrics": {
                    "outcome": -0.5977168193886575
                },
                "metadata": {
                    "trials": 1
                }
            },
            {
                "query": {
                    "x": 1.4933203355954836
                },
                "metrics": {
                    "outcome": 0.128974123182454
                },
                "metadata": {
                    "trials": 1
                }
            },
            {
                "query": {
                    "x": 1.5648529035847314
                },
                "metrics": {
                    "outcome": -0.183562158172858
                },
                "metadata": {
                    "trials": 1
                }
            }
        ],
        [
            {
                "query": {
                    "x": 2.1488289371421136
                },
                "metrics": {
                    "outcome": 1.509365537676033
                },
                "metadata": {
                    "trials": 1
                }
            },
            {
                "query": {
                    "x": 2.0536270711208893
                },
                "metrics": {
                    "outcome": 1.47428137104749
                },
                "metadata": {
                    "trials": 1
                }
            },
            {
                "query": {
                    "x": 0.7696881531737745
                },
                "metrics": {
                    "outcome": -0.526450462127338
                },
                "metadata": {
                    "trials": 1
                }
            }
        ],
        [
            {
                "query": {
                    "x": 1.146535679708424
                },
                "metrics": {
                    "outcome": -0.43305501448473055
                },
                "metadata": {
                    "trials": 1
                }
            },
            {
                "query": {
                    "x": 1.7500579121775302
                },
                "metrics": {
                    "outcome": 0.030799629995463762
                },
                "metadata": {
                    "trials": 1
                }
            },
            {
                "query": {
                    "x": 2.048696327491543
                },
                "metrics": {
                    "outcome": 1.4533338096646382
                },
                "metadata": {
                    "trials": 1
                }
            }
        ],
        [
            {
                "query": {
                    "x": 1.2586329446489448
                },
                "metrics": {
                    "outcome": 0.38720986751194897
                },
                "metadata": {
                    "trials": 1
                }
            },
            {
                "query": {
                    "x": 1.0285065257921815
                },
                "metrics": {
                    "outcome": 0.37946280023399437
                },
                "metadata": {
                    "trials": 1
                }
            },
            {
                "query": {
                    "x": 1.2592200236395001
                },
                "metrics": {
                    "outcome": 0.3850452953344586
                },
                "metadata": {
                    "trials": 1
                }
            }
        ],
        [
            {
                "query": {
                    "x": 1.0468783980824474
                },
                "metrics": {
                    "outcome": 0.47532038968265045
                },
                "metadata": {
                    "trials": 1
                }
            },
            {
                "query": {
                    "x": 1.705221518595665
                },
                "metrics": {
                    "outcome": 0.19946091973773852
                },
                "metadata": {
                    "trials": 1
                }
            },
            {
                "query": {
                    "x": 1.908816558622523
                },
                "metrics": {
                    "outcome": 0.6105605681385392
                },
                "metadata": {
                    "trials": 1
                }
            }
        ],
        [
            {
                "query": {
                    "x": 1.9099883245480929
                },
                "metrics": {
                    "outcome": 0.6049107480398229
                },
                "metadata": {
                    "trials": 1
                }
            },
            {
                "query": {
                    "x": 0.7141799772539744
                },
                "metrics": {
                    "outcome": -0.2949928378150662
                },
                "metadata": {
                    "trials": 1
                }
            },
            {
                "query": {
                    "x": 1.5731656765556916
                },
                "metrics": {
                    "outcome": -0.12938628443534755
                },
                "metadata": {
                    "trials": 1
                }
            }
        ],
        [
            {
                "query": {
                    "x": 1.46483811311863
                },
                "metrics": {
                    "outcome": 0.35160375110405545
                },
                "metadata": {
                    "trials": 1
                }
            },
            {
                "query": {
                    "x": 0.9909543419595038
                },
                "metrics": {
                    "outcome": -0.14146375303971387
                },
                "metadata": {
                    "trials": 1
                }
            },
            {
                "query": {
                    "x": 0.6498369854869772
                },
                "metrics": {
                    "outcome": 0.7844478708335829
                },
                "metadata": {
                    "trials": 1
                }
            }
        ],
        [
            {
                "query": {
                    "x": 1.78513252881594
                },
                "metrics": {
                    "outcome": 0.25387114464882954
                },
                "metadata": {
                    "trials": 1
                }
            },
            {
                "query": {
                    "x": 1.0123245133217136
                },
                "metrics": {
                    "outcome": 0.18649369132938481
                },
                "metadata": {
                    "trials": 1
                }
            },
            {
                "query": {
                    "x": 1.5815337081439793
                },
                "metrics": {
                    "outcome": -0.0589262953502684
                },
                "metadata": {
                    "trials": 1
                }
            }
        ],
        [
            {
                "query": {
                    "x": 1.7823520887693989
                },
                "metrics": {
                    "outcome": 0.22695010228124704
                },
                "metadata": {
                    "trials": 1
                }
            },
            {
                "query": {
                    "x": 0.5220710494101904
                },
                "metrics": {
                    "outcome": -0.55994799796168
                },
                "metadata": {
                    "trials": 1
                }
            },
            {
                "query": {
                    "x": 0.9755313377280738
                },
                "metrics": {
                    "outcome": -0.35632108121149897
                },
                "metadata": {
                    "trials": 1
                }
            }
        ],
        [
            {
                "query": {
                    "x": 1.5917745839358506
                },
                "metrics": {
                    "outcome": 0.04236827778231403
                },
                "metadata": {
                    "trials": 1
                }
            },
            {
                "query": {
                    "x": 1.6185801969841123
                },
                "metrics": {
                    "outcome": 0.3166645801376241
                },
                "metadata": {
                    "trials": 1
                }
            },
            {
                "query": {
                    "x": 0.8778412439410516
                },
                "metrics": {
                    "outcome": 0.36547036942922656
                },
                "metadata": {
                    "trials": 1
                }
            }
        ],
        [
            {
                "query": {
                    "x": 0.5981033737771213
                },
                "metrics": {
                    "outcome": -0.023692543995026193
                },
                "metadata": {
                    "trials": 1
                }
            },
            {
                "query": {
                    "x": 2.1861632795232904
                },
                "metrics": {
                    "outcome": 1.8832844034814487
                },
                "metadata": {
                    "trials": 1
                }
            },
            {
                "query": {
                    "x": 0.5292056876497433
                },
                "metrics": {
                    "outcome": -0.7011469314209763
                },
                "metadata": {
                    "trials": 1
                }
            }
        ],
        [
            {
                "query": {
                    "x": 1.5504967938177288
                },
                "metrics": {
                    "outcome": -0.2306006981110068
                },
                "metadata": {
                    "trials": 1
                }
            },
            {
                "query": {
                    "x": 1.7926752411083642
                },
                "metrics": {
                    "outcome": 0.33118684071697546
                },
                "metadata": {
                    "trials": 1
                }
            },
            {
                "query": {
                    "x": 1.1921591495932429
                },
                "metrics": {
                    "outcome": -0.10090645589054999
                },
                "metadata": {
                    "trials": 1
                }
            }
        ],
        [
            {
                "query": {
                    "x": 0.8308836140592393
                },
                "metrics": {
                    "outcome": 0.49728935725553397
                },
                "metadata": {
                    "trials": 1
                }
            },
            {
                "query": {
                    "x": 1.1166298586249601
                },
                "metrics": {
                    "outcome": -0.2232543796830464
                },
                "metadata": {
                    "trials": 1
                }
            },
            {
                "query": {
                    "x": 2.1934393682943085
                },
                "metrics": {
                    "outcome": 1.981972471344997
                },
                "metadata": {
                    "trials": 1
                }
            }
        ]
    ]
}