{
    "date": "05/11/2022 12:09:32",
    "basic_params": {
        "active_variables": [
            "x1",
            "x2"
        ],
        "default_query": {},
        "metric": "basic",
        "n_trials": 1
    },
    "objective_function": {
        "name": "Beale",
        "params": {}
    },
    "optimizer": {
        "name": "BBO-LP(LCBa)",
        "params": {
            "lower_bound": [
                -4.5,
                -4.5
            ],
            "upper_bound": [
                4.5,
                4.5
            ],
            "invert_metric": false,
            "bopt_params": {
                "n_init_samples": 12,
                "n_iterations": 23,
                "n_iter_relearn": 5,
                "verbose_level": 0,
                "n_parallel_samples": 6,
                "par_type": "PAR_BBO",
                "crit_name": "cLP(cLCBa)",
                "n_crit_params": 3,
                "crit_params": [
                    6,
                    1,
                    5.0
                ]
            }
        }
    },
    "iterations": [
        [
            {
                "query": {
                    "x1": 2.4422398628666997,
                    "x2": 1.2192737329169177
                },
                "metrics": {
                    "outcome": 37.2146070845038
                },
                "metadata": {
                    "trials": 1
                }
            }
        ],
        [
            {
                "query": {
                    "x1": -1.3428918817662634,
                    "x2": 2.465180370665621
                },
                "metrics": {
                    "outcome": 281.91490032818507
                },
                "metadata": {
                    "trials": 1
                }
            }
        ],
        [
            {
                "query": {
                    "x1": 1.6603398823644966,
                    "x2": -0.6541444217436947
                },
                "metrics": {
                    "outcome": 3.4938613598074975
                },
                "metadata": {
                    "trials": 1
                }
            }
        ],
        [
            {
                "query": {
                    "x1": -0.5733788162469864,
                    "x2": -3.6489383640582673
                },
                "metrics": {
                    "outcome": 1004.9621076553286
                },
                "metadata": {
                    "trials": 1
                }
            }
        ],
        [
            {
                "query": {
                    "x1": 1.4203721463563852,
                    "x2": -2.9770494973054156
                },
                "metrics": {
                    "outcome": 1512.9164363046
                },
                "metadata": {
                    "trials": 1
                }
            }
        ],
        [
            {
                "query": {
                    "x1": 3.1405689226230606,
                    "x2": -4.257955916749779
                },
                "metrics": {
                    "outcome": 62396.28061805325
                },
                "metadata": {
                    "trials": 1
                }
            }
        ],
        [
            {
                "query": {
                    "x1": -2.3154865167452954,
                    "x2": 4.495230409142096
                },
                "metrics": {
                    "outcome": 44010.55337495931
                },
                "metadata": {
                    "trials": 1
                }
            }
        ],
        [
            {
                "query": {
                    "x1": 0.30809993273578584,
                    "x2": 3.621662412188016
                },
                "metrics": {
                    "outcome": 328.5157463799977
                },
                "metadata": {
                    "trials": 1
                }
            }
        ],
        [
            {
                "query": {
                    "x1": -3.0399409576202743,
                    "x2": 0.36751137842657045
                },
                "metrics": {
                    "outcome": 65.92784090685481
                },
                "metadata": {
                    "trials": 1
                }
            }
        ],
        [
            {
                "query": {
                    "x1": -1.6793710245983675,
                    "x2": 2.1160088726319373
                },
                "metrics": {
                    "outcome": 147.74335918157
                },
                "metadata": {
                    "trials": 1
                }
            }
        ],
        [
            {
                "query": {
                    "x1": -4.250323098851368,
                    "x2": -2.1901403215597384
                },
                "metrics": {
                    "outcome": 3074.665075154654
                },
                "metadata": {
                    "trials": 1
                }
            }
        ],
        [
            {
                "query": {
                    "x1": 3.957780888711568,
                    "x2": -1.1811133061419241
                },
                "metrics": {
                    "outcome": 127.09774116126388
                },
                "metadata": {
                    "trials": 1
                }
            }
        ],
        [
            {
                "query": {
                    "x1": -0.7781365282491266,
                    "x2": 1.8622575224719178
                },
                "metrics": {
                    "outcome": 3.4278279239472957
                },
                "metadata": {
                    "trials": 1
                }
            },
            {
                "query": {
                    "x1": -0.7781365282491266,
                    "x2": 1.8622575224719178
                },
                "metrics": {
                    "outcome": 3.4278279239472957
                },
                "metadata": {
                    "trials": 1
                }
            },
            {
                "query": {
                    "x1": -0.7781365282491266,
                    "x2": 1.8622575224719178
                },
                "metrics": {
                    "outcome": 3.4278279239472957
                },
                "metadata": {
                    "trials": 1
                }
            },
            {
                "query": {
                    "x1": -0.7781365282491266,
                    "x2": 1.8622575224719178
                },
                "metrics": {
                    "outcome": 3.4278279239472957
                },
                "metadata": {
                    "trials": 1
                }
            },
            {
                "query": {
                    "x1": -0.7781365282491266,
                    "x2": 1.8622575224719178
                },
                "metrics": {
                    "outcome": 3.4278279239472957
                },
                "metadata": {
                    "trials": 1
                }
            },
            {
                "query": {
                    "x1": -0.7781365282491266,
                    "x2": 1.8622575224719178
                },
                "metrics": {
                    "outcome": 3.4278279239472957
                },
                "metadata": {
                    "trials": 1
                }
            }
        ],
        [
            {
                "query": {
                    "x1": 0.9850124015953128,
                    "x2": -0.26049680792418783
                },
                "metrics": {
                    "outcome": 4.473288400964817
                },
                "metadata": {
                    "trials": 1
                }
            },
            {
                "query": {
                    "x1": 0.9849635639362697,
                    "x2": -0.260491107140985
                },
                "metrics": {
                    "outcome": 4.473601588794075
                },
                "metadata": {
                    "trials": 1
                }
            },
            {
                "query": {
                    "x1": 0.9850612887869916,
                    "x2": -0.2605022344086638
                },
                "metrics": {
                    "outcome": 4.472974855409213
                },
                "metadata": {
                    "trials": 1
                }
            },
            {
                "query": {
                    "x1": 0.9849161920622276,
                    "x2": -0.260485967205784
                },
                "metrics": {
                    "outcome": 4.4739054745887215
                },
                "metadata": {
                    "trials": 1
                }
            },
            {
                "query": {
                    "x1": 0.9850310674228657,
                    "x2": -0.2605399785281657
                },
                "metrics": {
                    "outcome": 4.473177201451216
                },
                "metadata": {
                    "trials": 1
                }
            },
            {
                "query": {
                    "x1": 0.984993941591787,
                    "x2": -0.26045356319455326
                },
                "metrics": {
                    "outcome": 4.473398271340385
                },
                "metadata": {
                    "trials": 1
                }
            }
        ],
        [
            {
                "query": {
                    "x1": 4.5,
                    "x2": 4.5
                },
                "metrics": {
                    "outcome": 174813.36328125
                },
                "metadata": {
                    "trials": 1
                }
            },
            {
                "query": {
                    "x1": 4.5,
                    "x2": 4.499949668400989
                },
                "metrics": {
                    "outcome": 174801.76062667236
                },
                "metadata": {
                    "trials": 1
                }
            },
            {
                "query": {
                    "x1": 4.5,
                    "x2": 4.499899337437672
                },
                "metrics": {
                    "outcome": 174790.15876097875
                },
                "metadata": {
                    "trials": 1
                }
            },
            {
                "query": {
                    "x1": 4.5,
                    "x2": 4.499849004179072
                },
                "metrics": {
                    "outcome": 174778.55700854864
                },
                "metadata": {
                    "trials": 1
                }
            },
            {
                "query": {
                    "x1": 4.5,
                    "x2": 4.499798671691822
                },
                "metrics": {
                    "outcome": 174766.9560762374
                },
                "metadata": {
                    "trials": 1
                }
            },
            {
                "query": {
                    "x1": 4.5,
                    "x2": 4.499748341441002
                },
                "metrics": {
                    "outcome": 174755.3563016395
                },
                "metadata": {
                    "trials": 1
                }
            }
        ],
        [
            {
                "query": {
                    "x1": -0.37408853314306345,
                    "x2": -0.06194309874188342
                },
                "metrics": {
                    "outcome": 19.472973316118058
                },
                "metadata": {
                    "trials": 1
                }
            },
            {
                "query": {
                    "x1": -0.374100846694434,
                    "x2": -0.06197491678318201
                },
                "metrics": {
                    "outcome": 19.473199406575624
                },
                "metadata": {
                    "trials": 1
                }
            },
            {
                "query": {
                    "x1": -0.3740786038803616,
                    "x2": -0.061910509481641895
                },
                "metrics": {
                    "outcome": 19.472782670354313
                },
                "metadata": {
                    "trials": 1
                }
            },
            {
                "query": {
                    "x1": -0.3740554499886448,
                    "x2": -0.06193557633946245
                },
                "metrics": {
                    "outcome": 19.472459608939122
                },
                "metadata": {
                    "trials": 1
                }
            },
            {
                "query": {
                    "x1": -0.37412186200954434,
                    "x2": -0.06194771931250109
                },
                "metrics": {
                    "outcome": 19.47348729121485
                },
                "metadata": {
                    "trials": 1
                }
            },
            {
                "query": {
                    "x1": -0.37404664881969474,
                    "x2": -0.06190085822229463
                },
                "metrics": {
                    "outcome": 19.472283617859325
                },
                "metadata": {
                    "trials": 1
                }
            }
        ],
        [
            {
                "query": {
                    "x1": 1.7516911302093172,
                    "x2": -0.22073679010694303
                },
                "metrics": {
                    "outcome": 1.4782710416888403
                },
                "metadata": {
                    "trials": 1
                }
            },
            {
                "query": {
                    "x1": 1.751699767540373,
                    "x2": -0.22075322179224077
                },
                "metrics": {
                    "outcome": 1.4783043852969058
                },
                "metadata": {
                    "trials": 1
                }
            },
            {
                "query": {
                    "x1": 1.7516929117827562,
                    "x2": -0.22077375295490764
                },
                "metrics": {
                    "outcome": 1.4783686246862708
                },
                "metadata": {
                    "trials": 1
                }
            },
            {
                "query": {
                    "x1": 1.751705524014577,
                    "x2": -0.22077801144182896
                },
                "metrics": {
                    "outcome": 1.4783639996595608
                },
                "metadata": {
                    "trials": 1
                }
            },
            {
                "query": {
                    "x1": 1.751695722121311,
                    "x2": -0.22079244264390852
                },
                "metrics": {
                    "outcome": 1.4784155280560916
                },
                "metadata": {
                    "trials": 1
                }
            },
            {
                "query": {
                    "x1": 1.7515664523982473,
                    "x2": -0.22088268876740536
                },
                "metrics": {
                    "outcome": 1.4788247301340918
                },
                "metadata": {
                    "trials": 1
                }
            }
        ],
        [
            {
                "query": {
                    "x1": 4.1272295455025745,
                    "x2": 3.0110268593376324
                },
                "metrics": {
                    "outcome": 13717.170245667126
                },
                "metadata": {
                    "trials": 1
                }
            },
            {
                "query": {
                    "x1": 4.125,
                    "x2": 2.999999999999999
                },
                "metrics": {
                    "outcome": 13410.140624999976
                },
                "metadata": {
                    "trials": 1
                }
            },
            {
                "query": {
                    "x1": 3.055777519810924,
                    "x2": 3.007275354544067
                },
                "metrics": {
                    "outcome": 7613.586634889433
                },
                "metadata": {
                    "trials": 1
                }
            },
            {
                "query": {
                    "x1": 2.980112193956706,
                    "x2": 3.019886950389246
                },
                "metrics": {
                    "outcome": 7433.969806082057
                },
                "metadata": {
                    "trials": 1
                }
            },
            {
                "query": {
                    "x1": 2.99925371018497,
                    "x2": 3.0027116798782263
                },
                "metrics": {
                    "outcome": 7280.406696401571
                },
                "metadata": {
                    "trials": 1
                }
            },
            {
                "query": {
                    "x1": 2.999999999999999,
                    "x2": 2.999999999999999
                },
                "metrics": {
                    "outcome": 7245.703124999982
                },
                "metadata": {
                    "trials": 1
                }
            }
        ],
        [
            {
                "query": {
                    "x1": 4.490277777777777,
                    "x2": 0.7777777777777795
                },
                "metrics": {
                    "outcome": 0.5400237295223045
                },
                "metadata": {
                    "trials": 1
                }
            },
            {
                "query": {
                    "x1": 4.486107794777672,
                    "x2": 0.7779139931778873
                },
                "metrics": {
                    "outcome": 0.5457034435030286
                },
                "metadata": {
                    "trials": 1
                }
            },
            {
                "query": {
                    "x1": 4.486111111111111,
                    "x2": 0.7777777777777795
                },
                "metrics": {
                    "outcome": 0.5436211538766479
                },
                "metadata": {
                    "trials": 1
                }
            },
            {
                "query": {
                    "x1": 4.444861111111111,
                    "x2": 0.7777777777777795
                },
                "metrics": {
                    "outcome": 0.580145806040921
                },
                "metadata": {
                    "trials": 1
                }
            },
            {
                "query": {
                    "x1": 4.444444444444445,
                    "x2": 0.7800277777777787
                },
                "metrics": {
                    "outcome": 0.6167307164509177
                },
                "metadata": {
                    "trials": 1
                }
            },
            {
                "query": {
                    "x1": 4.444444444444445,
                    "x2": 0.7778002777777795
                },
                "metrics": {
                    "outcome": 0.5808780765393092
                },
                "metadata": {
                    "trials": 1
                }
            }
        ],
        [
            {
                "query": {
                    "x1": 4.4998431214216374,
                    "x2": 0.7091828047818254
                },
                "metrics": {
                    "outcome": 0.10962037623549264
                },
                "metadata": {
                    "trials": 1
                }
            },
            {
                "query": {
                    "x1": 4.499843120680296,
                    "x2": 0.7091798172134425
                },
                "metrics": {
                    "outcome": 0.1096256715131188
                },
                "metadata": {
                    "trials": 1
                }
            },
            {
                "query": {
                    "x1": 4.499843121023453,
                    "x2": 0.7091778265004951
                },
                "metrics": {
                    "outcome": 0.10962920112459895
                },
                "metadata": {
                    "trials": 1
                }
            },
            {
                "query": {
                    "x1": 4.499842445622614,
                    "x2": 0.709184782377628
                },
                "metrics": {
                    "outcome": 0.10961672150771559
                },
                "metadata": {
                    "trials": 1
                }
            },
            {
                "query": {
                    "x1": 4.499842437981524,
                    "x2": 0.7091881218893334
                },
                "metrics": {
                    "outcome": 0.10961080409180293
                },
                "metadata": {
                    "trials": 1
                }
            },
            {
                "query": {
                    "x1": 4.499842438364455,
                    "x2": 0.7091863694623202
                },
                "metrics": {
                    "outcome": 0.10961390819689593
                },
                "metadata": {
                    "trials": 1
                }
            }
        ],
        [
            {
                "query": {
                    "x1": 2.2150277097658337,
                    "x2": 0.7015231086808642
                },
                "metrics": {
                    "outcome": 3.3493776760287304
                },
                "metadata": {
                    "trials": 1
                }
            },
            {
                "query": {
                    "x1": 2.3433653672833836,
                    "x2": 0.6877476439459809
                },
                "metrics": {
                    "outcome": 2.7103609780613356
                },
                "metadata": {
                    "trials": 1
                }
            },
            {
                "query": {
                    "x1": 2.3576251070075562,
                    "x2": 0.6862170367532165
                },
                "metrics": {
                    "outcome": 2.6423359899470107
                },
                "metadata": {
                    "trials": 1
                }
            },
            {
                "query": {
                    "x1": 2.4860378447230547,
                    "x2": 0.6819617059039933
                },
                "metrics": {
                    "outcome": 2.2099815666187057
                },
                "metadata": {
                    "trials": 1
                }
            },
            {
                "query": {
                    "x1": 2.5002995867148687,
                    "x2": 0.6806141673775787
                },
                "metrics": {
                    "outcome": 2.149932787950802
                },
                "metadata": {
                    "trials": 1
                }
            },
            {
                "query": {
                    "x1": 2.5558587430720188,
                    "x2": 0.67929556448951
                },
                "metrics": {
                    "outcome": 1.9832890147021212
                },
                "metadata": {
                    "trials": 1
                }
            }
        ],
        [
            {
                "query": {
                    "x1": -4.498593382766168,
                    "x2": 4.021011433859854
                },
                "metrics": {
                    "outcome": 85923.5541623236
                },
                "metadata": {
                    "trials": 1
                }
            },
            {
                "query": {
                    "x1": -4.49866311218728,
                    "x2": 4.020994553335168
                },
                "metrics": {
                    "outcome": 85924.06164379902
                },
                "metadata": {
                    "trials": 1
                }
            },
            {
                "query": {
                    "x1": -4.498656868603941,
                    "x2": 4.021697864989211
                },
                "metrics": {
                    "outcome": 86014.8786680759
                },
                "metadata": {
                    "trials": 1
                }
            },
            {
                "query": {
                    "x1": -4.49865657211078,
                    "x2": 4.021728291975645
                },
                "metrics": {
                    "outcome": 86018.80840237816
                },
                "metadata": {
                    "trials": 1
                }
            },
            {
                "query": {
                    "x1": -4.499079976093317,
                    "x2": 4.01726142075643
                },
                "metrics": {
                    "outcome": 85458.06678871257
                },
                "metadata": {
                    "trials": 1
                }
            },
            {
                "query": {
                    "x1": -4.499044067780104,
                    "x2": 4.016691890207948
                },
                "metrics": {
                    "outcome": 85383.33800618563
                },
                "metadata": {
                    "trials": 1
                }
            }
        ],
        [
            {
                "query": {
                    "x1": 4.5,
                    "x2": 0.6100203973346616
                },
                "metrics": {
                    "outcome": 1.1245403963570397
                },
                "metadata": {
                    "trials": 1
                }
            },
            {
                "query": {
                    "x1": 4.5,
                    "x2": 0.6100270323772907
                },
                "metrics": {
                    "outcome": 1.1244263560185963
                },
                "metadata": {
                    "trials": 1
                }
            },
            {
                "query": {
                    "x1": 4.5,
                    "x2": 0.610033530723971
                },
                "metrics": {
                    "outcome": 1.124314669966076
                },
                "metadata": {
                    "trials": 1
                }
            },
            {
                "query": {
                    "x1": 4.5,
                    "x2": 0.610039965833634
                },
                "metrics": {
                    "outcome": 1.124204075452049
                },
                "metadata": {
                    "trials": 1
                }
            },
            {
                "query": {
                    "x1": 4.5,
                    "x2": 0.6100463540598478
                },
                "metrics": {
                    "outcome": 1.124094291302462
                },
                "metadata": {
                    "trials": 1
                }
            },
            {
                "query": {
                    "x1": 4.5,
                    "x2": 0.6100527084386762
                },
                "metrics": {
                    "outcome": 1.1239850934003657
                },
                "metadata": {
                    "trials": 1
                }
            }
        ],
        [
            {
                "query": {
                    "x1": 4.5,
                    "x2": 0.6637334800518433
                },
                "metrics": {
                    "outcome": 0.38445453449281175
                },
                "metadata": {
                    "trials": 1
                }
            },
            {
                "query": {
                    "x1": 4.5,
                    "x2": 0.6637305442733492
                },
                "metrics": {
                    "outcome": 0.38448379530352317
                },
                "metadata": {
                    "trials": 1
                }
            },
            {
                "query": {
                    "x1": 4.5,
                    "x2": 0.6637276576724975
                },
                "metrics": {
                    "outcome": 0.38451256728786565
                },
                "metadata": {
                    "trials": 1
                }
            },
            {
                "query": {
                    "x1": 4.5,
                    "x2": 0.6637364152792387
                },
                "metrics": {
                    "outcome": 0.3844252805341224
                },
                "metadata": {
                    "trials": 1
                }
            },
            {
                "query": {
                    "x1": 4.5,
                    "x2": 0.6637392974736445
                },
                "metrics": {
                    "outcome": 0.3843965564515127
                },
                "metadata": {
                    "trials": 1
                }
            },
            {
                "query": {
                    "x1": 4.5,
                    "x2": 0.6637421520306663
                },
                "metrics": {
                    "outcome": 0.38436810909604646
                },
                "metadata": {
                    "trials": 1
                }
            }
        ],
        [
            {
                "query": {
                    "x1": 4.5,
                    "x2": 0.7325320240879574
                },
                "metrics": {
                    "outcome": 0.12624690260934013
                },
                "metadata": {
                    "trials": 1
                }
            },
            {
                "query": {
                    "x1": 4.5,
                    "x2": 0.7325302973849324
                },
                "metrics": {
                    "outcome": 0.12624120216152696
                },
                "metadata": {
                    "trials": 1
                }
            },
            {
                "query": {
                    "x1": 4.5,
                    "x2": 0.7325349302663735
                },
                "metrics": {
                    "outcome": 0.126256498472147
                },
                "metadata": {
                    "trials": 1
                }
            },
            {
                "query": {
                    "x1": 4.5,
                    "x2": 0.7325334768246581
                },
                "metrics": {
                    "outcome": 0.12625169913276943
                },
                "metadata": {
                    "trials": 1
                }
            },
            {
                "query": {
                    "x1": 4.5,
                    "x2": 0.7325286134768279
                },
                "metrics": {
                    "outcome": 0.1262356436584071
                },
                "metadata": {
                    "trials": 1
                }
            },
            {
                "query": {
                    "x1": 4.5,
                    "x2": 0.7325269934090217
                },
                "metrics": {
                    "outcome": 0.1262302965077987
                },
                "metadata": {
                    "trials": 1
                }
            }
        ],
        [
            {
                "query": {
                    "x1": 3.931624557286643,
                    "x2": 0.6835030015625279
                },
                "metrics": {
                    "outcome": 0.09204654118743802
                },
                "metadata": {
                    "trials": 1
                }
            },
            {
                "query": {
                    "x1": 3.93162852377802,
                    "x2": 0.6835031188456018
                },
                "metrics": {
                    "outcome": 0.09204588517606142
                },
                "metadata": {
                    "trials": 1
                }
            },
            {
                "query": {
                    "x1": 3.931633058751876,
                    "x2": 0.6835032532964291
                },
                "metrics": {
                    "outcome": 0.0920451362790316
                },
                "metadata": {
                    "trials": 1
                }
            },
            {
                "query": {
                    "x1": 3.9316364028545774,
                    "x2": 0.68350342554296
                },
                "metrics": {
                    "outcome": 0.0920448116606988
                },
                "metadata": {
                    "trials": 1
                }
            },
            {
                "query": {
                    "x1": 3.9316265845171188,
                    "x2": 0.6835017557861693
                },
                "metrics": {
                    "outcome": 0.09204214046848272
                },
                "metadata": {
                    "trials": 1
                }
            },
            {
                "query": {
                    "x1": 3.9316390839551083,
                    "x2": 0.6835034802174889
                },
                "metrics": {
                    "outcome": 0.09204429166647078
                },
                "metadata": {
                    "trials": 1
                }
            }
        ],
        [
            {
                "query": {
                    "x1": 3.8327668726943553,
                    "x2": 0.657290437528232
                },
                "metrics": {
                    "outcome": 0.054368070995259296
                },
                "metadata": {
                    "trials": 1
                }
            },
            {
                "query": {
                    "x1": 3.8901347870330785,
                    "x2": 0.6582899301483378
                },
                "metrics": {
                    "outcome": 0.05537340900274962
                },
                "metadata": {
                    "trials": 1
                }
            },
            {
                "query": {
                    "x1": 3.831625803560767,
                    "x2": 0.6572802921487124
                },
                "metrics": {
                    "outcome": 0.05440472911770161
                },
                "metadata": {
                    "trials": 1
                }
            },
            {
                "query": {
                    "x1": 3.836518779906866,
                    "x2": 0.6573009821017477
                },
                "metrics": {
                    "outcome": 0.05424151529983458
                },
                "metadata": {
                    "trials": 1
                }
            },
            {
                "query": {
                    "x1": 3.843896663509401,
                    "x2": 0.6572693855133167
                },
                "metrics": {
                    "outcome": 0.054024964226605375
                },
                "metadata": {
                    "trials": 1
                }
            },
            {
                "query": {
                    "x1": 3.880862032680886,
                    "x2": 0.6555587436971733
                },
                "metrics": {
                    "outcome": 0.05443097389290866
                },
                "metadata": {
                    "trials": 1
                }
            }
        ],
        [
            {
                "query": {
                    "x1": 4.165994696168921,
                    "x2": 0.7103102198751756
                },
                "metrics": {
                    "outcome": 0.12280748727385134
                },
                "metadata": {
                    "trials": 1
                }
            },
            {
                "query": {
                    "x1": 4.165998084549274,
                    "x2": 0.7103103840648197
                },
                "metrics": {
                    "outcome": 0.12280715917169611
                },
                "metadata": {
                    "trials": 1
                }
            },
            {
                "query": {
                    "x1": 4.165986978887425,
                    "x2": 0.7103099373054045
                },
                "metrics": {
                    "outcome": 0.12280860358712384
                },
                "metadata": {
                    "trials": 1
                }
            },
            {
                "query": {
                    "x1": 4.165990768360521,
                    "x2": 0.710310045250897
                },
                "metrics": {
                    "outcome": 0.12280793103077675
                },
                "metadata": {
                    "trials": 1
                }
            },
            {
                "query": {
                    "x1": 4.165988616015067,
                    "x2": 0.7103101140168269
                },
                "metrics": {
                    "outcome": 0.12280883829296706
                },
                "metadata": {
                    "trials": 1
                }
            },
            {
                "query": {
                    "x1": 4.165984259277765,
                    "x2": 0.7103099831089894
                },
                "metrics": {
                    "outcome": 0.1228095840676478
                },
                "metadata": {
                    "trials": 1
                }
            }
        ],
        [
            {
                "query": {
                    "x1": 3.7957106631576316,
                    "x2": 0.6447072632815471
                },
                "metrics": {
                    "outcome": 0.047531249856457514
                },
                "metadata": {
                    "trials": 1
                }
            },
            {
                "query": {
                    "x1": 3.7598327720689007,
                    "x2": 0.6437510003710614
                },
                "metrics": {
                    "outcome": 0.045480323642569195
                },
                "metadata": {
                    "trials": 1
                }
            },
            {
                "query": {
                    "x1": 3.74528918201403,
                    "x2": 0.643865451110071
                },
                "metrics": {
                    "outcome": 0.045445784040095166
                },
                "metadata": {
                    "trials": 1
                }
            },
            {
                "query": {
                    "x1": 3.7896727510256536,
                    "x2": 0.6449204395935499
                },
                "metrics": {
                    "outcome": 0.04710971870464926
                },
                "metadata": {
                    "trials": 1
                }
            },
            {
                "query": {
                    "x1": 3.7506866759055235,
                    "x2": 0.6436459476460028
                },
                "metrics": {
                    "outcome": 0.04530042337406213
                },
                "metadata": {
                    "trials": 1
                }
            },
            {
                "query": {
                    "x1": 3.769937715103298,
                    "x2": 0.6431286711552238
                },
                "metrics": {
                    "outcome": 0.04565026543666836
                },
                "metadata": {
                    "trials": 1
                }
            }
        ],
        [
            {
                "query": {
                    "x1": 3.657846085670185,
                    "x2": 0.6327122935712399
                },
                "metrics": {
                    "outcome": 0.03899799687624059
                },
                "metadata": {
                    "trials": 1
                }
            },
            {
                "query": {
                    "x1": 3.667356177051307,
                    "x2": 0.6329479155085913
                },
                "metrics": {
                    "outcome": 0.03900893185564626
                },
                "metadata": {
                    "trials": 1
                }
            },
            {
                "query": {
                    "x1": 3.714204643045985,
                    "x2": 0.6335511414563797
                },
                "metrics": {
                    "outcome": 0.04094557813638493
                },
                "metadata": {
                    "trials": 1
                }
            },
            {
                "query": {
                    "x1": 3.6511717389434004,
                    "x2": 0.6325776909626812
                },
                "metrics": {
                    "outcome": 0.03909345618026059
                },
                "metadata": {
                    "trials": 1
                }
            },
            {
                "query": {
                    "x1": 3.6558804168777606,
                    "x2": 0.6322054772076786
                },
                "metrics": {
                    "outcome": 0.03867632806983338
                },
                "metadata": {
                    "trials": 1
                }
            },
            {
                "query": {
                    "x1": 3.6693600568963767,
                    "x2": 0.6325186477340399
                },
                "metrics": {
                    "outcome": 0.0387549918738492
                },
                "metadata": {
                    "trials": 1
                }
            }
        ],
        [
            {
                "query": {
                    "x1": 3.587437905133278,
                    "x2": 0.6207384092716204
                },
                "metrics": {
                    "outcome": 0.032348876171682035
                },
                "metadata": {
                    "trials": 1
                }
            },
            {
                "query": {
                    "x1": 3.582346929077156,
                    "x2": 0.6211993845906525
                },
                "metrics": {
                    "outcome": 0.03267810295042668
                },
                "metadata": {
                    "trials": 1
                }
            },
            {
                "query": {
                    "x1": 3.5885248989112597,
                    "x2": 0.6212374370521063
                },
                "metrics": {
                    "outcome": 0.03261886381368583
                },
                "metadata": {
                    "trials": 1
                }
            },
            {
                "query": {
                    "x1": 3.593592101201647,
                    "x2": 0.6215295224071307
                },
                "metrics": {
                    "outcome": 0.03276107607713158
                },
                "metadata": {
                    "trials": 1
                }
            },
            {
                "query": {
                    "x1": 3.5812830016145494,
                    "x2": 0.6211872592443823
                },
                "metrics": {
                    "outcome": 0.03269239074286351
                },
                "metadata": {
                    "trials": 1
                }
            },
            {
                "query": {
                    "x1": 3.5999152937263244,
                    "x2": 0.6216070214922809
                },
                "metrics": {
                    "outcome": 0.03283935303317292
                },
                "metadata": {
                    "trials": 1
                }
            }
        ],
        [
            {
                "query": {
                    "x1": 3.5010067988013525,
                    "x2": 0.62216163540384
                },
                "metrics": {
                    "outcome": 0.04332812018149615
                },
                "metadata": {
                    "trials": 1
                }
            },
            {
                "query": {
                    "x1": 3.5518333272109572,
                    "x2": 0.6065198696464797
                },
                "metrics": {
                    "outcome": 0.028564556616850763
                },
                "metadata": {
                    "trials": 1
                }
            },
            {
                "query": {
                    "x1": 3.5179376590731675,
                    "x2": 0.6059091233367928
                },
                "metrics": {
                    "outcome": 0.0256503128686252
                },
                "metadata": {
                    "trials": 1
                }
            },
            {
                "query": {
                    "x1": 3.5457053468897026,
                    "x2": 0.6061578287732061
                },
                "metrics": {
                    "outcome": 0.02793664985581399
                },
                "metadata": {
                    "trials": 1
                }
            },
            {
                "query": {
                    "x1": 3.4928329368841657,
                    "x2": 0.6058590393057139
                },
                "metrics": {
                    "outcome": 0.025044755807050033
                },
                "metadata": {
                    "trials": 1
                }
            },
            {
                "query": {
                    "x1": 3.4988366500377186,
                    "x2": 0.6060759076354163
                },
                "metrics": {
                    "outcome": 0.02514564616162071
                },
                "metadata": {
                    "trials": 1
                }
            }
        ],
        [
            {
                "query": {
                    "x1": 3.4836867621797722,
                    "x2": 0.584941010182801
                },
                "metrics": {
                    "outcome": 0.030732412382223327
                },
                "metadata": {
                    "trials": 1
                }
            },
            {
                "query": {
                    "x1": 3.481668183904393,
                    "x2": 0.5854602887969982
                },
                "metrics": {
                    "outcome": 0.029640859266198222
                },
                "metadata": {
                    "trials": 1
                }
            },
            {
                "query": {
                    "x1": 3.485810418907487,
                    "x2": 0.5853937307498311
                },
                "metrics": {
                    "outcome": 0.030795922983994656
                },
                "metadata": {
                    "trials": 1
                }
            },
            {
                "query": {
                    "x1": 3.47889728174494,
                    "x2": 0.585452728748205
                },
                "metrics": {
                    "outcome": 0.028949058927269497
                },
                "metadata": {
                    "trials": 1
                }
            },
            {
                "query": {
                    "x1": 3.4754923740561834,
                    "x2": 0.585379167442527
                },
                "metrics": {
                    "outcome": 0.028186268696111887
                },
                "metadata": {
                    "trials": 1
                }
            },
            {
                "query": {
                    "x1": 3.476445088868541,
                    "x2": 0.5859348799135562
                },
                "metrics": {
                    "outcome": 0.027884965238979004
                },
                "metadata": {
                    "trials": 1
                }
            }
        ],
        [
            {
                "query": {
                    "x1": 4.5,
                    "x2": 0.5079737602096586
                },
                "metrics": {
                    "outcome": 3.3471484693570837
                },
                "metadata": {
                    "trials": 1
                }
            },
            {
                "query": {
                    "x1": 4.5,
                    "x2": 0.5079826968022925
                },
                "metrics": {
                    "outcome": 3.34692204919251
                },
                "metadata": {
                    "trials": 1
                }
            },
            {
                "query": {
                    "x1": 4.5,
                    "x2": 0.5079917506982436
                },
                "metrics": {
                    "outcome": 3.346692661208783
                },
                "metadata": {
                    "trials": 1
                }
            },
            {
                "query": {
                    "x1": 4.5,
                    "x2": 0.508000532143825
                },
                "metrics": {
                    "outcome": 3.3464701800326138
                },
                "metadata": {
                    "trials": 1
                }
            },
            {
                "query": {
                    "x1": 4.5,
                    "x2": 0.5080092664788021
                },
                "metrics": {
                    "outcome": 3.346248896378296
                },
                "metadata": {
                    "trials": 1
                }
            },
            {
                "query": {
                    "x1": 4.5,
                    "x2": 0.5080624617461584
                },
                "metrics": {
                    "outcome": 3.3449012839098335
                },
                "metadata": {
                    "trials": 1
                }
            }
        ],
        [
            {
                "query": {
                    "x1": 3.4052749231699275,
                    "x2": 0.5929142727465369
                },
                "metrics": {
                    "outcome": 0.019660806440018348
                },
                "metadata": {
                    "trials": 1
                }
            },
            {
                "query": {
                    "x1": 3.4012695330652436,
                    "x2": 0.5929684474652088
                },
                "metrics": {
                    "outcome": 0.019857522321693147
                },
                "metadata": {
                    "trials": 1
                }
            },
            {
                "query": {
                    "x1": 3.4185524959912446,
                    "x2": 0.5932767996159303
                },
                "metrics": {
                    "outcome": 0.019565832893939372
                },
                "metadata": {
                    "trials": 1
                }
            },
            {
                "query": {
                    "x1": 3.4285625559565167,
                    "x2": 0.5934609234768367
                },
                "metrics": {
                    "outcome": 0.019666953854995513
                },
                "metadata": {
                    "trials": 1
                }
            },
            {
                "query": {
                    "x1": 3.398371898753937,
                    "x2": 0.5923354848727262
                },
                "metrics": {
                    "outcome": 0.01957079781527008
                },
                "metadata": {
                    "trials": 1
                }
            },
            {
                "query": {
                    "x1": 3.4388143090662213,
                    "x2": 0.5937719576112803
                },
                "metrics": {
                    "outcome": 0.019998622400668513
                },
                "metadata": {
                    "trials": 1
                }
            }
        ]
    ],
    "best_results": [
        {
            "query": {
                "x1": 3.4185524959912446,
                "x2": 0.5932767996159303
            },
            "metrics": [
                {
                    "name": "outcome",
                    "value": 0.019565832893939372
                }
            ]
        }
    ]
}