{
    "date": "09/11/2022 18:32:51",
    "basic_params": {
        "active_variables": [
            "x"
        ],
        "default_query": {},
        "metric": "basic",
        "n_trials": 1
    },
    "objective_function": {
        "name": "Forrester",
        "params": {}
    },
    "optimizer": {
        "name": "BO-MCMC-2500",
        "params": {
            "lower_bound": [
                0.0
            ],
            "upper_bound": [
                1.0
            ],
            "invert_metric": false,
            "bopt_params": {
                "n_init_samples": 15,
                "n_iterations": 45,
                "n_iter_relearn": 5,
                "verbose_level": 0,
                "n_parallel_samples": 3,
                "par_type": "PAR_MCMC",
                "l_type": "L_MCMC",
                "burnout_mcmc_parallel": 2500,
                "crit_name": "cEI"
            }
        }
    },
    "execution_time": 161.03751850128174,
    "best_results": [
        {
            "query": {
                "x": 0.757248520205692
            },
            "metrics": [
                {
                    "name": "outcome",
                    "value": -6.020740055736928
                }
            ]
        }
    ],
    "iterations": [
        [
            {
                "query": {
                    "x": 0.30478045175162455
                },
                "metrics": {
                    "outcome": -0.009860580712592902
                },
                "metadata": {
                    "trials": 1
                }
            }
        ],
        [
            {
                "query": {
                    "x": 0.7748822901863605
                },
                "metrics": {
                    "outcome": -5.846973511959748
                },
                "metadata": {
                    "trials": 1
                }
            }
        ],
        [
            {
                "query": {
                    "x": 0.9713921964013328
                },
                "metrics": {
                    "outcome": 14.372018476381847
                },
                "metadata": {
                    "trials": 1
                }
            }
        ],
        [
            {
                "query": {
                    "x": 0.6484863636860003
                },
                "metrics": {
                    "outcome": -2.1360139294474423
                },
                "metadata": {
                    "trials": 1
                }
            }
        ],
        [
            {
                "query": {
                    "x": 0.26020020864283044
                },
                "metrics": {
                    "outcome": -0.14810624301375083
                },
                "metadata": {
                    "trials": 1
                }
            }
        ],
        [
            {
                "query": {
                    "x": 0.36018878081813455
                },
                "metrics": {
                    "outcome": 0.008223135696011153
                },
                "metadata": {
                    "trials": 1
                }
            }
        ],
        [
            {
                "query": {
                    "x": 0.5468546075435976
                },
                "metrics": {
                    "outcome": 0.8985552191379962
                },
                "metadata": {
                    "trials": 1
                }
            }
        ],
        [
            {
                "query": {
                    "x": 0.15784331617566447
                },
                "metrics": {
                    "outcome": -0.9537176684254082
                },
                "metadata": {
                    "trials": 1
                }
            }
        ],
        [
            {
                "query": {
                    "x": 0.9214638174511492
                },
                "metrics": {
                    "outcome": 8.707567792292355
                },
                "metadata": {
                    "trials": 1
                }
            }
        ],
        [
            {
                "query": {
                    "x": 0.5023587141185999
                },
                "metrics": {
                    "outcome": 0.9227292266153798
                },
                "metadata": {
                    "trials": 1
                }
            }
        ],
        [
            {
                "query": {
                    "x": 0.026289066253229975
                },
                "metrics": {
                    "outcome": 1.7534946365591333
                },
                "metadata": {
                    "trials": 1
                }
            }
        ],
        [
            {
                "query": {
                    "x": 0.11600773601482312
                },
                "metrics": {
                    "outcome": -0.8649566420774756
                },
                "metadata": {
                    "trials": 1
                }
            }
        ],
        [
            {
                "query": {
                    "x": 0.419278209671999
                },
                "metrics": {
                    "outcome": 0.22815151108103585
                },
                "metadata": {
                    "trials": 1
                }
            }
        ],
        [
            {
                "query": {
                    "x": 0.8338184455875307
                },
                "metrics": {
                    "outcome": -2.4691761444540083
                },
                "metadata": {
                    "trials": 1
                }
            }
        ],
        [
            {
                "query": {
                    "x": 0.7259312038154652
                },
                "metrics": {
                    "outcome": -5.548787072161187
                },
                "metadata": {
                    "trials": 1
                }
            }
        ],
        [
            {
                "query": {
                    "x": 0.756700564416372
                },
                "metrics": {
                    "outcome": -6.020579830180106
                },
                "metadata": {
                    "trials": 1
                }
            },
            {
                "query": {
                    "x": 0.7553494789793254
                },
                "metrics": {
                    "outcome": -6.018824265958421
                },
                "metadata": {
                    "trials": 1
                }
            },
            {
                "query": {
                    "x": 0.7503875085041497
                },
                "metrics": {
                    "outcome": -5.996105296733543
                },
                "metadata": {
                    "trials": 1
                }
            }
        ],
        [
            {
                "query": {
                    "x": 0.7587830124330885
                },
                "metrics": {
                    "outcome": -6.019477582163541
                },
                "metadata": {
                    "trials": 1
                }
            },
            {
                "query": {
                    "x": 0.7597265861262231
                },
                "metrics": {
                    "outcome": -6.017438548393836
                },
                "metadata": {
                    "trials": 1
                }
            },
            {
                "query": {
                    "x": 0.759257690677277
                },
                "metrics": {
                    "outcome": -6.018572678726702
                },
                "metadata": {
                    "trials": 1
                }
            }
        ],
        [
            {
                "query": {
                    "x": 0.757578722027795
                },
                "metrics": {
                    "outcome": -6.020681860754976
                },
                "metadata": {
                    "trials": 1
                }
            },
            {
                "query": {
                    "x": 0.7573989671871416
                },
                "metrics": {
                    "outcome": -6.020728001960986
                },
                "metadata": {
                    "trials": 1
                }
            },
            {
                "query": {
                    "x": 0.7572954477498011
                },
                "metrics": {
                    "outcome": -6.020738891511396
                },
                "metadata": {
                    "trials": 1
                }
            }
        ],
        [
            {
                "query": {
                    "x": 0.757188769680694
                },
                "metrics": {
                    "outcome": -6.020738134439507
                },
                "metadata": {
                    "trials": 1
                }
            },
            {
                "query": {
                    "x": 0.7579300881204822
                },
                "metrics": {
                    "outcome": -6.020491685296596
                },
                "metadata": {
                    "trials": 1
                }
            },
            {
                "query": {
                    "x": 0.756920246563343
                },
                "metrics": {
                    "outcome": -6.020682480240985
                },
                "metadata": {
                    "trials": 1
                }
            }
        ],
        [
            {
                "query": {
                    "x": 0.7581673185789484
                },
                "metrics": {
                    "outcome": -6.02028831283329
                },
                "metadata": {
                    "trials": 1
                }
            },
            {
                "query": {
                    "x": 0.7566785050761744
                },
                "metrics": {
                    "outcome": -6.020566686718615
                },
                "metadata": {
                    "trials": 1
                }
            },
            {
                "query": {
                    "x": 0.7569642074992214
                },
                "metrics": {
                    "outcome": -6.020696853140688
                },
                "metadata": {
                    "trials": 1
                }
            }
        ],
        [
            {
                "query": {
                    "x": 0.7579397213034439
                },
                "metrics": {
                    "outcome": -6.020484605372495
                },
                "metadata": {
                    "trials": 1
                }
            },
            {
                "query": {
                    "x": 0.7566393536585442
                },
                "metrics": {
                    "outcome": -6.020542085999381
                },
                "metadata": {
                    "trials": 1
                }
            },
            {
                "query": {
                    "x": 0.7575219245961866
                },
                "metrics": {
                    "outcome": -6.020700177361663
                },
                "metadata": {
                    "trials": 1
                }
            }
        ],
        [
            {
                "query": {
                    "x": 0.7568439571678519
                },
                "metrics": {
                    "outcome": -6.0206526530314735
                },
                "metadata": {
                    "trials": 1
                }
            },
            {
                "query": {
                    "x": 0.7571479428052592
                },
                "metrics": {
                    "outcome": -6.020734629884675
                },
                "metadata": {
                    "trials": 1
                }
            },
            {
                "query": {
                    "x": 0.757711036506359
                },
                "metrics": {
                    "outcome": -6.020625788224856
                },
                "metadata": {
                    "trials": 1
                }
            }
        ],
        [
            {
                "query": {
                    "x": 0.7569380988604749
                },
                "metrics": {
                    "outcome": -6.020688565239621
                },
                "metadata": {
                    "trials": 1
                }
            },
            {
                "query": {
                    "x": 0.7580050620582873
                },
                "metrics": {
                    "outcome": -6.020433951289772
                },
                "metadata": {
                    "trials": 1
                }
            },
            {
                "query": {
                    "x": 0.7568026228335142
                },
                "metrics": {
                    "outcome": -6.020633904838518
                },
                "metadata": {
                    "trials": 1
                }
            }
        ],
        [
            {
                "query": {
                    "x": 0.7571616154831116
                },
                "metrics": {
                    "outcome": -6.020736001659107
                },
                "metadata": {
                    "trials": 1
                }
            },
            {
                "query": {
                    "x": 0.7574489468589418
                },
                "metrics": {
                    "outcome": -6.020718643013523
                },
                "metadata": {
                    "trials": 1
                }
            },
            {
                "query": {
                    "x": 0.7579704694228844
                },
                "metrics": {
                    "outcome": -6.020461340010356
                },
                "metadata": {
                    "trials": 1
                }
            }
        ],
        [
            {
                "query": {
                    "x": 0.7569494306993269
                },
                "metrics": {
                    "outcome": -6.020692251597241
                },
                "metadata": {
                    "trials": 1
                }
            },
            {
                "query": {
                    "x": 0.7566960074872986
                },
                "metrics": {
                    "outcome": -6.020577157444114
                },
                "metadata": {
                    "trials": 1
                }
            },
            {
                "query": {
                    "x": 0.7572668966423757
                },
                "metrics": {
                    "outcome": -6.020739880062073
                },
                "metadata": {
                    "trials": 1
                }
            }
        ],
        [
            {
                "query": {
                    "x": 0.7572785492875322
                },
                "metrics": {
                    "outcome": -6.020739581782094
                },
                "metadata": {
                    "trials": 1
                }
            },
            {
                "query": {
                    "x": 0.7575682607988733
                },
                "metrics": {
                    "outcome": -6.020685493925783
                },
                "metadata": {
                    "trials": 1
                }
            },
            {
                "query": {
                    "x": 0.7572060725776498
                },
                "metrics": {
                    "outcome": -6.020739082913041
                },
                "metadata": {
                    "trials": 1
                }
            }
        ],
        [
            {
                "query": {
                    "x": 0.7573252746774453
                },
                "metrics": {
                    "outcome": -6.020736928584641
                },
                "metadata": {
                    "trials": 1
                }
            },
            {
                "query": {
                    "x": 0.7579500837472755
                },
                "metrics": {
                    "outcome": -6.020476878179182
                },
                "metadata": {
                    "trials": 1
                }
            },
            {
                "query": {
                    "x": 0.7566784742542393
                },
                "metrics": {
                    "outcome": -6.020566667992372
                },
                "metadata": {
                    "trials": 1
                }
            }
        ],
        [
            {
                "query": {
                    "x": 0.7566995011622034
                },
                "metrics": {
                    "outcome": -6.020579208533161
                },
                "metadata": {
                    "trials": 1
                }
            },
            {
                "query": {
                    "x": 0.7573614050609362
                },
                "metrics": {
                    "outcome": -6.020733277403979
                },
                "metadata": {
                    "trials": 1
                }
            },
            {
                "query": {
                    "x": 0.757524676691316
                },
                "metrics": {
                    "outcome": -6.020699369463484
                },
                "metadata": {
                    "trials": 1
                }
            }
        ],
        [
            {
                "query": {
                    "x": 0.7557424795371281
                },
                "metrics": {
                    "outcome": -6.019533698262505
                },
                "metadata": {
                    "trials": 1
                }
            },
            {
                "query": {
                    "x": 0.7567354828132111
                },
                "metrics": {
                    "outcome": -6.020599577884375
                },
                "metadata": {
                    "trials": 1
                }
            },
            {
                "query": {
                    "x": 0.7571134815192256
                },
                "metrics": {
                    "outcome": -6.020730287430098
                },
                "metadata": {
                    "trials": 1
                }
            }
        ],
        [
            {
                "query": {
                    "x": 0.757248520205692
                },
                "metrics": {
                    "outcome": -6.020740055736928
                },
                "metadata": {
                    "trials": 1
                }
            },
            {
                "query": {
                    "x": 0.7576317963095578
                },
                "metrics": {
                    "outcome": -6.020661622128864
                },
                "metadata": {
                    "trials": 1
                }
            },
            {
                "query": {
                    "x": 0.7565719058037793
                },
                "metrics": {
                    "outcome": -6.020495886244042
                },
                "metadata": {
                    "trials": 1
                }
            }
        ],
        [
            {
                "query": {
                    "x": 0.7576791125486406
                },
                "metrics": {
                    "outcome": -6.020641034384306
                },
                "metadata": {
                    "trials": 1
                }
            },
            {
                "query": {
                    "x": 0.756668700265832
                },
                "metrics": {
                    "outcome": -6.0205606787638395
                },
                "metadata": {
                    "trials": 1
                }
            },
            {
                "query": {
                    "x": 0.7567240245024205
                },
                "metrics": {
                    "outcome": -6.020593240662095
                },
                "metadata": {
                    "trials": 1
                }
            }
        ],
        [
            {
                "query": {
                    "x": 0.7572134121651729
                },
                "metrics": {
                    "outcome": -6.020739388693984
                },
                "metadata": {
                    "trials": 1
                }
            },
            {
                "query": {
                    "x": 0.7572477826673472
                },
                "metrics": {
                    "outcome": -6.020740055259265
                },
                "metadata": {
                    "trials": 1
                }
            },
            {
                "query": {
                    "x": 0.7574183742546733
                },
                "metrics": {
                    "outcome": -6.020724685195549
                },
                "metadata": {
                    "trials": 1
                }
            }
        ],
        [
            {
                "query": {
                    "x": 0.7572592708944492
                },
                "metrics": {
                    "outcome": -6.020739996744902
                },
                "metadata": {
                    "trials": 1
                }
            },
            {
                "query": {
                    "x": 0.7575702058170181
                },
                "metrics": {
                    "outcome": -6.020684827293334
                },
                "metadata": {
                    "trials": 1
                }
            },
            {
                "query": {
                    "x": 0.7572883849550166
                },
                "metrics": {
                    "outcome": -6.020739217121493
                },
                "metadata": {
                    "trials": 1
                }
            }
        ],
        [
            {
                "query": {
                    "x": 0.7571872803779337
                },
                "metrics": {
                    "outcome": -6.020738037863739
                },
                "metadata": {
                    "trials": 1
                }
            },
            {
                "query": {
                    "x": 0.7569351957602736
                },
                "metrics": {
                    "outcome": -6.0206875988230815
                },
                "metadata": {
                    "trials": 1
                }
            },
            {
                "query": {
                    "x": 0.7568939248328784
                },
                "metrics": {
                    "outcome": -6.020672889272425
                },
                "metadata": {
                    "trials": 1
                }
            }
        ],
        [
            {
                "query": {
                    "x": 0.7575559966764904
                },
                "metrics": {
                    "outcome": -6.020689604004002
                },
                "metadata": {
                    "trials": 1
                }
            },
            {
                "query": {
                    "x": 0.7575362730842509
                },
                "metrics": {
                    "outcome": -6.020695876190662
                },
                "metadata": {
                    "trials": 1
                }
            },
            {
                "query": {
                    "x": 0.7574127970717943
                },
                "metrics": {
                    "outcome": -6.020725679609556
                },
                "metadata": {
                    "trials": 1
                }
            }
        ],
        [
            {
                "query": {
                    "x": 0.7571795223235839
                },
                "metrics": {
                    "outcome": -6.020737496493221
                },
                "metadata": {
                    "trials": 1
                }
            },
            {
                "query": {
                    "x": 0.7573660913086574
                },
                "metrics": {
                    "outcome": -6.020732701600261
                },
                "metadata": {
                    "trials": 1
                }
            },
            {
                "query": {
                    "x": 0.7571814004953699
                },
                "metrics": {
                    "outcome": -6.02073763344922
                },
                "metadata": {
                    "trials": 1
                }
            }
        ],
        [
            {
                "query": {
                    "x": 0.7575613034546568
                },
                "metrics": {
                    "outcome": -6.020687845310832
                },
                "metadata": {
                    "trials": 1
                }
            },
            {
                "query": {
                    "x": 0.7566922355796011
                },
                "metrics": {
                    "outcome": -6.020574928443396
                },
                "metadata": {
                    "trials": 1
                }
            },
            {
                "query": {
                    "x": 0.757395175893913
                },
                "metrics": {
                    "outcome": -6.020728602883135
                },
                "metadata": {
                    "trials": 1
                }
            }
        ],
        [
            {
                "query": {
                    "x": 0.7576514723735038
                },
                "metrics": {
                    "outcome": -6.02065335230787
                },
                "metadata": {
                    "trials": 1
                }
            },
            {
                "query": {
                    "x": 0.7571766976529039
                },
                "metrics": {
                    "outcome": -6.020737283429189
                },
                "metadata": {
                    "trials": 1
                }
            },
            {
                "query": {
                    "x": 0.7575074433837634
                },
                "metrics": {
                    "outcome": -6.020704294858557
                },
                "metadata": {
                    "trials": 1
                }
            }
        ],
        [
            {
                "query": {
                    "x": 0.7574482347822818
                },
                "metrics": {
                    "outcome": -6.020718795116897
                },
                "metadata": {
                    "trials": 1
                }
            },
            {
                "query": {
                    "x": 0.7575820339788969
                },
                "metrics": {
                    "outcome": -6.020680686091574
                },
                "metadata": {
                    "trials": 1
                }
            },
            {
                "query": {
                    "x": 0.7574723887463216
                },
                "metrics": {
                    "outcome": -6.020713332804327
                },
                "metadata": {
                    "trials": 1
                }
            }
        ],
        [
            {
                "query": {
                    "x": 0.7573401472809322
                },
                "metrics": {
                    "outcome": -6.020735594588307
                },
                "metadata": {
                    "trials": 1
                }
            },
            {
                "query": {
                    "x": 0.7573703960825383
                },
                "metrics": {
                    "outcome": -6.020732151979648
                },
                "metadata": {
                    "trials": 1
                }
            },
            {
                "query": {
                    "x": 0.7570190094348239
                },
                "metrics": {
                    "outcome": -6.0207118871878835
                },
                "metadata": {
                    "trials": 1
                }
            }
        ],
        [
            {
                "query": {
                    "x": 0.7571922112983692
                },
                "metrics": {
                    "outcome": -6.020738348558033
                },
                "metadata": {
                    "trials": 1
                }
            },
            {
                "query": {
                    "x": 0.7579271426076915
                },
                "metrics": {
                    "outcome": -6.020493830205993
                },
                "metadata": {
                    "trials": 1
                }
            },
            {
                "query": {
                    "x": 0.7570203584532442
                },
                "metrics": {
                    "outcome": -6.02071221690549
                },
                "metadata": {
                    "trials": 1
                }
            }
        ],
        [
            {
                "query": {
                    "x": 0.7569481334207566
                },
                "metrics": {
                    "outcome": -6.020691836513262
                },
                "metadata": {
                    "trials": 1
                }
            },
            {
                "query": {
                    "x": 0.7575772577551477
                },
                "metrics": {
                    "outcome": -6.020682376349428
                },
                "metadata": {
                    "trials": 1
                }
            },
            {
                "query": {
                    "x": 0.7566971708348242
                },
                "metrics": {
                    "outcome": -6.020577841870457
                },
                "metadata": {
                    "trials": 1
                }
            }
        ],
        [
            {
                "query": {
                    "x": 0.7568277081462841
                },
                "metrics": {
                    "outcome": -6.0206454997672685
                },
                "metadata": {
                    "trials": 1
                }
            },
            {
                "query": {
                    "x": 0.7573626396698613
                },
                "metrics": {
                    "outcome": -6.020733127984251
                },
                "metadata": {
                    "trials": 1
                }
            },
            {
                "query": {
                    "x": 0.7570859255254875
                },
                "metrics": {
                    "outcome": -6.020725903562289
                },
                "metadata": {
                    "trials": 1
                }
            }
        ],
        [
            {
                "query": {
                    "x": 0.7575328911484462
                },
                "metrics": {
                    "outcome": -6.020696909828622
                },
                "metadata": {
                    "trials": 1
                }
            },
            {
                "query": {
                    "x": 0.7573894336699739
                },
                "metrics": {
                    "outcome": -6.020729483759236
                },
                "metadata": {
                    "trials": 1
                }
            },
            {
                "query": {
                    "x": 0.7571990302448233
                },
                "metrics": {
                    "outcome": -6.020738735450834
                },
                "metadata": {
                    "trials": 1
                }
            }
        ],
        [
            {
                "query": {
                    "x": 0.7571659053536605
                },
                "metrics": {
                    "outcome": -6.0207363909431635
                },
                "metadata": {
                    "trials": 1
                }
            },
            {
                "query": {
                    "x": 0.7571340063075345
                },
                "metrics": {
                    "outcome": -6.020733026347127
                },
                "metadata": {
                    "trials": 1
                }
            },
            {
                "query": {
                    "x": 0.7572728090842129
                },
                "metrics": {
                    "outcome": -6.020739746844712
                },
                "metadata": {
                    "trials": 1
                }
            }
        ],
        [
            {
                "query": {
                    "x": 0.75665879227586
                },
                "metrics": {
                    "outcome": -6.020554503806077
                },
                "metadata": {
                    "trials": 1
                }
            },
            {
                "query": {
                    "x": 0.7571445494397429
                },
                "metrics": {
                    "outcome": -6.020734258530519
                },
                "metadata": {
                    "trials": 1
                }
            },
            {
                "query": {
                    "x": 0.7572256868926865
                },
                "metrics": {
                    "outcome": -6.020739771552115
                },
                "metadata": {
                    "trials": 1
                }
            }
        ],
        [
            {
                "query": {
                    "x": 0.7570265213366562
                },
                "metrics": {
                    "outcome": -6.020713698520467
                },
                "metadata": {
                    "trials": 1
                }
            },
            {
                "query": {
                    "x": 0.7571170119454381
                },
                "metrics": {
                    "outcome": -6.020730790549466
                },
                "metadata": {
                    "trials": 1
                }
            },
            {
                "query": {
                    "x": 0.7563041897769509
                },
                "metrics": {
                    "outcome": -6.020264899648106
                },
                "metadata": {
                    "trials": 1
                }
            }
        ],
        [
            {
                "query": {
                    "x": 0.7581257828220933
                },
                "metrics": {
                    "outcome": -6.020328291517321
                },
                "metadata": {
                    "trials": 1
                }
            },
            {
                "query": {
                    "x": 0.7576305740732415
                },
                "metrics": {
                    "outcome": -6.020662122147883
                },
                "metadata": {
                    "trials": 1
                }
            },
            {
                "query": {
                    "x": 0.7564736406555221
                },
                "metrics": {
                    "outcome": -6.020419933295136
                },
                "metadata": {
                    "trials": 1
                }
            }
        ],
        [
            {
                "query": {
                    "x": 0.7570598721402758
                },
                "metrics": {
                    "outcome": -6.020721013933303
                },
                "metadata": {
                    "trials": 1
                }
            },
            {
                "query": {
                    "x": 0.756937251854734
                },
                "metrics": {
                    "outcome": -6.020688284206351
                },
                "metadata": {
                    "trials": 1
                }
            },
            {
                "query": {
                    "x": 0.7574494872445211
                },
                "metrics": {
                    "outcome": -6.0207185272222405
                },
                "metadata": {
                    "trials": 1
                }
            }
        ],
        [
            {
                "query": {
                    "x": 0.7570306078675112
                },
                "metrics": {
                    "outcome": -6.020714658636992
                },
                "metadata": {
                    "trials": 1
                }
            },
            {
                "query": {
                    "x": 0.757138994853425
                },
                "metrics": {
                    "outcome": -6.020733624145061
                },
                "metadata": {
                    "trials": 1
                }
            },
            {
                "query": {
                    "x": 0.757465371083782
                },
                "metrics": {
                    "outcome": -6.020714984152264
                },
                "metadata": {
                    "trials": 1
                }
            }
        ],
        [
            {
                "query": {
                    "x": 0.756862543948438
                },
                "metrics": {
                    "outcome": -6.020660490879244
                },
                "metadata": {
                    "trials": 1
                }
            },
            {
                "query": {
                    "x": 0.7571170563792979
                },
                "metrics": {
                    "outcome": -6.020730796796987
                },
                "metadata": {
                    "trials": 1
                }
            },
            {
                "query": {
                    "x": 0.7572605649729585
                },
                "metrics": {
                    "outcome": -6.020739981319955
                },
                "metadata": {
                    "trials": 1
                }
            }
        ],
        [
            {
                "query": {
                    "x": 0.7571055306204149
                },
                "metrics": {
                    "outcome": -6.020729105660762
                },
                "metadata": {
                    "trials": 1
                }
            },
            {
                "query": {
                    "x": 0.7579114533193722
                },
                "metrics": {
                    "outcome": -6.02050509805652
                },
                "metadata": {
                    "trials": 1
                }
            },
            {
                "query": {
                    "x": 0.7571026201258874
                },
                "metrics": {
                    "outcome": -6.020728656203484
                },
                "metadata": {
                    "trials": 1
                }
            }
        ],
        [
            {
                "query": {
                    "x": 0.7563000607536726
                },
                "metrics": {
                    "outcome": -6.020260742131931
                },
                "metadata": {
                    "trials": 1
                }
            },
            {
                "query": {
                    "x": 0.7573666894657057
                },
                "metrics": {
                    "outcome": -6.020732626414528
                },
                "metadata": {
                    "trials": 1
                }
            },
            {
                "query": {
                    "x": 0.7568403899378259
                },
                "metrics": {
                    "outcome": -6.020651106711654
                },
                "metadata": {
                    "trials": 1
                }
            }
        ],
        [
            {
                "query": {
                    "x": 0.7568670609542311
                },
                "metrics": {
                    "outcome": -6.020662340110718
                },
                "metadata": {
                    "trials": 1
                }
            },
            {
                "query": {
                    "x": 0.7565614108831162
                },
                "metrics": {
                    "outcome": -6.020488263190524
                },
                "metadata": {
                    "trials": 1
                }
            },
            {
                "query": {
                    "x": 0.7572017599135951
                },
                "metrics": {
                    "outcome": -6.0207388764140495
                },
                "metadata": {
                    "trials": 1
                }
            }
        ],
        [
            {
                "query": {
                    "x": 0.7573919077437578
                },
                "metrics": {
                    "outcome": -6.020729108551207
                },
                "metadata": {
                    "trials": 1
                }
            },
            {
                "query": {
                    "x": 0.7571292010741565
                },
                "metrics": {
                    "outcome": -6.020732425409967
                },
                "metadata": {
                    "trials": 1
                }
            },
            {
                "query": {
                    "x": 0.7567350615032279
                },
                "metrics": {
                    "outcome": -6.020599347343502
                },
                "metadata": {
                    "trials": 1
                }
            }
        ],
        [
            {
                "query": {
                    "x": 0.7573362900642306
                },
                "metrics": {
                    "outcome": -6.020735963266543
                },
                "metadata": {
                    "trials": 1
                }
            },
            {
                "query": {
                    "x": 0.7574962336923
                },
                "metrics": {
                    "outcome": -6.020707328024679
                },
                "metadata": {
                    "trials": 1
                }
            },
            {
                "query": {
                    "x": 0.7573158000475448
                },
                "metrics": {
                    "outcome": -6.02073765514338
                },
                "metadata": {
                    "trials": 1
                }
            }
        ],
        [
            {
                "query": {
                    "x": 0.7570889156904044
                },
                "metrics": {
                    "outcome": -6.020726418440466
                },
                "metadata": {
                    "trials": 1
                }
            },
            {
                "query": {
                    "x": 0.7572612241069904
                },
                "metrics": {
                    "outcome": -6.020739972775754
                },
                "metadata": {
                    "trials": 1
                }
            },
            {
                "query": {
                    "x": 0.7571148025373343
                },
                "metrics": {
                    "outcome": -6.020730477244562
                },
                "metadata": {
                    "trials": 1
                }
            }
        ],
        [
            {
                "query": {
                    "x": 0.7571721845174534
                },
                "metrics": {
                    "outcome": -6.020736925331414
                },
                "metadata": {
                    "trials": 1
                }
            },
            {
                "query": {
                    "x": 0.7573487654690136
                },
                "metrics": {
                    "outcome": -6.020734713390435
                },
                "metadata": {
                    "trials": 1
                }
            },
            {
                "query": {
                    "x": 0.7570789222996046
                },
                "metrics": {
                    "outcome": -6.020724660352605
                },
                "metadata": {
                    "trials": 1
                }
            }
        ],
        [
            {
                "query": {
                    "x": 0.7579417628523608
                },
                "metrics": {
                    "outcome": -6.020483092130439
                },
                "metadata": {
                    "trials": 1
                }
            },
            {
                "query": {
                    "x": 0.7570768493247181
                },
                "metrics": {
                    "outcome": -6.020724282326301
                },
                "metadata": {
                    "trials": 1
                }
            },
            {
                "query": {
                    "x": 0.7575375357489873
                },
                "metrics": {
                    "outcome": -6.020695487136756
                },
                "metadata": {
                    "trials": 1
                }
            }
        ],
        [
            {
                "query": {
                    "x": 0.7572449290716124
                },
                "metrics": {
                    "outcome": -6.020740047938945
                },
                "metadata": {
                    "trials": 1
                }
            },
            {
                "query": {
                    "x": 0.7571214000708933
                },
                "metrics": {
                    "outcome": -6.020731397364662
                },
                "metadata": {
                    "trials": 1
                }
            },
            {
                "query": {
                    "x": 0.7574195386446587
                },
                "metrics": {
                    "outcome": -6.0207244733864815
                },
                "metadata": {
                    "trials": 1
                }
            }
        ]
    ]
}