{
    "date": "04/11/2022 13:59:13",
    "basic_params": {
        "active_variables": [
            "x1",
            "x2"
        ],
        "default_query": {},
        "metric": "basic",
        "n_trials": 1
    },
    "objective_function": {
        "name": "Branin",
        "params": {}
    },
    "optimizer": {
        "name": "BBO-LP(LCBa)",
        "params": {
            "lower_bound": [
                -5.0,
                0.0
            ],
            "upper_bound": [
                10.0,
                15.0
            ],
            "invert_metric": false,
            "bopt_params": {
                "n_init_samples": 15,
                "n_iterations": 45,
                "n_iter_relearn": 5,
                "verbose_level": 1,
                "n_parallel_samples": 3,
                "par_type": "PAR_BBO",
                "crit_name": "cLP(cLCBa)",
                "n_crit_params": 3,
                "crit_params": [
                    3,
                    1,
                    5.0
                ]
            }
        }
    },
    "iterations": [
        [
            {
                "query": {
                    "x1": 8.344381296308711,
                    "x2": 5.854093059198931
                },
                "metrics": {
                    "outcome": 22.614222841624716
                },
                "metadata": {
                    "trials": 1
                }
            }
        ],
        [
            {
                "query": {
                    "x1": 7.68013821891509,
                    "x2": 7.8491518846713
                },
                "metrics": {
                    "outcome": 53.29671988217967
                },
                "metadata": {
                    "trials": 1
                }
            }
        ],
        [
            {
                "query": {
                    "x1": 2.1841993753332645,
                    "x2": 12.825981244910508
                },
                "metrics": {
                    "outcome": 98.28991552274627
                },
                "metadata": {
                    "trials": 1
                }
            }
        ],
        [
            {
                "query": {
                    "x1": 9.227464615134522,
                    "x2": 9.0230720017571
                },
                "metrics": {
                    "outcome": 45.601327800820115
                },
                "metadata": {
                    "trials": 1
                }
            }
        ],
        [
            {
                "query": {
                    "x1": 5.3904606672003865,
                    "x2": 4.769746312871575
                },
                "metrics": {
                    "outcome": 28.94885396227616
                },
                "metadata": {
                    "trials": 1
                }
            }
        ],
        [
            {
                "query": {
                    "x1": 1.7195153802167624,
                    "x2": 0.526491486467421
                },
                "metrics": {
                    "outcome": 18.304022952323486
                },
                "metadata": {
                    "trials": 1
                }
            }
        ],
        [
            {
                "query": {
                    "x1": 6.088041091570631,
                    "x2": 10.313461761688814
                },
                "metrics": {
                    "outcome": 104.33155097955483
                },
                "metadata": {
                    "trials": 1
                }
            }
        ],
        [
            {
                "query": {
                    "x1": 0.882142422022298,
                    "x2": 14.095441276673228
                },
                "metrics": {
                    "outcome": 104.441192337115
                },
                "metadata": {
                    "trials": 1
                }
            }
        ],
        [
            {
                "query": {
                    "x1": -0.9865569050889462,
                    "x2": 2.284455761546269
                },
                "metrics": {
                    "outcome": 44.57979638311054
                },
                "metadata": {
                    "trials": 1
                }
            }
        ],
        [
            {
                "query": {
                    "x1": -1.8984258819837123,
                    "x2": 1.7631532796658576
                },
                "metrics": {
                    "outcome": 66.5681967439465
                },
                "metadata": {
                    "trials": 1
                }
            }
        ],
        [
            {
                "query": {
                    "x1": -2.8842303685378283,
                    "x2": 13.690692086005583
                },
                "metrics": {
                    "outcome": 4.817347968179716
                },
                "metadata": {
                    "trials": 1
                }
            }
        ],
        [
            {
                "query": {
                    "x1": 3.9694524144288152,
                    "x2": 11.423665338894352
                },
                "metrics": {
                    "outcome": 97.70605559465716
                },
                "metadata": {
                    "trials": 1
                }
            }
        ],
        [
            {
                "query": {
                    "x1": 4.852284443797544,
                    "x2": 8.880125065566972
                },
                "metrics": {
                    "outcome": 68.5102020871887
                },
                "metadata": {
                    "trials": 1
                }
            }
        ],
        [
            {
                "query": {
                    "x1": -3.473717303480953,
                    "x2": 6.3025452280417085
                },
                "metrics": {
                    "outcome": 46.95722041859889
                },
                "metadata": {
                    "trials": 1
                }
            }
        ],
        [
            {
                "query": {
                    "x1": -4.285397418774664,
                    "x2": 3.299165063071996
                },
                "metrics": {
                    "outcome": 147.48312123289574
                },
                "metadata": {
                    "trials": 1
                }
            }
        ],
        [
            {
                "query": {
                    "x1": -4.9113798161820625,
                    "x2": 13.597311880430482
                },
                "metrics": {
                    "outcome": 23.023945147266602
                },
                "metadata": {
                    "trials": 1
                }
            },
            {
                "query": {
                    "x1": -4.9113798161820625,
                    "x2": 13.597311880430482
                },
                "metrics": {
                    "outcome": 23.023945147266602
                },
                "metadata": {
                    "trials": 1
                }
            },
            {
                "query": {
                    "x1": -4.9113798161820625,
                    "x2": 13.597311880430482
                },
                "metrics": {
                    "outcome": 23.023945147266602
                },
                "metadata": {
                    "trials": 1
                }
            }
        ],
        [
            {
                "query": {
                    "x1": 10.0,
                    "x2": 0.0
                },
                "metrics": {
                    "outcome": 10.960889035651505
                },
                "metadata": {
                    "trials": 1
                }
            },
            {
                "query": {
                    "x1": 9.997106239141829,
                    "x2": 0.0
                },
                "metrics": {
                    "outcome": 10.928578149352807
                },
                "metadata": {
                    "trials": 1
                }
            },
            {
                "query": {
                    "x1": 10.0,
                    "x2": 0.006850916893502864
                },
                "metrics": {
                    "outcome": 10.919789958439626
                },
                "metadata": {
                    "trials": 1
                }
            }
        ],
        [
            {
                "query": {
                    "x1": 7.317777787361555,
                    "x2": 0.36037854533634767
                },
                "metrics": {
                    "outcome": 15.73510358531755
                },
                "metadata": {
                    "trials": 1
                }
            },
            {
                "query": {
                    "x1": 7.286425477109686,
                    "x2": 0.3240822791095839
                },
                "metrics": {
                    "outcome": 16.041445443446253
                },
                "metadata": {
                    "trials": 1
                }
            },
            {
                "query": {
                    "x1": 7.349356934793519,
                    "x2": 0.39599828056557757
                },
                "metrics": {
                    "outcome": 15.425265419956565
                },
                "metadata": {
                    "trials": 1
                }
            }
        ],
        [
            {
                "query": {
                    "x1": 10.0,
                    "x2": 2.731508888231258
                },
                "metrics": {
                    "outcome": 2.016824525938131
                },
                "metadata": {
                    "trials": 1
                }
            },
            {
                "query": {
                    "x1": 10.0,
                    "x2": 2.8068254627456226
                },
                "metrics": {
                    "outcome": 1.9816080879297626
                },
                "metadata": {
                    "trials": 1
                }
            },
            {
                "query": {
                    "x1": 10.0,
                    "x2": 2.6563926855380706
                },
                "metrics": {
                    "outcome": 2.0632472133033106
                },
                "metadata": {
                    "trials": 1
                }
            }
        ],
        [
            {
                "query": {
                    "x1": 10.0,
                    "x2": 3.5480372820824915
                },
                "metrics": {
                    "outcome": 2.2402536071873316
                },
                "metadata": {
                    "trials": 1
                }
            },
            {
                "query": {
                    "x1": 10.0,
                    "x2": 3.499967742902971
                },
                "metrics": {
                    "outcome": 2.1901607338782787
                },
                "metadata": {
                    "trials": 1
                }
            },
            {
                "query": {
                    "x1": 10.0,
                    "x2": 3.5959213895758126
                },
                "metrics": {
                    "outcome": 2.294747898385693
                },
                "metadata": {
                    "trials": 1
                }
            }
        ],
        [
            {
                "query": {
                    "x1": 9.230768064773157,
                    "x2": 2.4423639027000457
                },
                "metrics": {
                    "outcome": 0.5939467799741962
                },
                "metadata": {
                    "trials": 1
                }
            },
            {
                "query": {
                    "x1": 9.24136307407122,
                    "x2": 2.5011965928895425
                },
                "metrics": {
                    "outcome": 0.5901227261963289
                },
                "metadata": {
                    "trials": 1
                }
            },
            {
                "query": {
                    "x1": 9.2209404824385,
                    "x2": 2.3834038409499336
                },
                "metrics": {
                    "outcome": 0.6023017690185828
                },
                "metadata": {
                    "trials": 1
                }
            }
        ],
        [
            {
                "query": {
                    "x1": 8.975223972210161,
                    "x2": 2.532427551363513
                },
                "metrics": {
                    "outcome": 1.5204766543344181
                },
                "metadata": {
                    "trials": 1
                }
            },
            {
                "query": {
                    "x1": 8.970929458812208,
                    "x2": 2.4957447431345448
                },
                "metrics": {
                    "outcome": 1.5120467197194056
                },
                "metadata": {
                    "trials": 1
                }
            },
            {
                "query": {
                    "x1": 8.980063621350872,
                    "x2": 2.5690745737599423
                },
                "metrics": {
                    "outcome": 1.528677107260739
                },
                "metadata": {
                    "trials": 1
                }
            }
        ],
        [
            {
                "query": {
                    "x1": 9.444549696731789,
                    "x2": 2.4334712348473593
                },
                "metrics": {
                    "outcome": 0.4031580278280078
                },
                "metadata": {
                    "trials": 1
                }
            },
            {
                "query": {
                    "x1": 9.44640922924791,
                    "x2": 2.445827701029492
                },
                "metrics": {
                    "outcome": 0.40238801340476726
                },
                "metadata": {
                    "trials": 1
                }
            },
            {
                "query": {
                    "x1": 9.442711839775702,
                    "x2": 2.421125320322818
                },
                "metrics": {
                    "outcome": 0.40419850259870493
                },
                "metadata": {
                    "trials": 1
                }
            }
        ],
        [
            {
                "query": {
                    "x1": 9.444361337379743,
                    "x2": 2.6103320775489043
                },
                "metrics": {
                    "outcome": 0.4138333241029013
                },
                "metadata": {
                    "trials": 1
                }
            },
            {
                "query": {
                    "x1": 9.4463169738668,
                    "x2": 2.620459779209426
                },
                "metrics": {
                    "outcome": 0.41630240784071937
                },
                "metadata": {
                    "trials": 1
                }
            },
            {
                "query": {
                    "x1": 9.44231124235133,
                    "x2": 2.6002053546678403
                },
                "metrics": {
                    "outcome": 0.4115460908594475
                },
                "metadata": {
                    "trials": 1
                }
            }
        ],
        [
            {
                "query": {
                    "x1": 9.4032941495682,
                    "x2": 2.4746407214058586
                },
                "metrics": {
                    "outcome": 0.40041662131453926
                },
                "metadata": {
                    "trials": 1
                }
            },
            {
                "query": {
                    "x1": 9.40227359017854,
                    "x2": 2.470123323079066
                },
                "metrics": {
                    "outcome": 0.40051587861535154
                },
                "metadata": {
                    "trials": 1
                }
            },
            {
                "query": {
                    "x1": 9.40432832483693,
                    "x2": 2.479143521876365
                },
                "metrics": {
                    "outcome": 0.40035039148365215
                },
                "metadata": {
                    "trials": 1
                }
            }
        ],
        [
            {
                "query": {
                    "x1": 9.396605868288113,
                    "x2": 2.289997627617738
                },
                "metrics": {
                    "outcome": 0.4277285096495369
                },
                "metadata": {
                    "trials": 1
                }
            },
            {
                "query": {
                    "x1": 9.395786350776447,
                    "x2": 2.2807534607700197
                },
                "metrics": {
                    "outcome": 0.4307884656864118
                },
                "metadata": {
                    "trials": 1
                }
            },
            {
                "query": {
                    "x1": 9.39739553874501,
                    "x2": 2.2992471905262577
                },
                "metrics": {
                    "outcome": 0.42482012966917004
                },
                "metadata": {
                    "trials": 1
                }
            }
        ],
        [
            {
                "query": {
                    "x1": 9.43218783921212,
                    "x2": 2.499486484091648
                },
                "metrics": {
                    "outcome": 0.39848326125110134
                },
                "metadata": {
                    "trials": 1
                }
            },
            {
                "query": {
                    "x1": 9.431509961596909,
                    "x2": 2.4967545617594533
                },
                "metrics": {
                    "outcome": 0.398363188801504
                },
                "metadata": {
                    "trials": 1
                }
            },
            {
                "query": {
                    "x1": 9.432846190364005,
                    "x2": 2.502215712145137
                },
                "metrics": {
                    "outcome": 0.3986161116421414
                },
                "metadata": {
                    "trials": 1
                }
            }
        ],
        [
            {
                "query": {
                    "x1": 9.41511445116956,
                    "x2": 2.450399071022179
                },
                "metrics": {
                    "outcome": 0.398606678138794
                },
                "metadata": {
                    "trials": 1
                }
            },
            {
                "query": {
                    "x1": 9.414537152368542,
                    "x2": 2.4479435927544717
                },
                "metrics": {
                    "outcome": 0.3987305845449569
                },
                "metadata": {
                    "trials": 1
                }
            },
            {
                "query": {
                    "x1": 9.41570536862685,
                    "x2": 2.4528651676337256
                },
                "metrics": {
                    "outcome": 0.39849257299566254
                },
                "metadata": {
                    "trials": 1
                }
            }
        ],
        [
            {
                "query": {
                    "x1": 9.428522883363478,
                    "x2": 2.492062019837964
                },
                "metrics": {
                    "outcome": 0.3981479355689199
                },
                "metadata": {
                    "trials": 1
                }
            },
            {
                "query": {
                    "x1": 9.429031797985866,
                    "x2": 2.494230418473273
                },
                "metrics": {
                    "outcome": 0.39821883915712597
                },
                "metadata": {
                    "trials": 1
                }
            },
            {
                "query": {
                    "x1": 9.427998451188653,
                    "x2": 2.4898900185354034
                },
                "metrics": {
                    "outcome": 0.39808531279307857
                },
                "metadata": {
                    "trials": 1
                }
            }
        ],
        [
            {
                "query": {
                    "x1": 9.425786407154082,
                    "x2": 2.4847683633447075
                },
                "metrics": {
                    "outcome": 0.39797176357253683
                },
                "metadata": {
                    "trials": 1
                }
            },
            {
                "query": {
                    "x1": 9.425196501680482,
                    "x2": 2.482808874646325
                },
                "metrics": {
                    "outcome": 0.397943787773519
                },
                "metadata": {
                    "trials": 1
                }
            },
            {
                "query": {
                    "x1": 9.42636406732262,
                    "x2": 2.486712390544346
                },
                "metrics": {
                    "outcome": 0.39800705891782684
                },
                "metadata": {
                    "trials": 1
                }
            }
        ],
        [
            {
                "query": {
                    "x1": 9.41644810548223,
                    "x2": 2.453057336958807
                },
                "metrics": {
                    "outcome": 0.39844324635370754
                },
                "metadata": {
                    "trials": 1
                }
            },
            {
                "query": {
                    "x1": 9.416919879099112,
                    "x2": 2.4551995021162005
                },
                "metrics": {
                    "outcome": 0.3983575316142627
                },
                "metadata": {
                    "trials": 1
                }
            },
            {
                "query": {
                    "x1": 9.415984787461982,
                    "x2": 2.4509249587918625
                },
                "metrics": {
                    "outcome": 0.3985363881292354
                },
                "metadata": {
                    "trials": 1
                }
            }
        ],
        [
            {
                "query": {
                    "x1": 9.427647870481696,
                    "x2": 2.4900595280502698
                },
                "metrics": {
                    "outcome": 0.39808661083744923
                },
                "metadata": {
                    "trials": 1
                }
            },
            {
                "query": {
                    "x1": 9.428108190031548,
                    "x2": 2.491975171723358
                },
                "metrics": {
                    "outcome": 0.3981412399055895
                },
                "metadata": {
                    "trials": 1
                }
            },
            {
                "query": {
                    "x1": 9.427164036237844,
                    "x2": 2.488140542783816
                },
                "metrics": {
                    "outcome": 0.39803850424033094
                },
                "metadata": {
                    "trials": 1
                }
            }
        ],
        [
            {
                "query": {
                    "x1": 9.425858184517265,
                    "x2": 2.485407598464697
                },
                "metrics": {
                    "outcome": 0.3979831388816031
                },
                "metadata": {
                    "trials": 1
                }
            },
            {
                "query": {
                    "x1": 9.425286365172486,
                    "x2": 2.4836050247543757
                },
                "metrics": {
                    "outcome": 0.39795544797229176
                },
                "metadata": {
                    "trials": 1
                }
            },
            {
                "query": {
                    "x1": 9.426409941691842,
                    "x2": 2.4871930295718654
                },
                "metrics": {
                    "outcome": 0.3980171321550525
                },
                "metadata": {
                    "trials": 1
                }
            }
        ],
        [
            {
                "query": {
                    "x1": 9.417147762169455,
                    "x2": 2.4543724915133676
                },
                "metrics": {
                    "outcome": 0.39836847932870256
                },
                "metadata": {
                    "trials": 1
                }
            },
            {
                "query": {
                    "x1": 9.417559629807107,
                    "x2": 2.4563327368325676
                },
                "metrics": {
                    "outcome": 0.3982958990632426
                },
                "metadata": {
                    "trials": 1
                }
            },
            {
                "query": {
                    "x1": 9.416741898893335,
                    "x2": 2.452421381649612
                },
                "metrics": {
                    "outcome": 0.398447304706373
                },
                "metadata": {
                    "trials": 1
                }
            }
        ],
        [
            {
                "query": {
                    "x1": 9.427825234354087,
                    "x2": 2.489265036005878
                },
                "metrics": {
                    "outcome": 0.3980686752331888
                },
                "metadata": {
                    "trials": 1
                }
            },
            {
                "query": {
                    "x1": 9.42736877423578,
                    "x2": 2.487496915507539
                },
                "metrics": {
                    "outcome": 0.39802589325592663
                },
                "metadata": {
                    "trials": 1
                }
            },
            {
                "query": {
                    "x1": 9.428246769424229,
                    "x2": 2.491031556682971
                },
                "metrics": {
                    "outcome": 0.39811684154060245
                },
                "metadata": {
                    "trials": 1
                }
            }
        ],
        [
            {
                "query": {
                    "x1": 9.41842871273646,
                    "x2": 2.458720549237653
                },
                "metrics": {
                    "outcome": 0.39820034340799815
                },
                "metadata": {
                    "trials": 1
                }
            },
            {
                "query": {
                    "x1": 9.418814462530491,
                    "x2": 2.4605372375853807
                },
                "metrics": {
                    "outcome": 0.39814715602031825
                },
                "metadata": {
                    "trials": 1
                }
            },
            {
                "query": {
                    "x1": 9.418050157641508,
                    "x2": 2.4569169275401945
                },
                "metrics": {
                    "outcome": 0.39825877302841306
                },
                "metadata": {
                    "trials": 1
                }
            }
        ],
        [
            {
                "query": {
                    "x1": 9.428066099743354,
                    "x2": 2.489528308075935
                },
                "metrics": {
                    "outcome": 0.3980774059985617
                },
                "metadata": {
                    "trials": 1
                }
            },
            {
                "query": {
                    "x1": 9.427993993440856,
                    "x2": 2.4876322681931815
                },
                "metrics": {
                    "outcome": 0.39803538387726434
                },
                "metadata": {
                    "trials": 1
                }
            },
            {
                "query": {
                    "x1": 9.428405027846463,
                    "x2": 2.4913978646568085
                },
                "metrics": {
                    "outcome": 0.39812838493678093
                },
                "metadata": {
                    "trials": 1
                }
            }
        ],
        [
            {
                "query": {
                    "x1": 9.42605158009596,
                    "x2": 2.4869286211137895
                },
                "metrics": {
                    "outcome": 0.3980129567491275
                },
                "metadata": {
                    "trials": 1
                }
            },
            {
                "query": {
                    "x1": 9.425430048694096,
                    "x2": 2.4853424504242954
                },
                "metrics": {
                    "outcome": 0.397985289258898
                },
                "metadata": {
                    "trials": 1
                }
            },
            {
                "query": {
                    "x1": 9.426645228297541,
                    "x2": 2.4885077624380867
                },
                "metrics": {
                    "outcome": 0.3980464756773614
                },
                "metadata": {
                    "trials": 1
                }
            }
        ],
        [
            {
                "query": {
                    "x1": 9.418127517161924,
                    "x2": 2.4568949689357287
                },
                "metrics": {
                    "outcome": 0.39825597385142686
                },
                "metadata": {
                    "trials": 1
                }
            },
            {
                "query": {
                    "x1": 9.41846427445867,
                    "x2": 2.4586591762499213
                },
                "metrics": {
                    "outcome": 0.3982001856519055
                },
                "metadata": {
                    "trials": 1
                }
            },
            {
                "query": {
                    "x1": 9.417790555986834,
                    "x2": 2.4551401371546993
                },
                "metrics": {
                    "outcome": 0.3983169835783613
                },
                "metadata": {
                    "trials": 1
                }
            }
        ],
        [
            {
                "query": {
                    "x1": 9.428607361767066,
                    "x2": 2.488005721633246
                },
                "metrics": {
                    "outcome": 0.39805328599377354
                },
                "metadata": {
                    "trials": 1
                }
            },
            {
                "query": {
                    "x1": 9.428529189444156,
                    "x2": 2.4863252861161858
                },
                "metrics": {
                    "outcome": 0.39802148974543705
                },
                "metadata": {
                    "trials": 1
                }
            },
            {
                "query": {
                    "x1": 9.428267227852887,
                    "x2": 2.489645924615601
                },
                "metrics": {
                    "outcome": 0.39808272575567827
                },
                "metadata": {
                    "trials": 1
                }
            }
        ],
        [
            {
                "query": {
                    "x1": 9.418791694335606,
                    "x2": 2.4594465009483866
                },
                "metrics": {
                    "outcome": 0.3981698352969012
                },
                "metadata": {
                    "trials": 1
                }
            },
            {
                "query": {
                    "x1": 9.419077878196575,
                    "x2": 2.461136296536968
                },
                "metrics": {
                    "outcome": 0.39812542740348
                },
                "metadata": {
                    "trials": 1
                }
            },
            {
                "query": {
                    "x1": 9.418495496027981,
                    "x2": 2.457770850887634
                },
                "metrics": {
                    "outcome": 0.3982192925241783
                },
                "metadata": {
                    "trials": 1
                }
            }
        ],
        [
            {
                "query": {
                    "x1": 9.424022501462279,
                    "x2": 2.489595370845873
                },
                "metrics": {
                    "outcome": 0.39812212815055226
                },
                "metadata": {
                    "trials": 1
                }
            },
            {
                "query": {
                    "x1": 9.423595063140825,
                    "x2": 2.4880105850571033
                },
                "metrics": {
                    "outcome": 0.39809030535754175
                },
                "metadata": {
                    "trials": 1
                }
            },
            {
                "query": {
                    "x1": 9.424534921780078,
                    "x2": 2.491144563294518
                },
                "metrics": {
                    "outcome": 0.3981549495679335
                },
                "metadata": {
                    "trials": 1
                }
            }
        ],
        [
            {
                "query": {
                    "x1": 9.430959619331102,
                    "x2": 2.485188070560062
                },
                "metrics": {
                    "outcome": 0.3980955081581037
                },
                "metadata": {
                    "trials": 1
                }
            },
            {
                "query": {
                    "x1": 9.430666914317593,
                    "x2": 2.483530801278307
                },
                "metrics": {
                    "outcome": 0.3980665223094384
                },
                "metadata": {
                    "trials": 1
                }
            },
            {
                "query": {
                    "x1": 9.431194828985927,
                    "x2": 2.4868470818021193
                },
                "metrics": {
                    "outcome": 0.39812637831235165
                },
                "metadata": {
                    "trials": 1
                }
            }
        ],
        [
            {
                "query": {
                    "x1": 9.418761128476222,
                    "x2": 2.4584232007557434
                },
                "metrics": {
                    "outcome": 0.3981935578443849
                },
                "metadata": {
                    "trials": 1
                }
            },
            {
                "query": {
                    "x1": 9.419012011449835,
                    "x2": 2.460074341209371
                },
                "metrics": {
                    "outcome": 0.39814830348312746
                },
                "metadata": {
                    "trials": 1
                }
            },
            {
                "query": {
                    "x1": 9.418491886989681,
                    "x2": 2.456784512795818
                },
                "metrics": {
                    "outcome": 0.39824394825748755
                },
                "metadata": {
                    "trials": 1
                }
            }
        ],
        [
            {
                "query": {
                    "x1": 9.421988433735555,
                    "x2": 2.489172865432
                },
                "metrics": {
                    "outcome": 0.39819778877501477
                },
                "metadata": {
                    "trials": 1
                }
            },
            {
                "query": {
                    "x1": 9.4216730100013,
                    "x2": 2.487575145463607
                },
                "metrics": {
                    "outcome": 0.398164470329343
                },
                "metadata": {
                    "trials": 1
                }
            },
            {
                "query": {
                    "x1": 9.422322457774905,
                    "x2": 2.4907575995037687
                },
                "metrics": {
                    "outcome": 0.3982341464322534
                },
                "metadata": {
                    "trials": 1
                }
            }
        ],
        [
            {
                "query": {
                    "x1": 9.431409151008193,
                    "x2": 2.4835372210488886
                },
                "metrics": {
                    "outcome": 0.3981071040791857
                },
                "metadata": {
                    "trials": 1
                }
            },
            {
                "query": {
                    "x1": 9.431137736975497,
                    "x2": 2.481949403382418
                },
                "metrics": {
                    "outcome": 0.39808403926472735
                },
                "metadata": {
                    "trials": 1
                }
            },
            {
                "query": {
                    "x1": 9.43168718958352,
                    "x2": 2.485164416361801
                },
                "metrics": {
                    "outcome": 0.39813529732837694
                },
                "metadata": {
                    "trials": 1
                }
            }
        ],
        [
            {
                "query": {
                    "x1": 9.419027242695424,
                    "x2": 2.458115872911815
                },
                "metrics": {
                    "outcome": 0.39819103439662484
                },
                "metadata": {
                    "trials": 1
                }
            },
            {
                "query": {
                    "x1": 9.41928160861021,
                    "x2": 2.4597200395861227
                },
                "metrics": {
                    "outcome": 0.39814576755532904
                },
                "metadata": {
                    "trials": 1
                }
            },
            {
                "query": {
                    "x1": 9.418752417867088,
                    "x2": 2.4565232854785837
                },
                "metrics": {
                    "outcome": 0.398241195967751
                },
                "metadata": {
                    "trials": 1
                }
            }
        ],
        [
            {
                "query": {
                    "x1": 9.421589913172875,
                    "x2": 2.4889012319819077
                },
                "metrics": {
                    "outcome": 0.39821135232796223
                },
                "metadata": {
                    "trials": 1
                }
            },
            {
                "query": {
                    "x1": 9.421287802617995,
                    "x2": 2.487332136168981
                },
                "metrics": {
                    "outcome": 0.3981791532613208
                },
                "metadata": {
                    "trials": 1
                }
            },
            {
                "query": {
                    "x1": 9.421915550097138,
                    "x2": 2.4904546426157834
                },
                "metrics": {
                    "outcome": 0.39824596323027706
                },
                "metadata": {
                    "trials": 1
                }
            }
        ],
        [
            {
                "query": {
                    "x1": 9.43151709167499,
                    "x2": 2.482421484749263
                },
                "metrics": {
                    "outcome": 0.39810839755113747
                },
                "metadata": {
                    "trials": 1
                }
            },
            {
                "query": {
                    "x1": 9.431811252310029,
                    "x2": 2.484015274178529
                },
                "metrics": {
                    "outcome": 0.3981343142344329
                },
                "metadata": {
                    "trials": 1
                }
            },
            {
                "query": {
                    "x1": 9.431183334415728,
                    "x2": 2.480827446802119
                },
                "metrics": {
                    "outcome": 0.39808451431770564
                },
                "metadata": {
                    "trials": 1
                }
            }
        ],
        [
            {
                "query": {
                    "x1": 9.419307163953334,
                    "x2": 2.4581044744383997
                },
                "metrics": {
                    "outcome": 0.39818196399682293
                },
                "metadata": {
                    "trials": 1
                }
            },
            {
                "query": {
                    "x1": 9.419566068690807,
                    "x2": 2.4596652204937985
                },
                "metrics": {
                    "outcome": 0.3981374986681292
                },
                "metadata": {
                    "trials": 1
                }
            },
            {
                "query": {
                    "x1": 9.419024680184119,
                    "x2": 2.4565547629051703
                },
                "metrics": {
                    "outcome": 0.3982311381808614
                },
                "metadata": {
                    "trials": 1
                }
            }
        ],
        [
            {
                "query": {
                    "x1": 9.421458895789065,
                    "x2": 2.4886597634230956
                },
                "metrics": {
                    "outcome": 0.39821111418660315
                },
                "metadata": {
                    "trials": 1
                }
            },
            {
                "query": {
                    "x1": 9.42115469143393,
                    "x2": 2.4871239902341653
                },
                "metrics": {
                    "outcome": 0.39818077617647063
                },
                "metadata": {
                    "trials": 1
                }
            },
            {
                "query": {
                    "x1": 9.421783744296667,
                    "x2": 2.4901807433991103
                },
                "metrics": {
                    "outcome": 0.39824387735866296
                },
                "metadata": {
                    "trials": 1
                }
            }
        ],
        [
            {
                "query": {
                    "x1": 9.431532404661564,
                    "x2": 2.481680206606952
                },
                "metrics": {
                    "outcome": 0.3981073472789891
                },
                "metadata": {
                    "trials": 1
                }
            },
            {
                "query": {
                    "x1": 9.43119317838814,
                    "x2": 2.480116967479019
                },
                "metrics": {
                    "outcome": 0.39808503443984833
                },
                "metadata": {
                    "trials": 1
                }
            },
            {
                "query": {
                    "x1": 9.431831811343315,
                    "x2": 2.4832450652724094
                },
                "metrics": {
                    "outcome": 0.39813147950604844
                },
                "metadata": {
                    "trials": 1
                }
            }
        ],
        [
            {
                "query": {
                    "x1": 9.419554961316253,
                    "x2": 2.4582213151492343
                },
                "metrics": {
                    "outcome": 0.39817150662788237
                },
                "metadata": {
                    "trials": 1
                }
            },
            {
                "query": {
                    "x1": 9.419266998654258,
                    "x2": 2.4567104071058457
                },
                "metrics": {
                    "outcome": 0.398219352194948
                },
                "metadata": {
                    "trials": 1
                }
            },
            {
                "query": {
                    "x1": 9.419822338670473,
                    "x2": 2.459762834109635
                },
                "metrics": {
                    "outcome": 0.3981275900186052
                },
                "metadata": {
                    "trials": 1
                }
            }
        ],
        [
            {
                "query": {
                    "x1": 9.421426817995197,
                    "x2": 2.488415185632996
                },
                "metrics": {
                    "outcome": 0.3982050279724483
                },
                "metadata": {
                    "trials": 1
                }
            },
            {
                "query": {
                    "x1": 9.421120542489327,
                    "x2": 2.4869118994025072
                },
                "metrics": {
                    "outcome": 0.39817643844688355
                },
                "metadata": {
                    "trials": 1
                }
            },
            {
                "query": {
                    "x1": 9.42175926710001,
                    "x2": 2.489903760613696
                },
                "metrics": {
                    "outcome": 0.3982355720301278
                },
                "metadata": {
                    "trials": 1
                }
            }
        ],
        [
            {
                "query": {
                    "x1": 9.431525525871823,
                    "x2": 2.4812471294036986
                },
                "metrics": {
                    "outcome": 0.39810624922843374
                },
                "metadata": {
                    "trials": 1
                }
            },
            {
                "query": {
                    "x1": 9.431189602106976,
                    "x2": 2.479709255903607
                },
                "metrics": {
                    "outcome": 0.3980852205659975
                },
                "metadata": {
                    "trials": 1
                }
            },
            {
                "query": {
                    "x1": 9.431822135832435,
                    "x2": 2.4827834249585505
                },
                "metrics": {
                    "outcome": 0.3981289546967446
                },
                "metadata": {
                    "trials": 1
                }
            }
        ],
        [
            {
                "query": {
                    "x1": 9.419764695425485,
                    "x2": 2.4583783614427785
                },
                "metrics": {
                    "outcome": 0.39816168464732904
                },
                "metadata": {
                    "trials": 1
                }
            },
            {
                "query": {
                    "x1": 9.41946802050883,
                    "x2": 2.456902959879114
                },
                "metrics": {
                    "outcome": 0.3982082743799342
                },
                "metadata": {
                    "trials": 1
                }
            },
            {
                "query": {
                    "x1": 9.419171846841362,
                    "x2": 2.4554371164497475
                },
                "metrics": {
                    "outcome": 0.39825841565007636
                },
                "metadata": {
                    "trials": 1
                }
            }
        ],
        [
            {
                "query": {
                    "x1": 9.431254462274312,
                    "x2": 2.481860399386288
                },
                "metrics": {
                    "outcome": 0.3980906751034201
                },
                "metadata": {
                    "trials": 1
                }
            },
            {
                "query": {
                    "x1": 9.431490670188897,
                    "x2": 2.483371205617771
                },
                "metrics": {
                    "outcome": 0.3981110013581173
                },
                "metadata": {
                    "trials": 1
                }
            },
            {
                "query": {
                    "x1": 9.421417425646744,
                    "x2": 2.4880816812233664
                },
                "metrics": {
                    "outcome": 0.39819486114921254
                },
                "metadata": {
                    "trials": 1
                }
            }
        ],
        [
            {
                "query": {
                    "x1": 9.420168200373812,
                    "x2": 2.4598544313461774
                },
                "metrics": {
                    "outcome": 0.39811616444174547
                },
                "metadata": {
                    "trials": 1
                }
            },
            {
                "query": {
                    "x1": 9.420398900417775,
                    "x2": 2.46130146972612
                },
                "metrics": {
                    "outcome": 0.3980795670502708
                },
                "metadata": {
                    "trials": 1
                }
            },
            {
                "query": {
                    "x1": 9.420557123657959,
                    "x2": 2.4627051732929903
                },
                "metrics": {
                    "outcome": 0.39804922167894574
                },
                "metadata": {
                    "trials": 1
                }
            }
        ],
        [
            {
                "query": {
                    "x1": 9.421421345193389,
                    "x2": 2.488783766059698
                },
                "metrics": {
                    "outcome": 0.39821746514138745
                },
                "metadata": {
                    "trials": 1
                }
            },
            {
                "query": {
                    "x1": 9.42110695249882,
                    "x2": 2.4873164683704307
                },
                "metrics": {
                    "outcome": 0.39818956633104463
                },
                "metadata": {
                    "trials": 1
                }
            },
            {
                "query": {
                    "x1": 9.42176356768847,
                    "x2": 2.4902364149619016
                },
                "metrics": {
                    "outcome": 0.3982470381592691
                },
                "metadata": {
                    "trials": 1
                }
            }
        ],
        [
            {
                "query": {
                    "x1": 9.431509042846804,
                    "x2": 2.48109855622945
                },
                "metrics": {
                    "outcome": 0.39810505274018837
                },
                "metadata": {
                    "trials": 1
                }
            },
            {
                "query": {
                    "x1": 9.431199157628848,
                    "x2": 2.479599164305903
                },
                "metrics": {
                    "outcome": 0.3980859897296263
                },
                "metadata": {
                    "trials": 1
                }
            },
            {
                "query": {
                    "x1": 9.431786401784041,
                    "x2": 2.4825978612951136
                },
                "metrics": {
                    "outcome": 0.3981259977786955
                },
                "metadata": {
                    "trials": 1
                }
            }
        ]
    ],
    "best_results": [
        {
            "query": {
                "x1": 9.425196501680482,
                "x2": 2.482808874646325
            },
            "metrics": [
                {
                    "name": "outcome",
                    "value": 0.397943787773519
                }
            ]
        }
    ]
}