{
    "date": "04/11/2022 13:59:00",
    "basic_params": {
        "active_variables": [
            "x1",
            "x2"
        ],
        "default_query": {},
        "metric": "basic",
        "n_trials": 1
    },
    "objective_function": {
        "name": "Branin",
        "params": {}
    },
    "optimizer": {
        "name": "BBO-LP(LCBa)",
        "params": {
            "lower_bound": [
                -5.0,
                0.0
            ],
            "upper_bound": [
                10.0,
                15.0
            ],
            "invert_metric": false,
            "bopt_params": {
                "n_init_samples": 15,
                "n_iterations": 45,
                "n_iter_relearn": 5,
                "verbose_level": 1,
                "n_parallel_samples": 3,
                "par_type": "PAR_BBO",
                "crit_name": "cLP(cLCBa)",
                "n_crit_params": 3,
                "crit_params": [
                    3,
                    1,
                    5.0
                ]
            }
        }
    },
    "iterations": [
        [
            {
                "query": {
                    "x1": 9.399971999926493,
                    "x2": 8.021066381363198
                },
                "metrics": {
                    "outcome": 31.391342258801227
                },
                "metadata": {
                    "trials": 1
                }
            }
        ],
        [
            {
                "query": {
                    "x1": -4.257858145283535,
                    "x2": 3.0847809314727783
                },
                "metrics": {
                    "outcome": 150.59765133389584
                },
                "metadata": {
                    "trials": 1
                }
            }
        ],
        [
            {
                "query": {
                    "x1": 4.330970166716725,
                    "x2": 4.032936304342002
                },
                "metrics": {
                    "outcome": 12.689421591203908
                },
                "metadata": {
                    "trials": 1
                }
            }
        ],
        [
            {
                "query": {
                    "x1": -0.04943869239650667,
                    "x2": 14.179566548671573
                },
                "metrics": {
                    "outcome": 85.20956082462334
                },
                "metadata": {
                    "trials": 1
                }
            }
        ],
        [
            {
                "query": {
                    "x1": 5.459421560168266,
                    "x2": 5.292927019763738
                },
                "metrics": {
                    "outcome": 33.5934661294926
                },
                "metadata": {
                    "trials": 1
                }
            }
        ],
        [
            {
                "query": {
                    "x1": 0.34695361787453294,
                    "x2": 7.275615178281441
                },
                "metrics": {
                    "outcome": 22.314230831003158
                },
                "metadata": {
                    "trials": 1
                }
            }
        ],
        [
            {
                "query": {
                    "x1": 6.260419054189697,
                    "x2": 1.7039000233635306
                },
                "metrics": {
                    "outcome": 19.965114411211843
                },
                "metadata": {
                    "trials": 1
                }
            }
        ],
        [
            {
                "query": {
                    "x1": -1.050438002916053,
                    "x2": 12.375577740836889
                },
                "metrics": {
                    "outcome": 35.57871183875447
                },
                "metadata": {
                    "trials": 1
                }
            }
        ],
        [
            {
                "query": {
                    "x1": 3.18565971031785,
                    "x2": 9.443813319783658
                },
                "metrics": {
                    "outcome": 52.28938883265027
                },
                "metadata": {
                    "trials": 1
                }
            }
        ],
        [
            {
                "query": {
                    "x1": 7.803541790693998,
                    "x2": 0.7681309112813324
                },
                "metrics": {
                    "outcome": 10.944990149907847
                },
                "metadata": {
                    "trials": 1
                }
            }
        ],
        [
            {
                "query": {
                    "x1": 1.910629564896226,
                    "x2": 13.688415333628654
                },
                "metrics": {
                    "outcome": 112.01949193509505
                },
                "metadata": {
                    "trials": 1
                }
            }
        ],
        [
            {
                "query": {
                    "x1": -3.3347186925821006,
                    "x2": 2.323425205424428
                },
                "metrics": {
                    "outcome": 109.16366234166127
                },
                "metadata": {
                    "trials": 1
                }
            }
        ],
        [
            {
                "query": {
                    "x1": 2.861306610982865,
                    "x2": 11.130224706139416
                },
                "metrics": {
                    "outcome": 75.18896593504967
                },
                "metadata": {
                    "trials": 1
                }
            }
        ],
        [
            {
                "query": {
                    "x1": -2.902230220614001,
                    "x2": 10.45549586834386
                },
                "metrics": {
                    "outcome": 2.238303765860463
                },
                "metadata": {
                    "trials": 1
                }
            }
        ],
        [
            {
                "query": {
                    "x1": 8.52040261332877,
                    "x2": 6.168717011576518
                },
                "metrics": {
                    "outcome": 22.994680368717788
                },
                "metadata": {
                    "trials": 1
                }
            }
        ],
        [
            {
                "query": {
                    "x1": -3.7311167001911376,
                    "x2": 12.452521349367892
                },
                "metrics": {
                    "outcome": 3.6676950083426103
                },
                "metadata": {
                    "trials": 1
                }
            },
            {
                "query": {
                    "x1": -3.738048395842233,
                    "x2": 12.465600867689089
                },
                "metrics": {
                    "outcome": 3.7168319075807075
                },
                "metadata": {
                    "trials": 1
                }
            },
            {
                "query": {
                    "x1": -3.7242072091122953,
                    "x2": 12.439458881409422
                },
                "metrics": {
                    "outcome": 3.6192352320328514
                },
                "metadata": {
                    "trials": 1
                }
            }
        ],
        [
            {
                "query": {
                    "x1": 2.698658220413832,
                    "x2": 0.342682930796617
                },
                "metrics": {
                    "outcome": 6.628727764929968
                },
                "metadata": {
                    "trials": 1
                }
            },
            {
                "query": {
                    "x1": 2.6948845466731077,
                    "x2": 0.2953735121286317
                },
                "metrics": {
                    "outcome": 6.880357655703325
                },
                "metadata": {
                    "trials": 1
                }
            },
            {
                "query": {
                    "x1": 2.7024134997703637,
                    "x2": 0.38974994326940865
                },
                "metrics": {
                    "outcome": 6.38361732928386
                },
                "metadata": {
                    "trials": 1
                }
            }
        ],
        [
            {
                "query": {
                    "x1": 2.7859335295040575,
                    "x2": 2.7010887298653636
                },
                "metrics": {
                    "outcome": 1.0163400872253305
                },
                "metadata": {
                    "trials": 1
                }
            },
            {
                "query": {
                    "x1": 2.790605065586707,
                    "x2": 2.6900576915804715
                },
                "metrics": {
                    "outcome": 0.9990242133466136
                },
                "metadata": {
                    "trials": 1
                }
            },
            {
                "query": {
                    "x1": 2.7813393168514757,
                    "x2": 2.7121736846096725
                },
                "metrics": {
                    "outcome": 1.0337198433266668
                },
                "metadata": {
                    "trials": 1
                }
            }
        ],
        [
            {
                "query": {
                    "x1": 10.0,
                    "x2": 0.0
                },
                "metrics": {
                    "outcome": 10.960889035651505
                },
                "metadata": {
                    "trials": 1
                }
            },
            {
                "query": {
                    "x1": 10.0,
                    "x2": 0.09544670621132796
                },
                "metrics": {
                    "outcome": 10.396754475652683
                },
                "metadata": {
                    "trials": 1
                }
            },
            {
                "query": {
                    "x1": 9.908808040110419,
                    "x2": 0.0
                },
                "metrics": {
                    "outcome": 9.98972002115488
                },
                "metadata": {
                    "trials": 1
                }
            }
        ],
        [
            {
                "query": {
                    "x1": -2.9239878108253587,
                    "x2": 11.423888070359641
                },
                "metrics": {
                    "outcome": 0.7360687649782598
                },
                "metadata": {
                    "trials": 1
                }
            },
            {
                "query": {
                    "x1": -2.9286241441365695,
                    "x2": 11.448738711902692
                },
                "metrics": {
                    "outcome": 0.7174163293309377
                },
                "metadata": {
                    "trials": 1
                }
            },
            {
                "query": {
                    "x1": -2.919207956286249,
                    "x2": 11.399097963210322
                },
                "metrics": {
                    "outcome": 0.7553440810164549
                },
                "metadata": {
                    "trials": 1
                }
            }
        ],
        [
            {
                "query": {
                    "x1": 10.0,
                    "x2": 15.0
                },
                "metrics": {
                    "outcome": 145.87219087939556
                },
                "metadata": {
                    "trials": 1
                }
            },
            {
                "query": {
                    "x1": 9.890399466018243,
                    "x2": 15.0
                },
                "metrics": {
                    "outcome": 147.932504454037
                },
                "metadata": {
                    "trials": 1
                }
            },
            {
                "query": {
                    "x1": 9.779595001371815,
                    "x2": 15.0
                },
                "metrics": {
                    "outcome": 150.06644215932164
                },
                "metadata": {
                    "trials": 1
                }
            }
        ],
        [
            {
                "query": {
                    "x1": 3.2974353035852957,
                    "x2": 2.1803658980715044
                },
                "metrics": {
                    "outcome": 0.5148191959159707
                },
                "metadata": {
                    "trials": 1
                }
            },
            {
                "query": {
                    "x1": 3.299682273697263,
                    "x2": 2.1432230588788137
                },
                "metrics": {
                    "outcome": 0.5177645480395157
                },
                "metadata": {
                    "trials": 1
                }
            },
            {
                "query": {
                    "x1": 3.2949369234612806,
                    "x2": 2.217598793718552
                },
                "metrics": {
                    "outcome": 0.5140590713552893
                },
                "metadata": {
                    "trials": 1
                }
            }
        ],
        [
            {
                "query": {
                    "x1": -3.2241480286808955,
                    "x2": 11.336139080091547
                },
                "metrics": {
                    "outcome": 1.7259564072319282
                },
                "metadata": {
                    "trials": 1
                }
            },
            {
                "query": {
                    "x1": -3.2289097583878994,
                    "x2": 11.309852933710948
                },
                "metrics": {
                    "outcome": 1.8173880823220347
                },
                "metadata": {
                    "trials": 1
                }
            },
            {
                "query": {
                    "x1": -3.2194068307157053,
                    "x2": 11.362403221132157
                },
                "metrics": {
                    "outcome": 1.6377907046334794
                },
                "metadata": {
                    "trials": 1
                }
            }
        ],
        [
            {
                "query": {
                    "x1": 9.446261149212908,
                    "x2": 1.8926511949801472
                },
                "metrics": {
                    "outcome": 0.7607393148146055
                },
                "metadata": {
                    "trials": 1
                }
            },
            {
                "query": {
                    "x1": 9.478153629915285,
                    "x2": 1.9735681410778843
                },
                "metrics": {
                    "outcome": 0.7105779787094875
                },
                "metadata": {
                    "trials": 1
                }
            },
            {
                "query": {
                    "x1": 9.415886291329272,
                    "x2": 1.8113505603816202
                },
                "metrics": {
                    "outcome": 0.8288120167703941
                },
                "metadata": {
                    "trials": 1
                }
            }
        ],
        [
            {
                "query": {
                    "x1": 10.0,
                    "x2": 2.621081638215786
                },
                "metrics": {
                    "outcome": 2.088969153301668
                },
                "metadata": {
                    "trials": 1
                }
            },
            {
                "query": {
                    "x1": 10.0,
                    "x2": 2.5747922737174505
                },
                "metrics": {
                    "outcome": 2.1264653576471613
                },
                "metadata": {
                    "trials": 1
                }
            },
            {
                "query": {
                    "x1": 10.0,
                    "x2": 2.667395811414471
                },
                "metrics": {
                    "outcome": 2.0557417092176573
                },
                "metadata": {
                    "trials": 1
                }
            }
        ],
        [
            {
                "query": {
                    "x1": -3.074264994539306,
                    "x2": 12.225375598294699
                },
                "metrics": {
                    "outcome": 0.43209572476953895
                },
                "metadata": {
                    "trials": 1
                }
            },
            {
                "query": {
                    "x1": -3.0768982932945197,
                    "x2": 12.247139094111834
                },
                "metrics": {
                    "outcome": 0.43412241936201035
                },
                "metadata": {
                    "trials": 1
                }
            },
            {
                "query": {
                    "x1": -3.071584625093567,
                    "x2": 12.203622335852534
                },
                "metrics": {
                    "outcome": 0.43066954585627215
                },
                "metadata": {
                    "trials": 1
                }
            }
        ],
        [
            {
                "query": {
                    "x1": 9.396373359930454,
                    "x2": 2.511441774763052
                },
                "metrics": {
                    "outcome": 0.405396471961776
                },
                "metadata": {
                    "trials": 1
                }
            },
            {
                "query": {
                    "x1": 9.390869481660628,
                    "x2": 2.487070944084782
                },
                "metrics": {
                    "outcome": 0.40504928116104644
                },
                "metadata": {
                    "trials": 1
                }
            },
            {
                "query": {
                    "x1": 9.401971853060173,
                    "x2": 2.5357863568508296
                },
                "metrics": {
                    "outcome": 0.40677742597211797
                },
                "metadata": {
                    "trials": 1
                }
            }
        ],
        [
            {
                "query": {
                    "x1": 3.0986918260278156,
                    "x2": 2.151230229591704
                },
                "metrics": {
                    "outcome": 0.4315172102920677
                },
                "metadata": {
                    "trials": 1
                }
            },
            {
                "query": {
                    "x1": 3.099099679422366,
                    "x2": 2.164791796966108
                },
                "metrics": {
                    "outcome": 0.42717031171944164
                },
                "metadata": {
                    "trials": 1
                }
            },
            {
                "query": {
                    "x1": 3.098278520173398,
                    "x2": 2.1376804831225367
                },
                "metrics": {
                    "outcome": 0.43625095182791185
                },
                "metadata": {
                    "trials": 1
                }
            }
        ],
        [
            {
                "query": {
                    "x1": 9.479925681588869,
                    "x2": 2.490568563351295
                },
                "metrics": {
                    "outcome": 0.41346732960916555
                },
                "metadata": {
                    "trials": 1
                }
            },
            {
                "query": {
                    "x1": 9.481734806768968,
                    "x2": 2.4980039034488133
                },
                "metrics": {
                    "outcome": 0.4141063550593458
                },
                "metadata": {
                    "trials": 1
                }
            },
            {
                "query": {
                    "x1": 9.478107462968417,
                    "x2": 2.483136997144731
                },
                "metrics": {
                    "outcome": 0.4129234522638896
                },
                "metadata": {
                    "trials": 1
                }
            }
        ],
        [
            {
                "query": {
                    "x1": 3.1368226321447956,
                    "x2": 2.3163479755672087
                },
                "metrics": {
                    "outcome": 0.39941224393268904
                },
                "metadata": {
                    "trials": 1
                }
            },
            {
                "query": {
                    "x1": 3.135333621868707,
                    "x2": 2.3234238227391204
                },
                "metrics": {
                    "outcome": 0.3999709632556243
                },
                "metadata": {
                    "trials": 1
                }
            },
            {
                "query": {
                    "x1": 3.1383674366814223,
                    "x2": 2.309275911720722
                },
                "metrics": {
                    "outcome": 0.3989459548799381
                },
                "metadata": {
                    "trials": 1
                }
            }
        ],
        [
            {
                "query": {
                    "x1": 9.41983704967113,
                    "x2": 2.416248563845376
                },
                "metrics": {
                    "outcome": 0.4009842854127186
                },
                "metadata": {
                    "trials": 1
                }
            },
            {
                "query": {
                    "x1": 9.419169871266153,
                    "x2": 2.4123941274050686
                },
                "metrics": {
                    "outcome": 0.4013883779138645
                },
                "metadata": {
                    "trials": 1
                }
            },
            {
                "query": {
                    "x1": 9.420492405692977,
                    "x2": 2.4201044845291313
                },
                "metrics": {
                    "outcome": 0.40060547277528613
                },
                "metadata": {
                    "trials": 1
                }
            }
        ],
        [
            {
                "query": {
                    "x1": 3.164985837170015,
                    "x2": 2.225193886548583
                },
                "metrics": {
                    "outcome": 0.4015152461328597
                },
                "metadata": {
                    "trials": 1
                }
            },
            {
                "query": {
                    "x1": 3.1655919274319704,
                    "x2": 2.2211679607373647
                },
                "metrics": {
                    "outcome": 0.40189082965916256
                },
                "metadata": {
                    "trials": 1
                }
            },
            {
                "query": {
                    "x1": 3.164378755846883,
                    "x2": 2.2292179445447946
                },
                "metrics": {
                    "outcome": 0.4011684294925324
                },
                "metadata": {
                    "trials": 1
                }
            }
        ],
        [
            {
                "query": {
                    "x1": -3.1324284077016427,
                    "x2": 12.192673986267005
                },
                "metrics": {
                    "outcome": 0.401928220004347
                },
                "metadata": {
                    "trials": 1
                }
            },
            {
                "query": {
                    "x1": -3.13406064817406,
                    "x2": 12.201251985334881
                },
                "metrics": {
                    "outcome": 0.4012571078006779
                },
                "metadata": {
                    "trials": 1
                }
            },
            {
                "query": {
                    "x1": -3.1307553199395515,
                    "x2": 12.184100575213156
                },
                "metrics": {
                    "outcome": 0.40265932800738113
                },
                "metadata": {
                    "trials": 1
                }
            }
        ],
        [
            {
                "query": {
                    "x1": -3.1629168588658327,
                    "x2": 12.394616840985549
                },
                "metrics": {
                    "outcome": 0.40473680178387816
                },
                "metadata": {
                    "trials": 1
                }
            },
            {
                "query": {
                    "x1": -3.1642189773948495,
                    "x2": 12.402880555737614
                },
                "metrics": {
                    "outcome": 0.405738287426594
                },
                "metadata": {
                    "trials": 1
                }
            },
            {
                "query": {
                    "x1": -3.1655043096151187,
                    "x2": 12.411162121727488
                },
                "metrics": {
                    "outcome": 0.40681386152387056
                },
                "metadata": {
                    "trials": 1
                }
            }
        ],
        [
            {
                "query": {
                    "x1": -3.6331037917163647,
                    "x2": 15.0
                },
                "metrics": {
                    "outcome": 3.8224534967214208
                },
                "metadata": {
                    "trials": 1
                }
            },
            {
                "query": {
                    "x1": -3.7222634878435006,
                    "x2": 15.0
                },
                "metrics": {
                    "outcome": 3.6253921679660577
                },
                "metadata": {
                    "trials": 1
                }
            },
            {
                "query": {
                    "x1": -3.544818231444395,
                    "x2": 15.0
                },
                "metrics": {
                    "outcome": 4.178020639425132
                },
                "metadata": {
                    "trials": 1
                }
            }
        ],
        [
            {
                "query": {
                    "x1": 9.432259034959388,
                    "x2": 2.4991095177363727
                },
                "metrics": {
                    "outcome": 0.39847260433590925
                },
                "metadata": {
                    "trials": 1
                }
            },
            {
                "query": {
                    "x1": 9.432531167897972,
                    "x2": 2.5015084776609853
                },
                "metrics": {
                    "outcome": 0.39857438868568273
                },
                "metadata": {
                    "trials": 1
                }
            },
            {
                "query": {
                    "x1": -3.1463050450655565,
                    "x2": 12.295299334437537
                },
                "metrics": {
                    "outcome": 0.3980744599191208
                },
                "metadata": {
                    "trials": 1
                }
            }
        ],
        [
            {
                "query": {
                    "x1": -3.143853230898534,
                    "x2": 12.292189536601068
                },
                "metrics": {
                    "outcome": 0.3980500995971248
                },
                "metadata": {
                    "trials": 1
                }
            },
            {
                "query": {
                    "x1": -3.1443422547048008,
                    "x2": 12.294452176940885
                },
                "metrics": {
                    "outcome": 0.39808860423042347
                },
                "metadata": {
                    "trials": 1
                }
            },
            {
                "query": {
                    "x1": -3.1446932542824504,
                    "x2": 12.296661111379265
                },
                "metrics": {
                    "outcome": 0.3981353918720689
                },
                "metadata": {
                    "trials": 1
                }
            }
        ],
        [
            {
                "query": {
                    "x1": 3.1272084000048874,
                    "x2": 2.2718372091691914
                },
                "metrics": {
                    "outcome": 0.39908827934759294
                },
                "metadata": {
                    "trials": 1
                }
            },
            {
                "query": {
                    "x1": 3.1263795711603244,
                    "x2": 2.2741068712771737
                },
                "metrics": {
                    "outcome": 0.39916199224068905
                },
                "metadata": {
                    "trials": 1
                }
            },
            {
                "query": {
                    "x1": 3.128039787102791,
                    "x2": 2.2695701121967913
                },
                "metrics": {
                    "outcome": 0.39902593791418717
                },
                "metadata": {
                    "trials": 1
                }
            }
        ],
        [
            {
                "query": {
                    "x1": 9.428800918425356,
                    "x2": 2.480475167899548
                },
                "metrics": {
                    "outcome": 0.39796938367332757
                },
                "metadata": {
                    "trials": 1
                }
            },
            {
                "query": {
                    "x1": 9.428575663414145,
                    "x2": 2.4785872712900194
                },
                "metrics": {
                    "outcome": 0.397956746996762
                },
                "metadata": {
                    "trials": 1
                }
            },
            {
                "query": {
                    "x1": 9.429027592956134,
                    "x2": 2.4823650993768442
                },
                "metrics": {
                    "outcome": 0.3979883357965086
                },
                "metadata": {
                    "trials": 1
                }
            }
        ],
        [
            {
                "query": {
                    "x1": -3.141369872062177,
                    "x2": 12.286497823263522
                },
                "metrics": {
                    "outcome": 0.3980323942590811
                },
                "metadata": {
                    "trials": 1
                }
            },
            {
                "query": {
                    "x1": -3.140876557226182,
                    "x2": 12.284676477847151
                },
                "metrics": {
                    "outcome": 0.3980197195606223
                },
                "metadata": {
                    "trials": 1
                }
            },
            {
                "query": {
                    "x1": -3.140418082741106,
                    "x2": 12.282897064130392
                },
                "metrics": {
                    "outcome": 0.3980088924810854
                },
                "metadata": {
                    "trials": 1
                }
            }
        ],
        [
            {
                "query": {
                    "x1": 9.427609190028255,
                    "x2": 2.4775829614543516
                },
                "metrics": {
                    "outcome": 0.3979258798241112
                },
                "metadata": {
                    "trials": 1
                }
            },
            {
                "query": {
                    "x1": 9.427863116913024,
                    "x2": 2.4792630549682255
                },
                "metrics": {
                    "outcome": 0.3979358087626643
                },
                "metadata": {
                    "trials": 1
                }
            },
            {
                "query": {
                    "x1": 9.427352724452065,
                    "x2": 2.4759072237308426
                },
                "metrics": {
                    "outcome": 0.3979207873647894
                },
                "metadata": {
                    "trials": 1
                }
            }
        ],
        [
            {
                "query": {
                    "x1": 3.144535198205963,
                    "x2": 2.269637815928729
                },
                "metrics": {
                    "outcome": 0.3979383438653734
                },
                "metadata": {
                    "trials": 1
                }
            },
            {
                "query": {
                    "x1": 3.14461437573045,
                    "x2": 2.2713668674703524
                },
                "metrics": {
                    "outcome": 0.3979328279620322
                },
                "metadata": {
                    "trials": 1
                }
            },
            {
                "query": {
                    "x1": 3.1444961268029363,
                    "x2": 2.2679102098267743
                },
                "metrics": {
                    "outcome": 0.3979511272219103
                },
                "metadata": {
                    "trials": 1
                }
            }
        ],
        [
            {
                "query": {
                    "x1": -3.15601553814858,
                    "x2": 12.300547303857266
                },
                "metrics": {
                    "outcome": 0.3989696160753269
                },
                "metadata": {
                    "trials": 1
                }
            },
            {
                "query": {
                    "x1": -3.156671929849456,
                    "x2": 12.302615381348202
                },
                "metrics": {
                    "outcome": 0.39905389945550596
                },
                "metadata": {
                    "trials": 1
                }
            },
            {
                "query": {
                    "x1": -3.157308164395647,
                    "x2": 12.304657135928023
                },
                "metrics": {
                    "outcome": 0.39913939211106175
                },
                "metadata": {
                    "trials": 1
                }
            }
        ],
        [
            {
                "query": {
                    "x1": 9.426974648800268,
                    "x2": 2.4762784944245917
                },
                "metrics": {
                    "outcome": 0.39791085564065476
                },
                "metadata": {
                    "trials": 1
                }
            },
            {
                "query": {
                    "x1": 9.426690221654736,
                    "x2": 2.4747162454551193
                },
                "metrics": {
                    "outcome": 0.3979085135409477
                },
                "metadata": {
                    "trials": 1
                }
            },
            {
                "query": {
                    "x1": 9.427253808643735,
                    "x2": 2.477847443769277
                },
                "metrics": {
                    "outcome": 0.3979173622388963
                },
                "metadata": {
                    "trials": 1
                }
            }
        ],
        [
            {
                "query": {
                    "x1": 3.1430953242659996,
                    "x2": 2.2700267346012613
                },
                "metrics": {
                    "outcome": 0.39791265141763255
                },
                "metadata": {
                    "trials": 1
                }
            },
            {
                "query": {
                    "x1": 3.143352566612373,
                    "x2": 2.271602496846094
                },
                "metrics": {
                    "outcome": 0.39790633032973055
                },
                "metadata": {
                    "trials": 1
                }
            },
            {
                "query": {
                    "x1": 3.1429657161845768,
                    "x2": 2.268441602200508
                },
                "metrics": {
                    "outcome": 0.39792652561587083
                },
                "metadata": {
                    "trials": 1
                }
            }
        ],
        [
            {
                "query": {
                    "x1": 9.42652183456678,
                    "x2": 2.4753684236697975
                },
                "metrics": {
                    "outcome": 0.3979031747272952
                },
                "metadata": {
                    "trials": 1
                }
            },
            {
                "query": {
                    "x1": 9.426828930141808,
                    "x2": 2.4768728870001455
                },
                "metrics": {
                    "outcome": 0.3979075734992161
                },
                "metadata": {
                    "trials": 1
                }
            },
            {
                "query": {
                    "x1": 9.426206235025807,
                    "x2": 2.4738758807727717
                },
                "metrics": {
                    "outcome": 0.39790257672357576
                },
                "metadata": {
                    "trials": 1
                }
            }
        ],
        [
            {
                "query": {
                    "x1": 3.142241252556497,
                    "x2": 2.2705546496159843
                },
                "metrics": {
                    "outcome": 0.39790489780127736
                },
                "metadata": {
                    "trials": 1
                }
            },
            {
                "query": {
                    "x1": 3.143277383275045,
                    "x2": 2.2716915993057682
                },
                "metrics": {
                    "outcome": 0.3979049643197996
                },
                "metadata": {
                    "trials": 1
                }
            },
            {
                "query": {
                    "x1": 3.141175926845003,
                    "x2": 2.269482078338261
                },
                "metrics": {
                    "outcome": 0.3979223313445832
                },
                "metadata": {
                    "trials": 1
                }
            }
        ],
        [
            {
                "query": {
                    "x1": 9.43399847644892,
                    "x2": 2.515946952228687
                },
                "metrics": {
                    "outcome": 0.39939500139876216
                },
                "metadata": {
                    "trials": 1
                }
            },
            {
                "query": {
                    "x1": 9.43360929860372,
                    "x2": 2.5139125579390837
                },
                "metrics": {
                    "outcome": 0.39925109691442806
                },
                "metadata": {
                    "trials": 1
                }
            },
            {
                "query": {
                    "x1": 9.434389717810806,
                    "x2": 2.5179746604610105
                },
                "metrics": {
                    "outcome": 0.39954577545745984
                },
                "metadata": {
                    "trials": 1
                }
            }
        ],
        [
            {
                "query": {
                    "x1": 9.423966508738504,
                    "x2": 2.466900256971963
                },
                "metrics": {
                    "outcome": 0.3979455064381625
                },
                "metadata": {
                    "trials": 1
                }
            },
            {
                "query": {
                    "x1": 9.423562191879842,
                    "x2": 2.465528036386326
                },
                "metrics": {
                    "outcome": 0.39796579966137813
                },
                "metadata": {
                    "trials": 1
                }
            },
            {
                "query": {
                    "x1": 9.42434987992018,
                    "x2": 2.468279156248694
                },
                "metrics": {
                    "outcome": 0.39792868424057204
                },
                "metadata": {
                    "trials": 1
                }
            }
        ],
        [
            {
                "query": {
                    "x1": 3.1488312273656742,
                    "x2": 2.2862623452776663
                },
                "metrics": {
                    "outcome": 0.3984245491392002
                },
                "metadata": {
                    "trials": 1
                }
            },
            {
                "query": {
                    "x1": 3.148826726770693,
                    "x2": 2.284553979182251
                },
                "metrics": {
                    "outcome": 0.39836930358310774
                },
                "metadata": {
                    "trials": 1
                }
            },
            {
                "query": {
                    "x1": 3.148793207025392,
                    "x2": 2.2879660299353786
                },
                "metrics": {
                    "outcome": 0.39848130301389695
                },
                "metadata": {
                    "trials": 1
                }
            }
        ],
        [
            {
                "query": {
                    "x1": 3.133312581462345,
                    "x2": 2.273034396743012
                },
                "metrics": {
                    "outcome": 0.3982876087431819
                },
                "metadata": {
                    "trials": 1
                }
            },
            {
                "query": {
                    "x1": 3.133953048720711,
                    "x2": 2.2715750954927594
                },
                "metrics": {
                    "outcome": 0.398255740109704
                },
                "metadata": {
                    "trials": 1
                }
            },
            {
                "query": {
                    "x1": 3.132705669966965,
                    "x2": 2.274508394012346
                },
                "metrics": {
                    "outcome": 0.39832177599751795
                },
                "metadata": {
                    "trials": 1
                }
            }
        ],
        [
            {
                "query": {
                    "x1": 9.424480542685036,
                    "x2": 2.4686400209171615
                },
                "metrics": {
                    "outcome": 0.39792510366931033
                },
                "metadata": {
                    "trials": 1
                }
            },
            {
                "query": {
                    "x1": 9.424861937042984,
                    "x2": 2.469959703904021
                },
                "metrics": {
                    "outcome": 0.3979135152650901
                },
                "metadata": {
                    "trials": 1
                }
            },
            {
                "query": {
                    "x1": 9.42407202373168,
                    "x2": 2.467328847598381
                },
                "metrics": {
                    "outcome": 0.3979398164742225
                },
                "metadata": {
                    "trials": 1
                }
            }
        ],
        [
            {
                "query": {
                    "x1": 3.143919097114276,
                    "x2": 2.2646430916732005
                },
                "metrics": {
                    "outcome": 0.397986330794728
                },
                "metadata": {
                    "trials": 1
                }
            },
            {
                "query": {
                    "x1": 3.1437482231776173,
                    "x2": 2.2660121468582095
                },
                "metrics": {
                    "outcome": 0.39796306401301074
                },
                "metadata": {
                    "trials": 1
                }
            },
            {
                "query": {
                    "x1": 3.144158819950176,
                    "x2": 2.2632882420576426
                },
                "metrics": {
                    "outcome": 0.39801328419144255
                },
                "metadata": {
                    "trials": 1
                }
            }
        ],
        [
            {
                "query": {
                    "x1": 9.424912114120302,
                    "x2": 2.470176923562802
                },
                "metrics": {
                    "outcome": 0.3979118105998509
                },
                "metadata": {
                    "trials": 1
                }
            },
            {
                "query": {
                    "x1": 9.425289384991714,
                    "x2": 2.471454620202082
                },
                "metrics": {
                    "outcome": 0.39790442849254326
                },
                "metadata": {
                    "trials": 1
                }
            },
            {
                "query": {
                    "x1": 9.424538652806037,
                    "x2": 2.468903038661599
                },
                "metrics": {
                    "outcome": 0.3979223849692932
                },
                "metadata": {
                    "trials": 1
                }
            }
        ],
        [
            {
                "query": {
                    "x1": 3.133607854746579,
                    "x2": 2.2764010559073835
                },
                "metrics": {
                    "outcome": 0.3982168265965793
                },
                "metadata": {
                    "trials": 1
                }
            },
            {
                "query": {
                    "x1": 3.1330763349774458,
                    "x2": 2.2778147071563892
                },
                "metrics": {
                    "outcome": 0.39825028148296227
                },
                "metadata": {
                    "trials": 1
                }
            },
            {
                "query": {
                    "x1": 3.1342002705932046,
                    "x2": 2.275004562167136
                },
                "metrics": {
                    "outcome": 0.39818298566130217
                },
                "metadata": {
                    "trials": 1
                }
            }
        ],
        [
            {
                "query": {
                    "x1": 9.42529054651607,
                    "x2": 2.471587847540095
                },
                "metrics": {
                    "outcome": 0.3979033998464807
                },
                "metadata": {
                    "trials": 1
                }
            },
            {
                "query": {
                    "x1": 9.424885307003244,
                    "x2": 2.470350073426653
                },
                "metrics": {
                    "outcome": 0.3979098851744425
                },
                "metadata": {
                    "trials": 1
                }
            },
            {
                "query": {
                    "x1": 9.42566315100571,
                    "x2": 2.4728364517023858
                },
                "metrics": {
                    "outcome": 0.39789958965249284
                },
                "metadata": {
                    "trials": 1
                }
            }
        ],
        [
            {
                "query": {
                    "x1": 3.148048272973318,
                    "x2": 2.291181288275309
                },
                "metrics": {
                    "outcome": 0.39853732133024344
                },
                "metadata": {
                    "trials": 1
                }
            },
            {
                "query": {
                    "x1": 3.147726559693357,
                    "x2": 2.2928187809559244
                },
                "metrics": {
                    "outcome": 0.398578643138098
                },
                "metadata": {
                    "trials": 1
                }
            },
            {
                "query": {
                    "x1": 3.1483386146705126,
                    "x2": 2.2895346371531295
                },
                "metrics": {
                    "outcome": 0.39849747389943246
                },
                "metadata": {
                    "trials": 1
                }
            }
        ],
        [
            {
                "query": {
                    "x1": 3.1452468965709564,
                    "x2": 2.2612576906242765
                },
                "metrics": {
                    "outcome": 0.39807015297556525
                },
                "metadata": {
                    "trials": 1
                }
            },
            {
                "query": {
                    "x1": 3.1454870554564724,
                    "x2": 2.259955548200129
                },
                "metrics": {
                    "outcome": 0.39810439612201876
                },
                "metadata": {
                    "trials": 1
                }
            },
            {
                "query": {
                    "x1": 3.1450071319829913,
                    "x2": 2.2625624591452915
                },
                "metrics": {
                    "outcome": 0.39803890633284844
                },
                "metadata": {
                    "trials": 1
                }
            }
        ],
        [
            {
                "query": {
                    "x1": 9.425660725703125,
                    "x2": 2.472974596601679
                },
                "metrics": {
                    "outcome": 0.3978987727154504
                },
                "metadata": {
                    "trials": 1
                }
            },
            {
                "query": {
                    "x1": 9.426025083860399,
                    "x2": 2.474207203287944
                },
                "metrics": {
                    "outcome": 0.39789822881165726
                },
                "metadata": {
                    "trials": 1
                }
            },
            {
                "query": {
                    "x1": 9.425258033773847,
                    "x2": 2.4717549950179887
                },
                "metrics": {
                    "outcome": 0.3979017866311292
                },
                "metadata": {
                    "trials": 1
                }
            }
        ],
        [
            {
                "query": {
                    "x1": 9.426162311951888,
                    "x2": 2.4748831142516106
                },
                "metrics": {
                    "outcome": 0.39789820948062093
                },
                "metadata": {
                    "trials": 1
                }
            },
            {
                "query": {
                    "x1": 9.426508061536003,
                    "x2": 2.4761222203376967
                },
                "metrics": {
                    "outcome": 0.39790184241685367
                },
                "metadata": {
                    "trials": 1
                }
            },
            {
                "query": {
                    "x1": 9.42578152468338,
                    "x2": 2.4736561816171796
                },
                "metrics": {
                    "outcome": 0.39789699125251765
                },
                "metadata": {
                    "trials": 1
                }
            }
        ]
    ],
    "best_results": [
        {
            "query": {
                "x1": 9.42578152468338,
                "x2": 2.4736561816171796
            },
            "metrics": [
                {
                    "name": "outcome",
                    "value": 0.39789699125251765
                }
            ]
        }
    ]
}