{
    "date": "04/11/2022 13:59:26",
    "basic_params": {
        "active_variables": [
            "x1",
            "x2"
        ],
        "default_query": {},
        "metric": "basic",
        "n_trials": 1
    },
    "objective_function": {
        "name": "Branin",
        "params": {}
    },
    "optimizer": {
        "name": "BBO-LP(LCBa)",
        "params": {
            "lower_bound": [
                -5.0,
                0.0
            ],
            "upper_bound": [
                10.0,
                15.0
            ],
            "invert_metric": false,
            "bopt_params": {
                "n_init_samples": 15,
                "n_iterations": 45,
                "n_iter_relearn": 5,
                "verbose_level": 1,
                "n_parallel_samples": 3,
                "par_type": "PAR_BBO",
                "crit_name": "cLP(cLCBa)",
                "n_crit_params": 3,
                "crit_params": [
                    3,
                    1,
                    5.0
                ]
            }
        }
    },
    "iterations": [
        [
            {
                "query": {
                    "x1": -1.2496211240068078,
                    "x2": 8.104028885252774
                },
                "metrics": {
                    "outcome": 13.038701062036695
                },
                "metadata": {
                    "trials": 1
                }
            }
        ],
        [
            {
                "query": {
                    "x1": -4.62719517829828,
                    "x2": 13.414442631183192
                },
                "metrics": {
                    "outcome": 16.559215665694907
                },
                "metadata": {
                    "trials": 1
                }
            }
        ],
        [
            {
                "query": {
                    "x1": 2.849169394467027,
                    "x2": 4.204814534401521
                },
                "metrics": {
                    "outcome": 3.6640451447474156
                },
                "metadata": {
                    "trials": 1
                }
            }
        ],
        [
            {
                "query": {
                    "x1": 0.6865724511444569,
                    "x2": 6.460044980514795
                },
                "metrics": {
                    "outcome": 19.652154565637343
                },
                "metadata": {
                    "trials": 1
                }
            }
        ],
        [
            {
                "query": {
                    "x1": 5.874532879795879,
                    "x2": 5.846774105913937
                },
                "metrics": {
                    "outcome": 41.26206721587923
                },
                "metadata": {
                    "trials": 1
                }
            }
        ],
        [
            {
                "query": {
                    "x1": 7.662704802351072,
                    "x2": 3.050705221714452
                },
                "metrics": {
                    "outcome": 14.584224386841154
                },
                "metadata": {
                    "trials": 1
                }
            }
        ],
        [
            {
                "query": {
                    "x1": 8.289420155342668,
                    "x2": 9.518403665861115
                },
                "metrics": {
                    "outcome": 67.33037014101399
                },
                "metadata": {
                    "trials": 1
                }
            }
        ],
        [
            {
                "query": {
                    "x1": -0.2504113260656595,
                    "x2": 0.07624863320961595
                },
                "metrics": {
                    "outcome": 59.37651637981476
                },
                "metadata": {
                    "trials": 1
                }
            }
        ],
        [
            {
                "query": {
                    "x1": 9.410216961055994,
                    "x2": 10.04900315683335
                },
                "metrics": {
                    "outcome": 57.950219944044086
                },
                "metadata": {
                    "trials": 1
                }
            }
        ],
        [
            {
                "query": {
                    "x1": 4.046603412600234,
                    "x2": 12.080980564234778
                },
                "metrics": {
                    "outcome": 112.35286696014876
                },
                "metadata": {
                    "trials": 1
                }
            }
        ],
        [
            {
                "query": {
                    "x1": 6.585553671000525,
                    "x2": 1.9136389680206776
                },
                "metrics": {
                    "outcome": 19.794088541968136
                },
                "metadata": {
                    "trials": 1
                }
            }
        ],
        [
            {
                "query": {
                    "x1": 1.655847672605887,
                    "x2": 7.983326309826225
                },
                "metrics": {
                    "outcome": 27.37016589501684
                },
                "metadata": {
                    "trials": 1
                }
            }
        ],
        [
            {
                "query": {
                    "x1": -3.176352748880163,
                    "x2": 2.7526715146377683
                },
                "metrics": {
                    "outcome": 92.67933511101383
                },
                "metadata": {
                    "trials": 1
                }
            }
        ],
        [
            {
                "query": {
                    "x1": -2.853597435867414,
                    "x2": 14.459987050155178
                },
                "metrics": {
                    "outcome": 9.009561942042389
                },
                "metadata": {
                    "trials": 1
                }
            }
        ],
        [
            {
                "query": {
                    "x1": 3.500023438129574,
                    "x2": 11.593877751613036
                },
                "metrics": {
                    "outcome": 92.81913466194035
                },
                "metadata": {
                    "trials": 1
                }
            }
        ],
        [
            {
                "query": {
                    "x1": -5.0,
                    "x2": 8.987936691057234
                },
                "metrics": {
                    "outcome": 79.95429694092539
                },
                "metadata": {
                    "trials": 1
                }
            },
            {
                "query": {
                    "x1": -5.0,
                    "x2": 9.112361395738867
                },
                "metrics": {
                    "outcome": 77.92935682957773
                },
                "metadata": {
                    "trials": 1
                }
            },
            {
                "query": {
                    "x1": -5.0,
                    "x2": 8.863650867631414
                },
                "metrics": {
                    "outcome": 82.00788803293304
                },
                "metadata": {
                    "trials": 1
                }
            }
        ],
        [
            {
                "query": {
                    "x1": 3.2089614749002013,
                    "x2": 3.889631173416097
                },
                "metrics": {
                    "outcome": 3.197168081735734
                },
                "metadata": {
                    "trials": 1
                }
            },
            {
                "query": {
                    "x1": 3.1706997937339274,
                    "x2": 3.8969427832269843
                },
                "metrics": {
                    "outcome": 3.1064427998913082
                },
                "metadata": {
                    "trials": 1
                }
            },
            {
                "query": {
                    "x1": 3.247131147240326,
                    "x2": 3.881948090425636
                },
                "metrics": {
                    "outcome": 3.300030987754626
                },
                "metadata": {
                    "trials": 1
                }
            }
        ],
        [
            {
                "query": {
                    "x1": 2.817663130354421,
                    "x2": 3.8425239587331155
                },
                "metrics": {
                    "outcome": 2.5907837040938215
                },
                "metadata": {
                    "trials": 1
                }
            },
            {
                "query": {
                    "x1": 2.8302419792189477,
                    "x2": 3.836939037345271
                },
                "metrics": {
                    "outcome": 2.56677054302358
                },
                "metadata": {
                    "trials": 1
                }
            },
            {
                "query": {
                    "x1": 2.8050873941444623,
                    "x2": 3.8480670784056583
                },
                "metrics": {
                    "outcome": 2.6160752245964316
                },
                "metadata": {
                    "trials": 1
                }
            }
        ],
        [
            {
                "query": {
                    "x1": 2.993928416886834,
                    "x2": 3.5742525766705193
                },
                "metrics": {
                    "outcome": 1.8978017194419774
                },
                "metadata": {
                    "trials": 1
                }
            },
            {
                "query": {
                    "x1": 3.0070956979445658,
                    "x2": 3.5646286166608765
                },
                "metrics": {
                    "outcome": 1.8826818700036902
                },
                "metadata": {
                    "trials": 1
                }
            },
            {
                "query": {
                    "x1": 2.9808322229234587,
                    "x2": 3.5839587727477245
                },
                "metrics": {
                    "outcome": 1.9146876630799383
                },
                "metadata": {
                    "trials": 1
                }
            }
        ],
        [
            {
                "query": {
                    "x1": 3.041385119967634,
                    "x2": 3.3243969356341627
                },
                "metrics": {
                    "outcome": 1.386863868117711
                },
                "metadata": {
                    "trials": 1
                }
            },
            {
                "query": {
                    "x1": 3.0568593131759947,
                    "x2": 3.3148984797992562
                },
                "metrics": {
                    "outcome": 1.3788537573785007
                },
                "metadata": {
                    "trials": 1
                }
            },
            {
                "query": {
                    "x1": 3.0260960527051513,
                    "x2": 3.334165975150581
                },
                "metrics": {
                    "outcome": 1.397667596795646
                },
                "metadata": {
                    "trials": 1
                }
            }
        ],
        [
            {
                "query": {
                    "x1": 9.999999999999998,
                    "x2": 0.0
                },
                "metrics": {
                    "outcome": 10.960889035651494
                },
                "metadata": {
                    "trials": 1
                }
            },
            {
                "query": {
                    "x1": 10.0,
                    "x2": 0.15711522947505333
                },
                "metrics": {
                    "outcome": 10.041953798722574
                },
                "metadata": {
                    "trials": 1
                }
            },
            {
                "query": {
                    "x1": 9.850725267345004,
                    "x2": 0.0
                },
                "metrics": {
                    "outcome": 9.422499653721765
                },
                "metadata": {
                    "trials": 1
                }
            }
        ],
        [
            {
                "query": {
                    "x1": 8.310828571501698,
                    "x2": 0.0
                },
                "metrics": {
                    "outcome": 8.639583258392117
                },
                "metadata": {
                    "trials": 1
                }
            },
            {
                "query": {
                    "x1": 8.225804118269998,
                    "x2": 0.0
                },
                "metrics": {
                    "outcome": 9.231766460667805
                },
                "metadata": {
                    "trials": 1
                }
            },
            {
                "query": {
                    "x1": 8.39536715475678,
                    "x2": 0.0
                },
                "metrics": {
                    "outcome": 8.091821950726548
                },
                "metadata": {
                    "trials": 1
                }
            }
        ],
        [
            {
                "query": {
                    "x1": 3.075445331612414,
                    "x2": 2.9334291259216734
                },
                "metrics": {
                    "outcome": 0.7864599264609424
                },
                "metadata": {
                    "trials": 1
                }
            },
            {
                "query": {
                    "x1": 3.058362512467081,
                    "x2": 2.955325194714364
                },
                "metrics": {
                    "outcome": 0.8087642234531813
                },
                "metadata": {
                    "trials": 1
                }
            },
            {
                "query": {
                    "x1": 3.092947545919584,
                    "x2": 2.9118735559362765
                },
                "metrics": {
                    "outcome": 0.7676057829361405
                },
                "metadata": {
                    "trials": 1
                }
            }
        ],
        [
            {
                "query": {
                    "x1": 3.118760792282538,
                    "x2": 2.6453053386305574
                },
                "metrics": {
                    "outcome": 0.5245985772744604
                },
                "metadata": {
                    "trials": 1
                }
            },
            {
                "query": {
                    "x1": 3.1355592610665024,
                    "x2": 2.6267175563232925
                },
                "metrics": {
                    "outcome": 0.5184764384140728
                },
                "metadata": {
                    "trials": 1
                }
            },
            {
                "query": {
                    "x1": 3.1027020658272004,
                    "x2": 2.6645260784139917
                },
                "metrics": {
                    "outcome": 0.5340300151937303
                },
                "metadata": {
                    "trials": 1
                }
            }
        ],
        [
            {
                "query": {
                    "x1": 3.1342248847868905,
                    "x2": 2.4267043767044196
                },
                "metrics": {
                    "outcome": 0.41944982967272715
                },
                "metadata": {
                    "trials": 1
                }
            },
            {
                "query": {
                    "x1": 3.123458414875758,
                    "x2": 2.4445719216622153
                },
                "metrics": {
                    "outcome": 0.4236113534248247
                },
                "metadata": {
                    "trials": 1
                }
            },
            {
                "query": {
                    "x1": 3.1454880566180847,
                    "x2": 2.4091587751422567
                },
                "metrics": {
                    "outcome": 0.41678259010991603
                },
                "metadata": {
                    "trials": 1
                }
            }
        ],
        [
            {
                "query": {
                    "x1": 9.36930449177543,
                    "x2": 2.0250436907557394
                },
                "metrics": {
                    "outcome": 0.5755192089035575
                },
                "metadata": {
                    "trials": 1
                }
            },
            {
                "query": {
                    "x1": 9.390689992799738,
                    "x2": 2.1032034202876555
                },
                "metrics": {
                    "outcome": 0.5212468703059603
                },
                "metadata": {
                    "trials": 1
                }
            },
            {
                "query": {
                    "x1": 9.349211311437553,
                    "x2": 1.9466454215258846
                },
                "metrics": {
                    "outcome": 0.6418406766539118
                },
                "metadata": {
                    "trials": 1
                }
            }
        ],
        [
            {
                "query": {
                    "x1": 9.819613612381705,
                    "x2": 2.466073374090058
                },
                "metrics": {
                    "outcome": 1.267805404490721
                },
                "metadata": {
                    "trials": 1
                }
            },
            {
                "query": {
                    "x1": 9.837237951294826,
                    "x2": 2.5058426052939087
                },
                "metrics": {
                    "outcome": 1.3181020093613913
                },
                "metadata": {
                    "trials": 1
                }
            },
            {
                "query": {
                    "x1": 9.80210991906731,
                    "x2": 2.42625238612671
                },
                "metrics": {
                    "outcome": 1.2219417607377228
                },
                "metadata": {
                    "trials": 1
                }
            }
        ],
        [
            {
                "query": {
                    "x1": 3.644975709686145,
                    "x2": 5.767518813003349e-13
                },
                "metrics": {
                    "outcome": 5.256839061000937
                },
                "metadata": {
                    "trials": 1
                }
            },
            {
                "query": {
                    "x1": 3.6195656173872504,
                    "x2": 0.131855037426043
                },
                "metrics": {
                    "outcome": 4.713668097244646
                },
                "metadata": {
                    "trials": 1
                }
            },
            {
                "query": {
                    "x1": 3.5965311747474455,
                    "x2": 0.25725918719422
                },
                "metrics": {
                    "outcome": 4.229589338992639
                },
                "metadata": {
                    "trials": 1
                }
            }
        ],
        [
            {
                "query": {
                    "x1": 9.369980759757619,
                    "x2": 2.505532012571303
                },
                "metrics": {
                    "outcome": 0.4181319160103918
                },
                "metadata": {
                    "trials": 1
                }
            },
            {
                "query": {
                    "x1": 9.361856035347172,
                    "x2": 2.4860353643429494
                },
                "metrics": {
                    "outcome": 0.4209342236895033
                },
                "metadata": {
                    "trials": 1
                }
            },
            {
                "query": {
                    "x1": 9.377804032126607,
                    "x2": 2.525070445761992
                },
                "metrics": {
                    "outcome": 0.4164731316805437
                },
                "metadata": {
                    "trials": 1
                }
            }
        ],
        [
            {
                "query": {
                    "x1": 3.1717774401658207,
                    "x2": 2.0327283847338466
                },
                "metrics": {
                    "outcome": 0.4501564451911122
                },
                "metadata": {
                    "trials": 1
                }
            },
            {
                "query": {
                    "x1": 3.1689127429192006,
                    "x2": 2.0484019416405608
                },
                "metrics": {
                    "outcome": 0.4436550824193777
                },
                "metadata": {
                    "trials": 1
                }
            },
            {
                "query": {
                    "x1": 3.174519020056703,
                    "x2": 2.01706223466799
                },
                "metrics": {
                    "outcome": 0.45710164032800016
                },
                "metadata": {
                    "trials": 1
                }
            }
        ],
        [
            {
                "query": {
                    "x1": 9.451759092740879,
                    "x2": 2.469307444606846
                },
                "metrics": {
                    "outcome": 0.40219708599467907
                },
                "metadata": {
                    "trials": 1
                }
            },
            {
                "query": {
                    "x1": 9.453661328225609,
                    "x2": 2.477391994936679
                },
                "metrics": {
                    "outcome": 0.40237986007175053
                },
                "metadata": {
                    "trials": 1
                }
            },
            {
                "query": {
                    "x1": 9.44984726647168,
                    "x2": 2.4612317977294436
                },
                "metrics": {
                    "outcome": 0.40212923173205795
                },
                "metadata": {
                    "trials": 1
                }
            }
        ],
        [
            {
                "query": {
                    "x1": 3.218390062219493,
                    "x2": 2.197900741061379
                },
                "metrics": {
                    "outcome": 0.42651223602249466
                },
                "metadata": {
                    "trials": 1
                }
            },
            {
                "query": {
                    "x1": 3.2146310286252806,
                    "x2": 2.207095427758241
                },
                "metrics": {
                    "outcome": 0.42362306098637603
                },
                "metadata": {
                    "trials": 1
                }
            },
            {
                "query": {
                    "x1": 3.222128452294479,
                    "x2": 2.1886983365029047
                },
                "metrics": {
                    "outcome": 0.4296023464869254
                },
                "metadata": {
                    "trials": 1
                }
            }
        ],
        [
            {
                "query": {
                    "x1": 3.131139978061862,
                    "x2": 2.2573688834903325
                },
                "metrics": {
                    "outcome": 0.39907738609333343
                },
                "metadata": {
                    "trials": 1
                }
            },
            {
                "query": {
                    "x1": 3.1322127056139983,
                    "x2": 2.25199862822136
                },
                "metrics": {
                    "outcome": 0.399229542052165
                },
                "metadata": {
                    "trials": 1
                }
            },
            {
                "query": {
                    "x1": 3.130032133857309,
                    "x2": 2.2627356176056566
                },
                "metrics": {
                    "outcome": 0.39898256251900754
                },
                "metadata": {
                    "trials": 1
                }
            }
        ],
        [
            {
                "query": {
                    "x1": 9.410423691961176,
                    "x2": 2.4214633909616032
                },
                "metrics": {
                    "outcome": 0.40059509960633655
                },
                "metadata": {
                    "trials": 1
                }
            },
            {
                "query": {
                    "x1": 9.411097330281349,
                    "x2": 2.425796865927573
                },
                "metrics": {
                    "outcome": 0.4002062486394369
                },
                "metadata": {
                    "trials": 1
                }
            },
            {
                "query": {
                    "x1": 9.409740324440671,
                    "x2": 2.4171329944245903
                },
                "metrics": {
                    "outcome": 0.4010170961458943
                },
                "metadata": {
                    "trials": 1
                }
            }
        ],
        [
            {
                "query": {
                    "x1": 3.152479747517953,
                    "x2": 2.2659626366952623
                },
                "metrics": {
                    "outcome": 0.3984567317744965
                },
                "metadata": {
                    "trials": 1
                }
            },
            {
                "query": {
                    "x1": 3.152912006496509,
                    "x2": 2.2627226803157052
                },
                "metrics": {
                    "outcome": 0.39851451542818594
                },
                "metadata": {
                    "trials": 1
                }
            },
            {
                "query": {
                    "x1": 3.152036416539497,
                    "x2": 2.269200624217537
                },
                "metrics": {
                    "outcome": 0.39841644915811436
                },
                "metadata": {
                    "trials": 1
                }
            }
        ],
        [
            {
                "query": {
                    "x1": 9.428074949567444,
                    "x2": 2.504052950379266
                },
                "metrics": {
                    "outcome": 0.39862968320699643
                },
                "metadata": {
                    "trials": 1
                }
            },
            {
                "query": {
                    "x1": 9.427384508907346,
                    "x2": 2.500630682294759
                },
                "metrics": {
                    "outcome": 0.3984689942007087
                },
                "metadata": {
                    "trials": 1
                }
            },
            {
                "query": {
                    "x1": 9.42877558239864,
                    "x2": 2.507470201886695
                },
                "metrics": {
                    "outcome": 0.39881066384426944
                },
                "metadata": {
                    "trials": 1
                }
            }
        ],
        [
            {
                "query": {
                    "x1": 9.421177537049257,
                    "x2": 2.4663064866567384
                },
                "metrics": {
                    "outcome": 0.3979816087096566
                },
                "metadata": {
                    "trials": 1
                }
            },
            {
                "query": {
                    "x1": 9.421481303168754,
                    "x2": 2.4687322278824952
                },
                "metrics": {
                    "outcome": 0.39795170409269964
                },
                "metadata": {
                    "trials": 1
                }
            },
            {
                "query": {
                    "x1": 9.420886324646155,
                    "x2": 2.463882891882133
                },
                "metrics": {
                    "outcome": 0.39802147778968333
                },
                "metadata": {
                    "trials": 1
                }
            }
        ],
        [
            {
                "query": {
                    "x1": 3.1469674237638134,
                    "x2": 2.2716707220994814
                },
                "metrics": {
                    "outcome": 0.3980267881677051
                },
                "metadata": {
                    "trials": 1
                }
            },
            {
                "query": {
                    "x1": 3.14754734745069,
                    "x2": 2.269152800279492
                },
                "metrics": {
                    "outcome": 0.3980590540625002
                },
                "metadata": {
                    "trials": 1
                }
            },
            {
                "query": {
                    "x1": 3.146339527403015,
                    "x2": 2.27417793374215
                },
                "metrics": {
                    "outcome": 0.39800381546791286
                },
                "metadata": {
                    "trials": 1
                }
            }
        ],
        [
            {
                "query": {
                    "x1": 9.421799064182109,
                    "x2": 2.4684024658361134
                },
                "metrics": {
                    "outcome": 0.39794665615801783
                },
                "metadata": {
                    "trials": 1
                }
            },
            {
                "query": {
                    "x1": 9.422117837783029,
                    "x2": 2.470665746049038
                },
                "metrics": {
                    "outcome": 0.3979257047323266
                },
                "metadata": {
                    "trials": 1
                }
            },
            {
                "query": {
                    "x1": 9.421492524204897,
                    "x2": 2.466145257572418
                },
                "metrics": {
                    "outcome": 0.3979762055424825
                },
                "metadata": {
                    "trials": 1
                }
            }
        ],
        [
            {
                "query": {
                    "x1": 3.1306626699859095,
                    "x2": 2.2862509796170527
                },
                "metrics": {
                    "outcome": 0.39846826131915236
                },
                "metadata": {
                    "trials": 1
                }
            },
            {
                "query": {
                    "x1": 3.132047111733989,
                    "x2": 2.2838842767317953
                },
                "metrics": {
                    "outcome": 0.3983268541478644
                },
                "metadata": {
                    "trials": 1
                }
            },
            {
                "query": {
                    "x1": 3.1294326018790137,
                    "x2": 2.2838952711123492
                },
                "metrics": {
                    "outcome": 0.39859763449319807
                },
                "metadata": {
                    "trials": 1
                }
            }
        ],
        [
            {
                "query": {
                    "x1": 3.1489528728967713,
                    "x2": 2.2683100011066566
                },
                "metrics": {
                    "outcome": 0.39814835932331505
                },
                "metadata": {
                    "trials": 1
                }
            },
            {
                "query": {
                    "x1": 3.148613302794441,
                    "x2": 2.2706502518867024
                },
                "metrics": {
                    "outcome": 0.39812525066304083
                },
                "metadata": {
                    "trials": 1
                }
            },
            {
                "query": {
                    "x1": 3.1492674667851723,
                    "x2": 2.265967023664085
                },
                "metrics": {
                    "outcome": 0.3981794867285622
                },
                "metadata": {
                    "trials": 1
                }
            }
        ],
        [
            {
                "query": {
                    "x1": 9.422209481118946,
                    "x2": 2.4698324970252283
                },
                "metrics": {
                    "outcome": 0.39792804143429805
                },
                "metadata": {
                    "trials": 1
                }
            },
            {
                "query": {
                    "x1": 9.42254329833381,
                    "x2": 2.4720006429136827
                },
                "metrics": {
                    "outcome": 0.39791257609554265
                },
                "metadata": {
                    "trials": 1
                }
            },
            {
                "query": {
                    "x1": 9.421892853118873,
                    "x2": 2.467674938059327
                },
                "metrics": {
                    "outcome": 0.39795125739298953
                },
                "metadata": {
                    "trials": 1
                }
            }
        ],
        [
            {
                "query": {
                    "x1": 9.422592158510065,
                    "x2": 2.4713223427605793
                },
                "metrics": {
                    "outcome": 0.39791366128328853
                },
                "metadata": {
                    "trials": 1
                }
            },
            {
                "query": {
                    "x1": 9.422953883328072,
                    "x2": 2.4734670259319773
                },
                "metrics": {
                    "outcome": 0.39790333210831896
                },
                "metadata": {
                    "trials": 1
                }
            },
            {
                "query": {
                    "x1": 9.422255404535761,
                    "x2": 2.469208504560526
                },
                "metrics": {
                    "outcome": 0.3979313366979742
                },
                "metadata": {
                    "trials": 1
                }
            }
        ],
        [
            {
                "query": {
                    "x1": 3.1473719179154163,
                    "x2": 2.2706382921826394
                },
                "metrics": {
                    "outcome": 0.398047731944116
                },
                "metadata": {
                    "trials": 1
                }
            },
            {
                "query": {
                    "x1": 3.1469705710376026,
                    "x2": 2.272800116413052
                },
                "metrics": {
                    "outcome": 0.39803017521394146
                },
                "metadata": {
                    "trials": 1
                }
            },
            {
                "query": {
                    "x1": 3.147732092796881,
                    "x2": 2.2684690656666726
                },
                "metrics": {
                    "outcome": 0.3980713771762421
                },
                "metadata": {
                    "trials": 1
                }
            }
        ],
        [
            {
                "query": {
                    "x1": 9.428273277398468,
                    "x2": 2.4973309107743016
                },
                "metrics": {
                    "outcome": 0.39832163488433103
                },
                "metadata": {
                    "trials": 1
                }
            },
            {
                "query": {
                    "x1": 9.42770850075271,
                    "x2": 2.494926443168453
                },
                "metrics": {
                    "outcome": 0.3982332092965901
                },
                "metadata": {
                    "trials": 1
                }
            },
            {
                "query": {
                    "x1": 9.428834021992056,
                    "x2": 2.4997189100651847
                },
                "metrics": {
                    "outcome": 0.39841983737220943
                },
                "metadata": {
                    "trials": 1
                }
            }
        ],
        [
            {
                "query": {
                    "x1": 9.421118940187126,
                    "x2": 2.4611472438224298
                },
                "metrics": {
                    "outcome": 0.3980675866202379
                },
                "metadata": {
                    "trials": 1
                }
            },
            {
                "query": {
                    "x1": 9.421351918999823,
                    "x2": 2.4631431857492707
                },
                "metrics": {
                    "outcome": 0.3980241433822531
                },
                "metadata": {
                    "trials": 1
                }
            },
            {
                "query": {
                    "x1": 9.420892650569133,
                    "x2": 2.4591579809296045
                },
                "metrics": {
                    "outcome": 0.39811775276525374
                },
                "metadata": {
                    "trials": 1
                }
            }
        ],
        [
            {
                "query": {
                    "x1": 3.1314442658208748,
                    "x2": 2.2862350975427495
                },
                "metrics": {
                    "outcome": 0.39839275261086904
                },
                "metadata": {
                    "trials": 1
                }
            },
            {
                "query": {
                    "x1": 3.132229088062264,
                    "x2": 2.283988145942328
                },
                "metrics": {
                    "outcome": 0.3983110979334601
                },
                "metadata": {
                    "trials": 1
                }
            },
            {
                "query": {
                    "x1": 3.1307670539461157,
                    "x2": 2.288503742881477
                },
                "metrics": {
                    "outcome": 0.39847546907206244
                },
                "metadata": {
                    "trials": 1
                }
            }
        ],
        [
            {
                "query": {
                    "x1": 3.1481015576116143,
                    "x2": 2.268546241739709
                },
                "metrics": {
                    "outcome": 0.3980926710040862
                },
                "metadata": {
                    "trials": 1
                }
            },
            {
                "query": {
                    "x1": 3.1478717495253736,
                    "x2": 2.2706530307762023
                },
                "metrics": {
                    "outcome": 0.3980769453258013
                },
                "metadata": {
                    "trials": 1
                }
            },
            {
                "query": {
                    "x1": 3.1483024589121804,
                    "x2": 2.266437466223129
                },
                "metrics": {
                    "outcome": 0.398114634152023
                },
                "metadata": {
                    "trials": 1
                }
            }
        ],
        [
            {
                "query": {
                    "x1": 9.421526345769806,
                    "x2": 2.463590557656591
                },
                "metrics": {
                    "outcome": 0.39801325351319683
                },
                "metadata": {
                    "trials": 1
                }
            },
            {
                "query": {
                    "x1": 9.421772513158112,
                    "x2": 2.4655138189638826
                },
                "metrics": {
                    "outcome": 0.39797905720620363
                },
                "metadata": {
                    "trials": 1
                }
            },
            {
                "query": {
                    "x1": 9.42129288740539,
                    "x2": 2.461679317265984
                },
                "metrics": {
                    "outcome": 0.3980534667257114
                },
                "metadata": {
                    "trials": 1
                }
            }
        ],
        [
            {
                "query": {
                    "x1": 3.1470561369819556,
                    "x2": 2.2711599217975285
                },
                "metrics": {
                    "outcome": 0.3980308409613702
                },
                "metadata": {
                    "trials": 1
                }
            },
            {
                "query": {
                    "x1": 3.147281939551849,
                    "x2": 2.269129916207276
                },
                "metrics": {
                    "outcome": 0.3980448239655967
                },
                "metadata": {
                    "trials": 1
                }
            },
            {
                "query": {
                    "x1": 3.1467877960181703,
                    "x2": 2.273182189947977
                },
                "metrics": {
                    "outcome": 0.39802190928760695
                },
                "metadata": {
                    "trials": 1
                }
            }
        ],
        [
            {
                "query": {
                    "x1": 9.427667744072393,
                    "x2": 2.4942451312884626
                },
                "metrics": {
                    "outcome": 0.3982099076557706
                },
                "metadata": {
                    "trials": 1
                }
            },
            {
                "query": {
                    "x1": 9.42716454244697,
                    "x2": 2.492157019225071
                },
                "metrics": {
                    "outcome": 0.39814401846716585
                },
                "metadata": {
                    "trials": 1
                }
            },
            {
                "query": {
                    "x1": 9.428178356801139,
                    "x2": 2.496381559050033
                },
                "metrics": {
                    "outcome": 0.39828555604583116
                },
                "metadata": {
                    "trials": 1
                }
            }
        ],
        [
            {
                "query": {
                    "x1": 9.42138050344277,
                    "x2": 2.4621835286843785
                },
                "metrics": {
                    "outcome": 0.39804181990206366
                },
                "metadata": {
                    "trials": 1
                }
            },
            {
                "query": {
                    "x1": 9.421592705769715,
                    "x2": 2.4640415576820605
                },
                "metrics": {
                    "outcome": 0.39800450973615575
                },
                "metadata": {
                    "trials": 1
                }
            },
            {
                "query": {
                    "x1": 9.42117803783053,
                    "x2": 2.4603336104793727
                },
                "metrics": {
                    "outcome": 0.39808486737288007
                },
                "metadata": {
                    "trials": 1
                }
            }
        ],
        [
            {
                "query": {
                    "x1": 3.1322515890220206,
                    "x2": 2.2855989099057714
                },
                "metrics": {
                    "outcome": 0.3983171824894356
                },
                "metadata": {
                    "trials": 1
                }
            },
            {
                "query": {
                    "x1": 3.13261023717083,
                    "x2": 2.283447370767332
                },
                "metrics": {
                    "outcome": 0.39827677303197184
                },
                "metadata": {
                    "trials": 1
                }
            },
            {
                "query": {
                    "x1": 3.1319519292634617,
                    "x2": 2.2877470478737236
                },
                "metrics": {
                    "outcome": 0.39836079482877906
                },
                "metadata": {
                    "trials": 1
                }
            }
        ],
        [
            {
                "query": {
                    "x1": 3.1476896527352327,
                    "x2": 2.2662957547964244
                },
                "metrics": {
                    "outcome": 0.39808146482189777
                },
                "metadata": {
                    "trials": 1
                }
            },
            {
                "query": {
                    "x1": 3.147604056482397,
                    "x2": 2.2683414317143558
                },
                "metrics": {
                    "outcome": 0.3980647541804281
                },
                "metadata": {
                    "trials": 1
                }
            },
            {
                "query": {
                    "x1": 3.147744110405064,
                    "x2": 2.2642646230824415
                },
                "metrics": {
                    "outcome": 0.39810435033853686
                },
                "metadata": {
                    "trials": 1
                }
            }
        ],
        [
            {
                "query": {
                    "x1": 9.421680196525957,
                    "x2": 2.4640483306240064
                },
                "metrics": {
                    "outcome": 0.3980029829031544
                },
                "metadata": {
                    "trials": 1
                }
            },
            {
                "query": {
                    "x1": 9.421902494329967,
                    "x2": 2.4658569752822883
                },
                "metrics": {
                    "outcome": 0.39797219357405034
                },
                "metadata": {
                    "trials": 1
                }
            },
            {
                "query": {
                    "x1": 9.42147094285424,
                    "x2": 2.4622511171305552
                },
                "metrics": {
                    "outcome": 0.3980390804575311
                },
                "metadata": {
                    "trials": 1
                }
            }
        ],
        [
            {
                "query": {
                    "x1": 3.145985788325291,
                    "x2": 2.279131260659771
                },
                "metrics": {
                    "outcome": 0.3980370911183684
                },
                "metadata": {
                    "trials": 1
                }
            },
            {
                "query": {
                    "x1": 3.146317118894993,
                    "x2": 2.2772312516351843
                },
                "metrics": {
                    "outcome": 0.39802948089395684
                },
                "metadata": {
                    "trials": 1
                }
            },
            {
                "query": {
                    "x1": 3.1455976052462216,
                    "x2": 2.2810000442448817
                },
                "metrics": {
                    "outcome": 0.3980475624094133
                },
                "metadata": {
                    "trials": 1
                }
            }
        ],
        [
            {
                "query": {
                    "x1": 9.427815804940908,
                    "x2": 2.4943445630457113
                },
                "metrics": {
                    "outcome": 0.3982132623289196
                },
                "metadata": {
                    "trials": 1
                }
            },
            {
                "query": {
                    "x1": 9.428311238777427,
                    "x2": 2.496370123782137
                },
                "metrics": {
                    "outcome": 0.3982854171263064
                },
                "metadata": {
                    "trials": 1
                }
            },
            {
                "query": {
                    "x1": 9.427318120134986,
                    "x2": 2.492304971767429
                },
                "metrics": {
                    "outcome": 0.39814820596262024
                },
                "metadata": {
                    "trials": 1
                }
            }
        ],
        [
            {
                "query": {
                    "x1": 9.421587697261534,
                    "x2": 2.46310274201996
                },
                "metrics": {
                    "outcome": 0.39802100017507236
                },
                "metadata": {
                    "trials": 1
                }
            },
            {
                "query": {
                    "x1": 9.421776193239005,
                    "x2": 2.4648625037421743
                },
                "metrics": {
                    "outcome": 0.39798847858617137
                },
                "metadata": {
                    "trials": 1
                }
            },
            {
                "query": {
                    "x1": 9.421406755860774,
                    "x2": 2.4613508308426795
                },
                "metrics": {
                    "outcome": 0.3980587120577255
                },
                "metadata": {
                    "trials": 1
                }
            }
        ],
        [
            {
                "query": {
                    "x1": 3.146173375674387,
                    "x2": 2.255755554959312
                },
                "metrics": {
                    "outcome": 0.39823379871589104
                },
                "metadata": {
                    "trials": 1
                }
            },
            {
                "query": {
                    "x1": 3.146146079213853,
                    "x2": 2.257727539638256
                },
                "metrics": {
                    "outcome": 0.39817525228364126
                },
                "metadata": {
                    "trials": 1
                }
            },
            {
                "query": {
                    "x1": 3.146252010693143,
                    "x2": 2.2538027473813
                },
                "metrics": {
                    "outcome": 0.3983001655154208
                },
                "metadata": {
                    "trials": 1
                }
            }
        ],
        [
            {
                "query": {
                    "x1": 3.131829402243797,
                    "x2": 2.286116106142219
                },
                "metrics": {
                    "outcome": 0.3983571748702648
                },
                "metadata": {
                    "trials": 1
                }
            },
            {
                "query": {
                    "x1": 3.1318418953789653,
                    "x2": 2.2840172629375948
                },
                "metrics": {
                    "outcome": 0.3983457876499159
                },
                "metadata": {
                    "trials": 1
                }
            },
            {
                "query": {
                    "x1": 3.1319432516662378,
                    "x2": 2.2819700912566376
                },
                "metrics": {
                    "outcome": 0.3983347068284804
                },
                "metadata": {
                    "trials": 1
                }
            }
        ]
    ],
    "best_results": [
        {
            "query": {
                "x1": 9.422953883328072,
                "x2": 2.4734670259319773
            },
            "metrics": [
                {
                    "name": "outcome",
                    "value": 0.39790333210831896
                }
            ]
        }
    ]
}