{
    "date": "04/11/2022 13:58:52",
    "basic_params": {
        "active_variables": [
            "x1",
            "x2"
        ],
        "default_query": {},
        "metric": "basic",
        "n_trials": 1
    },
    "objective_function": {
        "name": "Gramacy2D",
        "params": {}
    },
    "optimizer": {
        "name": "BBO-LP(LCBa)",
        "params": {
            "lower_bound": [
                -2.0,
                -2.0
            ],
            "upper_bound": [
                6.0,
                6.0
            ],
            "invert_metric": false,
            "bopt_params": {
                "n_init_samples": 15,
                "n_iterations": 45,
                "n_iter_relearn": 5,
                "verbose_level": 1,
                "n_parallel_samples": 3,
                "par_type": "PAR_BBO",
                "crit_name": "cLP(cLCBa)",
                "n_crit_params": 3,
                "crit_params": [
                    3,
                    1,
                    5.0
                ]
            }
        }
    },
    "iterations": [
        [
            {
                "query": {
                    "x1": -1.64423416107893,
                    "x2": -0.18522429118553796
                },
                "metrics": {
                    "outcome": -0.10640110739653912
                },
                "metadata": {
                    "trials": 1
                }
            }
        ],
        [
            {
                "query": {
                    "x1": -0.05234637632966033,
                    "x2": -0.761272036160032
                },
                "metrics": {
                    "outcome": -0.029242041719813337
                },
                "metadata": {
                    "trials": 1
                }
            }
        ],
        [
            {
                "query": {
                    "x1": 0.6118962307771048,
                    "x2": 1.1762260189900795
                },
                "metrics": {
                    "outcome": 0.10549231066770377
                },
                "metadata": {
                    "trials": 1
                }
            }
        ],
        [
            {
                "query": {
                    "x1": 5.29511666658024,
                    "x2": -0.9646447413911423
                },
                "metrics": {
                    "outcome": 1.3895863852571188e-12
                },
                "metadata": {
                    "trials": 1
                }
            }
        ],
        [
            {
                "query": {
                    "x1": 4.12710112867256,
                    "x2": 4.695486540098985
                },
                "metrics": {
                    "outcome": 4.397183670000912e-17
                },
                "metadata": {
                    "trials": 1
                }
            }
        ],
        [
            {
                "query": {
                    "x1": -0.8614432215690613,
                    "x2": 2.526729400083423
                },
                "metrics": {
                    "outcome": -0.0006922301874071763
                },
                "metadata": {
                    "trials": 1
                }
            }
        ],
        [
            {
                "query": {
                    "x1": -1.4610748791446289,
                    "x2": 1.7402284502983094
                },
                "metrics": {
                    "outcome": -0.008362795830920648
                },
                "metadata": {
                    "trials": 1
                }
            }
        ],
        [
            {
                "query": {
                    "x1": 4.485075115785003,
                    "x2": 0.5943193634351096
                },
                "metrics": {
                    "outcome": 5.78290863728575e-09
                },
                "metadata": {
                    "trials": 1
                }
            }
        ],
        [
            {
                "query": {
                    "x1": 5.730773696924249,
                    "x2": 5.130194686725735
                },
                "metrics": {
                    "outcome": 1.161617212655574e-25
                },
                "metadata": {
                    "trials": 1
                }
            }
        ],
        [
            {
                "query": {
                    "x1": 3.8534665466596687,
                    "x2": 5.962037815526128
                },
                "metrics": {
                    "outcome": 5.006543970407812e-22
                },
                "metadata": {
                    "trials": 1
                }
            }
        ],
        [
            {
                "query": {
                    "x1": 2.962507228553295,
                    "x2": 1.3532733416805667
                },
                "metrics": {
                    "outcome": 7.324051034545251e-05
                },
                "metadata": {
                    "trials": 1
                }
            }
        ],
        [
            {
                "query": {
                    "x1": 2.6001211731384197,
                    "x2": -1.6077264431864022
                },
                "metrics": {
                    "outcome": 0.00022715990023730682
                },
                "metadata": {
                    "trials": 1
                }
            }
        ],
        [
            {
                "query": {
                    "x1": 0.7232668609668811,
                    "x2": 3.1834992478291193
                },
                "metrics": {
                    "outcome": 1.70091446878695e-05
                },
                "metadata": {
                    "trials": 1
                }
            }
        ],
        [
            {
                "query": {
                    "x1": 1.2778762534260748,
                    "x2": 3.9048286518702904
                },
                "metrics": {
                    "outcome": 5.960925458991063e-08
                },
                "metadata": {
                    "trials": 1
                }
            }
        ],
        [
            {
                "query": {
                    "x1": 1.745070228849848,
                    "x2": 3.5680699147284027
                },
                "metrics": {
                    "outcome": 2.455910164280176e-07
                },
                "metadata": {
                    "trials": 1
                }
            }
        ],
        [
            {
                "query": {
                    "x1": -2.0,
                    "x2": -2.0
                },
                "metrics": {
                    "outcome": -0.0006709252558050237
                },
                "metadata": {
                    "trials": 1
                }
            },
            {
                "query": {
                    "x1": -2.0,
                    "x2": 5.99999999999994
                },
                "metrics": {
                    "outcome": -8.496708510589336e-18
                },
                "metadata": {
                    "trials": 1
                }
            },
            {
                "query": {
                    "x1": 6.0,
                    "x2": 2.4141144184616543
                },
                "metrics": {
                    "outcome": 4.0973594010454814e-18
                },
                "metadata": {
                    "trials": 1
                }
            }
        ],
        [
            {
                "query": {
                    "x1": -2.0,
                    "x2": 4.077460942031409
                },
                "metrics": {
                    "outcome": -2.2049950934744795e-09
                },
                "metadata": {
                    "trials": 1
                }
            },
            {
                "query": {
                    "x1": 6.0,
                    "x2": -2.0
                },
                "metrics": {
                    "outcome": 2.5490125531749533e-17
                },
                "metadata": {
                    "trials": 1
                }
            },
            {
                "query": {
                    "x1": -2.0,
                    "x2": -0.7529908810471238
                },
                "metrics": {
                    "outcome": -0.020778258852972676
                },
                "metadata": {
                    "trials": 1
                }
            }
        ],
        [
            {
                "query": {
                    "x1": 0.30442404545910406,
                    "x2": 6.0
                },
                "metrics": {
                    "outcome": 6.436203954712943e-17
                },
                "metadata": {
                    "trials": 1
                }
            },
            {
                "query": {
                    "x1": 0.07943566720510686,
                    "x2": -2.0
                },
                "metrics": {
                    "outcome": 0.0014457633490193547
                },
                "metadata": {
                    "trials": 1
                }
            },
            {
                "query": {
                    "x1": 4.247783216472723,
                    "x2": 2.5887039791586
                },
                "metrics": {
                    "outcome": 7.612432209263146e-11
                },
                "metadata": {
                    "trials": 1
                }
            }
        ],
        [
            {
                "query": {
                    "x1": -2.0,
                    "x2": 0.44893941912693913
                },
                "metrics": {
                    "outcome": -0.02994480511197499
                },
                "metadata": {
                    "trials": 1
                }
            },
            {
                "query": {
                    "x1": 4.327937784954014,
                    "x2": -2.0
                },
                "metrics": {
                    "outcome": 5.811836570194553e-10
                },
                "metadata": {
                    "trials": 1
                }
            },
            {
                "query": {
                    "x1": 5.9999999999994,
                    "x2": 6.0
                },
                "metrics": {
                    "outcome": 3.228111696035618e-31
                },
                "metadata": {
                    "trials": 1
                }
            }
        ],
        [
            {
                "query": {
                    "x1": -1.0615094138509598,
                    "x2": -0.031924768294728345
                },
                "metrics": {
                    "outcome": -0.3436506960477251
                },
                "metadata": {
                    "trials": 1
                }
            },
            {
                "query": {
                    "x1": -0.9257169094830937,
                    "x2": 5.004420165774683
                },
                "metrics": {
                    "outcome": -5.22085571969987e-12
                },
                "metadata": {
                    "trials": 1
                }
            },
            {
                "query": {
                    "x1": 6.0,
                    "x2": 0.5932987343111131
                },
                "metrics": {
                    "outcome": 9.787612632072898e-16
                },
                "metadata": {
                    "trials": 1
                }
            }
        ],
        [
            {
                "query": {
                    "x1": -1.9997999303302143,
                    "x2": 5.536489162738959
                },
                "metrics": {
                    "outcome": -1.7858804182709392e-15
                },
                "metadata": {
                    "trials": 1
                }
            },
            {
                "query": {
                    "x1": -0.8585591162728388,
                    "x2": 5.53650318107339
                },
                "metrics": {
                    "outcome": -2.0011066062856874e-14
                },
                "metadata": {
                    "trials": 1
                }
            },
            {
                "query": {
                    "x1": 0.28583919145546544,
                    "x2": 5.536514881971744
                },
                "metrics": {
                    "outcome": 1.282952838664886e-14
                },
                "metadata": {
                    "trials": 1
                }
            }
        ],
        [
            {
                "query": {
                    "x1": 5.999800403961387,
                    "x2": 0.1462795086840991
                },
                "metrics": {
                    "outcome": 1.3654718076472335e-15
                },
                "metadata": {
                    "trials": 1
                }
            },
            {
                "query": {
                    "x1": 5.476025776184185,
                    "x2": 0.14628711986376963
                },
                "metrics": {
                    "outcome": 5.082115442433514e-13
                },
                "metadata": {
                    "trials": 1
                }
            },
            {
                "query": {
                    "x1": 4.951493125597871,
                    "x2": 0.14629416224025693
                },
                "metrics": {
                    "outcome": 1.0907373635175876e-10
                },
                "metadata": {
                    "trials": 1
                }
            }
        ],
        [
            {
                "query": {
                    "x1": -1.9997999922829053,
                    "x2": 2.045410449207358
                },
                "metrics": {
                    "outcome": -0.0005587229956369453
                },
                "metadata": {
                    "trials": 1
                }
            },
            {
                "query": {
                    "x1": -1.3365603874074101,
                    "x2": 2.0453810691525014
                },
                "metrics": {
                    "outcome": -0.0034139750990482796
                },
                "metadata": {
                    "trials": 1
                }
            },
            {
                "query": {
                    "x1": -0.6725306425971338,
                    "x2": 2.0453515290450603
                },
                "metrics": {
                    "outcome": -0.006522693036311152
                },
                "metadata": {
                    "trials": 1
                }
            }
        ],
        [
            {
                "query": {
                    "x1": -1.9998005715290772,
                    "x2": 2.9263708656348015
                },
                "metrics": {
                    "outcome": -6.998593849213915e-06
                },
                "metadata": {
                    "trials": 1
                }
            },
            {
                "query": {
                    "x1": -1.3745602855731018,
                    "x2": 2.9263904682721824
                },
                "metrics": {
                    "outcome": -3.966492493028307e-05
                },
                "metadata": {
                    "trials": 1
                }
            },
            {
                "query": {
                    "x1": -0.7460959262684239,
                    "x2": 2.9264101257295847
                },
                "metrics": {
                    "outcome": -8.161998149395504e-05
                },
                "metadata": {
                    "trials": 1
                }
            }
        ],
        [
            {
                "query": {
                    "x1": 5.999259605428614,
                    "x2": 4.396364751115551
                },
                "metrics": {
                    "outcome": 5.6663176153335636e-24
                },
                "metadata": {
                    "trials": 1
                }
            },
            {
                "query": {
                    "x1": -1.0779757234708987,
                    "x2": -0.06560429743053686
                },
                "metrics": {
                    "outcome": -0.33579627343539076
                },
                "metadata": {
                    "trials": 1
                }
            },
            {
                "query": {
                    "x1": -0.9778041521511041,
                    "x2": -0.06547188129375736
                },
                "metrics": {
                    "outcome": -0.3742491938863431
                },
                "metadata": {
                    "trials": 1
                }
            }
        ],
        [
            {
                "query": {
                    "x1": 2.495470810109347,
                    "x2": 6.0
                },
                "metrics": {
                    "outcome": 1.1429750118020791e-18
                },
                "metadata": {
                    "trials": 1
                }
            },
            {
                "query": {
                    "x1": 1.5676734067701772,
                    "x2": -2.0
                },
                "metrics": {
                    "outcome": 0.0024589833260413667
                },
                "metadata": {
                    "trials": 1
                }
            },
            {
                "query": {
                    "x1": 3.4848128466359016,
                    "x2": -2.0
                },
                "metrics": {
                    "outcome": 3.3959699341821616e-07
                },
                "metadata": {
                    "trials": 1
                }
            }
        ],
        [
            {
                "query": {
                    "x1": 4.92814812202431,
                    "x2": 6.0
                },
                "metrics": {
                    "outcome": 3.2398654081336835e-26
                },
                "metadata": {
                    "trials": 1
                }
            },
            {
                "query": {
                    "x1": 4.963960021160846,
                    "x2": 4.748582805378238
                },
                "metrics": {
                    "outcome": 1.590371954018451e-20
                },
                "metadata": {
                    "trials": 1
                }
            },
            {
                "query": {
                    "x1": 3.182004660915551,
                    "x2": 6.0
                },
                "metrics": {
                    "outcome": 2.956658047491022e-20
                },
                "metadata": {
                    "trials": 1
                }
            }
        ],
        [
            {
                "query": {
                    "x1": 2.078102019674655,
                    "x2": -2.0
                },
                "metrics": {
                    "outcome": 0.0005069728948803852
                },
                "metadata": {
                    "trials": 1
                }
            },
            {
                "query": {
                    "x1": 2.106258552011438,
                    "x2": -0.601993458561557
                },
                "metrics": {
                    "outcome": 0.01735615576014697
                },
                "metadata": {
                    "trials": 1
                }
            },
            {
                "query": {
                    "x1": 2.159903292228897,
                    "x2": 0.731996160452244
                },
                "metrics": {
                    "outcome": 0.011903329094835095
                },
                "metadata": {
                    "trials": 1
                }
            }
        ],
        [
            {
                "query": {
                    "x1": 1.0192037259525182,
                    "x2": -2.0
                },
                "metrics": {
                    "outcome": 0.006606147834745302
                },
                "metadata": {
                    "trials": 1
                }
            },
            {
                "query": {
                    "x1": -0.6206199593765034,
                    "x2": -2.0
                },
                "metrics": {
                    "outcome": -0.007733409034803188
                },
                "metadata": {
                    "trials": 1
                }
            },
            {
                "query": {
                    "x1": 3.632569579930861,
                    "x2": 2.056212910242885
                },
                "metrics": {
                    "outcome": 9.845827188853052e-08
                },
                "metadata": {
                    "trials": 1
                }
            }
        ],
        [
            {
                "query": {
                    "x1": 2.010768849064326,
                    "x2": 6.0
                },
                "metrics": {
                    "outcome": 8.18135242787457e-18
                },
                "metadata": {
                    "trials": 1
                }
            },
            {
                "query": {
                    "x1": 1.0042080106250202,
                    "x2": 6.0
                },
                "metrics": {
                    "outcome": 8.496990432227644e-17
                },
                "metadata": {
                    "trials": 1
                }
            },
            {
                "query": {
                    "x1": 3.887858376989917,
                    "x2": -2.0
                },
                "metrics": {
                    "outcome": 1.940792596788829e-08
                },
                "metadata": {
                    "trials": 1
                }
            }
        ],
        [
            {
                "query": {
                    "x1": 6.0,
                    "x2": 3.3454791037249283
                },
                "metrics": {
                    "outcome": 1.9179001116029138e-20
                },
                "metadata": {
                    "trials": 1
                }
            },
            {
                "query": {
                    "x1": 4.97391229112419,
                    "x2": 3.298939942628027
                },
                "metrics": {
                    "outcome": 1.6823218314519568e-15
                },
                "metadata": {
                    "trials": 1
                }
            },
            {
                "query": {
                    "x1": -2.0,
                    "x2": -1.4006833329709334
                },
                "metrics": {
                    "outcome": -0.005149958520027004
                },
                "metadata": {
                    "trials": 1
                }
            }
        ],
        [
            {
                "query": {
                    "x1": 6.0,
                    "x2": 1.5627796237567204
                },
                "metrics": {
                    "outcome": 1.2102667679676395e-16
                },
                "metadata": {
                    "trials": 1
                }
            },
            {
                "query": {
                    "x1": 6.0,
                    "x2": -1.462178688547816
                },
                "metrics": {
                    "outcome": 1.6407516169889267e-16
                },
                "metadata": {
                    "trials": 1
                }
            },
            {
                "query": {
                    "x1": -2.0,
                    "x2": 3.567684967763948
                },
                "metrics": {
                    "outcome": -1.0863970933267044e-07
                },
                "metadata": {
                    "trials": 1
                }
            }
        ],
        [
            {
                "query": {
                    "x1": 6.0,
                    "x2": -0.4108771396263049
                },
                "metrics": {
                    "outcome": 1.1755261566627215e-15
                },
                "metadata": {
                    "trials": 1
                }
            },
            {
                "query": {
                    "x1": 6.0,
                    "x2": 3.8615683360841144
                },
                "metrics": {
                    "outcome": 4.650252414664814e-22
                },
                "metadata": {
                    "trials": 1
                }
            },
            {
                "query": {
                    "x1": -2.0,
                    "x2": 4.571565741595035
                },
                "metrics": {
                    "outcome": -3.0721261342512346e-11
                },
                "metadata": {
                    "trials": 1
                }
            }
        ],
        [
            {
                "query": {
                    "x1": 6.0,
                    "x2": 1.0823989691278206
                },
                "metrics": {
                    "outcome": 4.312567475655219e-16
                },
                "metadata": {
                    "trials": 1
                }
            },
            {
                "query": {
                    "x1": 1.5919516945352843,
                    "x2": -0.14053440511734228
                },
                "metrics": {
                    "outcome": 0.12379858204122997
                },
                "metadata": {
                    "trials": 1
                }
            },
            {
                "query": {
                    "x1": 1.9711448410040018,
                    "x2": -0.14918334889664986
                },
                "metrics": {
                    "outcome": 0.03959497177017623
                },
                "metadata": {
                    "trials": 1
                }
            }
        ],
        [
            {
                "query": {
                    "x1": -2.0,
                    "x2": 0.9622867663669687
                },
                "metrics": {
                    "outcome": -0.014510995012688129
                },
                "metadata": {
                    "trials": 1
                }
            },
            {
                "query": {
                    "x1": 5.999999999999999,
                    "x2": 2.896842472520544
                },
                "metrics": {
                    "outcome": 3.1556040179560725e-19
                },
                "metadata": {
                    "trials": 1
                }
            },
            {
                "query": {
                    "x1": 0.30583388456543714,
                    "x2": 0.3718932738221805
                },
                "metrics": {
                    "outcome": 0.2425488471380926
                },
                "metadata": {
                    "trials": 1
                }
            }
        ],
        [
            {
                "query": {
                    "x1": 4.504481659658765,
                    "x2": 6.0
                },
                "metrics": {
                    "outcome": 1.6108468511230927e-24
                },
                "metadata": {
                    "trials": 1
                }
            },
            {
                "query": {
                    "x1": -0.22271136576785078,
                    "x2": 6.0
                },
                "metrics": {
                    "outcome": -4.9158641578479325e-17
                },
                "metadata": {
                    "trials": 1
                }
            },
            {
                "query": {
                    "x1": -1.0433865152112434,
                    "x2": -2.0
                },
                "metrics": {
                    "outcome": -0.006433839909089712
                },
                "metadata": {
                    "trials": 1
                }
            }
        ],
        [
            {
                "query": {
                    "x1": -1.632263643460047,
                    "x2": 6.0
                },
                "metrics": {
                    "outcome": -2.636967990966243e-17
                },
                "metadata": {
                    "trials": 1
                }
            },
            {
                "query": {
                    "x1": 5.336388787682545,
                    "x2": 6.0
                },
                "metrics": {
                    "outcome": 5.311564782159397e-28
                },
                "metadata": {
                    "trials": 1
                }
            },
            {
                "query": {
                    "x1": 3.039430290852115,
                    "x2": -2.0
                },
                "metrics": {
                    "outcome": 5.414303015731672e-06
                },
                "metadata": {
                    "trials": 1
                }
            }
        ],
        [
            {
                "query": {
                    "x1": 5.674359354601342,
                    "x2": -2.0
                },
                "metrics": {
                    "outcome": 1.0793726337730891e-15
                },
                "metadata": {
                    "trials": 1
                }
            },
            {
                "query": {
                    "x1": 2.8425454581600107,
                    "x2": 6.0
                },
                "metrics": {
                    "outcome": 2.0416371775554651e-19
                },
                "metadata": {
                    "trials": 1
                }
            },
            {
                "query": {
                    "x1": 4.725588422923853,
                    "x2": -2.0
                },
                "metrics": {
                    "outcome": 1.733672805736591e-11
                },
                "metadata": {
                    "trials": 1
                }
            }
        ],
        [
            {
                "query": {
                    "x1": 2.5858855819768385,
                    "x2": 2.5413119544978393
                },
                "metrics": {
                    "outcome": 5.0556574279972885e-06
                },
                "metadata": {
                    "trials": 1
                }
            },
            {
                "query": {
                    "x1": 2.600230139568623,
                    "x2": 3.4445274098437055
                },
                "metrics": {
                    "outcome": 2.1176666471403535e-08
                },
                "metadata": {
                    "trials": 1
                }
            },
            {
                "query": {
                    "x1": 1.0268953387556197,
                    "x2": 1.5168092917944347
                },
                "metrics": {
                    "outcome": 0.035840223732392554
                },
                "metadata": {
                    "trials": 1
                }
            }
        ],
        [
            {
                "query": {
                    "x1": 3.298085962749556,
                    "x2": 1.830226997938881
                },
                "metrics": {
                    "outcome": 2.185295293553031e-06
                },
                "metadata": {
                    "trials": 1
                }
            },
            {
                "query": {
                    "x1": 3.30553822442927,
                    "x2": 2.7926470626071547
                },
                "metrics": {
                    "outcome": 2.4371260241103006e-08
                },
                "metadata": {
                    "trials": 1
                }
            },
            {
                "query": {
                    "x1": 1.535415964827246,
                    "x2": 6.0
                },
                "metrics": {
                    "outcome": 3.3711223384644e-17
                },
                "metadata": {
                    "trials": 1
                }
            }
        ],
        [
            {
                "query": {
                    "x1": -1.502609461744428,
                    "x2": -2.0
                },
                "metrics": {
                    "outcome": -0.0028780797615400597
                },
                "metadata": {
                    "trials": 1
                }
            },
            {
                "query": {
                    "x1": 4.003932199504656,
                    "x2": 0.47742200753182695
                },
                "metrics": {
                    "outcome": 3.476297350342251e-07
                },
                "metadata": {
                    "trials": 1
                }
            },
            {
                "query": {
                    "x1": 5.369481283929796,
                    "x2": 3.2062126115736085
                },
                "metrics": {
                    "outcome": 5.548620401193326e-17
                },
                "metadata": {
                    "trials": 1
                }
            }
        ],
        [
            {
                "query": {
                    "x1": 4.630782168741186,
                    "x2": 3.494709682274255
                },
                "metrics": {
                    "outcome": 1.1182643915637514e-14
                },
                "metadata": {
                    "trials": 1
                }
            },
            {
                "query": {
                    "x1": 2.208281748096052,
                    "x2": 4.045997786377299
                },
                "metrics": {
                    "outcome": 1.3084905149701545e-09
                },
                "metadata": {
                    "trials": 1
                }
            },
            {
                "query": {
                    "x1": -0.19263369737094327,
                    "x2": 2.9634345586584283
                },
                "metrics": {
                    "outcome": -2.8488303474085717e-05
                },
                "metadata": {
                    "trials": 1
                }
            }
        ],
        [
            {
                "query": {
                    "x1": -0.2695355174303793,
                    "x2": -2.0
                },
                "metrics": {
                    "outcome": -0.004590783821033977
                },
                "metadata": {
                    "trials": 1
                }
            },
            {
                "query": {
                    "x1": -0.3555681593901565,
                    "x2": -0.7615033201581662
                },
                "metrics": {
                    "outcome": -0.1754582173045553
                },
                "metadata": {
                    "trials": 1
                }
            },
            {
                "query": {
                    "x1": 3.518687502879742,
                    "x2": 6.0
                },
                "metrics": {
                    "outcome": 3.425382901521251e-21
                },
                "metadata": {
                    "trials": 1
                }
            }
        ],
        [
            {
                "query": {
                    "x1": -0.787842021791763,
                    "x2": -0.43807496909340293
                },
                "metrics": {
                    "outcome": -0.3495661660106628
                },
                "metadata": {
                    "trials": 1
                }
            },
            {
                "query": {
                    "x1": 0.6456598982808415,
                    "x2": 6.0
                },
                "metrics": {
                    "outcome": 9.870865006413189e-17
                },
                "metadata": {
                    "trials": 1
                }
            },
            {
                "query": {
                    "x1": -0.49854192595115276,
                    "x2": 5.265214694323559
                },
                "metrics": {
                    "outcome": -3.54844255658767e-13
                },
                "metadata": {
                    "trials": 1
                }
            }
        ],
        [
            {
                "query": {
                    "x1": -0.9006811095025042,
                    "x2": -0.7504666114407523
                },
                "metrics": {
                    "outcome": -0.227858465201397
                },
                "metadata": {
                    "trials": 1
                }
            },
            {
                "query": {
                    "x1": 0.6070193537224493,
                    "x2": -2.0
                },
                "metrics": {
                    "outcome": 0.007691287378846868
                },
                "metadata": {
                    "trials": 1
                }
            },
            {
                "query": {
                    "x1": -1.7534873037927035,
                    "x2": 3.38993547291234
                },
                "metrics": {
                    "outcome": -8.275687223434313e-07
                },
                "metadata": {
                    "trials": 1
                }
            }
        ],
        [
            {
                "query": {
                    "x1": 3.5891986522092694,
                    "x2": -0.26324303761379264
                },
                "metrics": {
                    "outcome": 8.5147134146631e-06
                },
                "metadata": {
                    "trials": 1
                }
            },
            {
                "query": {
                    "x1": 3.7399420053253927,
                    "x2": 4.169911053170654
                },
                "metrics": {
                    "outcome": 8.845749065778681e-14
                },
                "metadata": {
                    "trials": 1
                }
            },
            {
                "query": {
                    "x1": 0.2202848114118412,
                    "x2": 2.9446318416708976
                },
                "metrics": {
                    "outcome": 3.599192127596165e-05
                },
                "metadata": {
                    "trials": 1
                }
            }
        ],
        [
            {
                "query": {
                    "x1": 2.97880739153935,
                    "x2": 4.034485215743482
                },
                "metrics": {
                    "outcome": 3.559409311015962e-11
                },
                "metadata": {
                    "trials": 1
                }
            },
            {
                "query": {
                    "x1": -0.5982767164324427,
                    "x2": 0.1221773212386732
                },
                "metrics": {
                    "outcome": -0.41206910100833544
                },
                "metadata": {
                    "trials": 1
                }
            },
            {
                "query": {
                    "x1": 5.710693365927841,
                    "x2": 2.1608085781402417
                },
                "metrics": {
                    "outcome": 3.6788106363364995e-16
                },
                "metadata": {
                    "trials": 1
                }
            }
        ],
        [
            {
                "query": {
                    "x1": 2.672512660544026,
                    "x2": 0.04860440073870498
                },
                "metrics": {
                    "outcome": 0.0021087346416326803
                },
                "metadata": {
                    "trials": 1
                }
            },
            {
                "query": {
                    "x1": -0.28858444726898536,
                    "x2": 0.9014543533271504
                },
                "metrics": {
                    "outcome": -0.11781160965194064
                },
                "metadata": {
                    "trials": 1
                }
            },
            {
                "query": {
                    "x1": -1.2462955334725208,
                    "x2": 6.0
                },
                "metrics": {
                    "outcome": -6.115763401563561e-17
                },
                "metadata": {
                    "trials": 1
                }
            }
        ],
        [
            {
                "query": {
                    "x1": -0.7913774563970593,
                    "x2": 0.46938602730485757
                },
                "metrics": {
                    "outcome": -0.33939802092966104
                },
                "metadata": {
                    "trials": 1
                }
            },
            {
                "query": {
                    "x1": 3.1924577487145873,
                    "x2": -0.5008623628896618
                },
                "metrics": {
                    "outcome": 9.309793916920191e-05
                },
                "metadata": {
                    "trials": 1
                }
            },
            {
                "query": {
                    "x1": 0.8767773923240036,
                    "x2": -0.512459736445299
                },
                "metrics": {
                    "outcome": 0.3125922277364783
                },
                "metadata": {
                    "trials": 1
                }
            }
        ],
        [
            {
                "query": {
                    "x1": 1.4431453190193402,
                    "x2": 2.0773787335597005
                },
                "metrics": {
                    "outcome": 0.0024022587616359223
                },
                "metadata": {
                    "trials": 1
                }
            },
            {
                "query": {
                    "x1": -0.600519688533419,
                    "x2": -0.5120607934300314
                },
                "metrics": {
                    "outcome": -0.3221332485754255
                },
                "metadata": {
                    "trials": 1
                }
            },
            {
                "query": {
                    "x1": -0.6403988078396281,
                    "x2": -0.1823887264018098
                },
                "metrics": {
                    "outcome": -0.4110499906834303
                },
                "metadata": {
                    "trials": 1
                }
            }
        ],
        [
            {
                "query": {
                    "x1": 1.9231733627928538,
                    "x2": 2.1620281390052165
                },
                "metrics": {
                    "outcome": 0.00044431142115270377
                },
                "metadata": {
                    "trials": 1
                }
            },
            {
                "query": {
                    "x1": 4.750012982973695,
                    "x2": 1.7317899939431118
                },
                "metrics": {
                    "outcome": 3.7616716737996796e-11
                },
                "metadata": {
                    "trials": 1
                }
            },
            {
                "query": {
                    "x1": -1.4399203143114874,
                    "x2": 4.72875037163351
                },
                "metrics": {
                    "outcome": -3.520395034124035e-11
                },
                "metadata": {
                    "trials": 1
                }
            }
        ],
        [
            {
                "query": {
                    "x1": 0.913337221710051,
                    "x2": 4.602785541857621
                },
                "metrics": {
                    "outcome": 2.49772718936346e-10
                },
                "metadata": {
                    "trials": 1
                }
            },
            {
                "query": {
                    "x1": -1.3626601431562666,
                    "x2": -0.5273539540856733
                },
                "metrics": {
                    "outcome": -0.16113607546803
                },
                "metadata": {
                    "trials": 1
                }
            },
            {
                "query": {
                    "x1": 5.106933351612133,
                    "x2": -2.0
                },
                "metrics": {
                    "outcome": 4.408070424731961e-13
                },
                "metadata": {
                    "trials": 1
                }
            }
        ],
        [
            {
                "query": {
                    "x1": 4.191266769332733,
                    "x2": -0.8080512278660192
                },
                "metrics": {
                    "outcome": 5.1244327973290355e-08
                },
                "metadata": {
                    "trials": 1
                }
            },
            {
                "query": {
                    "x1": -0.6932450360907407,
                    "x2": 0.10044357854352626
                },
                "metrics": {
                    "outcome": -0.42441253053141137
                },
                "metadata": {
                    "trials": 1
                }
            },
            {
                "query": {
                    "x1": -1.0310172299499931,
                    "x2": 0.6819352873595474
                },
                "metrics": {
                    "outcome": -0.22369173727031344
                },
                "metadata": {
                    "trials": 1
                }
            }
        ],
        [
            {
                "query": {
                    "x1": 4.63654213019252,
                    "x2": -0.7429225495288565
                },
                "metrics": {
                    "outcome": 1.2309396922629223e-09
                },
                "metadata": {
                    "trials": 1
                }
            },
            {
                "query": {
                    "x1": -0.06800806281093186,
                    "x2": 4.601494959552474
                },
                "metrics": {
                    "outcome": -4.3142610285695446e-11
                },
                "metadata": {
                    "trials": 1
                }
            },
            {
                "query": {
                    "x1": 1.7888373387799845,
                    "x2": 5.098909646156691
                },
                "metrics": {
                    "outcome": 3.729795782091297e-13
                },
                "metadata": {
                    "trials": 1
                }
            }
        ],
        [
            {
                "query": {
                    "x1": 5.362847155230963,
                    "x2": 4.664315469910689
                },
                "metrics": {
                    "outcome": 6.174319366454421e-22
                },
                "metadata": {
                    "trials": 1
                }
            },
            {
                "query": {
                    "x1": 1.0489446932245734,
                    "x2": 2.962949326097407
                },
                "metrics": {
                    "outcome": 5.372838702008989e-05
                },
                "metadata": {
                    "trials": 1
                }
            },
            {
                "query": {
                    "x1": -0.7634755304124075,
                    "x2": -0.00808844792498209
                },
                "metrics": {
                    "outcome": -0.4262051343436728
                },
                "metadata": {
                    "trials": 1
                }
            }
        ],
        [
            {
                "query": {
                    "x1": 3.3593109613237147,
                    "x2": 4.669062489952369
                },
                "metrics": {
                    "outcome": 1.437366347733772e-14
                },
                "metadata": {
                    "trials": 1
                }
            },
            {
                "query": {
                    "x1": 4.617169319944083,
                    "x2": 4.98478528649106
                },
                "metrics": {
                    "outcome": 4.1170907876324225e-20
                },
                "metadata": {
                    "trials": 1
                }
            },
            {
                "query": {
                    "x1": 5.217271691656507,
                    "x2": 1.5046004183398876
                },
                "metrics": {
                    "outcome": 8.181164388917935e-13
                },
                "metadata": {
                    "trials": 1
                }
            }
        ],
        [
            {
                "query": {
                    "x1": 2.2552307762457184,
                    "x2": 2.469087524077498
                },
                "metrics": {
                    "outcome": 3.138417577891297e-05
                },
                "metadata": {
                    "trials": 1
                }
            },
            {
                "query": {
                    "x1": 0.47210702075664024,
                    "x2": 4.142554809981022
                },
                "metrics": {
                    "outcome": 1.3317392184433573e-08
                },
                "metadata": {
                    "trials": 1
                }
            },
            {
                "query": {
                    "x1": 2.635075059414662,
                    "x2": 4.951969211434237
                },
                "metrics": {
                    "outcome": 5.694400532625863e-14
                },
                "metadata": {
                    "trials": 1
                }
            }
        ],
        [
            {
                "query": {
                    "x1": -0.46143679163711093,
                    "x2": 0.11027311242497717
                },
                "metrics": {
                    "outcome": -0.3684337857870963
                },
                "metadata": {
                    "trials": 1
                }
            },
            {
                "query": {
                    "x1": 3.9391824247279335,
                    "x2": 2.7360750593054473
                },
                "metrics": {
                    "outcome": 4.029165247407398e-10
                },
                "metadata": {
                    "trials": 1
                }
            },
            {
                "query": {
                    "x1": 2.8834570218387086,
                    "x2": -0.8981165215744364
                },
                "metrics": {
                    "outcome": 0.00031531205648286894
                },
                "metadata": {
                    "trials": 1
                }
            }
        ],
        [
            {
                "query": {
                    "x1": -0.8416749529899354,
                    "x2": 0.0010841310106957103
                },
                "metrics": {
                    "outcome": -0.41445980445344327
                },
                "metadata": {
                    "trials": 1
                }
            },
            {
                "query": {
                    "x1": -0.7054147340372996,
                    "x2": -0.1582564134437936
                },
                "metrics": {
                    "outcome": -0.418271551227968
                },
                "metadata": {
                    "trials": 1
                }
            },
            {
                "query": {
                    "x1": 5.752436159925242,
                    "x2": -0.40236193992708746
                },
                "metrics": {
                    "outcome": 2.0821433965996596e-14
                },
                "metadata": {
                    "trials": 1
                }
            }
        ],
        [
            {
                "query": {
                    "x1": -0.6726677514885511,
                    "x2": 0.006162584808879323
                },
                "metrics": {
                    "outcome": -0.4278324485643176
                },
                "metadata": {
                    "trials": 1
                }
            },
            {
                "query": {
                    "x1": -0.7404451131437502,
                    "x2": 0.08363018369666397
                },
                "metrics": {
                    "outcome": -0.42496148292759567
                },
                "metadata": {
                    "trials": 1
                }
            },
            {
                "query": {
                    "x1": -0.7435248990387324,
                    "x2": -0.0678219560839759
                },
                "metrics": {
                    "outcome": -0.4258014513921892
                },
                "metadata": {
                    "trials": 1
                }
            }
        ]
    ],
    "best_results": [
        {
            "query": {
                "x1": -0.6726677514885511,
                "x2": 0.006162584808879323
            },
            "metrics": [
                {
                    "name": "outcome",
                    "value": -0.4278324485643176
                }
            ]
        }
    ]
}