{
    "date": "05/11/2022 12:04:19",
    "basic_params": {
        "active_variables": [
            "x"
        ],
        "default_query": {},
        "metric": "basic",
        "n_trials": 1
    },
    "objective_function": {
        "name": "Gramacy1D",
        "params": {}
    },
    "optimizer": {
        "name": "BBO-LP(LCB)-FoD",
        "params": {
            "lower_bound": [
                0.5
            ],
            "upper_bound": [
                2.5
            ],
            "invert_metric": false,
            "bopt_params": {
                "n_init_samples": 12,
                "n_iterations": 23,
                "n_iter_relearn": 5,
                "verbose_level": 0,
                "n_parallel_samples": 6,
                "fixed_dataset_size": 50,
                "par_type": "PAR_BBO",
                "crit_name": "cLP(cLCB)",
                "n_crit_params": 3,
                "crit_params": [
                    6,
                    1,
                    1.0
                ]
            }
        }
    },
    "iterations": [
        [
            {
                "query": {
                    "x": 1.617627424847645
                },
                "metrics": {
                    "outcome": 0.30806974666557596
                },
                "metadata": {
                    "trials": 1
                }
            }
        ],
        [
            {
                "query": {
                    "x": 0.930200943374075
                },
                "metrics": {
                    "outcome": -0.43682350651982554
                },
                "metadata": {
                    "trials": 1
                }
            }
        ],
        [
            {
                "query": {
                    "x": 1.2945380914413058
                },
                "metrics": {
                    "outcome": 0.07347623910622626
                },
                "metadata": {
                    "trials": 1
                }
            }
        ],
        [
            {
                "query": {
                    "x": 0.6282140884626036
                },
                "metrics": {
                    "outcome": 0.635761279407965
                },
                "metadata": {
                    "trials": 1
                }
            }
        ],
        [
            {
                "query": {
                    "x": 1.4316357928328216
                },
                "metrics": {
                    "outcome": 0.3274329788405914
                },
                "metadata": {
                    "trials": 1
                }
            }
        ],
        [
            {
                "query": {
                    "x": 2.354124375075723
                },
                "metrics": {
                    "outcome": 3.151669885528326
                },
                "metadata": {
                    "trials": 1
                }
            }
        ],
        [
            {
                "query": {
                    "x": 2.3103090426496538
                },
                "metrics": {
                    "outcome": 2.8789061891047005
                },
                "metadata": {
                    "trials": 1
                }
            }
        ],
        [
            {
                "query": {
                    "x": 2.038578356538589
                },
                "metrics": {
                    "outcome": 1.3931231496613
                },
                "metadata": {
                    "trials": 1
                }
            }
        ],
        [
            {
                "query": {
                    "x": 0.7111916246358305
                },
                "metrics": {
                    "outcome": -0.2351686870118986
                },
                "metadata": {
                    "trials": 1
                }
            }
        ],
        [
            {
                "query": {
                    "x": 1.6696202330834542
                },
                "metrics": {
                    "outcome": 0.4454132685007366
                },
                "metadata": {
                    "trials": 1
                }
            }
        ],
        [
            {
                "query": {
                    "x": 1.8338518301025033
                },
                "metrics": {
                    "outcome": 0.7217655822837836
                },
                "metadata": {
                    "trials": 1
                }
            }
        ],
        [
            {
                "query": {
                    "x": 1.0768502580855661
                },
                "metrics": {
                    "outcome": 0.3087283422091332
                },
                "metadata": {
                    "trials": 1
                }
            }
        ],
        [
            {
                "query": {
                    "x": 0.8255946889380236
                },
                "metrics": {
                    "outcome": 0.4370915770215741
                },
                "metadata": {
                    "trials": 1
                }
            },
            {
                "query": {
                    "x": 0.8627428548110669
                },
                "metrics": {
                    "outcome": 0.5340788408396093
                },
                "metadata": {
                    "trials": 1
                }
            },
            {
                "query": {
                    "x": 0.7887683028887768
                },
                "metrics": {
                    "outcome": -0.2170706616899184
                },
                "metadata": {
                    "trials": 1
                }
            },
            {
                "query": {
                    "x": 0.8922405958896554
                },
                "metrics": {
                    "outcome": 0.13539083363201765
                },
                "metadata": {
                    "trials": 1
                }
            },
            {
                "query": {
                    "x": 0.7611414283635409
                },
                "metrics": {
                    "outcome": -0.6138223680754221
                },
                "metadata": {
                    "trials": 1
                }
            },
            {
                "query": {
                    "x": 0.8415825512686916
                },
                "metrics": {
                    "outcome": 0.5740961404745183
                },
                "metadata": {
                    "trials": 1
                }
            }
        ],
        [
            {
                "query": {
                    "x": 0.971781602134109
                },
                "metrics": {
                    "outcome": -0.398683877877033
                },
                "metadata": {
                    "trials": 1
                }
            },
            {
                "query": {
                    "x": 0.7507502905997904
                },
                "metrics": {
                    "outcome": -0.6619558358246906
                },
                "metadata": {
                    "trials": 1
                }
            },
            {
                "query": {
                    "x": 0.7439905916626246
                },
                "metrics": {
                    "outcome": -0.6558147805219431
                },
                "metadata": {
                    "trials": 1
                }
            },
            {
                "query": {
                    "x": 0.7575089419462251
                },
                "metrics": {
                    "outcome": -0.6383197773702286
                },
                "metadata": {
                    "trials": 1
                }
            },
            {
                "query": {
                    "x": 0.9923058027821775
                },
                "metrics": {
                    "outcome": -0.12061467972149116
                },
                "metadata": {
                    "trials": 1
                }
            },
            {
                "query": {
                    "x": 0.951400318596151
                },
                "metrics": {
                    "outcome": -0.5250270889413968
                },
                "metadata": {
                    "trials": 1
                }
            }
        ],
        [
            {
                "query": {
                    "x": 0.7489555878372296
                },
                "metrics": {
                    "outcome": -0.6632650657455398
                },
                "metadata": {
                    "trials": 1
                }
            },
            {
                "query": {
                    "x": 0.7531173252792921
                },
                "metrics": {
                    "outcome": -0.6570109255864472
                },
                "metadata": {
                    "trials": 1
                }
            },
            {
                "query": {
                    "x": 0.7447992530740417
                },
                "metrics": {
                    "outcome": -0.6581396737662825
                },
                "metadata": {
                    "trials": 1
                }
            },
            {
                "query": {
                    "x": 0.7572053352464887
                },
                "metrics": {
                    "outcome": -0.6400025365094173
                },
                "metadata": {
                    "trials": 1
                }
            },
            {
                "query": {
                    "x": 0.7402673773586279
                },
                "metrics": {
                    "outcome": -0.6395532045528459
                },
                "metadata": {
                    "trials": 1
                }
            },
            {
                "query": {
                    "x": 0.7619558376245181
                },
                "metrics": {
                    "outcome": -0.6072485543208521
                },
                "metadata": {
                    "trials": 1
                }
            }
        ],
        [
            {
                "query": {
                    "x": 0.7487857381468933
                },
                "metrics": {
                    "outcome": -0.6632792684473084
                },
                "metadata": {
                    "trials": 1
                }
            },
            {
                "query": {
                    "x": 0.7523566814142673
                },
                "metrics": {
                    "outcome": -0.658996753394973
                },
                "metadata": {
                    "trials": 1
                }
            },
            {
                "query": {
                    "x": 0.745221216647244
                },
                "metrics": {
                    "outcome": -0.6591811332396571
                },
                "metadata": {
                    "trials": 1
                }
            },
            {
                "query": {
                    "x": 0.7559155804602105
                },
                "metrics": {
                    "outcome": -0.6465104168681997
                },
                "metadata": {
                    "trials": 1
                }
            },
            {
                "query": {
                    "x": 0.741617210332854
                },
                "metrics": {
                    "outcome": -0.6465003521340688
                },
                "metadata": {
                    "trials": 1
                }
            },
            {
                "query": {
                    "x": 0.7599157148063715
                },
                "metrics": {
                    "outcome": -0.6229782363162295
                },
                "metadata": {
                    "trials": 1
                }
            }
        ],
        [
            {
                "query": {
                    "x": 0.7487591087429454
                },
                "metrics": {
                    "outcome": -0.6632797712321332
                },
                "metadata": {
                    "trials": 1
                }
            },
            {
                "query": {
                    "x": 0.752015128942957
                },
                "metrics": {
                    "outcome": -0.6597665150161502
                },
                "metadata": {
                    "trials": 1
                }
            },
            {
                "query": {
                    "x": 0.7455090056204839
                },
                "metrics": {
                    "outcome": -0.6598238672725151
                },
                "metadata": {
                    "trials": 1
                }
            },
            {
                "query": {
                    "x": 0.7552604837408361
                },
                "metrics": {
                    "outcome": -0.6494155654725976
                },
                "metadata": {
                    "trials": 1
                }
            },
            {
                "query": {
                    "x": 0.7422677200584321
                },
                "metrics": {
                    "outcome": -0.6494221233058971
                },
                "metadata": {
                    "trials": 1
                }
            },
            {
                "query": {
                    "x": 0.7588723771016777
                },
                "metrics": {
                    "outcome": -0.630062287015594
                },
                "metadata": {
                    "trials": 1
                }
            }
        ],
        [
            {
                "query": {
                    "x": 0.7487190795813857
                },
                "metrics": {
                    "outcome": -0.663279647638125
                },
                "metadata": {
                    "trials": 1
                }
            },
            {
                "query": {
                    "x": 0.7521491692465707
                },
                "metrics": {
                    "outcome": -0.6594734544788713
                },
                "metadata": {
                    "trials": 1
                }
            },
            {
                "query": {
                    "x": 0.745295379044943
                },
                "metrics": {
                    "outcome": -0.6593520051903743
                },
                "metadata": {
                    "trials": 1
                }
            },
            {
                "query": {
                    "x": 0.7555396262878308
                },
                "metrics": {
                    "outcome": -0.6482108175867838
                },
                "metadata": {
                    "trials": 1
                }
            },
            {
                "query": {
                    "x": 0.741845671023862
                },
                "metrics": {
                    "outcome": -0.6475581387580981
                },
                "metadata": {
                    "trials": 1
                }
            },
            {
                "query": {
                    "x": 0.7594171449803699
                },
                "metrics": {
                    "outcome": -0.6264454930858755
                },
                "metadata": {
                    "trials": 1
                }
            }
        ],
        [
            {
                "query": {
                    "x": 0.7487236832742732
                },
                "metrics": {
                    "outcome": -0.6632797156038617
                },
                "metadata": {
                    "trials": 1
                }
            },
            {
                "query": {
                    "x": 0.751996263591177
                },
                "metrics": {
                    "outcome": -0.6598068245355124
                },
                "metadata": {
                    "trials": 1
                }
            },
            {
                "query": {
                    "x": 0.745456004343332
                },
                "metrics": {
                    "outcome": -0.6597096136463582
                },
                "metadata": {
                    "trials": 1
                }
            },
            {
                "query": {
                    "x": 0.7552272509951564
                },
                "metrics": {
                    "outcome": -0.6495557067352404
                },
                "metadata": {
                    "trials": 1
                }
            },
            {
                "query": {
                    "x": 0.742164187005337
                },
                "metrics": {
                    "outcome": -0.64897570162432
                },
                "metadata": {
                    "trials": 1
                }
            },
            {
                "query": {
                    "x": 0.7589017705041396
                },
                "metrics": {
                    "outcome": -0.6298717384097292
                },
                "metadata": {
                    "trials": 1
                }
            }
        ],
        [
            {
                "query": {
                    "x": 0.7487302989174038
                },
                "metrics": {
                    "outcome": -0.6632797888091508
                },
                "metadata": {
                    "trials": 1
                }
            },
            {
                "query": {
                    "x": 0.7518007783653714
                },
                "metrics": {
                    "outcome": -0.6602108972051841
                },
                "metadata": {
                    "trials": 1
                }
            },
            {
                "query": {
                    "x": 0.7456634433624559
                },
                "metrics": {
                    "outcome": -0.660146185824903
                },
                "metadata": {
                    "trials": 1
                }
            },
            {
                "query": {
                    "x": 0.754823097640893
                },
                "metrics": {
                    "outcome": -0.651203901877475
                },
                "metadata": {
                    "trials": 1
                }
            },
            {
                "query": {
                    "x": 0.7425806428531099
                },
                "metrics": {
                    "outcome": -0.6507285582805404
                },
                "metadata": {
                    "trials": 1
                }
            },
            {
                "query": {
                    "x": 0.7582184280763985
                },
                "metrics": {
                    "outcome": -0.6341652742880856
                },
                "metadata": {
                    "trials": 1
                }
            }
        ],
        [
            {
                "query": {
                    "x": 0.7487444720917713
                },
                "metrics": {
                    "outcome": -0.6632798485317299
                },
                "metadata": {
                    "trials": 1
                }
            },
            {
                "query": {
                    "x": 0.7517859238250115
                },
                "metrics": {
                    "outcome": -0.6602405858638817
                },
                "metadata": {
                    "trials": 1
                }
            },
            {
                "query": {
                    "x": 0.7457065590471741
                },
                "metrics": {
                    "outcome": -0.6602333520519482
                },
                "metadata": {
                    "trials": 1
                }
            },
            {
                "query": {
                    "x": 0.7547866673977781
                },
                "metrics": {
                    "outcome": -0.651347368097585
                },
                "metadata": {
                    "trials": 1
                }
            },
            {
                "query": {
                    "x": 0.7426360960671665
                },
                "metrics": {
                    "outcome": -0.6509533519722869
                },
                "metadata": {
                    "trials": 1
                }
            },
            {
                "query": {
                    "x": 0.7581669107697937
                },
                "metrics": {
                    "outcome": -0.6344773770150078
                },
                "metadata": {
                    "trials": 1
                }
            }
        ],
        [
            {
                "query": {
                    "x": 0.7487339554189522
                },
                "metrics": {
                    "outcome": -0.6632798168906928
                },
                "metadata": {
                    "trials": 1
                }
            },
            {
                "query": {
                    "x": 0.751779837414807
                },
                "metrics": {
                    "outcome": -0.6602527088530195
                },
                "metadata": {
                    "trials": 1
                }
            },
            {
                "query": {
                    "x": 0.7456930571058598
                },
                "metrics": {
                    "outcome": -0.6602061877074145
                },
                "metadata": {
                    "trials": 1
                }
            },
            {
                "query": {
                    "x": 0.754781972280353
                },
                "metrics": {
                    "outcome": -0.6513657965228579
                },
                "metadata": {
                    "trials": 1
                }
            },
            {
                "query": {
                    "x": 0.7426433580611278
                },
                "metrics": {
                    "outcome": -0.6509826404161827
                },
                "metadata": {
                    "trials": 1
                }
            },
            {
                "query": {
                    "x": 0.7581675657760267
                },
                "metrics": {
                    "outcome": -0.634473419077617
                },
                "metadata": {
                    "trials": 1
                }
            }
        ],
        [
            {
                "query": {
                    "x": 0.9077423880109083
                },
                "metrics": {
                    "outcome": -0.1325879729333855
                },
                "metadata": {
                    "trials": 1
                }
            },
            {
                "query": {
                    "x": 0.7487393234406525
                },
                "metrics": {
                    "outcome": -0.6632798421501817
                },
                "metadata": {
                    "trials": 1
                }
            },
            {
                "query": {
                    "x": 0.7526966366689024
                },
                "metrics": {
                    "outcome": -0.6581554800206382
                },
                "metadata": {
                    "trials": 1
                }
            },
            {
                "query": {
                    "x": 0.7447852390171342
                },
                "metrics": {
                    "outcome": -0.6581030646694365
                },
                "metadata": {
                    "trials": 1
                }
            },
            {
                "query": {
                    "x": 0.7567585073793328
                },
                "metrics": {
                    "outcome": -0.6423748950784309
                },
                "metadata": {
                    "trials": 1
                }
            },
            {
                "query": {
                    "x": 0.7405784441400204
                },
                "metrics": {
                    "outcome": -0.6412597157699539
                },
                "metadata": {
                    "trials": 1
                }
            }
        ],
        [
            {
                "query": {
                    "x": 0.7487495168329075
                },
                "metrics": {
                    "outcome": -0.6632798378367105
                },
                "metadata": {
                    "trials": 1
                }
            },
            {
                "query": {
                    "x": 0.752688784009495
                },
                "metrics": {
                    "outcome": -0.6581757569349613
                },
                "metadata": {
                    "trials": 1
                }
            },
            {
                "query": {
                    "x": 0.7448139180249995
                },
                "metrics": {
                    "outcome": -0.658177844127862
                },
                "metadata": {
                    "trials": 1
                }
            },
            {
                "query": {
                    "x": 0.7567322357816333
                },
                "metrics": {
                    "outcome": -0.6425105057201451
                },
                "metadata": {
                    "trials": 1
                }
            },
            {
                "query": {
                    "x": 0.7406450524307182
                },
                "metrics": {
                    "outcome": -0.6416169246079234
                },
                "metadata": {
                    "trials": 1
                }
            },
            {
                "query": {
                    "x": 0.7618757794431772
                },
                "metrics": {
                    "outcome": -0.607911944250647
                },
                "metadata": {
                    "trials": 1
                }
            }
        ],
        [
            {
                "query": {
                    "x": 0.7487508630428358
                },
                "metrics": {
                    "outcome": -0.6632798321472065
                },
                "metadata": {
                    "trials": 1
                }
            },
            {
                "query": {
                    "x": 0.7527137703136819
                },
                "metrics": {
                    "outcome": -0.6581110995259837
                },
                "metadata": {
                    "trials": 1
                }
            },
            {
                "query": {
                    "x": 0.7447915958621252
                },
                "metrics": {
                    "outcome": -0.6581196868311348
                },
                "metadata": {
                    "trials": 1
                }
            },
            {
                "query": {
                    "x": 0.7567864733341897
                },
                "metrics": {
                    "outcome": -0.6422300648769048
                },
                "metadata": {
                    "trials": 1
                }
            },
            {
                "query": {
                    "x": 0.7405846272345684
                },
                "metrics": {
                    "outcome": -0.6412929965582341
                },
                "metadata": {
                    "trials": 1
                }
            },
            {
                "query": {
                    "x": 0.761968588891341
                },
                "metrics": {
                    "outcome": -0.6071425488377886
                },
                "metadata": {
                    "trials": 1
                }
            }
        ],
        [
            {
                "query": {
                    "x": 0.7487484526181508
                },
                "metrics": {
                    "outcome": -0.6632798414889962
                },
                "metadata": {
                    "trials": 1
                }
            },
            {
                "query": {
                    "x": 0.7527120024888205
                },
                "metrics": {
                    "outcome": -0.6581156874282237
                },
                "metadata": {
                    "trials": 1
                }
            },
            {
                "query": {
                    "x": 0.7447894132040652
                },
                "metrics": {
                    "outcome": -0.6581139825322114
                },
                "metadata": {
                    "trials": 1
                }
            },
            {
                "query": {
                    "x": 0.7567848741282509
                },
                "metrics": {
                    "outcome": -0.6422383600116519
                },
                "metadata": {
                    "trials": 1
                }
            },
            {
                "query": {
                    "x": 0.7406140058540714
                },
                "metrics": {
                    "outcome": -0.6414507874259417
                },
                "metadata": {
                    "trials": 1
                }
            },
            {
                "query": {
                    "x": 0.7619106558015036
                },
                "metrics": {
                    "outcome": -0.6076234048799228
                },
                "metadata": {
                    "trials": 1
                }
            }
        ],
        [
            {
                "query": {
                    "x": 0.7487480073477422
                },
                "metrics": {
                    "outcome": -0.663279842795608
                },
                "metadata": {
                    "trials": 1
                }
            },
            {
                "query": {
                    "x": 0.752716889735793
                },
                "metrics": {
                    "outcome": -0.6581029989944874
                },
                "metadata": {
                    "trials": 1
                }
            },
            {
                "query": {
                    "x": 0.7447836757513118
                },
                "metrics": {
                    "outcome": -0.6580989728781594
                },
                "metadata": {
                    "trials": 1
                }
            },
            {
                "query": {
                    "x": 0.7567966502039121
                },
                "metrics": {
                    "outcome": -0.6421772397134545
                },
                "metadata": {
                    "trials": 1
                }
            },
            {
                "query": {
                    "x": 0.7406002726374208
                },
                "metrics": {
                    "outcome": -0.6413770972224537
                },
                "metadata": {
                    "trials": 1
                }
            },
            {
                "query": {
                    "x": 0.7619362616312978
                },
                "metrics": {
                    "outcome": -0.6074111120852691
                },
                "metadata": {
                    "trials": 1
                }
            }
        ],
        [
            {
                "query": {
                    "x": 0.748747728704506
                },
                "metrics": {
                    "outcome": -0.6632798435467858
                },
                "metadata": {
                    "trials": 1
                }
            },
            {
                "query": {
                    "x": 0.7527286036687664
                },
                "metrics": {
                    "outcome": -0.6580725239935752
                },
                "metadata": {
                    "trials": 1
                }
            },
            {
                "query": {
                    "x": 0.7447716149983088
                },
                "metrics": {
                    "outcome": -0.658067349963049
                },
                "metadata": {
                    "trials": 1
                }
            },
            {
                "query": {
                    "x": 0.7568240894787573
                },
                "metrics": {
                    "outcome": -0.6420344883791718
                },
                "metadata": {
                    "trials": 1
                }
            },
            {
                "query": {
                    "x": 0.7405862139536367
                },
                "metrics": {
                    "outcome": -0.6413015331235019
                },
                "metadata": {
                    "trials": 1
                }
            },
            {
                "query": {
                    "x": 0.7619745149426682
                },
                "metrics": {
                    "outcome": -0.6070932514600643
                },
                "metadata": {
                    "trials": 1
                }
            }
        ],
        [
            {
                "query": {
                    "x": 0.7487480739785126
                },
                "metrics": {
                    "outcome": -0.6632798426083999
                },
                "metadata": {
                    "trials": 1
                }
            },
            {
                "query": {
                    "x": 0.7527512943811909
                },
                "metrics": {
                    "outcome": -0.6580132392988698
                },
                "metadata": {
                    "trials": 1
                }
            },
            {
                "query": {
                    "x": 0.744749635388684
                },
                "metrics": {
                    "outcome": -0.6580094727174188
                },
                "metadata": {
                    "trials": 1
                }
            },
            {
                "query": {
                    "x": 0.7568746642211197
                },
                "metrics": {
                    "outcome": -0.6417701453257362
                },
                "metadata": {
                    "trials": 1
                }
            },
            {
                "query": {
                    "x": 0.7405471905977076
                },
                "metrics": {
                    "outcome": -0.6410911104323724
                },
                "metadata": {
                    "trials": 1
                }
            },
            {
                "query": {
                    "x": 0.7620614479384057
                },
                "metrics": {
                    "outcome": -0.6063677328626224
                },
                "metadata": {
                    "trials": 1
                }
            }
        ],
        [
            {
                "query": {
                    "x": 0.7487488959967374
                },
                "metrics": {
                    "outcome": -0.6632798400580819
                },
                "metadata": {
                    "trials": 1
                }
            },
            {
                "query": {
                    "x": 0.7527794049451475
                },
                "metrics": {
                    "outcome": -0.6579393322192062
                },
                "metadata": {
                    "trials": 1
                }
            },
            {
                "query": {
                    "x": 0.7447229849461066
                },
                "metrics": {
                    "outcome": -0.6579388675860752
                },
                "metadata": {
                    "trials": 1
                }
            },
            {
                "query": {
                    "x": 0.7569358839572151
                },
                "metrics": {
                    "outcome": -0.6414480295033729
                },
                "metadata": {
                    "trials": 1
                }
            },
            {
                "query": {
                    "x": 0.7404832546458434
                },
                "metrics": {
                    "outcome": -0.640744206153536
                },
                "metadata": {
                    "trials": 1
                }
            },
            {
                "query": {
                    "x": 0.7347464316656511
                },
                "metrics": {
                    "outcome": -0.598905331033689
                },
                "metadata": {
                    "trials": 1
                }
            }
        ],
        [
            {
                "query": {
                    "x": 0.7487455339937605
                },
                "metrics": {
                    "outcome": -0.6632798476743563
                },
                "metadata": {
                    "trials": 1
                }
            },
            {
                "query": {
                    "x": 0.7524310910705228
                },
                "metrics": {
                    "outcome": -0.6588190151355756
                },
                "metadata": {
                    "trials": 1
                }
            },
            {
                "query": {
                    "x": 0.7450632385142588
                },
                "metrics": {
                    "outcome": -0.658805016682352
                },
                "metadata": {
                    "trials": 1
                }
            },
            {
                "query": {
                    "x": 0.7561874290240163
                },
                "metrics": {
                    "outcome": -0.6452253951426006
                },
                "metadata": {
                    "trials": 1
                }
            },
            {
                "query": {
                    "x": 0.7413268665545303
                },
                "metrics": {
                    "outcome": -0.6451066576702744
                },
                "metadata": {
                    "trials": 1
                }
            },
            {
                "query": {
                    "x": 0.7606603078149642
                },
                "metrics": {
                    "outcome": -0.6175226843756564
                },
                "metadata": {
                    "trials": 1
                }
            }
        ],
        [
            {
                "query": {
                    "x": 0.7487429886717631
                },
                "metrics": {
                    "outcome": -0.6632798484850287
                },
                "metadata": {
                    "trials": 1
                }
            },
            {
                "query": {
                    "x": 0.7523538757493442
                },
                "metrics": {
                    "outcome": -0.6590033849080753
                },
                "metadata": {
                    "trials": 1
                }
            },
            {
                "query": {
                    "x": 0.7451347314418933
                },
                "metrics": {
                    "outcome": -0.6589772732762906
                },
                "metadata": {
                    "trials": 1
                }
            },
            {
                "query": {
                    "x": 0.7560249051160735
                },
                "metrics": {
                    "outcome": -0.6459992303257072
                },
                "metadata": {
                    "trials": 1
                }
            },
            {
                "query": {
                    "x": 0.7414545834481633
                },
                "metrics": {
                    "outcome": -0.6457265240674445
                },
                "metadata": {
                    "trials": 1
                }
            },
            {
                "query": {
                    "x": 0.7603589798679076
                },
                "metrics": {
                    "outcome": -0.6197703192652115
                },
                "metadata": {
                    "trials": 1
                }
            }
        ],
        [
            {
                "query": {
                    "x": 0.7487424071162104
                },
                "metrics": {
                    "outcome": -0.6632798480709321
                },
                "metadata": {
                    "trials": 1
                }
            },
            {
                "query": {
                    "x": 0.7523487641046018
                },
                "metrics": {
                    "outcome": -0.6590154537499067
                },
                "metadata": {
                    "trials": 1
                }
            },
            {
                "query": {
                    "x": 0.7451389010785414
                },
                "metrics": {
                    "outcome": -0.6589872153347816
                },
                "metadata": {
                    "trials": 1
                }
            },
            {
                "query": {
                    "x": 0.7560138349253902
                },
                "metrics": {
                    "outcome": -0.6460513352754731
                },
                "metadata": {
                    "trials": 1
                }
            },
            {
                "query": {
                    "x": 0.741465311739172
                },
                "metrics": {
                    "outcome": -0.645778106618008
                },
                "metadata": {
                    "trials": 1
                }
            },
            {
                "query": {
                    "x": 0.7604030090677449
                },
                "metrics": {
                    "outcome": -0.6194452718340456
                },
                "metadata": {
                    "trials": 1
                }
            }
        ],
        [
            {
                "query": {
                    "x": 0.7487418481391118
                },
                "metrics": {
                    "outcome": -0.6632798474627966
                },
                "metadata": {
                    "trials": 1
                }
            },
            {
                "query": {
                    "x": 0.7523425315506048
                },
                "metrics": {
                    "outcome": -0.6590301461896182
                },
                "metadata": {
                    "trials": 1
                }
            },
            {
                "query": {
                    "x": 0.7451441302468238
                },
                "metrics": {
                    "outcome": -0.6589996674775581
                },
                "metadata": {
                    "trials": 1
                }
            },
            {
                "query": {
                    "x": 0.7559994388587807
                },
                "metrics": {
                    "outcome": -0.6461189790449252
                },
                "metadata": {
                    "trials": 1
                }
            },
            {
                "query": {
                    "x": 0.741476882178888
                },
                "metrics": {
                    "outcome": -0.6458336537511155
                },
                "metadata": {
                    "trials": 1
                }
            },
            {
                "query": {
                    "x": 0.7603817356236058
                },
                "metrics": {
                    "outcome": -0.6196024681728441
                },
                "metadata": {
                    "trials": 1
                }
            }
        ],
        [
            {
                "query": {
                    "x": 0.748741429068584
                },
                "metrics": {
                    "outcome": -0.663279846871787
                },
                "metadata": {
                    "trials": 1
                }
            },
            {
                "query": {
                    "x": 0.752336797146467
                },
                "metrics": {
                    "outcome": -0.6590436420556611
                },
                "metadata": {
                    "trials": 1
                }
            },
            {
                "query": {
                    "x": 0.7451491119720985
                },
                "metrics": {
                    "outcome": -0.6590115135618387
                },
                "metadata": {
                    "trials": 1
                }
            },
            {
                "query": {
                    "x": 0.7559861791496449
                },
                "metrics": {
                    "outcome": -0.6461811679444723
                },
                "metadata": {
                    "trials": 1
                }
            },
            {
                "query": {
                    "x": 0.7414877865243056
                },
                "metrics": {
                    "outcome": -0.6458859228049056
                },
                "metadata": {
                    "trials": 1
                }
            },
            {
                "query": {
                    "x": 0.7603648904282625
                },
                "metrics": {
                    "outcome": -0.6197267514384655
                },
                "metadata": {
                    "trials": 1
                }
            }
        ]
    ],
    "best_results": [
        {
            "query": {
                "x": 0.7487444720917713
            },
            "metrics": [
                {
                    "name": "outcome",
                    "value": -0.6632798485317299
                }
            ]
        }
    ]
}