{
    "date": "05/11/2022 12:04:01",
    "basic_params": {
        "active_variables": [
            "x"
        ],
        "default_query": {},
        "metric": "basic",
        "n_trials": 1
    },
    "objective_function": {
        "name": "Gramacy1D",
        "params": {}
    },
    "optimizer": {
        "name": "BBO-LP(LCB)-FoD",
        "params": {
            "lower_bound": [
                0.5
            ],
            "upper_bound": [
                2.5
            ],
            "invert_metric": false,
            "bopt_params": {
                "n_init_samples": 12,
                "n_iterations": 23,
                "n_iter_relearn": 5,
                "verbose_level": 0,
                "n_parallel_samples": 6,
                "fixed_dataset_size": 50,
                "par_type": "PAR_BBO",
                "crit_name": "cLP(cLCB)",
                "n_crit_params": 3,
                "crit_params": [
                    6,
                    1,
                    1.0
                ]
            }
        }
    },
    "iterations": [
        [
            {
                "query": {
                    "x": 1.1022955650308481
                },
                "metrics": {
                    "outcome": -0.032574473827311275
                },
                "metadata": {
                    "trials": 1
                }
            }
        ],
        [
            {
                "query": {
                    "x": 1.2078413144918159
                },
                "metrics": {
                    "outcome": 0.10281400839456957
                },
                "metadata": {
                    "trials": 1
                }
            }
        ],
        [
            {
                "query": {
                    "x": 1.8966131136597444
                },
                "metrics": {
                    "outcome": 0.6742771238350813
                },
                "metadata": {
                    "trials": 1
                }
            }
        ],
        [
            {
                "query": {
                    "x": 2.2162268903727336
                },
                "metrics": {
                    "outcome": 2.298150109467844
                },
                "metadata": {
                    "trials": 1
                }
            }
        ],
        [
            {
                "query": {
                    "x": 2.0302975379551453
                },
                "metrics": {
                    "outcome": 1.3273903014457389
                },
                "metadata": {
                    "trials": 1
                }
            }
        ],
        [
            {
                "query": {
                    "x": 0.864211596432142
                },
                "metrics": {
                    "outcome": 0.5221894406856904
                },
                "metadata": {
                    "trials": 1
                }
            }
        ],
        [
            {
                "query": {
                    "x": 2.4125681880007805
                },
                "metrics": {
                    "outcome": 4.061137550093076
                },
                "metadata": {
                    "trials": 1
                }
            }
        ],
        [
            {
                "query": {
                    "x": 1.5267726075447474
                },
                "metrics": {
                    "outcome": -0.16709877268364806
                },
                "metadata": {
                    "trials": 1
                }
            }
        ],
        [
            {
                "query": {
                    "x": 0.5372144740540534
                },
                "metrics": {
                    "outcome": -0.8107811680391332
                },
                "metadata": {
                    "trials": 1
                }
            }
        ],
        [
            {
                "query": {
                    "x": 1.3693135291105136
                },
                "metrics": {
                    "outcome": -0.28136642287835945
                },
                "metadata": {
                    "trials": 1
                }
            }
        ],
        [
            {
                "query": {
                    "x": 0.7734031127377723
                },
                "metrics": {
                    "outcome": -0.47685232269947675
                },
                "metadata": {
                    "trials": 1
                }
            }
        ],
        [
            {
                "query": {
                    "x": 1.8239518829310934
                },
                "metrics": {
                    "outcome": 0.6482533720378921
                },
                "metadata": {
                    "trials": 1
                }
            }
        ],
        [
            {
                "query": {
                    "x": 0.647667995219834
                },
                "metrics": {
                    "outcome": 0.7853398131081232
                },
                "metadata": {
                    "trials": 1
                }
            },
            {
                "query": {
                    "x": 0.5971533563586261
                },
                "metrics": {
                    "outcome": -0.0484438895565355
                },
                "metadata": {
                    "trials": 1
                }
            },
            {
                "query": {
                    "x": 0.696720054797615
                },
                "metrics": {
                    "outcome": 0.08227758747355453
                },
                "metadata": {
                    "trials": 1
                }
            },
            {
                "query": {
                    "x": 0.5000000000000001
                },
                "metrics": {
                    "outcome": 0.062499999999997
                },
                "metadata": {
                    "trials": 1
                }
            },
            {
                "query": {
                    "x": 0.7317525659211788
                },
                "metrics": {
                    "outcome": -0.568880542041179
                },
                "metadata": {
                    "trials": 1
                }
            },
            {
                "query": {
                    "x": 0.6251921687403663
                },
                "metrics": {
                    "outcome": 0.5886501900560227
                },
                "metadata": {
                    "trials": 1
                }
            }
        ],
        [
            {
                "query": {
                    "x": 0.5490641324776501
                },
                "metrics": {
                    "outcome": -0.8688984319555507
                },
                "metadata": {
                    "trials": 1
                }
            },
            {
                "query": {
                    "x": 0.5554145863497576
                },
                "metrics": {
                    "outcome": -0.8481675740682386
                },
                "metadata": {
                    "trials": 1
                }
            },
            {
                "query": {
                    "x": 0.5427188239400874
                },
                "metrics": {
                    "outcome": -0.853564113016221
                },
                "metadata": {
                    "trials": 1
                }
            },
            {
                "query": {
                    "x": 0.5384353521513016
                },
                "metrics": {
                    "outcome": -0.822613540809589
                },
                "metadata": {
                    "trials": 1
                }
            },
            {
                "query": {
                    "x": 0.5355215369075761
                },
                "metrics": {
                    "outcome": -0.7921946221984456
                },
                "metadata": {
                    "trials": 1
                }
            },
            {
                "query": {
                    "x": 0.5626223987170985
                },
                "metrics": {
                    "outcome": -0.7831384213614017
                },
                "metadata": {
                    "trials": 1
                }
            }
        ],
        [
            {
                "query": {
                    "x": 0.5485645675892271
                },
                "metrics": {
                    "outcome": -0.8690111344220726
                },
                "metadata": {
                    "trials": 1
                }
            },
            {
                "query": {
                    "x": 0.5513526647583434
                },
                "metrics": {
                    "outcome": -0.8655264615751616
                },
                "metadata": {
                    "trials": 1
                }
            },
            {
                "query": {
                    "x": 0.5457797133880826
                },
                "metrics": {
                    "outcome": -0.8655139514242924
                },
                "metadata": {
                    "trials": 1
                }
            },
            {
                "query": {
                    "x": 0.5540932728730993
                },
                "metrics": {
                    "outcome": -0.8553899182673826
                },
                "metadata": {
                    "trials": 1
                }
            },
            {
                "query": {
                    "x": 0.5430730619240179
                },
                "metrics": {
                    "outcome": -0.8553819296948134
                },
                "metadata": {
                    "trials": 1
                }
            },
            {
                "query": {
                    "x": 0.5402313035043065
                },
                "metrics": {
                    "outcome": -0.8376013014707513
                },
                "metadata": {
                    "trials": 1
                }
            }
        ],
        [
            {
                "query": {
                    "x": 0.5485638576277345
                },
                "metrics": {
                    "outcome": -0.8690111349127257
                },
                "metadata": {
                    "trials": 1
                }
            },
            {
                "query": {
                    "x": 0.5508236409606182
                },
                "metrics": {
                    "outcome": -0.8667208349428156
                },
                "metadata": {
                    "trials": 1
                }
            },
            {
                "query": {
                    "x": 0.5463061582369821
                },
                "metrics": {
                    "outcome": -0.8667127565818428
                },
                "metadata": {
                    "trials": 1
                }
            },
            {
                "query": {
                    "x": 0.5530581639590001
                },
                "metrics": {
                    "outcome": -0.8599919473646442
                },
                "metadata": {
                    "trials": 1
                }
            },
            {
                "query": {
                    "x": 0.5440974337376997
                },
                "metrics": {
                    "outcome": -0.8599982872558206
                },
                "metadata": {
                    "trials": 1
                }
            },
            {
                "query": {
                    "x": 0.5417572134596711
                },
                "metrics": {
                    "outcome": -0.8480563924569448
                },
                "metadata": {
                    "trials": 1
                }
            }
        ],
        [
            {
                "query": {
                    "x": 0.5485645434359679
                },
                "metrics": {
                    "outcome": -0.869011134446217
                },
                "metadata": {
                    "trials": 1
                }
            },
            {
                "query": {
                    "x": 0.550589488194984
                },
                "metrics": {
                    "outcome": -0.867170066359596
                },
                "metadata": {
                    "trials": 1
                }
            },
            {
                "query": {
                    "x": 0.5465412725032502
                },
                "metrics": {
                    "outcome": -0.8671670460141166
                },
                "metadata": {
                    "trials": 1
                }
            },
            {
                "query": {
                    "x": 0.5445626506952924
                },
                "metrics": {
                    "outcome": -0.8617804369363323
                },
                "metadata": {
                    "trials": 1
                }
            },
            {
                "query": {
                    "x": 0.5525986207768259
                },
                "metrics": {
                    "outcome": -0.861735117555121
                },
                "metadata": {
                    "trials": 1
                }
            },
            {
                "query": {
                    "x": 0.5424661109365222
                },
                "metrics": {
                    "outcome": -0.8521977834511077
                },
                "metadata": {
                    "trials": 1
                }
            }
        ],
        [
            {
                "query": {
                    "x": 0.548563073799492
                },
                "metrics": {
                    "outcome": -0.8690111349276677
                },
                "metadata": {
                    "trials": 1
                }
            },
            {
                "query": {
                    "x": 0.5507919731545697
                },
                "metrics": {
                    "outcome": -0.8667844438471692
                },
                "metadata": {
                    "trials": 1
                }
            },
            {
                "query": {
                    "x": 0.5463365837711659
                },
                "metrics": {
                    "outcome": -0.866774365068946
                },
                "metadata": {
                    "trials": 1
                }
            },
            {
                "query": {
                    "x": 0.5530023826415867
                },
                "metrics": {
                    "outcome": -0.8602134065310271
                },
                "metadata": {
                    "trials": 1
                }
            },
            {
                "query": {
                    "x": 0.5441344629863321
                },
                "metrics": {
                    "outcome": -0.8601473322902565
                },
                "metadata": {
                    "trials": 1
                }
            },
            {
                "query": {
                    "x": 0.5418020540280021
                },
                "metrics": {
                    "outcome": -0.8483318244435226
                },
                "metadata": {
                    "trials": 1
                }
            }
        ],
        [
            {
                "query": {
                    "x": 0.548563479135802
                },
                "metrics": {
                    "outcome": -0.869011134988961
                },
                "metadata": {
                    "trials": 1
                }
            },
            {
                "query": {
                    "x": 0.5506891352645096
                },
                "metrics": {
                    "outcome": -0.8669848540828724
                },
                "metadata": {
                    "trials": 1
                }
            },
            {
                "query": {
                    "x": 0.5464397480217963
                },
                "metrics": {
                    "outcome": -0.8669770207197892
                },
                "metadata": {
                    "trials": 1
                }
            },
            {
                "query": {
                    "x": 0.5527907727030634
                },
                "metrics": {
                    "outcome": -0.8610287534977695
                },
                "metadata": {
                    "trials": 1
                }
            },
            {
                "query": {
                    "x": 0.5443435427414494
                },
                "metrics": {
                    "outcome": -0.8609655456150859
                },
                "metadata": {
                    "trials": 1
                }
            },
            {
                "query": {
                    "x": 0.5421300657769363
                },
                "metrics": {
                    "outcome": -0.8502913067021274
                },
                "metadata": {
                    "trials": 1
                }
            }
        ],
        [
            {
                "query": {
                    "x": 0.5485637531679436
                },
                "metrics": {
                    "outcome": -0.8690111349466442
                },
                "metadata": {
                    "trials": 1
                }
            },
            {
                "query": {
                    "x": 0.55060808626852
                },
                "metrics": {
                    "outcome": -0.8671361695362374
                },
                "metadata": {
                    "trials": 1
                }
            },
            {
                "query": {
                    "x": 0.5465210341244386
                },
                "metrics": {
                    "outcome": -0.867129910234209
                },
                "metadata": {
                    "trials": 1
                }
            },
            {
                "query": {
                    "x": 0.5526255507816494
                },
                "metrics": {
                    "outcome": -0.8616380734328618
                },
                "metadata": {
                    "trials": 1
                }
            },
            {
                "query": {
                    "x": 0.5445081700364072
                },
                "metrics": {
                    "outcome": -0.8615818854834038
                },
                "metadata": {
                    "trials": 1
                }
            },
            {
                "query": {
                    "x": 0.5423866777737517
                },
                "metrics": {
                    "outcome": -0.8517563663380011
                },
                "metadata": {
                    "trials": 1
                }
            }
        ],
        [
            {
                "query": {
                    "x": 0.5485635390384359
                },
                "metrics": {
                    "outcome": -0.8690111349854812
                },
                "metadata": {
                    "trials": 1
                }
            },
            {
                "query": {
                    "x": 0.5505630846779925
                },
                "metrics": {
                    "outcome": -0.8672176602377929
                },
                "metadata": {
                    "trials": 1
                }
            },
            {
                "query": {
                    "x": 0.5465654679224545
                },
                "metrics": {
                    "outcome": -0.8672109559618032
                },
                "metadata": {
                    "trials": 1
                }
            },
            {
                "query": {
                    "x": 0.5525372485566978
                },
                "metrics": {
                    "outcome": -0.8619538968684817
                },
                "metadata": {
                    "trials": 1
                }
            },
            {
                "query": {
                    "x": 0.5445954310491079
                },
                "metrics": {
                    "outcome": -0.8618986051563843
                },
                "metadata": {
                    "trials": 1
                }
            },
            {
                "query": {
                    "x": 0.5425180104490519
                },
                "metrics": {
                    "outcome": -0.852483106705139
                },
                "metadata": {
                    "trials": 1
                }
            }
        ],
        [
            {
                "query": {
                    "x": 0.7851446377908675
                },
                "metrics": {
                    "outcome": -0.28440037486309916
                },
                "metadata": {
                    "trials": 1
                }
            },
            {
                "query": {
                    "x": 0.5485607010460237
                },
                "metrics": {
                    "outcome": -0.8690111316033257
                },
                "metadata": {
                    "trials": 1
                }
            },
            {
                "query": {
                    "x": 0.5507179513841146
                },
                "metrics": {
                    "outcome": -0.8669296463388101
                },
                "metadata": {
                    "trials": 1
                }
            },
            {
                "query": {
                    "x": 0.546405077542104
                },
                "metrics": {
                    "outcome": -0.8669099894180415
                },
                "metadata": {
                    "trials": 1
                }
            },
            {
                "query": {
                    "x": 0.5528634113900016
                },
                "metrics": {
                    "outcome": -0.8607532938077798
                },
                "metadata": {
                    "trials": 1
                }
            },
            {
                "query": {
                    "x": 0.5442685991746723
                },
                "metrics": {
                    "outcome": -0.8606768221610455
                },
                "metadata": {
                    "trials": 1
                }
            }
        ],
        [
            {
                "query": {
                    "x": 0.5485731761628115
                },
                "metrics": {
                    "outcome": -0.8690110923836223
                },
                "metadata": {
                    "trials": 1
                }
            },
            {
                "query": {
                    "x": 0.545766449766599
                },
                "metrics": {
                    "outcome": -0.8654805039044566
                },
                "metadata": {
                    "trials": 1
                }
            },
            {
                "query": {
                    "x": 0.5513797153174643
                },
                "metrics": {
                    "outcome": -0.8654587164331453
                },
                "metadata": {
                    "trials": 1
                }
            },
            {
                "query": {
                    "x": 0.5542229714511293
                },
                "metrics": {
                    "outcome": -0.854747635683892
                },
                "metadata": {
                    "trials": 1
                }
            },
            {
                "query": {
                    "x": 0.5429517717189507
                },
                "metrics": {
                    "outcome": -0.8547723194718927
                },
                "metadata": {
                    "trials": 1
                }
            },
            {
                "query": {
                    "x": 0.539594260201222
                },
                "metrics": {
                    "outcome": -0.8326158969479676
                },
                "metadata": {
                    "trials": 1
                }
            }
        ],
        [
            {
                "query": {
                    "x": 0.5485496444098809
                },
                "metrics": {
                    "outcome": -0.8690110493099364
                },
                "metadata": {
                    "trials": 1
                }
            },
            {
                "query": {
                    "x": 0.5515758906540509
                },
                "metrics": {
                    "outcome": -0.8649480220308073
                },
                "metadata": {
                    "trials": 1
                }
            },
            {
                "query": {
                    "x": 0.5455301207920209
                },
                "metrics": {
                    "outcome": -0.864857801435616
                },
                "metadata": {
                    "trials": 1
                }
            },
            {
                "query": {
                    "x": 0.5547641555001709
                },
                "metrics": {
                    "outcome": -0.8519107017646289
                },
                "metadata": {
                    "trials": 1
                }
            },
            {
                "query": {
                    "x": 0.5424772054356075
                },
                "metrics": {
                    "outcome": -0.8522589817138024
                },
                "metadata": {
                    "trials": 1
                }
            },
            {
                "query": {
                    "x": 0.538647110989401
                },
                "metrics": {
                    "outcome": -0.8245308567455383
                },
                "metadata": {
                    "trials": 1
                }
            }
        ],
        [
            {
                "query": {
                    "x": 0.5485523732885235
                },
                "metrics": {
                    "outcome": -0.869011079844959
                },
                "metadata": {
                    "trials": 1
                }
            },
            {
                "query": {
                    "x": 0.5515296049633063
                },
                "metrics": {
                    "outcome": -0.8650715869106584
                },
                "metadata": {
                    "trials": 1
                }
            },
            {
                "query": {
                    "x": 0.5455806143470767
                },
                "metrics": {
                    "outcome": -0.8649951009259436
                },
                "metadata": {
                    "trials": 1
                }
            },
            {
                "query": {
                    "x": 0.5546477244298983
                },
                "metrics": {
                    "outcome": -0.8525423797496215
                },
                "metadata": {
                    "trials": 1
                }
            },
            {
                "query": {
                    "x": 0.5425945842063354
                },
                "metrics": {
                    "outcome": -0.8528996233870387
                },
                "metadata": {
                    "trials": 1
                }
            },
            {
                "query": {
                    "x": 0.5388914236203095
                },
                "metrics": {
                    "outcome": -0.826693176994654
                },
                "metadata": {
                    "trials": 1
                }
            }
        ],
        [
            {
                "query": {
                    "x": 0.5485522700429821
                },
                "metrics": {
                    "outcome": -0.8690110788116479
                },
                "metadata": {
                    "trials": 1
                }
            },
            {
                "query": {
                    "x": 0.551544049901532
                },
                "metrics": {
                    "outcome": -0.8650332280593238
                },
                "metadata": {
                    "trials": 1
                }
            },
            {
                "query": {
                    "x": 0.5455652642550606
                },
                "metrics": {
                    "outcome": -0.864953606333148
                },
                "metadata": {
                    "trials": 1
                }
            },
            {
                "query": {
                    "x": 0.5546429424914
                },
                "metrics": {
                    "outcome": -0.8525680736652126
                },
                "metadata": {
                    "trials": 1
                }
            },
            {
                "query": {
                    "x": 0.5425442502177902
                },
                "metrics": {
                    "outcome": -0.852626434035497
                },
                "metadata": {
                    "trials": 1
                }
            },
            {
                "query": {
                    "x": 0.5387924005770522
                },
                "metrics": {
                    "outcome": -0.8258231883077773
                },
                "metadata": {
                    "trials": 1
                }
            }
        ],
        [
            {
                "query": {
                    "x": 0.5485517351827617
                },
                "metrics": {
                    "outcome": -0.8690110733050591
                },
                "metadata": {
                    "trials": 1
                }
            },
            {
                "query": {
                    "x": 0.5515555894274449
                },
                "metrics": {
                    "outcome": -0.8650024518917595
                },
                "metadata": {
                    "trials": 1
                }
            },
            {
                "query": {
                    "x": 0.5455534033450581
                },
                "metrics": {
                    "outcome": -0.8649213974142201
                },
                "metadata": {
                    "trials": 1
                }
            },
            {
                "query": {
                    "x": 0.5425417428992715
                },
                "metrics": {
                    "outcome": -0.8526127654686648
                },
                "metadata": {
                    "trials": 1
                }
            },
            {
                "query": {
                    "x": 0.5547096496015589
                },
                "metrics": {
                    "outcome": -0.8522078685501929
                },
                "metadata": {
                    "trials": 1
                }
            },
            {
                "query": {
                    "x": 0.5387977923051501
                },
                "metrics": {
                    "outcome": -0.8258707841181328
                },
                "metadata": {
                    "trials": 1
                }
            }
        ],
        [
            {
                "query": {
                    "x": 0.5485510692746948
                },
                "metrics": {
                    "outcome": -0.8690110660895358
                },
                "metadata": {
                    "trials": 1
                }
            },
            {
                "query": {
                    "x": 0.5515753876912092
                },
                "metrics": {
                    "outcome": -0.8649493749366634
                },
                "metadata": {
                    "trials": 1
                }
            },
            {
                "query": {
                    "x": 0.5455325247395302
                },
                "metrics": {
                    "outcome": -0.8648643905431019
                },
                "metadata": {
                    "trials": 1
                }
            },
            {
                "query": {
                    "x": 0.542504637296758
                },
                "metrics": {
                    "outcome": -0.8524098196892526
                },
                "metadata": {
                    "trials": 1
                }
            },
            {
                "query": {
                    "x": 0.5547595086694872
                },
                "metrics": {
                    "outcome": -0.8519361360946971
                },
                "metadata": {
                    "trials": 1
                }
            },
            {
                "query": {
                    "x": 0.5387207639896892
                },
                "metrics": {
                    "outcome": -0.8251883468241389
                },
                "metadata": {
                    "trials": 1
                }
            }
        ],
        [
            {
                "query": {
                    "x": 0.5485504648001274
                },
                "metrics": {
                    "outcome": -0.8690110591941903
                },
                "metadata": {
                    "trials": 1
                }
            },
            {
                "query": {
                    "x": 0.5515993988476436
                },
                "metrics": {
                    "outcome": -0.8648845382508309
                },
                "metadata": {
                    "trials": 1
                }
            },
            {
                "query": {
                    "x": 0.5455075028311165
                },
                "metrics": {
                    "outcome": -0.8647955500523752
                },
                "metadata": {
                    "trials": 1
                }
            },
            {
                "query": {
                    "x": 0.5424592059032317
                },
                "metrics": {
                    "outcome": -0.8521596383721638
                },
                "metadata": {
                    "trials": 1
                }
            },
            {
                "query": {
                    "x": 0.5548186644615827
                },
                "metrics": {
                    "outcome": -0.8516109602663204
                },
                "metadata": {
                    "trials": 1
                }
            },
            {
                "query": {
                    "x": 0.559216863807462
                },
                "metrics": {
                    "outcome": -0.8191378867731199
                },
                "metadata": {
                    "trials": 1
                }
            }
        ],
        [
            {
                "query": {
                    "x": 0.5485630596944601
                },
                "metrics": {
                    "outcome": -0.869011134922873
                },
                "metadata": {
                    "trials": 1
                }
            },
            {
                "query": {
                    "x": 0.5515880313659937
                },
                "metrics": {
                    "outcome": -0.8649152971472771
                },
                "metadata": {
                    "trials": 1
                }
            },
            {
                "query": {
                    "x": 0.5455419207889646
                },
                "metrics": {
                    "outcome": -0.8648900944024801
                },
                "metadata": {
                    "trials": 1
                }
            },
            {
                "query": {
                    "x": 0.5425270745100318
                },
                "metrics": {
                    "outcome": -0.8525326870956508
                },
                "metadata": {
                    "trials": 1
                }
            },
            {
                "query": {
                    "x": 0.5546704853540615
                },
                "metrics": {
                    "outcome": -0.8524198124684704
                },
                "metadata": {
                    "trials": 1
                }
            },
            {
                "query": {
                    "x": 0.5387796972184383
                },
                "metrics": {
                    "outcome": -0.8257109459287731
                },
                "metadata": {
                    "trials": 1
                }
            }
        ],
        [
            {
                "query": {
                    "x": 0.5485611724470726
                },
                "metrics": {
                    "outcome": -0.8690111326670177
                },
                "metadata": {
                    "trials": 1
                }
            },
            {
                "query": {
                    "x": 0.5516098769926883
                },
                "metrics": {
                    "outcome": -0.8648560845169498
                },
                "metadata": {
                    "trials": 1
                }
            },
            {
                "query": {
                    "x": 0.5450028419286447
                },
                "metrics": {
                    "outcome": -0.8632858972435449
                },
                "metadata": {
                    "trials": 1
                }
            },
            {
                "query": {
                    "x": 0.5546830460666565
                },
                "metrics": {
                    "outcome": -0.8523519820177761
                },
                "metadata": {
                    "trials": 1
                }
            },
            {
                "query": {
                    "x": 0.5419064987066008
                },
                "metrics": {
                    "outcome": -0.848966321452433
                },
                "metadata": {
                    "trials": 1
                }
            },
            {
                "query": {
                    "x": 0.5585157831259673
                },
                "metrics": {
                    "outcome": -0.8253941036617112
                },
                "metadata": {
                    "trials": 1
                }
            }
        ],
        [
            {
                "query": {
                    "x": 0.5485601773405349
                },
                "metrics": {
                    "outcome": -0.8690111301871531
                },
                "metadata": {
                    "trials": 1
                }
            },
            {
                "query": {
                    "x": 0.5516917144593351
                },
                "metrics": {
                    "outcome": -0.8646305108896088
                },
                "metadata": {
                    "trials": 1
                }
            },
            {
                "query": {
                    "x": 0.5454331820394738
                },
                "metrics": {
                    "outcome": -0.8645877302068888
                },
                "metadata": {
                    "trials": 1
                }
            },
            {
                "query": {
                    "x": 0.5548670724015365
                },
                "metrics": {
                    "outcome": -0.8513426244420779
                },
                "metadata": {
                    "trials": 1
                }
            },
            {
                "query": {
                    "x": 0.5422715716480361
                },
                "metrics": {
                    "outcome": -0.8511065716555747
                },
                "metadata": {
                    "trials": 1
                }
            },
            {
                "query": {
                    "x": 0.5588733228247678
                },
                "metrics": {
                    "outcome": -0.8222537788442119
                },
                "metadata": {
                    "trials": 1
                }
            }
        ],
        [
            {
                "query": {
                    "x": 0.5485601945889419
                },
                "metrics": {
                    "outcome": -0.8690111302377254
                },
                "metadata": {
                    "trials": 1
                }
            },
            {
                "query": {
                    "x": 0.5516186237748044
                },
                "metrics": {
                    "outcome": -0.8648322579681663
                },
                "metadata": {
                    "trials": 1
                }
            },
            {
                "query": {
                    "x": 0.5454899686901007
                },
                "metrics": {
                    "outcome": -0.8647469716303366
                },
                "metadata": {
                    "trials": 1
                }
            },
            {
                "query": {
                    "x": 0.5424039428713564
                },
                "metrics": {
                    "outcome": -0.8518527960793317
                },
                "metadata": {
                    "trials": 1
                }
            },
            {
                "query": {
                    "x": 0.5547221217256466
                },
                "metrics": {
                    "outcome": -0.8521400961381385
                },
                "metadata": {
                    "trials": 1
                }
            },
            {
                "query": {
                    "x": 0.5585511611778509
                },
                "metrics": {
                    "outcome": -0.8250880501938205
                },
                "metadata": {
                    "trials": 1
                }
            }
        ],
        [
            {
                "query": {
                    "x": 0.5485602469649588
                },
                "metrics": {
                    "outcome": -0.8690111303896508
                },
                "metadata": {
                    "trials": 1
                }
            },
            {
                "query": {
                    "x": 0.5454984263770378
                },
                "metrics": {
                    "outcome": -0.8647704385009931
                },
                "metadata": {
                    "trials": 1
                }
            },
            {
                "query": {
                    "x": 0.5516254879659178
                },
                "metrics": {
                    "outcome": -0.8648135122659664
                },
                "metadata": {
                    "trials": 1
                }
            },
            {
                "query": {
                    "x": 0.5547313705335104
                },
                "metrics": {
                    "outcome": -0.8520897524217935
                },
                "metadata": {
                    "trials": 1
                }
            },
            {
                "query": {
                    "x": 0.5424090374127367
                },
                "metrics": {
                    "outcome": -0.8518811987399759
                },
                "metadata": {
                    "trials": 1
                }
            },
            {
                "query": {
                    "x": 0.5585599881639566
                },
                "metrics": {
                    "outcome": -0.8250115280809818
                },
                "metadata": {
                    "trials": 1
                }
            }
        ],
        [
            {
                "query": {
                    "x": 0.5485603655320469
                },
                "metrics": {
                    "outcome": -0.8690111307244559
                },
                "metadata": {
                    "trials": 1
                }
            },
            {
                "query": {
                    "x": 0.5516251580345706
                },
                "metrics": {
                    "outcome": -0.8648144142426428
                },
                "metadata": {
                    "trials": 1
                }
            },
            {
                "query": {
                    "x": 0.5455005482625901
                },
                "metrics": {
                    "outcome": -0.8647763157488924
                },
                "metadata": {
                    "trials": 1
                }
            },
            {
                "query": {
                    "x": 0.5547365551597536
                },
                "metrics": {
                    "outcome": -0.8520614989002149
                },
                "metadata": {
                    "trials": 1
                }
            },
            {
                "query": {
                    "x": 0.5424033672978908
                },
                "metrics": {
                    "outcome": -0.8518495857124428
                },
                "metadata": {
                    "trials": 1
                }
            },
            {
                "query": {
                    "x": 0.5585619758519262
                },
                "metrics": {
                    "outcome": -0.8249942877625642
                },
                "metadata": {
                    "trials": 1
                }
            }
        ]
    ],
    "best_results": [
        {
            "query": {
                "x": 0.548563479135802
            },
            "metrics": [
                {
                    "name": "outcome",
                    "value": -0.869011134988961
                }
            ]
        }
    ]
}