{
    "date": "09/11/2022 18:58:15",
    "basic_params": {
        "active_variables": [
            "x1",
            "x2"
        ],
        "default_query": {},
        "metric": "basic",
        "n_trials": 1
    },
    "objective_function": {
        "name": "Beale",
        "params": {}
    },
    "optimizer": {
        "name": "BO-MCMC-2500",
        "params": {
            "lower_bound": [
                -4.5,
                -4.5
            ],
            "upper_bound": [
                4.5,
                4.5
            ],
            "invert_metric": false,
            "bopt_params": {
                "n_init_samples": 15,
                "n_iterations": 45,
                "n_iter_relearn": 5,
                "verbose_level": 0,
                "n_parallel_samples": 3,
                "par_type": "PAR_MCMC",
                "l_type": "L_MCMC",
                "burnout_mcmc_parallel": 2500,
                "crit_name": "cEI"
            }
        }
    },
    "execution_time": 219.1834635734558,
    "best_results": [
        {
            "query": {
                "x1": 2.996702541197007,
                "x2": 0.4995795524601805
            },
            "metrics": [
                {
                    "name": "outcome",
                    "value": 5.392017260834628e-06
                }
            ]
        }
    ],
    "iterations": [
        [
            {
                "query": {
                    "x1": -2.6616665073204784,
                    "x2": 3.241923481039703
                },
                "metrics": {
                    "outcome": 7845.660386642882
                },
                "metadata": {
                    "trials": 1
                }
            }
        ],
        [
            {
                "query": {
                    "x1": -3.6327347479294985,
                    "x2": 0.9242169653065497
                },
                "metrics": {
                    "outcome": 22.369983169132617
                },
                "metadata": {
                    "trials": 1
                }
            }
        ],
        [
            {
                "query": {
                    "x1": -0.9957195998635147,
                    "x2": 3.492282625101507
                },
                "metrics": {
                    "outcome": 1584.725048178655
                },
                "metadata": {
                    "trials": 1
                }
            }
        ],
        [
            {
                "query": {
                    "x1": -0.2137442361563444,
                    "x2": 2.195501649565994
                },
                "metrics": {
                    "outcome": 3.936091124879532
                },
                "metadata": {
                    "trials": 1
                }
            }
        ],
        [
            {
                "query": {
                    "x1": 1.1958594461437322,
                    "x2": 0.4762705803383138
                },
                "metrics": {
                    "outcome": 4.9484353251929125
                },
                "metadata": {
                    "trials": 1
                }
            }
        ],
        [
            {
                "query": {
                    "x1": 0.8780300040263675,
                    "x2": -2.416677156183869
                },
                "metrics": {
                    "outcome": 157.83039328991464
                },
                "metadata": {
                    "trials": 1
                }
            }
        ],
        [
            {
                "query": {
                    "x1": 1.8512471684720362,
                    "x2": -2.938793997885659
                },
                "metrics": {
                    "outcome": 2437.6850040862646
                },
                "metadata": {
                    "trials": 1
                }
            }
        ],
        [
            {
                "query": {
                    "x1": 3.209712906181813,
                    "x2": 1.5381570585072044
                },
                "metrics": {
                    "outcome": 177.54926866505397
                },
                "metadata": {
                    "trials": 1
                }
            }
        ],
        [
            {
                "query": {
                    "x1": 3.3539669475518172,
                    "x2": -0.9685430725570772
                },
                "metrics": {
                    "outcome": 44.4660095216707
                },
                "metadata": {
                    "trials": 1
                }
            }
        ],
        [
            {
                "query": {
                    "x1": -3.936092316778377,
                    "x2": 0.22917800084687734
                },
                "metrics": {
                    "outcome": 98.73859083440945
                },
                "metadata": {
                    "trials": 1
                }
            }
        ],
        [
            {
                "query": {
                    "x1": -1.7607909550890328,
                    "x2": -3.918832943821326
                },
                "metrics": {
                    "outcome": 12811.770569512624
                },
                "metadata": {
                    "trials": 1
                }
            }
        ],
        [
            {
                "query": {
                    "x1": 4.464749871706591,
                    "x2": -0.4311177736613905
                },
                "metrics": {
                    "outcome": 30.65504948631536
                },
                "metadata": {
                    "trials": 1
                }
            }
        ],
        [
            {
                "query": {
                    "x1": -3.1727914269547908,
                    "x2": -3.755966585688293
                },
                "metrics": {
                    "outcome": 32068.28074994752
                },
                "metadata": {
                    "trials": 1
                }
            }
        ],
        [
            {
                "query": {
                    "x1": 2.1492723874747757,
                    "x2": -2.039298268267885
                },
                "metrics": {
                    "outcome": 422.16239184219324
                },
                "metadata": {
                    "trials": 1
                }
            }
        ],
        [
            {
                "query": {
                    "x1": -0.35358946784399414,
                    "x2": 4.424417241616174
                },
                "metrics": {
                    "outcome": 783.0201984975402
                },
                "metadata": {
                    "trials": 1
                }
            }
        ],
        [
            {
                "query": {
                    "x1": 0.5214989083362216,
                    "x2": 2.383115129779248
                },
                "metrics": {
                    "outcome": 110.86741516435076
                },
                "metadata": {
                    "trials": 1
                }
            },
            {
                "query": {
                    "x1": -1.3083910419239202,
                    "x2": -1.386319746443779
                },
                "metrics": {
                    "outcome": 77.50206330236514
                },
                "metadata": {
                    "trials": 1
                }
            },
            {
                "query": {
                    "x1": -3.7609802153202683,
                    "x2": 1.915283200597563
                },
                "metrics": {
                    "outcome": 465.91202068610625
                },
                "metadata": {
                    "trials": 1
                }
            }
        ],
        [
            {
                "query": {
                    "x1": 3.709345351977861,
                    "x2": 0.6146734852806457
                },
                "metrics": {
                    "outcome": 0.05802763042661851
                },
                "metadata": {
                    "trials": 1
                }
            },
            {
                "query": {
                    "x1": 3.1780577179142897,
                    "x2": 0.5331997882822579
                },
                "metrics": {
                    "outcome": 0.005956567319500295
                },
                "metadata": {
                    "trials": 1
                }
            },
            {
                "query": {
                    "x1": -2.009234388607914,
                    "x2": -0.24723618882607834
                },
                "metrics": {
                    "outcome": 54.91639549148621
                },
                "metadata": {
                    "trials": 1
                }
            }
        ],
        [
            {
                "query": {
                    "x1": 3.318656350869732,
                    "x2": 0.5170129518250803
                },
                "metrics": {
                    "outcome": 0.09878542142696732
                },
                "metadata": {
                    "trials": 1
                }
            },
            {
                "query": {
                    "x1": 4.49827749530283,
                    "x2": 0.5277015361695803
                },
                "metrics": {
                    "outcome": 2.8509305688611786
                },
                "metadata": {
                    "trials": 1
                }
            },
            {
                "query": {
                    "x1": 4.381305993409384,
                    "x2": 0.6081364906187545
                },
                "metrics": {
                    "outcome": 0.9024385083937593
                },
                "metadata": {
                    "trials": 1
                }
            }
        ],
        [
            {
                "query": {
                    "x1": 3.275624830752138,
                    "x2": 0.6010257414229034
                },
                "metrics": {
                    "outcome": 0.06580613025193932
                },
                "metadata": {
                    "trials": 1
                }
            },
            {
                "query": {
                    "x1": 2.725078171668958,
                    "x2": 0.6314030835536739
                },
                "metrics": {
                    "outcome": 0.9625447991661964
                },
                "metadata": {
                    "trials": 1
                }
            },
            {
                "query": {
                    "x1": 3.446566496987007,
                    "x2": 0.7285202971875071
                },
                "metrics": {
                    "outcome": 0.9799293996681133
                },
                "metadata": {
                    "trials": 1
                }
            }
        ],
        [
            {
                "query": {
                    "x1": 2.74239858338487,
                    "x2": 0.5384828356911671
                },
                "metrics": {
                    "outcome": 0.24319697752105432
                },
                "metadata": {
                    "trials": 1
                }
            },
            {
                "query": {
                    "x1": 3.5395913396581165,
                    "x2": 0.9156056317589973
                },
                "metrics": {
                    "outcome": 7.506398422010193
                },
                "metadata": {
                    "trials": 1
                }
            },
            {
                "query": {
                    "x1": 4.197091914127055,
                    "x2": 0.7148811233109242
                },
                "metrics": {
                    "outcome": 0.1326533752006715
                },
                "metadata": {
                    "trials": 1
                }
            }
        ],
        [
            {
                "query": {
                    "x1": 0.5925078826131278,
                    "x2": 2.165796507616662
                },
                "metrics": {
                    "outcome": 89.31574111619388
                },
                "metadata": {
                    "trials": 1
                }
            },
            {
                "query": {
                    "x1": 4.241325198334815,
                    "x2": 0.68713017171497
                },
                "metrics": {
                    "outcome": 0.08781650220926293
                },
                "metadata": {
                    "trials": 1
                }
            },
            {
                "query": {
                    "x1": 3.860300540627353,
                    "x2": 0.6820960982255793
                },
                "metrics": {
                    "outcome": 0.10901554657918279
                },
                "metadata": {
                    "trials": 1
                }
            }
        ],
        [
            {
                "query": {
                    "x1": -1.7578427057735238,
                    "x2": 2.302887105217798
                },
                "metrics": {
                    "outcome": 320.78185043004214
                },
                "metadata": {
                    "trials": 1
                }
            },
            {
                "query": {
                    "x1": -0.38987107153432277,
                    "x2": 2.2384654893450477
                },
                "metrics": {
                    "outcome": 3.3499797690397743
                },
                "metadata": {
                    "trials": 1
                }
            },
            {
                "query": {
                    "x1": -2.348194568181168,
                    "x2": 2.2371217589785504
                },
                "metrics": {
                    "outcome": 507.58965138715234
                },
                "metadata": {
                    "trials": 1
                }
            }
        ],
        [
            {
                "query": {
                    "x1": -0.09005899859414601,
                    "x2": 2.2165272620861822
                },
                "metrics": {
                    "outcome": 8.542131866107788
                },
                "metadata": {
                    "trials": 1
                }
            },
            {
                "query": {
                    "x1": -0.009949200163820393,
                    "x2": 2.2212710060028664
                },
                "metrics": {
                    "outcome": 13.48180336432123
                },
                "metadata": {
                    "trials": 1
                }
            },
            {
                "query": {
                    "x1": -0.06389205725151026,
                    "x2": 2.248471558021249
                },
                "metrics": {
                    "outcome": 9.832468456549195
                },
                "metadata": {
                    "trials": 1
                }
            }
        ],
        [
            {
                "query": {
                    "x1": 3.759588426155309,
                    "x2": 0.6401475971728097
                },
                "metrics": {
                    "outcome": 0.044611945083463445
                },
                "metadata": {
                    "trials": 1
                }
            },
            {
                "query": {
                    "x1": -4.383704123312558,
                    "x2": -0.7352271902412806
                },
                "metrics": {
                    "outcome": 177.69342487332614
                },
                "metadata": {
                    "trials": 1
                }
            },
            {
                "query": {
                    "x1": 3.951793032824302,
                    "x2": 0.16421131392316202
                },
                "metrics": {
                    "outcome": 7.509333794224536
                },
                "metadata": {
                    "trials": 1
                }
            }
        ],
        [
            {
                "query": {
                    "x1": 2.9773230526083454,
                    "x2": 0.5095357769758957
                },
                "metrics": {
                    "outcome": 0.005390074945626803
                },
                "metadata": {
                    "trials": 1
                }
            },
            {
                "query": {
                    "x1": 3.0437869918350584,
                    "x2": 0.5235131980694572
                },
                "metrics": {
                    "outcome": 0.004422160490129165
                },
                "metadata": {
                    "trials": 1
                }
            },
            {
                "query": {
                    "x1": 3.0348957641613543,
                    "x2": 0.5131104734560283
                },
                "metrics": {
                    "outcome": 0.000699035659913643
                },
                "metadata": {
                    "trials": 1
                }
            }
        ],
        [
            {
                "query": {
                    "x1": 3.1556096933997226,
                    "x2": 0.5650275170109529
                },
                "metrics": {
                    "outcome": 0.02809282588624064
                },
                "metadata": {
                    "trials": 1
                }
            },
            {
                "query": {
                    "x1": 3.477557018418686,
                    "x2": 0.6182733278795922
                },
                "metrics": {
                    "outcome": 0.04106394362997803
                },
                "metadata": {
                    "trials": 1
                }
            },
            {
                "query": {
                    "x1": 3.2305276153655926,
                    "x2": 0.5804500424551229
                },
                "metrics": {
                    "outcome": 0.03325220270950068
                },
                "metadata": {
                    "trials": 1
                }
            }
        ],
        [
            {
                "query": {
                    "x1": -4.362873588571053,
                    "x2": -2.199708955049219
                },
                "metrics": {
                    "outcome": 3303.461350361609
                },
                "metadata": {
                    "trials": 1
                }
            },
            {
                "query": {
                    "x1": 3.3277858956957598,
                    "x2": 0.5725964351715991
                },
                "metrics": {
                    "outcome": 0.012303302807407872
                },
                "metadata": {
                    "trials": 1
                }
            },
            {
                "query": {
                    "x1": 4.439902674518832,
                    "x2": 0.7190941899935464
                },
                "metrics": {
                    "outcome": 0.10202154086443754
                },
                "metadata": {
                    "trials": 1
                }
            }
        ],
        [
            {
                "query": {
                    "x1": 2.7918388597247787,
                    "x2": 0.43863530298528985
                },
                "metrics": {
                    "outcome": 0.009273170540677476
                },
                "metadata": {
                    "trials": 1
                }
            },
            {
                "query": {
                    "x1": 3.0049011210966547,
                    "x2": 0.4881057321211353
                },
                "metrics": {
                    "outcome": 0.003906879878311736
                },
                "metadata": {
                    "trials": 1
                }
            },
            {
                "query": {
                    "x1": 2.9778586072295585,
                    "x2": 0.463363371076869
                },
                "metrics": {
                    "outcome": 0.020644668626880327
                },
                "metadata": {
                    "trials": 1
                }
            }
        ],
        [
            {
                "query": {
                    "x1": 2.908190154293681,
                    "x2": 0.4856252650362043
                },
                "metrics": {
                    "outcome": 0.0032688674878597127
                },
                "metadata": {
                    "trials": 1
                }
            },
            {
                "query": {
                    "x1": 3.47881788674937,
                    "x2": 0.5934351337765289
                },
                "metrics": {
                    "outcome": 0.023422553345764284
                },
                "metadata": {
                    "trials": 1
                }
            },
            {
                "query": {
                    "x1": 2.7781993423140445,
                    "x2": 0.4756549948357067
                },
                "metrics": {
                    "outcome": 0.033195843621029564
                },
                "metadata": {
                    "trials": 1
                }
            }
        ],
        [
            {
                "query": {
                    "x1": 2.6091897623708986,
                    "x2": 0.40462806746421176
                },
                "metrics": {
                    "outcome": 0.043072565005875356
                },
                "metadata": {
                    "trials": 1
                }
            },
            {
                "query": {
                    "x1": 2.653317731575622,
                    "x2": 0.41376937501653277
                },
                "metrics": {
                    "outcome": 0.03115614493943296
                },
                "metadata": {
                    "trials": 1
                }
            },
            {
                "query": {
                    "x1": 2.865310139250993,
                    "x2": 0.45191789905991886
                },
                "metrics": {
                    "outcome": 0.0064503626082945105
                },
                "metadata": {
                    "trials": 1
                }
            }
        ],
        [
            {
                "query": {
                    "x1": 2.8071339900488397,
                    "x2": 0.41253569144115865
                },
                "metrics": {
                    "outcome": 0.028755938056839674
                },
                "metadata": {
                    "trials": 1
                }
            },
            {
                "query": {
                    "x1": 2.063000526297036,
                    "x2": 0.27440475077246784
                },
                "metrics": {
                    "outcome": 0.48277765071901746
                },
                "metadata": {
                    "trials": 1
                }
            },
            {
                "query": {
                    "x1": 2.9355189739805176,
                    "x2": 0.41071555616983435
                },
                "metrics": {
                    "outcome": 0.10053952121035123
                },
                "metadata": {
                    "trials": 1
                }
            }
        ],
        [
            {
                "query": {
                    "x1": 2.6104012795780758,
                    "x2": 0.34339521393757
                },
                "metrics": {
                    "outcome": 0.0630343770706454
                },
                "metadata": {
                    "trials": 1
                }
            },
            {
                "query": {
                    "x1": 2.6200982926656975,
                    "x2": 0.3603056471318835
                },
                "metrics": {
                    "outcome": 0.048140456141379684
                },
                "metadata": {
                    "trials": 1
                }
            },
            {
                "query": {
                    "x1": 2.5577353433180434,
                    "x2": 0.35226336574746053
                },
                "metrics": {
                    "outcome": 0.05672590070055672
                },
                "metadata": {
                    "trials": 1
                }
            }
        ],
        [
            {
                "query": {
                    "x1": 3.0131208683057293,
                    "x2": 0.49856286368797953
                },
                "metrics": {
                    "outcome": 0.000535898754043011
                },
                "metadata": {
                    "trials": 1
                }
            },
            {
                "query": {
                    "x1": 3.048682775890792,
                    "x2": 0.49878090713350787
                },
                "metrics": {
                    "outcome": 0.004464409499133804
                },
                "metadata": {
                    "trials": 1
                }
            },
            {
                "query": {
                    "x1": 4.493515879442889,
                    "x2": 3.804441479813761
                },
                "metrics": {
                    "outcome": 64444.328596810774
                },
                "metadata": {
                    "trials": 1
                }
            }
        ],
        [
            {
                "query": {
                    "x1": 2.9718458484102204,
                    "x2": 0.49311865442568514
                },
                "metrics": {
                    "outcome": 0.0001316560190802533
                },
                "metadata": {
                    "trials": 1
                }
            },
            {
                "query": {
                    "x1": 2.4518375368950354,
                    "x2": 0.31341231580968554
                },
                "metrics": {
                    "outcome": 0.09698084181569994
                },
                "metadata": {
                    "trials": 1
                }
            },
            {
                "query": {
                    "x1": 3.0822277192637273,
                    "x2": 0.5135755417908054
                },
                "metrics": {
                    "outcome": 0.0019481424882497702
                },
                "metadata": {
                    "trials": 1
                }
            }
        ],
        [
            {
                "query": {
                    "x1": 4.4504653857061545,
                    "x2": -4.463384519936927
                },
                "metrics": {
                    "outcome": 166045.86506344954
                },
                "metadata": {
                    "trials": 1
                }
            },
            {
                "query": {
                    "x1": 2.390624137925199,
                    "x2": 0.24053491149819894
                },
                "metrics": {
                    "outcome": 0.17123991463240829
                },
                "metadata": {
                    "trials": 1
                }
            },
            {
                "query": {
                    "x1": 2.242495169659482,
                    "x2": 0.20633492459658598
                },
                "metrics": {
                    "outcome": 0.25065489524464313
                },
                "metadata": {
                    "trials": 1
                }
            }
        ],
        [
            {
                "query": {
                    "x1": 3.033877157868649,
                    "x2": 0.5077415502027618
                },
                "metrics": {
                    "outcome": 0.0001840425718271534
                },
                "metadata": {
                    "trials": 1
                }
            },
            {
                "query": {
                    "x1": 3.243226806180626,
                    "x2": 0.5425336388527304
                },
                "metrics": {
                    "outcome": 0.011819959095416641
                },
                "metadata": {
                    "trials": 1
                }
            },
            {
                "query": {
                    "x1": 3.232287301892952,
                    "x2": 0.5452046612962054
                },
                "metrics": {
                    "outcome": 0.008325795248333087
                },
                "metadata": {
                    "trials": 1
                }
            }
        ],
        [
            {
                "query": {
                    "x1": 2.906484913310913,
                    "x2": 0.4742362582260373
                },
                "metrics": {
                    "outcome": 0.001611642302009842
                },
                "metadata": {
                    "trials": 1
                }
            },
            {
                "query": {
                    "x1": 2.889339783639052,
                    "x2": 0.4665590293408757
                },
                "metrics": {
                    "outcome": 0.002659911758760409
                },
                "metadata": {
                    "trials": 1
                }
            },
            {
                "query": {
                    "x1": 2.8885797844286882,
                    "x2": 0.47234976469662815
                },
                "metrics": {
                    "outcome": 0.0022866040942875563
                },
                "metadata": {
                    "trials": 1
                }
            }
        ],
        [
            {
                "query": {
                    "x1": 3.0719780336820817,
                    "x2": 0.5382754160351402
                },
                "metrics": {
                    "outcome": 0.012326868522828847
                },
                "metadata": {
                    "trials": 1
                }
            },
            {
                "query": {
                    "x1": 2.9525569043249513,
                    "x2": 0.48351148061782645
                },
                "metrics": {
                    "outcome": 0.0008126651643663205
                },
                "metadata": {
                    "trials": 1
                }
            },
            {
                "query": {
                    "x1": 2.974780621361157,
                    "x2": 0.49381997196350635
                },
                "metrics": {
                    "outcome": 0.00010513718115751586
                },
                "metadata": {
                    "trials": 1
                }
            }
        ],
        [
            {
                "query": {
                    "x1": 3.0093287448489088,
                    "x2": 0.4986742905167061
                },
                "metrics": {
                    "outcome": 0.0003197188419561568
                },
                "metadata": {
                    "trials": 1
                }
            },
            {
                "query": {
                    "x1": 3.015840589006041,
                    "x2": 0.5042463169485156
                },
                "metrics": {
                    "outcome": 4.225564774372619e-05
                },
                "metadata": {
                    "trials": 1
                }
            },
            {
                "query": {
                    "x1": 2.788606456609738,
                    "x2": 0.4550316965173522
                },
                "metrics": {
                    "outcome": 0.011718246248974707
                },
                "metadata": {
                    "trials": 1
                }
            }
        ],
        [
            {
                "query": {
                    "x1": 4.025440281592667,
                    "x2": 0.6616065473370458
                },
                "metrics": {
                    "outcome": 0.07424376822676834
                },
                "metadata": {
                    "trials": 1
                }
            },
            {
                "query": {
                    "x1": 2.9828208357500916,
                    "x2": 0.49459238492616286
                },
                "metrics": {
                    "outcome": 7.622449542877786e-05
                },
                "metadata": {
                    "trials": 1
                }
            },
            {
                "query": {
                    "x1": 3.0200128764788285,
                    "x2": 0.49880094936735286
                },
                "metrics": {
                    "outcome": 0.0009415297612889407
                },
                "metadata": {
                    "trials": 1
                }
            }
        ],
        [
            {
                "query": {
                    "x1": 2.7613214439288063,
                    "x2": 0.28895713967886927
                },
                "metrics": {
                    "outcome": 0.29844119894793325
                },
                "metadata": {
                    "trials": 1
                }
            },
            {
                "query": {
                    "x1": 2.9989006259534765,
                    "x2": 0.5024666168935372
                },
                "metrics": {
                    "outcome": 0.00017378349873661434
                },
                "metadata": {
                    "trials": 1
                }
            },
            {
                "query": {
                    "x1": 2.967872378942535,
                    "x2": 0.48868279850633733
                },
                "metrics": {
                    "outcome": 0.0004022852090097561
                },
                "metadata": {
                    "trials": 1
                }
            }
        ],
        [
            {
                "query": {
                    "x1": 2.9427710937936675,
                    "x2": 0.48446135375334
                },
                "metrics": {
                    "outcome": 0.0005806336133630735
                },
                "metadata": {
                    "trials": 1
                }
            },
            {
                "query": {
                    "x1": 3.0759511944365645,
                    "x2": 0.5172304808381378
                },
                "metrics": {
                    "outcome": 0.0008762248053911831
                },
                "metadata": {
                    "trials": 1
                }
            },
            {
                "query": {
                    "x1": 2.9919298371962872,
                    "x2": 0.5012880404845319
                },
                "metrics": {
                    "outcome": 0.00025965187249533917
                },
                "metadata": {
                    "trials": 1
                }
            }
        ],
        [
            {
                "query": {
                    "x1": 2.957525473553935,
                    "x2": 0.48673386438745503
                },
                "metrics": {
                    "outcome": 0.00044342436857710903
                },
                "metadata": {
                    "trials": 1
                }
            },
            {
                "query": {
                    "x1": 2.9637475048554567,
                    "x2": 0.4871167145254063
                },
                "metrics": {
                    "outcome": 0.0005271043579282717
                },
                "metadata": {
                    "trials": 1
                }
            },
            {
                "query": {
                    "x1": 2.9815142518458275,
                    "x2": 0.4949981563144563
                },
                "metrics": {
                    "outcome": 5.91278959112141e-05
                },
                "metadata": {
                    "trials": 1
                }
            }
        ],
        [
            {
                "query": {
                    "x1": 3.0316390455308166,
                    "x2": 0.5106455869261017
                },
                "metrics": {
                    "outcome": 0.00035849143653569025
                },
                "metadata": {
                    "trials": 1
                }
            },
            {
                "query": {
                    "x1": 2.932860329137222,
                    "x2": 0.48063062299761405
                },
                "metrics": {
                    "outcome": 0.0008844430490945409
                },
                "metadata": {
                    "trials": 1
                }
            },
            {
                "query": {
                    "x1": 2.9568395602504767,
                    "x2": 0.4905995244561492
                },
                "metrics": {
                    "outcome": 0.00036158845949895997
                },
                "metadata": {
                    "trials": 1
                }
            }
        ],
        [
            {
                "query": {
                    "x1": 2.7247905240586787,
                    "x2": 0.3846230682007743
                },
                "metrics": {
                    "outcome": 0.039441828627540886
                },
                "metadata": {
                    "trials": 1
                }
            },
            {
                "query": {
                    "x1": 2.993739064160537,
                    "x2": 0.5014401519727913
                },
                "metrics": {
                    "outcome": 0.00021268215829182112
                },
                "metadata": {
                    "trials": 1
                }
            },
            {
                "query": {
                    "x1": 3.0262304243123515,
                    "x2": 0.5044530158551161
                },
                "metrics": {
                    "outcome": 0.00020046837911655288
                },
                "metadata": {
                    "trials": 1
                }
            }
        ],
        [
            {
                "query": {
                    "x1": 3.0178239501004738,
                    "x2": 0.5045823912172347
                },
                "metrics": {
                    "outcome": 5.075688517293621e-05
                },
                "metadata": {
                    "trials": 1
                }
            },
            {
                "query": {
                    "x1": 3.074987646605466,
                    "x2": 0.5239296373292941
                },
                "metrics": {
                    "outcome": 0.0017273530252978442
                },
                "metadata": {
                    "trials": 1
                }
            },
            {
                "query": {
                    "x1": 3.072830677423604,
                    "x2": 0.5153312096122331
                },
                "metrics": {
                    "outcome": 0.0009057668017950071
                },
                "metadata": {
                    "trials": 1
                }
            }
        ],
        [
            {
                "query": {
                    "x1": 2.9992498688815834,
                    "x2": 0.5005462431918604
                },
                "metrics": {
                    "outcome": 1.246038557602712e-05
                },
                "metadata": {
                    "trials": 1
                }
            },
            {
                "query": {
                    "x1": 2.983445136688033,
                    "x2": 0.4980955824184159
                },
                "metrics": {
                    "outcome": 0.0001571022163523881
                },
                "metadata": {
                    "trials": 1
                }
            },
            {
                "query": {
                    "x1": 3.3182576121922924,
                    "x2": 0.5587418977289271
                },
                "metrics": {
                    "outcome": 0.015421683501486802
                },
                "metadata": {
                    "trials": 1
                }
            }
        ],
        [
            {
                "query": {
                    "x1": 2.979371029940297,
                    "x2": 0.4954461112641919
                },
                "metrics": {
                    "outcome": 7.792023515347537e-05
                },
                "metadata": {
                    "trials": 1
                }
            },
            {
                "query": {
                    "x1": 2.9878452470590986,
                    "x2": 0.49848931001723606
                },
                "metrics": {
                    "outcome": 7.640218102225303e-05
                },
                "metadata": {
                    "trials": 1
                }
            },
            {
                "query": {
                    "x1": 3.1533126359711128,
                    "x2": 0.5352850852103552
                },
                "metrics": {
                    "outcome": 0.0031934167676710545
                },
                "metadata": {
                    "trials": 1
                }
            }
        ],
        [
            {
                "query": {
                    "x1": 3.197814409507383,
                    "x2": 0.5527047813536772
                },
                "metrics": {
                    "outcome": 0.006775106754247886
                },
                "metadata": {
                    "trials": 1
                }
            },
            {
                "query": {
                    "x1": 3.0061233275353585,
                    "x2": 0.5018965522693888
                },
                "metrics": {
                    "outcome": 9.356754408937326e-06
                },
                "metadata": {
                    "trials": 1
                }
            },
            {
                "query": {
                    "x1": 2.4519535988502934,
                    "x2": 0.277449375782548
                },
                "metrics": {
                    "outcome": 0.12478541839138577
                },
                "metadata": {
                    "trials": 1
                }
            }
        ],
        [
            {
                "query": {
                    "x1": 3.0013540025499843,
                    "x2": 0.5015657748961218
                },
                "metrics": {
                    "outcome": 3.5332393429310716e-05
                },
                "metadata": {
                    "trials": 1
                }
            },
            {
                "query": {
                    "x1": 3.0342844878204325,
                    "x2": 0.5127731671920426
                },
                "metrics": {
                    "outcome": 0.000650556637789854
                },
                "metadata": {
                    "trials": 1
                }
            },
            {
                "query": {
                    "x1": 3.0568807887237064,
                    "x2": 0.5166231452034005
                },
                "metrics": {
                    "outcome": 0.0006893157228432708
                },
                "metadata": {
                    "trials": 1
                }
            }
        ],
        [
            {
                "query": {
                    "x1": 3.025380133177298,
                    "x2": 0.507001123754943
                },
                "metrics": {
                    "outcome": 0.000114550397101393
                },
                "metadata": {
                    "trials": 1
                }
            },
            {
                "query": {
                    "x1": 2.097295982040503,
                    "x2": 0.21749557865172164
                },
                "metrics": {
                    "outcome": 0.3850934437486193
                },
                "metadata": {
                    "trials": 1
                }
            },
            {
                "query": {
                    "x1": 2.953705846577198,
                    "x2": 0.4947280236047549
                },
                "metrics": {
                    "outcome": 0.0012653806344904667
                },
                "metadata": {
                    "trials": 1
                }
            }
        ],
        [
            {
                "query": {
                    "x1": 2.97624135465976,
                    "x2": 0.4944238120968292
                },
                "metrics": {
                    "outcome": 9.588949182767241e-05
                },
                "metadata": {
                    "trials": 1
                }
            },
            {
                "query": {
                    "x1": 3.0347240507737556,
                    "x2": 0.5092872899772649
                },
                "metrics": {
                    "outcome": 0.0002012239390221498
                },
                "metadata": {
                    "trials": 1
                }
            },
            {
                "query": {
                    "x1": 3.0282386292545045,
                    "x2": 0.5063748716835166
                },
                "metrics": {
                    "outcome": 0.0001308554010079557
                },
                "metadata": {
                    "trials": 1
                }
            }
        ],
        [
            {
                "query": {
                    "x1": 3.1168430040111197,
                    "x2": 0.5275433977448323
                },
                "metrics": {
                    "outcome": 0.0019249061942580889
                },
                "metadata": {
                    "trials": 1
                }
            },
            {
                "query": {
                    "x1": 3.0129869173226593,
                    "x2": 0.5052189200081347
                },
                "metrics": {
                    "outcome": 0.00012232043474035226
                },
                "metadata": {
                    "trials": 1
                }
            },
            {
                "query": {
                    "x1": 3.123709934430045,
                    "x2": 0.5266550718968581
                },
                "metrics": {
                    "outcome": 0.0023102747259497866
                },
                "metadata": {
                    "trials": 1
                }
            }
        ],
        [
            {
                "query": {
                    "x1": 2.9928052841832873,
                    "x2": 0.49737271314357834
                },
                "metrics": {
                    "outcome": 2.4363665137970174e-05
                },
                "metadata": {
                    "trials": 1
                }
            },
            {
                "query": {
                    "x1": 3.062797268845358,
                    "x2": 0.5127461993958118
                },
                "metrics": {
                    "outcome": 0.0007363363855037574
                },
                "metadata": {
                    "trials": 1
                }
            },
            {
                "query": {
                    "x1": 3.0004651620723592,
                    "x2": 0.4959849425910914
                },
                "metrics": {
                    "outcome": 0.00039104659199926
                },
                "metadata": {
                    "trials": 1
                }
            }
        ],
        [
            {
                "query": {
                    "x1": 3.009877566421138,
                    "x2": 0.5013186631363142
                },
                "metrics": {
                    "outcome": 4.474811854564069e-05
                },
                "metadata": {
                    "trials": 1
                }
            },
            {
                "query": {
                    "x1": 2.9576225827377804,
                    "x2": 0.4862285994525122
                },
                "metrics": {
                    "outcome": 0.0005064782388171705
                },
                "metadata": {
                    "trials": 1
                }
            },
            {
                "query": {
                    "x1": 3.0218022767507744,
                    "x2": 0.5052087295723098
                },
                "metrics": {
                    "outcome": 7.479803741248466e-05
                },
                "metadata": {
                    "trials": 1
                }
            }
        ],
        [
            {
                "query": {
                    "x1": 3.0170093105178317,
                    "x2": 0.5022156948644163
                },
                "metrics": {
                    "outcome": 0.0001369737295044656
                },
                "metadata": {
                    "trials": 1
                }
            },
            {
                "query": {
                    "x1": 3.087952626420284,
                    "x2": 0.5220045790445971
                },
                "metrics": {
                    "outcome": 0.001149491126149082
                },
                "metadata": {
                    "trials": 1
                }
            },
            {
                "query": {
                    "x1": 3.0456267171941764,
                    "x2": 0.5106521066253604
                },
                "metrics": {
                    "outcome": 0.0003218602583940266
                },
                "metadata": {
                    "trials": 1
                }
            }
        ],
        [
            {
                "query": {
                    "x1": 3.0273904093356405,
                    "x2": 0.506679293801426
                },
                "metrics": {
                    "outcome": 0.00011653559679414014
                },
                "metadata": {
                    "trials": 1
                }
            },
            {
                "query": {
                    "x1": 2.9834688172475543,
                    "x2": 0.49840674679221486
                },
                "metrics": {
                    "outcome": 0.00018994807825782587
                },
                "metadata": {
                    "trials": 1
                }
            },
            {
                "query": {
                    "x1": 3.0127055898162665,
                    "x2": 0.5020052782298317
                },
                "metrics": {
                    "outcome": 5.531934968014251e-05
                },
                "metadata": {
                    "trials": 1
                }
            }
        ],
        [
            {
                "query": {
                    "x1": 3.057151675838117,
                    "x2": 0.515737520376625
                },
                "metrics": {
                    "outcome": 0.0005809537066910004
                },
                "metadata": {
                    "trials": 1
                }
            },
            {
                "query": {
                    "x1": 3.1019354949869467,
                    "x2": 0.5264760282939207
                },
                "metrics": {
                    "outcome": 0.0016219920783900551
                },
                "metadata": {
                    "trials": 1
                }
            },
            {
                "query": {
                    "x1": 4.493903607384707,
                    "x2": 0.6968699754459369
                },
                "metrics": {
                    "outcome": 0.143924971173815
                },
                "metadata": {
                    "trials": 1
                }
            }
        ],
        [
            {
                "query": {
                    "x1": 2.9759101278854665,
                    "x2": 0.49183821703875097
                },
                "metrics": {
                    "outcome": 0.0001961600444016144
                },
                "metadata": {
                    "trials": 1
                }
            },
            {
                "query": {
                    "x1": 3.043235854036265,
                    "x2": 0.5067369394631678
                },
                "metrics": {
                    "outcome": 0.0006350858729266223
                },
                "metadata": {
                    "trials": 1
                }
            },
            {
                "query": {
                    "x1": 2.974244067143389,
                    "x2": 0.495235514123995
                },
                "metrics": {
                    "outcome": 0.00017307832626204097
                },
                "metadata": {
                    "trials": 1
                }
            }
        ],
        [
            {
                "query": {
                    "x1": 3.010570000628391,
                    "x2": 0.501042908617567
                },
                "metrics": {
                    "outcome": 7.495196097187085e-05
                },
                "metadata": {
                    "trials": 1
                }
            },
            {
                "query": {
                    "x1": 2.996702541197007,
                    "x2": 0.4995795524601805
                },
                "metrics": {
                    "outcome": 5.392017260834628e-06
                },
                "metadata": {
                    "trials": 1
                }
            },
            {
                "query": {
                    "x1": 3.002229308452006,
                    "x2": 0.4975760804238627
                },
                "metrics": {
                    "outcome": 0.0002046897670611648
                },
                "metadata": {
                    "trials": 1
                }
            }
        ]
    ]
}