{
    "date": "05/11/2022 12:07:17",
    "basic_params": {
        "active_variables": [
            "x1",
            "x2"
        ],
        "default_query": {},
        "metric": "basic",
        "n_trials": 1
    },
    "objective_function": {
        "name": "McCormick",
        "params": {}
    },
    "optimizer": {
        "name": "BBO-LP(LCB)-FoD",
        "params": {
            "lower_bound": [
                -1.5,
                -3.0
            ],
            "upper_bound": [
                4.0,
                4.0
            ],
            "invert_metric": false,
            "bopt_params": {
                "n_init_samples": 12,
                "n_iterations": 23,
                "n_iter_relearn": 5,
                "verbose_level": 0,
                "n_parallel_samples": 6,
                "fixed_dataset_size": 50,
                "par_type": "PAR_BBO",
                "crit_name": "cLP(cLCB)",
                "n_crit_params": 3,
                "crit_params": [
                    6,
                    1,
                    1.0
                ]
            }
        }
    },
    "iterations": [
        [
            {
                "query": {
                    "x1": -0.9038290165772196,
                    "x2": -2.8396519572706893
                },
                "metrics": {
                    "outcome": -0.4297759468531801
                },
                "metadata": {
                    "trials": 1
                }
            }
        ],
        [
            {
                "query": {
                    "x1": 0.7645857494499069,
                    "x2": -0.8314664056524634
                },
                "metrics": {
                    "outcome": 0.2550070359247072
                },
                "metadata": {
                    "trials": 1
                }
            }
        ],
        [
            {
                "query": {
                    "x1": -1.333559975658621,
                    "x2": 2.5519623161332365
                },
                "metrics": {
                    "outcome": 25.41607836295235
                },
                "metadata": {
                    "trials": 1
                }
            }
        ],
        [
            {
                "query": {
                    "x1": 2.8544563258280196,
                    "x2": 3.36952464771457
                },
                "metrics": {
                    "outcome": 5.348252753766488
                },
                "metadata": {
                    "trials": 1
                }
            }
        ],
        [
            {
                "query": {
                    "x1": 2.550621925426336,
                    "x2": -0.050711756242283634
                },
                "metrics": {
                    "outcome": 4.41276875371223
                },
                "metadata": {
                    "trials": 1
                }
            }
        ],
        [
            {
                "query": {
                    "x1": 0.2537241542013362,
                    "x2": -1.2964700221200474
                },
                "metrics": {
                    "outcome": -1.0824502905905184
                },
                "metadata": {
                    "trials": 1
                }
            }
        ],
        [
            {
                "query": {
                    "x1": 1.9021912447642535,
                    "x2": -0.14372008400581127
                },
                "metrics": {
                    "outcome": 2.9556067964874253
                },
                "metadata": {
                    "trials": 1
                }
            }
        ],
        [
            {
                "query": {
                    "x1": 3.5455508077672366,
                    "x2": 3.457244636762576
                },
                "metrics": {
                    "outcome": 4.9916748809874205
                },
                "metadata": {
                    "trials": 1
                }
            }
        ],
        [
            {
                "query": {
                    "x1": 1.4348651939847819,
                    "x2": 0.7326598712437167
                },
                "metrics": {
                    "outcome": 1.9996224912382259
                },
                "metadata": {
                    "trials": 1
                }
            }
        ],
        [
            {
                "query": {
                    "x1": -0.3670216161796511,
                    "x2": 2.2020326719114873
                },
                "metrics": {
                    "outcome": 14.620951912274837
                },
                "metadata": {
                    "trials": 1
                }
            }
        ],
        [
            {
                "query": {
                    "x1": 1.0041763416763088,
                    "x2": 1.5182775672874413
                },
                "metrics": {
                    "outcome": 4.134063463813877
                },
                "metadata": {
                    "trials": 1
                }
            }
        ],
        [
            {
                "query": {
                    "x1": 3.3015728987229522,
                    "x2": -2.380709169626546
                },
                "metrics": {
                    "outcome": 23.180321819832738
                },
                "metadata": {
                    "trials": 1
                }
            }
        ],
        [
            {
                "query": {
                    "x1": -0.2574229542935511,
                    "x2": -1.3709719373375668
                },
                "metrics": {
                    "outcome": -1.799645735480354
                },
                "metadata": {
                    "trials": 1
                }
            },
            {
                "query": {
                    "x1": -0.19818509561797737,
                    "x2": -1.2859017830399113
                },
                "metrics": {
                    "outcome": -1.7305923126328948
                },
                "metadata": {
                    "trials": 1
                }
            },
            {
                "query": {
                    "x1": -0.3347658058522889,
                    "x2": -1.4277780820623283
                },
                "metrics": {
                    "outcome": -1.854293353749532
                },
                "metadata": {
                    "trials": 1
                }
            },
            {
                "query": {
                    "x1": -0.21206479456160987,
                    "x2": -1.4672916054947382
                },
                "metrics": {
                    "outcome": -1.7686506151931916
                },
                "metadata": {
                    "trials": 1
                }
            },
            {
                "query": {
                    "x1": -0.30528582969866225,
                    "x2": -1.279391821122032
                },
                "metrics": {
                    "outcome": -1.7915719816988944
                },
                "metadata": {
                    "trials": 1
                }
            },
            {
                "query": {
                    "x1": -0.28425934931719476,
                    "x2": -1.5303182726572415
                },
                "metrics": {
                    "outcome": -1.8171760262496806
                },
                "metadata": {
                    "trials": 1
                }
            }
        ],
        [
            {
                "query": {
                    "x1": -0.6781486801962058,
                    "x2": -1.5858097797033772
                },
                "metrics": {
                    "outcome": -1.8926821045864748
                },
                "metadata": {
                    "trials": 1
                }
            },
            {
                "query": {
                    "x1": -0.6122860391816205,
                    "x2": -1.572694607223506
                },
                "metrics": {
                    "outcome": -1.9081666306052845
                },
                "metadata": {
                    "trials": 1
                }
            },
            {
                "query": {
                    "x1": -0.7444853885477658,
                    "x2": -1.595472403565463
                },
                "metrics": {
                    "outcome": -1.8662681770505465
                },
                "metadata": {
                    "trials": 1
                }
            },
            {
                "query": {
                    "x1": -0.6512039979563531,
                    "x2": -1.5098513415271366
                },
                "metrics": {
                    "outcome": -1.8913436429266541
                },
                "metadata": {
                    "trials": 1
                }
            },
            {
                "query": {
                    "x1": -0.6338648675482662,
                    "x2": -1.6467557303905085
                },
                "metrics": {
                    "outcome": -1.8986205349081056
                },
                "metadata": {
                    "trials": 1
                }
            },
            {
                "query": {
                    "x1": -0.7117656346270167,
                    "x2": -1.5084218210665956
                },
                "metrics": {
                    "outcome": -1.8651971528094542
                },
                "metadata": {
                    "trials": 1
                }
            }
        ],
        [
            {
                "query": {
                    "x1": -0.5133083928472144,
                    "x2": -1.5207273326715034
                },
                "metrics": {
                    "outcome": -1.9115724957500606
                },
                "metadata": {
                    "trials": 1
                }
            },
            {
                "query": {
                    "x1": -0.5269276216282534,
                    "x2": -1.5315728961348412
                },
                "metrics": {
                    "outcome": -1.912639679859816
                },
                "metadata": {
                    "trials": 1
                }
            },
            {
                "query": {
                    "x1": -0.4993172976150744,
                    "x2": -1.510960134753839
                },
                "metrics": {
                    "outcome": -1.9099757195492564
                },
                "metadata": {
                    "trials": 1
                }
            },
            {
                "query": {
                    "x1": -0.5123766782960195,
                    "x2": -1.5409558606293625
                },
                "metrics": {
                    "outcome": -1.911670401148975
                },
                "metadata": {
                    "trials": 1
                }
            },
            {
                "query": {
                    "x1": -0.5270581177223523,
                    "x2": -1.5106567253231014
                },
                "metrics": {
                    "outcome": -1.911548030606804
                },
                "metadata": {
                    "trials": 1
                }
            },
            {
                "query": {
                    "x1": -0.5137333587540883,
                    "x2": -1.4993577291154372
                },
                "metrics": {
                    "outcome": -1.910110737802793
                },
                "metadata": {
                    "trials": 1
                }
            }
        ],
        [
            {
                "query": {
                    "x1": -0.5480373586889445,
                    "x2": -1.5834181263702038
                },
                "metrics": {
                    "outcome": -1.9113807350126462
                },
                "metadata": {
                    "trials": 1
                }
            },
            {
                "query": {
                    "x1": -0.5482247375227187,
                    "x2": -1.5703198681667105
                },
                "metrics": {
                    "outcome": -1.9124834137219828
                },
                "metadata": {
                    "trials": 1
                }
            },
            {
                "query": {
                    "x1": -0.5399266289715369,
                    "x2": -1.5756054816928278
                },
                "metrics": {
                    "outcome": -1.9117573101531948
                },
                "metadata": {
                    "trials": 1
                }
            },
            {
                "query": {
                    "x1": -0.556815434279928,
                    "x2": -1.5898394659041466
                },
                "metrics": {
                    "outcome": -1.9109619345213935
                },
                "metadata": {
                    "trials": 1
                }
            },
            {
                "query": {
                    "x1": -0.5390488860784063,
                    "x2": -1.5893165588691702
                },
                "metrics": {
                    "outcome": -1.9101997408807483
                },
                "metadata": {
                    "trials": 1
                }
            },
            {
                "query": {
                    "x1": -0.5561128969124671,
                    "x2": -1.5753586576499687
                },
                "metrics": {
                    "outcome": -1.9122616241993748
                },
                "metadata": {
                    "trials": 1
                }
            }
        ],
        [
            {
                "query": {
                    "x1": -0.5520920935449287,
                    "x2": -1.5446028900476345
                },
                "metrics": {
                    "outcome": -1.9131645774262163
                },
                "metadata": {
                    "trials": 1
                }
            },
            {
                "query": {
                    "x1": -0.54663959770706,
                    "x2": -1.5422726274530434
                },
                "metrics": {
                    "outcome": -1.9131908536459168
                },
                "metadata": {
                    "trials": 1
                }
            },
            {
                "query": {
                    "x1": -0.5575074390753926,
                    "x2": -1.5470488603386388
                },
                "metrics": {
                    "outcome": -1.9130689523956899
                },
                "metadata": {
                    "trials": 1
                }
            },
            {
                "query": {
                    "x1": -0.5478641356887897,
                    "x2": -1.5493469312554453
                },
                "metrics": {
                    "outcome": -1.9132173245194921
                },
                "metadata": {
                    "trials": 1
                }
            },
            {
                "query": {
                    "x1": -0.5509651359922858,
                    "x2": -1.537576617592311
                },
                "metrics": {
                    "outcome": -1.9130288501383972
                },
                "metadata": {
                    "trials": 1
                }
            },
            {
                "query": {
                    "x1": -0.5424338520293445,
                    "x2": -1.546400352741113
                },
                "metrics": {
                    "outcome": -1.913193817253474
                },
                "metadata": {
                    "trials": 1
                }
            }
        ],
        [
            {
                "query": {
                    "x1": -0.5484592315874175,
                    "x2": -1.5472821867177529
                },
                "metrics": {
                    "outcome": -1.9132207848855547
                },
                "metadata": {
                    "trials": 1
                }
            },
            {
                "query": {
                    "x1": -0.5523272072815532,
                    "x2": -1.5498512402220912
                },
                "metrics": {
                    "outcome": -1.9131906318845404
                },
                "metadata": {
                    "trials": 1
                }
            },
            {
                "query": {
                    "x1": -0.5445760818415557,
                    "x2": -1.5447569424415295
                },
                "metrics": {
                    "outcome": -1.9132118156923488
                },
                "metadata": {
                    "trials": 1
                }
            },
            {
                "query": {
                    "x1": -0.5449163147510285,
                    "x2": -1.5502847164320168
                },
                "metrics": {
                    "outcome": -1.9131938540371296
                },
                "metadata": {
                    "trials": 1
                }
            },
            {
                "query": {
                    "x1": -0.5483269512900436,
                    "x2": -1.54184803737688
                },
                "metrics": {
                    "outcome": -1.9131732607248324
                },
                "metadata": {
                    "trials": 1
                }
            },
            {
                "query": {
                    "x1": -0.5523809577312231,
                    "x2": -1.5443175394097166
                },
                "metrics": {
                    "outcome": -1.913155639881397
                },
                "metadata": {
                    "trials": 1
                }
            }
        ],
        [
            {
                "query": {
                    "x1": -0.5478866135340312,
                    "x2": -1.5476932628522961
                },
                "metrics": {
                    "outcome": -1.9132223099198633
                },
                "metadata": {
                    "trials": 1
                }
            },
            {
                "query": {
                    "x1": -0.5513205883648841,
                    "x2": -1.5500867437969734
                },
                "metrics": {
                    "outcome": -1.9132001696030136
                },
                "metadata": {
                    "trials": 1
                }
            },
            {
                "query": {
                    "x1": -0.5444939636330486,
                    "x2": -1.5452182702240476
                },
                "metrics": {
                    "outcome": -1.9132129261735695
                },
                "metadata": {
                    "trials": 1
                }
            },
            {
                "query": {
                    "x1": -0.5509927831439979,
                    "x2": -1.5449069972103096
                },
                "metrics": {
                    "outcome": -1.9131849381097759
                },
                "metadata": {
                    "trials": 1
                }
            },
            {
                "query": {
                    "x1": -0.5446199844310013,
                    "x2": -1.5501833120318647
                },
                "metrics": {
                    "outcome": -1.913191932223096
                },
                "metadata": {
                    "trials": 1
                }
            },
            {
                "query": {
                    "x1": -0.5475277775917251,
                    "x2": -1.5423700743763435
                },
                "metrics": {
                    "outcome": -1.9131875877184283
                },
                "metadata": {
                    "trials": 1
                }
            }
        ],
        [
            {
                "query": {
                    "x1": -0.5476344045832645,
                    "x2": -1.5479048986302857
                },
                "metrics": {
                    "outcome": -1.9132223150406125
                },
                "metadata": {
                    "trials": 1
                }
            },
            {
                "query": {
                    "x1": -0.5512414383805746,
                    "x2": -1.5504901511816624
                },
                "metrics": {
                    "outcome": -1.913199117064936
                },
                "metadata": {
                    "trials": 1
                }
            },
            {
                "query": {
                    "x1": -0.5441615200516904,
                    "x2": -1.5450515474293034
                },
                "metrics": {
                    "outcome": -1.9132105233615766
                },
                "metadata": {
                    "trials": 1
                }
            },
            {
                "query": {
                    "x1": -0.5508914511602092,
                    "x2": -1.5449469054600897
                },
                "metrics": {
                    "outcome": -1.91318671565014
                },
                "metadata": {
                    "trials": 1
                }
            },
            {
                "query": {
                    "x1": -0.5440841484933168,
                    "x2": -1.5502863345709963
                },
                "metrics": {
                    "outcome": -1.9131844876064394
                },
                "metadata": {
                    "trials": 1
                }
            },
            {
                "query": {
                    "x1": -0.5476073436009363,
                    "x2": -1.5411190296640633
                },
                "metrics": {
                    "outcome": -1.9131669269781275
                },
                "metadata": {
                    "trials": 1
                }
            }
        ],
        [
            {
                "query": {
                    "x1": -0.5483928244181316,
                    "x2": -1.5510638012874405
                },
                "metrics": {
                    "outcome": -1.9132047383328996
                },
                "metadata": {
                    "trials": 1
                }
            },
            {
                "query": {
                    "x1": -0.5457477910241612,
                    "x2": -1.5485053430516118
                },
                "metrics": {
                    "outcome": -1.9132153421602416
                },
                "metadata": {
                    "trials": 1
                }
            },
            {
                "query": {
                    "x1": -0.5513236116425787,
                    "x2": -1.552920528661087
                },
                "metrics": {
                    "outcome": -1.9131784810238868
                },
                "metadata": {
                    "trials": 1
                }
            },
            {
                "query": {
                    "x1": -0.5486686519153834,
                    "x2": -1.5468867210372983
                },
                "metrics": {
                    "outcome": -1.9132191968998886
                },
                "metadata": {
                    "trials": 1
                }
            },
            {
                "query": {
                    "x1": -0.5457778644389313,
                    "x2": -1.544430360937543
                },
                "metrics": {
                    "outcome": -1.9132135424238195
                },
                "metadata": {
                    "trials": 1
                }
            },
            {
                "query": {
                    "x1": -0.5453637156174703,
                    "x2": -1.5524367119017637
                },
                "metrics": {
                    "outcome": -1.9131679096813223
                },
                "metadata": {
                    "trials": 1
                }
            }
        ],
        [
            {
                "query": {
                    "x1": -0.5608483730046547,
                    "x2": -1.5457089266970505
                },
                "metrics": {
                    "outcome": -1.9129298520287024
                },
                "metadata": {
                    "trials": 1
                }
            },
            {
                "query": {
                    "x1": -0.5258530364834411,
                    "x2": -1.5383141706443841
                },
                "metrics": {
                    "outcome": -1.9126697488669775
                },
                "metadata": {
                    "trials": 1
                }
            },
            {
                "query": {
                    "x1": -0.548480839574069,
                    "x2": -1.5043194636449928
                },
                "metrics": {
                    "outcome": -1.9105176722528974
                },
                "metadata": {
                    "trials": 1
                }
            },
            {
                "query": {
                    "x1": -0.5817692839821875,
                    "x2": -1.579744334561498
                },
                "metrics": {
                    "outcome": -1.9112941010524107
                },
                "metadata": {
                    "trials": 1
                }
            },
            {
                "query": {
                    "x1": -0.5312300236718985,
                    "x2": -1.5800895141063873
                },
                "metrics": {
                    "outcome": -1.910712081463175
                },
                "metadata": {
                    "trials": 1
                }
            },
            {
                "query": {
                    "x1": -0.49102342679583555,
                    "x2": -1.5413654103204026
                },
                "metrics": {
                    "outcome": -1.9090044729005498
                },
                "metadata": {
                    "trials": 1
                }
            }
        ],
        [
            {
                "query": {
                    "x1": -0.5469940155983429,
                    "x2": -1.5461251209524631
                },
                "metrics": {
                    "outcome": -1.9132214948469675
                },
                "metadata": {
                    "trials": 1
                }
            },
            {
                "query": {
                    "x1": -0.5769893046190611,
                    "x2": -1.5633183177832266
                },
                "metrics": {
                    "outcome": -1.9121315104880203
                },
                "metadata": {
                    "trials": 1
                }
            },
            {
                "query": {
                    "x1": -0.5181175530986326,
                    "x2": -1.5267560205595354
                },
                "metrics": {
                    "outcome": -1.9120765171544716
                },
                "metadata": {
                    "trials": 1
                }
            },
            {
                "query": {
                    "x1": -0.5478008050999339,
                    "x2": -1.4870944617756527
                },
                "metrics": {
                    "outcome": -1.9079876318324676
                },
                "metadata": {
                    "trials": 1
                }
            },
            {
                "query": {
                    "x1": -0.5214257439631833,
                    "x2": -1.5868962151570845
                },
                "metrics": {
                    "outcome": -1.908852812848199
                },
                "metadata": {
                    "trials": 1
                }
            },
            {
                "query": {
                    "x1": -0.4696669556093722,
                    "x2": -1.5189004028744202
                },
                "metrics": {
                    "outcome": -1.9058553033515642
                },
                "metadata": {
                    "trials": 1
                }
            }
        ],
        [
            {
                "query": {
                    "x1": -0.5528111828689987,
                    "x2": -1.5464880707016382
                },
                "metrics": {
                    "outcome": -1.913172568825381
                },
                "metadata": {
                    "trials": 1
                }
            },
            {
                "query": {
                    "x1": -0.5883365234969558,
                    "x2": -1.5569439588168263
                },
                "metrics": {
                    "outcome": -1.9111274729706627
                },
                "metadata": {
                    "trials": 1
                }
            },
            {
                "query": {
                    "x1": -0.5160523207059181,
                    "x2": -1.5323318906416934
                },
                "metrics": {
                    "outcome": -1.9120332872577794
                },
                "metadata": {
                    "trials": 1
                }
            },
            {
                "query": {
                    "x1": -0.5200774666468231,
                    "x2": -1.592190748931523
                },
                "metrics": {
                    "outcome": -1.907884783850942
                },
                "metadata": {
                    "trials": 1
                }
            },
            {
                "query": {
                    "x1": -0.544887839936589,
                    "x2": -1.4858513270339553
                },
                "metrics": {
                    "outcome": -1.907962145687085
                },
                "metadata": {
                    "trials": 1
                }
            },
            {
                "query": {
                    "x1": -0.471471540415334,
                    "x2": -1.5131333520854193
                },
                "metrics": {
                    "outcome": -1.9061627848789344
                },
                "metadata": {
                    "trials": 1
                }
            }
        ],
        [
            {
                "query": {
                    "x1": -0.5501678924033326,
                    "x2": -1.545978149258874
                },
                "metrics": {
                    "outcome": -1.9132040739558072
                },
                "metadata": {
                    "trials": 1
                }
            },
            {
                "query": {
                    "x1": -0.584278890890555,
                    "x2": -1.5529264546243042
                },
                "metrics": {
                    "outcome": -1.9114530488678665
                },
                "metadata": {
                    "trials": 1
                }
            },
            {
                "query": {
                    "x1": -0.5172418094061398,
                    "x2": -1.5327289628797247
                },
                "metrics": {
                    "outcome": -1.9121213785753919
                },
                "metadata": {
                    "trials": 1
                }
            },
            {
                "query": {
                    "x1": -0.5310375580820513,
                    "x2": -1.5879548667889831
                },
                "metrics": {
                    "outcome": -1.909722643367552
                },
                "metadata": {
                    "trials": 1
                }
            },
            {
                "query": {
                    "x1": -0.5484384275966202,
                    "x2": -1.4920832759296137
                },
                "metrics": {
                    "outcome": -1.9087775763293733
                },
                "metadata": {
                    "trials": 1
                }
            },
            {
                "query": {
                    "x1": -0.4744052756841377,
                    "x2": -1.546335717882846
                },
                "metrics": {
                    "outcome": -1.9056676772898085
                },
                "metadata": {
                    "trials": 1
                }
            }
        ],
        [
            {
                "query": {
                    "x1": -0.54861163303125,
                    "x2": -1.5461809996929972
                },
                "metrics": {
                    "outcome": -1.9132169785786926
                },
                "metadata": {
                    "trials": 1
                }
            },
            {
                "query": {
                    "x1": -0.5805473913695969,
                    "x2": -1.5630704371937352
                },
                "metrics": {
                    "outcome": -1.9118785236262061
                },
                "metadata": {
                    "trials": 1
                }
            },
            {
                "query": {
                    "x1": -0.5172467473728958,
                    "x2": -1.5287630196052182
                },
                "metrics": {
                    "outcome": -1.9120673459282531
                },
                "metadata": {
                    "trials": 1
                }
            },
            {
                "query": {
                    "x1": -0.558592400092122,
                    "x2": -1.5032098141960744
                },
                "metrics": {
                    "outcome": -1.909692891942171
                },
                "metadata": {
                    "trials": 1
                }
            },
            {
                "query": {
                    "x1": -0.5305834337959765,
                    "x2": -1.584588550355237
                },
                "metrics": {
                    "outcome": -1.9101202340757877
                },
                "metadata": {
                    "trials": 1
                }
            },
            {
                "query": {
                    "x1": -0.484041260526922,
                    "x2": -1.4925881777261931
                },
                "metrics": {
                    "outcome": -1.9070154860298336
                },
                "metadata": {
                    "trials": 1
                }
            }
        ],
        [
            {
                "query": {
                    "x1": -0.547687782751976,
                    "x2": -1.5468970538032234
                },
                "metrics": {
                    "outcome": -1.9132223141412883
                },
                "metadata": {
                    "trials": 1
                }
            },
            {
                "query": {
                    "x1": -0.5785024455525347,
                    "x2": -1.5689100935786096
                },
                "metrics": {
                    "outcome": -1.9119265106102858
                },
                "metadata": {
                    "trials": 1
                }
            },
            {
                "query": {
                    "x1": -0.5166900317557085,
                    "x2": -1.5264009003656303
                },
                "metrics": {
                    "outcome": -1.9119779117683557
                },
                "metadata": {
                    "trials": 1
                }
            },
            {
                "query": {
                    "x1": -0.5245092857731757,
                    "x2": -1.5797501593030132
                },
                "metrics": {
                    "outcome": -1.9101293467896099
                },
                "metadata": {
                    "trials": 1
                }
            },
            {
                "query": {
                    "x1": -0.5567126081553108,
                    "x2": -1.502665519513796
                },
                "metrics": {
                    "outcome": -1.9097673883405615
                },
                "metadata": {
                    "trials": 1
                }
            },
            {
                "query": {
                    "x1": -0.48383591619685395,
                    "x2": -1.4908491013938148
                },
                "metrics": {
                    "outcome": -1.9068330302299947
                },
                "metadata": {
                    "trials": 1
                }
            }
        ],
        [
            {
                "query": {
                    "x1": -0.5476916426454064,
                    "x2": -1.5470107426540496
                },
                "metrics": {
                    "outcome": -1.9132224504723911
                },
                "metadata": {
                    "trials": 1
                }
            },
            {
                "query": {
                    "x1": -0.5794665186638063,
                    "x2": -1.5698119625410893
                },
                "metrics": {
                    "outcome": -1.9118395319157426
                },
                "metadata": {
                    "trials": 1
                }
            },
            {
                "query": {
                    "x1": -0.515748130378141,
                    "x2": -1.5257253950106513
                },
                "metrics": {
                    "outcome": -1.9118986067122856
                },
                "metadata": {
                    "trials": 1
                }
            },
            {
                "query": {
                    "x1": -0.5575521029055794,
                    "x2": -1.5055538637404031
                },
                "metrics": {
                    "outcome": -1.9100926963438187
                },
                "metadata": {
                    "trials": 1
                }
            },
            {
                "query": {
                    "x1": -0.5308889367497234,
                    "x2": -1.585282455223181
                },
                "metrics": {
                    "outcome": -1.9100598311991823
                },
                "metadata": {
                    "trials": 1
                }
            },
            {
                "query": {
                    "x1": -0.6082979600955563,
                    "x2": -1.6161606730619258
                },
                "metrics": {
                    "outcome": -1.9060295810766608
                },
                "metadata": {
                    "trials": 1
                }
            }
        ],
        [
            {
                "query": {
                    "x1": -0.5476005371915144,
                    "x2": -1.5473032356568508
                },
                "metrics": {
                    "outcome": -1.9132227545636589
                },
                "metadata": {
                    "trials": 1
                }
            },
            {
                "query": {
                    "x1": -0.5811554617690685,
                    "x2": -1.5683338808498373
                },
                "metrics": {
                    "outcome": -1.9117584722710617
                },
                "metadata": {
                    "trials": 1
                }
            },
            {
                "query": {
                    "x1": -0.514960222864491,
                    "x2": -1.524617764149399
                },
                "metrics": {
                    "outcome": -1.9118151211394263
                },
                "metadata": {
                    "trials": 1
                }
            },
            {
                "query": {
                    "x1": -0.5336778968777588,
                    "x2": -1.588558390116117
                },
                "metrics": {
                    "outcome": -1.9098772646238729
                },
                "metadata": {
                    "trials": 1
                }
            },
            {
                "query": {
                    "x1": -0.5656050410781648,
                    "x2": -1.5083170503757988
                },
                "metrics": {
                    "outcome": -1.909758837608786
                },
                "metadata": {
                    "trials": 1
                }
            },
            {
                "query": {
                    "x1": -0.48235877893076906,
                    "x2": -1.4899138825746916
                },
                "metrics": {
                    "outcome": -1.9065643298021158
                },
                "metadata": {
                    "trials": 1
                }
            }
        ],
        [
            {
                "query": {
                    "x1": -0.5475227750582577,
                    "x2": -1.5473397108641844
                },
                "metrics": {
                    "outcome": -1.9132228268865643
                },
                "metadata": {
                    "trials": 1
                }
            },
            {
                "query": {
                    "x1": -0.5826330392136743,
                    "x2": -1.5696003607136262
                },
                "metrics": {
                    "outcome": -1.9116210852430666
                },
                "metadata": {
                    "trials": 1
                }
            },
            {
                "query": {
                    "x1": -0.5133391243722238,
                    "x2": -1.5234952166277604
                },
                "metrics": {
                    "outcome": -1.9116696392081347
                },
                "metadata": {
                    "trials": 1
                }
            },
            {
                "query": {
                    "x1": -0.5371147717434013,
                    "x2": -1.5926958363873231
                },
                "metrics": {
                    "outcome": -1.9095943487824867
                },
                "metadata": {
                    "trials": 1
                }
            },
            {
                "query": {
                    "x1": -0.5703452478495981,
                    "x2": -1.5100169129264016
                },
                "metrics": {
                    "outcome": -1.909497947748056
                },
                "metadata": {
                    "trials": 1
                }
            },
            {
                "query": {
                    "x1": -0.4805184435640606,
                    "x2": -1.489754901575288
                },
                "metrics": {
                    "outcome": -1.906315887096437
                },
                "metadata": {
                    "trials": 1
                }
            }
        ],
        [
            {
                "query": {
                    "x1": -0.5474284524877173,
                    "x2": -1.547275466263389
                },
                "metrics": {
                    "outcome": -1.9132228902833486
                },
                "metadata": {
                    "trials": 1
                }
            },
            {
                "query": {
                    "x1": -0.5831331225036981,
                    "x2": -1.5707233094411845
                },
                "metrics": {
                    "outcome": -1.9115559377564888
                },
                "metadata": {
                    "trials": 1
                }
            },
            {
                "query": {
                    "x1": -0.5124328276353011,
                    "x2": -1.5228749706874614
                },
                "metrics": {
                    "outcome": -1.9115853870541706
                },
                "metadata": {
                    "trials": 1
                }
            },
            {
                "query": {
                    "x1": -0.5388578586579531,
                    "x2": -1.5945680646546994
                },
                "metrics": {
                    "outcome": -1.9094647125622277
                },
                "metadata": {
                    "trials": 1
                }
            },
            {
                "query": {
                    "x1": -0.5552752221475871,
                    "x2": -1.4998133796103321
                },
                "metrics": {
                    "outcome": -1.9094729597550941
                },
                "metadata": {
                    "trials": 1
                }
            },
            {
                "query": {
                    "x1": -0.6075936491644014,
                    "x2": -1.5236742384263642
                },
                "metrics": {
                    "outcome": -1.9055960065313355
                },
                "metadata": {
                    "trials": 1
                }
            }
        ],
        [
            {
                "query": {
                    "x1": -0.5473443365115663,
                    "x2": -1.5472726472737286
                },
                "metrics": {
                    "outcome": -1.913222928524799
                },
                "metadata": {
                    "trials": 1
                }
            },
            {
                "query": {
                    "x1": -0.5820582645931819,
                    "x2": -1.5721052361816679
                },
                "metrics": {
                    "outcome": -1.9115953072306509
                },
                "metadata": {
                    "trials": 1
                }
            },
            {
                "query": {
                    "x1": -0.5125086781198389,
                    "x2": -1.5232380615521175
                },
                "metrics": {
                    "outcome": -1.911602050671536
                },
                "metadata": {
                    "trials": 1
                }
            },
            {
                "query": {
                    "x1": -0.5540603830724853,
                    "x2": -1.4998971190469335
                },
                "metrics": {
                    "outcome": -1.9095758202857422
                },
                "metadata": {
                    "trials": 1
                }
            },
            {
                "query": {
                    "x1": -0.5199735676320446,
                    "x2": -1.5804589024771833
                },
                "metrics": {
                    "outcome": -1.909548714405772
                },
                "metadata": {
                    "trials": 1
                }
            },
            {
                "query": {
                    "x1": -0.5600565099883701,
                    "x2": -1.618375825933813
                },
                "metrics": {
                    "outcome": -1.906815005098733
                },
                "metadata": {
                    "trials": 1
                }
            }
        ],
        [
            {
                "query": {
                    "x1": -0.5473627185182066,
                    "x2": -1.5472882062179723
                },
                "metrics": {
                    "outcome": -1.9132229210918017
                },
                "metadata": {
                    "trials": 1
                }
            },
            {
                "query": {
                    "x1": -0.582430339246722,
                    "x2": -1.5703789146669185
                },
                "metrics": {
                    "outcome": -1.9116172139177516
                },
                "metadata": {
                    "trials": 1
                }
            },
            {
                "query": {
                    "x1": -0.512370684504179,
                    "x2": -1.524598805157589
                },
                "metrics": {
                    "outcome": -1.9116300955560432
                },
                "metadata": {
                    "trials": 1
                }
            },
            {
                "query": {
                    "x1": -0.5203422818878467,
                    "x2": -1.5804337419704033
                },
                "metrics": {
                    "outcome": -1.9095943625026024
                },
                "metadata": {
                    "trials": 1
                }
            },
            {
                "query": {
                    "x1": -0.553579046049611,
                    "x2": -1.5004106615601822
                },
                "metrics": {
                    "outcome": -1.9096837425795785
                },
                "metadata": {
                    "trials": 1
                }
            },
            {
                "query": {
                    "x1": -0.5974423312931297,
                    "x2": -1.5200261725556325
                },
                "metrics": {
                    "outcome": -1.907000199097019
                },
                "metadata": {
                    "trials": 1
                }
            }
        ],
        [
            {
                "query": {
                    "x1": -0.5472793401647328,
                    "x2": -1.547214673485815
                },
                "metrics": {
                    "outcome": -1.9132229465629855
                },
                "metadata": {
                    "trials": 1
                }
            },
            {
                "query": {
                    "x1": -0.5815491312503833,
                    "x2": -1.5704185740985046
                },
                "metrics": {
                    "outcome": -1.9116800960805653
                },
                "metadata": {
                    "trials": 1
                }
            },
            {
                "query": {
                    "x1": -0.5128023781024703,
                    "x2": -1.5250074454045142
                },
                "metrics": {
                    "outcome": -1.911672804614879
                },
                "metadata": {
                    "trials": 1
                }
            },
            {
                "query": {
                    "x1": -0.5509697669480728,
                    "x2": -1.5001358688696704
                },
                "metrics": {
                    "outcome": -1.9098207806007101
                },
                "metadata": {
                    "trials": 1
                }
            },
            {
                "query": {
                    "x1": -0.5372287212046906,
                    "x2": -1.5921275842924396
                },
                "metrics": {
                    "outcome": -1.9096834193074441
                },
                "metadata": {
                    "trials": 1
                }
            },
            {
                "query": {
                    "x1": -0.5943629343202936,
                    "x2": -1.5208487224910305
                },
                "metrics": {
                    "outcome": -1.907631737166585
                },
                "metadata": {
                    "trials": 1
                }
            }
        ],
        [
            {
                "query": {
                    "x1": -0.5474088843632291,
                    "x2": -1.5470077447200783
                },
                "metrics": {
                    "outcome": -1.9132227938673667
                },
                "metadata": {
                    "trials": 1
                }
            },
            {
                "query": {
                    "x1": -0.5170615759627313,
                    "x2": -1.5283679270680695
                },
                "metrics": {
                    "outcome": -1.9120473423386803
                },
                "metadata": {
                    "trials": 1
                }
            },
            {
                "query": {
                    "x1": -0.5762740491886209,
                    "x2": -1.5692173396359899
                },
                "metrics": {
                    "outcome": -1.9120539965408647
                },
                "metadata": {
                    "trials": 1
                }
            },
            {
                "query": {
                    "x1": -0.5480187050374846,
                    "x2": -1.5058827202374494
                },
                "metrics": {
                    "outcome": -1.9107320506518297
                },
                "metadata": {
                    "trials": 1
                }
            },
            {
                "query": {
                    "x1": -0.543215613639584,
                    "x2": -1.5875090546159574
                },
                "metrics": {
                    "outcome": -1.9106935980793907
                },
                "metadata": {
                    "trials": 1
                }
            },
            {
                "query": {
                    "x1": -0.5840881624360499,
                    "x2": -1.5281029543374403
                },
                "metrics": {
                    "outcome": -1.9099519504185878
                },
                "metadata": {
                    "trials": 1
                }
            }
        ]
    ],
    "best_results": [
        {
            "query": {
                "x1": -0.5472793401647328,
                "x2": -1.547214673485815
            },
            "metrics": [
                {
                    "name": "outcome",
                    "value": -1.9132229465629855
                }
            ]
        }
    ]
}