{
    "date": "05/11/2022 12:05:19",
    "basic_params": {
        "active_variables": [
            "x1",
            "x2"
        ],
        "default_query": {},
        "metric": "basic",
        "n_trials": 1
    },
    "objective_function": {
        "name": "Branin",
        "params": {}
    },
    "optimizer": {
        "name": "BBO-LP(LCB)-FoD",
        "params": {
            "lower_bound": [
                -5.0,
                0.0
            ],
            "upper_bound": [
                10.0,
                15.0
            ],
            "invert_metric": false,
            "bopt_params": {
                "n_init_samples": 12,
                "n_iterations": 23,
                "n_iter_relearn": 5,
                "verbose_level": 0,
                "n_parallel_samples": 6,
                "fixed_dataset_size": 50,
                "par_type": "PAR_BBO",
                "crit_name": "cLP(cLCB)",
                "n_crit_params": 3,
                "crit_params": [
                    6,
                    1,
                    1.0
                ]
            }
        }
    },
    "iterations": [
        [
            {
                "query": {
                    "x1": -4.120630721154157,
                    "x2": 11.412889304046985
                },
                "metrics": {
                    "outcome": 15.791318035820805
                },
                "metadata": {
                    "trials": 1
                }
            }
        ],
        [
            {
                "query": {
                    "x1": -1.149871620291378,
                    "x2": 1.5316044291830622
                },
                "metrics": {
                    "outcome": 55.77507023341662
                },
                "metadata": {
                    "trials": 1
                }
            }
        ],
        [
            {
                "query": {
                    "x1": 1.7602144222473726,
                    "x2": 9.928739687602501
                },
                "metrics": {
                    "outcome": 48.260290948979936
                },
                "metadata": {
                    "trials": 1
                }
            }
        ],
        [
            {
                "query": {
                    "x1": 8.903360638942104,
                    "x2": 14.757843876432162
                },
                "metrics": {
                    "outcome": 162.64775413619614
                },
                "metadata": {
                    "trials": 1
                }
            }
        ],
        [
            {
                "query": {
                    "x1": 1.1435504705877975,
                    "x2": 0.3192149507231079
                },
                "metrics": {
                    "outcome": 30.217297592222792
                },
                "metadata": {
                    "trials": 1
                }
            }
        ],
        [
            {
                "query": {
                    "x1": 3.225276077282615,
                    "x2": 10.682636539277155
                },
                "metrics": {
                    "outcome": 72.20615724807894
                },
                "metadata": {
                    "trials": 1
                }
            }
        ],
        [
            {
                "query": {
                    "x1": 6.040135473886039,
                    "x2": 7.672524151275865
                },
                "metrics": {
                    "outcome": 62.519348410787174
                },
                "metadata": {
                    "trials": 1
                }
            }
        ],
        [
            {
                "query": {
                    "x1": -3.210915964737069,
                    "x2": 5.839182248746511
                },
                "metrics": {
                    "outcome": 44.021076086006744
                },
                "metadata": {
                    "trials": 1
                }
            }
        ],
        [
            {
                "query": {
                    "x1": 8.531234023394063,
                    "x2": 3.508945424691774
                },
                "metrics": {
                    "outcome": 6.820420670241559
                },
                "metadata": {
                    "trials": 1
                }
            }
        ],
        [
            {
                "query": {
                    "x1": 7.0980669898563065,
                    "x2": 13.348705415555742
                },
                "metrics": {
                    "outcome": 163.89299916514327
                },
                "metadata": {
                    "trials": 1
                }
            }
        ],
        [
            {
                "query": {
                    "x1": -1.3217521001934074,
                    "x2": 4.472660778847057
                },
                "metrics": {
                    "outcome": 27.24054969178893
                },
                "metadata": {
                    "trials": 1
                }
            }
        ],
        [
            {
                "query": {
                    "x1": 4.436974173295312,
                    "x2": 7.224931899399962
                },
                "metrics": {
                    "outcome": 40.37508519539284
                },
                "metadata": {
                    "trials": 1
                }
            }
        ],
        [
            {
                "query": {
                    "x1": 9.999999999999998,
                    "x2": 0.0
                },
                "metrics": {
                    "outcome": 10.960889035651494
                },
                "metadata": {
                    "trials": 1
                }
            },
            {
                "query": {
                    "x1": 9.999999999999998,
                    "x2": 0.0
                },
                "metrics": {
                    "outcome": 10.960889035651494
                },
                "metadata": {
                    "trials": 1
                }
            },
            {
                "query": {
                    "x1": 9.999999999999998,
                    "x2": 0.0
                },
                "metrics": {
                    "outcome": 10.960889035651494
                },
                "metadata": {
                    "trials": 1
                }
            },
            {
                "query": {
                    "x1": 9.999999999999998,
                    "x2": 0.0
                },
                "metrics": {
                    "outcome": 10.960889035651494
                },
                "metadata": {
                    "trials": 1
                }
            },
            {
                "query": {
                    "x1": 9.999999999999998,
                    "x2": 0.0
                },
                "metrics": {
                    "outcome": 10.960889035651494
                },
                "metadata": {
                    "trials": 1
                }
            },
            {
                "query": {
                    "x1": 9.999999999999998,
                    "x2": 0.0
                },
                "metrics": {
                    "outcome": 10.960889035651494
                },
                "metadata": {
                    "trials": 1
                }
            }
        ],
        [
            {
                "query": {
                    "x1": 10.0,
                    "x2": 3.0885008399306293
                },
                "metrics": {
                    "outcome": 1.9504584789801473
                },
                "metadata": {
                    "trials": 1
                }
            },
            {
                "query": {
                    "x1": 10.0,
                    "x2": 3.065621993451004
                },
                "metrics": {
                    "outcome": 1.947067613769537
                },
                "metadata": {
                    "trials": 1
                }
            },
            {
                "query": {
                    "x1": 10.0,
                    "x2": 3.111364678372147
                },
                "metrics": {
                    "outcome": 1.9548929732130045
                },
                "metadata": {
                    "trials": 1
                }
            },
            {
                "query": {
                    "x1": 10.0,
                    "x2": 3.130815166814321
                },
                "metrics": {
                    "outcome": 1.9594884746618586
                },
                "metadata": {
                    "trials": 1
                }
            },
            {
                "query": {
                    "x1": 10.0,
                    "x2": 3.0453371273777057
                },
                "metrics": {
                    "outcome": 1.9449367715452883
                },
                "metadata": {
                    "trials": 1
                }
            },
            {
                "query": {
                    "x1": 10.0,
                    "x2": 3.1482509310533486
                },
                "metrics": {
                    "outcome": 1.9642511040086568
                },
                "metadata": {
                    "trials": 1
                }
            }
        ],
        [
            {
                "query": {
                    "x1": 10.0,
                    "x2": 3.035216832729636
                },
                "metrics": {
                    "outcome": 1.9441813851656704
                },
                "metadata": {
                    "trials": 1
                }
            },
            {
                "query": {
                    "x1": 10.0,
                    "x2": 3.0391392790339475
                },
                "metrics": {
                    "outcome": 1.9444498487711144
                },
                "metadata": {
                    "trials": 1
                }
            },
            {
                "query": {
                    "x1": 10.0,
                    "x2": 3.031298346177028
                },
                "metrics": {
                    "outcome": 1.9439439171670827
                },
                "metadata": {
                    "trials": 1
                }
            },
            {
                "query": {
                    "x1": 10.0,
                    "x2": 3.0427333034029753
                },
                "metrics": {
                    "outcome": 1.9447228486052097
                },
                "metadata": {
                    "trials": 1
                }
            },
            {
                "query": {
                    "x1": 10.0,
                    "x2": 3.027291355994825
                },
                "metrics": {
                    "outcome": 1.9437328429817882
                },
                "metadata": {
                    "trials": 1
                }
            },
            {
                "query": {
                    "x1": 10.0,
                    "x2": 3.0460860093360296
                },
                "metrics": {
                    "outcome": 1.9450008083863501
                },
                "metadata": {
                    "trials": 1
                }
            }
        ],
        [
            {
                "query": {
                    "x1": 10.0,
                    "x2": 3.017182035613385
                },
                "metrics": {
                    "outcome": 1.9433430257561604
                },
                "metadata": {
                    "trials": 1
                }
            },
            {
                "query": {
                    "x1": 10.0,
                    "x2": 3.0205224882130746
                },
                "metrics": {
                    "outcome": 1.9434492231316867
                },
                "metadata": {
                    "trials": 1
                }
            },
            {
                "query": {
                    "x1": 10.0,
                    "x2": 3.013846489905129
                },
                "metrics": {
                    "outcome": 1.9432592524746628
                },
                "metadata": {
                    "trials": 1
                }
            },
            {
                "query": {
                    "x1": 9.999999999999988,
                    "x2": 3.0104156771311894
                },
                "metrics": {
                    "outcome": 1.9431963006398387
                },
                "metadata": {
                    "trials": 1
                }
            },
            {
                "query": {
                    "x1": 10.0,
                    "x2": 3.0235694149075094
                },
                "metrics": {
                    "outcome": 1.9435655508096428
                },
                "metadata": {
                    "trials": 1
                }
            },
            {
                "query": {
                    "x1": 10.0,
                    "x2": 3.0263943175092147
                },
                "metrics": {
                    "outcome": 1.9436899892438468
                },
                "metadata": {
                    "trials": 1
                }
            }
        ],
        [
            {
                "query": {
                    "x1": 10.0,
                    "x2": 3.006665829849818
                },
                "metrics": {
                    "outcome": 1.9431544212333964
                },
                "metadata": {
                    "trials": 1
                }
            },
            {
                "query": {
                    "x1": 10.0,
                    "x2": 3.0095413095646104
                },
                "metrics": {
                    "outcome": 1.943184021217414
                },
                "metadata": {
                    "trials": 1
                }
            },
            {
                "query": {
                    "x1": 10.0,
                    "x2": 3.0121859718563004
                },
                "metrics": {
                    "outcome": 1.9432258440946768
                },
                "metadata": {
                    "trials": 1
                }
            },
            {
                "query": {
                    "x1": 10.0,
                    "x2": 3.003792520608685
                },
                "metrics": {
                    "outcome": 1.9431413616405138
                },
                "metadata": {
                    "trials": 1
                }
            },
            {
                "query": {
                    "x1": 10.0,
                    "x2": 3.000853040191963
                },
                "metrics": {
                    "outcome": 1.943145087871736
                },
                "metadata": {
                    "trials": 1
                }
            },
            {
                "query": {
                    "x1": 10.0,
                    "x2": 2.9978116479998125
                },
                "metrics": {
                    "outcome": 1.9431671334706362
                },
                "metadata": {
                    "trials": 1
                }
            }
        ],
        [
            {
                "query": {
                    "x1": 10.0,
                    "x2": 3.0038165647696546
                },
                "metrics": {
                    "outcome": 1.9431414024164049
                },
                "metadata": {
                    "trials": 1
                }
            },
            {
                "query": {
                    "x1": 10.0,
                    "x2": 3.006131529202321
                },
                "metrics": {
                    "outcome": 1.9431507430283244
                },
                "metadata": {
                    "trials": 1
                }
            },
            {
                "query": {
                    "x1": 9.999647062186956,
                    "x2": 3.0015368205242297
                },
                "metrics": {
                    "outcome": 1.9412986492468178
                },
                "metadata": {
                    "trials": 1
                }
            },
            {
                "query": {
                    "x1": 10.0,
                    "x2": 3.0082921216766865
                },
                "metrics": {
                    "outcome": 1.9431691306219392
                },
                "metadata": {
                    "trials": 1
                }
            },
            {
                "query": {
                    "x1": 10.0,
                    "x2": 2.9991360860708802
                },
                "metrics": {
                    "outcome": 1.943155259252439
                },
                "metadata": {
                    "trials": 1
                }
            },
            {
                "query": {
                    "x1": 10.0,
                    "x2": 2.996727112266498
                },
                "metrics": {
                    "outcome": 1.943179469468273
                },
                "metadata": {
                    "trials": 1
                }
            }
        ],
        [
            {
                "query": {
                    "x1": 10.0,
                    "x2": 2.9981035480432325
                },
                "metrics": {
                    "outcome": 1.9431642150498067
                },
                "metadata": {
                    "trials": 1
                }
            },
            {
                "query": {
                    "x1": 10.0,
                    "x2": 3.000391358854539
                },
                "metrics": {
                    "outcome": 1.9431472433748134
                },
                "metadata": {
                    "trials": 1
                }
            },
            {
                "query": {
                    "x1": 10.0,
                    "x2": 2.995818882687085
                },
                "metrics": {
                    "outcome": 1.9431916099687498
                },
                "metadata": {
                    "trials": 1
                }
            },
            {
                "query": {
                    "x1": 9.999699788949377,
                    "x2": 3.002519550222328
                },
                "metrics": {
                    "outcome": 1.941572817287227
                },
                "metadata": {
                    "trials": 1
                }
            },
            {
                "query": {
                    "x1": 9.999997825155567,
                    "x2": 2.9934679257295707
                },
                "metrics": {
                    "outcome": 1.943219296151577
                },
                "metadata": {
                    "trials": 1
                }
            },
            {
                "query": {
                    "x1": 10.0,
                    "x2": 2.9910721361366135
                },
                "metrics": {
                    "outcome": 1.9432819034910782
                },
                "metadata": {
                    "trials": 1
                }
            }
        ],
        [
            {
                "query": {
                    "x1": 10.0,
                    "x2": 2.9986515393236504
                },
                "metrics": {
                    "outcome": 1.9431591964782307
                },
                "metadata": {
                    "trials": 1
                }
            },
            {
                "query": {
                    "x1": 10.0,
                    "x2": 3.0002892905568705
                },
                "metrics": {
                    "outcome": 1.943147777453408
                },
                "metadata": {
                    "trials": 1
                }
            },
            {
                "query": {
                    "x1": 10.0,
                    "x2": 3.001840936095103
                },
                "metrics": {
                    "outcome": 1.9431419076035272
                },
                "metadata": {
                    "trials": 1
                }
            },
            {
                "query": {
                    "x1": 10.0,
                    "x2": 2.997015242823202
                },
                "metrics": {
                    "outcome": 1.9431759626729512
                },
                "metadata": {
                    "trials": 1
                }
            },
            {
                "query": {
                    "x1": 10.0,
                    "x2": 2.9953709272815963
                },
                "metrics": {
                    "outcome": 1.9431982053955679
                },
                "metadata": {
                    "trials": 1
                }
            },
            {
                "query": {
                    "x1": 9.999931407456021,
                    "x2": 2.9937727468058153
                },
                "metrics": {
                    "outcome": 1.9428654693127427
                },
                "metadata": {
                    "trials": 1
                }
            }
        ],
        [
            {
                "query": {
                    "x1": -4.9999999999999885,
                    "x2": 15.0
                },
                "metrics": {
                    "outcome": 17.508299515777917
                },
                "metadata": {
                    "trials": 1
                }
            },
            {
                "query": {
                    "x1": -4.775587208425243,
                    "x2": 15.0
                },
                "metrics": {
                    "outcome": 12.999007848092688
                },
                "metadata": {
                    "trials": 1
                }
            },
            {
                "query": {
                    "x1": -4.550854105131598,
                    "x2": 15.0
                },
                "metrics": {
                    "outcome": 9.2990378775908
                },
                "metadata": {
                    "trials": 1
                }
            },
            {
                "query": {
                    "x1": -4.32577473902529,
                    "x2": 15.0
                },
                "metrics": {
                    "outcome": 6.470698453984571
                },
                "metadata": {
                    "trials": 1
                }
            },
            {
                "query": {
                    "x1": -4.100322323009419,
                    "x2": 15.0
                },
                "metrics": {
                    "outcome": 4.574334173345337
                },
                "metadata": {
                    "trials": 1
                }
            },
            {
                "query": {
                    "x1": -3.8744692216113075,
                    "x2": 15.0
                },
                "metrics": {
                    "outcome": 3.6630374923971
                },
                "metadata": {
                    "trials": 1
                }
            }
        ],
        [
            {
                "query": {
                    "x1": 2.5,
                    "x2": 0.8333333333333337
                },
                "metrics": {
                    "outcome": 6.288136922766646
                },
                "metadata": {
                    "trials": 1
                }
            },
            {
                "query": {
                    "x1": 3.6111111111111125,
                    "x2": 14.166666666666666
                },
                "metrics": {
                    "outcome": 150.99388489768674
                },
                "metadata": {
                    "trials": 1
                }
            },
            {
                "query": {
                    "x1": 3.6111111111111125,
                    "x2": 14.722222222222221
                },
                "metrics": {
                    "outcome": 164.8906897092157
                },
                "metadata": {
                    "trials": 1
                }
            },
            {
                "query": {
                    "x1": 3.4259259259259274,
                    "x2": 13.61111111111111
                },
                "metrics": {
                    "outcome": 134.12603262148173
                },
                "metadata": {
                    "trials": 1
                }
            },
            {
                "query": {
                    "x1": 3.4259259259259274,
                    "x2": 13.24074074074074
                },
                "metrics": {
                    "outcome": 125.70957197284383
                },
                "metadata": {
                    "trials": 1
                }
            },
            {
                "query": {
                    "x1": 2.5,
                    "x2": 2.5000000000000004
                },
                "metrics": {
                    "outcome": 2.4152604621472173
                },
                "metadata": {
                    "trials": 1
                }
            }
        ],
        [
            {
                "query": {
                    "x1": 7.8340903676778435,
                    "x2": 2.472680303193523
                },
                "metrics": {
                    "outcome": 11.216314212890524
                },
                "metadata": {
                    "trials": 1
                }
            },
            {
                "query": {
                    "x1": 7.832205752243354,
                    "x2": 2.4476982448724303
                },
                "metrics": {
                    "outcome": 11.186047632353064
                },
                "metadata": {
                    "trials": 1
                }
            },
            {
                "query": {
                    "x1": 7.835501248891454,
                    "x2": 2.4976715661753417
                },
                "metrics": {
                    "outcome": 11.25273885273302
                },
                "metadata": {
                    "trials": 1
                }
            },
            {
                "query": {
                    "x1": 7.829793135523248,
                    "x2": 2.4233864453139145
                },
                "metrics": {
                    "outcome": 11.163747907545332
                },
                "metadata": {
                    "trials": 1
                }
            },
            {
                "query": {
                    "x1": 7.836257806491995,
                    "x2": 2.5220451730710933
                },
                "metrics": {
                    "outcome": 11.295923503051181
                },
                "metadata": {
                    "trials": 1
                }
            },
            {
                "query": {
                    "x1": 7.814187224517822,
                    "x2": 2.4859723476396236
                },
                "metrics": {
                    "outcome": 11.452064983250423
                },
                "metadata": {
                    "trials": 1
                }
            }
        ],
        [
            {
                "query": {
                    "x1": -2.009905236275066,
                    "x2": 0.0003785478081290258
                },
                "metrics": {
                    "outcome": 100.4031083145608
                },
                "metadata": {
                    "trials": 1
                }
            },
            {
                "query": {
                    "x1": -1.983902423998905,
                    "x2": 0.00037855218099632913
                },
                "metrics": {
                    "outcome": 99.56809816904195
                },
                "metadata": {
                    "trials": 1
                }
            },
            {
                "query": {
                    "x1": -2.035960986838894,
                    "x2": 0.0003788393354338241
                },
                "metrics": {
                    "outcome": 101.25203159509365
                },
                "metadata": {
                    "trials": 1
                }
            },
            {
                "query": {
                    "x1": -2.0613964143747343,
                    "x2": 0.00037541604387725664
                },
                "metrics": {
                    "outcome": 102.09281652549883
                },
                "metadata": {
                    "trials": 1
                }
            },
            {
                "query": {
                    "x1": -1.997342474652445,
                    "x2": 0.02242445942619654
                },
                "metrics": {
                    "outcome": 99.57124741657124
                },
                "metadata": {
                    "trials": 1
                }
            },
            {
                "query": {
                    "x1": -1.95855268772813,
                    "x2": 0.0003655387742263239
                },
                "metrics": {
                    "outcome": 98.76583500540148
                },
                "metadata": {
                    "trials": 1
                }
            }
        ],
        [
            {
                "query": {
                    "x1": 2.3234805806398766,
                    "x2": 4.750273118325758
                },
                "metrics": {
                    "outcome": 6.501281720187331
                },
                "metadata": {
                    "trials": 1
                }
            },
            {
                "query": {
                    "x1": 2.3191948272555436,
                    "x2": 4.766662681047585
                },
                "metrics": {
                    "outcome": 6.574030393712025
                },
                "metadata": {
                    "trials": 1
                }
            },
            {
                "query": {
                    "x1": 2.3276422184621186,
                    "x2": 4.733884021280362
                },
                "metrics": {
                    "outcome": 6.429372495213455
                },
                "metadata": {
                    "trials": 1
                }
            },
            {
                "query": {
                    "x1": 2.3353811269604154,
                    "x2": 4.76108260964082
                },
                "metrics": {
                    "outcome": 6.497949663427567
                },
                "metadata": {
                    "trials": 1
                }
            },
            {
                "query": {
                    "x1": 2.3077790503643945,
                    "x2": 4.753830771898149
                },
                "metrics": {
                    "outcome": 6.57011766233718
                },
                "metadata": {
                    "trials": 1
                }
            },
            {
                "query": {
                    "x1": 2.314879566132471,
                    "x2": 4.78226060755509
                },
                "metrics": {
                    "outcome": 6.644471577448372
                },
                "metadata": {
                    "trials": 1
                }
            }
        ],
        [
            {
                "query": {
                    "x1": 9.99999999999992,
                    "x2": 14.999999999999922
                },
                "metrics": {
                    "outcome": 145.87219087939513
                },
                "metadata": {
                    "trials": 1
                }
            },
            {
                "query": {
                    "x1": 9.976081297289124,
                    "x2": 15.0
                },
                "metrics": {
                    "outcome": 146.31774525538523
                },
                "metadata": {
                    "trials": 1
                }
            },
            {
                "query": {
                    "x1": 10.0,
                    "x2": 14.97623875294599
                },
                "metrics": {
                    "outcome": 145.30262605221444
                },
                "metadata": {
                    "trials": 1
                }
            },
            {
                "query": {
                    "x1": 9.952209304583025,
                    "x2": 14.999999999999998
                },
                "metrics": {
                    "outcome": 146.76466090060467
                },
                "metadata": {
                    "trials": 1
                }
            },
            {
                "query": {
                    "x1": 9.976103259873646,
                    "x2": 14.976257482646286
                },
                "metrics": {
                    "outcome": 145.74709648895035
                },
                "metadata": {
                    "trials": 1
                }
            },
            {
                "query": {
                    "x1": 10.0,
                    "x2": 14.952500126199729
                },
                "metrics": {
                    "outcome": 144.7347310229487
                },
                "metadata": {
                    "trials": 1
                }
            }
        ],
        [
            {
                "query": {
                    "x1": -1.4834051605394247,
                    "x2": 10.442962082009114
                },
                "metrics": {
                    "outcome": 14.070085438598042
                },
                "metadata": {
                    "trials": 1
                }
            },
            {
                "query": {
                    "x1": -1.4792349377448382,
                    "x2": 10.474362027087677
                },
                "metrics": {
                    "outcome": 14.254042222030987
                },
                "metadata": {
                    "trials": 1
                }
            },
            {
                "query": {
                    "x1": -1.4875927177925967,
                    "x2": 10.411606219435091
                },
                "metrics": {
                    "outcome": 13.889108547861696
                },
                "metadata": {
                    "trials": 1
                }
            },
            {
                "query": {
                    "x1": -1.4752452981513469,
                    "x2": 10.504682357056751
                },
                "metrics": {
                    "outcome": 14.433994147259986
                },
                "metadata": {
                    "trials": 1
                }
            },
            {
                "query": {
                    "x1": -1.4916666188363825,
                    "x2": 10.38138171780097
                },
                "metrics": {
                    "outcome": 13.716993398118419
                },
                "metadata": {
                    "trials": 1
                }
            },
            {
                "query": {
                    "x1": -1.5106819009975694,
                    "x2": 10.43124765640309
                },
                "metrics": {
                    "outcome": 13.577058842153393
                },
                "metadata": {
                    "trials": 1
                }
            }
        ],
        [
            {
                "query": {
                    "x1": -5.0,
                    "x2": 6.612727252121638
                },
                "metrics": {
                    "outcome": 124.54661153931684
                },
                "metadata": {
                    "trials": 1
                }
            },
            {
                "query": {
                    "x1": -5.0,
                    "x2": 6.639192930948495
                },
                "metrics": {
                    "outcome": 123.98758230962069
                },
                "metadata": {
                    "trials": 1
                }
            },
            {
                "query": {
                    "x1": -5.0,
                    "x2": 6.586247469896636
                },
                "metrics": {
                    "outcome": 125.10734065654395
                },
                "metadata": {
                    "trials": 1
                }
            },
            {
                "query": {
                    "x1": -5.0,
                    "x2": 6.6646665105213225
                },
                "metrics": {
                    "outcome": 123.45083207246591
                },
                "metadata": {
                    "trials": 1
                }
            },
            {
                "query": {
                    "x1": -5.0,
                    "x2": 6.560745028657176
                },
                "metrics": {
                    "outcome": 125.64869952383917
                },
                "metadata": {
                    "trials": 1
                }
            },
            {
                "query": {
                    "x1": -5.0,
                    "x2": 6.689546547500111
                },
                "metrics": {
                    "outcome": 122.92784108824888
                },
                "metadata": {
                    "trials": 1
                }
            }
        ],
        [
            {
                "query": {
                    "x1": 4.709134251108027,
                    "x2": 3.5960275471044034
                },
                "metrics": {
                    "outcome": 14.924085843701114
                },
                "metadata": {
                    "trials": 1
                }
            },
            {
                "query": {
                    "x1": 4.986157348888145,
                    "x2": 0.0
                },
                "metrics": {
                    "outcome": 14.224316014925515
                },
                "metadata": {
                    "trials": 1
                }
            },
            {
                "query": {
                    "x1": 5.0114297567471,
                    "x2": 0.0
                },
                "metrics": {
                    "outcome": 14.437800725929513
                },
                "metadata": {
                    "trials": 1
                }
            },
            {
                "query": {
                    "x1": 4.960893564607096,
                    "x2": 0.0
                },
                "metrics": {
                    "outcome": 14.0097853645573
                },
                "metadata": {
                    "trials": 1
                }
            },
            {
                "query": {
                    "x1": 4.975196476592181,
                    "x2": 0.02167812005699255
                },
                "metrics": {
                    "outcome": 14.076369428597815
                },
                "metadata": {
                    "trials": 1
                }
            },
            {
                "query": {
                    "x1": 4.711148326218309,
                    "x2": 3.626737453241579
                },
                "metrics": {
                    "outcome": 15.084498246041495
                },
                "metadata": {
                    "trials": 1
                }
            }
        ],
        [
            {
                "query": {
                    "x1": 9.999999999999988,
                    "x2": 4.987232976164449e-14
                },
                "metrics": {
                    "outcome": 10.960889035651066
                },
                "metadata": {
                    "trials": 1
                }
            },
            {
                "query": {
                    "x1": 10.0,
                    "x2": 0.029266884042144642
                },
                "metrics": {
                    "outcome": 10.785971220656583
                },
                "metadata": {
                    "trials": 1
                }
            },
            {
                "query": {
                    "x1": 10.0,
                    "x2": 0.05859562621381073
                },
                "metrics": {
                    "outcome": 10.612402237512711
                },
                "metadata": {
                    "trials": 1
                }
            },
            {
                "query": {
                    "x1": 10.0,
                    "x2": 0.08798156986203276
                },
                "metrics": {
                    "outcome": 10.440220119579282
                },
                "metadata": {
                    "trials": 1
                }
            },
            {
                "query": {
                    "x1": 10.0,
                    "x2": 0.11741913076110357
                },
                "metrics": {
                    "outcome": 10.2694671793264
                },
                "metadata": {
                    "trials": 1
                }
            },
            {
                "query": {
                    "x1": 10.0,
                    "x2": 0.14690210834182724
                },
                "metrics": {
                    "outcome": 10.100187951958482
                },
                "metadata": {
                    "trials": 1
                }
            }
        ],
        [
            {
                "query": {
                    "x1": -5.0,
                    "x2": 15.0
                },
                "metrics": {
                    "outcome": 17.508299515778166
                },
                "metadata": {
                    "trials": 1
                }
            },
            {
                "query": {
                    "x1": -4.967469214961443,
                    "x2": 15.0
                },
                "metrics": {
                    "outcome": 16.806403572781015
                },
                "metadata": {
                    "trials": 1
                }
            },
            {
                "query": {
                    "x1": -5.0,
                    "x2": 14.967568676445618
                },
                "metrics": {
                    "outcome": 17.651229258729156
                },
                "metadata": {
                    "trials": 1
                }
            },
            {
                "query": {
                    "x1": -4.935072747345723,
                    "x2": 15.0
                },
                "metrics": {
                    "outcome": 16.123381369360914
                },
                "metadata": {
                    "trials": 1
                }
            },
            {
                "query": {
                    "x1": -5.0,
                    "x2": 14.935239820934695
                },
                "metrics": {
                    "outcome": 17.795801032002586
                },
                "metadata": {
                    "trials": 1
                }
            },
            {
                "query": {
                    "x1": -4.96755618068337,
                    "x2": 14.96765291523818
                },
                "metrics": {
                    "outcome": 16.944771151284336
                },
                "metadata": {
                    "trials": 1
                }
            }
        ],
        [
            {
                "query": {
                    "x1": 3.5032928563961345,
                    "x2": 15.0
                },
                "metrics": {
                    "outcome": 169.76380858249763
                },
                "metadata": {
                    "trials": 1
                }
            },
            {
                "query": {
                    "x1": 3.499575723177454,
                    "x2": 14.99962151322438
                },
                "metrics": {
                    "outcome": 169.67508140138966
                },
                "metadata": {
                    "trials": 1
                }
            },
            {
                "query": {
                    "x1": 3.507103126618663,
                    "x2": 14.999621502231342
                },
                "metrics": {
                    "outcome": 169.83489215237483
                },
                "metadata": {
                    "trials": 1
                }
            },
            {
                "query": {
                    "x1": 3.496463455248371,
                    "x2": 14.999680284683745
                },
                "metrics": {
                    "outcome": 169.6105858272963
                },
                "metadata": {
                    "trials": 1
                }
            },
            {
                "query": {
                    "x1": 3.5101733670688073,
                    "x2": 14.999623829305289
                },
                "metrics": {
                    "outcome": 169.90018763978108
                },
                "metadata": {
                    "trials": 1
                }
            },
            {
                "query": {
                    "x1": 3.501558726690824,
                    "x2": 14.99962555090455
                },
                "metrics": {
                    "outcome": 169.71726891224282
                },
                "metadata": {
                    "trials": 1
                }
            }
        ],
        [
            {
                "query": {
                    "x1": 10.0,
                    "x2": 6.56830150069691
                },
                "metrics": {
                    "outcome": 14.654824886670992
                },
                "metadata": {
                    "trials": 1
                }
            },
            {
                "query": {
                    "x1": 10.0,
                    "x2": 6.5672133505521915
                },
                "metrics": {
                    "outcome": 14.647066809613731
                },
                "metadata": {
                    "trials": 1
                }
            },
            {
                "query": {
                    "x1": 10.0,
                    "x2": 6.5696464110911315
                },
                "metrics": {
                    "outcome": 14.664416834272815
                },
                "metadata": {
                    "trials": 1
                }
            },
            {
                "query": {
                    "x1": 10.0,
                    "x2": 6.566286638512565
                },
                "metrics": {
                    "outcome": 14.640461589132485
                },
                "metadata": {
                    "trials": 1
                }
            },
            {
                "query": {
                    "x1": 10.0,
                    "x2": 6.570476766495412
                },
                "metrics": {
                    "outcome": 14.670340764074329
                },
                "metadata": {
                    "trials": 1
                }
            },
            {
                "query": {
                    "x1": 10.0,
                    "x2": 6.568868909686196
                },
                "metrics": {
                    "outcome": 14.658871226111158
                },
                "metadata": {
                    "trials": 1
                }
            }
        ],
        [
            {
                "query": {
                    "x1": -4.550599198803287,
                    "x2": 10.431919381609656
                },
                "metrics": {
                    "outcome": 38.54648881988429
                },
                "metadata": {
                    "trials": 1
                }
            },
            {
                "query": {
                    "x1": -4.550599198803287,
                    "x2": 10.431919381609656
                },
                "metrics": {
                    "outcome": 38.54648881988429
                },
                "metadata": {
                    "trials": 1
                }
            },
            {
                "query": {
                    "x1": -4.550599198803287,
                    "x2": 10.431919381609656
                },
                "metrics": {
                    "outcome": 38.54648881988429
                },
                "metadata": {
                    "trials": 1
                }
            },
            {
                "query": {
                    "x1": -4.550599198803287,
                    "x2": 10.431919381609656
                },
                "metrics": {
                    "outcome": 38.54648881988429
                },
                "metadata": {
                    "trials": 1
                }
            },
            {
                "query": {
                    "x1": -4.550599198803287,
                    "x2": 10.431919381609656
                },
                "metrics": {
                    "outcome": 38.54648881988429
                },
                "metadata": {
                    "trials": 1
                }
            },
            {
                "query": {
                    "x1": -4.550599198803287,
                    "x2": 10.431919381609656
                },
                "metrics": {
                    "outcome": 38.54648881988429
                },
                "metadata": {
                    "trials": 1
                }
            }
        ],
        [
            {
                "query": {
                    "x1": 0.8016036602118053,
                    "x2": 0.0
                },
                "metrics": {
                    "outcome": 39.78814674021891
                },
                "metadata": {
                    "trials": 1
                }
            },
            {
                "query": {
                    "x1": 0.8016036602118053,
                    "x2": 0.0
                },
                "metrics": {
                    "outcome": 39.78814674021891
                },
                "metadata": {
                    "trials": 1
                }
            },
            {
                "query": {
                    "x1": 0.8016036602118053,
                    "x2": 0.0
                },
                "metrics": {
                    "outcome": 39.78814674021891
                },
                "metadata": {
                    "trials": 1
                }
            },
            {
                "query": {
                    "x1": 0.8016036602118053,
                    "x2": 0.0
                },
                "metrics": {
                    "outcome": 39.78814674021891
                },
                "metadata": {
                    "trials": 1
                }
            },
            {
                "query": {
                    "x1": 0.8016036602118053,
                    "x2": 0.0
                },
                "metrics": {
                    "outcome": 39.78814674021891
                },
                "metadata": {
                    "trials": 1
                }
            },
            {
                "query": {
                    "x1": 0.8016036602118053,
                    "x2": 0.0
                },
                "metrics": {
                    "outcome": 39.78814674021891
                },
                "metadata": {
                    "trials": 1
                }
            }
        ]
    ],
    "best_results": [
        {
            "query": {
                "x1": 9.999647062186956,
                "x2": 3.0015368205242297
            },
            "metrics": [
                {
                    "name": "outcome",
                    "value": 1.9412986492468178
                }
            ]
        }
    ]
}