{
    "date": "05/11/2022 12:05:25",
    "basic_params": {
        "active_variables": [
            "x1",
            "x2"
        ],
        "default_query": {},
        "metric": "basic",
        "n_trials": 1
    },
    "objective_function": {
        "name": "Branin",
        "params": {}
    },
    "optimizer": {
        "name": "BBO-LP(LCB)-FoD",
        "params": {
            "lower_bound": [
                -5.0,
                0.0
            ],
            "upper_bound": [
                10.0,
                15.0
            ],
            "invert_metric": false,
            "bopt_params": {
                "n_init_samples": 12,
                "n_iterations": 23,
                "n_iter_relearn": 5,
                "verbose_level": 0,
                "n_parallel_samples": 6,
                "fixed_dataset_size": 50,
                "par_type": "PAR_BBO",
                "crit_name": "cLP(cLCB)",
                "n_crit_params": 3,
                "crit_params": [
                    6,
                    1,
                    1.0
                ]
            }
        }
    },
    "iterations": [
        [
            {
                "query": {
                    "x1": 7.487107429187745,
                    "x2": 9.420417900546454
                },
                "metrics": {
                    "outcome": 78.97090363947677
                },
                "metadata": {
                    "trials": 1
                }
            }
        ],
        [
            {
                "query": {
                    "x1": 5.406516308721621,
                    "x2": 12.056570182612631
                },
                "metrics": {
                    "outcome": 134.6299949118428
                },
                "metadata": {
                    "trials": 1
                }
            }
        ],
        [
            {
                "query": {
                    "x1": -2.6678254481521435,
                    "x2": 2.3448106209980324
                },
                "metrics": {
                    "outcome": 79.25865419576992
                },
                "metadata": {
                    "trials": 1
                }
            }
        ],
        [
            {
                "query": {
                    "x1": -1.8750476121203974,
                    "x2": 5.425651771656703
                },
                "metrics": {
                    "outcome": 23.225704686661153
                },
                "metadata": {
                    "trials": 1
                }
            }
        ],
        [
            {
                "query": {
                    "x1": 4.15596560400445,
                    "x2": 10.064671454601921
                },
                "metrics": {
                    "outcome": 76.29419569875124
                },
                "metadata": {
                    "trials": 1
                }
            }
        ],
        [
            {
                "query": {
                    "x1": -0.05397560918936506,
                    "x2": 3.058911244152114
                },
                "metrics": {
                    "outcome": 28.753097723254164
                },
                "metadata": {
                    "trials": 1
                }
            }
        ],
        [
            {
                "query": {
                    "x1": 1.0431663278723136,
                    "x2": 8.381768878316507
                },
                "metrics": {
                    "outcome": 30.055786031461587
                },
                "metadata": {
                    "trials": 1
                }
            }
        ],
        [
            {
                "query": {
                    "x1": 3.504397280921694,
                    "x2": 14.024036152404733
                },
                "metrics": {
                    "outcome": 145.38240333047523
                },
                "metadata": {
                    "trials": 1
                }
            }
        ],
        [
            {
                "query": {
                    "x1": -4.251295968424529,
                    "x2": 12.823643080482725
                },
                "metrics": {
                    "outcome": 10.91395892952901
                },
                "metadata": {
                    "trials": 1
                }
            }
        ],
        [
            {
                "query": {
                    "x1": 8.981960112578236,
                    "x2": 7.245804494596086
                },
                "metrics": {
                    "outcome": 27.528185185317284
                },
                "metadata": {
                    "trials": 1
                }
            }
        ],
        [
            {
                "query": {
                    "x1": 1.690977172984276,
                    "x2": 4.069845476478804
                },
                "metrics": {
                    "outcome": 9.002237164925006
                },
                "metadata": {
                    "trials": 1
                }
            }
        ],
        [
            {
                "query": {
                    "x1": 7.607593458087649,
                    "x2": 1.1213429513736628
                },
                "metrics": {
                    "outcome": 12.403194602900394
                },
                "metadata": {
                    "trials": 1
                }
            }
        ],
        [
            {
                "query": {
                    "x1": 4.17289364533827,
                    "x2": 3.580551509528219
                },
                "metrics": {
                    "outcome": 8.95781700491936
                },
                "metadata": {
                    "trials": 1
                }
            },
            {
                "query": {
                    "x1": 4.173420715919169,
                    "x2": 3.580618794033338
                },
                "metrics": {
                    "outcome": 8.96349273173152
                },
                "metadata": {
                    "trials": 1
                }
            },
            {
                "query": {
                    "x1": 4.171999752353258,
                    "x2": 3.5804378545581117
                },
                "metrics": {
                    "outcome": 8.948195984835232
                },
                "metadata": {
                    "trials": 1
                }
            },
            {
                "query": {
                    "x1": 4.174164669879845,
                    "x2": 3.580714137750164
                },
                "metrics": {
                    "outcome": 8.971507659719506
                },
                "metadata": {
                    "trials": 1
                }
            },
            {
                "query": {
                    "x1": 4.171349174157648,
                    "x2": 3.5803526025825922
                },
                "metrics": {
                    "outcome": 8.941186168212342
                },
                "metadata": {
                    "trials": 1
                }
            },
            {
                "query": {
                    "x1": 4.1747455182741735,
                    "x2": 3.5807889402217197
                },
                "metrics": {
                    "outcome": 8.97776863025391
                },
                "metadata": {
                    "trials": 1
                }
            }
        ],
        [
            {
                "query": {
                    "x1": 2.9075993384025693,
                    "x2": 3.1888270305187705
                },
                "metrics": {
                    "outcome": 1.1841316266336328
                },
                "metadata": {
                    "trials": 1
                }
            },
            {
                "query": {
                    "x1": 2.907599046747654,
                    "x2": 3.188827485552259
                },
                "metrics": {
                    "outcome": 1.1841325800931504
                },
                "metadata": {
                    "trials": 1
                }
            },
            {
                "query": {
                    "x1": 2.9075990594271346,
                    "x2": 3.18882715706643
                },
                "metrics": {
                    "outcome": 1.1841320914714561
                },
                "metadata": {
                    "trials": 1
                }
            },
            {
                "query": {
                    "x1": 2.907599371190087,
                    "x2": 3.188827042125903
                },
                "metrics": {
                    "outcome": 1.1841316103596107
                },
                "metadata": {
                    "trials": 1
                }
            },
            {
                "query": {
                    "x1": 2.9075986798302953,
                    "x2": 3.1888274902171636
                },
                "metrics": {
                    "outcome": 1.184132957126069
                },
                "metadata": {
                    "trials": 1
                }
            },
            {
                "query": {
                    "x1": 2.907599141236526,
                    "x2": 3.1888273995276784
                },
                "metrics": {
                    "outcome": 1.1841323601292615
                },
                "metadata": {
                    "trials": 1
                }
            }
        ],
        [
            {
                "query": {
                    "x1": 2.9181132114752337,
                    "x2": 2.856380823713417
                },
                "metrics": {
                    "outcome": 0.7971881013004047
                },
                "metadata": {
                    "trials": 1
                }
            },
            {
                "query": {
                    "x1": 2.9361444084595103,
                    "x2": 2.8477076686050027
                },
                "metrics": {
                    "outcome": 0.7655001119302316
                },
                "metadata": {
                    "trials": 1
                }
            },
            {
                "query": {
                    "x1": 2.9000612255096776,
                    "x2": 2.8649619339646772
                },
                "metrics": {
                    "outcome": 0.8318970183307197
                },
                "metadata": {
                    "trials": 1
                }
            },
            {
                "query": {
                    "x1": 2.9183083719286014,
                    "x2": 2.8751326545253857
                },
                "metrics": {
                    "outcome": 0.8122874445702681
                },
                "metadata": {
                    "trials": 1
                }
            },
            {
                "query": {
                    "x1": 2.915876635053949,
                    "x2": 2.837872347232742
                },
                "metrics": {
                    "outcome": 0.786054189998465
                },
                "metadata": {
                    "trials": 1
                }
            },
            {
                "query": {
                    "x1": 2.935922866227136,
                    "x2": 2.8672275190381065
                },
                "metrics": {
                    "outcome": 0.7820484409535098
                },
                "metadata": {
                    "trials": 1
                }
            }
        ],
        [
            {
                "query": {
                    "x1": 3.3444446642909273,
                    "x2": 2.425611010578016
                },
                "metrics": {
                    "outcome": 0.686876131572312
                },
                "metadata": {
                    "trials": 1
                }
            },
            {
                "query": {
                    "x1": 3.3564696484086483,
                    "x2": 2.4145505182613727
                },
                "metrics": {
                    "outcome": 0.7094078035643694
                },
                "metadata": {
                    "trials": 1
                }
            },
            {
                "query": {
                    "x1": 3.332474446968037,
                    "x2": 2.436728647301787
                },
                "metrics": {
                    "outcome": 0.6658516487392419
                },
                "metadata": {
                    "trials": 1
                }
            },
            {
                "query": {
                    "x1": 3.3299904676929,
                    "x2": 2.4203762500392867
                },
                "metrics": {
                    "outcome": 0.6505711435775332
                },
                "metadata": {
                    "trials": 1
                }
            },
            {
                "query": {
                    "x1": 3.348584452077846,
                    "x2": 2.4404086649450734
                },
                "metrics": {
                    "outcome": 0.7060906012537522
                },
                "metadata": {
                    "trials": 1
                }
            },
            {
                "query": {
                    "x1": 3.3607385372412697,
                    "x2": 2.43003927058252
                },
                "metrics": {
                    "outcome": 0.7297688850273172
                },
                "metadata": {
                    "trials": 1
                }
            }
        ],
        [
            {
                "query": {
                    "x1": 3.075467989399373,
                    "x2": 2.289874239231644
                },
                "metrics": {
                    "outcome": 0.420260389529707
                },
                "metadata": {
                    "trials": 1
                }
            },
            {
                "query": {
                    "x1": 3.076561336692752,
                    "x2": 2.2823279036747075
                },
                "metrics": {
                    "outcome": 0.42011438676832746
                },
                "metadata": {
                    "trials": 1
                }
            },
            {
                "query": {
                    "x1": 3.074435046885055,
                    "x2": 2.297432752089981
                },
                "metrics": {
                    "outcome": 0.4204643525920648
                },
                "metadata": {
                    "trials": 1
                }
            },
            {
                "query": {
                    "x1": 3.0686528623917475,
                    "x2": 2.2922183808252456
                },
                "metrics": {
                    "outcome": 0.42504693614569433
                },
                "metadata": {
                    "trials": 1
                }
            },
            {
                "query": {
                    "x1": 3.0814054536721684,
                    "x2": 2.2939576111954505
                },
                "metrics": {
                    "outcome": 0.41608321324576814
                },
                "metadata": {
                    "trials": 1
                }
            },
            {
                "query": {
                    "x1": 3.0694351809528797,
                    "x2": 2.284540597942126
                },
                "metrics": {
                    "outcome": 0.42512138274658184
                },
                "metadata": {
                    "trials": 1
                }
            }
        ],
        [
            {
                "query": {
                    "x1": 3.1491168867975627,
                    "x2": 2.225941511873419
                },
                "metrics": {
                    "outcome": 0.4000252275336855
                },
                "metadata": {
                    "trials": 1
                }
            },
            {
                "query": {
                    "x1": 3.148160965412975,
                    "x2": 2.2333784720704704
                },
                "metrics": {
                    "outcome": 0.3994270838584413
                },
                "metadata": {
                    "trials": 1
                }
            },
            {
                "query": {
                    "x1": 3.150069955386382,
                    "x2": 2.21850643397438
                },
                "metrics": {
                    "outcome": 0.4007215683785592
                },
                "metadata": {
                    "trials": 1
                }
            },
            {
                "query": {
                    "x1": 3.1472667486610053,
                    "x2": 2.2402941543052655
                },
                "metrics": {
                    "outcome": 0.3989591108258477
                },
                "metadata": {
                    "trials": 1
                }
            },
            {
                "query": {
                    "x1": 3.151023106267349,
                    "x2": 2.2110494847816393
                },
                "metrics": {
                    "outcome": 0.4015187469591357
                },
                "metadata": {
                    "trials": 1
                }
            },
            {
                "query": {
                    "x1": 3.15544650929027,
                    "x2": 2.223354428206581
                },
                "metrics": {
                    "outcome": 0.40047886166509805
                },
                "metadata": {
                    "trials": 1
                }
            }
        ],
        [
            {
                "query": {
                    "x1": 3.142000759711266,
                    "x2": 2.277946498227772
                },
                "metrics": {
                    "outcome": 0.3978988158891177
                },
                "metadata": {
                    "trials": 1
                }
            },
            {
                "query": {
                    "x1": 3.142569825196878,
                    "x2": 2.2741643101519307
                },
                "metrics": {
                    "outcome": 0.3978919475269773
                },
                "metadata": {
                    "trials": 1
                }
            },
            {
                "query": {
                    "x1": 3.141427203396267,
                    "x2": 2.281727682362517
                },
                "metrics": {
                    "outcome": 0.39793103134731744
                },
                "metadata": {
                    "trials": 1
                }
            },
            {
                "query": {
                    "x1": 3.1408517922235735,
                    "x2": 2.285491638818708
                },
                "metrics": {
                    "outcome": 0.3979882763493823
                },
                "metadata": {
                    "trials": 1
                }
            },
            {
                "query": {
                    "x1": 3.143102266440671,
                    "x2": 2.270593385729577
                },
                "metrics": {
                    "outcome": 0.39790872946937483
                },
                "metadata": {
                    "trials": 1
                }
            },
            {
                "query": {
                    "x1": 3.1386319180715745,
                    "x2": 2.279203391615102
                },
                "metrics": {
                    "outcome": 0.3979330281353164
                },
                "metadata": {
                    "trials": 1
                }
            }
        ],
        [
            {
                "query": {
                    "x1": 3.1406920053213785,
                    "x2": 2.280396862283657
                },
                "metrics": {
                    "outcome": 0.3979132893801651
                },
                "metadata": {
                    "trials": 1
                }
            },
            {
                "query": {
                    "x1": 3.1409351253105147,
                    "x2": 2.278517415383056
                },
                "metrics": {
                    "outcome": 0.3978984609360712
                },
                "metadata": {
                    "trials": 1
                }
            },
            {
                "query": {
                    "x1": 3.140446462862789,
                    "x2": 2.282275269929487
                },
                "metrics": {
                    "outcome": 0.3979343852641861
                },
                "metadata": {
                    "trials": 1
                }
            },
            {
                "query": {
                    "x1": 3.141166374754464,
                    "x2": 2.2767119792340593
                },
                "metrics": {
                    "outcome": 0.39789013321785305
                },
                "metadata": {
                    "trials": 1
                }
            },
            {
                "query": {
                    "x1": 3.1402027626829216,
                    "x2": 2.2841306633262266
                },
                "metrics": {
                    "outcome": 0.3979613784673486
                },
                "metadata": {
                    "trials": 1
                }
            },
            {
                "query": {
                    "x1": 3.142319020079773,
                    "x2": 2.279645166252154
                },
                "metrics": {
                    "outcome": 0.3979170511820218
                },
                "metadata": {
                    "trials": 1
                }
            }
        ],
        [
            {
                "query": {
                    "x1": -5.0,
                    "x2": 14.990960085839092
                },
                "metrics": {
                    "outcome": 17.547928326992384
                },
                "metadata": {
                    "trials": 1
                }
            },
            {
                "query": {
                    "x1": -4.997869573193137,
                    "x2": 14.384824149524563
                },
                "metrics": {
                    "outcome": 20.523950139893707
                },
                "metadata": {
                    "trials": 1
                }
            },
            {
                "query": {
                    "x1": -4.997812065926225,
                    "x2": 13.81268752586073
                },
                "metrics": {
                    "outcome": 24.04948196393459
                },
                "metadata": {
                    "trials": 1
                }
            },
            {
                "query": {
                    "x1": -4.997812062693194,
                    "x2": 13.255161121774476
                },
                "metrics": {
                    "outcome": 28.11622162234721
                },
                "metadata": {
                    "trials": 1
                }
            },
            {
                "query": {
                    "x1": -4.997812063253452,
                    "x2": 12.697639957485336
                },
                "metrics": {
                    "outcome": 32.804585791122754
                },
                "metadata": {
                    "trials": 1
                }
            },
            {
                "query": {
                    "x1": -4.997811677940181,
                    "x2": 12.13904932448059
                },
                "metrics": {
                    "outcome": 38.125378272040194
                },
                "metadata": {
                    "trials": 1
                }
            }
        ],
        [
            {
                "query": {
                    "x1": 10.0,
                    "x2": 14.998995565093232
                },
                "metrics": {
                    "outcome": 145.84809138995755
                },
                "metadata": {
                    "trials": 1
                }
            },
            {
                "query": {
                    "x1": 9.99920079973443,
                    "x2": 14.834489389179733
                },
                "metrics": {
                    "outcome": 141.94289800456062
                },
                "metadata": {
                    "trials": 1
                }
            },
            {
                "query": {
                    "x1": 9.999263568477115,
                    "x2": 14.670467413104385
                },
                "metrics": {
                    "outcome": 138.08715285069422
                },
                "metadata": {
                    "trials": 1
                }
            },
            {
                "query": {
                    "x1": 9.999079906427559,
                    "x2": 14.504775471854156
                },
                "metrics": {
                    "outcome": 134.25117244607958
                },
                "metadata": {
                    "trials": 1
                }
            },
            {
                "query": {
                    "x1": 9.999079906363324,
                    "x2": 14.34083902081277
                },
                "metrics": {
                    "outcome": 130.50661360916848
                },
                "metadata": {
                    "trials": 1
                }
            },
            {
                "query": {
                    "x1": 9.999337764555616,
                    "x2": 14.176231154333006
                },
                "metrics": {
                    "outcome": 126.79642876220467
                },
                "metadata": {
                    "trials": 1
                }
            }
        ],
        [
            {
                "query": {
                    "x1": 2.905981047945466,
                    "x2": 0.864278570068606
                },
                "metrics": {
                    "outcome": 3.2284170663735736
                },
                "metadata": {
                    "trials": 1
                }
            },
            {
                "query": {
                    "x1": 2.9060605991108126,
                    "x2": 0.8582829813350005
                },
                "metrics": {
                    "outcome": 3.247265205275167
                },
                "metadata": {
                    "trials": 1
                }
            },
            {
                "query": {
                    "x1": 2.9060959661871184,
                    "x2": 0.855830586888674
                },
                "metrics": {
                    "outcome": 3.2549810037258293
                },
                "metadata": {
                    "trials": 1
                }
            },
            {
                "query": {
                    "x1": 2.906115102582377,
                    "x2": 0.8538070226434151
                },
                "metrics": {
                    "outcome": 3.2614061874317954
                },
                "metadata": {
                    "trials": 1
                }
            },
            {
                "query": {
                    "x1": 2.906147671854561,
                    "x2": 0.8518846387451191
                },
                "metrics": {
                    "outcome": 3.267446293367385
                },
                "metadata": {
                    "trials": 1
                }
            },
            {
                "query": {
                    "x1": 2.9061682293115068,
                    "x2": 0.8499670004727113
                },
                "metrics": {
                    "outcome": 3.2735377919920694
                },
                "metadata": {
                    "trials": 1
                }
            }
        ],
        [
            {
                "query": {
                    "x1": 2.8666917907281038,
                    "x2": 2.8387939874212673
                },
                "metrics": {
                    "outcome": 0.8737868052221884
                },
                "metadata": {
                    "trials": 1
                }
            },
            {
                "query": {
                    "x1": 2.8666874486267053,
                    "x2": 2.8365122587436216
                },
                "metrics": {
                    "outcome": 0.8722508696619755
                },
                "metadata": {
                    "trials": 1
                }
            },
            {
                "query": {
                    "x1": 2.866641386006119,
                    "x2": 2.8338963929727705
                },
                "metrics": {
                    "outcome": 0.8705865601919687
                },
                "metadata": {
                    "trials": 1
                }
            },
            {
                "query": {
                    "x1": 2.8666761079994068,
                    "x2": 2.8316449289830725
                },
                "metrics": {
                    "outcome": 0.8690135995138206
                },
                "metadata": {
                    "trials": 1
                }
            },
            {
                "query": {
                    "x1": 2.866670133983817,
                    "x2": 2.829438661718698
                },
                "metrics": {
                    "outcome": 0.8675635798614714
                },
                "metadata": {
                    "trials": 1
                }
            },
            {
                "query": {
                    "x1": 2.8667212541725657,
                    "x2": 2.825657942305197
                },
                "metrics": {
                    "outcome": 0.8649756908430124
                },
                "metadata": {
                    "trials": 1
                }
            }
        ],
        [
            {
                "query": {
                    "x1": 3.1927828893155397,
                    "x2": 3.9968243599172957
                },
                "metrics": {
                    "outcome": 3.513020171351556
                },
                "metadata": {
                    "trials": 1
                }
            },
            {
                "query": {
                    "x1": 3.1969888411174185,
                    "x2": 3.540757846519516
                },
                "metrics": {
                    "outcome": 2.124952957392418
                },
                "metadata": {
                    "trials": 1
                }
            },
            {
                "query": {
                    "x1": 3.1976965231553667,
                    "x2": 3.31272452560047
                },
                "metrics": {
                    "outcome": 1.5817099587881067
                },
                "metadata": {
                    "trials": 1
                }
            },
            {
                "query": {
                    "x1": 3.1998676166490743,
                    "x2": 3.1074947350336437
                },
                "metrics": {
                    "outcome": 1.1841972722778973
                },
                "metadata": {
                    "trials": 1
                }
            },
            {
                "query": {
                    "x1": 3.2003371810854553,
                    "x2": 3.0846913106686933
                },
                "metrics": {
                    "outcome": 1.1455747791846864
                },
                "metadata": {
                    "trials": 1
                }
            },
            {
                "query": {
                    "x1": 3.2050327991824616,
                    "x2": 2.856658342611924
                },
                "metrics": {
                    "outcome": 0.8148759659205567
                },
                "metadata": {
                    "trials": 1
                }
            }
        ],
        [
            {
                "query": {
                    "x1": 3.197548196099893,
                    "x2": 1.0570493469474438
                },
                "metrics": {
                    "outcome": 1.7928772963460204
                },
                "metadata": {
                    "trials": 1
                }
            },
            {
                "query": {
                    "x1": 3.197607210792796,
                    "x2": 1.0466070950355866
                },
                "metrics": {
                    "outcome": 1.817444377070899
                },
                "metadata": {
                    "trials": 1
                }
            },
            {
                "query": {
                    "x1": 3.197592102871049,
                    "x2": 1.043464720725703
                },
                "metrics": {
                    "outcome": 1.8249217602207608
                },
                "metadata": {
                    "trials": 1
                }
            },
            {
                "query": {
                    "x1": 3.197660836607021,
                    "x2": 1.041365671005015
                },
                "metrics": {
                    "outcome": 1.8298263568832667
                },
                "metadata": {
                    "trials": 1
                }
            },
            {
                "query": {
                    "x1": 3.197666528668144,
                    "x2": 1.0394603957783952
                },
                "metrics": {
                    "outcome": 1.8343584179845003
                },
                "metadata": {
                    "trials": 1
                }
            },
            {
                "query": {
                    "x1": 3.19765645397937,
                    "x2": 1.0374846547498704
                },
                "metrics": {
                    "outcome": 1.8390863374037636
                },
                "metadata": {
                    "trials": 1
                }
            }
        ],
        [
            {
                "query": {
                    "x1": 3.0860112029328626,
                    "x2": 2.4874277585033515
                },
                "metrics": {
                    "outcome": 0.44116937358772823
                },
                "metadata": {
                    "trials": 1
                }
            },
            {
                "query": {
                    "x1": 3.086033667637837,
                    "x2": 2.4897137640110945
                },
                "metrics": {
                    "outcome": 0.4419399400861934
                },
                "metadata": {
                    "trials": 1
                }
            },
            {
                "query": {
                    "x1": 3.0860593936203315,
                    "x2": 2.492420527660031
                },
                "metrics": {
                    "outcome": 0.44286629243758746
                },
                "metadata": {
                    "trials": 1
                }
            },
            {
                "query": {
                    "x1": 3.086019274284425,
                    "x2": 2.494726435288156
                },
                "metrics": {
                    "outcome": 0.44368292023991174
                },
                "metadata": {
                    "trials": 1
                }
            },
            {
                "query": {
                    "x1": 3.086022642690777,
                    "x2": 2.497056971697294
                },
                "metrics": {
                    "outcome": 0.4445078023773448
                },
                "metadata": {
                    "trials": 1
                }
            },
            {
                "query": {
                    "x1": 3.0860047113157236,
                    "x2": 2.5014849240683037
                },
                "metrics": {
                    "outcome": 0.44611096483157375
                },
                "metadata": {
                    "trials": 1
                }
            }
        ],
        [
            {
                "query": {
                    "x1": 3.0799537411981035,
                    "x2": 0.5017263949258097
                },
                "metrics": {
                    "outcome": 3.735201980573068
                },
                "metadata": {
                    "trials": 1
                }
            },
            {
                "query": {
                    "x1": 3.07994004569462,
                    "x2": 0.4952828270865274
                },
                "metrics": {
                    "outcome": 3.758769676783313
                },
                "metadata": {
                    "trials": 1
                }
            },
            {
                "query": {
                    "x1": 3.0799641814945637,
                    "x2": 0.4932410310586578
                },
                "metrics": {
                    "outcome": 3.7661552443071784
                },
                "metadata": {
                    "trials": 1
                }
            },
            {
                "query": {
                    "x1": 3.0799662571542488,
                    "x2": 0.49121392126590013
                },
                "metrics": {
                    "outcome": 3.7735725560945497
                },
                "metadata": {
                    "trials": 1
                }
            },
            {
                "query": {
                    "x1": 3.079968382266596,
                    "x2": 0.4891986695637459
                },
                "metrics": {
                    "outcome": 3.7809543953451197
                },
                "metadata": {
                    "trials": 1
                }
            },
            {
                "query": {
                    "x1": 3.079970402201589,
                    "x2": 0.4871934052992411
                },
                "metrics": {
                    "outcome": 3.788308032051865
                },
                "metadata": {
                    "trials": 1
                }
            }
        ],
        [
            {
                "query": {
                    "x1": 2.8224316075884035,
                    "x2": 1.17673794379139
                },
                "metrics": {
                    "outcome": 2.733279577661201
                },
                "metadata": {
                    "trials": 1
                }
            },
            {
                "query": {
                    "x1": 2.8224049481282645,
                    "x2": 1.172693760589583
                },
                "metrics": {
                    "outcome": 2.7444417714914593
                },
                "metadata": {
                    "trials": 1
                }
            },
            {
                "query": {
                    "x1": 2.822422910369827,
                    "x2": 1.1694349833685411
                },
                "metrics": {
                    "outcome": 2.7532483834938963
                },
                "metadata": {
                    "trials": 1
                }
            },
            {
                "query": {
                    "x1": 2.8224129466869865,
                    "x2": 1.166793329582932
                },
                "metrics": {
                    "outcome": 2.760534551597912
                },
                "metadata": {
                    "trials": 1
                }
            },
            {
                "query": {
                    "x1": 2.8223850453361345,
                    "x2": 1.1619534050887976
                },
                "metrics": {
                    "outcome": 2.773972348680565
                },
                "metadata": {
                    "trials": 1
                }
            },
            {
                "query": {
                    "x1": 2.822366918888056,
                    "x2": 1.155809194199045
                },
                "metrics": {
                    "outcome": 2.791006286005289
                },
                "metadata": {
                    "trials": 1
                }
            }
        ],
        [
            {
                "query": {
                    "x1": 2.8102524353551734,
                    "x2": 3.357733635120982
                },
                "metrics": {
                    "outcome": 1.5765197092957468
                },
                "metadata": {
                    "trials": 1
                }
            },
            {
                "query": {
                    "x1": 2.8102826976554054,
                    "x2": 3.3548881174979726
                },
                "metrics": {
                    "outcome": 1.5718649650692207
                },
                "metadata": {
                    "trials": 1
                }
            },
            {
                "query": {
                    "x1": 2.8102371647595854,
                    "x2": 3.359862111260222
                },
                "metrics": {
                    "outcome": 1.5799992499762539
                },
                "metadata": {
                    "trials": 1
                }
            },
            {
                "query": {
                    "x1": 2.81033510759306,
                    "x2": 3.362998787199979
                },
                "metrics": {
                    "outcome": 1.584937060754525
                },
                "metadata": {
                    "trials": 1
                }
            },
            {
                "query": {
                    "x1": 2.8102397925708873,
                    "x2": 3.3666199116215303
                },
                "metrics": {
                    "outcome": 1.5910187173951211
                },
                "metadata": {
                    "trials": 1
                }
            },
            {
                "query": {
                    "x1": 2.810134187829182,
                    "x2": 3.368552682405361
                },
                "metrics": {
                    "outcome": 1.5943683131607411
                },
                "metadata": {
                    "trials": 1
                }
            }
        ],
        [
            {
                "query": {
                    "x1": -4.595192654084329,
                    "x2": 14.75998189686036
                },
                "metrics": {
                    "outcome": 10.519043513275026
                },
                "metadata": {
                    "trials": 1
                }
            },
            {
                "query": {
                    "x1": -4.940595607636706,
                    "x2": 14.119398992284037
                },
                "metrics": {
                    "outcome": 20.565660601566393
                },
                "metadata": {
                    "trials": 1
                }
            },
            {
                "query": {
                    "x1": -4.791666666666667,
                    "x2": 14.166666666666666
                },
                "metrics": {
                    "outcome": 16.643937496093532
                },
                "metadata": {
                    "trials": 1
                }
            },
            {
                "query": {
                    "x1": -4.229166666666666,
                    "x2": 14.854166666666668
                },
                "metrics": {
                    "outcome": 5.573617649603286
                },
                "metadata": {
                    "trials": 1
                }
            },
            {
                "query": {
                    "x1": -4.166666666666666,
                    "x2": 14.791666666666668
                },
                "metrics": {
                    "outcome": 5.022980241043859
                },
                "metadata": {
                    "trials": 1
                }
            },
            {
                "query": {
                    "x1": -4.181822842893591,
                    "x2": 14.162867858014152
                },
                "metrics": {
                    "outcome": 5.706389356163147
                },
                "metadata": {
                    "trials": 1
                }
            }
        ],
        [
            {
                "query": {
                    "x1": 9.791666666666668,
                    "x2": 14.166666666666666
                },
                "metrics": {
                    "outcome": 130.19558613585008
                },
                "metadata": {
                    "trials": 1
                }
            },
            {
                "query": {
                    "x1": 9.166666666666666,
                    "x2": 14.166666666666666
                },
                "metrics": {
                    "outcome": 142.34459428845662
                },
                "metadata": {
                    "trials": 1
                }
            },
            {
                "query": {
                    "x1": 9.722222222222221,
                    "x2": 12.499999999999998
                },
                "metrics": {
                    "outcome": 96.12925680613051
                },
                "metadata": {
                    "trials": 1
                }
            },
            {
                "query": {
                    "x1": 9.791666666666668,
                    "x2": 13.055555555555554
                },
                "metrics": {
                    "outcome": 106.17504495951293
                },
                "metadata": {
                    "trials": 1
                }
            },
            {
                "query": {
                    "x1": 9.166666666666666,
                    "x2": 14.51388888888889
                },
                "metrics": {
                    "outcome": 150.7295898911325
                },
                "metadata": {
                    "trials": 1
                }
            },
            {
                "query": {
                    "x1": 9.166666666666666,
                    "x2": 13.055555555555554
                },
                "metrics": {
                    "outcome": 117.13297873026448
                },
                "metadata": {
                    "trials": 1
                }
            }
        ],
        [
            {
                "query": {
                    "x1": -1.4652159823568818,
                    "x2": 14.328293763909958
                },
                "metrics": {
                    "outcome": 43.71875075832394
                },
                "metadata": {
                    "trials": 1
                }
            },
            {
                "query": {
                    "x1": -1.465886739765602,
                    "x2": 14.397471320584446
                },
                "metrics": {
                    "outcome": 44.49308595562679
                },
                "metadata": {
                    "trials": 1
                }
            },
            {
                "query": {
                    "x1": -1.4594752042961838,
                    "x2": 14.259348601049483
                },
                "metrics": {
                    "outcome": 43.11759424799605
                },
                "metadata": {
                    "trials": 1
                }
            },
            {
                "query": {
                    "x1": -1.405469096818416,
                    "x2": 14.359965284645996
                },
                "metrics": {
                    "outcome": 46.01261276452669
                },
                "metadata": {
                    "trials": 1
                }
            },
            {
                "query": {
                    "x1": -1.5217120859994213,
                    "x2": 14.29179581995591
                },
                "metrics": {
                    "outcome": 41.504659228548164
                },
                "metadata": {
                    "trials": 1
                }
            },
            {
                "query": {
                    "x1": -1.400758509534373,
                    "x2": 14.291644617909236
                },
                "metrics": {
                    "outcome": 45.36693188910101
                },
                "metadata": {
                    "trials": 1
                }
            }
        ],
        [
            {
                "query": {
                    "x1": -5.0,
                    "x2": 1.1250016132345657e-14
                },
                "metrics": {
                    "outcome": 308.1290960116063
                },
                "metadata": {
                    "trials": 1
                }
            },
            {
                "query": {
                    "x1": -4.935254449305294,
                    "x2": 0.0
                },
                "metrics": {
                    "outcome": 301.16360116922687
                },
                "metadata": {
                    "trials": 1
                }
            },
            {
                "query": {
                    "x1": -4.870734200847224,
                    "x2": 0.0
                },
                "metrics": {
                    "outcome": 294.31867046918035
                },
                "metadata": {
                    "trials": 1
                }
            },
            {
                "query": {
                    "x1": -5.0,
                    "x2": 0.06253847432208337
                },
                "metrics": {
                    "outcome": 305.9832645429381
                },
                "metadata": {
                    "trials": 1
                }
            },
            {
                "query": {
                    "x1": -4.806449695235964,
                    "x2": 0.0
                },
                "metrics": {
                    "outcome": 287.59571432351777
                },
                "metadata": {
                    "trials": 1
                }
            },
            {
                "query": {
                    "x1": -4.935254481902666,
                    "x2": 0.06254027211915422
                },
                "metrics": {
                    "outcome": 299.0409947688689
                },
                "metadata": {
                    "trials": 1
                }
            }
        ],
        [
            {
                "query": {
                    "x1": 3.859885969774016,
                    "x2": 2.3852374577674755
                },
                "metrics": {
                    "outcome": 3.134799044968285
                },
                "metadata": {
                    "trials": 1
                }
            },
            {
                "query": {
                    "x1": 3.8760112039789494,
                    "x2": 2.3957083603392784
                },
                "metrics": {
                    "outcome": 3.262207658698448
                },
                "metadata": {
                    "trials": 1
                }
            },
            {
                "query": {
                    "x1": 3.8918830885350992,
                    "x2": 2.4057812252005273
                },
                "metrics": {
                    "outcome": 3.3898222547337156
                },
                "metadata": {
                    "trials": 1
                }
            },
            {
                "query": {
                    "x1": 3.876162437663389,
                    "x2": 2.375967074885721
                },
                "metrics": {
                    "outcome": 3.239050284778882
                },
                "metadata": {
                    "trials": 1
                }
            },
            {
                "query": {
                    "x1": 3.8924697572576843,
                    "x2": 2.3861373520075224
                },
                "metrics": {
                    "outcome": 3.36921011036205
                },
                "metadata": {
                    "trials": 1
                }
            },
            {
                "query": {
                    "x1": 3.843866665095206,
                    "x2": 2.3747551891523235
                },
                "metrics": {
                    "outcome": 3.0107111914670828
                },
                "metadata": {
                    "trials": 1
                }
            }
        ]
    ],
    "best_results": [
        {
            "query": {
                "x1": 3.141166374754464,
                "x2": 2.2767119792340593
            },
            "metrics": [
                {
                    "name": "outcome",
                    "value": 0.39789013321785305
                }
            ]
        }
    ]
}