{
    "date": "26/10/2022 19:16:21",
    "basic_params": {
        "active_variables": [
            "x1",
            "x2"
        ],
        "default_query": {},
        "metric": "basic",
        "n_trials": 1
    },
    "objective_function": {
        "name": "McCormick",
        "params": {}
    },
    "optimizer": {
        "name": "BBO-LP",
        "params": {
            "lower_bound": [
                -1.5,
                -3.0
            ],
            "upper_bound": [
                4.0,
                4.0
            ],
            "invert_metric": false,
            "bopt_params": {
                "n_init_samples": 15,
                "n_iterations": 45,
                "verbose_level": 1,
                "n_parallel_samples": 3,
                "par_type": "PAR_BBO",
                "crit_name": "cLP(cLCB)",
                "n_crit_params": 4,
                "crit_params": [
                    3,
                    1,
                    1.0
                ]
            }
        }
    },
    "iterations": [
        [
            {
                "query": {
                    "x1": 1.825714622445715,
                    "x2": -0.37251122348631416
                },
                "metrics": {
                    "outcome": 3.1554407926733026
                },
                "metadata": {
                    "trials": 1
                }
            }
        ],
        [
            {
                "query": {
                    "x1": 3.611168826355909,
                    "x2": 0.9421515783915919
                },
                "metrics": {
                    "outcome": 4.074903528398031
                },
                "metadata": {
                    "trials": 1
                }
            }
        ],
        [
            {
                "query": {
                    "x1": 2.7939686556191496,
                    "x2": 2.6127633564174175
                },
                "metrics": {
                    "outcome": 2.605316519096262
                },
                "metadata": {
                    "trials": 1
                }
            }
        ],
        [
            {
                "query": {
                    "x1": 0.5531057478239139,
                    "x2": -1.2283140703259656
                },
                "metrics": {
                    "outcome": -0.35204717104585836
                },
                "metadata": {
                    "trials": 1
                }
            }
        ],
        [
            {
                "query": {
                    "x1": 0.8236706879533204,
                    "x2": 0.4306777291775994
                },
                "metrics": {
                    "outcome": 1.9459785528246114
                },
                "metadata": {
                    "trials": 1
                }
            }
        ],
        [
            {
                "query": {
                    "x1": 2.2863134829172242,
                    "x2": -2.3363643535568066
                },
                "metrics": {
                    "outcome": 13.048739295289858
                },
                "metadata": {
                    "trials": 1
                }
            }
        ],
        [
            {
                "query": {
                    "x1": 3.7695762492250653,
                    "x2": 1.81648490896138
                },
                "metrics": {
                    "outcome": 3.0593982278890963
                },
                "metadata": {
                    "trials": 1
                }
            }
        ],
        [
            {
                "query": {
                    "x1": 1.405630850450446,
                    "x2": -2.6221067127306013
                },
                "metrics": {
                    "outcome": 7.621074348056531
                },
                "metadata": {
                    "trials": 1
                }
            }
        ],
        [
            {
                "query": {
                    "x1": -0.8041901273730522,
                    "x2": 2.3733384129591286
                },
                "metrics": {
                    "outcome": 19.236317490063353
                },
                "metadata": {
                    "trials": 1
                }
            }
        ],
        [
            {
                "query": {
                    "x1": -0.12534306849508225,
                    "x2": -0.7033320137144377
                },
                "metrics": {
                    "outcome": -0.9732807795334608
                },
                "metadata": {
                    "trials": 1
                }
            }
        ],
        [
            {
                "query": {
                    "x1": -0.7641225041200718,
                    "x2": 0.007141314027830692
                },
                "metrics": {
                    "outcome": 2.0721547512720795
                },
                "metadata": {
                    "trials": 1
                }
            }
        ],
        [
            {
                "query": {
                    "x1": 0.14331924046079325,
                    "x2": 1.5851991055067627
                },
                "metrics": {
                    "outcome": 7.814624093725412
                },
                "metadata": {
                    "trials": 1
                }
            }
        ],
        [
            {
                "query": {
                    "x1": 3.218521665176377,
                    "x2": -1.9176680240780115
                },
                "metrics": {
                    "outcome": 18.722278148352927
                },
                "metadata": {
                    "trials": 1
                }
            }
        ],
        [
            {
                "query": {
                    "x1": -1.1703275416356822,
                    "x2": 3.52358023300767
                },
                "metrics": {
                    "outcome": 34.30639597619838
                },
                "metadata": {
                    "trials": 1
                }
            }
        ],
        [
            {
                "query": {
                    "x1": 1.6818339842914916,
                    "x2": 3.649122285237536
                },
                "metrics": {
                    "outcome": 10.655567919243905
                },
                "metadata": {
                    "trials": 1
                }
            }
        ],
        [
            {
                "query": {
                    "x1": -0.35345622166716195,
                    "x2": -1.1715700742890025
                },
                "metrics": {
                    "outcome": -1.7283833123535919
                },
                "metadata": {
                    "trials": 1
                }
            },
            {
                "query": {
                    "x1": -0.42867858293456407,
                    "x2": -1.1834522717781424
                },
                "metrics": {
                    "outcome": -1.7450753336969402
                },
                "metadata": {
                    "trials": 1
                }
            },
            {
                "query": {
                    "x1": -0.27918725546470946,
                    "x2": -1.1593062856850809
                },
                "metrics": {
                    "outcome": -1.6961360689586562
                },
                "metadata": {
                    "trials": 1
                }
            }
        ],
        [
            {
                "query": {
                    "x1": -0.484235866496763,
                    "x2": -1.3051365794333438
                },
                "metrics": {
                    "outcome": -1.838816861263477
                },
                "metadata": {
                    "trials": 1
                }
            },
            {
                "query": {
                    "x1": -0.4377876735969657,
                    "x2": -1.2951170029905235
                },
                "metrics": {
                    "outcome": -1.832986608978699
                },
                "metadata": {
                    "trials": 1
                }
            },
            {
                "query": {
                    "x1": -0.5310975532934684,
                    "x2": -1.3152307015367894
                },
                "metrics": {
                    "outcome": -1.8388462477762877
                },
                "metadata": {
                    "trials": 1
                }
            }
        ],
        [
            {
                "query": {
                    "x1": -0.5199191265324068,
                    "x2": -1.4306945632103127
                },
                "metrics": {
                    "outcome": -1.8960781860801958
                },
                "metadata": {
                    "trials": 1
                }
            },
            {
                "query": {
                    "x1": -0.5531090530068934,
                    "x2": -1.4410674053516999
                },
                "metrics": {
                    "outcome": -1.8962403411813242
                },
                "metadata": {
                    "trials": 1
                }
            },
            {
                "query": {
                    "x1": -0.4869590444808418,
                    "x2": -1.420394111030137
                },
                "metrics": {
                    "outcome": -1.8931430154541782
                },
                "metadata": {
                    "trials": 1
                }
            }
        ],
        [
            {
                "query": {
                    "x1": -0.5459309377277022,
                    "x2": -1.5213255774742167
                },
                "metrics": {
                    "outcome": -1.9122969701077381
                },
                "metadata": {
                    "trials": 1
                }
            },
            {
                "query": {
                    "x1": -0.5738274104284888,
                    "x2": -1.532578542901739
                },
                "metrics": {
                    "outcome": -1.911459164403393
                },
                "metadata": {
                    "trials": 1
                }
            },
            {
                "query": {
                    "x1": -0.5184148701544308,
                    "x2": -1.5096737718641444
                },
                "metrics": {
                    "outcome": -1.9112191970694523
                },
                "metadata": {
                    "trials": 1
                }
            }
        ],
        [
            {
                "query": {
                    "x1": -0.5484650219802316,
                    "x2": -1.5548241118367396
                },
                "metrics": {
                    "outcome": -1.9131483228641106
                },
                "metadata": {
                    "trials": 1
                }
            },
            {
                "query": {
                    "x1": -0.5592085257187355,
                    "x2": -1.5614005184284956
                },
                "metrics": {
                    "outcome": -1.9129221145975857
                },
                "metadata": {
                    "trials": 1
                }
            },
            {
                "query": {
                    "x1": -0.5378612087603009,
                    "x2": -1.548059053515801
                },
                "metrics": {
                    "outcome": -1.9130878081712401
                },
                "metadata": {
                    "trials": 1
                }
            }
        ],
        [
            {
                "query": {
                    "x1": -0.5441135957953896,
                    "x2": -1.543402876097891
                },
                "metrics": {
                    "outcome": -1.9132019345797922
                },
                "metadata": {
                    "trials": 1
                }
            },
            {
                "query": {
                    "x1": -0.5484368922076556,
                    "x2": -1.544647548905292
                },
                "metrics": {
                    "outcome": -1.9132078518273499
                },
                "metadata": {
                    "trials": 1
                }
            },
            {
                "query": {
                    "x1": -0.5397751565698716,
                    "x2": -1.542467249618103
                },
                "metrics": {
                    "outcome": -1.913151608046145
                },
                "metadata": {
                    "trials": 1
                }
            }
        ],
        [
            {
                "query": {
                    "x1": -0.5506268145875174,
                    "x2": -1.54553843309957
                },
                "metrics": {
                    "outcome": -1.9131957070092214
                },
                "metadata": {
                    "trials": 1
                }
            },
            {
                "query": {
                    "x1": -0.554810062181754,
                    "x2": -1.5484446112785308
                },
                "metrics": {
                    "outcome": -1.9131485061555997
                },
                "metadata": {
                    "trials": 1
                }
            },
            {
                "query": {
                    "x1": -0.5462677706556871,
                    "x2": -1.5436431329945393
                },
                "metrics": {
                    "outcome": -1.9132073517227224
                },
                "metadata": {
                    "trials": 1
                }
            }
        ],
        [
            {
                "query": {
                    "x1": -0.5629965257343477,
                    "x2": -1.558986320677826
                },
                "metrics": {
                    "outcome": -1.9128790849114705
                },
                "metadata": {
                    "trials": 1
                }
            },
            {
                "query": {
                    "x1": -0.5446698087009232,
                    "x2": -1.5435171959840095
                },
                "metrics": {
                    "outcome": -1.9132049180638653
                },
                "metadata": {
                    "trials": 1
                }
            },
            {
                "query": {
                    "x1": -0.5482987973749017,
                    "x2": -1.544462359696669
                },
                "metrics": {
                    "outcome": -1.9132070803162238
                },
                "metadata": {
                    "trials": 1
                }
            }
        ],
        [
            {
                "query": {
                    "x1": -0.5454517021752305,
                    "x2": -1.5438786282783088
                },
                "metrics": {
                    "outcome": -1.9132093620116146
                },
                "metadata": {
                    "trials": 1
                }
            },
            {
                "query": {
                    "x1": -0.5489338179638374,
                    "x2": -1.5440424958533276
                },
                "metrics": {
                    "outcome": -1.913198158073505
                },
                "metadata": {
                    "trials": 1
                }
            },
            {
                "query": {
                    "x1": -0.5420414700774034,
                    "x2": -1.5443655147688486
                },
                "metrics": {
                    "outcome": -1.91318988091753
                },
                "metadata": {
                    "trials": 1
                }
            }
        ],
        [
            {
                "query": {
                    "x1": -0.5502021537548363,
                    "x2": -1.5441854018635892
                },
                "metrics": {
                    "outcome": -1.9131867536530538
                },
                "metadata": {
                    "trials": 1
                }
            },
            {
                "query": {
                    "x1": -0.5468943792007138,
                    "x2": -1.543575140200438
                },
                "metrics": {
                    "outcome": -1.9132052597877696
                },
                "metadata": {
                    "trials": 1
                }
            },
            {
                "query": {
                    "x1": -0.5532550351339475,
                    "x2": -1.545820523579718
                },
                "metrics": {
                    "outcome": -1.9131582057137706
                },
                "metadata": {
                    "trials": 1
                }
            }
        ],
        [
            {
                "query": {
                    "x1": -0.5426087424597517,
                    "x2": -1.5467163291877544
                },
                "metrics": {
                    "outcome": -1.9131949411924491
                },
                "metadata": {
                    "trials": 1
                }
            },
            {
                "query": {
                    "x1": -0.5464673011785963,
                    "x2": -1.544568200908487
                },
                "metrics": {
                    "outcome": -1.9132144578666184
                },
                "metadata": {
                    "trials": 1
                }
            },
            {
                "query": {
                    "x1": -0.5459860438122739,
                    "x2": -1.5497245419705132
                },
                "metrics": {
                    "outcome": -1.9132082294753827
                },
                "metadata": {
                    "trials": 1
                }
            }
        ],
        [
            {
                "query": {
                    "x1": -0.5536530855803323,
                    "x2": -1.5461043711768598
                },
                "metrics": {
                    "outcome": -1.9131535335583472
                },
                "metadata": {
                    "trials": 1
                }
            },
            {
                "query": {
                    "x1": -0.5561441164916412,
                    "x2": -1.5489482704174165
                },
                "metrics": {
                    "outcome": -1.9131217267969771
                },
                "metadata": {
                    "trials": 1
                }
            },
            {
                "query": {
                    "x1": -0.5507789981659378,
                    "x2": -1.543920689254324
                },
                "metrics": {
                    "outcome": -1.9131758784107928
                },
                "metadata": {
                    "trials": 1
                }
            }
        ],
        [
            {
                "query": {
                    "x1": -0.5419229983092319,
                    "x2": -1.5461185638939705
                },
                "metrics": {
                    "outcome": -1.913187851267745
                },
                "metadata": {
                    "trials": 1
                }
            },
            {
                "query": {
                    "x1": -0.5445222890362992,
                    "x2": -1.549969750707139
                },
                "metrics": {
                    "outcome": -1.9131932760735015
                },
                "metadata": {
                    "trials": 1
                }
            },
            {
                "query": {
                    "x1": -0.5450384354258453,
                    "x2": -1.542911164613687
                },
                "metrics": {
                    "outcome": -1.9132004181512063
                },
                "metadata": {
                    "trials": 1
                }
            }
        ],
        [
            {
                "query": {
                    "x1": -0.5479021068852947,
                    "x2": -1.5424893209840593
                },
                "metrics": {
                    "outcome": -1.9131867104530542
                },
                "metadata": {
                    "trials": 1
                }
            },
            {
                "query": {
                    "x1": -0.5507447897854423,
                    "x2": -1.5438907977074994
                },
                "metrics": {
                    "outcome": -1.913175952732331
                },
                "metadata": {
                    "trials": 1
                }
            },
            {
                "query": {
                    "x1": -0.5448677236862891,
                    "x2": -1.5423136199206744
                },
                "metrics": {
                    "outcome": -1.913193867098396
                },
                "metadata": {
                    "trials": 1
                }
            }
        ],
        [
            {
                "query": {
                    "x1": -0.5557991625179647,
                    "x2": -1.5554586909050472
                },
                "metrics": {
                    "outcome": -1.913100113363313
                },
                "metadata": {
                    "trials": 1
                }
            },
            {
                "query": {
                    "x1": -0.5512917249897424,
                    "x2": -1.55460289847984
                },
                "metrics": {
                    "outcome": -1.9131548573048924
                },
                "metadata": {
                    "trials": 1
                }
            },
            {
                "query": {
                    "x1": -0.5471922176814958,
                    "x2": -1.5524827766158698
                },
                "metrics": {
                    "outcome": -1.9131829060539336
                },
                "metadata": {
                    "trials": 1
                }
            }
        ],
        [
            {
                "query": {
                    "x1": -0.5422630274112922,
                    "x2": -1.544595731222423
                },
                "metrics": {
                    "outcome": -1.913192884324578
                },
                "metadata": {
                    "trials": 1
                }
            },
            {
                "query": {
                    "x1": -0.5460741345202181,
                    "x2": -1.5427762739043231
                },
                "metrics": {
                    "outcome": -1.913198752542372
                },
                "metadata": {
                    "trials": 1
                }
            },
            {
                "query": {
                    "x1": -0.5496542199250508,
                    "x2": -1.5434573944610577
                },
                "metrics": {
                    "outcome": -1.9131838408393294
                },
                "metadata": {
                    "trials": 1
                }
            }
        ],
        [
            {
                "query": {
                    "x1": -0.554538923636425,
                    "x2": -1.5474004932353502
                },
                "metrics": {
                    "outcome": -1.913147388046549
                },
                "metadata": {
                    "trials": 1
                }
            },
            {
                "query": {
                    "x1": -0.5511040287193583,
                    "x2": -1.5444389151710458
                },
                "metrics": {
                    "outcome": -1.9131779608569146
                },
                "metadata": {
                    "trials": 1
                }
            },
            {
                "query": {
                    "x1": -0.5420276354307021,
                    "x2": -1.545925262508119
                },
                "metrics": {
                    "outcome": -1.9131897703736485
                },
                "metadata": {
                    "trials": 1
                }
            }
        ],
        [
            {
                "query": {
                    "x1": -0.5420318948335251,
                    "x2": -1.5460929184362218
                },
                "metrics": {
                    "outcome": -1.9131894180253033
                },
                "metadata": {
                    "trials": 1
                }
            },
            {
                "query": {
                    "x1": -0.544213664451224,
                    "x2": -1.5432561174567068
                },
                "metrics": {
                    "outcome": -1.9132012431728027
                },
                "metadata": {
                    "trials": 1
                }
            },
            {
                "query": {
                    "x1": -0.5439351871500251,
                    "x2": -1.5491466128482372
                },
                "metrics": {
                    "outcome": -1.9131950489902096
                },
                "metadata": {
                    "trials": 1
                }
            }
        ],
        [
            {
                "query": {
                    "x1": -0.5555131226439172,
                    "x2": -1.5499117794952466
                },
                "metrics": {
                    "outcome": -1.913139013487736
                },
                "metadata": {
                    "trials": 1
                }
            },
            {
                "query": {
                    "x1": -0.5534858263625273,
                    "x2": -1.5466581076067154
                },
                "metrics": {
                    "outcome": -1.913162042445097
                },
                "metadata": {
                    "trials": 1
                }
            },
            {
                "query": {
                    "x1": -0.556672743166559,
                    "x2": -1.5535545100079446
                },
                "metrics": {
                    "outcome": -1.9131050269051588
                },
                "metadata": {
                    "trials": 1
                }
            }
        ],
        [
            {
                "query": {
                    "x1": -0.5464279996109901,
                    "x2": -1.5422861256248463
                },
                "metrics": {
                    "outcome": -1.9131918097837088
                },
                "metadata": {
                    "trials": 1
                }
            },
            {
                "query": {
                    "x1": -0.543626740167644,
                    "x2": -1.5432007535695123
                },
                "metrics": {
                    "outcome": -1.9131979394444563
                },
                "metadata": {
                    "trials": 1
                }
            },
            {
                "query": {
                    "x1": -0.5421395043931688,
                    "x2": -1.5462582940269636
                },
                "metrics": {
                    "outcome": -1.9131903981725071
                },
                "metadata": {
                    "trials": 1
                }
            }
        ],
        [
            {
                "query": {
                    "x1": -0.5487587763241478,
                    "x2": -1.5428051773317049
                },
                "metrics": {
                    "outcome": -1.913184036979941
                },
                "metadata": {
                    "trials": 1
                }
            },
            {
                "query": {
                    "x1": -0.5455786687893354,
                    "x2": -1.5421351189044652
                },
                "metrics": {
                    "outcome": -1.913191742490378
                },
                "metadata": {
                    "trials": 1
                }
            },
            {
                "query": {
                    "x1": -0.5516504294030372,
                    "x2": -1.5446358039500205
                },
                "metrics": {
                    "outcome": -1.9131722019585
                },
                "metadata": {
                    "trials": 1
                }
            }
        ],
        [
            {
                "query": {
                    "x1": -0.5436757115381216,
                    "x2": -1.549319590306526
                },
                "metrics": {
                    "outcome": -1.9131902529219627
                },
                "metadata": {
                    "trials": 1
                }
            },
            {
                "query": {
                    "x1": -0.546191490956936,
                    "x2": -1.5517191261668979
                },
                "metrics": {
                    "outcome": -1.9131870523198176
                },
                "metadata": {
                    "trials": 1
                }
            },
            {
                "query": {
                    "x1": -0.5417950074971595,
                    "x2": -1.54629442329545
                },
                "metrics": {
                    "outcome": -1.9131854721699302
                },
                "metadata": {
                    "trials": 1
                }
            }
        ],
        [
            {
                "query": {
                    "x1": -0.5491170028393433,
                    "x2": -1.5432585225397148
                },
                "metrics": {
                    "outcome": -1.9131868663786324
                },
                "metadata": {
                    "trials": 1
                }
            },
            {
                "query": {
                    "x1": -0.5514803576395866,
                    "x2": -1.5449813899131
                },
                "metrics": {
                    "outcome": -1.9131788697288723
                },
                "metadata": {
                    "trials": 1
                }
            },
            {
                "query": {
                    "x1": -0.5465616344410353,
                    "x2": -1.5422806919651182
                },
                "metrics": {
                    "outcome": -1.913191263059633
                },
                "metadata": {
                    "trials": 1
                }
            }
        ],
        [
            {
                "query": {
                    "x1": -0.5534486933774565,
                    "x2": -1.5539962060972692
                },
                "metrics": {
                    "outcome": -1.9131491005987207
                },
                "metadata": {
                    "trials": 1
                }
            },
            {
                "query": {
                    "x1": -0.5496269785642462,
                    "x2": -1.5533443804024618
                },
                "metrics": {
                    "outcome": -1.9131773396396787
                },
                "metadata": {
                    "trials": 1
                }
            },
            {
                "query": {
                    "x1": -0.5461531693427082,
                    "x2": -1.5512746969335098
                },
                "metrics": {
                    "outcome": -1.9131927445615422
                },
                "metadata": {
                    "trials": 1
                }
            }
        ],
        [
            {
                "query": {
                    "x1": -0.5481409070502387,
                    "x2": -1.543143902641221
                },
                "metrics": {
                    "outcome": -1.913193793493421
                },
                "metadata": {
                    "trials": 1
                }
            },
            {
                "query": {
                    "x1": -0.5510317236023131,
                    "x2": -1.5448294777530238
                },
                "metrics": {
                    "outcome": -1.9131835566527444
                },
                "metadata": {
                    "trials": 1
                }
            },
            {
                "query": {
                    "x1": -0.5449545390176798,
                    "x2": -1.5428205551199905
                },
                "metrics": {
                    "outcome": -1.9131994004173833
                },
                "metadata": {
                    "trials": 1
                }
            }
        ],
        [
            {
                "query": {
                    "x1": -0.542295641443137,
                    "x2": -1.5460067530097945
                },
                "metrics": {
                    "outcome": -1.9131930899309069
                },
                "metadata": {
                    "trials": 1
                }
            },
            {
                "query": {
                    "x1": -0.5546464720856691,
                    "x2": -1.5501673409708498
                },
                "metrics": {
                    "outcome": -1.9131559837095846
                },
                "metadata": {
                    "trials": 1
                }
            },
            {
                "query": {
                    "x1": -0.544793220138649,
                    "x2": -1.543129278069748
                },
                "metrics": {
                    "outcome": -1.913202022847866
                },
                "metadata": {
                    "trials": 1
                }
            }
        ],
        [
            {
                "query": {
                    "x1": -0.5425382134188552,
                    "x2": -1.5464173370704508
                },
                "metrics": {
                    "outcome": -1.9131950817061716
                },
                "metadata": {
                    "trials": 1
                }
            },
            {
                "query": {
                    "x1": -0.5493241536795407,
                    "x2": -1.5437794741290234
                },
                "metrics": {
                    "outcome": -1.9131914891055692
                },
                "metadata": {
                    "trials": 1
                }
            },
            {
                "query": {
                    "x1": -0.5520825558085543,
                    "x2": -1.5459895812968425
                },
                "metrics": {
                    "outcome": -1.913179980207473
                },
                "metadata": {
                    "trials": 1
                }
            }
        ],
        [
            {
                "query": {
                    "x1": -0.5426597474644113,
                    "x2": -1.54682468145939
                },
                "metrics": {
                    "outcome": -1.913195156481128
                },
                "metadata": {
                    "trials": 1
                }
            },
            {
                "query": {
                    "x1": -0.5533792896524724,
                    "x2": -1.5531705309695878
                },
                "metrics": {
                    "outcome": -1.9131590897558919
                },
                "metadata": {
                    "trials": 1
                }
            },
            {
                "query": {
                    "x1": -0.5448967331308723,
                    "x2": -1.549989917882293
                },
                "metrics": {
                    "outcome": -1.9131969098354746
                },
                "metadata": {
                    "trials": 1
                }
            }
        ],
        [
            {
                "query": {
                    "x1": -0.5479303565685236,
                    "x2": -1.5430707362731915
                },
                "metrics": {
                    "outcome": -1.9131943478147817
                },
                "metadata": {
                    "trials": 1
                }
            },
            {
                "query": {
                    "x1": -0.5506987241487727,
                    "x2": -1.5447113162491701
                },
                "metrics": {
                    "outcome": -1.913186659968825
                },
                "metadata": {
                    "trials": 1
                }
            },
            {
                "query": {
                    "x1": -0.5449228273004335,
                    "x2": -1.5426861033427743
                },
                "metrics": {
                    "outcome": -1.9131979849244751
                },
                "metadata": {
                    "trials": 1
                }
            }
        ],
        [
            {
                "query": {
                    "x1": -0.5539883029415508,
                    "x2": -1.5521879416697657
                },
                "metrics": {
                    "outcome": -1.9131597505054128
                },
                "metadata": {
                    "trials": 1
                }
            },
            {
                "query": {
                    "x1": -0.5426514614221772,
                    "x2": -1.5465608264853676
                },
                "metrics": {
                    "outcome": -1.9131960288710808
                },
                "metadata": {
                    "trials": 1
                }
            },
            {
                "query": {
                    "x1": -0.5535597972826719,
                    "x2": -1.5484889179113364
                },
                "metrics": {
                    "outcome": -1.9131719137214782
                },
                "metadata": {
                    "trials": 1
                }
            }
        ],
        [
            {
                "query": {
                    "x1": -0.5426229503389445,
                    "x2": -1.5458880248012916
                },
                "metrics": {
                    "outcome": -1.9131972851572665
                },
                "metadata": {
                    "trials": 1
                }
            },
            {
                "query": {
                    "x1": -0.5462528620343658,
                    "x2": -1.5427416380506316
                },
                "metrics": {
                    "outcome": -1.9131979837242357
                },
                "metadata": {
                    "trials": 1
                }
            },
            {
                "query": {
                    "x1": -0.5487024214336949,
                    "x2": -1.5434606604418393
                },
                "metrics": {
                    "outcome": -1.913193320764261
                },
                "metadata": {
                    "trials": 1
                }
            }
        ],
        [
            {
                "query": {
                    "x1": -0.5431682933704438,
                    "x2": -1.5476650656949302
                },
                "metrics": {
                    "outcome": -1.913197237054285
                },
                "metadata": {
                    "trials": 1
                }
            },
            {
                "query": {
                    "x1": -0.5455886563409185,
                    "x2": -1.5505843350232134
                },
                "metrics": {
                    "outcome": -1.9131966299390397
                },
                "metadata": {
                    "trials": 1
                }
            },
            {
                "query": {
                    "x1": -0.5512100602308792,
                    "x2": -1.5532377270811384
                },
                "metrics": {
                    "outcome": -1.9131751698367845
                },
                "metadata": {
                    "trials": 1
                }
            }
        ],
        [
            {
                "query": {
                    "x1": -0.5484363001379529,
                    "x2": -1.5433908319661283
                },
                "metrics": {
                    "outcome": -1.9131946413324519
                },
                "metadata": {
                    "trials": 1
                }
            },
            {
                "query": {
                    "x1": -0.5510667641581066,
                    "x2": -1.545184068619689
                },
                "metrics": {
                    "outcome": -1.9131868582261102
                },
                "metadata": {
                    "trials": 1
                }
            },
            {
                "query": {
                    "x1": -0.5455655754904839,
                    "x2": -1.5426650670853634
                },
                "metrics": {
                    "outcome": -1.9131980678358382
                },
                "metadata": {
                    "trials": 1
                }
            }
        ],
        [
            {
                "query": {
                    "x1": -0.5426843264879544,
                    "x2": -1.5462126513509555
                },
                "metrics": {
                    "outcome": -1.9131974023845428
                },
                "metadata": {
                    "trials": 1
                }
            },
            {
                "query": {
                    "x1": -0.5538668032348104,
                    "x2": -1.551351367735634
                },
                "metrics": {
                    "outcome": -1.9131660111158162
                },
                "metadata": {
                    "trials": 1
                }
            },
            {
                "query": {
                    "x1": -0.5527125278081076,
                    "x2": -1.547342857247684
                },
                "metrics": {
                    "outcome": -1.9131802635612378
                },
                "metadata": {
                    "trials": 1
                }
            }
        ],
        [
            {
                "query": {
                    "x1": -0.5427014401319795,
                    "x2": -1.5457942629037538
                },
                "metrics": {
                    "outcome": -1.9131983022590888
                },
                "metadata": {
                    "trials": 1
                }
            },
            {
                "query": {
                    "x1": -0.5457655136145454,
                    "x2": -1.542815442137364
                },
                "metrics": {
                    "outcome": -1.9131995980301975
                },
                "metadata": {
                    "trials": 1
                }
            },
            {
                "query": {
                    "x1": -0.5481885377938245,
                    "x2": -1.5433536297173442
                },
                "metrics": {
                    "outcome": -1.9131960523190648
                },
                "metadata": {
                    "trials": 1
                }
            }
        ],
        [
            {
                "query": {
                    "x1": -0.5514474934615212,
                    "x2": -1.553081185577189
                },
                "metrics": {
                    "outcome": -1.913175907324732
                },
                "metadata": {
                    "trials": 1
                }
            },
            {
                "query": {
                    "x1": -0.5433800085197661,
                    "x2": -1.5478531974906788
                },
                "metrics": {
                    "outcome": -1.9131986138478863
                },
                "metadata": {
                    "trials": 1
                }
            },
            {
                "query": {
                    "x1": -0.5479950358154507,
                    "x2": -1.5521229596020434
                },
                "metrics": {
                    "outcome": -1.913191749066892
                },
                "metadata": {
                    "trials": 1
                }
            }
        ],
        [
            {
                "query": {
                    "x1": -0.5485597188045981,
                    "x2": -1.5435950692635916
                },
                "metrics": {
                    "outcome": -1.9131961330055338
                },
                "metadata": {
                    "trials": 1
                }
            },
            {
                "query": {
                    "x1": -0.5511208101076964,
                    "x2": -1.5454109152704103
                },
                "metrics": {
                    "outcome": -1.9131883761242658
                },
                "metadata": {
                    "trials": 1
                }
            },
            {
                "query": {
                    "x1": -0.5457553291082576,
                    "x2": -1.5428162614869456
                },
                "metrics": {
                    "outcome": -1.9131996155610262
                },
                "metadata": {
                    "trials": 1
                }
            }
        ],
        [
            {
                "query": {
                    "x1": -0.5427454448707367,
                    "x2": -1.5463351078244782
                },
                "metrics": {
                    "outcome": -1.9131978266202214
                },
                "metadata": {
                    "trials": 1
                }
            },
            {
                "query": {
                    "x1": -0.553679945084287,
                    "x2": -1.5500748287448383
                },
                "metrics": {
                    "outcome": -1.9131720933158176
                },
                "metadata": {
                    "trials": 1
                }
            },
            {
                "query": {
                    "x1": -0.5442688991185767,
                    "x2": -1.5489548990526103
                },
                "metrics": {
                    "outcome": -1.9132004021784814
                },
                "metadata": {
                    "trials": 1
                }
            }
        ],
        [
            {
                "query": {
                    "x1": -0.5472688494298774,
                    "x2": -1.5431112846923691
                },
                "metrics": {
                    "outcome": -1.913198684100582
                },
                "metadata": {
                    "trials": 1
                }
            },
            {
                "query": {
                    "x1": -0.5495258809766923,
                    "x2": -1.5442342402962517
                },
                "metrics": {
                    "outcome": -1.9131947789074513
                },
                "metadata": {
                    "trials": 1
                }
            },
            {
                "query": {
                    "x1": -0.5448704196979097,
                    "x2": -1.5429310454688911
                },
                "metrics": {
                    "outcome": -1.913200344305428
                },
                "metadata": {
                    "trials": 1
                }
            }
        ],
        [
            {
                "query": {
                    "x1": -0.5529678217976203,
                    "x2": -1.5522132832375066
                },
                "metrics": {
                    "outcome": -1.9131721149406813
                },
                "metadata": {
                    "trials": 1
                }
            },
            {
                "query": {
                    "x1": -0.5430126447471164,
                    "x2": -1.5469563988392983
                },
                "metrics": {
                    "outcome": -1.9131989118556714
                },
                "metadata": {
                    "trials": 1
                }
            },
            {
                "query": {
                    "x1": -0.5497198008707693,
                    "x2": -1.5526139346855157
                },
                "metrics": {
                    "outcome": -1.9131873315243144
                },
                "metadata": {
                    "trials": 1
                }
            }
        ],
        [
            {
                "query": {
                    "x1": -0.5495265320160253,
                    "x2": -1.544303557080955
                },
                "metrics": {
                    "outcome": -1.9131955372638507
                },
                "metadata": {
                    "trials": 1
                }
            },
            {
                "query": {
                    "x1": -0.5519083742924406,
                    "x2": -1.546428072156203
                },
                "metrics": {
                    "outcome": -1.9131861998775022
                },
                "metadata": {
                    "trials": 1
                }
            },
            {
                "query": {
                    "x1": -0.5468263947444452,
                    "x2": -1.5430925273030667
                },
                "metrics": {
                    "outcome": -1.9132003298306812
                },
                "metadata": {
                    "trials": 1
                }
            }
        ],
        [
            {
                "query": {
                    "x1": -0.5427965872332359,
                    "x2": -1.546486606935279
                },
                "metrics": {
                    "outcome": -1.9131980123112378
                },
                "metadata": {
                    "trials": 1
                }
            },
            {
                "query": {
                    "x1": -0.5443407352441585,
                    "x2": -1.5490077803449527
                },
                "metrics": {
                    "outcome": -1.9132006992777377
                },
                "metadata": {
                    "trials": 1
                }
            },
            {
                "query": {
                    "x1": -0.5534232924483897,
                    "x2": -1.5500335774229381
                },
                "metrics": {
                    "outcome": -1.9131759699547994
                },
                "metadata": {
                    "trials": 1
                }
            }
        ],
        [
            {
                "query": {
                    "x1": -0.5428885499231602,
                    "x2": -1.5450668860747567
                },
                "metrics": {
                    "outcome": -1.9132002309056477
                },
                "metadata": {
                    "trials": 1
                }
            },
            {
                "query": {
                    "x1": -0.5456532631988336,
                    "x2": -1.542990290184341
                },
                "metrics": {
                    "outcome": -1.9132015235430022
                },
                "metadata": {
                    "trials": 1
                }
            },
            {
                "query": {
                    "x1": -0.5484080883677408,
                    "x2": -1.5437002565877427
                },
                "metrics": {
                    "outcome": -1.9131985259696314
                },
                "metadata": {
                    "trials": 1
                }
            }
        ],
        [
            {
                "query": {
                    "x1": -0.55263049706105,
                    "x2": -1.552068016186631
                },
                "metrics": {
                    "outcome": -1.9131767614059525
                },
                "metadata": {
                    "trials": 1
                }
            },
            {
                "query": {
                    "x1": -0.5527456376843188,
                    "x2": -1.5479998929686265
                },
                "metrics": {
                    "outcome": -1.9131829917785486
                },
                "metadata": {
                    "trials": 1
                }
            },
            {
                "query": {
                    "x1": -0.543106331118667,
                    "x2": -1.5468836022910222
                },
                "metrics": {
                    "outcome": -1.9132002772594574
                },
                "metadata": {
                    "trials": 1
                }
            }
        ],
        [
            {
                "query": {
                    "x1": -0.5468741339901683,
                    "x2": -1.5431136198393753
                },
                "metrics": {
                    "outcome": -1.9132003952426069
                },
                "metadata": {
                    "trials": 1
                }
            },
            {
                "query": {
                    "x1": -0.5429522814984868,
                    "x2": -1.5460404101341387
                },
                "metrics": {
                    "outcome": -1.9132007674068254
                },
                "metadata": {
                    "trials": 1
                }
            },
            {
                "query": {
                    "x1": -0.5494677711992112,
                    "x2": -1.5443271613412914
                },
                "metrics": {
                    "outcome": -1.913196373120471
                },
                "metadata": {
                    "trials": 1
                }
            }
        ]
    ],
    "best_results": [
        {
            "query": {
                "x1": -0.5464673011785963,
                "x2": -1.544568200908487
            },
            "metrics": [
                {
                    "name": "outcome",
                    "value": -1.9132144578666184
                }
            ]
        }
    ]
}