{
    "date": "26/10/2022 19:14:11",
    "basic_params": {
        "active_variables": [
            "x"
        ],
        "default_query": {},
        "metric": "basic",
        "n_trials": 1
    },
    "objective_function": {
        "name": "Forrester",
        "params": {}
    },
    "optimizer": {
        "name": "BBO-LP",
        "params": {
            "lower_bound": [
                0.0
            ],
            "upper_bound": [
                1.0
            ],
            "invert_metric": false,
            "bopt_params": {
                "n_init_samples": 15,
                "n_iterations": 45,
                "verbose_level": 1,
                "n_parallel_samples": 3,
                "par_type": "PAR_BBO",
                "crit_name": "cLP(cLCB)",
                "n_crit_params": 4,
                "crit_params": [
                    3,
                    1,
                    1.0
                ]
            }
        }
    },
    "iterations": [
        [
            {
                "query": {
                    "x": 0.4349617999357482
                },
                "metrics": {
                    "outcome": 0.3491177160421758
                },
                "metadata": {
                    "trials": 1
                }
            }
        ],
        [
            {
                "query": {
                    "x": 0.7415052636060864
                },
                "metrics": {
                    "outcome": -5.894666344965642
                },
                "metadata": {
                    "trials": 1
                }
            }
        ],
        [
            {
                "query": {
                    "x": 0.22835805263991157
                },
                "metrics": {
                    "outcome": -0.3776707483794978
                },
                "metadata": {
                    "trials": 1
                }
            }
        ],
        [
            {
                "query": {
                    "x": 0.29471639016022283
                },
                "metrics": {
                    "outcome": -0.02399722544270212
                },
                "metadata": {
                    "trials": 1
                }
            }
        ],
        [
            {
                "query": {
                    "x": 0.3469121367825816
                },
                "metrics": {
                    "outcome": 0.0010768239424605109
                },
                "metadata": {
                    "trials": 1
                }
            }
        ],
        [
            {
                "query": {
                    "x": 0.5215164964708189
                },
                "metrics": {
                    "outcome": 0.9853394199010523
                },
                "metadata": {
                    "trials": 1
                }
            }
        ],
        [
            {
                "query": {
                    "x": 0.9201901722388963
                },
                "metrics": {
                    "outcome": 8.533426438818696
                },
                "metadata": {
                    "trials": 1
                }
            }
        ],
        [
            {
                "query": {
                    "x": 0.5977113697833071
                },
                "metrics": {
                    "outcome": -0.07784977375465149
                },
                "metadata": {
                    "trials": 1
                }
            }
        ],
        [
            {
                "query": {
                    "x": 0.6293270913573603
                },
                "metrics": {
                    "outcome": -1.25819251671967
                },
                "metadata": {
                    "trials": 1
                }
            }
        ],
        [
            {
                "query": {
                    "x": 0.10533701622237762
                },
                "metrics": {
                    "outcome": -0.7384475563966455
                },
                "metadata": {
                    "trials": 1
                }
            }
        ],
        [
            {
                "query": {
                    "x": 0.9772717212947707
                },
                "metrics": {
                    "outcome": 14.807944056226738
                },
                "metadata": {
                    "trials": 1
                }
            }
        ],
        [
            {
                "query": {
                    "x": 0.024858763037870327
                },
                "metrics": {
                    "outcome": 1.819947242590075
                },
                "metadata": {
                    "trials": 1
                }
            }
        ],
        [
            {
                "query": {
                    "x": 0.17848058532302577
                },
                "metrics": {
                    "outcome": -0.8278412086199378
                },
                "metadata": {
                    "trials": 1
                }
            }
        ],
        [
            {
                "query": {
                    "x": 0.8105952043241511
                },
                "metrics": {
                    "outcome": -4.328221761557526
                },
                "metadata": {
                    "trials": 1
                }
            }
        ],
        [
            {
                "query": {
                    "x": 0.6890634240582585
                },
                "metrics": {
                    "outcome": -4.1146021860318625
                },
                "metadata": {
                    "trials": 1
                }
            }
        ],
        [
            {
                "query": {
                    "x": 0.7609858978331061
                },
                "metrics": {
                    "outcome": -6.013203814331711
                },
                "metadata": {
                    "trials": 1
                }
            },
            {
                "query": {
                    "x": 0.752415761333456
                },
                "metrics": {
                    "outcome": -6.008441843325488
                },
                "metadata": {
                    "trials": 1
                }
            },
            {
                "query": {
                    "x": 0.769525224671178
                },
                "metrics": {
                    "outcome": -5.937587172220095
                },
                "metadata": {
                    "trials": 1
                }
            }
        ],
        [
            {
                "query": {
                    "x": 0.757102426944025
                },
                "metrics": {
                    "outcome": -6.02072862605132
                },
                "metadata": {
                    "trials": 1
                }
            },
            {
                "query": {
                    "x": 0.7585154255512268
                },
                "metrics": {
                    "outcome": -6.019880197822414
                },
                "metadata": {
                    "trials": 1
                }
            },
            {
                "query": {
                    "x": 0.7556956075181095
                },
                "metrics": {
                    "outcome": -6.019457625916876
                },
                "metadata": {
                    "trials": 1
                }
            }
        ],
        [
            {
                "query": {
                    "x": 0.7572496520698985
                },
                "metrics": {
                    "outcome": -6.020740055340069
                },
                "metadata": {
                    "trials": 1
                }
            },
            {
                "query": {
                    "x": 0.7565189807577861
                },
                "metrics": {
                    "outcome": -6.020456251820098
                },
                "metadata": {
                    "trials": 1
                }
            },
            {
                "query": {
                    "x": 0.7579792528067744
                },
                "metrics": {
                    "outcome": -6.020454507577841
                },
                "metadata": {
                    "trials": 1
                }
            }
        ],
        [
            {
                "query": {
                    "x": 0.7572518418231546
                },
                "metrics": {
                    "outcome": -6.020740050688157
                },
                "metadata": {
                    "trials": 1
                }
            },
            {
                "query": {
                    "x": 0.7566311601074341
                },
                "metrics": {
                    "outcome": -6.020536731510148
                },
                "metadata": {
                    "trials": 1
                }
            },
            {
                "query": {
                    "x": 0.7578715909468461
                },
                "metrics": {
                    "outcome": -6.020532537621115
                },
                "metadata": {
                    "trials": 1
                }
            }
        ],
        [
            {
                "query": {
                    "x": 0.7572523945900075
                },
                "metrics": {
                    "outcome": -6.0207400487043055
                },
                "metadata": {
                    "trials": 1
                }
            },
            {
                "query": {
                    "x": 0.7566876142269029
                },
                "metrics": {
                    "outcome": -6.020572176850934
                },
                "metadata": {
                    "trials": 1
                }
            },
            {
                "query": {
                    "x": 0.7578163096622431
                },
                "metrics": {
                    "outcome": -6.020567767471275
                },
                "metadata": {
                    "trials": 1
                }
            }
        ],
        [
            {
                "query": {
                    "x": 0.7572525651311925
                },
                "metrics": {
                    "outcome": -6.020740048026369
                },
                "metadata": {
                    "trials": 1
                }
            },
            {
                "query": {
                    "x": 0.7567241413596921
                },
                "metrics": {
                    "outcome": -6.020593305996654
                },
                "metadata": {
                    "trials": 1
                }
            },
            {
                "query": {
                    "x": 0.7577801707065911
                },
                "metrics": {
                    "outcome": -6.020589025355575
                },
                "metadata": {
                    "trials": 1
                }
            }
        ],
        [
            {
                "query": {
                    "x": 0.7572526038065859
                },
                "metrics": {
                    "outcome": -6.020740047868305
                },
                "metadata": {
                    "trials": 1
                }
            },
            {
                "query": {
                    "x": 0.75675065922328
                },
                "metrics": {
                    "outcome": -6.020607756561221
                },
                "metadata": {
                    "trials": 1
                }
            },
            {
                "query": {
                    "x": 0.7577537633288639
                },
                "metrics": {
                    "outcome": -6.020603672849605
                },
                "metadata": {
                    "trials": 1
                }
            }
        ],
        [
            {
                "query": {
                    "x": 0.7572525791221124
                },
                "metrics": {
                    "outcome": -6.020740047969373
                },
                "metadata": {
                    "trials": 1
                }
            },
            {
                "query": {
                    "x": 0.7567795873332264
                },
                "metrics": {
                    "outcome": -6.020622667698938
                },
                "metadata": {
                    "trials": 1
                }
            },
            {
                "query": {
                    "x": 0.7577331689424012
                },
                "metrics": {
                    "outcome": -6.020614576894583
                },
                "metadata": {
                    "trials": 1
                }
            }
        ],
        [
            {
                "query": {
                    "x": 0.7572523553393
                },
                "metrics": {
                    "outcome": -6.020740048855937
                },
                "metadata": {
                    "trials": 1
                }
            },
            {
                "query": {
                    "x": 0.7567875784208866
                },
                "metrics": {
                    "outcome": -6.0206266298440045
                },
                "metadata": {
                    "trials": 1
                }
            },
            {
                "query": {
                    "x": 0.7577162363139943
                },
                "metrics": {
                    "outcome": -6.020623201434163
                },
                "metadata": {
                    "trials": 1
                }
            }
        ],
        [
            {
                "query": {
                    "x": 0.7572523186956581
                },
                "metrics": {
                    "outcome": -6.0207400489960134
                },
                "metadata": {
                    "trials": 1
                }
            },
            {
                "query": {
                    "x": 0.7567992834263708
                },
                "metrics": {
                    "outcome": -6.020632310800585
                },
                "metadata": {
                    "trials": 1
                }
            },
            {
                "query": {
                    "x": 0.7577022203356837
                },
                "metrics": {
                    "outcome": -6.020630107832619
                },
                "metadata": {
                    "trials": 1
                }
            }
        ],
        [
            {
                "query": {
                    "x": 0.7572523158163521
                },
                "metrics": {
                    "outcome": -6.020740049006959
                },
                "metadata": {
                    "trials": 1
                }
            },
            {
                "query": {
                    "x": 0.7568137115960012
                },
                "metrics": {
                    "outcome": -6.020639112855542
                },
                "metadata": {
                    "trials": 1
                }
            },
            {
                "query": {
                    "x": 0.7576902495476125
                },
                "metrics": {
                    "outcome": -6.020635839698275
                },
                "metadata": {
                    "trials": 1
                }
            }
        ],
        [
            {
                "query": {
                    "x": 0.7572522686448389
                },
                "metrics": {
                    "outcome": -6.020740049185023
                },
                "metadata": {
                    "trials": 1
                }
            },
            {
                "query": {
                    "x": 0.7568241038416934
                },
                "metrics": {
                    "outcome": -6.020643874978335
                },
                "metadata": {
                    "trials": 1
                }
            },
            {
                "query": {
                    "x": 0.7576797678523277
                },
                "metrics": {
                    "outcome": -6.020640732409216
                },
                "metadata": {
                    "trials": 1
                }
            }
        ],
        [
            {
                "query": {
                    "x": 0.7572522088933006
                },
                "metrics": {
                    "outcome": -6.020740049407162
                },
                "metadata": {
                    "trials": 1
                }
            },
            {
                "query": {
                    "x": 0.7568327600155289
                },
                "metrics": {
                    "outcome": -6.020647753837972
                },
                "metadata": {
                    "trials": 1
                }
            },
            {
                "query": {
                    "x": 0.757670487571643
                },
                "metrics": {
                    "outcome": -6.0206449660218855
                },
                "metadata": {
                    "trials": 1
                }
            }
        ],
        [
            {
                "query": {
                    "x": 0.7572521537289008
                },
                "metrics": {
                    "outcome": -6.020740049608862
                },
                "metadata": {
                    "trials": 1
                }
            },
            {
                "query": {
                    "x": 0.757662197892042
                },
                "metrics": {
                    "outcome": -6.020648669670822
                },
                "metadata": {
                    "trials": 1
                }
            },
            {
                "query": {
                    "x": 0.7568414760085636
                },
                "metrics": {
                    "outcome": -6.020651578934636
                },
                "metadata": {
                    "trials": 1
                }
            }
        ],
        [
            {
                "query": {
                    "x": 0.7572520830060074
                },
                "metrics": {
                    "outcome": -6.020740049862695
                },
                "metadata": {
                    "trials": 1
                }
            },
            {
                "query": {
                    "x": 0.7568488549954026
                },
                "metrics": {
                    "outcome": -6.020654754074321
                },
                "metadata": {
                    "trials": 1
                }
            },
            {
                "query": {
                    "x": 0.7576546911312783
                },
                "metrics": {
                    "outcome": -6.02065195998317
                },
                "metadata": {
                    "trials": 1
                }
            }
        ],
        [
            {
                "query": {
                    "x": 0.7572520576292572
                },
                "metrics": {
                    "outcome": -6.020740049952473
                },
                "metadata": {
                    "trials": 1
                }
            },
            {
                "query": {
                    "x": 0.756855594923556
                },
                "metrics": {
                    "outcome": -6.0206576035886386
                },
                "metadata": {
                    "trials": 1
                }
            },
            {
                "query": {
                    "x": 0.757647902237039
                },
                "metrics": {
                    "outcome": -6.020654883639788
                },
                "metadata": {
                    "trials": 1
                }
            }
        ],
        [
            {
                "query": {
                    "x": 0.7572519782424781
                },
                "metrics": {
                    "outcome": -6.020740050228887
                },
                "metadata": {
                    "trials": 1
                }
            },
            {
                "query": {
                    "x": 0.7568617244470386
                },
                "metrics": {
                    "outcome": -6.020660153053302
                },
                "metadata": {
                    "trials": 1
                }
            },
            {
                "query": {
                    "x": 0.7576416340117827
                },
                "metrics": {
                    "outcome": -6.020657539214573
                },
                "metadata": {
                    "trials": 1
                }
            }
        ],
        [
            {
                "query": {
                    "x": 0.7572519196145303
                },
                "metrics": {
                    "outcome": -6.020740050428699
                },
                "metadata": {
                    "trials": 1
                }
            },
            {
                "query": {
                    "x": 0.7568673874491366
                },
                "metrics": {
                    "outcome": -6.020662472933824
                },
                "metadata": {
                    "trials": 1
                }
            },
            {
                "query": {
                    "x": 0.7576358709505207
                },
                "metrics": {
                    "outcome": -6.020659943623044
                },
                "metadata": {
                    "trials": 1
                }
            }
        ],
        [
            {
                "query": {
                    "x": 0.7572518206482586
                },
                "metrics": {
                    "outcome": -6.020740050757663
                },
                "metadata": {
                    "trials": 1
                }
            },
            {
                "query": {
                    "x": 0.7568725734069266
                },
                "metrics": {
                    "outcome": -6.02066456744448
                },
                "metadata": {
                    "trials": 1
                }
            },
            {
                "query": {
                    "x": 0.7576304938031001
                },
                "metrics": {
                    "outcome": -6.020662154930525
                },
                "metadata": {
                    "trials": 1
                }
            }
        ],
        [
            {
                "query": {
                    "x": 0.757251822900533
                },
                "metrics": {
                    "outcome": -6.020740050750292
                },
                "metadata": {
                    "trials": 1
                }
            },
            {
                "query": {
                    "x": 0.7568774977503602
                },
                "metrics": {
                    "outcome": -6.0206665297935436
                },
                "metadata": {
                    "trials": 1
                }
            },
            {
                "query": {
                    "x": 0.7576255787737216
                },
                "metrics": {
                    "outcome": -6.0206641490945465
                },
                "metadata": {
                    "trials": 1
                }
            }
        ],
        [
            {
                "query": {
                    "x": 0.7572517816735971
                },
                "metrics": {
                    "outcome": -6.020740050884344
                },
                "metadata": {
                    "trials": 1
                }
            },
            {
                "query": {
                    "x": 0.7568820527923871
                },
                "metrics": {
                    "outcome": -6.020668321991782
                },
                "metadata": {
                    "trials": 1
                }
            },
            {
                "query": {
                    "x": 0.7576209511105017
                },
                "metrics": {
                    "outcome": -6.020666003008564
                },
                "metadata": {
                    "trials": 1
                }
            }
        ],
        [
            {
                "query": {
                    "x": 0.7572516751563542
                },
                "metrics": {
                    "outcome": -6.020740051222284
                },
                "metadata": {
                    "trials": 1
                }
            },
            {
                "query": {
                    "x": 0.7568862553545977
                },
                "metrics": {
                    "outcome": -6.02066995591364
                },
                "metadata": {
                    "trials": 1
                }
            },
            {
                "query": {
                    "x": 0.7576165433990094
                },
                "metrics": {
                    "outcome": -6.020667747472133
                },
                "metadata": {
                    "trials": 1
                }
            }
        ],
        [
            {
                "query": {
                    "x": 0.7572516818015929
                },
                "metrics": {
                    "outcome": -6.020740051201556
                },
                "metadata": {
                    "trials": 1
                }
            },
            {
                "query": {
                    "x": 0.7568903184161674
                },
                "metrics": {
                    "outcome": -6.020671517720671
                },
                "metadata": {
                    "trials": 1
                }
            },
            {
                "query": {
                    "x": 0.7576125070638996
                },
                "metrics": {
                    "outcome": -6.02066932669655
                },
                "metadata": {
                    "trials": 1
                }
            }
        ],
        [
            {
                "query": {
                    "x": 0.7572516377002031
                },
                "metrics": {
                    "outcome": -6.020740051338239
                },
                "metadata": {
                    "trials": 1
                }
            },
            {
                "query": {
                    "x": 0.7568941013657178
                },
                "metrics": {
                    "outcome": -6.020672956053876
                },
                "metadata": {
                    "trials": 1
                }
            },
            {
                "query": {
                    "x": 0.7576086494212406
                },
                "metrics": {
                    "outcome": -6.020670819695183
                },
                "metadata": {
                    "trials": 1
                }
            }
        ],
        [
            {
                "query": {
                    "x": 0.7572515962562805
                },
                "metrics": {
                    "outcome": -6.020740051464792
                },
                "metadata": {
                    "trials": 1
                }
            },
            {
                "query": {
                    "x": 0.7568976624239913
                },
                "metrics": {
                    "outcome": -6.0206742960977015
                },
                "metadata": {
                    "trials": 1
                }
            },
            {
                "query": {
                    "x": 0.7576049951780234
                },
                "metrics": {
                    "outcome": -6.020672219269916
                },
                "metadata": {
                    "trials": 1
                }
            }
        ],
        [
            {
                "query": {
                    "x": 0.7572515557920512
                },
                "metrics": {
                    "outcome": -6.020740051586586
                },
                "metadata": {
                    "trials": 1
                }
            },
            {
                "query": {
                    "x": 0.756901062065706
                },
                "metrics": {
                    "outcome": -6.0206755628011015
                },
                "metadata": {
                    "trials": 1
                }
            },
            {
                "query": {
                    "x": 0.7576015388015015
                },
                "metrics": {
                    "outcome": -6.0206735298976595
                },
                "metadata": {
                    "trials": 1
                }
            }
        ],
        [
            {
                "query": {
                    "x": 0.7572515027866726
                },
                "metrics": {
                    "outcome": -6.02074005174348
                },
                "metadata": {
                    "trials": 1
                }
            },
            {
                "query": {
                    "x": 0.7569042599083992
                },
                "metrics": {
                    "outcome": -6.020676743081684
                },
                "metadata": {
                    "trials": 1
                }
            },
            {
                "query": {
                    "x": 0.7575982340600728
                },
                "metrics": {
                    "outcome": -6.020674771059167
                },
                "metadata": {
                    "trials": 1
                }
            }
        ],
        [
            {
                "query": {
                    "x": 0.7572514872851788
                },
                "metrics": {
                    "outcome": -6.020740051788796
                },
                "metadata": {
                    "trials": 1
                }
            },
            {
                "query": {
                    "x": 0.7569073496204752
                },
                "metrics": {
                    "outcome": -6.020677873109395
                },
                "metadata": {
                    "trials": 1
                }
            },
            {
                "query": {
                    "x": 0.7575951252644775
                },
                "metrics": {
                    "outcome": -6.020675927950414
                },
                "metadata": {
                    "trials": 1
                }
            }
        ],
        [
            {
                "query": {
                    "x": 0.7572514891614397
                },
                "metrics": {
                    "outcome": -6.020740051783325
                },
                "metadata": {
                    "trials": 1
                }
            },
            {
                "query": {
                    "x": 0.7569102921113692
                },
                "metrics": {
                    "outcome": -6.020678939841927
                },
                "metadata": {
                    "trials": 1
                }
            },
            {
                "query": {
                    "x": 0.7575921747813152
                },
                "metrics": {
                    "outcome": -6.0206770163530745
                },
                "metadata": {
                    "trials": 1
                }
            }
        ],
        [
            {
                "query": {
                    "x": 0.7572513425298601
                },
                "metrics": {
                    "outcome": -6.020740052199582
                },
                "metadata": {
                    "trials": 1
                }
            },
            {
                "query": {
                    "x": 0.7569129844567695
                },
                "metrics": {
                    "outcome": -6.0206799078121245
                },
                "metadata": {
                    "trials": 1
                }
            },
            {
                "query": {
                    "x": 0.7575892108331616
                },
                "metrics": {
                    "outcome": -6.020678100334298
                },
                "metadata": {
                    "trials": 1
                }
            }
        ],
        [
            {
                "query": {
                    "x": 0.7572513733343181
                },
                "metrics": {
                    "outcome": -6.02074005211404
                },
                "metadata": {
                    "trials": 1
                }
            },
            {
                "query": {
                    "x": 0.7569157308125423
                },
                "metrics": {
                    "outcome": -6.020680887247235
                },
                "metadata": {
                    "trials": 1
                }
            },
            {
                "query": {
                    "x": 0.7575865359225231
                },
                "metrics": {
                    "outcome": -6.020679070530122
                },
                "metadata": {
                    "trials": 1
                }
            }
        ],
        [
            {
                "query": {
                    "x": 0.7572513135152925
                },
                "metrics": {
                    "outcome": -6.020740052279228
                },
                "metadata": {
                    "trials": 1
                }
            },
            {
                "query": {
                    "x": 0.756918256237989
                },
                "metrics": {
                    "outcome": -6.020681780802622
                },
                "metadata": {
                    "trials": 1
                }
            },
            {
                "query": {
                    "x": 0.757583895381768
                },
                "metrics": {
                    "outcome": -6.02068002074323
                },
                "metadata": {
                    "trials": 1
                }
            }
        ],
        [
            {
                "query": {
                    "x": 0.7572513087458813
                },
                "metrics": {
                    "outcome": -6.020740052292233
                },
                "metadata": {
                    "trials": 1
                }
            },
            {
                "query": {
                    "x": 0.7569207399105811
                },
                "metrics": {
                    "outcome": -6.020682652960154
                },
                "metadata": {
                    "trials": 1
                }
            },
            {
                "query": {
                    "x": 0.7575814029879346
                },
                "metrics": {
                    "outcome": -6.0206809107936605
                },
                "metadata": {
                    "trials": 1
                }
            }
        ],
        [
            {
                "query": {
                    "x": 0.7572512757020371
                },
                "metrics": {
                    "outcome": -6.020740052381676
                },
                "metadata": {
                    "trials": 1
                }
            },
            {
                "query": {
                    "x": 0.7569230949005255
                },
                "metrics": {
                    "outcome": -6.020683473862081
                },
                "metadata": {
                    "trials": 1
                }
            },
            {
                "query": {
                    "x": 0.757578980419245
                },
                "metrics": {
                    "outcome": -6.020681769532737
                },
                "metadata": {
                    "trials": 1
                }
            }
        ],
        [
            {
                "query": {
                    "x": 0.7572512490099704
                },
                "metrics": {
                    "outcome": -6.020740052453074
                },
                "metadata": {
                    "trials": 1
                }
            },
            {
                "query": {
                    "x": 0.756925379332594
                },
                "metrics": {
                    "outcome": -6.0206842645251415
                },
                "metadata": {
                    "trials": 1
                }
            },
            {
                "query": {
                    "x": 0.7575766570246637
                },
                "metrics": {
                    "outcome": -6.020682587212205
                },
                "metadata": {
                    "trials": 1
                }
            }
        ],
        [
            {
                "query": {
                    "x": 0.7572512092222963
                },
                "metrics": {
                    "outcome": -6.020740052558088
                },
                "metadata": {
                    "trials": 1
                }
            },
            {
                "query": {
                    "x": 0.7569275594858378
                },
                "metrics": {
                    "outcome": -6.020685013913023
                },
                "metadata": {
                    "trials": 1
                }
            },
            {
                "query": {
                    "x": 0.7575744013833092
                },
                "metrics": {
                    "outcome": -6.020683375516099
                },
                "metadata": {
                    "trials": 1
                }
            }
        ],
        [
            {
                "query": {
                    "x": 0.757251176783564
                },
                "metrics": {
                    "outcome": -6.020740052642455
                },
                "metadata": {
                    "trials": 1
                }
            },
            {
                "query": {
                    "x": 0.7569296549137822
                },
                "metrics": {
                    "outcome": -6.020685729407065
                },
                "metadata": {
                    "trials": 1
                }
            },
            {
                "query": {
                    "x": 0.757572222070384
                },
                "metrics": {
                    "outcome": -6.0206841319690945
                },
                "metadata": {
                    "trials": 1
                }
            }
        ],
        [
            {
                "query": {
                    "x": 0.7572511705941644
                },
                "metrics": {
                    "outcome": -6.020740052658423
                },
                "metadata": {
                    "trials": 1
                }
            },
            {
                "query": {
                    "x": 0.7569317170513852
                },
                "metrics": {
                    "outcome": -6.020686428968209
                },
                "metadata": {
                    "trials": 1
                }
            },
            {
                "query": {
                    "x": 0.7575701661842487
                },
                "metrics": {
                    "outcome": -6.020684840917443
                },
                "metadata": {
                    "trials": 1
                }
            }
        ],
        [
            {
                "query": {
                    "x": 0.757251141266638
                },
                "metrics": {
                    "outcome": -6.020740052733538
                },
                "metadata": {
                    "trials": 1
                }
            },
            {
                "query": {
                    "x": 0.7569336922115277
                },
                "metrics": {
                    "outcome": -6.020687094776309
                },
                "metadata": {
                    "trials": 1
                }
            },
            {
                "query": {
                    "x": 0.7575681443410957
                },
                "metrics": {
                    "outcome": -6.020685533711789
                },
                "metadata": {
                    "trials": 1
                }
            }
        ],
        [
            {
                "query": {
                    "x": 0.7572510713107228
                },
                "metrics": {
                    "outcome": -6.020740052909001
                },
                "metadata": {
                    "trials": 1
                }
            },
            {
                "query": {
                    "x": 0.7569355519613573
                },
                "metrics": {
                    "outcome": -6.0206877178824465
                },
                "metadata": {
                    "trials": 1
                }
            },
            {
                "query": {
                    "x": 0.7575661435968045
                },
                "metrics": {
                    "outcome": -6.020686214967048
                },
                "metadata": {
                    "trials": 1
                }
            }
        ],
        [
            {
                "query": {
                    "x": 0.7572510990828281
                },
                "metrics": {
                    "outcome": -6.020740052839969
                },
                "metadata": {
                    "trials": 1
                }
            },
            {
                "query": {
                    "x": 0.7569374563976842
                },
                "metrics": {
                    "outcome": -6.020688352142907
                },
                "metadata": {
                    "trials": 1
                }
            },
            {
                "query": {
                    "x": 0.7575643077157946
                },
                "metrics": {
                    "outcome": -6.020686836314725
                },
                "metadata": {
                    "trials": 1
                }
            }
        ],
        [
            {
                "query": {
                    "x": 0.7572510689872199
                },
                "metrics": {
                    "outcome": -6.020740052914738
                },
                "metadata": {
                    "trials": 1
                }
            },
            {
                "query": {
                    "x": 0.7569392319692595
                },
                "metrics": {
                    "outcome": -6.02068894000584
                },
                "metadata": {
                    "trials": 1
                }
            },
            {
                "query": {
                    "x": 0.7575624597188346
                },
                "metrics": {
                    "outcome": -6.020687458117832
                },
                "metadata": {
                    "trials": 1
                }
            }
        ],
        [
            {
                "query": {
                    "x": 0.7572511378808524
                },
                "metrics": {
                    "outcome": -6.020740052742151
                },
                "metadata": {
                    "trials": 1
                }
            },
            {
                "query": {
                    "x": 0.7569410516269465
                },
                "metrics": {
                    "outcome": -6.020689538980735
                },
                "metadata": {
                    "trials": 1
                }
            },
            {
                "query": {
                    "x": 0.7575607767965276
                },
                "metrics": {
                    "outcome": -6.020688021195913
                },
                "metadata": {
                    "trials": 1
                }
            }
        ],
        [
            {
                "query": {
                    "x": 0.7572510187819614
                },
                "metrics": {
                    "outcome": -6.020740053037316
                },
                "metadata": {
                    "trials": 1
                }
            },
            {
                "query": {
                    "x": 0.756942655058594
                },
                "metrics": {
                    "outcome": -6.020690063857467
                },
                "metadata": {
                    "trials": 1
                }
            },
            {
                "query": {
                    "x": 0.7575589580564958
                },
                "metrics": {
                    "outcome": -6.020688626306456
                },
                "metadata": {
                    "trials": 1
                }
            }
        ],
        [
            {
                "query": {
                    "x": 0.7572510126825592
                },
                "metrics": {
                    "outcome": -6.020740053052025
                },
                "metadata": {
                    "trials": 1
                }
            },
            {
                "query": {
                    "x": 0.7569443034470604
                },
                "metrics": {
                    "outcome": -6.020690600595734
                },
                "metadata": {
                    "trials": 1
                }
            },
            {
                "query": {
                    "x": 0.757557303571961
                },
                "metrics": {
                    "outcome": -6.020689173691056
                },
                "metadata": {
                    "trials": 1
                }
            }
        ]
    ],
    "best_results": [
        {
            "query": {
                "x": 0.7572496520698985
            },
            "metrics": [
                {
                    "name": "outcome",
                    "value": -6.020740055340069
                }
            ]
        }
    ]
}