{
    "date": "09/11/2022 10:16:51",
    "basic_params": {
        "active_variables": [
            "x1",
            "x2"
        ],
        "default_query": {},
        "metric": "basic",
        "n_trials": 1
    },
    "objective_function": {
        "name": "Beale",
        "params": {}
    },
    "optimizer": {
        "name": "GO-BO",
        "params": {
            "maximize": false,
            "domain": [
                {
                    "name": "x1",
                    "type": "continuous",
                    "domain": [
                        -4.5,
                        4.5
                    ]
                },
                {
                    "name": "x2",
                    "type": "continuous",
                    "domain": [
                        -4.5,
                        4.5
                    ]
                }
            ],
            "initial_design_numdata": 10,
            "num_iters": 140,
            "acquisition_type": "EI",
            "evaluator_type": "sequential",
            "batch_size": 1,
            "model_update_interval": 5
        }
    },
    "best_results": [
        {
            "query": {
                "x1": 3.0440914291330285,
                "x2": 0.10874054205450857
            },
            "metrics": [
                {
                    "name": "outcome",
                    "value": 2.21863422470735
                }
            ]
        }
    ],
    "iterations": [
        [
            {
                "query": {
                    "x1": 4.049999999999999,
                    "x2": -4.05
                },
                "metrics": {
                    "outcome": 77688.6517836031
                },
                "metadata": {
                    "trials": 1
                }
            }
        ],
        [
            {
                "query": {
                    "x1": 2.25,
                    "x2": 2.25
                },
                "metrics": {
                    "outcome": 824.5471343994141
                },
                "metadata": {
                    "trials": 1
                }
            }
        ],
        [
            {
                "query": {
                    "x1": 0.4500000000000002,
                    "x2": 3.1500000000000004
                },
                "metrics": {
                    "outcome": 309.0826165362894
                },
                "metadata": {
                    "trials": 1
                }
            }
        ],
        [
            {
                "query": {
                    "x1": -2.25,
                    "x2": -0.4500000000000002
                },
                "metrics": {
                    "outcome": 64.84509289160157
                },
                "metadata": {
                    "trials": 1
                }
            }
        ],
        [
            {
                "query": {
                    "x1": -0.4500000000000002,
                    "x2": 4.049999999999999
                },
                "metrics": {
                    "outcome": 741.1641468500385
                },
                "metadata": {
                    "trials": 1
                }
            }
        ],
        [
            {
                "query": {
                    "x1": -1.3499999999999996,
                    "x2": -2.25
                },
                "metrics": {
                    "outcome": 419.6370465087889
                },
                "metadata": {
                    "trials": 1
                }
            }
        ],
        [
            {
                "query": {
                    "x1": -4.05,
                    "x2": -3.15
                },
                "metrics": {
                    "outcome": 19242.00643568941
                },
                "metadata": {
                    "trials": 1
                }
            }
        ],
        [
            {
                "query": {
                    "x1": 3.1500000000000004,
                    "x2": -1.3499999999999996
                },
                "metrics": {
                    "outcome": 126.75220173597647
                },
                "metadata": {
                    "trials": 1
                }
            }
        ],
        [
            {
                "query": {
                    "x1": -3.15,
                    "x2": 1.3500000000000014
                },
                "metrics": {
                    "outcome": 4.175542985976663
                },
                "metadata": {
                    "trials": 1
                }
            }
        ],
        [
            {
                "query": {
                    "x1": 1.3500000000000014,
                    "x2": 0.4500000000000002
                },
                "metrics": {
                    "outcome": 3.9050715659765567
                },
                "metadata": {
                    "trials": 1
                }
            }
        ],
        [
            {
                "query": {
                    "x1": -4.5,
                    "x2": -1.7297342259189359
                },
                "metrics": {
                    "outcome": 1160.0806443648771
                },
                "metadata": {
                    "trials": 1
                }
            }
        ],
        [
            {
                "query": {
                    "x1": -4.5,
                    "x2": -1.7297342638733288
                },
                "metrics": {
                    "outcome": 1160.080750259197
                },
                "metadata": {
                    "trials": 1
                }
            }
        ],
        [
            {
                "query": {
                    "x1": -4.5,
                    "x2": -1.7297341840450873
                },
                "metrics": {
                    "outcome": 1160.0805275351252
                },
                "metadata": {
                    "trials": 1
                }
            }
        ],
        [
            {
                "query": {
                    "x1": -4.5,
                    "x2": -1.729734195138892
                },
                "metrics": {
                    "outcome": 1160.0805584872933
                },
                "metadata": {
                    "trials": 1
                }
            }
        ],
        [
            {
                "query": {
                    "x1": -4.5,
                    "x2": -1.7297341503051387
                },
                "metrics": {
                    "outcome": 1160.0804333992962
                },
                "metadata": {
                    "trials": 1
                }
            }
        ],
        [
            {
                "query": {
                    "x1": 4.5,
                    "x2": 4.5
                },
                "metrics": {
                    "outcome": 174813.36328125
                },
                "metadata": {
                    "trials": 1
                }
            }
        ],
        [
            {
                "query": {
                    "x1": 4.5,
                    "x2": 4.5
                },
                "metrics": {
                    "outcome": 174813.36328125
                },
                "metadata": {
                    "trials": 1
                }
            }
        ],
        [
            {
                "query": {
                    "x1": 2.698122797453254,
                    "x2": 4.5
                },
                "metrics": {
                    "outcome": 63470.54636213809
                },
                "metadata": {
                    "trials": 1
                }
            }
        ],
        [
            {
                "query": {
                    "x1": 4.5,
                    "x2": 4.5
                },
                "metrics": {
                    "outcome": 174813.36328125
                },
                "metadata": {
                    "trials": 1
                }
            }
        ],
        [
            {
                "query": {
                    "x1": 4.5,
                    "x2": 4.5
                },
                "metrics": {
                    "outcome": 174813.36328125
                },
                "metadata": {
                    "trials": 1
                }
            }
        ],
        [
            {
                "query": {
                    "x1": 2.4102892654980814,
                    "x2": -0.7978576683509552
                },
                "metrics": {
                    "outcome": 10.934941150467452
                },
                "metadata": {
                    "trials": 1
                }
            }
        ],
        [
            {
                "query": {
                    "x1": 2.4102898358599822,
                    "x2": -0.7978580787700268
                },
                "metrics": {
                    "outcome": 10.934961885767054
                },
                "metadata": {
                    "trials": 1
                }
            }
        ],
        [
            {
                "query": {
                    "x1": 2.4102867916653627,
                    "x2": -0.7978587506866294
                },
                "metrics": {
                    "outcome": 10.93494716776882
                },
                "metadata": {
                    "trials": 1
                }
            }
        ],
        [
            {
                "query": {
                    "x1": 2.4102894839826625,
                    "x2": -0.7978546661235176
                },
                "metrics": {
                    "outcome": 10.934843185773474
                },
                "metadata": {
                    "trials": 1
                }
            }
        ],
        [
            {
                "query": {
                    "x1": 2.410287768600725,
                    "x2": -0.7978471461652565
                },
                "metrics": {
                    "outcome": 10.934570129671124
                },
                "metadata": {
                    "trials": 1
                }
            }
        ],
        [
            {
                "query": {
                    "x1": -4.5,
                    "x2": 4.5
                },
                "metrics": {
                    "outcome": 169680.83203125
                },
                "metadata": {
                    "trials": 1
                }
            }
        ],
        [
            {
                "query": {
                    "x1": -4.5,
                    "x2": 4.5
                },
                "metrics": {
                    "outcome": 169680.83203125
                },
                "metadata": {
                    "trials": 1
                }
            }
        ],
        [
            {
                "query": {
                    "x1": -4.5,
                    "x2": 4.5
                },
                "metrics": {
                    "outcome": 169680.83203125
                },
                "metadata": {
                    "trials": 1
                }
            }
        ],
        [
            {
                "query": {
                    "x1": -4.5,
                    "x2": 4.5
                },
                "metrics": {
                    "outcome": 169680.83203125
                },
                "metadata": {
                    "trials": 1
                }
            }
        ],
        [
            {
                "query": {
                    "x1": -4.5,
                    "x2": 4.5
                },
                "metrics": {
                    "outcome": 169680.83203125
                },
                "metadata": {
                    "trials": 1
                }
            }
        ],
        [
            {
                "query": {
                    "x1": -1.304227668352534,
                    "x2": 1.7744796397765084
                },
                "metrics": {
                    "outcome": 11.82188548134898
                },
                "metadata": {
                    "trials": 1
                }
            }
        ],
        [
            {
                "query": {
                    "x1": -1.304229641166991,
                    "x2": 1.7744815693532
                },
                "metrics": {
                    "outcome": 11.822116516535685
                },
                "metadata": {
                    "trials": 1
                }
            }
        ],
        [
            {
                "query": {
                    "x1": -1.3042238321058366,
                    "x2": 1.7744815164126695
                },
                "metrics": {
                    "outcome": 11.821923569553192
                },
                "metadata": {
                    "trials": 1
                }
            }
        ],
        [
            {
                "query": {
                    "x1": -1.3042282229771953,
                    "x2": 1.7744798155364216
                },
                "metrics": {
                    "outcome": 11.821918682750413
                },
                "metadata": {
                    "trials": 1
                }
            }
        ],
        [
            {
                "query": {
                    "x1": -1.3042276182409762,
                    "x2": 1.7744798853598382
                },
                "metrics": {
                    "outcome": 11.821905119247933
                },
                "metadata": {
                    "trials": 1
                }
            }
        ],
        [
            {
                "query": {
                    "x1": -3.637498983108337,
                    "x2": -0.22982336741454223
                },
                "metrics": {
                    "outcome": 107.89361747686948
                },
                "metadata": {
                    "trials": 1
                }
            }
        ],
        [
            {
                "query": {
                    "x1": -3.6374999444833476,
                    "x2": -0.229827405771116
                },
                "metrics": {
                    "outcome": 107.89378219217082
                },
                "metadata": {
                    "trials": 1
                }
            }
        ],
        [
            {
                "query": {
                    "x1": -3.637500698574317,
                    "x2": -0.22982928819218706
                },
                "metrics": {
                    "outcome": 107.89387067436817
                },
                "metadata": {
                    "trials": 1
                }
            }
        ],
        [
            {
                "query": {
                    "x1": -3.6375050756288405,
                    "x2": -0.22982580271137945
                },
                "metrics": {
                    "outcome": 107.89392766076614
                },
                "metadata": {
                    "trials": 1
                }
            }
        ],
        [
            {
                "query": {
                    "x1": -3.6375050200570973,
                    "x2": -0.22982856631200344
                },
                "metrics": {
                    "outcome": 107.89401309277824
                },
                "metadata": {
                    "trials": 1
                }
            }
        ],
        [
            {
                "query": {
                    "x1": -0.32906899418544766,
                    "x2": -4.5
                },
                "metrics": {
                    "outcome": 1112.7143750556131
                },
                "metadata": {
                    "trials": 1
                }
            }
        ],
        [
            {
                "query": {
                    "x1": -0.3290689573392184,
                    "x2": -4.5
                },
                "metrics": {
                    "outcome": 1112.7141442895868
                },
                "metadata": {
                    "trials": 1
                }
            }
        ],
        [
            {
                "query": {
                    "x1": -0.32906869502441716,
                    "x2": -4.5
                },
                "metrics": {
                    "outcome": 1112.71250142626
                },
                "metadata": {
                    "trials": 1
                }
            }
        ],
        [
            {
                "query": {
                    "x1": -0.3290581874913001,
                    "x2": -4.5
                },
                "metrics": {
                    "outcome": 1112.6466943238834
                },
                "metadata": {
                    "trials": 1
                }
            }
        ],
        [
            {
                "query": {
                    "x1": -0.32906967146508065,
                    "x2": -4.5
                },
                "metrics": {
                    "outcome": 1112.7186168272012
                },
                "metadata": {
                    "trials": 1
                }
            }
        ],
        [
            {
                "query": {
                    "x1": 3.0440914291330285,
                    "x2": 0.10874054205450857
                },
                "metrics": {
                    "outcome": 2.21863422470735
                },
                "metadata": {
                    "trials": 1
                }
            }
        ],
        [
            {
                "query": {
                    "x1": 3.0440955394882105,
                    "x2": 0.10873818293748408
                },
                "metrics": {
                    "outcome": 2.218672682499284
                },
                "metadata": {
                    "trials": 1
                }
            }
        ],
        [
            {
                "query": {
                    "x1": 3.0440966995661793,
                    "x2": 0.10872558792151932
                },
                "metrics": {
                    "outcome": 2.2187846841051
                },
                "metadata": {
                    "trials": 1
                }
            }
        ],
        [
            {
                "query": {
                    "x1": 3.044101159850159,
                    "x2": 0.10872931124879301
                },
                "metrics": {
                    "outcome": 2.218773140751515
                },
                "metadata": {
                    "trials": 1
                }
            }
        ],
        [
            {
                "query": {
                    "x1": 3.0440988357191716,
                    "x2": 0.10873753504115247
                },
                "metrics": {
                    "outcome": 2.2186929758493115
                },
                "metadata": {
                    "trials": 1
                }
            }
        ],
        [
            {
                "query": {
                    "x1": 0.08106881994022229,
                    "x2": -2.6244410288296764
                },
                "metrics": {
                    "outcome": 10.056228189650657
                },
                "metadata": {
                    "trials": 1
                }
            }
        ],
        [
            {
                "query": {
                    "x1": 0.08106765410593665,
                    "x2": -2.6244280581717425
                },
                "metrics": {
                    "outcome": 10.056268212852489
                },
                "metadata": {
                    "trials": 1
                }
            }
        ],
        [
            {
                "query": {
                    "x1": 0.08105907292813296,
                    "x2": -2.6244354000329473
                },
                "metrics": {
                    "outcome": 10.056409869950302
                },
                "metadata": {
                    "trials": 1
                }
            }
        ],
        [
            {
                "query": {
                    "x1": 0.08105181055301706,
                    "x2": -2.6244134130916064
                },
                "metrics": {
                    "outcome": 10.056571781205948
                },
                "metadata": {
                    "trials": 1
                }
            }
        ],
        [
            {
                "query": {
                    "x1": 0.08105214964250762,
                    "x2": -2.6244349423808497
                },
                "metrics": {
                    "outcome": 10.056533697563056
                },
                "metadata": {
                    "trials": 1
                }
            }
        ],
        [
            {
                "query": {
                    "x1": -2.520146222880804,
                    "x2": 0.9401215267858185
                },
                "metrics": {
                    "outcome": 18.500616571662732
                },
                "metadata": {
                    "trials": 1
                }
            }
        ],
        [
            {
                "query": {
                    "x1": -2.5201484105756995,
                    "x2": 0.940120290085161
                },
                "metrics": {
                    "outcome": 18.500711074525555
                },
                "metadata": {
                    "trials": 1
                }
            }
        ],
        [
            {
                "query": {
                    "x1": -2.5201480590737058,
                    "x2": 0.9401199944662413
                },
                "metrics": {
                    "outcome": 18.50073207252201
                },
                "metadata": {
                    "trials": 1
                }
            }
        ],
        [
            {
                "query": {
                    "x1": -2.5201494943267138,
                    "x2": 0.9401143633664838
                },
                "metrics": {
                    "outcome": 18.50114685529796
                },
                "metadata": {
                    "trials": 1
                }
            }
        ],
        [
            {
                "query": {
                    "x1": -2.520147559145378,
                    "x2": 0.940122890339431
                },
                "metrics": {
                    "outcome": 18.500519198754994
                },
                "metadata": {
                    "trials": 1
                }
            }
        ],
        [
            {
                "query": {
                    "x1": 1.7589208229287308,
                    "x2": 1.5901474908962538
                },
                "metrics": {
                    "outcome": 93.84895012353107
                },
                "metadata": {
                    "trials": 1
                }
            }
        ],
        [
            {
                "query": {
                    "x1": 1.7589241523331278,
                    "x2": 1.5901471804764882
                },
                "metrics": {
                    "outcome": 93.84908436236398
                },
                "metadata": {
                    "trials": 1
                }
            }
        ],
        [
            {
                "query": {
                    "x1": 1.7589252930927983,
                    "x2": 1.5901460484841086
                },
                "metrics": {
                    "outcome": 93.84884726335143
                },
                "metadata": {
                    "trials": 1
                }
            }
        ],
        [
            {
                "query": {
                    "x1": 1.7589172485089288,
                    "x2": 1.5901367684231935
                },
                "metrics": {
                    "outcome": 93.84575447637116
                },
                "metadata": {
                    "trials": 1
                }
            }
        ],
        [
            {
                "query": {
                    "x1": 1.758921874222799,
                    "x2": 1.5901510467484985
                },
                "metrics": {
                    "outcome": 93.85000105003476
                },
                "metadata": {
                    "trials": 1
                }
            }
        ],
        [
            {
                "query": {
                    "x1": -0.4202120989915999,
                    "x2": -0.6607785990186692
                },
                "metrics": {
                    "outcome": 21.040929249961557
                },
                "metadata": {
                    "trials": 1
                }
            }
        ],
        [
            {
                "query": {
                    "x1": -0.4202098484379926,
                    "x2": -0.6607752219894237
                },
                "metrics": {
                    "outcome": 21.04087946731567
                },
                "metadata": {
                    "trials": 1
                }
            }
        ],
        [
            {
                "query": {
                    "x1": -0.42020652157661614,
                    "x2": -0.6607780058720577
                },
                "metrics": {
                    "outcome": 21.040825868563253
                },
                "metadata": {
                    "trials": 1
                }
            }
        ],
        [
            {
                "query": {
                    "x1": -0.4202010572266133,
                    "x2": -0.6607680687183086
                },
                "metrics": {
                    "outcome": 21.04070052993707
                },
                "metadata": {
                    "trials": 1
                }
            }
        ],
        [
            {
                "query": {
                    "x1": -0.42020605533659905,
                    "x2": -0.6607688104400602
                },
                "metrics": {
                    "outcome": 21.04079371310587
                },
                "metadata": {
                    "trials": 1
                }
            }
        ],
        [
            {
                "query": {
                    "x1": -0.7878290195421981,
                    "x2": 3.040675192700952
                },
                "metrics": {
                    "outcome": 369.06292980112033
                },
                "metadata": {
                    "trials": 1
                }
            }
        ],
        [
            {
                "query": {
                    "x1": -4.5,
                    "x2": -0.11991186208891257
                },
                "metrics": {
                    "outcome": 138.33583287562135
                },
                "metadata": {
                    "trials": 1
                }
            }
        ],
        [
            {
                "query": {
                    "x1": -4.5,
                    "x2": -0.11991261071762647
                },
                "metrics": {
                    "outcome": 138.33586820785098
                },
                "metadata": {
                    "trials": 1
                }
            }
        ],
        [
            {
                "query": {
                    "x1": -4.5,
                    "x2": -0.11988129201253302
                },
                "metrics": {
                    "outcome": 138.33439007742612
                },
                "metadata": {
                    "trials": 1
                }
            }
        ],
        [
            {
                "query": {
                    "x1": -4.5,
                    "x2": -0.11985984965383022
                },
                "metrics": {
                    "outcome": 138.33337805740754
                },
                "metadata": {
                    "trials": 1
                }
            }
        ],
        [
            {
                "query": {
                    "x1": -0.7603306407831243,
                    "x2": -3.6119645700728205
                },
                "metrics": {
                    "outcome": 1610.55514990255
                },
                "metadata": {
                    "trials": 1
                }
            }
        ],
        [
            {
                "query": {
                    "x1": -0.7604430936229493,
                    "x2": -3.6121265301264915
                },
                "metrics": {
                    "outcome": 1611.3951908277222
                },
                "metadata": {
                    "trials": 1
                }
            }
        ],
        [
            {
                "query": {
                    "x1": -0.7603931786257243,
                    "x2": -3.612119485227785
                },
                "metrics": {
                    "outcome": 1611.1790799432458
                },
                "metadata": {
                    "trials": 1
                }
            }
        ],
        [
            {
                "query": {
                    "x1": -0.7604068238975654,
                    "x2": -3.612082940524789
                },
                "metrics": {
                    "outcome": 1611.145122217244
                },
                "metadata": {
                    "trials": 1
                }
            }
        ],
        [
            {
                "query": {
                    "x1": -0.7604615711019083,
                    "x2": -3.612078891852944
                },
                "metrics": {
                    "outcome": 1611.3536660022999
                },
                "metadata": {
                    "trials": 1
                }
            }
        ],
        [
            {
                "query": {
                    "x1": 4.5,
                    "x2": -0.7349582811113948
                },
                "metrics": {
                    "outcome": 53.22136233872903
                },
                "metadata": {
                    "trials": 1
                }
            }
        ],
        [
            {
                "query": {
                    "x1": 4.5,
                    "x2": -0.7349807579839519
                },
                "metrics": {
                    "outcome": 53.22389237657087
                },
                "metadata": {
                    "trials": 1
                }
            }
        ],
        [
            {
                "query": {
                    "x1": 4.5,
                    "x2": -0.7350041691371744
                },
                "metrics": {
                    "outcome": 53.22652778445736
                },
                "metadata": {
                    "trials": 1
                }
            }
        ],
        [
            {
                "query": {
                    "x1": 4.5,
                    "x2": -0.7349942304831061
                },
                "metrics": {
                    "outcome": 53.22540895842908
                },
                "metadata": {
                    "trials": 1
                }
            }
        ],
        [
            {
                "query": {
                    "x1": 4.5,
                    "x2": -0.7349556211813795
                },
                "metrics": {
                    "outcome": 53.221062944948656
                },
                "metadata": {
                    "trials": 1
                }
            }
        ],
        [
            {
                "query": {
                    "x1": 3.7238315541986013,
                    "x2": -0.7168559414860217
                },
                "metrics": {
                    "outcome": 30.241559104573128
                },
                "metadata": {
                    "trials": 1
                }
            }
        ],
        [
            {
                "query": {
                    "x1": 3.7238146727676793,
                    "x2": -0.7168489094634547
                },
                "metrics": {
                    "outcome": 30.240679778387722
                },
                "metadata": {
                    "trials": 1
                }
            }
        ],
        [
            {
                "query": {
                    "x1": 3.7238029275736557,
                    "x2": -0.7168421053192168
                },
                "metrics": {
                    "outcome": 30.239935142155133
                },
                "metadata": {
                    "trials": 1
                }
            }
        ],
        [
            {
                "query": {
                    "x1": 3.7238016811881822,
                    "x2": -0.7168297097332874
                },
                "metrics": {
                    "outcome": 30.239044811060353
                },
                "metadata": {
                    "trials": 1
                }
            }
        ],
        [
            {
                "query": {
                    "x1": 3.723805003043179,
                    "x2": -0.716836181571587
                },
                "metrics": {
                    "outcome": 30.239571451464656
                },
                "metadata": {
                    "trials": 1
                }
            }
        ],
        [
            {
                "query": {
                    "x1": 0.9863232898836984,
                    "x2": -1.5005916912429795
                },
                "metrics": {
                    "outcome": 15.946727960294812
                },
                "metadata": {
                    "trials": 1
                }
            }
        ],
        [
            {
                "query": {
                    "x1": 0.9865237023700287,
                    "x2": -1.5005686796258813
                },
                "metrics": {
                    "outcome": 15.95138097694622
                },
                "metadata": {
                    "trials": 1
                }
            }
        ],
        [
            {
                "query": {
                    "x1": 0.9863298007575386,
                    "x2": -1.5004899005927301
                },
                "metrics": {
                    "outcome": 15.94232157355543
                },
                "metadata": {
                    "trials": 1
                }
            }
        ],
        [
            {
                "query": {
                    "x1": 0.9865053659002395,
                    "x2": -1.5006526268478626
                },
                "metrics": {
                    "outcome": 15.954649229834388
                },
                "metadata": {
                    "trials": 1
                }
            }
        ],
        [
            {
                "query": {
                    "x1": 0.9864207353892074,
                    "x2": -1.5006512419147382
                },
                "metrics": {
                    "outcome": 15.952182480363295
                },
                "metadata": {
                    "trials": 1
                }
            }
        ],
        [
            {
                "query": {
                    "x1": -4.5,
                    "x2": -0.9304240205110894
                },
                "metrics": {
                    "outcome": 227.47373005170715
                },
                "metadata": {
                    "trials": 1
                }
            }
        ],
        [
            {
                "query": {
                    "x1": -4.5,
                    "x2": -0.9304290099274437
                },
                "metrics": {
                    "outcome": 227.47520260798998
                },
                "metadata": {
                    "trials": 1
                }
            }
        ],
        [
            {
                "query": {
                    "x1": -4.5,
                    "x2": -0.9304893491093278
                },
                "metrics": {
                    "outcome": 227.4930127294988
                },
                "metadata": {
                    "trials": 1
                }
            }
        ],
        [
            {
                "query": {
                    "x1": -4.5,
                    "x2": -0.9304121272181053
                },
                "metrics": {
                    "outcome": 227.4702200076665
                },
                "metadata": {
                    "trials": 1
                }
            }
        ],
        [
            {
                "query": {
                    "x1": -4.5,
                    "x2": -0.9304388807410059
                },
                "metrics": {
                    "outcome": 227.47811590935285
                },
                "metadata": {
                    "trials": 1
                }
            }
        ],
        [
            {
                "query": {
                    "x1": -1.3034258842969602,
                    "x2": -1.3228325772024725
                },
                "metrics": {
                    "outcome": 70.36040112372092
                },
                "metadata": {
                    "trials": 1
                }
            }
        ],
        [
            {
                "query": {
                    "x1": -1.3025015992632971,
                    "x2": -1.3223008233840443
                },
                "metrics": {
                    "outcome": 70.24812633679932
                },
                "metadata": {
                    "trials": 1
                }
            }
        ],
        [
            {
                "query": {
                    "x1": -1.3036123090926734,
                    "x2": -1.322315309401897
                },
                "metrics": {
                    "outcome": 70.32184097038662
                },
                "metadata": {
                    "trials": 1
                }
            }
        ],
        [
            {
                "query": {
                    "x1": -1.3032430007834324,
                    "x2": -1.321993633869067
                },
                "metrics": {
                    "outcome": 70.2663124610651
                },
                "metadata": {
                    "trials": 1
                }
            }
        ],
        [
            {
                "query": {
                    "x1": -1.3026832049110955,
                    "x2": -1.3223999577150007
                },
                "metrics": {
                    "outcome": 70.26964490223709
                },
                "metadata": {
                    "trials": 1
                }
            }
        ],
        [
            {
                "query": {
                    "x1": 2.553744056899036,
                    "x2": 1.1562808029001699
                },
                "metrics": {
                    "outcome": 29.435957179374086
                },
                "metadata": {
                    "trials": 1
                }
            }
        ],
        [
            {
                "query": {
                    "x1": 2.553683834347619,
                    "x2": 1.1563536793152556
                },
                "metrics": {
                    "outcome": 29.444916590685267
                },
                "metadata": {
                    "trials": 1
                }
            }
        ],
        [
            {
                "query": {
                    "x1": 2.5534820049693705,
                    "x2": 1.156357078262222
                },
                "metrics": {
                    "outcome": 29.443924777208352
                },
                "metadata": {
                    "trials": 1
                }
            }
        ],
        [
            {
                "query": {
                    "x1": 2.5530430091886562,
                    "x2": 1.1575310224079394
                },
                "metrics": {
                    "outcome": 29.592300420106163
                },
                "metadata": {
                    "trials": 1
                }
            }
        ],
        [
            {
                "query": {
                    "x1": 2.552799827370096,
                    "x2": 1.1575630965068429
                },
                "metrics": {
                    "outcome": 29.594706366228575
                },
                "metadata": {
                    "trials": 1
                }
            }
        ],
        [
            {
                "query": {
                    "x1": 0.05550633520997268,
                    "x2": 3.7703290166673717
                },
                "metrics": {
                    "outcome": 42.37735683311484
                },
                "metadata": {
                    "trials": 1
                }
            }
        ],
        [
            {
                "query": {
                    "x1": -3.532191143465627,
                    "x2": 0.6722708757458165
                },
                "metrics": {
                    "outcome": 50.43102592434508
                },
                "metadata": {
                    "trials": 1
                }
            }
        ],
        [
            {
                "query": {
                    "x1": 0.058214292633327905,
                    "x2": 3.77285036902981
                },
                "metrics": {
                    "outcome": 44.29517715474682
                },
                "metadata": {
                    "trials": 1
                }
            }
        ],
        [
            {
                "query": {
                    "x1": -2.9154366904702935,
                    "x2": -1.5230983853416853
                },
                "metrics": {
                    "outcome": 331.9379752253709
                },
                "metadata": {
                    "trials": 1
                }
            }
        ],
        [
            {
                "query": {
                    "x1": 0.057818449206368375,
                    "x2": 3.772861689419283
                },
                "metrics": {
                    "outcome": 44.02314847137349
                },
                "metadata": {
                    "trials": 1
                }
            }
        ],
        [
            {
                "query": {
                    "x1": -2.0741352043179244,
                    "x2": 1.9318975960861713
                },
                "metrics": {
                    "outcome": 117.04819791002423
                },
                "metadata": {
                    "trials": 1
                }
            }
        ],
        [
            {
                "query": {
                    "x1": -2.076470143958973,
                    "x2": 1.9295179330583936
                },
                "metrics": {
                    "outcome": 116.12482285179915
                },
                "metadata": {
                    "trials": 1
                }
            }
        ],
        [
            {
                "query": {
                    "x1": -2.075871607871947,
                    "x2": 1.9296627306145449
                },
                "metrics": {
                    "outcome": 116.11438290222318
                },
                "metadata": {
                    "trials": 1
                }
            }
        ],
        [
            {
                "query": {
                    "x1": -2.073238326787525,
                    "x2": 1.9332304323578868
                },
                "metrics": {
                    "outcome": 117.62764815508753
                },
                "metadata": {
                    "trials": 1
                }
            }
        ],
        [
            {
                "query": {
                    "x1": -2.078092616280345,
                    "x2": 1.9273982130812646
                },
                "metrics": {
                    "outcome": 115.23934097549984
                },
                "metadata": {
                    "trials": 1
                }
            }
        ],
        [
            {
                "query": {
                    "x1": 0.3468084892212062,
                    "x2": -3.7624490480813026
                },
                "metrics": {
                    "outcome": 308.65726167715457
                },
                "metadata": {
                    "trials": 1
                }
            }
        ],
        [
            {
                "query": {
                    "x1": 0.35059979472724356,
                    "x2": -3.757280406539531
                },
                "metrics": {
                    "outcome": 313.3479533718263
                },
                "metadata": {
                    "trials": 1
                }
            }
        ],
        [
            {
                "query": {
                    "x1": 0.349990888791233,
                    "x2": -3.7496072562591203
                },
                "metrics": {
                    "outcome": 308.20331045255483
                },
                "metadata": {
                    "trials": 1
                }
            }
        ],
        [
            {
                "query": {
                    "x1": 0.34951241098389274,
                    "x2": -3.7556515981697385
                },
                "metrics": {
                    "outcome": 310.39425944368713
                },
                "metadata": {
                    "trials": 1
                }
            }
        ],
        [
            {
                "query": {
                    "x1": 0.3383983967957242,
                    "x2": -3.7571938634913775
                },
                "metrics": {
                    "outcome": 290.0328388547489
                },
                "metadata": {
                    "trials": 1
                }
            }
        ],
        [
            {
                "query": {
                    "x1": 4.460256282219881,
                    "x2": 0.021151248500580883
                },
                "metrics": {
                    "outcome": 16.45790299373523
                },
                "metadata": {
                    "trials": 1
                }
            }
        ],
        [
            {
                "query": {
                    "x1": 4.458540011380568,
                    "x2": 0.029547533247403432
                },
                "metrics": {
                    "outcome": 16.212722361656525
                },
                "metadata": {
                    "trials": 1
                }
            }
        ],
        [
            {
                "query": {
                    "x1": 4.452963931840447,
                    "x2": 0.029146686879961834
                },
                "metrics": {
                    "outcome": 16.1477620286248
                },
                "metadata": {
                    "trials": 1
                }
            }
        ],
        [
            {
                "query": {
                    "x1": 4.459424182950618,
                    "x2": 0.027596642135264474
                },
                "metrics": {
                    "outcome": 16.276260423949154
                },
                "metadata": {
                    "trials": 1
                }
            }
        ],
        [
            {
                "query": {
                    "x1": 4.461583054312513,
                    "x2": 0.02297228291420433
                },
                "metrics": {
                    "outcome": 16.427926861284508
                },
                "metadata": {
                    "trials": 1
                }
            }
        ],
        [
            {
                "query": {
                    "x1": -0.053480675311133576,
                    "x2": 0.4567085402554311
                },
                "metrics": {
                    "outcome": 14.739760200263108
                },
                "metadata": {
                    "trials": 1
                }
            }
        ],
        [
            {
                "query": {
                    "x1": -0.07187037625251715,
                    "x2": 0.45505964585775893
                },
                "metrics": {
                    "outcome": 14.927846571169852
                },
                "metadata": {
                    "trials": 1
                }
            }
        ],
        [
            {
                "query": {
                    "x1": -0.08661348679114016,
                    "x2": 0.4532957474593882
                },
                "metrics": {
                    "outcome": 15.080369368271231
                },
                "metadata": {
                    "trials": 1
                }
            }
        ],
        [
            {
                "query": {
                    "x1": -0.12465785945537582,
                    "x2": 0.5030160422675805
                },
                "metrics": {
                    "outcome": 15.403509359197283
                },
                "metadata": {
                    "trials": 1
                }
            }
        ],
        [
            {
                "query": {
                    "x1": -0.12309609603007693,
                    "x2": 0.4613249790982666
                },
                "metrics": {
                    "outcome": 15.447010608135216
                },
                "metadata": {
                    "trials": 1
                }
            }
        ],
        [
            {
                "query": {
                    "x1": 1.5533097001267617,
                    "x2": -2.083887455676972
                },
                "metrics": {
                    "outcome": 234.81841589762894
                },
                "metadata": {
                    "trials": 1
                }
            }
        ],
        [
            {
                "query": {
                    "x1": 1.877494472802328,
                    "x2": -1.851164489684171
                },
                "metrics": {
                    "outcome": 185.77445275980475
                },
                "metadata": {
                    "trials": 1
                }
            }
        ],
        [
            {
                "query": {
                    "x1": 1.7508766078465121,
                    "x2": -1.9348256710889027
                },
                "metrics": {
                    "outcome": 202.41367944925653
                },
                "metadata": {
                    "trials": 1
                }
            }
        ],
        [
            {
                "query": {
                    "x1": 1.77063066442971,
                    "x2": -1.906209632925745
                },
                "metrics": {
                    "outcome": 191.2690100100359
                },
                "metadata": {
                    "trials": 1
                }
            }
        ],
        [
            {
                "query": {
                    "x1": 1.9014175329450538,
                    "x2": -1.8123659602591622
                },
                "metrics": {
                    "outcome": 170.55224195383903
                },
                "metadata": {
                    "trials": 1
                }
            }
        ],
        [
            {
                "query": {
                    "x1": 1.077153422279838,
                    "x2": -0.37144367916089316
                },
                "metrics": {
                    "outcome": 3.974766008542802
                },
                "metadata": {
                    "trials": 1
                }
            }
        ],
        [
            {
                "query": {
                    "x1": 1.1186215286662642,
                    "x2": 2.2890773095585852
                },
                "metrics": {
                    "outcome": 280.27041817924817
                },
                "metadata": {
                    "trials": 1
                }
            }
        ],
        [
            {
                "query": {
                    "x1": 1.341374406087134,
                    "x2": 2.3740334574955253
                },
                "metrics": {
                    "outcome": 452.7410672631547
                },
                "metadata": {
                    "trials": 1
                }
            }
        ],
        [
            {
                "query": {
                    "x1": 1.218982238734923,
                    "x2": 2.447079123787847
                },
                "metrics": {
                    "outcome": 451.3255308881505
                },
                "metadata": {
                    "trials": 1
                }
            }
        ],
        [
            {
                "query": {
                    "x1": 1.3770362953805861,
                    "x2": 2.42741349922854
                },
                "metrics": {
                    "outcome": 531.4222317642196
                },
                "metadata": {
                    "trials": 1
                }
            }
        ],
        [
            {
                "query": {
                    "x1": -0.25862362068081607,
                    "x2": -1.7593041563758582
                },
                "metrics": {
                    "outcome": 26.23836766137104
                },
                "metadata": {
                    "trials": 1
                }
            }
        ],
        [
            {
                "query": {
                    "x1": -0.14757786303961107,
                    "x2": -1.7476967490084327
                },
                "metrics": {
                    "outcome": 20.097330129653272
                },
                "metadata": {
                    "trials": 1
                }
            }
        ],
        [
            {
                "query": {
                    "x1": -0.1918599952850041,
                    "x2": -1.8023167462384289
                },
                "metrics": {
                    "outcome": 22.983945889522115
                },
                "metadata": {
                    "trials": 1
                }
            }
        ],
        [
            {
                "query": {
                    "x1": -0.25028770724803145,
                    "x2": -1.7588647250706293
                },
                "metrics": {
                    "outcome": 25.730934118747154
                },
                "metadata": {
                    "trials": 1
                }
            }
        ],
        [
            {
                "query": {
                    "x1": -0.3186463836035305,
                    "x2": -1.8864965703639704
                },
                "metrics": {
                    "outcome": 33.750057999689474
                },
                "metadata": {
                    "trials": 1
                }
            }
        ]
    ]
}