{
    "date": "26/10/2022 19:14:25",
    "basic_params": {
        "active_variables": [
            "x"
        ],
        "default_query": {},
        "metric": "basic",
        "n_trials": 1
    },
    "objective_function": {
        "name": "Forrester",
        "params": {}
    },
    "optimizer": {
        "name": "BBO-LP",
        "params": {
            "lower_bound": [
                0.0
            ],
            "upper_bound": [
                1.0
            ],
            "invert_metric": false,
            "bopt_params": {
                "n_init_samples": 15,
                "n_iterations": 45,
                "verbose_level": 1,
                "n_parallel_samples": 3,
                "par_type": "PAR_BBO",
                "crit_name": "cLP(cLCB)",
                "n_crit_params": 4,
                "crit_params": [
                    3,
                    1,
                    1.0
                ]
            }
        }
    },
    "iterations": [
        [
            {
                "query": {
                    "x": 0.5358914856798946
                },
                "metrics": {
                    "outcome": 0.9638080108845681
                },
                "metadata": {
                    "trials": 1
                }
            }
        ],
        [
            {
                "query": {
                    "x": 0.38008177834562956
                },
                "metrics": {
                    "outcome": 0.0418564764706008
                },
                "metadata": {
                    "trials": 1
                }
            }
        ],
        [
            {
                "query": {
                    "x": 0.8863898711744695
                },
                "metrics": {
                    "outcome": 3.8118856744816405
                },
                "metadata": {
                    "trials": 1
                }
            }
        ],
        [
            {
                "query": {
                    "x": 0.9622186411948254
                },
                "metrics": {
                    "outcome": 13.570641432108332
                },
                "metadata": {
                    "trials": 1
                }
            }
        ],
        [
            {
                "query": {
                    "x": 0.298707008936132
                },
                "metrics": {
                    "outcome": -0.01742340903052018
                },
                "metadata": {
                    "trials": 1
                }
            }
        ],
        [
            {
                "query": {
                    "x": 0.625445429297785
                },
                "metrics": {
                    "outcome": -1.092918115595122
                },
                "metadata": {
                    "trials": 1
                }
            }
        ],
        [
            {
                "query": {
                    "x": 0.18314309945950905
                },
                "metrics": {
                    "outcome": -0.790395405078804
                },
                "metadata": {
                    "trials": 1
                }
            }
        ],
        [
            {
                "query": {
                    "x": 0.09535416260672112
                },
                "metrics": {
                    "outcome": -0.5748798505676553
                },
                "metadata": {
                    "trials": 1
                }
            }
        ],
        [
            {
                "query": {
                    "x": 0.01604116306019326
                },
                "metrics": {
                    "outcome": 2.2389963955190444
                },
                "metadata": {
                    "trials": 1
                }
            }
        ],
        [
            {
                "query": {
                    "x": 0.8149423162918538
                },
                "metrics": {
                    "outcome": -4.031634880684322
                },
                "metadata": {
                    "trials": 1
                }
            }
        ],
        [
            {
                "query": {
                    "x": 0.23752590976655483
                },
                "metrics": {
                    "outcome": -0.301577435095217
                },
                "metadata": {
                    "trials": 1
                }
            }
        ],
        [
            {
                "query": {
                    "x": 0.41374174449592827
                },
                "metrics": {
                    "outcome": 0.19132570332837892
                },
                "metadata": {
                    "trials": 1
                }
            }
        ],
        [
            {
                "query": {
                    "x": 0.7687442830453316
                },
                "metrics": {
                    "outcome": -5.947971152950357
                },
                "metadata": {
                    "trials": 1
                }
            }
        ],
        [
            {
                "query": {
                    "x": 0.48097465935473643
                },
                "metrics": {
                    "outcome": 0.7689437572081657
                },
                "metadata": {
                    "trials": 1
                }
            }
        ],
        [
            {
                "query": {
                    "x": 0.6791587425085406
                },
                "metrics": {
                    "outcome": -3.642103338951361
                },
                "metadata": {
                    "trials": 1
                }
            }
        ],
        [
            {
                "query": {
                    "x": 0.7575055845492111
                },
                "metrics": {
                    "outcome": -6.020704807131973
                },
                "metadata": {
                    "trials": 1
                }
            },
            {
                "query": {
                    "x": 0.749479998052131
                },
                "metrics": {
                    "outcome": -5.98924558447421
                },
                "metadata": {
                    "trials": 1
                }
            },
            {
                "query": {
                    "x": 0.7654155817010606
                },
                "metrics": {
                    "outcome": -5.984322363068491
                },
                "metadata": {
                    "trials": 1
                }
            }
        ],
        [
            {
                "query": {
                    "x": 0.7561480992612085
                },
                "metrics": {
                    "outcome": -6.020095174464431
                },
                "metadata": {
                    "trials": 1
                }
            },
            {
                "query": {
                    "x": 0.7573504852350462
                },
                "metrics": {
                    "outcome": -6.020734528044817
                },
                "metadata": {
                    "trials": 1
                }
            },
            {
                "query": {
                    "x": 0.7550035213324431
                },
                "metrics": {
                    "outcome": -6.018065467347706
                },
                "metadata": {
                    "trials": 1
                }
            }
        ],
        [
            {
                "query": {
                    "x": 0.7575220708769941
                },
                "metrics": {
                    "outcome": -6.020700134623862
                },
                "metadata": {
                    "trials": 1
                }
            },
            {
                "query": {
                    "x": 0.7567912947848213
                },
                "metrics": {
                    "outcome": -6.020628449351568
                },
                "metadata": {
                    "trials": 1
                }
            },
            {
                "query": {
                    "x": 0.7582472135084518
                },
                "metrics": {
                    "outcome": -6.02020619128328
                },
                "metadata": {
                    "trials": 1
                }
            }
        ],
        [
            {
                "query": {
                    "x": 0.7573075901366644
                },
                "metrics": {
                    "outcome": -6.020738207141636
                },
                "metadata": {
                    "trials": 1
                }
            },
            {
                "query": {
                    "x": 0.7578938101555175
                },
                "metrics": {
                    "outcome": -6.020517453345744
                },
                "metadata": {
                    "trials": 1
                }
            },
            {
                "query": {
                    "x": 0.7567234697889044
                },
                "metrics": {
                    "outcome": -6.02059293032536
                },
                "metadata": {
                    "trials": 1
                }
            }
        ],
        [
            {
                "query": {
                    "x": 0.7572743226708863
                },
                "metrics": {
                    "outcome": -6.020739706737702
                },
                "metadata": {
                    "trials": 1
                }
            },
            {
                "query": {
                    "x": 0.7578101342912714
                },
                "metrics": {
                    "outcome": -6.0205714992624255
                },
                "metadata": {
                    "trials": 1
                }
            },
            {
                "query": {
                    "x": 0.7567415753441908
                },
                "metrics": {
                    "outcome": -6.020602890618703
                },
                "metadata": {
                    "trials": 1
                }
            }
        ],
        [
            {
                "query": {
                    "x": 0.7572604178621821
                },
                "metrics": {
                    "outcome": -6.0207399831635735
                },
                "metadata": {
                    "trials": 1
                }
            },
            {
                "query": {
                    "x": 0.7577635291120528
                },
                "metrics": {
                    "outcome": -6.020598343187933
                },
                "metadata": {
                    "trials": 1
                }
            },
            {
                "query": {
                    "x": 0.7567607007459383
                },
                "metrics": {
                    "outcome": -6.020613033366242
                },
                "metadata": {
                    "trials": 1
                }
            }
        ],
        [
            {
                "query": {
                    "x": 0.7572531971782308
                },
                "metrics": {
                    "outcome": -6.020740045242953
                },
                "metadata": {
                    "trials": 1
                }
            },
            {
                "query": {
                    "x": 0.7577322746702159
                },
                "metrics": {
                    "outcome": -6.020615040077361
                },
                "metadata": {
                    "trials": 1
                }
            },
            {
                "query": {
                    "x": 0.7567776363316873
                },
                "metrics": {
                    "outcome": -6.020621690035802
                },
                "metadata": {
                    "trials": 1
                }
            }
        ],
        [
            {
                "query": {
                    "x": 0.7572490054588049
                },
                "metrics": {
                    "outcome": -6.020740055734341
                },
                "metadata": {
                    "trials": 1
                }
            },
            {
                "query": {
                    "x": 0.7577092202923487
                },
                "metrics": {
                    "outcome": -6.020626684920192
                },
                "metadata": {
                    "trials": 1
                }
            },
            {
                "query": {
                    "x": 0.7567923360537594
                },
                "metrics": {
                    "outcome": -6.020628956515012
                },
                "metadata": {
                    "trials": 1
                }
            }
        ],
        [
            {
                "query": {
                    "x": 0.7572463931779402
                },
                "metrics": {
                    "outcome": -6.0207400527811465
                },
                "metadata": {
                    "trials": 1
                }
            },
            {
                "query": {
                    "x": 0.757691176140921
                },
                "metrics": {
                    "outcome": -6.020635401511337
                },
                "metadata": {
                    "trials": 1
                }
            },
            {
                "query": {
                    "x": 0.7568051387973805
                },
                "metrics": {
                    "outcome": -6.020635097975952
                },
                "metadata": {
                    "trials": 1
                }
            }
        ],
        [
            {
                "query": {
                    "x": 0.7572446990694461
                },
                "metrics": {
                    "outcome": -6.0207400469701975
                },
                "metadata": {
                    "trials": 1
                }
            },
            {
                "query": {
                    "x": 0.7576764849844675
                },
                "metrics": {
                    "outcome": -6.020642240587441
                },
                "metadata": {
                    "trials": 1
                }
            },
            {
                "query": {
                    "x": 0.7568164039137284
                },
                "metrics": {
                    "outcome": -6.020640357607429
                },
                "metadata": {
                    "trials": 1
                }
            }
        ],
        [
            {
                "query": {
                    "x": 0.7572435838664722
                },
                "metrics": {
                    "outcome": -6.020740041471993
                },
                "metadata": {
                    "trials": 1
                }
            },
            {
                "query": {
                    "x": 0.7576641840777235
                },
                "metrics": {
                    "outcome": -6.020647788995594
                },
                "metadata": {
                    "trials": 1
                }
            },
            {
                "query": {
                    "x": 0.7568264223797792
                },
                "metrics": {
                    "outcome": -6.02064492174114
                },
                "metadata": {
                    "trials": 1
                }
            }
        ],
        [
            {
                "query": {
                    "x": 0.7572427833680423
                },
                "metrics": {
                    "outcome": -6.020740036706485
                },
                "metadata": {
                    "trials": 1
                }
            },
            {
                "query": {
                    "x": 0.7576535977659081
                },
                "metrics": {
                    "outcome": -6.020652434180906
                },
                "metadata": {
                    "trials": 1
                }
            },
            {
                "query": {
                    "x": 0.7568353569319323
                },
                "metrics": {
                    "outcome": -6.0206489019752185
                },
                "metadata": {
                    "trials": 1
                }
            }
        ],
        [
            {
                "query": {
                    "x": 0.7572422252200536
                },
                "metrics": {
                    "outcome": -6.020740032978805
                },
                "metadata": {
                    "trials": 1
                }
            },
            {
                "query": {
                    "x": 0.7576443569794868
                },
                "metrics": {
                    "outcome": -6.0206563907838895
                },
                "metadata": {
                    "trials": 1
                }
            },
            {
                "query": {
                    "x": 0.7568434169921715
                },
                "metrics": {
                    "outcome": -6.020652419746713
                },
                "metadata": {
                    "trials": 1
                }
            }
        ],
        [
            {
                "query": {
                    "x": 0.7572418528008101
                },
                "metrics": {
                    "outcome": -6.020740030306488
                },
                "metadata": {
                    "trials": 1
                }
            },
            {
                "query": {
                    "x": 0.7576362072440023
                },
                "metrics": {
                    "outcome": -6.0206598042957244
                },
                "metadata": {
                    "trials": 1
                }
            },
            {
                "query": {
                    "x": 0.7568507589869522
                },
                "metrics": {
                    "outcome": -6.020655563946133
                },
                "metadata": {
                    "trials": 1
                }
            }
        ],
        [
            {
                "query": {
                    "x": 0.7572416147267815
                },
                "metrics": {
                    "outcome": -6.020740028520563
                },
                "metadata": {
                    "trials": 1
                }
            },
            {
                "query": {
                    "x": 0.7576289322065682
                },
                "metrics": {
                    "outcome": -6.02066279131911
                },
                "metadata": {
                    "trials": 1
                }
            },
            {
                "query": {
                    "x": 0.7568575069419055
                },
                "metrics": {
                    "outcome": -6.020658403149925
                },
                "metadata": {
                    "trials": 1
                }
            }
        ],
        [
            {
                "query": {
                    "x": 0.7572414422868033
                },
                "metrics": {
                    "outcome": -6.0207400271891975
                },
                "metadata": {
                    "trials": 1
                }
            },
            {
                "query": {
                    "x": 0.7576223442167962
                },
                "metrics": {
                    "outcome": -6.020665447322408
                },
                "metadata": {
                    "trials": 1
                }
            },
            {
                "query": {
                    "x": 0.7568636906084802
                },
                "metrics": {
                    "outcome": -6.020660962371006
                },
                "metadata": {
                    "trials": 1
                }
            }
        ],
        [
            {
                "query": {
                    "x": 0.757241334936422
                },
                "metrics": {
                    "outcome": -6.020740026344334
                },
                "metadata": {
                    "trials": 1
                }
            },
            {
                "query": {
                    "x": 0.7576163511254309
                },
                "metrics": {
                    "outcome": -6.020667823095487
                },
                "metadata": {
                    "trials": 1
                }
            },
            {
                "query": {
                    "x": 0.7568694140307469
                },
                "metrics": {
                    "outcome": -6.020663294839936
                },
                "metadata": {
                    "trials": 1
                }
            }
        ],
        [
            {
                "query": {
                    "x": 0.757241268183542
                },
                "metrics": {
                    "outcome": -6.020740025812773
                },
                "metadata": {
                    "trials": 1
                }
            },
            {
                "query": {
                    "x": 0.7576328193582675
                },
                "metrics": {
                    "outcome": -6.020661202367212
                },
                "metadata": {
                    "trials": 1
                }
            },
            {
                "query": {
                    "x": 0.756874724676576
                },
                "metrics": {
                    "outcome": -6.020665427900112
                },
                "metadata": {
                    "trials": 1
                }
            }
        ],
        [
            {
                "query": {
                    "x": 0.7572407780484265
                },
                "metrics": {
                    "outcome": -6.0207400217640235
                },
                "metadata": {
                    "trials": 1
                }
            },
            {
                "query": {
                    "x": 0.757605340363319
                },
                "metrics": {
                    "outcome": -6.0206720876758055
                },
                "metadata": {
                    "trials": 1
                }
            },
            {
                "query": {
                    "x": 0.7568792269177705
                },
                "metrics": {
                    "outcome": -6.020667212742002
                },
                "metadata": {
                    "trials": 1
                }
            }
        ],
        [
            {
                "query": {
                    "x": 0.7572408257044452
                },
                "metrics": {
                    "outcome": -6.020740022168944
                },
                "metadata": {
                    "trials": 1
                }
            },
            {
                "query": {
                    "x": 0.7576006928131367
                },
                "metrics": {
                    "outcome": -6.020673848739548
                },
                "metadata": {
                    "trials": 1
                }
            },
            {
                "query": {
                    "x": 0.7568839111027265
                },
                "metrics": {
                    "outcome": -6.020669046806697
                },
                "metadata": {
                    "trials": 1
                }
            }
        ],
        [
            {
                "query": {
                    "x": 0.75724087954696
                },
                "metrics": {
                    "outcome": -6.020740022623513
                },
                "metadata": {
                    "trials": 1
                }
            },
            {
                "query": {
                    "x": 0.7575996392905167
                },
                "metrics": {
                    "outcome": -6.020674244726524
                },
                "metadata": {
                    "trials": 1
                }
            },
            {
                "query": {
                    "x": 0.7568883021601982
                },
                "metrics": {
                    "outcome": -6.0206707448856305
                },
                "metadata": {
                    "trials": 1
                }
            }
        ],
        [
            {
                "query": {
                    "x": 0.7572409157015104
                },
                "metrics": {
                    "outcome": -6.020740022927011
                },
                "metadata": {
                    "trials": 1
                }
            },
            {
                "query": {
                    "x": 0.7575954172406157
                },
                "metrics": {
                    "outcome": -6.020675819736401
                },
                "metadata": {
                    "trials": 1
                }
            },
            {
                "query": {
                    "x": 0.7568924067804523
                },
                "metrics": {
                    "outcome": -6.020672313631588
                },
                "metadata": {
                    "trials": 1
                }
            }
        ],
        [
            {
                "query": {
                    "x": 0.7572409112740283
                },
                "metrics": {
                    "outcome": -6.02074002288992
                },
                "metadata": {
                    "trials": 1
                }
            },
            {
                "query": {
                    "x": 0.757588406197332
                },
                "metrics": {
                    "outcome": -6.02067839298338
                },
                "metadata": {
                    "trials": 1
                }
            },
            {
                "query": {
                    "x": 0.756896229418073
                },
                "metrics": {
                    "outcome": -6.020673758474022
                },
                "metadata": {
                    "trials": 1
                }
            }
        ],
        [
            {
                "query": {
                    "x": 0.7572410062520303
                },
                "metrics": {
                    "outcome": -6.020740023681012
                },
                "metadata": {
                    "trials": 1
                }
            },
            {
                "query": {
                    "x": 0.7575849090463711
                },
                "metrics": {
                    "outcome": -6.020679656853605
                },
                "metadata": {
                    "trials": 1
                }
            },
            {
                "query": {
                    "x": 0.756899939113231
                },
                "metrics": {
                    "outcome": -6.0206751457511904
                },
                "metadata": {
                    "trials": 1
                }
            }
        ],
        [
            {
                "query": {
                    "x": 0.7572410952301605
                },
                "metrics": {
                    "outcome": -6.020740024413388
                },
                "metadata": {
                    "trials": 1
                }
            },
            {
                "query": {
                    "x": 0.7575998218500182
                },
                "metrics": {
                    "outcome": -6.020674176193146
                },
                "metadata": {
                    "trials": 1
                }
            },
            {
                "query": {
                    "x": 0.7569034487918438
                },
                "metrics": {
                    "outcome": -6.020676444740231
                },
                "metadata": {
                    "trials": 1
                }
            }
        ],
        [
            {
                "query": {
                    "x": 0.7572408709132752
                },
                "metrics": {
                    "outcome": -6.020740022550831
                },
                "metadata": {
                    "trials": 1
                }
            },
            {
                "query": {
                    "x": 0.7575780656252518
                },
                "metrics": {
                    "outcome": -6.020682092169064
                },
                "metadata": {
                    "trials": 1
                }
            },
            {
                "query": {
                    "x": 0.7569064642319419
                },
                "metrics": {
                    "outcome": -6.020677550327565
                },
                "metadata": {
                    "trials": 1
                }
            }
        ],
        [
            {
                "query": {
                    "x": 0.757241000258405
                },
                "metrics": {
                    "outcome": -6.020740023631374
                },
                "metadata": {
                    "trials": 1
                }
            },
            {
                "query": {
                    "x": 0.7569096829050176
                },
                "metrics": {
                    "outcome": -6.020678719745
                },
                "metadata": {
                    "trials": 1
                }
            },
            {
                "query": {
                    "x": 0.7575749794270985
                },
                "metrics": {
                    "outcome": -6.020683174020031
                },
                "metadata": {
                    "trials": 1
                }
            }
        ],
        [
            {
                "query": {
                    "x": 0.7572411179880861
                },
                "metrics": {
                    "outcome": -6.02074002459935
                },
                "metadata": {
                    "trials": 1
                }
            },
            {
                "query": {
                    "x": 0.7575721139860445
                },
                "metrics": {
                    "outcome": -6.02068416935345
                },
                "metadata": {
                    "trials": 1
                }
            },
            {
                "query": {
                    "x": 0.7569127272778153
                },
                "metrics": {
                    "outcome": -6.020679815682877
                },
                "metadata": {
                    "trials": 1
                }
            }
        ],
        [
            {
                "query": {
                    "x": 0.757241234519957
                },
                "metrics": {
                    "outcome": -6.020740025542901
                },
                "metadata": {
                    "trials": 1
                }
            },
            {
                "query": {
                    "x": 0.757569393982544
                },
                "metrics": {
                    "outcome": -6.020685106032804
                },
                "metadata": {
                    "trials": 1
                }
            },
            {
                "query": {
                    "x": 0.7569156591732241
                },
                "metrics": {
                    "outcome": -6.020680861800478
                },
                "metadata": {
                    "trials": 1
                }
            }
        ],
        [
            {
                "query": {
                    "x": 0.7572413253234157
                },
                "metrics": {
                    "outcome": -6.020740026268078
                },
                "metadata": {
                    "trials": 1
                }
            },
            {
                "query": {
                    "x": 0.7575772253534767
                },
                "metrics": {
                    "outcome": -6.020682387732618
                },
                "metadata": {
                    "trials": 1
                }
            },
            {
                "query": {
                    "x": 0.7569184228807754
                },
                "metrics": {
                    "outcome": -6.020681839525909
                },
                "metadata": {
                    "trials": 1
                }
            }
        ],
        [
            {
                "query": {
                    "x": 0.7572412295777368
                },
                "metrics": {
                    "outcome": -6.020740025503178
                },
                "metadata": {
                    "trials": 1
                }
            },
            {
                "query": {
                    "x": 0.7575640874770464
                },
                "metrics": {
                    "outcome": -6.020686910611311
                },
                "metadata": {
                    "trials": 1
                }
            },
            {
                "query": {
                    "x": 0.7569208994385627
                },
                "metrics": {
                    "outcome": -6.02068270875489
                },
                "metadata": {
                    "trials": 1
                }
            }
        ],
        [
            {
                "query": {
                    "x": 0.7572413832085106
                },
                "metrics": {
                    "outcome": -6.020740026725766
                },
                "metadata": {
                    "trials": 1
                }
            },
            {
                "query": {
                    "x": 0.7575617521219541
                },
                "metrics": {
                    "outcome": -6.020687695237611
                },
                "metadata": {
                    "trials": 1
                }
            },
            {
                "query": {
                    "x": 0.7569235090948292
                },
                "metrics": {
                    "outcome": -6.020683617631069
                },
                "metadata": {
                    "trials": 1
                }
            }
        ],
        [
            {
                "query": {
                    "x": 0.757241442602833
                },
                "metrics": {
                    "outcome": -6.020740027191667
                },
                "metadata": {
                    "trials": 1
                }
            },
            {
                "query": {
                    "x": 0.7575613012028855
                },
                "metrics": {
                    "outcome": -6.020687846063475
                },
                "metadata": {
                    "trials": 1
                }
            },
            {
                "query": {
                    "x": 0.756925934377243
                },
                "metrics": {
                    "outcome": -6.020684455791952
                },
                "metadata": {
                    "trials": 1
                }
            }
        ],
        [
            {
                "query": {
                    "x": 0.757241614296974
                },
                "metrics": {
                    "outcome": -6.0207400285172845
                },
                "metadata": {
                    "trials": 1
                }
            },
            {
                "query": {
                    "x": 0.7575574304427408
                },
                "metrics": {
                    "outcome": -6.020689131819749
                },
                "metadata": {
                    "trials": 1
                }
            },
            {
                "query": {
                    "x": 0.7569283756728225
                },
                "metrics": {
                    "outcome": -6.020685293160053
                },
                "metadata": {
                    "trials": 1
                }
            }
        ],
        [
            {
                "query": {
                    "x": 0.7572416819038473
                },
                "metrics": {
                    "outcome": -6.020740029030626
                },
                "metadata": {
                    "trials": 1
                }
            },
            {
                "query": {
                    "x": 0.7575551148696937
                },
                "metrics": {
                    "outcome": -6.020689893317439
                },
                "metadata": {
                    "trials": 1
                }
            },
            {
                "query": {
                    "x": 0.7569306175055565
                },
                "metrics": {
                    "outcome": -6.020686056521095
                },
                "metadata": {
                    "trials": 1
                }
            }
        ],
        [
            {
                "query": {
                    "x": 0.7572417048852318
                },
                "metrics": {
                    "outcome": -6.0207400292040125
                },
                "metadata": {
                    "trials": 1
                }
            },
            {
                "query": {
                    "x": 0.7569327638401249
                },
                "metrics": {
                    "outcome": -6.020686782348495
                },
                "metadata": {
                    "trials": 1
                }
            },
            {
                "query": {
                    "x": 0.7575530354185842
                },
                "metrics": {
                    "outcome": -6.020690572271093
                },
                "metadata": {
                    "trials": 1
                }
            }
        ],
        [
            {
                "query": {
                    "x": 0.7572418418156406
                },
                "metrics": {
                    "outcome": -6.020740030225414
                },
                "metadata": {
                    "trials": 1
                }
            },
            {
                "query": {
                    "x": 0.7575510967197364
                },
                "metrics": {
                    "outcome": -6.020691201097587
                },
                "metadata": {
                    "trials": 1
                }
            },
            {
                "query": {
                    "x": 0.7569349255637807
                },
                "metrics": {
                    "outcome": -6.020687508420409
                },
                "metadata": {
                    "trials": 1
                }
            }
        ],
        [
            {
                "query": {
                    "x": 0.7572419118663789
                },
                "metrics": {
                    "outcome": -6.020740030740199
                },
                "metadata": {
                    "trials": 1
                }
            },
            {
                "query": {
                    "x": 0.7575495246587697
                },
                "metrics": {
                    "outcome": -6.020691708048444
                },
                "metadata": {
                    "trials": 1
                }
            },
            {
                "query": {
                    "x": 0.7569369589692263
                },
                "metrics": {
                    "outcome": -6.020688186850251
                },
                "metadata": {
                    "trials": 1
                }
            }
        ],
        [
            {
                "query": {
                    "x": 0.7572420324418951
                },
                "metrics": {
                    "outcome": -6.020740031614005
                },
                "metadata": {
                    "trials": 1
                }
            },
            {
                "query": {
                    "x": 0.7575473830710284
                },
                "metrics": {
                    "outcome": -6.020692394399752
                },
                "metadata": {
                    "trials": 1
                }
            },
            {
                "query": {
                    "x": 0.7569389771342292
                },
                "metrics": {
                    "outcome": -6.020688855840493
                },
                "metadata": {
                    "trials": 1
                }
            }
        ],
        [
            {
                "query": {
                    "x": 0.7572421213504125
                },
                "metrics": {
                    "outcome": -6.0207400322483755
                },
                "metadata": {
                    "trials": 1
                }
            },
            {
                "query": {
                    "x": 0.7575456075404876
                },
                "metrics": {
                    "outcome": -6.020692959710997
                },
                "metadata": {
                    "trials": 1
                }
            },
            {
                "query": {
                    "x": 0.7569409040889562
                },
                "metrics": {
                    "outcome": -6.020689490547193
                },
                "metadata": {
                    "trials": 1
                }
            }
        ],
        [
            {
                "query": {
                    "x": 0.7572421718253513
                },
                "metrics": {
                    "outcome": -6.020740032604763
                },
                "metadata": {
                    "trials": 1
                }
            },
            {
                "query": {
                    "x": 0.7575429062202206
                },
                "metrics": {
                    "outcome": -6.020693813310215
                },
                "metadata": {
                    "trials": 1
                }
            },
            {
                "query": {
                    "x": 0.7569427297705006
                },
                "metrics": {
                    "outcome": -6.020690088247325
                },
                "metadata": {
                    "trials": 1
                }
            }
        ],
        [
            {
                "query": {
                    "x": 0.7572422937625457
                },
                "metrics": {
                    "outcome": -6.020740033454496
                },
                "metadata": {
                    "trials": 1
                }
            },
            {
                "query": {
                    "x": 0.7575412814601196
                },
                "metrics": {
                    "outcome": -6.02069432296073
                },
                "metadata": {
                    "trials": 1
                }
            },
            {
                "query": {
                    "x": 0.7569445741261873
                },
                "metrics": {
                    "outcome": -6.020690688455967
                },
                "metadata": {
                    "trials": 1
                }
            }
        ],
        [
            {
                "query": {
                    "x": 0.7572423500024817
                },
                "metrics": {
                    "outcome": -6.020740033841059
                },
                "metadata": {
                    "trials": 1
                }
            },
            {
                "query": {
                    "x": 0.7575435728272462
                },
                "metrics": {
                    "outcome": -6.020693603392956
                },
                "metadata": {
                    "trials": 1
                }
            },
            {
                "query": {
                    "x": 0.7569463038080231
                },
                "metrics": {
                    "outcome": -6.020691248053718
                },
                "metadata": {
                    "trials": 1
                }
            }
        ],
        [
            {
                "query": {
                    "x": 0.7572424581847503
                },
                "metrics": {
                    "outcome": -6.020740034575149
                },
                "metadata": {
                    "trials": 1
                }
            },
            {
                "query": {
                    "x": 0.7575390243234663
                },
                "metrics": {
                    "outcome": -6.020695026282883
                },
                "metadata": {
                    "trials": 1
                }
            },
            {
                "query": {
                    "x": 0.7569480265518902
                },
                "metrics": {
                    "outcome": -6.020691802239018
                },
                "metadata": {
                    "trials": 1
                }
            }
        ],
        [
            {
                "query": {
                    "x": 0.7572424570633961
                },
                "metrics": {
                    "outcome": -6.020740034567603
                },
                "metadata": {
                    "trials": 1
                }
            },
            {
                "query": {
                    "x": 0.7575380965211321
                },
                "metrics": {
                    "outcome": -6.02069531380353
                },
                "metadata": {
                    "trials": 1
                }
            },
            {
                "query": {
                    "x": 0.7569496137309351
                },
                "metrics": {
                    "outcome": -6.0206923100166705
                },
                "metadata": {
                    "trials": 1
                }
            }
        ]
    ],
    "best_results": [
        {
            "query": {
                "x": 0.7572490054588049
            },
            "metrics": [
                {
                    "name": "outcome",
                    "value": -6.020740055734341
                }
            ]
        }
    ]
}