{
    "date": "04/11/2022 16:33:33",
    "basic_params": {
        "active_variables": [
            "x1",
            "x2"
        ],
        "default_query": {},
        "metric": "basic",
        "n_trials": 1
    },
    "objective_function": {
        "name": "McCormick",
        "params": {}
    },
    "optimizer": {
        "name": "BBO-LP(LCB)-FoD",
        "params": {
            "lower_bound": [
                -1.5,
                -3.0
            ],
            "upper_bound": [
                4.0,
                4.0
            ],
            "invert_metric": false,
            "bopt_params": {
                "n_init_samples": 15,
                "n_iterations": 45,
                "n_iter_relearn": 5,
                "verbose_level": 0,
                "n_parallel_samples": 3,
                "fixed_dataset_size": 50,
                "par_type": "PAR_BBO",
                "crit_name": "cLP(cLCB)",
                "n_crit_params": 3,
                "crit_params": [
                    3,
                    1,
                    1.0
                ]
            }
        }
    },
    "iterations": [
        [
            {
                "query": {
                    "x1": 0.43018683880412323,
                    "x2": 0.4589695848679791
                },
                "metrics": {
                    "outcome": 2.2795126644481463
                },
                "metadata": {
                    "trials": 1
                }
            }
        ],
        [
            {
                "query": {
                    "x1": 0.03938503280902905,
                    "x2": -1.4792046992884327
                },
                "metrics": {
                    "outcome": -1.4424093353068317
                },
                "metadata": {
                    "trials": 1
                }
            }
        ],
        [
            {
                "query": {
                    "x1": 3.890167547094946,
                    "x2": 2.7096750280975055
                },
                "metrics": {
                    "outcome": 3.6438906064809506
                },
                "metadata": {
                    "trials": 1
                }
            }
        ],
        [
            {
                "query": {
                    "x1": 0.8821344835916536,
                    "x2": -0.6313664756094415
                },
                "metrics": {
                    "outcome": 0.63721525778295
                },
                "metadata": {
                    "trials": 1
                }
            }
        ],
        [
            {
                "query": {
                    "x1": 2.317653281497769,
                    "x2": 3.4369222058293722
                },
                "metrics": {
                    "outcome": 6.86425512146761
                },
                "metadata": {
                    "trials": 1
                }
            }
        ],
        [
            {
                "query": {
                    "x1": -1.3621576067913945,
                    "x2": -1.7120786306137838
                },
                "metrics": {
                    "outcome": -1.181820939765399
                },
                "metadata": {
                    "trials": 1
                }
            }
        ],
        [
            {
                "query": {
                    "x1": -1.0286520574474707,
                    "x2": -0.9853778779661901
                },
                "metrics": {
                    "outcome": -0.8219635680901858
                },
                "metadata": {
                    "trials": 1
                }
            }
        ],
        [
            {
                "query": {
                    "x1": -0.3138166592689231,
                    "x2": 3.992888103394458
                },
                "metrics": {
                    "outcome": 29.488679263489068
                },
                "metadata": {
                    "trials": 1
                }
            }
        ],
        [
            {
                "query": {
                    "x1": 3.529984341321202,
                    "x2": 0.1977799708334107
                },
                "metrics": {
                    "outcome": 6.749883552812045
                },
                "metadata": {
                    "trials": 1
                }
            }
        ],
        [
            {
                "query": {
                    "x1": -0.5411167470350241,
                    "x2": 1.9194415225492172
                },
                "metrics": {
                    "outcome": 13.646160386776533
                },
                "metadata": {
                    "trials": 1
                }
            }
        ],
        [
            {
                "query": {
                    "x1": 2.5859901950849835,
                    "x2": 1.5468953159327308
                },
                "metrics": {
                    "outcome": 1.2312365076203977
                },
                "metadata": {
                    "trials": 1
                }
            }
        ],
        [
            {
                "query": {
                    "x1": 1.2453152424966296,
                    "x2": 2.14560422662956
                },
                "metrics": {
                    "outcome": 5.05980631132409
                },
                "metadata": {
                    "trials": 1
                }
            }
        ],
        [
            {
                "query": {
                    "x1": 3.1025258773782607,
                    "x2": -2.574758851357425
                },
                "metrics": {
                    "outcome": 22.644481403405138
                },
                "metadata": {
                    "trials": 1
                }
            }
        ],
        [
            {
                "query": {
                    "x1": 1.4342731966249023,
                    "x2": 0.9448271742401024
                },
                "metrics": {
                    "outcome": 2.1409413493920315
                },
                "metadata": {
                    "trials": 1
                }
            }
        ],
        [
            {
                "query": {
                    "x1": 1.820565233270948,
                    "x2": -2.493424189944441
                },
                "metrics": {
                    "outcome": 10.022872060534525
                },
                "metadata": {
                    "trials": 1
                }
            }
        ],
        [
            {
                "query": {
                    "x1": -0.44627336356060443,
                    "x2": -1.9739684920131024
                },
                "metrics": {
                    "outcome": -1.5920583869696299
                },
                "metadata": {
                    "trials": 1
                }
            },
            {
                "query": {
                    "x1": -0.5533078647298477,
                    "x2": -2.0106518276431
                },
                "metrics": {
                    "outcome": -1.6188588096275973
                },
                "metadata": {
                    "trials": 1
                }
            },
            {
                "query": {
                    "x1": -0.3583678504138972,
                    "x2": -1.8975665357880427
                },
                "metrics": {
                    "outcome": -1.611563664042789
                },
                "metadata": {
                    "trials": 1
                }
            }
        ],
        [
            {
                "query": {
                    "x1": -0.9391825147062941,
                    "x2": -2.0273485938071865
                },
                "metrics": {
                    "outcome": -1.6496610390865145
                },
                "metadata": {
                    "trials": 1
                }
            },
            {
                "query": {
                    "x1": -0.9446185646292502,
                    "x2": -2.121045082202436
                },
                "metrics": {
                    "outcome": -1.5775615772692908
                },
                "metadata": {
                    "trials": 1
                }
            },
            {
                "query": {
                    "x1": -0.9286907335989755,
                    "x2": -1.9354401525927194
                },
                "metrics": {
                    "outcome": -1.705935267149398
                },
                "metadata": {
                    "trials": 1
                }
            }
        ],
        [
            {
                "query": {
                    "x1": -0.683958458772744,
                    "x2": -1.6480845826790045
                },
                "metrics": {
                    "outcome": -1.888711144934943
                },
                "metadata": {
                    "trials": 1
                }
            },
            {
                "query": {
                    "x1": -0.6370521382275036,
                    "x2": -1.6117263188658382
                },
                "metrics": {
                    "outcome": -1.9025877886428755
                },
                "metadata": {
                    "trials": 1
                }
            },
            {
                "query": {
                    "x1": -0.7250092220304678,
                    "x2": -1.692862020283826
                },
                "metrics": {
                    "outcome": -1.8700800565366595
                },
                "metadata": {
                    "trials": 1
                }
            }
        ],
        [
            {
                "query": {
                    "x1": -0.4563566038878468,
                    "x2": -1.4544245057891978
                },
                "metrics": {
                    "outcome": -1.8981465619670361
                },
                "metadata": {
                    "trials": 1
                }
            },
            {
                "query": {
                    "x1": -0.4919497603112999,
                    "x2": -1.491387988296513
                },
                "metrics": {
                    "outcome": -1.907773386422467
                },
                "metadata": {
                    "trials": 1
                }
            },
            {
                "query": {
                    "x1": -0.419550739232063,
                    "x2": -1.4199513939398125
                },
                "metrics": {
                    "outcome": -1.8838661973279711
                },
                "metadata": {
                    "trials": 1
                }
            }
        ],
        [
            {
                "query": {
                    "x1": -0.5759030756629886,
                    "x2": -1.4605606406756177
                },
                "metrics": {
                    "outcome": -1.898450074742589
                },
                "metadata": {
                    "trials": 1
                }
            },
            {
                "query": {
                    "x1": -0.5951596488331271,
                    "x2": -1.4864808126358953
                },
                "metrics": {
                    "outcome": -1.9013412507079481
                },
                "metadata": {
                    "trials": 1
                }
            },
            {
                "query": {
                    "x1": -0.5571746759500444,
                    "x2": -1.4341408505867044
                },
                "metrics": {
                    "outcome": -1.8933975492147446
                },
                "metadata": {
                    "trials": 1
                }
            }
        ],
        [
            {
                "query": {
                    "x1": -0.5494575391263907,
                    "x2": -1.5492345768333975
                },
                "metrics": {
                    "outcome": -1.9132149166054235
                },
                "metadata": {
                    "trials": 1
                }
            },
            {
                "query": {
                    "x1": -0.5388472871726431,
                    "x2": -1.540945231563211
                },
                "metrics": {
                    "outcome": -1.9131259621133712
                },
                "metadata": {
                    "trials": 1
                }
            },
            {
                "query": {
                    "x1": -0.5599957846891663,
                    "x2": -1.5576655210896533
                },
                "metrics": {
                    "outcome": -1.9129841881296756
                },
                "metadata": {
                    "trials": 1
                }
            }
        ],
        [
            {
                "query": {
                    "x1": -0.550314468774401,
                    "x2": -1.5427446374298346
                },
                "metrics": {
                    "outcome": -1.9131648795576188
                },
                "metadata": {
                    "trials": 1
                }
            },
            {
                "query": {
                    "x1": -0.5439213303120013,
                    "x2": -1.5384035520048598
                },
                "metrics": {
                    "outcome": -1.9131292776151874
                },
                "metadata": {
                    "trials": 1
                }
            },
            {
                "query": {
                    "x1": -0.5565161825581315,
                    "x2": -1.54752520205962
                },
                "metrics": {
                    "outcome": -1.913101900200961
                },
                "metadata": {
                    "trials": 1
                }
            }
        ],
        [
            {
                "query": {
                    "x1": -0.5498948745729713,
                    "x2": -1.5430823437930705
                },
                "metrics": {
                    "outcome": -1.9131756736413923
                },
                "metadata": {
                    "trials": 1
                }
            },
            {
                "query": {
                    "x1": -0.5553546045149885,
                    "x2": -1.547052050214725
                },
                "metrics": {
                    "outcome": -1.9131262726657736
                },
                "metadata": {
                    "trials": 1
                }
            },
            {
                "query": {
                    "x1": -0.5441373857667392,
                    "x2": -1.539855052666058
                },
                "metrics": {
                    "outcome": -1.913157664566301
                },
                "metadata": {
                    "trials": 1
                }
            }
        ],
        [
            {
                "query": {
                    "x1": -0.5497807710197523,
                    "x2": -1.5430810070154704
                },
                "metrics": {
                    "outcome": -1.9131770497940517
                },
                "metadata": {
                    "trials": 1
                }
            },
            {
                "query": {
                    "x1": -0.544205180119618,
                    "x2": -1.5410909596755247
                },
                "metrics": {
                    "outcome": -1.9131773444768276
                },
                "metadata": {
                    "trials": 1
                }
            },
            {
                "query": {
                    "x1": -0.5548677613337948,
                    "x2": -1.546598433527955
                },
                "metrics": {
                    "outcome": -1.9131329519658196
                },
                "metadata": {
                    "trials": 1
                }
            }
        ],
        [
            {
                "query": {
                    "x1": -0.5497752513246557,
                    "x2": -1.5428845000518996
                },
                "metrics": {
                    "outcome": -1.9131741680996326
                },
                "metadata": {
                    "trials": 1
                }
            },
            {
                "query": {
                    "x1": -0.5443315861018538,
                    "x2": -1.5436394366255641
                },
                "metrics": {
                    "outcome": -1.9132045839644043
                },
                "metadata": {
                    "trials": 1
                }
            },
            {
                "query": {
                    "x1": -0.5545802570026164,
                    "x2": -1.5461740641925716
                },
                "metrics": {
                    "outcome": -1.9131348015047607
                },
                "metadata": {
                    "trials": 1
                }
            }
        ],
        [
            {
                "query": {
                    "x1": -0.5498440737122976,
                    "x2": -1.5423453691760782
                },
                "metrics": {
                    "outcome": -1.9131646169398184
                },
                "metadata": {
                    "trials": 1
                }
            },
            {
                "query": {
                    "x1": -0.5452460416906724,
                    "x2": -1.5456481832524498
                },
                "metrics": {
                    "outcome": -1.9132174826274575
                },
                "metadata": {
                    "trials": 1
                }
            },
            {
                "query": {
                    "x1": -0.545715479773454,
                    "x2": -1.5382524244686113
                },
                "metrics": {
                    "outcome": -1.9131200837988378
                },
                "metadata": {
                    "trials": 1
                }
            }
        ],
        [
            {
                "query": {
                    "x1": -0.5505169534972834,
                    "x2": -1.5425210151751303
                },
                "metrics": {
                    "outcome": -1.9131582222152455
                },
                "metadata": {
                    "trials": 1
                }
            },
            {
                "query": {
                    "x1": -0.5464305070088452,
                    "x2": -1.5465593804573752
                },
                "metrics": {
                    "outcome": -1.913222083102145
                },
                "metadata": {
                    "trials": 1
                }
            },
            {
                "query": {
                    "x1": -0.5460887892017884,
                    "x2": -1.5393499658196503
                },
                "metrics": {
                    "outcome": -1.913142748987159
                },
                "metadata": {
                    "trials": 1
                }
            }
        ],
        [
            {
                "query": {
                    "x1": -0.5510141921009687,
                    "x2": -1.5425455574344018
                },
                "metrics": {
                    "outcome": -1.9131509349968638
                },
                "metadata": {
                    "trials": 1
                }
            },
            {
                "query": {
                    "x1": -0.5472053550839051,
                    "x2": -1.546931681509528
                },
                "metrics": {
                    "outcome": -1.9132228512446177
                },
                "metadata": {
                    "trials": 1
                }
            },
            {
                "query": {
                    "x1": -0.546469004615534,
                    "x2": -1.5399656548285927
                },
                "metrics": {
                    "outcome": -1.9131531800995458
                },
                "metadata": {
                    "trials": 1
                }
            }
        ],
        [
            {
                "query": {
                    "x1": -0.5389655179336714,
                    "x2": -1.5724012862301766
                },
                "metrics": {
                    "outcome": -1.9119806903440262
                },
                "metadata": {
                    "trials": 1
                }
            },
            {
                "query": {
                    "x1": -0.5296087328168806,
                    "x2": -1.5622713034446867
                },
                "metrics": {
                    "outcome": -1.9121533710898904
                },
                "metadata": {
                    "trials": 1
                }
            },
            {
                "query": {
                    "x1": -0.5481006916409578,
                    "x2": -1.5821175658292048
                },
                "metrics": {
                    "outcome": -1.9115140128874617
                },
                "metadata": {
                    "trials": 1
                }
            }
        ],
        [
            {
                "query": {
                    "x1": -0.5547785222279128,
                    "x2": -1.5543177480306367
                },
                "metrics": {
                    "outcome": -1.9131294245412023
                },
                "metadata": {
                    "trials": 1
                }
            },
            {
                "query": {
                    "x1": -0.5386441691937263,
                    "x2": -1.545325490944997
                },
                "metrics": {
                    "outcome": -1.9131311568352047
                },
                "metadata": {
                    "trials": 1
                }
            },
            {
                "query": {
                    "x1": -0.5499831918786988,
                    "x2": -1.5523325000059327
                },
                "metrics": {
                    "outcome": -1.9131903119115483
                },
                "metadata": {
                    "trials": 1
                }
            }
        ],
        [
            {
                "query": {
                    "x1": -0.5390608164922541,
                    "x2": -1.5453562947644186
                },
                "metrics": {
                    "outcome": -1.9131401286305407
                },
                "metadata": {
                    "trials": 1
                }
            },
            {
                "query": {
                    "x1": -0.5537419197471892,
                    "x2": -1.5536310691292734
                },
                "metrics": {
                    "outcome": -1.9131501954687824
                },
                "metadata": {
                    "trials": 1
                }
            },
            {
                "query": {
                    "x1": -0.5434474069719892,
                    "x2": -1.548603466047719
                },
                "metrics": {
                    "outcome": -1.9131939893804732
                },
                "metadata": {
                    "trials": 1
                }
            }
        ],
        [
            {
                "query": {
                    "x1": -0.5390147200781198,
                    "x2": -1.5438020881533399
                },
                "metrics": {
                    "outcome": -1.9131418590528346
                },
                "metadata": {
                    "trials": 1
                }
            },
            {
                "query": {
                    "x1": -0.5538760151315522,
                    "x2": -1.553443690186943
                },
                "metrics": {
                    "outcome": -1.9131506162348129
                },
                "metadata": {
                    "trials": 1
                }
            },
            {
                "query": {
                    "x1": -0.5480404211681614,
                    "x2": -1.5446229159497216
                },
                "metrics": {
                    "outcome": -1.9132099765968018
                },
                "metadata": {
                    "trials": 1
                }
            }
        ],
        [
            {
                "query": {
                    "x1": -0.5289717924670684,
                    "x2": -1.5470436483526475
                },
                "metrics": {
                    "outcome": -1.9127495728572899
                },
                "metadata": {
                    "trials": 1
                }
            },
            {
                "query": {
                    "x1": -0.5629189892180819,
                    "x2": -1.5564029894689346
                },
                "metrics": {
                    "outcome": -1.912912749230978
                },
                "metadata": {
                    "trials": 1
                }
            },
            {
                "query": {
                    "x1": -0.49632751321159585,
                    "x2": -1.5397691905233026
                },
                "metrics": {
                    "outcome": -1.9098480019565067
                },
                "metadata": {
                    "trials": 1
                }
            }
        ],
        [
            {
                "query": {
                    "x1": -0.5515268776251587,
                    "x2": -1.5522932964577594
                },
                "metrics": {
                    "outcome": -1.9131839722641937
                },
                "metadata": {
                    "trials": 1
                }
            },
            {
                "query": {
                    "x1": -0.5305938184822879,
                    "x2": -1.535143207693209
                },
                "metrics": {
                    "outcome": -1.9128446941056652
                },
                "metadata": {
                    "trials": 1
                }
            },
            {
                "query": {
                    "x1": -0.5753037294729386,
                    "x2": -1.5597141013272247
                },
                "metrics": {
                    "outcome": -1.9122710424099045
                },
                "metadata": {
                    "trials": 1
                }
            }
        ],
        [
            {
                "query": {
                    "x1": -0.5467600366785257,
                    "x2": -1.548396674796218
                },
                "metrics": {
                    "outcome": -1.913220025265212
                },
                "metadata": {
                    "trials": 1
                }
            },
            {
                "query": {
                    "x1": -0.5744776847356182,
                    "x2": -1.568664858996441
                },
                "metrics": {
                    "outcome": -1.912170048174871
                },
                "metadata": {
                    "trials": 1
                }
            },
            {
                "query": {
                    "x1": -0.5187645543153021,
                    "x2": -1.5289773472317951
                },
                "metrics": {
                    "outcome": -1.9121679025808156
                },
                "metadata": {
                    "trials": 1
                }
            }
        ],
        [
            {
                "query": {
                    "x1": -0.5458878986892393,
                    "x2": -1.5490462902539301
                },
                "metrics": {
                    "outcome": -1.9132128537171322
                },
                "metadata": {
                    "trials": 1
                }
            },
            {
                "query": {
                    "x1": -0.5752861959580655,
                    "x2": -1.5681173280169447
                },
                "metrics": {
                    "outcome": -1.9121415575206897
                },
                "metadata": {
                    "trials": 1
                }
            },
            {
                "query": {
                    "x1": -0.5160907733274032,
                    "x2": -1.531957187220303
                },
                "metrics": {
                    "outcome": -1.9120329467017698
                },
                "metadata": {
                    "trials": 1
                }
            }
        ],
        [
            {
                "query": {
                    "x1": -0.5461618843994391,
                    "x2": -1.5501547931984079
                },
                "metrics": {
                    "outcome": -1.913205413373828
                },
                "metadata": {
                    "trials": 1
                }
            },
            {
                "query": {
                    "x1": -0.576347065891478,
                    "x2": -1.5686792063391628
                },
                "metrics": {
                    "outcome": -1.9120651760734337
                },
                "metadata": {
                    "trials": 1
                }
            },
            {
                "query": {
                    "x1": -0.5182162449165519,
                    "x2": -1.526722922651636
                },
                "metrics": {
                    "outcome": -1.9120816269714815
                },
                "metadata": {
                    "trials": 1
                }
            }
        ],
        [
            {
                "query": {
                    "x1": -0.562864285047106,
                    "x2": 4.0
                },
                "metrics": {
                    "outcome": 32.37276750182723
                },
                "metadata": {
                    "trials": 1
                }
            },
            {
                "query": {
                    "x1": -0.562220899211465,
                    "x2": 2.986130480028791
                },
                "metrics": {
                    "outcome": 22.557096083973953
                },
                "metadata": {
                    "trials": 1
                }
            },
            {
                "query": {
                    "x1": -0.561619367584311,
                    "x2": 2.069707292816762
                },
                "metrics": {
                    "outcome": 14.938611749563394
                },
                "metadata": {
                    "trials": 1
                }
            }
        ],
        [
            {
                "query": {
                    "x1": -1.5,
                    "x2": -1.5243219289845238
                },
                "metrics": {
                    "outcome": -0.6772153828386922
                },
                "metadata": {
                    "trials": 1
                }
            },
            {
                "query": {
                    "x1": -1.4711669311484354,
                    "x2": -1.5247085833213545
                },
                "metrics": {
                    "outcome": -0.747356358952207
                },
                "metadata": {
                    "trials": 1
                }
            },
            {
                "query": {
                    "x1": -1.5,
                    "x2": -1.4904197344850707
                },
                "metrics": {
                    "outcome": -0.6265553326265909
                },
                "metadata": {
                    "trials": 1
                }
            }
        ],
        [
            {
                "query": {
                    "x1": -0.9303121246992192,
                    "x2": -1.9208474833641087
                },
                "metrics": {
                    "outcome": -1.7118573860993962
                },
                "metadata": {
                    "trials": 1
                }
            },
            {
                "query": {
                    "x1": -0.8975416371599457,
                    "x2": -1.8412598272929004
                },
                "metrics": {
                    "outcome": -1.7582207675890285
                },
                "metadata": {
                    "trials": 1
                }
            },
            {
                "query": {
                    "x1": -0.9623171241199663,
                    "x2": -2.000574345635332
                },
                "metrics": {
                    "outcome": -1.6577337105675718
                },
                "metadata": {
                    "trials": 1
                }
            }
        ],
        [
            {
                "query": {
                    "x1": -0.6864200352663492,
                    "x2": -1.6440273817416187
                },
                "metrics": {
                    "outcome": -1.8885029094817112
                },
                "metadata": {
                    "trials": 1
                }
            },
            {
                "query": {
                    "x1": -0.6843823202386842,
                    "x2": -1.6132814124639538
                },
                "metrics": {
                    "outcome": -1.8910363018225382
                },
                "metadata": {
                    "trials": 1
                }
            },
            {
                "query": {
                    "x1": -0.6891996791223381,
                    "x2": -1.674365043953335
                },
                "metrics": {
                    "outcome": -1.883438376804158
                },
                "metadata": {
                    "trials": 1
                }
            }
        ],
        [
            {
                "query": {
                    "x1": -0.5495863121074999,
                    "x2": -1.539216848459221
                },
                "metrics": {
                    "outcome": -1.9131018744420238
                },
                "metadata": {
                    "trials": 1
                }
            },
            {
                "query": {
                    "x1": -0.5465556527284728,
                    "x2": -1.5487853204963142
                },
                "metrics": {
                    "outcome": -1.913217596229051
                },
                "metadata": {
                    "trials": 1
                }
            },
            {
                "query": {
                    "x1": -0.5502400141291468,
                    "x2": -1.5461010059179898
                },
                "metrics": {
                    "outcome": -1.9132041845626597
                },
                "metadata": {
                    "trials": 1
                }
            }
        ],
        [
            {
                "query": {
                    "x1": -0.5495288886957993,
                    "x2": -1.5400158721415806
                },
                "metrics": {
                    "outcome": -1.9131222610320977
                },
                "metadata": {
                    "trials": 1
                }
            },
            {
                "query": {
                    "x1": -0.5467607956367291,
                    "x2": -1.548307752298689
                },
                "metrics": {
                    "outcome": -1.913220365547808
                },
                "metadata": {
                    "trials": 1
                }
            },
            {
                "query": {
                    "x1": -0.5507298625778414,
                    "x2": -1.5465258590345492
                },
                "metrics": {
                    "outcome": -1.9132017398838328
                },
                "metadata": {
                    "trials": 1
                }
            }
        ],
        [
            {
                "query": {
                    "x1": -0.5495507807347886,
                    "x2": -1.5391099466882785
                },
                "metrics": {
                    "outcome": -1.9130996895097914
                },
                "metadata": {
                    "trials": 1
                }
            },
            {
                "query": {
                    "x1": -0.547030571689772,
                    "x2": -1.5473003259885088
                },
                "metrics": {
                    "outcome": -1.9132228804286484
                },
                "metadata": {
                    "trials": 1
                }
            },
            {
                "query": {
                    "x1": -0.5510708091595841,
                    "x2": -1.5457588118477565
                },
                "metrics": {
                    "outcome": -1.9131921724545826
                },
                "metadata": {
                    "trials": 1
                }
            }
        ],
        [
            {
                "query": {
                    "x1": -0.549426577618518,
                    "x2": -1.5391760228241937
                },
                "metrics": {
                    "outcome": -1.9131033360424117
                },
                "metadata": {
                    "trials": 1
                }
            },
            {
                "query": {
                    "x1": -0.5473181275572888,
                    "x2": -1.5462923040233714
                },
                "metrics": {
                    "outcome": -1.9132216360173588
                },
                "metadata": {
                    "trials": 1
                }
            },
            {
                "query": {
                    "x1": -0.544567799080646,
                    "x2": -1.5501709267154196
                },
                "metrics": {
                    "outcome": -1.9131915088162668
                },
                "metadata": {
                    "trials": 1
                }
            }
        ],
        [
            {
                "query": {
                    "x1": -0.549279894266502,
                    "x2": -1.5394705447766779
                },
                "metrics": {
                    "outcome": -1.9131129199448047
                },
                "metadata": {
                    "trials": 1
                }
            },
            {
                "query": {
                    "x1": -0.5466380646665079,
                    "x2": -1.548112584446361
                },
                "metrics": {
                    "outcome": -1.9132207260375633
                },
                "metadata": {
                    "trials": 1
                }
            },
            {
                "query": {
                    "x1": -0.5505181277338173,
                    "x2": -1.546038767970271
                },
                "metrics": {
                    "outcome": -1.9132008675397856
                },
                "metadata": {
                    "trials": 1
                }
            }
        ],
        [
            {
                "query": {
                    "x1": -0.54477352360776,
                    "x2": -1.5555039305287097
                },
                "metrics": {
                    "outcome": -1.913092847220942
                },
                "metadata": {
                    "trials": 1
                }
            },
            {
                "query": {
                    "x1": -0.5492504011954653,
                    "x2": -1.559448294423174
                },
                "metrics": {
                    "outcome": -1.9130306120582414
                },
                "metadata": {
                    "trials": 1
                }
            },
            {
                "query": {
                    "x1": -0.5405163090122473,
                    "x2": -1.5511997030699116
                },
                "metrics": {
                    "outcome": -1.9131057105124207
                },
                "metadata": {
                    "trials": 1
                }
            }
        ],
        [
            {
                "query": {
                    "x1": -0.545140375672931,
                    "x2": -1.5524278957396382
                },
                "metrics": {
                    "outcome": -1.913165489692925
                },
                "metadata": {
                    "trials": 1
                }
            },
            {
                "query": {
                    "x1": -0.54909652500402,
                    "x2": -1.5407487941933034
                },
                "metrics": {
                    "outcome": -1.9131442989470604
                },
                "metadata": {
                    "trials": 1
                }
            },
            {
                "query": {
                    "x1": -0.5466917205371629,
                    "x2": -1.5465876988044123
                },
                "metrics": {
                    "outcome": -1.9132224050528572
                },
                "metadata": {
                    "trials": 1
                }
            }
        ],
        [
            {
                "query": {
                    "x1": -0.5451671924640198,
                    "x2": -1.5520743954614387
                },
                "metrics": {
                    "outcome": -1.9131717389754157
                },
                "metadata": {
                    "trials": 1
                }
            },
            {
                "query": {
                    "x1": -0.546862680899667,
                    "x2": -1.546334890093481
                },
                "metrics": {
                    "outcome": -1.9132220552993777
                },
                "metadata": {
                    "trials": 1
                }
            },
            {
                "query": {
                    "x1": -0.5488740758638895,
                    "x2": -1.5414442755324749
                },
                "metrics": {
                    "outcome": -1.913160550784541
                },
                "metadata": {
                    "trials": 1
                }
            }
        ],
        [
            {
                "query": {
                    "x1": -0.5447491994561722,
                    "x2": -1.5524547628307612
                },
                "metrics": {
                    "outcome": -1.9131601647854417
                },
                "metadata": {
                    "trials": 1
                }
            },
            {
                "query": {
                    "x1": -0.5464850338693231,
                    "x2": -1.54670649820149
                },
                "metrics": {
                    "outcome": -1.9132222785351747
                },
                "metadata": {
                    "trials": 1
                }
            },
            {
                "query": {
                    "x1": -0.5491302099852182,
                    "x2": -1.554628752073011
                },
                "metrics": {
                    "outcome": -1.9131548223506294
                },
                "metadata": {
                    "trials": 1
                }
            }
        ],
        [
            {
                "query": {
                    "x1": -0.5412330927962719,
                    "x2": -1.5550356650280706
                },
                "metrics": {
                    "outcome": -1.9130309244016472
                },
                "metadata": {
                    "trials": 1
                }
            },
            {
                "query": {
                    "x1": -0.5466965825012551,
                    "x2": -1.55724806005885
                },
                "metrics": {
                    "outcome": -1.9130722061356833
                },
                "metadata": {
                    "trials": 1
                }
            },
            {
                "query": {
                    "x1": -0.5358043688894487,
                    "x2": -1.5527680876330021
                },
                "metrics": {
                    "outcome": -1.9129204903000279
                },
                "metadata": {
                    "trials": 1
                }
            }
        ],
        [
            {
                "query": {
                    "x1": -0.5491398288224068,
                    "x2": -1.5427751386986068
                },
                "metrics": {
                    "outcome": -1.91317978093974
                },
                "metadata": {
                    "trials": 1
                }
            },
            {
                "query": {
                    "x1": -0.544082198005657,
                    "x2": -1.5505307060789324
                },
                "metrics": {
                    "outcome": -1.9131813511844533
                },
                "metadata": {
                    "trials": 1
                }
            },
            {
                "query": {
                    "x1": -0.5483975362724375,
                    "x2": -1.548918231881222
                },
                "metrics": {
                    "outcome": -1.9132189922126566
                },
                "metadata": {
                    "trials": 1
                }
            }
        ],
        [
            {
                "query": {
                    "x1": -0.5487965176840676,
                    "x2": -1.5428880603173871
                },
                "metrics": {
                    "outcome": -1.913184862135612
                },
                "metadata": {
                    "trials": 1
                }
            },
            {
                "query": {
                    "x1": -0.5438959883954507,
                    "x2": -1.5503987441001679
                },
                "metrics": {
                    "outcome": -1.9131806647869762
                },
                "metadata": {
                    "trials": 1
                }
            },
            {
                "query": {
                    "x1": -0.5482066293235066,
                    "x2": -1.548754382675896
                },
                "metrics": {
                    "outcome": -1.9132198054477607
                },
                "metadata": {
                    "trials": 1
                }
            }
        ],
        [
            {
                "query": {
                    "x1": -0.5388262055496905,
                    "x2": -1.5472546483965268
                },
                "metrics": {
                    "outcome": -1.9131219358591416
                },
                "metadata": {
                    "trials": 1
                }
            },
            {
                "query": {
                    "x1": -0.5432572340385691,
                    "x2": -1.5500802418288142
                },
                "metrics": {
                    "outcome": -1.9131759170904967
                },
                "metadata": {
                    "trials": 1
                }
            },
            {
                "query": {
                    "x1": -0.5434118935684445,
                    "x2": -1.5429701551207102
                },
                "metrics": {
                    "outcome": -1.9131949137957989
                },
                "metadata": {
                    "trials": 1
                }
            }
        ],
        [
            {
                "query": {
                    "x1": -0.4410542244274134,
                    "x2": -1.4992482319103122
                },
                "metrics": {
                    "outcome": -1.8992705087383621
                },
                "metadata": {
                    "trials": 1
                }
            },
            {
                "query": {
                    "x1": -0.4415041001704416,
                    "x2": -1.5485681076665188
                },
                "metrics": {
                    "outcome": -1.8969573701899316
                },
                "metadata": {
                    "trials": 1
                }
            },
            {
                "query": {
                    "x1": -0.4796071374126547,
                    "x2": -1.5025463918921014
                },
                "metrics": {
                    "outcome": -1.9071295399910713
                },
                "metadata": {
                    "trials": 1
                }
            }
        ],
        [
            {
                "query": {
                    "x1": -0.8458098475577412,
                    "x2": 4.0
                },
                "metrics": {
                    "outcome": 35.73799068436658
                },
                "metadata": {
                    "trials": 1
                }
            },
            {
                "query": {
                    "x1": -0.8416501014647408,
                    "x2": 3.5011816898274546
                },
                "metrics": {
                    "outcome": 30.339223692046737
                },
                "metadata": {
                    "trials": 1
                }
            },
            {
                "query": {
                    "x1": -0.8371473193179012,
                    "x2": 3.0491634207291156
                },
                "metrics": {
                    "outcome": 25.783407416529947
                },
                "metadata": {
                    "trials": 1
                }
            }
        ],
        [
            {
                "query": {
                    "x1": -0.5377750165378228,
                    "x2": -1.383113856671994
                },
                "metrics": {
                    "outcome": -1.8758653370957372
                },
                "metadata": {
                    "trials": 1
                }
            },
            {
                "query": {
                    "x1": -0.5536436440780422,
                    "x2": -1.4303028520102612
                },
                "metrics": {
                    "outcome": -1.8926208845335721
                },
                "metadata": {
                    "trials": 1
                }
            },
            {
                "query": {
                    "x1": -0.5073282237117689,
                    "x2": -1.3510845929460036
                },
                "metrics": {
                    "outcome": -1.8637170591204288
                },
                "metadata": {
                    "trials": 1
                }
            }
        ],
        [
            {
                "query": {
                    "x1": -0.5573193102764435,
                    "x2": -1.5637810063233073
                },
                "metrics": {
                    "outcome": -1.9128739958664926
                },
                "metadata": {
                    "trials": 1
                }
            },
            {
                "query": {
                    "x1": -0.556240844447218,
                    "x2": -1.556365363615043
                },
                "metrics": {
                    "outcome": -1.9130798405127747
                },
                "metadata": {
                    "trials": 1
                }
            },
            {
                "query": {
                    "x1": -0.5595402695109891,
                    "x2": -1.5707076323759959
                },
                "metrics": {
                    "outcome": -1.9125455402762195
                },
                "metadata": {
                    "trials": 1
                }
            }
        ],
        [
            {
                "query": {
                    "x1": -0.5700822470203386,
                    "x2": -1.5533013496610133
                },
                "metrics": {
                    "outcome": -1.9125795370820322
                },
                "metadata": {
                    "trials": 1
                }
            },
            {
                "query": {
                    "x1": -0.5639769170802379,
                    "x2": -1.5499459707440124
                },
                "metrics": {
                    "outcome": -1.9128615906721294
                },
                "metadata": {
                    "trials": 1
                }
            },
            {
                "query": {
                    "x1": -0.5762138745352391,
                    "x2": -1.5565690579572435
                },
                "metrics": {
                    "outcome": -1.9122037297192276
                },
                "metadata": {
                    "trials": 1
                }
            }
        ],
        [
            {
                "query": {
                    "x1": -0.5476250391783402,
                    "x2": -1.5407305434579281
                },
                "metrics": {
                    "outcome": -1.9131596081155822
                },
                "metadata": {
                    "trials": 1
                }
            },
            {
                "query": {
                    "x1": -0.5511334712949859,
                    "x2": -1.5429929284297697
                },
                "metrics": {
                    "outcome": -1.9131566552772754
                },
                "metadata": {
                    "trials": 1
                }
            },
            {
                "query": {
                    "x1": -0.5440207305346954,
                    "x2": -1.5388991801935088
                },
                "metrics": {
                    "outcome": -1.913139580285661
                },
                "metadata": {
                    "trials": 1
                }
            }
        ]
    ],
    "best_results": [
        {
            "query": {
                "x1": -0.547030571689772,
                "x2": -1.5473003259885088
            },
            "metrics": [
                {
                    "name": "outcome",
                    "value": -1.9132228804286484
                }
            ]
        }
    ]
}