{
    "date": "05/11/2022 12:03:48",
    "basic_params": {
        "active_variables": [
            "x"
        ],
        "default_query": {},
        "metric": "basic",
        "n_trials": 1
    },
    "objective_function": {
        "name": "Forrester",
        "params": {}
    },
    "optimizer": {
        "name": "BBO-LP(LCB)-FoD",
        "params": {
            "lower_bound": [
                0.0
            ],
            "upper_bound": [
                1.0
            ],
            "invert_metric": false,
            "bopt_params": {
                "n_init_samples": 12,
                "n_iterations": 23,
                "n_iter_relearn": 5,
                "verbose_level": 0,
                "n_parallel_samples": 6,
                "fixed_dataset_size": 50,
                "par_type": "PAR_BBO",
                "crit_name": "cLP(cLCB)",
                "n_crit_params": 3,
                "crit_params": [
                    6,
                    1,
                    1.0
                ]
            }
        }
    },
    "iterations": [
        [
            {
                "query": {
                    "x": 0.6398001690977253
                },
                "metrics": {
                    "outcome": -1.7268041249230395
                },
                "metadata": {
                    "trials": 1
                }
            }
        ],
        [
            {
                "query": {
                    "x": 0.2238224955702511
                },
                "metrics": {
                    "outcome": -0.4175915377937209
                },
                "metadata": {
                    "trials": 1
                }
            }
        ],
        [
            {
                "query": {
                    "x": 0.5663473945072232
                },
                "metrics": {
                    "outcome": 0.6618324435917019
                },
                "metadata": {
                    "trials": 1
                }
            }
        ],
        [
            {
                "query": {
                    "x": 0.6992596560933938
                },
                "metrics": {
                    "outcome": -4.5738310756180365
                },
                "metadata": {
                    "trials": 1
                }
            }
        ],
        [
            {
                "query": {
                    "x": 0.9566880751129551
                },
                "metrics": {
                    "outcome": 13.02298587602561
                },
                "metadata": {
                    "trials": 1
                }
            }
        ],
        [
            {
                "query": {
                    "x": 0.31696706257450086
                },
                "metrics": {
                    "outcome": -0.0018816440643990673
                },
                "metadata": {
                    "trials": 1
                }
            }
        ],
        [
            {
                "query": {
                    "x": 0.35837465879740193
                },
                "metrics": {
                    "outcome": 0.006681899310652159
                },
                "metadata": {
                    "trials": 1
                }
            }
        ],
        [
            {
                "query": {
                    "x": 0.4821999429259449
                },
                "metrics": {
                    "outcome": 0.7793344897714043
                },
                "metadata": {
                    "trials": 1
                }
            }
        ],
        [
            {
                "query": {
                    "x": 0.7579379783710465
                },
                "metrics": {
                    "outcome": -6.020485893730224
                },
                "metadata": {
                    "trials": 1
                }
            }
        ],
        [
            {
                "query": {
                    "x": 0.10817645967472345
                },
                "metrics": {
                    "outcome": -0.7768789117348774
                },
                "metadata": {
                    "trials": 1
                }
            }
        ],
        [
            {
                "query": {
                    "x": 0.052803248477478824
                },
                "metrics": {
                    "outcome": 0.6314421609222973
                },
                "metadata": {
                    "trials": 1
                }
            }
        ],
        [
            {
                "query": {
                    "x": 0.8938734459225088
                },
                "metrics": {
                    "outcome": 4.851671957540814
                },
                "metadata": {
                    "trials": 1
                }
            }
        ],
        [
            {
                "query": {
                    "x": 0.7429150979246243
                },
                "metrics": {
                    "outcome": -5.9157468306311625
                },
                "metadata": {
                    "trials": 1
                }
            },
            {
                "query": {
                    "x": 0.7351235368360695
                },
                "metrics": {
                    "outcome": -5.777124044764032
                },
                "metadata": {
                    "trials": 1
                }
            },
            {
                "query": {
                    "x": 0.7505172330629272
                },
                "metrics": {
                    "outcome": -5.997018616979411
                },
                "metadata": {
                    "trials": 1
                }
            },
            {
                "query": {
                    "x": 0.7556413346284016
                },
                "metrics": {
                    "outcome": -6.019366650183527
                },
                "metadata": {
                    "trials": 1
                }
            },
            {
                "query": {
                    "x": 0.7594916416751971
                },
                "metrics": {
                    "outcome": -6.018036719480183
                },
                "metadata": {
                    "trials": 1
                }
            },
            {
                "query": {
                    "x": 0.7264121789463979
                },
                "metrics": {
                    "outcome": -5.562337480091193
                },
                "metadata": {
                    "trials": 1
                }
            }
        ],
        [
            {
                "query": {
                    "x": 0.7573389407735517
                },
                "metrics": {
                    "outcome": -6.020735711617099
                },
                "metadata": {
                    "trials": 1
                }
            },
            {
                "query": {
                    "x": 0.7565666907948619
                },
                "metrics": {
                    "outcome": -6.020492112906078
                },
                "metadata": {
                    "trials": 1
                }
            },
            {
                "query": {
                    "x": 0.7581041912834827
                },
                "metrics": {
                    "outcome": -6.02034834032747
                },
                "metadata": {
                    "trials": 1
                }
            },
            {
                "query": {
                    "x": 0.7558170449280792
                },
                "metrics": {
                    "outcome": -6.019649943573724
                },
                "metadata": {
                    "trials": 1
                }
            },
            {
                "query": {
                    "x": 0.7588294933696417
                },
                "metrics": {
                    "outcome": -6.019399754507746
                },
                "metadata": {
                    "trials": 1
                }
            },
            {
                "query": {
                    "x": 0.755053611769311
                },
                "metrics": {
                    "outcome": -6.018183100801875
                },
                "metadata": {
                    "trials": 1
                }
            }
        ],
        [
            {
                "query": {
                    "x": 0.7573211299622306
                },
                "metrics": {
                    "outcome": -6.02073725822463
                },
                "metadata": {
                    "trials": 1
                }
            },
            {
                "query": {
                    "x": 0.7567188567045559
                },
                "metrics": {
                    "outcome": -6.0205903368436955
                },
                "metadata": {
                    "trials": 1
                }
            },
            {
                "query": {
                    "x": 0.757921102627583
                },
                "metrics": {
                    "outcome": -6.020498199344342
                },
                "metadata": {
                    "trials": 1
                }
            },
            {
                "query": {
                    "x": 0.7585018080596603
                },
                "metrics": {
                    "outcome": -6.01989861869998
                },
                "metadata": {
                    "trials": 1
                }
            },
            {
                "query": {
                    "x": 0.7561420864217555
                },
                "metrics": {
                    "outcome": -6.020088120615613
                },
                "metadata": {
                    "trials": 1
                }
            },
            {
                "query": {
                    "x": 0.755574630918972
                },
                "metrics": {
                    "outcome": -6.019250588020448
                },
                "metadata": {
                    "trials": 1
                }
            }
        ],
        [
            {
                "query": {
                    "x": 0.7573092100970429
                },
                "metrics": {
                    "outcome": -6.020738103926396
                },
                "metadata": {
                    "trials": 1
                }
            },
            {
                "query": {
                    "x": 0.7567783000726378
                },
                "metrics": {
                    "outcome": -6.020622023096342
                },
                "metadata": {
                    "trials": 1
                }
            },
            {
                "query": {
                    "x": 0.7578384738982179
                },
                "metrics": {
                    "outcome": -6.020554036514762
                },
                "metadata": {
                    "trials": 1
                }
            },
            {
                "query": {
                    "x": 0.7562692354233121
                },
                "metrics": {
                    "outcome": -6.0202291334537446
                },
                "metadata": {
                    "trials": 1
                }
            },
            {
                "query": {
                    "x": 0.7583548954980962
                },
                "metrics": {
                    "outcome": -6.020084629936185
                },
                "metadata": {
                    "trials": 1
                }
            },
            {
                "query": {
                    "x": 0.7557672916284521
                },
                "metrics": {
                    "outcome": -6.019573030425508
                },
                "metadata": {
                    "trials": 1
                }
            }
        ],
        [
            {
                "query": {
                    "x": 0.7573015722201979
                },
                "metrics": {
                    "outcome": -6.020738566014141
                },
                "metadata": {
                    "trials": 1
                }
            },
            {
                "query": {
                    "x": 0.7568137720256576
                },
                "metrics": {
                    "outcome": -6.020639140878882
                },
                "metadata": {
                    "trials": 1
                }
            },
            {
                "query": {
                    "x": 0.7577886082972403
                },
                "metrics": {
                    "outcome": -6.020584187537361
                },
                "metadata": {
                    "trials": 1
                }
            },
            {
                "query": {
                    "x": 0.7563448190260275
                },
                "metrics": {
                    "outcome": -6.020304845977371
                },
                "metadata": {
                    "trials": 1
                }
            },
            {
                "query": {
                    "x": 0.7582659537475871
                },
                "metrics": {
                    "outcome": -6.020185933499445
                },
                "metadata": {
                    "trials": 1
                }
            },
            {
                "query": {
                    "x": 0.7558812087763257
                },
                "metrics": {
                    "outcome": -6.019745278760362
                },
                "metadata": {
                    "trials": 1
                }
            }
        ],
        [
            {
                "query": {
                    "x": 0.7572825948429709
                },
                "metrics": {
                    "outcome": -6.020739444304106
                },
                "metadata": {
                    "trials": 1
                }
            },
            {
                "query": {
                    "x": 0.7568319087740067
                },
                "metrics": {
                    "outcome": -6.020647375928984
                },
                "metadata": {
                    "trials": 1
                }
            },
            {
                "query": {
                    "x": 0.7577327206870011
                },
                "metrics": {
                    "outcome": -6.020614809172914
                },
                "metadata": {
                    "trials": 1
                }
            },
            {
                "query": {
                    "x": 0.7563981155678978
                },
                "metrics": {
                    "outcome": -6.020354594202351
                },
                "metadata": {
                    "trials": 1
                }
            },
            {
                "query": {
                    "x": 0.7581769284971003
                },
                "metrics": {
                    "outcome": -6.020278798678891
                },
                "metadata": {
                    "trials": 1
                }
            },
            {
                "query": {
                    "x": 0.7586339679899143
                },
                "metrics": {
                    "outcome": -6.0197113830174755
                },
                "metadata": {
                    "trials": 1
                }
            }
        ],
        [
            {
                "query": {
                    "x": 0.7572757740093856
                },
                "metrics": {
                    "outcome": -6.020739665981763
                },
                "metadata": {
                    "trials": 1
                }
            },
            {
                "query": {
                    "x": 0.7577044796114597
                },
                "metrics": {
                    "outcome": -6.020629008809883
                },
                "metadata": {
                    "trials": 1
                }
            },
            {
                "query": {
                    "x": 0.756846447541363
                },
                "metrics": {
                    "outcome": -6.020653724528619
                },
                "metadata": {
                    "trials": 1
                }
            },
            {
                "query": {
                    "x": 0.7564305058684117
                },
                "metrics": {
                    "outcome": -6.02038335690904
                },
                "metadata": {
                    "trials": 1
                }
            },
            {
                "query": {
                    "x": 0.7581253360708796
                },
                "metrics": {
                    "outcome": -6.0203287114295785
                },
                "metadata": {
                    "trials": 1
                }
            },
            {
                "query": {
                    "x": 0.7560019585483551
                },
                "metrics": {
                    "outcome": -6.0199129053073115
                },
                "metadata": {
                    "trials": 1
                }
            }
        ],
        [
            {
                "query": {
                    "x": 0.7572820857013135
                },
                "metrics": {
                    "outcome": -6.020739462567759
                },
                "metadata": {
                    "trials": 1
                }
            },
            {
                "query": {
                    "x": 0.7568669516082303
                },
                "metrics": {
                    "outcome": -6.02066229560173
                },
                "metadata": {
                    "trials": 1
                }
            },
            {
                "query": {
                    "x": 0.7576966986379492
                },
                "metrics": {
                    "outcome": -6.020632770826233
                },
                "metadata": {
                    "trials": 1
                }
            },
            {
                "query": {
                    "x": 0.7564655709296529
                },
                "metrics": {
                    "outcome": -6.020413240600682
                },
                "metadata": {
                    "trials": 1
                }
            },
            {
                "query": {
                    "x": 0.7581044741469878
                },
                "metrics": {
                    "outcome": -6.020348080916987
                },
                "metadata": {
                    "trials": 1
                }
            },
            {
                "query": {
                    "x": 0.7560685561531283
                },
                "metrics": {
                    "outcome": -6.019998767088422
                },
                "metadata": {
                    "trials": 1
                }
            }
        ],
        [
            {
                "query": {
                    "x": 0.7572896087016066
                },
                "metrics": {
                    "outcome": -6.020739164521249
                },
                "metadata": {
                    "trials": 1
                }
            },
            {
                "query": {
                    "x": 0.7567401849519023
                },
                "metrics": {
                    "outcome": -6.020602138086964
                },
                "metadata": {
                    "trials": 1
                }
            },
            {
                "query": {
                    "x": 0.7578377331667391
                },
                "metrics": {
                    "outcome": -6.020554503921122
                },
                "metadata": {
                    "trials": 1
                }
            },
            {
                "query": {
                    "x": 0.7562094852210656
                },
                "metrics": {
                    "outcome": -6.0201649994961635
                },
                "metadata": {
                    "trials": 1
                }
            },
            {
                "query": {
                    "x": 0.7583873196625442
                },
                "metrics": {
                    "outcome": -6.020045578442173
                },
                "metadata": {
                    "trials": 1
                }
            },
            {
                "query": {
                    "x": 0.7556537485812073
                },
                "metrics": {
                    "outcome": -6.019387732935977
                },
                "metadata": {
                    "trials": 1
                }
            }
        ],
        [
            {
                "query": {
                    "x": 0.757254660746987
                },
                "metrics": {
                    "outcome": -6.0207400371597775
                },
                "metadata": {
                    "trials": 1
                }
            },
            {
                "query": {
                    "x": 0.7586079217492998
                },
                "metrics": {
                    "outcome": -6.019749776200486
                },
                "metadata": {
                    "trials": 1
                }
            },
            {
                "query": {
                    "x": 0.755903521069976
                },
                "metrics": {
                    "outcome": -6.019777412502373
                },
                "metadata": {
                    "trials": 1
                }
            },
            {
                "query": {
                    "x": 0.7543486225411956
                },
                "metrics": {
                    "outcome": -6.016286196165484
                },
                "metadata": {
                    "trials": 1
                }
            },
            {
                "query": {
                    "x": 0.7602736059855214
                },
                "metrics": {
                    "outcome": -6.015812473573452
                },
                "metadata": {
                    "trials": 1
                }
            },
            {
                "query": {
                    "x": 0.7517871453243464
                },
                "metrics": {
                    "outcome": -6.005064245331537
                },
                "metadata": {
                    "trials": 1
                }
            }
        ],
        [
            {
                "query": {
                    "x": 0.7572487313522214
                },
                "metrics": {
                    "outcome": -6.020740055766709
                },
                "metadata": {
                    "trials": 1
                }
            },
            {
                "query": {
                    "x": 0.7585846966746455
                },
                "metrics": {
                    "outcome": -6.019783392769666
                },
                "metadata": {
                    "trials": 1
                }
            },
            {
                "query": {
                    "x": 0.7559167533063056
                },
                "metrics": {
                    "outcome": -6.0197962210831175
                },
                "metadata": {
                    "trials": 1
                }
            },
            {
                "query": {
                    "x": 0.7544447264697313
                },
                "metrics": {
                    "outcome": -6.01657531186024
                },
                "metadata": {
                    "trials": 1
                }
            },
            {
                "query": {
                    "x": 0.7601816996394607
                },
                "metrics": {
                    "outcome": -6.016108535909704
                },
                "metadata": {
                    "trials": 1
                }
            },
            {
                "query": {
                    "x": 0.7525505458235165
                },
                "metrics": {
                    "outcome": -6.009113540657003
                },
                "metadata": {
                    "trials": 1
                }
            }
        ],
        [
            {
                "query": {
                    "x": 0.7572505653831219
                },
                "metrics": {
                    "outcome": -6.020740054022372
                },
                "metadata": {
                    "trials": 1
                }
            },
            {
                "query": {
                    "x": 0.7585963265834516
                },
                "metrics": {
                    "outcome": -6.019766632172556
                },
                "metadata": {
                    "trials": 1
                }
            },
            {
                "query": {
                    "x": 0.7559068655791183
                },
                "metrics": {
                    "outcome": -6.019782183913395
                },
                "metadata": {
                    "trials": 1
                }
            },
            {
                "query": {
                    "x": 0.754458755490617
                },
                "metrics": {
                    "outcome": -6.016616711615268
                },
                "metadata": {
                    "trials": 1
                }
            },
            {
                "query": {
                    "x": 0.7601581740118833
                },
                "metrics": {
                    "outcome": -6.016182834232788
                },
                "metadata": {
                    "trials": 1
                }
            },
            {
                "query": {
                    "x": 0.7526691105890216
                },
                "metrics": {
                    "outcome": -6.009689034698349
                },
                "metadata": {
                    "trials": 1
                }
            }
        ],
        [
            {
                "query": {
                    "x": 0.7572436742894069
                },
                "metrics": {
                    "outcome": -6.020740041967279
                },
                "metadata": {
                    "trials": 1
                }
            },
            {
                "query": {
                    "x": 0.7586066280126481
                },
                "metrics": {
                    "outcome": -6.019751664112708
                },
                "metadata": {
                    "trials": 1
                }
            },
            {
                "query": {
                    "x": 0.7558823528044658
                },
                "metrics": {
                    "outcome": -6.0197469391481055
                },
                "metadata": {
                    "trials": 1
                }
            },
            {
                "query": {
                    "x": 0.7601166532521715
                },
                "metrics": {
                    "outcome": -6.016312487359815
                },
                "metadata": {
                    "trials": 1
                }
            },
            {
                "query": {
                    "x": 0.7544273933913693
                },
                "metrics": {
                    "outcome": -6.016523878630856
                },
                "metadata": {
                    "trials": 1
                }
            },
            {
                "query": {
                    "x": 0.7526914111369024
                },
                "metrics": {
                    "outcome": -6.009795668878611
                },
                "metadata": {
                    "trials": 1
                }
            }
        ],
        [
            {
                "query": {
                    "x": 0.7572422332765334
                },
                "metrics": {
                    "outcome": -6.020740033034977
                },
                "metadata": {
                    "trials": 1
                }
            },
            {
                "query": {
                    "x": 0.7586267423793297
                },
                "metrics": {
                    "outcome": -6.019722107314785
                },
                "metadata": {
                    "trials": 1
                }
            },
            {
                "query": {
                    "x": 0.7558588518698559
                },
                "metrics": {
                    "outcome": -6.019712553777293
                },
                "metadata": {
                    "trials": 1
                }
            },
            {
                "query": {
                    "x": 0.7601173759811137
                },
                "metrics": {
                    "outcome": -6.016310246683907
                },
                "metadata": {
                    "trials": 1
                }
            },
            {
                "query": {
                    "x": 0.7544034059012493
                },
                "metrics": {
                    "outcome": -6.016452183225576
                },
                "metadata": {
                    "trials": 1
                }
            },
            {
                "query": {
                    "x": 0.752713270067897
                },
                "metrics": {
                    "outcome": -6.009899696705129
                },
                "metadata": {
                    "trials": 1
                }
            }
        ],
        [
            {
                "query": {
                    "x": 0.7572411264495613
                },
                "metrics": {
                    "outcome": -6.020740024668351
                },
                "metadata": {
                    "trials": 1
                }
            },
            {
                "query": {
                    "x": 0.7586513652799639
                },
                "metrics": {
                    "outcome": -6.019685330411234
                },
                "metadata": {
                    "trials": 1
                }
            },
            {
                "query": {
                    "x": 0.7558316530846496
                },
                "metrics": {
                    "outcome": -6.019672030375479
                },
                "metadata": {
                    "trials": 1
                }
            },
            {
                "query": {
                    "x": 0.7601312768230467
                },
                "metrics": {
                    "outcome": -6.016267038759248
                },
                "metadata": {
                    "trials": 1
                }
            },
            {
                "query": {
                    "x": 0.754371068434469
                },
                "metrics": {
                    "outcome": -6.0163545824182565
                },
                "metadata": {
                    "trials": 1
                }
            },
            {
                "query": {
                    "x": 0.7527159181091381
                },
                "metrics": {
                    "outcome": -6.009912265613369
                },
                "metadata": {
                    "trials": 1
                }
            }
        ],
        [
            {
                "query": {
                    "x": 0.7572440866517184
                },
                "metrics": {
                    "outcome": -6.02074004411526
                },
                "metadata": {
                    "trials": 1
                }
            },
            {
                "query": {
                    "x": 0.755804498762114
                },
                "metrics": {
                    "outcome": -6.019630794722923
                },
                "metadata": {
                    "trials": 1
                }
            },
            {
                "query": {
                    "x": 0.7586837999801932
                },
                "metrics": {
                    "outcome": -6.019635885769547
                },
                "metadata": {
                    "trials": 1
                }
            },
            {
                "query": {
                    "x": 0.7601739380468038
                },
                "metrics": {
                    "outcome": -6.01613311539944
                },
                "metadata": {
                    "trials": 1
                }
            },
            {
                "query": {
                    "x": 0.7543477401707428
                },
                "metrics": {
                    "outcome": -6.016283497119552
                },
                "metadata": {
                    "trials": 1
                }
            },
            {
                "query": {
                    "x": 0.7527295087816342
                },
                "metrics": {
                    "outcome": -6.00997666050912
                },
                "metadata": {
                    "trials": 1
                }
            }
        ],
        [
            {
                "query": {
                    "x": 0.7572433800209688
                },
                "metrics": {
                    "outcome": -6.02074004032341
                },
                "metadata": {
                    "trials": 1
                }
            },
            {
                "query": {
                    "x": 0.755767920952401
                },
                "metrics": {
                    "outcome": -6.019574019590985
                },
                "metadata": {
                    "trials": 1
                }
            },
            {
                "query": {
                    "x": 0.7587187117122562
                },
                "metrics": {
                    "outcome": -6.019581394276421
                },
                "metadata": {
                    "trials": 1
                }
            },
            {
                "query": {
                    "x": 0.7602105089486065
                },
                "metrics": {
                    "outcome": -6.01601672587796
                },
                "metadata": {
                    "trials": 1
                }
            },
            {
                "query": {
                    "x": 0.7542980574130471
                },
                "metrics": {
                    "outcome": -6.016130217293818
                },
                "metadata": {
                    "trials": 1
                }
            },
            {
                "query": {
                    "x": 0.752702035935258
                },
                "metrics": {
                    "outcome": -6.00984629404017
                },
                "metadata": {
                    "trials": 1
                }
            }
        ],
        [
            {
                "query": {
                    "x": 0.757242591796349
                },
                "metrics": {
                    "outcome": -6.020740035464542
                },
                "metadata": {
                    "trials": 1
                }
            },
            {
                "query": {
                    "x": 0.755726789916884
                },
                "metrics": {
                    "outcome": -6.019508492129003
                },
                "metadata": {
                    "trials": 1
                }
            },
            {
                "query": {
                    "x": 0.7587580587394209
                },
                "metrics": {
                    "outcome": -6.019518400334091
                },
                "metadata": {
                    "trials": 1
                }
            },
            {
                "query": {
                    "x": 0.7602566757370494
                },
                "metrics": {
                    "outcome": -6.015867706542897
                },
                "metadata": {
                    "trials": 1
                }
            },
            {
                "query": {
                    "x": 0.7542382264330177
                },
                "metrics": {
                    "outcome": -6.015942219872979
                },
                "metadata": {
                    "trials": 1
                }
            },
            {
                "query": {
                    "x": 0.7526587422844494
                },
                "metrics": {
                    "outcome": -6.009639283183133
                },
                "metadata": {
                    "trials": 1
                }
            }
        ],
        [
            {
                "query": {
                    "x": 0.7572421169609738
                },
                "metrics": {
                    "outcome": -6.020740032217255
                },
                "metadata": {
                    "trials": 1
                }
            },
            {
                "query": {
                    "x": 0.7557048861612199
                },
                "metrics": {
                    "outcome": -6.019472868764809
                },
                "metadata": {
                    "trials": 1
                }
            },
            {
                "query": {
                    "x": 0.7587786525509944
                },
                "metrics": {
                    "outcome": -6.019484762433304
                },
                "metadata": {
                    "trials": 1
                }
            },
            {
                "query": {
                    "x": 0.7602853816318517
                },
                "metrics": {
                    "outcome": -6.01577387183414
                },
                "metadata": {
                    "trials": 1
                }
            },
            {
                "query": {
                    "x": 0.7541983704406089
                },
                "metrics": {
                    "outcome": -6.015814920774661
                },
                "metadata": {
                    "trials": 1
                }
            },
            {
                "query": {
                    "x": 0.7526162398915245
                },
                "metrics": {
                    "outcome": -6.0094341875825155
                },
                "metadata": {
                    "trials": 1
                }
            }
        ],
        [
            {
                "query": {
                    "x": 0.757240784073725
                },
                "metrics": {
                    "outcome": -6.020740021815353
                },
                "metadata": {
                    "trials": 1
                }
            },
            {
                "query": {
                    "x": 0.7556974780286553
                },
                "metrics": {
                    "outcome": -6.019460706070534
                },
                "metadata": {
                    "trials": 1
                }
            },
            {
                "query": {
                    "x": 0.7587835776132998
                },
                "metrics": {
                    "outcome": -6.019476649865186
                },
                "metadata": {
                    "trials": 1
                }
            },
            {
                "query": {
                    "x": 0.7602906989858352
                },
                "metrics": {
                    "outcome": -6.015756391255626
                },
                "metadata": {
                    "trials": 1
                }
            },
            {
                "query": {
                    "x": 0.754181992296802
                },
                "metrics": {
                    "outcome": -6.015762130638855
                },
                "metadata": {
                    "trials": 1
                }
            },
            {
                "query": {
                    "x": 0.7526062519849424
                },
                "metrics": {
                    "outcome": -6.0093857223579334
                },
                "metadata": {
                    "trials": 1
                }
            }
        ],
        [
            {
                "query": {
                    "x": 0.7572406479879964
                },
                "metrics": {
                    "outcome": -6.020740020646591
                },
                "metadata": {
                    "trials": 1
                }
            },
            {
                "query": {
                    "x": 0.7556931907292949
                },
                "metrics": {
                    "outcome": -6.019453640752757
                },
                "metadata": {
                    "trials": 1
                }
            },
            {
                "query": {
                    "x": 0.7587875817030801
                },
                "metrics": {
                    "outcome": -6.019470034984355
                },
                "metadata": {
                    "trials": 1
                }
            },
            {
                "query": {
                    "x": 0.7602963027332821
                },
                "metrics": {
                    "outcome": -6.015737935661053
                },
                "metadata": {
                    "trials": 1
                }
            },
            {
                "query": {
                    "x": 0.7541750469991275
                },
                "metrics": {
                    "outcome": -6.015739660328422
                },
                "metadata": {
                    "trials": 1
                }
            },
            {
                "query": {
                    "x": 0.7526010569358397
                },
                "metrics": {
                    "outcome": -6.0093604735602515
                },
                "metadata": {
                    "trials": 1
                }
            }
        ],
        [
            {
                "query": {
                    "x": 0.7572420435147018
                },
                "metrics": {
                    "outcome": -6.020740031693471
                },
                "metadata": {
                    "trials": 1
                }
            },
            {
                "query": {
                    "x": 0.7556931572093493
                },
                "metrics": {
                    "outcome": -6.019453585436771
                },
                "metadata": {
                    "trials": 1
                }
            },
            {
                "query": {
                    "x": 0.7587906513348318
                },
                "metrics": {
                    "outcome": -6.019464952111414
                },
                "metadata": {
                    "trials": 1
                }
            },
            {
                "query": {
                    "x": 0.760310109557593
                },
                "metrics": {
                    "outcome": -6.015692316989742
                },
                "metadata": {
                    "trials": 1
                }
            },
            {
                "query": {
                    "x": 0.7541833712880152
                },
                "metrics": {
                    "outcome": -6.015766586161333
                },
                "metadata": {
                    "trials": 1
                }
            },
            {
                "query": {
                    "x": 0.7526262414768357
                },
                "metrics": {
                    "outcome": -6.009482616797483
                },
                "metadata": {
                    "trials": 1
                }
            }
        ],
        [
            {
                "query": {
                    "x": 0.7572421253600282
                },
                "metrics": {
                    "outcome": -6.020740032276787
                },
                "metadata": {
                    "trials": 1
                }
            },
            {
                "query": {
                    "x": 0.7556902533419005
                },
                "metrics": {
                    "outcome": -6.019448788862172
                },
                "metadata": {
                    "trials": 1
                }
            },
            {
                "query": {
                    "x": 0.758793641138582
                },
                "metrics": {
                    "outcome": -6.01945999162204
                },
                "metadata": {
                    "trials": 1
                }
            },
            {
                "query": {
                    "x": 0.7603149927862649
                },
                "metrics": {
                    "outcome": -6.015676132495361
                },
                "metadata": {
                    "trials": 1
                }
            },
            {
                "query": {
                    "x": 0.7541787501739717
                },
                "metrics": {
                    "outcome": -6.015751647549779
                },
                "metadata": {
                    "trials": 1
                }
            },
            {
                "query": {
                    "x": 0.7526221812723177
                },
                "metrics": {
                    "outcome": -6.0094629690168215
                },
                "metadata": {
                    "trials": 1
                }
            }
        ]
    ],
    "best_results": [
        {
            "query": {
                "x": 0.7572487313522214
            },
            "metrics": [
                {
                    "name": "outcome",
                    "value": -6.020740055766709
                }
            ]
        }
    ]
}