{
    "date": "05/11/2022 12:04:12",
    "basic_params": {
        "active_variables": [
            "x"
        ],
        "default_query": {},
        "metric": "basic",
        "n_trials": 1
    },
    "objective_function": {
        "name": "Forrester",
        "params": {}
    },
    "optimizer": {
        "name": "BBO-LP(LCBa)-FoD",
        "params": {
            "lower_bound": [
                0.0
            ],
            "upper_bound": [
                1.0
            ],
            "invert_metric": false,
            "bopt_params": {
                "n_init_samples": 12,
                "n_iterations": 23,
                "n_iter_relearn": 5,
                "verbose_level": 0,
                "n_parallel_samples": 6,
                "fixed_dataset_size": 50,
                "par_type": "PAR_BBO",
                "crit_name": "cLP(cLCBa)",
                "n_crit_params": 3,
                "crit_params": [
                    6,
                    1,
                    5.0
                ]
            }
        }
    },
    "iterations": [
        [
            {
                "query": {
                    "x": 0.24053361961462846
                },
                "metrics": {
                    "outcome": -0.27818239294260216
                },
                "metadata": {
                    "trials": 1
                }
            }
        ],
        [
            {
                "query": {
                    "x": 0.05727616480241219
                },
                "metrics": {
                    "outcome": 0.46710317492079956
                },
                "metadata": {
                    "trials": 1
                }
            }
        ],
        [
            {
                "query": {
                    "x": 0.8868400038724454
                },
                "metrics": {
                    "outcome": 3.8739294131840136
                },
                "metadata": {
                    "trials": 1
                }
            }
        ],
        [
            {
                "query": {
                    "x": 0.590901014705499
                },
                "metrics": {
                    "outcome": 0.12122588109531446
                },
                "metadata": {
                    "trials": 1
                }
            }
        ],
        [
            {
                "query": {
                    "x": 0.9944821087022623
                },
                "metrics": {
                    "outcome": 15.686154798768964
                },
                "metadata": {
                    "trials": 1
                }
            }
        ],
        [
            {
                "query": {
                    "x": 0.6889107683673501
                },
                "metrics": {
                    "outcome": -4.107485766131931
                },
                "metadata": {
                    "trials": 1
                }
            }
        ],
        [
            {
                "query": {
                    "x": 0.7976432125433348
                },
                "metrics": {
                    "outcome": -5.067517034319684
                },
                "metadata": {
                    "trials": 1
                }
            }
        ],
        [
            {
                "query": {
                    "x": 0.33579292775054154
                },
                "metrics": {
                    "outcome": 6.427042701372072e-06
                },
                "metadata": {
                    "trials": 1
                }
            }
        ],
        [
            {
                "query": {
                    "x": 0.5185326662807105
                },
                "metrics": {
                    "outcome": 0.9817760540411018
                },
                "metadata": {
                    "trials": 1
                }
            }
        ],
        [
            {
                "query": {
                    "x": 0.46798643574584275
                },
                "metrics": {
                    "outcome": 0.6520705059320573
                },
                "metadata": {
                    "trials": 1
                }
            }
        ],
        [
            {
                "query": {
                    "x": 0.10515672725159675
                },
                "metrics": {
                    "outcome": -0.7358881719971034
                },
                "metadata": {
                    "trials": 1
                }
            }
        ],
        [
            {
                "query": {
                    "x": 0.2583482028567232
                },
                "metrics": {
                    "outcome": -0.15853835365077085
                },
                "metadata": {
                    "trials": 1
                }
            }
        ],
        [
            {
                "query": {
                    "x": 0.7725082859138593
                },
                "metrics": {
                    "outcome": -5.891333934575956
                },
                "metadata": {
                    "trials": 1
                }
            },
            {
                "query": {
                    "x": 0.7634932133824672
                },
                "metrics": {
                    "outcome": -5.999556389372725
                },
                "metadata": {
                    "trials": 1
                }
            },
            {
                "query": {
                    "x": 0.7810210905074988
                },
                "metrics": {
                    "outcome": -5.7006129517831114
                },
                "metadata": {
                    "trials": 1
                }
            },
            {
                "query": {
                    "x": 0.7538021651417186
                },
                "metrics": {
                    "outcome": -6.01445975120354
                },
                "metadata": {
                    "trials": 1
                }
            },
            {
                "query": {
                    "x": 0.7872287807761443
                },
                "metrics": {
                    "outcome": -5.50517966664119
                },
                "metadata": {
                    "trials": 1
                }
            },
            {
                "query": {
                    "x": 0.792142349808323
                },
                "metrics": {
                    "outcome": -5.31598720492455
                },
                "metadata": {
                    "trials": 1
                }
            }
        ],
        [
            {
                "query": {
                    "x": 0.7576126468337105
                },
                "metrics": {
                    "outcome": -6.020669272303058
                },
                "metadata": {
                    "trials": 1
                }
            },
            {
                "query": {
                    "x": 0.7593969199656155
                },
                "metrics": {
                    "outcome": -6.018260886503959
                },
                "metadata": {
                    "trials": 1
                }
            },
            {
                "query": {
                    "x": 0.7558396595132119
                },
                "metrics": {
                    "outcome": -6.019684040192989
                },
                "metadata": {
                    "trials": 1
                }
            },
            {
                "query": {
                    "x": 0.7453033376723043
                },
                "metrics": {
                    "outcome": -5.947251403460228
                },
                "metadata": {
                    "trials": 1
                }
            },
            {
                "query": {
                    "x": 0.7543265997005628
                },
                "metrics": {
                    "outcome": -6.016218589123515
                },
                "metadata": {
                    "trials": 1
                }
            },
            {
                "query": {
                    "x": 0.7610629916348687
                },
                "metrics": {
                    "outcome": -6.012888021048569
                },
                "metadata": {
                    "trials": 1
                }
            }
        ],
        [
            {
                "query": {
                    "x": 0.7572636601053109
                },
                "metrics": {
                    "outcome": -6.02073993717178
                },
                "metadata": {
                    "trials": 1
                }
            },
            {
                "query": {
                    "x": 0.7580817672346224
                },
                "metrics": {
                    "outcome": -6.020368631271829
                },
                "metadata": {
                    "trials": 1
                }
            },
            {
                "query": {
                    "x": 0.7564475994640667
                },
                "metrics": {
                    "outcome": -6.0203980875932555
                },
                "metadata": {
                    "trials": 1
                }
            },
            {
                "query": {
                    "x": 0.7588728929541936
                },
                "metrics": {
                    "outcome": -6.019324975462255
                },
                "metadata": {
                    "trials": 1
                }
            },
            {
                "query": {
                    "x": 0.7556661720369605
                },
                "metrics": {
                    "outcome": -6.01940866932617
                },
                "metadata": {
                    "trials": 1
                }
            },
            {
                "query": {
                    "x": 0.7549111076960044
                },
                "metrics": {
                    "outcome": -6.017841546917128
                },
                "metadata": {
                    "trials": 1
                }
            }
        ],
        [
            {
                "query": {
                    "x": 0.7572700928064051
                },
                "metrics": {
                    "outcome": -6.020739812683953
                },
                "metadata": {
                    "trials": 1
                }
            },
            {
                "query": {
                    "x": 0.7579377804430953
                },
                "metrics": {
                    "outcome": -6.020486039830192
                },
                "metadata": {
                    "trials": 1
                }
            },
            {
                "query": {
                    "x": 0.7566047577100988
                },
                "metrics": {
                    "outcome": -6.02051899237714
                },
                "metadata": {
                    "trials": 1
                }
            },
            {
                "query": {
                    "x": 0.7585926201380614
                },
                "metrics": {
                    "outcome": -6.019771989626026
                },
                "metadata": {
                    "trials": 1
                }
            },
            {
                "query": {
                    "x": 0.7559623335944381
                },
                "metrics": {
                    "outcome": -6.019859594702866
                },
                "metadata": {
                    "trials": 1
                }
            },
            {
                "query": {
                    "x": 0.7592573267349448
                },
                "metrics": {
                    "outcome": -6.018573466146545
                },
                "metadata": {
                    "trials": 1
                }
            }
        ],
        [
            {
                "query": {
                    "x": 0.7572218683044405
                },
                "metrics": {
                    "outcome": -6.020739669686504
                },
                "metadata": {
                    "trials": 1
                }
            },
            {
                "query": {
                    "x": 0.7578189215576171
                },
                "metrics": {
                    "outcome": -6.020566176781559
                },
                "metadata": {
                    "trials": 1
                }
            },
            {
                "query": {
                    "x": 0.7566267520119052
                },
                "metrics": {
                    "outcome": -6.020533821311296
                },
                "metadata": {
                    "trials": 1
                }
            },
            {
                "query": {
                    "x": 0.7583993393652982
                },
                "metrics": {
                    "outcome": -6.020030813974131
                },
                "metadata": {
                    "trials": 1
                }
            },
            {
                "query": {
                    "x": 0.7560428290709924
                },
                "metrics": {
                    "outcome": -6.019966153758273
                },
                "metadata": {
                    "trials": 1
                }
            },
            {
                "query": {
                    "x": 0.7589868521165665
                },
                "metrics": {
                    "outcome": -6.019118910619601
                },
                "metadata": {
                    "trials": 1
                }
            }
        ],
        [
            {
                "query": {
                    "x": 0.7572236723241781
                },
                "metrics": {
                    "outcome": -6.020739719751312
                },
                "metadata": {
                    "trials": 1
                }
            },
            {
                "query": {
                    "x": 0.7577565386334302
                },
                "metrics": {
                    "outcome": -6.020602168636226
                },
                "metadata": {
                    "trials": 1
                }
            },
            {
                "query": {
                    "x": 0.7566916614378262
                },
                "metrics": {
                    "outcome": -6.020574587829433
                },
                "metadata": {
                    "trials": 1
                }
            },
            {
                "query": {
                    "x": 0.7582751436151112
                },
                "metrics": {
                    "outcome": -6.0201758612125955
                },
                "metadata": {
                    "trials": 1
                }
            },
            {
                "query": {
                    "x": 0.7561678075408357
                },
                "metrics": {
                    "outcome": -6.020118026720912
                },
                "metadata": {
                    "trials": 1
                }
            },
            {
                "query": {
                    "x": 0.7587996854777718
                },
                "metrics": {
                    "outcome": -6.019449933704564
                },
                "metadata": {
                    "trials": 1
                }
            }
        ],
        [
            {
                "query": {
                    "x": 0.7572090215700773
                },
                "metrics": {
                    "outcome": -6.020739212685455
                },
                "metadata": {
                    "trials": 1
                }
            },
            {
                "query": {
                    "x": 0.7577127850423823
                },
                "metrics": {
                    "outcome": -6.0206249216016765
                },
                "metadata": {
                    "trials": 1
                }
            },
            {
                "query": {
                    "x": 0.7567060799054499
                },
                "metrics": {
                    "outcome": -6.020583035605265
                },
                "metadata": {
                    "trials": 1
                }
            },
            {
                "query": {
                    "x": 0.7582019258874824
                },
                "metrics": {
                    "outcome": -6.020253584768953
                },
                "metadata": {
                    "trials": 1
                }
            },
            {
                "query": {
                    "x": 0.7562077420680727
                },
                "metrics": {
                    "outcome": -6.020163071713346
                },
                "metadata": {
                    "trials": 1
                }
            },
            {
                "query": {
                    "x": 0.758697023481267
                },
                "metrics": {
                    "outcome": -6.019615401078162
                },
                "metadata": {
                    "trials": 1
                }
            }
        ],
        [
            {
                "query": {
                    "x": 0.757200097207911
                },
                "metrics": {
                    "outcome": -6.020738791496981
                },
                "metadata": {
                    "trials": 1
                }
            },
            {
                "query": {
                    "x": 0.7576735133676984
                },
                "metrics": {
                    "outcome": -6.0206435958130555
                },
                "metadata": {
                    "trials": 1
                }
            },
            {
                "query": {
                    "x": 0.7567274118525794
                },
                "metrics": {
                    "outcome": -6.020595128630357
                },
                "metadata": {
                    "trials": 1
                }
            },
            {
                "query": {
                    "x": 0.7581324580871793
                },
                "metrics": {
                    "outcome": -6.02032199169769
                },
                "metadata": {
                    "trials": 1
                }
            },
            {
                "query": {
                    "x": 0.7562572399556482
                },
                "metrics": {
                    "outcome": -6.020216561156787
                },
                "metadata": {
                    "trials": 1
                }
            },
            {
                "query": {
                    "x": 0.7585967332255477
                },
                "metrics": {
                    "outcome": -6.019766043491492
                },
                "metadata": {
                    "trials": 1
                }
            }
        ],
        [
            {
                "query": {
                    "x": 0.7572221209436393
                },
                "metrics": {
                    "outcome": -6.020739676906949
                },
                "metadata": {
                    "trials": 1
                }
            },
            {
                "query": {
                    "x": 0.7561383711433376
                },
                "metrics": {
                    "outcome": -6.020083742990743
                },
                "metadata": {
                    "trials": 1
                }
            },
            {
                "query": {
                    "x": 0.7583037503969005
                },
                "metrics": {
                    "outcome": -6.02014392513939
                },
                "metadata": {
                    "trials": 1
                }
            },
            {
                "query": {
                    "x": 0.7549790760636134
                },
                "metrics": {
                    "outcome": -6.0180071055014075
                },
                "metadata": {
                    "trials": 1
                }
            },
            {
                "query": {
                    "x": 0.7594128133415238
                },
                "metrics": {
                    "outcome": -6.018223954774195
                },
                "metadata": {
                    "trials": 1
                }
            },
            {
                "query": {
                    "x": 0.7607009972854722
                },
                "metrics": {
                    "outcome": -6.014314081483744
                },
                "metadata": {
                    "trials": 1
                }
            }
        ],
        [
            {
                "query": {
                    "x": 0.7572288046205674
                },
                "metrics": {
                    "outcome": -6.020739843175573
                },
                "metadata": {
                    "trials": 1
                }
            },
            {
                "query": {
                    "x": 0.7561252768435793
                },
                "metrics": {
                    "outcome": -6.02006819787546
                },
                "metadata": {
                    "trials": 1
                }
            },
            {
                "query": {
                    "x": 0.7583233918126572
                },
                "metrics": {
                    "outcome": -6.020121487263787
                },
                "metadata": {
                    "trials": 1
                }
            },
            {
                "query": {
                    "x": 0.7549422299472844
                },
                "metrics": {
                    "outcome": -6.0179179551433295
                },
                "metadata": {
                    "trials": 1
                }
            },
            {
                "query": {
                    "x": 0.7594399448528283
                },
                "metrics": {
                    "outcome": -6.018160274073149
                },
                "metadata": {
                    "trials": 1
                }
            },
            {
                "query": {
                    "x": 0.7607676039057515
                },
                "metrics": {
                    "outcome": -6.01406250759924
                },
                "metadata": {
                    "trials": 1
                }
            }
        ],
        [
            {
                "query": {
                    "x": 0.7572416337110661
                },
                "metrics": {
                    "outcome": -6.0207400286651955
                },
                "metadata": {
                    "trials": 1
                }
            },
            {
                "query": {
                    "x": 0.7558308646002965
                },
                "metrics": {
                    "outcome": -6.019670843973891
                },
                "metadata": {
                    "trials": 1
                }
            },
            {
                "query": {
                    "x": 0.7586335824897448
                },
                "metrics": {
                    "outcome": -6.019711956603841
                },
                "metadata": {
                    "trials": 1
                }
            },
            {
                "query": {
                    "x": 0.7542495954477649
                },
                "metrics": {
                    "outcome": -6.015978229461188
                },
                "metadata": {
                    "trials": 1
                }
            },
            {
                "query": {
                    "x": 0.7600837110883102
                },
                "metrics": {
                    "outcome": -6.01641401158321
                },
                "metadata": {
                    "trials": 1
                }
            },
            {
                "query": {
                    "x": 0.7517516258905415
                },
                "metrics": {
                    "outcome": -6.004861389477839
                },
                "metadata": {
                    "trials": 1
                }
            }
        ],
        [
            {
                "query": {
                    "x": 0.7572155437249117
                },
                "metrics": {
                    "outcome": -6.020739466721524
                },
                "metadata": {
                    "trials": 1
                }
            },
            {
                "query": {
                    "x": 0.7558313316734057
                },
                "metrics": {
                    "outcome": -6.019671546839726
                },
                "metadata": {
                    "trials": 1
                }
            },
            {
                "query": {
                    "x": 0.758597809928912
                },
                "metrics": {
                    "outcome": -6.019764483924357
                },
                "metadata": {
                    "trials": 1
                }
            },
            {
                "query": {
                    "x": 0.7600454844913629
                },
                "metrics": {
                    "outcome": -6.016530334703125
                },
                "metadata": {
                    "trials": 1
                }
            },
            {
                "query": {
                    "x": 0.7543232274058758
                },
                "metrics": {
                    "outcome": -6.016208192083836
                },
                "metadata": {
                    "trials": 1
                }
            },
            {
                "query": {
                    "x": 0.76200845562229
                },
                "metrics": {
                    "outcome": -6.00848141530596
                },
                "metadata": {
                    "trials": 1
                }
            }
        ],
        [
            {
                "query": {
                    "x": 0.757208730669438
                },
                "metrics": {
                    "outcome": -6.020739200296945
                },
                "metadata": {
                    "trials": 1
                }
            },
            {
                "query": {
                    "x": 0.7558215525547433
                },
                "metrics": {
                    "outcome": -6.0196567828930565
                },
                "metadata": {
                    "trials": 1
                }
            },
            {
                "query": {
                    "x": 0.7585920772691814
                },
                "metrics": {
                    "outcome": -6.019772773065883
                },
                "metadata": {
                    "trials": 1
                }
            },
            {
                "query": {
                    "x": 0.7600182065361483
                },
                "metrics": {
                    "outcome": -6.016612364724273
                },
                "metadata": {
                    "trials": 1
                }
            },
            {
                "query": {
                    "x": 0.7543052520163176
                },
                "metrics": {
                    "outcome": -6.016152572932096
                },
                "metadata": {
                    "trials": 1
                }
            },
            {
                "query": {
                    "x": 0.761758751404821
                },
                "metrics": {
                    "outcome": -6.009741343987078
                },
                "metadata": {
                    "trials": 1
                }
            }
        ],
        [
            {
                "query": {
                    "x": 0.7572181281821673
                },
                "metrics": {
                    "outcome": -6.020739554820976
                },
                "metadata": {
                    "trials": 1
                }
            },
            {
                "query": {
                    "x": 0.7557791327737247
                },
                "metrics": {
                    "outcome": -6.019591572237317
                },
                "metadata": {
                    "trials": 1
                }
            },
            {
                "query": {
                    "x": 0.7586529592777711
                },
                "metrics": {
                    "outcome": -6.0196829270281125
                },
                "metadata": {
                    "trials": 1
                }
            },
            {
                "query": {
                    "x": 0.7601259163883297
                },
                "metrics": {
                    "outcome": -6.016283725608422
                },
                "metadata": {
                    "trials": 1
                }
            },
            {
                "query": {
                    "x": 0.7542320395580513
                },
                "metrics": {
                    "outcome": -6.015922567432586
                },
                "metadata": {
                    "trials": 1
                }
            },
            {
                "query": {
                    "x": 0.7618950490898357
                },
                "metrics": {
                    "outcome": -6.009062197941125
                },
                "metadata": {
                    "trials": 1
                }
            }
        ],
        [
            {
                "query": {
                    "x": 0.7572283630854801
                },
                "metrics": {
                    "outcome": -6.020739833663085
                },
                "metadata": {
                    "trials": 1
                }
            },
            {
                "query": {
                    "x": 0.7557705634313147
                },
                "metrics": {
                    "outcome": -6.019578168456813
                },
                "metadata": {
                    "trials": 1
                }
            },
            {
                "query": {
                    "x": 0.7586816819074621
                },
                "metrics": {
                    "outcome": -6.019639149339396
                },
                "metadata": {
                    "trials": 1
                }
            },
            {
                "query": {
                    "x": 0.7542339894551001
                },
                "metrics": {
                    "outcome": -6.0159287655230855
                },
                "metadata": {
                    "trials": 1
                }
            },
            {
                "query": {
                    "x": 0.7601638875881414
                },
                "metrics": {
                    "outcome": -6.016164845362585
                },
                "metadata": {
                    "trials": 1
                }
            },
            {
                "query": {
                    "x": 0.7618632195470743
                },
                "metrics": {
                    "outcome": -6.0092226413671845
                },
                "metadata": {
                    "trials": 1
                }
            }
        ],
        [
            {
                "query": {
                    "x": 0.7572374248516065
                },
                "metrics": {
                    "outcome": -6.020739987183593
                },
                "metadata": {
                    "trials": 1
                }
            },
            {
                "query": {
                    "x": 0.7557549427903385
                },
                "metrics": {
                    "outcome": -6.019553536154581
                },
                "metadata": {
                    "trials": 1
                }
            },
            {
                "query": {
                    "x": 0.7587151757192914
                },
                "metrics": {
                    "outcome": -6.0195869733561365
                },
                "metadata": {
                    "trials": 1
                }
            },
            {
                "query": {
                    "x": 0.7542233077633117
                },
                "metrics": {
                    "outcome": -6.015894763396817
                },
                "metadata": {
                    "trials": 1
                }
            },
            {
                "query": {
                    "x": 0.7602101524901238
                },
                "metrics": {
                    "outcome": -6.01601786739578
                },
                "metadata": {
                    "trials": 1
                }
            },
            {
                "query": {
                    "x": 0.7618778895435016
                },
                "metrics": {
                    "outcome": -6.009148833745887
                },
                "metadata": {
                    "trials": 1
                }
            }
        ],
        [
            {
                "query": {
                    "x": 0.7572449126982324
                },
                "metrics": {
                    "outcome": -6.02074004787185
                },
                "metadata": {
                    "trials": 1
                }
            },
            {
                "query": {
                    "x": 0.7557323793050715
                },
                "metrics": {
                    "outcome": -6.019517501503108
                },
                "metadata": {
                    "trials": 1
                }
            },
            {
                "query": {
                    "x": 0.758752642397152
                },
                "metrics": {
                    "outcome": -6.019527171186886
                },
                "metadata": {
                    "trials": 1
                }
            },
            {
                "query": {
                    "x": 0.7542001256505844
                },
                "metrics": {
                    "outcome": -6.015820561636624
                },
                "metadata": {
                    "trials": 1
                }
            },
            {
                "query": {
                    "x": 0.7603396028452418
                },
                "metrics": {
                    "outcome": -6.015594169802852
                },
                "metadata": {
                    "trials": 1
                }
            },
            {
                "query": {
                    "x": 0.752368982521472
                },
                "metrics": {
                    "outcome": -6.008204379129892
                },
                "metadata": {
                    "trials": 1
                }
            }
        ],
        [
            {
                "query": {
                    "x": 0.757236348685641
                },
                "metrics": {
                    "outcome": -6.020739973540221
                },
                "metadata": {
                    "trials": 1
                }
            },
            {
                "query": {
                    "x": 0.7557030766640753
                },
                "metrics": {
                    "outcome": -6.019469903264411
                },
                "metadata": {
                    "trials": 1
                }
            },
            {
                "query": {
                    "x": 0.7587661826011477
                },
                "metrics": {
                    "outcome": -6.019505185621257
                },
                "metadata": {
                    "trials": 1
                }
            },
            {
                "query": {
                    "x": 0.7541566069765128
                },
                "metrics": {
                    "outcome": -6.01567975758372
                },
                "metadata": {
                    "trials": 1
                }
            },
            {
                "query": {
                    "x": 0.7603968482412882
                },
                "metrics": {
                    "outcome": -6.015400949643586
                },
                "metadata": {
                    "trials": 1
                }
            },
            {
                "query": {
                    "x": 0.7523826055181455
                },
                "metrics": {
                    "outcome": -6.00827376462191
                },
                "metadata": {
                    "trials": 1
                }
            }
        ],
        [
            {
                "query": {
                    "x": 0.7572371522008357
                },
                "metrics": {
                    "outcome": -6.02073998384397
                },
                "metadata": {
                    "trials": 1
                }
            },
            {
                "query": {
                    "x": 0.7556947172487137
                },
                "metrics": {
                    "outcome": -6.019456158623042
                },
                "metadata": {
                    "trials": 1
                }
            },
            {
                "query": {
                    "x": 0.7587769014480562
                },
                "metrics": {
                    "outcome": -6.019487640528461
                },
                "metadata": {
                    "trials": 1
                }
            },
            {
                "query": {
                    "x": 0.754146570880088
                },
                "metrics": {
                    "outcome": -6.015647006658061
                },
                "metadata": {
                    "trials": 1
                }
            },
            {
                "query": {
                    "x": 0.7603033965979639
                },
                "metrics": {
                    "outcome": -6.015714523134852
                },
                "metadata": {
                    "trials": 1
                }
            },
            {
                "query": {
                    "x": 0.7619993879127152
                },
                "metrics": {
                    "outcome": -6.008528378093522
                },
                "metadata": {
                    "trials": 1
                }
            }
        ],
        [
            {
                "query": {
                    "x": 0.7572416933790493
                },
                "metrics": {
                    "outcome": -6.020740029117273
                },
                "metadata": {
                    "trials": 1
                }
            },
            {
                "query": {
                    "x": 0.7556954910973025
                },
                "metrics": {
                    "outcome": -6.019457434085866
                },
                "metadata": {
                    "trials": 1
                }
            },
            {
                "query": {
                    "x": 0.7587850951106124
                },
                "metrics": {
                    "outcome": -6.019474144953588
                },
                "metadata": {
                    "trials": 1
                }
            },
            {
                "query": {
                    "x": 0.7541471084617373
                },
                "metrics": {
                    "outcome": -6.015648763608132
                },
                "metadata": {
                    "trials": 1
                }
            },
            {
                "query": {
                    "x": 0.7603218534944951
                },
                "metrics": {
                    "outcome": -6.015653349910888
                },
                "metadata": {
                    "trials": 1
                }
            },
            {
                "query": {
                    "x": 0.7524193035593026
                },
                "metrics": {
                    "outcome": -6.008459733700363
                },
                "metadata": {
                    "trials": 1
                }
            }
        ],
        [
            {
                "query": {
                    "x": 0.7572459351782166
                },
                "metrics": {
                    "outcome": -6.020740051512478
                },
                "metadata": {
                    "trials": 1
                }
            },
            {
                "query": {
                    "x": 0.7556922230789357
                },
                "metrics": {
                    "outcome": -6.019452043420306
                },
                "metadata": {
                    "trials": 1
                }
            },
            {
                "query": {
                    "x": 0.7587982372441411
                },
                "metrics": {
                    "outcome": -6.019452347199088
                },
                "metadata": {
                    "trials": 1
                }
            },
            {
                "query": {
                    "x": 0.7541489226868328
                },
                "metrics": {
                    "outcome": -6.015654690728807
                },
                "metadata": {
                    "trials": 1
                }
            },
            {
                "query": {
                    "x": 0.7603493519493969
                },
                "metrics": {
                    "outcome": -6.015561517373754
                },
                "metadata": {
                    "trials": 1
                }
            },
            {
                "query": {
                    "x": 0.7524423063040097
                },
                "metrics": {
                    "outcome": -6.008575599292688
                },
                "metadata": {
                    "trials": 1
                }
            }
        ],
        [
            {
                "query": {
                    "x": 0.7572472847984231
                },
                "metrics": {
                    "outcome": -6.020740054608375
                },
                "metadata": {
                    "trials": 1
                }
            },
            {
                "query": {
                    "x": 0.7556900597996309
                },
                "metrics": {
                    "outcome": -6.019448468855483
                },
                "metadata": {
                    "trials": 1
                }
            },
            {
                "query": {
                    "x": 0.7588028623109938
                },
                "metrics": {
                    "outcome": -6.019444631534167
                },
                "metadata": {
                    "trials": 1
                }
            },
            {
                "query": {
                    "x": 0.754146293157886
                },
                "metrics": {
                    "outcome": -6.015646098875442
                },
                "metadata": {
                    "trials": 1
                }
            },
            {
                "query": {
                    "x": 0.7603821669492522
                },
                "metrics": {
                    "outcome": -6.015450845734612
                },
                "metadata": {
                    "trials": 1
                }
            },
            {
                "query": {
                    "x": 0.7524653855131936
                },
                "metrics": {
                    "outcome": -6.008691306297868
                },
                "metadata": {
                    "trials": 1
                }
            }
        ],
        [
            {
                "query": {
                    "x": 0.7572473987043054
                },
                "metrics": {
                    "outcome": -6.020740054780645
                },
                "metadata": {
                    "trials": 1
                }
            },
            {
                "query": {
                    "x": 0.755687531908727
                },
                "metrics": {
                    "outcome": -6.019444285565618
                },
                "metadata": {
                    "trials": 1
                }
            },
            {
                "query": {
                    "x": 0.7588057055491649
                },
                "metrics": {
                    "outcome": -6.019439876877477
                },
                "metadata": {
                    "trials": 1
                }
            },
            {
                "query": {
                    "x": 0.7541428425946501
                },
                "metrics": {
                    "outcome": -6.015634813434891
                },
                "metadata": {
                    "trials": 1
                }
            },
            {
                "query": {
                    "x": 0.7604065473182919
                },
                "metrics": {
                    "outcome": -6.015367856609585
                },
                "metadata": {
                    "trials": 1
                }
            },
            {
                "query": {
                    "x": 0.7524799509814275
                },
                "metrics": {
                    "outcome": -6.008764049504278
                },
                "metadata": {
                    "trials": 1
                }
            }
        ]
    ],
    "best_results": [
        {
            "query": {
                "x": 0.7572473987043054
            },
            "metrics": [
                {
                    "name": "outcome",
                    "value": -6.020740054780645
                }
            ]
        }
    ]
}