{
    "date": "26/10/2022 19:14:14",
    "basic_params": {
        "active_variables": [
            "x"
        ],
        "default_query": {},
        "metric": "basic",
        "n_trials": 1
    },
    "objective_function": {
        "name": "Forrester",
        "params": {}
    },
    "optimizer": {
        "name": "BBO-LP",
        "params": {
            "lower_bound": [
                0.0
            ],
            "upper_bound": [
                1.0
            ],
            "invert_metric": false,
            "bopt_params": {
                "n_init_samples": 15,
                "n_iterations": 45,
                "verbose_level": 1,
                "n_parallel_samples": 3,
                "par_type": "PAR_BBO",
                "crit_name": "cLP(cLCB)",
                "n_crit_params": 4,
                "crit_params": [
                    3,
                    1,
                    1.0
                ]
            }
        }
    },
    "iterations": [
        [
            {
                "query": {
                    "x": 0.8445167627185584
                },
                "metrics": {
                    "outcome": -1.396330760449318
                },
                "metadata": {
                    "trials": 1
                }
            }
        ],
        [
            {
                "query": {
                    "x": 0.15433704257011413
                },
                "metrics": {
                    "outcome": -0.9665914208924369
                },
                "metadata": {
                    "trials": 1
                }
            }
        ],
        [
            {
                "query": {
                    "x": 0.36492029298096895
                },
                "metrics": {
                    "outcome": 0.013290994856386892
                },
                "metadata": {
                    "trials": 1
                }
            }
        ],
        [
            {
                "query": {
                    "x": 0.21080205823915701
                },
                "metrics": {
                    "outcome": -0.5377778622409991
                },
                "metadata": {
                    "trials": 1
                }
            }
        ],
        [
            {
                "query": {
                    "x": 0.5129332072722416
                },
                "metrics": {
                    "outcome": 0.968506433297781
                },
                "metadata": {
                    "trials": 1
                }
            }
        ],
        [
            {
                "query": {
                    "x": 0.8685613991382222
                },
                "metrics": {
                    "outcome": 1.4345119693122426
                },
                "metadata": {
                    "trials": 1
                }
            }
        ],
        [
            {
                "query": {
                    "x": 0.6055974032729864
                },
                "metrics": {
                    "outcome": -0.3342323069149353
                },
                "metadata": {
                    "trials": 1
                }
            }
        ],
        [
            {
                "query": {
                    "x": 0.4294341614159445
                },
                "metrics": {
                    "outcome": 0.3039040110325595
                },
                "metadata": {
                    "trials": 1
                }
            }
        ],
        [
            {
                "query": {
                    "x": 0.12569209453649818
                },
                "metrics": {
                    "outcome": -0.9392052005055229
                },
                "metadata": {
                    "trials": 1
                }
            }
        ],
        [
            {
                "query": {
                    "x": 0.959929293844228
                },
                "metrics": {
                    "outcome": 13.349471736452557
                },
                "metadata": {
                    "trials": 1
                }
            }
        ],
        [
            {
                "query": {
                    "x": 0.7528655691538007
                },
                "metrics": {
                    "outcome": -6.010610894828124
                },
                "metadata": {
                    "trials": 1
                }
            }
        ],
        [
            {
                "query": {
                    "x": 0.3047114886033038
                },
                "metrics": {
                    "outcome": -0.00993125424694088
                },
                "metadata": {
                    "trials": 1
                }
            }
        ],
        [
            {
                "query": {
                    "x": 0.5931642083916813
                },
                "metrics": {
                    "outcome": 0.057406768178155265
                },
                "metadata": {
                    "trials": 1
                }
            }
        ],
        [
            {
                "query": {
                    "x": 0.6982593452092261
                },
                "metrics": {
                    "outcome": -4.53035942750278
                },
                "metadata": {
                    "trials": 1
                }
            }
        ],
        [
            {
                "query": {
                    "x": 0.029220382620890935
                },
                "metrics": {
                    "outcome": 1.6188561568252449
                },
                "metadata": {
                    "trials": 1
                }
            }
        ],
        [
            {
                "query": {
                    "x": 0.7416960956362236
                },
                "metrics": {
                    "outcome": -5.897626079567231
                },
                "metadata": {
                    "trials": 1
                }
            },
            {
                "query": {
                    "x": 0.7345462737225489
                },
                "metrics": {
                    "outcome": -5.764768049137938
                },
                "metadata": {
                    "trials": 1
                }
            },
            {
                "query": {
                    "x": 0.7488192086671315
                },
                "metrics": {
                    "outcome": -5.983735854912385
                },
                "metadata": {
                    "trials": 1
                }
            }
        ],
        [
            {
                "query": {
                    "x": 0.7588832006430228
                },
                "metrics": {
                    "outcome": -6.019306915296305
                },
                "metadata": {
                    "trials": 1
                }
            },
            {
                "query": {
                    "x": 0.7555960784772875
                },
                "metrics": {
                    "outcome": -6.019288416976951
                },
                "metadata": {
                    "trials": 1
                }
            },
            {
                "query": {
                    "x": 0.7621304340629202
                },
                "metrics": {
                    "outcome": -6.007840801585401
                },
                "metadata": {
                    "trials": 1
                }
            }
        ],
        [
            {
                "query": {
                    "x": 0.7572961695512618
                },
                "metrics": {
                    "outcome": -6.020738855233113
                },
                "metadata": {
                    "trials": 1
                }
            },
            {
                "query": {
                    "x": 0.7580956147681646
                },
                "metrics": {
                    "outcome": -6.02035616487062
                },
                "metadata": {
                    "trials": 1
                }
            },
            {
                "query": {
                    "x": 0.756497776618629
                },
                "metrics": {
                    "outcome": -6.02043953831561
                },
                "metadata": {
                    "trials": 1
                }
            }
        ],
        [
            {
                "query": {
                    "x": 0.7572776681228836
                },
                "metrics": {
                    "outcome": -6.020739609407393
                },
                "metadata": {
                    "trials": 1
                }
            },
            {
                "query": {
                    "x": 0.757908951383792
                },
                "metrics": {
                    "outcome": -6.020506870473218
                },
                "metadata": {
                    "trials": 1
                }
            },
            {
                "query": {
                    "x": 0.7566477086562512
                },
                "metrics": {
                    "outcome": -6.020547472547393
                },
                "metadata": {
                    "trials": 1
                }
            }
        ],
        [
            {
                "query": {
                    "x": 0.7572721910946757
                },
                "metrics": {
                    "outcome": -6.020739762516611
                },
                "metadata": {
                    "trials": 1
                }
            },
            {
                "query": {
                    "x": 0.7578340342875309
                },
                "metrics": {
                    "outcome": -6.020556829124799
                },
                "metadata": {
                    "trials": 1
                }
            },
            {
                "query": {
                    "x": 0.7567117055960924
                },
                "metrics": {
                    "outcome": -6.0205862717622605
                },
                "metadata": {
                    "trials": 1
                }
            }
        ],
        [
            {
                "query": {
                    "x": 0.757269157699617
                },
                "metrics": {
                    "outcome": -6.02073983352613
                },
                "metadata": {
                    "trials": 1
                }
            },
            {
                "query": {
                    "x": 0.7577894885142842
                },
                "metrics": {
                    "outcome": -6.020583678452047
                },
                "metadata": {
                    "trials": 1
                }
            },
            {
                "query": {
                    "x": 0.7567501885162603
                },
                "metrics": {
                    "outcome": -6.020607506574265
                },
                "metadata": {
                    "trials": 1
                }
            }
        ],
        [
            {
                "query": {
                    "x": 0.7572671169096472
                },
                "metrics": {
                    "outcome": -6.020739875768727
                },
                "metadata": {
                    "trials": 1
                }
            },
            {
                "query": {
                    "x": 0.7577584813223457
                },
                "metrics": {
                    "outcome": -6.020601110784409
                },
                "metadata": {
                    "trials": 1
                }
            },
            {
                "query": {
                    "x": 0.7567770976716764
                },
                "metrics": {
                    "outcome": -6.02062141939553
                },
                "metadata": {
                    "trials": 1
                }
            }
        ],
        [
            {
                "query": {
                    "x": 0.7572656021432309
                },
                "metrics": {
                    "outcome": -6.020739904246574
                },
                "metadata": {
                    "trials": 1
                }
            },
            {
                "query": {
                    "x": 0.7577350086407482
                },
                "metrics": {
                    "outcome": -6.020613621337183
                },
                "metadata": {
                    "trials": 1
                }
            },
            {
                "query": {
                    "x": 0.7567975184603234
                },
                "metrics": {
                    "outcome": -6.020631463516535
                },
                "metadata": {
                    "trials": 1
                }
            }
        ],
        [
            {
                "query": {
                    "x": 0.7572643989325407
                },
                "metrics": {
                    "outcome": -6.020739925120519
                },
                "metadata": {
                    "trials": 1
                }
            },
            {
                "query": {
                    "x": 0.7577162938762858
                },
                "metrics": {
                    "outcome": -6.020623172635936
                },
                "metadata": {
                    "trials": 1
                }
            },
            {
                "query": {
                    "x": 0.756813819194719
                },
                "metrics": {
                    "outcome": -6.020639162750122
                },
                "metadata": {
                    "trials": 1
                }
            }
        ],
        [
            {
                "query": {
                    "x": 0.7572634355414656
                },
                "metrics": {
                    "outcome": -6.020739940719176
                },
                "metadata": {
                    "trials": 1
                }
            },
            {
                "query": {
                    "x": 0.757700848698136
                },
                "metrics": {
                    "outcome": -6.0206307723947345
                },
                "metadata": {
                    "trials": 1
                }
            },
            {
                "query": {
                    "x": 0.7568273220742735
                },
                "metrics": {
                    "outcome": -6.0206453263904685
                },
                "metadata": {
                    "trials": 1
                }
            }
        ],
        [
            {
                "query": {
                    "x": 0.757262627888682
                },
                "metrics": {
                    "outcome": -6.0207399530322805
                },
                "metadata": {
                    "trials": 1
                }
            },
            {
                "query": {
                    "x": 0.7576877574476346
                },
                "metrics": {
                    "outcome": -6.0206370136482885
                },
                "metadata": {
                    "trials": 1
                }
            },
            {
                "query": {
                    "x": 0.7568387729230291
                },
                "metrics": {
                    "outcome": -6.020650401308557
                },
                "metadata": {
                    "trials": 1
                }
            }
        ],
        [
            {
                "query": {
                    "x": 0.7572619292161219
                },
                "metrics": {
                    "outcome": -6.020739963121856
                },
                "metadata": {
                    "trials": 1
                }
            },
            {
                "query": {
                    "x": 0.7576764316039174
                },
                "metrics": {
                    "outcome": -6.020642265015484
                },
                "metadata": {
                    "trials": 1
                }
            },
            {
                "query": {
                    "x": 0.756848683722412
                },
                "metrics": {
                    "outcome": -6.020654681033389
                },
                "metadata": {
                    "trials": 1
                }
            }
        ],
        [
            {
                "query": {
                    "x": 0.7572613138166971
                },
                "metrics": {
                    "outcome": -6.020739971576991
                },
                "metadata": {
                    "trials": 1
                }
            },
            {
                "query": {
                    "x": 0.7576664821547705
                },
                "metrics": {
                    "outcome": -6.0206467647514685
                },
                "metadata": {
                    "trials": 1
                }
            },
            {
                "query": {
                    "x": 0.7568573925831386
                },
                "metrics": {
                    "outcome": -6.020658355437178
                },
                "metadata": {
                    "trials": 1
                }
            }
        ],
        [
            {
                "query": {
                    "x": 0.7572607871999748
                },
                "metrics": {
                    "outcome": -6.020739978491131
                },
                "metadata": {
                    "trials": 1
                }
            },
            {
                "query": {
                    "x": 0.7576576510496817
                },
                "metrics": {
                    "outcome": -6.020650669823704
                },
                "metadata": {
                    "trials": 1
                }
            },
            {
                "query": {
                    "x": 0.7568651523627756
                },
                "metrics": {
                    "outcome": -6.020661561396082
                },
                "metadata": {
                    "trials": 1
                }
            }
        ],
        [
            {
                "query": {
                    "x": 0.757260315410841
                },
                "metrics": {
                    "outcome": -6.020739984433858
                },
                "metadata": {
                    "trials": 1
                }
            },
            {
                "query": {
                    "x": 0.7576497169783676
                },
                "metrics": {
                    "outcome": -6.020654106953132
                },
                "metadata": {
                    "trials": 1
                }
            },
            {
                "query": {
                    "x": 0.7568721305557583
                },
                "metrics": {
                    "outcome": -6.020664389703271
                },
                "metadata": {
                    "trials": 1
                }
            }
        ],
        [
            {
                "query": {
                    "x": 0.7572598708953849
                },
                "metrics": {
                    "outcome": -6.020739989815513
                },
                "metadata": {
                    "trials": 1
                }
            },
            {
                "query": {
                    "x": 0.7576425084317128
                },
                "metrics": {
                    "outcome": -6.020657171287916
                },
                "metadata": {
                    "trials": 1
                }
            },
            {
                "query": {
                    "x": 0.7568784321404661
                },
                "metrics": {
                    "outcome": -6.020666899233677
                },
                "metadata": {
                    "trials": 1
                }
            }
        ],
        [
            {
                "query": {
                    "x": 0.7572595036816111
                },
                "metrics": {
                    "outcome": -6.020739994102104
                },
                "metadata": {
                    "trials": 1
                }
            },
            {
                "query": {
                    "x": 0.7576362614460366
                },
                "metrics": {
                    "outcome": -6.020659781828332
                },
                "metadata": {
                    "trials": 1
                }
            },
            {
                "query": {
                    "x": 0.7568842272287744
                },
                "metrics": {
                    "outcome": -6.020669169742502
                },
                "metadata": {
                    "trials": 1
                }
            }
        ],
        [
            {
                "query": {
                    "x": 0.7572591503165148
                },
                "metrics": {
                    "outcome": -6.02073999809105
                },
                "metadata": {
                    "trials": 1
                }
            },
            {
                "query": {
                    "x": 0.756889528838671
                },
                "metrics": {
                    "outcome": -6.020671215589621
                },
                "metadata": {
                    "trials": 1
                }
            },
            {
                "query": {
                    "x": 0.7576299404782258
                },
                "metrics": {
                    "outcome": -6.020662380722765
                },
                "metadata": {
                    "trials": 1
                }
            }
        ],
        [
            {
                "query": {
                    "x": 0.7572588321530865
                },
                "metrics": {
                    "outcome": -6.02074000156852
                },
                "metadata": {
                    "trials": 1
                }
            },
            {
                "query": {
                    "x": 0.757628297653584
                },
                "metrics": {
                    "outcome": -6.020663049168304
                },
                "metadata": {
                    "trials": 1
                }
            },
            {
                "query": {
                    "x": 0.7568944476340742
                },
                "metrics": {
                    "outcome": -6.020673086949012
                },
                "metadata": {
                    "trials": 1
                }
            }
        ],
        [
            {
                "query": {
                    "x": 0.7572584720109917
                },
                "metrics": {
                    "outcome": -6.02074000537435
                },
                "metadata": {
                    "trials": 1
                }
            },
            {
                "query": {
                    "x": 0.757619154984334
                },
                "metrics": {
                    "outcome": -6.020666716383805
                },
                "metadata": {
                    "trials": 1
                }
            },
            {
                "query": {
                    "x": 0.7568989474373488
                },
                "metrics": {
                    "outcome": -6.020674776339221
                },
                "metadata": {
                    "trials": 1
                }
            }
        ],
        [
            {
                "query": {
                    "x": 0.7572581312328103
                },
                "metrics": {
                    "outcome": -6.020740008847987
                },
                "metadata": {
                    "trials": 1
                }
            },
            {
                "query": {
                    "x": 0.7576142725317554
                },
                "metrics": {
                    "outcome": -6.020668638101189
                },
                "metadata": {
                    "trials": 1
                }
            },
            {
                "query": {
                    "x": 0.7569031297483487
                },
                "metrics": {
                    "outcome": -6.020676327199029
                },
                "metadata": {
                    "trials": 1
                }
            }
        ],
        [
            {
                "query": {
                    "x": 0.7572579596749991
                },
                "metrics": {
                    "outcome": -6.020740010549779
                },
                "metadata": {
                    "trials": 1
                }
            },
            {
                "query": {
                    "x": 0.7576179978145825
                },
                "metrics": {
                    "outcome": -6.020667174151243
                },
                "metadata": {
                    "trials": 1
                }
            },
            {
                "query": {
                    "x": 0.7569071866812287
                },
                "metrics": {
                    "outcome": -6.020677813770096
                },
                "metadata": {
                    "trials": 1
                }
            }
        ],
        [
            {
                "query": {
                    "x": 0.7572576207318404
                },
                "metrics": {
                    "outcome": -6.020740013819566
                },
                "metadata": {
                    "trials": 1
                }
            },
            {
                "query": {
                    "x": 0.7576055313805597
                },
                "metrics": {
                    "outcome": -6.020672014799929
                },
                "metadata": {
                    "trials": 1
                }
            },
            {
                "query": {
                    "x": 0.7569108311771782
                },
                "metrics": {
                    "outcome": -6.020679134268565
                },
                "metadata": {
                    "trials": 1
                }
            }
        ],
        [
            {
                "query": {
                    "x": 0.7572574023666351
                },
                "metrics": {
                    "outcome": -6.020740015861145
                },
                "metadata": {
                    "trials": 1
                }
            },
            {
                "query": {
                    "x": 0.757601525387824
                },
                "metrics": {
                    "outcome": -6.02067353495908
                },
                "metadata": {
                    "trials": 1
                }
            },
            {
                "query": {
                    "x": 0.7569143648328788
                },
                "metrics": {
                    "outcome": -6.020680401100802
                },
                "metadata": {
                    "trials": 1
                }
            }
        ],
        [
            {
                "query": {
                    "x": 0.7572572024037645
                },
                "metrics": {
                    "outcome": -6.020740017686001
                },
                "metadata": {
                    "trials": 1
                }
            },
            {
                "query": {
                    "x": 0.757597823366359
                },
                "metrics": {
                    "outcome": -6.020674924486103
                },
                "metadata": {
                    "trials": 1
                }
            },
            {
                "query": {
                    "x": 0.7569176994550868
                },
                "metrics": {
                    "outcome": -6.020681584383296
                },
                "metadata": {
                    "trials": 1
                }
            }
        ],
        [
            {
                "query": {
                    "x": 0.7572570221148336
                },
                "metrics": {
                    "outcome": -6.020740019294703
                },
                "metadata": {
                    "trials": 1
                }
            },
            {
                "query": {
                    "x": 0.7575942503012271
                },
                "metrics": {
                    "outcome": -6.020676251687895
                },
                "metadata": {
                    "trials": 1
                }
            },
            {
                "query": {
                    "x": 0.756920868959694
                },
                "metrics": {
                    "outcome": -6.020682698097033
                },
                "metadata": {
                    "trials": 1
                }
            }
        ],
        [
            {
                "query": {
                    "x": 0.7572568450998386
                },
                "metrics": {
                    "outcome": -6.020740020840414
                },
                "metadata": {
                    "trials": 1
                }
            },
            {
                "query": {
                    "x": 0.757590885474939
                },
                "metrics": {
                    "outcome": -6.020677489037201
                },
                "metadata": {
                    "trials": 1
                }
            },
            {
                "query": {
                    "x": 0.7569238756972971
                },
                "metrics": {
                    "outcome": -6.020683744728257
                },
                "metadata": {
                    "trials": 1
                }
            }
        ],
        [
            {
                "query": {
                    "x": 0.7572567099652342
                },
                "metrics": {
                    "outcome": -6.020740021997894
                },
                "metadata": {
                    "trials": 1
                }
            },
            {
                "query": {
                    "x": 0.756926765588362
                },
                "metrics": {
                    "outcome": -6.02068474161133
                },
                "metadata": {
                    "trials": 1
                }
            },
            {
                "query": {
                    "x": 0.757587707115812
                },
                "metrics": {
                    "outcome": -6.020678646678981
                },
                "metadata": {
                    "trials": 1
                }
            }
        ],
        [
            {
                "query": {
                    "x": 0.7572565323214862
                },
                "metrics": {
                    "outcome": -6.020740023489809
                },
                "metadata": {
                    "trials": 1
                }
            },
            {
                "query": {
                    "x": 0.7575846454130275
                },
                "metrics": {
                    "outcome": -6.020679751599714
                },
                "metadata": {
                    "trials": 1
                }
            },
            {
                "query": {
                    "x": 0.7569294725375345
                },
                "metrics": {
                    "outcome": -6.0206856673196105
                },
                "metadata": {
                    "trials": 1
                }
            }
        ],
        [
            {
                "query": {
                    "x": 0.7572563874770732
                },
                "metrics": {
                    "outcome": -6.020740024681318
                },
                "metadata": {
                    "trials": 1
                }
            },
            {
                "query": {
                    "x": 0.7569320804937296
                },
                "metrics": {
                    "outcome": -6.020686551793195
                },
                "metadata": {
                    "trials": 1
                }
            },
            {
                "query": {
                    "x": 0.7575817258562979
                },
                "metrics": {
                    "outcome": -6.020680795870338
                },
                "metadata": {
                    "trials": 1
                }
            }
        ],
        [
            {
                "query": {
                    "x": 0.757256243934665
                },
                "metrics": {
                    "outcome": -6.020740025840009
                },
                "metadata": {
                    "trials": 1
                }
            },
            {
                "query": {
                    "x": 0.7575912459765585
                },
                "metrics": {
                    "outcome": -6.020677357049808
                },
                "metadata": {
                    "trials": 1
                }
            },
            {
                "query": {
                    "x": 0.7569345748951032
                },
                "metrics": {
                    "outcome": -6.0206873909773035
                },
                "metadata": {
                    "trials": 1
                }
            }
        ],
        [
            {
                "query": {
                    "x": 0.7572559511991261
                },
                "metrics": {
                    "outcome": -6.020740028134802
                },
                "metadata": {
                    "trials": 1
                }
            },
            {
                "query": {
                    "x": 0.7575779923682951
                },
                "metrics": {
                    "outcome": -6.02068211796711
                },
                "metadata": {
                    "trials": 1
                }
            },
            {
                "query": {
                    "x": 0.7569368077645925
                },
                "metrics": {
                    "outcome": -6.0206881365535745
                },
                "metadata": {
                    "trials": 1
                }
            }
        ],
        [
            {
                "query": {
                    "x": 0.7572558316215748
                },
                "metrics": {
                    "outcome": -6.020740029045856
                },
                "metadata": {
                    "trials": 1
                }
            },
            {
                "query": {
                    "x": 0.7575735628193071
                },
                "metrics": {
                    "outcome": -6.020683667188896
                },
                "metadata": {
                    "trials": 1
                }
            },
            {
                "query": {
                    "x": 0.7569391039454012
                },
                "metrics": {
                    "outcome": -6.020688897731554
                },
                "metadata": {
                    "trials": 1
                }
            }
        ],
        [
            {
                "query": {
                    "x": 0.7572557575454811
                },
                "metrics": {
                    "outcome": -6.020740029602576
                },
                "metadata": {
                    "trials": 1
                }
            },
            {
                "query": {
                    "x": 0.7569413591339328
                },
                "metrics": {
                    "outcome": -6.020689639854121
                },
                "metadata": {
                    "trials": 1
                }
            },
            {
                "query": {
                    "x": 0.7575711592179596
                },
                "metrics": {
                    "outcome": -6.020684499046516
                },
                "metadata": {
                    "trials": 1
                }
            }
        ],
        [
            {
                "query": {
                    "x": 0.7572556127363566
                },
                "metrics": {
                    "outcome": -6.020740030673966
                },
                "metadata": {
                    "trials": 1
                }
            },
            {
                "query": {
                    "x": 0.7575729223613092
                },
                "metrics": {
                    "outcome": -6.020683889448406
                },
                "metadata": {
                    "trials": 1
                }
            },
            {
                "query": {
                    "x": 0.7569434484677423
                },
                "metrics": {
                    "outcome": -6.020690322563841
                },
                "metadata": {
                    "trials": 1
                }
            }
        ],
        [
            {
                "query": {
                    "x": 0.7572554727532557
                },
                "metrics": {
                    "outcome": -6.02074003168836
                },
                "metadata": {
                    "trials": 1
                }
            },
            {
                "query": {
                    "x": 0.7569454596715259
                },
                "metrics": {
                    "outcome": -6.020690975351411
                },
                "metadata": {
                    "trials": 1
                }
            },
            {
                "query": {
                    "x": 0.7575664669806005
                },
                "metrics": {
                    "outcome": -6.020686105145017
                },
                "metadata": {
                    "trials": 1
                }
            }
        ],
        [
            {
                "query": {
                    "x": 0.7572553911635522
                },
                "metrics": {
                    "outcome": -6.0207400322699485
                },
                "metadata": {
                    "trials": 1
                }
            },
            {
                "query": {
                    "x": 0.7575724380134976
                },
                "metrics": {
                    "outcome": -6.020684057240935
                },
                "metadata": {
                    "trials": 1
                }
            },
            {
                "query": {
                    "x": 0.7569474532876341
                },
                "metrics": {
                    "outcome": -6.020691618178005
                },
                "metadata": {
                    "trials": 1
                }
            }
        ],
        [
            {
                "query": {
                    "x": 0.7572552041433965
                },
                "metrics": {
                    "outcome": -6.02074003357624
                },
                "metadata": {
                    "trials": 1
                }
            },
            {
                "query": {
                    "x": 0.7575730578111527
                },
                "metrics": {
                    "outcome": -6.020683842479586
                },
                "metadata": {
                    "trials": 1
                }
            },
            {
                "query": {
                    "x": 0.7569492754462189
                },
                "metrics": {
                    "outcome": -6.020692202016089
                },
                "metadata": {
                    "trials": 1
                }
            }
        ],
        [
            {
                "query": {
                    "x": 0.7572549941040221
                },
                "metrics": {
                    "outcome": -6.02074003499878
                },
                "metadata": {
                    "trials": 1
                }
            },
            {
                "query": {
                    "x": 0.7575640800657502
                },
                "metrics": {
                    "outcome": -6.020686913110575
                },
                "metadata": {
                    "trials": 1
                }
            },
            {
                "query": {
                    "x": 0.7569510203411578
                },
                "metrics": {
                    "outcome": -6.020692757782934
                },
                "metadata": {
                    "trials": 1
                }
            }
        ],
        [
            {
                "query": {
                    "x": 0.7572549090458476
                },
                "metrics": {
                    "outcome": -6.020740035561451
                },
                "metadata": {
                    "trials": 1
                }
            },
            {
                "query": {
                    "x": 0.7575631167737394
                },
                "metrics": {
                    "outcome": -6.0206872374548634
                },
                "metadata": {
                    "trials": 1
                }
            },
            {
                "query": {
                    "x": 0.7569527868493164
                },
                "metrics": {
                    "outcome": -6.020693317129873
                },
                "metadata": {
                    "trials": 1
                }
            }
        ],
        [
            {
                "query": {
                    "x": 0.7572547520413542
                },
                "metrics": {
                    "outcome": -6.020740036579761
                },
                "metadata": {
                    "trials": 1
                }
            },
            {
                "query": {
                    "x": 0.756954448173485
                },
                "metrics": {
                    "outcome": -6.020693840138064
                },
                "metadata": {
                    "trials": 1
                }
            },
            {
                "query": {
                    "x": 0.7575560121185396
                },
                "metrics": {
                    "outcome": -6.020689598930177
                },
                "metadata": {
                    "trials": 1
                }
            }
        ],
        [
            {
                "query": {
                    "x": 0.757254669701195
                },
                "metrics": {
                    "outcome": -6.020740037103282
                },
                "metadata": {
                    "trials": 1
                }
            },
            {
                "query": {
                    "x": 0.7575541662772863
                },
                "metrics": {
                    "outcome": -6.020690203613061
                },
                "metadata": {
                    "trials": 1
                }
            },
            {
                "query": {
                    "x": 0.7569561213280133
                },
                "metrics": {
                    "outcome": -6.020694363898869
                },
                "metadata": {
                    "trials": 1
                }
            }
        ],
        [
            {
                "query": {
                    "x": 0.7572546601180756
                },
                "metrics": {
                    "outcome": -6.020740037163742
                },
                "metadata": {
                    "trials": 1
                }
            },
            {
                "query": {
                    "x": 0.7575524578869088
                },
                "metrics": {
                    "outcome": -6.020690760017205
                },
                "metadata": {
                    "trials": 1
                }
            },
            {
                "query": {
                    "x": 0.7569578125601705
                },
                "metrics": {
                    "outcome": -6.020694890287814
                },
                "metadata": {
                    "trials": 1
                }
            }
        ],
        [
            {
                "query": {
                    "x": 0.7572546091320712
                },
                "metrics": {
                    "outcome": -6.020740037483761
                },
                "metadata": {
                    "trials": 1
                }
            },
            {
                "query": {
                    "x": 0.7575556339911885
                },
                "metrics": {
                    "outcome": -6.020689723098821
                },
                "metadata": {
                    "trials": 1
                }
            },
            {
                "query": {
                    "x": 0.7569594087278709
                },
                "metrics": {
                    "outcome": -6.0206953842932815
                },
                "metadata": {
                    "trials": 1
                }
            }
        ],
        [
            {
                "query": {
                    "x": 0.7572544021514395
                },
                "metrics": {
                    "outcome": -6.020740038754384
                },
                "metadata": {
                    "trials": 1
                }
            },
            {
                "query": {
                    "x": 0.7569608264498284
                },
                "metrics": {
                    "outcome": -6.020695820794669
                },
                "metadata": {
                    "trials": 1
                }
            },
            {
                "query": {
                    "x": 0.7575489227356901
                },
                "metrics": {
                    "outcome": -6.020691901453203
                },
                "metadata": {
                    "trials": 1
                }
            }
        ]
    ],
    "best_results": [
        {
            "query": {
                "x": 0.7572544021514395
            },
            "metrics": [
                {
                    "name": "outcome",
                    "value": -6.020740038754384
                }
            ]
        }
    ]
}