{
    "date": "04/11/2022 16:38:18",
    "basic_params": {
        "active_variables": [
            "x"
        ],
        "default_query": {},
        "metric": "basic",
        "n_trials": 1
    },
    "objective_function": {
        "name": "Forrester",
        "params": {}
    },
    "optimizer": {
        "name": "BO",
        "params": {
            "lower_bound": [
                0.0
            ],
            "upper_bound": [
                1.0
            ],
            "invert_metric": false,
            "bopt_params": {
                "n_iterations": 140,
                "n_init_samples": 10
            }
        }
    },
    "iterations": [
        [
            {
                "query": {
                    "x": 0.3317745060659945
                },
                "metrics": {
                    "outcome": -1.6362603284788531e-06
                },
                "metadata": {
                    "trials": 1
                }
            }
        ],
        [
            {
                "query": {
                    "x": 0.9282947985455394
                },
                "metrics": {
                    "outcome": 9.62698465358979
                },
                "metadata": {
                    "trials": 1
                }
            }
        ],
        [
            {
                "query": {
                    "x": 0.5661568409996107
                },
                "metrics": {
                    "outcome": 0.6649473707649165
                },
                "metadata": {
                    "trials": 1
                }
            }
        ],
        [
            {
                "query": {
                    "x": 0.8035013216547668
                },
                "metrics": {
                    "outcome": -4.759994028778937
                },
                "metadata": {
                    "trials": 1
                }
            }
        ],
        [
            {
                "query": {
                    "x": 0.2874368178192526
                },
                "metrics": {
                    "outcome": -0.03968628308690274
                },
                "metadata": {
                    "trials": 1
                }
            }
        ],
        [
            {
                "query": {
                    "x": 0.7704420313704758
                },
                "metrics": {
                    "outcome": -5.924487098675102
                },
                "metadata": {
                    "trials": 1
                }
            }
        ],
        [
            {
                "query": {
                    "x": 0.0130381487775594
                },
                "metrics": {
                    "outcome": 2.3847298971628215
                },
                "metadata": {
                    "trials": 1
                }
            }
        ],
        [
            {
                "query": {
                    "x": 0.6076616470934824
                },
                "metrics": {
                    "outcome": -0.4057901234933234
                },
                "metadata": {
                    "trials": 1
                }
            }
        ],
        [
            {
                "query": {
                    "x": 0.4518804684281349
                },
                "metrics": {
                    "outcome": 0.5003752470922194
                },
                "metadata": {
                    "trials": 1
                }
            }
        ],
        [
            {
                "query": {
                    "x": 0.14187172383535654
                },
                "metrics": {
                    "outcome": -0.9862466987049893
                },
                "metadata": {
                    "trials": 1
                }
            }
        ],
        [
            {
                "query": {
                    "x": 0.7784096226186352
                },
                "metrics": {
                    "outcome": -5.768507076137841
                },
                "metadata": {
                    "trials": 1
                }
            }
        ],
        [
            {
                "query": {
                    "x": 0.7661034683696226
                },
                "metrics": {
                    "outcome": -5.977852836872159
                },
                "metadata": {
                    "trials": 1
                }
            }
        ],
        [
            {
                "query": {
                    "x": 0.7627770649431933
                },
                "metrics": {
                    "outcome": -6.004168385095823
                },
                "metadata": {
                    "trials": 1
                }
            }
        ],
        [
            {
                "query": {
                    "x": 0.7597379263827223
                },
                "metrics": {
                    "outcome": -6.017408154494696
                },
                "metadata": {
                    "trials": 1
                }
            }
        ],
        [
            {
                "query": {
                    "x": 0.7559562376155174
                },
                "metrics": {
                    "outcome": -6.019851246101471
                },
                "metadata": {
                    "trials": 1
                }
            }
        ],
        [
            {
                "query": {
                    "x": 0.7573607157313569
                },
                "metrics": {
                    "outcome": -6.020733360121859
                },
                "metadata": {
                    "trials": 1
                }
            }
        ],
        [
            {
                "query": {
                    "x": 0.7572969005456028
                },
                "metrics": {
                    "outcome": -6.020738817925455
                },
                "metadata": {
                    "trials": 1
                }
            }
        ],
        [
            {
                "query": {
                    "x": 0.7457575717654018
                },
                "metrics": {
                    "outcome": -5.952634951539872
                },
                "metadata": {
                    "trials": 1
                }
            }
        ],
        [
            {
                "query": {
                    "x": 0.7525136723501296
                },
                "metrics": {
                    "outcome": -6.008931628730667
                },
                "metadata": {
                    "trials": 1
                }
            }
        ],
        [
            {
                "query": {
                    "x": 0.7573614120442405
                },
                "metrics": {
                    "outcome": -6.0207332765634005
                },
                "metadata": {
                    "trials": 1
                }
            }
        ],
        [
            {
                "query": {
                    "x": 0.7573452935921036
                },
                "metrics": {
                    "outcome": -6.020735077934136
                },
                "metadata": {
                    "trials": 1
                }
            }
        ],
        [
            {
                "query": {
                    "x": 0.7573342985979321
                },
                "metrics": {
                    "outcome": -6.020736147389241
                },
                "metadata": {
                    "trials": 1
                }
            }
        ],
        [
            {
                "query": {
                    "x": 0.7573260891315523
                },
                "metrics": {
                    "outcome": -6.020736861650746
                },
                "metadata": {
                    "trials": 1
                }
            }
        ],
        [
            {
                "query": {
                    "x": 0.7573196244704201
                },
                "metrics": {
                    "outcome": -6.020737373415049
                },
                "metadata": {
                    "trials": 1
                }
            }
        ],
        [
            {
                "query": {
                    "x": 0.7573143358650875
                },
                "metrics": {
                    "outcome": -6.020737758865783
                },
                "metadata": {
                    "trials": 1
                }
            }
        ],
        [
            {
                "query": {
                    "x": 0.75730989156892
                },
                "metrics": {
                    "outcome": -6.020738059668701
                },
                "metadata": {
                    "trials": 1
                }
            }
        ],
        [
            {
                "query": {
                    "x": 0.757306052853379
                },
                "metrics": {
                    "outcome": -6.020738302495998
                },
                "metadata": {
                    "trials": 1
                }
            }
        ],
        [
            {
                "query": {
                    "x": 0.7573026743084406
                },
                "metrics": {
                    "outcome": -6.020738503186624
                },
                "metadata": {
                    "trials": 1
                }
            }
        ],
        [
            {
                "query": {
                    "x": 0.7572996876939948
                },
                "metrics": {
                    "outcome": -6.020738670439737
                },
                "metadata": {
                    "trials": 1
                }
            }
        ],
        [
            {
                "query": {
                    "x": 0.7572969364527121
                },
                "metrics": {
                    "outcome": -6.0207388160781585
                },
                "metadata": {
                    "trials": 1
                }
            }
        ],
        [
            {
                "query": {
                    "x": 0.5544001192320138
                },
                "metrics": {
                    "outcome": 0.8261133960772411
                },
                "metadata": {
                    "trials": 1
                }
            }
        ],
        [
            {
                "query": {
                    "x": 0.757294242713526
                },
                "metrics": {
                    "outcome": -6.020738950837021
                },
                "metadata": {
                    "trials": 1
                }
            }
        ],
        [
            {
                "query": {
                    "x": 0.7572920113064223
                },
                "metrics": {
                    "outcome": -6.020739056595941
                },
                "metadata": {
                    "trials": 1
                }
            }
        ],
        [
            {
                "query": {
                    "x": 0.7572897562259876
                },
                "metrics": {
                    "outcome": -6.020739158072151
                },
                "metadata": {
                    "trials": 1
                }
            }
        ],
        [
            {
                "query": {
                    "x": 0.7572876619257841
                },
                "metrics": {
                    "outcome": -6.020739247447521
                },
                "metadata": {
                    "trials": 1
                }
            }
        ],
        [
            {
                "query": {
                    "x": 0.7571598794197673
                },
                "metrics": {
                    "outcome": -6.020735838537831
                },
                "metadata": {
                    "trials": 1
                }
            }
        ],
        [
            {
                "query": {
                    "x": 0.7574650251995667
                },
                "metrics": {
                    "outcome": -6.020715064180738
                },
                "metadata": {
                    "trials": 1
                }
            }
        ],
        [
            {
                "query": {
                    "x": 0.7570477893045605
                },
                "metrics": {
                    "outcome": -6.020718500581671
                },
                "metadata": {
                    "trials": 1
                }
            }
        ],
        [
            {
                "query": {
                    "x": 0.7574897575687849
                },
                "metrics": {
                    "outcome": -6.020709019069412
                },
                "metadata": {
                    "trials": 1
                }
            }
        ],
        [
            {
                "query": {
                    "x": 0.7570340307769481
                },
                "metrics": {
                    "outcome": -6.020715449137474
                },
                "metadata": {
                    "trials": 1
                }
            }
        ],
        [
            {
                "query": {
                    "x": 0.7574983567607984
                },
                "metrics": {
                    "outcome": -6.020706763879642
                },
                "metadata": {
                    "trials": 1
                }
            }
        ],
        [
            {
                "query": {
                    "x": 0.7570292146702112
                },
                "metrics": {
                    "outcome": -6.020714333310018
                },
                "metadata": {
                    "trials": 1
                }
            }
        ],
        [
            {
                "query": {
                    "x": 0.7575007769368003
                },
                "metrics": {
                    "outcome": -6.020706114902616
                },
                "metadata": {
                    "trials": 1
                }
            }
        ],
        [
            {
                "query": {
                    "x": 0.7570284360102615
                },
                "metrics": {
                    "outcome": -6.020714150582932
                },
                "metadata": {
                    "trials": 1
                }
            }
        ],
        [
            {
                "query": {
                    "x": 0.7575002574587947
                },
                "metrics": {
                    "outcome": -6.0207062547304995
                },
                "metadata": {
                    "trials": 1
                }
            }
        ],
        [
            {
                "query": {
                    "x": 0.7570295169299831
                },
                "metrics": {
                    "outcome": -6.020714404066774
                },
                "metadata": {
                    "trials": 1
                }
            }
        ],
        [
            {
                "query": {
                    "x": 0.7574983207048376
                },
                "metrics": {
                    "outcome": -6.0207067735007564
                },
                "metadata": {
                    "trials": 1
                }
            }
        ],
        [
            {
                "query": {
                    "x": 0.7570313669996092
                },
                "metrics": {
                    "outcome": -6.020714835031852
                },
                "metadata": {
                    "trials": 1
                }
            }
        ],
        [
            {
                "query": {
                    "x": 0.757495823917275
                },
                "metrics": {
                    "outcome": -6.020707436355317
                },
                "metadata": {
                    "trials": 1
                }
            }
        ],
        [
            {
                "query": {
                    "x": 0.7570336449121878
                },
                "metrics": {
                    "outcome": -6.020715360648949
                },
                "metadata": {
                    "trials": 1
                }
            }
        ],
        [
            {
                "query": {
                    "x": 0.757493002228993
                },
                "metrics": {
                    "outcome": -6.020708177434758
                },
                "metadata": {
                    "trials": 1
                }
            }
        ],
        [
            {
                "query": {
                    "x": 0.34721828415058553
                },
                "metrics": {
                    "outcome": 0.0011510798157894858
                },
                "metadata": {
                    "trials": 1
                }
            }
        ],
        [
            {
                "query": {
                    "x": 0.757036030368333
                },
                "metrics": {
                    "outcome": -6.020715905151733
                },
                "metadata": {
                    "trials": 1
                }
            }
        ],
        [
            {
                "query": {
                    "x": 0.7574899964341002
                },
                "metrics": {
                    "outcome": -6.020708957494168
                },
                "metadata": {
                    "trials": 1
                }
            }
        ],
        [
            {
                "query": {
                    "x": 0.7570384424866519
                },
                "metrics": {
                    "outcome": -6.020716449572
                },
                "metadata": {
                    "trials": 1
                }
            }
        ],
        [
            {
                "query": {
                    "x": 0.7574870763476843
                },
                "metrics": {
                    "outcome": -6.0207097060511705
                },
                "metadata": {
                    "trials": 1
                }
            }
        ],
        [
            {
                "query": {
                    "x": 0.7570408325465862
                },
                "metrics": {
                    "outcome": -6.020716982895652
                },
                "metadata": {
                    "trials": 1
                }
            }
        ],
        [
            {
                "query": {
                    "x": 0.7574841952398985
                },
                "metrics": {
                    "outcome": -6.020710435672676
                },
                "metadata": {
                    "trials": 1
                }
            }
        ],
        [
            {
                "query": {
                    "x": 0.7570431619937428
                },
                "metrics": {
                    "outcome": -6.020717496833719
                },
                "metadata": {
                    "trials": 1
                }
            }
        ],
        [
            {
                "query": {
                    "x": 0.7574813881661628
                },
                "metrics": {
                    "outcome": -6.0207111380018965
                },
                "metadata": {
                    "trials": 1
                }
            }
        ],
        [
            {
                "query": {
                    "x": 0.7572527377250555
                },
                "metrics": {
                    "outcome": -6.020740047308646
                },
                "metadata": {
                    "trials": 1
                }
            }
        ],
        [
            {
                "query": {
                    "x": 0.7572530590979188
                },
                "metrics": {
                    "outcome": -6.020740045887457
                },
                "metadata": {
                    "trials": 1
                }
            }
        ],
        [
            {
                "query": {
                    "x": 0.7572535322654218
                },
                "metrics": {
                    "outcome": -6.02074004359423
                },
                "metadata": {
                    "trials": 1
                }
            }
        ],
        [
            {
                "query": {
                    "x": 0.7572539985928698
                },
                "metrics": {
                    "outcome": -6.02074004110019
                },
                "metadata": {
                    "trials": 1
                }
            }
        ],
        [
            {
                "query": {
                    "x": 0.7572544457497408
                },
                "metrics": {
                    "outcome": -6.020740038490545
                },
                "metadata": {
                    "trials": 1
                }
            }
        ],
        [
            {
                "query": {
                    "x": 0.7572548773876171
                },
                "metrics": {
                    "outcome": -6.020740035768901
                },
                "metadata": {
                    "trials": 1
                }
            }
        ],
        [
            {
                "query": {
                    "x": 0.7572552945235939
                },
                "metrics": {
                    "outcome": -6.020740032949621
                },
                "metadata": {
                    "trials": 1
                }
            }
        ],
        [
            {
                "query": {
                    "x": 0.7572557155288862
                },
                "metrics": {
                    "outcome": -6.020740029915749
                },
                "metadata": {
                    "trials": 1
                }
            }
        ],
        [
            {
                "query": {
                    "x": 0.7572560975239471
                },
                "metrics": {
                    "outcome": -6.020740026999183
                },
                "metadata": {
                    "trials": 1
                }
            }
        ],
        [
            {
                "query": {
                    "x": 0.7572564759466772
                },
                "metrics": {
                    "outcome": -6.020740023956218
                },
                "metadata": {
                    "trials": 1
                }
            }
        ],
        [
            {
                "query": {
                    "x": 0.7572568832091667
                },
                "metrics": {
                    "outcome": -6.020740020510466
                },
                "metadata": {
                    "trials": 1
                }
            }
        ],
        [
            {
                "query": {
                    "x": 0.7572572177476323
                },
                "metrics": {
                    "outcome": -6.020740017547487
                },
                "metadata": {
                    "trials": 1
                }
            }
        ],
        [
            {
                "query": {
                    "x": 0.3394067739136517
                },
                "metrics": {
                    "outcome": 9.669489966451809e-05
                },
                "metadata": {
                    "trials": 1
                }
            }
        ],
        [
            {
                "query": {
                    "x": 0.7572575942120925
                },
                "metrics": {
                    "outcome": -6.020740014070227
                },
                "metadata": {
                    "trials": 1
                }
            }
        ],
        [
            {
                "query": {
                    "x": 0.757257928257968
                },
                "metrics": {
                    "outcome": -6.020740010858019
                },
                "metadata": {
                    "trials": 1
                }
            }
        ],
        [
            {
                "query": {
                    "x": 0.7572582557283473
                },
                "metrics": {
                    "outcome": -6.020740007593353
                },
                "metadata": {
                    "trials": 1
                }
            }
        ],
        [
            {
                "query": {
                    "x": 0.7572586385202623
                },
                "metrics": {
                    "outcome": -6.020740003631969
                },
                "metadata": {
                    "trials": 1
                }
            }
        ],
        [
            {
                "query": {
                    "x": 0.7572588535424123
                },
                "metrics": {
                    "outcome": -6.02074000133813
                },
                "metadata": {
                    "trials": 1
                }
            }
        ],
        [
            {
                "query": {
                    "x": 0.7572592168721902
                },
                "metrics": {
                    "outcome": -6.020739997349934
                },
                "metadata": {
                    "trials": 1
                }
            }
        ],
        [
            {
                "query": {
                    "x": 0.7572595256720941
                },
                "metrics": {
                    "outcome": -6.020739993849458
                },
                "metadata": {
                    "trials": 1
                }
            }
        ],
        [
            {
                "query": {
                    "x": 0.757259814454053
                },
                "metrics": {
                    "outcome": -6.020739990483736
                },
                "metadata": {
                    "trials": 1
                }
            }
        ],
        [
            {
                "query": {
                    "x": 0.7572601097216182
                },
                "metrics": {
                    "outcome": -6.020739986950329
                },
                "metadata": {
                    "trials": 1
                }
            }
        ],
        [
            {
                "query": {
                    "x": 0.7572603931017265
                },
                "metrics": {
                    "outcome": -6.0207399834716036
                },
                "metadata": {
                    "trials": 1
                }
            }
        ],
        [
            {
                "query": {
                    "x": 0.7572606703644275
                },
                "metrics": {
                    "outcome": -6.020739979984957
                },
                "metadata": {
                    "trials": 1
                }
            }
        ],
        [
            {
                "query": {
                    "x": 0.7572608896192664
                },
                "metrics": {
                    "outcome": -6.020739977169635
                },
                "metadata": {
                    "trials": 1
                }
            }
        ],
        [
            {
                "query": {
                    "x": 0.7572612066557081
                },
                "metrics": {
                    "outcome": -6.020739973007952
                },
                "metadata": {
                    "trials": 1
                }
            }
        ],
        [
            {
                "query": {
                    "x": 0.7572615162859425
                },
                "metrics": {
                    "outcome": -6.020739968839862
                },
                "metadata": {
                    "trials": 1
                }
            }
        ],
        [
            {
                "query": {
                    "x": 0.7572617128405684
                },
                "metrics": {
                    "outcome": -6.020739966140807
                },
                "metadata": {
                    "trials": 1
                }
            }
        ],
        [
            {
                "query": {
                    "x": 0.7572619989956401
                },
                "metrics": {
                    "outcome": -6.020739962137601
                },
                "metadata": {
                    "trials": 1
                }
            }
        ],
        [
            {
                "query": {
                    "x": 0.7572622074015946
                },
                "metrics": {
                    "outcome": -6.020739959167033
                },
                "metadata": {
                    "trials": 1
                }
            }
        ],
        [
            {
                "query": {
                    "x": 0.7572624417835508
                },
                "metrics": {
                    "outcome": -6.020739955770782
                },
                "metadata": {
                    "trials": 1
                }
            }
        ],
        [
            {
                "query": {
                    "x": 0.7572627391952442
                },
                "metrics": {
                    "outcome": -6.020739951376746
                },
                "metadata": {
                    "trials": 1
                }
            }
        ],
        [
            {
                "query": {
                    "x": 0.757262908471531
                },
                "metrics": {
                    "outcome": -6.020739948833625
                },
                "metadata": {
                    "trials": 1
                }
            }
        ],
        [
            {
                "query": {
                    "x": 0.611912741092965
                },
                "metrics": {
                    "outcome": -0.5587730495533826
                },
                "metadata": {
                    "trials": 1
                }
            }
        ],
        [
            {
                "query": {
                    "x": 0.7572535694359248
                },
                "metrics": {
                    "outcome": -6.020740043403951
                },
                "metadata": {
                    "trials": 1
                }
            }
        ],
        [
            {
                "query": {
                    "x": 0.7572540171902977
                },
                "metrics": {
                    "outcome": -6.02074004099591
                },
                "metadata": {
                    "trials": 1
                }
            }
        ],
        [
            {
                "query": {
                    "x": 0.7572544603336586
                },
                "metrics": {
                    "outcome": -6.020740038401836
                },
                "metadata": {
                    "trials": 1
                }
            }
        ],
        [
            {
                "query": {
                    "x": 0.7572549453536338
                },
                "metrics": {
                    "outcome": -6.020740035322215
                },
                "metadata": {
                    "trials": 1
                }
            }
        ],
        [
            {
                "query": {
                    "x": 0.757255313038119
                },
                "metrics": {
                    "outcome": -6.020740032820179
                },
                "metadata": {
                    "trials": 1
                }
            }
        ],
        [
            {
                "query": {
                    "x": 0.7572557398253473
                },
                "metrics": {
                    "outcome": -6.020740029734884
                },
                "metadata": {
                    "trials": 1
                }
            }
        ],
        [
            {
                "query": {
                    "x": 0.7572561659910488
                },
                "metrics": {
                    "outcome": -6.02074002645996
                },
                "metadata": {
                    "trials": 1
                }
            }
        ],
        [
            {
                "query": {
                    "x": 0.7572565427127327
                },
                "metrics": {
                    "outcome": -6.020740023403468
                },
                "metadata": {
                    "trials": 1
                }
            }
        ],
        [
            {
                "query": {
                    "x": 0.7572569574139687
                },
                "metrics": {
                    "outcome": -6.020740019863557
                },
                "metadata": {
                    "trials": 1
                }
            }
        ],
        [
            {
                "query": {
                    "x": 0.757257342651689
                },
                "metrics": {
                    "outcome": -6.020740016410575
                },
                "metadata": {
                    "trials": 1
                }
            }
        ],
        [
            {
                "query": {
                    "x": 0.7572577308977454
                },
                "metrics": {
                    "outcome": -6.020740012770255
                },
                "metadata": {
                    "trials": 1
                }
            }
        ],
        [
            {
                "query": {
                    "x": 0.7572581654038582
                },
                "metrics": {
                    "outcome": -6.0207400085052685
                },
                "metadata": {
                    "trials": 1
                }
            }
        ],
        [
            {
                "query": {
                    "x": 0.757258503303063
                },
                "metrics": {
                    "outcome": -6.020740005049164
                },
                "metadata": {
                    "trials": 1
                }
            }
        ],
        [
            {
                "query": {
                    "x": 0.7572588206767946
                },
                "metrics": {
                    "outcome": -6.020740001691934
                },
                "metadata": {
                    "trials": 1
                }
            }
        ],
        [
            {
                "query": {
                    "x": 0.7572592672277756
                },
                "metrics": {
                    "outcome": -6.020739996786066
                },
                "metadata": {
                    "trials": 1
                }
            }
        ],
        [
            {
                "query": {
                    "x": 0.7572596109443329
                },
                "metrics": {
                    "outcome": -6.020739992864886
                },
                "metadata": {
                    "trials": 1
                }
            }
        ],
        [
            {
                "query": {
                    "x": 0.7572467888309885
                },
                "metrics": {
                    "outcome": -6.020740053696758
                },
                "metadata": {
                    "trials": 1
                }
            }
        ],
        [
            {
                "query": {
                    "x": 0.7572471826364802
                },
                "metrics": {
                    "outcome": -6.020740054442079
                },
                "metadata": {
                    "trials": 1
                }
            }
        ],
        [
            {
                "query": {
                    "x": 0.7572476269673606
                },
                "metrics": {
                    "outcome": -6.02074005508416
                },
                "metadata": {
                    "trials": 1
                }
            }
        ],
        [
            {
                "query": {
                    "x": 0.757248117025464
                },
                "metrics": {
                    "outcome": -6.020740055547797
                },
                "metadata": {
                    "trials": 1
                }
            }
        ],
        [
            {
                "query": {
                    "x": 0.6268195726443082
                },
                "metrics": {
                    "outcome": -1.1508588644764721
                },
                "metadata": {
                    "trials": 1
                }
            }
        ],
        [
            {
                "query": {
                    "x": 0.7572385727220903
                },
                "metrics": {
                    "outcome": -6.020740000372889
                },
                "metadata": {
                    "trials": 1
                }
            }
        ],
        [
            {
                "query": {
                    "x": 0.7572391161126554
                },
                "metrics": {
                    "outcome": -6.020740006125857
                },
                "metadata": {
                    "trials": 1
                }
            }
        ],
        [
            {
                "query": {
                    "x": 0.7572397371098092
                },
                "metrics": {
                    "outcome": -6.020740012314362
                },
                "metadata": {
                    "trials": 1
                }
            }
        ],
        [
            {
                "query": {
                    "x": 0.7572402953066784
                },
                "metrics": {
                    "outcome": -6.0207400175255685
                },
                "metadata": {
                    "trials": 1
                }
            }
        ],
        [
            {
                "query": {
                    "x": 0.757240986589289
                },
                "metrics": {
                    "outcome": -6.0207400235180275
                },
                "metadata": {
                    "trials": 1
                }
            }
        ],
        [
            {
                "query": {
                    "x": 0.7572415285038075
                },
                "metrics": {
                    "outcome": -6.020740027858827
                },
                "metadata": {
                    "trials": 1
                }
            }
        ],
        [
            {
                "query": {
                    "x": 0.7572421116089063
                },
                "metrics": {
                    "outcome": -6.020740032179281
                },
                "metadata": {
                    "trials": 1
                }
            }
        ],
        [
            {
                "query": {
                    "x": 0.7572426947653754
                },
                "metrics": {
                    "outcome": -6.020740036136953
                },
                "metadata": {
                    "trials": 1
                }
            }
        ],
        [
            {
                "query": {
                    "x": 0.7572432655350846
                },
                "metrics": {
                    "outcome": -6.020740039658871
                },
                "metadata": {
                    "trials": 1
                }
            }
        ],
        [
            {
                "query": {
                    "x": 0.7572438453773485
                },
                "metrics": {
                    "outcome": -6.0207400428805125
                },
                "metadata": {
                    "trials": 1
                }
            }
        ],
        [
            {
                "query": {
                    "x": 0.7572443833858354
                },
                "metrics": {
                    "outcome": -6.02074004554858
                },
                "metadata": {
                    "trials": 1
                }
            }
        ],
        [
            {
                "query": {
                    "x": 0.757244856172216
                },
                "metrics": {
                    "outcome": -6.020740047638015
                },
                "metadata": {
                    "trials": 1
                }
            }
        ],
        [
            {
                "query": {
                    "x": 0.7572454732304886
                },
                "metrics": {
                    "outcome": -6.0207400500059425
                },
                "metadata": {
                    "trials": 1
                }
            }
        ],
        [
            {
                "query": {
                    "x": 0.7572460741864047
                },
                "metrics": {
                    "outcome": -6.020740051921212
                },
                "metadata": {
                    "trials": 1
                }
            }
        ],
        [
            {
                "query": {
                    "x": 0.7572465118396394
                },
                "metrics": {
                    "outcome": -6.020740053073302
                },
                "metadata": {
                    "trials": 1
                }
            }
        ],
        [
            {
                "query": {
                    "x": 0.757247044847678
                },
                "metrics": {
                    "outcome": -6.020740054200136
                },
                "metadata": {
                    "trials": 1
                }
            }
        ],
        [
            {
                "query": {
                    "x": 0.7572476098349922
                },
                "metrics": {
                    "outcome": -6.02074005506331
                },
                "metadata": {
                    "trials": 1
                }
            }
        ],
        [
            {
                "query": {
                    "x": 0.7572481134481052
                },
                "metrics": {
                    "outcome": -6.020740055545342
                },
                "metadata": {
                    "trials": 1
                }
            }
        ],
        [
            {
                "query": {
                    "x": 0.7572485585994285
                },
                "metrics": {
                    "outcome": -6.020740055745884
                },
                "metadata": {
                    "trials": 1
                }
            }
        ],
        [
            {
                "query": {
                    "x": 0.7572490394549217
                },
                "metrics": {
                    "outcome": -6.020740055724732
                },
                "metadata": {
                    "trials": 1
                }
            }
        ],
        [
            {
                "query": {
                    "x": 0.8816742564085871
                },
                "metrics": {
                    "outcome": 3.166816296089965
                },
                "metadata": {
                    "trials": 1
                }
            }
        ],
        [
            {
                "query": {
                    "x": 0.7572554682312092
                },
                "metrics": {
                    "outcome": -6.02074003172078
                },
                "metadata": {
                    "trials": 1
                }
            }
        ],
        [
            {
                "query": {
                    "x": 0.7572558397570213
                },
                "metrics": {
                    "outcome": -6.020740028984357
                },
                "metadata": {
                    "trials": 1
                }
            }
        ],
        [
            {
                "query": {
                    "x": 0.7572560907619724
                },
                "metrics": {
                    "outcome": -6.020740027052167
                },
                "metadata": {
                    "trials": 1
                }
            }
        ],
        [
            {
                "query": {
                    "x": 0.7572564648109893
                },
                "metrics": {
                    "outcome": -6.020740024047947
                },
                "metadata": {
                    "trials": 1
                }
            }
        ],
        [
            {
                "query": {
                    "x": 0.7572566887527385
                },
                "metrics": {
                    "outcome": -6.020740022177815
                },
                "metadata": {
                    "trials": 1
                }
            }
        ],
        [
            {
                "query": {
                    "x": 0.757256956497155
                },
                "metrics": {
                    "outcome": -6.020740019871586
                },
                "metadata": {
                    "trials": 1
                }
            }
        ],
        [
            {
                "query": {
                    "x": 0.7572572020934354
                },
                "metrics": {
                    "outcome": -6.0207400176888015
                },
                "metadata": {
                    "trials": 1
                }
            }
        ],
        [
            {
                "query": {
                    "x": 0.7572575291066718
                },
                "metrics": {
                    "outcome": -6.020740014682406
                },
                "metadata": {
                    "trials": 1
                }
            }
        ],
        [
            {
                "query": {
                    "x": 0.7572578408117696
                },
                "metrics": {
                    "outcome": -6.020740011710424
                },
                "metadata": {
                    "trials": 1
                }
            }
        ],
        [
            {
                "query": {
                    "x": 0.7572580967797417
                },
                "metrics": {
                    "outcome": -6.020740009192272
                },
                "metadata": {
                    "trials": 1
                }
            }
        ],
        [
            {
                "query": {
                    "x": 0.7572582416568125
                },
                "metrics": {
                    "outcome": -6.020740007735992
                },
                "metadata": {
                    "trials": 1
                }
            }
        ],
        [
            {
                "query": {
                    "x": 0.757258595628926
                },
                "metrics": {
                    "outcome": -6.020740004083622
                },
                "metadata": {
                    "trials": 1
                }
            }
        ],
        [
            {
                "query": {
                    "x": 0.7572589010080502
                },
                "metrics": {
                    "outcome": -6.020740000825116
                },
                "metadata": {
                    "trials": 1
                }
            }
        ],
        [
            {
                "query": {
                    "x": 0.7572590837428909
                },
                "metrics": {
                    "outcome": -6.020739998827634
                },
                "metadata": {
                    "trials": 1
                }
            }
        ]
    ],
    "best_results": [
        {
            "query": {
                "x": 0.7572485585994285
            },
            "metrics": [
                {
                    "name": "outcome",
                    "value": -6.020740055745884
                }
            ]
        }
    ]
}