{
    "date": "04/11/2022 16:31:30",
    "basic_params": {
        "active_variables": [
            "x1",
            "x2"
        ],
        "default_query": {},
        "metric": "basic",
        "n_trials": 1
    },
    "objective_function": {
        "name": "Branin",
        "params": {}
    },
    "optimizer": {
        "name": "BBO-LP(LCB)-FoD",
        "params": {
            "lower_bound": [
                -5.0,
                0.0
            ],
            "upper_bound": [
                10.0,
                15.0
            ],
            "invert_metric": false,
            "bopt_params": {
                "n_init_samples": 15,
                "n_iterations": 45,
                "n_iter_relearn": 5,
                "verbose_level": 0,
                "n_parallel_samples": 3,
                "fixed_dataset_size": 50,
                "par_type": "PAR_BBO",
                "crit_name": "cLP(cLCB)",
                "n_crit_params": 3,
                "crit_params": [
                    3,
                    1,
                    1.0
                ]
            }
        }
    },
    "iterations": [
        [
            {
                "query": {
                    "x1": -4.857815203256905,
                    "x2": 4.438344081165269
                },
                "metrics": {
                    "outcome": 163.70787101807653
                },
                "metadata": {
                    "trials": 1
                }
            }
        ],
        [
            {
                "query": {
                    "x1": 1.3317358288913965,
                    "x2": 6.599402865860611
                },
                "metrics": {
                    "outcome": 18.472862058972943
                },
                "metadata": {
                    "trials": 1
                }
            }
        ],
        [
            {
                "query": {
                    "x1": -0.8589023556560278,
                    "x2": 14.1181028932333
                },
                "metrics": {
                    "outcome": 60.57265118294131
                },
                "metadata": {
                    "trials": 1
                }
            }
        ],
        [
            {
                "query": {
                    "x1": 7.30641320371069,
                    "x2": 9.49275583657436
                },
                "metrics": {
                    "outcome": 82.64845383003633
                },
                "metadata": {
                    "trials": 1
                }
            }
        ],
        [
            {
                "query": {
                    "x1": -2.155867090448737,
                    "x2": 0.009283515391871333
                },
                "metrics": {
                    "outcome": 105.14374026075303
                },
                "metadata": {
                    "trials": 1
                }
            }
        ],
        [
            {
                "query": {
                    "x1": -3.4149652649648488,
                    "x2": 3.2085776475723833
                },
                "metrics": {
                    "outcome": 95.48684342003615
                },
                "metadata": {
                    "trials": 1
                }
            }
        ],
        [
            {
                "query": {
                    "x1": 8.364036957500502,
                    "x2": 2.384852438233793
                },
                "metrics": {
                    "outcome": 5.746620937233849
                },
                "metadata": {
                    "trials": 1
                }
            }
        ],
        [
            {
                "query": {
                    "x1": 0.8624152566771954,
                    "x2": 5.961234009359032
                },
                "metrics": {
                    "outcome": 17.77915544586878
                },
                "metadata": {
                    "trials": 1
                }
            }
        ],
        [
            {
                "query": {
                    "x1": 6.047081474447623,
                    "x2": 10.297245980007574
                },
                "metrics": {
                    "outcome": 103.93082868382042
                },
                "metadata": {
                    "trials": 1
                }
            }
        ],
        [
            {
                "query": {
                    "x1": 9.103126408997923,
                    "x2": 11.9586070952937
                },
                "metrics": {
                    "outcome": 95.78835803152595
                },
                "metadata": {
                    "trials": 1
                }
            }
        ],
        [
            {
                "query": {
                    "x1": 3.292670962167904,
                    "x2": 1.1416983776725829
                },
                "metrics": {
                    "outcome": 1.5444620241911942
                },
                "metadata": {
                    "trials": 1
                }
            }
        ],
        [
            {
                "query": {
                    "x1": 2.33863815641962,
                    "x2": 13.247582904063165
                },
                "metrics": {
                    "outcome": 108.6617770869593
                },
                "metadata": {
                    "trials": 1
                }
            }
        ],
        [
            {
                "query": {
                    "x1": 5.452854113653302,
                    "x2": 8.240374661516398
                },
                "metrics": {
                    "outcome": 66.5722707761502
                },
                "metadata": {
                    "trials": 1
                }
            }
        ],
        [
            {
                "query": {
                    "x1": 4.769165991107002,
                    "x2": 12.345083030872047
                },
                "metrics": {
                    "outcome": 131.48223831318376
                },
                "metadata": {
                    "trials": 1
                }
            }
        ],
        [
            {
                "query": {
                    "x1": -1.7735423939302564,
                    "x2": 7.519082628423348
                },
                "metrics": {
                    "outcome": 10.990419467866296
                },
                "metadata": {
                    "trials": 1
                }
            }
        ],
        [
            {
                "query": {
                    "x1": 4.956412028893109,
                    "x2": 1.3689494873098371
                },
                "metrics": {
                    "outcome": 12.326969625778657
                },
                "metadata": {
                    "trials": 1
                }
            },
            {
                "query": {
                    "x1": 4.956412028893109,
                    "x2": 1.3689494873098371
                },
                "metrics": {
                    "outcome": 12.326969625778657
                },
                "metadata": {
                    "trials": 1
                }
            },
            {
                "query": {
                    "x1": 4.956412028893109,
                    "x2": 1.3689494873098371
                },
                "metrics": {
                    "outcome": 12.326969625778657
                },
                "metadata": {
                    "trials": 1
                }
            }
        ],
        [
            {
                "query": {
                    "x1": 10.0,
                    "x2": 3.11946461948465
                },
                "metrics": {
                    "outcome": 1.9567147802765223
                },
                "metadata": {
                    "trials": 1
                }
            },
            {
                "query": {
                    "x1": 10.0,
                    "x2": 3.151925236885782
                },
                "metrics": {
                    "outcome": 1.96533231610975
                },
                "metadata": {
                    "trials": 1
                }
            },
            {
                "query": {
                    "x1": 10.0,
                    "x2": 3.087007702834948
                },
                "metrics": {
                    "outcome": 1.950205249898163
                },
                "metadata": {
                    "trials": 1
                }
            }
        ],
        [
            {
                "query": {
                    "x1": 3.0758038400385903,
                    "x2": 1.4236735090637946
                },
                "metrics": {
                    "outcome": 1.2344147737291404
                },
                "metadata": {
                    "trials": 1
                }
            },
            {
                "query": {
                    "x1": 3.06157540359267,
                    "x2": 1.4376855401268138
                },
                "metrics": {
                    "outcome": 1.239590085632699
                },
                "metadata": {
                    "trials": 1
                }
            },
            {
                "query": {
                    "x1": 3.0902007127364186,
                    "x2": 1.4098594364047285
                },
                "metrics": {
                    "outcome": 1.2306041293731234
                },
                "metadata": {
                    "trials": 1
                }
            }
        ],
        [
            {
                "query": {
                    "x1": 3.0731784790123537,
                    "x2": 1.3620332409497546
                },
                "metrics": {
                    "outcome": 1.3552935656583216
                },
                "metadata": {
                    "trials": 1
                }
            },
            {
                "query": {
                    "x1": 3.068177550587942,
                    "x2": 1.3671181606189988
                },
                "metrics": {
                    "outcome": 1.3565829646105545
                },
                "metadata": {
                    "trials": 1
                }
            },
            {
                "query": {
                    "x1": 3.0782047521514,
                    "x2": 1.3569749489374636
                },
                "metrics": {
                    "outcome": 1.3541526072150738
                },
                "metadata": {
                    "trials": 1
                }
            }
        ],
        [
            {
                "query": {
                    "x1": 3.1725009659196477,
                    "x2": 1.6859620597241671
                },
                "metrics": {
                    "outcome": 0.721763218755969
                },
                "metadata": {
                    "trials": 1
                }
            },
            {
                "query": {
                    "x1": 3.1695859114864984,
                    "x2": 1.694213311615462
                },
                "metrics": {
                    "outcome": 0.714194191143589
                },
                "metadata": {
                    "trials": 1
                }
            },
            {
                "query": {
                    "x1": 3.175445013676077,
                    "x2": 1.6777220036161662
                },
                "metrics": {
                    "outcome": 0.729459409796263
                },
                "metadata": {
                    "trials": 1
                }
            }
        ],
        [
            {
                "query": {
                    "x1": 3.182384702210795,
                    "x2": 2.0791871464115568
                },
                "metrics": {
                    "outcome": 0.43284198151921593
                },
                "metadata": {
                    "trials": 1
                }
            },
            {
                "query": {
                    "x1": 3.1826123601599594,
                    "x2": 2.063796672574162
                },
                "metrics": {
                    "outcome": 0.43816008009672736
                },
                "metadata": {
                    "trials": 1
                }
            },
            {
                "query": {
                    "x1": 3.182297318684535,
                    "x2": 2.094583301363626
                },
                "metrics": {
                    "outcome": 0.4280082732788646
                },
                "metadata": {
                    "trials": 1
                }
            }
        ],
        [
            {
                "query": {
                    "x1": 3.1902825420779415,
                    "x2": 2.253845014118497
                },
                "metrics": {
                    "outcome": 0.40953957926835116
                },
                "metadata": {
                    "trials": 1
                }
            },
            {
                "query": {
                    "x1": 3.1893186909219597,
                    "x2": 2.244775986719924
                },
                "metrics": {
                    "outcome": 0.4088659141994597
                },
                "metadata": {
                    "trials": 1
                }
            },
            {
                "query": {
                    "x1": 3.191281139124662,
                    "x2": 2.2629078263827958
                },
                "metrics": {
                    "outcome": 0.410432203650009
                },
                "metadata": {
                    "trials": 1
                }
            }
        ],
        [
            {
                "query": {
                    "x1": 3.163009336152548,
                    "x2": 2.2252202727753128
                },
                "metrics": {
                    "outcome": 0.40118745434107517
                },
                "metadata": {
                    "trials": 1
                }
            },
            {
                "query": {
                    "x1": 3.162942474499257,
                    "x2": 2.2308157307205483
                },
                "metrics": {
                    "outcome": 0.40083705752464915
                },
                "metadata": {
                    "trials": 1
                }
            },
            {
                "query": {
                    "x1": 3.163109095718708,
                    "x2": 2.219627355602329
                },
                "metrics": {
                    "outcome": 0.4016039837427243
                },
                "metadata": {
                    "trials": 1
                }
            }
        ],
        [
            {
                "query": {
                    "x1": 3.1370097351872577,
                    "x2": 2.2433344938087494
                },
                "metrics": {
                    "outcome": 0.3992302110472288
                },
                "metadata": {
                    "trials": 1
                }
            },
            {
                "query": {
                    "x1": 3.1371254965471405,
                    "x2": 2.2396468123542053
                },
                "metrics": {
                    "outcome": 0.3994916732631868
                },
                "metadata": {
                    "trials": 1
                }
            },
            {
                "query": {
                    "x1": 3.1369106712444346,
                    "x2": 2.247020010959473
                },
                "metrics": {
                    "outcome": 0.3989933180833152
                },
                "metadata": {
                    "trials": 1
                }
            }
        ],
        [
            {
                "query": {
                    "x1": 3.139732257474515,
                    "x2": 2.23414797508745
                },
                "metrics": {
                    "outcome": 0.39969354534120427
                },
                "metadata": {
                    "trials": 1
                }
            },
            {
                "query": {
                    "x1": 3.1396421771396277,
                    "x2": 2.2361086780638764
                },
                "metrics": {
                    "outcome": 0.399538825993492
                },
                "metadata": {
                    "trials": 1
                }
            },
            {
                "query": {
                    "x1": 3.1398276200019133,
                    "x2": 2.232193618517441
                },
                "metrics": {
                    "outcome": 0.39985447527632445
                },
                "metadata": {
                    "trials": 1
                }
            }
        ],
        [
            {
                "query": {
                    "x1": 3.1406534477085444,
                    "x2": 2.2369269332755626
                },
                "metrics": {
                    "outcome": 0.3993974696237821
                },
                "metadata": {
                    "trials": 1
                }
            },
            {
                "query": {
                    "x1": 3.1405639362960507,
                    "x2": 2.2386623245725987
                },
                "metrics": {
                    "outcome": 0.399271823053974
                },
                "metadata": {
                    "trials": 1
                }
            },
            {
                "query": {
                    "x1": 3.140751677404552,
                    "x2": 2.235195926055854
                },
                "metrics": {
                    "outcome": 0.3995277655081413
                },
                "metadata": {
                    "trials": 1
                }
            }
        ],
        [
            {
                "query": {
                    "x1": 3.1408718297186216,
                    "x2": 2.2367522555009316
                },
                "metrics": {
                    "outcome": 0.3993960647299133
                },
                "metadata": {
                    "trials": 1
                }
            },
            {
                "query": {
                    "x1": 3.140779892266943,
                    "x2": 2.2383766321538583
                },
                "metrics": {
                    "outcome": 0.39927863506751926
                },
                "metadata": {
                    "trials": 1
                }
            },
            {
                "query": {
                    "x1": 3.1409717336525773,
                    "x2": 2.2351357395776783
                },
                "metrics": {
                    "outcome": 0.39951721344620594
                },
                "metadata": {
                    "trials": 1
                }
            }
        ],
        [
            {
                "query": {
                    "x1": 3.144929375881448,
                    "x2": 2.2251957349695446
                },
                "metrics": {
                    "outcome": 0.4001689844909144
                },
                "metadata": {
                    "trials": 1
                }
            },
            {
                "query": {
                    "x1": 3.1449328725767955,
                    "x2": 2.2279023531759847
                },
                "metrics": {
                    "outcome": 0.399920656094368
                },
                "metadata": {
                    "trials": 1
                }
            },
            {
                "query": {
                    "x1": 3.1447924168087784,
                    "x2": 2.2225964957828213
                },
                "metrics": {
                    "outcome": 0.4004274676283064
                },
                "metadata": {
                    "trials": 1
                }
            }
        ],
        [
            {
                "query": {
                    "x1": 3.1451399201373462,
                    "x2": 2.236338582158686
                },
                "metrics": {
                    "outcome": 0.3992363411037001
                },
                "metadata": {
                    "trials": 1
                }
            },
            {
                "query": {
                    "x1": 3.1451394017520045,
                    "x2": 2.2385070270252734
                },
                "metrics": {
                    "outcome": 0.3990853729192523
                },
                "metadata": {
                    "trials": 1
                }
            },
            {
                "query": {
                    "x1": 3.1451431208571528,
                    "x2": 2.234171841603205
                },
                "metrics": {
                    "outcome": 0.39939651270887744
                },
                "metadata": {
                    "trials": 1
                }
            }
        ],
        [
            {
                "query": {
                    "x1": 3.1268780613477603,
                    "x2": 2.2522752082871027
                },
                "metrics": {
                    "outcome": 0.40009842095395065
                },
                "metadata": {
                    "trials": 1
                }
            },
            {
                "query": {
                    "x1": 3.1278569963918166,
                    "x2": 2.2491255100183616
                },
                "metrics": {
                    "outcome": 0.4001334969445658
                },
                "metadata": {
                    "trials": 1
                }
            },
            {
                "query": {
                    "x1": 3.125861690767156,
                    "x2": 2.255406442598538
                },
                "metrics": {
                    "outcome": 0.400092610881142
                },
                "metadata": {
                    "trials": 1
                }
            }
        ],
        [
            {
                "query": {
                    "x1": 3.1429172223661226,
                    "x2": 2.2663253949208753
                },
                "metrics": {
                    "outcome": 0.39795417903859764
                },
                "metadata": {
                    "trials": 1
                }
            },
            {
                "query": {
                    "x1": 3.1423989727839565,
                    "x2": 2.268798433471818
                },
                "metrics": {
                    "outcome": 0.3979215356300152
                },
                "metadata": {
                    "trials": 1
                }
            },
            {
                "query": {
                    "x1": 3.143435027062818,
                    "x2": 2.263850738440744
                },
                "metrics": {
                    "outcome": 0.39799799472673314
                },
                "metadata": {
                    "trials": 1
                }
            }
        ],
        [
            {
                "query": {
                    "x1": -5.0,
                    "x2": 0.0
                },
                "metrics": {
                    "outcome": 308.12909601160663
                },
                "metadata": {
                    "trials": 1
                }
            },
            {
                "query": {
                    "x1": -5.0,
                    "x2": 15.0
                },
                "metrics": {
                    "outcome": 17.508299515778166
                },
                "metadata": {
                    "trials": 1
                }
            },
            {
                "query": {
                    "x1": -5.0,
                    "x2": 0.043730000704111975
                },
                "metrics": {
                    "outcome": 306.62780180498055
                },
                "metadata": {
                    "trials": 1
                }
            }
        ],
        [
            {
                "query": {
                    "x1": 2.937709363745209,
                    "x2": 3.1316560865677103
                },
                "metrics": {
                    "outcome": 1.0760288705919496
                },
                "metadata": {
                    "trials": 1
                }
            },
            {
                "query": {
                    "x1": 2.952080320036176,
                    "x2": 3.133370803337562
                },
                "metrics": {
                    "outcome": 1.0681502416824546
                },
                "metadata": {
                    "trials": 1
                }
            },
            {
                "query": {
                    "x1": 2.923277465790334,
                    "x2": 3.130426372824475
                },
                "metrics": {
                    "outcome": 1.0868657890624185
                },
                "metadata": {
                    "trials": 1
                }
            }
        ],
        [
            {
                "query": {
                    "x1": 9.930593247360497,
                    "x2": 13.437056867215592
                },
                "metrics": {
                    "outcome": 111.89939525413432
                },
                "metadata": {
                    "trials": 1
                }
            },
            {
                "query": {
                    "x1": 9.930969788363969,
                    "x2": 12.51837563075421
                },
                "metrics": {
                    "outcome": 93.44148760013816
                },
                "metadata": {
                    "trials": 1
                }
            },
            {
                "query": {
                    "x1": 9.68160575304759,
                    "x2": 12.793429820356888
                },
                "metrics": {
                    "outcome": 102.58691087545229
                },
                "metadata": {
                    "trials": 1
                }
            }
        ],
        [
            {
                "query": {
                    "x1": 6.0523089585998395,
                    "x2": 0.26050139152287627
                },
                "metrics": {
                    "outcome": 20.051313202435004
                },
                "metadata": {
                    "trials": 1
                }
            },
            {
                "query": {
                    "x1": 6.083710827611013,
                    "x2": 0.24626679620819988
                },
                "metrics": {
                    "outcome": 20.138508045269095
                },
                "metadata": {
                    "trials": 1
                }
            },
            {
                "query": {
                    "x1": 6.021007049584089,
                    "x2": 0.2747393846449814
                },
                "metrics": {
                    "outcome": 19.955923790607635
                },
                "metadata": {
                    "trials": 1
                }
            }
        ],
        [
            {
                "query": {
                    "x1": 0.6066276112825308,
                    "x2": 9.070209054400502
                },
                "metrics": {
                    "outcome": 33.794177831904875
                },
                "metadata": {
                    "trials": 1
                }
            },
            {
                "query": {
                    "x1": 0.5700623628672634,
                    "x2": 9.058401157808582
                },
                "metrics": {
                    "outcome": 33.47914501445336
                },
                "metadata": {
                    "trials": 1
                }
            },
            {
                "query": {
                    "x1": 0.6432304840613989,
                    "x2": 9.081738589090172
                },
                "metrics": {
                    "outcome": 34.102132853729145
                },
                "metadata": {
                    "trials": 1
                }
            }
        ],
        [
            {
                "query": {
                    "x1": 10.0,
                    "x2": 5.459759791170923
                },
                "metrics": {
                    "outcome": 7.979022557440913
                },
                "metadata": {
                    "trials": 1
                }
            },
            {
                "query": {
                    "x1": 10.0,
                    "x2": 5.494206964299342
                },
                "metrics": {
                    "outcome": 8.149469014556043
                },
                "metadata": {
                    "trials": 1
                }
            },
            {
                "query": {
                    "x1": 10.0,
                    "x2": 5.425295154281865
                },
                "metrics": {
                    "outcome": 7.810864709212663
                },
                "metadata": {
                    "trials": 1
                }
            }
        ],
        [
            {
                "query": {
                    "x1": 2.0482322677711,
                    "x2": 15.0
                },
                "metrics": {
                    "outcome": 142.89699826007887
                },
                "metadata": {
                    "trials": 1
                }
            },
            {
                "query": {
                    "x1": 2.083097914651024,
                    "x2": 15.0
                },
                "metrics": {
                    "outcome": 143.4681235593997
                },
                "metadata": {
                    "trials": 1
                }
            },
            {
                "query": {
                    "x1": 2.013343284960725,
                    "x2": 15.0
                },
                "metrics": {
                    "outcome": 142.3262376316794
                },
                "metadata": {
                    "trials": 1
                }
            }
        ],
        [
            {
                "query": {
                    "x1": 3.107761844326557,
                    "x2": 2.261842524225974
                },
                "metrics": {
                    "outcome": 0.4049569410867644
                },
                "metadata": {
                    "trials": 1
                }
            },
            {
                "query": {
                    "x1": 3.1068414427851376,
                    "x2": 2.262350027944115
                },
                "metrics": {
                    "outcome": 0.4052773251766393
                },
                "metadata": {
                    "trials": 1
                }
            },
            {
                "query": {
                    "x1": 3.1086832122454773,
                    "x2": 2.2613364023703153
                },
                "metrics": {
                    "outcome": 0.40464432482419
                },
                "metadata": {
                    "trials": 1
                }
            }
        ],
        [
            {
                "query": {
                    "x1": 3.2071669952772677,
                    "x2": 2.241456503409715
                },
                "metrics": {
                    "outcome": 0.41881482955636606
                },
                "metadata": {
                    "trials": 1
                }
            },
            {
                "query": {
                    "x1": 3.2086034226299756,
                    "x2": 2.241135925618865
                },
                "metrics": {
                    "outcome": 0.4197555290427921
                },
                "metadata": {
                    "trials": 1
                }
            },
            {
                "query": {
                    "x1": 3.2057309580195525,
                    "x2": 2.2417766542467645
                },
                "metrics": {
                    "outcome": 0.41789531963039117
                },
                "metadata": {
                    "trials": 1
                }
            }
        ],
        [
            {
                "query": {
                    "x1": 3.123469461400541,
                    "x2": 2.244280174530422
                },
                "metrics": {
                    "outcome": 0.4014798543542142
                },
                "metadata": {
                    "trials": 1
                }
            },
            {
                "query": {
                    "x1": 3.1241425343119786,
                    "x2": 2.2441783637805273
                },
                "metrics": {
                    "outcome": 0.40132682050118973
                },
                "metadata": {
                    "trials": 1
                }
            },
            {
                "query": {
                    "x1": 3.12279685280021,
                    "x2": 2.244385586709884
                },
                "metrics": {
                    "outcome": 0.4016371681324973
                },
                "metadata": {
                    "trials": 1
                }
            }
        ],
        [
            {
                "query": {
                    "x1": 3.126322096815711,
                    "x2": 2.244535353036531
                },
                "metrics": {
                    "outcome": 0.4008049638797413
                },
                "metadata": {
                    "trials": 1
                }
            },
            {
                "query": {
                    "x1": 3.1269500741640925,
                    "x2": 2.244380053551454
                },
                "metrics": {
                    "outcome": 0.40068632568294404
                },
                "metadata": {
                    "trials": 1
                }
            },
            {
                "query": {
                    "x1": 3.1256918871060666,
                    "x2": 2.244677623697515
                },
                "metrics": {
                    "outcome": 0.40092922828152844
                },
                "metadata": {
                    "trials": 1
                }
            }
        ],
        [
            {
                "query": {
                    "x1": 3.127192794483477,
                    "x2": 2.2450740790280284
                },
                "metrics": {
                    "outcome": 0.4005788722435888
                },
                "metadata": {
                    "trials": 1
                }
            },
            {
                "query": {
                    "x1": 3.1277981503902534,
                    "x2": 2.2449017643410287
                },
                "metrics": {
                    "outcome": 0.4004721506920088
                },
                "metadata": {
                    "trials": 1
                }
            },
            {
                "query": {
                    "x1": 3.126588027801544,
                    "x2": 2.245248682239523
                },
                "metrics": {
                    "outcome": 0.400688989346051
                },
                "metadata": {
                    "trials": 1
                }
            }
        ],
        [
            {
                "query": {
                    "x1": 3.1272698675313784,
                    "x2": 2.245918044647544
                },
                "metrics": {
                    "outcome": 0.4004945746199695
                },
                "metadata": {
                    "trials": 1
                }
            },
            {
                "query": {
                    "x1": 3.1266841230534066,
                    "x2": 2.246122198593841
                },
                "metrics": {
                    "outcome": 0.40059737102945014
                },
                "metadata": {
                    "trials": 1
                }
            },
            {
                "query": {
                    "x1": 3.1278559589335515,
                    "x2": 2.2457150740247354
                },
                "metrics": {
                    "outcome": 0.40039504709022644
                },
                "metadata": {
                    "trials": 1
                }
            }
        ],
        [
            {
                "query": {
                    "x1": 3.126903498642788,
                    "x2": 2.2489576499915063
                },
                "metrics": {
                    "outcome": 0.4003314470914656
                },
                "metadata": {
                    "trials": 1
                }
            },
            {
                "query": {
                    "x1": 3.126327932638283,
                    "x2": 2.249153641455863
                },
                "metrics": {
                    "outcome": 0.4004334266829286
                },
                "metadata": {
                    "trials": 1
                }
            },
            {
                "query": {
                    "x1": 3.1274794707896785,
                    "x2": 2.24876340449585
                },
                "metrics": {
                    "outcome": 0.4002325757358882
                },
                "metadata": {
                    "trials": 1
                }
            }
        ],
        [
            {
                "query": {
                    "x1": 3.1270516930216736,
                    "x2": 2.257309068047708
                },
                "metrics": {
                    "outcome": 0.39974684897015855
                },
                "metadata": {
                    "trials": 1
                }
            },
            {
                "query": {
                    "x1": 3.127707369357772,
                    "x2": 2.2572153313995766
                },
                "metrics": {
                    "outcome": 0.3996331350887683
                },
                "metadata": {
                    "trials": 1
                }
            },
            {
                "query": {
                    "x1": 3.1263960730230558,
                    "x2": 2.257403900157707
                },
                "metrics": {
                    "outcome": 0.3998649744255207
                },
                "metadata": {
                    "trials": 1
                }
            }
        ],
        [
            {
                "query": {
                    "x1": 3.125207810469547,
                    "x2": 2.261242670489644
                },
                "metrics": {
                    "outcome": 0.39988219389908863
                },
                "metadata": {
                    "trials": 1
                }
            },
            {
                "query": {
                    "x1": 3.1245075558434223,
                    "x2": 2.261315930717509
                },
                "metrics": {
                    "outcome": 0.4000202272500619
                },
                "metadata": {
                    "trials": 1
                }
            },
            {
                "query": {
                    "x1": 3.1259108201767702,
                    "x2": 2.2611621660751107
                },
                "metrics": {
                    "outcome": 0.39974917838478063
                },
                "metadata": {
                    "trials": 1
                }
            }
        ],
        [
            {
                "query": {
                    "x1": 3.1234070613317026,
                    "x2": 2.259388990400667
                },
                "metrics": {
                    "outcome": 0.4003652819926753
                },
                "metadata": {
                    "trials": 1
                }
            },
            {
                "query": {
                    "x1": 3.124065984890189,
                    "x2": 2.259319631683619
                },
                "metrics": {
                    "outcome": 0.40022580544601816
                },
                "metadata": {
                    "trials": 1
                }
            },
            {
                "query": {
                    "x1": 3.12274800850912,
                    "x2": 2.259456780402188
                },
                "metrics": {
                    "outcome": 0.40050945883968936
                },
                "metadata": {
                    "trials": 1
                }
            }
        ],
        [
            {
                "query": {
                    "x1": 3.135166042891205,
                    "x2": 2.2582456366479526
                },
                "metrics": {
                    "outcome": 0.39855964744439554
                },
                "metadata": {
                    "trials": 1
                }
            },
            {
                "query": {
                    "x1": 3.134444243549284,
                    "x2": 2.2589095913635733
                },
                "metrics": {
                    "outcome": 0.3986023548699027
                },
                "metadata": {
                    "trials": 1
                }
            },
            {
                "query": {
                    "x1": 3.134269648941112,
                    "x2": 2.257865471971391
                },
                "metrics": {
                    "outcome": 0.3986670506747423
                },
                "metadata": {
                    "trials": 1
                }
            }
        ],
        [
            {
                "query": {
                    "x1": 3.039545141241815,
                    "x2": 2.248670780915906
                },
                "metrics": {
                    "outcome": 0.4593448274462535
                },
                "metadata": {
                    "trials": 1
                }
            },
            {
                "query": {
                    "x1": 3.0446164632820683,
                    "x2": 2.251644973773494
                },
                "metrics": {
                    "outcome": 0.4530425289227722
                },
                "metadata": {
                    "trials": 1
                }
            },
            {
                "query": {
                    "x1": 3.034447579164537,
                    "x2": 2.245778888848002
                },
                "metrics": {
                    "outcome": 0.4660069553585391
                },
                "metadata": {
                    "trials": 1
                }
            }
        ],
        [
            {
                "query": {
                    "x1": 3.1609726516052596,
                    "x2": 2.2723560129969433
                },
                "metrics": {
                    "outcome": 0.39984478808320034
                },
                "metadata": {
                    "trials": 1
                }
            },
            {
                "query": {
                    "x1": 3.1635125621670532,
                    "x2": 2.273128597495788
                },
                "metrics": {
                    "outcome": 0.40042394338553855
                },
                "metadata": {
                    "trials": 1
                }
            },
            {
                "query": {
                    "x1": 3.1584306321124878,
                    "x2": 2.271591936681055
                },
                "metrics": {
                    "outcome": 0.3993423386661519
                },
                "metadata": {
                    "trials": 1
                }
            }
        ],
        [
            {
                "query": {
                    "x1": 10.0,
                    "x2": 2.233735888009751
                },
                "metrics": {
                    "outcome": 2.5348411746537645
                },
                "metadata": {
                    "trials": 1
                }
            },
            {
                "query": {
                    "x1": 10.0,
                    "x2": 2.295073011253705
                },
                "metrics": {
                    "outcome": 2.4442398454763605
                },
                "metadata": {
                    "trials": 1
                }
            },
            {
                "query": {
                    "x1": 10.0,
                    "x2": 2.17215889834729
                },
                "metrics": {
                    "outcome": 2.6333654926118557
                },
                "metadata": {
                    "trials": 1
                }
            }
        ],
        [
            {
                "query": {
                    "x1": -4.999999999999988,
                    "x2": 4.987081040753504e-14
                },
                "metrics": {
                    "outcome": 308.1290960116036
                },
                "metadata": {
                    "trials": 1
                }
            },
            {
                "query": {
                    "x1": -5.0,
                    "x2": 0.09432581216619908
                },
                "metrics": {
                    "outcome": 304.89557001049747
                },
                "metadata": {
                    "trials": 1
                }
            },
            {
                "query": {
                    "x1": -5.0,
                    "x2": 0.18856823783653842
                },
                "metrics": {
                    "outcome": 301.68267365945474
                },
                "metadata": {
                    "trials": 1
                }
            }
        ],
        [
            {
                "query": {
                    "x1": -5.0,
                    "x2": 9.066742986285805
                },
                "metrics": {
                    "outcome": 78.66817504352596
                },
                "metadata": {
                    "trials": 1
                }
            },
            {
                "query": {
                    "x1": -5.0,
                    "x2": 9.10889527885801
                },
                "metrics": {
                    "outcome": 77.98534662068445
                },
                "metadata": {
                    "trials": 1
                }
            },
            {
                "query": {
                    "x1": -5.0,
                    "x2": 9.024625609342758
                },
                "metrics": {
                    "outcome": 79.35398708268086
                },
                "metadata": {
                    "trials": 1
                }
            }
        ],
        [
            {
                "query": {
                    "x1": 9.999625801939862,
                    "x2": 6.642885062028591
                },
                "metrics": {
                    "outcome": 15.19296838494312
                },
                "metadata": {
                    "trials": 1
                }
            },
            {
                "query": {
                    "x1": 9.999624864948968,
                    "x2": 6.658703863426287
                },
                "metrics": {
                    "outcome": 15.30839088046528
                },
                "metadata": {
                    "trials": 1
                }
            },
            {
                "query": {
                    "x1": 9.999624988678777,
                    "x2": 6.6270749733916015
                },
                "metrics": {
                    "outcome": 15.078113024722485
                },
                "metadata": {
                    "trials": 1
                }
            }
        ],
        [
            {
                "query": {
                    "x1": 3.0156394967327547,
                    "x2": 4.995455418201182
                },
                "metrics": {
                    "outcome": 7.339296319852785
                },
                "metadata": {
                    "trials": 1
                }
            },
            {
                "query": {
                    "x1": 3.0152855331757404,
                    "x2": 5.018898539551778
                },
                "metrics": {
                    "outcome": 7.461603456806231
                },
                "metadata": {
                    "trials": 1
                }
            },
            {
                "query": {
                    "x1": 2.995975254950374,
                    "x2": 5.006474183228816
                },
                "metrics": {
                    "outcome": 7.338645395605565
                },
                "metadata": {
                    "trials": 1
                }
            }
        ],
        [
            {
                "query": {
                    "x1": 5.585649041602192,
                    "x2": 15.0
                },
                "metrics": {
                    "outcome": 209.4408364451178
                },
                "metadata": {
                    "trials": 1
                }
            },
            {
                "query": {
                    "x1": 5.612134370802009,
                    "x2": 14.999624981357213
                },
                "metrics": {
                    "outcome": 209.69763543537704
                },
                "metadata": {
                    "trials": 1
                }
            },
            {
                "query": {
                    "x1": 5.559185298448149,
                    "x2": 14.999623846120606
                },
                "metrics": {
                    "outcome": 209.1532916530493
                },
                "metadata": {
                    "trials": 1
                }
            }
        ],
        [
            {
                "query": {
                    "x1": 3.1778227940592707,
                    "x2": 2.225272819588915
                },
                "metrics": {
                    "outcome": 0.4046570367052684
                },
                "metadata": {
                    "trials": 1
                }
            },
            {
                "query": {
                    "x1": 3.176463498164951,
                    "x2": 2.2268864557988257
                },
                "metrics": {
                    "outcome": 0.40416894406025783
                },
                "metadata": {
                    "trials": 1
                }
            },
            {
                "query": {
                    "x1": 3.1791793896243945,
                    "x2": 2.2236555600692682
                },
                "metrics": {
                    "outcome": 0.4051628004025378
                },
                "metadata": {
                    "trials": 1
                }
            }
        ],
        [
            {
                "query": {
                    "x1": -5.0,
                    "x2": 14.99999999999999
                },
                "metrics": {
                    "outcome": 17.508299515778212
                },
                "metadata": {
                    "trials": 1
                }
            },
            {
                "query": {
                    "x1": -4.9524437227465885,
                    "x2": 15.0
                },
                "metrics": {
                    "outcome": 16.48762525026868
                },
                "metadata": {
                    "trials": 1
                }
            },
            {
                "query": {
                    "x1": -4.904936110394725,
                    "x2": 15.0
                },
                "metrics": {
                    "outcome": 15.502462566689129
                },
                "metadata": {
                    "trials": 1
                }
            }
        ],
        [
            {
                "query": {
                    "x1": -2.933380537230202,
                    "x2": 15.0
                },
                "metrics": {
                    "outcome": 10.972276922560352
                },
                "metadata": {
                    "trials": 1
                }
            },
            {
                "query": {
                    "x1": -2.9093786126631302,
                    "x2": 15.0
                },
                "metrics": {
                    "outcome": 11.388445912610052
                },
                "metadata": {
                    "trials": 1
                }
            },
            {
                "query": {
                    "x1": -2.9573043073624916,
                    "x2": 15.0
                },
                "metrics": {
                    "outcome": 10.568223628051932
                },
                "metadata": {
                    "trials": 1
                }
            }
        ]
    ],
    "best_results": [
        {
            "query": {
                "x1": 3.1423989727839565,
                "x2": 2.268798433471818
            },
            "metrics": [
                {
                    "name": "outcome",
                    "value": 0.3979215356300152
                }
            ]
        }
    ]
}