{
    "date": "26/10/2022 19:15:43",
    "basic_params": {
        "active_variables": [
            "x1",
            "x2"
        ],
        "default_query": {},
        "metric": "basic",
        "n_trials": 1
    },
    "objective_function": {
        "name": "Branin",
        "params": {}
    },
    "optimizer": {
        "name": "BBO-LP",
        "params": {
            "lower_bound": [
                -5.0,
                0.0
            ],
            "upper_bound": [
                10.0,
                15.0
            ],
            "invert_metric": false,
            "bopt_params": {
                "n_init_samples": 15,
                "n_iterations": 45,
                "verbose_level": 1,
                "n_parallel_samples": 3,
                "par_type": "PAR_BBO",
                "crit_name": "cLP(cLCB)",
                "n_crit_params": 4,
                "crit_params": [
                    3,
                    1,
                    1.0
                ]
            }
        }
    },
    "iterations": [
        [
            {
                "query": {
                    "x1": 6.211405851179734,
                    "x2": 2.803155978443101
                },
                "metrics": {
                    "outcome": 22.483645285309848
                },
                "metadata": {
                    "trials": 1
                }
            }
        ],
        [
            {
                "query": {
                    "x1": 2.279142175335437,
                    "x2": 1.1350928435567766
                },
                "metrics": {
                    "outcome": 7.395777854985695
                },
                "metadata": {
                    "trials": 1
                }
            }
        ],
        [
            {
                "query": {
                    "x1": 7.371769260149449,
                    "x2": 5.602718186099082
                },
                "metrics": {
                    "outcome": 33.071956421797154
                },
                "metadata": {
                    "trials": 1
                }
            }
        ],
        [
            {
                "query": {
                    "x1": -4.770050075603649,
                    "x2": 6.0045920826960355
                },
                "metrics": {
                    "outcome": 121.36187613082234
                },
                "metadata": {
                    "trials": 1
                }
            }
        ],
        [
            {
                "query": {
                    "x1": 3.2570858851540834,
                    "x2": 12.540706885745749
                },
                "metrics": {
                    "outcome": 107.66825286184739
                },
                "metadata": {
                    "trials": 1
                }
            }
        ],
        [
            {
                "query": {
                    "x1": 8.74583314312622,
                    "x2": 3.1212981357239187
                },
                "metrics": {
                    "outcome": 3.87162321825471
                },
                "metadata": {
                    "trials": 1
                }
            }
        ],
        [
            {
                "query": {
                    "x1": -0.6310014144983143,
                    "x2": 14.387775340816006
                },
                "metrics": {
                    "outcome": 71.51233709058735
                },
                "metadata": {
                    "trials": 1
                }
            }
        ],
        [
            {
                "query": {
                    "x1": 4.03027014574036,
                    "x2": 10.729491486912593
                },
                "metrics": {
                    "outcome": 85.76773331047318
                },
                "metadata": {
                    "trials": 1
                }
            }
        ],
        [
            {
                "query": {
                    "x1": -1.0026397679466754,
                    "x2": 13.832597620319575
                },
                "metrics": {
                    "outcome": 52.46189418440432
                },
                "metadata": {
                    "trials": 1
                }
            }
        ],
        [
            {
                "query": {
                    "x1": 0.05697862268425524,
                    "x2": 11.835484709125012
                },
                "metrics": {
                    "outcome": 54.701038222214095
                },
                "metadata": {
                    "trials": 1
                }
            }
        ],
        [
            {
                "query": {
                    "x1": 9.324689391069114,
                    "x2": 8.171953676268458
                },
                "metrics": {
                    "outcome": 33.85534133531873
                },
                "metadata": {
                    "trials": 1
                }
            }
        ],
        [
            {
                "query": {
                    "x1": 5.692866037832573,
                    "x2": 9.291648677783087
                },
                "metrics": {
                    "outcome": 84.6511852182286
                },
                "metadata": {
                    "trials": 1
                }
            }
        ],
        [
            {
                "query": {
                    "x1": -2.1806339195463806,
                    "x2": 4.433584428625181
                },
                "metrics": {
                    "outcome": 36.43768472501331
                },
                "metadata": {
                    "trials": 1
                }
            }
        ],
        [
            {
                "query": {
                    "x1": 1.3873750981874764,
                    "x2": 0.4108330400194973
                },
                "metrics": {
                    "outcome": 24.92643195763241
                },
                "metadata": {
                    "trials": 1
                }
            }
        ],
        [
            {
                "query": {
                    "x1": -3.1578017736319453,
                    "x2": 7.796452175127342
                },
                "metrics": {
                    "outcome": 20.80728175009485
                },
                "metadata": {
                    "trials": 1
                }
            }
        ],
        [
            {
                "query": {
                    "x1": 10.0,
                    "x2": 2.0298841232608025
                },
                "metrics": {
                    "outcome": 2.890010718009872
                },
                "metadata": {
                    "trials": 1
                }
            },
            {
                "query": {
                    "x1": 10.0,
                    "x2": 2.029883172796707
                },
                "metrics": {
                    "outcome": 2.890012567751688
                },
                "metadata": {
                    "trials": 1
                }
            },
            {
                "query": {
                    "x1": 10.0,
                    "x2": 2.0298863151570505
                },
                "metrics": {
                    "outcome": 2.8900064522668316
                },
                "metadata": {
                    "trials": 1
                }
            }
        ],
        [
            {
                "query": {
                    "x1": -2.412671738681301,
                    "x2": 9.120978006100085
                },
                "metrics": {
                    "outcome": 5.001361495108908
                },
                "metadata": {
                    "trials": 1
                }
            },
            {
                "query": {
                    "x1": -2.4173474132087533,
                    "x2": 9.127748932445058
                },
                "metrics": {
                    "outcome": 4.9821042438853596
                },
                "metadata": {
                    "trials": 1
                }
            },
            {
                "query": {
                    "x1": -2.407830277116014,
                    "x2": 9.113989019503604
                },
                "metrics": {
                    "outcome": 5.021446543920337
                },
                "metadata": {
                    "trials": 1
                }
            }
        ],
        [
            {
                "query": {
                    "x1": 3.0143161975159796,
                    "x2": 1.9216483716608523
                },
                "metrics": {
                    "outcome": 0.6823101073484192
                },
                "metadata": {
                    "trials": 1
                }
            },
            {
                "query": {
                    "x1": 3.009835642563351,
                    "x2": 1.9306851499074258
                },
                "metrics": {
                    "outcome": 0.682991698094952
                },
                "metadata": {
                    "trials": 1
                }
            },
            {
                "query": {
                    "x1": 3.0188508058463555,
                    "x2": 1.9125277789916404
                },
                "metrics": {
                    "outcome": 0.6818558565327812
                },
                "metadata": {
                    "trials": 1
                }
            }
        ],
        [
            {
                "query": {
                    "x1": 2.9698646681158607,
                    "x2": 1.879554973152319
                },
                "metrics": {
                    "outcome": 0.8234045050810579
                },
                "metadata": {
                    "trials": 1
                }
            },
            {
                "query": {
                    "x1": 2.974902135961182,
                    "x2": 1.8696648930119886
                },
                "metrics": {
                    "outcome": 0.8214140806216115
                },
                "metadata": {
                    "trials": 1
                }
            },
            {
                "query": {
                    "x1": 2.964889345749774,
                    "x2": 1.88947462352501
                },
                "metrics": {
                    "outcome": 0.8255176318216186
                },
                "metadata": {
                    "trials": 1
                }
            }
        ],
        [
            {
                "query": {
                    "x1": 3.216670276730623,
                    "x2": 2.1031062986842177
                },
                "metrics": {
                    "outcome": 0.43794891692617277
                },
                "metadata": {
                    "trials": 1
                }
            },
            {
                "query": {
                    "x1": 3.2201689067095263,
                    "x2": 2.0935073661011256
                },
                "metrics": {
                    "outcome": 0.4421587870070063
                },
                "metadata": {
                    "trials": 1
                }
            },
            {
                "query": {
                    "x1": 3.213149745513901,
                    "x2": 2.1126914154128076
                },
                "metrics": {
                    "outcome": 0.4339447490319248
                },
                "metadata": {
                    "trials": 1
                }
            }
        ],
        [
            {
                "query": {
                    "x1": 3.1253700600305603,
                    "x2": 2.2649197446770946
                },
                "metrics": {
                    "outcome": 0.39966910840879954
                },
                "metadata": {
                    "trials": 1
                }
            },
            {
                "query": {
                    "x1": 3.1282897912117438,
                    "x2": 2.254228208490514
                },
                "metrics": {
                    "outcome": 0.3997084769930055
                },
                "metadata": {
                    "trials": 1
                }
            },
            {
                "query": {
                    "x1": 3.1224189399367877,
                    "x2": 2.2755948257041414
                },
                "metrics": {
                    "outcome": 0.39985983960320226
                },
                "metadata": {
                    "trials": 1
                }
            }
        ],
        [
            {
                "query": {
                    "x1": 3.1319692309135263,
                    "x2": 2.240815752706212
                },
                "metrics": {
                    "outcome": 0.40007096530294106
                },
                "metadata": {
                    "trials": 1
                }
            },
            {
                "query": {
                    "x1": 3.131753389843368,
                    "x2": 2.2438500776555896
                },
                "metrics": {
                    "outcome": 0.39986035879465653
                },
                "metadata": {
                    "trials": 1
                }
            },
            {
                "query": {
                    "x1": 3.1325392945036583,
                    "x2": 2.23783586354117
                },
                "metrics": {
                    "outcome": 0.4002376069676874
                },
                "metadata": {
                    "trials": 1
                }
            }
        ],
        [
            {
                "query": {
                    "x1": 3.1352040214919725,
                    "x2": 2.26660510068381
                },
                "metrics": {
                    "outcome": 0.39826239913223205
                },
                "metadata": {
                    "trials": 1
                }
            },
            {
                "query": {
                    "x1": 3.1343094215208342,
                    "x2": 2.2696101873150996
                },
                "metrics": {
                    "outcome": 0.3982647210941668
                },
                "metadata": {
                    "trials": 1
                }
            },
            {
                "query": {
                    "x1": 3.1360363373872016,
                    "x2": 2.2635830177185783
                },
                "metrics": {
                    "outcome": 0.39828377081727595
                },
                "metadata": {
                    "trials": 1
                }
            }
        ],
        [
            {
                "query": {
                    "x1": 3.14044696284342,
                    "x2": 2.275627728484613
                },
                "metrics": {
                    "outcome": 0.39789373034324704
                },
                "metadata": {
                    "trials": 1
                }
            },
            {
                "query": {
                    "x1": 3.139661691221489,
                    "x2": 2.2783905352134743
                },
                "metrics": {
                    "outcome": 0.3979088091323941
                },
                "metadata": {
                    "trials": 1
                }
            },
            {
                "query": {
                    "x1": 3.1411845912718253,
                    "x2": 2.2728541495063346
                },
                "metrics": {
                    "outcome": 0.39789422898133964
                },
                "metadata": {
                    "trials": 1
                }
            }
        ],
        [
            {
                "query": {
                    "x1": 3.141088202745749,
                    "x2": 2.2776129103999
                },
                "metrics": {
                    "outcome": 0.3978935055352917
                },
                "metadata": {
                    "trials": 1
                }
            },
            {
                "query": {
                    "x1": 3.1403207537990276,
                    "x2": 2.279758341463672
                },
                "metrics": {
                    "outcome": 0.39790930902324284
                },
                "metadata": {
                    "trials": 1
                }
            },
            {
                "query": {
                    "x1": 3.1417973571692137,
                    "x2": 2.2754563184747205
                },
                "metrics": {
                    "outcome": 0.3978879383092089
                },
                "metadata": {
                    "trials": 1
                }
            }
        ],
        [
            {
                "query": {
                    "x1": 3.1417354692230965,
                    "x2": 2.2756521836157058
                },
                "metrics": {
                    "outcome": 0.39788803867294575
                },
                "metadata": {
                    "trials": 1
                }
            },
            {
                "query": {
                    "x1": 3.1409743770180736,
                    "x2": 2.2776205550852833
                },
                "metrics": {
                    "outcome": 0.39789376549508404
                },
                "metadata": {
                    "trials": 1
                }
            },
            {
                "query": {
                    "x1": 3.1391807926945923,
                    "x2": 2.281664244493694
                },
                "metrics": {
                    "outcome": 0.3979381588927744
                },
                "metadata": {
                    "trials": 1
                }
            }
        ],
        [
            {
                "query": {
                    "x1": 3.143109070241662,
                    "x2": 2.271364527286136
                },
                "metrics": {
                    "outcome": 0.39790441593368087
                },
                "metadata": {
                    "trials": 1
                }
            },
            {
                "query": {
                    "x1": 3.14258600942558,
                    "x2": 2.273181704795301
                },
                "metrics": {
                    "outcome": 0.39789318460316103
                },
                "metadata": {
                    "trials": 1
                }
            },
            {
                "query": {
                    "x1": 3.137021563866707,
                    "x2": 2.2855887856363917
                },
                "metrics": {
                    "outcome": 0.39803697333182875
                },
                "metadata": {
                    "trials": 1
                }
            }
        ],
        [
            {
                "query": {
                    "x1": 3.143122325581933,
                    "x2": 2.2710083302797766
                },
                "metrics": {
                    "outcome": 0.39790642634474693
                },
                "metadata": {
                    "trials": 1
                }
            },
            {
                "query": {
                    "x1": 3.142650210817644,
                    "x2": 2.2727294495539234
                },
                "metrics": {
                    "outcome": 0.39789481813066097
                },
                "metadata": {
                    "trials": 1
                }
            },
            {
                "query": {
                    "x1": 3.143532929195475,
                    "x2": 2.2692941447864587
                },
                "metrics": {
                    "outcome": 0.39792301503796956
                },
                "metadata": {
                    "trials": 1
                }
            }
        ],
        [
            {
                "query": {
                    "x1": 3.137529065873048,
                    "x2": 2.2843200868988323
                },
                "metrics": {
                    "outcome": 0.3980044455476719
                },
                "metadata": {
                    "trials": 1
                }
            },
            {
                "query": {
                    "x1": 3.1381782221775847,
                    "x2": 2.282560630214403
                },
                "metrics": {
                    "outcome": 0.397967304258108
                },
                "metadata": {
                    "trials": 1
                }
            },
            {
                "query": {
                    "x1": 3.1369524174656007,
                    "x2": 2.286083805438474
                },
                "metrics": {
                    "outcome": 0.3980464187027657
                },
                "metadata": {
                    "trials": 1
                }
            }
        ],
        [
            {
                "query": {
                    "x1": 3.143054515041616,
                    "x2": 2.2707855526892793
                },
                "metrics": {
                    "outcome": 0.39790707141224146
                },
                "metadata": {
                    "trials": 1
                }
            },
            {
                "query": {
                    "x1": 3.1426534573995752,
                    "x2": 2.2723848188986624
                },
                "metrics": {
                    "outcome": 0.3978959574992391
                },
                "metadata": {
                    "trials": 1
                }
            },
            {
                "query": {
                    "x1": 3.143410677884413,
                    "x2": 2.269189388706006
                },
                "metrics": {
                    "outcome": 0.39792252675204587
                },
                "metadata": {
                    "trials": 1
                }
            }
        ],
        [
            {
                "query": {
                    "x1": 3.142770212386516,
                    "x2": 2.2713419333409615
                },
                "metrics": {
                    "outcome": 0.3979015222264408
                },
                "metadata": {
                    "trials": 1
                }
            },
            {
                "query": {
                    "x1": 3.1423510166866038,
                    "x2": 2.2728506429253117
                },
                "metrics": {
                    "outcome": 0.3978925462976086
                },
                "metadata": {
                    "trials": 1
                }
            },
            {
                "query": {
                    "x1": 3.1431354566149974,
                    "x2": 2.269839631148775
                },
                "metrics": {
                    "outcome": 0.3979144472624565
                },
                "metadata": {
                    "trials": 1
                }
            }
        ],
        [
            {
                "query": {
                    "x1": 3.138565710963208,
                    "x2": 2.281536321895459
                },
                "metrics": {
                    "outcome": 0.3979487736670677
                },
                "metadata": {
                    "trials": 1
                }
            },
            {
                "query": {
                    "x1": 3.142489050650193,
                    "x2": 2.2719462135924724
                },
                "metrics": {
                    "outcome": 0.3978967607199504
                },
                "metadata": {
                    "trials": 1
                }
            },
            {
                "query": {
                    "x1": 3.139174097962723,
                    "x2": 2.280040764957116
                },
                "metrics": {
                    "outcome": 0.39792538800556976
                },
                "metadata": {
                    "trials": 1
                }
            }
        ],
        [
            {
                "query": {
                    "x1": 3.142693199918263,
                    "x2": 2.2712159572286175
                },
                "metrics": {
                    "outcome": 0.39790173383411087
                },
                "metadata": {
                    "trials": 1
                }
            },
            {
                "query": {
                    "x1": 3.1422935210326433,
                    "x2": 2.2726454050979914
                },
                "metrics": {
                    "outcome": 0.3978929852361599
                },
                "metadata": {
                    "trials": 1
                }
            },
            {
                "query": {
                    "x1": 3.1430395427527262,
                    "x2": 2.269793414878193
                },
                "metrics": {
                    "outcome": 0.3979140427286847
                },
                "metadata": {
                    "trials": 1
                }
            }
        ],
        [
            {
                "query": {
                    "x1": 3.138459082632563,
                    "x2": 2.281541548774412
                },
                "metrics": {
                    "outcome": 0.39795128215257414
                },
                "metadata": {
                    "trials": 1
                }
            },
            {
                "query": {
                    "x1": 3.1390080074305278,
                    "x2": 2.2800900542246993
                },
                "metrics": {
                    "outcome": 0.39792887726151704
                },
                "metadata": {
                    "trials": 1
                }
            },
            {
                "query": {
                    "x1": 3.137977978260537,
                    "x2": 2.2829921835863147
                },
                "metrics": {
                    "outcome": 0.3979768326863109
                },
                "metadata": {
                    "trials": 1
                }
            }
        ],
        [
            {
                "query": {
                    "x1": 3.1427083126843343,
                    "x2": 2.270940308200032
                },
                "metrics": {
                    "outcome": 0.3979035083766824
                },
                "metadata": {
                    "trials": 1
                }
            },
            {
                "query": {
                    "x1": 3.142344354168033,
                    "x2": 2.272321973380513
                },
                "metrics": {
                    "outcome": 0.39789444654223516
                },
                "metadata": {
                    "trials": 1
                }
            },
            {
                "query": {
                    "x1": 3.1430250516228906,
                    "x2": 2.269562972616688
                },
                "metrics": {
                    "outcome": 0.3979158726953482
                },
                "metadata": {
                    "trials": 1
                }
            }
        ],
        [
            {
                "query": {
                    "x1": 3.142522487044589,
                    "x2": 2.27133445482811
                },
                "metrics": {
                    "outcome": 0.3979001553201069
                },
                "metadata": {
                    "trials": 1
                }
            },
            {
                "query": {
                    "x1": 3.142142290001601,
                    "x2": 2.2726703736621428
                },
                "metrics": {
                    "outcome": 0.3978924220308535
                },
                "metadata": {
                    "trials": 1
                }
            },
            {
                "query": {
                    "x1": 3.1428506748228244,
                    "x2": 2.2700058361578312
                },
                "metrics": {
                    "outcome": 0.39791106245137264
                },
                "metadata": {
                    "trials": 1
                }
            }
        ],
        [
            {
                "query": {
                    "x1": 3.1386428960702233,
                    "x2": 2.2808549826407263
                },
                "metrics": {
                    "outcome": 0.3979417591230696
                },
                "metadata": {
                    "trials": 1
                }
            },
            {
                "query": {
                    "x1": 3.1391321102159413,
                    "x2": 2.2793623798063303
                },
                "metrics": {
                    "outcome": 0.3979223915062775
                },
                "metadata": {
                    "trials": 1
                }
            },
            {
                "query": {
                    "x1": 3.1423324206551104,
                    "x2": 2.271763092873825
                },
                "metrics": {
                    "outcome": 0.3978970610718413
                },
                "metadata": {
                    "trials": 1
                }
            }
        ],
        [
            {
                "query": {
                    "x1": 3.142467914267737,
                    "x2": 2.2712944263950683
                },
                "metrics": {
                    "outcome": 0.3979001748167743
                },
                "metadata": {
                    "trials": 1
                }
            },
            {
                "query": {
                    "x1": 3.142097882185965,
                    "x2": 2.272586714132358
                },
                "metrics": {
                    "outcome": 0.3978926608474236
                },
                "metadata": {
                    "trials": 1
                }
            },
            {
                "query": {
                    "x1": 3.1427827996072324,
                    "x2": 2.27000924931919
                },
                "metrics": {
                    "outcome": 0.39791066441415346
                },
                "metadata": {
                    "trials": 1
                }
            }
        ],
        [
            {
                "query": {
                    "x1": 3.138629199046388,
                    "x2": 2.280748315283243
                },
                "metrics": {
                    "outcome": 0.3979413276838937
                },
                "metadata": {
                    "trials": 1
                }
            },
            {
                "query": {
                    "x1": 3.139103068691332,
                    "x2": 2.2794126330754576
                },
                "metrics": {
                    "outcome": 0.39792321723464497
                },
                "metadata": {
                    "trials": 1
                }
            },
            {
                "query": {
                    "x1": 3.138102367679563,
                    "x2": 2.282048992981478
                },
                "metrics": {
                    "outcome": 0.3979645544410051
                },
                "metadata": {
                    "trials": 1
                }
            }
        ],
        [
            {
                "query": {
                    "x1": 3.142493125085247,
                    "x2": 2.2710772568513082
                },
                "metrics": {
                    "outcome": 0.3979016229695773
                },
                "metadata": {
                    "trials": 1
                }
            },
            {
                "query": {
                    "x1": 3.142152452581108,
                    "x2": 2.272342275068524
                },
                "metrics": {
                    "outcome": 0.3978937959942197
                },
                "metadata": {
                    "trials": 1
                }
            },
            {
                "query": {
                    "x1": 3.1427871396952423,
                    "x2": 2.269817913773699
                },
                "metrics": {
                    "outcome": 0.39791227664860784
                },
                "metadata": {
                    "trials": 1
                }
            }
        ],
        [
            {
                "query": {
                    "x1": 3.1423558051437546,
                    "x2": 2.27138072898925
                },
                "metrics": {
                    "outcome": 0.3978992996244646
                },
                "metadata": {
                    "trials": 1
                }
            },
            {
                "query": {
                    "x1": 3.138880868147833,
                    "x2": 2.2800218619075436
                },
                "metrics": {
                    "outcome": 0.39793110904461315
                },
                "metadata": {
                    "trials": 1
                }
            },
            {
                "query": {
                    "x1": 3.141999073517942,
                    "x2": 2.2726161302721977
                },
                "metrics": {
                    "outcome": 0.39789242299857897
                },
                "metadata": {
                    "trials": 1
                }
            }
        ],
        [
            {
                "query": {
                    "x1": 3.1423548257862066,
                    "x2": 2.2713097390388532
                },
                "metrics": {
                    "outcome": 0.397899731594368
                },
                "metadata": {
                    "trials": 1
                }
            },
            {
                "query": {
                    "x1": 3.1388616257328046,
                    "x2": 2.2800062552079923
                },
                "metrics": {
                    "outcome": 0.39793143480238946
                },
                "metadata": {
                    "trials": 1
                }
            },
            {
                "query": {
                    "x1": 3.1420051097280624,
                    "x2": 2.272532151881111
                },
                "metrics": {
                    "outcome": 0.3978927807132955
                },
                "metadata": {
                    "trials": 1
                }
            }
        ],
        [
            {
                "query": {
                    "x1": 3.1423497473887636,
                    "x2": 2.2712570664273177
                },
                "metrics": {
                    "outcome": 0.39790004841919036
                },
                "metadata": {
                    "trials": 1
                }
            },
            {
                "query": {
                    "x1": 3.1388522319424546,
                    "x2": 2.2799720022748238
                },
                "metrics": {
                    "outcome": 0.39793144413888726
                },
                "metadata": {
                    "trials": 1
                }
            },
            {
                "query": {
                    "x1": 3.1420064588361143,
                    "x2": 2.2724665049769848
                },
                "metrics": {
                    "outcome": 0.3978930675065051
                },
                "metadata": {
                    "trials": 1
                }
            }
        ],
        [
            {
                "query": {
                    "x1": 3.1423428607482293,
                    "x2": 2.2712160281932823
                },
                "metrics": {
                    "outcome": 0.39790029334356625
                },
                "metadata": {
                    "trials": 1
                }
            },
            {
                "query": {
                    "x1": 3.1388492812967055,
                    "x2": 2.27992777657931
                },
                "metrics": {
                    "outcome": 0.39793126027301007
                },
                "metadata": {
                    "trials": 1
                }
            },
            {
                "query": {
                    "x1": 3.1420044974794106,
                    "x2": 2.2724133431656277
                },
                "metrics": {
                    "outcome": 0.39789330454617655
                },
                "metadata": {
                    "trials": 1
                }
            }
        ],
        [
            {
                "query": {
                    "x1": 3.1423329638027138,
                    "x2": 2.271182009250012
                },
                "metrics": {
                    "outcome": 0.39790049128353644
                },
                "metadata": {
                    "trials": 1
                }
            },
            {
                "query": {
                    "x1": 3.138849762388494,
                    "x2": 2.2798781869346323
                },
                "metrics": {
                    "outcome": 0.3979309756682117
                },
                "metadata": {
                    "trials": 1
                }
            },
            {
                "query": {
                    "x1": 3.1419999154390634,
                    "x2": 2.2723673826238064
                },
                "metrics": {
                    "outcome": 0.3978935134162285
                },
                "metadata": {
                    "trials": 1
                }
            }
        ],
        [
            {
                "query": {
                    "x1": 3.138853192524797,
                    "x2": 2.279826070066389
                },
                "metrics": {
                    "outcome": 0.3979306170830039
                },
                "metadata": {
                    "trials": 1
                }
            },
            {
                "query": {
                    "x1": 3.1423223519348262,
                    "x2": 2.271155730356467
                },
                "metrics": {
                    "outcome": 0.39790064153431004
                },
                "metadata": {
                    "trials": 1
                }
            },
            {
                "query": {
                    "x1": 3.139280732273921,
                    "x2": 2.278609416482207
                },
                "metrics": {
                    "outcome": 0.39791628001245094
                },
                "metadata": {
                    "trials": 1
                }
            }
        ],
        [
            {
                "query": {
                    "x1": 3.142361116744329,
                    "x2": 2.271007353499611
                },
                "metrics": {
                    "outcome": 0.3979017082895755
                },
                "metadata": {
                    "trials": 1
                }
            },
            {
                "query": {
                    "x1": 3.1426285064786263,
                    "x2": 2.269843096426085
                },
                "metrics": {
                    "outcome": 0.39791142495911735
                },
                "metadata": {
                    "trials": 1
                }
            },
            {
                "query": {
                    "x1": 3.1420488874293504,
                    "x2": 2.272177563280389
                },
                "metrics": {
                    "outcome": 0.3978944415047163
                },
                "metadata": {
                    "trials": 1
                }
            }
        ],
        [
            {
                "query": {
                    "x1": 3.138855668149967,
                    "x2": 2.279751065196158
                },
                "metrics": {
                    "outcome": 0.3979301643908144
                },
                "metadata": {
                    "trials": 1
                }
            },
            {
                "query": {
                    "x1": 3.139261251583928,
                    "x2": 2.2785497252539897
                },
                "metrics": {
                    "outcome": 0.3979164494174583
                },
                "metadata": {
                    "trials": 1
                }
            },
            {
                "query": {
                    "x1": 3.1385085850601016,
                    "x2": 2.280951906519922
                },
                "metrics": {
                    "outcome": 0.3979455936817349
                },
                "metadata": {
                    "trials": 1
                }
            }
        ],
        [
            {
                "query": {
                    "x1": 3.1423500874767516,
                    "x2": 2.270958164266519
                },
                "metrics": {
                    "outcome": 0.3979020230308752
                },
                "metadata": {
                    "trials": 1
                }
            },
            {
                "query": {
                    "x1": 3.142607624955092,
                    "x2": 2.269810629782679
                },
                "metrics": {
                    "outcome": 0.39791164574559446
                },
                "metadata": {
                    "trials": 1
                }
            },
            {
                "query": {
                    "x1": 3.1420530629993095,
                    "x2": 2.2721112691428935
                },
                "metrics": {
                    "outcome": 0.39789477484329083
                },
                "metadata": {
                    "trials": 1
                }
            }
        ],
        [
            {
                "query": {
                    "x1": 3.1422606963245467,
                    "x2": 2.271158559962213
                },
                "metrics": {
                    "outcome": 0.39790052619280125
                },
                "metadata": {
                    "trials": 1
                }
            },
            {
                "query": {
                    "x1": 3.1419515513472582,
                    "x2": 2.272291882713139
                },
                "metrics": {
                    "outcome": 0.3978938725121761
                },
                "metadata": {
                    "trials": 1
                }
            },
            {
                "query": {
                    "x1": 3.142523273511756,
                    "x2": 2.2700319877681956
                },
                "metrics": {
                    "outcome": 0.3979095134174404
                },
                "metadata": {
                    "trials": 1
                }
            }
        ],
        [
            {
                "query": {
                    "x1": 3.138915209678691,
                    "x2": 2.2795082893227856
                },
                "metrics": {
                    "outcome": 0.39792762824652606
                },
                "metadata": {
                    "trials": 1
                }
            },
            {
                "query": {
                    "x1": 3.1392992846950296,
                    "x2": 2.278337237145997
                },
                "metrics": {
                    "outcome": 0.397915005538211
                },
                "metadata": {
                    "trials": 1
                }
            },
            {
                "query": {
                    "x1": 3.1385874272163683,
                    "x2": 2.280679065352386
                },
                "metrics": {
                    "outcome": 0.3979418350784574
                },
                "metadata": {
                    "trials": 1
                }
            }
        ],
        [
            {
                "query": {
                    "x1": 3.142262043596311,
                    "x2": 2.2710877908606992
                },
                "metrics": {
                    "outcome": 0.3979010027085774
                },
                "metadata": {
                    "trials": 1
                }
            },
            {
                "query": {
                    "x1": 3.1425126628338518,
                    "x2": 2.2699740965552513
                },
                "metrics": {
                    "outcome": 0.39790998489985974
                },
                "metadata": {
                    "trials": 1
                }
            },
            {
                "query": {
                    "x1": 3.1419662202577765,
                    "x2": 2.272206726870679
                },
                "metrics": {
                    "outcome": 0.39789428753958944
                },
                "metadata": {
                    "trials": 1
                }
            }
        ],
        [
            {
                "query": {
                    "x1": 3.139023673823349,
                    "x2": 2.2791742771999406
                },
                "metrics": {
                    "outcome": 0.3979237518596328
                },
                "metadata": {
                    "trials": 1
                }
            },
            {
                "query": {
                    "x1": 3.14218101984504,
                    "x2": 2.2712702397298536
                },
                "metrics": {
                    "outcome": 0.39789971892797205
                },
                "metadata": {
                    "trials": 1
                }
            },
            {
                "query": {
                    "x1": 3.1418741014798517,
                    "x2": 2.27237238747082
                },
                "metrics": {
                    "outcome": 0.39789353714009046
                },
                "metadata": {
                    "trials": 1
                }
            }
        ],
        [
            {
                "query": {
                    "x1": 3.1390197525149475,
                    "x2": 2.279152865092791
                },
                "metrics": {
                    "outcome": 0.3979237430506757
                },
                "metadata": {
                    "trials": 1
                }
            },
            {
                "query": {
                    "x1": 3.1421735173976106,
                    "x2": 2.2712528281113253
                },
                "metrics": {
                    "outcome": 0.39789982952769165
                },
                "metadata": {
                    "trials": 1
                }
            },
            {
                "query": {
                    "x1": 3.139399968266778,
                    "x2": 2.278019254614541
                },
                "metrics": {
                    "outcome": 0.3979121531286438
                },
                "metadata": {
                    "trials": 1
                }
            }
        ],
        [
            {
                "query": {
                    "x1": 3.142205792461116,
                    "x2": 2.2711362068088863
                },
                "metrics": {
                    "outcome": 0.39790062546271265
                },
                "metadata": {
                    "trials": 1
                }
            },
            {
                "query": {
                    "x1": 3.141928532850084,
                    "x2": 2.2722908482267723
                },
                "metrics": {
                    "outcome": 0.397893888284262
                },
                "metadata": {
                    "trials": 1
                }
            },
            {
                "query": {
                    "x1": 3.1424515864302727,
                    "x2": 2.270049717957086
                },
                "metrics": {
                    "outcome": 0.39790922272652196
                },
                "metadata": {
                    "trials": 1
                }
            }
        ],
        [
            {
                "query": {
                    "x1": 3.139009004460952,
                    "x2": 2.279128937282891
                },
                "metrics": {
                    "outcome": 0.39792387151054776
                },
                "metadata": {
                    "trials": 1
                }
            },
            {
                "query": {
                    "x1": 3.139370706420733,
                    "x2": 2.2780040098030963
                },
                "metrics": {
                    "outcome": 0.39791267510938333
                },
                "metadata": {
                    "trials": 1
                }
            },
            {
                "query": {
                    "x1": 3.1387037152701023,
                    "x2": 2.2802531864955147
                },
                "metrics": {
                    "outcome": 0.3979364220076036
                },
                "metadata": {
                    "trials": 1
                }
            }
        ],
        [
            {
                "query": {
                    "x1": 3.142203278518352,
                    "x2": 2.271087623234876
                },
                "metrics": {
                    "outcome": 0.3979009554966133
                },
                "metadata": {
                    "trials": 1
                }
            },
            {
                "query": {
                    "x1": 3.1419514568918707,
                    "x2": 2.27217194460809
                },
                "metrics": {
                    "outcome": 0.39789446942524265
                },
                "metadata": {
                    "trials": 1
                }
            },
            {
                "query": {
                    "x1": 3.1424399378682573,
                    "x2": 2.270011905241815
                },
                "metrics": {
                    "outcome": 0.3979095309704537
                },
                "metadata": {
                    "trials": 1
                }
            }
        ],
        [
            {
                "query": {
                    "x1": 3.1421342023825645,
                    "x2": 2.2712429018161973
                },
                "metrics": {
                    "outcome": 0.3978998866793422
                },
                "metadata": {
                    "trials": 1
                }
            },
            {
                "query": {
                    "x1": 3.1390930799671573,
                    "x2": 2.278865291733136
                },
                "metrics": {
                    "outcome": 0.3979210219542466
                },
                "metadata": {
                    "trials": 1
                }
            },
            {
                "query": {
                    "x1": 3.1418452358208064,
                    "x2": 2.272309463492771
                },
                "metrics": {
                    "outcome": 0.39789388189871744
                },
                "metadata": {
                    "trials": 1
                }
            }
        ],
        [
            {
                "query": {
                    "x1": 3.142125646218748,
                    "x2": 2.2712348053155287
                },
                "metrics": {
                    "outcome": 0.39789994125297135
                },
                "metadata": {
                    "trials": 1
                }
            },
            {
                "query": {
                    "x1": 3.1390894442343065,
                    "x2": 2.278849357654909
                },
                "metrics": {
                    "outcome": 0.39792103772960985
                },
                "metadata": {
                    "trials": 1
                }
            },
            {
                "query": {
                    "x1": 3.1423652925269856,
                    "x2": 2.270180802935406
                },
                "metrics": {
                    "outcome": 0.39790800458685815
                },
                "metadata": {
                    "trials": 1
                }
            }
        ],
        [
            {
                "query": {
                    "x1": 3.139094554951244,
                    "x2": 2.2788162540807493
                },
                "metrics": {
                    "outcome": 0.39792080543528563
                },
                "metadata": {
                    "trials": 1
                }
            },
            {
                "query": {
                    "x1": 3.142098039151545,
                    "x2": 2.271287528905077
                },
                "metrics": {
                    "outcome": 0.39789959559875143
                },
                "metadata": {
                    "trials": 1
                }
            },
            {
                "query": {
                    "x1": 3.13944522046174,
                    "x2": 2.2777262755971592
                },
                "metrics": {
                    "outcome": 0.3979106022118959
                },
                "metadata": {
                    "trials": 1
                }
            }
        ]
    ],
    "best_results": [
        {
            "query": {
                "x1": 3.1417973571692137,
                "x2": 2.2754563184747205
            },
            "metrics": [
                {
                    "name": "outcome",
                    "value": 0.3978879383092089
                }
            ]
        }
    ]
}