{
    "date": "06/11/2022 12:37:51",
    "basic_params": {
        "active_variables": [
            "x1",
            "x2"
        ],
        "default_query": {},
        "metric": "basic",
        "n_trials": 1
    },
    "objective_function": {
        "name": "Gramacy2D",
        "params": {}
    },
    "optimizer": {
        "name": "GO-BBO-LP",
        "params": {
            "maximize": false,
            "domain": [
                {
                    "name": "x1",
                    "type": "continuous",
                    "domain": [
                        -2.0,
                        6.0
                    ]
                },
                {
                    "name": "x2",
                    "type": "continuous",
                    "domain": [
                        -2.0,
                        6.0
                    ]
                }
            ],
            "initial_design_numdata": 15,
            "num_iters": 45,
            "batch_size": 3,
            "model_update_interval": 5
        }
    },
    "best_results": [
        {
            "query": {
                "x1": -0.7070548978127931,
                "x2": -8.544963830548188e-05
            },
            "metrics": [
                {
                    "name": "outcome",
                    "value": -0.42888193703975386
                }
            ]
        }
    ],
    "iterations": [
        [
            {
                "query": {
                    "x1": -0.1333333333333333,
                    "x2": -0.1333333333333333
                },
                "metrics": {
                    "outcome": -0.12867588237195737
                },
                "metadata": {
                    "trials": 1
                }
            }
        ],
        [
            {
                "query": {
                    "x1": -1.7333333333333334,
                    "x2": 4.133333333333333
                },
                "metrics": {
                    "outcome": -3.268801111050853e-09
                },
                "metadata": {
                    "trials": 1
                }
            }
        ],
        [
            {
                "query": {
                    "x1": -1.2,
                    "x2": 3.0666666666666664
                },
                "metrics": {
                    "outcome": -2.341525353145951e-05
                },
                "metadata": {
                    "trials": 1
                }
            }
        ],
        [
            {
                "query": {
                    "x1": 3.0666666666666664,
                    "x2": 2.0
                },
                "metrics": {
                    "outcome": 4.625836913695699e-06
                },
                "metadata": {
                    "trials": 1
                }
            }
        ],
        [
            {
                "query": {
                    "x1": 2.0,
                    "x2": 1.4666666666666668
                },
                "metrics": {
                    "outcome": 0.0042622251024281846
                },
                "metadata": {
                    "trials": 1
                }
            }
        ],
        [
            {
                "query": {
                    "x1": 5.2,
                    "x2": 5.733333333333333
                },
                "metrics": {
                    "outcome": 4.976664722972492e-26
                },
                "metadata": {
                    "trials": 1
                }
            }
        ],
        [
            {
                "query": {
                    "x1": 4.666666666666667,
                    "x2": 3.5999999999999996
                },
                "metrics": {
                    "outcome": 3.824560880023939e-15
                },
                "metadata": {
                    "trials": 1
                }
            }
        ],
        [
            {
                "query": {
                    "x1": 4.133333333333333,
                    "x2": -1.2
                },
                "metrics": {
                    "outcome": 3.725944897604718e-08
                },
                "metadata": {
                    "trials": 1
                }
            }
        ],
        [
            {
                "query": {
                    "x1": 0.9333333333333336,
                    "x2": 0.9333333333333336
                },
                "metrics": {
                    "outcome": 0.16345540245547416
                },
                "metadata": {
                    "trials": 1
                }
            }
        ],
        [
            {
                "query": {
                    "x1": 5.733333333333333,
                    "x2": -1.7333333333333334
                },
                "metrics": {
                    "outcome": 1.5060915753079538e-15
                },
                "metadata": {
                    "trials": 1
                }
            }
        ],
        [
            {
                "query": {
                    "x1": -0.6666666666666665,
                    "x2": 2.533333333333333
                },
                "metrics": {
                    "outcome": -0.0006977237338473748
                },
                "metadata": {
                    "trials": 1
                }
            }
        ],
        [
            {
                "query": {
                    "x1": 3.5999999999999996,
                    "x2": -0.6666666666666665
                },
                "metrics": {
                    "outcome": 5.430330289990613e-06
                },
                "metadata": {
                    "trials": 1
                }
            }
        ],
        [
            {
                "query": {
                    "x1": 1.4666666666666668,
                    "x2": 4.666666666666667
                },
                "metrics": {
                    "outcome": 5.944933750234223e-11
                },
                "metadata": {
                    "trials": 1
                }
            }
        ],
        [
            {
                "query": {
                    "x1": 0.3999999999999999,
                    "x2": 0.3999999999999999
                },
                "metrics": {
                    "outcome": 0.29045961482947635
                },
                "metadata": {
                    "trials": 1
                }
            }
        ],
        [
            {
                "query": {
                    "x1": 2.533333333333333,
                    "x2": 5.2
                },
                "metrics": {
                    "outcome": 7.467308122431262e-15
                },
                "metadata": {
                    "trials": 1
                }
            }
        ],
        [
            {
                "query": {
                    "x1": -1.036398613395839,
                    "x2": -0.25245361663184673
                },
                "metrics": {
                    "outcome": -0.33217176393566594
                },
                "metadata": {
                    "trials": 1
                }
            },
            {
                "query": {
                    "x1": 1.7479308552574664,
                    "x2": -0.25245312234344525
                },
                "metrics": {
                    "outcome": 0.07726129704898996
                },
                "metadata": {
                    "trials": 1
                }
            },
            {
                "query": {
                    "x1": 0.5074428865231246,
                    "x2": -0.25245393302595714
                },
                "metrics": {
                    "outcome": 0.368025744767428
                },
                "metadata": {
                    "trials": 1
                }
            }
        ],
        [
            {
                "query": {
                    "x1": -1.6447527779562086,
                    "x2": -0.25245404248700337
                },
                "metrics": {
                    "outcome": -0.10317232214281456
                },
                "metadata": {
                    "trials": 1
                }
            },
            {
                "query": {
                    "x1": -0.2866972648281886,
                    "x2": -0.2524533052008276
                },
                "metrics": {
                    "outcome": -0.24776949038684165
                },
                "metadata": {
                    "trials": 1
                }
            },
            {
                "query": {
                    "x1": 1.3525827828442591,
                    "x2": -0.2524563957868383
                },
                "metrics": {
                    "outcome": 0.20368135755140263
                },
                "metadata": {
                    "trials": 1
                }
            }
        ],
        [
            {
                "query": {
                    "x1": -0.7789982400178445,
                    "x2": -0.25245422403287726
                },
                "metrics": {
                    "outcome": -0.3983923777609762
                },
                "metadata": {
                    "trials": 1
                }
            },
            {
                "query": {
                    "x1": 1.9781202027370182,
                    "x2": -0.25245308178610976
                },
                "metrics": {
                    "outcome": 0.03708491136713359
                },
                "metadata": {
                    "trials": 1
                }
            },
            {
                "query": {
                    "x1": 3.4097315163495336,
                    "x2": -0.2524533857390241
                },
                "metrics": {
                    "outcome": 2.8563862970434306e-05
                },
                "metadata": {
                    "trials": 1
                }
            }
        ],
        [
            {
                "query": {
                    "x1": -1.3809965853610775,
                    "x2": -0.2524537132212588
                },
                "metrics": {
                    "outcome": -0.1924191825612944
                },
                "metadata": {
                    "trials": 1
                }
            },
            {
                "query": {
                    "x1": 3.7467673954081357,
                    "x2": -0.25245290701135054
                },
                "metrics": {
                    "outcome": 2.813433469537377e-06
                },
                "metadata": {
                    "trials": 1
                }
            },
            {
                "query": {
                    "x1": 1.3538499139100297,
                    "x2": -0.2524553094252173
                },
                "metrics": {
                    "outcome": 0.20317431968800073
                },
                "metadata": {
                    "trials": 1
                }
            }
        ],
        [
            {
                "query": {
                    "x1": -1.5870252825035012,
                    "x2": -0.25245322574106466
                },
                "metrics": {
                    "outcome": -0.11996916757717269
                },
                "metadata": {
                    "trials": 1
                }
            },
            {
                "query": {
                    "x1": 0.6360928158708284,
                    "x2": -0.25245333381791774
                },
                "metrics": {
                    "outcome": 0.39821725908189504
                },
                "metadata": {
                    "trials": 1
                }
            },
            {
                "query": {
                    "x1": 2.744369459318812,
                    "x2": -0.2524529168583925
                },
                "metrics": {
                    "outcome": 0.001379899151559996
                },
                "metadata": {
                    "trials": 1
                }
            }
        ],
        [
            {
                "query": {
                    "x1": -0.7336865325602786,
                    "x2": -0.7306989740719068
                },
                "metrics": {
                    "outcome": -0.25110343635340654
                },
                "metadata": {
                    "trials": 1
                }
            },
            {
                "query": {
                    "x1": -0.717313344059986,
                    "x2": 0.013366479427493388
                },
                "metrics": {
                    "outcome": -0.42871641789324383
                },
                "metadata": {
                    "trials": 1
                }
            },
            {
                "query": {
                    "x1": -0.8798890416147529,
                    "x2": -1.472380390277995
                },
                "metrics": {
                    "outcome": -0.04641798868229034
                },
                "metadata": {
                    "trials": 1
                }
            }
        ],
        [
            {
                "query": {
                    "x1": -0.7336865366400968,
                    "x2": -0.730698674662218
                },
                "metrics": {
                    "outcome": -0.2511035461184539
                },
                "metadata": {
                    "trials": 1
                }
            },
            {
                "query": {
                    "x1": -0.7141378535810203,
                    "x2": 0.007587300702589737
                },
                "metrics": {
                    "outcome": -0.4288149933141575
                },
                "metadata": {
                    "trials": 1
                }
            },
            {
                "query": {
                    "x1": -0.8131983710036206,
                    "x2": -1.2834040818845818
                },
                "metrics": {
                    "outcome": -0.08084691680647112
                },
                "metadata": {
                    "trials": 1
                }
            }
        ],
        [
            {
                "query": {
                    "x1": -0.7336871062733045,
                    "x2": -0.7306994040599172
                },
                "metrics": {
                    "outcome": -0.2511032635249641
                },
                "metadata": {
                    "trials": 1
                }
            },
            {
                "query": {
                    "x1": -0.7190382368640134,
                    "x2": 0.012680120423222042
                },
                "metrics": {
                    "outcome": -0.42869159404457075
                },
                "metadata": {
                    "trials": 1
                }
            },
            {
                "query": {
                    "x1": -0.7083099988161425,
                    "x2": -1.3392432217708174
                },
                "metrics": {
                    "outcome": -0.0713506452848357
                },
                "metadata": {
                    "trials": 1
                }
            }
        ],
        [
            {
                "query": {
                    "x1": -0.7336868460372136,
                    "x2": -0.7306991741643417
                },
                "metrics": {
                    "outcome": -0.2511033547097109
                },
                "metadata": {
                    "trials": 1
                }
            },
            {
                "query": {
                    "x1": -0.7156196587627582,
                    "x2": 0.0025729847104709064
                },
                "metrics": {
                    "outcome": -0.4288171939222217
                },
                "metadata": {
                    "trials": 1
                }
            },
            {
                "query": {
                    "x1": -0.6401598925360252,
                    "x2": -1.3731456019378498
                },
                "metrics": {
                    "outcome": -0.06448189231633324
                },
                "metadata": {
                    "trials": 1
                }
            }
        ],
        [
            {
                "query": {
                    "x1": -0.73368480112143,
                    "x2": -0.7307017502361919
                },
                "metrics": {
                    "outcome": -0.25110246299201794
                },
                "metadata": {
                    "trials": 1
                }
            },
            {
                "query": {
                    "x1": -0.7191967600867034,
                    "x2": 0.0028494487390806136
                },
                "metrics": {
                    "outcome": -0.42875380761908144
                },
                "metadata": {
                    "trials": 1
                }
            },
            {
                "query": {
                    "x1": -0.925152547735256,
                    "x2": -1.1784557181959796
                },
                "metrics": {
                    "outcome": -0.09803195765730324
                },
                "metadata": {
                    "trials": 1
                }
            }
        ],
        [
            {
                "query": {
                    "x1": -0.6959033493441323,
                    "x2": -0.0005252969180587621
                },
                "metrics": {
                    "outcome": -0.42877359851836494
                },
                "metadata": {
                    "trials": 1
                }
            },
            {
                "query": {
                    "x1": -0.7123526028874423,
                    "x2": 0.07909779109201694
                },
                "metrics": {
                    "outcome": -0.42618363702168166
                },
                "metadata": {
                    "trials": 1
                }
            },
            {
                "query": {
                    "x1": -0.6993113749847978,
                    "x2": -0.08057468178805549
                },
                "metrics": {
                    "outcome": -0.42605456388044355
                },
                "metadata": {
                    "trials": 1
                }
            }
        ],
        [
            {
                "query": {
                    "x1": -0.6959034987473026,
                    "x2": -0.0005253990235317766
                },
                "metrics": {
                    "outcome": -0.4287736013662277
                },
                "metadata": {
                    "trials": 1
                }
            },
            {
                "query": {
                    "x1": -0.7193111700645273,
                    "x2": 0.0774070852014247
                },
                "metrics": {
                    "outcome": -0.42619356866728064
                },
                "metadata": {
                    "trials": 1
                }
            },
            {
                "query": {
                    "x1": -0.6820778037262986,
                    "x2": -0.07193167820878876
                },
                "metrics": {
                    "outcome": -0.426127857570876
                },
                "metadata": {
                    "trials": 1
                }
            }
        ],
        [
            {
                "query": {
                    "x1": -0.6959034708917551,
                    "x2": -0.0005255456696694687
                },
                "metrics": {
                    "outcome": -0.4287736007606018
                },
                "metadata": {
                    "trials": 1
                }
            },
            {
                "query": {
                    "x1": -0.7034919441373695,
                    "x2": 0.08258052708144221
                },
                "metrics": {
                    "outcome": -0.42595596247331136
                },
                "metadata": {
                    "trials": 1
                }
            },
            {
                "query": {
                    "x1": -0.6500007489933184,
                    "x2": -0.05285125624806142
                },
                "metrics": {
                    "outcome": -0.4248258355412744
                },
                "metadata": {
                    "trials": 1
                }
            }
        ],
        [
            {
                "query": {
                    "x1": -0.6959033314794919,
                    "x2": -0.0005255808013832594
                },
                "metrics": {
                    "outcome": -0.4287735980444188
                },
                "metadata": {
                    "trials": 1
                }
            },
            {
                "query": {
                    "x1": -0.7151590403116038,
                    "x2": 0.0805176437558262
                },
                "metrics": {
                    "outcome": -0.4260554099286741
                },
                "metadata": {
                    "trials": 1
                }
            },
            {
                "query": {
                    "x1": -0.7720779859180352,
                    "x2": -0.023846971284560092
                },
                "metrics": {
                    "outcome": -0.4251374245639567
                },
                "metadata": {
                    "trials": 1
                }
            }
        ],
        [
            {
                "query": {
                    "x1": -0.6959031027856737,
                    "x2": -0.0005248164475090899
                },
                "metrics": {
                    "outcome": -0.4287735939589066
                },
                "metadata": {
                    "trials": 1
                }
            },
            {
                "query": {
                    "x1": -0.7210268833721176,
                    "x2": 0.08193876278398722
                },
                "metrics": {
                    "outcome": -0.42584809383206845
                },
                "metadata": {
                    "trials": 1
                }
            },
            {
                "query": {
                    "x1": -0.6942552907094157,
                    "x2": -0.08123255798423638
                },
                "metrics": {
                    "outcome": -0.42591960583329225
                },
                "metadata": {
                    "trials": 1
                }
            }
        ],
        [
            {
                "query": {
                    "x1": -0.7073452532234469,
                    "x2": -0.0013747035771904002
                },
                "metrics": {
                    "outcome": -0.42888108320124574
                },
                "metadata": {
                    "trials": 1
                }
            },
            {
                "query": {
                    "x1": -0.7055892230090539,
                    "x2": 0.027840710905625916
                },
                "metrics": {
                    "outcome": -0.42854766736907973
                },
                "metadata": {
                    "trials": 1
                }
            },
            {
                "query": {
                    "x1": -0.7203827841266621,
                    "x2": -0.026635415046784208
                },
                "metrics": {
                    "outcome": -0.42842766515873876
                },
                "metadata": {
                    "trials": 1
                }
            }
        ],
        [
            {
                "query": {
                    "x1": -0.7073452360766772,
                    "x2": -0.0013746474872444825
                },
                "metrics": {
                    "outcome": -0.4288810832743972
                },
                "metadata": {
                    "trials": 1
                }
            },
            {
                "query": {
                    "x1": -0.7052472694531575,
                    "x2": 0.03271135474477019
                },
                "metrics": {
                    "outcome": -0.42842030482369636
                },
                "metadata": {
                    "trials": 1
                }
            },
            {
                "query": {
                    "x1": -0.7014143412035487,
                    "x2": -0.027702772900745742
                },
                "metrics": {
                    "outcome": -0.4285250784081224
                },
                "metadata": {
                    "trials": 1
                }
            }
        ],
        [
            {
                "query": {
                    "x1": -0.7073451503342425,
                    "x2": -0.001374767300426123
                },
                "metrics": {
                    "outcome": -0.42888108316817974
                },
                "metadata": {
                    "trials": 1
                }
            },
            {
                "query": {
                    "x1": -0.7083322635345728,
                    "x2": 0.03033963478834134
                },
                "metrics": {
                    "outcome": -0.4284860548419105
                },
                "metadata": {
                    "trials": 1
                }
            },
            {
                "query": {
                    "x1": -0.6800217345462855,
                    "x2": 0.006752594178111863
                },
                "metrics": {
                    "outcome": -0.42822536179028586
                },
                "metadata": {
                    "trials": 1
                }
            }
        ],
        [
            {
                "query": {
                    "x1": -0.7073452136675209,
                    "x2": -0.0013756160413885897
                },
                "metrics": {
                    "outcome": -0.4288810821411178
                },
                "metadata": {
                    "trials": 1
                }
            },
            {
                "query": {
                    "x1": -0.7172410881299828,
                    "x2": 0.02563578679777996
                },
                "metrics": {
                    "outcome": -0.4285125636438245
                },
                "metadata": {
                    "trials": 1
                }
            },
            {
                "query": {
                    "x1": -0.6833251591674318,
                    "x2": 0.019649256224210127
                },
                "metrics": {
                    "outcome": -0.42822615466461406
                },
                "metadata": {
                    "trials": 1
                }
            }
        ],
        [
            {
                "query": {
                    "x1": -0.7073451377814841,
                    "x2": -0.0013750119016414702
                },
                "metrics": {
                    "outcome": -0.42888108288484683
                },
                "metadata": {
                    "trials": 1
                }
            },
            {
                "query": {
                    "x1": -0.7064649877855828,
                    "x2": -0.030590956142089218
                },
                "metrics": {
                    "outcome": -0.42848042657550106
                },
                "metadata": {
                    "trials": 1
                }
            },
            {
                "query": {
                    "x1": -0.6945881060121434,
                    "x2": 0.025653017912721527
                },
                "metrics": {
                    "outcome": -0.42846467774867153
                },
                "metadata": {
                    "trials": 1
                }
            }
        ],
        [
            {
                "query": {
                    "x1": -0.7070536676419844,
                    "x2": -0.00032431895936261434
                },
                "metrics": {
                    "outcome": -0.4288818949495037
                },
                "metadata": {
                    "trials": 1
                }
            },
            {
                "query": {
                    "x1": -0.7049614439729307,
                    "x2": 0.029235893402344258
                },
                "metrics": {
                    "outcome": -0.428511569196561
                },
                "metadata": {
                    "trials": 1
                }
            },
            {
                "query": {
                    "x1": -0.6815642343576794,
                    "x2": 0.05370350509370009
                },
                "metrics": {
                    "outcome": -0.42708225488010537
                },
                "metadata": {
                    "trials": 1
                }
            }
        ],
        [
            {
                "query": {
                    "x1": -0.7070532771996751,
                    "x2": -0.00032444915304744026
                },
                "metrics": {
                    "outcome": -0.4288818948775696
                },
                "metadata": {
                    "trials": 1
                }
            },
            {
                "query": {
                    "x1": -0.706971592780968,
                    "x2": 0.026410273499011337
                },
                "metrics": {
                    "outcome": -0.4285828848703179
                },
                "metadata": {
                    "trials": 1
                }
            },
            {
                "query": {
                    "x1": -0.7155574379252909,
                    "x2": -0.025519823530924746
                },
                "metrics": {
                    "outcome": -0.42854174907407416
                },
                "metadata": {
                    "trials": 1
                }
            }
        ],
        [
            {
                "query": {
                    "x1": -0.7070536348533661,
                    "x2": -0.00032439680177661295
                },
                "metrics": {
                    "outcome": -0.4288818949248575
                },
                "metadata": {
                    "trials": 1
                }
            },
            {
                "query": {
                    "x1": -0.7144932258917681,
                    "x2": 0.0251130032539244
                },
                "metrics": {
                    "outcome": -0.4285649422112863
                },
                "metadata": {
                    "trials": 1
                }
            },
            {
                "query": {
                    "x1": -0.7051248735491854,
                    "x2": -0.026954340306775727
                },
                "metrics": {
                    "outcome": -0.4285670873255596
                },
                "metadata": {
                    "trials": 1
                }
            }
        ],
        [
            {
                "query": {
                    "x1": -0.7070536413445809,
                    "x2": -0.0003246455933508685
                },
                "metrics": {
                    "outcome": -0.42888189485619505
                },
                "metadata": {
                    "trials": 1
                }
            },
            {
                "query": {
                    "x1": -0.710253273904813,
                    "x2": 0.026925387650585983
                },
                "metrics": {
                    "outcome": -0.42856265239553337
                },
                "metadata": {
                    "trials": 1
                }
            },
            {
                "query": {
                    "x1": -0.681702738768265,
                    "x2": -0.00032987862366522653
                },
                "metrics": {
                    "outcome": -0.4283218774510607
                },
                "metadata": {
                    "trials": 1
                }
            }
        ],
        [
            {
                "query": {
                    "x1": -0.7070535882952241,
                    "x2": -0.00032446772243363163
                },
                "metrics": {
                    "outcome": -0.4288818949008743
                },
                "metadata": {
                    "trials": 1
                }
            },
            {
                "query": {
                    "x1": -0.7066908237721782,
                    "x2": 0.026513502356144938
                },
                "metrics": {
                    "outcome": -0.4285804107474179
                },
                "metadata": {
                    "trials": 1
                }
            },
            {
                "query": {
                    "x1": -0.7538846419857057,
                    "x2": -0.12183591258695081
                },
                "metrics": {
                    "outcome": -0.42075609481844756
                },
                "metadata": {
                    "trials": 1
                }
            }
        ],
        [
            {
                "query": {
                    "x1": -0.7070344167241165,
                    "x2": -0.00021227845694747285
                },
                "metrics": {
                    "outcome": -0.4288819186620817
                },
                "metadata": {
                    "trials": 1
                }
            },
            {
                "query": {
                    "x1": -0.7009813139687466,
                    "x2": 0.027637260953898738
                },
                "metrics": {
                    "outcome": -0.42852222758497366
                },
                "metadata": {
                    "trials": 1
                }
            },
            {
                "query": {
                    "x1": -0.7092564789300035,
                    "x2": -0.025924798803434384
                },
                "metrics": {
                    "outcome": -0.4285898326200881
                },
                "metadata": {
                    "trials": 1
                }
            }
        ],
        [
            {
                "query": {
                    "x1": -0.7070344928454176,
                    "x2": -0.0002121123329798783
                },
                "metrics": {
                    "outcome": -0.428881918701764
                },
                "metadata": {
                    "trials": 1
                }
            },
            {
                "query": {
                    "x1": -0.7129060171486573,
                    "x2": 0.02441194484528385
                },
                "metrics": {
                    "outcome": -0.42859767831997264
                },
                "metadata": {
                    "trials": 1
                }
            },
            {
                "query": {
                    "x1": -0.8412311398006906,
                    "x2": 0.03133396471647121
                },
                "metrics": {
                    "outcome": -0.4141444448328735
                },
                "metadata": {
                    "trials": 1
                }
            }
        ],
        [
            {
                "query": {
                    "x1": -0.7070344204529028,
                    "x2": -0.00021196930973646865
                },
                "metrics": {
                    "outcome": -0.4288819187187946
                },
                "metadata": {
                    "trials": 1
                }
            },
            {
                "query": {
                    "x1": -0.708999991735537,
                    "x2": 0.025559738600600828
                },
                "metrics": {
                    "outcome": -0.42859877562776727
                },
                "metadata": {
                    "trials": 1
                }
            },
            {
                "query": {
                    "x1": -0.6847468854779879,
                    "x2": 0.018782671773233235
                },
                "metrics": {
                    "outcome": -0.42829755405991154
                },
                "metadata": {
                    "trials": 1
                }
            }
        ],
        [
            {
                "query": {
                    "x1": -0.7070344120323029,
                    "x2": -0.00021215228294553222
                },
                "metrics": {
                    "outcome": -0.4288819186844667
                },
                "metadata": {
                    "trials": 1
                }
            },
            {
                "query": {
                    "x1": -0.7583699823874905,
                    "x2": -0.07553916496356816
                },
                "metrics": {
                    "outcome": -0.42425732695753754
                },
                "metadata": {
                    "trials": 1
                }
            },
            {
                "query": {
                    "x1": -0.7108593296141454,
                    "x2": 0.025735909895173534
                },
                "metrics": {
                    "outcome": -0.42858592285885827
                },
                "metadata": {
                    "trials": 1
                }
            }
        ],
        [
            {
                "query": {
                    "x1": -0.7070345701439904,
                    "x2": -0.0002120370432409307
                },
                "metrics": {
                    "outcome": -0.42888191872504133
                },
                "metadata": {
                    "trials": 1
                }
            },
            {
                "query": {
                    "x1": -0.7190701034154295,
                    "x2": 0.02400920035980749
                },
                "metrics": {
                    "outcome": -0.4285127955762699
                },
                "metadata": {
                    "trials": 1
                }
            },
            {
                "query": {
                    "x1": -0.710308502907522,
                    "x2": -0.025925376168047062
                },
                "metrics": {
                    "outcome": -0.42858500326054033
                },
                "metadata": {
                    "trials": 1
                }
            }
        ],
        [
            {
                "query": {
                    "x1": -0.7070626880740916,
                    "x2": -0.0001592557017569333
                },
                "metrics": {
                    "outcome": -0.428881929935186
                },
                "metadata": {
                    "trials": 1
                }
            },
            {
                "query": {
                    "x1": -0.7058370025030919,
                    "x2": 0.025436717425285832
                },
                "metrics": {
                    "outcome": -0.4286031512762306
                },
                "metadata": {
                    "trials": 1
                }
            },
            {
                "query": {
                    "x1": -0.7118674174823505,
                    "x2": 0.05038379265099209
                },
                "metrics": {
                    "outcome": -0.42777524794631744
                },
                "metadata": {
                    "trials": 1
                }
            }
        ],
        [
            {
                "query": {
                    "x1": -0.7070630084978271,
                    "x2": -0.0001597985460897223
                },
                "metrics": {
                    "outcome": -0.4288819298850555
                },
                "metadata": {
                    "trials": 1
                }
            },
            {
                "query": {
                    "x1": -0.7016197244833616,
                    "x2": 0.02449751192780895
                },
                "metrics": {
                    "outcome": -0.42859875934294744
                },
                "metadata": {
                    "trials": 1
                }
            },
            {
                "query": {
                    "x1": -0.7039259897241426,
                    "x2": -0.02350611934734215
                },
                "metrics": {
                    "outcome": -0.42863634797993116
                },
                "metadata": {
                    "trials": 1
                }
            }
        ],
        [
            {
                "query": {
                    "x1": -0.7070630762950807,
                    "x2": -0.0001601585745691306
                },
                "metrics": {
                    "outcome": -0.42888192984073836
                },
                "metadata": {
                    "trials": 1
                }
            },
            {
                "query": {
                    "x1": -0.71599833437699,
                    "x2": 0.023201609048981407
                },
                "metrics": {
                    "outcome": -0.42858363985145054
                },
                "metadata": {
                    "trials": 1
                }
            },
            {
                "query": {
                    "x1": -0.7065530975005841,
                    "x2": -0.02582798504297341
                },
                "metrics": {
                    "outcome": -0.4285956744020151
                },
                "metadata": {
                    "trials": 1
                }
            }
        ],
        [
            {
                "query": {
                    "x1": -0.7070629556563934,
                    "x2": -0.00015979876516040355
                },
                "metrics": {
                    "outcome": -0.42888192988105495
                },
                "metadata": {
                    "trials": 1
                }
            },
            {
                "query": {
                    "x1": -0.7151356356905606,
                    "x2": -0.023914932621404622
                },
                "metrics": {
                    "outcome": -0.42858167366728667
                },
                "metadata": {
                    "trials": 1
                }
            },
            {
                "query": {
                    "x1": -0.704623168881385,
                    "x2": 0.025321286113317437
                },
                "metrics": {
                    "outcome": -0.42860175168764153
                },
                "metadata": {
                    "trials": 1
                }
            }
        ],
        [
            {
                "query": {
                    "x1": -0.7070622702172816,
                    "x2": -0.0001569155430152312
                },
                "metrics": {
                    "outcome": -0.42888193022075316
                },
                "metadata": {
                    "trials": 1
                }
            },
            {
                "query": {
                    "x1": -0.7107053913957656,
                    "x2": 0.02546738260537909
                },
                "metrics": {
                    "outcome": -0.4285927832360094
                },
                "metadata": {
                    "trials": 1
                }
            },
            {
                "query": {
                    "x1": -0.6839553245459806,
                    "x2": 0.040001459091929974
                },
                "metrics": {
                    "outcome": -0.42773232788305054
                },
                "metadata": {
                    "trials": 1
                }
            }
        ],
        [
            {
                "query": {
                    "x1": -0.7070569796013076,
                    "x2": -0.00010050992661176043
                },
                "metrics": {
                    "outcome": -0.4288819360202087
                },
                "metadata": {
                    "trials": 1
                }
            },
            {
                "query": {
                    "x1": -0.7071806116956241,
                    "x2": 0.024840114108357857
                },
                "metrics": {
                    "outcome": -0.42861738586539716
                },
                "metadata": {
                    "trials": 1
                }
            },
            {
                "query": {
                    "x1": -0.6830422148883084,
                    "x2": 0.009404885911614109
                },
                "metrics": {
                    "outcome": -0.42834183062429215
                },
                "metadata": {
                    "trials": 1
                }
            }
        ],
        [
            {
                "query": {
                    "x1": -0.7070571242782318,
                    "x2": -0.00010084593712344936
                },
                "metrics": {
                    "outcome": -0.42888193600353464
                },
                "metadata": {
                    "trials": 1
                }
            },
            {
                "query": {
                    "x1": -0.7040638297084041,
                    "x2": 0.024400904472484827
                },
                "metrics": {
                    "outcome": -0.42861871126940687
                },
                "metadata": {
                    "trials": 1
                }
            },
            {
                "query": {
                    "x1": -0.7173770314114318,
                    "x2": -0.02298538456984011
                },
                "metrics": {
                    "outcome": -0.4285654270953895
                },
                "metadata": {
                    "trials": 1
                }
            }
        ],
        [
            {
                "query": {
                    "x1": -0.7070570412883891,
                    "x2": -0.00010054556212185795
                },
                "metrics": {
                    "outcome": -0.4288819360224031
                },
                "metadata": {
                    "trials": 1
                }
            },
            {
                "query": {
                    "x1": -0.7175940426835419,
                    "x2": 0.022238374820401502
                },
                "metrics": {
                    "outcome": -0.4285760721605503
                },
                "metadata": {
                    "trials": 1
                }
            },
            {
                "query": {
                    "x1": -0.7198129593249982,
                    "x2": -0.021640182638681824
                },
                "metrics": {
                    "outcome": -0.42854356677771516
                },
                "metadata": {
                    "trials": 1
                }
            }
        ],
        [
            {
                "query": {
                    "x1": -0.7070571278449217,
                    "x2": -0.00010053259370014991
                },
                "metrics": {
                    "outcome": -0.4288819360309012
                },
                "metadata": {
                    "trials": 1
                }
            },
            {
                "query": {
                    "x1": -0.7080594473703556,
                    "x2": 0.025235266943956895
                },
                "metrics": {
                    "outcome": -0.42860813174789353
                },
                "metadata": {
                    "trials": 1
                }
            },
            {
                "query": {
                    "x1": -0.683575827062974,
                    "x2": 0.0071725148036026936
                },
                "metrics": {
                    "outcome": -0.42837982047861256
                },
                "metadata": {
                    "trials": 1
                }
            }
        ],
        [
            {
                "query": {
                    "x1": -0.7070581126891727,
                    "x2": -0.00010137344421885068
                },
                "metrics": {
                    "outcome": -0.4288819360411503
                },
                "metadata": {
                    "trials": 1
                }
            },
            {
                "query": {
                    "x1": -0.7053942722799208,
                    "x2": 0.0255374301226128
                },
                "metrics": {
                    "outcome": -0.42859981793430224
                },
                "metadata": {
                    "trials": 1
                }
            },
            {
                "query": {
                    "x1": -0.7285006826256769,
                    "x2": 0.014478739904028563
                },
                "metrics": {
                    "outcome": -0.42840357526782125
                },
                "metadata": {
                    "trials": 1
                }
            }
        ],
        [
            {
                "query": {
                    "x1": -0.7070546254827349,
                    "x2": -8.601267270255152e-05
                },
                "metrics": {
                    "outcome": -0.42888193697404603
                },
                "metadata": {
                    "trials": 1
                }
            },
            {
                "query": {
                    "x1": -0.7050525666535595,
                    "x2": -0.02508404385423628
                },
                "metrics": {
                    "outcome": -0.4286085500644327
                },
                "metadata": {
                    "trials": 1
                }
            },
            {
                "query": {
                    "x1": -0.7025557835646312,
                    "x2": 0.025341924904835583
                },
                "metrics": {
                    "outcome": -0.4285888051344707
                },
                "metadata": {
                    "trials": 1
                }
            }
        ],
        [
            {
                "query": {
                    "x1": -0.7070549324421534,
                    "x2": -8.606511853036315e-05
                },
                "metrics": {
                    "outcome": -0.4288819369975607
                },
                "metadata": {
                    "trials": 1
                }
            },
            {
                "query": {
                    "x1": -0.7128375819218957,
                    "x2": -0.02419818750377447
                },
                "metrics": {
                    "outcome": -0.4286028054558434
                },
                "metadata": {
                    "trials": 1
                }
            },
            {
                "query": {
                    "x1": -0.7104036094504238,
                    "x2": 0.024945589581894304
                },
                "metrics": {
                    "outcome": -0.42860583703013594
                },
                "metadata": {
                    "trials": 1
                }
            }
        ],
        [
            {
                "query": {
                    "x1": -0.7070545393729786,
                    "x2": -8.617763174461731e-05
                },
                "metrics": {
                    "outcome": -0.42888193695415266
                },
                "metadata": {
                    "trials": 1
                }
            },
            {
                "query": {
                    "x1": -0.7162479304566892,
                    "x2": 0.02202111835726157
                },
                "metrics": {
                    "outcome": -0.42860268648751715
                },
                "metadata": {
                    "trials": 1
                }
            },
            {
                "query": {
                    "x1": -0.7108163841708746,
                    "x2": -0.024438996708102716
                },
                "metrics": {
                    "outcome": -0.4286140869138234
                },
                "metadata": {
                    "trials": 1
                }
            }
        ],
        [
            {
                "query": {
                    "x1": -0.7070548978127931,
                    "x2": -8.544963830548188e-05
                },
                "metrics": {
                    "outcome": -0.42888193703975386
                },
                "metadata": {
                    "trials": 1
                }
            },
            {
                "query": {
                    "x1": -0.7048859812862615,
                    "x2": -0.02496794758273054
                },
                "metrics": {
                    "outcome": -0.42861042925109016
                },
                "metadata": {
                    "trials": 1
                }
            },
            {
                "query": {
                    "x1": -0.6961166935588018,
                    "x2": 0.026762185612097443
                },
                "metrics": {
                    "outcome": -0.428470822616681
                },
                "metadata": {
                    "trials": 1
                }
            }
        ],
        [
            {
                "query": {
                    "x1": -0.7070554889971635,
                    "x2": -8.631919804999372e-05
                },
                "metrics": {
                    "outcome": -0.4288819370280166
                },
                "metadata": {
                    "trials": 1
                }
            },
            {
                "query": {
                    "x1": -0.7001626212833025,
                    "x2": 0.027334436550568806
                },
                "metrics": {
                    "outcome": -0.42852014789213244
                },
                "metadata": {
                    "trials": 1
                }
            },
            {
                "query": {
                    "x1": -0.7048188782686056,
                    "x2": -0.02517511936573646
                },
                "metrics": {
                    "outcome": -0.4286057170090234
                },
                "metadata": {
                    "trials": 1
                }
            }
        ]
    ]
}