{
    "date": "26/10/2022 19:15:40",
    "basic_params": {
        "active_variables": [
            "x1",
            "x2"
        ],
        "default_query": {},
        "metric": "basic",
        "n_trials": 1
    },
    "objective_function": {
        "name": "Gramacy2D",
        "params": {}
    },
    "optimizer": {
        "name": "BBO-LP",
        "params": {
            "lower_bound": [
                -2.0,
                -2.0
            ],
            "upper_bound": [
                6.0,
                6.0
            ],
            "invert_metric": false,
            "bopt_params": {
                "n_init_samples": 15,
                "n_iterations": 45,
                "verbose_level": 1,
                "n_parallel_samples": 3,
                "par_type": "PAR_BBO",
                "crit_name": "cLP(cLCB)",
                "n_crit_params": 4,
                "crit_params": [
                    3,
                    1,
                    1.0
                ]
            }
        }
    },
    "iterations": [
        [
            {
                "query": {
                    "x1": -0.09554836737612882,
                    "x2": -1.8498927583297093
                },
                "metrics": {
                    "outcome": -0.0030907070271734088
                },
                "metadata": {
                    "trials": 1
                }
            }
        ],
        [
            {
                "query": {
                    "x1": 1.2307030227035285,
                    "x2": 3.554526622841755
                },
                "metrics": {
                    "outcome": 8.814444335816309e-07
                },
                "metadata": {
                    "trials": 1
                }
            }
        ],
        [
            {
                "query": {
                    "x1": 5.552715813865264,
                    "x2": 4.04870695186158
                },
                "metrics": {
                    "outcome": 1.7182530604875254e-20
                },
                "metadata": {
                    "trials": 1
                }
            }
        ],
        [
            {
                "query": {
                    "x1": 1.092325834557414,
                    "x2": 5.127304714421431
                },
                "metrics": {
                    "outcome": 1.2673156076084487e-12
                },
                "metadata": {
                    "trials": 1
                }
            }
        ],
        [
            {
                "query": {
                    "x1": -1.7350732043385506,
                    "x2": 0.4317516472190617
                },
                "metrics": {
                    "outcome": -0.07094581203713807
                },
                "metadata": {
                    "trials": 1
                }
            }
        ],
        [
            {
                "query": {
                    "x1": 3.2332803799460335,
                    "x2": 1.3573104680826265
                },
                "metrics": {
                    "outcome": 1.4770235711601839e-05
                },
                "metadata": {
                    "trials": 1
                }
            }
        ],
        [
            {
                "query": {
                    "x1": 5.365940986697873,
                    "x2": 2.30290766172111
                },
                "metrics": {
                    "outcome": 8.349000057359327e-15
                },
                "metadata": {
                    "trials": 1
                }
            }
        ],
        [
            {
                "query": {
                    "x1": -1.099003684769074,
                    "x2": 4.860879512752096
                },
                "metrics": {
                    "outcome": -1.7983711068538792e-11
                },
                "metadata": {
                    "trials": 1
                }
            }
        ],
        [
            {
                "query": {
                    "x1": 4.619901914646229,
                    "x2": 5.719617575158676
                },
                "metrics": {
                    "outcome": 1.5408153218802085e-23
                },
                "metadata": {
                    "trials": 1
                }
            }
        ],
        [
            {
                "query": {
                    "x1": -0.5570101646085581,
                    "x2": 0.12091619844237966
                },
                "metrics": {
                    "outcome": -0.40250295485493365
                },
                "metadata": {
                    "trials": 1
                }
            }
        ],
        [
            {
                "query": {
                    "x1": 2.762455565109849,
                    "x2": -0.40081028466423363
                },
                "metrics": {
                    "outcome": 0.0011411832094337503
                },
                "metadata": {
                    "trials": 1
                }
            }
        ],
        [
            {
                "query": {
                    "x1": 2.086877676472068,
                    "x2": 2.204154414931933
                },
                "metrics": {
                    "outcome": 0.00020805957371491474
                },
                "metadata": {
                    "trials": 1
                }
            }
        ],
        [
            {
                "query": {
                    "x1": 0.510715835293134,
                    "x2": 2.838505824282765
                },
                "metrics": {
                    "outcome": 0.00012466406509221176
                },
                "metadata": {
                    "trials": 1
                }
            }
        ],
        [
            {
                "query": {
                    "x1": 4.054465885460377,
                    "x2": 1.0757593496392173
                },
                "metrics": {
                    "outcome": 9.249300348161332e-08
                },
                "metadata": {
                    "trials": 1
                }
            }
        ],
        [
            {
                "query": {
                    "x1": 3.8369892397274574,
                    "x2": -1.3402108155190944
                },
                "metrics": {
                    "outcome": 2.570581664904751e-07
                },
                "metadata": {
                    "trials": 1
                }
            }
        ],
        [
            {
                "query": {
                    "x1": -0.9237153950151937,
                    "x2": -0.12118392813732926
                },
                "metrics": {
                    "outcome": -0.3877916980305439
                },
                "metadata": {
                    "trials": 1
                }
            },
            {
                "query": {
                    "x1": -0.8687974007182122,
                    "x2": 0.8062445373661902
                },
                "metrics": {
                    "outcome": -0.21320854683678134
                },
                "metadata": {
                    "trials": 1
                }
            },
            {
                "query": {
                    "x1": -0.9716537517512487,
                    "x2": -1.0346860865954148
                },
                "metrics": {
                    "outcome": -0.1295819121499465
                },
                "metadata": {
                    "trials": 1
                }
            }
        ],
        [
            {
                "query": {
                    "x1": -1.9999999999999993,
                    "x2": 6.0
                },
                "metrics": {
                    "outcome": -8.496708510583175e-18
                },
                "metadata": {
                    "trials": 1
                }
            },
            {
                "query": {
                    "x1": -2.0,
                    "x2": 5.999999999999994
                },
                "metrics": {
                    "outcome": -8.496708510583782e-18
                },
                "metadata": {
                    "trials": 1
                }
            },
            {
                "query": {
                    "x1": -2.0,
                    "x2": 5.999999999999994
                },
                "metrics": {
                    "outcome": -8.496708510583782e-18
                },
                "metadata": {
                    "trials": 1
                }
            }
        ],
        [
            {
                "query": {
                    "x1": -0.5636061682204008,
                    "x2": -0.38708851082627627
                },
                "metrics": {
                    "outcome": -0.35314060646307116
                },
                "metadata": {
                    "trials": 1
                }
            },
            {
                "query": {
                    "x1": -0.5953961761079849,
                    "x2": -0.23442777238172607
                },
                "metrics": {
                    "outcome": -0.39535102422055757
                },
                "metadata": {
                    "trials": 1
                }
            },
            {
                "query": {
                    "x1": -0.5377854984950756,
                    "x2": -0.5405489325261128
                },
                "metrics": {
                    "outcome": -0.30068204818535493
                },
                "metadata": {
                    "trials": 1
                }
            }
        ],
        [
            {
                "query": {
                    "x1": 0.9824670143236918,
                    "x2": -2.0
                },
                "metrics": {
                    "outcome": 0.006853951420979436
                },
                "metadata": {
                    "trials": 1
                }
            },
            {
                "query": {
                    "x1": 0.88488677909513,
                    "x2": -1.3906554694374984
                },
                "metrics": {
                    "outcome": 0.058469921353024916
                },
                "metadata": {
                    "trials": 1
                }
            },
            {
                "query": {
                    "x1": 0.8091387592084156,
                    "x2": -0.8839747045123443
                },
                "metrics": {
                    "outcome": 0.19245331635911692
                },
                "metadata": {
                    "trials": 1
                }
            }
        ],
        [
            {
                "query": {
                    "x1": -0.05151346367260001,
                    "x2": 6.0
                },
                "metrics": {
                    "outcome": -1.1917000117991083e-17
                },
                "metadata": {
                    "trials": 1
                }
            },
            {
                "query": {
                    "x1": 0.03758712085985216,
                    "x2": 5.495636290135888
                },
                "metrics": {
                    "outcome": 2.8698264346506725e-15
                },
                "metadata": {
                    "trials": 1
                }
            },
            {
                "query": {
                    "x1": -0.45460821718462197,
                    "x2": 6.0
                },
                "metrics": {
                    "outcome": -8.575923273860661e-17
                },
                "metadata": {
                    "trials": 1
                }
            }
        ],
        [
            {
                "query": {
                    "x1": -0.7200202453069582,
                    "x2": -0.04120055356366836
                },
                "metrics": {
                    "outcome": -0.4280126241527596
                },
                "metadata": {
                    "trials": 1
                }
            },
            {
                "query": {
                    "x1": -0.6888487046434963,
                    "x2": 0.10571049070148719
                },
                "metrics": {
                    "outcome": -0.4238308403949718
                },
                "metadata": {
                    "trials": 1
                }
            },
            {
                "query": {
                    "x1": -0.7446471885739261,
                    "x2": -0.18698559620941801
                },
                "metrics": {
                    "outcome": -0.4129999554880494
                },
                "metadata": {
                    "trials": 1
                }
            }
        ],
        [
            {
                "query": {
                    "x1": -0.698024355819099,
                    "x2": -0.0007027531586385471
                },
                "metrics": {
                    "outcome": -0.4288106733687538
                },
                "metadata": {
                    "trials": 1
                }
            },
            {
                "query": {
                    "x1": -0.6780431258170379,
                    "x2": 0.10250564660453643
                },
                "metrics": {
                    "outcome": -0.4236726076768486
                },
                "metadata": {
                    "trials": 1
                }
            },
            {
                "query": {
                    "x1": -0.7180384038737111,
                    "x2": -0.10346329832809165
                },
                "metrics": {
                    "outcome": -0.42421451180702163
                },
                "metadata": {
                    "trials": 1
                }
            }
        ],
        [
            {
                "query": {
                    "x1": -0.6980680828585606,
                    "x2": -0.0002822720752089225
                },
                "metrics": {
                    "outcome": -0.428811534951343
                },
                "metadata": {
                    "trials": 1
                }
            },
            {
                "query": {
                    "x1": -0.682656173307435,
                    "x2": 0.0825979349752437
                },
                "metrics": {
                    "outcome": -0.4254508611665431
                },
                "metadata": {
                    "trials": 1
                }
            },
            {
                "query": {
                    "x1": -0.7134340309717606,
                    "x2": -0.08291154737053019
                },
                "metrics": {
                    "outcome": -0.4259097771294726
                },
                "metadata": {
                    "trials": 1
                }
            }
        ],
        [
            {
                "query": {
                    "x1": -0.6981262492616545,
                    "x2": -0.00011230428946062965
                },
                "metrics": {
                    "outcome": -0.4288124683978229
                },
                "metadata": {
                    "trials": 1
                }
            },
            {
                "query": {
                    "x1": -0.6843586741113954,
                    "x2": 0.07573550424199205
                },
                "metrics": {
                    "outcome": -0.42598302416879363
                },
                "metadata": {
                    "trials": 1
                }
            },
            {
                "query": {
                    "x1": -0.7118094966381991,
                    "x2": -0.07576484899864222
                },
                "metrics": {
                    "outcome": -0.4264082594522641
                },
                "metadata": {
                    "trials": 1
                }
            }
        ],
        [
            {
                "query": {
                    "x1": -0.6982276473545017,
                    "x2": -0.00017041582018406665
                },
                "metrics": {
                    "outcome": -0.428814024391846
                },
                "metadata": {
                    "trials": 1
                }
            },
            {
                "query": {
                    "x1": -0.6857138555248183,
                    "x2": 0.0714437599049158
                },
                "metrics": {
                    "outcome": -0.42630400477548097
                },
                "metadata": {
                    "trials": 1
                }
            },
            {
                "query": {
                    "x1": -0.7108531680356183,
                    "x2": -0.07118288455158606
                },
                "metrics": {
                    "outcome": -0.42670233576432226
                },
                "metadata": {
                    "trials": 1
                }
            }
        ],
        [
            {
                "query": {
                    "x1": -0.6983337168850567,
                    "x2": -0.00029462437817628917
                },
                "metrics": {
                    "outcome": -0.4288156155629406
                },
                "metadata": {
                    "trials": 1
                }
            },
            {
                "query": {
                    "x1": -0.6883288174554785,
                    "x2": 0.0691235048146086
                },
                "metrics": {
                    "outcome": -0.4265339803180823
                },
                "metadata": {
                    "trials": 1
                }
            },
            {
                "query": {
                    "x1": -0.7102076369533465,
                    "x2": -0.06788712199472746
                },
                "metrics": {
                    "outcome": -0.4269017208420252
                },
                "metadata": {
                    "trials": 1
                }
            }
        ],
        [
            {
                "query": {
                    "x1": -0.6984223372798857,
                    "x2": -0.0004109479461060772
                },
                "metrics": {
                    "outcome": -0.4288169154956545
                },
                "metadata": {
                    "trials": 1
                }
            },
            {
                "query": {
                    "x1": -0.687582749340522,
                    "x2": 0.07206031941587066
                },
                "metrics": {
                    "outcome": -0.426332457321179
                },
                "metadata": {
                    "trials": 1
                }
            },
            {
                "query": {
                    "x1": -0.710703470306147,
                    "x2": -0.0709792041999815
                },
                "metrics": {
                    "outcome": -0.4267156270786857
                },
                "metadata": {
                    "trials": 1
                }
            }
        ],
        [
            {
                "query": {
                    "x1": -0.6985198478635886,
                    "x2": -0.0006160455887933569
                },
                "metrics": {
                    "outcome": -0.42881827848066034
                },
                "metadata": {
                    "trials": 1
                }
            },
            {
                "query": {
                    "x1": -0.6879722615806207,
                    "x2": 0.05967381348279721
                },
                "metrics": {
                    "outcome": -0.4270417240811388
                },
                "metadata": {
                    "trials": 1
                }
            },
            {
                "query": {
                    "x1": -0.7089460580338569,
                    "x2": -0.060798949057447205
                },
                "metrics": {
                    "outcome": -0.42729661315753864
                },
                "metadata": {
                    "trials": 1
                }
            }
        ],
        [
            {
                "query": {
                    "x1": -0.698578412046762,
                    "x2": -0.0006981716447114206
                },
                "metrics": {
                    "outcome": -0.4288190971106759
                },
                "metadata": {
                    "trials": 1
                }
            },
            {
                "query": {
                    "x1": -0.6850864973784891,
                    "x2": 0.0667345945582043
                },
                "metrics": {
                    "outcome": -0.42655788931984706
                },
                "metadata": {
                    "trials": 1
                }
            },
            {
                "query": {
                    "x1": -0.7099643663915773,
                    "x2": -0.06697945704157093
                },
                "metrics": {
                    "outcome": -0.42695521780065143
                },
                "metadata": {
                    "trials": 1
                }
            }
        ],
        [
            {
                "query": {
                    "x1": -0.6986997066125913,
                    "x2": -0.0009212677444567774
                },
                "metrics": {
                    "outcome": -0.4288207146029261
                },
                "metadata": {
                    "trials": 1
                }
            },
            {
                "query": {
                    "x1": -0.6883985884637696,
                    "x2": 0.058511360455129946
                },
                "metrics": {
                    "outcome": -0.42711436794002566
                },
                "metadata": {
                    "trials": 1
                }
            },
            {
                "query": {
                    "x1": -0.7088429801657388,
                    "x2": -0.06025485657775098
                },
                "metrics": {
                    "outcome": -0.4273250723333218
                },
                "metadata": {
                    "trials": 1
                }
            }
        ],
        [
            {
                "query": {
                    "x1": -0.6987591177288379,
                    "x2": -0.0010072765442394882
                },
                "metrics": {
                    "outcome": -0.42882150230362365
                },
                "metadata": {
                    "trials": 1
                }
            },
            {
                "query": {
                    "x1": -0.6887377554262495,
                    "x2": 0.05704113909163988
                },
                "metrics": {
                    "outcome": -0.42719782444644844
                },
                "metadata": {
                    "trials": 1
                }
            },
            {
                "query": {
                    "x1": -0.7086188515961529,
                    "x2": -0.05896267917828135
                },
                "metrics": {
                    "outcome": -0.4273915285123037
                },
                "metadata": {
                    "trials": 1
                }
            }
        ],
        [
            {
                "query": {
                    "x1": -0.6988136245794256,
                    "x2": -0.00108393390275352
                },
                "metrics": {
                    "outcome": -0.4288222161079754
                },
                "metadata": {
                    "trials": 1
                }
            },
            {
                "query": {
                    "x1": -0.6890382661201997,
                    "x2": 0.05573762517242553
                },
                "metrics": {
                    "outcome": -0.42727011158967687
                },
                "metadata": {
                    "trials": 1
                }
            },
            {
                "query": {
                    "x1": -0.7084242722215837,
                    "x2": -0.057819734945759205
                },
                "metrics": {
                    "outcome": -0.4274490489541097
                },
                "metadata": {
                    "trials": 1
                }
            }
        ],
        [
            {
                "query": {
                    "x1": -0.698864098484296,
                    "x2": -0.0011554836634706245
                },
                "metrics": {
                    "outcome": -0.4288228674471507
                },
                "metadata": {
                    "trials": 1
                }
            },
            {
                "query": {
                    "x1": -0.6893049074236612,
                    "x2": 0.05456837921397417
                },
                "metrics": {
                    "outcome": -0.42733350301725925
                },
                "metadata": {
                    "trials": 1
                }
            },
            {
                "query": {
                    "x1": -0.708252830672401,
                    "x2": -0.056798633485573236
                },
                "metrics": {
                    "outcome": -0.4274994400258622
                },
                "metadata": {
                    "trials": 1
                }
            }
        ],
        [
            {
                "query": {
                    "x1": -0.6989127316359527,
                    "x2": -0.0012221829884995206
                },
                "metrics": {
                    "outcome": -0.42882348904838996
                },
                "metadata": {
                    "trials": 1
                }
            },
            {
                "query": {
                    "x1": -0.6895478519722689,
                    "x2": 0.05351046366594492
                },
                "metrics": {
                    "outcome": -0.42738980365430257
                },
                "metadata": {
                    "trials": 1
                }
            },
            {
                "query": {
                    "x1": -0.708102128908382,
                    "x2": -0.055878781367448616
                },
                "metrics": {
                    "outcome": -0.4275440269064118
                },
                "metadata": {
                    "trials": 1
                }
            }
        ],
        [
            {
                "query": {
                    "x1": -0.6989555056833212,
                    "x2": -0.001282364339801445
                },
                "metrics": {
                    "outcome": -0.428824027547961
                },
                "metadata": {
                    "trials": 1
                }
            },
            {
                "query": {
                    "x1": -0.6889249921453628,
                    "x2": 0.057491378994519504
                },
                "metrics": {
                    "outcome": -0.4271817201483165
                },
                "metadata": {
                    "trials": 1
                }
            },
            {
                "query": {
                    "x1": -0.7087744026973526,
                    "x2": -0.05996587167261458
                },
                "metrics": {
                    "outcome": -0.42734011797299365
                },
                "metadata": {
                    "trials": 1
                }
            }
        ],
        [
            {
                "query": {
                    "x1": -0.6990031039835873,
                    "x2": -0.001358913227271108
                },
                "metrics": {
                    "outcome": -0.42882460827291696
                },
                "metadata": {
                    "trials": 1
                }
            },
            {
                "query": {
                    "x1": -0.6899747246945702,
                    "x2": 0.05165454347420262
                },
                "metrics": {
                    "outcome": -0.4274860488024497
                },
                "metadata": {
                    "trials": 1
                }
            },
            {
                "query": {
                    "x1": -0.7078498231205399,
                    "x2": -0.05430356321344476
                },
                "metrics": {
                    "outcome": -0.42761861329323364
                },
                "metadata": {
                    "trials": 1
                }
            }
        ],
        [
            {
                "query": {
                    "x1": -0.6990414739800315,
                    "x2": -0.0014086963173556288
                },
                "metrics": {
                    "outcome": -0.4288250843554807
                },
                "metadata": {
                    "trials": 1
                }
            },
            {
                "query": {
                    "x1": -0.6901631713786047,
                    "x2": 0.050841812311494206
                },
                "metrics": {
                    "outcome": -0.427527219154431
                },
                "metadata": {
                    "trials": 1
                }
            },
            {
                "query": {
                    "x1": -0.707736738961402,
                    "x2": -0.05359415252573729
                },
                "metrics": {
                    "outcome": -0.4276514788300988
                },
                "metadata": {
                    "trials": 1
                }
            }
        ],
        [
            {
                "query": {
                    "x1": -0.6990783924243491,
                    "x2": -0.0014539185409598865
                },
                "metrics": {
                    "outcome": -0.4288255413520106
                },
                "metadata": {
                    "trials": 1
                }
            },
            {
                "query": {
                    "x1": -0.6903367622356182,
                    "x2": 0.05008999407875958
                },
                "metrics": {
                    "outcome": -0.42756472778481996
                },
                "metadata": {
                    "trials": 1
                }
            },
            {
                "query": {
                    "x1": -0.7076345431341067,
                    "x2": -0.0529352154554521
                },
                "metrics": {
                    "outcome": -0.4276816005309898
                },
                "metadata": {
                    "trials": 1
                }
            }
        ],
        [
            {
                "query": {
                    "x1": -0.6991137159676577,
                    "x2": -0.00149436747388898
                },
                "metrics": {
                    "outcome": -0.42882597836787273
                },
                "metadata": {
                    "trials": 1
                }
            },
            {
                "query": {
                    "x1": -0.69088818373592,
                    "x2": 0.04708748855371114
                },
                "metrics": {
                    "outcome": -0.42770524508787033
                },
                "metadata": {
                    "trials": 1
                }
            },
            {
                "query": {
                    "x1": -0.7071653829420228,
                    "x2": -0.05002416494338924
                },
                "metrics": {
                    "outcome": -0.42781003977416704
                },
                "metadata": {
                    "trials": 1
                }
            }
        ],
        [
            {
                "query": {
                    "x1": -0.6991454828590764,
                    "x2": -0.0015276033856639337
                },
                "metrics": {
                    "outcome": -0.4288263724531347
                },
                "metadata": {
                    "trials": 1
                }
            },
            {
                "query": {
                    "x1": -0.6906490464402291,
                    "x2": 0.04874053703028691
                },
                "metrics": {
                    "outcome": -0.4276307361482215
                },
                "metadata": {
                    "trials": 1
                }
            },
            {
                "query": {
                    "x1": -0.7074486891782703,
                    "x2": -0.05173919686027939
                },
                "metrics": {
                    "outcome": -0.42773528465801985
                },
                "metadata": {
                    "trials": 1
                }
            }
        ],
        [
            {
                "query": {
                    "x1": -0.6991769707633064,
                    "x2": -0.0015666293542770937
                },
                "metrics": {
                    "outcome": -0.42882675225903005
                },
                "metadata": {
                    "trials": 1
                }
            },
            {
                "query": {
                    "x1": -0.6907926169950158,
                    "x2": 0.0481254114136318
                },
                "metrics": {
                    "outcome": -0.42766028923493055
                },
                "metadata": {
                    "trials": 1
                }
            },
            {
                "query": {
                    "x1": -0.7073683033836653,
                    "x2": -0.05120459697731672
                },
                "metrics": {
                    "outcome": -0.4277588666681575
                },
                "metadata": {
                    "trials": 1
                }
            }
        ],
        [
            {
                "query": {
                    "x1": -0.6992071916622942,
                    "x2": -0.0015973914052451743
                },
                "metrics": {
                    "outcome": -0.4288271231260507
                },
                "metadata": {
                    "trials": 1
                }
            },
            {
                "query": {
                    "x1": -0.6913059093672289,
                    "x2": 0.045297060037532866
                },
                "metrics": {
                    "outcome": -0.42778757279897844
                },
                "metadata": {
                    "trials": 1
                }
            },
            {
                "query": {
                    "x1": -0.7069309427223731,
                    "x2": -0.04844547211750028
                },
                "metrics": {
                    "outcome": -0.4278765259075195
                },
                "metadata": {
                    "trials": 1
                }
            }
        ],
        [
            {
                "query": {
                    "x1": -0.6992366735668436,
                    "x2": -0.0016259078130478333
                },
                "metrics": {
                    "outcome": -0.42882748469918053
                },
                "metadata": {
                    "trials": 1
                }
            },
            {
                "query": {
                    "x1": -0.6910535560807856,
                    "x2": 0.047009911545685235
                },
                "metrics": {
                    "outcome": -0.4277129858355066
                },
                "metadata": {
                    "trials": 1
                }
            },
            {
                "query": {
                    "x1": -0.7072204748817437,
                    "x2": -0.05021249803797234
                },
                "metrics": {
                    "outcome": -0.42780195558244694
                },
                "metadata": {
                    "trials": 1
                }
            }
        ],
        [
            {
                "query": {
                    "x1": -0.6992638988303457,
                    "x2": -0.001654738453337412
                },
                "metrics": {
                    "outcome": -0.4288278130970824
                },
                "metadata": {
                    "trials": 1
                }
            },
            {
                "query": {
                    "x1": -0.6911723218720662,
                    "x2": 0.046497693235693305
                },
                "metrics": {
                    "outcome": -0.42773675977242404
                },
                "metadata": {
                    "trials": 1
                }
            },
            {
                "query": {
                    "x1": -0.707154696823546,
                    "x2": -0.04975937008263265
                },
                "metrics": {
                    "outcome": -0.4278213445658347
                },
                "metadata": {
                    "trials": 1
                }
            }
        ],
        [
            {
                "query": {
                    "x1": -0.699290875023564,
                    "x2": -0.001682653942500112
                },
                "metrics": {
                    "outcome": -0.42882813745981746
                },
                "metadata": {
                    "trials": 1
                }
            },
            {
                "query": {
                    "x1": -0.6912873587062298,
                    "x2": 0.04601145289645636
                },
                "metrics": {
                    "outcome": -0.4277591614952496
                },
                "metadata": {
                    "trials": 1
                }
            },
            {
                "query": {
                    "x1": -0.707092323170009,
                    "x2": -0.04933128688500288
                },
                "metrics": {
                    "outcome": -0.42783949450938547
                },
                "metadata": {
                    "trials": 1
                }
            }
        ],
        [
            {
                "query": {
                    "x1": -0.6993169585912471,
                    "x2": -0.0017095371703950146
                },
                "metrics": {
                    "outcome": -0.4288284494131202
                },
                "metadata": {
                    "trials": 1
                }
            },
            {
                "query": {
                    "x1": -0.6913965679257601,
                    "x2": 0.045549231411494695
                },
                "metrics": {
                    "outcome": -0.42778024476181303
                },
                "metadata": {
                    "trials": 1
                }
            },
            {
                "query": {
                    "x1": -0.7070350461589496,
                    "x2": -0.048923746467689044
                },
                "metrics": {
                    "outcome": -0.4278566225606326
                },
                "metadata": {
                    "trials": 1
                }
            }
        ],
        [
            {
                "query": {
                    "x1": -0.6993422186511995,
                    "x2": -0.0017310656780182843
                },
                "metrics": {
                    "outcome": -0.42882875650063845
                },
                "metadata": {
                    "trials": 1
                }
            },
            {
                "query": {
                    "x1": -0.6914990685223035,
                    "x2": 0.04511252974889679
                },
                "metrics": {
                    "outcome": -0.42779995949106897
                },
                "metadata": {
                    "trials": 1
                }
            },
            {
                "query": {
                    "x1": -0.7069785882948485,
                    "x2": -0.04853267282022178
                },
                "metrics": {
                    "outcome": -0.4278729199557458
                },
                "metadata": {
                    "trials": 1
                }
            }
        ],
        [
            {
                "query": {
                    "x1": -0.6993659912952215,
                    "x2": -0.0017541009000301422
                },
                "metrics": {
                    "outcome": -0.4288290399612609
                },
                "metadata": {
                    "trials": 1
                }
            },
            {
                "query": {
                    "x1": -0.6915981473554171,
                    "x2": 0.04469391028720393
                },
                "metrics": {
                    "outcome": -0.42781871038527086
                },
                "metadata": {
                    "trials": 1
                }
            },
            {
                "query": {
                    "x1": -0.7069259747982262,
                    "x2": -0.048161492011346896
                },
                "metrics": {
                    "outcome": -0.42788826311179146
                },
                "metadata": {
                    "trials": 1
                }
            }
        ],
        [
            {
                "query": {
                    "x1": -0.6993900840726384,
                    "x2": -0.001775461808960932
                },
                "metrics": {
                    "outcome": -0.42882932879848223
                },
                "metadata": {
                    "trials": 1
                }
            },
            {
                "query": {
                    "x1": -0.6916937896398547,
                    "x2": 0.04429480453417334
                },
                "metrics": {
                    "outcome": -0.4278364638812199
                },
                "metadata": {
                    "trials": 1
                }
            },
            {
                "query": {
                    "x1": -0.7068767828462208,
                    "x2": -0.04780578542615466
                },
                "metrics": {
                    "outcome": -0.42790285254034555
                },
                "metadata": {
                    "trials": 1
                }
            }
        ],
        [
            {
                "query": {
                    "x1": -0.6994132092306069,
                    "x2": -0.0017951146397519047
                },
                "metrics": {
                    "outcome": -0.4288296060298139
                },
                "metadata": {
                    "trials": 1
                }
            },
            {
                "query": {
                    "x1": -0.6921437293628323,
                    "x2": 0.041761926347578804
                },
                "metrics": {
                    "outcome": -0.42794155599897793
                },
                "metadata": {
                    "trials": 1
                }
            },
            {
                "query": {
                    "x1": -0.706489629886911,
                    "x2": -0.04531980696643356
                },
                "metrics": {
                    "outcome": -0.4280016461954607
                },
                "metadata": {
                    "trials": 1
                }
            }
        ],
        [
            {
                "query": {
                    "x1": -0.6994364560859865,
                    "x2": -0.0018115669598983697
                },
                "metrics": {
                    "outcome": -0.4288298885896396
                },
                "metadata": {
                    "trials": 1
                }
            },
            {
                "query": {
                    "x1": -0.6911379712736359,
                    "x2": 0.04794819222577873
                },
                "metrics": {
                    "outcome": -0.42767721836298955
                },
                "metadata": {
                    "trials": 1
                }
            },
            {
                "query": {
                    "x1": -0.7074781375334018,
                    "x2": -0.05152573642020153
                },
                "metrics": {
                    "outcome": -0.4277446953568881
                },
                "metadata": {
                    "trials": 1
                }
            }
        ],
        [
            {
                "query": {
                    "x1": -0.6994564037958737,
                    "x2": -0.0018327529832578016
                },
                "metrics": {
                    "outcome": -0.42883011902757034
                },
                "metadata": {
                    "trials": 1
                }
            },
            {
                "query": {
                    "x1": -0.6923096841466299,
                    "x2": 0.04106929722066477
                },
                "metrics": {
                    "outcome": -0.4279703810427332
                },
                "metadata": {
                    "trials": 1
                }
            },
            {
                "query": {
                    "x1": -0.7064062347741267,
                    "x2": -0.04470548457249923
                },
                "metrics": {
                    "outcome": -0.4280252231746416
                },
                "metadata": {
                    "trials": 1
                }
            }
        ],
        [
            {
                "query": {
                    "x1": -0.6994795538779595,
                    "x2": -0.0018464198814180932
                },
                "metrics": {
                    "outcome": -0.428830402456584
                },
                "metadata": {
                    "trials": 1
                }
            },
            {
                "query": {
                    "x1": -0.6915644584536991,
                    "x2": 0.04570410108839207
                },
                "metrics": {
                    "outcome": -0.427778739067781
                },
                "metadata": {
                    "trials": 1
                }
            },
            {
                "query": {
                    "x1": -0.7071488363407978,
                    "x2": -0.0493588065866315
                },
                "metrics": {
                    "outcome": -0.42783833119781584
                },
                "metadata": {
                    "trials": 1
                }
            }
        ],
        [
            {
                "query": {
                    "x1": -0.6995001007191055,
                    "x2": -0.0018689490280516807
                },
                "metrics": {
                    "outcome": -0.4288306364787137
                },
                "metadata": {
                    "trials": 1
                }
            },
            {
                "query": {
                    "x1": -0.6921157904996602,
                    "x2": 0.04253243894980541
                },
                "metrics": {
                    "outcome": -0.42791303817766
                },
                "metadata": {
                    "trials": 1
                }
            },
            {
                "query": {
                    "x1": -0.7066635807173327,
                    "x2": -0.046238829666027215
                },
                "metrics": {
                    "outcome": -0.4279657916764118
                },
                "metadata": {
                    "trials": 1
                }
            }
        ],
        [
            {
                "query": {
                    "x1": -0.6995204198698901,
                    "x2": -0.0018843330117730428
                },
                "metrics": {
                    "outcome": -0.42883087792393937
                },
                "metadata": {
                    "trials": 1
                }
            },
            {
                "query": {
                    "x1": -0.6921927918914406,
                    "x2": 0.04222021926052166
                },
                "metrics": {
                    "outcome": -0.4279263536026079
                },
                "metadata": {
                    "trials": 1
                }
            },
            {
                "query": {
                    "x1": -0.7066273410232569,
                    "x2": -0.04595814239447682
                },
                "metrics": {
                    "outcome": -0.42797683831033395
                },
                "metadata": {
                    "trials": 1
                }
            }
        ],
        [
            {
                "query": {
                    "x1": -0.6995407820745216,
                    "x2": -0.001897419434249814
                },
                "metrics": {
                    "outcome": -0.4288311227533668
                },
                "metadata": {
                    "trials": 1
                }
            },
            {
                "query": {
                    "x1": -0.6926091199553692,
                    "x2": 0.03983327909086354
                },
                "metrics": {
                    "outcome": -0.42802076742356354
                },
                "metadata": {
                    "trials": 1
                }
            },
            {
                "query": {
                    "x1": -0.7062644084600926,
                    "x2": -0.04360319750018715
                },
                "metrics": {
                    "outcome": -0.42806670238044386
                },
                "metadata": {
                    "trials": 1
                }
            }
        ],
        [
            {
                "query": {
                    "x1": -0.699561901580718,
                    "x2": -0.0019074646794854377
                },
                "metrics": {
                    "outcome": -0.4288313815506183
                },
                "metadata": {
                    "trials": 1
                }
            },
            {
                "query": {
                    "x1": -0.6923355792435939,
                    "x2": 0.041631334092174566
                },
                "metrics": {
                    "outcome": -0.4279511514364227
                },
                "metadata": {
                    "trials": 1
                }
            },
            {
                "query": {
                    "x1": -0.7065590644338346,
                    "x2": -0.04541911940722043
                },
                "metrics": {
                    "outcome": -0.4279978585374686
                },
                "metadata": {
                    "trials": 1
                }
            }
        ],
        [
            {
                "query": {
                    "x1": -0.6995813263085748,
                    "x2": -0.0019208360995790486
                },
                "metrics": {
                    "outcome": -0.42883161202078096
                },
                "metadata": {
                    "trials": 1
                }
            },
            {
                "query": {
                    "x1": -0.6924037246088597,
                    "x2": 0.04135079675203768
                },
                "metrics": {
                    "outcome": -0.42796285152678115
                },
                "metadata": {
                    "trials": 1
                }
            },
            {
                "query": {
                    "x1": -0.7065260561925057,
                    "x2": -0.04516594868455437
                },
                "metrics": {
                    "outcome": -0.42800764223592247
                },
                "metadata": {
                    "trials": 1
                }
            }
        ],
        [
            {
                "query": {
                    "x1": -0.699599300136257,
                    "x2": -0.001928994889508484
                },
                "metrics": {
                    "outcome": -0.42883183153626075
                },
                "metadata": {
                    "trials": 1
                }
            },
            {
                "query": {
                    "x1": -0.6924717445047723,
                    "x2": 0.041083660856588544
                },
                "metrics": {
                    "outcome": -0.4279740020842317
                },
                "metadata": {
                    "trials": 1
                }
            },
            {
                "query": {
                    "x1": -0.7064955498243795,
                    "x2": -0.044916748394443706
                },
                "metrics": {
                    "outcome": -0.4280172193903045
                },
                "metadata": {
                    "trials": 1
                }
            }
        ],
        [
            {
                "query": {
                    "x1": -0.6996191417225368,
                    "x2": -0.0019431445196578245
                },
                "metrics": {
                    "outcome": -0.4288320645863331
                },
                "metadata": {
                    "trials": 1
                }
            },
            {
                "query": {
                    "x1": -0.6925373677446793,
                    "x2": 0.0408196460677166
                },
                "metrics": {
                    "outcome": -0.42798491430941255
                },
                "metadata": {
                    "trials": 1
                }
            },
            {
                "query": {
                    "x1": -0.7064656894809422,
                    "x2": -0.04468144067435187
                },
                "metrics": {
                    "outcome": -0.4280262114086884
                },
                "metadata": {
                    "trials": 1
                }
            }
        ]
    ],
    "best_results": [
        {
            "query": {
                "x1": -0.6996191417225368,
                "x2": -0.0019431445196578245
            },
            "metrics": [
                {
                    "name": "outcome",
                    "value": -0.4288320645863331
                }
            ]
        }
    ]
}