{
    "date": "06/11/2022 10:46:57",
    "basic_params": {
        "active_variables": [
            "x1",
            "x2"
        ],
        "default_query": {},
        "metric": "basic",
        "n_trials": 1
    },
    "objective_function": {
        "name": "Gramacy2D",
        "params": {}
    },
    "optimizer": {
        "name": "GO-BBO-LP",
        "params": {
            "maximize": false,
            "domain": [
                {
                    "name": "x1",
                    "type": "continuous",
                    "domain": [
                        -2.0,
                        6.0
                    ]
                },
                {
                    "name": "x2",
                    "type": "continuous",
                    "domain": [
                        -2.0,
                        6.0
                    ]
                }
            ],
            "initial_design_numdata": 15,
            "num_iters": 45,
            "batch_size": 3,
            "model_update_interval": 5
        }
    },
    "best_results": [
        {
            "query": {
                "x1": -0.7071236474579183,
                "x2": -3.55377940265275e-05
            },
            "metrics": [
                {
                    "name": "outcome",
                    "value": -0.42888194169469634
                }
            ]
        }
    ],
    "iterations": [
        [
            {
                "query": {
                    "x1": 5.733333333333333,
                    "x2": 3.5999999999999996
                },
                "metrics": {
                    "outcome": 7.148394913776482e-20
                },
                "metadata": {
                    "trials": 1
                }
            }
        ],
        [
            {
                "query": {
                    "x1": 0.3999999999999999,
                    "x2": 4.666666666666667
                },
                "metrics": {
                    "outcome": 1.1874194467244715e-10
                },
                "metadata": {
                    "trials": 1
                }
            }
        ],
        [
            {
                "query": {
                    "x1": 4.133333333333333,
                    "x2": 2.533333333333333
                },
                "metrics": {
                    "outcome": 2.5669357995478677e-10
                },
                "metadata": {
                    "trials": 1
                }
            }
        ],
        [
            {
                "query": {
                    "x1": 2.0,
                    "x2": 5.733333333333333
                },
                "metrics": {
                    "outcome": 1.9413770820200493e-16
                },
                "metadata": {
                    "trials": 1
                }
            }
        ],
        [
            {
                "query": {
                    "x1": -1.2,
                    "x2": -0.1333333333333333
                },
                "metrics": {
                    "outcome": -0.27930351502579653
                },
                "metadata": {
                    "trials": 1
                }
            }
        ],
        [
            {
                "query": {
                    "x1": 5.2,
                    "x2": -1.2
                },
                "metrics": {
                    "outcome": 2.2248282942481364e-12
                },
                "metadata": {
                    "trials": 1
                }
            }
        ],
        [
            {
                "query": {
                    "x1": 3.0666666666666664,
                    "x2": 0.3999999999999999
                },
                "metrics": {
                    "outcome": 0.0002152192570907826
                },
                "metadata": {
                    "trials": 1
                }
            }
        ],
        [
            {
                "query": {
                    "x1": -0.1333333333333333,
                    "x2": 3.0666666666666664
                },
                "metrics": {
                    "outcome": -1.0787470429240268e-05
                },
                "metadata": {
                    "trials": 1
                }
            }
        ],
        [
            {
                "query": {
                    "x1": -0.6666666666666665,
                    "x2": -0.6666666666666665
                },
                "metrics": {
                    "outcome": -0.274074860338125
                },
                "metadata": {
                    "trials": 1
                }
            }
        ],
        [
            {
                "query": {
                    "x1": -1.7333333333333334,
                    "x2": 4.133333333333333
                },
                "metrics": {
                    "outcome": -3.268801111050853e-09
                },
                "metadata": {
                    "trials": 1
                }
            }
        ],
        [
            {
                "query": {
                    "x1": 0.9333333333333336,
                    "x2": 1.4666666666666668
                },
                "metrics": {
                    "outcome": 0.04544669884321043
                },
                "metadata": {
                    "trials": 1
                }
            }
        ],
        [
            {
                "query": {
                    "x1": 4.666666666666667,
                    "x2": -1.7333333333333334
                },
                "metrics": {
                    "outcome": 8.057947259678381e-11
                },
                "metadata": {
                    "trials": 1
                }
            }
        ],
        [
            {
                "query": {
                    "x1": 1.4666666666666668,
                    "x2": 2.0
                },
                "metrics": {
                    "outcome": 0.003125631741780669
                },
                "metadata": {
                    "trials": 1
                }
            }
        ],
        [
            {
                "query": {
                    "x1": 2.533333333333333,
                    "x2": 0.9333333333333336
                },
                "metrics": {
                    "outcome": 0.001730486094837979
                },
                "metadata": {
                    "trials": 1
                }
            }
        ],
        [
            {
                "query": {
                    "x1": 3.5999999999999996,
                    "x2": 5.2
                },
                "metrics": {
                    "outcome": 1.529407531904972e-17
                },
                "metadata": {
                    "trials": 1
                }
            }
        ],
        [
            {
                "query": {
                    "x1": -2.0,
                    "x2": -0.6901327428431646
                },
                "metrics": {
                    "outcome": -0.022751231067677416
                },
                "metadata": {
                    "trials": 1
                }
            },
            {
                "query": {
                    "x1": 0.4166889037104804,
                    "x2": -0.8819315826350822
                },
                "metrics": {
                    "outcome": 0.16091993613135877
                },
                "metadata": {
                    "trials": 1
                }
            },
            {
                "query": {
                    "x1": 3.1292665976807674,
                    "x2": -0.9696573268667255
                },
                "metrics": {
                    "outcome": 6.829007562033565e-05
                },
                "metadata": {
                    "trials": 1
                }
            }
        ],
        [
            {
                "query": {
                    "x1": -2.0,
                    "x2": -0.6901326742388947
                },
                "metrics": {
                    "outcome": -0.022751233222039393
                },
                "metadata": {
                    "trials": 1
                }
            },
            {
                "query": {
                    "x1": 0.33511232824257675,
                    "x2": -0.6733802086996246
                },
                "metrics": {
                    "outcome": 0.19032337626971524
                },
                "metadata": {
                    "trials": 1
                }
            },
            {
                "query": {
                    "x1": 2.7660373829650116,
                    "x2": -1.1263648773105386
                },
                "metrics": {
                    "outcome": 0.0003699121945648851
                },
                "metadata": {
                    "trials": 1
                }
            }
        ],
        [
            {
                "query": {
                    "x1": -2.0,
                    "x2": -0.6901322397104571
                },
                "metrics": {
                    "outcome": -0.022751246867422237
                },
                "metadata": {
                    "trials": 1
                }
            },
            {
                "query": {
                    "x1": 0.3464347247659898,
                    "x2": -0.809545176918208
                },
                "metrics": {
                    "outcome": 0.15954308392068384
                },
                "metadata": {
                    "trials": 1
                }
            },
            {
                "query": {
                    "x1": 2.8292538503524503,
                    "x2": -1.380923623262162
                },
                "metrics": {
                    "outcome": 0.00014031588112049795
                },
                "metadata": {
                    "trials": 1
                }
            }
        ],
        [
            {
                "query": {
                    "x1": -2.0,
                    "x2": -0.6901329357399643
                },
                "metrics": {
                    "outcome": -0.022751225010189526
                },
                "metadata": {
                    "trials": 1
                }
            },
            {
                "query": {
                    "x1": 0.36022921648127326,
                    "x2": -0.9054453875712696
                },
                "metrics": {
                    "outcome": 0.1393716495750406
                },
                "metadata": {
                    "trials": 1
                }
            },
            {
                "query": {
                    "x1": 2.921220364565283,
                    "x2": -1.0589628792745645
                },
                "metrics": {
                    "outcome": 0.0001872755800175521
                },
                "metadata": {
                    "trials": 1
                }
            }
        ],
        [
            {
                "query": {
                    "x1": -2.0,
                    "x2": -0.6901308260841257
                },
                "metrics": {
                    "outcome": -0.02275129125915728
                },
                "metadata": {
                    "trials": 1
                }
            },
            {
                "query": {
                    "x1": 0.5076881517733094,
                    "x2": -1.0055123886153963
                },
                "metrics": {
                    "outcome": 0.14274573369054408
                },
                "metadata": {
                    "trials": 1
                }
            },
            {
                "query": {
                    "x1": -2.0,
                    "x2": 6.0
                },
                "metrics": {
                    "outcome": -8.496708510583178e-18
                },
                "metadata": {
                    "trials": 1
                }
            }
        ],
        [
            {
                "query": {
                    "x1": -0.975837982311349,
                    "x2": -0.5478348103218331
                },
                "metrics": {
                    "outcome": -0.2789168820902506
                },
                "metadata": {
                    "trials": 1
                }
            },
            {
                "query": {
                    "x1": -0.8612082612087835,
                    "x2": 0.14312918594871754
                },
                "metrics": {
                    "outcome": -0.401886907764539
                },
                "metadata": {
                    "trials": 1
                }
            },
            {
                "query": {
                    "x1": -0.8432513305068907,
                    "x2": -1.2011307792215522
                },
                "metrics": {
                    "outcome": -0.09785405134153467
                },
                "metadata": {
                    "trials": 1
                }
            }
        ],
        [
            {
                "query": {
                    "x1": -0.9758363136162324,
                    "x2": -0.5478341413892234
                },
                "metrics": {
                    "outcome": -0.27891751792778613
                },
                "metadata": {
                    "trials": 1
                }
            },
            {
                "query": {
                    "x1": -0.916452363914987,
                    "x2": 0.12962068493254397
                },
                "metrics": {
                    "outcome": -0.38909504000360645
                },
                "metadata": {
                    "trials": 1
                }
            },
            {
                "query": {
                    "x1": -0.99227693729385,
                    "x2": -1.0771366435353107
                },
                "metrics": {
                    "outcome": -0.11618286471891623
                },
                "metadata": {
                    "trials": 1
                }
            }
        ],
        [
            {
                "query": {
                    "x1": -0.9758359475979815,
                    "x2": -0.5478335374420085
                },
                "metrics": {
                    "outcome": -0.27891779712197234
                },
                "metadata": {
                    "trials": 1
                }
            },
            {
                "query": {
                    "x1": -1.024684586284475,
                    "x2": 0.1963246579776774
                },
                "metrics": {
                    "outcome": -0.3450254735973611
                },
                "metadata": {
                    "trials": 1
                }
            },
            {
                "query": {
                    "x1": -0.924426316438451,
                    "x2": -1.1142079060944035
                },
                "metrics": {
                    "outcome": -0.11365301447429185
                },
                "metadata": {
                    "trials": 1
                }
            }
        ],
        [
            {
                "query": {
                    "x1": -0.9758364025020989,
                    "x2": -0.5478360019140501
                },
                "metrics": {
                    "outcome": -0.27891692636924653
                },
                "metadata": {
                    "trials": 1
                }
            },
            {
                "query": {
                    "x1": -0.8654087821721428,
                    "x2": 0.13946157747684643
                },
                "metrics": {
                    "outcome": -0.40134446920076217
                },
                "metadata": {
                    "trials": 1
                }
            },
            {
                "query": {
                    "x1": -0.8701197470951065,
                    "x2": -1.3360116811207714
                },
                "metrics": {
                    "outcome": -0.06848366544262266
                },
                "metadata": {
                    "trials": 1
                }
            }
        ],
        [
            {
                "query": {
                    "x1": -0.975834406308232,
                    "x2": -0.5478386611394722
                },
                "metrics": {
                    "outcome": -0.278916629780803
                },
                "metadata": {
                    "trials": 1
                }
            },
            {
                "query": {
                    "x1": -0.9002361152861666,
                    "x2": 0.17797463952527534
                },
                "metrics": {
                    "outcome": -0.38782610014643343
                },
                "metadata": {
                    "trials": 1
                }
            },
            {
                "query": {
                    "x1": -0.978936117934019,
                    "x2": -1.194422163009909
                },
                "metrics": {
                    "outcome": -0.09015281379683185
                },
                "metadata": {
                    "trials": 1
                }
            }
        ],
        [
            {
                "query": {
                    "x1": -0.7297754976241959,
                    "x2": -0.017910391231723027
                },
                "metrics": {
                    "outcome": -0.4283085685158572
                },
                "metadata": {
                    "trials": 1
                }
            },
            {
                "query": {
                    "x1": -0.7496558757007978,
                    "x2": 0.32371188993584266
                },
                "metrics": {
                    "outcome": -0.38484511289659307
                },
                "metadata": {
                    "trials": 1
                }
            },
            {
                "query": {
                    "x1": -0.5711444735108842,
                    "x2": -0.2490280376368066
                },
                "metrics": {
                    "outcome": -0.3873858492864357
                },
                "metadata": {
                    "trials": 1
                }
            }
        ],
        [
            {
                "query": {
                    "x1": -0.7297759787883877,
                    "x2": -0.017911109552068868
                },
                "metrics": {
                    "outcome": -0.42830853909806765
                },
                "metadata": {
                    "trials": 1
                }
            },
            {
                "query": {
                    "x1": -0.6499161967697206,
                    "x2": 0.26331505039243275
                },
                "metrics": {
                    "outcome": -0.3974692401955777
                },
                "metadata": {
                    "trials": 1
                }
            },
            {
                "query": {
                    "x1": -0.7414138469704454,
                    "x2": -0.3416138254045604
                },
                "metrics": {
                    "outcome": -0.38075817759555264
                },
                "metadata": {
                    "trials": 1
                }
            }
        ],
        [
            {
                "query": {
                    "x1": -0.7297754470652328,
                    "x2": -0.01791092621754257
                },
                "metrics": {
                    "outcome": -0.42830856224084685
                },
                "metadata": {
                    "trials": 1
                }
            },
            {
                "query": {
                    "x1": -0.6782883326306286,
                    "x2": 0.2962472393289096
                },
                "metrics": {
                    "outcome": -0.3921855140274053
                },
                "metadata": {
                    "trials": 1
                }
            },
            {
                "query": {
                    "x1": -0.9240504507572656,
                    "x2": -0.08165003530389647
                },
                "metrics": {
                    "outcome": -0.39081359482384237
                },
                "metadata": {
                    "trials": 1
                }
            }
        ],
        [
            {
                "query": {
                    "x1": -0.7297754963010228,
                    "x2": -0.01791102626422015
                },
                "metrics": {
                    "outcome": -0.42830855882338464
                },
                "metadata": {
                    "trials": 1
                }
            },
            {
                "query": {
                    "x1": -0.7975666233156575,
                    "x2": -0.2959358030991872
                },
                "metrics": {
                    "outcome": -0.3867872704726242
                },
                "metadata": {
                    "trials": 1
                }
            },
            {
                "query": {
                    "x1": -0.6821979219266601,
                    "x2": 0.2712135185341502
                },
                "metrics": {
                    "outcome": -0.39796698378449485
                },
                "metadata": {
                    "trials": 1
                }
            }
        ],
        [
            {
                "query": {
                    "x1": -0.7297754042234913,
                    "x2": -0.017910837585038263
                },
                "metrics": {
                    "outcome": -0.42830856523870525
                },
                "metadata": {
                    "trials": 1
                }
            },
            {
                "query": {
                    "x1": -0.576810454903395,
                    "x2": 0.24795137225155806
                },
                "metrics": {
                    "outcome": -0.3889005003033885
                },
                "metadata": {
                    "trials": 1
                }
            },
            {
                "query": {
                    "x1": -0.9660664561128209,
                    "x2": 0.03855192713919475
                },
                "metrics": {
                    "outcome": -0.37935103050471625
                },
                "metadata": {
                    "trials": 1
                }
            }
        ],
        [
            {
                "query": {
                    "x1": -0.6976158610510976,
                    "x2": 0.004626683211477347
                },
                "metrics": {
                    "outcome": -0.4287951560412403
                },
                "metadata": {
                    "trials": 1
                }
            },
            {
                "query": {
                    "x1": -0.7576429488221335,
                    "x2": 0.07485420541490662
                },
                "metrics": {
                    "outcome": -0.4243617353545405
                },
                "metadata": {
                    "trials": 1
                }
            },
            {
                "query": {
                    "x1": -0.6566081681157856,
                    "x2": 0.11731382189814246
                },
                "metrics": {
                    "outcome": -0.4208138716228414
                },
                "metadata": {
                    "trials": 1
                }
            }
        ],
        [
            {
                "query": {
                    "x1": -0.697615702460064,
                    "x2": 0.004626622902763643
                },
                "metrics": {
                    "outcome": -0.4287951536813016
                },
                "metadata": {
                    "trials": 1
                }
            },
            {
                "query": {
                    "x1": -0.6482455347108331,
                    "x2": 0.08378712370957064
                },
                "metrics": {
                    "outcome": -0.4228540063425572
                },
                "metadata": {
                    "trials": 1
                }
            },
            {
                "query": {
                    "x1": -0.8550568300056822,
                    "x2": 0.054870993755652187
                },
                "metrics": {
                    "outcome": -0.41036004220805733
                },
                "metadata": {
                    "trials": 1
                }
            }
        ],
        [
            {
                "query": {
                    "x1": -0.697615624606435,
                    "x2": 0.004626521569297482
                },
                "metrics": {
                    "outcome": -0.42879515280736363
                },
                "metadata": {
                    "trials": 1
                }
            },
            {
                "query": {
                    "x1": -0.637694921591896,
                    "x2": 0.0883332038569853
                },
                "metrics": {
                    "outcome": -0.4213241212719016
                },
                "metadata": {
                    "trials": 1
                }
            },
            {
                "query": {
                    "x1": -0.6796028591051932,
                    "x2": -0.1119594909961279
                },
                "metrics": {
                    "outcome": -0.4228906449733981
                },
                "metadata": {
                    "trials": 1
                }
            }
        ],
        [
            {
                "query": {
                    "x1": -0.6976162221391756,
                    "x2": 0.004626885009760796
                },
                "metrics": {
                    "outcome": -0.4287951611584228
                },
                "metadata": {
                    "trials": 1
                }
            },
            {
                "query": {
                    "x1": -0.700896757821771,
                    "x2": 0.09834303604681738
                },
                "metrics": {
                    "outcome": -0.42472121114193406
                },
                "metadata": {
                    "trials": 1
                }
            },
            {
                "query": {
                    "x1": -0.8992264805011496,
                    "x2": 0.022436300327837166
                },
                "metrics": {
                    "outcome": -0.400383675790049
                },
                "metadata": {
                    "trials": 1
                }
            }
        ],
        [
            {
                "query": {
                    "x1": -0.6976157447936838,
                    "x2": 0.004626594609250979
                },
                "metrics": {
                    "outcome": -0.42879515448739447
                },
                "metadata": {
                    "trials": 1
                }
            },
            {
                "query": {
                    "x1": -0.7600520878541861,
                    "x2": -0.060910087167523316
                },
                "metrics": {
                    "outcome": -0.4249611498429467
                },
                "metadata": {
                    "trials": 1
                }
            },
            {
                "query": {
                    "x1": -0.6568156811958115,
                    "x2": 0.10247236386676407
                },
                "metrics": {
                    "outcome": -0.4222071239098185
                },
                "metadata": {
                    "trials": 1
                }
            }
        ],
        [
            {
                "query": {
                    "x1": -0.7071890237561846,
                    "x2": 0.0003315783970593955
                },
                "metrics": {
                    "outcome": -0.4288818895257073
                },
                "metadata": {
                    "trials": 1
                }
            },
            {
                "query": {
                    "x1": -0.6997879014003173,
                    "x2": 0.03082264088122219
                },
                "metrics": {
                    "outcome": -0.4284286225400348
                },
                "metadata": {
                    "trials": 1
                }
            },
            {
                "query": {
                    "x1": -0.729634874157556,
                    "x2": -0.005219033312142685
                },
                "metrics": {
                    "outcome": -0.4284396760290207
                },
                "metadata": {
                    "trials": 1
                }
            }
        ],
        [
            {
                "query": {
                    "x1": -0.7071892760133744,
                    "x2": 0.00033147426995100014
                },
                "metrics": {
                    "outcome": -0.42888188951967476
                },
                "metadata": {
                    "trials": 1
                }
            },
            {
                "query": {
                    "x1": -0.7077419499857553,
                    "x2": 0.03142979966689493
                },
                "metrics": {
                    "outcome": -0.42845814261647946
                },
                "metadata": {
                    "trials": 1
                }
            },
            {
                "query": {
                    "x1": -0.6811255490169487,
                    "x2": -0.012771483965610866
                },
                "metrics": {
                    "outcome": -0.42822618457343564
                },
                "metadata": {
                    "trials": 1
                }
            }
        ],
        [
            {
                "query": {
                    "x1": -0.7071890958394282,
                    "x2": 0.00033183127347281063
                },
                "metrics": {
                    "outcome": -0.4288818894435838
                },
                "metadata": {
                    "trials": 1
                }
            },
            {
                "query": {
                    "x1": -0.6711541943337875,
                    "x2": -0.002281536350866442
                },
                "metrics": {
                    "outcome": -0.4277529248082997
                },
                "metadata": {
                    "trials": 1
                }
            },
            {
                "query": {
                    "x1": -0.7282986899247996,
                    "x2": -0.02186340105194153
                },
                "metrics": {
                    "outcome": -0.4282958788044182
                },
                "metadata": {
                    "trials": 1
                }
            }
        ],
        [
            {
                "query": {
                    "x1": -0.7071890175077111,
                    "x2": 0.0003314702659970939
                },
                "metrics": {
                    "outcome": -0.4288818895573379
                },
                "metadata": {
                    "trials": 1
                }
            },
            {
                "query": {
                    "x1": -0.7068351140177834,
                    "x2": 0.03192803109421478
                },
                "metrics": {
                    "outcome": -0.42844490010108793
                },
                "metadata": {
                    "trials": 1
                }
            },
            {
                "query": {
                    "x1": -0.705920102557888,
                    "x2": -0.03099507439604643
                },
                "metrics": {
                    "outcome": -0.42846890832719386
                },
                "metadata": {
                    "trials": 1
                }
            }
        ],
        [
            {
                "query": {
                    "x1": -0.7071889987994123,
                    "x2": 0.0003312833658490886
                },
                "metrics": {
                    "outcome": -0.4288818896131019
                },
                "metadata": {
                    "trials": 1
                }
            },
            {
                "query": {
                    "x1": -0.7056789602870723,
                    "x2": 0.03189333273873592
                },
                "metrics": {
                    "outcome": -0.42844416404528834
                },
                "metadata": {
                    "trials": 1
                }
            },
            {
                "query": {
                    "x1": -0.6763273085943566,
                    "x2": 0.0052739762407567016
                },
                "metrics": {
                    "outcome": -0.42804601436383566
                },
                "metadata": {
                    "trials": 1
                }
            }
        ],
        [
            {
                "query": {
                    "x1": -0.7071143909376887,
                    "x2": -7.804576519487104e-05
                },
                "metrics": {
                    "outcome": -0.4288819398183013
                },
                "metadata": {
                    "trials": 1
                }
            },
            {
                "query": {
                    "x1": -0.7073208320417748,
                    "x2": 0.0286515023311623
                },
                "metrics": {
                    "outcome": -0.42852997481713334
                },
                "metadata": {
                    "trials": 1
                }
            },
            {
                "query": {
                    "x1": -0.6821793400718009,
                    "x2": 0.05313660788174601
                },
                "metrics": {
                    "outcome": -0.42713513310714013
                },
                "metadata": {
                    "trials": 1
                }
            }
        ],
        [
            {
                "query": {
                    "x1": -0.7071145071517757,
                    "x2": -7.829032374886395e-05
                },
                "metrics": {
                    "outcome": -0.42888193980037503
                },
                "metadata": {
                    "trials": 1
                }
            },
            {
                "query": {
                    "x1": -0.7089428223679413,
                    "x2": 0.028100333804672698
                },
                "metrics": {
                    "outcome": -0.4285405318610136
                },
                "metadata": {
                    "trials": 1
                }
            },
            {
                "query": {
                    "x1": -0.6803515799942752,
                    "x2": 0.007955742967954677
                },
                "metrics": {
                    "outcome": -0.42823329451120673
                },
                "metadata": {
                    "trials": 1
                }
            }
        ],
        [
            {
                "query": {
                    "x1": -0.707114440951673,
                    "x2": -7.881330809394914e-05
                },
                "metrics": {
                    "outcome": -0.42888193976601063
                },
                "metadata": {
                    "trials": 1
                }
            },
            {
                "query": {
                    "x1": -0.7091361130589641,
                    "x2": 0.02845509438182616
                },
                "metrics": {
                    "outcome": -0.42853129439256415
                },
                "metadata": {
                    "trials": 1
                }
            },
            {
                "query": {
                    "x1": -0.7078613790483285,
                    "x2": -0.028863394376301477
                },
                "metrics": {
                    "outcome": -0.4285243037944415
                },
                "metadata": {
                    "trials": 1
                }
            }
        ],
        [
            {
                "query": {
                    "x1": -0.7071138036546604,
                    "x2": -7.652598731381495e-05
                },
                "metrics": {
                    "outcome": -0.428881939926423
                },
                "metadata": {
                    "trials": 1
                }
            },
            {
                "query": {
                    "x1": -0.7069917130849808,
                    "x2": 0.029129296417437566
                },
                "metrics": {
                    "outcome": -0.42851817232978456
                },
                "metadata": {
                    "trials": 1
                }
            },
            {
                "query": {
                    "x1": -0.6750508609010545,
                    "x2": -0.0003085042743205436
                },
                "metrics": {
                    "outcome": -0.4279876232565546
                },
                "metadata": {
                    "trials": 1
                }
            }
        ],
        [
            {
                "query": {
                    "x1": -0.7071133309049743,
                    "x2": -7.930093506408546e-05
                },
                "metrics": {
                    "outcome": -0.4288819397464731
                },
                "metadata": {
                    "trials": 1
                }
            },
            {
                "query": {
                    "x1": -0.7047785131377672,
                    "x2": 0.028828451925932454
                },
                "metrics": {
                    "outcome": -0.4285210044839176
                },
                "metadata": {
                    "trials": 1
                }
            },
            {
                "query": {
                    "x1": -0.7077422093483117,
                    "x2": -0.028858438348421753
                },
                "metrics": {
                    "outcome": -0.4285245682822633
                },
                "metadata": {
                    "trials": 1
                }
            }
        ],
        [
            {
                "query": {
                    "x1": -0.7071180240423531,
                    "x2": -7.760908531578057e-05
                },
                "metrics": {
                    "outcome": -0.42888193978870215
                },
                "metadata": {
                    "trials": 1
                }
            },
            {
                "query": {
                    "x1": -0.6951074378194301,
                    "x2": 0.024632422357540776
                },
                "metrics": {
                    "outcome": -0.4284976758339175
                },
                "metadata": {
                    "trials": 1
                }
            },
            {
                "query": {
                    "x1": -0.71679431284207,
                    "x2": -0.025369298392263324
                },
                "metrics": {
                    "outcome": -0.42852592558045177
                },
                "metadata": {
                    "trials": 1
                }
            }
        ],
        [
            {
                "query": {
                    "x1": -0.7071181003382636,
                    "x2": -7.771171738121617e-05
                },
                "metrics": {
                    "outcome": -0.4288819397803889
                },
                "metadata": {
                    "trials": 1
                }
            },
            {
                "query": {
                    "x1": -0.7069947633060002,
                    "x2": -0.027871246184580607
                },
                "metrics": {
                    "outcome": -0.4285489028688586
                },
                "metadata": {
                    "trials": 1
                }
            },
            {
                "query": {
                    "x1": -0.7018923141156727,
                    "x2": 0.02675281369390807
                },
                "metrics": {
                    "outcome": -0.42855173244401173
                },
                "metadata": {
                    "trials": 1
                }
            }
        ],
        [
            {
                "query": {
                    "x1": -0.7071185739610139,
                    "x2": -7.719318700561944e-05
                },
                "metrics": {
                    "outcome": -0.4288819398054486
                },
                "metadata": {
                    "trials": 1
                }
            },
            {
                "query": {
                    "x1": -0.6901377561910381,
                    "x2": 0.026009620247444
                },
                "metrics": {
                    "outcome": -0.42834313919114503
                },
                "metadata": {
                    "trials": 1
                }
            },
            {
                "query": {
                    "x1": -0.6913291194746076,
                    "x2": 0.05486005633793304
                },
                "metrics": {
                    "outcome": -0.4273786667500758
                },
                "metadata": {
                    "trials": 1
                }
            }
        ],
        [
            {
                "query": {
                    "x1": -0.7071179633372318,
                    "x2": -7.776776945614881e-05
                },
                "metrics": {
                    "outcome": -0.42888193977929545
                },
                "metadata": {
                    "trials": 1
                }
            },
            {
                "query": {
                    "x1": -0.7072156093715243,
                    "x2": 0.027577785324601516
                },
                "metrics": {
                    "outcome": -0.4285558769298358
                },
                "metadata": {
                    "trials": 1
                }
            },
            {
                "query": {
                    "x1": -0.7054722625435298,
                    "x2": -0.027829109855716065
                },
                "metrics": {
                    "outcome": -0.42854762780029015
                },
                "metadata": {
                    "trials": 1
                }
            }
        ],
        [
            {
                "query": {
                    "x1": -0.7071180421887459,
                    "x2": -7.727188177816547e-05
                },
                "metrics": {
                    "outcome": -0.42888193981075085
                },
                "metadata": {
                    "trials": 1
                }
            },
            {
                "query": {
                    "x1": -0.7066983994034862,
                    "x2": 0.027738817350387468
                },
                "metrics": {
                    "outcome": -0.4285519266595671
                },
                "metadata": {
                    "trials": 1
                }
            },
            {
                "query": {
                    "x1": -0.7218242694583547,
                    "x2": -0.022244475227189284
                },
                "metrics": {
                    "outcome": -0.428485381745016
                },
                "metadata": {
                    "trials": 1
                }
            }
        ],
        [
            {
                "query": {
                    "x1": -0.7071236474579183,
                    "x2": -3.55377940265275e-05
                },
                "metrics": {
                    "outcome": -0.42888194169469634
                },
                "metadata": {
                    "trials": 1
                }
            },
            {
                "query": {
                    "x1": -0.7096631732314707,
                    "x2": 0.026675209514864462
                },
                "metrics": {
                    "outcome": -0.4285712780281705
                },
                "metadata": {
                    "trials": 1
                }
            },
            {
                "query": {
                    "x1": -0.6936814805481472,
                    "x2": 0.055172328594653895
                },
                "metrics": {
                    "outcome": -0.4274233230945835
                },
                "metadata": {
                    "trials": 1
                }
            }
        ],
        [
            {
                "query": {
                    "x1": -0.70712348914343,
                    "x2": -3.5720757991903785e-05
                },
                "metrics": {
                    "outcome": -0.42888194169366395
                },
                "metadata": {
                    "trials": 1
                }
            },
            {
                "query": {
                    "x1": -0.707212477258205,
                    "x2": -0.027290677928008877
                },
                "metrics": {
                    "outcome": -0.4285626286603123
                },
                "metadata": {
                    "trials": 1
                }
            },
            {
                "query": {
                    "x1": -0.7053952622917593,
                    "x2": 0.026946485412006033
                },
                "metrics": {
                    "outcome": -0.4285681258849695
                },
                "metadata": {
                    "trials": 1
                }
            }
        ],
        [
            {
                "query": {
                    "x1": -0.7071235359174359,
                    "x2": -3.609519794221502e-05
                },
                "metrics": {
                    "outcome": -0.4288819416807884
                },
                "metadata": {
                    "trials": 1
                }
            },
            {
                "query": {
                    "x1": -0.7035885035811612,
                    "x2": 0.02670747120834758
                },
                "metrics": {
                    "outcome": -0.4285655071784346
                },
                "metadata": {
                    "trials": 1
                }
            },
            {
                "query": {
                    "x1": -0.7296089110881634,
                    "x2": -0.013781712663970672
                },
                "metrics": {
                    "outcome": -0.42837096190356705
                },
                "metadata": {
                    "trials": 1
                }
            }
        ],
        [
            {
                "query": {
                    "x1": -0.7071233172888578,
                    "x2": -3.607798774818248e-05
                },
                "metrics": {
                    "outcome": -0.4288819416875641
                },
                "metadata": {
                    "trials": 1
                }
            },
            {
                "query": {
                    "x1": -0.6961871489306543,
                    "x2": 0.024629089402720773
                },
                "metrics": {
                    "outcome": -0.42851912862937475
                },
                "metadata": {
                    "trials": 1
                }
            },
            {
                "query": {
                    "x1": -0.6819434478634462,
                    "x2": 0.053680427071340624
                },
                "metrics": {
                    "outcome": -0.4271000432234265
                },
                "metadata": {
                    "trials": 1
                }
            }
        ],
        [
            {
                "query": {
                    "x1": -0.7071233640722633,
                    "x2": -3.589431459940373e-05
                },
                "metrics": {
                    "outcome": -0.42888194169190463
                },
                "metadata": {
                    "trials": 1
                }
            },
            {
                "query": {
                    "x1": -0.704454892787723,
                    "x2": 0.02796768725728176
                },
                "metrics": {
                    "outcome": -0.4285405707909937
                },
                "metadata": {
                    "trials": 1
                }
            },
            {
                "query": {
                    "x1": -0.6818217717057653,
                    "x2": 0.00547831166786179
                },
                "metrics": {
                    "outcome": -0.4283143341510687
                },
                "metadata": {
                    "trials": 1
                }
            }
        ],
        [
            {
                "query": {
                    "x1": -0.7071179182142989,
                    "x2": -4.302379066943769e-05
                },
                "metrics": {
                    "outcome": -0.4288819415800822
                },
                "metadata": {
                    "trials": 1
                }
            },
            {
                "query": {
                    "x1": -0.7082004466688161,
                    "x2": 0.026855433523274574
                },
                "metrics": {
                    "outcome": -0.4285717134948215
                },
                "metadata": {
                    "trials": 1
                }
            },
            {
                "query": {
                    "x1": -0.6892453929974425,
                    "x2": -0.019307881285979798
                },
                "metrics": {
                    "outcome": -0.4284462787727605
                },
                "metadata": {
                    "trials": 1
                }
            }
        ],
        [
            {
                "query": {
                    "x1": -0.707117776564813,
                    "x2": -4.329415637365173e-05
                },
                "metrics": {
                    "outcome": -0.4288819415727622
                },
                "metadata": {
                    "trials": 1
                }
            },
            {
                "query": {
                    "x1": -0.7088295994503815,
                    "x2": -0.026779284320942186
                },
                "metrics": {
                    "outcome": -0.42857194656254666
                },
                "metadata": {
                    "trials": 1
                }
            },
            {
                "query": {
                    "x1": -0.7077588990980793,
                    "x2": 0.027144745307694194
                },
                "metrics": {
                    "outcome": -0.42856567831935427
                },
                "metadata": {
                    "trials": 1
                }
            }
        ],
        [
            {
                "query": {
                    "x1": -0.7071179516065241,
                    "x2": -4.3287711247643505e-05
                },
                "metrics": {
                    "outcome": -0.4288819415696735
                },
                "metadata": {
                    "trials": 1
                }
            },
            {
                "query": {
                    "x1": -0.7089336213647867,
                    "x2": -0.02689568326152342
                },
                "metrics": {
                    "outcome": -0.4285689528826017
                },
                "metadata": {
                    "trials": 1
                }
            },
            {
                "query": {
                    "x1": -0.7062446887631172,
                    "x2": 0.02672667847068823
                },
                "metrics": {
                    "outcome": -0.4285750576241545
                },
                "metadata": {
                    "trials": 1
                }
            }
        ],
        [
            {
                "query": {
                    "x1": -0.707117611102651,
                    "x2": -4.3125218039483256e-05
                },
                "metrics": {
                    "outcome": -0.4288819415821213
                },
                "metadata": {
                    "trials": 1
                }
            },
            {
                "query": {
                    "x1": -0.7059185304423568,
                    "x2": 0.026908794986357325
                },
                "metrics": {
                    "outcome": -0.4285702977427066
                },
                "metadata": {
                    "trials": 1
                }
            },
            {
                "query": {
                    "x1": -0.7028453607283691,
                    "x2": 0.05354143503871467
                },
                "metrics": {
                    "outcome": -0.42763867029418723
                },
                "metadata": {
                    "trials": 1
                }
            }
        ],
        [
            {
                "query": {
                    "x1": -0.7071176780726849,
                    "x2": -4.312626256628081e-05
                },
                "metrics": {
                    "outcome": -0.42888194158083465
                },
                "metadata": {
                    "trials": 1
                }
            },
            {
                "query": {
                    "x1": -0.7088694198375405,
                    "x2": 0.026305508837909053
                },
                "metrics": {
                    "outcome": -0.4285826065781205
                },
                "metadata": {
                    "trials": 1
                }
            },
            {
                "query": {
                    "x1": -0.6819052882311166,
                    "x2": 0.003581665375282027
                },
                "metrics": {
                    "outcome": -0.42832537306042845
                },
                "metadata": {
                    "trials": 1
                }
            }
        ]
    ]
}