{
    "date": "06/11/2022 11:38:29",
    "basic_params": {
        "active_variables": [
            "x1",
            "x2"
        ],
        "default_query": {},
        "metric": "basic",
        "n_trials": 1
    },
    "objective_function": {
        "name": "Gramacy2D",
        "params": {}
    },
    "optimizer": {
        "name": "GO-BBO-LP",
        "params": {
            "maximize": false,
            "domain": [
                {
                    "name": "x1",
                    "type": "continuous",
                    "domain": [
                        -2.0,
                        6.0
                    ]
                },
                {
                    "name": "x2",
                    "type": "continuous",
                    "domain": [
                        -2.0,
                        6.0
                    ]
                }
            ],
            "initial_design_numdata": 15,
            "num_iters": 45,
            "batch_size": 3,
            "model_update_interval": 5
        }
    },
    "best_results": [
        {
            "query": {
                "x1": -0.7016361951707268,
                "x2": 0.0022663427744011597
            },
            "metrics": [
                {
                    "name": "outcome",
                    "value": -0.42885400336585483
                }
            ]
        }
    ],
    "iterations": [
        [
            {
                "query": {
                    "x1": 3.0666666666666664,
                    "x2": 4.666666666666667
                },
                "metrics": {
                    "outcome": 8.798315432912112e-14
                },
                "metadata": {
                    "trials": 1
                }
            }
        ],
        [
            {
                "query": {
                    "x1": 5.733333333333333,
                    "x2": 5.2
                },
                "metrics": {
                    "outcome": 5.487091874046593e-26
                },
                "metadata": {
                    "trials": 1
                }
            }
        ],
        [
            {
                "query": {
                    "x1": 3.5999999999999996,
                    "x2": -0.6666666666666665
                },
                "metrics": {
                    "outcome": 5.430330289990613e-06
                },
                "metadata": {
                    "trials": 1
                }
            }
        ],
        [
            {
                "query": {
                    "x1": -1.2,
                    "x2": 2.0
                },
                "metrics": {
                    "outcome": -0.005207379924886678
                },
                "metadata": {
                    "trials": 1
                }
            }
        ],
        [
            {
                "query": {
                    "x1": 0.9333333333333336,
                    "x2": 0.9333333333333336
                },
                "metrics": {
                    "outcome": 0.16345540245547416
                },
                "metadata": {
                    "trials": 1
                }
            }
        ],
        [
            {
                "query": {
                    "x1": 0.3999999999999999,
                    "x2": 4.133333333333333
                },
                "metrics": {
                    "outcome": 1.2968594936136108e-08
                },
                "metadata": {
                    "trials": 1
                }
            }
        ],
        [
            {
                "query": {
                    "x1": 2.0,
                    "x2": -0.1333333333333333
                },
                "metrics": {
                    "outcome": 0.03598580955661745
                },
                "metadata": {
                    "trials": 1
                }
            }
        ],
        [
            {
                "query": {
                    "x1": -0.1333333333333333,
                    "x2": 3.0666666666666664
                },
                "metrics": {
                    "outcome": -1.0787470429240268e-05
                },
                "metadata": {
                    "trials": 1
                }
            }
        ],
        [
            {
                "query": {
                    "x1": 2.533333333333333,
                    "x2": 0.3999999999999999
                },
                "metrics": {
                    "outcome": 0.0035237066453940157
                },
                "metadata": {
                    "trials": 1
                }
            }
        ],
        [
            {
                "query": {
                    "x1": -1.7333333333333334,
                    "x2": 2.533333333333333
                },
                "metrics": {
                    "outcome": -0.00014023711558012325
                },
                "metadata": {
                    "trials": 1
                }
            }
        ],
        [
            {
                "query": {
                    "x1": 4.133333333333333,
                    "x2": 3.5999999999999996
                },
                "metrics": {
                    "outcome": 3.699678590413005e-13
                },
                "metadata": {
                    "trials": 1
                }
            }
        ],
        [
            {
                "query": {
                    "x1": 4.666666666666667,
                    "x2": 1.4666666666666668
                },
                "metrics": {
                    "outcome": 1.89156982961998e-10
                },
                "metadata": {
                    "trials": 1
                }
            }
        ],
        [
            {
                "query": {
                    "x1": 1.4666666666666668,
                    "x2": -1.7333333333333334
                },
                "metrics": {
                    "outcome": 0.00845867020998899
                },
                "metadata": {
                    "trials": 1
                }
            }
        ],
        [
            {
                "query": {
                    "x1": 5.2,
                    "x2": -1.2
                },
                "metrics": {
                    "outcome": 2.2248282942481364e-12
                },
                "metadata": {
                    "trials": 1
                }
            }
        ],
        [
            {
                "query": {
                    "x1": -0.6666666666666665,
                    "x2": 5.733333333333333
                },
                "metrics": {
                    "outcome": -2.2654099393793277e-15
                },
                "metadata": {
                    "trials": 1
                }
            }
        ],
        [
            {
                "query": {
                    "x1": -2.0,
                    "x2": -2.0
                },
                "metrics": {
                    "outcome": -0.0006709252558050237
                },
                "metadata": {
                    "trials": 1
                }
            },
            {
                "query": {
                    "x1": 6.0,
                    "x2": 2.242113416188991
                },
                "metrics": {
                    "outcome": 9.126831321195446e-18
                },
                "metadata": {
                    "trials": 1
                }
            },
            {
                "query": {
                    "x1": 1.5285848081406501,
                    "x2": 6.0
                },
                "metrics": {
                    "outcome": 3.427110240451402e-17
                },
                "metadata": {
                    "trials": 1
                }
            }
        ],
        [
            {
                "query": {
                    "x1": -2.0,
                    "x2": -2.0
                },
                "metrics": {
                    "outcome": -0.0006709252558050237
                },
                "metadata": {
                    "trials": 1
                }
            },
            {
                "query": {
                    "x1": 6.0,
                    "x2": 2.2420835085964956
                },
                "metrics": {
                    "outcome": 9.128055416627997e-18
                },
                "metadata": {
                    "trials": 1
                }
            },
            {
                "query": {
                    "x1": 1.5580239127907507,
                    "x2": 6.0
                },
                "metrics": {
                    "outcome": 3.1896983901715405e-17
                },
                "metadata": {
                    "trials": 1
                }
            }
        ],
        [
            {
                "query": {
                    "x1": -2.0,
                    "x2": -2.0
                },
                "metrics": {
                    "outcome": -0.0006709252558050237
                },
                "metadata": {
                    "trials": 1
                }
            },
            {
                "query": {
                    "x1": 6.0,
                    "x2": 2.2420116288784566
                },
                "metrics": {
                    "outcome": 9.130998004515553e-18
                },
                "metadata": {
                    "trials": 1
                }
            },
            {
                "query": {
                    "x1": 1.5575514836224231,
                    "x2": 6.0
                },
                "metrics": {
                    "outcome": 3.193428112484098e-17
                },
                "metadata": {
                    "trials": 1
                }
            }
        ],
        [
            {
                "query": {
                    "x1": -2.0,
                    "x2": -2.0
                },
                "metrics": {
                    "outcome": -0.0006709252558050237
                },
                "metadata": {
                    "trials": 1
                }
            },
            {
                "query": {
                    "x1": 6.0,
                    "x2": 2.243894294763979
                },
                "metrics": {
                    "outcome": 9.054207230620278e-18
                },
                "metadata": {
                    "trials": 1
                }
            },
            {
                "query": {
                    "x1": 1.5436301245945006,
                    "x2": 6.0
                },
                "metrics": {
                    "outcome": 3.3045142414650983e-17
                },
                "metadata": {
                    "trials": 1
                }
            }
        ],
        [
            {
                "query": {
                    "x1": -2.0,
                    "x2": -2.0
                },
                "metrics": {
                    "outcome": -0.0006709252558050237
                },
                "metadata": {
                    "trials": 1
                }
            },
            {
                "query": {
                    "x1": 6.0,
                    "x2": 2.243672102555306
                },
                "metrics": {
                    "outcome": 9.063239703780019e-18
                },
                "metadata": {
                    "trials": 1
                }
            },
            {
                "query": {
                    "x1": 1.5261240829306824,
                    "x2": 6.0
                },
                "metrics": {
                    "outcome": 3.447409593274911e-17
                },
                "metadata": {
                    "trials": 1
                }
            }
        ],
        [
            {
                "query": {
                    "x1": 5.6278903136905996,
                    "x2": 1.7038497393683605
                },
                "metrics": {
                    "outcome": 5.420877633270663e-15
                },
                "metadata": {
                    "trials": 1
                }
            },
            {
                "query": {
                    "x1": 3.0422942904369967,
                    "x2": 1.7038556587817353
                },
                "metrics": {
                    "outcome": 1.5949760827103693e-05
                },
                "metadata": {
                    "trials": 1
                }
            },
            {
                "query": {
                    "x1": 0.3771573816960042,
                    "x2": 1.7038630599759883
                },
                "metrics": {
                    "outcome": 0.017944174837853027
                },
                "metadata": {
                    "trials": 1
                }
            }
        ],
        [
            {
                "query": {
                    "x1": 5.2038295803973265,
                    "x2": 1.7038631445747991
                },
                "metrics": {
                    "outcome": 4.953077516850072e-13
                },
                "metadata": {
                    "trials": 1
                }
            },
            {
                "query": {
                    "x1": 2.7684820096705716,
                    "x2": 1.703862018713111
                },
                "metrics": {
                    "outcome": 7.124832430306089e-05
                },
                "metadata": {
                    "trials": 1
                }
            },
            {
                "query": {
                    "x1": 0.34978758725471176,
                    "x2": 1.7038520042157468
                },
                "metrics": {
                    "outcome": 0.016977060801452934
                },
                "metadata": {
                    "trials": 1
                }
            }
        ],
        [
            {
                "query": {
                    "x1": 4.932206323956075,
                    "x2": 1.7038613429674798
                },
                "metrics": {
                    "outcome": 7.366957774345734e-12
                },
                "metadata": {
                    "trials": 1
                }
            },
            {
                "query": {
                    "x1": 2.265944457545728,
                    "x2": 1.7038625440400552
                },
                "metrics": {
                    "outcome": 0.0007320511256977283
                },
                "metadata": {
                    "trials": 1
                }
            },
            {
                "query": {
                    "x1": -0.5560561562872478,
                    "x2": 1.7038547391749157
                },
                "metrics": {
                    "outcome": -0.02238855450130136
                },
                "metadata": {
                    "trials": 1
                }
            }
        ],
        [
            {
                "query": {
                    "x1": 5.892307118577558,
                    "x2": 1.7038619193171105
                },
                "metrics": {
                    "outcome": 2.6981881442945914e-16
                },
                "metadata": {
                    "trials": 1
                }
            },
            {
                "query": {
                    "x1": 2.791349408960479,
                    "x2": 1.7038602328567936
                },
                "metrics": {
                    "outcome": 6.326071244480366e-05
                },
                "metadata": {
                    "trials": 1
                }
            },
            {
                "query": {
                    "x1": 0.7165586881613772,
                    "x2": 1.7038615894397868
                },
                "metrics": {
                    "outcome": 0.02352019664782656
                },
                "metadata": {
                    "trials": 1
                }
            }
        ],
        [
            {
                "query": {
                    "x1": 3.902819832464181,
                    "x2": 1.7038619594763798
                },
                "metrics": {
                    "outcome": 5.192586047683838e-08
                },
                "metadata": {
                    "trials": 1
                }
            },
            {
                "query": {
                    "x1": 1.4548308572841406,
                    "x2": 1.7038634643556834
                },
                "metrics": {
                    "outcome": 0.009611510542627858
                },
                "metadata": {
                    "trials": 1
                }
            },
            {
                "query": {
                    "x1": -0.8971143030221654,
                    "x2": 1.7038649926861413
                },
                "metrics": {
                    "outcome": -0.022003758860747853
                },
                "metadata": {
                    "trials": 1
                }
            }
        ],
        [
            {
                "query": {
                    "x1": 5.612004983559457,
                    "x2": 0.34332522605022836
                },
                "metrics": {
                    "outcome": 1.0471185071649117e-13
                },
                "metadata": {
                    "trials": 1
                }
            },
            {
                "query": {
                    "x1": -2.0,
                    "x2": 4.8781208163643655
                },
                "metrics": {
                    "outcome": -1.6957168935127058e-12
                },
                "metadata": {
                    "trials": 1
                }
            },
            {
                "query": {
                    "x1": 6.0,
                    "x2": 6.0
                },
                "metrics": {
                    "outcome": 3.228111696012683e-31
                },
                "metadata": {
                    "trials": 1
                }
            }
        ],
        [
            {
                "query": {
                    "x1": 5.611891937513745,
                    "x2": 0.34334891384439437
                },
                "metrics": {
                    "outcome": 1.0484097794472974e-13
                },
                "metadata": {
                    "trials": 1
                }
            },
            {
                "query": {
                    "x1": -2.0,
                    "x2": 4.8781129401092125
                },
                "metrics": {
                    "outcome": -1.6958472017911519e-12
                },
                "metadata": {
                    "trials": 1
                }
            },
            {
                "query": {
                    "x1": 6.0,
                    "x2": 4.2421049092993774
                },
                "metrics": {
                    "outcome": 2.1292345450018069e-23
                },
                "metadata": {
                    "trials": 1
                }
            }
        ],
        [
            {
                "query": {
                    "x1": 5.6121072399696414,
                    "x2": 0.34336046076132126
                },
                "metrics": {
                    "outcome": 1.045911130856356e-13
                },
                "metadata": {
                    "trials": 1
                }
            },
            {
                "query": {
                    "x1": -2.0,
                    "x2": 4.878424404908582
                },
                "metrics": {
                    "outcome": -1.6907016530321059e-12
                },
                "metadata": {
                    "trials": 1
                }
            },
            {
                "query": {
                    "x1": 6.0,
                    "x2": 6.0
                },
                "metrics": {
                    "outcome": 3.228111696012683e-31
                },
                "metadata": {
                    "trials": 1
                }
            }
        ],
        [
            {
                "query": {
                    "x1": 5.612216407730395,
                    "x2": 0.34336449797180035
                },
                "metrics": {
                    "outcome": 1.0446477490669434e-13
                },
                "metadata": {
                    "trials": 1
                }
            },
            {
                "query": {
                    "x1": -2.0,
                    "x2": 4.8781312950815545
                },
                "metrics": {
                    "outcome": -1.6955435441373345e-12
                },
                "metadata": {
                    "trials": 1
                }
            },
            {
                "query": {
                    "x1": 2.595030850109512,
                    "x2": 2.5365330978026757
                },
                "metrics": {
                    "outcome": 4.957609622046597e-06
                },
                "metadata": {
                    "trials": 1
                }
            }
        ],
        [
            {
                "query": {
                    "x1": 5.612184641348898,
                    "x2": 0.34335804000136294
                },
                "metrics": {
                    "outcome": 1.0450190130552352e-13
                },
                "metadata": {
                    "trials": 1
                }
            },
            {
                "query": {
                    "x1": -2.0,
                    "x2": 4.877854655819632
                },
                "metrics": {
                    "outcome": -1.7001258082675926e-12
                },
                "metadata": {
                    "trials": 1
                }
            },
            {
                "query": {
                    "x1": 6.0,
                    "x2": 6.0
                },
                "metrics": {
                    "outcome": 3.228111696012683e-31
                },
                "metadata": {
                    "trials": 1
                }
            }
        ],
        [
            {
                "query": {
                    "x1": 6.0,
                    "x2": -2.0
                },
                "metrics": {
                    "outcome": 2.5490125531749533e-17
                },
                "metadata": {
                    "trials": 1
                }
            },
            {
                "query": {
                    "x1": -2.0,
                    "x2": -1.0979740369002375
                },
                "metrics": {
                    "outcome": -0.010972097659570286
                },
                "metadata": {
                    "trials": 1
                }
            },
            {
                "query": {
                    "x1": -2.0,
                    "x2": 3.6518734495525216
                },
                "metrics": {
                    "outcome": -5.915927163349288e-08
                },
                "metadata": {
                    "trials": 1
                }
            }
        ],
        [
            {
                "query": {
                    "x1": 6.0,
                    "x2": -2.0
                },
                "metrics": {
                    "outcome": 2.5490125531749533e-17
                },
                "metadata": {
                    "trials": 1
                }
            },
            {
                "query": {
                    "x1": -2.0,
                    "x2": 3.6518815023069195
                },
                "metrics": {
                    "outcome": -5.9155792262854166e-08
                },
                "metadata": {
                    "trials": 1
                }
            },
            {
                "query": {
                    "x1": -2.0,
                    "x2": -1.097825577920048
                },
                "metrics": {
                    "outcome": -0.010975674994729047
                },
                "metadata": {
                    "trials": 1
                }
            }
        ],
        [
            {
                "query": {
                    "x1": 6.0,
                    "x2": -2.0
                },
                "metrics": {
                    "outcome": 2.5490125531749533e-17
                },
                "metadata": {
                    "trials": 1
                }
            },
            {
                "query": {
                    "x1": -2.0,
                    "x2": 3.6515356571045583
                },
                "metrics": {
                    "outcome": -5.930539989016531e-08
                },
                "metadata": {
                    "trials": 1
                }
            },
            {
                "query": {
                    "x1": -2.0,
                    "x2": -1.097989165307833
                },
                "metrics": {
                    "outcome": -0.010971733156890245
                },
                "metadata": {
                    "trials": 1
                }
            }
        ],
        [
            {
                "query": {
                    "x1": 6.0,
                    "x2": -2.0
                },
                "metrics": {
                    "outcome": 2.5490125531749533e-17
                },
                "metadata": {
                    "trials": 1
                }
            },
            {
                "query": {
                    "x1": -2.0,
                    "x2": 3.6520669119623768
                },
                "metrics": {
                    "outcome": -5.907573637345867e-08
                },
                "metadata": {
                    "trials": 1
                }
            },
            {
                "query": {
                    "x1": -2.0,
                    "x2": -1.0979606019172323
                },
                "metrics": {
                    "outcome": -0.01097242136695095
                },
                "metadata": {
                    "trials": 1
                }
            }
        ],
        [
            {
                "query": {
                    "x1": -2.0,
                    "x2": -1.0980084864404638
                },
                "metrics": {
                    "outcome": -0.010971267645323671
                },
                "metadata": {
                    "trials": 1
                }
            },
            {
                "query": {
                    "x1": -2.0,
                    "x2": 3.6518667142341372
                },
                "metrics": {
                    "outcome": -5.9162181928035885e-08
                },
                "metadata": {
                    "trials": 1
                }
            },
            {
                "query": {
                    "x1": 6.0,
                    "x2": -2.0
                },
                "metrics": {
                    "outcome": 2.5490125531749533e-17
                },
                "metadata": {
                    "trials": 1
                }
            }
        ],
        [
            {
                "query": {
                    "x1": -2.0,
                    "x2": -0.6898370617478845
                },
                "metrics": {
                    "outcome": -0.022760516169036387
                },
                "metadata": {
                    "trials": 1
                }
            },
            {
                "query": {
                    "x1": 0.10663377585678316,
                    "x2": -1.0390734344210673
                },
                "metrics": {
                    "outcome": 0.035814611190655224
                },
                "metadata": {
                    "trials": 1
                }
            },
            {
                "query": {
                    "x1": 6.0,
                    "x2": 3.038964641153389
                },
                "metrics": {
                    "outcome": 1.3573986977746705e-19
                },
                "metadata": {
                    "trials": 1
                }
            }
        ],
        [
            {
                "query": {
                    "x1": 0.06686062100250129,
                    "x2": -1.0382617951208464
                },
                "metrics": {
                    "outcome": 0.022649828297193243
                },
                "metadata": {
                    "trials": 1
                }
            },
            {
                "query": {
                    "x1": 6.0,
                    "x2": 3.038919004661006
                },
                "metrics": {
                    "outcome": 1.3577752561394667e-19
                },
                "metadata": {
                    "trials": 1
                }
            },
            {
                "query": {
                    "x1": 1.8890567504065021,
                    "x2": 5.285431118327044
                },
                "metrics": {
                    "outcome": 3.927297065687955e-14
                },
                "metadata": {
                    "trials": 1
                }
            }
        ],
        [
            {
                "query": {
                    "x1": -2.0,
                    "x2": -0.6898930941725353
                },
                "metrics": {
                    "outcome": -0.02275875663005931
                },
                "metadata": {
                    "trials": 1
                }
            },
            {
                "query": {
                    "x1": 0.11018749606661478,
                    "x2": -1.0388079169319133
                },
                "metrics": {
                    "outcome": 0.0370000865522333
                },
                "metadata": {
                    "trials": 1
                }
            },
            {
                "query": {
                    "x1": 6.0,
                    "x2": 3.0389658003634605
                },
                "metrics": {
                    "outcome": 1.357389134122565e-19
                },
                "metadata": {
                    "trials": 1
                }
            }
        ],
        [
            {
                "query": {
                    "x1": -2.0,
                    "x2": -0.6899240446109417
                },
                "metrics": {
                    "outcome": -0.02275778471659546
                },
                "metadata": {
                    "trials": 1
                }
            },
            {
                "query": {
                    "x1": 0.12188069065227357,
                    "x2": -1.0410049991361647
                },
                "metrics": {
                    "outcome": 0.04062957744123549
                },
                "metadata": {
                    "trials": 1
                }
            },
            {
                "query": {
                    "x1": 6.0,
                    "x2": 3.0389636404354556
                },
                "metrics": {
                    "outcome": 1.3574069538947823e-19
                },
                "metadata": {
                    "trials": 1
                }
            }
        ],
        [
            {
                "query": {
                    "x1": -2.0,
                    "x2": -0.6899124485558548
                },
                "metrics": {
                    "outcome": -0.022758148859083983
                },
                "metadata": {
                    "trials": 1
                }
            },
            {
                "query": {
                    "x1": 0.11739056264435632,
                    "x2": -1.0378239995362861
                },
                "metrics": {
                    "outcome": 0.03943474654288756
                },
                "metadata": {
                    "trials": 1
                }
            },
            {
                "query": {
                    "x1": 6.0,
                    "x2": 3.038851003441066
                },
                "metrics": {
                    "outcome": 1.3583365348954012e-19
                },
                "metadata": {
                    "trials": 1
                }
            }
        ],
        [
            {
                "query": {
                    "x1": -0.39976413271493505,
                    "x2": -1.1835858482445274
                },
                "metrics": {
                    "outcome": -0.08394718767837388
                },
                "metadata": {
                    "trials": 1
                }
            },
            {
                "query": {
                    "x1": -1.7386137117069327,
                    "x2": -0.14184445203315332
                },
                "metrics": {
                    "outcome": -0.082925769987883
                },
                "metadata": {
                    "trials": 1
                }
            },
            {
                "query": {
                    "x1": -0.7460497513818,
                    "x2": 1.155023898311464
                },
                "metrics": {
                    "outcome": -0.11263154772403307
                },
                "metadata": {
                    "trials": 1
                }
            }
        ],
        [
            {
                "query": {
                    "x1": -0.3997619378245466,
                    "x2": -1.1835854756842576
                },
                "metrics": {
                    "outcome": -0.08394694811925409
                },
                "metadata": {
                    "trials": 1
                }
            },
            {
                "query": {
                    "x1": -1.7371514256402065,
                    "x2": -0.14265650509664646
                },
                "metrics": {
                    "outcome": -0.08325897950165607
                },
                "metadata": {
                    "trials": 1
                }
            },
            {
                "query": {
                    "x1": -0.7460203994166159,
                    "x2": 1.1561339225220717
                },
                "metrics": {
                    "outcome": -0.112343468510163
                },
                "metadata": {
                    "trials": 1
                }
            }
        ],
        [
            {
                "query": {
                    "x1": -0.39976282342009056,
                    "x2": -1.1835859057419902
                },
                "metrics": {
                    "outcome": -0.08394698918854018
                },
                "metadata": {
                    "trials": 1
                }
            },
            {
                "query": {
                    "x1": -1.736971098130231,
                    "x2": -0.16118669918106976
                },
                "metrics": {
                    "outcome": -0.08283480964718666
                },
                "metadata": {
                    "trials": 1
                }
            },
            {
                "query": {
                    "x1": -0.7486728971125672,
                    "x2": 1.1471653816237275
                },
                "metrics": {
                    "outcome": -0.11464067241886405
                },
                "metadata": {
                    "trials": 1
                }
            }
        ],
        [
            {
                "query": {
                    "x1": -0.39975990676774514,
                    "x2": -1.1835859716622872
                },
                "metrics": {
                    "outcome": -0.08394655937279707
                },
                "metadata": {
                    "trials": 1
                }
            },
            {
                "query": {
                    "x1": -1.7357253476648278,
                    "x2": -0.1644377402249749
                },
                "metrics": {
                    "outcome": -0.08304631131962477
                },
                "metadata": {
                    "trials": 1
                }
            },
            {
                "query": {
                    "x1": -0.7453896927781093,
                    "x2": 1.1442156314142602
                },
                "metrics": {
                    "outcome": -0.115477066742405
                },
                "metadata": {
                    "trials": 1
                }
            }
        ],
        [
            {
                "query": {
                    "x1": -0.39976431769358906,
                    "x2": -1.1835859159783182
                },
                "metrics": {
                    "outcome": -0.083947200647054
                },
                "metadata": {
                    "trials": 1
                }
            },
            {
                "query": {
                    "x1": -1.73467044955603,
                    "x2": -0.1368309724216389
                },
                "metrics": {
                    "outcome": -0.08399593863942671
                },
                "metadata": {
                    "trials": 1
                }
            },
            {
                "query": {
                    "x1": -0.7429920381214256,
                    "x2": 1.1501623917611117
                },
                "metrics": {
                    "outcome": -0.1139516952447608
                },
                "metadata": {
                    "trials": 1
                }
            }
        ],
        [
            {
                "query": {
                    "x1": -0.8555344167993635,
                    "x2": 0.3584854393614929
                },
                "metrics": {
                    "outcome": -0.36186650532780884
                },
                "metadata": {
                    "trials": 1
                }
            },
            {
                "query": {
                    "x1": -0.9363497890148471,
                    "x2": -0.45120327529132176
                },
                "metrics": {
                    "outcome": -0.3178735905819976
                },
                "metadata": {
                    "trials": 1
                }
            },
            {
                "query": {
                    "x1": -0.6170798147109995,
                    "x2": 0.987293695519524
                },
                "metrics": {
                    "outcome": -0.15908872030472251
                },
                "metadata": {
                    "trials": 1
                }
            }
        ],
        [
            {
                "query": {
                    "x1": -0.8555438064966655,
                    "x2": 0.35848443915714795
                },
                "metrics": {
                    "outcome": -0.3618649224517737
                },
                "metadata": {
                    "trials": 1
                }
            },
            {
                "query": {
                    "x1": -1.0519882102144056,
                    "x2": -0.565765759190942
                },
                "metrics": {
                    "outcome": -0.25256461008581943
                },
                "metadata": {
                    "trials": 1
                }
            },
            {
                "query": {
                    "x1": -0.4598587282294053,
                    "x2": 0.8934543598232816
                },
                "metrics": {
                    "outcome": -0.16753438047225583
                },
                "metadata": {
                    "trials": 1
                }
            }
        ],
        [
            {
                "query": {
                    "x1": -0.8555346548860866,
                    "x2": 0.3584843752929292
                },
                "metrics": {
                    "outcome": -0.36186673468329916
                },
                "metadata": {
                    "trials": 1
                }
            },
            {
                "query": {
                    "x1": -0.8602009113658289,
                    "x2": -0.39998537905668385
                },
                "metrics": {
                    "outcome": -0.34975470588680857
                },
                "metadata": {
                    "trials": 1
                }
            },
            {
                "query": {
                    "x1": -0.5409765774029536,
                    "x2": 1.0366570428038555
                },
                "metrics": {
                    "outcome": -0.1378357144821223
                },
                "metadata": {
                    "trials": 1
                }
            }
        ],
        [
            {
                "query": {
                    "x1": -0.85553405425734,
                    "x2": 0.35848494186313995
                },
                "metrics": {
                    "outcome": -0.3618667055358758
                },
                "metadata": {
                    "trials": 1
                }
            },
            {
                "query": {
                    "x1": -1.029914691633457,
                    "x2": -0.25752966568364766
                },
                "metrics": {
                    "outcome": -0.33368100220888963
                },
                "metadata": {
                    "trials": 1
                }
            },
            {
                "query": {
                    "x1": -0.4629817367184807,
                    "x2": 0.9700442404538409
                },
                "metrics": {
                    "outcome": -0.14581660337045138
                },
                "metadata": {
                    "trials": 1
                }
            }
        ],
        [
            {
                "query": {
                    "x1": -0.8555345803031913,
                    "x2": 0.35848368737539493
                },
                "metrics": {
                    "outcome": -0.36186692779514523
                },
                "metadata": {
                    "trials": 1
                }
            },
            {
                "query": {
                    "x1": -0.9908607184169416,
                    "x2": -0.5863005265914385
                },
                "metrics": {
                    "outcome": -0.2632280343239008
                },
                "metadata": {
                    "trials": 1
                }
            },
            {
                "query": {
                    "x1": -0.5861156795376479,
                    "x2": 0.9944243390090195
                },
                "metrics": {
                    "outcome": -0.15464092548234565
                },
                "metadata": {
                    "trials": 1
                }
            }
        ],
        [
            {
                "query": {
                    "x1": -0.7277410589850857,
                    "x2": -0.0066290718245651335
                },
                "metrics": {
                    "outcome": -0.4285015276710014
                },
                "metadata": {
                    "trials": 1
                }
            },
            {
                "query": {
                    "x1": -0.7420456101742365,
                    "x2": 0.2481697968239418
                },
                "metrics": {
                    "outcome": -0.4022970615815622
                },
                "metadata": {
                    "trials": 1
                }
            },
            {
                "query": {
                    "x1": -0.7571592936728067,
                    "x2": -0.23127777594372123
                },
                "metrics": {
                    "outcome": -0.40455757121572583
                },
                "metadata": {
                    "trials": 1
                }
            }
        ],
        [
            {
                "query": {
                    "x1": -0.727740994953994,
                    "x2": -0.00662995387547916
                },
                "metrics": {
                    "outcome": -0.4285015248921148
                },
                "metadata": {
                    "trials": 1
                }
            },
            {
                "query": {
                    "x1": -0.7841290940493018,
                    "x2": 0.23467497421894112
                },
                "metrics": {
                    "outcome": -0.4012733588343353
                },
                "metadata": {
                    "trials": 1
                }
            },
            {
                "query": {
                    "x1": -0.5672260775047855,
                    "x2": -0.15944442324259267
                },
                "metrics": {
                    "outcome": -0.40085108647419976
                },
                "metadata": {
                    "trials": 1
                }
            }
        ],
        [
            {
                "query": {
                    "x1": -0.7277412496438006,
                    "x2": -0.006629829557869101
                },
                "metrics": {
                    "outcome": -0.4285015167184566
                },
                "metadata": {
                    "trials": 1
                }
            },
            {
                "query": {
                    "x1": -0.6247459155253138,
                    "x2": 0.2805639371529797
                },
                "metrics": {
                    "outcome": -0.39084906018526366
                },
                "metadata": {
                    "trials": 1
                }
            },
            {
                "query": {
                    "x1": -0.5187397990675509,
                    "x2": -0.21253804043597224
                },
                "metrics": {
                    "outcome": -0.3788494926281584
                },
                "metadata": {
                    "trials": 1
                }
            }
        ],
        [
            {
                "query": {
                    "x1": -0.727741035547149,
                    "x2": -0.0066298394187680005
                },
                "metrics": {
                    "outcome": -0.4285015241271266
                },
                "metadata": {
                    "trials": 1
                }
            },
            {
                "query": {
                    "x1": -0.7762719918101881,
                    "x2": 0.28155259932101995
                },
                "metrics": {
                    "outcome": -0.3925378211615294
                },
                "metadata": {
                    "trials": 1
                }
            },
            {
                "query": {
                    "x1": -0.7075119960461533,
                    "x2": -0.25748202039307344
                },
                "metrics": {
                    "outcome": -0.4013702706789486
                },
                "metadata": {
                    "trials": 1
                }
            }
        ],
        [
            {
                "query": {
                    "x1": -0.727741020721581,
                    "x2": -0.006629777407058643
                },
                "metrics": {
                    "outcome": -0.42850152499636834
                },
                "metadata": {
                    "trials": 1
                }
            },
            {
                "query": {
                    "x1": -0.6613240737090313,
                    "x2": -0.2835383397696676
                },
                "metrics": {
                    "outcome": -0.3940589340992401
                },
                "metadata": {
                    "trials": 1
                }
            },
            {
                "query": {
                    "x1": -0.6865568882284522,
                    "x2": 0.2538341057422807
                },
                "metrics": {
                    "outcome": -0.40177690617606443
                },
                "metadata": {
                    "trials": 1
                }
            }
        ],
        [
            {
                "query": {
                    "x1": -0.7016353234787212,
                    "x2": 0.0022685106774589458
                },
                "metrics": {
                    "outcome": -0.42885399093694543
                },
                "metadata": {
                    "trials": 1
                }
            },
            {
                "query": {
                    "x1": -0.7057677623480325,
                    "x2": 0.08675864426521528
                },
                "metrics": {
                    "outcome": -0.42566431306570035
                },
                "metadata": {
                    "trials": 1
                }
            },
            {
                "query": {
                    "x1": -0.6995201038996831,
                    "x2": -0.08348573764020394
                },
                "metrics": {
                    "outcome": -0.4258538830635733
                },
                "metadata": {
                    "trials": 1
                }
            }
        ],
        [
            {
                "query": {
                    "x1": -0.7016357535562346,
                    "x2": 0.0022663977255322353
                },
                "metrics": {
                    "outcome": -0.428853999098455
                },
                "metadata": {
                    "trials": 1
                }
            },
            {
                "query": {
                    "x1": -0.7401032520302371,
                    "x2": -0.12159737877432608
                },
                "metrics": {
                    "outcome": -0.42168178265510875
                },
                "metadata": {
                    "trials": 1
                }
            },
            {
                "query": {
                    "x1": -0.6671460275248542,
                    "x2": 0.0943853744527073
                },
                "metrics": {
                    "outcome": -0.42369613383548765
                },
                "metadata": {
                    "trials": 1
                }
            }
        ],
        [
            {
                "query": {
                    "x1": -0.7016354628616297,
                    "x2": 0.002265795368836029
                },
                "metrics": {
                    "outcome": -0.4288539975303209
                },
                "metadata": {
                    "trials": 1
                }
            },
            {
                "query": {
                    "x1": -0.6534505231528086,
                    "x2": 0.08875277156241852
                },
                "metrics": {
                    "outcome": -0.42300846005451903
                },
                "metadata": {
                    "trials": 1
                }
            },
            {
                "query": {
                    "x1": -0.8399402833053742,
                    "x2": 0.12610764631556481
                },
                "metrics": {
                    "outcome": -0.408269697793933
                },
                "metadata": {
                    "trials": 1
                }
            }
        ],
        [
            {
                "query": {
                    "x1": -0.7016361951707268,
                    "x2": 0.0022663427744011597
                },
                "metrics": {
                    "outcome": -0.42885400336585483
                },
                "metadata": {
                    "trials": 1
                }
            },
            {
                "query": {
                    "x1": -0.7276918088850248,
                    "x2": -0.07796752436214392
                },
                "metrics": {
                    "outcome": -0.4259250175116817
                },
                "metadata": {
                    "trials": 1
                }
            },
            {
                "query": {
                    "x1": -0.673823305356285,
                    "x2": 0.09476986432006898
                },
                "metrics": {
                    "outcome": -0.42409129238875004
                },
                "metadata": {
                    "trials": 1
                }
            }
        ],
        [
            {
                "query": {
                    "x1": -0.7016354788445236,
                    "x2": 0.0022659234676142967
                },
                "metrics": {
                    "outcome": -0.4288539974319614
                },
                "metadata": {
                    "trials": 1
                }
            },
            {
                "query": {
                    "x1": -0.6700105007539472,
                    "x2": -0.11960834762657502
                },
                "metrics": {
                    "outcome": -0.4216068130518618
                },
                "metadata": {
                    "trials": 1
                }
            },
            {
                "query": {
                    "x1": -0.6804187415679207,
                    "x2": 0.08319511693997224
                },
                "metrics": {
                    "outcome": -0.42530957422729343
                },
                "metadata": {
                    "trials": 1
                }
            }
        ]
    ]
}