{
    "date": "06/11/2022 11:44:33",
    "basic_params": {
        "active_variables": [
            "x1",
            "x2"
        ],
        "default_query": {},
        "metric": "basic",
        "n_trials": 1
    },
    "objective_function": {
        "name": "Gramacy2D",
        "params": {}
    },
    "optimizer": {
        "name": "GO-BBO-LP",
        "params": {
            "maximize": false,
            "domain": [
                {
                    "name": "x1",
                    "type": "continuous",
                    "domain": [
                        -2.0,
                        6.0
                    ]
                },
                {
                    "name": "x2",
                    "type": "continuous",
                    "domain": [
                        -2.0,
                        6.0
                    ]
                }
            ],
            "initial_design_numdata": 15,
            "num_iters": 45,
            "batch_size": 3,
            "model_update_interval": 5
        }
    },
    "best_results": [
        {
            "query": {
                "x1": -0.7071893474161166,
                "x2": -0.0001620372960382806
            },
            "metrics": [
                {
                    "name": "outcome",
                    "value": -0.4288819253722877
                }
            ]
        }
    ],
    "iterations": [
        [
            {
                "query": {
                    "x1": -0.6666666666666665,
                    "x2": 4.133333333333333
                },
                "metrics": {
                    "outcome": -1.6263313082076214e-08
                },
                "metadata": {
                    "trials": 1
                }
            }
        ],
        [
            {
                "query": {
                    "x1": 3.0666666666666664,
                    "x2": 3.0666666666666664
                },
                "metrics": {
                    "outcome": 2.0800315262521605e-08
                },
                "metadata": {
                    "trials": 1
                }
            }
        ],
        [
            {
                "query": {
                    "x1": 5.733333333333333,
                    "x2": 2.533333333333333
                },
                "metrics": {
                    "outcome": 4.959747276703393e-17
                },
                "metadata": {
                    "trials": 1
                }
            }
        ],
        [
            {
                "query": {
                    "x1": 0.9333333333333336,
                    "x2": 4.666666666666667
                },
                "metrics": {
                    "outcome": 1.3606590385799045e-10
                },
                "metadata": {
                    "trials": 1
                }
            }
        ],
        [
            {
                "query": {
                    "x1": 4.133333333333333,
                    "x2": 5.733333333333333
                },
                "metrics": {
                    "outcome": 8.334476228834165e-22
                },
                "metadata": {
                    "trials": 1
                }
            }
        ],
        [
            {
                "query": {
                    "x1": 4.666666666666667,
                    "x2": -1.2
                },
                "metrics": {
                    "outcome": 3.8517138038504665e-10
                },
                "metadata": {
                    "trials": 1
                }
            }
        ],
        [
            {
                "query": {
                    "x1": -0.1333333333333333,
                    "x2": 5.2
                },
                "metrics": {
                    "outcome": -2.365348599866916e-13
                },
                "metadata": {
                    "trials": 1
                }
            }
        ],
        [
            {
                "query": {
                    "x1": 3.5999999999999996,
                    "x2": -0.1333333333333333
                },
                "metrics": {
                    "outcome": 8.32003636526399e-06
                },
                "metadata": {
                    "trials": 1
                }
            }
        ],
        [
            {
                "query": {
                    "x1": 1.4666666666666668,
                    "x2": 2.0
                },
                "metrics": {
                    "outcome": 0.003125631741780669
                },
                "metadata": {
                    "trials": 1
                }
            }
        ],
        [
            {
                "query": {
                    "x1": 0.3999999999999999,
                    "x2": -0.6666666666666665
                },
                "metrics": {
                    "outcome": 0.21855115424301144
                },
                "metadata": {
                    "trials": 1
                }
            }
        ],
        [
            {
                "query": {
                    "x1": -1.2,
                    "x2": 1.4666666666666668
                },
                "metrics": {
                    "outcome": -0.03308121916963973
                },
                "metadata": {
                    "trials": 1
                }
            }
        ],
        [
            {
                "query": {
                    "x1": 5.2,
                    "x2": 0.9333333333333336
                },
                "metrics": {
                    "outcome": 3.929721783626271e-12
                },
                "metadata": {
                    "trials": 1
                }
            }
        ],
        [
            {
                "query": {
                    "x1": 2.0,
                    "x2": -1.7333333333333334
                },
                "metrics": {
                    "outcome": 0.001815676299465169
                },
                "metadata": {
                    "trials": 1
                }
            }
        ],
        [
            {
                "query": {
                    "x1": 2.533333333333333,
                    "x2": 0.3999999999999999
                },
                "metrics": {
                    "outcome": 0.0035237066453940157
                },
                "metadata": {
                    "trials": 1
                }
            }
        ],
        [
            {
                "query": {
                    "x1": -1.7333333333333334,
                    "x2": 3.5999999999999996
                },
                "metrics": {
                    "outcome": -2.0212124283920246e-07
                },
                "metadata": {
                    "trials": 1
                }
            }
        ],
        [
            {
                "query": {
                    "x1": -1.8045034706510443,
                    "x2": -2.0
                },
                "metrics": {
                    "outcome": -0.0012735496119202167
                },
                "metadata": {
                    "trials": 1
                }
            },
            {
                "query": {
                    "x1": 1.8428786794316585,
                    "x2": 6.0
                },
                "metrics": {
                    "outcome": 1.432002196709559e-17
                },
                "metadata": {
                    "trials": 1
                }
            },
            {
                "query": {
                    "x1": 6.0,
                    "x2": -2.0
                },
                "metrics": {
                    "outcome": 2.5490125531749533e-17
                },
                "metadata": {
                    "trials": 1
                }
            }
        ],
        [
            {
                "query": {
                    "x1": -1.804500760171589,
                    "x2": -2.0
                },
                "metrics": {
                    "outcome": -0.0012735601570397718
                },
                "metadata": {
                    "trials": 1
                }
            },
            {
                "query": {
                    "x1": 1.8428570162302291,
                    "x2": 6.0
                },
                "metrics": {
                    "outcome": 1.4320997045969097e-17
                },
                "metadata": {
                    "trials": 1
                }
            },
            {
                "query": {
                    "x1": 6.0,
                    "x2": -2.0
                },
                "metrics": {
                    "outcome": 2.5490125531749533e-17
                },
                "metadata": {
                    "trials": 1
                }
            }
        ],
        [
            {
                "query": {
                    "x1": -1.8045009520200932,
                    "x2": -2.0
                },
                "metrics": {
                    "outcome": -0.0012735594106510586
                },
                "metadata": {
                    "trials": 1
                }
            },
            {
                "query": {
                    "x1": 1.8428486494095824,
                    "x2": 6.0
                },
                "metrics": {
                    "outcome": 1.4321373657232062e-17
                },
                "metadata": {
                    "trials": 1
                }
            },
            {
                "query": {
                    "x1": 6.0,
                    "x2": -2.0
                },
                "metrics": {
                    "outcome": 2.5490125531749533e-17
                },
                "metadata": {
                    "trials": 1
                }
            }
        ],
        [
            {
                "query": {
                    "x1": -1.8045022637748407,
                    "x2": -2.0
                },
                "metrics": {
                    "outcome": -0.0012735543072636291
                },
                "metadata": {
                    "trials": 1
                }
            },
            {
                "query": {
                    "x1": 1.8428573954582834,
                    "x2": 6.0
                },
                "metrics": {
                    "outcome": 1.432097997615778e-17
                },
                "metadata": {
                    "trials": 1
                }
            },
            {
                "query": {
                    "x1": 6.0,
                    "x2": -2.0
                },
                "metrics": {
                    "outcome": 2.5490125531749533e-17
                },
                "metadata": {
                    "trials": 1
                }
            }
        ],
        [
            {
                "query": {
                    "x1": -1.8044990042328382,
                    "x2": -2.0
                },
                "metrics": {
                    "outcome": -0.0012735669885540685
                },
                "metadata": {
                    "trials": 1
                }
            },
            {
                "query": {
                    "x1": 1.842855040969952,
                    "x2": 6.0
                },
                "metrics": {
                    "outcome": 1.4321085956627294e-17
                },
                "metadata": {
                    "trials": 1
                }
            },
            {
                "query": {
                    "x1": 6.0,
                    "x2": -2.0
                },
                "metrics": {
                    "outcome": 2.5490125531749533e-17
                },
                "metadata": {
                    "trials": 1
                }
            }
        ],
        [
            {
                "query": {
                    "x1": 5.229048350244033,
                    "x2": 6.0
                },
                "metrics": {
                    "outcome": 1.6178209696832655e-27
                },
                "metadata": {
                    "trials": 1
                }
            },
            {
                "query": {
                    "x1": -1.4585867779247286,
                    "x2": 0.6320644414859207
                },
                "metrics": {
                    "outcome": -0.11654091798430669
                },
                "metadata": {
                    "trials": 1
                }
            },
            {
                "query": {
                    "x1": -1.2328012290211836,
                    "x2": 2.7879001804745167
                },
                "metrics": {
                    "outcome": -0.00011359202181923921
                },
                "metadata": {
                    "trials": 1
                }
            }
        ],
        [
            {
                "query": {
                    "x1": 5.2291616997435515,
                    "x2": 6.0
                },
                "metrics": {
                    "outcome": 1.6159393155707374e-27
                },
                "metadata": {
                    "trials": 1
                }
            },
            {
                "query": {
                    "x1": -1.4585683640591138,
                    "x2": 0.6319880754804174
                },
                "metrics": {
                    "outcome": -0.11655695770642957
                },
                "metadata": {
                    "trials": 1
                }
            },
            {
                "query": {
                    "x1": -1.2331730637779106,
                    "x2": 2.7775174972357615
                },
                "metrics": {
                    "outcome": -0.00012027513133440933
                },
                "metadata": {
                    "trials": 1
                }
            }
        ],
        [
            {
                "query": {
                    "x1": 5.228903315271059,
                    "x2": 6.0
                },
                "metrics": {
                    "outcome": 1.620231751221638e-27
                },
                "metadata": {
                    "trials": 1
                }
            },
            {
                "query": {
                    "x1": -1.458569135431485,
                    "x2": 0.6320618848069459
                },
                "metrics": {
                    "outcome": -0.11654588298816233
                },
                "metadata": {
                    "trials": 1
                }
            },
            {
                "query": {
                    "x1": -1.2323431971984031,
                    "x2": 2.794115846723111
                },
                "metrics": {
                    "outcome": -0.00010980157056530464
                },
                "metadata": {
                    "trials": 1
                }
            }
        ],
        [
            {
                "query": {
                    "x1": 5.228932950159067,
                    "x2": 6.0
                },
                "metrics": {
                    "outcome": 1.6197388718161055e-27
                },
                "metadata": {
                    "trials": 1
                }
            },
            {
                "query": {
                    "x1": -1.4585567580165846,
                    "x2": 0.6319380801136258
                },
                "metrics": {
                    "outcome": -0.11656734217608979
                },
                "metadata": {
                    "trials": 1
                }
            },
            {
                "query": {
                    "x1": -1.2333465979125204,
                    "x2": 2.774344668693252
                },
                "metrics": {
                    "outcome": -0.00012237739512405192
                },
                "metadata": {
                    "trials": 1
                }
            }
        ],
        [
            {
                "query": {
                    "x1": -1.458567505539553,
                    "x2": 0.63198780738606
                },
                "metrics": {
                    "outcome": -0.11655722050520037
                },
                "metadata": {
                    "trials": 1
                }
            },
            {
                "query": {
                    "x1": 5.228906882733784,
                    "x2": 6.0
                },
                "metrics": {
                    "outcome": 1.6201724103645277e-27
                },
                "metadata": {
                    "trials": 1
                }
            },
            {
                "query": {
                    "x1": -1.2346957120319375,
                    "x2": 2.7827945486000223
                },
                "metrics": {
                    "outcome": -0.00011650289350373056
                },
                "metadata": {
                    "trials": 1
                }
            }
        ],
        [
            {
                "query": {
                    "x1": -1.7810351281359684,
                    "x2": 0.3845964857892521
                },
                "metrics": {
                    "outcome": -0.06438942569761405
                },
                "metadata": {
                    "trials": 1
                }
            },
            {
                "query": {
                    "x1": -1.9999999999999174,
                    "x2": 1.843135914363047
                },
                "metrics": {
                    "outcome": -0.0012259946340714282
                },
                "metadata": {
                    "trials": 1
                }
            },
            {
                "query": {
                    "x1": -1.2921490888614677,
                    "x2": -1.298632675531989
                },
                "metrics": {
                    "outcome": -0.04505869520438763
                },
                "metadata": {
                    "trials": 1
                }
            }
        ],
        [
            {
                "query": {
                    "x1": -1.7810350826697716,
                    "x2": 0.38460763292423084
                },
                "metrics": {
                    "outcome": -0.06438888238216961
                },
                "metadata": {
                    "trials": 1
                }
            },
            {
                "query": {
                    "x1": -1.9189997787670787,
                    "x2": 1.8135990031092435
                },
                "metrics": {
                    "outcome": -0.0018001282020648744
                },
                "metadata": {
                    "trials": 1
                }
            },
            {
                "query": {
                    "x1": -1.2380100520707842,
                    "x2": -1.1643834908533606
                },
                "metrics": {
                    "outcome": -0.0689101009289077
                },
                "metadata": {
                    "trials": 1
                }
            }
        ],
        [
            {
                "query": {
                    "x1": -1.7810349569542359,
                    "x2": 0.3846058138302102
                },
                "metrics": {
                    "outcome": -0.06438899676869982
                },
                "metadata": {
                    "trials": 1
                }
            },
            {
                "query": {
                    "x1": -1.8723870205124418,
                    "x2": 1.9680393979665913
                },
                "metrics": {
                    "outcome": -0.0011687761209699058
                },
                "metadata": {
                    "trials": 1
                }
            },
            {
                "query": {
                    "x1": -1.302045908580766,
                    "x2": -1.0550800055851068
                },
                "metrics": {
                    "outcome": -0.07850597338393189
                },
                "metadata": {
                    "trials": 1
                }
            }
        ],
        [
            {
                "query": {
                    "x1": -1.7810306982187776,
                    "x2": 0.3845914510488851
                },
                "metrics": {
                    "outcome": -0.06439053095442565
                },
                "metadata": {
                    "trials": 1
                }
            },
            {
                "query": {
                    "x1": -1.3438036353015912,
                    "x2": -1.129592315294654
                },
                "metrics": {
                    "outcome": -0.06164994865109441
                },
                "metadata": {
                    "trials": 1
                }
            },
            {
                "query": {
                    "x1": -1.9776023430043637,
                    "x2": 1.8333850606142816
                },
                "metrics": {
                    "outcome": -0.0013735912280716856
                },
                "metadata": {
                    "trials": 1
                }
            }
        ],
        [
            {
                "query": {
                    "x1": -1.7810346746177506,
                    "x2": 0.38460428549171416
                },
                "metrics": {
                    "outcome": -0.06438912701436512
                },
                "metadata": {
                    "trials": 1
                }
            },
            {
                "query": {
                    "x1": -1.978777663224307,
                    "x2": 2.046696825129818
                },
                "metrics": {
                    "outcome": -0.0005979223737601459
                },
                "metadata": {
                    "trials": 1
                }
            },
            {
                "query": {
                    "x1": -1.3813410683213005,
                    "x2": -1.1936413846339358
                },
                "metrics": {
                    "outcome": -0.04930015340796006
                },
                "metadata": {
                    "trials": 1
                }
            }
        ],
        [
            {
                "query": {
                    "x1": -1.167518492999836,
                    "x2": -0.11398691191019453
                },
                "metrics": {
                    "outcome": -0.2948725949901077
                },
                "metadata": {
                    "trials": 1
                }
            },
            {
                "query": {
                    "x1": -1.095395106593542,
                    "x2": 0.855463688884206
                },
                "metrics": {
                    "outcome": -0.15872320602117482
                },
                "metadata": {
                    "trials": 1
                }
            },
            {
                "query": {
                    "x1": -0.821913215523489,
                    "x2": -0.8194044945808504
                },
                "metrics": {
                    "outcome": -0.21372064235340518
                },
                "metadata": {
                    "trials": 1
                }
            }
        ],
        [
            {
                "query": {
                    "x1": -1.1675184357649087,
                    "x2": -0.11398771418700734
                },
                "metrics": {
                    "outcome": -0.29487256601126755
                },
                "metadata": {
                    "trials": 1
                }
            },
            {
                "query": {
                    "x1": -1.1647917949408768,
                    "x2": 0.8276618725710421
                },
                "metrics": {
                    "outcome": -0.1511894267456965
                },
                "metadata": {
                    "trials": 1
                }
            },
            {
                "query": {
                    "x1": -1.0700337304119918,
                    "x2": -0.986333761749326
                },
                "metrics": {
                    "outcome": -0.12871735795109573
                },
                "metadata": {
                    "trials": 1
                }
            }
        ],
        [
            {
                "query": {
                    "x1": -1.1675187272598888,
                    "x2": -0.11398811930757885
                },
                "metrics": {
                    "outcome": -0.2948724116930578
                },
                "metadata": {
                    "trials": 1
                }
            },
            {
                "query": {
                    "x1": -1.2795691582159447,
                    "x2": 0.8579282426959169
                },
                "metrics": {
                    "outcome": -0.11921643287704704
                },
                "metadata": {
                    "trials": 1
                }
            },
            {
                "query": {
                    "x1": -0.9936757058444963,
                    "x2": -0.9073312296446359
                },
                "metrics": {
                    "outcome": -0.16251487451952126
                },
                "metadata": {
                    "trials": 1
                }
            }
        ],
        [
            {
                "query": {
                    "x1": -1.1675180101306741,
                    "x2": -0.11399117877337694
                },
                "metrics": {
                    "outcome": -0.29487251867114334
                },
                "metadata": {
                    "trials": 1
                }
            },
            {
                "query": {
                    "x1": -1.0758759603202974,
                    "x2": 0.6880653201077832
                },
                "metrics": {
                    "outcome": -0.21059723886969833
                },
                "metadata": {
                    "trials": 1
                }
            },
            {
                "query": {
                    "x1": -0.9341375975078279,
                    "x2": -1.0398995453419708
                },
                "metrics": {
                    "outcome": -0.13237246221669888
                },
                "metadata": {
                    "trials": 1
                }
            }
        ],
        [
            {
                "query": {
                    "x1": -1.1675184948141828,
                    "x2": -0.11398783508702136
                },
                "metrics": {
                    "outcome": -0.2948725321399224
                },
                "metadata": {
                    "trials": 1
                }
            },
            {
                "query": {
                    "x1": -1.099629890765948,
                    "x2": 0.8237962164625684
                },
                "metrics": {
                    "outcome": -0.16648460393832215
                },
                "metadata": {
                    "trials": 1
                }
            },
            {
                "query": {
                    "x1": -1.1986933758906373,
                    "x2": -0.8236506674308295
                },
                "metrics": {
                    "outcome": -0.1445638325493036
                },
                "metadata": {
                    "trials": 1
                }
            }
        ],
        [
            {
                "query": {
                    "x1": -0.8089288354241676,
                    "x2": -0.01208152884858311
                },
                "metrics": {
                    "outcome": -0.4203968402708778
                },
                "metadata": {
                    "trials": 1
                }
            },
            {
                "query": {
                    "x1": -0.8077638883730973,
                    "x2": 0.3542463561978453
                },
                "metrics": {
                    "outcome": -0.37103515599717357
                },
                "metadata": {
                    "trials": 1
                }
            },
            {
                "query": {
                    "x1": -0.8366723418848121,
                    "x2": -0.4135304195568139
                },
                "metrics": {
                    "outcome": -0.3501650136644088
                },
                "metadata": {
                    "trials": 1
                }
            }
        ],
        [
            {
                "query": {
                    "x1": -0.8089300900226554,
                    "x2": -0.012082748292546717
                },
                "metrics": {
                    "outcome": -0.42039662658594074
                },
                "metadata": {
                    "trials": 1
                }
            },
            {
                "query": {
                    "x1": -0.8538495566210162,
                    "x2": -0.42891006581324653
                },
                "metrics": {
                    "outcome": -0.3426577395685659
                },
                "metadata": {
                    "trials": 1
                }
            },
            {
                "query": {
                    "x1": -0.7790455241987919,
                    "x2": 0.3984207002433555
                },
                "metrics": {
                    "outcome": -0.3622804009642973
                },
                "metadata": {
                    "trials": 1
                }
            }
        ],
        [
            {
                "query": {
                    "x1": -0.8089288350456939,
                    "x2": -0.012082173877637005
                },
                "metrics": {
                    "outcome": -0.4203968337791755
                },
                "metadata": {
                    "trials": 1
                }
            },
            {
                "query": {
                    "x1": -0.7370220493418911,
                    "x2": -0.31793563819920045
                },
                "metrics": {
                    "outcome": -0.3869646085932486
                },
                "metadata": {
                    "trials": 1
                }
            },
            {
                "query": {
                    "x1": -0.9029880378480044,
                    "x2": 0.45002395096492265
                },
                "metrics": {
                    "outcome": -0.3262945017831158
                },
                "metadata": {
                    "trials": 1
                }
            }
        ],
        [
            {
                "query": {
                    "x1": -0.8089292467298667,
                    "x2": -0.012082231614439753
                },
                "metrics": {
                    "outcome": -0.4203967671392241
                },
                "metadata": {
                    "trials": 1
                }
            },
            {
                "query": {
                    "x1": -0.6012434150918451,
                    "x2": 0.4322453041367421
                },
                "metrics": {
                    "outcome": -0.3474671826716263
                },
                "metadata": {
                    "trials": 1
                }
            },
            {
                "query": {
                    "x1": -0.8086933684724933,
                    "x2": -0.3350731285952575
                },
                "metrics": {
                    "outcome": -0.3758389977141139
                },
                "metadata": {
                    "trials": 1
                }
            }
        ],
        [
            {
                "query": {
                    "x1": -0.8089293783021376,
                    "x2": -0.012080480972688523
                },
                "metrics": {
                    "outcome": -0.4203967638117076
                },
                "metadata": {
                    "trials": 1
                }
            },
            {
                "query": {
                    "x1": -0.8271872646954188,
                    "x2": -0.43051214837122487
                },
                "metrics": {
                    "outcome": -0.34669714823000863
                },
                "metadata": {
                    "trials": 1
                }
            },
            {
                "query": {
                    "x1": -0.6216768451368452,
                    "x2": 0.4419771734141072
                },
                "metrics": {
                    "outcome": -0.3474408707986711
                },
                "metadata": {
                    "trials": 1
                }
            }
        ],
        [
            {
                "query": {
                    "x1": -0.7057781513143706,
                    "x2": -0.0013086445658369293
                },
                "metrics": {
                    "outcome": -0.42887969288053485
                },
                "metadata": {
                    "trials": 1
                }
            },
            {
                "query": {
                    "x1": -0.5832289720338117,
                    "x2": -0.08826518695885088
                },
                "metrics": {
                    "outcome": -0.4118392404453715
                },
                "metadata": {
                    "trials": 1
                }
            },
            {
                "query": {
                    "x1": -0.6535311871648696,
                    "x2": 0.21718123121183877
                },
                "metrics": {
                    "outcome": -0.406717790466568
                },
                "metadata": {
                    "trials": 1
                }
            }
        ],
        [
            {
                "query": {
                    "x1": -0.7057779392005845,
                    "x2": -0.0013086706046090903
                },
                "metrics": {
                    "outcome": -0.42887969236734347
                },
                "metadata": {
                    "trials": 1
                }
            },
            {
                "query": {
                    "x1": -0.7181402000083574,
                    "x2": 0.17395974135108805
                },
                "metrics": {
                    "outcome": -0.41599676181948086
                },
                "metadata": {
                    "trials": 1
                }
            },
            {
                "query": {
                    "x1": -0.9065383802839575,
                    "x2": -0.03918006511868466
                },
                "metrics": {
                    "outcome": -0.3979341167773216
                },
                "metadata": {
                    "trials": 1
                }
            }
        ],
        [
            {
                "query": {
                    "x1": -0.7057783112323226,
                    "x2": -0.0013083121574892613
                },
                "metrics": {
                    "outcome": -0.4288796936184369
                },
                "metadata": {
                    "trials": 1
                }
            },
            {
                "query": {
                    "x1": -0.721862562568932,
                    "x2": 0.17384774892705504
                },
                "metrics": {
                    "outcome": -0.41593382170832616
                },
                "metadata": {
                    "trials": 1
                }
            },
            {
                "query": {
                    "x1": -0.7913485992077458,
                    "x2": -0.16214787891504479
                },
                "metrics": {
                    "outcome": -0.4120785710268263
                },
                "metadata": {
                    "trials": 1
                }
            }
        ],
        [
            {
                "query": {
                    "x1": -0.705778097674151,
                    "x2": -0.0013084010422079477
                },
                "metrics": {
                    "outcome": -0.42887969303148604
                },
                "metadata": {
                    "trials": 1
                }
            },
            {
                "query": {
                    "x1": -0.7275389763846798,
                    "x2": -0.21588430295843786
                },
                "metrics": {
                    "outcome": -0.4090136702074305
                },
                "metadata": {
                    "trials": 1
                }
            },
            {
                "query": {
                    "x1": -0.6569002802796926,
                    "x2": 0.18819527837667038
                },
                "metrics": {
                    "outcome": -0.41182429318566266
                },
                "metadata": {
                    "trials": 1
                }
            }
        ],
        [
            {
                "query": {
                    "x1": -0.7057781477640415,
                    "x2": -0.0013086442263004643
                },
                "metrics": {
                    "outcome": -0.4288796928728161
                },
                "metadata": {
                    "trials": 1
                }
            },
            {
                "query": {
                    "x1": -0.7816642345725846,
                    "x2": -0.14913506464655768
                },
                "metrics": {
                    "outcome": -0.41496120655032487
                },
                "metadata": {
                    "trials": 1
                }
            },
            {
                "query": {
                    "x1": -0.5695004912519517,
                    "x2": 0.12793971558851958
                },
                "metrics": {
                    "outcome": -0.4050701512735379
                },
                "metadata": {
                    "trials": 1
                }
            }
        ],
        [
            {
                "query": {
                    "x1": -0.7078305281684123,
                    "x2": 0.00021110268761879097
                },
                "metrics": {
                    "outcome": -0.4288814742159036
                },
                "metadata": {
                    "trials": 1
                }
            },
            {
                "query": {
                    "x1": -0.7016703506261224,
                    "x2": 0.04122392059469405
                },
                "metrics": {
                    "outcome": -0.42812834201657246
                },
                "metadata": {
                    "trials": 1
                }
            },
            {
                "query": {
                    "x1": -0.6416615961228329,
                    "x2": 0.023154522483238793
                },
                "metrics": {
                    "outcome": -0.4248751325651462
                },
                "metadata": {
                    "trials": 1
                }
            }
        ],
        [
            {
                "query": {
                    "x1": -0.707831323423723,
                    "x2": 0.00021198592168778044
                },
                "metrics": {
                    "outcome": -0.42888147306820507
                },
                "metadata": {
                    "trials": 1
                }
            },
            {
                "query": {
                    "x1": -0.7039982792805969,
                    "x2": 0.04116777354410848
                },
                "metrics": {
                    "outcome": -0.42814740870298185
                },
                "metadata": {
                    "trials": 1
                }
            },
            {
                "query": {
                    "x1": -0.6861370030772407,
                    "x2": -0.03107393442026541
                },
                "metrics": {
                    "outcome": -0.4280875558204926
                },
                "metadata": {
                    "trials": 1
                }
            }
        ],
        [
            {
                "query": {
                    "x1": -0.707830581900615,
                    "x2": 0.00021109943126553985
                },
                "metrics": {
                    "outcome": -0.4288814741498107
                },
                "metadata": {
                    "trials": 1
                }
            },
            {
                "query": {
                    "x1": -0.7141899672664369,
                    "x2": 0.03953857707284792
                },
                "metrics": {
                    "outcome": -0.4281691719825701
                },
                "metadata": {
                    "trials": 1
                }
            },
            {
                "query": {
                    "x1": -0.666849492729929,
                    "x2": 0.004761016907928957
                },
                "metrics": {
                    "outcome": -0.42745689767259176
                },
                "metadata": {
                    "trials": 1
                }
            }
        ],
        [
            {
                "query": {
                    "x1": -0.7078305970145617,
                    "x2": 0.00021107707413998292
                },
                "metrics": {
                    "outcome": -0.42888147413510114
                },
                "metadata": {
                    "trials": 1
                }
            },
            {
                "query": {
                    "x1": -0.7146135791515765,
                    "x2": 0.039818446184480216
                },
                "metrics": {
                    "outcome": -0.4281543972186945
                },
                "metadata": {
                    "trials": 1
                }
            },
            {
                "query": {
                    "x1": -0.665969236711609,
                    "x2": 0.08181823333256344
                },
                "metrics": {
                    "outcome": -0.42455188770317553
                },
                "metadata": {
                    "trials": 1
                }
            }
        ],
        [
            {
                "query": {
                    "x1": -0.7078304681574752,
                    "x2": 0.00021029119492434894
                },
                "metrics": {
                    "outcome": -0.4288814744370319
                },
                "metadata": {
                    "trials": 1
                }
            },
            {
                "query": {
                    "x1": -0.683122853846165,
                    "x2": 0.03817004029661567
                },
                "metrics": {
                    "outcome": -0.4277594187564546
                },
                "metadata": {
                    "trials": 1
                }
            },
            {
                "query": {
                    "x1": -0.48701511175966594,
                    "x2": 0.04132143154888457
                },
                "metrics": {
                    "outcome": -0.38352467990637773
                },
                "metadata": {
                    "trials": 1
                }
            }
        ],
        [
            {
                "query": {
                    "x1": -0.7072550830712464,
                    "x2": -0.00037640101346182844
                },
                "metrics": {
                    "outcome": -0.4288818628534762
                },
                "metadata": {
                    "trials": 1
                }
            },
            {
                "query": {
                    "x1": -0.7133487912412922,
                    "x2": 0.03614524215008088
                },
                "metrics": {
                    "outcome": -0.4282887050044615
                },
                "metadata": {
                    "trials": 1
                }
            },
            {
                "query": {
                    "x1": -0.672636646601489,
                    "x2": 0.0008343553940750589
                },
                "metrics": {
                    "outcome": -0.42784651793276746
                },
                "metadata": {
                    "trials": 1
                }
            }
        ],
        [
            {
                "query": {
                    "x1": -0.7072550962351373,
                    "x2": -0.00037697196815981976
                },
                "metrics": {
                    "outcome": -0.4288818626656472
                },
                "metadata": {
                    "trials": 1
                }
            },
            {
                "query": {
                    "x1": -0.7115097035284039,
                    "x2": 0.035312280780546115
                },
                "metrics": {
                    "outcome": -0.4283309053392098
                },
                "metadata": {
                    "trials": 1
                }
            },
            {
                "query": {
                    "x1": -0.6728941228778142,
                    "x2": 0.03868132834127478
                },
                "metrics": {
                    "outcome": -0.4272226262749506
                },
                "metadata": {
                    "trials": 1
                }
            }
        ],
        [
            {
                "query": {
                    "x1": -0.7072545658498546,
                    "x2": -0.00037707220336358985
                },
                "metrics": {
                    "outcome": -0.42888186276792667
                },
                "metadata": {
                    "trials": 1
                }
            },
            {
                "query": {
                    "x1": -0.7068974468983752,
                    "x2": 0.038256402118337286
                },
                "metrics": {
                    "outcome": -0.4282546728944504
                },
                "metadata": {
                    "trials": 1
                }
            },
            {
                "query": {
                    "x1": -0.7117837273947318,
                    "x2": -0.03605103577148761
                },
                "metrics": {
                    "outcome": -0.42830619978371504
                },
                "metadata": {
                    "trials": 1
                }
            }
        ],
        [
            {
                "query": {
                    "x1": -0.7072548190081541,
                    "x2": -0.00037673820477460086
                },
                "metrics": {
                    "outcome": -0.42888186281167573
                },
                "metadata": {
                    "trials": 1
                }
            },
            {
                "query": {
                    "x1": -0.7145835194704697,
                    "x2": 0.034707436451363975
                },
                "metrics": {
                    "outcome": -0.4283178971739863
                },
                "metadata": {
                    "trials": 1
                }
            },
            {
                "query": {
                    "x1": -0.7035303195835071,
                    "x2": -0.03680943251481222
                },
                "metrics": {
                    "outcome": -0.4282902538483537
                },
                "metadata": {
                    "trials": 1
                }
            }
        ],
        [
            {
                "query": {
                    "x1": -0.7072550615895858,
                    "x2": -0.00037724419259401175
                },
                "metrics": {
                    "outcome": -0.42888186258640415
                },
                "metadata": {
                    "trials": 1
                }
            },
            {
                "query": {
                    "x1": -0.7033034910051548,
                    "x2": 0.0356332013081254
                },
                "metrics": {
                    "outcome": -0.4283253119649737
                },
                "metadata": {
                    "trials": 1
                }
            },
            {
                "query": {
                    "x1": -0.666176847457027,
                    "x2": 0.0259983111986295
                },
                "metrics": {
                    "outcome": -0.42712968016479386
                },
                "metadata": {
                    "trials": 1
                }
            }
        ],
        [
            {
                "query": {
                    "x1": -0.7071892183483554,
                    "x2": -0.0001626927874947066
                },
                "metrics": {
                    "outcome": -0.4288819252992632
                },
                "metadata": {
                    "trials": 1
                }
            },
            {
                "query": {
                    "x1": -0.7063163409266647,
                    "x2": 0.034369709945106484
                },
                "metrics": {
                    "outcome": -0.42837507774495565
                },
                "metadata": {
                    "trials": 1
                }
            },
            {
                "query": {
                    "x1": -0.6659929190495013,
                    "x2": 0.03000589900426572
                },
                "metrics": {
                    "outcome": -0.4270205404743029
                },
                "metadata": {
                    "trials": 1
                }
            }
        ],
        [
            {
                "query": {
                    "x1": -0.7071893474161166,
                    "x2": -0.0001620372960382806
                },
                "metrics": {
                    "outcome": -0.4288819253722877
                },
                "metadata": {
                    "trials": 1
                }
            },
            {
                "query": {
                    "x1": -0.7098387624061996,
                    "x2": -0.03442432622872506
                },
                "metrics": {
                    "outcome": -0.42836761744773716
                },
                "metadata": {
                    "trials": 1
                }
            },
            {
                "query": {
                    "x1": -0.71047367313487,
                    "x2": 0.033851181488949174
                },
                "metrics": {
                    "outcome": -0.42838107009642834
                },
                "metadata": {
                    "trials": 1
                }
            }
        ],
        [
            {
                "query": {
                    "x1": -0.7071891713996724,
                    "x2": -0.0001625956890746598
                },
                "metrics": {
                    "outcome": -0.4288819253194469
                },
                "metadata": {
                    "trials": 1
                }
            },
            {
                "query": {
                    "x1": -0.7027438822306923,
                    "x2": 0.033861676987294295
                },
                "metrics": {
                    "outcome": -0.4283741205052789
                },
                "metadata": {
                    "trials": 1
                }
            },
            {
                "query": {
                    "x1": -0.7924958790215442,
                    "x2": -0.11099002068674224
                },
                "metrics": {
                    "outcome": -0.4177231125250135
                },
                "metadata": {
                    "trials": 1
                }
            }
        ],
        [
            {
                "query": {
                    "x1": -0.7071893703326869,
                    "x2": -0.0001627753405471206
                },
                "metrics": {
                    "outcome": -0.4288819252662272
                },
                "metadata": {
                    "trials": 1
                }
            },
            {
                "query": {
                    "x1": -0.7104216907123255,
                    "x2": 0.03327037901777386
                },
                "metrics": {
                    "outcome": -0.42839806748381953
                },
                "metadata": {
                    "trials": 1
                }
            },
            {
                "query": {
                    "x1": -0.7065752088818449,
                    "x2": -0.0347113209892911
                },
                "metrics": {
                    "outcome": -0.4283652620428601
                },
                "metadata": {
                    "trials": 1
                }
            }
        ],
        [
            {
                "query": {
                    "x1": -0.7071891903044355,
                    "x2": -0.00016288586868137795
                },
                "metrics": {
                    "outcome": -0.42888192527626756
                },
                "metadata": {
                    "trials": 1
                }
            },
            {
                "query": {
                    "x1": -0.734238703044916,
                    "x2": 0.02702388771474684
                },
                "metrics": {
                    "outcome": -0.4279461717346929
                },
                "metadata": {
                    "trials": 1
                }
            },
            {
                "query": {
                    "x1": -0.7077583971554724,
                    "x2": -0.0346773090300395
                },
                "metrics": {
                    "outcome": -0.42836615149161056
                },
                "metadata": {
                    "trials": 1
                }
            }
        ]
    ]
}