{
    "date": "04/11/2022 13:57:23",
    "basic_params": {
        "active_variables": [
            "x1",
            "x2"
        ],
        "default_query": {},
        "metric": "basic",
        "n_trials": 1
    },
    "objective_function": {
        "name": "Gramacy2D",
        "params": {}
    },
    "optimizer": {
        "name": "BBO-LP(LCB)",
        "params": {
            "lower_bound": [
                -2.0,
                -2.0
            ],
            "upper_bound": [
                6.0,
                6.0
            ],
            "invert_metric": false,
            "bopt_params": {
                "n_init_samples": 15,
                "n_iterations": 45,
                "n_iter_relearn": 5,
                "verbose_level": 1,
                "n_parallel_samples": 3,
                "par_type": "PAR_BBO",
                "crit_name": "cLP(cLCB)",
                "n_crit_params": 3,
                "crit_params": [
                    3,
                    1,
                    1.0
                ]
            }
        }
    },
    "iterations": [
        [
            {
                "query": {
                    "x1": -0.758184232811133,
                    "x2": 2.9033546062807245
                },
                "metrics": {
                    "outcome": -9.316483891040947e-05
                },
                "metadata": {
                    "trials": 1
                }
            }
        ],
        [
            {
                "query": {
                    "x1": 0.36497457250952703,
                    "x2": -0.3809292080501716
                },
                "metrics": {
                    "outcome": 0.2763074476963476
                },
                "metadata": {
                    "trials": 1
                }
            }
        ],
        [
            {
                "query": {
                    "x1": 2.800449982037147,
                    "x2": -0.6632597676167886
                },
                "metrics": {
                    "outcome": 0.000708292432643407
                },
                "metadata": {
                    "trials": 1
                }
            }
        ],
        [
            {
                "query": {
                    "x1": 2.5022333243240915,
                    "x2": 0.26438167455295725
                },
                "metrics": {
                    "outcome": 0.004454298845684861
                },
                "metadata": {
                    "trials": 1
                }
            }
        ],
        [
            {
                "query": {
                    "x1": 1.4147105875114598,
                    "x2": -1.752790909508864
                },
                "metrics": {
                    "outcome": 0.008855141391172803
                },
                "metadata": {
                    "trials": 1
                }
            }
        ],
        [
            {
                "query": {
                    "x1": 4.983107390254736,
                    "x2": 4.688306499272585
                },
                "metrics": {
                    "outcome": 2.330722805307516e-20
                },
                "metadata": {
                    "trials": 1
                }
            }
        ],
        [
            {
                "query": {
                    "x1": 5.922817506144444,
                    "x2": 2.4876803314934177
                },
                "metrics": {
                    "outcome": 7.078225897609094e-18
                },
                "metadata": {
                    "trials": 1
                }
            }
        ],
        [
            {
                "query": {
                    "x1": 4.330458419273297,
                    "x2": -0.9720010014871756
                },
                "metrics": {
                    "outcome": 1.2076762793365734e-08
                },
                "metadata": {
                    "trials": 1
                }
            }
        ],
        [
            {
                "query": {
                    "x1": -1.6718371236075957,
                    "x2": 0.7805565688759089
                },
                "metrics": {
                    "outcome": -0.05555482937227233
                },
                "metadata": {
                    "trials": 1
                }
            }
        ],
        [
            {
                "query": {
                    "x1": 0.765716189270218,
                    "x2": 1.7417214096834264
                },
                "metrics": {
                    "outcome": 0.020509677327922433
                },
                "metadata": {
                    "trials": 1
                }
            }
        ],
        [
            {
                "query": {
                    "x1": 3.5875070107479887,
                    "x2": 5.647705532858769
                },
                "metrics": {
                    "outcome": 1.2966577134403843e-19
                },
                "metadata": {
                    "trials": 1
                }
            }
        ],
        [
            {
                "query": {
                    "x1": -0.0699914369732142,
                    "x2": 3.549788369610906
                },
                "metrics": {
                    "outcome": -2.346246946112787e-07
                },
                "metadata": {
                    "trials": 1
                }
            }
        ],
        [
            {
                "query": {
                    "x1": 2.133051616077622,
                    "x2": 5.404837832351526
                },
                "metrics": {
                    "outcome": 4.637376709626484e-15
                },
                "metadata": {
                    "trials": 1
                }
            }
        ],
        [
            {
                "query": {
                    "x1": -1.0484794728457927,
                    "x2": 4.359381734703978
                },
                "metrics": {
                    "outcome": -1.948555865912327e-09
                },
                "metadata": {
                    "trials": 1
                }
            }
        ],
        [
            {
                "query": {
                    "x1": 4.911008946970105,
                    "x2": 1.7076275875171025
                },
                "metrics": {
                    "outcome": 8.921817397351044e-12
                },
                "metadata": {
                    "trials": 1
                }
            }
        ],
        [
            {
                "query": {
                    "x1": 0.8980674284253993,
                    "x2": 6.0
                },
                "metrics": {
                    "outcome": 9.299041671131701e-17
                },
                "metadata": {
                    "trials": 1
                }
            },
            {
                "query": {
                    "x1": 1.133876173377749,
                    "x2": 4.432095557896317
                },
                "metrics": {
                    "outcome": 9.228963301601767e-10
                },
                "metadata": {
                    "trials": 1
                }
            },
            {
                "query": {
                    "x1": -1.9999999999999933,
                    "x2": -1.9999999999999734
                },
                "metrics": {
                    "outcome": -0.0006709252558051108
                },
                "metadata": {
                    "trials": 1
                }
            }
        ],
        [
            {
                "query": {
                    "x1": 6.0,
                    "x2": -1.99999999999994
                },
                "metrics": {
                    "outcome": 2.549012553175569e-17
                },
                "metadata": {
                    "trials": 1
                }
            },
            {
                "query": {
                    "x1": -2.0,
                    "x2": 1.9803736796496314
                },
                "metrics": {
                    "outcome": -0.0007254396083756994
                },
                "metadata": {
                    "trials": 1
                }
            },
            {
                "query": {
                    "x1": -2.0,
                    "x2": 3.5714162521147825
                },
                "metrics": {
                    "outcome": -1.0578396745896725e-07
                },
                "metadata": {
                    "trials": 1
                }
            }
        ],
        [
            {
                "query": {
                    "x1": 2.089185293577809,
                    "x2": -2.0
                },
                "metrics": {
                    "outcome": 0.0004866715914289441
                },
                "metadata": {
                    "trials": 1
                }
            },
            {
                "query": {
                    "x1": 0.09016906449825868,
                    "x2": 6.0
                },
                "metrics": {
                    "outcome": 2.074556185532503e-17
                },
                "metadata": {
                    "trials": 1
                }
            },
            {
                "query": {
                    "x1": 5.223141429438824,
                    "x2": -2.0
                },
                "metrics": {
                    "outcome": 1.3573019164657437e-13
                },
                "metadata": {
                    "trials": 1
                }
            }
        ],
        [
            {
                "query": {
                    "x1": -1.4464407970807975,
                    "x2": 1.7348572838613747
                },
                "metrics": {
                    "outcome": -0.008801660706788157
                },
                "metadata": {
                    "trials": 1
                }
            },
            {
                "query": {
                    "x1": -1.4373009835218857,
                    "x2": 0.8581335308453726
                },
                "metrics": {
                    "outcome": -0.08720791043927108
                },
                "metadata": {
                    "trials": 1
                }
            },
            {
                "query": {
                    "x1": -1.4873062647866528,
                    "x2": 0.01417144935049608
                },
                "metrics": {
                    "outcome": -0.16278676130995728
                },
                "metadata": {
                    "trials": 1
                }
            }
        ],
        [
            {
                "query": {
                    "x1": -1.2350478183080078,
                    "x2": -2.0
                },
                "metrics": {
                    "outcome": -0.004921049663962053
                },
                "metadata": {
                    "trials": 1
                }
            },
            {
                "query": {
                    "x1": -1.2369216459274388,
                    "x2": -1.5114005881912171
                },
                "metrics": {
                    "outcome": -0.027277825850111723
                },
                "metadata": {
                    "trials": 1
                }
            },
            {
                "query": {
                    "x1": -1.235339679733512,
                    "x2": -1.0948219535044226
                },
                "metrics": {
                    "outcome": -0.08099618229195697
                },
                "metadata": {
                    "trials": 1
                }
            }
        ],
        [
            {
                "query": {
                    "x1": -1.9999199726434507,
                    "x2": 1.3389975751781855
                },
                "metrics": {
                    "outcome": -0.006099873551804269
                },
                "metadata": {
                    "trials": 1
                }
            },
            {
                "query": {
                    "x1": -1.3476643359256861,
                    "x2": 1.3384068377209974
                },
                "metrics": {
                    "outcome": -0.03654689483393305
                },
                "metadata": {
                    "trials": 1
                }
            },
            {
                "query": {
                    "x1": -0.6933831097789016,
                    "x2": 1.3378088992067605
                },
                "metrics": {
                    "outcome": -0.07159819661278581
                },
                "metadata": {
                    "trials": 1
                }
            }
        ],
        [
            {
                "query": {
                    "x1": 6.0,
                    "x2": 1.1305052769149602
                },
                "metrics": {
                    "outcome": 3.87706636438438e-16
                },
                "metadata": {
                    "trials": 1
                }
            },
            {
                "query": {
                    "x1": 5.728065862716253,
                    "x2": 1.1298350059981428
                },
                "metrics": {
                    "outcome": 8.996977202108257e-15
                },
                "metadata": {
                    "trials": 1
                }
            },
            {
                "query": {
                    "x1": 5.449042439168713,
                    "x2": 1.1291457403455598
                },
                "metrics": {
                    "outcome": 1.938690017195009e-13
                },
                "metadata": {
                    "trials": 1
                }
            }
        ],
        [
            {
                "query": {
                    "x1": -1.570037155145255,
                    "x2": 0.07757440460370901
                },
                "metrics": {
                    "outcome": -0.1326640651462542
                },
                "metadata": {
                    "trials": 1
                }
            },
            {
                "query": {
                    "x1": -1.4095636080587597,
                    "x2": 0.07669030999868598
                },
                "metrics": {
                    "outcome": -0.1921515663776429
                },
                "metadata": {
                    "trials": 1
                }
            },
            {
                "query": {
                    "x1": 6.0,
                    "x2": 3.967281430613406
                },
                "metrics": {
                    "outcome": 2.032587405410328e-22
                },
                "metadata": {
                    "trials": 1
                }
            }
        ],
        [
            {
                "query": {
                    "x1": 6.0,
                    "x2": 0.04882996954920715
                },
                "metrics": {
                    "outcome": 1.3883992963688748e-15
                },
                "metadata": {
                    "trials": 1
                }
            },
            {
                "query": {
                    "x1": 5.9999999999776605,
                    "x2": 0.04770978190243724
                },
                "metrics": {
                    "outcome": 1.388549450015891e-15
                },
                "metadata": {
                    "trials": 1
                }
            },
            {
                "query": {
                    "x1": 6.0,
                    "x2": 0.05086127301321364
                },
                "metrics": {
                    "outcome": 1.388118169580696e-15
                },
                "metadata": {
                    "trials": 1
                }
            }
        ],
        [
            {
                "query": {
                    "x1": -1.9999999999459515,
                    "x2": 0.04405358988311914
                },
                "metrics": {
                    "outcome": -0.036560255714831624
                },
                "metadata": {
                    "trials": 1
                }
            },
            {
                "query": {
                    "x1": -1.9133680784484444,
                    "x2": 0.04418701140808867
                },
                "metrics": {
                    "outcome": -0.049091723888247944
                },
                "metadata": {
                    "trials": 1
                }
            },
            {
                "query": {
                    "x1": -1.8262370982115428,
                    "x2": 0.04431898386703104
                },
                "metrics": {
                    "outcome": -0.06490383982346884
                },
                "metadata": {
                    "trials": 1
                }
            }
        ],
        [
            {
                "query": {
                    "x1": 3.3665106293077605,
                    "x2": 2.98466965227086
                },
                "metrics": {
                    "outcome": 5.449347479049137e-09
                },
                "metadata": {
                    "trials": 1
                }
            },
            {
                "query": {
                    "x1": -1.0310068386314724,
                    "x2": 0.046480540840720064
                },
                "metrics": {
                    "outcome": -0.3553686051022908
                },
                "metadata": {
                    "trials": 1
                }
            },
            {
                "query": {
                    "x1": 6.0,
                    "x2": 5.99999999999997
                },
                "metrics": {
                    "outcome": 3.228111696013876e-31
                },
                "metadata": {
                    "trials": 1
                }
            }
        ],
        [
            {
                "query": {
                    "x1": -0.811903486008068,
                    "x2": -0.09959542060488347
                },
                "metrics": {
                    "outcome": -0.41582934806658367
                },
                "metadata": {
                    "trials": 1
                }
            },
            {
                "query": {
                    "x1": -0.7382991406281592,
                    "x2": -0.6149159274276312
                },
                "metrics": {
                    "outcome": -0.29328412915609736
                },
                "metadata": {
                    "trials": 1
                }
            },
            {
                "query": {
                    "x1": -1.120175182214,
                    "x2": 0.13649877700305657
                },
                "metrics": {
                    "outcome": -0.31350521972582923
                },
                "metadata": {
                    "trials": 1
                }
            }
        ],
        [
            {
                "query": {
                    "x1": -0.7539355112128867,
                    "x2": 0.06780701719871507
                },
                "metrics": {
                    "outcome": -0.4250854845455152
                },
                "metadata": {
                    "trials": 1
                }
            },
            {
                "query": {
                    "x1": -0.7546100523477597,
                    "x2": -0.19126986653326528
                },
                "metrics": {
                    "outcome": -0.4116529483197761
                },
                "metadata": {
                    "trials": 1
                }
            },
            {
                "query": {
                    "x1": -0.765715718178829,
                    "x2": 0.32434087232863895
                },
                "metrics": {
                    "outcome": -0.3834822798053088
                },
                "metadata": {
                    "trials": 1
                }
            }
        ],
        [
            {
                "query": {
                    "x1": -0.7058680705450946,
                    "x2": 0.0028745218821613072
                },
                "metrics": {
                    "outcome": -0.4288770817836253
                },
                "metadata": {
                    "trials": 1
                }
            },
            {
                "query": {
                    "x1": -0.6784632423544887,
                    "x2": 0.1660800904224411
                },
                "metrics": {
                    "outcome": -0.4165203563831624
                },
                "metadata": {
                    "trials": 1
                }
            },
            {
                "query": {
                    "x1": -0.7165384982972753,
                    "x2": -0.16151935321238975
                },
                "metrics": {
                    "outcome": -0.4177637393529134
                },
                "metadata": {
                    "trials": 1
                }
            }
        ],
        [
            {
                "query": {
                    "x1": -0.7090799320115624,
                    "x2": -0.0005755142185810413
                },
                "metrics": {
                    "outcome": -0.42887846398856766
                },
                "metadata": {
                    "trials": 1
                }
            },
            {
                "query": {
                    "x1": -0.7063890048611072,
                    "x2": 0.09628951351975967
                },
                "metrics": {
                    "outcome": -0.42492342980740117
                },
                "metadata": {
                    "trials": 1
                }
            },
            {
                "query": {
                    "x1": -0.7047010631494943,
                    "x2": -0.09728700611568009
                },
                "metrics": {
                    "outcome": -0.4248369035950941
                },
                "metadata": {
                    "trials": 1
                }
            }
        ],
        [
            {
                "query": {
                    "x1": 1.6337555053387076,
                    "x2": 1.2467926996656393
                },
                "metrics": {
                    "outcome": 0.023926521922094143
                },
                "metadata": {
                    "trials": 1
                }
            },
            {
                "query": {
                    "x1": 4.139229214465422,
                    "x2": 3.4169184969843105
                },
                "metrics": {
                    "outcome": 1.2750433798377165e-12
                },
                "metadata": {
                    "trials": 1
                }
            },
            {
                "query": {
                    "x1": -0.7200850411152349,
                    "x2": -0.003846315903587083
                },
                "metrics": {
                    "outcome": -0.42873201801526234
                },
                "metadata": {
                    "trials": 1
                }
            }
        ],
        [
            {
                "query": {
                    "x1": -0.71438694195307,
                    "x2": 0.0005940335498548777
                },
                "metrics": {
                    "outcome": -0.4288364862525803
                },
                "metadata": {
                    "trials": 1
                }
            },
            {
                "query": {
                    "x1": -0.6377917862720177,
                    "x2": -0.036548353071767625
                },
                "metrics": {
                    "outcome": -0.4240696588701139
                },
                "metadata": {
                    "trials": 1
                }
            },
            {
                "query": {
                    "x1": -0.7298114738776049,
                    "x2": 0.1940684230018479
                },
                "metrics": {
                    "outcome": -0.4126083779196884
                },
                "metadata": {
                    "trials": 1
                }
            }
        ],
        [
            {
                "query": {
                    "x1": -0.7004232799782815,
                    "x2": -0.0008853287740064886
                },
                "metrics": {
                    "outcome": -0.42884317087498053
                },
                "metadata": {
                    "trials": 1
                }
            },
            {
                "query": {
                    "x1": -0.6896423353814569,
                    "x2": -0.08403150835471407
                },
                "metrics": {
                    "outcome": -0.4256022665411065
                },
                "metadata": {
                    "trials": 1
                }
            },
            {
                "query": {
                    "x1": -0.7144761438696645,
                    "x2": 0.08147319387549556
                },
                "metrics": {
                    "outcome": -0.42599838993523387
                },
                "metadata": {
                    "trials": 1
                }
            }
        ],
        [
            {
                "query": {
                    "x1": -0.7055601937083247,
                    "x2": -0.0002508064811168609
                },
                "metrics": {
                    "outcome": -0.42887986229516273
                },
                "metadata": {
                    "trials": 1
                }
            },
            {
                "query": {
                    "x1": -0.6931685796353486,
                    "x2": -0.07256877867724643
                },
                "metrics": {
                    "outcome": -0.42646245084426626
                },
                "metadata": {
                    "trials": 1
                }
            },
            {
                "query": {
                    "x1": -0.7032876299552824,
                    "x2": 0.07289253736919132
                },
                "metrics": {
                    "outcome": -0.4265967305906203
                },
                "metadata": {
                    "trials": 1
                }
            }
        ],
        [
            {
                "query": {
                    "x1": -0.709411843172403,
                    "x2": -0.0005249049094335767
                },
                "metrics": {
                    "outcome": -0.4288772717121922
                },
                "metadata": {
                    "trials": 1
                }
            },
            {
                "query": {
                    "x1": -0.6946431168945617,
                    "x2": 0.06694388571146792
                },
                "metrics": {
                    "outcome": -0.42683079460123285
                },
                "metadata": {
                    "trials": 1
                }
            },
            {
                "query": {
                    "x1": -0.6899494043761969,
                    "x2": -0.06694423449269316
                },
                "metrics": {
                    "outcome": -0.4267108240599123
                },
                "metadata": {
                    "trials": 1
                }
            }
        ],
        [
            {
                "query": {
                    "x1": 3.328272293721068,
                    "x2": 1.2561196089122295
                },
                "metrics": {
                    "outcome": 1.0619914485386652e-05
                },
                "metadata": {
                    "trials": 1
                }
            },
            {
                "query": {
                    "x1": -0.7073365013720021,
                    "x2": -0.0007657259046243148
                },
                "metrics": {
                    "outcome": -0.42888164575099513
                },
                "metadata": {
                    "trials": 1
                }
            },
            {
                "query": {
                    "x1": -0.7001787292702817,
                    "x2": 0.07354893480036884
                },
                "metrics": {
                    "outcome": -0.42652711104296814
                },
                "metadata": {
                    "trials": 1
                }
            }
        ],
        [
            {
                "query": {
                    "x1": -0.7074448035513452,
                    "x2": -0.0009560543074593753
                },
                "metrics": {
                    "outcome": -0.42888145247371723
                },
                "metadata": {
                    "trials": 1
                }
            },
            {
                "query": {
                    "x1": -0.6952248481611059,
                    "x2": 0.07142720421681137
                },
                "metrics": {
                    "outcome": -0.42657827583575597
                },
                "metadata": {
                    "trials": 1
                }
            },
            {
                "query": {
                    "x1": -0.7137804215959014,
                    "x2": -0.07341289946775498
                },
                "metrics": {
                    "outcome": -0.4265388436650635
                },
                "metadata": {
                    "trials": 1
                }
            }
        ],
        [
            {
                "query": {
                    "x1": -0.7073782373694995,
                    "x2": -0.0006666955587162349
                },
                "metrics": {
                    "outcome": -0.42888168865049675
                },
                "metadata": {
                    "trials": 1
                }
            },
            {
                "query": {
                    "x1": -0.7129625984251982,
                    "x2": -0.07130263872989251
                },
                "metrics": {
                    "outcome": -0.42667782889188033
                },
                "metadata": {
                    "trials": 1
                }
            },
            {
                "query": {
                    "x1": -0.7048682287020036,
                    "x2": 0.07024004034191211
                },
                "metrics": {
                    "outcome": -0.42676691283222906
                },
                "metadata": {
                    "trials": 1
                }
            }
        ],
        [
            {
                "query": {
                    "x1": -0.7072739946802997,
                    "x2": -0.0004762054210316613
                },
                "metrics": {
                    "outcome": -0.4288818212406345
                },
                "metadata": {
                    "trials": 1
                }
            },
            {
                "query": {
                    "x1": -0.7124422372029875,
                    "x2": -0.06955628683315873
                },
                "metrics": {
                    "outcome": -0.4267877512068451
                },
                "metadata": {
                    "trials": 1
                }
            },
            {
                "query": {
                    "x1": -0.7055051017618694,
                    "x2": 0.06883822690681463
                },
                "metrics": {
                    "outcome": -0.4268522149849074
                },
                "metadata": {
                    "trials": 1
                }
            }
        ],
        [
            {
                "query": {
                    "x1": -0.7072004418520335,
                    "x2": -0.00035231781920908034
                },
                "metrics": {
                    "outcome": -0.42888188171991876
                },
                "metadata": {
                    "trials": 1
                }
            },
            {
                "query": {
                    "x1": -0.7120279567496561,
                    "x2": -0.06807485457706819
                },
                "metrics": {
                    "outcome": -0.42687839298465113
                },
                "metadata": {
                    "trials": 1
                }
            },
            {
                "query": {
                    "x1": -0.7060030603808607,
                    "x2": 0.06757464944253755
                },
                "metrics": {
                    "outcome": -0.42692694849578366
                },
                "metadata": {
                    "trials": 1
                }
            }
        ],
        [
            {
                "query": {
                    "x1": -0.7071441748121494,
                    "x2": -0.0002666405330082888
                },
                "metrics": {
                    "outcome": -0.4288819107886848
                },
                "metadata": {
                    "trials": 1
                }
            },
            {
                "query": {
                    "x1": -0.7116857670698722,
                    "x2": -0.06678001595157612
                },
                "metrics": {
                    "outcome": -0.42695570565898416
                },
                "metadata": {
                    "trials": 1
                }
            },
            {
                "query": {
                    "x1": -0.7064286915859064,
                    "x2": 0.0664272998292712
                },
                "metrics": {
                    "outcome": -0.42699324038975955
                },
                "metadata": {
                    "trials": 1
                }
            }
        ],
        [
            {
                "query": {
                    "x1": -0.7070984363968749,
                    "x2": -0.00020512596444666187
                },
                "metrics": {
                    "outcome": -0.42888192437470246
                },
                "metadata": {
                    "trials": 1
                }
            },
            {
                "query": {
                    "x1": -0.7114012016161495,
                    "x2": -0.0656288101835929
                },
                "metrics": {
                    "outcome": -0.4270229411843376
                },
                "metadata": {
                    "trials": 1
                }
            },
            {
                "query": {
                    "x1": -0.7068368105515488,
                    "x2": 0.06537867319313406
                },
                "metrics": {
                    "outcome": -0.4270525920368109
                },
                "metadata": {
                    "trials": 1
                }
            }
        ],
        [
            {
                "query": {
                    "x1": -0.7070607271893865,
                    "x2": -0.00015860339549678137
                },
                "metrics": {
                    "outcome": -0.4288819298724809
                },
                "metadata": {
                    "trials": 1
                }
            },
            {
                "query": {
                    "x1": -0.7111546534064064,
                    "x2": -0.06459043788436536
                },
                "metrics": {
                    "outcome": -0.42708243711845606
                },
                "metadata": {
                    "trials": 1
                }
            },
            {
                "query": {
                    "x1": -0.707257519139918,
                    "x2": 0.06441513736718196
                },
                "metrics": {
                    "outcome": -0.42710604585345746
                },
                "metadata": {
                    "trials": 1
                }
            }
        ],
        [
            {
                "query": {
                    "x1": -0.7070262297856256,
                    "x2": -0.00012236435937906798
                },
                "metrics": {
                    "outcome": -0.42888193049285206
                },
                "metadata": {
                    "trials": 1
                }
            },
            {
                "query": {
                    "x1": -0.710945793462036,
                    "x2": -0.06364363148857533
                },
                "metrics": {
                    "outcome": -0.4271356968536045
                },
                "metadata": {
                    "trials": 1
                }
            },
            {
                "query": {
                    "x1": -0.7018872833590641,
                    "x2": 0.06330383643016368
                },
                "metrics": {
                    "outcome": -0.42714335883991955
                },
                "metadata": {
                    "trials": 1
                }
            }
        ],
        [
            {
                "query": {
                    "x1": -0.707049069338336,
                    "x2": -0.00010099961799325818
                },
                "metrics": {
                    "outcome": -0.42888193524836643
                },
                "metadata": {
                    "trials": 1
                }
            },
            {
                "query": {
                    "x1": -0.710642690668865,
                    "x2": -0.06278439426748217
                },
                "metrics": {
                    "outcome": -0.4271840046947829
                },
                "metadata": {
                    "trials": 1
                }
            },
            {
                "query": {
                    "x1": -0.712888315364091,
                    "x2": 0.06242698748715325
                },
                "metrics": {
                    "outcome": -0.4271853050454315
                },
                "metadata": {
                    "trials": 1
                }
            }
        ],
        [
            {
                "query": {
                    "x1": -0.7069751054272064,
                    "x2": -7.440889937870843e-05
                },
                "metrics": {
                    "outcome": -0.4288819252325026
                },
                "metadata": {
                    "trials": 1
                }
            },
            {
                "query": {
                    "x1": -0.7105925693145136,
                    "x2": -0.06197162095288866
                },
                "metrics": {
                    "outcome": -0.4272276226198715
                },
                "metadata": {
                    "trials": 1
                }
            },
            {
                "query": {
                    "x1": -0.6984366295481641,
                    "x2": 0.06131743412082846
                },
                "metrics": {
                    "outcome": -0.4272079503039803
                },
                "metadata": {
                    "trials": 1
                }
            }
        ],
        [
            {
                "query": {
                    "x1": -0.7070451103646553,
                    "x2": -6.737034117443308e-05
                },
                "metrics": {
                    "outcome": -0.42888193727134005
                },
                "metadata": {
                    "trials": 1
                }
            },
            {
                "query": {
                    "x1": -0.710201273430676,
                    "x2": -0.06124116563544946
                },
                "metrics": {
                    "outcome": -0.4272682706345831
                },
                "metadata": {
                    "trials": 1
                }
            },
            {
                "query": {
                    "x1": -0.7143885701067076,
                    "x2": 0.060756356498821606
                },
                "metrics": {
                    "outcome": -0.4272565558570801
                },
                "metadata": {
                    "trials": 1
                }
            }
        ],
        [
            {
                "query": {
                    "x1": -0.7069654919746473,
                    "x2": -4.9887255834768496e-05
                },
                "metrics": {
                    "outcome": -0.4288819242886054
                },
                "metadata": {
                    "trials": 1
                }
            },
            {
                "query": {
                    "x1": -0.7102371380044716,
                    "x2": -0.06053336124798969
                },
                "metrics": {
                    "outcome": -0.42730490918618935
                },
                "metadata": {
                    "trials": 1
                }
            },
            {
                "query": {
                    "x1": -0.6978637574776705,
                    "x2": 0.05981395512516041
                },
                "metrics": {
                    "outcome": -0.4272769341018998
                },
                "metadata": {
                    "trials": 1
                }
            }
        ],
        [
            {
                "query": {
                    "x1": -0.7070458480014596,
                    "x2": -4.7385966419621894e-05
                },
                "metrics": {
                    "outcome": -0.4288819383324864
                },
                "metadata": {
                    "trials": 1
                }
            },
            {
                "query": {
                    "x1": -0.7098270045135966,
                    "x2": -0.059895491637921294
                },
                "metrics": {
                    "outcome": -0.4273397816984254
                },
                "metadata": {
                    "trials": 1
                }
            },
            {
                "query": {
                    "x1": -0.715074373181372,
                    "x2": 0.059330575664445995
                },
                "metrics": {
                    "outcome": -0.4273208256910887
                },
                "metadata": {
                    "trials": 1
                }
            }
        ],
        [
            {
                "query": {
                    "x1": -0.7069655303355826,
                    "x2": -3.5573813859990366e-05
                },
                "metrics": {
                    "outcome": -0.42888192482252957
                },
                "metadata": {
                    "trials": 1
                }
            },
            {
                "query": {
                    "x1": -0.7099234804273862,
                    "x2": -0.059268768841127084
                },
                "metrics": {
                    "outcome": -0.4273712421935545
                },
                "metadata": {
                    "trials": 1
                }
            },
            {
                "query": {
                    "x1": -0.6976202014128425,
                    "x2": 0.058508358359712354
                },
                "metrics": {
                    "outcome": -0.4273390204911365
                },
                "metadata": {
                    "trials": 1
                }
            }
        ],
        [
            {
                "query": {
                    "x1": -0.7129176682044938,
                    "x2": 0.00013576564606276875
                },
                "metrics": {
                    "outcome": -0.42885305079657904
                },
                "metadata": {
                    "trials": 1
                }
            },
            {
                "query": {
                    "x1": -0.6863919194603241,
                    "x2": -0.047429975096738186
                },
                "metrics": {
                    "outcome": -0.4275474627190552
                },
                "metadata": {
                    "trials": 1
                }
            },
            {
                "query": {
                    "x1": -0.6871992590121883,
                    "x2": 0.04820367760482247
                },
                "metrics": {
                    "outcome": -0.4275442861210266
                },
                "metadata": {
                    "trials": 1
                }
            }
        ],
        [
            {
                "query": {
                    "x1": -0.7114962833057596,
                    "x2": 9.575642242332094e-05
                },
                "metrics": {
                    "outcome": -0.4288654457432149
                },
                "metadata": {
                    "trials": 1
                }
            },
            {
                "query": {
                    "x1": -0.6891519594369759,
                    "x2": -0.04742281036639184
                },
                "metrics": {
                    "outcome": -0.4276403126556485
                },
                "metadata": {
                    "trials": 1
                }
            },
            {
                "query": {
                    "x1": -0.6865460021931706,
                    "x2": 0.04774386236828887
                },
                "metrics": {
                    "outcome": -0.42754021032419615
                },
                "metadata": {
                    "trials": 1
                }
            }
        ],
        [
            {
                "query": {
                    "x1": -0.7108205138231074,
                    "x2": 7.703417594351336e-05
                },
                "metrics": {
                    "outcome": -0.4288701306107013
                },
                "metadata": {
                    "trials": 1
                }
            },
            {
                "query": {
                    "x1": -0.6909863419846789,
                    "x2": -0.047551209026771346
                },
                "metrics": {
                    "outcome": -0.42768922229718137
                },
                "metadata": {
                    "trials": 1
                }
            },
            {
                "query": {
                    "x1": -0.6907319285585891,
                    "x2": 0.04735739397550365
                },
                "metrics": {
                    "outcome": -0.4276899347447815
                },
                "metadata": {
                    "trials": 1
                }
            }
        ],
        [
            {
                "query": {
                    "x1": -0.7106515483748528,
                    "x2": 7.742783760855687e-05
                },
                "metrics": {
                    "outcome": -0.4288711798628507
                },
                "metadata": {
                    "trials": 1
                }
            },
            {
                "query": {
                    "x1": -0.6920109836432988,
                    "x2": -0.047550154202792294
                },
                "metrics": {
                    "outcome": -0.4277169346582895
                },
                "metadata": {
                    "trials": 1
                }
            },
            {
                "query": {
                    "x1": -0.71247088202508,
                    "x2": 0.0510835294866383
                },
                "metrics": {
                    "outcome": -0.42773966845820965
                },
                "metadata": {
                    "trials": 1
                }
            }
        ],
        [
            {
                "query": {
                    "x1": -0.7103647645738234,
                    "x2": 2.0100346459273055e-05
                },
                "metrics": {
                    "outcome": -0.42887285164172717
                },
                "metadata": {
                    "trials": 1
                }
            },
            {
                "query": {
                    "x1": -0.6929789389080989,
                    "x2": -0.047325905607723096
                },
                "metrics": {
                    "outcome": -0.42775048919998443
                },
                "metadata": {
                    "trials": 1
                }
            },
            {
                "query": {
                    "x1": -0.6951432358414749,
                    "x2": 0.04797851183701862
                },
                "metrics": {
                    "outcome": -0.4277726501159669
                },
                "metadata": {
                    "trials": 1
                }
            }
        ],
        [
            {
                "query": {
                    "x1": -0.7104242464197152,
                    "x2": 2.0110949550566914e-05
                },
                "metrics": {
                    "outcome": -0.4288725169366577
                },
                "metadata": {
                    "trials": 1
                }
            },
            {
                "query": {
                    "x1": -0.6934597788416927,
                    "x2": -0.047204699465081434
                },
                "metrics": {
                    "outcome": -0.4277669304377532
                },
                "metadata": {
                    "trials": 1
                }
            },
            {
                "query": {
                    "x1": -0.6959873356408237,
                    "x2": 0.04796055032817037
                },
                "metrics": {
                    "outcome": -0.427790195724363
                },
                "metadata": {
                    "trials": 1
                }
            }
        ],
        [
            {
                "query": {
                    "x1": -0.7104726513315613,
                    "x2": 2.046871609895362e-05
                },
                "metrics": {
                    "outcome": -0.42887224009723596
                },
                "metadata": {
                    "trials": 1
                }
            },
            {
                "query": {
                    "x1": -0.6939163700893773,
                    "x2": -0.047076285808930196
                },
                "metrics": {
                    "outcome": -0.42778269457362367
                },
                "metadata": {
                    "trials": 1
                }
            },
            {
                "query": {
                    "x1": -0.7120317856307457,
                    "x2": 0.04984468546724452
                },
                "metrics": {
                    "outcome": -0.4277970054486353
                },
                "metadata": {
                    "trials": 1
                }
            }
        ],
        [
            {
                "query": {
                    "x1": -0.710299745222698,
                    "x2": -2.3132964079186635e-05
                },
                "metrics": {
                    "outcome": -0.42887321053858307
                },
                "metadata": {
                    "trials": 1
                }
            },
            {
                "query": {
                    "x1": -0.6946393221096125,
                    "x2": -0.04683758691982587
                },
                "metrics": {
                    "outcome": -0.42780830190185026
                },
                "metadata": {
                    "trials": 1
                }
            },
            {
                "query": {
                    "x1": -0.7118470054631014,
                    "x2": 0.04925826256945953
                },
                "metrics": {
                    "outcome": -0.4278233910698903
                },
                "metadata": {
                    "trials": 1
                }
            }
        ],
        [
            {
                "query": {
                    "x1": -0.7101630286976459,
                    "x2": -5.977476195373477e-05
                },
                "metrics": {
                    "outcome": -0.4288739404572876
                },
                "metadata": {
                    "trials": 1
                }
            },
            {
                "query": {
                    "x1": -0.6952842183386783,
                    "x2": -0.04660465064407715
                },
                "metrics": {
                    "outcome": -0.4278311342084752
                },
                "metadata": {
                    "trials": 1
                }
            },
            {
                "query": {
                    "x1": -0.6974014306251346,
                    "x2": 0.0470326963388179
                },
                "metrics": {
                    "outcome": -0.4278532896580528
                },
                "metadata": {
                    "trials": 1
                }
            }
        ],
        [
            {
                "query": {
                    "x1": -0.7102507528945106,
                    "x2": -5.97954579362181e-05
                },
                "metrics": {
                    "outcome": -0.42887347493777417
                },
                "metadata": {
                    "trials": 1
                }
            },
            {
                "query": {
                    "x1": -0.6924702067907351,
                    "x2": -0.06613484054252283
                },
                "metrics": {
                    "outcome": -0.4268259888980935
                },
                "metadata": {
                    "trials": 1
                }
            },
            {
                "query": {
                    "x1": -0.7089942364797683,
                    "x2": 0.06819816600733519
                },
                "metrics": {
                    "outcome": -0.4268888095793301
                },
                "metadata": {
                    "trials": 1
                }
            }
        ]
    ],
    "best_results": [
        {
            "query": {
                "x1": -0.7070458480014596,
                "x2": -4.7385966419621894e-05
            },
            "metrics": [
                {
                    "name": "outcome",
                    "value": -0.4288819383324864
                }
            ]
        }
    ]
}