{
    "date": "06/11/2022 15:09:35",
    "basic_params": {
        "active_variables": [
            "x1",
            "x2"
        ],
        "default_query": {},
        "metric": "basic",
        "n_trials": 1
    },
    "objective_function": {
        "name": "Goldstein",
        "params": {}
    },
    "optimizer": {
        "name": "GO-BBO-LP",
        "params": {
            "maximize": false,
            "domain": [
                {
                    "name": "x1",
                    "type": "continuous",
                    "domain": [
                        -2.0,
                        2.0
                    ]
                },
                {
                    "name": "x2",
                    "type": "continuous",
                    "domain": [
                        -2.0,
                        2.0
                    ]
                }
            ],
            "initial_design_numdata": 15,
            "num_iters": 45,
            "batch_size": 3,
            "model_update_interval": 5
        }
    },
    "best_results": [
        {
            "query": {
                "x1": 0.2666666666666666,
                "x2": -0.8
            },
            "metrics": [
                {
                    "name": "outcome",
                    "value": 21.92024538074064
                }
            ]
        }
    ],
    "iterations": [
        [
            {
                "query": {
                    "x1": 1.0666666666666664,
                    "x2": -0.2666666666666666
                },
                "metrics": {
                    "outcome": 102.4866235733336
                },
                "metadata": {
                    "trials": 1
                }
            }
        ],
        [
            {
                "query": {
                    "x1": 1.3333333333333335,
                    "x2": 0.5333333333333332
                },
                "metrics": {
                    "outcome": 988.3655053379423
                },
                "metadata": {
                    "trials": 1
                }
            }
        ],
        [
            {
                "query": {
                    "x1": -1.6,
                    "x2": 0.7999999999999998
                },
                "metrics": {
                    "outcome": 14519.183831039978
                },
                "metadata": {
                    "trials": 1
                }
            }
        ],
        [
            {
                "query": {
                    "x1": -1.3333333333333333,
                    "x2": 1.6
                },
                "metrics": {
                    "outcome": 439703.027318329
                },
                "metadata": {
                    "trials": 1
                }
            }
        ],
        [
            {
                "query": {
                    "x1": -1.0666666666666667,
                    "x2": -0.5333333333333332
                },
                "metrics": {
                    "outcome": 705.493675425185
                },
                "metadata": {
                    "trials": 1
                }
            }
        ],
        [
            {
                "query": {
                    "x1": 1.6,
                    "x2": 0.0
                },
                "metrics": {
                    "outcome": 137.83455744000076
                },
                "metadata": {
                    "trials": 1
                }
            }
        ],
        [
            {
                "query": {
                    "x1": -1.8666666666666667,
                    "x2": 0.2666666666666666
                },
                "metrics": {
                    "outcome": 58948.698021736294
                },
                "metadata": {
                    "trials": 1
                }
            }
        ],
        [
            {
                "query": {
                    "x1": -0.2666666666666666,
                    "x2": -1.0666666666666667
                },
                "metrics": {
                    "outcome": 36.378600823044835
                },
                "metadata": {
                    "trials": 1
                }
            }
        ],
        [
            {
                "query": {
                    "x1": -0.5333333333333332,
                    "x2": -1.6
                },
                "metrics": {
                    "outcome": 2529.7591720770506
                },
                "metadata": {
                    "trials": 1
                }
            }
        ],
        [
            {
                "query": {
                    "x1": 1.8666666666666667,
                    "x2": -1.3333333333333333
                },
                "metrics": {
                    "outcome": 133634.88976415605
                },
                "metadata": {
                    "trials": 1
                }
            }
        ],
        [
            {
                "query": {
                    "x1": 0.7999999999999998,
                    "x2": -1.8666666666666667
                },
                "metrics": {
                    "outcome": 3560.112826595559
                },
                "metadata": {
                    "trials": 1
                }
            }
        ],
        [
            {
                "query": {
                    "x1": 0.2666666666666666,
                    "x2": -0.8
                },
                "metrics": {
                    "outcome": 21.92024538074064
                },
                "metadata": {
                    "trials": 1
                }
            }
        ],
        [
            {
                "query": {
                    "x1": -0.8,
                    "x2": 1.0666666666666664
                },
                "metrics": {
                    "outcome": 98353.38061823994
                },
                "metadata": {
                    "trials": 1
                }
            }
        ],
        [
            {
                "query": {
                    "x1": 0.0,
                    "x2": 1.8666666666666667
                },
                "metrics": {
                    "outcome": 179729.69141361778
                },
                "metadata": {
                    "trials": 1
                }
            }
        ],
        [
            {
                "query": {
                    "x1": 0.5333333333333332,
                    "x2": 1.3333333333333335
                },
                "metrics": {
                    "outcome": 22932.571646651537
                },
                "metadata": {
                    "trials": 1
                }
            }
        ],
        [
            {
                "query": {
                    "x1": -0.38702718926152624,
                    "x2": -0.9682214736603036
                },
                "metrics": {
                    "outcome": 121.8500089384653
                },
                "metadata": {
                    "trials": 1
                }
            },
            {
                "query": {
                    "x1": 1.9939849571290305,
                    "x2": -0.6562325932066022
                },
                "metrics": {
                    "outcome": 33858.009514187695
                },
                "metadata": {
                    "trials": 1
                }
            },
            {
                "query": {
                    "x1": -0.4934439214023052,
                    "x2": -0.17241013296116403
                },
                "metrics": {
                    "outcome": 154.21254172904145
                },
                "metadata": {
                    "trials": 1
                }
            }
        ],
        [
            {
                "query": {
                    "x1": -0.24211536696335045,
                    "x2": 1.8282384861725247
                },
                "metrics": {
                    "outcome": 236753.38418322484
                },
                "metadata": {
                    "trials": 1
                }
            },
            {
                "query": {
                    "x1": 1.1677795342680235,
                    "x2": 0.2341708373251845
                },
                "metrics": {
                    "outcome": 931.2421827784614
                },
                "metadata": {
                    "trials": 1
                }
            },
            {
                "query": {
                    "x1": -0.9031014822048169,
                    "x2": -0.2078596586966448
                },
                "metrics": {
                    "outcome": 128.725368403071
                },
                "metadata": {
                    "trials": 1
                }
            }
        ],
        [
            {
                "query": {
                    "x1": 0.17751732894472072,
                    "x2": 1.0143467778028925
                },
                "metrics": {
                    "outcome": 20448.12231523597
                },
                "metadata": {
                    "trials": 1
                }
            },
            {
                "query": {
                    "x1": 0.5381621383613133,
                    "x2": 0.12177569337608185
                },
                "metrics": {
                    "outcome": 1074.4622766548796
                },
                "metadata": {
                    "trials": 1
                }
            },
            {
                "query": {
                    "x1": -1.6685088100062995,
                    "x2": 0.8628634914772455
                },
                "metrics": {
                    "outcome": 17050.637542017343
                },
                "metadata": {
                    "trials": 1
                }
            }
        ],
        [
            {
                "query": {
                    "x1": 0.9376350135057852,
                    "x2": -1.997699346470561
                },
                "metrics": {
                    "outcome": 5500.158050924386
                },
                "metadata": {
                    "trials": 1
                }
            },
            {
                "query": {
                    "x1": 0.5173648682465721,
                    "x2": -1.6612151466075615
                },
                "metrics": {
                    "outcome": 2040.4633749653497
                },
                "metadata": {
                    "trials": 1
                }
            },
            {
                "query": {
                    "x1": -1.4921430175891124,
                    "x2": 1.6091074418110498
                },
                "metrics": {
                    "outcome": 452574.2094565388
                },
                "metadata": {
                    "trials": 1
                }
            }
        ],
        [
            {
                "query": {
                    "x1": -0.19220660153470792,
                    "x2": 0.7155045501089115
                },
                "metrics": {
                    "outcome": 15830.848490199178
                },
                "metadata": {
                    "trials": 1
                }
            },
            {
                "query": {
                    "x1": -1.6194640222059546,
                    "x2": 0.5413641441349077
                },
                "metrics": {
                    "outcome": 4884.432909910225
                },
                "metadata": {
                    "trials": 1
                }
            },
            {
                "query": {
                    "x1": -0.3498646366152487,
                    "x2": 1.1527788242756825
                },
                "metrics": {
                    "outcome": 77636.65054189674
                },
                "metadata": {
                    "trials": 1
                }
            }
        ],
        [
            {
                "query": {
                    "x1": -1.047712741590228,
                    "x2": -0.6342177930214206
                },
                "metrics": {
                    "outcome": 761.4454238734902
                },
                "metadata": {
                    "trials": 1
                }
            },
            {
                "query": {
                    "x1": -0.07298054854446345,
                    "x2": 1.0094150421144858
                },
                "metrics": {
                    "outcome": 33860.77817163711
                },
                "metadata": {
                    "trials": 1
                }
            },
            {
                "query": {
                    "x1": -1.1141875950407196,
                    "x2": 0.5092014997118572
                },
                "metrics": {
                    "outcome": 9435.008459231747
                },
                "metadata": {
                    "trials": 1
                }
            }
        ],
        [
            {
                "query": {
                    "x1": 0.161247927931373,
                    "x2": -1.6467304118517259
                },
                "metrics": {
                    "outcome": 5941.812622878935
                },
                "metadata": {
                    "trials": 1
                }
            },
            {
                "query": {
                    "x1": 0.3645908633671011,
                    "x2": -1.9075175035224508
                },
                "metrics": {
                    "outcome": 25327.316324519372
                },
                "metadata": {
                    "trials": 1
                }
            },
            {
                "query": {
                    "x1": 0.8056027672876667,
                    "x2": 1.130555857803266
                },
                "metrics": {
                    "outcome": 5824.7815535500895
                },
                "metadata": {
                    "trials": 1
                }
            }
        ],
        [
            {
                "query": {
                    "x1": -1.679497978462238,
                    "x2": 1.1478780335712107
                },
                "metrics": {
                    "outcome": 86108.13066926565
                },
                "metadata": {
                    "trials": 1
                }
            },
            {
                "query": {
                    "x1": -0.3922976047064508,
                    "x2": -0.4496778690607992
                },
                "metrics": {
                    "outcome": 60.41875229633914
                },
                "metadata": {
                    "trials": 1
                }
            },
            {
                "query": {
                    "x1": -0.7721559039252321,
                    "x2": -1.680384120173589
                },
                "metrics": {
                    "outcome": 2201.637549172603
                },
                "metadata": {
                    "trials": 1
                }
            }
        ],
        [
            {
                "query": {
                    "x1": 0.38570484325496635,
                    "x2": 0.24877478095806405
                },
                "metrics": {
                    "outcome": 937.9945955739688
                },
                "metadata": {
                    "trials": 1
                }
            },
            {
                "query": {
                    "x1": -1.2377135404132975,
                    "x2": 1.6431610386598092
                },
                "metrics": {
                    "outcome": 467766.45988011925
                },
                "metadata": {
                    "trials": 1
                }
            },
            {
                "query": {
                    "x1": -1.1586159820961037,
                    "x2": -0.7320341911478652
                },
                "metrics": {
                    "outcome": 1380.6225894708061
                },
                "metadata": {
                    "trials": 1
                }
            }
        ],
        [
            {
                "query": {
                    "x1": -1.4554421140789398,
                    "x2": 0.9827841577416323
                },
                "metrics": {
                    "outcome": 61513.851657578976
                },
                "metadata": {
                    "trials": 1
                }
            },
            {
                "query": {
                    "x1": -0.06203615691266018,
                    "x2": 1.7614535057064624
                },
                "metrics": {
                    "outcome": 165207.9024565217
                },
                "metadata": {
                    "trials": 1
                }
            },
            {
                "query": {
                    "x1": -1.6322123976591634,
                    "x2": -0.5353852718311685
                },
                "metrics": {
                    "outcome": 15323.084778596414
                },
                "metadata": {
                    "trials": 1
                }
            }
        ],
        [
            {
                "query": {
                    "x1": 1.4492171289582902,
                    "x2": 0.5978206518279157
                },
                "metrics": {
                    "outcome": 977.6252403929855
                },
                "metadata": {
                    "trials": 1
                }
            },
            {
                "query": {
                    "x1": 1.9768477373664255,
                    "x2": 1.5621068459466372
                },
                "metrics": {
                    "outcome": 6824.822771065554
                },
                "metadata": {
                    "trials": 1
                }
            },
            {
                "query": {
                    "x1": 1.222872381032266,
                    "x2": 1.6125916199538728
                },
                "metrics": {
                    "outcome": 23120.382515246285
                },
                "metadata": {
                    "trials": 1
                }
            }
        ],
        [
            {
                "query": {
                    "x1": -1.4989823617259521,
                    "x2": 0.7438544393160491
                },
                "metrics": {
                    "outcome": 14534.903748122728
                },
                "metadata": {
                    "trials": 1
                }
            },
            {
                "query": {
                    "x1": 0.01944182297728725,
                    "x2": 0.5998569886700413
                },
                "metrics": {
                    "outcome": 6281.627110984996
                },
                "metadata": {
                    "trials": 1
                }
            },
            {
                "query": {
                    "x1": -1.6207116521808147,
                    "x2": 1.1860128083329542
                },
                "metrics": {
                    "outcome": 113171.22866381117
                },
                "metadata": {
                    "trials": 1
                }
            }
        ],
        [
            {
                "query": {
                    "x1": -1.4301131673336234,
                    "x2": -1.8485033545688907
                },
                "metrics": {
                    "outcome": 3018.1090460115433
                },
                "metadata": {
                    "trials": 1
                }
            },
            {
                "query": {
                    "x1": 1.316883156775618,
                    "x2": 0.6605227505048377
                },
                "metrics": {
                    "outcome": 945.6006302050146
                },
                "metadata": {
                    "trials": 1
                }
            },
            {
                "query": {
                    "x1": 1.5324241895195607,
                    "x2": -0.42995006014450343
                },
                "metrics": {
                    "outcome": 4237.87507519683
                },
                "metadata": {
                    "trials": 1
                }
            }
        ],
        [
            {
                "query": {
                    "x1": -0.8450047142258796,
                    "x2": -1.2531689984304788
                },
                "metrics": {
                    "outcome": 1528.345271308542
                },
                "metadata": {
                    "trials": 1
                }
            },
            {
                "query": {
                    "x1": 1.5090786983410105,
                    "x2": 1.4603491186012865
                },
                "metrics": {
                    "outcome": 7102.263449391677
                },
                "metadata": {
                    "trials": 1
                }
            },
            {
                "query": {
                    "x1": -1.7833261780708245,
                    "x2": 0.3119502422726055
                },
                "metrics": {
                    "outcome": 34717.96301323586
                },
                "metadata": {
                    "trials": 1
                }
            }
        ],
        [
            {
                "query": {
                    "x1": 1.8716672682361257,
                    "x2": 1.2789784162935334
                },
                "metrics": {
                    "outcome": 2457.901618370138
                },
                "metadata": {
                    "trials": 1
                }
            },
            {
                "query": {
                    "x1": -0.3752927176663081,
                    "x2": -1.1427904179411348
                },
                "metrics": {
                    "outcome": 83.33832404123052
                },
                "metadata": {
                    "trials": 1
                }
            },
            {
                "query": {
                    "x1": 0.8196481410005174,
                    "x2": -1.3769929990050538
                },
                "metrics": {
                    "outcome": 5669.869902793175
                },
                "metadata": {
                    "trials": 1
                }
            }
        ],
        [
            {
                "query": {
                    "x1": -0.7387388554171803,
                    "x2": 0.1892750038701534
                },
                "metrics": {
                    "outcome": 1945.5626173784833
                },
                "metadata": {
                    "trials": 1
                }
            },
            {
                "query": {
                    "x1": 0.4687779822850806,
                    "x2": -0.6903058822939361
                },
                "metrics": {
                    "outcome": 43.48684997016209
                },
                "metadata": {
                    "trials": 1
                }
            },
            {
                "query": {
                    "x1": 1.461311636739751,
                    "x2": -0.36020700960387053
                },
                "metrics": {
                    "outcome": 2054.0716551112223
                },
                "metadata": {
                    "trials": 1
                }
            }
        ],
        [
            {
                "query": {
                    "x1": 0.3558555444930409,
                    "x2": 0.7700527447180265
                },
                "metrics": {
                    "outcome": 5281.171733424639
                },
                "metadata": {
                    "trials": 1
                }
            },
            {
                "query": {
                    "x1": -0.13526024520699842,
                    "x2": 0.473960879286623
                },
                "metrics": {
                    "outcome": 4991.689104316756
                },
                "metadata": {
                    "trials": 1
                }
            },
            {
                "query": {
                    "x1": -1.8009692445687704,
                    "x2": 0.6304921938079788
                },
                "metrics": {
                    "outcome": 12796.393672887565
                },
                "metadata": {
                    "trials": 1
                }
            }
        ],
        [
            {
                "query": {
                    "x1": 1.0280415999207593,
                    "x2": 1.3292322233807083
                },
                "metrics": {
                    "outcome": 7900.737205652745
                },
                "metadata": {
                    "trials": 1
                }
            },
            {
                "query": {
                    "x1": -0.7564335524478936,
                    "x2": 0.7574618253947194
                },
                "metrics": {
                    "outcome": 35474.96622100192
                },
                "metadata": {
                    "trials": 1
                }
            },
            {
                "query": {
                    "x1": -0.7557724441709781,
                    "x2": 1.2605954310190786
                },
                "metrics": {
                    "outcome": 156576.0030719013
                },
                "metadata": {
                    "trials": 1
                }
            }
        ],
        [
            {
                "query": {
                    "x1": -1.8433970897535987,
                    "x2": 1.8392868766261756
                },
                "metrics": {
                    "outcome": 707853.942044295
                },
                "metadata": {
                    "trials": 1
                }
            },
            {
                "query": {
                    "x1": 1.2156240258737059,
                    "x2": 1.9552470441066103
                },
                "metrics": {
                    "outcome": 109864.91166226257
                },
                "metadata": {
                    "trials": 1
                }
            },
            {
                "query": {
                    "x1": -0.8746789259555365,
                    "x2": 0.7982470332270863
                },
                "metrics": {
                    "outcome": 42844.3561087496
                },
                "metadata": {
                    "trials": 1
                }
            }
        ],
        [
            {
                "query": {
                    "x1": 0.19383192731367904,
                    "x2": -0.1080980583774207
                },
                "metrics": {
                    "outcome": 750.9483011956004
                },
                "metadata": {
                    "trials": 1
                }
            },
            {
                "query": {
                    "x1": -1.9947725973282866,
                    "x2": -0.6919875048010158
                },
                "metrics": {
                    "outcome": 55532.38985706541
                },
                "metadata": {
                    "trials": 1
                }
            },
            {
                "query": {
                    "x1": 1.8159782680295873,
                    "x2": 1.0884065285874907
                },
                "metrics": {
                    "outcome": 1792.3080528360424
                },
                "metadata": {
                    "trials": 1
                }
            }
        ],
        [
            {
                "query": {
                    "x1": 1.5357398277145395,
                    "x2": -1.7064457364700192
                },
                "metrics": {
                    "outcome": 93808.38379905422
                },
                "metadata": {
                    "trials": 1
                }
            },
            {
                "query": {
                    "x1": 0.41836737015320935,
                    "x2": -1.0322626196967066
                },
                "metrics": {
                    "outcome": 279.5458685299376
                },
                "metadata": {
                    "trials": 1
                }
            },
            {
                "query": {
                    "x1": -1.5512335923755511,
                    "x2": 1.5298479361591077
                },
                "metrics": {
                    "outcome": 367840.62053392467
                },
                "metadata": {
                    "trials": 1
                }
            }
        ],
        [
            {
                "query": {
                    "x1": 1.031895807338255,
                    "x2": -0.025013380024180076
                },
                "metrics": {
                    "outcome": 612.9616238389063
                },
                "metadata": {
                    "trials": 1
                }
            },
            {
                "query": {
                    "x1": -0.9068247927923778,
                    "x2": -1.3352876699138223
                },
                "metrics": {
                    "outcome": 1757.2553223144837
                },
                "metadata": {
                    "trials": 1
                }
            },
            {
                "query": {
                    "x1": 1.7690103890401425,
                    "x2": 0.09198281433971234
                },
                "metrics": {
                    "outcome": 165.49623139968512
                },
                "metadata": {
                    "trials": 1
                }
            }
        ],
        [
            {
                "query": {
                    "x1": 1.1302809432250935,
                    "x2": -1.3501526872466307
                },
                "metrics": {
                    "outcome": 21557.803162951037
                },
                "metadata": {
                    "trials": 1
                }
            },
            {
                "query": {
                    "x1": -1.1233384009768659,
                    "x2": 0.2821790628561307
                },
                "metrics": {
                    "outcome": 1739.2696785030241
                },
                "metadata": {
                    "trials": 1
                }
            },
            {
                "query": {
                    "x1": -0.44607743394065347,
                    "x2": -1.4130721763048362
                },
                "metrics": {
                    "outcome": 344.1706575858118
                },
                "metadata": {
                    "trials": 1
                }
            }
        ],
        [
            {
                "query": {
                    "x1": -1.5460111252890827,
                    "x2": 1.7704008828426478
                },
                "metrics": {
                    "outcome": 643870.5170435369
                },
                "metadata": {
                    "trials": 1
                }
            },
            {
                "query": {
                    "x1": 1.0783026818580557,
                    "x2": -1.277587353822978
                },
                "metrics": {
                    "outcome": 16529.946606496786
                },
                "metadata": {
                    "trials": 1
                }
            },
            {
                "query": {
                    "x1": -1.7358523753408832,
                    "x2": -0.980543328006866
                },
                "metrics": {
                    "outcome": 8824.979512657561
                },
                "metadata": {
                    "trials": 1
                }
            }
        ],
        [
            {
                "query": {
                    "x1": 0.2043809714642073,
                    "x2": 0.3892766437500157
                },
                "metrics": {
                    "outcome": 1491.194675031079
                },
                "metadata": {
                    "trials": 1
                }
            },
            {
                "query": {
                    "x1": -0.7803073108995644,
                    "x2": -0.789057013635027
                },
                "metrics": {
                    "outcome": 576.7619168314316
                },
                "metadata": {
                    "trials": 1
                }
            },
            {
                "query": {
                    "x1": 0.0801704007543389,
                    "x2": 1.6659806517432538
                },
                "metrics": {
                    "outcome": 112914.55525699808
                },
                "metadata": {
                    "trials": 1
                }
            }
        ],
        [
            {
                "query": {
                    "x1": 0.4019295460600194,
                    "x2": -0.8392586546127454
                },
                "metrics": {
                    "outcome": 67.80073819599923
                },
                "metadata": {
                    "trials": 1
                }
            },
            {
                "query": {
                    "x1": -1.4883142702203331,
                    "x2": -0.6408743408835598
                },
                "metrics": {
                    "outcome": 5836.410983519909
                },
                "metadata": {
                    "trials": 1
                }
            },
            {
                "query": {
                    "x1": -0.10548709057131234,
                    "x2": -1.8036622858215998
                },
                "metrics": {
                    "outcome": 22027.099009268746
                },
                "metadata": {
                    "trials": 1
                }
            }
        ],
        [
            {
                "query": {
                    "x1": 0.35672648772027094,
                    "x2": 0.043600489313867286
                },
                "metrics": {
                    "outcome": 939.15937511718
                },
                "metadata": {
                    "trials": 1
                }
            },
            {
                "query": {
                    "x1": 0.03908201503899722,
                    "x2": 0.5430077994078357
                },
                "metrics": {
                    "outcome": 4615.6539380310105
                },
                "metadata": {
                    "trials": 1
                }
            },
            {
                "query": {
                    "x1": 0.08323491803631988,
                    "x2": 0.7539740973902389
                },
                "metrics": {
                    "outcome": 10260.412534814712
                },
                "metadata": {
                    "trials": 1
                }
            }
        ],
        [
            {
                "query": {
                    "x1": 0.5591663304319718,
                    "x2": 1.5537264748654067
                },
                "metrics": {
                    "outcome": 40686.33207675836
                },
                "metadata": {
                    "trials": 1
                }
            },
            {
                "query": {
                    "x1": 1.200240257268307,
                    "x2": -0.7823263854932239
                },
                "metrics": {
                    "outcome": 7054.747782337989
                },
                "metadata": {
                    "trials": 1
                }
            },
            {
                "query": {
                    "x1": 1.2338796319677527,
                    "x2": 0.11514310993434584
                },
                "metrics": {
                    "outcome": 602.9729872638952
                },
                "metadata": {
                    "trials": 1
                }
            }
        ],
        [
            {
                "query": {
                    "x1": -1.0646539023365782,
                    "x2": -0.5109481449601345
                },
                "metrics": {
                    "outcome": 685.8879867746015
                },
                "metadata": {
                    "trials": 1
                }
            },
            {
                "query": {
                    "x1": 1.8044581297428288,
                    "x2": 0.6871440906602713
                },
                "metrics": {
                    "outcome": 1067.772980414448
                },
                "metadata": {
                    "trials": 1
                }
            },
            {
                "query": {
                    "x1": 1.9716144207642876,
                    "x2": -1.3653812007668735
                },
                "metrics": {
                    "outcome": 167579.8846861515
                },
                "metadata": {
                    "trials": 1
                }
            }
        ],
        [
            {
                "query": {
                    "x1": 1.8767557689304297,
                    "x2": 0.6694115390827502
                },
                "metrics": {
                    "outcome": 1000.4701378293465
                },
                "metadata": {
                    "trials": 1
                }
            },
            {
                "query": {
                    "x1": -0.3375515153320059,
                    "x2": 0.31399949313323017
                },
                "metrics": {
                    "outcome": 3210.967476268304
                },
                "metadata": {
                    "trials": 1
                }
            },
            {
                "query": {
                    "x1": -1.1020929516504232,
                    "x2": -0.5878564799499224
                },
                "metrics": {
                    "outcome": 887.8963582431646
                },
                "metadata": {
                    "trials": 1
                }
            }
        ],
        [
            {
                "query": {
                    "x1": -0.7913160879918997,
                    "x2": -0.05926785086188513
                },
                "metrics": {
                    "outcome": 211.34472678983227
                },
                "metadata": {
                    "trials": 1
                }
            },
            {
                "query": {
                    "x1": 1.5953801941632078,
                    "x2": -0.3019634546686163
                },
                "metrics": {
                    "outcome": 2471.3202987432787
                },
                "metadata": {
                    "trials": 1
                }
            },
            {
                "query": {
                    "x1": 0.4353261830496602,
                    "x2": -1.6439135899436148
                },
                "metrics": {
                    "outcome": 2508.2108204474025
                },
                "metadata": {
                    "trials": 1
                }
            }
        ],
        [
            {
                "query": {
                    "x1": -1.8058712036008377,
                    "x2": -1.806417982862731
                },
                "metrics": {
                    "outcome": 19571.237124779545
                },
                "metadata": {
                    "trials": 1
                }
            },
            {
                "query": {
                    "x1": -0.8925261815418803,
                    "x2": -0.12562953397774113
                },
                "metrics": {
                    "outcome": 123.62952114532776
                },
                "metadata": {
                    "trials": 1
                }
            },
            {
                "query": {
                    "x1": -0.9025277173647401,
                    "x2": -1.178842342408259
                },
                "metrics": {
                    "outcome": 2020.4794039761407
                },
                "metadata": {
                    "trials": 1
                }
            }
        ],
        [
            {
                "query": {
                    "x1": -0.283923597632469,
                    "x2": 0.9699654950303271
                },
                "metrics": {
                    "outcome": 43128.24197243909
                },
                "metadata": {
                    "trials": 1
                }
            },
            {
                "query": {
                    "x1": -1.8889675267061272,
                    "x2": -0.11850332626739535
                },
                "metrics": {
                    "outcome": 79028.48960670357
                },
                "metadata": {
                    "trials": 1
                }
            },
            {
                "query": {
                    "x1": -1.1860576509904828,
                    "x2": -1.0396601628387296
                },
                "metrics": {
                    "outcome": 3385.790167341144
                },
                "metadata": {
                    "trials": 1
                }
            }
        ],
        [
            {
                "query": {
                    "x1": -0.0583905392225752,
                    "x2": 0.5502912761110763
                },
                "metrics": {
                    "outcome": 6030.920616455838
                },
                "metadata": {
                    "trials": 1
                }
            },
            {
                "query": {
                    "x1": 1.1649885700283562,
                    "x2": -1.4031761497119648
                },
                "metrics": {
                    "outcome": 25474.579973229193
                },
                "metadata": {
                    "trials": 1
                }
            },
            {
                "query": {
                    "x1": -0.7486632714764583,
                    "x2": -1.844613635954222
                },
                "metrics": {
                    "outcome": 12984.235652426558
                },
                "metadata": {
                    "trials": 1
                }
            }
        ],
        [
            {
                "query": {
                    "x1": 1.1901921630215195,
                    "x2": -1.2348302344110649
                },
                "metrics": {
                    "outcome": 22784.606821562393
                },
                "metadata": {
                    "trials": 1
                }
            },
            {
                "query": {
                    "x1": 0.597683006027312,
                    "x2": 0.2357799799084339
                },
                "metrics": {
                    "outcome": 1064.3414636345067
                },
                "metadata": {
                    "trials": 1
                }
            },
            {
                "query": {
                    "x1": -1.6361655679184852,
                    "x2": 0.7165484132529207
                },
                "metrics": {
                    "outcome": 6970.032400148061
                },
                "metadata": {
                    "trials": 1
                }
            }
        ],
        [
            {
                "query": {
                    "x1": -0.16303489750089062,
                    "x2": 0.615486467793624
                },
                "metrics": {
                    "outcome": 10035.092037135253
                },
                "metadata": {
                    "trials": 1
                }
            },
            {
                "query": {
                    "x1": 0.4179363207517848,
                    "x2": 1.124317086366096
                },
                "metrics": {
                    "outcome": 16139.35114853312
                },
                "metadata": {
                    "trials": 1
                }
            },
            {
                "query": {
                    "x1": 0.9124098901630653,
                    "x2": 0.06591909537912644
                },
                "metrics": {
                    "outcome": 981.8809120207619
                },
                "metadata": {
                    "trials": 1
                }
            }
        ],
        [
            {
                "query": {
                    "x1": 0.8776288289754413,
                    "x2": -1.96527885840243
                },
                "metrics": {
                    "outcome": 5416.333906180167
                },
                "metadata": {
                    "trials": 1
                }
            },
            {
                "query": {
                    "x1": 0.5547770759131421,
                    "x2": -1.863744427976199
                },
                "metrics": {
                    "outcome": 10473.946815194011
                },
                "metadata": {
                    "trials": 1
                }
            },
            {
                "query": {
                    "x1": 0.5854722548503446,
                    "x2": -0.7577481932801136
                },
                "metrics": {
                    "outcome": 188.3381322359844
                },
                "metadata": {
                    "trials": 1
                }
            }
        ],
        [
            {
                "query": {
                    "x1": -1.416746576357943,
                    "x2": -0.5612485205932325
                },
                "metrics": {
                    "outcome": 4741.74230110941
                },
                "metadata": {
                    "trials": 1
                }
            },
            {
                "query": {
                    "x1": -1.5199199671049692,
                    "x2": -1.2463479016931767
                },
                "metrics": {
                    "outcome": 8604.240420977889
                },
                "metadata": {
                    "trials": 1
                }
            },
            {
                "query": {
                    "x1": -1.8870993483921885,
                    "x2": -1.7589522633891024
                },
                "metrics": {
                    "outcome": 24392.41143948294
                },
                "metadata": {
                    "trials": 1
                }
            }
        ],
        [
            {
                "query": {
                    "x1": 1.4186821324637928,
                    "x2": -1.8575530446803836
                },
                "metrics": {
                    "outcome": 61813.22038587291
                },
                "metadata": {
                    "trials": 1
                }
            },
            {
                "query": {
                    "x1": -1.2148013741704515,
                    "x2": 1.0270132512724022
                },
                "metrics": {
                    "outcome": 92345.04395009759
                },
                "metadata": {
                    "trials": 1
                }
            },
            {
                "query": {
                    "x1": -1.457517435549704,
                    "x2": -1.4469750708081435
                },
                "metrics": {
                    "outcome": 10083.910948563998
                },
                "metadata": {
                    "trials": 1
                }
            }
        ],
        [
            {
                "query": {
                    "x1": 1.2993665850131686,
                    "x2": 0.5920803015153502
                },
                "metrics": {
                    "outcome": 976.7770779260209
                },
                "metadata": {
                    "trials": 1
                }
            },
            {
                "query": {
                    "x1": 1.4294479078284708,
                    "x2": 1.3926497902334787
                },
                "metrics": {
                    "outcome": 5401.575154728915
                },
                "metadata": {
                    "trials": 1
                }
            },
            {
                "query": {
                    "x1": -0.2275217356502841,
                    "x2": -1.6986292881399567
                },
                "metrics": {
                    "outcome": 10496.035455059617
                },
                "metadata": {
                    "trials": 1
                }
            }
        ],
        [
            {
                "query": {
                    "x1": 0.19529843923994195,
                    "x2": 1.5313238014705046
                },
                "metrics": {
                    "outcome": 71798.29568268561
                },
                "metadata": {
                    "trials": 1
                }
            },
            {
                "query": {
                    "x1": 0.8726291502194505,
                    "x2": -1.1571457564015177
                },
                "metrics": {
                    "outcome": 6060.46052215079
                },
                "metadata": {
                    "trials": 1
                }
            },
            {
                "query": {
                    "x1": -0.27936707274590233,
                    "x2": -0.3845500979168017
                },
                "metrics": {
                    "outcome": 145.03586713873537
                },
                "metadata": {
                    "trials": 1
                }
            }
        ],
        [
            {
                "query": {
                    "x1": -0.30590708964411695,
                    "x2": 0.8602559665085772
                },
                "metrics": {
                    "outcome": 31771.971177070063
                },
                "metadata": {
                    "trials": 1
                }
            },
            {
                "query": {
                    "x1": -0.15984742186351442,
                    "x2": 1.5428337976167148
                },
                "metrics": {
                    "outcome": 132664.84403463532
                },
                "metadata": {
                    "trials": 1
                }
            },
            {
                "query": {
                    "x1": 0.3681969551363462,
                    "x2": 0.9360013103461715
                },
                "metrics": {
                    "outcome": 9760.42842843398
                },
                "metadata": {
                    "trials": 1
                }
            }
        ],
        [
            {
                "query": {
                    "x1": 1.3208775408466402,
                    "x2": -0.24238031051414755
                },
                "metrics": {
                    "outcome": 294.99004557336195
                },
                "metadata": {
                    "trials": 1
                }
            },
            {
                "query": {
                    "x1": -1.6209038958766522,
                    "x2": 0.49145537253768
                },
                "metrics": {
                    "outcome": 5919.207133209381
                },
                "metadata": {
                    "trials": 1
                }
            },
            {
                "query": {
                    "x1": -0.08655162036550479,
                    "x2": 1.4407023865950452
                },
                "metrics": {
                    "outcome": 97444.23362869461
                },
                "metadata": {
                    "trials": 1
                }
            }
        ],
        [
            {
                "query": {
                    "x1": 0.7913644618309132,
                    "x2": -0.9079379099741813
                },
                "metrics": {
                    "outcome": 2018.4247317824238
                },
                "metadata": {
                    "trials": 1
                }
            },
            {
                "query": {
                    "x1": 1.1849878315020148,
                    "x2": -0.2083700228108336
                },
                "metrics": {
                    "outcome": 99.00877335818107
                },
                "metadata": {
                    "trials": 1
                }
            },
            {
                "query": {
                    "x1": -0.22818352025670485,
                    "x2": -0.9891727361762852
                },
                "metrics": {
                    "outcome": 27.491210132514922
                },
                "metadata": {
                    "trials": 1
                }
            }
        ],
        [
            {
                "query": {
                    "x1": -1.7680195576402755,
                    "x2": 0.7392972975110288
                },
                "metrics": {
                    "outcome": 7172.38140301633
                },
                "metadata": {
                    "trials": 1
                }
            },
            {
                "query": {
                    "x1": 0.6910710141989354,
                    "x2": -0.9660356406266728
                },
                "metrics": {
                    "outcome": 1471.0583340447306
                },
                "metadata": {
                    "trials": 1
                }
            },
            {
                "query": {
                    "x1": -0.8236187076997039,
                    "x2": 1.9427587146498886
                },
                "metrics": {
                    "outcome": 561146.6162061422
                },
                "metadata": {
                    "trials": 1
                }
            }
        ]
    ]
}