{
    "date": "05/11/2022 12:03:54",
    "basic_params": {
        "active_variables": [
            "x"
        ],
        "default_query": {},
        "metric": "basic",
        "n_trials": 1
    },
    "objective_function": {
        "name": "Forrester",
        "params": {}
    },
    "optimizer": {
        "name": "BBO-LP(LCBa)-FoD",
        "params": {
            "lower_bound": [
                0.0
            ],
            "upper_bound": [
                1.0
            ],
            "invert_metric": false,
            "bopt_params": {
                "n_init_samples": 12,
                "n_iterations": 23,
                "n_iter_relearn": 5,
                "verbose_level": 0,
                "n_parallel_samples": 6,
                "fixed_dataset_size": 50,
                "par_type": "PAR_BBO",
                "crit_name": "cLP(cLCBa)",
                "n_crit_params": 3,
                "crit_params": [
                    6,
                    1,
                    5.0
                ]
            }
        }
    },
    "iterations": [
        [
            {
                "query": {
                    "x": 0.08182244470420603
                },
                "metrics": {
                    "outcome": -0.28044356592316144
                },
                "metadata": {
                    "trials": 1
                }
            }
        ],
        [
            {
                "query": {
                    "x": 0.878305105046214
                },
                "metrics": {
                    "outcome": 2.712222882245502
                },
                "metadata": {
                    "trials": 1
                }
            }
        ],
        [
            {
                "query": {
                    "x": 0.2561491674083906
                },
                "metrics": {
                    "outcome": -0.17143324179965513
                },
                "metadata": {
                    "trials": 1
                }
            }
        ],
        [
            {
                "query": {
                    "x": 0.09739820981243004
                },
                "metrics": {
                    "outcome": -0.612031717991094
                },
                "metadata": {
                    "trials": 1
                }
            }
        ],
        [
            {
                "query": {
                    "x": 0.40177075035171583
                },
                "metrics": {
                    "outcome": 0.12342389088057903
                },
                "metadata": {
                    "trials": 1
                }
            }
        ],
        [
            {
                "query": {
                    "x": 0.9928456583099129
                },
                "metrics": {
                    "outcome": 15.630101187547087
                },
                "metadata": {
                    "trials": 1
                }
            }
        ],
        [
            {
                "query": {
                    "x": 0.44777330321570236
                },
                "metrics": {
                    "outcome": 0.46230732687416565
                },
                "metadata": {
                    "trials": 1
                }
            }
        ],
        [
            {
                "query": {
                    "x": 0.6855931866060322
                },
                "metrics": {
                    "outcome": -3.951395915246118
                },
                "metadata": {
                    "trials": 1
                }
            }
        ],
        [
            {
                "query": {
                    "x": 0.6522474897404512
                },
                "metrics": {
                    "outcome": -2.3175539773478415
                },
                "metadata": {
                    "trials": 1
                }
            }
        ],
        [
            {
                "query": {
                    "x": 0.5611746811579602
                },
                "metrics": {
                    "outcome": 0.7406360735025763
                },
                "metadata": {
                    "trials": 1
                }
            }
        ],
        [
            {
                "query": {
                    "x": 0.2474536052905023
                },
                "metrics": {
                    "outcome": -0.22769906030776096
                },
                "metadata": {
                    "trials": 1
                }
            }
        ],
        [
            {
                "query": {
                    "x": 0.7771786641872799
                },
                "metrics": {
                    "outcome": -5.797608200305105
                },
                "metadata": {
                    "trials": 1
                }
            }
        ],
        [
            {
                "query": {
                    "x": 0.7611342028974288
                },
                "metrics": {
                    "outcome": -6.012590506228107
                },
                "metadata": {
                    "trials": 1
                }
            },
            {
                "query": {
                    "x": 0.7530894628177355
                },
                "metrics": {
                    "outcome": -6.011613175873107
                },
                "metadata": {
                    "trials": 1
                }
            },
            {
                "query": {
                    "x": 0.7689521188648814
                },
                "metrics": {
                    "outcome": -5.945277003064035
                },
                "metadata": {
                    "trials": 1
                }
            },
            {
                "query": {
                    "x": 0.7744023406566255
                },
                "metrics": {
                    "outcome": -5.8564863694901765
                },
                "metadata": {
                    "trials": 1
                }
            },
            {
                "query": {
                    "x": 0.7441615379580536
                },
                "metrics": {
                    "outcome": -5.932855967151169
                },
                "metadata": {
                    "trials": 1
                }
            },
            {
                "query": {
                    "x": 0.7779402570875261
                },
                "metrics": {
                    "outcome": -5.77982167744077
                },
                "metadata": {
                    "trials": 1
                }
            }
        ],
        [
            {
                "query": {
                    "x": 0.757161556990524
                },
                "metrics": {
                    "outcome": -6.020735996215478
                },
                "metadata": {
                    "trials": 1
                }
            },
            {
                "query": {
                    "x": 0.7584460507766166
                },
                "metrics": {
                    "outcome": -6.019971956342615
                },
                "metadata": {
                    "trials": 1
                }
            },
            {
                "query": {
                    "x": 0.7558795444486013
                },
                "metrics": {
                    "outcome": -6.019742860768222
                },
                "metadata": {
                    "trials": 1
                }
            },
            {
                "query": {
                    "x": 0.7596177415090793
                },
                "metrics": {
                    "outcome": -6.01772314256459
                },
                "metadata": {
                    "trials": 1
                }
            },
            {
                "query": {
                    "x": 0.7546839478106182
                },
                "metrics": {
                    "outcome": -6.01725317161194
                },
                "metadata": {
                    "trials": 1
                }
            },
            {
                "query": {
                    "x": 0.7606427275284917
                },
                "metrics": {
                    "outcome": -6.014530169705767
                },
                "metadata": {
                    "trials": 1
                }
            }
        ],
        [
            {
                "query": {
                    "x": 0.7572265769354006
                },
                "metrics": {
                    "outcome": -6.020739793057629
                },
                "metadata": {
                    "trials": 1
                }
            },
            {
                "query": {
                    "x": 0.7564774469285841
                },
                "metrics": {
                    "outcome": -6.020423066081906
                },
                "metadata": {
                    "trials": 1
                }
            },
            {
                "query": {
                    "x": 0.7579747789229604
                },
                "metrics": {
                    "outcome": -6.020457998088877
                },
                "metadata": {
                    "trials": 1
                }
            },
            {
                "query": {
                    "x": 0.7557497379546355
                },
                "metrics": {
                    "outcome": -6.019545271474915
                },
                "metadata": {
                    "trials": 1
                }
            },
            {
                "query": {
                    "x": 0.7586920661654721
                },
                "metrics": {
                    "outcome": -6.019623102667371
                },
                "metadata": {
                    "trials": 1
                }
            },
            {
                "query": {
                    "x": 0.755030117939321
                },
                "metrics": {
                    "outcome": -6.018128254624054
                },
                "metadata": {
                    "trials": 1
                }
            }
        ],
        [
            {
                "query": {
                    "x": 0.757277691935856
                },
                "metrics": {
                    "outcome": -6.02073960867174
                },
                "metadata": {
                    "trials": 1
                }
            },
            {
                "query": {
                    "x": 0.7566507681815224
                },
                "metrics": {
                    "outcome": -6.020549426500507
                },
                "metadata": {
                    "trials": 1
                }
            },
            {
                "query": {
                    "x": 0.7579038732859776
                },
                "metrics": {
                    "outcome": -6.020510447219918
                },
                "metadata": {
                    "trials": 1
                }
            },
            {
                "query": {
                    "x": 0.7560433289487332
                },
                "metrics": {
                    "outcome": -6.019966794100465
                },
                "metadata": {
                    "trials": 1
                }
            },
            {
                "query": {
                    "x": 0.7585169861082532
                },
                "metrics": {
                    "outcome": -6.019878074016325
                },
                "metadata": {
                    "trials": 1
                }
            },
            {
                "query": {
                    "x": 0.7554379169931115
                },
                "metrics": {
                    "outcome": -6.0189980781549455
                },
                "metadata": {
                    "trials": 1
                }
            }
        ],
        [
            {
                "query": {
                    "x": 0.7572949228374434
                },
                "metrics": {
                    "outcome": -6.020738917544285
                },
                "metadata": {
                    "trials": 1
                }
            },
            {
                "query": {
                    "x": 0.7567282883172448
                },
                "metrics": {
                    "outcome": -6.020595615148678
                },
                "metadata": {
                    "trials": 1
                }
            },
            {
                "query": {
                    "x": 0.7578611090552902
                },
                "metrics": {
                    "outcome": -6.020539469598369
                },
                "metadata": {
                    "trials": 1
                }
            },
            {
                "query": {
                    "x": 0.7561803283858932
                },
                "metrics": {
                    "outcome": -6.020132331485019
                },
                "metadata": {
                    "trials": 1
                }
            },
            {
                "query": {
                    "x": 0.7584207748109248
                },
                "metrics": {
                    "outcome": -6.020004096936382
                },
                "metadata": {
                    "trials": 1
                }
            },
            {
                "query": {
                    "x": 0.7556309320802386
                },
                "metrics": {
                    "outcome": -6.019348858438556
                },
                "metadata": {
                    "trials": 1
                }
            }
        ],
        [
            {
                "query": {
                    "x": 0.7572971867815503
                },
                "metrics": {
                    "outcome": -6.020738803161322
                },
                "metadata": {
                    "trials": 1
                }
            },
            {
                "query": {
                    "x": 0.7567783219681559
                },
                "metrics": {
                    "outcome": -6.020622034075375
                },
                "metadata": {
                    "trials": 1
                }
            },
            {
                "query": {
                    "x": 0.7578155873672173
                },
                "metrics": {
                    "outcome": -6.020568206069266
                },
                "metadata": {
                    "trials": 1
                }
            },
            {
                "query": {
                    "x": 0.7562766413424656
                },
                "metrics": {
                    "outcome": -6.020236819423289
                },
                "metadata": {
                    "trials": 1
                }
            },
            {
                "query": {
                    "x": 0.7583295971676602
                },
                "metrics": {
                    "outcome": -6.020114311992316
                },
                "metadata": {
                    "trials": 1
                }
            },
            {
                "query": {
                    "x": 0.7557728265049648
                },
                "metrics": {
                    "outcome": -6.01958171577887
                },
                "metadata": {
                    "trials": 1
                }
            }
        ],
        [
            {
                "query": {
                    "x": 0.7573041276614078
                },
                "metrics": {
                    "outcome": -6.020738418350126
                },
                "metadata": {
                    "trials": 1
                }
            },
            {
                "query": {
                    "x": 0.7568123477305506
                },
                "metrics": {
                    "outcome": -6.020638479350082
                },
                "metadata": {
                    "trials": 1
                }
            },
            {
                "query": {
                    "x": 0.7577956251338519
                },
                "metrics": {
                    "outcome": -6.0205801061557445
                },
                "metadata": {
                    "trials": 1
                }
            },
            {
                "query": {
                    "x": 0.7563368864295683
                },
                "metrics": {
                    "outcome": -6.020297184123637
                },
                "metadata": {
                    "trials": 1
                }
            },
            {
                "query": {
                    "x": 0.758285103615869
                },
                "metrics": {
                    "outcome": -6.02016484210507
                },
                "metadata": {
                    "trials": 1
                }
            },
            {
                "query": {
                    "x": 0.7558582526657837
                },
                "metrics": {
                    "outcome": -6.019711669433008
                },
                "metadata": {
                    "trials": 1
                }
            }
        ],
        [
            {
                "query": {
                    "x": 0.7573098762746566
                },
                "metrics": {
                    "outcome": -6.020738060667419
                },
                "metadata": {
                    "trials": 1
                }
            },
            {
                "query": {
                    "x": 0.7577849360018399
                },
                "metrics": {
                    "outcome": -6.020586302490061
                },
                "metadata": {
                    "trials": 1
                }
            },
            {
                "query": {
                    "x": 0.7568346736167664
                },
                "metrics": {
                    "outcome": -6.020648600566703
                },
                "metadata": {
                    "trials": 1
                }
            },
            {
                "query": {
                    "x": 0.7563752847383937
                },
                "metrics": {
                    "outcome": -6.020333652008104
                },
                "metadata": {
                    "trials": 1
                }
            },
            {
                "query": {
                    "x": 0.7582599715307227
                },
                "metrics": {
                    "outcome": -6.020192441248043
                },
                "metadata": {
                    "trials": 1
                }
            },
            {
                "query": {
                    "x": 0.755911630922239
                },
                "metrics": {
                    "outcome": -6.019788961945089
                },
                "metadata": {
                    "trials": 1
                }
            }
        ],
        [
            {
                "query": {
                    "x": 0.7573105735830981
                },
                "metrics": {
                    "outcome": -6.020738014878946
                },
                "metadata": {
                    "trials": 1
                }
            },
            {
                "query": {
                    "x": 0.7560263372567966
                },
                "metrics": {
                    "outcome": -6.019944879707021
                },
                "metadata": {
                    "trials": 1
                }
            },
            {
                "query": {
                    "x": 0.7585889190425614
                },
                "metrics": {
                    "outcome": -6.0197773245398984
                },
                "metadata": {
                    "trials": 1
                }
            },
            {
                "query": {
                    "x": 0.754689895180168
                },
                "metrics": {
                    "outcome": -6.0172692634446685
                },
                "metadata": {
                    "trials": 1
                }
            },
            {
                "query": {
                    "x": 0.7600084069749161
                },
                "metrics": {
                    "outcome": -6.016641635349509
                },
                "metadata": {
                    "trials": 1
                }
            },
            {
                "query": {
                    "x": 0.7529772679797174
                },
                "metrics": {
                    "outcome": -6.0111173649396985
                },
                "metadata": {
                    "trials": 1
                }
            }
        ],
        [
            {
                "query": {
                    "x": 0.7572942534127445
                },
                "metrics": {
                    "outcome": -6.02073895031711
                },
                "metadata": {
                    "trials": 1
                }
            },
            {
                "query": {
                    "x": 0.7586120348382742
                },
                "metrics": {
                    "outcome": -6.019743762077364
                },
                "metadata": {
                    "trials": 1
                }
            },
            {
                "query": {
                    "x": 0.7559770283189868
                },
                "metrics": {
                    "outcome": -6.019879558172058
                },
                "metadata": {
                    "trials": 1
                }
            },
            {
                "query": {
                    "x": 0.7546078731345166
                },
                "metrics": {
                    "outcome": -6.017044079032729
                },
                "metadata": {
                    "trials": 1
                }
            },
            {
                "query": {
                    "x": 0.7600896194200272
                },
                "metrics": {
                    "outcome": -6.01639589005971
                },
                "metadata": {
                    "trials": 1
                }
            },
            {
                "query": {
                    "x": 0.7528466259311786
                },
                "metrics": {
                    "outcome": -6.010523730832747
                },
                "metadata": {
                    "trials": 1
                }
            }
        ],
        [
            {
                "query": {
                    "x": 0.757277066503953
                },
                "metrics": {
                    "outcome": -6.020739627792197
                },
                "metadata": {
                    "trials": 1
                }
            },
            {
                "query": {
                    "x": 0.7586673010812068
                },
                "metrics": {
                    "outcome": -6.0196611793792405
                },
                "metadata": {
                    "trials": 1
                }
            },
            {
                "query": {
                    "x": 0.7558938999038414
                },
                "metrics": {
                    "outcome": -6.019763620721455
                },
                "metadata": {
                    "trials": 1
                }
            },
            {
                "query": {
                    "x": 0.7602351610701973
                },
                "metrics": {
                    "outcome": -6.015937442878383
                },
                "metadata": {
                    "trials": 1
                }
            },
            {
                "query": {
                    "x": 0.754463334536267
                },
                "metrics": {
                    "outcome": -6.016630180025207
                },
                "metadata": {
                    "trials": 1
                }
            },
            {
                "query": {
                    "x": 0.7625321022496069
                },
                "metrics": {
                    "outcome": -6.005614395592887
                },
                "metadata": {
                    "trials": 1
                }
            }
        ],
        [
            {
                "query": {
                    "x": 0.7572734007183339
                },
                "metrics": {
                    "outcome": -6.020739731458933
                },
                "metadata": {
                    "trials": 1
                }
            },
            {
                "query": {
                    "x": 0.7586452287323063
                },
                "metrics": {
                    "outcome": -6.019694557285182
                },
                "metadata": {
                    "trials": 1
                }
            },
            {
                "query": {
                    "x": 0.7559021574639261
                },
                "metrics": {
                    "outcome": -6.019775463738737
                },
                "metadata": {
                    "trials": 1
                }
            },
            {
                "query": {
                    "x": 0.7544720323868946
                },
                "metrics": {
                    "outcome": -6.016655702965028
                },
                "metadata": {
                    "trials": 1
                }
            },
            {
                "query": {
                    "x": 0.760152023518246
                },
                "metrics": {
                    "outcome": -6.016202158799983
                },
                "metadata": {
                    "trials": 1
                }
            },
            {
                "query": {
                    "x": 0.7526940456125059
                },
                "metrics": {
                    "outcome": -6.009808232446528
                },
                "metadata": {
                    "trials": 1
                }
            }
        ],
        [
            {
                "query": {
                    "x": 0.7572637343558526
                },
                "metrics": {
                    "outcome": -6.020739935987009
                },
                "metadata": {
                    "trials": 1
                }
            },
            {
                "query": {
                    "x": 0.758647038509362
                },
                "metrics": {
                    "outcome": -6.0196918403468995
                },
                "metadata": {
                    "trials": 1
                }
            },
            {
                "query": {
                    "x": 0.7558814718250333
                },
                "metrics": {
                    "outcome": -6.019745660658968
                },
                "metadata": {
                    "trials": 1
                }
            },
            {
                "query": {
                    "x": 0.754447143578713
                },
                "metrics": {
                    "outcome": -6.01658245939027
                },
                "metadata": {
                    "trials": 1
                }
            },
            {
                "query": {
                    "x": 0.7601435803103628
                },
                "metrics": {
                    "outcome": -6.016228619576449
                },
                "metadata": {
                    "trials": 1
                }
            },
            {
                "query": {
                    "x": 0.7527386459789731
                },
                "metrics": {
                    "outcome": -6.010019847626963
                },
                "metadata": {
                    "trials": 1
                }
            }
        ],
        [
            {
                "query": {
                    "x": 0.7572544622453538
                },
                "metrics": {
                    "outcome": -6.020740038390191
                },
                "metadata": {
                    "trials": 1
                }
            },
            {
                "query": {
                    "x": 0.758655279453697
                },
                "metrics": {
                    "outcome": -6.0196794238277676
                },
                "metadata": {
                    "trials": 1
                }
            },
            {
                "query": {
                    "x": 0.7558550897019447
                },
                "metrics": {
                    "outcome": -6.019706995047511
                },
                "metadata": {
                    "trials": 1
                }
            },
            {
                "query": {
                    "x": 0.7601433459521746
                },
                "metrics": {
                    "outcome": -6.016229352936178
                },
                "metadata": {
                    "trials": 1
                }
            },
            {
                "query": {
                    "x": 0.7544123195817379
                },
                "metrics": {
                    "outcome": -6.016478895000365
                },
                "metadata": {
                    "trials": 1
                }
            },
            {
                "query": {
                    "x": 0.7527468287821725
                },
                "metrics": {
                    "outcome": -6.010058451121138
                },
                "metadata": {
                    "trials": 1
                }
            }
        ],
        [
            {
                "query": {
                    "x": 0.7572464829267682
                },
                "metrics": {
                    "outcome": -6.020740053003502
                },
                "metadata": {
                    "trials": 1
                }
            },
            {
                "query": {
                    "x": 0.7586694246891004
                },
                "metrics": {
                    "outcome": -6.019657940283762
                },
                "metadata": {
                    "trials": 1
                }
            },
            {
                "query": {
                    "x": 0.7558252226662668
                },
                "metrics": {
                    "outcome": -6.019662335640299
                },
                "metadata": {
                    "trials": 1
                }
            },
            {
                "query": {
                    "x": 0.7601532361772089
                },
                "metrics": {
                    "outcome": -6.016198351956612
                },
                "metadata": {
                    "trials": 1
                }
            },
            {
                "query": {
                    "x": 0.7543717761015608
                },
                "metrics": {
                    "outcome": -6.016356729949536
                },
                "metadata": {
                    "trials": 1
                }
            },
            {
                "query": {
                    "x": 0.7527369738567428
                },
                "metrics": {
                    "outcome": -6.010011950712586
                },
                "metadata": {
                    "trials": 1
                }
            }
        ],
        [
            {
                "query": {
                    "x": 0.7572397329987044
                },
                "metrics": {
                    "outcome": -6.020740012274747
                },
                "metadata": {
                    "trials": 1
                }
            },
            {
                "query": {
                    "x": 0.7586895722130931
                },
                "metrics": {
                    "outcome": -6.019626967178642
                },
                "metadata": {
                    "trials": 1
                }
            },
            {
                "query": {
                    "x": 0.7557917030836221
                },
                "metrics": {
                    "outcome": -6.019611094050916
                },
                "metadata": {
                    "trials": 1
                }
            },
            {
                "query": {
                    "x": 0.760173465000179
                },
                "metrics": {
                    "outcome": -6.0161346113172804
                },
                "metadata": {
                    "trials": 1
                }
            },
            {
                "query": {
                    "x": 0.7543250020536143
                },
                "metrics": {
                    "outcome": -6.016213664932434
                },
                "metadata": {
                    "trials": 1
                }
            },
            {
                "query": {
                    "x": 0.7527137367915574
                },
                "metrics": {
                    "outcome": -6.009901912527395
                },
                "metadata": {
                    "trials": 1
                }
            }
        ],
        [
            {
                "query": {
                    "x": 0.7572311657173773
                },
                "metrics": {
                    "outcome": -6.020739890510267
                },
                "metadata": {
                    "trials": 1
                }
            },
            {
                "query": {
                    "x": 0.7587559121293107
                },
                "metrics": {
                    "outcome": -6.019521880202905
                },
                "metadata": {
                    "trials": 1
                }
            },
            {
                "query": {
                    "x": 0.7557091964716395
                },
                "metrics": {
                    "outcome": -6.019479918833266
                },
                "metadata": {
                    "trials": 1
                }
            },
            {
                "query": {
                    "x": 0.760288881605742
                },
                "metrics": {
                    "outcome": -6.015762369299341
                },
                "metadata": {
                    "trials": 1
                }
            },
            {
                "query": {
                    "x": 0.7541833779083311
                },
                "metrics": {
                    "outcome": -6.015766607546817
                },
                "metadata": {
                    "trials": 1
                }
            },
            {
                "query": {
                    "x": 0.7621142196931194
                },
                "metrics": {
                    "outcome": -6.007926909313504
                },
                "metadata": {
                    "trials": 1
                }
            }
        ],
        [
            {
                "query": {
                    "x": 0.7572259340780311
                },
                "metrics": {
                    "outcome": -6.020739777609531
                },
                "metadata": {
                    "trials": 1
                }
            },
            {
                "query": {
                    "x": 0.7587678037598411
                },
                "metrics": {
                    "outcome": -6.019502540012587
                },
                "metadata": {
                    "trials": 1
                }
            },
            {
                "query": {
                    "x": 0.7556860860282489
                },
                "metrics": {
                    "outcome": -6.019441889818079
                },
                "metadata": {
                    "trials": 1
                }
            },
            {
                "query": {
                    "x": 0.7603144910487506
                },
                "metrics": {
                    "outcome": -6.015677796608915
                },
                "metadata": {
                    "trials": 1
                }
            },
            {
                "query": {
                    "x": 0.7541426417734872
                },
                "metrics": {
                    "outcome": -6.015634156246611
                },
                "metadata": {
                    "trials": 1
                }
            },
            {
                "query": {
                    "x": 0.7524891016184754
                },
                "metrics": {
                    "outcome": -6.008809638842493
                },
                "metadata": {
                    "trials": 1
                }
            }
        ],
        [
            {
                "query": {
                    "x": 0.7572272878348261
                },
                "metrics": {
                    "outcome": -6.020739809626981
                },
                "metadata": {
                    "trials": 1
                }
            },
            {
                "query": {
                    "x": 0.7587726453727716
                },
                "metrics": {
                    "outcome": -6.019494621941989
                },
                "metadata": {
                    "trials": 1
                }
            },
            {
                "query": {
                    "x": 0.7556835100565306
                },
                "metrics": {
                    "outcome": -6.019437616111521
                },
                "metadata": {
                    "trials": 1
                }
            },
            {
                "query": {
                    "x": 0.7602937925304929
                },
                "metrics": {
                    "outcome": -6.015746207110261
                },
                "metadata": {
                    "trials": 1
                }
            },
            {
                "query": {
                    "x": 0.7541375541009162
                },
                "metrics": {
                    "outcome": -6.015617492835034
                },
                "metadata": {
                    "trials": 1
                }
            },
            {
                "query": {
                    "x": 0.762030823999068
                },
                "metrics": {
                    "outcome": -6.008365176524136
                },
                "metadata": {
                    "trials": 1
                }
            }
        ],
        [
            {
                "query": {
                    "x": 0.7572376473789193
                },
                "metrics": {
                    "outcome": -6.020739989850432
                },
                "metadata": {
                    "trials": 1
                }
            },
            {
                "query": {
                    "x": 0.7587827149928151
                },
                "metrics": {
                    "outcome": -6.019478072670164
                },
                "metadata": {
                    "trials": 1
                }
            },
            {
                "query": {
                    "x": 0.7556939526694494
                },
                "metrics": {
                    "outcome": -6.0194548978183064
                },
                "metadata": {
                    "trials": 1
                }
            },
            {
                "query": {
                    "x": 0.760328867532508
                },
                "metrics": {
                    "outcome": -6.015630004859483
                },
                "metadata": {
                    "trials": 1
                }
            },
            {
                "query": {
                    "x": 0.7541579701143506
                },
                "metrics": {
                    "outcome": -6.015684197856418
                },
                "metadata": {
                    "trials": 1
                }
            },
            {
                "query": {
                    "x": 0.7525110842520889
                },
                "metrics": {
                    "outcome": -6.008918808328052
                },
                "metadata": {
                    "trials": 1
                }
            }
        ],
        [
            {
                "query": {
                    "x": 0.7572317303996707
                },
                "metrics": {
                    "outcome": -6.0207399009487705
                },
                "metadata": {
                    "trials": 1
                }
            },
            {
                "query": {
                    "x": 0.7556751117978157
                },
                "metrics": {
                    "outcome": -6.019423634298974
                },
                "metadata": {
                    "trials": 1
                }
            },
            {
                "query": {
                    "x": 0.7587886999096323
                },
                "metrics": {
                    "outcome": -6.0194681845739835
                },
                "metadata": {
                    "trials": 1
                }
            },
            {
                "query": {
                    "x": 0.7603283410371164
                },
                "metrics": {
                    "outcome": -6.015631759082032
                },
                "metadata": {
                    "trials": 1
                }
            },
            {
                "query": {
                    "x": 0.7541233522071209
                },
                "metrics": {
                    "outcome": -6.015570835747395
                },
                "metadata": {
                    "trials": 1
                }
            },
            {
                "query": {
                    "x": 0.7620793286147501
                },
                "metrics": {
                    "outcome": -6.0081112110387345
                },
                "metadata": {
                    "trials": 1
                }
            }
        ],
        [
            {
                "query": {
                    "x": 0.7572306599396667
                },
                "metrics": {
                    "outcome": -6.020739880871577
                },
                "metadata": {
                    "trials": 1
                }
            },
            {
                "query": {
                    "x": 0.7587924176144435
                },
                "metrics": {
                    "outcome": -6.019462022783372
                },
                "metadata": {
                    "trials": 1
                }
            },
            {
                "query": {
                    "x": 0.7556693216921775
                },
                "metrics": {
                    "outcome": -6.019413951388686
                },
                "metadata": {
                    "trials": 1
                }
            },
            {
                "query": {
                    "x": 0.7603689113424316
                },
                "metrics": {
                    "outcome": -6.015495693551061
                },
                "metadata": {
                    "trials": 1
                }
            },
            {
                "query": {
                    "x": 0.7541103138065831
                },
                "metrics": {
                    "outcome": -6.0155278165784365
                },
                "metadata": {
                    "trials": 1
                }
            },
            {
                "query": {
                    "x": 0.7524373108154333
                },
                "metrics": {
                    "outcome": -6.008550482836262
                },
                "metadata": {
                    "trials": 1
                }
            }
        ],
        [
            {
                "query": {
                    "x": 0.7572418517393136
                },
                "metrics": {
                    "outcome": -6.020740030298659
                },
                "metadata": {
                    "trials": 1
                }
            },
            {
                "query": {
                    "x": 0.7587998537153223
                },
                "metrics": {
                    "outcome": -6.0194496531880315
                },
                "metadata": {
                    "trials": 1
                }
            },
            {
                "query": {
                    "x": 0.7556840772189145
                },
                "metrics": {
                    "outcome": -6.019438557671399
                },
                "metadata": {
                    "trials": 1
                }
            },
            {
                "query": {
                    "x": 0.7603561595781118
                },
                "metrics": {
                    "outcome": -6.015538655010686
                },
                "metadata": {
                    "trials": 1
                }
            },
            {
                "query": {
                    "x": 0.7541410349558125
                },
                "metrics": {
                    "outcome": -6.015628896418709
                },
                "metadata": {
                    "trials": 1
                }
            },
            {
                "query": {
                    "x": 0.7524959743473002
                },
                "metrics": {
                    "outcome": -6.008843823100007
                },
                "metadata": {
                    "trials": 1
                }
            }
        ]
    ],
    "best_results": [
        {
            "query": {
                "x": 0.7572464829267682
            },
            "metrics": [
                {
                    "name": "outcome",
                    "value": -6.020740053003502
                }
            ]
        }
    ]
}