{
    "date": "05/11/2022 12:04:10",
    "basic_params": {
        "active_variables": [
            "x"
        ],
        "default_query": {},
        "metric": "basic",
        "n_trials": 1
    },
    "objective_function": {
        "name": "Forrester",
        "params": {}
    },
    "optimizer": {
        "name": "BBO-LP(LCBa)-FoD",
        "params": {
            "lower_bound": [
                0.0
            ],
            "upper_bound": [
                1.0
            ],
            "invert_metric": false,
            "bopt_params": {
                "n_init_samples": 12,
                "n_iterations": 23,
                "n_iter_relearn": 5,
                "verbose_level": 0,
                "n_parallel_samples": 6,
                "fixed_dataset_size": 50,
                "par_type": "PAR_BBO",
                "crit_name": "cLP(cLCBa)",
                "n_crit_params": 3,
                "crit_params": [
                    6,
                    1,
                    5.0
                ]
            }
        }
    },
    "iterations": [
        [
            {
                "query": {
                    "x": 0.9110377559166712
                },
                "metrics": {
                    "outcome": 7.264143493836103
                },
                "metadata": {
                    "trials": 1
                }
            }
        ],
        [
            {
                "query": {
                    "x": 0.14193273021373898
                },
                "metrics": {
                    "outcome": -0.9862595351846299
                },
                "metadata": {
                    "trials": 1
                }
            }
        ],
        [
            {
                "query": {
                    "x": 0.46440437115961686
                },
                "metrics": {
                    "outcome": 0.6184649031153475
                },
                "metadata": {
                    "trials": 1
                }
            }
        ],
        [
            {
                "query": {
                    "x": 0.5883229641670672
                },
                "metrics": {
                    "outcome": 0.191063155217683
                },
                "metadata": {
                    "trials": 1
                }
            }
        ],
        [
            {
                "query": {
                    "x": 0.9289444960886613
                },
                "metrics": {
                    "outcome": 9.712964410359167
                },
                "metadata": {
                    "trials": 1
                }
            }
        ],
        [
            {
                "query": {
                    "x": 0.004275754695603003
                },
                "metrics": {
                    "outcome": 2.8154896286231117
                },
                "metadata": {
                    "trials": 1
                }
            }
        ],
        [
            {
                "query": {
                    "x": 0.2541281101293862
                },
                "metrics": {
                    "outcome": -0.18376644542225068
                },
                "metadata": {
                    "trials": 1
                }
            }
        ],
        [
            {
                "query": {
                    "x": 0.776465140884587
                },
                "metrics": {
                    "outcome": -5.813631199684166
                },
                "metadata": {
                    "trials": 1
                }
            }
        ],
        [
            {
                "query": {
                    "x": 0.23065946090112752
                },
                "metrics": {
                    "outcome": -0.35794711644600485
                },
                "metadata": {
                    "trials": 1
                }
            }
        ],
        [
            {
                "query": {
                    "x": 0.7296184570683787
                },
                "metrics": {
                    "outcome": -5.6482746089685225
                },
                "metadata": {
                    "trials": 1
                }
            }
        ],
        [
            {
                "query": {
                    "x": 0.40164136077510193
                },
                "metrics": {
                    "outcome": 0.1227797942817475
                },
                "metadata": {
                    "trials": 1
                }
            }
        ],
        [
            {
                "query": {
                    "x": 0.5303452550821627
                },
                "metrics": {
                    "outcome": 0.9801508299601411
                },
                "metadata": {
                    "trials": 1
                }
            }
        ],
        [
            {
                "query": {
                    "x": 0.7556214316190738
                },
                "metrics": {
                    "outcome": -6.019332509996216
                },
                "metadata": {
                    "trials": 1
                }
            },
            {
                "query": {
                    "x": 0.7487581697220252
                },
                "metrics": {
                    "outcome": -5.983205134762209
                },
                "metadata": {
                    "trials": 1
                }
            },
            {
                "query": {
                    "x": 0.7623385320172368
                },
                "metrics": {
                    "outcome": -6.006709742448749
                },
                "metadata": {
                    "trials": 1
                }
            },
            {
                "query": {
                    "x": 0.7426373912311753
                },
                "metrics": {
                    "outcome": -5.911738679112228
                },
                "metadata": {
                    "trials": 1
                }
            },
            {
                "query": {
                    "x": 0.7677383700036503
                },
                "metrics": {
                    "outcome": -5.960302067902932
                },
                "metadata": {
                    "trials": 1
                }
            },
            {
                "query": {
                    "x": 0.7721764181140145
                },
                "metrics": {
                    "outcome": -5.896999386344556
                },
                "metadata": {
                    "trials": 1
                }
            }
        ],
        [
            {
                "query": {
                    "x": 0.7583154594516053
                },
                "metrics": {
                    "outcome": -6.020130599046524
                },
                "metadata": {
                    "trials": 1
                }
            },
            {
                "query": {
                    "x": 0.7568877920134984
                },
                "metrics": {
                    "outcome": -6.020670548659236
                },
                "metadata": {
                    "trials": 1
                }
            },
            {
                "query": {
                    "x": 0.7597310554700699
                },
                "metrics": {
                    "outcome": -6.017426586499055
                },
                "metadata": {
                    "trials": 1
                }
            },
            {
                "query": {
                    "x": 0.7538732370762928
                },
                "metrics": {
                    "outcome": -6.014714827420022
                },
                "metadata": {
                    "trials": 1
                }
            },
            {
                "query": {
                    "x": 0.7556966923519065
                },
                "metrics": {
                    "outcome": -6.019459412752412
                },
                "metadata": {
                    "trials": 1
                }
            },
            {
                "query": {
                    "x": 0.7525386588760099
                },
                "metrics": {
                    "outcome": -6.009055049467188
                },
                "metadata": {
                    "trials": 1
                }
            }
        ],
        [
            {
                "query": {
                    "x": 0.7574078358377017
                },
                "metrics": {
                    "outcome": -6.020726536240864
                },
                "metadata": {
                    "trials": 1
                }
            },
            {
                "query": {
                    "x": 0.7567349090256592
                },
                "metrics": {
                    "outcome": -6.020599263861245
                },
                "metadata": {
                    "trials": 1
                }
            },
            {
                "query": {
                    "x": 0.7580793711602959
                },
                "metrics": {
                    "outcome": -6.020370767433683
                },
                "metadata": {
                    "trials": 1
                }
            },
            {
                "query": {
                    "x": 0.7587426250806496
                },
                "metrics": {
                    "outcome": -6.019543308934869
                },
                "metadata": {
                    "trials": 1
                }
            },
            {
                "query": {
                    "x": 0.7561029308720605
                },
                "metrics": {
                    "outcome": -6.020041250689796
                },
                "metadata": {
                    "trials": 1
                }
            },
            {
                "query": {
                    "x": 0.7554967323152436
                },
                "metrics": {
                    "outcome": -6.019109119334775
                },
                "metadata": {
                    "trials": 1
                }
            }
        ],
        [
            {
                "query": {
                    "x": 0.7573205171080815
                },
                "metrics": {
                    "outcome": -6.020737305408543
                },
                "metadata": {
                    "trials": 1
                }
            },
            {
                "query": {
                    "x": 0.7578755242434528
                },
                "metrics": {
                    "outcome": -6.020529905981157
                },
                "metadata": {
                    "trials": 1
                }
            },
            {
                "query": {
                    "x": 0.7567668189213864
                },
                "metrics": {
                    "outcome": -6.020616195884069
                },
                "metadata": {
                    "trials": 1
                }
            },
            {
                "query": {
                    "x": 0.758424231207094
                },
                "metrics": {
                    "outcome": -6.01999974250331
                },
                "metadata": {
                    "trials": 1
                }
            },
            {
                "query": {
                    "x": 0.7562370393416313
                },
                "metrics": {
                    "outcome": -6.020195044819158
                },
                "metadata": {
                    "trials": 1
                }
            },
            {
                "query": {
                    "x": 0.758984823371785
                },
                "metrics": {
                    "outcome": -6.019122702063382
                },
                "metadata": {
                    "trials": 1
                }
            }
        ],
        [
            {
                "query": {
                    "x": 0.7572784074792708
                },
                "metrics": {
                    "outcome": -6.020739586283912
                },
                "metadata": {
                    "trials": 1
                }
            },
            {
                "query": {
                    "x": 0.7567788276125427
                },
                "metrics": {
                    "outcome": -6.0206222874779165
                },
                "metadata": {
                    "trials": 1
                }
            },
            {
                "query": {
                    "x": 0.7577760569958794
                },
                "metrics": {
                    "outcome": -6.020591356315877
                },
                "metadata": {
                    "trials": 1
                }
            },
            {
                "query": {
                    "x": 0.7562943511836195
                },
                "metrics": {
                    "outcome": -6.020254963410187
                },
                "metadata": {
                    "trials": 1
                }
            },
            {
                "query": {
                    "x": 0.7582637861000002
                },
                "metrics": {
                    "outcome": -6.020188296026161
                },
                "metadata": {
                    "trials": 1
                }
            },
            {
                "query": {
                    "x": 0.7558077425907462
                },
                "metrics": {
                    "outcome": -6.019635761598129
                },
                "metadata": {
                    "trials": 1
                }
            }
        ],
        [
            {
                "query": {
                    "x": 0.7572791839003018
                },
                "metrics": {
                    "outcome": -6.0207395613726105
                },
                "metadata": {
                    "trials": 1
                }
            },
            {
                "query": {
                    "x": 0.7577464533677766
                },
                "metrics": {
                    "outcome": -6.020607595306962
                },
                "metadata": {
                    "trials": 1
                }
            },
            {
                "query": {
                    "x": 0.7568121569941522
                },
                "metrics": {
                    "outcome": -6.020638390596679
                },
                "metadata": {
                    "trials": 1
                }
            },
            {
                "query": {
                    "x": 0.7582137617067003
                },
                "metrics": {
                    "outcome": -6.020241411758078
                },
                "metadata": {
                    "trials": 1
                }
            },
            {
                "query": {
                    "x": 0.7563571646621773
                },
                "metrics": {
                    "outcome": -6.020316637603867
                },
                "metadata": {
                    "trials": 1
                }
            },
            {
                "query": {
                    "x": 0.7558933732217368
                },
                "metrics": {
                    "outcome": -6.019762862910699
                },
                "metadata": {
                    "trials": 1
                }
            }
        ],
        [
            {
                "query": {
                    "x": 0.7572875927672164
                },
                "metrics": {
                    "outcome": -6.020739250318973
                },
                "metadata": {
                    "trials": 1
                }
            },
            {
                "query": {
                    "x": 0.7577308271127471
                },
                "metrics": {
                    "outcome": -6.020615788013162
                },
                "metadata": {
                    "trials": 1
                }
            },
            {
                "query": {
                    "x": 0.7568451917677401
                },
                "metrics": {
                    "outcome": -6.02065318505003
                },
                "metadata": {
                    "trials": 1
                }
            },
            {
                "query": {
                    "x": 0.7581715136128502
                },
                "metrics": {
                    "outcome": -6.020284171828555
                },
                "metadata": {
                    "trials": 1
                }
            },
            {
                "query": {
                    "x": 0.7564146954587608
                },
                "metrics": {
                    "outcome": -6.020369456183032
                },
                "metadata": {
                    "trials": 1
                }
            },
            {
                "query": {
                    "x": 0.7586278669526187
                },
                "metrics": {
                    "outcome": -6.019720441922541
                },
                "metadata": {
                    "trials": 1
                }
            }
        ],
        [
            {
                "query": {
                    "x": 0.7572602990315667
                },
                "metrics": {
                    "outcome": -6.020739984635902
                },
                "metadata": {
                    "trials": 1
                }
            },
            {
                "query": {
                    "x": 0.7577358549112102
                },
                "metrics": {
                    "outcome": -6.020613180557144
                },
                "metadata": {
                    "trials": 1
                }
            },
            {
                "query": {
                    "x": 0.7567852028944567
                },
                "metrics": {
                    "outcome": -6.020625459104479
                },
                "metadata": {
                    "trials": 1
                }
            },
            {
                "query": {
                    "x": 0.7582087215698748
                },
                "metrics": {
                    "outcome": -6.020246613922901
                },
                "metadata": {
                    "trials": 1
                }
            },
            {
                "query": {
                    "x": 0.7563170079799145
                },
                "metrics": {
                    "outcome": -6.020277691242189
                },
                "metadata": {
                    "trials": 1
                }
            },
            {
                "query": {
                    "x": 0.7587029471713722
                },
                "metrics": {
                    "outcome": -6.019606163307773
                },
                "metadata": {
                    "trials": 1
                }
            }
        ],
        [
            {
                "query": {
                    "x": 0.7572522074329422
                },
                "metrics": {
                    "outcome": -6.020740049412544
                },
                "metadata": {
                    "trials": 1
                }
            },
            {
                "query": {
                    "x": 0.7584836235463482
                },
                "metrics": {
                    "outcome": -6.019922905466999
                },
                "metadata": {
                    "trials": 1
                }
            },
            {
                "query": {
                    "x": 0.7560515817212833
                },
                "metrics": {
                    "outcome": -6.019977327709679
                },
                "metadata": {
                    "trials": 1
                }
            },
            {
                "query": {
                    "x": 0.7547546932830875
                },
                "metrics": {
                    "outcome": -6.017442194266425
                },
                "metadata": {
                    "trials": 1
                }
            },
            {
                "query": {
                    "x": 0.7597965363256188
                },
                "metrics": {
                    "outcome": -6.017248834218358
                },
                "metadata": {
                    "trials": 1
                }
            },
            {
                "query": {
                    "x": 0.7531854865973103
                },
                "metrics": {
                    "outcome": -6.012027239134979
                },
                "metadata": {
                    "trials": 1
                }
            }
        ],
        [
            {
                "query": {
                    "x": 0.7572089595185657
                },
                "metrics": {
                    "outcome": -6.020739210050464
                },
                "metadata": {
                    "trials": 1
                }
            },
            {
                "query": {
                    "x": 0.7585278995035595
                },
                "metrics": {
                    "outcome": -6.019863148191049
                },
                "metadata": {
                    "trials": 1
                }
            },
            {
                "query": {
                    "x": 0.7559040885075421
                },
                "metrics": {
                    "outcome": -6.01977822286331
                },
                "metadata": {
                    "trials": 1
                }
            },
            {
                "query": {
                    "x": 0.75997596011762
                },
                "metrics": {
                    "outcome": -6.016737803080903
                },
                "metadata": {
                    "trials": 1
                }
            },
            {
                "query": {
                    "x": 0.7544619349395947
                },
                "metrics": {
                    "outcome": -6.016626065690716
                },
                "metadata": {
                    "trials": 1
                }
            },
            {
                "query": {
                    "x": 0.7526906270086414
                },
                "metrics": {
                    "outcome": -6.009791928070461
                },
                "metadata": {
                    "trials": 1
                }
            }
        ],
        [
            {
                "query": {
                    "x": 0.7571916810429881
                },
                "metrics": {
                    "outcome": -6.020738316392428
                },
                "metadata": {
                    "trials": 1
                }
            },
            {
                "query": {
                    "x": 0.7585913312395822
                },
                "metrics": {
                    "outcome": -6.019773849177314
                },
                "metadata": {
                    "trials": 1
                }
            },
            {
                "query": {
                    "x": 0.7558201619761465
                },
                "metrics": {
                    "outcome": -6.019654675285853
                },
                "metadata": {
                    "trials": 1
                }
            },
            {
                "query": {
                    "x": 0.7601753119523738
                },
                "metrics": {
                    "outcome": -6.016128769302455
                },
                "metadata": {
                    "trials": 1
                }
            },
            {
                "query": {
                    "x": 0.7542628439975253
                },
                "metrics": {
                    "outcome": -6.016020022588349
                },
                "metadata": {
                    "trials": 1
                }
            },
            {
                "query": {
                    "x": 0.7627175056733494
                },
                "metrics": {
                    "outcome": -6.004526120563662
                },
                "metadata": {
                    "trials": 1
                }
            }
        ],
        [
            {
                "query": {
                    "x": 0.7572300698520217
                },
                "metrics": {
                    "outcome": -6.020739869280916
                },
                "metadata": {
                    "trials": 1
                }
            },
            {
                "query": {
                    "x": 0.758592666612227
                },
                "metrics": {
                    "outcome": -6.0197719225421595
                },
                "metadata": {
                    "trials": 1
                }
            },
            {
                "query": {
                    "x": 0.7558715843329433
                },
                "metrics": {
                    "outcome": -6.0197312556141735
                },
                "metadata": {
                    "trials": 1
                }
            },
            {
                "query": {
                    "x": 0.7600694532614806
                },
                "metrics": {
                    "outcome": -6.016457584782983
                },
                "metadata": {
                    "trials": 1
                }
            },
            {
                "query": {
                    "x": 0.7544048361352871
                },
                "metrics": {
                    "outcome": -6.016456474805329
                },
                "metadata": {
                    "trials": 1
                }
            },
            {
                "query": {
                    "x": 0.7525737784857823
                },
                "metrics": {
                    "outcome": -6.009227442240255
                },
                "metadata": {
                    "trials": 1
                }
            }
        ],
        [
            {
                "query": {
                    "x": 0.7572194234546997
                },
                "metrics": {
                    "outcome": -6.020739596291639
                },
                "metadata": {
                    "trials": 1
                }
            },
            {
                "query": {
                    "x": 0.7585973708462016
                },
                "metrics": {
                    "outcome": -6.0197651200715026
                },
                "metadata": {
                    "trials": 1
                }
            },
            {
                "query": {
                    "x": 0.7558465439757899
                },
                "metrics": {
                    "outcome": -6.0196943129600236
                },
                "metadata": {
                    "trials": 1
                }
            },
            {
                "query": {
                    "x": 0.7600614908376784
                },
                "metrics": {
                    "outcome": -6.016481821957783
                },
                "metadata": {
                    "trials": 1
                }
            },
            {
                "query": {
                    "x": 0.754378194973284
                },
                "metrics": {
                    "outcome": -6.016376185249356
                },
                "metadata": {
                    "trials": 1
                }
            },
            {
                "query": {
                    "x": 0.7526326283466412
                },
                "metrics": {
                    "outcome": -6.009513489396408
                },
                "metadata": {
                    "trials": 1
                }
            }
        ],
        [
            {
                "query": {
                    "x": 0.7572128290303197
                },
                "metrics": {
                    "outcome": -6.020739366502747
                },
                "metadata": {
                    "trials": 1
                }
            },
            {
                "query": {
                    "x": 0.7586107778423293
                },
                "metrics": {
                    "outcome": -6.019745601985158
                },
                "metadata": {
                    "trials": 1
                }
            },
            {
                "query": {
                    "x": 0.7558208734571158
                },
                "metrics": {
                    "outcome": -6.019655753884918
                },
                "metadata": {
                    "trials": 1
                }
            },
            {
                "query": {
                    "x": 0.7600711009056192
                },
                "metrics": {
                    "outcome": -6.016452560791441
                },
                "metadata": {
                    "trials": 1
                }
            },
            {
                "query": {
                    "x": 0.7543498139607291
                },
                "metrics": {
                    "outcome": -6.016289839262721
                },
                "metadata": {
                    "trials": 1
                }
            },
            {
                "query": {
                    "x": 0.7618731790197322
                },
                "metrics": {
                    "outcome": -6.009172559317448
                },
                "metadata": {
                    "trials": 1
                }
            }
        ],
        [
            {
                "query": {
                    "x": 0.7572259266843706
                },
                "metrics": {
                    "outcome": -6.0207397774292915
                },
                "metadata": {
                    "trials": 1
                }
            },
            {
                "query": {
                    "x": 0.7586433399342482
                },
                "metrics": {
                    "outcome": -6.019697389079688
                },
                "metadata": {
                    "trials": 1
                }
            },
            {
                "query": {
                    "x": 0.7558113619571215
                },
                "metrics": {
                    "outcome": -6.019641290388354
                },
                "metadata": {
                    "trials": 1
                }
            },
            {
                "query": {
                    "x": 0.7601047259086046
                },
                "metrics": {
                    "outcome": -6.016349383194029
                },
                "metadata": {
                    "trials": 1
                }
            },
            {
                "query": {
                    "x": 0.7543427389555251
                },
                "metrics": {
                    "outcome": -6.01626818379778
                },
                "metadata": {
                    "trials": 1
                }
            },
            {
                "query": {
                    "x": 0.7526732601475632
                },
                "metrics": {
                    "outcome": -6.00970891517137
                },
                "metadata": {
                    "trials": 1
                }
            }
        ],
        [
            {
                "query": {
                    "x": 0.7572178236035417
                },
                "metrics": {
                    "outcome": -6.020739544809157
                },
                "metadata": {
                    "trials": 1
                }
            },
            {
                "query": {
                    "x": 0.758704349842076
                },
                "metrics": {
                    "outcome": -6.019603970340899
                },
                "metadata": {
                    "trials": 1
                }
            },
            {
                "query": {
                    "x": 0.7557350351779687
                },
                "metrics": {
                    "outcome": -6.019521770887918
                },
                "metadata": {
                    "trials": 1
                }
            },
            {
                "query": {
                    "x": 0.7602097567774675
                },
                "metrics": {
                    "outcome": -6.016019134457763
                },
                "metadata": {
                    "trials": 1
                }
            },
            {
                "query": {
                    "x": 0.7542119402998653
                },
                "metrics": {
                    "outcome": -6.01585844800992
                },
                "metadata": {
                    "trials": 1
                }
            },
            {
                "query": {
                    "x": 0.7619807757498543
                },
                "metrics": {
                    "outcome": -6.00862448694096
                },
                "metadata": {
                    "trials": 1
                }
            }
        ],
        [
            {
                "query": {
                    "x": 0.7572299934479316
                },
                "metrics": {
                    "outcome": -6.020739867752978
                },
                "metadata": {
                    "trials": 1
                }
            },
            {
                "query": {
                    "x": 0.7587455987719193
                },
                "metrics": {
                    "outcome": -6.019538529688983
                },
                "metadata": {
                    "trials": 1
                }
            },
            {
                "query": {
                    "x": 0.7557162517856225
                },
                "metrics": {
                    "outcome": -6.019491416458196
                },
                "metadata": {
                    "trials": 1
                }
            },
            {
                "query": {
                    "x": 0.7602656964527984
                },
                "metrics": {
                    "outcome": -6.015838316564975
                },
                "metadata": {
                    "trials": 1
                }
            },
            {
                "query": {
                    "x": 0.7541907280917962
                },
                "metrics": {
                    "outcome": -6.015790322605158
                },
                "metadata": {
                    "trials": 1
                }
            },
            {
                "query": {
                    "x": 0.7525122128712683
                },
                "metrics": {
                    "outcome": -6.008924399898796
                },
                "metadata": {
                    "trials": 1
                }
            }
        ],
        [
            {
                "query": {
                    "x": 0.7572253941779925
                },
                "metrics": {
                    "outcome": -6.020739764294603
                },
                "metadata": {
                    "trials": 1
                }
            },
            {
                "query": {
                    "x": 0.7587625642464099
                },
                "metrics": {
                    "outcome": -6.019511080249639
                },
                "metadata": {
                    "trials": 1
                }
            },
            {
                "query": {
                    "x": 0.7556900675431255
                },
                "metrics": {
                    "outcome": -6.019448481659491
                },
                "metadata": {
                    "trials": 1
                }
            },
            {
                "query": {
                    "x": 0.7602897291645748
                },
                "metrics": {
                    "outcome": -6.01575958181101
                },
                "metadata": {
                    "trials": 1
                }
            },
            {
                "query": {
                    "x": 0.7541477554371645
                },
                "metrics": {
                    "outcome": -6.015650877686041
                },
                "metadata": {
                    "trials": 1
                }
            },
            {
                "query": {
                    "x": 0.7524834421247647
                },
                "metrics": {
                    "outcome": -6.008781452815727
                },
                "metadata": {
                    "trials": 1
                }
            }
        ],
        [
            {
                "query": {
                    "x": 0.757238023759904
                },
                "metrics": {
                    "outcome": -6.02073999424074
                },
                "metadata": {
                    "trials": 1
                }
            },
            {
                "query": {
                    "x": 0.7587782837659985
                },
                "metrics": {
                    "outcome": -6.019485368840349
                },
                "metadata": {
                    "trials": 1
                }
            },
            {
                "query": {
                    "x": 0.7556989537711298
                },
                "metrics": {
                    "outcome": -6.019463133561372
                },
                "metadata": {
                    "trials": 1
                }
            },
            {
                "query": {
                    "x": 0.7603213204132762
                },
                "metrics": {
                    "outcome": -6.015655121978994
                },
                "metadata": {
                    "trials": 1
                }
            },
            {
                "query": {
                    "x": 0.7541650280302423
                },
                "metrics": {
                    "outcome": -6.015707157366394
                },
                "metadata": {
                    "trials": 1
                }
            },
            {
                "query": {
                    "x": 0.7525194311397833
                },
                "metrics": {
                    "outcome": -6.008960130879277
                },
                "metadata": {
                    "trials": 1
                }
            }
        ],
        [
            {
                "query": {
                    "x": 0.7572371363817401
                },
                "metrics": {
                    "outcome": -6.02073998364777
                },
                "metadata": {
                    "trials": 1
                }
            },
            {
                "query": {
                    "x": 0.7587800801977028
                },
                "metrics": {
                    "outcome": -6.0194824135128675
                },
                "metadata": {
                    "trials": 1
                }
            },
            {
                "query": {
                    "x": 0.7556953685550027
                },
                "metrics": {
                    "outcome": -6.019457232152811
                },
                "metadata": {
                    "trials": 1
                }
            },
            {
                "query": {
                    "x": 0.7603241818594948
                },
                "metrics": {
                    "outcome": -6.015645606313105
                },
                "metadata": {
                    "trials": 1
                }
            },
            {
                "query": {
                    "x": 0.7541588343647045
                },
                "metrics": {
                    "outcome": -6.015687012057439
                },
                "metadata": {
                    "trials": 1
                }
            },
            {
                "query": {
                    "x": 0.7525131848101166
                },
                "metrics": {
                    "outcome": -6.008929214176364
                },
                "metadata": {
                    "trials": 1
                }
            }
        ],
        [
            {
                "query": {
                    "x": 0.7572441231479778
                },
                "metrics": {
                    "outcome": -6.02074004429662
                },
                "metadata": {
                    "trials": 1
                }
            },
            {
                "query": {
                    "x": 0.7556863661567959
                },
                "metrics": {
                    "outcome": -6.019442354148305
                },
                "metadata": {
                    "trials": 1
                }
            },
            {
                "query": {
                    "x": 0.7588016678213242
                },
                "metrics": {
                    "outcome": -6.019446626431903
                },
                "metadata": {
                    "trials": 1
                }
            },
            {
                "query": {
                    "x": 0.7603874435412213
                },
                "metrics": {
                    "outcome": -6.015432939811715
                },
                "metadata": {
                    "trials": 1
                }
            },
            {
                "query": {
                    "x": 0.7541452078768204
                },
                "metrics": {
                    "outcome": -6.0156425506797895
                },
                "metadata": {
                    "trials": 1
                }
            },
            {
                "query": {
                    "x": 0.7621905376489991
                },
                "metrics": {
                    "outcome": -6.00751906871222
                },
                "metadata": {
                    "trials": 1
                }
            }
        ],
        [
            {
                "query": {
                    "x": 0.7572429387210624
                },
                "metrics": {
                    "outcome": -6.020740037684847
                },
                "metadata": {
                    "trials": 1
                }
            },
            {
                "query": {
                    "x": 0.755687824199629
                },
                "metrics": {
                    "outcome": -6.01944476960856
                },
                "metadata": {
                    "trials": 1
                }
            },
            {
                "query": {
                    "x": 0.7587979465379753
                },
                "metrics": {
                    "outcome": -6.019452831390076
                },
                "metadata": {
                    "trials": 1
                }
            },
            {
                "query": {
                    "x": 0.7603531060882707
                },
                "metrics": {
                    "outcome": -6.0155489159615465
                },
                "metadata": {
                    "trials": 1
                }
            },
            {
                "query": {
                    "x": 0.7541463425410289
                },
                "metrics": {
                    "outcome": -6.015646260298567
                },
                "metadata": {
                    "trials": 1
                }
            },
            {
                "query": {
                    "x": 0.7524996974786089
                },
                "metrics": {
                    "outcome": -6.0088623213990955
                },
                "metadata": {
                    "trials": 1
                }
            }
        ],
        [
            {
                "query": {
                    "x": 0.7572435734030438
                },
                "metrics": {
                    "outcome": -6.020740041414117
                },
                "metadata": {
                    "trials": 1
                }
            },
            {
                "query": {
                    "x": 0.7556797817251658
                },
                "metrics": {
                    "outcome": -6.019431418183006
                },
                "metadata": {
                    "trials": 1
                }
            },
            {
                "query": {
                    "x": 0.7588070276106151
                },
                "metrics": {
                    "outcome": -6.019437663056916
                },
                "metadata": {
                    "trials": 1
                }
            },
            {
                "query": {
                    "x": 0.7603699297933885
                },
                "metrics": {
                    "outcome": -6.015492254645132
                },
                "metadata": {
                    "trials": 1
                }
            },
            {
                "query": {
                    "x": 0.7541306906619055
                },
                "metrics": {
                    "outcome": -6.015594970731306
                },
                "metadata": {
                    "trials": 1
                }
            },
            {
                "query": {
                    "x": 0.7524768585633042
                },
                "metrics": {
                    "outcome": -6.008748623421136
                },
                "metadata": {
                    "trials": 1
                }
            }
        ]
    ],
    "best_results": [
        {
            "query": {
                "x": 0.7572522074329422
            },
            "metrics": [
                {
                    "name": "outcome",
                    "value": -6.020740049412544
                }
            ]
        }
    ]
}