{
    "date": "04/11/2022 13:59:35",
    "basic_params": {
        "active_variables": [
            "x1",
            "x2"
        ],
        "default_query": {},
        "metric": "basic",
        "n_trials": 1
    },
    "objective_function": {
        "name": "Branin",
        "params": {}
    },
    "optimizer": {
        "name": "BBO-LP(LCBa)",
        "params": {
            "lower_bound": [
                -5.0,
                0.0
            ],
            "upper_bound": [
                10.0,
                15.0
            ],
            "invert_metric": false,
            "bopt_params": {
                "n_init_samples": 15,
                "n_iterations": 45,
                "n_iter_relearn": 5,
                "verbose_level": 1,
                "n_parallel_samples": 3,
                "par_type": "PAR_BBO",
                "crit_name": "cLP(cLCBa)",
                "n_crit_params": 3,
                "crit_params": [
                    3,
                    1,
                    5.0
                ]
            }
        }
    },
    "iterations": [
        [
            {
                "query": {
                    "x1": -0.8527405150234699,
                    "x2": 2.2867742679081857
                },
                "metrics": {
                    "outcome": 42.98787809008458
                },
                "metadata": {
                    "trials": 1
                }
            }
        ],
        [
            {
                "query": {
                    "x1": 6.269524684874341,
                    "x2": 4.238305844599381
                },
                "metrics": {
                    "outcome": 29.45275841443096
                },
                "metadata": {
                    "trials": 1
                }
            }
        ],
        [
            {
                "query": {
                    "x1": 0.5239588511176407,
                    "x2": 1.7553204847499728
                },
                "metrics": {
                    "outcome": 30.190503988122167
                },
                "metadata": {
                    "trials": 1
                }
            }
        ],
        [
            {
                "query": {
                    "x1": 2.4946991414763033,
                    "x2": 13.419116366421804
                },
                "metrics": {
                    "outcome": 114.39220134651131
                },
                "metadata": {
                    "trials": 1
                }
            }
        ],
        [
            {
                "query": {
                    "x1": 1.9131334165576845,
                    "x2": 11.172398218652233
                },
                "metrics": {
                    "outcome": 66.75269819611464
                },
                "metadata": {
                    "trials": 1
                }
            }
        ],
        [
            {
                "query": {
                    "x1": -1.6696925032883883,
                    "x2": 0.5860328101553023
                },
                "metrics": {
                    "outcome": 80.14238614636183
                },
                "metadata": {
                    "trials": 1
                }
            }
        ],
        [
            {
                "query": {
                    "x1": 5.833371639251709,
                    "x2": 7.398823758587241
                },
                "metrics": {
                    "outcome": 58.17338646201
                },
                "metadata": {
                    "trials": 1
                }
            }
        ],
        [
            {
                "query": {
                    "x1": 4.981877956306562,
                    "x2": 3.6433867916930467
                },
                "metrics": {
                    "outcome": 18.154636776927468
                },
                "metadata": {
                    "trials": 1
                }
            }
        ],
        [
            {
                "query": {
                    "x1": -2.4620564377401024,
                    "x2": 9.608006752561778
                },
                "metrics": {
                    "outcome": 3.7267296007209483
                },
                "metadata": {
                    "trials": 1
                }
            }
        ],
        [
            {
                "query": {
                    "x1": 3.7398304084781557,
                    "x2": 10.10872274194844
                },
                "metrics": {
                    "outcome": 70.19450903181604
                },
                "metadata": {
                    "trials": 1
                }
            }
        ],
        [
            {
                "query": {
                    "x1": 8.957409656606615,
                    "x2": 8.334055385319516
                },
                "metrics": {
                    "outcome": 40.17917106011889
                },
                "metadata": {
                    "trials": 1
                }
            }
        ],
        [
            {
                "query": {
                    "x1": -4.02900868258439,
                    "x2": 12.486249892506748
                },
                "metrics": {
                    "outcome": 8.030219772200304
                },
                "metadata": {
                    "trials": 1
                }
            }
        ],
        [
            {
                "query": {
                    "x1": 9.390527214854956,
                    "x2": 6.609729727962986
                },
                "metrics": {
                    "outcome": 17.73799652042059
                },
                "metadata": {
                    "trials": 1
                }
            }
        ],
        [
            {
                "query": {
                    "x1": -3.3287108938675374,
                    "x2": 14.12431983067654
                },
                "metrics": {
                    "outcome": 2.51182064626469
                },
                "metadata": {
                    "trials": 1
                }
            }
        ],
        [
            {
                "query": {
                    "x1": 7.948450061958283,
                    "x2": 5.258462221361697
                },
                "metrics": {
                    "outcome": 23.135855649939824
                },
                "metadata": {
                    "trials": 1
                }
            }
        ],
        [
            {
                "query": {
                    "x1": 10.0,
                    "x2": 0.0
                },
                "metrics": {
                    "outcome": 10.960889035651505
                },
                "metadata": {
                    "trials": 1
                }
            },
            {
                "query": {
                    "x1": 10.0,
                    "x2": 0.059737012447797146
                },
                "metrics": {
                    "outcome": 10.605682234096617
                },
                "metadata": {
                    "trials": 1
                }
            },
            {
                "query": {
                    "x1": 10.0,
                    "x2": 0.11965908443015773
                },
                "metrics": {
                    "outcome": 10.256545256212675
                },
                "metadata": {
                    "trials": 1
                }
            }
        ],
        [
            {
                "query": {
                    "x1": 10.0,
                    "x2": 3.547170439096942
                },
                "metrics": {
                    "outcome": 2.239309359881479
                },
                "metadata": {
                    "trials": 1
                }
            },
            {
                "query": {
                    "x1": 10.0,
                    "x2": 3.506137803950965
                },
                "metrics": {
                    "outcome": 2.19633198165383
                },
                "metadata": {
                    "trials": 1
                }
            },
            {
                "query": {
                    "x1": 10.0,
                    "x2": 3.5881718656804114
                },
                "metrics": {
                    "outcome": 2.285617563975128
                },
                "metadata": {
                    "trials": 1
                }
            }
        ],
        [
            {
                "query": {
                    "x1": -4.999999999999999,
                    "x2": 15.0
                },
                "metrics": {
                    "outcome": 17.508299515778152
                },
                "metadata": {
                    "trials": 1
                }
            },
            {
                "query": {
                    "x1": -4.913111092165879,
                    "x2": 15.0
                },
                "metrics": {
                    "outcome": 15.669509933480231
                },
                "metadata": {
                    "trials": 1
                }
            },
            {
                "query": {
                    "x1": -4.824596899265632,
                    "x2": 15.0
                },
                "metrics": {
                    "outcome": 13.916346991195756
                },
                "metadata": {
                    "trials": 1
                }
            }
        ],
        [
            {
                "query": {
                    "x1": -5.0,
                    "x2": 7.445363208329365
                },
                "metrics": {
                    "outcome": 107.63025547024957
                },
                "metadata": {
                    "trials": 1
                }
            },
            {
                "query": {
                    "x1": -5.0,
                    "x2": 7.57650960388835
                },
                "metrics": {
                    "outcome": 105.09219934840543
                },
                "metadata": {
                    "trials": 1
                }
            },
            {
                "query": {
                    "x1": -5.0,
                    "x2": 7.314173685955162
                },
                "metrics": {
                    "outcome": 110.20356194252355
                },
                "metadata": {
                    "trials": 1
                }
            }
        ],
        [
            {
                "query": {
                    "x1": -1.8905504213528284,
                    "x2": 10.684649559201443
                },
                "metrics": {
                    "outcome": 8.455573483170365
                },
                "metadata": {
                    "trials": 1
                }
            },
            {
                "query": {
                    "x1": -1.8905501118903212,
                    "x2": 10.684649313549341
                },
                "metrics": {
                    "outcome": 8.455577270484056
                },
                "metadata": {
                    "trials": 1
                }
            },
            {
                "query": {
                    "x1": -1.8905504213120716,
                    "x2": 10.68464955961536
                },
                "metrics": {
                    "outcome": 8.455573484752719
                },
                "metadata": {
                    "trials": 1
                }
            }
        ],
        [
            {
                "query": {
                    "x1": 10.0,
                    "x2": 15.0
                },
                "metrics": {
                    "outcome": 145.87219087939556
                },
                "metadata": {
                    "trials": 1
                }
            },
            {
                "query": {
                    "x1": 9.922268261978186,
                    "x2": 15.0
                },
                "metrics": {
                    "outcome": 147.3284195020898
                },
                "metadata": {
                    "trials": 1
                }
            },
            {
                "query": {
                    "x1": 10.0,
                    "x2": 14.925189084733006
                },
                "metrics": {
                    "outcome": 144.08276795871424
                },
                "metadata": {
                    "trials": 1
                }
            }
        ],
        [
            {
                "query": {
                    "x1": 4.507464612830015,
                    "x2": 1.1250435573249312e-15
                },
                "metrics": {
                    "outcome": 10.150913684455464
                },
                "metadata": {
                    "trials": 1
                }
            },
            {
                "query": {
                    "x1": 4.613377615297825,
                    "x2": 0.0
                },
                "metrics": {
                    "outcome": 11.030618602286
                },
                "metadata": {
                    "trials": 1
                }
            },
            {
                "query": {
                    "x1": 4.402159773204389,
                    "x2": 0.0
                },
                "metrics": {
                    "outcome": 9.31034378602396
                },
                "metadata": {
                    "trials": 1
                }
            }
        ],
        [
            {
                "query": {
                    "x1": -2.942353254448899,
                    "x2": 15.0
                },
                "metrics": {
                    "outcome": 10.819471767712862
                },
                "metadata": {
                    "trials": 1
                }
            },
            {
                "query": {
                    "x1": -2.896360689306805,
                    "x2": 14.999999999999998
                },
                "metrics": {
                    "outcome": 11.618658395489147
                },
                "metadata": {
                    "trials": 1
                }
            },
            {
                "query": {
                    "x1": -2.988483198720678,
                    "x2": 15.0
                },
                "metrics": {
                    "outcome": 10.057885724353994
                },
                "metadata": {
                    "trials": 1
                }
            }
        ],
        [
            {
                "query": {
                    "x1": -1.536044895744566,
                    "x2": 8.640896253706329
                },
                "metrics": {
                    "outcome": 10.345413399695113
                },
                "metadata": {
                    "trials": 1
                }
            },
            {
                "query": {
                    "x1": -1.4945314767101392,
                    "x2": 8.576609481568502
                },
                "metrics": {
                    "outcome": 10.739795278406037
                },
                "metadata": {
                    "trials": 1
                }
            },
            {
                "query": {
                    "x1": -1.5770050814242613,
                    "x2": 8.704991413868074
                },
                "metrics": {
                    "outcome": 9.956300803342579
                },
                "metadata": {
                    "trials": 1
                }
            }
        ],
        [
            {
                "query": {
                    "x1": -3.7088094932981703,
                    "x2": 13.938109769170271
                },
                "metrics": {
                    "outcome": 1.9683467568546558
                },
                "metadata": {
                    "trials": 1
                }
            },
            {
                "query": {
                    "x1": -3.707131182961035,
                    "x2": 13.927867185516174
                },
                "metrics": {
                    "outcome": 1.956653323187032
                },
                "metadata": {
                    "trials": 1
                }
            },
            {
                "query": {
                    "x1": -3.710437143400539,
                    "x2": 13.948344230446729
                },
                "metrics": {
                    "outcome": 1.9799357334711587
                },
                "metadata": {
                    "trials": 1
                }
            }
        ],
        [
            {
                "query": {
                    "x1": 9.359439787337584,
                    "x2": 2.3802056245719148
                },
                "metrics": {
                    "outcome": 0.41999473870524895
                },
                "metadata": {
                    "trials": 1
                }
            },
            {
                "query": {
                    "x1": 9.333739276442193,
                    "x2": 2.3201988646362284
                },
                "metrics": {
                    "outcome": 0.44390468984766507
                },
                "metadata": {
                    "trials": 1
                }
            },
            {
                "query": {
                    "x1": 9.38063585941497,
                    "x2": 2.441893348297368
                },
                "metrics": {
                    "outcome": 0.40725584428830075
                },
                "metadata": {
                    "trials": 1
                }
            }
        ],
        [
            {
                "query": {
                    "x1": 8.999571805709946,
                    "x2": 2.590177632472857
                },
                "metrics": {
                    "outcome": 1.4558623899680807
                },
                "metadata": {
                    "trials": 1
                }
            },
            {
                "query": {
                    "x1": 8.982771770283838,
                    "x2": 2.559041873714451
                },
                "metrics": {
                    "outcome": 1.5070124449976454
                },
                "metadata": {
                    "trials": 1
                }
            },
            {
                "query": {
                    "x1": 9.015266290783254,
                    "x2": 2.621731724097912
                },
                "metrics": {
                    "outcome": 1.4132040975179532
                },
                "metadata": {
                    "trials": 1
                }
            }
        ],
        [
            {
                "query": {
                    "x1": 9.644220198730213,
                    "x2": 2.2569179889008946
                },
                "metrics": {
                    "outcome": 0.7957695893179793
                },
                "metadata": {
                    "trials": 1
                }
            },
            {
                "query": {
                    "x1": 9.649789395106973,
                    "x2": 2.2869625211726805
                },
                "metrics": {
                    "outcome": 0.7876896801177029
                },
                "metadata": {
                    "trials": 1
                }
            },
            {
                "query": {
                    "x1": 9.637030965585373,
                    "x2": 2.227232191113501
                },
                "metrics": {
                    "outcome": 0.8005372456539046
                },
                "metadata": {
                    "trials": 1
                }
            }
        ],
        [
            {
                "query": {
                    "x1": 9.477696279491541,
                    "x2": 2.851512484861609
                },
                "metrics": {
                    "outcome": 0.5212297201105205
                },
                "metadata": {
                    "trials": 1
                }
            },
            {
                "query": {
                    "x1": 9.476291141600953,
                    "x2": 2.833721694167602
                },
                "metrics": {
                    "outcome": 0.5098033169619072
                },
                "metadata": {
                    "trials": 1
                }
            },
            {
                "query": {
                    "x1": 9.479032956065714,
                    "x2": 2.8692801581226153
                },
                "metrics": {
                    "outcome": 0.5332140379286141
                },
                "metadata": {
                    "trials": 1
                }
            }
        ],
        [
            {
                "query": {
                    "x1": 9.45189835907471,
                    "x2": 2.4165296706961716
                },
                "metrics": {
                    "outcome": 0.40805119074747154
                },
                "metadata": {
                    "trials": 1
                }
            },
            {
                "query": {
                    "x1": 9.453643324837339,
                    "x2": 2.425128645310275
                },
                "metrics": {
                    "outcome": 0.40741194752314946
                },
                "metadata": {
                    "trials": 1
                }
            },
            {
                "query": {
                    "x1": 9.45026998835407,
                    "x2": 2.4082130090173273
                },
                "metrics": {
                    "outcome": 0.4088170888771643
                },
                "metadata": {
                    "trials": 1
                }
            }
        ],
        [
            {
                "query": {
                    "x1": 9.437809528486573,
                    "x2": 2.550019380988305
                },
                "metrics": {
                    "outcome": 0.4027993150334783
                },
                "metadata": {
                    "trials": 1
                }
            },
            {
                "query": {
                    "x1": 9.437409703235925,
                    "x2": 2.545882485337115
                },
                "metrics": {
                    "outcome": 0.4022782588331175
                },
                "metadata": {
                    "trials": 1
                }
            },
            {
                "query": {
                    "x1": 9.438161121073826,
                    "x2": 2.5541573571997986
                },
                "metrics": {
                    "outcome": 0.4033502337409942
                },
                "metadata": {
                    "trials": 1
                }
            }
        ],
        [
            {
                "query": {
                    "x1": 9.421143875839185,
                    "x2": 2.4714960881417425
                },
                "metrics": {
                    "outcome": 0.39795095692955584
                },
                "metadata": {
                    "trials": 1
                }
            },
            {
                "query": {
                    "x1": 9.420861366491623,
                    "x2": 2.4693794392558797
                },
                "metrics": {
                    "outcome": 0.3979663813403391
                },
                "metadata": {
                    "trials": 1
                }
            },
            {
                "query": {
                    "x1": 9.42143059763183,
                    "x2": 2.473608190052489
                },
                "metrics": {
                    "outcome": 0.3979431985463666
                },
                "metadata": {
                    "trials": 1
                }
            }
        ],
        [
            {
                "query": {
                    "x1": 7.873833086159202,
                    "x2": 0.0
                },
                "metrics": {
                    "outcome": 11.992371611133107
                },
                "metadata": {
                    "trials": 1
                }
            },
            {
                "query": {
                    "x1": 9.423822329079847,
                    "x2": 2.4733159333709245
                },
                "metrics": {
                    "outcome": 0.39789251324763697
                },
                "metadata": {
                    "trials": 1
                }
            },
            {
                "query": {
                    "x1": 9.423200947198648,
                    "x2": 2.4712665232529134
                },
                "metrics": {
                    "outcome": 0.39790507488909554
                },
                "metadata": {
                    "trials": 1
                }
            }
        ],
        [
            {
                "query": {
                    "x1": 9.441829098698808,
                    "x2": 2.49166733043808
                },
                "metrics": {
                    "outcome": 0.39928823728640594
                },
                "metadata": {
                    "trials": 1
                }
            },
            {
                "query": {
                    "x1": 9.440445118971944,
                    "x2": 2.4895504533741857
                },
                "metrics": {
                    "outcome": 0.3990674984059659
                },
                "metadata": {
                    "trials": 1
                }
            },
            {
                "query": {
                    "x1": 9.443164066249775,
                    "x2": 2.493805510987786
                },
                "metrics": {
                    "outcome": 0.3995208842127358
                },
                "metadata": {
                    "trials": 1
                }
            }
        ],
        [
            {
                "query": {
                    "x1": 9.417759699676186,
                    "x2": 2.445444079865437
                },
                "metrics": {
                    "outcome": 0.3986827926331955
                },
                "metadata": {
                    "trials": 1
                }
            },
            {
                "query": {
                    "x1": 9.417985808869183,
                    "x2": 2.4472653210347897
                },
                "metrics": {
                    "outcome": 0.39859334355046094
                },
                "metadata": {
                    "trials": 1
                }
            },
            {
                "query": {
                    "x1": 9.417528282816246,
                    "x2": 2.443630201241113
                },
                "metrics": {
                    "outcome": 0.39877782459171485
                },
                "metadata": {
                    "trials": 1
                }
            }
        ],
        [
            {
                "query": {
                    "x1": 9.416297866191558,
                    "x2": 2.496260374278316
                },
                "metrics": {
                    "outcome": 0.3990394091778384
                },
                "metadata": {
                    "trials": 1
                }
            },
            {
                "query": {
                    "x1": 9.416054241220454,
                    "x2": 2.4980942384542395
                },
                "metrics": {
                    "outcome": 0.3991795108196037
                },
                "metadata": {
                    "trials": 1
                }
            },
            {
                "query": {
                    "x1": 9.416549027255831,
                    "x2": 2.4944252817345043
                },
                "metrics": {
                    "outcome": 0.3989071954381824
                },
                "metadata": {
                    "trials": 1
                }
            }
        ],
        [
            {
                "query": {
                    "x1": 9.424533291467176,
                    "x2": 2.4709961968706864
                },
                "metrics": {
                    "outcome": 0.3979020655884238
                },
                "metadata": {
                    "trials": 1
                }
            },
            {
                "query": {
                    "x1": 9.424996811913031,
                    "x2": 2.4727594607277394
                },
                "metrics": {
                    "outcome": 0.39789346903784306
                },
                "metadata": {
                    "trials": 1
                }
            },
            {
                "query": {
                    "x1": 9.424075250502638,
                    "x2": 2.4692243652142167
                },
                "metrics": {
                    "outcome": 0.39791659144502844
                },
                "metadata": {
                    "trials": 1
                }
            }
        ],
        [
            {
                "query": {
                    "x1": 9.424813855159828,
                    "x2": 2.472373853980667
                },
                "metrics": {
                    "outcome": 0.39789442050320467
                },
                "metadata": {
                    "trials": 1
                }
            },
            {
                "query": {
                    "x1": 9.424359116689986,
                    "x2": 2.470788367362434
                },
                "metrics": {
                    "outcome": 0.3979030868566191
                },
                "metadata": {
                    "trials": 1
                }
            },
            {
                "query": {
                    "x1": 9.425278002011103,
                    "x2": 2.473944705333805
                },
                "metrics": {
                    "outcome": 0.3978907400822571
                },
                "metadata": {
                    "trials": 1
                }
            }
        ],
        [
            {
                "query": {
                    "x1": 9.418396959270964,
                    "x2": 2.4447552848990344
                },
                "metrics": {
                    "outcome": 0.3987012333618978
                },
                "metadata": {
                    "trials": 1
                }
            },
            {
                "query": {
                    "x1": 9.418674363141387,
                    "x2": 2.4463105834859444
                },
                "metrics": {
                    "outcome": 0.3986206159679764
                },
                "metadata": {
                    "trials": 1
                }
            },
            {
                "query": {
                    "x1": 9.418126653502558,
                    "x2": 2.4432068118639627
                },
                "metrics": {
                    "outcome": 0.3987855866286161
                },
                "metadata": {
                    "trials": 1
                }
            }
        ],
        [
            {
                "query": {
                    "x1": 9.429567875596398,
                    "x2": 2.4822413422345804
                },
                "metrics": {
                    "outcome": 0.39800773661730204
                },
                "metadata": {
                    "trials": 1
                }
            },
            {
                "query": {
                    "x1": 9.43018234715829,
                    "x2": 2.4833639420718203
                },
                "metrics": {
                    "outcome": 0.3980420347794791
                },
                "metadata": {
                    "trials": 1
                }
            },
            {
                "query": {
                    "x1": 9.428962520824346,
                    "x2": 2.481111355984498
                },
                "metrics": {
                    "outcome": 0.3979780796464798
                },
                "metadata": {
                    "trials": 1
                }
            }
        ],
        [
            {
                "query": {
                    "x1": 9.422237961718814,
                    "x2": 2.4839741144962764
                },
                "metrics": {
                    "outcome": 0.3980418937301593
                },
                "metadata": {
                    "trials": 1
                }
            },
            {
                "query": {
                    "x1": 9.4229635400104,
                    "x2": 2.4825404820032633
                },
                "metrics": {
                    "outcome": 0.3979854384339703
                },
                "metadata": {
                    "trials": 1
                }
            },
            {
                "query": {
                    "x1": 9.421642301163892,
                    "x2": 2.4854515051216057
                },
                "metrics": {
                    "outcome": 0.3981060484668788
                },
                "metadata": {
                    "trials": 1
                }
            }
        ],
        [
            {
                "query": {
                    "x1": 9.431409171958672,
                    "x2": 2.4817287721387418
                },
                "metrics": {
                    "outcome": 0.3980997494476597
                },
                "metadata": {
                    "trials": 1
                }
            },
            {
                "query": {
                    "x1": 9.430650188199003,
                    "x2": 2.480366448817321
                },
                "metrics": {
                    "outcome": 0.3980530793345167
                },
                "metadata": {
                    "trials": 1
                }
            },
            {
                "query": {
                    "x1": 9.432139386180749,
                    "x2": 2.4830961994224907
                },
                "metrics": {
                    "outcome": 0.3981510617997195
                },
                "metadata": {
                    "trials": 1
                }
            }
        ],
        [
            {
                "query": {
                    "x1": 9.419652625498433,
                    "x2": 2.4872014638073345
                },
                "metrics": {
                    "outcome": 0.39828643332965896
                },
                "metadata": {
                    "trials": 1
                }
            },
            {
                "query": {
                    "x1": 9.419892817758667,
                    "x2": 2.4855765187576417
                },
                "metrics": {
                    "outcome": 0.39821785116209085
                },
                "metadata": {
                    "trials": 1
                }
            },
            {
                "query": {
                    "x1": 9.41944551069678,
                    "x2": 2.4888147821779594
                },
                "metrics": {
                    "outcome": 0.39835910029219157
                },
                "metadata": {
                    "trials": 1
                }
            }
        ],
        [
            {
                "query": {
                    "x1": 9.420015333583345,
                    "x2": 2.452443240174208
                },
                "metrics": {
                    "outcome": 0.3983400754232971
                },
                "metadata": {
                    "trials": 1
                }
            },
            {
                "query": {
                    "x1": 9.420347747398148,
                    "x2": 2.454047111448469
                },
                "metrics": {
                    "outcome": 0.39827806175521374
                },
                "metadata": {
                    "trials": 1
                }
            },
            {
                "query": {
                    "x1": 9.420678116225778,
                    "x2": 2.455588254914278
                },
                "metrics": {
                    "outcome": 0.3982226387672334
                },
                "metadata": {
                    "trials": 1
                }
            }
        ],
        [
            {
                "query": {
                    "x1": 9.433108912327382,
                    "x2": 2.483396642837851
                },
                "metrics": {
                    "outcome": 0.3982224224666826
                },
                "metadata": {
                    "trials": 1
                }
            },
            {
                "query": {
                    "x1": 9.433599648442424,
                    "x2": 2.484550087887816
                },
                "metrics": {
                    "outcome": 0.3982653887122023
                },
                "metadata": {
                    "trials": 1
                }
            },
            {
                "query": {
                    "x1": 9.432603932031878,
                    "x2": 2.4822450614099907
                },
                "metrics": {
                    "outcome": 0.39818180510208023
                },
                "metadata": {
                    "trials": 1
                }
            }
        ],
        [
            {
                "query": {
                    "x1": 9.42180329835808,
                    "x2": 2.462612471587327
                },
                "metrics": {
                    "outcome": 0.3980274445436027
                },
                "metadata": {
                    "trials": 1
                }
            },
            {
                "query": {
                    "x1": 9.42202905016001,
                    "x2": 2.463804485680969
                },
                "metrics": {
                    "outcome": 0.39800245095604403
                },
                "metadata": {
                    "trials": 1
                }
            },
            {
                "query": {
                    "x1": 9.42157943060469,
                    "x2": 2.4614287712218186
                },
                "metrics": {
                    "outcome": 0.3980547305894415
                },
                "metadata": {
                    "trials": 1
                }
            }
        ],
        [
            {
                "query": {
                    "x1": 9.419545161180512,
                    "x2": 2.4902194641429807
                },
                "metrics": {
                    "outcome": 0.39840415401117646
                },
                "metadata": {
                    "trials": 1
                }
            },
            {
                "query": {
                    "x1": 9.419648304920557,
                    "x2": 2.4889308642141925
                },
                "metrics": {
                    "outcome": 0.3983469139405944
                },
                "metadata": {
                    "trials": 1
                }
            },
            {
                "query": {
                    "x1": 9.419457685161303,
                    "x2": 2.4915052763252286
                },
                "metrics": {
                    "outcome": 0.3984638071864115
                },
                "metadata": {
                    "trials": 1
                }
            }
        ],
        [
            {
                "query": {
                    "x1": 9.432950001921652,
                    "x2": 2.4831343850166503
                },
                "metrics": {
                    "outcome": 0.39820950029753455
                },
                "metadata": {
                    "trials": 1
                }
            },
            {
                "query": {
                    "x1": 9.4324921383687,
                    "x2": 2.4820150229326874
                },
                "metrics": {
                    "outcome": 0.3981733104090974
                },
                "metadata": {
                    "trials": 1
                }
            },
            {
                "query": {
                    "x1": 9.433396016791981,
                    "x2": 2.4842534825728864
                },
                "metrics": {
                    "outcome": 0.39824783240338846
                },
                "metadata": {
                    "trials": 1
                }
            }
        ],
        [
            {
                "query": {
                    "x1": 9.419837912334156,
                    "x2": 2.451746224019713
                },
                "metrics": {
                    "outcome": 0.39836894686302315
                },
                "metadata": {
                    "trials": 1
                }
            },
            {
                "query": {
                    "x1": 9.419608674328085,
                    "x2": 2.450497933745635
                },
                "metrics": {
                    "outcome": 0.398421474658889
                },
                "metadata": {
                    "trials": 1
                }
            },
            {
                "query": {
                    "x1": 9.420162116870753,
                    "x2": 2.453081683944682
                },
                "metrics": {
                    "outcome": 0.39831463990848803
                },
                "metadata": {
                    "trials": 1
                }
            }
        ],
        [
            {
                "query": {
                    "x1": 9.43140845457879,
                    "x2": 2.481792663178508
                },
                "metrics": {
                    "outcome": 0.3980998536349407
                },
                "metadata": {
                    "trials": 1
                }
            },
            {
                "query": {
                    "x1": 9.431882077886803,
                    "x2": 2.4828205230209197
                },
                "metrics": {
                    "outcome": 0.39813297669683934
                },
                "metadata": {
                    "trials": 1
                }
            },
            {
                "query": {
                    "x1": 9.430927227998014,
                    "x2": 2.480765065346272
                },
                "metrics": {
                    "outcome": 0.3980692303337019
                },
                "metadata": {
                    "trials": 1
                }
            }
        ],
        [
            {
                "query": {
                    "x1": 9.419833684893215,
                    "x2": 2.4878778223316935
                },
                "metrics": {
                    "outcome": 0.39829526454700925
                },
                "metadata": {
                    "trials": 1
                }
            },
            {
                "query": {
                    "x1": 9.41987869107221,
                    "x2": 2.486668217956927
                },
                "metrics": {
                    "outcome": 0.3982521655663369
                },
                "metadata": {
                    "trials": 1
                }
            },
            {
                "query": {
                    "x1": 9.419794490661879,
                    "x2": 2.4890828078601506
                },
                "metrics": {
                    "outcome": 0.39834086927164236
                },
                "metadata": {
                    "trials": 1
                }
            }
        ],
        [
            {
                "query": {
                    "x1": 9.421151889746412,
                    "x2": 2.4578819030440817
                },
                "metrics": {
                    "outcome": 0.3981481991401914
                },
                "metadata": {
                    "trials": 1
                }
            },
            {
                "query": {
                    "x1": 9.420840044693058,
                    "x2": 2.456392037378837
                },
                "metrics": {
                    "outcome": 0.3981955390874319
                },
                "metadata": {
                    "trials": 1
                }
            },
            {
                "query": {
                    "x1": 9.42147697055349,
                    "x2": 2.4593723920333757
                },
                "metrics": {
                    "outcome": 0.39810465529928507
                },
                "metadata": {
                    "trials": 1
                }
            }
        ],
        [
            {
                "query": {
                    "x1": 9.432146197823602,
                    "x2": 2.48253314834461
                },
                "metrics": {
                    "outcome": 0.3981497286839595
                },
                "metadata": {
                    "trials": 1
                }
            },
            {
                "query": {
                    "x1": 9.43264443705942,
                    "x2": 2.483818655875318
                },
                "metrics": {
                    "outcome": 0.398189183677399
                },
                "metadata": {
                    "trials": 1
                }
            },
            {
                "query": {
                    "x1": 9.431627886612965,
                    "x2": 2.481249469385901
                },
                "metrics": {
                    "outcome": 0.39811284608735953
                },
                "metadata": {
                    "trials": 1
                }
            }
        ],
        [
            {
                "query": {
                    "x1": -3.243958308002451,
                    "x2": 12.981510944629493
                },
                "metrics": {
                    "outcome": 0.6589693395207963
                },
                "metadata": {
                    "trials": 1
                }
            },
            {
                "query": {
                    "x1": 9.421588652346035,
                    "x2": 2.461191046154429
                },
                "metrics": {
                    "outcome": 0.3980598473501811
                },
                "metadata": {
                    "trials": 1
                }
            },
            {
                "query": {
                    "x1": 9.421855424518743,
                    "x2": 2.462630791629876
                },
                "metrics": {
                    "outcome": 0.39802647538734526
                },
                "metadata": {
                    "trials": 1
                }
            }
        ],
        [
            {
                "query": {
                    "x1": -2.9807932759284532,
                    "x2": 12.0716081023492
                },
                "metrics": {
                    "outcome": 0.5540530410127769
                },
                "metadata": {
                    "trials": 1
                }
            },
            {
                "query": {
                    "x1": -2.9729794684987225,
                    "x2": 12.015653234939514
                },
                "metrics": {
                    "outcome": 0.554280631823584
                },
                "metadata": {
                    "trials": 1
                }
            },
            {
                "query": {
                    "x1": -2.9886388551613967,
                    "x2": 12.127447124499223
                },
                "metrics": {
                    "outcome": 0.5570817381939506
                },
                "metadata": {
                    "trials": 1
                }
            }
        ],
        [
            {
                "query": {
                    "x1": -3.1831454899811176,
                    "x2": 12.162797349068333
                },
                "metrics": {
                    "outcome": 0.451241677652936
                },
                "metadata": {
                    "trials": 1
                }
            },
            {
                "query": {
                    "x1": -3.187487904129343,
                    "x2": 12.188573130683848
                },
                "metrics": {
                    "outcome": 0.44680593172329175
                },
                "metadata": {
                    "trials": 1
                }
            },
            {
                "query": {
                    "x1": -3.17880153851494,
                    "x2": 12.137063144495079
                },
                "metrics": {
                    "outcome": 0.456307008484643
                },
                "metadata": {
                    "trials": 1
                }
            }
        ],
        [
            {
                "query": {
                    "x1": -2.8764616159384357,
                    "x2": 11.085966834761422
                },
                "metrics": {
                    "outcome": 1.0480571911025862
                },
                "metadata": {
                    "trials": 1
                }
            },
            {
                "query": {
                    "x1": -2.888584749844835,
                    "x2": 11.133081736096734
                },
                "metrics": {
                    "outcome": 0.9975071178660215
                },
                "metadata": {
                    "trials": 1
                }
            },
            {
                "query": {
                    "x1": -2.8644264981485033,
                    "x2": 11.03897284429726
                },
                "metrics": {
                    "outcome": 1.1005859130555482
                },
                "metadata": {
                    "trials": 1
                }
            }
        ],
        [
            {
                "query": {
                    "x1": -3.17545863855984,
                    "x2": 12.536776674607333
                },
                "metrics": {
                    "outcome": 0.4358798009826028
                },
                "metadata": {
                    "trials": 1
                }
            },
            {
                "query": {
                    "x1": -3.1729636459531076,
                    "x2": 12.527086561350576
                },
                "metrics": {
                    "outcome": 0.43378792926420395
                },
                "metadata": {
                    "trials": 1
                }
            },
            {
                "query": {
                    "x1": -3.1780136730141346,
                    "x2": 12.546430761120575
                },
                "metrics": {
                    "outcome": 0.43801227631567485
                },
                "metadata": {
                    "trials": 1
                }
            }
        ],
        [
            {
                "query": {
                    "x1": 2.889927341304891,
                    "x2": 0.0
                },
                "metrics": {
                    "outcome": 6.848012644708822
                },
                "metadata": {
                    "trials": 1
                }
            },
            {
                "query": {
                    "x1": -3.1146660538098105,
                    "x2": 12.214418514569104
                },
                "metrics": {
                    "outcome": 0.40138440248416707
                },
                "metadata": {
                    "trials": 1
                }
            },
            {
                "query": {
                    "x1": -3.1157661718948333,
                    "x2": 12.220121955646455
                },
                "metrics": {
                    "outcome": 0.4011399714583561
                },
                "metadata": {
                    "trials": 1
                }
            }
        ],
        [
            {
                "query": {
                    "x1": -3.2764043798676545,
                    "x2": 12.640319834941588
                },
                "metrics": {
                    "outcome": 0.4865306491567747
                },
                "metadata": {
                    "trials": 1
                }
            },
            {
                "query": {
                    "x1": -3.273456403429406,
                    "x2": 12.629470153891248
                },
                "metrics": {
                    "outcome": 0.4824952273208041
                },
                "metadata": {
                    "trials": 1
                }
            },
            {
                "query": {
                    "x1": -3.2793285745268594,
                    "x2": 12.651121997476329
                },
                "metrics": {
                    "outcome": 0.490644949509349
                },
                "metadata": {
                    "trials": 1
                }
            }
        ]
    ],
    "best_results": [
        {
            "query": {
                "x1": 9.425278002011103,
                "x2": 2.473944705333805
            },
            "metrics": [
                {
                    "name": "outcome",
                    "value": 0.3978907400822571
                }
            ]
        }
    ]
}