{
    "date": "09/11/2022 18:40:29",
    "basic_params": {
        "active_variables": [
            "x1",
            "x2"
        ],
        "default_query": {},
        "metric": "basic",
        "n_trials": 1
    },
    "objective_function": {
        "name": "McCormick",
        "params": {}
    },
    "optimizer": {
        "name": "BO-MCMC-2500",
        "params": {
            "lower_bound": [
                -1.5,
                -3.0
            ],
            "upper_bound": [
                4.0,
                4.0
            ],
            "invert_metric": false,
            "bopt_params": {
                "n_init_samples": 15,
                "n_iterations": 45,
                "n_iter_relearn": 5,
                "verbose_level": 0,
                "n_parallel_samples": 3,
                "par_type": "PAR_MCMC",
                "l_type": "L_MCMC",
                "burnout_mcmc_parallel": 2500,
                "crit_name": "cEI"
            }
        }
    },
    "execution_time": 206.7241199016571,
    "best_results": [
        {
            "query": {
                "x1": -0.546989745175741,
                "x2": -1.5468926215039418
            },
            "metrics": [
                {
                    "name": "outcome",
                    "value": -1.913222831698663
                }
            ]
        }
    ],
    "iterations": [
        [
            {
                "query": {
                    "x1": -0.9938703375247617,
                    "x2": -1.0114625842000047
                },
                "metrics": {
                    "outcome": -0.9446066957061667
                },
                "metadata": {
                    "trials": 1
                }
            }
        ],
        [
            {
                "query": {
                    "x1": 3.9329113048734143,
                    "x2": 0.5863103892654178
                },
                "metrics": {
                    "outcome": 6.784745563847676
                },
                "metadata": {
                    "trials": 1
                }
            }
        ],
        [
            {
                "query": {
                    "x1": 1.7628727121123422,
                    "x2": 2.308382106510301
                },
                "metrics": {
                    "outcome": 3.6228087715652446
                },
                "metadata": {
                    "trials": 1
                }
            }
        ],
        [
            {
                "query": {
                    "x1": -1.221565328212455,
                    "x2": 2.957946639352789
                },
                "metrics": {
                    "outcome": 28.681856979251773
                },
                "metadata": {
                    "trials": 1
                }
            }
        ],
        [
            {
                "query": {
                    "x1": 0.16356235192312552,
                    "x2": 1.0698803310127314
                },
                "metrics": {
                    "outcome": 5.194403467832489
                },
                "metadata": {
                    "trials": 1
                }
            }
        ],
        [
            {
                "query": {
                    "x1": 2.1597386188417054,
                    "x2": 3.720131067357336
                },
                "metrics": {
                    "outcome": 9.103074248148708
                },
                "metadata": {
                    "trials": 1
                }
            }
        ],
        [
            {
                "query": {
                    "x1": -0.7441843690195431,
                    "x2": -2.521619781292975
                },
                "metrics": {
                    "outcome": -0.9046039113029867
                },
                "metadata": {
                    "trials": 1
                }
            }
        ],
        [
            {
                "query": {
                    "x1": 1.3407484299580879,
                    "x2": -2.8286580335814504
                },
                "metrics": {
                    "outcome": 8.304615667546813
                },
                "metadata": {
                    "trials": 1
                }
            }
        ],
        [
            {
                "query": {
                    "x1": 0.448383952017563,
                    "x2": 0.21401027801136152
                },
                "metrics": {
                    "outcome": 1.5323873020633803
                },
                "metadata": {
                    "trials": 1
                }
            }
        ],
        [
            {
                "query": {
                    "x1": 0.9054924567152436,
                    "x2": 3.1684526102462165
                },
                "metrics": {
                    "outcome": 11.880857422791642
                },
                "metadata": {
                    "trials": 1
                }
            }
        ],
        [
            {
                "query": {
                    "x1": 2.4261335808007667,
                    "x2": 1.7365953195374457
                },
                "metrics": {
                    "outcome": 1.325048796766577
                },
                "metadata": {
                    "trials": 1
                }
            }
        ],
        [
            {
                "query": {
                    "x1": 3.5067251694388686,
                    "x2": -1.7941291091653206
                },
                "metrics": {
                    "outcome": 20.34360880818334
                },
                "metadata": {
                    "trials": 1
                }
            }
        ],
        [
            {
                "query": {
                    "x1": 2.6267734807139878,
                    "x2": -1.483428171261524
                },
                "metrics": {
                    "outcome": 11.15505236273178
                },
                "metadata": {
                    "trials": 1
                }
            }
        ],
        [
            {
                "query": {
                    "x1": -0.04931097070220858,
                    "x2": -0.6260913314918675
                },
                "metrics": {
                    "outcome": -0.7837976343534108
                },
                "metadata": {
                    "trials": 1
                }
            }
        ],
        [
            {
                "query": {
                    "x1": 2.904490655156163,
                    "x2": 1.4369103721963867
                },
                "metrics": {
                    "outcome": 1.4573622030869187
                },
                "metadata": {
                    "trials": 1
                }
            }
        ],
        [
            {
                "query": {
                    "x1": -0.7499110067079798,
                    "x2": -0.4637907688692464
                },
                "metrics": {
                    "outcome": 0.11033799165552094
                },
                "metadata": {
                    "trials": 1
                }
            },
            {
                "query": {
                    "x1": -0.9139179216321295,
                    "x2": -1.2899787362137785
                },
                "metrics": {
                    "outcome": -1.5188453058757831
                },
                "metadata": {
                    "trials": 1
                }
            },
            {
                "query": {
                    "x1": -1.0134406179566064,
                    "x2": -2.43381254630417
                },
                "metrics": {
                    "outcome": -1.245990888238734
                },
                "metadata": {
                    "trials": 1
                }
            }
        ],
        [
            {
                "query": {
                    "x1": -0.6816294781178245,
                    "x2": -1.8588202445602933
                },
                "metrics": {
                    "outcome": -1.8044136996093703
                },
                "metadata": {
                    "trials": 1
                }
            },
            {
                "query": {
                    "x1": -0.20699213270668793,
                    "x2": -1.4744169238511786
                },
                "metrics": {
                    "outcome": -1.7630771563045924
                },
                "metadata": {
                    "trials": 1
                }
            },
            {
                "query": {
                    "x1": -0.9624795988627841,
                    "x2": -1.6313509384981217
                },
                "metrics": {
                    "outcome": -1.70804714985566
                },
                "metadata": {
                    "trials": 1
                }
            }
        ],
        [
            {
                "query": {
                    "x1": -0.3827102581026556,
                    "x2": -1.6699066804578109
                },
                "metrics": {
                    "outcome": -1.8299794168819337
                },
                "metadata": {
                    "trials": 1
                }
            },
            {
                "query": {
                    "x1": -0.389309315317772,
                    "x2": -1.5308935644137451
                },
                "metrics": {
                    "outcome": -1.879631379392134
                },
                "metadata": {
                    "trials": 1
                }
            },
            {
                "query": {
                    "x1": -0.48720953038390724,
                    "x2": -1.375679664688365
                },
                "metrics": {
                    "outcome": -1.8766490036027896
                },
                "metadata": {
                    "trials": 1
                }
            }
        ],
        [
            {
                "query": {
                    "x1": -0.6377929003472886,
                    "x2": -1.48545071780173
                },
                "metrics": {
                    "outcome": -1.8896564709083048
                },
                "metadata": {
                    "trials": 1
                }
            },
            {
                "query": {
                    "x1": -0.6397992274495358,
                    "x2": -1.5588895358281027
                },
                "metrics": {
                    "outcome": -1.902065376274396
                },
                "metadata": {
                    "trials": 1
                }
            },
            {
                "query": {
                    "x1": -0.5896623023235159,
                    "x2": -1.56673861356721
                },
                "metrics": {
                    "outcome": -1.9110530422487226
                },
                "metadata": {
                    "trials": 1
                }
            }
        ],
        [
            {
                "query": {
                    "x1": -0.5914034154714131,
                    "x2": -1.6712700926180688
                },
                "metrics": {
                    "outcome": -1.8950078290717265
                },
                "metadata": {
                    "trials": 1
                }
            },
            {
                "query": {
                    "x1": -0.6531953907627113,
                    "x2": -1.6071662580179962
                },
                "metrics": {
                    "outcome": -1.8995847741743135
                },
                "metadata": {
                    "trials": 1
                }
            },
            {
                "query": {
                    "x1": -0.5108136073510683,
                    "x2": -1.52502543787027
                },
                "metrics": {
                    "outcome": -1.9115199553586795
                },
                "metadata": {
                    "trials": 1
                }
            }
        ],
        [
            {
                "query": {
                    "x1": -1.3985123326130198,
                    "x2": -2.1520485680129853
                },
                "metrics": {
                    "outcome": -1.3168731891895917
                },
                "metadata": {
                    "trials": 1
                }
            },
            {
                "query": {
                    "x1": -0.5394619630428006,
                    "x2": -1.5172098327792836
                },
                "metrics": {
                    "outcome": -1.912107199763756
                },
                "metadata": {
                    "trials": 1
                }
            },
            {
                "query": {
                    "x1": -0.5419013666817333,
                    "x2": -1.55981051139194
                },
                "metrics": {
                    "outcome": -1.9128790688378556
                },
                "metadata": {
                    "trials": 1
                }
            }
        ],
        [
            {
                "query": {
                    "x1": -1.324107004696185,
                    "x2": -2.9086055674135887
                },
                "metrics": {
                    "outcome": -0.8875734119788081
                },
                "metadata": {
                    "trials": 1
                }
            },
            {
                "query": {
                    "x1": -1.4275443502998886,
                    "x2": -2.9236198402707654
                },
                "metrics": {
                    "outcome": -0.9940265436163811
                },
                "metadata": {
                    "trials": 1
                }
            },
            {
                "query": {
                    "x1": -1.4027706853272508,
                    "x2": -2.904212807385935
                },
                "metrics": {
                    "outcome": -0.9831049927209188
                },
                "metadata": {
                    "trials": 1
                }
            }
        ],
        [
            {
                "query": {
                    "x1": 0.6022457846171303,
                    "x2": -1.0348903793230755
                },
                "metrics": {
                    "outcome": -0.2296529938176075
                },
                "metadata": {
                    "trials": 1
                }
            },
            {
                "query": {
                    "x1": -0.551018537742299,
                    "x2": -1.5847831607602785
                },
                "metrics": {
                    "outcome": -1.911346523797659
                },
                "metadata": {
                    "trials": 1
                }
            },
            {
                "query": {
                    "x1": -0.2756666566287971,
                    "x2": -1.2133941817685483
                },
                "metrics": {
                    "outcome": -1.737314072278405
                },
                "metadata": {
                    "trials": 1
                }
            }
        ],
        [
            {
                "query": {
                    "x1": -0.5572348913877468,
                    "x2": -1.548624585190554
                },
                "metrics": {
                    "outcome": -1.913092032124577
                },
                "metadata": {
                    "trials": 1
                }
            },
            {
                "query": {
                    "x1": -0.557912558282697,
                    "x2": -1.551541003892298
                },
                "metrics": {
                    "outcome": -1.91308445592645
                },
                "metadata": {
                    "trials": 1
                }
            },
            {
                "query": {
                    "x1": -0.5521434840586021,
                    "x2": -1.5205748442778058
                },
                "metrics": {
                    "outcome": -1.9120220700501025
                },
                "metadata": {
                    "trials": 1
                }
            }
        ],
        [
            {
                "query": {
                    "x1": -1.4483737128690848,
                    "x2": -1.6220217405298485
                },
                "metrics": {
                    "outcome": -0.9234772096865345
                },
                "metadata": {
                    "trials": 1
                }
            },
            {
                "query": {
                    "x1": -0.5628238899790284,
                    "x2": -1.5537282197840732
                },
                "metrics": {
                    "outcome": -1.912928558692156
                },
                "metadata": {
                    "trials": 1
                }
            },
            {
                "query": {
                    "x1": -1.4980703657394392,
                    "x2": -1.5312445187996473
                },
                "metrics": {
                    "outcome": -0.6919472404983495
                },
                "metadata": {
                    "trials": 1
                }
            }
        ],
        [
            {
                "query": {
                    "x1": -0.5709684257798647,
                    "x2": -1.578678723761986
                },
                "metrics": {
                    "outcome": -1.9118560001750873
                },
                "metadata": {
                    "trials": 1
                }
            },
            {
                "query": {
                    "x1": -0.5572803912501012,
                    "x2": -1.5402415099801174
                },
                "metrics": {
                    "outcome": -1.9129284005477638
                },
                "metadata": {
                    "trials": 1
                }
            },
            {
                "query": {
                    "x1": -0.5476872205944634,
                    "x2": -1.5415810095276934
                },
                "metrics": {
                    "outcome": -1.9131742763018638
                },
                "metadata": {
                    "trials": 1
                }
            }
        ],
        [
            {
                "query": {
                    "x1": -0.5423136013240044,
                    "x2": -1.545474659265196
                },
                "metrics": {
                    "outcome": -1.913194037570224
                },
                "metadata": {
                    "trials": 1
                }
            },
            {
                "query": {
                    "x1": -0.5676494931116426,
                    "x2": -1.5366340300974914
                },
                "metrics": {
                    "outcome": -1.9122187365974477
                },
                "metadata": {
                    "trials": 1
                }
            },
            {
                "query": {
                    "x1": -0.5397547989921558,
                    "x2": -1.5196805843621317
                },
                "metrics": {
                    "outcome": -1.9122872540982256
                },
                "metadata": {
                    "trials": 1
                }
            }
        ],
        [
            {
                "query": {
                    "x1": 3.9221216065827686,
                    "x2": 2.389590823456209
                },
                "metrics": {
                    "outcome": 3.4679685038004444
                },
                "metadata": {
                    "trials": 1
                }
            },
            {
                "query": {
                    "x1": -0.5166929129559192,
                    "x2": -1.5667166841381812
                },
                "metrics": {
                    "outcome": -1.9106682107978266
                },
                "metadata": {
                    "trials": 1
                }
            },
            {
                "query": {
                    "x1": -0.5363555081340672,
                    "x2": -1.5695200044336577
                },
                "metrics": {
                    "outcome": -1.9120661268900196
                },
                "metadata": {
                    "trials": 1
                }
            }
        ],
        [
            {
                "query": {
                    "x1": -0.5505577616532474,
                    "x2": -1.5557264814750813
                },
                "metrics": {
                    "outcome": -1.913135173014819
                },
                "metadata": {
                    "trials": 1
                }
            },
            {
                "query": {
                    "x1": -0.5210760903569581,
                    "x2": -1.5377746342547975
                },
                "metrics": {
                    "outcome": -1.912393359748787
                },
                "metadata": {
                    "trials": 1
                }
            },
            {
                "query": {
                    "x1": -0.5419496194322243,
                    "x2": -1.5437287294280226
                },
                "metrics": {
                    "outcome": -1.9131868336831976
                },
                "metadata": {
                    "trials": 1
                }
            }
        ],
        [
            {
                "query": {
                    "x1": -0.5540567349029044,
                    "x2": -1.535755195231458
                },
                "metrics": {
                    "outcome": -1.9128789049855475
                },
                "metadata": {
                    "trials": 1
                }
            },
            {
                "query": {
                    "x1": -0.554538246572734,
                    "x2": -1.554337401129275
                },
                "metrics": {
                    "outcome": -1.9131323724721794
                },
                "metadata": {
                    "trials": 1
                }
            },
            {
                "query": {
                    "x1": -0.5492682926052173,
                    "x2": -1.5464784910751432
                },
                "metrics": {
                    "outcome": -1.913214381061854
                },
                "metadata": {
                    "trials": 1
                }
            }
        ],
        [
            {
                "query": {
                    "x1": -0.5443444822632602,
                    "x2": -1.549780581882346
                },
                "metrics": {
                    "outcome": -1.913193372224757
                },
                "metadata": {
                    "trials": 1
                }
            },
            {
                "query": {
                    "x1": -0.5603025537764275,
                    "x2": -1.5468667111133965
                },
                "metrics": {
                    "outcome": -1.912971949100693
                },
                "metadata": {
                    "trials": 1
                }
            },
            {
                "query": {
                    "x1": 2.108564244513171,
                    "x2": 0.8778410521691775
                },
                "metrics": {
                    "outcome": 1.7010010471919914
                },
                "metadata": {
                    "trials": 1
                }
            }
        ],
        [
            {
                "query": {
                    "x1": -0.5528390347730872,
                    "x2": -1.5486382747280218
                },
                "metrics": {
                    "outcome": -1.9131836193862268
                },
                "metadata": {
                    "trials": 1
                }
            },
            {
                "query": {
                    "x1": -0.5452222804270058,
                    "x2": -1.5363071897665517
                },
                "metrics": {
                    "outcome": -1.9130716254574338
                },
                "metadata": {
                    "trials": 1
                }
            },
            {
                "query": {
                    "x1": -0.5528918271170675,
                    "x2": -1.5491391567847392
                },
                "metrics": {
                    "outcome": -1.91318366213507
                },
                "metadata": {
                    "trials": 1
                }
            }
        ],
        [
            {
                "query": {
                    "x1": -0.5368594649209503,
                    "x2": -1.5421088174285895
                },
                "metrics": {
                    "outcome": -1.9130920440812078
                },
                "metadata": {
                    "trials": 1
                }
            },
            {
                "query": {
                    "x1": -0.560416084105748,
                    "x2": -1.55738882889406
                },
                "metrics": {
                    "outcome": -1.9129775713114001
                },
                "metadata": {
                    "trials": 1
                }
            },
            {
                "query": {
                    "x1": -0.5394501256856474,
                    "x2": -1.5540576744388777
                },
                "metrics": {
                    "outcome": -1.9130092335290638
                },
                "metadata": {
                    "trials": 1
                }
            }
        ],
        [
            {
                "query": {
                    "x1": -0.5457296119153752,
                    "x2": -1.5482066334445963
                },
                "metrics": {
                    "outcome": -1.9132167281666028
                },
                "metadata": {
                    "trials": 1
                }
            },
            {
                "query": {
                    "x1": -0.5443260736336147,
                    "x2": -1.5383267127921256
                },
                "metrics": {
                    "outcome": -1.9131271237657659
                },
                "metadata": {
                    "trials": 1
                }
            },
            {
                "query": {
                    "x1": -0.5290182685763424,
                    "x2": -1.5330103785695364
                },
                "metrics": {
                    "outcome": -1.9127506135667733
                },
                "metadata": {
                    "trials": 1
                }
            }
        ],
        [
            {
                "query": {
                    "x1": -0.5420409267023929,
                    "x2": -1.5564819994344885
                },
                "metrics": {
                    "outcome": -1.9130070381983728
                },
                "metadata": {
                    "trials": 1
                }
            },
            {
                "query": {
                    "x1": -0.5502705355937507,
                    "x2": -1.544691666051599
                },
                "metrics": {
                    "outcome": -1.9131916919533087
                },
                "metadata": {
                    "trials": 1
                }
            },
            {
                "query": {
                    "x1": -0.5335267528018361,
                    "x2": -1.548534527553638
                },
                "metrics": {
                    "outcome": -1.912931694896106
                },
                "metadata": {
                    "trials": 1
                }
            }
        ],
        [
            {
                "query": {
                    "x1": -0.546863269992736,
                    "x2": -1.554599154545822
                },
                "metrics": {
                    "outcome": -1.91314151287341
                },
                "metadata": {
                    "trials": 1
                }
            },
            {
                "query": {
                    "x1": -0.5508355484798658,
                    "x2": -1.5396260729760136
                },
                "metrics": {
                    "outcome": -1.9130905978865238
                },
                "metadata": {
                    "trials": 1
                }
            },
            {
                "query": {
                    "x1": -0.5366036332655544,
                    "x2": -1.5482686564438513
                },
                "metrics": {
                    "outcome": -1.913047543241341
                },
                "metadata": {
                    "trials": 1
                }
            }
        ],
        [
            {
                "query": {
                    "x1": -0.548333201988469,
                    "x2": -1.5545421445019765
                },
                "metrics": {
                    "outcome": -1.9131533151121571
                },
                "metadata": {
                    "trials": 1
                }
            },
            {
                "query": {
                    "x1": -0.5470762085881217,
                    "x2": -1.5404930114844273
                },
                "metrics": {
                    "outcome": -1.913159414854631
                },
                "metadata": {
                    "trials": 1
                }
            },
            {
                "query": {
                    "x1": -0.543209081187303,
                    "x2": -1.5339590001257741
                },
                "metrics": {
                    "outcome": -1.9130084628366877
                },
                "metadata": {
                    "trials": 1
                }
            }
        ],
        [
            {
                "query": {
                    "x1": -0.5427562536746613,
                    "x2": -1.5480462334518168
                },
                "metrics": {
                    "outcome": -1.9131893783919747
                },
                "metadata": {
                    "trials": 1
                }
            },
            {
                "query": {
                    "x1": -0.5367091022206021,
                    "x2": -1.5479609268858057
                },
                "metrics": {
                    "outcome": -1.9130553220343285
                },
                "metadata": {
                    "trials": 1
                }
            },
            {
                "query": {
                    "x1": -0.5706939610750295,
                    "x2": -1.5718697325304505
                },
                "metrics": {
                    "outcome": -1.9122263973756688
                },
                "metadata": {
                    "trials": 1
                }
            }
        ],
        [
            {
                "query": {
                    "x1": -0.5474264440143588,
                    "x2": -1.5485674375896847
                },
                "metrics": {
                    "outcome": -1.9132205466338985
                },
                "metadata": {
                    "trials": 1
                }
            },
            {
                "query": {
                    "x1": -0.5359425194621449,
                    "x2": -1.5436848623270176
                },
                "metrics": {
                    "outcome": -1.9130683106188622
                },
                "metadata": {
                    "trials": 1
                }
            },
            {
                "query": {
                    "x1": -0.5505733459579826,
                    "x2": -1.5420227103441706
                },
                "metrics": {
                    "outcome": -1.9131484396522351
                },
                "metadata": {
                    "trials": 1
                }
            }
        ],
        [
            {
                "query": {
                    "x1": -0.5539812992323634,
                    "x2": -1.5531872831739224
                },
                "metrics": {
                    "outcome": -1.9131518480291554
                },
                "metadata": {
                    "trials": 1
                }
            },
            {
                "query": {
                    "x1": -1.0240792677898904,
                    "x2": -1.9119535571030029
                },
                "metrics": {
                    "outcome": -1.6595594718608986
                },
                "metadata": {
                    "trials": 1
                }
            },
            {
                "query": {
                    "x1": -0.546989745175741,
                    "x2": -1.5468926215039418
                },
                "metrics": {
                    "outcome": -1.913222831698663
                },
                "metadata": {
                    "trials": 1
                }
            }
        ],
        [
            {
                "query": {
                    "x1": -0.5624952928005018,
                    "x2": -1.5452811711564824
                },
                "metrics": {
                    "outcome": -1.9128492942084203
                },
                "metadata": {
                    "trials": 1
                }
            },
            {
                "query": {
                    "x1": -0.5544875441231423,
                    "x2": -1.5438300831297358
                },
                "metrics": {
                    "outcome": -1.9131027161235599
                },
                "metadata": {
                    "trials": 1
                }
            },
            {
                "query": {
                    "x1": -0.5357993460850952,
                    "x2": -1.5388062745464448
                },
                "metrics": {
                    "outcome": -1.9130436950852765
                },
                "metadata": {
                    "trials": 1
                }
            }
        ],
        [
            {
                "query": {
                    "x1": -0.5426922023728487,
                    "x2": -1.5548610075454259
                },
                "metrics": {
                    "outcome": -1.913070559075953
                },
                "metadata": {
                    "trials": 1
                }
            },
            {
                "query": {
                    "x1": -0.547645228439823,
                    "x2": -1.5437984842880395
                },
                "metrics": {
                    "outcome": -1.9132043835566601
                },
                "metadata": {
                    "trials": 1
                }
            },
            {
                "query": {
                    "x1": -0.5469262359894078,
                    "x2": -1.5405187669652483
                },
                "metrics": {
                    "outcome": -1.9131609552350586
                },
                "metadata": {
                    "trials": 1
                }
            }
        ],
        [
            {
                "query": {
                    "x1": -0.5389287365535831,
                    "x2": -1.5409938928618663
                },
                "metrics": {
                    "outcome": -1.9131277435064642
                },
                "metadata": {
                    "trials": 1
                }
            },
            {
                "query": {
                    "x1": -0.5412973102899128,
                    "x2": -1.5455831997540614
                },
                "metrics": {
                    "outcome": -1.9131800990490726
                },
                "metadata": {
                    "trials": 1
                }
            },
            {
                "query": {
                    "x1": -0.5524852237018076,
                    "x2": -1.5421689570009955
                },
                "metrics": {
                    "outcome": -1.913116500559351
                },
                "metadata": {
                    "trials": 1
                }
            }
        ],
        [
            {
                "query": {
                    "x1": -0.5560505836242715,
                    "x2": -1.5494460305405549
                },
                "metrics": {
                    "outcome": -1.9131260833943315
                },
                "metadata": {
                    "trials": 1
                }
            },
            {
                "query": {
                    "x1": -0.5484346618587476,
                    "x2": -1.5356100432149953
                },
                "metrics": {
                    "outcome": -1.9130120031839701
                },
                "metadata": {
                    "trials": 1
                }
            },
            {
                "query": {
                    "x1": -0.548618623642537,
                    "x2": -1.542539199700202
                },
                "metrics": {
                    "outcome": -1.9131814547997408
                },
                "metadata": {
                    "trials": 1
                }
            }
        ],
        [
            {
                "query": {
                    "x1": -0.5467387113792392,
                    "x2": -1.5444931985630128
                },
                "metrics": {
                    "outcome": -1.913213577386684
                },
                "metadata": {
                    "trials": 1
                }
            },
            {
                "query": {
                    "x1": -0.5504586505530005,
                    "x2": -1.5475419516960176
                },
                "metrics": {
                    "outcome": -1.9132088227561885
                },
                "metadata": {
                    "trials": 1
                }
            },
            {
                "query": {
                    "x1": -0.5643027421240657,
                    "x2": -1.5510296385259605
                },
                "metrics": {
                    "outcome": -1.9128577318609365
                },
                "metadata": {
                    "trials": 1
                }
            }
        ],
        [
            {
                "query": {
                    "x1": -0.5515348277905151,
                    "x2": -1.5616358628711873
                },
                "metrics": {
                    "outcome": -1.9129688333010688
                },
                "metadata": {
                    "trials": 1
                }
            },
            {
                "query": {
                    "x1": -0.559415158105608,
                    "x2": -1.551835201550312
                },
                "metrics": {
                    "outcome": -1.9130428824166428
                },
                "metadata": {
                    "trials": 1
                }
            },
            {
                "query": {
                    "x1": -0.5456590110134479,
                    "x2": -1.53686370896858
                },
                "metrics": {
                    "outcome": -1.9130844242660854
                },
                "metadata": {
                    "trials": 1
                }
            }
        ],
        [
            {
                "query": {
                    "x1": -0.5244928141635401,
                    "x2": -1.5291681957993961
                },
                "metrics": {
                    "outcome": -1.9124770798257362
                },
                "metadata": {
                    "trials": 1
                }
            },
            {
                "query": {
                    "x1": -0.556992747604099,
                    "x2": -1.551218275105654
                },
                "metrics": {
                    "outcome": -1.9131071782110745
                },
                "metadata": {
                    "trials": 1
                }
            },
            {
                "query": {
                    "x1": -0.5610208280566289,
                    "x2": -1.5580796371286607
                },
                "metrics": {
                    "outcome": -1.912951282921369
                },
                "metadata": {
                    "trials": 1
                }
            }
        ],
        [
            {
                "query": {
                    "x1": -0.5517353628474958,
                    "x2": -1.5503376068162147
                },
                "metrics": {
                    "outcome": -1.9131955131562801
                },
                "metadata": {
                    "trials": 1
                }
            },
            {
                "query": {
                    "x1": -0.529552911089284,
                    "x2": -1.5568131468830062
                },
                "metrics": {
                    "outcome": -1.912451877138687
                },
                "metadata": {
                    "trials": 1
                }
            },
            {
                "query": {
                    "x1": -0.5298260676890885,
                    "x2": -1.5174084888423194
                },
                "metrics": {
                    "outcome": -1.9120971263438742
                },
                "metadata": {
                    "trials": 1
                }
            }
        ],
        [
            {
                "query": {
                    "x1": -0.5506981065498914,
                    "x2": -1.5545079420897248
                },
                "metrics": {
                    "outcome": -1.9131579368875231
                },
                "metadata": {
                    "trials": 1
                }
            },
            {
                "query": {
                    "x1": -0.561531446565079,
                    "x2": -1.5681520871029244
                },
                "metrics": {
                    "outcome": -1.9126436206128723
                },
                "metadata": {
                    "trials": 1
                }
            },
            {
                "query": {
                    "x1": -0.5222157838946065,
                    "x2": -1.0225951171730219
                },
                "metrics": {
                    "outcome": -1.522447037740962
                },
                "metadata": {
                    "trials": 1
                }
            }
        ],
        [
            {
                "query": {
                    "x1": -0.5496116800712945,
                    "x2": -1.5504661582179364
                },
                "metrics": {
                    "outcome": -1.9132082566885131
                },
                "metadata": {
                    "trials": 1
                }
            },
            {
                "query": {
                    "x1": -0.5457826057421877,
                    "x2": -1.5407756700281507
                },
                "metrics": {
                    "outcome": -1.9131712517594357
                },
                "metadata": {
                    "trials": 1
                }
            },
            {
                "query": {
                    "x1": -0.5129930523724006,
                    "x2": -1.4876858704083704
                },
                "metrics": {
                    "outcome": -1.9087136936473175
                },
                "metadata": {
                    "trials": 1
                }
            }
        ],
        [
            {
                "query": {
                    "x1": -0.5379306264429272,
                    "x2": -1.5469521342310384
                },
                "metrics": {
                    "outcome": -1.913102314946686
                },
                "metadata": {
                    "trials": 1
                }
            },
            {
                "query": {
                    "x1": -0.5462248957015866,
                    "x2": -1.5499588088843714
                },
                "metrics": {
                    "outcome": -1.913207628100591
                },
                "metadata": {
                    "trials": 1
                }
            },
            {
                "query": {
                    "x1": -0.5629970622321896,
                    "x2": -1.5462229381950177
                },
                "metrics": {
                    "outcome": -1.91284669050569
                },
                "metadata": {
                    "trials": 1
                }
            }
        ],
        [
            {
                "query": {
                    "x1": -0.5389378430269434,
                    "x2": -1.5447400173078267
                },
                "metrics": {
                    "outcome": -1.913139452124046
                },
                "metadata": {
                    "trials": 1
                }
            },
            {
                "query": {
                    "x1": -0.5478474274422819,
                    "x2": -1.5615606297352587
                },
                "metrics": {
                    "outcome": -1.9129375906549626
                },
                "metadata": {
                    "trials": 1
                }
            },
            {
                "query": {
                    "x1": -0.5438983194579887,
                    "x2": -1.5416311059993828
                },
                "metrics": {
                    "outcome": -1.9131837219800816
                },
                "metadata": {
                    "trials": 1
                }
            }
        ],
        [
            {
                "query": {
                    "x1": -0.5564219706388135,
                    "x2": -1.5391434621969982
                },
                "metrics": {
                    "outcome": -1.9129238151747554
                },
                "metadata": {
                    "trials": 1
                }
            },
            {
                "query": {
                    "x1": -0.550275619171415,
                    "x2": -1.5526660634803582
                },
                "metrics": {
                    "outcome": -1.9131856639778664
                },
                "metadata": {
                    "trials": 1
                }
            },
            {
                "query": {
                    "x1": -0.5428964135310668,
                    "x2": -1.5391747426963909
                },
                "metrics": {
                    "outcome": -1.9131431831838532
                },
                "metadata": {
                    "trials": 1
                }
            }
        ],
        [
            {
                "query": {
                    "x1": -0.5318707467028341,
                    "x2": -1.5584955516857988
                },
                "metrics": {
                    "outcome": -1.9125070409582987
                },
                "metadata": {
                    "trials": 1
                }
            },
            {
                "query": {
                    "x1": -0.5464809565735064,
                    "x2": -1.5551362877677508
                },
                "metrics": {
                    "outcome": -1.9131254860586044
                },
                "metadata": {
                    "trials": 1
                }
            },
            {
                "query": {
                    "x1": -0.5451868819569815,
                    "x2": -1.5433199806780957
                },
                "metrics": {
                    "outcome": -1.9132044395487835
                },
                "metadata": {
                    "trials": 1
                }
            }
        ],
        [
            {
                "query": {
                    "x1": -0.5533614962992466,
                    "x2": -1.551505475498294
                },
                "metrics": {
                    "outcome": -1.9131721221026687
                },
                "metadata": {
                    "trials": 1
                }
            },
            {
                "query": {
                    "x1": -0.5359119921148661,
                    "x2": -1.5385117937603656
                },
                "metrics": {
                    "outcome": -1.9130428293390924
                },
                "metadata": {
                    "trials": 1
                }
            },
            {
                "query": {
                    "x1": -0.5379145788207589,
                    "x2": -1.5428858239249408
                },
                "metrics": {
                    "outcome": -1.913118005947024
                },
                "metadata": {
                    "trials": 1
                }
            }
        ],
        [
            {
                "query": {
                    "x1": -0.5514711808669086,
                    "x2": -1.55071030512517
                },
                "metrics": {
                    "outcome": -1.9131961629266128
                },
                "metadata": {
                    "trials": 1
                }
            },
            {
                "query": {
                    "x1": -0.5476420525894035,
                    "x2": -1.5421480672877088
                },
                "metrics": {
                    "outcome": -1.913183580576602
                },
                "metadata": {
                    "trials": 1
                }
            },
            {
                "query": {
                    "x1": -0.5530569246726056,
                    "x2": -1.555678706525586
                },
                "metrics": {
                    "outcome": -1.9131272791322242
                },
                "metadata": {
                    "trials": 1
                }
            }
        ],
        [
            {
                "query": {
                    "x1": -0.536574483080958,
                    "x2": -1.543336877737131
                },
                "metrics": {
                    "outcome": -1.9130861365197047
                },
                "metadata": {
                    "trials": 1
                }
            },
            {
                "query": {
                    "x1": -0.5442387980345244,
                    "x2": -1.5422330832027553
                },
                "metrics": {
                    "outcome": -1.91319170735534
                },
                "metadata": {
                    "trials": 1
                }
            },
            {
                "query": {
                    "x1": -0.5445455158591784,
                    "x2": -1.5382765106380014
                },
                "metrics": {
                    "outcome": -1.9131255300053605
                },
                "metadata": {
                    "trials": 1
                }
            }
        ],
        [
            {
                "query": {
                    "x1": -0.5537779303761143,
                    "x2": -1.5507891401257223
                },
                "metrics": {
                    "outcome": -1.913169306843432
                },
                "metadata": {
                    "trials": 1
                }
            },
            {
                "query": {
                    "x1": -0.5558752506397282,
                    "x2": -1.5427066537300702
                },
                "metrics": {
                    "outcome": -1.913041958749301
                },
                "metadata": {
                    "trials": 1
                }
            },
            {
                "query": {
                    "x1": -0.5464014191757941,
                    "x2": -1.5561591732279128
                },
                "metrics": {
                    "outcome": -1.913098915526577
                },
                "metadata": {
                    "trials": 1
                }
            }
        ],
        [
            {
                "query": {
                    "x1": -0.5573946753803235,
                    "x2": -1.5467990177902562
                },
                "metrics": {
                    "outcome": -1.9130691911717603
                },
                "metadata": {
                    "trials": 1
                }
            },
            {
                "query": {
                    "x1": -0.5548518483347709,
                    "x2": -1.55144004215368
                },
                "metrics": {
                    "outcome": -1.913150169765446
                },
                "metadata": {
                    "trials": 1
                }
            },
            {
                "query": {
                    "x1": -0.5383089990424226,
                    "x2": -1.5300107528329954
                },
                "metrics": {
                    "outcome": -1.9128582176975533
                },
                "metadata": {
                    "trials": 1
                }
            }
        ],
        [
            {
                "query": {
                    "x1": -0.5475192217262019,
                    "x2": -1.5505174399017385
                },
                "metrics": {
                    "outcome": -1.9132082275379894
                },
                "metadata": {
                    "trials": 1
                }
            },
            {
                "query": {
                    "x1": -0.5480279478602192,
                    "x2": -1.5398109784029674
                },
                "metrics": {
                    "outcome": -1.9131368005989242
                },
                "metadata": {
                    "trials": 1
                }
            },
            {
                "query": {
                    "x1": -0.549201698334983,
                    "x2": -1.5377765734520261
                },
                "metrics": {
                    "outcome": -1.9130685678534936
                },
                "metadata": {
                    "trials": 1
                }
            }
        ]
    ]
}