{
    "date": "05/11/2022 12:09:42",
    "basic_params": {
        "active_variables": [
            "x1",
            "x2"
        ],
        "default_query": {},
        "metric": "basic",
        "n_trials": 1
    },
    "objective_function": {
        "name": "Beale",
        "params": {}
    },
    "optimizer": {
        "name": "BBO-LP(LCBa)",
        "params": {
            "lower_bound": [
                -4.5,
                -4.5
            ],
            "upper_bound": [
                4.5,
                4.5
            ],
            "invert_metric": false,
            "bopt_params": {
                "n_init_samples": 12,
                "n_iterations": 23,
                "n_iter_relearn": 5,
                "verbose_level": 0,
                "n_parallel_samples": 6,
                "par_type": "PAR_BBO",
                "crit_name": "cLP(cLCBa)",
                "n_crit_params": 3,
                "crit_params": [
                    6,
                    1,
                    5.0
                ]
            }
        }
    },
    "iterations": [
        [
            {
                "query": {
                    "x1": 2.922575575299561,
                    "x2": -0.8090761215426028
                },
                "metrics": {
                    "outcome": 19.287231049655816
                },
                "metadata": {
                    "trials": 1
                }
            }
        ],
        [
            {
                "query": {
                    "x1": 0.1660344450501725,
                    "x2": -2.2743694122182205
                },
                "metrics": {
                    "outcome": 9.830428682623944
                },
                "metadata": {
                    "trials": 1
                }
            }
        ],
        [
            {
                "query": {
                    "x1": 1.6012599493260495,
                    "x2": 2.164415688312147
                },
                "metrics": {
                    "outcome": 375.6499473227333
                },
                "metadata": {
                    "trials": 1
                }
            }
        ],
        [
            {
                "query": {
                    "x1": 3.1700116542633623,
                    "x2": -0.5567131513380446
                },
                "metrics": {
                    "outcome": 12.994146703506244
                },
                "metadata": {
                    "trials": 1
                }
            }
        ],
        [
            {
                "query": {
                    "x1": -4.443759081827011,
                    "x2": 1.1448669360252097
                },
                "metrics": {
                    "outcome": 1.649087463098641
                },
                "metadata": {
                    "trials": 1
                }
            }
        ],
        [
            {
                "query": {
                    "x1": -3.2312314162845723,
                    "x2": 2.58484258846147
                },
                "metrics": {
                    "outcome": 2767.421995138802
                },
                "metadata": {
                    "trials": 1
                }
            }
        ],
        [
            {
                "query": {
                    "x1": -1.2519744621240534,
                    "x2": -3.5253587141633034
                },
                "metrics": {
                    "outcome": 3646.020300088021
                },
                "metadata": {
                    "trials": 1
                }
            }
        ],
        [
            {
                "query": {
                    "x1": 1.4564414714695886,
                    "x2": 0.2074093131814152
                },
                "metrics": {
                    "outcome": 2.2486345890261714
                },
                "metadata": {
                    "trials": 1
                }
            }
        ],
        [
            {
                "query": {
                    "x1": 4.04022169316886,
                    "x2": 3.3358792479266413
                },
                "metrics": {
                    "outcome": 24055.035759598177
                },
                "metadata": {
                    "trials": 1
                }
            }
        ],
        [
            {
                "query": {
                    "x1": -2.573939352412708,
                    "x2": 4.270975289982744
                },
                "metrics": {
                    "outcome": 39976.882017150056
                },
                "metadata": {
                    "trials": 1
                }
            }
        ],
        [
            {
                "query": {
                    "x1": -1.658658370084595,
                    "x2": -2.225790570024401
                },
                "metrics": {
                    "outcome": 575.0556444187013
                },
                "metadata": {
                    "trials": 1
                }
            }
        ],
        [
            {
                "query": {
                    "x1": -0.25092452648095787,
                    "x2": -4.34602281806292
                },
                "metrics": {
                    "outcome": 564.0967037163404
                },
                "metadata": {
                    "trials": 1
                }
            }
        ],
        [
            {
                "query": {
                    "x1": 1.2843367640364338,
                    "x2": -2.357064830077909
                },
                "metrics": {
                    "outcome": 313.10420990917976
                },
                "metadata": {
                    "trials": 1
                }
            },
            {
                "query": {
                    "x1": 1.2843367640364338,
                    "x2": -2.357064830077909
                },
                "metrics": {
                    "outcome": 313.10420990917976
                },
                "metadata": {
                    "trials": 1
                }
            },
            {
                "query": {
                    "x1": 1.2843367640364338,
                    "x2": -2.357064830077909
                },
                "metrics": {
                    "outcome": 313.10420990917976
                },
                "metadata": {
                    "trials": 1
                }
            },
            {
                "query": {
                    "x1": 1.2843367640364338,
                    "x2": -2.357064830077909
                },
                "metrics": {
                    "outcome": 313.10420990917976
                },
                "metadata": {
                    "trials": 1
                }
            },
            {
                "query": {
                    "x1": 1.2843367640364338,
                    "x2": -2.357064830077909
                },
                "metrics": {
                    "outcome": 313.10420990917976
                },
                "metadata": {
                    "trials": 1
                }
            },
            {
                "query": {
                    "x1": 1.2843367640364338,
                    "x2": -2.357064830077909
                },
                "metrics": {
                    "outcome": 313.10420990917976
                },
                "metadata": {
                    "trials": 1
                }
            }
        ],
        [
            {
                "query": {
                    "x1": 3.0793963216985007,
                    "x2": -2.1214374004820677
                },
                "metrics": {
                    "outcome": 1126.8935894642368
                },
                "metadata": {
                    "trials": 1
                }
            },
            {
                "query": {
                    "x1": 3.0793963216985007,
                    "x2": -2.1214374004820677
                },
                "metrics": {
                    "outcome": 1126.8935894642368
                },
                "metadata": {
                    "trials": 1
                }
            },
            {
                "query": {
                    "x1": 3.0793963216985007,
                    "x2": -2.1214374004820677
                },
                "metrics": {
                    "outcome": 1126.8935894642368
                },
                "metadata": {
                    "trials": 1
                }
            },
            {
                "query": {
                    "x1": 3.0793963216985007,
                    "x2": -2.1214374004820677
                },
                "metrics": {
                    "outcome": 1126.8935894642368
                },
                "metadata": {
                    "trials": 1
                }
            },
            {
                "query": {
                    "x1": 3.0793963216985007,
                    "x2": -2.1214374004820677
                },
                "metrics": {
                    "outcome": 1126.8935894642368
                },
                "metadata": {
                    "trials": 1
                }
            },
            {
                "query": {
                    "x1": 3.0793963216985007,
                    "x2": -2.1214374004820677
                },
                "metrics": {
                    "outcome": 1126.8935894642368
                },
                "metadata": {
                    "trials": 1
                }
            }
        ],
        [
            {
                "query": {
                    "x1": 2.649992167521887,
                    "x2": 0.9749745973683135
                },
                "metrics": {
                    "outcome": 12.45540777253129
                },
                "metadata": {
                    "trials": 1
                }
            },
            {
                "query": {
                    "x1": 2.649992167521887,
                    "x2": 0.9749745973683135
                },
                "metrics": {
                    "outcome": 12.45540777253129
                },
                "metadata": {
                    "trials": 1
                }
            },
            {
                "query": {
                    "x1": 2.649992167521887,
                    "x2": 0.9749745973683135
                },
                "metrics": {
                    "outcome": 12.45540777253129
                },
                "metadata": {
                    "trials": 1
                }
            },
            {
                "query": {
                    "x1": 2.649992167521887,
                    "x2": 0.9749745973683135
                },
                "metrics": {
                    "outcome": 12.45540777253129
                },
                "metadata": {
                    "trials": 1
                }
            },
            {
                "query": {
                    "x1": 2.649992167521887,
                    "x2": 0.9749745973683135
                },
                "metrics": {
                    "outcome": 12.45540777253129
                },
                "metadata": {
                    "trials": 1
                }
            },
            {
                "query": {
                    "x1": 2.649992167521887,
                    "x2": 0.9749745973683135
                },
                "metrics": {
                    "outcome": 12.45540777253129
                },
                "metadata": {
                    "trials": 1
                }
            }
        ],
        [
            {
                "query": {
                    "x1": 0.3226806603818657,
                    "x2": 2.6750000527278717
                },
                "metrics": {
                    "outcome": 94.00067791192053
                },
                "metadata": {
                    "trials": 1
                }
            },
            {
                "query": {
                    "x1": 0.3226806603818657,
                    "x2": 2.6750000527278717
                },
                "metrics": {
                    "outcome": 94.00067791192053
                },
                "metadata": {
                    "trials": 1
                }
            },
            {
                "query": {
                    "x1": 0.3226806603818657,
                    "x2": 2.6750000527278717
                },
                "metrics": {
                    "outcome": 94.00067791192053
                },
                "metadata": {
                    "trials": 1
                }
            },
            {
                "query": {
                    "x1": 0.3226806603818657,
                    "x2": 2.6750000527278717
                },
                "metrics": {
                    "outcome": 94.00067791192053
                },
                "metadata": {
                    "trials": 1
                }
            },
            {
                "query": {
                    "x1": 0.3226806603818657,
                    "x2": 2.6750000527278717
                },
                "metrics": {
                    "outcome": 94.00067791192053
                },
                "metadata": {
                    "trials": 1
                }
            },
            {
                "query": {
                    "x1": 0.3226806603818657,
                    "x2": 2.6750000527278717
                },
                "metrics": {
                    "outcome": 94.00067791192053
                },
                "metadata": {
                    "trials": 1
                }
            }
        ],
        [
            {
                "query": {
                    "x1": -4.321982344424122,
                    "x2": -4.5
                },
                "metrics": {
                    "outcome": 167821.94229635768
                },
                "metadata": {
                    "trials": 1
                }
            },
            {
                "query": {
                    "x1": -4.321940097388876,
                    "x2": -4.499958313962513
                },
                "metrics": {
                    "outcome": 167809.63460462535
                },
                "metadata": {
                    "trials": 1
                }
            },
            {
                "query": {
                    "x1": -4.321903517161797,
                    "x2": -4.5
                },
                "metrics": {
                    "outcome": 167815.85376507972
                },
                "metadata": {
                    "trials": 1
                }
            },
            {
                "query": {
                    "x1": -4.322008836458351,
                    "x2": -4.4994512237578705
                },
                "metrics": {
                    "outcome": 167704.95033341736
                },
                "metadata": {
                    "trials": 1
                }
            },
            {
                "query": {
                    "x1": -4.322010430836076,
                    "x2": -4.499392256243744
                },
                "metrics": {
                    "outcome": 167692.28662969035
                },
                "metadata": {
                    "trials": 1
                }
            },
            {
                "query": {
                    "x1": -4.321996924623218,
                    "x2": -4.498399572106071
                },
                "metrics": {
                    "outcome": 167476.1107566056
                },
                "metadata": {
                    "trials": 1
                }
            }
        ],
        [
            {
                "query": {
                    "x1": 0.0,
                    "x2": 0.0
                },
                "metrics": {
                    "outcome": 14.203125
                },
                "metadata": {
                    "trials": 1
                }
            },
            {
                "query": {
                    "x1": -3.0,
                    "x2": 0.0
                },
                "metrics": {
                    "outcome": 79.453125
                },
                "metadata": {
                    "trials": 1
                }
            },
            {
                "query": {
                    "x1": 2.999999999999999,
                    "x2": 2.999999999999999
                },
                "metrics": {
                    "outcome": 7245.703124999982
                },
                "metadata": {
                    "trials": 1
                }
            },
            {
                "query": {
                    "x1": -1.0,
                    "x2": 2.999999999999999
                },
                "metrics": {
                    "outcome": 579.7031249999987
                },
                "metadata": {
                    "trials": 1
                }
            },
            {
                "query": {
                    "x1": 1.0,
                    "x2": 2.999999999999999
                },
                "metrics": {
                    "outcome": 936.7031249999984
                },
                "metadata": {
                    "trials": 1
                }
            },
            {
                "query": {
                    "x1": 0.0,
                    "x2": 4.0
                },
                "metrics": {
                    "outcome": 14.203125
                },
                "metadata": {
                    "trials": 1
                }
            }
        ],
        [
            {
                "query": {
                    "x1": -3.0,
                    "x2": -3.0
                },
                "metrics": {
                    "outcome": 8159.203125
                },
                "metadata": {
                    "trials": 1
                }
            },
            {
                "query": {
                    "x1": -0.33333333333333304,
                    "x2": 1.9999999999999991
                },
                "metrics": {
                    "outcome": 3.0086805555555656
                },
                "metadata": {
                    "trials": 1
                }
            },
            {
                "query": {
                    "x1": -2.25,
                    "x2": 1.666666666666666
                },
                "metrics": {
                    "outcome": 33.7725694444443
                },
                "metadata": {
                    "trials": 1
                }
            },
            {
                "query": {
                    "x1": 2.1994372679323924,
                    "x2": 1.6913136264357584
                },
                "metrics": {
                    "outcome": 171.81589595314625
                },
                "metadata": {
                    "trials": 1
                }
            },
            {
                "query": {
                    "x1": 2.244943726793239,
                    "x2": 1.6691313626435758
                },
                "metrics": {
                    "outcome": 165.25532303948833
                },
                "metadata": {
                    "trials": 1
                }
            },
            {
                "query": {
                    "x1": 2.25,
                    "x2": 1.666666666666666
                },
                "metrics": {
                    "outcome": 164.52256944444414
                },
                "metadata": {
                    "trials": 1
                }
            }
        ],
        [
            {
                "query": {
                    "x1": -0.7305004712134751,
                    "x2": 0.5416851066804735
                },
                "metrics": {
                    "outcome": 21.511767056862514
                },
                "metadata": {
                    "trials": 1
                }
            },
            {
                "query": {
                    "x1": 0.022401875582436226,
                    "x2": 1.71826335716508
                },
                "metrics": {
                    "outcome": 14.93774588679966
                },
                "metadata": {
                    "trials": 1
                }
            },
            {
                "query": {
                    "x1": 0.0008390907932538383,
                    "x2": 1.6441823181850959
                },
                "metrics": {
                    "outcome": 14.226363932207843
                },
                "metadata": {
                    "trials": 1
                }
            },
            {
                "query": {
                    "x1": 0.005625000000000213,
                    "x2": 1.666666666666666
                },
                "metrics": {
                    "outcome": 14.367093402777783
                },
                "metadata": {
                    "trials": 1
                }
            },
            {
                "query": {
                    "x1": 8.390907932565028e-05,
                    "x2": 1.6644182318185097
                },
                "metrics": {
                    "outcome": 14.20555150492247
                },
                "metadata": {
                    "trials": 1
                }
            },
            {
                "query": {
                    "x1": 0.0005625000000000213,
                    "x2": 1.666666666666666
                },
                "metrics": {
                    "outcome": 14.219474059027778
                },
                "metadata": {
                    "trials": 1
                }
            }
        ],
        [
            {
                "query": {
                    "x1": 1.0,
                    "x2": -4.0
                },
                "metrics": {
                    "outcome": 4200.453125
                },
                "metadata": {
                    "trials": 1
                }
            },
            {
                "query": {
                    "x1": 0.6666666666666679,
                    "x2": -3.0
                },
                "metrics": {
                    "outcome": 316.2031250000012
                },
                "metadata": {
                    "trials": 1
                }
            },
            {
                "query": {
                    "x1": -0.6666666666666665,
                    "x2": -2.0
                },
                "metrics": {
                    "outcome": 86.70312499999997
                },
                "metadata": {
                    "trials": 1
                }
            },
            {
                "query": {
                    "x1": -1.0,
                    "x2": -1.6666666666666665
                },
                "metrics": {
                    "outcome": 85.72301526063097
                },
                "metadata": {
                    "trials": 1
                }
            },
            {
                "query": {
                    "x1": 1.9999999999999991,
                    "x2": 0.0
                },
                "metrics": {
                    "outcome": 0.7031250000000007
                },
                "metadata": {
                    "trials": 1
                }
            },
            {
                "query": {
                    "x1": 4.0,
                    "x2": 0.0
                },
                "metrics": {
                    "outcome": 11.203125
                },
                "metadata": {
                    "trials": 1
                }
            }
        ],
        [
            {
                "query": {
                    "x1": 1.9411544938808394,
                    "x2": -0.016747476560924568
                },
                "metrics": {
                    "outcome": 0.7877118727587058
                },
                "metadata": {
                    "trials": 1
                }
            },
            {
                "query": {
                    "x1": 1.9417887644606564,
                    "x2": -0.03615945708829926
                },
                "metrics": {
                    "outcome": 0.8253646623988039
                },
                "metadata": {
                    "trials": 1
                }
            },
            {
                "query": {
                    "x1": 1.9413238990654325,
                    "x2": 0.023263670870679043
                },
                "metrics": {
                    "outcome": 0.7203210835259615
                },
                "metadata": {
                    "trials": 1
                }
            },
            {
                "query": {
                    "x1": 1.9409922440963294,
                    "x2": 0.004839769142569672
                },
                "metrics": {
                    "outcome": 0.7496578879329041
                },
                "metadata": {
                    "trials": 1
                }
            },
            {
                "query": {
                    "x1": 1.941436907498951,
                    "x2": 0.03436870843947837
                },
                "metrics": {
                    "outcome": 0.7044071729615794
                },
                "metadata": {
                    "trials": 1
                }
            },
            {
                "query": {
                    "x1": 1.9412430744481837,
                    "x2": 0.020981621915520776
                },
                "metrics": {
                    "outcome": 0.7238177246490638
                },
                "metadata": {
                    "trials": 1
                }
            }
        ],
        [
            {
                "query": {
                    "x1": 2.0756237995398035,
                    "x2": 0.0009563861578110178
                },
                "metrics": {
                    "outcome": 0.6612832930837091
                },
                "metadata": {
                    "trials": 1
                }
            },
            {
                "query": {
                    "x1": 2.075641282083163,
                    "x2": 0.0009210370835299742
                },
                "metrics": {
                    "outcome": 0.6613621637501996
                },
                "metadata": {
                    "trials": 1
                }
            },
            {
                "query": {
                    "x1": 2.075628596674762,
                    "x2": 0.006439950001244199
                },
                "metrics": {
                    "outcome": 0.6483831278795398
                },
                "metadata": {
                    "trials": 1
                }
            },
            {
                "query": {
                    "x1": 2.075461078129509,
                    "x2": 0.006560558750978274
                },
                "metrics": {
                    "outcome": 0.6481583817217405
                },
                "metadata": {
                    "trials": 1
                }
            },
            {
                "query": {
                    "x1": 2.0755025217309324,
                    "x2": 0.014252158650881697
                },
                "metrics": {
                    "outcome": 0.6305817330349707
                },
                "metadata": {
                    "trials": 1
                }
            },
            {
                "query": {
                    "x1": 2.075171299039371,
                    "x2": 0.02401836836260074
                },
                "metrics": {
                    "outcome": 0.6092989447553867
                },
                "metadata": {
                    "trials": 1
                }
            }
        ],
        [
            {
                "query": {
                    "x1": 2.152275701070808,
                    "x2": 0.10165325363749655
                },
                "metrics": {
                    "outcome": 0.4279158154485985
                },
                "metadata": {
                    "trials": 1
                }
            },
            {
                "query": {
                    "x1": 2.154000875816039,
                    "x2": 0.1046597218020322
                },
                "metrics": {
                    "outcome": 0.42214184892795464
                },
                "metadata": {
                    "trials": 1
                }
            },
            {
                "query": {
                    "x1": 2.1453827135808874,
                    "x2": 0.11035965880880827
                },
                "metrics": {
                    "outcome": 0.4168712390028314
                },
                "metadata": {
                    "trials": 1
                }
            },
            {
                "query": {
                    "x1": 2.1545887637524315,
                    "x2": 0.1088968772632466
                },
                "metrics": {
                    "outcome": 0.4149108989056306
                },
                "metadata": {
                    "trials": 1
                }
            },
            {
                "query": {
                    "x1": 2.1518744187952823,
                    "x2": 0.12163142645195002
                },
                "metrics": {
                    "outcome": 0.39662500939074624
                },
                "metadata": {
                    "trials": 1
                }
            },
            {
                "query": {
                    "x1": 2.1528871568001957,
                    "x2": 0.11873948599903361
                },
                "metrics": {
                    "outcome": 0.40036549933570575
                },
                "metadata": {
                    "trials": 1
                }
            }
        ],
        [
            {
                "query": {
                    "x1": 2.229982050938058,
                    "x2": 0.1473448099532586
                },
                "metrics": {
                    "outcome": 0.3275353553933118
                },
                "metadata": {
                    "trials": 1
                }
            },
            {
                "query": {
                    "x1": 2.231106851138989,
                    "x2": 0.13626117368576995
                },
                "metrics": {
                    "outcome": 0.3456777074296886
                },
                "metadata": {
                    "trials": 1
                }
            },
            {
                "query": {
                    "x1": 2.231302240666027,
                    "x2": 0.135485271657088
                },
                "metrics": {
                    "outcome": 0.34699258310702985
                },
                "metadata": {
                    "trials": 1
                }
            },
            {
                "query": {
                    "x1": 2.2302121411639426,
                    "x2": 0.14542843260007388
                },
                "metrics": {
                    "outcome": 0.3305389050056466
                },
                "metadata": {
                    "trials": 1
                }
            },
            {
                "query": {
                    "x1": 2.230863050268537,
                    "x2": 0.14356754018392248
                },
                "metrics": {
                    "outcome": 0.33341057261395857
                },
                "metadata": {
                    "trials": 1
                }
            },
            {
                "query": {
                    "x1": 2.231814803884192,
                    "x2": 0.11812179247563126
                },
                "metrics": {
                    "outcome": 0.37913440281473904
                },
                "metadata": {
                    "trials": 1
                }
            }
        ],
        [
            {
                "query": {
                    "x1": 2.3050340595160055,
                    "x2": 0.17334378910436055
                },
                "metrics": {
                    "outcome": 0.2748143755493851
                },
                "metadata": {
                    "trials": 1
                }
            },
            {
                "query": {
                    "x1": 2.3052448034928483,
                    "x2": 0.16401827876486408
                },
                "metrics": {
                    "outcome": 0.2913483371655349
                },
                "metadata": {
                    "trials": 1
                }
            },
            {
                "query": {
                    "x1": 2.306665434111731,
                    "x2": 0.15901993976691564
                },
                "metrics": {
                    "outcome": 0.3008076517391435
                },
                "metadata": {
                    "trials": 1
                }
            },
            {
                "query": {
                    "x1": 2.3027194728869205,
                    "x2": 0.18011597519052636
                },
                "metrics": {
                    "outcome": 0.26371718706789093
                },
                "metadata": {
                    "trials": 1
                }
            },
            {
                "query": {
                    "x1": 2.305825628634974,
                    "x2": 0.15931717273936918
                },
                "metrics": {
                    "outcome": 0.30017283747744605
                },
                "metadata": {
                    "trials": 1
                }
            },
            {
                "query": {
                    "x1": 2.3045160798442756,
                    "x2": 0.1731114181204827
                },
                "metrics": {
                    "outcome": 0.2752208572040852
                },
                "metadata": {
                    "trials": 1
                }
            }
        ],
        [
            {
                "query": {
                    "x1": 2.3769837968699488,
                    "x2": 0.21086101752912256
                },
                "metrics": {
                    "outcome": 0.21471991610435612
                },
                "metadata": {
                    "trials": 1
                }
            },
            {
                "query": {
                    "x1": 2.376458513999716,
                    "x2": 0.210196846020116
                },
                "metrics": {
                    "outcome": 0.2157708561586294
                },
                "metadata": {
                    "trials": 1
                }
            },
            {
                "query": {
                    "x1": 2.3701438269681905,
                    "x2": 0.27043549636791653
                },
                "metrics": {
                    "outcome": 0.14639344423322478
                },
                "metadata": {
                    "trials": 1
                }
            },
            {
                "query": {
                    "x1": 2.378874062033998,
                    "x2": 0.18934143064297082
                },
                "metrics": {
                    "outcome": 0.2542609746433211
                },
                "metadata": {
                    "trials": 1
                }
            },
            {
                "query": {
                    "x1": 2.373218468566728,
                    "x2": 0.23591606083543404
                },
                "metrics": {
                    "outcome": 0.17831581586091957
                },
                "metadata": {
                    "trials": 1
                }
            },
            {
                "query": {
                    "x1": 2.376730946643897,
                    "x2": 0.208766195853344
                },
                "metrics": {
                    "outcome": 0.21819681774657534
                },
                "metadata": {
                    "trials": 1
                }
            }
        ],
        [
            {
                "query": {
                    "x1": 2.4426548102846457,
                    "x2": 0.2884412138919821
                },
                "metrics": {
                    "outcome": 0.11486321637840305
                },
                "metadata": {
                    "trials": 1
                }
            },
            {
                "query": {
                    "x1": 2.4423341193754897,
                    "x2": 0.2827851966217505
                },
                "metrics": {
                    "outcome": 0.1199452013953447
                },
                "metadata": {
                    "trials": 1
                }
            },
            {
                "query": {
                    "x1": 2.2654775504650306,
                    "x2": 0.35880073627931974
                },
                "metrics": {
                    "outcome": 0.2939691927545592
                },
                "metadata": {
                    "trials": 1
                }
            },
            {
                "query": {
                    "x1": 2.2627564024982636,
                    "x2": 0.356995419140385
                },
                "metrics": {
                    "outcome": 0.29440092003984336
                },
                "metadata": {
                    "trials": 1
                }
            },
            {
                "query": {
                    "x1": 2.4415919133708908,
                    "x2": 0.28954074934808993
                },
                "metrics": {
                    "outcome": 0.11412334705162575
                },
                "metadata": {
                    "trials": 1
                }
            },
            {
                "query": {
                    "x1": 2.270457181115612,
                    "x2": 0.35263125942021833
                },
                "metrics": {
                    "outcome": 0.2756947763108295
                },
                "metadata": {
                    "trials": 1
                }
            }
        ],
        [
            {
                "query": {
                    "x1": 2.51309956039185,
                    "x2": 0.3111286180173618
                },
                "metrics": {
                    "outcome": 0.08903731159998546
                },
                "metadata": {
                    "trials": 1
                }
            },
            {
                "query": {
                    "x1": 2.5138592895847536,
                    "x2": 0.2970465526011532
                },
                "metrics": {
                    "outcome": 0.10446369440473796
                },
                "metadata": {
                    "trials": 1
                }
            },
            {
                "query": {
                    "x1": 2.5138530663018077,
                    "x2": 0.2980745441838426
                },
                "metrics": {
                    "outcome": 0.10320568115673182
                },
                "metadata": {
                    "trials": 1
                }
            },
            {
                "query": {
                    "x1": 2.5133763539709175,
                    "x2": 0.30506897136677225
                },
                "metrics": {
                    "outcome": 0.0951739455720288
                },
                "metadata": {
                    "trials": 1
                }
            },
            {
                "query": {
                    "x1": 2.5132750043106,
                    "x2": 0.3114608471632314
                },
                "metrics": {
                    "outcome": 0.08872064135558702
                },
                "metadata": {
                    "trials": 1
                }
            },
            {
                "query": {
                    "x1": 2.5124534142512474,
                    "x2": 0.327883287300911
                },
                "metrics": {
                    "outcome": 0.07609726394735476
                },
                "metadata": {
                    "trials": 1
                }
            }
        ],
        [
            {
                "query": {
                    "x1": 2.580548555621748,
                    "x2": 0.37334132804923215
                },
                "metrics": {
                    "outcome": 0.04651386810506357
                },
                "metadata": {
                    "trials": 1
                }
            },
            {
                "query": {
                    "x1": 2.5809702095033504,
                    "x2": 0.3923776898434097
                },
                "metrics": {
                    "outcome": 0.04904633560022752
                },
                "metadata": {
                    "trials": 1
                }
            },
            {
                "query": {
                    "x1": 2.5813378496621997,
                    "x2": 0.3575996112172444
                },
                "metrics": {
                    "outcome": 0.05119355876732893
                },
                "metadata": {
                    "trials": 1
                }
            },
            {
                "query": {
                    "x1": 2.5827340180751444,
                    "x2": 0.33913673051624116
                },
                "metrics": {
                    "outcome": 0.06450454121368326
                },
                "metadata": {
                    "trials": 1
                }
            },
            {
                "query": {
                    "x1": 2.5821382969667486,
                    "x2": 0.3473405724294283
                },
                "metrics": {
                    "outcome": 0.057566150426339495
                },
                "metadata": {
                    "trials": 1
                }
            },
            {
                "query": {
                    "x1": 2.582502208235905,
                    "x2": 0.3381099613092502
                },
                "metrics": {
                    "outcome": 0.06546366249387427
                },
                "metadata": {
                    "trials": 1
                }
            }
        ],
        [
            {
                "query": {
                    "x1": 2.648251909537521,
                    "x2": 0.38922580439012844
                },
                "metrics": {
                    "outcome": 0.03147519606875019
                },
                "metadata": {
                    "trials": 1
                }
            },
            {
                "query": {
                    "x1": 2.648222508890915,
                    "x2": 0.3934728645546093
                },
                "metrics": {
                    "outcome": 0.030493156282950587
                },
                "metadata": {
                    "trials": 1
                }
            },
            {
                "query": {
                    "x1": 2.64700665231919,
                    "x2": 0.40896993656866343
                },
                "metrics": {
                    "outcome": 0.03154452647409407
                },
                "metadata": {
                    "trials": 1
                }
            },
            {
                "query": {
                    "x1": 2.64871058776865,
                    "x2": 0.3918530885028222
                },
                "metrics": {
                    "outcome": 0.03074497082555003
                },
                "metadata": {
                    "trials": 1
                }
            },
            {
                "query": {
                    "x1": 2.64929156972246,
                    "x2": 0.38856302466429504
                },
                "metrics": {
                    "outcome": 0.03156581307772076
                },
                "metadata": {
                    "trials": 1
                }
            },
            {
                "query": {
                    "x1": 2.6463612082059527,
                    "x2": 0.4244770626616976
                },
                "metrics": {
                    "outcome": 0.03978034420431441
                },
                "metadata": {
                    "trials": 1
                }
            }
        ],
        [
            {
                "query": {
                    "x1": 2.7175731309005773,
                    "x2": 0.4078569794070992
                },
                "metrics": {
                    "outcome": 0.020591320392281395
                },
                "metadata": {
                    "trials": 1
                }
            },
            {
                "query": {
                    "x1": 2.717672716584323,
                    "x2": 0.4012928449242521
                },
                "metrics": {
                    "outcome": 0.023934427816238356
                },
                "metadata": {
                    "trials": 1
                }
            },
            {
                "query": {
                    "x1": 2.718007262521761,
                    "x2": 0.4072092367851239
                },
                "metrics": {
                    "outcome": 0.02086126892962547
                },
                "metadata": {
                    "trials": 1
                }
            },
            {
                "query": {
                    "x1": 2.7175405030610813,
                    "x2": 0.4066696166387924
                },
                "metrics": {
                    "outcome": 0.021102781168715765
                },
                "metadata": {
                    "trials": 1
                }
            },
            {
                "query": {
                    "x1": 2.717359451866832,
                    "x2": 0.40945549142066984
                },
                "metrics": {
                    "outcome": 0.01997508198790187
                },
                "metadata": {
                    "trials": 1
                }
            },
            {
                "query": {
                    "x1": 2.717803513030992,
                    "x2": 0.41119120593029823
                },
                "metrics": {
                    "outcome": 0.01936635273508257
                },
                "metadata": {
                    "trials": 1
                }
            }
        ],
        [
            {
                "query": {
                    "x1": 2.7869588496824633,
                    "x2": 0.4206987169577241
                },
                "metrics": {
                    "outcome": 0.017092706708798575
                },
                "metadata": {
                    "trials": 1
                }
            },
            {
                "query": {
                    "x1": 2.787371555794733,
                    "x2": 0.4192190374672977
                },
                "metrics": {
                    "outcome": 0.018230790170610103
                },
                "metadata": {
                    "trials": 1
                }
            },
            {
                "query": {
                    "x1": 2.786072326984555,
                    "x2": 0.4445709916000773
                },
                "metrics": {
                    "outcome": 0.009476166950633016
                },
                "metadata": {
                    "trials": 1
                }
            },
            {
                "query": {
                    "x1": 2.786477321275478,
                    "x2": 0.4356016989842244
                },
                "metrics": {
                    "outcome": 0.010081606916988728
                },
                "metadata": {
                    "trials": 1
                }
            },
            {
                "query": {
                    "x1": 2.786627056585906,
                    "x2": 0.4328960855740327
                },
                "metrics": {
                    "outcome": 0.010809063205811178
                },
                "metadata": {
                    "trials": 1
                }
            },
            {
                "query": {
                    "x1": 2.7869089075756426,
                    "x2": 0.42534966972568533
                },
                "metrics": {
                    "outcome": 0.014133204670427762
                },
                "metadata": {
                    "trials": 1
                }
            }
        ],
        [
            {
                "query": {
                    "x1": 2.84025554859679,
                    "x2": 0.556982689704375
                },
                "metrics": {
                    "outcome": 0.2189473487640905
                },
                "metadata": {
                    "trials": 1
                }
            },
            {
                "query": {
                    "x1": 2.8402565676445874,
                    "x2": 0.5569780609419883
                },
                "metrics": {
                    "outcome": 0.21892463993295064
                },
                "metadata": {
                    "trials": 1
                }
            },
            {
                "query": {
                    "x1": 2.8402564871652443,
                    "x2": 0.5569804685658042
                },
                "metrics": {
                    "outcome": 0.21893597002813003
                },
                "metadata": {
                    "trials": 1
                }
            },
            {
                "query": {
                    "x1": 2.840258516984181,
                    "x2": 0.5569694511865446
                },
                "metrics": {
                    "outcome": 0.21888234615123253
                },
                "metadata": {
                    "trials": 1
                }
            },
            {
                "query": {
                    "x1": 2.8402594768458522,
                    "x2": 0.5569639648342077
                },
                "metrics": {
                    "outcome": 0.21885570030594564
                },
                "metadata": {
                    "trials": 1
                }
            },
            {
                "query": {
                    "x1": 2.840260775787935,
                    "x2": 0.5569570802430217
                },
                "metrics": {
                    "outcome": 0.21882216504867769
                },
                "metadata": {
                    "trials": 1
                }
            }
        ],
        [
            {
                "query": {
                    "x1": 2.8555957500811706,
                    "x2": 0.375250822208681
                },
                "metrics": {
                    "outcome": 0.12843487765085135
                },
                "metadata": {
                    "trials": 1
                }
            },
            {
                "query": {
                    "x1": 2.855598294355893,
                    "x2": 0.37525555263900223
                },
                "metrics": {
                    "outcome": 0.12842434549450127
                },
                "metadata": {
                    "trials": 1
                }
            },
            {
                "query": {
                    "x1": 2.855595268575775,
                    "x2": 0.37524705834840066
                },
                "metrics": {
                    "outcome": 0.12844457809590373
                },
                "metadata": {
                    "trials": 1
                }
            },
            {
                "query": {
                    "x1": 2.8555934315007514,
                    "x2": 0.3752457142477308
                },
                "metrics": {
                    "outcome": 0.12844661758160802
                },
                "metadata": {
                    "trials": 1
                }
            },
            {
                "query": {
                    "x1": 2.855595348351306,
                    "x2": 0.3752442156131881
                },
                "metrics": {
                    "outcome": 0.12845228419287774
                },
                "metadata": {
                    "trials": 1
                }
            },
            {
                "query": {
                    "x1": 2.8555936438970084,
                    "x2": 0.37524300744359707
                },
                "metrics": {
                    "outcome": 0.12845407196901626
                },
                "metadata": {
                    "trials": 1
                }
            }
        ]
    ],
    "best_results": [
        {
            "query": {
                "x1": 2.786072326984555,
                "x2": 0.4445709916000773
            },
            "metrics": [
                {
                    "name": "outcome",
                    "value": 0.009476166950633016
                }
            ]
        }
    ]
}