{
    "date": "04/11/2022 16:33:19",
    "basic_params": {
        "active_variables": [
            "x1",
            "x2"
        ],
        "default_query": {},
        "metric": "basic",
        "n_trials": 1
    },
    "objective_function": {
        "name": "Goldstein",
        "params": {}
    },
    "optimizer": {
        "name": "BBO-LP(LCBa)-FoD",
        "params": {
            "lower_bound": [
                -2.0,
                -2.0
            ],
            "upper_bound": [
                2.0,
                2.0
            ],
            "invert_metric": false,
            "bopt_params": {
                "n_init_samples": 15,
                "n_iterations": 45,
                "n_iter_relearn": 5,
                "verbose_level": 0,
                "n_parallel_samples": 3,
                "fixed_dataset_size": 50,
                "par_type": "PAR_BBO",
                "crit_name": "cLP(cLCBa)",
                "n_crit_params": 3,
                "crit_params": [
                    3,
                    1,
                    5.0
                ]
            }
        }
    },
    "iterations": [
        [
            {
                "query": {
                    "x1": 0.30422439202666274,
                    "x2": -1.4609690178806582
                },
                "metrics": {
                    "outcome": 688.8627290849116
                },
                "metadata": {
                    "trials": 1
                }
            }
        ],
        [
            {
                "query": {
                    "x1": 0.487244869271914,
                    "x2": -0.03491622532407446
                },
                "metrics": {
                    "outcome": 1013.2318058043724
                },
                "metadata": {
                    "trials": 1
                }
            }
        ],
        [
            {
                "query": {
                    "x1": -1.6156044752026597,
                    "x2": 0.9835986233005922
                },
                "metrics": {
                    "outcome": 43807.61561209812
                },
                "metadata": {
                    "trials": 1
                }
            }
        ],
        [
            {
                "query": {
                    "x1": -0.393478543497622,
                    "x2": -1.9763905492300788
                },
                "metrics": {
                    "outcome": 55867.97862495395
                },
                "metadata": {
                    "trials": 1
                }
            }
        ],
        [
            {
                "query": {
                    "x1": -1.0471537890533607,
                    "x2": -0.4243681354448199
                },
                "metrics": {
                    "outcome": 589.039967150902
                },
                "metadata": {
                    "trials": 1
                }
            }
        ],
        [
            {
                "query": {
                    "x1": 1.3518294631193082,
                    "x2": 0.7577806740378339
                },
                "metrics": {
                    "outcome": 908.156015259677
                },
                "metadata": {
                    "trials": 1
                }
            }
        ],
        [
            {
                "query": {
                    "x1": 1.1176905433336892,
                    "x2": -0.9137039079020421
                },
                "metrics": {
                    "outcome": 8452.772432853313
                },
                "metadata": {
                    "trials": 1
                }
            }
        ],
        [
            {
                "query": {
                    "x1": 1.5893345377097527,
                    "x2": 1.9478287539755303
                },
                "metrics": {
                    "outcome": 88964.6661569516
                },
                "metadata": {
                    "trials": 1
                }
            }
        ],
        [
            {
                "query": {
                    "x1": 1.9462927198658386,
                    "x2": 0.4349231140067178
                },
                "metrics": {
                    "outcome": 246.28350889289027
                },
                "metadata": {
                    "trials": 1
                }
            }
        ],
        [
            {
                "query": {
                    "x1": -0.43869249181201053,
                    "x2": 0.3040139268462858
                },
                "metrics": {
                    "outcome": 3503.9028347592807
                },
                "metadata": {
                    "trials": 1
                }
            }
        ],
        [
            {
                "query": {
                    "x1": -1.2614287046094734,
                    "x2": 1.22540578811119
                },
                "metrics": {
                    "outcome": 171454.40400307457
                },
                "metadata": {
                    "trials": 1
                }
            }
        ],
        [
            {
                "query": {
                    "x1": -0.8047042549277346,
                    "x2": -0.24395826309919366
                },
                "metrics": {
                    "outcome": 61.395898823971955
                },
                "metadata": {
                    "trials": 1
                }
            }
        ],
        [
            {
                "query": {
                    "x1": -1.7536309049154322,
                    "x2": -1.6671283471708496
                },
                "metrics": {
                    "outcome": 19018.550815029965
                },
                "metadata": {
                    "trials": 1
                }
            }
        ],
        [
            {
                "query": {
                    "x1": -0.12982566164185605,
                    "x2": 1.6675378786399961
                },
                "metrics": {
                    "outcome": 156892.18899110105
                },
                "metadata": {
                    "trials": 1
                }
            }
        ],
        [
            {
                "query": {
                    "x1": 0.8417275737350187,
                    "x2": -1.033679989601175
                },
                "metrics": {
                    "outcome": 3986.595249986986
                },
                "metadata": {
                    "trials": 1
                }
            }
        ],
        [
            {
                "query": {
                    "x1": 0.0,
                    "x2": -1.3333333333333333
                },
                "metrics": {
                    "outcome": 358.2222222222221
                },
                "metadata": {
                    "trials": 1
                }
            },
            {
                "query": {
                    "x1": 0.0,
                    "x2": -1.3333333333333333
                },
                "metrics": {
                    "outcome": 358.2222222222221
                },
                "metadata": {
                    "trials": 1
                }
            },
            {
                "query": {
                    "x1": 0.0,
                    "x2": -1.3333333333333333
                },
                "metrics": {
                    "outcome": 358.2222222222221
                },
                "metadata": {
                    "trials": 1
                }
            }
        ],
        [
            {
                "query": {
                    "x1": 1.963928894792161,
                    "x2": -1.3899803065167693
                },
                "metrics": {
                    "outcome": 171857.64991210616
                },
                "metadata": {
                    "trials": 1
                }
            },
            {
                "query": {
                    "x1": 1.963928894792161,
                    "x2": -1.3899803065167693
                },
                "metrics": {
                    "outcome": 171857.64991210616
                },
                "metadata": {
                    "trials": 1
                }
            },
            {
                "query": {
                    "x1": 1.963928894792161,
                    "x2": -1.3899803065167693
                },
                "metrics": {
                    "outcome": 171857.64991210616
                },
                "metadata": {
                    "trials": 1
                }
            }
        ],
        [
            {
                "query": {
                    "x1": -1.3333333333333333,
                    "x2": -0.8888888888888888
                },
                "metrics": {
                    "outcome": 2939.6433470507545
                },
                "metadata": {
                    "trials": 1
                }
            },
            {
                "query": {
                    "x1": -1.3333333333333333,
                    "x2": -0.8888888888888888
                },
                "metrics": {
                    "outcome": 2939.6433470507545
                },
                "metadata": {
                    "trials": 1
                }
            },
            {
                "query": {
                    "x1": -1.3333333333333333,
                    "x2": -0.8888888888888888
                },
                "metrics": {
                    "outcome": 2939.6433470507545
                },
                "metadata": {
                    "trials": 1
                }
            }
        ],
        [
            {
                "query": {
                    "x1": -1.7777777777777777,
                    "x2": -0.8333333333333333
                },
                "metrics": {
                    "outcome": 14395.752238607723
                },
                "metadata": {
                    "trials": 1
                }
            },
            {
                "query": {
                    "x1": -1.7777777777777777,
                    "x2": -0.8333333333333333
                },
                "metrics": {
                    "outcome": 14395.752238607723
                },
                "metadata": {
                    "trials": 1
                }
            },
            {
                "query": {
                    "x1": -1.7777777777777777,
                    "x2": -0.8333333333333333
                },
                "metrics": {
                    "outcome": 14395.752238607723
                },
                "metadata": {
                    "trials": 1
                }
            }
        ],
        [
            {
                "query": {
                    "x1": -1.9734434456677101,
                    "x2": -1.2996996936335177
                },
                "metrics": {
                    "outcome": 15082.49585801699
                },
                "metadata": {
                    "trials": 1
                }
            },
            {
                "query": {
                    "x1": -1.9734434456677101,
                    "x2": -1.2996996936335177
                },
                "metrics": {
                    "outcome": 15082.49585801699
                },
                "metadata": {
                    "trials": 1
                }
            },
            {
                "query": {
                    "x1": -1.9734434456677101,
                    "x2": -1.2996996936335177
                },
                "metrics": {
                    "outcome": 15082.49585801699
                },
                "metadata": {
                    "trials": 1
                }
            }
        ],
        [
            {
                "query": {
                    "x1": 0.0,
                    "x2": -0.8888888888888888
                },
                "metrics": {
                    "outcome": 8.924791275042775
                },
                "metadata": {
                    "trials": 1
                }
            },
            {
                "query": {
                    "x1": 0.0,
                    "x2": -0.8888888888888888
                },
                "metrics": {
                    "outcome": 8.924791275042775
                },
                "metadata": {
                    "trials": 1
                }
            },
            {
                "query": {
                    "x1": 0.0,
                    "x2": -0.8888888888888888
                },
                "metrics": {
                    "outcome": 8.924791275042775
                },
                "metadata": {
                    "trials": 1
                }
            }
        ],
        [
            {
                "query": {
                    "x1": 0.44444444444444464,
                    "x2": -0.8888888888888888
                },
                "metrics": {
                    "outcome": 159.8574926996188
                },
                "metadata": {
                    "trials": 1
                }
            },
            {
                "query": {
                    "x1": 0.44444444444444464,
                    "x2": -0.8888888888888888
                },
                "metrics": {
                    "outcome": 159.8574926996188
                },
                "metadata": {
                    "trials": 1
                }
            },
            {
                "query": {
                    "x1": 0.44444444444444464,
                    "x2": -0.8888888888888888
                },
                "metrics": {
                    "outcome": 159.8574926996188
                },
                "metadata": {
                    "trials": 1
                }
            }
        ],
        [
            {
                "query": {
                    "x1": -0.4444444444444444,
                    "x2": -0.8888888888888888
                },
                "metrics": {
                    "outcome": 155.74902199867904
                },
                "metadata": {
                    "trials": 1
                }
            },
            {
                "query": {
                    "x1": -0.4444444444444444,
                    "x2": -0.8888888888888888
                },
                "metrics": {
                    "outcome": 155.74902199867904
                },
                "metadata": {
                    "trials": 1
                }
            },
            {
                "query": {
                    "x1": -0.4444444444444444,
                    "x2": -0.8888888888888888
                },
                "metrics": {
                    "outcome": 155.74902199867904
                },
                "metadata": {
                    "trials": 1
                }
            }
        ],
        [
            {
                "query": {
                    "x1": 0.0,
                    "x2": -1.037037037037037
                },
                "metrics": {
                    "outcome": 3.6473578040422234
                },
                "metadata": {
                    "trials": 1
                }
            },
            {
                "query": {
                    "x1": 0.0,
                    "x2": -1.037037037037037
                },
                "metrics": {
                    "outcome": 3.6473578040422234
                },
                "metadata": {
                    "trials": 1
                }
            },
            {
                "query": {
                    "x1": 0.0,
                    "x2": -1.037037037037037
                },
                "metrics": {
                    "outcome": 3.6473578040422234
                },
                "metadata": {
                    "trials": 1
                }
            }
        ],
        [
            {
                "query": {
                    "x1": 0.14814814814814792,
                    "x2": -1.037037037037037
                },
                "metrics": {
                    "outcome": 14.756387858464482
                },
                "metadata": {
                    "trials": 1
                }
            },
            {
                "query": {
                    "x1": 0.14814814814814792,
                    "x2": -1.037037037037037
                },
                "metrics": {
                    "outcome": 14.756387858464482
                },
                "metadata": {
                    "trials": 1
                }
            },
            {
                "query": {
                    "x1": 0.14814814814814792,
                    "x2": -1.037037037037037
                },
                "metrics": {
                    "outcome": 14.756387858464482
                },
                "metadata": {
                    "trials": 1
                }
            }
        ],
        [
            {
                "query": {
                    "x1": -0.6419753086419753,
                    "x2": -0.9876543209876543
                },
                "metrics": {
                    "outcome": 598.2682867444291
                },
                "metadata": {
                    "trials": 1
                }
            },
            {
                "query": {
                    "x1": -0.6419753086419753,
                    "x2": -0.9876543209876543
                },
                "metrics": {
                    "outcome": 598.2682867444291
                },
                "metadata": {
                    "trials": 1
                }
            },
            {
                "query": {
                    "x1": -0.6419753086419753,
                    "x2": -0.9876543209876543
                },
                "metrics": {
                    "outcome": 598.2682867444291
                },
                "metadata": {
                    "trials": 1
                }
            }
        ],
        [
            {
                "query": {
                    "x1": -1.7777777777777777,
                    "x2": 0.5925925925925926
                },
                "metrics": {
                    "outcome": 12763.355612800326
                },
                "metadata": {
                    "trials": 1
                }
            },
            {
                "query": {
                    "x1": -1.7777777777777777,
                    "x2": 0.5925925925925926
                },
                "metrics": {
                    "outcome": 12763.355612800326
                },
                "metadata": {
                    "trials": 1
                }
            },
            {
                "query": {
                    "x1": -1.7777777777777777,
                    "x2": 0.5925925925925926
                },
                "metrics": {
                    "outcome": 12763.355612800326
                },
                "metadata": {
                    "trials": 1
                }
            }
        ],
        [
            {
                "query": {
                    "x1": -0.4444444444444444,
                    "x2": -1.3333333333333333
                },
                "metrics": {
                    "outcome": 115.57942859341367
                },
                "metadata": {
                    "trials": 1
                }
            },
            {
                "query": {
                    "x1": -0.4444444444444444,
                    "x2": -1.3333333333333333
                },
                "metrics": {
                    "outcome": 115.57942859341367
                },
                "metadata": {
                    "trials": 1
                }
            },
            {
                "query": {
                    "x1": -0.4444444444444444,
                    "x2": -1.3333333333333333
                },
                "metrics": {
                    "outcome": 115.57942859341367
                },
                "metadata": {
                    "trials": 1
                }
            }
        ],
        [
            {
                "query": {
                    "x1": -1.8686886723926608,
                    "x2": 0.07071067811865461
                },
                "metrics": {
                    "outcome": 71538.60857904294
                },
                "metadata": {
                    "trials": 1
                }
            },
            {
                "query": {
                    "x1": -1.8686886723926608,
                    "x2": 0.07071067811865461
                },
                "metrics": {
                    "outcome": 71538.60857904294
                },
                "metadata": {
                    "trials": 1
                }
            },
            {
                "query": {
                    "x1": -1.8686886723926608,
                    "x2": 0.07071067811865461
                },
                "metrics": {
                    "outcome": 71538.60857904294
                },
                "metadata": {
                    "trials": 1
                }
            }
        ],
        [
            {
                "query": {
                    "x1": 0.0,
                    "x2": 0.0
                },
                "metrics": {
                    "outcome": 600.0
                },
                "metadata": {
                    "trials": 1
                }
            },
            {
                "query": {
                    "x1": 0.0,
                    "x2": 0.0
                },
                "metrics": {
                    "outcome": 600.0
                },
                "metadata": {
                    "trials": 1
                }
            },
            {
                "query": {
                    "x1": 0.0,
                    "x2": 0.0
                },
                "metrics": {
                    "outcome": 600.0
                },
                "metadata": {
                    "trials": 1
                }
            }
        ],
        [
            {
                "query": {
                    "x1": 1.333333333333333,
                    "x2": 0.0
                },
                "metrics": {
                    "outcome": 200.5486968449937
                },
                "metadata": {
                    "trials": 1
                }
            },
            {
                "query": {
                    "x1": 1.333333333333333,
                    "x2": 0.0
                },
                "metrics": {
                    "outcome": 200.5486968449937
                },
                "metadata": {
                    "trials": 1
                }
            },
            {
                "query": {
                    "x1": 1.333333333333333,
                    "x2": 0.0
                },
                "metrics": {
                    "outcome": 200.5486968449937
                },
                "metadata": {
                    "trials": 1
                }
            }
        ],
        [
            {
                "query": {
                    "x1": 0.08230452674897082,
                    "x2": -0.691358024691358
                },
                "metrics": {
                    "outcome": 86.29576081595933
                },
                "metadata": {
                    "trials": 1
                }
            },
            {
                "query": {
                    "x1": 0.08230452674897082,
                    "x2": -0.691358024691358
                },
                "metrics": {
                    "outcome": 86.29576081595933
                },
                "metadata": {
                    "trials": 1
                }
            },
            {
                "query": {
                    "x1": 0.08230452674897082,
                    "x2": -0.691358024691358
                },
                "metrics": {
                    "outcome": 86.29576081595933
                },
                "metadata": {
                    "trials": 1
                }
            }
        ],
        [
            {
                "query": {
                    "x1": -1.632158141398846,
                    "x2": 1.999930299259686
                },
                "metrics": {
                    "outcome": 1007070.4625765556
                },
                "metadata": {
                    "trials": 1
                }
            },
            {
                "query": {
                    "x1": -1.632158141398846,
                    "x2": 1.999930299259686
                },
                "metrics": {
                    "outcome": 1007070.4625765556
                },
                "metadata": {
                    "trials": 1
                }
            },
            {
                "query": {
                    "x1": -1.632158141398846,
                    "x2": 1.999930299259686
                },
                "metrics": {
                    "outcome": 1007070.4625765556
                },
                "metadata": {
                    "trials": 1
                }
            }
        ],
        [
            {
                "query": {
                    "x1": -0.14483639764338863,
                    "x2": -1.63430452273823
                },
                "metrics": {
                    "outcome": 6716.711907513256
                },
                "metadata": {
                    "trials": 1
                }
            },
            {
                "query": {
                    "x1": -0.14483640764338856,
                    "x2": -1.6343045501653888
                },
                "metrics": {
                    "outcome": 6716.713317822291
                },
                "metadata": {
                    "trials": 1
                }
            },
            {
                "query": {
                    "x1": -0.14483686225485104,
                    "x2": -1.63430452273823
                },
                "metrics": {
                    "outcome": 6716.711056249912
                },
                "metadata": {
                    "trials": 1
                }
            }
        ],
        [
            {
                "query": {
                    "x1": 0.044836160590296714,
                    "x2": -1.0001499484288312
                },
                "metrics": {
                    "outcome": 3.5391132645560055
                },
                "metadata": {
                    "trials": 1
                }
            },
            {
                "query": {
                    "x1": 0.03909510813804129,
                    "x2": -1.0018064693822364
                },
                "metrics": {
                    "outcome": 3.423488878516036
                },
                "metadata": {
                    "trials": 1
                }
            },
            {
                "query": {
                    "x1": 0.02245361975012994,
                    "x2": -0.993673219860036
                },
                "metrics": {
                    "outcome": 3.1133031119974355
                },
                "metadata": {
                    "trials": 1
                }
            }
        ],
        [
            {
                "query": {
                    "x1": 0.007351965358518342,
                    "x2": -1.004301533768213
                },
                "metrics": {
                    "outcome": 3.0288755119464152
                },
                "metadata": {
                    "trials": 1
                }
            },
            {
                "query": {
                    "x1": 0.008042764508235933,
                    "x2": -1.0128595020976987
                },
                "metrics": {
                    "outcome": 3.1134725866076534
                },
                "metadata": {
                    "trials": 1
                }
            },
            {
                "query": {
                    "x1": 0.0069001615724921805,
                    "x2": -0.9987875912583561
                },
                "metrics": {
                    "outcome": 3.010824127864177
                },
                "metadata": {
                    "trials": 1
                }
            }
        ],
        [
            {
                "query": {
                    "x1": 2.0,
                    "x2": 2.0
                },
                "metrics": {
                    "outcome": 76728.0
                },
                "metadata": {
                    "trials": 1
                }
            },
            {
                "query": {
                    "x1": 1.9999987112469766,
                    "x2": 2.0
                },
                "metrics": {
                    "outcome": 76728.12712259468
                },
                "metadata": {
                    "trials": 1
                }
            },
            {
                "query": {
                    "x1": 1.9999974224808912,
                    "x2": 1.9999999999999996
                },
                "metrics": {
                    "outcome": 76728.25424647042
                },
                "metadata": {
                    "trials": 1
                }
            }
        ],
        [
            {
                "query": {
                    "x1": 0.04057449999344209,
                    "x2": -0.9957249632405563
                },
                "metrics": {
                    "outcome": 3.398684604015483
                },
                "metadata": {
                    "trials": 1
                }
            },
            {
                "query": {
                    "x1": 0.0334337018680535,
                    "x2": -0.9957103064563588
                },
                "metrics": {
                    "outcome": 3.2640559045446516
                },
                "metadata": {
                    "trials": 1
                }
            },
            {
                "query": {
                    "x1": 0.03342004407972565,
                    "x2": -0.9957180136318211
                },
                "metrics": {
                    "outcome": 3.263863315849328
                },
                "metadata": {
                    "trials": 1
                }
            }
        ],
        [
            {
                "query": {
                    "x1": 0.0,
                    "x2": 1.333333333333333
                },
                "metrics": {
                    "outcome": 67207.40740740734
                },
                "metadata": {
                    "trials": 1
                }
            },
            {
                "query": {
                    "x1": -1.3333333333333333,
                    "x2": 1.333333333333333
                },
                "metrics": {
                    "outcome": 229933.33333333326
                },
                "metadata": {
                    "trials": 1
                }
            },
            {
                "query": {
                    "x1": 1.333333333333333,
                    "x2": 1.333333333333333
                },
                "metrics": {
                    "outcome": 4522.1728395061655
                },
                "metadata": {
                    "trials": 1
                }
            }
        ],
        [
            {
                "query": {
                    "x1": 1.333333333333333,
                    "x2": 1.0
                },
                "metrics": {
                    "outcome": 999.4334705075445
                },
                "metadata": {
                    "trials": 1
                }
            },
            {
                "query": {
                    "x1": 1.333333333333333,
                    "x2": 1.0
                },
                "metrics": {
                    "outcome": 999.4334705075445
                },
                "metadata": {
                    "trials": 1
                }
            },
            {
                "query": {
                    "x1": 1.333333333333333,
                    "x2": 1.0
                },
                "metrics": {
                    "outcome": 999.4334705075445
                },
                "metadata": {
                    "trials": 1
                }
            }
        ],
        [
            {
                "query": {
                    "x1": 0.833333333333333,
                    "x2": 0.0
                },
                "metrics": {
                    "outcome": 949.2819787379976
                },
                "metadata": {
                    "trials": 1
                }
            },
            {
                "query": {
                    "x1": 0.833333333333333,
                    "x2": 0.0
                },
                "metrics": {
                    "outcome": 949.2819787379976
                },
                "metadata": {
                    "trials": 1
                }
            },
            {
                "query": {
                    "x1": 0.833333333333333,
                    "x2": 0.0
                },
                "metrics": {
                    "outcome": 949.2819787379976
                },
                "metadata": {
                    "trials": 1
                }
            }
        ],
        [
            {
                "query": {
                    "x1": 1.960193696405772,
                    "x2": -0.12490322633702755
                },
                "metrics": {
                    "outcome": 3275.7613345342197
                },
                "metadata": {
                    "trials": 1
                }
            },
            {
                "query": {
                    "x1": 1.960193696405772,
                    "x2": -0.12490322633702755
                },
                "metrics": {
                    "outcome": 3275.7613345342197
                },
                "metadata": {
                    "trials": 1
                }
            },
            {
                "query": {
                    "x1": 1.960193696405772,
                    "x2": -0.12490322633702755
                },
                "metrics": {
                    "outcome": 3275.7613345342197
                },
                "metadata": {
                    "trials": 1
                }
            }
        ],
        [
            {
                "query": {
                    "x1": -0.03975706130616308,
                    "x2": -1.0401428505437362
                },
                "metrics": {
                    "outcome": 3.7968882279298817
                },
                "metadata": {
                    "trials": 1
                }
            },
            {
                "query": {
                    "x1": -0.03685167681295587,
                    "x2": -1.040434374952599
                },
                "metrics": {
                    "outcome": 3.7756456297848526
                },
                "metadata": {
                    "trials": 1
                }
            },
            {
                "query": {
                    "x1": -0.03717149536006081,
                    "x2": -1.0363706172904308
                },
                "metrics": {
                    "outcome": 3.661599136005987
                },
                "metadata": {
                    "trials": 1
                }
            }
        ],
        [
            {
                "query": {
                    "x1": 0.010990942653319014,
                    "x2": -1.0050869116205274
                },
                "metrics": {
                    "outcome": 3.0547873852314296
                },
                "metadata": {
                    "trials": 1
                }
            },
            {
                "query": {
                    "x1": 0.011006455481616495,
                    "x2": -1.0050763503941935
                },
                "metrics": {
                    "outcome": 3.0548192875082427
                },
                "metadata": {
                    "trials": 1
                }
            },
            {
                "query": {
                    "x1": 0.010987763768250502,
                    "x2": -1.0050887055196123
                },
                "metrics": {
                    "outcome": 3.0547782677439996
                },
                "metadata": {
                    "trials": 1
                }
            }
        ],
        [
            {
                "query": {
                    "x1": 0.012646641291149674,
                    "x2": -1.0040422878023467
                },
                "metrics": {
                    "outcome": 3.059557575723413
                },
                "metadata": {
                    "trials": 1
                }
            },
            {
                "query": {
                    "x1": 0.01265915705773013,
                    "x2": -1.0040387320977198
                },
                "metrics": {
                    "outcome": 3.0596277995047583
                },
                "metadata": {
                    "trials": 1
                }
            },
            {
                "query": {
                    "x1": 0.012708876775134659,
                    "x2": -1.0040197862087115
                },
                "metrics": {
                    "outcome": 3.0598762512535815
                },
                "metadata": {
                    "trials": 1
                }
            }
        ],
        [
            {
                "query": {
                    "x1": -0.029403819997797065,
                    "x2": -1.0250908278154112
                },
                "metrics": {
                    "outcome": 3.341447041518627
                },
                "metadata": {
                    "trials": 1
                }
            },
            {
                "query": {
                    "x1": -0.0295048252975878,
                    "x2": -1.0258360277328462
                },
                "metrics": {
                    "outcome": 3.354876153061834
                },
                "metadata": {
                    "trials": 1
                }
            },
            {
                "query": {
                    "x1": -0.031620125438491575,
                    "x2": -1.0271761132352974
                },
                "metrics": {
                    "outcome": 3.399385423493795
                },
                "metadata": {
                    "trials": 1
                }
            }
        ],
        [
            {
                "query": {
                    "x1": 0.015448737891099018,
                    "x2": -1.0045459574555906
                },
                "metrics": {
                    "outcome": 3.0862523924360716
                },
                "metadata": {
                    "trials": 1
                }
            },
            {
                "query": {
                    "x1": 0.015448884701540155,
                    "x2": -1.0045459230975906
                },
                "metrics": {
                    "outcome": 3.0862534621092443
                },
                "metadata": {
                    "trials": 1
                }
            },
            {
                "query": {
                    "x1": 0.015448520221806206,
                    "x2": -1.0045460329890552
                },
                "metrics": {
                    "outcome": 3.0862509941797245
                },
                "metadata": {
                    "trials": 1
                }
            }
        ],
        [
            {
                "query": {
                    "x1": 0.0149036156774911,
                    "x2": -1.0047310943340233
                },
                "metrics": {
                    "outcome": 3.0827899430441703
                },
                "metadata": {
                    "trials": 1
                }
            },
            {
                "query": {
                    "x1": 0.014902768924217824,
                    "x2": -1.0047320287150379
                },
                "metrics": {
                    "outcome": 3.082789629450769
                },
                "metadata": {
                    "trials": 1
                }
            },
            {
                "query": {
                    "x1": 0.014902568123356552,
                    "x2": -1.0047321357452714
                },
                "metrics": {
                    "outcome": 3.082788677467947
                },
                "metadata": {
                    "trials": 1
                }
            }
        ],
        [
            {
                "query": {
                    "x1": 0.014118948251392371,
                    "x2": -1.0044228342508452
                },
                "metrics": {
                    "outcome": 3.073771743806112
                },
                "metadata": {
                    "trials": 1
                }
            },
            {
                "query": {
                    "x1": 0.01411905660669932,
                    "x2": -1.0044231919687756
                },
                "metrics": {
                    "outcome": 3.073775217448595
                },
                "metadata": {
                    "trials": 1
                }
            },
            {
                "query": {
                    "x1": 0.014119157035061836,
                    "x2": -1.004422874037924
                },
                "metrics": {
                    "outcome": 3.0737737684737567
                },
                "metadata": {
                    "trials": 1
                }
            }
        ],
        [
            {
                "query": {
                    "x1": 0.01402933584014443,
                    "x2": -1.0045189083882713
                },
                "metrics": {
                    "outcome": 3.073720213413366
                },
                "metadata": {
                    "trials": 1
                }
            },
            {
                "query": {
                    "x1": 0.014028654592728174,
                    "x2": -1.004519306266181
                },
                "metrics": {
                    "outcome": 3.0737174421639284
                },
                "metadata": {
                    "trials": 1
                }
            },
            {
                "query": {
                    "x1": 0.014028860050030012,
                    "x2": -1.0045191328152756
                },
                "metrics": {
                    "outcome": 3.07371789025414
                },
                "metadata": {
                    "trials": 1
                }
            }
        ],
        [
            {
                "query": {
                    "x1": -0.0010179394871352443,
                    "x2": -0.9852771005321124
                },
                "metrics": {
                    "outcome": 3.0955295783505563
                },
                "metadata": {
                    "trials": 1
                }
            },
            {
                "query": {
                    "x1": -0.0010175647904091534,
                    "x2": -0.9852764149867319
                },
                "metrics": {
                    "outcome": 3.0955369698669957
                },
                "metadata": {
                    "trials": 1
                }
            },
            {
                "query": {
                    "x1": -0.001016846269295657,
                    "x2": -0.9852771157835516
                },
                "metrics": {
                    "outcome": 3.0955256215837714
                },
                "metadata": {
                    "trials": 1
                }
            }
        ],
        [
            {
                "query": {
                    "x1": 1.9259259259259256,
                    "x2": 0.8888888888888884
                },
                "metrics": {
                    "outcome": 1725.8617559066477
                },
                "metadata": {
                    "trials": 1
                }
            },
            {
                "query": {
                    "x1": 1.9259259259259256,
                    "x2": 0.8888888888888884
                },
                "metrics": {
                    "outcome": 1725.8617559066477
                },
                "metadata": {
                    "trials": 1
                }
            },
            {
                "query": {
                    "x1": 1.9259259259259256,
                    "x2": 0.8888888888888884
                },
                "metrics": {
                    "outcome": 1725.8617559066477
                },
                "metadata": {
                    "trials": 1
                }
            }
        ],
        [
            {
                "query": {
                    "x1": 2.0,
                    "x2": -1.99999999999997
                },
                "metrics": {
                    "outcome": 316599.99999999785
                },
                "metadata": {
                    "trials": 1
                }
            },
            {
                "query": {
                    "x1": 1.9999925480339398,
                    "x2": -2.0
                },
                "metrics": {
                    "outcome": 316594.91539533884
                },
                "metadata": {
                    "trials": 1
                }
            },
            {
                "query": {
                    "x1": 1.999985114874236,
                    "x2": -2.0
                },
                "metrics": {
                    "outcome": 316589.84366406326
                },
                "metadata": {
                    "trials": 1
                }
            }
        ],
        [
            {
                "query": {
                    "x1": -1.9999300352480056,
                    "x2": -0.47104258789289544
                },
                "metrics": {
                    "outcome": 87959.30318734364
                },
                "metadata": {
                    "trials": 1
                }
            },
            {
                "query": {
                    "x1": -1.9999300004219993,
                    "x2": -0.4710165129350765
                },
                "metrics": {
                    "outcome": 87962.89840366296
                },
                "metadata": {
                    "trials": 1
                }
            },
            {
                "query": {
                    "x1": -1.999900005289162,
                    "x2": -0.471018612176906
                },
                "metrics": {
                    "outcome": 87952.14975730146
                },
                "metadata": {
                    "trials": 1
                }
            }
        ],
        [
            {
                "query": {
                    "x1": 1.333333333333333,
                    "x2": 0.0
                },
                "metrics": {
                    "outcome": 200.5486968449937
                },
                "metadata": {
                    "trials": 1
                }
            },
            {
                "query": {
                    "x1": 1.333333333333333,
                    "x2": 0.0
                },
                "metrics": {
                    "outcome": 200.5486968449937
                },
                "metadata": {
                    "trials": 1
                }
            },
            {
                "query": {
                    "x1": 1.333333333333333,
                    "x2": 0.0
                },
                "metrics": {
                    "outcome": 200.5486968449937
                },
                "metadata": {
                    "trials": 1
                }
            }
        ],
        [
            {
                "query": {
                    "x1": 0.0,
                    "x2": 0.0
                },
                "metrics": {
                    "outcome": 600.0
                },
                "metadata": {
                    "trials": 1
                }
            },
            {
                "query": {
                    "x1": -1.3333333333333333,
                    "x2": 0.0
                },
                "metrics": {
                    "outcome": 3542.4197530864185
                },
                "metadata": {
                    "trials": 1
                }
            },
            {
                "query": {
                    "x1": 0.0,
                    "x2": -1.3333333333333333
                },
                "metrics": {
                    "outcome": 358.2222222222221
                },
                "metadata": {
                    "trials": 1
                }
            }
        ],
        [
            {
                "query": {
                    "x1": 0.0,
                    "x2": 1.333333333333333
                },
                "metrics": {
                    "outcome": 67207.40740740734
                },
                "metadata": {
                    "trials": 1
                }
            },
            {
                "query": {
                    "x1": -1.3333333333333333,
                    "x2": 1.333333333333333
                },
                "metrics": {
                    "outcome": 229933.33333333326
                },
                "metadata": {
                    "trials": 1
                }
            },
            {
                "query": {
                    "x1": 1.333333333333333,
                    "x2": 1.333333333333333
                },
                "metrics": {
                    "outcome": 4522.1728395061655
                },
                "metadata": {
                    "trials": 1
                }
            }
        ],
        [
            {
                "query": {
                    "x1": 1.8302880845856433,
                    "x2": -1.6346584718192154
                },
                "metrics": {
                    "outcome": 181612.85182090677
                },
                "metadata": {
                    "trials": 1
                }
            },
            {
                "query": {
                    "x1": 1.7350912141742079,
                    "x2": -1.6399493552581632
                },
                "metrics": {
                    "outcome": 149176.80586667024
                },
                "metadata": {
                    "trials": 1
                }
            },
            {
                "query": {
                    "x1": 1.7663621417918973,
                    "x2": -1.630132513848588
                },
                "metrics": {
                    "outcome": 158422.44260025924
                },
                "metadata": {
                    "trials": 1
                }
            }
        ],
        [
            {
                "query": {
                    "x1": 0.04668742133878778,
                    "x2": -0.9617312805248646
                },
                "metrics": {
                    "outcome": 3.76355938322791
                },
                "metadata": {
                    "trials": 1
                }
            },
            {
                "query": {
                    "x1": 0.045909820497560094,
                    "x2": -0.9601474439440956
                },
                "metrics": {
                    "outcome": 3.7911542295212697
                },
                "metadata": {
                    "trials": 1
                }
            },
            {
                "query": {
                    "x1": 0.05257376222773269,
                    "x2": -0.9603006956605964
                },
                "metrics": {
                    "outcome": 3.882035372709076
                },
                "metadata": {
                    "trials": 1
                }
            }
        ],
        [
            {
                "query": {
                    "x1": 0.010653540076844159,
                    "x2": -0.993052158362568
                },
                "metrics": {
                    "outcome": 3.033140836413501
                },
                "metadata": {
                    "trials": 1
                }
            },
            {
                "query": {
                    "x1": 0.010653550025367498,
                    "x2": -0.9930524850273517
                },
                "metrics": {
                    "outcome": 3.0331396836879465
                },
                "metadata": {
                    "trials": 1
                }
            },
            {
                "query": {
                    "x1": 0.010654168713926104,
                    "x2": -0.9930523401589444
                },
                "metrics": {
                    "outcome": 3.0331425714231695
                },
                "metadata": {
                    "trials": 1
                }
            }
        ]
    ],
    "best_results": [
        {
            "query": {
                "x1": 0.0069001615724921805,
                "x2": -0.9987875912583561
            },
            "metrics": [
                {
                    "name": "outcome",
                    "value": 3.010824127864177
                }
            ]
        }
    ]
}