{
    "date": "04/11/2022 16:39:50",
    "basic_params": {
        "active_variables": [
            "x1",
            "x2"
        ],
        "default_query": {},
        "metric": "basic",
        "n_trials": 1
    },
    "objective_function": {
        "name": "Branin",
        "params": {}
    },
    "optimizer": {
        "name": "BO",
        "params": {
            "lower_bound": [
                -5.0,
                0.0
            ],
            "upper_bound": [
                10.0,
                15.0
            ],
            "invert_metric": false,
            "bopt_params": {
                "n_iterations": 140,
                "n_init_samples": 10
            }
        }
    },
    "iterations": [
        [
            {
                "query": {
                    "x1": 2.683156772283838,
                    "x2": 4.336777068441734
                },
                "metrics": {
                    "outcome": 4.202049767695686
                },
                "metadata": {
                    "trials": 1
                }
            }
        ],
        [
            {
                "query": {
                    "x1": -2.9876824773382396,
                    "x2": 6.366038889857009
                },
                "metrics": {
                    "outcome": 31.22668837144403
                },
                "metadata": {
                    "trials": 1
                }
            }
        ],
        [
            {
                "query": {
                    "x1": -4.677744935499504,
                    "x2": 1.3919466014485806
                },
                "metrics": {
                    "outcome": 231.0711086252007
                },
                "metadata": {
                    "trials": 1
                }
            }
        ],
        [
            {
                "query": {
                    "x1": -0.3588418086292222,
                    "x2": 13.676860325387679
                },
                "metrics": {
                    "outcome": 69.24599441306748
                },
                "metadata": {
                    "trials": 1
                }
            }
        ],
        [
            {
                "query": {
                    "x1": 9.186665141372941,
                    "x2": 2.926650232169777
                },
                "metrics": {
                    "outcome": 1.0850684841990663
                },
                "metadata": {
                    "trials": 1
                }
            }
        ],
        [
            {
                "query": {
                    "x1": 6.177868019673042,
                    "x2": 5.764784754719585
                },
                "metrics": {
                    "outcome": 41.327038174184835
                },
                "metadata": {
                    "trials": 1
                }
            }
        ],
        [
            {
                "query": {
                    "x1": -1.559232862200588,
                    "x2": 9.519888304173946
                },
                "metrics": {
                    "outcome": 10.635522682491432
                },
                "metadata": {
                    "trials": 1
                }
            }
        ],
        [
            {
                "query": {
                    "x1": 2.4464794863015413,
                    "x2": 11.309865429298952
                },
                "metrics": {
                    "outcome": 73.69664901563672
                },
                "metadata": {
                    "trials": 1
                }
            }
        ],
        [
            {
                "query": {
                    "x1": 7.70146246382501,
                    "x2": 13.381808737060055
                },
                "metrics": {
                    "outcome": 154.90275592027731
                },
                "metadata": {
                    "trials": 1
                }
            }
        ],
        [
            {
                "query": {
                    "x1": 5.275235173641704,
                    "x2": 8.445524829556234
                },
                "metrics": {
                    "outcome": 67.6334082593583
                },
                "metadata": {
                    "trials": 1
                }
            }
        ],
        [
            {
                "query": {
                    "x1": 10.0,
                    "x2": 2.4894664549671406
                },
                "metrics": {
                    "outcome": 2.2068127972808824
                },
                "metadata": {
                    "trials": 1
                }
            }
        ],
        [
            {
                "query": {
                    "x1": -5.0,
                    "x2": 9.56033544077615
                },
                "metrics": {
                    "outcome": 70.8952581024141
                },
                "metadata": {
                    "trials": 1
                }
            }
        ],
        [
            {
                "query": {
                    "x1": 8.228298416963964,
                    "x2": 3.07182002253802
                },
                "metrics": {
                    "outcome": 8.508754296776678
                },
                "metadata": {
                    "trials": 1
                }
            }
        ],
        [
            {
                "query": {
                    "x1": 9.368914826083419,
                    "x2": 3.1021449311387252
                },
                "metrics": {
                    "outcome": 0.8669581192517501
                },
                "metadata": {
                    "trials": 1
                }
            }
        ],
        [
            {
                "query": {
                    "x1": 9.54626191838759,
                    "x2": 2.941183966284161
                },
                "metrics": {
                    "outcome": 0.5995574361115459
                },
                "metadata": {
                    "trials": 1
                }
            }
        ],
        [
            {
                "query": {
                    "x1": 9.577587158461117,
                    "x2": 3.018044103840365
                },
                "metrics": {
                    "outcome": 0.6788048511707991
                },
                "metadata": {
                    "trials": 1
                }
            }
        ],
        [
            {
                "query": {
                    "x1": 9.50571313822704,
                    "x2": 2.9161552226579177
                },
                "metrics": {
                    "outcome": 0.5677321443236405
                },
                "metadata": {
                    "trials": 1
                }
            }
        ],
        [
            {
                "query": {
                    "x1": 9.505578751146947,
                    "x2": 2.8780933034216085
                },
                "metrics": {
                    "outcome": 0.5408332270213325
                },
                "metadata": {
                    "trials": 1
                }
            }
        ],
        [
            {
                "query": {
                    "x1": 9.504487179890472,
                    "x2": 2.8333153857472357
                },
                "metrics": {
                    "outcome": 0.5126248238852842
                },
                "metadata": {
                    "trials": 1
                }
            }
        ],
        [
            {
                "query": {
                    "x1": 9.499271539312126,
                    "x2": 2.806118124011736
                },
                "metrics": {
                    "outcome": 0.49610817880539493
                },
                "metadata": {
                    "trials": 1
                }
            }
        ],
        [
            {
                "query": {
                    "x1": 9.489290321980617,
                    "x2": 2.782483994675916
                },
                "metrics": {
                    "outcome": 0.4816324769607796
                },
                "metadata": {
                    "trials": 1
                }
            }
        ],
        [
            {
                "query": {
                    "x1": 9.475013044523436,
                    "x2": 2.7567928179308856
                },
                "metrics": {
                    "outcome": 0.46716578302208767
                },
                "metadata": {
                    "trials": 1
                }
            }
        ],
        [
            {
                "query": {
                    "x1": 9.458780171337647,
                    "x2": 2.7302625035445915
                },
                "metrics": {
                    "outcome": 0.4547088177881218
                },
                "metadata": {
                    "trials": 1
                }
            }
        ],
        [
            {
                "query": {
                    "x1": 9.443928538409935,
                    "x2": 2.7048770664840425
                },
                "metrics": {
                    "outcome": 0.4453054004368795
                },
                "metadata": {
                    "trials": 1
                }
            }
        ],
        [
            {
                "query": {
                    "x1": 9.431379385622206,
                    "x2": 2.6831542110489726
                },
                "metrics": {
                    "outcome": 0.43913529422715136
                },
                "metadata": {
                    "trials": 1
                }
            }
        ],
        [
            {
                "query": {
                    "x1": 9.421192199666576,
                    "x2": 2.665677914131966
                },
                "metrics": {
                    "outcome": 0.4354691339969943
                },
                "metadata": {
                    "trials": 1
                }
            }
        ],
        [
            {
                "query": {
                    "x1": 9.41412021746857,
                    "x2": 2.653032843890064
                },
                "metrics": {
                    "outcome": 0.4334047603353177
                },
                "metadata": {
                    "trials": 1
                }
            }
        ],
        [
            {
                "query": {
                    "x1": 9.40855137158667,
                    "x2": 2.6437332555602877
                },
                "metrics": {
                    "outcome": 0.4324163717276832
                },
                "metadata": {
                    "trials": 1
                }
            }
        ],
        [
            {
                "query": {
                    "x1": 9.405842260614756,
                    "x2": 2.638783980710885
                },
                "metrics": {
                    "outcome": 0.43190457740701227
                },
                "metadata": {
                    "trials": 1
                }
            }
        ],
        [
            {
                "query": {
                    "x1": 9.404210663302871,
                    "x2": 2.6357871222140847
                },
                "metrics": {
                    "outcome": 0.4316311934286414
                },
                "metadata": {
                    "trials": 1
                }
            }
        ],
        [
            {
                "query": {
                    "x1": 0.7471520418766886,
                    "x2": 2.5300307397264987
                },
                "metrics": {
                    "outcome": 22.580769531170496
                },
                "metadata": {
                    "trials": 1
                }
            }
        ],
        [
            {
                "query": {
                    "x1": 2.1140629155431228,
                    "x2": 3.5196499506401406
                },
                "metrics": {
                    "outcome": 5.130535328693293
                },
                "metadata": {
                    "trials": 1
                }
            }
        ],
        [
            {
                "query": {
                    "x1": 9.389468124199999,
                    "x2": 2.6299339272918494
                },
                "metrics": {
                    "outcome": 0.4379340739081403
                },
                "metadata": {
                    "trials": 1
                }
            }
        ],
        [
            {
                "query": {
                    "x1": 9.393071432732855,
                    "x2": 2.6355177273772075
                },
                "metrics": {
                    "outcome": 0.43773222866814265
                },
                "metadata": {
                    "trials": 1
                }
            }
        ],
        [
            {
                "query": {
                    "x1": 9.399895193824522,
                    "x2": 2.6227932319652023
                },
                "metrics": {
                    "outcome": 0.42932028430406
                },
                "metadata": {
                    "trials": 1
                }
            }
        ],
        [
            {
                "query": {
                    "x1": 9.397579254516694,
                    "x2": 2.5895269515533403
                },
                "metrics": {
                    "outcome": 0.42031044953014174
                },
                "metadata": {
                    "trials": 1
                }
            }
        ],
        [
            {
                "query": {
                    "x1": 8.602744665376209,
                    "x2": 1.4257298363103637
                },
                "metrics": {
                    "outcome": 3.65991661033069
                },
                "metadata": {
                    "trials": 1
                }
            }
        ],
        [
            {
                "query": {
                    "x1": 9.34479108674675,
                    "x2": 2.519762667684754
                },
                "metrics": {
                    "outcome": 0.44099913374502364
                },
                "metadata": {
                    "trials": 1
                }
            }
        ],
        [
            {
                "query": {
                    "x1": 9.40059791235128,
                    "x2": 2.58121237765685
                },
                "metrics": {
                    "outcome": 0.41670493566171096
                },
                "metadata": {
                    "trials": 1
                }
            }
        ],
        [
            {
                "query": {
                    "x1": 9.413726008469029,
                    "x2": 2.5735419290497026
                },
                "metrics": {
                    "outcome": 0.4101051232408448
                },
                "metadata": {
                    "trials": 1
                }
            }
        ],
        [
            {
                "query": {
                    "x1": 9.426780734303339,
                    "x2": 2.5744810987450113
                },
                "metrics": {
                    "outcome": 0.40746973378079687
                },
                "metadata": {
                    "trials": 1
                }
            }
        ],
        [
            {
                "query": {
                    "x1": 9.428846360957312,
                    "x2": 2.5743712480877248
                },
                "metrics": {
                    "outcome": 0.40717079503995457
                },
                "metadata": {
                    "trials": 1
                }
            }
        ],
        [
            {
                "query": {
                    "x1": 9.43203521208217,
                    "x2": 2.567938058376118
                },
                "metrics": {
                    "outcome": 0.4056761254473731
                },
                "metadata": {
                    "trials": 1
                }
            }
        ],
        [
            {
                "query": {
                    "x1": 9.424420414549244,
                    "x2": 2.532313851565606
                },
                "metrics": {
                    "outcome": 0.40120750959784246
                },
                "metadata": {
                    "trials": 1
                }
            }
        ],
        [
            {
                "query": {
                    "x1": 9.429062330875958,
                    "x2": 2.5248072786499836
                },
                "metrics": {
                    "outcome": 0.40010908884987373
                },
                "metadata": {
                    "trials": 1
                }
            }
        ],
        [
            {
                "query": {
                    "x1": 9.426901086992709,
                    "x2": 2.5275267287863894
                },
                "metrics": {
                    "outcome": 0.40048306430838565
                },
                "metadata": {
                    "trials": 1
                }
            }
        ],
        [
            {
                "query": {
                    "x1": 9.413128091126197,
                    "x2": 2.484386370127706
                },
                "metrics": {
                    "outcome": 0.3989074239348973
                },
                "metadata": {
                    "trials": 1
                }
            }
        ],
        [
            {
                "query": {
                    "x1": 9.413231799844365,
                    "x2": 2.4917028364742277
                },
                "metrics": {
                    "outcome": 0.39922568088592314
                },
                "metadata": {
                    "trials": 1
                }
            }
        ],
        [
            {
                "query": {
                    "x1": 9.414283371748946,
                    "x2": 2.493451299923698
                },
                "metrics": {
                    "outcome": 0.39916083966569893
                },
                "metadata": {
                    "trials": 1
                }
            }
        ],
        [
            {
                "query": {
                    "x1": 9.414274878676116,
                    "x2": 2.4935055491727676
                },
                "metrics": {
                    "outcome": 0.39916505023257365
                },
                "metadata": {
                    "trials": 1
                }
            }
        ],
        [
            {
                "query": {
                    "x1": 9.414329516988639,
                    "x2": 2.493720004384232
                },
                "metrics": {
                    "outcome": 0.3991688007298606
                },
                "metadata": {
                    "trials": 1
                }
            }
        ],
        [
            {
                "query": {
                    "x1": 3.0467852775473148,
                    "x2": 13.818117660703138
                },
                "metrics": {
                    "outcome": 131.95649376458124
                },
                "metadata": {
                    "trials": 1
                }
            }
        ],
        [
            {
                "query": {
                    "x1": 9.414412012625553,
                    "x2": 2.4936548439293613
                },
                "metrics": {
                    "outcome": 0.39915317098328096
                },
                "metadata": {
                    "trials": 1
                }
            }
        ],
        [
            {
                "query": {
                    "x1": 9.414208436471633,
                    "x2": 2.493568733995632
                },
                "metrics": {
                    "outcome": 0.3991782984971337
                },
                "metadata": {
                    "trials": 1
                }
            }
        ],
        [
            {
                "query": {
                    "x1": 9.41417166091378,
                    "x2": 2.493614542127901
                },
                "metrics": {
                    "outcome": 0.399186258601409
                },
                "metadata": {
                    "trials": 1
                }
            }
        ],
        [
            {
                "query": {
                    "x1": 9.414110289251274,
                    "x2": 2.4930718686919233
                },
                "metrics": {
                    "outcome": 0.39916571311212934
                },
                "metadata": {
                    "trials": 1
                }
            }
        ],
        [
            {
                "query": {
                    "x1": 9.415015855867463,
                    "x2": 2.4947515117569874
                },
                "metrics": {
                    "outcome": 0.3991274187856213
                },
                "metadata": {
                    "trials": 1
                }
            }
        ],
        [
            {
                "query": {
                    "x1": 9.412362575932391,
                    "x2": 2.4889024625605156
                },
                "metrics": {
                    "outcome": 0.3992205668802544
                },
                "metadata": {
                    "trials": 1
                }
            }
        ],
        [
            {
                "query": {
                    "x1": 9.414666663438872,
                    "x2": 2.4945877802785033
                },
                "metrics": {
                    "outcome": 0.3991680216061848
                },
                "metadata": {
                    "trials": 1
                }
            }
        ],
        [
            {
                "query": {
                    "x1": 9.413889329564622,
                    "x2": 2.4932076043616735
                },
                "metrics": {
                    "outcome": 0.3992060808003792
                },
                "metadata": {
                    "trials": 1
                }
            }
        ],
        [
            {
                "query": {
                    "x1": 9.422858547552341,
                    "x2": 2.476237556717552
                },
                "metrics": {
                    "outcome": 0.39791320309496214
                },
                "metadata": {
                    "trials": 1
                }
            }
        ],
        [
            {
                "query": {
                    "x1": 9.423187882114103,
                    "x2": 2.4701734802462942
                },
                "metrics": {
                    "outcome": 0.39791164575572324
                },
                "metadata": {
                    "trials": 1
                }
            }
        ],
        [
            {
                "query": {
                    "x1": 9.42321095967187,
                    "x2": 2.4704609731595277
                },
                "metrics": {
                    "outcome": 0.3979094992832799
                },
                "metadata": {
                    "trials": 1
                }
            }
        ],
        [
            {
                "query": {
                    "x1": 9.423274439949923,
                    "x2": 2.470561107715467
                },
                "metrics": {
                    "outcome": 0.39790826568864723
                },
                "metadata": {
                    "trials": 1
                }
            }
        ],
        [
            {
                "query": {
                    "x1": 9.423229537207952,
                    "x2": 2.4709583365645327
                },
                "metrics": {
                    "outcome": 0.3979063536628722
                },
                "metadata": {
                    "trials": 1
                }
            }
        ],
        [
            {
                "query": {
                    "x1": 9.4232319276852,
                    "x2": 2.4710032835378715
                },
                "metrics": {
                    "outcome": 0.3979060850835676
                },
                "metadata": {
                    "trials": 1
                }
            }
        ],
        [
            {
                "query": {
                    "x1": 9.42295034916626,
                    "x2": 2.4707179550828076
                },
                "metrics": {
                    "outcome": 0.3979109062854267
                },
                "metadata": {
                    "trials": 1
                }
            }
        ],
        [
            {
                "query": {
                    "x1": 9.423038787234855,
                    "x2": 2.4706361381618285
                },
                "metrics": {
                    "outcome": 0.3979102734993507
                },
                "metadata": {
                    "trials": 1
                }
            }
        ],
        [
            {
                "query": {
                    "x1": 9.423235188789327,
                    "x2": 2.4715734056532725
                },
                "metrics": {
                    "outcome": 0.3979033028638579
                },
                "metadata": {
                    "trials": 1
                }
            }
        ],
        [
            {
                "query": {
                    "x1": 9.422972196598765,
                    "x2": 2.470097381735234
                },
                "metrics": {
                    "outcome": 0.39791443624695155
                },
                "metadata": {
                    "trials": 1
                }
            }
        ],
        [
            {
                "query": {
                    "x1": 9.423217498448322,
                    "x2": 2.47174254114912
                },
                "metrics": {
                    "outcome": 0.39790281788916815
                },
                "metadata": {
                    "trials": 1
                }
            }
        ],
        [
            {
                "query": {
                    "x1": 9.423221564818908,
                    "x2": 2.4718050529413187
                },
                "metrics": {
                    "outcome": 0.39790253111045715
                },
                "metadata": {
                    "trials": 1
                }
            }
        ],
        [
            {
                "query": {
                    "x1": 9.214662831509486,
                    "x2": 2.0728899899404496
                },
                "metrics": {
                    "outcome": 0.6622331287848553
                },
                "metadata": {
                    "trials": 1
                }
            }
        ],
        [
            {
                "query": {
                    "x1": 9.420557935907524,
                    "x2": 2.46599035118603
                },
                "metrics": {
                    "outcome": 0.39800258497871965
                },
                "metadata": {
                    "trials": 1
                }
            }
        ],
        [
            {
                "query": {
                    "x1": 9.420861137717147,
                    "x2": 2.4650738799978336
                },
                "metrics": {
                    "outcome": 0.39800489279695483
                },
                "metadata": {
                    "trials": 1
                }
            }
        ],
        [
            {
                "query": {
                    "x1": 9.420862965090276,
                    "x2": 2.4648057121259925
                },
                "metrics": {
                    "outcome": 0.39800847000883444
                },
                "metadata": {
                    "trials": 1
                }
            }
        ],
        [
            {
                "query": {
                    "x1": 9.420862100295468,
                    "x2": 2.465078163176631
                },
                "metrics": {
                    "outcome": 0.3980048106102849
                },
                "metadata": {
                    "trials": 1
                }
            }
        ],
        [
            {
                "query": {
                    "x1": 9.420849050481149,
                    "x2": 2.465389300988544
                },
                "metrics": {
                    "outcome": 0.39800114038802725
                },
                "metadata": {
                    "trials": 1
                }
            }
        ],
        [
            {
                "query": {
                    "x1": 9.42092427750658,
                    "x2": 2.4655446822540856
                },
                "metrics": {
                    "outcome": 0.39799717907229315
                },
                "metadata": {
                    "trials": 1
                }
            }
        ],
        [
            {
                "query": {
                    "x1": 9.421036031902798,
                    "x2": 2.4656561540340793
                },
                "metrics": {
                    "outcome": 0.3979928891144766
                },
                "metadata": {
                    "trials": 1
                }
            }
        ],
        [
            {
                "query": {
                    "x1": 9.420871016051564,
                    "x2": 2.465453319267596
                },
                "metrics": {
                    "outcome": 0.3979997427858226
                },
                "metadata": {
                    "trials": 1
                }
            }
        ],
        [
            {
                "query": {
                    "x1": 9.421004089854721,
                    "x2": 2.466001263993463
                },
                "metrics": {
                    "outcome": 0.39798957501264276
                },
                "metadata": {
                    "trials": 1
                }
            }
        ],
        [
            {
                "query": {
                    "x1": 9.420982528091496,
                    "x2": 2.46602733950601
                },
                "metrics": {
                    "outcome": 0.3979898458017015
                },
                "metadata": {
                    "trials": 1
                }
            }
        ],
        [
            {
                "query": {
                    "x1": 9.421159854660122,
                    "x2": 2.4662937669434104
                },
                "metrics": {
                    "outcome": 0.3979821968627366
                },
                "metadata": {
                    "trials": 1
                }
            }
        ],
        [
            {
                "query": {
                    "x1": 9.421024161546939,
                    "x2": 2.4662803670144493
                },
                "metrics": {
                    "outcome": 0.3979858678912507
                },
                "metadata": {
                    "trials": 1
                }
            }
        ],
        [
            {
                "query": {
                    "x1": 9.420804381739229,
                    "x2": 2.4644608786091666
                },
                "metrics": {
                    "outcome": 0.3980148500341727
                },
                "metadata": {
                    "trials": 1
                }
            }
        ],
        [
            {
                "query": {
                    "x1": 9.421037248879657,
                    "x2": 2.4663651497771704
                },
                "metrics": {
                    "outcome": 0.39798458299395634
                },
                "metadata": {
                    "trials": 1
                }
            }
        ],
        [
            {
                "query": {
                    "x1": 9.420942388955265,
                    "x2": 2.4667221565704707
                },
                "metrics": {
                    "outcome": 0.39798343446251216
                },
                "metadata": {
                    "trials": 1
                }
            }
        ],
        [
            {
                "query": {
                    "x1": 9.42105065481947,
                    "x2": 2.4665299348959473
                },
                "metrics": {
                    "outcome": 0.39798244324835785
                },
                "metadata": {
                    "trials": 1
                }
            }
        ],
        [
            {
                "query": {
                    "x1": 9.421081702848724,
                    "x2": 2.4665074176271133
                },
                "metrics": {
                    "outcome": 0.39798185772338357
                },
                "metadata": {
                    "trials": 1
                }
            }
        ],
        [
            {
                "query": {
                    "x1": 9.421112365239484,
                    "x2": 2.467016518440493
                },
                "metrics": {
                    "outcome": 0.3979758109880738
                },
                "metadata": {
                    "trials": 1
                }
            }
        ],
        [
            {
                "query": {
                    "x1": 9.421220650197832,
                    "x2": 2.466897626365123
                },
                "metrics": {
                    "outcome": 0.39797415652830814
                },
                "metadata": {
                    "trials": 1
                }
            }
        ],
        [
            {
                "query": {
                    "x1": 9.42108320981236,
                    "x2": 2.4667935218256942
                },
                "metrics": {
                    "outcome": 0.39797882256893047
                },
                "metadata": {
                    "trials": 1
                }
            }
        ],
        [
            {
                "query": {
                    "x1": 1.3619696267414838,
                    "x2": 2.972474335692823
                },
                "metrics": {
                    "outcome": 13.199570716456105
                },
                "metadata": {
                    "trials": 1
                }
            }
        ],
        [
            {
                "query": {
                    "x1": 9.420978614193123,
                    "x2": 2.46634600917068
                },
                "metrics": {
                    "outcome": 0.3979863747465693
                },
                "metadata": {
                    "trials": 1
                }
            }
        ],
        [
            {
                "query": {
                    "x1": 9.421143423209125,
                    "x2": 2.466833316059968
                },
                "metrics": {
                    "outcome": 0.3979768152900789
                },
                "metadata": {
                    "trials": 1
                }
            }
        ],
        [
            {
                "query": {
                    "x1": 9.421153023487452,
                    "x2": 2.467013849118868
                },
                "metrics": {
                    "outcome": 0.39797475060864684
                },
                "metadata": {
                    "trials": 1
                }
            }
        ],
        [
            {
                "query": {
                    "x1": 9.421128284294264,
                    "x2": 2.46766777325942
                },
                "metrics": {
                    "outcome": 0.39796941655029094
                },
                "metadata": {
                    "trials": 1
                }
            }
        ],
        [
            {
                "query": {
                    "x1": 9.421113679974345,
                    "x2": 2.466917165150742
                },
                "metrics": {
                    "outcome": 0.39797675796758014
                },
                "metadata": {
                    "trials": 1
                }
            }
        ],
        [
            {
                "query": {
                    "x1": 9.421139154898034,
                    "x2": 2.466873125752434
                },
                "metrics": {
                    "outcome": 0.3979765232559078
                },
                "metadata": {
                    "trials": 1
                }
            }
        ],
        [
            {
                "query": {
                    "x1": 9.4208476862833,
                    "x2": 2.465676533841609
                },
                "metrics": {
                    "outcome": 0.39799764223338485
                },
                "metadata": {
                    "trials": 1
                }
            }
        ],
        [
            {
                "query": {
                    "x1": 9.420970571997504,
                    "x2": 2.466578701275407
                },
                "metrics": {
                    "outcome": 0.39798411510237486
                },
                "metadata": {
                    "trials": 1
                }
            }
        ],
        [
            {
                "query": {
                    "x1": 9.421141690406014,
                    "x2": 2.467076387427059
                },
                "metrics": {
                    "outcome": 0.39797444009098193
                },
                "metadata": {
                    "trials": 1
                }
            }
        ],
        [
            {
                "query": {
                    "x1": 9.421198481531011,
                    "x2": 2.4669883846135754
                },
                "metrics": {
                    "outcome": 0.39797381109896435
                },
                "metadata": {
                    "trials": 1
                }
            }
        ],
        [
            {
                "query": {
                    "x1": 9.421128907375422,
                    "x2": 2.467033140947881
                },
                "metrics": {
                    "outcome": 0.3979752037975537
                },
                "metadata": {
                    "trials": 1
                }
            }
        ],
        [
            {
                "query": {
                    "x1": 9.421119383651714,
                    "x2": 2.4668697364315726
                },
                "metrics": {
                    "outcome": 0.39797708185346536
                },
                "metadata": {
                    "trials": 1
                }
            }
        ],
        [
            {
                "query": {
                    "x1": 9.421262491525258,
                    "x2": 2.467061955871044
                },
                "metrics": {
                    "outcome": 0.3979714349788672
                },
                "metadata": {
                    "trials": 1
                }
            }
        ],
        [
            {
                "query": {
                    "x1": 9.421168610304766,
                    "x2": 2.466945839588087
                },
                "metrics": {
                    "outcome": 0.3979750159191493
                },
                "metadata": {
                    "trials": 1
                }
            }
        ],
        [
            {
                "query": {
                    "x1": 9.421123168318466,
                    "x2": 2.467380176888122
                },
                "metrics": {
                    "outcome": 0.39797208718409216
                },
                "metadata": {
                    "trials": 1
                }
            }
        ],
        [
            {
                "query": {
                    "x1": 9.421199534640927,
                    "x2": 2.467349962293541
                },
                "metrics": {
                    "outcome": 0.3979703025001289
                },
                "metadata": {
                    "trials": 1
                }
            }
        ],
        [
            {
                "query": {
                    "x1": 9.421166043426203,
                    "x2": 2.467356293166968
                },
                "metrics": {
                    "outcome": 0.3979711396917889
                },
                "metadata": {
                    "trials": 1
                }
            }
        ],
        [
            {
                "query": {
                    "x1": 9.421023277831813,
                    "x2": 2.466908554169442
                },
                "metrics": {
                    "outcome": 0.3979793078160263
                },
                "metadata": {
                    "trials": 1
                }
            }
        ],
        [
            {
                "query": {
                    "x1": 9.421903134331865,
                    "x2": 2.4710246041811583
                },
                "metrics": {
                    "outcome": 0.39792944375250094
                },
                "metadata": {
                    "trials": 1
                }
            }
        ],
        [
            {
                "query": {
                    "x1": 9.421607134068822,
                    "x2": 2.468676351804671
                },
                "metrics": {
                    "outcome": 0.39794895278993536
                },
                "metadata": {
                    "trials": 1
                }
            }
        ],
        [
            {
                "query": {
                    "x1": 4.195306996116415,
                    "x2": 11.898233037209138
                },
                "metrics": {
                    "outcome": 111.37509756776161
                },
                "metadata": {
                    "trials": 1
                }
            }
        ],
        [
            {
                "query": {
                    "x1": 9.420834304312015,
                    "x2": 2.467009788732168
                },
                "metrics": {
                    "outcome": 0.397983794114646
                },
                "metadata": {
                    "trials": 1
                }
            }
        ],
        [
            {
                "query": {
                    "x1": 9.42121806298158,
                    "x2": 2.4674668947781777
                },
                "metrics": {
                    "outcome": 0.39796873889413575
                },
                "metadata": {
                    "trials": 1
                }
            }
        ],
        [
            {
                "query": {
                    "x1": 9.421208480215846,
                    "x2": 2.4678664021752277
                },
                "metrics": {
                    "outcome": 0.3979655387858987
                },
                "metadata": {
                    "trials": 1
                }
            }
        ],
        [
            {
                "query": {
                    "x1": 9.421224649011627,
                    "x2": 2.467535535576596
                },
                "metrics": {
                    "outcome": 0.39796794610923847
                },
                "metadata": {
                    "trials": 1
                }
            }
        ],
        [
            {
                "query": {
                    "x1": 9.421082173009014,
                    "x2": 2.467805477021495
                },
                "metrics": {
                    "outcome": 0.3979695712583524
                },
                "metadata": {
                    "trials": 1
                }
            }
        ],
        [
            {
                "query": {
                    "x1": 9.421200253415003,
                    "x2": 2.467555252353458
                },
                "metrics": {
                    "outcome": 0.39796842300765256
                },
                "metadata": {
                    "trials": 1
                }
            }
        ],
        [
            {
                "query": {
                    "x1": 9.42123220151523,
                    "x2": 2.4676012871233266
                },
                "metrics": {
                    "outcome": 0.39796716144001465
                },
                "metadata": {
                    "trials": 1
                }
            }
        ],
        [
            {
                "query": {
                    "x1": 9.420208821106707,
                    "x2": 2.4641567882771627
                },
                "metrics": {
                    "outcome": 0.3980364738509188
                },
                "metadata": {
                    "trials": 1
                }
            }
        ],
        [
            {
                "query": {
                    "x1": 9.421222780790902,
                    "x2": 2.4658891489187833
                },
                "metrics": {
                    "outcome": 0.39798541595812864
                },
                "metadata": {
                    "trials": 1
                }
            }
        ],
        [
            {
                "query": {
                    "x1": 9.420923525456452,
                    "x2": 2.4668980203232973
                },
                "metrics": {
                    "outcome": 0.3979822330952345
                },
                "metadata": {
                    "trials": 1
                }
            }
        ],
        [
            {
                "query": {
                    "x1": 9.421307052332168,
                    "x2": 2.467832025964324
                },
                "metrics": {
                    "outcome": 0.39796318938812725
                },
                "metadata": {
                    "trials": 1
                }
            }
        ],
        [
            {
                "query": {
                    "x1": 9.421216227623127,
                    "x2": 2.467528868306981
                },
                "metrics": {
                    "outcome": 0.39796822995044145
                },
                "metadata": {
                    "trials": 1
                }
            }
        ],
        [
            {
                "query": {
                    "x1": 9.420748801672243,
                    "x2": 2.466364138623671
                },
                "metrics": {
                    "outcome": 0.39799274859162814
                },
                "metadata": {
                    "trials": 1
                }
            }
        ],
        [
            {
                "query": {
                    "x1": 9.421339042318648,
                    "x2": 2.46782942817307
                },
                "metrics": {
                    "outcome": 0.39796237972943693
                },
                "metadata": {
                    "trials": 1
                }
            }
        ],
        [
            {
                "query": {
                    "x1": 9.421284421087883,
                    "x2": 2.4678377152176108
                },
                "metrics": {
                    "outcome": 0.397963736672617
                },
                "metadata": {
                    "trials": 1
                }
            }
        ],
        [
            {
                "query": {
                    "x1": 9.420179695865201,
                    "x2": 2.465762105733283
                },
                "metrics": {
                    "outcome": 0.3980176211623476
                },
                "metadata": {
                    "trials": 1
                }
            }
        ],
        [
            {
                "query": {
                    "x1": 9.421390350702799,
                    "x2": 2.4681201238410586
                },
                "metrics": {
                    "outcome": 0.39795864539906667
                },
                "metadata": {
                    "trials": 1
                }
            }
        ],
        [
            {
                "query": {
                    "x1": 9.421227159718566,
                    "x2": 2.4675022715405217
                },
                "metrics": {
                    "outcome": 0.3979681779363684
                },
                "metadata": {
                    "trials": 1
                }
            }
        ],
        [
            {
                "query": {
                    "x1": 9.422526877293528,
                    "x2": 2.4717123029144625
                },
                "metrics": {
                    "outcome": 0.39791361723311525
                },
                "metadata": {
                    "trials": 1
                }
            }
        ],
        [
            {
                "query": {
                    "x1": 9.42143411488797,
                    "x2": 2.4677260427853076
                },
                "metrics": {
                    "outcome": 0.3979608849704661
                },
                "metadata": {
                    "trials": 1
                }
            }
        ],
        [
            {
                "query": {
                    "x1": 5.546377492137253,
                    "x2": 11.654629142722115
                },
                "metrics": {
                    "outcome": 127.52850412042238
                },
                "metadata": {
                    "trials": 1
                }
            }
        ],
        [
            {
                "query": {
                    "x1": 9.421460233621163,
                    "x2": 2.468216645392681
                },
                "metrics": {
                    "outcome": 0.397956094230544
                },
                "metadata": {
                    "trials": 1
                }
            }
        ],
        [
            {
                "query": {
                    "x1": 9.421488161613865,
                    "x2": 2.4682715478168364
                },
                "metrics": {
                    "outcome": 0.3979549591717415
                },
                "metadata": {
                    "trials": 1
                }
            }
        ],
        [
            {
                "query": {
                    "x1": 9.421247692764688,
                    "x2": 2.468919869590449
                },
                "metrics": {
                    "outcome": 0.39795682633385354
                },
                "metadata": {
                    "trials": 1
                }
            }
        ],
        [
            {
                "query": {
                    "x1": 9.421440666005148,
                    "x2": 2.468198116656723
                },
                "metrics": {
                    "outcome": 0.3979567357036853
                },
                "metadata": {
                    "trials": 1
                }
            }
        ],
        [
            {
                "query": {
                    "x1": 9.42144931950859,
                    "x2": 2.4681950761300073
                },
                "metrics": {
                    "outcome": 0.39795654128521996
                },
                "metadata": {
                    "trials": 1
                }
            }
        ],
        [
            {
                "query": {
                    "x1": 9.421439369288976,
                    "x2": 2.468238843203188
                },
                "metrics": {
                    "outcome": 0.39795644544333264
                },
                "metadata": {
                    "trials": 1
                }
            }
        ],
        [
            {
                "query": {
                    "x1": 9.421449904850343,
                    "x2": 2.468276623711875
                },
                "metrics": {
                    "outcome": 0.3979558809442061
                },
                "metadata": {
                    "trials": 1
                }
            }
        ],
        [
            {
                "query": {
                    "x1": 9.421853847343424,
                    "x2": 2.4687783400216325
                },
                "metrics": {
                    "outcome": 0.3979425179766327
                },
                "metadata": {
                    "trials": 1
                }
            }
        ],
        [
            {
                "query": {
                    "x1": 9.421504481789947,
                    "x2": 2.468737223142989
                },
                "metrics": {
                    "outcome": 0.39795107458738244
                },
                "metadata": {
                    "trials": 1
                }
            }
        ],
        [
            {
                "query": {
                    "x1": 9.42170899602986,
                    "x2": 2.469144453882027
                },
                "metrics": {
                    "outcome": 0.3979432566513541
                },
                "metadata": {
                    "trials": 1
                }
            }
        ],
        [
            {
                "query": {
                    "x1": 9.421421155560003,
                    "x2": 2.4682397259123343
                },
                "metrics": {
                    "outcome": 0.3979569030797325
                },
                "metadata": {
                    "trials": 1
                }
            }
        ],
        [
            {
                "query": {
                    "x1": 9.422185275446935,
                    "x2": 2.469973345973393
                },
                "metrics": {
                    "outcome": 0.39792769914732773
                },
                "metadata": {
                    "trials": 1
                }
            }
        ],
        [
            {
                "query": {
                    "x1": 9.421134568964872,
                    "x2": 2.467357845127166
                },
                "metrics": {
                    "outcome": 0.3979719786461384
                },
                "metadata": {
                    "trials": 1
                }
            }
        ],
        [
            {
                "query": {
                    "x1": 9.421451098281052,
                    "x2": 2.467796202394372
                },
                "metrics": {
                    "outcome": 0.397959846586307
                },
                "metadata": {
                    "trials": 1
                }
            }
        ]
    ],
    "best_results": [
        {
            "query": {
                "x1": 9.423221564818908,
                "x2": 2.4718050529413187
            },
            "metrics": [
                {
                    "name": "outcome",
                    "value": 0.39790253111045715
                }
            ]
        }
    ]
}