{
    "date": "04/11/2022 16:34:57",
    "basic_params": {
        "active_variables": [
            "x1",
            "x2"
        ],
        "default_query": {},
        "metric": "basic",
        "n_trials": 1
    },
    "objective_function": {
        "name": "McCormick",
        "params": {}
    },
    "optimizer": {
        "name": "BBO-LP(LCBa)-FoD",
        "params": {
            "lower_bound": [
                -1.5,
                -3.0
            ],
            "upper_bound": [
                4.0,
                4.0
            ],
            "invert_metric": false,
            "bopt_params": {
                "n_init_samples": 15,
                "n_iterations": 45,
                "n_iter_relearn": 5,
                "verbose_level": 0,
                "n_parallel_samples": 3,
                "fixed_dataset_size": 50,
                "par_type": "PAR_BBO",
                "crit_name": "cLP(cLCBa)",
                "n_crit_params": 3,
                "crit_params": [
                    3,
                    1,
                    5.0
                ]
            }
        }
    },
    "iterations": [
        [
            {
                "query": {
                    "x1": 2.2619847974351917,
                    "x2": 3.44369884361513
                },
                "metrics": {
                    "outcome": 7.066785534120056
                },
                "metadata": {
                    "trials": 1
                }
            }
        ],
        [
            {
                "query": {
                    "x1": 1.464271548863811,
                    "x2": 2.279571930148329
                },
                "metrics": {
                    "outcome": 4.60073848588682
                },
                "metadata": {
                    "trials": 1
                }
            }
        ],
        [
            {
                "query": {
                    "x1": -0.34348460621355725,
                    "x2": 1.8253811470232906
                },
                "metrics": {
                    "outcome": 11.778709448287877
                },
                "metadata": {
                    "trials": 1
                }
            }
        ],
        [
            {
                "query": {
                    "x1": 3.0213932968598476,
                    "x2": 0.6412547448805221
                },
                "metrics": {
                    "outcome": 3.2383106965004798
                },
                "metadata": {
                    "trials": 1
                }
            }
        ],
        [
            {
                "query": {
                    "x1": 1.2349781656715395,
                    "x2": -1.5542598126456142
                },
                "metrics": {
                    "outcome": 2.727847126188605
                },
                "metadata": {
                    "trials": 1
                }
            }
        ],
        [
            {
                "query": {
                    "x1": 0.05914823191706109,
                    "x2": 1.4595098699443048
                },
                "metrics": {
                    "outcome": 7.519706154868867
                },
                "metadata": {
                    "trials": 1
                }
            }
        ],
        [
            {
                "query": {
                    "x1": 2.629080260684714,
                    "x2": -2.7867462868026145
                },
                "metrics": {
                    "outcome": 19.263677472361316
                },
                "metadata": {
                    "trials": 1
                }
            }
        ],
        [
            {
                "query": {
                    "x1": 1.8981727396681283,
                    "x2": -2.4900766624292983
                },
                "metrics": {
                    "outcome": 10.626339988986196
                },
                "metadata": {
                    "trials": 1
                }
            }
        ],
        [
            {
                "query": {
                    "x1": -1.3376490434321264,
                    "x2": -0.8190403069679935
                },
                "metrics": {
                    "outcome": 0.3946091928347464
                },
                "metadata": {
                    "trials": 1
                }
            }
        ],
        [
            {
                "query": {
                    "x1": -0.893994563864544,
                    "x2": 2.7688533595142264
                },
                "metrics": {
                    "outcome": 23.633708221914645
                },
                "metadata": {
                    "trials": 1
                }
            }
        ],
        [
            {
                "query": {
                    "x1": 0.7663909630151466,
                    "x2": -2.028193800353135
                },
                "metrics": {
                    "outcome": 1.636992922064021
                },
                "metadata": {
                    "trials": 1
                }
            }
        ],
        [
            {
                "query": {
                    "x1": 3.7961593438638372,
                    "x2": -0.6486483914777637
                },
                "metrics": {
                    "outcome": 13.434537545415338
                },
                "metadata": {
                    "trials": 1
                }
            }
        ],
        [
            {
                "query": {
                    "x1": -0.5470116592245176,
                    "x2": 0.22504215274627004
                },
                "metrics": {
                    "outcome": 2.6627544846629867
                },
                "metadata": {
                    "trials": 1
                }
            }
        ],
        [
            {
                "query": {
                    "x1": 0.41733291404477013,
                    "x2": 1.0100394980361065
                },
                "metrics": {
                    "outcome": 4.240132877912044
                },
                "metadata": {
                    "trials": 1
                }
            }
        ],
        [
            {
                "query": {
                    "x1": 3.4828204118181016,
                    "x2": 3.9718773019965736
                },
                "metrics": {
                    "outcome": 6.865978891552333
                },
                "metadata": {
                    "trials": 1
                }
            }
        ],
        [
            {
                "query": {
                    "x1": -1.3110319904541503,
                    "x2": -2.1888909004265313
                },
                "metrics": {
                    "outcome": -1.384331982270798
                },
                "metadata": {
                    "trials": 1
                }
            },
            {
                "query": {
                    "x1": -1.5,
                    "x2": -2.186440911702281
                },
                "metrics": {
                    "outcome": -1.226612828089639
                },
                "metadata": {
                    "trials": 1
                }
            },
            {
                "query": {
                    "x1": -1.1190424240503412,
                    "x2": -2.1660424944216707
                },
                "metrics": {
                    "outcome": -1.4973330993836274
                },
                "metadata": {
                    "trials": 1
                }
            }
        ],
        [
            {
                "query": {
                    "x1": -0.9380015545754774,
                    "x2": -3.0
                },
                "metrics": {
                    "outcome": -0.1263105512080953
                },
                "metadata": {
                    "trials": 1
                }
            },
            {
                "query": {
                    "x1": -1.1451843041486978,
                    "x2": -3.0
                },
                "metrics": {
                    "outcome": -0.49847614794863393
                },
                "metadata": {
                    "trials": 1
                }
            },
            {
                "query": {
                    "x1": -0.7347792989691004,
                    "x2": -3.0
                },
                "metrics": {
                    "outcome": 0.2923998796997349
                },
                "metadata": {
                    "trials": 1
                }
            }
        ],
        [
            {
                "query": {
                    "x1": -0.43673989230014487,
                    "x2": -1.4867589974277682
                },
                "metrics": {
                    "outcome": -1.8976901145424891
                },
                "metadata": {
                    "trials": 1
                }
            },
            {
                "query": {
                    "x1": -0.6165344967282688,
                    "x2": -1.5220371855178407
                },
                "metrics": {
                    "outcome": -1.9034554796633176
                },
                "metadata": {
                    "trials": 1
                }
            },
            {
                "query": {
                    "x1": -0.26863122457392774,
                    "x2": -1.4027611267856734
                },
                "metrics": {
                    "outcome": -1.812649830390055
                },
                "metadata": {
                    "trials": 1
                }
            }
        ],
        [
            {
                "query": {
                    "x1": 0.2697055328610829,
                    "x2": -0.7181143437590589
                },
                "metrics": {
                    "outcome": -0.6575882525023107
                },
                "metadata": {
                    "trials": 1
                }
            },
            {
                "query": {
                    "x1": 0.0417873507884321,
                    "x2": -0.758747484243373
                },
                "metrics": {
                    "outcome": -0.9757899544837154
                },
                "metadata": {
                    "trials": 1
                }
            },
            {
                "query": {
                    "x1": -0.3060441282111981,
                    "x2": -1.962303036936837
                },
                "metrics": {
                    "outcome": -1.4699155123404046
                },
                "metadata": {
                    "trials": 1
                }
            }
        ],
        [
            {
                "query": {
                    "x1": -1.5,
                    "x2": -1.594230385318443
                },
                "metrics": {
                    "outcome": -0.7740411609854356
                },
                "metadata": {
                    "trials": 1
                }
            },
            {
                "query": {
                    "x1": -1.3377641015435926,
                    "x2": -1.6270568367857352
                },
                "metrics": {
                    "outcome": -1.1531581714418189
                },
                "metadata": {
                    "trials": 1
                }
            },
            {
                "query": {
                    "x1": -1.209650963282977,
                    "x2": -1.659078143663899
                },
                "metrics": {
                    "outcome": -1.4007242660173906
                },
                "metadata": {
                    "trials": 1
                }
            }
        ],
        [
            {
                "query": {
                    "x1": 4.0,
                    "x2": 1.8464918451005525
                },
                "metrics": {
                    "outcome": 3.8308814395730915
                },
                "metadata": {
                    "trials": 1
                }
            },
            {
                "query": {
                    "x1": 3.6655502683349397,
                    "x2": 1.8190698475512797
                },
                "metrics": {
                    "outcome": 2.7424834487249865
                },
                "metadata": {
                    "trials": 1
                }
            },
            {
                "query": {
                    "x1": -0.585583041031329,
                    "x2": -1.0866380562017233
                },
                "metrics": {
                    "outcome": -1.5820253664407509
                },
                "metadata": {
                    "trials": 1
                }
            }
        ],
        [
            {
                "query": {
                    "x1": 1.315317507287138,
                    "x2": 0.03224694465745692
                },
                "metrics": {
                    "outcome": 1.7290982325004207
                },
                "metadata": {
                    "trials": 1
                }
            },
            {
                "query": {
                    "x1": 1.5593464620337198,
                    "x2": 0.291963550749899
                },
                "metrics": {
                    "outcome": 1.9580619791324336
                },
                "metadata": {
                    "trials": 1
                }
            },
            {
                "query": {
                    "x1": 1.0200208133228963,
                    "x2": -0.0822852154930982
                },
                "metrics": {
                    "outcome": 1.285554836326452
                },
                "metadata": {
                    "trials": 1
                }
            }
        ],
        [
            {
                "query": {
                    "x1": -0.6970303016475667,
                    "x2": -1.8574462100730549
                },
                "metrics": {
                    "outcome": -1.8054673898600764
                },
                "metadata": {
                    "trials": 1
                }
            },
            {
                "query": {
                    "x1": -1.5,
                    "x2": -2.6267834264673415
                },
                "metrics": {
                    "outcome": -1.2139401294577743
                },
                "metadata": {
                    "trials": 1
                }
            },
            {
                "query": {
                    "x1": -0.6391172250317625,
                    "x2": -1.8334878500739213
                },
                "metrics": {
                    "outcome": -1.8187147086720685
                },
                "metadata": {
                    "trials": 1
                }
            }
        ],
        [
            {
                "query": {
                    "x1": 2.398109947399794,
                    "x2": 1.4529644612030497
                },
                "metrics": {
                    "outcome": 1.2771055557214699
                },
                "metadata": {
                    "trials": 1
                }
            },
            {
                "query": {
                    "x1": 0.26903850504727345,
                    "x2": -1.284363497169104
                },
                "metrics": {
                    "outcome": -1.0510606992293234
                },
                "metadata": {
                    "trials": 1
                }
            },
            {
                "query": {
                    "x1": 0.21845903107841225,
                    "x2": -1.4480994000443514
                },
                "metrics": {
                    "outcome": -1.112888581108841
                },
                "metadata": {
                    "trials": 1
                }
            }
        ],
        [
            {
                "query": {
                    "x1": -0.6420492412644424,
                    "x2": -2.3464920668625338
                },
                "metrics": {
                    "outcome": -1.1504854737740766
                },
                "metadata": {
                    "trials": 1
                }
            },
            {
                "query": {
                    "x1": -0.752713071038309,
                    "x2": -2.40014966422877
                },
                "metrics": {
                    "outcome": -1.1459873823304196
                },
                "metadata": {
                    "trials": 1
                }
            },
            {
                "query": {
                    "x1": -0.9326350854590002,
                    "x2": -1.3172622104981084
                },
                "metrics": {
                    "outcome": -1.5244025814958153
                },
                "metadata": {
                    "trials": 1
                }
            }
        ],
        [
            {
                "query": {
                    "x1": -0.224415814078482,
                    "x2": -1.1179991259207516
                },
                "metrics": {
                    "outcome": -1.6339170852970368
                },
                "metadata": {
                    "trials": 1
                }
            },
            {
                "query": {
                    "x1": -0.1613727943148251,
                    "x2": -1.1100467262598384
                },
                "metrics": {
                    "outcome": -1.588595864981376
                },
                "metadata": {
                    "trials": 1
                }
            },
            {
                "query": {
                    "x1": -0.28539578235448615,
                    "x2": -1.1442381468200034
                },
                "metrics": {
                    "outcome": -1.6849446092081957
                },
                "metadata": {
                    "trials": 1
                }
            }
        ],
        [
            {
                "query": {
                    "x1": -0.25420577881728534,
                    "x2": -1.6627795855998238
                },
                "metrics": {
                    "outcome": -1.7322327854970085
                },
                "metadata": {
                    "trials": 1
                }
            },
            {
                "query": {
                    "x1": -0.3099886413022801,
                    "x2": -1.6666368295624645
                },
                "metrics": {
                    "outcome": -1.779890188195549
                },
                "metadata": {
                    "trials": 1
                }
            },
            {
                "query": {
                    "x1": -0.1994223199536851,
                    "x2": -1.6608277026344533
                },
                "metrics": {
                    "outcome": -1.6756300335425989
                },
                "metadata": {
                    "trials": 1
                }
            }
        ],
        [
            {
                "query": {
                    "x1": 1.4823985399445174,
                    "x2": 4.0
                },
                "metrics": {
                    "outcome": 14.396815286925044
                },
                "metadata": {
                    "trials": 1
                }
            },
            {
                "query": {
                    "x1": 1.8514652559911706,
                    "x2": 4.0
                },
                "metrics": {
                    "outcome": 12.420570009621944
                },
                "metadata": {
                    "trials": 1
                }
            },
            {
                "query": {
                    "x1": 2.7820264130371033,
                    "x2": 2.4452021536068758
                },
                "metrics": {
                    "outcome": 2.1830446257443974
                },
                "metadata": {
                    "trials": 1
                }
            }
        ],
        [
            {
                "query": {
                    "x1": -0.5677149845386511,
                    "x2": -1.3605268437801619
                },
                "metrics": {
                    "outcome": -1.8579876416016177
                },
                "metadata": {
                    "trials": 1
                }
            },
            {
                "query": {
                    "x1": -0.5340556740485923,
                    "x2": -1.3568525965383071
                },
                "metrics": {
                    "outcome": -1.8632534029755847
                },
                "metadata": {
                    "trials": 1
                }
            },
            {
                "query": {
                    "x1": -0.6010894111207737,
                    "x2": -1.365600073007581
                },
                "metrics": {
                    "outcome": -1.8505420157011816
                },
                "metadata": {
                    "trials": 1
                }
            }
        ],
        [
            {
                "query": {
                    "x1": -0.7416754952100374,
                    "x2": -1.670261789784866
                },
                "metrics": {
                    "outcome": -1.8674815100800268
                },
                "metadata": {
                    "trials": 1
                }
            },
            {
                "query": {
                    "x1": -0.706480979950837,
                    "x2": -1.6698496361568735
                },
                "metrics": {
                    "outcome": -1.8795494567074473
                },
                "metadata": {
                    "trials": 1
                }
            },
            {
                "query": {
                    "x1": -0.7759781924654036,
                    "x2": -1.6686266418326072
                },
                "metrics": {
                    "outcome": -1.852688986999686
                },
                "metadata": {
                    "trials": 1
                }
            }
        ],
        [
            {
                "query": {
                    "x1": 3.9999999999999982,
                    "x2": -3.0
                },
                "metrics": {
                    "outcome": 37.34147098480788
                },
                "metadata": {
                    "trials": 1
                }
            },
            {
                "query": {
                    "x1": -1.5,
                    "x2": 2.507060864620269
                },
                "metrics": {
                    "outcome": 26.41945391284446
                },
                "metadata": {
                    "trials": 1
                }
            },
            {
                "query": {
                    "x1": 3.2410460682326168,
                    "x2": -3.0
                },
                "metrics": {
                    "outcome": 27.827805505439258
                },
                "metadata": {
                    "trials": 1
                }
            }
        ],
        [
            {
                "query": {
                    "x1": -1.5,
                    "x2": -0.3724220062253818
                },
                "metrics": {
                    "outcome": 2.635522310662796
                },
                "metadata": {
                    "trials": 1
                }
            },
            {
                "query": {
                    "x1": -1.2683530078790903,
                    "x2": -0.34933244952774833
                },
                "metrics": {
                    "outcome": 1.874896268562855
                },
                "metadata": {
                    "trials": 1
                }
            },
            {
                "query": {
                    "x1": 3.5509639573747327,
                    "x2": 0.35382751426825765
                },
                "metrics": {
                    "outcome": 6.088567750444551
                },
                "metadata": {
                    "trials": 1
                }
            }
        ],
        [
            {
                "query": {
                    "x1": 3.999999999999999,
                    "x2": 4.0
                },
                "metrics": {
                    "outcome": 5.989358246623384
                },
                "metadata": {
                    "trials": 1
                }
            },
            {
                "query": {
                    "x1": -0.535464115038777,
                    "x2": -1.6002952128657773
                },
                "metrics": {
                    "outcome": -1.9082850023431495
                },
                "metadata": {
                    "trials": 1
                }
            },
            {
                "query": {
                    "x1": -0.5243692007362941,
                    "x2": -1.585904642557659
                },
                "metrics": {
                    "outcome": -1.9093275028987895
                },
                "metadata": {
                    "trials": 1
                }
            }
        ],
        [
            {
                "query": {
                    "x1": -1.2472664170247287,
                    "x2": -2.1573668112728734
                },
                "metrics": {
                    "outcome": -1.4342169351105998
                },
                "metadata": {
                    "trials": 1
                }
            },
            {
                "query": {
                    "x1": -1.1752248741823437,
                    "x2": -2.124510421238031
                },
                "metrics": {
                    "outcome": -1.4898113937703314
                },
                "metadata": {
                    "trials": 1
                }
            },
            {
                "query": {
                    "x1": -1.3219807070794456,
                    "x2": -2.17265044204153
                },
                "metrics": {
                    "outcome": -1.379265546543727
                },
                "metadata": {
                    "trials": 1
                }
            }
        ],
        [
            {
                "query": {
                    "x1": 0.2730014957006841,
                    "x2": -3.0
                },
                "metrics": {
                    "outcome": 3.4002180507257087
                },
                "metadata": {
                    "trials": 1
                }
            },
            {
                "query": {
                    "x1": -0.01457382762652526,
                    "x2": -3.0
                },
                "metrics": {
                    "outcome": 2.3079526197621583
                },
                "metadata": {
                    "trials": 1
                }
            },
            {
                "query": {
                    "x1": 0.5518965884726188,
                    "x2": -3.0
                },
                "metrics": {
                    "outcome": 4.648900126552812
                },
                "metadata": {
                    "trials": 1
                }
            }
        ],
        [
            {
                "query": {
                    "x1": -0.37269470549452843,
                    "x2": -1.4528585938522216
                },
                "metrics": {
                    "outcome": -1.8740749703464603
                },
                "metadata": {
                    "trials": 1
                }
            },
            {
                "query": {
                    "x1": -0.39647239635500475,
                    "x2": -1.4649913289315712
                },
                "metrics": {
                    "outcome": -1.8840898365541499
                },
                "metadata": {
                    "trials": 1
                }
            },
            {
                "query": {
                    "x1": -0.3491198287787649,
                    "x2": -1.4409951145248117
                },
                "metrics": {
                    "outcome": -1.8626623243559397
                },
                "metadata": {
                    "trials": 1
                }
            }
        ],
        [
            {
                "query": {
                    "x1": -0.6026666585053354,
                    "x2": -1.529148066578791
                },
                "metrics": {
                    "outcome": -1.907216091815942
                },
                "metadata": {
                    "trials": 1
                }
            },
            {
                "query": {
                    "x1": -0.5877719322729555,
                    "x2": -1.5217193665772475
                },
                "metrics": {
                    "outcome": -1.9087616206191287
                },
                "metadata": {
                    "trials": 1
                }
            },
            {
                "query": {
                    "x1": -0.617592290911568,
                    "x2": -1.5358023922710102
                },
                "metrics": {
                    "outcome": -1.9050436204236147
                },
                "metadata": {
                    "trials": 1
                }
            }
        ],
        [
            {
                "query": {
                    "x1": -0.10832295624457089,
                    "x2": -0.3119756946826375
                },
                "metrics": {
                    "outcome": 0.01598650580398331
                },
                "metadata": {
                    "trials": 1
                }
            },
            {
                "query": {
                    "x1": 0.020368690303679937,
                    "x2": -0.4188259161985681
                },
                "metrics": {
                    "outcome": -0.27272281395552556
                },
                "metadata": {
                    "trials": 1
                }
            },
            {
                "query": {
                    "x1": -0.0773851944982773,
                    "x2": -0.12110745271566525
                },
                "metrics": {
                    "outcome": 0.6180289962535006
                },
                "metadata": {
                    "trials": 1
                }
            }
        ],
        [
            {
                "query": {
                    "x1": 4.0,
                    "x2": 1.9953631321563599
                },
                "metrics": {
                    "outcome": 3.723112141124527
                },
                "metadata": {
                    "trials": 1
                }
            },
            {
                "query": {
                    "x1": 4.0,
                    "x2": 2.314550175254511
                },
                "metrics": {
                    "outcome": 3.658476275641379
                },
                "metadata": {
                    "trials": 1
                }
            },
            {
                "query": {
                    "x1": 3.758834300599786,
                    "x2": 1.885164722830912
                },
                "metrics": {
                    "outcome": 2.988755477464645
                },
                "metadata": {
                    "trials": 1
                }
            }
        ],
        [
            {
                "query": {
                    "x1": 1.4448884557749482,
                    "x2": 0.0573568153745172
                },
                "metrics": {
                    "outcome": 1.8989547042488686
                },
                "metadata": {
                    "trials": 1
                }
            },
            {
                "query": {
                    "x1": 1.4035352581755038,
                    "x2": -0.2692412012016585
                },
                "metrics": {
                    "outcome": 1.9260111398696103
                },
                "metadata": {
                    "trials": 1
                }
            },
            {
                "query": {
                    "x1": 1.417493980480645,
                    "x2": 0.38460902628127824
                },
                "metrics": {
                    "outcome": 1.87550059379588
                },
                "metadata": {
                    "trials": 1
                }
            }
        ],
        [
            {
                "query": {
                    "x1": -1.5,
                    "x2": -2.9999999999999996
                },
                "metrics": {
                    "outcome": -1.0224698823349039
                },
                "metadata": {
                    "trials": 1
                }
            },
            {
                "query": {
                    "x1": -1.3585879685100326,
                    "x2": -3.0
                },
                "metrics": {
                    "outcome": -0.8298220186423659
                },
                "metadata": {
                    "trials": 1
                }
            },
            {
                "query": {
                    "x1": -1.5,
                    "x2": -2.825016513147396
                },
                "metrics": {
                    "outcome": -1.1309676992817463
                },
                "metadata": {
                    "trials": 1
                }
            }
        ],
        [
            {
                "query": {
                    "x1": 2.3127997218251455,
                    "x2": 1.4603843829356586
                },
                "metrics": {
                    "outcome": 1.3179433369200084
                },
                "metadata": {
                    "trials": 1
                }
            },
            {
                "query": {
                    "x1": 0.6485955665726086,
                    "x2": -1.3024989739797108
                },
                "metrics": {
                    "outcome": -0.030660105393440773
                },
                "metadata": {
                    "trials": 1
                }
            },
            {
                "query": {
                    "x1": -1.5,
                    "x2": -1.6063731373648122
                },
                "metrics": {
                    "outcome": -0.7898298346036823
                },
                "metadata": {
                    "trials": 1
                }
            }
        ],
        [
            {
                "query": {
                    "x1": -0.5579190881103504,
                    "x2": -2.191635035700358
                },
                "metrics": {
                    "outcome": -1.355254238198301
                },
                "metadata": {
                    "trials": 1
                }
            },
            {
                "query": {
                    "x1": -0.47677578919857155,
                    "x2": -2.1674670727366707
                },
                "metrics": {
                    "outcome": -1.3221650628628834
                },
                "metadata": {
                    "trials": 1
                }
            },
            {
                "query": {
                    "x1": -0.6367259852509735,
                    "x2": -2.226095711520773
                },
                "metrics": {
                    "outcome": -1.3592284356459934
                },
                "metadata": {
                    "trials": 1
                }
            }
        ],
        [
            {
                "query": {
                    "x1": -0.21776008156134896,
                    "x2": -0.9782208019976952
                },
                "metrics": {
                    "outcome": -1.47118657946324
                },
                "metadata": {
                    "trials": 1
                }
            },
            {
                "query": {
                    "x1": -0.28997796114660934,
                    "x2": -0.9595784990858967
                },
                "metrics": {
                    "outcome": -1.4644590935934176
                },
                "metadata": {
                    "trials": 1
                }
            },
            {
                "query": {
                    "x1": -0.1467863132955891,
                    "x2": -0.9982032019456826
                },
                "metrics": {
                    "outcome": -1.4611235879438471
                },
                "metadata": {
                    "trials": 1
                }
            }
        ],
        [
            {
                "query": {
                    "x1": -0.032142533651993155,
                    "x2": -1.7062867728655748
                },
                "metrics": {
                    "outcome": -1.4007266615718654
                },
                "metadata": {
                    "trials": 1
                }
            },
            {
                "query": {
                    "x1": -0.10174647094254152,
                    "x2": -1.7157493759292612
                },
                "metrics": {
                    "outcome": -1.5014720508743888
                },
                "metadata": {
                    "trials": 1
                }
            },
            {
                "query": {
                    "x1": 0.03619853589105104,
                    "x2": -1.699128334313933
                },
                "metrics": {
                    "outcome": -1.2865180063500077
                },
                "metadata": {
                    "trials": 1
                }
            }
        ],
        [
            {
                "query": {
                    "x1": 2.172647174603743,
                    "x2": 2.7896548088825277
                },
                "metrics": {
                    "outcome": 4.126930739637865
                },
                "metadata": {
                    "trials": 1
                }
            },
            {
                "query": {
                    "x1": 1.6904014748164404,
                    "x2": 4.0
                },
                "metrics": {
                    "outcome": 13.23997107164648
                },
                "metadata": {
                    "trials": 1
                }
            },
            {
                "query": {
                    "x1": 2.0218581787160326,
                    "x2": 3.1142885128371303
                },
                "metrics": {
                    "outcome": 6.0347877975968
                },
                "metadata": {
                    "trials": 1
                }
            }
        ],
        [
            {
                "query": {
                    "x1": -0.8831694752035228,
                    "x2": -1.2038163202501464
                },
                "metrics": {
                    "outcome": -1.45167844059113
                },
                "metadata": {
                    "trials": 1
                }
            },
            {
                "query": {
                    "x1": -0.8132479745841934,
                    "x2": -1.2076814315530189
                },
                "metrics": {
                    "outcome": -1.5441430744820082
                },
                "metadata": {
                    "trials": 1
                }
            },
            {
                "query": {
                    "x1": -0.9519761070237899,
                    "x2": -1.2035853229253115
                },
                "metrics": {
                    "outcome": -1.3515337220293508
                },
                "metadata": {
                    "trials": 1
                }
            }
        ],
        [
            {
                "query": {
                    "x1": -0.7988194255445802,
                    "x2": -1.8208709244157462
                },
                "metrics": {
                    "outcome": -1.8078889997564929
                },
                "metadata": {
                    "trials": 1
                }
            },
            {
                "query": {
                    "x1": -0.8469353617680938,
                    "x2": -1.7933939942327015
                },
                "metrics": {
                    "outcome": -1.7978318036441943
                },
                "metadata": {
                    "trials": 1
                }
            },
            {
                "query": {
                    "x1": -0.8948775549617071,
                    "x2": -1.765184793020101
                },
                "metrics": {
                    "outcome": -1.776346969101867
                },
                "metadata": {
                    "trials": 1
                }
            }
        ],
        [
            {
                "query": {
                    "x1": -1.5,
                    "x2": 2.0915479375512316
                },
                "metrics": {
                    "outcome": 21.93573303173457
                },
                "metadata": {
                    "trials": 1
                }
            },
            {
                "query": {
                    "x1": -1.0143906200436485,
                    "x2": 1.9469331280691629
                },
                "metrics": {
                    "outcome": 16.96149443734597
                },
                "metadata": {
                    "trials": 1
                }
            },
            {
                "query": {
                    "x1": -1.5,
                    "x2": 2.6982031885907114
                },
                "metrics": {
                    "outcome": 28.55180447738183
                },
                "metadata": {
                    "trials": 1
                }
            }
        ],
        [
            {
                "query": {
                    "x1": 4.0,
                    "x2": -1.2974493734225194
                },
                "metrics": {
                    "outcome": 20.24441897251807
                },
                "metadata": {
                    "trials": 1
                }
            },
            {
                "query": {
                    "x1": 4.0,
                    "x2": -0.9392906557423464
                },
                "metrics": {
                    "outcome": 17.129160689475803
                },
                "metadata": {
                    "trials": 1
                }
            },
            {
                "query": {
                    "x1": 4.0,
                    "x2": -1.648193732065338
                },
                "metrics": {
                    "outcome": 23.491811009534494
                },
                "metadata": {
                    "trials": 1
                }
            }
        ],
        [
            {
                "query": {
                    "x1": -1.5,
                    "x2": -0.1949322040224537
                },
                "metrics": {
                    "outcome": 3.4735664109903954
                },
                "metadata": {
                    "trials": 1
                }
            },
            {
                "query": {
                    "x1": -1.5,
                    "x2": 0.07526492895769055
                },
                "metrics": {
                    "outcome": 4.930269913541635
                },
                "metadata": {
                    "trials": 1
                }
            },
            {
                "query": {
                    "x1": -1.5,
                    "x2": -0.46018507833955313
                },
                "metrics": {
                    "outcome": 2.255611098818931
                },
                "metadata": {
                    "trials": 1
                }
            }
        ],
        [
            {
                "query": {
                    "x1": -1.5,
                    "x2": -2.2129611054965532
                },
                "metrics": {
                    "outcome": -1.23330558169513
                },
                "metadata": {
                    "trials": 1
                }
            },
            {
                "query": {
                    "x1": -1.5,
                    "x2": -2.3226089060943207
                },
                "metrics": {
                    "outcome": -1.2502539434437643
                },
                "metadata": {
                    "trials": 1
                }
            },
            {
                "query": {
                    "x1": -1.5,
                    "x2": -2.103660878467832
                },
                "metrics": {
                    "outcome": -1.1989453457710093
                },
                "metadata": {
                    "trials": 1
                }
            }
        ],
        [
            {
                "query": {
                    "x1": 0.7149776996049737,
                    "x2": -3.0
                },
                "metrics": {
                    "outcome": 5.472992278999721
                },
                "metadata": {
                    "trials": 1
                }
            },
            {
                "query": {
                    "x1": 0.4556111515492356,
                    "x2": -3.0
                },
                "metrics": {
                    "outcome": 4.195499233575424
                },
                "metadata": {
                    "trials": 1
                }
            },
            {
                "query": {
                    "x1": 0.9743595094495223,
                    "x2": -3.0
                },
                "metrics": {
                    "outcome": 6.935664744749836
                },
                "metadata": {
                    "trials": 1
                }
            }
        ],
        [
            {
                "query": {
                    "x1": 4.0,
                    "x2": 4.0
                },
                "metrics": {
                    "outcome": 5.9893582466233815
                },
                "metadata": {
                    "trials": 1
                }
            },
            {
                "query": {
                    "x1": 3.3552230050957093,
                    "x2": 0.8854772509754247
                },
                "metrics": {
                    "outcome": 3.3897004925951055
                },
                "metadata": {
                    "trials": 1
                }
            },
            {
                "query": {
                    "x1": 4.0,
                    "x2": 3.561935130358245
                },
                "metrics": {
                    "outcome": 5.054395322921493
                },
                "metadata": {
                    "trials": 1
                }
            }
        ],
        [
            {
                "query": {
                    "x1": -0.29410939080798526,
                    "x2": -1.4167227669343418
                },
                "metrics": {
                    "outcome": -1.8305930344810455
                },
                "metadata": {
                    "trials": 1
                }
            },
            {
                "query": {
                    "x1": -0.3427438719753302,
                    "x2": -1.4350789426925064
                },
                "metrics": {
                    "outcome": -1.8590320901393267
                },
                "metadata": {
                    "trials": 1
                }
            },
            {
                "query": {
                    "x1": -0.24701270389488572,
                    "x2": -1.4015990185302487
                },
                "metrics": {
                    "outcome": -1.7973828420781732
                },
                "metadata": {
                    "trials": 1
                }
            }
        ],
        [
            {
                "query": {
                    "x1": 0.17237542227322722,
                    "x2": -0.2780683685527574
                },
                "metrics": {
                    "outcome": 0.1436692803697064
                },
                "metadata": {
                    "trials": 1
                }
            },
            {
                "query": {
                    "x1": -0.013841227016474056,
                    "x2": -0.31402994130759065
                },
                "metrics": {
                    "outcome": 0.0037719207040707303
                },
                "metadata": {
                    "trials": 1
                }
            },
            {
                "query": {
                    "x1": 0.35638953836265586,
                    "x2": -0.23838674808856197
                },
                "metrics": {
                    "outcome": 0.3409367759462112
                },
                "metadata": {
                    "trials": 1
                }
            }
        ],
        [
            {
                "query": {
                    "x1": 4.0,
                    "x2": 2.0496618081493008
                },
                "metrics": {
                    "outcome": 3.696566769103823
                },
                "metadata": {
                    "trials": 1
                }
            },
            {
                "query": {
                    "x1": 3.7390727738436613,
                    "x2": 2.044268482678695
                },
                "metrics": {
                    "outcome": 2.895134956931287
                },
                "metadata": {
                    "trials": 1
                }
            },
            {
                "query": {
                    "x1": 3.485994931295634,
                    "x2": 2.02783095014167
                },
                "metrics": {
                    "outcome": 2.2711519536054428
                },
                "metadata": {
                    "trials": 1
                }
            }
        ],
        [
            {
                "query": {
                    "x1": 1.1169918330706983,
                    "x2": 0.778035195746511
                },
                "metrics": {
                    "outcome": 2.3323879313211364
                },
                "metadata": {
                    "trials": 1
                }
            },
            {
                "query": {
                    "x1": 1.378789461334963,
                    "x2": 0.7188297698468329
                },
                "metrics": {
                    "outcome": 2.028845868020858
                },
                "metadata": {
                    "trials": 1
                }
            },
            {
                "query": {
                    "x1": 0.8541219210379571,
                    "x2": 0.7926385547014618
                },
                "metrics": {
                    "outcome": 2.701309820773062
                },
                "metadata": {
                    "trials": 1
                }
            }
        ],
        [
            {
                "query": {
                    "x1": -1.4999999999999996,
                    "x2": -3.0
                },
                "metrics": {
                    "outcome": -1.022469882334903
                },
                "metadata": {
                    "trials": 1
                }
            },
            {
                "query": {
                    "x1": -1.350758807900167,
                    "x2": -3.0
                },
                "metrics": {
                    "outcome": -0.8185439658156799
                },
                "metadata": {
                    "trials": 1
                }
            },
            {
                "query": {
                    "x1": -1.202069301595208,
                    "x2": -3.0
                },
                "metrics": {
                    "outcome": -0.5917528481986283
                },
                "metadata": {
                    "trials": 1
                }
            }
        ],
        [
            {
                "query": {
                    "x1": 2.0336495326558848,
                    "x2": 1.5670060868123183
                },
                "metrics": {
                    "outcome": 1.6416887431727707
                },
                "metadata": {
                    "trials": 1
                }
            },
            {
                "query": {
                    "x1": 0.8572689942171361,
                    "x2": -0.860545251477399
                },
                "metrics": {
                    "outcome": 0.5103429112927655
                },
                "metadata": {
                    "trials": 1
                }
            },
            {
                "query": {
                    "x1": 2.289467581262988,
                    "x2": 1.5168609533699202
                },
                "metrics": {
                    "outcome": 1.3380207414272154
                },
                "metadata": {
                    "trials": 1
                }
            }
        ]
    ],
    "best_results": [
        {
            "query": {
                "x1": -0.5243692007362941,
                "x2": -1.585904642557659
            },
            "metrics": [
                {
                    "name": "outcome",
                    "value": -1.9093275028987895
                }
            ]
        }
    ]
}