{
    "date": "04/11/2022 13:58:37",
    "basic_params": {
        "active_variables": [
            "x1",
            "x2"
        ],
        "default_query": {},
        "metric": "basic",
        "n_trials": 1
    },
    "objective_function": {
        "name": "Branin",
        "params": {}
    },
    "optimizer": {
        "name": "BBO-LP(LCB)",
        "params": {
            "lower_bound": [
                -5.0,
                0.0
            ],
            "upper_bound": [
                10.0,
                15.0
            ],
            "invert_metric": false,
            "bopt_params": {
                "n_init_samples": 15,
                "n_iterations": 45,
                "n_iter_relearn": 5,
                "verbose_level": 1,
                "n_parallel_samples": 3,
                "par_type": "PAR_BBO",
                "crit_name": "cLP(cLCB)",
                "n_crit_params": 3,
                "crit_params": [
                    3,
                    1,
                    1.0
                ]
            }
        }
    },
    "iterations": [
        [
            {
                "query": {
                    "x1": 2.8789880264084786,
                    "x2": 0.18192873033694923
                },
                "metrics": {
                    "outcome": 6.048284787993382
                },
                "metadata": {
                    "trials": 1
                }
            }
        ],
        [
            {
                "query": {
                    "x1": -2.772305795457214,
                    "x2": 2.5664274282753468
                },
                "metrics": {
                    "outcome": 79.16792005547308
                },
                "metadata": {
                    "trials": 1
                }
            }
        ],
        [
            {
                "query": {
                    "x1": 9.706966070458293,
                    "x2": 14.602855999488384
                },
                "metrics": {
                    "outcome": 141.90107395096751
                },
                "metadata": {
                    "trials": 1
                }
            }
        ],
        [
            {
                "query": {
                    "x1": 3.343848831485957,
                    "x2": 4.336457302328199
                },
                "metrics": {
                    "outcome": 5.494989287419976
                },
                "metadata": {
                    "trials": 1
                }
            }
        ],
        [
            {
                "query": {
                    "x1": 6.018078961642459,
                    "x2": 13.240127385826781
                },
                "metrics": {
                    "outcome": 166.63379718210456
                },
                "metadata": {
                    "trials": 1
                }
            }
        ],
        [
            {
                "query": {
                    "x1": -4.5248873443342745,
                    "x2": 11.577103494666517
                },
                "metrics": {
                    "outcome": 26.438580649298743
                },
                "metadata": {
                    "trials": 1
                }
            }
        ],
        [
            {
                "query": {
                    "x1": -1.3510041644331068,
                    "x2": 7.380874058930203
                },
                "metrics": {
                    "outcome": 13.10375385713127
                },
                "metadata": {
                    "trials": 1
                }
            }
        ],
        [
            {
                "query": {
                    "x1": 1.8102261906024069,
                    "x2": 8.412622120929882
                },
                "metrics": {
                    "outcome": 31.4432715534943
                },
                "metadata": {
                    "trials": 1
                }
            }
        ],
        [
            {
                "query": {
                    "x1": 8.046842146199197,
                    "x2": 12.095024697016925
                },
                "metrics": {
                    "outcome": 119.18920742253158
                },
                "metadata": {
                    "trials": 1
                }
            }
        ],
        [
            {
                "query": {
                    "x1": 5.055010303622112,
                    "x2": 1.5672936534974724
                },
                "metrics": {
                    "outcome": 13.322946144831537
                },
                "metadata": {
                    "trials": 1
                }
            }
        ],
        [
            {
                "query": {
                    "x1": 7.1684365381952375,
                    "x2": 9.91637831600383
                },
                "metrics": {
                    "outcome": 91.54235709141238
                },
                "metadata": {
                    "trials": 1
                }
            }
        ],
        [
            {
                "query": {
                    "x1": -0.640598249156028,
                    "x2": 5.643186342902482
                },
                "metrics": {
                    "outcome": 19.74148156335221
                },
                "metadata": {
                    "trials": 1
                }
            }
        ],
        [
            {
                "query": {
                    "x1": -3.7309571786317974,
                    "x2": 10.47819553827867
                },
                "metrics": {
                    "outcome": 12.632781973739132
                },
                "metadata": {
                    "trials": 1
                }
            }
        ],
        [
            {
                "query": {
                    "x1": 0.9031918055843562,
                    "x2": 6.769357513869181
                },
                "metrics": {
                    "outcome": 20.360818807604286
                },
                "metadata": {
                    "trials": 1
                }
            }
        ],
        [
            {
                "query": {
                    "x1": 4.905714854365215,
                    "x2": 3.0086100874468684
                },
                "metrics": {
                    "outcome": 14.75979954525534
                },
                "metadata": {
                    "trials": 1
                }
            }
        ],
        [
            {
                "query": {
                    "x1": 7.093131483971574,
                    "x2": 4.548906117007654
                },
                "metrics": {
                    "outcome": 27.76578384984353
                },
                "metadata": {
                    "trials": 1
                }
            },
            {
                "query": {
                    "x1": 7.093131483971574,
                    "x2": 4.548906117007654
                },
                "metrics": {
                    "outcome": 27.76578384984353
                },
                "metadata": {
                    "trials": 1
                }
            },
            {
                "query": {
                    "x1": 7.093131483971574,
                    "x2": 4.548906117007654
                },
                "metrics": {
                    "outcome": 27.76578384984353
                },
                "metadata": {
                    "trials": 1
                }
            }
        ],
        [
            {
                "query": {
                    "x1": 7.346626710780406,
                    "x2": 0.0
                },
                "metrics": {
                    "outcome": 16.30361240602216
                },
                "metadata": {
                    "trials": 1
                }
            },
            {
                "query": {
                    "x1": 7.346626713544435,
                    "x2": 0.0
                },
                "metrics": {
                    "outcome": 16.303612384994203
                },
                "metadata": {
                    "trials": 1
                }
            },
            {
                "query": {
                    "x1": 7.346626708187587,
                    "x2": 0.0
                },
                "metrics": {
                    "outcome": 16.3036124257476
                },
                "metadata": {
                    "trials": 1
                }
            }
        ],
        [
            {
                "query": {
                    "x1": -5.0,
                    "x2": 9.02854762977263
                },
                "metrics": {
                    "outcome": 79.28997364375378
                },
                "metadata": {
                    "trials": 1
                }
            },
            {
                "query": {
                    "x1": -5.0,
                    "x2": 9.028547619593757
                },
                "metrics": {
                    "outcome": 79.28997380984882
                },
                "metadata": {
                    "trials": 1
                }
            },
            {
                "query": {
                    "x1": -5.0,
                    "x2": 9.028547611573536
                },
                "metrics": {
                    "outcome": 79.28997394071973
                },
                "metadata": {
                    "trials": 1
                }
            }
        ],
        [
            {
                "query": {
                    "x1": 2.811213214835198,
                    "x2": 0.0
                },
                "metrics": {
                    "outcome": 7.403111768980314
                },
                "metadata": {
                    "trials": 1
                }
            },
            {
                "query": {
                    "x1": 2.8257256863841604,
                    "x2": 0.0
                },
                "metrics": {
                    "outcome": 7.2952034763470195
                },
                "metadata": {
                    "trials": 1
                }
            },
            {
                "query": {
                    "x1": 2.7967005670806975,
                    "x2": 0.0
                },
                "metrics": {
                    "outcome": 7.513526830898571
                },
                "metadata": {
                    "trials": 1
                }
            }
        ],
        [
            {
                "query": {
                    "x1": 4.240957349829854,
                    "x2": 0.2894873750556326
                },
                "metrics": {
                    "outcome": 7.288498626645876
                },
                "metadata": {
                    "trials": 1
                }
            },
            {
                "query": {
                    "x1": 4.240957349829854,
                    "x2": 0.2894873750556326
                },
                "metrics": {
                    "outcome": 7.288498626645876
                },
                "metadata": {
                    "trials": 1
                }
            },
            {
                "query": {
                    "x1": 4.240957349829854,
                    "x2": 0.2894873750556326
                },
                "metrics": {
                    "outcome": 7.288498626645876
                },
                "metadata": {
                    "trials": 1
                }
            }
        ],
        [
            {
                "query": {
                    "x1": -2.4991943287317206,
                    "x2": 11.932170886508855
                },
                "metrics": {
                    "outcome": 3.6291688634642947
                },
                "metadata": {
                    "trials": 1
                }
            },
            {
                "query": {
                    "x1": -2.4991943287317206,
                    "x2": 11.932170886508855
                },
                "metrics": {
                    "outcome": 3.6291688634642947
                },
                "metadata": {
                    "trials": 1
                }
            },
            {
                "query": {
                    "x1": -2.4991943287317206,
                    "x2": 11.932170886508855
                },
                "metrics": {
                    "outcome": 3.6291688634642947
                },
                "metadata": {
                    "trials": 1
                }
            }
        ],
        [
            {
                "query": {
                    "x1": -2.926238735983033,
                    "x2": 11.005523117033032
                },
                "metrics": {
                    "outcome": 1.194132537163842
                },
                "metadata": {
                    "trials": 1
                }
            },
            {
                "query": {
                    "x1": -2.926238758702823,
                    "x2": 11.005523154445132
                },
                "metrics": {
                    "outcome": 1.1941325146845347
                },
                "metadata": {
                    "trials": 1
                }
            },
            {
                "query": {
                    "x1": -2.926238735891852,
                    "x2": 11.0055231169957
                },
                "metrics": {
                    "outcome": 1.1941325370830516
                },
                "metadata": {
                    "trials": 1
                }
            }
        ],
        [
            {
                "query": {
                    "x1": 3.112231845347196,
                    "x2": 2.22721932761944
                },
                "metrics": {
                    "outcome": 0.4070369747027005
                },
                "metadata": {
                    "trials": 1
                }
            },
            {
                "query": {
                    "x1": 3.1154904565637906,
                    "x2": 2.2034340473264864
                },
                "metrics": {
                    "outcome": 0.4096240918490306
                },
                "metadata": {
                    "trials": 1
                }
            },
            {
                "query": {
                    "x1": 3.108998935498345,
                    "x2": 2.2510047166591285
                },
                "metrics": {
                    "outcome": 0.4054426155847253
                },
                "metadata": {
                    "trials": 1
                }
            }
        ],
        [
            {
                "query": {
                    "x1": 3.057451418851757,
                    "x2": 2.2718095030247283
                },
                "metrics": {
                    "outcome": 0.4367189285332227
                },
                "metadata": {
                    "trials": 1
                }
            },
            {
                "query": {
                    "x1": 3.0590331540225097,
                    "x2": 2.259862298744111
                },
                "metrics": {
                    "outcome": 0.4370577604189094
                },
                "metadata": {
                    "trials": 1
                }
            },
            {
                "query": {
                    "x1": 3.0558953733125325,
                    "x2": 2.2837619275430483
                },
                "metrics": {
                    "outcome": 0.43660805410615033
                },
                "metadata": {
                    "trials": 1
                }
            }
        ],
        [
            {
                "query": {
                    "x1": 3.1354940730074112,
                    "x2": 2.30107800183579
                },
                "metrics": {
                    "outcome": 0.39852034278272797
                },
                "metadata": {
                    "trials": 1
                }
            },
            {
                "query": {
                    "x1": 3.1361507259529233,
                    "x2": 2.295858268007802
                },
                "metrics": {
                    "outcome": 0.3983054474983039
                },
                "metadata": {
                    "trials": 1
                }
            },
            {
                "query": {
                    "x1": 3.1348445087345276,
                    "x2": 2.3062968431396467
                },
                "metrics": {
                    "outcome": 0.39878346019510147
                },
                "metadata": {
                    "trials": 1
                }
            }
        ],
        [
            {
                "query": {
                    "x1": 3.1356913371828714,
                    "x2": 2.2918146736801903
                },
                "metrics": {
                    "outcome": 0.398203591346066
                },
                "metadata": {
                    "trials": 1
                }
            },
            {
                "query": {
                    "x1": 3.1351998718118033,
                    "x2": 2.2941635300768333
                },
                "metrics": {
                    "outcome": 0.3982844327087527
                },
                "metadata": {
                    "trials": 1
                }
            },
            {
                "query": {
                    "x1": 3.1361756653257764,
                    "x2": 2.2894676283886106
                },
                "metrics": {
                    "outcome": 0.39813308271430436
                },
                "metadata": {
                    "trials": 1
                }
            }
        ],
        [
            {
                "query": {
                    "x1": 3.135736796692262,
                    "x2": 2.2916159758580985
                },
                "metrics": {
                    "outcome": 0.3981970678245368
                },
                "metadata": {
                    "trials": 1
                }
            },
            {
                "query": {
                    "x1": 3.1352219451091123,
                    "x2": 2.2936573987835582
                },
                "metrics": {
                    "outcome": 0.39826946150792075
                },
                "metadata": {
                    "trials": 1
                }
            },
            {
                "query": {
                    "x1": 3.1362418798329,
                    "x2": 2.289578220169341
                },
                "metrics": {
                    "outcome": 0.39813301015313485
                },
                "metadata": {
                    "trials": 1
                }
            }
        ],
        [
            {
                "query": {
                    "x1": 3.135729558155324,
                    "x2": 2.2915165754611477
                },
                "metrics": {
                    "outcome": 0.3981949553564341
                },
                "metadata": {
                    "trials": 1
                }
            },
            {
                "query": {
                    "x1": 3.1351835077380024,
                    "x2": 2.2934005097405477
                },
                "metrics": {
                    "outcome": 0.3982640496191383
                },
                "metadata": {
                    "trials": 1
                }
            },
            {
                "query": {
                    "x1": 3.1362619917067036,
                    "x2": 2.2896404216253883
                },
                "metrics": {
                    "outcome": 0.39813360571206324
                },
                "metadata": {
                    "trials": 1
                }
            }
        ],
        [
            {
                "query": {
                    "x1": 3.135757354203202,
                    "x2": 2.291330648126295
                },
                "metrics": {
                    "outcome": 0.3981894999631237
                },
                "metadata": {
                    "trials": 1
                }
            },
            {
                "query": {
                    "x1": 3.1351685579376323,
                    "x2": 2.2931446843221446
                },
                "metrics": {
                    "outcome": 0.398257874658146
                },
                "metadata": {
                    "trials": 1
                }
            },
            {
                "query": {
                    "x1": 3.13632128914095,
                    "x2": 2.2895435519930674
                },
                "metrics": {
                    "outcome": 0.3981295306103423
                },
                "metadata": {
                    "trials": 1
                }
            }
        ],
        [
            {
                "query": {
                    "x1": 3.134215901572695,
                    "x2": 2.2958287027937962
                },
                "metrics": {
                    "outcome": 0.39837568317184235
                },
                "metadata": {
                    "trials": 1
                }
            },
            {
                "query": {
                    "x1": 3.1347709599676783,
                    "x2": 2.2940620177458784
                },
                "metrics": {
                    "outcome": 0.39829945538171607
                },
                "metadata": {
                    "trials": 1
                }
            },
            {
                "query": {
                    "x1": 3.1364978594705057,
                    "x2": 2.2891048251288653
                },
                "metrics": {
                    "outcome": 0.398114559571626
                },
                "metadata": {
                    "trials": 1
                }
            }
        ],
        [
            {
                "query": {
                    "x1": 3.137520486622469,
                    "x2": 2.286081786455426
                },
                "metrics": {
                    "outcome": 0.3980294434130762
                },
                "metadata": {
                    "trials": 1
                }
            },
            {
                "query": {
                    "x1": 3.1370488576120064,
                    "x2": 2.287824716576046
                },
                "metrics": {
                    "outcome": 0.39807257164726195
                },
                "metadata": {
                    "trials": 1
                }
            },
            {
                "query": {
                    "x1": 3.1379244505475814,
                    "x2": 2.2843475753094284
                },
                "metrics": {
                    "outcome": 0.3979940165322464
                },
                "metadata": {
                    "trials": 1
                }
            }
        ],
        [
            {
                "query": {
                    "x1": 3.138109705757582,
                    "x2": 2.2845864477830764
                },
                "metrics": {
                    "outcome": 0.39799277757843754
                },
                "metadata": {
                    "trials": 1
                }
            },
            {
                "query": {
                    "x1": 3.137685857884719,
                    "x2": 2.2863095505657585
                },
                "metrics": {
                    "outcome": 0.398028877693978
                },
                "metadata": {
                    "trials": 1
                }
            },
            {
                "query": {
                    "x1": 3.138477089669367,
                    "x2": 2.2828688045553207
                },
                "metrics": {
                    "outcome": 0.3979635304959519
                },
                "metadata": {
                    "trials": 1
                }
            }
        ],
        [
            {
                "query": {
                    "x1": 3.138648295572203,
                    "x2": 2.2832493443342994
                },
                "metrics": {
                    "outcome": 0.3979644060050447
                },
                "metadata": {
                    "trials": 1
                }
            },
            {
                "query": {
                    "x1": 3.1382652809579064,
                    "x2": 2.2849550433790187
                },
                "metrics": {
                    "outcome": 0.39799466305747977
                },
                "metadata": {
                    "trials": 1
                }
            },
            {
                "query": {
                    "x1": 3.1389863247905794,
                    "x2": 2.281548253332045
                },
                "metrics": {
                    "outcome": 0.39794035452128895
                },
                "metadata": {
                    "trials": 1
                }
            }
        ],
        [
            {
                "query": {
                    "x1": 3.139126032386997,
                    "x2": 2.282085144185547
                },
                "metrics": {
                    "outcome": 0.39794320164530106
                },
                "metadata": {
                    "trials": 1
                }
            },
            {
                "query": {
                    "x1": 3.1387484425638537,
                    "x2": 2.2838833617395555
                },
                "metrics": {
                    "outcome": 0.39797060801806516
                },
                "metadata": {
                    "trials": 1
                }
            },
            {
                "query": {
                    "x1": 3.1394609010986,
                    "x2": 2.2802905824116078
                },
                "metrics": {
                    "outcome": 0.39792233445457725
                },
                "metadata": {
                    "trials": 1
                }
            }
        ],
        [
            {
                "query": {
                    "x1": 3.1395380698184763,
                    "x2": 2.2810939319303314
                },
                "metrics": {
                    "outcome": 0.3979277944748656
                },
                "metadata": {
                    "trials": 1
                }
            },
            {
                "query": {
                    "x1": 3.139209628069283,
                    "x2": 2.28275653035857
                },
                "metrics": {
                    "outcome": 0.3979494010067679
                },
                "metadata": {
                    "trials": 1
                }
            },
            {
                "query": {
                    "x1": 3.1398357312180902,
                    "x2": 2.279434449096397
                },
                "metrics": {
                    "outcome": 0.3979115649847156
                },
                "metadata": {
                    "trials": 1
                }
            }
        ],
        [
            {
                "query": {
                    "x1": 3.139882657257573,
                    "x2": 2.280274199569261
                },
                "metrics": {
                    "outcome": 0.39791692212642005
                },
                "metadata": {
                    "trials": 1
                }
            },
            {
                "query": {
                    "x1": 3.139572457885887,
                    "x2": 2.2819100692203658
                },
                "metrics": {
                    "outcome": 0.39793540409212014
                },
                "metadata": {
                    "trials": 1
                }
            },
            {
                "query": {
                    "x1": 3.140166038143983,
                    "x2": 2.2786412122622046
                },
                "metrics": {
                    "outcome": 0.3979035217464215
                },
                "metadata": {
                    "trials": 1
                }
            }
        ],
        [
            {
                "query": {
                    "x1": 3.1401645637412443,
                    "x2": 2.2796087012127293
                },
                "metrics": {
                    "outcome": 0.3979093623261001
                },
                "metadata": {
                    "trials": 1
                }
            },
            {
                "query": {
                    "x1": 3.140436972912081,
                    "x2": 2.278005306308765
                },
                "metrics": {
                    "outcome": 0.39789819625962153
                },
                "metadata": {
                    "trials": 1
                }
            },
            {
                "query": {
                    "x1": 3.1398692463542197,
                    "x2": 2.281214976240424
                },
                "metrics": {
                    "outcome": 0.39792534002500624
                },
                "metadata": {
                    "trials": 1
                }
            }
        ],
        [
            {
                "query": {
                    "x1": 3.1403917814112017,
                    "x2": 2.2790740620928136
                },
                "metrics": {
                    "outcome": 0.39790412435971767
                },
                "metadata": {
                    "trials": 1
                }
            },
            {
                "query": {
                    "x1": 3.1401085357218648,
                    "x2": 2.2806497929418623
                },
                "metrics": {
                    "outcome": 0.39791811157339296
                },
                "metadata": {
                    "trials": 1
                }
            },
            {
                "query": {
                    "x1": 3.14065515189853,
                    "x2": 2.277501457335148
                },
                "metrics": {
                    "outcome": 0.39789471111768293
                },
                "metadata": {
                    "trials": 1
                }
            }
        ],
        [
            {
                "query": {
                    "x1": 3.1405736301924385,
                    "x2": 2.2786484668226676
                },
                "metrics": {
                    "outcome": 0.3979004864370541
                },
                "metadata": {
                    "trials": 1
                }
            },
            {
                "query": {
                    "x1": 3.140299599667971,
                    "x2": 2.28019311134807
                },
                "metrics": {
                    "outcome": 0.39791289504046823
                },
                "metadata": {
                    "trials": 1
                }
            },
            {
                "query": {
                    "x1": 3.140828689981843,
                    "x2": 2.277106867442062
                },
                "metrics": {
                    "outcome": 0.39789244296512294
                },
                "metadata": {
                    "trials": 1
                }
            }
        ],
        [
            {
                "query": {
                    "x1": 3.1407174611263464,
                    "x2": 2.278311581033515
                },
                "metrics": {
                    "outcome": 0.3978979465607626
                },
                "metadata": {
                    "trials": 1
                }
            },
            {
                "query": {
                    "x1": 3.140451953939845,
                    "x2": 2.2798254180888637
                },
                "metrics": {
                    "outcome": 0.39790909430070265
                },
                "metadata": {
                    "trials": 1
                }
            },
            {
                "query": {
                    "x1": 3.1409660041371783,
                    "x2": 2.276800745574918
                },
                "metrics": {
                    "outcome": 0.3978909643890507
                },
                "metadata": {
                    "trials": 1
                }
            }
        ],
        [
            {
                "query": {
                    "x1": 3.140831733638855,
                    "x2": 2.2780442819576994
                },
                "metrics": {
                    "outcome": 0.3978961439417983
                },
                "metadata": {
                    "trials": 1
                }
            },
            {
                "query": {
                    "x1": 3.140572693356857,
                    "x2": 2.279528352944207
                },
                "metrics": {
                    "outcome": 0.3979062861035878
                },
                "metadata": {
                    "trials": 1
                }
            },
            {
                "query": {
                    "x1": 3.1410742628418866,
                    "x2": 2.276563119425155
                },
                "metrics": {
                    "outcome": 0.3978899907599658
                },
                "metadata": {
                    "trials": 1
                }
            }
        ],
        [
            {
                "query": {
                    "x1": 3.140921530965736,
                    "x2": 2.277835151447168
                },
                "metrics": {
                    "outcome": 0.3978948641650053
                },
                "metadata": {
                    "trials": 1
                }
            },
            {
                "query": {
                    "x1": 3.140668632634858,
                    "x2": 2.279290968792153
                },
                "metrics": {
                    "outcome": 0.3979042036430158
                },
                "metadata": {
                    "trials": 1
                }
            },
            {
                "query": {
                    "x1": 3.141158864396708,
                    "x2": 2.2763823738512854
                },
                "metrics": {
                    "outcome": 0.3978893512101287
                },
                "metadata": {
                    "trials": 1
                }
            }
        ],
        [
            {
                "query": {
                    "x1": 3.1409931347261733,
                    "x2": 2.2776663083582305
                },
                "metrics": {
                    "outcome": 0.39789391771584626
                },
                "metadata": {
                    "trials": 1
                }
            },
            {
                "query": {
                    "x1": 3.1412258454538886,
                    "x2": 2.2762405647650468
                },
                "metrics": {
                    "outcome": 0.39788891475189203
                },
                "metadata": {
                    "trials": 1
                }
            },
            {
                "query": {
                    "x1": 3.1407445704608516,
                    "x2": 2.27909529578429
                },
                "metrics": {
                    "outcome": 0.3979026019673313
                },
                "metadata": {
                    "trials": 1
                }
            }
        ],
        [
            {
                "query": {
                    "x1": 3.1410485501728456,
                    "x2": 2.277535006280237
                },
                "metrics": {
                    "outcome": 0.3978932338933223
                },
                "metadata": {
                    "trials": 1
                }
            },
            {
                "query": {
                    "x1": 3.1408043489000868,
                    "x2": 2.278938635586904
                },
                "metrics": {
                    "outcome": 0.3979013887934073
                },
                "metadata": {
                    "trials": 1
                }
            },
            {
                "query": {
                    "x1": 3.1412781126813343,
                    "x2": 2.2761348651852185
                },
                "metrics": {
                    "outcome": 0.3978886240346622
                },
                "metadata": {
                    "trials": 1
                }
            }
        ],
        [
            {
                "query": {
                    "x1": 3.141092828057946,
                    "x2": 2.2774326519643164
                },
                "metrics": {
                    "outcome": 0.3978927302949504
                },
                "metadata": {
                    "trials": 1
                }
            },
            {
                "query": {
                    "x1": 3.1408519478173478,
                    "x2": 2.2788124210436385
                },
                "metrics": {
                    "outcome": 0.39790045511494476
                },
                "metadata": {
                    "trials": 1
                }
            },
            {
                "query": {
                    "x1": 3.1413180994159173,
                    "x2": 2.27605617873668
                },
                "metrics": {
                    "outcome": 0.3978884286906226
                },
                "metadata": {
                    "trials": 1
                }
            }
        ],
        [
            {
                "query": {
                    "x1": 3.1411270395319075,
                    "x2": 2.277352300804955
                },
                "metrics": {
                    "outcome": 0.3978923553367366
                },
                "metadata": {
                    "trials": 1
                }
            },
            {
                "query": {
                    "x1": 3.1408892407994973,
                    "x2": 2.2787096234658333
                },
                "metrics": {
                    "outcome": 0.39789972514163274
                },
                "metadata": {
                    "trials": 1
                }
            },
            {
                "query": {
                    "x1": 3.1413495558790263,
                    "x2": 2.275998269971155
                },
                "metrics": {
                    "outcome": 0.3978882954192482
                },
                "metadata": {
                    "trials": 1
                }
            }
        ],
        [
            {
                "query": {
                    "x1": 3.141153426009094,
                    "x2": 2.2772900129362235
                },
                "metrics": {
                    "outcome": 0.39789207652427194
                },
                "metadata": {
                    "trials": 1
                }
            },
            {
                "query": {
                    "x1": 3.1409178064922028,
                    "x2": 2.278626111846746
                },
                "metrics": {
                    "outcome": 0.39789915277722976
                },
                "metadata": {
                    "trials": 1
                }
            },
            {
                "query": {
                    "x1": 3.14137301116466,
                    "x2": 2.2759568553843215
                },
                "metrics": {
                    "outcome": 0.397888206449025
                },
                "metadata": {
                    "trials": 1
                }
            }
        ],
        [
            {
                "query": {
                    "x1": 3.1411739235608636,
                    "x2": 2.277239827395913
                },
                "metrics": {
                    "outcome": 0.39789186006405863
                },
                "metadata": {
                    "trials": 1
                }
            },
            {
                "query": {
                    "x1": 3.140941090313568,
                    "x2": 2.2785564910590317
                },
                "metrics": {
                    "outcome": 0.39789868812992424
                },
                "metadata": {
                    "trials": 1
                }
            },
            {
                "query": {
                    "x1": 3.1413915962008616,
                    "x2": 2.2759269142302925
                },
                "metrics": {
                    "outcome": 0.39788814488133006
                },
                "metadata": {
                    "trials": 1
                }
            }
        ],
        [
            {
                "query": {
                    "x1": 3.1411887726715317,
                    "x2": 2.277205701890583
                },
                "metrics": {
                    "outcome": 0.3978917156634765
                },
                "metadata": {
                    "trials": 1
                }
            },
            {
                "query": {
                    "x1": 3.141051515182699,
                    "x2": 2.2785474716492646
                },
                "metrics": {
                    "outcome": 0.3978985318896999
                },
                "metadata": {
                    "trials": 1
                }
            },
            {
                "query": {
                    "x1": 3.1414042546897765,
                    "x2": 2.275911503224175
                },
                "metrics": {
                    "outcome": 0.3978881127125611
                },
                "metadata": {
                    "trials": 1
                }
            }
        ],
        [
            {
                "query": {
                    "x1": 3.14119857037503,
                    "x2": 2.277179544442466
                },
                "metrics": {
                    "outcome": 0.3978916084552946
                },
                "metadata": {
                    "trials": 1
                }
            },
            {
                "query": {
                    "x1": 3.1414122692411333,
                    "x2": 2.2759028089675106
                },
                "metrics": {
                    "outcome": 0.39788809479166787
                },
                "metadata": {
                    "trials": 1
                }
            },
            {
                "query": {
                    "x1": 3.1409692142826433,
                    "x2": 2.2784596521469815
                },
                "metrics": {
                    "outcome": 0.3978980649372268
                },
                "metadata": {
                    "trials": 1
                }
            }
        ],
        [
            {
                "query": {
                    "x1": 3.141206983050619,
                    "x2": 2.277159431358707
                },
                "metrics": {
                    "outcome": 0.3978915264026721
                },
                "metadata": {
                    "trials": 1
                }
            },
            {
                "query": {
                    "x1": 3.140977376848163,
                    "x2": 2.2784231744528936
                },
                "metrics": {
                    "outcome": 0.3978978382369718
                },
                "metadata": {
                    "trials": 1
                }
            },
            {
                "query": {
                    "x1": 3.141419104925383,
                    "x2": 2.2758995565678206
                },
                "metrics": {
                    "outcome": 0.39788808634904527
                },
                "metadata": {
                    "trials": 1
                }
            }
        ],
        [
            {
                "query": {
                    "x1": 3.141210670824412,
                    "x2": 2.277150955932735
                },
                "metrics": {
                    "outcome": 0.3978914920290393
                },
                "metadata": {
                    "trials": 1
                }
            },
            {
                "query": {
                    "x1": 3.14098226698194,
                    "x2": 2.2783987987568826
                },
                "metrics": {
                    "outcome": 0.39789768884782184
                },
                "metadata": {
                    "trials": 1
                }
            },
            {
                "query": {
                    "x1": 3.1414221242405134,
                    "x2": 2.2759071296329223
                },
                "metrics": {
                    "outcome": 0.3978880966337801
                },
                "metadata": {
                    "trials": 1
                }
            }
        ],
        [
            {
                "query": {
                    "x1": 3.1412126024589995,
                    "x2": 2.27714573067119
                },
                "metrics": {
                    "outcome": 0.39789147119413926
                },
                "metadata": {
                    "trials": 1
                }
            },
            {
                "query": {
                    "x1": 3.140984713716863,
                    "x2": 2.2783785910004553
                },
                "metrics": {
                    "outcome": 0.3978975679033212
                },
                "metadata": {
                    "trials": 1
                }
            },
            {
                "query": {
                    "x1": 3.1414228391519057,
                    "x2": 2.2759163816449584
                },
                "metrics": {
                    "outcome": 0.39788811074974184
                },
                "metadata": {
                    "trials": 1
                }
            }
        ],
        [
            {
                "query": {
                    "x1": 3.1412120621435218,
                    "x2": 2.2771477508148767
                },
                "metrics": {
                    "outcome": 0.3978914790829773
                },
                "metadata": {
                    "trials": 1
                }
            },
            {
                "query": {
                    "x1": 3.14098471054276,
                    "x2": 2.27836639403963
                },
                "metrics": {
                    "outcome": 0.397897497205717
                },
                "metadata": {
                    "trials": 1
                }
            },
            {
                "query": {
                    "x1": 3.141421672306274,
                    "x2": 2.275933099110775
                },
                "metrics": {
                    "outcome": 0.3978881376931618
                },
                "metadata": {
                    "trials": 1
                }
            }
        ],
        [
            {
                "query": {
                    "x1": 3.1412104524824613,
                    "x2": 2.2771490715728797
                },
                "metrics": {
                    "outcome": 0.39789148521959206
                },
                "metadata": {
                    "trials": 1
                }
            },
            {
                "query": {
                    "x1": 3.1409823978261215,
                    "x2": 2.2783546749173063
                },
                "metrics": {
                    "outcome": 0.39789743269095545
                },
                "metadata": {
                    "trials": 1
                }
            },
            {
                "query": {
                    "x1": 3.1414191244252336,
                    "x2": 2.2759472730821453
                },
                "metrics": {
                    "outcome": 0.3978881615489076
                },
                "metadata": {
                    "trials": 1
                }
            }
        ],
        [
            {
                "query": {
                    "x1": 3.141207387887629,
                    "x2": 2.277157258842138
                },
                "metrics": {
                    "outcome": 0.39789151800558287
                },
                "metadata": {
                    "trials": 1
                }
            },
            {
                "query": {
                    "x1": 3.140978731041743,
                    "x2": 2.2783498225604975
                },
                "metrics": {
                    "outcome": 0.3978974098971868
                },
                "metadata": {
                    "trials": 1
                }
            },
            {
                "query": {
                    "x1": 3.1414153571961734,
                    "x2": 2.2759683654461056
                },
                "metrics": {
                    "outcome": 0.3978881977041677
                },
                "metadata": {
                    "trials": 1
                }
            }
        ],
        [
            {
                "query": {
                    "x1": 3.141201773885859,
                    "x2": 2.2771694334882273
                },
                "metrics": {
                    "outcome": 0.3978915679367532
                },
                "metadata": {
                    "trials": 1
                }
            },
            {
                "query": {
                    "x1": 3.1409730305174133,
                    "x2": 2.278349488118468
                },
                "metrics": {
                    "outcome": 0.3978974162281208
                },
                "metadata": {
                    "trials": 1
                }
            },
            {
                "query": {
                    "x1": 3.141409844452294,
                    "x2": 2.2759927098348762
                },
                "metrics": {
                    "outcome": 0.39788824091534103
                },
                "metadata": {
                    "trials": 1
                }
            }
        ],
        [
            {
                "query": {
                    "x1": 3.1411957221970983,
                    "x2": 2.2771846832508653
                },
                "metrics": {
                    "outcome": 0.3978916302040041
                },
                "metadata": {
                    "trials": 1
                }
            },
            {
                "query": {
                    "x1": 3.1414168795282205,
                    "x2": 2.2759415559575213
                },
                "metrics": {
                    "outcome": 0.39788815324239124
                },
                "metadata": {
                    "trials": 1
                }
            },
            {
                "query": {
                    "x1": 3.1409491800304394,
                    "x2": 2.278431797273459
                },
                "metrics": {
                    "outcome": 0.3978979301069856
                },
                "metadata": {
                    "trials": 1
                }
            }
        ],
        [
            {
                "query": {
                    "x1": 3.141188443009497,
                    "x2": 2.277199057811706
                },
                "metrics": {
                    "outcome": 0.39789169089373466
                },
                "metadata": {
                    "trials": 1
                }
            },
            {
                "query": {
                    "x1": 3.141409946183895,
                    "x2": 2.275967605058725
                },
                "metrics": {
                    "outcome": 0.39788819881283466
                },
                "metadata": {
                    "trials": 1
                }
            },
            {
                "query": {
                    "x1": 3.1409417540133955,
                    "x2": 2.27843506095708
                },
                "metrics": {
                    "outcome": 0.3978979614428848
                },
                "metadata": {
                    "trials": 1
                }
            }
        ],
        [
            {
                "query": {
                    "x1": 3.1411807304978634,
                    "x2": 2.2772191445670273
                },
                "metrics": {
                    "outcome": 0.3978917743268724
                },
                "metadata": {
                    "trials": 1
                }
            },
            {
                "query": {
                    "x1": 3.1409490655933787,
                    "x2": 2.278366606073777
                },
                "metrics": {
                    "outcome": 0.3978975525419379
                },
                "metadata": {
                    "trials": 1
                }
            },
            {
                "query": {
                    "x1": 3.1413887810099155,
                    "x2": 2.2760759710313554
                },
                "metrics": {
                    "outcome": 0.3978883981218413
                },
                "metadata": {
                    "trials": 1
                }
            }
        ]
    ],
    "best_results": [
        {
            "query": {
                "x1": 3.141419104925383,
                "x2": 2.2758995565678206
            },
            "metrics": [
                {
                    "name": "outcome",
                    "value": 0.39788808634904527
                }
            ]
        }
    ]
}