{
    "date": "04/11/2022 13:57:13",
    "basic_params": {
        "active_variables": [
            "x"
        ],
        "default_query": {},
        "metric": "basic",
        "n_trials": 1
    },
    "objective_function": {
        "name": "Gramacy1D",
        "params": {}
    },
    "optimizer": {
        "name": "BBO-LP(LCB)",
        "params": {
            "lower_bound": [
                0.5
            ],
            "upper_bound": [
                2.5
            ],
            "invert_metric": false,
            "bopt_params": {
                "n_init_samples": 15,
                "n_iterations": 45,
                "n_iter_relearn": 5,
                "verbose_level": 1,
                "n_parallel_samples": 3,
                "par_type": "PAR_BBO",
                "crit_name": "cLP(cLCB)",
                "n_crit_params": 3,
                "crit_params": [
                    3,
                    1,
                    1.0
                ]
            }
        }
    },
    "iterations": [
        [
            {
                "query": {
                    "x": 1.3886928505574665
                },
                "metrics": {
                    "outcome": -0.10240019936367324
                },
                "metadata": {
                    "trials": 1
                }
            }
        ],
        [
            {
                "query": {
                    "x": 1.7780638083815574
                },
                "metrics": {
                    "outcome": 0.18767697037857908
                },
                "metadata": {
                    "trials": 1
                }
            }
        ],
        [
            {
                "query": {
                    "x": 1.6589946163197358
                },
                "metrics": {
                    "outcome": 0.478028415633576
                },
                "metadata": {
                    "trials": 1
                }
            }
        ],
        [
            {
                "query": {
                    "x": 1.1242462685331702
                },
                "metrics": {
                    "outcome": -0.3067079719041713
                },
                "metadata": {
                    "trials": 1
                }
            }
        ],
        [
            {
                "query": {
                    "x": 1.554341230976085
                },
                "metrics": {
                    "outcome": -0.22426288760516316
                },
                "metadata": {
                    "trials": 1
                }
            }
        ],
        [
            {
                "query": {
                    "x": 2.0060758852710325
                },
                "metrics": {
                    "outcome": 1.071812922459296
                },
                "metadata": {
                    "trials": 1
                }
            }
        ],
        [
            {
                "query": {
                    "x": 1.268701805981497
                },
                "metrics": {
                    "outcome": 0.3332292673371671
                },
                "metadata": {
                    "trials": 1
                }
            }
        ],
        [
            {
                "query": {
                    "x": 2.4714276496631404
                },
                "metrics": {
                    "outcome": 4.845832811978629
                },
                "metadata": {
                    "trials": 1
                }
            }
        ],
        [
            {
                "query": {
                    "x": 2.213182126016666
                },
                "metrics": {
                    "outcome": 2.257135356568185
                },
                "metadata": {
                    "trials": 1
                }
            }
        ],
        [
            {
                "query": {
                    "x": 0.8641845795636376
                },
                "metrics": {
                    "outcome": 0.5224178767649571
                },
                "metadata": {
                    "trials": 1
                }
            }
        ],
        [
            {
                "query": {
                    "x": 0.6543435989258191
                },
                "metrics": {
                    "outcome": 0.7712963269825079
                },
                "metadata": {
                    "trials": 1
                }
            }
        ],
        [
            {
                "query": {
                    "x": 1.0287559842069944
                },
                "metrics": {
                    "outcome": 0.38174004585614923
                },
                "metadata": {
                    "trials": 1
                }
            }
        ],
        [
            {
                "query": {
                    "x": 2.3156614933162927
                },
                "metrics": {
                    "outcome": 2.8942376862217953
                },
                "metadata": {
                    "trials": 1
                }
            }
        ],
        [
            {
                "query": {
                    "x": 1.9541263688976567
                },
                "metrics": {
                    "outcome": 0.5750281997772226
                },
                "metadata": {
                    "trials": 1
                }
            }
        ],
        [
            {
                "query": {
                    "x": 0.505426048890998
                },
                "metrics": {
                    "outcome": -0.10798798439108209
                },
                "metadata": {
                    "trials": 1
                }
            }
        ],
        [
            {
                "query": {
                    "x": 1.4784996353880584
                },
                "metrics": {
                    "outcome": 0.26387155688226527
                },
                "metadata": {
                    "trials": 1
                }
            },
            {
                "query": {
                    "x": 1.43736411453757
                },
                "metrics": {
                    "outcome": 0.3573994286479053
                },
                "metadata": {
                    "trials": 1
                }
            },
            {
                "query": {
                    "x": 1.5195495158690628
                },
                "metrics": {
                    "outcome": -0.11675796361899964
                },
                "metadata": {
                    "trials": 1
                }
            }
        ],
        [
            {
                "query": {
                    "x": 1.1454701912870182
                },
                "metrics": {
                    "outcome": -0.4316416831579374
                },
                "metadata": {
                    "trials": 1
                }
            },
            {
                "query": {
                    "x": 1.3520637198410936
                },
                "metrics": {
                    "outcome": -0.3536647876956558
                },
                "metadata": {
                    "trials": 1
                }
            },
            {
                "query": {
                    "x": 1.1025384011335997
                },
                "metrics": {
                    "outcome": -0.036015962039062245
                },
                "metadata": {
                    "trials": 1
                }
            }
        ],
        [
            {
                "query": {
                    "x": 1.1525034068769293
                },
                "metrics": {
                    "outcome": -0.43195627143234167
                },
                "metadata": {
                    "trials": 1
                }
            },
            {
                "query": {
                    "x": 1.1380586840672233
                },
                "metrics": {
                    "outcome": -0.40842651816806574
                },
                "metadata": {
                    "trials": 1
                }
            },
            {
                "query": {
                    "x": 1.1669612318804976
                },
                "metrics": {
                    "outcome": -0.368284615549121
                },
                "metadata": {
                    "trials": 1
                }
            }
        ],
        [
            {
                "query": {
                    "x": 1.14907875083923
                },
                "metrics": {
                    "outcome": -0.434455031579119
                },
                "metadata": {
                    "trials": 1
                }
            },
            {
                "query": {
                    "x": 1.1545760704685133
                },
                "metrics": {
                    "outcome": -0.428021074009407
                },
                "metadata": {
                    "trials": 1
                }
            },
            {
                "query": {
                    "x": 1.1436062545997807
                },
                "metrics": {
                    "outcome": -0.4279976277955902
                },
                "metadata": {
                    "trials": 1
                }
            }
        ],
        [
            {
                "query": {
                    "x": 1.1490777484472456
                },
                "metrics": {
                    "outcome": -0.4344550275447752
                },
                "metadata": {
                    "trials": 1
                }
            },
            {
                "query": {
                    "x": 1.1539679034298633
                },
                "metrics": {
                    "outcome": -0.42936357215385607
                },
                "metadata": {
                    "trials": 1
                }
            },
            {
                "query": {
                    "x": 1.1442016901813932
                },
                "metrics": {
                    "outcome": -0.4293234916316211
                },
                "metadata": {
                    "trials": 1
                }
            }
        ],
        [
            {
                "query": {
                    "x": 1.149095409613322
                },
                "metrics": {
                    "outcome": -0.43445503543334596
                },
                "metadata": {
                    "trials": 1
                }
            },
            {
                "query": {
                    "x": 1.1536582968382967
                },
                "metrics": {
                    "outcome": -0.4299872366322959
                },
                "metadata": {
                    "trials": 1
                }
            },
            {
                "query": {
                    "x": 1.1445427525661391
                },
                "metrics": {
                    "outcome": -0.4300145918875087
                },
                "metadata": {
                    "trials": 1
                }
            }
        ],
        [
            {
                "query": {
                    "x": 1.1490993312506426
                },
                "metrics": {
                    "outcome": -0.4344550190058173
                },
                "metadata": {
                    "trials": 1
                }
            },
            {
                "query": {
                    "x": 1.1448045827500173
                },
                "metrics": {
                    "outcome": -0.4305113230312805
                },
                "metadata": {
                    "trials": 1
                }
            },
            {
                "query": {
                    "x": 1.1533998800386849
                },
                "metrics": {
                    "outcome": -0.43047682732111864
                },
                "metadata": {
                    "trials": 1
                }
            }
        ],
        [
            {
                "query": {
                    "x": 1.1491011555121837
                },
                "metrics": {
                    "outcome": -0.43445500911275853
                },
                "metadata": {
                    "trials": 1
                }
            },
            {
                "query": {
                    "x": 1.1449999729805267
                },
                "metrics": {
                    "outcome": -0.4308628541210536
                },
                "metadata": {
                    "trials": 1
                }
            },
            {
                "query": {
                    "x": 1.1532056935300692
                },
                "metrics": {
                    "outcome": -0.43082616336553975
                },
                "metadata": {
                    "trials": 1
                }
            }
        ],
        [
            {
                "query": {
                    "x": 1.1491019903912394
                },
                "metrics": {
                    "outcome": -0.4344550041083468
                },
                "metadata": {
                    "trials": 1
                }
            },
            {
                "query": {
                    "x": 1.1451544544216548
                },
                "metrics": {
                    "outcome": -0.4311291915720086
                },
                "metadata": {
                    "trials": 1
                }
            },
            {
                "query": {
                    "x": 1.1530513588241786
                },
                "metrics": {
                    "outcome": -0.43109243142081854
                },
                "metadata": {
                    "trials": 1
                }
            }
        ],
        [
            {
                "query": {
                    "x": 1.149102332234393
                },
                "metrics": {
                    "outcome": -0.43445500197288334
                },
                "metadata": {
                    "trials": 1
                }
            },
            {
                "query": {
                    "x": 1.1452814414740926
                },
                "metrics": {
                    "outcome": -0.43134045689130757
                },
                "metadata": {
                    "trials": 1
                }
            },
            {
                "query": {
                    "x": 1.1529240700940946
                },
                "metrics": {
                    "outcome": -0.43130444982938715
                },
                "metadata": {
                    "trials": 1
                }
            }
        ],
        [
            {
                "query": {
                    "x": 1.1491023763804655
                },
                "metrics": {
                    "outcome": -0.4344550016934469
                },
                "metadata": {
                    "trials": 1
                }
            },
            {
                "query": {
                    "x": 1.1453887113783208
                },
                "metrics": {
                    "outcome": -0.4315135256123323
                },
                "metadata": {
                    "trials": 1
                }
            },
            {
                "query": {
                    "x": 1.1528162328154452
                },
                "metrics": {
                    "outcome": -0.431478697820819
                },
                "metadata": {
                    "trials": 1
                }
            }
        ],
        [
            {
                "query": {
                    "x": 1.1491022581450987
                },
                "metrics": {
                    "outcome": -0.43445500243997315
                },
                "metadata": {
                    "trials": 1
                }
            },
            {
                "query": {
                    "x": 1.1454812230204416
                },
                "metrics": {
                    "outcome": -0.4316588155441699
                },
                "metadata": {
                    "trials": 1
                }
            },
            {
                "query": {
                    "x": 1.152723016339389
                },
                "metrics": {
                    "outcome": -0.4316253484492562
                },
                "metadata": {
                    "trials": 1
                }
            }
        ],
        [
            {
                "query": {
                    "x": 1.1491020740895395
                },
                "metrics": {
                    "outcome": -0.4344550035901316
                },
                "metadata": {
                    "trials": 1
                }
            },
            {
                "query": {
                    "x": 1.1455623370833634
                },
                "metrics": {
                    "outcome": -0.4317831814390015
                },
                "metadata": {
                    "trials": 1
                }
            },
            {
                "query": {
                    "x": 1.1526411964922447
                },
                "metrics": {
                    "outcome": -0.4317510324891769
                },
                "metadata": {
                    "trials": 1
                }
            }
        ],
        [
            {
                "query": {
                    "x": 1.1491018160834536
                },
                "metrics": {
                    "outcome": -0.43445500517790847
                },
                "metadata": {
                    "trials": 1
                }
            },
            {
                "query": {
                    "x": 1.1456343434714358
                },
                "metrics": {
                    "outcome": -0.4318912153981714
                },
                "metadata": {
                    "trials": 1
                }
            },
            {
                "query": {
                    "x": 1.1525684472436417
                },
                "metrics": {
                    "outcome": -0.4318603974306048
                },
                "metadata": {
                    "trials": 1
                }
            }
        ],
        [
            {
                "query": {
                    "x": 1.1491015381896665
                },
                "metrics": {
                    "outcome": -0.43445500685608934
                },
                "metadata": {
                    "trials": 1
                }
            },
            {
                "query": {
                    "x": 1.1456989794049144
                },
                "metrics": {
                    "outcome": -0.4319862941988595
                },
                "metadata": {
                    "trials": 1
                }
            },
            {
                "query": {
                    "x": 1.152503073118873
                },
                "metrics": {
                    "outcome": -0.43195675878282336
                },
                "metadata": {
                    "trials": 1
                }
            }
        ],
        [
            {
                "query": {
                    "x": 1.1491012172376607
                },
                "metrics": {
                    "outcome": -0.43445500875301507
                },
                "metadata": {
                    "trials": 1
                }
            },
            {
                "query": {
                    "x": 1.1457574755090005
                },
                "metrics": {
                    "outcome": -0.43207079416396477
                },
                "metadata": {
                    "trials": 1
                }
            },
            {
                "query": {
                    "x": 1.1524438215027482
                },
                "metrics": {
                    "outcome": -0.4320425277990028
                },
                "metadata": {
                    "trials": 1
                }
            }
        ],
        [
            {
                "query": {
                    "x": 1.1491009301389565
                },
                "metrics": {
                    "outcome": -0.4344550104123633
                },
                "metadata": {
                    "trials": 1
                }
            },
            {
                "query": {
                    "x": 1.1458108458151737
                },
                "metrics": {
                    "outcome": -0.4321466071080439
                },
                "metadata": {
                    "trials": 1
                }
            },
            {
                "query": {
                    "x": 1.15238976791221
                },
                "metrics": {
                    "outcome": -0.4321194717653313
                },
                "metadata": {
                    "trials": 1
                }
            }
        ],
        [
            {
                "query": {
                    "x": 1.149100623960276
                },
                "metrics": {
                    "outcome": -0.43445501214297394
                },
                "metadata": {
                    "trials": 1
                }
            },
            {
                "query": {
                    "x": 1.1458598557771595
                },
                "metrics": {
                    "outcome": -0.43221514812353246
                },
                "metadata": {
                    "trials": 1
                }
            },
            {
                "query": {
                    "x": 1.15234008376278
                },
                "metrics": {
                    "outcome": -0.43218910103190267
                },
                "metadata": {
                    "trials": 1
                }
            }
        ],
        [
            {
                "query": {
                    "x": 1.1491003328915208
                },
                "metrics": {
                    "outcome": -0.43445501375084183
                },
                "metadata": {
                    "trials": 1
                }
            },
            {
                "query": {
                    "x": 1.1459050822802086
                },
                "metrics": {
                    "outcome": -0.43227748218642265
                },
                "metadata": {
                    "trials": 1
                }
            },
            {
                "query": {
                    "x": 1.1522942275794195
                },
                "metrics": {
                    "outcome": -0.4322524347162099
                },
                "metadata": {
                    "trials": 1
                }
            }
        ],
        [
            {
                "query": {
                    "x": 1.149100040384388
                },
                "metrics": {
                    "outcome": -0.4344550153299925
                },
                "metadata": {
                    "trials": 1
                }
            },
            {
                "query": {
                    "x": 1.1459470586760134
                },
                "metrics": {
                    "outcome": -0.43233455019570716
                },
                "metadata": {
                    "trials": 1
                }
            },
            {
                "query": {
                    "x": 1.152251639436948
                },
                "metrics": {
                    "outcome": -0.4323104542414152
                },
                "metadata": {
                    "trials": 1
                }
            }
        ],
        [
            {
                "query": {
                    "x": 1.1490997680692336
                },
                "metrics": {
                    "outcome": -0.43445501676709813
                },
                "metadata": {
                    "trials": 1
                }
            },
            {
                "query": {
                    "x": 1.1459861721705797
                },
                "metrics": {
                    "outcome": -0.43238704444948334
                },
                "metadata": {
                    "trials": 1
                }
            },
            {
                "query": {
                    "x": 1.1522119666009234
                },
                "metrics": {
                    "outcome": -0.43236380837557814
                },
                "metadata": {
                    "trials": 1
                }
            }
        ],
        [
            {
                "query": {
                    "x": 1.149099421965875
                },
                "metrics": {
                    "outcome": -0.4344550185476401
                },
                "metadata": {
                    "trials": 1
                }
            },
            {
                "query": {
                    "x": 1.1460227011068733
                },
                "metrics": {
                    "outcome": -0.4324354761648462
                },
                "metadata": {
                    "trials": 1
                }
            },
            {
                "query": {
                    "x": 1.1521747425890072
                },
                "metrics": {
                    "outcome": -0.4324132606003276
                },
                "metadata": {
                    "trials": 1
                }
            }
        ],
        [
            {
                "query": {
                    "x": 1.149099179575527
                },
                "metrics": {
                    "outcome": -0.4344550197639894
                },
                "metadata": {
                    "trials": 1
                }
            },
            {
                "query": {
                    "x": 1.1460570520348938
                },
                "metrics": {
                    "outcome": -0.432480496914541
                },
                "metadata": {
                    "trials": 1
                }
            },
            {
                "query": {
                    "x": 1.1521398957772901
                },
                "metrics": {
                    "outcome": -0.4324590206336706
                },
                "metadata": {
                    "trials": 1
                }
            }
        ],
        [
            {
                "query": {
                    "x": 1.149098969933947
                },
                "metrics": {
                    "outcome": -0.43445502079564713
                },
                "metadata": {
                    "trials": 1
                }
            },
            {
                "query": {
                    "x": 1.1460894262059047
                },
                "metrics": {
                    "outcome": -0.4325224626363786
                },
                "metadata": {
                    "trials": 1
                }
            },
            {
                "query": {
                    "x": 1.1521070994784703
                },
                "metrics": {
                    "outcome": -0.43250161613660465
                },
                "metadata": {
                    "trials": 1
                }
            }
        ],
        [
            {
                "query": {
                    "x": 1.1490987242899418
                },
                "metrics": {
                    "outcome": -0.43445502198045427
                },
                "metadata": {
                    "trials": 1
                }
            },
            {
                "query": {
                    "x": 1.14611996000923
                },
                "metrics": {
                    "outcome": -0.43256162990031327
                },
                "metadata": {
                    "trials": 1
                }
            },
            {
                "query": {
                    "x": 1.1520760782017705
                },
                "metrics": {
                    "outcome": -0.43254148512776125
                },
                "metadata": {
                    "trials": 1
                }
            }
        ],
        [
            {
                "query": {
                    "x": 1.1490984637300001
                },
                "metrics": {
                    "outcome": -0.4344550232088763
                },
                "metadata": {
                    "trials": 1
                }
            },
            {
                "query": {
                    "x": 1.1461488363657943
                },
                "metrics": {
                    "outcome": -0.43259830233643776
                },
                "metadata": {
                    "trials": 1
                }
            },
            {
                "query": {
                    "x": 1.1520467011727784
                },
                "metrics": {
                    "outcome": -0.43257886341172197
                },
                "metadata": {
                    "trials": 1
                }
            }
        ],
        [
            {
                "query": {
                    "x": 1.149098191019997
                },
                "metrics": {
                    "outcome": -0.4344550244633454
                },
                "metadata": {
                    "trials": 1
                }
            },
            {
                "query": {
                    "x": 1.1461762197026606
                },
                "metrics": {
                    "outcome": -0.43263274752513975
                },
                "metadata": {
                    "trials": 1
                }
            },
            {
                "query": {
                    "x": 1.1520188068834945
                },
                "metrics": {
                    "outcome": -0.4326140151786234
                },
                "metadata": {
                    "trials": 1
                }
            }
        ],
        [
            {
                "query": {
                    "x": 1.1490980269244857
                },
                "metrics": {
                    "outcome": -0.4344550252027916
                },
                "metadata": {
                    "trials": 1
                }
            },
            {
                "query": {
                    "x": 1.146202341202435
                },
                "metrics": {
                    "outcome": -0.4326653050401953
                },
                "metadata": {
                    "trials": 1
                }
            },
            {
                "query": {
                    "x": 1.1519923348322343
                },
                "metrics": {
                    "outcome": -0.43264706839650346
                },
                "metadata": {
                    "trials": 1
                }
            }
        ],
        [
            {
                "query": {
                    "x": 1.1490978028022854
                },
                "metrics": {
                    "outcome": -0.43445502619404225
                },
                "metadata": {
                    "trials": 1
                }
            },
            {
                "query": {
                    "x": 1.1462271925571281
                },
                "metrics": {
                    "outcome": -0.4326960071642318
                },
                "metadata": {
                    "trials": 1
                }
            },
            {
                "query": {
                    "x": 1.1519670784198852
                },
                "metrics": {
                    "outcome": -0.4326783256907519
                },
                "metadata": {
                    "trials": 1
                }
            }
        ],
        [
            {
                "query": {
                    "x": 1.1490975942970276
                },
                "metrics": {
                    "outcome": -0.43445502709684763
                },
                "metadata": {
                    "trials": 1
                }
            },
            {
                "query": {
                    "x": 1.1462508878821844
                },
                "metrics": {
                    "outcome": -0.4327250338135496
                },
                "metadata": {
                    "trials": 1
                }
            },
            {
                "query": {
                    "x": 1.1519429358316668
                },
                "metrics": {
                    "outcome": -0.43270795065455825
                },
                "metadata": {
                    "trials": 1
                }
            }
        ],
        [
            {
                "query": {
                    "x": 1.1490971836295902
                },
                "metrics": {
                    "outcome": -0.4344550288203808
                },
                "metadata": {
                    "trials": 1
                }
            },
            {
                "query": {
                    "x": 1.146273091310098
                },
                "metrics": {
                    "outcome": -0.43275201381826445
                },
                "metadata": {
                    "trials": 1
                }
            },
            {
                "query": {
                    "x": 1.1519201416990033
                },
                "metrics": {
                    "outcome": -0.4327356931890948
                },
                "metadata": {
                    "trials": 1
                }
            }
        ],
        [
            {
                "query": {
                    "x": 1.1490970151039148
                },
                "metrics": {
                    "outcome": -0.43445502950670295
                },
                "metadata": {
                    "trials": 1
                }
            },
            {
                "query": {
                    "x": 1.1462946858084053
                },
                "metrics": {
                    "outcome": -0.4327780505729314
                },
                "metadata": {
                    "trials": 1
                }
            },
            {
                "query": {
                    "x": 1.1518982091662893
                },
                "metrics": {
                    "outcome": -0.4327621782225093
                },
                "metadata": {
                    "trials": 1
                }
            }
        ],
        [
            {
                "query": {
                    "x": 1.1490968345130397
                },
                "metrics": {
                    "outcome": -0.4344550302286194
                },
                "metadata": {
                    "trials": 1
                }
            },
            {
                "query": {
                    "x": 1.1463153907527557
                },
                "metrics": {
                    "outcome": -0.43280282649979707
                },
                "metadata": {
                    "trials": 1
                }
            },
            {
                "query": {
                    "x": 1.1518771573708002
                },
                "metrics": {
                    "outcome": -0.4327874070272121
                },
                "metadata": {
                    "trials": 1
                }
            }
        ],
        [
            {
                "query": {
                    "x": 1.1490967405228996
                },
                "metrics": {
                    "outcome": -0.43445503059880436
                },
                "metadata": {
                    "trials": 1
                }
            },
            {
                "query": {
                    "x": 1.1463353538587795
                },
                "metrics": {
                    "outcome": -0.4328265401909839
                },
                "metadata": {
                    "trials": 1
                }
            },
            {
                "query": {
                    "x": 1.1518570188475419
                },
                "metrics": {
                    "outcome": -0.43281136470877546
                },
                "metadata": {
                    "trials": 1
                }
            }
        ],
        [
            {
                "query": {
                    "x": 1.1490965797726795
                },
                "metrics": {
                    "outcome": -0.434455031223132
                },
                "metadata": {
                    "trials": 1
                }
            },
            {
                "query": {
                    "x": 1.1463544910809742
                },
                "metrics": {
                    "outcome": -0.4328491119641977
                },
                "metadata": {
                    "trials": 1
                }
            },
            {
                "query": {
                    "x": 1.1518375651840556
                },
                "metrics": {
                    "outcome": -0.4328343436203919
                },
                "metadata": {
                    "trials": 1
                }
            }
        ],
        [
            {
                "query": {
                    "x": 1.1490964678698614
                },
                "metrics": {
                    "outcome": -0.4344550316511912
                },
                "metadata": {
                    "trials": 1
                }
            },
            {
                "query": {
                    "x": 1.1463729414628134
                },
                "metrics": {
                    "outcome": -0.432870724530777
                },
                "metadata": {
                    "trials": 1
                }
            },
            {
                "query": {
                    "x": 1.151818867902775
                },
                "metrics": {
                    "outcome": -0.43285627715703073
                },
                "metadata": {
                    "trials": 1
                }
            }
        ],
        [
            {
                "query": {
                    "x": 1.149096335590091
                },
                "metrics": {
                    "outcome": -0.4344550321502603
                },
                "metadata": {
                    "trials": 1
                }
            },
            {
                "query": {
                    "x": 1.146390720466681
                },
                "metrics": {
                    "outcome": -0.43289141216818694
                },
                "metadata": {
                    "trials": 1
                }
            },
            {
                "query": {
                    "x": 1.1518008448217327
                },
                "metrics": {
                    "outcome": -0.4328772788295255
                },
                "metadata": {
                    "trials": 1
                }
            }
        ],
        [
            {
                "query": {
                    "x": 1.1490961839148062
                },
                "metrics": {
                    "outcome": -0.43445503271325514
                },
                "metadata": {
                    "trials": 1
                }
            },
            {
                "query": {
                    "x": 1.1464078645447802
                },
                "metrics": {
                    "outcome": -0.43291123228003187
                },
                "metadata": {
                    "trials": 1
                }
            },
            {
                "query": {
                    "x": 1.151783424959394
                },
                "metrics": {
                    "outcome": -0.432897446071043
                },
                "metadata": {
                    "trials": 1
                }
            }
        ],
        [
            {
                "query": {
                    "x": 1.1490960355926827
                },
                "metrics": {
                    "outcome": -0.43445503325424656
                },
                "metadata": {
                    "trials": 1
                }
            },
            {
                "query": {
                    "x": 1.146424414353413
                },
                "metrics": {
                    "outcome": -0.4329302454699222
                },
                "metadata": {
                    "trials": 1
                }
            },
            {
                "query": {
                    "x": 1.1517666137910352
                },
                "metrics": {
                    "outcome": -0.43291678602346023
                },
                "metadata": {
                    "trials": 1
                }
            }
        ],
        [
            {
                "query": {
                    "x": 1.1490959814932973
                },
                "metrics": {
                    "outcome": -0.4344550334492172
                },
                "metadata": {
                    "trials": 1
                }
            },
            {
                "query": {
                    "x": 1.14644052889731
                },
                "metrics": {
                    "outcome": -0.4329486454334731
                },
                "metadata": {
                    "trials": 1
                }
            },
            {
                "query": {
                    "x": 1.1517504013416036
                },
                "metrics": {
                    "outcome": -0.4329353231291768
                },
                "metadata": {
                    "trials": 1
                }
            }
        ],
        [
            {
                "query": {
                    "x": 1.1490958740334611
                },
                "metrics": {
                    "outcome": -0.43445503383276635
                },
                "metadata": {
                    "trials": 1
                }
            },
            {
                "query": {
                    "x": 1.1464560281806913
                },
                "metrics": {
                    "outcome": -0.43296623752452873
                },
                "metadata": {
                    "trials": 1
                }
            },
            {
                "query": {
                    "x": 1.1517346784286966
                },
                "metrics": {
                    "outcome": -0.432953193520534
                },
                "metadata": {
                    "trials": 1
                }
            }
        ],
        [
            {
                "query": {
                    "x": 1.1490957342675763
                },
                "metrics": {
                    "outcome": -0.4344550343242019
                },
                "metadata": {
                    "trials": 1
                }
            },
            {
                "query": {
                    "x": 1.1464710352721923
                },
                "metrics": {
                    "outcome": -0.43298317252895135
                },
                "metadata": {
                    "trials": 1
                }
            },
            {
                "query": {
                    "x": 1.1517194262944845
                },
                "metrics": {
                    "outcome": -0.43297042816562176
                },
                "metadata": {
                    "trials": 1
                }
            }
        ],
        [
            {
                "query": {
                    "x": 1.1490956987012306
                },
                "metrics": {
                    "outcome": -0.43445503444791866
                },
                "metadata": {
                    "trials": 1
                }
            },
            {
                "query": {
                    "x": 1.1464856662099923
                },
                "metrics": {
                    "outcome": -0.43299958981816866
                },
                "metadata": {
                    "trials": 1
                }
            },
            {
                "query": {
                    "x": 1.1517047295398388
                },
                "metrics": {
                    "outcome": -0.4329869414471715
                },
                "metadata": {
                    "trials": 1
                }
            }
        ],
        [
            {
                "query": {
                    "x": 1.149095588552466
                },
                "metrics": {
                    "outcome": -0.4344550348276212
                },
                "metadata": {
                    "trials": 1
                }
            },
            {
                "query": {
                    "x": 1.1464997922881324
                },
                "metrics": {
                    "outcome": -0.43301535326123464
                },
                "metadata": {
                    "trials": 1
                }
            },
            {
                "query": {
                    "x": 1.151690378216511
                },
                "metrics": {
                    "outcome": -0.43300297776133506
                },
                "metadata": {
                    "trials": 1
                }
            }
        ],
        [
            {
                "query": {
                    "x": 1.1490954405922944
                },
                "metrics": {
                    "outcome": -0.43445503532946395
                },
                "metadata": {
                    "trials": 1
                }
            },
            {
                "query": {
                    "x": 1.1465134784862263
                },
                "metrics": {
                    "outcome": -0.4330305439904283
                },
                "metadata": {
                    "trials": 1
                }
            },
            {
                "query": {
                    "x": 1.1516764191404143
                },
                "metrics": {
                    "outcome": -0.433018491551354
                },
                "metadata": {
                    "trials": 1
                }
            }
        ]
    ],
    "best_results": [
        {
            "query": {
                "x": 1.149095409613322
            },
            "metrics": [
                {
                    "name": "outcome",
                    "value": -0.43445503543334596
                }
            ]
        }
    ]
}