{
    "date": "04/11/2022 14:01:24",
    "basic_params": {
        "active_variables": [
            "x1",
            "x2"
        ],
        "default_query": {},
        "metric": "basic",
        "n_trials": 1
    },
    "objective_function": {
        "name": "McCormick",
        "params": {}
    },
    "optimizer": {
        "name": "BBO-LP(LCB)",
        "params": {
            "lower_bound": [
                -1.5,
                -3.0
            ],
            "upper_bound": [
                4.0,
                4.0
            ],
            "invert_metric": false,
            "bopt_params": {
                "n_init_samples": 15,
                "n_iterations": 45,
                "n_iter_relearn": 5,
                "verbose_level": 1,
                "n_parallel_samples": 3,
                "par_type": "PAR_BBO",
                "crit_name": "cLP(cLCB)",
                "n_crit_params": 3,
                "crit_params": [
                    3,
                    1,
                    1.0
                ]
            }
        }
    },
    "iterations": [
        [
            {
                "query": {
                    "x1": 0.8903882498154418,
                    "x2": 1.6628862278225522
                },
                "metrics": {
                    "outcome": 4.9733490615708185
                },
                "metadata": {
                    "trials": 1
                }
            }
        ],
        [
            {
                "query": {
                    "x1": 1.5912931029063961,
                    "x2": -2.66320445050175
                },
                "metrics": {
                    "outcome": 9.177682065651105
                },
                "metadata": {
                    "trials": 1
                }
            }
        ],
        [
            {
                "query": {
                    "x1": 2.0435738571221007,
                    "x2": -1.9171417760973175
                },
                "metrics": {
                    "outcome": 8.95514861380893
                },
                "metadata": {
                    "trials": 1
                }
            }
        ],
        [
            {
                "query": {
                    "x1": 3.564540512658035,
                    "x2": 1.7334794038751475
                },
                "metrics": {
                    "outcome": 2.506309007381593
                },
                "metadata": {
                    "trials": 1
                }
            }
        ],
        [
            {
                "query": {
                    "x1": -0.4128645683328309,
                    "x2": -1.3040282418796172
                },
                "metrics": {
                    "outcome": -1.8359479366719111
                },
                "metadata": {
                    "trials": 1
                }
            }
        ],
        [
            {
                "query": {
                    "x1": 2.3732907165540382,
                    "x2": 2.9086326534238953
                },
                "metrics": {
                    "outcome": 4.15608440590849
                },
                "metadata": {
                    "trials": 1
                }
            }
        ],
        [
            {
                "query": {
                    "x1": -0.3608290580722193,
                    "x2": -2.100713905443748
                },
                "metrics": {
                    "outcome": -1.312173555275968
                },
                "metadata": {
                    "trials": 1
                }
            }
        ],
        [
            {
                "query": {
                    "x1": 0.6140385346719994,
                    "x2": 0.6679758583661166
                },
                "metrics": {
                    "outcome": 2.7103825521075944
                },
                "metadata": {
                    "trials": 1
                }
            }
        ],
        [
            {
                "query": {
                    "x1": 0.24650881645890577,
                    "x2": 2.4362042492410794
                },
                "metrics": {
                    "outcome": 11.95845736721825
                },
                "metadata": {
                    "trials": 1
                }
            }
        ],
        [
            {
                "query": {
                    "x1": 1.37203454078796,
                    "x2": 3.4796600232211254
                },
                "metrics": {
                    "outcome": 11.092870762591795
                },
                "metadata": {
                    "trials": 1
                }
            }
        ],
        [
            {
                "query": {
                    "x1": -0.9587949270615355,
                    "x2": -0.9157475217866402
                },
                "metrics": {
                    "outcome": -0.8035460684086893
                },
                "metadata": {
                    "trials": 1
                }
            }
        ],
        [
            {
                "query": {
                    "x1": -1.4992277557884033,
                    "x2": 0.8543519386245557
                },
                "metrics": {
                    "outcome": 10.322959658793778
                },
                "metadata": {
                    "trials": 1
                }
            }
        ],
        [
            {
                "query": {
                    "x1": 3.19785579876819,
                    "x2": 0.14709076274496802
                },
                "metrics": {
                    "outcome": 5.676155253423147
                },
                "metadata": {
                    "trials": 1
                }
            }
        ],
        [
            {
                "query": {
                    "x1": 3.6858404281549157,
                    "x2": 3.8259249409195037
                },
                "metrics": {
                    "outcome": 5.997688635854912
                },
                "metadata": {
                    "trials": 1
                }
            }
        ],
        [
            {
                "query": {
                    "x1": 2.6259591711917896,
                    "x2": -0.2238505389075729
                },
                "metrics": {
                    "outcome": 5.296757067563057
                },
                "metadata": {
                    "trials": 1
                }
            }
        ],
        [
            {
                "query": {
                    "x1": -0.699111899164268,
                    "x2": -1.563975542833748
                },
                "metrics": {
                    "outcome": -1.883067498239348
                },
                "metadata": {
                    "trials": 1
                }
            },
            {
                "query": {
                    "x1": -0.7442800738570813,
                    "x2": -1.7363956614052238
                },
                "metrics": {
                    "outcome": -1.8541166561633355
                },
                "metadata": {
                    "trials": 1
                }
            },
            {
                "query": {
                    "x1": -0.6701837874424483,
                    "x2": -1.3914898817073986
                },
                "metrics": {
                    "outcome": -1.835086160540289
                },
                "metadata": {
                    "trials": 1
                }
            }
        ],
        [
            {
                "query": {
                    "x1": -0.5123305162304999,
                    "x2": -1.6032327132461692
                },
                "metrics": {
                    "outcome": -1.9047665147307158
                },
                "metadata": {
                    "trials": 1
                }
            },
            {
                "query": {
                    "x1": -0.5608232104059926,
                    "x2": -1.706626373787146
                },
                "metrics": {
                    "outcome": -1.8794601603083478
                },
                "metadata": {
                    "trials": 1
                }
            },
            {
                "query": {
                    "x1": -0.4808301343127843,
                    "x2": -1.4951562457793988
                },
                "metrics": {
                    "outcome": -1.9068154485788549
                },
                "metadata": {
                    "trials": 1
                }
            }
        ],
        [
            {
                "query": {
                    "x1": -0.5685722675085724,
                    "x2": -1.5332757367149223
                },
                "metrics": {
                    "outcome": -1.9119530924908674
                },
                "metadata": {
                    "trials": 1
                }
            },
            {
                "query": {
                    "x1": -0.5429005792918893,
                    "x2": -1.474764483960667
                },
                "metrics": {
                    "outcome": -1.905994681632042
                },
                "metadata": {
                    "trials": 1
                }
            },
            {
                "query": {
                    "x1": -0.5993793114567774,
                    "x2": -1.5873171730638622
                },
                "metrics": {
                    "outcome": -1.9094565094682245
                },
                "metadata": {
                    "trials": 1
                }
            }
        ],
        [
            {
                "query": {
                    "x1": -0.5372501025860296,
                    "x2": -1.5485632416186697
                },
                "metrics": {
                    "outcome": -1.913063025492261
                },
                "metadata": {
                    "trials": 1
                }
            },
            {
                "query": {
                    "x1": -0.5520025287000692,
                    "x2": -1.5687425269866915
                },
                "metrics": {
                    "outcome": -1.9126436199931471
                },
                "metadata": {
                    "trials": 1
                }
            },
            {
                "query": {
                    "x1": -0.5230720945560894,
                    "x2": -1.5285046726183074
                },
                "metrics": {
                    "outcome": -1.9123931322550538
                },
                "metadata": {
                    "trials": 1
                }
            }
        ],
        [
            {
                "query": {
                    "x1": -0.5483342527665395,
                    "x2": -1.548323869707647
                },
                "metrics": {
                    "outcome": -1.9132207382693869
                },
                "metadata": {
                    "trials": 1
                }
            },
            {
                "query": {
                    "x1": -0.5573189542166951,
                    "x2": -1.5573717903229598
                },
                "metrics": {
                    "outcome": -1.913045291367426
                },
                "metadata": {
                    "trials": 1
                }
            },
            {
                "query": {
                    "x1": -0.5386871735376106,
                    "x2": -1.5406617774316893
                },
                "metrics": {
                    "outcome": -1.9131207456142363
                },
                "metadata": {
                    "trials": 1
                }
            }
        ],
        [
            {
                "query": {
                    "x1": -0.5468020180982063,
                    "x2": -1.5487418480031185
                },
                "metrics": {
                    "outcome": -1.9132186207386694
                },
                "metadata": {
                    "trials": 1
                }
            },
            {
                "query": {
                    "x1": -0.5393662944858124,
                    "x2": -1.542169824959835
                },
                "metrics": {
                    "outcome": -1.9131433188553495
                },
                "metadata": {
                    "trials": 1
                }
            },
            {
                "query": {
                    "x1": -0.5544979666079262,
                    "x2": -1.5547358536508296
                },
                "metrics": {
                    "outcome": -1.9131278284072826
                },
                "metadata": {
                    "trials": 1
                }
            }
        ],
        [
            {
                "query": {
                    "x1": -0.5466812437854436,
                    "x2": -1.5484999061279958
                },
                "metrics": {
                    "outcome": -1.913219379942944
                },
                "metadata": {
                    "trials": 1
                }
            },
            {
                "query": {
                    "x1": -0.540050445064872,
                    "x2": -1.542116124208907
                },
                "metrics": {
                    "outcome": -1.9131537849438325
                },
                "metadata": {
                    "trials": 1
                }
            },
            {
                "query": {
                    "x1": -0.5536065894700049,
                    "x2": -1.5542988126099995
                },
                "metrics": {
                    "outcome": -1.9131436454813469
                },
                "metadata": {
                    "trials": 1
                }
            }
        ],
        [
            {
                "query": {
                    "x1": -0.546624149432895,
                    "x2": -1.548406100296152
                },
                "metrics": {
                    "outcome": -1.9132196049709354
                },
                "metadata": {
                    "trials": 1
                }
            },
            {
                "query": {
                    "x1": -0.5402437584439834,
                    "x2": -1.5417928072062432
                },
                "metrics": {
                    "outcome": -1.9131542634597363
                },
                "metadata": {
                    "trials": 1
                }
            },
            {
                "query": {
                    "x1": -0.5533895270039191,
                    "x2": -1.5543139537668884
                },
                "metrics": {
                    "outcome": -1.9131456058196683
                },
                "metadata": {
                    "trials": 1
                }
            }
        ],
        [
            {
                "query": {
                    "x1": -0.5465694386639626,
                    "x2": -1.5483920869984615
                },
                "metrics": {
                    "outcome": -1.9132194940234641
                },
                "metadata": {
                    "trials": 1
                }
            },
            {
                "query": {
                    "x1": -0.5409745486595232,
                    "x2": -1.5420844561238565
                },
                "metrics": {
                    "outcome": -1.9131659570752184
                },
                "metadata": {
                    "trials": 1
                }
            },
            {
                "query": {
                    "x1": -0.552650265888376,
                    "x2": -1.553875818956305
                },
                "metrics": {
                    "outcome": -1.9131578800805165
                },
                "metadata": {
                    "trials": 1
                }
            }
        ],
        [
            {
                "query": {
                    "x1": -0.546505093349223,
                    "x2": -1.5484401159943098
                },
                "metrics": {
                    "outcome": -1.913219079644986
                },
                "metadata": {
                    "trials": 1
                }
            },
            {
                "query": {
                    "x1": -0.5413867989054452,
                    "x2": -1.5419965160296203
                },
                "metrics": {
                    "outcome": -1.913169965595984
                },
                "metadata": {
                    "trials": 1
                }
            },
            {
                "query": {
                    "x1": -0.552350247699219,
                    "x2": -1.5537391167799683
                },
                "metrics": {
                    "outcome": -1.9131619429855138
                },
                "metadata": {
                    "trials": 1
                }
            }
        ],
        [
            {
                "query": {
                    "x1": -0.5464664391730509,
                    "x2": -1.5491612779903046
                },
                "metrics": {
                    "outcome": -1.913215035087772
                },
                "metadata": {
                    "trials": 1
                }
            },
            {
                "query": {
                    "x1": -0.5422090339432412,
                    "x2": -1.5420678320335488
                },
                "metrics": {
                    "outcome": -1.9131785178163372
                },
                "metadata": {
                    "trials": 1
                }
            },
            {
                "query": {
                    "x1": -0.5523066831688572,
                    "x2": -1.5539388748640888
                },
                "metrics": {
                    "outcome": -1.913159620923004
                },
                "metadata": {
                    "trials": 1
                }
            }
        ],
        [
            {
                "query": {
                    "x1": -0.546120495480547,
                    "x2": -1.549212844632486
                },
                "metrics": {
                    "outcome": -1.9132130112498538
                },
                "metadata": {
                    "trials": 1
                }
            },
            {
                "query": {
                    "x1": -0.5426406076189318,
                    "x2": -1.5417273808036023
                },
                "metrics": {
                    "outcome": -1.9131785009475921
                },
                "metadata": {
                    "trials": 1
                }
            },
            {
                "query": {
                    "x1": -0.5520652667118842,
                    "x2": -1.5533694045679696
                },
                "metrics": {
                    "outcome": -1.9131685946995267
                },
                "metadata": {
                    "trials": 1
                }
            }
        ],
        [
            {
                "query": {
                    "x1": -0.5456977292850059,
                    "x2": -1.5496868405739526
                },
                "metrics": {
                    "outcome": -1.9132066181136276
                },
                "metadata": {
                    "trials": 1
                }
            },
            {
                "query": {
                    "x1": -0.543491561426488,
                    "x2": -1.541583748416662
                },
                "metrics": {
                    "outcome": -1.9131816371963248
                },
                "metadata": {
                    "trials": 1
                }
            },
            {
                "query": {
                    "x1": -0.5523490418450022,
                    "x2": -1.5507181349323602
                },
                "metrics": {
                    "outcome": -1.913187785010341
                },
                "metadata": {
                    "trials": 1
                }
            }
        ],
        [
            {
                "query": {
                    "x1": -0.5453541711257883,
                    "x2": -1.550546435939982
                },
                "metrics": {
                    "outcome": -1.9131950142091991
                },
                "metadata": {
                    "trials": 1
                }
            },
            {
                "query": {
                    "x1": -0.5443654217392577,
                    "x2": -1.542004238934433
                },
                "metrics": {
                    "outcome": -1.9131894475129925
                },
                "metadata": {
                    "trials": 1
                }
            },
            {
                "query": {
                    "x1": -0.551320738890828,
                    "x2": -1.5466718211141544
                },
                "metrics": {
                    "outcome": -1.9131957425093185
                },
                "metadata": {
                    "trials": 1
                }
            }
        ],
        [
            {
                "query": {
                    "x1": -0.545432650866861,
                    "x2": -1.5512415611078612
                },
                "metrics": {
                    "outcome": -1.9131869633149532
                },
                "metadata": {
                    "trials": 1
                }
            },
            {
                "query": {
                    "x1": -0.5439286749738866,
                    "x2": -1.5427319931010814
                },
                "metrics": {
                    "outcome": -1.9131955810474892
                },
                "metadata": {
                    "trials": 1
                }
            },
            {
                "query": {
                    "x1": -0.5519666005825986,
                    "x2": -1.5530953872098001
                },
                "metrics": {
                    "outcome": -1.9131725131868418
                },
                "metadata": {
                    "trials": 1
                }
            }
        ],
        [
            {
                "query": {
                    "x1": -0.5448698879325248,
                    "x2": -1.5508076561213016
                },
                "metrics": {
                    "outcome": -1.9131869859086317
                },
                "metadata": {
                    "trials": 1
                }
            },
            {
                "query": {
                    "x1": -0.5448493446160493,
                    "x2": -1.5422501146631133
                },
                "metrics": {
                    "outcome": -1.9131931190159959
                },
                "metadata": {
                    "trials": 1
                }
            },
            {
                "query": {
                    "x1": -0.5510161679910531,
                    "x2": -1.5473660235352187
                },
                "metrics": {
                    "outcome": -1.9132027531666047
                },
                "metadata": {
                    "trials": 1
                }
            }
        ],
        [
            {
                "query": {
                    "x1": -0.5449722233201635,
                    "x2": -1.5511728175529766
                },
                "metrics": {
                    "outcome": -1.913183182050937
                },
                "metadata": {
                    "trials": 1
                }
            },
            {
                "query": {
                    "x1": -0.5441996371748343,
                    "x2": -1.542631705955644
                },
                "metrics": {
                    "outcome": -1.9131956877770855
                },
                "metadata": {
                    "trials": 1
                }
            },
            {
                "query": {
                    "x1": -0.5513481325774949,
                    "x2": -1.5533139175116597
                },
                "metrics": {
                    "outcome": -1.9131735372958607
                },
                "metadata": {
                    "trials": 1
                }
            }
        ],
        [
            {
                "query": {
                    "x1": -0.5443553553055029,
                    "x2": -1.550558408968309
                },
                "metrics": {
                    "outcome": -1.9131843606331116
                },
                "metadata": {
                    "trials": 1
                }
            },
            {
                "query": {
                    "x1": -0.5455677174208827,
                    "x2": -1.5423026331048244
                },
                "metrics": {
                    "outcome": -1.9131938367387478
                },
                "metadata": {
                    "trials": 1
                }
            },
            {
                "query": {
                    "x1": -0.5508737759213096,
                    "x2": -1.5483500723270704
                },
                "metrics": {
                    "outcome": -1.9132064988386452
                },
                "metadata": {
                    "trials": 1
                }
            }
        ],
        [
            {
                "query": {
                    "x1": -0.5443942244119504,
                    "x2": -1.5507531412587385
                },
                "metrics": {
                    "outcome": -1.9131822741511542
                },
                "metadata": {
                    "trials": 1
                }
            },
            {
                "query": {
                    "x1": -0.5446684576450737,
                    "x2": -1.5423460256804489
                },
                "metrics": {
                    "outcome": -1.9131939401601428
                },
                "metadata": {
                    "trials": 1
                }
            },
            {
                "query": {
                    "x1": -0.550586080777002,
                    "x2": -1.5533233188641868
                },
                "metrics": {
                    "outcome": -1.913176337463264
                },
                "metadata": {
                    "trials": 1
                }
            }
        ],
        [
            {
                "query": {
                    "x1": -0.54375135563557,
                    "x2": -1.5500024013241906
                },
                "metrics": {
                    "outcome": -1.9131837012783564
                },
                "metadata": {
                    "trials": 1
                }
            },
            {
                "query": {
                    "x1": -0.5486084456969014,
                    "x2": -1.544362871178819
                },
                "metrics": {
                    "outcome": -1.913204052049395
                },
                "metadata": {
                    "trials": 1
                }
            },
            {
                "query": {
                    "x1": -0.5497412999386431,
                    "x2": -1.553217444808018
                },
                "metrics": {
                    "outcome": -1.9131791685203403
                },
                "metadata": {
                    "trials": 1
                }
            }
        ],
        [
            {
                "query": {
                    "x1": -0.5429140507532433,
                    "x2": -1.5487372557988102
                },
                "metrics": {
                    "outcome": -1.9131857836451225
                },
                "metadata": {
                    "trials": 1
                }
            },
            {
                "query": {
                    "x1": -0.5483895985034788,
                    "x2": -1.5441822896908461
                },
                "metrics": {
                    "outcome": -1.9132038136470846
                },
                "metadata": {
                    "trials": 1
                }
            },
            {
                "query": {
                    "x1": -0.5484874167357968,
                    "x2": -1.553012413883468
                },
                "metrics": {
                    "outcome": -1.913180652106453
                },
                "metadata": {
                    "trials": 1
                }
            }
        ],
        [
            {
                "query": {
                    "x1": -0.5447617891732104,
                    "x2": -1.5429143023460483
                },
                "metrics": {
                    "outcome": -1.9131999681647076
                },
                "metadata": {
                    "trials": 1
                }
            },
            {
                "query": {
                    "x1": -0.5446923957832488,
                    "x2": -1.5511908716556615
                },
                "metrics": {
                    "outcome": -1.9131797661020213
                },
                "metadata": {
                    "trials": 1
                }
            },
            {
                "query": {
                    "x1": -0.5506317555301735,
                    "x2": -1.546688398862089
                },
                "metrics": {
                    "outcome": -1.913203702181391
                },
                "metadata": {
                    "trials": 1
                }
            }
        ],
        [
            {
                "query": {
                    "x1": -0.5422687773463996,
                    "x2": -1.5472959380144153
                },
                "metrics": {
                    "outcome": -1.9131875699351655
                },
                "metadata": {
                    "trials": 1
                }
            },
            {
                "query": {
                    "x1": -0.5483266395237565,
                    "x2": -1.5442378486564519
                },
                "metrics": {
                    "outcome": -1.9132047851696417
                },
                "metadata": {
                    "trials": 1
                }
            },
            {
                "query": {
                    "x1": -0.547304717825982,
                    "x2": -1.552618446699478
                },
                "metrics": {
                    "outcome": -1.9131815007389812
                },
                "metadata": {
                    "trials": 1
                }
            }
        ],
        [
            {
                "query": {
                    "x1": -0.5444091089689191,
                    "x2": -1.5426457241518343
                },
                "metrics": {
                    "outcome": -1.9131964820715117
                },
                "metadata": {
                    "trials": 1
                }
            },
            {
                "query": {
                    "x1": -0.5503617717583286,
                    "x2": -1.5464283237539895
                },
                "metrics": {
                    "outcome": -1.913205000356414
                },
                "metadata": {
                    "trials": 1
                }
            },
            {
                "query": {
                    "x1": -0.5445408515507888,
                    "x2": -1.5509128036333442
                },
                "metrics": {
                    "outcome": -1.913181868101125
                },
                "metadata": {
                    "trials": 1
                }
            }
        ],
        [
            {
                "query": {
                    "x1": -0.543840708564074,
                    "x2": -1.5426941229739657
                },
                "metrics": {
                    "outcome": -1.9131948467953177
                },
                "metadata": {
                    "trials": 1
                }
            },
            {
                "query": {
                    "x1": -0.5503365722465291,
                    "x2": -1.5465325759531339
                },
                "metrics": {
                    "outcome": -1.9132058354279415
                },
                "metadata": {
                    "trials": 1
                }
            },
            {
                "query": {
                    "x1": -0.5446898126164326,
                    "x2": -1.5512534829185385
                },
                "metrics": {
                    "outcome": -1.9131788356336346
                },
                "metadata": {
                    "trials": 1
                }
            }
        ],
        [
            {
                "query": {
                    "x1": -0.5434954559041837,
                    "x2": -1.5427606252763697
                },
                "metrics": {
                    "outcome": -1.9131936858846683
                },
                "metadata": {
                    "trials": 1
                }
            },
            {
                "query": {
                    "x1": -0.5509141868077634,
                    "x2": -1.5475429188231278
                },
                "metrics": {
                    "outcome": -1.913204450474821
                },
                "metadata": {
                    "trials": 1
                }
            },
            {
                "query": {
                    "x1": -0.5447985863974263,
                    "x2": -1.5509176761592616
                },
                "metrics": {
                    "outcome": -1.9131847561056432
                },
                "metadata": {
                    "trials": 1
                }
            }
        ],
        [
            {
                "query": {
                    "x1": -0.5434919588762639,
                    "x2": -1.5427039667312352
                },
                "metrics": {
                    "outcome": -1.9131931783507654
                },
                "metadata": {
                    "trials": 1
                }
            },
            {
                "query": {
                    "x1": -0.5513973618366472,
                    "x2": -1.5486549549640012
                },
                "metrics": {
                    "outcome": -1.9132015911394196
                },
                "metadata": {
                    "trials": 1
                }
            },
            {
                "query": {
                    "x1": -0.5449058712963781,
                    "x2": -1.5509311186749666
                },
                "metrics": {
                    "outcome": -1.913185751374395
                },
                "metadata": {
                    "trials": 1
                }
            }
        ],
        [
            {
                "query": {
                    "x1": -0.5436647718185085,
                    "x2": -1.5426009451451597
                },
                "metrics": {
                    "outcome": -1.913193162170736
                },
                "metadata": {
                    "trials": 1
                }
            },
            {
                "query": {
                    "x1": -0.5515085706221762,
                    "x2": -1.5488819615553975
                },
                "metrics": {
                    "outcome": -1.9132005091925617
                },
                "metadata": {
                    "trials": 1
                }
            },
            {
                "query": {
                    "x1": -0.5449549760628564,
                    "x2": -1.5511411062134224
                },
                "metrics": {
                    "outcome": -1.9131834343354734
                },
                "metadata": {
                    "trials": 1
                }
            }
        ],
        [
            {
                "query": {
                    "x1": -0.551568007728632,
                    "x2": -1.548932302068696
                },
                "metrics": {
                    "outcome": -1.913199887126555
                },
                "metadata": {
                    "trials": 1
                }
            },
            {
                "query": {
                    "x1": -0.5437636648010171,
                    "x2": -1.5425467938074966
                },
                "metrics": {
                    "outcome": -1.9131931279803616
                },
                "metadata": {
                    "trials": 1
                }
            },
            {
                "query": {
                    "x1": -0.5449636138938223,
                    "x2": -1.5509482548547973
                },
                "metrics": {
                    "outcome": -1.9131861431641437
                },
                "metadata": {
                    "trials": 1
                }
            }
        ],
        [
            {
                "query": {
                    "x1": -0.5516197835234011,
                    "x2": -1.549030742138492
                },
                "metrics": {
                    "outcome": -1.913199328373309
                },
                "metadata": {
                    "trials": 1
                }
            },
            {
                "query": {
                    "x1": -0.5438158196118179,
                    "x2": -1.5425123734860902
                },
                "metrics": {
                    "outcome": -1.913193034103339
                },
                "metadata": {
                    "trials": 1
                }
            },
            {
                "query": {
                    "x1": -0.5450006639757392,
                    "x2": -1.5509806690963563
                },
                "metrics": {
                    "outcome": -1.9131861053373362
                },
                "metadata": {
                    "trials": 1
                }
            }
        ],
        [
            {
                "query": {
                    "x1": -0.551650920171132,
                    "x2": -1.5490497290142027
                },
                "metrics": {
                    "outcome": -1.9131989931844036
                },
                "metadata": {
                    "trials": 1
                }
            },
            {
                "query": {
                    "x1": -0.5438562327559398,
                    "x2": -1.5424962917406542
                },
                "metrics": {
                    "outcome": -1.913193053754799
                },
                "metadata": {
                    "trials": 1
                }
            },
            {
                "query": {
                    "x1": -0.545120562147448,
                    "x2": -1.5510732977969925
                },
                "metrics": {
                    "outcome": -1.9131861193796587
                },
                "metadata": {
                    "trials": 1
                }
            }
        ],
        [
            {
                "query": {
                    "x1": -0.5516640861807253,
                    "x2": -1.54899927252753
                },
                "metrics": {
                    "outcome": -1.9131988608105623
                },
                "metadata": {
                    "trials": 1
                }
            },
            {
                "query": {
                    "x1": -0.5438577731844327,
                    "x2": -1.5424928118214742
                },
                "metrics": {
                    "outcome": -1.9131930265332864
                },
                "metadata": {
                    "trials": 1
                }
            },
            {
                "query": {
                    "x1": -0.5448216281087988,
                    "x2": -1.5508372429852633
                },
                "metrics": {
                    "outcome": -1.9131860759574928
                },
                "metadata": {
                    "trials": 1
                }
            }
        ],
        [
            {
                "query": {
                    "x1": -0.5516934686924494,
                    "x2": -1.5490975416447024
                },
                "metrics": {
                    "outcome": -1.9131985244805532
                },
                "metadata": {
                    "trials": 1
                }
            },
            {
                "query": {
                    "x1": -0.5439354805452212,
                    "x2": -1.5424766627310187
                },
                "metrics": {
                    "outcome": -1.913193189707746
                },
                "metadata": {
                    "trials": 1
                }
            },
            {
                "query": {
                    "x1": -0.5455830031460553,
                    "x2": -1.5514546396107949
                },
                "metrics": {
                    "outcome": -1.913185456669591
                },
                "metadata": {
                    "trials": 1
                }
            }
        ],
        [
            {
                "query": {
                    "x1": -0.5516530553168897,
                    "x2": -1.5488154951301745
                },
                "metrics": {
                    "outcome": -1.9131989495109551
                },
                "metadata": {
                    "trials": 1
                }
            },
            {
                "query": {
                    "x1": -0.5438019109511808,
                    "x2": -1.542516701986211
                },
                "metrics": {
                    "outcome": -1.913193014189579
                },
                "metadata": {
                    "trials": 1
                }
            },
            {
                "query": {
                    "x1": -0.5444340638348655,
                    "x2": -1.5505420377011234
                },
                "metrics": {
                    "outcome": -1.9131855014848638
                },
                "metadata": {
                    "trials": 1
                }
            }
        ],
        [
            {
                "query": {
                    "x1": -0.5517177196525287,
                    "x2": -1.5491506888562525
                },
                "metrics": {
                    "outcome": -1.9131982431709398
                },
                "metadata": {
                    "trials": 1
                }
            },
            {
                "query": {
                    "x1": -0.5440444257207521,
                    "x2": -1.5424740247593691
                },
                "metrics": {
                    "outcome": -1.9131935834170202
                },
                "metadata": {
                    "trials": 1
                }
            },
            {
                "query": {
                    "x1": -0.5457960693341065,
                    "x2": -1.5516151042014865
                },
                "metrics": {
                    "outcome": -1.9131851571233787
                },
                "metadata": {
                    "trials": 1
                }
            }
        ],
        [
            {
                "query": {
                    "x1": -0.5516478724412021,
                    "x2": -1.5487358774538151
                },
                "metrics": {
                    "outcome": -1.9131989636868671
                },
                "metadata": {
                    "trials": 1
                }
            },
            {
                "query": {
                    "x1": -0.5418933824899813,
                    "x2": -1.546622827360778
                },
                "metrics": {
                    "outcome": -1.9131856049280334
                },
                "metadata": {
                    "trials": 1
                }
            },
            {
                "query": {
                    "x1": -0.5462436494387373,
                    "x2": -1.5524455157312316
                },
                "metrics": {
                    "outcome": -1.913176514135524
                },
                "metadata": {
                    "trials": 1
                }
            }
        ],
        [
            {
                "query": {
                    "x1": -0.544789387107228,
                    "x2": -1.5423536092516574
                },
                "metrics": {
                    "outcome": -1.9131942168277876
                },
                "metadata": {
                    "trials": 1
                }
            },
            {
                "query": {
                    "x1": -0.5510858148391488,
                    "x2": -1.5472348390216677
                },
                "metrics": {
                    "outcome": -1.9132014573099436
                },
                "metadata": {
                    "trials": 1
                }
            },
            {
                "query": {
                    "x1": -0.5471573089619367,
                    "x2": -1.5527391556083379
                },
                "metrics": {
                    "outcome": -1.9131787067536954
                },
                "metadata": {
                    "trials": 1
                }
            }
        ],
        [
            {
                "query": {
                    "x1": -0.5438821580348013,
                    "x2": -1.5424296959943182
                },
                "metrics": {
                    "outcome": -1.9131925089012927
                },
                "metadata": {
                    "trials": 1
                }
            },
            {
                "query": {
                    "x1": -0.5513726273007337,
                    "x2": -1.5478708559460368
                },
                "metrics": {
                    "outcome": -1.913200523354197
                },
                "metadata": {
                    "trials": 1
                }
            },
            {
                "query": {
                    "x1": -0.5440446738409651,
                    "x2": -1.5501019213160274
                },
                "metrics": {
                    "outcome": -1.9131862379917175
                },
                "metadata": {
                    "trials": 1
                }
            }
        ],
        [
            {
                "query": {
                    "x1": -0.5516581187212998,
                    "x2": -1.548808799378204
                },
                "metrics": {
                    "outcome": -1.9131988912075508
                },
                "metadata": {
                    "trials": 1
                }
            },
            {
                "query": {
                    "x1": -0.5439442024510024,
                    "x2": -1.5424384946855316
                },
                "metrics": {
                    "outcome": -1.9131928462828638
                },
                "metadata": {
                    "trials": 1
                }
            },
            {
                "query": {
                    "x1": -0.5441966542409121,
                    "x2": -1.5501523039586569
                },
                "metrics": {
                    "outcome": -1.91318748429546
                },
                "metadata": {
                    "trials": 1
                }
            }
        ],
        [
            {
                "query": {
                    "x1": -0.551733032358234,
                    "x2": -1.5493082795838264
                },
                "metrics": {
                    "outcome": -1.9131979730091642
                },
                "metadata": {
                    "trials": 1
                }
            },
            {
                "query": {
                    "x1": -0.5441309480226222,
                    "x2": -1.5424357669729014
                },
                "metrics": {
                    "outcome": -1.9131935049000006
                },
                "metadata": {
                    "trials": 1
                }
            },
            {
                "query": {
                    "x1": -0.5460783882333292,
                    "x2": -1.5516714396623803
                },
                "metrics": {
                    "outcome": -1.913186802703268
                },
                "metadata": {
                    "trials": 1
                }
            }
        ],
        [
            {
                "query": {
                    "x1": -0.5516060735497295,
                    "x2": -1.5486423809144374
                },
                "metrics": {
                    "outcome": -1.9131993524970126
                },
                "metadata": {
                    "trials": 1
                }
            },
            {
                "query": {
                    "x1": -0.5439684412551438,
                    "x2": -1.5424918796844378
                },
                "metrics": {
                    "outcome": -1.9131934704511027
                },
                "metadata": {
                    "trials": 1
                }
            },
            {
                "query": {
                    "x1": -0.5441258295773047,
                    "x2": -1.5500752379152234
                },
                "metrics": {
                    "outcome": -1.9131875432181258
                },
                "metadata": {
                    "trials": 1
                }
            }
        ],
        [
            {
                "query": {
                    "x1": -0.5517116191755729,
                    "x2": -1.5492616406453354
                },
                "metrics": {
                    "outcome": -1.9131982389818587
                },
                "metadata": {
                    "trials": 1
                }
            },
            {
                "query": {
                    "x1": -0.5441785410872584,
                    "x2": -1.542486422418864
                },
                "metrics": {
                    "outcome": -1.9131941786570614
                },
                "metadata": {
                    "trials": 1
                }
            },
            {
                "query": {
                    "x1": -0.546157873184877,
                    "x2": -1.5517013936350659
                },
                "metrics": {
                    "outcome": -1.9131870314906796
                },
                "metadata": {
                    "trials": 1
                }
            }
        ],
        [
            {
                "query": {
                    "x1": -0.5515782226442176,
                    "x2": -1.5485972395386283
                },
                "metrics": {
                    "outcome": -1.9131996167931575
                },
                "metadata": {
                    "trials": 1
                }
            },
            {
                "query": {
                    "x1": -0.5439669627794255,
                    "x2": -1.5425515890341255
                },
                "metrics": {
                    "outcome": -1.9131940469861553
                },
                "metadata": {
                    "trials": 1
                }
            },
            {
                "query": {
                    "x1": -0.5441072404358275,
                    "x2": -1.5500272654979628
                },
                "metrics": {
                    "outcome": -1.9131878788767107
                },
                "metadata": {
                    "trials": 1
                }
            }
        ],
        [
            {
                "query": {
                    "x1": -0.5516854175722233,
                    "x2": -1.5492307184094227
                },
                "metrics": {
                    "outcome": -1.9131985392267938
                },
                "metadata": {
                    "trials": 1
                }
            },
            {
                "query": {
                    "x1": -0.5442294877632236,
                    "x2": -1.5425327594526854
                },
                "metrics": {
                    "outcome": -1.9131948116317883
                },
                "metadata": {
                    "trials": 1
                }
            },
            {
                "query": {
                    "x1": -0.5462106800722348,
                    "x2": -1.5517074926348444
                },
                "metrics": {
                    "outcome": -1.9131873691180439
                },
                "metadata": {
                    "trials": 1
                }
            }
        ],
        [
            {
                "query": {
                    "x1": -0.5515411627146203,
                    "x2": -1.5485275763521384
                },
                "metrics": {
                    "outcome": -1.9131999497900716
                },
                "metadata": {
                    "trials": 1
                }
            },
            {
                "query": {
                    "x1": -0.5439717573600085,
                    "x2": -1.5426068100096277
                },
                "metrics": {
                    "outcome": -1.9131945959313343
                },
                "metadata": {
                    "trials": 1
                }
            },
            {
                "query": {
                    "x1": -0.5440991820293122,
                    "x2": -1.549985370195007
                },
                "metrics": {
                    "outcome": -1.9131882660070643
                },
                "metadata": {
                    "trials": 1
                }
            }
        ]
    ],
    "best_results": [
        {
            "query": {
                "x1": -0.5483342527665395,
                "x2": -1.548323869707647
            },
            "metrics": [
                {
                    "name": "outcome",
                    "value": -1.9132207382693869
                }
            ]
        }
    ]
}