{
    "date": "04/11/2022 16:35:04",
    "basic_params": {
        "active_variables": [
            "x1",
            "x2"
        ],
        "default_query": {},
        "metric": "basic",
        "n_trials": 1
    },
    "objective_function": {
        "name": "McCormick",
        "params": {}
    },
    "optimizer": {
        "name": "BBO-LP(LCBa)-FoD",
        "params": {
            "lower_bound": [
                -1.5,
                -3.0
            ],
            "upper_bound": [
                4.0,
                4.0
            ],
            "invert_metric": false,
            "bopt_params": {
                "n_init_samples": 15,
                "n_iterations": 45,
                "n_iter_relearn": 5,
                "verbose_level": 0,
                "n_parallel_samples": 3,
                "fixed_dataset_size": 50,
                "par_type": "PAR_BBO",
                "crit_name": "cLP(cLCBa)",
                "n_crit_params": 3,
                "crit_params": [
                    3,
                    1,
                    5.0
                ]
            }
        }
    },
    "iterations": [
        [
            {
                "query": {
                    "x1": -0.5466023180633783,
                    "x2": -0.20471748081035912
                },
                "metrics": {
                    "outcome": 0.7423911687872911
                },
                "metadata": {
                    "trials": 1
                }
            }
        ],
        [
            {
                "query": {
                    "x1": 1.1740059099082525,
                    "x2": -1.7154790733164798
                },
                "metrics": {
                    "outcome": 2.7840179417788065
                },
                "metadata": {
                    "trials": 1
                }
            }
        ],
        [
            {
                "query": {
                    "x1": 3.1898077361596133,
                    "x2": 1.3226693422688793
                },
                "metrics": {
                    "outcome": 2.028083456956301
                },
                "metadata": {
                    "trials": 1
                }
            }
        ],
        [
            {
                "query": {
                    "x1": 2.0973901697046435,
                    "x2": 3.407581217245509
                },
                "metrics": {
                    "outcome": 7.387459819785232
                },
                "metadata": {
                    "trials": 1
                }
            }
        ],
        [
            {
                "query": {
                    "x1": -1.0877242623828351,
                    "x2": 0.7251633485468725
                },
                "metrics": {
                    "outcome": 7.376386428179577
                },
                "metadata": {
                    "trials": 1
                }
            }
        ],
        [
            {
                "query": {
                    "x1": 3.5555902638162173,
                    "x2": -1.1677355928656956
                },
                "metrics": {
                    "outcome": 15.74145180235658
                },
                "metadata": {
                    "trials": 1
                }
            }
        ],
        [
            {
                "query": {
                    "x1": -0.10545838244725037,
                    "x2": -2.383789479546249
                },
                "metrics": {
                    "outcome": -0.21754492814167392
                },
                "metadata": {
                    "trials": 1
                }
            }
        ],
        [
            {
                "query": {
                    "x1": 0.47819608124749124,
                    "x2": 2.893654844242459
                },
                "metrics": {
                    "outcome": 13.123055037865289
                },
                "metadata": {
                    "trials": 1
                }
            }
        ],
        [
            {
                "query": {
                    "x1": -1.2313308954937383,
                    "x2": -0.8919593126357843
                },
                "metrics": {
                    "outcome": -0.11894721947102771
                },
                "metadata": {
                    "trials": 1
                }
            }
        ],
        [
            {
                "query": {
                    "x1": 0.22219783637362212,
                    "x2": 1.7583663471508766
                },
                "metrics": {
                    "outcome": 8.3396461393971
                },
                "metadata": {
                    "trials": 1
                }
            }
        ],
        [
            {
                "query": {
                    "x1": 2.700689012052802,
                    "x2": 0.250342545409997
                },
                "metrics": {
                    "outcome": 3.7684305160261586
                },
                "metadata": {
                    "trials": 1
                }
            }
        ],
        [
            {
                "query": {
                    "x1": 0.9048489110078664,
                    "x2": 2.294160571787507
                },
                "metrics": {
                    "outcome": 7.250929666932835
                },
                "metadata": {
                    "trials": 1
                }
            }
        ],
        [
            {
                "query": {
                    "x1": 3.8214172885054722,
                    "x2": -2.551607987579579
                },
                "metrics": {
                    "outcome": 30.45934960564202
                },
                "metadata": {
                    "trials": 1
                }
            }
        ],
        [
            {
                "query": {
                    "x1": 2.235576294742835,
                    "x2": 3.9784429457349084
                },
                "metrics": {
                    "outcome": 10.561216153245802
                },
                "metadata": {
                    "trials": 1
                }
            }
        ],
        [
            {
                "query": {
                    "x1": 1.690484856697731,
                    "x2": 0.8684482654556627
                },
                "metrics": {
                    "outcome": 1.8613841307007108
                },
                "metadata": {
                    "trials": 1
                }
            }
        ],
        [
            {
                "query": {
                    "x1": -0.72076885180616,
                    "x2": -1.5925910204585747
                },
                "metrics": {
                    "outcome": -1.8769879460653298
                },
                "metadata": {
                    "trials": 1
                }
            },
            {
                "query": {
                    "x1": -0.7631969467392807,
                    "x2": -1.676621515186531
                },
                "metrics": {
                    "outcome": -1.85798757485329
                },
                "metadata": {
                    "trials": 1
                }
            },
            {
                "query": {
                    "x1": -0.6783474196866117,
                    "x2": -1.511862268251521
                },
                "metrics": {
                    "outcome": -1.881606712719845
                },
                "metadata": {
                    "trials": 1
                }
            }
        ],
        [
            {
                "query": {
                    "x1": -1.5,
                    "x2": -2.498840789154327
                },
                "metrics": {
                    "outcome": -1.2433747745883688
                },
                "metadata": {
                    "trials": 1
                }
            },
            {
                "query": {
                    "x1": -1.47515963481393,
                    "x2": -2.7293264149184964
                },
                "metrics": {
                    "outcome": -1.1638759433548813
                },
                "metadata": {
                    "trials": 1
                }
            },
            {
                "query": {
                    "x1": -1.5,
                    "x2": -2.273650774903374
                },
                "metrics": {
                    "outcome": -1.2447848881127115
                },
                "metadata": {
                    "trials": 1
                }
            }
        ],
        [
            {
                "query": {
                    "x1": -0.7771310692046441,
                    "x2": -3.0
                },
                "metrics": {
                    "outcome": 0.2004537788310614
                },
                "metadata": {
                    "trials": 1
                }
            },
            {
                "query": {
                    "x1": -0.8128282125012117,
                    "x2": -2.827086877788872
                },
                "metrics": {
                    "outcome": -0.31328424064149285
                },
                "metadata": {
                    "trials": 1
                }
            },
            {
                "query": {
                    "x1": -0.6441759174542794,
                    "x2": -3.0
                },
                "metrics": {
                    "outcome": 0.49786194782396187
                },
                "metadata": {
                    "trials": 1
                }
            }
        ],
        [
            {
                "query": {
                    "x1": -0.0003084000048059199,
                    "x2": -1.0391920184797696
                },
                "metrics": {
                    "outcome": -1.3803894948070425
                },
                "metadata": {
                    "trials": 1
                }
            },
            {
                "query": {
                    "x1": 0.055190033206750755,
                    "x2": -0.8658621155774422
                },
                "metrics": {
                    "outcome": -1.123853688472078
                },
                "metadata": {
                    "trials": 1
                }
            },
            {
                "query": {
                    "x1": 0.16567010881277078,
                    "x2": -0.7294221935894436
                },
                "metrics": {
                    "outcome": -0.8052318417864546
                },
                "metadata": {
                    "trials": 1
                }
            }
        ],
        [
            {
                "query": {
                    "x1": 4.0,
                    "x2": 3.011160041096036
                },
                "metrics": {
                    "outcome": 4.171063659007254
                },
                "metadata": {
                    "trials": 1
                }
            },
            {
                "query": {
                    "x1": 4.0,
                    "x2": 3.340909810478637
                },
                "metrics": {
                    "outcome": 4.657915202138115
                },
                "metadata": {
                    "trials": 1
                }
            },
            {
                "query": {
                    "x1": 4.0,
                    "x2": 2.691450726523067
                },
                "metrics": {
                    "outcome": 3.8379459265061318
                },
                "metadata": {
                    "trials": 1
                }
            }
        ],
        [
            {
                "query": {
                    "x1": -1.5,
                    "x2": 4.0
                },
                "metrics": {
                    "outcome": 44.09847214410396
                },
                "metadata": {
                    "trials": 1
                }
            },
            {
                "query": {
                    "x1": -1.5,
                    "x2": 3.692761036376874
                },
                "metrics": {
                    "outcome": 40.2594050930866
                },
                "metadata": {
                    "trials": 1
                }
            },
            {
                "query": {
                    "x1": -1.26435815394942,
                    "x2": 4.0
                },
                "metrics": {
                    "outcome": 41.00489647560216
                },
                "metadata": {
                    "trials": 1
                }
            }
        ],
        [
            {
                "query": {
                    "x1": -0.36935437870288346,
                    "x2": -1.7152171407023031
                },
                "metrics": {
                    "outcome": -1.7935600392486513
                },
                "metadata": {
                    "trials": 1
                }
            },
            {
                "query": {
                    "x1": -0.3466353886467861,
                    "x2": -1.6524514203308276
                },
                "metrics": {
                    "outcome": -1.8156970284421767
                },
                "metadata": {
                    "trials": 1
                }
            },
            {
                "query": {
                    "x1": -0.3958275574997123,
                    "x2": -1.7758119878978458
                },
                "metrics": {
                    "outcome": -1.766290809868404
                },
                "metadata": {
                    "trials": 1
                }
            }
        ],
        [
            {
                "query": {
                    "x1": 0.6298898244460527,
                    "x2": -3.0
                },
                "metrics": {
                    "outcome": 5.03406664087338
                },
                "metadata": {
                    "trials": 1
                }
            },
            {
                "query": {
                    "x1": -1.1542107398074803,
                    "x2": -2.108799801407014
                },
                "metrics": {
                    "outcome": -1.5083233397201234
                },
                "metadata": {
                    "trials": 1
                }
            },
            {
                "query": {
                    "x1": -1.15344763487533,
                    "x2": -2.034899944745275
                },
                "metrics": {
                    "outcome": -1.5333823416406398
                },
                "metadata": {
                    "trials": 1
                }
            }
        ],
        [
            {
                "query": {
                    "x1": 0.9408964773913318,
                    "x2": -0.12239193621620892
                },
                "metrics": {
                    "outcome": 1.1433824727006812
                },
                "metadata": {
                    "trials": 1
                }
            },
            {
                "query": {
                    "x1": 0.9332154500081584,
                    "x2": 0.07460662312831534
                },
                "metrics": {
                    "outcome": 1.3695739837699081
                },
                "metadata": {
                    "trials": 1
                }
            },
            {
                "query": {
                    "x1": 0.9163717435520606,
                    "x2": -0.31707686217579134
                },
                "metrics": {
                    "outcome": 0.9182060657668396
                },
                "metadata": {
                    "trials": 1
                }
            }
        ],
        [
            {
                "query": {
                    "x1": -0.35423066185586394,
                    "x2": -0.9751098720272178
                },
                "metrics": {
                    "outcome": -1.4919285935427014
                },
                "metadata": {
                    "trials": 1
                }
            },
            {
                "query": {
                    "x1": -0.3703855923204946,
                    "x2": -1.0340377138648218
                },
                "metrics": {
                    "outcome": -1.57527366154192
                },
                "metadata": {
                    "trials": 1
                }
            },
            {
                "query": {
                    "x1": -0.33679272199852384,
                    "x2": -0.9169189523210268
                },
                "metrics": {
                    "outcome": -1.4007103084315156
                },
                "metadata": {
                    "trials": 1
                }
            }
        ],
        [
            {
                "query": {
                    "x1": -1.5,
                    "x2": -1.5000186756681468
                },
                "metrics": {
                    "outcome": -0.6411482080855104
                },
                "metadata": {
                    "trials": 1
                }
            },
            {
                "query": {
                    "x1": -1.5,
                    "x2": -1.5980036836808795
                },
                "metrics": {
                    "outcome": -0.7789796552458927
                },
                "metadata": {
                    "trials": 1
                }
            },
            {
                "query": {
                    "x1": -1.5,
                    "x2": -1.4028277503628173
                },
                "metrics": {
                    "outcome": -0.4841296788380056
                },
                "metadata": {
                    "trials": 1
                }
            }
        ],
        [
            {
                "query": {
                    "x1": 0.19760797375819794,
                    "x2": -1.6586872626638356
                },
                "metrics": {
                    "outcome": -0.9912852337979361
                },
                "metadata": {
                    "trials": 1
                }
            },
            {
                "query": {
                    "x1": 0.25169331371305237,
                    "x2": -1.5899439407711684
                },
                "metrics": {
                    "outcome": -0.9338549237406282
                },
                "metadata": {
                    "trials": 1
                }
            },
            {
                "query": {
                    "x1": 0.1410695995602167,
                    "x2": -1.72367778093505
                },
                "metrics": {
                    "outcome": -1.0434462994707534
                },
                "metadata": {
                    "trials": 1
                }
            }
        ],
        [
            {
                "query": {
                    "x1": 2.3653601200719927,
                    "x2": 1.955958491840848
                },
                "metrics": {
                    "outcome": 1.5849641542791977
                },
                "metadata": {
                    "trials": 1
                }
            },
            {
                "query": {
                    "x1": -0.6728305541544868,
                    "x2": -2.19504891651542
                },
                "metrics": {
                    "outcome": -1.4315359646362764
                },
                "metadata": {
                    "trials": 1
                }
            },
            {
                "query": {
                    "x1": 4.0,
                    "x2": 0.8506109724343824
                },
                "metrics": {
                    "outcome": 6.054716138378078
                },
                "metadata": {
                    "trials": 1
                }
            }
        ],
        [
            {
                "query": {
                    "x1": -0.9207657434708834,
                    "x2": -1.2981896926406145
                },
                "metrics": {
                    "outcome": -1.5190733100089253
                },
                "metadata": {
                    "trials": 1
                }
            },
            {
                "query": {
                    "x1": -0.8822841606714161,
                    "x2": -1.2554211806889608
                },
                "metrics": {
                    "outcome": -1.5194604204784148
                },
                "metadata": {
                    "trials": 1
                }
            },
            {
                "query": {
                    "x1": -0.8424043754710878,
                    "x2": -1.220112889919986
                },
                "metrics": {
                    "outcome": -1.5255335738894709
                },
                "metadata": {
                    "trials": 1
                }
            }
        ],
        [
            {
                "query": {
                    "x1": -1.5,
                    "x2": 0.37426790709893965
                },
                "metrics": {
                    "outcome": 6.7959669417801045
                },
                "metadata": {
                    "trials": 1
                }
            },
            {
                "query": {
                    "x1": -1.3323258958912685,
                    "x2": 0.31965770053283515
                },
                "metrics": {
                    "outcome": 5.678434961190012
                },
                "metadata": {
                    "trials": 1
                }
            },
            {
                "query": {
                    "x1": -1.5,
                    "x2": 0.5873873803031127
                },
                "metrics": {
                    "outcome": 8.28454999859525
                },
                "metadata": {
                    "trials": 1
                }
            }
        ],
        [
            {
                "query": {
                    "x1": 1.38086105803854,
                    "x2": -1.318262617420659
                },
                "metrics": {
                    "outcome": 2.980878050768134
                },
                "metadata": {
                    "trials": 1
                }
            },
            {
                "query": {
                    "x1": 1.5277402035098984,
                    "x2": -1.2125223528031108
                },
                "metrics": {
                    "outcome": 3.496146285795828
                },
                "metadata": {
                    "trials": 1
                }
            },
            {
                "query": {
                    "x1": 1.2277400366775293,
                    "x2": -1.3976501332246385
                },
                "metrics": {
                    "outcome": 2.3878444152313083
                },
                "metadata": {
                    "trials": 1
                }
            }
        ],
        [
            {
                "query": {
                    "x1": 4.0,
                    "x2": -3.0
                },
                "metrics": {
                    "outcome": 37.3414709848079
                },
                "metadata": {
                    "trials": 1
                }
            },
            {
                "query": {
                    "x1": 4.0,
                    "x2": -2.781248918785297
                },
                "metrics": {
                    "outcome": 34.97088403996347
                },
                "metadata": {
                    "trials": 1
                }
            },
            {
                "query": {
                    "x1": 3.8291119863039276,
                    "x2": -3.0
                },
                "metrics": {
                    "outcome": 35.13043432334008
                },
                "metadata": {
                    "trials": 1
                }
            }
        ],
        [
            {
                "query": {
                    "x1": 1.7664301023150708,
                    "x2": 4.0
                },
                "metrics": {
                    "outcome": 12.845127702786872
                },
                "metadata": {
                    "trials": 1
                }
            },
            {
                "query": {
                    "x1": 1.9693855637037498,
                    "x2": 4.0
                },
                "metrics": {
                    "outcome": 11.86064159455766
                },
                "metadata": {
                    "trials": 1
                }
            },
            {
                "query": {
                    "x1": 1.5644761092425257,
                    "x2": 4.0
                },
                "metrics": {
                    "outcome": 13.926648768055175
                },
                "metadata": {
                    "trials": 1
                }
            }
        ],
        [
            {
                "query": {
                    "x1": 2.157204988801345,
                    "x2": 0.6576637649211561
                },
                "metrics": {
                    "outcome": 1.9779177767605995
                },
                "metadata": {
                    "trials": 1
                }
            },
            {
                "query": {
                    "x1": 2.3019534832179827,
                    "x2": 0.5404173769548746
                },
                "metrics": {
                    "outcome": 2.29589933933598
                },
                "metadata": {
                    "trials": 1
                }
            },
            {
                "query": {
                    "x1": 2.011897956032894,
                    "x2": 0.7776991209243747
                },
                "metrics": {
                    "outcome": 1.794419346525841
                },
                "metadata": {
                    "trials": 1
                }
            }
        ],
        [
            {
                "query": {
                    "x1": 0.5028672476919853,
                    "x2": 1.5627083056079423
                },
                "metrics": {
                    "outcome": 6.155806523314268
                },
                "metadata": {
                    "trials": 1
                }
            },
            {
                "query": {
                    "x1": 0.3267453725061167,
                    "x2": 1.4191093324075874
                },
                "metrics": {
                    "outcome": 6.2356306662728365
                },
                "metadata": {
                    "trials": 1
                }
            },
            {
                "query": {
                    "x1": -1.5,
                    "x2": -3.0
                },
                "metrics": {
                    "outcome": -1.022469882334903
                },
                "metadata": {
                    "trials": 1
                }
            }
        ],
        [
            {
                "query": {
                    "x1": -0.8035019939342098,
                    "x2": -3.0
                },
                "metrics": {
                    "outcome": 0.14448057906554101
                },
                "metadata": {
                    "trials": 1
                }
            },
            {
                "query": {
                    "x1": -0.6917051432509036,
                    "x2": -3.0
                },
                "metrics": {
                    "outcome": 0.38856598638869677
                },
                "metadata": {
                    "trials": 1
                }
            },
            {
                "query": {
                    "x1": -0.9125638270245298,
                    "x2": -3.0
                },
                "metrics": {
                    "outcome": -0.07693235721777025
                },
                "metadata": {
                    "trials": 1
                }
            }
        ],
        [
            {
                "query": {
                    "x1": 0.24840992702060394,
                    "x2": -0.7760698334430836
                },
                "metrics": {
                    "outcome": -0.7667436041428584
                },
                "metadata": {
                    "trials": 1
                }
            },
            {
                "query": {
                    "x1": 0.2509913896153022,
                    "x2": -0.6660549023010041
                },
                "metrics": {
                    "outcome": -0.6038984897256419
                },
                "metadata": {
                    "trials": 1
                }
            },
            {
                "query": {
                    "x1": 0.2371166095648909,
                    "x2": -0.5484050301212662
                },
                "metrics": {
                    "outcome": -0.4159286322843738
                },
                "metadata": {
                    "trials": 1
                }
            }
        ],
        [
            {
                "query": {
                    "x1": 4.0,
                    "x2": 2.656248326653266
                },
                "metrics": {
                    "outcome": 3.8107588442176197
                },
                "metadata": {
                    "trials": 1
                }
            },
            {
                "query": {
                    "x1": 4.0,
                    "x2": 2.8996739370649296
                },
                "metrics": {
                    "outcome": 4.03807604336007
                },
                "metadata": {
                    "trials": 1
                }
            },
            {
                "query": {
                    "x1": 4.0,
                    "x2": 2.4156124192155
                },
                "metrics": {
                    "outcome": 3.6813554444173966
                },
                "metadata": {
                    "trials": 1
                }
            }
        ],
        [
            {
                "query": {
                    "x1": -1.5,
                    "x2": 4.0
                },
                "metrics": {
                    "outcome": 44.09847214410396
                },
                "metadata": {
                    "trials": 1
                }
            },
            {
                "query": {
                    "x1": -1.5,
                    "x2": 3.7691458057495257
                },
                "metrics": {
                    "outcome": 41.20266647647509
                },
                "metadata": {
                    "trials": 1
                }
            },
            {
                "query": {
                    "x1": -1.3190522899002186,
                    "x2": 4.0
                },
                "metrics": {
                    "outcome": 41.715421615362956
                },
                "metadata": {
                    "trials": 1
                }
            }
        ],
        [
            {
                "query": {
                    "x1": 0.880712169819184,
                    "x2": -3.0
                },
                "metrics": {
                    "outcome": 6.3855466665644425
                },
                "metadata": {
                    "trials": 1
                }
            },
            {
                "query": {
                    "x1": 1.0288221095790195,
                    "x2": -3.0
                },
                "metrics": {
                    "outcome": 7.267262087181479
                },
                "metadata": {
                    "trials": 1
                }
            },
            {
                "query": {
                    "x1": 0.7346285045981888,
                    "x2": -3.0
                },
                "metrics": {
                    "outcome": 5.57718162214757
                },
                "metadata": {
                    "trials": 1
                }
            }
        ],
        [
            {
                "query": {
                    "x1": -1.3569726304863285,
                    "x2": -2.3834250037764684
                },
                "metrics": {
                    "outcome": -1.3058433106347858
                },
                "metadata": {
                    "trials": 1
                }
            },
            {
                "query": {
                    "x1": -1.5,
                    "x2": -2.4049978639349177
                },
                "metrics": {
                    "outcome": -1.252087860863512
                },
                "metadata": {
                    "trials": 1
                }
            },
            {
                "query": {
                    "x1": -1.425037643772145,
                    "x2": -2.3973098478618313
                },
                "metrics": {
                    "outcome": -1.2810251288549654
                },
                "metadata": {
                    "trials": 1
                }
            }
        ],
        [
            {
                "query": {
                    "x1": -0.4966861500660611,
                    "x2": -1.6618435005554275
                },
                "metrics": {
                    "outcome": -1.8841875085735444
                },
                "metadata": {
                    "trials": 1
                }
            },
            {
                "query": {
                    "x1": -0.4577304788315739,
                    "x2": -1.6571371439941829
                },
                "metrics": {
                    "outcome": -1.8732791721814568
                },
                "metadata": {
                    "trials": 1
                }
            },
            {
                "query": {
                    "x1": -0.5357977145487721,
                    "x2": -1.6659189342488456
                },
                "metrics": {
                    "outcome": -1.891411755891113
                },
                "metadata": {
                    "trials": 1
                }
            }
        ],
        [
            {
                "query": {
                    "x1": -0.498083766200228,
                    "x2": -0.4913874524969226
                },
                "metrics": {
                    "outcome": -0.31703386611898443
                },
                "metadata": {
                    "trials": 1
                }
            },
            {
                "query": {
                    "x1": -0.4193354801092066,
                    "x2": -0.5615077225745302
                },
                "metrics": {
                    "outcome": -0.5855198978495824
                },
                "metadata": {
                    "trials": 1
                }
            },
            {
                "query": {
                    "x1": -0.5919153979765495,
                    "x2": -0.4701584402963719
                },
                "metrics": {
                    "outcome": -0.14606569436994477
                },
                "metadata": {
                    "trials": 1
                }
            }
        ],
        [
            {
                "query": {
                    "x1": -1.5,
                    "x2": -1.0577979278219525
                },
                "metrics": {
                    "outcome": 0.24985372329042121
                },
                "metadata": {
                    "trials": 1
                }
            },
            {
                "query": {
                    "x1": -1.5,
                    "x2": -1.192406164605223
                },
                "metrics": {
                    "outcome": -0.07063431056551561
                },
                "metadata": {
                    "trials": 1
                }
            },
            {
                "query": {
                    "x1": -1.5,
                    "x2": -0.9293599772846539
                },
                "metrics": {
                    "outcome": 0.5987047707508453
                },
                "metadata": {
                    "trials": 1
                }
            }
        ],
        [
            {
                "query": {
                    "x1": 2.504048284320679,
                    "x2": 1.9032198129841644
                },
                "metrics": {
                    "outcome": 1.4091613127131755
                },
                "metadata": {
                    "trials": 1
                }
            },
            {
                "query": {
                    "x1": 0.2403192844764077,
                    "x2": -1.7587898580485135
                },
                "metrics": {
                    "outcome": -0.759647528212116
                },
                "metadata": {
                    "trials": 1
                }
            },
            {
                "query": {
                    "x1": 2.327044502860074,
                    "x2": 1.9176506591633293
                },
                "metrics": {
                    "outcome": 1.5785528584599327
                },
                "metadata": {
                    "trials": 1
                }
            }
        ],
        [
            {
                "query": {
                    "x1": 4.0,
                    "x2": 0.2772215572786285
                },
                "metrics": {
                    "outcome": 8.645333751036198
                },
                "metadata": {
                    "trials": 1
                }
            },
            {
                "query": {
                    "x1": 3.999862484557646,
                    "x2": 0.04738597340017714
                },
                "metrics": {
                    "outcome": 9.953911711203075
                },
                "metadata": {
                    "trials": 1
                }
            },
            {
                "query": {
                    "x1": 4.0,
                    "x2": 0.5067800443240049
                },
                "metrics": {
                    "outcome": 7.490598925919717
                },
                "metadata": {
                    "trials": 1
                }
            }
        ],
        [
            {
                "query": {
                    "x1": -0.49065031154932837,
                    "x2": -2.207366570239902
                },
                "metrics": {
                    "outcome": -1.2644981660200427
                },
                "metadata": {
                    "trials": 1
                }
            },
            {
                "query": {
                    "x1": -0.4113914867691211,
                    "x2": -2.2044255871414986
                },
                "metrics": {
                    "outcome": -1.1808894341276455
                },
                "metadata": {
                    "trials": 1
                }
            },
            {
                "query": {
                    "x1": -0.5693704448546969,
                    "x2": -2.2102747190072205
                },
                "metrics": {
                    "outcome": -1.333160506839516
                },
                "metadata": {
                    "trials": 1
                }
            }
        ],
        [
            {
                "query": {
                    "x1": -1.5,
                    "x2": 0.8076920546943716
                },
                "metrics": {
                    "outcome": 9.956357277066312
                },
                "metadata": {
                    "trials": 1
                }
            },
            {
                "query": {
                    "x1": -1.5,
                    "x2": 1.0113075274540568
                },
                "metrics": {
                    "outcome": 11.615462504316467
                },
                "metadata": {
                    "trials": 1
                }
            },
            {
                "query": {
                    "x1": -1.5,
                    "x2": 0.6053602085337757
                },
                "metrics": {
                    "outcome": 8.415958415668438
                },
                "metadata": {
                    "trials": 1
                }
            }
        ],
        [
            {
                "query": {
                    "x1": 1.4358889641113306,
                    "x2": -0.6372718708133127
                },
                "metrics": {
                    "outcome": 2.2673746491472304
                },
                "metadata": {
                    "trials": 1
                }
            },
            {
                "query": {
                    "x1": 1.3737700409637954,
                    "x2": -0.8257889507543763
                },
                "metrics": {
                    "outcome": 2.233897314476877
                },
                "metadata": {
                    "trials": 1
                }
            },
            {
                "query": {
                    "x1": 1.414847221577058,
                    "x2": -0.43313908849292737
                },
                "metrics": {
                    "outcome": 2.0413824756996655
                },
                "metadata": {
                    "trials": 1
                }
            }
        ],
        [
            {
                "query": {
                    "x1": 4.0,
                    "x2": -3.0
                },
                "metrics": {
                    "outcome": 37.3414709848079
                },
                "metadata": {
                    "trials": 1
                }
            },
            {
                "query": {
                    "x1": 3.829254541464735,
                    "x2": -3.0
                },
                "metrics": {
                    "outcome": 35.13226385414324
                },
                "metadata": {
                    "trials": 1
                }
            },
            {
                "query": {
                    "x1": 4.0,
                    "x2": -2.7855508923327155
                },
                "metrics": {
                    "outcome": 35.01700103926413
                },
                "metadata": {
                    "trials": 1
                }
            }
        ],
        [
            {
                "query": {
                    "x1": 2.0064349798896024,
                    "x2": 4.0
                },
                "metrics": {
                    "outcome": 11.691417940351112
                },
                "metadata": {
                    "trials": 1
                }
            },
            {
                "query": {
                    "x1": 1.8290567905328077,
                    "x2": 4.0
                },
                "metrics": {
                    "outcome": 12.530729905442584
                },
                "metadata": {
                    "trials": 1
                }
            },
            {
                "query": {
                    "x1": 2.1834712696595044,
                    "x2": 4.0
                },
                "metrics": {
                    "outcome": 10.925020844953037
                },
                "metadata": {
                    "trials": 1
                }
            }
        ],
        [
            {
                "query": {
                    "x1": 2.2024049313020324,
                    "x2": 0.6880812797537241
                },
                "metrics": {
                    "outcome": 1.9582477775829747
                },
                "metadata": {
                    "trials": 1
                }
            },
            {
                "query": {
                    "x1": 2.0355504953425343,
                    "x2": 0.7507479749608921
                },
                "metrics": {
                    "outcome": 1.822127900883889
                },
                "metadata": {
                    "trials": 1
                }
            },
            {
                "query": {
                    "x1": 2.3698896797520486,
                    "x2": 0.6435791598170622
                },
                "metrics": {
                    "outcome": 2.1620349521804885
                },
                "metadata": {
                    "trials": 1
                }
            }
        ],
        [
            {
                "query": {
                    "x1": 0.6680154858283016,
                    "x2": 1.2461759778591386
                },
                "metrics": {
                    "outcome": 4.38930327028471
                },
                "metadata": {
                    "trials": 1
                }
            },
            {
                "query": {
                    "x1": 0.6277729420533475,
                    "x2": 1.0287702574778832
                },
                "metrics": {
                    "outcome": 3.7873910664334183
                },
                "metadata": {
                    "trials": 1
                }
            },
            {
                "query": {
                    "x1": 0.70849731540723,
                    "x2": 1.4657021659429406
                },
                "metrics": {
                    "outcome": 4.998277901143169
                },
                "metadata": {
                    "trials": 1
                }
            }
        ],
        [
            {
                "query": {
                    "x1": -1.009473841837974,
                    "x2": -3.0
                },
                "metrics": {
                    "outcome": -0.26063389460863373
                },
                "metadata": {
                    "trials": 1
                }
            },
            {
                "query": {
                    "x1": -1.128670221122722,
                    "x2": -3.0
                },
                "metrics": {
                    "outcome": -0.4707006252669528
                },
                "metadata": {
                    "trials": 1
                }
            },
            {
                "query": {
                    "x1": -0.8928073788686598,
                    "x2": -3.0
                },
                "metrics": {
                    "outcome": -0.03800113127513338
                },
                "metadata": {
                    "trials": 1
                }
            }
        ],
        [
            {
                "query": {
                    "x1": 0.34613791231896296,
                    "x2": -0.8407138548169679
                },
                "metrics": {
                    "outcome": -0.6870328396051635
                },
                "metadata": {
                    "trials": 1
                }
            },
            {
                "query": {
                    "x1": 0.37688171836961226,
                    "x2": -0.7031577058943923
                },
                "metrics": {
                    "outcome": -0.4772494004191763
                },
                "metadata": {
                    "trials": 1
                }
            },
            {
                "query": {
                    "x1": 0.28699602916377387,
                    "x2": -0.9592073719417011
                },
                "metrics": {
                    "outcome": -0.8982073223554292
                },
                "metadata": {
                    "trials": 1
                }
            }
        ],
        [
            {
                "query": {
                    "x1": 4.0,
                    "x2": 2.6632257445100675
                },
                "metrics": {
                    "outcome": 3.8159877932443194
                },
                "metadata": {
                    "trials": 1
                }
            },
            {
                "query": {
                    "x1": 4.0,
                    "x2": 3.0334698996719096
                },
                "metrics": {
                    "outcome": 4.199702149595379
                },
                "metadata": {
                    "trials": 1
                }
            },
            {
                "query": {
                    "x1": 4.0,
                    "x2": 2.297409219690728
                },
                "metrics": {
                    "outcome": 3.656561847307361
                },
                "metadata": {
                    "trials": 1
                }
            }
        ],
        [
            {
                "query": {
                    "x1": -1.5,
                    "x2": 4.0
                },
                "metrics": {
                    "outcome": 44.09847214410396
                },
                "metadata": {
                    "trials": 1
                }
            },
            {
                "query": {
                    "x1": -1.3137327858511663,
                    "x2": 3.999999999999999
                },
                "metrics": {
                    "outcome": 41.64610991830197
                },
                "metadata": {
                    "trials": 1
                }
            },
            {
                "query": {
                    "x1": -1.1297866658191593,
                    "x2": 4.0
                },
                "metrics": {
                    "outcome": 39.277451765984054
                },
                "metadata": {
                    "trials": 1
                }
            }
        ],
        [
            {
                "query": {
                    "x1": 0.9042526545623684,
                    "x2": -3.0
                },
                "metrics": {
                    "outcome": 6.5214613181356
                },
                "metadata": {
                    "trials": 1
                }
            },
            {
                "query": {
                    "x1": 1.0776858840362649,
                    "x2": -3.0
                },
                "metrics": {
                    "outcome": 7.572142158353913
                },
                "metadata": {
                    "trials": 1
                }
            },
            {
                "query": {
                    "x1": 0.7309385003586004,
                    "x2": -3.0
                },
                "metrics": {
                    "outcome": 5.557535700803598
                },
                "metadata": {
                    "trials": 1
                }
            }
        ],
        [
            {
                "query": {
                    "x1": -1.5,
                    "x2": -2.237538361953257
                },
                "metrics": {
                    "outcome": -1.2385913788363987
                },
                "metadata": {
                    "trials": 1
                }
            },
            {
                "query": {
                    "x1": -1.5,
                    "x2": -2.129420061229735
                },
                "metrics": {
                    "outcome": -1.2086727102580666
                },
                "metadata": {
                    "trials": 1
                }
            },
            {
                "query": {
                    "x1": -1.5,
                    "x2": -2.345619699990775
                },
                "metrics": {
                    "outcome": -1.2516840627391992
                },
                "metadata": {
                    "trials": 1
                }
            }
        ],
        [
            {
                "query": {
                    "x1": -0.5900065975870628,
                    "x2": -1.442273836678006
                },
                "metrics": {
                    "outcome": -1.8897078927409723
                },
                "metadata": {
                    "trials": 1
                }
            },
            {
                "query": {
                    "x1": -0.526622512562793,
                    "x2": -1.447059782877735
                },
                "metrics": {
                    "outcome": -1.9004442305316696
                },
                "metadata": {
                    "trials": 1
                }
            },
            {
                "query": {
                    "x1": -0.6534376190361713,
                    "x2": -1.4409007490089256
                },
                "metrics": {
                    "outcome": -1.8680510324662674
                },
                "metadata": {
                    "trials": 1
                }
            }
        ]
    ],
    "best_results": [
        {
            "query": {
                "x1": -0.526622512562793,
                "x2": -1.447059782877735
            },
            "metrics": [
                {
                    "name": "outcome",
                    "value": -1.9004442305316696
                }
            ]
        }
    ]
}