{
    "date": "05/11/2022 12:03:55",
    "basic_params": {
        "active_variables": [
            "x"
        ],
        "default_query": {},
        "metric": "basic",
        "n_trials": 1
    },
    "objective_function": {
        "name": "Gramacy1D",
        "params": {}
    },
    "optimizer": {
        "name": "BBO-LP(LCB)",
        "params": {
            "lower_bound": [
                0.5
            ],
            "upper_bound": [
                2.5
            ],
            "invert_metric": false,
            "bopt_params": {
                "n_init_samples": 12,
                "n_iterations": 23,
                "n_iter_relearn": 5,
                "verbose_level": 0,
                "n_parallel_samples": 6,
                "par_type": "PAR_BBO",
                "crit_name": "cLP(cLCB)",
                "n_crit_params": 3,
                "crit_params": [
                    6,
                    1,
                    1.0
                ]
            }
        }
    },
    "iterations": [
        [
            {
                "query": {
                    "x": 1.1509684414292374
                },
                "metrics": {
                    "outcome": -0.43369628194740256
                },
                "metadata": {
                    "trials": 1
                }
            }
        ],
        [
            {
                "query": {
                    "x": 1.4220211264522127
                },
                "metrics": {
                    "outcome": 0.2560260874535079
                },
                "metadata": {
                    "trials": 1
                }
            }
        ],
        [
            {
                "query": {
                    "x": 2.2112766713447245
                },
                "metrics": {
                    "outcome": 2.2310894828575525
                },
                "metadata": {
                    "trials": 1
                }
            }
        ],
        [
            {
                "query": {
                    "x": 2.3635015308779357
                },
                "metrics": {
                    "outcome": 3.263584587131512
                },
                "metadata": {
                    "trials": 1
                }
            }
        ],
        [
            {
                "query": {
                    "x": 2.004990120069124
                },
                "metrics": {
                    "outcome": 1.0590452139215856
                },
                "metadata": {
                    "trials": 1
                }
            }
        ],
        [
            {
                "query": {
                    "x": 1.3167621677663797
                },
                "metrics": {
                    "outcome": -0.18077764581837208
                },
                "metadata": {
                    "trials": 1
                }
            }
        ],
        [
            {
                "query": {
                    "x": 1.6491152266195666
                },
                "metrics": {
                    "outcome": 0.48061207379152615
                },
                "metadata": {
                    "trials": 1
                }
            }
        ],
        [
            {
                "query": {
                    "x": 1.788785462694553
                },
                "metrics": {
                    "outcome": 0.2906569078213579
                },
                "metadata": {
                    "trials": 1
                }
            }
        ],
        [
            {
                "query": {
                    "x": 1.9318375133831676
                },
                "metrics": {
                    "outcome": 0.5361626507454333
                },
                "metadata": {
                    "trials": 1
                }
            }
        ],
        [
            {
                "query": {
                    "x": 0.6413085920503363
                },
                "metrics": {
                    "outcome": 0.7673254170699855
                },
                "metadata": {
                    "trials": 1
                }
            }
        ],
        [
            {
                "query": {
                    "x": 0.6693898347439244
                },
                "metrics": {
                    "outcome": 0.6245460048694645
                },
                "metadata": {
                    "trials": 1
                }
            }
        ],
        [
            {
                "query": {
                    "x": 0.9884603914882366
                },
                "metrics": {
                    "outcome": -0.1793893546293069
                },
                "metadata": {
                    "trials": 1
                }
            }
        ],
        [
            {
                "query": {
                    "x": 1.2029460475284615
                },
                "metrics": {
                    "outcome": 0.04011070768257741
                },
                "metadata": {
                    "trials": 1
                }
            },
            {
                "query": {
                    "x": 1.114826584288251
                },
                "metrics": {
                    "outcome": -0.2012608753303363
                },
                "metadata": {
                    "trials": 1
                }
            },
            {
                "query": {
                    "x": 1.2622630294905903
                },
                "metrics": {
                    "outcome": 0.37181087883141684
                },
                "metadata": {
                    "trials": 1
                }
            },
            {
                "query": {
                    "x": 1.0510059252446862
                },
                "metrics": {
                    "outcome": 0.47550394301465054
                },
                "metadata": {
                    "trials": 1
                }
            },
            {
                "query": {
                    "x": 1.1623602879347656
                },
                "metrics": {
                    "outcome": -0.3974391023712581
                },
                "metadata": {
                    "trials": 1
                }
            },
            {
                "query": {
                    "x": 0.9143088545871437
                },
                "metrics": {
                    "outcome": -0.23757836615878275
                },
                "metadata": {
                    "trials": 1
                }
            }
        ],
        [
            {
                "query": {
                    "x": 1.1487936466550408
                },
                "metrics": {
                    "outcome": -0.43443648398364937
                },
                "metadata": {
                    "trials": 1
                }
            },
            {
                "query": {
                    "x": 1.1554355205122613
                },
                "metrics": {
                    "outcome": -0.42585963055332327
                },
                "metadata": {
                    "trials": 1
                }
            },
            {
                "query": {
                    "x": 1.1421708963954895
                },
                "metrics": {
                    "outcome": -0.42417956843636473
                },
                "metadata": {
                    "trials": 1
                }
            },
            {
                "query": {
                    "x": 0.951182611549871
                },
                "metrics": {
                    "outcome": -0.5252929860125467
                },
                "metadata": {
                    "trials": 1
                }
            },
            {
                "query": {
                    "x": 1.161360034513755
                },
                "metrics": {
                    "outcome": -0.4027237879610076
                },
                "metadata": {
                    "trials": 1
                }
            },
            {
                "query": {
                    "x": 1.134356178219957
                },
                "metrics": {
                    "outcome": -0.3882832864599
                },
                "metadata": {
                    "trials": 1
                }
            }
        ],
        [
            {
                "query": {
                    "x": 0.9497664371084068
                },
                "metrics": {
                    "outcome": -0.5264246794968727
                },
                "metadata": {
                    "trials": 1
                }
            },
            {
                "query": {
                    "x": 0.9559812099258596
                },
                "metrics": {
                    "outcome": -0.5138126688689091
                },
                "metadata": {
                    "trials": 1
                }
            },
            {
                "query": {
                    "x": 0.9435572869158684
                },
                "metrics": {
                    "outcome": -0.5190819074429377
                },
                "metadata": {
                    "trials": 1
                }
            },
            {
                "query": {
                    "x": 0.9628807534712023
                },
                "metrics": {
                    "outcome": -0.4773344644790081
                },
                "metadata": {
                    "trials": 1
                }
            },
            {
                "query": {
                    "x": 0.9358112768008156
                },
                "metrics": {
                    "outcome": -0.4820710141636761
                },
                "metadata": {
                    "trials": 1
                }
            },
            {
                "query": {
                    "x": 1.1490802562269393
                },
                "metrics": {
                    "outcome": -0.4344550368270191
                },
                "metadata": {
                    "trials": 1
                }
            }
        ],
        [
            {
                "query": {
                    "x": 0.9489673742233432
                },
                "metrics": {
                    "outcome": -0.5266044938141383
                },
                "metadata": {
                    "trials": 1
                }
            },
            {
                "query": {
                    "x": 0.9533717718210452
                },
                "metrics": {
                    "outcome": -0.521510055005883
                },
                "metadata": {
                    "trials": 1
                }
            },
            {
                "query": {
                    "x": 0.9445686793834842
                },
                "metrics": {
                    "outcome": -0.5216455815619967
                },
                "metadata": {
                    "trials": 1
                }
            },
            {
                "query": {
                    "x": 0.9577972135725292
                },
                "metrics": {
                    "outcome": -0.5064442342397488
                },
                "metadata": {
                    "trials": 1
                }
            },
            {
                "query": {
                    "x": 0.9400000959503785
                },
                "metrics": {
                    "outcome": -0.5058686096059575
                },
                "metadata": {
                    "trials": 1
                }
            },
            {
                "query": {
                    "x": 0.963177646414898
                },
                "metrics": {
                    "outcome": -0.47526038076387395
                },
                "metadata": {
                    "trials": 1
                }
            }
        ],
        [
            {
                "query": {
                    "x": 0.9489563719062023
                },
                "metrics": {
                    "outcome": -0.5266046549995004
                },
                "metadata": {
                    "trials": 1
                }
            },
            {
                "query": {
                    "x": 0.9528517967139184
                },
                "metrics": {
                    "outcome": -0.5226310752593901
                },
                "metadata": {
                    "trials": 1
                }
            },
            {
                "query": {
                    "x": 0.9450646970757062
                },
                "metrics": {
                    "outcome": -0.522708680489018
                },
                "metadata": {
                    "trials": 1
                }
            },
            {
                "query": {
                    "x": 0.9567349789264514
                },
                "metrics": {
                    "outcome": -0.5109525980140098
                },
                "metadata": {
                    "trials": 1
                }
            },
            {
                "query": {
                    "x": 0.941091600776609
                },
                "metrics": {
                    "outcome": -0.5106144295382652
                },
                "metadata": {
                    "trials": 1
                }
            },
            {
                "query": {
                    "x": 0.9612549462060953
                },
                "metrics": {
                    "outcome": -0.4879731505362837
                },
                "metadata": {
                    "trials": 1
                }
            }
        ],
        [
            {
                "query": {
                    "x": 0.9489103612345775
                },
                "metrics": {
                    "outcome": -0.5266046473393107
                },
                "metadata": {
                    "trials": 1
                }
            },
            {
                "query": {
                    "x": 0.9532522714803191
                },
                "metrics": {
                    "outcome": -0.5217799058001742
                },
                "metadata": {
                    "trials": 1
                }
            },
            {
                "query": {
                    "x": 0.9445758461525675
                },
                "metrics": {
                    "outcome": -0.5216618525634719
                },
                "metadata": {
                    "trials": 1
                }
            },
            {
                "query": {
                    "x": 0.9576145918291874
                },
                "metrics": {
                    "outcome": -0.5072588924813717
                },
                "metadata": {
                    "trials": 1
                }
            },
            {
                "query": {
                    "x": 0.940095580552287
                },
                "metrics": {
                    "outcome": -0.5063080477594317
                },
                "metadata": {
                    "trials": 1
                }
            },
            {
                "query": {
                    "x": 0.9629811446315883
                },
                "metrics": {
                    "outcome": -0.47663763040491763
                },
                "metadata": {
                    "trials": 1
                }
            }
        ],
        [
            {
                "query": {
                    "x": 0.948916224413098
                },
                "metrics": {
                    "outcome": -0.5266047094916447
                },
                "metadata": {
                    "trials": 1
                }
            },
            {
                "query": {
                    "x": 0.9530537857654434
                },
                "metrics": {
                    "outcome": -0.5222120104799381
                },
                "metadata": {
                    "trials": 1
                }
            },
            {
                "query": {
                    "x": 0.944784724496013
                },
                "metrics": {
                    "outcome": -0.522124349257191
                },
                "metadata": {
                    "trials": 1
                }
            },
            {
                "query": {
                    "x": 0.9572004482206439
                },
                "metrics": {
                    "outcome": -0.509045567581062
                },
                "metadata": {
                    "trials": 1
                }
            },
            {
                "query": {
                    "x": 0.940544805714772
                },
                "metrics": {
                    "outcome": -0.5083130816843826
                },
                "metadata": {
                    "trials": 1
                }
            },
            {
                "query": {
                    "x": 0.9622149321067048
                },
                "metrics": {
                    "outcome": -0.48183917707902174
                },
                "metadata": {
                    "trials": 1
                }
            }
        ],
        [
            {
                "query": {
                    "x": 0.9489199169084075
                },
                "metrics": {
                    "outcome": -0.526604739463465
                },
                "metadata": {
                    "trials": 1
                }
            },
            {
                "query": {
                    "x": 0.9528976171829767
                },
                "metrics": {
                    "outcome": -0.5225378414849055
                },
                "metadata": {
                    "trials": 1
                }
            },
            {
                "query": {
                    "x": 0.9449473992643863
                },
                "metrics": {
                    "outcome": -0.522468829934729
                },
                "metadata": {
                    "trials": 1
                }
            },
            {
                "query": {
                    "x": 0.9568792984570886
                },
                "metrics": {
                    "outcome": -0.5103727905635861
                },
                "metadata": {
                    "trials": 1
                }
            },
            {
                "query": {
                    "x": 0.9408879705196765
                },
                "metrics": {
                    "outcome": -0.5097752774006649
                },
                "metadata": {
                    "trials": 1
                }
            },
            {
                "query": {
                    "x": 0.9616277067280306
                },
                "metrics": {
                    "outcome": -0.48564230199893604
                },
                "metadata": {
                    "trials": 1
                }
            }
        ],
        [
            {
                "query": {
                    "x": 0.9489224286294395
                },
                "metrics": {
                    "outcome": -0.5266047558009779
                },
                "metadata": {
                    "trials": 1
                }
            },
            {
                "query": {
                    "x": 0.9527695913592791
                },
                "metrics": {
                    "outcome": -0.5227956512951212
                },
                "metadata": {
                    "trials": 1
                }
            },
            {
                "query": {
                    "x": 0.9450798252552817
                },
                "metrics": {
                    "outcome": -0.5227390935454832
                },
                "metadata": {
                    "trials": 1
                }
            },
            {
                "query": {
                    "x": 0.9566176351122431
                },
                "metrics": {
                    "outcome": -0.5114164159148425
                },
                "metadata": {
                    "trials": 1
                }
            },
            {
                "query": {
                    "x": 0.9411643918734087
                },
                "metrics": {
                    "outcome": -0.5109092424581384
                },
                "metadata": {
                    "trials": 1
                }
            },
            {
                "query": {
                    "x": 0.9612003995180827
                },
                "metrics": {
                    "outcome": -0.4883087729181696
                },
                "metadata": {
                    "trials": 1
                }
            }
        ],
        [
            {
                "query": {
                    "x": 0.9489242519932417
                },
                "metrics": {
                    "outcome": -0.5266047656067507
                },
                "metadata": {
                    "trials": 1
                }
            },
            {
                "query": {
                    "x": 0.9526616893839701
                },
                "metrics": {
                    "outcome": -0.5230064222004972
                },
                "metadata": {
                    "trials": 1
                }
            },
            {
                "query": {
                    "x": 0.9451909024334675
                },
                "metrics": {
                    "outcome": -0.5229587519347192
                },
                "metadata": {
                    "trials": 1
                }
            },
            {
                "query": {
                    "x": 0.9563976613802014
                },
                "metrics": {
                    "outcome": -0.5122674638003512
                },
                "metadata": {
                    "trials": 1
                }
            },
            {
                "query": {
                    "x": 0.941394806217042
                },
                "metrics": {
                    "outcome": -0.5118245286066498
                },
                "metadata": {
                    "trials": 1
                }
            },
            {
                "query": {
                    "x": 0.9607634217931945
                },
                "metrics": {
                    "outcome": -0.4909469871954583
                },
                "metadata": {
                    "trials": 1
                }
            }
        ],
        [
            {
                "query": {
                    "x": 0.9489255993074819
                },
                "metrics": {
                    "outcome": -0.526604771742166
                },
                "metadata": {
                    "trials": 1
                }
            },
            {
                "query": {
                    "x": 0.9525687593168297
                },
                "metrics": {
                    "outcome": -0.5231831683460646
                },
                "metadata": {
                    "trials": 1
                }
            },
            {
                "query": {
                    "x": 0.945286165602002
                },
                "metrics": {
                    "outcome": -0.5231420239644684
                },
                "metadata": {
                    "trials": 1
                }
            },
            {
                "query": {
                    "x": 0.9562084752196871
                },
                "metrics": {
                    "outcome": -0.5129801404076395
                },
                "metadata": {
                    "trials": 1
                }
            },
            {
                "query": {
                    "x": 0.9415916087494278
                },
                "metrics": {
                    "outcome": -0.5125847107906404
                },
                "metadata": {
                    "trials": 1
                }
            },
            {
                "query": {
                    "x": 0.9604304047408704
                },
                "metrics": {
                    "outcome": -0.49289703659593864
                },
                "metadata": {
                    "trials": 1
                }
            }
        ],
        [
            {
                "query": {
                    "x": 0.9489266776602544
                },
                "metrics": {
                    "outcome": -0.5266047759729754
                },
                "metadata": {
                    "trials": 1
                }
            },
            {
                "query": {
                    "x": 0.9524933463410145
                },
                "metrics": {
                    "outcome": -0.5233233455505828
                },
                "metadata": {
                    "trials": 1
                }
            },
            {
                "query": {
                    "x": 0.9453634407117101
                },
                "metrics": {
                    "outcome": -0.5232872206001152
                },
                "metadata": {
                    "trials": 1
                }
            },
            {
                "query": {
                    "x": 0.9560554700725561
                },
                "metrics": {
                    "outcome": -0.5135434713510444
                },
                "metadata": {
                    "trials": 1
                }
            },
            {
                "query": {
                    "x": 0.9417505003759433
                },
                "metrics": {
                    "outcome": -0.5131839306481054
                },
                "metadata": {
                    "trials": 1
                }
            },
            {
                "query": {
                    "x": 0.9601653729571276
                },
                "metrics": {
                    "outcome": -0.4944113951454047
                },
                "metadata": {
                    "trials": 1
                }
            }
        ],
        [
            {
                "query": {
                    "x": 0.9489275243307055
                },
                "metrics": {
                    "outcome": -0.5266047788712158
                },
                "metadata": {
                    "trials": 1
                }
            },
            {
                "query": {
                    "x": 0.9524211727108775
                },
                "metrics": {
                    "outcome": -0.5234547710604892
                },
                "metadata": {
                    "trials": 1
                }
            },
            {
                "query": {
                    "x": 0.945437075082121
                },
                "metrics": {
                    "outcome": -0.5234226848534117
                },
                "metadata": {
                    "trials": 1
                }
            },
            {
                "query": {
                    "x": 0.9559086451893275
                },
                "metrics": {
                    "outcome": -0.5140730590238124
                },
                "metadata": {
                    "trials": 1
                }
            },
            {
                "query": {
                    "x": 0.9419019019301257
                },
                "metrics": {
                    "outcome": -0.5137428192652361
                },
                "metadata": {
                    "trials": 1
                }
            },
            {
                "query": {
                    "x": 0.9599127520282363
                },
                "metrics": {
                    "outcome": -0.49582370426764505
                },
                "metadata": {
                    "trials": 1
                }
            }
        ],
        [
            {
                "query": {
                    "x": 0.9489282012621271
                },
                "metrics": {
                    "outcome": -0.5266047809203773
                },
                "metadata": {
                    "trials": 1
                }
            },
            {
                "query": {
                    "x": 0.9523509469629747
                },
                "metrics": {
                    "outcome": -0.5235800851555289
                },
                "metadata": {
                    "trials": 1
                }
            },
            {
                "query": {
                    "x": 0.945508428400653
                },
                "metrics": {
                    "outcome": -0.5235512603518047
                },
                "metadata": {
                    "trials": 1
                }
            },
            {
                "query": {
                    "x": 0.9557654997309133
                },
                "metrics": {
                    "outcome": -0.5145789999336142
                },
                "metadata": {
                    "trials": 1
                }
            },
            {
                "query": {
                    "x": 0.9420486533636084
                },
                "metrics": {
                    "outcome": -0.5142732789226804
                },
                "metadata": {
                    "trials": 1
                }
            },
            {
                "query": {
                    "x": 0.9380709436877345
                },
                "metrics": {
                    "outcome": -0.49600035490851885
                },
                "metadata": {
                    "trials": 1
                }
            }
        ],
        [
            {
                "query": {
                    "x": 0.948929080345611
                },
                "metrics": {
                    "outcome": -0.5266047832259843
                },
                "metadata": {
                    "trials": 1
                }
            },
            {
                "query": {
                    "x": 0.9522927754010344
                },
                "metrics": {
                    "outcome": -0.5236819731470247
                },
                "metadata": {
                    "trials": 1
                }
            },
            {
                "query": {
                    "x": 0.9455681347945235
                },
                "metrics": {
                    "outcome": -0.5236568119836988
                },
                "metadata": {
                    "trials": 1
                }
            },
            {
                "query": {
                    "x": 0.9556476301042165
                },
                "metrics": {
                    "outcome": -0.5149879049193816
                },
                "metadata": {
                    "trials": 1
                }
            },
            {
                "query": {
                    "x": 0.9421751847120505
                },
                "metrics": {
                    "outcome": -0.5147217420150421
                },
                "metadata": {
                    "trials": 1
                }
            },
            {
                "query": {
                    "x": 0.9594748142700464
                },
                "metrics": {
                    "outcome": -0.4981997339349339
                },
                "metadata": {
                    "trials": 1
                }
            }
        ],
        [
            {
                "query": {
                    "x": 0.9489295516574245
                },
                "metrics": {
                    "outcome": -0.5266047842967035
                },
                "metadata": {
                    "trials": 1
                }
            },
            {
                "query": {
                    "x": 0.9522394991604106
                },
                "metrics": {
                    "outcome": -0.5237737632753265
                },
                "metadata": {
                    "trials": 1
                }
            },
            {
                "query": {
                    "x": 0.9456222116790856
                },
                "metrics": {
                    "outcome": -0.5237508099521712
                },
                "metadata": {
                    "trials": 1
                }
            },
            {
                "query": {
                    "x": 0.9555393940268806
                },
                "metrics": {
                    "outcome": -0.5153572583869945
                },
                "metadata": {
                    "trials": 1
                }
            },
            {
                "query": {
                    "x": 0.942285922207019
                },
                "metrics": {
                    "outcome": -0.5151074549192597
                },
                "metadata": {
                    "trials": 1
                }
            },
            {
                "query": {
                    "x": 0.9592913762079252
                },
                "metrics": {
                    "outcome": -0.4991676146135276
                },
                "metadata": {
                    "trials": 1
                }
            }
        ],
        [
            {
                "query": {
                    "x": 0.9489299576410534
                },
                "metrics": {
                    "outcome": -0.5266047851264469
                },
                "metadata": {
                    "trials": 1
                }
            },
            {
                "query": {
                    "x": 0.9521906289036048
                },
                "metrics": {
                    "outcome": -0.5238566809122345
                },
                "metadata": {
                    "trials": 1
                }
            },
            {
                "query": {
                    "x": 0.9456717689128583
                },
                "metrics": {
                    "outcome": -0.5238356148571222
                },
                "metadata": {
                    "trials": 1
                }
            },
            {
                "query": {
                    "x": 0.955440143230794
                },
                "metrics": {
                    "outcome": -0.515690785339294
                },
                "metadata": {
                    "trials": 1
                }
            },
            {
                "query": {
                    "x": 0.9423872725286235
                },
                "metrics": {
                    "outcome": -0.51545492787062
                },
                "metadata": {
                    "trials": 1
                }
            },
            {
                "query": {
                    "x": 0.9591244892649948
                },
                "metrics": {
                    "outcome": -0.5000340837406573
                },
                "metadata": {
                    "trials": 1
                }
            }
        ],
        [
            {
                "query": {
                    "x": 0.9489302913669486
                },
                "metrics": {
                    "outcome": -0.5266047857443544
                },
                "metadata": {
                    "trials": 1
                }
            },
            {
                "query": {
                    "x": 0.9521455142242016
                },
                "metrics": {
                    "outcome": -0.5239321378206716
                },
                "metadata": {
                    "trials": 1
                }
            },
            {
                "query": {
                    "x": 0.9457174573908558
                },
                "metrics": {
                    "outcome": -0.5239126665329238
                },
                "metadata": {
                    "trials": 1
                }
            },
            {
                "query": {
                    "x": 0.9553485974758891
                },
                "metrics": {
                    "outcome": -0.5159940357986011
                },
                "metadata": {
                    "trials": 1
                }
            },
            {
                "query": {
                    "x": 0.9424805996403958
                },
                "metrics": {
                    "outcome": -0.5157702062801474
                },
                "metadata": {
                    "trials": 1
                }
            },
            {
                "query": {
                    "x": 0.9589715550134352
                },
                "metrics": {
                    "outcome": -0.5008163047616065
                },
                "metadata": {
                    "trials": 1
                }
            }
        ],
        [
            {
                "query": {
                    "x": 0.9489304913293244
                },
                "metrics": {
                    "outcome": -0.5266047860868586
                },
                "metadata": {
                    "trials": 1
                }
            },
            {
                "query": {
                    "x": 0.9521036078548896
                },
                "metrics": {
                    "outcome": -0.5240012920900261
                },
                "metadata": {
                    "trials": 1
                }
            },
            {
                "query": {
                    "x": 0.9457596630864615
                },
                "metrics": {
                    "outcome": -0.5239828789071062
                },
                "metadata": {
                    "trials": 1
                }
            },
            {
                "query": {
                    "x": 0.9552636700668558
                },
                "metrics": {
                    "outcome": -0.5162715978051904
                },
                "metadata": {
                    "trials": 1
                }
            },
            {
                "query": {
                    "x": 0.9425668539454508
                },
                "metrics": {
                    "outcome": -0.5160575933476828
                },
                "metadata": {
                    "trials": 1
                }
            },
            {
                "query": {
                    "x": 0.958830461996639
                },
                "metrics": {
                    "outcome": -0.501527927720959
                },
                "metadata": {
                    "trials": 1
                }
            }
        ],
        [
            {
                "query": {
                    "x": 0.9489307690958748
                },
                "metrics": {
                    "outcome": -0.5266047865281424
                },
                "metadata": {
                    "trials": 1
                }
            },
            {
                "query": {
                    "x": 0.9520646563450361
                },
                "metrics": {
                    "outcome": -0.5240647611804552
                },
                "metadata": {
                    "trials": 1
                }
            },
            {
                "query": {
                    "x": 0.9457990684867772
                },
                "metrics": {
                    "outcome": -0.5240475955343998
                },
                "metadata": {
                    "trials": 1
                }
            },
            {
                "query": {
                    "x": 0.9551847101970374
                },
                "metrics": {
                    "outcome": -0.5165264035530023
                },
                "metadata": {
                    "trials": 1
                }
            },
            {
                "query": {
                    "x": 0.9426471887844158
                },
                "metrics": {
                    "outcome": -0.5163218021617414
                },
                "metadata": {
                    "trials": 1
                }
            },
            {
                "query": {
                    "x": 0.9586997974245168
                },
                "metrics": {
                    "outcome": -0.5021783505249179
                },
                "metadata": {
                    "trials": 1
                }
            }
        ],
        [
            {
                "query": {
                    "x": 0.9489309899835129
                },
                "metrics": {
                    "outcome": -0.5266047868504375
                },
                "metadata": {
                    "trials": 1
                }
            },
            {
                "query": {
                    "x": 0.9520282096185619
                },
                "metrics": {
                    "outcome": -0.5241234428335007
                },
                "metadata": {
                    "trials": 1
                }
            },
            {
                "query": {
                    "x": 0.9458358690783986
                },
                "metrics": {
                    "outcome": -0.5241073040665946
                },
                "metadata": {
                    "trials": 1
                }
            },
            {
                "query": {
                    "x": 0.9551108696439301
                },
                "metrics": {
                    "outcome": -0.5167618509386971
                },
                "metadata": {
                    "trials": 1
                }
            },
            {
                "query": {
                    "x": 0.9427221946143375
                },
                "metrics": {
                    "outcome": -0.5165654753101145
                },
                "metadata": {
                    "trials": 1
                }
            },
            {
                "query": {
                    "x": 0.9585780567726978
                },
                "metrics": {
                    "outcome": -0.5027768953951016
                },
                "metadata": {
                    "trials": 1
                }
            }
        ],
        [
            {
                "query": {
                    "x": 0.9489312504557088
                },
                "metrics": {
                    "outcome": -0.5266047871979052
                },
                "metadata": {
                    "trials": 1
                }
            },
            {
                "query": {
                    "x": 0.9519940652237335
                },
                "metrics": {
                    "outcome": -0.5241777981874663
                },
                "metadata": {
                    "trials": 1
                }
            },
            {
                "query": {
                    "x": 0.9458704478412789
                },
                "metrics": {
                    "outcome": -0.5241627650773981
                },
                "metadata": {
                    "trials": 1
                }
            },
            {
                "query": {
                    "x": 0.9550417010767732
                },
                "metrics": {
                    "outcome": -0.5169799114873362
                },
                "metadata": {
                    "trials": 1
                }
            },
            {
                "query": {
                    "x": 0.9427925566144035
                },
                "metrics": {
                    "outcome": -0.5167914193112597
                },
                "metadata": {
                    "trials": 1
                }
            },
            {
                "query": {
                    "x": 0.9584643256735814
                },
                "metrics": {
                    "outcome": -0.503329552769513
                },
                "metadata": {
                    "trials": 1
                }
            }
        ],
        [
            {
                "query": {
                    "x": 0.9489313868609397
                },
                "metrics": {
                    "outcome": -0.5266047873657991
                },
                "metadata": {
                    "trials": 1
                }
            },
            {
                "query": {
                    "x": 0.9519618543325955
                },
                "metrics": {
                    "outcome": -0.5242285261939116
                },
                "metadata": {
                    "trials": 1
                }
            },
            {
                "query": {
                    "x": 0.9459028796353992
                },
                "metrics": {
                    "outcome": -0.5242142166994094
                },
                "metadata": {
                    "trials": 1
                }
            },
            {
                "query": {
                    "x": 0.9549765512077805
                },
                "metrics": {
                    "outcome": -0.5171830988299938
                },
                "metadata": {
                    "trials": 1
                }
            },
            {
                "query": {
                    "x": 0.9428586016674589
                },
                "metrics": {
                    "outcome": -0.517001172633262
                },
                "metadata": {
                    "trials": 1
                }
            },
            {
                "query": {
                    "x": 0.9583574502269765
                },
                "metrics": {
                    "outcome": -0.5038431587492106
                },
                "metadata": {
                    "trials": 1
                }
            }
        ]
    ],
    "best_results": [
        {
            "query": {
                "x": 0.9489313868609397
            },
            "metrics": [
                {
                    "name": "outcome",
                    "value": -0.5266047873657991
                }
            ]
        }
    ]
}