{
    "date": "04/11/2022 16:36:42",
    "basic_params": {
        "active_variables": [
            "x1",
            "x2"
        ],
        "default_query": {},
        "metric": "basic",
        "n_trials": 1
    },
    "objective_function": {
        "name": "Beale",
        "params": {}
    },
    "optimizer": {
        "name": "BBO-LP(LCBa)-FoD",
        "params": {
            "lower_bound": [
                -4.5,
                -4.5
            ],
            "upper_bound": [
                4.5,
                4.5
            ],
            "invert_metric": false,
            "bopt_params": {
                "n_init_samples": 15,
                "n_iterations": 45,
                "n_iter_relearn": 5,
                "verbose_level": 0,
                "n_parallel_samples": 3,
                "fixed_dataset_size": 50,
                "par_type": "PAR_BBO",
                "crit_name": "cLP(cLCBa)",
                "n_crit_params": 3,
                "crit_params": [
                    3,
                    1,
                    5.0
                ]
            }
        }
    },
    "iterations": [
        [
            {
                "query": {
                    "x1": 0.745953408395871,
                    "x2": 1.0935019260272378
                },
                "metrics": {
                    "outcome": 16.352716513192924
                },
                "metadata": {
                    "trials": 1
                }
            }
        ],
        [
            {
                "query": {
                    "x1": -4.090045585390181,
                    "x2": -3.0039611340500416
                },
                "metrics": {
                    "outcome": 15080.010050279432
                },
                "metadata": {
                    "trials": 1
                }
            }
        ],
        [
            {
                "query": {
                    "x1": 3.8749154035001983,
                    "x2": 3.9322189824655656
                },
                "metrics": {
                    "outcome": 58483.16924783366
                },
                "metadata": {
                    "trials": 1
                }
            }
        ],
        [
            {
                "query": {
                    "x1": -2.6599183172453196,
                    "x2": 2.4900452543981375
                },
                "metrics": {
                    "outcome": 1420.5586199337997
                },
                "metadata": {
                    "trials": 1
                }
            }
        ],
        [
            {
                "query": {
                    "x1": 1.074247349146753,
                    "x2": 1.521805194066837
                },
                "metrics": {
                    "outcome": 46.14877676843587
                },
                "metadata": {
                    "trials": 1
                }
            }
        ],
        [
            {
                "query": {
                    "x1": 3.0939645876176654,
                    "x2": -2.3253806982189418
                },
                "metrics": {
                    "outcome": 1879.86841920993
                },
                "metadata": {
                    "trials": 1
                }
            }
        ],
        [
            {
                "query": {
                    "x1": -0.29431799906305933,
                    "x2": -4.0831344635691496
                },
                "metrics": {
                    "outcome": 541.4767589971001
                },
                "metadata": {
                    "trials": 1
                }
            }
        ],
        [
            {
                "query": {
                    "x1": 1.9773873331490908,
                    "x2": 0.491770499059931
                },
                "metrics": {
                    "outcome": 1.5880921265360266
                },
                "metadata": {
                    "trials": 1
                }
            }
        ],
        [
            {
                "query": {
                    "x1": -2.0145421898458156,
                    "x2": -1.6903916825540364
                },
                "metrics": {
                    "outcome": 256.61097038231856
                },
                "metadata": {
                    "trials": 1
                }
            }
        ],
        [
            {
                "query": {
                    "x1": -3.1166410412639376,
                    "x2": -0.7024458371568469
                },
                "metrics": {
                    "outcome": 107.51836018616208
                },
                "metadata": {
                    "trials": 1
                }
            }
        ],
        [
            {
                "query": {
                    "x1": 4.225303380796685,
                    "x2": -1.3129828261211518
                },
                "metrics": {
                    "outcome": 221.266203118904
                },
                "metadata": {
                    "trials": 1
                }
            }
        ],
        [
            {
                "query": {
                    "x1": 2.227854073327034,
                    "x2": 3.2014304977376007
                },
                "metrics": {
                    "outcome": 5965.273504133592
                },
                "metadata": {
                    "trials": 1
                }
            }
        ],
        [
            {
                "query": {
                    "x1": -0.5837280018255111,
                    "x2": 3.4677450517192483
                },
                "metrics": {
                    "outcome": 464.1291684430991
                },
                "metadata": {
                    "trials": 1
                }
            }
        ],
        [
            {
                "query": {
                    "x1": -1.0889406122267244,
                    "x2": -3.3223714504390953
                },
                "metrics": {
                    "outcome": 2019.073757829593
                },
                "metadata": {
                    "trials": 1
                }
            }
        ],
        [
            {
                "query": {
                    "x1": -3.579661211371422,
                    "x2": 0.1740237222053107
                },
                "metrics": {
                    "outcome": 90.85912534391443
                },
                "metadata": {
                    "trials": 1
                }
            }
        ],
        [
            {
                "query": {
                    "x1": 4.499843163625934,
                    "x2": 0.5472298863413672
                },
                "metrics": {
                    "outcome": 2.39673279601766
                },
                "metadata": {
                    "trials": 1
                }
            },
            {
                "query": {
                    "x1": 4.499775719943324,
                    "x2": 0.5471947498109033
                },
                "metrics": {
                    "outcome": 2.3972917679337353
                },
                "metadata": {
                    "trials": 1
                }
            },
            {
                "query": {
                    "x1": 4.499107325910691,
                    "x2": 0.547234074855866
                },
                "metrics": {
                    "outcome": 2.3939496545590484
                },
                "metadata": {
                    "trials": 1
                }
            }
        ],
        [
            {
                "query": {
                    "x1": 1.0641433941838807,
                    "x2": 0.20436303433615333
                },
                "metrics": {
                    "outcome": 4.405184112193282
                },
                "metadata": {
                    "trials": 1
                }
            },
            {
                "query": {
                    "x1": 1.0640712874927019,
                    "x2": 0.2043780978045735
                },
                "metrics": {
                    "outcome": 4.405696952838284
                },
                "metadata": {
                    "trials": 1
                }
            },
            {
                "query": {
                    "x1": 1.0642153088446253,
                    "x2": 0.20434788703667817
                },
                "metrics": {
                    "outcome": 4.404672309602492
                },
                "metadata": {
                    "trials": 1
                }
            }
        ],
        [
            {
                "query": {
                    "x1": 3.1110214178682742,
                    "x2": 0.4093302557118772
                },
                "metrics": {
                    "outcome": 0.3037464600058559
                },
                "metadata": {
                    "trials": 1
                }
            },
            {
                "query": {
                    "x1": 3.110958426971769,
                    "x2": 0.4093229540061838
                },
                "metrics": {
                    "outcome": 0.30368791585744564
                },
                "metadata": {
                    "trials": 1
                }
            },
            {
                "query": {
                    "x1": 3.1110846608390252,
                    "x2": 0.409336330310218
                },
                "metrics": {
                    "outcome": 0.30381112905041807
                },
                "metadata": {
                    "trials": 1
                }
            }
        ],
        [
            {
                "query": {
                    "x1": 3.2787515361673982,
                    "x2": 0.6901441343232628
                },
                "metrics": {
                    "outcome": 0.6981068390416764
                },
                "metadata": {
                    "trials": 1
                }
            },
            {
                "query": {
                    "x1": 3.2786787871717324,
                    "x2": 0.690139148369151
                },
                "metrics": {
                    "outcome": 0.6981509997611943
                },
                "metadata": {
                    "trials": 1
                }
            },
            {
                "query": {
                    "x1": 3.2788247762764033,
                    "x2": 0.6901481479716542
                },
                "metrics": {
                    "outcome": 0.6980503430871283
                },
                "metadata": {
                    "trials": 1
                }
            }
        ],
        [
            {
                "query": {
                    "x1": 2.5381952088755053,
                    "x2": 0.19687018669784262
                },
                "metrics": {
                    "outcome": 0.33728668233182835
                },
                "metadata": {
                    "trials": 1
                }
            },
            {
                "query": {
                    "x1": 2.538268176105677,
                    "x2": 0.19686656270593517
                },
                "metrics": {
                    "outcome": 0.33737211892199026
                },
                "metadata": {
                    "trials": 1
                }
            },
            {
                "query": {
                    "x1": 2.538107473622209,
                    "x2": 0.19687655160327733
                },
                "metrics": {
                    "outcome": 0.3371778737653965
                },
                "metadata": {
                    "trials": 1
                }
            }
        ],
        [
            {
                "query": {
                    "x1": 3.563407014316505,
                    "x2": 0.18221589528335524
                },
                "metrics": {
                    "outcome": 4.268528880118805
                },
                "metadata": {
                    "trials": 1
                }
            },
            {
                "query": {
                    "x1": 3.563296363525195,
                    "x2": 0.18220411129235803
                },
                "metrics": {
                    "outcome": 4.267978615011864
                },
                "metadata": {
                    "trials": 1
                }
            },
            {
                "query": {
                    "x1": 3.5634859927963696,
                    "x2": 0.18222703241878513
                },
                "metrics": {
                    "outcome": 4.268883944763537
                },
                "metadata": {
                    "trials": 1
                }
            }
        ],
        [
            {
                "query": {
                    "x1": 2.653964737430135,
                    "x2": 0.4837668820349865
                },
                "metrics": {
                    "outcome": 0.13775063640043594
                },
                "metadata": {
                    "trials": 1
                }
            },
            {
                "query": {
                    "x1": 4.5,
                    "x2": -4.5
                },
                "metrics": {
                    "outcome": 178131.83203125
                },
                "metadata": {
                    "trials": 1
                }
            },
            {
                "query": {
                    "x1": 4.499908971800227,
                    "x2": -4.5
                },
                "metrics": {
                    "outcome": 178124.58836095396
                },
                "metadata": {
                    "trials": 1
                }
            }
        ],
        [
            {
                "query": {
                    "x1": 2.5582882411377232,
                    "x2": 0.3988807426363632
                },
                "metrics": {
                    "outcome": 0.063657033692741
                },
                "metadata": {
                    "trials": 1
                }
            },
            {
                "query": {
                    "x1": 2.547852627998127,
                    "x2": 0.38318286120897405
                },
                "metrics": {
                    "outcome": 0.059552550978411306
                },
                "metadata": {
                    "trials": 1
                }
            },
            {
                "query": {
                    "x1": 2.56298242537341,
                    "x2": 0.3879718170078368
                },
                "metrics": {
                    "outcome": 0.054821950333517284
                },
                "metadata": {
                    "trials": 1
                }
            }
        ],
        [
            {
                "query": {
                    "x1": 1.9067658853060667,
                    "x2": -0.0023436926558826343
                },
                "metrics": {
                    "outcome": 0.8027910822921083
                },
                "metadata": {
                    "trials": 1
                }
            },
            {
                "query": {
                    "x1": 1.9068049755158532,
                    "x2": -0.002547255204539134
                },
                "metrics": {
                    "outcome": 0.8030610451244641
                },
                "metadata": {
                    "trials": 1
                }
            },
            {
                "query": {
                    "x1": 1.9067809454777924,
                    "x2": -0.002540594291942533
                },
                "metrics": {
                    "outcome": 0.8030817227339995
                },
                "metadata": {
                    "trials": 1
                }
            }
        ],
        [
            {
                "query": {
                    "x1": 2.4740870472436365,
                    "x2": 0.29069664081607005
                },
                "metrics": {
                    "outcome": 0.1100007730200403
                },
                "metadata": {
                    "trials": 1
                }
            },
            {
                "query": {
                    "x1": 2.4531949356721032,
                    "x2": 0.29275072984071393
                },
                "metrics": {
                    "outcome": 0.10973872519484823
                },
                "metadata": {
                    "trials": 1
                }
            },
            {
                "query": {
                    "x1": 2.4748280163628733,
                    "x2": 0.275361391247646
                },
                "metrics": {
                    "outcome": 0.1281807656634424
                },
                "metadata": {
                    "trials": 1
                }
            }
        ],
        [
            {
                "query": {
                    "x1": -1.5269383182082485,
                    "x2": -0.7780938504045376
                },
                "metrics": {
                    "outcome": 49.63230590518606
                },
                "metadata": {
                    "trials": 1
                }
            },
            {
                "query": {
                    "x1": -1.5269383182082485,
                    "x2": -0.7780938504045376
                },
                "metrics": {
                    "outcome": 49.63230590518606
                },
                "metadata": {
                    "trials": 1
                }
            },
            {
                "query": {
                    "x1": -1.5269383182082485,
                    "x2": -0.7780938504045376
                },
                "metrics": {
                    "outcome": 49.63230590518606
                },
                "metadata": {
                    "trials": 1
                }
            }
        ],
        [
            {
                "query": {
                    "x1": 1.7570268640912214,
                    "x2": 0.2631433960439127
                },
                "metrics": {
                    "outcome": 1.2299157926964992
                },
                "metadata": {
                    "trials": 1
                }
            },
            {
                "query": {
                    "x1": 1.7570058681555594,
                    "x2": 0.26314499137751657
                },
                "metrics": {
                    "outcome": 1.2299872857525775
                },
                "metadata": {
                    "trials": 1
                }
            },
            {
                "query": {
                    "x1": 1.7569849622766762,
                    "x2": 0.263143781752758
                },
                "metrics": {
                    "outcome": 1.2300514361731774
                },
                "metadata": {
                    "trials": 1
                }
            }
        ],
        [
            {
                "query": {
                    "x1": 0.7501189497182663,
                    "x2": 0.8262649714986416
                },
                "metrics": {
                    "outcome": 11.205071403386814
                },
                "metadata": {
                    "trials": 1
                }
            },
            {
                "query": {
                    "x1": 0.7500776249450611,
                    "x2": 0.8262726075815339
                },
                "metrics": {
                    "outcome": 11.205334319234119
                },
                "metadata": {
                    "trials": 1
                }
            },
            {
                "query": {
                    "x1": 0.7501600339413059,
                    "x2": 0.8262561160766406
                },
                "metrics": {
                    "outcome": 11.204792185509886
                },
                "metadata": {
                    "trials": 1
                }
            }
        ],
        [
            {
                "query": {
                    "x1": 2.611597067113922,
                    "x2": 0.39707720598365626
                },
                "metrics": {
                    "outcome": 0.03937774949839022
                },
                "metadata": {
                    "trials": 1
                }
            },
            {
                "query": {
                    "x1": 2.6114986479909863,
                    "x2": 0.43218841632389715
                },
                "metrics": {
                    "outcome": 0.06656438998449016
                },
                "metadata": {
                    "trials": 1
                }
            },
            {
                "query": {
                    "x1": 2.6115807421065176,
                    "x2": 0.4028423669108667
                },
                "metrics": {
                    "outcome": 0.041326868061418706
                },
                "metadata": {
                    "trials": 1
                }
            }
        ],
        [
            {
                "query": {
                    "x1": 2.511671804681969,
                    "x2": 1.454529170512619
                },
                "metrics": {
                    "outcome": 94.00654902664915
                },
                "metadata": {
                    "trials": 1
                }
            },
            {
                "query": {
                    "x1": 2.511670281105264,
                    "x2": 1.454501780607437
                },
                "metrics": {
                    "outcome": 93.99724474491731
                },
                "metadata": {
                    "trials": 1
                }
            },
            {
                "query": {
                    "x1": 2.511669894389274,
                    "x2": 1.4545056706639068
                },
                "metrics": {
                    "outcome": 93.99853824529532
                },
                "metadata": {
                    "trials": 1
                }
            }
        ],
        [
            {
                "query": {
                    "x1": 2.6508387769549246,
                    "x2": 0.05470080196132887
                },
                "metrics": {
                    "outcome": 1.1667269128896005
                },
                "metadata": {
                    "trials": 1
                }
            },
            {
                "query": {
                    "x1": 2.650840124778985,
                    "x2": 0.05469882080141808
                },
                "metrics": {
                    "outcome": 1.1667416190914253
                },
                "metadata": {
                    "trials": 1
                }
            },
            {
                "query": {
                    "x1": 2.650839560234865,
                    "x2": 0.054690174857419116
                },
                "metrics": {
                    "outcome": 1.1667881614351363
                },
                "metadata": {
                    "trials": 1
                }
            }
        ],
        [
            {
                "query": {
                    "x1": 2.646401878922097,
                    "x2": 0.9067191802577819
                },
                "metrics": {
                    "outcome": 8.544105578191104
                },
                "metadata": {
                    "trials": 1
                }
            },
            {
                "query": {
                    "x1": 2.646401491649943,
                    "x2": 0.9067221769219858
                },
                "metrics": {
                    "outcome": 8.544253688430516
                },
                "metadata": {
                    "trials": 1
                }
            },
            {
                "query": {
                    "x1": 2.646401239787237,
                    "x2": 0.9067165530739292
                },
                "metrics": {
                    "outcome": 8.543977551629796
                },
                "metadata": {
                    "trials": 1
                }
            }
        ],
        [
            {
                "query": {
                    "x1": 2.69046133295004,
                    "x2": 0.3485397006650892
                },
                "metrics": {
                    "outcome": 0.07913012369004048
                },
                "metadata": {
                    "trials": 1
                }
            },
            {
                "query": {
                    "x1": 2.6956768524850263,
                    "x2": 0.3775093173513415
                },
                "metrics": {
                    "outcome": 0.04100717231324474
                },
                "metadata": {
                    "trials": 1
                }
            },
            {
                "query": {
                    "x1": 2.692631592413262,
                    "x2": 0.3687380159568887
                },
                "metrics": {
                    "outcome": 0.05029621965129384
                },
                "metadata": {
                    "trials": 1
                }
            }
        ],
        [
            {
                "query": {
                    "x1": 3.1110249417312446,
                    "x2": 0.15630249915547
                },
                "metrics": {
                    "outcome": 2.1061659887189936
                },
                "metadata": {
                    "trials": 1
                }
            },
            {
                "query": {
                    "x1": 3.111021353982692,
                    "x2": 0.1563084212330761
                },
                "metrics": {
                    "outcome": 2.106098527726428
                },
                "metadata": {
                    "trials": 1
                }
            },
            {
                "query": {
                    "x1": 3.1110307748009385,
                    "x2": 0.15629856448451296
                },
                "metrics": {
                    "outcome": 2.1062258993396608
                },
                "metadata": {
                    "trials": 1
                }
            }
        ],
        [
            {
                "query": {
                    "x1": 2.647074088971319,
                    "x2": 0.29984638907509
                },
                "metrics": {
                    "outcome": 0.15259831241306251
                },
                "metadata": {
                    "trials": 1
                }
            },
            {
                "query": {
                    "x1": 3.0281249999999993,
                    "x2": 1.9999999999999991
                },
                "metrics": {
                    "outcome": 716.4537011718729
                },
                "metadata": {
                    "trials": 1
                }
            },
            {
                "query": {
                    "x1": 2.6473523474603384,
                    "x2": 0.29710457230069487
                },
                "metrics": {
                    "outcome": 0.15918846679959384
                },
                "metadata": {
                    "trials": 1
                }
            }
        ],
        [
            {
                "query": {
                    "x1": 1.926351274456926,
                    "x2": 0.35388353372818315
                },
                "metrics": {
                    "outcome": 0.9989974350689206
                },
                "metadata": {
                    "trials": 1
                }
            },
            {
                "query": {
                    "x1": 1.9263473730420229,
                    "x2": 0.3538914870173473
                },
                "metrics": {
                    "outcome": 0.9990375266193366
                },
                "metadata": {
                    "trials": 1
                }
            },
            {
                "query": {
                    "x1": 1.926356899979262,
                    "x2": 0.35387258979895364
                },
                "metrics": {
                    "outcome": 0.9989415468721023
                },
                "metadata": {
                    "trials": 1
                }
            }
        ],
        [
            {
                "query": {
                    "x1": 1.9999999999999991,
                    "x2": -2.0
                },
                "metrics": {
                    "outcome": 324.70312499999966
                },
                "metadata": {
                    "trials": 1
                }
            },
            {
                "query": {
                    "x1": 1.9838542462236486,
                    "x2": 0.03891134043138855
                },
                "metrics": {
                    "outcome": 0.6490314219207225
                },
                "metadata": {
                    "trials": 1
                }
            },
            {
                "query": {
                    "x1": 1.983852744920246,
                    "x2": 0.038892615360486715
                },
                "metrics": {
                    "outcome": 0.6490614228470977
                },
                "metadata": {
                    "trials": 1
                }
            }
        ],
        [
            {
                "query": {
                    "x1": 2.440318494530116,
                    "x2": 0.03509152302564278
                },
                "metrics": {
                    "outcome": 0.7997172910489401
                },
                "metadata": {
                    "trials": 1
                }
            },
            {
                "query": {
                    "x1": 2.440317991887456,
                    "x2": 0.03509345844233103
                },
                "metrics": {
                    "outcome": 0.7997082685755219
                },
                "metadata": {
                    "trials": 1
                }
            },
            {
                "query": {
                    "x1": 2.440315951352166,
                    "x2": 0.03509764899450207
                },
                "metrics": {
                    "outcome": 0.7996871584485962
                },
                "metadata": {
                    "trials": 1
                }
            }
        ],
        [
            {
                "query": {
                    "x1": 1.8374095220516136,
                    "x2": -0.13722252923031242
                },
                "metrics": {
                    "outcome": 1.1603823245228497
                },
                "metadata": {
                    "trials": 1
                }
            },
            {
                "query": {
                    "x1": 1.8374094317052698,
                    "x2": -0.1372203026738914
                },
                "metrics": {
                    "outcome": 1.1603769583929864
                },
                "metadata": {
                    "trials": 1
                }
            },
            {
                "query": {
                    "x1": 1.837408666219786,
                    "x2": -0.13721852391160105
                },
                "metrics": {
                    "outcome": 1.160373438584827
                },
                "metadata": {
                    "trials": 1
                }
            }
        ],
        [
            {
                "query": {
                    "x1": -4.5,
                    "x2": 4.5
                },
                "metrics": {
                    "outcome": 169680.83203125
                },
                "metadata": {
                    "trials": 1
                }
            },
            {
                "query": {
                    "x1": -4.495444272436682,
                    "x2": 4.5
                },
                "metrics": {
                    "outcome": 169334.8749824316
                },
                "metadata": {
                    "trials": 1
                }
            },
            {
                "query": {
                    "x1": -4.490877281987492,
                    "x2": 4.5
                },
                "metrics": {
                    "outcome": 168988.4170027788
                },
                "metadata": {
                    "trials": 1
                }
            }
        ],
        [
            {
                "query": {
                    "x1": -4.498192017167818,
                    "x2": -4.5
                },
                "metrics": {
                    "outcome": 181708.2733104106
                },
                "metadata": {
                    "trials": 1
                }
            },
            {
                "query": {
                    "x1": -4.49389389577522,
                    "x2": -4.498551353971119
                },
                "metrics": {
                    "outcome": 181023.5033850153
                },
                "metadata": {
                    "trials": 1
                }
            },
            {
                "query": {
                    "x1": -4.493833834021967,
                    "x2": -4.498466246508223
                },
                "metrics": {
                    "outcome": 180998.76224412446
                },
                "metadata": {
                    "trials": 1
                }
            }
        ],
        [
            {
                "query": {
                    "x1": 1.9862592336874592,
                    "x2": 4.5
                },
                "metrics": {
                    "outcome": 34702.36899849931
                },
                "metadata": {
                    "trials": 1
                }
            },
            {
                "query": {
                    "x1": 1.9862592336874592,
                    "x2": 4.5
                },
                "metrics": {
                    "outcome": 34702.36899849931
                },
                "metadata": {
                    "trials": 1
                }
            },
            {
                "query": {
                    "x1": 1.9862592336874592,
                    "x2": 4.5
                },
                "metrics": {
                    "outcome": 34702.36899849931
                },
                "metadata": {
                    "trials": 1
                }
            }
        ],
        [
            {
                "query": {
                    "x1": 1.9999999999999991,
                    "x2": -3.0
                },
                "metrics": {
                    "outcome": 3224.2031249999973
                },
                "metadata": {
                    "trials": 1
                }
            },
            {
                "query": {
                    "x1": 1.9999999999999991,
                    "x2": -3.0
                },
                "metrics": {
                    "outcome": 3224.2031249999973
                },
                "metadata": {
                    "trials": 1
                }
            },
            {
                "query": {
                    "x1": 1.9999999999999991,
                    "x2": -3.0
                },
                "metrics": {
                    "outcome": 3224.2031249999973
                },
                "metadata": {
                    "trials": 1
                }
            }
        ],
        [
            {
                "query": {
                    "x1": 1.333333333333333,
                    "x2": -3.0
                },
                "metrics": {
                    "outcome": 1386.2031249999995
                },
                "metadata": {
                    "trials": 1
                }
            },
            {
                "query": {
                    "x1": 1.333333333333333,
                    "x2": -3.0
                },
                "metrics": {
                    "outcome": 1386.2031249999995
                },
                "metadata": {
                    "trials": 1
                }
            },
            {
                "query": {
                    "x1": 1.333333333333333,
                    "x2": -3.0
                },
                "metrics": {
                    "outcome": 1386.2031249999995
                },
                "metadata": {
                    "trials": 1
                }
            }
        ],
        [
            {
                "query": {
                    "x1": 1.9999999999999991,
                    "x2": -1.0
                },
                "metrics": {
                    "outcome": 13.203124999999986
                },
                "metadata": {
                    "trials": 1
                }
            },
            {
                "query": {
                    "x1": 1.9999999999999991,
                    "x2": -1.0
                },
                "metrics": {
                    "outcome": 13.203124999999986
                },
                "metadata": {
                    "trials": 1
                }
            },
            {
                "query": {
                    "x1": 1.9999999999999991,
                    "x2": -1.0
                },
                "metrics": {
                    "outcome": 13.203124999999986
                },
                "metadata": {
                    "trials": 1
                }
            }
        ],
        [
            {
                "query": {
                    "x1": -1.0,
                    "x2": 4.412500000000001
                },
                "metrics": {
                    "outcome": 7037.912101337176
                },
                "metadata": {
                    "trials": 1
                }
            },
            {
                "query": {
                    "x1": -1.320964632669988,
                    "x2": 4.431754552581662
                },
                "metrics": {
                    "outcome": 12838.089200176091
                },
                "metadata": {
                    "trials": 1
                }
            },
            {
                "query": {
                    "x1": -1.3404547424705355,
                    "x2": 4.427483015948811
                },
                "metrics": {
                    "outcome": 13151.89322281658
                },
                "metadata": {
                    "trials": 1
                }
            }
        ],
        [
            {
                "query": {
                    "x1": 3.2028653875854296,
                    "x2": -1.912187017780969
                },
                "metrics": {
                    "outcome": 704.710030850624
                },
                "metadata": {
                    "trials": 1
                }
            },
            {
                "query": {
                    "x1": 3.2028653875854296,
                    "x2": -1.912187017780969
                },
                "metrics": {
                    "outcome": 704.710030850624
                },
                "metadata": {
                    "trials": 1
                }
            },
            {
                "query": {
                    "x1": 3.2028653875854296,
                    "x2": -1.912187017780969
                },
                "metrics": {
                    "outcome": 704.710030850624
                },
                "metadata": {
                    "trials": 1
                }
            }
        ],
        [
            {
                "query": {
                    "x1": 2.596876227170271,
                    "x2": 0.39564198913567505
                },
                "metrics": {
                    "outcome": 0.044079123729388006
                },
                "metadata": {
                    "trials": 1
                }
            },
            {
                "query": {
                    "x1": 2.5951605397623663,
                    "x2": 0.34056283931893905
                },
                "metrics": {
                    "outcome": 0.06413320310444719
                },
                "metadata": {
                    "trials": 1
                }
            },
            {
                "query": {
                    "x1": 2.593280092084046,
                    "x2": 0.2951333952142585
                },
                "metrics": {
                    "outcome": 0.1309908040204252
                },
                "metadata": {
                    "trials": 1
                }
            }
        ],
        [
            {
                "query": {
                    "x1": -2.8145842682973847,
                    "x2": -4.499842683172053
                },
                "metrics": {
                    "outcome": 71571.95208514303
                },
                "metadata": {
                    "trials": 1
                }
            },
            {
                "query": {
                    "x1": -2.8145898890078067,
                    "x2": -4.499774301126255
                },
                "metrics": {
                    "outcome": 71565.9255043992
                },
                "metadata": {
                    "trials": 1
                }
            },
            {
                "query": {
                    "x1": -2.8145916385392,
                    "x2": -4.499098599416225
                },
                "metrics": {
                    "outcome": 71503.68741844114
                },
                "metadata": {
                    "trials": 1
                }
            }
        ],
        [
            {
                "query": {
                    "x1": 4.5,
                    "x2": 4.5
                },
                "metrics": {
                    "outcome": 174813.36328125
                },
                "metadata": {
                    "trials": 1
                }
            },
            {
                "query": {
                    "x1": 4.5,
                    "x2": 4.4999391600677825
                },
                "metrics": {
                    "outcome": 174799.33828200126
                },
                "metadata": {
                    "trials": 1
                }
            },
            {
                "query": {
                    "x1": 4.5,
                    "x2": 4.499871010313042
                },
                "metrics": {
                    "outcome": 174783.6293155607
                },
                "metadata": {
                    "trials": 1
                }
            }
        ],
        [
            {
                "query": {
                    "x1": 2.5028427166950653,
                    "x2": 0.29568592160789287
                },
                "metrics": {
                    "outcome": 0.10513129954119066
                },
                "metadata": {
                    "trials": 1
                }
            },
            {
                "query": {
                    "x1": 2.4922635882531248,
                    "x2": 0.2871879995046607
                },
                "metrics": {
                    "outcome": 0.11458373776639888
                },
                "metadata": {
                    "trials": 1
                }
            },
            {
                "query": {
                    "x1": 2.491053810947788,
                    "x2": 0.2984928798855142
                },
                "metrics": {
                    "outcome": 0.10169578053690062
                },
                "metadata": {
                    "trials": 1
                }
            }
        ],
        [
            {
                "query": {
                    "x1": 2.4911004210651404,
                    "x2": -4.499035628417353
                },
                "metrics": {
                    "outcome": 54069.78269933485
                },
                "metadata": {
                    "trials": 1
                }
            },
            {
                "query": {
                    "x1": 2.4911004210651404,
                    "x2": -4.499035628417353
                },
                "metrics": {
                    "outcome": 54069.78269933485
                },
                "metadata": {
                    "trials": 1
                }
            },
            {
                "query": {
                    "x1": 2.4911004210651404,
                    "x2": -4.499035628417353
                },
                "metrics": {
                    "outcome": 54069.78269933485
                },
                "metadata": {
                    "trials": 1
                }
            }
        ],
        [
            {
                "query": {
                    "x1": 2.5867778314583845,
                    "x2": 0.44410854443969416
                },
                "metrics": {
                    "outcome": 0.104043560910794
                },
                "metadata": {
                    "trials": 1
                }
            },
            {
                "query": {
                    "x1": 2.5854970530330803,
                    "x2": 0.4457892435348292
                },
                "metrics": {
                    "outcome": 0.10841821382201161
                },
                "metadata": {
                    "trials": 1
                }
            },
            {
                "query": {
                    "x1": 2.5871159228213436,
                    "x2": 0.44816121838543665
                },
                "metrics": {
                    "outcome": 0.11184788383083
                },
                "metadata": {
                    "trials": 1
                }
            }
        ],
        [
            {
                "query": {
                    "x1": 2.6393927877976227,
                    "x2": 0.39236850857612193
                },
                "metrics": {
                    "outcome": 0.032094745146176974
                },
                "metadata": {
                    "trials": 1
                }
            },
            {
                "query": {
                    "x1": 2.637530577026596,
                    "x2": 0.36624789883468534
                },
                "metrics": {
                    "outcome": 0.04426397882087546
                },
                "metadata": {
                    "trials": 1
                }
            },
            {
                "query": {
                    "x1": 2.638003973940666,
                    "x2": 0.36594998955238545
                },
                "metrics": {
                    "outcome": 0.0445264112732994
                },
                "metadata": {
                    "trials": 1
                }
            }
        ],
        [
            {
                "query": {
                    "x1": 2.409099025766973,
                    "x2": 0.15909902576697288
                },
                "metrics": {
                    "outcome": 0.3370040075021549
                },
                "metadata": {
                    "trials": 1
                }
            },
            {
                "query": {
                    "x1": 2.409099025766973,
                    "x2": 0.15909902576697288
                },
                "metrics": {
                    "outcome": 0.3370040075021549
                },
                "metadata": {
                    "trials": 1
                }
            },
            {
                "query": {
                    "x1": 2.409099025766973,
                    "x2": 0.15909902576697288
                },
                "metrics": {
                    "outcome": 0.3370040075021549
                },
                "metadata": {
                    "trials": 1
                }
            }
        ],
        [
            {
                "query": {
                    "x1": 2.675888365409935,
                    "x2": 0.29048499736336186
                },
                "metrics": {
                    "outcome": 0.19912163428135152
                },
                "metadata": {
                    "trials": 1
                }
            },
            {
                "query": {
                    "x1": 2.6758641152081104,
                    "x2": 0.30022638448236894
                },
                "metrics": {
                    "outcome": 0.173323918385566
                },
                "metadata": {
                    "trials": 1
                }
            },
            {
                "query": {
                    "x1": 2.676742914036433,
                    "x2": 0.30308169334204926
                },
                "metrics": {
                    "outcome": 0.16679885664613509
                },
                "metadata": {
                    "trials": 1
                }
            }
        ],
        [
            {
                "query": {
                    "x1": 2.25582086426211,
                    "x2": 0.019594457011053557
                },
                "metrics": {
                    "outcome": 0.6427323134586354
                },
                "metadata": {
                    "trials": 1
                }
            },
            {
                "query": {
                    "x1": 2.255818518459317,
                    "x2": 0.019593737349874907
                },
                "metrics": {
                    "outcome": 0.6427330588950603
                },
                "metadata": {
                    "trials": 1
                }
            },
            {
                "query": {
                    "x1": 2.255819394487676,
                    "x2": 0.01959517052436599
                },
                "metrics": {
                    "outcome": 0.6427290432840244
                },
                "metadata": {
                    "trials": 1
                }
            }
        ],
        [
            {
                "query": {
                    "x1": -0.1550658404051548,
                    "x2": -3.0
                },
                "metrics": {
                    "outcome": 54.05146180935524
                },
                "metadata": {
                    "trials": 1
                }
            },
            {
                "query": {
                    "x1": -0.1550658404051548,
                    "x2": -3.0
                },
                "metrics": {
                    "outcome": 54.05146180935524
                },
                "metadata": {
                    "trials": 1
                }
            },
            {
                "query": {
                    "x1": -0.1550658404051548,
                    "x2": -3.0
                },
                "metrics": {
                    "outcome": 54.05146180935524
                },
                "metadata": {
                    "trials": 1
                }
            }
        ],
        [
            {
                "query": {
                    "x1": 0.3625552768306166,
                    "x2": 4.348370191767954
                },
                "metrics": {
                    "outcome": 1112.406969840434
                },
                "metadata": {
                    "trials": 1
                }
            },
            {
                "query": {
                    "x1": 0.3625552768306166,
                    "x2": 4.348370191767954
                },
                "metrics": {
                    "outcome": 1112.406969840434
                },
                "metadata": {
                    "trials": 1
                }
            },
            {
                "query": {
                    "x1": 0.3625552768306166,
                    "x2": 4.348370191767954
                },
                "metrics": {
                    "outcome": 1112.406969840434
                },
                "metadata": {
                    "trials": 1
                }
            }
        ],
        [
            {
                "query": {
                    "x1": 0.0,
                    "x2": 2.999999999999999
                },
                "metrics": {
                    "outcome": 14.203125
                },
                "metadata": {
                    "trials": 1
                }
            },
            {
                "query": {
                    "x1": -4.5,
                    "x2": 0.4976163192021881
                },
                "metrics": {
                    "outcome": 89.07574737241555
                },
                "metadata": {
                    "trials": 1
                }
            },
            {
                "query": {
                    "x1": -4.5,
                    "x2": 0.49762032552449487
                },
                "metrics": {
                    "outcome": 89.0752335397619
                },
                "metadata": {
                    "trials": 1
                }
            }
        ]
    ],
    "best_results": [
        {
            "query": {
                "x1": 2.6393927877976227,
                "x2": 0.39236850857612193
            },
            "metrics": [
                {
                    "name": "outcome",
                    "value": 0.032094745146176974
                }
            ]
        }
    ]
}