{
    "date": "04/11/2022 16:30:43",
    "basic_params": {
        "active_variables": [
            "x1",
            "x2"
        ],
        "default_query": {},
        "metric": "basic",
        "n_trials": 1
    },
    "objective_function": {
        "name": "Gramacy2D",
        "params": {}
    },
    "optimizer": {
        "name": "BBO-LP(LCB)-FoD",
        "params": {
            "lower_bound": [
                -2.0,
                -2.0
            ],
            "upper_bound": [
                6.0,
                6.0
            ],
            "invert_metric": false,
            "bopt_params": {
                "n_init_samples": 15,
                "n_iterations": 45,
                "n_iter_relearn": 5,
                "verbose_level": 0,
                "n_parallel_samples": 3,
                "fixed_dataset_size": 50,
                "par_type": "PAR_BBO",
                "crit_name": "cLP(cLCB)",
                "n_crit_params": 3,
                "crit_params": [
                    3,
                    1,
                    1.0
                ]
            }
        }
    },
    "iterations": [
        [
            {
                "query": {
                    "x1": 0.9194139721492927,
                    "x2": 1.5667869395265979
                },
                "metrics": {
                    "outcome": 0.033906038122447225
                },
                "metadata": {
                    "trials": 1
                }
            }
        ],
        [
            {
                "query": {
                    "x1": 0.27187428809702396,
                    "x2": -0.379297776768605
                },
                "metrics": {
                    "outcome": 0.21866860211138459
                },
                "metadata": {
                    "trials": 1
                }
            }
        ],
        [
            {
                "query": {
                    "x1": -1.2207295585423708,
                    "x2": -0.6209940979878108
                },
                "metrics": {
                    "outcome": -0.18705255739755208
                },
                "metadata": {
                    "trials": 1
                }
            }
        ],
        [
            {
                "query": {
                    "x1": 1.2683143531282743,
                    "x2": 2.0773588668555023
                },
                "metrics": {
                    "outcome": 0.003391942807460127
                },
                "metadata": {
                    "trials": 1
                }
            }
        ],
        [
            {
                "query": {
                    "x1": 2.8870468255132433,
                    "x2": -1.0478026057283083
                },
                "metrics": {
                    "outcome": 0.00023109179318215323
                },
                "metadata": {
                    "trials": 1
                }
            }
        ],
        [
            {
                "query": {
                    "x1": 4.435183842107653,
                    "x2": 3.885082102442781
                },
                "metrics": {
                    "outcome": 3.538230722704717e-15
                },
                "metadata": {
                    "trials": 1
                }
            }
        ],
        [
            {
                "query": {
                    "x1": 4.013013634085655,
                    "x2": -1.5545229150603215
                },
                "metrics": {
                    "outcome": 3.6306195618409127e-08
                },
                "metadata": {
                    "trials": 1
                }
            }
        ],
        [
            {
                "query": {
                    "x1": 3.4950259640812877,
                    "x2": 4.860738607744376
                },
                "metrics": {
                    "outcome": 9.494531393447028e-16
                },
                "metadata": {
                    "trials": 1
                }
            }
        ],
        [
            {
                "query": {
                    "x1": 2.631458577016989,
                    "x2": 3.6320131654540697
                },
                "metrics": {
                    "outcome": 4.829342088572298e-09
                },
                "metadata": {
                    "trials": 1
                }
            }
        ],
        [
            {
                "query": {
                    "x1": 2.205433273191253,
                    "x2": 0.6056138295680285
                },
                "metrics": {
                    "outcome": 0.01179853334905125
                },
                "metadata": {
                    "trials": 1
                }
            }
        ],
        [
            {
                "query": {
                    "x1": 5.7777057146032655,
                    "x2": 2.7503904941181343
                },
                "metrics": {
                    "outcome": 9.52583087227194e-18
                },
                "metadata": {
                    "trials": 1
                }
            }
        ],
        [
            {
                "query": {
                    "x1": -1.5945675063878297,
                    "x2": 1.028175003702442
                },
                "metrics": {
                    "outcome": -0.043578697953510374
                },
                "metadata": {
                    "trials": 1
                }
            }
        ],
        [
            {
                "query": {
                    "x1": 5.462403082971772,
                    "x2": 3.037452358752489
                },
                "metrics": {
                    "outcome": 5.917245931430463e-17
                },
                "metadata": {
                    "trials": 1
                }
            }
        ],
        [
            {
                "query": {
                    "x1": -0.9094374804447094,
                    "x2": 5.272153938189149
                },
                "metrics": {
                    "outcome": -3.373644136109531e-13
                },
                "metadata": {
                    "trials": 1
                }
            }
        ],
        [
            {
                "query": {
                    "x1": -0.17139789958794904,
                    "x2": 5.727632789313793
                },
                "metrics": {
                    "outcome": -9.416272892831043e-16
                },
                "metadata": {
                    "trials": 1
                }
            }
        ],
        [
            {
                "query": {
                    "x1": -2.0,
                    "x2": -1.999999999999994
                },
                "metrics": {
                    "outcome": -0.0006709252558050398
                },
                "metadata": {
                    "trials": 1
                }
            },
            {
                "query": {
                    "x1": -2.0,
                    "x2": -1.2133707796652426
                },
                "metrics": {
                    "outcome": -0.008403378359059539
                },
                "metadata": {
                    "trials": 1
                }
            },
            {
                "query": {
                    "x1": -2.0,
                    "x2": -0.39919168026218976
                },
                "metrics": {
                    "outcome": -0.03123528739474454
                },
                "metadata": {
                    "trials": 1
                }
            }
        ],
        [
            {
                "query": {
                    "x1": 3.981117948404883,
                    "x2": 0.7247712838523697
                },
                "metrics": {
                    "outcome": 3.080416420669087e-07
                },
                "metadata": {
                    "trials": 1
                }
            },
            {
                "query": {
                    "x1": 5.999999999999998,
                    "x2": 5.999999999999994
                },
                "metrics": {
                    "outcome": 3.2281116960129573e-31
                },
                "metadata": {
                    "trials": 1
                }
            },
            {
                "query": {
                    "x1": -1.2247031807668054,
                    "x2": -0.29500232859447695
                },
                "metrics": {
                    "outcome": -0.2505176901387223
                },
                "metadata": {
                    "trials": 1
                }
            }
        ],
        [
            {
                "query": {
                    "x1": -0.9648228955498064,
                    "x2": 0.3680212019169722
                },
                "metrics": {
                    "outcome": -0.33216164459234443
                },
                "metadata": {
                    "trials": 1
                }
            },
            {
                "query": {
                    "x1": -0.807003530322951,
                    "x2": 0.7981934613409978
                },
                "metrics": {
                    "outcome": -0.22250744088009858
                },
                "metadata": {
                    "trials": 1
                }
            },
            {
                "query": {
                    "x1": -1.1073906444706876,
                    "x2": -0.041667161233355676
                },
                "metrics": {
                    "outcome": -0.32431379960238543
                },
                "metadata": {
                    "trials": 1
                }
            }
        ],
        [
            {
                "query": {
                    "x1": -0.9083814488626885,
                    "x2": 0.10515671515054725
                },
                "metrics": {
                    "outcome": -0.3936450428918994
                },
                "metadata": {
                    "trials": 1
                }
            },
            {
                "query": {
                    "x1": -0.8877477559110294,
                    "x2": -0.13130658662712058
                },
                "metrics": {
                    "outcome": -0.3967673727765286
                },
                "metadata": {
                    "trials": 1
                }
            },
            {
                "query": {
                    "x1": -0.9470153046276921,
                    "x2": 0.33930485056813087
                },
                "metrics": {
                    "outcome": -0.3442435790394362
                },
                "metadata": {
                    "trials": 1
                }
            }
        ],
        [
            {
                "query": {
                    "x1": -1.999999999999994,
                    "x2": 6.0
                },
                "metrics": {
                    "outcome": -8.496708510583333e-18
                },
                "metadata": {
                    "trials": 1
                }
            },
            {
                "query": {
                    "x1": -0.7245555707430613,
                    "x2": -0.007888000232712189
                },
                "metrics": {
                    "outcome": -0.42859630648519503
                },
                "metadata": {
                    "trials": 1
                }
            },
            {
                "query": {
                    "x1": -0.7380407470502279,
                    "x2": -0.15740530716728585
                },
                "metrics": {
                    "outcome": -0.41759767158672695
                },
                "metadata": {
                    "trials": 1
                }
            }
        ],
        [
            {
                "query": {
                    "x1": 3.1715712461931753,
                    "x2": 1.6819567052115914
                },
                "metrics": {
                    "outcome": 8.0196530185947e-06
                },
                "metadata": {
                    "trials": 1
                }
            },
            {
                "query": {
                    "x1": 0.8943925159610107,
                    "x2": 5.103519927054668
                },
                "metrics": {
                    "outcome": 1.961200828414592e-12
                },
                "metadata": {
                    "trials": 1
                }
            },
            {
                "query": {
                    "x1": -0.46602663625375573,
                    "x2": 0.10388063763094646
                },
                "metrics": {
                    "outcome": -0.3710254947549146
                },
                "metadata": {
                    "trials": 1
                }
            }
        ],
        [
            {
                "query": {
                    "x1": 4.981364023811304,
                    "x2": -0.4445401828304463
                },
                "metrics": {
                    "outcome": 6.838280184183325e-11
                },
                "metadata": {
                    "trials": 1
                }
            },
            {
                "query": {
                    "x1": 5.114063377181838,
                    "x2": 6.0
                },
                "metrics": {
                    "outcome": 5.197343110256851e-27
                },
                "metadata": {
                    "trials": 1
                }
            },
            {
                "query": {
                    "x1": -0.6465455187854341,
                    "x2": 0.013202417536352762
                },
                "metrics": {
                    "outcome": -0.4255779774876842
                },
                "metadata": {
                    "trials": 1
                }
            }
        ],
        [
            {
                "query": {
                    "x1": -0.698874298048302,
                    "x2": 0.052521791669883466
                },
                "metrics": {
                    "outcome": -0.4276422886181992
                },
                "metadata": {
                    "trials": 1
                }
            },
            {
                "query": {
                    "x1": -0.6812221029672549,
                    "x2": -0.10769306915134869
                },
                "metrics": {
                    "outcome": -0.42336176275836834
                },
                "metadata": {
                    "trials": 1
                }
            },
            {
                "query": {
                    "x1": -0.6562865686432209,
                    "x2": 0.20617306912564493
                },
                "metrics": {
                    "outcome": -0.4088621842296236
                },
                "metadata": {
                    "trials": 1
                }
            }
        ],
        [
            {
                "query": {
                    "x1": -0.7329885722014102,
                    "x2": 0.016444257369392812
                },
                "metrics": {
                    "outcome": -0.42819874733825714
                },
                "metadata": {
                    "trials": 1
                }
            },
            {
                "query": {
                    "x1": -0.6465909912263768,
                    "x2": -0.07609624900224077
                },
                "metrics": {
                    "outcome": -0.42319936650109047
                },
                "metadata": {
                    "trials": 1
                }
            },
            {
                "query": {
                    "x1": -0.7494953826880129,
                    "x2": 0.1356470390832425
                },
                "metrics": {
                    "outcome": -0.4195810481852175
                },
                "metadata": {
                    "trials": 1
                }
            }
        ],
        [
            {
                "query": {
                    "x1": -0.7041756452834913,
                    "x2": -0.00033947579513093906
                },
                "metrics": {
                    "outcome": -0.42887451337619725
                },
                "metadata": {
                    "trials": 1
                }
            },
            {
                "query": {
                    "x1": -0.7079362444353414,
                    "x2": 0.09626883552189103
                },
                "metrics": {
                    "outcome": -0.4249249752544993
                },
                "metadata": {
                    "trials": 1
                }
            },
            {
                "query": {
                    "x1": -0.7024702883907827,
                    "x2": -0.09678640586475784
                },
                "metrics": {
                    "outcome": -0.4248647962223485
                },
                "metadata": {
                    "trials": 1
                }
            }
        ],
        [
            {
                "query": {
                    "x1": -0.7053203549671336,
                    "x2": -0.00040386616240306594
                },
                "metrics": {
                    "outcome": -0.4288791328280408
                },
                "metadata": {
                    "trials": 1
                }
            },
            {
                "query": {
                    "x1": -0.7083465100907131,
                    "x2": 0.08442687882356337
                },
                "metrics": {
                    "outcome": -0.42583447685197134
                },
                "metadata": {
                    "trials": 1
                }
            },
            {
                "query": {
                    "x1": -0.7029904596543901,
                    "x2": -0.08508877522138314
                },
                "metrics": {
                    "outcome": -0.4257735511138877
                },
                "metadata": {
                    "trials": 1
                }
            }
        ],
        [
            {
                "query": {
                    "x1": -0.7058320092992301,
                    "x2": -0.0003637771136495438
                },
                "metrics": {
                    "outcome": -0.4288804909849505
                },
                "metadata": {
                    "trials": 1
                }
            },
            {
                "query": {
                    "x1": -0.7081780316548019,
                    "x2": 0.07815611607677786
                },
                "metrics": {
                    "outcome": -0.42626917640727935
                },
                "metadata": {
                    "trials": 1
                }
            },
            {
                "query": {
                    "x1": -0.7034566465413976,
                    "x2": -0.07874118949660436
                },
                "metrics": {
                    "outcome": -0.42621964874984336
                },
                "metadata": {
                    "trials": 1
                }
            }
        ],
        [
            {
                "query": {
                    "x1": 1.7547326284358915,
                    "x2": 4.6939117452665995
                },
                "metrics": {
                    "outcome": 2.1789834269481192e-11
                },
                "metadata": {
                    "trials": 1
                }
            },
            {
                "query": {
                    "x1": -0.7061580600564235,
                    "x2": -0.00031144576854225114
                },
                "metrics": {
                    "outcome": -0.4288811284855335
                },
                "metadata": {
                    "trials": 1
                }
            },
            {
                "query": {
                    "x1": -0.7076168406992134,
                    "x2": 0.07472763521177495
                },
                "metrics": {
                    "outcome": -0.42649342432048476
                },
                "metadata": {
                    "trials": 1
                }
            }
        ],
        [
            {
                "query": {
                    "x1": 0.8958036095048922,
                    "x2": 1.3850241454156462
                },
                "metrics": {
                    "outcome": 0.05896624803110736
                },
                "metadata": {
                    "trials": 1
                }
            },
            {
                "query": {
                    "x1": -1.4246631380479449,
                    "x2": 6.0
                },
                "metrics": {
                    "outcome": -4.341486996750881e-17
                },
                "metadata": {
                    "trials": 1
                }
            },
            {
                "query": {
                    "x1": 5.885154187383961,
                    "x2": -1.085208582210452
                },
                "metrics": {
                    "outcome": 1.6462366408727731e-15
                },
                "metadata": {
                    "trials": 1
                }
            }
        ],
        [
            {
                "query": {
                    "x1": 4.348740266891264,
                    "x2": 3.54549097206789
                },
                "metrics": {
                    "outcome": 9.244505447545662e-14
                },
                "metadata": {
                    "trials": 1
                }
            },
            {
                "query": {
                    "x1": -0.7058669683423862,
                    "x2": -0.00044680037346411794
                },
                "metrics": {
                    "outcome": -0.4288805375934383
                },
                "metadata": {
                    "trials": 1
                }
            },
            {
                "query": {
                    "x1": -0.7102636688415473,
                    "x2": 0.10411735694746449
                },
                "metrics": {
                    "outcome": -0.4242493459147005
                },
                "metadata": {
                    "trials": 1
                }
            }
        ],
        [
            {
                "query": {
                    "x1": 3.1292354216997023,
                    "x2": 5.1480113044546885
                },
                "metrics": {
                    "outcome": 5.408736265196204e-16
                },
                "metadata": {
                    "trials": 1
                }
            },
            {
                "query": {
                    "x1": 2.105090178672829,
                    "x2": 0.6219941473767627
                },
                "metrics": {
                    "outcome": 0.017010523904160354
                },
                "metadata": {
                    "trials": 1
                }
            },
            {
                "query": {
                    "x1": -2.0,
                    "x2": 3.615601434487454
                },
                "metrics": {
                    "outcome": -7.70026074631877e-08
                },
                "metadata": {
                    "trials": 1
                }
            }
        ],
        [
            {
                "query": {
                    "x1": 5.613273725887575,
                    "x2": 2.614240526157806
                },
                "metrics": {
                    "outcome": 1.2503207754403925e-16
                },
                "metadata": {
                    "trials": 1
                }
            },
            {
                "query": {
                    "x1": 2.4288041542764294,
                    "x2": 3.4117219416139335
                },
                "metrics": {
                    "outcome": 5.865827338695696e-08
                },
                "metadata": {
                    "trials": 1
                }
            },
            {
                "query": {
                    "x1": -0.7067637507837214,
                    "x2": -0.0014346740097790356
                },
                "metrics": {
                    "outcome": -0.4288809587689951
                },
                "metadata": {
                    "trials": 1
                }
            }
        ],
        [
            {
                "query": {
                    "x1": -0.705744390215675,
                    "x2": -0.0005912109213423999
                },
                "metrics": {
                    "outcome": -0.42888019944924854
                },
                "metadata": {
                    "trials": 1
                }
            },
            {
                "query": {
                    "x1": -0.7092745112931726,
                    "x2": 0.0941779049835283
                },
                "metrics": {
                    "outcome": -0.4250908124233554
                },
                "metadata": {
                    "trials": 1
                }
            },
            {
                "query": {
                    "x1": -0.6996918670541723,
                    "x2": -0.09524150167964196
                },
                "metrics": {
                    "outcome": -0.4249622730732666
                },
                "metadata": {
                    "trials": 1
                }
            }
        ],
        [
            {
                "query": {
                    "x1": -0.706119507082303,
                    "x2": -0.0004568515713112564
                },
                "metrics": {
                    "outcome": -0.4288810165072716
                },
                "metadata": {
                    "trials": 1
                }
            },
            {
                "query": {
                    "x1": -0.7007961569164234,
                    "x2": -0.09493244863013994
                },
                "metrics": {
                    "outcome": -0.4250001969785571
                },
                "metadata": {
                    "trials": 1
                }
            },
            {
                "query": {
                    "x1": -0.6997686852148277,
                    "x2": 0.09072166936016313
                },
                "metrics": {
                    "outcome": -0.4253205826284469
                },
                "metadata": {
                    "trials": 1
                }
            }
        ],
        [
            {
                "query": {
                    "x1": 4.101160286558771,
                    "x2": 6.0
                },
                "metrics": {
                    "outcome": 4.717180989620633e-23
                },
                "metadata": {
                    "trials": 1
                }
            },
            {
                "query": {
                    "x1": -2.0,
                    "x2": 0.06532284179568038
                },
                "metrics": {
                    "outcome": -0.03647530243273038
                },
                "metadata": {
                    "trials": 1
                }
            },
            {
                "query": {
                    "x1": 4.99195166725794,
                    "x2": 1.9821433543120697
                },
                "metrics": {
                    "outcome": 1.4775337898187682e-12
                },
                "metadata": {
                    "trials": 1
                }
            }
        ],
        [
            {
                "query": {
                    "x1": -0.7050478478965336,
                    "x2": -7.596397736198135e-05
                },
                "metrics": {
                    "outcome": -0.42887830024586265
                },
                "metadata": {
                    "trials": 1
                }
            },
            {
                "query": {
                    "x1": -0.7126911922099446,
                    "x2": 0.09532361354298846
                },
                "metrics": {
                    "outcome": -0.4249760818485501
                },
                "metadata": {
                    "trials": 1
                }
            },
            {
                "query": {
                    "x1": -0.7057241113673463,
                    "x2": -0.09569375071555664
                },
                "metrics": {
                    "outcome": -0.42497084591680107
                },
                "metadata": {
                    "trials": 1
                }
            }
        ],
        [
            {
                "query": {
                    "x1": -1.3908785762831388,
                    "x2": 0.4587115009536036
                },
                "metrics": {
                    "outcome": -0.16283402665248506
                },
                "metadata": {
                    "trials": 1
                }
            },
            {
                "query": {
                    "x1": 1.5170796546704213,
                    "x2": 2.7203471045982948
                },
                "metrics": {
                    "outcome": 9.28029767999744e-05
                },
                "metadata": {
                    "trials": 1
                }
            },
            {
                "query": {
                    "x1": 3.9230297695210385,
                    "x2": -0.601957926320269
                },
                "metrics": {
                    "outcome": 5.654456464349565e-07
                },
                "metadata": {
                    "trials": 1
                }
            }
        ],
        [
            {
                "query": {
                    "x1": 3.2890402930820333,
                    "x2": 1.7164318891155776
                },
                "metrics": {
                    "outcome": 3.4631614870805807e-06
                },
                "metadata": {
                    "trials": 1
                }
            },
            {
                "query": {
                    "x1": -0.7487898142844132,
                    "x2": -0.024588147250055092
                },
                "metrics": {
                    "outcome": -0.4271638056228877
                },
                "metadata": {
                    "trials": 1
                }
            },
            {
                "query": {
                    "x1": -0.9521603979202513,
                    "x2": -0.19741385293992275
                },
                "metrics": {
                    "outcome": -0.36987009637366025
                },
                "metadata": {
                    "trials": 1
                }
            }
        ],
        [
            {
                "query": {
                    "x1": 4.976948908760507,
                    "x2": -1.7789934771942784
                },
                "metrics": {
                    "outcome": 3.672967498257135e-12
                },
                "metadata": {
                    "trials": 1
                }
            },
            {
                "query": {
                    "x1": 0.040965211092264475,
                    "x2": -0.20324899066771174
                },
                "metrics": {
                    "outcome": 0.03924150139612175
                },
                "metadata": {
                    "trials": 1
                }
            },
            {
                "query": {
                    "x1": 0.8190869905611207,
                    "x2": 5.077977888729006
                },
                "metrics": {
                    "outcome": 2.650353942304614e-12
                },
                "metadata": {
                    "trials": 1
                }
            }
        ],
        [
            {
                "query": {
                    "x1": -0.7124492943395222,
                    "x2": -0.0007288359879260575
                },
                "metrics": {
                    "outcome": -0.4288572939976866
                },
                "metadata": {
                    "trials": 1
                }
            },
            {
                "query": {
                    "x1": -0.7262739425623084,
                    "x2": -0.07010254002530436
                },
                "metrics": {
                    "outcome": -0.4264687396815376
                },
                "metadata": {
                    "trials": 1
                }
            },
            {
                "query": {
                    "x1": 5.439713428263366,
                    "x2": 0.24633783238596818
                },
                "metrics": {
                    "outcome": 7.21504248388909e-13
                },
                "metadata": {
                    "trials": 1
                }
            }
        ],
        [
            {
                "query": {
                    "x1": 5.125071645625087,
                    "x2": 5.8462108258593135
                },
                "metrics": {
                    "outcome": 2.8771969220023317e-26
                },
                "metadata": {
                    "trials": 1
                }
            },
            {
                "query": {
                    "x1": -0.6944470370121858,
                    "x2": 0.0022374312480200054
                },
                "metrics": {
                    "outcome": -0.4287415137885279
                },
                "metadata": {
                    "trials": 1
                }
            },
            {
                "query": {
                    "x1": -0.6488617463108219,
                    "x2": 0.07559331396950864
                },
                "metrics": {
                    "outcome": -0.4234704573575621
                },
                "metadata": {
                    "trials": 1
                }
            }
        ],
        [
            {
                "query": {
                    "x1": 2.976625246688055,
                    "x2": -1.7623230113492363
                },
                "metrics": {
                    "outcome": 1.892001759609687e-05
                },
                "metadata": {
                    "trials": 1
                }
            },
            {
                "query": {
                    "x1": -0.7122270453733195,
                    "x2": -0.0006972958930635542
                },
                "metrics": {
                    "outcome": -0.428859300447025
                },
                "metadata": {
                    "trials": 1
                }
            },
            {
                "query": {
                    "x1": -0.7306665087527975,
                    "x2": -0.07463623356255189
                },
                "metrics": {
                    "outcome": -0.4260313899585176
                },
                "metadata": {
                    "trials": 1
                }
            }
        ],
        [
            {
                "query": {
                    "x1": -0.7065394692659872,
                    "x2": -0.00030397780839619415
                },
                "metrics": {
                    "outcome": -0.42888162671168556
                },
                "metadata": {
                    "trials": 1
                }
            },
            {
                "query": {
                    "x1": -0.7492223714809414,
                    "x2": 0.060104695824618304
                },
                "metrics": {
                    "outcome": -0.4258508187577888
                },
                "metadata": {
                    "trials": 1
                }
            },
            {
                "query": {
                    "x1": -0.6625555784117185,
                    "x2": -0.08276110099988943
                },
                "metrics": {
                    "outcome": -0.42422974163249766
                },
                "metadata": {
                    "trials": 1
                }
            }
        ],
        [
            {
                "query": {
                    "x1": -0.7064546850139428,
                    "x2": -0.00041091835568063395
                },
                "metrics": {
                    "outcome": -0.4288815052035509
                },
                "metadata": {
                    "trials": 1
                }
            },
            {
                "query": {
                    "x1": -0.7189027810232023,
                    "x2": -0.07102876418133963
                },
                "metrics": {
                    "outcome": -0.4266055605468647
                },
                "metadata": {
                    "trials": 1
                }
            },
            {
                "query": {
                    "x1": -0.6930581444082016,
                    "x2": 0.06987726878457501
                },
                "metrics": {
                    "outcome": -0.4266233219527982
                },
                "metadata": {
                    "trials": 1
                }
            }
        ],
        [
            {
                "query": {
                    "x1": 1.751191157825414,
                    "x2": 6.0
                },
                "metrics": {
                    "outcome": 1.8918824291502435e-17
                },
                "metadata": {
                    "trials": 1
                }
            },
            {
                "query": {
                    "x1": -0.7065276774790603,
                    "x2": -0.0004561359061696635
                },
                "metrics": {
                    "outcome": -0.4288815655081364
                },
                "metadata": {
                    "trials": 1
                }
            },
            {
                "query": {
                    "x1": -0.7115536688239372,
                    "x2": -0.0704494631983481
                },
                "metrics": {
                    "outcome": -0.4267417779131881
                },
                "metadata": {
                    "trials": 1
                }
            }
        ],
        [
            {
                "query": {
                    "x1": -0.7065803232674155,
                    "x2": -6.686793179166983e-06
                },
                "metrics": {
                    "outcome": -0.4288817046661378
                },
                "metadata": {
                    "trials": 1
                }
            },
            {
                "query": {
                    "x1": -0.7178127560982639,
                    "x2": 0.06871072766930952
                },
                "metrics": {
                    "outcome": -0.4267645400770581
                },
                "metadata": {
                    "trials": 1
                }
            },
            {
                "query": {
                    "x1": -0.7086353785278068,
                    "x2": -0.0696752761630206
                },
                "metrics": {
                    "outcome": -0.4268029258557067
                },
                "metadata": {
                    "trials": 1
                }
            }
        ],
        [
            {
                "query": {
                    "x1": 4.094386772999094,
                    "x2": 3.3534782149344906
                },
                "metrics": {
                    "outcome": 2.803360530198792e-12
                },
                "metadata": {
                    "trials": 1
                }
            },
            {
                "query": {
                    "x1": -0.7058786291993713,
                    "x2": 5.4638738761880745e-05
                },
                "metrics": {
                    "outcome": -0.42888064663747055
                },
                "metadata": {
                    "trials": 1
                }
            },
            {
                "query": {
                    "x1": -0.7142315711214913,
                    "x2": -0.06770019703978503
                },
                "metrics": {
                    "outcome": -0.42687754199144484
                },
                "metadata": {
                    "trials": 1
                }
            }
        ],
        [
            {
                "query": {
                    "x1": -0.6971886196723291,
                    "x2": 5.999999999999987
                },
                "metrics": {
                    "outcome": -9.946048345969691e-17
                },
                "metadata": {
                    "trials": 1
                }
            },
            {
                "query": {
                    "x1": -0.698416538820356,
                    "x2": 5.471456593159558
                },
                "metrics": {
                    "outcome": -4.274336115317805e-14
                },
                "metadata": {
                    "trials": 1
                }
            },
            {
                "query": {
                    "x1": -0.6995854413209277,
                    "x2": 4.964911211185645
                },
                "metrics": {
                    "outcome": -8.448514652975048e-12
                },
                "metadata": {
                    "trials": 1
                }
            }
        ],
        [
            {
                "query": {
                    "x1": 2.2940730249792143,
                    "x2": 0.1662612545986515
                },
                "metrics": {
                    "outcome": 0.011561380557447437
                },
                "metadata": {
                    "trials": 1
                }
            },
            {
                "query": {
                    "x1": 0.01172503144292758,
                    "x2": 6.0
                },
                "metrics": {
                    "outcome": 2.719273950130575e-18
                },
                "metadata": {
                    "trials": 1
                }
            },
            {
                "query": {
                    "x1": 3.053549101633254,
                    "x2": 6.0
                },
                "metrics": {
                    "outcome": 6.320790615921112e-20
                },
                "metadata": {
                    "trials": 1
                }
            }
        ],
        [
            {
                "query": {
                    "x1": 2.406331158003031,
                    "x2": 3.6323919305360137
                },
                "metrics": {
                    "outcome": 1.369003648572126e-08
                },
                "metadata": {
                    "trials": 1
                }
            },
            {
                "query": {
                    "x1": -0.7066643711451674,
                    "x2": 0.0004163879862941755
                },
                "metrics": {
                    "outcome": -0.4288817001990416
                },
                "metadata": {
                    "trials": 1
                }
            },
            {
                "query": {
                    "x1": -0.7123581796351008,
                    "x2": 0.0707071039996765
                },
                "metrics": {
                    "outcome": -0.4267196224048401
                },
                "metadata": {
                    "trials": 1
                }
            }
        ],
        [
            {
                "query": {
                    "x1": -0.7059985129068282,
                    "x2": 0.0005142677253959782
                },
                "metrics": {
                    "outcome": -0.428880774948059
                },
                "metadata": {
                    "trials": 1
                }
            },
            {
                "query": {
                    "x1": -0.7090347120988851,
                    "x2": 0.07164507166582545
                },
                "metrics": {
                    "outcome": -0.42668295586069543
                },
                "metadata": {
                    "trials": 1
                }
            },
            {
                "query": {
                    "x1": -0.7045468097946705,
                    "x2": -0.07042069562251019
                },
                "metrics": {
                    "outcome": -0.4267547497062846
                },
                "metadata": {
                    "trials": 1
                }
            }
        ],
        [
            {
                "query": {
                    "x1": 4.250920468110838,
                    "x2": 6.0
                },
                "metrics": {
                    "outcome": 1.399713891997641e-23
                },
                "metadata": {
                    "trials": 1
                }
            },
            {
                "query": {
                    "x1": -0.7035383452128312,
                    "x2": 0.000718501970217833
                },
                "metrics": {
                    "outcome": -0.42887078023569414
                },
                "metadata": {
                    "trials": 1
                }
            },
            {
                "query": {
                    "x1": -0.6999860680989072,
                    "x2": 0.07259503960036096
                },
                "metrics": {
                    "outcome": -0.4265842548194966
                },
                "metadata": {
                    "trials": 1
                }
            }
        ],
        [
            {
                "query": {
                    "x1": 4.8654977583894095,
                    "x2": 2.0647944286599245
                },
                "metrics": {
                    "outcome": 3.584954101266259e-12
                },
                "metadata": {
                    "trials": 1
                }
            },
            {
                "query": {
                    "x1": 4.716960131514272,
                    "x2": 0.07152553897540725
                },
                "metrics": {
                    "outcome": 1.019794976954708e-09
                },
                "metadata": {
                    "trials": 1
                }
            },
            {
                "query": {
                    "x1": -0.703963950998336,
                    "x2": 7.060313821183328e-05
                },
                "metrics": {
                    "outcome": -0.428873455370911
                },
                "metadata": {
                    "trials": 1
                }
            }
        ],
        [
            {
                "query": {
                    "x1": -0.7024758627722723,
                    "x2": 0.029935316119202415
                },
                "metrics": {
                    "outcome": -0.42847936505437195
                },
                "metadata": {
                    "trials": 1
                }
            },
            {
                "query": {
                    "x1": -0.7020636824347894,
                    "x2": -0.05249931907846728
                },
                "metrics": {
                    "outcome": -0.42767968802562495
                },
                "metadata": {
                    "trials": 1
                }
            },
            {
                "query": {
                    "x1": -0.7033805276782208,
                    "x2": 0.11147949130383106
                },
                "metrics": {
                    "outcome": -0.4235731357542511
                },
                "metadata": {
                    "trials": 1
                }
            }
        ],
        [
            {
                "query": {
                    "x1": 3.1880597794061503,
                    "x2": 1.550739067263963
                },
                "metrics": {
                    "outcome": 1.1094020375920355e-05
                },
                "metadata": {
                    "trials": 1
                }
            },
            {
                "query": {
                    "x1": -1.6258096137359401,
                    "x2": 1.3335239721229626
                },
                "metrics": {
                    "outcome": -0.019535202807156055
                },
                "metadata": {
                    "trials": 1
                }
            },
            {
                "query": {
                    "x1": 3.8141790769407855,
                    "x2": -1.4129078708391978
                },
                "metrics": {
                    "outcome": 2.490666703656548e-07
                },
                "metadata": {
                    "trials": 1
                }
            }
        ],
        [
            {
                "query": {
                    "x1": 1.4591388003489199,
                    "x2": 2.536874092061206
                },
                "metrics": {
                    "outcome": 0.00027825577905140605
                },
                "metadata": {
                    "trials": 1
                }
            },
            {
                "query": {
                    "x1": -1.1235555828786428,
                    "x2": 0.00436338322757468
                },
                "metrics": {
                    "outcome": -0.3179383119672759
                },
                "metadata": {
                    "trials": 1
                }
            },
            {
                "query": {
                    "x1": 5.87801719842153,
                    "x2": 3.5799038016258216
                },
                "metrics": {
                    "outcome": 1.5779459031615466e-20
                },
                "metadata": {
                    "trials": 1
                }
            }
        ],
        [
            {
                "query": {
                    "x1": -0.707432345502691,
                    "x2": -0.009701485632032103
                },
                "metrics": {
                    "outcome": -0.4288414876223516
                },
                "metadata": {
                    "trials": 1
                }
            },
            {
                "query": {
                    "x1": -0.7064037511055725,
                    "x2": -0.10935867996772175
                },
                "metrics": {
                    "outcome": -0.4237829352539206
                },
                "metadata": {
                    "trials": 1
                }
            },
            {
                "query": {
                    "x1": -0.7104893195780635,
                    "x2": 0.08949012226815523
                },
                "metrics": {
                    "outcome": -0.4254512455700207
                },
                "metadata": {
                    "trials": 1
                }
            }
        ],
        [
            {
                "query": {
                    "x1": -0.39695954653622145,
                    "x2": 2.6095461044595396
                },
                "metrics": {
                    "outcome": -0.0003740097638772916
                },
                "metadata": {
                    "trials": 1
                }
            },
            {
                "query": {
                    "x1": 4.786158635771175,
                    "x2": 4.7299042020012765
                },
                "metrics": {
                    "outcome": 1.0361756281819326e-19
                },
                "metadata": {
                    "trials": 1
                }
            },
            {
                "query": {
                    "x1": 3.491320042656919,
                    "x2": -0.16656407524182248
                },
                "metrics": {
                    "outcome": 1.7265861478052148e-05
                },
                "metadata": {
                    "trials": 1
                }
            }
        ],
        [
            {
                "query": {
                    "x1": -0.6976180972177499,
                    "x2": 0.0005202629427047967
                },
                "metrics": {
                    "outcome": -0.42880425559313573
                },
                "metadata": {
                    "trials": 1
                }
            },
            {
                "query": {
                    "x1": -0.6805067309959754,
                    "x2": 0.08895162412923696
                },
                "metrics": {
                    "outcome": -0.42489237897964044
                },
                "metadata": {
                    "trials": 1
                }
            },
            {
                "query": {
                    "x1": -0.7194823970416022,
                    "x2": -0.08676856077245643
                },
                "metrics": {
                    "outcome": -0.4255354922990896
                },
                "metadata": {
                    "trials": 1
                }
            }
        ],
        [
            {
                "query": {
                    "x1": -0.7030598950750457,
                    "x2": -0.0005706828098859251
                },
                "metrics": {
                    "outcome": -0.42886772827770236
                },
                "metadata": {
                    "trials": 1
                }
            },
            {
                "query": {
                    "x1": -0.7264815249135874,
                    "x2": 0.08075816997206209
                },
                "metrics": {
                    "outcome": -0.42577701249015903
                },
                "metadata": {
                    "trials": 1
                }
            },
            {
                "query": {
                    "x1": -0.6845369524687024,
                    "x2": -0.08294808492298555
                },
                "metrics": {
                    "outcome": -0.42550274694540186
                },
                "metadata": {
                    "trials": 1
                }
            }
        ]
    ],
    "best_results": [
        {
            "query": {
                "x1": -0.7065803232674155,
                "x2": -6.686793179166983e-06
            },
            "metrics": [
                {
                    "name": "outcome",
                    "value": -0.4288817046661378
                }
            ]
        }
    ]
}