{
    "date": "10/11/2022 10:00:30",
    "basic_params": {
        "active_variables": [
            "x1",
            "x2"
        ],
        "default_query": {},
        "metric": "basic",
        "n_trials": 1
    },
    "objective_function": {
        "name": "McCormick",
        "params": {}
    },
    "optimizer": {
        "name": "BO-MCMC-250-LCB",
        "params": {
            "lower_bound": [
                -1.5,
                -3.0
            ],
            "upper_bound": [
                4.0,
                4.0
            ],
            "invert_metric": false,
            "bopt_params": {
                "n_init_samples": 15,
                "n_iterations": 45,
                "n_iter_relearn": 5,
                "verbose_level": 0,
                "n_parallel_samples": 3,
                "par_type": "PAR_MCMC",
                "l_type": "L_MCMC",
                "burnout_mcmc_parallel": 250,
                "crit_name": "cLCBnorm",
                "n_crit_params": 1,
                "crit_params": [
                    2.0
                ]
            }
        }
    },
    "execution_time": 39.554380893707275,
    "best_results": [
        {
            "query": {
                "x1": -0.6155575891879077,
                "x2": -1.5982275486923754
            },
            "metrics": [
                {
                    "name": "outcome",
                    "value": -1.9068995122682844
                }
            ]
        }
    ],
    "iterations": [
        [
            {
                "query": {
                    "x1": -0.1592088948081558,
                    "x2": 0.38256214129117616
                },
                "metrics": {
                    "outcome": 2.710235365719903
                },
                "metadata": {
                    "trials": 1
                }
            }
        ],
        [
            {
                "query": {
                    "x1": 3.8046372209365167,
                    "x2": 0.7820358802254006
                },
                "metrics": {
                    "outcome": 5.392144573083884
                },
                "metadata": {
                    "trials": 1
                }
            }
        ],
        [
            {
                "query": {
                    "x1": 0.30783095043928665,
                    "x2": 1.4242780979567513
                },
                "metrics": {
                    "outcome": 6.332420344803584
                },
                "metadata": {
                    "trials": 1
                }
            }
        ],
        [
            {
                "query": {
                    "x1": 0.7643760660197585,
                    "x2": -0.5328777692280711
                },
                "metrics": {
                    "outcome": 0.43354509929800567
                },
                "metadata": {
                    "trials": 1
                }
            }
        ],
        [
            {
                "query": {
                    "x1": -1.1373655615995328,
                    "x2": 1.9536577854771169
                },
                "metrics": {
                    "outcome": 17.87322942453932
                },
                "metadata": {
                    "trials": 1
                }
            }
        ],
        [
            {
                "query": {
                    "x1": 1.5345989264703044,
                    "x2": 3.3656980763189495
                },
                "metrics": {
                    "outcome": 9.482873723068543
                },
                "metadata": {
                    "trials": 1
                }
            }
        ],
        [
            {
                "query": {
                    "x1": 1.9362781950427839,
                    "x2": 2.3742760804481806
                },
                "metrics": {
                    "outcome": 3.302770079721131
                },
                "metadata": {
                    "trials": 1
                }
            }
        ],
        [
            {
                "query": {
                    "x1": 2.7594161335611718,
                    "x2": -1.9250358446966855
                },
                "metrics": {
                    "outcome": 14.733256957646297
                },
                "metadata": {
                    "trials": 1
                }
            }
        ],
        [
            {
                "query": {
                    "x1": 2.1962817235694576,
                    "x2": -2.6236227231565863
                },
                "metrics": {
                    "outcome": 13.96354709104667
                },
                "metadata": {
                    "trials": 1
                }
            }
        ],
        [
            {
                "query": {
                    "x1": 1.3788084489681447,
                    "x2": -2.149405288649723
                },
                "metrics": {
                    "outcome": 5.310002691049359
                },
                "metadata": {
                    "trials": 1
                }
            }
        ],
        [
            {
                "query": {
                    "x1": 3.39252962913985,
                    "x2": 3.846780116437003
                },
                "metrics": {
                    "outcome": 6.551462062309327
                },
                "metadata": {
                    "trials": 1
                }
            }
        ],
        [
            {
                "query": {
                    "x1": -0.7860659977731606,
                    "x2": -1.0929504805554946
                },
                "metrics": {
                    "outcome": -1.4119741382720656
                },
                "metadata": {
                    "trials": 1
                }
            }
        ],
        [
            {
                "query": {
                    "x1": -0.6155575891879077,
                    "x2": -1.5982275486923754
                },
                "metrics": {
                    "outcome": -1.9068995122682844
                },
                "metadata": {
                    "trials": 1
                }
            }
        ],
        [
            {
                "query": {
                    "x1": 0.6851367284854253,
                    "x2": 0.040459112372870365
                },
                "metrics": {
                    "outcome": 1.1526332283803158
                },
                "metadata": {
                    "trials": 1
                }
            }
        ],
        [
            {
                "query": {
                    "x1": 2.980621091136709,
                    "x2": 2.8788746412688244
                },
                "metrics": {
                    "outcome": 3.325480726601601
                },
                "metadata": {
                    "trials": 1
                }
            }
        ],
        [
            {
                "query": {
                    "x1": 0.2308483916918651,
                    "x2": -0.138776506934581
                },
                "metrics": {
                    "outcome": 0.5353505649074972
                },
                "metadata": {
                    "trials": 1
                }
            },
            {
                "query": {
                    "x1": 0.7144152323628221,
                    "x2": -2.7652831655412626
                },
                "metrics": {
                    "outcome": 4.23650832381033
                },
                "metadata": {
                    "trials": 1
                }
            },
            {
                "query": {
                    "x1": -1.3495007891906425,
                    "x2": 3.0415379065088928
                },
                "metrics": {
                    "outcome": 30.901976111063828
                },
                "metadata": {
                    "trials": 1
                }
            }
        ],
        [
            {
                "query": {
                    "x1": -0.054269837914034724,
                    "x2": 0.37692745868116617
                },
                "metrics": {
                    "outcome": 2.526742666688464
                },
                "metadata": {
                    "trials": 1
                }
            },
            {
                "query": {
                    "x1": -0.744042509002611,
                    "x2": -1.0469187677372247
                },
                "metrics": {
                    "outcome": -1.3853605668241809
                },
                "metadata": {
                    "trials": 1
                }
            },
            {
                "query": {
                    "x1": -0.7492461187921128,
                    "x2": 2.084959725682614
                },
                "metrics": {
                    "outcome": 16.341486338505312
                },
                "metadata": {
                    "trials": 1
                }
            }
        ],
        [
            {
                "query": {
                    "x1": 2.9869801619286083,
                    "x2": -1.2120658758344438
                },
                "metrics": {
                    "outcome": 12.100592852938517
                },
                "metadata": {
                    "trials": 1
                }
            },
            {
                "query": {
                    "x1": -0.6119075873793257,
                    "x2": -1.722001496955948
                },
                "metrics": {
                    "outcome": -1.8775219304634256
                },
                "metadata": {
                    "trials": 1
                }
            },
            {
                "query": {
                    "x1": 0.14851724109507192,
                    "x2": -0.247150650206986
                },
                "metrics": {
                    "outcome": 0.2174270328261153
                },
                "metadata": {
                    "trials": 1
                }
            }
        ],
        [
            {
                "query": {
                    "x1": -1.2090222851630206,
                    "x2": 0.801004167258204
                },
                "metrics": {
                    "outcome": 8.45945926432653
                },
                "metadata": {
                    "trials": 1
                }
            },
            {
                "query": {
                    "x1": 2.089190809023596,
                    "x2": -0.07529375451494769
                },
                "metrics": {
                    "outcome": 3.266399419636941
                },
                "metadata": {
                    "trials": 1
                }
            },
            {
                "query": {
                    "x1": 2.1962460545286753,
                    "x2": 1.3446437823084016
                },
                "metrics": {
                    "outcome": 1.4036958949405016
                },
                "metadata": {
                    "trials": 1
                }
            }
        ],
        [
            {
                "query": {
                    "x1": -0.9373821824603044,
                    "x2": -1.2189183311435814
                },
                "metrics": {
                    "outcome": -1.3953935194408027
                },
                "metadata": {
                    "trials": 1
                }
            },
            {
                "query": {
                    "x1": 1.5200569160515442,
                    "x2": -2.9253870039246976
                },
                "metrics": {
                    "outcome": 10.182077094458428
                },
                "metadata": {
                    "trials": 1
                }
            },
            {
                "query": {
                    "x1": 3.836370726020503,
                    "x2": -0.6142515146992866
                },
                "metrics": {
                    "outcome": 13.437413897299301
                },
                "metadata": {
                    "trials": 1
                }
            }
        ],
        [
            {
                "query": {
                    "x1": 2.143525375984609,
                    "x2": 3.316854385426268
                },
                "metrics": {
                    "outcome": 6.720491911403007
                },
                "metadata": {
                    "trials": 1
                }
            },
            {
                "query": {
                    "x1": 2.2852510880265053,
                    "x2": -1.3289535715318326
                },
                "metrics": {
                    "outcome": 8.129277270278031
                },
                "metadata": {
                    "trials": 1
                }
            },
            {
                "query": {
                    "x1": 1.1985567675437778,
                    "x2": -1.1940753892995417
                },
                "metrics": {
                    "outcome": 1.9461463766407112
                },
                "metadata": {
                    "trials": 1
                }
            }
        ],
        [
            {
                "query": {
                    "x1": 0.8004347738450694,
                    "x2": -2.601831945416943
                },
                "metrics": {
                    "outcome": 3.8966575645324157
                },
                "metadata": {
                    "trials": 1
                }
            },
            {
                "query": {
                    "x1": 1.7972027556669894,
                    "x2": 2.600967041301293
                },
                "metrics": {
                    "outcome": 4.501612497724049
                },
                "metadata": {
                    "trials": 1
                }
            },
            {
                "query": {
                    "x1": 3.4169923273148015,
                    "x2": 1.752256273292005
                },
                "metrics": {
                    "outcome": 2.1290560793542515
                },
                "metadata": {
                    "trials": 1
                }
            }
        ],
        [
            {
                "query": {
                    "x1": -0.6408125946658029,
                    "x2": -1.2825686431209955
                },
                "metrics": {
                    "outcome": -1.7718351052657915
                },
                "metadata": {
                    "trials": 1
                }
            },
            {
                "query": {
                    "x1": -0.9675897987519075,
                    "x2": 0.9758133919819185
                },
                "metrics": {
                    "outcome": 8.675957640377243
                },
                "metadata": {
                    "trials": 1
                }
            },
            {
                "query": {
                    "x1": 1.4989228066118612,
                    "x2": 2.0256666322741843
                },
                "metrics": {
                    "outcome": 3.7195396204341744
                },
                "metadata": {
                    "trials": 1
                }
            }
        ],
        [
            {
                "query": {
                    "x1": -1.1199654521701723,
                    "x2": -1.7785653971749635
                },
                "metrics": {
                    "outcome": -1.5733869814485737
                },
                "metadata": {
                    "trials": 1
                }
            },
            {
                "query": {
                    "x1": -1.2542180332124406,
                    "x2": -1.0444734270212481
                },
                "metrics": {
                    "outcome": -0.43244014007866083
                },
                "metadata": {
                    "trials": 1
                }
            },
            {
                "query": {
                    "x1": 0.27147835918719077,
                    "x2": -1.3193018471640563
                },
                "metrics": {
                    "outcome": -1.0412286942731388
                },
                "metadata": {
                    "trials": 1
                }
            }
        ],
        [
            {
                "query": {
                    "x1": 2.592510769099958,
                    "x2": 0.06455037032770239
                },
                "metrics": {
                    "outcome": 4.128987400547693
                },
                "metadata": {
                    "trials": 1
                }
            },
            {
                "query": {
                    "x1": -1.0537602526601404,
                    "x2": -1.013656202936545
                },
                "metrics": {
                    "outcome": -0.8310897363815113
                },
                "metadata": {
                    "trials": 1
                }
            },
            {
                "query": {
                    "x1": 2.4399364314482983,
                    "x2": 3.9083398691331706
                },
                "metrics": {
                    "outcome": 9.332198721276974
                },
                "metadata": {
                    "trials": 1
                }
            }
        ],
        [
            {
                "query": {
                    "x1": -1.3119909936265453,
                    "x2": 3.5235520915599023
                },
                "metrics": {
                    "outcome": 35.96098245356246
                },
                "metadata": {
                    "trials": 1
                }
            },
            {
                "query": {
                    "x1": -0.10797807213384658,
                    "x2": 2.012742362683639
                },
                "metrics": {
                    "outcome": 11.636027285889222
                },
                "metadata": {
                    "trials": 1
                }
            },
            {
                "query": {
                    "x1": 0.7693349738514095,
                    "x2": 1.6516126219015446
                },
                "metrics": {
                    "outcome": 5.413312435155982
                },
                "metadata": {
                    "trials": 1
                }
            }
        ],
        [
            {
                "query": {
                    "x1": -0.07930656606831121,
                    "x2": -0.4483120780385432
                },
                "metrics": {
                    "outcome": -0.36913253717155925
                },
                "metadata": {
                    "trials": 1
                }
            },
            {
                "query": {
                    "x1": 0.20094935806291514,
                    "x2": -1.8463368296307567
                },
                "metrics": {
                    "outcome": -0.7231047470174752
                },
                "metadata": {
                    "trials": 1
                }
            },
            {
                "query": {
                    "x1": 3.2987175084540876,
                    "x2": 1.9349101524980963
                },
                "metrics": {
                    "outcome": 1.8819665844200815
                },
                "metadata": {
                    "trials": 1
                }
            }
        ],
        [
            {
                "query": {
                    "x1": 3.064154258325236,
                    "x2": 0.2974849069833465
                },
                "metrics": {
                    "outcome": 4.5836651661125325
                },
                "metadata": {
                    "trials": 1
                }
            },
            {
                "query": {
                    "x1": 2.416652965319874,
                    "x2": 2.6668354266313665
                },
                "metrics": {
                    "outcome": 3.172771164503578
                },
                "metadata": {
                    "trials": 1
                }
            },
            {
                "query": {
                    "x1": 2.944808881619574,
                    "x2": -1.1681002395348634
                },
                "metrics": {
                    "outcome": 11.557432377276038
                },
                "metadata": {
                    "trials": 1
                }
            }
        ],
        [
            {
                "query": {
                    "x1": 2.8617722847463147,
                    "x2": 3.866388917574433
                },
                "metrics": {
                    "outcome": 7.813004568644695
                },
                "metadata": {
                    "trials": 1
                }
            },
            {
                "query": {
                    "x1": 1.94083519708675,
                    "x2": 1.6918740318637004
                },
                "metrics": {
                    "outcome": 1.9088031600962339
                },
                "metadata": {
                    "trials": 1
                }
            },
            {
                "query": {
                    "x1": 0.41656743790876405,
                    "x2": 1.888477623965663
                },
                "metrics": {
                    "outcome": 8.005196831485902
                },
                "metadata": {
                    "trials": 1
                }
            }
        ],
        [
            {
                "query": {
                    "x1": -0.1394936158908231,
                    "x2": 3.8516987491852763
                },
                "metrics": {
                    "outcome": 26.227956197095278
                },
                "metadata": {
                    "trials": 1
                }
            },
            {
                "query": {
                    "x1": 0.04786593539504169,
                    "x2": -0.7919429101929198
                },
                "metrics": {
                    "outcome": -1.023670298531791
                },
                "metadata": {
                    "trials": 1
                }
            },
            {
                "query": {
                    "x1": 3.343295569110234,
                    "x2": -0.9902344735071669
                },
                "metrics": {
                    "outcome": 12.998272043715971
                },
                "metadata": {
                    "trials": 1
                }
            }
        ],
        [
            {
                "query": {
                    "x1": -0.28772793062788193,
                    "x2": -2.1774348502113954
                },
                "metrics": {
                    "outcome": -1.0670159767952794
                },
                "metadata": {
                    "trials": 1
                }
            },
            {
                "query": {
                    "x1": 3.9263495802706156,
                    "x2": 0.69541779438915
                },
                "metrics": {
                    "outcome": 6.2920436490061995
                },
                "metadata": {
                    "trials": 1
                }
            },
            {
                "query": {
                    "x1": 2.6941658968339004,
                    "x2": 1.2675052806891873
                },
                "metrics": {
                    "outcome": 1.4316754719652423
                },
                "metadata": {
                    "trials": 1
                }
            }
        ],
        [
            {
                "query": {
                    "x1": -0.12877685411183193,
                    "x2": -1.0506443714672151
                },
                "metrics": {
                    "outcome": -1.5079913159588134
                },
                "metadata": {
                    "trials": 1
                }
            },
            {
                "query": {
                    "x1": 2.2730565909612666,
                    "x2": -1.2458597126205664
                },
                "metrics": {
                    "outcome": 7.714390306736868
                },
                "metadata": {
                    "trials": 1
                }
            },
            {
                "query": {
                    "x1": 2.351266141325405,
                    "x2": -1.3839537781327242
                },
                "metrics": {
                    "outcome": 8.788447605502848
                },
                "metadata": {
                    "trials": 1
                }
            }
        ],
        [
            {
                "query": {
                    "x1": -0.6767380099045113,
                    "x2": -2.975374426925555
                },
                "metrics": {
                    "outcome": 0.3490311440822671
                },
                "metadata": {
                    "trials": 1
                }
            },
            {
                "query": {
                    "x1": 0.3680352616937659,
                    "x2": -2.8644043438673252
                },
                "metrics": {
                    "outcome": 3.1342249720370265
                },
                "metadata": {
                    "trials": 1
                }
            },
            {
                "query": {
                    "x1": -0.6527315672045441,
                    "x2": -1.4416787407478326
                },
                "metrics": {
                    "outcome": -1.8686796593255535
                },
                "metadata": {
                    "trials": 1
                }
            }
        ],
        [
            {
                "query": {
                    "x1": -1.1129046296058358,
                    "x2": -1.1266466988521666
                },
                "metrics": {
                    "outcome": -0.9316651429868217
                },
                "metadata": {
                    "trials": 1
                }
            },
            {
                "query": {
                    "x1": 0.1118994133560931,
                    "x2": 1.9854105562014182
                },
                "metrics": {
                    "outcome": 10.170285566032698
                },
                "metadata": {
                    "trials": 1
                }
            },
            {
                "query": {
                    "x1": 2.5047149828675828,
                    "x2": -2.754109409959917
                },
                "metrics": {
                    "outcome": 17.766070828582265
                },
                "metadata": {
                    "trials": 1
                }
            }
        ],
        [
            {
                "query": {
                    "x1": 0.3072292245363666,
                    "x2": 3.745426420166872
                },
                "metrics": {
                    "outcome": 20.933766469859272
                },
                "metadata": {
                    "trials": 1
                }
            },
            {
                "query": {
                    "x1": 0.1818240499875181,
                    "x2": 3.7015206862050656
                },
                "metrics": {
                    "outcome": 21.693749317613925
                },
                "metadata": {
                    "trials": 1
                }
            },
            {
                "query": {
                    "x1": 0.5137884425272494,
                    "x2": -0.8118702179557653
                },
                "metrics": {
                    "outcome": -0.33667443872859915
                },
                "metadata": {
                    "trials": 1
                }
            }
        ],
        [
            {
                "query": {
                    "x1": 2.692937046253916,
                    "x2": 1.7342318211221173
                },
                "metrics": {
                    "outcome": 1.2556899491217193
                },
                "metadata": {
                    "trials": 1
                }
            },
            {
                "query": {
                    "x1": 2.5934344286944286,
                    "x2": 0.09745022337976472
                },
                "metrics": {
                    "outcome": 4.019014011542451
                },
                "metadata": {
                    "trials": 1
                }
            },
            {
                "query": {
                    "x1": -0.8865571916569066,
                    "x2": 0.15679233718636265
                },
                "metrics": {
                    "outcome": 3.1437004776495536
                },
                "metadata": {
                    "trials": 1
                }
            }
        ],
        [
            {
                "query": {
                    "x1": 3.4075348936650496,
                    "x2": 3.7300567811659997
                },
                "metrics": {
                    "outcome": 6.0720412110018245
                },
                "metadata": {
                    "trials": 1
                }
            },
            {
                "query": {
                    "x1": -1.429576258234004,
                    "x2": -1.3534897208877208
                },
                "metrics": {
                    "outcome": -0.5844657244526359
                },
                "metadata": {
                    "trials": 1
                }
            },
            {
                "query": {
                    "x1": -0.10456999119298338,
                    "x2": 3.258715804077868
                },
                "metrics": {
                    "outcome": 20.60278300804873
                },
                "metadata": {
                    "trials": 1
                }
            }
        ],
        [
            {
                "query": {
                    "x1": 1.9241644166177139,
                    "x2": -2.8184517514891922
                },
                "metrics": {
                    "outcome": 12.780269016709877
                },
                "metadata": {
                    "trials": 1
                }
            },
            {
                "query": {
                    "x1": 3.2978803030231214,
                    "x2": -0.8632904001849968
                },
                "metrics": {
                    "outcome": 11.859853013229227
                },
                "metadata": {
                    "trials": 1
                }
            },
            {
                "query": {
                    "x1": 1.9060252499615578,
                    "x2": 0.18665579471818017
                },
                "metrics": {
                    "outcome": 2.430714095510191
                },
                "metadata": {
                    "trials": 1
                }
            }
        ],
        [
            {
                "query": {
                    "x1": 1.2516765030378298,
                    "x2": -1.3565375426382424
                },
                "metrics": {
                    "outcome": 2.429252924176084
                },
                "metadata": {
                    "trials": 1
                }
            },
            {
                "query": {
                    "x1": 1.3246696368749071,
                    "x2": 2.8228243426072535
                },
                "metrics": {
                    "outcome": 7.469879109568758
                },
                "metadata": {
                    "trials": 1
                }
            },
            {
                "query": {
                    "x1": 2.9215006246013537,
                    "x2": 3.782217927311989
                },
                "metrics": {
                    "outcome": 7.222375451495452
                },
                "metadata": {
                    "trials": 1
                }
            }
        ],
        [
            {
                "query": {
                    "x1": 1.626927278030141,
                    "x2": -1.9851925796994898
                },
                "metrics": {
                    "outcome": 6.293387294907022
                },
                "metadata": {
                    "trials": 1
                }
            },
            {
                "query": {
                    "x1": -0.7689273476823394,
                    "x2": 1.382612899760403
                },
                "metrics": {
                    "outcome": 10.814933125298374
                },
                "metadata": {
                    "trials": 1
                }
            },
            {
                "query": {
                    "x1": 1.1494465425686764,
                    "x2": 2.1126972430735202
                },
                "metrics": {
                    "outcome": 5.365165848112601
                },
                "metadata": {
                    "trials": 1
                }
            }
        ],
        [
            {
                "query": {
                    "x1": 0.07153481030852249,
                    "x2": 0.3473173263739415
                },
                "metrics": {
                    "outcome": 2.243759179998384
                },
                "metadata": {
                    "trials": 1
                }
            },
            {
                "query": {
                    "x1": 1.4480179989036541,
                    "x2": 3.853481988652729
                },
                "metrics": {
                    "outcome": 13.416500027611159
                },
                "metadata": {
                    "trials": 1
                }
            },
            {
                "query": {
                    "x1": -0.09845786924082445,
                    "x2": 3.7683540768968893
                },
                "metrics": {
                    "outcome": 25.016737713980547
                },
                "metadata": {
                    "trials": 1
                }
            }
        ],
        [
            {
                "query": {
                    "x1": 0.31628177068179597,
                    "x2": -0.676648975350818
                },
                "metrics": {
                    "outcome": -0.5327515031834
                },
                "metadata": {
                    "trials": 1
                }
            },
            {
                "query": {
                    "x1": -1.169645734677884,
                    "x2": -2.4467024462972278
                },
                "metrics": {
                    "outcome": -1.2742926432368238
                },
                "metadata": {
                    "trials": 1
                }
            },
            {
                "query": {
                    "x1": 1.7852176898634053,
                    "x2": -0.35515929924138456
                },
                "metrics": {
                    "outcome": 3.0056016252897813
                },
                "metadata": {
                    "trials": 1
                }
            }
        ],
        [
            {
                "query": {
                    "x1": 3.041406858130358,
                    "x2": 3.033978020073846
                },
                "metrics": {
                    "outcome": 3.8165818017804325
                },
                "metadata": {
                    "trials": 1
                }
            },
            {
                "query": {
                    "x1": -1.3266784856190301,
                    "x2": -2.0645426263373645
                },
                "metrics": {
                    "outcome": -1.3798513963740522
                },
                "metadata": {
                    "trials": 1
                }
            },
            {
                "query": {
                    "x1": 1.1648851186679425,
                    "x2": -1.1303103918254158
                },
                "metrics": {
                    "outcome": 1.7293866125719521
                },
                "metadata": {
                    "trials": 1
                }
            }
        ],
        [
            {
                "query": {
                    "x1": -1.2972909025987478,
                    "x2": -1.9716685910234768
                },
                "metrics": {
                    "outcome": -1.401427101873459
                },
                "metadata": {
                    "trials": 1
                }
            },
            {
                "query": {
                    "x1": -0.44024717077265163,
                    "x2": -1.5465598984609592
                },
                "metrics": {
                    "outcome": -1.8968094704972893
                },
                "metadata": {
                    "trials": 1
                }
            },
            {
                "query": {
                    "x1": 3.215475459505103,
                    "x2": 2.8415265596579324
                },
                "metrics": {
                    "outcome": 3.1961813217294743
                },
                "metadata": {
                    "trials": 1
                }
            }
        ],
        [
            {
                "query": {
                    "x1": 0.5713900827884624,
                    "x2": -1.8804192185226287
                },
                "metrics": {
                    "outcome": 0.48730152058880893
                },
                "metadata": {
                    "trials": 1
                }
            },
            {
                "query": {
                    "x1": 0.8460314486710034,
                    "x2": 1.3439798474105853
                },
                "metrics": {
                    "outcome": 4.153189389603753
                },
                "metadata": {
                    "trials": 1
                }
            },
            {
                "query": {
                    "x1": 3.0990476438366974,
                    "x2": 2.290946025810489
                },
                "metrics": {
                    "outcome": 1.9527451825009194
                },
                "metadata": {
                    "trials": 1
                }
            }
        ],
        [
            {
                "query": {
                    "x1": 3.6024174214473357,
                    "x2": -2.4259975905590814
                },
                "metrics": {
                    "outcome": 26.79640376283323
                },
                "metadata": {
                    "trials": 1
                }
            },
            {
                "query": {
                    "x1": 2.592521902903064,
                    "x2": 2.316796032336904
                },
                "metrics": {
                    "outcome": 1.9985599044774718
                },
                "metadata": {
                    "trials": 1
                }
            },
            {
                "query": {
                    "x1": 2.351100885309279,
                    "x2": 2.0843105278909206
                },
                "metrics": {
                    "outcome": 1.7934157728202473
                },
                "metadata": {
                    "trials": 1
                }
            }
        ],
        [
            {
                "query": {
                    "x1": 1.301341799809805,
                    "x2": 1.875277782083475
                },
                "metrics": {
                    "outcome": 4.030564500839192
                },
                "metadata": {
                    "trials": 1
                }
            },
            {
                "query": {
                    "x1": 0.2622964516049251,
                    "x2": 2.972159400349483
                },
                "metrics": {
                    "outcome": 15.287581237314313
                },
                "metadata": {
                    "trials": 1
                }
            },
            {
                "query": {
                    "x1": 1.6597269185620478,
                    "x2": 0.6217584840619494
                },
                "metrics": {
                    "outcome": 1.9000968364154676
                },
                "metadata": {
                    "trials": 1
                }
            }
        ],
        [
            {
                "query": {
                    "x1": 3.0613846903434023,
                    "x2": 2.460649890359491
                },
                "metrics": {
                    "outcome": 2.2306749135050374
                },
                "metadata": {
                    "trials": 1
                }
            },
            {
                "query": {
                    "x1": 3.119645671065321,
                    "x2": -1.2703854079881265
                },
                "metrics": {
                    "outcome": 13.37841965271469
                },
                "metadata": {
                    "trials": 1
                }
            },
            {
                "query": {
                    "x1": -0.7239106538847236,
                    "x2": -1.989430617985075
                },
                "metrics": {
                    "outcome": -1.7014505163868163
                },
                "metadata": {
                    "trials": 1
                }
            }
        ],
        [
            {
                "query": {
                    "x1": 2.8507872679162096,
                    "x2": -0.5783930134517901
                },
                "metrics": {
                    "outcome": 7.8009257646108345
                },
                "metadata": {
                    "trials": 1
                }
            },
            {
                "query": {
                    "x1": -1.1784430889203807,
                    "x2": 2.1040171968693837
                },
                "metrics": {
                    "outcome": 19.601219302931685
                },
                "metadata": {
                    "trials": 1
                }
            },
            {
                "query": {
                    "x1": 1.2004462158406506,
                    "x2": -0.986573417473513
                },
                "metrics": {
                    "outcome": 1.7281980526661802
                },
                "metadata": {
                    "trials": 1
                }
            }
        ],
        [
            {
                "query": {
                    "x1": 2.7775630316254825,
                    "x2": -0.22778263740045723
                },
                "metrics": {
                    "outcome": 5.854167437885814
                },
                "metadata": {
                    "trials": 1
                }
            },
            {
                "query": {
                    "x1": -0.5467621783097475,
                    "x2": 1.7545554899444582
                },
                "metrics": {
                    "outcome": 12.4374297229472
                },
                "metadata": {
                    "trials": 1
                }
            },
            {
                "query": {
                    "x1": -0.11775262670648123,
                    "x2": 0.45211577125277547
                },
                "metrics": {
                    "outcome": 2.9598360095707466
                },
                "metadata": {
                    "trials": 1
                }
            }
        ],
        [
            {
                "query": {
                    "x1": 0.9922399648930877,
                    "x2": -2.5021670213900506
                },
                "metrics": {
                    "outcome": 4.468954647093195
                },
                "metadata": {
                    "trials": 1
                }
            },
            {
                "query": {
                    "x1": 0.35683671307960996,
                    "x2": 1.90557734270626
                },
                "metrics": {
                    "outcome": 8.397501086601979
                },
                "metadata": {
                    "trials": 1
                }
            },
            {
                "query": {
                    "x1": 2.004315196529592,
                    "x2": -0.3623974805166439
                },
                "metrics": {
                    "outcome": 3.6863343395031984
                },
                "metadata": {
                    "trials": 1
                }
            }
        ],
        [
            {
                "query": {
                    "x1": 2.468147069099359,
                    "x2": 0.1828900622203946
                },
                "metrics": {
                    "outcome": 3.4485201104710974
                },
                "metadata": {
                    "trials": 1
                }
            },
            {
                "query": {
                    "x1": 1.5967461076792113,
                    "x2": 3.4105335266559855
                },
                "metrics": {
                    "outcome": 9.464205528504614
                },
                "metadata": {
                    "trials": 1
                }
            },
            {
                "query": {
                    "x1": 2.9200435234637077,
                    "x2": 2.4048355009263185
                },
                "metrics": {
                    "outcome": 2.0792437605107645
                },
                "metadata": {
                    "trials": 1
                }
            }
        ],
        [
            {
                "query": {
                    "x1": 1.21811215055381,
                    "x2": 2.71950315188756
                },
                "metrics": {
                    "outcome": 7.511185215835221
                },
                "metadata": {
                    "trials": 1
                }
            },
            {
                "query": {
                    "x1": 3.000115855871597,
                    "x2": 3.4584638921770745
                },
                "metrics": {
                    "outcome": 5.530565409451534
                },
                "metadata": {
                    "trials": 1
                }
            },
            {
                "query": {
                    "x1": 0.20192741593686403,
                    "x2": 3.4117837813915877
                },
                "metrics": {
                    "outcome": 19.07497212237116
                },
                "metadata": {
                    "trials": 1
                }
            }
        ],
        [
            {
                "query": {
                    "x1": -0.7646441402352027,
                    "x2": 0.320406741414633
                },
                "metrics": {
                    "outcome": 3.6955490564174998
                },
                "metadata": {
                    "trials": 1
                }
            },
            {
                "query": {
                    "x1": 3.4461982405311407,
                    "x2": -1.5720846972391629
                },
                "metrics": {
                    "outcome": 18.038005469819787
                },
                "metadata": {
                    "trials": 1
                }
            },
            {
                "query": {
                    "x1": 2.169476399048146,
                    "x2": 2.7127595331214263
                },
                "metrics": {
                    "outcome": 3.8372301495768673
                },
                "metadata": {
                    "trials": 1
                }
            }
        ],
        [
            {
                "query": {
                    "x1": 1.7851293128207368,
                    "x2": 1.350943735933929
                },
                "metrics": {
                    "outcome": 1.8937020625886696
                },
                "metadata": {
                    "trials": 1
                }
            },
            {
                "query": {
                    "x1": 1.6129214517403394,
                    "x2": 0.2308925823166339
                },
                "metrics": {
                    "outcome": 2.0308146659816533
                },
                "metadata": {
                    "trials": 1
                }
            },
            {
                "query": {
                    "x1": -0.4958949399879202,
                    "x2": -1.142286793095991
                },
                "metrics": {
                    "outcome": -1.6917826074899223
                },
                "metadata": {
                    "trials": 1
                }
            }
        ],
        [
            {
                "query": {
                    "x1": 3.3973926313561194,
                    "x2": -0.17838734473180518
                },
                "metrics": {
                    "outcome": 8.166809790979931
                },
                "metadata": {
                    "trials": 1
                }
            },
            {
                "query": {
                    "x1": 2.421595418882014,
                    "x2": -1.109306893024022
                },
                "metrics": {
                    "outcome": 8.028383292781324
                },
                "metadata": {
                    "trials": 1
                }
            },
            {
                "query": {
                    "x1": -1.3516864348037658,
                    "x2": -0.20733629098349526
                },
                "metrics": {
                    "outcome": 2.8187954844481125
                },
                "metadata": {
                    "trials": 1
                }
            }
        ],
        [
            {
                "query": {
                    "x1": 0.16953372121988886,
                    "x2": 0.03499230224148242
                },
                "metrics": {
                    "outcome": 1.0543846523141367
                },
                "metadata": {
                    "trials": 1
                }
            },
            {
                "query": {
                    "x1": 2.5938968283834782,
                    "x2": -0.5455362870110569
                },
                "metrics": {
                    "outcome": 6.489471411292614
                },
                "metadata": {
                    "trials": 1
                }
            },
            {
                "query": {
                    "x1": 1.4492647007773205,
                    "x2": -2.7972084986187893
                },
                "metrics": {
                    "outcome": 8.890345362017737
                },
                "metadata": {
                    "trials": 1
                }
            }
        ],
        [
            {
                "query": {
                    "x1": -0.7308496633275545,
                    "x2": -1.451309488533227
                },
                "metrics": {
                    "outcome": -1.8318034053966414
                },
                "metadata": {
                    "trials": 1
                }
            },
            {
                "query": {
                    "x1": 3.7113727915521473,
                    "x2": 0.27841114311833026
                },
                "metrics": {
                    "outcome": 7.164108897189375
                },
                "metadata": {
                    "trials": 1
                }
            },
            {
                "query": {
                    "x1": 0.4578156206989661,
                    "x2": -0.9439022527076304
                },
                "metrics": {
                    "outcome": -0.5488354663242787
                },
                "metadata": {
                    "trials": 1
                }
            }
        ],
        [
            {
                "query": {
                    "x1": 0.204681341619402,
                    "x2": 1.1720075145534166
                },
                "metrics": {
                    "outcome": 5.539936919893609
                },
                "metadata": {
                    "trials": 1
                }
            },
            {
                "query": {
                    "x1": -1.3982976191909984,
                    "x2": 1.3078595616389066
                },
                "metrics": {
                    "outcome": 13.600067195064337
                },
                "metadata": {
                    "trials": 1
                }
            },
            {
                "query": {
                    "x1": 3.025609067163364,
                    "x2": -0.5558571093081959
                },
                "metrics": {
                    "outcome": 8.521271310613317
                },
                "metadata": {
                    "trials": 1
                }
            }
        ],
        [
            {
                "query": {
                    "x1": 2.6706358412915536,
                    "x2": -2.123301721102309
                },
                "metrics": {
                    "outcome": 15.188041933803051
                },
                "metadata": {
                    "trials": 1
                }
            },
            {
                "query": {
                    "x1": 0.3112437825930241,
                    "x2": -0.2252169813379057
                },
                "metrics": {
                    "outcome": 0.34380275603936694
                },
                "metadata": {
                    "trials": 1
                }
            },
            {
                "query": {
                    "x1": -1.4067918507102013,
                    "x2": 0.46781255395554844
                },
                "metrics": {
                    "outcome": 6.986905153659131
                },
                "metadata": {
                    "trials": 1
                }
            }
        ]
    ]
}