{
    "date": "04/11/2022 14:03:21",
    "basic_params": {
        "active_variables": [
            "x1",
            "x2"
        ],
        "default_query": {},
        "metric": "basic",
        "n_trials": 1
    },
    "objective_function": {
        "name": "Beale",
        "params": {}
    },
    "optimizer": {
        "name": "BBO-LP(LCBa)",
        "params": {
            "lower_bound": [
                -4.5,
                -4.5
            ],
            "upper_bound": [
                4.5,
                4.5
            ],
            "invert_metric": false,
            "bopt_params": {
                "n_init_samples": 15,
                "n_iterations": 45,
                "n_iter_relearn": 5,
                "verbose_level": 1,
                "n_parallel_samples": 3,
                "par_type": "PAR_BBO",
                "crit_name": "cLP(cLCBa)",
                "n_crit_params": 3,
                "crit_params": [
                    3,
                    1,
                    5.0
                ]
            }
        }
    },
    "iterations": [
        [
            {
                "query": {
                    "x1": 1.3255084341857586,
                    "x2": -2.2876286131795496
                },
                "metrics": {
                    "outcome": 282.2247842697274
                },
                "metadata": {
                    "trials": 1
                }
            }
        ],
        [
            {
                "query": {
                    "x1": -0.4271893023513256,
                    "x2": -0.5187192858662457
                },
                "metrics": {
                    "outcome": 20.865739742829142
                },
                "metadata": {
                    "trials": 1
                }
            }
        ],
        [
            {
                "query": {
                    "x1": -1.4844134591985494,
                    "x2": -0.028314275527372423
                },
                "metrics": {
                    "outcome": 39.98387349456473
                },
                "metadata": {
                    "trials": 1
                }
            }
        ],
        [
            {
                "query": {
                    "x1": 0.005547270225361167,
                    "x2": 3.138937530806288
                },
                "metrics": {
                    "outcome": 15.361418459526782
                },
                "metadata": {
                    "trials": 1
                }
            }
        ],
        [
            {
                "query": {
                    "x1": -2.0315674914512782,
                    "x2": 2.4577358331531283
                },
                "metrics": {
                    "outcome": 716.4214091765651
                },
                "metadata": {
                    "trials": 1
                }
            }
        ],
        [
            {
                "query": {
                    "x1": 3.5929191475734115,
                    "x2": -3.814869205188006
                },
                "metrics": {
                    "outcome": 43022.06366264887
                },
                "metadata": {
                    "trials": 1
                }
            }
        ],
        [
            {
                "query": {
                    "x1": 0.6040150866843756,
                    "x2": -1.8976036748383196
                },
                "metrics": {
                    "outcome": 19.099001372560387
                },
                "metadata": {
                    "trials": 1
                }
            }
        ],
        [
            {
                "query": {
                    "x1": -2.572338724276051,
                    "x2": -4.224726174585522
                },
                "metrics": {
                    "outcome": 41577.27159019594
                },
                "metadata": {
                    "trials": 1
                }
            }
        ],
        [
            {
                "query": {
                    "x1": 2.2171690651215608,
                    "x2": 0.30441737389192003
                },
                "metrics": {
                    "outcome": 0.279823290973377
                },
                "metadata": {
                    "trials": 1
                }
            }
        ],
        [
            {
                "query": {
                    "x1": -4.247787372814491,
                    "x2": 1.1317397079896185
                },
                "metrics": {
                    "outcome": 2.513428926247923
                },
                "metadata": {
                    "trials": 1
                }
            }
        ],
        [
            {
                "query": {
                    "x1": 3.0391932334285237,
                    "x2": -1.1092087701894342
                },
                "metrics": {
                    "outcome": 53.623906423958786
                },
                "metadata": {
                    "trials": 1
                }
            }
        ],
        [
            {
                "query": {
                    "x1": -2.8574470239691436,
                    "x2": 3.619977693306282
                },
                "metrics": {
                    "outcome": 17998.80524964182
                },
                "metadata": {
                    "trials": 1
                }
            }
        ],
        [
            {
                "query": {
                    "x1": 1.6076559331733726,
                    "x2": 3.996220986032858
                },
                "metrics": {
                    "outcome": 11468.720392993822
                },
                "metadata": {
                    "trials": 1
                }
            }
        ],
        [
            {
                "query": {
                    "x1": 4.127852383162827,
                    "x2": 1.8722843016497785
                },
                "metrics": {
                    "outcome": 839.3778864634479
                },
                "metadata": {
                    "trials": 1
                }
            }
        ],
        [
            {
                "query": {
                    "x1": -3.3397802977357056,
                    "x2": -2.9141402645967904
                },
                "metrics": {
                    "outcome": 8583.728700687792
                },
                "metadata": {
                    "trials": 1
                }
            }
        ],
        [
            {
                "query": {
                    "x1": 0.0,
                    "x2": 2.999999999999999
                },
                "metrics": {
                    "outcome": 14.203125
                },
                "metadata": {
                    "trials": 1
                }
            },
            {
                "query": {
                    "x1": 0.0,
                    "x2": 2.999999999999999
                },
                "metrics": {
                    "outcome": 14.203125
                },
                "metadata": {
                    "trials": 1
                }
            },
            {
                "query": {
                    "x1": 0.0,
                    "x2": 2.999999999999999
                },
                "metrics": {
                    "outcome": 14.203125
                },
                "metadata": {
                    "trials": 1
                }
            }
        ],
        [
            {
                "query": {
                    "x1": 1.7454314116585508,
                    "x2": 3.0772497657226197
                },
                "metrics": {
                    "outcome": 2993.552288417153
                },
                "metadata": {
                    "trials": 1
                }
            },
            {
                "query": {
                    "x1": 1.7454314116585508,
                    "x2": 3.0772497657226197
                },
                "metrics": {
                    "outcome": 2993.552288417153
                },
                "metadata": {
                    "trials": 1
                }
            },
            {
                "query": {
                    "x1": 1.7454314116585508,
                    "x2": 3.0772497657226197
                },
                "metrics": {
                    "outcome": 2993.552288417153
                },
                "metadata": {
                    "trials": 1
                }
            }
        ],
        [
            {
                "query": {
                    "x1": -4.412499999999996,
                    "x2": 2.8874999999999993
                },
                "metrics": {
                    "outcome": 10793.61307313692
                },
                "metadata": {
                    "trials": 1
                }
            },
            {
                "query": {
                    "x1": -4.412499999999996,
                    "x2": 2.8874999999999993
                },
                "metrics": {
                    "outcome": 10793.61307313692
                },
                "metadata": {
                    "trials": 1
                }
            },
            {
                "query": {
                    "x1": -4.412499999999996,
                    "x2": 2.8874999999999993
                },
                "metrics": {
                    "outcome": 10793.61307313692
                },
                "metadata": {
                    "trials": 1
                }
            }
        ],
        [
            {
                "query": {
                    "x1": -3.0,
                    "x2": 1.9999999999999991
                },
                "metrics": {
                    "outcome": 385.45312499999864
                },
                "metadata": {
                    "trials": 1
                }
            },
            {
                "query": {
                    "x1": -3.0,
                    "x2": 1.9999999999999991
                },
                "metrics": {
                    "outcome": 385.45312499999864
                },
                "metadata": {
                    "trials": 1
                }
            },
            {
                "query": {
                    "x1": -3.0,
                    "x2": 1.9999999999999991
                },
                "metrics": {
                    "outcome": 385.45312499999864
                },
                "metadata": {
                    "trials": 1
                }
            }
        ],
        [
            {
                "query": {
                    "x1": -4.0,
                    "x2": 3.333333333333332
                },
                "metrics": {
                    "outcome": 21548.978159293503
                },
                "metadata": {
                    "trials": 1
                }
            },
            {
                "query": {
                    "x1": -4.0,
                    "x2": 3.333333333333332
                },
                "metrics": {
                    "outcome": 21548.978159293503
                },
                "metadata": {
                    "trials": 1
                }
            },
            {
                "query": {
                    "x1": -4.0,
                    "x2": 3.333333333333332
                },
                "metrics": {
                    "outcome": 21548.978159293503
                },
                "metadata": {
                    "trials": 1
                }
            }
        ],
        [
            {
                "query": {
                    "x1": 4.4050325515633,
                    "x2": -0.3078979780189117
                },
                "metrics": {
                    "outcome": 24.820422119715403
                },
                "metadata": {
                    "trials": 1
                }
            },
            {
                "query": {
                    "x1": 4.4050325515633,
                    "x2": -0.3078979780189117
                },
                "metrics": {
                    "outcome": 24.820422119715403
                },
                "metadata": {
                    "trials": 1
                }
            },
            {
                "query": {
                    "x1": 4.4050325515633,
                    "x2": -0.3078979780189117
                },
                "metrics": {
                    "outcome": 24.820422119715403
                },
                "metadata": {
                    "trials": 1
                }
            }
        ],
        [
            {
                "query": {
                    "x1": 2.302806494243301,
                    "x2": 0.4166309815566942
                },
                "metrics": {
                    "outcome": 0.3837379618735791
                },
                "metadata": {
                    "trials": 1
                }
            },
            {
                "query": {
                    "x1": 2.3170764155654533,
                    "x2": 0.3919967966156763
                },
                "metrics": {
                    "outcome": 0.2920716751777537
                },
                "metadata": {
                    "trials": 1
                }
            },
            {
                "query": {
                    "x1": 2.306882175744696,
                    "x2": 0.418599337926846
                },
                "metrics": {
                    "outcome": 0.38334329739564665
                },
                "metadata": {
                    "trials": 1
                }
            }
        ],
        [
            {
                "query": {
                    "x1": 2.1268993836532646,
                    "x2": 0.36933670775811134
                },
                "metrics": {
                    "outcome": 0.5622615517963192
                },
                "metadata": {
                    "trials": 1
                }
            },
            {
                "query": {
                    "x1": 2.113463921558094,
                    "x2": 0.3719988997167407
                },
                "metrics": {
                    "outcome": 0.5986983181439622
                },
                "metadata": {
                    "trials": 1
                }
            },
            {
                "query": {
                    "x1": 2.1159960520616634,
                    "x2": 0.3714612500442849
                },
                "metrics": {
                    "outcome": 0.5916181712540565
                },
                "metadata": {
                    "trials": 1
                }
            }
        ],
        [
            {
                "query": {
                    "x1": 2.3080623437136785,
                    "x2": 0.30585155929513874
                },
                "metrics": {
                    "outcome": 0.18201611855265648
                },
                "metadata": {
                    "trials": 1
                }
            },
            {
                "query": {
                    "x1": 2.3139933067037495,
                    "x2": 0.30518989317154066
                },
                "metrics": {
                    "outcome": 0.17654615278953734
                },
                "metadata": {
                    "trials": 1
                }
            },
            {
                "query": {
                    "x1": 2.3128301815408605,
                    "x2": 0.3053160840120457
                },
                "metrics": {
                    "outcome": 0.17759995235097187
                },
                "metadata": {
                    "trials": 1
                }
            }
        ],
        [
            {
                "query": {
                    "x1": 2.413949431570205,
                    "x2": 0.334071749311458
                },
                "metrics": {
                    "outcome": 0.1133131302834391
                },
                "metadata": {
                    "trials": 1
                }
            },
            {
                "query": {
                    "x1": 2.41030771778755,
                    "x2": 0.33362209533275067
                },
                "metrics": {
                    "outcome": 0.11546517319855404
                },
                "metadata": {
                    "trials": 1
                }
            },
            {
                "query": {
                    "x1": 2.412132850662095,
                    "x2": 0.33384681115301795
                },
                "metrics": {
                    "outcome": 0.11438177171602912
                },
                "metadata": {
                    "trials": 1
                }
            }
        ],
        [
            {
                "query": {
                    "x1": 2.5198534905621353,
                    "x2": 0.36162260698921855
                },
                "metrics": {
                    "outcome": 0.06567310331466955
                },
                "metadata": {
                    "trials": 1
                }
            },
            {
                "query": {
                    "x1": 2.517643420799817,
                    "x2": 0.3609355842267874
                },
                "metrics": {
                    "outcome": 0.06646581240404478
                },
                "metadata": {
                    "trials": 1
                }
            },
            {
                "query": {
                    "x1": 2.505312599056949,
                    "x2": 0.3565155043169881
                },
                "metrics": {
                    "outcome": 0.07094606079106561
                },
                "metadata": {
                    "trials": 1
                }
            }
        ],
        [
            {
                "query": {
                    "x1": 2.6342467880040923,
                    "x2": 0.39055312953163757
                },
                "metrics": {
                    "outcome": 0.03323390457604173
                },
                "metadata": {
                    "trials": 1
                }
            },
            {
                "query": {
                    "x1": 2.6200255174663036,
                    "x2": 0.38885642146293353
                },
                "metrics": {
                    "outcome": 0.03621757476385417
                },
                "metadata": {
                    "trials": 1
                }
            },
            {
                "query": {
                    "x1": 2.6154518626306045,
                    "x2": 0.38829875085370436
                },
                "metrics": {
                    "outcome": 0.037272378271735004
                },
                "metadata": {
                    "trials": 1
                }
            }
        ],
        [
            {
                "query": {
                    "x1": 2.724676512194659,
                    "x2": 0.379414558740514
                },
                "metrics": {
                    "outcome": 0.045652785172513366
                },
                "metadata": {
                    "trials": 1
                }
            },
            {
                "query": {
                    "x1": 2.734730055851231,
                    "x2": 0.38061603598776195
                },
                "metrics": {
                    "outcome": 0.04710477988757133
                },
                "metadata": {
                    "trials": 1
                }
            },
            {
                "query": {
                    "x1": 2.7393918498174985,
                    "x2": 0.38118619306307444
                },
                "metrics": {
                    "outcome": 0.04783154550804721
                },
                "metadata": {
                    "trials": 1
                }
            }
        ],
        [
            {
                "query": {
                    "x1": 2.713211154735614,
                    "x2": 0.40403046387483776
                },
                "metrics": {
                    "outcome": 0.022332334477666024
                },
                "metadata": {
                    "trials": 1
                }
            },
            {
                "query": {
                    "x1": 2.7131218358417435,
                    "x2": 0.40416310680404877
                },
                "metrics": {
                    "outcome": 0.022268332930138683
                },
                "metadata": {
                    "trials": 1
                }
            },
            {
                "query": {
                    "x1": 2.7132635935468654,
                    "x2": 0.40416160035919724
                },
                "metrics": {
                    "outcome": 0.022269421408238944
                },
                "metadata": {
                    "trials": 1
                }
            }
        ],
        [
            {
                "query": {
                    "x1": 2.7687676120754743,
                    "x2": 0.42004077896669223
                },
                "metrics": {
                    "outcome": 0.01587656065842951
                },
                "metadata": {
                    "trials": 1
                }
            },
            {
                "query": {
                    "x1": 2.7687724341217317,
                    "x2": 0.4200553031574321
                },
                "metrics": {
                    "outcome": 0.01586890987048807
                },
                "metadata": {
                    "trials": 1
                }
            },
            {
                "query": {
                    "x1": 2.7686784446759436,
                    "x2": 0.4200879687144248
                },
                "metrics": {
                    "outcome": 0.01584562264780363
                },
                "metadata": {
                    "trials": 1
                }
            }
        ],
        [
            {
                "query": {
                    "x1": 2.81981520930254,
                    "x2": 0.43340898531356675
                },
                "metrics": {
                    "outcome": 0.012360184824109905
                },
                "metadata": {
                    "trials": 1
                }
            },
            {
                "query": {
                    "x1": 2.8185053402769924,
                    "x2": 0.43336055791605155
                },
                "metrics": {
                    "outcome": 0.012246787945968838
                },
                "metadata": {
                    "trials": 1
                }
            },
            {
                "query": {
                    "x1": 2.823954241587444,
                    "x2": 0.4337453536619025
                },
                "metrics": {
                    "outcome": 0.012628478103648089
                },
                "metadata": {
                    "trials": 1
                }
            }
        ],
        [
            {
                "query": {
                    "x1": 2.8724447656367964,
                    "x2": 0.4337372837554767
                },
                "metrics": {
                    "outcome": 0.022920964416629046
                },
                "metadata": {
                    "trials": 1
                }
            },
            {
                "query": {
                    "x1": 2.875349150523175,
                    "x2": 0.43405086105274293
                },
                "metrics": {
                    "outcome": 0.023431658711998336
                },
                "metadata": {
                    "trials": 1
                }
            },
            {
                "query": {
                    "x1": 2.875584937675833,
                    "x2": 0.4341067933702334
                },
                "metrics": {
                    "outcome": 0.023437178253221714
                },
                "metadata": {
                    "trials": 1
                }
            }
        ],
        [
            {
                "query": {
                    "x1": 2.8028190505305606,
                    "x2": 0.44249022802231597
                },
                "metrics": {
                    "outcome": 0.008161605456484616
                },
                "metadata": {
                    "trials": 1
                }
            },
            {
                "query": {
                    "x1": 2.8024873482022734,
                    "x2": 0.4424911424671709
                },
                "metrics": {
                    "outcome": 0.008175750910726651
                },
                "metadata": {
                    "trials": 1
                }
            },
            {
                "query": {
                    "x1": 2.8028703700845528,
                    "x2": 0.4425174776887584
                },
                "metrics": {
                    "outcome": 0.008155154873144475
                },
                "metadata": {
                    "trials": 1
                }
            }
        ],
        [
            {
                "query": {
                    "x1": 2.837172367273438,
                    "x2": 0.4544894780647377
                },
                "metrics": {
                    "outcome": 0.005212773868942781
                },
                "metadata": {
                    "trials": 1
                }
            },
            {
                "query": {
                    "x1": 2.8375569895317003,
                    "x2": 0.45461915109135376
                },
                "metrics": {
                    "outcome": 0.00518460914370245
                },
                "metadata": {
                    "trials": 1
                }
            },
            {
                "query": {
                    "x1": 2.8411299541808175,
                    "x2": 0.4557303114026974
                },
                "metrics": {
                    "outcome": 0.0049348432806561975
                },
                "metadata": {
                    "trials": 1
                }
            }
        ],
        [
            {
                "query": {
                    "x1": 2.8749903580116714,
                    "x2": 0.46516461858267455
                },
                "metrics": {
                    "outcome": 0.002976613767707461
                },
                "metadata": {
                    "trials": 1
                }
            },
            {
                "query": {
                    "x1": 2.874907529974971,
                    "x2": 0.4651604913320755
                },
                "metrics": {
                    "outcome": 0.002979127645124509
                },
                "metadata": {
                    "trials": 1
                }
            },
            {
                "query": {
                    "x1": 2.8749296622187366,
                    "x2": 0.4651516829313449
                },
                "metrics": {
                    "outcome": 0.002979293520654366
                },
                "metadata": {
                    "trials": 1
                }
            }
        ],
        [
            {
                "query": {
                    "x1": 2.905857452637533,
                    "x2": 0.47077885837697764
                },
                "metrics": {
                    "outcome": 0.002070834401666221
                },
                "metadata": {
                    "trials": 1
                }
            },
            {
                "query": {
                    "x1": 2.905182449332071,
                    "x2": 0.4708782098482507
                },
                "metrics": {
                    "outcome": 0.002040377050193834
                },
                "metadata": {
                    "trials": 1
                }
            },
            {
                "query": {
                    "x1": 2.904965526400896,
                    "x2": 0.4710312747614651
                },
                "metrics": {
                    "outcome": 0.0020093794618607965
                },
                "metadata": {
                    "trials": 1
                }
            }
        ],
        [
            {
                "query": {
                    "x1": 2.874072016804881,
                    "x2": 0.47744777270250527
                },
                "metrics": {
                    "outcome": 0.005032122107529242
                },
                "metadata": {
                    "trials": 1
                }
            },
            {
                "query": {
                    "x1": 2.874209465605831,
                    "x2": 0.4774355492353113
                },
                "metrics": {
                    "outcome": 0.005005210247232073
                },
                "metadata": {
                    "trials": 1
                }
            },
            {
                "query": {
                    "x1": 2.874243162429484,
                    "x2": 0.47743886464344776
                },
                "metrics": {
                    "outcome": 0.005001205350441192
                },
                "metadata": {
                    "trials": 1
                }
            }
        ],
        [
            {
                "query": {
                    "x1": 2.9273454501704776,
                    "x2": 0.47471860990878145
                },
                "metrics": {
                    "outcome": 0.0018483619621986287
                },
                "metadata": {
                    "trials": 1
                }
            },
            {
                "query": {
                    "x1": 2.9278627542576015,
                    "x2": 0.474960119643665
                },
                "metrics": {
                    "outcome": 0.0018066120273751525
                },
                "metadata": {
                    "trials": 1
                }
            },
            {
                "query": {
                    "x1": 2.927236503443175,
                    "x2": 0.4746971672742628
                },
                "metrics": {
                    "outcome": 0.0018490956495581668
                },
                "metadata": {
                    "trials": 1
                }
            }
        ],
        [
            {
                "query": {
                    "x1": 2.895515347401031,
                    "x2": 0.4678725234719998
                },
                "metrics": {
                    "outcome": 0.002477723480291019
                },
                "metadata": {
                    "trials": 1
                }
            },
            {
                "query": {
                    "x1": 2.8956097650774035,
                    "x2": 0.4679479130406685
                },
                "metrics": {
                    "outcome": 0.002464070684514933
                },
                "metadata": {
                    "trials": 1
                }
            },
            {
                "query": {
                    "x1": 2.899319546234203,
                    "x2": 0.4677119137851262
                },
                "metrics": {
                    "outcome": 0.0025982505892439556
                },
                "metadata": {
                    "trials": 1
                }
            }
        ],
        [
            {
                "query": {
                    "x1": 2.9378959980374795,
                    "x2": 0.4795885511389457
                },
                "metrics": {
                    "outcome": 0.0011089658606577128
                },
                "metadata": {
                    "trials": 1
                }
            },
            {
                "query": {
                    "x1": 2.937763525516969,
                    "x2": 0.4796447259678418
                },
                "metrics": {
                    "outcome": 0.0010944591882316934
                },
                "metadata": {
                    "trials": 1
                }
            },
            {
                "query": {
                    "x1": 2.9376780459148613,
                    "x2": 0.4799268212865986
                },
                "metrics": {
                    "outcome": 0.001040589792830062
                },
                "metadata": {
                    "trials": 1
                }
            }
        ],
        [
            {
                "query": {
                    "x1": 2.94953832805857,
                    "x2": 0.48385789813323576
                },
                "metrics": {
                    "outcome": 0.0006737334414542957
                },
                "metadata": {
                    "trials": 1
                }
            },
            {
                "query": {
                    "x1": 2.9508208555879873,
                    "x2": 0.4836611673974165
                },
                "metrics": {
                    "outcome": 0.0007338286681902126
                },
                "metadata": {
                    "trials": 1
                }
            },
            {
                "query": {
                    "x1": 2.9511263931372556,
                    "x2": 0.48392780799284996
                },
                "metrics": {
                    "outcome": 0.0006982685820756105
                },
                "metadata": {
                    "trials": 1
                }
            }
        ],
        [
            {
                "query": {
                    "x1": 2.9629504205246278,
                    "x2": 0.48767501782663203
                },
                "metrics": {
                    "outcome": 0.0004248236711843365
                },
                "metadata": {
                    "trials": 1
                }
            },
            {
                "query": {
                    "x1": 2.9595621655396886,
                    "x2": 0.4873855133914722
                },
                "metrics": {
                    "outcome": 0.0004009416551313226
                },
                "metadata": {
                    "trials": 1
                }
            },
            {
                "query": {
                    "x1": 2.959388623331362,
                    "x2": 0.4875713624380946
                },
                "metrics": {
                    "outcome": 0.00038030697112365763
                },
                "metadata": {
                    "trials": 1
                }
            }
        ],
        [
            {
                "query": {
                    "x1": 2.9772423932401884,
                    "x2": 0.4838014876407595
                },
                "metrics": {
                    "outcome": 0.002508526968958498
                },
                "metadata": {
                    "trials": 1
                }
            },
            {
                "query": {
                    "x1": 2.97730494434019,
                    "x2": 0.4835331079251315
                },
                "metrics": {
                    "outcome": 0.0026400173539766008
                },
                "metadata": {
                    "trials": 1
                }
            },
            {
                "query": {
                    "x1": 2.9769408681942346,
                    "x2": 0.4837462109880688
                },
                "metrics": {
                    "outcome": 0.002500268473616703
                },
                "metadata": {
                    "trials": 1
                }
            }
        ],
        [
            {
                "query": {
                    "x1": 2.9415552488917323,
                    "x2": 0.48903962336947693
                },
                "metrics": {
                    "outcome": 0.0009072462962137409
                },
                "metadata": {
                    "trials": 1
                }
            },
            {
                "query": {
                    "x1": 2.941640957624676,
                    "x2": 0.4890701480379338
                },
                "metrics": {
                    "outcome": 0.0009068930120321691
                },
                "metadata": {
                    "trials": 1
                }
            },
            {
                "query": {
                    "x1": 2.9412341501384525,
                    "x2": 0.48911080262439643
                },
                "metrics": {
                    "outcome": 0.0009400957898152653
                },
                "metadata": {
                    "trials": 1
                }
            }
        ],
        [
            {
                "query": {
                    "x1": 2.9287244543189743,
                    "x2": 0.4837834325808483
                },
                "metrics": {
                    "outcome": 0.000963668347460572
                },
                "metadata": {
                    "trials": 1
                }
            },
            {
                "query": {
                    "x1": 2.9286558776982563,
                    "x2": 0.4838134355299477
                },
                "metrics": {
                    "outcome": 0.0009694800376063048
                },
                "metadata": {
                    "trials": 1
                }
            },
            {
                "query": {
                    "x1": 2.9287371938184092,
                    "x2": 0.48378583326382874
                },
                "metrics": {
                    "outcome": 0.0009632630678760895
                },
                "metadata": {
                    "trials": 1
                }
            }
        ],
        [
            {
                "query": {
                    "x1": 2.9300221077500233,
                    "x2": 0.48186641352468396
                },
                "metrics": {
                    "outcome": 0.0008495375534591103
                },
                "metadata": {
                    "trials": 1
                }
            },
            {
                "query": {
                    "x1": 2.930983147473925,
                    "x2": 0.4814460452557654
                },
                "metrics": {
                    "outcome": 0.000842670585939894
                },
                "metadata": {
                    "trials": 1
                }
            },
            {
                "query": {
                    "x1": 2.930241577852171,
                    "x2": 0.4820032331317714
                },
                "metrics": {
                    "outcome": 0.0008432426399143629
                },
                "metadata": {
                    "trials": 1
                }
            }
        ],
        [
            {
                "query": {
                    "x1": 2.9714698657373964,
                    "x2": 0.49217715868487044
                },
                "metrics": {
                    "outcome": 0.00014427930723961567
                },
                "metadata": {
                    "trials": 1
                }
            },
            {
                "query": {
                    "x1": 2.9721524979853564,
                    "x2": 0.49249103937289984
                },
                "metrics": {
                    "outcome": 0.00013412716429062795
                },
                "metadata": {
                    "trials": 1
                }
            },
            {
                "query": {
                    "x1": 2.9739477348328807,
                    "x2": 0.4920698127882952
                },
                "metrics": {
                    "outcome": 0.00015536768805161786
                },
                "metadata": {
                    "trials": 1
                }
            }
        ],
        [
            {
                "query": {
                    "x1": 2.987455886336729,
                    "x2": 0.4955462765305203
                },
                "metrics": {
                    "outcome": 6.537531677671534e-05
                },
                "metadata": {
                    "trials": 1
                }
            },
            {
                "query": {
                    "x1": 2.9827616506232744,
                    "x2": 0.4956842918670299
                },
                "metrics": {
                    "outcome": 4.848844026512907e-05
                },
                "metadata": {
                    "trials": 1
                }
            },
            {
                "query": {
                    "x1": 2.98742857833391,
                    "x2": 0.4955476276400983
                },
                "metrics": {
                    "outcome": 6.499610773428556e-05
                },
                "metadata": {
                    "trials": 1
                }
            }
        ],
        [
            {
                "query": {
                    "x1": 3.0093734867157416,
                    "x2": 0.496995898477544
                },
                "metrics": {
                    "outcome": 0.0006690757279797998
                },
                "metadata": {
                    "trials": 1
                }
            },
            {
                "query": {
                    "x1": 3.007251242460409,
                    "x2": 0.49643357220492756
                },
                "metrics": {
                    "outcome": 0.0006713612440930332
                },
                "metadata": {
                    "trials": 1
                }
            },
            {
                "query": {
                    "x1": 3.0095303998323146,
                    "x2": 0.4971031379723474
                },
                "metrics": {
                    "outcome": 0.0006529546167660737
                },
                "metadata": {
                    "trials": 1
                }
            }
        ],
        [
            {
                "query": {
                    "x1": 2.966843732310787,
                    "x2": 0.4968323408765034
                },
                "metrics": {
                    "outcome": 0.000776119354588317
                },
                "metadata": {
                    "trials": 1
                }
            },
            {
                "query": {
                    "x1": 2.968643915788596,
                    "x2": 0.4971622520014307
                },
                "metrics": {
                    "outcome": 0.0007286308918439562
                },
                "metadata": {
                    "trials": 1
                }
            },
            {
                "query": {
                    "x1": 2.96992531446399,
                    "x2": 0.4973857149119576
                },
                "metrics": {
                    "outcome": 0.0006934717615426976
                },
                "metadata": {
                    "trials": 1
                }
            }
        ],
        [
            {
                "query": {
                    "x1": 2.989210517751812,
                    "x2": 0.4916241572035558
                },
                "metrics": {
                    "outcome": 0.0007473334556036835
                },
                "metadata": {
                    "trials": 1
                }
            },
            {
                "query": {
                    "x1": 2.990574837048607,
                    "x2": 0.4917440914764297
                },
                "metrics": {
                    "outcome": 0.0008017806794306657
                },
                "metadata": {
                    "trials": 1
                }
            },
            {
                "query": {
                    "x1": 2.990309733527253,
                    "x2": 0.49172387996374045
                },
                "metrics": {
                    "outcome": 0.0007901604461690075
                },
                "metadata": {
                    "trials": 1
                }
            }
        ],
        [
            {
                "query": {
                    "x1": 2.95846143809651,
                    "x2": 0.4929167053973762
                },
                "metrics": {
                    "outcome": 0.0005418574604750255
                },
                "metadata": {
                    "trials": 1
                }
            },
            {
                "query": {
                    "x1": 2.9581815235282685,
                    "x2": 0.49286742589883303
                },
                "metrics": {
                    "outcome": 0.0005491388059691362
                },
                "metadata": {
                    "trials": 1
                }
            },
            {
                "query": {
                    "x1": 2.958450750583533,
                    "x2": 0.49289003743121285
                },
                "metrics": {
                    "outcome": 0.0005384496574032294
                },
                "metadata": {
                    "trials": 1
                }
            }
        ],
        [
            {
                "query": {
                    "x1": 2.9594246525854846,
                    "x2": 0.4908255582182539
                },
                "metrics": {
                    "outcome": 0.0003001700176399538
                },
                "metadata": {
                    "trials": 1
                }
            },
            {
                "query": {
                    "x1": 2.9629880647848035,
                    "x2": 0.4903278892297722
                },
                "metrics": {
                    "outcome": 0.00023125605921610706
                },
                "metadata": {
                    "trials": 1
                }
            },
            {
                "query": {
                    "x1": 2.9599583417763187,
                    "x2": 0.490820948563365
                },
                "metrics": {
                    "outcome": 0.0002867157438574991
                },
                "metadata": {
                    "trials": 1
                }
            }
        ],
        [
            {
                "query": {
                    "x1": 2.980464320037208,
                    "x2": 0.49031746875890825
                },
                "metrics": {
                    "outcome": 0.000575506746994645
                },
                "metadata": {
                    "trials": 1
                }
            },
            {
                "query": {
                    "x1": 2.9791830739808693,
                    "x2": 0.4901197582366503
                },
                "metrics": {
                    "outcome": 0.0005568652063743508
                },
                "metadata": {
                    "trials": 1
                }
            },
            {
                "query": {
                    "x1": 2.9802365226777434,
                    "x2": 0.4902361637985484
                },
                "metrics": {
                    "outcome": 0.0005819278119395663
                },
                "metadata": {
                    "trials": 1
                }
            }
        ],
        [
            {
                "query": {
                    "x1": 2.9574106580924475,
                    "x2": 0.4918385213218279
                },
                "metrics": {
                    "outcome": 0.00045068423831480964
                },
                "metadata": {
                    "trials": 1
                }
            },
            {
                "query": {
                    "x1": 2.9578727006661207,
                    "x2": 0.4917979430937711
                },
                "metrics": {
                    "outcome": 0.0004265653056887764
                },
                "metadata": {
                    "trials": 1
                }
            },
            {
                "query": {
                    "x1": 2.9584864773394948,
                    "x2": 0.4919796284884157
                },
                "metrics": {
                    "outcome": 0.0004204449598233617
                },
                "metadata": {
                    "trials": 1
                }
            }
        ],
        [
            {
                "query": {
                    "x1": 3.0045966780561324,
                    "x2": 0.5000623408376867
                },
                "metrics": {
                    "outcome": 3.015204370837579e-05
                },
                "metadata": {
                    "trials": 1
                }
            },
            {
                "query": {
                    "x1": 3.0097220956325375,
                    "x2": 0.5003763391197404
                },
                "metrics": {
                    "outcome": 0.0001104523548253006
                },
                "metadata": {
                    "trials": 1
                }
            },
            {
                "query": {
                    "x1": 2.975202658091832,
                    "x2": 0.48961835351179595
                },
                "metrics": {
                    "outcome": 0.0004860705052325586
                },
                "metadata": {
                    "trials": 1
                }
            }
        ],
        [
            {
                "query": {
                    "x1": 3.011442808031978,
                    "x2": 0.5018510319679974
                },
                "metrics": {
                    "outcome": 4.2835517263655254e-05
                },
                "metadata": {
                    "trials": 1
                }
            },
            {
                "query": {
                    "x1": 3.0115358259888403,
                    "x2": 0.5018608679484204
                },
                "metrics": {
                    "outcome": 4.376964984459868e-05
                },
                "metadata": {
                    "trials": 1
                }
            },
            {
                "query": {
                    "x1": 3.013047482744173,
                    "x2": 0.5020364075565933
                },
                "metrics": {
                    "outcome": 5.9565365641964056e-05
                },
                "metadata": {
                    "trials": 1
                }
            }
        ],
        [
            {
                "query": {
                    "x1": 3.0239767197850886,
                    "x2": 0.4993985757245154
                },
                "metrics": {
                    "outcome": 0.001081845605047077
                },
                "metadata": {
                    "trials": 1
                }
            },
            {
                "query": {
                    "x1": 3.0234122827451495,
                    "x2": 0.49887132003734536
                },
                "metrics": {
                    "outcome": 0.0011990323594450842
                },
                "metadata": {
                    "trials": 1
                }
            },
            {
                "query": {
                    "x1": 3.0265596475491083,
                    "x2": 0.49996078504821373
                },
                "metrics": {
                    "outcome": 0.0011252864629711897
                },
                "metadata": {
                    "trials": 1
                }
            }
        ],
        [
            {
                "query": {
                    "x1": 2.9847539986344334,
                    "x2": 0.5008481053977176
                },
                "metrics": {
                    "outcome": 0.0005305364938610868
                },
                "metadata": {
                    "trials": 1
                }
            },
            {
                "query": {
                    "x1": 2.985717815249548,
                    "x2": 0.5010039070404044
                },
                "metrics": {
                    "outcome": 0.0005083552116803619
                },
                "metadata": {
                    "trials": 1
                }
            },
            {
                "query": {
                    "x1": 2.9877691967716027,
                    "x2": 0.5014720464748708
                },
                "metrics": {
                    "outcome": 0.0004911765199093596
                },
                "metadata": {
                    "trials": 1
                }
            }
        ],
        [
            {
                "query": {
                    "x1": 2.988621687103965,
                    "x2": 0.49969801768526256
                },
                "metrics": {
                    "outcome": 0.00016726174775184217
                },
                "metadata": {
                    "trials": 1
                }
            },
            {
                "query": {
                    "x1": 2.977988254670973,
                    "x2": 0.49781618701792674
                },
                "metrics": {
                    "outcome": 0.00032814161443504495
                },
                "metadata": {
                    "trials": 1
                }
            },
            {
                "query": {
                    "x1": 2.976844831517952,
                    "x2": 0.49734242522592975
                },
                "metrics": {
                    "outcome": 0.00030941801547967147
                },
                "metadata": {
                    "trials": 1
                }
            }
        ]
    ],
    "best_results": [
        {
            "query": {
                "x1": 3.0045966780561324,
                "x2": 0.5000623408376867
            },
            "metrics": [
                {
                    "name": "outcome",
                    "value": 3.015204370837579e-05
                }
            ]
        }
    ]
}