{
    "date": "05/11/2022 12:04:15",
    "basic_params": {
        "active_variables": [
            "x"
        ],
        "default_query": {},
        "metric": "basic",
        "n_trials": 1
    },
    "objective_function": {
        "name": "Gramacy1D",
        "params": {}
    },
    "optimizer": {
        "name": "BBO-LP(LCB)-FoD",
        "params": {
            "lower_bound": [
                0.5
            ],
            "upper_bound": [
                2.5
            ],
            "invert_metric": false,
            "bopt_params": {
                "n_init_samples": 12,
                "n_iterations": 23,
                "n_iter_relearn": 5,
                "verbose_level": 0,
                "n_parallel_samples": 6,
                "fixed_dataset_size": 50,
                "par_type": "PAR_BBO",
                "crit_name": "cLP(cLCB)",
                "n_crit_params": 3,
                "crit_params": [
                    6,
                    1,
                    1.0
                ]
            }
        }
    },
    "iterations": [
        [
            {
                "query": {
                    "x": 1.5104436785914004
                },
                "metrics": {
                    "outcome": -0.03878387523049405
                },
                "metadata": {
                    "trials": 1
                }
            }
        ],
        [
            {
                "query": {
                    "x": 0.7872423679800704
                },
                "metrics": {
                    "outcome": -0.24574538387351064
                },
                "metadata": {
                    "trials": 1
                }
            }
        ],
        [
            {
                "query": {
                    "x": 1.3113621485730014
                },
                "metrics": {
                    "outcome": -0.1238294258581292
                },
                "metadata": {
                    "trials": 1
                }
            }
        ],
        [
            {
                "query": {
                    "x": 2.4402701531847315
                },
                "metrics": {
                    "outcome": 4.498441962076228
                },
                "metadata": {
                    "trials": 1
                }
            }
        ],
        [
            {
                "query": {
                    "x": 1.1263947913733623
                },
                "metrics": {
                    "outcome": -0.3270734409554984
                },
                "metadata": {
                    "trials": 1
                }
            }
        ],
        [
            {
                "query": {
                    "x": 0.8896281145668279
                },
                "metrics": {
                    "outcome": 0.18005894883147433
                },
                "metadata": {
                    "trials": 1
                }
            }
        ],
        [
            {
                "query": {
                    "x": 2.1941766071831807
                },
                "metrics": {
                    "outcome": 1.9921836478625499
                },
                "metadata": {
                    "trials": 1
                }
            }
        ],
        [
            {
                "query": {
                    "x": 1.930682129925117
                },
                "metrics": {
                    "outcome": 0.5375195592072436
                },
                "metadata": {
                    "trials": 1
                }
            }
        ],
        [
            {
                "query": {
                    "x": 0.5746135698864236
                },
                "metrics": {
                    "outcome": -0.5899688786943291
                },
                "metadata": {
                    "trials": 1
                }
            }
        ],
        [
            {
                "query": {
                    "x": 1.799891365187553
                },
                "metrics": {
                    "outcome": 0.4084294882597306
                },
                "metadata": {
                    "trials": 1
                }
            }
        ],
        [
            {
                "query": {
                    "x": 2.129281205125153
                },
                "metrics": {
                    "outcome": 1.4395197581683692
                },
                "metadata": {
                    "trials": 1
                }
            }
        ],
        [
            {
                "query": {
                    "x": 1.3959360795561224
                },
                "metrics": {
                    "outcome": -0.021030309017332265
                },
                "metadata": {
                    "trials": 1
                }
            }
        ],
        [
            {
                "query": {
                    "x": 0.6534591334972186
                },
                "metrics": {
                    "outcome": 0.7750668789928291
                },
                "metadata": {
                    "trials": 1
                }
            },
            {
                "query": {
                    "x": 0.5
                },
                "metrics": {
                    "outcome": 0.06250000000000061
                },
                "metadata": {
                    "trials": 1
                }
            },
            {
                "query": {
                    "x": 0.7109674551587151
                },
                "metrics": {
                    "outcome": -0.23056767077769805
                },
                "metadata": {
                    "trials": 1
                }
            },
            {
                "query": {
                    "x": 0.602190219833855
                },
                "metrics": {
                    "outcome": 0.08213009243742841
                },
                "metadata": {
                    "trials": 1
                }
            },
            {
                "query": {
                    "x": 1.190037839088641
                },
                "metrics": {
                    "outcome": -0.128055591084094
                },
                "metadata": {
                    "trials": 1
                }
            },
            {
                "query": {
                    "x": 1.093568086594598
                },
                "metrics": {
                    "outcome": 0.09183695010396224
                },
                "metadata": {
                    "trials": 1
                }
            }
        ],
        [
            {
                "query": {
                    "x": 0.5501364366286624
                },
                "metrics": {
                    "outcome": -0.867900559543142
                },
                "metadata": {
                    "trials": 1
                }
            },
            {
                "query": {
                    "x": 0.5467135281999121
                },
                "metrics": {
                    "outcome": -0.8674681125552165
                },
                "metadata": {
                    "trials": 1
                }
            },
            {
                "query": {
                    "x": 0.5536767541648552
                },
                "metrics": {
                    "outcome": -0.8573538887366475
                },
                "metadata": {
                    "trials": 1
                }
            },
            {
                "query": {
                    "x": 0.5559201468712944
                },
                "metrics": {
                    "outcome": -0.8450081728205469
                },
                "metadata": {
                    "trials": 1
                }
            },
            {
                "query": {
                    "x": 0.5520530732170477
                },
                "metrics": {
                    "outcome": -0.8635637192827481
                },
                "metadata": {
                    "trials": 1
                }
            },
            {
                "query": {
                    "x": 0.5434195067754859
                },
                "metrics": {
                    "outcome": -0.8570497118307661
                },
                "metadata": {
                    "trials": 1
                }
            }
        ],
        [
            {
                "query": {
                    "x": 0.5485428367943306
                },
                "metrics": {
                    "outcome": -0.8690109439267194
                },
                "metadata": {
                    "trials": 1
                }
            },
            {
                "query": {
                    "x": 0.5508177410952303
                },
                "metrics": {
                    "outcome": -0.8667327531977723
                },
                "metadata": {
                    "trials": 1
                }
            },
            {
                "query": {
                    "x": 0.5462683018929471
                },
                "metrics": {
                    "outcome": -0.8666349307912924
                },
                "metadata": {
                    "trials": 1
                }
            },
            {
                "query": {
                    "x": 0.5529941521320796
                },
                "metrics": {
                    "outcome": -0.8602458522085582
                },
                "metadata": {
                    "trials": 1
                }
            },
            {
                "query": {
                    "x": 0.543880573730123
                },
                "metrics": {
                    "outcome": -0.8591004332618514
                },
                "metadata": {
                    "trials": 1
                }
            },
            {
                "query": {
                    "x": 0.5553568920354449
                },
                "metrics": {
                    "outcome": -0.8485142532208773
                },
                "metadata": {
                    "trials": 1
                }
            }
        ],
        [
            {
                "query": {
                    "x": 0.5485551256788719
                },
                "metrics": {
                    "outcome": -0.8690111038555007
                },
                "metadata": {
                    "trials": 1
                }
            },
            {
                "query": {
                    "x": 0.5465533362233772
                },
                "metrics": {
                    "outcome": -0.8671890055543029
                },
                "metadata": {
                    "trials": 1
                }
            },
            {
                "query": {
                    "x": 0.5505568857084202
                },
                "metrics": {
                    "outcome": -0.8672287442314109
                },
                "metadata": {
                    "trials": 1
                }
            },
            {
                "query": {
                    "x": 0.5524901457075146
                },
                "metrics": {
                    "outcome": -0.8621195643545128
                },
                "metadata": {
                    "trials": 1
                }
            },
            {
                "query": {
                    "x": 0.5445028735048125
                },
                "metrics": {
                    "outcome": -0.8615624389477511
                },
                "metadata": {
                    "trials": 1
                }
            },
            {
                "query": {
                    "x": 0.5545609043546919
                },
                "metrics": {
                    "outcome": -0.8530058035030247
                },
                "metadata": {
                    "trials": 1
                }
            }
        ],
        [
            {
                "query": {
                    "x": 0.548558472578848
                },
                "metrics": {
                    "outcome": -0.8690111238680917
                },
                "metadata": {
                    "trials": 1
                }
            },
            {
                "query": {
                    "x": 0.5467163988637314
                },
                "metrics": {
                    "outcome": -0.8674729023466338
                },
                "metadata": {
                    "trials": 1
                }
            },
            {
                "query": {
                    "x": 0.5504004217197331
                },
                "metrics": {
                    "outcome": -0.8674971684403716
                },
                "metadata": {
                    "trials": 1
                }
            },
            {
                "query": {
                    "x": 0.5521827822069576
                },
                "metrics": {
                    "outcome": -0.8631526947341008
                },
                "metadata": {
                    "trials": 1
                }
            },
            {
                "query": {
                    "x": 0.5448461353754745
                },
                "metrics": {
                    "outcome": -0.8627701122720073
                },
                "metadata": {
                    "trials": 1
                }
            },
            {
                "query": {
                    "x": 0.5540775799668022
                },
                "metrics": {
                    "outcome": -0.855466643016285
                },
                "metadata": {
                    "trials": 1
                }
            }
        ],
        [
            {
                "query": {
                    "x": 0.5485391030128417
                },
                "metrics": {
                    "outcome": -0.8690108684184218
                },
                "metadata": {
                    "trials": 1
                }
            },
            {
                "query": {
                    "x": 0.5508030068254857
                },
                "metrics": {
                    "outcome": -0.8667623825360432
                },
                "metadata": {
                    "trials": 1
                }
            },
            {
                "query": {
                    "x": 0.5462798040192774
                },
                "metrics": {
                    "outcome": -0.8666587143728042
                },
                "metadata": {
                    "trials": 1
                }
            },
            {
                "query": {
                    "x": 0.5529796665694484
                },
                "metrics": {
                    "outcome": -0.8603028120596998
                },
                "metadata": {
                    "trials": 1
                }
            },
            {
                "query": {
                    "x": 0.5440095550899579
                },
                "metrics": {
                    "outcome": -0.8596395902127165
                },
                "metadata": {
                    "trials": 1
                }
            },
            {
                "query": {
                    "x": 0.5553206180429342
                },
                "metrics": {
                    "outcome": -0.8487307618202933
                },
                "metadata": {
                    "trials": 1
                }
            }
        ],
        [
            {
                "query": {
                    "x": 0.5485417355601976
                },
                "metrics": {
                    "outcome": -0.8690109229608141
                },
                "metadata": {
                    "trials": 1
                }
            },
            {
                "query": {
                    "x": 0.5507141062564045
                },
                "metrics": {
                    "outcome": -0.8669370558049938
                },
                "metadata": {
                    "trials": 1
                }
            },
            {
                "query": {
                    "x": 0.5463733459059485
                },
                "metrics": {
                    "outcome": -0.8668476859316347
                },
                "metadata": {
                    "trials": 1
                }
            },
            {
                "query": {
                    "x": 0.5528066424968947
                },
                "metrics": {
                    "outcome": -0.8609689670805912
                },
                "metadata": {
                    "trials": 1
                }
            },
            {
                "query": {
                    "x": 0.5441945240187519
                },
                "metrics": {
                    "outcome": -0.8603864360403076
                },
                "metadata": {
                    "trials": 1
                }
            },
            {
                "query": {
                    "x": 0.5550524643608332
                },
                "metrics": {
                    "outcome": -0.8502963259411688
                },
                "metadata": {
                    "trials": 1
                }
            }
        ],
        [
            {
                "query": {
                    "x": 0.7771824356914205
                },
                "metrics": {
                    "outcome": -0.42021697945633274
                },
                "metadata": {
                    "trials": 1
                }
            },
            {
                "query": {
                    "x": 0.5485456238880979
                },
                "metrics": {
                    "outcome": -0.8690109921130716
                },
                "metadata": {
                    "trials": 1
                }
            },
            {
                "query": {
                    "x": 0.5506700329980035
                },
                "metrics": {
                    "outcome": -0.8670210440458505
                },
                "metadata": {
                    "trials": 1
                }
            },
            {
                "query": {
                    "x": 0.5464242415143088
                },
                "metrics": {
                    "outcome": -0.8669471752637792
                },
                "metadata": {
                    "trials": 1
                }
            },
            {
                "query": {
                    "x": 0.5527198371340905
                },
                "metrics": {
                    "outcome": -0.8612932898775388
                },
                "metadata": {
                    "trials": 1
                }
            },
            {
                "query": {
                    "x": 0.5442896662396891
                },
                "metrics": {
                    "outcome": -0.8607584989400027
                },
                "metadata": {
                    "trials": 1
                }
            }
        ],
        [
            {
                "query": {
                    "x": 0.5485501554501033
                },
                "metrics": {
                    "outcome": -0.8690110555381954
                },
                "metadata": {
                    "trials": 1
                }
            },
            {
                "query": {
                    "x": 0.5506401509494874
                },
                "metrics": {
                    "outcome": -0.8670770051804872
                },
                "metadata": {
                    "trials": 1
                }
            },
            {
                "query": {
                    "x": 0.5464621203857032
                },
                "metrics": {
                    "outcome": -0.8670196972230089
                },
                "metadata": {
                    "trials": 1
                }
            },
            {
                "query": {
                    "x": 0.5526581416104845
                },
                "metrics": {
                    "outcome": -0.8615197786083335
                },
                "metadata": {
                    "trials": 1
                }
            },
            {
                "query": {
                    "x": 0.5443629729367467
                },
                "metrics": {
                    "outcome": -0.8610395693515119
                },
                "metadata": {
                    "trials": 1
                }
            },
            {
                "query": {
                    "x": 0.5548474683794467
                },
                "metrics": {
                    "outcome": -0.851451536712285
                },
                "metadata": {
                    "trials": 1
                }
            }
        ],
        [
            {
                "query": {
                    "x": 0.5485744545139061
                },
                "metrics": {
                    "outcome": -0.8690110804550821
                },
                "metadata": {
                    "trials": 1
                }
            },
            {
                "query": {
                    "x": 0.5452751578342145
                },
                "metrics": {
                    "outcome": -0.8641292043460868
                },
                "metadata": {
                    "trials": 1
                }
            },
            {
                "query": {
                    "x": 0.551872304287888
                },
                "metrics": {
                    "outcome": -0.8641117930569113
                },
                "metadata": {
                    "trials": 1
                }
            },
            {
                "query": {
                    "x": 0.5417298075720266
                },
                "metrics": {
                    "outcome": -0.8478871572011261
                },
                "metadata": {
                    "trials": 1
                }
            },
            {
                "query": {
                    "x": 0.5552845099549272
                },
                "metrics": {
                    "outcome": -0.8489451616785133
                },
                "metadata": {
                    "trials": 1
                }
            },
            {
                "query": {
                    "x": 0.5601767166712546
                },
                "metrics": {
                    "outcome": -0.8099245864953067
                },
                "metadata": {
                    "trials": 1
                }
            }
        ],
        [
            {
                "query": {
                    "x": 0.5485684798216603
                },
                "metrics": {
                    "outcome": -0.8690111235830548
                },
                "metadata": {
                    "trials": 1
                }
            },
            {
                "query": {
                    "x": 0.5517341255232739
                },
                "metrics": {
                    "outcome": -0.864511280794092
                },
                "metadata": {
                    "trials": 1
                }
            },
            {
                "query": {
                    "x": 0.545405383526027
                },
                "metrics": {
                    "outcome": -0.8645087112264341
                },
                "metadata": {
                    "trials": 1
                }
            },
            {
                "query": {
                    "x": 0.5549388264284594
                },
                "metrics": {
                    "outcome": -0.850941168757296
                },
                "metadata": {
                    "trials": 1
                }
            },
            {
                "query": {
                    "x": 0.5420807866455811
                },
                "metrics": {
                    "outcome": -0.8500031369747537
                },
                "metadata": {
                    "trials": 1
                }
            },
            {
                "query": {
                    "x": 0.5592369495580043
                },
                "metrics": {
                    "outcome": -0.8189527334707676
                },
                "metadata": {
                    "trials": 1
                }
            }
        ],
        [
            {
                "query": {
                    "x": 0.5485684431006529
                },
                "metrics": {
                    "outcome": -0.8690111237488158
                },
                "metadata": {
                    "trials": 1
                }
            },
            {
                "query": {
                    "x": 0.5517420503737237
                },
                "metrics": {
                    "outcome": -0.8644888253684245
                },
                "metadata": {
                    "trials": 1
                }
            },
            {
                "query": {
                    "x": 0.5453976724943548
                },
                "metrics": {
                    "outcome": -0.8644866679771093
                },
                "metadata": {
                    "trials": 1
                }
            },
            {
                "query": {
                    "x": 0.5549881863891
                },
                "metrics": {
                    "outcome": -0.8506624363226772
                },
                "metadata": {
                    "trials": 1
                }
            },
            {
                "query": {
                    "x": 0.5420793277086775
                },
                "metrics": {
                    "outcome": -0.8499945720453776
                },
                "metadata": {
                    "trials": 1
                }
            },
            {
                "query": {
                    "x": 0.5592193724293454
                },
                "metrics": {
                    "outcome": -0.8191147798818998
                },
                "metadata": {
                    "trials": 1
                }
            }
        ],
        [
            {
                "query": {
                    "x": 0.5485689796240172
                },
                "metrics": {
                    "outcome": -0.869011121206279
                },
                "metadata": {
                    "trials": 1
                }
            },
            {
                "query": {
                    "x": 0.5517664478662994
                },
                "metrics": {
                    "outcome": -0.8644193454635057
                },
                "metadata": {
                    "trials": 1
                }
            },
            {
                "query": {
                    "x": 0.5453742334102023
                },
                "metrics": {
                    "outcome": -0.8644193324062045
                },
                "metadata": {
                    "trials": 1
                }
            },
            {
                "query": {
                    "x": 0.5550331229859772
                },
                "metrics": {
                    "outcome": -0.8504068624457066
                },
                "metadata": {
                    "trials": 1
                }
            },
            {
                "query": {
                    "x": 0.5420417000473843
                },
                "metrics": {
                    "outcome": -0.849773007120921
                },
                "metadata": {
                    "trials": 1
                }
            },
            {
                "query": {
                    "x": 0.5592894332086987
                },
                "metrics": {
                    "outcome": -0.8184673825284627
                },
                "metadata": {
                    "trials": 1
                }
            }
        ],
        [
            {
                "query": {
                    "x": 0.5485697443380123
                },
                "metrics": {
                    "outcome": -0.8690111171347057
                },
                "metadata": {
                    "trials": 1
                }
            },
            {
                "query": {
                    "x": 0.5518025396428089
                },
                "metrics": {
                    "outcome": -0.8643155975907052
                },
                "metadata": {
                    "trials": 1
                }
            },
            {
                "query": {
                    "x": 0.5453396666883485
                },
                "metrics": {
                    "outcome": -0.8643191201791587
                },
                "metadata": {
                    "trials": 1
                }
            },
            {
                "query": {
                    "x": 0.5551016262296067
                },
                "metrics": {
                    "outcome": -0.8500139192240936
                },
                "metadata": {
                    "trials": 1
                }
            },
            {
                "query": {
                    "x": 0.5419776863212923
                },
                "metrics": {
                    "outcome": -0.8493931276714057
                },
                "metadata": {
                    "trials": 1
                }
            },
            {
                "query": {
                    "x": 0.5593772640713772
                },
                "metrics": {
                    "outcome": -0.8176501438896318
                },
                "metadata": {
                    "trials": 1
                }
            }
        ],
        [
            {
                "query": {
                    "x": 0.5485692963700337
                },
                "metrics": {
                    "outcome": -0.8690111195836593
                },
                "metadata": {
                    "trials": 1
                }
            },
            {
                "query": {
                    "x": 0.5519543600070143
                },
                "metrics": {
                    "outcome": -0.8638665821681999
                },
                "metadata": {
                    "trials": 1
                }
            },
            {
                "query": {
                    "x": 0.5451877675528789
                },
                "metrics": {
                    "outcome": -0.8638659044938146
                },
                "metadata": {
                    "trials": 1
                }
            },
            {
                "query": {
                    "x": 0.5554468919330013
                },
                "metrics": {
                    "outcome": -0.8479722100304287
                },
                "metadata": {
                    "trials": 1
                }
            },
            {
                "query": {
                    "x": 0.5416114846016676
                },
                "metrics": {
                    "outcome": -0.8471487001599783
                },
                "metadata": {
                    "trials": 1
                }
            },
            {
                "query": {
                    "x": 0.560090881952304
                },
                "metrics": {
                    "outcome": -0.8107787263534665
                },
                "metadata": {
                    "trials": 1
                }
            }
        ],
        [
            {
                "query": {
                    "x": 0.5485691006381288
                },
                "metrics": {
                    "outcome": -0.8690111205970062
                },
                "metadata": {
                    "trials": 1
                }
            },
            {
                "query": {
                    "x": 0.5519756328076356
                },
                "metrics": {
                    "outcome": -0.8638020416035809
                },
                "metadata": {
                    "trials": 1
                }
            },
            {
                "query": {
                    "x": 0.5451681215766316
                },
                "metrics": {
                    "outcome": -0.8638057589998931
                },
                "metadata": {
                    "trials": 1
                }
            },
            {
                "query": {
                    "x": 0.5554881757867426
                },
                "metrics": {
                    "outcome": -0.8477212526698967
                },
                "metadata": {
                    "trials": 1
                }
            },
            {
                "query": {
                    "x": 0.5415757991590056
                },
                "metrics": {
                    "outcome": -0.8469235019272916
                },
                "metadata": {
                    "trials": 1
                }
            },
            {
                "query": {
                    "x": 0.5601337075350901
                },
                "metrics": {
                    "outcome": -0.810353308575511
                },
                "metadata": {
                    "trials": 1
                }
            }
        ],
        [
            {
                "query": {
                    "x": 0.5485716558747433
                },
                "metrics": {
                    "outcome": -0.8690111046556459
                },
                "metadata": {
                    "trials": 1
                }
            },
            {
                "query": {
                    "x": 0.5516430387101874
                },
                "metrics": {
                    "outcome": -0.864765392690577
                },
                "metadata": {
                    "trials": 1
                }
            },
            {
                "query": {
                    "x": 0.5455039649711836
                },
                "metrics": {
                    "outcome": -0.8647857708470563
                },
                "metadata": {
                    "trials": 1
                }
            },
            {
                "query": {
                    "x": 0.5547264930623591
                },
                "metrics": {
                    "outcome": -0.8521163109737581
                },
                "metadata": {
                    "trials": 1
                }
            },
            {
                "query": {
                    "x": 0.54234280451851
                },
                "metrics": {
                    "outcome": -0.8515101089937324
                },
                "metadata": {
                    "trials": 1
                }
            },
            {
                "query": {
                    "x": 0.5384210436472654
                },
                "metrics": {
                    "outcome": -0.8224825453025507
                },
                "metadata": {
                    "trials": 1
                }
            }
        ],
        [
            {
                "query": {
                    "x": 0.5485632914658545
                },
                "metrics": {
                    "outcome": -0.8690111349789598
                },
                "metadata": {
                    "trials": 1
                }
            },
            {
                "query": {
                    "x": 0.5516490679976683
                },
                "metrics": {
                    "outcome": -0.8647487990752457
                },
                "metadata": {
                    "trials": 1
                }
            },
            {
                "query": {
                    "x": 0.5454811535741214
                },
                "metrics": {
                    "outcome": -0.8647224439882966
                },
                "metadata": {
                    "trials": 1
                }
            },
            {
                "query": {
                    "x": 0.5547808351256726
                },
                "metrics": {
                    "outcome": -0.8518192530634083
                },
                "metadata": {
                    "trials": 1
                }
            },
            {
                "query": {
                    "x": 0.5423780504243972
                },
                "metrics": {
                    "outcome": -0.8517080793530143
                },
                "metadata": {
                    "trials": 1
                }
            },
            {
                "query": {
                    "x": 0.5585150662393795
                },
                "metrics": {
                    "outcome": -0.8254002947686411
                },
                "metadata": {
                    "trials": 1
                }
            }
        ],
        [
            {
                "query": {
                    "x": 0.5485618468671504
                },
                "metrics": {
                    "outcome": -0.8690111338411519
                },
                "metadata": {
                    "trials": 1
                }
            },
            {
                "query": {
                    "x": 0.5516531652450363
                },
                "metrics": {
                    "outcome": -0.8647375044110731
                },
                "metadata": {
                    "trials": 1
                }
            },
            {
                "query": {
                    "x": 0.5454741798821753
                },
                "metrics": {
                    "outcome": -0.8647029900943237
                },
                "metadata": {
                    "trials": 1
                }
            },
            {
                "query": {
                    "x": 0.5547916407484309
                },
                "metrics": {
                    "outcome": -0.8517598816868484
                },
                "metadata": {
                    "trials": 1
                }
            },
            {
                "query": {
                    "x": 0.5423056905543009
                },
                "metrics": {
                    "outcome": -0.8513004300753203
                },
                "metadata": {
                    "trials": 1
                }
            },
            {
                "query": {
                    "x": 0.5585327236615462
                },
                "metrics": {
                    "outcome": -0.8252476804623033
                },
                "metadata": {
                    "trials": 1
                }
            }
        ],
        [
            {
                "query": {
                    "x": 0.5485616976219505
                },
                "metrics": {
                    "outcome": -0.8690111336165853
                },
                "metadata": {
                    "trials": 1
                }
            },
            {
                "query": {
                    "x": 0.5516427023566607
                },
                "metrics": {
                    "outcome": -0.8647663174452701
                },
                "metadata": {
                    "trials": 1
                }
            },
            {
                "query": {
                    "x": 0.5453797475036233
                },
                "metrics": {
                    "outcome": -0.8644352180624865
                },
                "metadata": {
                    "trials": 1
                }
            },
            {
                "query": {
                    "x": 0.5551231963137362
                },
                "metrics": {
                    "outcome": -0.8498893569384943
                },
                "metadata": {
                    "trials": 1
                }
            },
            {
                "query": {
                    "x": 0.5422370232764641
                },
                "metrics": {
                    "outcome": -0.8509091990671714
                },
                "metadata": {
                    "trials": 1
                }
            },
            {
                "query": {
                    "x": 0.538602362597422
                },
                "metrics": {
                    "outcome": -0.8241290286562517
                },
                "metadata": {
                    "trials": 1
                }
            }
        ],
        [
            {
                "query": {
                    "x": 0.5485604895575665
                },
                "metrics": {
                    "outcome": -0.8690111310611379
                },
                "metadata": {
                    "trials": 1
                }
            },
            {
                "query": {
                    "x": 0.5516302910896181
                },
                "metrics": {
                    "outcome": -0.8648003704306856
                },
                "metadata": {
                    "trials": 1
                }
            },
            {
                "query": {
                    "x": 0.5454947714347002
                },
                "metrics": {
                    "outcome": -0.8647603053829707
                },
                "metadata": {
                    "trials": 1
                }
            },
            {
                "query": {
                    "x": 0.5547470610967645
                },
                "metrics": {
                    "outcome": -0.8520041760170997
                },
                "metadata": {
                    "trials": 1
                }
            },
            {
                "query": {
                    "x": 0.5423839690893497
                },
                "metrics": {
                    "outcome": -0.8517412131818243
                },
                "metadata": {
                    "trials": 1
                }
            },
            {
                "query": {
                    "x": 0.5585030733881227
                },
                "metrics": {
                    "outcome": -0.8255038036016698
                },
                "metadata": {
                    "trials": 1
                }
            }
        ],
        [
            {
                "query": {
                    "x": 0.5485601804146844
                },
                "metrics": {
                    "outcome": -0.8690111301961861
                },
                "metadata": {
                    "trials": 1
                }
            },
            {
                "query": {
                    "x": 0.5516285477585137
                },
                "metrics": {
                    "outcome": -0.8648051427213534
                },
                "metadata": {
                    "trials": 1
                }
            },
            {
                "query": {
                    "x": 0.5454965104262444
                },
                "metrics": {
                    "outcome": -0.8647651281480655
                },
                "metadata": {
                    "trials": 1
                }
            },
            {
                "query": {
                    "x": 0.5547420752378746
                },
                "metrics": {
                    "outcome": -0.8520313918956839
                },
                "metadata": {
                    "trials": 1
                }
            },
            {
                "query": {
                    "x": 0.5423883711329444
                },
                "metrics": {
                    "outcome": -0.8517658360987388
                },
                "metadata": {
                    "trials": 1
                }
            },
            {
                "query": {
                    "x": 0.5584929130980024
                },
                "metrics": {
                    "outcome": -0.8255914032643654
                },
                "metadata": {
                    "trials": 1
                }
            }
        ],
        [
            {
                "query": {
                    "x": 0.548559874926343
                },
                "metrics": {
                    "outcome": -0.8690111292569863
                },
                "metadata": {
                    "trials": 1
                }
            },
            {
                "query": {
                    "x": 0.5515951051518743
                },
                "metrics": {
                    "outcome": -0.8648961698587412
                },
                "metadata": {
                    "trials": 1
                }
            },
            {
                "query": {
                    "x": 0.5454990423992602
                },
                "metrics": {
                    "outcome": -0.8647721451942828
                },
                "metadata": {
                    "trials": 1
                }
            },
            {
                "query": {
                    "x": 0.5547017368559203
                },
                "metrics": {
                    "outcome": -0.8522507962320306
                },
                "metadata": {
                    "trials": 1
                }
            },
            {
                "query": {
                    "x": 0.5423939321547516
                },
                "metrics": {
                    "outcome": -0.8517969166940464
                },
                "metadata": {
                    "trials": 1
                }
            },
            {
                "query": {
                    "x": 0.558436286252964
                },
                "metrics": {
                    "outcome": -0.8260780709683562
                },
                "metadata": {
                    "trials": 1
                }
            }
        ]
    ],
    "best_results": [
        {
            "query": {
                "x": 0.5485632914658545
            },
            "metrics": [
                {
                    "name": "outcome",
                    "value": -0.8690111349789598
                }
            ]
        }
    ]
}