{
    "date": "04/11/2022 16:32:12",
    "basic_params": {
        "active_variables": [
            "x1",
            "x2"
        ],
        "default_query": {},
        "metric": "basic",
        "n_trials": 1
    },
    "objective_function": {
        "name": "Branin",
        "params": {}
    },
    "optimizer": {
        "name": "BBO-LP(LCBa)-FoD",
        "params": {
            "lower_bound": [
                -5.0,
                0.0
            ],
            "upper_bound": [
                10.0,
                15.0
            ],
            "invert_metric": false,
            "bopt_params": {
                "n_init_samples": 15,
                "n_iterations": 45,
                "n_iter_relearn": 5,
                "verbose_level": 0,
                "n_parallel_samples": 3,
                "fixed_dataset_size": 50,
                "par_type": "PAR_BBO",
                "crit_name": "cLP(cLCBa)",
                "n_crit_params": 3,
                "crit_params": [
                    3,
                    1,
                    5.0
                ]
            }
        }
    },
    "iterations": [
        [
            {
                "query": {
                    "x1": 7.886285569053143,
                    "x2": 1.6362099207472056
                },
                "metrics": {
                    "outcome": 9.713334011312705
                },
                "metadata": {
                    "trials": 1
                }
            }
        ],
        [
            {
                "query": {
                    "x1": 1.764625427313149,
                    "x2": 6.9325975379906595
                },
                "metrics": {
                    "outcome": 19.298169609369815
                },
                "metadata": {
                    "trials": 1
                }
            }
        ],
        [
            {
                "query": {
                    "x1": -0.8804554594680667,
                    "x2": 3.9762296783737843
                },
                "metrics": {
                    "outcome": 28.54168028573176
                },
                "metadata": {
                    "trials": 1
                }
            }
        ],
        [
            {
                "query": {
                    "x1": 3.4306103528942913,
                    "x2": 11.960626276908442
                },
                "metrics": {
                    "outcome": 98.81066509740845
                },
                "metadata": {
                    "trials": 1
                }
            }
        ],
        [
            {
                "query": {
                    "x1": 6.352089085383341,
                    "x2": 13.276847381377593
                },
                "metrics": {
                    "outcome": 167.78659627339127
                },
                "metadata": {
                    "trials": 1
                }
            }
        ],
        [
            {
                "query": {
                    "x1": 2.91624936577864,
                    "x2": 7.5000276684295395
                },
                "metrics": {
                    "outcome": 26.069796054093576
                },
                "metadata": {
                    "trials": 1
                }
            }
        ],
        [
            {
                "query": {
                    "x1": 0.7256777500733733,
                    "x2": 5.935174906626344
                },
                "metrics": {
                    "outcome": 18.227541418774585
                },
                "metadata": {
                    "trials": 1
                }
            }
        ],
        [
            {
                "query": {
                    "x1": -2.151618508156389,
                    "x2": 14.194360021268949
                },
                "metrics": {
                    "outcome": 22.135943581324774
                },
                "metadata": {
                    "trials": 1
                }
            }
        ],
        [
            {
                "query": {
                    "x1": -1.4045845791697502,
                    "x2": 10.305418777978048
                },
                "metrics": {
                    "outcome": 14.883198398232047
                },
                "metadata": {
                    "trials": 1
                }
            }
        ],
        [
            {
                "query": {
                    "x1": 8.397667663171887,
                    "x2": 2.8625487147364765
                },
                "metrics": {
                    "outcome": 6.282035148473026
                },
                "metadata": {
                    "trials": 1
                }
            }
        ],
        [
            {
                "query": {
                    "x1": 9.12566137057729,
                    "x2": 4.903089138679206
                },
                "metrics": {
                    "outcome": 7.9469663234281605
                },
                "metadata": {
                    "trials": 1
                }
            }
        ],
        [
            {
                "query": {
                    "x1": 5.955903391120955,
                    "x2": 8.382521284045652
                },
                "metrics": {
                    "outcome": 72.07774888163914
                },
                "metadata": {
                    "trials": 1
                }
            }
        ],
        [
            {
                "query": {
                    "x1": -3.5083554638549685,
                    "x2": 12.406869444064796
                },
                "metrics": {
                    "outcome": 1.6246709394274461
                },
                "metadata": {
                    "trials": 1
                }
            }
        ],
        [
            {
                "query": {
                    "x1": -4.966754486318678,
                    "x2": 9.60920718475245
                },
                "metrics": {
                    "outcome": 68.40303461848185
                },
                "metadata": {
                    "trials": 1
                }
            }
        ],
        [
            {
                "query": {
                    "x1": 4.264787786407396,
                    "x2": 0.13671863917261362
                },
                "metrics": {
                    "outcome": 7.875707952797969
                },
                "metadata": {
                    "trials": 1
                }
            }
        ],
        [
            {
                "query": {
                    "x1": -3.7162440697298305,
                    "x2": 13.554051396315703
                },
                "metrics": {
                    "outcome": 1.9610800375619224
                },
                "metadata": {
                    "trials": 1
                }
            },
            {
                "query": {
                    "x1": -3.719859154276689,
                    "x2": 13.564473293971128
                },
                "metrics": {
                    "outcome": 1.9796559391896995
                },
                "metadata": {
                    "trials": 1
                }
            },
            {
                "query": {
                    "x1": -3.712628197181896,
                    "x2": 13.543630309405238
                },
                "metrics": {
                    "outcome": 1.9426083996406902
                },
                "metadata": {
                    "trials": 1
                }
            }
        ],
        [
            {
                "query": {
                    "x1": 10.0,
                    "x2": 1.4324690569170602
                },
                "metrics": {
                    "outcome": 4.409571802224512
                },
                "metadata": {
                    "trials": 1
                }
            },
            {
                "query": {
                    "x1": 10.0,
                    "x2": 1.3557526605161012
                },
                "metrics": {
                    "outcome": 4.65642149829626
                },
                "metadata": {
                    "trials": 1
                }
            },
            {
                "query": {
                    "x1": 10.0,
                    "x2": 1.508688990183298
                },
                "metrics": {
                    "outcome": 4.175976368199156
                },
                "metadata": {
                    "trials": 1
                }
            }
        ],
        [
            {
                "query": {
                    "x1": -3.323794243319645,
                    "x2": 12.669079658276932
                },
                "metrics": {
                    "outcome": 0.5591415771953869
                },
                "metadata": {
                    "trials": 1
                }
            },
            {
                "query": {
                    "x1": -3.326566018159406,
                    "x2": 12.677189223312517
                },
                "metrics": {
                    "outcome": 0.5638754333745819
                },
                "metadata": {
                    "trials": 1
                }
            },
            {
                "query": {
                    "x1": -3.3210218462247942,
                    "x2": 12.660973252836152
                },
                "metrics": {
                    "outcome": 0.5544824055642472
                },
                "metadata": {
                    "trials": 1
                }
            }
        ],
        [
            {
                "query": {
                    "x1": -3.260866988523606,
                    "x2": 12.507427077781182
                },
                "metrics": {
                    "outcome": 0.4692502371973095
                },
                "metadata": {
                    "trials": 1
                }
            },
            {
                "query": {
                    "x1": -3.264249093436981,
                    "x2": 12.516648073764518
                },
                "metrics": {
                    "outcome": 0.47305934467287436
                },
                "metadata": {
                    "trials": 1
                }
            },
            {
                "query": {
                    "x1": -3.2574112739652743,
                    "x2": 12.49834288506059
                },
                "metrics": {
                    "outcome": 0.4654348237837098
                },
                "metadata": {
                    "trials": 1
                }
            }
        ],
        [
            {
                "query": {
                    "x1": -3.192000425900569,
                    "x2": 12.389866114759156
                },
                "metrics": {
                    "outcome": 0.4101276017561375
                },
                "metadata": {
                    "trials": 1
                }
            },
            {
                "query": {
                    "x1": -3.194127419385032,
                    "x2": 12.397090265082797
                },
                "metrics": {
                    "outcome": 0.41115518314585486
                },
                "metadata": {
                    "trials": 1
                }
            },
            {
                "query": {
                    "x1": -3.1898236275097753,
                    "x2": 12.38267119682136
                },
                "metrics": {
                    "outcome": 0.40912646895039373
                },
                "metadata": {
                    "trials": 1
                }
            }
        ],
        [
            {
                "query": {
                    "x1": -5.0,
                    "x2": 1.1250000007379675e-15
                },
                "metrics": {
                    "outcome": 308.12909601160663
                },
                "metadata": {
                    "trials": 1
                }
            },
            {
                "query": {
                    "x1": -4.860326511860249,
                    "x2": 0.0
                },
                "metrics": {
                    "outcome": 293.22361904643793
                },
                "metadata": {
                    "trials": 1
                }
            },
            {
                "query": {
                    "x1": -5.0,
                    "x2": 0.13741478579803537
                },
                "metrics": {
                    "outcome": 303.4243840813968
                },
                "metadata": {
                    "trials": 1
                }
            }
        ],
        [
            {
                "query": {
                    "x1": 10.0,
                    "x2": 3.404720074888419
                },
                "metrics": {
                    "outcome": 2.1045545484551784
                },
                "metadata": {
                    "trials": 1
                }
            },
            {
                "query": {
                    "x1": 9.999999999999886,
                    "x2": 3.4321714170099225
                },
                "metrics": {
                    "outcome": 2.127366017555161
                },
                "metadata": {
                    "trials": 1
                }
            },
            {
                "query": {
                    "x1": 10.0,
                    "x2": 3.377274645716128
                },
                "metrics": {
                    "outcome": 2.083254658335404
                },
                "metadata": {
                    "trials": 1
                }
            }
        ],
        [
            {
                "query": {
                    "x1": -3.0729443083039873,
                    "x2": 12.320863390626771
                },
                "metrics": {
                    "outcome": 0.4647018323604897
                },
                "metadata": {
                    "trials": 1
                }
            },
            {
                "query": {
                    "x1": -3.0711607076838563,
                    "x2": 12.317227222563748
                },
                "metrics": {
                    "outcome": 0.4661521569793301
                },
                "metadata": {
                    "trials": 1
                }
            },
            {
                "query": {
                    "x1": -3.0747418799215933,
                    "x2": 12.324492948700007
                },
                "metrics": {
                    "outcome": 0.4632566955660984
                },
                "metadata": {
                    "trials": 1
                }
            }
        ],
        [
            {
                "query": {
                    "x1": -3.1387289929045568,
                    "x2": 12.293114279137793
                },
                "metrics": {
                    "outcome": 0.39855149317108385
                },
                "metadata": {
                    "trials": 1
                }
            },
            {
                "query": {
                    "x1": -3.1377933954769777,
                    "x2": 12.290995410631341
                },
                "metrics": {
                    "outcome": 0.3985878769084277
                },
                "metadata": {
                    "trials": 1
                }
            },
            {
                "query": {
                    "x1": -3.1392807273221814,
                    "x2": 12.296543580432225
                },
                "metrics": {
                    "outcome": 0.3986473753314588
                },
                "metadata": {
                    "trials": 1
                }
            }
        ],
        [
            {
                "query": {
                    "x1": -3.148350884478713,
                    "x2": 12.32915168836004
                },
                "metrics": {
                    "outcome": 0.39954336263092394
                },
                "metadata": {
                    "trials": 1
                }
            },
            {
                "query": {
                    "x1": -3.1480354961293084,
                    "x2": 12.328274338329027
                },
                "metrics": {
                    "outcome": 0.39951437742446316
                },
                "metadata": {
                    "trials": 1
                }
            },
            {
                "query": {
                    "x1": -3.148667178336425,
                    "x2": 12.330028359421217
                },
                "metrics": {
                    "outcome": 0.39957317350498656
                },
                "metadata": {
                    "trials": 1
                }
            }
        ],
        [
            {
                "query": {
                    "x1": 10.0,
                    "x2": 15.0
                },
                "metrics": {
                    "outcome": 145.87219087939556
                },
                "metadata": {
                    "trials": 1
                }
            },
            {
                "query": {
                    "x1": 10.0,
                    "x2": 14.98293698984625
                },
                "metrics": {
                    "outcome": 145.46307067919048
                },
                "metadata": {
                    "trials": 1
                }
            },
            {
                "query": {
                    "x1": 10.0,
                    "x2": 14.965877836334155
                },
                "metrics": {
                    "outcome": 145.05462504500215
                },
                "metadata": {
                    "trials": 1
                }
            }
        ],
        [
            {
                "query": {
                    "x1": 0.5528836781795707,
                    "x2": 15.0
                },
                "metrics": {
                    "outcome": 115.00603568948588
                },
                "metadata": {
                    "trials": 1
                }
            },
            {
                "query": {
                    "x1": 0.5696547828810639,
                    "x2": 15.0
                },
                "metrics": {
                    "outcome": 115.39836946324809
                },
                "metadata": {
                    "trials": 1
                }
            },
            {
                "query": {
                    "x1": 0.5361117918052214,
                    "x2": 15.0
                },
                "metrics": {
                    "outcome": 114.61113548503708
                },
                "metadata": {
                    "trials": 1
                }
            }
        ],
        [
            {
                "query": {
                    "x1": 1.5579251509695737,
                    "x2": 0.0
                },
                "metrics": {
                    "outcome": 24.823394659566137
                },
                "metadata": {
                    "trials": 1
                }
            },
            {
                "query": {
                    "x1": 1.539126545259263,
                    "x2": 0.0
                },
                "metrics": {
                    "outcome": 25.176102687557282
                },
                "metadata": {
                    "trials": 1
                }
            },
            {
                "query": {
                    "x1": 1.5767104949015405,
                    "x2": 0.0
                },
                "metrics": {
                    "outcome": 24.47258938385668
                },
                "metadata": {
                    "trials": 1
                }
            }
        ],
        [
            {
                "query": {
                    "x1": -2.013614572250856,
                    "x2": 4.342424351742747
                },
                "metrics": {
                    "outcome": 34.89611724763973
                },
                "metadata": {
                    "trials": 1
                }
            },
            {
                "query": {
                    "x1": -2.0082421534714157,
                    "x2": 4.323799832579936
                },
                "metrics": {
                    "outcome": 35.02129214892202
                },
                "metadata": {
                    "trials": 1
                }
            },
            {
                "query": {
                    "x1": -2.0029990599888703,
                    "x2": 4.305552588351588
                },
                "metrics": {
                    "outcome": 35.14451446566307
                },
                "metadata": {
                    "trials": 1
                }
            }
        ],
        [
            {
                "query": {
                    "x1": 1.9466931695676442,
                    "x2": 7.098244551403558
                },
                "metrics": {
                    "outcome": 20.216428261816365
                },
                "metadata": {
                    "trials": 1
                }
            },
            {
                "query": {
                    "x1": 1.94694434679659,
                    "x2": 7.0789761595014555
                },
                "metrics": {
                    "outcome": 20.073719167718192
                },
                "metadata": {
                    "trials": 1
                }
            },
            {
                "query": {
                    "x1": 1.946706111774259,
                    "x2": 7.11751765130381
                },
                "metrics": {
                    "outcome": 20.35967769842862
                },
                "metadata": {
                    "trials": 1
                }
            }
        ],
        [
            {
                "query": {
                    "x1": 4.8800048018780515,
                    "x2": 15.0
                },
                "metrics": {
                    "outcome": 199.0265619846338
                },
                "metadata": {
                    "trials": 1
                }
            },
            {
                "query": {
                    "x1": 4.8987056798731725,
                    "x2": 14.999999999999746
                },
                "metrics": {
                    "outcome": 199.37145953820027
                },
                "metadata": {
                    "trials": 1
                }
            },
            {
                "query": {
                    "x1": 4.861334624488784,
                    "x2": 15.0
                },
                "metrics": {
                    "outcome": 198.67928011767938
                },
                "metadata": {
                    "trials": 1
                }
            }
        ],
        [
            {
                "query": {
                    "x1": 6.933204725304682,
                    "x2": 6.7944971938325285
                },
                "metrics": {
                    "outcome": 49.21963740691548
                },
                "metadata": {
                    "trials": 1
                }
            },
            {
                "query": {
                    "x1": 6.942522553942371,
                    "x2": 6.818009272439079
                },
                "metrics": {
                    "outcome": 49.40881975477927
                },
                "metadata": {
                    "trials": 1
                }
            },
            {
                "query": {
                    "x1": 6.9240768419113845,
                    "x2": 6.770897906109155
                },
                "metrics": {
                    "outcome": 49.027990370161206
                },
                "metadata": {
                    "trials": 1
                }
            }
        ],
        [
            {
                "query": {
                    "x1": -5.0,
                    "x2": 9.241323685532214
                },
                "metrics": {
                    "outcome": 75.86324751172634
                },
                "metadata": {
                    "trials": 1
                }
            },
            {
                "query": {
                    "x1": -4.99962573343895,
                    "x2": 9.21771849370175
                },
                "metrics": {
                    "outcome": 76.21829425582024
                },
                "metadata": {
                    "trials": 1
                }
            },
            {
                "query": {
                    "x1": -5.0,
                    "x2": 9.264921563919634
                },
                "metrics": {
                    "outcome": 75.48878517988179
                },
                "metadata": {
                    "trials": 1
                }
            }
        ],
        [
            {
                "query": {
                    "x1": 5.97902965413642,
                    "x2": 0.0
                },
                "metrics": {
                    "outcome": 20.376375010604693
                },
                "metadata": {
                    "trials": 1
                }
            },
            {
                "query": {
                    "x1": 5.955488110637347,
                    "x2": 0.0
                },
                "metrics": {
                    "outcome": 20.308729611805624
                },
                "metadata": {
                    "trials": 1
                }
            },
            {
                "query": {
                    "x1": 6.002576375795099,
                    "x2": 0.0002448077284794051
                },
                "metrics": {
                    "outcome": 20.43873565065182
                },
                "metadata": {
                    "trials": 1
                }
            }
        ],
        [
            {
                "query": {
                    "x1": 10.0,
                    "x2": 0.0
                },
                "metrics": {
                    "outcome": 10.960889035651505
                },
                "metadata": {
                    "trials": 1
                }
            },
            {
                "query": {
                    "x1": 9.979889381072852,
                    "x2": 0.0
                },
                "metrics": {
                    "outcome": 10.738348864557041
                },
                "metadata": {
                    "trials": 1
                }
            },
            {
                "query": {
                    "x1": 10.0,
                    "x2": 0.0199172857055959
                },
                "metrics": {
                    "outcome": 10.841664244586497
                },
                "metadata": {
                    "trials": 1
                }
            }
        ],
        [
            {
                "query": {
                    "x1": -4.758361898401619,
                    "x2": 15.0
                },
                "metrics": {
                    "outcome": 12.685779590646407
                },
                "metadata": {
                    "trials": 1
                }
            },
            {
                "query": {
                    "x1": -4.782204217290453,
                    "x2": 15.0
                },
                "metrics": {
                    "outcome": 13.12060887020708
                },
                "metadata": {
                    "trials": 1
                }
            },
            {
                "query": {
                    "x1": -4.7346323753441,
                    "x2": 14.999999999999973
                },
                "metrics": {
                    "outcome": 12.262178499500928
                },
                "metadata": {
                    "trials": 1
                }
            }
        ],
        [
            {
                "query": {
                    "x1": -1.1226237333547768,
                    "x2": 9.615521599165247
                },
                "metrics": {
                    "outcome": 16.936341172438084
                },
                "metadata": {
                    "trials": 1
                }
            },
            {
                "query": {
                    "x1": -1.1280249004463756,
                    "x2": 9.637348060916347
                },
                "metrics": {
                    "outcome": 16.928526636952846
                },
                "metadata": {
                    "trials": 1
                }
            },
            {
                "query": {
                    "x1": -1.1174922081809715,
                    "x2": 9.593631311479042
                },
                "metrics": {
                    "outcome": 16.94006548406694
                },
                "metadata": {
                    "trials": 1
                }
            }
        ],
        [
            {
                "query": {
                    "x1": 10.0,
                    "x2": 10.557669660687969
                },
                "metrics": {
                    "outcome": 59.01683001351742
                },
                "metadata": {
                    "trials": 1
                }
            },
            {
                "query": {
                    "x1": 10.0,
                    "x2": 10.53254509617266
                },
                "metrics": {
                    "outcome": 58.63784350614542
                },
                "metadata": {
                    "trials": 1
                }
            },
            {
                "query": {
                    "x1": 10.0,
                    "x2": 10.582792206809856
                },
                "metrics": {
                    "outcome": 59.39704841018887
                },
                "metadata": {
                    "trials": 1
                }
            }
        ],
        [
            {
                "query": {
                    "x1": 8.888771478178374,
                    "x2": 1.9572940700954942
                },
                "metrics": {
                    "outcome": 1.7550800534624784
                },
                "metadata": {
                    "trials": 1
                }
            },
            {
                "query": {
                    "x1": 8.842896422406627,
                    "x2": 2.030219133816126
                },
                "metrics": {
                    "outcome": 1.978111962461524
                },
                "metadata": {
                    "trials": 1
                }
            },
            {
                "query": {
                    "x1": 8.92988343978959,
                    "x2": 1.8823867759290522
                },
                "metrics": {
                    "outcome": 1.5927261398760368
                },
                "metadata": {
                    "trials": 1
                }
            }
        ],
        [
            {
                "query": {
                    "x1": 10.0,
                    "x2": 2.3327645313762537
                },
                "metrics": {
                    "outcome": 2.3922980787135657
                },
                "metadata": {
                    "trials": 1
                }
            },
            {
                "query": {
                    "x1": 10.0,
                    "x2": 2.4040812410342136
                },
                "metrics": {
                    "outcome": 2.3017923647008782
                },
                "metadata": {
                    "trials": 1
                }
            },
            {
                "query": {
                    "x1": 10.0,
                    "x2": 2.2617347612134493
                },
                "metrics": {
                    "outcome": 2.492550484901429
                },
                "metadata": {
                    "trials": 1
                }
            }
        ],
        [
            {
                "query": {
                    "x1": -3.8215351062992307,
                    "x2": 12.445454866111227
                },
                "metrics": {
                    "outcome": 4.853860016731149
                },
                "metadata": {
                    "trials": 1
                }
            },
            {
                "query": {
                    "x1": -3.852453459770458,
                    "x2": 12.46313688130802
                },
                "metrics": {
                    "outcome": 5.2373623012393935
                },
                "metadata": {
                    "trials": 1
                }
            },
            {
                "query": {
                    "x1": -3.7903935129927393,
                    "x2": 12.42820683543786
                },
                "metrics": {
                    "outcome": 4.481708449867943
                },
                "metadata": {
                    "trials": 1
                }
            }
        ],
        [
            {
                "query": {
                    "x1": -2.8513959852001873,
                    "x2": 12.031282383436553
                },
                "metrics": {
                    "outcome": 0.9954599931215622
                },
                "metadata": {
                    "trials": 1
                }
            },
            {
                "query": {
                    "x1": -2.833625051279402,
                    "x2": 12.028579298032977
                },
                "metrics": {
                    "outcome": 1.0814424502764624
                },
                "metadata": {
                    "trials": 1
                }
            },
            {
                "query": {
                    "x1": -2.869151590968958,
                    "x2": 12.033960294726471
                },
                "metrics": {
                    "outcome": 0.9153500651870257
                },
                "metadata": {
                    "trials": 1
                }
            }
        ],
        [
            {
                "query": {
                    "x1": -3.4224544774401573,
                    "x2": 11.880851462430131
                },
                "metrics": {
                    "outcome": 1.9390536529432438
                },
                "metadata": {
                    "trials": 1
                }
            },
            {
                "query": {
                    "x1": -3.4320528588032033,
                    "x2": 11.881131317225648
                },
                "metrics": {
                    "outcome": 2.0162956571260198
                },
                "metadata": {
                    "trials": 1
                }
            },
            {
                "query": {
                    "x1": -3.4128583941120345,
                    "x2": 11.880547288807154
                },
                "metrics": {
                    "outcome": 1.863885248951151
                },
                "metadata": {
                    "trials": 1
                }
            }
        ],
        [
            {
                "query": {
                    "x1": -5.0,
                    "x2": 0.0
                },
                "metrics": {
                    "outcome": 308.12909601160663
                },
                "metadata": {
                    "trials": 1
                }
            },
            {
                "query": {
                    "x1": -5.0,
                    "x2": 0.10028405547316808
                },
                "metrics": {
                    "outcome": 304.6919165994617
                },
                "metadata": {
                    "trials": 1
                }
            },
            {
                "query": {
                    "x1": -4.9016742899844905,
                    "x2": 0.0
                },
                "metrics": {
                    "outcome": 297.58901007718373
                },
                "metadata": {
                    "trials": 1
                }
            }
        ],
        [
            {
                "query": {
                    "x1": 0.14142316490641527,
                    "x2": 15.0
                },
                "metrics": {
                    "outcome": 104.56072207050359
                },
                "metadata": {
                    "trials": 1
                }
            },
            {
                "query": {
                    "x1": 0.15955815593877443,
                    "x2": 15.0
                },
                "metrics": {
                    "outcome": 105.05477547969312
                },
                "metadata": {
                    "trials": 1
                }
            },
            {
                "query": {
                    "x1": 0.12326673672317678,
                    "x2": 15.0
                },
                "metrics": {
                    "outcome": 104.06297602400645
                },
                "metadata": {
                    "trials": 1
                }
            }
        ],
        [
            {
                "query": {
                    "x1": 1.4953148463120547,
                    "x2": 0.0
                },
                "metrics": {
                    "outcome": 26.004255342253337
                },
                "metadata": {
                    "trials": 1
                }
            },
            {
                "query": {
                    "x1": 1.5265232785572103,
                    "x2": 0.0003751176187967907
                },
                "metrics": {
                    "outcome": 25.410567990482754
                },
                "metadata": {
                    "trials": 1
                }
            },
            {
                "query": {
                    "x1": 1.4640826401324274,
                    "x2": 0.0003751269927870689
                },
                "metrics": {
                    "outcome": 26.596623634876245
                },
                "metadata": {
                    "trials": 1
                }
            }
        ],
        [
            {
                "query": {
                    "x1": -1.4010494496051167,
                    "x2": 4.2174645220794265
                },
                "metrics": {
                    "outcome": 29.82049573093545
                },
                "metadata": {
                    "trials": 1
                }
            },
            {
                "query": {
                    "x1": -1.3929983964156687,
                    "x2": 4.200047850645645
                },
                "metrics": {
                    "outcome": 29.9111200115288
                },
                "metadata": {
                    "trials": 1
                }
            },
            {
                "query": {
                    "x1": -1.409475831707129,
                    "x2": 4.234710478895359
                },
                "metrics": {
                    "outcome": 29.73407472541262
                },
                "metadata": {
                    "trials": 1
                }
            }
        ],
        [
            {
                "query": {
                    "x1": 2.737764707964695,
                    "x2": 7.3074100522408925
                },
                "metrics": {
                    "outcome": 23.2265521764067
                },
                "metadata": {
                    "trials": 1
                }
            },
            {
                "query": {
                    "x1": 2.7431480013911553,
                    "x2": 7.2922924834541405
                },
                "metrics": {
                    "outcome": 23.109152951880425
                },
                "metadata": {
                    "trials": 1
                }
            },
            {
                "query": {
                    "x1": 2.7487911984116513,
                    "x2": 7.277573049899544
                },
                "metrics": {
                    "outcome": 22.997064984164503
                },
                "metadata": {
                    "trials": 1
                }
            }
        ],
        [
            {
                "query": {
                    "x1": 5.178312840868937,
                    "x2": 14.999616333022454
                },
                "metrics": {
                    "outcome": 204.12178833060614
                },
                "metadata": {
                    "trials": 1
                }
            },
            {
                "query": {
                    "x1": 5.161891338436073,
                    "x2": 14.999621499437868
                },
                "metrics": {
                    "outcome": 203.86477525239374
                },
                "metadata": {
                    "trials": 1
                }
            },
            {
                "query": {
                    "x1": 5.1947366966945605,
                    "x2": 14.999621473949587
                },
                "metrics": {
                    "outcome": 204.3760732829
                },
                "metadata": {
                    "trials": 1
                }
            }
        ],
        [
            {
                "query": {
                    "x1": 6.943986792668797,
                    "x2": 6.047735695349125
                },
                "metrics": {
                    "outcome": 41.30061958551673
                },
                "metadata": {
                    "trials": 1
                }
            },
            {
                "query": {
                    "x1": 6.939497966328723,
                    "x2": 6.027947621247862
                },
                "metrics": {
                    "outcome": 41.143437607644444
                },
                "metadata": {
                    "trials": 1
                }
            },
            {
                "query": {
                    "x1": 6.947567034475293,
                    "x2": 6.067701231154638
                },
                "metrics": {
                    "outcome": 41.467237544246
                },
                "metadata": {
                    "trials": 1
                }
            }
        ],
        [
            {
                "query": {
                    "x1": -5.0,
                    "x2": 7.287824178342244
                },
                "metrics": {
                    "outcome": 110.72456342881087
                },
                "metadata": {
                    "trials": 1
                }
            },
            {
                "query": {
                    "x1": -5.0,
                    "x2": 7.307921294857531
                },
                "metrics": {
                    "outcome": 110.32706307788776
                },
                "metadata": {
                    "trials": 1
                }
            },
            {
                "query": {
                    "x1": -5.0,
                    "x2": 7.267724354771969
                },
                "metrics": {
                    "outcome": 111.12292527390872
                },
                "metadata": {
                    "trials": 1
                }
            }
        ],
        [
            {
                "query": {
                    "x1": 5.611316489645583,
                    "x2": 0.0
                },
                "metrics": {
                    "outcome": 18.80779416791412
                },
                "metadata": {
                    "trials": 1
                }
            },
            {
                "query": {
                    "x1": 5.591749088609648,
                    "x2": 0.0
                },
                "metrics": {
                    "outcome": 18.695839679172728
                },
                "metadata": {
                    "trials": 1
                }
            },
            {
                "query": {
                    "x1": 5.630900955890279,
                    "x2": 0.0
                },
                "metrics": {
                    "outcome": 18.917205818818395
                },
                "metadata": {
                    "trials": 1
                }
            }
        ],
        [
            {
                "query": {
                    "x1": 3.6996427672389434,
                    "x2": 3.297612833533462
                },
                "metrics": {
                    "outcome": 3.864171840923592
                },
                "metadata": {
                    "trials": 1
                }
            },
            {
                "query": {
                    "x1": 10.0,
                    "x2": 5.354321165561253
                },
                "metrics": {
                    "outcome": 7.472055958568702
                },
                "metadata": {
                    "trials": 1
                }
            },
            {
                "query": {
                    "x1": 10.0,
                    "x2": 5.335422080161174
                },
                "metrics": {
                    "outcome": 7.38353585473201
                },
                "metadata": {
                    "trials": 1
                }
            }
        ],
        [
            {
                "query": {
                    "x1": 9.244747619557957,
                    "x2": 15.0
                },
                "metrics": {
                    "outcome": 161.14970046403428
                },
                "metadata": {
                    "trials": 1
                }
            },
            {
                "query": {
                    "x1": 9.26431143004986,
                    "x2": 15.0
                },
                "metrics": {
                    "outcome": 160.7216677905063
                },
                "metadata": {
                    "trials": 1
                }
            },
            {
                "query": {
                    "x1": 9.22524962256604,
                    "x2": 15.0
                },
                "metrics": {
                    "outcome": 161.57788071117258
                },
                "metadata": {
                    "trials": 1
                }
            }
        ],
        [
            {
                "query": {
                    "x1": -3.1802959423131902,
                    "x2": 15.0
                },
                "metrics": {
                    "outcome": 7.331413682130763
                },
                "metadata": {
                    "trials": 1
                }
            },
            {
                "query": {
                    "x1": -3.1929841309482163,
                    "x2": 15.0
                },
                "metrics": {
                    "outcome": 7.176560330781842
                },
                "metadata": {
                    "trials": 1
                }
            },
            {
                "query": {
                    "x1": -3.1676110551747483,
                    "x2": 15.0
                },
                "metrics": {
                    "outcome": 7.4894263456512284
                },
                "metadata": {
                    "trials": 1
                }
            }
        ],
        [
            {
                "query": {
                    "x1": -0.6970141792597655,
                    "x2": 9.305571598984102
                },
                "metrics": {
                    "outcome": 21.914264275602115
                },
                "metadata": {
                    "trials": 1
                }
            },
            {
                "query": {
                    "x1": -0.7032942726419309,
                    "x2": 9.284762754585177
                },
                "metrics": {
                    "outcome": 21.740143205971254
                },
                "metadata": {
                    "trials": 1
                }
            },
            {
                "query": {
                    "x1": -0.6902259415762497,
                    "x2": 9.32621878283473
                },
                "metrics": {
                    "outcome": 22.096394309787147
                },
                "metadata": {
                    "trials": 1
                }
            }
        ],
        [
            {
                "query": {
                    "x1": 10.0,
                    "x2": 9.545886675157965
                },
                "metrics": {
                    "outcome": 44.753074563134454
                },
                "metadata": {
                    "trials": 1
                }
            },
            {
                "query": {
                    "x1": 10.0,
                    "x2": 9.567032483587484
                },
                "metrics": {
                    "outcome": 45.03023280000237
                },
                "metadata": {
                    "trials": 1
                }
            },
            {
                "query": {
                    "x1": 10.0,
                    "x2": 9.524735065467874
                },
                "metrics": {
                    "outcome": 44.47673494758868
                },
                "metadata": {
                    "trials": 1
                }
            }
        ],
        [
            {
                "query": {
                    "x1": 9.999999999999998,
                    "x2": 7.177544725600939e-16
                },
                "metrics": {
                    "outcome": 10.960889035651494
                },
                "metadata": {
                    "trials": 1
                }
            },
            {
                "query": {
                    "x1": 10.0,
                    "x2": 0.02136567679311207
                },
                "metrics": {
                    "outcome": 10.833025127295082
                },
                "metadata": {
                    "trials": 1
                }
            },
            {
                "query": {
                    "x1": 10.0,
                    "x2": 0.04272557074194001
                },
                "metrics": {
                    "outcome": 10.706108440305105
                },
                "metadata": {
                    "trials": 1
                }
            }
        ],
        [
            {
                "query": {
                    "x1": -5.0,
                    "x2": 14.999999999999943
                },
                "metrics": {
                    "outcome": 17.508299515778415
                },
                "metadata": {
                    "trials": 1
                }
            },
            {
                "query": {
                    "x1": -5.0,
                    "x2": 14.982967226424469
                },
                "metrics": {
                    "outcome": 17.58310324239114
                },
                "metadata": {
                    "trials": 1
                }
            },
            {
                "query": {
                    "x1": -4.9832938826609485,
                    "x2": 15.0
                },
                "metrics": {
                    "outcome": 17.14584464363221
                },
                "metadata": {
                    "trials": 1
                }
            }
        ],
        [
            {
                "query": {
                    "x1": 10.0,
                    "x2": 2.847549674728283
                },
                "metrics": {
                    "outcome": 1.9672919769272497
                },
                "metadata": {
                    "trials": 1
                }
            },
            {
                "query": {
                    "x1": 10.0,
                    "x2": 2.8214782482491176
                },
                "metrics": {
                    "outcome": 1.976075056930645
                },
                "metadata": {
                    "trials": 1
                }
            },
            {
                "query": {
                    "x1": 9.999624968838322,
                    "x2": 2.873601357222009
                },
                "metrics": {
                    "outcome": 1.9578188211049508
                },
                "metadata": {
                    "trials": 1
                }
            }
        ]
    ],
    "best_results": [
        {
            "query": {
                "x1": -3.1387289929045568,
                "x2": 12.293114279137793
            },
            "metrics": [
                {
                    "name": "outcome",
                    "value": 0.39855149317108385
                }
            ]
        }
    ]
}