{
    "date": "05/11/2022 12:08:23",
    "basic_params": {
        "active_variables": [
            "x1",
            "x2"
        ],
        "default_query": {},
        "metric": "basic",
        "n_trials": 1
    },
    "objective_function": {
        "name": "McCormick",
        "params": {}
    },
    "optimizer": {
        "name": "BBO-LP(LCBa)",
        "params": {
            "lower_bound": [
                -1.5,
                -3.0
            ],
            "upper_bound": [
                4.0,
                4.0
            ],
            "invert_metric": false,
            "bopt_params": {
                "n_init_samples": 12,
                "n_iterations": 23,
                "n_iter_relearn": 5,
                "verbose_level": 0,
                "n_parallel_samples": 6,
                "par_type": "PAR_BBO",
                "crit_name": "cLP(cLCBa)",
                "n_crit_params": 3,
                "crit_params": [
                    6,
                    1,
                    5.0
                ]
            }
        }
    },
    "iterations": [
        [
            {
                "query": {
                    "x1": 1.820942107345521,
                    "x2": 0.6642834669910371
                },
                "metrics": {
                    "outcome": 1.8773975498965423
                },
                "metadata": {
                    "trials": 1
                }
            }
        ],
        [
            {
                "query": {
                    "x1": -0.8712798100314103,
                    "x2": -1.2938079836118654
                },
                "metrics": {
                    "outcome": -1.5776156164807844
                },
                "metadata": {
                    "trials": 1
                }
            }
        ],
        [
            {
                "query": {
                    "x1": 2.5940630542172585,
                    "x2": 1.1609493147892262
                },
                "metrics": {
                    "outcome": 1.489426627867073
                },
                "metadata": {
                    "trials": 1
                }
            }
        ],
        [
            {
                "query": {
                    "x1": 0.8111947478416068,
                    "x2": 1.9213068353904728
                },
                "metrics": {
                    "outcome": 6.216599378777506
                },
                "metadata": {
                    "trials": 1
                }
            }
        ],
        [
            {
                "query": {
                    "x1": 0.28405428764138674,
                    "x2": 2.61608875754367
                },
                "metrics": {
                    "outcome": 12.791635667085808
                },
                "metadata": {
                    "trials": 1
                }
            }
        ],
        [
            {
                "query": {
                    "x1": 1.5251847364609907,
                    "x2": -2.2536335129601257
                },
                "metrics": {
                    "outcome": 6.691893573986304
                },
                "metadata": {
                    "trials": 1
                }
            }
        ],
        [
            {
                "query": {
                    "x1": 2.808394847001182,
                    "x2": 0.3854147818249958
                },
                "metrics": {
                    "outcome": 3.5695838310736385
                },
                "metadata": {
                    "trials": 1
                }
            }
        ],
        [
            {
                "query": {
                    "x1": -0.3701671836121627,
                    "x2": -0.627969914174173
                },
                "metrics": {
                    "outcome": -0.7886747570383945
                },
                "metadata": {
                    "trials": 1
                }
            }
        ],
        [
            {
                "query": {
                    "x1": 3.3861261431884486,
                    "x2": -0.8726745232900912
                },
                "metrics": {
                    "outcome": 12.464149238713329
                },
                "metadata": {
                    "trials": 1
                }
            }
        ],
        [
            {
                "query": {
                    "x1": -1.1401631002760648,
                    "x2": 3.9597227578439433
                },
                "metrics": {
                    "outcome": 38.93488301192899
                },
                "metadata": {
                    "trials": 1
                }
            }
        ],
        [
            {
                "query": {
                    "x1": 0.39089476371494425,
                    "x2": -2.8461052270916603
                },
                "metrics": {
                    "outcome": 3.142820925922029
                },
                "metadata": {
                    "trials": 1
                }
            }
        ],
        [
            {
                "query": {
                    "x1": 3.97003258386394,
                    "x2": 3.1866747845197096
                },
                "metrics": {
                    "outcome": 4.391882837479291
                },
                "metadata": {
                    "trials": 1
                }
            }
        ],
        [
            {
                "query": {
                    "x1": -1.1426031815230875,
                    "x2": -0.7376566946037295
                },
                "metrics": {
                    "outcome": 0.08124761128739943
                },
                "metadata": {
                    "trials": 1
                }
            },
            {
                "query": {
                    "x1": -1.2315153656878635,
                    "x2": -0.8096056017180557
                },
                "metrics": {
                    "outcome": 0.10984567723408323
                },
                "metadata": {
                    "trials": 1
                }
            },
            {
                "query": {
                    "x1": -1.0508935158000772,
                    "x2": -0.6821333067519424
                },
                "metrics": {
                    "outcome": 0.02012162929288397
                },
                "metadata": {
                    "trials": 1
                }
            },
            {
                "query": {
                    "x1": -1.2262905356230858,
                    "x2": -0.6676289231983925
                },
                "metrics": {
                    "outcome": 0.5342179352513914
                },
                "metadata": {
                    "trials": 1
                }
            },
            {
                "query": {
                    "x1": -1.124642172443124,
                    "x2": -0.6010751777359236
                },
                "metrics": {
                    "outcome": 0.47037399216084796
                },
                "metadata": {
                    "trials": 1
                }
            },
            {
                "query": {
                    "x1": -1.0640115500413332,
                    "x2": -0.812230669771778
                },
                "metrics": {
                    "outcome": -0.32487869681785164
                },
                "metadata": {
                    "trials": 1
                }
            }
        ],
        [
            {
                "query": {
                    "x1": -1.1863768789410107,
                    "x2": -2.2008537979827967
                },
                "metrics": {
                    "outcome": -1.4502305116490106
                },
                "metadata": {
                    "trials": 1
                }
            },
            {
                "query": {
                    "x1": -1.3187984013307446,
                    "x2": -2.2192975936990873
                },
                "metrics": {
                    "outcome": -1.3729522543657602
                },
                "metadata": {
                    "trials": 1
                }
            },
            {
                "query": {
                    "x1": -1.0538180838795497,
                    "x2": -2.2010170125792294
                },
                "metrics": {
                    "outcome": -1.4927494596402218
                },
                "metadata": {
                    "trials": 1
                }
            },
            {
                "query": {
                    "x1": -1.218492603877197,
                    "x2": -2.3623051881381167
                },
                "metrics": {
                    "outcome": -1.3444966583609834
                },
                "metadata": {
                    "trials": 1
                }
            },
            {
                "query": {
                    "x1": -1.2496308138223378,
                    "x2": -2.057644581343224
                },
                "metrics": {
                    "outcome": -1.4518532226427663
                },
                "metadata": {
                    "trials": 1
                }
            },
            {
                "query": {
                    "x1": -1.07675581999009,
                    "x2": -2.356958386774725
                },
                "metrics": {
                    "outcome": -1.3503590795669012
                },
                "metadata": {
                    "trials": 1
                }
            }
        ],
        [
            {
                "query": {
                    "x1": -0.30594334564472225,
                    "x2": -1.5571284564577819
                },
                "metrics": {
                    "outcome": -1.8260326592132206
                },
                "metadata": {
                    "trials": 1
                }
            },
            {
                "query": {
                    "x1": -0.3637482295563397,
                    "x2": -1.664873605605897
                },
                "metrics": {
                    "outcome": -1.8206501652361275
                },
                "metadata": {
                    "trials": 1
                }
            },
            {
                "query": {
                    "x1": -0.23967161085330946,
                    "x2": -1.4586898338300338
                },
                "metrics": {
                    "outcome": -1.7930863382928957
                },
                "metadata": {
                    "trials": 1
                }
            },
            {
                "query": {
                    "x1": -0.3492043445263251,
                    "x2": -1.445495176698526
                },
                "metrics": {
                    "outcome": -1.8631160612425433
                },
                "metadata": {
                    "trials": 1
                }
            },
            {
                "query": {
                    "x1": -0.26155550259917293,
                    "x2": -1.667769598319015
                },
                "metrics": {
                    "outcome": -1.7360667444794977
                },
                "metadata": {
                    "trials": 1
                }
            },
            {
                "query": {
                    "x1": -0.40496487658143154,
                    "x2": -1.551240402461734
                },
                "metrics": {
                    "outcome": -1.8833508794743752
                },
                "metadata": {
                    "trials": 1
                }
            }
        ],
        [
            {
                "query": {
                    "x1": 0.45582826495178996,
                    "x2": -0.5371449374760262
                },
                "metrics": {
                    "outcome": -0.12183604611564425
                },
                "metadata": {
                    "trials": 1
                }
            },
            {
                "query": {
                    "x1": 0.4995597161742411,
                    "x2": -0.3366814943037224
                },
                "metrics": {
                    "outcome": 0.27041505402183763
                },
                "metadata": {
                    "trials": 1
                }
            },
            {
                "query": {
                    "x1": 0.3983395922024737,
                    "x2": -0.7298813788137668
                },
                "metrics": {
                    "outcome": -0.4748315139910333
                },
                "metadata": {
                    "trials": 1
                }
            },
            {
                "query": {
                    "x1": 0.6131846850901632,
                    "x2": -0.5066413637699707
                },
                "metrics": {
                    "outcome": 0.1739718076230239
                },
                "metadata": {
                    "trials": 1
                }
            },
            {
                "query": {
                    "x1": 0.33572566684302974,
                    "x2": -0.4068185070062831
                },
                "metrics": {
                    "outcome": -0.04029588681484597
                },
                "metadata": {
                    "trials": 1
                }
            },
            {
                "query": {
                    "x1": 0.5438761012919975,
                    "x2": -0.7135627809432781
                },
                "metrics": {
                    "outcome": -0.1874420987439951
                },
                "metadata": {
                    "trials": 1
                }
            }
        ],
        [
            {
                "query": {
                    "x1": 2.314198515101538,
                    "x2": 4.0
                },
                "metrics": {
                    "outcome": 10.401637110478806
                },
                "metadata": {
                    "trials": 1
                }
            },
            {
                "query": {
                    "x1": 2.516043613414854,
                    "x2": 4.0
                },
                "metrics": {
                    "outcome": 9.658820762360332
                },
                "metadata": {
                    "trials": 1
                }
            },
            {
                "query": {
                    "x1": 2.112385174388203,
                    "x2": 4.0
                },
                "metrics": {
                    "outcome": 11.22454107476993
                },
                "metadata": {
                    "trials": 1
                }
            },
            {
                "query": {
                    "x1": 2.327821023437036,
                    "x2": 3.7424615870348985
                },
                "metrics": {
                    "outcome": 8.654332411836823
                },
                "metadata": {
                    "trials": 1
                }
            },
            {
                "query": {
                    "x1": 2.1261301663538608,
                    "x2": 3.7424980714345697
                },
                "metrics": {
                    "outcome": 9.376910575811166
                },
                "metadata": {
                    "trials": 1
                }
            },
            {
                "query": {
                    "x1": 2.330807324344553,
                    "x2": 3.479111267591535
                },
                "metrics": {
                    "outcome": 7.06437276509158
                },
                "metadata": {
                    "trials": 1
                }
            }
        ],
        [
            {
                "query": {
                    "x1": -1.4999999999999958,
                    "x2": -3.0
                },
                "metrics": {
                    "outcome": -1.0224698823348977
                },
                "metadata": {
                    "trials": 1
                }
            },
            {
                "query": {
                    "x1": -1.380100297303646,
                    "x2": -3.0
                },
                "metrics": {
                    "outcome": -0.8604762725866166
                },
                "metadata": {
                    "trials": 1
                }
            },
            {
                "query": {
                    "x1": -1.2607862002388728,
                    "x2": -3.0
                },
                "metrics": {
                    "outcome": -0.6842072664140986
                },
                "metadata": {
                    "trials": 1
                }
            },
            {
                "query": {
                    "x1": -1.5,
                    "x2": -2.8630424626728077
                },
                "metrics": {
                    "outcome": -1.110124811732062
                },
                "metadata": {
                    "trials": 1
                }
            },
            {
                "query": {
                    "x1": -1.141414196866677,
                    "x2": -3.0
                },
                "metrics": {
                    "outcome": -0.49216296626091527
                },
                "metadata": {
                    "trials": 1
                }
            },
            {
                "query": {
                    "x1": -1.40000659494879,
                    "x2": -2.864763748841997
                },
                "metrics": {
                    "outcome": -1.0149056005887322
                },
                "metadata": {
                    "trials": 1
                }
            }
        ],
        [
            {
                "query": {
                    "x1": 4.0,
                    "x2": 1.690194573420765
                },
                "metrics": {
                    "outcome": 4.0018438888386445
                },
                "metadata": {
                    "trials": 1
                }
            },
            {
                "query": {
                    "x1": 4.0,
                    "x2": 1.4416002607565455
                },
                "metrics": {
                    "outcome": 4.403709733969993
                },
                "metadata": {
                    "trials": 1
                }
            },
            {
                "query": {
                    "x1": 4.0,
                    "x2": 1.9336526761952468
                },
                "metrics": {
                    "outcome": 3.7614642167621244
                },
                "metadata": {
                    "trials": 1
                }
            },
            {
                "query": {
                    "x1": 3.8167890869975203,
                    "x2": 1.778584251618411
                },
                "metrics": {
                    "outcome": 3.240707800174449
                },
                "metadata": {
                    "trials": 1
                }
            },
            {
                "query": {
                    "x1": -1.5,
                    "x2": 0.8147845527456505
                },
                "metrics": {
                    "outcome": 10.012349064205056
                },
                "metadata": {
                    "trials": 1
                }
            },
            {
                "query": {
                    "x1": 3.828922197466296,
                    "x2": 1.5325706827745176
                },
                "metrics": {
                    "outcome": 3.564647903288166
                },
                "metadata": {
                    "trials": 1
                }
            }
        ],
        [
            {
                "query": {
                    "x1": -0.3101576116848803,
                    "x2": -1.1139363347804783
                },
                "metrics": {
                    "outcome": -1.6628026748012004
                },
                "metadata": {
                    "trials": 1
                }
            },
            {
                "query": {
                    "x1": -0.26420380675318067,
                    "x2": -1.111973119905713
                },
                "metrics": {
                    "outcome": -1.6460356273206003
                },
                "metadata": {
                    "trials": 1
                }
            },
            {
                "query": {
                    "x1": -0.35600057076300096,
                    "x2": -1.1177305368918675
                },
                "metrics": {
                    "outcome": -1.6753858138924236
                },
                "metadata": {
                    "trials": 1
                }
            },
            {
                "query": {
                    "x1": -0.9675134310009252,
                    "x2": -1.6629005967509811
                },
                "metrics": {
                    "outcome": -1.7116235818796683
                },
                "metadata": {
                    "trials": 1
                }
            },
            {
                "query": {
                    "x1": -0.9231180769051375,
                    "x2": -1.6729634945400977
                },
                "metrics": {
                    "outcome": -1.754318533712837
                },
                "metadata": {
                    "trials": 1
                }
            },
            {
                "query": {
                    "x1": -1.0126784936345194,
                    "x2": -1.654119820135027
                },
                "metrics": {
                    "outcome": -1.6619903799505016
                },
                "metadata": {
                    "trials": 1
                }
            }
        ],
        [
            {
                "query": {
                    "x1": -0.6061106324254253,
                    "x2": -1.9239481765467175
                },
                "metrics": {
                    "outcome": -1.73813269845449
                },
                "metadata": {
                    "trials": 1
                }
            },
            {
                "query": {
                    "x1": -0.6444138713193234,
                    "x2": -1.9176416373397478
                },
                "metrics": {
                    "outcome": -1.754011059330045
                },
                "metadata": {
                    "trials": 1
                }
            },
            {
                "query": {
                    "x1": -0.5679230254356302,
                    "x2": -1.9311999017694659
                },
                "metrics": {
                    "outcome": -1.7167659498182206
                },
                "metadata": {
                    "trials": 1
                }
            },
            {
                "query": {
                    "x1": -0.6797139940886442,
                    "x2": -1.9129339435748463
                },
                "metrics": {
                    "outcome": -1.763719706501853
                },
                "metadata": {
                    "trials": 1
                }
            },
            {
                "query": {
                    "x1": -0.5296562916978067,
                    "x2": -1.9394093842085613
                },
                "metrics": {
                    "outcome": -1.6895999432290472
                },
                "metadata": {
                    "trials": 1
                }
            },
            {
                "query": {
                    "x1": -0.5944513989889272,
                    "x2": -1.9663325156288456
                },
                "metrics": {
                    "outcome": -1.690796629837381
                },
                "metadata": {
                    "trials": 1
                }
            }
        ],
        [
            {
                "query": {
                    "x1": -0.6721105007508448,
                    "x2": -1.497111447104988
                },
                "metrics": {
                    "outcome": -1.880209858044915
                },
                "metadata": {
                    "trials": 1
                }
            },
            {
                "query": {
                    "x1": -0.6525591226294791,
                    "x2": -1.4884489823659413
                },
                "metrics": {
                    "outcome": -1.885358588339657
                },
                "metadata": {
                    "trials": 1
                }
            },
            {
                "query": {
                    "x1": -0.6919377455517791,
                    "x2": -1.5041299670014112
                },
                "metrics": {
                    "outcome": -1.8735663971688359
                },
                "metadata": {
                    "trials": 1
                }
            },
            {
                "query": {
                    "x1": 4.0,
                    "x2": -2.9999999999999996
                },
                "metrics": {
                    "outcome": 37.3414709848079
                },
                "metadata": {
                    "trials": 1
                }
            },
            {
                "query": {
                    "x1": -0.6849511421069345,
                    "x2": -1.478495597922684
                },
                "metrics": {
                    "outcome": -1.868562653949803
                },
                "metadata": {
                    "trials": 1
                }
            },
            {
                "query": {
                    "x1": -0.6752068605725106,
                    "x2": -1.5218774402619952
                },
                "metrics": {
                    "outcome": -1.885241096255879
                },
                "metadata": {
                    "trials": 1
                }
            }
        ],
        [
            {
                "query": {
                    "x1": -0.5663162138568378,
                    "x2": -1.611874482216146
                },
                "metrics": {
                    "outcome": -1.9081577070093836
                },
                "metadata": {
                    "trials": 1
                }
            },
            {
                "query": {
                    "x1": -0.5772757956427623,
                    "x2": -1.6242465309959124
                },
                "metrics": {
                    "outcome": -1.9061544897413651
                },
                "metadata": {
                    "trials": 1
                }
            },
            {
                "query": {
                    "x1": -0.5565013545625805,
                    "x2": -1.5979599569454643
                },
                "metrics": {
                    "outcome": -1.9099603773791745
                },
                "metadata": {
                    "trials": 1
                }
            },
            {
                "query": {
                    "x1": -0.5524474353350056,
                    "x2": -1.6151537447078688
                },
                "metrics": {
                    "outcome": -1.9070040232844852
                },
                "metadata": {
                    "trials": 1
                }
            },
            {
                "query": {
                    "x1": -0.570368205974726,
                    "x2": -1.5946809442951675
                },
                "metrics": {
                    "outcome": -1.9105005325079887
                },
                "metadata": {
                    "trials": 1
                }
            },
            {
                "query": {
                    "x1": -0.5629846838914117,
                    "x2": -1.6295364994404187
                },
                "metrics": {
                    "outcome": -1.9047064916808507
                },
                "metadata": {
                    "trials": 1
                }
            }
        ],
        [
            {
                "query": {
                    "x1": -0.5122248704009276,
                    "x2": -1.4671614160241662
                },
                "metrics": {
                    "outcome": -1.9053443944507684
                },
                "metadata": {
                    "trials": 1
                }
            },
            {
                "query": {
                    "x1": -0.5187702582304572,
                    "x2": -1.4831232457009595
                },
                "metrics": {
                    "outcome": -1.9081838640114022
                },
                "metadata": {
                    "trials": 1
                }
            },
            {
                "query": {
                    "x1": -0.5065040129127834,
                    "x2": -1.450779338410129
                },
                "metrics": {
                    "outcome": -1.901775378856371
                },
                "metadata": {
                    "trials": 1
                }
            },
            {
                "query": {
                    "x1": -0.5221053001986576,
                    "x2": -1.4550151926586217
                },
                "metrics": {
                    "outcome": -1.9026390091625323
                },
                "metadata": {
                    "trials": 1
                }
            },
            {
                "query": {
                    "x1": -0.516357791678504,
                    "x2": -1.437204066142201
                },
                "metrics": {
                    "outcome": -1.89815091017543
                },
                "metadata": {
                    "trials": 1
                }
            },
            {
                "query": {
                    "x1": -0.5051198816222143,
                    "x2": -1.482266098374988
                },
                "metrics": {
                    "outcome": -1.907644926942492
                },
                "metadata": {
                    "trials": 1
                }
            }
        ],
        [
            {
                "query": {
                    "x1": -0.5504428632289928,
                    "x2": -1.5413430886668607
                },
                "metrics": {
                    "outcome": -1.9131371997994564
                },
                "metadata": {
                    "trials": 1
                }
            },
            {
                "query": {
                    "x1": -0.5429098980926247,
                    "x2": -1.5421330416181327
                },
                "metrics": {
                    "outcome": -1.9131844110204872
                },
                "metadata": {
                    "trials": 1
                }
            },
            {
                "query": {
                    "x1": -0.5579295098401945,
                    "x2": -1.5414096774214325
                },
                "metrics": {
                    "outcome": -1.9129394756587912
                },
                "metadata": {
                    "trials": 1
                }
            },
            {
                "query": {
                    "x1": -0.5473246983069353,
                    "x2": -1.549614377857397
                },
                "metrics": {
                    "outcome": -1.913214911349404
                },
                "metadata": {
                    "trials": 1
                }
            },
            {
                "query": {
                    "x1": -0.5470950597940083,
                    "x2": -1.5331281796223726
                },
                "metrics": {
                    "outcome": -1.9129406784982042
                },
                "metadata": {
                    "trials": 1
                }
            },
            {
                "query": {
                    "x1": -0.5357091277200812,
                    "x2": -1.543572070503484
                },
                "metrics": {
                    "outcome": -1.9130619301576326
                },
                "metadata": {
                    "trials": 1
                }
            }
        ],
        [
            {
                "query": {
                    "x1": -0.5151876154766432,
                    "x2": -1.5499784580267482
                },
                "metrics": {
                    "outcome": -1.9116405593342831
                },
                "metadata": {
                    "trials": 1
                }
            },
            {
                "query": {
                    "x1": -0.5203530124525753,
                    "x2": -1.5552722279376212
                },
                "metrics": {
                    "outcome": -1.9118505030779147
                },
                "metadata": {
                    "trials": 1
                }
            },
            {
                "query": {
                    "x1": -0.5210645131747367,
                    "x2": -1.5462863093774357
                },
                "metrics": {
                    "outcome": -1.9122684845164404
                },
                "metadata": {
                    "trials": 1
                }
            },
            {
                "query": {
                    "x1": -0.5847651444582245,
                    "x2": -1.5603957689661787
                },
                "metrics": {
                    "outcome": -1.9115242831330659
                },
                "metadata": {
                    "trials": 1
                }
            },
            {
                "query": {
                    "x1": -0.509942501045671,
                    "x2": -1.5448117950276041
                },
                "metrics": {
                    "outcome": -1.9113215525252905
                },
                "metadata": {
                    "trials": 1
                }
            },
            {
                "query": {
                    "x1": -0.5140502103528499,
                    "x2": -1.5581601219483958
                },
                "metrics": {
                    "outcome": -1.9110632562902428
                },
                "metadata": {
                    "trials": 1
                }
            }
        ],
        [
            {
                "query": {
                    "x1": -0.5635228004215618,
                    "x2": -1.548799742312597
                },
                "metrics": {
                    "outcome": -1.9128675031047737
                },
                "metadata": {
                    "trials": 1
                }
            },
            {
                "query": {
                    "x1": -0.5603065356173806,
                    "x2": -1.543640024302775
                },
                "metrics": {
                    "outcome": -1.9129057514004577
                },
                "metadata": {
                    "trials": 1
                }
            },
            {
                "query": {
                    "x1": -0.5676087095979352,
                    "x2": -1.5528100017400452
                },
                "metrics": {
                    "outcome": -1.9127121899641204
                },
                "metadata": {
                    "trials": 1
                }
            },
            {
                "query": {
                    "x1": -0.5678560097641806,
                    "x2": -1.545963148203704
                },
                "metrics": {
                    "outcome": -1.912580900367459
                },
                "metadata": {
                    "trials": 1
                }
            },
            {
                "query": {
                    "x1": -0.5560298035968161,
                    "x2": -1.5402732916779203
                },
                "metrics": {
                    "outcome": -1.912973111537101
                },
                "metadata": {
                    "trials": 1
                }
            },
            {
                "query": {
                    "x1": -0.5645372187823064,
                    "x2": -1.5404504172300968
                },
                "metrics": {
                    "outcome": -1.912594295676565
                },
                "metadata": {
                    "trials": 1
                }
            }
        ],
        [
            {
                "query": {
                    "x1": -0.652182097820907,
                    "x2": -1.6407737932034092
                },
                "metrics": {
                    "outcome": -1.8967277896904857
                },
                "metadata": {
                    "trials": 1
                }
            },
            {
                "query": {
                    "x1": -0.6422442251046891,
                    "x2": -1.629461444334988
                },
                "metrics": {
                    "outcome": -1.899945491759801
                },
                "metadata": {
                    "trials": 1
                }
            },
            {
                "query": {
                    "x1": -0.66226200095016,
                    "x2": -1.6512135439220221
                },
                "metrics": {
                    "outcome": -1.893275050122734
                },
                "metadata": {
                    "trials": 1
                }
            },
            {
                "query": {
                    "x1": -0.6336209609640757,
                    "x2": -1.6189999973870055
                },
                "metrics": {
                    "outcome": -1.902520816014822
                },
                "metadata": {
                    "trials": 1
                }
            },
            {
                "query": {
                    "x1": -0.5405519724758986,
                    "x2": -1.5325450693882225
                },
                "metrics": {
                    "outcome": -1.9129616290888416
                },
                "metadata": {
                    "trials": 1
                }
            },
            {
                "query": {
                    "x1": -0.5427264425088267,
                    "x2": -1.537590789370977
                },
                "metrics": {
                    "outcome": -1.9131105317188322
                },
                "metadata": {
                    "trials": 1
                }
            }
        ],
        [
            {
                "query": {
                    "x1": -0.5516138627586282,
                    "x2": -1.557932478756209
                },
                "metrics": {
                    "outcome": -1.9130839193982387
                },
                "metadata": {
                    "trials": 1
                }
            },
            {
                "query": {
                    "x1": -0.5557482415058848,
                    "x2": -1.5594237982100867
                },
                "metrics": {
                    "outcome": -1.9130232759795547
                },
                "metadata": {
                    "trials": 1
                }
            },
            {
                "query": {
                    "x1": -0.5476953088332381,
                    "x2": -1.5557410573184436
                },
                "metrics": {
                    "outcome": -1.9131228863573355
                },
                "metadata": {
                    "trials": 1
                }
            },
            {
                "query": {
                    "x1": -0.5525522605744393,
                    "x2": -1.552875515003682
                },
                "metrics": {
                    "outcome": -1.9131702566764366
                },
                "metadata": {
                    "trials": 1
                }
            },
            {
                "query": {
                    "x1": -0.5482303565833981,
                    "x2": -1.5609534582060287
                },
                "metrics": {
                    "outcome": -1.9129666464386839
                },
                "metadata": {
                    "trials": 1
                }
            },
            {
                "query": {
                    "x1": -0.55993655897436,
                    "x2": -1.5604152650263747
                },
                "metrics": {
                    "outcome": -1.912932456604409
                },
                "metadata": {
                    "trials": 1
                }
            }
        ],
        [
            {
                "query": {
                    "x1": -0.5391421490473032,
                    "x2": -1.529398494414571
                },
                "metrics": {
                    "outcome": -1.912837143479316
                },
                "metadata": {
                    "trials": 1
                }
            },
            {
                "query": {
                    "x1": -0.5435564779970016,
                    "x2": -1.529057506554972
                },
                "metrics": {
                    "outcome": -1.9128064532109326
                },
                "metadata": {
                    "trials": 1
                }
            },
            {
                "query": {
                    "x1": -0.5347343580320459,
                    "x2": -1.529767623642004
                },
                "metrics": {
                    "outcome": -1.9128091498325426
                },
                "metadata": {
                    "trials": 1
                }
            },
            {
                "query": {
                    "x1": -0.5413769770499098,
                    "x2": -1.534117468146245
                },
                "metrics": {
                    "outcome": -1.9130150092376876
                },
                "metadata": {
                    "trials": 1
                }
            },
            {
                "query": {
                    "x1": -0.5371428689623808,
                    "x2": -1.5344292173247203
                },
                "metrics": {
                    "outcome": -1.912989058187835
                },
                "metadata": {
                    "trials": 1
                }
            },
            {
                "query": {
                    "x1": -0.5478492234511292,
                    "x2": -1.5297518609492555
                },
                "metrics": {
                    "outcome": -1.9127729221264635
                },
                "metadata": {
                    "trials": 1
                }
            }
        ],
        [
            {
                "query": {
                    "x1": -0.5643321648122672,
                    "x2": -1.5598721793466903
                },
                "metrics": {
                    "outcome": -1.9128205281113462
                },
                "metadata": {
                    "trials": 1
                }
            },
            {
                "query": {
                    "x1": -0.5598070527466356,
                    "x2": -1.5594319224994346
                },
                "metrics": {
                    "outcome": -1.9129568425639816
                },
                "metadata": {
                    "trials": 1
                }
            },
            {
                "query": {
                    "x1": -0.5552627805478033,
                    "x2": -1.5590097309945208
                },
                "metrics": {
                    "outcome": -1.9130384871937234
                },
                "metadata": {
                    "trials": 1
                }
            },
            {
                "query": {
                    "x1": -0.5509067937480154,
                    "x2": -1.5583729257418624
                },
                "metrics": {
                    "outcome": -1.9130715536769127
                },
                "metadata": {
                    "trials": 1
                }
            },
            {
                "query": {
                    "x1": -0.5686098427746681,
                    "x2": -1.5605320665967723
                },
                "metrics": {
                    "outcome": -1.9126384590217493
                },
                "metadata": {
                    "trials": 1
                }
            },
            {
                "query": {
                    "x1": -0.5469321518459185,
                    "x2": -1.5573658186981638
                },
                "metrics": {
                    "outcome": -1.9130717106832287
                },
                "metadata": {
                    "trials": 1
                }
            }
        ],
        [
            {
                "query": {
                    "x1": -0.5328710191785173,
                    "x2": -1.5359731829037642
                },
                "metrics": {
                    "outcome": -1.912929265217798
                },
                "metadata": {
                    "trials": 1
                }
            },
            {
                "query": {
                    "x1": -0.5351052242154639,
                    "x2": -1.5403189889499627
                },
                "metrics": {
                    "outcome": -1.9130393684125657
                },
                "metadata": {
                    "trials": 1
                }
            },
            {
                "query": {
                    "x1": -0.5368861617301268,
                    "x2": -1.5354764977389148
                },
                "metrics": {
                    "outcome": -1.913009888363998
                },
                "metadata": {
                    "trials": 1
                }
            },
            {
                "query": {
                    "x1": -0.5311878949939345,
                    "x2": -1.5405271342287898
                },
                "metrics": {
                    "outcome": -1.912912035421904
                },
                "metadata": {
                    "trials": 1
                }
            },
            {
                "query": {
                    "x1": -0.5362414197210212,
                    "x2": -1.545184056422581
                },
                "metrics": {
                    "outcome": -1.9130699658609647
                },
                "metadata": {
                    "trials": 1
                }
            },
            {
                "query": {
                    "x1": -0.5292137523126574,
                    "x2": -1.533904018908366
                },
                "metrics": {
                    "outcome": -1.9127748372655033
                },
                "metadata": {
                    "trials": 1
                }
            }
        ],
        [
            {
                "query": {
                    "x1": -0.5452854964178142,
                    "x2": -1.5577876658438954
                },
                "metrics": {
                    "outcome": -1.9130340957725975
                },
                "metadata": {
                    "trials": 1
                }
            },
            {
                "query": {
                    "x1": -0.5540996268508274,
                    "x2": -1.5319206967534298
                },
                "metrics": {
                    "outcome": -1.9127006310928865
                },
                "metadata": {
                    "trials": 1
                }
            },
            {
                "query": {
                    "x1": -0.5490593686314932,
                    "x2": -1.5582686465359235
                },
                "metrics": {
                    "outcome": -1.9130658996476635
                },
                "metadata": {
                    "trials": 1
                }
            },
            {
                "query": {
                    "x1": -0.5416719083507647,
                    "x2": -1.556649554716151
                },
                "metrics": {
                    "outcome": -1.9129919546858862
                },
                "metadata": {
                    "trials": 1
                }
            },
            {
                "query": {
                    "x1": -0.5573792965857056,
                    "x2": -1.535260739166158
                },
                "metrics": {
                    "outcome": -1.9127323901573163
                },
                "metadata": {
                    "trials": 1
                }
            },
            {
                "query": {
                    "x1": -0.5502940666179778,
                    "x2": -1.5298021234716677
                },
                "metrics": {
                    "outcome": -1.91271425983203
                },
                "metadata": {
                    "trials": 1
                }
            }
        ],
        [
            {
                "query": {
                    "x1": -0.5701898235175683,
                    "x2": -1.5597328737325211
                },
                "metrics": {
                    "outcome": -1.9125708484122832
                },
                "metadata": {
                    "trials": 1
                }
            },
            {
                "query": {
                    "x1": -0.5660075460025553,
                    "x2": -1.5584831304572535
                },
                "metrics": {
                    "outcome": -1.9127764407492194
                },
                "metadata": {
                    "trials": 1
                }
            },
            {
                "query": {
                    "x1": -0.574188453716767,
                    "x2": -1.5614161028313993
                },
                "metrics": {
                    "outcome": -1.9123304070425857
                },
                "metadata": {
                    "trials": 1
                }
            },
            {
                "query": {
                    "x1": -0.5686986295380995,
                    "x2": -1.5547396333757106
                },
                "metrics": {
                    "outcome": -1.91266492004508
                },
                "metadata": {
                    "trials": 1
                }
            },
            {
                "query": {
                    "x1": -0.5620080874483743,
                    "x2": -1.5582330921091159
                },
                "metrics": {
                    "outcome": -1.9129208982355994
                },
                "metadata": {
                    "trials": 1
                }
            },
            {
                "query": {
                    "x1": -0.5671153384714249,
                    "x2": -1.563268860901176
                },
                "metrics": {
                    "outcome": -1.9126512597496084
                },
                "metadata": {
                    "trials": 1
                }
            }
        ],
        [
            {
                "query": {
                    "x1": -0.5409590755839867,
                    "x2": -1.555556982832342
                },
                "metrics": {
                    "outcome": -1.9130079089929035
                },
                "metadata": {
                    "trials": 1
                }
            },
            {
                "query": {
                    "x1": -0.5382866269885622,
                    "x2": -1.5524212053225
                },
                "metrics": {
                    "outcome": -1.913017277281707
                },
                "metadata": {
                    "trials": 1
                }
            },
            {
                "query": {
                    "x1": -0.5441351343920195,
                    "x2": -1.5577127275572744
                },
                "metrics": {
                    "outcome": -1.9130145874570754
                },
                "metadata": {
                    "trials": 1
                }
            },
            {
                "query": {
                    "x1": -0.5418314949566506,
                    "x2": -1.5511370237645128
                },
                "metrics": {
                    "outcome": -1.9131354806309586
                },
                "metadata": {
                    "trials": 1
                }
            },
            {
                "query": {
                    "x1": -0.5390597152531512,
                    "x2": -1.547995868803443
                },
                "metrics": {
                    "outcome": -1.913119741540671
                },
                "metadata": {
                    "trials": 1
                }
            },
            {
                "query": {
                    "x1": -0.5409850922177832,
                    "x2": -1.5600270425379996
                },
                "metrics": {
                    "outcome": -1.9128414238101867
                },
                "metadata": {
                    "trials": 1
                }
            }
        ]
    ],
    "best_results": [
        {
            "query": {
                "x1": -0.5473246983069353,
                "x2": -1.549614377857397
            },
            "metrics": [
                {
                    "name": "outcome",
                    "value": -1.913214911349404
                }
            ]
        }
    ]
}