{
    "date": "04/11/2022 16:31:37",
    "basic_params": {
        "active_variables": [
            "x1",
            "x2"
        ],
        "default_query": {},
        "metric": "basic",
        "n_trials": 1
    },
    "objective_function": {
        "name": "Gramacy2D",
        "params": {}
    },
    "optimizer": {
        "name": "BBO-LP(LCBa)-FoD",
        "params": {
            "lower_bound": [
                -2.0,
                -2.0
            ],
            "upper_bound": [
                6.0,
                6.0
            ],
            "invert_metric": false,
            "bopt_params": {
                "n_init_samples": 15,
                "n_iterations": 45,
                "n_iter_relearn": 5,
                "verbose_level": 0,
                "n_parallel_samples": 3,
                "fixed_dataset_size": 50,
                "par_type": "PAR_BBO",
                "crit_name": "cLP(cLCBa)",
                "n_crit_params": 3,
                "crit_params": [
                    3,
                    1,
                    5.0
                ]
            }
        }
    },
    "iterations": [
        [
            {
                "query": {
                    "x1": 3.87143976551791,
                    "x2": 1.2010287047674257
                },
                "metrics": {
                    "outcome": 2.8326319964933325e-07
                },
                "metadata": {
                    "trials": 1
                }
            }
        ],
        [
            {
                "query": {
                    "x1": 2.453685705612103,
                    "x2": -0.19528509899973878
                },
                "metrics": {
                    "outcome": 0.00573528090917586
                },
                "metadata": {
                    "trials": 1
                }
            }
        ],
        [
            {
                "query": {
                    "x1": 3.250924020757278,
                    "x2": 0.7823542840778828
                },
                "metrics": {
                    "outcome": 4.532526545946211e-05
                },
                "metadata": {
                    "trials": 1
                }
            }
        ],
        [
            {
                "query": {
                    "x1": 0.5468134580800932,
                    "x2": -0.7182425253093243
                },
                "metrics": {
                    "outcome": 0.24207084563775852
                },
                "metadata": {
                    "trials": 1
                }
            }
        ],
        [
            {
                "query": {
                    "x1": -1.7828057322651147,
                    "x2": 4.144610644504428
                },
                "metrics": {
                    "outcome": -2.573483788802343e-09
                },
                "metadata": {
                    "trials": 1
                }
            }
        ],
        [
            {
                "query": {
                    "x1": 5.364990829924742,
                    "x2": 5.896021124223868
                },
                "metrics": {
                    "outcome": 1.3545922346566863e-27
                },
                "metadata": {
                    "trials": 1
                }
            }
        ],
        [
            {
                "query": {
                    "x1": -1.313645625859499,
                    "x2": 0.259430866440137
                },
                "metrics": {
                    "outcome": -0.21867623714354803
                },
                "metadata": {
                    "trials": 1
                }
            }
        ],
        [
            {
                "query": {
                    "x1": 4.559514779473345,
                    "x2": 3.0990272755424177
                },
                "metrics": {
                    "outcome": 2.8796747103833017e-13
                },
                "metadata": {
                    "trials": 1
                }
            }
        ],
        [
            {
                "query": {
                    "x1": 1.9862265241642794,
                    "x2": 2.4557428178687895
                },
                "metrics": {
                    "outcome": 9.238628942400023e-05
                },
                "metadata": {
                    "trials": 1
                }
            }
        ],
        [
            {
                "query": {
                    "x1": -0.3210962377488613,
                    "x2": 1.7382083822041752
                },
                "metrics": {
                    "outcome": -0.014115446728492144
                },
                "metadata": {
                    "trials": 1
                }
            }
        ],
        [
            {
                "query": {
                    "x1": 1.05467749958237,
                    "x2": 3.5717994167159004
                },
                "metrics": {
                    "outcome": 9.986508001728941e-07
                },
                "metadata": {
                    "trials": 1
                }
            }
        ],
        [
            {
                "query": {
                    "x1": 1.5638405824700992,
                    "x2": 5.42418821255366
                },
                "metrics": {
                    "outcome": 2.261257053220163e-14
                },
                "metadata": {
                    "trials": 1
                }
            }
        ],
        [
            {
                "query": {
                    "x1": 5.792351176465551,
                    "x2": 4.753150394931436
                },
                "metrics": {
                    "outcome": 2.398418802794477e-24
                },
                "metadata": {
                    "trials": 1
                }
            }
        ],
        [
            {
                "query": {
                    "x1": 3.6785724385331076,
                    "x2": -1.5274075710525115
                },
                "metrics": {
                    "outcome": 4.7386454741514775e-07
                },
                "metadata": {
                    "trials": 1
                }
            }
        ],
        [
            {
                "query": {
                    "x1": -0.5447351403534413,
                    "x2": -1.4192084899793067
                },
                "metrics": {
                    "outcome": -0.05402303795433739
                },
                "metadata": {
                    "trials": 1
                }
            }
        ],
        [
            {
                "query": {
                    "x1": -2.0,
                    "x2": -2.0
                },
                "metrics": {
                    "outcome": -0.0006709252558050237
                },
                "metadata": {
                    "trials": 1
                }
            },
            {
                "query": {
                    "x1": 6.0,
                    "x2": -2.0
                },
                "metrics": {
                    "outcome": 2.5490125531749533e-17
                },
                "metadata": {
                    "trials": 1
                }
            },
            {
                "query": {
                    "x1": -2.0,
                    "x2": -0.44847523521794197
                },
                "metrics": {
                    "outcome": -0.029957281681432833
                },
                "metadata": {
                    "trials": 1
                }
            }
        ],
        [
            {
                "query": {
                    "x1": -0.5504568856698049,
                    "x2": 6.0
                },
                "metrics": {
                    "outcome": -9.4303871744492e-17
                },
                "metadata": {
                    "trials": 1
                }
            },
            {
                "query": {
                    "x1": 5.031391156802495,
                    "x2": -2.0
                },
                "metrics": {
                    "outcome": 9.340929392424497e-13
                },
                "metadata": {
                    "trials": 1
                }
            },
            {
                "query": {
                    "x1": 3.539904581485379,
                    "x2": 5.999999999999999
                },
                "metrics": {
                    "outcome": 2.966735764649226e-21
                },
                "metadata": {
                    "trials": 1
                }
            }
        ],
        [
            {
                "query": {
                    "x1": -1.2630025402585383,
                    "x2": -2.0
                },
                "metrics": {
                    "outcome": -0.004692998498831972
                },
                "metadata": {
                    "trials": 1
                }
            },
            {
                "query": {
                    "x1": -1.2699927703912826,
                    "x2": -0.9591114476306157
                },
                "metrics": {
                    "outcome": -0.10088589048982527
                },
                "metadata": {
                    "trials": 1
                }
            },
            {
                "query": {
                    "x1": -1.155451127018628,
                    "x2": 2.011064024741297
                },
                "metrics": {
                    "outcome": -0.005327064384578733
                },
                "metadata": {
                    "trials": 1
                }
            }
        ],
        [
            {
                "query": {
                    "x1": 0.36583829941108004,
                    "x2": 6.0
                },
                "metrics": {
                    "outcome": 7.422716323259652e-17
                },
                "metadata": {
                    "trials": 1
                }
            },
            {
                "query": {
                    "x1": 0.3463577339635129,
                    "x2": 5.313936722203278
                },
                "metrics": {
                    "outcome": 1.6743682276587847e-13
                },
                "metadata": {
                    "trials": 1
                }
            },
            {
                "query": {
                    "x1": 0.31923738116452327,
                    "x2": 4.600504466357518
                },
                "metrics": {
                    "outcome": 1.8542434479188636e-10
                },
                "metadata": {
                    "trials": 1
                }
            }
        ],
        [
            {
                "query": {
                    "x1": -1.5594167017979528,
                    "x2": 0.6403227304021177
                },
                "metrics": {
                    "outcome": -0.09094668650976087
                },
                "metadata": {
                    "trials": 1
                }
            },
            {
                "query": {
                    "x1": -1.5725006827583692,
                    "x2": 0.9725121804439332
                },
                "metrics": {
                    "outcome": -0.05151556960330281
                },
                "metadata": {
                    "trials": 1
                }
            },
            {
                "query": {
                    "x1": -1.5535778834263396,
                    "x2": 0.3089256623968226
                },
                "metrics": {
                    "outcome": -0.12637789144791894
                },
                "metadata": {
                    "trials": 1
                }
            }
        ],
        [
            {
                "query": {
                    "x1": -1.999920005709513,
                    "x2": 2.780395425791272
                },
                "metrics": {
                    "outcome": -1.609226927762812e-05
                },
                "metadata": {
                    "trials": 1
                }
            },
            {
                "query": {
                    "x1": -0.5696032823712431,
                    "x2": 2.7803946033778972
                },
                "metrics": {
                    "outcome": -0.0001808473584290879
                },
                "metadata": {
                    "trials": 1
                }
            },
            {
                "query": {
                    "x1": 0.8804219552525256,
                    "x2": 2.7803938909668373
                },
                "metrics": {
                    "outcome": 0.000178113957821233
                },
                "metadata": {
                    "trials": 1
                }
            }
        ],
        [
            {
                "query": {
                    "x1": 5.999799998256705,
                    "x2": 3.8558665316933016
                },
                "metrics": {
                    "outcome": 4.870961990661243e-22
                },
                "metadata": {
                    "trials": 1
                }
            },
            {
                "query": {
                    "x1": 4.708835949268774,
                    "x2": 3.855865880968392
                },
                "metrics": {
                    "outcome": 3.8572887168620307e-16
                },
                "metadata": {
                    "trials": 1
                }
            },
            {
                "query": {
                    "x1": -1.9997999603186818,
                    "x2": 3.8558594523756202
                },
                "metrics": {
                    "outcome": -1.2800202548454272e-08
                },
                "metadata": {
                    "trials": 1
                }
            }
        ],
        [
            {
                "query": {
                    "x1": -1.9998599981899101,
                    "x2": 5.660517419942972
                },
                "metrics": {
                    "outcome": -4.452835976462653e-16
                },
                "metadata": {
                    "trials": 1
                }
            },
            {
                "query": {
                    "x1": -1.0921287642887263,
                    "x2": 5.660515943133023
                },
                "metrics": {
                    "outcome": -4.025782093935236e-15
                },
                "metadata": {
                    "trials": 1
                }
            },
            {
                "query": {
                    "x1": -1.3980052631921933,
                    "x2": 0.16355699302963567
                },
                "metrics": {
                    "outcome": -0.19279589331303193
                },
                "metadata": {
                    "trials": 1
                }
            }
        ],
        [
            {
                "query": {
                    "x1": -1.9998053745133193,
                    "x2": 3.332819278576803
                },
                "metrics": {
                    "outcome": -5.497204193021758e-07
                },
                "metadata": {
                    "trials": 1
                }
            },
            {
                "query": {
                    "x1": -1.079341392990687,
                    "x2": 3.33282176820863
                },
                "metrics": {
                    "outcome": -5.048962671031487e-06
                },
                "metadata": {
                    "trials": 1
                }
            },
            {
                "query": {
                    "x1": -0.15636031971000142,
                    "x2": 3.3328246299710482
                },
                "metrics": {
                    "outcome": -2.2881641181090987e-06
                },
                "metadata": {
                    "trials": 1
                }
            }
        ],
        [
            {
                "query": {
                    "x1": -1.9997999266575859,
                    "x2": 2.613226267232217
                },
                "metrics": {
                    "outcome": -3.966251069013933e-05
                },
                "metadata": {
                    "trials": 1
                }
            },
            {
                "query": {
                    "x1": -1.2928555795708563,
                    "x2": 2.613228092089888
                },
                "metrics": {
                    "outcome": -0.0002629403884322518
                },
                "metadata": {
                    "trials": 1
                }
            },
            {
                "query": {
                    "x1": -0.5818918873420609,
                    "x2": 2.6132294535735054
                },
                "metrics": {
                    "outcome": -0.00044875343900710316
                },
                "metadata": {
                    "trials": 1
                }
            }
        ],
        [
            {
                "query": {
                    "x1": -1.999799982770095,
                    "x2": 4.005162669788026
                },
                "metrics": {
                    "outcome": -3.958182761540764e-09
                },
                "metadata": {
                    "trials": 1
                }
            },
            {
                "query": {
                    "x1": -1.2458397369837597,
                    "x2": 4.005163376091649
                },
                "metrics": {
                    "outcome": -2.8492055886714527e-08
                },
                "metadata": {
                    "trials": 1
                }
            },
            {
                "query": {
                    "x1": 6.0,
                    "x2": 4.005185378689999
                },
                "metrics": {
                    "outcome": 1.502486793079553e-22
                },
                "metadata": {
                    "trials": 1
                }
            }
        ],
        [
            {
                "query": {
                    "x1": 5.9990662395776235,
                    "x2": 5.0255945053597895
                },
                "metrics": {
                    "outcome": 1.5119804822097083e-26
                },
                "metadata": {
                    "trials": 1
                }
            },
            {
                "query": {
                    "x1": 5.9997999318484725,
                    "x2": 2.944994766183897
                },
                "metrics": {
                    "outcome": 2.387506452071858e-19
                },
                "metadata": {
                    "trials": 1
                }
            },
            {
                "query": {
                    "x1": 4.9034590706032395,
                    "x2": 5.025590712537898
                },
                "metrics": {
                    "outcome": 1.903615503783304e-21
                },
                "metadata": {
                    "trials": 1
                }
            }
        ],
        [
            {
                "query": {
                    "x1": 5.999919996448775,
                    "x2": 1.3597322946409638
                },
                "metrics": {
                    "outcome": 2.1928361381610258e-16
                },
                "metadata": {
                    "trials": 1
                }
            },
            {
                "query": {
                    "x1": 4.710172343655709,
                    "x2": 1.359733494664201
                },
                "metrics": {
                    "outcome": 1.7176837818921912e-10
                },
                "metadata": {
                    "trials": 1
                }
            },
            {
                "query": {
                    "x1": 3.4098515516757866,
                    "x2": 1.3597347848359669
                },
                "metrics": {
                    "outcome": 4.788479962759878e-06
                },
                "metadata": {
                    "trials": 1
                }
            }
        ],
        [
            {
                "query": {
                    "x1": 5.999800052258798,
                    "x2": -0.6986395683913675
                },
                "metrics": {
                    "outcome": 8.562478720149366e-16
                },
                "metadata": {
                    "trials": 1
                }
            },
            {
                "query": {
                    "x1": -1.9998001376285368,
                    "x2": -0.6986530527160324
                },
                "metrics": {
                    "outcome": -0.02249933706130606
                },
                "metadata": {
                    "trials": 1
                }
            },
            {
                "query": {
                    "x1": 5.023868347282673,
                    "x2": -0.698641309474124
                },
                "metrics": {
                    "outcome": 3.3712493304434445e-11
                },
                "metadata": {
                    "trials": 1
                }
            }
        ],
        [
            {
                "query": {
                    "x1": -2.0,
                    "x2": -0.1194302239570797
                },
                "metrics": {
                    "outcome": -0.03611249333201856
                },
                "metadata": {
                    "trials": 1
                }
            },
            {
                "query": {
                    "x1": -0.4345233789189331,
                    "x2": -0.11918419840093675
                },
                "metrics": {
                    "outcome": -0.35468650320902767
                },
                "metadata": {
                    "trials": 1
                }
            },
            {
                "query": {
                    "x1": 1.1430021164645208,
                    "x2": -0.11890000383844934
                },
                "metrics": {
                    "outcome": 0.3051558001395624
                },
                "metadata": {
                    "trials": 1
                }
            }
        ],
        [
            {
                "query": {
                    "x1": 2.404332093195924,
                    "x2": -2.0
                },
                "metrics": {
                    "outcome": 0.00013590687284008264
                },
                "metadata": {
                    "trials": 1
                }
            },
            {
                "query": {
                    "x1": 2.4099864254493912,
                    "x2": -0.6980727000396936
                },
                "metrics": {
                    "outcome": 0.004446140108748526
                },
                "metadata": {
                    "trials": 1
                }
            },
            {
                "query": {
                    "x1": 2.5497680850415607,
                    "x2": 6.0
                },
                "metrics": {
                    "outcome": 8.880002933758553e-19
                },
                "metadata": {
                    "trials": 1
                }
            }
        ],
        [
            {
                "query": {
                    "x1": 1.6832958896813692,
                    "x2": 6.0
                },
                "metrics": {
                    "outcome": 2.2961073654020454e-17
                },
                "metadata": {
                    "trials": 1
                }
            },
            {
                "query": {
                    "x1": 1.7086415351515662,
                    "x2": 4.99868045068064
                },
                "metrics": {
                    "outcome": 1.2975237017961856e-12
                },
                "metadata": {
                    "trials": 1
                }
            },
            {
                "query": {
                    "x1": 1.73491222763534,
                    "x2": 4.017105079365129
                },
                "metrics": {
                    "outcome": 8.391078042190232e-09
                },
                "metadata": {
                    "trials": 1
                }
            }
        ],
        [
            {
                "query": {
                    "x1": 3.993171939631397,
                    "x2": -2.0
                },
                "metrics": {
                    "outcome": 8.69223053671396e-09
                },
                "metadata": {
                    "trials": 1
                }
            },
            {
                "query": {
                    "x1": 4.004529790937531,
                    "x2": -0.8136834795701189
                },
                "metrics": {
                    "outcome": 2.2415826748419143e-07
                },
                "metadata": {
                    "trials": 1
                }
            },
            {
                "query": {
                    "x1": 0.2696769884611623,
                    "x2": -2.0
                },
                "metrics": {
                    "outcome": 0.004592843015466383
                },
                "metadata": {
                    "trials": 1
                }
            }
        ],
        [
            {
                "query": {
                    "x1": 2.965029523583981,
                    "x2": -2.0
                },
                "metrics": {
                    "outcome": 8.256472779047511e-06
                },
                "metadata": {
                    "trials": 1
                }
            },
            {
                "query": {
                    "x1": 5.5191827006080745,
                    "x2": 6.0
                },
                "metrics": {
                    "outcome": 7.552055682124318e-29
                },
                "metadata": {
                    "trials": 1
                }
            },
            {
                "query": {
                    "x1": 5.530099944298597,
                    "x2": 4.895454201310668
                },
                "metrics": {
                    "outcome": 1.1299640253933776e-23
                },
                "metadata": {
                    "trials": 1
                }
            }
        ],
        [
            {
                "query": {
                    "x1": 3.1037419534494335,
                    "x2": 6.0
                },
                "metrics": {
                    "outcome": 4.7166377826864714e-20
                },
                "metadata": {
                    "trials": 1
                }
            },
            {
                "query": {
                    "x1": 3.064804582667417,
                    "x2": 4.915220427274162
                },
                "metrics": {
                    "outcome": 8.218117974168906e-15
                },
                "metadata": {
                    "trials": 1
                }
            },
            {
                "query": {
                    "x1": 3.9177843333534526,
                    "x2": 6.0
                },
                "metrics": {
                    "outcome": 1.960822907942358e-22
                },
                "metadata": {
                    "trials": 1
                }
            }
        ],
        [
            {
                "query": {
                    "x1": -0.8957000562606745,
                    "x2": -2.0
                },
                "metrics": {
                    "outcome": -0.007354607646622064
                },
                "metadata": {
                    "trials": 1
                }
            },
            {
                "query": {
                    "x1": 1.1671452606026151,
                    "x2": 6.0
                },
                "metrics": {
                    "outcome": 6.932907935041364e-17
                },
                "metadata": {
                    "trials": 1
                }
            },
            {
                "query": {
                    "x1": 5.55221468402778,
                    "x2": -2.0
                },
                "metrics": {
                    "outcome": 4.161540789151846e-15
                },
                "metadata": {
                    "trials": 1
                }
            }
        ],
        [
            {
                "query": {
                    "x1": 0.4540612046348578,
                    "x2": 6.0
                },
                "metrics": {
                    "outcome": 8.569862818353366e-17
                },
                "metadata": {
                    "trials": 1
                }
            },
            {
                "query": {
                    "x1": 0.4375112445527365,
                    "x2": 4.897312731034302
                },
                "metrics": {
                    "outcome": 1.3863786734148649e-11
                },
                "metadata": {
                    "trials": 1
                }
            },
            {
                "query": {
                    "x1": 0.4217055250236057,
                    "x2": 3.834799905142914
                },
                "metrics": {
                    "outcome": 1.449359554212847e-07
                },
                "metadata": {
                    "trials": 1
                }
            }
        ],
        [
            {
                "query": {
                    "x1": 2.11249496105491,
                    "x2": 6.0
                },
                "metrics": {
                    "outcome": 5.650626411796597e-18
                },
                "metadata": {
                    "trials": 1
                }
            },
            {
                "query": {
                    "x1": -0.16998386519486086,
                    "x2": -2.0
                },
                "metrics": {
                    "outcome": -0.0030246912117162183
                },
                "metadata": {
                    "trials": 1
                }
            },
            {
                "query": {
                    "x1": 1.8660040990758904,
                    "x2": -2.0
                },
                "metrics": {
                    "outcome": 0.001050833102324546
                },
                "metadata": {
                    "trials": 1
                }
            }
        ],
        [
            {
                "query": {
                    "x1": -1.6806406829202505,
                    "x2": -2.0
                },
                "metrics": {
                    "outcome": -0.0018264555914567643
                },
                "metadata": {
                    "trials": 1
                }
            },
            {
                "query": {
                    "x1": 4.417533848099073,
                    "x2": -2.0
                },
                "metrics": {
                    "outcome": 2.709670981002226e-10
                },
                "metadata": {
                    "trials": 1
                }
            },
            {
                "query": {
                    "x1": -1.6983644817048629,
                    "x2": -1.316569527016997
                },
                "metrics": {
                    "outcome": -0.016770539824112012
                },
                "metadata": {
                    "trials": 1
                }
            }
        ],
        [
            {
                "query": {
                    "x1": -2.0,
                    "x2": 1.4874499627222084
                },
                "metrics": {
                    "outcome": -0.004008411659401339
                },
                "metadata": {
                    "trials": 1
                }
            },
            {
                "query": {
                    "x1": 6.0,
                    "x2": 2.111347559938925
                },
                "metrics": {
                    "outcome": 1.6127124795441375e-17
                },
                "metadata": {
                    "trials": 1
                }
            },
            {
                "query": {
                    "x1": 5.048240722185504,
                    "x2": 2.1001444957778928
                },
                "metrics": {
                    "outcome": 5.24515465395506e-13
                },
                "metadata": {
                    "trials": 1
                }
            }
        ],
        [
            {
                "query": {
                    "x1": -2.0,
                    "x2": 0.7248152804591417
                },
                "metrics": {
                    "outcome": -0.021661690134703253
                },
                "metadata": {
                    "trials": 1
                }
            },
            {
                "query": {
                    "x1": -0.8783042143599462,
                    "x2": 0.7103402710252849
                },
                "metrics": {
                    "outcome": -0.245179703566982
                },
                "metadata": {
                    "trials": 1
                }
            },
            {
                "query": {
                    "x1": 0.11517704532591422,
                    "x2": 0.7144244358096046
                },
                "metrics": {
                    "outcome": 0.0682244116463111
                },
                "metadata": {
                    "trials": 1
                }
            }
        ],
        [
            {
                "query": {
                    "x1": 4.38538029650088,
                    "x2": 6.0
                },
                "metrics": {
                    "outcome": 4.521113150075027e-24
                },
                "metadata": {
                    "trials": 1
                }
            },
            {
                "query": {
                    "x1": 4.367464968103225,
                    "x2": 4.941372071643268
                },
                "metrics": {
                    "outcome": 5.648507273182132e-19
                },
                "metadata": {
                    "trials": 1
                }
            },
            {
                "query": {
                    "x1": -1.636314762372879,
                    "x2": 6.0
                },
                "metrics": {
                    "outcome": -2.6087396097426128e-17
                },
                "metadata": {
                    "trials": 1
                }
            }
        ],
        [
            {
                "query": {
                    "x1": -0.5161588384687619,
                    "x2": 6.0
                },
                "metrics": {
                    "outcome": -9.172280071241988e-17
                },
                "metadata": {
                    "trials": 1
                }
            },
            {
                "query": {
                    "x1": -0.514216252824675,
                    "x2": 5.476471226882303
                },
                "metrics": {
                    "outcome": -3.724469671804566e-14
                },
                "metadata": {
                    "trials": 1
                }
            },
            {
                "query": {
                    "x1": -0.5134062785521176,
                    "x2": 4.9860883508017935
                },
                "metrics": {
                    "outcome": -6.294462545217104e-12
                },
                "metadata": {
                    "trials": 1
                }
            }
        ],
        [
            {
                "query": {
                    "x1": -1.1907220274054295,
                    "x2": 6.0
                },
                "metrics": {
                    "outcome": -6.690492596523614e-17
                },
                "metadata": {
                    "trials": 1
                }
            },
            {
                "query": {
                    "x1": -0.1260965515133372,
                    "x2": 6.0
                },
                "metrics": {
                    "outcome": -2.878700154356109e-17
                },
                "metadata": {
                    "trials": 1
                }
            },
            {
                "query": {
                    "x1": -1.2073941605401994,
                    "x2": 5.111338163556941
                },
                "metrics": {
                    "outcome": -1.2660566700144525e-12
                },
                "metadata": {
                    "trials": 1
                }
            }
        ],
        [
            {
                "query": {
                    "x1": -2.0,
                    "x2": 2.7339235738599967
                },
                "metrics": {
                    "outcome": -2.078683036845031e-05
                },
                "metadata": {
                    "trials": 1
                }
            },
            {
                "query": {
                    "x1": 6.0,
                    "x2": 3.40059474370553
                },
                "metrics": {
                    "outcome": 1.3223582798196568e-20
                },
                "metadata": {
                    "trials": 1
                }
            },
            {
                "query": {
                    "x1": -0.47185000974800495,
                    "x2": 2.6477350962037356
                },
                "metrics": {
                    "outcome": -0.0003407921861539886
                },
                "metadata": {
                    "trials": 1
                }
            }
        ],
        [
            {
                "query": {
                    "x1": 6.0,
                    "x2": 0.8478559173689924
                },
                "metrics": {
                    "outcome": 6.781927140088471e-16
                },
                "metadata": {
                    "trials": 1
                }
            },
            {
                "query": {
                    "x1": 3.245734465382432,
                    "x2": 2.973910576381866
                },
                "metrics": {
                    "outcome": 1.2449384238900613e-08
                },
                "metadata": {
                    "trials": 1
                }
            },
            {
                "query": {
                    "x1": -2.0,
                    "x2": 4.110197335702955
                },
                "metrics": {
                    "outcome": -1.6865598778288853e-09
                },
                "metadata": {
                    "trials": 1
                }
            }
        ],
        [
            {
                "query": {
                    "x1": 5.999799928215,
                    "x2": 1.0262888728097561
                },
                "metrics": {
                    "outcome": 4.865743752755314e-16
                },
                "metadata": {
                    "trials": 1
                }
            },
            {
                "query": {
                    "x1": 5.703705792369782,
                    "x2": 1.026276495908601
                },
                "metrics": {
                    "outcome": 1.4796479569470613e-14
                },
                "metadata": {
                    "trials": 1
                }
            },
            {
                "query": {
                    "x1": 5.432202074710268,
                    "x2": 1.0262270790412757
                },
                "metrics": {
                    "outcome": 2.8979088800182613e-13
                },
                "metadata": {
                    "trials": 1
                }
            }
        ],
        [
            {
                "query": {
                    "x1": -1.2929005910722857,
                    "x2": 1.1996339738990218
                },
                "metrics": {
                    "outcome": -0.057623466180268035
                },
                "metadata": {
                    "trials": 1
                }
            },
            {
                "query": {
                    "x1": -1.242868726126424,
                    "x2": 0.1306169373949233
                },
                "metrics": {
                    "outcome": -0.2607061786003247
                },
                "metadata": {
                    "trials": 1
                }
            },
            {
                "query": {
                    "x1": 1.6208638433244351,
                    "x2": 1.1519602127571371
                },
                "metrics": {
                    "outcome": 0.03107807517745764
                },
                "metadata": {
                    "trials": 1
                }
            }
        ],
        [
            {
                "query": {
                    "x1": 1.2574389360930343,
                    "x2": -1.5331107573241307
                },
                "metrics": {
                    "outcome": 0.024661691020462225
                },
                "metadata": {
                    "trials": 1
                }
            },
            {
                "query": {
                    "x1": 0.9701622136014247,
                    "x2": -1.53324493981944
                },
                "metrics": {
                    "outcome": 0.036068089312171946
                },
                "metadata": {
                    "trials": 1
                }
            },
            {
                "query": {
                    "x1": 0.737002930668941,
                    "x2": -1.5333911036064727
                },
                "metrics": {
                    "outcome": 0.040777492396041434
                },
                "metadata": {
                    "trials": 1
                }
            }
        ],
        [
            {
                "query": {
                    "x1": 1.6463220508188514,
                    "x2": 5.811119544687965
                },
                "metrics": {
                    "outcome": 2.364150048891908e-16
                },
                "metadata": {
                    "trials": 1
                }
            },
            {
                "query": {
                    "x1": 1.4369582237869212,
                    "x2": 5.810831104052362
                },
                "metrics": {
                    "outcome": 3.948291548657639e-16
                },
                "metadata": {
                    "trials": 1
                }
            },
            {
                "query": {
                    "x1": 1.2219519298590407,
                    "x2": 5.810840593641108
                },
                "metrics": {
                    "outcome": 5.946341086870927e-16
                },
                "metadata": {
                    "trials": 1
                }
            }
        ],
        [
            {
                "query": {
                    "x1": -1.2358666728454177,
                    "x2": 0.08777520237887604
                },
                "metrics": {
                    "outcome": -0.266255624885353
                },
                "metadata": {
                    "trials": 1
                }
            },
            {
                "query": {
                    "x1": -1.2226314170701884,
                    "x2": 0.17346386138080883
                },
                "metrics": {
                    "outcome": -0.2660923478727375
                },
                "metadata": {
                    "trials": 1
                }
            },
            {
                "query": {
                    "x1": -1.3206260867806168,
                    "x2": 0.17450614004539622
                },
                "metrics": {
                    "outcome": -0.2239349386701004
                },
                "metadata": {
                    "trials": 1
                }
            }
        ],
        [
            {
                "query": {
                    "x1": -1.2451420089887024,
                    "x2": 0.03858051097968085
                },
                "metrics": {
                    "outcome": -0.26378589952286846
                },
                "metadata": {
                    "trials": 1
                }
            },
            {
                "query": {
                    "x1": -1.3055890390399862,
                    "x2": 0.03867285807851273
                },
                "metrics": {
                    "outcome": -0.23706900521914645
                },
                "metadata": {
                    "trials": 1
                }
            },
            {
                "query": {
                    "x1": -1.1907248394560062,
                    "x2": 0.038681603104882445
                },
                "metrics": {
                    "outcome": -0.28801011462483805
                },
                "metadata": {
                    "trials": 1
                }
            }
        ],
        [
            {
                "query": {
                    "x1": 3.1067413372193924,
                    "x2": -2.0
                },
                "metrics": {
                    "outcome": 3.6591950696570268e-06
                },
                "metadata": {
                    "trials": 1
                }
            },
            {
                "query": {
                    "x1": 3.525180702618285,
                    "x2": 6.0
                },
                "metrics": {
                    "outcome": 3.2782825251143533e-21
                },
                "metadata": {
                    "trials": 1
                }
            },
            {
                "query": {
                    "x1": 2.626206877077358,
                    "x2": 0.9003466149486687
                },
                "metrics": {
                    "outcome": 0.0011802298926783155
                },
                "metadata": {
                    "trials": 1
                }
            }
        ],
        [
            {
                "query": {
                    "x1": 5.325704006459521,
                    "x2": 5.999999999999999
                },
                "metrics": {
                    "outcome": 5.9405656140207785e-28
                },
                "metadata": {
                    "trials": 1
                }
            },
            {
                "query": {
                    "x1": 3.7786694385798913,
                    "x2": -2.0
                },
                "metrics": {
                    "outcome": 4.3566785438963744e-08
                },
                "metadata": {
                    "trials": 1
                }
            },
            {
                "query": {
                    "x1": 3.834248698244023,
                    "x2": 0.6673293159448925
                },
                "metrics": {
                    "outcome": 1.012773463663308e-06
                },
                "metadata": {
                    "trials": 1
                }
            }
        ],
        [
            {
                "query": {
                    "x1": 2.6290798893344576,
                    "x2": 6.0
                },
                "metrics": {
                    "outcome": 6.072009686692194e-19
                },
                "metadata": {
                    "trials": 1
                }
            },
            {
                "query": {
                    "x1": 5.205874255602102,
                    "x2": -2.0
                },
                "metrics": {
                    "outcome": 1.6197423547483488e-13
                },
                "metadata": {
                    "trials": 1
                }
            },
            {
                "query": {
                    "x1": 0.7425671368561839,
                    "x2": 2.7393735773280206
                },
                "metrics": {
                    "outcome": 0.00023563759649002731
                },
                "metadata": {
                    "trials": 1
                }
            }
        ],
        [
            {
                "query": {
                    "x1": 2.1386071392190136,
                    "x2": -2.0
                },
                "metrics": {
                    "outcome": 0.0004042464875641959
                },
                "metadata": {
                    "trials": 1
                }
            },
            {
                "query": {
                    "x1": -0.3711177604042788,
                    "x2": -2.0
                },
                "metrics": {
                    "outcome": -0.005922691753474777
                },
                "metadata": {
                    "trials": 1
                }
            },
            {
                "query": {
                    "x1": 0.5080552676558363,
                    "x2": 6.0
                },
                "metrics": {
                    "outcome": 9.103522105334833e-17
                },
                "metadata": {
                    "trials": 1
                }
            }
        ],
        [
            {
                "query": {
                    "x1": 2.7119771408949056,
                    "x2": 3.6877469779661256
                },
                "metrics": {
                    "outcome": 2.1525345146691184e-09
                },
                "metadata": {
                    "trials": 1
                }
            },
            {
                "query": {
                    "x1": 2.937408638537944,
                    "x2": 3.6879721434783423
                },
                "metrics": {
                    "outcome": 6.51345909644066e-10
                },
                "metadata": {
                    "trials": 1
                }
            },
            {
                "query": {
                    "x1": 3.1590753404822447,
                    "x2": 3.6882340191345984
                },
                "metrics": {
                    "outcome": 1.8099570472649469e-10
                },
                "metadata": {
                    "trials": 1
                }
            }
        ],
        [
            {
                "query": {
                    "x1": 6.0,
                    "x2": -0.5319205408571697
                },
                "metrics": {
                    "outcome": 1.0487472979553966e-15
                },
                "metadata": {
                    "trials": 1
                }
            },
            {
                "query": {
                    "x1": 5.371731128790362,
                    "x2": -0.560170997364396
                },
                "metrics": {
                    "outcome": 1.1535965265145241e-12
                },
                "metadata": {
                    "trials": 1
                }
            },
            {
                "query": {
                    "x1": 4.770074061299166,
                    "x2": -0.589468832219963
                },
                "metrics": {
                    "outcome": 4.424391287100202e-10
                },
                "metadata": {
                    "trials": 1
                }
            }
        ],
        [
            {
                "query": {
                    "x1": 1.0699868638078152,
                    "x2": -0.12183159402057564
                },
                "metrics": {
                    "outcome": 0.33552176396378647
                },
                "metadata": {
                    "trials": 1
                }
            },
            {
                "query": {
                    "x1": 1.634059071393351,
                    "x2": -0.15394841778590762
                },
                "metrics": {
                    "outcome": 0.11049533048695846
                },
                "metadata": {
                    "trials": 1
                }
            },
            {
                "query": {
                    "x1": 0.510549720265292,
                    "x2": -0.10144725676204036
                },
                "metrics": {
                    "outcome": 0.3893721092064789
                },
                "metadata": {
                    "trials": 1
                }
            }
        ],
        [
            {
                "query": {
                    "x1": 3.0360563210644598,
                    "x2": 1.6850680345228715
                },
                "metrics": {
                    "outcome": 1.761899713772515e-05
                },
                "metadata": {
                    "trials": 1
                }
            },
            {
                "query": {
                    "x1": 2.542088482342428,
                    "x2": 1.68695921039733
                },
                "metrics": {
                    "outcome": 0.00023054620749072643
                },
                "metadata": {
                    "trials": 1
                }
            },
            {
                "query": {
                    "x1": 2.1094878778551784,
                    "x2": 1.6886158932859
                },
                "metrics": {
                    "outcome": 0.0014231002170379539
                },
                "metadata": {
                    "trials": 1
                }
            }
        ]
    ],
    "best_results": [
        {
            "query": {
                "x1": -0.4345233789189331,
                "x2": -0.11918419840093675
            },
            "metrics": [
                {
                    "name": "outcome",
                    "value": -0.35468650320902767
                }
            ]
        }
    ]
}