{
    "date": "04/11/2022 16:30:29",
    "basic_params": {
        "active_variables": [
            "x"
        ],
        "default_query": {},
        "metric": "basic",
        "n_trials": 1
    },
    "objective_function": {
        "name": "Gramacy1D",
        "params": {}
    },
    "optimizer": {
        "name": "BBO-LP(LCB)-FoD",
        "params": {
            "lower_bound": [
                0.5
            ],
            "upper_bound": [
                2.5
            ],
            "invert_metric": false,
            "bopt_params": {
                "n_init_samples": 15,
                "n_iterations": 45,
                "n_iter_relearn": 5,
                "verbose_level": 0,
                "n_parallel_samples": 3,
                "fixed_dataset_size": 50,
                "par_type": "PAR_BBO",
                "crit_name": "cLP(cLCB)",
                "n_crit_params": 3,
                "crit_params": [
                    3,
                    1,
                    1.0
                ]
            }
        }
    },
    "iterations": [
        [
            {
                "query": {
                    "x": 1.3516756783549986
                },
                "metrics": {
                    "outcome": -0.3541030751368608
                },
                "metadata": {
                    "trials": 1
                }
            }
        ],
        [
            {
                "query": {
                    "x": 1.4716497840049367
                },
                "metrics": {
                    "outcome": 0.31363796429503893
                },
                "metadata": {
                    "trials": 1
                }
            }
        ],
        [
            {
                "query": {
                    "x": 0.7212894327317675
                },
                "metrics": {
                    "outcome": -0.4237977290063494
                },
                "metadata": {
                    "trials": 1
                }
            }
        ],
        [
            {
                "query": {
                    "x": 2.006115449468295
                },
                "metrics": {
                    "outcome": 1.0722772845350756
                },
                "metadata": {
                    "trials": 1
                }
            }
        ],
        [
            {
                "query": {
                    "x": 2.1888745801523326
                },
                "metrics": {
                    "outcome": 1.9195404968735361
                },
                "metadata": {
                    "trials": 1
                }
            }
        ],
        [
            {
                "query": {
                    "x": 1.0866453752542535
                },
                "metrics": {
                    "outcome": 0.18748991708004314
                },
                "metadata": {
                    "trials": 1
                }
            }
        ],
        [
            {
                "query": {
                    "x": 1.5859928936076662
                },
                "metrics": {
                    "outcome": -0.016379735602678497
                },
                "metadata": {
                    "trials": 1
                }
            }
        ],
        [
            {
                "query": {
                    "x": 0.6307262710295618
                },
                "metrics": {
                    "outcome": 0.6703962217885899
                },
                "metadata": {
                    "trials": 1
                }
            }
        ],
        [
            {
                "query": {
                    "x": 0.8966926994423072
                },
                "metrics": {
                    "outcome": 0.057945900353501355
                },
                "metadata": {
                    "trials": 1
                }
            }
        ],
        [
            {
                "query": {
                    "x": 2.38833877282838
                },
                "metrics": {
                    "outcome": 3.6402055614842452
                },
                "metadata": {
                    "trials": 1
                }
            }
        ],
        [
            {
                "query": {
                    "x": 2.3118659028473
                },
                "metrics": {
                    "outcome": 2.8830454855227794
                },
                "metadata": {
                    "trials": 1
                }
            }
        ],
        [
            {
                "query": {
                    "x": 0.9620253337547183
                },
                "metrics": {
                    "outcome": -0.4830845786490811
                },
                "metadata": {
                    "trials": 1
                }
            }
        ],
        [
            {
                "query": {
                    "x": 1.8710993737292787
                },
                "metrics": {
                    "outcome": 0.7864337832362753
                },
                "metadata": {
                    "trials": 1
                }
            }
        ],
        [
            {
                "query": {
                    "x": 1.7683602410989503
                },
                "metrics": {
                    "outcome": 0.1115435341961547
                },
                "metadata": {
                    "trials": 1
                }
            }
        ],
        [
            {
                "query": {
                    "x": 1.2544376882414023
                },
                "metrics": {
                    "outcome": 0.3989088053280928
                },
                "metadata": {
                    "trials": 1
                }
            }
        ],
        [
            {
                "query": {
                    "x": 1.0003249266719834
                },
                "metrics": {
                    "outcome": 0.0051021897523070465
                },
                "metadata": {
                    "trials": 1
                }
            },
            {
                "query": {
                    "x": 0.7646896080184902
                },
                "metrics": {
                    "outcome": -0.5823945204798158
                },
                "metadata": {
                    "trials": 1
                }
            },
            {
                "query": {
                    "x": 1.6721247378407957
                },
                "metrics": {
                    "outcome": 0.43373032248767607
                },
                "metadata": {
                    "trials": 1
                }
            }
        ],
        [
            {
                "query": {
                    "x": 0.7515116252179841
                },
                "metrics": {
                    "outcome": -0.6607629903086053
                },
                "metadata": {
                    "trials": 1
                }
            },
            {
                "query": {
                    "x": 0.7790779993487142
                },
                "metrics": {
                    "outcome": -0.38972821380058087
                },
                "metadata": {
                    "trials": 1
                }
            },
            {
                "query": {
                    "x": 0.948764872250323
                },
                "metrics": {
                    "outcome": -0.5265973815223097
                },
                "metadata": {
                    "trials": 1
                }
            }
        ],
        [
            {
                "query": {
                    "x": 0.7486862619357644
                },
                "metrics": {
                    "outcome": -0.6632787583570511
                },
                "metadata": {
                    "trials": 1
                }
            },
            {
                "query": {
                    "x": 0.7563582708863206
                },
                "metrics": {
                    "outcome": -0.6443940687862615
                },
                "metadata": {
                    "trials": 1
                }
            },
            {
                "query": {
                    "x": 0.7411044814308534
                },
                "metrics": {
                    "outcome": -0.644001832491767
                },
                "metadata": {
                    "trials": 1
                }
            }
        ],
        [
            {
                "query": {
                    "x": 0.7486091192897533
                },
                "metrics": {
                    "outcome": -0.663273871747813
                },
                "metadata": {
                    "trials": 1
                }
            },
            {
                "query": {
                    "x": 0.7536144474072066
                },
                "metrics": {
                    "outcome": -0.6555112829519182
                },
                "metadata": {
                    "trials": 1
                }
            },
            {
                "query": {
                    "x": 0.7436500181511843
                },
                "metrics": {
                    "outcome": -0.654706332003896
                },
                "metadata": {
                    "trials": 1
                }
            }
        ],
        [
            {
                "query": {
                    "x": 0.748665828864276
                },
                "metrics": {
                    "outcome": -0.6632778460124009
                },
                "metadata": {
                    "trials": 1
                }
            },
            {
                "query": {
                    "x": 0.7530353086204489
                },
                "metrics": {
                    "outcome": -0.6572430356122609
                },
                "metadata": {
                    "trials": 1
                }
            },
            {
                "query": {
                    "x": 0.7443230145850199
                },
                "metrics": {
                    "outcome": -0.6568228131839586
                },
                "metadata": {
                    "trials": 1
                }
            }
        ],
        [
            {
                "query": {
                    "x": 0.748686230225691
                },
                "metrics": {
                    "outcome": -0.6632787571544337
                },
                "metadata": {
                    "trials": 1
                }
            },
            {
                "query": {
                    "x": 0.7528358961425945
                },
                "metrics": {
                    "outcome": -0.6577892629462766
                },
                "metadata": {
                    "trials": 1
                }
            },
            {
                "query": {
                    "x": 0.7445565675799868
                },
                "metrics": {
                    "outcome": -0.6574873543294619
                },
                "metadata": {
                    "trials": 1
                }
            }
        ],
        [
            {
                "query": {
                    "x": 0.7487019415853742
                },
                "metrics": {
                    "outcome": -0.6632792718117714
                },
                "metadata": {
                    "trials": 1
                }
            },
            {
                "query": {
                    "x": 0.752627455605241
                },
                "metrics": {
                    "outcome": -0.6583327446940932
                },
                "metadata": {
                    "trials": 1
                }
            },
            {
                "query": {
                    "x": 0.7447912727437949
                },
                "metrics": {
                    "outcome": -0.6581188425715977
                },
                "metadata": {
                    "trials": 1
                }
            }
        ],
        [
            {
                "query": {
                    "x": 0.7487112106521545
                },
                "metrics": {
                    "outcome": -0.663279499117749
                },
                "metadata": {
                    "trials": 1
                }
            },
            {
                "query": {
                    "x": 0.7524692002038299
                },
                "metrics": {
                    "outcome": -0.658726596316991
                },
                "metadata": {
                    "trials": 1
                }
            },
            {
                "query": {
                    "x": 0.7449649803587227
                },
                "metrics": {
                    "outcome": -0.6585627545584672
                },
                "metadata": {
                    "trials": 1
                }
            }
        ],
        [
            {
                "query": {
                    "x": 0.7487173157603528
                },
                "metrics": {
                    "outcome": -0.6632796178965272
                },
                "metadata": {
                    "trials": 1
                }
            },
            {
                "query": {
                    "x": 0.7523424438404058
                },
                "metrics": {
                    "outcome": -0.659030352775329
                },
                "metadata": {
                    "trials": 1
                }
            },
            {
                "query": {
                    "x": 0.7451019031624972
                },
                "metrics": {
                    "outcome": -0.6588985959574385
                },
                "metadata": {
                    "trials": 1
                }
            }
        ],
        [
            {
                "query": {
                    "x": 0.7487215713343586
                },
                "metrics": {
                    "outcome": -0.6632796861591216
                },
                "metadata": {
                    "trials": 1
                }
            },
            {
                "query": {
                    "x": 0.7522460215055895
                },
                "metrics": {
                    "outcome": -0.6592544405466004
                },
                "metadata": {
                    "trials": 1
                }
            },
            {
                "query": {
                    "x": 0.7452054311851799
                },
                "metrics": {
                    "outcome": -0.6591442934598407
                },
                "metadata": {
                    "trials": 1
                }
            }
        ],
        [
            {
                "query": {
                    "x": 0.7487247448805906
                },
                "metrics": {
                    "outcome": -0.6632797292943905
                },
                "metadata": {
                    "trials": 1
                }
            },
            {
                "query": {
                    "x": 0.7521560520770496
                },
                "metrics": {
                    "outcome": -0.6594580911756177
                },
                "metadata": {
                    "trials": 1
                }
            },
            {
                "query": {
                    "x": 0.7453006675087472
                },
                "metrics": {
                    "outcome": -0.6593640509415859
                },
                "metadata": {
                    "trials": 1
                }
            }
        ],
        [
            {
                "query": {
                    "x": 0.7487271694327625
                },
                "metrics": {
                    "outcome": -0.6632797577756937
                },
                "metadata": {
                    "trials": 1
                }
            },
            {
                "query": {
                    "x": 0.7520700188089552
                },
                "metrics": {
                    "outcome": -0.6596479168861819
                },
                "metadata": {
                    "trials": 1
                }
            },
            {
                "query": {
                    "x": 0.7453906568864501
                },
                "metrics": {
                    "outcome": -0.6595661869984872
                },
                "metadata": {
                    "trials": 1
                }
            }
        ],
        [
            {
                "query": {
                    "x": 0.7487291039272147
                },
                "metrics": {
                    "outcome": -0.6632797777209735
                },
                "metadata": {
                    "trials": 1
                }
            },
            {
                "query": {
                    "x": 0.7520007890325213
                },
                "metrics": {
                    "outcome": -0.6597971761283659
                },
                "metadata": {
                    "trials": 1
                }
            },
            {
                "query": {
                    "x": 0.7454630916539091
                },
                "metrics": {
                    "outcome": -0.6597249992564
                },
                "metadata": {
                    "trials": 1
                }
            }
        ],
        [
            {
                "query": {
                    "x": 0.7487447456605735
                },
                "metrics": {
                    "outcome": -0.6632798483819293
                },
                "metadata": {
                    "trials": 1
                }
            },
            {
                "query": {
                    "x": 0.7519509986983632
                },
                "metrics": {
                    "outcome": -0.6599025985931695
                },
                "metadata": {
                    "trials": 1
                }
            },
            {
                "query": {
                    "x": 0.7455421679512098
                },
                "metrics": {
                    "outcome": -0.6598944091828192
                },
                "metadata": {
                    "trials": 1
                }
            }
        ],
        [
            {
                "query": {
                    "x": 0.7487446415900426
                },
                "metrics": {
                    "outcome": -0.6632798484447298
                },
                "metadata": {
                    "trials": 1
                }
            },
            {
                "query": {
                    "x": 0.7518886788775048
                },
                "metrics": {
                    "outcome": -0.660032279286397
                },
                "metadata": {
                    "trials": 1
                }
            },
            {
                "query": {
                    "x": 0.7456040669383399
                },
                "metrics": {
                    "outcome": -0.6600241320354842
                },
                "metadata": {
                    "trials": 1
                }
            }
        ],
        [
            {
                "query": {
                    "x": 0.7487436127217715
                },
                "metrics": {
                    "outcome": -0.6632798486814236
                },
                "metadata": {
                    "trials": 1
                }
            },
            {
                "query": {
                    "x": 0.7520284179544958
                },
                "metrics": {
                    "outcome": -0.659737981614582
                },
                "metadata": {
                    "trials": 1
                }
            },
            {
                "query": {
                    "x": 0.7454631742514786
                },
                "metrics": {
                    "outcome": -0.659725178368824
                },
                "metadata": {
                    "trials": 1
                }
            }
        ],
        [
            {
                "query": {
                    "x": 0.9169428277836116
                },
                "metrics": {
                    "outcome": -0.27668427766307996
                },
                "metadata": {
                    "trials": 1
                }
            },
            {
                "query": {
                    "x": 0.7487410704989796
                },
                "metrics": {
                    "outcome": -0.6632798462742021
                },
                "metadata": {
                    "trials": 1
                }
            },
            {
                "query": {
                    "x": 0.7520168407498259
                },
                "metrics": {
                    "outcome": -0.6597628459612414
                },
                "metadata": {
                    "trials": 1
                }
            }
        ],
        [
            {
                "query": {
                    "x": 1.0170886684991247
                },
                "metrics": {
                    "outcome": 0.25142217812687984
                },
                "metadata": {
                    "trials": 1
                }
            },
            {
                "query": {
                    "x": 0.7487422680941866
                },
                "metrics": {
                    "outcome": -0.6632798479389258
                },
                "metadata": {
                    "trials": 1
                }
            },
            {
                "query": {
                    "x": 0.751890116663704
                },
                "metrics": {
                    "outcome": -0.6600293158682886
                },
                "metadata": {
                    "trials": 1
                }
            }
        ],
        [
            {
                "query": {
                    "x": 0.7487433346193596
                },
                "metrics": {
                    "outcome": -0.6632798486256102
                },
                "metadata": {
                    "trials": 1
                }
            },
            {
                "query": {
                    "x": 0.7518267292465419
                },
                "metrics": {
                    "outcome": -0.6601586866584601
                },
                "metadata": {
                    "trials": 1
                }
            },
            {
                "query": {
                    "x": 0.745663290941059
                },
                "metrics": {
                    "outcome": -0.6601458754951738
                },
                "metadata": {
                    "trials": 1
                }
            }
        ],
        [
            {
                "query": {
                    "x": 0.7487417025476772
                },
                "metrics": {
                    "outcome": -0.6632798472705934
                },
                "metadata": {
                    "trials": 1
                }
            },
            {
                "query": {
                    "x": 0.7523833203498156
                },
                "metrics": {
                    "outcome": -0.6589335349113827
                },
                "metadata": {
                    "trials": 1
                }
            },
            {
                "query": {
                    "x": 0.7451038540710736
                },
                "metrics": {
                    "outcome": -0.658903291493521
                },
                "metadata": {
                    "trials": 1
                }
            }
        ],
        [
            {
                "query": {
                    "x": 0.7487361357942288
                },
                "metrics": {
                    "outcome": -0.6632798294412441
                },
                "metadata": {
                    "trials": 1
                }
            },
            {
                "query": {
                    "x": 0.7526952998969729
                },
                "metrics": {
                    "outcome": -0.6581589346128832
                },
                "metadata": {
                    "trials": 1
                }
            },
            {
                "query": {
                    "x": 0.7447915887043383
                },
                "metrics": {
                    "outcome": -0.6581196681296633
                },
                "metadata": {
                    "trials": 1
                }
            }
        ],
        [
            {
                "query": {
                    "x": 0.7487342168814435
                },
                "metrics": {
                    "outcome": -0.6632798185610685
                },
                "metadata": {
                    "trials": 1
                }
            },
            {
                "query": {
                    "x": 0.7527728853921701
                },
                "metrics": {
                    "outcome": -0.6579565186592768
                },
                "metadata": {
                    "trials": 1
                }
            },
            {
                "query": {
                    "x": 0.7447100977785185
                },
                "metrics": {
                    "outcome": -0.6579045570835316
                },
                "metadata": {
                    "trials": 1
                }
            }
        ],
        [
            {
                "query": {
                    "x": 0.7487335005301521
                },
                "metrics": {
                    "outcome": -0.6632798138771978
                },
                "metadata": {
                    "trials": 1
                }
            },
            {
                "query": {
                    "x": 0.7527932925105757
                },
                "metrics": {
                    "outcome": -0.6579026310581382
                },
                "metadata": {
                    "trials": 1
                }
            },
            {
                "query": {
                    "x": 0.7446873376772541
                },
                "metrics": {
                    "outcome": -0.6578436928463723
                },
                "metadata": {
                    "trials": 1
                }
            }
        ],
        [
            {
                "query": {
                    "x": 0.748733163190126
                },
                "metrics": {
                    "outcome": -0.6632798115543443
                },
                "metadata": {
                    "trials": 1
                }
            },
            {
                "query": {
                    "x": 0.7527982740821764
                },
                "metrics": {
                    "outcome": -0.6578894356946413
                },
                "metadata": {
                    "trials": 1
                }
            },
            {
                "query": {
                    "x": 0.7446808735104872
                },
                "metrics": {
                    "outcome": -0.6578263441457342
                },
                "metadata": {
                    "trials": 1
                }
            }
        ],
        [
            {
                "query": {
                    "x": 0.7487330271282027
                },
                "metrics": {
                    "outcome": -0.663279810596221
                },
                "metadata": {
                    "trials": 1
                }
            },
            {
                "query": {
                    "x": 0.7527924737395076
                },
                "metrics": {
                    "outcome": -0.6579047983127093
                },
                "metadata": {
                    "trials": 1
                }
            },
            {
                "query": {
                    "x": 0.7446858543829682
                },
                "metrics": {
                    "outcome": -0.6578397143849266
                },
                "metadata": {
                    "trials": 1
                }
            }
        ],
        [
            {
                "query": {
                    "x": 0.7487329472572655
                },
                "metrics": {
                    "outcome": -0.6632798100280999
                },
                "metadata": {
                    "trials": 1
                }
            },
            {
                "query": {
                    "x": 0.7527834272891343
                },
                "metrics": {
                    "outcome": -0.6579287150569316
                },
                "metadata": {
                    "trials": 1
                }
            },
            {
                "query": {
                    "x": 0.7446943398838353
                },
                "metrics": {
                    "outcome": -0.6578624543756293
                },
                "metadata": {
                    "trials": 1
                }
            }
        ],
        [
            {
                "query": {
                    "x": 0.7487327595303168
                },
                "metrics": {
                    "outcome": -0.6632798086762437
                },
                "metadata": {
                    "trials": 1
                }
            },
            {
                "query": {
                    "x": 0.7527746944598888
                },
                "metrics": {
                    "outcome": -0.657951752462616
                },
                "metadata": {
                    "trials": 1
                }
            },
            {
                "query": {
                    "x": 0.7447024649978773
                },
                "metrics": {
                    "outcome": -0.6578841839549889
                },
                "metadata": {
                    "trials": 1
                }
            }
        ],
        [
            {
                "query": {
                    "x": 0.7487325065134062
                },
                "metrics": {
                    "outcome": -0.6632798068174681
                },
                "metadata": {
                    "trials": 1
                }
            },
            {
                "query": {
                    "x": 0.7527678782625937
                },
                "metrics": {
                    "outcome": -0.6579696994823366
                },
                "metadata": {
                    "trials": 1
                }
            },
            {
                "query": {
                    "x": 0.744708631584631
                },
                "metrics": {
                    "outcome": -0.6579006465638804
                },
                "metadata": {
                    "trials": 1
                }
            }
        ],
        [
            {
                "query": {
                    "x": 0.7487321270217973
                },
                "metrics": {
                    "outcome": -0.663279803950442
                },
                "metadata": {
                    "trials": 1
                }
            },
            {
                "query": {
                    "x": 0.7527636473824739
                },
                "metrics": {
                    "outcome": -0.6579808242604592
                },
                "metadata": {
                    "trials": 1
                }
            },
            {
                "query": {
                    "x": 0.744712082980361
                },
                "metrics": {
                    "outcome": -0.6579098495958494
                },
                "metadata": {
                    "trials": 1
                }
            }
        ],
        [
            {
                "query": {
                    "x": 0.7487316091727829
                },
                "metrics": {
                    "outcome": -0.6632797998849828
                },
                "metadata": {
                    "trials": 1
                }
            },
            {
                "query": {
                    "x": 0.7527623493814855
                },
                "metrics": {
                    "outcome": -0.6579842349351024
                },
                "metadata": {
                    "trials": 1
                }
            },
            {
                "query": {
                    "x": 0.7447123846128062
                },
                "metrics": {
                    "outcome": -0.6579106535144383
                },
                "metadata": {
                    "trials": 1
                }
            }
        ],
        [
            {
                "query": {
                    "x": 0.7487310603587553
                },
                "metrics": {
                    "outcome": -0.6632797953834872
                },
                "metadata": {
                    "trials": 1
                }
            },
            {
                "query": {
                    "x": 0.7527642985168557
                },
                "metrics": {
                    "outcome": -0.6579791129056904
                },
                "metadata": {
                    "trials": 1
                }
            },
            {
                "query": {
                    "x": 0.7447096415698345
                },
                "metrics": {
                    "outcome": -0.6579033404711397
                },
                "metadata": {
                    "trials": 1
                }
            }
        ],
        [
            {
                "query": {
                    "x": 0.7487302196779874
                },
                "metrics": {
                    "outcome": -0.6632797881030369
                },
                "metadata": {
                    "trials": 1
                }
            },
            {
                "query": {
                    "x": 0.7527689107799393
                },
                "metrics": {
                    "outcome": -0.6579669827991842
                },
                "metadata": {
                    "trials": 1
                }
            },
            {
                "query": {
                    "x": 0.7447034037307545
                },
                "metrics": {
                    "outcome": -0.6578866916628878
                },
                "metadata": {
                    "trials": 1
                }
            }
        ],
        [
            {
                "query": {
                    "x": 0.7487291036308037
                },
                "metrics": {
                    "outcome": -0.6632797777181064
                },
                "metadata": {
                    "trials": 1
                }
            },
            {
                "query": {
                    "x": 0.7527768409368105
                },
                "metrics": {
                    "outcome": -0.6579460945775578
                },
                "metadata": {
                    "trials": 1
                }
            },
            {
                "query": {
                    "x": 0.7446935564906509
                },
                "metrics": {
                    "outcome": -0.657860356983187
                },
                "metadata": {
                    "trials": 1
                }
            }
        ],
        [
            {
                "query": {
                    "x": 0.748743510267325
                },
                "metrics": {
                    "outcome": -0.6632798486667926
                },
                "metadata": {
                    "trials": 1
                }
            },
            {
                "query": {
                    "x": 0.752754499162261
                },
                "metrics": {
                    "outcome": -0.6580048392355251
                },
                "metadata": {
                    "trials": 1
                }
            },
            {
                "query": {
                    "x": 0.7447381248567188
                },
                "metrics": {
                    "outcome": -0.6579790354380711
                },
                "metadata": {
                    "trials": 1
                }
            }
        ],
        [
            {
                "query": {
                    "x": 0.748749279762287
                },
                "metrics": {
                    "outcome": -0.6632798387149408
                },
                "metadata": {
                    "trials": 1
                }
            },
            {
                "query": {
                    "x": 0.752754110257333
                },
                "metrics": {
                    "outcome": -0.6580058589497659
                },
                "metadata": {
                    "trials": 1
                }
            },
            {
                "query": {
                    "x": 0.7447479035916804
                },
                "metrics": {
                    "outcome": -0.6580048989292289
                },
                "metadata": {
                    "trials": 1
                }
            }
        ],
        [
            {
                "query": {
                    "x": 0.7487533495069247
                },
                "metrics": {
                    "outcome": -0.6632798184978997
                },
                "metadata": {
                    "trials": 1
                }
            },
            {
                "query": {
                    "x": 0.7446934265839129
                },
                "metrics": {
                    "outcome": -0.6578600091423494
                },
                "metadata": {
                    "trials": 1
                }
            },
            {
                "query": {
                    "x": 0.7528153611663806
                },
                "metrics": {
                    "outcome": -0.6578440529242332
                },
                "metadata": {
                    "trials": 1
                }
            }
        ],
        [
            {
                "query": {
                    "x": 0.7487543307612943
                },
                "metrics": {
                    "outcome": -0.663279811989933
                },
                "metadata": {
                    "trials": 1
                }
            },
            {
                "query": {
                    "x": 0.7446747320034182
                },
                "metrics": {
                    "outcome": -0.6578098358110175
                },
                "metadata": {
                    "trials": 1
                }
            },
            {
                "query": {
                    "x": 0.7528358507298687
                },
                "metrics": {
                    "outcome": -0.6577893844140444
                },
                "metadata": {
                    "trials": 1
                }
            }
        ],
        [
            {
                "query": {
                    "x": 0.7487544968685874
                },
                "metrics": {
                    "outcome": -0.6632798108254502
                },
                "metadata": {
                    "trials": 1
                }
            },
            {
                "query": {
                    "x": 0.7446734650257142
                },
                "metrics": {
                    "outcome": -0.6578064270790324
                },
                "metadata": {
                    "trials": 1
                }
            },
            {
                "query": {
                    "x": 0.7528372823099222
                },
                "metrics": {
                    "outcome": -0.6577855546514659
                },
                "metadata": {
                    "trials": 1
                }
            }
        ],
        [
            {
                "query": {
                    "x": 0.748754274960651
                },
                "metrics": {
                    "outcome": -0.6632798123770384
                },
                "metadata": {
                    "trials": 1
                }
            },
            {
                "query": {
                    "x": 0.7446753499674135
                },
                "metrics": {
                    "outcome": -0.6578114980231368
                },
                "metadata": {
                    "trials": 1
                }
            },
            {
                "query": {
                    "x": 0.7528348184496294
                },
                "metrics": {
                    "outcome": -0.6577921451478901
                },
                "metadata": {
                    "trials": 1
                }
            }
        ],
        [
            {
                "query": {
                    "x": 0.7487539825914706
                },
                "metrics": {
                    "outcome": -0.6632798143717409
                },
                "metadata": {
                    "trials": 1
                }
            },
            {
                "query": {
                    "x": 0.7446753528443257
                },
                "metrics": {
                    "outcome": -0.657811505760923
                },
                "metadata": {
                    "trials": 1
                }
            },
            {
                "query": {
                    "x": 0.7528340729813152
                },
                "metrics": {
                    "outcome": -0.65779413840263
                },
                "metadata": {
                    "trials": 1
                }
            }
        ],
        [
            {
                "query": {
                    "x": 0.7487537020178218
                },
                "metrics": {
                    "outcome": -0.663279816232989
                },
                "metadata": {
                    "trials": 1
                }
            },
            {
                "query": {
                    "x": 0.744675173208947
                },
                "metrics": {
                    "outcome": -0.6578110226004041
                },
                "metadata": {
                    "trials": 1
                }
            },
            {
                "query": {
                    "x": 0.7528335088997664
                },
                "metrics": {
                    "outcome": -0.6577956464214556
                },
                "metadata": {
                    "trials": 1
                }
            }
        ],
        [
            {
                "query": {
                    "x": 0.7487534025702052
                },
                "metrics": {
                    "outcome": -0.6632798181622007
                },
                "metadata": {
                    "trials": 1
                }
            },
            {
                "query": {
                    "x": 0.7446749217847811
                },
                "metrics": {
                    "outcome": -0.6578103463156533
                },
                "metadata": {
                    "trials": 1
                }
            },
            {
                "query": {
                    "x": 0.7528330052672836
                },
                "metrics": {
                    "outcome": -0.6577969926616155
                },
                "metadata": {
                    "trials": 1
                }
            }
        ],
        [
            {
                "query": {
                    "x": 0.7487530880174915
                },
                "metrics": {
                    "outcome": -0.6632798201250769
                },
                "metadata": {
                    "trials": 1
                }
            },
            {
                "query": {
                    "x": 0.7446740054981889
                },
                "metrics": {
                    "outcome": -0.6578078813195358
                },
                "metadata": {
                    "trials": 1
                }
            },
            {
                "query": {
                    "x": 0.7528331303708444
                },
                "metrics": {
                    "outcome": -0.6577966582675175
                },
                "metadata": {
                    "trials": 1
                }
            }
        ],
        [
            {
                "query": {
                    "x": 0.7487528296497685
                },
                "metrics": {
                    "outcome": -0.6632798216885627
                },
                "metadata": {
                    "trials": 1
                }
            },
            {
                "query": {
                    "x": 0.7446745978901091
                },
                "metrics": {
                    "outcome": -0.657809475036964
                },
                "metadata": {
                    "trials": 1
                }
            },
            {
                "query": {
                    "x": 0.7528318573060353
                },
                "metrics": {
                    "outcome": -0.6578000606188753
                },
                "metadata": {
                    "trials": 1
                }
            }
        ],
        [
            {
                "query": {
                    "x": 0.7487525694515271
                },
                "metrics": {
                    "outcome": -0.6632798232186571
                },
                "metadata": {
                    "trials": 1
                }
            },
            {
                "query": {
                    "x": 0.7446741043323224
                },
                "metrics": {
                    "outcome": -0.6578081472300417
                },
                "metadata": {
                    "trials": 1
                }
            },
            {
                "query": {
                    "x": 0.752831675671496
                },
                "metrics": {
                    "outcome": -0.6578005459640083
                },
                "metadata": {
                    "trials": 1
                }
            }
        ]
    ],
    "best_results": [
        {
            "query": {
                "x": 0.7487436127217715
            },
            "metrics": [
                {
                    "name": "outcome",
                    "value": -0.6632798486814236
                }
            ]
        }
    ]
}