{
    "date": "26/10/2022 19:15:24",
    "basic_params": {
        "active_variables": [
            "x1",
            "x2"
        ],
        "default_query": {},
        "metric": "basic",
        "n_trials": 1
    },
    "objective_function": {
        "name": "Goldstein",
        "params": {}
    },
    "optimizer": {
        "name": "BBO-LP",
        "params": {
            "lower_bound": [
                -2.0,
                -2.0
            ],
            "upper_bound": [
                2.0,
                2.0
            ],
            "invert_metric": false,
            "bopt_params": {
                "n_init_samples": 15,
                "n_iterations": 45,
                "verbose_level": 1,
                "n_parallel_samples": 3,
                "par_type": "PAR_BBO",
                "crit_name": "cLP(cLCB)",
                "n_crit_params": 4,
                "crit_params": [
                    3,
                    1,
                    1.0
                ]
            }
        }
    },
    "iterations": [
        [
            {
                "query": {
                    "x1": -1.4456427485992511,
                    "x2": -0.15049999188631769
                },
                "metrics": {
                    "outcome": 8759.705373733506
                },
                "metadata": {
                    "trials": 1
                }
            }
        ],
        [
            {
                "query": {
                    "x1": 0.6018302234510582,
                    "x2": -1.0746047128612797
                },
                "metrics": {
                    "outcome": 1221.1132439687435
                },
                "metadata": {
                    "trials": 1
                }
            }
        ],
        [
            {
                "query": {
                    "x1": -0.3777557827532292,
                    "x2": -0.6082348801816504
                },
                "metrics": {
                    "outcome": 35.18624883028325
                },
                "metadata": {
                    "trials": 1
                }
            }
        ],
        [
            {
                "query": {
                    "x1": -0.9422127363582453,
                    "x2": -1.9603599807868402
                },
                "metrics": {
                    "outcome": 18970.077304560342
                },
                "metadata": {
                    "trials": 1
                }
            }
        ],
        [
            {
                "query": {
                    "x1": 1.8824770112832385,
                    "x2": 0.5313149744644763
                },
                "metrics": {
                    "outcome": 573.8052786524679
                },
                "metadata": {
                    "trials": 1
                }
            }
        ],
        [
            {
                "query": {
                    "x1": -0.11892823589344825,
                    "x2": 1.6736886257926624
                },
                "metrics": {
                    "outcome": 155895.61583801097
                },
                "metadata": {
                    "trials": 1
                }
            }
        ],
        [
            {
                "query": {
                    "x1": -1.924752567956845,
                    "x2": 0.8495846592510738
                },
                "metrics": {
                    "outcome": 12102.345594366801
                },
                "metadata": {
                    "trials": 1
                }
            }
        ],
        [
            {
                "query": {
                    "x1": -0.6606193791454038,
                    "x2": 1.965726845463117
                },
                "metrics": {
                    "outcome": 484526.11956637347
                },
                "metadata": {
                    "trials": 1
                }
            }
        ],
        [
            {
                "query": {
                    "x1": 0.21336910439034318,
                    "x2": 0.206768465352555
                },
                "metrics": {
                    "outcome": 878.3996748456002
                },
                "metadata": {
                    "trials": 1
                }
            }
        ],
        [
            {
                "query": {
                    "x1": 1.1830689047773677,
                    "x2": -1.520003915205598
                },
                "metrics": {
                    "outcome": 28724.653042078717
                },
                "metadata": {
                    "trials": 1
                }
            }
        ],
        [
            {
                "query": {
                    "x1": 1.6785840261727571,
                    "x2": 0.03903668882946176
                },
                "metrics": {
                    "outcome": 155.98059855382732
                },
                "metadata": {
                    "trials": 1
                }
            }
        ],
        [
            {
                "query": {
                    "x1": 1.3518152489016453,
                    "x2": 1.0193266599128643
                },
                "metrics": {
                    "outcome": 1035.2992037318559
                },
                "metadata": {
                    "trials": 1
                }
            }
        ],
        [
            {
                "query": {
                    "x1": 0.7600573120017846,
                    "x2": -1.3783698500444492
                },
                "metrics": {
                    "outcome": 4054.7260944880622
                },
                "metadata": {
                    "trials": 1
                }
            }
        ],
        [
            {
                "query": {
                    "x1": -1.4861644588410854,
                    "x2": -0.7487531252826254
                },
                "metrics": {
                    "outcome": 4669.958170614466
                },
                "metadata": {
                    "trials": 1
                }
            }
        ],
        [
            {
                "query": {
                    "x1": -0.7139108618721366,
                    "x2": 1.4411956099172434
                },
                "metrics": {
                    "outcome": 222762.91614655376
                },
                "metadata": {
                    "trials": 1
                }
            }
        ],
        [
            {
                "query": {
                    "x1": 0.44444444444444464,
                    "x2": -1.3333333333333333
                },
                "metrics": {
                    "outcome": 431.5075008849115
                },
                "metadata": {
                    "trials": 1
                }
            },
            {
                "query": {
                    "x1": 0.44444444444444464,
                    "x2": -1.3333333333333333
                },
                "metrics": {
                    "outcome": 431.5075008849115
                },
                "metadata": {
                    "trials": 1
                }
            },
            {
                "query": {
                    "x1": 0.44444444444444464,
                    "x2": -1.3333333333333333
                },
                "metrics": {
                    "outcome": 431.5075008849115
                },
                "metadata": {
                    "trials": 1
                }
            }
        ],
        [
            {
                "query": {
                    "x1": -0.3336109799994176,
                    "x2": -0.6132035457095502
                },
                "metrics": {
                    "outcome": 38.04821236083606
                },
                "metadata": {
                    "trials": 1
                }
            },
            {
                "query": {
                    "x1": -0.3317139507225999,
                    "x2": -0.6175448483772286
                },
                "metrics": {
                    "outcome": 37.65969284636784
                },
                "metadata": {
                    "trials": 1
                }
            },
            {
                "query": {
                    "x1": -0.33860397922274355,
                    "x2": -0.6188728968569084
                },
                "metrics": {
                    "outcome": 36.7927975314784
                },
                "metadata": {
                    "trials": 1
                }
            }
        ],
        [
            {
                "query": {
                    "x1": -0.3711362675819847,
                    "x2": -0.6211689984525532
                },
                "metrics": {
                    "outcome": 34.89104363896553
                },
                "metadata": {
                    "trials": 1
                }
            },
            {
                "query": {
                    "x1": -0.37113630408955456,
                    "x2": -0.6211689976728942
                },
                "metrics": {
                    "outcome": 34.89104318563024
                },
                "metadata": {
                    "trials": 1
                }
            },
            {
                "query": {
                    "x1": -0.3711362983093458,
                    "x2": -0.6211689991645715
                },
                "metrics": {
                    "outcome": 34.89104321857677
                },
                "metadata": {
                    "trials": 1
                }
            }
        ],
        [
            {
                "query": {
                    "x1": -0.36684642373544496,
                    "x2": -0.6153067065062221
                },
                "metrics": {
                    "outcome": 35.23926282119978
                },
                "metadata": {
                    "trials": 1
                }
            },
            {
                "query": {
                    "x1": -0.36684644284666,
                    "x2": -0.6153067426296686
                },
                "metrics": {
                    "outcome": 35.239260184212554
                },
                "metadata": {
                    "trials": 1
                }
            },
            {
                "query": {
                    "x1": -0.36684631303709647,
                    "x2": -0.6153067354874553
                },
                "metrics": {
                    "outcome": 35.239265543955625
                },
                "metadata": {
                    "trials": 1
                }
            }
        ],
        [
            {
                "query": {
                    "x1": -0.3732023088947758,
                    "x2": -0.621175762643694
                },
                "metrics": {
                    "outcome": 34.869031285446596
                },
                "metadata": {
                    "trials": 1
                }
            },
            {
                "query": {
                    "x1": -0.3732036859872616,
                    "x2": -0.621175144583721
                },
                "metrics": {
                    "outcome": 34.869034273976844
                },
                "metadata": {
                    "trials": 1
                }
            },
            {
                "query": {
                    "x1": -0.3732025122833098,
                    "x2": -0.6211759931874472
                },
                "metrics": {
                    "outcome": 34.86902435355721
                },
                "metadata": {
                    "trials": 1
                }
            }
        ],
        [
            {
                "query": {
                    "x1": -0.37399368734404637,
                    "x2": -0.6210383423207844
                },
                "metrics": {
                    "outcome": 34.866236821654745
                },
                "metadata": {
                    "trials": 1
                }
            },
            {
                "query": {
                    "x1": -0.37399460356876846,
                    "x2": -0.6210384103216011
                },
                "metrics": {
                    "outcome": 34.866229342584376
                },
                "metadata": {
                    "trials": 1
                }
            },
            {
                "query": {
                    "x1": -0.3739932759076887,
                    "x2": -0.6210385040299768
                },
                "metrics": {
                    "outcome": 34.8662361189969
                },
                "metadata": {
                    "trials": 1
                }
            }
        ],
        [
            {
                "query": {
                    "x1": -0.37438477095493394,
                    "x2": -0.6208555486820513
                },
                "metrics": {
                    "outcome": 34.86754965816577
                },
                "metadata": {
                    "trials": 1
                }
            },
            {
                "query": {
                    "x1": -0.3743845916494841,
                    "x2": -0.6208554037705052
                },
                "metrics": {
                    "outcome": 34.867553732443874
                },
                "metadata": {
                    "trials": 1
                }
            },
            {
                "query": {
                    "x1": -0.37438583738687603,
                    "x2": -0.6208581613501951
                },
                "metrics": {
                    "outcome": 34.86748954233784
                },
                "metadata": {
                    "trials": 1
                }
            }
        ],
        [
            {
                "query": {
                    "x1": -0.3745621892782851,
                    "x2": -0.6207467315810262
                },
                "metrics": {
                    "outcome": 34.868689663462426
                },
                "metadata": {
                    "trials": 1
                }
            },
            {
                "query": {
                    "x1": -0.3745626357368026,
                    "x2": -0.6207467679628984
                },
                "metrics": {
                    "outcome": 34.86868624019439
                },
                "metadata": {
                    "trials": 1
                }
            },
            {
                "query": {
                    "x1": -0.3745624211401368,
                    "x2": -0.6207470952604484
                },
                "metrics": {
                    "outcome": 34.86868089316
                },
                "metadata": {
                    "trials": 1
                }
            }
        ],
        [
            {
                "query": {
                    "x1": -0.3746407367337208,
                    "x2": -0.6206944438347961
                },
                "metrics": {
                    "outcome": 34.86927719238608
                },
                "metadata": {
                    "trials": 1
                }
            },
            {
                "query": {
                    "x1": -0.37464046988713795,
                    "x2": -0.6206945383928355
                },
                "metrics": {
                    "outcome": 34.869276875400196
                },
                "metadata": {
                    "trials": 1
                }
            },
            {
                "query": {
                    "x1": -0.37463973904567194,
                    "x2": -0.6206954893091854
                },
                "metrics": {
                    "outcome": 34.86926203537999
                },
                "metadata": {
                    "trials": 1
                }
            }
        ],
        [
            {
                "query": {
                    "x1": -0.37467783314543124,
                    "x2": -0.6206685318657394
                },
                "metrics": {
                    "outcome": 34.869578895007
                },
                "metadata": {
                    "trials": 1
                }
            },
            {
                "query": {
                    "x1": -0.37467810288130976,
                    "x2": -0.620668316547909
                },
                "metrics": {
                    "outcome": 34.86958162986836
                },
                "metadata": {
                    "trials": 1
                }
            },
            {
                "query": {
                    "x1": -0.3746785614938486,
                    "x2": -0.6206692772905453
                },
                "metrics": {
                    "outcome": 34.86955954424494
                },
                "metadata": {
                    "trials": 1
                }
            }
        ],
        [
            {
                "query": {
                    "x1": -0.3746980486439886,
                    "x2": -0.6206539436630336
                },
                "metrics": {
                    "outcome": 34.86975259413916
                },
                "metadata": {
                    "trials": 1
                }
            },
            {
                "query": {
                    "x1": -0.3746978607334144,
                    "x2": -0.6206534654311275
                },
                "metrics": {
                    "outcome": 34.869763337913845
                },
                "metadata": {
                    "trials": 1
                }
            },
            {
                "query": {
                    "x1": -0.3746984711264474,
                    "x2": -0.6206540614862219
                },
                "metrics": {
                    "outcome": 34.86974771394333
                },
                "metadata": {
                    "trials": 1
                }
            }
        ],
        [
            {
                "query": {
                    "x1": -0.3747095807030629,
                    "x2": -0.6206456569712062
                },
                "metrics": {
                    "outcome": 34.86985092438253
                },
                "metadata": {
                    "trials": 1
                }
            },
            {
                "query": {
                    "x1": -0.3747098557141999,
                    "x2": -0.6206460661355595
                },
                "metrics": {
                    "outcome": 34.86984106131323
                },
                "metadata": {
                    "trials": 1
                }
            },
            {
                "query": {
                    "x1": -0.37470926157558826,
                    "x2": -0.6206457444695945
                },
                "metrics": {
                    "outcome": 34.86985105716535
                },
                "metadata": {
                    "trials": 1
                }
            }
        ],
        [
            {
                "query": {
                    "x1": -0.3747163861434275,
                    "x2": -0.6206405608409187
                },
                "metrics": {
                    "outcome": 34.8699130770371
                },
                "metadata": {
                    "trials": 1
                }
            },
            {
                "query": {
                    "x1": -0.3747167171507966,
                    "x2": -0.6206403243017204
                },
                "metrics": {
                    "outcome": 34.869915871811436
                },
                "metadata": {
                    "trials": 1
                }
            },
            {
                "query": {
                    "x1": -0.37471653912002423,
                    "x2": -0.6206405195788485
                },
                "metrics": {
                    "outcome": 34.86991299986912
                },
                "metadata": {
                    "trials": 1
                }
            }
        ],
        [
            {
                "query": {
                    "x1": -0.3747215778062385,
                    "x2": -0.620636799612478
                },
                "metrics": {
                    "outcome": 34.86995793875356
                },
                "metadata": {
                    "trials": 1
                }
            },
            {
                "query": {
                    "x1": -0.37472051407915696,
                    "x2": -0.620636505954729
                },
                "metrics": {
                    "outcome": 34.86997015073268
                },
                "metadata": {
                    "trials": 1
                }
            },
            {
                "query": {
                    "x1": -0.3747217155671507,
                    "x2": -0.6206368861633671
                },
                "metrics": {
                    "outcome": 34.869955381935796
                },
                "metadata": {
                    "trials": 1
                }
            }
        ],
        [
            {
                "query": {
                    "x1": -0.3747232011813346,
                    "x2": -0.620634323511775
                },
                "metrics": {
                    "outcome": 34.86999810504281
                },
                "metadata": {
                    "trials": 1
                }
            },
            {
                "query": {
                    "x1": -0.37472534092115994,
                    "x2": -0.6206332375320336
                },
                "metrics": {
                    "outcome": 34.87000725534635
                },
                "metadata": {
                    "trials": 1
                }
            },
            {
                "query": {
                    "x1": -0.3747247904103803,
                    "x2": -0.6206344107942059
                },
                "metrics": {
                    "outcome": 34.86998692933303
                },
                "metadata": {
                    "trials": 1
                }
            }
        ],
        [
            {
                "query": {
                    "x1": -0.3747270867076402,
                    "x2": -0.6206326489731075
                },
                "metrics": {
                    "outcome": 34.870008741717555
                },
                "metadata": {
                    "trials": 1
                }
            },
            {
                "query": {
                    "x1": -0.3747273322912723,
                    "x2": -0.620630910264274
                },
                "metrics": {
                    "outcome": 34.870042241501224
                },
                "metadata": {
                    "trials": 1
                }
            },
            {
                "query": {
                    "x1": -0.374726909764761,
                    "x2": -0.6206327752848315
                },
                "metrics": {
                    "outcome": 34.870007250919016
                },
                "metadata": {
                    "trials": 1
                }
            }
        ],
        [
            {
                "query": {
                    "x1": -0.37473087559468543,
                    "x2": -0.6206362457341643
                },
                "metrics": {
                    "outcome": 34.86991405597517
                },
                "metadata": {
                    "trials": 1
                }
            },
            {
                "query": {
                    "x1": -0.37472785507631334,
                    "x2": -0.6206278224181943
                },
                "metrics": {
                    "outcome": 34.87010123246469
                },
                "metadata": {
                    "trials": 1
                }
            },
            {
                "query": {
                    "x1": -0.3747289428313232,
                    "x2": -0.620631012482437
                },
                "metrics": {
                    "outcome": 34.870030640841684
                },
                "metadata": {
                    "trials": 1
                }
            }
        ],
        [
            {
                "query": {
                    "x1": -0.37472983813334704,
                    "x2": -0.6206307512809155
                },
                "metrics": {
                    "outcome": 34.87003058712126
                },
                "metadata": {
                    "trials": 1
                }
            },
            {
                "query": {
                    "x1": -0.3747309856868837,
                    "x2": -0.6206307695762676
                },
                "metrics": {
                    "outcome": 34.87002342344814
                },
                "metadata": {
                    "trials": 1
                }
            },
            {
                "query": {
                    "x1": -0.3747290873271656,
                    "x2": -0.6206314027022288
                },
                "metrics": {
                    "outcome": 34.87002194110713
                },
                "metadata": {
                    "trials": 1
                }
            }
        ],
        [
            {
                "query": {
                    "x1": -0.37473143033743805,
                    "x2": -0.62062963896289
                },
                "metrics": {
                    "outcome": 34.87004351249853
                },
                "metadata": {
                    "trials": 1
                }
            },
            {
                "query": {
                    "x1": -0.3747308171524186,
                    "x2": -0.6206302136737627
                },
                "metrics": {
                    "outcome": 34.870035593621886
                },
                "metadata": {
                    "trials": 1
                }
            },
            {
                "query": {
                    "x1": -0.37473069363924316,
                    "x2": -0.6206295085508107
                },
                "metrics": {
                    "outcome": 34.87005049765471
                },
                "metadata": {
                    "trials": 1
                }
            }
        ],
        [
            {
                "query": {
                    "x1": -0.37473163950866195,
                    "x2": -0.6206292793953481
                },
                "metrics": {
                    "outcome": 34.87004950018476
                },
                "metadata": {
                    "trials": 1
                }
            },
            {
                "query": {
                    "x1": -0.37473186466064345,
                    "x2": -0.6206291087620917
                },
                "metrics": {
                    "outcome": 34.87005159597922
                },
                "metadata": {
                    "trials": 1
                }
            },
            {
                "query": {
                    "x1": -0.3747320012469182,
                    "x2": -0.620629111521424
                },
                "metrics": {
                    "outcome": 34.870050731537596
                },
                "metadata": {
                    "trials": 1
                }
            }
        ],
        [
            {
                "query": {
                    "x1": -0.3747318706315417,
                    "x2": -0.6206292402663343
                },
                "metrics": {
                    "outcome": 34.870048917673195
                },
                "metadata": {
                    "trials": 1
                }
            },
            {
                "query": {
                    "x1": -0.37473251465274027,
                    "x2": -0.6206292629088472
                },
                "metrics": {
                    "outcome": 34.870044648806214
                },
                "metadata": {
                    "trials": 1
                }
            },
            {
                "query": {
                    "x1": -0.3747309570133206,
                    "x2": -0.6206289053000063
                },
                "metrics": {
                    "outcome": 34.87006106270511
                },
                "metadata": {
                    "trials": 1
                }
            }
        ],
        [
            {
                "query": {
                    "x1": -0.37473240674702346,
                    "x2": -0.620628106006996
                },
                "metrics": {
                    "outcome": 34.8700685385093
                },
                "metadata": {
                    "trials": 1
                }
            },
            {
                "query": {
                    "x1": -0.3747332573756257,
                    "x2": -0.6206280570260723
                },
                "metrics": {
                    "outcome": 34.870064484237446
                },
                "metadata": {
                    "trials": 1
                }
            },
            {
                "query": {
                    "x1": -0.37473066154053014,
                    "x2": -0.6206308453621128
                },
                "metrics": {
                    "outcome": 34.87002381967413
                },
                "metadata": {
                    "trials": 1
                }
            }
        ],
        [
            {
                "query": {
                    "x1": -0.3747335702892989,
                    "x2": -0.6206277963152156
                },
                "metrics": {
                    "outcome": 34.87006787037966
                },
                "metadata": {
                    "trials": 1
                }
            },
            {
                "query": {
                    "x1": -0.3747341558499604,
                    "x2": -0.6206275320686208
                },
                "metrics": {
                    "outcome": 34.87006971288836
                },
                "metadata": {
                    "trials": 1
                }
            },
            {
                "query": {
                    "x1": -0.3747322386154748,
                    "x2": -0.6206259447088942
                },
                "metrics": {
                    "outcome": 34.870112980250866
                },
                "metadata": {
                    "trials": 1
                }
            }
        ],
        [
            {
                "query": {
                    "x1": -0.3747337625449392,
                    "x2": -0.6206279400584
                },
                "metrics": {
                    "outcome": 34.87006384317603
                },
                "metadata": {
                    "trials": 1
                }
            },
            {
                "query": {
                    "x1": -0.3747340924455034,
                    "x2": -0.6206275938497274
                },
                "metrics": {
                    "outcome": 34.87006884683712
                },
                "metadata": {
                    "trials": 1
                }
            },
            {
                "query": {
                    "x1": -0.37473433284854085,
                    "x2": -0.6206275113177309
                },
                "metrics": {
                    "outcome": 34.870069081768264
                },
                "metadata": {
                    "trials": 1
                }
            }
        ],
        [
            {
                "query": {
                    "x1": -0.37473503938242625,
                    "x2": -0.6206267216814214
                },
                "metrics": {
                    "outcome": 34.87008076564876
                },
                "metadata": {
                    "trials": 1
                }
            },
            {
                "query": {
                    "x1": -0.3747333806662363,
                    "x2": -0.6206272709376577
                },
                "metrics": {
                    "outcome": 34.870079552215486
                },
                "metadata": {
                    "trials": 1
                }
            },
            {
                "query": {
                    "x1": -0.374734287666846,
                    "x2": -0.6206275075968264
                },
                "metrics": {
                    "outcome": 34.87006942408201
                },
                "metadata": {
                    "trials": 1
                }
            }
        ],
        [
            {
                "query": {
                    "x1": -0.37473066667944055,
                    "x2": -0.6206313405821529
                },
                "metrics": {
                    "outcome": 34.87001383700086
                },
                "metadata": {
                    "trials": 1
                }
            },
            {
                "query": {
                    "x1": -0.37473431846008,
                    "x2": -0.6206272694934203
                },
                "metrics": {
                    "outcome": 34.87007402650142
                },
                "metadata": {
                    "trials": 1
                }
            },
            {
                "query": {
                    "x1": -0.3747348182649781,
                    "x2": -0.6206267525278222
                },
                "metrics": {
                    "outcome": 34.87008145525178
                },
                "metadata": {
                    "trials": 1
                }
            }
        ],
        [
            {
                "query": {
                    "x1": -0.37473492107155204,
                    "x2": -0.620626420045002
                },
                "metrics": {
                    "outcome": 34.870087527833356
                },
                "metadata": {
                    "trials": 1
                }
            },
            {
                "query": {
                    "x1": -0.37473460104943457,
                    "x2": -0.6206270240646721
                },
                "metrics": {
                    "outcome": 34.87007728499526
                },
                "metadata": {
                    "trials": 1
                }
            },
            {
                "query": {
                    "x1": -0.37473464214874297,
                    "x2": -0.6206256953506444
                },
                "metrics": {
                    "outcome": 34.870103744470825
                },
                "metadata": {
                    "trials": 1
                }
            }
        ],
        [
            {
                "query": {
                    "x1": -0.37473462522734136,
                    "x2": -0.6206269564897611
                },
                "metrics": {
                    "outcome": 34.870078499757454
                },
                "metadata": {
                    "trials": 1
                }
            },
            {
                "query": {
                    "x1": -0.3747346969691028,
                    "x2": -0.6206272369653099
                },
                "metrics": {
                    "outcome": 34.87007243874955
                },
                "metadata": {
                    "trials": 1
                }
            },
            {
                "query": {
                    "x1": -0.3747346478931399,
                    "x2": -0.6206268644218216
                },
                "metrics": {
                    "outcome": 34.87008021567977
                },
                "metadata": {
                    "trials": 1
                }
            }
        ],
        [
            {
                "query": {
                    "x1": -0.37473415333046844,
                    "x2": -0.6206267369732366
                },
                "metrics": {
                    "outcome": 34.870085706298546
                },
                "metadata": {
                    "trials": 1
                }
            },
            {
                "query": {
                    "x1": -0.3747341741505834,
                    "x2": -0.6206270982240978
                },
                "metrics": {
                    "outcome": 34.8700783229935
                },
                "metadata": {
                    "trials": 1
                }
            },
            {
                "query": {
                    "x1": -0.3747348108273332,
                    "x2": -0.6206268870158005
                },
                "metrics": {
                    "outcome": 34.870078796724776
                },
                "metadata": {
                    "trials": 1
                }
            }
        ],
        [
            {
                "query": {
                    "x1": -0.37473490572306534,
                    "x2": -0.6206267975828097
                },
                "metrics": {
                    "outcome": 34.87008003192489
                },
                "metadata": {
                    "trials": 1
                }
            },
            {
                "query": {
                    "x1": -0.37473598320881707,
                    "x2": -0.6206281468113353
                },
                "metrics": {
                    "outcome": 34.87004654554571
                },
                "metadata": {
                    "trials": 1
                }
            },
            {
                "query": {
                    "x1": -0.3747344622621469,
                    "x2": -0.6206268698818547
                },
                "metrics": {
                    "outcome": 34.8700812053712
                },
                "metadata": {
                    "trials": 1
                }
            }
        ],
        [
            {
                "query": {
                    "x1": -0.37473663111378497,
                    "x2": -0.6206242403744098
                },
                "metrics": {
                    "outcome": 34.87012120084489
                },
                "metadata": {
                    "trials": 1
                }
            },
            {
                "query": {
                    "x1": -0.3747344140203859,
                    "x2": -0.6206270870941577
                },
                "metrics": {
                    "outcome": 34.87007712600594
                },
                "metadata": {
                    "trials": 1
                }
            },
            {
                "query": {
                    "x1": -0.37473639206694775,
                    "x2": -0.6206258740118713
                },
                "metrics": {
                    "outcome": 34.87008978908948
                },
                "metadata": {
                    "trials": 1
                }
            }
        ],
        [
            {
                "query": {
                    "x1": -0.37473485276771434,
                    "x2": -0.6206267627414828
                },
                "metrics": {
                    "outcome": 34.870081045672165
                },
                "metadata": {
                    "trials": 1
                }
            },
            {
                "query": {
                    "x1": -0.37473506301362947,
                    "x2": -0.6206264797338326
                },
                "metrics": {
                    "outcome": 34.870085487674544
                },
                "metadata": {
                    "trials": 1
                }
            },
            {
                "query": {
                    "x1": -0.3747369823196989,
                    "x2": -0.6206329812359159
                },
                "metrics": {
                    "outcome": 34.86994355571959
                },
                "metadata": {
                    "trials": 1
                }
            }
        ],
        [
            {
                "query": {
                    "x1": -0.3747349932002717,
                    "x2": -0.620627086887164
                },
                "metrics": {
                    "outcome": 34.87007370046484
                },
                "metadata": {
                    "trials": 1
                }
            },
            {
                "query": {
                    "x1": -0.37473518085619295,
                    "x2": -0.6206265493786782
                },
                "metrics": {
                    "outcome": 34.870083390266934
                },
                "metadata": {
                    "trials": 1
                }
            },
            {
                "query": {
                    "x1": -0.37473509262571736,
                    "x2": -0.6206268000264614
                },
                "metrics": {
                    "outcome": 34.87007887603688
                },
                "metadata": {
                    "trials": 1
                }
            }
        ],
        [
            {
                "query": {
                    "x1": -0.374735626625037,
                    "x2": -0.620625011569452
                },
                "metrics": {
                    "outcome": 34.87011165369657
                },
                "metadata": {
                    "trials": 1
                }
            },
            {
                "query": {
                    "x1": -0.3747353772144464,
                    "x2": -0.6206264350803588
                },
                "metrics": {
                    "outcome": 34.870084524262374
                },
                "metadata": {
                    "trials": 1
                }
            },
            {
                "query": {
                    "x1": -0.3747351610486902,
                    "x2": -0.6206263340704399
                },
                "metrics": {
                    "outcome": 34.870087834231576
                },
                "metadata": {
                    "trials": 1
                }
            }
        ],
        [
            {
                "query": {
                    "x1": -0.37473504022064796,
                    "x2": -0.6206264270581388
                },
                "metrics": {
                    "outcome": 34.870086681209244
                },
                "metadata": {
                    "trials": 1
                }
            },
            {
                "query": {
                    "x1": -0.37473486698786895,
                    "x2": -0.6206259902739566
                },
                "metrics": {
                    "outcome": 34.87009648507493
                },
                "metadata": {
                    "trials": 1
                }
            },
            {
                "query": {
                    "x1": -0.3747337232958452,
                    "x2": -0.6206276175268908
                },
                "metrics": {
                    "outcome": 34.87007055719048
                },
                "metadata": {
                    "trials": 1
                }
            }
        ],
        [
            {
                "query": {
                    "x1": -0.3747349443979091,
                    "x2": -0.620626687691203
                },
                "metrics": {
                    "outcome": 34.87008201118059
                },
                "metadata": {
                    "trials": 1
                }
            },
            {
                "query": {
                    "x1": -0.3747353467434129,
                    "x2": -0.6206264498318061
                },
                "metrics": {
                    "outcome": 34.87008440827979
                },
                "metadata": {
                    "trials": 1
                }
            },
            {
                "query": {
                    "x1": -0.3747351761095743,
                    "x2": -0.6206264090681799
                },
                "metrics": {
                    "outcome": 34.87008623792831
                },
                "metadata": {
                    "trials": 1
                }
            }
        ],
        [
            {
                "query": {
                    "x1": -0.37473553045194796,
                    "x2": -0.6206261866608072
                },
                "metrics": {
                    "outcome": 34.870088608727464
                },
                "metadata": {
                    "trials": 1
                }
            },
            {
                "query": {
                    "x1": -0.37473537078509667,
                    "x2": -0.6206263806796635
                },
                "metrics": {
                    "outcome": 34.870085655503196
                },
                "metadata": {
                    "trials": 1
                }
            },
            {
                "query": {
                    "x1": -0.37473538279100316,
                    "x2": -0.620627921563887
                },
                "metrics": {
                    "outcome": 34.870054623378685
                },
                "metadata": {
                    "trials": 1
                }
            }
        ],
        [
            {
                "query": {
                    "x1": -0.3747348150633627,
                    "x2": -0.6206261645365208
                },
                "metrics": {
                    "outcome": 34.870093290540716
                },
                "metadata": {
                    "trials": 1
                }
            },
            {
                "query": {
                    "x1": -0.3747347025066612,
                    "x2": -0.6206260760787321
                },
                "metrics": {
                    "outcome": 34.87009573507218
                },
                "metadata": {
                    "trials": 1
                }
            },
            {
                "query": {
                    "x1": -0.37474410021068927,
                    "x2": -0.6206201629176029
                },
                "metrics": {
                    "outcome": 34.87015889575073
                },
                "metadata": {
                    "trials": 1
                }
            }
        ],
        [
            {
                "query": {
                    "x1": -0.37473591068799106,
                    "x2": -0.6206281295685314
                },
                "metrics": {
                    "outcome": 34.87004732096807
                },
                "metadata": {
                    "trials": 1
                }
            },
            {
                "query": {
                    "x1": -0.3747363751954962,
                    "x2": -0.6206256359568625
                },
                "metrics": {
                    "outcome": 34.87009467235359
                },
                "metadata": {
                    "trials": 1
                }
            },
            {
                "query": {
                    "x1": -0.3747353864953724,
                    "x2": -0.6206264500705876
                },
                "metrics": {
                    "outcome": 34.87008416808005
                },
                "metadata": {
                    "trials": 1
                }
            }
        ],
        [
            {
                "query": {
                    "x1": -0.37473513142491544,
                    "x2": -0.6206262750840714
                },
                "metrics": {
                    "outcome": 34.870089195047726
                },
                "metadata": {
                    "trials": 1
                }
            },
            {
                "query": {
                    "x1": -0.37473537915120136,
                    "x2": -0.6206263918329269
                },
                "metrics": {
                    "outcome": 34.87008538183759
                },
                "metadata": {
                    "trials": 1
                }
            },
            {
                "query": {
                    "x1": -0.37473077066284777,
                    "x2": -0.6206261207978745
                },
                "metrics": {
                    "outcome": 34.87011814781571
                },
                "metadata": {
                    "trials": 1
                }
            }
        ],
        [
            {
                "query": {
                    "x1": -0.3747360969960889,
                    "x2": -0.6206254575641639
                },
                "metrics": {
                    "outcome": 34.8700999045653
                },
                "metadata": {
                    "trials": 1
                }
            },
            {
                "query": {
                    "x1": -0.3747336483311561,
                    "x2": -0.620630633096233
                },
                "metrics": {
                    "outcome": 34.87001040886568
                },
                "metadata": {
                    "trials": 1
                }
            },
            {
                "query": {
                    "x1": -0.37473549334635803,
                    "x2": -0.6206265273684448
                },
                "metrics": {
                    "outcome": 34.870081982112126
                },
                "metadata": {
                    "trials": 1
                }
            }
        ],
        [
            {
                "query": {
                    "x1": -0.37473541824005707,
                    "x2": -0.6206264047550525
                },
                "metrics": {
                    "outcome": 34.870084890694436
                },
                "metadata": {
                    "trials": 1
                }
            },
            {
                "query": {
                    "x1": -0.3747357994209597,
                    "x2": -0.6206262647759357
                },
                "metrics": {
                    "outcome": 34.87008544631501
                },
                "metadata": {
                    "trials": 1
                }
            },
            {
                "query": {
                    "x1": -0.3747354374401377,
                    "x2": -0.6206265164768583
                },
                "metrics": {
                    "outcome": 34.870082532009484
                },
                "metadata": {
                    "trials": 1
                }
            }
        ],
        [
            {
                "query": {
                    "x1": -0.3747343067931881,
                    "x2": -0.6206280190672446
                },
                "metrics": {
                    "outcome": 34.870059033086974
                },
                "metadata": {
                    "trials": 1
                }
            },
            {
                "query": {
                    "x1": -0.3747350970681831,
                    "x2": -0.6206272162038355
                },
                "metrics": {
                    "outcome": 34.87007048701889
                },
                "metadata": {
                    "trials": 1
                }
            },
            {
                "query": {
                    "x1": -0.37473530060835625,
                    "x2": -0.620626530487282
                },
                "metrics": {
                    "outcome": 34.870083060734665
                },
                "metadata": {
                    "trials": 1
                }
            }
        ],
        [
            {
                "query": {
                    "x1": -0.3747355527034273,
                    "x2": -0.6206261750933149
                },
                "metrics": {
                    "outcome": 34.8700887093994
                },
                "metadata": {
                    "trials": 1
                }
            },
            {
                "query": {
                    "x1": -0.37473510571261937,
                    "x2": -0.6206263325861814
                },
                "metrics": {
                    "outcome": 34.87008819179321
                },
                "metadata": {
                    "trials": 1
                }
            },
            {
                "query": {
                    "x1": -0.37473591563471653,
                    "x2": -0.620626259046815
                },
                "metrics": {
                    "outcome": 34.87008487332282
                },
                "metadata": {
                    "trials": 1
                }
            }
        ],
        [
            {
                "query": {
                    "x1": -0.3747356298173401,
                    "x2": -0.6206263630007607
                },
                "metrics": {
                    "outcome": 34.87008447685391
                },
                "metadata": {
                    "trials": 1
                }
            },
            {
                "query": {
                    "x1": -0.3747354869967485,
                    "x2": -0.6206261198211822
                },
                "metrics": {
                    "outcome": 34.87009020921677
                },
                "metadata": {
                    "trials": 1
                }
            },
            {
                "query": {
                    "x1": -0.3747374361139928,
                    "x2": -0.6206267881209595
                },
                "metrics": {
                    "outcome": 34.87006524480808
                },
                "metadata": {
                    "trials": 1
                }
            }
        ]
    ],
    "best_results": [
        {
            "query": {
                "x1": -0.37399460356876846,
                "x2": -0.6210384103216011
            },
            "metrics": [
                {
                    "name": "outcome",
                    "value": 34.866229342584376
                }
            ]
        }
    ]
}