{
    "date": "26/10/2022 19:16:09",
    "basic_params": {
        "active_variables": [
            "x1",
            "x2"
        ],
        "default_query": {},
        "metric": "basic",
        "n_trials": 1
    },
    "objective_function": {
        "name": "Goldstein",
        "params": {}
    },
    "optimizer": {
        "name": "BBO-LP",
        "params": {
            "lower_bound": [
                -2.0,
                -2.0
            ],
            "upper_bound": [
                2.0,
                2.0
            ],
            "invert_metric": false,
            "bopt_params": {
                "n_init_samples": 15,
                "n_iterations": 45,
                "verbose_level": 1,
                "n_parallel_samples": 3,
                "par_type": "PAR_BBO",
                "crit_name": "cLP(cLCB)",
                "n_crit_params": 4,
                "crit_params": [
                    3,
                    1,
                    1.0
                ]
            }
        }
    },
    "iterations": [
        [
            {
                "query": {
                    "x1": -1.129938884762426,
                    "x2": 1.5118969265992441
                },
                "metrics": {
                    "outcome": 342731.8355589221
                },
                "metadata": {
                    "trials": 1
                }
            }
        ],
        [
            {
                "query": {
                    "x1": 0.03394127028683824,
                    "x2": -1.9132501628870766
                },
                "metrics": {
                    "outcome": 40503.28124247017
                },
                "metadata": {
                    "trials": 1
                }
            }
        ],
        [
            {
                "query": {
                    "x1": 1.5017030417298276,
                    "x2": -0.9724011029427251
                },
                "metrics": {
                    "outcome": 30871.719812536194
                },
                "metadata": {
                    "trials": 1
                }
            }
        ],
        [
            {
                "query": {
                    "x1": -1.6564242944742242,
                    "x2": 0.4763277995710573
                },
                "metrics": {
                    "outcome": 8366.727253955973
                },
                "metadata": {
                    "trials": 1
                }
            }
        ],
        [
            {
                "query": {
                    "x1": 1.8406498179460566,
                    "x2": 0.38010633680969486
                },
                "metrics": {
                    "outcome": 255.23310976602053
                },
                "metadata": {
                    "trials": 1
                }
            }
        ],
        [
            {
                "query": {
                    "x1": -0.5139357508470614,
                    "x2": -0.08009474532057848
                },
                "metrics": {
                    "outcome": 284.5991408424875
                },
                "metadata": {
                    "trials": 1
                }
            }
        ],
        [
            {
                "query": {
                    "x1": 1.1655131952837108,
                    "x2": 1.11378854320695
                },
                "metrics": {
                    "outcome": 2024.4775196977157
                },
                "metadata": {
                    "trials": 1
                }
            }
        ],
        [
            {
                "query": {
                    "x1": -1.83947818800807,
                    "x2": 1.2481266652544338
                },
                "metrics": {
                    "outcome": 95569.21533921272
                },
                "metadata": {
                    "trials": 1
                }
            }
        ],
        [
            {
                "query": {
                    "x1": -0.2577811630442739,
                    "x2": 1.8818669276311994
                },
                "metrics": {
                    "outcome": 261182.41178179512
                },
                "metadata": {
                    "trials": 1
                }
            }
        ],
        [
            {
                "query": {
                    "x1": -0.6767047739898164,
                    "x2": -1.5610553961247207
                },
                "metrics": {
                    "outcome": 775.3236328341665
                },
                "metadata": {
                    "trials": 1
                }
            }
        ],
        [
            {
                "query": {
                    "x1": 0.8534965679670372,
                    "x2": -0.1959956320623557
                },
                "metrics": {
                    "outcome": 460.3369248457527
                },
                "metadata": {
                    "trials": 1
                }
            }
        ],
        [
            {
                "query": {
                    "x1": -1.4372833225255213,
                    "x2": -1.3676410603026548
                },
                "metrics": {
                    "outcome": 9192.029143279547
                },
                "metadata": {
                    "trials": 1
                }
            }
        ],
        [
            {
                "query": {
                    "x1": 0.5361630662654835,
                    "x2": -0.4145182425156235
                },
                "metrics": {
                    "outcome": 321.7690257110203
                },
                "metadata": {
                    "trials": 1
                }
            }
        ],
        [
            {
                "query": {
                    "x1": 0.35069335519025735,
                    "x2": -0.8070083422586323
                },
                "metrics": {
                    "outcome": 31.07992371171524
                },
                "metadata": {
                    "trials": 1
                }
            }
        ],
        [
            {
                "query": {
                    "x1": 1.4232289850711823,
                    "x2": 0.7400760505969326
                },
                "metrics": {
                    "outcome": 959.0843285409578
                },
                "metadata": {
                    "trials": 1
                }
            }
        ],
        [
            {
                "query": {
                    "x1": -1.8333333333333333,
                    "x2": 0.0
                },
                "metrics": {
                    "outcome": 62550.39583333331
                },
                "metadata": {
                    "trials": 1
                }
            },
            {
                "query": {
                    "x1": -1.8333333333333333,
                    "x2": 0.0
                },
                "metrics": {
                    "outcome": 62550.39583333331
                },
                "metadata": {
                    "trials": 1
                }
            },
            {
                "query": {
                    "x1": -1.8333333333333333,
                    "x2": 0.0
                },
                "metrics": {
                    "outcome": 62550.39583333331
                },
                "metadata": {
                    "trials": 1
                }
            }
        ],
        [
            {
                "query": {
                    "x1": 0.0,
                    "x2": 0.0
                },
                "metrics": {
                    "outcome": 600.0
                },
                "metadata": {
                    "trials": 1
                }
            },
            {
                "query": {
                    "x1": 0.0,
                    "x2": 0.0
                },
                "metrics": {
                    "outcome": 600.0
                },
                "metadata": {
                    "trials": 1
                }
            },
            {
                "query": {
                    "x1": 0.0,
                    "x2": 0.0
                },
                "metrics": {
                    "outcome": 600.0
                },
                "metadata": {
                    "trials": 1
                }
            }
        ],
        [
            {
                "query": {
                    "x1": 0.0,
                    "x2": -0.4444444444444444
                },
                "metrics": {
                    "outcome": 300.9106335416349
                },
                "metadata": {
                    "trials": 1
                }
            },
            {
                "query": {
                    "x1": 0.0,
                    "x2": -0.4444444444444444
                },
                "metrics": {
                    "outcome": 300.9106335416349
                },
                "metadata": {
                    "trials": 1
                }
            },
            {
                "query": {
                    "x1": 0.0,
                    "x2": -0.4444444444444444
                },
                "metrics": {
                    "outcome": 300.9106335416349
                },
                "metadata": {
                    "trials": 1
                }
            }
        ],
        [
            {
                "query": {
                    "x1": 1.7777777777777777,
                    "x2": 1.333333333333333
                },
                "metrics": {
                    "outcome": 2691.9202077203477
                },
                "metadata": {
                    "trials": 1
                }
            },
            {
                "query": {
                    "x1": 1.7777777777777777,
                    "x2": 1.333333333333333
                },
                "metrics": {
                    "outcome": 2691.9202077203477
                },
                "metadata": {
                    "trials": 1
                }
            },
            {
                "query": {
                    "x1": 1.7777777777777777,
                    "x2": 1.333333333333333
                },
                "metrics": {
                    "outcome": 2691.9202077203477
                },
                "metadata": {
                    "trials": 1
                }
            }
        ],
        [
            {
                "query": {
                    "x1": 0.3120754178062315,
                    "x2": -0.7663892267691734
                },
                "metrics": {
                    "outcome": 27.979485193556318
                },
                "metadata": {
                    "trials": 1
                }
            },
            {
                "query": {
                    "x1": -0.8676262998630553,
                    "x2": -1.3344241697878865
                },
                "metrics": {
                    "outcome": 1439.044475106589
                },
                "metadata": {
                    "trials": 1
                }
            },
            {
                "query": {
                    "x1": -0.8676262998630553,
                    "x2": -1.3344241697878865
                },
                "metrics": {
                    "outcome": 1439.044475106589
                },
                "metadata": {
                    "trials": 1
                }
            }
        ],
        [
            {
                "query": {
                    "x1": 0.27581092620599224,
                    "x2": -0.8056240302877802
                },
                "metrics": {
                    "outcome": 21.325946252948345
                },
                "metadata": {
                    "trials": 1
                }
            },
            {
                "query": {
                    "x1": 0.27605878459695177,
                    "x2": -0.8059272258471117
                },
                "metrics": {
                    "outcome": 21.300941778626427
                },
                "metadata": {
                    "trials": 1
                }
            },
            {
                "query": {
                    "x1": 0.270667868933435,
                    "x2": -0.8049280532022365
                },
                "metrics": {
                    "outcome": 21.25731251537625
                },
                "metadata": {
                    "trials": 1
                }
            }
        ],
        [
            {
                "query": {
                    "x1": -0.42318185541749176,
                    "x2": -0.002181672909177923
                },
                "metrics": {
                    "outcome": 505.499798477914
                },
                "metadata": {
                    "trials": 1
                }
            },
            {
                "query": {
                    "x1": -0.42318185541749176,
                    "x2": -0.002181672909177923
                },
                "metrics": {
                    "outcome": 505.499798477914
                },
                "metadata": {
                    "trials": 1
                }
            },
            {
                "query": {
                    "x1": -0.42318185541749176,
                    "x2": -0.002181672909177923
                },
                "metrics": {
                    "outcome": 505.499798477914
                },
                "metadata": {
                    "trials": 1
                }
            }
        ],
        [
            {
                "query": {
                    "x1": 0.0,
                    "x2": -0.2962962962962963
                },
                "metrics": {
                    "outcome": 438.97678572183105
                },
                "metadata": {
                    "trials": 1
                }
            },
            {
                "query": {
                    "x1": 0.0,
                    "x2": -0.2962962962962963
                },
                "metrics": {
                    "outcome": 438.97678572183105
                },
                "metadata": {
                    "trials": 1
                }
            },
            {
                "query": {
                    "x1": 0.0,
                    "x2": -0.2962962962962963
                },
                "metrics": {
                    "outcome": 438.97678572183105
                },
                "metadata": {
                    "trials": 1
                }
            }
        ],
        [
            {
                "query": {
                    "x1": -0.19753086419753085,
                    "x2": -0.14814814814814814
                },
                "metrics": {
                    "outcome": 341.2778331031552
                },
                "metadata": {
                    "trials": 1
                }
            },
            {
                "query": {
                    "x1": -0.19753086419753085,
                    "x2": -0.14814814814814814
                },
                "metrics": {
                    "outcome": 341.2778331031552
                },
                "metadata": {
                    "trials": 1
                }
            },
            {
                "query": {
                    "x1": -0.19753086419753085,
                    "x2": -0.14814814814814814
                },
                "metrics": {
                    "outcome": 341.2778331031552
                },
                "metadata": {
                    "trials": 1
                }
            }
        ],
        [
            {
                "query": {
                    "x1": 0.5657373066802682,
                    "x2": -0.0885790116278542
                },
                "metrics": {
                    "outcome": 967.2435903802105
                },
                "metadata": {
                    "trials": 1
                }
            },
            {
                "query": {
                    "x1": 0.5657373066802682,
                    "x2": -0.0885790116278542
                },
                "metrics": {
                    "outcome": 967.2435903802105
                },
                "metadata": {
                    "trials": 1
                }
            },
            {
                "query": {
                    "x1": 0.5657373066802682,
                    "x2": -0.0885790116278542
                },
                "metrics": {
                    "outcome": 967.2435903802105
                },
                "metadata": {
                    "trials": 1
                }
            }
        ],
        [
            {
                "query": {
                    "x1": -0.40403077391189823,
                    "x2": -0.11912349839607961
                },
                "metrics": {
                    "outcome": 252.78676874176435
                },
                "metadata": {
                    "trials": 1
                }
            },
            {
                "query": {
                    "x1": -0.40403077391189823,
                    "x2": -0.11912349839607961
                },
                "metrics": {
                    "outcome": 252.78676874176435
                },
                "metadata": {
                    "trials": 1
                }
            },
            {
                "query": {
                    "x1": -0.40403077391189823,
                    "x2": -0.11912349839607961
                },
                "metrics": {
                    "outcome": 252.78676874176435
                },
                "metadata": {
                    "trials": 1
                }
            }
        ],
        [
            {
                "query": {
                    "x1": 0.31286577674477867,
                    "x2": -0.7981815856718875
                },
                "metrics": {
                    "outcome": 24.180386530098357
                },
                "metadata": {
                    "trials": 1
                }
            },
            {
                "query": {
                    "x1": 0.31495699314958925,
                    "x2": -0.797680767965429
                },
                "metrics": {
                    "outcome": 24.393070230784883
                },
                "metadata": {
                    "trials": 1
                }
            },
            {
                "query": {
                    "x1": 0.3140859592385805,
                    "x2": -0.7978937015949741
                },
                "metrics": {
                    "outcome": 24.30371834394985
                },
                "metadata": {
                    "trials": 1
                }
            }
        ],
        [
            {
                "query": {
                    "x1": 0.32716973152154516,
                    "x2": -0.5910248386476016
                },
                "metrics": {
                    "outcome": 152.49586332580472
                },
                "metadata": {
                    "trials": 1
                }
            },
            {
                "query": {
                    "x1": 0.32716973152154516,
                    "x2": -0.5910248386476016
                },
                "metrics": {
                    "outcome": 152.49586332580472
                },
                "metadata": {
                    "trials": 1
                }
            },
            {
                "query": {
                    "x1": 0.32716973152154516,
                    "x2": -0.5910248386476016
                },
                "metrics": {
                    "outcome": 152.49586332580472
                },
                "metadata": {
                    "trials": 1
                }
            }
        ],
        [
            {
                "query": {
                    "x1": 0.2271337557432518,
                    "x2": -0.8405484367901777
                },
                "metrics": {
                    "outcome": 15.984003016219953
                },
                "metadata": {
                    "trials": 1
                }
            },
            {
                "query": {
                    "x1": 0.22157841308893333,
                    "x2": -0.8416698049365969
                },
                "metrics": {
                    "outcome": 15.670232333339122
                },
                "metadata": {
                    "trials": 1
                }
            },
            {
                "query": {
                    "x1": 0.22591743757730054,
                    "x2": -0.8408055942357566
                },
                "metrics": {
                    "outcome": 15.912405358501422
                },
                "metadata": {
                    "trials": 1
                }
            }
        ],
        [
            {
                "query": {
                    "x1": 0.19118757657874497,
                    "x2": -0.8312417702807844
                },
                "metrics": {
                    "outcome": 16.80968568835617
                },
                "metadata": {
                    "trials": 1
                }
            },
            {
                "query": {
                    "x1": 0.1911861382618616,
                    "x2": -0.8312420917728309
                },
                "metrics": {
                    "outcome": 16.809643347838396
                },
                "metadata": {
                    "trials": 1
                }
            },
            {
                "query": {
                    "x1": 0.1911837569393926,
                    "x2": -0.831241694460296
                },
                "metrics": {
                    "outcome": 16.8097413498737
                },
                "metadata": {
                    "trials": 1
                }
            }
        ],
        [
            {
                "query": {
                    "x1": 0.22577724858745452,
                    "x2": -0.8310495370830668
                },
                "metrics": {
                    "outcome": 16.937675833683713
                },
                "metadata": {
                    "trials": 1
                }
            },
            {
                "query": {
                    "x1": 0.22577758676889026,
                    "x2": -0.8310493996093882
                },
                "metrics": {
                    "outcome": 16.937699639174337
                },
                "metadata": {
                    "trials": 1
                }
            },
            {
                "query": {
                    "x1": 0.22577958480058635,
                    "x2": -0.8310496500349005
                },
                "metrics": {
                    "outcome": 16.937708846327364
                },
                "metadata": {
                    "trials": 1
                }
            }
        ],
        [
            {
                "query": {
                    "x1": 0.1771357756441665,
                    "x2": -0.8474492584579778
                },
                "metrics": {
                    "outcome": 14.231209333977151
                },
                "metadata": {
                    "trials": 1
                }
            },
            {
                "query": {
                    "x1": 0.1801551115501514,
                    "x2": -0.8470091054018096
                },
                "metrics": {
                    "outcome": 14.302062357236709
                },
                "metadata": {
                    "trials": 1
                }
            },
            {
                "query": {
                    "x1": 0.17550772183255514,
                    "x2": -0.8476934284048445
                },
                "metrics": {
                    "outcome": 14.193336790579437
                },
                "metadata": {
                    "trials": 1
                }
            }
        ],
        [
            {
                "query": {
                    "x1": 0.1701705605527324,
                    "x2": -0.8481146911528685
                },
                "metrics": {
                    "outcome": 14.13266558701783
                },
                "metadata": {
                    "trials": 1
                }
            },
            {
                "query": {
                    "x1": 0.17016821977668428,
                    "x2": -0.8481158920111187
                },
                "metrics": {
                    "outcome": 14.132486756441137
                },
                "metadata": {
                    "trials": 1
                }
            },
            {
                "query": {
                    "x1": 0.17017309995493735,
                    "x2": -0.8481158549416461
                },
                "metrics": {
                    "outcome": 14.132483748130078
                },
                "metadata": {
                    "trials": 1
                }
            }
        ],
        [
            {
                "query": {
                    "x1": 0.1686226715430652,
                    "x2": -0.8483185742587027
                },
                "metrics": {
                    "outcome": 14.104709826501413
                },
                "metadata": {
                    "trials": 1
                }
            },
            {
                "query": {
                    "x1": 0.16862289812565745,
                    "x2": -0.8483183939370695
                },
                "metrics": {
                    "outcome": 14.104736974958156
                },
                "metadata": {
                    "trials": 1
                }
            },
            {
                "query": {
                    "x1": 0.1686209276015389,
                    "x2": -0.848321359791335
                },
                "metrics": {
                    "outcome": 14.104286242943587
                },
                "metadata": {
                    "trials": 1
                }
            }
        ],
        [
            {
                "query": {
                    "x1": 0.16768366627527564,
                    "x2": -0.848433439131514
                },
                "metrics": {
                    "outcome": 14.089457846637405
                },
                "metadata": {
                    "trials": 1
                }
            },
            {
                "query": {
                    "x1": 0.16768287774532187,
                    "x2": -0.8484341735734808
                },
                "metrics": {
                    "outcome": 14.08934670785796
                },
                "metadata": {
                    "trials": 1
                }
            },
            {
                "query": {
                    "x1": 0.16768825764261752,
                    "x2": -0.8484345613558695
                },
                "metrics": {
                    "outcome": 14.089271952499749
                },
                "metadata": {
                    "trials": 1
                }
            }
        ],
        [
            {
                "query": {
                    "x1": 0.16699259274163314,
                    "x2": -0.8485147920060443
                },
                "metrics": {
                    "outcome": 14.07889600269385
                },
                "metadata": {
                    "trials": 1
                }
            },
            {
                "query": {
                    "x1": 0.16699186021604184,
                    "x2": -0.8485149456690129
                },
                "metrics": {
                    "outcome": 14.07887444299024
                },
                "metadata": {
                    "trials": 1
                }
            },
            {
                "query": {
                    "x1": 0.1670394419018444,
                    "x2": -0.8485143993138176
                },
                "metrics": {
                    "outcome": 14.078814453530235
                },
                "metadata": {
                    "trials": 1
                }
            }
        ],
        [
            {
                "query": {
                    "x1": 0.1664337627564909,
                    "x2": -0.8485769485205017
                },
                "metrics": {
                    "outcome": 14.071024511663826
                },
                "metadata": {
                    "trials": 1
                }
            },
            {
                "query": {
                    "x1": 0.16643364645398373,
                    "x2": -0.8485780334337898
                },
                "metrics": {
                    "outcome": 14.070856413679426
                },
                "metadata": {
                    "trials": 1
                }
            },
            {
                "query": {
                    "x1": 0.16643427127616262,
                    "x2": -0.8485773520850519
                },
                "metrics": {
                    "outcome": 14.070960176482892
                },
                "metadata": {
                    "trials": 1
                }
            }
        ],
        [
            {
                "query": {
                    "x1": 0.1659543401538719,
                    "x2": -0.8486299954029233
                },
                "metrics": {
                    "outcome": 14.06439134111966
                },
                "metadata": {
                    "trials": 1
                }
            },
            {
                "query": {
                    "x1": 0.16595376655610217,
                    "x2": -0.848630016094094
                },
                "metrics": {
                    "outcome": 14.064390106180307
                },
                "metadata": {
                    "trials": 1
                }
            },
            {
                "query": {
                    "x1": 0.1659535730538808,
                    "x2": -0.8486296616445457
                },
                "metrics": {
                    "outcome": 14.06444595538691
                },
                "metadata": {
                    "trials": 1
                }
            }
        ],
        [
            {
                "query": {
                    "x1": 0.1655269247762563,
                    "x2": -0.848675312479102
                },
                "metrics": {
                    "outcome": 14.058844899223987
                },
                "metadata": {
                    "trials": 1
                }
            },
            {
                "query": {
                    "x1": 0.16555721027051362,
                    "x2": -0.8486719628170507
                },
                "metrics": {
                    "outcome": 14.05925766961355
                },
                "metadata": {
                    "trials": 1
                }
            },
            {
                "query": {
                    "x1": 0.16552404995370384,
                    "x2": -0.8486756770548458
                },
                "metrics": {
                    "outcome": 14.058798459307662
                },
                "metadata": {
                    "trials": 1
                }
            }
        ],
        [
            {
                "query": {
                    "x1": 0.16514666482238605,
                    "x2": -0.848713953184234
                },
                "metrics": {
                    "outcome": 14.054219753690532
                },
                "metadata": {
                    "trials": 1
                }
            },
            {
                "query": {
                    "x1": 0.16514433200269796,
                    "x2": -0.8487155287756645
                },
                "metrics": {
                    "outcome": 14.05398227182546
                },
                "metadata": {
                    "trials": 1
                }
            },
            {
                "query": {
                    "x1": 0.16513605616080396,
                    "x2": -0.8487156819968549
                },
                "metrics": {
                    "outcome": 14.053989626201288
                },
                "metadata": {
                    "trials": 1
                }
            }
        ],
        [
            {
                "query": {
                    "x1": 0.1647841939326109,
                    "x2": -0.8487516930653176
                },
                "metrics": {
                    "outcome": 14.049710860669622
                },
                "metadata": {
                    "trials": 1
                }
            },
            {
                "query": {
                    "x1": 0.16478297711875278,
                    "x2": -0.8487515204594442
                },
                "metrics": {
                    "outcome": 14.049742666695291
                },
                "metadata": {
                    "trials": 1
                }
            },
            {
                "query": {
                    "x1": 0.16478437898375775,
                    "x2": -0.8487513272502953
                },
                "metrics": {
                    "outcome": 14.049767426843205
                },
                "metadata": {
                    "trials": 1
                }
            }
        ],
        [
            {
                "query": {
                    "x1": 0.16446650472955016,
                    "x2": -0.8487823000691446
                },
                "metrics": {
                    "outcome": 14.046179386812726
                },
                "metadata": {
                    "trials": 1
                }
            },
            {
                "query": {
                    "x1": 0.16444921931870393,
                    "x2": -0.8487848350669658
                },
                "metrics": {
                    "outcome": 14.045851709598127
                },
                "metadata": {
                    "trials": 1
                }
            },
            {
                "query": {
                    "x1": 0.16444795066197582,
                    "x2": -0.8487835676351472
                },
                "metrics": {
                    "outcome": 14.046055698058678
                },
                "metadata": {
                    "trials": 1
                }
            }
        ],
        [
            {
                "query": {
                    "x1": 0.16413574451409652,
                    "x2": -0.8488155690715109
                },
                "metrics": {
                    "outcome": 14.042315808022588
                },
                "metadata": {
                    "trials": 1
                }
            },
            {
                "query": {
                    "x1": 0.1641367614080287,
                    "x2": -0.8488152462529461
                },
                "metrics": {
                    "outcome": 14.042362289815827
                },
                "metadata": {
                    "trials": 1
                }
            },
            {
                "query": {
                    "x1": 0.1641365086901323,
                    "x2": -0.8488154855482308
                },
                "metrics": {
                    "outcome": 14.04232574239455
                },
                "metadata": {
                    "trials": 1
                }
            }
        ],
        [
            {
                "query": {
                    "x1": 0.16383093141043448,
                    "x2": -0.8488419848575901
                },
                "metrics": {
                    "outcome": 14.039452585428315
                },
                "metadata": {
                    "trials": 1
                }
            },
            {
                "query": {
                    "x1": 0.16383707231242806,
                    "x2": -0.8488443659077667
                },
                "metrics": {
                    "outcome": 14.039051472852014
                },
                "metadata": {
                    "trials": 1
                }
            },
            {
                "query": {
                    "x1": 0.16383760692237948,
                    "x2": -0.848844233179421
                },
                "metrics": {
                    "outcome": 14.0390700679181
                },
                "metadata": {
                    "trials": 1
                }
            }
        ],
        [
            {
                "query": {
                    "x1": 0.16355495692924116,
                    "x2": -0.848871158009908
                },
                "metrics": {
                    "outcome": 14.03605765794788
                },
                "metadata": {
                    "trials": 1
                }
            },
            {
                "query": {
                    "x1": 0.1635550258271361,
                    "x2": -0.8488714643963349
                },
                "metrics": {
                    "outcome": 14.036009065797737
                },
                "metadata": {
                    "trials": 1
                }
            },
            {
                "query": {
                    "x1": 0.1635471855569448,
                    "x2": -0.8488723107012517
                },
                "metrics": {
                    "outcome": 14.03591017933791
                },
                "metadata": {
                    "trials": 1
                }
            }
        ],
        [
            {
                "query": {
                    "x1": 0.16328295399240123,
                    "x2": -0.8488968740408507
                },
                "metrics": {
                    "outcome": 14.033212572804342
                },
                "metadata": {
                    "trials": 1
                }
            },
            {
                "query": {
                    "x1": 0.16328369048830904,
                    "x2": -0.848896737650394
                },
                "metrics": {
                    "outcome": 14.033230782348625
                },
                "metadata": {
                    "trials": 1
                }
            },
            {
                "query": {
                    "x1": 0.16327971715206324,
                    "x2": -0.848897306622955
                },
                "metrics": {
                    "outcome": 14.033158877416826
                },
                "metadata": {
                    "trials": 1
                }
            }
        ],
        [
            {
                "query": {
                    "x1": 0.16302485472857997,
                    "x2": -0.8489208525526217
                },
                "metrics": {
                    "outcome": 14.030600662184835
                },
                "metadata": {
                    "trials": 1
                }
            },
            {
                "query": {
                    "x1": 0.16302386076493702,
                    "x2": -0.8489220496586201
                },
                "metrics": {
                    "outcome": 14.030416050085028
                },
                "metadata": {
                    "trials": 1
                }
            },
            {
                "query": {
                    "x1": 0.16302418931902452,
                    "x2": -0.8489210171670367
                },
                "metrics": {
                    "outcome": 14.03057770925432
                },
                "metadata": {
                    "trials": 1
                }
            }
        ],
        [
            {
                "query": {
                    "x1": 0.16277854491092647,
                    "x2": -0.8489439748917711
                },
                "metrics": {
                    "outcome": 14.028089207061791
                },
                "metadata": {
                    "trials": 1
                }
            },
            {
                "query": {
                    "x1": 0.16277959493312366,
                    "x2": -0.8489433278134768
                },
                "metrics": {
                    "outcome": 14.028186667672864
                },
                "metadata": {
                    "trials": 1
                }
            },
            {
                "query": {
                    "x1": 0.16277605609776513,
                    "x2": -0.8489483394276116
                },
                "metrics": {
                    "outcome": 14.027410287794
                },
                "metadata": {
                    "trials": 1
                }
            }
        ],
        [
            {
                "query": {
                    "x1": 0.16253795235247726,
                    "x2": -0.8489656846926914
                },
                "metrics": {
                    "outcome": 14.025792477817731
                },
                "metadata": {
                    "trials": 1
                }
            },
            {
                "query": {
                    "x1": 0.16253990688980702,
                    "x2": -0.8489655641455314
                },
                "metrics": {
                    "outcome": 14.025802221227215
                },
                "metadata": {
                    "trials": 1
                }
            },
            {
                "query": {
                    "x1": 0.16253320571789187,
                    "x2": -0.8489658591472036
                },
                "metrics": {
                    "outcome": 14.025787563701824
                },
                "metadata": {
                    "trials": 1
                }
            }
        ],
        [
            {
                "query": {
                    "x1": 0.162316409514895,
                    "x2": -0.8489844382412319
                },
                "metrics": {
                    "outcome": 14.023889483914068
                },
                "metadata": {
                    "trials": 1
                }
            },
            {
                "query": {
                    "x1": 0.16231585097227264,
                    "x2": -0.8489859315713444
                },
                "metrics": {
                    "outcome": 14.023655345580059
                },
                "metadata": {
                    "trials": 1
                }
            },
            {
                "query": {
                    "x1": 0.16229444120126812,
                    "x2": -0.8489747615882608
                },
                "metrics": {
                    "outcome": 14.025531831873108
                },
                "metadata": {
                    "trials": 1
                }
            }
        ],
        [
            {
                "query": {
                    "x1": 0.1621018872333031,
                    "x2": -0.8490052694443913
                },
                "metrics": {
                    "outcome": 14.021637138647785
                },
                "metadata": {
                    "trials": 1
                }
            },
            {
                "query": {
                    "x1": 0.1621017057182117,
                    "x2": -0.8490066318546092
                },
                "metrics": {
                    "outcome": 14.021421714181912
                },
                "metadata": {
                    "trials": 1
                }
            },
            {
                "query": {
                    "x1": 0.1621021471610824,
                    "x2": -0.8490052397318391
                },
                "metrics": {
                    "outcome": 14.021640569727529
                },
                "metadata": {
                    "trials": 1
                }
            }
        ],
        [
            {
                "query": {
                    "x1": 0.16189450028271146,
                    "x2": -0.8490240788810794
                },
                "metrics": {
                    "outcome": 14.019683633498705
                },
                "metadata": {
                    "trials": 1
                }
            },
            {
                "query": {
                    "x1": 0.16189338942124998,
                    "x2": -0.8490331628523355
                },
                "metrics": {
                    "outcome": 14.018245455393656
                },
                "metadata": {
                    "trials": 1
                }
            },
            {
                "query": {
                    "x1": 0.16189277948436454,
                    "x2": -0.8490244000904414
                },
                "metrics": {
                    "outcome": 14.019641229637061
                },
                "metadata": {
                    "trials": 1
                }
            }
        ],
        [
            {
                "query": {
                    "x1": 0.16169574829928468,
                    "x2": -0.8490411768564876
                },
                "metrics": {
                    "outcome": 14.017971215822724
                },
                "metadata": {
                    "trials": 1
                }
            },
            {
                "query": {
                    "x1": 0.16170465164128078,
                    "x2": -0.849039832444997
                },
                "metrics": {
                    "outcome": 14.018139706959134
                },
                "metadata": {
                    "trials": 1
                }
            },
            {
                "query": {
                    "x1": 0.16169082208225438,
                    "x2": -0.8490425943131414
                },
                "metrics": {
                    "outcome": 14.017770820458813
                },
                "metadata": {
                    "trials": 1
                }
            }
        ],
        [
            {
                "query": {
                    "x1": 0.161502469625594,
                    "x2": -0.8490592858810513
                },
                "metrics": {
                    "outcome": 14.016081467819005
                },
                "metadata": {
                    "trials": 1
                }
            },
            {
                "query": {
                    "x1": 0.16150140109677702,
                    "x2": -0.8490598078100839
                },
                "metrics": {
                    "outcome": 14.016003871758375
                },
                "metadata": {
                    "trials": 1
                }
            },
            {
                "query": {
                    "x1": 0.1615041021640411,
                    "x2": -0.8490587816326898
                },
                "metrics": {
                    "outcome": 14.016153330832728
                },
                "metadata": {
                    "trials": 1
                }
            }
        ],
        [
            {
                "query": {
                    "x1": 0.1613214126823661,
                    "x2": -0.8490755881943997
                },
                "metrics": {
                    "outcome": 14.014426513187683
                },
                "metadata": {
                    "trials": 1
                }
            },
            {
                "query": {
                    "x1": 0.16132713113004282,
                    "x2": -0.8490743358750714
                },
                "metrics": {
                    "outcome": 14.014596183273808
                },
                "metadata": {
                    "trials": 1
                }
            },
            {
                "query": {
                    "x1": 0.16131950923378913,
                    "x2": -0.8490759418110214
                },
                "metrics": {
                    "outcome": 14.014380117181725
                },
                "metadata": {
                    "trials": 1
                }
            }
        ],
        [
            {
                "query": {
                    "x1": 0.1611456633232322,
                    "x2": -0.8490912953856853
                },
                "metrics": {
                    "outcome": 14.01284800233815
                },
                "metadata": {
                    "trials": 1
                }
            },
            {
                "query": {
                    "x1": 0.16115052477285152,
                    "x2": -0.8490904652719609
                },
                "metrics": {
                    "outcome": 14.012954663910282
                },
                "metadata": {
                    "trials": 1
                }
            },
            {
                "query": {
                    "x1": 0.16115225852470827,
                    "x2": -0.849088748526674
                },
                "metrics": {
                    "outcome": 14.013219368145547
                },
                "metadata": {
                    "trials": 1
                }
            }
        ],
        [
            {
                "query": {
                    "x1": 0.16097533055658797,
                    "x2": -0.849110064487393
                },
                "metrics": {
                    "outcome": 14.010760587404299
                },
                "metadata": {
                    "trials": 1
                }
            },
            {
                "query": {
                    "x1": 0.16097911016611866,
                    "x2": -0.8491058956308952
                },
                "metrics": {
                    "outcome": 14.011405977550657
                },
                "metadata": {
                    "trials": 1
                }
            },
            {
                "query": {
                    "x1": 0.16097512686301485,
                    "x2": -0.8491065920334
                },
                "metrics": {
                    "outcome": 14.011316145476217
                },
                "metadata": {
                    "trials": 1
                }
            }
        ],
        [
            {
                "query": {
                    "x1": 0.16081630664467106,
                    "x2": -0.8491205968268745
                },
                "metrics": {
                    "outcome": 14.009935661118417
                },
                "metadata": {
                    "trials": 1
                }
            },
            {
                "query": {
                    "x1": 0.16081504510383393,
                    "x2": -0.849120843605023
                },
                "metrics": {
                    "outcome": 14.009903065637246
                },
                "metadata": {
                    "trials": 1
                }
            },
            {
                "query": {
                    "x1": 0.16081460392784708,
                    "x2": -0.8491207950398407
                },
                "metrics": {
                    "outcome": 14.009913219414118
                },
                "metadata": {
                    "trials": 1
                }
            }
        ],
        [
            {
                "query": {
                    "x1": 0.1606671692057029,
                    "x2": -0.8491336207852542
                },
                "metrics": {
                    "outcome": 14.008666369634085
                },
                "metadata": {
                    "trials": 1
                }
            },
            {
                "query": {
                    "x1": 0.16065483421945181,
                    "x2": -0.8491360688984708
                },
                "metrics": {
                    "outcome": 14.008342424152067
                },
                "metadata": {
                    "trials": 1
                }
            },
            {
                "query": {
                    "x1": 0.16067205373659377,
                    "x2": -0.8491322621331738
                },
                "metrics": {
                    "outcome": 14.008856901486762
                },
                "metadata": {
                    "trials": 1
                }
            }
        ],
        [
            {
                "query": {
                    "x1": 0.16051360262882675,
                    "x2": -0.8491475203036036
                },
                "metrics": {
                    "outcome": 14.007287953175183
                },
                "metadata": {
                    "trials": 1
                }
            },
            {
                "query": {
                    "x1": 0.16051380840750573,
                    "x2": -0.8491474933721797
                },
                "metrics": {
                    "outcome": 14.007291125090068
                },
                "metadata": {
                    "trials": 1
                }
            },
            {
                "query": {
                    "x1": 0.16051402000957316,
                    "x2": -0.8491472224699808
                },
                "metrics": {
                    "outcome": 14.00733331142778
                },
                "metadata": {
                    "trials": 1
                }
            }
        ]
    ],
    "best_results": [
        {
            "query": {
                "x1": 0.16051360262882675,
                "x2": -0.8491475203036036
            },
            "metrics": [
                {
                    "name": "outcome",
                    "value": 14.007287953175183
                }
            ]
        }
    ]
}