{
    "date": "26/10/2022 19:15:53",
    "basic_params": {
        "active_variables": [
            "x1",
            "x2"
        ],
        "default_query": {},
        "metric": "basic",
        "n_trials": 1
    },
    "objective_function": {
        "name": "Goldstein",
        "params": {}
    },
    "optimizer": {
        "name": "BBO-LP",
        "params": {
            "lower_bound": [
                -2.0,
                -2.0
            ],
            "upper_bound": [
                2.0,
                2.0
            ],
            "invert_metric": false,
            "bopt_params": {
                "n_init_samples": 15,
                "n_iterations": 45,
                "verbose_level": 1,
                "n_parallel_samples": 3,
                "par_type": "PAR_BBO",
                "crit_name": "cLP(cLCB)",
                "n_crit_params": 4,
                "crit_params": [
                    3,
                    1,
                    1.0
                ]
            }
        }
    },
    "iterations": [
        [
            {
                "query": {
                    "x1": 0.5165640695020555,
                    "x2": 0.9752561975891392
                },
                "metrics": {
                    "outcome": 7424.13970882051
                },
                "metadata": {
                    "trials": 1
                }
            }
        ],
        [
            {
                "query": {
                    "x1": -1.927639562326173,
                    "x2": 1.5383159739896657
                },
                "metrics": {
                    "outcome": 272487.3776017263
                },
                "metadata": {
                    "trials": 1
                }
            }
        ],
        [
            {
                "query": {
                    "x1": -0.8059159914652507,
                    "x2": -0.7886155589794119
                },
                "metrics": {
                    "outcome": 628.5925387890456
                },
                "metadata": {
                    "trials": 1
                }
            }
        ],
        [
            {
                "query": {
                    "x1": -1.2811471189682684,
                    "x2": 1.8334561634187896
                },
                "metrics": {
                    "outcome": 675846.5969898471
                },
                "metadata": {
                    "trials": 1
                }
            }
        ],
        [
            {
                "query": {
                    "x1": 0.7536937672023973,
                    "x2": -0.11248109651108584
                },
                "metrics": {
                    "outcome": 800.2771215059657
                },
                "metadata": {
                    "trials": 1
                }
            }
        ],
        [
            {
                "query": {
                    "x1": 1.2686737108354769,
                    "x2": 0.4073953462764619
                },
                "metrics": {
                    "outcome": 990.4028871345588
                },
                "metadata": {
                    "trials": 1
                }
            }
        ],
        [
            {
                "query": {
                    "x1": -1.0228274683778484,
                    "x2": 0.791888879177471
                },
                "metrics": {
                    "outcome": 41467.32272628517
                },
                "metadata": {
                    "trials": 1
                }
            }
        ],
        [
            {
                "query": {
                    "x1": 1.8310842151443163,
                    "x2": 1.3480086028575897
                },
                "metrics": {
                    "outcome": 2855.959381572733
                },
                "metadata": {
                    "trials": 1
                }
            }
        ],
        [
            {
                "query": {
                    "x1": 1.714495770012339,
                    "x2": 0.1798081432779628
                },
                "metrics": {
                    "outcome": 96.17431898809349
                },
                "metadata": {
                    "trials": 1
                }
            }
        ],
        [
            {
                "query": {
                    "x1": -1.5501274838422736,
                    "x2": -0.6007208256671825
                },
                "metrics": {
                    "outcome": 8767.507602130601
                },
                "metadata": {
                    "trials": 1
                }
            }
        ],
        [
            {
                "query": {
                    "x1": -0.3926836345344782,
                    "x2": -0.2656589621677994
                },
                "metrics": {
                    "outcome": 133.37620732894624
                },
                "metadata": {
                    "trials": 1
                }
            }
        ],
        [
            {
                "query": {
                    "x1": 0.9885847115889193,
                    "x2": -1.0266871402040123
                },
                "metrics": {
                    "outcome": 7310.907136497715
                },
                "metadata": {
                    "trials": 1
                }
            }
        ],
        [
            {
                "query": {
                    "x1": 0.1650914106518031,
                    "x2": -1.2599622517824174
                },
                "metrics": {
                    "outcome": 106.33358814687287
                },
                "metadata": {
                    "trials": 1
                }
            }
        ],
        [
            {
                "query": {
                    "x1": -0.01831635311245927,
                    "x2": -1.6512378320097922
                },
                "metrics": {
                    "outcome": 7521.054009953318
                },
                "metadata": {
                    "trials": 1
                }
            }
        ],
        [
            {
                "query": {
                    "x1": -0.6515436438843607,
                    "x2": -1.889748699342211
                },
                "metrics": {
                    "outcome": 23257.50312690192
                },
                "metadata": {
                    "trials": 1
                }
            }
        ],
        [
            {
                "query": {
                    "x1": 1.9707022202817162,
                    "x2": 0.12951956360135197
                },
                "metrics": {
                    "outcome": 498.037310094715
                },
                "metadata": {
                    "trials": 1
                }
            },
            {
                "query": {
                    "x1": 1.9707022202817162,
                    "x2": 0.12951956360135197
                },
                "metrics": {
                    "outcome": 498.037310094715
                },
                "metadata": {
                    "trials": 1
                }
            },
            {
                "query": {
                    "x1": 1.9707022202817162,
                    "x2": 0.12951956360135197
                },
                "metrics": {
                    "outcome": 498.037310094715
                },
                "metadata": {
                    "trials": 1
                }
            }
        ],
        [
            {
                "query": {
                    "x1": 1.6647281088195918,
                    "x2": 0.15878443148411625
                },
                "metrics": {
                    "outcome": 105.78221165415964
                },
                "metadata": {
                    "trials": 1
                }
            },
            {
                "query": {
                    "x1": 1.6739429760877669,
                    "x2": 0.16075799227590037
                },
                "metrics": {
                    "outcome": 102.3924484584298
                },
                "metadata": {
                    "trials": 1
                }
            },
            {
                "query": {
                    "x1": 1.667623404980766,
                    "x2": 0.15940388289142193
                },
                "metrics": {
                    "outcome": 104.68759881420516
                },
                "metadata": {
                    "trials": 1
                }
            }
        ],
        [
            {
                "query": {
                    "x1": 1.6969814026564536,
                    "x2": 0.18881567935418841
                },
                "metrics": {
                    "outcome": 112.02914152930113
                },
                "metadata": {
                    "trials": 1
                }
            },
            {
                "query": {
                    "x1": 1.6969814095135232,
                    "x2": 0.18881568427372608
                },
                "metrics": {
                    "outcome": 112.02914168062706
                },
                "metadata": {
                    "trials": 1
                }
            },
            {
                "query": {
                    "x1": 1.6969814073024434,
                    "x2": 0.18881568383304037
                },
                "metrics": {
                    "outcome": 112.02914265291814
                },
                "metadata": {
                    "trials": 1
                }
            }
        ],
        [
            {
                "query": {
                    "x1": 1.7207899592522895,
                    "x2": 0.1534646048072732
                },
                "metrics": {
                    "outcome": 85.11692917274017
                },
                "metadata": {
                    "trials": 1
                }
            },
            {
                "query": {
                    "x1": 1.720789859577236,
                    "x2": 0.15346462450108866
                },
                "metrics": {
                    "outcome": 85.1169398227093
                },
                "metadata": {
                    "trials": 1
                }
            },
            {
                "query": {
                    "x1": 1.7207899429248168,
                    "x2": 0.1534645959418124
                },
                "metrics": {
                    "outcome": 85.11692968877263
                },
                "metadata": {
                    "trials": 1
                }
            }
        ],
        [
            {
                "query": {
                    "x1": 1.7182766779892829,
                    "x2": 0.14836258256310364
                },
                "metrics": {
                    "outcome": 84.92320327349718
                },
                "metadata": {
                    "trials": 1
                }
            },
            {
                "query": {
                    "x1": 1.7182764203762582,
                    "x2": 0.1483652845251182
                },
                "metrics": {
                    "outcome": 84.92332293365767
                },
                "metadata": {
                    "trials": 1
                }
            },
            {
                "query": {
                    "x1": 1.718276763951859,
                    "x2": 0.14836482797309003
                },
                "metrics": {
                    "outcome": 84.92328875887374
                },
                "metadata": {
                    "trials": 1
                }
            }
        ],
        [
            {
                "query": {
                    "x1": 1.7178308849442168,
                    "x2": 0.14794593891341812
                },
                "metrics": {
                    "outcome": 84.92746995982534
                },
                "metadata": {
                    "trials": 1
                }
            },
            {
                "query": {
                    "x1": 1.7178314249010027,
                    "x2": 0.14794581610900925
                },
                "metrics": {
                    "outcome": 84.9274410038418
                },
                "metadata": {
                    "trials": 1
                }
            },
            {
                "query": {
                    "x1": 1.717830100584739,
                    "x2": 0.14794507681112457
                },
                "metrics": {
                    "outcome": 84.92747288672695
                },
                "metadata": {
                    "trials": 1
                }
            }
        ],
        [
            {
                "query": {
                    "x1": 1.7178724386401716,
                    "x2": 0.14798310533660874
                },
                "metrics": {
                    "outcome": 84.9269960207675
                },
                "metadata": {
                    "trials": 1
                }
            },
            {
                "query": {
                    "x1": 1.7178725557517391,
                    "x2": 0.14798291919442486
                },
                "metrics": {
                    "outcome": 84.92698369510272
                },
                "metadata": {
                    "trials": 1
                }
            },
            {
                "query": {
                    "x1": 1.717872564647406,
                    "x2": 0.14798330415311067
                },
                "metrics": {
                    "outcome": 84.92699784127747
                },
                "metadata": {
                    "trials": 1
                }
            }
        ],
        [
            {
                "query": {
                    "x1": 1.717882443640454,
                    "x2": 0.14799271953579574
                },
                "metrics": {
                    "outcome": 84.92690740008364
                },
                "metadata": {
                    "trials": 1
                }
            },
            {
                "query": {
                    "x1": 1.7178806033927891,
                    "x2": 0.14799243483565672
                },
                "metrics": {
                    "outcome": 84.9269798442066
                },
                "metadata": {
                    "trials": 1
                }
            },
            {
                "query": {
                    "x1": 1.717881898101,
                    "x2": 0.1479919228307227
                },
                "metrics": {
                    "outcome": 84.92690191664244
                },
                "metadata": {
                    "trials": 1
                }
            }
        ],
        [
            {
                "query": {
                    "x1": 1.7178857948578683,
                    "x2": 0.14799595263046772
                },
                "metrics": {
                    "outcome": 84.92687824104277
                },
                "metadata": {
                    "trials": 1
                }
            },
            {
                "query": {
                    "x1": 1.717886083707934,
                    "x2": 0.147995935406545
                },
                "metrics": {
                    "outcome": 84.92686452489582
                },
                "metadata": {
                    "trials": 1
                }
            },
            {
                "query": {
                    "x1": 1.7178807722532663,
                    "x2": 0.14799093406490949
                },
                "metrics": {
                    "outcome": 84.92691540518717
                },
                "metadata": {
                    "trials": 1
                }
            }
        ],
        [
            {
                "query": {
                    "x1": 1.7178882058669909,
                    "x2": 0.14799985621335843
                },
                "metrics": {
                    "outcome": 84.92691705448743
                },
                "metadata": {
                    "trials": 1
                }
            },
            {
                "query": {
                    "x1": 1.7178902466824244,
                    "x2": 0.14799770204351415
                },
                "metrics": {
                    "outcome": 84.92674314765935
                },
                "metadata": {
                    "trials": 1
                }
            },
            {
                "query": {
                    "x1": 1.717888873682631,
                    "x2": 0.14799816968852886
                },
                "metrics": {
                    "outcome": 84.92682294090572
                },
                "metadata": {
                    "trials": 1
                }
            }
        ],
        [
            {
                "query": {
                    "x1": 1.7178975322959085,
                    "x2": 0.14800570504910038
                },
                "metrics": {
                    "outcome": 84.92671670155849
                },
                "metadata": {
                    "trials": 1
                }
            },
            {
                "query": {
                    "x1": 1.7178927158972015,
                    "x2": 0.1480012028833313
                },
                "metrics": {
                    "outcome": 84.92676402347361
                },
                "metadata": {
                    "trials": 1
                }
            },
            {
                "query": {
                    "x1": 1.7178885500068537,
                    "x2": 0.14799900596496185
                },
                "metrics": {
                    "outcome": 84.92686925980597
                },
                "metadata": {
                    "trials": 1
                }
            }
        ],
        [
            {
                "query": {
                    "x1": 1.7178878081535793,
                    "x2": 0.1479974852338679
                },
                "metrics": {
                    "outcome": 84.92684521577542
                },
                "metadata": {
                    "trials": 1
                }
            },
            {
                "query": {
                    "x1": 1.7178912504905353,
                    "x2": 0.14800018832495088
                },
                "metrics": {
                    "outcome": 84.92679188288734
                },
                "metadata": {
                    "trials": 1
                }
            },
            {
                "query": {
                    "x1": 1.7178920607222943,
                    "x2": 0.1480004874740417
                },
                "metrics": {
                    "outcome": 84.92676656325514
                },
                "metadata": {
                    "trials": 1
                }
            }
        ],
        [
            {
                "query": {
                    "x1": 1.7179045298357263,
                    "x2": 0.14800296834337034
                },
                "metrics": {
                    "outcome": 84.92629682968462
                },
                "metadata": {
                    "trials": 1
                }
            },
            {
                "query": {
                    "x1": 1.7178918592075894,
                    "x2": 0.14800088450987703
                },
                "metrics": {
                    "outcome": 84.92679071763847
                },
                "metadata": {
                    "trials": 1
                }
            },
            {
                "query": {
                    "x1": 1.7178921442400399,
                    "x2": 0.1480010171421049
                },
                "metrics": {
                    "outcome": 84.92678284759744
                },
                "metadata": {
                    "trials": 1
                }
            }
        ],
        [
            {
                "query": {
                    "x1": 1.7178925683631459,
                    "x2": 0.14800134818790456
                },
                "metrics": {
                    "outcome": 84.92677620163309
                },
                "metadata": {
                    "trials": 1
                }
            },
            {
                "query": {
                    "x1": 1.7178935086523892,
                    "x2": 0.1480019820519658
                },
                "metrics": {
                    "outcome": 84.92675767665872
                },
                "metadata": {
                    "trials": 1
                }
            },
            {
                "query": {
                    "x1": 1.7178922930409133,
                    "x2": 0.14800119184274774
                },
                "metrics": {
                    "outcome": 84.92678273410176
                },
                "metadata": {
                    "trials": 1
                }
            }
        ],
        [
            {
                "query": {
                    "x1": 1.7178930114639273,
                    "x2": 0.1480015463520008
                },
                "metrics": {
                    "outcome": 84.92676366342198
                },
                "metadata": {
                    "trials": 1
                }
            },
            {
                "query": {
                    "x1": 1.7178928572674752,
                    "x2": 0.14800164813352623
                },
                "metrics": {
                    "outcome": 84.92677449477785
                },
                "metadata": {
                    "trials": 1
                }
            },
            {
                "query": {
                    "x1": 1.717871540842434,
                    "x2": 0.1479977205956251
                },
                "metrics": {
                    "outcome": 84.92759103348084
                },
                "metadata": {
                    "trials": 1
                }
            }
        ],
        [
            {
                "query": {
                    "x1": 1.7178938601964786,
                    "x2": 0.1480027123176253
                },
                "metrics": {
                    "outcome": 84.92676943991219
                },
                "metadata": {
                    "trials": 1
                }
            },
            {
                "query": {
                    "x1": 1.7178938727461328,
                    "x2": 0.14800243531133983
                },
                "metrics": {
                    "outcome": 84.92675837664618
                },
                "metadata": {
                    "trials": 1
                }
            },
            {
                "query": {
                    "x1": 1.717893792325191,
                    "x2": 0.14800250361144496
                },
                "metrics": {
                    "outcome": 84.92676460274663
                },
                "metadata": {
                    "trials": 1
                }
            }
        ],
        [
            {
                "query": {
                    "x1": 1.7178943711002526,
                    "x2": 0.14800308990551203
                },
                "metrics": {
                    "outcome": 84.92676063182289
                },
                "metadata": {
                    "trials": 1
                }
            },
            {
                "query": {
                    "x1": 1.7178941033333812,
                    "x2": 0.14800278410936318
                },
                "metrics": {
                    "outcome": 84.92676115971184
                },
                "metadata": {
                    "trials": 1
                }
            },
            {
                "query": {
                    "x1": 1.71789148404326,
                    "x2": 0.14800094647938744
                },
                "metrics": {
                    "outcome": 84.9268100380315
                },
                "metadata": {
                    "trials": 1
                }
            }
        ],
        [
            {
                "query": {
                    "x1": 1.7178948672774679,
                    "x2": 0.1480029607181188
                },
                "metrics": {
                    "outcome": 84.92673328911492
                },
                "metadata": {
                    "trials": 1
                }
            },
            {
                "query": {
                    "x1": 1.7178920594498774,
                    "x2": 0.14800593637292092
                },
                "metrics": {
                    "outcome": 84.9269732550796
                },
                "metadata": {
                    "trials": 1
                }
            },
            {
                "query": {
                    "x1": 1.7178988011111502,
                    "x2": 0.14800211458652912
                },
                "metrics": {
                    "outcome": 84.92652337999567
                },
                "metadata": {
                    "trials": 1
                }
            }
        ],
        [
            {
                "query": {
                    "x1": 1.7178974407324752,
                    "x2": 0.14800590192724794
                },
                "metrics": {
                    "outcome": 84.92672830749082
                },
                "metadata": {
                    "trials": 1
                }
            },
            {
                "query": {
                    "x1": 1.7178940963763774,
                    "x2": 0.14800244181376243
                },
                "metrics": {
                    "outcome": 84.92674850593778
                },
                "metadata": {
                    "trials": 1
                }
            },
            {
                "query": {
                    "x1": 1.717896826293401,
                    "x2": 0.14800534082546246
                },
                "metrics": {
                    "outcome": 84.92673484388513
                },
                "metadata": {
                    "trials": 1
                }
            }
        ],
        [
            {
                "query": {
                    "x1": 1.7178968785028061,
                    "x2": 0.14800429413466265
                },
                "metrics": {
                    "outcome": 84.9266928184692
                },
                "metadata": {
                    "trials": 1
                }
            },
            {
                "query": {
                    "x1": 1.7178945527427225,
                    "x2": 0.14800329096189646
                },
                "metrics": {
                    "outcome": 84.92676003200057
                },
                "metadata": {
                    "trials": 1
                }
            },
            {
                "query": {
                    "x1": 1.717894734186371,
                    "x2": 0.14800335129150843
                },
                "metrics": {
                    "outcome": 84.92675410860853
                },
                "metadata": {
                    "trials": 1
                }
            }
        ],
        [
            {
                "query": {
                    "x1": 1.717894921856412,
                    "x2": 0.14800303648215873
                },
                "metrics": {
                    "outcome": 84.9267336902665
                },
                "metadata": {
                    "trials": 1
                }
            },
            {
                "query": {
                    "x1": 1.71789476696128,
                    "x2": 0.14800346613897286
                },
                "metrics": {
                    "outcome": 84.92675697766535
                },
                "metadata": {
                    "trials": 1
                }
            },
            {
                "query": {
                    "x1": 1.7178949354368922,
                    "x2": 0.14800348152146103
                },
                "metrics": {
                    "outcome": 84.92674993780378
                },
                "metadata": {
                    "trials": 1
                }
            }
        ],
        [
            {
                "query": {
                    "x1": 1.7178948926305133,
                    "x2": 0.14800345256564063
                },
                "metrics": {
                    "outcome": 84.92675077736152
                },
                "metadata": {
                    "trials": 1
                }
            },
            {
                "query": {
                    "x1": 1.7178942508547768,
                    "x2": 0.14800324675280985
                },
                "metrics": {
                    "outcome": 84.92677201611244
                },
                "metadata": {
                    "trials": 1
                }
            },
            {
                "query": {
                    "x1": 1.717896568577856,
                    "x2": 0.14800441806122677
                },
                "metrics": {
                    "outcome": 84.92671153494955
                },
                "metadata": {
                    "trials": 1
                }
            }
        ],
        [
            {
                "query": {
                    "x1": 1.7178953644486703,
                    "x2": 0.1480038344657375
                },
                "metrics": {
                    "outcome": 84.92674390127006
                },
                "metadata": {
                    "trials": 1
                }
            },
            {
                "query": {
                    "x1": 1.7178966174498864,
                    "x2": 0.14800690427976537
                },
                "metrics": {
                    "outcome": 84.926803581382
                },
                "metadata": {
                    "trials": 1
                }
            },
            {
                "query": {
                    "x1": 1.7178928577986792,
                    "x2": 0.14800329518867095
                },
                "metrics": {
                    "outcome": 84.92683689284053
                },
                "metadata": {
                    "trials": 1
                }
            }
        ],
        [
            {
                "query": {
                    "x1": 1.7179043729271357,
                    "x2": 0.14801575161398528
                },
                "metrics": {
                    "outcome": 84.92678822481287
                },
                "metadata": {
                    "trials": 1
                }
            },
            {
                "query": {
                    "x1": 1.7178954343440318,
                    "x2": 0.14800110143220957
                },
                "metrics": {
                    "outcome": 84.9266372435764
                },
                "metadata": {
                    "trials": 1
                }
            },
            {
                "query": {
                    "x1": 1.7178985636894373,
                    "x2": 0.14800560510053407
                },
                "metrics": {
                    "outcome": 84.92666624795042
                },
                "metadata": {
                    "trials": 1
                }
            }
        ],
        [
            {
                "query": {
                    "x1": 1.7178976527265344,
                    "x2": 0.14800731004331968
                },
                "metrics": {
                    "outcome": 84.92677210535402
                },
                "metadata": {
                    "trials": 1
                }
            },
            {
                "query": {
                    "x1": 1.7178947592455427,
                    "x2": 0.1480036572354142
                },
                "metrics": {
                    "outcome": 84.92676456860143
                },
                "metadata": {
                    "trials": 1
                }
            },
            {
                "query": {
                    "x1": 1.717897185899382,
                    "x2": 0.1480038771765977
                },
                "metrics": {
                    "outcome": 84.9266631196248
                },
                "metadata": {
                    "trials": 1
                }
            }
        ],
        [
            {
                "query": {
                    "x1": 1.7178954273659017,
                    "x2": 0.1480039981402288
                },
                "metrics": {
                    "outcome": 84.92674725693837
                },
                "metadata": {
                    "trials": 1
                }
            },
            {
                "query": {
                    "x1": 1.717895801753067,
                    "x2": 0.14800432139292585
                },
                "metrics": {
                    "outcome": 84.92674256710094
                },
                "metadata": {
                    "trials": 1
                }
            },
            {
                "query": {
                    "x1": 1.717895101074205,
                    "x2": 0.14800369426758175
                },
                "metrics": {
                    "outcome": 84.92675050517408
                },
                "metadata": {
                    "trials": 1
                }
            }
        ],
        [
            {
                "query": {
                    "x1": 1.7178954008845833,
                    "x2": 0.1480040969649501
                },
                "metrics": {
                    "outcome": 84.92675220033678
                },
                "metadata": {
                    "trials": 1
                }
            },
            {
                "query": {
                    "x1": 1.717895643461266,
                    "x2": 0.14800413724970785
                },
                "metrics": {
                    "outcome": 84.92674275097008
                },
                "metadata": {
                    "trials": 1
                }
            },
            {
                "query": {
                    "x1": 1.717911980842716,
                    "x2": 0.14801082441076296
                },
                "metrics": {
                    "outcome": 84.92625712998267
                },
                "metadata": {
                    "trials": 1
                }
            }
        ],
        [
            {
                "query": {
                    "x1": 1.7178980959134051,
                    "x2": 0.1480057583526091
                },
                "metrics": {
                    "outcome": 84.92669321887222
                },
                "metadata": {
                    "trials": 1
                }
            },
            {
                "query": {
                    "x1": 1.7178953275596975,
                    "x2": 0.1480043102517099
                },
                "metrics": {
                    "outcome": 84.92676360198553
                },
                "metadata": {
                    "trials": 1
                }
            },
            {
                "query": {
                    "x1": 1.717897278043238,
                    "x2": 0.14800316216085552
                },
                "metrics": {
                    "outcome": 84.92663187761553
                },
                "metadata": {
                    "trials": 1
                }
            }
        ],
        [
            {
                "query": {
                    "x1": 1.7178956359769302,
                    "x2": 0.14800410401220399
                },
                "metrics": {
                    "outcome": 84.92674183004948
                },
                "metadata": {
                    "trials": 1
                }
            },
            {
                "query": {
                    "x1": 1.7178955523507717,
                    "x2": 0.14800410460276048
                },
                "metrics": {
                    "outcome": 84.9267456362622
                },
                "metadata": {
                    "trials": 1
                }
            },
            {
                "query": {
                    "x1": 1.7178952515208699,
                    "x2": 0.14800390254446505
                },
                "metrics": {
                    "outcome": 84.92675159071148
                },
                "metadata": {
                    "trials": 1
                }
            }
        ],
        [
            {
                "query": {
                    "x1": 1.7178951683020331,
                    "x2": 0.14800323683669436
                },
                "metrics": {
                    "outcome": 84.92673013154693
                },
                "metadata": {
                    "trials": 1
                }
            },
            {
                "query": {
                    "x1": 1.7178960575688684,
                    "x2": 0.14800451481581822
                },
                "metrics": {
                    "outcome": 84.92673832222253
                },
                "metadata": {
                    "trials": 1
                }
            },
            {
                "query": {
                    "x1": 1.7178955621884202,
                    "x2": 0.14800410088967686
                },
                "metrics": {
                    "outcome": 84.92674505042106
                },
                "metadata": {
                    "trials": 1
                }
            }
        ],
        [
            {
                "query": {
                    "x1": 1.7178999352080209,
                    "x2": 0.14800606920430814
                },
                "metrics": {
                    "outcome": 84.92662178501097
                },
                "metadata": {
                    "trials": 1
                }
            },
            {
                "query": {
                    "x1": 1.7178957284498688,
                    "x2": 0.14800424045615568
                },
                "metrics": {
                    "outcome": 84.92674281662697
                },
                "metadata": {
                    "trials": 1
                }
            },
            {
                "query": {
                    "x1": 1.7178962515681127,
                    "x2": 0.14800470913317554
                },
                "metrics": {
                    "outcome": 84.92673690838421
                },
                "metadata": {
                    "trials": 1
                }
            }
        ],
        [
            {
                "query": {
                    "x1": 1.7178957057918756,
                    "x2": 0.14800421017052123
                },
                "metrics": {
                    "outcome": 84.92674269411789
                },
                "metadata": {
                    "trials": 1
                }
            },
            {
                "query": {
                    "x1": 1.7178949512177906,
                    "x2": 0.14800407736122523
                },
                "metrics": {
                    "outcome": 84.92677180484556
                },
                "metadata": {
                    "trials": 1
                }
            },
            {
                "query": {
                    "x1": 1.7178955857024825,
                    "x2": 0.14800418299365514
                },
                "metrics": {
                    "outcome": 84.9267470979594
                },
                "metadata": {
                    "trials": 1
                }
            }
        ],
        [
            {
                "query": {
                    "x1": 1.7178980402140969,
                    "x2": 0.1480075184711187
                },
                "metrics": {
                    "outcome": 84.92676246989221
                },
                "metadata": {
                    "trials": 1
                }
            },
            {
                "query": {
                    "x1": 1.717895680078986,
                    "x2": 0.14800425060915856
                },
                "metrics": {
                    "outcome": 84.9267453900727
                },
                "metadata": {
                    "trials": 1
                }
            },
            {
                "query": {
                    "x1": 1.7178958535383244,
                    "x2": 0.14800426628986774
                },
                "metrics": {
                    "outcome": 84.92673813573174
                },
                "metadata": {
                    "trials": 1
                }
            }
        ],
        [
            {
                "query": {
                    "x1": 1.7178986684258528,
                    "x2": 0.1480081060812335
                },
                "metrics": {
                    "outcome": 84.92675631952882
                },
                "metadata": {
                    "trials": 1
                }
            },
            {
                "query": {
                    "x1": 1.7178967345024545,
                    "x2": 0.14800601154676496
                },
                "metrics": {
                    "outcome": 84.92676442525766
                },
                "metadata": {
                    "trials": 1
                }
            },
            {
                "query": {
                    "x1": 1.7178966023268818,
                    "x2": 0.1480047932209918
                },
                "metrics": {
                    "outcome": 84.92672422399576
                },
                "metadata": {
                    "trials": 1
                }
            }
        ],
        [
            {
                "query": {
                    "x1": 1.717922575826746,
                    "x2": 0.14801964769911446
                },
                "metrics": {
                    "outcome": 84.92611204619784
                },
                "metadata": {
                    "trials": 1
                }
            },
            {
                "query": {
                    "x1": 1.7178957734656066,
                    "x2": 0.1480043148044463
                },
                "metrics": {
                    "outcome": 84.92674359736509
                },
                "metadata": {
                    "trials": 1
                }
            },
            {
                "query": {
                    "x1": 1.7178958781427953,
                    "x2": 0.14800436585750898
                },
                "metrics": {
                    "outcome": 84.92674079572312
                },
                "metadata": {
                    "trials": 1
                }
            }
        ],
        [
            {
                "query": {
                    "x1": 1.7178982930838815,
                    "x2": 0.1480070669544178
                },
                "metrics": {
                    "outcome": 84.92673390102937
                },
                "metadata": {
                    "trials": 1
                }
            },
            {
                "query": {
                    "x1": 1.7178953287158385,
                    "x2": 0.14800344378688512
                },
                "metrics": {
                    "outcome": 84.92673071490408
                },
                "metadata": {
                    "trials": 1
                }
            },
            {
                "query": {
                    "x1": 1.7178966457690796,
                    "x2": 0.14800515376842505
                },
                "metrics": {
                    "outcome": 84.92673592283066
                },
                "metadata": {
                    "trials": 1
                }
            }
        ],
        [
            {
                "query": {
                    "x1": 1.717895497026737,
                    "x2": 0.1480044675444554
                },
                "metrics": {
                    "outcome": 84.92676189521049
                },
                "metadata": {
                    "trials": 1
                }
            },
            {
                "query": {
                    "x1": 1.7178952324124506,
                    "x2": 0.14800391370921773
                },
                "metrics": {
                    "outcome": 84.92675287842691
                },
                "metadata": {
                    "trials": 1
                }
            },
            {
                "query": {
                    "x1": 1.7178957092250187,
                    "x2": 0.14800415641689213
                },
                "metrics": {
                    "outcome": 84.92674050172312
                },
                "metadata": {
                    "trials": 1
                }
            }
        ],
        [
            {
                "query": {
                    "x1": 1.7178957832402237,
                    "x2": 0.14800439883893812
                },
                "metrics": {
                    "outcome": 84.92674633985021
                },
                "metadata": {
                    "trials": 1
                }
            },
            {
                "query": {
                    "x1": 1.7178766896348137,
                    "x2": 0.14798890446125812
                },
                "metrics": {
                    "outcome": 84.92702319421532
                },
                "metadata": {
                    "trials": 1
                }
            },
            {
                "query": {
                    "x1": 1.7178959402330456,
                    "x2": 0.14800443948735875
                },
                "metrics": {
                    "outcome": 84.92674077666123
                },
                "metadata": {
                    "trials": 1
                }
            }
        ],
        [
            {
                "query": {
                    "x1": 1.7178967949773707,
                    "x2": 0.14800465813157615
                },
                "metrics": {
                    "outcome": 84.92671038834601
                },
                "metadata": {
                    "trials": 1
                }
            },
            {
                "query": {
                    "x1": 1.7178960914673946,
                    "x2": 0.1480045595010333
                },
                "metrics": {
                    "outcome": 84.92673848185751
                },
                "metadata": {
                    "trials": 1
                }
            },
            {
                "query": {
                    "x1": 1.7178909225079124,
                    "x2": 0.14800043816157205
                },
                "metrics": {
                    "outcome": 84.92681618434665
                },
                "metadata": {
                    "trials": 1
                }
            }
        ],
        [
            {
                "query": {
                    "x1": 1.7178991114565658,
                    "x2": 0.1480056088644912
                },
                "metrics": {
                    "outcome": 84.92664161028387
                },
                "metadata": {
                    "trials": 1
                }
            },
            {
                "query": {
                    "x1": 1.7179006695068164,
                    "x2": 0.148008160674447
                },
                "metrics": {
                    "outcome": 84.92666781638074
                },
                "metadata": {
                    "trials": 1
                }
            },
            {
                "query": {
                    "x1": 1.7178960273164399,
                    "x2": 0.14800455008065594
                },
                "metrics": {
                    "outcome": 84.92674102758035
                },
                "metadata": {
                    "trials": 1
                }
            }
        ],
        [
            {
                "query": {
                    "x1": 1.7178993969785363,
                    "x2": 0.14800513901900514
                },
                "metrics": {
                    "outcome": 84.92661089991971
                },
                "metadata": {
                    "trials": 1
                }
            },
            {
                "query": {
                    "x1": 1.7178961156185788,
                    "x2": 0.14800458367432823
                },
                "metrics": {
                    "outcome": 84.92673830518424
                },
                "metadata": {
                    "trials": 1
                }
            },
            {
                "query": {
                    "x1": 1.7178961210249026,
                    "x2": 0.1480043861868614
                },
                "metrics": {
                    "outcome": 84.92673057644774
                },
                "metadata": {
                    "trials": 1
                }
            }
        ],
        [
            {
                "query": {
                    "x1": 1.7178967375361442,
                    "x2": 0.14800434259346762
                },
                "metrics": {
                    "outcome": 84.92670103164036
                },
                "metadata": {
                    "trials": 1
                }
            },
            {
                "query": {
                    "x1": 1.7178645035023186,
                    "x2": 0.14798583781970231
                },
                "metrics": {
                    "outcome": 84.92745840720202
                },
                "metadata": {
                    "trials": 1
                }
            },
            {
                "query": {
                    "x1": 1.7178987287611962,
                    "x2": 0.1480104714215953
                },
                "metrics": {
                    "outcome": 84.92684335873099
                },
                "metadata": {
                    "trials": 1
                }
            }
        ],
        [
            {
                "query": {
                    "x1": 1.7178991009895834,
                    "x2": 0.14800677026914189
                },
                "metrics": {
                    "outcome": 84.92668609151819
                },
                "metadata": {
                    "trials": 1
                }
            },
            {
                "query": {
                    "x1": 1.7178963422070903,
                    "x2": 0.14800439220485329
                },
                "metrics": {
                    "outcome": 84.92672079705044
                },
                "metadata": {
                    "trials": 1
                }
            },
            {
                "query": {
                    "x1": 1.7178963433666623,
                    "x2": 0.1480047643232325
                },
                "metrics": {
                    "outcome": 84.92673484625554
                },
                "metadata": {
                    "trials": 1
                }
            }
        ],
        [
            {
                "query": {
                    "x1": 1.7178945707926832,
                    "x2": 0.1480036594009424
                },
                "metrics": {
                    "outcome": 84.92677317801227
                },
                "metadata": {
                    "trials": 1
                }
            },
            {
                "query": {
                    "x1": 1.7178899648335322,
                    "x2": 0.14799617031185086
                },
                "metrics": {
                    "outcome": 84.92669794065222
                },
                "metadata": {
                    "trials": 1
                }
            },
            {
                "query": {
                    "x1": 1.7178963936207614,
                    "x2": 0.14800486598206675
                },
                "metrics": {
                    "outcome": 84.92673642512999
                },
                "metadata": {
                    "trials": 1
                }
            }
        ],
        [
            {
                "query": {
                    "x1": 1.7178964754161985,
                    "x2": 0.1480049077448764
                },
                "metrics": {
                    "outcome": 84.92673430674063
                },
                "metadata": {
                    "trials": 1
                }
            },
            {
                "query": {
                    "x1": 1.7178976881195598,
                    "x2": 0.1480045329053441
                },
                "metrics": {
                    "outcome": 84.92666523880969
                },
                "metadata": {
                    "trials": 1
                }
            },
            {
                "query": {
                    "x1": 1.7178949044642495,
                    "x2": 0.14800375747660555
                },
                "metrics": {
                    "outcome": 84.92676179662313
                },
                "metadata": {
                    "trials": 1
                }
            }
        ]
    ],
    "best_results": [
        {
            "query": {
                "x1": 1.7182766779892829,
                "x2": 0.14836258256310364
            },
            "metrics": [
                {
                    "name": "outcome",
                    "value": 84.92320327349718
                }
            ]
        }
    ]
}