{
    "date": "08/11/2022 19:35:41",
    "basic_params": {
        "active_variables": [
            "x1",
            "x2"
        ],
        "default_query": {},
        "metric": "basic",
        "n_trials": 1
    },
    "objective_function": {
        "name": "Branin",
        "params": {}
    },
    "optimizer": {
        "name": "GO-BO",
        "params": {
            "maximize": false,
            "domain": [
                {
                    "name": "x1",
                    "type": "continuous",
                    "domain": [
                        -5.0,
                        10.0
                    ]
                },
                {
                    "name": "x2",
                    "type": "continuous",
                    "domain": [
                        0.0,
                        15.0
                    ]
                }
            ],
            "initial_design_numdata": 10,
            "num_iters": 140,
            "acquisition_type": "EI",
            "evaluator_type": "sequential",
            "batch_size": 1,
            "model_update_interval": 5
        }
    },
    "best_results": [
        {
            "query": {
                "x1": 9.41725178960387,
                "x2": 2.4996254403828653
            },
            "metrics": [
                {
                    "name": "outcome",
                    "value": 0.3991182346942743
                }
            ]
        }
    ],
    "iterations": [
        [
            {
                "query": {
                    "x1": 4.750000000000002,
                    "x2": 0.75
                },
                "metrics": {
                    "outcome": 10.726922611403426
                },
                "metadata": {
                    "trials": 1
                }
            }
        ],
        [
            {
                "query": {
                    "x1": 7.750000000000002,
                    "x2": 11.25
                },
                "metrics": {
                    "outcome": 107.53441319681464
                },
                "metadata": {
                    "trials": 1
                }
            }
        ],
        [
            {
                "query": {
                    "x1": 6.25,
                    "x2": 2.2500000000000004
                },
                "metrics": {
                    "outcome": 20.921429055594757
                },
                "metadata": {
                    "trials": 1
                }
            }
        ],
        [
            {
                "query": {
                    "x1": -1.25,
                    "x2": 6.75
                },
                "metrics": {
                    "outcome": 15.105070742675316
                },
                "metadata": {
                    "trials": 1
                }
            }
        ],
        [
            {
                "query": {
                    "x1": 1.75,
                    "x2": 14.25
                },
                "metrics": {
                    "outcome": 121.4892078152237
                },
                "metadata": {
                    "trials": 1
                }
            }
        ],
        [
            {
                "query": {
                    "x1": 9.25,
                    "x2": 5.250000000000001
                },
                "metrics": {
                    "outcome": 9.061714987096988
                },
                "metadata": {
                    "trials": 1
                }
            }
        ],
        [
            {
                "query": {
                    "x1": 0.2500000000000009,
                    "x2": 3.75
                },
                "metrics": {
                    "outcome": 22.763900676229035
                },
                "metadata": {
                    "trials": 1
                }
            }
        ],
        [
            {
                "query": {
                    "x1": -4.25,
                    "x2": 9.750000000000002
                },
                "metrics": {
                    "outcome": 34.312162995200126
                },
                "metadata": {
                    "trials": 1
                }
            }
        ],
        [
            {
                "query": {
                    "x1": 3.25,
                    "x2": 12.750000000000002
                },
                "metrics": {
                    "outcome": 111.92613141118731
                },
                "metadata": {
                    "trials": 1
                }
            }
        ],
        [
            {
                "query": {
                    "x1": -2.7499999999999996,
                    "x2": 8.25
                },
                "metrics": {
                    "outcome": 10.757814743874357
                },
                "metadata": {
                    "trials": 1
                }
            }
        ],
        [
            {
                "query": {
                    "x1": 10.0,
                    "x2": 0.0
                },
                "metrics": {
                    "outcome": 10.960889035651505
                },
                "metadata": {
                    "trials": 1
                }
            }
        ],
        [
            {
                "query": {
                    "x1": 10.0,
                    "x2": 0.0
                },
                "metrics": {
                    "outcome": 10.960889035651505
                },
                "metadata": {
                    "trials": 1
                }
            }
        ],
        [
            {
                "query": {
                    "x1": 10.0,
                    "x2": 0.0
                },
                "metrics": {
                    "outcome": 10.960889035651505
                },
                "metadata": {
                    "trials": 1
                }
            }
        ],
        [
            {
                "query": {
                    "x1": -5.0,
                    "x2": 0.0
                },
                "metrics": {
                    "outcome": 308.12909601160663
                },
                "metadata": {
                    "trials": 1
                }
            }
        ],
        [
            {
                "query": {
                    "x1": 10.0,
                    "x2": 0.0
                },
                "metrics": {
                    "outcome": 10.960889035651505
                },
                "metadata": {
                    "trials": 1
                }
            }
        ],
        [
            {
                "query": {
                    "x1": 2.6520192087327583,
                    "x2": 4.4444203511055225
                },
                "metrics": {
                    "outcome": 4.611663682964105
                },
                "metadata": {
                    "trials": 1
                }
            }
        ],
        [
            {
                "query": {
                    "x1": 2.6520318276794437,
                    "x2": 4.444396176905609
                },
                "metrics": {
                    "outcome": 4.611561955087506
                },
                "metadata": {
                    "trials": 1
                }
            }
        ],
        [
            {
                "query": {
                    "x1": 2.6520147002675043,
                    "x2": 4.444419642118119
                },
                "metrics": {
                    "outcome": 4.6116671933560225
                },
                "metadata": {
                    "trials": 1
                }
            }
        ],
        [
            {
                "query": {
                    "x1": 2.6520358885749395,
                    "x2": 4.444414557378591
                },
                "metrics": {
                    "outcome": 4.611621126467638
                },
                "metadata": {
                    "trials": 1
                }
            }
        ],
        [
            {
                "query": {
                    "x1": 2.652022456829599,
                    "x2": 4.444437317365342
                },
                "metrics": {
                    "outcome": 4.611718967737046
                },
                "metadata": {
                    "trials": 1
                }
            }
        ],
        [
            {
                "query": {
                    "x1": -1.3682462318602995,
                    "x2": 9.361569031229815
                },
                "metrics": {
                    "outcome": 12.819173643753622
                },
                "metadata": {
                    "trials": 1
                }
            }
        ],
        [
            {
                "query": {
                    "x1": 10.0,
                    "x2": 3.4816290325682937
                },
                "metrics": {
                    "outcome": 2.1722679556004447
                },
                "metadata": {
                    "trials": 1
                }
            }
        ],
        [
            {
                "query": {
                    "x1": 10.0,
                    "x2": 3.4816319120074346
                },
                "metrics": {
                    "outcome": 2.1722707122249822
                },
                "metadata": {
                    "trials": 1
                }
            }
        ],
        [
            {
                "query": {
                    "x1": 10.0,
                    "x2": 3.481625663500005
                },
                "metrics": {
                    "outcome": 2.1722647302516025
                },
                "metadata": {
                    "trials": 1
                }
            }
        ],
        [
            {
                "query": {
                    "x1": 10.0,
                    "x2": 3.4816285030999348
                },
                "metrics": {
                    "outcome": 2.172267448716916
                },
                "metadata": {
                    "trials": 1
                }
            }
        ],
        [
            {
                "query": {
                    "x1": 2.932335404220303,
                    "x2": 2.348708538181434
                },
                "metrics": {
                    "outcome": 0.6164043668712882
                },
                "metadata": {
                    "trials": 1
                }
            }
        ],
        [
            {
                "query": {
                    "x1": 2.932339747028982,
                    "x2": 2.348683248973413
                },
                "metrics": {
                    "outcome": 0.6163998278118328
                },
                "metadata": {
                    "trials": 1
                }
            }
        ],
        [
            {
                "query": {
                    "x1": 2.9323425632068054,
                    "x2": 2.348689143698478
                },
                "metrics": {
                    "outcome": 0.6163926417946772
                },
                "metadata": {
                    "trials": 1
                }
            }
        ],
        [
            {
                "query": {
                    "x1": 2.932336288183653,
                    "x2": 2.3486870575331356
                },
                "metrics": {
                    "outcome": 0.6164065511305932
                },
                "metadata": {
                    "trials": 1
                }
            }
        ],
        [
            {
                "query": {
                    "x1": 2.9323383566710803,
                    "x2": 2.348703411920243
                },
                "metrics": {
                    "outcome": 0.6163989846557811
                },
                "metadata": {
                    "trials": 1
                }
            }
        ],
        [
            {
                "query": {
                    "x1": 10.0,
                    "x2": 5.665920482413707
                },
                "metrics": {
                    "outcome": 9.034517274185578
                },
                "metadata": {
                    "trials": 1
                }
            }
        ],
        [
            {
                "query": {
                    "x1": 10.0,
                    "x2": 5.6659411653314535
                },
                "metrics": {
                    "outcome": 9.034627430339029
                },
                "metadata": {
                    "trials": 1
                }
            }
        ],
        [
            {
                "query": {
                    "x1": 10.0,
                    "x2": 5.665912276116157
                },
                "metrics": {
                    "outcome": 9.034473568105035
                },
                "metadata": {
                    "trials": 1
                }
            }
        ],
        [
            {
                "query": {
                    "x1": 10.0,
                    "x2": 5.666152844123764
                },
                "metrics": {
                    "outcome": 9.035754869858202
                },
                "metadata": {
                    "trials": 1
                }
            }
        ],
        [
            {
                "query": {
                    "x1": 10.0,
                    "x2": 5.666012306091663
                },
                "metrics": {
                    "outcome": 9.035006328892102
                },
                "metadata": {
                    "trials": 1
                }
            }
        ],
        [
            {
                "query": {
                    "x1": 2.9392996126006006,
                    "x2": 0.0
                },
                "metrics": {
                    "outcome": 6.537760802814853
                },
                "metadata": {
                    "trials": 1
                }
            }
        ],
        [
            {
                "query": {
                    "x1": 2.9393059400290626,
                    "x2": 0.0
                },
                "metrics": {
                    "outcome": 6.537722922381664
                },
                "metadata": {
                    "trials": 1
                }
            }
        ],
        [
            {
                "query": {
                    "x1": 2.9392986394535012,
                    "x2": 0.0
                },
                "metrics": {
                    "outcome": 6.537766628800045
                },
                "metadata": {
                    "trials": 1
                }
            }
        ],
        [
            {
                "query": {
                    "x1": 2.9393292150825068,
                    "x2": 0.0
                },
                "metrics": {
                    "outcome": 6.537583585707459
                },
                "metadata": {
                    "trials": 1
                }
            }
        ],
        [
            {
                "query": {
                    "x1": 2.9393085501908107,
                    "x2": 0.0
                },
                "metrics": {
                    "outcome": 6.537707296259789
                },
                "metadata": {
                    "trials": 1
                }
            }
        ],
        [
            {
                "query": {
                    "x1": -4.269769729631166,
                    "x2": 15.0
                },
                "metrics": {
                    "outcome": 5.91005215105984
                },
                "metadata": {
                    "trials": 1
                }
            }
        ],
        [
            {
                "query": {
                    "x1": -4.269968921706194,
                    "x2": 15.0
                },
                "metrics": {
                    "outcome": 5.911942655067703
                },
                "metadata": {
                    "trials": 1
                }
            }
        ],
        [
            {
                "query": {
                    "x1": -4.269783039106622,
                    "x2": 15.0
                },
                "metrics": {
                    "outcome": 5.9101784462737355
                },
                "metadata": {
                    "trials": 1
                }
            }
        ],
        [
            {
                "query": {
                    "x1": -4.269714884946169,
                    "x2": 15.0
                },
                "metrics": {
                    "outcome": 5.909531758220295
                },
                "metadata": {
                    "trials": 1
                }
            }
        ],
        [
            {
                "query": {
                    "x1": -4.269743318368874,
                    "x2": 15.0
                },
                "metrics": {
                    "outcome": 5.909801541230358
                },
                "metadata": {
                    "trials": 1
                }
            }
        ],
        [
            {
                "query": {
                    "x1": -3.1353672313336944,
                    "x2": 12.484542307432406
                },
                "metrics": {
                    "outcome": 0.44847299486571757
                },
                "metadata": {
                    "trials": 1
                }
            }
        ],
        [
            {
                "query": {
                    "x1": -3.135321426022187,
                    "x2": 12.484505786164258
                },
                "metrics": {
                    "outcome": 0.44850874339218727
                },
                "metadata": {
                    "trials": 1
                }
            }
        ],
        [
            {
                "query": {
                    "x1": -3.1353811253086676,
                    "x2": 12.484604057755448
                },
                "metrics": {
                    "outcome": 0.44848490953470765
                },
                "metadata": {
                    "trials": 1
                }
            }
        ],
        [
            {
                "query": {
                    "x1": -3.1353403093825416,
                    "x2": 12.484405678941892
                },
                "metrics": {
                    "outcome": 0.448442297630427
                },
                "metadata": {
                    "trials": 1
                }
            }
        ],
        [
            {
                "query": {
                    "x1": -3.1353663965855043,
                    "x2": 12.484482717458576
                },
                "metrics": {
                    "outcome": 0.4484471924962321
                },
                "metadata": {
                    "trials": 1
                }
            }
        ],
        [
            {
                "query": {
                    "x1": 8.951244311700494,
                    "x2": 1.6509685093332254
                },
                "metrics": {
                    "outcome": 1.6602006939786271
                },
                "metadata": {
                    "trials": 1
                }
            }
        ],
        [
            {
                "query": {
                    "x1": 8.95121847383342,
                    "x2": 1.650191458429772
                },
                "metrics": {
                    "outcome": 1.6610023939009828
                },
                "metadata": {
                    "trials": 1
                }
            }
        ],
        [
            {
                "query": {
                    "x1": 8.95159731386316,
                    "x2": 1.6513984474349268
                },
                "metrics": {
                    "outcome": 1.6584964389800767
                },
                "metadata": {
                    "trials": 1
                }
            }
        ],
        [
            {
                "query": {
                    "x1": 8.951448101707784,
                    "x2": 1.6511005143742776
                },
                "metrics": {
                    "outcome": 1.6593220761427965
                },
                "metadata": {
                    "trials": 1
                }
            }
        ],
        [
            {
                "query": {
                    "x1": 8.951570086360688,
                    "x2": 1.650888789948337
                },
                "metrics": {
                    "outcome": 1.6590601641419322
                },
                "metadata": {
                    "trials": 1
                }
            }
        ],
        [
            {
                "query": {
                    "x1": -2.905586423941807,
                    "x2": 11.299169736097094
                },
                "metrics": {
                    "outcome": 0.8369902315578805
                },
                "metadata": {
                    "trials": 1
                }
            }
        ],
        [
            {
                "query": {
                    "x1": -2.8950686917875643,
                    "x2": 11.265881984844023
                },
                "metrics": {
                    "outcome": 0.8684035548922413
                },
                "metadata": {
                    "trials": 1
                }
            }
        ],
        [
            {
                "query": {
                    "x1": -2.896494674742372,
                    "x2": 11.27533926594428
                },
                "metrics": {
                    "outcome": 0.8599122847821512
                },
                "metadata": {
                    "trials": 1
                }
            }
        ],
        [
            {
                "query": {
                    "x1": -2.890826834081411,
                    "x2": 11.266629011328131
                },
                "metrics": {
                    "outcome": 0.869482821025187
                },
                "metadata": {
                    "trials": 1
                }
            }
        ],
        [
            {
                "query": {
                    "x1": -2.892489374164767,
                    "x2": 11.264130022234104
                },
                "metrics": {
                    "outcome": 0.8708616364500337
                },
                "metadata": {
                    "trials": 1
                }
            }
        ],
        [
            {
                "query": {
                    "x1": 3.3624900971749345,
                    "x2": 2.3614003577493463
                },
                "metrics": {
                    "outcome": 0.6948955057319104
                },
                "metadata": {
                    "trials": 1
                }
            }
        ],
        [
            {
                "query": {
                    "x1": 3.3861190905160328,
                    "x2": 2.219747209889796
                },
                "metrics": {
                    "outcome": 0.6998423749465719
                },
                "metadata": {
                    "trials": 1
                }
            }
        ],
        [
            {
                "query": {
                    "x1": 3.3963876403467537,
                    "x2": 2.234335754246545
                },
                "metrics": {
                    "outcome": 0.7302877661689049
                },
                "metadata": {
                    "trials": 1
                }
            }
        ],
        [
            {
                "query": {
                    "x1": 3.4248691781929788,
                    "x2": 2.31288298401641
                },
                "metrics": {
                    "outcome": 0.842300135674094
                },
                "metadata": {
                    "trials": 1
                }
            }
        ],
        [
            {
                "query": {
                    "x1": 9.41725178960387,
                    "x2": 2.4996254403828653
                },
                "metrics": {
                    "outcome": 0.3991182346942743
                },
                "metadata": {
                    "trials": 1
                }
            }
        ],
        [
            {
                "query": {
                    "x1": -3.476099874376268,
                    "x2": 13.009771997617465
                },
                "metrics": {
                    "outcome": 0.9370975895441571
                },
                "metadata": {
                    "trials": 1
                }
            }
        ],
        [
            {
                "query": {
                    "x1": -3.367070125788449,
                    "x2": 12.504093621594498
                },
                "metrics": {
                    "outcome": 0.7429258937787218
                },
                "metadata": {
                    "trials": 1
                }
            }
        ],
        [
            {
                "query": {
                    "x1": -3.4538557712633535,
                    "x2": 13.044273841964364
                },
                "metrics": {
                    "outcome": 0.8622772068072937
                },
                "metadata": {
                    "trials": 1
                }
            }
        ],
        [
            {
                "query": {
                    "x1": -3.311510283865115,
                    "x2": 12.164289416977189
                },
                "metrics": {
                    "outcome": 0.8094829836914723
                },
                "metadata": {
                    "trials": 1
                }
            }
        ],
        [
            {
                "query": {
                    "x1": -3.4165794549029416,
                    "x2": 12.907205240085776
                },
                "metrics": {
                    "outcome": 0.7601267236685683
                },
                "metadata": {
                    "trials": 1
                }
            }
        ],
        [
            {
                "query": {
                    "x1": 7.7851103717683525,
                    "x2": 0.0975326783397118
                },
                "metrics": {
                    "outcome": 12.460910340571445
                },
                "metadata": {
                    "trials": 1
                }
            }
        ],
        [
            {
                "query": {
                    "x1": 7.706396007696727,
                    "x2": 0.16973667636368872
                },
                "metrics": {
                    "outcome": 12.942739008551904
                },
                "metadata": {
                    "trials": 1
                }
            }
        ],
        [
            {
                "query": {
                    "x1": 9.119248292867981,
                    "x2": 2.6922982940531375
                },
                "metrics": {
                    "outcome": 1.0569145246458636
                },
                "metadata": {
                    "trials": 1
                }
            }
        ],
        [
            {
                "query": {
                    "x1": 9.183569845747188,
                    "x2": 2.7736081530171464
                },
                "metrics": {
                    "outcome": 0.9204534332333285
                },
                "metadata": {
                    "trials": 1
                }
            }
        ],
        [
            {
                "query": {
                    "x1": 9.02971994470011,
                    "x2": 2.6874333564843926
                },
                "metrics": {
                    "outcome": 1.4136594595059613
                },
                "metadata": {
                    "trials": 1
                }
            }
        ],
        [
            {
                "query": {
                    "x1": 2.199012429116461,
                    "x2": 2.6310950186434434
                },
                "metrics": {
                    "outcome": 4.60061426382302
                },
                "metadata": {
                    "trials": 1
                }
            }
        ],
        [
            {
                "query": {
                    "x1": 2.1673115206938007,
                    "x2": 3.0901520900631447
                },
                "metrics": {
                    "outcome": 4.610415131319643
                },
                "metadata": {
                    "trials": 1
                }
            }
        ],
        [
            {
                "query": {
                    "x1": 1.9738298520387856,
                    "x2": 3.2379180594737207
                },
                "metrics": {
                    "outcome": 6.249310081921057
                },
                "metadata": {
                    "trials": 1
                }
            }
        ],
        [
            {
                "query": {
                    "x1": 2.2494335802505336,
                    "x2": 2.8396689121981558
                },
                "metrics": {
                    "outcome": 4.027154504845025
                },
                "metadata": {
                    "trials": 1
                }
            }
        ],
        [
            {
                "query": {
                    "x1": 1.976847930161754,
                    "x2": 2.5299073716891063
                },
                "metrics": {
                    "outcome": 6.894027921291745
                },
                "metadata": {
                    "trials": 1
                }
            }
        ],
        [
            {
                "query": {
                    "x1": -4.963720847858674,
                    "x2": 14.99367003386976
                },
                "metrics": {
                    "outcome": 16.752966883488426
                },
                "metadata": {
                    "trials": 1
                }
            }
        ],
        [
            {
                "query": {
                    "x1": -4.934510624732118,
                    "x2": 14.215660502369289
                },
                "metrics": {
                    "outcome": 19.862778457162843
                },
                "metadata": {
                    "trials": 1
                }
            }
        ],
        [
            {
                "query": {
                    "x1": -2.5148108934275575,
                    "x2": 10.910246174696493
                },
                "metrics": {
                    "outcome": 2.2313083889803123
                },
                "metadata": {
                    "trials": 1
                }
            }
        ],
        [
            {
                "query": {
                    "x1": -2.4902867890930254,
                    "x2": 11.03906363990249
                },
                "metrics": {
                    "outcome": 2.4388631701766785
                },
                "metadata": {
                    "trials": 1
                }
            }
        ],
        [
            {
                "query": {
                    "x1": -4.841460239900019,
                    "x2": 14.976328740703872
                },
                "metrics": {
                    "outcome": 14.323478793678124
                },
                "metadata": {
                    "trials": 1
                }
            }
        ],
        [
            {
                "query": {
                    "x1": 3.964683848834106,
                    "x2": 0.08823550465301422
                },
                "metrics": {
                    "outcome": 6.135662248752447
                },
                "metadata": {
                    "trials": 1
                }
            }
        ],
        [
            {
                "query": {
                    "x1": 3.9431441555693443,
                    "x2": 0.38694893246029205
                },
                "metrics": {
                    "outcome": 5.13242769921365
                },
                "metadata": {
                    "trials": 1
                }
            }
        ],
        [
            {
                "query": {
                    "x1": 9.679199792399027,
                    "x2": 2.347678296505501
                },
                "metrics": {
                    "outcome": 0.8296951593322017
                },
                "metadata": {
                    "trials": 1
                }
            }
        ],
        [
            {
                "query": {
                    "x1": 9.654441802877741,
                    "x2": 2.503053462135438
                },
                "metrics": {
                    "outcome": 0.6797619367140015
                },
                "metadata": {
                    "trials": 1
                }
            }
        ],
        [
            {
                "query": {
                    "x1": 9.59383633062103,
                    "x2": 3.0401294484069736
                },
                "metrics": {
                    "outcome": 0.7101995928695786
                },
                "metadata": {
                    "trials": 1
                }
            }
        ],
        [
            {
                "query": {
                    "x1": 8.208357035685674,
                    "x2": 2.5264718892270137
                },
                "metrics": {
                    "outcome": 7.453721967034971
                },
                "metadata": {
                    "trials": 1
                }
            }
        ],
        [
            {
                "query": {
                    "x1": 8.228801910058325,
                    "x2": 2.0701269438084067
                },
                "metrics": {
                    "outcome": 6.660325896706331
                },
                "metadata": {
                    "trials": 1
                }
            }
        ],
        [
            {
                "query": {
                    "x1": 3.1279931347833667,
                    "x2": 2.044554550338887
                },
                "metrics": {
                    "outcome": 0.45689246532058725
                },
                "metadata": {
                    "trials": 1
                }
            }
        ],
        [
            {
                "query": {
                    "x1": 8.198389546780733,
                    "x2": 2.735165413167352
                },
                "metrics": {
                    "outcome": 7.968724655701343
                },
                "metadata": {
                    "trials": 1
                }
            }
        ],
        [
            {
                "query": {
                    "x1": 8.087220421420646,
                    "x2": 3.1282548662009955
                },
                "metrics": {
                    "outcome": 10.184387429468014
                },
                "metadata": {
                    "trials": 1
                }
            }
        ],
        [
            {
                "query": {
                    "x1": 4.509918109533814,
                    "x2": 3.765697608168708
                },
                "metrics": {
                    "outcome": 13.432615566483005
                },
                "metadata": {
                    "trials": 1
                }
            }
        ],
        [
            {
                "query": {
                    "x1": 4.4800095192475045,
                    "x2": 3.8138490617546155
                },
                "metrics": {
                    "outcome": 13.316882031023507
                },
                "metadata": {
                    "trials": 1
                }
            }
        ],
        [
            {
                "query": {
                    "x1": 4.549863711631161,
                    "x2": 4.510467621607181
                },
                "metrics": {
                    "outcome": 17.917395682109085
                },
                "metadata": {
                    "trials": 1
                }
            }
        ],
        [
            {
                "query": {
                    "x1": 4.628919522665138,
                    "x2": 4.336795504505599
                },
                "metrics": {
                    "outcome": 17.819112810690505
                },
                "metadata": {
                    "trials": 1
                }
            }
        ],
        [
            {
                "query": {
                    "x1": 4.741354520933578,
                    "x2": 4.12354073265855
                },
                "metrics": {
                    "outcome": 17.926169506535032
                },
                "metadata": {
                    "trials": 1
                }
            }
        ],
        [
            {
                "query": {
                    "x1": 0.3132174585844858,
                    "x2": 7.50929157192484
                },
                "metrics": {
                    "outcome": 23.11544200001812
                },
                "metadata": {
                    "trials": 1
                }
            }
        ],
        [
            {
                "query": {
                    "x1": 0.10311142283306118,
                    "x2": 8.114422650942055
                },
                "metrics": {
                    "outcome": 24.736553053866146
                },
                "metadata": {
                    "trials": 1
                }
            }
        ],
        [
            {
                "query": {
                    "x1": 0.000893951646621538,
                    "x2": 8.377152171017588
                },
                "metrics": {
                    "outcome": 25.25972705602897
                },
                "metadata": {
                    "trials": 1
                }
            }
        ],
        [
            {
                "query": {
                    "x1": -0.0694452300315529,
                    "x2": 7.643530142310685
                },
                "metrics": {
                    "outcome": 21.927161595648897
                },
                "metadata": {
                    "trials": 1
                }
            }
        ],
        [
            {
                "query": {
                    "x1": -0.11381023741785246,
                    "x2": 8.194719134305721
                },
                "metrics": {
                    "outcome": 23.587779509760107
                },
                "metadata": {
                    "trials": 1
                }
            }
        ],
        [
            {
                "query": {
                    "x1": 9.971746066173687,
                    "x2": 14.538893213234218
                },
                "metrics": {
                    "outcome": 135.52176646681113
                },
                "metadata": {
                    "trials": 1
                }
            }
        ],
        [
            {
                "query": {
                    "x1": -3.390214433695461,
                    "x2": 14.605176009244651
                },
                "metrics": {
                    "outcome": 3.6676945946675286
                },
                "metadata": {
                    "trials": 1
                }
            }
        ],
        [
            {
                "query": {
                    "x1": -3.5945019406198515,
                    "x2": 14.822481120165854
                },
                "metrics": {
                    "outcome": 3.4181419242851225
                },
                "metadata": {
                    "trials": 1
                }
            }
        ],
        [
            {
                "query": {
                    "x1": -3.561990849704071,
                    "x2": 14.585957781088315
                },
                "metrics": {
                    "outcome": 2.8667722315211925
                },
                "metadata": {
                    "trials": 1
                }
            }
        ],
        [
            {
                "query": {
                    "x1": 9.994399402624111,
                    "x2": 14.690766418183053
                },
                "metrics": {
                    "outcome": 138.648733898403
                },
                "metadata": {
                    "trials": 1
                }
            }
        ],
        [
            {
                "query": {
                    "x1": 3.0848269138707245,
                    "x2": 2.8324708590580867
                },
                "metrics": {
                    "outcome": 0.6763026435551698
                },
                "metadata": {
                    "trials": 1
                }
            }
        ],
        [
            {
                "query": {
                    "x1": -2.891197415360801,
                    "x2": 11.974655711419981
                },
                "metrics": {
                    "outcome": 0.7833676538544445
                },
                "metadata": {
                    "trials": 1
                }
            }
        ],
        [
            {
                "query": {
                    "x1": 3.0976367590090526,
                    "x2": 3.103684512649607
                },
                "metrics": {
                    "outcome": 1.037845047158818
                },
                "metadata": {
                    "trials": 1
                }
            }
        ],
        [
            {
                "query": {
                    "x1": 3.001645468857225,
                    "x2": 2.9808065343025474
                },
                "metrics": {
                    "outcome": 0.8447628713550515
                },
                "metadata": {
                    "trials": 1
                }
            }
        ],
        [
            {
                "query": {
                    "x1": -2.833448561325469,
                    "x2": 12.05223617878236
                },
                "metrics": {
                    "outcome": 1.1057094522765887
                },
                "metadata": {
                    "trials": 1
                }
            }
        ],
        [
            {
                "query": {
                    "x1": 9.350956497143827,
                    "x2": 1.7406551835440083
                },
                "metrics": {
                    "outcome": 0.8766707389628277
                },
                "metadata": {
                    "trials": 1
                }
            }
        ],
        [
            {
                "query": {
                    "x1": 9.360478923819601,
                    "x2": 1.5413568848613535
                },
                "metrics": {
                    "outcome": 1.1920235628480764
                },
                "metadata": {
                    "trials": 1
                }
            }
        ],
        [
            {
                "query": {
                    "x1": 9.318621359696511,
                    "x2": 1.6722688471414082
                },
                "metrics": {
                    "outcome": 0.9626533894900255
                },
                "metadata": {
                    "trials": 1
                }
            }
        ],
        [
            {
                "query": {
                    "x1": 9.319474136841695,
                    "x2": 1.8130459670905825
                },
                "metrics": {
                    "outcome": 0.7811964032637722
                },
                "metadata": {
                    "trials": 1
                }
            }
        ],
        [
            {
                "query": {
                    "x1": 9.237775059123898,
                    "x2": 1.59987065482238
                },
                "metrics": {
                    "outcome": 1.0864403175158657
                },
                "metadata": {
                    "trials": 1
                }
            }
        ],
        [
            {
                "query": {
                    "x1": -1.7670681690659453,
                    "x2": 3.5937495828507853
                },
                "metrics": {
                    "outcome": 39.734440503267805
                },
                "metadata": {
                    "trials": 1
                }
            }
        ],
        [
            {
                "query": {
                    "x1": -4.858828809559139,
                    "x2": 8.954219579683121
                },
                "metrics": {
                    "outcome": 72.68906993673696
                },
                "metadata": {
                    "trials": 1
                }
            }
        ],
        [
            {
                "query": {
                    "x1": 2.021313800416163,
                    "x2": 4.188279430763008
                },
                "metrics": {
                    "outcome": 6.588926827595577
                },
                "metadata": {
                    "trials": 1
                }
            }
        ],
        [
            {
                "query": {
                    "x1": -0.911181639759099,
                    "x2": 0.07822728966440762
                },
                "metrics": {
                    "outcome": 71.82301103675472
                },
                "metadata": {
                    "trials": 1
                }
            }
        ],
        [
            {
                "query": {
                    "x1": -4.498173963022174,
                    "x2": 6.955904090311785
                },
                "metrics": {
                    "outcome": 85.69872250857324
                },
                "metadata": {
                    "trials": 1
                }
            }
        ],
        [
            {
                "query": {
                    "x1": 9.112082782697378,
                    "x2": 0.09907900568243533
                },
                "metrics": {
                    "outcome": 5.378235313311765
                },
                "metadata": {
                    "trials": 1
                }
            }
        ],
        [
            {
                "query": {
                    "x1": 6.504003378039142,
                    "x2": 3.669874794188633
                },
                "metrics": {
                    "outcome": 25.90489150336125
                },
                "metadata": {
                    "trials": 1
                }
            }
        ],
        [
            {
                "query": {
                    "x1": 2.2225064251822735,
                    "x2": 5.872976020243662
                },
                "metrics": {
                    "outcome": 11.86037056947904
                },
                "metadata": {
                    "trials": 1
                }
            }
        ],
        [
            {
                "query": {
                    "x1": 9.877508486651589,
                    "x2": 14.125122950196072
                },
                "metrics": {
                    "outcome": 127.74233930961447
                },
                "metadata": {
                    "trials": 1
                }
            }
        ],
        [
            {
                "query": {
                    "x1": -3.1668020411342623,
                    "x2": 7.720277913989634
                },
                "metrics": {
                    "outcome": 21.702748265501526
                },
                "metadata": {
                    "trials": 1
                }
            }
        ],
        [
            {
                "query": {
                    "x1": 1.8863848775630494,
                    "x2": 0.9278310607136142
                },
                "metrics": {
                    "outcome": 13.418562728644305
                },
                "metadata": {
                    "trials": 1
                }
            }
        ],
        [
            {
                "query": {
                    "x1": 9.904502955397593,
                    "x2": 3.89631684946
                },
                "metrics": {
                    "outcome": 2.4557838955608133
                },
                "metadata": {
                    "trials": 1
                }
            }
        ],
        [
            {
                "query": {
                    "x1": -3.816488343519078,
                    "x2": 12.40597127039287
                },
                "metrics": {
                    "outcome": 4.90483764862627
                },
                "metadata": {
                    "trials": 1
                }
            }
        ],
        [
            {
                "query": {
                    "x1": -1.3873807729837018,
                    "x2": 1.281093222530219
                },
                "metrics": {
                    "outcome": 63.24126420277022
                },
                "metadata": {
                    "trials": 1
                }
            }
        ],
        [
            {
                "query": {
                    "x1": 4.971552728457775,
                    "x2": 7.059266271216173
                },
                "metrics": {
                    "outcome": 45.8549428053913
                },
                "metadata": {
                    "trials": 1
                }
            }
        ],
        [
            {
                "query": {
                    "x1": -3.10495020498853,
                    "x2": 1.01070997628874
                },
                "metrics": {
                    "outcome": 125.31631444235698
                },
                "metadata": {
                    "trials": 1
                }
            }
        ],
        [
            {
                "query": {
                    "x1": 1.5794646093339137,
                    "x2": 2.096959426689078
                },
                "metrics": {
                    "outcome": 12.846075663523548
                },
                "metadata": {
                    "trials": 1
                }
            }
        ],
        [
            {
                "query": {
                    "x1": 2.0162165430107377,
                    "x2": 12.688157426065725
                },
                "metrics": {
                    "outcome": 93.69582540933409
                },
                "metadata": {
                    "trials": 1
                }
            }
        ],
        [
            {
                "query": {
                    "x1": -4.714752027995498,
                    "x2": 14.02614092071087
                },
                "metrics": {
                    "outcome": 15.541655461784174
                },
                "metadata": {
                    "trials": 1
                }
            }
        ],
        [
            {
                "query": {
                    "x1": 9.148724331990339,
                    "x2": 1.5839757673981385
                },
                "metrics": {
                    "outcome": 1.2076768985039337
                },
                "metadata": {
                    "trials": 1
                }
            }
        ],
        [
            {
                "query": {
                    "x1": 5.29279486080965,
                    "x2": 6.435764403811612
                },
                "metrics": {
                    "outcome": 42.729082680489654
                },
                "metadata": {
                    "trials": 1
                }
            }
        ],
        [
            {
                "query": {
                    "x1": -4.292570550276481,
                    "x2": 3.669122103394068
                },
                "metrics": {
                    "outcome": 139.3291753468881
                },
                "metadata": {
                    "trials": 1
                }
            }
        ],
        [
            {
                "query": {
                    "x1": 4.406669121717407,
                    "x2": 1.0923268409204794
                },
                "metrics": {
                    "outcome": 7.2722394852089405
                },
                "metadata": {
                    "trials": 1
                }
            }
        ],
        [
            {
                "query": {
                    "x1": 0.6602968148959727,
                    "x2": 12.139500206154999
                },
                "metrics": {
                    "outcome": 68.47882750179305
                },
                "metadata": {
                    "trials": 1
                }
            }
        ],
        [
            {
                "query": {
                    "x1": 0.6420869142648513,
                    "x2": 2.2444674987926105
                },
                "metrics": {
                    "outcome": 25.45652487740947
                },
                "metadata": {
                    "trials": 1
                }
            }
        ],
        [
            {
                "query": {
                    "x1": 8.260071656686494,
                    "x2": 3.9693238021902415
                },
                "metrics": {
                    "outcome": 11.50402962375826
                },
                "metadata": {
                    "trials": 1
                }
            }
        ],
        [
            {
                "query": {
                    "x1": 2.7222885375913206,
                    "x2": 6.1911373677051085
                },
                "metrics": {
                    "outcome": 13.949092538520665
                },
                "metadata": {
                    "trials": 1
                }
            }
        ],
        [
            {
                "query": {
                    "x1": 3.3501252694588324,
                    "x2": 4.1172674715059845
                },
                "metrics": {
                    "outcome": 4.603013853694693
                },
                "metadata": {
                    "trials": 1
                }
            }
        ],
        [
            {
                "query": {
                    "x1": -3.935282368368776,
                    "x2": 1.3795098776232806
                },
                "metrics": {
                    "outcome": 169.27188501062471
                },
                "metadata": {
                    "trials": 1
                }
            }
        ],
        [
            {
                "query": {
                    "x1": 9.078055876813826,
                    "x2": 14.246875069926144
                },
                "metrics": {
                    "outcome": 146.14317408304925
                },
                "metadata": {
                    "trials": 1
                }
            }
        ]
    ]
}