{
    "date": "08/11/2022 21:23:55",
    "basic_params": {
        "active_variables": [
            "x1",
            "x2"
        ],
        "default_query": {},
        "metric": "basic",
        "n_trials": 1
    },
    "objective_function": {
        "name": "Branin",
        "params": {}
    },
    "optimizer": {
        "name": "GO-BO",
        "params": {
            "maximize": false,
            "domain": [
                {
                    "name": "x1",
                    "type": "continuous",
                    "domain": [
                        -5.0,
                        10.0
                    ]
                },
                {
                    "name": "x2",
                    "type": "continuous",
                    "domain": [
                        0.0,
                        15.0
                    ]
                }
            ],
            "initial_design_numdata": 10,
            "num_iters": 140,
            "acquisition_type": "EI",
            "evaluator_type": "sequential",
            "batch_size": 1,
            "model_update_interval": 5
        }
    },
    "best_results": [
        {
            "query": {
                "x1": -3.1044746005836212,
                "x2": 12.102355421271595
            },
            "metrics": [
                {
                    "name": "outcome",
                    "value": 0.41149338785851697
                }
            ]
        }
    ],
    "iterations": [
        [
            {
                "query": {
                    "x1": 6.25,
                    "x2": 12.750000000000002
                },
                "metrics": {
                    "outcome": 155.34062420653578
                },
                "metadata": {
                    "trials": 1
                }
            }
        ],
        [
            {
                "query": {
                    "x1": -2.7499999999999996,
                    "x2": 0.75
                },
                "metrics": {
                    "outcome": 113.56359652530148
                },
                "metadata": {
                    "trials": 1
                }
            }
        ],
        [
            {
                "query": {
                    "x1": 3.25,
                    "x2": 8.25
                },
                "metrics": {
                    "outcome": 37.15391295730752
                },
                "metadata": {
                    "trials": 1
                }
            }
        ],
        [
            {
                "query": {
                    "x1": 0.2500000000000009,
                    "x2": 14.25
                },
                "metrics": {
                    "outcome": 93.94998052030209
                },
                "metadata": {
                    "trials": 1
                }
            }
        ],
        [
            {
                "query": {
                    "x1": -4.25,
                    "x2": 9.750000000000002
                },
                "metrics": {
                    "outcome": 34.312162995200126
                },
                "metadata": {
                    "trials": 1
                }
            }
        ],
        [
            {
                "query": {
                    "x1": -1.25,
                    "x2": 3.75
                },
                "metrics": {
                    "outcome": 32.75279624779229
                },
                "metadata": {
                    "trials": 1
                }
            }
        ],
        [
            {
                "query": {
                    "x1": 4.750000000000002,
                    "x2": 11.25
                },
                "metrics": {
                    "outcome": 108.27474310678672
                },
                "metadata": {
                    "trials": 1
                }
            }
        ],
        [
            {
                "query": {
                    "x1": 9.25,
                    "x2": 5.250000000000001
                },
                "metrics": {
                    "outcome": 9.061714987096988
                },
                "metadata": {
                    "trials": 1
                }
            }
        ],
        [
            {
                "query": {
                    "x1": 7.750000000000002,
                    "x2": 2.2500000000000004
                },
                "metrics": {
                    "outcome": 11.677870031906755
                },
                "metadata": {
                    "trials": 1
                }
            }
        ],
        [
            {
                "query": {
                    "x1": 1.75,
                    "x2": 6.75
                },
                "metrics": {
                    "outcome": 18.145448642402776
                },
                "metadata": {
                    "trials": 1
                }
            }
        ],
        [
            {
                "query": {
                    "x1": 10.0,
                    "x2": 3.4139289947672187
                },
                "metrics": {
                    "outcome": 2.1120389678655345
                },
                "metadata": {
                    "trials": 1
                }
            }
        ],
        [
            {
                "query": {
                    "x1": 10.0,
                    "x2": 3.413939935857396
                },
                "metrics": {
                    "outcome": 2.1120479609571916
                },
                "metadata": {
                    "trials": 1
                }
            }
        ],
        [
            {
                "query": {
                    "x1": 10.0,
                    "x2": 3.413945562520212
                },
                "metrics": {
                    "outcome": 2.112052585918099
                },
                "metadata": {
                    "trials": 1
                }
            }
        ],
        [
            {
                "query": {
                    "x1": 10.0,
                    "x2": 3.4139388609404446
                },
                "metrics": {
                    "outcome": 2.1120470774124485
                },
                "metadata": {
                    "trials": 1
                }
            }
        ],
        [
            {
                "query": {
                    "x1": 10.0,
                    "x2": 3.413939414865654
                },
                "metrics": {
                    "outcome": 2.11204753271962
                },
                "metadata": {
                    "trials": 1
                }
            }
        ],
        [
            {
                "query": {
                    "x1": 6.793348950027892,
                    "x2": 4.1486739794405185
                },
                "metrics": {
                    "outcome": 27.37230034175278
                },
                "metadata": {
                    "trials": 1
                }
            }
        ],
        [
            {
                "query": {
                    "x1": 6.7933464580726275,
                    "x2": 4.1486809217129395
                },
                "metrics": {
                    "outcome": 27.372356109217083
                },
                "metadata": {
                    "trials": 1
                }
            }
        ],
        [
            {
                "query": {
                    "x1": 6.793357597595393,
                    "x2": 4.1486750535303285
                },
                "metrics": {
                    "outcome": 27.372257748510897
                },
                "metadata": {
                    "trials": 1
                }
            }
        ],
        [
            {
                "query": {
                    "x1": 6.793346125751199,
                    "x2": 4.1486765430693495
                },
                "metrics": {
                    "outcome": 27.372331732084692
                },
                "metadata": {
                    "trials": 1
                }
            }
        ],
        [
            {
                "query": {
                    "x1": 6.793293428016998,
                    "x2": 4.148677637504152
                },
                "metrics": {
                    "outcome": 27.372637096337442
                },
                "metadata": {
                    "trials": 1
                }
            }
        ],
        [
            {
                "query": {
                    "x1": 10.0,
                    "x2": 0.0
                },
                "metrics": {
                    "outcome": 10.960889035651505
                },
                "metadata": {
                    "trials": 1
                }
            }
        ],
        [
            {
                "query": {
                    "x1": 10.0,
                    "x2": 0.0
                },
                "metrics": {
                    "outcome": 10.960889035651505
                },
                "metadata": {
                    "trials": 1
                }
            }
        ],
        [
            {
                "query": {
                    "x1": 10.0,
                    "x2": 0.0
                },
                "metrics": {
                    "outcome": 10.960889035651505
                },
                "metadata": {
                    "trials": 1
                }
            }
        ],
        [
            {
                "query": {
                    "x1": 10.0,
                    "x2": 0.0
                },
                "metrics": {
                    "outcome": 10.960889035651505
                },
                "metadata": {
                    "trials": 1
                }
            }
        ],
        [
            {
                "query": {
                    "x1": 10.0,
                    "x2": 0.0
                },
                "metrics": {
                    "outcome": 10.960889035651505
                },
                "metadata": {
                    "trials": 1
                }
            }
        ],
        [
            {
                "query": {
                    "x1": -2.619074601804812,
                    "x2": 6.524038124997026
                },
                "metrics": {
                    "outcome": 22.204540351586104
                },
                "metadata": {
                    "trials": 1
                }
            }
        ],
        [
            {
                "query": {
                    "x1": -2.619045128554039,
                    "x2": 6.5240510231083215
                },
                "metrics": {
                    "outcome": 22.20395898224879
                },
                "metadata": {
                    "trials": 1
                }
            }
        ],
        [
            {
                "query": {
                    "x1": -2.619071400316645,
                    "x2": 6.524046070627761
                },
                "metrics": {
                    "outcome": 22.204417899790194
                },
                "metadata": {
                    "trials": 1
                }
            }
        ],
        [
            {
                "query": {
                    "x1": -2.6190724632512734,
                    "x2": 6.524045851628134
                },
                "metrics": {
                    "outcome": 22.204436636330726
                },
                "metadata": {
                    "trials": 1
                }
            }
        ],
        [
            {
                "query": {
                    "x1": -2.619076792969759,
                    "x2": 6.524045198911815
                },
                "metrics": {
                    "outcome": 22.204510788591968
                },
                "metadata": {
                    "trials": 1
                }
            }
        ],
        [
            {
                "query": {
                    "x1": -5.0,
                    "x2": 15.0
                },
                "metrics": {
                    "outcome": 17.508299515778166
                },
                "metadata": {
                    "trials": 1
                }
            }
        ],
        [
            {
                "query": {
                    "x1": 5.980908074042245,
                    "x2": 0.0
                },
                "metrics": {
                    "outcome": 20.38156804841705
                },
                "metadata": {
                    "trials": 1
                }
            }
        ],
        [
            {
                "query": {
                    "x1": -5.0,
                    "x2": 15.0
                },
                "metrics": {
                    "outcome": 17.508299515778166
                },
                "metadata": {
                    "trials": 1
                }
            }
        ],
        [
            {
                "query": {
                    "x1": -5.0,
                    "x2": 15.0
                },
                "metrics": {
                    "outcome": 17.508299515778166
                },
                "metadata": {
                    "trials": 1
                }
            }
        ],
        [
            {
                "query": {
                    "x1": -5.0,
                    "x2": 15.0
                },
                "metrics": {
                    "outcome": 17.508299515778166
                },
                "metadata": {
                    "trials": 1
                }
            }
        ],
        [
            {
                "query": {
                    "x1": 10.0,
                    "x2": 2.0469014481430774
                },
                "metrics": {
                    "outcome": 2.857182126237409
                },
                "metadata": {
                    "trials": 1
                }
            }
        ],
        [
            {
                "query": {
                    "x1": 10.0,
                    "x2": 2.046899025097842
                },
                "metrics": {
                    "outcome": 2.8571867593730653
                },
                "metadata": {
                    "trials": 1
                }
            }
        ],
        [
            {
                "query": {
                    "x1": 10.0,
                    "x2": 4.624397084252527
                },
                "metrics": {
                    "outcome": 4.572209889968379
                },
                "metadata": {
                    "trials": 1
                }
            }
        ],
        [
            {
                "query": {
                    "x1": 10.0,
                    "x2": 2.046900625331392
                },
                "metrics": {
                    "outcome": 2.8571836995447963
                },
                "metadata": {
                    "trials": 1
                }
            }
        ],
        [
            {
                "query": {
                    "x1": 10.0,
                    "x2": 4.624399134145865
                },
                "metrics": {
                    "outcome": 4.572216537532652
                },
                "metadata": {
                    "trials": 1
                }
            }
        ],
        [
            {
                "query": {
                    "x1": -0.5938618413845769,
                    "x2": 7.745563977479763
                },
                "metrics": {
                    "outcome": 18.527884763640706
                },
                "metadata": {
                    "trials": 1
                }
            }
        ],
        [
            {
                "query": {
                    "x1": -0.5938569348576643,
                    "x2": 7.745571566987041
                },
                "metrics": {
                    "outcome": 18.527935510089776
                },
                "metadata": {
                    "trials": 1
                }
            }
        ],
        [
            {
                "query": {
                    "x1": -0.5938461511350785,
                    "x2": 7.745540647638607
                },
                "metrics": {
                    "outcome": 18.52797517990176
                },
                "metadata": {
                    "trials": 1
                }
            }
        ],
        [
            {
                "query": {
                    "x1": -0.593859645472595,
                    "x2": 7.745552143042985
                },
                "metrics": {
                    "outcome": 18.527884480920147
                },
                "metadata": {
                    "trials": 1
                }
            }
        ],
        [
            {
                "query": {
                    "x1": -0.593802780194223,
                    "x2": 7.745556784736498
                },
                "metrics": {
                    "outcome": 18.528346825819796
                },
                "metadata": {
                    "trials": 1
                }
            }
        ],
        [
            {
                "query": {
                    "x1": 9.606787323461335,
                    "x2": 2.7090509821020747
                },
                "metrics": {
                    "outcome": 0.5623082737198626
                },
                "metadata": {
                    "trials": 1
                }
            }
        ],
        [
            {
                "query": {
                    "x1": 9.606769351766664,
                    "x2": 2.709133172918965
                },
                "metrics": {
                    "outcome": 0.562292022706254
                },
                "metadata": {
                    "trials": 1
                }
            }
        ],
        [
            {
                "query": {
                    "x1": 9.606678213789584,
                    "x2": 2.708927616444323
                },
                "metrics": {
                    "outcome": 0.562114698424546
                },
                "metadata": {
                    "trials": 1
                }
            }
        ],
        [
            {
                "query": {
                    "x1": 9.606738868649938,
                    "x2": 2.7089328803690087
                },
                "metrics": {
                    "outcome": 0.5622126450787732
                },
                "metadata": {
                    "trials": 1
                }
            }
        ],
        [
            {
                "query": {
                    "x1": 9.606651659754846,
                    "x2": 2.7089808855428448
                },
                "metrics": {
                    "outcome": 0.5620803075418781
                },
                "metadata": {
                    "trials": 1
                }
            }
        ],
        [
            {
                "query": {
                    "x1": 8.43341967947588,
                    "x2": 0.0
                },
                "metrics": {
                    "outcome": 7.860128068139819
                },
                "metadata": {
                    "trials": 1
                }
            }
        ],
        [
            {
                "query": {
                    "x1": 8.433494151950773,
                    "x2": 0.0
                },
                "metrics": {
                    "outcome": 7.859684198564187
                },
                "metadata": {
                    "trials": 1
                }
            }
        ],
        [
            {
                "query": {
                    "x1": 8.43348695191119,
                    "x2": 0.0
                },
                "metrics": {
                    "outcome": 7.859727110455898
                },
                "metadata": {
                    "trials": 1
                }
            }
        ],
        [
            {
                "query": {
                    "x1": 8.433511188119047,
                    "x2": 0.0
                },
                "metrics": {
                    "outcome": 7.859582665232102
                },
                "metadata": {
                    "trials": 1
                }
            }
        ],
        [
            {
                "query": {
                    "x1": 8.433496850952974,
                    "x2": 0.0
                },
                "metrics": {
                    "outcome": 7.859668112731757
                },
                "metadata": {
                    "trials": 1
                }
            }
        ],
        [
            {
                "query": {
                    "x1": 9.281168278603015,
                    "x2": 2.2239451076004713
                },
                "metrics": {
                    "outcome": 0.5143108570598898
                },
                "metadata": {
                    "trials": 1
                }
            }
        ],
        [
            {
                "query": {
                    "x1": 2.346469278892152,
                    "x2": 2.9047335524130484
                },
                "metrics": {
                    "outcome": 3.28181997597944
                },
                "metadata": {
                    "trials": 1
                }
            }
        ],
        [
            {
                "query": {
                    "x1": 9.281257329309128,
                    "x2": 2.223406539618145
                },
                "metrics": {
                    "outcome": 0.5143507421966582
                },
                "metadata": {
                    "trials": 1
                }
            }
        ],
        [
            {
                "query": {
                    "x1": 9.281015480332725,
                    "x2": 2.2237099284614517
                },
                "metrics": {
                    "outcome": 0.5145506476025687
                },
                "metadata": {
                    "trials": 1
                }
            }
        ],
        [
            {
                "query": {
                    "x1": 9.281249435799735,
                    "x2": 2.2237125442156045
                },
                "metrics": {
                    "outcome": 0.5142784705541619
                },
                "metadata": {
                    "trials": 1
                }
            }
        ],
        [
            {
                "query": {
                    "x1": 3.3311183505006148,
                    "x2": 3.1248367789780955
                },
                "metrics": {
                    "outcome": 1.555874330129848
                },
                "metadata": {
                    "trials": 1
                }
            }
        ],
        [
            {
                "query": {
                    "x1": 3.331122165907329,
                    "x2": 3.1249531707139178
                },
                "metrics": {
                    "outcome": 1.556117938566759
                },
                "metadata": {
                    "trials": 1
                }
            }
        ],
        [
            {
                "query": {
                    "x1": 3.331127217998973,
                    "x2": 3.1249150772932035
                },
                "metrics": {
                    "outcome": 1.5560587507730705
                },
                "metadata": {
                    "trials": 1
                }
            }
        ],
        [
            {
                "query": {
                    "x1": 3.331130668930515,
                    "x2": 3.1249718729411176
                },
                "metrics": {
                    "outcome": 1.55618281265318
                },
                "metadata": {
                    "trials": 1
                }
            }
        ],
        [
            {
                "query": {
                    "x1": 3.3311116217694834,
                    "x2": 3.1249082349520196
                },
                "metrics": {
                    "outcome": 1.5559943071210363
                },
                "metadata": {
                    "trials": 1
                }
            }
        ],
        [
            {
                "query": {
                    "x1": -3.503288149784845,
                    "x2": 15.0
                },
                "metrics": {
                    "outcome": 4.40056250566488
                },
                "metadata": {
                    "trials": 1
                }
            }
        ],
        [
            {
                "query": {
                    "x1": -3.5033578535229717,
                    "x2": 15.0
                },
                "metrics": {
                    "outcome": 4.400159367196485
                },
                "metadata": {
                    "trials": 1
                }
            }
        ],
        [
            {
                "query": {
                    "x1": -3.503360958564136,
                    "x2": 15.0
                },
                "metrics": {
                    "outcome": 4.400141411200577
                },
                "metadata": {
                    "trials": 1
                }
            }
        ],
        [
            {
                "query": {
                    "x1": -3.503352566556478,
                    "x2": 15.0
                },
                "metrics": {
                    "outcome": 4.400189941400053
                },
                "metadata": {
                    "trials": 1
                }
            }
        ],
        [
            {
                "query": {
                    "x1": -3.503382101520611,
                    "x2": 15.0
                },
                "metrics": {
                    "outcome": 4.400019149850387
                },
                "metadata": {
                    "trials": 1
                }
            }
        ],
        [
            {
                "query": {
                    "x1": -2.7925800272463395,
                    "x2": 11.524857218399312
                },
                "metrics": {
                    "outcome": 0.9821026481811899
                },
                "metadata": {
                    "trials": 1
                }
            }
        ],
        [
            {
                "query": {
                    "x1": -2.794471537493539,
                    "x2": 11.528471174406006
                },
                "metrics": {
                    "outcome": 0.9757973152847512
                },
                "metadata": {
                    "trials": 1
                }
            }
        ],
        [
            {
                "query": {
                    "x1": -2.7942286990764207,
                    "x2": 11.508120135169559
                },
                "metrics": {
                    "outcome": 0.9741280214708947
                },
                "metadata": {
                    "trials": 1
                }
            }
        ],
        [
            {
                "query": {
                    "x1": -2.797835099060222,
                    "x2": 11.532356086353477
                },
                "metrics": {
                    "outcome": 0.9643140269180286
                },
                "metadata": {
                    "trials": 1
                }
            }
        ],
        [
            {
                "query": {
                    "x1": -2.791355096707557,
                    "x2": 11.514156996696803
                },
                "metrics": {
                    "outcome": 0.9850467933310174
                },
                "metadata": {
                    "trials": 1
                }
            }
        ],
        [
            {
                "query": {
                    "x1": 3.0762656729514677,
                    "x2": 2.2374870141165233
                },
                "metrics": {
                    "outcome": 0.42629193493648465
                },
                "metadata": {
                    "trials": 1
                }
            }
        ],
        [
            {
                "query": {
                    "x1": 3.2359518986613773,
                    "x2": 1.79861038532458
                },
                "metrics": {
                    "outcome": 0.6037806053881152
                },
                "metadata": {
                    "trials": 1
                }
            }
        ],
        [
            {
                "query": {
                    "x1": 3.216946514383166,
                    "x2": 1.7744384216232132
                },
                "metrics": {
                    "outcome": 0.6209683846727696
                },
                "metadata": {
                    "trials": 1
                }
            }
        ],
        [
            {
                "query": {
                    "x1": 3.3009093495796566,
                    "x2": 1.6940492002194303
                },
                "metrics": {
                    "outcome": 0.7310756528252593
                },
                "metadata": {
                    "trials": 1
                }
            }
        ],
        [
            {
                "query": {
                    "x1": 3.1831716096230105,
                    "x2": 1.6079564084493299
                },
                "metrics": {
                    "outcome": 0.8092096166958189
                },
                "metadata": {
                    "trials": 1
                }
            }
        ],
        [
            {
                "query": {
                    "x1": -3.067025966461239,
                    "x2": 12.221114190793827
                },
                "metrics": {
                    "outcome": 0.44009432199406184
                },
                "metadata": {
                    "trials": 1
                }
            }
        ],
        [
            {
                "query": {
                    "x1": -3.385559348850438,
                    "x2": 12.832606350372826
                },
                "metrics": {
                    "outcome": 0.6835549376182133
                },
                "metadata": {
                    "trials": 1
                }
            }
        ],
        [
            {
                "query": {
                    "x1": -3.1044746005836212,
                    "x2": 12.102355421271595
                },
                "metrics": {
                    "outcome": 0.41149338785851697
                },
                "metadata": {
                    "trials": 1
                }
            }
        ],
        [
            {
                "query": {
                    "x1": -3.2659105931123014,
                    "x2": 12.573232728848021
                },
                "metrics": {
                    "outcome": 0.47199832847188716
                },
                "metadata": {
                    "trials": 1
                }
            }
        ],
        [
            {
                "query": {
                    "x1": -3.265334135465369,
                    "x2": 12.33889904846808
                },
                "metrics": {
                    "outcome": 0.526748311872236
                },
                "metadata": {
                    "trials": 1
                }
            }
        ],
        [
            {
                "query": {
                    "x1": 4.251865158442158,
                    "x2": 2.0759813164934027
                },
                "metrics": {
                    "outcome": 5.9903026906324595
                },
                "metadata": {
                    "trials": 1
                }
            }
        ],
        [
            {
                "query": {
                    "x1": 4.198823186882612,
                    "x2": 1.6770234953989849
                },
                "metrics": {
                    "outcome": 5.289358654217389
                },
                "metadata": {
                    "trials": 1
                }
            }
        ],
        [
            {
                "query": {
                    "x1": 3.9619394241784978,
                    "x2": 2.090048018072603
                },
                "metrics": {
                    "outcome": 3.586995327116327
                },
                "metadata": {
                    "trials": 1
                }
            }
        ],
        [
            {
                "query": {
                    "x1": 4.069474146896837,
                    "x2": 1.9269437837603642
                },
                "metrics": {
                    "outcome": 4.313111304817196
                },
                "metadata": {
                    "trials": 1
                }
            }
        ],
        [
            {
                "query": {
                    "x1": 4.15245708094792,
                    "x2": 1.9662924970571716
                },
                "metrics": {
                    "outcome": 5.020882366094073
                },
                "metadata": {
                    "trials": 1
                }
            }
        ],
        [
            {
                "query": {
                    "x1": 9.300092130947036,
                    "x2": 2.86613813745363
                },
                "metrics": {
                    "outcome": 0.7167679380463703
                },
                "metadata": {
                    "trials": 1
                }
            }
        ],
        [
            {
                "query": {
                    "x1": 8.82978223543609,
                    "x2": 2.405645910619878
                },
                "metrics": {
                    "outcome": 2.197618793325292
                },
                "metadata": {
                    "trials": 1
                }
            }
        ],
        [
            {
                "query": {
                    "x1": 9.010524421636791,
                    "x2": 2.1871954173436543
                },
                "metrics": {
                    "outcome": 1.211619504861762
                },
                "metadata": {
                    "trials": 1
                }
            }
        ],
        [
            {
                "query": {
                    "x1": -4.087543053794182,
                    "x2": 14.941855062619409
                },
                "metrics": {
                    "outcome": 4.460265211349931
                },
                "metadata": {
                    "trials": 1
                }
            }
        ],
        [
            {
                "query": {
                    "x1": 9.378410938337364,
                    "x2": 2.912373437177565
                },
                "metrics": {
                    "outcome": 0.6349806669518614
                },
                "metadata": {
                    "trials": 1
                }
            }
        ],
        [
            {
                "query": {
                    "x1": 0.9227576224138119,
                    "x2": 3.7073106229431954
                },
                "metrics": {
                    "outcome": 16.668557383713217
                },
                "metadata": {
                    "trials": 1
                }
            }
        ],
        [
            {
                "query": {
                    "x1": 0.8738574040861637,
                    "x2": 3.846084039734224
                },
                "metrics": {
                    "outcome": 16.90600137377099
                },
                "metadata": {
                    "trials": 1
                }
            }
        ],
        [
            {
                "query": {
                    "x1": 1.1689825290372005,
                    "x2": 2.5232494873209976
                },
                "metrics": {
                    "outcome": 16.969371042799644
                },
                "metadata": {
                    "trials": 1
                }
            }
        ],
        [
            {
                "query": {
                    "x1": 0.8234367111084211,
                    "x2": 3.618055970487864
                },
                "metrics": {
                    "outcome": 17.869872937429413
                },
                "metadata": {
                    "trials": 1
                }
            }
        ],
        [
            {
                "query": {
                    "x1": 1.0815370375751634,
                    "x2": 3.1773066545504243
                },
                "metrics": {
                    "outcome": 16.081441471699016
                },
                "metadata": {
                    "trials": 1
                }
            }
        ],
        [
            {
                "query": {
                    "x1": -2.267054374412542,
                    "x2": 9.99098079561177
                },
                "metrics": {
                    "outcome": 3.9206890633689477
                },
                "metadata": {
                    "trials": 1
                }
            }
        ],
        [
            {
                "query": {
                    "x1": -2.1187326887742346,
                    "x2": 9.661442576681301
                },
                "metrics": {
                    "outcome": 5.0824144492201215
                },
                "metadata": {
                    "trials": 1
                }
            }
        ],
        [
            {
                "query": {
                    "x1": -2.1168209971581122,
                    "x2": 10.27832822262773
                },
                "metrics": {
                    "outcome": 5.122868119396735
                },
                "metadata": {
                    "trials": 1
                }
            }
        ],
        [
            {
                "query": {
                    "x1": -2.060225571102439,
                    "x2": 9.906106299698902
                },
                "metrics": {
                    "outcome": 5.4920473917878505
                },
                "metadata": {
                    "trials": 1
                }
            }
        ],
        [
            {
                "query": {
                    "x1": -2.0721720769640624,
                    "x2": 10.100424195555997
                },
                "metrics": {
                    "outcome": 5.446295871989588
                },
                "metadata": {
                    "trials": 1
                }
            }
        ],
        [
            {
                "query": {
                    "x1": 2.95518021660377,
                    "x2": 3.254972022430107
                },
                "metrics": {
                    "outcome": 1.2533179543400923
                },
                "metadata": {
                    "trials": 1
                }
            }
        ],
        [
            {
                "query": {
                    "x1": 2.947636781250173,
                    "x2": 2.6512286562592995
                },
                "metrics": {
                    "outcome": 0.6263809122590285
                },
                "metadata": {
                    "trials": 1
                }
            }
        ],
        [
            {
                "query": {
                    "x1": 2.766563922832022,
                    "x2": 3.5282072263278517
                },
                "metrics": {
                    "outcome": 1.953696968617816
                },
                "metadata": {
                    "trials": 1
                }
            }
        ],
        [
            {
                "query": {
                    "x1": 2.7614476461332558,
                    "x2": 3.477042924004281
                },
                "metrics": {
                    "outcome": 1.8699920719824625
                },
                "metadata": {
                    "trials": 1
                }
            }
        ],
        [
            {
                "query": {
                    "x1": 2.8875314339517892,
                    "x2": 2.8114618993758675
                },
                "metrics": {
                    "outcome": 0.81501266328325
                },
                "metadata": {
                    "trials": 1
                }
            }
        ],
        [
            {
                "query": {
                    "x1": 9.986991822493321,
                    "x2": 13.58479350381927
                },
                "metrics": {
                    "outcome": 114.12398542365328
                },
                "metadata": {
                    "trials": 1
                }
            }
        ],
        [
            {
                "query": {
                    "x1": 9.960424242877341,
                    "x2": 14.776502236906005
                },
                "metrics": {
                    "outcome": 141.28047756423513
                },
                "metadata": {
                    "trials": 1
                }
            }
        ],
        [
            {
                "query": {
                    "x1": 9.503992827181616,
                    "x2": 2.349878448410937
                },
                "metrics": {
                    "outcome": 0.46515139241338765
                },
                "metadata": {
                    "trials": 1
                }
            }
        ],
        [
            {
                "query": {
                    "x1": 9.868339540401148,
                    "x2": 14.586016129820775
                },
                "metrics": {
                    "outcome": 138.48505900101642
                },
                "metadata": {
                    "trials": 1
                }
            }
        ],
        [
            {
                "query": {
                    "x1": 9.849314196520886,
                    "x2": 12.995342572146411
                },
                "metrics": {
                    "outcome": 104.04866061423361
                },
                "metadata": {
                    "trials": 1
                }
            }
        ],
        [
            {
                "query": {
                    "x1": 7.370869029983542,
                    "x2": 0.26978241615558674
                },
                "metrics": {
                    "outcome": 15.496200818504597
                },
                "metadata": {
                    "trials": 1
                }
            }
        ],
        [
            {
                "query": {
                    "x1": 7.107492772014295,
                    "x2": 0.5079754291659966
                },
                "metrics": {
                    "outcome": 17.018958395754353
                },
                "metadata": {
                    "trials": 1
                }
            }
        ],
        [
            {
                "query": {
                    "x1": 7.388506985216223,
                    "x2": 0.2747192697090811
                },
                "metrics": {
                    "outcome": 15.346801287528868
                },
                "metadata": {
                    "trials": 1
                }
            }
        ],
        [
            {
                "query": {
                    "x1": 7.122760921079225,
                    "x2": 0.31549642095465347
                },
                "metrics": {
                    "outcome": 17.226211818487386
                },
                "metadata": {
                    "trials": 1
                }
            }
        ],
        [
            {
                "query": {
                    "x1": 6.942623611179844,
                    "x2": 0.9886557054336675
                },
                "metrics": {
                    "outcome": 17.624436758612053
                },
                "metadata": {
                    "trials": 1
                }
            }
        ],
        [
            {
                "query": {
                    "x1": -3.702754114204154,
                    "x2": 13.937571660355324
                },
                "metrics": {
                    "outcome": 1.9451755932829737
                },
                "metadata": {
                    "trials": 1
                }
            }
        ],
        [
            {
                "query": {
                    "x1": -3.819298549687617,
                    "x2": 13.801195762253371
                },
                "metrics": {
                    "outcome": 2.546015422022646
                },
                "metadata": {
                    "trials": 1
                }
            }
        ],
        [
            {
                "query": {
                    "x1": -3.7406159729929875,
                    "x2": 14.24402480757985
                },
                "metrics": {
                    "outcome": 2.3031025114011756
                },
                "metadata": {
                    "trials": 1
                }
            }
        ],
        [
            {
                "query": {
                    "x1": -3.74757590910889,
                    "x2": 13.993520541725676
                },
                "metrics": {
                    "outcome": 2.153737316883406
                },
                "metadata": {
                    "trials": 1
                }
            }
        ],
        [
            {
                "query": {
                    "x1": -3.856778320899961,
                    "x2": 13.814475211560866
                },
                "metrics": {
                    "outcome": 2.810882088106572
                },
                "metadata": {
                    "trials": 1
                }
            }
        ],
        [
            {
                "query": {
                    "x1": -4.3856313963081535,
                    "x2": 4.37898320429788
                },
                "metrics": {
                    "outcome": 129.81005539417805
                },
                "metadata": {
                    "trials": 1
                }
            }
        ],
        [
            {
                "query": {
                    "x1": 4.252066156823302,
                    "x2": 0.9278668085514458
                },
                "metrics": {
                    "outcome": 6.144526137001054
                },
                "metadata": {
                    "trials": 1
                }
            }
        ],
        [
            {
                "query": {
                    "x1": 1.945567430771133,
                    "x2": 13.18707116064608
                },
                "metrics": {
                    "outcome": 102.4181567083728
                },
                "metadata": {
                    "trials": 1
                }
            }
        ],
        [
            {
                "query": {
                    "x1": 1.3398253103478446,
                    "x2": 10.749149292602235
                },
                "metrics": {
                    "outcome": 56.415912082563366
                },
                "metadata": {
                    "trials": 1
                }
            }
        ],
        [
            {
                "query": {
                    "x1": -2.484532898714147,
                    "x2": 1.4702334200281375
                },
                "metrics": {
                    "outcome": 88.54275894962572
                },
                "metadata": {
                    "trials": 1
                }
            }
        ],
        [
            {
                "query": {
                    "x1": 2.662435379842126,
                    "x2": 0.8427664923386735
                },
                "metrics": {
                    "outcome": 4.848552578345611
                },
                "metadata": {
                    "trials": 1
                }
            }
        ],
        [
            {
                "query": {
                    "x1": -2.920031845360791,
                    "x2": 11.171803202674887
                },
                "metrics": {
                    "outcome": 0.9656199405731378
                },
                "metadata": {
                    "trials": 1
                }
            }
        ],
        [
            {
                "query": {
                    "x1": 2.750094172939634,
                    "x2": 1.518146616908287
                },
                "metrics": {
                    "outcome": 2.2950526669218956
                },
                "metadata": {
                    "trials": 1
                }
            }
        ],
        [
            {
                "query": {
                    "x1": 2.752084294304514,
                    "x2": 1.7304076358512699
                },
                "metrics": {
                    "outcome": 1.8704685946230857
                },
                "metadata": {
                    "trials": 1
                }
            }
        ],
        [
            {
                "query": {
                    "x1": -4.857736814634429,
                    "x2": 9.189052923586544
                },
                "metrics": {
                    "outcome": 69.00977679681992
                },
                "metadata": {
                    "trials": 1
                }
            }
        ],
        [
            {
                "query": {
                    "x1": 5.915387321544653,
                    "x2": 12.78880119113699
                },
                "metrics": {
                    "outcome": 155.4531985135873
                },
                "metadata": {
                    "trials": 1
                }
            }
        ],
        [
            {
                "query": {
                    "x1": -3.628690149883683,
                    "x2": 11.126873048236252
                },
                "metrics": {
                    "outcome": 7.034292188204863
                },
                "metadata": {
                    "trials": 1
                }
            }
        ],
        [
            {
                "query": {
                    "x1": 5.351661568553427,
                    "x2": 2.7002652303159875
                },
                "metrics": {
                    "outcome": 18.03250681066413
                },
                "metadata": {
                    "trials": 1
                }
            }
        ],
        [
            {
                "query": {
                    "x1": -1.6924520974369783,
                    "x2": 3.526751284343716
                },
                "metrics": {
                    "outcome": 39.49204649566512
                },
                "metadata": {
                    "trials": 1
                }
            }
        ],
        [
            {
                "query": {
                    "x1": 4.934472224710547,
                    "x2": 1.8750375631086569
                },
                "metrics": {
                    "outcome": 12.454846000879783
                },
                "metadata": {
                    "trials": 1
                }
            }
        ],
        [
            {
                "query": {
                    "x1": -2.9631122083522925,
                    "x2": 6.7912375684083965
                },
                "metrics": {
                    "outcome": 26.14335898969258
                },
                "metadata": {
                    "trials": 1
                }
            }
        ],
        [
            {
                "query": {
                    "x1": 1.9658562367672472,
                    "x2": 4.600376225134688
                },
                "metrics": {
                    "outcome": 7.817122800121579
                },
                "metadata": {
                    "trials": 1
                }
            }
        ],
        [
            {
                "query": {
                    "x1": -3.935396768372874,
                    "x2": 6.109852085332284
                },
                "metrics": {
                    "outcome": 69.75941696307778
                },
                "metadata": {
                    "trials": 1
                }
            }
        ],
        [
            {
                "query": {
                    "x1": -1.0669221074313286,
                    "x2": 7.60634678096927
                },
                "metrics": {
                    "outcome": 14.69311935292867
                },
                "metadata": {
                    "trials": 1
                }
            }
        ],
        [
            {
                "query": {
                    "x1": 4.5432508335902675,
                    "x2": 2.6910371704034337
                },
                "metrics": {
                    "outcome": 9.959505976921976
                },
                "metadata": {
                    "trials": 1
                }
            }
        ],
        [
            {
                "query": {
                    "x1": 4.730277204740272,
                    "x2": 12.09157399553089
                },
                "metrics": {
                    "outcome": 125.2933487256315
                },
                "metadata": {
                    "trials": 1
                }
            }
        ],
        [
            {
                "query": {
                    "x1": 8.309916351480311,
                    "x2": 4.337379812878237
                },
                "metrics": {
                    "outcome": 12.753518985828128
                },
                "metadata": {
                    "trials": 1
                }
            }
        ],
        [
            {
                "query": {
                    "x1": 8.16060683048709,
                    "x2": 0.8094194768072038
                },
                "metrics": {
                    "outcome": 7.750788228673576
                },
                "metadata": {
                    "trials": 1
                }
            }
        ],
        [
            {
                "query": {
                    "x1": -4.120913204550577,
                    "x2": 0.319365139429737
                },
                "metrics": {
                    "outcome": 212.9596048176679
                },
                "metadata": {
                    "trials": 1
                }
            }
        ],
        [
            {
                "query": {
                    "x1": 9.399616786282756,
                    "x2": 4.0318197520320345
                },
                "metrics": {
                    "outcome": 2.890890592600238
                },
                "metadata": {
                    "trials": 1
                }
            }
        ]
    ]
}