{
    "date": "08/11/2022 21:00:56",
    "basic_params": {
        "active_variables": [
            "x1",
            "x2"
        ],
        "default_query": {},
        "metric": "basic",
        "n_trials": 1
    },
    "objective_function": {
        "name": "Branin",
        "params": {}
    },
    "optimizer": {
        "name": "GO-BO",
        "params": {
            "maximize": false,
            "domain": [
                {
                    "name": "x1",
                    "type": "continuous",
                    "domain": [
                        -5.0,
                        10.0
                    ]
                },
                {
                    "name": "x2",
                    "type": "continuous",
                    "domain": [
                        0.0,
                        15.0
                    ]
                }
            ],
            "initial_design_numdata": 10,
            "num_iters": 140,
            "acquisition_type": "EI",
            "evaluator_type": "sequential",
            "batch_size": 1,
            "model_update_interval": 5
        }
    },
    "best_results": [
        {
            "query": {
                "x1": 3.1708963205639,
                "x2": 2.207835219990371
            },
            "metrics": [
                {
                    "name": "outcome",
                    "value": 0.4039831541418728
                }
            ]
        }
    ],
    "iterations": [
        [
            {
                "query": {
                    "x1": -2.7499999999999996,
                    "x2": 2.2500000000000004
                },
                "metrics": {
                    "outcome": 84.00244016901605
                },
                "metadata": {
                    "trials": 1
                }
            }
        ],
        [
            {
                "query": {
                    "x1": 7.750000000000002,
                    "x2": 14.25
                },
                "metrics": {
                    "outcome": 175.4865942517839
                },
                "metadata": {
                    "trials": 1
                }
            }
        ],
        [
            {
                "query": {
                    "x1": -4.25,
                    "x2": 6.75
                },
                "metrics": {
                    "outcome": 75.39704466211235
                },
                "metadata": {
                    "trials": 1
                }
            }
        ],
        [
            {
                "query": {
                    "x1": 0.2500000000000009,
                    "x2": 12.750000000000002
                },
                "metrics": {
                    "outcome": 70.2805405425774
                },
                "metadata": {
                    "trials": 1
                }
            }
        ],
        [
            {
                "query": {
                    "x1": -1.25,
                    "x2": 8.25
                },
                "metrics": {
                    "outcome": 13.031207990116831
                },
                "metadata": {
                    "trials": 1
                }
            }
        ],
        [
            {
                "query": {
                    "x1": 4.750000000000002,
                    "x2": 9.750000000000002
                },
                "metrics": {
                    "outcome": 80.83934017887485
                },
                "metadata": {
                    "trials": 1
                }
            }
        ],
        [
            {
                "query": {
                    "x1": 6.25,
                    "x2": 3.75
                },
                "metrics": {
                    "outcome": 26.624171220014908
                },
                "metadata": {
                    "trials": 1
                }
            }
        ],
        [
            {
                "query": {
                    "x1": 3.25,
                    "x2": 0.75
                },
                "metrics": {
                    "outcome": 2.5335488675079816
                },
                "metadata": {
                    "trials": 1
                }
            }
        ],
        [
            {
                "query": {
                    "x1": 1.75,
                    "x2": 5.250000000000001
                },
                "metrics": {
                    "outcome": 10.976696807838596
                },
                "metadata": {
                    "trials": 1
                }
            }
        ],
        [
            {
                "query": {
                    "x1": 9.25,
                    "x2": 11.25
                },
                "metrics": {
                    "outcome": 80.08350705551868
                },
                "metadata": {
                    "trials": 1
                }
            }
        ],
        [
            {
                "query": {
                    "x1": 3.3323598490635775,
                    "x2": 2.39569826619628
                },
                "metrics": {
                    "outcome": 0.6421811317792248
                },
                "metadata": {
                    "trials": 1
                }
            }
        ],
        [
            {
                "query": {
                    "x1": 3.332357499592076,
                    "x2": 2.3956951688212578
                },
                "metrics": {
                    "outcome": 0.6421743050954252
                },
                "metadata": {
                    "trials": 1
                }
            }
        ],
        [
            {
                "query": {
                    "x1": 3.3323529424299054,
                    "x2": 2.3957073760558236
                },
                "metrics": {
                    "outcome": 0.6421707093392968
                },
                "metadata": {
                    "trials": 1
                }
            }
        ],
        [
            {
                "query": {
                    "x1": 3.3323564431349397,
                    "x2": 2.3956685532108546
                },
                "metrics": {
                    "outcome": 0.6421578800118013
                },
                "metadata": {
                    "trials": 1
                }
            }
        ],
        [
            {
                "query": {
                    "x1": 3.3323538074893,
                    "x2": 2.3956929080483262
                },
                "metrics": {
                    "outcome": 0.6421649576754831
                },
                "metadata": {
                    "trials": 1
                }
            }
        ],
        [
            {
                "query": {
                    "x1": 10.0,
                    "x2": 0.0
                },
                "metrics": {
                    "outcome": 10.960889035651505
                },
                "metadata": {
                    "trials": 1
                }
            }
        ],
        [
            {
                "query": {
                    "x1": 10.0,
                    "x2": 0.0
                },
                "metrics": {
                    "outcome": 10.960889035651505
                },
                "metadata": {
                    "trials": 1
                }
            }
        ],
        [
            {
                "query": {
                    "x1": 10.0,
                    "x2": 0.0
                },
                "metrics": {
                    "outcome": 10.960889035651505
                },
                "metadata": {
                    "trials": 1
                }
            }
        ],
        [
            {
                "query": {
                    "x1": 10.0,
                    "x2": 0.0
                },
                "metrics": {
                    "outcome": 10.960889035651505
                },
                "metadata": {
                    "trials": 1
                }
            }
        ],
        [
            {
                "query": {
                    "x1": 10.0,
                    "x2": 0.0
                },
                "metrics": {
                    "outcome": 10.960889035651505
                },
                "metadata": {
                    "trials": 1
                }
            }
        ],
        [
            {
                "query": {
                    "x1": 10.0,
                    "x2": 5.234534296543874
                },
                "metrics": {
                    "outcome": 6.923079655351534
                },
                "metadata": {
                    "trials": 1
                }
            }
        ],
        [
            {
                "query": {
                    "x1": 10.0,
                    "x2": 5.234595476590654
                },
                "metrics": {
                    "outcome": 6.92335271514963
                },
                "metadata": {
                    "trials": 1
                }
            }
        ],
        [
            {
                "query": {
                    "x1": 10.0,
                    "x2": 5.234581480459886
                },
                "metrics": {
                    "outcome": 6.923290246726579
                },
                "metadata": {
                    "trials": 1
                }
            }
        ],
        [
            {
                "query": {
                    "x1": 10.0,
                    "x2": 5.23502158092505
                },
                "metrics": {
                    "outcome": 6.92525471870634
                },
                "metadata": {
                    "trials": 1
                }
            }
        ],
        [
            {
                "query": {
                    "x1": 10.0,
                    "x2": 5.234602202930789
                },
                "metrics": {
                    "outcome": 6.92338273671909
                },
                "metadata": {
                    "trials": 1
                }
            }
        ],
        [
            {
                "query": {
                    "x1": -5.0,
                    "x2": 15.0
                },
                "metrics": {
                    "outcome": 17.508299515778166
                },
                "metadata": {
                    "trials": 1
                }
            }
        ],
        [
            {
                "query": {
                    "x1": -5.0,
                    "x2": 15.0
                },
                "metrics": {
                    "outcome": 17.508299515778166
                },
                "metadata": {
                    "trials": 1
                }
            }
        ],
        [
            {
                "query": {
                    "x1": -5.0,
                    "x2": 15.0
                },
                "metrics": {
                    "outcome": 17.508299515778166
                },
                "metadata": {
                    "trials": 1
                }
            }
        ],
        [
            {
                "query": {
                    "x1": -5.0,
                    "x2": 15.0
                },
                "metrics": {
                    "outcome": 17.508299515778166
                },
                "metadata": {
                    "trials": 1
                }
            }
        ],
        [
            {
                "query": {
                    "x1": -5.0,
                    "x2": 15.0
                },
                "metrics": {
                    "outcome": 17.508299515778166
                },
                "metadata": {
                    "trials": 1
                }
            }
        ],
        [
            {
                "query": {
                    "x1": 5.242161328825567,
                    "x2": 0.0
                },
                "metrics": {
                    "outcome": 16.308823660250646
                },
                "metadata": {
                    "trials": 1
                }
            }
        ],
        [
            {
                "query": {
                    "x1": 5.242197994452481,
                    "x2": 0.0
                },
                "metrics": {
                    "outcome": 16.30910647743959
                },
                "metadata": {
                    "trials": 1
                }
            }
        ],
        [
            {
                "query": {
                    "x1": 5.242184187233233,
                    "x2": 0.0
                },
                "metrics": {
                    "outcome": 16.308999977280017
                },
                "metadata": {
                    "trials": 1
                }
            }
        ],
        [
            {
                "query": {
                    "x1": 2.1325233235423933,
                    "x2": 2.0032709558810597
                },
                "metrics": {
                    "outcome": 6.3020227245003815
                },
                "metadata": {
                    "trials": 1
                }
            }
        ],
        [
            {
                "query": {
                    "x1": 5.242199518887209,
                    "x2": 0.0
                },
                "metrics": {
                    "outcome": 16.309118235917147
                },
                "metadata": {
                    "trials": 1
                }
            }
        ],
        [
            {
                "query": {
                    "x1": -3.1226668264947497,
                    "x2": 12.13844124582344
                },
                "metrics": {
                    "outcome": 0.40791015142993814
                },
                "metadata": {
                    "trials": 1
                }
            }
        ],
        [
            {
                "query": {
                    "x1": -3.122675980308732,
                    "x2": 12.138547799114392
                },
                "metrics": {
                    "outcome": 0.40789307792834784
                },
                "metadata": {
                    "trials": 1
                }
            }
        ],
        [
            {
                "query": {
                    "x1": 10.0,
                    "x2": 2.758743588354464
                },
                "metrics": {
                    "outcome": 2.0027806604869216
                },
                "metadata": {
                    "trials": 1
                }
            }
        ],
        [
            {
                "query": {
                    "x1": -3.122651158908233,
                    "x2": 12.13851793084944
                },
                "metrics": {
                    "outcome": 0.4078921893490062
                },
                "metadata": {
                    "trials": 1
                }
            }
        ],
        [
            {
                "query": {
                    "x1": -3.1226935388223622,
                    "x2": 12.138519662487978
                },
                "metrics": {
                    "outcome": 0.40790268558697385
                },
                "metadata": {
                    "trials": 1
                }
            }
        ],
        [
            {
                "query": {
                    "x1": -3.3037988683841673,
                    "x2": 15.0
                },
                "metrics": {
                    "outcome": 5.9611314884526845
                },
                "metadata": {
                    "trials": 1
                }
            }
        ],
        [
            {
                "query": {
                    "x1": -3.303803059591147,
                    "x2": 15.0
                },
                "metrics": {
                    "outcome": 5.961090195185078
                },
                "metadata": {
                    "trials": 1
                }
            }
        ],
        [
            {
                "query": {
                    "x1": -3.303800547753682,
                    "x2": 15.0
                },
                "metrics": {
                    "outcome": 5.9611149426619585
                },
                "metadata": {
                    "trials": 1
                }
            }
        ],
        [
            {
                "query": {
                    "x1": -3.303797782484179,
                    "x2": 15.0
                },
                "metrics": {
                    "outcome": 5.961142187185055
                },
                "metadata": {
                    "trials": 1
                }
            }
        ],
        [
            {
                "query": {
                    "x1": -3.3038054710362887,
                    "x2": 15.0
                },
                "metrics": {
                    "outcome": 5.961066436927575
                },
                "metadata": {
                    "trials": 1
                }
            }
        ],
        [
            {
                "query": {
                    "x1": -2.7246265950235715,
                    "x2": 12.268579621592801
                },
                "metrics": {
                    "outcome": 2.1676751188061525
                },
                "metadata": {
                    "trials": 1
                }
            }
        ],
        [
            {
                "query": {
                    "x1": -2.724653816435267,
                    "x2": 12.268611607851465
                },
                "metrics": {
                    "outcome": 2.167509899784826
                },
                "metadata": {
                    "trials": 1
                }
            }
        ],
        [
            {
                "query": {
                    "x1": -2.7246571651272857,
                    "x2": 12.268571768987139
                },
                "metrics": {
                    "outcome": 2.167404380349688
                },
                "metadata": {
                    "trials": 1
                }
            }
        ],
        [
            {
                "query": {
                    "x1": -2.7246120014272317,
                    "x2": 12.268474920236445
                },
                "metrics": {
                    "outcome": 2.1675932902387824
                },
                "metadata": {
                    "trials": 1
                }
            }
        ],
        [
            {
                "query": {
                    "x1": -2.724688111587796,
                    "x2": 12.268709470072166
                },
                "metrics": {
                    "outcome": 2.1674137951469303
                },
                "metadata": {
                    "trials": 1
                }
            }
        ],
        [
            {
                "query": {
                    "x1": -3.415338755270667,
                    "x2": 13.11576538763861
                },
                "metrics": {
                    "outcome": 0.7854234025219746
                },
                "metadata": {
                    "trials": 1
                }
            }
        ],
        [
            {
                "query": {
                    "x1": -3.4153082233617904,
                    "x2": 13.115751817374884
                },
                "metrics": {
                    "outcome": 0.785365620302322
                },
                "metadata": {
                    "trials": 1
                }
            }
        ],
        [
            {
                "query": {
                    "x1": -3.4152926943747626,
                    "x2": 13.115759375468237
                },
                "metrics": {
                    "outcome": 0.7853412497300063
                },
                "metadata": {
                    "trials": 1
                }
            }
        ],
        [
            {
                "query": {
                    "x1": -3.415317592269874,
                    "x2": 13.115792981739567
                },
                "metrics": {
                    "outcome": 0.7853961713809614
                },
                "metadata": {
                    "trials": 1
                }
            }
        ],
        [
            {
                "query": {
                    "x1": -3.4153162866357687,
                    "x2": 13.115798134148292
                },
                "metrics": {
                    "outcome": 0.785395687662783
                },
                "metadata": {
                    "trials": 1
                }
            }
        ],
        [
            {
                "query": {
                    "x1": 9.127843542333116,
                    "x2": 2.450780765159132
                },
                "metrics": {
                    "outcome": 0.8642608527750983
                },
                "metadata": {
                    "trials": 1
                }
            }
        ],
        [
            {
                "query": {
                    "x1": 3.8209564949444617,
                    "x2": 1.970409463865176
                },
                "metrics": {
                    "outcome": 2.557241227935611
                },
                "metadata": {
                    "trials": 1
                }
            }
        ],
        [
            {
                "query": {
                    "x1": 9.127792823084958,
                    "x2": 2.450717468771889
                },
                "metrics": {
                    "outcome": 0.8643928726828705
                },
                "metadata": {
                    "trials": 1
                }
            }
        ],
        [
            {
                "query": {
                    "x1": 3.8206245927926576,
                    "x2": 1.9705168540321936
                },
                "metrics": {
                    "outcome": 2.555208417685982
                },
                "metadata": {
                    "trials": 1
                }
            }
        ],
        [
            {
                "query": {
                    "x1": 3.8213324884165134,
                    "x2": 1.9706318645293057
                },
                "metrics": {
                    "outcome": 2.5596592280834445
                },
                "metadata": {
                    "trials": 1
                }
            }
        ],
        [
            {
                "query": {
                    "x1": 8.517049183954445,
                    "x2": 0.639749164307122
                },
                "metrics": {
                    "outcome": 5.472533294289378
                },
                "metadata": {
                    "trials": 1
                }
            }
        ],
        [
            {
                "query": {
                    "x1": 9.452242136403965,
                    "x2": 3.138495623820408
                },
                "metrics": {
                    "outcome": 0.8114049361445677
                },
                "metadata": {
                    "trials": 1
                }
            }
        ],
        [
            {
                "query": {
                    "x1": 9.452575584711834,
                    "x2": 3.139515520514407
                },
                "metrics": {
                    "outcome": 0.8124366710096282
                },
                "metadata": {
                    "trials": 1
                }
            }
        ],
        [
            {
                "query": {
                    "x1": 8.517245592774328,
                    "x2": 0.639993576830932
                },
                "metrics": {
                    "outcome": 5.470753578142348
                },
                "metadata": {
                    "trials": 1
                }
            }
        ],
        [
            {
                "query": {
                    "x1": 9.45208520932352,
                    "x2": 3.139435249637637
                },
                "metrics": {
                    "outcome": 0.8127389017936917
                },
                "metadata": {
                    "trials": 1
                }
            }
        ],
        [
            {
                "query": {
                    "x1": 9.437774759743563,
                    "x2": 2.2147810002399684
                },
                "metrics": {
                    "outcome": 0.4722498788571432
                },
                "metadata": {
                    "trials": 1
                }
            }
        ],
        [
            {
                "query": {
                    "x1": 9.437507851623153,
                    "x2": 2.2184017666938494
                },
                "metrics": {
                    "outcome": 0.47014517814815093
                },
                "metadata": {
                    "trials": 1
                }
            }
        ],
        [
            {
                "query": {
                    "x1": 9.439621081393323,
                    "x2": 2.2149308387063593
                },
                "metrics": {
                    "outcome": 0.47326573238104963
                },
                "metadata": {
                    "trials": 1
                }
            }
        ],
        [
            {
                "query": {
                    "x1": 9.440900630212928,
                    "x2": 2.2157980532569157
                },
                "metrics": {
                    "outcome": 0.47357444254523706
                },
                "metadata": {
                    "trials": 1
                }
            }
        ],
        [
            {
                "query": {
                    "x1": 9.431881533741771,
                    "x2": 2.2031565566109443
                },
                "metrics": {
                    "outcome": 0.47532578552684335
                },
                "metadata": {
                    "trials": 1
                }
            }
        ],
        [
            {
                "query": {
                    "x1": -2.7282633052146044,
                    "x2": 10.790871741310093
                },
                "metrics": {
                    "outcome": 1.4695288098162766
                },
                "metadata": {
                    "trials": 1
                }
            }
        ],
        [
            {
                "query": {
                    "x1": -2.7406750946461567,
                    "x2": 10.871122028451639
                },
                "metrics": {
                    "outcome": 1.3719547248973516
                },
                "metadata": {
                    "trials": 1
                }
            }
        ],
        [
            {
                "query": {
                    "x1": -2.766655367740544,
                    "x2": 10.914257885013775
                },
                "metrics": {
                    "outcome": 1.2932700488625972
                },
                "metadata": {
                    "trials": 1
                }
            }
        ],
        [
            {
                "query": {
                    "x1": 2.936119278720757,
                    "x2": 2.7334924866535686
                },
                "metrics": {
                    "outcome": 0.685603217565145
                },
                "metadata": {
                    "trials": 1
                }
            }
        ],
        [
            {
                "query": {
                    "x1": 2.9386644579781356,
                    "x2": 2.6249887651603023
                },
                "metrics": {
                    "outcome": 0.6296666269401232
                },
                "metadata": {
                    "trials": 1
                }
            }
        ],
        [
            {
                "query": {
                    "x1": -3.9618635028491904,
                    "x2": 14.676808355152529
                },
                "metrics": {
                    "outcome": 3.5691840027148505
                },
                "metadata": {
                    "trials": 1
                }
            }
        ],
        [
            {
                "query": {
                    "x1": -4.043657709086885,
                    "x2": 14.814094961862871
                },
                "metrics": {
                    "outcome": 4.117583511564284
                },
                "metadata": {
                    "trials": 1
                }
            }
        ],
        [
            {
                "query": {
                    "x1": -3.9418057916083113,
                    "x2": 14.966213909023748
                },
                "metrics": {
                    "outcome": 3.781368448726293
                },
                "metadata": {
                    "trials": 1
                }
            }
        ],
        [
            {
                "query": {
                    "x1": -3.8602558361263277,
                    "x2": 14.355279278871901
                },
                "metrics": {
                    "outcome": 2.854666205758913
                },
                "metadata": {
                    "trials": 1
                }
            }
        ],
        [
            {
                "query": {
                    "x1": -3.8043425203388552,
                    "x2": 13.737246941569854
                },
                "metrics": {
                    "outcome": 2.4656830738287745
                },
                "metadata": {
                    "trials": 1
                }
            }
        ],
        [
            {
                "query": {
                    "x1": 0.1579692016135521,
                    "x2": 3.476965347817085
                },
                "metrics": {
                    "outcome": 24.65746341876362
                },
                "metadata": {
                    "trials": 1
                }
            }
        ],
        [
            {
                "query": {
                    "x1": 0.3913154162315493,
                    "x2": 3.818622489778586
                },
                "metrics": {
                    "outcome": 21.367495979917603
                },
                "metadata": {
                    "trials": 1
                }
            }
        ],
        [
            {
                "query": {
                    "x1": 0.20061327188248068,
                    "x2": 3.6670110183487177
                },
                "metrics": {
                    "outcome": 23.48550394222286
                },
                "metadata": {
                    "trials": 1
                }
            }
        ],
        [
            {
                "query": {
                    "x1": 0.23901502177828693,
                    "x2": 4.092463020677238
                },
                "metrics": {
                    "outcome": 21.6838699203443
                },
                "metadata": {
                    "trials": 1
                }
            }
        ],
        [
            {
                "query": {
                    "x1": 0.16089285016080623,
                    "x2": 4.2507269031374575
                },
                "metrics": {
                    "outcome": 21.71775476617148
                },
                "metadata": {
                    "trials": 1
                }
            }
        ],
        [
            {
                "query": {
                    "x1": 9.641951515088993,
                    "x2": 2.671634559452378
                },
                "metrics": {
                    "outcome": 0.6234915226396662
                },
                "metadata": {
                    "trials": 1
                }
            }
        ],
        [
            {
                "query": {
                    "x1": 7.200581559971253,
                    "x2": 0.1423758957080462
                },
                "metrics": {
                    "outcome": 17.037253495942327
                },
                "metadata": {
                    "trials": 1
                }
            }
        ],
        [
            {
                "query": {
                    "x1": 8.153930980982981,
                    "x2": 2.6841186579863523
                },
                "metrics": {
                    "outcome": 8.313028205295748
                },
                "metadata": {
                    "trials": 1
                }
            }
        ],
        [
            {
                "query": {
                    "x1": 8.383620426660116,
                    "x2": 2.6904060833129027
                },
                "metrics": {
                    "outcome": 6.058171750979565
                },
                "metadata": {
                    "trials": 1
                }
            }
        ],
        [
            {
                "query": {
                    "x1": 7.264054327910742,
                    "x2": 0.5997062739525877
                },
                "metrics": {
                    "outcome": 15.771740985363014
                },
                "metadata": {
                    "trials": 1
                }
            }
        ],
        [
            {
                "query": {
                    "x1": 3.1507898829600514,
                    "x2": 1.9052508438144584
                },
                "metrics": {
                    "outcome": 0.5297631954602231
                },
                "metadata": {
                    "trials": 1
                }
            }
        ],
        [
            {
                "query": {
                    "x1": 3.394292478276471,
                    "x2": 1.4865708088040215
                },
                "metrics": {
                    "outcome": 1.062371461238687
                },
                "metadata": {
                    "trials": 1
                }
            }
        ],
        [
            {
                "query": {
                    "x1": -3.1030734922954766,
                    "x2": 12.487207734733595
                },
                "metrics": {
                    "outcome": 0.49778306854874543
                },
                "metadata": {
                    "trials": 1
                }
            }
        ],
        [
            {
                "query": {
                    "x1": 3.1708963205639,
                    "x2": 2.207835219990371
                },
                "metrics": {
                    "outcome": 0.4039831541418728
                },
                "metadata": {
                    "trials": 1
                }
            }
        ],
        [
            {
                "query": {
                    "x1": 3.0772833957053134,
                    "x2": 2.7087040349413654
                },
                "metrics": {
                    "outcome": 0.5644386342565628
                },
                "metadata": {
                    "trials": 1
                }
            }
        ],
        [
            {
                "query": {
                    "x1": 9.236477218071805,
                    "x2": 1.673990394897567
                },
                "metrics": {
                    "outcome": 0.9859081493501751
                },
                "metadata": {
                    "trials": 1
                }
            }
        ],
        [
            {
                "query": {
                    "x1": -2.116869989654402,
                    "x2": 8.784215438472376
                },
                "metrics": {
                    "outcome": 6.367665411161378
                },
                "metadata": {
                    "trials": 1
                }
            }
        ],
        [
            {
                "query": {
                    "x1": 9.170941562399335,
                    "x2": 0.9636398497824966
                },
                "metrics": {
                    "outcome": 2.4100824818035154
                },
                "metadata": {
                    "trials": 1
                }
            }
        ],
        [
            {
                "query": {
                    "x1": -2.1684344933948934,
                    "x2": 9.592270330497131
                },
                "metrics": {
                    "outcome": 4.814444810972766
                },
                "metadata": {
                    "trials": 1
                }
            }
        ],
        [
            {
                "query": {
                    "x1": 9.10771325034118,
                    "x2": 1.0451097930486808
                },
                "metrics": {
                    "outcome": 2.2581348630542486
                },
                "metadata": {
                    "trials": 1
                }
            }
        ],
        [
            {
                "query": {
                    "x1": 4.487491592816102,
                    "x2": 1.9827887236288366
                },
                "metrics": {
                    "outcome": 8.132605064284402
                },
                "metadata": {
                    "trials": 1
                }
            }
        ],
        [
            {
                "query": {
                    "x1": 2.5357748425463846,
                    "x2": 3.0467414626382934
                },
                "metrics": {
                    "outcome": 2.1701527840628803
                },
                "metadata": {
                    "trials": 1
                }
            }
        ],
        [
            {
                "query": {
                    "x1": 2.5722654114074954,
                    "x2": 3.163270980057506
                },
                "metrics": {
                    "outcome": 2.0744159208818482
                },
                "metadata": {
                    "trials": 1
                }
            }
        ],
        [
            {
                "query": {
                    "x1": 2.490721643253412,
                    "x2": 3.5440768812678196
                },
                "metrics": {
                    "outcome": 2.8604910297889417
                },
                "metadata": {
                    "trials": 1
                }
            }
        ],
        [
            {
                "query": {
                    "x1": 4.566837650476906,
                    "x2": 2.227921707533396
                },
                "metrics": {
                    "outcome": 9.250527886367928
                },
                "metadata": {
                    "trials": 1
                }
            }
        ],
        [
            {
                "query": {
                    "x1": 9.969846689509557,
                    "x2": 14.551305533728984
                },
                "metrics": {
                    "outcome": 135.84282003651265
                },
                "metadata": {
                    "trials": 1
                }
            }
        ],
        [
            {
                "query": {
                    "x1": -3.260592507373165,
                    "x2": 12.634788193297274
                },
                "metrics": {
                    "outcome": 0.47097496256457205
                },
                "metadata": {
                    "trials": 1
                }
            }
        ],
        [
            {
                "query": {
                    "x1": -3.3719035975654075,
                    "x2": 12.204279418726765
                },
                "metrics": {
                    "outcome": 1.049670169040727
                },
                "metadata": {
                    "trials": 1
                }
            }
        ],
        [
            {
                "query": {
                    "x1": 2.6256589712539915,
                    "x2": 10.201616226388722
                },
                "metrics": {
                    "outcome": 57.745972327845664
                },
                "metadata": {
                    "trials": 1
                }
            }
        ],
        [
            {
                "query": {
                    "x1": -3.302709750012559,
                    "x2": 12.554409248987447
                },
                "metrics": {
                    "outcome": 0.5346009622518935
                },
                "metadata": {
                    "trials": 1
                }
            }
        ],
        [
            {
                "query": {
                    "x1": 2.023366754300394,
                    "x2": 5.313204901979498
                },
                "metrics": {
                    "outcome": 9.819662786724066
                },
                "metadata": {
                    "trials": 1
                }
            }
        ],
        [
            {
                "query": {
                    "x1": -0.21905701410020129,
                    "x2": 9.195868287416504
                },
                "metrics": {
                    "outcome": 27.444095845845546
                },
                "metadata": {
                    "trials": 1
                }
            }
        ],
        [
            {
                "query": {
                    "x1": -2.7485537507615914,
                    "x2": 11.227378667605215
                },
                "metrics": {
                    "outcome": 1.1451855828136797
                },
                "metadata": {
                    "trials": 1
                }
            }
        ],
        [
            {
                "query": {
                    "x1": 0.5338620627309281,
                    "x2": 3.3981820849420763
                },
                "metrics": {
                    "outcome": 21.46637099367988
                },
                "metadata": {
                    "trials": 1
                }
            }
        ],
        [
            {
                "query": {
                    "x1": 9.750061309917943,
                    "x2": 10.118412888796932
                },
                "metrics": {
                    "outcome": 55.002749238785356
                },
                "metadata": {
                    "trials": 1
                }
            }
        ],
        [
            {
                "query": {
                    "x1": -2.6611357273354335,
                    "x2": 1.2686940303296335
                },
                "metrics": {
                    "outcome": 99.12852312929411
                },
                "metadata": {
                    "trials": 1
                }
            }
        ],
        [
            {
                "query": {
                    "x1": 6.2591303567668675,
                    "x2": 12.892172085778633
                },
                "metrics": {
                    "outcome": 158.6709530688058
                },
                "metadata": {
                    "trials": 1
                }
            }
        ],
        [
            {
                "query": {
                    "x1": 5.355498890094257,
                    "x2": 9.750002697565218
                },
                "metrics": {
                    "outcome": 89.17497659196292
                },
                "metadata": {
                    "trials": 1
                }
            }
        ],
        [
            {
                "query": {
                    "x1": 3.5720083895095165,
                    "x2": 1.5327489722178615
                },
                "metrics": {
                    "outcome": 1.4590206373251249
                },
                "metadata": {
                    "trials": 1
                }
            }
        ],
        [
            {
                "query": {
                    "x1": 6.131411455371644,
                    "x2": 14.17432066374687
                },
                "metrics": {
                    "outcome": 190.47810902584118
                },
                "metadata": {
                    "trials": 1
                }
            }
        ],
        [
            {
                "query": {
                    "x1": -4.843596174741063,
                    "x2": 6.227158065595313
                },
                "metrics": {
                    "outcome": 121.76655633919972
                },
                "metadata": {
                    "trials": 1
                }
            }
        ],
        [
            {
                "query": {
                    "x1": -4.632021210836453,
                    "x2": 8.338378436475375
                },
                "metrics": {
                    "outcome": 70.15411872114103
                },
                "metadata": {
                    "trials": 1
                }
            }
        ],
        [
            {
                "query": {
                    "x1": -3.75629827591839,
                    "x2": 14.797129922798897
                },
                "metrics": {
                    "outcome": 3.147696509210416
                },
                "metadata": {
                    "trials": 1
                }
            }
        ],
        [
            {
                "query": {
                    "x1": 5.835776900289892,
                    "x2": 0.9877844820962645
                },
                "metrics": {
                    "outcome": 18.672324205837533
                },
                "metadata": {
                    "trials": 1
                }
            }
        ],
        [
            {
                "query": {
                    "x1": -1.0194193470856399,
                    "x2": 14.011348904685745
                },
                "metrics": {
                    "outcome": 54.150715932790526
                },
                "metadata": {
                    "trials": 1
                }
            }
        ],
        [
            {
                "query": {
                    "x1": 2.7387169013383987,
                    "x2": 10.563830079133817
                },
                "metrics": {
                    "outcome": 64.4276188550179
                },
                "metadata": {
                    "trials": 1
                }
            }
        ],
        [
            {
                "query": {
                    "x1": 8.836010276751463,
                    "x2": 10.505156118927815
                },
                "metrics": {
                    "outcome": 73.95917564718681
                },
                "metadata": {
                    "trials": 1
                }
            }
        ],
        [
            {
                "query": {
                    "x1": 2.3991149998497727,
                    "x2": 4.894381686955604
                },
                "metrics": {
                    "outcome": 6.802708541121676
                },
                "metadata": {
                    "trials": 1
                }
            }
        ],
        [
            {
                "query": {
                    "x1": 2.076697911307895,
                    "x2": 4.760587087915346
                },
                "metrics": {
                    "outcome": 7.622797528215502
                },
                "metadata": {
                    "trials": 1
                }
            }
        ],
        [
            {
                "query": {
                    "x1": 3.434826756459163,
                    "x2": 13.578779719042874
                },
                "metrics": {
                    "outcome": 133.54933624891822
                },
                "metadata": {
                    "trials": 1
                }
            }
        ],
        [
            {
                "query": {
                    "x1": 5.257287011859956,
                    "x2": 8.415068030264404
                },
                "metrics": {
                    "outcome": 66.9865670904876
                },
                "metadata": {
                    "trials": 1
                }
            }
        ],
        [
            {
                "query": {
                    "x1": -1.5123421300902096,
                    "x2": 1.781565936944303
                },
                "metrics": {
                    "outcome": 58.45939716445845
                },
                "metadata": {
                    "trials": 1
                }
            }
        ],
        [
            {
                "query": {
                    "x1": 4.871897505938742,
                    "x2": 2.417888126722149
                },
                "metrics": {
                    "outcome": 12.747284027001662
                },
                "metadata": {
                    "trials": 1
                }
            }
        ],
        [
            {
                "query": {
                    "x1": 0.5082604838838574,
                    "x2": 1.1358683891821526
                },
                "metrics": {
                    "outcome": 35.104835162430405
                },
                "metadata": {
                    "trials": 1
                }
            }
        ],
        [
            {
                "query": {
                    "x1": -4.551618437118882,
                    "x2": 10.910257119884083
                },
                "metrics": {
                    "outcome": 33.565147603359804
                },
                "metadata": {
                    "trials": 1
                }
            }
        ],
        [
            {
                "query": {
                    "x1": 3.013834832050666,
                    "x2": 3.8391131776773686
                },
                "metrics": {
                    "outcome": 2.61467438110913
                },
                "metadata": {
                    "trials": 1
                }
            }
        ],
        [
            {
                "query": {
                    "x1": 6.031564401140798,
                    "x2": 10.985543224015007
                },
                "metrics": {
                    "outcome": 117.02035254335354
                },
                "metadata": {
                    "trials": 1
                }
            }
        ],
        [
            {
                "query": {
                    "x1": 1.482865527215674,
                    "x2": 10.545463779556473
                },
                "metrics": {
                    "outcome": 54.68690039414259
                },
                "metadata": {
                    "trials": 1
                }
            }
        ],
        [
            {
                "query": {
                    "x1": 9.286582742972776,
                    "x2": 3.7383420242537952
                },
                "metrics": {
                    "outcome": 2.3867877157643482
                },
                "metadata": {
                    "trials": 1
                }
            }
        ],
        [
            {
                "query": {
                    "x1": 3.903140591101801,
                    "x2": 9.477869411414574
                },
                "metrics": {
                    "outcome": 62.6772331254897
                },
                "metadata": {
                    "trials": 1
                }
            }
        ],
        [
            {
                "query": {
                    "x1": 4.823158881216619,
                    "x2": 4.07275174260425
                },
                "metrics": {
                    "outcome": 18.59014303535628
                },
                "metadata": {
                    "trials": 1
                }
            }
        ],
        [
            {
                "query": {
                    "x1": 0.933180031862257,
                    "x2": 13.7204882060582
                },
                "metrics": {
                    "outcome": 98.40212640126109
                },
                "metadata": {
                    "trials": 1
                }
            }
        ],
        [
            {
                "query": {
                    "x1": -1.048846395173539,
                    "x2": 8.73254145840837
                },
                "metrics": {
                    "outcome": 15.63583273691832
                },
                "metadata": {
                    "trials": 1
                }
            }
        ],
        [
            {
                "query": {
                    "x1": 5.8905906748623025,
                    "x2": 2.6970715878638214
                },
                "metrics": {
                    "outcome": 21.398588424890782
                },
                "metadata": {
                    "trials": 1
                }
            }
        ],
        [
            {
                "query": {
                    "x1": -2.943652904954741,
                    "x2": 1.852166165839031
                },
                "metrics": {
                    "outcome": 99.63163806715643
                },
                "metadata": {
                    "trials": 1
                }
            }
        ],
        [
            {
                "query": {
                    "x1": 4.728589983468588,
                    "x2": 3.1568228489965424
                },
                "metrics": {
                    "outcome": 13.374345924618172
                },
                "metadata": {
                    "trials": 1
                }
            }
        ],
        [
            {
                "query": {
                    "x1": -4.885120656935078,
                    "x2": 6.72037154616804
                },
                "metrics": {
                    "outcome": 114.41826135477767
                },
                "metadata": {
                    "trials": 1
                }
            }
        ],
        [
            {
                "query": {
                    "x1": -2.7799777934727645,
                    "x2": 14.045286858416397
                },
                "metrics": {
                    "outcome": 7.896085086446147
                },
                "metadata": {
                    "trials": 1
                }
            }
        ],
        [
            {
                "query": {
                    "x1": -4.416741265698592,
                    "x2": 10.373142273016503
                },
                "metrics": {
                    "outcome": 33.99744943082551
                },
                "metadata": {
                    "trials": 1
                }
            }
        ],
        [
            {
                "query": {
                    "x1": 9.100860356606628,
                    "x2": 11.187395328736889
                },
                "metrics": {
                    "outcome": 81.39531932127888
                },
                "metadata": {
                    "trials": 1
                }
            }
        ]
    ]
}