{
    "date": "05/11/2022 12:07:28",
    "basic_params": {
        "active_variables": [
            "x1",
            "x2"
        ],
        "default_query": {},
        "metric": "basic",
        "n_trials": 1
    },
    "objective_function": {
        "name": "McCormick",
        "params": {}
    },
    "optimizer": {
        "name": "BBO-LP(LCB)-FoD",
        "params": {
            "lower_bound": [
                -1.5,
                -3.0
            ],
            "upper_bound": [
                4.0,
                4.0
            ],
            "invert_metric": false,
            "bopt_params": {
                "n_init_samples": 12,
                "n_iterations": 23,
                "n_iter_relearn": 5,
                "verbose_level": 0,
                "n_parallel_samples": 6,
                "fixed_dataset_size": 50,
                "par_type": "PAR_BBO",
                "crit_name": "cLP(cLCB)",
                "n_crit_params": 3,
                "crit_params": [
                    6,
                    1,
                    1.0
                ]
            }
        }
    },
    "iterations": [
        [
            {
                "query": {
                    "x1": -0.7419868599196585,
                    "x2": 2.3091401281029302
                },
                "metrics": {
                    "outcome": 18.195199871245922
                },
                "metadata": {
                    "trials": 1
                }
            }
        ],
        [
            {
                "query": {
                    "x1": 0.0675886734679807,
                    "x2": -0.7979414648919674
                },
                "metrics": {
                    "outcome": -1.0142267366593716
                },
                "metadata": {
                    "trials": 1
                }
            }
        ],
        [
            {
                "query": {
                    "x1": 2.7408219310260993,
                    "x2": -0.1447578869992867
                },
                "metrics": {
                    "outcome": 5.372313318674711
                },
                "metadata": {
                    "trials": 1
                }
            }
        ],
        [
            {
                "query": {
                    "x1": 2.4475688080710825,
                    "x2": 0.8994995971637159
                },
                "metrics": {
                    "outcome": 1.7698811358385278
                },
                "metadata": {
                    "trials": 1
                }
            }
        ],
        [
            {
                "query": {
                    "x1": 3.2745169871680755,
                    "x2": 3.6419761174086798
                },
                "metrics": {
                    "outcome": 5.920005346456104
                },
                "metadata": {
                    "trials": 1
                }
            }
        ],
        [
            {
                "query": {
                    "x1": -0.15010624776671966,
                    "x2": -1.5471700628016456
                },
                "metrics": {
                    "outcome": -1.6829905461575505
                },
                "metadata": {
                    "trials": 1
                }
            }
        ],
        [
            {
                "query": {
                    "x1": 0.7443588395059733,
                    "x2": 3.212727301618239
                },
                "metrics": {
                    "outcome": 13.28005888206036
                },
                "metadata": {
                    "trials": 1
                }
            }
        ],
        [
            {
                "query": {
                    "x1": 3.755571579793468,
                    "x2": 0.3650400443584658
                },
                "metrics": {
                    "outcome": 6.944996318564595
                },
                "metadata": {
                    "trials": 1
                }
            }
        ],
        [
            {
                "query": {
                    "x1": 1.4158579800083921,
                    "x2": 1.3956886734231375
                },
                "metrics": {
                    "outcome": 2.6899280606229246
                },
                "metadata": {
                    "trials": 1
                }
            }
        ],
        [
            {
                "query": {
                    "x1": -1.1077314576056476,
                    "x2": -2.447447809681762
                },
                "metrics": {
                    "outcome": -1.2602863185503175
                },
                "metadata": {
                    "trials": 1
                }
            }
        ],
        [
            {
                "query": {
                    "x1": 2.057303194179743,
                    "x2": -1.9038278614946953
                },
                "metrics": {
                    "outcome": 8.997908326772382
                },
                "metadata": {
                    "trials": 1
                }
            }
        ],
        [
            {
                "query": {
                    "x1": 0.8493510800763033,
                    "x2": 2.004238169737315
                },
                "metrics": {
                    "outcome": 6.35437142440786
                },
                "metadata": {
                    "trials": 1
                }
            }
        ],
        [
            {
                "query": {
                    "x1": -0.5506838770624217,
                    "x2": -1.7392591417220877
                },
                "metrics": {
                    "outcome": -1.861778992538074
                },
                "metadata": {
                    "trials": 1
                }
            },
            {
                "query": {
                    "x1": -0.4890636210271573,
                    "x2": -1.5513733513544803
                },
                "metrics": {
                    "outcome": -1.908066961007937
                },
                "metadata": {
                    "trials": 1
                }
            },
            {
                "query": {
                    "x1": -0.5886183937169898,
                    "x2": -1.9318947561746953
                },
                "metrics": {
                    "outcome": -1.7243313205457853
                },
                "metadata": {
                    "trials": 1
                }
            },
            {
                "query": {
                    "x1": -0.6950002265871056,
                    "x2": -1.7772245259526656
                },
                "metrics": {
                    "outcome": -1.8498419510241213
                },
                "metadata": {
                    "trials": 1
                }
            },
            {
                "query": {
                    "x1": -0.4392613787460793,
                    "x2": -1.8616063465539692
                },
                "metrics": {
                    "outcome": -1.717185377767862
                },
                "metadata": {
                    "trials": 1
                }
            },
            {
                "query": {
                    "x1": -0.41018611418403306,
                    "x2": -1.3962569659120794
                },
                "metrics": {
                    "outcome": -1.8753910648536474
                },
                "metadata": {
                    "trials": 1
                }
            }
        ],
        [
            {
                "query": {
                    "x1": -0.6409307831485216,
                    "x2": -1.4909127927258268
                },
                "metrics": {
                    "outcome": -1.890114752739744
                },
                "metadata": {
                    "trials": 1
                }
            },
            {
                "query": {
                    "x1": -0.5893274390161433,
                    "x2": -1.4207458898269594
                },
                "metrics": {
                    "outcome": -1.8816763057798749
                },
                "metadata": {
                    "trials": 1
                }
            },
            {
                "query": {
                    "x1": -0.7100688560286174,
                    "x2": -1.5274988336108888
                },
                "metrics": {
                    "outcome": -1.8712745472491035
                },
                "metadata": {
                    "trials": 1
                }
            },
            {
                "query": {
                    "x1": -0.6245265983770406,
                    "x2": -1.582923410495135
                },
                "metrics": {
                    "outcome": -1.9060838482903546
                },
                "metadata": {
                    "trials": 1
                }
            },
            {
                "query": {
                    "x1": -0.6784643832384412,
                    "x2": -1.4099397707324484
                },
                "metrics": {
                    "outcome": -1.8411019281280319
                },
                "metadata": {
                    "trials": 1
                }
            },
            {
                "query": {
                    "x1": -0.5733265100662538,
                    "x2": -1.529290692310779
                },
                "metrics": {
                    "outcome": -1.911254575293662
                },
                "metadata": {
                    "trials": 1
                }
            }
        ],
        [
            {
                "query": {
                    "x1": -0.5469465966622498,
                    "x2": -1.5671454694738627
                },
                "metrics": {
                    "outcome": -1.9126476066542928
                },
                "metadata": {
                    "trials": 1
                }
            },
            {
                "query": {
                    "x1": -0.53761967720573,
                    "x2": -1.5487051496542645
                },
                "metrics": {
                    "outcome": -1.913071821799258
                },
                "metadata": {
                    "trials": 1
                }
            },
            {
                "query": {
                    "x1": -0.560255721916659,
                    "x2": -1.5794970887561912
                },
                "metrics": {
                    "outcome": -1.9119698065576234
                },
                "metadata": {
                    "trials": 1
                }
            },
            {
                "query": {
                    "x1": -0.5305961510379628,
                    "x2": -1.5293243790095747
                },
                "metrics": {
                    "outcome": -1.9127033404157627
                },
                "metadata": {
                    "trials": 1
                }
            },
            {
                "query": {
                    "x1": -0.5210391585404315,
                    "x2": -1.5123640055646868
                },
                "metrics": {
                    "outcome": -1.9115184775148566
                },
                "metadata": {
                    "trials": 1
                }
            },
            {
                "query": {
                    "x1": -0.5307227587932205,
                    "x2": -1.5658919727828504
                },
                "metrics": {
                    "outcome": -1.9119839489336257
                },
                "metadata": {
                    "trials": 1
                }
            }
        ],
        [
            {
                "query": {
                    "x1": -0.5491582806391514,
                    "x2": -1.5453871838466984
                },
                "metrics": {
                    "outcome": -1.9132087240204219
                },
                "metadata": {
                    "trials": 1
                }
            },
            {
                "query": {
                    "x1": -0.5558526796521935,
                    "x2": -1.5509392235804422
                },
                "metrics": {
                    "outcome": -1.9131324268612637
                },
                "metadata": {
                    "trials": 1
                }
            },
            {
                "query": {
                    "x1": -0.5422026173933713,
                    "x2": -1.5405452693001036
                },
                "metrics": {
                    "outcome": -1.9131613356953698
                },
                "metadata": {
                    "trials": 1
                }
            },
            {
                "query": {
                    "x1": -0.5425859955331747,
                    "x2": -1.5506305118444021
                },
                "metrics": {
                    "outcome": -1.9131576391100205
                },
                "metadata": {
                    "trials": 1
                }
            },
            {
                "query": {
                    "x1": -0.5490496510789987,
                    "x2": -1.5355291572880798
                },
                "metrics": {
                    "outcome": -1.912998347796528
                },
                "metadata": {
                    "trials": 1
                }
            },
            {
                "query": {
                    "x1": -0.5563471581121417,
                    "x2": -1.5409394479914016
                },
                "metrics": {
                    "outcome": -1.9129819391371257
                },
                "metadata": {
                    "trials": 1
                }
            }
        ],
        [
            {
                "query": {
                    "x1": -0.5473107359712639,
                    "x2": -1.5467691016534157
                },
                "metrics": {
                    "outcome": -1.9132226185727474
                },
                "metadata": {
                    "trials": 1
                }
            },
            {
                "query": {
                    "x1": -0.5528563706880234,
                    "x2": -1.5507440268281898
                },
                "metrics": {
                    "outcome": -1.9131818658502846
                },
                "metadata": {
                    "trials": 1
                }
            },
            {
                "query": {
                    "x1": -0.5417280223396863,
                    "x2": -1.543165506535961
                },
                "metrics": {
                    "outcome": -1.9131817250880965
                },
                "metadata": {
                    "trials": 1
                }
            },
            {
                "query": {
                    "x1": -0.5584297505069366,
                    "x2": -1.55476790940098
                },
                "metrics": {
                    "outcome": -1.9130570186978986
                },
                "metadata": {
                    "trials": 1
                }
            },
            {
                "query": {
                    "x1": -0.5523244319850857,
                    "x2": -1.5425605424469955
                },
                "metrics": {
                    "outcome": -1.9131275175398668
                },
                "metadata": {
                    "trials": 1
                }
            },
            {
                "query": {
                    "x1": -0.5465514466952599,
                    "x2": -1.5378850603084147
                },
                "metrics": {
                    "outcome": -1.9131048233427679
                },
                "metadata": {
                    "trials": 1
                }
            }
        ],
        [
            {
                "query": {
                    "x1": -0.5481010605370342,
                    "x2": -1.547773292011098
                },
                "metrics": {
                    "outcome": -1.9132219003085655
                },
                "metadata": {
                    "trials": 1
                }
            },
            {
                "query": {
                    "x1": -0.5531523220169341,
                    "x2": -1.551796269133114
                },
                "metrics": {
                    "outcome": -1.913172987222449
                },
                "metadata": {
                    "trials": 1
                }
            },
            {
                "query": {
                    "x1": -0.5431289984740497,
                    "x2": -1.5435603438926786
                },
                "metrics": {
                    "outcome": -1.9131970191720518
                },
                "metadata": {
                    "trials": 1
                }
            },
            {
                "query": {
                    "x1": -0.5430038719399488,
                    "x2": -1.5512332483989952
                },
                "metrics": {
                    "outcome": -1.9131552215365297
                },
                "metadata": {
                    "trials": 1
                }
            },
            {
                "query": {
                    "x1": -0.5486405185609496,
                    "x2": -1.540454507679741
                },
                "metrics": {
                    "outcome": -1.913143768152095
                },
                "metadata": {
                    "trials": 1
                }
            },
            {
                "query": {
                    "x1": -0.5538057697218556,
                    "x2": -1.5443026309485357
                },
                "metrics": {
                    "outcome": -1.913126678976055
                },
                "metadata": {
                    "trials": 1
                }
            }
        ],
        [
            {
                "query": {
                    "x1": -0.5480163997897923,
                    "x2": -1.5478650016858746
                },
                "metrics": {
                    "outcome": -1.9132219757715916
                },
                "metadata": {
                    "trials": 1
                }
            },
            {
                "query": {
                    "x1": -0.5526834781237278,
                    "x2": -1.5517441269332153
                },
                "metrics": {
                    "outcome": -1.9131785739050957
                },
                "metadata": {
                    "trials": 1
                }
            },
            {
                "query": {
                    "x1": -0.5434499023859461,
                    "x2": -1.5437537065608082
                },
                "metrics": {
                    "outcome": -1.9132004374185891
                },
                "metadata": {
                    "trials": 1
                }
            },
            {
                "query": {
                    "x1": -0.543188707667853,
                    "x2": -1.5509351841711752
                },
                "metrics": {
                    "outcome": -1.9131629152308371
                },
                "metadata": {
                    "trials": 1
                }
            },
            {
                "query": {
                    "x1": -0.5525984700719715,
                    "x2": -1.5442812426900858
                },
                "metrics": {
                    "outcome": -1.9131511068768607
                },
                "metadata": {
                    "trials": 1
                }
            },
            {
                "query": {
                    "x1": -0.5480234660509569,
                    "x2": -1.5401238945282385
                },
                "metrics": {
                    "outcome": -1.9131436291447215
                },
                "metadata": {
                    "trials": 1
                }
            }
        ],
        [
            {
                "query": {
                    "x1": -0.5433952732403351,
                    "x2": -1.5458294763855434
                },
                "metrics": {
                    "outcome": -1.9132054426111034
                },
                "metadata": {
                    "trials": 1
                }
            },
            {
                "query": {
                    "x1": -0.5498530937827427,
                    "x2": -1.5499445253419102
                },
                "metrics": {
                    "outcome": -1.913210321369665
                },
                "metadata": {
                    "trials": 1
                }
            },
            {
                "query": {
                    "x1": -0.5374165867084013,
                    "x2": -1.5417620106329668
                },
                "metrics": {
                    "outcome": -1.9131035199665716
                },
                "metadata": {
                    "trials": 1
                }
            },
            {
                "query": {
                    "x1": -0.5559715807486403,
                    "x2": -1.5535745493749098
                },
                "metrics": {
                    "outcome": -1.9131181013084406
                },
                "metadata": {
                    "trials": 1
                }
            },
            {
                "query": {
                    "x1": -0.5492257121228663,
                    "x2": -1.541608620053929
                },
                "metrics": {
                    "outcome": -1.9131594409283261
                },
                "metadata": {
                    "trials": 1
                }
            },
            {
                "query": {
                    "x1": -0.5626108182874332,
                    "x2": -1.5579651049385577
                },
                "metrics": {
                    "outcome": -1.912906082442872
                },
                "metadata": {
                    "trials": 1
                }
            }
        ],
        [
            {
                "query": {
                    "x1": -0.5455011816836819,
                    "x2": -1.5479106176924022
                },
                "metrics": {
                    "outcome": -1.9132167308465515
                },
                "metadata": {
                    "trials": 1
                }
            },
            {
                "query": {
                    "x1": -0.5546172610808138,
                    "x2": -1.5532113261116638
                },
                "metrics": {
                    "outcome": -1.9131430406880634
                },
                "metadata": {
                    "trials": 1
                }
            },
            {
                "query": {
                    "x1": -0.5370149193975128,
                    "x2": -1.5418163918065737
                },
                "metrics": {
                    "outcome": -1.9130946994367126
                },
                "metadata": {
                    "trials": 1
                }
            },
            {
                "query": {
                    "x1": -0.5638727868847853,
                    "x2": -1.5589652702642842
                },
                "metrics": {
                    "outcome": -1.9128505043320407
                },
                "metadata": {
                    "trials": 1
                }
            },
            {
                "query": {
                    "x1": -0.5524982065027019,
                    "x2": -1.5400661575627477
                },
                "metrics": {
                    "outcome": -1.913066947342676
                },
                "metadata": {
                    "trials": 1
                }
            },
            {
                "query": {
                    "x1": -0.5455771315994427,
                    "x2": -1.5597839483558296
                },
                "metrics": {
                    "outcome": -1.9129691608195962
                },
                "metadata": {
                    "trials": 1
                }
            }
        ],
        [
            {
                "query": {
                    "x1": -0.5465388631121489,
                    "x2": -1.5480543892973007
                },
                "metrics": {
                    "outcome": -1.9132206411605033
                },
                "metadata": {
                    "trials": 1
                }
            },
            {
                "query": {
                    "x1": -0.5267938681301324,
                    "x2": -1.5368406463481654
                },
                "metrics": {
                    "outcome": -1.9127099015610227
                },
                "metadata": {
                    "trials": 1
                }
            },
            {
                "query": {
                    "x1": -0.5658534970953037,
                    "x2": -1.5598768926530526
                },
                "metrics": {
                    "outcome": -1.9127646585806817
                },
                "metadata": {
                    "trials": 1
                }
            },
            {
                "query": {
                    "x1": -0.5574969978001988,
                    "x2": -1.5233270603205118
                },
                "metrics": {
                    "outcome": -1.9119754139408722
                },
                "metadata": {
                    "trials": 1
                }
            },
            {
                "query": {
                    "x1": -0.539229385794219,
                    "x2": -1.5762021114379312
                },
                "metrics": {
                    "outcome": -1.9116651342871824
                },
                "metadata": {
                    "trials": 1
                }
            },
            {
                "query": {
                    "x1": -0.49855293465035544,
                    "x2": -1.5166624785077756
                },
                "metrics": {
                    "outcome": -1.9101403229373415
                },
                "metadata": {
                    "trials": 1
                }
            }
        ],
        [
            {
                "query": {
                    "x1": 3.9998624524479567,
                    "x2": -1.547990663561818
                },
                "metrics": {
                    "outcome": 22.545225734684312
                },
                "metadata": {
                    "trials": 1
                }
            },
            {
                "query": {
                    "x1": 3.8415928135073534,
                    "x2": -1.5479833187064738
                },
                "metrics": {
                    "outcome": 21.165131164765413
                },
                "metadata": {
                    "trials": 1
                }
            },
            {
                "query": {
                    "x1": 3.68595852589927,
                    "x2": -1.547977075786911
                },
                "metrics": {
                    "outcome": 19.838618039697405
                },
                "metadata": {
                    "trials": 1
                }
            },
            {
                "query": {
                    "x1": 3.5329633461251904,
                    "x2": -1.5479710313027117
                },
                "metrics": {
                    "outcome": 18.56196174449329
                },
                "metadata": {
                    "trials": 1
                }
            },
            {
                "query": {
                    "x1": 3.3826138366473995,
                    "x2": -1.54796542132237
                },
                "metrics": {
                    "outcome": 17.332170024461497
                },
                "metadata": {
                    "trials": 1
                }
            },
            {
                "query": {
                    "x1": 3.2349133550255216,
                    "x2": -1.5479604811103953
                },
                "metrics": {
                    "outcome": 16.146872307088035
                },
                "metadata": {
                    "trials": 1
                }
            }
        ],
        [
            {
                "query": {
                    "x1": -0.5499350479504339,
                    "x2": 4.0
                },
                "metrics": {
                    "outcome": 32.22320811292937
                },
                "metadata": {
                    "trials": 1
                }
            },
            {
                "query": {
                    "x1": -0.5499394977736205,
                    "x2": 3.9422854801740117
                },
                "metrics": {
                    "outcome": 31.612574400965762
                },
                "metadata": {
                    "trials": 1
                }
            },
            {
                "query": {
                    "x1": -0.5499434831313427,
                    "x2": 3.884859143596798
                },
                "metrics": {
                    "outcome": 31.012416368652076
                },
                "metadata": {
                    "trials": 1
                }
            },
            {
                "query": {
                    "x1": -0.5499465518059726,
                    "x2": 3.8277190325443184
                },
                "metrics": {
                    "outcome": 30.422414068120837
                },
                "metadata": {
                    "trials": 1
                }
            },
            {
                "query": {
                    "x1": -0.5499512452572601,
                    "x2": 3.770867490331293
                },
                "metrics": {
                    "outcome": 29.842329708950885
                },
                "metadata": {
                    "trials": 1
                }
            },
            {
                "query": {
                    "x1": -0.549955318437053,
                    "x2": 3.714303309496378
                },
                "metrics": {
                    "outcome": 29.271839523586902
                },
                "metadata": {
                    "trials": 1
                }
            }
        ],
        [
            {
                "query": {
                    "x1": -0.6289516567418917,
                    "x2": -1.6702376070198672
                },
                "metrics": {
                    "outcome": -1.8941352433497038
                },
                "metadata": {
                    "trials": 1
                }
            },
            {
                "query": {
                    "x1": -0.6040736418915665,
                    "x2": -1.6420244692363553
                },
                "metrics": {
                    "outcome": -1.902127121632211
                },
                "metadata": {
                    "trials": 1
                }
            },
            {
                "query": {
                    "x1": -0.6641885222995484,
                    "x2": -1.5404855302554437
                },
                "metrics": {
                    "outcome": -1.8927714932209696
                },
                "metadata": {
                    "trials": 1
                }
            },
            {
                "query": {
                    "x1": -0.44740291897571294,
                    "x2": -1.5652797338730782
                },
                "metrics": {
                    "outcome": -1.8963929762651976
                },
                "metadata": {
                    "trials": 1
                }
            },
            {
                "query": {
                    "x1": -0.63504178338637,
                    "x2": -1.5399004245699213
                },
                "metrics": {
                    "outcome": -1.9014068137826055
                },
                "metadata": {
                    "trials": 1
                }
            },
            {
                "query": {
                    "x1": -0.6571896852494641,
                    "x2": -1.6907034549055653
                },
                "metrics": {
                    "outcome": -1.885775687916333
                },
                "metadata": {
                    "trials": 1
                }
            }
        ],
        [
            {
                "query": {
                    "x1": -0.5404047674153856,
                    "x2": -1.5451386994145269
                },
                "metrics": {
                    "outcome": -1.9131665601217445
                },
                "metadata": {
                    "trials": 1
                }
            },
            {
                "query": {
                    "x1": -0.5434442318691228,
                    "x2": -1.547234907386989
                },
                "metrics": {
                    "outcome": -1.9132026022862703
                },
                "metadata": {
                    "trials": 1
                }
            },
            {
                "query": {
                    "x1": -0.5433737275400701,
                    "x2": -1.543078455074891
                },
                "metrics": {
                    "outcome": -1.9131955074187186
                },
                "metadata": {
                    "trials": 1
                }
            },
            {
                "query": {
                    "x1": -0.5374482804950973,
                    "x2": -1.542999092404592
                },
                "metrics": {
                    "outcome": -1.9131076807946013
                },
                "metadata": {
                    "trials": 1
                }
            },
            {
                "query": {
                    "x1": -0.5403463339388825,
                    "x2": -1.549373731361963
                },
                "metrics": {
                    "outcome": -1.9131319886658504
                },
                "metadata": {
                    "trials": 1
                }
            },
            {
                "query": {
                    "x1": -0.5463747235518386,
                    "x2": -1.5488432918817852
                },
                "metrics": {
                    "outcome": -1.9132165679678081
                },
                "metadata": {
                    "trials": 1
                }
            }
        ],
        [
            {
                "query": {
                    "x1": -0.5432331709882092,
                    "x2": -1.5453245672500966
                },
                "metrics": {
                    "outcome": -1.9132038096790485
                },
                "metadata": {
                    "trials": 1
                }
            },
            {
                "query": {
                    "x1": -0.5459886595487657,
                    "x2": -1.5474895482466886
                },
                "metrics": {
                    "outcome": -1.9132203382180246
                },
                "metadata": {
                    "trials": 1
                }
            },
            {
                "query": {
                    "x1": -0.540595003856216,
                    "x2": -1.5431226368020954
                },
                "metrics": {
                    "outcome": -1.9131670980851512
                },
                "metadata": {
                    "trials": 1
                }
            },
            {
                "query": {
                    "x1": -0.5488208418912195,
                    "x2": -1.5490294164432903
                },
                "metrics": {
                    "outcome": -1.913217745570114
                },
                "metadata": {
                    "trials": 1
                }
            },
            {
                "query": {
                    "x1": -0.5406246388804966,
                    "x2": -1.5473927337814366
                },
                "metrics": {
                    "outcome": -1.913159513333445
                },
                "metadata": {
                    "trials": 1
                }
            },
            {
                "query": {
                    "x1": -0.543749894377707,
                    "x2": -1.541436391091887
                },
                "metrics": {
                    "outcome": -1.913180817388941
                },
                "metadata": {
                    "trials": 1
                }
            }
        ],
        [
            {
                "query": {
                    "x1": -0.548881448380464,
                    "x2": -1.5482512771909427
                },
                "metrics": {
                    "outcome": -1.9132193143284888
                },
                "metadata": {
                    "trials": 1
                }
            },
            {
                "query": {
                    "x1": -0.5461551115407831,
                    "x2": -1.5461553173102103
                },
                "metrics": {
                    "outcome": -1.9132210724124836
                },
                "metadata": {
                    "trials": 1
                }
            },
            {
                "query": {
                    "x1": -0.551562288769088,
                    "x2": -1.5502394561611987
                },
                "metrics": {
                    "outcome": -1.9131974846991682
                },
                "metadata": {
                    "trials": 1
                }
            },
            {
                "query": {
                    "x1": -0.5441500507537141,
                    "x2": -1.5432278422306243
                },
                "metrics": {
                    "outcome": -1.9132007537282414
                },
                "metadata": {
                    "trials": 1
                }
            },
            {
                "query": {
                    "x1": -0.546133949530439,
                    "x2": -1.5500139621079436
                },
                "metrics": {
                    "outcome": -1.9132065705701913
                },
                "metadata": {
                    "trials": 1
                }
            },
            {
                "query": {
                    "x1": -0.5513268761067973,
                    "x2": -1.5460432040533707
                },
                "metrics": {
                    "outcome": -1.9131912076118986
                },
                "metadata": {
                    "trials": 1
                }
            }
        ],
        [
            {
                "query": {
                    "x1": -0.5487718078504072,
                    "x2": -1.5470891666166053
                },
                "metrics": {
                    "outcome": -1.9132191935127287
                },
                "metadata": {
                    "trials": 1
                }
            },
            {
                "query": {
                    "x1": -0.5460574190576568,
                    "x2": -1.5444521882401079
                },
                "metrics": {
                    "outcome": -1.91321383611099
                },
                "metadata": {
                    "trials": 1
                }
            },
            {
                "query": {
                    "x1": -0.5433225754792956,
                    "x2": -1.542358210531674
                },
                "metrics": {
                    "outcome": -1.9131890873571789
                },
                "metadata": {
                    "trials": 1
                }
            },
            {
                "query": {
                    "x1": -0.5512591895640949,
                    "x2": -1.5495499575661942
                },
                "metrics": {
                    "outcome": -1.9132022414279906
                },
                "metadata": {
                    "trials": 1
                }
            },
            {
                "query": {
                    "x1": -0.5481290768364424,
                    "x2": -1.5508459810859963
                },
                "metrics": {
                    "outcome": -1.9132064985627109
                },
                "metadata": {
                    "trials": 1
                }
            },
            {
                "query": {
                    "x1": -0.5434255313484312,
                    "x2": -1.5465465429465957
                },
                "metrics": {
                    "outcome": -1.9132047359663789
                },
                "metadata": {
                    "trials": 1
                }
            }
        ],
        [
            {
                "query": {
                    "x1": -0.5569702710369837,
                    "x2": -1.554673102775044
                },
                "metrics": {
                    "outcome": -1.9130892862836593
                },
                "metadata": {
                    "trials": 1
                }
            },
            {
                "query": {
                    "x1": -0.5534894057100271,
                    "x2": -1.5518865049652883
                },
                "metrics": {
                    "outcome": -1.913168284680586
                },
                "metadata": {
                    "trials": 1
                }
            },
            {
                "query": {
                    "x1": -0.560448075575843,
                    "x2": -1.5573850822218098
                },
                "metrics": {
                    "outcome": -1.912976784617701
                },
                "metadata": {
                    "trials": 1
                }
            },
            {
                "query": {
                    "x1": -0.556559133737503,
                    "x2": -1.5495819646750764
                },
                "metrics": {
                    "outcome": -1.9131146677475006
                },
                "metadata": {
                    "trials": 1
                }
            },
            {
                "query": {
                    "x1": -0.5507508216493461,
                    "x2": -1.5489745726591608
                },
                "metrics": {
                    "outcome": -1.9132075098079917
                },
                "metadata": {
                    "trials": 1
                }
            },
            {
                "query": {
                    "x1": -0.5534312322655752,
                    "x2": -1.5469263466399288
                },
                "metrics": {
                    "outcome": -1.9131652650648108
                },
                "metadata": {
                    "trials": 1
                }
            }
        ],
        [
            {
                "query": {
                    "x1": -0.5453794586567671,
                    "x2": -1.4946964674896488
                },
                "metrics": {
                    "outcome": -1.909363513868596
                },
                "metadata": {
                    "trials": 1
                }
            },
            {
                "query": {
                    "x1": -0.5480969755603067,
                    "x2": -1.513088865923795
                },
                "metrics": {
                    "outcome": -1.9115168289854059
                },
                "metadata": {
                    "trials": 1
                }
            },
            {
                "query": {
                    "x1": -0.5419762710700293,
                    "x2": -1.4764998912624792
                },
                "metrics": {
                    "outcome": -1.9064047942496622
                },
                "metadata": {
                    "trials": 1
                }
            },
            {
                "query": {
                    "x1": -0.5376915783827105,
                    "x2": -1.5102070388244648
                },
                "metrics": {
                    "outcome": -1.9115232076181319
                },
                "metadata": {
                    "trials": 1
                }
            },
            {
                "query": {
                    "x1": -0.5569500567107132,
                    "x2": -1.5055673404685284
                },
                "metrics": {
                    "outcome": -1.910140087021575
                },
                "metadata": {
                    "trials": 1
                }
            },
            {
                "query": {
                    "x1": -0.5585336119576607,
                    "x2": -1.4881746050818654
                },
                "metrics": {
                    "outcome": -1.9072790281407976
                },
                "metadata": {
                    "trials": 1
                }
            }
        ],
        [
            {
                "query": {
                    "x1": -0.42243738262145847,
                    "x2": -1.443044366134694
                },
                "metrics": {
                    "outcome": -1.8892097819576485
                },
                "metadata": {
                    "trials": 1
                }
            },
            {
                "query": {
                    "x1": -0.4467519911198201,
                    "x2": -1.4654429746453723
                },
                "metrics": {
                    "outcome": -1.8980354455507702
                },
                "metadata": {
                    "trials": 1
                }
            },
            {
                "query": {
                    "x1": -0.3987003186724487,
                    "x2": -1.4222881963401552
                },
                "metrics": {
                    "outcome": -1.8788027252243644
                },
                "metadata": {
                    "trials": 1
                }
            },
            {
                "query": {
                    "x1": -0.46490490530045236,
                    "x2": -1.4831579947083764
                },
                "metrics": {
                    "outcome": -1.9033733236786277
                },
                "metadata": {
                    "trials": 1
                }
            },
            {
                "query": {
                    "x1": -0.47902239051587503,
                    "x2": -1.4974570137812702
                },
                "metrics": {
                    "outcome": -1.906732904225442
                },
                "metadata": {
                    "trials": 1
                }
            },
            {
                "query": {
                    "x1": -0.4502157571463461,
                    "x2": -1.4384078990214602
                },
                "metrics": {
                    "outcome": -1.8940890292107575
                },
                "metadata": {
                    "trials": 1
                }
            }
        ],
        [
            {
                "query": {
                    "x1": -0.5584004614259453,
                    "x2": -1.569478122723752
                },
                "metrics": {
                    "outcome": -1.9126179444986677
                },
                "metadata": {
                    "trials": 1
                }
            },
            {
                "query": {
                    "x1": -0.5546901284698782,
                    "x2": -1.5667906766320536
                },
                "metrics": {
                    "outcome": -1.912760533594656
                },
                "metadata": {
                    "trials": 1
                }
            },
            {
                "query": {
                    "x1": -0.5622367713982251,
                    "x2": -1.571830882215842
                },
                "metrics": {
                    "outcome": -1.9124546768223865
                },
                "metadata": {
                    "trials": 1
                }
            },
            {
                "query": {
                    "x1": -0.558437409597389,
                    "x2": -1.5641776964294152
                },
                "metrics": {
                    "outcome": -1.9128470619701288
                },
                "metadata": {
                    "trials": 1
                }
            },
            {
                "query": {
                    "x1": -0.5516769274150314,
                    "x2": -1.5637177394149733
                },
                "metrics": {
                    "outcome": -1.9128878018491946
                },
                "metadata": {
                    "trials": 1
                }
            },
            {
                "query": {
                    "x1": -0.5511260106189675,
                    "x2": -1.5684479924382215
                },
                "metrics": {
                    "outcome": -1.9126497285143351
                },
                "metadata": {
                    "trials": 1
                }
            }
        ],
        [
            {
                "query": {
                    "x1": -0.5274003964066404,
                    "x2": -1.5694376236090128
                },
                "metrics": {
                    "outcome": -1.9114532435730287
                },
                "metadata": {
                    "trials": 1
                }
            },
            {
                "query": {
                    "x1": -0.609473348115353,
                    "x2": -1.578233898750371
                },
                "metrics": {
                    "outcome": -1.9085471549169424
                },
                "metadata": {
                    "trials": 1
                }
            },
            {
                "query": {
                    "x1": -0.45474426888451003,
                    "x2": -1.6188096773100293
                },
                "metrics": {
                    "outcome": -1.8861166684847648
                },
                "metadata": {
                    "trials": 1
                }
            },
            {
                "query": {
                    "x1": -0.6249151961806776,
                    "x2": -1.4587348599255945
                },
                "metrics": {
                    "outcome": -1.8855569540000539
                },
                "metadata": {
                    "trials": 1
                }
            },
            {
                "query": {
                    "x1": -0.6783212769761462,
                    "x2": -1.6634786414868044
                },
                "metrics": {
                    "outcome": -1.8878913280676692
                },
                "metadata": {
                    "trials": 1
                }
            },
            {
                "query": {
                    "x1": -0.4732934489846372,
                    "x2": -1.3596348460247272
                },
                "metrics": {
                    "outcome": -1.869385564202628
                },
                "metadata": {
                    "trials": 1
                }
            }
        ],
        [
            {
                "query": {
                    "x1": -0.5441706066328362,
                    "x2": -1.5438791131052143
                },
                "metrics": {
                    "outcome": -1.913205414008373
                },
                "metadata": {
                    "trials": 1
                }
            },
            {
                "query": {
                    "x1": -0.5661008913113752,
                    "x2": -1.5566054422662206
                },
                "metrics": {
                    "outcome": -1.9127876346923296
                },
                "metadata": {
                    "trials": 1
                }
            },
            {
                "query": {
                    "x1": -0.5220878123868166,
                    "x2": -1.5329186570723734
                },
                "metrics": {
                    "outcome": -1.9124288387328043
                },
                "metadata": {
                    "trials": 1
                }
            },
            {
                "query": {
                    "x1": -0.5409267837566272,
                    "x2": -1.573798516899641
                },
                "metrics": {
                    "outcome": -1.911964139031432
                },
                "metadata": {
                    "trials": 1
                }
            },
            {
                "query": {
                    "x1": -0.5585429898080457,
                    "x2": -1.521231868466319
                },
                "metrics": {
                    "outcome": -1.9117380193007008
                },
                "metadata": {
                    "trials": 1
                }
            },
            {
                "query": {
                    "x1": -0.5786714118193954,
                    "x2": -1.5889469088180599
                },
                "metrics": {
                    "outcome": -1.9108294557993921
                },
                "metadata": {
                    "trials": 1
                }
            }
        ]
    ],
    "best_results": [
        {
            "query": {
                "x1": -0.5473107359712639,
                "x2": -1.5467691016534157
            },
            "metrics": [
                {
                    "name": "outcome",
                    "value": -1.9132226185727474
                }
            ]
        }
    ]
}