{
    "date": "10/11/2022 10:02:33",
    "basic_params": {
        "active_variables": [
            "x1",
            "x2"
        ],
        "default_query": {},
        "metric": "basic",
        "n_trials": 1
    },
    "objective_function": {
        "name": "McCormick",
        "params": {}
    },
    "optimizer": {
        "name": "BO-MCMC-250-LCB",
        "params": {
            "lower_bound": [
                -1.5,
                -3.0
            ],
            "upper_bound": [
                4.0,
                4.0
            ],
            "invert_metric": false,
            "bopt_params": {
                "n_init_samples": 15,
                "n_iterations": 45,
                "n_iter_relearn": 5,
                "verbose_level": 0,
                "n_parallel_samples": 3,
                "par_type": "PAR_MCMC",
                "l_type": "L_MCMC",
                "burnout_mcmc_parallel": 250,
                "crit_name": "cLCBnorm",
                "n_crit_params": 1,
                "crit_params": [
                    2.0
                ]
            }
        }
    },
    "execution_time": 35.22386312484741,
    "best_results": [
        {
            "query": {
                "x1": -0.6150324428579679,
                "x2": -1.80879594386095
            },
            "metrics": [
                {
                    "name": "outcome",
                    "value": -1.8320720874676506
                }
            ]
        }
    ],
    "iterations": [
        [
            {
                "query": {
                    "x1": 2.1290060394831625,
                    "x2": 2.128690028532098
                },
                "metrics": {
                    "outcome": 2.2298201727055815
                },
                "metadata": {
                    "trials": 1
                }
            }
        ],
        [
            {
                "query": {
                    "x1": -0.08249840054971469,
                    "x2": -0.7987643097216885
                },
                "metrics": {
                    "outcome": -1.1316691223697832
                },
                "metadata": {
                    "trials": 1
                }
            }
        ],
        [
            {
                "query": {
                    "x1": 3.070634972979315,
                    "x2": -2.2755995326675476
                },
                "metrics": {
                    "outcome": 20.00116052102846
                },
                "metadata": {
                    "trials": 1
                }
            }
        ],
        [
            {
                "query": {
                    "x1": 0.7067473117106902,
                    "x2": 0.7277186304020384
                },
                "metrics": {
                    "outcome": 2.7503368021063515
                },
                "metadata": {
                    "trials": 1
                }
            }
        ],
        [
            {
                "query": {
                    "x1": -0.7293571087997406,
                    "x2": -1.417860342003405
                },
                "metrics": {
                    "outcome": -1.8149970882667432
                },
                "metadata": {
                    "trials": 1
                }
            }
        ],
        [
            {
                "query": {
                    "x1": 3.4478772847680377,
                    "x2": -1.8790305118386943
                },
                "metrics": {
                    "outcome": 20.506552566421263
                },
                "metadata": {
                    "trials": 1
                }
            }
        ],
        [
            {
                "query": {
                    "x1": 0.5361600269330666,
                    "x2": 0.11824426172922031
                },
                "metrics": {
                    "outcome": 1.2747109083578283
                },
                "metadata": {
                    "trials": 1
                }
            }
        ],
        [
            {
                "query": {
                    "x1": -1.126298680397061,
                    "x2": -0.2334367887116966
                },
                "metrics": {
                    "outcome": 1.9252491883089424
                },
                "metadata": {
                    "trials": 1
                }
            }
        ],
        [
            {
                "query": {
                    "x1": 2.2835338074248286,
                    "x2": -2.5668175106402487
                },
                "metrics": {
                    "outcome": 14.404053447121683
                },
                "metadata": {
                    "trials": 1
                }
            }
        ],
        [
            {
                "query": {
                    "x1": 1.5052448652296637,
                    "x2": 2.242625594713415
                },
                "metrics": {
                    "outcome": 4.322614419108384
                },
                "metadata": {
                    "trials": 1
                }
            }
        ],
        [
            {
                "query": {
                    "x1": 3.871338642512759,
                    "x2": 2.603994924823443
                },
                "metrics": {
                    "outcome": 3.500107505188053
                },
                "metadata": {
                    "trials": 1
                }
            }
        ],
        [
            {
                "query": {
                    "x1": 0.08666418103966844,
                    "x2": 0.8041498248310139
                },
                "metrics": {
                    "outcome": 4.172747774673651
                },
                "metadata": {
                    "trials": 1
                }
            }
        ],
        [
            {
                "query": {
                    "x1": 1.2249691221009318,
                    "x2": 3.566123022558167
                },
                "metrics": {
                    "outcome": 12.561950954568351
                },
                "metadata": {
                    "trials": 1
                }
            }
        ],
        [
            {
                "query": {
                    "x1": 2.538265259858841,
                    "x2": 1.585869786779707
                },
                "metrics": {
                    "outcome": 1.2324228591527944
                },
                "metadata": {
                    "trials": 1
                }
            }
        ],
        [
            {
                "query": {
                    "x1": -1.441984471391576,
                    "x2": 3.1206339788002273
                },
                "metrics": {
                    "outcome": 32.77623825759049
                },
                "metadata": {
                    "trials": 1
                }
            }
        ],
        [
            {
                "query": {
                    "x1": 3.9030183174287396,
                    "x2": 3.5100518760430965
                },
                "metrics": {
                    "outcome": 4.979387907014165
                },
                "metadata": {
                    "trials": 1
                }
            },
            {
                "query": {
                    "x1": -0.5655881154333369,
                    "x2": -0.6270041472467289
                },
                "metrics": {
                    "outcome": -0.6446855529526712
                },
                "metadata": {
                    "trials": 1
                }
            },
            {
                "query": {
                    "x1": -0.16721369373100825,
                    "x2": 0.5444999228706218
                },
                "metrics": {
                    "outcome": 3.4870055434777014
                },
                "metadata": {
                    "trials": 1
                }
            }
        ],
        [
            {
                "query": {
                    "x1": -1.497303591345717,
                    "x2": 0.43981267603645424
                },
                "metrics": {
                    "outcome": 7.226780394248792
                },
                "metadata": {
                    "trials": 1
                }
            },
            {
                "query": {
                    "x1": -0.12417844688584179,
                    "x2": 2.906714164118811
                },
                "metrics": {
                    "outcome": 17.990754566555246
                },
                "metadata": {
                    "trials": 1
                }
            },
            {
                "query": {
                    "x1": 2.128495451922983,
                    "x2": -0.47401085123667475
                },
                "metrics": {
                    "outcome": 4.391768931780472
                },
                "metadata": {
                    "trials": 1
                }
            }
        ],
        [
            {
                "query": {
                    "x1": 0.9594870061016652,
                    "x2": 3.03218506476479
                },
                "metrics": {
                    "outcome": 10.685976578310239
                },
                "metadata": {
                    "trials": 1
                }
            },
            {
                "query": {
                    "x1": 2.3727853869683613,
                    "x2": 2.9100487557401484
                },
                "metrics": {
                    "outcome": 4.162935068428002
                },
                "metadata": {
                    "trials": 1
                }
            },
            {
                "query": {
                    "x1": -0.9446649833452881,
                    "x2": 0.8599491363244045
                },
                "metrics": {
                    "outcome": 7.738887884455751
                },
                "metadata": {
                    "trials": 1
                }
            }
        ],
        [
            {
                "query": {
                    "x1": 0.9008525649551302,
                    "x2": -2.337217265041545
                },
                "metrics": {
                    "outcome": 3.299796545214077
                },
                "metadata": {
                    "trials": 1
                }
            },
            {
                "query": {
                    "x1": 2.528175795217976,
                    "x2": 3.8910549238789827
                },
                "metrics": {
                    "outcome": 8.928439273543589
                },
                "metadata": {
                    "trials": 1
                }
            },
            {
                "query": {
                    "x1": 3.1096759882880995,
                    "x2": -1.7876570925807491
                },
                "metrics": {
                    "outcome": 16.819428757008673
                },
                "metadata": {
                    "trials": 1
                }
            }
        ],
        [
            {
                "query": {
                    "x1": 1.339226165204309,
                    "x2": -0.33496629749424756
                },
                "metrics": {
                    "outcome": 1.8004303699542126
                },
                "metadata": {
                    "trials": 1
                }
            },
            {
                "query": {
                    "x1": 3.5362454160493986,
                    "x2": 2.3833407944868537
                },
                "metrics": {
                    "outcome": 2.6275326010327538
                },
                "metadata": {
                    "trials": 1
                }
            },
            {
                "query": {
                    "x1": 3.768280921620317,
                    "x2": 2.6964267385192215
                },
                "metrics": {
                    "outcome": 3.418043976448324
                },
                "metadata": {
                    "trials": 1
                }
            }
        ],
        [
            {
                "query": {
                    "x1": 2.9241481601493433,
                    "x2": 1.082640769192949
                },
                "metrics": {
                    "outcome": 1.9503065924083098
                },
                "metadata": {
                    "trials": 1
                }
            },
            {
                "query": {
                    "x1": -0.3766437585626279,
                    "x2": -2.1445190828470464
                },
                "metrics": {
                    "outcome": -1.2523338287904968
                },
                "metadata": {
                    "trials": 1
                }
            },
            {
                "query": {
                    "x1": 2.5150902885615967,
                    "x2": -0.869227108736677
                },
                "metrics": {
                    "outcome": 7.505084847577534
                },
                "metadata": {
                    "trials": 1
                }
            }
        ],
        [
            {
                "query": {
                    "x1": 0.8824799759415676,
                    "x2": 0.16635151645661672
                },
                "metrics": {
                    "outcome": 1.4718400156937905
                },
                "metadata": {
                    "trials": 1
                }
            },
            {
                "query": {
                    "x1": -0.6219936078868836,
                    "x2": -1.8241549299961233
                },
                "metrics": {
                    "outcome": -1.8229315498626883
                },
                "metadata": {
                    "trials": 1
                }
            },
            {
                "query": {
                    "x1": 0.31347873666169224,
                    "x2": 0.7140448330120699
                },
                "metrics": {
                    "outcome": 3.331368623794047
                },
                "metadata": {
                    "trials": 1
                }
            }
        ],
        [
            {
                "query": {
                    "x1": 0.23093159135896713,
                    "x2": -0.48566308966837823
                },
                "metrics": {
                    "outcome": -0.2990327546468161
                },
                "metadata": {
                    "trials": 1
                }
            },
            {
                "query": {
                    "x1": 3.694422550848685,
                    "x2": 0.05417884676717222
                },
                "metrics": {
                    "outcome": 8.27477439191922
                },
                "metadata": {
                    "trials": 1
                }
            },
            {
                "query": {
                    "x1": 1.6829023557947949,
                    "x2": 0.3271419354714453
                },
                "metrics": {
                    "outcome": 2.0366593512578195
                },
                "metadata": {
                    "trials": 1
                }
            }
        ],
        [
            {
                "query": {
                    "x1": 3.309737385058476,
                    "x2": 1.028797487086667
                },
                "metrics": {
                    "outcome": 2.8791477387047673
                },
                "metadata": {
                    "trials": 1
                }
            },
            {
                "query": {
                    "x1": 1.8173946391325444,
                    "x2": 1.5110790103208274
                },
                "metrics": {
                    "outcome": 1.9596397255129085
                },
                "metadata": {
                    "trials": 1
                }
            },
            {
                "query": {
                    "x1": 1.6965318937499112,
                    "x2": -2.368093130076759
                },
                "metrics": {
                    "outcome": 8.433936957916968
                },
                "metadata": {
                    "trials": 1
                }
            }
        ],
        [
            {
                "query": {
                    "x1": -0.23907494379176875,
                    "x2": -1.988902579965993
                },
                "metrics": {
                    "outcome": -1.3434646242623667
                },
                "metadata": {
                    "trials": 1
                }
            },
            {
                "query": {
                    "x1": 0.10289217022856412,
                    "x2": -0.7231601452762622
                },
                "metrics": {
                    "outcome": -0.8611294293733067
                },
                "metadata": {
                    "trials": 1
                }
            },
            {
                "query": {
                    "x1": 3.1560817068675533,
                    "x2": 3.6287584903184325
                },
                "metrics": {
                    "outcome": 6.042074191169146
                },
                "metadata": {
                    "trials": 1
                }
            }
        ],
        [
            {
                "query": {
                    "x1": 0.0667038055225262,
                    "x2": -1.648341340313335
                },
                "metrics": {
                    "outcome": -1.2794704414921405
                },
                "metadata": {
                    "trials": 1
                }
            },
            {
                "query": {
                    "x1": 3.776089172883845,
                    "x2": -1.196091004925639
                },
                "metrics": {
                    "outcome": 17.600750907171324
                },
                "metadata": {
                    "trials": 1
                }
            },
            {
                "query": {
                    "x1": 1.9876883398973075,
                    "x2": -1.5174454773251667
                },
                "metrics": {
                    "outcome": 6.9639196740662435
                },
                "metadata": {
                    "trials": 1
                }
            }
        ],
        [
            {
                "query": {
                    "x1": -0.38049093864666306,
                    "x2": -2.949179849344322
                },
                "metrics": {
                    "outcome": 0.98292077174984
                },
                "metadata": {
                    "trials": 1
                }
            },
            {
                "query": {
                    "x1": -1.1644333567237481,
                    "x2": 0.8522646292112768
                },
                "metrics": {
                    "outcome": 8.637259105152632
                },
                "metadata": {
                    "trials": 1
                }
            },
            {
                "query": {
                    "x1": 0.09001365455333143,
                    "x2": -2.387495213886723
                },
                "metrics": {
                    "outcome": 0.2869108544547725
                },
                "metadata": {
                    "trials": 1
                }
            }
        ],
        [
            {
                "query": {
                    "x1": -0.8146498902572221,
                    "x2": -0.11645556167698512
                },
                "metrics": {
                    "outcome": 1.6160309239730932
                },
                "metadata": {
                    "trials": 1
                }
            },
            {
                "query": {
                    "x1": 1.3518950139089583,
                    "x2": 2.3394386305316077
                },
                "metrics": {
                    "outcome": 5.27353005044818
                },
                "metadata": {
                    "trials": 1
                }
            },
            {
                "query": {
                    "x1": 2.4389559656410826,
                    "x2": 1.0684495255917152
                },
                "metrics": {
                    "outcome": 1.533269300303946
                },
                "metadata": {
                    "trials": 1
                }
            }
        ],
        [
            {
                "query": {
                    "x1": 3.568612093479312,
                    "x2": 0.8264448233095925
                },
                "metrics": {
                    "outcome": 4.282603973251721
                },
                "metadata": {
                    "trials": 1
                }
            },
            {
                "query": {
                    "x1": 1.842593655997729,
                    "x2": 0.5293594003182869
                },
                "metrics": {
                    "outcome": 1.9799686835489616
                },
                "metadata": {
                    "trials": 1
                }
            },
            {
                "query": {
                    "x1": -0.14843459508847445,
                    "x2": -0.6635879084933549
                },
                "metrics": {
                    "outcome": -0.896615147403039
                },
                "metadata": {
                    "trials": 1
                }
            }
        ],
        [
            {
                "query": {
                    "x1": 1.23113432315357,
                    "x2": -2.474877020062404
                },
                "metrics": {
                    "outcome": 5.753633054657237
                },
                "metadata": {
                    "trials": 1
                }
            },
            {
                "query": {
                    "x1": 2.3473746194822454,
                    "x2": -2.646079106940193
                },
                "metrics": {
                    "outcome": 15.504038112737826
                },
                "metadata": {
                    "trials": 1
                }
            },
            {
                "query": {
                    "x1": 3.8056775521951813,
                    "x2": 0.221698686242358
                },
                "metrics": {
                    "outcome": 7.916223913366613
                },
                "metadata": {
                    "trials": 1
                }
            }
        ],
        [
            {
                "query": {
                    "x1": 0.46391831848063037,
                    "x2": 3.0903717238599473
                },
                "metrics": {
                    "outcome": 14.527227616303563
                },
                "metadata": {
                    "trials": 1
                }
            },
            {
                "query": {
                    "x1": 2.4886004347167523,
                    "x2": 0.689844499986636
                },
                "metrics": {
                    "outcome": 2.1903895703945144
                },
                "metadata": {
                    "trials": 1
                }
            },
            {
                "query": {
                    "x1": 1.1781101421562754,
                    "x2": -2.244099273935449
                },
                "metrics": {
                    "outcome": 4.458836150869041
                },
                "metadata": {
                    "trials": 1
                }
            }
        ],
        [
            {
                "query": {
                    "x1": 3.352302475159197,
                    "x2": 2.2229848612453234
                },
                "metrics": {
                    "outcome": 2.154128480173564
                },
                "metadata": {
                    "trials": 1
                }
            },
            {
                "query": {
                    "x1": 0.2319377635793507,
                    "x2": 2.509743624385429
                },
                "metrics": {
                    "outcome": 12.504188566121098
                },
                "metadata": {
                    "trials": 1
                }
            },
            {
                "query": {
                    "x1": 0.7234298699762283,
                    "x2": 2.036810591425759
                },
                "metrics": {
                    "outcome": 7.1040264560711375
                },
                "metadata": {
                    "trials": 1
                }
            }
        ],
        [
            {
                "query": {
                    "x1": 1.9204444615632683,
                    "x2": -1.086734091075996
                },
                "metrics": {
                    "outcome": 5.186051252396834
                },
                "metadata": {
                    "trials": 1
                }
            },
            {
                "query": {
                    "x1": -1.0340356602031364,
                    "x2": -1.538346885964527
                },
                "metrics": {
                    "outcome": -1.5794507813028171
                },
                "metadata": {
                    "trials": 1
                }
            },
            {
                "query": {
                    "x1": 0.8180890808738743,
                    "x2": 1.5164340741576536
                },
                "metrics": {
                    "outcome": 4.773900784809723
                },
                "metadata": {
                    "trials": 1
                }
            }
        ],
        [
            {
                "query": {
                    "x1": 3.3414560500184853,
                    "x2": 1.7767213760113671
                },
                "metrics": {
                    "outcome": 1.9592225158970127
                },
                "metadata": {
                    "trials": 1
                }
            },
            {
                "query": {
                    "x1": 0.7076162317924051,
                    "x2": -1.0971740009268718
                },
                "metrics": {
                    "outcome": 0.07312907948707115
                },
                "metadata": {
                    "trials": 1
                }
            },
            {
                "query": {
                    "x1": -1.226222801883814,
                    "x2": -0.7000871814495442
                },
                "metrics": {
                    "outcome": 0.4284671172239707
                },
                "metadata": {
                    "trials": 1
                }
            }
        ],
        [
            {
                "query": {
                    "x1": 2.327049832841055,
                    "x2": -0.25188244612416577
                },
                "metrics": {
                    "outcome": 4.406089422117687
                },
                "metadata": {
                    "trials": 1
                }
            },
            {
                "query": {
                    "x1": 1.0134148287477651,
                    "x2": 3.789983795163608
                },
                "metrics": {
                    "outcome": 15.66831098994602
                },
                "metadata": {
                    "trials": 1
                }
            },
            {
                "query": {
                    "x1": 0.6508358283562901,
                    "x2": -2.341912977194827
                },
                "metrics": {
                    "outcome": 2.1327342487254786
                },
                "metadata": {
                    "trials": 1
                }
            }
        ],
        [
            {
                "query": {
                    "x1": 0.3784995474734292,
                    "x2": 1.2974682681177514
                },
                "metrics": {
                    "outcome": 5.514899433477037
                },
                "metadata": {
                    "trials": 1
                }
            },
            {
                "query": {
                    "x1": 0.3522856362497677,
                    "x2": 1.0681962574569859
                },
                "metrics": {
                    "outcome": 4.643314247589463
                },
                "metadata": {
                    "trials": 1
                }
            },
            {
                "query": {
                    "x1": 3.0199213500181896,
                    "x2": 0.42503175731698395
                },
                "metrics": {
                    "outcome": 3.9674204704736025
                },
                "metadata": {
                    "trials": 1
                }
            }
        ],
        [
            {
                "query": {
                    "x1": 3.4923050521106465,
                    "x2": 1.7296589941988278
                },
                "metrics": {
                    "outcome": 2.3196591608120074
                },
                "metadata": {
                    "trials": 1
                }
            },
            {
                "query": {
                    "x1": 1.4264868602571719,
                    "x2": -1.0035166871213197
                },
                "metrics": {
                    "outcome": 2.666865914780719
                },
                "metadata": {
                    "trials": 1
                }
            },
            {
                "query": {
                    "x1": 2.486111284176352,
                    "x2": 1.16501870140472
                },
                "metrics": {
                    "outcome": 1.4408920358176762
                },
                "metadata": {
                    "trials": 1
                }
            }
        ],
        [
            {
                "query": {
                    "x1": 3.2942409106014763,
                    "x2": -1.759897020904813
                },
                "metrics": {
                    "outcome": 18.202541996007003
                },
                "metadata": {
                    "trials": 1
                }
            },
            {
                "query": {
                    "x1": -0.6330591869237071,
                    "x2": -1.8752275524071838
                },
                "metrics": {
                    "outcome": -1.7873106557633958
                },
                "metadata": {
                    "trials": 1
                }
            },
            {
                "query": {
                    "x1": 0.3079075576110797,
                    "x2": 3.907199166825678
                },
                "metrics": {
                    "outcome": 22.38215439358648
                },
                "metadata": {
                    "trials": 1
                }
            }
        ],
        [
            {
                "query": {
                    "x1": 3.4183128175791353,
                    "x2": -0.950129943434149
                },
                "metrics": {
                    "outcome": 13.204153102184527
                },
                "metadata": {
                    "trials": 1
                }
            },
            {
                "query": {
                    "x1": -0.4073223667219281,
                    "x2": 1.9530270870309323
                },
                "metrics": {
                    "outcome": 13.064486033649196
                },
                "metadata": {
                    "trials": 1
                }
            },
            {
                "query": {
                    "x1": -0.904839848996101,
                    "x2": 0.29920465151318254
                },
                "metrics": {
                    "outcome": 3.9857101487387543
                },
                "metadata": {
                    "trials": 1
                }
            }
        ],
        [
            {
                "query": {
                    "x1": 1.2415111219962403,
                    "x2": 1.464726799914187
                },
                "metrics": {
                    "outcome": 3.271107626038452
                },
                "metadata": {
                    "trials": 1
                }
            },
            {
                "query": {
                    "x1": 3.6165659051020667,
                    "x2": -0.9337438791712662
                },
                "metrics": {
                    "outcome": 14.388956766876957
                },
                "metadata": {
                    "trials": 1
                }
            },
            {
                "query": {
                    "x1": -0.20230102742253453,
                    "x2": -1.1787776226549687
                },
                "metrics": {
                    "outcome": -1.6720434897106053
                },
                "metadata": {
                    "trials": 1
                }
            }
        ],
        [
            {
                "query": {
                    "x1": 1.0846209552024653,
                    "x2": 1.487449202535073
                },
                "metrics": {
                    "outcome": 3.7931921464038534
                },
                "metadata": {
                    "trials": 1
                }
            },
            {
                "query": {
                    "x1": 1.0766087842993732,
                    "x2": -1.0054729026326616
                },
                "metrics": {
                    "outcome": 1.277544619892629
                },
                "metadata": {
                    "trials": 1
                }
            },
            {
                "query": {
                    "x1": 3.206885962282275,
                    "x2": 2.8562686645440207
                },
                "metrics": {
                    "outcome": 3.235015643553238
                },
                "metadata": {
                    "trials": 1
                }
            }
        ],
        [
            {
                "query": {
                    "x1": 3.1897314316007384,
                    "x2": 2.0059522523357147
                },
                "metrics": {
                    "outcome": 1.746147942849821
                },
                "metadata": {
                    "trials": 1
                }
            },
            {
                "query": {
                    "x1": 2.670858226134442,
                    "x2": 1.7896722736768425
                },
                "metrics": {
                    "outcome": 1.2759310745628465
                },
                "metadata": {
                    "trials": 1
                }
            },
            {
                "query": {
                    "x1": 3.4077901150683205,
                    "x2": 0.8564017224549247
                },
                "metrics": {
                    "outcome": 3.637672044209575
                },
                "metadata": {
                    "trials": 1
                }
            }
        ],
        [
            {
                "query": {
                    "x1": 2.505332743140211,
                    "x2": -1.5474299165538634
                },
                "metrics": {
                    "outcome": 10.61629826657384
                },
                "metadata": {
                    "trials": 1
                }
            },
            {
                "query": {
                    "x1": 0.034850894240662456,
                    "x2": -0.3643784711603075
                },
                "metrics": {
                    "outcome": -0.1274344930761797
                },
                "metadata": {
                    "trials": 1
                }
            },
            {
                "query": {
                    "x1": 1.632900022505646,
                    "x2": -1.6049495938188592
                },
                "metrics": {
                    "outcome": 5.049892909186973
                },
                "metadata": {
                    "trials": 1
                }
            }
        ],
        [
            {
                "query": {
                    "x1": 3.8307314001818646,
                    "x2": 0.8021719251123365
                },
                "metrics": {
                    "outcome": 5.434662528376901
                },
                "metadata": {
                    "trials": 1
                }
            },
            {
                "query": {
                    "x1": -0.5661377724212198,
                    "x2": -2.139376426674101
                },
                "metrics": {
                    "outcome": -1.4465427190044613
                },
                "metadata": {
                    "trials": 1
                }
            },
            {
                "query": {
                    "x1": 3.5700087781297745,
                    "x2": -0.09629679517929857
                },
                "metrics": {
                    "outcome": 8.5199941272538
                },
                "metadata": {
                    "trials": 1
                }
            }
        ],
        [
            {
                "query": {
                    "x1": 2.5923997855131624,
                    "x2": 1.9424727842141616
                },
                "metrics": {
                    "outcome": 1.4057020952902297
                },
                "metadata": {
                    "trials": 1
                }
            },
            {
                "query": {
                    "x1": 0.7191743560766146,
                    "x2": -2.3265401249292097
                },
                "metrics": {
                    "outcome": 2.381933440902004
                },
                "metadata": {
                    "trials": 1
                }
            },
            {
                "query": {
                    "x1": 0.021000149710190374,
                    "x2": -2.8148805036908917
                },
                "metrics": {
                    "outcome": 1.632769687824453
                },
                "metadata": {
                    "trials": 1
                }
            }
        ],
        [
            {
                "query": {
                    "x1": 3.6212224435294047,
                    "x2": 1.780566306086257
                },
                "metrics": {
                    "outcome": 2.635969170983185
                },
                "metadata": {
                    "trials": 1
                }
            },
            {
                "query": {
                    "x1": 3.016838425175175,
                    "x2": 0.7440884233461054
                },
                "metrics": {
                    "outcome": 2.9198628440261847
                },
                "metadata": {
                    "trials": 1
                }
            },
            {
                "query": {
                    "x1": 2.895567868021317,
                    "x2": 2.1313269978854805
                },
                "metrics": {
                    "outcome": 1.618080452624005
                },
                "metadata": {
                    "trials": 1
                }
            }
        ],
        [
            {
                "query": {
                    "x1": 3.2883029070217162,
                    "x2": -0.20048132236115634
                },
                "metrics": {
                    "outcome": 7.791702893798552
                },
                "metadata": {
                    "trials": 1
                }
            },
            {
                "query": {
                    "x1": -0.46381365542765707,
                    "x2": -2.929768087109551
                },
                "metrics": {
                    "outcome": 0.7015622460482778
                },
                "metadata": {
                    "trials": 1
                }
            },
            {
                "query": {
                    "x1": -0.3255574916609969,
                    "x2": 1.6969560268561494
                },
                "metrics": {
                    "outcome": 10.801473277677369
                },
                "metadata": {
                    "trials": 1
                }
            }
        ],
        [
            {
                "query": {
                    "x1": 0.5465735318097424,
                    "x2": 1.9611581465769516
                },
                "metrics": {
                    "outcome": 7.676344834204853
                },
                "metadata": {
                    "trials": 1
                }
            },
            {
                "query": {
                    "x1": 2.6017301078238857,
                    "x2": 2.4060221281761276
                },
                "metrics": {
                    "outcome": 2.1940653056893584
                },
                "metadata": {
                    "trials": 1
                }
            },
            {
                "query": {
                    "x1": 2.2902754101989307,
                    "x2": 0.5387531074248484
                },
                "metrics": {
                    "outcome": 2.2867995740563516
                },
                "metadata": {
                    "trials": 1
                }
            }
        ],
        [
            {
                "query": {
                    "x1": -0.15218266297597438,
                    "x2": -2.646579222753644
                },
                "metrics": {
                    "outcome": 0.4976856629829607
                },
                "metadata": {
                    "trials": 1
                }
            },
            {
                "query": {
                    "x1": -1.4175227871907325,
                    "x2": -0.018025368503307604
                },
                "metrics": {
                    "outcome": 4.048945885175611
                },
                "metadata": {
                    "trials": 1
                }
            },
            {
                "query": {
                    "x1": -0.6109714969963532,
                    "x2": -2.8931055730544477
                },
                "metrics": {
                    "outcome": 0.24642755514665016
                },
                "metadata": {
                    "trials": 1
                }
            }
        ],
        [
            {
                "query": {
                    "x1": -1.1065178392641717,
                    "x2": -1.1448379017474897
                },
                "metrics": {
                    "outcome": -0.978070409627519
                },
                "metadata": {
                    "trials": 1
                }
            },
            {
                "query": {
                    "x1": -0.890184425696462,
                    "x2": -2.233706799092235
                },
                "metrics": {
                    "outcome": -1.4616384957571311
                },
                "metadata": {
                    "trials": 1
                }
            },
            {
                "query": {
                    "x1": -0.2395981727455776,
                    "x2": 1.637381111110341
                },
                "metrics": {
                    "outcome": 9.960971749663656
                },
                "metadata": {
                    "trials": 1
                }
            }
        ],
        [
            {
                "query": {
                    "x1": 3.7587467889931787,
                    "x2": -0.4547031064483553
                },
                "metrics": {
                    "outcome": 11.816544623492627
                },
                "metadata": {
                    "trials": 1
                }
            },
            {
                "query": {
                    "x1": -0.6680399816227165,
                    "x2": 2.476140420404417
                },
                "metrics": {
                    "outcome": 19.050256687924875
                },
                "metadata": {
                    "trials": 1
                }
            },
            {
                "query": {
                    "x1": 1.7769504000318346,
                    "x2": -2.0313416860379228
                },
                "metrics": {
                    "outcome": 7.507652465930301
                },
                "metadata": {
                    "trials": 1
                }
            }
        ],
        [
            {
                "query": {
                    "x1": 3.8353016379323828,
                    "x2": 2.1166504838156177
                },
                "metrics": {
                    "outcome": 3.167226114846071
                },
                "metadata": {
                    "trials": 1
                }
            },
            {
                "query": {
                    "x1": -0.31332141170395866,
                    "x2": -1.958683843557191
                },
                "metrics": {
                    "outcome": -1.4835727746452534
                },
                "metadata": {
                    "trials": 1
                }
            },
            {
                "query": {
                    "x1": -0.026393191011617967,
                    "x2": 3.2852223925956663
                },
                "metrics": {
                    "outcome": 20.10247536693323
                },
                "metadata": {
                    "trials": 1
                }
            }
        ],
        [
            {
                "query": {
                    "x1": 1.60581454943198,
                    "x2": 2.0996900509972907
                },
                "metrics": {
                    "outcome": 3.54991977242374
                },
                "metadata": {
                    "trials": 1
                }
            },
            {
                "query": {
                    "x1": 2.322116192652463,
                    "x2": 0.07901336375595935
                },
                "metrics": {
                    "outcome": 3.420499243435147
                },
                "metadata": {
                    "trials": 1
                }
            },
            {
                "query": {
                    "x1": 0.04939936598607986,
                    "x2": 0.12143661221567204
                },
                "metrics": {
                    "outcome": 1.404688063639199
                },
                "metadata": {
                    "trials": 1
                }
            }
        ],
        [
            {
                "query": {
                    "x1": 3.6936732466565445,
                    "x2": 0.9301747905556113
                },
                "metrics": {
                    "outcome": 4.4257680125153565
                },
                "metadata": {
                    "trials": 1
                }
            },
            {
                "query": {
                    "x1": 0.5309118775272856,
                    "x2": -2.8380106469578648
                },
                "metrics": {
                    "outcome": 3.7172878191557306
                },
                "metadata": {
                    "trials": 1
                }
            },
            {
                "query": {
                    "x1": 3.167123362601971,
                    "x2": 3.3907675548694938
                },
                "metrics": {
                    "outcome": 5.047514165126109
                },
                "metadata": {
                    "trials": 1
                }
            }
        ],
        [
            {
                "query": {
                    "x1": -1.479693577673237,
                    "x2": 0.8299355476713988
                },
                "metrics": {
                    "outcome": 10.023772172702607
                },
                "metadata": {
                    "trials": 1
                }
            },
            {
                "query": {
                    "x1": 3.998484842193456,
                    "x2": 3.7119875097311503
                },
                "metrics": {
                    "outcome": 5.354042436337352
                },
                "metadata": {
                    "trials": 1
                }
            },
            {
                "query": {
                    "x1": -1.1062200439405327,
                    "x2": -1.2119125493844314
                },
                "metrics": {
                    "outcome": -1.0927823767104865
                },
                "metadata": {
                    "trials": 1
                }
            }
        ],
        [
            {
                "query": {
                    "x1": 2.5049122381926825,
                    "x2": 0.9014343080466585
                },
                "metrics": {
                    "outcome": 1.8056871414311795
                },
                "metadata": {
                    "trials": 1
                }
            },
            {
                "query": {
                    "x1": 1.2389124443247348,
                    "x2": 0.3171723089183418
                },
                "metrics": {
                    "outcome": 1.7840587697813035
                },
                "metadata": {
                    "trials": 1
                }
            },
            {
                "query": {
                    "x1": -1.1901912447248089,
                    "x2": 0.5457621761130484
                },
                "metrics": {
                    "outcome": 6.562484477273065
                },
                "metadata": {
                    "trials": 1
                }
            }
        ],
        [
            {
                "query": {
                    "x1": 0.4951706936359572,
                    "x2": -0.8467723847888449
                },
                "metrics": {
                    "outcome": -0.40327772863196465
                },
                "metadata": {
                    "trials": 1
                }
            },
            {
                "query": {
                    "x1": -0.6150324428579679,
                    "x2": -1.80879594386095
                },
                "metrics": {
                    "outcome": -1.8320720874676506
                },
                "metadata": {
                    "trials": 1
                }
            },
            {
                "query": {
                    "x1": 0.4759708343578737,
                    "x2": 2.137272019093695
                },
                "metrics": {
                    "outcome": 8.893254272020798
                },
                "metadata": {
                    "trials": 1
                }
            }
        ],
        [
            {
                "query": {
                    "x1": 1.1424783486316192,
                    "x2": 1.4069669185637803
                },
                "metrics": {
                    "outcome": 3.4317980665725716
                },
                "metadata": {
                    "trials": 1
                }
            },
            {
                "query": {
                    "x1": 2.280971299662899,
                    "x2": -1.269158587360873
                },
                "metrics": {
                    "outcome": 7.856863360092543
                },
                "metadata": {
                    "trials": 1
                }
            },
            {
                "query": {
                    "x1": -1.3908873519244835,
                    "x2": 0.023365488367834253
                },
                "metrics": {
                    "outcome": 4.165445055683582
                },
                "metadata": {
                    "trials": 1
                }
            }
        ],
        [
            {
                "query": {
                    "x1": 0.7782897908984174,
                    "x2": 2.1727692324062247
                },
                "metrics": {
                    "outcome": 7.398444202717647
                },
                "metadata": {
                    "trials": 1
                }
            },
            {
                "query": {
                    "x1": 0.6614432534443737,
                    "x2": 0.15435249243740312
                },
                "metrics": {
                    "outcome": 1.3791285359149619
                },
                "metadata": {
                    "trials": 1
                }
            },
            {
                "query": {
                    "x1": 2.1326335285970286,
                    "x2": 3.321316086941896
                },
                "metrics": {
                    "outcome": 6.779890806534915
                },
                "metadata": {
                    "trials": 1
                }
            }
        ],
        [
            {
                "query": {
                    "x1": 1.885471692998772,
                    "x2": 2.4632617526318725
                },
                "metrics": {
                    "outcome": 3.72918537240602
                },
                "metadata": {
                    "trials": 1
                }
            },
            {
                "query": {
                    "x1": 1.3679257023260885,
                    "x2": -2.953852170653455
                },
                "metrics": {
                    "outcome": 9.241359461660693
                },
                "metadata": {
                    "trials": 1
                }
            },
            {
                "query": {
                    "x1": 0.9726916326243269,
                    "x2": 0.21369382746556997
                },
                "metrics": {
                    "outcome": 1.5782943141796435
                },
                "metadata": {
                    "trials": 1
                }
            }
        ]
    ]
}