{
    "date": "05/11/2022 12:08:28",
    "basic_params": {
        "active_variables": [
            "x1",
            "x2"
        ],
        "default_query": {},
        "metric": "basic",
        "n_trials": 1
    },
    "objective_function": {
        "name": "Beale",
        "params": {}
    },
    "optimizer": {
        "name": "BBO-LP(LCBa)-FoD",
        "params": {
            "lower_bound": [
                -4.5,
                -4.5
            ],
            "upper_bound": [
                4.5,
                4.5
            ],
            "invert_metric": false,
            "bopt_params": {
                "n_init_samples": 12,
                "n_iterations": 23,
                "n_iter_relearn": 5,
                "verbose_level": 0,
                "n_parallel_samples": 6,
                "fixed_dataset_size": 50,
                "par_type": "PAR_BBO",
                "crit_name": "cLP(cLCBa)",
                "n_crit_params": 3,
                "crit_params": [
                    6,
                    1,
                    5.0
                ]
            }
        }
    },
    "iterations": [
        [
            {
                "query": {
                    "x1": 0.5782460896298289,
                    "x2": -2.848421633534599
                },
                "metrics": {
                    "outcome": 169.09086418137088
                },
                "metadata": {
                    "trials": 1
                }
            }
        ],
        [
            {
                "query": {
                    "x1": -1.1888039434561506,
                    "x2": -1.0272112169768661
                },
                "metrics": {
                    "outcome": 46.09312056245935
                },
                "metadata": {
                    "trials": 1
                }
            }
        ],
        [
            {
                "query": {
                    "x1": 4.434888526797295,
                    "x2": 0.8411551632452756
                },
                "metrics": {
                    "outcome": 2.229206998954608
                },
                "metadata": {
                    "trials": 1
                }
            }
        ],
        [
            {
                "query": {
                    "x1": 1.214661663165316,
                    "x2": 4.320660797820892
                },
                "metrics": {
                    "outcome": 10469.842894705604
                },
                "metadata": {
                    "trials": 1
                }
            }
        ],
        [
            {
                "query": {
                    "x1": -3.6092212425428443,
                    "x2": 3.074286892719101
                },
                "metrics": {
                    "outcome": 10562.835250334454
                },
                "metadata": {
                    "trials": 1
                }
            }
        ],
        [
            {
                "query": {
                    "x1": 2.3548127295216545,
                    "x2": 0.5041809272370301
                },
                "metrics": {
                    "outcome": 0.6814978465808428
                },
                "metadata": {
                    "trials": 1
                }
            }
        ],
        [
            {
                "query": {
                    "x1": 3.542926137393806,
                    "x2": -0.42751104111084715
                },
                "metrics": {
                    "outcome": 14.500247752497117
                },
                "metadata": {
                    "trials": 1
                }
            }
        ],
        [
            {
                "query": {
                    "x1": -0.6506662818719633,
                    "x2": -4.227426508557983
                },
                "metrics": {
                    "outcome": 2849.38963491648
                },
                "metadata": {
                    "trials": 1
                }
            }
        ],
        [
            {
                "query": {
                    "x1": 1.8192796404473484,
                    "x2": 2.8520671247388236
                },
                "metrics": {
                    "outcome": 2105.687424010459
                },
                "metadata": {
                    "trials": 1
                }
            }
        ],
        [
            {
                "query": {
                    "x1": -1.5868366464274004,
                    "x2": -2.1404255790403113
                },
                "metrics": {
                    "outcome": 444.7782665442664
                },
                "metadata": {
                    "trials": 1
                }
            }
        ],
        [
            {
                "query": {
                    "x1": -2.9413470458239317,
                    "x2": -3.4761640956276096
                },
                "metrics": {
                    "outcome": 17807.62590107277
                },
                "metadata": {
                    "trials": 1
                }
            }
        ],
        [
            {
                "query": {
                    "x1": -3.927747029985767,
                    "x2": 1.728493670874741
                },
                "metrics": {
                    "outcome": 221.2738025290793
                },
                "metadata": {
                    "trials": 1
                }
            }
        ],
        [
            {
                "query": {
                    "x1": -4.405032551564319,
                    "x2": 0.3078979780198692
                },
                "metrics": {
                    "outcome": 107.22656220482082
                },
                "metadata": {
                    "trials": 1
                }
            },
            {
                "query": {
                    "x1": -4.405032551564319,
                    "x2": 0.3078979780198692
                },
                "metrics": {
                    "outcome": 107.22656220482082
                },
                "metadata": {
                    "trials": 1
                }
            },
            {
                "query": {
                    "x1": -4.405032551564319,
                    "x2": 0.3078979780198692
                },
                "metrics": {
                    "outcome": 107.22656220482082
                },
                "metadata": {
                    "trials": 1
                }
            },
            {
                "query": {
                    "x1": -4.405032551564319,
                    "x2": 0.3078979780198692
                },
                "metrics": {
                    "outcome": 107.22656220482082
                },
                "metadata": {
                    "trials": 1
                }
            },
            {
                "query": {
                    "x1": -4.405032551564319,
                    "x2": 0.3078979780198692
                },
                "metrics": {
                    "outcome": 107.22656220482082
                },
                "metadata": {
                    "trials": 1
                }
            },
            {
                "query": {
                    "x1": -4.405032551564319,
                    "x2": 0.3078979780198692
                },
                "metrics": {
                    "outcome": 107.22656220482082
                },
                "metadata": {
                    "trials": 1
                }
            }
        ],
        [
            {
                "query": {
                    "x1": 1.5472385682651923,
                    "x2": -2.618542792144377
                },
                "metrics": {
                    "outcome": 857.7803373552579
                },
                "metadata": {
                    "trials": 1
                }
            },
            {
                "query": {
                    "x1": 1.5472385682651923,
                    "x2": -2.618542792144377
                },
                "metrics": {
                    "outcome": 857.7803373552579
                },
                "metadata": {
                    "trials": 1
                }
            },
            {
                "query": {
                    "x1": 1.5472385682651923,
                    "x2": -2.618542792144377
                },
                "metrics": {
                    "outcome": 857.7803373552579
                },
                "metadata": {
                    "trials": 1
                }
            },
            {
                "query": {
                    "x1": 1.5472385682651923,
                    "x2": -2.618542792144377
                },
                "metrics": {
                    "outcome": 857.7803373552579
                },
                "metadata": {
                    "trials": 1
                }
            },
            {
                "query": {
                    "x1": 1.5472385682651923,
                    "x2": -2.618542792144377
                },
                "metrics": {
                    "outcome": 857.7803373552579
                },
                "metadata": {
                    "trials": 1
                }
            },
            {
                "query": {
                    "x1": 1.5472385682651923,
                    "x2": -2.618542792144377
                },
                "metrics": {
                    "outcome": 857.7803373552579
                },
                "metadata": {
                    "trials": 1
                }
            }
        ],
        [
            {
                "query": {
                    "x1": -3.7459968898319205,
                    "x2": 1.1955832603315368
                },
                "metrics": {
                    "outcome": 1.0011621220530011
                },
                "metadata": {
                    "trials": 1
                }
            },
            {
                "query": {
                    "x1": -3.7459968898319205,
                    "x2": 1.1955832603315368
                },
                "metrics": {
                    "outcome": 1.0011621220530011
                },
                "metadata": {
                    "trials": 1
                }
            },
            {
                "query": {
                    "x1": -3.7459968898319205,
                    "x2": 1.1955832603315368
                },
                "metrics": {
                    "outcome": 1.0011621220530011
                },
                "metadata": {
                    "trials": 1
                }
            },
            {
                "query": {
                    "x1": -3.7459968898319205,
                    "x2": 1.1955832603315368
                },
                "metrics": {
                    "outcome": 1.0011621220530011
                },
                "metadata": {
                    "trials": 1
                }
            },
            {
                "query": {
                    "x1": -3.7459968898319205,
                    "x2": 1.1955832603315368
                },
                "metrics": {
                    "outcome": 1.0011621220530011
                },
                "metadata": {
                    "trials": 1
                }
            },
            {
                "query": {
                    "x1": -3.7459968898319205,
                    "x2": 1.1955832603315368
                },
                "metrics": {
                    "outcome": 1.0011621220530011
                },
                "metadata": {
                    "trials": 1
                }
            }
        ],
        [
            {
                "query": {
                    "x1": 4.5,
                    "x2": 0.43758870541596817
                },
                "metrics": {
                    "outcome": 5.2339162620750965
                },
                "metadata": {
                    "trials": 1
                }
            },
            {
                "query": {
                    "x1": 4.499942797884412,
                    "x2": 0.43742846880607367
                },
                "metrics": {
                    "outcome": 5.238044414531539
                },
                "metadata": {
                    "trials": 1
                }
            },
            {
                "query": {
                    "x1": 4.49988564825602,
                    "x2": 0.4375993096469477
                },
                "metrics": {
                    "outcome": 5.232916660458997
                },
                "metadata": {
                    "trials": 1
                }
            },
            {
                "query": {
                    "x1": 4.49980287764966,
                    "x2": 0.43751458638649865
                },
                "metrics": {
                    "outcome": 5.234776073126098
                },
                "metadata": {
                    "trials": 1
                }
            },
            {
                "query": {
                    "x1": 4.499775299776218,
                    "x2": 0.43764144685018636
                },
                "metrics": {
                    "outcome": 5.23106038393597
                },
                "metadata": {
                    "trials": 1
                }
            },
            {
                "query": {
                    "x1": 4.499999999821393,
                    "x2": 0.4377059961575691
                },
                "metrics": {
                    "outcome": 5.2306372901744655
                },
                "metadata": {
                    "trials": 1
                }
            }
        ],
        [
            {
                "query": {
                    "x1": 2.9693255380603363,
                    "x2": 0.4783133656103571
                },
                "metrics": {
                    "outcome": 0.0043820450211998025
                },
                "metadata": {
                    "trials": 1
                }
            },
            {
                "query": {
                    "x1": 2.969136860248959,
                    "x2": 0.47824891923450785
                },
                "metrics": {
                    "outcome": 0.004392750852585604
                },
                "metadata": {
                    "trials": 1
                }
            },
            {
                "query": {
                    "x1": 2.969479931015697,
                    "x2": 0.47837708523832845
                },
                "metrics": {
                    "outcome": 0.004366738923232591
                },
                "metadata": {
                    "trials": 1
                }
            },
            {
                "query": {
                    "x1": 2.9696436406745352,
                    "x2": 0.4784256891909173
                },
                "metrics": {
                    "outcome": 0.00436183896176641
                },
                "metadata": {
                    "trials": 1
                }
            },
            {
                "query": {
                    "x1": 2.9689786824878013,
                    "x2": 0.47818814551547906
                },
                "metrics": {
                    "outcome": 0.004405775471638435
                },
                "metadata": {
                    "trials": 1
                }
            },
            {
                "query": {
                    "x1": 2.9698007545330682,
                    "x2": 0.47848487693174135
                },
                "metrics": {
                    "outcome": 0.004349665886603654
                },
                "metadata": {
                    "trials": 1
                }
            }
        ],
        [
            {
                "query": {
                    "x1": -0.9791214385626525,
                    "x2": 1.0635649374822504
                },
                "metrics": {
                    "outcome": 12.45449707507537
                },
                "metadata": {
                    "trials": 1
                }
            },
            {
                "query": {
                    "x1": -0.9790796812106448,
                    "x2": 1.0635999848794517
                },
                "metrics": {
                    "outcome": 12.453595675037732
                },
                "metadata": {
                    "trials": 1
                }
            },
            {
                "query": {
                    "x1": -0.9791348337779806,
                    "x2": 1.0638013096006196
                },
                "metrics": {
                    "outcome": 12.447908392683011
                },
                "metadata": {
                    "trials": 1
                }
            },
            {
                "query": {
                    "x1": -0.9790957736890782,
                    "x2": 1.063844064621021
                },
                "metrics": {
                    "outcome": 12.446788429977744
                },
                "metadata": {
                    "trials": 1
                }
            },
            {
                "query": {
                    "x1": -0.978890404891525,
                    "x2": 1.0639183864128539
                },
                "metrics": {
                    "outcome": 12.445080145508445
                },
                "metadata": {
                    "trials": 1
                }
            },
            {
                "query": {
                    "x1": -0.9789171144656961,
                    "x2": 1.0639631108954752
                },
                "metrics": {
                    "outcome": 12.443791729810084
                },
                "metadata": {
                    "trials": 1
                }
            }
        ],
        [
            {
                "query": {
                    "x1": 4.499843175368074,
                    "x2": 0.6960484524265187
                },
                "metrics": {
                    "outcome": 0.1500847639210538
                },
                "metadata": {
                    "trials": 1
                }
            },
            {
                "query": {
                    "x1": 4.499107425633941,
                    "x2": 0.6960323229575955
                },
                "metrics": {
                    "outcome": 0.149812993346275
                },
                "metadata": {
                    "trials": 1
                }
            },
            {
                "query": {
                    "x1": 4.498425132463453,
                    "x2": 0.6960281491218936
                },
                "metrics": {
                    "outcome": 0.14951462165523274
                },
                "metadata": {
                    "trials": 1
                }
            },
            {
                "query": {
                    "x1": 4.4997748736450305,
                    "x2": 0.6957886141617751
                },
                "metrics": {
                    "outcome": 0.15119151028479397
                },
                "metadata": {
                    "trials": 1
                }
            },
            {
                "query": {
                    "x1": 4.499774864929977,
                    "x2": 0.6960019296436135
                },
                "metrics": {
                    "outcome": 0.15025589181652568
                },
                "metadata": {
                    "trials": 1
                }
            },
            {
                "query": {
                    "x1": 4.499842573611847,
                    "x2": 0.6961548723667077
                },
                "metrics": {
                    "outcome": 0.14962175239238318
                },
                "metadata": {
                    "trials": 1
                }
            }
        ],
        [
            {
                "query": {
                    "x1": 3.042076301287949,
                    "x2": 0.5828050694610081
                },
                "metrics": {
                    "outcome": 0.14574507645188517
                },
                "metadata": {
                    "trials": 1
                }
            },
            {
                "query": {
                    "x1": 3.0480496202379026,
                    "x2": 0.574794526501444
                },
                "metrics": {
                    "outcome": 0.10954540251729059
                },
                "metadata": {
                    "trials": 1
                }
            },
            {
                "query": {
                    "x1": 3.047986825154135,
                    "x2": 0.5817702045157613
                },
                "metrics": {
                    "outcome": 0.13670444508396465
                },
                "metadata": {
                    "trials": 1
                }
            },
            {
                "query": {
                    "x1": 3.047499013917059,
                    "x2": 0.5746569698790873
                },
                "metrics": {
                    "outcome": 0.10943220194151726
                },
                "metadata": {
                    "trials": 1
                }
            },
            {
                "query": {
                    "x1": 3.039632523574988,
                    "x2": 0.5754005787705347
                },
                "metrics": {
                    "outcome": 0.11785660336639232
                },
                "metadata": {
                    "trials": 1
                }
            },
            {
                "query": {
                    "x1": 3.0465775912634854,
                    "x2": 0.5731552558393833
                },
                "metrics": {
                    "outcome": 0.10466847945365586
                },
                "metadata": {
                    "trials": 1
                }
            }
        ],
        [
            {
                "query": {
                    "x1": -3.939218311041847,
                    "x2": 1.0525674435495658
                },
                "metrics": {
                    "outcome": 8.885212824913227
                },
                "metadata": {
                    "trials": 1
                }
            },
            {
                "query": {
                    "x1": -3.939218311041847,
                    "x2": 1.0525674435495658
                },
                "metrics": {
                    "outcome": 8.885212824913227
                },
                "metadata": {
                    "trials": 1
                }
            },
            {
                "query": {
                    "x1": -3.939218311041847,
                    "x2": 1.0525674435495658
                },
                "metrics": {
                    "outcome": 8.885212824913227
                },
                "metadata": {
                    "trials": 1
                }
            },
            {
                "query": {
                    "x1": -3.939218311041847,
                    "x2": 1.0525674435495658
                },
                "metrics": {
                    "outcome": 8.885212824913227
                },
                "metadata": {
                    "trials": 1
                }
            },
            {
                "query": {
                    "x1": -3.939218311041847,
                    "x2": 1.0525674435495658
                },
                "metrics": {
                    "outcome": 8.885212824913227
                },
                "metadata": {
                    "trials": 1
                }
            },
            {
                "query": {
                    "x1": -3.939218311041847,
                    "x2": 1.0525674435495658
                },
                "metrics": {
                    "outcome": 8.885212824913227
                },
                "metadata": {
                    "trials": 1
                }
            }
        ],
        [
            {
                "query": {
                    "x1": -4.125,
                    "x2": 1.5555555555555545
                },
                "metrics": {
                    "outcome": 90.664767290724
                },
                "metadata": {
                    "trials": 1
                }
            },
            {
                "query": {
                    "x1": -2.1208238163058755,
                    "x2": 1.3221114777047198
                },
                "metrics": {
                    "outcome": 1.131877998144039
                },
                "metadata": {
                    "trials": 1
                }
            },
            {
                "query": {
                    "x1": -2.1201611635578796,
                    "x2": 1.3221234306600413
                },
                "metrics": {
                    "outcome": 1.132526243683971
                },
                "metadata": {
                    "trials": 1
                }
            },
            {
                "query": {
                    "x1": -2.1204863352959302,
                    "x2": 1.321902217346171
                },
                "metrics": {
                    "outcome": 1.1338220057536679
                },
                "metadata": {
                    "trials": 1
                }
            },
            {
                "query": {
                    "x1": -2.1195582795681402,
                    "x2": 1.32210976461874
                },
                "metrics": {
                    "outcome": 1.1333012560434612
                },
                "metadata": {
                    "trials": 1
                }
            },
            {
                "query": {
                    "x1": -2.119436549416285,
                    "x2": 1.321743735821725
                },
                "metrics": {
                    "outcome": 1.1362040262577222
                },
                "metadata": {
                    "trials": 1
                }
            }
        ],
        [
            {
                "query": {
                    "x1": 0.0,
                    "x2": 2.999999999999999
                },
                "metrics": {
                    "outcome": 14.203125
                },
                "metadata": {
                    "trials": 1
                }
            },
            {
                "query": {
                    "x1": -3.0,
                    "x2": 2.999999999999999
                },
                "metrics": {
                    "outcome": 6174.703124999988
                },
                "metadata": {
                    "trials": 1
                }
            },
            {
                "query": {
                    "x1": -3.0,
                    "x2": -1.0
                },
                "metrics": {
                    "outcome": 135.703125
                },
                "metadata": {
                    "trials": 1
                }
            },
            {
                "query": {
                    "x1": 2.999999999999999,
                    "x2": 2.999999999999999
                },
                "metrics": {
                    "outcome": 7245.703124999982
                },
                "metadata": {
                    "trials": 1
                }
            },
            {
                "query": {
                    "x1": -4.0,
                    "x2": 2.25
                },
                "metrics": {
                    "outcome": 1724.37890625
                },
                "metadata": {
                    "trials": 1
                }
            },
            {
                "query": {
                    "x1": -4.375000000000001,
                    "x2": -1.1249999914637057
                },
                "metrics": {
                    "outcome": 292.7690152879234
                },
                "metadata": {
                    "trials": 1
                }
            }
        ],
        [
            {
                "query": {
                    "x1": -2.379880670502005,
                    "x2": 1.037451005850131
                },
                "metrics": {
                    "outcome": 11.779488694205195
                },
                "metadata": {
                    "trials": 1
                }
            },
            {
                "query": {
                    "x1": -2.379880670502005,
                    "x2": 1.037451005850131
                },
                "metrics": {
                    "outcome": 11.779488694205195
                },
                "metadata": {
                    "trials": 1
                }
            },
            {
                "query": {
                    "x1": -2.379880670502005,
                    "x2": 1.037451005850131
                },
                "metrics": {
                    "outcome": 11.779488694205195
                },
                "metadata": {
                    "trials": 1
                }
            },
            {
                "query": {
                    "x1": -2.379880670502005,
                    "x2": 1.037451005850131
                },
                "metrics": {
                    "outcome": 11.779488694205195
                },
                "metadata": {
                    "trials": 1
                }
            },
            {
                "query": {
                    "x1": -2.379880670502005,
                    "x2": 1.037451005850131
                },
                "metrics": {
                    "outcome": 11.779488694205195
                },
                "metadata": {
                    "trials": 1
                }
            },
            {
                "query": {
                    "x1": -2.379880670502005,
                    "x2": 1.037451005850131
                },
                "metrics": {
                    "outcome": 11.779488694205195
                },
                "metadata": {
                    "trials": 1
                }
            }
        ],
        [
            {
                "query": {
                    "x1": 1.9909491364046055,
                    "x2": 0.023488339587317775
                },
                "metrics": {
                    "outcome": 0.667031216063688
                },
                "metadata": {
                    "trials": 1
                }
            },
            {
                "query": {
                    "x1": 1.990441061270353,
                    "x2": 0.023235567698640658
                },
                "metrics": {
                    "outcome": 0.6679331521291143
                },
                "metadata": {
                    "trials": 1
                }
            },
            {
                "query": {
                    "x1": 1.991536267790222,
                    "x2": 0.02368032806298981
                },
                "metrics": {
                    "outcome": 0.6661619032631914
                },
                "metadata": {
                    "trials": 1
                }
            },
            {
                "query": {
                    "x1": 1.9910896349108684,
                    "x2": 0.02402522207089408
                },
                "metrics": {
                    "outcome": 0.6659818333986551
                },
                "metadata": {
                    "trials": 1
                }
            },
            {
                "query": {
                    "x1": 1.9916760907294178,
                    "x2": 0.02420962636036439
                },
                "metrics": {
                    "outcome": 0.6651259903584834
                },
                "metadata": {
                    "trials": 1
                }
            },
            {
                "query": {
                    "x1": 1.990488421275236,
                    "x2": 0.023785702960693378
                },
                "metrics": {
                    "outcome": 0.6669469001003949
                },
                "metadata": {
                    "trials": 1
                }
            }
        ],
        [
            {
                "query": {
                    "x1": 4.5,
                    "x2": -4.5
                },
                "metrics": {
                    "outcome": 178131.83203125
                },
                "metadata": {
                    "trials": 1
                }
            },
            {
                "query": {
                    "x1": 4.499007813465212,
                    "x2": -4.5
                },
                "metrics": {
                    "outcome": 178052.88563036703
                },
                "metadata": {
                    "trials": 1
                }
            },
            {
                "query": {
                    "x1": 4.498006420201072,
                    "x2": -4.5
                },
                "metrics": {
                    "outcome": 177973.22441077145
                },
                "metadata": {
                    "trials": 1
                }
            },
            {
                "query": {
                    "x1": 4.497009523224325,
                    "x2": -4.5
                },
                "metrics": {
                    "outcome": 177893.93857791758
                },
                "metadata": {
                    "trials": 1
                }
            },
            {
                "query": {
                    "x1": 4.496020169612979,
                    "x2": -4.5
                },
                "metrics": {
                    "outcome": 177815.27015421953
                },
                "metadata": {
                    "trials": 1
                }
            },
            {
                "query": {
                    "x1": 4.5,
                    "x2": -4.499031446412606
                },
                "metrics": {
                    "outcome": 177906.6319466984
                },
                "metadata": {
                    "trials": 1
                }
            }
        ],
        [
            {
                "query": {
                    "x1": 3.4476273790427356,
                    "x2": 0.5322389946789094
                },
                "metrics": {
                    "outcome": 0.1532312093110611
                },
                "metadata": {
                    "trials": 1
                }
            },
            {
                "query": {
                    "x1": 3.4476204754409707,
                    "x2": 0.532237917984558
                },
                "metrics": {
                    "outcome": 0.15322923747790212
                },
                "metadata": {
                    "trials": 1
                }
            },
            {
                "query": {
                    "x1": 3.447569305098022,
                    "x2": 0.5322322517690088
                },
                "metrics": {
                    "outcome": 0.15320496378869852
                },
                "metadata": {
                    "trials": 1
                }
            },
            {
                "query": {
                    "x1": 3.44757260025625,
                    "x2": 0.5322325244931312
                },
                "metrics": {
                    "outcome": 0.15320691144915835
                },
                "metadata": {
                    "trials": 1
                }
            },
            {
                "query": {
                    "x1": 3.4475710413228127,
                    "x2": 0.5322316982179567
                },
                "metrics": {
                    "outcome": 0.15320889960254486
                },
                "metadata": {
                    "trials": 1
                }
            },
            {
                "query": {
                    "x1": 3.4475717199359943,
                    "x2": 0.5322299321076933
                },
                "metrics": {
                    "outcome": 0.15321690512577552
                },
                "metadata": {
                    "trials": 1
                }
            }
        ],
        [
            {
                "query": {
                    "x1": 3.01848538622706,
                    "x2": 0.5126797653292288
                },
                "metrics": {
                    "outcome": 0.001638508140835017
                },
                "metadata": {
                    "trials": 1
                }
            },
            {
                "query": {
                    "x1": 3.0299875843086133,
                    "x2": 0.5088352783591779
                },
                "metrics": {
                    "outcome": 0.0001927857750401595
                },
                "metadata": {
                    "trials": 1
                }
            },
            {
                "query": {
                    "x1": 3.012240746420611,
                    "x2": 0.5103947819052461
                },
                "metrics": {
                    "outcome": 0.0013148422459152514
                },
                "metadata": {
                    "trials": 1
                }
            },
            {
                "query": {
                    "x1": 3.008544346297599,
                    "x2": 0.5092155452169003
                },
                "metrics": {
                    "outcome": 0.0012032122755599338
                },
                "metadata": {
                    "trials": 1
                }
            },
            {
                "query": {
                    "x1": 3.0171954746852014,
                    "x2": 0.5120086414161209
                },
                "metrics": {
                    "outcome": 0.0014922176637174912
                },
                "metadata": {
                    "trials": 1
                }
            },
            {
                "query": {
                    "x1": 3.0294465960423533,
                    "x2": 0.508492975452584
                },
                "metrics": {
                    "outcome": 0.0001737373661779933
                },
                "metadata": {
                    "trials": 1
                }
            }
        ],
        [
            {
                "query": {
                    "x1": 3.021549681306931,
                    "x2": 0.4465303700691212
                },
                "metrics": {
                    "outcome": 0.07455346504893529
                },
                "metadata": {
                    "trials": 1
                }
            },
            {
                "query": {
                    "x1": 3.001095523727166,
                    "x2": 0.4465306759199228
                },
                "metrics": {
                    "outcome": 0.06110399036736954
                },
                "metadata": {
                    "trials": 1
                }
            },
            {
                "query": {
                    "x1": 3.0026112089869503,
                    "x2": 0.4465850824761777
                },
                "metrics": {
                    "outcome": 0.06193025654754196
                },
                "metadata": {
                    "trials": 1
                }
            },
            {
                "query": {
                    "x1": 3.0079044391863974,
                    "x2": 0.44652719959387444
                },
                "metrics": {
                    "outcome": 0.06542361955725223
                },
                "metadata": {
                    "trials": 1
                }
            },
            {
                "query": {
                    "x1": 3.0167649201801856,
                    "x2": 0.44657922710536635
                },
                "metrics": {
                    "outcome": 0.07115899435668799
                },
                "metadata": {
                    "trials": 1
                }
            },
            {
                "query": {
                    "x1": 3.0157969852840507,
                    "x2": 0.44651172152517393
                },
                "metrics": {
                    "outcome": 0.07066449329149356
                },
                "metadata": {
                    "trials": 1
                }
            }
        ],
        [
            {
                "query": {
                    "x1": 3.1171197018662227,
                    "x2": 0.5720701928079723
                },
                "metrics": {
                    "outcome": 0.05936135802213551
                },
                "metadata": {
                    "trials": 1
                }
            },
            {
                "query": {
                    "x1": 3.0409099487273332,
                    "x2": 0.5732081905528341
                },
                "metrics": {
                    "outcome": 0.10882087962284673
                },
                "metadata": {
                    "trials": 1
                }
            },
            {
                "query": {
                    "x1": 3.0576944505223516,
                    "x2": 0.5731985686733516
                },
                "metrics": {
                    "outcome": 0.09728936377187969
                },
                "metadata": {
                    "trials": 1
                }
            },
            {
                "query": {
                    "x1": 3.0524223622888123,
                    "x2": 0.5719348706096552
                },
                "metrics": {
                    "outcome": 0.09645972242971423
                },
                "metadata": {
                    "trials": 1
                }
            },
            {
                "query": {
                    "x1": 3.0361181485147,
                    "x2": 0.573974810838215
                },
                "metrics": {
                    "outcome": 0.11507312408146793
                },
                "metadata": {
                    "trials": 1
                }
            },
            {
                "query": {
                    "x1": 3.1152921010359904,
                    "x2": 0.5733049745826575
                },
                "metrics": {
                    "outcome": 0.06366844133333778
                },
                "metadata": {
                    "trials": 1
                }
            }
        ],
        [
            {
                "query": {
                    "x1": 2.6483445727760992,
                    "x2": 0.041012744321992756
                },
                "metrics": {
                    "outcome": 1.2367215123624105
                },
                "metadata": {
                    "trials": 1
                }
            },
            {
                "query": {
                    "x1": 2.6483381340990553,
                    "x2": 0.041015203964542835
                },
                "metrics": {
                    "outcome": 1.2366893428374897
                },
                "metadata": {
                    "trials": 1
                }
            },
            {
                "query": {
                    "x1": 2.648325435608962,
                    "x2": 0.04101796279022096
                },
                "metrics": {
                    "outcome": 1.2366377795468642
                },
                "metadata": {
                    "trials": 1
                }
            },
            {
                "query": {
                    "x1": 2.648347760352066,
                    "x2": 0.041012329798044256
                },
                "metrics": {
                    "outcome": 1.2367328775435251
                },
                "metadata": {
                    "trials": 1
                }
            },
            {
                "query": {
                    "x1": 2.6483434396885963,
                    "x2": 0.04101011045262215
                },
                "metrics": {
                    "outcome": 1.2367332665982258
                },
                "metadata": {
                    "trials": 1
                }
            },
            {
                "query": {
                    "x1": 2.648344010527671,
                    "x2": 0.041008333200263536
                },
                "metrics": {
                    "outcome": 1.2367449731783544
                },
                "metadata": {
                    "trials": 1
                }
            }
        ],
        [
            {
                "query": {
                    "x1": 3.664914406566586,
                    "x2": 0.5848990060584622
                },
                "metrics": {
                    "outcome": 0.1204011439616954
                },
                "metadata": {
                    "trials": 1
                }
            },
            {
                "query": {
                    "x1": 3.6647296869432058,
                    "x2": 0.5849145612018614
                },
                "metrics": {
                    "outcome": 0.12020842195308946
                },
                "metadata": {
                    "trials": 1
                }
            },
            {
                "query": {
                    "x1": 3.665099181486678,
                    "x2": 0.5848869750975725
                },
                "metrics": {
                    "outcome": 0.12058053990079542
                },
                "metadata": {
                    "trials": 1
                }
            },
            {
                "query": {
                    "x1": 3.665306331520007,
                    "x2": 0.5848683606036715
                },
                "metrics": {
                    "outcome": 0.12080160823976575
                },
                "metadata": {
                    "trials": 1
                }
            },
            {
                "query": {
                    "x1": 3.6652653828182,
                    "x2": 0.5848316845798553
                },
                "metrics": {
                    "outcome": 0.12091339329294143
                },
                "metadata": {
                    "trials": 1
                }
            },
            {
                "query": {
                    "x1": 3.6652807025711667,
                    "x2": 0.5848084107800213
                },
                "metrics": {
                    "outcome": 0.12101420442166734
                },
                "metadata": {
                    "trials": 1
                }
            }
        ],
        [
            {
                "query": {
                    "x1": 3.3031396669660227,
                    "x2": 0.6338661832520813
                },
                "metrics": {
                    "outcome": 0.1861402526202774
                },
                "metadata": {
                    "trials": 1
                }
            },
            {
                "query": {
                    "x1": 3.303135784168931,
                    "x2": 0.633866113526981
                },
                "metrics": {
                    "outcome": 0.18614291141758132
                },
                "metadata": {
                    "trials": 1
                }
            },
            {
                "query": {
                    "x1": 3.303126185059578,
                    "x2": 0.6338644304408687
                },
                "metrics": {
                    "outcome": 0.18614115527118466
                },
                "metadata": {
                    "trials": 1
                }
            },
            {
                "query": {
                    "x1": 3.303143726535584,
                    "x2": 0.6338663431380569
                },
                "metrics": {
                    "outcome": 0.18613795239883618
                },
                "metadata": {
                    "trials": 1
                }
            },
            {
                "query": {
                    "x1": 3.3031446365947916,
                    "x2": 0.6338678223739338
                },
                "metrics": {
                    "outcome": 0.18614539491903132
                },
                "metadata": {
                    "trials": 1
                }
            },
            {
                "query": {
                    "x1": 3.3031446432084826,
                    "x2": 0.6338640711765375
                },
                "metrics": {
                    "outcome": 0.18612470786412588
                },
                "metadata": {
                    "trials": 1
                }
            }
        ],
        [
            {
                "query": {
                    "x1": 1.4485949622837975,
                    "x2": 0.05493086441626449
                },
                "metrics": {
                    "outcome": 2.0509239273262616
                },
                "metadata": {
                    "trials": 1
                }
            },
            {
                "query": {
                    "x1": 1.4485978294487571,
                    "x2": 0.05493073959969852
                },
                "metrics": {
                    "outcome": 2.0509117815152944
                },
                "metadata": {
                    "trials": 1
                }
            },
            {
                "query": {
                    "x1": 1.4486038277132307,
                    "x2": 0.05493222932311337
                },
                "metrics": {
                    "outcome": 2.050887539406524
                },
                "metadata": {
                    "trials": 1
                }
            },
            {
                "query": {
                    "x1": 1.4486076820150977,
                    "x2": 0.054932477995332185
                },
                "metrics": {
                    "outcome": 2.050871489795216
                },
                "metadata": {
                    "trials": 1
                }
            },
            {
                "query": {
                    "x1": 1.4486057001556318,
                    "x2": 0.0549306161874652
                },
                "metrics": {
                    "outcome": 2.0508785862530963
                },
                "metadata": {
                    "trials": 1
                }
            },
            {
                "query": {
                    "x1": 1.4486069121238874,
                    "x2": 0.054928892537930984
                },
                "metrics": {
                    "outcome": 2.0508723381445133
                },
                "metadata": {
                    "trials": 1
                }
            }
        ],
        [
            {
                "query": {
                    "x1": 3.579500177440485,
                    "x2": 0.9364185116748551
                },
                "metrics": {
                    "outcome": 8.831679760998847
                },
                "metadata": {
                    "trials": 1
                }
            },
            {
                "query": {
                    "x1": 3.5794852485692097,
                    "x2": 0.9364110920851392
                },
                "metrics": {
                    "outcome": 8.831174539371805
                },
                "metadata": {
                    "trials": 1
                }
            },
            {
                "query": {
                    "x1": 3.579478622695113,
                    "x2": 0.9364211588359987
                },
                "metrics": {
                    "outcome": 8.8318954309211
                },
                "metadata": {
                    "trials": 1
                }
            },
            {
                "query": {
                    "x1": 3.5795166854771754,
                    "x2": 0.9364199713234314
                },
                "metrics": {
                    "outcome": 8.83176127807851
                },
                "metadata": {
                    "trials": 1
                }
            },
            {
                "query": {
                    "x1": 3.5795279672400397,
                    "x2": 0.9364175239740655
                },
                "metrics": {
                    "outcome": 8.831573276704825
                },
                "metadata": {
                    "trials": 1
                }
            },
            {
                "query": {
                    "x1": 3.5795387117321837,
                    "x2": 0.9364215902391919
                },
                "metrics": {
                    "outcome": 8.831846795206639
                },
                "metadata": {
                    "trials": 1
                }
            }
        ]
    ],
    "best_results": [
        {
            "query": {
                "x1": 3.0294465960423533,
                "x2": 0.508492975452584
            },
            "metrics": [
                {
                    "name": "outcome",
                    "value": 0.0001737373661779933
                }
            ]
        }
    ]
}