{
    "date": "05/11/2022 12:08:43",
    "basic_params": {
        "active_variables": [
            "x1",
            "x2"
        ],
        "default_query": {},
        "metric": "basic",
        "n_trials": 1
    },
    "objective_function": {
        "name": "Beale",
        "params": {}
    },
    "optimizer": {
        "name": "BBO-LP(LCBa)-FoD",
        "params": {
            "lower_bound": [
                -4.5,
                -4.5
            ],
            "upper_bound": [
                4.5,
                4.5
            ],
            "invert_metric": false,
            "bopt_params": {
                "n_init_samples": 12,
                "n_iterations": 23,
                "n_iter_relearn": 5,
                "verbose_level": 0,
                "n_parallel_samples": 6,
                "fixed_dataset_size": 50,
                "par_type": "PAR_BBO",
                "crit_name": "cLP(cLCBa)",
                "n_crit_params": 3,
                "crit_params": [
                    6,
                    1,
                    5.0
                ]
            }
        }
    },
    "iterations": [
        [
            {
                "query": {
                    "x1": 0.007746497634798288,
                    "x2": -3.053549576550722
                },
                "metrics": {
                    "outcome": 13.257771115539281
                },
                "metadata": {
                    "trials": 1
                }
            }
        ],
        [
            {
                "query": {
                    "x1": -1.386417597066611,
                    "x2": -1.9111046125763096
                },
                "metrics": {
                    "outcome": 220.0612042333532
                },
                "metadata": {
                    "trials": 1
                }
            }
        ],
        [
            {
                "query": {
                    "x1": -2.790152603178285,
                    "x2": -0.7046174146234989
                },
                "metrics": {
                    "outcome": 93.3454127926988
                },
                "metadata": {
                    "trials": 1
                }
            }
        ],
        [
            {
                "query": {
                    "x1": 3.6085323864826933,
                    "x2": -1.3695582726504654
                },
                "metrics": {
                    "outcome": 184.11057600893307
                },
                "metadata": {
                    "trials": 1
                }
            }
        ],
        [
            {
                "query": {
                    "x1": 3.8418952650390565,
                    "x2": -2.7281219966243953
                },
                "metrics": {
                    "outcome": 7170.057618623919
                },
                "metadata": {
                    "trials": 1
                }
            }
        ],
        [
            {
                "query": {
                    "x1": -0.3064699496026151,
                    "x2": 0.13718719506869093
                },
                "metrics": {
                    "outcome": 18.20815841214484
                },
                "metadata": {
                    "trials": 1
                }
            }
        ],
        [
            {
                "query": {
                    "x1": -2.024767029681243,
                    "x2": 4.037131330871489
                },
                "metrics": {
                    "outcome": 17379.005508138085
                },
                "metadata": {
                    "trials": 1
                }
            }
        ],
        [
            {
                "query": {
                    "x1": 2.0497975060134195,
                    "x2": 3.0799881892162375
                },
                "metrics": {
                    "outcome": 4075.2585995848112
                },
                "metadata": {
                    "trials": 1
                }
            }
        ],
        [
            {
                "query": {
                    "x1": 1.3365870227571577,
                    "x2": 0.8792836895445362
                },
                "metrics": {
                    "outcome": 10.40892049055683
                },
                "metadata": {
                    "trials": 1
                }
            }
        ],
        [
            {
                "query": {
                    "x1": -3.196026340825483,
                    "x2": 1.5676555713289417
                },
                "metrics": {
                    "outcome": 48.04403380900529
                },
                "metadata": {
                    "trials": 1
                }
            }
        ],
        [
            {
                "query": {
                    "x1": 2.6366379496757872,
                    "x2": 2.57337606389774
                },
                "metrics": {
                    "outcome": 2341.3028478409033
                },
                "metadata": {
                    "trials": 1
                }
            }
        ],
        [
            {
                "query": {
                    "x1": -3.8980690642492846,
                    "x2": -4.345160460623447
                },
                "metrics": {
                    "outcome": 111529.50234012445
                },
                "metadata": {
                    "trials": 1
                }
            }
        ],
        [
            {
                "query": {
                    "x1": 0.19363393482516678,
                    "x2": -2.867575767269242
                },
                "metrics": {
                    "outcome": 18.432785246688887
                },
                "metadata": {
                    "trials": 1
                }
            },
            {
                "query": {
                    "x1": 0.19363393482516678,
                    "x2": -2.867575767269242
                },
                "metrics": {
                    "outcome": 18.432785246688887
                },
                "metadata": {
                    "trials": 1
                }
            },
            {
                "query": {
                    "x1": 0.19363393482516678,
                    "x2": -2.867575767269242
                },
                "metrics": {
                    "outcome": 18.432785246688887
                },
                "metadata": {
                    "trials": 1
                }
            },
            {
                "query": {
                    "x1": 0.19363393482516678,
                    "x2": -2.867575767269242
                },
                "metrics": {
                    "outcome": 18.432785246688887
                },
                "metadata": {
                    "trials": 1
                }
            },
            {
                "query": {
                    "x1": 0.19363393482516678,
                    "x2": -2.867575767269242
                },
                "metrics": {
                    "outcome": 18.432785246688887
                },
                "metadata": {
                    "trials": 1
                }
            },
            {
                "query": {
                    "x1": 0.19363393482516678,
                    "x2": -2.867575767269242
                },
                "metrics": {
                    "outcome": 18.432785246688887
                },
                "metadata": {
                    "trials": 1
                }
            }
        ],
        [
            {
                "query": {
                    "x1": 3.023912084442361,
                    "x2": -0.004912639341501546
                },
                "metrics": {
                    "outcome": 3.125763436772589
                },
                "metadata": {
                    "trials": 1
                }
            },
            {
                "query": {
                    "x1": 3.023912084442361,
                    "x2": -0.004912639341501546
                },
                "metrics": {
                    "outcome": 3.125763436772589
                },
                "metadata": {
                    "trials": 1
                }
            },
            {
                "query": {
                    "x1": 3.023912084442361,
                    "x2": -0.004912639341501546
                },
                "metrics": {
                    "outcome": 3.125763436772589
                },
                "metadata": {
                    "trials": 1
                }
            },
            {
                "query": {
                    "x1": 3.023912084442361,
                    "x2": -0.004912639341501546
                },
                "metrics": {
                    "outcome": 3.125763436772589
                },
                "metadata": {
                    "trials": 1
                }
            },
            {
                "query": {
                    "x1": 3.023912084442361,
                    "x2": -0.004912639341501546
                },
                "metrics": {
                    "outcome": 3.125763436772589
                },
                "metadata": {
                    "trials": 1
                }
            },
            {
                "query": {
                    "x1": 3.023912084442361,
                    "x2": -0.004912639341501546
                },
                "metrics": {
                    "outcome": 3.125763436772589
                },
                "metadata": {
                    "trials": 1
                }
            }
        ],
        [
            {
                "query": {
                    "x1": 3.5371132449321756,
                    "x2": -0.8763381790881377
                },
                "metrics": {
                    "outcome": 39.2709204478533
                },
                "metadata": {
                    "trials": 1
                }
            },
            {
                "query": {
                    "x1": 3.5371132449321756,
                    "x2": -0.8763381790881377
                },
                "metrics": {
                    "outcome": 39.2709204478533
                },
                "metadata": {
                    "trials": 1
                }
            },
            {
                "query": {
                    "x1": 3.5371132449321756,
                    "x2": -0.8763381790881377
                },
                "metrics": {
                    "outcome": 39.2709204478533
                },
                "metadata": {
                    "trials": 1
                }
            },
            {
                "query": {
                    "x1": 3.5371132449321756,
                    "x2": -0.8763381790881377
                },
                "metrics": {
                    "outcome": 39.2709204478533
                },
                "metadata": {
                    "trials": 1
                }
            },
            {
                "query": {
                    "x1": 3.5371132449321756,
                    "x2": -0.8763381790881377
                },
                "metrics": {
                    "outcome": 39.2709204478533
                },
                "metadata": {
                    "trials": 1
                }
            },
            {
                "query": {
                    "x1": 3.5371132449321756,
                    "x2": -0.8763381790881377
                },
                "metrics": {
                    "outcome": 39.2709204478533
                },
                "metadata": {
                    "trials": 1
                }
            }
        ],
        [
            {
                "query": {
                    "x1": 0.21324390770669766,
                    "x2": -3.030990484564517
                },
                "metrics": {
                    "outcome": 28.810055158832455
                },
                "metadata": {
                    "trials": 1
                }
            },
            {
                "query": {
                    "x1": 0.21324390770669766,
                    "x2": -3.030990484564517
                },
                "metrics": {
                    "outcome": 28.810055158832455
                },
                "metadata": {
                    "trials": 1
                }
            },
            {
                "query": {
                    "x1": 0.21324390770669766,
                    "x2": -3.030990484564517
                },
                "metrics": {
                    "outcome": 28.810055158832455
                },
                "metadata": {
                    "trials": 1
                }
            },
            {
                "query": {
                    "x1": 0.21324390770669766,
                    "x2": -3.030990484564517
                },
                "metrics": {
                    "outcome": 28.810055158832455
                },
                "metadata": {
                    "trials": 1
                }
            },
            {
                "query": {
                    "x1": 0.21324390770669766,
                    "x2": -3.030990484564517
                },
                "metrics": {
                    "outcome": 28.810055158832455
                },
                "metadata": {
                    "trials": 1
                }
            },
            {
                "query": {
                    "x1": 0.21324390770669766,
                    "x2": -3.030990484564517
                },
                "metrics": {
                    "outcome": 28.810055158832455
                },
                "metadata": {
                    "trials": 1
                }
            }
        ],
        [
            {
                "query": {
                    "x1": -0.05788348040374025,
                    "x2": -2.887820514830851
                },
                "metrics": {
                    "outcome": 22.92803095432449
                },
                "metadata": {
                    "trials": 1
                }
            },
            {
                "query": {
                    "x1": -0.05788348040374025,
                    "x2": -2.887820514830851
                },
                "metrics": {
                    "outcome": 22.92803095432449
                },
                "metadata": {
                    "trials": 1
                }
            },
            {
                "query": {
                    "x1": -0.05788348040374025,
                    "x2": -2.887820514830851
                },
                "metrics": {
                    "outcome": 22.92803095432449
                },
                "metadata": {
                    "trials": 1
                }
            },
            {
                "query": {
                    "x1": -0.05788348040374025,
                    "x2": -2.887820514830851
                },
                "metrics": {
                    "outcome": 22.92803095432449
                },
                "metadata": {
                    "trials": 1
                }
            },
            {
                "query": {
                    "x1": -0.05788348040374025,
                    "x2": -2.887820514830851
                },
                "metrics": {
                    "outcome": 22.92803095432449
                },
                "metadata": {
                    "trials": 1
                }
            },
            {
                "query": {
                    "x1": -0.05788348040374025,
                    "x2": -2.887820514830851
                },
                "metrics": {
                    "outcome": 22.92803095432449
                },
                "metadata": {
                    "trials": 1
                }
            }
        ],
        [
            {
                "query": {
                    "x1": 1.715166391010622,
                    "x2": 0.3646330079889504
                },
                "metrics": {
                    "outcome": 1.7362996566982574
                },
                "metadata": {
                    "trials": 1
                }
            },
            {
                "query": {
                    "x1": 1.7151661041911277,
                    "x2": 0.3646287570532465
                },
                "metrics": {
                    "outcome": 1.7362808574565263
                },
                "metadata": {
                    "trials": 1
                }
            },
            {
                "query": {
                    "x1": 1.7151627460879002,
                    "x2": 0.3646296341324442
                },
                "metrics": {
                    "outcome": 1.7362974959496351
                },
                "metadata": {
                    "trials": 1
                }
            },
            {
                "query": {
                    "x1": 1.7151570379320429,
                    "x2": 0.3646488205973597
                },
                "metrics": {
                    "outcome": 1.7364084973115637
                },
                "metadata": {
                    "trials": 1
                }
            },
            {
                "query": {
                    "x1": 1.7151645629888392,
                    "x2": 0.3646330300805847
                },
                "metrics": {
                    "outcome": 1.736306585603749
                },
                "metadata": {
                    "trials": 1
                }
            },
            {
                "query": {
                    "x1": 1.7151557497927534,
                    "x2": 0.36464521281558504
                },
                "metrics": {
                    "outcome": 1.7363964418759197
                },
                "metadata": {
                    "trials": 1
                }
            }
        ],
        [
            {
                "query": {
                    "x1": 1.807516805007257,
                    "x2": 0.15171554700277046
                },
                "metrics": {
                    "outcome": 0.9140878771448468
                },
                "metadata": {
                    "trials": 1
                }
            },
            {
                "query": {
                    "x1": 1.801062983707916,
                    "x2": 0.4645973535311372
                },
                "metrics": {
                    "outcome": 1.997847679879424
                },
                "metadata": {
                    "trials": 1
                }
            },
            {
                "query": {
                    "x1": 1.7985962872641021,
                    "x2": 0.4721700641654758
                },
                "metrics": {
                    "outcome": 2.0615060370328773
                },
                "metadata": {
                    "trials": 1
                }
            },
            {
                "query": {
                    "x1": 1.8259401333458198,
                    "x2": 0.45665553410350146
                },
                "metrics": {
                    "outcome": 1.8523149907360383
                },
                "metadata": {
                    "trials": 1
                }
            },
            {
                "query": {
                    "x1": 1.8341759105338227,
                    "x2": 0.4571757535957026
                },
                "metrics": {
                    "outcome": 1.826404413334274
                },
                "metadata": {
                    "trials": 1
                }
            },
            {
                "query": {
                    "x1": 1.7993669276245878,
                    "x2": 0.47075590228758113
                },
                "metrics": {
                    "outcome": 2.048320057693397
                },
                "metadata": {
                    "trials": 1
                }
            }
        ],
        [
            {
                "query": {
                    "x1": -4.4339701630661414,
                    "x2": 0.29128432642636426
                },
                "metrics": {
                    "outcome": 109.63395540568203
                },
                "metadata": {
                    "trials": 1
                }
            },
            {
                "query": {
                    "x1": -4.434078779503113,
                    "x2": 0.2914175566727941
                },
                "metrics": {
                    "outcome": 109.62547812491417
                },
                "metadata": {
                    "trials": 1
                }
            },
            {
                "query": {
                    "x1": -4.433954884974479,
                    "x2": 0.29134199253726933
                },
                "metrics": {
                    "outcome": 109.6283133540376
                },
                "metadata": {
                    "trials": 1
                }
            },
            {
                "query": {
                    "x1": -4.43390570667093,
                    "x2": 0.29147594840603475
                },
                "metrics": {
                    "outcome": 109.61477168138666
                },
                "metadata": {
                    "trials": 1
                }
            },
            {
                "query": {
                    "x1": -4.433718245987333,
                    "x2": 0.291328566974725
                },
                "metrics": {
                    "outcome": 109.6220178701568
                },
                "metadata": {
                    "trials": 1
                }
            },
            {
                "query": {
                    "x1": -4.433711810655549,
                    "x2": 0.29137818402931526
                },
                "metrics": {
                    "outcome": 109.61737601463105
                },
                "metadata": {
                    "trials": 1
                }
            }
        ],
        [
            {
                "query": {
                    "x1": -4.5,
                    "x2": 4.5
                },
                "metrics": {
                    "outcome": 169680.83203125
                },
                "metadata": {
                    "trials": 1
                }
            },
            {
                "query": {
                    "x1": -4.49997216929439,
                    "x2": 4.499999999999998
                },
                "metrics": {
                    "outcome": 169678.71752561844
                },
                "metadata": {
                    "trials": 1
                }
            },
            {
                "query": {
                    "x1": -4.4999443589048935,
                    "x2": 4.5
                },
                "metrics": {
                    "outcome": 169676.60457671518
                },
                "metadata": {
                    "trials": 1
                }
            },
            {
                "query": {
                    "x1": -4.4999165227346305,
                    "x2": 4.5
                },
                "metrics": {
                    "outcome": 169674.48968224175
                },
                "metadata": {
                    "trials": 1
                }
            },
            {
                "query": {
                    "x1": -4.49988873616423,
                    "x2": 4.5
                },
                "metrics": {
                    "outcome": 169672.37856933725
                },
                "metadata": {
                    "trials": 1
                }
            },
            {
                "query": {
                    "x1": -4.499860905817153,
                    "x2": 4.5
                },
                "metrics": {
                    "outcome": 169670.26414362012
                },
                "metadata": {
                    "trials": 1
                }
            }
        ],
        [
            {
                "query": {
                    "x1": -3.0,
                    "x2": 0.0
                },
                "metrics": {
                    "outcome": 79.453125
                },
                "metadata": {
                    "trials": 1
                }
            },
            {
                "query": {
                    "x1": -3.0,
                    "x2": 2.999999999999999
                },
                "metrics": {
                    "outcome": 6174.703124999988
                },
                "metadata": {
                    "trials": 1
                }
            },
            {
                "query": {
                    "x1": -1.0,
                    "x2": 2.999999999999999
                },
                "metrics": {
                    "outcome": 579.7031249999987
                },
                "metadata": {
                    "trials": 1
                }
            },
            {
                "query": {
                    "x1": 1.0,
                    "x2": 2.999999999999999
                },
                "metrics": {
                    "outcome": 936.7031249999984
                },
                "metadata": {
                    "trials": 1
                }
            },
            {
                "query": {
                    "x1": -3.0,
                    "x2": -3.0
                },
                "metrics": {
                    "outcome": 8159.203125
                },
                "metadata": {
                    "trials": 1
                }
            },
            {
                "query": {
                    "x1": -1.0,
                    "x2": 4.0
                },
                "metrics": {
                    "outcome": 3809.953125
                },
                "metadata": {
                    "trials": 1
                }
            }
        ],
        [
            {
                "query": {
                    "x1": 4.375,
                    "x2": 2.999999999999999
                },
                "metrics": {
                    "outcome": 15035.76562499997
                },
                "metadata": {
                    "trials": 1
                }
            },
            {
                "query": {
                    "x1": 4.0,
                    "x2": 4.125
                },
                "metrics": {
                    "outcome": 82648.10357666016
                },
                "metadata": {
                    "trials": 1
                }
            },
            {
                "query": {
                    "x1": 4.009093723605172,
                    "x2": 2.993162358306071
                },
                "metrics": {
                    "outcome": 12518.961773974454
                },
                "metadata": {
                    "trials": 1
                }
            },
            {
                "query": {
                    "x1": 4.0,
                    "x2": 2.999999999999999
                },
                "metrics": {
                    "outcome": 12632.203124999976
                },
                "metadata": {
                    "trials": 1
                }
            },
            {
                "query": {
                    "x1": -0.3440910356490825,
                    "x2": 4.46455469285708
                },
                "metrics": {
                    "outcome": 782.8630039083345
                },
                "metadata": {
                    "trials": 1
                }
            },
            {
                "query": {
                    "x1": -0.3385684816035166,
                    "x2": 4.457117639629791
                },
                "metrics": {
                    "outcome": 747.0291423970561
                },
                "metadata": {
                    "trials": 1
                }
            }
        ],
        [
            {
                "query": {
                    "x1": 0.4507275050732007,
                    "x2": -2.6166136817527703
                },
                "metrics": {
                    "outcome": 58.69910013217942
                },
                "metadata": {
                    "trials": 1
                }
            },
            {
                "query": {
                    "x1": 0.4507275050732007,
                    "x2": -2.6166136817527703
                },
                "metrics": {
                    "outcome": 58.69910013217942
                },
                "metadata": {
                    "trials": 1
                }
            },
            {
                "query": {
                    "x1": 0.4507275050732007,
                    "x2": -2.6166136817527703
                },
                "metrics": {
                    "outcome": 58.69910013217942
                },
                "metadata": {
                    "trials": 1
                }
            },
            {
                "query": {
                    "x1": 0.4507275050732007,
                    "x2": -2.6166136817527703
                },
                "metrics": {
                    "outcome": 58.69910013217942
                },
                "metadata": {
                    "trials": 1
                }
            },
            {
                "query": {
                    "x1": 0.4507275050732007,
                    "x2": -2.6166136817527703
                },
                "metrics": {
                    "outcome": 58.69910013217942
                },
                "metadata": {
                    "trials": 1
                }
            },
            {
                "query": {
                    "x1": 0.4507275050732007,
                    "x2": -2.6166136817527703
                },
                "metrics": {
                    "outcome": 58.69910013217942
                },
                "metadata": {
                    "trials": 1
                }
            }
        ],
        [
            {
                "query": {
                    "x1": 0.09093877998167166,
                    "x2": 1.5054485187186835
                },
                "metrics": {
                    "outcome": 16.074250399064773
                },
                "metadata": {
                    "trials": 1
                }
            },
            {
                "query": {
                    "x1": 0.09094014022220076,
                    "x2": 1.5054450275977445
                },
                "metrics": {
                    "outcome": 16.07426155351652
                },
                "metadata": {
                    "trials": 1
                }
            },
            {
                "query": {
                    "x1": 0.09093530445378306,
                    "x2": 1.5054466520141938
                },
                "metrics": {
                    "outcome": 16.074166953600244
                },
                "metadata": {
                    "trials": 1
                }
            },
            {
                "query": {
                    "x1": 0.09093877226099067,
                    "x2": 1.5054409991018547
                },
                "metrics": {
                    "outcome": 16.07421193230063
                },
                "metadata": {
                    "trials": 1
                }
            },
            {
                "query": {
                    "x1": 0.09093628267863352,
                    "x2": 1.5054440821958668
                },
                "metrics": {
                    "outcome": 16.07417467450052
                },
                "metadata": {
                    "trials": 1
                }
            },
            {
                "query": {
                    "x1": 0.09095869619839103,
                    "x2": 1.5054340882121684
                },
                "metrics": {
                    "outcome": 16.074600573515305
                },
                "metadata": {
                    "trials": 1
                }
            }
        ],
        [
            {
                "query": {
                    "x1": 0.4992495247198967,
                    "x2": -3.0978445599407163
                },
                "metrics": {
                    "outcome": 204.80056319662188
                },
                "metadata": {
                    "trials": 1
                }
            },
            {
                "query": {
                    "x1": 0.4992495247198967,
                    "x2": -3.0978445599407163
                },
                "metrics": {
                    "outcome": 204.80056319662188
                },
                "metadata": {
                    "trials": 1
                }
            },
            {
                "query": {
                    "x1": 0.4992495247198967,
                    "x2": -3.0978445599407163
                },
                "metrics": {
                    "outcome": 204.80056319662188
                },
                "metadata": {
                    "trials": 1
                }
            },
            {
                "query": {
                    "x1": 0.4992495247198967,
                    "x2": -3.0978445599407163
                },
                "metrics": {
                    "outcome": 204.80056319662188
                },
                "metadata": {
                    "trials": 1
                }
            },
            {
                "query": {
                    "x1": 0.4992495247198967,
                    "x2": -3.0978445599407163
                },
                "metrics": {
                    "outcome": 204.80056319662188
                },
                "metadata": {
                    "trials": 1
                }
            },
            {
                "query": {
                    "x1": 0.4992495247198967,
                    "x2": -3.0978445599407163
                },
                "metrics": {
                    "outcome": 204.80056319662188
                },
                "metadata": {
                    "trials": 1
                }
            }
        ],
        [
            {
                "query": {
                    "x1": 1.2129728459055187,
                    "x2": -2.340416224626841
                },
                "metrics": {
                    "outcome": 265.3940966566462
                },
                "metadata": {
                    "trials": 1
                }
            },
            {
                "query": {
                    "x1": 1.2129728459055187,
                    "x2": -2.340416224626841
                },
                "metrics": {
                    "outcome": 265.3940966566462
                },
                "metadata": {
                    "trials": 1
                }
            },
            {
                "query": {
                    "x1": 1.2129728459055187,
                    "x2": -2.340416224626841
                },
                "metrics": {
                    "outcome": 265.3940966566462
                },
                "metadata": {
                    "trials": 1
                }
            },
            {
                "query": {
                    "x1": 1.2129728459055187,
                    "x2": -2.340416224626841
                },
                "metrics": {
                    "outcome": 265.3940966566462
                },
                "metadata": {
                    "trials": 1
                }
            },
            {
                "query": {
                    "x1": 1.2129728459055187,
                    "x2": -2.340416224626841
                },
                "metrics": {
                    "outcome": 265.3940966566462
                },
                "metadata": {
                    "trials": 1
                }
            },
            {
                "query": {
                    "x1": 1.2129728459055187,
                    "x2": -2.340416224626841
                },
                "metrics": {
                    "outcome": 265.3940966566462
                },
                "metadata": {
                    "trials": 1
                }
            }
        ],
        [
            {
                "query": {
                    "x1": 2.716657190813196,
                    "x2": -0.06157893761165223
                },
                "metrics": {
                    "outcome": 2.132084954342245
                },
                "metadata": {
                    "trials": 1
                }
            },
            {
                "query": {
                    "x1": 2.716688180034751,
                    "x2": -0.06157966461275688
                },
                "metrics": {
                    "outcome": 2.132215161410575
                },
                "metadata": {
                    "trials": 1
                }
            },
            {
                "query": {
                    "x1": 2.7167167197474145,
                    "x2": -0.06158244233854138
                },
                "metrics": {
                    "outcome": 2.132350303648747
                },
                "metadata": {
                    "trials": 1
                }
            },
            {
                "query": {
                    "x1": 2.716624327549618,
                    "x2": -0.06157663519649326
                },
                "metrics": {
                    "outcome": 2.1319358238126744
                },
                "metadata": {
                    "trials": 1
                }
            },
            {
                "query": {
                    "x1": 2.716595724321305,
                    "x2": -0.06157525599664826
                },
                "metrics": {
                    "outcome": 2.1318105416804003
                },
                "metadata": {
                    "trials": 1
                }
            },
            {
                "query": {
                    "x1": 2.7167450249464737,
                    "x2": -0.06158405697182534
                },
                "metrics": {
                    "outcome": 2.132476108440579
                },
                "metadata": {
                    "trials": 1
                }
            }
        ],
        [
            {
                "query": {
                    "x1": 4.499843163430656,
                    "x2": -0.4499403484811966
                },
                "metrics": {
                    "outcome": 32.25818909582111
                },
                "metadata": {
                    "trials": 1
                }
            },
            {
                "query": {
                    "x1": 4.499775649425109,
                    "x2": -0.449957850399211
                },
                "metrics": {
                    "outcome": 32.25754481512385
                },
                "metadata": {
                    "trials": 1
                }
            },
            {
                "query": {
                    "x1": 4.499107326219441,
                    "x2": -0.44989684888675896
                },
                "metrics": {
                    "outcome": 32.24019188816468
                },
                "metadata": {
                    "trials": 1
                }
            },
            {
                "query": {
                    "x1": 4.499107322100063,
                    "x2": -0.4499402306231923
                },
                "metrics": {
                    "outcome": 32.242223992685766
                },
                "metadata": {
                    "trials": 1
                }
            },
            {
                "query": {
                    "x1": 4.499093298864125,
                    "x2": -0.45016978402242014
                },
                "metrics": {
                    "outcome": 32.25267686342581
                },
                "metadata": {
                    "trials": 1
                }
            },
            {
                "query": {
                    "x1": 4.499093279837172,
                    "x2": -0.4499682152923139
                },
                "metrics": {
                    "outcome": 32.24323051000256
                },
                "metadata": {
                    "trials": 1
                }
            }
        ],
        [
            {
                "query": {
                    "x1": 1.62497415589172,
                    "x2": 0.12412030479254987
                },
                "metrics": {
                    "outcome": 1.4347396000335948
                },
                "metadata": {
                    "trials": 1
                }
            },
            {
                "query": {
                    "x1": 1.6250044101805399,
                    "x2": 0.12412061185603473
                },
                "metrics": {
                    "outcome": 1.434636510129291
                },
                "metadata": {
                    "trials": 1
                }
            },
            {
                "query": {
                    "x1": 1.6249440870559821,
                    "x2": 0.12411996427966088
                },
                "metrics": {
                    "outcome": 1.434842030249145
                },
                "metadata": {
                    "trials": 1
                }
            },
            {
                "query": {
                    "x1": 1.625033895848981,
                    "x2": 0.12412017594134994
                },
                "metrics": {
                    "outcome": 1.434535364518148
                },
                "metadata": {
                    "trials": 1
                }
            },
            {
                "query": {
                    "x1": 1.6249146701084713,
                    "x2": 0.12412276281077528
                },
                "metrics": {
                    "outcome": 1.434945140221491
                },
                "metadata": {
                    "trials": 1
                }
            },
            {
                "query": {
                    "x1": 1.624959315149356,
                    "x2": 0.12414542023312869
                },
                "metrics": {
                    "outcome": 1.4348135332748817
                },
                "metadata": {
                    "trials": 1
                }
            }
        ],
        [
            {
                "query": {
                    "x1": 0.15906124417699452,
                    "x2": 4.252861374066688
                },
                "metrics": {
                    "outcome": 244.87045846902964
                },
                "metadata": {
                    "trials": 1
                }
            },
            {
                "query": {
                    "x1": 0.15906124417699452,
                    "x2": 4.252861374066688
                },
                "metrics": {
                    "outcome": 244.87045846902964
                },
                "metadata": {
                    "trials": 1
                }
            },
            {
                "query": {
                    "x1": 0.15906124417699452,
                    "x2": 4.252861374066688
                },
                "metrics": {
                    "outcome": 244.87045846902964
                },
                "metadata": {
                    "trials": 1
                }
            },
            {
                "query": {
                    "x1": 0.15906124417699452,
                    "x2": 4.252861374066688
                },
                "metrics": {
                    "outcome": 244.87045846902964
                },
                "metadata": {
                    "trials": 1
                }
            },
            {
                "query": {
                    "x1": 0.15906124417699452,
                    "x2": 4.252861374066688
                },
                "metrics": {
                    "outcome": 244.87045846902964
                },
                "metadata": {
                    "trials": 1
                }
            },
            {
                "query": {
                    "x1": 0.15906124417699452,
                    "x2": 4.252861374066688
                },
                "metrics": {
                    "outcome": 244.87045846902964
                },
                "metadata": {
                    "trials": 1
                }
            }
        ],
        [
            {
                "query": {
                    "x1": 0.0,
                    "x2": 0.0
                },
                "metrics": {
                    "outcome": 14.203125
                },
                "metadata": {
                    "trials": 1
                }
            },
            {
                "query": {
                    "x1": -3.0,
                    "x2": 0.0
                },
                "metrics": {
                    "outcome": 79.453125
                },
                "metadata": {
                    "trials": 1
                }
            },
            {
                "query": {
                    "x1": 0.0,
                    "x2": 2.999999999999999
                },
                "metrics": {
                    "outcome": 14.203125
                },
                "metadata": {
                    "trials": 1
                }
            },
            {
                "query": {
                    "x1": -3.0,
                    "x2": -3.0
                },
                "metrics": {
                    "outcome": 8159.203125
                },
                "metadata": {
                    "trials": 1
                }
            },
            {
                "query": {
                    "x1": 2.999999999999999,
                    "x2": -3.0
                },
                "metrics": {
                    "outcome": 7421.2031249999945
                },
                "metadata": {
                    "trials": 1
                }
            },
            {
                "query": {
                    "x1": -1.0,
                    "x2": -3.0
                },
                "metrics": {
                    "outcome": 1001.203125
                },
                "metadata": {
                    "trials": 1
                }
            }
        ],
        [
            {
                "query": {
                    "x1": 4.498458512136839,
                    "x2": 2.257699282209951
                },
                "metrics": {
                    "outcome": 2968.4137682288642
                },
                "metadata": {
                    "trials": 1
                }
            },
            {
                "query": {
                    "x1": 4.498456212593597,
                    "x2": 2.258895162628745
                },
                "metrics": {
                    "outcome": 2977.7136402022984
                },
                "metadata": {
                    "trials": 1
                }
            },
            {
                "query": {
                    "x1": 4.498456767022262,
                    "x2": 2.2592446953940355
                },
                "metrics": {
                    "outcome": 2980.437872077585
                },
                "metadata": {
                    "trials": 1
                }
            },
            {
                "query": {
                    "x1": 4.493942901234567,
                    "x2": 2.259259259259256
                },
                "metrics": {
                    "outcome": 2974.951015512487
                },
                "metadata": {
                    "trials": 1
                }
            },
            {
                "query": {
                    "x1": 4.493783014973568,
                    "x2": 2.254196481565872
                },
                "metrics": {
                    "outcome": 2935.581770270641
                },
                "metadata": {
                    "trials": 1
                }
            },
            {
                "query": {
                    "x1": 4.4938387345679,
                    "x2": 2.259259259259256
                },
                "metrics": {
                    "outcome": 2974.8218374853727
                },
                "metadata": {
                    "trials": 1
                }
            }
        ],
        [
            {
                "query": {
                    "x1": -3.0,
                    "x2": 2.999999999999999
                },
                "metrics": {
                    "outcome": 6174.703124999988
                },
                "metadata": {
                    "trials": 1
                }
            },
            {
                "query": {
                    "x1": 2.999999999999999,
                    "x2": 2.999999999999999
                },
                "metrics": {
                    "outcome": 7245.703124999982
                },
                "metadata": {
                    "trials": 1
                }
            },
            {
                "query": {
                    "x1": 0.0,
                    "x2": -1.6441666666666666
                },
                "metrics": {
                    "outcome": 14.203125
                },
                "metadata": {
                    "trials": 1
                }
            },
            {
                "query": {
                    "x1": 0.0,
                    "x2": -1.6666666666666665
                },
                "metrics": {
                    "outcome": 14.203125
                },
                "metadata": {
                    "trials": 1
                }
            },
            {
                "query": {
                    "x1": -0.33333333333333304,
                    "x2": -4.5
                },
                "metrics": {
                    "outcome": 1139.5833333333314
                },
                "metadata": {
                    "trials": 1
                }
            },
            {
                "query": {
                    "x1": -0.4924323591003068,
                    "x2": -4.409099025766973
                },
                "metrics": {
                    "outcome": 2118.398692871816
                },
                "metadata": {
                    "trials": 1
                }
            }
        ],
        [
            {
                "query": {
                    "x1": 4.5,
                    "x2": -1.219557132136143
                },
                "metrics": {
                    "outcome": 192.5357746988079
                },
                "metadata": {
                    "trials": 1
                }
            },
            {
                "query": {
                    "x1": 4.5,
                    "x2": -1.2194270301553107
                },
                "metrics": {
                    "outcome": 192.46072099566283
                },
                "metadata": {
                    "trials": 1
                }
            },
            {
                "query": {
                    "x1": 4.5,
                    "x2": -1.2196859120329404
                },
                "metrics": {
                    "outcome": 192.61009619761646
                },
                "metadata": {
                    "trials": 1
                }
            },
            {
                "query": {
                    "x1": 4.5,
                    "x2": -1.2198133940044897
                },
                "metrics": {
                    "outcome": 192.68369851974413
                },
                "metadata": {
                    "trials": 1
                }
            },
            {
                "query": {
                    "x1": 4.5,
                    "x2": -1.219938770055589
                },
                "metrics": {
                    "outcome": 192.75611398737354
                },
                "metadata": {
                    "trials": 1
                }
            },
            {
                "query": {
                    "x1": 4.5,
                    "x2": -1.2200630825555892
                },
                "metrics": {
                    "outcome": 192.82794357468225
                },
                "metadata": {
                    "trials": 1
                }
            }
        ]
    ],
    "best_results": [
        {
            "query": {
                "x1": 1.807516805007257,
                "x2": 0.15171554700277046
            },
            "metrics": [
                {
                    "name": "outcome",
                    "value": 0.9140878771448468
                }
            ]
        }
    ]
}