{
    "date": "05/11/2022 12:08:24",
    "basic_params": {
        "active_variables": [
            "x1",
            "x2"
        ],
        "default_query": {},
        "metric": "basic",
        "n_trials": 1
    },
    "objective_function": {
        "name": "Beale",
        "params": {}
    },
    "optimizer": {
        "name": "BBO-LP(LCBa)-FoD",
        "params": {
            "lower_bound": [
                -4.5,
                -4.5
            ],
            "upper_bound": [
                4.5,
                4.5
            ],
            "invert_metric": false,
            "bopt_params": {
                "n_init_samples": 12,
                "n_iterations": 23,
                "n_iter_relearn": 5,
                "verbose_level": 0,
                "n_parallel_samples": 6,
                "fixed_dataset_size": 50,
                "par_type": "PAR_BBO",
                "crit_name": "cLP(cLCBa)",
                "n_crit_params": 3,
                "crit_params": [
                    6,
                    1,
                    5.0
                ]
            }
        }
    },
    "iterations": [
        [
            {
                "query": {
                    "x1": 3.125537828891538,
                    "x2": 2.430015391088091
                },
                "metrics": {
                    "outcome": 2311.4937578978243
                },
                "metadata": {
                    "trials": 1
                }
            }
        ],
        [
            {
                "query": {
                    "x1": 2.070518771011848,
                    "x2": -3.781634087150451
                },
                "metrics": {
                    "outcome": 13372.317449021622
                },
                "metadata": {
                    "trials": 1
                }
            }
        ],
        [
            {
                "query": {
                    "x1": -3.8290051192743704,
                    "x2": 1.2559261089772917
                },
                "metrics": {
                    "outcome": 1.552049741018136
                },
                "metadata": {
                    "trials": 1
                }
            }
        ],
        [
            {
                "query": {
                    "x1": -0.9291283803759143,
                    "x2": 2.1484668608754873
                },
                "metrics": {
                    "outcome": 33.456124521287315
                },
                "metadata": {
                    "trials": 1
                }
            }
        ],
        [
            {
                "query": {
                    "x1": 4.041316661343444,
                    "x2": 0.0483608657377772
                },
                "metrics": {
                    "outcome": 10.682830904572539
                },
                "metadata": {
                    "trials": 1
                }
            }
        ],
        [
            {
                "query": {
                    "x1": -0.7061692609568126,
                    "x2": -2.3833281547995284
                },
                "metrics": {
                    "outcome": 182.42266097439452
                },
                "metadata": {
                    "trials": 1
                }
            }
        ],
        [
            {
                "query": {
                    "x1": -1.8218308202340268,
                    "x2": -3.3382254601456225
                },
                "metrics": {
                    "outcome": 5567.5116016855645
                },
                "metadata": {
                    "trials": 1
                }
            }
        ],
        [
            {
                "query": {
                    "x1": 1.4883669182891026,
                    "x2": -0.7121596863144077
                },
                "metrics": {
                    "outcome": 3.7575873151051584
                },
                "metadata": {
                    "trials": 1
                }
            }
        ],
        [
            {
                "query": {
                    "x1": -2.585471072990913,
                    "x2": 3.264803155849222
                },
                "metrics": {
                    "outcome": 7719.934846746846
                },
                "metadata": {
                    "trials": 1
                }
            }
        ],
        [
            {
                "query": {
                    "x1": -3.3269608509144746,
                    "x2": 4.324220627720933
                },
                "metrics": {
                    "outcome": 72499.18164689979
                },
                "metadata": {
                    "trials": 1
                }
            }
        ],
        [
            {
                "query": {
                    "x1": 0.06367204966954887,
                    "x2": -1.078169800050091
                },
                "metrics": {
                    "outcome": 13.137672019308962
                },
                "metadata": {
                    "trials": 1
                }
            }
        ],
        [
            {
                "query": {
                    "x1": 2.637256463058293,
                    "x2": -1.9476764266728424
                },
                "metrics": {
                    "outcome": 511.9946757359475
                },
                "metadata": {
                    "trials": 1
                }
            }
        ],
        [
            {
                "query": {
                    "x1": -3.894126048780344,
                    "x2": 0.8694536803395545
                },
                "metrics": {
                    "outcome": 29.9547542909463
                },
                "metadata": {
                    "trials": 1
                }
            },
            {
                "query": {
                    "x1": -3.894126048780344,
                    "x2": 0.8694536803395545
                },
                "metrics": {
                    "outcome": 29.9547542909463
                },
                "metadata": {
                    "trials": 1
                }
            },
            {
                "query": {
                    "x1": -3.894126048780344,
                    "x2": 0.8694536803395545
                },
                "metrics": {
                    "outcome": 29.9547542909463
                },
                "metadata": {
                    "trials": 1
                }
            },
            {
                "query": {
                    "x1": -3.894126048780344,
                    "x2": 0.8694536803395545
                },
                "metrics": {
                    "outcome": 29.9547542909463
                },
                "metadata": {
                    "trials": 1
                }
            },
            {
                "query": {
                    "x1": -3.894126048780344,
                    "x2": 0.8694536803395545
                },
                "metrics": {
                    "outcome": 29.9547542909463
                },
                "metadata": {
                    "trials": 1
                }
            },
            {
                "query": {
                    "x1": -3.894126048780344,
                    "x2": 0.8694536803395545
                },
                "metrics": {
                    "outcome": 29.9547542909463
                },
                "metadata": {
                    "trials": 1
                }
            }
        ],
        [
            {
                "query": {
                    "x1": -0.26901805500726184,
                    "x2": -1.8708142206965612
                },
                "metrics": {
                    "outcome": 29.3252607180876
                },
                "metadata": {
                    "trials": 1
                }
            },
            {
                "query": {
                    "x1": -0.2690180596580909,
                    "x2": -1.8708142364379574
                },
                "metrics": {
                    "outcome": 29.325261452186332
                },
                "metadata": {
                    "trials": 1
                }
            },
            {
                "query": {
                    "x1": -0.2690180739216128,
                    "x2": -1.8708141958159055
                },
                "metrics": {
                    "outcome": 29.325261539144996
                },
                "metadata": {
                    "trials": 1
                }
            },
            {
                "query": {
                    "x1": -0.26901804708859345,
                    "x2": -1.8708142204010452
                },
                "metrics": {
                    "outcome": 29.325260113537418
                },
                "metadata": {
                    "trials": 1
                }
            },
            {
                "query": {
                    "x1": -0.2690180653455183,
                    "x2": -1.8708141437100276
                },
                "metrics": {
                    "outcome": 29.325259623569234
                },
                "metadata": {
                    "trials": 1
                }
            },
            {
                "query": {
                    "x1": -0.26901810092491196,
                    "x2": -1.8708140926985521
                },
                "metrics": {
                    "outcome": 29.325261065566323
                },
                "metadata": {
                    "trials": 1
                }
            }
        ],
        [
            {
                "query": {
                    "x1": 1.2476706413944987,
                    "x2": -0.2749223113056347
                },
                "metrics": {
                    "outcome": 3.037115245384546
                },
                "metadata": {
                    "trials": 1
                }
            },
            {
                "query": {
                    "x1": 1.2476783771753484,
                    "x2": -0.2749150320999414
                },
                "metrics": {
                    "outcome": 3.0370729734950674
                },
                "metadata": {
                    "trials": 1
                }
            },
            {
                "query": {
                    "x1": 1.2476606057869075,
                    "x2": -0.2749256949330059
                },
                "metrics": {
                    "outcome": 3.0371642297056516
                },
                "metadata": {
                    "trials": 1
                }
            },
            {
                "query": {
                    "x1": 1.247665018865229,
                    "x2": -0.2749131344986768
                },
                "metrics": {
                    "outcome": 3.0371319904054808
                },
                "metadata": {
                    "trials": 1
                }
            },
            {
                "query": {
                    "x1": 1.2476725230709214,
                    "x2": -0.2749329741386983
                },
                "metrics": {
                    "outcome": 3.037116977499867
                },
                "metadata": {
                    "trials": 1
                }
            },
            {
                "query": {
                    "x1": 1.2476817830915996,
                    "x2": -0.274925545111941
                },
                "metrics": {
                    "outcome": 3.0370676177025726
                },
                "metadata": {
                    "trials": 1
                }
            }
        ],
        [
            {
                "query": {
                    "x1": -0.11863239189700003,
                    "x2": 0.4472268962832562
                },
                "metrics": {
                    "outcome": 15.419009653281702
                },
                "metadata": {
                    "trials": 1
                }
            },
            {
                "query": {
                    "x1": -0.11856310615462284,
                    "x2": 0.44726905432025
                },
                "metrics": {
                    "outcome": 15.418231940021588
                },
                "metadata": {
                    "trials": 1
                }
            },
            {
                "query": {
                    "x1": -0.11870553077241208,
                    "x2": 0.44718975238101866
                },
                "metrics": {
                    "outcome": 15.419821436280166
                },
                "metadata": {
                    "trials": 1
                }
            },
            {
                "query": {
                    "x1": -0.11869883267951575,
                    "x2": 0.4472700490962431
                },
                "metrics": {
                    "outcome": 15.41965028366737
                },
                "metadata": {
                    "trials": 1
                }
            },
            {
                "query": {
                    "x1": -0.11849499114932449,
                    "x2": 0.4473107322329106
                },
                "metrics": {
                    "outcome": 15.417467150693842
                },
                "metadata": {
                    "trials": 1
                }
            },
            {
                "query": {
                    "x1": -0.11862979914208083,
                    "x2": 0.44731054228535516
                },
                "metrics": {
                    "outcome": 15.418877283865985
                },
                "metadata": {
                    "trials": 1
                }
            }
        ],
        [
            {
                "query": {
                    "x1": 0.7053599327756981,
                    "x2": 4.4998425096944334
                },
                "metrics": {
                    "outcome": 4647.209078746972
                },
                "metadata": {
                    "trials": 1
                }
            },
            {
                "query": {
                    "x1": 0.7054773164227957,
                    "x2": 4.499842445734835
                },
                "metrics": {
                    "outcome": 4648.683903600416
                },
                "metadata": {
                    "trials": 1
                }
            },
            {
                "query": {
                    "x1": 0.705513224876241,
                    "x2": 4.499774855382029
                },
                "metrics": {
                    "outcome": 4648.737732725756
                },
                "metadata": {
                    "trials": 1
                }
            },
            {
                "query": {
                    "x1": 0.7063903019233111,
                    "x2": 4.499843041440679
                },
                "metrics": {
                    "outcome": 4660.169219130588
                },
                "metadata": {
                    "trials": 1
                }
            },
            {
                "query": {
                    "x1": 0.7065249599959911,
                    "x2": 4.49984298867669
                },
                "metrics": {
                    "outcome": 4661.8635832522605
                },
                "metadata": {
                    "trials": 1
                }
            },
            {
                "query": {
                    "x1": 0.7066532463721824,
                    "x2": 4.499843047253108
                },
                "metrics": {
                    "outcome": 4663.478702909323
                },
                "metadata": {
                    "trials": 1
                }
            }
        ],
        [
            {
                "query": {
                    "x1": -3.865987555452014,
                    "x2": 1.1674480425959946
                },
                "metrics": {
                    "outcome": 1.5595725847432507
                },
                "metadata": {
                    "trials": 1
                }
            },
            {
                "query": {
                    "x1": -3.864760457197044,
                    "x2": 1.16298991158369
                },
                "metrics": {
                    "outcome": 1.7132075756856775
                },
                "metadata": {
                    "trials": 1
                }
            },
            {
                "query": {
                    "x1": -3.8630362026842735,
                    "x2": 1.1640458015002473
                },
                "metrics": {
                    "outcome": 1.6783760497362676
                },
                "metadata": {
                    "trials": 1
                }
            },
            {
                "query": {
                    "x1": -3.864009314171847,
                    "x2": 1.1637994868003085
                },
                "metrics": {
                    "outcome": 1.6856612279292293
                },
                "metadata": {
                    "trials": 1
                }
            },
            {
                "query": {
                    "x1": -3.847523247222687,
                    "x2": 1.1586392000693637
                },
                "metrics": {
                    "outcome": 1.899074509726405
                },
                "metadata": {
                    "trials": 1
                }
            },
            {
                "query": {
                    "x1": -3.860216827081084,
                    "x2": 1.177690559270796
                },
                "metrics": {
                    "outcome": 1.2670358298779318
                },
                "metadata": {
                    "trials": 1
                }
            }
        ],
        [
            {
                "query": {
                    "x1": 1.5447316562755482,
                    "x2": -0.27660682529138025
                },
                "metrics": {
                    "outcome": 1.9982970879603252
                },
                "metadata": {
                    "trials": 1
                }
            },
            {
                "query": {
                    "x1": 1.5447316562755482,
                    "x2": -0.27660682529138025
                },
                "metrics": {
                    "outcome": 1.9982970879603252
                },
                "metadata": {
                    "trials": 1
                }
            },
            {
                "query": {
                    "x1": 1.5447316562755482,
                    "x2": -0.27660682529138025
                },
                "metrics": {
                    "outcome": 1.9982970879603252
                },
                "metadata": {
                    "trials": 1
                }
            },
            {
                "query": {
                    "x1": 1.5447316562755482,
                    "x2": -0.27660682529138025
                },
                "metrics": {
                    "outcome": 1.9982970879603252
                },
                "metadata": {
                    "trials": 1
                }
            },
            {
                "query": {
                    "x1": 1.5447316562755482,
                    "x2": -0.27660682529138025
                },
                "metrics": {
                    "outcome": 1.9982970879603252
                },
                "metadata": {
                    "trials": 1
                }
            },
            {
                "query": {
                    "x1": 1.5447316562755482,
                    "x2": -0.27660682529138025
                },
                "metrics": {
                    "outcome": 1.9982970879603252
                },
                "metadata": {
                    "trials": 1
                }
            }
        ],
        [
            {
                "query": {
                    "x1": 4.5,
                    "x2": 4.5
                },
                "metrics": {
                    "outcome": 174813.36328125
                },
                "metadata": {
                    "trials": 1
                }
            },
            {
                "query": {
                    "x1": 4.5,
                    "x2": 4.49995033834254
                },
                "metrics": {
                    "outcome": 174801.91506023402
                },
                "metadata": {
                    "trials": 1
                }
            },
            {
                "query": {
                    "x1": 4.5,
                    "x2": 4.499900672424694
                },
                "metrics": {
                    "outcome": 174790.46648254304
                },
                "metadata": {
                    "trials": 1
                }
            },
            {
                "query": {
                    "x1": 4.5,
                    "x2": 4.499851021368249
                },
                "metrics": {
                    "outcome": 174779.0219557461
                },
                "metadata": {
                    "trials": 1
                }
            },
            {
                "query": {
                    "x1": 4.5,
                    "x2": 4.4998013790391305
                },
                "metrics": {
                    "outcome": 174767.5800654715
                },
                "metadata": {
                    "trials": 1
                }
            },
            {
                "query": {
                    "x1": 4.5,
                    "x2": 4.499751723625041
                },
                "metrics": {
                    "outcome": 174756.13578433217
                },
                "metadata": {
                    "trials": 1
                }
            }
        ],
        [
            {
                "query": {
                    "x1": -3.8552578815551133,
                    "x2": 1.2742683872009994
                },
                "metrics": {
                    "outcome": 2.459914098639649
                },
                "metadata": {
                    "trials": 1
                }
            },
            {
                "query": {
                    "x1": -3.824720773431218,
                    "x2": 1.2701723685382982
                },
                "metrics": {
                    "outcome": 2.1534040232600415
                },
                "metadata": {
                    "trials": 1
                }
            },
            {
                "query": {
                    "x1": -3.833892812109836,
                    "x2": 1.2742389103862939
                },
                "metrics": {
                    "outcome": 2.391735134330597
                },
                "metadata": {
                    "trials": 1
                }
            },
            {
                "query": {
                    "x1": -3.8237529496765412,
                    "x2": 1.2718137536301928
                },
                "metrics": {
                    "outcome": 2.233486128928033
                },
                "metadata": {
                    "trials": 1
                }
            },
            {
                "query": {
                    "x1": -3.8403619377381983,
                    "x2": 1.274570105492339
                },
                "metrics": {
                    "outcome": 2.4299271390293997
                },
                "metadata": {
                    "trials": 1
                }
            },
            {
                "query": {
                    "x1": -3.8314974177019137,
                    "x2": 1.2722943419979256
                },
                "metrics": {
                    "outcome": 2.280901678799689
                },
                "metadata": {
                    "trials": 1
                }
            }
        ],
        [
            {
                "query": {
                    "x1": -3.0,
                    "x2": 0.0
                },
                "metrics": {
                    "outcome": 79.453125
                },
                "metadata": {
                    "trials": 1
                }
            },
            {
                "query": {
                    "x1": 2.999999999999999,
                    "x2": 0.0
                },
                "metrics": {
                    "outcome": 2.9531249999999956
                },
                "metadata": {
                    "trials": 1
                }
            },
            {
                "query": {
                    "x1": 0.0,
                    "x2": -3.0
                },
                "metrics": {
                    "outcome": 14.203125
                },
                "metadata": {
                    "trials": 1
                }
            },
            {
                "query": {
                    "x1": 0.0,
                    "x2": 2.999999999999999
                },
                "metrics": {
                    "outcome": 14.203125
                },
                "metadata": {
                    "trials": 1
                }
            },
            {
                "query": {
                    "x1": -1.0,
                    "x2": 0.0
                },
                "metrics": {
                    "outcome": 29.953125
                },
                "metadata": {
                    "trials": 1
                }
            },
            {
                "query": {
                    "x1": 0.0,
                    "x2": -1.0
                },
                "metrics": {
                    "outcome": 14.203125
                },
                "metadata": {
                    "trials": 1
                }
            }
        ],
        [
            {
                "query": {
                    "x1": 0.0,
                    "x2": 1.0
                },
                "metrics": {
                    "outcome": 14.203125
                },
                "metadata": {
                    "trials": 1
                }
            },
            {
                "query": {
                    "x1": 2.999999999999999,
                    "x2": -3.0
                },
                "metrics": {
                    "outcome": 7421.2031249999945
                },
                "metadata": {
                    "trials": 1
                }
            },
            {
                "query": {
                    "x1": 2.999999999999999,
                    "x2": 2.999999999999999
                },
                "metrics": {
                    "outcome": 7245.703124999982
                },
                "metadata": {
                    "trials": 1
                }
            },
            {
                "query": {
                    "x1": 0.0,
                    "x2": -0.33333333333333304
                },
                "metrics": {
                    "outcome": 14.203125
                },
                "metadata": {
                    "trials": 1
                }
            },
            {
                "query": {
                    "x1": 1.0,
                    "x2": -1.0
                },
                "metrics": {
                    "outcome": 5.703125
                },
                "metadata": {
                    "trials": 1
                }
            },
            {
                "query": {
                    "x1": 1.0,
                    "x2": 1.0
                },
                "metrics": {
                    "outcome": 14.203125
                },
                "metadata": {
                    "trials": 1
                }
            }
        ],
        [
            {
                "query": {
                    "x1": 1.0,
                    "x2": 0.33333333333333304
                },
                "metrics": {
                    "outcome": 5.309435013717421
                },
                "metadata": {
                    "trials": 1
                }
            },
            {
                "query": {
                    "x1": 0.44444444444444464,
                    "x2": 2.3611111111111116
                },
                "metrics": {
                    "outcome": 87.26930073411194
                },
                "metadata": {
                    "trials": 1
                }
            },
            {
                "query": {
                    "x1": 0.44444444444444464,
                    "x2": -2.1388888888888884
                },
                "metrics": {
                    "outcome": 19.449389692716807
                },
                "metadata": {
                    "trials": 1
                }
            },
            {
                "query": {
                    "x1": 0.6694444444444443,
                    "x2": 0.1111111111111116
                },
                "metrics": {
                    "outcome": 7.171053194344933
                },
                "metadata": {
                    "trials": 1
                }
            },
            {
                "query": {
                    "x1": 0.4416192198711819,
                    "x2": 0.08878919125392581
                },
                "metrics": {
                    "outcome": 9.256054302189352
                },
                "metadata": {
                    "trials": 1
                }
            },
            {
                "query": {
                    "x1": 0.44976560382911845,
                    "x2": 0.10928740943515258
                },
                "metrics": {
                    "outcome": 9.203067350714754
                },
                "metadata": {
                    "trials": 1
                }
            }
        ],
        [
            {
                "query": {
                    "x1": 0.7777777777777795,
                    "x2": 1.8055555555555554
                },
                "metrics": {
                    "outcome": 61.86980929132717
                },
                "metadata": {
                    "trials": 1
                }
            },
            {
                "query": {
                    "x1": 0.7777777777777679,
                    "x2": -1.5694444444459794
                },
                "metrics": {
                    "outcome": 13.071513004581314
                },
                "metadata": {
                    "trials": 1
                }
            },
            {
                "query": {
                    "x1": 0.9979771678633549,
                    "x2": -2.740674614311541
                },
                "metrics": {
                    "outcome": 439.382878205408
                },
                "metadata": {
                    "trials": 1
                }
            },
            {
                "query": {
                    "x1": 0.8010638352757633,
                    "x2": -2.6432407138557403
                },
                "metrics": {
                    "outcome": 219.8697736430804
                },
                "metadata": {
                    "trials": 1
                }
            },
            {
                "query": {
                    "x1": 0.7777777777777795,
                    "x2": -2.6944444444444446
                },
                "metrics": {
                    "outcome": 231.25461439845674
                },
                "metadata": {
                    "trials": 1
                }
            },
            {
                "query": {
                    "x1": -3.7222222222222205,
                    "x2": -0.44444443976238723
                },
                "metrics": {
                    "outcome": 119.2549832265034
                },
                "metadata": {
                    "trials": 1
                }
            }
        ],
        [
            {
                "query": {
                    "x1": 3.02183819360925,
                    "x2": -4.49957604299111
                },
                "metrics": {
                    "outcome": 79879.48897670739
                },
                "metadata": {
                    "trials": 1
                }
            },
            {
                "query": {
                    "x1": 4.5,
                    "x2": -2.371738352398814
                },
                "metrics": {
                    "outcome": 4551.845276284506
                },
                "metadata": {
                    "trials": 1
                }
            },
            {
                "query": {
                    "x1": 4.5,
                    "x2": -2.3717096553829715
                },
                "metrics": {
                    "outcome": 4551.543660699496
                },
                "metadata": {
                    "trials": 1
                }
            },
            {
                "query": {
                    "x1": 4.499999995355996,
                    "x2": -2.3717066926291155
                },
                "metrics": {
                    "outcome": 4551.5125124412625
                },
                "metadata": {
                    "trials": 1
                }
            },
            {
                "query": {
                    "x1": 4.499999936504215,
                    "x2": -2.3716841535576565
                },
                "metrics": {
                    "outcome": 4551.275509930074
                },
                "metadata": {
                    "trials": 1
                }
            },
            {
                "query": {
                    "x1": 4.5,
                    "x2": -2.371673280320902
                },
                "metrics": {
                    "outcome": 4551.161370837577
                },
                "metadata": {
                    "trials": 1
                }
            }
        ],
        [
            {
                "query": {
                    "x1": 2.987777009937738,
                    "x2": 2.194419326718971
                },
                "metrics": {
                    "outcome": 1186.0461636816701
                },
                "metadata": {
                    "trials": 1
                }
            },
            {
                "query": {
                    "x1": 2.9877779865542298,
                    "x2": 2.1944209038577807
                },
                "metrics": {
                    "outcome": 1186.0517218966822
                },
                "metadata": {
                    "trials": 1
                }
            },
            {
                "query": {
                    "x1": 2.987776287548109,
                    "x2": 2.194420702948724
                },
                "metrics": {
                    "outcome": 1186.0498904527794
                },
                "metadata": {
                    "trials": 1
                }
            },
            {
                "query": {
                    "x1": 2.9877770596290167,
                    "x2": 2.1944228099653413
                },
                "metrics": {
                    "outcome": 1186.0569360869072
                },
                "metadata": {
                    "trials": 1
                }
            },
            {
                "query": {
                    "x1": 2.9877786128599073,
                    "x2": 2.1944226810190637
                },
                "metrics": {
                    "outcome": 1186.0576467682229
                },
                "metadata": {
                    "trials": 1
                }
            },
            {
                "query": {
                    "x1": 2.9877779095041745,
                    "x2": 2.1944239642119845
                },
                "metrics": {
                    "outcome": 1186.0611003654944
                },
                "metadata": {
                    "trials": 1
                }
            }
        ],
        [
            {
                "query": {
                    "x1": 4.497342119472922,
                    "x2": -0.6793131077356724
                },
                "metrics": {
                    "outcome": 47.43430714906124
                },
                "metadata": {
                    "trials": 1
                }
            },
            {
                "query": {
                    "x1": 4.490687869536943,
                    "x2": -0.6798600478486945
                },
                "metrics": {
                    "outcome": 47.29150791123372
                },
                "metadata": {
                    "trials": 1
                }
            },
            {
                "query": {
                    "x1": 4.491927570965409,
                    "x2": -0.680142438656953
                },
                "metrics": {
                    "outcome": 47.3538972005864
                },
                "metadata": {
                    "trials": 1
                }
            },
            {
                "query": {
                    "x1": 4.491726475705617,
                    "x2": -0.6805655462314495
                },
                "metrics": {
                    "outcome": 47.387506727972315
                },
                "metadata": {
                    "trials": 1
                }
            },
            {
                "query": {
                    "x1": 4.491760085206314,
                    "x2": -0.680565988042507
                },
                "metrics": {
                    "outcome": 47.38852729024182
                },
                "metadata": {
                    "trials": 1
                }
            },
            {
                "query": {
                    "x1": 4.49175044354028,
                    "x2": -0.6805818269633592
                },
                "metrics": {
                    "outcome": 47.38972482167643
                },
                "metadata": {
                    "trials": 1
                }
            }
        ],
        [
            {
                "query": {
                    "x1": 1.8763108145411813,
                    "x2": -0.005431572296818565
                },
                "metrics": {
                    "outcome": 0.8496039259836503
                },
                "metadata": {
                    "trials": 1
                }
            },
            {
                "query": {
                    "x1": 1.8763213889446133,
                    "x2": -0.005410368504585428
                },
                "metrics": {
                    "outcome": 0.8495573363761004
                },
                "metadata": {
                    "trials": 1
                }
            },
            {
                "query": {
                    "x1": -3.7392470668932196,
                    "x2": 1.1659761683681031
                },
                "metrics": {
                    "outcome": 1.7846292811739937
                },
                "metadata": {
                    "trials": 1
                }
            },
            {
                "query": {
                    "x1": -3.7456682337284866,
                    "x2": 1.1654164271969458
                },
                "metrics": {
                    "outcome": 1.795331894728026
                },
                "metadata": {
                    "trials": 1
                }
            },
            {
                "query": {
                    "x1": -3.723831703928096,
                    "x2": 1.1642709135994984
                },
                "metrics": {
                    "outcome": 1.8693369420936559
                },
                "metadata": {
                    "trials": 1
                }
            },
            {
                "query": {
                    "x1": 1.876322972820203,
                    "x2": -0.005381750301230781
                },
                "metrics": {
                    "outcome": 0.8495130834746815
                },
                "metadata": {
                    "trials": 1
                }
            }
        ],
        [
            {
                "query": {
                    "x1": 1.5949674484356802,
                    "x2": 0.3078979780198692
                },
                "metrics": {
                    "outcome": 1.9659716629688044
                },
                "metadata": {
                    "trials": 1
                }
            },
            {
                "query": {
                    "x1": 1.5949674484356802,
                    "x2": 0.3078979780198692
                },
                "metrics": {
                    "outcome": 1.9659716629688044
                },
                "metadata": {
                    "trials": 1
                }
            },
            {
                "query": {
                    "x1": 1.5949674484356802,
                    "x2": 0.3078979780198692
                },
                "metrics": {
                    "outcome": 1.9659716629688044
                },
                "metadata": {
                    "trials": 1
                }
            },
            {
                "query": {
                    "x1": 1.5949674484356802,
                    "x2": 0.3078979780198692
                },
                "metrics": {
                    "outcome": 1.9659716629688044
                },
                "metadata": {
                    "trials": 1
                }
            },
            {
                "query": {
                    "x1": 1.5949674484356802,
                    "x2": 0.3078979780198692
                },
                "metrics": {
                    "outcome": 1.9659716629688044
                },
                "metadata": {
                    "trials": 1
                }
            },
            {
                "query": {
                    "x1": 1.5949674484356802,
                    "x2": 0.3078979780198692
                },
                "metrics": {
                    "outcome": 1.9659716629688044
                },
                "metadata": {
                    "trials": 1
                }
            }
        ],
        [
            {
                "query": {
                    "x1": 3.0017380020224707,
                    "x2": 0.04737666227550186
                },
                "metrics": {
                    "outcome": 2.5450268525642827
                },
                "metadata": {
                    "trials": 1
                }
            },
            {
                "query": {
                    "x1": 3.0017380020224707,
                    "x2": 0.04737666227550186
                },
                "metrics": {
                    "outcome": 2.5450268525642827
                },
                "metadata": {
                    "trials": 1
                }
            },
            {
                "query": {
                    "x1": 3.0017380020224707,
                    "x2": 0.04737666227550186
                },
                "metrics": {
                    "outcome": 2.5450268525642827
                },
                "metadata": {
                    "trials": 1
                }
            },
            {
                "query": {
                    "x1": 3.0017380020224707,
                    "x2": 0.04737666227550186
                },
                "metrics": {
                    "outcome": 2.5450268525642827
                },
                "metadata": {
                    "trials": 1
                }
            },
            {
                "query": {
                    "x1": 3.0017380020224707,
                    "x2": 0.04737666227550186
                },
                "metrics": {
                    "outcome": 2.5450268525642827
                },
                "metadata": {
                    "trials": 1
                }
            },
            {
                "query": {
                    "x1": 3.0017380020224707,
                    "x2": 0.04737666227550186
                },
                "metrics": {
                    "outcome": 2.5450268525642827
                },
                "metadata": {
                    "trials": 1
                }
            }
        ],
        [
            {
                "query": {
                    "x1": 0.07392140891559684,
                    "x2": -1.5054484851624497
                },
                "metrics": {
                    "outcome": 12.5059825921245
                },
                "metadata": {
                    "trials": 1
                }
            },
            {
                "query": {
                    "x1": 0.07392140891559684,
                    "x2": -1.5054484851624497
                },
                "metrics": {
                    "outcome": 12.5059825921245
                },
                "metadata": {
                    "trials": 1
                }
            },
            {
                "query": {
                    "x1": 0.07392140891559684,
                    "x2": -1.5054484851624497
                },
                "metrics": {
                    "outcome": 12.5059825921245
                },
                "metadata": {
                    "trials": 1
                }
            },
            {
                "query": {
                    "x1": 0.07392140891559684,
                    "x2": -1.5054484851624497
                },
                "metrics": {
                    "outcome": 12.5059825921245
                },
                "metadata": {
                    "trials": 1
                }
            },
            {
                "query": {
                    "x1": 0.07392140891559684,
                    "x2": -1.5054484851624497
                },
                "metrics": {
                    "outcome": 12.5059825921245
                },
                "metadata": {
                    "trials": 1
                }
            },
            {
                "query": {
                    "x1": 0.07392140891559684,
                    "x2": -1.5054484851624497
                },
                "metrics": {
                    "outcome": 12.5059825921245
                },
                "metadata": {
                    "trials": 1
                }
            }
        ],
        [
            {
                "query": {
                    "x1": 4.274975019057793,
                    "x2": -0.0733195218283873
                },
                "metrics": {
                    "outcome": 16.274261868155016
                },
                "metadata": {
                    "trials": 1
                }
            },
            {
                "query": {
                    "x1": 4.274975019057793,
                    "x2": -0.0733195218283873
                },
                "metrics": {
                    "outcome": 16.274261868155016
                },
                "metadata": {
                    "trials": 1
                }
            },
            {
                "query": {
                    "x1": 4.274975019057793,
                    "x2": -0.0733195218283873
                },
                "metrics": {
                    "outcome": 16.274261868155016
                },
                "metadata": {
                    "trials": 1
                }
            },
            {
                "query": {
                    "x1": 4.274975019057793,
                    "x2": -0.0733195218283873
                },
                "metrics": {
                    "outcome": 16.274261868155016
                },
                "metadata": {
                    "trials": 1
                }
            },
            {
                "query": {
                    "x1": 4.274975019057793,
                    "x2": -0.0733195218283873
                },
                "metrics": {
                    "outcome": 16.274261868155016
                },
                "metadata": {
                    "trials": 1
                }
            },
            {
                "query": {
                    "x1": 4.274975019057793,
                    "x2": -0.0733195218283873
                },
                "metrics": {
                    "outcome": 16.274261868155016
                },
                "metadata": {
                    "trials": 1
                }
            }
        ],
        [
            {
                "query": {
                    "x1": 0.3404485791147698,
                    "x2": -2.4745121145717492
                },
                "metrics": {
                    "outcome": 24.31347284761634
                },
                "metadata": {
                    "trials": 1
                }
            },
            {
                "query": {
                    "x1": 0.3404485791147698,
                    "x2": -2.4745121145717492
                },
                "metrics": {
                    "outcome": 24.31347284761634
                },
                "metadata": {
                    "trials": 1
                }
            },
            {
                "query": {
                    "x1": 0.3404485791147698,
                    "x2": -2.4745121145717492
                },
                "metrics": {
                    "outcome": 24.31347284761634
                },
                "metadata": {
                    "trials": 1
                }
            },
            {
                "query": {
                    "x1": 0.3404485791147698,
                    "x2": -2.4745121145717492
                },
                "metrics": {
                    "outcome": 24.31347284761634
                },
                "metadata": {
                    "trials": 1
                }
            },
            {
                "query": {
                    "x1": 0.3404485791147698,
                    "x2": -2.4745121145717492
                },
                "metrics": {
                    "outcome": 24.31347284761634
                },
                "metadata": {
                    "trials": 1
                }
            },
            {
                "query": {
                    "x1": 0.3404485791147698,
                    "x2": -2.4745121145717492
                },
                "metrics": {
                    "outcome": 24.31347284761634
                },
                "metadata": {
                    "trials": 1
                }
            }
        ],
        [
            {
                "query": {
                    "x1": 1.1570389335848459,
                    "x2": 0.007062239261099279
                },
                "metrics": {
                    "outcome": 3.4728948580864127
                },
                "metadata": {
                    "trials": 1
                }
            },
            {
                "query": {
                    "x1": 1.1569842757654705,
                    "x2": 0.00705064932659738
                },
                "metrics": {
                    "outcome": 3.4732030915581134
                },
                "metadata": {
                    "trials": 1
                }
            },
            {
                "query": {
                    "x1": 1.1570936397846463,
                    "x2": 0.007073277891848306
                },
                "metrics": {
                    "outcome": 3.472585892034237
                },
                "metadata": {
                    "trials": 1
                }
            },
            {
                "query": {
                    "x1": 1.1571472933116045,
                    "x2": 0.0070862442013970295
                },
                "metrics": {
                    "outcome": 3.4722847040986826
                },
                "metadata": {
                    "trials": 1
                }
            },
            {
                "query": {
                    "x1": 1.156931785814832,
                    "x2": 0.007032621337513589
                },
                "metrics": {
                    "outcome": 3.4734932611558573
                },
                "metadata": {
                    "trials": 1
                }
            },
            {
                "query": {
                    "x1": 1.1568773194926063,
                    "x2": 0.007036630260032872
                },
                "metrics": {
                    "outcome": 3.4738136531516712
                },
                "metadata": {
                    "trials": 1
                }
            }
        ]
    ],
    "best_results": [
        {
            "query": {
                "x1": 1.876322972820203,
                "x2": -0.005381750301230781
            },
            "metrics": [
                {
                    "name": "outcome",
                    "value": 0.8495130834746815
                }
            ]
        }
    ]
}