{
    "date": "08/11/2022 22:48:15",
    "basic_params": {
        "active_variables": [
            "x1",
            "x2"
        ],
        "default_query": {},
        "metric": "basic",
        "n_trials": 1
    },
    "objective_function": {
        "name": "Goldstein",
        "params": {}
    },
    "optimizer": {
        "name": "GO-BO",
        "params": {
            "maximize": false,
            "domain": [
                {
                    "name": "x1",
                    "type": "continuous",
                    "domain": [
                        -2.0,
                        2.0
                    ]
                },
                {
                    "name": "x2",
                    "type": "continuous",
                    "domain": [
                        -2.0,
                        2.0
                    ]
                }
            ],
            "initial_design_numdata": 10,
            "num_iters": 140,
            "acquisition_type": "EI",
            "evaluator_type": "sequential",
            "batch_size": 1,
            "model_update_interval": 5
        }
    },
    "best_results": [
        {
            "query": {
                "x1": -0.1671313555907667,
                "x2": -1.0112543275546246
            },
            "metrics": [
                {
                    "name": "outcome",
                    "value": 12.967858238364434
                }
            ]
        }
    ],
    "iterations": [
        [
            {
                "query": {
                    "x1": -1.8,
                    "x2": 0.20000000000000018
                },
                "metrics": {
                    "outcome": 46045.41533184
                },
                "metadata": {
                    "trials": 1
                }
            }
        ],
        [
            {
                "query": {
                    "x1": -0.19999999999999996,
                    "x2": 1.4000000000000004
                },
                "metrics": {
                    "outcome": 107811.60879104011
                },
                "metadata": {
                    "trials": 1
                }
            }
        ],
        [
            {
                "query": {
                    "x1": 0.6000000000000005,
                    "x2": -1.4
                },
                "metrics": {
                    "outcome": 1339.744573440006
                },
                "metadata": {
                    "trials": 1
                }
            }
        ],
        [
            {
                "query": {
                    "x1": 1.7999999999999998,
                    "x2": -0.5999999999999999
                },
                "metrics": {
                    "outcome": 19090.42197504
                },
                "metadata": {
                    "trials": 1
                }
            }
        ],
        [
            {
                "query": {
                    "x1": 1.4000000000000004,
                    "x2": -1.0
                },
                "metrics": {
                    "outcome": 25629.047408640025
                },
                "metadata": {
                    "trials": 1
                }
            }
        ],
        [
            {
                "query": {
                    "x1": -0.5999999999999999,
                    "x2": -1.8
                },
                "metrics": {
                    "outcome": 13192.304547840033
                },
                "metadata": {
                    "trials": 1
                }
            }
        ],
        [
            {
                "query": {
                    "x1": -1.0,
                    "x2": 1.0
                },
                "metrics": {
                    "outcome": 87100.0
                },
                "metadata": {
                    "trials": 1
                }
            }
        ],
        [
            {
                "query": {
                    "x1": 0.20000000000000018,
                    "x2": -0.19999999999999996
                },
                "metrics": {
                    "outcome": 700.0000000000002
                },
                "metadata": {
                    "trials": 1
                }
            }
        ],
        [
            {
                "query": {
                    "x1": -1.4,
                    "x2": 1.7999999999999998
                },
                "metrics": {
                    "outcome": 666362.6786918396
                },
                "metadata": {
                    "trials": 1
                }
            }
        ],
        [
            {
                "query": {
                    "x1": 1.0,
                    "x2": 0.6000000000000005
                },
                "metrics": {
                    "outcome": 915.8478950399996
                },
                "metadata": {
                    "trials": 1
                }
            }
        ],
        [
            {
                "query": {
                    "x1": -0.12404904832409624,
                    "x2": 0.6605856798552892
                },
                "metrics": {
                    "outcome": 11192.417063067825
                },
                "metadata": {
                    "trials": 1
                }
            }
        ],
        [
            {
                "query": {
                    "x1": -0.12404977355464204,
                    "x2": 0.6605854472310939
                },
                "metrics": {
                    "outcome": 11192.42287825908
                },
                "metadata": {
                    "trials": 1
                }
            }
        ],
        [
            {
                "query": {
                    "x1": -0.12404881028509945,
                    "x2": 0.6605855030160392
                },
                "metrics": {
                    "outcome": 11192.403623894175
                },
                "metadata": {
                    "trials": 1
                }
            }
        ],
        [
            {
                "query": {
                    "x1": -0.12405011743340115,
                    "x2": 0.6605844474677188
                },
                "metrics": {
                    "outcome": 11192.385129207009
                },
                "metadata": {
                    "trials": 1
                }
            }
        ],
        [
            {
                "query": {
                    "x1": -0.12405003000176676,
                    "x2": 0.6605852730998357
                },
                "metrics": {
                    "outcome": 11192.420750591487
                },
                "metadata": {
                    "trials": 1
                }
            }
        ],
        [
            {
                "query": {
                    "x1": 2.0,
                    "x2": 1.2593427933283137
                },
                "metrics": {
                    "outcome": 2950.534537201977
                },
                "metadata": {
                    "trials": 1
                }
            }
        ],
        [
            {
                "query": {
                    "x1": 2.0,
                    "x2": 1.2593428050276108
                },
                "metrics": {
                    "outcome": 2950.534570059886
                },
                "metadata": {
                    "trials": 1
                }
            }
        ],
        [
            {
                "query": {
                    "x1": 2.0,
                    "x2": 1.2593427936016628
                },
                "metrics": {
                    "outcome": 2950.5345379696887
                },
                "metadata": {
                    "trials": 1
                }
            }
        ],
        [
            {
                "query": {
                    "x1": 2.0,
                    "x2": 1.259342773003442
                },
                "metrics": {
                    "outcome": 2950.53448011883
                },
                "metadata": {
                    "trials": 1
                }
            }
        ],
        [
            {
                "query": {
                    "x1": 2.0,
                    "x2": 1.2593427803423822
                },
                "metrics": {
                    "outcome": 2950.5345007305123
                },
                "metadata": {
                    "trials": 1
                }
            }
        ],
        [
            {
                "query": {
                    "x1": -2.0,
                    "x2": -0.9765735637916505
                },
                "metrics": {
                    "outcome": 25357.742040345616
                },
                "metadata": {
                    "trials": 1
                }
            }
        ],
        [
            {
                "query": {
                    "x1": -2.0,
                    "x2": -0.9765737901592703
                },
                "metrics": {
                    "outcome": 25357.724794421127
                },
                "metadata": {
                    "trials": 1
                }
            }
        ],
        [
            {
                "query": {
                    "x1": -2.0,
                    "x2": -0.9765736870382093
                },
                "metrics": {
                    "outcome": 25357.73265074629
                },
                "metadata": {
                    "trials": 1
                }
            }
        ],
        [
            {
                "query": {
                    "x1": -2.0,
                    "x2": -0.9765736454133744
                },
                "metrics": {
                    "outcome": 25357.73582195419
                },
                "metadata": {
                    "trials": 1
                }
            }
        ],
        [
            {
                "query": {
                    "x1": -2.0,
                    "x2": -0.9765737941561101
                },
                "metrics": {
                    "outcome": 25357.72448992011
                },
                "metadata": {
                    "trials": 1
                }
            }
        ],
        [
            {
                "query": {
                    "x1": -1.5043012694308986,
                    "x2": -2.0
                },
                "metrics": {
                    "outcome": 1978.407140179664
                },
                "metadata": {
                    "trials": 1
                }
            }
        ],
        [
            {
                "query": {
                    "x1": -0.9535251594400889,
                    "x2": -2.0
                },
                "metrics": {
                    "outcome": 25300.70334533409
                },
                "metadata": {
                    "trials": 1
                }
            }
        ],
        [
            {
                "query": {
                    "x1": -1.8946841492808042,
                    "x2": -2.0
                },
                "metrics": {
                    "outcome": 16732.26555951022
                },
                "metadata": {
                    "trials": 1
                }
            }
        ],
        [
            {
                "query": {
                    "x1": 1.9775576928289111,
                    "x2": -2.0
                },
                "metrics": {
                    "outcome": 301476.80162452057
                },
                "metadata": {
                    "trials": 1
                }
            }
        ],
        [
            {
                "query": {
                    "x1": 1.5516663225083869,
                    "x2": -2.0
                },
                "metrics": {
                    "outcome": 89239.7664990928
                },
                "metadata": {
                    "trials": 1
                }
            }
        ],
        [
            {
                "query": {
                    "x1": 0.7335591578502801,
                    "x2": -2.0
                },
                "metrics": {
                    "outcome": 14607.05572283986
                },
                "metadata": {
                    "trials": 1
                }
            }
        ],
        [
            {
                "query": {
                    "x1": 0.7335598644593765,
                    "x2": -2.0
                },
                "metrics": {
                    "outcome": 14607.008304602092
                },
                "metadata": {
                    "trials": 1
                }
            }
        ],
        [
            {
                "query": {
                    "x1": 0.733559910300306,
                    "x2": -2.0
                },
                "metrics": {
                    "outcome": 14607.005228369391
                },
                "metadata": {
                    "trials": 1
                }
            }
        ],
        [
            {
                "query": {
                    "x1": 0.7335599502027691,
                    "x2": -2.0
                },
                "metrics": {
                    "outcome": 14607.002550647741
                },
                "metadata": {
                    "trials": 1
                }
            }
        ],
        [
            {
                "query": {
                    "x1": 0.7335599639640132,
                    "x2": -2.0
                },
                "metrics": {
                    "outcome": 14607.001627176458
                },
                "metadata": {
                    "trials": 1
                }
            }
        ],
        [
            {
                "query": {
                    "x1": -0.9377522263588886,
                    "x2": -0.10923524141175228
                },
                "metrics": {
                    "outcome": 161.87724944051473
                },
                "metadata": {
                    "trials": 1
                }
            }
        ],
        [
            {
                "query": {
                    "x1": -0.9377523077528833,
                    "x2": -0.10923497437860648
                },
                "metrics": {
                    "outcome": 161.87737608733136
                },
                "metadata": {
                    "trials": 1
                }
            }
        ],
        [
            {
                "query": {
                    "x1": -0.9377520627280306,
                    "x2": -0.10923485318801228
                },
                "metrics": {
                    "outcome": 161.87715388921146
                },
                "metadata": {
                    "trials": 1
                }
            }
        ],
        [
            {
                "query": {
                    "x1": -0.937752283543508,
                    "x2": -0.10923491398629605
                },
                "metrics": {
                    "outcome": 161.87736245828629
                },
                "metadata": {
                    "trials": 1
                }
            }
        ],
        [
            {
                "query": {
                    "x1": -0.9377522279685923,
                    "x2": -0.10923475555989541
                },
                "metrics": {
                    "outcome": 161.87733457455195
                },
                "metadata": {
                    "trials": 1
                }
            }
        ],
        [
            {
                "query": {
                    "x1": 2.0,
                    "x2": 0.32161136133625623
                },
                "metrics": {
                    "outcome": 92.65960804599591
                },
                "metadata": {
                    "trials": 1
                }
            }
        ],
        [
            {
                "query": {
                    "x1": 2.0,
                    "x2": 0.3216114096220324
                },
                "metrics": {
                    "outcome": 92.65959904857722
                },
                "metadata": {
                    "trials": 1
                }
            }
        ],
        [
            {
                "query": {
                    "x1": 2.0,
                    "x2": 0.3216113651141882
                },
                "metrics": {
                    "outcome": 92.65960734202767
                },
                "metadata": {
                    "trials": 1
                }
            }
        ],
        [
            {
                "query": {
                    "x1": 2.0,
                    "x2": 0.3216102182765739
                },
                "metrics": {
                    "outcome": 92.65982105433953
                },
                "metadata": {
                    "trials": 1
                }
            }
        ],
        [
            {
                "query": {
                    "x1": 2.0,
                    "x2": 0.32161129369566493
                },
                "metrics": {
                    "outcome": 92.65962065001395
                },
                "metadata": {
                    "trials": 1
                }
            }
        ],
        [
            {
                "query": {
                    "x1": 1.517992173569989,
                    "x2": 2.0
                },
                "metrics": {
                    "outcome": 118234.30681161479
                },
                "metadata": {
                    "trials": 1
                }
            }
        ],
        [
            {
                "query": {
                    "x1": 1.5179918267724342,
                    "x2": 2.0
                },
                "metrics": {
                    "outcome": 118234.32916128835
                },
                "metadata": {
                    "trials": 1
                }
            }
        ],
        [
            {
                "query": {
                    "x1": 1.5179920130422189,
                    "x2": 2.0
                },
                "metrics": {
                    "outcome": 118234.31715696985
                },
                "metadata": {
                    "trials": 1
                }
            }
        ],
        [
            {
                "query": {
                    "x1": 1.5179914615119288,
                    "x2": 2.0
                },
                "metrics": {
                    "outcome": 118234.35270080806
                },
                "metadata": {
                    "trials": 1
                }
            }
        ],
        [
            {
                "query": {
                    "x1": 1.517991407794209,
                    "x2": 2.0
                },
                "metrics": {
                    "outcome": 118234.35616269022
                },
                "metadata": {
                    "trials": 1
                }
            }
        ],
        [
            {
                "query": {
                    "x1": 1.232543556967797,
                    "x2": -0.17540397557862836
                },
                "metrics": {
                    "outcome": 98.9741982854951
                },
                "metadata": {
                    "trials": 1
                }
            }
        ],
        [
            {
                "query": {
                    "x1": 1.2325425934778054,
                    "x2": -0.17540376125156182
                },
                "metrics": {
                    "outcome": 98.97425396900768
                },
                "metadata": {
                    "trials": 1
                }
            }
        ],
        [
            {
                "query": {
                    "x1": 1.2325428545195676,
                    "x2": -0.17540434379432668
                },
                "metrics": {
                    "outcome": 98.9742087162541
                },
                "metadata": {
                    "trials": 1
                }
            }
        ],
        [
            {
                "query": {
                    "x1": 1.2325426758729112,
                    "x2": -0.17540366906676405
                },
                "metrics": {
                    "outcome": 98.97425556369417
                },
                "metadata": {
                    "trials": 1
                }
            }
        ],
        [
            {
                "query": {
                    "x1": 1.2325428594958616,
                    "x2": -0.1754041844821272
                },
                "metrics": {
                    "outcome": 98.97421765443356
                },
                "metadata": {
                    "trials": 1
                }
            }
        ],
        [
            {
                "query": {
                    "x1": -1.0001367148387412,
                    "x2": -1.1719784340894512
                },
                "metrics": {
                    "outcome": 2779.90920240414
                },
                "metadata": {
                    "trials": 1
                }
            }
        ],
        [
            {
                "query": {
                    "x1": -1.0001326606031244,
                    "x2": -1.1719797184104583
                },
                "metrics": {
                    "outcome": 2779.878266382898
                },
                "metadata": {
                    "trials": 1
                }
            }
        ],
        [
            {
                "query": {
                    "x1": -1.0001310682837923,
                    "x2": -1.1719796154053275
                },
                "metrics": {
                    "outcome": 2779.864798276527
                },
                "metadata": {
                    "trials": 1
                }
            }
        ],
        [
            {
                "query": {
                    "x1": -1.0001329423062624,
                    "x2": -1.1719812973850843
                },
                "metrics": {
                    "outcome": 2779.8840351634058
                },
                "metadata": {
                    "trials": 1
                }
            }
        ],
        [
            {
                "query": {
                    "x1": -1.0001305070474709,
                    "x2": -1.1719786696983938
                },
                "metrics": {
                    "outcome": 2779.858078293649
                },
                "metadata": {
                    "trials": 1
                }
            }
        ],
        [
            {
                "query": {
                    "x1": -0.8051178275777756,
                    "x2": 0.42794753254456436
                },
                "metrics": {
                    "outcome": 8245.793204408323
                },
                "metadata": {
                    "trials": 1
                }
            }
        ],
        [
            {
                "query": {
                    "x1": -0.8051176467954502,
                    "x2": 0.4279478206352089
                },
                "metrics": {
                    "outcome": 8245.80638327479
                },
                "metadata": {
                    "trials": 1
                }
            }
        ],
        [
            {
                "query": {
                    "x1": -0.805115900479313,
                    "x2": 0.42794731355081544
                },
                "metrics": {
                    "outcome": 8245.787704508048
                },
                "metadata": {
                    "trials": 1
                }
            }
        ],
        [
            {
                "query": {
                    "x1": -0.8051145948929407,
                    "x2": 0.42794821976507985
                },
                "metrics": {
                    "outcome": 8245.830772359359
                },
                "metadata": {
                    "trials": 1
                }
            }
        ],
        [
            {
                "query": {
                    "x1": -0.8051149569717803,
                    "x2": 0.4279496682152276
                },
                "metrics": {
                    "outcome": 8245.894251292691
                },
                "metadata": {
                    "trials": 1
                }
            }
        ],
        [
            {
                "query": {
                    "x1": -0.1671313555907667,
                    "x2": -1.0112543275546246
                },
                "metrics": {
                    "outcome": 12.967858238364434
                },
                "metadata": {
                    "trials": 1
                }
            }
        ],
        [
            {
                "query": {
                    "x1": -0.1671316671114679,
                    "x2": -1.01124996835034
                },
                "metrics": {
                    "outcome": 12.968027065290737
                },
                "metadata": {
                    "trials": 1
                }
            }
        ],
        [
            {
                "query": {
                    "x1": -0.16713900495303394,
                    "x2": -1.0112581706156503
                },
                "metrics": {
                    "outcome": 12.968975790749829
                },
                "metadata": {
                    "trials": 1
                }
            }
        ],
        [
            {
                "query": {
                    "x1": -0.16713256330167978,
                    "x2": -1.011252331838111
                },
                "metrics": {
                    "outcome": 12.968105745730737
                },
                "metadata": {
                    "trials": 1
                }
            }
        ],
        [
            {
                "query": {
                    "x1": -0.16713601124894598,
                    "x2": -1.011250004156012
                },
                "metrics": {
                    "outcome": 12.968720353867697
                },
                "metadata": {
                    "trials": 1
                }
            }
        ],
        [
            {
                "query": {
                    "x1": -1.4420612670565038,
                    "x2": -0.35855248046133786
                },
                "metrics": {
                    "outcome": 7669.005334821875
                },
                "metadata": {
                    "trials": 1
                }
            }
        ],
        [
            {
                "query": {
                    "x1": -1.4420519149443563,
                    "x2": -0.3585435073310959
                },
                "metrics": {
                    "outcome": 7668.686964400863
                },
                "metadata": {
                    "trials": 1
                }
            }
        ],
        [
            {
                "query": {
                    "x1": -1.4420572153595181,
                    "x2": -0.358551836061507
                },
                "metrics": {
                    "outcome": 7668.83747864396
                },
                "metadata": {
                    "trials": 1
                }
            }
        ],
        [
            {
                "query": {
                    "x1": -1.4420518646954137,
                    "x2": -0.3585473871711697
                },
                "metrics": {
                    "outcome": 7668.649010388729
                },
                "metadata": {
                    "trials": 1
                }
            }
        ],
        [
            {
                "query": {
                    "x1": -1.4420523503188776,
                    "x2": -0.3585389139166329
                },
                "metrics": {
                    "outcome": 7668.7480219555255
                },
                "metadata": {
                    "trials": 1
                }
            }
        ],
        [
            {
                "query": {
                    "x1": 1.6314004973710867,
                    "x2": 0.7855167187086654
                },
                "metrics": {
                    "outcome": 1129.9606804366308
                },
                "metadata": {
                    "trials": 1
                }
            }
        ],
        [
            {
                "query": {
                    "x1": 1.6313910185932134,
                    "x2": 0.7855098664923358
                },
                "metrics": {
                    "outcome": 1129.946986738352
                },
                "metadata": {
                    "trials": 1
                }
            }
        ],
        [
            {
                "query": {
                    "x1": 1.6314023750490687,
                    "x2": 0.7855501222337813
                },
                "metrics": {
                    "outcome": 1129.9838353723217
                },
                "metadata": {
                    "trials": 1
                }
            }
        ],
        [
            {
                "query": {
                    "x1": 1.6313884991699494,
                    "x2": 0.7855459090311591
                },
                "metrics": {
                    "outcome": 1129.9674977757088
                },
                "metadata": {
                    "trials": 1
                }
            }
        ],
        [
            {
                "query": {
                    "x1": 1.6313729223571545,
                    "x2": 0.785523306921
                },
                "metrics": {
                    "outcome": 1129.9377611784414
                },
                "metadata": {
                    "trials": 1
                }
            }
        ],
        [
            {
                "query": {
                    "x1": -1.5185353481137294,
                    "x2": -1.5840147534224882
                },
                "metrics": {
                    "outcome": 11406.725272056909
                },
                "metadata": {
                    "trials": 1
                }
            }
        ],
        [
            {
                "query": {
                    "x1": -1.5185549105172724,
                    "x2": -1.5840267836461002
                },
                "metrics": {
                    "outcome": 11407.218838431834
                },
                "metadata": {
                    "trials": 1
                }
            }
        ],
        [
            {
                "query": {
                    "x1": -1.518538667813728,
                    "x2": -1.5840314865328635
                },
                "metrics": {
                    "outcome": 11406.690503874905
                },
                "metadata": {
                    "trials": 1
                }
            }
        ],
        [
            {
                "query": {
                    "x1": 1.6712022720853443,
                    "x2": -0.051099136199295715
                },
                "metrics": {
                    "outcome": 430.7566321624485
                },
                "metadata": {
                    "trials": 1
                }
            }
        ],
        [
            {
                "query": {
                    "x1": -1.518507809965847,
                    "x2": -1.584008338384709
                },
                "metrics": {
                    "outcome": 11405.94564052903
                },
                "metadata": {
                    "trials": 1
                }
            }
        ],
        [
            {
                "query": {
                    "x1": 0.6241574145129007,
                    "x2": 0.17698414341679158
                },
                "metrics": {
                    "outcome": 1109.8582002786843
                },
                "metadata": {
                    "trials": 1
                }
            }
        ],
        [
            {
                "query": {
                    "x1": 0.6241900373272108,
                    "x2": 0.17688094958696435
                },
                "metrics": {
                    "outcome": 1109.913398435616
                },
                "metadata": {
                    "trials": 1
                }
            }
        ],
        [
            {
                "query": {
                    "x1": 0.6242745477897798,
                    "x2": 0.17702888908151293
                },
                "metrics": {
                    "outcome": 1109.9047265847762
                },
                "metadata": {
                    "trials": 1
                }
            }
        ],
        [
            {
                "query": {
                    "x1": 0.6241538765807719,
                    "x2": 0.17696778440745767
                },
                "metrics": {
                    "outcome": 1109.8622791456687
                },
                "metadata": {
                    "trials": 1
                }
            }
        ],
        [
            {
                "query": {
                    "x1": 0.6241766691453,
                    "x2": 0.17700206861169052
                },
                "metrics": {
                    "outcome": 1109.8619867400357
                },
                "metadata": {
                    "trials": 1
                }
            }
        ],
        [
            {
                "query": {
                    "x1": 1.0167241406250414,
                    "x2": -1.6787610169011864
                },
                "metrics": {
                    "outcome": 12131.302567465404
                },
                "metadata": {
                    "trials": 1
                }
            }
        ],
        [
            {
                "query": {
                    "x1": 1.0167191735560395,
                    "x2": -1.678691733192762
                },
                "metrics": {
                    "outcome": 12132.500929161019
                },
                "metadata": {
                    "trials": 1
                }
            }
        ],
        [
            {
                "query": {
                    "x1": 1.016724806021821,
                    "x2": -1.6787800954279843
                },
                "metrics": {
                    "outcome": 12130.9246998883
                },
                "metadata": {
                    "trials": 1
                }
            }
        ],
        [
            {
                "query": {
                    "x1": 1.0167063011900783,
                    "x2": -1.6786849233663717
                },
                "metrics": {
                    "outcome": 12131.775798590941
                },
                "metadata": {
                    "trials": 1
                }
            }
        ],
        [
            {
                "query": {
                    "x1": 2.0,
                    "x2": 0.8380780096977878
                },
                "metrics": {
                    "outcome": 1642.9699705871506
                },
                "metadata": {
                    "trials": 1
                }
            }
        ],
        [
            {
                "query": {
                    "x1": 0.5373178029743174,
                    "x2": -0.7202347886334771
                },
                "metrics": {
                    "outcome": 81.38570384792546
                },
                "metadata": {
                    "trials": 1
                }
            }
        ],
        [
            {
                "query": {
                    "x1": 0.5373692917187994,
                    "x2": -0.7201946663049297
                },
                "metrics": {
                    "outcome": 81.39242089266199
                },
                "metadata": {
                    "trials": 1
                }
            }
        ],
        [
            {
                "query": {
                    "x1": 0.5373402644365529,
                    "x2": -0.7203751470571769
                },
                "metrics": {
                    "outcome": 81.51729082937848
                },
                "metadata": {
                    "trials": 1
                }
            }
        ],
        [
            {
                "query": {
                    "x1": 0.5376604790504786,
                    "x2": -0.720319993755312
                },
                "metrics": {
                    "outcome": 81.71798739839416
                },
                "metadata": {
                    "trials": 1
                }
            }
        ],
        [
            {
                "query": {
                    "x1": 0.5373696592775157,
                    "x2": -0.7204022517348079
                },
                "metrics": {
                    "outcome": 81.56194983868721
                },
                "metadata": {
                    "trials": 1
                }
            }
        ],
        [
            {
                "query": {
                    "x1": 0.023013422794357925,
                    "x2": -1.4374646153698871
                },
                "metrics": {
                    "outcome": 1128.575883157602
                },
                "metadata": {
                    "trials": 1
                }
            }
        ],
        [
            {
                "query": {
                    "x1": 0.023691548108851324,
                    "x2": -1.437480297114904
                },
                "metrics": {
                    "outcome": 1127.9597902557482
                },
                "metadata": {
                    "trials": 1
                }
            }
        ],
        [
            {
                "query": {
                    "x1": 0.02353149247410793,
                    "x2": -1.4371610619647102
                },
                "metrics": {
                    "outcome": 1124.46889573589
                },
                "metadata": {
                    "trials": 1
                }
            }
        ],
        [
            {
                "query": {
                    "x1": 0.023417225176711746,
                    "x2": -1.437187397743748
                },
                "metrics": {
                    "outcome": 1124.9062004988614
                },
                "metadata": {
                    "trials": 1
                }
            }
        ],
        [
            {
                "query": {
                    "x1": 0.022853900648344208,
                    "x2": -1.4371369407579846
                },
                "metrics": {
                    "outcome": 1124.9840340716414
                },
                "metadata": {
                    "trials": 1
                }
            }
        ],
        [
            {
                "query": {
                    "x1": -0.67369864320247,
                    "x2": -0.6956219662605271
                },
                "metrics": {
                    "outcome": 238.98623843590278
                },
                "metadata": {
                    "trials": 1
                }
            }
        ],
        [
            {
                "query": {
                    "x1": -0.6728145830871974,
                    "x2": -0.6968890891701948
                },
                "metrics": {
                    "outcome": 239.65269357051807
                },
                "metadata": {
                    "trials": 1
                }
            }
        ],
        [
            {
                "query": {
                    "x1": -0.6745641467963933,
                    "x2": -0.697093873217645
                },
                "metrics": {
                    "outcome": 241.9302201302697
                },
                "metadata": {
                    "trials": 1
                }
            }
        ],
        [
            {
                "query": {
                    "x1": -0.6739322406912167,
                    "x2": -0.6968549245971077
                },
                "metrics": {
                    "outcome": 240.88693319278838
                },
                "metadata": {
                    "trials": 1
                }
            }
        ],
        [
            {
                "query": {
                    "x1": -0.6734056849982065,
                    "x2": -0.6968719646930164
                },
                "metrics": {
                    "outcome": 240.30628551856415
                },
                "metadata": {
                    "trials": 1
                }
            }
        ],
        [
            {
                "query": {
                    "x1": -0.5416028788261078,
                    "x2": -1.2926705621127705
                },
                "metrics": {
                    "outcome": 170.11834052289774
                },
                "metadata": {
                    "trials": 1
                }
            }
        ],
        [
            {
                "query": {
                    "x1": -0.5620087515843291,
                    "x2": -1.2946783935514972
                },
                "metrics": {
                    "outcome": 200.01886313444703
                },
                "metadata": {
                    "trials": 1
                }
            }
        ],
        [
            {
                "query": {
                    "x1": -0.5424922199444252,
                    "x2": -1.2924449738530208
                },
                "metrics": {
                    "outcome": 171.62702354839553
                },
                "metadata": {
                    "trials": 1
                }
            }
        ],
        [
            {
                "query": {
                    "x1": 0.6252106573412273,
                    "x2": 0.8583766353781284
                },
                "metrics": {
                    "outcome": 3328.1298317624323
                },
                "metadata": {
                    "trials": 1
                }
            }
        ],
        [
            {
                "query": {
                    "x1": -0.5379891839520706,
                    "x2": -1.2883392606726536
                },
                "metrics": {
                    "outcome": 169.14309424576064
                },
                "metadata": {
                    "trials": 1
                }
            }
        ],
        [
            {
                "query": {
                    "x1": 0.3289818756271193,
                    "x2": -1.1031544517582863
                },
                "metrics": {
                    "outcome": 150.08565883340455
                },
                "metadata": {
                    "trials": 1
                }
            }
        ],
        [
            {
                "query": {
                    "x1": 0.33157578414297095,
                    "x2": -1.110353378239734
                },
                "metrics": {
                    "outcome": 156.13548991964817
                },
                "metadata": {
                    "trials": 1
                }
            }
        ],
        [
            {
                "query": {
                    "x1": 0.364643010395591,
                    "x2": -1.1767011717923017
                },
                "metrics": {
                    "outcome": 230.52851524302716
                },
                "metadata": {
                    "trials": 1
                }
            }
        ],
        [
            {
                "query": {
                    "x1": 0.31483451159976,
                    "x2": -1.1008822125777924
                },
                "metrics": {
                    "outcome": 129.71594799092304
                },
                "metadata": {
                    "trials": 1
                }
            }
        ],
        [
            {
                "query": {
                    "x1": 0.3031824107139164,
                    "x2": -1.127367821586532
                },
                "metrics": {
                    "outcome": 121.12932770218403
                },
                "metadata": {
                    "trials": 1
                }
            }
        ],
        [
            {
                "query": {
                    "x1": 1.222206435164253,
                    "x2": 1.045836175608178
                },
                "metrics": {
                    "outcome": 1322.877633146772
                },
                "metadata": {
                    "trials": 1
                }
            }
        ],
        [
            {
                "query": {
                    "x1": 1.36886759579681,
                    "x2": 1.137780696749806
                },
                "metrics": {
                    "outcome": 1527.7052244877996
                },
                "metadata": {
                    "trials": 1
                }
            }
        ],
        [
            {
                "query": {
                    "x1": 1.2436768001175236,
                    "x2": 1.0918102176200803
                },
                "metrics": {
                    "outcome": 1538.5412392360997
                },
                "metadata": {
                    "trials": 1
                }
            }
        ],
        [
            {
                "query": {
                    "x1": 1.318603809056469,
                    "x2": 1.1010468184183937
                },
                "metrics": {
                    "outcome": 1404.8048769138297
                },
                "metadata": {
                    "trials": 1
                }
            }
        ],
        [
            {
                "query": {
                    "x1": 1.1715453204758417,
                    "x2": 1.0501780961430942
                },
                "metrics": {
                    "outcome": 1494.9904870934581
                },
                "metadata": {
                    "trials": 1
                }
            }
        ],
        [
            {
                "query": {
                    "x1": 0.7542114531926871,
                    "x2": -0.2680872644923703
                },
                "metrics": {
                    "outcome": 418.34028085176504
                },
                "metadata": {
                    "trials": 1
                }
            }
        ],
        [
            {
                "query": {
                    "x1": 0.7602719864338705,
                    "x2": -0.26413189239613466
                },
                "metrics": {
                    "outcome": 420.1026819984351
                },
                "metadata": {
                    "trials": 1
                }
            }
        ],
        [
            {
                "query": {
                    "x1": 0.7473407481089347,
                    "x2": -0.2465853231392668
                },
                "metrics": {
                    "outcome": 479.79222304435973
                },
                "metadata": {
                    "trials": 1
                }
            }
        ],
        [
            {
                "query": {
                    "x1": 0.7555931627724347,
                    "x2": -0.18108734051872766
                },
                "metrics": {
                    "outcome": 633.0741744295069
                },
                "metadata": {
                    "trials": 1
                }
            }
        ],
        [
            {
                "query": {
                    "x1": 0.7228584510246436,
                    "x2": -0.23560267919987907
                },
                "metrics": {
                    "outcome": 538.0217501015026
                },
                "metadata": {
                    "trials": 1
                }
            }
        ],
        [
            {
                "query": {
                    "x1": -0.4024818390044572,
                    "x2": -0.1982832810959291
                },
                "metrics": {
                    "outcome": 171.50442115901564
                },
                "metadata": {
                    "trials": 1
                }
            }
        ],
        [
            {
                "query": {
                    "x1": -0.3905009411034698,
                    "x2": -0.2034367831850385
                },
                "metrics": {
                    "outcome": 173.79612943852626
                },
                "metadata": {
                    "trials": 1
                }
            }
        ],
        [
            {
                "query": {
                    "x1": -0.400375042220007,
                    "x2": -0.22173768196655563
                },
                "metrics": {
                    "outcome": 155.5839821873554
                },
                "metadata": {
                    "trials": 1
                }
            }
        ],
        [
            {
                "query": {
                    "x1": -0.3933402687779175,
                    "x2": -0.21944414871951246
                },
                "metrics": {
                    "outcome": 160.87601195737992
                },
                "metadata": {
                    "trials": 1
                }
            }
        ],
        [
            {
                "query": {
                    "x1": -0.3980232832953586,
                    "x2": -0.20583471728535394
                },
                "metrics": {
                    "outcome": 168.0596840935256
                },
                "metadata": {
                    "trials": 1
                }
            }
        ],
        [
            {
                "query": {
                    "x1": 0.0886824063888113,
                    "x2": -0.5843180986118948
                },
                "metrics": {
                    "outcome": 184.06303637145797
                },
                "metadata": {
                    "trials": 1
                }
            }
        ],
        [
            {
                "query": {
                    "x1": -0.05185105513384469,
                    "x2": -0.5888807061318926
                },
                "metrics": {
                    "outcome": 138.97497424610356
                },
                "metadata": {
                    "trials": 1
                }
            }
        ],
        [
            {
                "query": {
                    "x1": 0.019852535728018914,
                    "x2": -0.5976864593970405
                },
                "metrics": {
                    "outcome": 155.03393383187588
                },
                "metadata": {
                    "trials": 1
                }
            }
        ],
        [
            {
                "query": {
                    "x1": 0.04114606039064794,
                    "x2": -0.6197460923636968
                },
                "metrics": {
                    "outcome": 140.07160597924508
                },
                "metadata": {
                    "trials": 1
                }
            }
        ],
        [
            {
                "query": {
                    "x1": 0.03118412385629421,
                    "x2": -0.6109095317037013
                },
                "metrics": {
                    "outcome": 145.86552543157268
                },
                "metadata": {
                    "trials": 1
                }
            }
        ],
        [
            {
                "query": {
                    "x1": 1.7779672108225206,
                    "x2": 1.0332565306192811
                },
                "metrics": {
                    "outcome": 1607.6879157156673
                },
                "metadata": {
                    "trials": 1
                }
            }
        ],
        [
            {
                "query": {
                    "x1": 1.7884926023391654,
                    "x2": 0.3658881925324807
                },
                "metrics": {
                    "outcome": 289.3729833638137
                },
                "metadata": {
                    "trials": 1
                }
            }
        ],
        [
            {
                "query": {
                    "x1": 1.7527647480359978,
                    "x2": 1.042051208476277
                },
                "metrics": {
                    "outcome": 1544.5385887979057
                },
                "metadata": {
                    "trials": 1
                }
            }
        ],
        [
            {
                "query": {
                    "x1": 1.756925317574635,
                    "x2": 1.074645923054683
                },
                "metrics": {
                    "outcome": 1590.9210867795139
                },
                "metadata": {
                    "trials": 1
                }
            }
        ],
        [
            {
                "query": {
                    "x1": 1.8044498387588623,
                    "x2": 1.0638180171107585
                },
                "metrics": {
                    "outcome": 1723.3790446530938
                },
                "metadata": {
                    "trials": 1
                }
            }
        ],
        [
            {
                "query": {
                    "x1": 1.4418708910743991,
                    "x2": -0.3225835838888705
                },
                "metrics": {
                    "outcome": 1412.8223707640266
                },
                "metadata": {
                    "trials": 1
                }
            }
        ],
        [
            {
                "query": {
                    "x1": 1.4673711097210629,
                    "x2": -0.3272892376869261
                },
                "metrics": {
                    "outcome": 1663.9460713015287
                },
                "metadata": {
                    "trials": 1
                }
            }
        ],
        [
            {
                "query": {
                    "x1": 1.4044236281613816,
                    "x2": -0.3665172430876551
                },
                "metrics": {
                    "outcome": 1640.6267570820146
                },
                "metadata": {
                    "trials": 1
                }
            }
        ],
        [
            {
                "query": {
                    "x1": 1.3965777055343844,
                    "x2": -0.38899807705825573
                },
                "metrics": {
                    "outcome": 1862.4999574147375
                },
                "metadata": {
                    "trials": 1
                }
            }
        ],
        [
            {
                "query": {
                    "x1": 1.4756552945399688,
                    "x2": -0.3306816183908926
                },
                "metrics": {
                    "outcome": 1775.766889755231
                },
                "metadata": {
                    "trials": 1
                }
            }
        ]
    ]
}