{
    "date": "08/11/2022 17:48:49",
    "basic_params": {
        "active_variables": [
            "x1",
            "x2"
        ],
        "default_query": {},
        "metric": "basic",
        "n_trials": 1
    },
    "objective_function": {
        "name": "Goldstein",
        "params": {}
    },
    "optimizer": {
        "name": "GO-BO",
        "params": {
            "maximize": false,
            "domain": [
                {
                    "name": "x1",
                    "type": "continuous",
                    "domain": [
                        -2.0,
                        2.0
                    ]
                },
                {
                    "name": "x2",
                    "type": "continuous",
                    "domain": [
                        -2.0,
                        2.0
                    ]
                }
            ],
            "initial_design_numdata": 10,
            "num_iters": 140,
            "acquisition_type": "EI",
            "evaluator_type": "sequential",
            "batch_size": 1,
            "model_update_interval": 5
        }
    },
    "best_results": [
        {
            "query": {
                "x1": 0.20000000000000018,
                "x2": -1.0
            },
            "metrics": [
                {
                    "name": "outcome",
                    "value": 23.114864640000143
                }
            ]
        }
    ],
    "iterations": [
        [
            {
                "query": {
                    "x1": 0.20000000000000018,
                    "x2": -1.0
                },
                "metrics": {
                    "outcome": 23.114864640000143
                },
                "metadata": {
                    "trials": 1
                }
            }
        ],
        [
            {
                "query": {
                    "x1": -0.19999999999999996,
                    "x2": -0.19999999999999996
                },
                "metrics": {
                    "outcome": 306.8491878400001
                },
                "metadata": {
                    "trials": 1
                }
            }
        ],
        [
            {
                "query": {
                    "x1": -0.5999999999999999,
                    "x2": 1.0
                },
                "metrics": {
                    "outcome": 69565.35665663997
                },
                "metadata": {
                    "trials": 1
                }
            }
        ],
        [
            {
                "query": {
                    "x1": -1.0,
                    "x2": -1.8
                },
                "metrics": {
                    "outcome": 2688.7702630400017
                },
                "metadata": {
                    "trials": 1
                }
            }
        ],
        [
            {
                "query": {
                    "x1": -1.4,
                    "x2": -0.5999999999999999
                },
                "metrics": {
                    "outcome": 4019.999999999998
                },
                "metadata": {
                    "trials": 1
                }
            }
        ],
        [
            {
                "query": {
                    "x1": 0.6000000000000005,
                    "x2": -1.4
                },
                "metrics": {
                    "outcome": 1339.744573440006
                },
                "metadata": {
                    "trials": 1
                }
            }
        ],
        [
            {
                "query": {
                    "x1": -1.8,
                    "x2": 1.4000000000000004
                },
                "metrics": {
                    "outcome": 198795.57510144016
                },
                "metadata": {
                    "trials": 1
                }
            }
        ],
        [
            {
                "query": {
                    "x1": 1.4000000000000004,
                    "x2": 0.6000000000000005
                },
                "metrics": {
                    "outcome": 980.0
                },
                "metadata": {
                    "trials": 1
                }
            }
        ],
        [
            {
                "query": {
                    "x1": 1.7999999999999998,
                    "x2": 0.20000000000000018
                },
                "metrics": {
                    "outcome": 84.00000000000047
                },
                "metadata": {
                    "trials": 1
                }
            }
        ],
        [
            {
                "query": {
                    "x1": 1.0,
                    "x2": 1.7999999999999998
                },
                "metrics": {
                    "outcome": 62049.33878784001
                },
                "metadata": {
                    "trials": 1
                }
            }
        ],
        [
            {
                "query": {
                    "x1": 2.0,
                    "x2": -2.0
                },
                "metrics": {
                    "outcome": 316600.0
                },
                "metadata": {
                    "trials": 1
                }
            }
        ],
        [
            {
                "query": {
                    "x1": 2.0,
                    "x2": -2.0
                },
                "metrics": {
                    "outcome": 316600.0
                },
                "metadata": {
                    "trials": 1
                }
            }
        ],
        [
            {
                "query": {
                    "x1": 2.0,
                    "x2": -2.0
                },
                "metrics": {
                    "outcome": 316600.0
                },
                "metadata": {
                    "trials": 1
                }
            }
        ],
        [
            {
                "query": {
                    "x1": 2.0,
                    "x2": -2.0
                },
                "metrics": {
                    "outcome": 316600.0
                },
                "metadata": {
                    "trials": 1
                }
            }
        ],
        [
            {
                "query": {
                    "x1": 2.0,
                    "x2": -2.0
                },
                "metrics": {
                    "outcome": 316600.0
                },
                "metadata": {
                    "trials": 1
                }
            }
        ],
        [
            {
                "query": {
                    "x1": 0.8310018594517189,
                    "x2": -0.2802943270497997
                },
                "metrics": {
                    "outcome": 291.922892189396
                },
                "metadata": {
                    "trials": 1
                }
            }
        ],
        [
            {
                "query": {
                    "x1": -0.8064297347613163,
                    "x2": -0.8841273747710401
                },
                "metrics": {
                    "outcome": 889.7634110511984
                },
                "metadata": {
                    "trials": 1
                }
            }
        ],
        [
            {
                "query": {
                    "x1": -0.806430477385225,
                    "x2": -0.884126124243242
                },
                "metrics": {
                    "outcome": 889.7620778511327
                },
                "metadata": {
                    "trials": 1
                }
            }
        ],
        [
            {
                "query": {
                    "x1": -0.806429960062576,
                    "x2": -0.8841270340752351
                },
                "metrics": {
                    "outcome": 889.7631151074066
                },
                "metadata": {
                    "trials": 1
                }
            }
        ],
        [
            {
                "query": {
                    "x1": -0.8064299774328644,
                    "x2": -0.8841276313400535
                },
                "metrics": {
                    "outcome": 889.7648410625733
                },
                "metadata": {
                    "trials": 1
                }
            }
        ],
        [
            {
                "query": {
                    "x1": -2.0,
                    "x2": -2.0
                },
                "metrics": {
                    "outcome": 24376.0
                },
                "metadata": {
                    "trials": 1
                }
            }
        ],
        [
            {
                "query": {
                    "x1": -2.0,
                    "x2": -2.0
                },
                "metrics": {
                    "outcome": 24376.0
                },
                "metadata": {
                    "trials": 1
                }
            }
        ],
        [
            {
                "query": {
                    "x1": -2.0,
                    "x2": -2.0
                },
                "metrics": {
                    "outcome": 24376.0
                },
                "metadata": {
                    "trials": 1
                }
            }
        ],
        [
            {
                "query": {
                    "x1": -2.0,
                    "x2": -2.0
                },
                "metrics": {
                    "outcome": 24376.0
                },
                "metadata": {
                    "trials": 1
                }
            }
        ],
        [
            {
                "query": {
                    "x1": -2.0,
                    "x2": -2.0
                },
                "metrics": {
                    "outcome": 24376.0
                },
                "metadata": {
                    "trials": 1
                }
            }
        ],
        [
            {
                "query": {
                    "x1": 2.0,
                    "x2": 1.094116944421611
                },
                "metrics": {
                    "outcome": 2554.7008636625783
                },
                "metadata": {
                    "trials": 1
                }
            }
        ],
        [
            {
                "query": {
                    "x1": 2.0,
                    "x2": 1.0941178580117525
                },
                "metrics": {
                    "outcome": 2554.703238086626
                },
                "metadata": {
                    "trials": 1
                }
            }
        ],
        [
            {
                "query": {
                    "x1": 2.0,
                    "x2": 1.0941142808246482
                },
                "metrics": {
                    "outcome": 2554.6939409306083
                },
                "metadata": {
                    "trials": 1
                }
            }
        ],
        [
            {
                "query": {
                    "x1": 2.0,
                    "x2": 1.0941163730096652
                },
                "metrics": {
                    "outcome": 2554.699378557865
                },
                "metadata": {
                    "trials": 1
                }
            }
        ],
        [
            {
                "query": {
                    "x1": 2.0,
                    "x2": 1.094115919971066
                },
                "metrics": {
                    "outcome": 2554.6982011048754
                },
                "metadata": {
                    "trials": 1
                }
            }
        ],
        [
            {
                "query": {
                    "x1": -0.039576511665454325,
                    "x2": -2.0
                },
                "metrics": {
                    "outcome": 67648.78426367271
                },
                "metadata": {
                    "trials": 1
                }
            }
        ],
        [
            {
                "query": {
                    "x1": -0.039577174330215154,
                    "x2": -2.0
                },
                "metrics": {
                    "outcome": 67648.79932915982
                },
                "metadata": {
                    "trials": 1
                }
            }
        ],
        [
            {
                "query": {
                    "x1": -0.039576592418116396,
                    "x2": -2.0
                },
                "metrics": {
                    "outcome": 67648.78609956511
                },
                "metadata": {
                    "trials": 1
                }
            }
        ],
        [
            {
                "query": {
                    "x1": -0.03957650102121839,
                    "x2": -2.0
                },
                "metrics": {
                    "outcome": 67648.7840216785
                },
                "metadata": {
                    "trials": 1
                }
            }
        ],
        [
            {
                "query": {
                    "x1": -0.03957644630688584,
                    "x2": -2.0
                },
                "metrics": {
                    "outcome": 67648.7827777605
                },
                "metadata": {
                    "trials": 1
                }
            }
        ],
        [
            {
                "query": {
                    "x1": -0.396512347493759,
                    "x2": -1.4017249854422267
                },
                "metrics": {
                    "outcome": 374.55961667874806
                },
                "metadata": {
                    "trials": 1
                }
            }
        ],
        [
            {
                "query": {
                    "x1": -0.3965106355683154,
                    "x2": -1.4017251365107726
                },
                "metrics": {
                    "outcome": 374.5635077052497
                },
                "metadata": {
                    "trials": 1
                }
            }
        ],
        [
            {
                "query": {
                    "x1": -0.3965106399396034,
                    "x2": -1.4017251570661653
                },
                "metrics": {
                    "outcome": 374.56361072276746
                },
                "metadata": {
                    "trials": 1
                }
            }
        ],
        [
            {
                "query": {
                    "x1": -0.39651030491021166,
                    "x2": -1.4017249765406241
                },
                "metrics": {
                    "outcome": 374.5632390201589
                },
                "metadata": {
                    "trials": 1
                }
            }
        ],
        [
            {
                "query": {
                    "x1": -0.39651120591726424,
                    "x2": -1.4017251863985727
                },
                "metrics": {
                    "outcome": 374.5627519183425
                },
                "metadata": {
                    "trials": 1
                }
            }
        ],
        [
            {
                "query": {
                    "x1": -2.0,
                    "x2": -1.2591595436102663
                },
                "metrics": {
                    "outcome": 15335.146478972025
                },
                "metadata": {
                    "trials": 1
                }
            }
        ],
        [
            {
                "query": {
                    "x1": -2.0,
                    "x2": -1.259159672017511
                },
                "metrics": {
                    "outcome": 15335.146902222927
                },
                "metadata": {
                    "trials": 1
                }
            }
        ],
        [
            {
                "query": {
                    "x1": -2.0,
                    "x2": -1.2591596312306
                },
                "metrics": {
                    "outcome": 15335.14676778228
                },
                "metadata": {
                    "trials": 1
                }
            }
        ],
        [
            {
                "query": {
                    "x1": -2.0,
                    "x2": -1.2591595867892105
                },
                "metrics": {
                    "outcome": 15335.146621296315
                },
                "metadata": {
                    "trials": 1
                }
            }
        ],
        [
            {
                "query": {
                    "x1": -2.0,
                    "x2": -1.259159666828572
                },
                "metrics": {
                    "outcome": 15335.146885119277
                },
                "metadata": {
                    "trials": 1
                }
            }
        ],
        [
            {
                "query": {
                    "x1": 0.4456189428662628,
                    "x2": 0.25256002403929384
                },
                "metrics": {
                    "outcome": 963.6876464920518
                },
                "metadata": {
                    "trials": 1
                }
            }
        ],
        [
            {
                "query": {
                    "x1": 0.44561895016684727,
                    "x2": 0.252559659895532
                },
                "metrics": {
                    "outcome": 963.6877001873783
                },
                "metadata": {
                    "trials": 1
                }
            }
        ],
        [
            {
                "query": {
                    "x1": 0.44561849099611,
                    "x2": 0.25255943521938623
                },
                "metrics": {
                    "outcome": 963.6875034209972
                },
                "metadata": {
                    "trials": 1
                }
            }
        ],
        [
            {
                "query": {
                    "x1": 0.4456167519037548,
                    "x2": 0.2525596004071892
                },
                "metrics": {
                    "outcome": 963.6866184445395
                },
                "metadata": {
                    "trials": 1
                }
            }
        ],
        [
            {
                "query": {
                    "x1": 0.4456164902181144,
                    "x2": 0.25255930585778236
                },
                "metrics": {
                    "outcome": 963.6865292006083
                },
                "metadata": {
                    "trials": 1
                }
            }
        ],
        [
            {
                "query": {
                    "x1": 0.5912279128085285,
                    "x2": -1.1512971899233735
                },
                "metrics": {
                    "outcome": 1329.8052626183228
                },
                "metadata": {
                    "trials": 1
                }
            }
        ],
        [
            {
                "query": {
                    "x1": 0.5912185520800519,
                    "x2": -1.1513033374617763
                },
                "metrics": {
                    "outcome": 1329.7364874680852
                },
                "metadata": {
                    "trials": 1
                }
            }
        ],
        [
            {
                "query": {
                    "x1": 0.5912243959152278,
                    "x2": -1.151299023790108
                },
                "metrics": {
                    "outcome": 1329.7785017956119
                },
                "metadata": {
                    "trials": 1
                }
            }
        ],
        [
            {
                "query": {
                    "x1": 0.5912189332894494,
                    "x2": -1.1513016831259109
                },
                "metrics": {
                    "outcome": 1329.7365698195208
                },
                "metadata": {
                    "trials": 1
                }
            }
        ],
        [
            {
                "query": {
                    "x1": 0.5912010319083956,
                    "x2": -1.1513132346548587
                },
                "metrics": {
                    "outcome": 1329.604652357467
                },
                "metadata": {
                    "trials": 1
                }
            }
        ],
        [
            {
                "query": {
                    "x1": -0.2765857857732534,
                    "x2": -0.575942932820992
                },
                "metrics": {
                    "outcome": 59.545285829071084
                },
                "metadata": {
                    "trials": 1
                }
            }
        ],
        [
            {
                "query": {
                    "x1": 2.0,
                    "x2": 2.0
                },
                "metrics": {
                    "outcome": 76728.0
                },
                "metadata": {
                    "trials": 1
                }
            }
        ],
        [
            {
                "query": {
                    "x1": -0.2765875068171601,
                    "x2": -0.5759461010643653
                },
                "metrics": {
                    "outcome": 59.54365628491811
                },
                "metadata": {
                    "trials": 1
                }
            }
        ],
        [
            {
                "query": {
                    "x1": -0.27658822347403594,
                    "x2": -0.5759435345698669
                },
                "metrics": {
                    "outcome": 59.544325676978715
                },
                "metadata": {
                    "trials": 1
                }
            }
        ],
        [
            {
                "query": {
                    "x1": 2.0,
                    "x2": 2.0
                },
                "metrics": {
                    "outcome": 76728.0
                },
                "metadata": {
                    "trials": 1
                }
            }
        ],
        [
            {
                "query": {
                    "x1": 0.23468369256545493,
                    "x2": -1.3308752989501282
                },
                "metrics": {
                    "outcome": 210.98493217690307
                },
                "metadata": {
                    "trials": 1
                }
            }
        ],
        [
            {
                "query": {
                    "x1": 0.23468701258923824,
                    "x2": -1.330873318117871
                },
                "metrics": {
                    "outcome": 210.97898668827938
                },
                "metadata": {
                    "trials": 1
                }
            }
        ],
        [
            {
                "query": {
                    "x1": 0.23468697516850143,
                    "x2": -1.3308731567149916
                },
                "metrics": {
                    "outcome": 210.97863695504884
                },
                "metadata": {
                    "trials": 1
                }
            }
        ],
        [
            {
                "query": {
                    "x1": 0.23468733532826186,
                    "x2": -1.3308732596469433
                },
                "metrics": {
                    "outcome": 210.9787128858031
                },
                "metadata": {
                    "trials": 1
                }
            }
        ],
        [
            {
                "query": {
                    "x1": 0.23468678187947017,
                    "x2": -1.3308741727453037
                },
                "metrics": {
                    "outcome": 210.98102613252723
                },
                "metadata": {
                    "trials": 1
                }
            }
        ],
        [
            {
                "query": {
                    "x1": 2.0,
                    "x2": -0.48138354128864075
                },
                "metrics": {
                    "outcome": 18852.08842987956
                },
                "metadata": {
                    "trials": 1
                }
            }
        ],
        [
            {
                "query": {
                    "x1": 2.0,
                    "x2": -0.4813803673912401
                },
                "metrics": {
                    "outcome": 18851.867247994567
                },
                "metadata": {
                    "trials": 1
                }
            }
        ],
        [
            {
                "query": {
                    "x1": 2.0,
                    "x2": -0.481385731962775
                },
                "metrics": {
                    "outcome": 18852.24109423085
                },
                "metadata": {
                    "trials": 1
                }
            }
        ],
        [
            {
                "query": {
                    "x1": 2.0,
                    "x2": -0.4813832059974725
                },
                "metrics": {
                    "outcome": 18852.065064089482
                },
                "metadata": {
                    "trials": 1
                }
            }
        ],
        [
            {
                "query": {
                    "x1": 2.0,
                    "x2": -0.48138065569761523
                },
                "metrics": {
                    "outcome": 18851.887339348483
                },
                "metadata": {
                    "trials": 1
                }
            }
        ],
        [
            {
                "query": {
                    "x1": 2.0,
                    "x2": 0.6668047534461704
                },
                "metrics": {
                    "outcome": 909.8928484641532
                },
                "metadata": {
                    "trials": 1
                }
            }
        ],
        [
            {
                "query": {
                    "x1": -2.0,
                    "x2": -0.00691131570696885
                },
                "metrics": {
                    "outcome": 126599.6321759361
                },
                "metadata": {
                    "trials": 1
                }
            }
        ],
        [
            {
                "query": {
                    "x1": 2.0,
                    "x2": 0.6667995780393194
                },
                "metrics": {
                    "outcome": 909.8718764216537
                },
                "metadata": {
                    "trials": 1
                }
            }
        ],
        [
            {
                "query": {
                    "x1": 2.0,
                    "x2": 0.666799150249769
                },
                "metrics": {
                    "outcome": 909.87014291758
                },
                "metadata": {
                    "trials": 1
                }
            }
        ],
        [
            {
                "query": {
                    "x1": 2.0,
                    "x2": 0.6667965131307956
                },
                "metrics": {
                    "outcome": 909.8594567107251
                },
                "metadata": {
                    "trials": 1
                }
            }
        ],
        [
            {
                "query": {
                    "x1": 0.7649198894899676,
                    "x2": 0.026924120224182484
                },
                "metrics": {
                    "outcome": 1049.4146621326365
                },
                "metadata": {
                    "trials": 1
                }
            }
        ],
        [
            {
                "query": {
                    "x1": 0.76493652878626,
                    "x2": 0.026928825650863054
                },
                "metrics": {
                    "outcome": 1049.4108637901704
                },
                "metadata": {
                    "trials": 1
                }
            }
        ],
        [
            {
                "query": {
                    "x1": 0.764921376649341,
                    "x2": 0.026926881765783287
                },
                "metrics": {
                    "outcome": 1049.4174920188232
                },
                "metadata": {
                    "trials": 1
                }
            }
        ],
        [
            {
                "query": {
                    "x1": 0.764929795510486,
                    "x2": 0.026927958524737537
                },
                "metrics": {
                    "outcome": 1049.413804857276
                },
                "metadata": {
                    "trials": 1
                }
            }
        ],
        [
            {
                "query": {
                    "x1": 0.7649237563120657,
                    "x2": 0.02692738150820871
                },
                "metrics": {
                    "outcome": 1049.416714361631
                },
                "metadata": {
                    "trials": 1
                }
            }
        ],
        [
            {
                "query": {
                    "x1": -1.2215537173721835,
                    "x2": -1.4619427534652796
                },
                "metrics": {
                    "outcome": 5197.40464610684
                },
                "metadata": {
                    "trials": 1
                }
            }
        ],
        [
            {
                "query": {
                    "x1": -1.2215541030121768,
                    "x2": -1.4619426406380966
                },
                "metrics": {
                    "outcome": 5197.412605449019
                },
                "metadata": {
                    "trials": 1
                }
            }
        ],
        [
            {
                "query": {
                    "x1": -1.2215543209312532,
                    "x2": -1.4619417449869458
                },
                "metrics": {
                    "outcome": 5197.423238106589
                },
                "metadata": {
                    "trials": 1
                }
            }
        ],
        [
            {
                "query": {
                    "x1": -1.221556141108067,
                    "x2": -1.4619409742489995
                },
                "metrics": {
                    "outcome": 5197.462561929921
                },
                "metadata": {
                    "trials": 1
                }
            }
        ],
        [
            {
                "query": {
                    "x1": -1.2215535184019428,
                    "x2": -1.4619423866541317
                },
                "metrics": {
                    "outcome": 5197.40367393826
                },
                "metadata": {
                    "trials": 1
                }
            }
        ],
        [
            {
                "query": {
                    "x1": -0.4875807001873064,
                    "x2": -1.5944247639362743
                },
                "metrics": {
                    "outcome": 2783.498433878298
                },
                "metadata": {
                    "trials": 1
                }
            }
        ],
        [
            {
                "query": {
                    "x1": -0.48753080078175315,
                    "x2": -1.594424359536032
                },
                "metrics": {
                    "outcome": 2783.9254972011745
                },
                "metadata": {
                    "trials": 1
                }
            }
        ],
        [
            {
                "query": {
                    "x1": -0.48753678907820014,
                    "x2": -1.594417484682899
                },
                "metrics": {
                    "outcome": 2783.6745159326388
                },
                "metadata": {
                    "trials": 1
                }
            }
        ],
        [
            {
                "query": {
                    "x1": -0.48752397598953034,
                    "x2": -1.594418327385681
                },
                "metrics": {
                    "outcome": 2783.8114771289193
                },
                "metadata": {
                    "trials": 1
                }
            }
        ],
        [
            {
                "query": {
                    "x1": -0.48754585709216336,
                    "x2": -1.5944199827062226
                },
                "metrics": {
                    "outcome": 2783.6668536502243
                },
                "metadata": {
                    "trials": 1
                }
            }
        ],
        [
            {
                "query": {
                    "x1": 1.004202383484534,
                    "x2": 0.9711235829292248
                },
                "metrics": {
                    "outcome": 1641.7527868080174
                },
                "metadata": {
                    "trials": 1
                }
            }
        ],
        [
            {
                "query": {
                    "x1": 1.0041999824696688,
                    "x2": 0.9711168254996267
                },
                "metrics": {
                    "outcome": 1641.7182428290635
                },
                "metadata": {
                    "trials": 1
                }
            }
        ],
        [
            {
                "query": {
                    "x1": 1.0042046969656646,
                    "x2": 0.9711222345263981
                },
                "metrics": {
                    "outcome": 1641.7331151578292
                },
                "metadata": {
                    "trials": 1
                }
            }
        ],
        [
            {
                "query": {
                    "x1": 1.0041875732023473,
                    "x2": 0.9711171078713355
                },
                "metrics": {
                    "outcome": 1641.7769293515
                },
                "metadata": {
                    "trials": 1
                }
            }
        ],
        [
            {
                "query": {
                    "x1": 1.0041918093391524,
                    "x2": 0.9711193280942325
                },
                "metrics": {
                    "outcome": 1641.7725046358555
                },
                "metadata": {
                    "trials": 1
                }
            }
        ],
        [
            {
                "query": {
                    "x1": 0.24104264894886096,
                    "x2": -0.30924176884578763
                },
                "metrics": {
                    "outcome": 601.3732328971856
                },
                "metadata": {
                    "trials": 1
                }
            }
        ],
        [
            {
                "query": {
                    "x1": 0.24106955343336584,
                    "x2": -0.3092245772358559
                },
                "metrics": {
                    "outcome": 601.4085035196223
                },
                "metadata": {
                    "trials": 1
                }
            }
        ],
        [
            {
                "query": {
                    "x1": 0.24102705025450666,
                    "x2": -0.3092292307148373
                },
                "metrics": {
                    "outcome": 601.3846641580009
                },
                "metadata": {
                    "trials": 1
                }
            }
        ],
        [
            {
                "query": {
                    "x1": 0.24107457720644623,
                    "x2": -0.30923328171481895
                },
                "metrics": {
                    "outcome": 601.3982102334327
                },
                "metadata": {
                    "trials": 1
                }
            }
        ],
        [
            {
                "query": {
                    "x1": 0.24103673282803573,
                    "x2": -0.3092027614904962
                },
                "metrics": {
                    "outcome": 601.4260880703404
                },
                "metadata": {
                    "trials": 1
                }
            }
        ],
        [
            {
                "query": {
                    "x1": -0.87279071222577,
                    "x2": -0.6084022784958203
                },
                "metrics": {
                    "outcome": 352.9916612195952
                },
                "metadata": {
                    "trials": 1
                }
            }
        ],
        [
            {
                "query": {
                    "x1": -0.872753960701775,
                    "x2": -0.6083778853293995
                },
                "metrics": {
                    "outcome": 352.89986589530747
                },
                "metadata": {
                    "trials": 1
                }
            }
        ],
        [
            {
                "query": {
                    "x1": -0.872801431505776,
                    "x2": -0.6083544189351057
                },
                "metrics": {
                    "outcome": 352.93093176148324
                },
                "metadata": {
                    "trials": 1
                }
            }
        ],
        [
            {
                "query": {
                    "x1": -0.8727298387215671,
                    "x2": -0.6083540958273871
                },
                "metrics": {
                    "outcome": 352.82724462719426
                },
                "metadata": {
                    "trials": 1
                }
            }
        ],
        [
            {
                "query": {
                    "x1": -0.8727608185720185,
                    "x2": -0.6083354448885285
                },
                "metrics": {
                    "outcome": 352.84220606625144
                },
                "metadata": {
                    "trials": 1
                }
            }
        ],
        [
            {
                "query": {
                    "x1": 0.6800107843397892,
                    "x2": -0.6853556620016332
                },
                "metrics": {
                    "outcome": 213.88419807702886
                },
                "metadata": {
                    "trials": 1
                }
            }
        ],
        [
            {
                "query": {
                    "x1": 0.6799544110675676,
                    "x2": -0.6853376242903342
                },
                "metrics": {
                    "outcome": 213.73766624145713
                },
                "metadata": {
                    "trials": 1
                }
            }
        ],
        [
            {
                "query": {
                    "x1": 0.6798303205590056,
                    "x2": -0.685369823394048
                },
                "metrics": {
                    "outcome": 213.57319848447776
                },
                "metadata": {
                    "trials": 1
                }
            }
        ],
        [
            {
                "query": {
                    "x1": 0.679952000672885,
                    "x2": -0.6853506665928325
                },
                "metrics": {
                    "outcome": 213.7617454265303
                },
                "metadata": {
                    "trials": 1
                }
            }
        ],
        [
            {
                "query": {
                    "x1": 0.6799750793490779,
                    "x2": -0.6853779384179813
                },
                "metrics": {
                    "outcome": 213.86542954846666
                },
                "metadata": {
                    "trials": 1
                }
            }
        ],
        [
            {
                "query": {
                    "x1": 1.5776607784257213,
                    "x2": 0.9178777686326383
                },
                "metrics": {
                    "outcome": 1103.6476978248932
                },
                "metadata": {
                    "trials": 1
                }
            }
        ],
        [
            {
                "query": {
                    "x1": 1.5776101202148698,
                    "x2": 0.9178639860799627
                },
                "metrics": {
                    "outcome": 1103.5681857931818
                },
                "metadata": {
                    "trials": 1
                }
            }
        ],
        [
            {
                "query": {
                    "x1": 1.5776755317982734,
                    "x2": 0.9178648704965819
                },
                "metrics": {
                    "outcome": 1103.6671969068593
                },
                "metadata": {
                    "trials": 1
                }
            }
        ],
        [
            {
                "query": {
                    "x1": 1.5776379406174212,
                    "x2": 0.9178574519207394
                },
                "metrics": {
                    "outcome": 1103.608799402048
                },
                "metadata": {
                    "trials": 1
                }
            }
        ],
        [
            {
                "query": {
                    "x1": 1.5776525127705396,
                    "x2": 0.9178799213270543
                },
                "metrics": {
                    "outcome": 1103.635675690629
                },
                "metadata": {
                    "trials": 1
                }
            }
        ],
        [
            {
                "query": {
                    "x1": 0.7349831478355647,
                    "x2": 0.6441533702749509
                },
                "metrics": {
                    "outcome": 1122.4229424208736
                },
                "metadata": {
                    "trials": 1
                }
            }
        ],
        [
            {
                "query": {
                    "x1": 0.7348472996374839,
                    "x2": 0.644244399911191
                },
                "metrics": {
                    "outcome": 1122.9172035019883
                },
                "metadata": {
                    "trials": 1
                }
            }
        ],
        [
            {
                "query": {
                    "x1": 0.7349533597624778,
                    "x2": 0.6441613579739889
                },
                "metrics": {
                    "outcome": 1122.5022485432057
                },
                "metadata": {
                    "trials": 1
                }
            }
        ],
        [
            {
                "query": {
                    "x1": 0.7350025856085554,
                    "x2": 0.6441878231841036
                },
                "metrics": {
                    "outcome": 1122.467250181529
                },
                "metadata": {
                    "trials": 1
                }
            }
        ],
        [
            {
                "query": {
                    "x1": 0.7349393971592455,
                    "x2": 0.6442689043961498
                },
                "metrics": {
                    "outcome": 1122.7910131909837
                },
                "metadata": {
                    "trials": 1
                }
            }
        ],
        [
            {
                "query": {
                    "x1": -1.3728900099400656,
                    "x2": -0.8398711631139184
                },
                "metrics": {
                    "outcome": 2990.4105275029415
                },
                "metadata": {
                    "trials": 1
                }
            }
        ],
        [
            {
                "query": {
                    "x1": -1.3729997939275318,
                    "x2": -0.8399267385153266
                },
                "metrics": {
                    "outcome": 2991.478597355776
                },
                "metadata": {
                    "trials": 1
                }
            }
        ],
        [
            {
                "query": {
                    "x1": -1.3729019690440631,
                    "x2": -0.8398625789675427
                },
                "metrics": {
                    "outcome": 2990.4824720365878
                },
                "metadata": {
                    "trials": 1
                }
            }
        ],
        [
            {
                "query": {
                    "x1": -1.3727756874161483,
                    "x2": -0.8399056090914354
                },
                "metrics": {
                    "outcome": 2989.5788399831335
                },
                "metadata": {
                    "trials": 1
                }
            }
        ],
        [
            {
                "query": {
                    "x1": -1.3729827974633317,
                    "x2": -0.8399442301486894
                },
                "metrics": {
                    "outcome": 2991.392374014672
                },
                "metadata": {
                    "trials": 1
                }
            }
        ],
        [
            {
                "query": {
                    "x1": 1.5091558812415533,
                    "x2": -0.08584793573712933
                },
                "metrics": {
                    "outcome": 193.01761735443574
                },
                "metadata": {
                    "trials": 1
                }
            }
        ],
        [
            {
                "query": {
                    "x1": 1.509193980927753,
                    "x2": -0.08574275079914008
                },
                "metrics": {
                    "outcome": 192.82684244972998
                },
                "metadata": {
                    "trials": 1
                }
            }
        ],
        [
            {
                "query": {
                    "x1": 1.5093544221608532,
                    "x2": -0.08582199956066179
                },
                "metrics": {
                    "outcome": 193.2541607547558
                },
                "metadata": {
                    "trials": 1
                }
            }
        ],
        [
            {
                "query": {
                    "x1": 1.509392547439919,
                    "x2": -0.08579865070610015
                },
                "metrics": {
                    "outcome": 193.25625214979624
                },
                "metadata": {
                    "trials": 1
                }
            }
        ],
        [
            {
                "query": {
                    "x1": 1.5091279629447616,
                    "x2": -0.08600824516236373
                },
                "metrics": {
                    "outcome": 193.35402513832247
                },
                "metadata": {
                    "trials": 1
                }
            }
        ],
        [
            {
                "query": {
                    "x1": 0.06103081141730939,
                    "x2": -0.791352304899787
                },
                "metrics": {
                    "outcome": 31.688229729358294
                },
                "metadata": {
                    "trials": 1
                }
            }
        ],
        [
            {
                "query": {
                    "x1": 0.06103019406249469,
                    "x2": -0.7911061404426353
                },
                "metrics": {
                    "outcome": 31.77916881440954
                },
                "metadata": {
                    "trials": 1
                }
            }
        ],
        [
            {
                "query": {
                    "x1": 0.06075846950356195,
                    "x2": -0.7915212061992511
                },
                "metrics": {
                    "outcome": 31.62510235881799
                },
                "metadata": {
                    "trials": 1
                }
            }
        ],
        [
            {
                "query": {
                    "x1": 0.0622247327338531,
                    "x2": -0.7911416604991199
                },
                "metrics": {
                    "outcome": 31.76925876795679
                },
                "metadata": {
                    "trials": 1
                }
            }
        ],
        [
            {
                "query": {
                    "x1": 0.06096614470101978,
                    "x2": -0.7914360646122389
                },
                "metrics": {
                    "outcome": 31.65713261859517
                },
                "metadata": {
                    "trials": 1
                }
            }
        ],
        [
            {
                "query": {
                    "x1": 1.1398902189444595,
                    "x2": 0.2939484618691097
                },
                "metrics": {
                    "outcome": 1026.3498752026107
                },
                "metadata": {
                    "trials": 1
                }
            }
        ],
        [
            {
                "query": {
                    "x1": 1.1407640359055657,
                    "x2": 0.2939459792643518
                },
                "metrics": {
                    "outcome": 1025.5576474100483
                },
                "metadata": {
                    "trials": 1
                }
            }
        ],
        [
            {
                "query": {
                    "x1": 1.137079854104899,
                    "x2": 0.29416299894587805
                },
                "metrics": {
                    "outcome": 1029.034879404358
                },
                "metadata": {
                    "trials": 1
                }
            }
        ],
        [
            {
                "query": {
                    "x1": 1.1379697217714035,
                    "x2": 0.29431712389898135
                },
                "metrics": {
                    "outcome": 1028.3553642061197
                },
                "metadata": {
                    "trials": 1
                }
            }
        ],
        [
            {
                "query": {
                    "x1": 1.1381345696374074,
                    "x2": 0.2943841964923103
                },
                "metrics": {
                    "outcome": 1028.2582756806578
                },
                "metadata": {
                    "trials": 1
                }
            }
        ],
        [
            {
                "query": {
                    "x1": -0.2996402845804113,
                    "x2": -1.0679571633689084
                },
                "metrics": {
                    "outcome": 51.607385309228476
                },
                "metadata": {
                    "trials": 1
                }
            }
        ],
        [
            {
                "query": {
                    "x1": -0.3008534078069229,
                    "x2": -1.067839953994328
                },
                "metrics": {
                    "outcome": 52.27941452448294
                },
                "metadata": {
                    "trials": 1
                }
            }
        ],
        [
            {
                "query": {
                    "x1": -0.30047835334072087,
                    "x2": -1.074400153985447
                },
                "metrics": {
                    "outcome": 51.066780495938026
                },
                "metadata": {
                    "trials": 1
                }
            }
        ],
        [
            {
                "query": {
                    "x1": -0.30088950894588784,
                    "x2": -1.0690627156027714
                },
                "metrics": {
                    "outcome": 52.11473231759971
                },
                "metadata": {
                    "trials": 1
                }
            }
        ],
        [
            {
                "query": {
                    "x1": -0.3018440567014265,
                    "x2": -1.0682832283140862
                },
                "metrics": {
                    "outcome": 52.751951642856845
                },
                "metadata": {
                    "trials": 1
                }
            }
        ],
        [
            {
                "query": {
                    "x1": -0.3504593755592164,
                    "x2": -0.3874595215603018
                },
                "metrics": {
                    "outcome": 101.29957574252649
                },
                "metadata": {
                    "trials": 1
                }
            }
        ],
        [
            {
                "query": {
                    "x1": -0.3558314175203108,
                    "x2": -0.38568451158560757
                },
                "metrics": {
                    "outcome": 99.19077001947292
                },
                "metadata": {
                    "trials": 1
                }
            }
        ],
        [
            {
                "query": {
                    "x1": 2.0,
                    "x2": 0.38910549791707905
                },
                "metrics": {
                    "outcome": 124.2959480609988
                },
                "metadata": {
                    "trials": 1
                }
            }
        ],
        [
            {
                "query": {
                    "x1": 2.0,
                    "x2": 0.3926116362579571
                },
                "metrics": {
                    "outcome": 128.18018737950683
                },
                "metadata": {
                    "trials": 1
                }
            }
        ],
        [
            {
                "query": {
                    "x1": 2.0,
                    "x2": 0.3944743038834634
                },
                "metrics": {
                    "outcome": 130.32695278497525
                },
                "metadata": {
                    "trials": 1
                }
            }
        ]
    ]
}