{
    "date": "05/11/2022 12:03:59",
    "basic_params": {
        "active_variables": [
            "x1",
            "x2"
        ],
        "default_query": {},
        "metric": "basic",
        "n_trials": 1
    },
    "objective_function": {
        "name": "Gramacy2D",
        "params": {}
    },
    "optimizer": {
        "name": "BBO-LP(LCB)",
        "params": {
            "lower_bound": [
                -2.0,
                -2.0
            ],
            "upper_bound": [
                6.0,
                6.0
            ],
            "invert_metric": false,
            "bopt_params": {
                "n_init_samples": 12,
                "n_iterations": 23,
                "n_iter_relearn": 5,
                "verbose_level": 0,
                "n_parallel_samples": 6,
                "par_type": "PAR_BBO",
                "crit_name": "cLP(cLCB)",
                "n_crit_params": 3,
                "crit_params": [
                    6,
                    1,
                    1.0
                ]
            }
        }
    },
    "iterations": [
        [
            {
                "query": {
                    "x1": -1.911782631650567,
                    "x2": 1.3690601220975318
                },
                "metrics": {
                    "outcome": -0.007587885422839711
                },
                "metadata": {
                    "trials": 1
                }
            }
        ],
        [
            {
                "query": {
                    "x1": 1.4538231116409102,
                    "x2": 0.7667415121880672
                },
                "metrics": {
                    "outcome": 0.09755904728474449
                },
                "metadata": {
                    "trials": 1
                }
            }
        ],
        [
            {
                "query": {
                    "x1": 0.6654382422566414,
                    "x2": -1.0232729315757751
                },
                "metrics": {
                    "outcome": 0.14998724959187265
                },
                "metadata": {
                    "trials": 1
                }
            }
        ],
        [
            {
                "query": {
                    "x1": 2.1465694595438736,
                    "x2": 3.95198069497322
                },
                "metrics": {
                    "outcome": 3.5297425859553375e-09
                },
                "metadata": {
                    "trials": 1
                }
            }
        ],
        [
            {
                "query": {
                    "x1": 4.903718132991344,
                    "x2": 4.691430463921279
                },
                "metrics": {
                    "outcome": 4.8828265061240525e-20
                },
                "metadata": {
                    "trials": 1
                }
            }
        ],
        [
            {
                "query": {
                    "x1": 5.680639386332284,
                    "x2": 3.092581176819901
                },
                "metrics": {
                    "outcome": 3.85693680862667e-18
                },
                "metadata": {
                    "trials": 1
                }
            }
        ],
        [
            {
                "query": {
                    "x1": 3.8482368749876814,
                    "x2": -1.7485754637358089
                },
                "metrics": {
                    "outcome": 6.698292441360845e-08
                },
                "metadata": {
                    "trials": 1
                }
            }
        ],
        [
            {
                "query": {
                    "x1": 4.615478458503882,
                    "x2": 2.4134439414677518
                },
                "metrics": {
                    "outcome": 7.637601343727301e-12
                },
                "metadata": {
                    "trials": 1
                }
            }
        ],
        [
            {
                "query": {
                    "x1": -0.20997800678014755,
                    "x2": -0.35198956867679954
                },
                "metrics": {
                    "outcome": -0.17750794630447475
                },
                "metadata": {
                    "trials": 1
                }
            }
        ],
        [
            {
                "query": {
                    "x1": 3.2630173542226357,
                    "x2": 5.835988368062924
                },
                "metrics": {
                    "outcome": 1.2532330056510294e-19
                },
                "metadata": {
                    "trials": 1
                }
            }
        ],
        [
            {
                "query": {
                    "x1": -0.9180701028866072,
                    "x2": 4.1691758572123945
                },
                "metrics": {
                    "outcome": -1.1166344157103544e-08
                },
                "metadata": {
                    "trials": 1
                }
            }
        ],
        [
            {
                "query": {
                    "x1": 1.21778945873181,
                    "x2": 0.4729809806061289
                },
                "metrics": {
                    "outcome": 0.22097960260000238
                },
                "metadata": {
                    "trials": 1
                }
            }
        ],
        [
            {
                "query": {
                    "x1": 5.999999997009145,
                    "x2": -0.4655184060811266
                },
                "metrics": {
                    "outcome": 1.1205599470888917e-15
                },
                "metadata": {
                    "trials": 1
                }
            },
            {
                "query": {
                    "x1": 4.966306585169184,
                    "x2": -0.46578634842136446
                },
                "metrics": {
                    "outcome": 7.767547089863055e-11
                },
                "metadata": {
                    "trials": 1
                }
            },
            {
                "query": {
                    "x1": 3.922044964355898,
                    "x2": -0.4660073909010407
                },
                "metrics": {
                    "outcome": 6.587074057095543e-07
                },
                "metadata": {
                    "trials": 1
                }
            },
            {
                "query": {
                    "x1": 2.8635816130862004,
                    "x2": -0.46618241089374113
                },
                "metrics": {
                    "outcome": 0.0006328022781407154
                },
                "metadata": {
                    "trials": 1
                }
            },
            {
                "query": {
                    "x1": -1.9998001443797104,
                    "x2": -0.46633082101330636
                },
                "metrics": {
                    "outcome": -0.029492543675974172
                },
                "metadata": {
                    "trials": 1
                }
            },
            {
                "query": {
                    "x1": -0.8748879196981605,
                    "x2": -0.46639174397722805
                },
                "metrics": {
                    "outcome": -0.3273878833331359
                },
                "metadata": {
                    "trials": 1
                }
            }
        ],
        [
            {
                "query": {
                    "x1": -1.9999999999954312,
                    "x2": 5.3496350834083035
                },
                "metrics": {
                    "outcome": -1.364438456561524e-14
                },
                "metadata": {
                    "trials": 1
                }
            },
            {
                "query": {
                    "x1": 0.3105135908592147,
                    "x2": 5.34973642938788
                },
                "metrics": {
                    "outcome": 1.0491497216527578e-13
                },
                "metadata": {
                    "trials": 1
                }
            },
            {
                "query": {
                    "x1": 2.6345857179660124,
                    "x2": 5.349840830993488
                },
                "metrics": {
                    "outcome": 9.471133676857518e-16
                },
                "metadata": {
                    "trials": 1
                }
            },
            {
                "query": {
                    "x1": 4.974576905680316,
                    "x2": 5.349944277122187
                },
                "metrics": {
                    "outcome": 3.305138249814477e-23
                },
                "metadata": {
                    "trials": 1
                }
            },
            {
                "query": {
                    "x1": -0.9492119129894883,
                    "x2": -0.3843312988893244
                },
                "metrics": {
                    "outcome": -0.3325925848370793
                },
                "metadata": {
                    "trials": 1
                }
            },
            {
                "query": {
                    "x1": 3.804547505768812,
                    "x2": 5.3498910651195795
                },
                "metrics": {
                    "outcome": 7.311128927444133e-19
                },
                "metadata": {
                    "trials": 1
                }
            }
        ],
        [
            {
                "query": {
                    "x1": -2.0,
                    "x2": -1.3812608175045695
                },
                "metrics": {
                    "outcome": -0.0054358777853068235
                },
                "metadata": {
                    "trials": 1
                }
            },
            {
                "query": {
                    "x1": -1.9370223877515849,
                    "x2": -1.381305628365979
                },
                "metrics": {
                    "outcome": -0.006745301926618412
                },
                "metadata": {
                    "trials": 1
                }
            },
            {
                "query": {
                    "x1": -1.8739084447338095,
                    "x2": -1.3813492949603607
                },
                "metrics": {
                    "outcome": -0.008298899138922478
                },
                "metadata": {
                    "trials": 1
                }
            },
            {
                "query": {
                    "x1": -1.8106759436366633,
                    "x2": -1.381394412959342
                },
                "metrics": {
                    "outcome": -0.010121456809917549
                },
                "metadata": {
                    "trials": 1
                }
            },
            {
                "query": {
                    "x1": -1.7473142727875115,
                    "x2": -1.3814394364671414
                },
                "metrics": {
                    "outcome": -0.012235641196683598
                },
                "metadata": {
                    "trials": 1
                }
            },
            {
                "query": {
                    "x1": -1.6838277182598878,
                    "x2": -1.3814829241000726
                },
                "metrics": {
                    "outcome": -0.01465899338628793
                },
                "metadata": {
                    "trials": 1
                }
            }
        ],
        [
            {
                "query": {
                    "x1": -2.0,
                    "x2": 1.8325581253019676
                },
                "metrics": {
                    "outcome": -0.0012746009853092156
                },
                "metadata": {
                    "trials": 1
                }
            },
            {
                "query": {
                    "x1": -1.7786690848461073,
                    "x2": 1.8328628505610784
                },
                "metrics": {
                    "outcome": -0.002613187436114664
                },
                "metadata": {
                    "trials": 1
                }
            },
            {
                "query": {
                    "x1": -1.5571813243012584,
                    "x2": 1.8331635992901978
                },
                "metrics": {
                    "outcome": -0.004784254263788876
                },
                "metadata": {
                    "trials": 1
                }
            },
            {
                "query": {
                    "x1": -1.3355665397147387,
                    "x2": 1.8334666243427202
                },
                "metrics": {
                    "outcome": -0.007781685893571038
                },
                "metadata": {
                    "trials": 1
                }
            },
            {
                "query": {
                    "x1": -1.1138165337458794,
                    "x2": 1.8337687779411347
                },
                "metrics": {
                    "outcome": -0.011159068812098024
                },
                "metadata": {
                    "trials": 1
                }
            },
            {
                "query": {
                    "x1": -0.8919090028013481,
                    "x2": 1.8340695315523394
                },
                "metrics": {
                    "outcome": -0.013930092062852674
                },
                "metadata": {
                    "trials": 1
                }
            }
        ],
        [
            {
                "query": {
                    "x1": -1.0374556539526711,
                    "x2": -0.3989776155310836
                },
                "metrics": {
                    "outcome": -0.3015781348728898
                },
                "metadata": {
                    "trials": 1
                }
            },
            {
                "query": {
                    "x1": -1.0149295590802303,
                    "x2": -0.39886835130927834
                },
                "metrics": {
                    "outcome": -0.30901706984095034
                },
                "metadata": {
                    "trials": 1
                }
            },
            {
                "query": {
                    "x1": -0.9922339775922853,
                    "x2": -0.39898013815070854
                },
                "metrics": {
                    "outcome": -0.316159087087641
                },
                "metadata": {
                    "trials": 1
                }
            },
            {
                "query": {
                    "x1": -0.9703325231353861,
                    "x2": -0.39911130909031756
                },
                "metrics": {
                    "outcome": -0.32272603601914934
                },
                "metadata": {
                    "trials": 1
                }
            },
            {
                "query": {
                    "x1": -0.9471734418651987,
                    "x2": -0.39897395708709404
                },
                "metrics": {
                    "outcome": -0.32936431474146716
                },
                "metadata": {
                    "trials": 1
                }
            },
            {
                "query": {
                    "x1": -0.9239437515245177,
                    "x2": -0.3989757053095433
                },
                "metrics": {
                    "outcome": -0.33555890856895665
                },
                "metadata": {
                    "trials": 1
                }
            }
        ],
        [
            {
                "query": {
                    "x1": 0.650933418621924,
                    "x2": -1.2883276864262523
                },
                "metrics": {
                    "outcome": 0.08103691716770149
                },
                "metadata": {
                    "trials": 1
                }
            },
            {
                "query": {
                    "x1": 0.9282077689690715,
                    "x2": -1.2896162404614038
                },
                "metrics": {
                    "outcome": 0.07433455269794922
                },
                "metadata": {
                    "trials": 1
                }
            },
            {
                "query": {
                    "x1": 1.1959053413875487,
                    "x2": -1.2909531788097413
                },
                "metrics": {
                    "outcome": 0.054049975453623576
                },
                "metadata": {
                    "trials": 1
                }
            },
            {
                "query": {
                    "x1": 1.457941860848576,
                    "x2": -1.2923676300018139
                },
                "metrics": {
                    "outcome": 0.032752276631185746
                },
                "metadata": {
                    "trials": 1
                }
            },
            {
                "query": {
                    "x1": 1.3242355772162964,
                    "x2": -1.4769455164369278
                },
                "metrics": {
                    "outcome": 0.02588394071010322
                },
                "metadata": {
                    "trials": 1
                }
            },
            {
                "query": {
                    "x1": 1.716016741002655,
                    "x2": -1.293881196274803
                },
                "metrics": {
                    "outcome": 0.01692715319254036
                },
                "metadata": {
                    "trials": 1
                }
            }
        ],
        [
            {
                "query": {
                    "x1": 2.8921307457672514,
                    "x2": -1.6425841316162237
                },
                "metrics": {
                    "outcome": 4.5376810410918854e-05
                },
                "metadata": {
                    "trials": 1
                }
            },
            {
                "query": {
                    "x1": 3.173975875828802,
                    "x2": -1.6420720883200361
                },
                "metrics": {
                    "outcome": 9.024760585084885e-06
                },
                "metadata": {
                    "trials": 1
                }
            },
            {
                "query": {
                    "x1": 3.4466001529534225,
                    "x2": -1.6417143616007377
                },
                "metrics": {
                    "outcome": 1.6138460493922014e-06
                },
                "metadata": {
                    "trials": 1
                }
            },
            {
                "query": {
                    "x1": 3.713779488803003,
                    "x2": -1.6415020804008589
                },
                "metrics": {
                    "outcome": 2.568850616011686e-07
                },
                "metadata": {
                    "trials": 1
                }
            },
            {
                "query": {
                    "x1": 3.9771319489616612,
                    "x2": -1.6414341127310679
                },
                "metrics": {
                    "outcome": 3.630452157276056e-08
                },
                "metadata": {
                    "trials": 1
                }
            },
            {
                "query": {
                    "x1": 4.237586190857715,
                    "x2": -1.6415124921744102
                },
                "metrics": {
                    "outcome": 4.551967980137767e-09
                },
                "metadata": {
                    "trials": 1
                }
            }
        ],
        [
            {
                "query": {
                    "x1": -0.8708048288351011,
                    "x2": 1.7437476667475837
                },
                "metrics": {
                    "outcome": -0.019500905481120812
                },
                "metadata": {
                    "trials": 1
                }
            },
            {
                "query": {
                    "x1": -0.5983797882079962,
                    "x2": 1.7441858145592573
                },
                "metrics": {
                    "outcome": -0.019965047567441437
                },
                "metadata": {
                    "trials": 1
                }
            },
            {
                "query": {
                    "x1": -1.143628213245742,
                    "x2": 1.743284052840492
                },
                "metrics": {
                    "outcome": -0.014806056968526264
                },
                "metadata": {
                    "trials": 1
                }
            },
            {
                "query": {
                    "x1": -1.407388988666326,
                    "x2": 1.742818192070485
                },
                "metrics": {
                    "outcome": -0.009312266127708977
                },
                "metadata": {
                    "trials": 1
                }
            },
            {
                "query": {
                    "x1": -1.665935849120094,
                    "x2": 1.7423511281511344
                },
                "metrics": {
                    "outcome": -0.004987888175701938
                },
                "metadata": {
                    "trials": 1
                }
            },
            {
                "query": {
                    "x1": 5.011198046160288,
                    "x2": -1.4114433013796042
                },
                "metrics": {
                    "outcome": 8.486002849412623e-12
                },
                "metadata": {
                    "trials": 1
                }
            }
        ],
        [
            {
                "query": {
                    "x1": 1.5759317653081673,
                    "x2": 5.260479209356374
                },
                "metrics": {
                    "outcome": 1.2614356313590087e-13
                },
                "metadata": {
                    "trials": 1
                }
            },
            {
                "query": {
                    "x1": 1.8636269300640773,
                    "x2": 5.260476430587852
                },
                "metrics": {
                    "outcome": 5.5455635187423545e-14
                },
                "metadata": {
                    "trials": 1
                }
            },
            {
                "query": {
                    "x1": 1.2885087528195291,
                    "x2": 5.260525273754662
                },
                "metrics": {
                    "outcome": 2.348344921103463e-13
                },
                "metadata": {
                    "trials": 1
                }
            },
            {
                "query": {
                    "x1": 2.1424457235096535,
                    "x2": 5.26051422161206
                },
                "metrics": {
                    "outcome": 2.085598336171162e-14
                },
                "metadata": {
                    "trials": 1
                }
            },
            {
                "query": {
                    "x1": 1.010326315200715,
                    "x2": 5.2606100350596
                },
                "metrics": {
                    "outcome": 3.487211318958786e-13
                },
                "metadata": {
                    "trials": 1
                }
            },
            {
                "query": {
                    "x1": 2.415725879774646,
                    "x2": 5.260587564971967
                },
                "metrics": {
                    "outcome": 6.761624374243946e-15
                },
                "metadata": {
                    "trials": 1
                }
            }
        ],
        [
            {
                "query": {
                    "x1": 3.5486313326112455,
                    "x2": 4.608843719819564
                },
                "metrics": {
                    "outcome": 7.178666312357089e-15
                },
                "metadata": {
                    "trials": 1
                }
            },
            {
                "query": {
                    "x1": 3.2537018414037933,
                    "x2": 4.610746006428859
                },
                "metrics": {
                    "outcome": 4.808716793501603e-14
                },
                "metadata": {
                    "trials": 1
                }
            },
            {
                "query": {
                    "x1": 2.948851946697401,
                    "x2": 4.612769372817527
                },
                "metrics": {
                    "outcome": 2.833897698141451e-13
                },
                "metadata": {
                    "trials": 1
                }
            },
            {
                "query": {
                    "x1": 2.6491993428772984,
                    "x2": 4.614984522573311
                },
                "metrics": {
                    "outcome": 1.3350106557008851e-12
                },
                "metadata": {
                    "trials": 1
                }
            },
            {
                "query": {
                    "x1": 2.363467560576229,
                    "x2": 4.618003966580192
                },
                "metrics": {
                    "outcome": 4.851128783207302e-12
                },
                "metadata": {
                    "trials": 1
                }
            },
            {
                "query": {
                    "x1": 2.0801073062796585,
                    "x2": 4.621213709412028
                },
                "metrics": {
                    "outcome": 1.4599365139499314e-11
                },
                "metadata": {
                    "trials": 1
                }
            }
        ],
        [
            {
                "query": {
                    "x1": 1.1489899004440316,
                    "x2": -0.3961047891313849
                },
                "metrics": {
                    "outcome": 0.26231909765028516
                },
                "metadata": {
                    "trials": 1
                }
            },
            {
                "query": {
                    "x1": 1.0734529981099077,
                    "x2": -0.3962531172679744
                },
                "metrics": {
                    "outcome": 0.2898367868213209
                },
                "metadata": {
                    "trials": 1
                }
            },
            {
                "query": {
                    "x1": 1.0041116592500736,
                    "x2": -0.39637531939601756
                },
                "metrics": {
                    "outcome": 0.3130944463001557
                },
                "metadata": {
                    "trials": 1
                }
            },
            {
                "query": {
                    "x1": 0.9391790638513471,
                    "x2": -0.39647598158914965
                },
                "metrics": {
                    "outcome": 0.3322061265627667
                },
                "metadata": {
                    "trials": 1
                }
            },
            {
                "query": {
                    "x1": 0.8778292025648775,
                    "x2": -0.39655734273577026
                },
                "metrics": {
                    "outcome": 0.3470990582433988
                },
                "metadata": {
                    "trials": 1
                }
            },
            {
                "query": {
                    "x1": 0.8195561597107104,
                    "x2": -0.39662093163577294
                },
                "metrics": {
                    "outcome": 0.357731413333358
                },
                "metadata": {
                    "trials": 1
                }
            }
        ],
        [
            {
                "query": {
                    "x1": -1.4890519238106,
                    "x2": -0.568304456484745
                },
                "metrics": {
                    "outcome": -0.11740732707063359
                },
                "metadata": {
                    "trials": 1
                }
            },
            {
                "query": {
                    "x1": -1.5766452852536454,
                    "x2": -0.5694462331103001
                },
                "metrics": {
                    "outcome": -0.09491438394835591
                },
                "metadata": {
                    "trials": 1
                }
            },
            {
                "query": {
                    "x1": -1.6612558387366767,
                    "x2": -0.5706086681068323
                },
                "metrics": {
                    "outcome": -0.07594154585241918
                },
                "metadata": {
                    "trials": 1
                }
            },
            {
                "query": {
                    "x1": -1.7443683263741891,
                    "x2": -0.5718043425421415
                },
                "metrics": {
                    "outcome": -0.060001329138078936
                },
                "metadata": {
                    "trials": 1
                }
            },
            {
                "query": {
                    "x1": -1.8266195760941777,
                    "x2": -0.573037907357357
                },
                "metrics": {
                    "outcome": -0.04677321885276679
                },
                "metadata": {
                    "trials": 1
                }
            },
            {
                "query": {
                    "x1": -1.908379126407198,
                    "x2": -0.5743108332727116
                },
                "metrics": {
                    "outcome": -0.03595491212470141
                },
                "metadata": {
                    "trials": 1
                }
            }
        ],
        [
            {
                "query": {
                    "x1": 6.0,
                    "x2": -0.341399439818858
                },
                "metrics": {
                    "outcome": 1.238600714806527e-15
                },
                "metadata": {
                    "trials": 1
                }
            },
            {
                "query": {
                    "x1": 5.9947652659486215,
                    "x2": -0.3414207537211136
                },
                "metrics": {
                    "outcome": 1.3176954014826654e-15
                },
                "metadata": {
                    "trials": 1
                }
            },
            {
                "query": {
                    "x1": 6.0,
                    "x2": -0.34200049041777203
                },
                "metrics": {
                    "outcome": 1.2380920542070335e-15
                },
                "metadata": {
                    "trials": 1
                }
            },
            {
                "query": {
                    "x1": 5.996755961423014,
                    "x2": -0.34129506775911245
                },
                "metrics": {
                    "outcome": 1.287150242946896e-15
                },
                "metadata": {
                    "trials": 1
                }
            },
            {
                "query": {
                    "x1": 5.984607355248197,
                    "x2": -0.34145902277730755
                },
                "metrics": {
                    "outcome": 1.4856429867273157e-15
                },
                "metadata": {
                    "trials": 1
                }
            },
            {
                "query": {
                    "x1": 6.0,
                    "x2": -0.342658635509413
                },
                "metrics": {
                    "outcome": 1.2375342893587634e-15
                },
                "metadata": {
                    "trials": 1
                }
            }
        ],
        [
            {
                "query": {
                    "x1": -1.8145232440935075,
                    "x2": -0.7170070297463771
                },
                "metrics": {
                    "outcome": -0.04032551328771203
                },
                "metadata": {
                    "trials": 1
                }
            },
            {
                "query": {
                    "x1": -1.4876284139554432,
                    "x2": -0.7156780482031675
                },
                "metrics": {
                    "outcome": -0.09748564103435013
                },
                "metadata": {
                    "trials": 1
                }
            },
            {
                "query": {
                    "x1": -1.172752363391433,
                    "x2": -0.7141747271083798
                },
                "metrics": {
                    "outcome": -0.17798781017461338
                },
                "metadata": {
                    "trials": 1
                }
            },
            {
                "query": {
                    "x1": -0.8644359967737669,
                    "x2": -0.7124657723620731
                },
                "metrics": {
                    "outcome": -0.24646504991930818
                },
                "metadata": {
                    "trials": 1
                }
            },
            {
                "query": {
                    "x1": -0.5603972591992312,
                    "x2": -0.7105274274764382
                },
                "metrics": {
                    "outcome": -0.24708974490759025
                },
                "metadata": {
                    "trials": 1
                }
            },
            {
                "query": {
                    "x1": -0.2593907836887297,
                    "x2": -0.7083371219552705
                },
                "metrics": {
                    "outcome": -0.1468351729020293
                },
                "metadata": {
                    "trials": 1
                }
            }
        ],
        [
            {
                "query": {
                    "x1": 2.3049952420143605,
                    "x2": 2.308318107284655
                },
                "metrics": {
                    "outcome": 5.510572540358832e-05
                },
                "metadata": {
                    "trials": 1
                }
            },
            {
                "query": {
                    "x1": 1.7410392247217055,
                    "x2": 2.3138421656657497
                },
                "metrics": {
                    "outcome": 0.0003973865954240393
                },
                "metadata": {
                    "trials": 1
                }
            },
            {
                "query": {
                    "x1": 1.4704721127137041,
                    "x2": 2.317288345892356
                },
                "metrics": {
                    "outcome": 0.0007875922920025549
                },
                "metadata": {
                    "trials": 1
                }
            },
            {
                "query": {
                    "x1": 1.287458637433478,
                    "x2": 2.3199966069016504
                },
                "metrics": {
                    "outcome": 0.001128051159957164
                },
                "metadata": {
                    "trials": 1
                }
            },
            {
                "query": {
                    "x1": 1.0166865729503445,
                    "x2": 2.324567324296911
                },
                "metrics": {
                    "outcome": 0.0016274906138859825
                },
                "metadata": {
                    "trials": 1
                }
            },
            {
                "query": {
                    "x1": 0.8353066337795614,
                    "x2": 2.327726815218168
                },
                "metrics": {
                    "outcome": 0.001843654208051762
                },
                "metadata": {
                    "trials": 1
                }
            }
        ],
        [
            {
                "query": {
                    "x1": -0.7523557913667827,
                    "x2": 0.20434805250430532
                },
                "metrics": {
                    "outcome": -0.4096945882920138
                },
                "metadata": {
                    "trials": 1
                }
            },
            {
                "query": {
                    "x1": 3.4431169344601544,
                    "x2": 1.067321051357394
                },
                "metrics": {
                    "outcome": 7.827625862870247e-06
                },
                "metadata": {
                    "trials": 1
                }
            },
            {
                "query": {
                    "x1": 6.0,
                    "x2": 1.6064145619181218
                },
                "metrics": {
                    "outcome": 1.0539586442450137e-16
                },
                "metadata": {
                    "trials": 1
                }
            },
            {
                "query": {
                    "x1": -2.0,
                    "x2": 3.7578408274031148
                },
                "metrics": {
                    "outcome": -2.6978637075756913e-08
                },
                "metadata": {
                    "trials": 1
                }
            },
            {
                "query": {
                    "x1": -1.0294927475267714,
                    "x2": 6.0
                },
                "metrics": {
                    "outcome": -8.274325989232975e-17
                },
                "metadata": {
                    "trials": 1
                }
            },
            {
                "query": {
                    "x1": -0.6654122673281433,
                    "x2": -0.39242486281868416
                },
                "metrics": {
                    "outcome": -0.36636717502249516
                },
                "metadata": {
                    "trials": 1
                }
            }
        ],
        [
            {
                "query": {
                    "x1": -0.7130388472147404,
                    "x2": -0.015521864729091117
                },
                "metrics": {
                    "outcome": -0.42874853312017286
                },
                "metadata": {
                    "trials": 1
                }
            },
            {
                "query": {
                    "x1": -0.9740882806688984,
                    "x2": 0.28135160274388893
                },
                "metrics": {
                    "outcome": -0.3484501693414159
                },
                "metadata": {
                    "trials": 1
                }
            },
            {
                "query": {
                    "x1": -0.6883858688738389,
                    "x2": -0.34744208085973827
                },
                "metrics": {
                    "outcome": -0.37984316073589103
                },
                "metadata": {
                    "trials": 1
                }
            },
            {
                "query": {
                    "x1": -0.8969219126663175,
                    "x2": -0.31557428032671764
                },
                "metrics": {
                    "outcome": -0.3631851504480138
                },
                "metadata": {
                    "trials": 1
                }
            },
            {
                "query": {
                    "x1": -0.49542204969401893,
                    "x2": -0.24248171782657502
                },
                "metrics": {
                    "outcome": -0.3654646779379695
                },
                "metadata": {
                    "trials": 1
                }
            },
            {
                "query": {
                    "x1": -0.4271388441949182,
                    "x2": 0.2634423378416044
                },
                "metrics": {
                    "outcome": -0.332041401626621
                },
                "metadata": {
                    "trials": 1
                }
            }
        ],
        [
            {
                "query": {
                    "x1": -0.6878138647072045,
                    "x2": 0.021360457670261734
                },
                "metrics": {
                    "outcome": -0.4283643310317428
                },
                "metadata": {
                    "trials": 1
                }
            },
            {
                "query": {
                    "x1": -0.7232438232816407,
                    "x2": -0.1332612456711355
                },
                "metrics": {
                    "outcome": -0.4211151097236046
                },
                "metadata": {
                    "trials": 1
                }
            },
            {
                "query": {
                    "x1": -0.8326818565453129,
                    "x2": 0.07035858561104646
                },
                "metrics": {
                    "outcome": -0.41419722095469236
                },
                "metadata": {
                    "trials": 1
                }
            },
            {
                "query": {
                    "x1": -0.5680385042879972,
                    "x2": 0.118616178887899
                },
                "metrics": {
                    "outcome": -0.40563415828716737
                },
                "metadata": {
                    "trials": 1
                }
            },
            {
                "query": {
                    "x1": -0.5600657933372502,
                    "x2": -0.1947338047652729
                },
                "metrics": {
                    "outcome": -0.39404271508598854
                },
                "metadata": {
                    "trials": 1
                }
            },
            {
                "query": {
                    "x1": -0.7649091229693072,
                    "x2": -0.3072070411087928
                },
                "metrics": {
                    "outcome": -0.3877244476131783
                },
                "metadata": {
                    "trials": 1
                }
            }
        ],
        [
            {
                "query": {
                    "x1": -0.7081151957578131,
                    "x2": 0.002564177714018623
                },
                "metrics": {
                    "outcome": -0.42887825074847336
                },
                "metadata": {
                    "trials": 1
                }
            },
            {
                "query": {
                    "x1": -0.7060902962371773,
                    "x2": 0.100387507021372
                },
                "metrics": {
                    "outcome": -0.4245806473396856
                },
                "metadata": {
                    "trials": 1
                }
            },
            {
                "query": {
                    "x1": -0.6981772951065783,
                    "x2": -0.09464804584703201
                },
                "metrics": {
                    "outcome": -0.4249890003135854
                },
                "metadata": {
                    "trials": 1
                }
            },
            {
                "query": {
                    "x1": -0.8002089470643532,
                    "x2": -0.027989350831528093
                },
                "metrics": {
                    "outcome": -0.42147274552450986
                },
                "metadata": {
                    "trials": 1
                }
            },
            {
                "query": {
                    "x1": -0.611072570006628,
                    "x2": -0.012649982728982101
                },
                "metrics": {
                    "outcome": -0.42058475499312903
                },
                "metadata": {
                    "trials": 1
                }
            },
            {
                "query": {
                    "x1": -0.748512658419096,
                    "x2": -0.1926558343895619
                },
                "metrics": {
                    "outcome": -0.4118670672969666
                },
                "metadata": {
                    "trials": 1
                }
            }
        ],
        [
            {
                "query": {
                    "x1": -0.7079556419193032,
                    "x2": 0.0010107631386135907
                },
                "metrics": {
                    "outcome": -0.4288808864906573
                },
                "metadata": {
                    "trials": 1
                }
            },
            {
                "query": {
                    "x1": -0.7069267653495219,
                    "x2": 0.08767759395924957
                },
                "metrics": {
                    "outcome": -0.42559758488659827
                },
                "metadata": {
                    "trials": 1
                }
            },
            {
                "query": {
                    "x1": -0.7043729188831842,
                    "x2": -0.08549952158063223
                },
                "metrics": {
                    "outcome": -0.4257518024770289
                },
                "metadata": {
                    "trials": 1
                }
            },
            {
                "query": {
                    "x1": -0.7884846280394229,
                    "x2": -0.020564386177959193
                },
                "metrics": {
                    "outcome": -0.423258036481636
                },
                "metadata": {
                    "trials": 1
                }
            },
            {
                "query": {
                    "x1": -0.6263758463534967,
                    "x2": -0.011342185066653299
                },
                "metrics": {
                    "outcome": -0.42304359635935307
                },
                "metadata": {
                    "trials": 1
                }
            },
            {
                "query": {
                    "x1": -0.8061433213751892,
                    "x2": 0.08720150948201999
                },
                "metrics": {
                    "outcome": -0.4177112427244627
                },
                "metadata": {
                    "trials": 1
                }
            }
        ],
        [
            {
                "query": {
                    "x1": -0.7077027942348373,
                    "x2": 0.0006547845895448212
                },
                "metrics": {
                    "outcome": -0.42888145398132077
                },
                "metadata": {
                    "trials": 1
                }
            },
            {
                "query": {
                    "x1": -0.7054566107678579,
                    "x2": -0.07970995541545167
                },
                "metrics": {
                    "outcome": -0.42616328090439004
                },
                "metadata": {
                    "trials": 1
                }
            },
            {
                "query": {
                    "x1": -0.7056178745001498,
                    "x2": 0.08108153849058874
                },
                "metrics": {
                    "outcome": -0.4260697375391831
                },
                "metadata": {
                    "trials": 1
                }
            },
            {
                "query": {
                    "x1": -0.7823346725264004,
                    "x2": -0.01931965014826731
                },
                "metrics": {
                    "outcome": -0.4240544345041541
                },
                "metadata": {
                    "trials": 1
                }
            },
            {
                "query": {
                    "x1": -0.6316795957819064,
                    "x2": -0.0011617327302380076
                },
                "metrics": {
                    "outcome": -0.4238424625266122
                },
                "metadata": {
                    "trials": 1
                }
            },
            {
                "query": {
                    "x1": -0.793635067118498,
                    "x2": 0.07575027067206141
                },
                "metrics": {
                    "outcome": -0.42032533523439963
                },
                "metadata": {
                    "trials": 1
                }
            }
        ],
        [
            {
                "query": {
                    "x1": -0.7075621522648119,
                    "x2": 0.00044557161536351586
                },
                "metrics": {
                    "outcome": -0.42888167950258516
                },
                "metadata": {
                    "trials": 1
                }
            },
            {
                "query": {
                    "x1": -0.705806443552889,
                    "x2": -0.07566050558464799
                },
                "metrics": {
                    "outcome": -0.42643237347997665
                },
                "metadata": {
                    "trials": 1
                }
            },
            {
                "query": {
                    "x1": -0.7053446327086799,
                    "x2": 0.07658831480134953
                },
                "metrics": {
                    "outcome": -0.4263709334662251
                },
                "metadata": {
                    "trials": 1
                }
            },
            {
                "query": {
                    "x1": -0.7780819148952831,
                    "x2": -0.019097575222235763
                },
                "metrics": {
                    "outcome": -0.42456097034073914
                },
                "metadata": {
                    "trials": 1
                }
            },
            {
                "query": {
                    "x1": -0.6358413444758508,
                    "x2": 0.00873837483681239
                },
                "metrics": {
                    "outcome": -0.42435845012051987
                },
                "metadata": {
                    "trials": 1
                }
            },
            {
                "query": {
                    "x1": -0.7866632506422879,
                    "x2": 0.06859285204882637
                },
                "metrics": {
                    "outcome": -0.42168399970774884
                },
                "metadata": {
                    "trials": 1
                }
            }
        ],
        [
            {
                "query": {
                    "x1": -0.7074751170643283,
                    "x2": 0.0002836462338611234
                },
                "metrics": {
                    "outcome": -0.4288817916208447
                },
                "metadata": {
                    "trials": 1
                }
            },
            {
                "query": {
                    "x1": -0.7059284850190475,
                    "x2": -0.07259954059561524
                },
                "metrics": {
                    "outcome": -0.42662619876357666
                },
                "metadata": {
                    "trials": 1
                }
            },
            {
                "query": {
                    "x1": -0.7054034618586338,
                    "x2": 0.07320384544747105
                },
                "metrics": {
                    "outcome": -0.4265873184009546
                },
                "metadata": {
                    "trials": 1
                }
            },
            {
                "query": {
                    "x1": -0.7751523946417687,
                    "x2": 0.01809393302759066
                },
                "metrics": {
                    "outcome": -0.4249072980677361
                },
                "metadata": {
                    "trials": 1
                }
            },
            {
                "query": {
                    "x1": -0.6398663966477514,
                    "x2": -0.016666751177988326
                },
                "metrics": {
                    "outcome": -0.42477202497033567
                },
                "metadata": {
                    "trials": 1
                }
            },
            {
                "query": {
                    "x1": -0.6291576393658287,
                    "x2": 0.06805869809401699
                },
                "metrics": {
                    "outcome": -0.4215382508894872
                },
                "metadata": {
                    "trials": 1
                }
            }
        ]
    ],
    "best_results": [
        {
            "query": {
                "x1": -0.7074751170643283,
                "x2": 0.0002836462338611234
            },
            "metrics": [
                {
                    "name": "outcome",
                    "value": -0.4288817916208447
                }
            ]
        }
    ]
}