{
    "date": "04/11/2022 13:58:47",
    "basic_params": {
        "active_variables": [
            "x1",
            "x2"
        ],
        "default_query": {},
        "metric": "basic",
        "n_trials": 1
    },
    "objective_function": {
        "name": "Gramacy2D",
        "params": {}
    },
    "optimizer": {
        "name": "BBO-LP(LCBa)",
        "params": {
            "lower_bound": [
                -2.0,
                -2.0
            ],
            "upper_bound": [
                6.0,
                6.0
            ],
            "invert_metric": false,
            "bopt_params": {
                "n_init_samples": 15,
                "n_iterations": 45,
                "n_iter_relearn": 5,
                "verbose_level": 1,
                "n_parallel_samples": 3,
                "par_type": "PAR_BBO",
                "crit_name": "cLP(cLCBa)",
                "n_crit_params": 3,
                "crit_params": [
                    3,
                    1,
                    5.0
                ]
            }
        }
    },
    "iterations": [
        [
            {
                "query": {
                    "x1": 2.4820256050676104,
                    "x2": 4.902903204038739
                },
                "metrics": {
                    "outcome": 1.9036446386238773e-13
                },
                "metadata": {
                    "trials": 1
                }
            }
        ],
        [
            {
                "query": {
                    "x1": 3.806298996880651,
                    "x2": 5.548884611452619
                },
                "metrics": {
                    "outcome": 8.250936426498437e-20
                },
                "metadata": {
                    "trials": 1
                }
            }
        ],
        [
            {
                "query": {
                    "x1": 1.2957841971268258,
                    "x2": 2.118213214104374
                },
                "metrics": {
                    "outcome": 0.0027209673012684554
                },
                "metadata": {
                    "trials": 1
                }
            }
        ],
        [
            {
                "query": {
                    "x1": 0.11562228575348854,
                    "x2": -0.3941367299606402
                },
                "metrics": {
                    "outcome": 0.09767214843802866
                },
                "metadata": {
                    "trials": 1
                }
            }
        ],
        [
            {
                "query": {
                    "x1": -1.9649498268961907,
                    "x2": 4.330606881156564
                },
                "metrics": {
                    "outcome": -2.962797312897417e-10
                },
                "metadata": {
                    "trials": 1
                }
            }
        ],
        [
            {
                "query": {
                    "x1": 0.4631973197062811,
                    "x2": 5.165450288852056
                },
                "metrics": {
                    "outcome": 9.65596275041648e-13
                },
                "metadata": {
                    "trials": 1
                }
            }
        ],
        [
            {
                "query": {
                    "x1": -0.9350067339837551,
                    "x2": 1.629015046482285
                },
                "metrics": {
                    "outcome": -0.027457136532195406
                },
                "metadata": {
                    "trials": 1
                }
            }
        ],
        [
            {
                "query": {
                    "x1": 4.062046217421691,
                    "x2": 0.22812215362985944
                },
                "metrics": {
                    "outcome": 2.631419153114759e-07
                },
                "metadata": {
                    "trials": 1
                }
            }
        ],
        [
            {
                "query": {
                    "x1": 5.68719172415634,
                    "x2": -0.7771210810790459
                },
                "metrics": {
                    "outcome": 2.7908354638301567e-14
                },
                "metadata": {
                    "trials": 1
                }
            }
        ],
        [
            {
                "query": {
                    "x1": 1.1572696918000775,
                    "x2": -0.943565196543932
                },
                "metrics": {
                    "outcome": 0.12449062054863304
                },
                "metadata": {
                    "trials": 1
                }
            }
        ],
        [
            {
                "query": {
                    "x1": 3.1553031343966724,
                    "x2": 2.465807495017846
                },
                "metrics": {
                    "outcome": 3.424774912406701e-07
                },
                "metadata": {
                    "trials": 1
                }
            }
        ],
        [
            {
                "query": {
                    "x1": -0.8812942791730165,
                    "x2": 3.2902424688140552
                },
                "metrics": {
                    "outcome": -8.058857262539611e-06
                },
                "metadata": {
                    "trials": 1
                }
            }
        ],
        [
            {
                "query": {
                    "x1": 4.845477488016089,
                    "x2": 3.707319630806645
                },
                "metrics": {
                    "outcome": 3.308637089957169e-16
                },
                "metadata": {
                    "trials": 1
                }
            }
        ],
        [
            {
                "query": {
                    "x1": 1.8698564379165572,
                    "x2": 0.8382070877899728
                },
                "metrics": {
                    "outcome": 0.028068914411520304
                },
                "metadata": {
                    "trials": 1
                }
            }
        ],
        [
            {
                "query": {
                    "x1": 5.431685728455583,
                    "x2": -1.7601232161124547
                },
                "metrics": {
                    "outcome": 3.770460891243683e-14
                },
                "metadata": {
                    "trials": 1
                }
            }
        ],
        [
            {
                "query": {
                    "x1": -1.999999999999994,
                    "x2": 6.0
                },
                "metrics": {
                    "outcome": -8.496708510583333e-18
                },
                "metadata": {
                    "trials": 1
                }
            },
            {
                "query": {
                    "x1": 6.0,
                    "x2": 5.99999999999994
                },
                "metrics": {
                    "outcome": 3.2281116960150225e-31
                },
                "metadata": {
                    "trials": 1
                }
            },
            {
                "query": {
                    "x1": -2.0,
                    "x2": 0.9760815545576063
                },
                "metrics": {
                    "outcome": -0.01412812170664482
                },
                "metadata": {
                    "trials": 1
                }
            }
        ],
        [
            {
                "query": {
                    "x1": 6.0,
                    "x2": 1.7173264665162273
                },
                "metrics": {
                    "outcome": 7.289943951117175e-17
                },
                "metadata": {
                    "trials": 1
                }
            },
            {
                "query": {
                    "x1": -2.0,
                    "x2": 2.2555362519781204
                },
                "metrics": {
                    "outcome": -0.00022615349599232
                },
                "metadata": {
                    "trials": 1
                }
            },
            {
                "query": {
                    "x1": 1.6047090767864218,
                    "x2": 6.0
                },
                "metrics": {
                    "outcome": 2.834308067137416e-17
                },
                "metadata": {
                    "trials": 1
                }
            }
        ],
        [
            {
                "query": {
                    "x1": 6.0,
                    "x2": 4.702422750916445
                },
                "metrics": {
                    "outcome": 3.4681005971257295e-25
                },
                "metadata": {
                    "trials": 1
                }
            },
            {
                "query": {
                    "x1": 4.688891277278595,
                    "x2": 1.1906341091652104
                },
                "metrics": {
                    "outcome": 3.2147065908903615e-10
                },
                "metadata": {
                    "trials": 1
                }
            },
            {
                "query": {
                    "x1": -0.62268663979101,
                    "x2": 6.0
                },
                "metrics": {
                    "outcome": -9.801114041313965e-17
                },
                "metadata": {
                    "trials": 1
                }
            }
        ],
        [
            {
                "query": {
                    "x1": 6.0,
                    "x2": 3.0683408271916974
                },
                "metrics": {
                    "outcome": 1.1344645804029938e-19
                },
                "metadata": {
                    "trials": 1
                }
            },
            {
                "query": {
                    "x1": 4.479984424842979,
                    "x2": -1.2174622936480852
                },
                "metrics": {
                    "outcome": 1.9550397456358185e-09
                },
                "metadata": {
                    "trials": 1
                }
            },
            {
                "query": {
                    "x1": -1.083502564761765,
                    "x2": 1.2205651193094442
                },
                "metrics": {
                    "outcome": -0.07550487092687146
                },
                "metadata": {
                    "trials": 1
                }
            }
        ],
        [
            {
                "query": {
                    "x1": -0.75229538974945,
                    "x2": 0.9016092462297083
                },
                "metrics": {
                    "outcome": -0.18947961875887462
                },
                "metadata": {
                    "trials": 1
                }
            },
            {
                "query": {
                    "x1": -1.1928285548160564,
                    "x2": 0.9571793865553664
                },
                "metrics": {
                    "outcome": -0.1150135978156975
                },
                "metadata": {
                    "trials": 1
                }
            },
            {
                "query": {
                    "x1": -0.2999739443158611,
                    "x2": 0.9057464686573837
                },
                "metrics": {
                    "outcome": -0.12070319349226537
                },
                "metadata": {
                    "trials": 1
                }
            }
        ],
        [
            {
                "query": {
                    "x1": 3.562844018776908,
                    "x2": -2.0
                },
                "metrics": {
                    "outcome": 2.0033028759900055e-07
                },
                "metadata": {
                    "trials": 1
                }
            },
            {
                "query": {
                    "x1": 2.6355251264047634,
                    "x2": -2.0
                },
                "metrics": {
                    "outcome": 4.6460399084158826e-05
                },
                "metadata": {
                    "trials": 1
                }
            },
            {
                "query": {
                    "x1": 3.56098472904036,
                    "x2": -0.7781606545957347
                },
                "metrics": {
                    "outcome": 6.046027404664396e-06
                },
                "metadata": {
                    "trials": 1
                }
            }
        ],
        [
            {
                "query": {
                    "x1": 0.9351238472270706,
                    "x2": 6.0
                },
                "metrics": {
                    "outcome": 9.046823211266577e-17
                },
                "metadata": {
                    "trials": 1
                }
            },
            {
                "query": {
                    "x1": 0.9125696685611167,
                    "x2": 4.8643711780775885
                },
                "metrics": {
                    "outcome": 2.100246707335916e-11
                },
                "metadata": {
                    "trials": 1
                }
            },
            {
                "query": {
                    "x1": 5.404531190823973,
                    "x2": 6.0
                },
                "metrics": {
                    "outcome": 2.587424352384503e-28
                },
                "metadata": {
                    "trials": 1
                }
            }
        ],
        [
            {
                "query": {
                    "x1": -1.579430855825402,
                    "x2": -2.0
                },
                "metrics": {
                    "outcome": -0.002387431292532031
                },
                "metadata": {
                    "trials": 1
                }
            },
            {
                "query": {
                    "x1": 4.3777892408768135,
                    "x2": 6.0
                },
                "metrics": {
                    "outcome": 4.823729826585482e-24
                },
                "metadata": {
                    "trials": 1
                }
            },
            {
                "query": {
                    "x1": -1.49694544294706,
                    "x2": 6.0
                },
                "metrics": {
                    "outcome": -3.693326646943558e-17
                },
                "metadata": {
                    "trials": 1
                }
            }
        ],
        [
            {
                "query": {
                    "x1": 2.8295546348200986,
                    "x2": 6.0
                },
                "metrics": {
                    "outcome": 2.187712903593401e-19
                },
                "metadata": {
                    "trials": 1
                }
            },
            {
                "query": {
                    "x1": -0.5074154092366863,
                    "x2": -1.9999999999999853
                },
                "metrics": {
                    "outcome": -0.0071840236151785395
                },
                "metadata": {
                    "trials": 1
                }
            },
            {
                "query": {
                    "x1": 2.8260325848799486,
                    "x2": 4.955583792243536
                },
                "metrics": {
                    "outcome": 2.0767293406241036e-14
                },
                "metadata": {
                    "trials": 1
                }
            }
        ],
        [
            {
                "query": {
                    "x1": -0.03621879413448803,
                    "x2": 6.0
                },
                "metrics": {
                    "outcome": -8.390018730493624e-18
                },
                "metadata": {
                    "trials": 1
                }
            },
            {
                "query": {
                    "x1": -0.04271024220244524,
                    "x2": 5.329354052642614
                },
                "metrics": {
                    "outcome": -1.9719758219382738e-14
                },
                "metadata": {
                    "trials": 1
                }
            },
            {
                "query": {
                    "x1": -0.049388152003500885,
                    "x2": 4.687094703450233
                },
                "metrics": {
                    "outcome": -1.4177843735005328e-11
                },
                "metadata": {
                    "trials": 1
                }
            }
        ],
        [
            {
                "query": {
                    "x1": 2.131431761392463,
                    "x2": 6.0
                },
                "metrics": {
                    "outcome": 5.261016519684889e-18
                },
                "metadata": {
                    "trials": 1
                }
            },
            {
                "query": {
                    "x1": 2.144678912842455,
                    "x2": 5.018503942906816
                },
                "metrics": {
                    "outcome": 2.488217510656199e-13
                },
                "metadata": {
                    "trials": 1
                }
            },
            {
                "query": {
                    "x1": 2.211721464307825,
                    "x2": -2.0
                },
                "metrics": {
                    "outcome": 0.00030416486628893804
                },
                "metadata": {
                    "trials": 1
                }
            }
        ],
        [
            {
                "query": {
                    "x1": 5.098032370054089,
                    "x2": -2.0
                },
                "metrics": {
                    "outcome": 4.818809078078128e-13
                },
                "metadata": {
                    "trials": 1
                }
            },
            {
                "query": {
                    "x1": 5.108194161131163,
                    "x2": -1.1186103335635498
                },
                "metrics": {
                    "outcome": 6.800052946429742e-12
                },
                "metadata": {
                    "trials": 1
                }
            },
            {
                "query": {
                    "x1": 5.117080107753336,
                    "x2": -0.24454511556151926
                },
                "metrics": {
                    "outcome": 2.047682908065239e-11
                },
                "metadata": {
                    "trials": 1
                }
            }
        ],
        [
            {
                "query": {
                    "x1": 1.5393869535154772,
                    "x2": -2.0
                },
                "metrics": {
                    "outcome": 0.0026364342501405623
                },
                "metadata": {
                    "trials": 1
                }
            },
            {
                "query": {
                    "x1": 3.8308015007890877,
                    "x2": -2.0
                },
                "metrics": {
                    "outcome": 2.9704535629081895e-08
                },
                "metadata": {
                    "trials": 1
                }
            },
            {
                "query": {
                    "x1": 1.5366397010188764,
                    "x2": -1.2100551873282854
                },
                "metrics": {
                    "outcome": 0.03351047819607221
                },
                "metadata": {
                    "trials": 1
                }
            }
        ],
        [
            {
                "query": {
                    "x1": 5.807023785210567,
                    "x2": 6.0
                },
                "metrics": {
                    "outcome": 3.0498601287960416e-30
                },
                "metadata": {
                    "trials": 1
                }
            },
            {
                "query": {
                    "x1": 5.821464527654338,
                    "x2": 5.082838295627649
                },
                "metrics": {
                    "outcome": 6.713160803744434e-26
                },
                "metadata": {
                    "trials": 1
                }
            },
            {
                "query": {
                    "x1": 0.6055762872699,
                    "x2": -2.0
                },
                "metrics": {
                    "outcome": 0.0076864412947301175
                },
                "metadata": {
                    "trials": 1
                }
            }
        ],
        [
            {
                "query": {
                    "x1": 3.3295399661519722,
                    "x2": -2.0
                },
                "metrics": {
                    "outcome": 9.347354956268792e-07
                },
                "metadata": {
                    "trials": 1
                }
            },
            {
                "query": {
                    "x1": -1.1433506693512507,
                    "x2": -2.0
                },
                "metrics": {
                    "outcome": -0.005665910815371879
                },
                "metadata": {
                    "trials": 1
                }
            },
            {
                "query": {
                    "x1": 4.588409270824835,
                    "x2": 6.0
                },
                "metrics": {
                    "outcome": 7.649659126166531e-25
                },
                "metadata": {
                    "trials": 1
                }
            }
        ],
        [
            {
                "query": {
                    "x1": -2.0,
                    "x2": 0.24166289217752812
                },
                "metrics": {
                    "outcome": -0.034553246327908495
                },
                "metadata": {
                    "trials": 1
                }
            },
            {
                "query": {
                    "x1": -1.6202458041790164,
                    "x2": 0.2468757163506612
                },
                "metrics": {
                    "outcome": -0.11040871405744306
                },
                "metadata": {
                    "trials": 1
                }
            },
            {
                "query": {
                    "x1": -1.2606562966446488,
                    "x2": 0.2503356782792143
                },
                "metrics": {
                    "outcome": -0.24164397968232207
                },
                "metadata": {
                    "trials": 1
                }
            }
        ],
        [
            {
                "query": {
                    "x1": -2.0,
                    "x2": 2.802956929450702
                },
                "metrics": {
                    "outcome": -1.4183654218104277e-05
                },
                "metadata": {
                    "trials": 1
                }
            },
            {
                "query": {
                    "x1": -1.3495665213610064,
                    "x2": 2.793389279610418
                },
                "metrics": {
                    "outcome": -8.920530764331403e-05
                },
                "metadata": {
                    "trials": 1
                }
            },
            {
                "query": {
                    "x1": -2.0,
                    "x2": 3.7699231858735294
                },
                "metrics": {
                    "outcome": -2.463312766639016e-08
                },
                "metadata": {
                    "trials": 1
                }
            }
        ],
        [
            {
                "query": {
                    "x1": -2.0,
                    "x2": -1.4743481810938568
                },
                "metrics": {
                    "outcome": -0.004167014784571405
                },
                "metadata": {
                    "trials": 1
                }
            },
            {
                "query": {
                    "x1": 2.6154897859631214,
                    "x2": 4.160124102539593
                },
                "metrics": {
                    "outcome": 8.520440424762102e-11
                },
                "metadata": {
                    "trials": 1
                }
            },
            {
                "query": {
                    "x1": 3.3116403693723084,
                    "x2": 4.180908611076568
                },
                "metrics": {
                    "outcome": 1.4644884669804398e-12
                },
                "metadata": {
                    "trials": 1
                }
            }
        ],
        [
            {
                "query": {
                    "x1": 1.1142389224011713,
                    "x2": 0.4346460399724372
                },
                "metrics": {
                    "outcome": 0.26652853572538415
                },
                "metadata": {
                    "trials": 1
                }
            },
            {
                "query": {
                    "x1": 0.9778908819892558,
                    "x2": 0.439939274066675
                },
                "metrics": {
                    "outcome": 0.3096928343306475
                },
                "metadata": {
                    "trials": 1
                }
            },
            {
                "query": {
                    "x1": 1.2488548480737753,
                    "x2": 0.4300083619052195
                },
                "metrics": {
                    "outcome": 0.21820536617017022
                },
                "metadata": {
                    "trials": 1
                }
            }
        ],
        [
            {
                "query": {
                    "x1": 1.0776453776741208,
                    "x2": 0.007466369689073549
                },
                "metrics": {
                    "outcome": 0.33736263749588263
                },
                "metadata": {
                    "trials": 1
                }
            },
            {
                "query": {
                    "x1": 1.1036004297555593,
                    "x2": 0.007398113776919679
                },
                "metrics": {
                    "outcome": 0.3264721319313241
                },
                "metadata": {
                    "trials": 1
                }
            },
            {
                "query": {
                    "x1": 1.05077360046005,
                    "x2": 0.007523248975235042
                },
                "metrics": {
                    "outcome": 0.34831253838043785
                },
                "metadata": {
                    "trials": 1
                }
            }
        ],
        [
            {
                "query": {
                    "x1": -1.2410159161600367,
                    "x2": 0.3178692804634773
                },
                "metrics": {
                    "outcome": -0.24045289961455577
                },
                "metadata": {
                    "trials": 1
                }
            },
            {
                "query": {
                    "x1": -1.320171205612385,
                    "x2": 0.31439192440140706
                },
                "metrics": {
                    "outcome": -0.20931125743680676
                },
                "metadata": {
                    "trials": 1
                }
            },
            {
                "query": {
                    "x1": -1.2813840217425354,
                    "x2": 0.317840682043141
                },
                "metrics": {
                    "outcome": -0.22424256140873358
                },
                "metadata": {
                    "trials": 1
                }
            }
        ],
        [
            {
                "query": {
                    "x1": -1.8844407131793899,
                    "x2": -1.5496950601017137
                },
                "metrics": {
                    "outcome": -0.004897450537189085
                },
                "metadata": {
                    "trials": 1
                }
            },
            {
                "query": {
                    "x1": -0.640407838941141,
                    "x2": -1.3988780488000896
                },
                "metrics": {
                    "outcome": -0.06004673802996547
                },
                "metadata": {
                    "trials": 1
                }
            },
            {
                "query": {
                    "x1": -0.8268437709153962,
                    "x2": -1.549642690068909
                },
                "metrics": {
                    "outcome": -0.03780920827698981
                },
                "metadata": {
                    "trials": 1
                }
            }
        ],
        [
            {
                "query": {
                    "x1": 4.8660796865726965,
                    "x2": -1.6819370671317622
                },
                "metrics": {
                    "outcome": 1.4964278422763287e-11
                },
                "metadata": {
                    "trials": 1
                }
            },
            {
                "query": {
                    "x1": 4.53308071424818,
                    "x2": -1.6819508962775247
                },
                "metrics": {
                    "outcome": 3.188253033178296e-10
                },
                "metadata": {
                    "trials": 1
                }
            },
            {
                "query": {
                    "x1": 4.392013132595053,
                    "x2": -1.6819674003070464
                },
                "metrics": {
                    "outcome": 1.0879115385880441e-09
                },
                "metadata": {
                    "trials": 1
                }
            }
        ],
        [
            {
                "query": {
                    "x1": -1.561571956707905,
                    "x2": -0.703447291409024
                },
                "metrics": {
                    "outcome": -0.08310486047982653
                },
                "metadata": {
                    "trials": 1
                }
            },
            {
                "query": {
                    "x1": -1.2543153962574909,
                    "x2": -0.7033597056250216
                },
                "metrics": {
                    "outcome": -0.15859015184048686
                },
                "metadata": {
                    "trials": 1
                }
            },
            {
                "query": {
                    "x1": -0.5655785512192395,
                    "x2": -0.7030421233829534
                },
                "metrics": {
                    "outcome": -0.25056086544533235
                },
                "metadata": {
                    "trials": 1
                }
            }
        ],
        [
            {
                "query": {
                    "x1": -0.488458766450494,
                    "x2": -0.7374653099403501
                },
                "metrics": {
                    "outcome": -0.2233651797704393
                },
                "metadata": {
                    "trials": 1
                }
            },
            {
                "query": {
                    "x1": -0.51394686325681,
                    "x2": -0.7376797288589185
                },
                "metrics": {
                    "outcome": -0.22901949263591173
                },
                "metadata": {
                    "trials": 1
                }
            },
            {
                "query": {
                    "x1": -0.5338734539393513,
                    "x2": -0.7374695049540643
                },
                "metrics": {
                    "outcome": -0.23305551749092696
                },
                "metadata": {
                    "trials": 1
                }
            }
        ],
        [
            {
                "query": {
                    "x1": -2.0,
                    "x2": 5.6768451061735
                },
                "metrics": {
                    "outcome": -3.6985405984090514e-16
                },
                "metadata": {
                    "trials": 1
                }
            },
            {
                "query": {
                    "x1": -1.7015062519811175,
                    "x2": 5.681845702309437
                },
                "metrics": {
                    "outcome": -8.97444655119201e-16
                },
                "metadata": {
                    "trials": 1
                }
            },
            {
                "query": {
                    "x1": -1.408648653763737,
                    "x2": 5.686991954835146
                },
                "metrics": {
                    "outcome": -1.7423568601870687e-15
                },
                "metadata": {
                    "trials": 1
                }
            }
        ],
        [
            {
                "query": {
                    "x1": 6.0,
                    "x2": 2.7400304441845504
                },
                "metrics": {
                    "outcome": 7.637798453050772e-19
                },
                "metadata": {
                    "trials": 1
                }
            },
            {
                "query": {
                    "x1": 6.0,
                    "x2": 2.1824059584226134
                },
                "metrics": {
                    "outcome": 1.1886405780915715e-17
                },
                "metadata": {
                    "trials": 1
                }
            },
            {
                "query": {
                    "x1": -2.0,
                    "x2": 1.9086287885762103
                },
                "metrics": {
                    "outcome": -0.0009589068003345361
                },
                "metadata": {
                    "trials": 1
                }
            }
        ],
        [
            {
                "query": {
                    "x1": 6.0,
                    "x2": 3.397810185764544
                },
                "metrics": {
                    "outcome": 1.3476296988349997e-20
                },
                "metadata": {
                    "trials": 1
                }
            },
            {
                "query": {
                    "x1": 5.690910203363138,
                    "x2": 3.397757446557285
                },
                "metrics": {
                    "outcome": 4.743486241236049e-19
                },
                "metadata": {
                    "trials": 1
                }
            },
            {
                "query": {
                    "x1": 5.386439849502084,
                    "x2": 3.3981830205328603
                },
                "metrics": {
                    "outcome": 1.3053212041646991e-17
                },
                "metadata": {
                    "trials": 1
                }
            }
        ],
        [
            {
                "query": {
                    "x1": 6.0,
                    "x2": 3.968010227019544
                },
                "metrics": {
                    "outcome": 2.02086644651458e-22
                },
                "metadata": {
                    "trials": 1
                }
            },
            {
                "query": {
                    "x1": 6.0,
                    "x2": 1.9450915225604986
                },
                "metrics": {
                    "outcome": 3.165544310941358e-17
                },
                "metadata": {
                    "trials": 1
                }
            },
            {
                "query": {
                    "x1": 5.731456592470257,
                    "x2": 3.9655233049759016
                },
                "metrics": {
                    "outcome": 4.596462115422701e-21
                },
                "metadata": {
                    "trials": 1
                }
            }
        ],
        [
            {
                "query": {
                    "x1": -0.07161201658653238,
                    "x2": 3.0362638691298276
                },
                "metrics": {
                    "outcome": -7.063859718005501e-06
                },
                "metadata": {
                    "trials": 1
                }
            },
            {
                "query": {
                    "x1": 0.22371025289767,
                    "x2": 3.0353829820346636
                },
                "metrics": {
                    "outcome": 2.121080782416359e-05
                },
                "metadata": {
                    "trials": 1
                }
            },
            {
                "query": {
                    "x1": 0.5017934490174052,
                    "x2": 3.0345929619378147
                },
                "metrics": {
                    "outcome": 3.907147838502765e-05
                },
                "metadata": {
                    "trials": 1
                }
            }
        ],
        [
            {
                "query": {
                    "x1": 2.5573466983839124,
                    "x2": 0.5769737028336972
                },
                "metrics": {
                    "outcome": 0.0026480003349106614
                },
                "metadata": {
                    "trials": 1
                }
            },
            {
                "query": {
                    "x1": 4.066346721784653,
                    "x2": 3.3068674920257237
                },
                "metrics": {
                    "outcome": 4.7741589836820765e-12
                },
                "metadata": {
                    "trials": 1
                }
            },
            {
                "query": {
                    "x1": 2.468258755984122,
                    "x2": 1.8220631211093208
                },
                "metrics": {
                    "outcome": 0.0002017053963851559
                },
                "metadata": {
                    "trials": 1
                }
            }
        ],
        [
            {
                "query": {
                    "x1": 3.642198649715433,
                    "x2": 2.129690966344074
                },
                "metrics": {
                    "outcome": 6.767106882442653e-08
                },
                "metadata": {
                    "trials": 1
                }
            },
            {
                "query": {
                    "x1": 0.0346343634545252,
                    "x2": -2.0
                },
                "metrics": {
                    "outcome": 0.0006335900221323266
                },
                "metadata": {
                    "trials": 1
                }
            },
            {
                "query": {
                    "x1": 1.7089064938306393,
                    "x2": 3.557738561727806
                },
                "metrics": {
                    "outcome": 2.9331715015455595e-07
                },
                "metadata": {
                    "trials": 1
                }
            }
        ],
        [
            {
                "query": {
                    "x1": 3.029026166544047,
                    "x2": -0.04203631940555974
                },
                "metrics": {
                    "outcome": 0.00031324485181375133
                },
                "metadata": {
                    "trials": 1
                }
            },
            {
                "query": {
                    "x1": 5.519755386504746,
                    "x2": 0.925837399790141
                },
                "metrics": {
                    "outcome": 1.373092282028169e-13
                },
                "metadata": {
                    "trials": 1
                }
            },
            {
                "query": {
                    "x1": 4.454400834477715,
                    "x2": 3.849881508313854
                },
                "metrics": {
                    "outcome": 3.932968686617099e-15
                },
                "metadata": {
                    "trials": 1
                }
            }
        ],
        [
            {
                "query": {
                    "x1": -0.4817256415281641,
                    "x2": 4.0762421409282945
                },
                "metrics": {
                    "outcome": -2.3221433648247532e-08
                },
                "metadata": {
                    "trials": 1
                }
            },
            {
                "query": {
                    "x1": 1.31824068321015,
                    "x2": 4.662869938730886
                },
                "metrics": {
                    "outcome": 8.369712126350934e-11
                },
                "metadata": {
                    "trials": 1
                }
            },
            {
                "query": {
                    "x1": 2.2044019617071813,
                    "x2": -0.22376697437980098
                },
                "metrics": {
                    "outcome": 0.016260711556302626
                },
                "metadata": {
                    "trials": 1
                }
            }
        ],
        [
            {
                "query": {
                    "x1": 2.094415467281989,
                    "x2": 2.689648404195662
                },
                "metrics": {
                    "outcome": 1.880269802287446e-05
                },
                "metadata": {
                    "trials": 1
                }
            },
            {
                "query": {
                    "x1": 3.7040619210808154,
                    "x2": 3.9864483677253144
                },
                "metrics": {
                    "outcome": 5.109956743853653e-13
                },
                "metadata": {
                    "trials": 1
                }
            },
            {
                "query": {
                    "x1": 0.4058129307550056,
                    "x2": 1.190967844077818
                },
                "metrics": {
                    "outcome": 0.08332959359573307
                },
                "metadata": {
                    "trials": 1
                }
            }
        ],
        [
            {
                "query": {
                    "x1": -1.0068731819125984,
                    "x2": 6.0
                },
                "metrics": {
                    "outcome": -8.473999945034922e-17
                },
                "metadata": {
                    "trials": 1
                }
            },
            {
                "query": {
                    "x1": 0.9448910737224931,
                    "x2": 2.8480058346135397
                },
                "metrics": {
                    "outcome": 0.00011614838547052761
                },
                "metadata": {
                    "trials": 1
                }
            },
            {
                "query": {
                    "x1": -0.9946842163498546,
                    "x2": 4.756429653750897
                },
                "metrics": {
                    "outcome": -5.5294387520912e-11
                },
                "metadata": {
                    "trials": 1
                }
            }
        ],
        [
            {
                "query": {
                    "x1": 2.8241624865266477,
                    "x2": 2.0239110873517427
                },
                "metrics": {
                    "outcome": 1.6145035028908243e-05
                },
                "metadata": {
                    "trials": 1
                }
            },
            {
                "query": {
                    "x1": 0.998729059677228,
                    "x2": -2.0
                },
                "metrics": {
                    "outcome": 0.00674649962082838
                },
                "metadata": {
                    "trials": 1
                }
            },
            {
                "query": {
                    "x1": 2.961949257021921,
                    "x2": -2.0
                },
                "metrics": {
                    "outcome": 8.399857497883149e-06
                },
                "metadata": {
                    "trials": 1
                }
            }
        ],
        [
            {
                "query": {
                    "x1": 5.0148403756213495,
                    "x2": 6.0
                },
                "metrics": {
                    "outcome": 1.392345891618363e-26
                },
                "metadata": {
                    "trials": 1
                }
            },
            {
                "query": {
                    "x1": 5.0714630717595535,
                    "x2": 4.9174818982174635
                },
                "metrics": {
                    "outcome": 1.0795565939147574e-21
                },
                "metadata": {
                    "trials": 1
                }
            },
            {
                "query": {
                    "x1": 5.079649983474601,
                    "x2": 2.0273223821882276
                },
                "metrics": {
                    "outcome": 5.186030515535652e-13
                },
                "metadata": {
                    "trials": 1
                }
            }
        ],
        [
            {
                "query": {
                    "x1": -0.9099780229689123,
                    "x2": -0.19105216645910095
                },
                "metrics": {
                    "outcome": -0.3833159240133533
                },
                "metadata": {
                    "trials": 1
                }
            },
            {
                "query": {
                    "x1": 1.885181098404633,
                    "x2": -2.0
                },
                "metrics": {
                    "outcome": 0.000987944649980485
                },
                "metadata": {
                    "trials": 1
                }
            },
            {
                "query": {
                    "x1": -1.6830497476273147,
                    "x2": 2.755191505645328
                },
                "metrics": {
                    "outcome": -5.0017920232509205e-05
                },
                "metadata": {
                    "trials": 1
                }
            }
        ],
        [
            {
                "query": {
                    "x1": 4.324129704317819,
                    "x2": 1.7206909873283744
                },
                "metrics": {
                    "outcome": 1.696558112512283e-09
                },
                "metadata": {
                    "trials": 1
                }
            },
            {
                "query": {
                    "x1": 0.27653774102487416,
                    "x2": 6.0
                },
                "metrics": {
                    "outcome": 5.942117117272816e-17
                },
                "metadata": {
                    "trials": 1
                }
            },
            {
                "query": {
                    "x1": 4.101835376804728,
                    "x2": 4.934496662194053
                },
                "metrics": {
                    "outcome": 5.3852052914013175e-18
                },
                "metadata": {
                    "trials": 1
                }
            }
        ],
        [
            {
                "query": {
                    "x1": -0.4808178551553217,
                    "x2": 2.2834055804312197
                },
                "metrics": {
                    "outcome": -0.0020758312259714774
                },
                "metadata": {
                    "trials": 1
                }
            },
            {
                "query": {
                    "x1": 3.358078061893858,
                    "x2": 0.8560312993870411
                },
                "metrics": {
                    "outcome": 2.0438114338668416e-05
                },
                "metadata": {
                    "trials": 1
                }
            },
            {
                "query": {
                    "x1": -0.5320228008636632,
                    "x2": 0.33398568672504236
                },
                "metrics": {
                    "outcome": -0.3585584358072431
                },
                "metadata": {
                    "trials": 1
                }
            }
        ],
        [
            {
                "query": {
                    "x1": 3.7672596255140656,
                    "x2": 0.6922912797486136
                },
                "metrics": {
                    "outcome": 1.6005480523015965e-06
                },
                "metadata": {
                    "trials": 1
                }
            },
            {
                "query": {
                    "x1": -0.7413304718473968,
                    "x2": -0.07206200704911536
                },
                "metrics": {
                    "outcome": -0.4256777929142144
                },
                "metadata": {
                    "trials": 1
                }
            },
            {
                "query": {
                    "x1": 3.3300201179684965,
                    "x2": 6.0
                },
                "metrics": {
                    "outcome": 1.1801555115131965e-20
                },
                "metadata": {
                    "trials": 1
                }
            }
        ],
        [
            {
                "query": {
                    "x1": 1.2602914300451706,
                    "x2": 6.0
                },
                "metrics": {
                    "outcome": 5.971242801287526e-17
                },
                "metadata": {
                    "trials": 1
                }
            },
            {
                "query": {
                    "x1": -1.526875242247766,
                    "x2": 4.158503774958933
                },
                "metrics": {
                    "outcome": -4.5813215607948324e-09
                },
                "metadata": {
                    "trials": 1
                }
            },
            {
                "query": {
                    "x1": 0.322776649790836,
                    "x2": -2.0
                },
                "metrics": {
                    "outcome": 0.005326933965504103
                },
                "metadata": {
                    "trials": 1
                }
            }
        ],
        [
            {
                "query": {
                    "x1": 2.731329551147512,
                    "x2": -0.821955738016753
                },
                "metrics": {
                    "outcome": 0.0007999319899165225
                },
                "metadata": {
                    "trials": 1
                }
            },
            {
                "query": {
                    "x1": -0.650665071576481,
                    "x2": 0.07421745682882142
                },
                "metrics": {
                    "outcome": -0.4237407207685566
                },
                "metadata": {
                    "trials": 1
                }
            },
            {
                "query": {
                    "x1": 2.9719050452472002,
                    "x2": 3.6095050618638655
                },
                "metrics": {
                    "outcome": 9.528694472289295e-10
                },
                "metadata": {
                    "trials": 1
                }
            }
        ],
        [
            {
                "query": {
                    "x1": 4.625831397754439,
                    "x2": 2.567066093402067
                },
                "metrics": {
                    "outcome": 3.2366303852411256e-12
                },
                "metadata": {
                    "trials": 1
                }
            },
            {
                "query": {
                    "x1": -0.841822201805928,
                    "x2": 0.15512763868080137
                },
                "metrics": {
                    "outcome": -0.40457600862892523
                },
                "metadata": {
                    "trials": 1
                }
            },
            {
                "query": {
                    "x1": 4.703785470527707,
                    "x2": 4.9084121372390035
                },
                "metrics": {
                    "outcome": 3.982708047798376e-20
                },
                "metadata": {
                    "trials": 1
                }
            }
        ]
    ],
    "best_results": [
        {
            "query": {
                "x1": -0.7413304718473968,
                "x2": -0.07206200704911536
            },
            "metrics": [
                {
                    "name": "outcome",
                    "value": -0.4256777929142144
                }
            ]
        }
    ]
}