{
    "date": "05/11/2022 12:07:23",
    "basic_params": {
        "active_variables": [
            "x1",
            "x2"
        ],
        "default_query": {},
        "metric": "basic",
        "n_trials": 1
    },
    "objective_function": {
        "name": "McCormick",
        "params": {}
    },
    "optimizer": {
        "name": "BBO-LP(LCBa)-FoD",
        "params": {
            "lower_bound": [
                -1.5,
                -3.0
            ],
            "upper_bound": [
                4.0,
                4.0
            ],
            "invert_metric": false,
            "bopt_params": {
                "n_init_samples": 12,
                "n_iterations": 23,
                "n_iter_relearn": 5,
                "verbose_level": 0,
                "n_parallel_samples": 6,
                "fixed_dataset_size": 50,
                "par_type": "PAR_BBO",
                "crit_name": "cLP(cLCBa)",
                "n_crit_params": 3,
                "crit_params": [
                    6,
                    1,
                    5.0
                ]
            }
        }
    },
    "iterations": [
        [
            {
                "query": {
                    "x1": 2.878364675251456,
                    "x2": -0.0348269172051614
                },
                "metrics": {
                    "outcome": 5.375732368000435
                },
                "metadata": {
                    "trials": 1
                }
            }
        ],
        [
            {
                "query": {
                    "x1": 0.20591928706077556,
                    "x2": 0.9521704536552229
                },
                "metrics": {
                    "outcome": 4.5444766016344005
                },
                "metadata": {
                    "trials": 1
                }
            }
        ],
        [
            {
                "query": {
                    "x1": 0.9446960893595433,
                    "x2": -1.351507371175103
                },
                "metrics": {
                    "outcome": 1.0810549036118133
                },
                "metadata": {
                    "trials": 1
                }
            }
        ],
        [
            {
                "query": {
                    "x1": 1.9437259022767344,
                    "x2": 2.780011864805905
                },
                "metrics": {
                    "outcome": 4.733879416511591
                },
                "metadata": {
                    "trials": 1
                }
            }
        ],
        [
            {
                "query": {
                    "x1": -0.6593809359086057,
                    "x2": -0.7378655766175752
                },
                "metrics": {
                    "outcome": -0.83441069134828
                },
                "metadata": {
                    "trials": 1
                }
            }
        ],
        [
            {
                "query": {
                    "x1": 2.4528347792026275,
                    "x2": 3.64485856985751
                },
                "metrics": {
                    "outcome": 7.66938489860876
                },
                "metadata": {
                    "trials": 1
                }
            }
        ],
        [
            {
                "query": {
                    "x1": 0.7608477282628883,
                    "x2": 1.438803912664298
                },
                "metrics": {
                    "outcome": 4.724064141696378
                },
                "metadata": {
                    "trials": 1
                }
            }
        ],
        [
            {
                "query": {
                    "x1": -0.21822939917910844,
                    "x2": 1.8631524404239226
                },
                "metrics": {
                    "outcome": 11.314629434950431
                },
                "metadata": {
                    "trials": 1
                }
            }
        ],
        [
            {
                "query": {
                    "x1": -1.203557059566568,
                    "x2": -0.6441548900717562
                },
                "metrics": {
                    "outcome": 0.5459759008375253
                },
                "metadata": {
                    "trials": 1
                }
            }
        ],
        [
            {
                "query": {
                    "x1": 3.784990241469737,
                    "x2": -1.940667462088944
                },
                "metrics": {
                    "outcome": 24.21682641078717
                },
                "metadata": {
                    "trials": 1
                }
            }
        ],
        [
            {
                "query": {
                    "x1": 1.4720089830225334,
                    "x2": -2.7553088964778
                },
                "metrics": {
                    "outcome": 8.81497396078274
                },
                "metadata": {
                    "trials": 1
                }
            }
        ],
        [
            {
                "query": {
                    "x1": 3.182416307778718,
                    "x2": 3.201589535281528
                },
                "metrics": {
                    "outcome": 4.33136680875497
                },
                "metadata": {
                    "trials": 1
                }
            }
        ],
        [
            {
                "query": {
                    "x1": -0.21195212672139396,
                    "x2": -1.2192007579272028
                },
                "metrics": {
                    "outcome": -1.7057895881301661
                },
                "metadata": {
                    "trials": 1
                }
            },
            {
                "query": {
                    "x1": -0.11205038224241481,
                    "x2": -1.150572945713529
                },
                "metrics": {
                    "outcome": -1.582716998727709
                },
                "metadata": {
                    "trials": 1
                }
            },
            {
                "query": {
                    "x1": 0.16530165286541965,
                    "x2": -0.7773584638653896
                },
                "metrics": {
                    "outcome": -0.8772926515083843
                },
                "metadata": {
                    "trials": 1
                }
            },
            {
                "query": {
                    "x1": -0.31372899747944727,
                    "x2": -1.2718116484809503
                },
                "metrics": {
                    "outcome": -1.790904563328486
                },
                "metadata": {
                    "trials": 1
                }
            },
            {
                "query": {
                    "x1": 0.09849749092577031,
                    "x2": -0.8797255116225609
                },
                "metrics": {
                    "outcome": -1.094291677964816
                },
                "metadata": {
                    "trials": 1
                }
            },
            {
                "query": {
                    "x1": -0.03109000600010048,
                    "x2": -1.0690067410729047
                },
                "metrics": {
                    "outcome": -1.4398619347255135
                },
                "metadata": {
                    "trials": 1
                }
            }
        ],
        [
            {
                "query": {
                    "x1": -1.465620859192875,
                    "x2": -2.047512973730536
                },
                "metrics": {
                    "outcome": -1.2187008270030644
                },
                "metadata": {
                    "trials": 1
                }
            },
            {
                "query": {
                    "x1": -1.2241093248527135,
                    "x2": -2.0234841335199287
                },
                "metrics": {
                    "outcome": -1.4777438527009261
                },
                "metadata": {
                    "trials": 1
                }
            },
            {
                "query": {
                    "x1": -1.5,
                    "x2": -2.3318292360219406
                },
                "metrics": {
                    "outcome": -1.2509135844896182
                },
                "metadata": {
                    "trials": 1
                }
            },
            {
                "query": {
                    "x1": -1.3523576269368731,
                    "x2": -1.7988153371424211
                },
                "metrics": {
                    "outcome": -1.2595972515091551
                },
                "metadata": {
                    "trials": 1
                }
            },
            {
                "query": {
                    "x1": -1.00917046808161,
                    "x2": -2.0114823253529956
                },
                "metrics": {
                    "outcome": -1.6309663075902563
                },
                "metadata": {
                    "trials": 1
                }
            },
            {
                "query": {
                    "x1": -1.243341588636752,
                    "x2": -2.284532004804261
                },
                "metrics": {
                    "outcome": -1.3854941449771165
                },
                "metadata": {
                    "trials": 1
                }
            }
        ],
        [
            {
                "query": {
                    "x1": -1.4999999999999996,
                    "x2": -3.0
                },
                "metrics": {
                    "outcome": -1.022469882334903
                },
                "metadata": {
                    "trials": 1
                }
            },
            {
                "query": {
                    "x1": -1.303610176483373,
                    "x2": -3.0
                },
                "metrics": {
                    "outcome": -0.7492393829525072
                },
                "metadata": {
                    "trials": 1
                }
            },
            {
                "query": {
                    "x1": -1.1095075715725793,
                    "x2": -3.0
                },
                "metrics": {
                    "outcome": -0.4380717955162705
                },
                "metadata": {
                    "trials": 1
                }
            },
            {
                "query": {
                    "x1": -0.9129121617936872,
                    "x2": -3.0
                },
                "metrics": {
                    "outcome": -0.07761419157119143
                },
                "metadata": {
                    "trials": 1
                }
            },
            {
                "query": {
                    "x1": 4.0,
                    "x2": 1.7664536747299886
                },
                "metrics": {
                    "outcome": 3.910822236995836
                },
                "metadata": {
                    "trials": 1
                }
            },
            {
                "query": {
                    "x1": -0.2523503487106613,
                    "x2": -1.738654991922579
                },
                "metrics": {
                    "outcome": -1.6720141570977
                },
                "metadata": {
                    "trials": 1
                }
            }
        ],
        [
            {
                "query": {
                    "x1": -1.5,
                    "x2": 4.0
                },
                "metrics": {
                    "outcome": 44.09847214410396
                },
                "metadata": {
                    "trials": 1
                }
            },
            {
                "query": {
                    "x1": -1.1640701394940924,
                    "x2": 4.0
                },
                "metrics": {
                    "outcome": 39.7146509272233
                },
                "metadata": {
                    "trials": 1
                }
            },
            {
                "query": {
                    "x1": -0.7055511474547431,
                    "x2": -1.6214822641567666
                },
                "metrics": {
                    "outcome": -1.8838723545931026
                },
                "metadata": {
                    "trials": 1
                }
            },
            {
                "query": {
                    "x1": -0.7619606098927958,
                    "x2": -1.60736267169651
                },
                "metrics": {
                    "outcome": -1.8585237693368963
                },
                "metadata": {
                    "trials": 1
                }
            },
            {
                "query": {
                    "x1": -0.6486735235980908,
                    "x2": -1.627078685742495
                },
                "metrics": {
                    "outcome": -1.8990499082720214
                },
                "metadata": {
                    "trials": 1
                }
            },
            {
                "query": {
                    "x1": -0.6764831563396605,
                    "x2": -1.5657780716209229
                },
                "metrics": {
                    "outcome": -1.891786140292437
                },
                "metadata": {
                    "trials": 1
                }
            }
        ],
        [
            {
                "query": {
                    "x1": -0.7813238893393593,
                    "x2": -1.18565656392497
                },
                "metrics": {
                    "outcome": -1.551210919881136
                },
                "metadata": {
                    "trials": 1
                }
            },
            {
                "query": {
                    "x1": -0.4592098902299908,
                    "x2": -2.129583268532576
                },
                "metrics": {
                    "outcome": -1.3700679286539632
                },
                "metadata": {
                    "trials": 1
                }
            },
            {
                "query": {
                    "x1": -0.8336816432695839,
                    "x2": -1.1954512727987638
                },
                "metrics": {
                    "outcome": -1.5040181778116546
                },
                "metadata": {
                    "trials": 1
                }
            },
            {
                "query": {
                    "x1": -0.729221013600828,
                    "x2": -1.1747067047321234
                },
                "metrics": {
                    "outcome": -1.5895007417572007
                },
                "metadata": {
                    "trials": 1
                }
            },
            {
                "query": {
                    "x1": -0.3948456745245821,
                    "x2": -2.140305480138263
                },
                "metrics": {
                    "outcome": -1.2818123763645715
                },
                "metadata": {
                    "trials": 1
                }
            },
            {
                "query": {
                    "x1": -0.5121188170694628,
                    "x2": -2.0817289196051507
                },
                "metrics": {
                    "outcome": -1.4932315873214357
                },
                "metadata": {
                    "trials": 1
                }
            }
        ],
        [
            {
                "query": {
                    "x1": 0.2597174746866149,
                    "x2": -1.634967629023582
                },
                "metrics": {
                    "outcome": -0.86810533565234
                },
                "metadata": {
                    "trials": 1
                }
            },
            {
                "query": {
                    "x1": 0.24498043579670492,
                    "x2": -1.756206113986786
                },
                "metrics": {
                    "outcome": -0.751464525186476
                },
                "metadata": {
                    "trials": 1
                }
            },
            {
                "query": {
                    "x1": 0.28176333680691323,
                    "x2": -1.516334588980851
                },
                "metrics": {
                    "outcome": -0.9243321612183564
                },
                "metadata": {
                    "trials": 1
                }
            },
            {
                "query": {
                    "x1": 0.16875656288609875,
                    "x2": -1.6598459256919003
                },
                "metrics": {
                    "outcome": -1.055787678712933
                },
                "metadata": {
                    "trials": 1
                }
            },
            {
                "query": {
                    "x1": 0.3475626673235679,
                    "x2": -1.600038565942365
                },
                "metrics": {
                    "outcome": -0.6780522681102963
                },
                "metadata": {
                    "trials": 1
                }
            },
            {
                "query": {
                    "x1": 0.3385319679255976,
                    "x2": -1.7298998626304738
                },
                "metrics": {
                    "outcome": -0.5380832304428145
                },
                "metadata": {
                    "trials": 1
                }
            }
        ],
        [
            {
                "query": {
                    "x1": -0.45609665269291577,
                    "x2": -1.553190763179512
                },
                "metrics": {
                    "outcome": -1.9006097793576524
                },
                "metadata": {
                    "trials": 1
                }
            },
            {
                "query": {
                    "x1": -0.4610395448897868,
                    "x2": -1.5266742647880907
                },
                "metrics": {
                    "outcome": -1.9038905172389389
                },
                "metadata": {
                    "trials": 1
                }
            },
            {
                "query": {
                    "x1": -0.4540128234452663,
                    "x2": -1.5801933500714282
                },
                "metrics": {
                    "outcome": -1.8957150576998876
                },
                "metadata": {
                    "trials": 1
                }
            },
            {
                "query": {
                    "x1": -0.44040692290754424,
                    "x2": -1.5359105757586793
                },
                "metrics": {
                    "outcome": -1.8979347224822436
                },
                "metadata": {
                    "trials": 1
                }
            },
            {
                "query": {
                    "x1": -0.47615479764332,
                    "x2": -1.546701378589301
                },
                "metrics": {
                    "outcome": -1.9060004972198281
                },
                "metadata": {
                    "trials": 1
                }
            },
            {
                "query": {
                    "x1": -0.4800054484070966,
                    "x2": -1.5186166820885945
                },
                "metrics": {
                    "outcome": -1.9076901973995524
                },
                "metadata": {
                    "trials": 1
                }
            }
        ],
        [
            {
                "query": {
                    "x1": -0.5697901503504565,
                    "x2": -1.5102742144631869
                },
                "metrics": {
                    "outcome": -1.9095916367865304
                },
                "metadata": {
                    "trials": 1
                }
            },
            {
                "query": {
                    "x1": -0.5694338424707265,
                    "x2": -1.524587303228713
                },
                "metrics": {
                    "outcome": -1.9112116823406349
                },
                "metadata": {
                    "trials": 1
                }
            },
            {
                "query": {
                    "x1": -0.5694280924282744,
                    "x2": -1.4960013493395206
                },
                "metrics": {
                    "outcome": -1.907466166891893
                },
                "metadata": {
                    "trials": 1
                }
            },
            {
                "query": {
                    "x1": -0.5605846010658903,
                    "x2": -1.5171879027560837
                },
                "metrics": {
                    "outcome": -1.9112196554879746
                },
                "metadata": {
                    "trials": 1
                }
            },
            {
                "query": {
                    "x1": 4.0,
                    "x2": 4.0
                },
                "metrics": {
                    "outcome": 5.9893582466233815
                },
                "metadata": {
                    "trials": 1
                }
            },
            {
                "query": {
                    "x1": 4.0,
                    "x2": 3.7282343156356834
                },
                "metrics": {
                    "outcome": 5.386546594746976
                },
                "metadata": {
                    "trials": 1
                }
            }
        ],
        [
            {
                "query": {
                    "x1": -1.499944065170243,
                    "x2": 0.1740993514211393
                },
                "metrics": {
                    "outcome": 5.51743677654244
                },
                "metadata": {
                    "trials": 1
                }
            },
            {
                "query": {
                    "x1": -1.3280172376767747,
                    "x2": 0.2030620091898161
                },
                "metrics": {
                    "outcome": 4.941636250905505
                },
                "metadata": {
                    "trials": 1
                }
            },
            {
                "query": {
                    "x1": -1.164822604790587,
                    "x2": 0.22917302004523687
                },
                "metrics": {
                    "outcome": 4.458405615638714
                },
                "metadata": {
                    "trials": 1
                }
            },
            {
                "query": {
                    "x1": -1.0085973299763735,
                    "x2": 0.25974118407487756
                },
                "metrics": {
                    "outcome": 4.090130172411914
                },
                "metadata": {
                    "trials": 1
                }
            },
            {
                "query": {
                    "x1": -1.263053884675987,
                    "x2": 0.3778616023398951
                },
                "metrics": {
                    "outcome": 5.757801725184971
                },
                "metadata": {
                    "trials": 1
                }
            },
            {
                "query": {
                    "x1": -1.4320644885847165,
                    "x2": 0.3483171927218569
                },
                "metrics": {
                    "outcome": 6.304930828551553
                },
                "metadata": {
                    "trials": 1
                }
            }
        ],
        [
            {
                "query": {
                    "x1": 3.034027318974693,
                    "x2": -3.0
                },
                "metrics": {
                    "outcome": 25.39246546055599
                },
                "metadata": {
                    "trials": 1
                }
            },
            {
                "query": {
                    "x1": 3.2733181210175344,
                    "x2": -3.0
                },
                "metrics": {
                    "outcome": 28.21447093690321
                },
                "metadata": {
                    "trials": 1
                }
            },
            {
                "query": {
                    "x1": 2.8016966367523706,
                    "x2": -3.0
                },
                "metrics": {
                    "outcome": 22.760132681100476
                },
                "metadata": {
                    "trials": 1
                }
            },
            {
                "query": {
                    "x1": 3.5120979203144396,
                    "x2": -3.0
                },
                "metrics": {
                    "outcome": 31.129279562964264
                },
                "metadata": {
                    "trials": 1
                }
            },
            {
                "query": {
                    "x1": 3.7577277052301294,
                    "x2": -3.0
                },
                "metrics": {
                    "outcome": 34.21756480707999
                },
                "metadata": {
                    "trials": 1
                }
            },
            {
                "query": {
                    "x1": 2.916799281011225,
                    "x2": -2.7491339229203753
                },
                "metrics": {
                    "outcome": 22.021646245183803
                },
                "metadata": {
                    "trials": 1
                }
            }
        ],
        [
            {
                "query": {
                    "x1": 1.31529071763755,
                    "x2": 0.03719542475894411
                },
                "metrics": {
                    "outcome": 1.729844886770486
                },
                "metadata": {
                    "trials": 1
                }
            },
            {
                "query": {
                    "x1": 1.469048097759937,
                    "x2": 0.1337372988929788
                },
                "metrics": {
                    "outcome": 1.9133144234975807
                },
                "metadata": {
                    "trials": 1
                }
            },
            {
                "query": {
                    "x1": 1.1592960692088088,
                    "x2": -0.048478297436806095
                },
                "metrics": {
                    "outcome": 1.4946410910974608
                },
                "metadata": {
                    "trials": 1
                }
            },
            {
                "query": {
                    "x1": 1.3246168275099217,
                    "x2": 0.24950146570059273
                },
                "metrics": {
                    "outcome": 1.7926959464596444
                },
                "metadata": {
                    "trials": 1
                }
            },
            {
                "query": {
                    "x1": 1.6170854898111524,
                    "x2": 0.23756592455991443
                },
                "metrics": {
                    "outcome": 2.0313437318662233
                },
                "metadata": {
                    "trials": 1
                }
            },
            {
                "query": {
                    "x1": 1.296024154528987,
                    "x2": -0.16730152971942314
                },
                "metrics": {
                    "outcome": 1.6828984491037957
                },
                "metadata": {
                    "trials": 1
                }
            }
        ],
        [
            {
                "query": {
                    "x1": -1.5,
                    "x2": -3.0
                },
                "metrics": {
                    "outcome": -1.022469882334903
                },
                "metadata": {
                    "trials": 1
                }
            },
            {
                "query": {
                    "x1": -1.5,
                    "x2": -2.7842089260227554
                },
                "metrics": {
                    "outcome": -1.1516068232645136
                },
                "metadata": {
                    "trials": 1
                }
            },
            {
                "query": {
                    "x1": -1.336179325420453,
                    "x2": -3.0
                },
                "metrics": {
                    "outcome": -0.7973678968632836
                },
                "metadata": {
                    "trials": 1
                }
            },
            {
                "query": {
                    "x1": -1.5,
                    "x2": -2.586699610751315
                },
                "metrics": {
                    "outcome": -1.2252734043237918
                },
                "metadata": {
                    "trials": 1
                }
            },
            {
                "query": {
                    "x1": -1.35106307510048,
                    "x2": -2.7990351435388416
                },
                "metrics": {
                    "outcome": -1.0283340671854226
                },
                "metadata": {
                    "trials": 1
                }
            },
            {
                "query": {
                    "x1": -1.1791988377656022,
                    "x2": -3.0
                },
                "metrics": {
                    "outcome": -0.5546949115587392
                },
                "metadata": {
                    "trials": 1
                }
            }
        ],
        [
            {
                "query": {
                    "x1": -1.5,
                    "x2": 4.0
                },
                "metrics": {
                    "outcome": 44.09847214410396
                },
                "metadata": {
                    "trials": 1
                }
            },
            {
                "query": {
                    "x1": -1.298337161919189,
                    "x2": 4.0
                },
                "metrics": {
                    "outcome": 41.44575838873468
                },
                "metadata": {
                    "trials": 1
                }
            },
            {
                "query": {
                    "x1": -1.0987028940989796,
                    "x2": 4.0
                },
                "metrics": {
                    "outcome": 38.88281523617674
                },
                "metadata": {
                    "trials": 1
                }
            },
            {
                "query": {
                    "x1": -0.9012781153299687,
                    "x2": 3.999999999999999
                },
                "metrics": {
                    "outcome": 36.41730197488267
                },
                "metadata": {
                    "trials": 1
                }
            },
            {
                "query": {
                    "x1": -0.7061397676343822,
                    "x2": 4.0
                },
                "metrics": {
                    "outcome": 34.05528130129757
                },
                "metadata": {
                    "trials": 1
                }
            },
            {
                "query": {
                    "x1": -1.5,
                    "x2": 3.7613378942125397
                },
                "metrics": {
                    "outcome": 41.105922346722735
                },
                "metadata": {
                    "trials": 1
                }
            }
        ],
        [
            {
                "query": {
                    "x1": 4.0,
                    "x2": 1.3282055060897866
                },
                "metrics": {
                    "outcome": 4.642697509701673
                },
                "metadata": {
                    "trials": 1
                }
            },
            {
                "query": {
                    "x1": 4.0,
                    "x2": 1.1330849652752475
                },
                "metrics": {
                    "outcome": 5.139109305445858
                },
                "metadata": {
                    "trials": 1
                }
            },
            {
                "query": {
                    "x1": 4.0,
                    "x2": 1.5207369372803319
                },
                "metrics": {
                    "outcome": 4.257893632232831
                },
                "metadata": {
                    "trials": 1
                }
            },
            {
                "query": {
                    "x1": 4.0,
                    "x2": 0.9421540118375353
                },
                "metrics": {
                    "outcome": 5.7320871812409155
                },
                "metadata": {
                    "trials": 1
                }
            },
            {
                "query": {
                    "x1": 3.8649082957269103,
                    "x2": 1.4189837392253972
                },
                "metrics": {
                    "outcome": 3.891554912518074
                },
                "metadata": {
                    "trials": 1
                }
            },
            {
                "query": {
                    "x1": 3.8681384296333077,
                    "x2": 1.2258463478404957
                },
                "metrics": {
                    "outcome": 4.316044131087651
                },
                "metadata": {
                    "trials": 1
                }
            }
        ],
        [
            {
                "query": {
                    "x1": 1.9561175987567636,
                    "x2": 1.9388441836660846
                },
                "metrics": {
                    "outcome": 2.2291323911213876
                },
                "metadata": {
                    "trials": 1
                }
            },
            {
                "query": {
                    "x1": 1.7737044202183951,
                    "x2": 1.8928583575439255
                },
                "metrics": {
                    "outcome": 2.5845997721310665
                },
                "metadata": {
                    "trials": 1
                }
            },
            {
                "query": {
                    "x1": 2.129682391588657,
                    "x2": 2.0173566232295794
                },
                "metrics": {
                    "outcome": 2.017083877321454
                },
                "metadata": {
                    "trials": 1
                }
            },
            {
                "query": {
                    "x1": 1.985097098366309,
                    "x2": 2.1647311255459964
                },
                "metrics": {
                    "outcome": 2.6205584539556908
                },
                "metadata": {
                    "trials": 1
                }
            },
            {
                "query": {
                    "x1": 2.091457352421507,
                    "x2": 1.7888496075251759
                },
                "metrics": {
                    "outcome": 1.753171527195427
                },
                "metadata": {
                    "trials": 1
                }
            },
            {
                "query": {
                    "x1": 1.592693477499366,
                    "x2": 1.8586166797191561
                },
                "metrics": {
                    "outcome": 3.023427039030859
                },
                "metadata": {
                    "trials": 1
                }
            }
        ],
        [
            {
                "query": {
                    "x1": -1.5,
                    "x2": -1.5642019286977236
                },
                "metrics": {
                    "outcome": -0.7336964290943868
                },
                "metadata": {
                    "trials": 1
                }
            },
            {
                "query": {
                    "x1": -1.5,
                    "x2": -1.4490683395672765
                },
                "metrics": {
                    "outcome": -0.561413992569141
                },
                "metadata": {
                    "trials": 1
                }
            },
            {
                "query": {
                    "x1": -1.5,
                    "x2": -1.6749007156569655
                },
                "metrics": {
                    "outcome": -0.8733596252068487
                },
                "metadata": {
                    "trials": 1
                }
            },
            {
                "query": {
                    "x1": -0.09946052759657631,
                    "x2": -0.7261629608644053
                },
                "metrics": {
                    "outcome": -1.008431382786422
                },
                "metadata": {
                    "trials": 1
                }
            },
            {
                "query": {
                    "x1": 0.0007208955519286686,
                    "x2": -0.7582717149962037
                },
                "metrics": {
                    "outcome": -1.0078349743319142
                },
                "metadata": {
                    "trials": 1
                }
            },
            {
                "query": {
                    "x1": -0.20098912004969294,
                    "x2": -0.7080033128797809
                },
                "metrics": {
                    "outcome": -1.000346159432818
                },
                "metadata": {
                    "trials": 1
                }
            }
        ],
        [
            {
                "query": {
                    "x1": -0.2664824072327798,
                    "x2": -1.7797681102972953
                },
                "metrics": {
                    "outcome": -1.6487479568136125
                },
                "metadata": {
                    "trials": 1
                }
            },
            {
                "query": {
                    "x1": -0.17433449552497904,
                    "x2": -1.797922891212849
                },
                "metrics": {
                    "outcome": -1.5177572537041577
                },
                "metadata": {
                    "trials": 1
                }
            },
            {
                "query": {
                    "x1": -0.35755139334760955,
                    "x2": -1.7617543868590158
                },
                "metrics": {
                    "outcome": -1.7495754945374564
                },
                "metadata": {
                    "trials": 1
                }
            },
            {
                "query": {
                    "x1": -0.3213756112167101,
                    "x2": -1.8693506747150843
                },
                "metrics": {
                    "outcome": -1.6090056236201562
                },
                "metadata": {
                    "trials": 1
                }
            },
            {
                "query": {
                    "x1": -0.29837365647118674,
                    "x2": -1.6742104435562781
                },
                "metrics": {
                    "outcome": -1.7654020902559884
                },
                "metadata": {
                    "trials": 1
                }
            },
            {
                "query": {
                    "x1": -0.20920368456809846,
                    "x2": -1.687947520563409
                },
                "metrics": {
                    "outcome": -1.6665971742539165
                },
                "metadata": {
                    "trials": 1
                }
            }
        ],
        [
            {
                "query": {
                    "x1": 4.0,
                    "x2": 3.999999999999999
                },
                "metrics": {
                    "outcome": 5.989358246623381
                },
                "metadata": {
                    "trials": 1
                }
            },
            {
                "query": {
                    "x1": 3.84531680242942,
                    "x2": 4.0
                },
                "metrics": {
                    "outcome": 6.2559141485485465
                },
                "metadata": {
                    "trials": 1
                }
            },
            {
                "query": {
                    "x1": 4.0,
                    "x2": 3.810551788713557
                },
                "metrics": {
                    "outcome": 5.561327169036484
                },
                "metadata": {
                    "trials": 1
                }
            },
            {
                "query": {
                    "x1": 3.6918783132575905,
                    "x2": 4.0
                },
                "metrics": {
                    "outcome": 6.5440115065675215
                },
                "metadata": {
                    "trials": 1
                }
            },
            {
                "query": {
                    "x1": 3.5395941086475604,
                    "x2": 4.0
                },
                "metrics": {
                    "outcome": 6.853568377130965
                },
                "metadata": {
                    "trials": 1
                }
            },
            {
                "query": {
                    "x1": 3.845063533651923,
                    "x2": 3.81028587153953
                },
                "metrics": {
                    "outcome": 5.739666259348612
                },
                "metadata": {
                    "trials": 1
                }
            }
        ],
        [
            {
                "query": {
                    "x1": -1.5,
                    "x2": 0.3980024938689031
                },
                "metrics": {
                    "outcome": 6.955308058884135
                },
                "metadata": {
                    "trials": 1
                }
            },
            {
                "query": {
                    "x1": -1.343962813783961,
                    "x2": 0.4371682399239689
                },
                "metrics": {
                    "outcome": 6.493760280554378
                },
                "metadata": {
                    "trials": 1
                }
            },
            {
                "query": {
                    "x1": -1.5,
                    "x2": 0.20473574567642494
                },
                "metrics": {
                    "outcome": 5.70568274802461
                },
                "metadata": {
                    "trials": 1
                }
            },
            {
                "query": {
                    "x1": -1.5,
                    "x2": 0.5924691930401962
                },
                "metrics": {
                    "outcome": 8.321614428693069
                },
                "metadata": {
                    "trials": 1
                }
            },
            {
                "query": {
                    "x1": -1.18692837025834,
                    "x2": 0.45148628659948375
                },
                "metrics": {
                    "outcome": 5.922595818340914
                },
                "metadata": {
                    "trials": 1
                }
            },
            {
                "query": {
                    "x1": -1.3528842713952816,
                    "x2": 0.2456376687729569
                },
                "metrics": {
                    "outcome": 5.304222010083668
                },
                "metadata": {
                    "trials": 1
                }
            }
        ],
        [
            {
                "query": {
                    "x1": 2.3316876285768693,
                    "x2": -3.0
                },
                "metrics": {
                    "outcome": 17.80969922234422
                },
                "metadata": {
                    "trials": 1
                }
            },
            {
                "query": {
                    "x1": 2.509654907487892,
                    "x2": -2.9998266969973173
                },
                "metrics": {
                    "outcome": 19.619560989680913
                },
                "metadata": {
                    "trials": 1
                }
            },
            {
                "query": {
                    "x1": 2.156956508663046,
                    "x2": -2.9998249790365854
                },
                "metrics": {
                    "outcome": 16.11084345011418
                },
                "metadata": {
                    "trials": 1
                }
            },
            {
                "query": {
                    "x1": 2.6855319908686974,
                    "x2": -3.0
                },
                "metrics": {
                    "outcome": 21.487665420469682
                },
                "metadata": {
                    "trials": 1
                }
            },
            {
                "query": {
                    "x1": 2.415589621601235,
                    "x2": -2.805566215450298
                },
                "metrics": {
                    "outcome": 17.24300153729174
                },
                "metadata": {
                    "trials": 1
                }
            },
            {
                "query": {
                    "x1": 2.24131654210928,
                    "x2": -2.807250682189228
                },
                "metrics": {
                    "outcome": 15.57172495327163
                },
                "metadata": {
                    "trials": 1
                }
            }
        ],
        [
            {
                "query": {
                    "x1": 1.5548214061845584,
                    "x2": -0.29180373115926406
                },
                "metrics": {
                    "outcome": 2.301291821895062
                },
                "metadata": {
                    "trials": 1
                }
            },
            {
                "query": {
                    "x1": 1.6842357564010775,
                    "x2": -0.37390463925962614
                },
                "metrics": {
                    "outcome": 2.741096932711021
                },
                "metadata": {
                    "trials": 1
                }
            },
            {
                "query": {
                    "x1": 1.4265939299283126,
                    "x2": -0.20559733582483952
                },
                "metrics": {
                    "outcome": 1.9496054587765366
                },
                "metadata": {
                    "trials": 1
                }
            },
            {
                "query": {
                    "x1": 1.5579675573767586,
                    "x2": -0.4725742470527199
                },
                "metrics": {
                    "outcome": 2.489200053459231
                },
                "metadata": {
                    "trials": 1
                }
            },
            {
                "query": {
                    "x1": 1.5540550600131997,
                    "x2": -0.11304344296988678
                },
                "metrics": {
                    "outcome": 2.1571160009058787
                },
                "metadata": {
                    "trials": 1
                }
            },
            {
                "query": {
                    "x1": 1.4313353390091574,
                    "x2": -0.38488778182412053
                },
                "metrics": {
                    "outcome": 2.0550941248234045
                },
                "metadata": {
                    "trials": 1
                }
            }
        ],
        [
            {
                "query": {
                    "x1": -1.4999999999999587,
                    "x2": -3.0
                },
                "metrics": {
                    "outcome": -1.0224698823348497
                },
                "metadata": {
                    "trials": 1
                }
            },
            {
                "query": {
                    "x1": -1.3271422672743975,
                    "x2": -3.0
                },
                "metrics": {
                    "outcome": -0.7841278560430478
                },
                "metadata": {
                    "trials": 1
                }
            },
            {
                "query": {
                    "x1": -1.1630299833838809,
                    "x2": -3.0
                },
                "metrics": {
                    "outcome": -0.5281367920043056
                },
                "metadata": {
                    "trials": 1
                }
            },
            {
                "query": {
                    "x1": -1.0049178153063296,
                    "x2": -3.0
                },
                "metrics": {
                    "outcome": -0.252262523984669
                },
                "metadata": {
                    "trials": 1
                }
            },
            {
                "query": {
                    "x1": -1.414944932739476,
                    "x2": -2.8377522352557265
                },
                "metrics": {
                    "outcome": -1.0513932946602509
                },
                "metadata": {
                    "trials": 1
                }
            },
            {
                "query": {
                    "x1": -1.2494889700915506,
                    "x2": -2.8316398369340625
                },
                "metrics": {
                    "outcome": -0.8943803293559291
                },
                "metadata": {
                    "trials": 1
                }
            }
        ],
        [
            {
                "query": {
                    "x1": -1.5,
                    "x2": 4.0
                },
                "metrics": {
                    "outcome": 44.09847214410396
                },
                "metadata": {
                    "trials": 1
                }
            },
            {
                "query": {
                    "x1": -1.21310325849907,
                    "x2": 4.0
                },
                "metrics": {
                    "outcome": 40.34340569372948
                },
                "metadata": {
                    "trials": 1
                }
            },
            {
                "query": {
                    "x1": -0.9312857943279702,
                    "x2": 4.0
                },
                "metrics": {
                    "outcome": 36.78732222905051
                },
                "metadata": {
                    "trials": 1
                }
            },
            {
                "query": {
                    "x1": -0.6550581164129343,
                    "x2": 4.0
                },
                "metrics": {
                    "outcome": 33.45020256303104
                },
                "metadata": {
                    "trials": 1
                }
            },
            {
                "query": {
                    "x1": -1.3599159681450483,
                    "x2": 3.7131936343266814
                },
                "metrics": {
                    "outcome": 38.76846535304318
                },
                "metadata": {
                    "trials": 1
                }
            },
            {
                "query": {
                    "x1": -0.3841809351983019,
                    "x2": 4.0
                },
                "metrics": {
                    "outcome": 30.340663511829636
                },
                "metadata": {
                    "trials": 1
                }
            }
        ]
    ],
    "best_results": [
        {
            "query": {
                "x1": -0.5605846010658903,
                "x2": -1.5171879027560837
            },
            "metrics": [
                {
                    "name": "outcome",
                    "value": -1.9112196554879746
                }
            ]
        }
    ]
}