{
    "date": "26/10/2022 19:15:17",
    "basic_params": {
        "active_variables": [
            "x1",
            "x2"
        ],
        "default_query": {},
        "metric": "basic",
        "n_trials": 1
    },
    "objective_function": {
        "name": "Gramacy2D",
        "params": {}
    },
    "optimizer": {
        "name": "BBO-LP",
        "params": {
            "lower_bound": [
                -2.0,
                -2.0
            ],
            "upper_bound": [
                6.0,
                6.0
            ],
            "invert_metric": false,
            "bopt_params": {
                "n_init_samples": 15,
                "n_iterations": 45,
                "verbose_level": 1,
                "n_parallel_samples": 3,
                "par_type": "PAR_BBO",
                "crit_name": "cLP(cLCB)",
                "n_crit_params": 4,
                "crit_params": [
                    3,
                    1,
                    1.0
                ]
            }
        }
    },
    "iterations": [
        [
            {
                "query": {
                    "x1": 2.201938696205616,
                    "x2": -1.418095609297355
                },
                "metrics": {
                    "outcome": 0.0023107318623572758
                },
                "metadata": {
                    "trials": 1
                }
            }
        ],
        [
            {
                "query": {
                    "x1": 0.8385944804797569,
                    "x2": -0.60132195353508
                },
                "metrics": {
                    "outcome": 0.28913637377724677
                },
                "metadata": {
                    "trials": 1
                }
            }
        ],
        [
            {
                "query": {
                    "x1": -1.7413251058508952,
                    "x2": 1.8805038868139188
                },
                "metrics": {
                    "outcome": -0.0024446297130943755
                },
                "metadata": {
                    "trials": 1
                }
            }
        ],
        [
            {
                "query": {
                    "x1": 2.953850686425964,
                    "x2": -1.8209081367899973
                },
                "metrics": {
                    "outcome": 1.742106095927235e-05
                },
                "metadata": {
                    "trials": 1
                }
            }
        ],
        [
            {
                "query": {
                    "x1": 1.5650828552742797,
                    "x2": 0.5215361719330152
                },
                "metrics": {
                    "outcome": 0.10294652943468939
                },
                "metadata": {
                    "trials": 1
                }
            }
        ],
        [
            {
                "query": {
                    "x1": 4.641373416160544,
                    "x2": 1.0887021339188019
                },
                "metrics": {
                    "outcome": 6.254127980452278e-10
                },
                "metadata": {
                    "trials": 1
                }
            }
        ],
        [
            {
                "query": {
                    "x1": 3.703890687475602,
                    "x2": 5.979520646110177
                },
                "metrics": {
                    "outcome": 1.209488297065822e-21
                },
                "metadata": {
                    "trials": 1
                }
            }
        ],
        [
            {
                "query": {
                    "x1": 0.362716628983617,
                    "x2": 3.1112588776896395
                },
                "metrics": {
                    "outcome": 1.9883336418497253e-05
                },
                "metadata": {
                    "trials": 1
                }
            }
        ],
        [
            {
                "query": {
                    "x1": 5.6527048740535975,
                    "x2": 5.3160403226812685
                },
                "metrics": {
                    "outcome": 3.998780668175594e-26
                },
                "metadata": {
                    "trials": 1
                }
            }
        ],
        [
            {
                "query": {
                    "x1": -0.9936841050783793,
                    "x2": 3.3386201389133934
                },
                "metrics": {
                    "outcome": -5.34083549650685e-06
                },
                "metadata": {
                    "trials": 1
                }
            }
        ],
        [
            {
                "query": {
                    "x1": 4.385882554699977,
                    "x2": 2.441470398133
                },
                "metrics": {
                    "outcome": 5.00322851309163e-11
                },
                "metadata": {
                    "trials": 1
                }
            }
        ],
        [
            {
                "query": {
                    "x1": -0.031105794757604555,
                    "x2": 4.488264563679695
                },
                "metrics": {
                    "outcome": -5.5432917795807694e-11
                },
                "metadata": {
                    "trials": 1
                }
            }
        ],
        [
            {
                "query": {
                    "x1": 5.1035566779474415,
                    "x2": 1.225972777729233
                },
                "metrics": {
                    "outcome": 5.538140439512523e-12
                },
                "metadata": {
                    "trials": 1
                }
            }
        ],
        [
            {
                "query": {
                    "x1": -0.7861029547949632,
                    "x2": -0.10307344235479832
                },
                "metrics": {
                    "outcome": -0.419266090635758
                },
                "metadata": {
                    "trials": 1
                }
            }
        ],
        [
            {
                "query": {
                    "x1": 2.788671839982271,
                    "x2": 4.2577298750480015
                },
                "metrics": {
                    "outcome": 1.5668185190748678e-11
                },
                "metadata": {
                    "trials": 1
                }
            }
        ],
        [
            {
                "query": {
                    "x1": 5.999920130692709,
                    "x2": 0.009759802323688227
                },
                "metrics": {
                    "outcome": 1.3928969625815924e-15
                },
                "metadata": {
                    "trials": 1
                }
            },
            {
                "query": {
                    "x1": 5.432027183422818,
                    "x2": 0.009856103880277356
                },
                "metrics": {
                    "outcome": 8.321996077755728e-13
                },
                "metadata": {
                    "trials": 1
                }
            },
            {
                "query": {
                    "x1": 4.861512746947394,
                    "x2": 0.009938160198382562
                },
                "metrics": {
                    "outcome": 2.645329490062067e-10
                },
                "metadata": {
                    "trials": 1
                }
            }
        ],
        [
            {
                "query": {
                    "x1": -0.8739815277702143,
                    "x2": -0.19739407157253885
                },
                "metrics": {
                    "outcome": -0.39160399399808193
                },
                "metadata": {
                    "trials": 1
                }
            },
            {
                "query": {
                    "x1": -0.7732026598968564,
                    "x2": -0.1997108000874046
                },
                "metrics": {
                    "outcome": -0.4086317691153935
                },
                "metadata": {
                    "trials": 1
                }
            },
            {
                "query": {
                    "x1": -0.82373986049186,
                    "x2": -0.190024212721301
                },
                "metrics": {
                    "outcome": -0.4031054610227535
                },
                "metadata": {
                    "trials": 1
                }
            }
        ],
        [
            {
                "query": {
                    "x1": -0.8806387457536227,
                    "x2": -0.1395111331697474
                },
                "metrics": {
                    "outcome": -0.3976847216955779
                },
                "metadata": {
                    "trials": 1
                }
            },
            {
                "query": {
                    "x1": -0.8414335435194809,
                    "x2": -0.13951434770756732
                },
                "metrics": {
                    "outcome": -0.4065196939042227
                },
                "metadata": {
                    "trials": 1
                }
            },
            {
                "query": {
                    "x1": -0.8044223995541608,
                    "x2": -0.13955996098952062
                },
                "metrics": {
                    "outcome": -0.4130431736511479
                },
                "metadata": {
                    "trials": 1
                }
            }
        ],
        [
            {
                "query": {
                    "x1": -0.8807178057287757,
                    "x2": -0.11926222591312863
                },
                "metrics": {
                    "outcome": -0.3997542292718181
                },
                "metadata": {
                    "trials": 1
                }
            },
            {
                "query": {
                    "x1": -0.8592275177069553,
                    "x2": -0.11926808090638796
                },
                "metrics": {
                    "outcome": -0.4048582266064387
                },
                "metadata": {
                    "trials": 1
                }
            },
            {
                "query": {
                    "x1": -0.838378783315354,
                    "x2": -0.11923229511165756
                },
                "metrics": {
                    "outcome": -0.4092698353238798
                },
                "metadata": {
                    "trials": 1
                }
            }
        ],
        [
            {
                "query": {
                    "x1": -0.8699005211989626,
                    "x2": -0.12462717059508588
                },
                "metrics": {
                    "outcome": -0.40186652785571947
                },
                "metadata": {
                    "trials": 1
                }
            },
            {
                "query": {
                    "x1": -0.8518282374782227,
                    "x2": -0.12565898261712527
                },
                "metrics": {
                    "outcome": -0.40584989773258634
                },
                "metadata": {
                    "trials": 1
                }
            },
            {
                "query": {
                    "x1": -0.8250569038473718,
                    "x2": -0.124771774877668
                },
                "metrics": {
                    "outcome": -0.41123526346762623
                },
                "metadata": {
                    "trials": 1
                }
            }
        ],
        [
            {
                "query": {
                    "x1": -0.8630721984305998,
                    "x2": -0.12476981866560632
                },
                "metrics": {
                    "outcome": -0.4034438094150088
                },
                "metadata": {
                    "trials": 1
                }
            },
            {
                "query": {
                    "x1": -0.8395954653759485,
                    "x2": -0.12478774258026326
                },
                "metrics": {
                    "outcome": -0.4084737532965938
                },
                "metadata": {
                    "trials": 1
                }
            },
            {
                "query": {
                    "x1": -0.8226756222927796,
                    "x2": -0.12491561995407374
                },
                "metrics": {
                    "outcome": -0.41164564354077104
                },
                "metadata": {
                    "trials": 1
                }
            }
        ],
        [
            {
                "query": {
                    "x1": -0.88118260990635,
                    "x2": -0.12477022774291413
                },
                "metrics": {
                    "outcome": -0.3991009843363021
                },
                "metadata": {
                    "trials": 1
                }
            },
            {
                "query": {
                    "x1": -0.8652499808681411,
                    "x2": -0.12478423293842122
                },
                "metrics": {
                    "outcome": -0.4029408698412071
                },
                "metadata": {
                    "trials": 1
                }
            },
            {
                "query": {
                    "x1": -0.8465734671113674,
                    "x2": -0.12564400963606603
                },
                "metrics": {
                    "outcome": -0.40696367656715204
                },
                "metadata": {
                    "trials": 1
                }
            }
        ],
        [
            {
                "query": {
                    "x1": -0.8769201316941837,
                    "x2": -0.12502546479744425
                },
                "metrics": {
                    "outcome": -0.4001324567240252
                },
                "metadata": {
                    "trials": 1
                }
            },
            {
                "query": {
                    "x1": -0.8603324484620611,
                    "x2": -0.12509855668101433
                },
                "metrics": {
                    "outcome": -0.40403330463072085
                },
                "metadata": {
                    "trials": 1
                }
            },
            {
                "query": {
                    "x1": -0.8460168219993405,
                    "x2": -0.1258609588400721
                },
                "metrics": {
                    "outcome": -0.40705723394623866
                },
                "metadata": {
                    "trials": 1
                }
            }
        ],
        [
            {
                "query": {
                    "x1": -0.8822206828724806,
                    "x2": -0.12501916520786382
                },
                "metrics": {
                    "outcome": -0.3988155810230126
                },
                "metadata": {
                    "trials": 1
                }
            },
            {
                "query": {
                    "x1": -0.86439993177556,
                    "x2": -0.12467230849152666
                },
                "metrics": {
                    "outcome": -0.4031485559259648
                },
                "metadata": {
                    "trials": 1
                }
            },
            {
                "query": {
                    "x1": -0.8485532656924784,
                    "x2": -0.12478407502600386
                },
                "metrics": {
                    "outcome": -0.4066362897400768
                },
                "metadata": {
                    "trials": 1
                }
            }
        ],
        [
            {
                "query": {
                    "x1": -0.8618407448162992,
                    "x2": -0.12548653813367072
                },
                "metrics": {
                    "outcome": -0.40365242040676674
                },
                "metadata": {
                    "trials": 1
                }
            },
            {
                "query": {
                    "x1": -0.8462406992389071,
                    "x2": -0.12589162156931422
                },
                "metrics": {
                    "outcome": -0.40700758115140495
                },
                "metadata": {
                    "trials": 1
                }
            },
            {
                "query": {
                    "x1": -0.8315668275111212,
                    "x2": -0.12500075571841296
                },
                "metrics": {
                    "outcome": -0.4100106306116756
                },
                "metadata": {
                    "trials": 1
                }
            }
        ],
        [
            {
                "query": {
                    "x1": -0.8741975853599764,
                    "x2": -0.1250911365096059
                },
                "metrics": {
                    "outcome": -0.40078984379988963
                },
                "metadata": {
                    "trials": 1
                }
            },
            {
                "query": {
                    "x1": -0.8600315874967976,
                    "x2": -0.1252762785422632
                },
                "metrics": {
                    "outcome": -0.404083136724802
                },
                "metadata": {
                    "trials": 1
                }
            },
            {
                "query": {
                    "x1": -0.8450974865433818,
                    "x2": -0.12497561453909567
                },
                "metrics": {
                    "outcome": -0.40733800642594553
                },
                "metadata": {
                    "trials": 1
                }
            }
        ],
        [
            {
                "query": {
                    "x1": -0.8725677003084018,
                    "x2": -0.12523912088942302
                },
                "metrics": {
                    "outcome": -0.4011682901775622
                },
                "metadata": {
                    "trials": 1
                }
            },
            {
                "query": {
                    "x1": -0.8588554781287683,
                    "x2": -0.12552287149754027
                },
                "metrics": {
                    "outcome": -0.4043221414010433
                },
                "metadata": {
                    "trials": 1
                }
            },
            {
                "query": {
                    "x1": -0.8457478273883523,
                    "x2": -0.12608509082945774
                },
                "metrics": {
                    "outcome": -0.40709004474729166
                },
                "metadata": {
                    "trials": 1
                }
            }
        ],
        [
            {
                "query": {
                    "x1": -0.8645128817877108,
                    "x2": -0.12528040181077293
                },
                "metrics": {
                    "outcome": -0.40306123730402504
                },
                "metadata": {
                    "trials": 1
                }
            },
            {
                "query": {
                    "x1": -0.8493887683023993,
                    "x2": -0.12516826496434175
                },
                "metrics": {
                    "outcome": -0.40642061482112474
                },
                "metadata": {
                    "trials": 1
                }
            },
            {
                "query": {
                    "x1": -0.8355998690506379,
                    "x2": -0.12587528216166644
                },
                "metrics": {
                    "outcome": -0.40914848949435295
                },
                "metadata": {
                    "trials": 1
                }
            }
        ],
        [
            {
                "query": {
                    "x1": -0.8734170524514537,
                    "x2": -0.1254424343068028
                },
                "metrics": {
                    "outcome": -0.4009432969688784
                },
                "metadata": {
                    "trials": 1
                }
            },
            {
                "query": {
                    "x1": -0.8565233682616356,
                    "x2": -0.12535036602602956
                },
                "metrics": {
                    "outcome": -0.404858088195644
                },
                "metadata": {
                    "trials": 1
                }
            },
            {
                "query": {
                    "x1": -0.8403335187243814,
                    "x2": -0.12542608838695157
                },
                "metrics": {
                    "outcome": -0.4082610232848365
                },
                "metadata": {
                    "trials": 1
                }
            }
        ],
        [
            {
                "query": {
                    "x1": -0.8881428944623682,
                    "x2": -0.12538179120848802
                },
                "metrics": {
                    "outcome": -0.39726924614273446
                },
                "metadata": {
                    "trials": 1
                }
            },
            {
                "query": {
                    "x1": -0.8700463591793683,
                    "x2": -0.12535204197151883
                },
                "metrics": {
                    "outcome": -0.40175911600243713
                },
                "metadata": {
                    "trials": 1
                }
            },
            {
                "query": {
                    "x1": -0.8495922692970947,
                    "x2": -0.12479065890498475
                },
                "metrics": {
                    "outcome": -0.40641581835335805
                },
                "metadata": {
                    "trials": 1
                }
            }
        ],
        [
            {
                "query": {
                    "x1": -0.8722001795447323,
                    "x2": -0.1252049337530765
                },
                "metrics": {
                    "outcome": -0.40125997446996287
                },
                "metadata": {
                    "trials": 1
                }
            },
            {
                "query": {
                    "x1": -0.8541666083682857,
                    "x2": -0.12351231882419778
                },
                "metrics": {
                    "outcome": -0.4055606288982019
                },
                "metadata": {
                    "trials": 1
                }
            },
            {
                "query": {
                    "x1": -0.8387730169014553,
                    "x2": -0.12527375874947255
                },
                "metrics": {
                    "outcome": -0.4085876436823615
                },
                "metadata": {
                    "trials": 1
                }
            }
        ],
        [
            {
                "query": {
                    "x1": -0.8693912080821906,
                    "x2": -0.12529746405812703
                },
                "metrics": {
                    "outcome": -0.40191984519929236
                },
                "metadata": {
                    "trials": 1
                }
            },
            {
                "query": {
                    "x1": -0.8520079407212802,
                    "x2": -0.12502786185638448
                },
                "metrics": {
                    "outcome": -0.4058754542416641
                },
                "metadata": {
                    "trials": 1
                }
            },
            {
                "query": {
                    "x1": -0.8351130837314906,
                    "x2": -0.12486430531670911
                },
                "metrics": {
                    "outcome": -0.4093465828077198
                },
                "metadata": {
                    "trials": 1
                }
            }
        ],
        [
            {
                "query": {
                    "x1": -0.8680899102020594,
                    "x2": -0.12529250131957648
                },
                "metrics": {
                    "outcome": -0.40222715426633415
                },
                "metadata": {
                    "trials": 1
                }
            },
            {
                "query": {
                    "x1": -0.854449443327804,
                    "x2": -0.1252381441937498
                },
                "metrics": {
                    "outcome": -0.40532486915892246
                },
                "metadata": {
                    "trials": 1
                }
            },
            {
                "query": {
                    "x1": -0.8389678753490091,
                    "x2": -0.12552995351723362
                },
                "metrics": {
                    "outcome": -0.4085227283965609
                },
                "metadata": {
                    "trials": 1
                }
            }
        ],
        [
            {
                "query": {
                    "x1": -0.8618040648201624,
                    "x2": -0.12539577707768368
                },
                "metrics": {
                    "outcome": -0.40366995248599585
                },
                "metadata": {
                    "trials": 1
                }
            },
            {
                "query": {
                    "x1": -0.8490032747204017,
                    "x2": -0.12627121277165876
                },
                "metrics": {
                    "outcome": -0.4063895018193449
                },
                "metadata": {
                    "trials": 1
                }
            },
            {
                "query": {
                    "x1": -0.8360831637044692,
                    "x2": -0.12602644653251427
                },
                "metrics": {
                    "outcome": -0.4090389420705566
                },
                "metadata": {
                    "trials": 1
                }
            }
        ],
        [
            {
                "query": {
                    "x1": -0.8732241666011076,
                    "x2": -0.12772548968613617
                },
                "metrics": {
                    "outcome": -0.4007581204223663
                },
                "metadata": {
                    "trials": 1
                }
            },
            {
                "query": {
                    "x1": -0.858502918522025,
                    "x2": -0.1256620910794246
                },
                "metrics": {
                    "outcome": -0.40438680484542555
                },
                "metadata": {
                    "trials": 1
                }
            },
            {
                "query": {
                    "x1": -0.8419623334035355,
                    "x2": -0.12581288356501186
                },
                "metrics": {
                    "outcome": -0.40789338379401585
                },
                "metadata": {
                    "trials": 1
                }
            }
        ],
        [
            {
                "query": {
                    "x1": -0.8657695988737151,
                    "x2": -0.12483733955497622
                },
                "metrics": {
                    "outcome": -0.40281502493365895
                },
                "metadata": {
                    "trials": 1
                }
            },
            {
                "query": {
                    "x1": -0.8525093775259696,
                    "x2": -0.12434940371836056
                },
                "metrics": {
                    "outcome": -0.4058360239621289
                },
                "metadata": {
                    "trials": 1
                }
            },
            {
                "query": {
                    "x1": -0.8402230549543592,
                    "x2": -0.12496423887261998
                },
                "metrics": {
                    "outcome": -0.4083303610103543
                },
                "metadata": {
                    "trials": 1
                }
            }
        ],
        [
            {
                "query": {
                    "x1": -0.8691892665086067,
                    "x2": -0.12507787503219747
                },
                "metrics": {
                    "outcome": -0.4019896909021308
                },
                "metadata": {
                    "trials": 1
                }
            },
            {
                "query": {
                    "x1": -0.8564859925142643,
                    "x2": -0.1247637833529851
                },
                "metrics": {
                    "outcome": -0.40492574567649
                },
                "metadata": {
                    "trials": 1
                }
            },
            {
                "query": {
                    "x1": -0.844407683518843,
                    "x2": -0.12462161023717
                },
                "metrics": {
                    "outcome": -0.40751613769072054
                },
                "metadata": {
                    "trials": 1
                }
            }
        ],
        [
            {
                "query": {
                    "x1": -0.8743431259257515,
                    "x2": -0.12480705020410099
                },
                "metrics": {
                    "outcome": -0.40078302239090985
                },
                "metadata": {
                    "trials": 1
                }
            },
            {
                "query": {
                    "x1": -0.8617600276335764,
                    "x2": -0.1239271364869905
                },
                "metrics": {
                    "outcome": -0.403827804778283
                },
                "metadata": {
                    "trials": 1
                }
            },
            {
                "query": {
                    "x1": -0.8499473864407039,
                    "x2": -0.12518175238568596
                },
                "metrics": {
                    "outcome": -0.4063006563465348
                },
                "metadata": {
                    "trials": 1
                }
            }
        ],
        [
            {
                "query": {
                    "x1": -0.8753079754266044,
                    "x2": -0.1251652687807272
                },
                "metrics": {
                    "outcome": -0.40051266941047464
                },
                "metadata": {
                    "trials": 1
                }
            },
            {
                "query": {
                    "x1": -0.8623242412199268,
                    "x2": -0.12520560698512062
                },
                "metrics": {
                    "outcome": -0.40357074827281386
                },
                "metadata": {
                    "trials": 1
                }
            },
            {
                "query": {
                    "x1": -0.8509990016099547,
                    "x2": -0.12501565969728623
                },
                "metrics": {
                    "outcome": -0.4060932201250954
                },
                "metadata": {
                    "trials": 1
                }
            }
        ],
        [
            {
                "query": {
                    "x1": -0.862385933837585,
                    "x2": -0.1252955304680965
                },
                "metrics": {
                    "outcome": -0.4035475887676864
                },
                "metadata": {
                    "trials": 1
                }
            },
            {
                "query": {
                    "x1": -0.8504768513861787,
                    "x2": -0.1273556406410612
                },
                "metrics": {
                    "outcome": -0.40596496381901165
                },
                "metadata": {
                    "trials": 1
                }
            },
            {
                "query": {
                    "x1": -0.8324734023197389,
                    "x2": -0.12526416100368976
                },
                "metrics": {
                    "outcome": -0.409811868296294
                },
                "metadata": {
                    "trials": 1
                }
            }
        ],
        [
            {
                "query": {
                    "x1": -0.876810648183227,
                    "x2": -0.1252166077118413
                },
                "metrics": {
                    "outcome": -0.40014018526604067
                },
                "metadata": {
                    "trials": 1
                }
            },
            {
                "query": {
                    "x1": -0.8617282361477678,
                    "x2": -0.1254838420796669
                },
                "metrics": {
                    "outcome": -0.403678271112823
                },
                "metadata": {
                    "trials": 1
                }
            },
            {
                "query": {
                    "x1": -0.8507077335560673,
                    "x2": -0.12525099201739587
                },
                "metrics": {
                    "outcome": -0.40613157027537555
                },
                "metadata": {
                    "trials": 1
                }
            }
        ],
        [
            {
                "query": {
                    "x1": -0.885176234173692,
                    "x2": -0.12547314882751515
                },
                "metrics": {
                    "outcome": -0.39802160320471014
                },
                "metadata": {
                    "trials": 1
                }
            },
            {
                "query": {
                    "x1": -0.8680515816906409,
                    "x2": -0.12542055528962348
                },
                "metrics": {
                    "outcome": -0.40222324674675597
                },
                "metadata": {
                    "trials": 1
                }
            },
            {
                "query": {
                    "x1": -0.8553755358843296,
                    "x2": -0.1250443665688612
                },
                "metrics": {
                    "outcome": -0.40514182652810266
                },
                "metadata": {
                    "trials": 1
                }
            }
        ],
        [
            {
                "query": {
                    "x1": -0.8609469617976431,
                    "x2": -0.12530377355479372
                },
                "metrics": {
                    "outcome": -0.40387369588585437
                },
                "metadata": {
                    "trials": 1
                }
            },
            {
                "query": {
                    "x1": -0.8469890988458637,
                    "x2": -0.12622801039626275
                },
                "metrics": {
                    "outcome": -0.40681713311323814
                },
                "metadata": {
                    "trials": 1
                }
            },
            {
                "query": {
                    "x1": -0.8351239914383974,
                    "x2": -0.1255419335569874
                },
                "metrics": {
                    "outcome": -0.4092750191008085
                },
                "metadata": {
                    "trials": 1
                }
            }
        ],
        [
            {
                "query": {
                    "x1": -0.8661941760040139,
                    "x2": -0.1255895685119639
                },
                "metrics": {
                    "outcome": -0.4026404640073332
                },
                "metadata": {
                    "trials": 1
                }
            },
            {
                "query": {
                    "x1": -0.8543225676298154,
                    "x2": -0.12606321510219876
                },
                "metrics": {
                    "outcome": -0.40526851708399353
                },
                "metadata": {
                    "trials": 1
                }
            },
            {
                "query": {
                    "x1": -0.8420089631758754,
                    "x2": -0.12381861626069268
                },
                "metrics": {
                    "outcome": -0.40808705244716786
                },
                "metadata": {
                    "trials": 1
                }
            }
        ],
        [
            {
                "query": {
                    "x1": -0.8668931414866994,
                    "x2": -0.12511978196549767
                },
                "metrics": {
                    "outcome": -0.4025249327692177
                },
                "metadata": {
                    "trials": 1
                }
            },
            {
                "query": {
                    "x1": -0.8531791095728947,
                    "x2": -0.12532980999800558
                },
                "metrics": {
                    "outcome": -0.4055918454695234
                },
                "metadata": {
                    "trials": 1
                }
            },
            {
                "query": {
                    "x1": -0.840060030412656,
                    "x2": -0.12531077791928635
                },
                "metrics": {
                    "outcome": -0.4083275652535187
                },
                "metadata": {
                    "trials": 1
                }
            }
        ],
        [
            {
                "query": {
                    "x1": -0.8770024007475794,
                    "x2": -0.1251147615010586
                },
                "metrics": {
                    "outcome": -0.40010332064262666
                },
                "metadata": {
                    "trials": 1
                }
            },
            {
                "query": {
                    "x1": -0.8580375066165065,
                    "x2": -0.12455951846739266
                },
                "metrics": {
                    "outcome": -0.40460220564352006
                },
                "metadata": {
                    "trials": 1
                }
            },
            {
                "query": {
                    "x1": -0.8429072479186328,
                    "x2": -0.12543542018775367
                },
                "metrics": {
                    "outcome": -0.40774021861161386
                },
                "metadata": {
                    "trials": 1
                }
            }
        ],
        [
            {
                "query": {
                    "x1": -0.8733050842803494,
                    "x2": -0.125366155649695
                },
                "metrics": {
                    "outcome": -0.40097798201576007
                },
                "metadata": {
                    "trials": 1
                }
            },
            {
                "query": {
                    "x1": -0.8619057718799916,
                    "x2": -0.12563397124041775
                },
                "metrics": {
                    "outcome": -0.4036226863942875
                },
                "metadata": {
                    "trials": 1
                }
            },
            {
                "query": {
                    "x1": -0.8479765397882735,
                    "x2": -0.12448305660412262
                },
                "metrics": {
                    "outcome": -0.40678822838636775
                },
                "metadata": {
                    "trials": 1
                }
            }
        ],
        [
            {
                "query": {
                    "x1": -0.8799089895657144,
                    "x2": -0.1251722700792599
                },
                "metrics": {
                    "outcome": -0.3993788855098142
                },
                "metadata": {
                    "trials": 1
                }
            },
            {
                "query": {
                    "x1": -0.8676680025783194,
                    "x2": -0.1248837915221177
                },
                "metrics": {
                    "outcome": -0.4023673317242323
                },
                "metadata": {
                    "trials": 1
                }
            },
            {
                "query": {
                    "x1": -0.8524436163323608,
                    "x2": -0.12514139765791144
                },
                "metrics": {
                    "outcome": -0.40577003356598657
                },
                "metadata": {
                    "trials": 1
                }
            }
        ],
        [
            {
                "query": {
                    "x1": -0.8672278711060009,
                    "x2": -0.12579528346131053
                },
                "metrics": {
                    "outcome": -0.4023784789397523
                },
                "metadata": {
                    "trials": 1
                }
            },
            {
                "query": {
                    "x1": -0.8554857953710304,
                    "x2": -0.125681217113224
                },
                "metrics": {
                    "outcome": -0.40505294011064286
                },
                "metadata": {
                    "trials": 1
                }
            },
            {
                "query": {
                    "x1": -0.8202732448243188,
                    "x2": -0.12468065476929913
                },
                "metrics": {
                    "outcome": -0.4120909380014615
                },
                "metadata": {
                    "trials": 1
                }
            }
        ],
        [
            {
                "query": {
                    "x1": -0.8765659191021133,
                    "x2": -0.124948879443741
                },
                "metrics": {
                    "outcome": -0.40022699582848487
                },
                "metadata": {
                    "trials": 1
                }
            },
            {
                "query": {
                    "x1": -0.865418669671892,
                    "x2": -0.12505378962447455
                },
                "metrics": {
                    "outcome": -0.40287465222471863
                },
                "metadata": {
                    "trials": 1
                }
            },
            {
                "query": {
                    "x1": -0.8530648415499194,
                    "x2": -0.127210126587201
                },
                "metrics": {
                    "outcome": -0.40542403536828653
                },
                "metadata": {
                    "trials": 1
                }
            }
        ],
        [
            {
                "query": {
                    "x1": -0.8720655886035875,
                    "x2": -0.1252286071215969
                },
                "metrics": {
                    "outcome": -0.4012898734137224
                },
                "metadata": {
                    "trials": 1
                }
            },
            {
                "query": {
                    "x1": -0.8609962745105362,
                    "x2": -0.1252502043698258
                },
                "metrics": {
                    "outcome": -0.40386795443171974
                },
                "metadata": {
                    "trials": 1
                }
            },
            {
                "query": {
                    "x1": -0.8474828098592324,
                    "x2": -0.12588651548212115
                },
                "metrics": {
                    "outcome": -0.40674889437799666
                },
                "metadata": {
                    "trials": 1
                }
            }
        ],
        [
            {
                "query": {
                    "x1": -0.867373906709352,
                    "x2": -0.12538452939742384
                },
                "metrics": {
                    "outcome": -0.4023858179524143
                },
                "metadata": {
                    "trials": 1
                }
            },
            {
                "query": {
                    "x1": -0.8464030016832467,
                    "x2": -0.12545977605894
                },
                "metrics": {
                    "outcome": -0.4070180001358838
                },
                "metadata": {
                    "trials": 1
                }
            },
            {
                "query": {
                    "x1": -0.8299443492934486,
                    "x2": -0.12555434966922507
                },
                "metrics": {
                    "outcome": -0.41025836995809933
                },
                "metadata": {
                    "trials": 1
                }
            }
        ],
        [
            {
                "query": {
                    "x1": -0.8784273792553816,
                    "x2": -0.12568643369794263
                },
                "metrics": {
                    "outcome": -0.39969489737163916
                },
                "metadata": {
                    "trials": 1
                }
            },
            {
                "query": {
                    "x1": -0.8664030838795294,
                    "x2": -0.12569848101199232
                },
                "metrics": {
                    "outcome": -0.4025808085185782
                },
                "metadata": {
                    "trials": 1
                }
            },
            {
                "query": {
                    "x1": -0.8555716773158595,
                    "x2": -0.12614995401435225
                },
                "metrics": {
                    "outcome": -0.40498627110308094
                },
                "metadata": {
                    "trials": 1
                }
            }
        ],
        [
            {
                "query": {
                    "x1": -0.8694032689687541,
                    "x2": -0.12541812988079704
                },
                "metrics": {
                    "outcome": -0.401904833167773
                },
                "metadata": {
                    "trials": 1
                }
            },
            {
                "query": {
                    "x1": -0.8561787214133294,
                    "x2": -0.12641698819831304
                },
                "metrics": {
                    "outcome": -0.40482540813708595
                },
                "metadata": {
                    "trials": 1
                }
            },
            {
                "query": {
                    "x1": -0.8450586331727943,
                    "x2": -0.12491548898066673
                },
                "metrics": {
                    "outcome": -0.407352148237698
                },
                "metadata": {
                    "trials": 1
                }
            }
        ],
        [
            {
                "query": {
                    "x1": -0.8672702582211489,
                    "x2": -0.1252466845930904
                },
                "metrics": {
                    "outcome": -0.40242398099529664
                },
                "metadata": {
                    "trials": 1
                }
            },
            {
                "query": {
                    "x1": -0.8395183169115858,
                    "x2": -0.1256101173317572
                },
                "metrics": {
                    "outcome": -0.40840502450154426
                },
                "metadata": {
                    "trials": 1
                }
            },
            {
                "query": {
                    "x1": -0.8796813361262996,
                    "x2": -0.12514593198093715
                },
                "metrics": {
                    "outcome": -0.39943816267637244
                },
                "metadata": {
                    "trials": 1
                }
            }
        ],
        [
            {
                "query": {
                    "x1": -0.8577015878122991,
                    "x2": -0.12564436103666154
                },
                "metrics": {
                    "outcome": -0.40456714591613013
                },
                "metadata": {
                    "trials": 1
                }
            },
            {
                "query": {
                    "x1": -0.844643164882295,
                    "x2": -0.12471271544467966
                },
                "metrics": {
                    "outcome": -0.407458428168126
                },
                "metadata": {
                    "trials": 1
                }
            },
            {
                "query": {
                    "x1": -0.8317770854626776,
                    "x2": -0.12562780658572192
                },
                "metrics": {
                    "outcome": -0.4099064705674386
                },
                "metadata": {
                    "trials": 1
                }
            }
        ],
        [
            {
                "query": {
                    "x1": -0.8485208732887797,
                    "x2": -0.1264142930395673
                },
                "metrics": {
                    "outcome": -0.40647663087085195
                },
                "metadata": {
                    "trials": 1
                }
            },
            {
                "query": {
                    "x1": -0.8365776864421186,
                    "x2": -0.12584134644065048
                },
                "metrics": {
                    "outcome": -0.4089615398436748
                },
                "metadata": {
                    "trials": 1
                }
            },
            {
                "query": {
                    "x1": -0.8259725305117196,
                    "x2": -0.12578308056113863
                },
                "metrics": {
                    "outcome": -0.410965599883705
                },
                "metadata": {
                    "trials": 1
                }
            }
        ],
        [
            {
                "query": {
                    "x1": -0.8529205427557438,
                    "x2": -0.12642206290965374
                },
                "metrics": {
                    "outcome": -0.4055363056376793
                },
                "metadata": {
                    "trials": 1
                }
            },
            {
                "query": {
                    "x1": -0.8370528284835388,
                    "x2": -0.12638415343496567
                },
                "metrics": {
                    "outcome": -0.4088125724956698
                },
                "metadata": {
                    "trials": 1
                }
            },
            {
                "query": {
                    "x1": -0.8262774567291467,
                    "x2": -0.1265262578213815
                },
                "metrics": {
                    "outcome": -0.4108331995999107
                },
                "metadata": {
                    "trials": 1
                }
            }
        ],
        [
            {
                "query": {
                    "x1": -0.8643272418319272,
                    "x2": -0.12754378459015037
                },
                "metrics": {
                    "outcome": -0.40287343327047453
                },
                "metadata": {
                    "trials": 1
                }
            },
            {
                "query": {
                    "x1": -0.8536085930883905,
                    "x2": -0.12825632144025323
                },
                "metrics": {
                    "outcome": -0.40519784444634616
                },
                "metadata": {
                    "trials": 1
                }
            },
            {
                "query": {
                    "x1": -0.8421878498041451,
                    "x2": -0.12773003060392796
                },
                "metrics": {
                    "outcome": -0.40764950703097186
                },
                "metadata": {
                    "trials": 1
                }
            }
        ],
        [
            {
                "query": {
                    "x1": -0.8785718213371092,
                    "x2": -0.12758740966951598
                },
                "metrics": {
                    "outcome": -0.3994668034228614
                },
                "metadata": {
                    "trials": 1
                }
            },
            {
                "query": {
                    "x1": -0.8638250797705658,
                    "x2": -0.1275880617946934
                },
                "metrics": {
                    "outcome": -0.40298438422922844
                },
                "metadata": {
                    "trials": 1
                }
            },
            {
                "query": {
                    "x1": -0.8462661780094642,
                    "x2": -0.1282769151667047
                },
                "metrics": {
                    "outcome": -0.40675560677439143
                },
                "metadata": {
                    "trials": 1
                }
            }
        ]
    ],
    "best_results": [
        {
            "query": {
                "x1": -0.7861029547949632,
                "x2": -0.10307344235479832
            },
            "metrics": [
                {
                    "name": "outcome",
                    "value": -0.419266090635758
                }
            ]
        }
    ]
}