{
    "date": "05/11/2022 12:07:19",
    "basic_params": {
        "active_variables": [
            "x1",
            "x2"
        ],
        "default_query": {},
        "metric": "basic",
        "n_trials": 1
    },
    "objective_function": {
        "name": "McCormick",
        "params": {}
    },
    "optimizer": {
        "name": "BBO-LP(LCBa)-FoD",
        "params": {
            "lower_bound": [
                -1.5,
                -3.0
            ],
            "upper_bound": [
                4.0,
                4.0
            ],
            "invert_metric": false,
            "bopt_params": {
                "n_init_samples": 12,
                "n_iterations": 23,
                "n_iter_relearn": 5,
                "verbose_level": 0,
                "n_parallel_samples": 6,
                "fixed_dataset_size": 50,
                "par_type": "PAR_BBO",
                "crit_name": "cLP(cLCBa)",
                "n_crit_params": 3,
                "crit_params": [
                    6,
                    1,
                    5.0
                ]
            }
        }
    },
    "iterations": [
        [
            {
                "query": {
                    "x1": -1.3594851744322416,
                    "x2": 0.47656298572352807
                },
                "metrics": {
                    "outcome": 6.829110610979404
                },
                "metadata": {
                    "trials": 1
                }
            }
        ],
        [
            {
                "query": {
                    "x1": -0.6047828499771034,
                    "x2": -2.9008917802905976
                },
                "metrics": {
                    "outcome": 0.2831526408909326
                },
                "metadata": {
                    "trials": 1
                }
            }
        ],
        [
            {
                "query": {
                    "x1": 0.3273065011987153,
                    "x2": -1.9183827979722992
                },
                "metrics": {
                    "outcome": -0.24359068677422435
                },
                "metadata": {
                    "trials": 1
                }
            }
        ],
        [
            {
                "query": {
                    "x1": 2.385017677588621,
                    "x2": -0.14374679245520383
                },
                "metrics": {
                    "outcome": 4.241283130988224
                },
                "metadata": {
                    "trials": 1
                }
            }
        ],
        [
            {
                "query": {
                    "x1": 3.4512637534159385,
                    "x2": 0.6278749175641374
                },
                "metrics": {
                    "outcome": 4.558207841466708
                },
                "metadata": {
                    "trials": 1
                }
            }
        ],
        [
            {
                "query": {
                    "x1": 1.9738613844965585,
                    "x2": 1.2926510021789
                },
                "metrics": {
                    "outcome": 1.610287921341254
                },
                "metadata": {
                    "trials": 1
                }
            }
        ],
        [
            {
                "query": {
                    "x1": -0.5578514207542563,
                    "x2": 3.6854254208155908
                },
                "metrics": {
                    "outcome": 29.069757231742496
                },
                "metadata": {
                    "trials": 1
                }
            }
        ],
        [
            {
                "query": {
                    "x1": 0.468971865309868,
                    "x2": 2.979585635611633
                },
                "metrics": {
                    "outcome": 13.746521036709648
                },
                "metadata": {
                    "trials": 1
                }
            }
        ],
        [
            {
                "query": {
                    "x1": 2.7418592806498054,
                    "x2": -1.1660307307805244
                },
                "metrics": {
                    "outcome": 10.243725931903107
                },
                "metadata": {
                    "trials": 1
                }
            }
        ],
        [
            {
                "query": {
                    "x1": 3.8372703117008005,
                    "x2": 2.217147587391082
                },
                "metrics": {
                    "outcome": 3.184983925417073
                },
                "metadata": {
                    "trials": 1
                }
            }
        ],
        [
            {
                "query": {
                    "x1": 1.3881149264731598,
                    "x2": 2.6569577136348617
                },
                "metrics": {
                    "outcome": 6.3846985564987495
                },
                "metadata": {
                    "trials": 1
                }
            }
        ],
        [
            {
                "query": {
                    "x1": 1.149370634249256,
                    "x2": -1.3657849382143468
                },
                "metrics": {
                    "outcome": 1.9727603007313625
                },
                "metadata": {
                    "trials": 1
                }
            }
        ],
        [
            {
                "query": {
                    "x1": -0.7796046016413821,
                    "x2": -1.881345279862705
                },
                "metrics": {
                    "outcome": -1.7824729908324533
                },
                "metadata": {
                    "trials": 1
                }
            },
            {
                "query": {
                    "x1": -0.9239686716656947,
                    "x2": -1.9131525216071035
                },
                "metrics": {
                    "outcome": -1.7182325948570187
                },
                "metadata": {
                    "trials": 1
                }
            },
            {
                "query": {
                    "x1": -0.6418859460435267,
                    "x2": -1.839622104289468
                },
                "metrics": {
                    "outcome": -1.8148381225833612
                },
                "metadata": {
                    "trials": 1
                }
            },
            {
                "query": {
                    "x1": -1.0706187531834297,
                    "x2": -1.9451756959166706
                },
                "metrics": {
                    "outcome": -1.617627934150363
                },
                "metadata": {
                    "trials": 1
                }
            },
            {
                "query": {
                    "x1": -0.6823464260532547,
                    "x2": -1.9970104720562922
                },
                "metrics": {
                    "outcome": -1.6866153372266166
                },
                "metadata": {
                    "trials": 1
                }
            },
            {
                "query": {
                    "x1": -0.7349861461322295,
                    "x2": -1.722062497809517
                },
                "metrics": {
                    "outcome": -1.8606771194247225
                },
                "metadata": {
                    "trials": 1
                }
            }
        ],
        [
            {
                "query": {
                    "x1": -0.19406639941175374,
                    "x2": -1.1891969600012204
                },
                "metrics": {
                    "outcome": -1.674075135604995
                },
                "metadata": {
                    "trials": 1
                }
            },
            {
                "query": {
                    "x1": -0.334372457520995,
                    "x2": -1.1925327345710355
                },
                "metrics": {
                    "outcome": -1.7423710278076086
                },
                "metadata": {
                    "trials": 1
                }
            },
            {
                "query": {
                    "x1": -0.057419803954079196,
                    "x2": -1.157241749784918
                },
                "metrics": {
                    "outcome": -1.5346178050148231
                },
                "metadata": {
                    "trials": 1
                }
            },
            {
                "query": {
                    "x1": -1.5,
                    "x2": -1.4051876189325505
                },
                "metrics": {
                    "outcome": -0.4881888313145355
                },
                "metadata": {
                    "trials": 1
                }
            },
            {
                "query": {
                    "x1": -0.2613710454621525,
                    "x2": -1.3362800953686067
                },
                "metrics": {
                    "outcome": -1.7928536358094411
                },
                "metadata": {
                    "trials": 1
                }
            },
            {
                "query": {
                    "x1": -0.2647169147674142,
                    "x2": -1.0455511551941743
                },
                "metrics": {
                    "outcome": -1.5733544435559503
                },
                "metadata": {
                    "trials": 1
                }
            }
        ],
        [
            {
                "query": {
                    "x1": 4.0,
                    "x2": 4.0
                },
                "metrics": {
                    "outcome": 5.9893582466233815
                },
                "metadata": {
                    "trials": 1
                }
            },
            {
                "query": {
                    "x1": -1.5,
                    "x2": -2.669045753666313
                },
                "metrics": {
                    "outcome": -1.1999613919900902
                },
                "metadata": {
                    "trials": 1
                }
            },
            {
                "query": {
                    "x1": -1.5,
                    "x2": -2.8779464006922657
                },
                "metrics": {
                    "outcome": -1.1015362930373032
                },
                "metadata": {
                    "trials": 1
                }
            },
            {
                "query": {
                    "x1": 3.7373918803943607,
                    "x2": 4.0
                },
                "metrics": {
                    "outcome": 6.456086314012419
                },
                "metadata": {
                    "trials": 1
                }
            },
            {
                "query": {
                    "x1": -1.4999999999999996,
                    "x2": -2.474141110029819
                },
                "metrics": {
                    "outcome": -1.2467530083935596
                },
                "metadata": {
                    "trials": 1
                }
            },
            {
                "query": {
                    "x1": -1.3748594307484356,
                    "x2": -2.5523219114650533
                },
                "metrics": {
                    "outcome": -1.2248562490133894
                },
                "metadata": {
                    "trials": 1
                }
            }
        ],
        [
            {
                "query": {
                    "x1": 0.5968105105101098,
                    "x2": -0.19371496736554272
                },
                "metrics": {
                    "outcome": 0.637695003015138
                },
                "metadata": {
                    "trials": 1
                }
            },
            {
                "query": {
                    "x1": 4.0,
                    "x2": -3.0
                },
                "metrics": {
                    "outcome": 37.3414709848079
                },
                "metadata": {
                    "trials": 1
                }
            },
            {
                "query": {
                    "x1": 1.3360177696027562,
                    "x2": -3.0
                },
                "metrics": {
                    "outcome": 9.301362109250762
                },
                "metadata": {
                    "trials": 1
                }
            },
            {
                "query": {
                    "x1": 0.7561905880726587,
                    "x2": 0.02133210938631791
                },
                "metrics": {
                    "outcome": 1.160577490120025
                },
                "metadata": {
                    "trials": 1
                }
            },
            {
                "query": {
                    "x1": 1.613393929089951,
                    "x2": -3.0
                },
                "metrics": {
                    "outcome": 11.380227773340629
                },
                "metadata": {
                    "trials": 1
                }
            },
            {
                "query": {
                    "x1": 1.06333033969447,
                    "x2": -3.0
                },
                "metrics": {
                    "outcome": 7.481846270749445
                },
                "metadata": {
                    "trials": 1
                }
            }
        ],
        [
            {
                "query": {
                    "x1": -0.8606281628455962,
                    "x2": -1.2390166011929469
                },
                "metrics": {
                    "outcome": -1.526810100110172
                },
                "metadata": {
                    "trials": 1
                }
            },
            {
                "query": {
                    "x1": -0.8774930861980889,
                    "x2": -1.149835408349653
                },
                "metrics": {
                    "outcome": -1.3817651952475418
                },
                "metadata": {
                    "trials": 1
                }
            },
            {
                "query": {
                    "x1": -0.8285539169310991,
                    "x2": -1.3142856914211862
                },
                "metrics": {
                    "outcome": -1.6477445946561091
                },
                "metadata": {
                    "trials": 1
                }
            },
            {
                "query": {
                    "x1": -0.8894528796663771,
                    "x2": -1.051302964484259
                },
                "metrics": {
                    "outcome": -1.2002246257464786
                },
                "metadata": {
                    "trials": 1
                }
            },
            {
                "query": {
                    "x1": -0.8862187059960855,
                    "x2": -1.3155398990442961
                },
                "metrics": {
                    "outcome": -1.582665214923515
                },
                "metadata": {
                    "trials": 1
                }
            },
            {
                "query": {
                    "x1": -0.7965099962583879,
                    "x2": -1.2543450800322482
                },
                "metrics": {
                    "outcome": -1.6184525337136817
                },
                "metadata": {
                    "trials": 1
                }
            }
        ],
        [
            {
                "query": {
                    "x1": -0.485162309770347,
                    "x2": -1.5587891388355404
                },
                "metrics": {
                    "outcome": -1.9066897558284488
                },
                "metadata": {
                    "trials": 1
                }
            },
            {
                "query": {
                    "x1": -0.4588618673844147,
                    "x2": -1.5722139002650493
                },
                "metrics": {
                    "outcome": -1.8986176057701947
                },
                "metadata": {
                    "trials": 1
                }
            },
            {
                "query": {
                    "x1": -0.5112934082398638,
                    "x2": -1.5471466609306481
                },
                "metrics": {
                    "outcome": -1.911373902945177
                },
                "metadata": {
                    "trials": 1
                }
            },
            {
                "query": {
                    "x1": -0.48967533960202925,
                    "x2": -1.5255519170452536
                },
                "metrics": {
                    "outcome": -1.909181979475906
                },
                "metadata": {
                    "trials": 1
                }
            },
            {
                "query": {
                    "x1": -0.5049892505262359,
                    "x2": -1.5809693330883017
                },
                "metrics": {
                    "outcome": -1.9074191125651612
                },
                "metadata": {
                    "trials": 1
                }
            },
            {
                "query": {
                    "x1": -0.4632997158351777,
                    "x2": -1.5377673891438024
                },
                "metrics": {
                    "outcome": -1.903840954955816
                },
                "metadata": {
                    "trials": 1
                }
            }
        ],
        [
            {
                "query": {
                    "x1": -0.6597697498822491,
                    "x2": -1.5537172211757415
                },
                "metrics": {
                    "outcome": -1.8959823626077421
                },
                "metadata": {
                    "trials": 1
                }
            },
            {
                "query": {
                    "x1": -0.6765600290616567,
                    "x2": -1.5575664321856393
                },
                "metrics": {
                    "outcome": -1.8908498478231146
                },
                "metadata": {
                    "trials": 1
                }
            },
            {
                "query": {
                    "x1": -0.6434532533261077,
                    "x2": -1.5471819672386697
                },
                "metrics": {
                    "outcome": -1.900021504241673
                },
                "metadata": {
                    "trials": 1
                }
            },
            {
                "query": {
                    "x1": -0.6472861404805003,
                    "x2": -1.5681286835198356
                },
                "metrics": {
                    "outcome": -1.9007705766772145
                },
                "metadata": {
                    "trials": 1
                }
            },
            {
                "query": {
                    "x1": -0.6557903411532204,
                    "x2": -1.5330120513110266
                },
                "metrics": {
                    "outcome": -1.8943620717263934
                },
                "metadata": {
                    "trials": 1
                }
            },
            {
                "query": {
                    "x1": -0.6377533916095153,
                    "x2": -1.5284597660957313
                },
                "metrics": {
                    "outcome": -1.89907627180206
                },
                "metadata": {
                    "trials": 1
                }
            }
        ],
        [
            {
                "query": {
                    "x1": -1.5,
                    "x2": 0.426937580768767
                },
                "metrics": {
                    "outcome": 7.151765661822565
                },
                "metadata": {
                    "trials": 1
                }
            },
            {
                "query": {
                    "x1": -1.2173500038022382,
                    "x2": 0.4244133515926771
                },
                "metrics": {
                    "outcome": 5.870028144469379
                },
                "metadata": {
                    "trials": 1
                }
            },
            {
                "query": {
                    "x1": -0.9414763002723974,
                    "x2": 0.4077989957109631
                },
                "metrics": {
                    "outcome": 4.743553043657691
                },
                "metadata": {
                    "trials": 1
                }
            },
            {
                "query": {
                    "x1": -1.5,
                    "x2": 0.09790434321125296
                },
                "metrics": {
                    "outcome": 5.062255389494018
                },
                "metadata": {
                    "trials": 1
                }
            },
            {
                "query": {
                    "x1": -0.6806327825545991,
                    "x2": 0.38763232579660123
                },
                "metrics": {
                    "outcome": 3.842394227117051
                },
                "metadata": {
                    "trials": 1
                }
            },
            {
                "query": {
                    "x1": -1.2500914556530713,
                    "x2": 0.10601349526304205
                },
                "metrics": {
                    "outcome": 4.068862689462623
                },
                "metadata": {
                    "trials": 1
                }
            }
        ],
        [
            {
                "query": {
                    "x1": -1.5,
                    "x2": 3.999999999999999
                },
                "metrics": {
                    "outcome": 44.09847214410395
                },
                "metadata": {
                    "trials": 1
                }
            },
            {
                "query": {
                    "x1": -1.2326363630690926,
                    "x2": 4.0
                },
                "metrics": {
                    "outcome": 40.59499286713943
                },
                "metadata": {
                    "trials": 1
                }
            },
            {
                "query": {
                    "x1": -1.5,
                    "x2": 3.674328889683899
                },
                "metrics": {
                    "outcome": 40.03283751716182
                },
                "metadata": {
                    "trials": 1
                }
            },
            {
                "query": {
                    "x1": -0.964253740063171,
                    "x2": 4.0
                },
                "metrics": {
                    "outcome": 37.19584466920636
                },
                "metadata": {
                    "trials": 1
                }
            },
            {
                "query": {
                    "x1": -1.2260056700971216,
                    "x2": 3.6709419808934367
                },
                "metrics": {
                    "outcome": 36.63811647464526
                },
                "metadata": {
                    "trials": 1
                }
            },
            {
                "query": {
                    "x1": 4.0,
                    "x2": 1.0013594392213205
                },
                "metrics": {
                    "outcome": 5.5367060436008355
                },
                "metadata": {
                    "trials": 1
                }
            }
        ],
        [
            {
                "query": {
                    "x1": 1.6857619056700361,
                    "x2": 1.6181039149993577
                },
                "metrics": {
                    "outcome": 2.359632607074111
                },
                "metadata": {
                    "trials": 1
                }
            },
            {
                "query": {
                    "x1": 1.8838346067985912,
                    "x2": 1.755357097445148
                },
                "metrics": {
                    "outcome": 2.101830176311615
                },
                "metadata": {
                    "trials": 1
                }
            },
            {
                "query": {
                    "x1": 1.4662095692360677,
                    "x2": 1.5593170796544573
                },
                "metrics": {
                    "outcome": 2.823452940282649
                },
                "metadata": {
                    "trials": 1
                }
            },
            {
                "query": {
                    "x1": 1.8651387866527882,
                    "x2": 1.452589405159257
                },
                "metrics": {
                    "outcome": 1.8287361053645763
                },
                "metadata": {
                    "trials": 1
                }
            },
            {
                "query": {
                    "x1": 1.548088031937914,
                    "x2": 1.8341239069986353
                },
                "metrics": {
                    "outcome": 3.106690125229392
                },
                "metadata": {
                    "trials": 1
                }
            },
            {
                "query": {
                    "x1": 1.6308025678515512,
                    "x2": 1.3474071869174695
                },
                "metrics": {
                    "outcome": 2.1652840360899694
                },
                "metadata": {
                    "trials": 1
                }
            }
        ],
        [
            {
                "query": {
                    "x1": 0.7776262499990882,
                    "x2": -1.1376365419999193
                },
                "metrics": {
                    "outcome": 0.3054169669100837
                },
                "metadata": {
                    "trials": 1
                }
            },
            {
                "query": {
                    "x1": 0.6422241507398714,
                    "x2": -1.1764244309396257
                },
                "metrics": {
                    "outcome": -0.10606754242483407
                },
                "metadata": {
                    "trials": 1
                }
            },
            {
                "query": {
                    "x1": 0.9137116209423195,
                    "x2": -1.0895742706501306
                },
                "metrics": {
                    "outcome": 0.7436937086477986
                },
                "metadata": {
                    "trials": 1
                }
            },
            {
                "query": {
                    "x1": 0.7224891348187703,
                    "x2": -1.2936883006816124
                },
                "metrics": {
                    "outcome": 0.2063757580824621
                },
                "metadata": {
                    "trials": 1
                }
            },
            {
                "query": {
                    "x1": 1.056081987946449,
                    "x2": -1.0259608841021328
                },
                "metrics": {
                    "outcome": 1.2159938782072155
                },
                "metadata": {
                    "trials": 1
                }
            },
            {
                "query": {
                    "x1": 0.6753069852570861,
                    "x2": -1.0288687811045707
                },
                "metrics": {
                    "outcome": -0.02715886713626392
                },
                "metadata": {
                    "trials": 1
                }
            }
        ],
        [
            {
                "query": {
                    "x1": 4.0,
                    "x2": 3.999999999999999
                },
                "metrics": {
                    "outcome": 5.989358246623381
                },
                "metadata": {
                    "trials": 1
                }
            },
            {
                "query": {
                    "x1": 3.808720360852309,
                    "x2": 4.0
                },
                "metrics": {
                    "outcome": 6.3224832425019
                },
                "metadata": {
                    "trials": 1
                }
            },
            {
                "query": {
                    "x1": 4.0,
                    "x2": 3.7585355039150503
                },
                "metrics": {
                    "outcome": 5.450092337712267
                },
                "metadata": {
                    "trials": 1
                }
            },
            {
                "query": {
                    "x1": 3.8073980374301586,
                    "x2": 3.7566927433906443
                },
                "metrics": {
                    "outcome": 5.6414809097634135
                },
                "metadata": {
                    "trials": 1
                }
            },
            {
                "query": {
                    "x1": 3.6185461397199665,
                    "x2": 4.0
                },
                "metrics": {
                    "outcome": 6.690100685274821
                },
                "metadata": {
                    "trials": 1
                }
            },
            {
                "query": {
                    "x1": 4.0,
                    "x2": 3.5201736876679597
                },
                "metrics": {
                    "outcome": 4.975469058219468
                },
                "metadata": {
                    "trials": 1
                }
            }
        ],
        [
            {
                "query": {
                    "x1": -1.5,
                    "x2": -2.8261080226673565
                },
                "metrics": {
                    "outcome": -1.1303909718251886
                },
                "metadata": {
                    "trials": 1
                }
            },
            {
                "query": {
                    "x1": -1.3608877982913687,
                    "x2": -2.891953831923192
                },
                "metrics": {
                    "outcome": -0.9481363242730252
                },
                "metadata": {
                    "trials": 1
                }
            },
            {
                "query": {
                    "x1": -1.5,
                    "x2": -2.6471846118851134
                },
                "metrics": {
                    "outcome": -1.2074498353073855
                },
                "metadata": {
                    "trials": 1
                }
            },
            {
                "query": {
                    "x1": -1.372017273461996,
                    "x2": -2.7137844135317457
                },
                "metrics": {
                    "outcome": -1.1160626882153117
                },
                "metadata": {
                    "trials": 1
                }
            },
            {
                "query": {
                    "x1": -1.21756305177373,
                    "x2": -2.9166978973188247
                },
                "metrics": {
                    "outcome": -0.7408538749077902
                },
                "metadata": {
                    "trials": 1
                }
            },
            {
                "query": {
                    "x1": -1.2393673773679983,
                    "x2": -2.74214605046536
                },
                "metrics": {
                    "outcome": -0.9933800824084491
                },
                "metadata": {
                    "trials": 1
                }
            }
        ],
        [
            {
                "query": {
                    "x1": 4.0,
                    "x2": -3.0
                },
                "metrics": {
                    "outcome": 37.3414709848079
                },
                "metadata": {
                    "trials": 1
                }
            },
            {
                "query": {
                    "x1": 3.8211463103511223,
                    "x2": -3.0
                },
                "metrics": {
                    "outcome": 35.028244908104554
                },
                "metadata": {
                    "trials": 1
                }
            },
            {
                "query": {
                    "x1": 3.643244410838861,
                    "x2": -3.0
                },
                "metrics": {
                    "outcome": 32.76762430775404
                },
                "metadata": {
                    "trials": 1
                }
            },
            {
                "query": {
                    "x1": 4.0,
                    "x2": -2.7797960952987366
                },
                "metrics": {
                    "outcome": 34.95531426336045
                },
                "metadata": {
                    "trials": 1
                }
            },
            {
                "query": {
                    "x1": 3.4662103147801435,
                    "x2": -3.0
                },
                "metrics": {
                    "outcome": 30.5620646409934
                },
                "metadata": {
                    "trials": 1
                }
            },
            {
                "query": {
                    "x1": 3.8233171335786285,
                    "x2": -2.7811582117820453
                },
                "metrics": {
                    "outcome": 32.794718464187675
                },
                "metadata": {
                    "trials": 1
                }
            }
        ],
        [
            {
                "query": {
                    "x1": 0.23089230749729706,
                    "x2": -2.8501017133392312
                },
                "metrics": {
                    "outcome": 2.521984458951624
                },
                "metadata": {
                    "trials": 1
                }
            },
            {
                "query": {
                    "x1": 0.31982460588103234,
                    "x2": -3.0
                },
                "metrics": {
                    "outcome": 3.5962809054251714
                },
                "metadata": {
                    "trials": 1
                }
            },
            {
                "query": {
                    "x1": 0.15341231659332366,
                    "x2": -2.687016539507939
                },
                "metrics": {
                    "outcome": 1.5491587395385729
                },
                "metadata": {
                    "trials": 1
                }
            },
            {
                "query": {
                    "x1": 0.15070020728897782,
                    "x2": -3.0
                },
                "metrics": {
                    "outcome": 2.9127128938584033
                },
                "metadata": {
                    "trials": 1
                }
            },
            {
                "query": {
                    "x1": 0.29640240679217467,
                    "x2": -2.684986142913275
                },
                "metrics": {
                    "outcome": 2.0477714543574974
                },
                "metadata": {
                    "trials": 1
                }
            },
            {
                "query": {
                    "x1": 0.07940383998017309,
                    "x2": -2.8316451331416874
                },
                "metrics": {
                    "outcome": 1.8963991285195565
                },
                "metadata": {
                    "trials": 1
                }
            }
        ],
        [
            {
                "query": {
                    "x1": -0.6067976239737076,
                    "x2": -0.8615243683701119
                },
                "metrics": {
                    "outcome": -1.173482869050976
                },
                "metadata": {
                    "trials": 1
                }
            },
            {
                "query": {
                    "x1": -0.7118463757060745,
                    "x2": -0.8874572926557152
                },
                "metrics": {
                    "outcome": -1.1196281671838535
                },
                "metadata": {
                    "trials": 1
                }
            },
            {
                "query": {
                    "x1": -0.5033390100378481,
                    "x2": -0.8369136792545091
                },
                "metrics": {
                    "outcome": -1.199545937136922
                },
                "metadata": {
                    "trials": 1
                }
            },
            {
                "query": {
                    "x1": -0.8137876212673965,
                    "x2": -0.9128903673318263
                },
                "metrics": {
                    "outcome": -1.0395981679016804
                },
                "metadata": {
                    "trials": 1
                }
            },
            {
                "query": {
                    "x1": -0.4055361717533501,
                    "x2": -0.8145001351752361
                },
                "metrics": {
                    "outcome": -1.1998063893520055
                },
                "metadata": {
                    "trials": 1
                }
            },
            {
                "query": {
                    "x1": -1.5,
                    "x2": -1.2306187070186998
                },
                "metrics": {
                    "outcome": -0.1534828520075473
                },
                "metadata": {
                    "trials": 1
                }
            }
        ],
        [
            {
                "query": {
                    "x1": -0.5745629837623077,
                    "x2": -1.6835178435524756
                },
                "metrics": {
                    "outcome": -1.8901409378874918
                },
                "metadata": {
                    "trials": 1
                }
            },
            {
                "query": {
                    "x1": -0.6451374585096157,
                    "x2": -1.7101005038304775
                },
                "metrics": {
                    "outcome": -1.881181608844745
                },
                "metadata": {
                    "trials": 1
                }
            },
            {
                "query": {
                    "x1": -0.5040921283462857,
                    "x2": -1.657893425622043
                },
                "metrics": {
                    "outcome": -1.8876163899663494
                },
                "metadata": {
                    "trials": 1
                }
            },
            {
                "query": {
                    "x1": -0.5280673820370202,
                    "x2": -1.7474283358833678
                },
                "metrics": {
                    "outcome": -1.8514349529553038
                },
                "metadata": {
                    "trials": 1
                }
            },
            {
                "query": {
                    "x1": -0.5610811781776748,
                    "x2": -1.5984275693882541
                },
                "metrics": {
                    "outcome": -1.9100159698539723
                },
                "metadata": {
                    "trials": 1
                }
            },
            {
                "query": {
                    "x1": -0.6298237344786393,
                    "x2": -1.6233056320946184
                },
                "metrics": {
                    "outcome": -1.9026258023801068
                },
                "metadata": {
                    "trials": 1
                }
            }
        ],
        [
            {
                "query": {
                    "x1": -1.5,
                    "x2": 0.32481825342553794
                },
                "metrics": {
                    "outcome": 6.469247397034351
                },
                "metadata": {
                    "trials": 1
                }
            },
            {
                "query": {
                    "x1": -1.3031250111178139,
                    "x2": 0.3378193536767906
                },
                "metrics": {
                    "outcome": 5.669711384708079
                },
                "metadata": {
                    "trials": 1
                }
            },
            {
                "query": {
                    "x1": -1.1081667455757225,
                    "x2": 0.346385174052239
                },
                "metrics": {
                    "outcome": 4.953722642081251
                },
                "metadata": {
                    "trials": 1
                }
            },
            {
                "query": {
                    "x1": -0.9171528990255337,
                    "x2": 0.35278033549738996
                },
                "metrics": {
                    "outcome": 4.335524822463613
                },
                "metadata": {
                    "trials": 1
                }
            },
            {
                "query": {
                    "x1": -1.4128704006712134,
                    "x2": 0.5263562204468508
                },
                "metrics": {
                    "outcome": 7.420923026167255
                },
                "metadata": {
                    "trials": 1
                }
            },
            {
                "query": {
                    "x1": -0.7307292930979116,
                    "x2": 0.3570623277086544
                },
                "metrics": {
                    "outcome": 3.807008564057304
                },
                "metadata": {
                    "trials": 1
                }
            }
        ],
        [
            {
                "query": {
                    "x1": -1.5,
                    "x2": 4.0
                },
                "metrics": {
                    "outcome": 44.09847214410396
                },
                "metadata": {
                    "trials": 1
                }
            },
            {
                "query": {
                    "x1": -1.314065462061304,
                    "x2": 4.0
                },
                "metrics": {
                    "outcome": 41.65044330640025
                },
                "metadata": {
                    "trials": 1
                }
            },
            {
                "query": {
                    "x1": -1.1296427657248993,
                    "x2": 4.0
                },
                "metrics": {
                    "outcome": 39.27562094655655
                },
                "metadata": {
                    "trials": 1
                }
            },
            {
                "query": {
                    "x1": -0.946877550423994,
                    "x2": 4.0
                },
                "metrics": {
                    "outcome": 36.98026866465348
                },
                "metadata": {
                    "trials": 1
                }
            },
            {
                "query": {
                    "x1": -0.765843446634188,
                    "x2": 4.0
                },
                "metrics": {
                    "outcome": 34.769597153799694
                },
                "metadata": {
                    "trials": 1
                }
            },
            {
                "query": {
                    "x1": -1.5,
                    "x2": 3.7787518582265305
                },
                "metrics": {
                    "outcome": 41.32179377009561
                },
                "metadata": {
                    "trials": 1
                }
            }
        ],
        [
            {
                "query": {
                    "x1": 4.0,
                    "x2": 0.8074430694536288
                },
                "metrics": {
                    "outcome": 6.215541667850644
                },
                "metadata": {
                    "trials": 1
                }
            },
            {
                "query": {
                    "x1": 3.838568679463524,
                    "x2": 0.818364777687183
                },
                "metrics": {
                    "outcome": 5.4112277968315645
                },
                "metadata": {
                    "trials": 1
                }
            },
            {
                "query": {
                    "x1": 3.67743487956648,
                    "x2": 0.8304579659030056
                },
                "metrics": {
                    "outcome": 4.686106711723154
                },
                "metadata": {
                    "trials": 1
                }
            },
            {
                "query": {
                    "x1": 3.9322902310118026,
                    "x2": 0.9837338879687278
                },
                "metrics": {
                    "outcome": 5.275545968030812
                },
                "metadata": {
                    "trials": 1
                }
            },
            {
                "query": {
                    "x1": 4.0,
                    "x2": 0.6132837530342101
                },
                "metrics": {
                    "outcome": 7.007963224879882
                },
                "metadata": {
                    "trials": 1
                }
            },
            {
                "query": {
                    "x1": 3.516939516408919,
                    "x2": 0.8463259002766117
                },
                "metrics": {
                    "outcome": 4.032909682639723
                },
                "metadata": {
                    "trials": 1
                }
            }
        ],
        [
            {
                "query": {
                    "x1": 1.2046850591690745,
                    "x2": -0.8213360210422449
                },
                "metrics": {
                    "outcome": 1.6184222928415797
                },
                "metadata": {
                    "trials": 1
                }
            },
            {
                "query": {
                    "x1": 1.1084970168283363,
                    "x2": -0.9498794608570487
                },
                "metrics": {
                    "outcome": 1.357422814848857
                },
                "metadata": {
                    "trials": 1
                }
            },
            {
                "query": {
                    "x1": 1.2879657826307658,
                    "x2": -0.6791546875504268
                },
                "metrics": {
                    "outcome": 1.8116201232803344
                },
                "metadata": {
                    "trials": 1
                }
            },
            {
                "query": {
                    "x1": 1.1493743257093874,
                    "x2": -0.6645385052170134
                },
                "metrics": {
                    "outcome": 1.3709351142612838
                },
                "metadata": {
                    "trials": 1
                }
            },
            {
                "query": {
                    "x1": 1.3381691714273747,
                    "x2": -0.843883559826621
                },
                "metrics": {
                    "outcome": 2.1187943559354405
                },
                "metadata": {
                    "trials": 1
                }
            },
            {
                "query": {
                    "x1": 1.0046531574514797,
                    "x2": -1.0515854614376468
                },
                "metrics": {
                    "outcome": 1.0452587913269022
                },
                "metadata": {
                    "trials": 1
                }
            }
        ],
        [
            {
                "query": {
                    "x1": 4.0,
                    "x2": 3.999999999999999
                },
                "metrics": {
                    "outcome": 5.989358246623381
                },
                "metadata": {
                    "trials": 1
                }
            },
            {
                "query": {
                    "x1": 3.845503509066848,
                    "x2": 4.0
                },
                "metrics": {
                    "outcome": 6.255577963024683
                },
                "metadata": {
                    "trials": 1
                }
            },
            {
                "query": {
                    "x1": 4.0,
                    "x2": 3.8049260743722506
                },
                "metrics": {
                    "outcome": 5.549166039698466
                },
                "metadata": {
                    "trials": 1
                }
            },
            {
                "query": {
                    "x1": 3.6925569178317446,
                    "x2": 3.999999999999999
                },
                "metrics": {
                    "outcome": 6.542685170312376
                },
                "metadata": {
                    "trials": 1
                }
            },
            {
                "query": {
                    "x1": 3.8449166714992966,
                    "x2": 3.8042025063162344
                },
                "metrics": {
                    "outcome": 5.723877876455607
                },
                "metadata": {
                    "trials": 1
                }
            },
            {
                "query": {
                    "x1": 4.0,
                    "x2": 3.6130270626014607
                },
                "metrics": {
                    "outcome": 5.153426339001808
                },
                "metadata": {
                    "trials": 1
                }
            }
        ],
        [
            {
                "query": {
                    "x1": -1.5,
                    "x2": -2.7248195495323424
                },
                "metrics": {
                    "outcome": -1.1783918049293334
                },
                "metadata": {
                    "trials": 1
                }
            },
            {
                "query": {
                    "x1": -1.5,
                    "x2": -2.8935132016823624
                },
                "metrics": {
                    "outcome": -1.092315500364644
                },
                "metadata": {
                    "trials": 1
                }
            },
            {
                "query": {
                    "x1": -1.5,
                    "x2": -2.5615098978522832
                },
                "metrics": {
                    "outcome": -1.2314199991741246
                },
                "metadata": {
                    "trials": 1
                }
            },
            {
                "query": {
                    "x1": -1.3958518946164853,
                    "x2": -2.6384434089653994
                },
                "metrics": {
                    "outcome": -1.1795270210797
                },
                "metadata": {
                    "trials": 1
                }
            },
            {
                "query": {
                    "x1": -1.5,
                    "x2": -2.415829659620446
                },
                "metrics": {
                    "outcome": -1.2516594108249541
                },
                "metadata": {
                    "trials": 1
                }
            },
            {
                "query": {
                    "x1": -1.3894612801870978,
                    "x2": -2.798825541875916
                },
                "metrics": {
                    "outcome": -1.060790709572986
                },
                "metadata": {
                    "trials": 1
                }
            }
        ]
    ],
    "best_results": [
        {
            "query": {
                "x1": -0.5112934082398638,
                "x2": -1.5471466609306481
            },
            "metrics": [
                {
                    "name": "outcome",
                    "value": -1.911373902945177
                }
            ]
        }
    ]
}