{
    "date": "05/11/2022 12:05:07",
    "basic_params": {
        "active_variables": [
            "x1",
            "x2"
        ],
        "default_query": {},
        "metric": "basic",
        "n_trials": 1
    },
    "objective_function": {
        "name": "Branin",
        "params": {}
    },
    "optimizer": {
        "name": "BBO-LP(LCB)",
        "params": {
            "lower_bound": [
                -5.0,
                0.0
            ],
            "upper_bound": [
                10.0,
                15.0
            ],
            "invert_metric": false,
            "bopt_params": {
                "n_init_samples": 12,
                "n_iterations": 23,
                "n_iter_relearn": 5,
                "verbose_level": 0,
                "n_parallel_samples": 6,
                "par_type": "PAR_BBO",
                "crit_name": "cLP(cLCB)",
                "n_crit_params": 3,
                "crit_params": [
                    6,
                    1,
                    1.0
                ]
            }
        }
    },
    "iterations": [
        [
            {
                "query": {
                    "x1": -4.140740132133942,
                    "x2": 3.1016967052710243
                },
                "metrics": {
                    "outcome": 141.77600992097166
                },
                "metadata": {
                    "trials": 1
                }
            }
        ],
        [
            {
                "query": {
                    "x1": 4.931641682633199,
                    "x2": 0.6464938313001767
                },
                "metrics": {
                    "outcome": 12.506376159355641
                },
                "metadata": {
                    "trials": 1
                }
            }
        ],
        [
            {
                "query": {
                    "x1": 3.465851203945931,
                    "x2": 7.226833103050012
                },
                "metrics": {
                    "outcome": 27.846071373635596
                },
                "metadata": {
                    "trials": 1
                }
            }
        ],
        [
            {
                "query": {
                    "x1": -1.3206267656642012,
                    "x2": 8.887053689395543
                },
                "metrics": {
                    "outcome": 12.690672927434752
                },
                "metadata": {
                    "trials": 1
                }
            }
        ],
        [
            {
                "query": {
                    "x1": 2.0539305816055275,
                    "x2": 3.787686601572204
                },
                "metrics": {
                    "outcome": 5.801043949962115
                },
                "metadata": {
                    "trials": 1
                }
            }
        ],
        [
            {
                "query": {
                    "x1": 6.695152833417524,
                    "x2": 2.1273880609078333
                },
                "metrics": {
                    "outcome": 19.78350801791483
                },
                "metadata": {
                    "trials": 1
                }
            }
        ],
        [
            {
                "query": {
                    "x1": -2.529731615795754,
                    "x2": 12.232251324458048
                },
                "metrics": {
                    "outcome": 4.042467877282284
                },
                "metadata": {
                    "trials": 1
                }
            }
        ],
        [
            {
                "query": {
                    "x1": 0.309618545579724,
                    "x2": 11.203672268020455
                },
                "metrics": {
                    "outcome": 51.45408479326266
                },
                "metadata": {
                    "trials": 1
                }
            }
        ],
        [
            {
                "query": {
                    "x1": -0.24660661147208884,
                    "x2": 14.199238934379537
                },
                "metrics": {
                    "outcome": 80.13439262285809
                },
                "metadata": {
                    "trials": 1
                }
            }
        ],
        [
            {
                "query": {
                    "x1": 7.967195485252887,
                    "x2": 13.128496774297673
                },
                "metrics": {
                    "outcome": 143.67342891219153
                },
                "metadata": {
                    "trials": 1
                }
            }
        ],
        [
            {
                "query": {
                    "x1": 9.054824065242428,
                    "x2": 5.628503430634737
                },
                "metrics": {
                    "outcome": 12.935448576776327
                },
                "metadata": {
                    "trials": 1
                }
            }
        ],
        [
            {
                "query": {
                    "x1": 5.342201655730605,
                    "x2": 8.53229851287324
                },
                "metrics": {
                    "outcome": 69.64669351775152
                },
                "metadata": {
                    "trials": 1
                }
            }
        ],
        [
            {
                "query": {
                    "x1": -3.68358374781008,
                    "x2": 12.453646960150651
                },
                "metrics": {
                    "outcome": 3.1238935320024757
                },
                "metadata": {
                    "trials": 1
                }
            },
            {
                "query": {
                    "x1": -3.68358374781008,
                    "x2": 12.453646960150651
                },
                "metrics": {
                    "outcome": 3.1238935320024757
                },
                "metadata": {
                    "trials": 1
                }
            },
            {
                "query": {
                    "x1": -3.68358374781008,
                    "x2": 12.453646960150651
                },
                "metrics": {
                    "outcome": 3.1238935320024757
                },
                "metadata": {
                    "trials": 1
                }
            },
            {
                "query": {
                    "x1": -3.68358374781008,
                    "x2": 12.453646960150651
                },
                "metrics": {
                    "outcome": 3.1238935320024757
                },
                "metadata": {
                    "trials": 1
                }
            },
            {
                "query": {
                    "x1": -3.68358374781008,
                    "x2": 12.453646960150651
                },
                "metrics": {
                    "outcome": 3.1238935320024757
                },
                "metadata": {
                    "trials": 1
                }
            },
            {
                "query": {
                    "x1": -3.68358374781008,
                    "x2": 12.453646960150651
                },
                "metrics": {
                    "outcome": 3.1238935320024757
                },
                "metadata": {
                    "trials": 1
                }
            }
        ],
        [
            {
                "query": {
                    "x1": -2.959938440764804,
                    "x2": 11.65718134103974
                },
                "metrics": {
                    "outcome": 0.5902974109378949
                },
                "metadata": {
                    "trials": 1
                }
            },
            {
                "query": {
                    "x1": -2.9599530860555032,
                    "x2": 11.657250516391834
                },
                "metrics": {
                    "outcome": 0.5902591452803776
                },
                "metadata": {
                    "trials": 1
                }
            },
            {
                "query": {
                    "x1": -2.959910448913382,
                    "x2": 11.657049121380558
                },
                "metrics": {
                    "outcome": 0.5903705625183449
                },
                "metadata": {
                    "trials": 1
                }
            },
            {
                "query": {
                    "x1": -2.959979800560314,
                    "x2": 11.657375648041942
                },
                "metrics": {
                    "outcome": 0.5901897461350103
                },
                "metadata": {
                    "trials": 1
                }
            },
            {
                "query": {
                    "x1": -2.9598854800567262,
                    "x2": 11.656930878707886
                },
                "metrics": {
                    "outcome": 0.5904359399586809
                },
                "metadata": {
                    "trials": 1
                }
            },
            {
                "query": {
                    "x1": -2.960003324565896,
                    "x2": 11.657487932827138
                },
                "metrics": {
                    "outcome": 0.5901278696897592
                },
                "metadata": {
                    "trials": 1
                }
            }
        ],
        [
            {
                "query": {
                    "x1": -2.9795669030563827,
                    "x2": 11.770066989554794
                },
                "metrics": {
                    "outcome": 0.5377970218406389
                },
                "metadata": {
                    "trials": 1
                }
            },
            {
                "query": {
                    "x1": -2.982331503521986,
                    "x2": 11.783108859651657
                },
                "metrics": {
                    "outcome": 0.5320441218156464
                },
                "metadata": {
                    "trials": 1
                }
            },
            {
                "query": {
                    "x1": -2.9767894411739797,
                    "x2": 11.757030337637232
                },
                "metrics": {
                    "outcome": 0.5437190076097931
                },
                "metadata": {
                    "trials": 1
                }
            },
            {
                "query": {
                    "x1": -2.988208731137263,
                    "x2": 11.760979959914414
                },
                "metrics": {
                    "outcome": 0.532653474667919
                },
                "metadata": {
                    "trials": 1
                }
            },
            {
                "query": {
                    "x1": -2.9728229792681238,
                    "x2": 11.745378733094556
                },
                "metrics": {
                    "outcome": 0.55062158708993
                },
                "metadata": {
                    "trials": 1
                }
            },
            {
                "query": {
                    "x1": -2.9851139460544496,
                    "x2": 11.796281677215706
                },
                "metrics": {
                    "outcome": 0.5264034279393144
                },
                "metadata": {
                    "trials": 1
                }
            }
        ],
        [
            {
                "query": {
                    "x1": -3.0435229469792566,
                    "x2": 11.88317618564103
                },
                "metrics": {
                    "outcome": 0.4687941857642901
                },
                "metadata": {
                    "trials": 1
                }
            },
            {
                "query": {
                    "x1": -3.042701963292395,
                    "x2": 11.87666541430647
                },
                "metrics": {
                    "outcome": 0.4710249386613796
                },
                "metadata": {
                    "trials": 1
                }
            },
            {
                "query": {
                    "x1": -3.0443406476015373,
                    "x2": 11.889685105454713
                },
                "metrics": {
                    "outcome": 0.4666127298969531
                },
                "metadata": {
                    "trials": 1
                }
            },
            {
                "query": {
                    "x1": -3.041919687803971,
                    "x2": 11.870507859034301
                },
                "metrics": {
                    "outcome": 0.4731798532270357
                },
                "metadata": {
                    "trials": 1
                }
            },
            {
                "query": {
                    "x1": -3.045140618103913,
                    "x2": 11.896068225243837
                },
                "metrics": {
                    "outcome": 0.46452058113652583
                },
                "metadata": {
                    "trials": 1
                }
            },
            {
                "query": {
                    "x1": -3.0380159165395657,
                    "x2": 11.880568298738442
                },
                "metrics": {
                    "outcome": 0.4709267236527186
                },
                "metadata": {
                    "trials": 1
                }
            }
        ],
        [
            {
                "query": {
                    "x1": -3.0768007277430724,
                    "x2": 12.007351907265747
                },
                "metrics": {
                    "outcome": 0.4306868361582783
                },
                "metadata": {
                    "trials": 1
                }
            },
            {
                "query": {
                    "x1": -3.0776622492229944,
                    "x2": 12.013647792083095
                },
                "metrics": {
                    "outcome": 0.42921897900087735
                },
                "metadata": {
                    "trials": 1
                }
            },
            {
                "query": {
                    "x1": -3.0759380778264243,
                    "x2": 12.00105256087215
                },
                "metrics": {
                    "outcome": 0.4321986916198952
                },
                "metadata": {
                    "trials": 1
                }
            },
            {
                "query": {
                    "x1": -3.0751359761903934,
                    "x2": 11.995187549638944
                },
                "metrics": {
                    "outcome": 0.4336450242667471
                },
                "metadata": {
                    "trials": 1
                }
            },
            {
                "query": {
                    "x1": -3.078520513460001,
                    "x2": 12.019930300411852
                },
                "metrics": {
                    "outcome": 0.4277973618056752
                },
                "metadata": {
                    "trials": 1
                }
            },
            {
                "query": {
                    "x1": -3.070343869644764,
                    "x2": 12.001220061232821
                },
                "metrics": {
                    "outcome": 0.43290093553367903
                },
                "metadata": {
                    "trials": 1
                }
            }
        ],
        [
            {
                "query": {
                    "x1": 10.0,
                    "x2": 1.4923498323116753
                },
                "metrics": {
                    "outcome": 4.225073485207814
                },
                "metadata": {
                    "trials": 1
                }
            },
            {
                "query": {
                    "x1": 10.0,
                    "x2": 1.403128367553496
                },
                "metrics": {
                    "outcome": 4.502591052884375
                },
                "metadata": {
                    "trials": 1
                }
            },
            {
                "query": {
                    "x1": -3.0976089929953106,
                    "x2": 12.145272923102693
                },
                "metrics": {
                    "outcome": 0.407763016794199
                },
                "metadata": {
                    "trials": 1
                }
            },
            {
                "query": {
                    "x1": -3.0967573456570197,
                    "x2": 12.13976445155985
                },
                "metrics": {
                    "outcome": 0.4083066464544185
                },
                "metadata": {
                    "trials": 1
                }
            },
            {
                "query": {
                    "x1": -3.0984554076457163,
                    "x2": 12.150780341745268
                },
                "metrics": {
                    "outcome": 0.4072521454769742
                },
                "metadata": {
                    "trials": 1
                }
            },
            {
                "query": {
                    "x1": -3.0959523620791707,
                    "x2": 12.134593167337073
                },
                "metrics": {
                    "outcome": 0.40884686108199375
                },
                "metadata": {
                    "trials": 1
                }
            }
        ],
        [
            {
                "query": {
                    "x1": -3.102637949760198,
                    "x2": 12.204817377526863
                },
                "metrics": {
                    "outcome": 0.4057119337205517
                },
                "metadata": {
                    "trials": 1
                }
            },
            {
                "query": {
                    "x1": -3.1020158887355276,
                    "x2": 12.201389799238703
                },
                "metrics": {
                    "outcome": 0.40586005423272375
                },
                "metadata": {
                    "trials": 1
                }
            },
            {
                "query": {
                    "x1": -3.10324741281755,
                    "x2": 12.20824572880046
                },
                "metrics": {
                    "outcome": 0.4055812346320593
                },
                "metadata": {
                    "trials": 1
                }
            },
            {
                "query": {
                    "x1": -3.1014118845344205,
                    "x2": 12.198138443687213
                },
                "metrics": {
                    "outcome": 0.4060176043787749
                },
                "metadata": {
                    "trials": 1
                }
            },
            {
                "query": {
                    "x1": -3.1038395038826656,
                    "x2": 12.21165382764796
                },
                "metrics": {
                    "outcome": 0.40546930851103014
                },
                "metadata": {
                    "trials": 1
                }
            },
            {
                "query": {
                    "x1": -3.099672022985489,
                    "x2": 12.203536523094261
                },
                "metrics": {
                    "outcome": 0.4071673898034298
                },
                "metadata": {
                    "trials": 1
                }
            }
        ],
        [
            {
                "query": {
                    "x1": -3.1092417279400353,
                    "x2": 12.202212055724125
                },
                "metrics": {
                    "outcome": 0.40293489033809315
                },
                "metadata": {
                    "trials": 1
                }
            },
            {
                "query": {
                    "x1": -3.109641207302798,
                    "x2": 12.204932805031754
                },
                "metrics": {
                    "outcome": 0.40283171524242434
                },
                "metadata": {
                    "trials": 1
                }
            },
            {
                "query": {
                    "x1": -3.1088358336094117,
                    "x2": 12.199491818399615
                },
                "metrics": {
                    "outcome": 0.40304793484484946
                },
                "metadata": {
                    "trials": 1
                }
            },
            {
                "query": {
                    "x1": -3.108439575429705,
                    "x2": 12.19688538849319
                },
                "metrics": {
                    "outcome": 0.4031658543420953
                },
                "metadata": {
                    "trials": 1
                }
            },
            {
                "query": {
                    "x1": -3.110028887066802,
                    "x2": 12.207617471346945
                },
                "metrics": {
                    "outcome": 0.40273973892422354
                },
                "metadata": {
                    "trials": 1
                }
            },
            {
                "query": {
                    "x1": -3.1080474938578146,
                    "x2": 12.194359329008678
                },
                "metrics": {
                    "outcome": 0.40328940150572734
                },
                "metadata": {
                    "trials": 1
                }
            }
        ],
        [
            {
                "query": {
                    "x1": -3.1235082548303024,
                    "x2": 12.219883907976444
                },
                "metrics": {
                    "outcome": 0.39959430312275934
                },
                "metadata": {
                    "trials": 1
                }
            },
            {
                "query": {
                    "x1": -3.124000490072278,
                    "x2": 12.223076700778341
                },
                "metrics": {
                    "outcome": 0.3994669716331938
                },
                "metadata": {
                    "trials": 1
                }
            },
            {
                "query": {
                    "x1": -3.123010696327117,
                    "x2": 12.216691692778703
                },
                "metrics": {
                    "outcome": 0.39973264349742976
                },
                "metadata": {
                    "trials": 1
                }
            },
            {
                "query": {
                    "x1": -3.1225266196102015,
                    "x2": 12.213622335832072
                },
                "metrics": {
                    "outcome": 0.39987605092291467
                },
                "metadata": {
                    "trials": 1
                }
            },
            {
                "query": {
                    "x1": -3.1244756387920116,
                    "x2": 12.226212505700968
                },
                "metrics": {
                    "outcome": 0.39935311699742826
                },
                "metadata": {
                    "trials": 1
                }
            },
            {
                "query": {
                    "x1": -3.1220501410427,
                    "x2": 12.210634783450477
                },
                "metrics": {
                    "outcome": 0.4000253448374522
                },
                "metadata": {
                    "trials": 1
                }
            }
        ],
        [
            {
                "query": {
                    "x1": -3.1307797366637082,
                    "x2": 12.232496262736031
                },
                "metrics": {
                    "outcome": 0.39872202162613846
                },
                "metadata": {
                    "trials": 1
                }
            },
            {
                "query": {
                    "x1": -3.130441634937136,
                    "x2": 12.230166337795495
                },
                "metrics": {
                    "outcome": 0.39881018415297653
                },
                "metadata": {
                    "trials": 1
                }
            },
            {
                "query": {
                    "x1": -3.1311160438095254,
                    "x2": 12.234825410014057
                },
                "metrics": {
                    "outcome": 0.3986396428212533
                },
                "metadata": {
                    "trials": 1
                }
            },
            {
                "query": {
                    "x1": -3.1301126784614546,
                    "x2": 12.227925188951565
                },
                "metrics": {
                    "outcome": 0.3989004366725215
                },
                "metadata": {
                    "trials": 1
                }
            },
            {
                "query": {
                    "x1": -3.1314448797660357,
                    "x2": 12.237124370220908
                },
                "metrics": {
                    "outcome": 0.39856404118577693
                },
                "metadata": {
                    "trials": 1
                }
            },
            {
                "query": {
                    "x1": -3.1297878580816434,
                    "x2": 12.225741719851104
                },
                "metrics": {
                    "outcome": 0.39899347550040254
                },
                "metadata": {
                    "trials": 1
                }
            }
        ],
        [
            {
                "query": {
                    "x1": 10.0,
                    "x2": 3.514423603871604
                },
                "metrics": {
                    "outcome": 2.2047391536073686
                },
                "metadata": {
                    "trials": 1
                }
            },
            {
                "query": {
                    "x1": 10.0,
                    "x2": 3.557164345354671
                },
                "metrics": {
                    "outcome": 2.2502868821238486
                },
                "metadata": {
                    "trials": 1
                }
            },
            {
                "query": {
                    "x1": 10.0,
                    "x2": 3.4716793278032574
                },
                "metrics": {
                    "outcome": 2.1628416535625687
                },
                "metadata": {
                    "trials": 1
                }
            },
            {
                "query": {
                    "x1": 10.0,
                    "x2": 3.431457901138299
                },
                "metrics": {
                    "outcome": 2.1267540234994486
                },
                "metadata": {
                    "trials": 1
                }
            },
            {
                "query": {
                    "x1": 10.0,
                    "x2": 3.3928349912088236
                },
                "metrics": {
                    "outcome": 2.0951458187561505
                },
                "metadata": {
                    "trials": 1
                }
            },
            {
                "query": {
                    "x1": 10.0,
                    "x2": 3.355388566630389
                },
                "metrics": {
                    "outcome": 2.067348950317615
                },
                "metadata": {
                    "trials": 1
                }
            }
        ],
        [
            {
                "query": {
                    "x1": -3.1329675103135446,
                    "x2": 12.242977667667146
                },
                "metrics": {
                    "outcome": 0.3983722936130789
                },
                "metadata": {
                    "trials": 1
                }
            },
            {
                "query": {
                    "x1": -3.132694159986918,
                    "x2": 12.240946609346611
                },
                "metrics": {
                    "outcome": 0.39842826018072053
                },
                "metadata": {
                    "trials": 1
                }
            },
            {
                "query": {
                    "x1": -3.1332494825192323,
                    "x2": 12.244997569336475
                },
                "metrics": {
                    "outcome": 0.39832076734606225
                },
                "metadata": {
                    "trials": 1
                }
            },
            {
                "query": {
                    "x1": -3.132427436490137,
                    "x2": 12.239016814999411
                },
                "metrics": {
                    "outcome": 0.3984857495166896
                },
                "metadata": {
                    "trials": 1
                }
            },
            {
                "query": {
                    "x1": -3.1335358425224955,
                    "x2": 12.247011810693524
                },
                "metrics": {
                    "outcome": 0.39827355134693043
                },
                "metadata": {
                    "trials": 1
                }
            },
            {
                "query": {
                    "x1": -3.132178784172373,
                    "x2": 12.237151333645963
                },
                "metrics": {
                    "outcome": 0.3985449744709957
                },
                "metadata": {
                    "trials": 1
                }
            }
        ],
        [
            {
                "query": {
                    "x1": -3.134187689330402,
                    "x2": 12.250706865965801
                },
                "metrics": {
                    "outcome": 0.3981929213288016
                },
                "metadata": {
                    "trials": 1
                }
            },
            {
                "query": {
                    "x1": -3.133923951740706,
                    "x2": 12.24881773755793
                },
                "metrics": {
                    "outcome": 0.39822992124882894
                },
                "metadata": {
                    "trials": 1
                }
            },
            {
                "query": {
                    "x1": -3.134458457916986,
                    "x2": 12.252590945848477
                },
                "metrics": {
                    "outcome": 0.39815949246210103
                },
                "metadata": {
                    "trials": 1
                }
            },
            {
                "query": {
                    "x1": -3.1336814669440525,
                    "x2": 12.247024782431518
                },
                "metrics": {
                    "outcome": 0.3982683149799122
                },
                "metadata": {
                    "trials": 1
                }
            },
            {
                "query": {
                    "x1": -3.1347361580139728,
                    "x2": 12.254478748762653
                },
                "metrics": {
                    "outcome": 0.39812946048832565
                },
                "metadata": {
                    "trials": 1
                }
            },
            {
                "query": {
                    "x1": -3.133455444162305,
                    "x2": 12.245301398337201
                },
                "metrics": {
                    "outcome": 0.3983083067445037
                },
                "metadata": {
                    "trials": 1
                }
            }
        ],
        [
            {
                "query": {
                    "x1": -3.1350671127042644,
                    "x2": 12.25723351916441
                },
                "metrics": {
                    "outcome": 0.3980961650590391
                },
                "metadata": {
                    "trials": 1
                }
            },
            {
                "query": {
                    "x1": -3.134799322389064,
                    "x2": 12.255407645806507
                },
                "metrics": {
                    "outcome": 0.39811963053372246
                },
                "metadata": {
                    "trials": 1
                }
            },
            {
                "query": {
                    "x1": -3.1353407623396317,
                    "x2": 12.259055441945033
                },
                "metrics": {
                    "outcome": 0.3980758671800668
                },
                "metadata": {
                    "trials": 1
                }
            },
            {
                "query": {
                    "x1": -3.1345539346699374,
                    "x2": 12.253678401578117
                },
                "metrics": {
                    "outcome": 0.3981446863186555
                },
                "metadata": {
                    "trials": 1
                }
            },
            {
                "query": {
                    "x1": -3.135621523249548,
                    "x2": 12.260883787510844
                },
                "metrics": {
                    "outcome": 0.39805858854217746
                },
                "metadata": {
                    "trials": 1
                }
            },
            {
                "query": {
                    "x1": -3.134326704383156,
                    "x2": 12.252020301969575
                },
                "metrics": {
                    "outcome": 0.39817134598941273
                },
                "metadata": {
                    "trials": 1
                }
            }
        ],
        [
            {
                "query": {
                    "x1": -3.135647054288606,
                    "x2": 12.261907941641057
                },
                "metrics": {
                    "outcome": 0.39805849633844304
                },
                "metadata": {
                    "trials": 1
                }
            },
            {
                "query": {
                    "x1": -3.1353843624867412,
                    "x2": 12.26016285381348
                },
                "metrics": {
                    "outcome": 0.39807240973168234
                },
                "metadata": {
                    "trials": 1
                }
            },
            {
                "query": {
                    "x1": -3.135915329794955,
                    "x2": 12.263649554021749
                },
                "metrics": {
                    "outcome": 0.3980473461557281
                },
                "metadata": {
                    "trials": 1
                }
            },
            {
                "query": {
                    "x1": -3.135141612603042,
                    "x2": 12.258509231391152
                },
                "metrics": {
                    "outcome": 0.3980881430069605
                },
                "metadata": {
                    "trials": 1
                }
            },
            {
                "query": {
                    "x1": -3.136188826923,
                    "x2": 12.265396696416737
                },
                "metrics": {
                    "outcome": 0.3980389764735204
                },
                "metadata": {
                    "trials": 1
                }
            },
            {
                "query": {
                    "x1": -3.13491592930437,
                    "x2": 12.2569232863016
                },
                "metrics": {
                    "outcome": 0.39810552969408697
                },
                "metadata": {
                    "trials": 1
                }
            }
        ],
        [
            {
                "query": {
                    "x1": -3.135968730443946,
                    "x2": 12.264655991480002
                },
                "metrics": {
                    "outcome": 0.39804924090830696
                },
                "metadata": {
                    "trials": 1
                }
            },
            {
                "query": {
                    "x1": -3.1357161718330646,
                    "x2": 12.2629892577774
                },
                "metrics": {
                    "outcome": 0.3980575934071453
                },
                "metadata": {
                    "trials": 1
                }
            },
            {
                "query": {
                    "x1": -3.1362258533335208,
                    "x2": 12.266319882718124
                },
                "metrics": {
                    "outcome": 0.3980433967304311
                },
                "metadata": {
                    "trials": 1
                }
            },
            {
                "query": {
                    "x1": -3.135401717322207,
                    "x2": 12.261258721449687
                },
                "metrics": {
                    "outcome": 0.39807265213986653
                },
                "metadata": {
                    "trials": 1
                }
            },
            {
                "query": {
                    "x1": -3.136488868581424,
                    "x2": 12.267987582987537
                },
                "metrics": {
                    "outcome": 0.39803997913854516
                },
                "metadata": {
                    "trials": 1
                }
            },
            {
                "query": {
                    "x1": -3.1352552872440014,
                    "x2": 12.259736917838923
                },
                "metrics": {
                    "outcome": 0.3980801795757536
                },
                "metadata": {
                    "trials": 1
                }
            }
        ],
        [
            {
                "query": {
                    "x1": -3.136126139909692,
                    "x2": 12.266069224627554
                },
                "metrics": {
                    "outcome": 0.3980484889858218
                },
                "metadata": {
                    "trials": 1
                }
            },
            {
                "query": {
                    "x1": -3.135893633448015,
                    "x2": 12.26452111842105
                },
                "metrics": {
                    "outcome": 0.3980536135885888
                },
                "metadata": {
                    "trials": 1
                }
            },
            {
                "query": {
                    "x1": -3.1363633110769724,
                    "x2": 12.267614396235537
                },
                "metrics": {
                    "outcome": 0.3980454612602191
                },
                "metadata": {
                    "trials": 1
                }
            },
            {
                "query": {
                    "x1": -3.1356787429043624,
                    "x2": 12.263049338628347
                },
                "metrics": {
                    "outcome": 0.39806036671162914
                },
                "metadata": {
                    "trials": 1
                }
            },
            {
                "query": {
                    "x1": -3.136605386781455,
                    "x2": 12.269161033314225
                },
                "metrics": {
                    "outcome": 0.3980445149185865
                },
                "metadata": {
                    "trials": 1
                }
            },
            {
                "query": {
                    "x1": -3.135540266229566,
                    "x2": 12.261585127108182
                },
                "metrics": {
                    "outcome": 0.39806449384544784
                },
                "metadata": {
                    "trials": 1
                }
            }
        ],
        [
            {
                "query": {
                    "x1": -3.1362017186872397,
                    "x2": 12.26678282000893
                },
                "metrics": {
                    "outcome": 0.3980493046362312
                },
                "metadata": {
                    "trials": 1
                }
            },
            {
                "query": {
                    "x1": -3.135982732331316,
                    "x2": 12.265299090865879
                },
                "metrics": {
                    "outcome": 0.3980527182242408
                },
                "metadata": {
                    "trials": 1
                }
            },
            {
                "query": {
                    "x1": -3.136425916182671,
                    "x2": 12.26826375212779
                },
                "metrics": {
                    "outcome": 0.3980477532177815
                },
                "metadata": {
                    "trials": 1
                }
            },
            {
                "query": {
                    "x1": -3.135849060418501,
                    "x2": 12.263752791855607
                },
                "metrics": {
                    "outcome": 0.3980522501654278
                },
                "metadata": {
                    "trials": 1
                }
            },
            {
                "query": {
                    "x1": -3.136655386136547,
                    "x2": 12.269745635281827
                },
                "metrics": {
                    "outcome": 0.3980480556162611
                },
                "metadata": {
                    "trials": 1
                }
            },
            {
                "query": {
                    "x1": -3.135559292928308,
                    "x2": 12.262416564204251
                },
                "metrics": {
                    "outcome": 0.3980657762972264
                },
                "metadata": {
                    "trials": 1
                }
            }
        ],
        [
            {
                "query": {
                    "x1": -3.1362368336574997,
                    "x2": 12.267135896853912
                },
                "metrics": {
                    "outcome": 0.3980501098874427
                },
                "metadata": {
                    "trials": 1
                }
            },
            {
                "query": {
                    "x1": -3.1360346360686533,
                    "x2": 12.265740302239557
                },
                "metrics": {
                    "outcome": 0.39805242669128305
                },
                "metadata": {
                    "trials": 1
                }
            },
            {
                "query": {
                    "x1": -3.1364441897349216,
                    "x2": 12.268528613223198
                },
                "metrics": {
                    "outcome": 0.3980494060562858
                },
                "metadata": {
                    "trials": 1
                }
            },
            {
                "query": {
                    "x1": -3.1358481626982444,
                    "x2": 12.26440948189737
                },
                "metrics": {
                    "outcome": 0.39805609619290117
                },
                "metadata": {
                    "trials": 1
                }
            },
            {
                "query": {
                    "x1": -3.1366571201238598,
                    "x2": 12.269920570894351
                },
                "metrics": {
                    "outcome": 0.39805025946688666
                },
                "metadata": {
                    "trials": 1
                }
            },
            {
                "query": {
                    "x1": -3.1356750228794903,
                    "x2": 12.26312578025944
                },
                "metrics": {
                    "outcome": 0.3980609707612306
                },
                "metadata": {
                    "trials": 1
                }
            }
        ],
        [
            {
                "query": {
                    "x1": -3.1362515984156163,
                    "x2": 12.267298303626887
                },
                "metrics": {
                    "outcome": 0.39805063807285634
                },
                "metadata": {
                    "trials": 1
                }
            },
            {
                "query": {
                    "x1": -3.1364462186597315,
                    "x2": 12.268633629976627
                },
                "metrics": {
                    "outcome": 0.3980504971315906
                },
                "metadata": {
                    "trials": 1
                }
            },
            {
                "query": {
                    "x1": -3.136061583939628,
                    "x2": 12.265960084379689
                },
                "metrics": {
                    "outcome": 0.39805228553797534
                },
                "metadata": {
                    "trials": 1
                }
            },
            {
                "query": {
                    "x1": -3.1358877783504395,
                    "x2": 12.264682446030282
                },
                "metrics": {
                    "outcome": 0.39805509198870226
                },
                "metadata": {
                    "trials": 1
                }
            },
            {
                "query": {
                    "x1": -3.136647478166423,
                    "x2": 12.26996747818605
                },
                "metrics": {
                    "outcome": 0.39805167169239297
                },
                "metadata": {
                    "trials": 1
                }
            },
            {
                "query": {
                    "x1": -3.135726511521121,
                    "x2": 12.26344847273265
                },
                "metrics": {
                    "outcome": 0.39805903000213405
                },
                "metadata": {
                    "trials": 1
                }
            }
        ],
        [
            {
                "query": {
                    "x1": -3.1362564892652,
                    "x2": 12.267365676388945
                },
                "metrics": {
                    "outcome": 0.3980509612232641
                },
                "metadata": {
                    "trials": 1
                }
            },
            {
                "query": {
                    "x1": -3.1364432019021153,
                    "x2": 12.268670269082662
                },
                "metrics": {
                    "outcome": 0.39805117465256856
                },
                "metadata": {
                    "trials": 1
                }
            },
            {
                "query": {
                    "x1": -3.1360759851632816,
                    "x2": 12.266058210605625
                },
                "metrics": {
                    "outcome": 0.3980520656167208
                },
                "metadata": {
                    "trials": 1
                }
            },
            {
                "query": {
                    "x1": -3.135910804948008,
                    "x2": 12.264808915401979
                },
                "metrics": {
                    "outcome": 0.3980543205080327
                },
                "metadata": {
                    "trials": 1
                }
            },
            {
                "query": {
                    "x1": -3.1366360640115705,
                    "x2": 12.26997299725985
                },
                "metrics": {
                    "outcome": 0.398052666525297
                },
                "metadata": {
                    "trials": 1
                }
            },
            {
                "query": {
                    "x1": -3.135758565979831,
                    "x2": 12.263601279331903
                },
                "metrics": {
                    "outcome": 0.39805762058817784
                },
                "metadata": {
                    "trials": 1
                }
            }
        ],
        [
            {
                "query": {
                    "x1": -3.136256426004752,
                    "x2": 12.267379883248998
                },
                "metrics": {
                    "outcome": 0.3980511136025964
                },
                "metadata": {
                    "trials": 1
                }
            },
            {
                "query": {
                    "x1": -3.1364315349668557,
                    "x2": 12.268626823116296
                },
                "metrics": {
                    "outcome": 0.3980515660413868
                },
                "metadata": {
                    "trials": 1
                }
            },
            {
                "query": {
                    "x1": -3.136088356604349,
                    "x2": 12.266129871306783
                },
                "metrics": {
                    "outcome": 0.39805177454050167
                },
                "metadata": {
                    "trials": 1
                }
            },
            {
                "query": {
                    "x1": -3.1359339947442044,
                    "x2": 12.264934326558395
                },
                "metrics": {
                    "outcome": 0.3980535451405913
                },
                "metadata": {
                    "trials": 1
                }
            },
            {
                "query": {
                    "x1": -3.1366121555037556,
                    "x2": 12.269871092310154
                },
                "metrics": {
                    "outcome": 0.3980531969733825
                },
                "metadata": {
                    "trials": 1
                }
            },
            {
                "query": {
                    "x1": -3.1357934349990084,
                    "x2": 12.263776806208575
                },
                "metrics": {
                    "outcome": 0.398056162001744
                },
                "metadata": {
                    "trials": 1
                }
            }
        ],
        [
            {
                "query": {
                    "x1": -3.136253370592909,
                    "x2": 12.267360667228038
                },
                "metrics": {
                    "outcome": 0.3980511468093404
                },
                "metadata": {
                    "trials": 1
                }
            },
            {
                "query": {
                    "x1": -3.136420172378264,
                    "x2": 12.26857307275263
                },
                "metrics": {
                    "outcome": 0.3980518115423024
                },
                "metadata": {
                    "trials": 1
                }
            },
            {
                "query": {
                    "x1": -3.136094229113466,
                    "x2": 12.266145779294638
                },
                "metrics": {
                    "outcome": 0.39805148003527435
                },
                "metadata": {
                    "trials": 1
                }
            },
            {
                "query": {
                    "x1": -3.135949677524665,
                    "x2": 12.264982422421847
                },
                "metrics": {
                    "outcome": 0.39805276792576905
                },
                "metadata": {
                    "trials": 1
                }
            },
            {
                "query": {
                    "x1": -3.136592213181333,
                    "x2": 12.269781414806783
                },
                "metrics": {
                    "outcome": 0.3980535830544003
                },
                "metadata": {
                    "trials": 1
                }
            },
            {
                "query": {
                    "x1": -3.135808543120393,
                    "x2": 12.2638454155307
                },
                "metrics": {
                    "outcome": 0.39805549800799156
                },
                "metadata": {
                    "trials": 1
                }
            }
        ]
    ],
    "best_results": [
        {
            "query": {
                "x1": -3.136188826923,
                "x2": 12.265396696416737
            },
            "metrics": [
                {
                    "name": "outcome",
                    "value": 0.3980389764735204
                }
            ]
        }
    ]
}