{
    "date": "04/11/2022 13:58:04",
    "basic_params": {
        "active_variables": [
            "x"
        ],
        "default_query": {},
        "metric": "basic",
        "n_trials": 1
    },
    "objective_function": {
        "name": "Gramacy1D",
        "params": {}
    },
    "optimizer": {
        "name": "BBO-LP(LCBa)",
        "params": {
            "lower_bound": [
                0.5
            ],
            "upper_bound": [
                2.5
            ],
            "invert_metric": false,
            "bopt_params": {
                "n_init_samples": 15,
                "n_iterations": 45,
                "n_iter_relearn": 5,
                "verbose_level": 1,
                "n_parallel_samples": 3,
                "par_type": "PAR_BBO",
                "crit_name": "cLP(cLCBa)",
                "n_crit_params": 3,
                "crit_params": [
                    3,
                    1,
                    5.0
                ]
            }
        }
    },
    "iterations": [
        [
            {
                "query": {
                    "x": 1.292869005072862
                },
                "metrics": {
                    "outcome": 0.09327339492998775
                },
                "metadata": {
                    "trials": 1
                }
            }
        ],
        [
            {
                "query": {
                    "x": 2.3751337464898823
                },
                "metrics": {
                    "outcome": 3.4276244169825567
                },
                "metadata": {
                    "trials": 1
                }
            }
        ],
        [
            {
                "query": {
                    "x": 0.8442257820318142
                },
                "metrics": {
                    "outcome": 0.5831294586348166
                },
                "metadata": {
                    "trials": 1
                }
            }
        ],
        [
            {
                "query": {
                    "x": 0.9668224872710804
                },
                "metrics": {
                    "outcome": -0.44659959881292155
                },
                "metadata": {
                    "trials": 1
                }
            }
        ],
        [
            {
                "query": {
                    "x": 1.06075106014808
                },
                "metrics": {
                    "outcome": 0.444746209066926
                },
                "metadata": {
                    "trials": 1
                }
            }
        ],
        [
            {
                "query": {
                    "x": 1.3571140646003186
                },
                "metrics": {
                    "outcome": -0.34300158153996096
                },
                "metadata": {
                    "trials": 1
                }
            }
        ],
        [
            {
                "query": {
                    "x": 1.6618596266955137
                },
                "metrics": {
                    "outcome": 0.47212044536074405
                },
                "metadata": {
                    "trials": 1
                }
            }
        ],
        [
            {
                "query": {
                    "x": 2.0847551594488323
                },
                "metrics": {
                    "outcome": 1.4951320922015108
                },
                "metadata": {
                    "trials": 1
                }
            }
        ],
        [
            {
                "query": {
                    "x": 2.1982438770433266
                },
                "metrics": {
                    "outcome": 2.048945957073401
                },
                "metadata": {
                    "trials": 1
                }
            }
        ],
        [
            {
                "query": {
                    "x": 1.76633296298484
                },
                "metrics": {
                    "outcome": 0.09826345515401594
                },
                "metadata": {
                    "trials": 1
                }
            }
        ],
        [
            {
                "query": {
                    "x": 0.749597683424751
                },
                "metrics": {
                    "outcome": -0.6630397405635117
                },
                "metadata": {
                    "trials": 1
                }
            }
        ],
        [
            {
                "query": {
                    "x": 0.6321175418794155
                },
                "metrics": {
                    "outcome": 0.6877335149909718
                },
                "metadata": {
                    "trials": 1
                }
            }
        ],
        [
            {
                "query": {
                    "x": 2.309888359811157
                },
                "metrics": {
                    "outcome": 2.8778278418677607
                },
                "metadata": {
                    "trials": 1
                }
            }
        ],
        [
            {
                "query": {
                    "x": 1.5314727112029989
                },
                "metrics": {
                    "outcome": -0.19293774863024415
                },
                "metadata": {
                    "trials": 1
                }
            }
        ],
        [
            {
                "query": {
                    "x": 1.8420350805545846
                },
                "metrics": {
                    "outcome": 0.7656991197758214
                },
                "metadata": {
                    "trials": 1
                }
            }
        ],
        [
            {
                "query": {
                    "x": 0.7400166941093317
                },
                "metrics": {
                    "outcome": -0.638132085302006
                },
                "metadata": {
                    "trials": 1
                }
            },
            {
                "query": {
                    "x": 0.7145118122574199
                },
                "metrics": {
                    "outcome": -0.30145032960557
                },
                "metadata": {
                    "trials": 1
                }
            },
            {
                "query": {
                    "x": 0.9709477754465213
                },
                "metrics": {
                    "outcome": -0.4074153992014408
                },
                "metadata": {
                    "trials": 1
                }
            }
        ],
        [
            {
                "query": {
                    "x": 1.4445648891361698
                },
                "metrics": {
                    "outcome": 0.38015230948009476
                },
                "metadata": {
                    "trials": 1
                }
            },
            {
                "query": {
                    "x": 0.5
                },
                "metrics": {
                    "outcome": 0.06250000000000061
                },
                "metadata": {
                    "trials": 1
                }
            },
            {
                "query": {
                    "x": 1.1820764340420302
                },
                "metrics": {
                    "outcome": -0.2246891530416571
                },
                "metadata": {
                    "trials": 1
                }
            }
        ],
        [
            {
                "query": {
                    "x": 1.5838502697717598
                },
                "metrics": {
                    "outcome": -0.037182730723386626
                },
                "metadata": {
                    "trials": 1
                }
            },
            {
                "query": {
                    "x": 1.9624022064708917
                },
                "metrics": {
                    "outcome": 0.6221862990611493
                },
                "metadata": {
                    "trials": 1
                }
            },
            {
                "query": {
                    "x": 1.13598705231692
                },
                "metrics": {
                    "outcome": -0.39783764847381003
                },
                "metadata": {
                    "trials": 1
                }
            }
        ],
        [
            {
                "query": {
                    "x": 0.9208938546871743
                },
                "metrics": {
                    "outcome": -0.33130671386779176
                },
                "metadata": {
                    "trials": 1
                }
            },
            {
                "query": {
                    "x": 0.5520878725430466
                },
                "metrics": {
                    "outcome": -0.8634549021761495
                },
                "metadata": {
                    "trials": 1
                }
            },
            {
                "query": {
                    "x": 0.7727100575497339
                },
                "metrics": {
                    "outcome": -0.4865855970576066
                },
                "metadata": {
                    "trials": 1
                }
            }
        ],
        [
            {
                "query": {
                    "x": 0.5699584876494896
                },
                "metrics": {
                    "outcome": -0.6761863696882311
                },
                "metadata": {
                    "trials": 1
                }
            },
            {
                "query": {
                    "x": 0.536057286909326
                },
                "metrics": {
                    "outcome": -0.7983487775459462
                },
                "metadata": {
                    "trials": 1
                }
            },
            {
                "query": {
                    "x": 2.5
                },
                "metrics": {
                    "outcome": 5.0625
                },
                "metadata": {
                    "trials": 1
                }
            }
        ],
        [
            {
                "query": {
                    "x": 1.2338934238022925
                },
                "metrics": {
                    "outcome": 0.35743535371129226
                },
                "metadata": {
                    "trials": 1
                }
            },
            {
                "query": {
                    "x": 0.5461037148153225
                },
                "metrics": {
                    "outcome": -0.8662814770301381
                },
                "metadata": {
                    "trials": 1
                }
            },
            {
                "query": {
                    "x": 1.7205246401363992
                },
                "metrics": {
                    "outcome": 0.09485531623423932
                },
                "metadata": {
                    "trials": 1
                }
            }
        ],
        [
            {
                "query": {
                    "x": 1.3912002957591325
                },
                "metrics": {
                    "outcome": -0.07467569696361953
                },
                "metadata": {
                    "trials": 1
                }
            },
            {
                "query": {
                    "x": 0.5486673391325912
                },
                "metrics": {
                    "outcome": -0.8690062795527973
                },
                "metadata": {
                    "trials": 1
                }
            },
            {
                "query": {
                    "x": 0.5450480722900399
                },
                "metrics": {
                    "outcome": -0.8634306254095632
                },
                "metadata": {
                    "trials": 1
                }
            }
        ],
        [
            {
                "query": {
                    "x": 0.5487371426822317
                },
                "metrics": {
                    "outcome": -0.8689975646372768
                },
                "metadata": {
                    "trials": 1
                }
            },
            {
                "query": {
                    "x": 0.5456230796877902
                },
                "metrics": {
                    "outcome": -0.8651087807166973
                },
                "metadata": {
                    "trials": 1
                }
            },
            {
                "query": {
                    "x": 0.5518597048540503
                },
                "metrics": {
                    "outcome": -0.8641489180501143
                },
                "metadata": {
                    "trials": 1
                }
            }
        ],
        [
            {
                "query": {
                    "x": 0.5486681786921342
                },
                "metrics": {
                    "outcome": -0.8690062007690199
                },
                "metadata": {
                    "trials": 1
                }
            },
            {
                "query": {
                    "x": 0.5458797702014814
                },
                "metrics": {
                    "outcome": -0.865761130256221
                },
                "metadata": {
                    "trials": 1
                }
            },
            {
                "query": {
                    "x": 0.5514476468354526
                },
                "metrics": {
                    "outcome": -0.8652857309311985
                },
                "metadata": {
                    "trials": 1
                }
            }
        ],
        [
            {
                "query": {
                    "x": 0.5486418083178187
                },
                "metrics": {
                    "outcome": -0.8690083725784741
                },
                "metadata": {
                    "trials": 1
                }
            },
            {
                "query": {
                    "x": 0.5460544512778989
                },
                "metrics": {
                    "outcome": -0.8661709100052333
                },
                "metadata": {
                    "trials": 1
                }
            },
            {
                "query": {
                    "x": 1.907644035540788
                },
                "metrics": {
                    "outcome": 0.6163361495974256
                },
                "metadata": {
                    "trials": 1
                }
            }
        ],
        [
            {
                "query": {
                    "x": 0.5486555142819145
                },
                "metrics": {
                    "outcome": -0.8690073218448081
                },
                "metadata": {
                    "trials": 1
                }
            },
            {
                "query": {
                    "x": 0.5462666355148696
                },
                "metrics": {
                    "outcome": -0.8666314751904871
                },
                "metadata": {
                    "trials": 1
                }
            },
            {
                "query": {
                    "x": 0.5510393441061308
                },
                "metrics": {
                    "outcome": -0.8662638489001209
                },
                "metadata": {
                    "trials": 1
                }
            }
        ],
        [
            {
                "query": {
                    "x": 0.5486349183341745
                },
                "metrics": {
                    "outcome": -0.8690088369614162
                },
                "metadata": {
                    "trials": 1
                }
            },
            {
                "query": {
                    "x": 0.5463593725366228
                },
                "metrics": {
                    "outcome": -0.8668199607133589
                },
                "metadata": {
                    "trials": 1
                }
            },
            {
                "query": {
                    "x": 0.550906066716788
                },
                "metrics": {
                    "outcome": -0.8665510906820353
                },
                "metadata": {
                    "trials": 1
                }
            }
        ],
        [
            {
                "query": {
                    "x": 0.5486221165722678
                },
                "metrics": {
                    "outcome": -0.8690095864170974
                },
                "metadata": {
                    "trials": 1
                }
            },
            {
                "query": {
                    "x": 0.5464351742767273
                },
                "metrics": {
                    "outcome": -0.8669682402497376
                },
                "metadata": {
                    "trials": 1
                }
            },
            {
                "query": {
                    "x": 0.5508051178325362
                },
                "metrics": {
                    "outcome": -0.8667581493347923
                },
                "metadata": {
                    "trials": 1
                }
            }
        ],
        [
            {
                "query": {
                    "x": 0.5486133510446998
                },
                "metrics": {
                    "outcome": -0.8690100145490884
                },
                "metadata": {
                    "trials": 1
                }
            },
            {
                "query": {
                    "x": 0.5464987451848079
                },
                "metrics": {
                    "outcome": -0.867088582726488
                },
                "metadata": {
                    "trials": 1
                }
            },
            {
                "query": {
                    "x": 0.5507243708379432
                },
                "metrics": {
                    "outcome": -0.8669172468894932
                },
                "metadata": {
                    "trials": 1
                }
            }
        ],
        [
            {
                "query": {
                    "x": 0.5486069957277262
                },
                "metrics": {
                    "outcome": -0.8690102817356815
                },
                "metadata": {
                    "trials": 1
                }
            },
            {
                "query": {
                    "x": 0.5465532399863462
                },
                "metrics": {
                    "outcome": -0.8671888308957884
                },
                "metadata": {
                    "trials": 1
                }
            },
            {
                "query": {
                    "x": 0.5506574335212785
                },
                "metrics": {
                    "outcome": -0.8670447364466471
                },
                "metadata": {
                    "trials": 1
                }
            }
        ],
        [
            {
                "query": {
                    "x": 0.5486021577360546
                },
                "metrics": {
                    "outcome": -0.8690104607733242
                },
                "metadata": {
                    "trials": 1
                }
            },
            {
                "query": {
                    "x": 0.5466007697367683
                },
                "metrics": {
                    "outcome": -0.8672740710921053
                },
                "metadata": {
                    "trials": 1
                }
            },
            {
                "query": {
                    "x": 0.5506004716203928
                },
                "metrics": {
                    "outcome": -0.8671500852254378
                },
                "metadata": {
                    "trials": 1
                }
            }
        ],
        [
            {
                "query": {
                    "x": 0.5485983667200781
                },
                "metrics": {
                    "outcome": -0.8690105863512646
                },
                "metadata": {
                    "trials": 1
                }
            },
            {
                "query": {
                    "x": 0.5466427346007863
                },
                "metrics": {
                    "outcome": -0.8673476312649627
                },
                "metadata": {
                    "trials": 1
                }
            },
            {
                "query": {
                    "x": 0.550551094279685
                },
                "metrics": {
                    "outcome": -0.8672390685968613
                },
                "metadata": {
                    "trials": 1
                }
            }
        ],
        [
            {
                "query": {
                    "x": 0.5485953415862934
                },
                "metrics": {
                    "outcome": -0.8690106772840086
                },
                "metadata": {
                    "trials": 1
                }
            },
            {
                "query": {
                    "x": 0.5466802745049554
                },
                "metrics": {
                    "outcome": -0.867412084128801
                },
                "metadata": {
                    "trials": 1
                }
            },
            {
                "query": {
                    "x": 0.5505076424023279
                },
                "metrics": {
                    "outcome": -0.867315577003795
                },
                "metadata": {
                    "trials": 1
                }
            }
        ],
        [
            {
                "query": {
                    "x": 0.5485928090354851
                },
                "metrics": {
                    "outcome": -0.869010747078771
                },
                "metadata": {
                    "trials": 1
                }
            },
            {
                "query": {
                    "x": 0.5467140904254405
                },
                "metrics": {
                    "outcome": -0.8674690512332132
                },
                "metadata": {
                    "trials": 1
                }
            },
            {
                "query": {
                    "x": 0.550468896063928
                },
                "metrics": {
                    "outcome": -0.8673823811095704
                },
                "metadata": {
                    "trials": 1
                }
            }
        ],
        [
            {
                "query": {
                    "x": 0.5485906833998374
                },
                "metrics": {
                    "outcome": -0.8690108012052552
                },
                "metadata": {
                    "trials": 1
                }
            },
            {
                "query": {
                    "x": 0.5467448413507416
                },
                "metrics": {
                    "outcome": -0.8675199565039025
                },
                "metadata": {
                    "trials": 1
                }
            },
            {
                "query": {
                    "x": 0.5504340115503591
                },
                "metrics": {
                    "outcome": -0.8674413822397159
                },
                "metadata": {
                    "trials": 1
                }
            }
        ],
        [
            {
                "query": {
                    "x": 0.5485888600077804
                },
                "metrics": {
                    "outcome": -0.8690108443963993
                },
                "metadata": {
                    "trials": 1
                }
            },
            {
                "query": {
                    "x": 0.546772986235394
                },
                "metrics": {
                    "outcome": -0.8675657976706668
                },
                "metadata": {
                    "trials": 1
                }
            },
            {
                "query": {
                    "x": 0.550402332256949
                },
                "metrics": {
                    "outcome": -0.8674940223892901
                },
                "metadata": {
                    "trials": 1
                }
            }
        ],
        [
            {
                "query": {
                    "x": 0.5485873757914234
                },
                "metrics": {
                    "outcome": -0.869010877345044
                },
                "metadata": {
                    "trials": 1
                }
            },
            {
                "query": {
                    "x": 0.5503734453993195
                },
                "metrics": {
                    "outcome": -0.8675412424897195
                },
                "metadata": {
                    "trials": 1
                }
            },
            {
                "query": {
                    "x": 0.5467989880977646
                },
                "metrics": {
                    "outcome": -0.8676075113545175
                },
                "metadata": {
                    "trials": 1
                }
            }
        ],
        [
            {
                "query": {
                    "x": 0.548585983036121
                },
                "metrics": {
                    "outcome": -0.8690109064608268
                },
                "metadata": {
                    "trials": 1
                }
            },
            {
                "query": {
                    "x": 0.5468229503735836
                },
                "metrics": {
                    "outcome": -0.867645411343175
                },
                "metadata": {
                    "trials": 1
                }
            },
            {
                "query": {
                    "x": 0.5503467770988756
                },
                "metrics": {
                    "outcome": -0.8675841754015365
                },
                "metadata": {
                    "trials": 1
                }
            }
        ],
        [
            {
                "query": {
                    "x": 0.5485848077810632
                },
                "metrics": {
                    "outcome": -0.8690109296720656
                },
                "metadata": {
                    "trials": 1
                }
            },
            {
                "query": {
                    "x": 0.5503221648696508
                },
                "metrics": {
                    "outcome": -0.8676232354203108
                },
                "metadata": {
                    "trials": 1
                }
            },
            {
                "query": {
                    "x": 0.5468452802957653
                },
                "metrics": {
                    "outcome": -0.8676802618656415
                },
                "metadata": {
                    "trials": 1
                }
            }
        ],
        [
            {
                "query": {
                    "x": 0.5485837486686634
                },
                "metrics": {
                    "outcome": -0.8690109495249505
                },
                "metadata": {
                    "trials": 1
                }
            },
            {
                "query": {
                    "x": 0.5468661246675584
                },
                "metrics": {
                    "outcome": -0.8677123867603411
                },
                "metadata": {
                    "trials": 1
                }
            },
            {
                "query": {
                    "x": 0.5502992714147311
                },
                "metrics": {
                    "outcome": -0.8676590826381563
                },
                "metadata": {
                    "trials": 1
                }
            }
        ],
        [
            {
                "query": {
                    "x": 0.5485828125626057
                },
                "metrics": {
                    "outcome": -0.8690109662319011
                },
                "metadata": {
                    "trials": 1
                }
            },
            {
                "query": {
                    "x": 0.5468856752249431
                },
                "metrics": {
                    "outcome": -0.8677421604102209
                },
                "metadata": {
                    "trials": 1
                }
            },
            {
                "query": {
                    "x": 0.550277912282929
                },
                "metrics": {
                    "outcome": -0.8676921057373429
                },
                "metadata": {
                    "trials": 1
                }
            }
        ],
        [
            {
                "query": {
                    "x": 0.5485819489315216
                },
                "metrics": {
                    "outcome": -0.8690109809461618
                },
                "metadata": {
                    "trials": 1
                }
            },
            {
                "query": {
                    "x": 0.546903843981814
                },
                "metrics": {
                    "outcome": -0.8677695197169486
                },
                "metadata": {
                    "trials": 1
                }
            },
            {
                "query": {
                    "x": 0.5502578861063218
                },
                "metrics": {
                    "outcome": -0.8677226982195666
                },
                "metadata": {
                    "trials": 1
                }
            }
        ],
        [
            {
                "query": {
                    "x": 0.5485811926318336
                },
                "metrics": {
                    "outcome": -0.8690109932806064
                },
                "metadata": {
                    "trials": 1
                }
            },
            {
                "query": {
                    "x": 0.5502390805697006
                },
                "metrics": {
                    "outcome": -0.8677511001950459
                },
                "metadata": {
                    "trials": 1
                }
            },
            {
                "query": {
                    "x": 0.5469213492760633
                },
                "metrics": {
                    "outcome": -0.8677955974885128
                },
                "metadata": {
                    "trials": 1
                }
            }
        ],
        [
            {
                "query": {
                    "x": 0.5485805212730835
                },
                "metrics": {
                    "outcome": -0.8690110037985816
                },
                "metadata": {
                    "trials": 1
                }
            },
            {
                "query": {
                    "x": 0.5469376958461071
                },
                "metrics": {
                    "outcome": -0.8678196988161219
                },
                "metadata": {
                    "trials": 1
                }
            },
            {
                "query": {
                    "x": 0.5502214141057192
                },
                "metrics": {
                    "outcome": -0.8677774943090947
                },
                "metadata": {
                    "trials": 1
                }
            }
        ],
        [
            {
                "query": {
                    "x": 0.5485799887573835
                },
                "metrics": {
                    "outcome": -0.8690110118529503
                },
                "metadata": {
                    "trials": 1
                }
            },
            {
                "query": {
                    "x": 0.5502047716268035
                },
                "metrics": {
                    "outcome": -0.8678021037471703
                },
                "metadata": {
                    "trials": 1
                }
            },
            {
                "query": {
                    "x": 0.546953360271507
                },
                "metrics": {
                    "outcome": -0.8678425676044658
                },
                "metadata": {
                    "trials": 1
                }
            }
        ],
        [
            {
                "query": {
                    "x": 0.5485793950800636
                },
                "metrics": {
                    "outcome": -0.869011020531624
                },
                "metadata": {
                    "trials": 1
                }
            },
            {
                "query": {
                    "x": 0.5469681062473024
                },
                "metrics": {
                    "outcome": -0.867863892723346
                },
                "metadata": {
                    "trials": 1
                }
            },
            {
                "query": {
                    "x": 0.5501888826017903
                },
                "metrics": {
                    "outcome": -0.8678253683437565
                },
                "metadata": {
                    "trials": 1
                }
            }
        ],
        [
            {
                "query": {
                    "x": 0.5485787601748338
                },
                "metrics": {
                    "outcome": -0.8690110294620839
                },
                "metadata": {
                    "trials": 1
                }
            },
            {
                "query": {
                    "x": 0.5469820424532083
                },
                "metrics": {
                    "outcome": -0.8678838660098137
                },
                "metadata": {
                    "trials": 1
                }
            },
            {
                "query": {
                    "x": 0.5501737185033078
                },
                "metrics": {
                    "outcome": -0.8678473613205703
                },
                "metadata": {
                    "trials": 1
                }
            }
        ],
        [
            {
                "query": {
                    "x": 0.5485783366895071
                },
                "metrics": {
                    "outcome": -0.8690110352171178
                },
                "metadata": {
                    "trials": 1
                }
            },
            {
                "query": {
                    "x": 0.5469951262494289
                },
                "metrics": {
                    "outcome": -0.8679024577542774
                },
                "metadata": {
                    "trials": 1
                }
            },
            {
                "query": {
                    "x": 0.5501594526253499
                },
                "metrics": {
                    "outcome": -0.8678678641618138
                },
                "metadata": {
                    "trials": 1
                }
            }
        ],
        [
            {
                "query": {
                    "x": 0.5485778671479133
                },
                "metrics": {
                    "outcome": -0.8690110414094095
                },
                "metadata": {
                    "trials": 1
                }
            },
            {
                "query": {
                    "x": 0.5470082751532638
                },
                "metrics": {
                    "outcome": -0.8679209860326877
                },
                "metadata": {
                    "trials": 1
                }
            },
            {
                "query": {
                    "x": 0.550145782679978
                },
                "metrics": {
                    "outcome": -0.8678873400473652
                },
                "metadata": {
                    "trials": 1
                }
            }
        ],
        [
            {
                "query": {
                    "x": 0.5485774437190389
                },
                "metrics": {
                    "outcome": -0.8690110468234725
                },
                "metadata": {
                    "trials": 1
                }
            },
            {
                "query": {
                    "x": 0.5470205074330806
                },
                "metrics": {
                    "outcome": -0.867938082291345
                },
                "metadata": {
                    "trials": 1
                }
            },
            {
                "query": {
                    "x": 0.5501327374729185
                },
                "metrics": {
                    "outcome": -0.867905770257698
                },
                "metadata": {
                    "trials": 1
                }
            }
        ],
        [
            {
                "query": {
                    "x": 0.5485770926650679
                },
                "metrics": {
                    "outcome": -0.8690110511898217
                },
                "metadata": {
                    "trials": 1
                }
            },
            {
                "query": {
                    "x": 0.5470322923864377
                },
                "metrics": {
                    "outcome": -0.8679544253640109
                },
                "metadata": {
                    "trials": 1
                }
            },
            {
                "query": {
                    "x": 0.5501202635202627
                },
                "metrics": {
                    "outcome": -0.8679232512701645
                },
                "metadata": {
                    "trials": 1
                }
            }
        ],
        [
            {
                "query": {
                    "x": 0.5485766817230945
                },
                "metrics": {
                    "outcome": -0.8690110561601798
                },
                "metadata": {
                    "trials": 1
                }
            },
            {
                "query": {
                    "x": 0.5501082671607163
                },
                "metrics": {
                    "outcome": -0.8679399319016066
                },
                "metadata": {
                    "trials": 1
                }
            },
            {
                "query": {
                    "x": 0.5470435025824999
                },
                "metrics": {
                    "outcome": -0.8679698548174083
                },
                "metadata": {
                    "trials": 1
                }
            }
        ],
        [
            {
                "query": {
                    "x": 0.5485762512162851
                },
                "metrics": {
                    "outcome": -0.8690110612042125
                },
                "metadata": {
                    "trials": 1
                }
            },
            {
                "query": {
                    "x": 0.5470542818740379
                },
                "metrics": {
                    "outcome": -0.8679845840085125
                },
                "metadata": {
                    "trials": 1
                }
            },
            {
                "query": {
                    "x": 0.5500967061835911
                },
                "metrics": {
                    "outcome": -0.8679558855257462
                },
                "metadata": {
                    "trials": 1
                }
            }
        ],
        [
            {
                "query": {
                    "x": 0.5485760002376643
                },
                "metrics": {
                    "outcome": -0.8690110640678596
                },
                "metadata": {
                    "trials": 1
                }
            },
            {
                "query": {
                    "x": 0.5470647525865422
                },
                "metrics": {
                    "outcome": -0.8679987909433323
                },
                "metadata": {
                    "trials": 1
                }
            },
            {
                "query": {
                    "x": 0.5500857170792108
                },
                "metrics": {
                    "outcome": -0.8679709393240882
                },
                "metadata": {
                    "trials": 1
                }
            }
        ],
        [
            {
                "query": {
                    "x": 0.5485757504683755
                },
                "metrics": {
                    "outcome": -0.8690110668614429
                },
                "metadata": {
                    "trials": 1
                }
            },
            {
                "query": {
                    "x": 0.5470748195330921
                },
                "metrics": {
                    "outcome": -0.8680123565589625
                },
                "metadata": {
                    "trials": 1
                }
            },
            {
                "query": {
                    "x": 0.5500751590548241
                },
                "metrics": {
                    "outcome": -0.8679853009895679
                },
                "metadata": {
                    "trials": 1
                }
            }
        ],
        [
            {
                "query": {
                    "x": 0.5485754150174912
                },
                "metrics": {
                    "outcome": -0.8690110705250313
                },
                "metadata": {
                    "trials": 1
                }
            },
            {
                "query": {
                    "x": 0.5470843870091003
                },
                "metrics": {
                    "outcome": -0.8680251641862442
                },
                "metadata": {
                    "trials": 1
                }
            },
            {
                "query": {
                    "x": 0.5500648910067211
                },
                "metrics": {
                    "outcome": -0.8679991727000529
                },
                "metadata": {
                    "trials": 1
                }
            }
        ],
        [
            {
                "query": {
                    "x": 0.5485751608355
                },
                "metrics": {
                    "outcome": -0.8690110732336276
                },
                "metadata": {
                    "trials": 1
                }
            },
            {
                "query": {
                    "x": 0.547093827674064
                },
                "metrics": {
                    "outcome": -0.8680377209255047
                },
                "metadata": {
                    "trials": 1
                }
            },
            {
                "query": {
                    "x": 0.5500550523367547
                },
                "metrics": {
                    "outcome": -0.8680123759768197
                },
                "metadata": {
                    "trials": 1
                }
            }
        ],
        [
            {
                "query": {
                    "x": 0.5485748783426126
                },
                "metrics": {
                    "outcome": -0.8690110761757058
                },
                "metadata": {
                    "trials": 1
                }
            },
            {
                "query": {
                    "x": 0.5470682621951645
                },
                "metrics": {
                    "outcome": -0.8680035306873063
                },
                "metadata": {
                    "trials": 1
                }
            },
            {
                "query": {
                    "x": 0.550045478788689
                },
                "metrics": {
                    "outcome": -0.8680251404507254
                },
                "metadata": {
                    "trials": 1
                }
            }
        ],
        [
            {
                "query": {
                    "x": 0.5485745650159118
                },
                "metrics": {
                    "outcome": -0.8690110793549249
                },
                "metadata": {
                    "trials": 1
                }
            },
            {
                "query": {
                    "x": 0.5471114112660037
                },
                "metrics": {
                    "outcome": -0.8680608934945497
                },
                "metadata": {
                    "trials": 1
                }
            },
            {
                "query": {
                    "x": 0.5500363014048664
                },
                "metrics": {
                    "outcome": -0.8680372998432724
                },
                "metadata": {
                    "trials": 1
                }
            }
        ],
        [
            {
                "query": {
                    "x": 0.5485743375569971
                },
                "metrics": {
                    "outcome": -0.8690110816075366
                },
                "metadata": {
                    "trials": 1
                }
            },
            {
                "query": {
                    "x": 0.5471198787574562
                },
                "metrics": {
                    "outcome": -0.8680719526705146
                },
                "metadata": {
                    "trials": 1
                }
            },
            {
                "query": {
                    "x": 0.5500274290155941
                },
                "metrics": {
                    "outcome": -0.8680489835964733
                },
                "metadata": {
                    "trials": 1
                }
            }
        ]
    ],
    "best_results": [
        {
            "query": {
                "x": 0.5485743375569971
            },
            "metrics": [
                {
                    "name": "outcome",
                    "value": -0.8690110816075366
                }
            ]
        }
    ]
}