{
    "date": "04/11/2022 14:01:57",
    "basic_params": {
        "active_variables": [
            "x1",
            "x2"
        ],
        "default_query": {},
        "metric": "basic",
        "n_trials": 1
    },
    "objective_function": {
        "name": "McCormick",
        "params": {}
    },
    "optimizer": {
        "name": "BBO-LP(LCBa)",
        "params": {
            "lower_bound": [
                -1.5,
                -3.0
            ],
            "upper_bound": [
                4.0,
                4.0
            ],
            "invert_metric": false,
            "bopt_params": {
                "n_init_samples": 15,
                "n_iterations": 45,
                "n_iter_relearn": 5,
                "verbose_level": 1,
                "n_parallel_samples": 3,
                "par_type": "PAR_BBO",
                "crit_name": "cLP(cLCBa)",
                "n_crit_params": 3,
                "crit_params": [
                    3,
                    1,
                    5.0
                ]
            }
        }
    },
    "iterations": [
        [
            {
                "query": {
                    "x1": 2.7265859300037842,
                    "x2": 1.4903059254089985
                },
                "metrics": {
                    "outcome": 1.2845417172628215
                },
                "metadata": {
                    "trials": 1
                }
            }
        ],
        [
            {
                "query": {
                    "x1": -1.0489771175275866,
                    "x2": -1.7909327688937386
                },
                "metrics": {
                    "outcome": -1.650495453717188
                },
                "metadata": {
                    "trials": 1
                }
            }
        ],
        [
            {
                "query": {
                    "x1": -0.6293410589297612,
                    "x2": 2.5948401404855153
                },
                "metrics": {
                    "outcome": 19.749567252259343
                },
                "metadata": {
                    "trials": 1
                }
            }
        ],
        [
            {
                "query": {
                    "x1": 0.8873769733433923,
                    "x2": 0.5267689112729084
                },
                "metrics": {
                    "outcome": 2.1036503824085866
                },
                "metadata": {
                    "trials": 1
                }
            }
        ],
        [
            {
                "query": {
                    "x1": -1.2842786871362477,
                    "x2": -0.012682257359847515
                },
                "metrics": {
                    "outcome": 3.5489290742837296
                },
                "metadata": {
                    "trials": 1
                }
            }
        ],
        [
            {
                "query": {
                    "x1": 3.226055363782992,
                    "x2": -1.4422090260001519
                },
                "metrics": {
                    "outcome": 15.325477363871814
                },
                "metadata": {
                    "trials": 1
                }
            }
        ],
        [
            {
                "query": {
                    "x1": 0.554185442541105,
                    "x2": 1.7756118798007563
                },
                "metrics": {
                    "outcome": 6.825157961848197
                },
                "metadata": {
                    "trials": 1
                }
            }
        ],
        [
            {
                "query": {
                    "x1": 0.012539021740667344,
                    "x2": 0.9037442046528059
                },
                "metrics": {
                    "outcome": 4.828143090547041
                },
                "metadata": {
                    "trials": 1
                }
            }
        ],
        [
            {
                "query": {
                    "x1": 1.0960490379482506,
                    "x2": -0.44961705268360674
                },
                "metrics": {
                    "outcome": 1.2233095959087978
                },
                "metadata": {
                    "trials": 1
                }
            }
        ],
        [
            {
                "query": {
                    "x1": 2.2359225981247923,
                    "x2": 3.7776709478814157
                },
                "metrics": {
                    "outcome": 9.200943480720316
                },
                "metadata": {
                    "trials": 1
                }
            }
        ],
        [
            {
                "query": {
                    "x1": 1.747227938643967,
                    "x2": 3.1257228975960363
                },
                "metrics": {
                    "outcome": 7.106576074192253
                },
                "metadata": {
                    "trials": 1
                }
            }
        ],
        [
            {
                "query": {
                    "x1": 3.366732513493238,
                    "x2": -2.698212137554462
                },
                "metrics": {
                    "outcome": 26.60775005245102
                },
                "metadata": {
                    "trials": 1
                }
            }
        ],
        [
            {
                "query": {
                    "x1": 3.736476036425059,
                    "x2": 2.938558254189168
                },
                "metrics": {
                    "outcome": 3.760252273840103
                },
                "metadata": {
                    "trials": 1
                }
            }
        ],
        [
            {
                "query": {
                    "x1": 1.894021020270884,
                    "x2": -1.0938316397679348
                },
                "metrics": {
                    "outcome": 5.069140908976663
                },
                "metadata": {
                    "trials": 1
                }
            }
        ],
        [
            {
                "query": {
                    "x1": -0.20415729987435038,
                    "x2": -2.239086015553524
                },
                "metrics": {
                    "outcome": -0.7934985255321219
                },
                "metadata": {
                    "trials": 1
                }
            }
        ],
        [
            {
                "query": {
                    "x1": -0.9836691118433557,
                    "x2": -2.698202754150973
                },
                "metrics": {
                    "outcome": -0.8160021524953684
                },
                "metadata": {
                    "trials": 1
                }
            },
            {
                "query": {
                    "x1": -1.1099403832831016,
                    "x2": -2.7429003830219236
                },
                "metrics": {
                    "outcome": -0.8730022377156654
                },
                "metadata": {
                    "trials": 1
                }
            },
            {
                "query": {
                    "x1": -0.9030677599285565,
                    "x2": -2.5696888599395256
                },
                "metrics": {
                    "outcome": -0.9668506489318407
                },
                "metadata": {
                    "trials": 1
                }
            }
        ],
        [
            {
                "query": {
                    "x1": -1.5,
                    "x2": -1.9563778323017909
                },
                "metrics": {
                    "outcome": -1.1230516421603016
                },
                "metadata": {
                    "trials": 1
                }
            },
            {
                "query": {
                    "x1": -0.5041652960698848,
                    "x2": -1.3887476765353062
                },
                "metrics": {
                    "outcome": -1.8817027256141157
                },
                "metadata": {
                    "trials": 1
                }
            },
            {
                "query": {
                    "x1": -0.39755477425980335,
                    "x2": -1.261181136747213
                },
                "metrics": {
                    "outcome": -1.8069059924929132
                },
                "metadata": {
                    "trials": 1
                }
            }
        ],
        [
            {
                "query": {
                    "x1": 0.2858233243194426,
                    "x2": -1.218488773740542
                },
                "metrics": {
                    "outcome": -1.0152126200987075
                },
                "metadata": {
                    "trials": 1
                }
            },
            {
                "query": {
                    "x1": 0.33138695756613856,
                    "x2": -1.43004147834404
                },
                "metrics": {
                    "outcome": -0.8601502467826942
                },
                "metadata": {
                    "trials": 1
                }
            },
            {
                "query": {
                    "x1": 0.26366272981152683,
                    "x2": -1.0021781328288155
                },
                "metrics": {
                    "outcome": -0.971777178021384
                },
                "metadata": {
                    "trials": 1
                }
            }
        ],
        [
            {
                "query": {
                    "x1": 0.6554935836280649,
                    "x2": -3.0
                },
                "metrics": {
                    "outcome": 5.164069953990902
                },
                "metadata": {
                    "trials": 1
                }
            },
            {
                "query": {
                    "x1": 0.4106969702308012,
                    "x2": -3.0
                },
                "metrics": {
                    "outcome": 3.992170549778061
                },
                "metadata": {
                    "trials": 1
                }
            },
            {
                "query": {
                    "x1": 0.8982643696260699,
                    "x2": -2.999999999999995
                },
                "metrics": {
                    "outcome": 6.486736700372656
                },
                "metadata": {
                    "trials": 1
                }
            }
        ],
        [
            {
                "query": {
                    "x1": -0.16377366839294205,
                    "x2": -1.5710257189663155
                },
                "metrics": {
                    "outcome": -1.6881270757340339
                },
                "metadata": {
                    "trials": 1
                }
            },
            {
                "query": {
                    "x1": -0.22970963393184496,
                    "x2": -1.616343353942521
                },
                "metrics": {
                    "outcome": -1.7358963308870905
                },
                "metadata": {
                    "trials": 1
                }
            },
            {
                "query": {
                    "x1": -0.28962068784100103,
                    "x2": -1.6563185618576546
                },
                "metrics": {
                    "outcome": -1.7689575577163437
                },
                "metadata": {
                    "trials": 1
                }
            }
        ],
        [
            {
                "query": {
                    "x1": 4.0,
                    "x2": 1.0082628467371118
                },
                "metrics": {
                    "outcome": 5.514600601802611
                },
                "metadata": {
                    "trials": 1
                }
            },
            {
                "query": {
                    "x1": 3.6965119633604946,
                    "x2": 1.0432106982676732
                },
                "metrics": {
                    "outcome": 4.103639945778871
                },
                "metadata": {
                    "trials": 1
                }
            },
            {
                "query": {
                    "x1": -0.7108494518772077,
                    "x2": -1.856891812192894
                },
                "metrics": {
                    "outcome": -1.805412788108288
                },
                "metadata": {
                    "trials": 1
                }
            }
        ],
        [
            {
                "query": {
                    "x1": -0.8906454954091586,
                    "x2": -1.1792688440505614
                },
                "metrics": {
                    "outcome": -1.4069054973840052
                },
                "metadata": {
                    "trials": 1
                }
            },
            {
                "query": {
                    "x1": -0.8168024165236353,
                    "x2": -1.0634504716235567
                },
                "metrics": {
                    "outcome": -1.3250865010950568
                },
                "metadata": {
                    "trials": 1
                }
            },
            {
                "query": {
                    "x1": -0.9973612574510945,
                    "x2": -1.2308668572320463
                },
                "metrics": {
                    "outcome": -1.3181646303862244
                },
                "metadata": {
                    "trials": 1
                }
            }
        ],
        [
            {
                "query": {
                    "x1": -0.21440024145300707,
                    "x2": -0.5538539562062037
                },
                "metrics": {
                    "outcome": -0.6426865521635763
                },
                "metadata": {
                    "trials": 1
                }
            },
            {
                "query": {
                    "x1": 1.9858715567619294,
                    "x2": 0.7882539576493564
                },
                "metrics": {
                    "outcome": 1.7853682918177731
                },
                "metadata": {
                    "trials": 1
                }
            },
            {
                "query": {
                    "x1": -1.5,
                    "x2": -2.9999999999999996
                },
                "metrics": {
                    "outcome": -1.0224698823349039
                },
                "metadata": {
                    "trials": 1
                }
            }
        ],
        [
            {
                "query": {
                    "x1": -1.5,
                    "x2": -1.2886461875870485
                },
                "metrics": {
                    "outcome": -0.27260917969866294
                },
                "metadata": {
                    "trials": 1
                }
            },
            {
                "query": {
                    "x1": -1.5,
                    "x2": -2.4768272293272466
                },
                "metrics": {
                    "outcome": -1.2464227040322484
                },
                "metadata": {
                    "trials": 1
                }
            },
            {
                "query": {
                    "x1": -1.5,
                    "x2": -2.3656001566670004
                },
                "metrics": {
                    "outcome": -1.2523445276440706
                },
                "metadata": {
                    "trials": 1
                }
            }
        ],
        [
            {
                "query": {
                    "x1": -0.5257627647297717,
                    "x2": -3.0
                },
                "metrics": {
                    "outcome": 0.7852839113066512
                },
                "metadata": {
                    "trials": 1
                }
            },
            {
                "query": {
                    "x1": -0.09410924636552065,
                    "x2": -1.101510365333239
                },
                "metrics": {
                    "outcome": -1.5281979107858161
                },
                "metadata": {
                    "trials": 1
                }
            },
            {
                "query": {
                    "x1": -0.7686413409894913,
                    "x2": -1.5510822019751695
                },
                "metrics": {
                    "outcome": -1.8449494912494835
                },
                "metadata": {
                    "trials": 1
                }
            }
        ],
        [
            {
                "query": {
                    "x1": -1.223042037083745,
                    "x2": -2.1441067832232887
                },
                "metrics": {
                    "outcome": -1.4536951602149801
                },
                "metadata": {
                    "trials": 1
                }
            },
            {
                "query": {
                    "x1": -0.5395583050416377,
                    "x2": -1.7421087220941764
                },
                "metrics": {
                    "outcome": -1.857600878831033
                },
                "metadata": {
                    "trials": 1
                }
            },
            {
                "query": {
                    "x1": -0.5289027305329129,
                    "x2": -1.7944134719756777
                },
                "metrics": {
                    "outcome": -1.8211310501394022
                },
                "metadata": {
                    "trials": 1
                }
            }
        ],
        [
            {
                "query": {
                    "x1": -0.9065472230902232,
                    "x2": -1.9808678109178324
                },
                "metrics": {
                    "outcome": -1.689633503309234
                },
                "metadata": {
                    "trials": 1
                }
            },
            {
                "query": {
                    "x1": -0.8907069152761007,
                    "x2": -1.9194140997106999
                },
                "metrics": {
                    "outcome": -1.7296713144871783
                },
                "metadata": {
                    "trials": 1
                }
            },
            {
                "query": {
                    "x1": -0.9275980047203153,
                    "x2": -2.037291970113587
                },
                "metrics": {
                    "outcome": -1.6461967787351672
                },
                "metadata": {
                    "trials": 1
                }
            }
        ],
        [
            {
                "query": {
                    "x1": -0.6408662514360618,
                    "x2": -1.3990377021880567
                },
                "metrics": {
                    "outcome": -1.8534430063016316
                },
                "metadata": {
                    "trials": 1
                }
            },
            {
                "query": {
                    "x1": -0.6378625757196734,
                    "x2": -1.4419160996755733
                },
                "metrics": {
                    "outcome": -1.8747351661287555
                },
                "metadata": {
                    "trials": 1
                }
            },
            {
                "query": {
                    "x1": -0.6410555347489317,
                    "x2": -1.3568881007321643
                },
                "metrics": {
                    "outcome": -1.8283719404539767
                },
                "metadata": {
                    "trials": 1
                }
            }
        ],
        [
            {
                "query": {
                    "x1": 0.6253058403796499,
                    "x2": -0.8199283690287147
                },
                "metrics": {
                    "outcome": -0.09247396687472453
                },
                "metadata": {
                    "trials": 1
                }
            },
            {
                "query": {
                    "x1": 0.5979629984394204,
                    "x2": -0.6011691285211356
                },
                "metrics": {
                    "outcome": 0.03484441435803887
                },
                "metadata": {
                    "trials": 1
                }
            },
            {
                "query": {
                    "x1": -0.363598500701797,
                    "x2": -1.4648676565343384
                },
                "metrics": {
                    "outcome": -1.8709640319657161
                },
                "metadata": {
                    "trials": 1
                }
            }
        ],
        [
            {
                "query": {
                    "x1": 2.70855921627209,
                    "x2": 0.5277332017894816
                },
                "metrics": {
                    "outcome": 2.9179380028799238
                },
                "metadata": {
                    "trials": 1
                }
            },
            {
                "query": {
                    "x1": -0.46722768619455235,
                    "x2": -1.5763851009907577
                },
                "metrics": {
                    "outcome": -1.9001802698275059
                },
                "metadata": {
                    "trials": 1
                }
            },
            {
                "query": {
                    "x1": -0.46011847577257803,
                    "x2": -1.6014223032641486
                },
                "metrics": {
                    "outcome": -1.8927858735011105
                },
                "metadata": {
                    "trials": 1
                }
            }
        ],
        [
            {
                "query": {
                    "x1": -0.615501934364294,
                    "x2": -1.6028402356621707
                },
                "metrics": {
                    "outcome": -1.9065773884116202
                },
                "metadata": {
                    "trials": 1
                }
            },
            {
                "query": {
                    "x1": -0.6334998957387463,
                    "x2": -1.615687617456108
                },
                "metrics": {
                    "outcome": -1.9028598021347927
                },
                "metadata": {
                    "trials": 1
                }
            },
            {
                "query": {
                    "x1": -0.5973472006297942,
                    "x2": -1.5908101761165203
                },
                "metrics": {
                    "outcome": -1.909444899385158
                },
                "metadata": {
                    "trials": 1
                }
            }
        ],
        [
            {
                "query": {
                    "x1": -0.5257947349752968,
                    "x2": -1.5071333449292312
                },
                "metrics": {
                    "outcome": -1.9112198669617242
                },
                "metadata": {
                    "trials": 1
                }
            },
            {
                "query": {
                    "x1": -0.5395146492884634,
                    "x2": -1.513466693549086
                },
                "metrics": {
                    "outcome": -1.9117959867090928
                },
                "metadata": {
                    "trials": 1
                }
            },
            {
                "query": {
                    "x1": -0.5118888323689044,
                    "x2": -1.5015900707822398
                },
                "metrics": {
                    "outcome": -1.9102391811453514
                },
                "metadata": {
                    "trials": 1
                }
            }
        ],
        [
            {
                "query": {
                    "x1": -0.5467978002813776,
                    "x2": -1.5633371451750118
                },
                "metrics": {
                    "outcome": -1.9128424564963318
                },
                "metadata": {
                    "trials": 1
                }
            },
            {
                "query": {
                    "x1": -0.5554867451585718,
                    "x2": -1.5574181437321182
                },
                "metrics": {
                    "outcome": -1.9130714019476298
                },
                "metadata": {
                    "trials": 1
                }
            },
            {
                "query": {
                    "x1": -0.5433507663044965,
                    "x2": -1.574757505221307
                },
                "metrics": {
                    "outcome": -1.9119942050245444
                },
                "metadata": {
                    "trials": 1
                }
            }
        ],
        [
            {
                "query": {
                    "x1": -0.588045969047907,
                    "x2": -1.5396471171334358
                },
                "metrics": {
                    "outcome": -1.9104035216010642
                },
                "metadata": {
                    "trials": 1
                }
            },
            {
                "query": {
                    "x1": -0.5781332829607143,
                    "x2": -1.5362505086834088
                },
                "metrics": {
                    "outcome": -1.911296450254952
                },
                "metadata": {
                    "trials": 1
                }
            },
            {
                "query": {
                    "x1": -0.5980008426628294,
                    "x2": -1.5425423573067143
                },
                "metrics": {
                    "outcome": -1.9092334999233018
                },
                "metadata": {
                    "trials": 1
                }
            }
        ],
        [
            {
                "query": {
                    "x1": -0.5293448396362298,
                    "x2": -1.542757970604889
                },
                "metrics": {
                    "outcome": -1.912826944604566
                },
                "metadata": {
                    "trials": 1
                }
            },
            {
                "query": {
                    "x1": -0.522213273769858,
                    "x2": -1.5404434418563528
                },
                "metrics": {
                    "outcome": -1.9124518038566043
                },
                "metadata": {
                    "trials": 1
                }
            },
            {
                "query": {
                    "x1": -0.5365100108250968,
                    "x2": -1.544799649224859
                },
                "metrics": {
                    "outcome": -1.9130799069728477
                },
                "metadata": {
                    "trials": 1
                }
            }
        ],
        [
            {
                "query": {
                    "x1": -0.5555371192429984,
                    "x2": -1.600545268337416
                },
                "metrics": {
                    "outcome": -1.90956954949377
                },
                "metadata": {
                    "trials": 1
                }
            },
            {
                "query": {
                    "x1": -0.5535064518838707,
                    "x2": -1.588762819445967
                },
                "metrics": {
                    "outcome": -1.9109968383043316
                },
                "metadata": {
                    "trials": 1
                }
            },
            {
                "query": {
                    "x1": -0.5470195046255197,
                    "x2": -1.5957858440171804
                },
                "metrics": {
                    "outcome": -1.9098396627529186
                },
                "metadata": {
                    "trials": 1
                }
            }
        ],
        [
            {
                "query": {
                    "x1": -0.5469512789082729,
                    "x2": -1.5445499637373936
                },
                "metrics": {
                    "outcome": -1.913213560417418
                },
                "metadata": {
                    "trials": 1
                }
            },
            {
                "query": {
                    "x1": -0.5410703093033284,
                    "x2": -1.5427973672113309
                },
                "metrics": {
                    "outcome": -1.9131718861021971
                },
                "metadata": {
                    "trials": 1
                }
            },
            {
                "query": {
                    "x1": -0.5521695311,
                    "x2": -1.5483750434812942
                },
                "metrics": {
                    "outcome": -1.9131922014634726
                },
                "metadata": {
                    "trials": 1
                }
            }
        ],
        [
            {
                "query": {
                    "x1": -0.5472863188336002,
                    "x2": -1.5448983519907917
                },
                "metrics": {
                    "outcome": -1.9132151359928358
                },
                "metadata": {
                    "trials": 1
                }
            },
            {
                "query": {
                    "x1": -0.5514765174700921,
                    "x2": -1.5503078712174387
                },
                "metrics": {
                    "outcome": -1.9131979798111356
                },
                "metadata": {
                    "trials": 1
                }
            },
            {
                "query": {
                    "x1": -0.546528532313113,
                    "x2": -1.5374165375131328
                },
                "metrics": {
                    "outcome": -1.913092545500263
                },
                "metadata": {
                    "trials": 1
                }
            }
        ],
        [
            {
                "query": {
                    "x1": -0.7132652543963593,
                    "x2": -1.6940691878096197
                },
                "metrics": {
                    "outcome": -1.8733354217155451
                },
                "metadata": {
                    "trials": 1
                }
            },
            {
                "query": {
                    "x1": -0.49135061358815757,
                    "x2": -1.5151686124537016
                },
                "metrics": {
                    "outcome": -1.909257484057461
                },
                "metadata": {
                    "trials": 1
                }
            },
            {
                "query": {
                    "x1": -0.49920113706895775,
                    "x2": -1.522380013015692
                },
                "metrics": {
                    "outcome": -1.9103587687443815
                },
                "metadata": {
                    "trials": 1
                }
            }
        ],
        [
            {
                "query": {
                    "x1": -0.5605903826378347,
                    "x2": -1.5598617146356155
                },
                "metrics": {
                    "outcome": -1.912929913600797
                },
                "metadata": {
                    "trials": 1
                }
            },
            {
                "query": {
                    "x1": -0.5485956128965948,
                    "x2": -1.5220414395147177
                },
                "metrics": {
                    "outcome": -1.9122723130474455
                },
                "metadata": {
                    "trials": 1
                }
            },
            {
                "query": {
                    "x1": -0.555086861276929,
                    "x2": -1.5572537684611734
                },
                "metrics": {
                    "outcome": -1.9130792965742769
                },
                "metadata": {
                    "trials": 1
                }
            }
        ],
        [
            {
                "query": {
                    "x1": -0.5356834096547474,
                    "x2": -1.5480665258470032
                },
                "metrics": {
                    "outcome": -1.9130204445361492
                },
                "metadata": {
                    "trials": 1
                }
            },
            {
                "query": {
                    "x1": -0.5409789483323932,
                    "x2": -1.5501532258860562
                },
                "metrics": {
                    "outcome": -1.9131341745650934
                },
                "metadata": {
                    "trials": 1
                }
            },
            {
                "query": {
                    "x1": -0.5395695416687769,
                    "x2": -1.543176153778256
                },
                "metrics": {
                    "outcome": -1.913151052668626
                },
                "metadata": {
                    "trials": 1
                }
            }
        ],
        [
            {
                "query": {
                    "x1": -0.564818575433993,
                    "x2": -1.5616924484280281
                },
                "metrics": {
                    "outcome": -1.9127693576705296
                },
                "metadata": {
                    "trials": 1
                }
            },
            {
                "query": {
                    "x1": -0.5594656356443033,
                    "x2": -1.5593396707984895
                },
                "metrics": {
                    "outcome": -1.912966149864657
                },
                "metadata": {
                    "trials": 1
                }
            },
            {
                "query": {
                    "x1": -0.5482609914060377,
                    "x2": -1.5236790288309228
                },
                "metrics": {
                    "outcome": -1.9123994094457308
                },
                "metadata": {
                    "trials": 1
                }
            }
        ],
        [
            {
                "query": {
                    "x1": -0.533231991119531,
                    "x2": -1.5474193609311357
                },
                "metrics": {
                    "outcome": -1.9129396664086404
                },
                "metadata": {
                    "trials": 1
                }
            },
            {
                "query": {
                    "x1": -0.5380748318966927,
                    "x2": -1.5503099333043733
                },
                "metrics": {
                    "outcome": -1.9130575970113415
                },
                "metadata": {
                    "trials": 1
                }
            },
            {
                "query": {
                    "x1": -0.5374245602733737,
                    "x2": -1.543184162087737
                },
                "metrics": {
                    "outcome": -1.913107264670392
                },
                "metadata": {
                    "trials": 1
                }
            }
        ],
        [
            {
                "query": {
                    "x1": -0.5651394039978099,
                    "x2": -1.5614277449843388
                },
                "metrics": {
                    "outcome": -1.9127638063099575
                },
                "metadata": {
                    "trials": 1
                }
            },
            {
                "query": {
                    "x1": -0.5483782525244812,
                    "x2": -1.52557867299579
                },
                "metrics": {
                    "outcome": -1.9125215513492844
                },
                "metadata": {
                    "trials": 1
                }
            },
            {
                "query": {
                    "x1": -0.5600715847494906,
                    "x2": -1.5588488727202117
                },
                "metrics": {
                    "outcome": -1.912962248166286
                },
                "metadata": {
                    "trials": 1
                }
            }
        ],
        [
            {
                "query": {
                    "x1": -0.5473870413962468,
                    "x2": -1.5303042361809622
                },
                "metrics": {
                    "outcome": -1.912809928937313
                },
                "metadata": {
                    "trials": 1
                }
            },
            {
                "query": {
                    "x1": -0.5327909789959887,
                    "x2": -1.5469438201197454
                },
                "metrics": {
                    "outcome": -1.912929326132217
                },
                "metadata": {
                    "trials": 1
                }
            },
            {
                "query": {
                    "x1": -0.5428786143780846,
                    "x2": -1.5340978584640625
                },
                "metrics": {
                    "outcome": -1.9130140364198276
                },
                "metadata": {
                    "trials": 1
                }
            }
        ],
        [
            {
                "query": {
                    "x1": -0.5641451930376945,
                    "x2": -1.5609532620601043
                },
                "metrics": {
                    "outcome": -1.9128070112193702
                },
                "metadata": {
                    "trials": 1
                }
            },
            {
                "query": {
                    "x1": -0.5591062339208593,
                    "x2": -1.5588636627311567
                },
                "metrics": {
                    "outcome": -1.9129833432346843
                },
                "metadata": {
                    "trials": 1
                }
            },
            {
                "query": {
                    "x1": -0.5690546151968683,
                    "x2": -1.563063519377608
                },
                "metrics": {
                    "outcome": -1.9125754190754698
                },
                "metadata": {
                    "trials": 1
                }
            }
        ],
        [
            {
                "query": {
                    "x1": -0.5324462593312727,
                    "x2": -1.549563427703414
                },
                "metrics": {
                    "outcome": -1.9128633765480716
                },
                "metadata": {
                    "trials": 1
                }
            },
            {
                "query": {
                    "x1": -0.5365263664605517,
                    "x2": -1.5535656846136061
                },
                "metrics": {
                    "outcome": -1.9129245922188702
                },
                "metadata": {
                    "trials": 1
                }
            },
            {
                "query": {
                    "x1": -0.5290469565684336,
                    "x2": -1.5447161179110693
                },
                "metrics": {
                    "outcome": -1.9127923819338966
                },
                "metadata": {
                    "trials": 1
                }
            }
        ],
        [
            {
                "query": {
                    "x1": -0.5489774299447652,
                    "x2": -1.5278281761050514
                },
                "metrics": {
                    "outcome": -1.9126412440372937
                },
                "metadata": {
                    "trials": 1
                }
            },
            {
                "query": {
                    "x1": -0.5521442532608433,
                    "x2": -1.5334265426288236
                },
                "metrics": {
                    "outcome": -1.912838827247647
                },
                "metadata": {
                    "trials": 1
                }
            },
            {
                "query": {
                    "x1": -0.5465994091596105,
                    "x2": -1.5216301828928676
                },
                "metrics": {
                    "outcome": -1.9123015616802088
                },
                "metadata": {
                    "trials": 1
                }
            }
        ],
        [
            {
                "query": {
                    "x1": -0.5601027850292131,
                    "x2": -1.5579928480477394
                },
                "metrics": {
                    "outcome": -1.9129763941165323
                },
                "metadata": {
                    "trials": 1
                }
            },
            {
                "query": {
                    "x1": -0.555359433377825,
                    "x2": -1.5561268534251425
                },
                "metrics": {
                    "outcome": -1.9130962984330968
                },
                "metadata": {
                    "trials": 1
                }
            },
            {
                "query": {
                    "x1": -0.5644966024119211,
                    "x2": -1.5606037798367498
                },
                "metrics": {
                    "outcome": -1.9128019947930328
                },
                "metadata": {
                    "trials": 1
                }
            }
        ],
        [
            {
                "query": {
                    "x1": -0.5327527372447234,
                    "x2": -1.547253131133343
                },
                "metrics": {
                    "outcome": -1.9129227915293132
                },
                "metadata": {
                    "trials": 1
                }
            },
            {
                "query": {
                    "x1": -0.5359810238753328,
                    "x2": -1.5521197321773368
                },
                "metrics": {
                    "outcome": -1.91294532090902
                },
                "metadata": {
                    "trials": 1
                }
            },
            {
                "query": {
                    "x1": -0.5299031186624719,
                    "x2": -1.5421814089424348
                },
                "metrics": {
                    "outcome": -1.91285574492721
                },
                "metadata": {
                    "trials": 1
                }
            }
        ],
        [
            {
                "query": {
                    "x1": -0.5532814129733177,
                    "x2": -1.5405470748296868
                },
                "metrics": {
                    "outcome": -1.9130606525782898
                },
                "metadata": {
                    "trials": 1
                }
            },
            {
                "query": {
                    "x1": -0.5496775589393413,
                    "x2": -1.5367673533729915
                },
                "metrics": {
                    "outcome": -1.913028871048903
                },
                "metadata": {
                    "trials": 1
                }
            },
            {
                "query": {
                    "x1": -0.5562940251091973,
                    "x2": -1.5450975284531165
                },
                "metrics": {
                    "outcome": -1.9130764259557393
                },
                "metadata": {
                    "trials": 1
                }
            }
        ],
        [
            {
                "query": {
                    "x1": -0.5425953523846213,
                    "x2": -1.5586381016094957
                },
                "metrics": {
                    "outcome": -1.9129453629099444
                },
                "metadata": {
                    "trials": 1
                }
            },
            {
                "query": {
                    "x1": -0.5473949788999004,
                    "x2": -1.5600677829100915
                },
                "metrics": {
                    "outcome": -1.9129885991661166
                },
                "metadata": {
                    "trials": 1
                }
            },
            {
                "query": {
                    "x1": -0.5382835179633465,
                    "x2": -1.5559151299816771
                },
                "metrics": {
                    "outcome": -1.9129120645261963
                },
                "metadata": {
                    "trials": 1
                }
            }
        ],
        [
            {
                "query": {
                    "x1": -0.5653084581104246,
                    "x2": -1.561240421074652
                },
                "metrics": {
                    "outcome": -1.9127615378702045
                },
                "metadata": {
                    "trials": 1
                }
            },
            {
                "query": {
                    "x1": -0.533603034565715,
                    "x2": -1.5346144831797988
                },
                "metrics": {
                    "outcome": -1.9129237252091702
                },
                "metadata": {
                    "trials": 1
                }
            },
            {
                "query": {
                    "x1": -0.5385016444145984,
                    "x2": -1.532837735691495
                },
                "metrics": {
                    "outcome": -1.9129596890654081
                },
                "metadata": {
                    "trials": 1
                }
            }
        ],
        [
            {
                "query": {
                    "x1": -0.534281100425888,
                    "x2": -1.4952375905138697
                },
                "metrics": {
                    "outcome": -1.9098539198570608
                },
                "metadata": {
                    "trials": 1
                }
            },
            {
                "query": {
                    "x1": -0.5551435903794498,
                    "x2": -1.5421618873130254
                },
                "metrics": {
                    "outcome": -1.9130507646827022
                },
                "metadata": {
                    "trials": 1
                }
            },
            {
                "query": {
                    "x1": -0.5400379245989518,
                    "x2": -1.5026731059383251
                },
                "metrics": {
                    "outcome": -1.9106588969702942
                },
                "metadata": {
                    "trials": 1
                }
            }
        ],
        [
            {
                "query": {
                    "x1": -0.5641298311195238,
                    "x2": -1.5614262074269427
                },
                "metrics": {
                    "outcome": -1.912797743707439
                },
                "metadata": {
                    "trials": 1
                }
            },
            {
                "query": {
                    "x1": -0.5610206910995482,
                    "x2": -1.5564031252375825
                },
                "metrics": {
                    "outcome": -1.9129730248891947
                },
                "metadata": {
                    "trials": 1
                }
            },
            {
                "query": {
                    "x1": -0.5562360080608509,
                    "x2": -1.5452806614472083
                },
                "metrics": {
                    "outcome": -1.9130810045697264
                },
                "metadata": {
                    "trials": 1
                }
            }
        ],
        [
            {
                "query": {
                    "x1": -0.530124541890194,
                    "x2": -1.5389538380867611
                },
                "metrics": {
                    "outcome": -1.9128661275583765
                },
                "metadata": {
                    "trials": 1
                }
            },
            {
                "query": {
                    "x1": -0.5347541191100867,
                    "x2": -1.5401293204385385
                },
                "metrics": {
                    "outcome": -1.9130285983227298
                },
                "metadata": {
                    "trials": 1
                }
            },
            {
                "query": {
                    "x1": -0.5318079922446542,
                    "x2": -1.5446072036978533
                },
                "metrics": {
                    "outcome": -1.9129186715090643
                },
                "metadata": {
                    "trials": 1
                }
            }
        ],
        [
            {
                "query": {
                    "x1": -0.5542865208261626,
                    "x2": -1.5409956304946348
                },
                "metrics": {
                    "outcome": -1.9130459665548631
                },
                "metadata": {
                    "trials": 1
                }
            },
            {
                "query": {
                    "x1": -0.557494041479337,
                    "x2": -1.5447865818157553
                },
                "metrics": {
                    "outcome": -1.9130345910971194
                },
                "metadata": {
                    "trials": 1
                }
            },
            {
                "query": {
                    "x1": -0.5503102227966182,
                    "x2": -1.5386729437604787
                },
                "metrics": {
                    "outcome": -1.9130748330089835
                },
                "metadata": {
                    "trials": 1
                }
            }
        ],
        [
            {
                "query": {
                    "x1": -0.54283916392727,
                    "x2": -1.5609482945006288
                },
                "metrics": {
                    "outcome": -1.912856884897157
                },
                "metadata": {
                    "trials": 1
                }
            },
            {
                "query": {
                    "x1": -0.547410509311729,
                    "x2": -1.562642142222839
                },
                "metrics": {
                    "outcome": -1.9128851174930404
                },
                "metadata": {
                    "trials": 1
                }
            },
            {
                "query": {
                    "x1": -0.5386227849963058,
                    "x2": -1.5583778649861029
                },
                "metrics": {
                    "outcome": -1.9128297536008483
                },
                "metadata": {
                    "trials": 1
                }
            }
        ],
        [
            {
                "query": {
                    "x1": -0.5667745101146158,
                    "x2": -1.5643268857158945
                },
                "metrics": {
                    "outcome": -1.9126377301790618
                },
                "metadata": {
                    "trials": 1
                }
            },
            {
                "query": {
                    "x1": -0.5303470299605203,
                    "x2": -1.5363558012832859
                },
                "metrics": {
                    "outcome": -1.9128530403217665
                },
                "metadata": {
                    "trials": 1
                }
            },
            {
                "query": {
                    "x1": -0.5621823408782767,
                    "x2": -1.561934672752945
                },
                "metrics": {
                    "outcome": -1.912842589751833
                },
                "metadata": {
                    "trials": 1
                }
            }
        ],
        [
            {
                "query": {
                    "x1": -0.5527479375323249,
                    "x2": -1.5394602241424902
                },
                "metrics": {
                    "outcome": -1.9130443198090545
                },
                "metadata": {
                    "trials": 1
                }
            },
            {
                "query": {
                    "x1": -0.5486220485284987,
                    "x2": -1.5377831797495043
                },
                "metrics": {
                    "outcome": -1.9130777888438293
                },
                "metadata": {
                    "trials": 1
                }
            },
            {
                "query": {
                    "x1": -0.5564328757839632,
                    "x2": -1.542202916457191
                },
                "metrics": {
                    "outcome": -1.9130126825430036
                },
                "metadata": {
                    "trials": 1
                }
            }
        ]
    ],
    "best_results": [
        {
            "query": {
                "x1": -0.5472863188336002,
                "x2": -1.5448983519907917
            },
            "metrics": [
                {
                    "name": "outcome",
                    "value": -1.9132151359928358
                }
            ]
        }
    ]
}