{
    "date": "26/10/2022 19:15:04",
    "basic_params": {
        "active_variables": [
            "x"
        ],
        "default_query": {},
        "metric": "basic",
        "n_trials": 1
    },
    "objective_function": {
        "name": "Gramacy1D",
        "params": {}
    },
    "optimizer": {
        "name": "BBO-LP",
        "params": {
            "lower_bound": [
                0.5
            ],
            "upper_bound": [
                2.5
            ],
            "invert_metric": false,
            "bopt_params": {
                "n_init_samples": 15,
                "n_iterations": 45,
                "verbose_level": 1,
                "n_parallel_samples": 3,
                "par_type": "PAR_BBO",
                "crit_name": "cLP(cLCB)",
                "n_crit_params": 4,
                "crit_params": [
                    3,
                    1,
                    1.0
                ]
            }
        }
    },
    "iterations": [
        [
            {
                "query": {
                    "x": 1.9983525254142782
                },
                "metrics": {
                    "outcome": 0.98048224724134
                },
                "metadata": {
                    "trials": 1
                }
            }
        ],
        [
            {
                "query": {
                    "x": 0.5990308198767403
                },
                "metrics": {
                    "outcome": 0.00043881213031340266
                },
                "metadata": {
                    "trials": 1
                }
            }
        ],
        [
            {
                "query": {
                    "x": 1.8742926358866194
                },
                "metrics": {
                    "outcome": 0.7770663710554784
                },
                "metadata": {
                    "trials": 1
                }
            }
        ],
        [
            {
                "query": {
                    "x": 2.446039720562597
                },
                "metrics": {
                    "outcome": 4.575242127956598
                },
                "metadata": {
                    "trials": 1
                }
            }
        ],
        [
            {
                "query": {
                    "x": 0.9611228842909137
                },
                "metrics": {
                    "outcome": -0.48878331753985105
                },
                "metadata": {
                    "trials": 1
                }
            }
        ],
        [
            {
                "query": {
                    "x": 1.7834990887281796
                },
                "metrics": {
                    "outcome": 0.2379296796825922
                },
                "metadata": {
                    "trials": 1
                }
            }
        ],
        [
            {
                "query": {
                    "x": 1.4350363158620894
                },
                "metrics": {
                    "outcome": 0.3464457033973874
                },
                "metadata": {
                    "trials": 1
                }
            }
        ],
        [
            {
                "query": {
                    "x": 0.7694151232639949
                },
                "metrics": {
                    "outcome": -0.5298373890495347
                },
                "metadata": {
                    "trials": 1
                }
            }
        ],
        [
            {
                "query": {
                    "x": 1.6808797270680467
                },
                "metrics": {
                    "outcome": 0.383049942951721
                },
                "metadata": {
                    "trials": 1
                }
            }
        ],
        [
            {
                "query": {
                    "x": 1.3922578810403743
                },
                "metrics": {
                    "outcome": -0.06281589586664624
                },
                "metadata": {
                    "trials": 1
                }
            }
        ],
        [
            {
                "query": {
                    "x": 1.1818722257080179
                },
                "metrics": {
                    "outcome": -0.22702348477561116
                },
                "metadata": {
                    "trials": 1
                }
            }
        ],
        [
            {
                "query": {
                    "x": 2.1516625051697096
                },
                "metrics": {
                    "outcome": 1.5270804806695037
                },
                "metadata": {
                    "trials": 1
                }
            }
        ],
        [
            {
                "query": {
                    "x": 0.668554233542333
                },
                "metrics": {
                    "outcome": 0.6364535965315564
                },
                "metadata": {
                    "trials": 1
                }
            }
        ],
        [
            {
                "query": {
                    "x": 1.0627089513776204
                },
                "metrics": {
                    "outcome": 0.43350553481462994
                },
                "metadata": {
                    "trials": 1
                }
            }
        ],
        [
            {
                "query": {
                    "x": 2.2660264724244676
                },
                "metrics": {
                    "outcome": 2.762310746467228
                },
                "metadata": {
                    "trials": 1
                }
            }
        ],
        [
            {
                "query": {
                    "x": 0.8591714169042299
                },
                "metrics": {
                    "outcome": 0.5583596045005449
                },
                "metadata": {
                    "trials": 1
                }
            },
            {
                "query": {
                    "x": 0.8884172369487406
                },
                "metrics": {
                    "outcome": 0.2004583567994847
                },
                "metadata": {
                    "trials": 1
                }
            },
            {
                "query": {
                    "x": 0.8287448994788746
                },
                "metrics": {
                    "outcome": 0.47459924554543326
                },
                "metadata": {
                    "trials": 1
                }
            }
        ],
        [
            {
                "query": {
                    "x": 0.5000000000000016
                },
                "metrics": {
                    "outcome": 0.06249999999995187
                },
                "metadata": {
                    "trials": 1
                }
            },
            {
                "query": {
                    "x": 1.2778894835656822
                },
                "metrics": {
                    "outcome": 0.25641352165331854
                },
                "metadata": {
                    "trials": 1
                }
            },
            {
                "query": {
                    "x": 1.3246643168780938
                },
                "metrics": {
                    "outcome": -0.25296028110772495
                },
                "metadata": {
                    "trials": 1
                }
            }
        ],
        [
            {
                "query": {
                    "x": 0.7540578145802851
                },
                "metrics": {
                    "outcome": -0.6540397786473828
                },
                "metadata": {
                    "trials": 1
                }
            },
            {
                "query": {
                    "x": 0.9490506314821449
                },
                "metrics": {
                    "outcome": -0.5266012347936284
                },
                "metadata": {
                    "trials": 1
                }
            },
            {
                "query": {
                    "x": 0.7734597547535356
                },
                "metrics": {
                    "outcome": -0.4760474948424579
                },
                "metadata": {
                    "trials": 1
                }
            }
        ],
        [
            {
                "query": {
                    "x": 0.7485682217820787
                },
                "metrics": {
                    "outcome": -0.6632696895172056
                },
                "metadata": {
                    "trials": 1
                }
            },
            {
                "query": {
                    "x": 0.7572293900353027
                },
                "metrics": {
                    "outcome": -0.6398712975526255
                },
                "metadata": {
                    "trials": 1
                }
            },
            {
                "query": {
                    "x": 0.7401260034289728
                },
                "metrics": {
                    "outcome": -0.6387567876696181
                },
                "metadata": {
                    "trials": 1
                }
            }
        ],
        [
            {
                "query": {
                    "x": 0.748581954398704
                },
                "metrics": {
                    "outcome": -0.6632712168307775
                },
                "metadata": {
                    "trials": 1
                }
            },
            {
                "query": {
                    "x": 0.7526764856308926
                },
                "metrics": {
                    "outcome": -0.6582074332865128
                },
                "metadata": {
                    "trials": 1
                }
            },
            {
                "query": {
                    "x": 0.7445135517078743
                },
                "metrics": {
                    "outcome": -0.6573676680200944
                },
                "metadata": {
                    "trials": 1
                }
            }
        ],
        [
            {
                "query": {
                    "x": 0.7486787822484008
                },
                "metrics": {
                    "outcome": -0.6632784563236619
                },
                "metadata": {
                    "trials": 1
                }
            },
            {
                "query": {
                    "x": 0.7520550531732588
                },
                "metrics": {
                    "outcome": -0.659680446559855
                },
                "metadata": {
                    "trials": 1
                }
            },
            {
                "query": {
                    "x": 0.7453097027918384
                },
                "metrics": {
                    "outcome": -0.6593845881632644
                },
                "metadata": {
                    "trials": 1
                }
            }
        ],
        [
            {
                "query": {
                    "x": 0.7487034108115509
                },
                "metrics": {
                    "outcome": -0.6632793116189606
                },
                "metadata": {
                    "trials": 1
                }
            },
            {
                "query": {
                    "x": 0.7517555361581524
                },
                "metrics": {
                    "outcome": -0.6603008721487456
                },
                "metadata": {
                    "trials": 1
                }
            },
            {
                "query": {
                    "x": 0.7456545989539853
                },
                "metrics": {
                    "outcome": -0.660128153187561
                },
                "metadata": {
                    "trials": 1
                }
            }
        ],
        [
            {
                "query": {
                    "x": 0.748714499454368
                },
                "metrics": {
                    "outcome": -0.6632795661563688
                },
                "metadata": {
                    "trials": 1
                }
            },
            {
                "query": {
                    "x": 0.7515641024035002
                },
                "metrics": {
                    "outcome": -0.6606668375088679
                },
                "metadata": {
                    "trials": 1
                }
            },
            {
                "query": {
                    "x": 0.7458667228142754
                },
                "metrics": {
                    "outcome": -0.6605463798977704
                },
                "metadata": {
                    "trials": 1
                }
            }
        ],
        [
            {
                "query": {
                    "x": 0.7487207712387914
                },
                "metrics": {
                    "outcome": -0.6632796742362331
                },
                "metadata": {
                    "trials": 1
                }
            },
            {
                "query": {
                    "x": 0.7514259255090905
                },
                "metrics": {
                    "outcome": -0.6609161574102612
                },
                "metadata": {
                    "trials": 1
                }
            },
            {
                "query": {
                    "x": 0.746016702484493
                },
                "metrics": {
                    "outcome": -0.6608241130779565
                },
                "metadata": {
                    "trials": 1
                }
            }
        ],
        [
            {
                "query": {
                    "x": 0.7487247896230557
                },
                "metrics": {
                    "outcome": -0.6632797298550763
                },
                "metadata": {
                    "trials": 1
                }
            },
            {
                "query": {
                    "x": 0.751319031134337
                },
                "metrics": {
                    "outcome": -0.6611004934612636
                },
                "metadata": {
                    "trials": 1
                }
            },
            {
                "query": {
                    "x": 0.7461312287487201
                },
                "metrics": {
                    "outcome": -0.6610261703819343
                },
                "metadata": {
                    "trials": 1
                }
            }
        ],
        [
            {
                "query": {
                    "x": 0.7487276179449506
                },
                "metrics": {
                    "outcome": -0.663279762619669
                },
                "metadata": {
                    "trials": 1
                }
            },
            {
                "query": {
                    "x": 0.7462230762160807
                },
                "metrics": {
                    "outcome": -0.6611819442224907
                },
                "metadata": {
                    "trials": 1
                }
            },
            {
                "query": {
                    "x": 0.7512325799482145
                },
                "metrics": {
                    "outcome": -0.6612441241890531
                },
                "metadata": {
                    "trials": 1
                }
            }
        ],
        [
            {
                "query": {
                    "x": 0.7487296767621395
                },
                "metrics": {
                    "outcome": -0.6632797831537063
                },
                "metadata": {
                    "trials": 1
                }
            },
            {
                "query": {
                    "x": 0.7462992349608527
                },
                "metrics": {
                    "outcome": -0.6613068765198398
                },
                "metadata": {
                    "trials": 1
                }
            },
            {
                "query": {
                    "x": 0.7511603726686351
                },
                "metrics": {
                    "outcome": -0.6613603516911346
                },
                "metadata": {
                    "trials": 1
                }
            }
        ],
        [
            {
                "query": {
                    "x": 0.7487312776105282
                },
                "metrics": {
                    "outcome": -0.6632797971891761
                },
                "metadata": {
                    "trials": 1
                }
            },
            {
                "query": {
                    "x": 0.7463639965594174
                },
                "metrics": {
                    "outcome": -0.6614100933073235
                },
                "metadata": {
                    "trials": 1
                }
            },
            {
                "query": {
                    "x": 0.7510986771027337
                },
                "metrics": {
                    "outcome": -0.661456962424214
                },
                "metadata": {
                    "trials": 1
                }
            }
        ],
        [
            {
                "query": {
                    "x": 0.7487325315413659
                },
                "metrics": {
                    "outcome": -0.6632798070032154
                },
                "metadata": {
                    "trials": 1
                }
            },
            {
                "query": {
                    "x": 0.7464201293185037
                },
                "metrics": {
                    "outcome": -0.6614973123546536
                },
                "metadata": {
                    "trials": 1
                }
            },
            {
                "query": {
                    "x": 0.7510449905444976
                },
                "metrics": {
                    "outcome": -0.6615390089153461
                },
                "metadata": {
                    "trials": 1
                }
            }
        ],
        [
            {
                "query": {
                    "x": 0.7487335465743248
                },
                "metrics": {
                    "outcome": -0.6632798141884303
                },
                "metadata": {
                    "trials": 1
                }
            },
            {
                "query": {
                    "x": 0.7464694961898022
                },
                "metrics": {
                    "outcome": -0.6615722955357061
                },
                "metadata": {
                    "trials": 1
                }
            },
            {
                "query": {
                    "x": 0.750997594528086
                },
                "metrics": {
                    "outcome": -0.6616098770452009
                },
                "metadata": {
                    "trials": 1
                }
            }
        ],
        [
            {
                "query": {
                    "x": 0.7487343904766972
                },
                "metrics": {
                    "outcome": -0.6632798196452052
                },
                "metadata": {
                    "trials": 1
                }
            },
            {
                "query": {
                    "x": 0.7465134645896815
                },
                "metrics": {
                    "outcome": -0.6616377213628196
                },
                "metadata": {
                    "trials": 1
                }
            },
            {
                "query": {
                    "x": 0.7509552661090959
                },
                "metrics": {
                    "outcome": -0.6616719271406561
                },
                "metadata": {
                    "trials": 1
                }
            }
        ],
        [
            {
                "query": {
                    "x": 0.748735103100818
                },
                "metrics": {
                    "outcome": -0.6632798238875377
                },
                "metadata": {
                    "trials": 1
                }
            },
            {
                "query": {
                    "x": 0.7465530181390375
                },
                "metrics": {
                    "outcome": -0.6616954849305682
                },
                "metadata": {
                    "trials": 1
                }
            },
            {
                "query": {
                    "x": 0.7509171102789715
                },
                "metrics": {
                    "outcome": -0.6617268570474045
                },
                "metadata": {
                    "trials": 1
                }
            }
        ],
        [
            {
                "query": {
                    "x": 0.748735720803803
                },
                "metrics": {
                    "outcome": -0.663279827293959
                },
                "metadata": {
                    "trials": 1
                }
            },
            {
                "query": {
                    "x": 0.7465889095645448
                },
                "metrics": {
                    "outcome": -0.6617470046049816
                },
                "metadata": {
                    "trials": 1
                }
            },
            {
                "query": {
                    "x": 0.7508824208568681
                },
                "metrics": {
                    "outcome": -0.661775970741111
                },
                "metadata": {
                    "trials": 1
                }
            }
        ],
        [
            {
                "query": {
                    "x": 0.7487362331248807
                },
                "metrics": {
                    "outcome": -0.6632798299284275
                },
                "metadata": {
                    "trials": 1
                }
            },
            {
                "query": {
                    "x": 0.7466216932579423
                },
                "metrics": {
                    "outcome": -0.6617933185743814
                },
                "metadata": {
                    "trials": 1
                }
            },
            {
                "query": {
                    "x": 0.7508506585922428
                },
                "metrics": {
                    "outcome": -0.6618202501742548
                },
                "metadata": {
                    "trials": 1
                }
            }
        ],
        [
            {
                "query": {
                    "x": 0.7487366913089336
                },
                "metrics": {
                    "outcome": -0.6632798321379556
                },
                "metadata": {
                    "trials": 1
                }
            },
            {
                "query": {
                    "x": 0.7466518322285505
                },
                "metrics": {
                    "outcome": -0.6618352689864331
                },
                "metadata": {
                    "trials": 1
                }
            },
            {
                "query": {
                    "x": 0.7508214160060209
                },
                "metrics": {
                    "outcome": -0.6618604337048296
                },
                "metadata": {
                    "trials": 1
                }
            }
        ],
        [
            {
                "query": {
                    "x": 0.7487370851648671
                },
                "metrics": {
                    "outcome": -0.6632798339266689
                },
                "metadata": {
                    "trials": 1
                }
            },
            {
                "query": {
                    "x": 0.7463294963262873
                },
                "metrics": {
                    "outcome": -0.6613554523782083
                },
                "metadata": {
                    "trials": 1
                }
            },
            {
                "query": {
                    "x": 0.7511447058848569
                },
                "metrics": {
                    "outcome": -0.6613851201593112
                },
                "metadata": {
                    "trials": 1
                }
            }
        ],
        [
            {
                "query": {
                    "x": 0.7487375497734587
                },
                "metrics": {
                    "outcome": -0.6632798359052543
                },
                "metadata": {
                    "trials": 1
                }
            },
            {
                "query": {
                    "x": 0.7467026668578554
                },
                "metrics": {
                    "outcome": -0.661904664082537
                },
                "metadata": {
                    "trials": 1
                }
            },
            {
                "query": {
                    "x": 0.7507722842712121
                },
                "metrics": {
                    "outcome": -0.6619266886238524
                },
                "metadata": {
                    "trials": 1
                }
            }
        ],
        [
            {
                "query": {
                    "x": 0.7487378496524629
                },
                "metrics": {
                    "outcome": -0.6632798371067632
                },
                "metadata": {
                    "trials": 1
                }
            },
            {
                "query": {
                    "x": 0.7467269535387016
                },
                "metrics": {
                    "outcome": -0.6619372147060455
                },
                "metadata": {
                    "trials": 1
                }
            },
            {
                "query": {
                    "x": 0.7507486017057009
                },
                "metrics": {
                    "outcome": -0.66195806095556
                },
                "metadata": {
                    "trials": 1
                }
            }
        ],
        [
            {
                "query": {
                    "x": 0.7487381455138103
                },
                "metrics": {
                    "outcome": -0.663279838234084
                },
                "metadata": {
                    "trials": 1
                }
            },
            {
                "query": {
                    "x": 0.746749704664063
                },
                "metrics": {
                    "outcome": -0.6619673533029411
                },
                "metadata": {
                    "trials": 1
                }
            },
            {
                "query": {
                    "x": 0.7507264271198676
                },
                "metrics": {
                    "outcome": -0.6619871030450186
                },
                "metadata": {
                    "trials": 1
                }
            }
        ],
        [
            {
                "query": {
                    "x": 0.7487384233586187
                },
                "metrics": {
                    "outcome": -0.6632798392402206
                },
                "metadata": {
                    "trials": 1
                }
            },
            {
                "query": {
                    "x": 0.7467710841981599
                },
                "metrics": {
                    "outcome": -0.6619953628727333
                },
                "metadata": {
                    "trials": 1
                }
            },
            {
                "query": {
                    "x": 0.7507055974166594
                },
                "metrics": {
                    "outcome": -0.6620140907007204
                },
                "metadata": {
                    "trials": 1
                }
            }
        ],
        [
            {
                "query": {
                    "x": 0.748738643203846
                },
                "metrics": {
                    "outcome": -0.6632798400002669
                },
                "metadata": {
                    "trials": 1
                }
            },
            {
                "query": {
                    "x": 0.7467912104129207
                },
                "metrics": {
                    "outcome": -0.6620214541584656
                },
                "metadata": {
                    "trials": 1
                }
            },
            {
                "query": {
                    "x": 0.7506859227808982
                },
                "metrics": {
                    "outcome": -0.6620393210884091
                },
                "metadata": {
                    "trials": 1
                }
            }
        ],
        [
            {
                "query": {
                    "x": 0.7487388434884056
                },
                "metrics": {
                    "outcome": -0.6632798406649555
                },
                "metadata": {
                    "trials": 1
                }
            },
            {
                "query": {
                    "x": 0.7468102119398448
                },
                "metrics": {
                    "outcome": -0.6620458415111303
                },
                "metadata": {
                    "trials": 1
                }
            },
            {
                "query": {
                    "x": 0.7506673120952836
                },
                "metrics": {
                    "outcome": -0.6620629539509092
                },
                "metadata": {
                    "trials": 1
                }
            }
        ],
        [
            {
                "query": {
                    "x": 0.7487390091988786
                },
                "metrics": {
                    "outcome": -0.6632798411949137
                },
                "metadata": {
                    "trials": 1
                }
            },
            {
                "query": {
                    "x": 0.7468282057070916
                },
                "metrics": {
                    "outcome": -0.6620687152928085
                },
                "metadata": {
                    "trials": 1
                }
            },
            {
                "query": {
                    "x": 0.750649658314508
                },
                "metrics": {
                    "outcome": -0.6620851621901983
                },
                "metadata": {
                    "trials": 1
                }
            }
        ],
        [
            {
                "query": {
                    "x": 0.7487392107840827
                },
                "metrics": {
                    "outcome": -0.6632798418152003
                },
                "metadata": {
                    "trials": 1
                }
            },
            {
                "query": {
                    "x": 0.7468453311700878
                },
                "metrics": {
                    "outcome": -0.6620902863648435
                },
                "metadata": {
                    "trials": 1
                }
            },
            {
                "query": {
                    "x": 0.7506329226488861
                },
                "metrics": {
                    "outcome": -0.6621060271064994
                },
                "metadata": {
                    "trials": 1
                }
            }
        ],
        [
            {
                "query": {
                    "x": 0.7487393729409437
                },
                "metrics": {
                    "outcome": -0.6632798422947241
                },
                "metadata": {
                    "trials": 1
                }
            },
            {
                "query": {
                    "x": 0.7468616033870531
                },
                "metrics": {
                    "outcome": -0.6621106029585112
                },
                "metadata": {
                    "trials": 1
                }
            },
            {
                "query": {
                    "x": 0.7506169811504309
                },
                "metrics": {
                    "outcome": -0.662125731419797
                },
                "metadata": {
                    "trials": 1
                }
            }
        ],
        [
            {
                "query": {
                    "x": 0.7487395341113005
                },
                "metrics": {
                    "outcome": -0.6632798427541562
                },
                "metadata": {
                    "trials": 1
                }
            },
            {
                "query": {
                    "x": 0.7468771366539461
                },
                "metrics": {
                    "outcome": -0.6621298335464638
                },
                "metadata": {
                    "trials": 1
                }
            },
            {
                "query": {
                    "x": 0.7506017789063344
                },
                "metrics": {
                    "outcome": -0.6621443670217719
                },
                "metadata": {
                    "trials": 1
                }
            }
        ],
        [
            {
                "query": {
                    "x": 0.7487396482528165
                },
                "metrics": {
                    "outcome": -0.6632798430691711
                },
                "metadata": {
                    "trials": 1
                }
            },
            {
                "query": {
                    "x": 0.7468919254608768
                },
                "metrics": {
                    "outcome": -0.6621479941688097
                },
                "metadata": {
                    "trials": 1
                }
            },
            {
                "query": {
                    "x": 0.7505872142241481
                },
                "metrics": {
                    "outcome": -0.6621620791596864
                },
                "metadata": {
                    "trials": 1
                }
            }
        ],
        [
            {
                "query": {
                    "x": 0.7487398028162224
                },
                "metrics": {
                    "outcome": -0.6632798434820565
                },
                "metadata": {
                    "trials": 1
                }
            },
            {
                "query": {
                    "x": 0.7469061170585369
                },
                "metrics": {
                    "outcome": -0.6621652854025935
                },
                "metadata": {
                    "trials": 1
                }
            },
            {
                "query": {
                    "x": 0.7505733231381239
                },
                "metrics": {
                    "outcome": -0.6621788427406641
                },
                "metadata": {
                    "trials": 1
                }
            }
        ],
        [
            {
                "query": {
                    "x": 0.7487399534123913
                },
                "metrics": {
                    "outcome": -0.6632798438691981
                },
                "metadata": {
                    "trials": 1
                }
            },
            {
                "query": {
                    "x": 0.7469197397131453
                },
                "metrics": {
                    "outcome": -0.6621817581200713
                },
                "metadata": {
                    "trials": 1
                }
            },
            {
                "query": {
                    "x": 0.7505600097670349
                },
                "metrics": {
                    "outcome": -0.6621947905746897
                },
                "metadata": {
                    "trials": 1
                }
            }
        ],
        [
            {
                "query": {
                    "x": 0.7487400532817978
                },
                "metrics": {
                    "outcome": -0.6632798441176911
                },
                "metadata": {
                    "trials": 1
                }
            },
            {
                "query": {
                    "x": 0.7469327590164024
                },
                "metrics": {
                    "outcome": -0.6621973865466255
                },
                "metadata": {
                    "trials": 1
                }
            },
            {
                "query": {
                    "x": 0.7505471903696348
                },
                "metrics": {
                    "outcome": -0.6622100370090809
                },
                "metadata": {
                    "trials": 1
                }
            }
        ],
        [
            {
                "query": {
                    "x": 0.7487401574648449
                },
                "metrics": {
                    "outcome": -0.6632798443699107
                },
                "metadata": {
                    "trials": 1
                }
            },
            {
                "query": {
                    "x": 0.7466373563644775
                },
                "metrics": {
                    "outcome": -0.6618151950432611
                },
                "metadata": {
                    "trials": 1
                }
            },
            {
                "query": {
                    "x": 0.7508428279664018
                },
                "metrics": {
                    "outcome": -0.6618310654050843
                },
                "metadata": {
                    "trials": 1
                }
            }
        ],
        [
            {
                "query": {
                    "x": 0.748740278088554
                },
                "metrics": {
                    "outcome": -0.6632798446529948
                },
                "metadata": {
                    "trials": 1
                }
            },
            {
                "query": {
                    "x": 0.7469496392506769
                },
                "metrics": {
                    "outcome": -0.662217482741198
                },
                "metadata": {
                    "trials": 1
                }
            },
            {
                "query": {
                    "x": 0.7505245430174379
                },
                "metrics": {
                    "outcome": -0.662236709090541
                },
                "metadata": {
                    "trials": 1
                }
            }
        ],
        [
            {
                "query": {
                    "x": 0.7487403928757473
                },
                "metrics": {
                    "outcome": -0.6632798449134755
                },
                "metadata": {
                    "trials": 1
                }
            },
            {
                "query": {
                    "x": 0.7469674577828799
                },
                "metrics": {
                    "outcome": -0.6622384915302192
                },
                "metadata": {
                    "trials": 1
                }
            },
            {
                "query": {
                    "x": 0.750513130744584
                },
                "metrics": {
                    "outcome": -0.6622500221983904
                },
                "metadata": {
                    "trials": 1
                }
            }
        ],
        [
            {
                "query": {
                    "x": 0.748740471839471
                },
                "metrics": {
                    "outcome": -0.6632798450876215
                },
                "metadata": {
                    "trials": 1
                }
            },
            {
                "query": {
                    "x": 0.7469787310804534
                },
                "metrics": {
                    "outcome": -0.6622516747615332
                },
                "metadata": {
                    "trials": 1
                }
            },
            {
                "query": {
                    "x": 0.7505020676564182
                },
                "metrics": {
                    "outcome": -0.662262846539148
                },
                "metadata": {
                    "trials": 1
                }
            }
        ],
        [
            {
                "query": {
                    "x": 0.7487405644193066
                },
                "metrics": {
                    "outcome": -0.6632798452865623
                },
                "metadata": {
                    "trials": 1
                }
            },
            {
                "query": {
                    "x": 0.7469895822001519
                },
                "metrics": {
                    "outcome": -0.6622642848991903
                },
                "metadata": {
                    "trials": 1
                }
            },
            {
                "query": {
                    "x": 0.7504914111834151
                },
                "metrics": {
                    "outcome": -0.662275123735536
                },
                "metadata": {
                    "trials": 1
                }
            }
        ],
        [
            {
                "query": {
                    "x": 0.7487406398931158
                },
                "metrics": {
                    "outcome": -0.6632798454445642
                },
                "metadata": {
                    "trials": 1
                }
            },
            {
                "query": {
                    "x": 0.7504810786134495
                },
                "metrics": {
                    "outcome": -0.6622869567435593
                },
                "metadata": {
                    "trials": 1
                }
            },
            {
                "query": {
                    "x": 0.7470000447576006
                },
                "metrics": {
                    "outcome": -0.6622763697455603
                },
                "metadata": {
                    "trials": 1
                }
            }
        ],
        [
            {
                "query": {
                    "x": 0.7487407324560635
                },
                "metrics": {
                    "outcome": -0.6632798456332156
                },
                "metadata": {
                    "trials": 1
                }
            },
            {
                "query": {
                    "x": 0.7470102062381844
                },
                "metrics": {
                    "outcome": -0.6622880375300001
                },
                "metadata": {
                    "trials": 1
                }
            },
            {
                "query": {
                    "x": 0.750471112796515
                },
                "metrics": {
                    "outcome": -0.6622983034892339
                },
                "metadata": {
                    "trials": 1
                }
            }
        ],
        [
            {
                "query": {
                    "x": 0.7487408377805758
                },
                "metrics": {
                    "outcome": -0.663279845841007
                },
                "metadata": {
                    "trials": 1
                }
            },
            {
                "query": {
                    "x": 0.7470200475182274
                },
                "metrics": {
                    "outcome": -0.6622992725536523
                },
                "metadata": {
                    "trials": 1
                }
            },
            {
                "query": {
                    "x": 0.7504614850393097
                },
                "metrics": {
                    "outcome": -0.6623092035469318
                },
                "metadata": {
                    "trials": 1
                }
            }
        ],
        [
            {
                "query": {
                    "x": 0.748740834534481
                },
                "metrics": {
                    "outcome": -0.6632798458347121
                },
                "metadata": {
                    "trials": 1
                }
            },
            {
                "query": {
                    "x": 0.7470295680479974
                },
                "metrics": {
                    "outcome": -0.6623100804469827
                },
                "metadata": {
                    "trials": 1
                }
            },
            {
                "query": {
                    "x": 0.7504520494619085
                },
                "metrics": {
                    "outcome": -0.662319827113302
                },
                "metadata": {
                    "trials": 1
                }
            }
        ],
        [
            {
                "query": {
                    "x": 0.7487409945791069
                },
                "metrics": {
                    "outcome": -0.663279846136804
                },
                "metadata": {
                    "trials": 1
                }
            },
            {
                "query": {
                    "x": 0.7470377522509264
                },
                "metrics": {
                    "outcome": -0.6623193234018067
                },
                "metadata": {
                    "trials": 1
                }
            },
            {
                "query": {
                    "x": 0.7504430554473458
                },
                "metrics": {
                    "outcome": -0.6623298992283758
                },
                "metadata": {
                    "trials": 1
                }
            }
        ]
    ],
    "best_results": [
        {
            "query": {
                "x": 0.7487409945791069
            },
            "metrics": [
                {
                    "name": "outcome",
                    "value": -0.663279846136804
                }
            ]
        }
    ]
}