{
    "date": "04/11/2022 16:32:19",
    "basic_params": {
        "active_variables": [
            "x1",
            "x2"
        ],
        "default_query": {},
        "metric": "basic",
        "n_trials": 1
    },
    "objective_function": {
        "name": "Branin",
        "params": {}
    },
    "optimizer": {
        "name": "BBO-LP(LCBa)-FoD",
        "params": {
            "lower_bound": [
                -5.0,
                0.0
            ],
            "upper_bound": [
                10.0,
                15.0
            ],
            "invert_metric": false,
            "bopt_params": {
                "n_init_samples": 15,
                "n_iterations": 45,
                "n_iter_relearn": 5,
                "verbose_level": 0,
                "n_parallel_samples": 3,
                "fixed_dataset_size": 50,
                "par_type": "PAR_BBO",
                "crit_name": "cLP(cLCBa)",
                "n_crit_params": 3,
                "crit_params": [
                    3,
                    1,
                    5.0
                ]
            }
        }
    },
    "iterations": [
        [
            {
                "query": {
                    "x1": -2.5595617750659585,
                    "x2": 1.3931185433175415
                },
                "metrics": {
                    "outcome": 92.74041957303844
                },
                "metadata": {
                    "trials": 1
                }
            }
        ],
        [
            {
                "query": {
                    "x1": 0.6248343319166452,
                    "x2": 5.596369392005727
                },
                "metrics": {
                    "outcome": 18.07990923798358
                },
                "metadata": {
                    "trials": 1
                }
            }
        ],
        [
            {
                "query": {
                    "x1": -0.7203266904689372,
                    "x2": 0.042020918568596244
                },
                "metrics": {
                    "outcome": 68.64647286988742
                },
                "metadata": {
                    "trials": 1
                }
            }
        ],
        [
            {
                "query": {
                    "x1": 8.759215002413839,
                    "x2": 3.915461318101734
                },
                "metrics": {
                    "outcome": 6.228946099529626
                },
                "metadata": {
                    "trials": 1
                }
            }
        ],
        [
            {
                "query": {
                    "x1": 1.4218354260083288,
                    "x2": 7.588878574781121
                },
                "metrics": {
                    "outcome": 24.317740120012324
                },
                "metadata": {
                    "trials": 1
                }
            }
        ],
        [
            {
                "query": {
                    "x1": 6.50904248515144,
                    "x2": 8.065933983307332
                },
                "metrics": {
                    "outcome": 67.69069990458021
                },
                "metadata": {
                    "trials": 1
                }
            }
        ],
        [
            {
                "query": {
                    "x1": 7.743232617387548,
                    "x2": 14.961885113734752
                },
                "metrics": {
                    "outcome": 194.3934699028154
                },
                "metadata": {
                    "trials": 1
                }
            }
        ],
        [
            {
                "query": {
                    "x1": -1.3634472049307078,
                    "x2": 6.9171824948862195
                },
                "metrics": {
                    "outcome": 14.205693968144022
                },
                "metadata": {
                    "trials": 1
                }
            }
        ],
        [
            {
                "query": {
                    "x1": 5.023624659748748,
                    "x2": 9.929325379198417
                },
                "metrics": {
                    "outcome": 88.01351246823941
                },
                "metadata": {
                    "trials": 1
                }
            }
        ],
        [
            {
                "query": {
                    "x1": 3.4923330519814044,
                    "x2": 10.939643219811842
                },
                "metrics": {
                    "outcome": 80.58954426752904
                },
                "metadata": {
                    "trials": 1
                }
            }
        ],
        [
            {
                "query": {
                    "x1": 9.662139570573345,
                    "x2": 12.49885426205583
                },
                "metrics": {
                    "outcome": 97.0279665767165
                },
                "metadata": {
                    "trials": 1
                }
            }
        ],
        [
            {
                "query": {
                    "x1": 2.921550615923479,
                    "x2": 2.6888342895545065
                },
                "metrics": {
                    "outcome": 0.6850962686220363
                },
                "metadata": {
                    "trials": 1
                }
            }
        ],
        [
            {
                "query": {
                    "x1": -3.0194369677919894,
                    "x2": 4.902417826931924
                },
                "metrics": {
                    "outcome": 50.609157806136324
                },
                "metadata": {
                    "trials": 1
                }
            }
        ],
        [
            {
                "query": {
                    "x1": 4.196987471077591,
                    "x2": 11.639760448597372
                },
                "metrics": {
                    "outcome": 106.14773158391851
                },
                "metadata": {
                    "trials": 1
                }
            }
        ],
        [
            {
                "query": {
                    "x1": -4.615959597984329,
                    "x2": 13.490966004086658
                },
                "metrics": {
                    "outcome": 15.877730257746633
                },
                "metadata": {
                    "trials": 1
                }
            }
        ],
        [
            {
                "query": {
                    "x1": 9.334048543273878,
                    "x2": 0.0
                },
                "metrics": {
                    "outcome": 6.195131880148293
                },
                "metadata": {
                    "trials": 1
                }
            },
            {
                "query": {
                    "x1": 9.343433576982221,
                    "x2": 0.0
                },
                "metrics": {
                    "outcome": 6.224438032550189
                },
                "metadata": {
                    "trials": 1
                }
            },
            {
                "query": {
                    "x1": 9.324504136847546,
                    "x2": 0.0
                },
                "metrics": {
                    "outcome": 6.166425402292604
                },
                "metadata": {
                    "trials": 1
                }
            }
        ],
        [
            {
                "query": {
                    "x1": 3.823042137670715,
                    "x2": 0.0
                },
                "metrics": {
                    "outcome": 5.7952299254803945
                },
                "metadata": {
                    "trials": 1
                }
            },
            {
                "query": {
                    "x1": 3.8174271707732608,
                    "x2": 0.0
                },
                "metrics": {
                    "outcome": 5.773640549492587
                },
                "metadata": {
                    "trials": 1
                }
            },
            {
                "query": {
                    "x1": 3.82903740606511,
                    "x2": 0.0
                },
                "metrics": {
                    "outcome": 5.818598877207426
                },
                "metadata": {
                    "trials": 1
                }
            }
        ],
        [
            {
                "query": {
                    "x1": -1.3874964353189339,
                    "x2": 11.00104259685936
                },
                "metrics": {
                    "outcome": 18.222541001911974
                },
                "metadata": {
                    "trials": 1
                }
            },
            {
                "query": {
                    "x1": -1.3819662628718228,
                    "x2": 10.903856683493753
                },
                "metrics": {
                    "outcome": 17.842545983216134
                },
                "metadata": {
                    "trials": 1
                }
            },
            {
                "query": {
                    "x1": -1.3926067330795204,
                    "x2": 11.0985921961522
                },
                "metrics": {
                    "outcome": 18.62756613009131
                },
                "metadata": {
                    "trials": 1
                }
            }
        ],
        [
            {
                "query": {
                    "x1": 2.872612004525042,
                    "x2": 1.8683191339939766
                },
                "metrics": {
                    "outcome": 1.1347760858152185
                },
                "metadata": {
                    "trials": 1
                }
            },
            {
                "query": {
                    "x1": 2.8728733499063317,
                    "x2": 1.845600984325819
                },
                "metrics": {
                    "outcome": 1.16277156674089
                },
                "metadata": {
                    "trials": 1
                }
            },
            {
                "query": {
                    "x1": 2.8721597317290524,
                    "x2": 1.891018249769802
                },
                "metrics": {
                    "outcome": 1.1084999330606866
                },
                "metadata": {
                    "trials": 1
                }
            }
        ],
        [
            {
                "query": {
                    "x1": 3.210751338509823,
                    "x2": 2.371387480401169
                },
                "metrics": {
                    "outcome": 0.4432524721965603
                },
                "metadata": {
                    "trials": 1
                }
            },
            {
                "query": {
                    "x1": 3.2113877458085813,
                    "x2": 2.3459033842375403
                },
                "metrics": {
                    "outcome": 0.4368167084571297
                },
                "metadata": {
                    "trials": 1
                }
            },
            {
                "query": {
                    "x1": 3.210149608576229,
                    "x2": 2.3968589288634856
                },
                "metrics": {
                    "outcome": 0.45096962003474417
                },
                "metadata": {
                    "trials": 1
                }
            }
        ],
        [
            {
                "query": {
                    "x1": 3.0933468984812738,
                    "x2": 2.3228241375405303
                },
                "metrics": {
                    "outcome": 0.4091583640057017
                },
                "metadata": {
                    "trials": 1
                }
            },
            {
                "query": {
                    "x1": 3.0941407403166217,
                    "x2": 2.31529012807403
                },
                "metrics": {
                    "outcome": 0.4087047520990481
                },
                "metadata": {
                    "trials": 1
                }
            },
            {
                "query": {
                    "x1": 3.0925594609619704,
                    "x2": 2.3303549482723556
                },
                "metrics": {
                    "outcome": 0.4097104244062315
                },
                "metadata": {
                    "trials": 1
                }
            }
        ],
        [
            {
                "query": {
                    "x1": 3.149078761374959,
                    "x2": 2.244667734154669
                },
                "metrics": {
                    "outcome": 0.3987567347344072
                },
                "metadata": {
                    "trials": 1
                }
            },
            {
                "query": {
                    "x1": 3.1497480802975932,
                    "x2": 2.2403810432751112
                },
                "metrics": {
                    "outcome": 0.39900572847572313
                },
                "metadata": {
                    "trials": 1
                }
            },
            {
                "query": {
                    "x1": 3.1484137199957907,
                    "x2": 2.2489576053011286
                },
                "metrics": {
                    "outcome": 0.3985404240496049
                },
                "metadata": {
                    "trials": 1
                }
            }
        ],
        [
            {
                "query": {
                    "x1": 3.1410049457279943,
                    "x2": 2.2993448384495694
                },
                "metrics": {
                    "outcome": 0.39845957920024055
                },
                "metadata": {
                    "trials": 1
                }
            },
            {
                "query": {
                    "x1": 3.1413136545615377,
                    "x2": 2.2970632883881805
                },
                "metrics": {
                    "outcome": 0.3983649659833226
                },
                "metadata": {
                    "trials": 1
                }
            },
            {
                "query": {
                    "x1": 3.1406914408172923,
                    "x2": 2.3016239858024417
                },
                "metrics": {
                    "outcome": 0.398563158517133
                },
                "metadata": {
                    "trials": 1
                }
            }
        ],
        [
            {
                "query": {
                    "x1": 7.513980185285691,
                    "x2": 0.0
                },
                "metrics": {
                    "outcome": 14.984080599969968
                },
                "metadata": {
                    "trials": 1
                }
            },
            {
                "query": {
                    "x1": 3.142003050786535,
                    "x2": 2.2818196612420474
                },
                "metrics": {
                    "outcome": 0.3979391415467948
                },
                "metadata": {
                    "trials": 1
                }
            },
            {
                "query": {
                    "x1": 3.141799726007932,
                    "x2": 2.283634291894032
                },
                "metrics": {
                    "outcome": 0.3979649292289622
                },
                "metadata": {
                    "trials": 1
                }
            }
        ],
        [
            {
                "query": {
                    "x1": 3.1421844621858686,
                    "x2": 2.28087564599591
                },
                "metrics": {
                    "outcome": 0.3979291984323243
                },
                "metadata": {
                    "trials": 1
                }
            },
            {
                "query": {
                    "x1": 3.142372876102172,
                    "x2": 2.2791159253045463
                },
                "metrics": {
                    "outcome": 0.39791259946764335
                },
                "metadata": {
                    "trials": 1
                }
            },
            {
                "query": {
                    "x1": 3.141993846639343,
                    "x2": 2.2826266488450853
                },
                "metrics": {
                    "outcome": 0.39795116618230075
                },
                "metadata": {
                    "trials": 1
                }
            }
        ],
        [
            {
                "query": {
                    "x1": 3.1438233609120587,
                    "x2": 2.2635536844989397
                },
                "metrics": {
                    "outcome": 0.39800548011520576
                },
                "metadata": {
                    "trials": 1
                }
            },
            {
                "query": {
                    "x1": 3.143598295753602,
                    "x2": 2.2653129593464776
                },
                "metrics": {
                    "outcome": 0.39797266076105053
                },
                "metadata": {
                    "trials": 1
                }
            },
            {
                "query": {
                    "x1": 3.1440623377980206,
                    "x2": 2.2618109618425746
                },
                "metrics": {
                    "outcome": 0.3980435146332617
                },
                "metadata": {
                    "trials": 1
                }
            }
        ],
        [
            {
                "query": {
                    "x1": 3.1404151764234562,
                    "x2": 2.295816633045682
                },
                "metrics": {
                    "outcome": 0.3982899520316465
                },
                "metadata": {
                    "trials": 1
                }
            },
            {
                "query": {
                    "x1": 3.1406470536843862,
                    "x2": 2.2941648099050336
                },
                "metrics": {
                    "outcome": 0.3982312145339222
                },
                "metadata": {
                    "trials": 1
                }
            },
            {
                "query": {
                    "x1": 3.1401789431347034,
                    "x2": 2.2974628153482675
                },
                "metrics": {
                    "outcome": 0.3983532052599479
                },
                "metadata": {
                    "trials": 1
                }
            }
        ],
        [
            {
                "query": {
                    "x1": 3.1440445255711698,
                    "x2": 2.250948626274216
                },
                "metrics": {
                    "outcome": 0.39840640127743576
                },
                "metadata": {
                    "trials": 1
                }
            },
            {
                "query": {
                    "x1": 3.1436632477125084,
                    "x2": 2.2527135434931256
                },
                "metrics": {
                    "outcome": 0.39833528302174415
                },
                "metadata": {
                    "trials": 1
                }
            },
            {
                "query": {
                    "x1": 3.1444392948760527,
                    "x2": 2.249190297258076
                },
                "metrics": {
                    "outcome": 0.3984827868575831
                },
                "metadata": {
                    "trials": 1
                }
            }
        ],
        [
            {
                "query": {
                    "x1": 3.1415741825584966,
                    "x2": 2.2970461353437077
                },
                "metrics": {
                    "outcome": 0.3983727565163857
                },
                "metadata": {
                    "trials": 1
                }
            },
            {
                "query": {
                    "x1": 3.1418620652931573,
                    "x2": 2.295499077642637
                },
                "metrics": {
                    "outcome": 0.39831657598606185
                },
                "metadata": {
                    "trials": 1
                }
            },
            {
                "query": {
                    "x1": 3.1412646321170197,
                    "x2": 2.298566890642364
                },
                "metrics": {
                    "outcome": 0.3984312801202865
                },
                "metadata": {
                    "trials": 1
                }
            }
        ],
        [
            {
                "query": {
                    "x1": 0.9778635649219751,
                    "x2": 5.335149367777416
                },
                "metrics": {
                    "outcome": 15.955348582282573
                },
                "metadata": {
                    "trials": 1
                }
            },
            {
                "query": {
                    "x1": 0.9041990996345133,
                    "x2": 5.523098178770002
                },
                "metrics": {
                    "outcome": 16.670823383675383
                },
                "metadata": {
                    "trials": 1
                }
            },
            {
                "query": {
                    "x1": 1.0521549039577058,
                    "x2": 5.147500453651421
                },
                "metrics": {
                    "outcome": 15.220877066549345
                },
                "metadata": {
                    "trials": 1
                }
            }
        ],
        [
            {
                "query": {
                    "x1": 8.220868821464943,
                    "x2": 4.799146589508792
                },
                "metrics": {
                    "outcome": 16.49342518980354
                },
                "metadata": {
                    "trials": 1
                }
            },
            {
                "query": {
                    "x1": 8.298056113475205,
                    "x2": 4.801122134983831
                },
                "metrics": {
                    "outcome": 15.562597835770624
                },
                "metadata": {
                    "trials": 1
                }
            },
            {
                "query": {
                    "x1": 8.14395582863031,
                    "x2": 4.797222670336777
                },
                "metrics": {
                    "outcome": 17.435029188139584
                },
                "metadata": {
                    "trials": 1
                }
            }
        ],
        [
            {
                "query": {
                    "x1": -5.0,
                    "x2": 0.0
                },
                "metrics": {
                    "outcome": 308.12909601160663
                },
                "metadata": {
                    "trials": 1
                }
            },
            {
                "query": {
                    "x1": -4.944159797028471,
                    "x2": 0.0002587057294841179
                },
                "metrics": {
                    "outcome": 302.1071385047131
                },
                "metadata": {
                    "trials": 1
                }
            },
            {
                "query": {
                    "x1": -4.9997393713618505,
                    "x2": 0.05572814754427675
                },
                "metrics": {
                    "outcome": 306.1884144883811
                },
                "metadata": {
                    "trials": 1
                }
            }
        ],
        [
            {
                "query": {
                    "x1": 5.45833333333333,
                    "x2": 14.951388888888888
                },
                "metrics": {
                    "outcome": 206.67383183367284
                },
                "metadata": {
                    "trials": 1
                }
            },
            {
                "query": {
                    "x1": 5.5681682903883765,
                    "x2": 14.915824164280835
                },
                "metrics": {
                    "outcome": 206.93319634233657
                },
                "metadata": {
                    "trials": 1
                }
            },
            {
                "query": {
                    "x1": 5.7958333333333325,
                    "x2": 14.932638888888889
                },
                "metrics": {
                    "outcome": 209.40664356591327
                },
                "metadata": {
                    "trials": 1
                }
            }
        ],
        [
            {
                "query": {
                    "x1": 9.99360899499279,
                    "x2": 9.411795339707735
                },
                "metrics": {
                    "outcome": 43.06438086419858
                },
                "metadata": {
                    "trials": 1
                }
            },
            {
                "query": {
                    "x1": 9.976851851851869,
                    "x2": 9.260416666666668
                },
                "metrics": {
                    "outcome": 41.267274571590804
                },
                "metadata": {
                    "trials": 1
                }
            },
            {
                "query": {
                    "x1": 9.97752213757749,
                    "x2": 9.176471813588309
                },
                "metrics": {
                    "outcome": 40.21509926479511
                },
                "metadata": {
                    "trials": 1
                }
            }
        ],
        [
            {
                "query": {
                    "x1": -4.999530001554135,
                    "x2": 7.914253469313624
                },
                "metrics": {
                    "outcome": 98.68479962151079
                },
                "metadata": {
                    "trials": 1
                }
            },
            {
                "query": {
                    "x1": -4.999621444964211,
                    "x2": 7.9313385035290915
                },
                "metrics": {
                    "outcome": 98.37399742620133
                },
                "metadata": {
                    "trials": 1
                }
            },
            {
                "query": {
                    "x1": -4.99959336857033,
                    "x2": 7.897277605471693
                },
                "metrics": {
                    "outcome": 99.00385754098671
                },
                "metadata": {
                    "trials": 1
                }
            }
        ],
        [
            {
                "query": {
                    "x1": -4.999270695515378,
                    "x2": 12.693323921232938
                },
                "metrics": {
                    "outcome": 32.89450381428887
                },
                "metadata": {
                    "trials": 1
                }
            },
            {
                "query": {
                    "x1": -4.999270684601806,
                    "x2": 12.672898674914556
                },
                "metrics": {
                    "outcome": 33.078418302893525
                },
                "metadata": {
                    "trials": 1
                }
            },
            {
                "query": {
                    "x1": -4.976174312647337,
                    "x2": 12.686084169839319
                },
                "metrics": {
                    "outcome": 32.15201191447166
                },
                "metadata": {
                    "trials": 1
                }
            }
        ],
        [
            {
                "query": {
                    "x1": 3.04309229400827,
                    "x2": 1.322408047559774
                },
                "metrics": {
                    "outcome": 1.5066947510628665
                },
                "metadata": {
                    "trials": 1
                }
            },
            {
                "query": {
                    "x1": 3.057850055000447,
                    "x2": 1.3222113080817781
                },
                "metrics": {
                    "outcome": 1.4699018778143085
                },
                "metadata": {
                    "trials": 1
                }
            },
            {
                "query": {
                    "x1": 3.0283383566535846,
                    "x2": 1.3226297984274569
                },
                "metrics": {
                    "outcome": 1.5458951707805273
                },
                "metadata": {
                    "trials": 1
                }
            }
        ],
        [
            {
                "query": {
                    "x1": 4.983706449363364,
                    "x2": 1.6084570019359283
                },
                "metrics": {
                    "outcome": 12.68338280929809
                },
                "metadata": {
                    "trials": 1
                }
            },
            {
                "query": {
                    "x1": 4.971748897199653,
                    "x2": 1.6143566759435122
                },
                "metrics": {
                    "outcome": 12.574079580126401
                },
                "metadata": {
                    "trials": 1
                }
            },
            {
                "query": {
                    "x1": 4.997127670914065,
                    "x2": 1.6065769628864446
                },
                "metrics": {
                    "outcome": 12.808752987320801
                },
                "metadata": {
                    "trials": 1
                }
            }
        ],
        [
            {
                "query": {
                    "x1": 2.7184117464109807,
                    "x2": 3.1965394918161114
                },
                "metrics": {
                    "outcome": 1.5679754882095427
                },
                "metadata": {
                    "trials": 1
                }
            },
            {
                "query": {
                    "x1": 2.7068705364418966,
                    "x2": 3.195272977925523
                },
                "metrics": {
                    "outcome": 1.6010752818402292
                },
                "metadata": {
                    "trials": 1
                }
            },
            {
                "query": {
                    "x1": 2.6960459686941975,
                    "x2": 3.1946236182790586
                },
                "metrics": {
                    "outcome": 1.6339705716393613
                },
                "metadata": {
                    "trials": 1
                }
            }
        ],
        [
            {
                "query": {
                    "x1": -0.9087750367193674,
                    "x2": 12.863122077737833
                },
                "metrics": {
                    "outcome": 44.099400326913
                },
                "metadata": {
                    "trials": 1
                }
            },
            {
                "query": {
                    "x1": -0.8978459207497176,
                    "x2": 12.862573476132585
                },
                "metrics": {
                    "outcome": 44.38818797305093
                },
                "metadata": {
                    "trials": 1
                }
            },
            {
                "query": {
                    "x1": -0.9196864907011602,
                    "x2": 12.863710892170282
                },
                "metrics": {
                    "outcome": 43.81123579457417
                },
                "metadata": {
                    "trials": 1
                }
            }
        ],
        [
            {
                "query": {
                    "x1": 2.03327843184284,
                    "x2": 9.757098356089317
                },
                "metrics": {
                    "outcome": 47.43558549626588
                },
                "metadata": {
                    "trials": 1
                }
            },
            {
                "query": {
                    "x1": 2.045057819243646,
                    "x2": 9.755567156474358
                },
                "metrics": {
                    "outcome": 47.477013223417835
                },
                "metadata": {
                    "trials": 1
                }
            },
            {
                "query": {
                    "x1": 2.0212351025618114,
                    "x2": 9.757566110957983
                },
                "metrics": {
                    "outcome": 47.379461679162276
                },
                "metadata": {
                    "trials": 1
                }
            }
        ],
        [
            {
                "query": {
                    "x1": -4.999593301184213,
                    "x2": 3.522224582519574
                },
                "metrics": {
                    "outcome": 199.42388654243587
                },
                "metadata": {
                    "trials": 1
                }
            },
            {
                "query": {
                    "x1": -4.999614391872555,
                    "x2": 3.533840411449584
                },
                "metrics": {
                    "outcome": 199.10843960304845
                },
                "metadata": {
                    "trials": 1
                }
            },
            {
                "query": {
                    "x1": -4.99962147750655,
                    "x2": 3.5106308977392278
                },
                "metrics": {
                    "outcome": 199.74333380404553
                },
                "metadata": {
                    "trials": 1
                }
            }
        ],
        [
            {
                "query": {
                    "x1": -1.655848477874192,
                    "x2": 0.0
                },
                "metrics": {
                    "outcome": 89.9966224784764
                },
                "metadata": {
                    "trials": 1
                }
            },
            {
                "query": {
                    "x1": -1.6371589907346609,
                    "x2": 0.0
                },
                "metrics": {
                    "outcome": 89.49924653436229
                },
                "metadata": {
                    "trials": 1
                }
            },
            {
                "query": {
                    "x1": 10.0,
                    "x2": 1.126176047764795e-13
                },
                "metrics": {
                    "outcome": 10.960889035650833
                },
                "metadata": {
                    "trials": 1
                }
            }
        ],
        [
            {
                "query": {
                    "x1": -3.1726523340340007,
                    "x2": 15.0
                },
                "metrics": {
                    "outcome": 7.426245691763581
                },
                "metadata": {
                    "trials": 1
                }
            },
            {
                "query": {
                    "x1": -3.1917474622460427,
                    "x2": 15.0
                },
                "metrics": {
                    "outcome": 7.191512313954459
                },
                "metadata": {
                    "trials": 1
                }
            },
            {
                "query": {
                    "x1": -3.153565384732306,
                    "x2": 15.0
                },
                "metrics": {
                    "outcome": 7.668113896199314
                },
                "metadata": {
                    "trials": 1
                }
            }
        ],
        [
            {
                "query": {
                    "x1": 1.9861249801888023,
                    "x2": 0.0
                },
                "metrics": {
                    "outcome": 17.33860560963801
                },
                "metadata": {
                    "trials": 1
                }
            },
            {
                "query": {
                    "x1": 1.9672466856138762,
                    "x2": 0.0
                },
                "metrics": {
                    "outcome": 17.642213848073496
                },
                "metadata": {
                    "trials": 1
                }
            },
            {
                "query": {
                    "x1": 2.0049649973753807,
                    "x2": 0.0
                },
                "metrics": {
                    "outcome": 17.03843068264351
                },
                "metadata": {
                    "trials": 1
                }
            }
        ],
        [
            {
                "query": {
                    "x1": 3.6829636649517408,
                    "x2": 4.165752484028312
                },
                "metrics": {
                    "outcome": 6.946967656588291
                },
                "metadata": {
                    "trials": 1
                }
            },
            {
                "query": {
                    "x1": 3.6837920128248527,
                    "x2": 4.149437835485702
                },
                "metrics": {
                    "outcome": 6.879495754780747
                },
                "metadata": {
                    "trials": 1
                }
            },
            {
                "query": {
                    "x1": 3.6821379948181487,
                    "x2": 4.182061559477989
                },
                "metrics": {
                    "outcome": 7.014938251589787
                },
                "metadata": {
                    "trials": 1
                }
            }
        ],
        [
            {
                "query": {
                    "x1": 3.8209704404705995,
                    "x2": 0.0
                },
                "metrics": {
                    "outcome": 5.787230779315716
                },
                "metadata": {
                    "trials": 1
                }
            },
            {
                "query": {
                    "x1": 3.8317506372433456,
                    "x2": 0.0
                },
                "metrics": {
                    "outcome": 5.8292821020891985
                },
                "metadata": {
                    "trials": 1
                }
            },
            {
                "query": {
                    "x1": 3.810191511415983,
                    "x2": 0.0
                },
                "metrics": {
                    "outcome": 5.74624559195587
                },
                "metadata": {
                    "trials": 1
                }
            }
        ],
        [
            {
                "query": {
                    "x1": 6.710186431282031,
                    "x2": 2.6695444686275887e-17
                },
                "metrics": {
                    "outcome": 20.033057467756286
                },
                "metadata": {
                    "trials": 1
                }
            },
            {
                "query": {
                    "x1": 6.726179691980743,
                    "x2": 0.0
                },
                "metrics": {
                    "outcome": 19.973593976280913
                },
                "metadata": {
                    "trials": 1
                }
            },
            {
                "query": {
                    "x1": 6.694194829512359,
                    "x2": 0.0
                },
                "metrics": {
                    "outcome": 20.09044025853568
                },
                "metadata": {
                    "trials": 1
                }
            }
        ],
        [
            {
                "query": {
                    "x1": 8.526478015073751,
                    "x2": 0.0
                },
                "metrics": {
                    "outcome": 7.336349299341187
                },
                "metadata": {
                    "trials": 1
                }
            },
            {
                "query": {
                    "x1": 8.526716620549353,
                    "x2": 0.024459453921345527
                },
                "metrics": {
                    "outcome": 7.246573602963091
                },
                "metadata": {
                    "trials": 1
                }
            },
            {
                "query": {
                    "x1": 8.549912142542022,
                    "x2": 0.0
                },
                "metrics": {
                    "outcome": 7.2146478272537085
                },
                "metadata": {
                    "trials": 1
                }
            }
        ],
        [
            {
                "query": {
                    "x1": 9.079203558849466,
                    "x2": 3.2079243039209695
                },
                "metrics": {
                    "outcome": 1.9836276520340625
                },
                "metadata": {
                    "trials": 1
                }
            },
            {
                "query": {
                    "x1": 9.066386226789351,
                    "x2": 3.127682412585232
                },
                "metrics": {
                    "outcome": 1.8885800923346814
                },
                "metadata": {
                    "trials": 1
                }
            },
            {
                "query": {
                    "x1": 9.092983488588066,
                    "x2": 3.288002788630201
                },
                "metrics": {
                    "outcome": 2.0850935730478604
                },
                "metadata": {
                    "trials": 1
                }
            }
        ],
        [
            {
                "query": {
                    "x1": 6.084416010039648,
                    "x2": 15.0
                },
                "metrics": {
                    "outcome": 212.6570523661981
                },
                "metadata": {
                    "trials": 1
                }
            },
            {
                "query": {
                    "x1": 6.177783380982493,
                    "x2": 15.0
                },
                "metrics": {
                    "outcome": 212.81220024763277
                },
                "metadata": {
                    "trials": 1
                }
            },
            {
                "query": {
                    "x1": 5.991062893003795,
                    "x2": 15.0
                },
                "metrics": {
                    "outcome": 212.35735193412475
                },
                "metadata": {
                    "trials": 1
                }
            }
        ],
        [
            {
                "query": {
                    "x1": -3.538717787758862,
                    "x2": 13.423259290440964
                },
                "metrics": {
                    "outcome": 1.1752572224911244
                },
                "metadata": {
                    "trials": 1
                }
            },
            {
                "query": {
                    "x1": -3.543117828813445,
                    "x2": 13.44149722231665
                },
                "metrics": {
                    "outcome": 1.194237447161612
                },
                "metadata": {
                    "trials": 1
                }
            },
            {
                "query": {
                    "x1": -3.5343028984936593,
                    "x2": 13.405043476095168
                },
                "metrics": {
                    "outcome": 1.1565158882280446
                },
                "metadata": {
                    "trials": 1
                }
            }
        ],
        [
            {
                "query": {
                    "x1": 10.0,
                    "x2": 7.253170912690477
                },
                "metrics": {
                    "outcome": 20.00746232241019
                },
                "metadata": {
                    "trials": 1
                }
            },
            {
                "query": {
                    "x1": 10.0,
                    "x2": 7.332052100042698
                },
                "metrics": {
                    "outcome": 20.684208466279436
                },
                "metadata": {
                    "trials": 1
                }
            },
            {
                "query": {
                    "x1": 10.0,
                    "x2": 7.174302160544516
                },
                "metrics": {
                    "outcome": 19.343264404907238
                },
                "metadata": {
                    "trials": 1
                }
            }
        ],
        [
            {
                "query": {
                    "x1": -5.0,
                    "x2": 14.999999999998874
                },
                "metrics": {
                    "outcome": 17.508299515783094
                },
                "metadata": {
                    "trials": 1
                }
            },
            {
                "query": {
                    "x1": -5.0,
                    "x2": 14.999999999998874
                },
                "metrics": {
                    "outcome": 17.508299515783094
                },
                "metadata": {
                    "trials": 1
                }
            },
            {
                "query": {
                    "x1": -5.0,
                    "x2": 14.999999999998874
                },
                "metrics": {
                    "outcome": 17.508299515783094
                },
                "metadata": {
                    "trials": 1
                }
            }
        ],
        [
            {
                "query": {
                    "x1": -4.583352742566337,
                    "x2": 11.195523009861272
                },
                "metrics": {
                    "outcome": 31.92846213187329
                },
                "metadata": {
                    "trials": 1
                }
            },
            {
                "query": {
                    "x1": -4.638122011272926,
                    "x2": 11.15633668973342
                },
                "metrics": {
                    "outcome": 34.33259212488836
                },
                "metadata": {
                    "trials": 1
                }
            },
            {
                "query": {
                    "x1": -4.531035031592098,
                    "x2": 11.237407818084133
                },
                "metrics": {
                    "outcome": 29.669434318413916
                },
                "metadata": {
                    "trials": 1
                }
            }
        ],
        [
            {
                "query": {
                    "x1": 3.465734266397689,
                    "x2": 2.1637294232210507
                },
                "metrics": {
                    "outcome": 0.9142914134262021
                },
                "metadata": {
                    "trials": 1
                }
            },
            {
                "query": {
                    "x1": 3.4795918705027464,
                    "x2": 2.128864493405239
                },
                "metrics": {
                    "outcome": 0.9517216028095916
                },
                "metadata": {
                    "trials": 1
                }
            },
            {
                "query": {
                    "x1": 3.446863126412257,
                    "x2": 2.1961153449322772
                },
                "metrics": {
                    "outcome": 0.8634858884094943
                },
                "metadata": {
                    "trials": 1
                }
            }
        ],
        [
            {
                "query": {
                    "x1": 7.214087806007933,
                    "x2": 3.993624770168481
                },
                "metrics": {
                    "outcome": 23.3072695228382
                },
                "metadata": {
                    "trials": 1
                }
            },
            {
                "query": {
                    "x1": 7.168319820670973,
                    "x2": 4.076996428380914
                },
                "metrics": {
                    "outcome": 24.188802605962337
                },
                "metadata": {
                    "trials": 1
                }
            },
            {
                "query": {
                    "x1": 7.262139132267343,
                    "x2": 3.9115562055049775
                },
                "metrics": {
                    "outcome": 22.414409264108414
                },
                "metadata": {
                    "trials": 1
                }
            }
        ],
        [
            {
                "query": {
                    "x1": 10.0,
                    "x2": 3.035202224491879
                },
                "metrics": {
                    "outcome": 1.944180442848923
                },
                "metadata": {
                    "trials": 1
                }
            },
            {
                "query": {
                    "x1": 10.0,
                    "x2": 3.055128072676995
                },
                "metrics": {
                    "outcome": 1.9458625249037702
                },
                "metadata": {
                    "trials": 1
                }
            },
            {
                "query": {
                    "x1": 10.0,
                    "x2": 3.0152724549784162
                },
                "metrics": {
                    "outcome": 1.9432923430415112
                },
                "metadata": {
                    "trials": 1
                }
            }
        ],
        [
            {
                "query": {
                    "x1": -4.999593298189801,
                    "x2": 8.27263929392932
                },
                "metrics": {
                    "outcome": 92.17134792430446
                },
                "metadata": {
                    "trials": 1
                }
            },
            {
                "query": {
                    "x1": -4.999615796465367,
                    "x2": 8.258433165915786
                },
                "metrics": {
                    "outcome": 92.4261692008595
                },
                "metadata": {
                    "trials": 1
                }
            },
            {
                "query": {
                    "x1": -4.999614424071192,
                    "x2": 8.287043646742507
                },
                "metrics": {
                    "outcome": 91.9160463094009
                },
                "metadata": {
                    "trials": 1
                }
            }
        ],
        [
            {
                "query": {
                    "x1": -1.3324522084552282,
                    "x2": 2.6059570230495144
                },
                "metrics": {
                    "outcome": 45.26127633098696
                },
                "metadata": {
                    "trials": 1
                }
            },
            {
                "query": {
                    "x1": -1.3633200812429545,
                    "x2": 2.601313200906092
                },
                "metrics": {
                    "outcome": 45.71761717814495
                },
                "metadata": {
                    "trials": 1
                }
            },
            {
                "query": {
                    "x1": -1.3016147210154352,
                    "x2": 2.6106385988477263
                },
                "metrics": {
                    "outcome": 44.813853363000426
                },
                "metadata": {
                    "trials": 1
                }
            }
        ]
    ],
    "best_results": [
        {
            "query": {
                "x1": 3.142372876102172,
                "x2": 2.2791159253045463
            },
            "metrics": [
                {
                    "name": "outcome",
                    "value": 0.39791259946764335
                }
            ]
        }
    ]
}