{
    "date": "04/11/2022 14:02:22",
    "basic_params": {
        "active_variables": [
            "x1",
            "x2"
        ],
        "default_query": {},
        "metric": "basic",
        "n_trials": 1
    },
    "objective_function": {
        "name": "McCormick",
        "params": {}
    },
    "optimizer": {
        "name": "BBO-LP(LCBa)",
        "params": {
            "lower_bound": [
                -1.5,
                -3.0
            ],
            "upper_bound": [
                4.0,
                4.0
            ],
            "invert_metric": false,
            "bopt_params": {
                "n_init_samples": 15,
                "n_iterations": 45,
                "n_iter_relearn": 5,
                "verbose_level": 1,
                "n_parallel_samples": 3,
                "par_type": "PAR_BBO",
                "crit_name": "cLP(cLCBa)",
                "n_crit_params": 3,
                "crit_params": [
                    3,
                    1,
                    5.0
                ]
            }
        }
    },
    "iterations": [
        [
            {
                "query": {
                    "x1": 0.4255326270436248,
                    "x2": 0.810207725828513
                },
                "metrics": {
                    "outcome": 3.479587211284085
                },
                "metadata": {
                    "trials": 1
                }
            }
        ],
        [
            {
                "query": {
                    "x1": -0.06367449308745554,
                    "x2": 3.5083099003726
                },
                "metrics": {
                    "outcome": 22.3269333098901
                },
                "metadata": {
                    "trials": 1
                }
            }
        ],
        [
            {
                "query": {
                    "x1": -1.364750465603235,
                    "x2": 3.989841172021503
                },
                "metrics": {
                    "outcome": 42.187221660875586
                },
                "metadata": {
                    "trials": 1
                }
            }
        ],
        [
            {
                "query": {
                    "x1": 0.02144576019297051,
                    "x2": 2.680049450974912
                },
                "metrics": {
                    "outcome": 15.162156196024183
                },
                "metadata": {
                    "trials": 1
                }
            }
        ],
        [
            {
                "query": {
                    "x1": -0.7272301106636102,
                    "x2": -2.69944358280239
                },
                "metrics": {
                    "outcome": -0.48690259009136305
                },
                "metadata": {
                    "trials": 1
                }
            }
        ],
        [
            {
                "query": {
                    "x1": -0.9394911606019984,
                    "x2": -1.2999215491581708
                },
                "metrics": {
                    "outcome": -1.4953371891219227
                },
                "metadata": {
                    "trials": 1
                }
            }
        ],
        [
            {
                "query": {
                    "x1": 1.054558117912772,
                    "x2": 0.6688320078576604
                },
                "metrics": {
                    "outcome": 2.2274076145272312
                },
                "metadata": {
                    "trials": 1
                }
            }
        ],
        [
            {
                "query": {
                    "x1": 3.227304038397657,
                    "x2": -0.43229666211021467
                },
                "metrics": {
                    "outcome": 8.810667691501775
                },
                "metadata": {
                    "trials": 1
                }
            }
        ],
        [
            {
                "query": {
                    "x1": 1.6956396267361318,
                    "x2": -2.225270039200162
                },
                "metrics": {
                    "outcome": 7.761683646381807
                },
                "metadata": {
                    "trials": 1
                }
            }
        ],
        [
            {
                "query": {
                    "x1": 2.697762086545117,
                    "x2": -1.8588172001919399
                },
                "metrics": {
                    "outcome": 13.812667122496443
                },
                "metadata": {
                    "trials": 1
                }
            }
        ],
        [
            {
                "query": {
                    "x1": 1.9409919297633071,
                    "x2": 2.3258086690679187
                },
                "metrics": {
                    "outcome": 3.148760465178111
                },
                "metadata": {
                    "trials": 1
                }
            }
        ],
        [
            {
                "query": {
                    "x1": 3.33825811354133,
                    "x2": 0.23512894205438606
                },
                "metrics": {
                    "outcome": 5.791344659375269
                },
                "metadata": {
                    "trials": 1
                }
            }
        ],
        [
            {
                "query": {
                    "x1": 3.633539360334786,
                    "x2": 1.867368751888474
                },
                "metrics": {
                    "outcome": 2.6325749743022437
                },
                "metadata": {
                    "trials": 1
                }
            }
        ],
        [
            {
                "query": {
                    "x1": 2.4782796502268565,
                    "x2": 1.2666190183255823
                },
                "metrics": {
                    "outcome": 1.3498816027498326
                },
                "metadata": {
                    "trials": 1
                }
            }
        ],
        [
            {
                "query": {
                    "x1": 1.0856353951618076,
                    "x2": -1.0041392641452451
                },
                "metrics": {
                    "outcome": 1.3097628234982164
                },
                "metadata": {
                    "trials": 1
                }
            }
        ],
        [
            {
                "query": {
                    "x1": -1.376837695245349,
                    "x2": -1.8336515843099341
                },
                "metrics": {
                    "outcome": -1.2413513555508202
                },
                "metadata": {
                    "trials": 1
                }
            },
            {
                "query": {
                    "x1": -1.4057555324212518,
                    "x2": -1.6731655337330267
                },
                "metrics": {
                    "outcome": -1.0654029962340767
                },
                "metadata": {
                    "trials": 1
                }
            },
            {
                "query": {
                    "x1": -1.3657929966326305,
                    "x2": -1.9956885946675564
                },
                "metrics": {
                    "outcome": -1.3256422909661323
                },
                "metadata": {
                    "trials": 1
                }
            }
        ],
        [
            {
                "query": {
                    "x1": -0.22645841329700245,
                    "x2": -1.473117855359708
                },
                "metrics": {
                    "outcome": -1.780666570845308
                },
                "metadata": {
                    "trials": 1
                }
            },
            {
                "query": {
                    "x1": -0.2610455115041106,
                    "x2": -1.2850443389690145
                },
                "metrics": {
                    "outcome": -1.7721637920554514
                },
                "metadata": {
                    "trials": 1
                }
            },
            {
                "query": {
                    "x1": -0.13884938148503045,
                    "x2": -1.6336426535579514
                },
                "metrics": {
                    "outcome": -1.621153919158333
                },
                "metadata": {
                    "trials": 1
                }
            }
        ],
        [
            {
                "query": {
                    "x1": 0.1808174424671798,
                    "x2": -3.0
                },
                "metrics": {
                    "outcome": 3.0295200452524593
                },
                "metadata": {
                    "trials": 1
                }
            },
            {
                "query": {
                    "x1": -0.6207649771270601,
                    "x2": -1.7159403899637777
                },
                "metrics": {
                    "outcome": -1.8800468397632941
                },
                "metadata": {
                    "trials": 1
                }
            },
            {
                "query": {
                    "x1": 4.0,
                    "x2": 4.0
                },
                "metrics": {
                    "outcome": 5.9893582466233815
                },
                "metadata": {
                    "trials": 1
                }
            }
        ],
        [
            {
                "query": {
                    "x1": 0.2862676893460072,
                    "x2": -0.995177919765299
                },
                "metrics": {
                    "outcome": -0.9262504287449866
                },
                "metadata": {
                    "trials": 1
                }
            },
            {
                "query": {
                    "x1": 0.2754154207440227,
                    "x2": -0.8338611049226916
                },
                "metrics": {
                    "outcome": -0.7971501378093078
                },
                "metadata": {
                    "trials": 1
                }
            },
            {
                "query": {
                    "x1": -1.499999999999999,
                    "x2": -3.0
                },
                "metrics": {
                    "outcome": -1.0224698823349012
                },
                "metadata": {
                    "trials": 1
                }
            }
        ],
        [
            {
                "query": {
                    "x1": -0.6610933733288833,
                    "x2": -0.4877701201228728
                },
                "metrics": {
                    "outcome": -0.11004339243656358
                },
                "metadata": {
                    "trials": 1
                }
            },
            {
                "query": {
                    "x1": -0.9691071036063638,
                    "x2": -1.9948234986154718
                },
                "metrics": {
                    "outcome": -1.6580328783562988
                },
                "metadata": {
                    "trials": 1
                }
            },
            {
                "query": {
                    "x1": -0.6413388050573383,
                    "x2": -0.6733015247148213
                },
                "metrics": {
                    "outcome": -0.6875950430070361
                },
                "metadata": {
                    "trials": 1
                }
            }
        ],
        [
            {
                "query": {
                    "x1": -1.5,
                    "x2": -2.5564178855741337
                },
                "metrics": {
                    "outcome": -1.2325699620918105
                },
                "metadata": {
                    "trials": 1
                }
            },
            {
                "query": {
                    "x1": -0.5680704468670749,
                    "x2": -1.4301658484695292
                },
                "metrics": {
                    "outcome": -1.8901304417160194
                },
                "metadata": {
                    "trials": 1
                }
            },
            {
                "query": {
                    "x1": -0.5960113917999258,
                    "x2": -1.445633051284012
                },
                "metrics": {
                    "outcome": -1.8893924435982434
                },
                "metadata": {
                    "trials": 1
                }
            }
        ],
        [
            {
                "query": {
                    "x1": -0.5211014294557581,
                    "x2": -2.034649091631289
                },
                "metrics": {
                    "outcome": -1.5670453417039276
                },
                "metadata": {
                    "trials": 1
                }
            },
            {
                "query": {
                    "x1": -0.5754668019645004,
                    "x2": -2.0556235758679717
                },
                "metrics": {
                    "outcome": -1.5736102050849436
                },
                "metadata": {
                    "trials": 1
                }
            },
            {
                "query": {
                    "x1": -0.46717777350606293,
                    "x2": -2.0120393869576585
                },
                "metrics": {
                    "outcome": -1.5577261438443895
                },
                "metadata": {
                    "trials": 1
                }
            }
        ],
        [
            {
                "query": {
                    "x1": -1.5,
                    "x2": -0.6723486764426942
                },
                "metrics": {
                    "outcome": 1.4296769240047338
                },
                "metadata": {
                    "trials": 1
                }
            },
            {
                "query": {
                    "x1": -0.45464103409874124,
                    "x2": -1.6027708939781964
                },
                "metrics": {
                    "outcome": -1.890684096688882
                },
                "metadata": {
                    "trials": 1
                }
            },
            {
                "query": {
                    "x1": -1.5,
                    "x2": -0.8627801490571625
                },
                "metrics": {
                    "outcome": 0.7966640488610583
                },
                "metadata": {
                    "trials": 1
                }
            }
        ],
        [
            {
                "query": {
                    "x1": -0.8554220011801459,
                    "x2": -1.6525416311059251
                },
                "metrics": {
                    "outcome": -1.8048945926753395
                },
                "metadata": {
                    "trials": 1
                }
            },
            {
                "query": {
                    "x1": -0.8259276439088188,
                    "x2": -1.6414259037753212
                },
                "metrics": {
                    "outcome": -1.8239389823110583
                },
                "metadata": {
                    "trials": 1
                }
            },
            {
                "query": {
                    "x1": -0.8847529853404776,
                    "x2": -1.6627315523752635
                },
                "metrics": {
                    "outcome": -1.784218671328194
                },
                "metadata": {
                    "trials": 1
                }
            }
        ],
        [
            {
                "query": {
                    "x1": -0.5309431279667931,
                    "x2": -1.1892929371404688
                },
                "metrics": {
                    "outcome": -1.7322478268696915
                },
                "metadata": {
                    "trials": 1
                }
            },
            {
                "query": {
                    "x1": -0.5011403587334693,
                    "x2": -1.1709701543188502
                },
                "metrics": {
                    "outcome": -1.7219149990260516
                },
                "metadata": {
                    "trials": 1
                }
            },
            {
                "query": {
                    "x1": -0.5608303457757237,
                    "x2": -1.2070355981552028
                },
                "metrics": {
                    "outcome": -1.7394067947489162
                },
                "metadata": {
                    "trials": 1
                }
            }
        ],
        [
            {
                "query": {
                    "x1": -0.5734687150457665,
                    "x2": -1.5706608616926574
                },
                "metrics": {
                    "outcome": -1.9121544773365775
                },
                "metadata": {
                    "trials": 1
                }
            },
            {
                "query": {
                    "x1": -0.5617828226424489,
                    "x2": -1.563490116348067
                },
                "metrics": {
                    "outcome": -1.9128096741889786
                },
                "metadata": {
                    "trials": 1
                }
            },
            {
                "query": {
                    "x1": -0.5855322519751409,
                    "x2": -1.5766070668080228
                },
                "metrics": {
                    "outcome": -1.9111827420361216
                },
                "metadata": {
                    "trials": 1
                }
            }
        ],
        [
            {
                "query": {
                    "x1": -0.44748412937059023,
                    "x2": -1.4673763635908657
                },
                "metrics": {
                    "outcome": -1.8984260818618597
                },
                "metadata": {
                    "trials": 1
                }
            },
            {
                "query": {
                    "x1": -0.46077861335999626,
                    "x2": -1.478208722204021
                },
                "metrics": {
                    "outcome": -1.9021698379857641
                },
                "metadata": {
                    "trials": 1
                }
            },
            {
                "query": {
                    "x1": -0.4347228695674794,
                    "x2": -1.4560401146331063
                },
                "metrics": {
                    "outcome": -1.894172973183112
                },
                "metadata": {
                    "trials": 1
                }
            }
        ],
        [
            {
                "query": {
                    "x1": -0.5278325391193898,
                    "x2": -1.5289060601747473
                },
                "metrics": {
                    "outcome": -1.912603408315677
                },
                "metadata": {
                    "trials": 1
                }
            },
            {
                "query": {
                    "x1": -0.5354141002149928,
                    "x2": -1.5276233592340347
                },
                "metrics": {
                    "outcome": -1.9127339426917538
                },
                "metadata": {
                    "trials": 1
                }
            },
            {
                "query": {
                    "x1": -0.5202915476639041,
                    "x2": -1.5302499992023861
                },
                "metrics": {
                    "outcome": -1.9122841487308215
                },
                "metadata": {
                    "trials": 1
                }
            }
        ],
        [
            {
                "query": {
                    "x1": -0.5424148147584231,
                    "x2": -1.5902357978408954
                },
                "metrics": {
                    "outcome": -1.9103071438379051
                },
                "metadata": {
                    "trials": 1
                }
            },
            {
                "query": {
                    "x1": -0.5383958803609363,
                    "x2": -1.582074193724766
                },
                "metrics": {
                    "outcome": -1.9110222467938147
                },
                "metadata": {
                    "trials": 1
                }
            },
            {
                "query": {
                    "x1": -0.5468047613004399,
                    "x2": -1.5979927668486114
                },
                "metrics": {
                    "outcome": -1.9095136173568106
                },
                "metadata": {
                    "trials": 1
                }
            }
        ],
        [
            {
                "query": {
                    "x1": -0.5616663579035784,
                    "x2": -1.5366475790163543
                },
                "metrics": {
                    "outcome": -1.9125903708173508
                },
                "metadata": {
                    "trials": 1
                }
            },
            {
                "query": {
                    "x1": -0.567219964089232,
                    "x2": -1.5385843537612713
                },
                "metrics": {
                    "outcome": -1.912346715825589
                },
                "metadata": {
                    "trials": 1
                }
            },
            {
                "query": {
                    "x1": -0.5561086934217984,
                    "x2": -1.5348901994000061
                },
                "metrics": {
                    "outcome": -1.912767732760705
                },
                "metadata": {
                    "trials": 1
                }
            }
        ],
        [
            {
                "query": {
                    "x1": -0.6250290375222213,
                    "x2": -1.5840069918754227
                },
                "metrics": {
                    "outcome": -1.9059809626867872
                },
                "metadata": {
                    "trials": 1
                }
            },
            {
                "query": {
                    "x1": -0.6170298625939938,
                    "x2": -1.5782725840060579
                },
                "metrics": {
                    "outcome": -1.9074010852010104
                },
                "metadata": {
                    "trials": 1
                }
            },
            {
                "query": {
                    "x1": -0.6330582028814495,
                    "x2": -1.5893215126355589
                },
                "metrics": {
                    "outcome": -1.9044015153661467
                },
                "metadata": {
                    "trials": 1
                }
            }
        ],
        [
            {
                "query": {
                    "x1": -0.5286435131159022,
                    "x2": -1.5408301367946466
                },
                "metrics": {
                    "outcome": -1.9128042302878527
                },
                "metadata": {
                    "trials": 1
                }
            },
            {
                "query": {
                    "x1": -0.5335049806821939,
                    "x2": -1.542567336972191
                },
                "metrics": {
                    "outcome": -1.9129949471908425
                },
                "metadata": {
                    "trials": 1
                }
            },
            {
                "query": {
                    "x1": -0.5239463794267556,
                    "x2": -1.538652091349065
                },
                "metrics": {
                    "outcome": -1.9125662680964002
                },
                "metadata": {
                    "trials": 1
                }
            }
        ],
        [
            {
                "query": {
                    "x1": -0.5558245733080948,
                    "x2": -1.5443718608447021
                },
                "metrics": {
                    "outcome": -1.9130772334322304
                },
                "metadata": {
                    "trials": 1
                }
            },
            {
                "query": {
                    "x1": -0.5519596208559007,
                    "x2": -1.5416546873836898
                },
                "metrics": {
                    "outcome": -1.9131164993058647
                },
                "metadata": {
                    "trials": 1
                }
            },
            {
                "query": {
                    "x1": -0.5599201168085587,
                    "x2": -1.546312635224927
                },
                "metrics": {
                    "outcome": -1.9129772523198518
                },
                "metadata": {
                    "trials": 1
                }
            }
        ],
        [
            {
                "query": {
                    "x1": -0.5326290159678702,
                    "x2": -1.5212980844104116
                },
                "metrics": {
                    "outcome": -1.912380012231405
                },
                "metadata": {
                    "trials": 1
                }
            },
            {
                "query": {
                    "x1": -0.539024534752765,
                    "x2": -1.5482465411823927
                },
                "metrics": {
                    "outcome": -1.9131159033880514
                },
                "metadata": {
                    "trials": 1
                }
            },
            {
                "query": {
                    "x1": -0.5348998586852538,
                    "x2": -1.5460170797586037
                },
                "metrics": {
                    "outcome": -1.9130204980527163
                },
                "metadata": {
                    "trials": 1
                }
            }
        ],
        [
            {
                "query": {
                    "x1": -0.5582882627304722,
                    "x2": -1.550660583415866
                },
                "metrics": {
                    "outcome": -1.9130733149415562
                },
                "metadata": {
                    "trials": 1
                }
            },
            {
                "query": {
                    "x1": -0.5545890937966809,
                    "x2": -1.5529699401645132
                },
                "metrics": {
                    "outcome": -1.9131454881226864
                },
                "metadata": {
                    "trials": 1
                }
            },
            {
                "query": {
                    "x1": -0.5606086252208912,
                    "x2": -1.5463742628346755
                },
                "metrics": {
                    "outcome": -1.9129518931475538
                },
                "metadata": {
                    "trials": 1
                }
            }
        ],
        [
            {
                "query": {
                    "x1": -0.527518132298226,
                    "x2": -1.545640628422922
                },
                "metrics": {
                    "outcome": -1.9126984583469113
                },
                "metadata": {
                    "trials": 1
                }
            },
            {
                "query": {
                    "x1": -0.5312370621521214,
                    "x2": -1.5490595040268427
                },
                "metrics": {
                    "outcome": -1.9128190140636612
                },
                "metadata": {
                    "trials": 1
                }
            },
            {
                "query": {
                    "x1": -0.5239126763380266,
                    "x2": -1.542179003154255
                },
                "metrics": {
                    "outcome": -1.9125405506282314
                },
                "metadata": {
                    "trials": 1
                }
            }
        ],
        [
            {
                "query": {
                    "x1": -0.5361159741293142,
                    "x2": -1.5176424577341339
                },
                "metrics": {
                    "outcome": -1.9121611401934864
                },
                "metadata": {
                    "trials": 1
                }
            },
            {
                "query": {
                    "x1": -0.5592991217633263,
                    "x2": -1.5475330281282296
                },
                "metrics": {
                    "outcome": -1.9130176967275272
                },
                "metadata": {
                    "trials": 1
                }
            },
            {
                "query": {
                    "x1": -0.5404179305110475,
                    "x2": -1.5207523527840765
                },
                "metrics": {
                    "outcome": -1.9123552100101522
                },
                "metadata": {
                    "trials": 1
                }
            }
        ],
        [
            {
                "query": {
                    "x1": -0.5561906170354736,
                    "x2": -1.5574513127249157
                },
                "metrics": {
                    "outcome": -1.9130615593354356
                },
                "metadata": {
                    "trials": 1
                }
            },
            {
                "query": {
                    "x1": -0.5523318922234333,
                    "x2": -1.5571002775096532
                },
                "metrics": {
                    "outcome": -1.9131025926929226
                },
                "metadata": {
                    "trials": 1
                }
            },
            {
                "query": {
                    "x1": -0.5596751434331091,
                    "x2": -1.555365819849559
                },
                "metrics": {
                    "outcome": -1.9130205522678212
                },
                "metadata": {
                    "trials": 1
                }
            }
        ],
        [
            {
                "query": {
                    "x1": -0.5603847539302325,
                    "x2": -1.5436126390611489
                },
                "metrics": {
                    "outcome": -1.9129017997345215
                },
                "metadata": {
                    "trials": 1
                }
            },
            {
                "query": {
                    "x1": -0.5525215186819645,
                    "x2": -1.5560272691651804
                },
                "metrics": {
                    "outcome": -1.913124158366435
                },
                "metadata": {
                    "trials": 1
                }
            },
            {
                "query": {
                    "x1": -0.5589279640340256,
                    "x2": -1.5484984959085446
                },
                "metrics": {
                    "outcome": -1.9130408340200127
                },
                "metadata": {
                    "trials": 1
                }
            }
        ],
        [
            {
                "query": {
                    "x1": -0.5352093414697645,
                    "x2": -1.5514775509273746
                },
                "metrics": {
                    "outcome": -1.9129325342035597
                },
                "metadata": {
                    "trials": 1
                }
            },
            {
                "query": {
                    "x1": -0.5316784659164908,
                    "x2": -1.5490782111525048
                },
                "metrics": {
                    "outcome": -1.912839450453975
                },
                "metadata": {
                    "trials": 1
                }
            },
            {
                "query": {
                    "x1": -0.5388321528674131,
                    "x2": -1.553597791136479
                },
                "metrics": {
                    "outcome": -1.9130032580466354
                },
                "metadata": {
                    "trials": 1
                }
            }
        ],
        [
            {
                "query": {
                    "x1": -0.5340365392606868,
                    "x2": -1.5203336726012149
                },
                "metrics": {
                    "outcome": -1.9123362533352353
                },
                "metadata": {
                    "trials": 1
                }
            },
            {
                "query": {
                    "x1": -0.5383065605939767,
                    "x2": -1.5226867561481008
                },
                "metrics": {
                    "outcome": -1.912492813002499
                },
                "metadata": {
                    "trials": 1
                }
            },
            {
                "query": {
                    "x1": -0.529774929686553,
                    "x2": -1.5185803254900219
                },
                "metrics": {
                    "outcome": -1.9121718233993477
                },
                "metadata": {
                    "trials": 1
                }
            }
        ],
        [
            {
                "query": {
                    "x1": -0.5624851752498559,
                    "x2": -1.5454323332134774
                },
                "metrics": {
                    "outcome": -1.9128531840786152
                },
                "metadata": {
                    "trials": 1
                }
            },
            {
                "query": {
                    "x1": -0.5578728928390121,
                    "x2": -1.5587929213779002
                },
                "metrics": {
                    "outcome": -1.913008270242555
                },
                "metadata": {
                    "trials": 1
                }
            },
            {
                "query": {
                    "x1": -0.5609627815697127,
                    "x2": -1.550207778865232
                },
                "metrics": {
                    "outcome": -1.9129858244575781
                },
                "metadata": {
                    "trials": 1
                }
            }
        ],
        [
            {
                "query": {
                    "x1": -0.5425539555039511,
                    "x2": -1.5553687469003574
                },
                "metrics": {
                    "outcome": -1.9130533513726604
                },
                "metadata": {
                    "trials": 1
                }
            },
            {
                "query": {
                    "x1": -0.5460705184678172,
                    "x2": -1.557094424652771
                },
                "metrics": {
                    "outcome": -1.9130681818411706
                },
                "metadata": {
                    "trials": 1
                }
            },
            {
                "query": {
                    "x1": -0.5390782908986489,
                    "x2": -1.5536552886130592
                },
                "metrics": {
                    "outcome": -1.9130092703366008
                },
                "metadata": {
                    "trials": 1
                }
            }
        ],
        [
            {
                "query": {
                    "x1": -0.5610795939388885,
                    "x2": -1.5402904028348507
                },
                "metrics": {
                    "outcome": -1.9127697271759132
                },
                "metadata": {
                    "trials": 1
                }
            },
            {
                "query": {
                    "x1": -0.5577115489464178,
                    "x2": -1.5379050572262816
                },
                "metrics": {
                    "outcome": -1.9128300119328339
                },
                "metadata": {
                    "trials": 1
                }
            },
            {
                "query": {
                    "x1": -0.564227495404259,
                    "x2": -1.54305634971508
                },
                "metrics": {
                    "outcome": -1.9127029850529627
                },
                "metadata": {
                    "trials": 1
                }
            }
        ],
        [
            {
                "query": {
                    "x1": -0.5604709099745028,
                    "x2": -1.5681139040473253
                },
                "metrics": {
                    "outcome": -1.9126617548979215
                },
                "metadata": {
                    "trials": 1
                }
            },
            {
                "query": {
                    "x1": -0.522280347739599,
                    "x2": -1.5413483769531562
                },
                "metrics": {
                    "outcome": -1.9124470939788605
                },
                "metadata": {
                    "trials": 1
                }
            },
            {
                "query": {
                    "x1": -0.5572434230760631,
                    "x2": -1.565111529081014
                },
                "metrics": {
                    "outcome": -1.9128243822800388
                },
                "metadata": {
                    "trials": 1
                }
            }
        ],
        [
            {
                "query": {
                    "x1": -0.5375798552986761,
                    "x2": -1.550825697510342
                },
                "metrics": {
                    "outcome": -1.9130319505828983
                },
                "metadata": {
                    "trials": 1
                }
            },
            {
                "query": {
                    "x1": -0.5343173795342793,
                    "x2": -1.5489848374383623
                },
                "metrics": {
                    "outcome": -1.9129544243312004
                },
                "metadata": {
                    "trials": 1
                }
            },
            {
                "query": {
                    "x1": -0.5408532178657552,
                    "x2": -1.552579253079487
                },
                "metrics": {
                    "outcome": -1.9130850537496484
                },
                "metadata": {
                    "trials": 1
                }
            }
        ],
        [
            {
                "query": {
                    "x1": -0.5527032800159188,
                    "x2": -1.5359721706562515
                },
                "metrics": {
                    "outcome": -1.9129288436487726
                },
                "metadata": {
                    "trials": 1
                }
            },
            {
                "query": {
                    "x1": -0.5556975309059989,
                    "x2": -1.5384902416343753
                },
                "metrics": {
                    "outcome": -1.9129268455628763
                },
                "metadata": {
                    "trials": 1
                }
            },
            {
                "query": {
                    "x1": -0.5495509101993118,
                    "x2": -1.5337674421318193
                },
                "metrics": {
                    "outcome": -1.9129205961759501
                },
                "metadata": {
                    "trials": 1
                }
            }
        ],
        [
            {
                "query": {
                    "x1": -0.5609770248001807,
                    "x2": -1.567296578039362
                },
                "metrics": {
                    "outcome": -1.9126893143829191
                },
                "metadata": {
                    "trials": 1
                }
            },
            {
                "query": {
                    "x1": -0.5585881968264238,
                    "x2": -1.5634339566730568
                },
                "metrics": {
                    "outcome": -1.9128707530944715
                },
                "metadata": {
                    "trials": 1
                }
            },
            {
                "query": {
                    "x1": -0.5636424723188987,
                    "x2": -1.5707357710002654
                },
                "metrics": {
                    "outcome": -1.9124858220464906
                },
                "metadata": {
                    "trials": 1
                }
            }
        ],
        [
            {
                "query": {
                    "x1": -0.5203727995298439,
                    "x2": -1.5372201844180668
                },
                "metrics": {
                    "outcome": -1.9123485627169705
                },
                "metadata": {
                    "trials": 1
                }
            },
            {
                "query": {
                    "x1": -0.5238391122942176,
                    "x2": -1.5404876105772702
                },
                "metrics": {
                    "outcome": -1.9125520566542864
                },
                "metadata": {
                    "trials": 1
                }
            },
            {
                "query": {
                    "x1": -0.5171301561535862,
                    "x2": -1.5339074575794565
                },
                "metrics": {
                    "outcome": -1.912120804700236
                },
                "metadata": {
                    "trials": 1
                }
            }
        ],
        [
            {
                "query": {
                    "x1": -0.5511504695239032,
                    "x2": -1.5367581426080172
                },
                "metrics": {
                    "outcome": -1.9129975744107575
                },
                "metadata": {
                    "trials": 1
                }
            },
            {
                "query": {
                    "x1": -0.5483932846713819,
                    "x2": -1.534217889012243
                },
                "metrics": {
                    "outcome": -1.9129617489086939
                },
                "metadata": {
                    "trials": 1
                }
            },
            {
                "query": {
                    "x1": -0.5540985234666226,
                    "x2": -1.5389834969325038
                },
                "metrics": {
                    "outcome": -1.9129937441716383
                },
                "metadata": {
                    "trials": 1
                }
            }
        ],
        [
            {
                "query": {
                    "x1": -0.5440783857910435,
                    "x2": -1.5548960279539124
                },
                "metrics": {
                    "outcome": -1.9130968613009203
                },
                "metadata": {
                    "trials": 1
                }
            },
            {
                "query": {
                    "x1": -0.5472234393509156,
                    "x2": -1.5566184839022628
                },
                "metrics": {
                    "outcome": -1.9130961155574546
                },
                "metadata": {
                    "trials": 1
                }
            },
            {
                "query": {
                    "x1": -0.5411225077079385,
                    "x2": -1.5533098943699317
                },
                "metrics": {
                    "outcome": -1.9130744219849558
                },
                "metadata": {
                    "trials": 1
                }
            }
        ],
        [
            {
                "query": {
                    "x1": -0.544837683455611,
                    "x2": -1.5539681524174627
                },
                "metrics": {
                    "outcome": -1.9131311726061204
                },
                "metadata": {
                    "trials": 1
                }
            },
            {
                "query": {
                    "x1": -0.5478294085412839,
                    "x2": -1.5554262499018612
                },
                "metrics": {
                    "outcome": -1.9131313055837595
                },
                "metadata": {
                    "trials": 1
                }
            },
            {
                "query": {
                    "x1": -0.5419897434911914,
                    "x2": -1.5520271735666014
                },
                "metrics": {
                    "outcome": -1.913122143042738
                },
                "metadata": {
                    "trials": 1
                }
            }
        ],
        [
            {
                "query": {
                    "x1": -0.5630282056404092,
                    "x2": -1.5440190959200062
                },
                "metrics": {
                    "outcome": -1.912792462560815
                },
                "metadata": {
                    "trials": 1
                }
            },
            {
                "query": {
                    "x1": -0.5474837544805946,
                    "x2": -1.532679872274551
                },
                "metrics": {
                    "outcome": -1.9129158611539716
                },
                "metadata": {
                    "trials": 1
                }
            },
            {
                "query": {
                    "x1": -0.5505470077094891,
                    "x2": -1.5351131618360676
                },
                "metrics": {
                    "outcome": -1.9129516575953507
                },
                "metadata": {
                    "trials": 1
                }
            }
        ],
        [
            {
                "query": {
                    "x1": -0.5613538891847168,
                    "x2": -1.5654202442039482
                },
                "metrics": {
                    "outcome": -1.9127553168723361
                },
                "metadata": {
                    "trials": 1
                }
            },
            {
                "query": {
                    "x1": -0.5584769952513955,
                    "x2": -1.5625408418143794
                },
                "metrics": {
                    "outcome": -1.912901124239462
                },
                "metadata": {
                    "trials": 1
                }
            },
            {
                "query": {
                    "x1": -0.5553464979748387,
                    "x2": -1.5603974423891473
                },
                "metrics": {
                    "outcome": -1.9130009058231368
                },
                "metadata": {
                    "trials": 1
                }
            }
        ],
        [
            {
                "query": {
                    "x1": -0.532278457466128,
                    "x2": -1.520772453215649
                },
                "metrics": {
                    "outcome": -1.9123446166174136
                },
                "metadata": {
                    "trials": 1
                }
            },
            {
                "query": {
                    "x1": -0.5357446219437267,
                    "x2": -1.5237536281528141
                },
                "metrics": {
                    "outcome": -1.9125483646871095
                },
                "metadata": {
                    "trials": 1
                }
            },
            {
                "query": {
                    "x1": -0.5288183520362713,
                    "x2": -1.5181291057155095
                },
                "metrics": {
                    "outcome": -1.9121251449821695
                },
                "metadata": {
                    "trials": 1
                }
            }
        ],
        [
            {
                "query": {
                    "x1": -0.5392124623446005,
                    "x2": -1.5516818210816534
                },
                "metrics": {
                    "outcome": -1.9130621596154698
                },
                "metadata": {
                    "trials": 1
                }
            },
            {
                "query": {
                    "x1": -0.5422436492510856,
                    "x2": -1.5527489267610726
                },
                "metrics": {
                    "outcome": -1.9131124395686623
                },
                "metadata": {
                    "trials": 1
                }
            },
            {
                "query": {
                    "x1": -0.5362246783373457,
                    "x2": -1.5504636575725863
                },
                "metrics": {
                    "outcome": -1.9129944499694727
                },
                "metadata": {
                    "trials": 1
                }
            }
        ],
        [
            {
                "query": {
                    "x1": -0.564997193809755,
                    "x2": -1.5448242985752287
                },
                "metrics": {
                    "outcome": -1.91271327168967
                },
                "metadata": {
                    "trials": 1
                }
            },
            {
                "query": {
                    "x1": -0.5616412397590049,
                    "x2": -1.543133674670813
                },
                "metrics": {
                    "outcome": -1.9128338656236448
                },
                "metadata": {
                    "trials": 1
                }
            },
            {
                "query": {
                    "x1": -0.5671229167133524,
                    "x2": -1.5489589601549334
                },
                "metrics": {
                    "outcome": -1.912690230711994
                },
                "metadata": {
                    "trials": 1
                }
            }
        ],
        [
            {
                "query": {
                    "x1": -0.5402271367981762,
                    "x2": -1.55138574070051
                },
                "metrics": {
                    "outcome": -1.9130950868933803
                },
                "metadata": {
                    "trials": 1
                }
            },
            {
                "query": {
                    "x1": -0.5430727586357793,
                    "x2": -1.5528341567061175
                },
                "metrics": {
                    "outcome": -1.9131266806924097
                },
                "metadata": {
                    "trials": 1
                }
            },
            {
                "query": {
                    "x1": -0.5373617606897373,
                    "x2": -1.5500218114376052
                },
                "metrics": {
                    "outcome": -1.9130413618800843
                },
                "metadata": {
                    "trials": 1
                }
            }
        ],
        [
            {
                "query": {
                    "x1": -0.5648457718705715,
                    "x2": -1.5728509848512051
                },
                "metrics": {
                    "outcome": -1.912353850549834
                },
                "metadata": {
                    "trials": 1
                }
            },
            {
                "query": {
                    "x1": -0.5624727550622859,
                    "x2": -1.568760986389239
                },
                "metrics": {
                    "outcome": -1.9126000102116683
                },
                "metadata": {
                    "trials": 1
                }
            },
            {
                "query": {
                    "x1": -0.5670221406599687,
                    "x2": -1.57700935338717
                },
                "metrics": {
                    "outcome": -1.912066775087545
                },
                "metadata": {
                    "trials": 1
                }
            }
        ],
        [
            {
                "query": {
                    "x1": -0.549904968381983,
                    "x2": -1.5388089490242511
                },
                "metrics": {
                    "outcome": -1.9130858422340538
                },
                "metadata": {
                    "trials": 1
                }
            },
            {
                "query": {
                    "x1": -0.5401483367866773,
                    "x2": -1.5495161060174252
                },
                "metrics": {
                    "outcome": -1.9131255006244747
                },
                "metadata": {
                    "trials": 1
                }
            },
            {
                "query": {
                    "x1": -0.5528835940300675,
                    "x2": -1.5397172184240624
                },
                "metrics": {
                    "outcome": -1.913048206979254
                },
                "metadata": {
                    "trials": 1
                }
            }
        ]
    ],
    "best_results": [
        {
            "query": {
                "x1": -0.5545890937966809,
                "x2": -1.5529699401645132
            },
            "metrics": [
                {
                    "name": "outcome",
                    "value": -1.9131454881226864
                }
            ]
        }
    ]
}