{
    "date": "04/11/2022 13:57:39",
    "basic_params": {
        "active_variables": [
            "x"
        ],
        "default_query": {},
        "metric": "basic",
        "n_trials": 1
    },
    "objective_function": {
        "name": "Forrester",
        "params": {}
    },
    "optimizer": {
        "name": "BBO-LP(LCBa)",
        "params": {
            "lower_bound": [
                0.0
            ],
            "upper_bound": [
                1.0
            ],
            "invert_metric": false,
            "bopt_params": {
                "n_init_samples": 15,
                "n_iterations": 45,
                "n_iter_relearn": 5,
                "verbose_level": 1,
                "n_parallel_samples": 3,
                "par_type": "PAR_BBO",
                "crit_name": "cLP(cLCBa)",
                "n_crit_params": 3,
                "crit_params": [
                    3,
                    1,
                    5.0
                ]
            }
        }
    },
    "iterations": [
        [
            {
                "query": {
                    "x": 0.9971732082000623
                },
                "metrics": {
                    "outcome": 15.765031022650847
                },
                "metadata": {
                    "trials": 1
                }
            }
        ],
        [
            {
                "query": {
                    "x": 0.5956366009855022
                },
                "metrics": {
                    "outcome": -0.01497667812616055
                },
                "metadata": {
                    "trials": 1
                }
            }
        ],
        [
            {
                "query": {
                    "x": 0.21154266870580613
                },
                "metrics": {
                    "outcome": -0.5307998294955799
                },
                "metadata": {
                    "trials": 1
                }
            }
        ],
        [
            {
                "query": {
                    "x": 0.6604709062570085
                },
                "metrics": {
                    "outcome": -2.7206059757939625
                },
                "metadata": {
                    "trials": 1
                }
            }
        ],
        [
            {
                "query": {
                    "x": 0.2718962104835858
                },
                "metrics": {
                    "outcome": -0.09134732658795927
                },
                "metadata": {
                    "trials": 1
                }
            }
        ],
        [
            {
                "query": {
                    "x": 0.41085758606592815
                },
                "metrics": {
                    "outcome": 0.17347640915601728
                },
                "metadata": {
                    "trials": 1
                }
            }
        ],
        [
            {
                "query": {
                    "x": 0.08044744300035139
                },
                "metrics": {
                    "outcome": -0.2457834614978703
                },
                "metadata": {
                    "trials": 1
                }
            }
        ],
        [
            {
                "query": {
                    "x": 0.7092380318790674
                },
                "metrics": {
                    "outcome": -4.9840011460663485
                },
                "metadata": {
                    "trials": 1
                }
            }
        ],
        [
            {
                "query": {
                    "x": 0.0419653565933307
                },
                "metrics": {
                    "outcome": 1.0618093070348162
                },
                "metadata": {
                    "trials": 1
                }
            }
        ],
        [
            {
                "query": {
                    "x": 0.8822887824072192
                },
                "metrics": {
                    "outcome": 3.250332540769059
                },
                "metadata": {
                    "trials": 1
                }
            }
        ],
        [
            {
                "query": {
                    "x": 0.8026266432056824
                },
                "metrics": {
                    "outcome": -4.808728711919051
                },
                "metadata": {
                    "trials": 1
                }
            }
        ],
        [
            {
                "query": {
                    "x": 0.5126056201911221
                },
                "metrics": {
                    "outcome": 0.9674783449853988
                },
                "metadata": {
                    "trials": 1
                }
            }
        ],
        [
            {
                "query": {
                    "x": 0.7412391195384165
                },
                "metrics": {
                    "outcome": -5.8904833321766
                },
                "metadata": {
                    "trials": 1
                }
            }
        ],
        [
            {
                "query": {
                    "x": 0.16380799116256337
                },
                "metrics": {
                    "outcome": -0.9254375386416988
                },
                "metadata": {
                    "trials": 1
                }
            }
        ],
        [
            {
                "query": {
                    "x": 0.3678925963429113
                },
                "metrics": {
                    "outcome": 0.01732432385665946
                },
                "metadata": {
                    "trials": 1
                }
            }
        ],
        [
            {
                "query": {
                    "x": 0.7573745460265476
                },
                "metrics": {
                    "outcome": -6.020731603371403
                },
                "metadata": {
                    "trials": 1
                }
            },
            {
                "query": {
                    "x": 0.7502775742229322
                },
                "metrics": {
                    "outcome": -5.995318106799538
                },
                "metadata": {
                    "trials": 1
                }
            },
            {
                "query": {
                    "x": 0.7644417924439483
                },
                "metrics": {
                    "outcome": -5.9925610866859715
                },
                "metadata": {
                    "trials": 1
                }
            }
        ],
        [
            {
                "query": {
                    "x": 0.7568805611062264
                },
                "metrics": {
                    "outcome": -6.0206677375147635
                },
                "metadata": {
                    "trials": 1
                }
            },
            {
                "query": {
                    "x": 0.757988665627418
                },
                "metrics": {
                    "outcome": -6.020447093487167
                },
                "metadata": {
                    "trials": 1
                }
            },
            {
                "query": {
                    "x": 0.7558390170968506
                },
                "metrics": {
                    "outcome": -6.019683079049853
                },
                "metadata": {
                    "trials": 1
                }
            }
        ],
        [
            {
                "query": {
                    "x": 0.7581401383589451
                },
                "metrics": {
                    "outcome": -6.02031468407916
                },
                "metadata": {
                    "trials": 1
                }
            },
            {
                "query": {
                    "x": 0.757199398078029
                },
                "metrics": {
                    "outcome": -6.02073875490989
                },
                "metadata": {
                    "trials": 1
                }
            },
            {
                "query": {
                    "x": 0.7564127278757115
                },
                "metrics": {
                    "outcome": -6.020367707711411
                },
                "metadata": {
                    "trials": 1
                }
            }
        ],
        [
            {
                "query": {
                    "x": 0.7581636915467996
                },
                "metrics": {
                    "outcome": -6.020291877883465
                },
                "metadata": {
                    "trials": 1
                }
            },
            {
                "query": {
                    "x": 0.7573087590320992
                },
                "metrics": {
                    "outcome": -6.020738132947547
                },
                "metadata": {
                    "trials": 1
                }
            },
            {
                "query": {
                    "x": 0.7565876721193876
                },
                "metrics": {
                    "outcome": -6.020507118391418
                },
                "metadata": {
                    "trials": 1
                }
            }
        ],
        [
            {
                "query": {
                    "x": 0.7581561787249685
                },
                "metrics": {
                    "outcome": -6.020299217281246
                },
                "metadata": {
                    "trials": 1
                }
            },
            {
                "query": {
                    "x": 0.7573475292765235
                },
                "metrics": {
                    "outcome": -6.020734844666533
                },
                "metadata": {
                    "trials": 1
                }
            },
            {
                "query": {
                    "x": 0.7566409605450491
                },
                "metrics": {
                    "outcome": -6.020543127734991
                },
                "metadata": {
                    "trials": 1
                }
            }
        ],
        [
            {
                "query": {
                    "x": 0.7578727585733885
                },
                "metrics": {
                    "outcome": -6.020531758134034
                },
                "metadata": {
                    "trials": 1
                }
            },
            {
                "query": {
                    "x": 0.7567837865439598
                },
                "metrics": {
                    "outcome": -6.020624758222657
                },
                "metadata": {
                    "trials": 1
                }
            },
            {
                "query": {
                    "x": 0.7561597747894223
                },
                "metrics": {
                    "outcome": -6.020108762151046
                },
                "metadata": {
                    "trials": 1
                }
            }
        ],
        [
            {
                "query": {
                    "x": 0.7579389288579544
                },
                "metrics": {
                    "outcome": -6.020485191544639
                },
                "metadata": {
                    "trials": 1
                }
            },
            {
                "query": {
                    "x": 0.7572592619493286
                },
                "metrics": {
                    "outcome": -6.0207399968453
                },
                "metadata": {
                    "trials": 1
                }
            },
            {
                "query": {
                    "x": 0.7566702197374143
                },
                "metrics": {
                    "outcome": -6.020561616518412
                },
                "metadata": {
                    "trials": 1
                }
            }
        ],
        [
            {
                "query": {
                    "x": 0.7579826456168337
                },
                "metrics": {
                    "outcome": -6.020451846176267
                },
                "metadata": {
                    "trials": 1
                }
            },
            {
                "query": {
                    "x": 0.7573148992849725
                },
                "metrics": {
                    "outcome": -6.020737719224391
                },
                "metadata": {
                    "trials": 1
                }
            },
            {
                "query": {
                    "x": 0.7567279039172933
                },
                "metrics": {
                    "outcome": -6.020595401871985
                },
                "metadata": {
                    "trials": 1
                }
            }
        ],
        [
            {
                "query": {
                    "x": 0.7580023739264509
                },
                "metrics": {
                    "outcome": -6.020436125705825
                },
                "metadata": {
                    "trials": 1
                }
            },
            {
                "query": {
                    "x": 0.7567440928504943
                },
                "metrics": {
                    "outcome": -6.020604247955472
                },
                "metadata": {
                    "trials": 1
                }
            },
            {
                "query": {
                    "x": 0.7573571104284471
                },
                "metrics": {
                    "outcome": -6.020733784473411
                },
                "metadata": {
                    "trials": 1
                }
            }
        ],
        [
            {
                "query": {
                    "x": 0.7580092819072793
                },
                "metrics": {
                    "outcome": -6.020430522208912
                },
                "metadata": {
                    "trials": 1
                }
            },
            {
                "query": {
                    "x": 0.7566655939808733
                },
                "metrics": {
                    "outcome": -6.020558754059334
                },
                "metadata": {
                    "trials": 1
                }
            },
            {
                "query": {
                    "x": 0.7573566310346077
                },
                "metrics": {
                    "outcome": -6.020733839852396
                },
                "metadata": {
                    "trials": 1
                }
            }
        ],
        [
            {
                "query": {
                    "x": 0.7566352773133361
                },
                "metrics": {
                    "outcome": -6.020539431021051
                },
                "metadata": {
                    "trials": 1
                }
            },
            {
                "query": {
                    "x": 0.7580051567690826
                },
                "metrics": {
                    "outcome": -6.020433874537048
                },
                "metadata": {
                    "trials": 1
                }
            },
            {
                "query": {
                    "x": 0.7572479564284486
                },
                "metrics": {
                    "outcome": -6.020740055424113
                },
                "metadata": {
                    "trials": 1
                }
            }
        ],
        [
            {
                "query": {
                    "x": 0.7566244248811301
                },
                "metrics": {
                    "outcome": -6.020532276628008
                },
                "metadata": {
                    "trials": 1
                }
            },
            {
                "query": {
                    "x": 0.7580006264932219
                },
                "metrics": {
                    "outcome": -6.020437535030099
                },
                "metadata": {
                    "trials": 1
                }
            },
            {
                "query": {
                    "x": 0.7572150306646527
                },
                "metrics": {
                    "outcome": -6.020739448383822
                },
                "metadata": {
                    "trials": 1
                }
            }
        ],
        [
            {
                "query": {
                    "x": 0.756621026673412
                },
                "metrics": {
                    "outcome": -6.020530010660503
                },
                "metadata": {
                    "trials": 1
                }
            },
            {
                "query": {
                    "x": 0.7579934674937339
                },
                "metrics": {
                    "outcome": -6.020443274576846
                },
                "metadata": {
                    "trials": 1
                }
            },
            {
                "query": {
                    "x": 0.7571978657334211
                },
                "metrics": {
                    "outcome": -6.020738672893542
                },
                "metadata": {
                    "trials": 1
                }
            }
        ],
        [
            {
                "query": {
                    "x": 0.7566213587541235
                },
                "metrics": {
                    "outcome": -6.020530232636881
                },
                "metadata": {
                    "trials": 1
                }
            },
            {
                "query": {
                    "x": 0.7579849958440653
                },
                "metrics": {
                    "outcome": -6.020449995349045
                },
                "metadata": {
                    "trials": 1
                }
            },
            {
                "query": {
                    "x": 0.7571868685038821
                },
                "metrics": {
                    "outcome": -6.020738010737301
                },
                "metadata": {
                    "trials": 1
                }
            }
        ],
        [
            {
                "query": {
                    "x": 0.7566238168416224
                },
                "metrics": {
                    "outcome": -6.020531872080728
                },
                "metadata": {
                    "trials": 1
                }
            },
            {
                "query": {
                    "x": 0.7579758862451302
                },
                "metrics": {
                    "outcome": -6.020457136162378
                },
                "metadata": {
                    "trials": 1
                }
            },
            {
                "query": {
                    "x": 0.7571795266781097
                },
                "metrics": {
                    "outcome": -6.020737496815108
                },
                "metadata": {
                    "trials": 1
                }
            }
        ],
        [
            {
                "query": {
                    "x": 0.7566272744463592
                },
                "metrics": {
                    "outcome": -6.020534167297717
                },
                "metadata": {
                    "trials": 1
                }
            },
            {
                "query": {
                    "x": 0.7579668439597326
                },
                "metrics": {
                    "outcome": -6.02046413601997
                },
                "metadata": {
                    "trials": 1
                }
            },
            {
                "query": {
                    "x": 0.7571791263415105
                },
                "metrics": {
                    "outcome": -6.0207374671376686
                },
                "metadata": {
                    "trials": 1
                }
            }
        ],
        [
            {
                "query": {
                    "x": 0.7566311833516857
                },
                "metrics": {
                    "outcome": -6.020536746801155
                },
                "metadata": {
                    "trials": 1
                }
            },
            {
                "query": {
                    "x": 0.7579576877475089
                },
                "metrics": {
                    "outcome": -6.020471134547386
                },
                "metadata": {
                    "trials": 1
                }
            },
            {
                "query": {
                    "x": 0.7571701985374787
                },
                "metrics": {
                    "outcome": -6.020736760864507
                },
                "metadata": {
                    "trials": 1
                }
            }
        ],
        [
            {
                "query": {
                    "x": 0.7566356283505287
                },
                "metrics": {
                    "outcome": -6.020539660350942
                },
                "metadata": {
                    "trials": 1
                }
            },
            {
                "query": {
                    "x": 0.7579489420648057
                },
                "metrics": {
                    "outcome": -6.020477735177758
                },
                "metadata": {
                    "trials": 1
                }
            },
            {
                "query": {
                    "x": 0.7571675995109084
                },
                "metrics": {
                    "outcome": -6.02073653926957
                },
                "metadata": {
                    "trials": 1
                }
            }
        ],
        [
            {
                "query": {
                    "x": 0.7566401247025651
                },
                "metrics": {
                    "outcome": -6.020542586205296
                },
                "metadata": {
                    "trials": 1
                }
            },
            {
                "query": {
                    "x": 0.7579405678686382
                },
                "metrics": {
                    "outcome": -6.020483978422692
                },
                "metadata": {
                    "trials": 1
                }
            },
            {
                "query": {
                    "x": 0.7571652749084569
                },
                "metrics": {
                    "outcome": -6.020736334964542
                },
                "metadata": {
                    "trials": 1
                }
            }
        ],
        [
            {
                "query": {
                    "x": 0.7566447042588483
                },
                "metrics": {
                    "outcome": -6.020545544122963
                },
                "metadata": {
                    "trials": 1
                }
            },
            {
                "query": {
                    "x": 0.75793248568093
                },
                "metrics": {
                    "outcome": -6.020489932523284
                },
                "metadata": {
                    "trials": 1
                }
            },
            {
                "query": {
                    "x": 0.7571637489608813
                },
                "metrics": {
                    "outcome": -6.020736197716386
                },
                "metadata": {
                    "trials": 1
                }
            }
        ],
        [
            {
                "query": {
                    "x": 0.7566492985408423
                },
                "metrics": {
                    "outcome": -6.020548489161896
                },
                "metadata": {
                    "trials": 1
                }
            },
            {
                "query": {
                    "x": 0.7579248014443593
                },
                "metrics": {
                    "outcome": -6.020495528383301
                },
                "metadata": {
                    "trials": 1
                }
            },
            {
                "query": {
                    "x": 0.7573710424452089
                },
                "metrics": {
                    "outcome": -6.020732067743308
                },
                "metadata": {
                    "trials": 1
                }
            }
        ],
        [
            {
                "query": {
                    "x": 0.7566498622018365
                },
                "metrics": {
                    "outcome": -6.0205488489368575
                },
                "metadata": {
                    "trials": 1
                }
            },
            {
                "query": {
                    "x": 0.7579134716000604
                },
                "metrics": {
                    "outcome": -6.020503663370552
                },
                "metadata": {
                    "trials": 1
                }
            },
            {
                "query": {
                    "x": 0.7561778583576149
                },
                "metrics": {
                    "outcome": -6.02012952267158
                },
                "metadata": {
                    "trials": 1
                }
            }
        ],
        [
            {
                "query": {
                    "x": 0.7578610951483725
                },
                "metrics": {
                    "outcome": -6.020539478717062
                },
                "metadata": {
                    "trials": 1
                }
            },
            {
                "query": {
                    "x": 0.7567744707081371
                },
                "metrics": {
                    "outcome": -6.020620095101014
                },
                "metadata": {
                    "trials": 1
                }
            },
            {
                "query": {
                    "x": 0.7573303147399578
                },
                "metrics": {
                    "outcome": -6.020736502999092
                },
                "metadata": {
                    "trials": 1
                }
            }
        ],
        [
            {
                "query": {
                    "x": 0.7578659127071111
                },
                "metrics": {
                    "outcome": -6.0205363074469975
                },
                "metadata": {
                    "trials": 1
                }
            },
            {
                "query": {
                    "x": 0.7567527331249593
                },
                "metrics": {
                    "outcome": -6.020608855179935
                },
                "metadata": {
                    "trials": 1
                }
            },
            {
                "query": {
                    "x": 0.7563042695672065
                },
                "metrics": {
                    "outcome": -6.020264979811095
                },
                "metadata": {
                    "trials": 1
                }
            }
        ],
        [
            {
                "query": {
                    "x": 0.7578360826478028
                },
                "metrics": {
                    "outcome": -6.020555543291096
                },
                "metadata": {
                    "trials": 1
                }
            },
            {
                "query": {
                    "x": 0.7568690423598116
                },
                "metrics": {
                    "outcome": -6.020663144431417
                },
                "metadata": {
                    "trials": 1
                }
            },
            {
                "query": {
                    "x": 0.7564367937704464
                },
                "metrics": {
                    "outcome": -6.0203888116409665
                },
                "metadata": {
                    "trials": 1
                }
            }
        ],
        [
            {
                "query": {
                    "x": 0.7578249340001769
                },
                "metrics": {
                    "outcome": -6.0205624872749555
                },
                "metadata": {
                    "trials": 1
                }
            },
            {
                "query": {
                    "x": 0.7573296168969583
                },
                "metrics": {
                    "outcome": -6.020736563544558
                },
                "metadata": {
                    "trials": 1
                }
            },
            {
                "query": {
                    "x": 0.7568836595605399
                },
                "metrics": {
                    "outcome": -6.020668948910395
                },
                "metadata": {
                    "trials": 1
                }
            }
        ],
        [
            {
                "query": {
                    "x": 0.7578353191950984
                },
                "metrics": {
                    "outcome": -6.02055602306587
                },
                "metadata": {
                    "trials": 1
                }
            },
            {
                "query": {
                    "x": 0.7573392732421207
                },
                "metrics": {
                    "outcome": -6.020735679523612
                },
                "metadata": {
                    "trials": 1
                }
            },
            {
                "query": {
                    "x": 0.756880889651601
                },
                "metrics": {
                    "outcome": -6.020667866449837
                },
                "metadata": {
                    "trials": 1
                }
            }
        ],
        [
            {
                "query": {
                    "x": 0.7578429738143441
                },
                "metrics": {
                    "outcome": -6.020551184382086
                },
                "metadata": {
                    "trials": 1
                }
            },
            {
                "query": {
                    "x": 0.7568550575457804
                },
                "metrics": {
                    "outcome": -6.020657378169324
                },
                "metadata": {
                    "trials": 1
                }
            },
            {
                "query": {
                    "x": 0.7573480925255397
                },
                "metrics": {
                    "outcome": -6.020734785055502
                },
                "metadata": {
                    "trials": 1
                }
            }
        ],
        [
            {
                "query": {
                    "x": 0.7578476773250219
                },
                "metrics": {
                    "outcome": -6.020548179974235
                },
                "metadata": {
                    "trials": 1
                }
            },
            {
                "query": {
                    "x": 0.7568198864670782
                },
                "metrics": {
                    "outcome": -6.020641956271824
                },
                "metadata": {
                    "trials": 1
                }
            },
            {
                "query": {
                    "x": 0.7573489937326323
                },
                "metrics": {
                    "outcome": -6.020734688971572
                },
                "metadata": {
                    "trials": 1
                }
            }
        ],
        [
            {
                "query": {
                    "x": 0.7578501623851951
                },
                "metrics": {
                    "outcome": -6.02054658303269
                },
                "metadata": {
                    "trials": 1
                }
            },
            {
                "query": {
                    "x": 0.7567969902420897
                },
                "metrics": {
                    "outcome": -6.020631209297414
                },
                "metadata": {
                    "trials": 1
                }
            },
            {
                "query": {
                    "x": 0.7563735121324775
                },
                "metrics": {
                    "outcome": -6.020332002922079
                },
                "metadata": {
                    "trials": 1
                }
            }
        ],
        [
            {
                "query": {
                    "x": 0.7578246819132445
                },
                "metrics": {
                    "outcome": -6.020562642746116
                },
                "metadata": {
                    "trials": 1
                }
            },
            {
                "query": {
                    "x": 0.7568929447042544
                },
                "metrics": {
                    "outcome": -6.020672517891335
                },
                "metadata": {
                    "trials": 1
                }
            },
            {
                "query": {
                    "x": 0.7573476562428467
                },
                "metrics": {
                    "outcome": -6.020734831258753
                },
                "metadata": {
                    "trials": 1
                }
            }
        ],
        [
            {
                "query": {
                    "x": 0.7578312602929395
                },
                "metrics": {
                    "outcome": -6.020558563287753
                },
                "metadata": {
                    "trials": 1
                }
            },
            {
                "query": {
                    "x": 0.7568515032771022
                },
                "metrics": {
                    "outcome": -6.020655879484495
                },
                "metadata": {
                    "trials": 1
                }
            },
            {
                "query": {
                    "x": 0.7573439940967752
                },
                "metrics": {
                    "outcome": -6.020735211066106
                },
                "metadata": {
                    "trials": 1
                }
            }
        ],
        [
            {
                "query": {
                    "x": 0.757835252398713
                },
                "metrics": {
                    "outcome": -6.020556065012801
                },
                "metadata": {
                    "trials": 1
                }
            },
            {
                "query": {
                    "x": 0.7568251894553627
                },
                "metrics": {
                    "outcome": -6.020644365818309
                },
                "metadata": {
                    "trials": 1
                }
            },
            {
                "query": {
                    "x": 0.7573424148399752
                },
                "metrics": {
                    "outcome": -6.020735370429643
                },
                "metadata": {
                    "trials": 1
                }
            }
        ],
        [
            {
                "query": {
                    "x": 0.756806467109548
                },
                "metrics": {
                    "outcome": -6.020635725180697
                },
                "metadata": {
                    "trials": 1
                }
            },
            {
                "query": {
                    "x": 0.7578373383858347
                },
                "metrics": {
                    "outcome": -6.020554752789847
                },
                "metadata": {
                    "trials": 1
                }
            },
            {
                "query": {
                    "x": 0.75726702047374
                },
                "metrics": {
                    "outcome": -6.020739877654788
                },
                "metadata": {
                    "trials": 1
                }
            }
        ],
        [
            {
                "query": {
                    "x": 0.7567940541014718
                },
                "metrics": {
                    "outcome": -6.020629790790662
                },
                "metadata": {
                    "trials": 1
                }
            },
            {
                "query": {
                    "x": 0.7578397783248038
                },
                "metrics": {
                    "outcome": -6.020553211981393
                },
                "metadata": {
                    "trials": 1
                }
            },
            {
                "query": {
                    "x": 0.7572462631927802
                },
                "metrics": {
                    "outcome": -6.020740052443853
                },
                "metadata": {
                    "trials": 1
                }
            }
        ],
        [
            {
                "query": {
                    "x": 0.7567851374751035
                },
                "metrics": {
                    "outcome": -6.0206254267786825
                },
                "metadata": {
                    "trials": 1
                }
            },
            {
                "query": {
                    "x": 0.7578409798855434
                },
                "metrics": {
                    "outcome": -6.020552450853923
                },
                "metadata": {
                    "trials": 1
                }
            },
            {
                "query": {
                    "x": 0.7572325399747856
                },
                "metrics": {
                    "outcome": -6.0207399153202426
                },
                "metadata": {
                    "trials": 1
                }
            }
        ],
        [
            {
                "query": {
                    "x": 0.756778191027596
                },
                "metrics": {
                    "outcome": -6.020621968410477
                },
                "metadata": {
                    "trials": 1
                }
            },
            {
                "query": {
                    "x": 0.7578411949299164
                },
                "metrics": {
                    "outcome": -6.020552314470782
                },
                "metadata": {
                    "trials": 1
                }
            },
            {
                "query": {
                    "x": 0.7572220199788559
                },
                "metrics": {
                    "outcome": -6.020739674029545
                },
                "metadata": {
                    "trials": 1
                }
            }
        ],
        [
            {
                "query": {
                    "x": 0.7567730427517545
                },
                "metrics": {
                    "outcome": -6.020619372165821
                },
                "metadata": {
                    "trials": 1
                }
            },
            {
                "query": {
                    "x": 0.7578406825985264
                },
                "metrics": {
                    "outcome": -6.020552639314371
                },
                "metadata": {
                    "trials": 1
                }
            },
            {
                "query": {
                    "x": 0.7572137707260329
                },
                "metrics": {
                    "outcome": -6.020739402158788
                },
                "metadata": {
                    "trials": 1
                }
            }
        ],
        [
            {
                "query": {
                    "x": 0.7567690319976298
                },
                "metrics": {
                    "outcome": -6.020617330030114
                },
                "metadata": {
                    "trials": 1
                }
            },
            {
                "query": {
                    "x": 0.757839434211606
                },
                "metrics": {
                    "outcome": -6.020553429674101
                },
                "metadata": {
                    "trials": 1
                }
            },
            {
                "query": {
                    "x": 0.7572071284744635
                },
                "metrics": {
                    "outcome": -6.0207391304455475
                },
                "metadata": {
                    "trials": 1
                }
            }
        ],
        [
            {
                "query": {
                    "x": 0.7567660311154407
                },
                "metrics": {
                    "outcome": -6.02061579089606
                },
                "metadata": {
                    "trials": 1
                }
            },
            {
                "query": {
                    "x": 0.7578378344359947
                },
                "metrics": {
                    "outcome": -6.020554440054322
                },
                "metadata": {
                    "trials": 1
                }
            },
            {
                "query": {
                    "x": 0.757201612016284
                },
                "metrics": {
                    "outcome": -6.020738868980282
                },
                "metadata": {
                    "trials": 1
                }
            }
        ],
        [
            {
                "query": {
                    "x": 0.7567637375891628
                },
                "metrics": {
                    "outcome": -6.020614608103015
                },
                "metadata": {
                    "trials": 1
                }
            },
            {
                "query": {
                    "x": 0.7578355936128992
                },
                "metrics": {
                    "outcome": -6.020555850686163
                },
                "metadata": {
                    "trials": 1
                }
            },
            {
                "query": {
                    "x": 0.7571969904923691
                },
                "metrics": {
                    "outcome": -6.02073862492286
                },
                "metadata": {
                    "trials": 1
                }
            }
        ],
        [
            {
                "query": {
                    "x": 0.7567622746775955
                },
                "metrics": {
                    "outcome": -6.020613850743453
                },
                "metadata": {
                    "trials": 1
                }
            },
            {
                "query": {
                    "x": 0.7578331576056627
                },
                "metrics": {
                    "outcome": -6.020557378075187
                },
                "metadata": {
                    "trials": 1
                }
            },
            {
                "query": {
                    "x": 0.7571932237532851
                },
                "metrics": {
                    "outcome": -6.020738409140474
                },
                "metadata": {
                    "trials": 1
                }
            }
        ],
        [
            {
                "query": {
                    "x": 0.7567610274312092
                },
                "metrics": {
                    "outcome": -6.020613203237738
                },
                "metadata": {
                    "trials": 1
                }
            },
            {
                "query": {
                    "x": 0.7578302639064494
                },
                "metrics": {
                    "outcome": -6.020559184162775
                },
                "metadata": {
                    "trials": 1
                }
            },
            {
                "query": {
                    "x": 0.7571900343417025
                },
                "metrics": {
                    "outcome": -6.020738214589199
                },
                "metadata": {
                    "trials": 1
                }
            }
        ],
        [
            {
                "query": {
                    "x": 0.7567601917595682
                },
                "metrics": {
                    "outcome": -6.0206127684746935
                },
                "metadata": {
                    "trials": 1
                }
            },
            {
                "query": {
                    "x": 0.7578277913201915
                },
                "metrics": {
                    "outcome": -6.020560720294308
                },
                "metadata": {
                    "trials": 1
                }
            },
            {
                "query": {
                    "x": 0.7571871353937414
                },
                "metrics": {
                    "outcome": -6.020738028335587
                },
                "metadata": {
                    "trials": 1
                }
            }
        ],
        [
            {
                "query": {
                    "x": 0.7567597463216221
                },
                "metrics": {
                    "outcome": -6.020612536429551
                },
                "metadata": {
                    "trials": 1
                }
            },
            {
                "query": {
                    "x": 0.7578250322028148
                },
                "metrics": {
                    "outcome": -6.020562426691365
                },
                "metadata": {
                    "trials": 1
                }
            },
            {
                "query": {
                    "x": 0.7571848405659164
                },
                "metrics": {
                    "outcome": -6.0207378745345475
                },
                "metadata": {
                    "trials": 1
                }
            }
        ]
    ],
    "best_results": [
        {
            "query": {
                "x": 0.7572479564284486
            },
            "metrics": [
                {
                    "name": "outcome",
                    "value": -6.020740055424113
                }
            ]
        }
    ]
}