{
    "date": "08/11/2022 20:10:57",
    "basic_params": {
        "active_variables": [
            "x1",
            "x2"
        ],
        "default_query": {},
        "metric": "basic",
        "n_trials": 1
    },
    "objective_function": {
        "name": "McCormick",
        "params": {}
    },
    "optimizer": {
        "name": "GO-BO",
        "params": {
            "maximize": false,
            "domain": [
                {
                    "name": "x1",
                    "type": "continuous",
                    "domain": [
                        -1.5,
                        4.0
                    ]
                },
                {
                    "name": "x2",
                    "type": "continuous",
                    "domain": [
                        -3.0,
                        4.0
                    ]
                }
            ],
            "initial_design_numdata": 10,
            "num_iters": 140,
            "acquisition_type": "EI",
            "evaluator_type": "sequential",
            "batch_size": 1,
            "model_update_interval": 5
        }
    },
    "best_results": [
        {
            "query": {
                "x1": -0.4957049599693504,
                "x2": -1.5154594485428152
            },
            "metrics": [
                {
                    "name": "outcome",
                    "value": -1.9097867858412787
                }
            ]
        }
    ],
    "iterations": [
        [
            {
                "query": {
                    "x1": -0.6749999999999998,
                    "x2": -1.9499999999999997
                },
                "metrics": {
                    "outcome": -1.7307952986100892
                },
                "metadata": {
                    "trials": 1
                }
            }
        ],
        [
            {
                "query": {
                    "x1": 2.0750000000000006,
                    "x2": -1.25
                },
                "metrics": {
                    "outcome": 6.552672782246583
                },
                "metadata": {
                    "trials": 1
                }
            }
        ],
        [
            {
                "query": {
                    "x1": 0.9750000000000001,
                    "x2": 2.950000000000001
                },
                "metrics": {
                    "outcome": 10.10742733933153
                },
                "metadata": {
                    "trials": 1
                }
            }
        ],
        [
            {
                "query": {
                    "x1": -1.225,
                    "x2": 1.5500000000000007
                },
                "metrics": {
                    "outcome": 14.732433785857008
                },
                "metadata": {
                    "trials": 1
                }
            }
        ],
        [
            {
                "query": {
                    "x1": -0.125,
                    "x2": 2.25
                },
                "metrics": {
                    "outcome": 13.303444789818453
                },
                "metadata": {
                    "trials": 1
                }
            }
        ],
        [
            {
                "query": {
                    "x1": 1.5250000000000004,
                    "x2": 0.1499999999999999
                },
                "metrics": {
                    "outcome": 1.9727007081745807
                },
                "metadata": {
                    "trials": 1
                }
            }
        ],
        [
            {
                "query": {
                    "x1": 2.625,
                    "x2": 3.6499999999999995
                },
                "metrics": {
                    "outcome": 7.229939784221682
                },
                "metadata": {
                    "trials": 1
                }
            }
        ],
        [
            {
                "query": {
                    "x1": 0.42500000000000027,
                    "x2": -2.65
                },
                "metrics": {
                    "outcome": 2.3995922335720383
                },
                "metadata": {
                    "trials": 1
                }
            }
        ],
        [
            {
                "query": {
                    "x1": 3.7249999999999996,
                    "x2": -0.5499999999999998
                },
                "metrics": {
                    "outcome": 12.279723867292287
                },
                "metadata": {
                    "trials": 1
                }
            }
        ],
        [
            {
                "query": {
                    "x1": 3.1750000000000007,
                    "x2": 0.8500000000000005
                },
                "metrics": {
                    "outcome": 2.99521960477651
                },
                "metadata": {
                    "trials": 1
                }
            }
        ],
        [
            {
                "query": {
                    "x1": -1.5,
                    "x2": -2.2517973115684575
                },
                "metrics": {
                    "outcome": -1.2412588856309696
                },
                "metadata": {
                    "trials": 1
                }
            }
        ],
        [
            {
                "query": {
                    "x1": -1.5,
                    "x2": -2.2517951051136063
                },
                "metrics": {
                    "outcome": -1.2412584953616368
                },
                "metadata": {
                    "trials": 1
                }
            }
        ],
        [
            {
                "query": {
                    "x1": -1.5,
                    "x2": -2.2517920644467053
                },
                "metrics": {
                    "outcome": -1.2412579575286697
                },
                "metadata": {
                    "trials": 1
                }
            }
        ],
        [
            {
                "query": {
                    "x1": -1.5,
                    "x2": -2.251799930668919
                },
                "metrics": {
                    "outcome": -1.2412593488784696
                },
                "metadata": {
                    "trials": 1
                }
            }
        ],
        [
            {
                "query": {
                    "x1": -1.5,
                    "x2": -2.251702702331889
                },
                "metrics": {
                    "outcome": -1.2412421452719538
                },
                "metadata": {
                    "trials": 1
                }
            }
        ],
        [
            {
                "query": {
                    "x1": -1.1462859376546524,
                    "x2": -1.2991019980990886
                },
                "metrics": {
                    "outcome": -1.1462836030268408
                },
                "metadata": {
                    "trials": 1
                }
            }
        ],
        [
            {
                "query": {
                    "x1": -1.146285981069666,
                    "x2": -1.2991020380821194
                },
                "metrics": {
                    "outcome": -1.1462835749210298
                },
                "metadata": {
                    "trials": 1
                }
            }
        ],
        [
            {
                "query": {
                    "x1": -1.1462835821379531,
                    "x2": -1.2991014216796681
                },
                "metrics": {
                    "outcome": -1.1462874011189585
                },
                "metadata": {
                    "trials": 1
                }
            }
        ],
        [
            {
                "query": {
                    "x1": -1.1462674035234788,
                    "x2": -1.2990791508088377
                },
                "metrics": {
                    "outcome": -1.146287354875981
                },
                "metadata": {
                    "trials": 1
                }
            }
        ],
        [
            {
                "query": {
                    "x1": -1.1462867137095756,
                    "x2": -1.2991042174541556
                },
                "metrics": {
                    "outcome": -1.1462852478851278
                },
                "metadata": {
                    "trials": 1
                }
            }
        ],
        [
            {
                "query": {
                    "x1": -0.32924523714829107,
                    "x2": -1.3898613678950997
                },
                "metrics": {
                    "outcome": -1.844901162344529
                },
                "metadata": {
                    "trials": 1
                }
            }
        ],
        [
            {
                "query": {
                    "x1": -0.3292509711664859,
                    "x2": -1.3898658936986164
                },
                "metrics": {
                    "outcome": -1.8449049226116299
                },
                "metadata": {
                    "trials": 1
                }
            }
        ],
        [
            {
                "query": {
                    "x1": -0.32924747740830246,
                    "x2": -1.3898635092306968
                },
                "metrics": {
                    "outcome": -1.8449027176696688
                },
                "metadata": {
                    "trials": 1
                }
            }
        ],
        [
            {
                "query": {
                    "x1": -0.32925086148393606,
                    "x2": -1.3898668212797436
                },
                "metrics": {
                    "outcome": -1.8449050849453377
                },
                "metadata": {
                    "trials": 1
                }
            }
        ],
        [
            {
                "query": {
                    "x1": -0.32924947181847597,
                    "x2": -1.3898635481148593
                },
                "metrics": {
                    "outcome": -1.8449036709204565
                },
                "metadata": {
                    "trials": 1
                }
            }
        ],
        [
            {
                "query": {
                    "x1": -0.6199546952178722,
                    "x2": -1.5977983756898733
                },
                "metrics": {
                    "outcome": -1.9063074793321908
                },
                "metadata": {
                    "trials": 1
                }
            }
        ],
        [
            {
                "query": {
                    "x1": -0.6199445024061762,
                    "x2": -1.5977953380944458
                },
                "metrics": {
                    "outcome": -1.9063091558464866
                },
                "metadata": {
                    "trials": 1
                }
            }
        ],
        [
            {
                "query": {
                    "x1": -0.6199514041586753,
                    "x2": -1.5977981310951748
                },
                "metrics": {
                    "outcome": -1.9063079776418528
                },
                "metadata": {
                    "trials": 1
                }
            }
        ],
        [
            {
                "query": {
                    "x1": -0.6199486649410814,
                    "x2": -1.5977975723865394
                },
                "metrics": {
                    "outcome": -1.9063084131322103
                },
                "metadata": {
                    "trials": 1
                }
            }
        ],
        [
            {
                "query": {
                    "x1": -0.6199428025791696,
                    "x2": -1.59779403771891
                },
                "metrics": {
                    "outcome": -1.9063094818096697
                },
                "metadata": {
                    "trials": 1
                }
            }
        ],
        [
            {
                "query": {
                    "x1": -1.5,
                    "x2": -3.0
                },
                "metrics": {
                    "outcome": -1.022469882334903
                },
                "metadata": {
                    "trials": 1
                }
            }
        ],
        [
            {
                "query": {
                    "x1": -1.5,
                    "x2": -3.0
                },
                "metrics": {
                    "outcome": -1.022469882334903
                },
                "metadata": {
                    "trials": 1
                }
            }
        ],
        [
            {
                "query": {
                    "x1": -1.5,
                    "x2": -3.0
                },
                "metrics": {
                    "outcome": -1.022469882334903
                },
                "metadata": {
                    "trials": 1
                }
            }
        ],
        [
            {
                "query": {
                    "x1": -1.5,
                    "x2": -3.0
                },
                "metrics": {
                    "outcome": -1.022469882334903
                },
                "metadata": {
                    "trials": 1
                }
            }
        ],
        [
            {
                "query": {
                    "x1": -1.5,
                    "x2": -3.0
                },
                "metrics": {
                    "outcome": -1.022469882334903
                },
                "metadata": {
                    "trials": 1
                }
            }
        ],
        [
            {
                "query": {
                    "x1": 4.0,
                    "x2": 2.394291605614518
                },
                "metrics": {
                    "outcome": 3.6749063073461126
                },
                "metadata": {
                    "trials": 1
                }
            }
        ],
        [
            {
                "query": {
                    "x1": 4.0,
                    "x2": 2.394307121401247
                },
                "metrics": {
                    "outcome": 3.674910689499379
                },
                "metadata": {
                    "trials": 1
                }
            }
        ],
        [
            {
                "query": {
                    "x1": 4.0,
                    "x2": 2.3942727904768155
                },
                "metrics": {
                    "outcome": 3.6749009939609856
                },
                "metadata": {
                    "trials": 1
                }
            }
        ],
        [
            {
                "query": {
                    "x1": 4.0,
                    "x2": 2.3942312840583324
                },
                "metrics": {
                    "outcome": 3.6748892749348956
                },
                "metadata": {
                    "trials": 1
                }
            }
        ],
        [
            {
                "query": {
                    "x1": 4.0,
                    "x2": 2.394334858201811
                },
                "metrics": {
                    "outcome": 3.674918524390077
                },
                "metadata": {
                    "trials": 1
                }
            }
        ],
        [
            {
                "query": {
                    "x1": -0.5326199649869653,
                    "x2": -1.3061456028385532
                },
                "metrics": {
                    "outcome": -1.8324027231670588
                },
                "metadata": {
                    "trials": 1
                }
            }
        ],
        [
            {
                "query": {
                    "x1": -0.5325685953979202,
                    "x2": -1.3059031292114731
                },
                "metrics": {
                    "outcome": -1.8322469650317874
                },
                "metadata": {
                    "trials": 1
                }
            }
        ],
        [
            {
                "query": {
                    "x1": -0.532104011841203,
                    "x2": -1.3052125832882508
                },
                "metrics": {
                    "outcome": -1.831871790613432
                },
                "metadata": {
                    "trials": 1
                }
            }
        ],
        [
            {
                "query": {
                    "x1": -0.5323747082179081,
                    "x2": -1.3058531049893505
                },
                "metrics": {
                    "outcome": -1.8322546896835368
                },
                "metadata": {
                    "trials": 1
                }
            }
        ],
        [
            {
                "query": {
                    "x1": -0.5325009126607142,
                    "x2": -1.305951820055883
                },
                "metrics": {
                    "outcome": -1.8322952342849832
                },
                "metadata": {
                    "trials": 1
                }
            }
        ],
        [
            {
                "query": {
                    "x1": 2.3641218916321765,
                    "x2": 1.8057754482204862
                },
                "metrics": {
                    "outcome": 1.4235815558031284
                },
                "metadata": {
                    "trials": 1
                }
            }
        ],
        [
            {
                "query": {
                    "x1": 2.5552817122548666,
                    "x2": 1.9514628781527428
                },
                "metrics": {
                    "outcome": 1.4314022067967995
                },
                "metadata": {
                    "trials": 1
                }
            }
        ],
        [
            {
                "query": {
                    "x1": 2.4812483294464553,
                    "x2": 1.9983385021858915
                },
                "metrics": {
                    "outcome": 1.5341519162817043
                },
                "metadata": {
                    "trials": 1
                }
            }
        ],
        [
            {
                "query": {
                    "x1": 2.4543727429703903,
                    "x2": 1.9746997720363826
                },
                "metrics": {
                    "outcome": 1.5251428439215386
                },
                "metadata": {
                    "trials": 1
                }
            }
        ],
        [
            {
                "query": {
                    "x1": 2.4417463399057957,
                    "x2": 1.9233687316462396
                },
                "metrics": {
                    "outcome": 1.4742136721343275
                },
                "metadata": {
                    "trials": 1
                }
            }
        ],
        [
            {
                "query": {
                    "x1": -0.792233139367277,
                    "x2": -1.7261167993740563
                },
                "metrics": {
                    "outcome": -1.83847487577723
                },
                "metadata": {
                    "trials": 1
                }
            }
        ],
        [
            {
                "query": {
                    "x1": -0.4641221404014897,
                    "x2": -1.631347734155375
                },
                "metrics": {
                    "outcome": -1.885258055689988
                },
                "metadata": {
                    "trials": 1
                }
            }
        ],
        [
            {
                "query": {
                    "x1": -0.4957049599693504,
                    "x2": -1.5154594485428152
                },
                "metrics": {
                    "outcome": -1.9097867858412787
                },
                "metadata": {
                    "trials": 1
                }
            }
        ],
        [
            {
                "query": {
                    "x1": -0.7627863238181365,
                    "x2": -1.6622135054144
                },
                "metrics": {
                    "outcome": -1.8592043382299321
                },
                "metadata": {
                    "trials": 1
                }
            }
        ],
        [
            {
                "query": {
                    "x1": -0.939391325204955,
                    "x2": -1.7931749620626074
                },
                "metrics": {
                    "outcome": -1.7426201182556902
                },
                "metadata": {
                    "trials": 1
                }
            }
        ],
        [
            {
                "query": {
                    "x1": 0.10791676827168528,
                    "x2": -0.6963159418250919
                },
                "metrics": {
                    "outcome": -0.8109048737690845
                },
                "metadata": {
                    "trials": 1
                }
            }
        ],
        [
            {
                "query": {
                    "x1": -0.008779193801142116,
                    "x2": -0.5731102374715826
                },
                "metrics": {
                    "outcome": -0.6507406724589344
                },
                "metadata": {
                    "trials": 1
                }
            }
        ],
        [
            {
                "query": {
                    "x1": 0.08964821209985985,
                    "x2": -0.5190644705941319
                },
                "metrics": {
                    "outcome": -0.47794249496135266
                },
                "metadata": {
                    "trials": 1
                }
            }
        ],
        [
            {
                "query": {
                    "x1": -0.014837164186704888,
                    "x2": -0.5973819546897543
                },
                "metrics": {
                    "outcome": -0.7065256519591099
                },
                "metadata": {
                    "trials": 1
                }
            }
        ],
        [
            {
                "query": {
                    "x1": 0.07794835831332514,
                    "x2": -0.4680767573899187
                },
                "metrics": {
                    "outcome": -0.36927817342414304
                },
                "metadata": {
                    "trials": 1
                }
            }
        ],
        [
            {
                "query": {
                    "x1": -0.8526257756160013,
                    "x2": -2.9437496283527844
                },
                "metrics": {
                    "outcome": -0.09864950037964704
                },
                "metadata": {
                    "trials": 1
                }
            }
        ],
        [
            {
                "query": {
                    "x1": 3.9704052697758856,
                    "x2": 3.964856840000934
                },
                "metrics": {
                    "outcome": 5.95326354072314
                },
                "metadata": {
                    "trials": 1
                }
            }
        ],
        [
            {
                "query": {
                    "x1": -1.0844882038425931,
                    "x2": -2.7705109352636597
                },
                "metrics": {
                    "outcome": -0.8024590487373029
                },
                "metadata": {
                    "trials": 1
                }
            }
        ],
        [
            {
                "query": {
                    "x1": -1.043925467706446,
                    "x2": -2.601298985782877
                },
                "metrics": {
                    "outcome": -1.029337414034858
                },
                "metadata": {
                    "trials": 1
                }
            }
        ],
        [
            {
                "query": {
                    "x1": -1.0319930071642227,
                    "x2": -2.747908227938721
                },
                "metrics": {
                    "outcome": -0.7815781060556732
                },
                "metadata": {
                    "trials": 1
                }
            }
        ],
        [
            {
                "query": {
                    "x1": 3.912930793580517,
                    "x2": -2.9325679393343362
                },
                "metrics": {
                    "outcome": 35.49073629744312
                },
                "metadata": {
                    "trials": 1
                }
            }
        ],
        [
            {
                "query": {
                    "x1": 3.65372671302182,
                    "x2": -2.9561099049883173
                },
                "metrics": {
                    "outcome": 32.46146837854111
                },
                "metadata": {
                    "trials": 1
                }
            }
        ],
        [
            {
                "query": {
                    "x1": 3.990321737467853,
                    "x2": -2.9126479551392794
                },
                "metrics": {
                    "outcome": 36.26474709224356
                },
                "metadata": {
                    "trials": 1
                }
            }
        ],
        [
            {
                "query": {
                    "x1": 3.9846340632378245,
                    "x2": -2.987242916286105
                },
                "metrics": {
                    "outcome": 37.0020687855607
                },
                "metadata": {
                    "trials": 1
                }
            }
        ],
        [
            {
                "query": {
                    "x1": 3.843116206856675,
                    "x2": -2.9753576310543064
                },
                "metrics": {
                    "outcome": 35.051398778778434
                },
                "metadata": {
                    "trials": 1
                }
            }
        ],
        [
            {
                "query": {
                    "x1": -1.436281944076711,
                    "x2": 3.8581409779603124
                },
                "metrics": {
                    "outcome": 41.489873820755264
                },
                "metadata": {
                    "trials": 1
                }
            }
        ],
        [
            {
                "query": {
                    "x1": -1.2350571001600885,
                    "x2": 3.9966240764704137
                },
                "metrics": {
                    "outcome": 40.58557809019817
                },
                "metadata": {
                    "trials": 1
                }
            }
        ],
        [
            {
                "query": {
                    "x1": -1.2231515757889704,
                    "x2": 3.9989222874596617
                },
                "metrics": {
                    "outcome": 40.45980548484907
                },
                "metadata": {
                    "trials": 1
                }
            }
        ],
        [
            {
                "query": {
                    "x1": -1.2845656499838252,
                    "x2": 3.999567074805152
                },
                "metrics": {
                    "outcome": 41.26159474534727
                },
                "metadata": {
                    "trials": 1
                }
            }
        ],
        [
            {
                "query": {
                    "x1": -1.4167713933037813,
                    "x2": 3.878420437714767
                },
                "metrics": {
                    "outcome": 41.48901388658274
                },
                "metadata": {
                    "trials": 1
                }
            }
        ],
        [
            {
                "query": {
                    "x1": 0.2696926072548469,
                    "x2": -1.5866440511088928
                },
                "metrics": {
                    "outcome": -0.8931172724935514
                },
                "metadata": {
                    "trials": 1
                }
            }
        ],
        [
            {
                "query": {
                    "x1": 0.19166303076137914,
                    "x2": -1.5810549733463628
                },
                "metrics": {
                    "outcome": -1.0811941537701388
                },
                "metadata": {
                    "trials": 1
                }
            }
        ],
        [
            {
                "query": {
                    "x1": 0.19295152870305743,
                    "x2": -1.605674973229914
                },
                "metrics": {
                    "outcome": -1.0560899076270518
                },
                "metadata": {
                    "trials": 1
                }
            }
        ],
        [
            {
                "query": {
                    "x1": 0.3735656690967115,
                    "x2": -1.4740615646434918
                },
                "metrics": {
                    "outcome": -0.7232082071647241
                },
                "metadata": {
                    "trials": 1
                }
            }
        ],
        [
            {
                "query": {
                    "x1": 0.10581400498042459,
                    "x2": -1.6463231287404934
                },
                "metrics": {
                    "outcome": -1.2040856716842994
                },
                "metadata": {
                    "trials": 1
                }
            }
        ],
        [
            {
                "query": {
                    "x1": -1.4900755335753542,
                    "x2": -0.45089285221168085
                },
                "metrics": {
                    "outcome": 2.255516702460895
                },
                "metadata": {
                    "trials": 1
                }
            }
        ],
        [
            {
                "query": {
                    "x1": -1.4001759966620697,
                    "x2": -0.2903681121338759
                },
                "metrics": {
                    "outcome": 2.6131784573706653
                },
                "metadata": {
                    "trials": 1
                }
            }
        ],
        [
            {
                "query": {
                    "x1": -1.4884945022456426,
                    "x2": -0.20989901189022842
                },
                "metrics": {
                    "outcome": 3.350930134020327
                },
                "metadata": {
                    "trials": 1
                }
            }
        ],
        [
            {
                "query": {
                    "x1": -1.4554085508077195,
                    "x2": -0.30306215301592765
                },
                "metrics": {
                    "outcome": 2.770918870464301
                },
                "metadata": {
                    "trials": 1
                }
            }
        ],
        [
            {
                "query": {
                    "x1": -1.4751257811666956,
                    "x2": -0.24005421072523303
                },
                "metrics": {
                    "outcome": 3.1483601553964604
                },
                "metadata": {
                    "trials": 1
                }
            }
        ],
        [
            {
                "query": {
                    "x1": 0.9819760476981783,
                    "x2": 1.1187111997257633
                },
                "metrics": {
                    "outcome": 3.205372638207682
                },
                "metadata": {
                    "trials": 1
                }
            }
        ],
        [
            {
                "query": {
                    "x1": 1.0482303040379453,
                    "x2": 1.0723907576404352
                },
                "metrics": {
                    "outcome": 2.9618312833657
                },
                "metadata": {
                    "trials": 1
                }
            }
        ],
        [
            {
                "query": {
                    "x1": 0.956377288206129,
                    "x2": 0.8897487569996141
                },
                "metrics": {
                    "outcome": 2.756580932651259
                },
                "metadata": {
                    "trials": 1
                }
            }
        ],
        [
            {
                "query": {
                    "x1": 0.9691472024550398,
                    "x2": 1.0400314223675196
                },
                "metrics": {
                    "outcome": 3.0568218470519546
                },
                "metadata": {
                    "trials": 1
                }
            }
        ],
        [
            {
                "query": {
                    "x1": 1.0247608023680055,
                    "x2": 1.0453199159933106
                },
                "metrics": {
                    "outcome": 2.9545066817011163
                },
                "metadata": {
                    "trials": 1
                }
            }
        ],
        [
            {
                "query": {
                    "x1": 3.9780870201542236,
                    "x2": 1.3850408150968967
                },
                "metrics": {
                    "outcome": 4.423723692698003
                },
                "metadata": {
                    "trials": 1
                }
            }
        ],
        [
            {
                "query": {
                    "x1": 3.961698051924774,
                    "x2": 1.1955732065006561
                },
                "metrics": {
                    "outcome": 4.7951712653504135
                },
                "metadata": {
                    "trials": 1
                }
            }
        ],
        [
            {
                "query": {
                    "x1": 3.9511768963452942,
                    "x2": 1.3161923790605954
                },
                "metrics": {
                    "outcome": 4.456948185952237
                },
                "metadata": {
                    "trials": 1
                }
            }
        ],
        [
            {
                "query": {
                    "x1": 3.943003485622297,
                    "x2": 1.2245232021863206
                },
                "metrics": {
                    "outcome": 4.638737326023911
                },
                "metadata": {
                    "trials": 1
                }
            }
        ],
        [
            {
                "query": {
                    "x1": 3.994404333114275,
                    "x2": 1.0712821269656043
                },
                "metrics": {
                    "outcome": 5.293005340553226
                },
                "metadata": {
                    "trials": 1
                }
            }
        ],
        [
            {
                "query": {
                    "x1": 0.3267837529969244,
                    "x2": -1.0072573002458152
                },
                "metrics": {
                    "outcome": -0.8578145192969377
                },
                "metadata": {
                    "trials": 1
                }
            }
        ],
        [
            {
                "query": {
                    "x1": 3.0870659778335963,
                    "x2": 2.5040862892265343
                },
                "metrics": {
                    "outcome": 2.3313782338959177
                },
                "metadata": {
                    "trials": 1
                }
            }
        ],
        [
            {
                "query": {
                    "x1": -1.172206540119423,
                    "x2": 3.386051550722862
                },
                "metrics": {
                    "outcome": 32.80142688282168
                },
                "metadata": {
                    "trials": 1
                }
            }
        ],
        [
            {
                "query": {
                    "x1": 1.3753307839974802,
                    "x2": 0.5537574884900254
                },
                "metrics": {
                    "outcome": 1.9328773868111768
                },
                "metadata": {
                    "trials": 1
                }
            }
        ],
        [
            {
                "query": {
                    "x1": -0.531414695347608,
                    "x2": 3.5998428990901257
                },
                "metrics": {
                    "outcome": 27.93711779433116
                },
                "metadata": {
                    "trials": 1
                }
            }
        ],
        [
            {
                "query": {
                    "x1": 0.6055611413068909,
                    "x2": -2.743005439783679
                },
                "metrics": {
                    "outcome": 3.603337732728246
                },
                "metadata": {
                    "trials": 1
                }
            }
        ],
        [
            {
                "query": {
                    "x1": 1.0664415938236758,
                    "x2": -2.8332734498469794
                },
                "metrics": {
                    "outcome": 6.5440849138021155
                },
                "metadata": {
                    "trials": 1
                }
            }
        ],
        [
            {
                "query": {
                    "x1": 2.827478764176675,
                    "x2": -0.27164694576759274
                },
                "metrics": {
                    "outcome": 6.237078195282255
                },
                "metadata": {
                    "trials": 1
                }
            }
        ],
        [
            {
                "query": {
                    "x1": 0.0868609076794773,
                    "x2": -0.4193644334129374
                },
                "metrics": {
                    "outcome": -0.24884880086800232
                },
                "metadata": {
                    "trials": 1
                }
            }
        ],
        [
            {
                "query": {
                    "x1": 0.033942480912081185,
                    "x2": -1.1951323006628933
                },
                "metrics": {
                    "outcome": -1.4453972560950823
                },
                "metadata": {
                    "trials": 1
                }
            }
        ],
        [
            {
                "query": {
                    "x1": 3.9455569707031968,
                    "x2": 2.184831226302025
                },
                "metrics": {
                    "outcome": 3.491694510776451
                },
                "metadata": {
                    "trials": 1
                }
            }
        ],
        [
            {
                "query": {
                    "x1": 0.5899886151248275,
                    "x2": -0.3747797086863702
                },
                "metrics": {
                    "outcome": 0.3223972445291259
                },
                "metadata": {
                    "trials": 1
                }
            }
        ],
        [
            {
                "query": {
                    "x1": 0.33319638068483526,
                    "x2": 0.15104718997246458
                },
                "metrics": {
                    "outcome": 1.3765407636245222
                },
                "metadata": {
                    "trials": 1
                }
            }
        ],
        [
            {
                "query": {
                    "x1": -0.5141415932159592,
                    "x2": 1.3657101602234452
                },
                "metrics": {
                    "outcome": 9.471645113569778
                },
                "metadata": {
                    "trials": 1
                }
            }
        ],
        [
            {
                "query": {
                    "x1": 2.3753572853680285,
                    "x2": -0.8990906638447167
                },
                "metrics": {
                    "outcome": 6.906782177929771
                },
                "metadata": {
                    "trials": 1
                }
            }
        ],
        [
            {
                "query": {
                    "x1": -0.973465425594211,
                    "x2": -1.3927437050470437
                },
                "metrics": {
                    "outcome": -1.5458568693461645
                },
                "metadata": {
                    "trials": 1
                }
            }
        ],
        [
            {
                "query": {
                    "x1": 0.7705743552465374,
                    "x2": 0.03598752463547328
                },
                "metrics": {
                    "outcome": 1.1956374102572755
                },
                "metadata": {
                    "trials": 1
                }
            }
        ],
        [
            {
                "query": {
                    "x1": 1.0720249388530911,
                    "x2": 3.3278186089272284
                },
                "metrics": {
                    "outcome": 11.84856021665128
                },
                "metadata": {
                    "trials": 1
                }
            }
        ],
        [
            {
                "query": {
                    "x1": 0.15768421257364507,
                    "x2": 1.856572403617009
                },
                "metrics": {
                    "outcome": 9.194398151632596
                },
                "metadata": {
                    "trials": 1
                }
            }
        ],
        [
            {
                "query": {
                    "x1": 1.2028250670050427,
                    "x2": 0.8616093528969162
                },
                "metrics": {
                    "outcome": 2.346828787726862
                },
                "metadata": {
                    "trials": 1
                }
            }
        ],
        [
            {
                "query": {
                    "x1": 0.7134957649460323,
                    "x2": 3.4857147511879747
                },
                "metrics": {
                    "outcome": 15.458052890405913
                },
                "metadata": {
                    "trials": 1
                }
            }
        ],
        [
            {
                "query": {
                    "x1": 0.14494311381135017,
                    "x2": 1.6089800341982432
                },
                "metrics": {
                    "outcome": 7.931718609745241
                },
                "metadata": {
                    "trials": 1
                }
            }
        ],
        [
            {
                "query": {
                    "x1": 0.4846529180392407,
                    "x2": -2.825892577263192
                },
                "metrics": {
                    "outcome": 3.4503986765060137
                },
                "metadata": {
                    "trials": 1
                }
            }
        ],
        [
            {
                "query": {
                    "x1": 1.1334089025904892,
                    "x2": 1.3330867744599875
                },
                "metrics": {
                    "outcome": 3.2974478588260814
                },
                "metadata": {
                    "trials": 1
                }
            }
        ],
        [
            {
                "query": {
                    "x1": 0.8197434920570332,
                    "x2": 2.581266452344245
                },
                "metrics": {
                    "outcome": 9.069996648435858
                },
                "metadata": {
                    "trials": 1
                }
            }
        ],
        [
            {
                "query": {
                    "x1": 0.24393846806766728,
                    "x2": -0.12451596360963046
                },
                "metrics": {
                    "outcome": 0.577699901894547
                },
                "metadata": {
                    "trials": 1
                }
            }
        ],
        [
            {
                "query": {
                    "x1": -0.32732064157940144,
                    "x2": 1.4770183542484538
                },
                "metrics": {
                    "outcome": 9.351806477836378
                },
                "metadata": {
                    "trials": 1
                }
            }
        ],
        [
            {
                "query": {
                    "x1": 2.21347847000523,
                    "x2": 2.1027622557075833
                },
                "metrics": {
                    "outcome": 2.0263919161901223
                },
                "metadata": {
                    "trials": 1
                }
            }
        ],
        [
            {
                "query": {
                    "x1": 2.268377606579591,
                    "x2": -0.20573477586819422
                },
                "metrics": {
                    "outcome": 4.085791073809462
                },
                "metadata": {
                    "trials": 1
                }
            }
        ],
        [
            {
                "query": {
                    "x1": -0.7808579445390198,
                    "x2": 0.20083247570131668
                },
                "metrics": {
                    "outcome": 3.0890389469078645
                },
                "metadata": {
                    "trials": 1
                }
            }
        ],
        [
            {
                "query": {
                    "x1": -1.1790293293234186,
                    "x2": 3.073382776755322
                },
                "metrics": {
                    "outcome": 29.483120119653687
                },
                "metadata": {
                    "trials": 1
                }
            }
        ],
        [
            {
                "query": {
                    "x1": 2.622387152351221,
                    "x2": 1.5739075980043165
                },
                "metrics": {
                    "outcome": 1.230744387401859
                },
                "metadata": {
                    "trials": 1
                }
            }
        ],
        [
            {
                "query": {
                    "x1": 1.9183677552763738,
                    "x2": 3.1514459202974283
                },
                "metrics": {
                    "outcome": 6.584743996201205
                },
                "metadata": {
                    "trials": 1
                }
            }
        ],
        [
            {
                "query": {
                    "x1": 2.308752707162242,
                    "x2": 3.3798596485339454
                },
                "metrics": {
                    "outcome": 6.573635096634719
                },
                "metadata": {
                    "trials": 1
                }
            }
        ],
        [
            {
                "query": {
                    "x1": 1.098385075618661,
                    "x2": -1.304992747216069
                },
                "metrics": {
                    "outcome": 1.6610245731325501
                },
                "metadata": {
                    "trials": 1
                }
            }
        ],
        [
            {
                "query": {
                    "x1": 3.064157530774005,
                    "x2": -0.6269488191699
                },
                "metrics": {
                    "outcome": 9.108222252202172
                },
                "metadata": {
                    "trials": 1
                }
            }
        ],
        [
            {
                "query": {
                    "x1": -1.3234829598678455,
                    "x2": 2.703904568259353
                },
                "metrics": {
                    "outcome": 26.946769559436476
                },
                "metadata": {
                    "trials": 1
                }
            }
        ],
        [
            {
                "query": {
                    "x1": 2.557201817393758,
                    "x2": 0.4896680640983808
                },
                "metrics": {
                    "outcome": 2.7576444423119364
                },
                "metadata": {
                    "trials": 1
                }
            }
        ],
        [
            {
                "query": {
                    "x1": -0.85479424167792,
                    "x2": 0.21651958477731226
                },
                "metrics": {
                    "outcome": 3.3753929764143464
                },
                "metadata": {
                    "trials": 1
                }
            }
        ],
        [
            {
                "query": {
                    "x1": -0.99990937131212,
                    "x2": -1.1637676047105958
                },
                "metrics": {
                    "outcome": -1.212039986892857
                },
                "metadata": {
                    "trials": 1
                }
            }
        ],
        [
            {
                "query": {
                    "x1": 1.1315593089510925,
                    "x2": 3.2358904236727835
                },
                "metrics": {
                    "outcome": 10.879500539065903
                },
                "metadata": {
                    "trials": 1
                }
            }
        ],
        [
            {
                "query": {
                    "x1": 3.945639611649047,
                    "x2": 1.5411844144993605
                },
                "metrics": {
                    "outcome": 4.001090186291155
                },
                "metadata": {
                    "trials": 1
                }
            }
        ],
        [
            {
                "query": {
                    "x1": -1.3063195603758988,
                    "x2": -0.6449569774072303
                },
                "metrics": {
                    "outcome": 0.8560009547748122
                },
                "metadata": {
                    "trials": 1
                }
            }
        ],
        [
            {
                "query": {
                    "x1": 1.5802782371238484,
                    "x2": 0.604050844769537
                },
                "metrics": {
                    "outcome": 1.910348784690374
                },
                "metadata": {
                    "trials": 1
                }
            }
        ],
        [
            {
                "query": {
                    "x1": -0.8508027979253376,
                    "x2": 3.207884078635156
                },
                "metrics": {
                    "outcome": 27.475333003087147
                },
                "metadata": {
                    "trials": 1
                }
            }
        ],
        [
            {
                "query": {
                    "x1": 2.7084019748421895,
                    "x2": 2.597898960514782
                },
                "metrics": {
                    "outcome": 2.615597487914961
                },
                "metadata": {
                    "trials": 1
                }
            }
        ],
        [
            {
                "query": {
                    "x1": 0.3708877282301912,
                    "x2": 2.1952114328390913
                },
                "metrics": {
                    "outcome": 9.804102828520366
                },
                "metadata": {
                    "trials": 1
                }
            }
        ],
        [
            {
                "query": {
                    "x1": -0.8973834479190299,
                    "x2": 2.002013583122145
                },
                "metrics": {
                    "outcome": 16.650910284319075
                },
                "metadata": {
                    "trials": 1
                }
            }
        ],
        [
            {
                "query": {
                    "x1": 1.8939015963672157,
                    "x2": 3.4496354870855646
                },
                "metrics": {
                    "outcome": 8.396193684883029
                },
                "metadata": {
                    "trials": 1
                }
            }
        ],
        [
            {
                "query": {
                    "x1": 2.7801102160208613,
                    "x2": 2.8899036689156716
                },
                "metrics": {
                    "outcome": 3.4911844257830627
                },
                "metadata": {
                    "trials": 1
                }
            }
        ],
        [
            {
                "query": {
                    "x1": -0.2903392562256668,
                    "x2": 0.36706214669400206
                },
                "metrics": {
                    "outcome": 2.8619884979580617
                },
                "metadata": {
                    "trials": 1
                }
            }
        ],
        [
            {
                "query": {
                    "x1": 1.0861904348935512,
                    "x2": -2.3540973146589255
                },
                "metrics": {
                    "outcome": 4.3665722484063325
                },
                "metadata": {
                    "trials": 1
                }
            }
        ],
        [
            {
                "query": {
                    "x1": -0.3783144932121063,
                    "x2": 1.4613167339039403
                },
                "metrics": {
                    "outcome": 9.488375497573909
                },
                "metadata": {
                    "trials": 1
                }
            }
        ],
        [
            {
                "query": {
                    "x1": 0.011339201187779535,
                    "x2": -1.6864765647810538
                },
                "metrics": {
                    "outcome": -1.3451832494525018
                },
                "metadata": {
                    "trials": 1
                }
            }
        ],
        [
            {
                "query": {
                    "x1": 1.972131140780419,
                    "x2": -1.6809873572010123
                },
                "metrics": {
                    "outcome": 7.471657717549511
                },
                "metadata": {
                    "trials": 1
                }
            }
        ]
    ]
}