{
    "date": "08/11/2022 19:37:29",
    "basic_params": {
        "active_variables": [
            "x1",
            "x2"
        ],
        "default_query": {},
        "metric": "basic",
        "n_trials": 1
    },
    "objective_function": {
        "name": "McCormick",
        "params": {}
    },
    "optimizer": {
        "name": "GO-BO",
        "params": {
            "maximize": false,
            "domain": [
                {
                    "name": "x1",
                    "type": "continuous",
                    "domain": [
                        -1.5,
                        4.0
                    ]
                },
                {
                    "name": "x2",
                    "type": "continuous",
                    "domain": [
                        -3.0,
                        4.0
                    ]
                }
            ],
            "initial_design_numdata": 10,
            "num_iters": 140,
            "acquisition_type": "EI",
            "evaluator_type": "sequential",
            "batch_size": 1,
            "model_update_interval": 5
        }
    },
    "best_results": [
        {
            "query": {
                "x1": -0.5085034254365522,
                "x2": -1.5935000795757006
            },
            "metrics": [
                {
                    "name": "outcome",
                    "value": -1.905973494441266
                }
            ]
        }
    ],
    "iterations": [
        [
            {
                "query": {
                    "x1": 0.9750000000000001,
                    "x2": -0.5499999999999998
                },
                "metrics": {
                    "outcome": 0.9004457817434248
                },
                "metadata": {
                    "trials": 1
                }
            }
        ],
        [
            {
                "query": {
                    "x1": 3.7249999999999996,
                    "x2": 3.6499999999999995
                },
                "metrics": {
                    "outcome": 5.430589722984074
                },
                "metadata": {
                    "trials": 1
                }
            }
        ],
        [
            {
                "query": {
                    "x1": 3.1750000000000007,
                    "x2": 2.25
                },
                "metrics": {
                    "outcome": 1.9614676578732748
                },
                "metadata": {
                    "trials": 1
                }
            }
        ],
        [
            {
                "query": {
                    "x1": -0.125,
                    "x2": -1.25
                },
                "metrics": {
                    "outcome": -1.6527680570231555
                },
                "metadata": {
                    "trials": 1
                }
            }
        ],
        [
            {
                "query": {
                    "x1": 2.0750000000000006,
                    "x2": 2.950000000000001
                },
                "metrics": {
                    "outcome": 5.076591189521588
                },
                "metadata": {
                    "trials": 1
                }
            }
        ],
        [
            {
                "query": {
                    "x1": 0.42500000000000027,
                    "x2": -1.9499999999999997
                },
                "metrics": {
                    "outcome": 0.1291734685083421
                },
                "metadata": {
                    "trials": 1
                }
            }
        ],
        [
            {
                "query": {
                    "x1": 1.5250000000000004,
                    "x2": 0.8500000000000005
                },
                "metrics": {
                    "outcome": 1.9868100319532718
                },
                "metadata": {
                    "trials": 1
                }
            }
        ],
        [
            {
                "query": {
                    "x1": -1.225,
                    "x2": 1.5500000000000007
                },
                "metrics": {
                    "outcome": 14.732433785857008
                },
                "metadata": {
                    "trials": 1
                }
            }
        ],
        [
            {
                "query": {
                    "x1": -0.6749999999999998,
                    "x2": 0.1499999999999999
                },
                "metrics": {
                    "outcome": 2.566911995326201
                },
                "metadata": {
                    "trials": 1
                }
            }
        ],
        [
            {
                "query": {
                    "x1": 2.625,
                    "x2": -2.65
                },
                "metrics": {
                    "outcome": 18.23812760408529
                },
                "metadata": {
                    "trials": 1
                }
            }
        ],
        [
            {
                "query": {
                    "x1": -1.5,
                    "x2": -3.0
                },
                "metrics": {
                    "outcome": -1.022469882334903
                },
                "metadata": {
                    "trials": 1
                }
            }
        ],
        [
            {
                "query": {
                    "x1": -1.5,
                    "x2": -3.0
                },
                "metrics": {
                    "outcome": -1.022469882334903
                },
                "metadata": {
                    "trials": 1
                }
            }
        ],
        [
            {
                "query": {
                    "x1": -1.5,
                    "x2": -3.0
                },
                "metrics": {
                    "outcome": -1.022469882334903
                },
                "metadata": {
                    "trials": 1
                }
            }
        ],
        [
            {
                "query": {
                    "x1": -1.5,
                    "x2": -3.0
                },
                "metrics": {
                    "outcome": -1.022469882334903
                },
                "metadata": {
                    "trials": 1
                }
            }
        ],
        [
            {
                "query": {
                    "x1": -1.5,
                    "x2": -3.0
                },
                "metrics": {
                    "outcome": -1.022469882334903
                },
                "metadata": {
                    "trials": 1
                }
            }
        ],
        [
            {
                "query": {
                    "x1": -0.8721753352659986,
                    "x2": -1.933310939926481
                },
                "metrics": {
                    "outcome": -1.7288194190458133
                },
                "metadata": {
                    "trials": 1
                }
            }
        ],
        [
            {
                "query": {
                    "x1": -0.8721790991845151,
                    "x2": -1.9333154667046801
                },
                "metrics": {
                    "outcome": -1.7288156443075011
                },
                "metadata": {
                    "trials": 1
                }
            }
        ],
        [
            {
                "query": {
                    "x1": -0.8721794975057986,
                    "x2": -1.9333154338421874
                },
                "metrics": {
                    "outcome": -1.7288155347478034
                },
                "metadata": {
                    "trials": 1
                }
            }
        ],
        [
            {
                "query": {
                    "x1": -0.8721796810558897,
                    "x2": -1.9333160324303404
                },
                "metrics": {
                    "outcome": -1.7288151366924662
                },
                "metadata": {
                    "trials": 1
                }
            }
        ],
        [
            {
                "query": {
                    "x1": -0.8721792131349182,
                    "x2": -1.9333157261526774
                },
                "metrics": {
                    "outcome": -1.7288154607099857
                },
                "metadata": {
                    "trials": 1
                }
            }
        ],
        [
            {
                "query": {
                    "x1": -0.7376192093823477,
                    "x2": -3.0
                },
                "metrics": {
                    "outcome": 0.2861542554805405
                },
                "metadata": {
                    "trials": 1
                }
            }
        ],
        [
            {
                "query": {
                    "x1": -0.7376202846697419,
                    "x2": -3.0
                },
                "metrics": {
                    "outcome": 0.28615189287183185
                },
                "metadata": {
                    "trials": 1
                }
            }
        ],
        [
            {
                "query": {
                    "x1": -0.7376291361895777,
                    "x2": -3.0
                },
                "metrics": {
                    "outcome": 0.2861324444806419
                },
                "metadata": {
                    "trials": 1
                }
            }
        ],
        [
            {
                "query": {
                    "x1": -0.7376200193228568,
                    "x2": -3.0
                },
                "metrics": {
                    "outcome": 0.28615247588870396
                },
                "metadata": {
                    "trials": 1
                }
            }
        ],
        [
            {
                "query": {
                    "x1": -0.7376183993412052,
                    "x2": -3.0
                },
                "metrics": {
                    "outcome": 0.286156035294427
                },
                "metadata": {
                    "trials": 1
                }
            }
        ],
        [
            {
                "query": {
                    "x1": -1.5,
                    "x2": -1.8976918797783047
                },
                "metrics": {
                    "outcome": -1.0827619313415302
                },
                "metadata": {
                    "trials": 1
                }
            }
        ],
        [
            {
                "query": {
                    "x1": -1.5,
                    "x2": -1.89770608984039
                },
                "metrics": {
                    "outcome": -1.0827724072606766
                },
                "metadata": {
                    "trials": 1
                }
            }
        ],
        [
            {
                "query": {
                    "x1": -1.5,
                    "x2": -1.8977102429221313
                },
                "metrics": {
                    "outcome": -1.082775468922323
                },
                "metadata": {
                    "trials": 1
                }
            }
        ],
        [
            {
                "query": {
                    "x1": -1.5,
                    "x2": -1.8977033947456878
                },
                "metrics": {
                    "outcome": -1.0827704204143922
                },
                "metadata": {
                    "trials": 1
                }
            }
        ],
        [
            {
                "query": {
                    "x1": -1.5,
                    "x2": -1.8977103004298228
                },
                "metrics": {
                    "outcome": -1.0827755113169175
                },
                "metadata": {
                    "trials": 1
                }
            }
        ],
        [
            {
                "query": {
                    "x1": -0.5085034254365522,
                    "x2": -1.5935000795757006
                },
                "metrics": {
                    "outcome": -1.905973494441266
                },
                "metadata": {
                    "trials": 1
                }
            }
        ],
        [
            {
                "query": {
                    "x1": -0.5084923931838757,
                    "x2": -1.593528158753272
                },
                "metrics": {
                    "outcome": -1.9059667320292712
                },
                "metadata": {
                    "trials": 1
                }
            }
        ],
        [
            {
                "query": {
                    "x1": -0.5084589224107486,
                    "x2": -1.5935004402338508
                },
                "metrics": {
                    "outcome": -1.9059661552779557
                },
                "metadata": {
                    "trials": 1
                }
            }
        ],
        [
            {
                "query": {
                    "x1": -0.508518644914896,
                    "x2": -1.5935699182515655
                },
                "metrics": {
                    "outcome": -1.905963644223263
                },
                "metadata": {
                    "trials": 1
                }
            }
        ],
        [
            {
                "query": {
                    "x1": -0.5084880882668015,
                    "x2": -1.5935598341359203
                },
                "metrics": {
                    "outcome": -1.9059604308367222
                },
                "metadata": {
                    "trials": 1
                }
            }
        ],
        [
            {
                "query": {
                    "x1": -0.6395461188652984,
                    "x2": -1.4497666411588586
                },
                "metrics": {
                    "outcome": -1.8771955091003631
                },
                "metadata": {
                    "trials": 1
                }
            }
        ],
        [
            {
                "query": {
                    "x1": -0.6396806111984076,
                    "x2": -1.4523694857018818
                },
                "metrics": {
                    "outcome": -1.8781351150139156
                },
                "metadata": {
                    "trials": 1
                }
            }
        ],
        [
            {
                "query": {
                    "x1": -0.6428297967475604,
                    "x2": -1.4540612126926074
                },
                "metrics": {
                    "outcome": -1.877586680476886
                },
                "metadata": {
                    "trials": 1
                }
            }
        ],
        [
            {
                "query": {
                    "x1": -0.639743565624692,
                    "x2": -1.4488330941599243
                },
                "metrics": {
                    "outcome": -1.876761471161768
                },
                "metadata": {
                    "trials": 1
                }
            }
        ],
        [
            {
                "query": {
                    "x1": -0.6400130250679618,
                    "x2": -1.4505023170171578
                },
                "metrics": {
                    "outcome": -1.877302123715575
                },
                "metadata": {
                    "trials": 1
                }
            }
        ],
        [
            {
                "query": {
                    "x1": 4.0,
                    "x2": 1.0719392685250597
                },
                "metrics": {
                    "outcome": 5.317332667583312
                },
                "metadata": {
                    "trials": 1
                }
            }
        ],
        [
            {
                "query": {
                    "x1": 4.0,
                    "x2": 1.0452618835890972
                },
                "metrics": {
                    "outcome": 5.3985245491018485
                },
                "metadata": {
                    "trials": 1
                }
            }
        ],
        [
            {
                "query": {
                    "x1": 4.0,
                    "x2": 1.1088506708581318
                },
                "metrics": {
                    "outcome": 5.208438012452001
                },
                "metadata": {
                    "trials": 1
                }
            }
        ],
        [
            {
                "query": {
                    "x1": 4.0,
                    "x2": 0.9226216409063132
                },
                "metrics": {
                    "outcome": 5.79882927941924
                },
                "metadata": {
                    "trials": 1
                }
            }
        ],
        [
            {
                "query": {
                    "x1": 4.0,
                    "x2": 1.034261599935364
                },
                "metrics": {
                    "outcome": 5.43261356686436
                },
                "metadata": {
                    "trials": 1
                }
            }
        ],
        [
            {
                "query": {
                    "x1": -0.3845160189961052,
                    "x2": -1.3422339152448253
                },
                "metrics": {
                    "outcome": -1.8494510543745935
                },
                "metadata": {
                    "trials": 1
                }
            }
        ],
        [
            {
                "query": {
                    "x1": -0.6546574799454037,
                    "x2": -1.67004022468889
                },
                "metrics": {
                    "outcome": -1.8911362003291936
                },
                "metadata": {
                    "trials": 1
                }
            }
        ],
        [
            {
                "query": {
                    "x1": -0.5008721615577885,
                    "x2": -1.3504684768089505
                },
                "metrics": {
                    "outcome": -1.8639539231696949
                },
                "metadata": {
                    "trials": 1
                }
            }
        ],
        [
            {
                "query": {
                    "x1": -0.4361004275154996,
                    "x2": -1.4789580333792922
                },
                "metrics": {
                    "outcome": -1.897017196264147
                },
                "metadata": {
                    "trials": 1
                }
            }
        ],
        [
            {
                "query": {
                    "x1": -0.3680645674918557,
                    "x2": -1.4309437268032905
                },
                "metrics": {
                    "outcome": -1.86962282804669
                },
                "metadata": {
                    "trials": 1
                }
            }
        ],
        [
            {
                "query": {
                    "x1": -1.4960010302821949,
                    "x2": -2.488449380138087
                },
                "metrics": {
                    "outcome": -1.245620654630022
                },
                "metadata": {
                    "trials": 1
                }
            }
        ],
        [
            {
                "query": {
                    "x1": -1.375270761103205,
                    "x2": -2.437905994182623
                },
                "metrics": {
                    "outcome": -1.2804383446166079
                },
                "metadata": {
                    "trials": 1
                }
            }
        ],
        [
            {
                "query": {
                    "x1": -1.4984121903902166,
                    "x2": -2.4395153077568072
                },
                "metrics": {
                    "outcome": -1.250697166308235
                },
                "metadata": {
                    "trials": 1
                }
            }
        ],
        [
            {
                "query": {
                    "x1": -1.428811410883763,
                    "x2": -2.4087482130174984
                },
                "metrics": {
                    "outcome": -1.2772494548896378
                },
                "metadata": {
                    "trials": 1
                }
            }
        ],
        [
            {
                "query": {
                    "x1": -1.4062169497259767,
                    "x2": -2.529239285501795
                },
                "metrics": {
                    "outcome": -1.2395262948329382
                },
                "metadata": {
                    "trials": 1
                }
            }
        ],
        [
            {
                "query": {
                    "x1": 2.600936077689112,
                    "x2": 0.653311763399512
                },
                "metrics": {
                    "outcome": 2.4126987110047042
                },
                "metadata": {
                    "trials": 1
                }
            }
        ],
        [
            {
                "query": {
                    "x1": 2.5616726312020317,
                    "x2": 0.6471668839494851
                },
                "metrics": {
                    "outcome": 2.3735443296048198
                },
                "metadata": {
                    "trials": 1
                }
            }
        ],
        [
            {
                "query": {
                    "x1": 2.527514250112776,
                    "x2": 0.5651417040429281
                },
                "metrics": {
                    "outcome": 2.521406064007098
                },
                "metadata": {
                    "trials": 1
                }
            }
        ],
        [
            {
                "query": {
                    "x1": 2.647370514360155,
                    "x2": 0.774995370857841
                },
                "metrics": {
                    "outcome": 2.195122649273001
                },
                "metadata": {
                    "trials": 1
                }
            }
        ],
        [
            {
                "query": {
                    "x1": 2.55592185887465,
                    "x2": 0.7715954587626661
                },
                "metrics": {
                    "outcome": 2.094071220158262
                },
                "metadata": {
                    "trials": 1
                }
            }
        ],
        [
            {
                "query": {
                    "x1": -1.163203196409402,
                    "x2": 3.9658428753876143
                },
                "metrics": {
                    "outcome": 39.29902541115622
                },
                "metadata": {
                    "trials": 1
                }
            }
        ],
        [
            {
                "query": {
                    "x1": -1.2994129118312792,
                    "x2": 3.9768241631018997
                },
                "metrics": {
                    "outcome": 41.177548417423225
                },
                "metadata": {
                    "trials": 1
                }
            }
        ],
        [
            {
                "query": {
                    "x1": -1.394107285786349,
                    "x2": 3.929233928799672
                },
                "metrics": {
                    "outcome": 41.82217469900224
                },
                "metadata": {
                    "trials": 1
                }
            }
        ],
        [
            {
                "query": {
                    "x1": -1.3317583815462448,
                    "x2": 3.992712516614837
                },
                "metrics": {
                    "outcome": 41.791754653275106
                },
                "metadata": {
                    "trials": 1
                }
            }
        ],
        [
            {
                "query": {
                    "x1": -0.9964823135540828,
                    "x2": 3.969303321912305
                },
                "metrics": {
                    "outcome": 37.24498032650368
                },
                "metadata": {
                    "trials": 1
                }
            }
        ],
        [
            {
                "query": {
                    "x1": -1.4632061302603057,
                    "x2": -0.7083875961437776
                },
                "metrics": {
                    "outcome": 1.1687061176002789
                },
                "metadata": {
                    "trials": 1
                }
            }
        ],
        [
            {
                "query": {
                    "x1": -1.4657031704465444,
                    "x2": -0.7946465514481562
                },
                "metrics": {
                    "outcome": 0.8907251442533775
                },
                "metadata": {
                    "trials": 1
                }
            }
        ],
        [
            {
                "query": {
                    "x1": -1.4011145802580192,
                    "x2": -0.8466121044623809
                },
                "metrics": {
                    "outcome": 0.5131153830675088
                },
                "metadata": {
                    "trials": 1
                }
            }
        ],
        [
            {
                "query": {
                    "x1": -1.4676258965569744,
                    "x2": -0.7045176517420453
                },
                "metrics": {
                    "outcome": 1.1979047411217218
                },
                "metadata": {
                    "trials": 1
                }
            }
        ],
        [
            {
                "query": {
                    "x1": -1.458153884492622,
                    "x2": -0.8094976901530888
                },
                "metrics": {
                    "outcome": 0.8173771528467864
                },
                "metadata": {
                    "trials": 1
                }
            }
        ],
        [
            {
                "query": {
                    "x1": 2.6084509477223836,
                    "x2": 3.976902357238302
                },
                "metrics": {
                    "outcome": 9.199829409641872
                },
                "metadata": {
                    "trials": 1
                }
            }
        ],
        [
            {
                "query": {
                    "x1": 2.926180333813452,
                    "x2": 3.9977499297159413
                },
                "metrics": {
                    "outcome": 8.35115852435764
                },
                "metadata": {
                    "trials": 1
                }
            }
        ],
        [
            {
                "query": {
                    "x1": -0.4615840550928936,
                    "x2": -1.9618940361960129
                },
                "metrics": {
                    "outcome": -1.6193949863854193
                },
                "metadata": {
                    "trials": 1
                }
            }
        ],
        [
            {
                "query": {
                    "x1": -0.45153759159897744,
                    "x2": -1.920890434847291
                },
                "metrics": {
                    "outcome": -1.661457194469989
                },
                "metadata": {
                    "trials": 1
                }
            }
        ],
        [
            {
                "query": {
                    "x1": -0.35761785845998184,
                    "x2": -2.0791815491918095
                },
                "metrics": {
                    "outcome": -1.3456218934472668
                },
                "metadata": {
                    "trials": 1
                }
            }
        ],
        [
            {
                "query": {
                    "x1": -0.01882206609877768,
                    "x2": -0.7347811755303808
                },
                "metrics": {
                    "outcome": -0.98039317443736
                },
                "metadata": {
                    "trials": 1
                }
            }
        ],
        [
            {
                "query": {
                    "x1": 0.07800155240738826,
                    "x2": -0.5674954881327001
                },
                "metrics": {
                    "outcome": -0.5892539303850204
                },
                "metadata": {
                    "trials": 1
                }
            }
        ],
        [
            {
                "query": {
                    "x1": 0.03921448354440038,
                    "x2": -0.6367623234475341
                },
                "metrics": {
                    "outcome": -0.7563998130844136
                },
                "metadata": {
                    "trials": 1
                }
            }
        ],
        [
            {
                "query": {
                    "x1": -0.17553079904109614,
                    "x2": -0.6691475778456386
                },
                "metrics": {
                    "outcome": -0.9136728239067156
                },
                "metadata": {
                    "trials": 1
                }
            }
        ],
        [
            {
                "query": {
                    "x1": -0.3560867598377908,
                    "x2": -0.7702174420807948
                },
                "metrics": {
                    "outcome": -1.1227384112977745
                },
                "metadata": {
                    "trials": 1
                }
            }
        ],
        [
            {
                "query": {
                    "x1": 3.986342531597196,
                    "x2": -2.769402355308821
                },
                "metrics": {
                    "outcome": 34.675112757680445
                },
                "metadata": {
                    "trials": 1
                }
            }
        ],
        [
            {
                "query": {
                    "x1": 0.6948218864143585,
                    "x2": -2.997897390473218
                },
                "metrics": {
                    "outcome": 5.35554679800077
                },
                "metadata": {
                    "trials": 1
                }
            }
        ],
        [
            {
                "query": {
                    "x1": 3.9389225404626753,
                    "x2": -2.816160433137465
                },
                "metrics": {
                    "outcome": 34.58366149546994
                },
                "metadata": {
                    "trials": 1
                }
            }
        ],
        [
            {
                "query": {
                    "x1": 3.9487735668995185,
                    "x2": -2.8362480229903606
                },
                "metrics": {
                    "outcome": 34.919556407569864
                },
                "metadata": {
                    "trials": 1
                }
            }
        ],
        [
            {
                "query": {
                    "x1": 3.9651965542957592,
                    "x2": -2.6706053405676338
                },
                "metrics": {
                    "outcome": 33.37165585909158
                },
                "metadata": {
                    "trials": 1
                }
            }
        ],
        [
            {
                "query": {
                    "x1": 1.1964710954166078,
                    "x2": 1.836259249671972
                },
                "metrics": {
                    "outcome": 4.313917778013488
                },
                "metadata": {
                    "trials": 1
                }
            }
        ],
        [
            {
                "query": {
                    "x1": 0.8067915759072397,
                    "x2": 1.8302428571617089
                },
                "metrics": {
                    "outcome": 5.896293063145749
                },
                "metadata": {
                    "trials": 1
                }
            }
        ],
        [
            {
                "query": {
                    "x1": 1.022335356304859,
                    "x2": 1.8292891768274986
                },
                "metrics": {
                    "outcome": 4.976816052650659
                },
                "metadata": {
                    "trials": 1
                }
            }
        ],
        [
            {
                "query": {
                    "x1": 0.8285020913344812,
                    "x2": 1.8710364831780977
                },
                "metrics": {
                    "outcome": 5.9495130257706155
                },
                "metadata": {
                    "trials": 1
                }
            }
        ],
        [
            {
                "query": {
                    "x1": 1.151351220527185,
                    "x2": 1.8150572961769145
                },
                "metrics": {
                    "outcome": 4.425411623624889
                },
                "metadata": {
                    "trials": 1
                }
            }
        ],
        [
            {
                "query": {
                    "x1": -0.9589452639130482,
                    "x2": -1.6250410570430054
                },
                "metrics": {
                    "outcome": -1.7096577723068958
                },
                "metadata": {
                    "trials": 1
                }
            }
        ],
        [
            {
                "query": {
                    "x1": 1.080194217172294,
                    "x2": 3.5546556211629676
                },
                "metrics": {
                    "outcome": 13.392311620399576
                },
                "metadata": {
                    "trials": 1
                }
            }
        ],
        [
            {
                "query": {
                    "x1": -1.062226371916154,
                    "x2": -1.71888722601414
                },
                "metrics": {
                    "outcome": -1.6253975693619855
                },
                "metadata": {
                    "trials": 1
                }
            }
        ],
        [
            {
                "query": {
                    "x1": -1.0521405668609403,
                    "x2": -1.6499585510294597
                },
                "metrics": {
                    "outcome": -1.6147803711261486
                },
                "metadata": {
                    "trials": 1
                }
            }
        ],
        [
            {
                "query": {
                    "x1": -1.054030832035726,
                    "x2": -1.6544775112727697
                },
                "metrics": {
                    "outcome": -1.6142836630747093
                },
                "metadata": {
                    "trials": 1
                }
            }
        ],
        [
            {
                "query": {
                    "x1": 3.7521218967340317,
                    "x2": -1.4688379677437207
                },
                "metrics": {
                    "outcome": 19.714882170137344
                },
                "metadata": {
                    "trials": 1
                }
            }
        ],
        [
            {
                "query": {
                    "x1": -0.05194935560217262,
                    "x2": 0.9897565091633838
                },
                "metrics": {
                    "outcome": 5.443729260268686
                },
                "metadata": {
                    "trials": 1
                }
            }
        ],
        [
            {
                "query": {
                    "x1": 1.3168165440896304,
                    "x2": 1.500520772470347
                },
                "metrics": {
                    "outcome": 3.128427375551948
                },
                "metadata": {
                    "trials": 1
                }
            }
        ],
        [
            {
                "query": {
                    "x1": 0.2279709142191615,
                    "x2": 0.9772619904284277
                },
                "metrics": {
                    "outcome": 4.596558221400278
                },
                "metadata": {
                    "trials": 1
                }
            }
        ],
        [
            {
                "query": {
                    "x1": 0.47512521303122046,
                    "x2": 0.2695896057685747
                },
                "metrics": {
                    "outcome": 1.681293230366577
                },
                "metadata": {
                    "trials": 1
                }
            }
        ],
        [
            {
                "query": {
                    "x1": 3.0747299937102195,
                    "x2": -2.814177327283347
                },
                "metrics": {
                    "outcome": 24.289305730377713
                },
                "metadata": {
                    "trials": 1
                }
            }
        ],
        [
            {
                "query": {
                    "x1": 0.24671379084591916,
                    "x2": 0.5270704487402469
                },
                "metrics": {
                    "outcome": 2.7250522848401806
                },
                "metadata": {
                    "trials": 1
                }
            }
        ],
        [
            {
                "query": {
                    "x1": -1.3408328247005314,
                    "x2": -1.4016498836062903
                },
                "metrics": {
                    "outcome": -0.8777751507974001
                },
                "metadata": {
                    "trials": 1
                }
            }
        ],
        [
            {
                "query": {
                    "x1": 3.919587247108119,
                    "x2": -0.8508753995197385
                },
                "metrics": {
                    "outcome": 15.823560797451865
                },
                "metadata": {
                    "trials": 1
                }
            }
        ],
        [
            {
                "query": {
                    "x1": -0.34158554508415717,
                    "x2": -2.2698061390224775
                },
                "metrics": {
                    "outcome": -0.9498090999278901
                },
                "metadata": {
                    "trials": 1
                }
            }
        ],
        [
            {
                "query": {
                    "x1": -1.1703339879846961,
                    "x2": -1.8607869643281514
                },
                "metrics": {
                    "outcome": -1.5299882552692696
                },
                "metadata": {
                    "trials": 1
                }
            }
        ],
        [
            {
                "query": {
                    "x1": 3.630840743031577,
                    "x2": 2.2900938827335144
                },
                "metrics": {
                    "outcome": 2.7221959908358215
                },
                "metadata": {
                    "trials": 1
                }
            }
        ],
        [
            {
                "query": {
                    "x1": -1.1774925809727717,
                    "x2": 3.172089611985098
                },
                "metrics": {
                    "outcome": 30.526860726950048
                },
                "metadata": {
                    "trials": 1
                }
            }
        ],
        [
            {
                "query": {
                    "x1": 3.519536063535538,
                    "x2": -2.415350815119398
                },
                "metrics": {
                    "outcome": 25.798299090978475
                },
                "metadata": {
                    "trials": 1
                }
            }
        ],
        [
            {
                "query": {
                    "x1": 1.5427133282092163,
                    "x2": 0.7294328469421418
                },
                "metrics": {
                    "outcome": 1.9349091608080136
                },
                "metadata": {
                    "trials": 1
                }
            }
        ],
        [
            {
                "query": {
                    "x1": 2.9639761834950162,
                    "x2": -0.35015868829382457
                },
                "metrics": {
                    "outcome": 7.165741434970829
                },
                "metadata": {
                    "trials": 1
                }
            }
        ],
        [
            {
                "query": {
                    "x1": 2.1515335286243946,
                    "x2": -0.13889637490622908
                },
                "metrics": {
                    "outcome": 3.575493962672846
                },
                "metadata": {
                    "trials": 1
                }
            }
        ],
        [
            {
                "query": {
                    "x1": 0.8270390389299305,
                    "x2": 0.5143457710376884
                },
                "metrics": {
                    "outcome": 2.1168833363220556
                },
                "metadata": {
                    "trials": 1
                }
            }
        ],
        [
            {
                "query": {
                    "x1": -1.200113517999411,
                    "x2": -2.863173934889437
                },
                "metrics": {
                    "outcome": -0.7953673894971374
                },
                "metadata": {
                    "trials": 1
                }
            }
        ],
        [
            {
                "query": {
                    "x1": -0.677949608799658,
                    "x2": 0.6010530448296834
                },
                "metrics": {
                    "outcome": 5.078584009501284
                },
                "metadata": {
                    "trials": 1
                }
            }
        ],
        [
            {
                "query": {
                    "x1": 1.944265726286103,
                    "x2": -0.33013794799176654
                },
                "metrics": {
                    "outcome": 3.4302299536995897
                },
                "metadata": {
                    "trials": 1
                }
            }
        ],
        [
            {
                "query": {
                    "x1": -0.39472732790380016,
                    "x2": 3.313870968392134
                },
                "metrics": {
                    "outcome": 23.851088688022273
                },
                "metadata": {
                    "trials": 1
                }
            }
        ],
        [
            {
                "query": {
                    "x1": 2.09830637944801,
                    "x2": -2.1278790863270705
                },
                "metrics": {
                    "outcome": 10.363917909515084
                },
                "metadata": {
                    "trials": 1
                }
            }
        ],
        [
            {
                "query": {
                    "x1": 0.04616223202307457,
                    "x2": -0.5334679385126857
                },
                "metrics": {
                    "outcome": -0.5351889788865785
                },
                "metadata": {
                    "trials": 1
                }
            }
        ],
        [
            {
                "query": {
                    "x1": 2.3084706163068924,
                    "x2": -1.1249148485809104
                },
                "metrics": {
                    "outcome": 7.439097349225965
                },
                "metadata": {
                    "trials": 1
                }
            }
        ],
        [
            {
                "query": {
                    "x1": 0.48179870735910546,
                    "x2": 2.8029380539617126
                },
                "metrics": {
                    "outcome": 12.52967917464866
                },
                "metadata": {
                    "trials": 1
                }
            }
        ],
        [
            {
                "query": {
                    "x1": -0.6182910617451858,
                    "x2": 2.2802365958938395
                },
                "metrics": {
                    "outcome": 17.025339450729668
                },
                "metadata": {
                    "trials": 1
                }
            }
        ],
        [
            {
                "query": {
                    "x1": 2.2006087879898084,
                    "x2": -2.7666313486534335
                },
                "metrics": {
                    "outcome": 14.919703842444342
                },
                "metadata": {
                    "trials": 1
                }
            }
        ],
        [
            {
                "query": {
                    "x1": 1.4195914393989724,
                    "x2": -2.214376003135763
                },
                "metrics": {
                    "outcome": 5.826679484827752
                },
                "metadata": {
                    "trials": 1
                }
            }
        ],
        [
            {
                "query": {
                    "x1": -1.345688302674476,
                    "x2": 0.5899744848528976
                },
                "metrics": {
                    "outcome": 7.554450745931996
                },
                "metadata": {
                    "trials": 1
                }
            }
        ],
        [
            {
                "query": {
                    "x1": -1.4438529654038428,
                    "x2": 1.8303937435737385
                },
                "metrics": {
                    "outcome": 18.83944199947797
                },
                "metadata": {
                    "trials": 1
                }
            }
        ],
        [
            {
                "query": {
                    "x1": -0.9002020500521883,
                    "x2": 1.90301216201994
                },
                "metrics": {
                    "outcome": 15.808829369244746
                },
                "metadata": {
                    "trials": 1
                }
            }
        ],
        [
            {
                "query": {
                    "x1": 0.45045705987017826,
                    "x2": -1.3766937792799612
                },
                "metrics": {
                    "outcome": -0.5783043017939447
                },
                "metadata": {
                    "trials": 1
                }
            }
        ],
        [
            {
                "query": {
                    "x1": -0.4646875169310607,
                    "x2": -1.1574376637932002
                },
                "metrics": {
                    "outcome": -1.7153430816851096
                },
                "metadata": {
                    "trials": 1
                }
            }
        ],
        [
            {
                "query": {
                    "x1": 0.4169741637564668,
                    "x2": -1.3347312187648601
                },
                "metrics": {
                    "outcome": -0.6880583440258321
                },
                "metadata": {
                    "trials": 1
                }
            }
        ],
        [
            {
                "query": {
                    "x1": 2.474895930142698,
                    "x2": -1.1705570041352706
                },
                "metrics": {
                    "outcome": 8.61530045979015
                },
                "metadata": {
                    "trials": 1
                }
            }
        ],
        [
            {
                "query": {
                    "x1": 3.5915327485020647,
                    "x2": 3.2522030894038965
                },
                "metrics": {
                    "outcome": 4.390005775672297
                },
                "metadata": {
                    "trials": 1
                }
            }
        ],
        [
            {
                "query": {
                    "x1": -0.6211853815171965,
                    "x2": -1.2500328034510346
                },
                "metrics": {
                    "outcome": -1.753066592785793
                },
                "metadata": {
                    "trials": 1
                }
            }
        ],
        [
            {
                "query": {
                    "x1": -1.0671140864651723,
                    "x2": 3.8821412471017727
                },
                "metrics": {
                    "outcome": 37.12194453880253
                },
                "metadata": {
                    "trials": 1
                }
            }
        ],
        [
            {
                "query": {
                    "x1": 3.038674921216308,
                    "x2": -2.191272061440813
                },
                "metrics": {
                    "outcome": 19.065716710526054
                },
                "metadata": {
                    "trials": 1
                }
            }
        ],
        [
            {
                "query": {
                    "x1": 0.8105997140347627,
                    "x2": 0.28191122114489087
                },
                "metrics": {
                    "outcome": 1.6561753933320231
                },
                "metadata": {
                    "trials": 1
                }
            }
        ],
        [
            {
                "query": {
                    "x1": 0.6619389119450969,
                    "x2": -0.290929356873173
                },
                "metrics": {
                    "outcome": 0.5502826609462066
                },
                "metadata": {
                    "trials": 1
                }
            }
        ],
        [
            {
                "query": {
                    "x1": 2.8111501188090493,
                    "x2": -2.878489876911365
                },
                "metrics": {
                    "outcome": 21.891764534396472
                },
                "metadata": {
                    "trials": 1
                }
            }
        ],
        [
            {
                "query": {
                    "x1": 1.1761376080095305,
                    "x2": -1.538148112856488
                },
                "metrics": {
                    "outcome": 2.403615135202766
                },
                "metadata": {
                    "trials": 1
                }
            }
        ],
        [
            {
                "query": {
                    "x1": 1.422372089076266,
                    "x2": 1.364462157917786
                },
                "metrics": {
                    "outcome": 2.62831464719364
                },
                "metadata": {
                    "trials": 1
                }
            }
        ],
        [
            {
                "query": {
                    "x1": 0.5818837600892035,
                    "x2": 0.3519120574722918
                },
                "metrics": {
                    "outcome": 1.863724916759002
                },
                "metadata": {
                    "trials": 1
                }
            }
        ],
        [
            {
                "query": {
                    "x1": -1.3967079384081102,
                    "x2": -2.547165487785657
                },
                "metrics": {
                    "outcome": -1.2303559856496546
                },
                "metadata": {
                    "trials": 1
                }
            }
        ],
        [
            {
                "query": {
                    "x1": 2.558345662436733,
                    "x2": 1.7798686090173597
                },
                "metrics": {
                    "outcome": 1.287369965150429
                },
                "metadata": {
                    "trials": 1
                }
            }
        ],
        [
            {
                "query": {
                    "x1": 1.9600811795830935,
                    "x2": 2.4138880235490774
                },
                "metrics": {
                    "outcome": 3.3572584690083502
                },
                "metadata": {
                    "trials": 1
                }
            }
        ],
        [
            {
                "query": {
                    "x1": 0.7248952825259583,
                    "x2": -1.1360074879994337
                },
                "metrics": {
                    "outcome": 0.1359683695285021
                },
                "metadata": {
                    "trials": 1
                }
            }
        ],
        [
            {
                "query": {
                    "x1": 3.176458740125587,
                    "x2": -1.3412242610127674
                },
                "metrics": {
                    "outcome": 14.256950437716231
                },
                "metadata": {
                    "trials": 1
                }
            }
        ],
        [
            {
                "query": {
                    "x1": 1.8498279801121322,
                    "x2": -2.872881929066025
                },
                "metrics": {
                    "outcome": 12.493339714686147
                },
                "metadata": {
                    "trials": 1
                }
            }
        ],
        [
            {
                "query": {
                    "x1": 0.2905976295534973,
                    "x2": 1.4513283075639176
                },
                "metrics": {
                    "outcome": 6.525113059463774
                },
                "metadata": {
                    "trials": 1
                }
            }
        ],
        [
            {
                "query": {
                    "x1": 3.274490561341443,
                    "x2": -1.5674271244102198
                },
                "metrics": {
                    "outcome": 16.6045932175802
                },
                "metadata": {
                    "trials": 1
                }
            }
        ],
        [
            {
                "query": {
                    "x1": -0.6861123940968754,
                    "x2": -2.476555325050862
                },
                "metrics": {
                    "outcome": -0.9354603269973412
                },
                "metadata": {
                    "trials": 1
                }
            }
        ]
    ]
}