{
    "date": "08/11/2022 19:54:48",
    "basic_params": {
        "active_variables": [
            "x1",
            "x2"
        ],
        "default_query": {},
        "metric": "basic",
        "n_trials": 1
    },
    "objective_function": {
        "name": "McCormick",
        "params": {}
    },
    "optimizer": {
        "name": "GO-BO",
        "params": {
            "maximize": false,
            "domain": [
                {
                    "name": "x1",
                    "type": "continuous",
                    "domain": [
                        -1.5,
                        4.0
                    ]
                },
                {
                    "name": "x2",
                    "type": "continuous",
                    "domain": [
                        -3.0,
                        4.0
                    ]
                }
            ],
            "initial_design_numdata": 10,
            "num_iters": 140,
            "acquisition_type": "EI",
            "evaluator_type": "sequential",
            "batch_size": 1,
            "model_update_interval": 5
        }
    },
    "best_results": [
        {
            "query": {
                "x1": -0.5409745440537658,
                "x2": -1.465732708242072
            },
            "metrics": [
                {
                    "name": "outcome",
                    "value": -1.9041780849093892
                }
            ]
        }
    ],
    "iterations": [
        [
            {
                "query": {
                    "x1": 3.7249999999999996,
                    "x2": -1.25
                },
                "metrics": {
                    "outcome": 17.656436635441846
                },
                "metadata": {
                    "trials": 1
                }
            }
        ],
        [
            {
                "query": {
                    "x1": -1.225,
                    "x2": -0.5499999999999998
                },
                "metrics": {
                    "outcome": 0.9389022199427057
                },
                "metadata": {
                    "trials": 1
                }
            }
        ],
        [
            {
                "query": {
                    "x1": 0.42500000000000027,
                    "x2": 1.5500000000000007
                },
                "metrics": {
                    "outcome": 6.422540873411079
                },
                "metadata": {
                    "trials": 1
                }
            }
        ],
        [
            {
                "query": {
                    "x1": -0.125,
                    "x2": 0.1499999999999999
                },
                "metrics": {
                    "outcome": 1.6631223959147121
                },
                "metadata": {
                    "trials": 1
                }
            }
        ],
        [
            {
                "query": {
                    "x1": -0.6749999999999998,
                    "x2": -1.9499999999999997
                },
                "metrics": {
                    "outcome": -1.7307952986100892
                },
                "metadata": {
                    "trials": 1
                }
            }
        ],
        [
            {
                "query": {
                    "x1": 3.1750000000000007,
                    "x2": 3.6499999999999995
                },
                "metrics": {
                    "outcome": 6.103816622031948
                },
                "metadata": {
                    "trials": 1
                }
            }
        ],
        [
            {
                "query": {
                    "x1": 2.0750000000000006,
                    "x2": 2.25
                },
                "metrics": {
                    "outcome": 2.617226414607762
                },
                "metadata": {
                    "trials": 1
                }
            }
        ],
        [
            {
                "query": {
                    "x1": 0.9750000000000001,
                    "x2": 2.950000000000001
                },
                "metrics": {
                    "outcome": 10.10742733933153
                },
                "metadata": {
                    "trials": 1
                }
            }
        ],
        [
            {
                "query": {
                    "x1": 1.5250000000000004,
                    "x2": 0.8500000000000005
                },
                "metrics": {
                    "outcome": 1.9868100319532718
                },
                "metadata": {
                    "trials": 1
                }
            }
        ],
        [
            {
                "query": {
                    "x1": 2.625,
                    "x2": -2.65
                },
                "metrics": {
                    "outcome": 18.23812760408529
                },
                "metadata": {
                    "trials": 1
                }
            }
        ],
        [
            {
                "query": {
                    "x1": -1.5,
                    "x2": -3.0
                },
                "metrics": {
                    "outcome": -1.022469882334903
                },
                "metadata": {
                    "trials": 1
                }
            }
        ],
        [
            {
                "query": {
                    "x1": -1.5,
                    "x2": -3.0
                },
                "metrics": {
                    "outcome": -1.022469882334903
                },
                "metadata": {
                    "trials": 1
                }
            }
        ],
        [
            {
                "query": {
                    "x1": -1.5,
                    "x2": -3.0
                },
                "metrics": {
                    "outcome": -1.022469882334903
                },
                "metadata": {
                    "trials": 1
                }
            }
        ],
        [
            {
                "query": {
                    "x1": -1.5,
                    "x2": -3.0
                },
                "metrics": {
                    "outcome": -1.022469882334903
                },
                "metadata": {
                    "trials": 1
                }
            }
        ],
        [
            {
                "query": {
                    "x1": -1.5,
                    "x2": -3.0
                },
                "metrics": {
                    "outcome": -1.022469882334903
                },
                "metadata": {
                    "trials": 1
                }
            }
        ],
        [
            {
                "query": {
                    "x1": -0.5652857024779864,
                    "x2": -3.0
                },
                "metrics": {
                    "outcome": 0.6868920111256687
                },
                "metadata": {
                    "trials": 1
                }
            }
        ],
        [
            {
                "query": {
                    "x1": -0.5652851435992705,
                    "x2": -3.0
                },
                "metrics": {
                    "outcome": 0.6868933847669512
                },
                "metadata": {
                    "trials": 1
                }
            }
        ],
        [
            {
                "query": {
                    "x1": -0.5652860659280575,
                    "x2": -3.0
                },
                "metrics": {
                    "outcome": 0.6868911178193784
                },
                "metadata": {
                    "trials": 1
                }
            }
        ],
        [
            {
                "query": {
                    "x1": -0.5652862055272498,
                    "x2": -3.0
                },
                "metrics": {
                    "outcome": 0.6868907747053541
                },
                "metadata": {
                    "trials": 1
                }
            }
        ],
        [
            {
                "query": {
                    "x1": -0.5652856979476651,
                    "x2": -3.0
                },
                "metrics": {
                    "outcome": 0.6868920222605261
                },
                "metadata": {
                    "trials": 1
                }
            }
        ],
        [
            {
                "query": {
                    "x1": -1.3762616479989604,
                    "x2": -2.0420851559932696
                },
                "metrics": {
                    "outcome": -1.3242647173296151
                },
                "metadata": {
                    "trials": 1
                }
            }
        ],
        [
            {
                "query": {
                    "x1": -1.3762629388665228,
                    "x2": -2.042085729622206
                },
                "metrics": {
                    "outcome": -1.3242633766617211
                },
                "metadata": {
                    "trials": 1
                }
            }
        ],
        [
            {
                "query": {
                    "x1": -1.376263170921754,
                    "x2": -2.042085200178194
                },
                "metrics": {
                    "outcome": -1.324263005087587
                },
                "metadata": {
                    "trials": 1
                }
            }
        ],
        [
            {
                "query": {
                    "x1": -1.3762626130470754,
                    "x2": -2.0420843041533754
                },
                "metrics": {
                    "outcome": -1.3242634507075515
                },
                "metadata": {
                    "trials": 1
                }
            }
        ],
        [
            {
                "query": {
                    "x1": -1.376262200968119,
                    "x2": -2.0420851635123958
                },
                "metrics": {
                    "outcome": -1.3242640938601076
                },
                "metadata": {
                    "trials": 1
                }
            }
        ],
        [
            {
                "query": {
                    "x1": -0.5409673857490381,
                    "x2": -1.4657234064593243
                },
                "metrics": {
                    "outcome": -1.9041764822265357
                },
                "metadata": {
                    "trials": 1
                }
            }
        ],
        [
            {
                "query": {
                    "x1": -0.540939064840326,
                    "x2": -1.4657003416280951
                },
                "metrics": {
                    "outcome": -1.9041732752673868
                },
                "metadata": {
                    "trials": 1
                }
            }
        ],
        [
            {
                "query": {
                    "x1": -0.5409745440537658,
                    "x2": -1.465732708242072
                },
                "metrics": {
                    "outcome": -1.9041780849093892
                },
                "metadata": {
                    "trials": 1
                }
            }
        ],
        [
            {
                "query": {
                    "x1": -0.5409616499993855,
                    "x2": -1.4657228306607273
                },
                "metrics": {
                    "outcome": -1.9041767677889476
                },
                "metadata": {
                    "trials": 1
                }
            }
        ],
        [
            {
                "query": {
                    "x1": -0.5409634591162767,
                    "x2": -1.4657185749405321
                },
                "metrics": {
                    "outcome": -1.9041756648197024
                },
                "metadata": {
                    "trials": 1
                }
            }
        ],
        [
            {
                "query": {
                    "x1": -0.1548572404511137,
                    "x2": -1.459581862780418
                },
                "metrics": {
                    "outcome": -1.7134102613453566
                },
                "metadata": {
                    "trials": 1
                }
            }
        ],
        [
            {
                "query": {
                    "x1": -0.15493286802256795,
                    "x2": -1.4596453239173461
                },
                "metrics": {
                    "outcome": -1.7134811424216472
                },
                "metadata": {
                    "trials": 1
                }
            }
        ],
        [
            {
                "query": {
                    "x1": -0.15490483637004124,
                    "x2": -1.459615243418569
                },
                "metrics": {
                    "outcome": -1.7134558767184704
                },
                "metadata": {
                    "trials": 1
                }
            }
        ],
        [
            {
                "query": {
                    "x1": -0.1548901187979681,
                    "x2": -1.459607191237966
                },
                "metrics": {
                    "outcome": -1.7134414247722791
                },
                "metadata": {
                    "trials": 1
                }
            }
        ],
        [
            {
                "query": {
                    "x1": -0.15490958768004945,
                    "x2": -1.459623853809299
                },
                "metrics": {
                    "outcome": -1.7134596216230795
                },
                "metadata": {
                    "trials": 1
                }
            }
        ],
        [
            {
                "query": {
                    "x1": 4.0,
                    "x2": 2.086516198077297
                },
                "metrics": {
                    "outcome": 3.682307015526144
                },
                "metadata": {
                    "trials": 1
                }
            }
        ],
        [
            {
                "query": {
                    "x1": 4.0,
                    "x2": 2.0865699824726427
                },
                "metrics": {
                    "outcome": 3.682288396138699
                },
                "metadata": {
                    "trials": 1
                }
            }
        ],
        [
            {
                "query": {
                    "x1": 4.0,
                    "x2": 2.0865213441796784
                },
                "metrics": {
                    "outcome": 3.682305233744445
                },
                "metadata": {
                    "trials": 1
                }
            }
        ],
        [
            {
                "query": {
                    "x1": 4.0,
                    "x2": 2.0865241650552604
                },
                "metrics": {
                    "outcome": 3.6823042570717797
                },
                "metadata": {
                    "trials": 1
                }
            }
        ],
        [
            {
                "query": {
                    "x1": 4.0,
                    "x2": 2.086494412420821
                },
                "metrics": {
                    "outcome": 3.6823145592156195
                },
                "metadata": {
                    "trials": 1
                }
            }
        ],
        [
            {
                "query": {
                    "x1": -0.7289541155183972,
                    "x2": -1.6246462078671329
                },
                "metrics": {
                    "outcome": -1.8748587748564942
                },
                "metadata": {
                    "trials": 1
                }
            }
        ],
        [
            {
                "query": {
                    "x1": -0.7300848188560688,
                    "x2": -1.6236657308478206
                },
                "metrics": {
                    "outcome": -1.8743830471992942
                },
                "metadata": {
                    "trials": 1
                }
            }
        ],
        [
            {
                "query": {
                    "x1": -0.4877763677117736,
                    "x2": -1.6121558424397229
                },
                "metrics": {
                    "outcome": -1.8977394394485203
                },
                "metadata": {
                    "trials": 1
                }
            }
        ],
        [
            {
                "query": {
                    "x1": -0.487695918521542,
                    "x2": -1.6117606197995265
                },
                "metrics": {
                    "outcome": -1.897819822729617
                },
                "metadata": {
                    "trials": 1
                }
            }
        ],
        [
            {
                "query": {
                    "x1": -0.48766316020082806,
                    "x2": -1.6124505625505552
                },
                "metrics": {
                    "outcome": -1.897636914169572
                },
                "metadata": {
                    "trials": 1
                }
            }
        ],
        [
            {
                "query": {
                    "x1": -1.4354077693017342,
                    "x2": 3.6943123383845027
                },
                "metrics": {
                    "outcome": 39.475369691469886
                },
                "metadata": {
                    "trials": 1
                }
            }
        ],
        [
            {
                "query": {
                    "x1": -1.4515116128653007,
                    "x2": 3.8810555795221866
                },
                "metrics": {
                    "outcome": 41.96956527752008
                },
                "metadata": {
                    "trials": 1
                }
            }
        ],
        [
            {
                "query": {
                    "x1": -1.465033741020762,
                    "x2": 3.8133533041645276
                },
                "metrics": {
                    "outcome": 41.30495688335781
                },
                "metadata": {
                    "trials": 1
                }
            }
        ],
        [
            {
                "query": {
                    "x1": -1.446563711426735,
                    "x2": 3.904338695517895
                },
                "metrics": {
                    "outcome": 42.1946058248417
                },
                "metadata": {
                    "trials": 1
                }
            }
        ],
        [
            {
                "query": {
                    "x1": -1.472352731419566,
                    "x2": 3.8186041554598393
                },
                "metrics": {
                    "outcome": 41.463366785820924
                },
                "metadata": {
                    "trials": 1
                }
            }
        ],
        [
            {
                "query": {
                    "x1": 0.9265425458858925,
                    "x2": -0.7698171234789815
                },
                "metrics": {
                    "outcome": 0.719364106199095
                },
                "metadata": {
                    "trials": 1
                }
            }
        ],
        [
            {
                "query": {
                    "x1": 0.7933404163739559,
                    "x2": -0.7749739921054646
                },
                "metrics": {
                    "outcome": 0.3505298707281346
                },
                "metadata": {
                    "trials": 1
                }
            }
        ],
        [
            {
                "query": {
                    "x1": 0.8953940179502657,
                    "x2": -0.6719876594273191
                },
                "metrics": {
                    "outcome": 0.6551777542431745
                },
                "metadata": {
                    "trials": 1
                }
            }
        ],
        [
            {
                "query": {
                    "x1": 0.8791824023139756,
                    "x2": -0.8066225203778026
                },
                "metrics": {
                    "outcome": 0.5791045611234293
                },
                "metadata": {
                    "trials": 1
                }
            }
        ],
        [
            {
                "query": {
                    "x1": 0.8867467532135103,
                    "x2": -0.7254629433916686
                },
                "metrics": {
                    "outcome": 0.6160281045856686
                },
                "metadata": {
                    "trials": 1
                }
            }
        ],
        [
            {
                "query": {
                    "x1": 2.87930546544644,
                    "x2": 1.1545052489597172
                },
                "metrics": {
                    "outcome": 1.7637748020022892
                },
                "metadata": {
                    "trials": 1
                }
            }
        ],
        [
            {
                "query": {
                    "x1": 2.928345775671626,
                    "x2": 1.1673809044503365
                },
                "metrics": {
                    "outcome": 1.8111176347256293
                },
                "metadata": {
                    "trials": 1
                }
            }
        ],
        [
            {
                "query": {
                    "x1": 2.9443964252476924,
                    "x2": 1.252821798565117
                },
                "metrics": {
                    "outcome": 1.7066759701293406
                },
                "metadata": {
                    "trials": 1
                }
            }
        ],
        [
            {
                "query": {
                    "x1": 3.095552377974757,
                    "x2": 1.397523731484096
                },
                "metrics": {
                    "outcome": 1.7577348751965496
                },
                "metadata": {
                    "trials": 1
                }
            }
        ],
        [
            {
                "query": {
                    "x1": 2.9337890150615165,
                    "x2": 1.1954564771701186
                },
                "metrics": {
                    "outcome": 1.7750218693823867
                },
                "metadata": {
                    "trials": 1
                }
            }
        ],
        [
            {
                "query": {
                    "x1": -1.1136125969439927,
                    "x2": -2.4744853555522157
                },
                "metrics": {
                    "outcome": -1.2320037373997654
                },
                "metadata": {
                    "trials": 1
                }
            }
        ],
        [
            {
                "query": {
                    "x1": -0.3884428875790258,
                    "x2": -1.0945838730580468
                },
                "metrics": {
                    "outcome": -1.6513109835575985
                },
                "metadata": {
                    "trials": 1
                }
            }
        ],
        [
            {
                "query": {
                    "x1": -0.3585014246173377,
                    "x2": -0.9959809985622385
                },
                "metrics": {
                    "outcome": -1.5225153853148532
                },
                "metadata": {
                    "trials": 1
                }
            }
        ],
        [
            {
                "query": {
                    "x1": -1.1769265304261685,
                    "x2": -2.4331769233011373
                },
                "metrics": {
                    "outcome": -1.2878294027039745
                },
                "metadata": {
                    "trials": 1
                }
            }
        ],
        [
            {
                "query": {
                    "x1": -0.25889916093305776,
                    "x2": -1.0312584146256345
                },
                "metrics": {
                    "outcome": -1.5541371981537555
                },
                "metadata": {
                    "trials": 1
                }
            }
        ],
        [
            {
                "query": {
                    "x1": -0.11818023853238357,
                    "x2": -2.0022226403236156
                },
                "metrics": {
                    "outcome": -1.1314005775443574
                },
                "metadata": {
                    "trials": 1
                }
            }
        ],
        [
            {
                "query": {
                    "x1": 3.916581766765481,
                    "x2": 3.8442445835405348
                },
                "metrics": {
                    "outcome": 5.736635660187686
                },
                "metadata": {
                    "trials": 1
                }
            }
        ],
        [
            {
                "query": {
                    "x1": 3.923994847703197,
                    "x2": 3.8141646377832377
                },
                "metrics": {
                    "outcome": 5.6547821076911085
                },
                "metadata": {
                    "trials": 1
                }
            }
        ],
        [
            {
                "query": {
                    "x1": 3.9824059840488513,
                    "x2": 3.8617223680459887
                },
                "metrics": {
                    "outcome": 5.695212936024067
                },
                "metadata": {
                    "trials": 1
                }
            }
        ],
        [
            {
                "query": {
                    "x1": 3.9716384743162827,
                    "x2": 3.817687644800224
                },
                "metrics": {
                    "outcome": 5.608372818666162
                },
                "metadata": {
                    "trials": 1
                }
            }
        ],
        [
            {
                "query": {
                    "x1": -1.1496228000738673,
                    "x2": -1.4354052489652387
                },
                "metrics": {
                    "outcome": -1.3106797269900388
                },
                "metadata": {
                    "trials": 1
                }
            }
        ],
        [
            {
                "query": {
                    "x1": -1.1167740720840675,
                    "x2": -1.392209211836076
                },
                "metrics": {
                    "outcome": -1.3207485975896756
                },
                "metadata": {
                    "trials": 1
                }
            }
        ],
        [
            {
                "query": {
                    "x1": -0.8769278961398044,
                    "x2": -1.3124801546523157
                },
                "metrics": {
                    "outcome": -1.5907870818012801
                },
                "metadata": {
                    "trials": 1
                }
            }
        ],
        [
            {
                "query": {
                    "x1": -0.9375331528694567,
                    "x2": -1.2359471470890595
                },
                "metrics": {
                    "outcome": -1.4183343852177037
                },
                "metadata": {
                    "trials": 1
                }
            }
        ],
        [
            {
                "query": {
                    "x1": -1.0616683212706244,
                    "x2": -1.4623217332589034
                },
                "metrics": {
                    "outcome": -1.4818609943749586
                },
                "metadata": {
                    "trials": 1
                }
            }
        ],
        [
            {
                "query": {
                    "x1": 3.9708366563418958,
                    "x2": -2.808803964628286
                },
                "metrics": {
                    "outcome": 34.9028750017513
                },
                "metadata": {
                    "trials": 1
                }
            }
        ],
        [
            {
                "query": {
                    "x1": 0.8656745427761665,
                    "x2": -2.624284233550438
                },
                "metrics": {
                    "outcome": 4.338175009633334
                },
                "metadata": {
                    "trials": 1
                }
            }
        ],
        [
            {
                "query": {
                    "x1": 3.790743536775511,
                    "x2": -2.950481233637051
                },
                "metrics": {
                    "outcome": 34.12661118791406
                },
                "metadata": {
                    "trials": 1
                }
            }
        ],
        [
            {
                "query": {
                    "x1": 3.978141789800813,
                    "x2": -2.9456874095717773
                },
                "metrics": {
                    "outcome": 36.46653954039278
                },
                "metadata": {
                    "trials": 1
                }
            }
        ],
        [
            {
                "query": {
                    "x1": 0.8294158239707818,
                    "x2": -2.9506163304035784
                },
                "metrics": {
                    "outcome": 5.815665333243319
                },
                "metadata": {
                    "trials": 1
                }
            }
        ],
        [
            {
                "query": {
                    "x1": -0.8961930225690229,
                    "x2": -1.8515555830553985
                },
                "metrics": {
                    "outcome": -1.7556227940000522
                },
                "metadata": {
                    "trials": 1
                }
            }
        ],
        [
            {
                "query": {
                    "x1": -1.482756269261265,
                    "x2": -2.5789820098327065
                },
                "metrics": {
                    "outcome": -1.225919911932734
                },
                "metadata": {
                    "trials": 1
                }
            }
        ],
        [
            {
                "query": {
                    "x1": 3.9852272210783326,
                    "x2": 0.7146921129809751
                },
                "metrics": {
                    "outcome": 6.505367089164669
                },
                "metadata": {
                    "trials": 1
                }
            }
        ],
        [
            {
                "query": {
                    "x1": 3.9678266225276317,
                    "x2": 0.8088537087586483
                },
                "metrics": {
                    "outcome": 6.051570185162555
                },
                "metadata": {
                    "trials": 1
                }
            }
        ],
        [
            {
                "query": {
                    "x1": -1.4897760903623254,
                    "x2": -2.407722250549388
                },
                "metrics": {
                    "outcome": -1.2560683640176378
                },
                "metadata": {
                    "trials": 1
                }
            }
        ],
        [
            {
                "query": {
                    "x1": -1.4829982017291012,
                    "x2": 0.8452799957547734
                },
                "metrics": {
                    "outcome": 10.163212985890548
                },
                "metadata": {
                    "trials": 1
                }
            }
        ],
        [
            {
                "query": {
                    "x1": 0.7275060335291212,
                    "x2": 0.9707584806023526
                },
                "metrics": {
                    "outcome": 3.3866958289558236
                },
                "metadata": {
                    "trials": 1
                }
            }
        ],
        [
            {
                "query": {
                    "x1": -1.3087548515778353,
                    "x2": 1.6585372521490207
                },
                "metrics": {
                    "outcome": 16.256991228952337
                },
                "metadata": {
                    "trials": 1
                }
            }
        ],
        [
            {
                "query": {
                    "x1": -1.4879111694701914,
                    "x2": 0.8367290582193836
                },
                "metrics": {
                    "outcome": 10.121514545654428
                },
                "metadata": {
                    "trials": 1
                }
            }
        ],
        [
            {
                "query": {
                    "x1": 2.3591542150648346,
                    "x2": -1.83447777628596
                },
                "metrics": {
                    "outcome": 10.962556508739684
                },
                "metadata": {
                    "trials": 1
                }
            }
        ],
        [
            {
                "query": {
                    "x1": 3.769487817210943,
                    "x2": 3.7504326184056396
                },
                "metrics": {
                    "outcome": 5.6669314632457635
                },
                "metadata": {
                    "trials": 1
                }
            }
        ],
        [
            {
                "query": {
                    "x1": 3.9543535970578327,
                    "x2": 2.8347203641478194
                },
                "metrics": {
                    "outcome": 3.8934340675283323
                },
                "metadata": {
                    "trials": 1
                }
            }
        ],
        [
            {
                "query": {
                    "x1": 3.5386082671406154,
                    "x2": 0.8096530257808707
                },
                "metrics": {
                    "outcome": 4.228982096017301
                },
                "metadata": {
                    "trials": 1
                }
            }
        ],
        [
            {
                "query": {
                    "x1": 0.028010774224710655,
                    "x2": -2.2660813024964623
                },
                "metrics": {
                    "outcome": -0.2298723956875639
                },
                "metadata": {
                    "trials": 1
                }
            }
        ],
        [
            {
                "query": {
                    "x1": -0.22323807147830976,
                    "x2": 3.961360157960156
                },
                "metrics": {
                    "outcome": 28.18734514793992
                },
                "metadata": {
                    "trials": 1
                }
            }
        ],
        [
            {
                "query": {
                    "x1": 0.09296061156940194,
                    "x2": -1.785813943637656
                },
                "metrics": {
                    "outcome": -1.0667422341203068
                },
                "metadata": {
                    "trials": 1
                }
            }
        ],
        [
            {
                "query": {
                    "x1": -1.2406971078658156,
                    "x2": -0.19752289360037878
                },
                "metrics": {
                    "outcome": 2.464226245467449
                },
                "metadata": {
                    "trials": 1
                }
            }
        ],
        [
            {
                "query": {
                    "x1": 2.117655650091283,
                    "x2": -2.7284710651275224
                },
                "metrics": {
                    "outcome": 13.913747379107342
                },
                "metadata": {
                    "trials": 1
                }
            }
        ],
        [
            {
                "query": {
                    "x1": 0.40810608533259973,
                    "x2": -1.8318747001559847
                },
                "metrics": {
                    "outcome": -0.16354284184108003
                },
                "metadata": {
                    "trials": 1
                }
            }
        ],
        [
            {
                "query": {
                    "x1": -1.2930882209749381,
                    "x2": 3.9253331659498265
                },
                "metrics": {
                    "outcome": 40.47249487719449
                },
                "metadata": {
                    "trials": 1
                }
            }
        ],
        [
            {
                "query": {
                    "x1": 1.7400174445228465,
                    "x2": 0.9516744498912963
                },
                "metrics": {
                    "outcome": 1.8255208059853365
                },
                "metadata": {
                    "trials": 1
                }
            }
        ],
        [
            {
                "query": {
                    "x1": -1.3152925889058107,
                    "x2": 0.907824045103498
                },
                "metrics": {
                    "outcome": 9.788460162450749
                },
                "metadata": {
                    "trials": 1
                }
            }
        ],
        [
            {
                "query": {
                    "x1": -1.464287246539707,
                    "x2": 1.1495552426432871
                },
                "metrics": {
                    "outcome": 12.59292988429613
                },
                "metadata": {
                    "trials": 1
                }
            }
        ],
        [
            {
                "query": {
                    "x1": 2.398924225105965,
                    "x2": -0.27986973525068715
                },
                "metrics": {
                    "outcome": 4.7313100705023245
                },
                "metadata": {
                    "trials": 1
                }
            }
        ],
        [
            {
                "query": {
                    "x1": 3.465317031621975,
                    "x2": -0.7683437556211499
                },
                "metrics": {
                    "outcome": 12.235163020234799
                },
                "metadata": {
                    "trials": 1
                }
            }
        ],
        [
            {
                "query": {
                    "x1": 2.8996294727809415,
                    "x2": -0.007879952183699857
                },
                "metrics": {
                    "outcome": 5.331718932446664
                },
                "metadata": {
                    "trials": 1
                }
            }
        ],
        [
            {
                "query": {
                    "x1": -0.4730018103547038,
                    "x2": 0.5956516119270807
                },
                "metrics": {
                    "outcome": 4.4629944121227
                },
                "metadata": {
                    "trials": 1
                }
            }
        ],
        [
            {
                "query": {
                    "x1": 1.6387094622403766,
                    "x2": 0.08600945169396379
                },
                "metrics": {
                    "outcome": 2.156014047020663
                },
                "metadata": {
                    "trials": 1
                }
            }
        ],
        [
            {
                "query": {
                    "x1": 0.501886539047979,
                    "x2": 3.2566961467694435
                },
                "metrics": {
                    "outcome": 15.399303748894905
                },
                "metadata": {
                    "trials": 1
                }
            }
        ],
        [
            {
                "query": {
                    "x1": 0.08006484617579068,
                    "x2": 0.4574993154772429
                },
                "metrics": {
                    "outcome": 2.6781530268058695
                },
                "metadata": {
                    "trials": 1
                }
            }
        ],
        [
            {
                "query": {
                    "x1": 0.703140007839397,
                    "x2": -1.5304102913328468
                },
                "metrics": {
                    "outcome": 0.371924794237112
                },
                "metadata": {
                    "trials": 1
                }
            }
        ],
        [
            {
                "query": {
                    "x1": 3.5097026947554175,
                    "x2": -1.9185647718756096
                },
                "metrics": {
                    "outcome": 21.404914834330874
                },
                "metadata": {
                    "trials": 1
                }
            }
        ],
        [
            {
                "query": {
                    "x1": -0.14989385214873496,
                    "x2": 3.8167643033607206
                },
                "metrics": {
                    "outcome": 25.999675089030152
                },
                "metadata": {
                    "trials": 1
                }
            }
        ],
        [
            {
                "query": {
                    "x1": 2.347867812285529,
                    "x2": 1.033128214975573
                },
                "metrics": {
                    "outcome": 1.5524359694003884
                },
                "metadata": {
                    "trials": 1
                }
            }
        ],
        [
            {
                "query": {
                    "x1": 2.315863989545907,
                    "x2": -2.975877921409391
                },
                "metrics": {
                    "outcome": 17.475913806340643
                },
                "metadata": {
                    "trials": 1
                }
            }
        ],
        [
            {
                "query": {
                    "x1": 1.1925989893701905,
                    "x2": -2.7690604423782816
                },
                "metrics": {
                    "outcome": 6.983211909945226
                },
                "metadata": {
                    "trials": 1
                }
            }
        ],
        [
            {
                "query": {
                    "x1": -0.37132162759034726,
                    "x2": 1.5357118296458099
                },
                "metrics": {
                    "outcome": 9.95158607172132
                },
                "metadata": {
                    "trials": 1
                }
            }
        ],
        [
            {
                "query": {
                    "x1": 3.8324141097633184,
                    "x2": 3.801457177268384
                },
                "metrics": {
                    "outcome": 5.731853472612919
                },
                "metadata": {
                    "trials": 1
                }
            }
        ],
        [
            {
                "query": {
                    "x1": 2.496682500616318,
                    "x2": 0.38850388074196696
                },
                "metrics": {
                    "outcome": 2.9242590010133798
                },
                "metadata": {
                    "trials": 1
                }
            }
        ],
        [
            {
                "query": {
                    "x1": 0.5512569832541168,
                    "x2": -2.192608665418357
                },
                "metrics": {
                    "outcome": 1.222879556250418
                },
                "metadata": {
                    "trials": 1
                }
            }
        ],
        [
            {
                "query": {
                    "x1": 3.47386330783707,
                    "x2": -2.4319957810069
                },
                "metrics": {
                    "outcome": 25.45173526572984
                },
                "metadata": {
                    "trials": 1
                }
            }
        ],
        [
            {
                "query": {
                    "x1": 2.6302889296911243,
                    "x2": 3.6396906622889986
                },
                "metrics": {
                    "outcome": 7.159479787580715
                },
                "metadata": {
                    "trials": 1
                }
            }
        ],
        [
            {
                "query": {
                    "x1": 0.849302277905001,
                    "x2": -2.460359540550982
                },
                "metrics": {
                    "outcome": 3.5298194463167896
                },
                "metadata": {
                    "trials": 1
                }
            }
        ],
        [
            {
                "query": {
                    "x1": 1.2424203744900066,
                    "x2": 3.938208664272895
                },
                "metrics": {
                    "outcome": 15.356801641839343
                },
                "metadata": {
                    "trials": 1
                }
            }
        ],
        [
            {
                "query": {
                    "x1": 3.9333816493479183,
                    "x2": 3.879909627508188
                },
                "metrics": {
                    "outcome": 5.801733113504023
                },
                "metadata": {
                    "trials": 1
                }
            }
        ],
        [
            {
                "query": {
                    "x1": 3.2135405264695676,
                    "x2": -0.7300724879320732
                },
                "metrics": {
                    "outcome": 10.518225832938862
                },
                "metadata": {
                    "trials": 1
                }
            }
        ],
        [
            {
                "query": {
                    "x1": 2.600413365069655,
                    "x2": 1.2409668732619732
                },
                "metrics": {
                    "outcome": 1.4058366910840476
                },
                "metadata": {
                    "trials": 1
                }
            }
        ],
        [
            {
                "query": {
                    "x1": 0.4857246421617114,
                    "x2": -2.256389862452922
                },
                "metrics": {
                    "outcome": 1.1695377207837083
                },
                "metadata": {
                    "trials": 1
                }
            }
        ],
        [
            {
                "query": {
                    "x1": -0.31096104501166266,
                    "x2": 2.9102743949417844
                },
                "metrics": {
                    "outcome": 19.634574947455206
                },
                "metadata": {
                    "trials": 1
                }
            }
        ],
        [
            {
                "query": {
                    "x1": 0.525561038320689,
                    "x2": -2.0745560757748818
                },
                "metrics": {
                    "outcome": 0.7861148987902782
                },
                "metadata": {
                    "trials": 1
                }
            }
        ],
        [
            {
                "query": {
                    "x1": -1.337236317378715,
                    "x2": 3.7806560153603925
                },
                "metrics": {
                    "outcome": 39.29313565613658
                },
                "metadata": {
                    "trials": 1
                }
            }
        ],
        [
            {
                "query": {
                    "x1": 1.0195115565451238,
                    "x2": 3.8322755659459675
                },
                "metrics": {
                    "outcome": 15.972763150639743
                },
                "metadata": {
                    "trials": 1
                }
            }
        ],
        [
            {
                "query": {
                    "x1": -0.9354226309956101,
                    "x2": -0.27919894457602945
                },
                "metrics": {
                    "outcome": 1.1985286019598909
                },
                "metadata": {
                    "trials": 1
                }
            }
        ],
        [
            {
                "query": {
                    "x1": 3.4809072556391074,
                    "x2": -1.4450594543278206
                },
                "metrics": {
                    "outcome": 17.32493699049993
                },
                "metadata": {
                    "trials": 1
                }
            }
        ],
        [
            {
                "query": {
                    "x1": 3.500949575839594,
                    "x2": -2.3188472970520584
                },
                "metrics": {
                    "outcome": 24.74689781414341
                },
                "metadata": {
                    "trials": 1
                }
            }
        ],
        [
            {
                "query": {
                    "x1": 0.21513511041369093,
                    "x2": 3.916090283521209
                },
                "metrics": {
                    "outcome": 23.32876782595902
                },
                "metadata": {
                    "trials": 1
                }
            }
        ],
        [
            {
                "query": {
                    "x1": 0.5468552045206847,
                    "x2": 2.221488487182647
                },
                "metrics": {
                    "outcome": 8.902477656662278
                },
                "metadata": {
                    "trials": 1
                }
            }
        ],
        [
            {
                "query": {
                    "x1": -1.327842763013472,
                    "x2": 3.6227407148590745
                },
                "metrics": {
                    "outcome": 37.30598756715972
                },
                "metadata": {
                    "trials": 1
                }
            }
        ],
        [
            {
                "query": {
                    "x1": 2.8119151972783474,
                    "x2": -1.6820579477450204
                },
                "metrics": {
                    "outcome": 13.67712823718857
                },
                "metadata": {
                    "trials": 1
                }
            }
        ],
        [
            {
                "query": {
                    "x1": 1.8843794399222866,
                    "x2": 1.4612880263871793
                },
                "metrics": {
                    "outcome": 1.80299599215103
                },
                "metadata": {
                    "trials": 1
                }
            }
        ],
        [
            {
                "query": {
                    "x1": -1.3748957346921065,
                    "x2": 3.775223077829856
                },
                "metrics": {
                    "outcome": 39.69934684329916
                },
                "metadata": {
                    "trials": 1
                }
            }
        ],
        [
            {
                "query": {
                    "x1": 3.401176437104727,
                    "x2": 1.0331046871132257
                },
                "metrics": {
                    "outcome": 3.127184252987622
                },
                "metadata": {
                    "trials": 1
                }
            }
        ],
        [
            {
                "query": {
                    "x1": 2.0965616047324165,
                    "x2": -1.0071934420595563
                },
                "metrics": {
                    "outcome": 5.856803900211119
                },
                "metadata": {
                    "trials": 1
                }
            }
        ],
        [
            {
                "query": {
                    "x1": 3.3218801380319496,
                    "x2": -1.9929367363647865
                },
                "metrics": {
                    "outcome": 20.253012222884852
                },
                "metadata": {
                    "trials": 1
                }
            }
        ],
        [
            {
                "query": {
                    "x1": 1.5896657776571015,
                    "x2": 2.5684119823416447
                },
                "metrics": {
                    "outcome": 5.144212236112532
                },
                "metadata": {
                    "trials": 1
                }
            }
        ],
        [
            {
                "query": {
                    "x1": 0.7270779298841483,
                    "x2": -2.4935456524267305
                },
                "metrics": {
                    "outcome": 3.067017878626701
                },
                "metadata": {
                    "trials": 1
                }
            }
        ],
        [
            {
                "query": {
                    "x1": 2.2147305958204546,
                    "x2": 1.9531150186776962
                },
                "metrics": {
                    "outcome": 1.7737704341631435
                },
                "metadata": {
                    "trials": 1
                }
            }
        ],
        [
            {
                "query": {
                    "x1": 2.081441135260402,
                    "x2": 1.118652343716314
                },
                "metrics": {
                    "outcome": 1.542963950776607
                },
                "metadata": {
                    "trials": 1
                }
            }
        ],
        [
            {
                "query": {
                    "x1": 2.844528639930549,
                    "x2": -0.006729604912548481
                },
                "metrics": {
                    "outcome": 5.145198860331257
                },
                "metadata": {
                    "trials": 1
                }
            }
        ],
        [
            {
                "query": {
                    "x1": -0.4880663828812064,
                    "x2": -1.3824771849200395
                },
                "metrics": {
                    "outcome": -1.8795338591725477
                },
                "metadata": {
                    "trials": 1
                }
            }
        ]
    ]
}