{
    "date": "04/11/2022 16:31:47",
    "basic_params": {
        "active_variables": [
            "x1",
            "x2"
        ],
        "default_query": {},
        "metric": "basic",
        "n_trials": 1
    },
    "objective_function": {
        "name": "Gramacy2D",
        "params": {}
    },
    "optimizer": {
        "name": "BBO-LP(LCBa)-FoD",
        "params": {
            "lower_bound": [
                -2.0,
                -2.0
            ],
            "upper_bound": [
                6.0,
                6.0
            ],
            "invert_metric": false,
            "bopt_params": {
                "n_init_samples": 15,
                "n_iterations": 45,
                "n_iter_relearn": 5,
                "verbose_level": 0,
                "n_parallel_samples": 3,
                "fixed_dataset_size": 50,
                "par_type": "PAR_BBO",
                "crit_name": "cLP(cLCBa)",
                "n_crit_params": 3,
                "crit_params": [
                    3,
                    1,
                    5.0
                ]
            }
        }
    },
    "iterations": [
        [
            {
                "query": {
                    "x1": -1.698382293060422,
                    "x2": 2.722572590907415
                },
                "metrics": {
                    "outcome": -5.729898085954293e-05
                },
                "metadata": {
                    "trials": 1
                }
            }
        ],
        [
            {
                "query": {
                    "x1": 3.452777813871702,
                    "x2": 1.990713939939936
                },
                "metrics": {
                    "outcome": 4.3608112162916084e-07
                },
                "metadata": {
                    "trials": 1
                }
            }
        ],
        [
            {
                "query": {
                    "x1": -0.05033000496526552,
                    "x2": -1.175134487822652
                },
                "metrics": {
                    "outcome": -0.012618036335145787
                },
                "metadata": {
                    "trials": 1
                }
            }
        ],
        [
            {
                "query": {
                    "x1": 4.272045627484719,
                    "x2": 0.5084550655136506
                },
                "metrics": {
                    "outcome": 3.9113130232043984e-08
                },
                "metadata": {
                    "trials": 1
                }
            }
        ],
        [
            {
                "query": {
                    "x1": 5.07889064985017,
                    "x2": 5.667441820601622
                },
                "metrics": {
                    "outcome": 3.5776035024791692e-25
                },
                "metadata": {
                    "trials": 1
                }
            }
        ],
        [
            {
                "query": {
                    "x1": 0.630940585459272,
                    "x2": 4.087873638048768
                },
                "metrics": {
                    "outcome": 2.3427846909657465e-08
                },
                "metadata": {
                    "trials": 1
                }
            }
        ],
        [
            {
                "query": {
                    "x1": 4.726996461053689,
                    "x2": 0.7617551993578671
                },
                "metrics": {
                    "outcome": 5.229807165323209e-10
                },
                "metadata": {
                    "trials": 1
                }
            }
        ],
        [
            {
                "query": {
                    "x1": 5.909422045573592,
                    "x2": -1.9445262501637142
                },
                "metrics": {
                    "outcome": 9.189333089845708e-17
                },
                "metadata": {
                    "trials": 1
                }
            }
        ],
        [
            {
                "query": {
                    "x1": -0.4803880312790474,
                    "x2": -0.8872923941661914
                },
                "metrics": {
                    "outcome": -0.17356179836000374
                },
                "metadata": {
                    "trials": 1
                }
            }
        ],
        [
            {
                "query": {
                    "x1": -0.9412892234822114,
                    "x2": 3.6044462449848655
                },
                "metrics": {
                    "outcome": -8.842173227821158e-07
                },
                "metadata": {
                    "trials": 1
                }
            }
        ],
        [
            {
                "query": {
                    "x1": 2.5598112996667624,
                    "x2": 5.275448203831911
                },
                "metrics": {
                    "outcome": 2.991342545209453e-15
                },
                "metadata": {
                    "trials": 1
                }
            }
        ],
        [
            {
                "query": {
                    "x1": 3.040272931754589,
                    "x2": 3.2892194302131736
                },
                "metrics": {
                    "outcome": 5.888428588037843e-09
                },
                "metadata": {
                    "trials": 1
                }
            }
        ],
        [
            {
                "query": {
                    "x1": 1.9044368628412487,
                    "x2": 1.6240254952261846
                },
                "metrics": {
                    "outcome": 0.0036240894121716636
                },
                "metadata": {
                    "trials": 1
                }
            }
        ],
        [
            {
                "query": {
                    "x1": 0.8022837939361733,
                    "x2": -0.24148828561107316
                },
                "metrics": {
                    "outcome": 0.39761592426527387
                },
                "metadata": {
                    "trials": 1
                }
            }
        ],
        [
            {
                "query": {
                    "x1": 1.2378935688485702,
                    "x2": 4.662262741848826
                },
                "metrics": {
                    "outcome": 9.706277697043316e-11
                },
                "metadata": {
                    "trials": 1
                }
            }
        ],
        [
            {
                "query": {
                    "x1": -2.0,
                    "x2": -2.0
                },
                "metrics": {
                    "outcome": -0.0006709252558050237
                },
                "metadata": {
                    "trials": 1
                }
            },
            {
                "query": {
                    "x1": 6.0,
                    "x2": 6.0
                },
                "metrics": {
                    "outcome": 3.228111696012683e-31
                },
                "metadata": {
                    "trials": 1
                }
            },
            {
                "query": {
                    "x1": 6.0,
                    "x2": 4.034924332438365
                },
                "metrics": {
                    "outcome": 1.1829568941553474e-22
                },
                "metadata": {
                    "trials": 1
                }
            }
        ],
        [
            {
                "query": {
                    "x1": 2.9100349696211794,
                    "x2": -2.0
                },
                "metrics": {
                    "outcome": 1.1193935200809423e-05
                },
                "metadata": {
                    "trials": 1
                }
            },
            {
                "query": {
                    "x1": -1.250369560231922,
                    "x2": -2.0
                },
                "metrics": {
                    "outcome": -0.004795943217934591
                },
                "metadata": {
                    "trials": 1
                }
            },
            {
                "query": {
                    "x1": 3.9685351414461527,
                    "x2": 6.0
                },
                "metrics": {
                    "outcome": 1.331089688687284e-22
                },
                "metadata": {
                    "trials": 1
                }
            }
        ],
        [
            {
                "query": {
                    "x1": -0.13742522790170875,
                    "x2": 6.0
                },
                "metrics": {
                    "outcome": -3.127974219401219e-17
                },
                "metadata": {
                    "trials": 1
                }
            },
            {
                "query": {
                    "x1": -0.1676301863294858,
                    "x2": 4.800011110129219
                },
                "metrics": {
                    "outcome": -1.606783715021984e-11
                },
                "metadata": {
                    "trials": 1
                }
            },
            {
                "query": {
                    "x1": -2.0,
                    "x2": 6.0
                },
                "metrics": {
                    "outcome": -8.496708510583178e-18
                },
                "metadata": {
                    "trials": 1
                }
            }
        ],
        [
            {
                "query": {
                    "x1": 5.2865108551548206,
                    "x2": -2.0
                },
                "metrics": {
                    "outcome": 7.0579365457234e-14
                },
                "metadata": {
                    "trials": 1
                }
            },
            {
                "query": {
                    "x1": 1.8377018479543645,
                    "x2": 6.0
                },
                "metrics": {
                    "outcome": 1.4554487818839637e-17
                },
                "metadata": {
                    "trials": 1
                }
            },
            {
                "query": {
                    "x1": 5.396923119132982,
                    "x2": -0.5011324649326439
                },
                "metrics": {
                    "outcome": 9.407641702656303e-13
                },
                "metadata": {
                    "trials": 1
                }
            }
        ],
        [
            {
                "query": {
                    "x1": 2.230435233000647,
                    "x2": -2.0
                },
                "metrics": {
                    "outcome": 0.00028227053852778285
                },
                "metadata": {
                    "trials": 1
                }
            },
            {
                "query": {
                    "x1": 3.770870089929674,
                    "x2": -2.0
                },
                "metrics": {
                    "outcome": 4.6113713088892716e-08
                },
                "metadata": {
                    "trials": 1
                }
            },
            {
                "query": {
                    "x1": -1.4280115424394695,
                    "x2": 6.0
                },
                "metrics": {
                    "outcome": -4.310321789148332e-17
                },
                "metadata": {
                    "trials": 1
                }
            }
        ],
        [
            {
                "query": {
                    "x1": -1.9997999982567056,
                    "x2": 1.2120068007070257
                },
                "metrics": {
                    "outcome": -0.008437127741356465
                },
                "metadata": {
                    "trials": 1
                }
            },
            {
                "query": {
                    "x1": -0.7884690188153758,
                    "x2": 1.2120113913262598
                },
                "metrics": {
                    "outcome": -0.0974596170401023
                },
                "metadata": {
                    "trials": 1
                }
            },
            {
                "query": {
                    "x1": 0.4392976539844664,
                    "x2": 1.2120160571981091
                },
                "metrics": {
                    "outcome": 0.08336360797478655
                },
                "metadata": {
                    "trials": 1
                }
            }
        ],
        [
            {
                "query": {
                    "x1": -1.9998000157046065,
                    "x2": -1.544272907530989
                },
                "metrics": {
                    "outcome": -0.003376445559831857
                },
                "metadata": {
                    "trials": 1
                }
            },
            {
                "query": {
                    "x1": -1.1189929369461837,
                    "x2": -1.544293559992787
                },
                "metrics": {
                    "outcome": -0.02946480805671032
                },
                "metadata": {
                    "trials": 1
                }
            },
            {
                "query": {
                    "x1": -0.23761864679064493,
                    "x2": -1.5443129099006045
                },
                "metrics": {
                    "outcome": -0.020682792599408188
                },
                "metadata": {
                    "trials": 1
                }
            }
        ],
        [
            {
                "query": {
                    "x1": -1.9997999973550924,
                    "x2": -0.7176344890387727
                },
                "metrics": {
                    "outcome": -0.021902552092560847
                },
                "metadata": {
                    "trials": 1
                }
            },
            {
                "query": {
                    "x1": -1.592239232314046,
                    "x2": -0.717711483541881
                },
                "metrics": {
                    "outcome": -0.07538143919145131
                },
                "metadata": {
                    "trials": 1
                }
            },
            {
                "query": {
                    "x1": -1.1841647361243546,
                    "x2": -0.7177903372682486
                },
                "metrics": {
                    "outcome": -0.1740467341898797
                },
                "metadata": {
                    "trials": 1
                }
            }
        ],
        [
            {
                "query": {
                    "x1": -1.9999999996959477,
                    "x2": 2.987062888122332
                },
                "metrics": {
                    "outcome": -4.884725258208906e-06
                },
                "metadata": {
                    "trials": 1
                }
            },
            {
                "query": {
                    "x1": -2.0,
                    "x2": 2.3620859797718676
                },
                "metrics": {
                    "outcome": -0.00013826989868806906
                },
                "metadata": {
                    "trials": 1
                }
            },
            {
                "query": {
                    "x1": -1.164039458505069,
                    "x2": 2.3641996841045954
                },
                "metrics": {
                    "outcome": -0.0011221242261878063
                },
                "metadata": {
                    "trials": 1
                }
            }
        ],
        [
            {
                "query": {
                    "x1": -1.9999999983977552,
                    "x2": 1.4163378621446583
                },
                "metrics": {
                    "outcome": -0.004927784647036138
                },
                "metadata": {
                    "trials": 1
                }
            },
            {
                "query": {
                    "x1": -1.5000484241296796,
                    "x2": 1.4165968646020688
                },
                "metrics": {
                    "outcome": -0.02125008122652862
                },
                "metadata": {
                    "trials": 1
                }
            },
            {
                "query": {
                    "x1": -0.9967907660144426,
                    "x2": 1.4168603922236032
                },
                "metrics": {
                    "outcome": -0.049573463580118236
                },
                "metadata": {
                    "trials": 1
                }
            }
        ],
        [
            {
                "query": {
                    "x1": 4.5234685324932355,
                    "x2": 6.0
                },
                "metrics": {
                    "outcome": 1.3628168097023143e-24
                },
                "metadata": {
                    "trials": 1
                }
            },
            {
                "query": {
                    "x1": 4.502688741991534,
                    "x2": 4.41462391532405
                },
                "metrics": {
                    "outcome": 2.424223038256065e-17
                },
                "metadata": {
                    "trials": 1
                }
            },
            {
                "query": {
                    "x1": 1.532807655561418,
                    "x2": -2.0
                },
                "metrics": {
                    "outcome": 0.002678768282385001
                },
                "metadata": {
                    "trials": 1
                }
            }
        ],
        [
            {
                "query": {
                    "x1": 3.3053364072354015,
                    "x2": 6.0
                },
                "metrics": {
                    "outcome": 1.3798728405188158e-20
                },
                "metadata": {
                    "trials": 1
                }
            },
            {
                "query": {
                    "x1": 5.575012968129816,
                    "x2": 5.999999999999999
                },
                "metrics": {
                    "outcome": 4.106178314642634e-29
                },
                "metadata": {
                    "trials": 1
                }
            },
            {
                "query": {
                    "x1": 4.511166917594914,
                    "x2": -2.0
                },
                "metrics": {
                    "outcome": 1.1993501058487933e-10
                },
                "metadata": {
                    "trials": 1
                }
            }
        ],
        [
            {
                "query": {
                    "x1": 6.0,
                    "x2": 2.716243406546382
                },
                "metrics": {
                    "outcome": 8.69630299730495e-19
                },
                "metadata": {
                    "trials": 1
                }
            },
            {
                "query": {
                    "x1": 5.280544529109166,
                    "x2": 2.7014045317938997
                },
                "metrics": {
                    "outcome": 2.7761599213008054e-15
                },
                "metadata": {
                    "trials": 1
                }
            },
            {
                "query": {
                    "x1": 4.595321240281936,
                    "x2": 2.6906861461995337
                },
                "metrics": {
                    "outcome": 2.2239625592790322e-12
                },
                "metadata": {
                    "trials": 1
                }
            }
        ],
        [
            {
                "query": {
                    "x1": 6.0,
                    "x2": 1.9849564330769316
                },
                "metrics": {
                    "outcome": 2.706493833675587e-17
                },
                "metadata": {
                    "trials": 1
                }
            },
            {
                "query": {
                    "x1": 5.382433206234796,
                    "x2": 2.0401513676563807
                },
                "metrics": {
                    "outcome": 2.195757347694909e-14
                },
                "metadata": {
                    "trials": 1
                }
            },
            {
                "query": {
                    "x1": -2.0,
                    "x2": 0.44152803257404427
                },
                "metrics": {
                    "outcome": -0.030143082358244706
                },
                "metadata": {
                    "trials": 1
                }
            }
        ],
        [
            {
                "query": {
                    "x1": 6.0,
                    "x2": 0.4905072365321175
                },
                "metrics": {
                    "outcome": 1.0941070105204657e-15
                },
                "metadata": {
                    "trials": 1
                }
            },
            {
                "query": {
                    "x1": 4.9375180089548705,
                    "x2": 0.4767373425151238
                },
                "metrics": {
                    "outcome": 1.0164855362796718e-10
                },
                "metadata": {
                    "trials": 1
                }
            },
            {
                "query": {
                    "x1": 6.0,
                    "x2": -1.1020106141045498
                },
                "metrics": {
                    "outcome": 4.1317190842752137e-16
                },
                "metadata": {
                    "trials": 1
                }
            }
        ],
        [
            {
                "query": {
                    "x1": 0.6311133311253188,
                    "x2": 6.0
                },
                "metrics": {
                    "outcome": 9.829349108778433e-17
                },
                "metadata": {
                    "trials": 1
                }
            },
            {
                "query": {
                    "x1": 0.6554729003734421,
                    "x2": 4.752224410903738
                },
                "metrics": {
                    "outcome": 6.63763768377528e-11
                },
                "metadata": {
                    "trials": 1
                }
            },
            {
                "query": {
                    "x1": -0.6837177914622168,
                    "x2": 6.0
                },
                "metrics": {
                    "outcome": -9.937013576033949e-17
                },
                "metadata": {
                    "trials": 1
                }
            }
        ],
        [
            {
                "query": {
                    "x1": -2.0,
                    "x2": 3.859448203311258
                },
                "metrics": {
                    "outcome": -1.2441934522542686e-08
                },
                "metadata": {
                    "trials": 1
                }
            },
            {
                "query": {
                    "x1": -1.116782666618663,
                    "x2": 3.8187672555190924
                },
                "metrics": {
                    "outcome": -1.4893811632407454e-07
                },
                "metadata": {
                    "trials": 1
                }
            },
            {
                "query": {
                    "x1": 6.0,
                    "x2": 5.244256631286209
                },
                "metrics": {
                    "outcome": 1.5830120061175452e-27
                },
                "metadata": {
                    "trials": 1
                }
            }
        ],
        [
            {
                "query": {
                    "x1": 2.7047993775168733,
                    "x2": 0.5881184776353732
                },
                "metrics": {
                    "outcome": 0.0012724701417220466
                },
                "metadata": {
                    "trials": 1
                }
            },
            {
                "query": {
                    "x1": 2.5453290254185603,
                    "x2": 3.796443155995899
                },
                "metrics": {
                    "outcome": 2.150811638795337e-09
                },
                "metadata": {
                    "trials": 1
                }
            },
            {
                "query": {
                    "x1": -0.27077997146155197,
                    "x2": -0.19698400438461472
                },
                "metrics": {
                    "outcome": -0.2420591424882106
                },
                "metadata": {
                    "trials": 1
                }
            }
        ],
        [
            {
                "query": {
                    "x1": 1.590107468257135,
                    "x2": -0.5341861099404419
                },
                "metrics": {
                    "outcome": 0.09536964320030224
                },
                "metadata": {
                    "trials": 1
                }
            },
            {
                "query": {
                    "x1": 3.1091814259055583,
                    "x2": 2.232695765437226
                },
                "metrics": {
                    "outcome": 1.34706819330526e-06
                },
                "metadata": {
                    "trials": 1
                }
            },
            {
                "query": {
                    "x1": 0.36156882813290503,
                    "x2": 3.191927106198534
                },
                "metrics": {
                    "outcome": 1.193024806936122e-05
                },
                "metadata": {
                    "trials": 1
                }
            }
        ],
        [
            {
                "query": {
                    "x1": 3.6912956933181595,
                    "x2": -0.11401356320590827
                },
                "metrics": {
                    "outcome": 4.405373750552159e-06
                },
                "metadata": {
                    "trials": 1
                }
            },
            {
                "query": {
                    "x1": 1.7721094239052348,
                    "x2": 2.510752692392873
                },
                "metrics": {
                    "outcome": 0.00014025052212725153
                },
                "metadata": {
                    "trials": 1
                }
            },
            {
                "query": {
                    "x1": -0.7055189639182973,
                    "x2": -0.10201320560513816
                },
                "metrics": {
                    "outcome": -0.42443970096982203
                },
                "metadata": {
                    "trials": 1
                }
            }
        ],
        [
            {
                "query": {
                    "x1": 3.100017087391036,
                    "x2": -2.0
                },
                "metrics": {
                    "outcome": 3.8068886925042827e-06
                },
                "metadata": {
                    "trials": 1
                }
            },
            {
                "query": {
                    "x1": 3.908684623568509,
                    "x2": 6.0
                },
                "metrics": {
                    "outcome": 2.1006723566853446e-22
                },
                "metadata": {
                    "trials": 1
                }
            },
            {
                "query": {
                    "x1": 0.8917412978796908,
                    "x2": -2.0
                },
                "metrics": {
                    "outcome": 0.007374097511176332
                },
                "metadata": {
                    "trials": 1
                }
            }
        ],
        [
            {
                "query": {
                    "x1": 1.4827531702060064,
                    "x2": 6.0
                },
                "metrics": {
                    "outcome": 3.8163338129014584e-17
                },
                "metadata": {
                    "trials": 1
                }
            },
            {
                "query": {
                    "x1": 2.214517378244202,
                    "x2": -2.0
                },
                "metrics": {
                    "outcome": 0.00030080368156583544
                },
                "metadata": {
                    "trials": 1
                }
            },
            {
                "query": {
                    "x1": 1.3569991737634308,
                    "x2": 4.85983449209157
                },
                "metrics": {
                    "outcome": 1.1903813843165827e-11
                },
                "metadata": {
                    "trials": 1
                }
            }
        ],
        [
            {
                "query": {
                    "x1": -2.0,
                    "x2": 5.285333154599036
                },
                "metrics": {
                    "outcome": -2.703620842480754e-14
                },
                "metadata": {
                    "trials": 1
                }
            },
            {
                "query": {
                    "x1": 6.0,
                    "x2": 3.57189708326481
                },
                "metrics": {
                    "outcome": 4.0052165487830054e-21
                },
                "metadata": {
                    "trials": 1
                }
            },
            {
                "query": {
                    "x1": -0.6923389115528882,
                    "x2": 5.373671709017135
                },
                "metrics": {
                    "outcome": -1.233981233496944e-13
                },
                "metadata": {
                    "trials": 1
                }
            }
        ],
        [
            {
                "query": {
                    "x1": -0.08996646891313409,
                    "x2": 6.0
                },
                "metrics": {
                    "outcome": -2.069970528354038e-17
                },
                "metadata": {
                    "trials": 1
                }
            },
            {
                "query": {
                    "x1": 2.1228807904495044,
                    "x2": 6.0
                },
                "metrics": {
                    "outcome": 5.434039897190068e-18
                },
                "metadata": {
                    "trials": 1
                }
            },
            {
                "query": {
                    "x1": 5.407387062478847,
                    "x2": -2.0
                },
                "metrics": {
                    "outcome": 1.982031743617101e-14
                },
                "metadata": {
                    "trials": 1
                }
            }
        ],
        [
            {
                "query": {
                    "x1": 6.0,
                    "x2": 1.0707129416968506
                },
                "metrics": {
                    "outcome": 4.422454035267535e-16
                },
                "metadata": {
                    "trials": 1
                }
            },
            {
                "query": {
                    "x1": -2.0,
                    "x2": -1.5449622823876152
                },
                "metrics": {
                    "outcome": -0.003366905272009108
                },
                "metadata": {
                    "trials": 1
                }
            },
            {
                "query": {
                    "x1": 5.581218603363685,
                    "x2": 1.0684491542369283
                },
                "metrics": {
                    "outcome": 5.2804628161142756e-14
                },
                "metadata": {
                    "trials": 1
                }
            }
        ],
        [
            {
                "query": {
                    "x1": -2.0,
                    "x2": -0.9759718844480396
                },
                "metrics": {
                    "outcome": -0.01413114660576511
                },
                "metadata": {
                    "trials": 1
                }
            },
            {
                "query": {
                    "x1": -1.1994899312851346,
                    "x2": -0.9751791935741376
                },
                "metrics": {
                    "outcome": -0.10993630287719919
                },
                "metadata": {
                    "trials": 1
                }
            },
            {
                "query": {
                    "x1": -0.41482460586193737,
                    "x2": -0.972230128497034
                },
                "metrics": {
                    "outcome": -0.13571334691292
                },
                "metadata": {
                    "trials": 1
                }
            }
        ],
        [
            {
                "query": {
                    "x1": -2.0,
                    "x2": 1.9957624802263512
                },
                "metrics": {
                    "outcome": -0.0006823821656186445
                },
                "metadata": {
                    "trials": 1
                }
            },
            {
                "query": {
                    "x1": -1.09700779424035,
                    "x2": 1.9426032191874931
                },
                "metrics": {
                    "outcome": -0.007562548204449709
                },
                "metadata": {
                    "trials": 1
                }
            },
            {
                "query": {
                    "x1": 6.0,
                    "x2": -1.5688349894338538
                },
                "metrics": {
                    "outcome": 1.1875326283576172e-16
                },
                "metadata": {
                    "trials": 1
                }
            }
        ],
        [
            {
                "query": {
                    "x1": -2.0,
                    "x2": 1.2841787599771997
                },
                "metrics": {
                    "outcome": -0.007041261693686206
                },
                "metadata": {
                    "trials": 1
                }
            },
            {
                "query": {
                    "x1": -0.9444158169930048,
                    "x2": 1.2954675142679846
                },
                "metrics": {
                    "outcome": -0.0722700095438678
                },
                "metadata": {
                    "trials": 1
                }
            },
            {
                "query": {
                    "x1": 0.038085994976080784,
                    "x2": 1.3268713660990077
                },
                "metrics": {
                    "outcome": 0.0065391583428921814
                },
                "metadata": {
                    "trials": 1
                }
            }
        ],
        [
            {
                "query": {
                    "x1": 6.0,
                    "x2": 4.402988040629569
                },
                "metrics": {
                    "outcome": 5.298893446911529e-24
                },
                "metadata": {
                    "trials": 1
                }
            },
            {
                "query": {
                    "x1": 4.915835362462937,
                    "x2": 4.3962547280504936
                },
                "metrics": {
                    "outcome": 6.354006273264663e-19
                },
                "metadata": {
                    "trials": 1
                }
            },
            {
                "query": {
                    "x1": 3.9002964035955747,
                    "x2": 4.378963554152076
                },
                "metrics": {
                    "outcome": 4.536678342212026e-15
                },
                "metadata": {
                    "trials": 1
                }
            }
        ],
        [
            {
                "query": {
                    "x1": -2.0,
                    "x2": 2.8190039824278887
                },
                "metrics": {
                    "outcome": -1.2960085467020921e-05
                },
                "metadata": {
                    "trials": 1
                }
            },
            {
                "query": {
                    "x1": 6.0,
                    "x2": -0.5117003090202172
                },
                "metrics": {
                    "outcome": 1.0711133889396214e-15
                },
                "metadata": {
                    "trials": 1
                }
            },
            {
                "query": {
                    "x1": 1.8167983108400163,
                    "x2": -1.4493487204286661
                },
                "metrics": {
                    "outcome": 0.008194500392067714
                },
                "metadata": {
                    "trials": 1
                }
            }
        ],
        [
            {
                "query": {
                    "x1": 4.339596243762982,
                    "x2": -2.0
                },
                "metrics": {
                    "outcome": 5.267398953231847e-10
                },
                "metadata": {
                    "trials": 1
                }
            },
            {
                "query": {
                    "x1": 4.357086952879821,
                    "x2": -0.7193539935039537
                },
                "metrics": {
                    "outcome": 1.478174033645371e-08
                },
                "metadata": {
                    "trials": 1
                }
            },
            {
                "query": {
                    "x1": 4.373342545962835,
                    "x2": 0.5543996925494037
                },
                "metrics": {
                    "outcome": 1.5883953644866604e-08
                },
                "metadata": {
                    "trials": 1
                }
            }
        ],
        [
            {
                "query": {
                    "x1": -1.6150512436706461,
                    "x2": 6.0
                },
                "metrics": {
                    "outcome": -2.7591502371025546e-17
                },
                "metadata": {
                    "trials": 1
                }
            },
            {
                "query": {
                    "x1": -1.6206242162256375,
                    "x2": 5.131069963119104
                },
                "metrics": {
                    "outcome": -4.3150796618191e-13
                },
                "metadata": {
                    "trials": 1
                }
            },
            {
                "query": {
                    "x1": -1.6258634738502549,
                    "x2": 4.260484735234924
                },
                "metrics": {
                    "outcome": -1.513072974579883e-09
                },
                "metadata": {
                    "trials": 1
                }
            }
        ],
        [
            {
                "query": {
                    "x1": 4.761686755081156,
                    "x2": -2.0
                },
                "metrics": {
                    "outcome": 1.2403297047515727e-11
                },
                "metadata": {
                    "trials": 1
                }
            },
            {
                "query": {
                    "x1": 4.740625539948839,
                    "x2": -1.071713703267641
                },
                "metrics": {
                    "outcome": 2.6114856020890386e-10
                },
                "metadata": {
                    "trials": 1
                }
            },
            {
                "query": {
                    "x1": 5.292759675793525,
                    "x2": 5.999999999999999
                },
                "metrics": {
                    "outcome": 8.37639311372118e-28
                },
                "metadata": {
                    "trials": 1
                }
            }
        ],
        [
            {
                "query": {
                    "x1": 0.7918687589378459,
                    "x2": 6.0
                },
                "metrics": {
                    "outcome": 9.811261319711187e-17
                },
                "metadata": {
                    "trials": 1
                }
            },
            {
                "query": {
                    "x1": 0.782249553106467,
                    "x2": 5.1768120794518016
                },
                "metrics": {
                    "outcome": 9.744734344629758e-13
                },
                "metadata": {
                    "trials": 1
                }
            },
            {
                "query": {
                    "x1": 0.7683937314293492,
                    "x2": 4.38166524044501
                },
                "metrics": {
                    "outcome": 1.9550067088123695e-09
                },
                "metadata": {
                    "trials": 1
                }
            }
        ],
        [
            {
                "query": {
                    "x1": 2.757754552927934,
                    "x2": -2.0
                },
                "metrics": {
                    "outcome": 2.5146460840430035e-05
                },
                "metadata": {
                    "trials": 1
                }
            },
            {
                "query": {
                    "x1": 2.776867656341503,
                    "x2": -1.134985398980059
                },
                "metrics": {
                    "outcome": 0.0003429718148562322
                },
                "metadata": {
                    "trials": 1
                }
            },
            {
                "query": {
                    "x1": 2.7940488482465833,
                    "x2": -0.2738424521921887
                },
                "metrics": {
                    "outcome": 0.0010550080190768784
                },
                "metadata": {
                    "trials": 1
                }
            }
        ],
        [
            {
                "query": {
                    "x1": 2.51896738723302,
                    "x2": 6.0
                },
                "metrics": {
                    "outcome": 1.025503823064825e-18
                },
                "metadata": {
                    "trials": 1
                }
            },
            {
                "query": {
                    "x1": 1.4048907680719553,
                    "x2": -2.0
                },
                "metrics": {
                    "outcome": 0.0035751129261709373
                },
                "metadata": {
                    "trials": 1
                }
            },
            {
                "query": {
                    "x1": -0.7231888951199434,
                    "x2": -2.0
                },
                "metrics": {
                    "outcome": -0.007851214833934484
                },
                "metadata": {
                    "trials": 1
                }
            }
        ],
        [
            {
                "query": {
                    "x1": -2.0,
                    "x2": 0.5450334821599228
                },
                "metrics": {
                    "outcome": -0.02721697781259955
                },
                "metadata": {
                    "trials": 1
                }
            },
            {
                "query": {
                    "x1": 6.0,
                    "x2": 2.080044602888778
                },
                "metrics": {
                    "outcome": 1.8388134511840936e-17
                },
                "metadata": {
                    "trials": 1
                }
            },
            {
                "query": {
                    "x1": -1.0782881484581037,
                    "x2": 0.5624669237898234
                },
                "metrics": {
                    "outcome": -0.24568633058735131
                },
                "metadata": {
                    "trials": 1
                }
            }
        ],
        [
            {
                "query": {
                    "x1": 3.0744634094580894,
                    "x2": 2.8236573028197887
                },
                "metrics": {
                    "outcome": 8.318195207531085e-08
                },
                "metadata": {
                    "trials": 1
                }
            },
            {
                "query": {
                    "x1": 0.05764034869303458,
                    "x2": 0.011502084816068514
                },
                "metrics": {
                    "outcome": 0.057441561706725514
                },
                "metadata": {
                    "trials": 1
                }
            },
            {
                "query": {
                    "x1": -0.738913401322641,
                    "x2": -0.09248239132982872
                },
                "metrics": {
                    "outcome": -0.42438230984277864
                },
                "metadata": {
                    "trials": 1
                }
            }
        ],
        [
            {
                "query": {
                    "x1": -2.0,
                    "x2": 3.505480150404864
                },
                "metrics": {
                    "outcome": -1.6868312124066622e-07
                },
                "metadata": {
                    "trials": 1
                }
            },
            {
                "query": {
                    "x1": -1.2404527557608511,
                    "x2": 3.503180357277367
                },
                "metrics": {
                    "outcome": -1.2460659416830756e-06
                },
                "metadata": {
                    "trials": 1
                }
            },
            {
                "query": {
                    "x1": -0.5163409590070174,
                    "x2": 3.499212926586848
                },
                "metrics": {
                    "outcome": -1.9029846231823057e-06
                },
                "metadata": {
                    "trials": 1
                }
            }
        ],
        [
            {
                "query": {
                    "x1": 3.5222966081677747,
                    "x2": -2.0
                },
                "metrics": {
                    "outcome": 2.6396213462231114e-07
                },
                "metadata": {
                    "trials": 1
                }
            },
            {
                "query": {
                    "x1": 1.468914019796724,
                    "x2": 3.192352174881222
                },
                "metrics": {
                    "outcome": 6.367539413654438e-06
                },
                "metadata": {
                    "trials": 1
                }
            },
            {
                "query": {
                    "x1": 3.5691229488032485,
                    "x2": -0.25580362621904995
                },
                "metrics": {
                    "outcome": 9.81347392914141e-06
                },
                "metadata": {
                    "trials": 1
                }
            }
        ],
        [
            {
                "query": {
                    "x1": 0.03601091426973646,
                    "x2": 6.0
                },
                "metrics": {
                    "outcome": 8.341988987373075e-18
                },
                "metadata": {
                    "trials": 1
                }
            },
            {
                "query": {
                    "x1": 4.41182199987798,
                    "x2": 6.0
                },
                "metrics": {
                    "outcome": 3.604404714218708e-24
                },
                "metadata": {
                    "trials": 1
                }
            },
            {
                "query": {
                    "x1": 0.7116317751901597,
                    "x2": -2.0
                },
                "metrics": {
                    "outcome": 0.007854925792508032
                },
                "metadata": {
                    "trials": 1
                }
            }
        ],
        [
            {
                "query": {
                    "x1": -2.0,
                    "x2": 5.578206760960049
                },
                "metrics": {
                    "outcome": -1.122471451613952e-15
                },
                "metadata": {
                    "trials": 1
                }
            },
            {
                "query": {
                    "x1": 5.999999999999981,
                    "x2": 5.568888811465975
                },
                "metrics": {
                    "outcome": 4.7313216003509137e-29
                },
                "metadata": {
                    "trials": 1
                }
            },
            {
                "query": {
                    "x1": -1.401501838250589,
                    "x2": 5.583375363205998
                },
                "metrics": {
                    "outcome": -5.6861474732069736e-15
                },
                "metadata": {
                    "trials": 1
                }
            }
        ],
        [
            {
                "query": {
                    "x1": 6.0,
                    "x2": 0.9235495604465709
                },
                "metrics": {
                    "outcome": 5.930907083755106e-16
                },
                "metadata": {
                    "trials": 1
                }
            },
            {
                "query": {
                    "x1": 5.841591023376807,
                    "x2": 0.9231023162046799
                },
                "metrics": {
                    "outcome": 3.771512141482179e-15
                },
                "metadata": {
                    "trials": 1
                }
            },
            {
                "query": {
                    "x1": 5.683486999994582,
                    "x2": 0.9226587807057696
                },
                "metrics": {
                    "outcome": 2.2714821547039758e-14
                },
                "metadata": {
                    "trials": 1
                }
            }
        ],
        [
            {
                "query": {
                    "x1": 6.0,
                    "x2": 3.889437473906474
                },
                "metrics": {
                    "outcome": 3.746820642362979e-22
                },
                "metadata": {
                    "trials": 1
                }
            },
            {
                "query": {
                    "x1": 5.675430177657898,
                    "x2": 3.889244435641567
                },
                "metrics": {
                    "outcome": 1.570066917348947e-20
                },
                "metadata": {
                    "trials": 1
                }
            },
            {
                "query": {
                    "x1": 5.350617392858399,
                    "x2": 3.8890535730606572
                },
                "metrics": {
                    "outcome": 5.325382514775685e-19
                },
                "metadata": {
                    "trials": 1
                }
            }
        ],
        [
            {
                "query": {
                    "x1": -1.9997999767807757,
                    "x2": 4.772783974539202
                },
                "metrics": {
                    "outcome": -4.6898540619863045e-12
                },
                "metadata": {
                    "trials": 1
                }
            },
            {
                "query": {
                    "x1": -1.6584263397681955,
                    "x2": 4.773387575692246
                },
                "metrics": {
                    "outcome": -1.3481028602151627e-11
                },
                "metadata": {
                    "trials": 1
                }
            },
            {
                "query": {
                    "x1": 6.0,
                    "x2": 4.790164401391842
                },
                "metrics": {
                    "outcome": 1.5078907224143076e-25
                },
                "metadata": {
                    "trials": 1
                }
            }
        ]
    ],
    "best_results": [
        {
            "query": {
                "x1": -0.7055189639182973,
                "x2": -0.10201320560513816
            },
            "metrics": [
                {
                    "name": "outcome",
                    "value": -0.42443970096982203
                }
            ]
        }
    ]
}