{
    "date": "04/11/2022 16:31:57",
    "basic_params": {
        "active_variables": [
            "x1",
            "x2"
        ],
        "default_query": {},
        "metric": "basic",
        "n_trials": 1
    },
    "objective_function": {
        "name": "Gramacy2D",
        "params": {}
    },
    "optimizer": {
        "name": "BBO-LP(LCBa)-FoD",
        "params": {
            "lower_bound": [
                -2.0,
                -2.0
            ],
            "upper_bound": [
                6.0,
                6.0
            ],
            "invert_metric": false,
            "bopt_params": {
                "n_init_samples": 15,
                "n_iterations": 45,
                "n_iter_relearn": 5,
                "verbose_level": 0,
                "n_parallel_samples": 3,
                "fixed_dataset_size": 50,
                "par_type": "PAR_BBO",
                "crit_name": "cLP(cLCBa)",
                "n_crit_params": 3,
                "crit_params": [
                    3,
                    1,
                    5.0
                ]
            }
        }
    },
    "iterations": [
        [
            {
                "query": {
                    "x1": -0.47867822100718826,
                    "x2": -0.47578342730800305
                },
                "metrics": {
                    "outcome": -0.3035437920711024
                },
                "metadata": {
                    "trials": 1
                }
            }
        ],
        [
            {
                "query": {
                    "x1": 3.6419277136524517,
                    "x2": 5.212579889098803
                },
                "metrics": {
                    "outcome": 1.00183482355148e-17
                },
                "metadata": {
                    "trials": 1
                }
            }
        ],
        [
            {
                "query": {
                    "x1": 1.4727205449094374,
                    "x2": 3.3671764819572365
                },
                "metrics": {
                    "outcome": 2.005390279790572e-06
                },
                "metadata": {
                    "trials": 1
                }
            }
        ],
        [
            {
                "query": {
                    "x1": 2.3586725300798816,
                    "x2": -1.0254140965640546
                },
                "metrics": {
                    "outcome": 0.003161492034319385
                },
                "metadata": {
                    "trials": 1
                }
            }
        ],
        [
            {
                "query": {
                    "x1": 5.150904947022597,
                    "x2": 4.795531201735139
                },
                "metrics": {
                    "outcome": 1.591247166011542e-21
                },
                "metadata": {
                    "trials": 1
                }
            }
        ],
        [
            {
                "query": {
                    "x1": 5.468313070138295,
                    "x2": 5.653419400130709
                },
                "metrics": {
                    "outcome": 7.427348538856454e-27
                },
                "metadata": {
                    "trials": 1
                }
            }
        ],
        [
            {
                "query": {
                    "x1": 4.338744367286563,
                    "x2": -0.28081187245746464
                },
                "metrics": {
                    "outcome": 2.6770293855877872e-08
                },
                "metadata": {
                    "trials": 1
                }
            }
        ],
        [
            {
                "query": {
                    "x1": -0.06841259437302738,
                    "x2": 3.236790296807885
                },
                "metrics": {
                    "outcome": -1.919031259455186e-06
                },
                "metadata": {
                    "trials": 1
                }
            }
        ],
        [
            {
                "query": {
                    "x1": 0.616394527380665,
                    "x2": 1.9917883738875388
                },
                "metrics": {
                    "outcome": 0.007978289860587766
                },
                "metadata": {
                    "trials": 1
                }
            }
        ],
        [
            {
                "query": {
                    "x1": -1.9489096919695537,
                    "x2": 0.5994029651085535
                },
                "metrics": {
                    "outcome": -0.030492857041598712
                },
                "metadata": {
                    "trials": 1
                }
            }
        ],
        [
            {
                "query": {
                    "x1": 1.1004787204166253,
                    "x2": 1.572131249929468
                },
                "metrics": {
                    "outcome": 0.027683885233967184
                },
                "metadata": {
                    "trials": 1
                }
            }
        ],
        [
            {
                "query": {
                    "x1": -1.0703761027505,
                    "x2": 0.7502797273298105
                },
                "metrics": {
                    "outcome": -0.1938608615054401
                },
                "metadata": {
                    "trials": 1
                }
            }
        ],
        [
            {
                "query": {
                    "x1": 4.723386597136656,
                    "x2": 4.14931239746511
                },
                "metrics": {
                    "outcome": 3.2197325749258626e-17
                },
                "metadata": {
                    "trials": 1
                }
            }
        ],
        [
            {
                "query": {
                    "x1": 3.014246930678685,
                    "x2": 2.668517032514016
                },
                "metrics": {
                    "outcome": 2.7587507867698737e-07
                },
                "metadata": {
                    "trials": 1
                }
            }
        ],
        [
            {
                "query": {
                    "x1": 2.194248549888531,
                    "x2": -1.8127571320782105
                },
                "metrics": {
                    "outcome": 0.0006654976329283822
                },
                "metadata": {
                    "trials": 1
                }
            }
        ],
        [
            {
                "query": {
                    "x1": -1.2579799154857636,
                    "x2": -2.0
                },
                "metrics": {
                    "outcome": -0.004733898186213417
                },
                "metadata": {
                    "trials": 1
                }
            },
            {
                "query": {
                    "x1": 6.0,
                    "x2": -1.9999999999999993
                },
                "metrics": {
                    "outcome": 2.5490125531749533e-17
                },
                "metadata": {
                    "trials": 1
                }
            },
            {
                "query": {
                    "x1": -0.05840736103933142,
                    "x2": -2.0
                },
                "metrics": {
                    "outcome": -0.001066124922817318
                },
                "metadata": {
                    "trials": 1
                }
            }
        ],
        [
            {
                "query": {
                    "x1": -0.43342790818718835,
                    "x2": 0.33157516867137504
                },
                "metrics": {
                    "outcome": -0.3217978767699649
                },
                "metadata": {
                    "trials": 1
                }
            },
            {
                "query": {
                    "x1": 6.0,
                    "x2": 2.1667745101629556
                },
                "metrics": {
                    "outcome": 1.272259269326799e-17
                },
                "metadata": {
                    "trials": 1
                }
            },
            {
                "query": {
                    "x1": -0.633272323385976,
                    "x2": -0.36709244862264123
                },
                "metrics": {
                    "outcome": -0.3705950062344898
                },
                "metadata": {
                    "trials": 1
                }
            }
        ],
        [
            {
                "query": {
                    "x1": -0.7533552979272973,
                    "x2": -0.16611440990679482
                },
                "metrics": {
                    "outcome": -0.4154651590121857
                },
                "metadata": {
                    "trials": 1
                }
            },
            {
                "query": {
                    "x1": -0.7085274160603376,
                    "x2": 0.10015410929900881
                },
                "metrics": {
                    "outcome": -0.42459968584525576
                },
                "metadata": {
                    "trials": 1
                }
            },
            {
                "query": {
                    "x1": -0.7894550688153008,
                    "x2": -0.43146292347253556
                },
                "metrics": {
                    "outcome": -0.35140639039946114
                },
                "metadata": {
                    "trials": 1
                }
            }
        ],
        [
            {
                "query": {
                    "x1": -0.7078996330521947,
                    "x2": 0.18545956148436904
                },
                "metrics": {
                    "outcome": -0.41438072755461847
                },
                "metadata": {
                    "trials": 1
                }
            },
            {
                "query": {
                    "x1": -0.7129865700841682,
                    "x2": 0.03914765038983958
                },
                "metrics": {
                    "outcome": -0.4281956412216484
                },
                "metadata": {
                    "trials": 1
                }
            },
            {
                "query": {
                    "x1": -0.7012706074947141,
                    "x2": 0.3324132725936626
                },
                "metrics": {
                    "outcome": -0.3839893410324272
                },
                "metadata": {
                    "trials": 1
                }
            }
        ],
        [
            {
                "query": {
                    "x1": 0.8229536769222192,
                    "x2": 6.0
                },
                "metrics": {
                    "outcome": 9.697212383034951e-17
                },
                "metadata": {
                    "trials": 1
                }
            },
            {
                "query": {
                    "x1": -0.7220135848121358,
                    "x2": 0.05979987149815269
                },
                "metrics": {
                    "outcome": -0.4271624188675319
                },
                "metadata": {
                    "trials": 1
                }
            },
            {
                "query": {
                    "x1": -0.7165125667253873,
                    "x2": 0.1637608455949371
                },
                "metrics": {
                    "outcome": -0.4174596585244521
                },
                "metadata": {
                    "trials": 1
                }
            }
        ],
        [
            {
                "query": {
                    "x1": -2.0,
                    "x2": 6.0
                },
                "metrics": {
                    "outcome": -8.496708510583178e-18
                },
                "metadata": {
                    "trials": 1
                }
            },
            {
                "query": {
                    "x1": 2.409775369087659,
                    "x2": 6.0
                },
                "metrics": {
                    "outcome": 1.6804269192643831e-18
                },
                "metadata": {
                    "trials": 1
                }
            },
            {
                "query": {
                    "x1": 3.4108304250365125,
                    "x2": -2.0
                },
                "metrics": {
                    "outcome": 5.536083219657228e-07
                },
                "metadata": {
                    "trials": 1
                }
            }
        ],
        [
            {
                "query": {
                    "x1": -0.8329692141965037,
                    "x2": 6.0
                },
                "metrics": {
                    "outcome": -9.653787002438584e-17
                },
                "metadata": {
                    "trials": 1
                }
            },
            {
                "query": {
                    "x1": 5.072915329950439,
                    "x2": -2.0
                },
                "metrics": {
                    "outcome": 6.19072331586582e-13
                },
                "metadata": {
                    "trials": 1
                }
            },
            {
                "query": {
                    "x1": 1.0337014960032809,
                    "x2": -2.0
                },
                "metrics": {
                    "outcome": 0.00650364339363563
                },
                "metadata": {
                    "trials": 1
                }
            }
        ],
        [
            {
                "query": {
                    "x1": 5.207138169580254,
                    "x2": 1.0618322515531933
                },
                "metrics": {
                    "outcome": 2.8271690564322366e-12
                },
                "metadata": {
                    "trials": 1
                }
            },
            {
                "query": {
                    "x1": -2.0,
                    "x2": 3.3797344963289095
                },
                "metrics": {
                    "outcome": -4.0093838086898374e-07
                },
                "metadata": {
                    "trials": 1
                }
            },
            {
                "query": {
                    "x1": 4.45000217255255,
                    "x2": 6.0
                },
                "metrics": {
                    "outcome": 2.5919940436860883e-24
                },
                "metadata": {
                    "trials": 1
                }
            }
        ],
        [
            {
                "query": {
                    "x1": 0.005510747112785097,
                    "x2": 6.0
                },
                "metrics": {
                    "outcome": 1.2781915568432027e-18
                },
                "metadata": {
                    "trials": 1
                }
            },
            {
                "query": {
                    "x1": 3.7940929146436133,
                    "x2": 1.8677108994290226
                },
                "metrics": {
                    "outcome": 6.492457095792717e-08
                },
                "metadata": {
                    "trials": 1
                }
            },
            {
                "query": {
                    "x1": -2.0,
                    "x2": -1.999999999999999
                },
                "metrics": {
                    "outcome": -0.0006709252558050266
                },
                "metadata": {
                    "trials": 1
                }
            }
        ],
        [
            {
                "query": {
                    "x1": 2.1560384141657387,
                    "x2": 2.1270349290727264
                },
                "metrics": {
                    "outcome": 0.0002238561807276815
                },
                "metadata": {
                    "trials": 1
                }
            },
            {
                "query": {
                    "x1": 1.6428265001004045,
                    "x2": 6.0
                },
                "metrics": {
                    "outcome": 2.5637881362938792e-17
                },
                "metadata": {
                    "trials": 1
                }
            },
            {
                "query": {
                    "x1": -1.3415415214519517,
                    "x2": 4.110443530565701
                },
                "metrics": {
                    "outcome": -1.019202454525066e-08
                },
                "metadata": {
                    "trials": 1
                }
            }
        ],
        [
            {
                "query": {
                    "x1": -2.0,
                    "x2": 4.546969017342065
                },
                "metrics": {
                    "outcome": -3.84454768491976e-11
                },
                "metadata": {
                    "trials": 1
                }
            },
            {
                "query": {
                    "x1": -2.0,
                    "x2": 1.1506300786706531
                },
                "metrics": {
                    "outcome": -0.009746935048600094
                },
                "metadata": {
                    "trials": 1
                }
            },
            {
                "query": {
                    "x1": -1.2893125518617015,
                    "x2": 4.528155139592965
                },
                "metrics": {
                    "outcome": -3.044827581646042e-10
                },
                "metadata": {
                    "trials": 1
                }
            }
        ],
        [
            {
                "query": {
                    "x1": -2.0,
                    "x2": -1.3810376059648408
                },
                "metrics": {
                    "outcome": -0.005439230455378301
                },
                "metadata": {
                    "trials": 1
                }
            },
            {
                "query": {
                    "x1": 5.999999999999998,
                    "x2": -1.39578972770558
                },
                "metrics": {
                    "outcome": 1.9835575861890343e-16
                },
                "metadata": {
                    "trials": 1
                }
            },
            {
                "query": {
                    "x1": -1.2980865221957676,
                    "x2": -1.3856213915821143
                },
                "metrics": {
                    "outcome": -0.03529252881408338
                },
                "metadata": {
                    "trials": 1
                }
            }
        ],
        [
            {
                "query": {
                    "x1": 6.0,
                    "x2": 3.762327806298013
                },
                "metrics": {
                    "outcome": 9.909768551798178e-22
                },
                "metadata": {
                    "trials": 1
                }
            },
            {
                "query": {
                    "x1": -2.0,
                    "x2": 5.471527005094453
                },
                "metrics": {
                    "outcome": -3.648498846232187e-15
                },
                "metadata": {
                    "trials": 1
                }
            },
            {
                "query": {
                    "x1": 5.312197764980185,
                    "x2": 3.7647327243114335
                },
                "metrics": {
                    "outcome": 2.0624193500689396e-18
                },
                "metadata": {
                    "trials": 1
                }
            }
        ],
        [
            {
                "query": {
                    "x1": 6.0,
                    "x2": -0.9084257149135209
                },
                "metrics": {
                    "outcome": 6.097529429707837e-16
                },
                "metadata": {
                    "trials": 1
                }
            },
            {
                "query": {
                    "x1": 5.216824247959192,
                    "x2": -0.915268172779852
                },
                "metrics": {
                    "outcome": 3.421020467468634e-12
                },
                "metadata": {
                    "trials": 1
                }
            },
            {
                "query": {
                    "x1": 4.439903643090535,
                    "x2": -0.9214993620036913
                },
                "metrics": {
                    "outcome": 5.217368088018819e-09
                },
                "metadata": {
                    "trials": 1
                }
            }
        ],
        [
            {
                "query": {
                    "x1": 6.0,
                    "x2": 5.019427187655285
                },
                "metrics": {
                    "outcome": 1.5909361155440045e-26
                },
                "metadata": {
                    "trials": 1
                }
            },
            {
                "query": {
                    "x1": 5.165481338138644,
                    "x2": 5.01756232304127
                },
                "metrics": {
                    "outcome": 1.553858536764863e-22
                },
                "metadata": {
                    "trials": 1
                }
            },
            {
                "query": {
                    "x1": 4.343748128108852,
                    "x2": 5.016365954302627
                },
                "metrics": {
                    "outcome": 3.2732362629101306e-19
                },
                "metadata": {
                    "trials": 1
                }
            }
        ],
        [
            {
                "query": {
                    "x1": 6.0,
                    "x2": 3.148756310450831
                },
                "metrics": {
                    "outcome": 6.881213563989069e-20
                },
                "metadata": {
                    "trials": 1
                }
            },
            {
                "query": {
                    "x1": 4.991082841611045,
                    "x2": 3.160473239417536
                },
                "metrics": {
                    "outcome": 3.4796449216112955e-15
                },
                "metadata": {
                    "trials": 1
                }
            },
            {
                "query": {
                    "x1": 6.0,
                    "x2": 5.546623859300494
                },
                "metrics": {
                    "outcome": 6.05988564531959e-29
                },
                "metadata": {
                    "trials": 1
                }
            }
        ],
        [
            {
                "query": {
                    "x1": -2.0,
                    "x2": 0.7276806559017643
                },
                "metrics": {
                    "outcome": -0.021571722695738902
                },
                "metadata": {
                    "trials": 1
                }
            },
            {
                "query": {
                    "x1": -2.0,
                    "x2": 2.7779026499712467
                },
                "metrics": {
                    "outcome": -1.631222139668996e-05
                },
                "metadata": {
                    "trials": 1
                }
            },
            {
                "query": {
                    "x1": 5.999999999999999,
                    "x2": -0.37419177885291965
                },
                "metrics": {
                    "outcome": 1.209874187315761e-15
                },
                "metadata": {
                    "trials": 1
                }
            }
        ],
        [
            {
                "query": {
                    "x1": 6.0,
                    "x2": 2.6510555899706247
                },
                "metrics": {
                    "outcome": 1.2339191466785322e-18
                },
                "metadata": {
                    "trials": 1
                }
            },
            {
                "query": {
                    "x1": 6.0,
                    "x2": 4.270501752824448
                },
                "metrics": {
                    "outcome": 1.6720181790056248e-23
                },
                "metadata": {
                    "trials": 1
                }
            },
            {
                "query": {
                    "x1": -2.0,
                    "x2": 1.627563711512281
                },
                "metrics": {
                    "outcome": -0.002590727759616231
                },
                "metadata": {
                    "trials": 1
                }
            }
        ],
        [
            {
                "query": {
                    "x1": 2.7070841385052153,
                    "x2": 0.3498816525511277
                },
                "metrics": {
                    "outcome": 0.0015728758057678206
                },
                "metadata": {
                    "trials": 1
                }
            },
            {
                "query": {
                    "x1": 3.9902120780708517,
                    "x2": 0.34739291050034415
                },
                "metrics": {
                    "outcome": 4.303659772514019e-07
                },
                "metadata": {
                    "trials": 1
                }
            },
            {
                "query": {
                    "x1": 1.4713573919092964,
                    "x2": 0.3215691862835244
                },
                "metrics": {
                    "outcome": 0.15226787926154398
                },
                "metadata": {
                    "trials": 1
                }
            }
        ],
        [
            {
                "query": {
                    "x1": 0.39910965106881946,
                    "x2": -2.0
                },
                "metrics": {
                    "outcome": 0.0062335605117759835
                },
                "metadata": {
                    "trials": 1
                }
            },
            {
                "query": {
                    "x1": 0.40233233392660184,
                    "x2": -1.2002011739808685
                },
                "metrics": {
                    "outcome": 0.08103849457534293
                },
                "metadata": {
                    "trials": 1
                }
            },
            {
                "query": {
                    "x1": 0.40467119798771867,
                    "x2": -0.41534542719838585
                },
                "metrics": {
                    "outcome": 0.2891091441330719
                },
                "metadata": {
                    "trials": 1
                }
            }
        ],
        [
            {
                "query": {
                    "x1": 3.2826897970189917,
                    "x2": 6.0
                },
                "metrics": {
                    "outcome": 1.590920377963118e-20
                },
                "metadata": {
                    "trials": 1
                }
            },
            {
                "query": {
                    "x1": 2.106300941073382,
                    "x2": -2.0
                },
                "metrics": {
                    "outcome": 0.00045666048980884356
                },
                "metadata": {
                    "trials": 1
                }
            },
            {
                "query": {
                    "x1": 3.1624246283014426,
                    "x2": 4.47042027614805
                },
                "metrics": {
                    "outcome": 3.0022387328839743e-13
                },
                "metadata": {
                    "trials": 1
                }
            }
        ],
        [
            {
                "query": {
                    "x1": -2.0,
                    "x2": -1.7057809276895928
                },
                "metrics": {
                    "outcome": -0.00199613714664446
                },
                "metadata": {
                    "trials": 1
                }
            },
            {
                "query": {
                    "x1": -1.618515473273085,
                    "x2": -1.705856844014535
                },
                "metrics": {
                    "outcome": -0.006421968714743701
                },
                "metadata": {
                    "trials": 1
                }
            },
            {
                "query": {
                    "x1": -1.2364534271194498,
                    "x2": -1.705930154894252
                },
                "metrics": {
                    "outcome": -0.01459950538428578
                },
                "metadata": {
                    "trials": 1
                }
            }
        ],
        [
            {
                "query": {
                    "x1": 0.9598826967583327,
                    "x2": 4.090829349369742
                },
                "metrics": {
                    "outcome": 2.0615888952885577e-08
                },
                "metadata": {
                    "trials": 1
                }
            },
            {
                "query": {
                    "x1": -1.2266695704106099,
                    "x2": 1.0214296652057215
                },
                "metrics": {
                    "outcome": -0.09596862486641973
                },
                "metadata": {
                    "trials": 1
                }
            },
            {
                "query": {
                    "x1": 2.929019193326247,
                    "x2": 2.5463324984778897
                },
                "metrics": {
                    "outcome": 8.413189424153501e-07
                },
                "metadata": {
                    "trials": 1
                }
            }
        ],
        [
            {
                "query": {
                    "x1": 3.40046297574498,
                    "x2": -2.0
                },
                "metrics": {
                    "outcome": 5.923093086242662e-07
                },
                "metadata": {
                    "trials": 1
                }
            },
            {
                "query": {
                    "x1": 2.0610606889520815,
                    "x2": 4.432929492286015
                },
                "metrics": {
                    "outcome": 8.609116704159942e-11
                },
                "metadata": {
                    "trials": 1
                }
            },
            {
                "query": {
                    "x1": -0.2805452242309292,
                    "x2": 3.9868307893012656
                },
                "metrics": {
                    "outcome": -3.2418204483233545e-08
                },
                "metadata": {
                    "trials": 1
                }
            }
        ],
        [
            {
                "query": {
                    "x1": 1.2409916923217401,
                    "x2": -1.999999999999563
                },
                "metrics": {
                    "outcome": 0.004872492974010739
                },
                "metadata": {
                    "trials": 1
                }
            },
            {
                "query": {
                    "x1": 0.8165587485432497,
                    "x2": 6.0
                },
                "metrics": {
                    "outcome": 9.723269921659558e-17
                },
                "metadata": {
                    "trials": 1
                }
            },
            {
                "query": {
                    "x1": 5.000124151725779,
                    "x2": 0.9675677403111109
                },
                "metrics": {
                    "outcome": 2.7195594509932187e-11
                },
                "metadata": {
                    "trials": 1
                }
            }
        ],
        [
            {
                "query": {
                    "x1": -0.07885722058552158,
                    "x2": 2.5805285770345936
                },
                "metrics": {
                    "outcome": -0.0001004889693494843
                },
                "metadata": {
                    "trials": 1
                }
            },
            {
                "query": {
                    "x1": 1.457858674344736,
                    "x2": 1.250886915126436
                },
                "metrics": {
                    "outcome": 0.03640310189462706
                },
                "metadata": {
                    "trials": 1
                }
            },
            {
                "query": {
                    "x1": 6.0,
                    "x2": 1.5822365477216773
                },
                "metrics": {
                    "outcome": 1.1384281147210374e-16
                },
                "metadata": {
                    "trials": 1
                }
            }
        ],
        [
            {
                "query": {
                    "x1": 4.120160182351726,
                    "x2": 1.7870775010290547
                },
                "metrics": {
                    "outcome": 7.169184826171194e-09
                },
                "metadata": {
                    "trials": 1
                }
            },
            {
                "query": {
                    "x1": 0.6959592940536714,
                    "x2": 5.307257802281217
                },
                "metrics": {
                    "outcome": 2.5087820194470905e-13
                },
                "metadata": {
                    "trials": 1
                }
            },
            {
                "query": {
                    "x1": 2.289422352948942,
                    "x2": 3.3491808167476727
                },
                "metrics": {
                    "outcome": 1.6289381089682385e-07
                },
                "metadata": {
                    "trials": 1
                }
            }
        ],
        [
            {
                "query": {
                    "x1": -2.0,
                    "x2": 3.578996693349387
                },
                "metrics": {
                    "outcome": -1.00202755322427e-07
                },
                "metadata": {
                    "trials": 1
                }
            },
            {
                "query": {
                    "x1": -2.0,
                    "x2": -0.30893603600454633
                },
                "metrics": {
                    "outcome": -0.033296789642269606
                },
                "metadata": {
                    "trials": 1
                }
            },
            {
                "query": {
                    "x1": 0.43026568006926036,
                    "x2": 1.895550067425913
                },
                "metrics": {
                    "outcome": 0.009837132588131122
                },
                "metadata": {
                    "trials": 1
                }
            }
        ],
        [
            {
                "query": {
                    "x1": -2.0,
                    "x2": 4.625213730649079
                },
                "metrics": {
                    "outcome": -1.8756985486317738e-11
                },
                "metadata": {
                    "trials": 1
                }
            },
            {
                "query": {
                    "x1": -2.0,
                    "x2": 5.999999999999999
                },
                "metrics": {
                    "outcome": -8.496708510583238e-18
                },
                "metadata": {
                    "trials": 1
                }
            },
            {
                "query": {
                    "x1": 2.345381912384793,
                    "x2": 5.489433889694868
                },
                "metrics": {
                    "outcome": 7.838982123084329e-16
                },
                "metadata": {
                    "trials": 1
                }
            }
        ],
        [
            {
                "query": {
                    "x1": 5.99999999999971,
                    "x2": -2.0
                },
                "metrics": {
                    "outcome": 2.5490125531837047e-17
                },
                "metadata": {
                    "trials": 1
                }
            },
            {
                "query": {
                    "x1": -2.0,
                    "x2": -1.0365015951083596
                },
                "metrics": {
                    "outcome": -0.012510482625107015
                },
                "metadata": {
                    "trials": 1
                }
            },
            {
                "query": {
                    "x1": 2.797055238729233,
                    "x2": -1.4563640732714995
                },
                "metrics": {
                    "outcome": 0.00013423116140975813
                },
                "metadata": {
                    "trials": 1
                }
            }
        ],
        [
            {
                "query": {
                    "x1": 5.999920211574333,
                    "x2": 2.206108232997212
                },
                "metrics": {
                    "outcome": 1.072225795941119e-17
                },
                "metadata": {
                    "trials": 1
                }
            },
            {
                "query": {
                    "x1": 5.599817953549772,
                    "x2": 2.2067044300191094
                },
                "metrics": {
                    "outcome": 1.0345897066886536e-15
                },
                "metadata": {
                    "trials": 1
                }
            },
            {
                "query": {
                    "x1": 5.197159390540934,
                    "x2": 2.2072924194437737
                },
                "metrics": {
                    "outcome": 7.401613015851358e-14
                },
                "metadata": {
                    "trials": 1
                }
            }
        ],
        [
            {
                "query": {
                    "x1": 6.0,
                    "x2": -0.7849280288008511
                },
                "metrics": {
                    "outcome": 7.515811089099922e-16
                },
                "metadata": {
                    "trials": 1
                }
            },
            {
                "query": {
                    "x1": 5.576966248091585,
                    "x2": -0.7845760487082423
                },
                "metrics": {
                    "outcome": 9.36261038377833e-14
                },
                "metadata": {
                    "trials": 1
                }
            },
            {
                "query": {
                    "x1": 5.1528437424089715,
                    "x2": -0.7842507550342674
                },
                "metrics": {
                    "outcome": 8.196620873527683e-12
                },
                "metadata": {
                    "trials": 1
                }
            }
        ],
        [
            {
                "query": {
                    "x1": 5.9455034692567805,
                    "x2": 5.805554051332588
                },
                "metrics": {
                    "outcome": 6.0904298267587424e-30
                },
                "metadata": {
                    "trials": 1
                }
            },
            {
                "query": {
                    "x1": 5.999999999999852,
                    "x2": 3.762844678522158
                },
                "metrics": {
                    "outcome": 9.871298848856677e-22
                },
                "metadata": {
                    "trials": 1
                }
            },
            {
                "query": {
                    "x1": -2.0,
                    "x2": 5.791018714074408
                },
                "metrics": {
                    "outcome": -9.986118860273662e-17
                },
                "metadata": {
                    "trials": 1
                }
            }
        ],
        [
            {
                "query": {
                    "x1": 6.0,
                    "x2": 4.9638736820800045
                },
                "metrics": {
                    "outcome": 2.770228909038006e-26
                },
                "metadata": {
                    "trials": 1
                }
            },
            {
                "query": {
                    "x1": 5.576342122915213,
                    "x2": 4.964147257504097
                },
                "metrics": {
                    "outcome": 3.463313513909228e-24
                },
                "metadata": {
                    "trials": 1
                }
            },
            {
                "query": {
                    "x1": 5.152281412943473,
                    "x2": 4.964426229779121
                },
                "metrics": {
                    "outcome": 3.0185606329794076e-22
                },
                "metadata": {
                    "trials": 1
                }
            }
        ],
        [
            {
                "query": {
                    "x1": 6.0,
                    "x2": 2.9750921893182767
                },
                "metrics": {
                    "outcome": 1.9931228920524237e-19
                },
                "metadata": {
                    "trials": 1
                }
            },
            {
                "query": {
                    "x1": 5.5331914228204395,
                    "x2": 2.9756929280133724
                },
                "metrics": {
                    "outcome": 3.989857904592681e-17
                },
                "metadata": {
                    "trials": 1
                }
            },
            {
                "query": {
                    "x1": 5.065272501556068,
                    "x2": 2.9762985041996286
                },
                "metrics": {
                    "outcome": 5.185395056368306e-15
                },
                "metadata": {
                    "trials": 1
                }
            }
        ],
        [
            {
                "query": {
                    "x1": -2.0,
                    "x2": 1.8694457420610284
                },
                "metrics": {
                    "outcome": -0.0011119053519266053
                },
                "metadata": {
                    "trials": 1
                }
            },
            {
                "query": {
                    "x1": -1.9999999999999987,
                    "x2": 0.5409086335749755
                },
                "metrics": {
                    "outcome": -0.027339165551379416
                },
                "metadata": {
                    "trials": 1
                }
            },
            {
                "query": {
                    "x1": 6.0,
                    "x2": 0.17637148075333897
                },
                "metrics": {
                    "outcome": 1.3490882108777256e-15
                },
                "metadata": {
                    "trials": 1
                }
            }
        ],
        [
            {
                "query": {
                    "x1": -1.999999999999995,
                    "x2": 1.2308545540371978
                },
                "metrics": {
                    "outcome": -0.00805183105930155
                },
                "metadata": {
                    "trials": 1
                }
            },
            {
                "query": {
                    "x1": 6.0,
                    "x2": -1.4550550854232809
                },
                "metrics": {
                    "outcome": 1.6752051837175792e-16
                },
                "metadata": {
                    "trials": 1
                }
            },
            {
                "query": {
                    "x1": -2.0,
                    "x2": 2.8207173236129552
                },
                "metrics": {
                    "outcome": -1.2835458275064955e-05
                },
                "metadata": {
                    "trials": 1
                }
            }
        ],
        [
            {
                "query": {
                    "x1": -0.3407425752575417,
                    "x2": -0.0861000699327028
                },
                "metrics": {
                    "outcome": -0.3011500231286294
                },
                "metadata": {
                    "trials": 1
                }
            },
            {
                "query": {
                    "x1": -0.8672806547784118,
                    "x2": 6.0
                },
                "metrics": {
                    "outcome": -9.481838196890049e-17
                },
                "metadata": {
                    "trials": 1
                }
            },
            {
                "query": {
                    "x1": 3.932489773403499,
                    "x2": 6.0
                },
                "metrics": {
                    "outcome": 1.753596783178307e-22
                },
                "metadata": {
                    "trials": 1
                }
            }
        ],
        [
            {
                "query": {
                    "x1": 0.574385048192589,
                    "x2": -0.4687848326848203
                },
                "metrics": {
                    "outcome": 0.33149826775836466
                },
                "metadata": {
                    "trials": 1
                }
            },
            {
                "query": {
                    "x1": -0.9257031084382628,
                    "x2": -0.20254363137218023
                },
                "metrics": {
                    "outcome": -0.37713506972615723
                },
                "metadata": {
                    "trials": 1
                }
            },
            {
                "query": {
                    "x1": -0.05820180026093835,
                    "x2": 0.8003321951975684
                },
                "metrics": {
                    "outcome": -0.03056932986560483
                },
                "metadata": {
                    "trials": 1
                }
            }
        ],
        [
            {
                "query": {
                    "x1": 5.999801860000104,
                    "x2": -1.75594194251223
                },
                "metrics": {
                    "outcome": 6.389899633853547e-17
                },
                "metadata": {
                    "trials": 1
                }
            },
            {
                "query": {
                    "x1": 5.386443679127104,
                    "x2": -1.7559593623647103
                },
                "metrics": {
                    "outcome": 6.189831584163728e-14
                },
                "metadata": {
                    "trials": 1
                }
            },
            {
                "query": {
                    "x1": 4.7730074028376235,
                    "x2": -1.7559791748920963
                },
                "metrics": {
                    "outcome": 2.7908608084512857e-11
                },
                "metadata": {
                    "trials": 1
                }
            }
        ],
        [
            {
                "query": {
                    "x1": -1.9999999999983407,
                    "x2": -1.2430440772483355
                },
                "metrics": {
                    "outcome": -0.007812647395946701
                },
                "metadata": {
                    "trials": 1
                }
            },
            {
                "query": {
                    "x1": -1.5018283543450883,
                    "x2": -1.2430131580002453
                },
                "metrics": {
                    "outcome": -0.03357791069060232
                },
                "metadata": {
                    "trials": 1
                }
            },
            {
                "query": {
                    "x1": -1.0035289547088475,
                    "x2": -1.2429817867795605
                },
                "metrics": {
                    "outcome": -0.0781948615518118
                },
                "metadata": {
                    "trials": 1
                }
            }
        ],
        [
            {
                "query": {
                    "x1": 3.1804683935919984,
                    "x2": 6.0
                },
                "metrics": {
                    "outcome": 2.984257991169917e-20
                },
                "metadata": {
                    "trials": 1
                }
            },
            {
                "query": {
                    "x1": 3.531779075888612,
                    "x2": -2.0
                },
                "metrics": {
                    "outcome": 2.475479071578669e-07
                },
                "metadata": {
                    "trials": 1
                }
            },
            {
                "query": {
                    "x1": 3.2305195499293937,
                    "x2": 4.473461240587364
                },
                "metrics": {
                    "outcome": 1.9311914635716537e-13
                },
                "metadata": {
                    "trials": 1
                }
            }
        ],
        [
            {
                "query": {
                    "x1": 1.9269058677748583,
                    "x2": -2.0
                },
                "metrics": {
                    "outcome": 0.0008613146405346797
                },
                "metadata": {
                    "trials": 1
                }
            },
            {
                "query": {
                    "x1": 1.6136433830547166,
                    "x2": 6.0
                },
                "metrics": {
                    "outcome": 2.769304502099241e-17
                },
                "metadata": {
                    "trials": 1
                }
            },
            {
                "query": {
                    "x1": -0.16611840054642202,
                    "x2": 6.0
                },
                "metrics": {
                    "outcome": -3.74827888014349e-17
                },
                "metadata": {
                    "trials": 1
                }
            }
        ],
        [
            {
                "query": {
                    "x1": 1.3148523026570649,
                    "x2": -2.0
                },
                "metrics": {
                    "outcome": 0.004274397014198996
                },
                "metadata": {
                    "trials": 1
                }
            },
            {
                "query": {
                    "x1": -1.4714671996643374,
                    "x2": 6.0
                },
                "metrics": {
                    "outcome": -3.915687259493308e-17
                },
                "metadata": {
                    "trials": 1
                }
            },
            {
                "query": {
                    "x1": 1.3154311396421074,
                    "x2": -0.24148514431981383
                },
                "metrics": {
                    "outcome": 0.21991598689203468
                },
                "metadata": {
                    "trials": 1
                }
            }
        ],
        [
            {
                "query": {
                    "x1": 0.8478208736820934,
                    "x2": 6.0
                },
                "metrics": {
                    "outcome": 9.583668459770457e-17
                },
                "metadata": {
                    "trials": 1
                }
            },
            {
                "query": {
                    "x1": 4.125139909163001,
                    "x2": -2.0
                },
                "metrics": {
                    "outcome": 3.075866048401256e-09
                },
                "metadata": {
                    "trials": 1
                }
            },
            {
                "query": {
                    "x1": 4.133352076190707,
                    "x2": -0.5021134558788001
                },
                "metrics": {
                    "outcome": 1.2219733611537427e-07
                },
                "metadata": {
                    "trials": 1
                }
            }
        ]
    ],
    "best_results": [
        {
            "query": {
                "x1": -0.7129865700841682,
                "x2": 0.03914765038983958
            },
            "metrics": [
                {
                    "name": "outcome",
                    "value": -0.4281956412216484
                }
            ]
        }
    ]
}