{
    "date": "04/11/2022 16:31:23",
    "basic_params": {
        "active_variables": [
            "x"
        ],
        "default_query": {},
        "metric": "basic",
        "n_trials": 1
    },
    "objective_function": {
        "name": "Gramacy1D",
        "params": {}
    },
    "optimizer": {
        "name": "BBO-LP(LCBa)-FoD",
        "params": {
            "lower_bound": [
                0.5
            ],
            "upper_bound": [
                2.5
            ],
            "invert_metric": false,
            "bopt_params": {
                "n_init_samples": 15,
                "n_iterations": 45,
                "n_iter_relearn": 5,
                "verbose_level": 0,
                "n_parallel_samples": 3,
                "fixed_dataset_size": 50,
                "par_type": "PAR_BBO",
                "crit_name": "cLP(cLCBa)",
                "n_crit_params": 3,
                "crit_params": [
                    3,
                    1,
                    5.0
                ]
            }
        }
    },
    "iterations": [
        [
            {
                "query": {
                    "x": 2.2885085000035663
                },
                "metrics": {
                    "outcome": 2.833617491729825
                },
                "metadata": {
                    "trials": 1
                }
            }
        ],
        [
            {
                "query": {
                    "x": 1.050399873374651
                },
                "metrics": {
                    "outcome": 0.47597808921223417
                },
                "metadata": {
                    "trials": 1
                }
            }
        ],
        [
            {
                "query": {
                    "x": 1.1904263864581783
                },
                "metrics": {
                    "outcome": -0.12311523253931145
                },
                "metadata": {
                    "trials": 1
                }
            }
        ],
        [
            {
                "query": {
                    "x": 0.8340780127172669
                },
                "metrics": {
                    "outcome": 0.5267786959717323
                },
                "metadata": {
                    "trials": 1
                }
            }
        ],
        [
            {
                "query": {
                    "x": 1.5531024112676581
                },
                "metrics": {
                    "outcome": -0.22681993327053923
                },
                "metadata": {
                    "trials": 1
                }
            }
        ],
        [
            {
                "query": {
                    "x": 0.9424818775306145
                },
                "metrics": {
                    "outcome": -0.5157744920597758
                },
                "metadata": {
                    "trials": 1
                }
            }
        ],
        [
            {
                "query": {
                    "x": 1.68440574950849
                },
                "metrics": {
                    "outcome": 0.3590858060377903
                },
                "metadata": {
                    "trials": 1
                }
            }
        ],
        [
            {
                "query": {
                    "x": 1.3854953231289984
                },
                "metrics": {
                    "outcome": -0.1367297052323442
                },
                "metadata": {
                    "trials": 1
                }
            }
        ],
        [
            {
                "query": {
                    "x": 2.232581853525092
                },
                "metrics": {
                    "outcome": 2.4993990674954256
                },
                "metadata": {
                    "trials": 1
                }
            }
        ],
        [
            {
                "query": {
                    "x": 0.7614384051722785
                },
                "metrics": {
                    "outcome": -0.6114701921698302
                },
                "metadata": {
                    "trials": 1
                }
            }
        ],
        [
            {
                "query": {
                    "x": 2.448431633785367
                },
                "metrics": {
                    "outcome": 4.605376342098278
                },
                "metadata": {
                    "trials": 1
                }
            }
        ],
        [
            {
                "query": {
                    "x": 1.7863775277820726
                },
                "metrics": {
                    "outcome": 0.26624382194584095
                },
                "metadata": {
                    "trials": 1
                }
            }
        ],
        [
            {
                "query": {
                    "x": 1.943378974745671
                },
                "metrics": {
                    "outcome": 0.5402977151511055
                },
                "metadata": {
                    "trials": 1
                }
            }
        ],
        [
            {
                "query": {
                    "x": 0.5583746645599603
                },
                "metrics": {
                    "outcome": -0.8266046664584993
                },
                "metadata": {
                    "trials": 1
                }
            }
        ],
        [
            {
                "query": {
                    "x": 2.030863226329287
                },
                "metrics": {
                    "outcome": 1.332317974323545
                },
                "metadata": {
                    "trials": 1
                }
            }
        ],
        [
            {
                "query": {
                    "x": 0.6872554176482716
                },
                "metrics": {
                    "outcome": 0.2931373010930136
                },
                "metadata": {
                    "trials": 1
                }
            },
            {
                "query": {
                    "x": 0.6213618940660257
                },
                "metrics": {
                    "outcome": 0.5209473848229831
                },
                "metadata": {
                    "trials": 1
                }
            },
            {
                "query": {
                    "x": 0.7278544745294236
                },
                "metrics": {
                    "outcome": -0.5218116804847426
                },
                "metadata": {
                    "trials": 1
                }
            }
        ],
        [
            {
                "query": {
                    "x": 0.5
                },
                "metrics": {
                    "outcome": 0.06250000000000061
                },
                "metadata": {
                    "trials": 1
                }
            },
            {
                "query": {
                    "x": 0.5194467228054539
                },
                "metrics": {
                    "outcome": -0.49883033927212866
                },
                "metadata": {
                    "trials": 1
                }
            },
            {
                "query": {
                    "x": 1.2844119706376813
                },
                "metrics": {
                    "outcome": 0.1896511737291505
                },
                "metadata": {
                    "trials": 1
                }
            }
        ],
        [
            {
                "query": {
                    "x": 1.4716427552919016
                },
                "metrics": {
                    "outcome": 0.3136834521747966
                },
                "metadata": {
                    "trials": 1
                }
            },
            {
                "query": {
                    "x": 0.9789636904863759
                },
                "metrics": {
                    "outcome": -0.3134986540923153
                },
                "metadata": {
                    "trials": 1
                }
            },
            {
                "query": {
                    "x": 1.4282367340414708
                },
                "metrics": {
                    "outcome": 0.30502565907579976
                },
                "metadata": {
                    "trials": 1
                }
            }
        ],
        [
            {
                "query": {
                    "x": 1.8621956218267701
                },
                "metrics": {
                    "outcome": 0.801648811490306
                },
                "metadata": {
                    "trials": 1
                }
            },
            {
                "query": {
                    "x": 1.6095603340231772
                },
                "metrics": {
                    "outcome": 0.22996408900433873
                },
                "metadata": {
                    "trials": 1
                }
            },
            {
                "query": {
                    "x": 0.5452858501324375
                },
                "metrics": {
                    "outcome": -0.8641609437325612
                },
                "metadata": {
                    "trials": 1
                }
            }
        ],
        [
            {
                "query": {
                    "x": 1.135617975916603
                },
                "metrics": {
                    "outcome": -0.39576850614094
                },
                "metadata": {
                    "trials": 1
                }
            },
            {
                "query": {
                    "x": 0.5499090110848748
                },
                "metrics": {
                    "outcome": -0.8681981886408409
                },
                "metadata": {
                    "trials": 1
                }
            },
            {
                "query": {
                    "x": 0.5442567275389799
                },
                "metrics": {
                    "outcome": -0.8606306185451296
                },
                "metadata": {
                    "trials": 1
                }
            }
        ],
        [
            {
                "query": {
                    "x": 1.3377318758688574
                },
                "metrics": {
                    "outcome": -0.33333811018579107
                },
                "metadata": {
                    "trials": 1
                }
            },
            {
                "query": {
                    "x": 0.9040042782164177
                },
                "metrics": {
                    "outcome": -0.06930998257129647
                },
                "metadata": {
                    "trials": 1
                }
            },
            {
                "query": {
                    "x": 0.5486999176552309
                },
                "metrics": {
                    "outcome": -0.8690027574357339
                },
                "metadata": {
                    "trials": 1
                }
            }
        ],
        [
            {
                "query": {
                    "x": 1.7374772624389396
                },
                "metrics": {
                    "outcome": 0.030008167926818874
                },
                "metadata": {
                    "trials": 1
                }
            },
            {
                "query": {
                    "x": 2.1233507117415185
                },
                "metrics": {
                    "outcome": 1.4347737615874572
                },
                "metadata": {
                    "trials": 1
                }
            },
            {
                "query": {
                    "x": 0.5486594430077422
                },
                "metrics": {
                    "outcome": -0.869006989501116
                },
                "metadata": {
                    "trials": 1
                }
            }
        ],
        [
            {
                "query": {
                    "x": 0.5486363719395337
                },
                "metrics": {
                    "outcome": -0.8690087425429144
                },
                "metadata": {
                    "trials": 1
                }
            },
            {
                "query": {
                    "x": 0.5514029142969501
                },
                "metrics": {
                    "outcome": -0.8654001006461949
                },
                "metadata": {
                    "trials": 1
                }
            },
            {
                "query": {
                    "x": 0.5459898045334042
                },
                "metrics": {
                    "outcome": -0.8660224803400932
                },
                "metadata": {
                    "trials": 1
                }
            }
        ],
        [
            {
                "query": {
                    "x": 0.5484621961354166
                },
                "metrics": {
                    "outcome": -0.8690065224633831
                },
                "metadata": {
                    "trials": 1
                }
            },
            {
                "query": {
                    "x": 0.5509737900426697
                },
                "metrics": {
                    "outcome": -0.8664071044707712
                },
                "metadata": {
                    "trials": 1
                }
            },
            {
                "query": {
                    "x": 0.5460408991602576
                },
                "metrics": {
                    "outcome": -0.866140107942651
                },
                "metadata": {
                    "trials": 1
                }
            }
        ],
        [
            {
                "query": {
                    "x": 0.5484625189453941
                },
                "metrics": {
                    "outcome": -0.8690065518306777
                },
                "metadata": {
                    "trials": 1
                }
            },
            {
                "query": {
                    "x": 0.5508171155915971
                },
                "metrics": {
                    "outcome": -0.8667340149559075
                },
                "metadata": {
                    "trials": 1
                }
            },
            {
                "query": {
                    "x": 0.5461804971233151
                },
                "metrics": {
                    "outcome": -0.8664494224763456
                },
                "metadata": {
                    "trials": 1
                }
            }
        ],
        [
            {
                "query": {
                    "x": 0.5484898618114701
                },
                "metrics": {
                    "outcome": -0.8690086988724569
                },
                "metadata": {
                    "trials": 1
                }
            },
            {
                "query": {
                    "x": 0.5506999275681129
                },
                "metrics": {
                    "outcome": -0.8669642640683816
                },
                "metadata": {
                    "trials": 1
                }
            },
            {
                "query": {
                    "x": 0.546332547821104
                },
                "metrics": {
                    "outcome": -0.8667662409321667
                },
                "metadata": {
                    "trials": 1
                }
            }
        ],
        [
            {
                "query": {
                    "x": 0.5484928686795881
                },
                "metrics": {
                    "outcome": -0.8690088939114411
                },
                "metadata": {
                    "trials": 1
                }
            },
            {
                "query": {
                    "x": 0.5506158516344227
                },
                "metrics": {
                    "outcome": -0.8671219252328657
                },
                "metadata": {
                    "trials": 1
                }
            },
            {
                "query": {
                    "x": 0.5464167412823496
                },
                "metrics": {
                    "outcome": -0.8669326613961913
                },
                "metadata": {
                    "trials": 1
                }
            }
        ],
        [
            {
                "query": {
                    "x": 0.5484966465154224
                },
                "metrics": {
                    "outcome": -0.8690091274243203
                },
                "metadata": {
                    "trials": 1
                }
            },
            {
                "query": {
                    "x": 0.5505488039207036
                },
                "metrics": {
                    "outcome": -0.8672431433692851
                },
                "metadata": {
                    "trials": 1
                }
            },
            {
                "query": {
                    "x": 0.5464868181026815
                },
                "metrics": {
                    "outcome": -0.8670662831203021
                },
                "metadata": {
                    "trials": 1
                }
            }
        ],
        [
            {
                "query": {
                    "x": 1.0698969906225217
                },
                "metrics": {
                    "outcome": 0.37899255212275257
                },
                "metadata": {
                    "trials": 1
                }
            },
            {
                "query": {
                    "x": 1.195918233190382
                },
                "metrics": {
                    "outcome": -0.051992426742687094
                },
                "metadata": {
                    "trials": 1
                }
            },
            {
                "query": {
                    "x": 0.8224027851123905
                },
                "metrics": {
                    "outcome": 0.394428963531822
                },
                "metadata": {
                    "trials": 1
                }
            }
        ],
        [
            {
                "query": {
                    "x": 1.5450826372233932
                },
                "metrics": {
                    "outcome": -0.23147611967592074
                },
                "metadata": {
                    "trials": 1
                }
            },
            {
                "query": {
                    "x": 1.6721262792515135
                },
                "metrics": {
                    "outcome": 0.4337227090589373
                },
                "metadata": {
                    "trials": 1
                }
            },
            {
                "query": {
                    "x": 0.9442205007514171
                },
                "metrics": {
                    "outcome": -0.5208229564743243
                },
                "metadata": {
                    "trials": 1
                }
            }
        ],
        [
            {
                "query": {
                    "x": 2.256668516274383
                },
                "metrics": {
                    "outcome": 2.7106435495670853
                },
                "metadata": {
                    "trials": 1
                }
            },
            {
                "query": {
                    "x": 0.766643067117751
                },
                "metrics": {
                    "outcome": -0.5620927792656388
                },
                "metadata": {
                    "trials": 1
                }
            },
            {
                "query": {
                    "x": 1.3749889860487912
                },
                "metrics": {
                    "outcome": -0.23744768647910122
                },
                "metadata": {
                    "trials": 1
                }
            }
        ],
        [
            {
                "query": {
                    "x": 2.5
                },
                "metrics": {
                    "outcome": 5.0625
                },
                "metadata": {
                    "trials": 1
                }
            },
            {
                "query": {
                    "x": 2.391663102829776
                },
                "metrics": {
                    "outcome": 3.6967771414524426
                },
                "metadata": {
                    "trials": 1
                }
            },
            {
                "query": {
                    "x": 1.7955705045141688
                },
                "metrics": {
                    "outcome": 0.36197840249662905
                },
                "metadata": {
                    "trials": 1
                }
            }
        ],
        [
            {
                "query": {
                    "x": 1.99440272895483
                },
                "metrics": {
                    "outcome": 0.9339407888788365
                },
                "metadata": {
                    "trials": 1
                }
            },
            {
                "query": {
                    "x": 0.747412745313823
                },
                "metrics": {
                    "outcome": -0.6626953212699915
                },
                "metadata": {
                    "trials": 1
                }
            },
            {
                "query": {
                    "x": 1.1617075361419889
                },
                "metrics": {
                    "outcome": -0.4009317229024352
                },
                "metadata": {
                    "trials": 1
                }
            }
        ],
        [
            {
                "query": {
                    "x": 0.6577065728767032
                },
                "metrics": {
                    "outcome": 0.7517728727765617
                },
                "metadata": {
                    "trials": 1
                }
            },
            {
                "query": {
                    "x": 0.6035922341475114
                },
                "metrics": {
                    "outcome": 0.11797916461337399
                },
                "metadata": {
                    "trials": 1
                }
            },
            {
                "query": {
                    "x": 0.7085562280275604
                },
                "metrics": {
                    "outcome": -0.18019206813272443
                },
                "metadata": {
                    "trials": 1
                }
            }
        ],
        [
            {
                "query": {
                    "x": 1.2742048227087959
                },
                "metrics": {
                    "outcome": 0.28996734660655926
                },
                "metadata": {
                    "trials": 1
                }
            },
            {
                "query": {
                    "x": 0.5
                },
                "metrics": {
                    "outcome": 0.06250000000000061
                },
                "metadata": {
                    "trials": 1
                }
            },
            {
                "query": {
                    "x": 1.4960899398045053
                },
                "metrics": {
                    "outcome": 0.10151768613594815
                },
                "metadata": {
                    "trials": 1
                }
            }
        ],
        [
            {
                "query": {
                    "x": 1.897232280429458
                },
                "metrics": {
                    "outcome": 0.670952702968002
                },
                "metadata": {
                    "trials": 1
                }
            },
            {
                "query": {
                    "x": 0.9955634934627174
                },
                "metrics": {
                    "outcome": -0.06977261971975601
                },
                "metadata": {
                    "trials": 1
                }
            },
            {
                "query": {
                    "x": 1.432065155316323
                },
                "metrics": {
                    "outcome": 0.33002568013969336
                },
                "metadata": {
                    "trials": 1
                }
            }
        ],
        [
            {
                "query": {
                    "x": 1.600932999441854
                },
                "metrics": {
                    "outcome": 0.13956104543577078
                },
                "metadata": {
                    "trials": 1
                }
            },
            {
                "query": {
                    "x": 1.1232054358943067
                },
                "metrics": {
                    "outcome": -0.2963044899808443
                },
                "metadata": {
                    "trials": 1
                }
            },
            {
                "query": {
                    "x": 0.5484903634006689
                },
                "metrics": {
                    "outcome": -0.8690087319732892
                },
                "metadata": {
                    "trials": 1
                }
            }
        ],
        [
            {
                "query": {
                    "x": 1.3301088070297902
                },
                "metrics": {
                    "outcome": -0.29299549136332864
                },
                "metadata": {
                    "trials": 1
                }
            },
            {
                "query": {
                    "x": 2.057041280603974
                },
                "metrics": {
                    "outcome": 1.485585077543547
                },
                "metadata": {
                    "trials": 1
                }
            },
            {
                "query": {
                    "x": 0.5485592151796682
                },
                "metrics": {
                    "outcome": -0.8690111269421498
                },
                "metadata": {
                    "trials": 1
                }
            }
        ],
        [
            {
                "query": {
                    "x": 0.8977646089934295
                },
                "metrics": {
                    "outcome": 0.03918918333665966
                },
                "metadata": {
                    "trials": 1
                }
            },
            {
                "query": {
                    "x": 1.7366465025558624
                },
                "metrics": {
                    "outcome": 0.03152118247849589
                },
                "metadata": {
                    "trials": 1
                }
            },
            {
                "query": {
                    "x": 1.8429464046078199
                },
                "metrics": {
                    "outcome": 0.7695643502827727
                },
                "metadata": {
                    "trials": 1
                }
            }
        ],
        [
            {
                "query": {
                    "x": 2.1529475963551232
                },
                "metrics": {
                    "outcome": 1.5357622878486656
                },
                "metadata": {
                    "trials": 1
                }
            },
            {
                "query": {
                    "x": 0.5485708121495253
                },
                "metrics": {
                    "outcome": -0.8690111105690352
                },
                "metadata": {
                    "trials": 1
                }
            },
            {
                "query": {
                    "x": 0.5509019575130973
                },
                "metrics": {
                    "outcome": -0.8665596960669437
                },
                "metadata": {
                    "trials": 1
                }
            }
        ],
        [
            {
                "query": {
                    "x": 0.5485461450832928
                },
                "metrics": {
                    "outcome": -0.8690110003482868
                },
                "metadata": {
                    "trials": 1
                }
            },
            {
                "query": {
                    "x": 0.5461843038335693
                },
                "metrics": {
                    "outcome": -0.8664576098925257
                },
                "metadata": {
                    "trials": 1
                }
            },
            {
                "query": {
                    "x": 0.5509165473348884
                },
                "metrics": {
                    "outcome": -0.8665290744911711
                },
                "metadata": {
                    "trials": 1
                }
            }
        ],
        [
            {
                "query": {
                    "x": 0.5485482840685069
                },
                "metrics": {
                    "outcome": -0.8690110315855414
                },
                "metadata": {
                    "trials": 1
                }
            },
            {
                "query": {
                    "x": 0.5461756453736524
                },
                "metrics": {
                    "outcome": -0.8664389683749218
                },
                "metadata": {
                    "trials": 1
                }
            },
            {
                "query": {
                    "x": 0.5509244594963794
                },
                "metrics": {
                    "outcome": -0.8665123890734818
                },
                "metadata": {
                    "trials": 1
                }
            }
        ],
        [
            {
                "query": {
                    "x": 0.5485506119363887
                },
                "metrics": {
                    "outcome": -0.8690110609028739
                },
                "metadata": {
                    "trials": 1
                }
            },
            {
                "query": {
                    "x": 0.5461764297619744
                },
                "metrics": {
                    "outcome": -0.8664406599475816
                },
                "metadata": {
                    "trials": 1
                }
            },
            {
                "query": {
                    "x": 0.550923029525177
                },
                "metrics": {
                    "outcome": -0.8665154087615463
                },
                "metadata": {
                    "trials": 1
                }
            }
        ],
        [
            {
                "query": {
                    "x": 0.548550079439338
                },
                "metrics": {
                    "outcome": -0.8690110546266979
                },
                "metadata": {
                    "trials": 1
                }
            },
            {
                "query": {
                    "x": 0.5461795357791037
                },
                "metrics": {
                    "outcome": -0.8664473527549885
                },
                "metadata": {
                    "trials": 1
                }
            },
            {
                "query": {
                    "x": 0.5509173825043622
                },
                "metrics": {
                    "outcome": -0.8665273158859084
                },
                "metadata": {
                    "trials": 1
                }
            }
        ],
        [
            {
                "query": {
                    "x": 0.5485489957940787
                },
                "metrics": {
                    "outcome": -0.8690110410665757
                },
                "metadata": {
                    "trials": 1
                }
            },
            {
                "query": {
                    "x": 0.5461805803004776
                },
                "metrics": {
                    "outcome": -0.8664496015128574
                },
                "metadata": {
                    "trials": 1
                }
            },
            {
                "query": {
                    "x": 0.5509139105383183
                },
                "metrics": {
                    "outcome": -0.8665346226900714
                },
                "metadata": {
                    "trials": 1
                }
            }
        ],
        [
            {
                "query": {
                    "x": 1.061733458198432
                },
                "metrics": {
                    "outcome": 0.4393085833800643
                },
                "metadata": {
                    "trials": 1
                }
            },
            {
                "query": {
                    "x": 0.5485506322203243
                },
                "metrics": {
                    "outcome": -0.8690110611369021
                },
                "metadata": {
                    "trials": 1
                }
            },
            {
                "query": {
                    "x": 0.5461996602512799
                },
                "metrics": {
                    "outcome": -0.8664905049433359
                },
                "metadata": {
                    "trials": 1
                }
            }
        ],
        [
            {
                "query": {
                    "x": 1.5485706804361004
                },
                "metrics": {
                    "outcome": -0.23199418779170541
                },
                "metadata": {
                    "trials": 1
                }
            },
            {
                "query": {
                    "x": 0.8277659793164855
                },
                "metrics": {
                    "outcome": 0.4634540433021089
                },
                "metadata": {
                    "trials": 1
                }
            },
            {
                "query": {
                    "x": 1.2099561353488517
                },
                "metrics": {
                    "outcome": 0.12909907588317057
                },
                "metadata": {
                    "trials": 1
                }
            }
        ],
        [
            {
                "query": {
                    "x": 2.2612217846242046
                },
                "metrics": {
                    "outcome": 2.7377841651185326
                },
                "metadata": {
                    "trials": 1
                }
            },
            {
                "query": {
                    "x": 1.6726909280894795
                },
                "metrics": {
                    "outcome": 0.43089976661485624
                },
                "metadata": {
                    "trials": 1
                }
            },
            {
                "query": {
                    "x": 0.9474030420545732
                },
                "metrics": {
                    "outcome": -0.5259953659954153
                },
                "metadata": {
                    "trials": 1
                }
            }
        ],
        [
            {
                "query": {
                    "x": 2.5
                },
                "metrics": {
                    "outcome": 5.0625
                },
                "metadata": {
                    "trials": 1
                }
            },
            {
                "query": {
                    "x": 1.3743943975994908
                },
                "metrics": {
                    "outcome": -0.24244242452699916
                },
                "metadata": {
                    "trials": 1
                }
            },
            {
                "query": {
                    "x": 0.775971300332803
                },
                "metrics": {
                    "outcome": -0.43899488502901146
                },
                "metadata": {
                    "trials": 1
                }
            }
        ],
        [
            {
                "query": {
                    "x": 1.9722775175135314
                },
                "metrics": {
                    "outcome": 0.6997170202981473
                },
                "metadata": {
                    "trials": 1
                }
            },
            {
                "query": {
                    "x": 1.78150126618774
                },
                "metrics": {
                    "outcome": 0.21892791263585246
                },
                "metadata": {
                    "trials": 1
                }
            },
            {
                "query": {
                    "x": 2.366356995074816
                },
                "metrics": {
                    "outcome": 3.301426807379513
                },
                "metadata": {
                    "trials": 1
                }
            }
        ],
        [
            {
                "query": {
                    "x": 1.1620635362886997
                },
                "metrics": {
                    "outcome": -0.39904728105344645
                },
                "metadata": {
                    "trials": 1
                }
            },
            {
                "query": {
                    "x": 0.7439860680886161
                },
                "metrics": {
                    "outcome": -0.6558005598165604
                },
                "metadata": {
                    "trials": 1
                }
            },
            {
                "query": {
                    "x": 0.5485629633248151
                },
                "metrics": {
                    "outcome": -0.8690111348853256
                },
                "metadata": {
                    "trials": 1
                }
            }
        ],
        [
            {
                "query": {
                    "x": 0.6576494275997511
                },
                "metrics": {
                    "outcome": 0.7521722233001416
                },
                "metadata": {
                    "trials": 1
                }
            },
            {
                "query": {
                    "x": 0.6108712163909911
                },
                "metrics": {
                    "outcome": 0.29706839865504786
                },
                "metadata": {
                    "trials": 1
                }
            },
            {
                "query": {
                    "x": 0.7021915017332389
                },
                "metrics": {
                    "outcome": -0.041119085911510506
                },
                "metadata": {
                    "trials": 1
                }
            }
        ],
        [
            {
                "query": {
                    "x": 0.5000000000000001
                },
                "metrics": {
                    "outcome": 0.062499999999997
                },
                "metadata": {
                    "trials": 1
                }
            },
            {
                "query": {
                    "x": 1.4979494637752244
                },
                "metrics": {
                    "outcome": 0.0829687123030341
                },
                "metadata": {
                    "trials": 1
                }
            },
            {
                "query": {
                    "x": 1.2765734041913785
                },
                "metrics": {
                    "outcome": 0.26878358454578155
                },
                "metadata": {
                    "trials": 1
                }
            }
        ],
        [
            {
                "query": {
                    "x": 1.6036391908651604
                },
                "metrics": {
                    "outcome": 0.16834197248647087
                },
                "metadata": {
                    "trials": 1
                }
            },
            {
                "query": {
                    "x": 0.9941520050127702
                },
                "metrics": {
                    "outcome": -0.09188152284152079
                },
                "metadata": {
                    "trials": 1
                }
            },
            {
                "query": {
                    "x": 1.4337620272228133
                },
                "metrics": {
                    "outcome": 0.3397326646745661
                },
                "metadata": {
                    "trials": 1
                }
            }
        ],
        [
            {
                "query": {
                    "x": 1.3306010024391286
                },
                "metrics": {
                    "outcome": -0.2961743766934818
                },
                "metadata": {
                    "trials": 1
                }
            },
            {
                "query": {
                    "x": 1.1203075822724378
                },
                "metrics": {
                    "outcome": -0.26559929585625275
                },
                "metadata": {
                    "trials": 1
                }
            },
            {
                "query": {
                    "x": 1.9124836100031726
                },
                "metrics": {
                    "outcome": 0.5933421894873363
                },
                "metadata": {
                    "trials": 1
                }
            }
        ],
        [
            {
                "query": {
                    "x": 2.0621833497722357
                },
                "metrics": {
                    "outcome": 1.4978278693384315
                },
                "metadata": {
                    "trials": 1
                }
            },
            {
                "query": {
                    "x": 0.9010669446928461
                },
                "metrics": {
                    "outcome": -0.01850036534228139
                },
                "metadata": {
                    "trials": 1
                }
            },
            {
                "query": {
                    "x": 0.5485568924053472
                },
                "metrics": {
                    "outcome": -0.8690111156755365
                },
                "metadata": {
                    "trials": 1
                }
            }
        ],
        [
            {
                "query": {
                    "x": 1.8414213681572809
                },
                "metrics": {
                    "outcome": 0.762977608045132
                },
                "metadata": {
                    "trials": 1
                }
            },
            {
                "query": {
                    "x": 2.1560463147194144
                },
                "metrics": {
                    "outcome": 1.5583453073586266
                },
                "metadata": {
                    "trials": 1
                }
            },
            {
                "query": {
                    "x": 1.7311431349253112
                },
                "metrics": {
                    "outcome": 0.04615500696846486
                },
                "metadata": {
                    "trials": 1
                }
            }
        ],
        [
            {
                "query": {
                    "x": 0.562477594998191
                },
                "metrics": {
                    "outcome": -0.784854342830843
                },
                "metadata": {
                    "trials": 1
                }
            },
            {
                "query": {
                    "x": 0.5434921576901939
                },
                "metrics": {
                    "outcome": -0.8573856458163419
                },
                "metadata": {
                    "trials": 1
                }
            },
            {
                "query": {
                    "x": 0.537780028200832
                },
                "metrics": {
                    "outcome": -0.8164269489041209
                },
                "metadata": {
                    "trials": 1
                }
            }
        ],
        [
            {
                "query": {
                    "x": 0.5485828309351665
                },
                "metrics": {
                    "outcome": -0.8690109659115858
                },
                "metadata": {
                    "trials": 1
                }
            },
            {
                "query": {
                    "x": 0.5507773478668683
                },
                "metrics": {
                    "outcome": -0.8668135195204061
                },
                "metadata": {
                    "trials": 1
                }
            },
            {
                "query": {
                    "x": 0.5464396244388636
                },
                "metrics": {
                    "outcome": -0.8669767837198481
                },
                "metadata": {
                    "trials": 1
                }
            }
        ],
        [
            {
                "query": {
                    "x": 0.548583097998656
                },
                "metrics": {
                    "outcome": -0.8690109612211914
                },
                "metadata": {
                    "trials": 1
                }
            },
            {
                "query": {
                    "x": 0.5507743335742702
                },
                "metrics": {
                    "outcome": -0.8668194884078508
                },
                "metadata": {
                    "trials": 1
                }
            },
            {
                "query": {
                    "x": 0.5464447706760689
                },
                "metrics": {
                    "outcome": -0.8669866411617962
                },
                "metadata": {
                    "trials": 1
                }
            }
        ]
    ],
    "best_results": [
        {
            "query": {
                "x": 0.5485629633248151
            },
            "metrics": [
                {
                    "name": "outcome",
                    "value": -0.8690111348853256
                }
            ]
        }
    ]
}