{
    "date": "04/11/2022 16:31:32",
    "basic_params": {
        "active_variables": [
            "x"
        ],
        "default_query": {},
        "metric": "basic",
        "n_trials": 1
    },
    "objective_function": {
        "name": "Gramacy1D",
        "params": {}
    },
    "optimizer": {
        "name": "BBO-LP(LCBa)-FoD",
        "params": {
            "lower_bound": [
                0.5
            ],
            "upper_bound": [
                2.5
            ],
            "invert_metric": false,
            "bopt_params": {
                "n_init_samples": 15,
                "n_iterations": 45,
                "n_iter_relearn": 5,
                "verbose_level": 0,
                "n_parallel_samples": 3,
                "fixed_dataset_size": 50,
                "par_type": "PAR_BBO",
                "crit_name": "cLP(cLCBa)",
                "n_crit_params": 3,
                "crit_params": [
                    3,
                    1,
                    5.0
                ]
            }
        }
    },
    "iterations": [
        [
            {
                "query": {
                    "x": 0.9989637151360512
                },
                "metrics": {
                    "outcome": -0.016291932362069116
                },
                "metadata": {
                    "trials": 1
                }
            }
        ],
        [
            {
                "query": {
                    "x": 0.6821963027740519
                },
                "metrics": {
                    "outcome": 0.3990988983184071
                },
                "metadata": {
                    "trials": 1
                }
            }
        ],
        [
            {
                "query": {
                    "x": 2.1841810301567115
                },
                "metrics": {
                    "outcome": 1.85726261617265
                },
                "metadata": {
                    "trials": 1
                }
            }
        ],
        [
            {
                "query": {
                    "x": 0.5098691672086716
                },
                "metrics": {
                    "outcome": -0.2414900245165804
                },
                "metadata": {
                    "trials": 1
                }
            }
        ],
        [
            {
                "query": {
                    "x": 1.4243558969969552
                },
                "metrics": {
                    "outcome": 0.275574673471702
                },
                "metadata": {
                    "trials": 1
                }
            }
        ],
        [
            {
                "query": {
                    "x": 1.4814669511280953
                },
                "metrics": {
                    "outcome": 0.23932587238235023
                },
                "metadata": {
                    "trials": 1
                }
            }
        ],
        [
            {
                "query": {
                    "x": 1.8377763803737859
                },
                "metrics": {
                    "outcome": 0.7448729726904902
                },
                "metadata": {
                    "trials": 1
                }
            }
        ],
        [
            {
                "query": {
                    "x": 2.0712556088032823
                },
                "metrics": {
                    "outcome": 1.5065082993907553
                },
                "metadata": {
                    "trials": 1
                }
            }
        ],
        [
            {
                "query": {
                    "x": 0.8860306268868348
                },
                "metrics": {
                    "outcome": 0.23995077315345947
                },
                "metadata": {
                    "trials": 1
                }
            }
        ],
        [
            {
                "query": {
                    "x": 1.7035688425724704
                },
                "metrics": {
                    "outcome": 0.21219597887263805
                },
                "metadata": {
                    "trials": 1
                }
            }
        ],
        [
            {
                "query": {
                    "x": 2.3783520606346427
                },
                "metrics": {
                    "outcome": 3.477241123964724
                },
                "metadata": {
                    "trials": 1
                }
            }
        ],
        [
            {
                "query": {
                    "x": 1.620824091695249
                },
                "metrics": {
                    "outcome": 0.3362732800060185
                },
                "metadata": {
                    "trials": 1
                }
            }
        ],
        [
            {
                "query": {
                    "x": 2.3194980709192654
                },
                "metrics": {
                    "outcome": 2.907403036176793
                },
                "metadata": {
                    "trials": 1
                }
            }
        ],
        [
            {
                "query": {
                    "x": 1.2917630910873412
                },
                "metrics": {
                    "outcome": 0.10629388875398695
                },
                "metadata": {
                    "trials": 1
                }
            }
        ],
        [
            {
                "query": {
                    "x": 1.1598000208536785
                },
                "metrics": {
                    "outcome": -0.41018560899819806
                },
                "metadata": {
                    "trials": 1
                }
            }
        ],
        [
            {
                "query": {
                    "x": 1.142363488614297
                },
                "metrics": {
                    "outcome": -0.42474279934766845
                },
                "metadata": {
                    "trials": 1
                }
            },
            {
                "query": {
                    "x": 1.1031234416513163
                },
                "metrics": {
                    "outcome": -0.04429192044093916
                },
                "metadata": {
                    "trials": 1
                }
            },
            {
                "query": {
                    "x": 1.1824009350246467
                },
                "metrics": {
                    "outcome": -0.22096228879312402
                },
                "metadata": {
                    "trials": 1
                }
            }
        ],
        [
            {
                "query": {
                    "x": 1.1493783570658196
                },
                "metrics": {
                    "outcome": -0.4344368961948984
                },
                "metadata": {
                    "trials": 1
                }
            },
            {
                "query": {
                    "x": 1.1424691448245858
                },
                "metrics": {
                    "outcome": -0.4250450941320822
                },
                "metadata": {
                    "trials": 1
                }
            },
            {
                "query": {
                    "x": 1.156248998363842
                },
                "metrics": {
                    "outcome": -0.42353035522696236
                },
                "metadata": {
                    "trials": 1
                }
            }
        ],
        [
            {
                "query": {
                    "x": 0.5661699710851977
                },
                "metrics": {
                    "outcome": -0.7361848325215393
                },
                "metadata": {
                    "trials": 1
                }
            },
            {
                "query": {
                    "x": 1.1492324965641978
                },
                "metrics": {
                    "outcome": -0.4344505406319002
                },
                "metadata": {
                    "trials": 1
                }
            },
            {
                "query": {
                    "x": 1.14307665617205
                },
                "metrics": {
                    "outcome": -0.42669108460161764
                },
                "metadata": {
                    "trials": 1
                }
            }
        ],
        [
            {
                "query": {
                    "x": 0.5869074751004204
                },
                "metrics": {
                    "outcome": -0.3114908064051518
                },
                "metadata": {
                    "trials": 1
                }
            },
            {
                "query": {
                    "x": 0.5577417231076094
                },
                "metrics": {
                    "outcome": -0.8318319474094271
                },
                "metadata": {
                    "trials": 1
                }
            },
            {
                "query": {
                    "x": 0.6099529356643482
                },
                "metrics": {
                    "outcome": 0.27530475069730215
                },
                "metadata": {
                    "trials": 1
                }
            }
        ],
        [
            {
                "query": {
                    "x": 0.5481166773827594
                },
                "metrics": {
                    "outcome": -0.8689212844024543
                },
                "metadata": {
                    "trials": 1
                }
            },
            {
                "query": {
                    "x": 0.5523893958410309
                },
                "metrics": {
                    "outcome": -0.8624673690024188
                },
                "metadata": {
                    "trials": 1
                }
            },
            {
                "query": {
                    "x": 0.5438602263440919
                },
                "metrics": {
                    "outcome": -0.859014000421642
                },
                "metadata": {
                    "trials": 1
                }
            }
        ],
        [
            {
                "query": {
                    "x": 0.7833917361556992
                },
                "metrics": {
                    "outcome": -0.3159090435567104
                },
                "metadata": {
                    "trials": 1
                }
            },
            {
                "query": {
                    "x": 1.947180196647354
                },
                "metrics": {
                    "outcome": 0.5491040313697361
                },
                "metadata": {
                    "trials": 1
                }
            },
            {
                "query": {
                    "x": 1.3532415115263217
                },
                "metrics": {
                    "outcome": -0.3519990706155038
                },
                "metadata": {
                    "trials": 1
                }
            }
        ],
        [
            {
                "query": {
                    "x": 1.5501518890949475
                },
                "metrics": {
                    "outcome": -0.23093799142346227
                },
                "metadata": {
                    "trials": 1
                }
            },
            {
                "query": {
                    "x": 0.7420509352158781
                },
                "metrics": {
                    "outcome": -0.6484793065184821
                },
                "metadata": {
                    "trials": 1
                }
            },
            {
                "query": {
                    "x": 0.8272074444275062
                },
                "metrics": {
                    "outcome": 0.4568864569704201
                },
                "metadata": {
                    "trials": 1
                }
            }
        ],
        [
            {
                "query": {
                    "x": 0.9462261837014796
                },
                "metrics": {
                    "outcome": -0.5246971757918416
                },
                "metadata": {
                    "trials": 1
                }
            },
            {
                "query": {
                    "x": 1.764511759228204
                },
                "metrics": {
                    "outcome": 0.08719173378238132
                },
                "metadata": {
                    "trials": 1
                }
            },
            {
                "query": {
                    "x": 2.5
                },
                "metrics": {
                    "outcome": 5.0625
                },
                "metadata": {
                    "trials": 1
                }
            }
        ],
        [
            {
                "query": {
                    "x": 0.5484982524763784
                },
                "metrics": {
                    "outcome": -0.8690092227999727
                },
                "metadata": {
                    "trials": 1
                }
            },
            {
                "query": {
                    "x": 0.551998143380498
                },
                "metrics": {
                    "outcome": -0.8637333108710479
                },
                "metadata": {
                    "trials": 1
                }
            },
            {
                "query": {
                    "x": 0.5450053565000323
                },
                "metrics": {
                    "outcome": -0.8632939920962903
                },
                "metadata": {
                    "trials": 1
                }
            }
        ],
        [
            {
                "query": {
                    "x": 0.5484870044414647
                },
                "metrics": {
                    "outcome": -0.8690085059899242
                },
                "metadata": {
                    "trials": 1
                }
            },
            {
                "query": {
                    "x": 0.5515381544521256
                },
                "metrics": {
                    "outcome": -0.8650489058625273
                },
                "metadata": {
                    "trials": 1
                }
            },
            {
                "query": {
                    "x": 0.5454555644850488
                },
                "metrics": {
                    "outcome": -0.864650844360362
                },
                "metadata": {
                    "trials": 1
                }
            }
        ],
        [
            {
                "query": {
                    "x": 0.5484925392377316
                },
                "metrics": {
                    "outcome": -0.8690088729393011
                },
                "metadata": {
                    "trials": 1
                }
            },
            {
                "query": {
                    "x": 0.5512911968899952
                },
                "metrics": {
                    "outcome": -0.865677989711751
                },
                "metadata": {
                    "trials": 1
                }
            },
            {
                "query": {
                    "x": 0.5457141052237947
                },
                "metrics": {
                    "outcome": -0.8653469474005584
                },
                "metadata": {
                    "trials": 1
                }
            }
        ],
        [
            {
                "query": {
                    "x": 0.5484988815977913
                },
                "metrics": {
                    "outcome": -0.8690092595297954
                },
                "metadata": {
                    "trials": 1
                }
            },
            {
                "query": {
                    "x": 0.5511277034750899
                },
                "metrics": {
                    "outcome": -0.8660647179189184
                },
                "metadata": {
                    "trials": 1
                }
            },
            {
                "query": {
                    "x": 0.5458891667492892
                },
                "metrics": {
                    "outcome": -0.8657838771991494
                },
                "metadata": {
                    "trials": 1
                }
            }
        ],
        [
            {
                "query": {
                    "x": 1.0082635756360432
                },
                "metrics": {
                    "outcome": 0.12729885906841548
                },
                "metadata": {
                    "trials": 1
                }
            },
            {
                "query": {
                    "x": 0.5485043918836782
                },
                "metrics": {
                    "outcome": -0.8690095660118218
                },
                "metadata": {
                    "trials": 1
                }
            },
            {
                "query": {
                    "x": 0.5510075475039212
                },
                "metrics": {
                    "outcome": -0.8663338108983515
                },
                "metadata": {
                    "trials": 1
                }
            }
        ],
        [
            {
                "query": {
                    "x": 2.1840021467137793
                },
                "metrics": {
                    "outcome": 1.8549365437962944
                },
                "metadata": {
                    "trials": 1
                }
            },
            {
                "query": {
                    "x": 0.5000000000000001
                },
                "metrics": {
                    "outcome": 0.062499999999997
                },
                "metadata": {
                    "trials": 1
                }
            },
            {
                "query": {
                    "x": 0.7016407669480142
                },
                "metrics": {
                    "outcome": -0.02879211471413559
                },
                "metadata": {
                    "trials": 1
                }
            }
        ],
        [
            {
                "query": {
                    "x": 1.4516950584691275
                },
                "metrics": {
                    "outcome": 0.3855643125282033
                },
                "metadata": {
                    "trials": 1
                }
            },
            {
                "query": {
                    "x": 1.8564682407136777
                },
                "metrics": {
                    "outcome": 0.8018648483838984
                },
                "metadata": {
                    "trials": 1
                }
            },
            {
                "query": {
                    "x": 1.4084650417827815
                },
                "metrics": {
                    "outcome": 0.12113468493751209
                },
                "metadata": {
                    "trials": 1
                }
            }
        ],
        [
            {
                "query": {
                    "x": 2.054904227584724
                },
                "metrics": {
                    "outcome": 1.4788129744989822
                },
                "metadata": {
                    "trials": 1
                }
            },
            {
                "query": {
                    "x": 1.7002382762709638
                },
                "metrics": {
                    "outcome": 0.238225743513514
                },
                "metadata": {
                    "trials": 1
                }
            },
            {
                "query": {
                    "x": 0.9049953493303224
                },
                "metrics": {
                    "outcome": -0.08626713023536384
                },
                "metadata": {
                    "trials": 1
                }
            }
        ],
        [
            {
                "query": {
                    "x": 2.3134814863048785
                },
                "metrics": {
                    "outcome": 2.8876072776206847
                },
                "metadata": {
                    "trials": 1
                }
            },
            {
                "query": {
                    "x": 1.6164492192919722
                },
                "metrics": {
                    "outcome": 0.29723374526538116
                },
                "metadata": {
                    "trials": 1
                }
            },
            {
                "query": {
                    "x": 1.5128702536964407
                },
                "metrics": {
                    "outcome": -0.06083111245998571
                },
                "metadata": {
                    "trials": 1
                }
            }
        ],
        [
            {
                "query": {
                    "x": 1.2808000753413946
                },
                "metrics": {
                    "outcome": 0.227667367091772
                },
                "metadata": {
                    "trials": 1
                }
            },
            {
                "query": {
                    "x": 1.233063597056072
                },
                "metrics": {
                    "outcome": 0.3523880274834408
                },
                "metadata": {
                    "trials": 1
                }
            },
            {
                "query": {
                    "x": 0.5484699173309399
                },
                "metrics": {
                    "outcome": -0.8690071991812768
                },
                "metadata": {
                    "trials": 1
                }
            }
        ],
        [
            {
                "query": {
                    "x": 1.0765421909280426
                },
                "metrics": {
                    "outcome": 0.3121593723952121
                },
                "metadata": {
                    "trials": 1
                }
            },
            {
                "query": {
                    "x": 0.5484738198756378
                },
                "metrics": {
                    "outcome": -0.869007520801028
                },
                "metadata": {
                    "trials": 1
                }
            },
            {
                "query": {
                    "x": 0.5506841572995285
                },
                "metrics": {
                    "outcome": -0.866994316317952
                },
                "metadata": {
                    "trials": 1
                }
            }
        ],
        [
            {
                "query": {
                    "x": 0.5484397722889696
                },
                "metrics": {
                    "outcome": -0.8690042529053454
                },
                "metadata": {
                    "trials": 1
                }
            },
            {
                "query": {
                    "x": 0.5506199558378616
                },
                "metrics": {
                    "outcome": -0.8671143750473539
                },
                "metadata": {
                    "trials": 1
                }
            },
            {
                "query": {
                    "x": 0.5462834544201195
                },
                "metrics": {
                    "outcome": -0.8666662374557791
                },
                "metadata": {
                    "trials": 1
                }
            }
        ],
        [
            {
                "query": {
                    "x": 1.152488318887611
                },
                "metrics": {
                    "outcome": -0.4319782555125485
                },
                "metadata": {
                    "trials": 1
                }
            },
            {
                "query": {
                    "x": 0.5484613189185032
                },
                "metrics": {
                    "outcome": -0.8690064421857256
                },
                "metadata": {
                    "trials": 1
                }
            },
            {
                "query": {
                    "x": 0.5505850969414628
                },
                "metrics": {
                    "outcome": -0.8671780248977689
                },
                "metadata": {
                    "trials": 1
                }
            }
        ],
        [
            {
                "query": {
                    "x": 0.6210045940549116
                },
                "metrics": {
                    "outcome": 0.5142038400216015
                },
                "metadata": {
                    "trials": 1
                }
            },
            {
                "query": {
                    "x": 1.1234788423312554
                },
                "metrics": {
                    "outcome": -0.29907033475584555
                },
                "metadata": {
                    "trials": 1
                }
            },
            {
                "query": {
                    "x": 1.1826163989827523
                },
                "metrics": {
                    "outcome": -0.21847603827956014
                },
                "metadata": {
                    "trials": 1
                }
            }
        ],
        [
            {
                "query": {
                    "x": 0.7732913266104104
                },
                "metrics": {
                    "outcome": -0.4784365779456711
                },
                "metadata": {
                    "trials": 1
                }
            },
            {
                "query": {
                    "x": 0.5485048851748604
                },
                "metrics": {
                    "outcome": -0.8690095921159997
                },
                "metadata": {
                    "trials": 1
                }
            },
            {
                "query": {
                    "x": 0.5463134390862459
                },
                "metrics": {
                    "outcome": -0.866727575848371
                },
                "metadata": {
                    "trials": 1
                }
            }
        ],
        [
            {
                "query": {
                    "x": 1.9540602221470604
                },
                "metrics": {
                    "outcome": 0.574721626590007
                },
                "metadata": {
                    "trials": 1
                }
            },
            {
                "query": {
                    "x": 1.345874977948441
                },
                "metrics": {
                    "outcome": -0.3540791595429091
                },
                "metadata": {
                    "trials": 1
                }
            },
            {
                "query": {
                    "x": 1.5614029298920644
                },
                "metrics": {
                    "outcome": -0.20056202494179245
                },
                "metadata": {
                    "trials": 1
                }
            }
        ],
        [
            {
                "query": {
                    "x": 0.836572363982852
                },
                "metrics": {
                    "outcome": 0.5459957949132983
                },
                "metadata": {
                    "trials": 1
                }
            },
            {
                "query": {
                    "x": 0.953545097297984
                },
                "metrics": {
                    "outcome": -0.5211057192681241
                },
                "metadata": {
                    "trials": 1
                }
            },
            {
                "query": {
                    "x": 0.7423085017382485
                },
                "metrics": {
                    "outcome": -0.6495960343262298
                },
                "metadata": {
                    "trials": 1
                }
            }
        ],
        [
            {
                "query": {
                    "x": 2.5
                },
                "metrics": {
                    "outcome": 5.0625
                },
                "metadata": {
                    "trials": 1
                }
            },
            {
                "query": {
                    "x": 1.7734437785879225
                },
                "metrics": {
                    "outcome": 0.1489970897045266
                },
                "metadata": {
                    "trials": 1
                }
            },
            {
                "query": {
                    "x": 2.40433942599231
                },
                "metrics": {
                    "outcome": 3.917713928970599
                },
                "metadata": {
                    "trials": 1
                }
            }
        ],
        [
            {
                "query": {
                    "x": 0.5485315264861352
                },
                "metrics": {
                    "outcome": -0.8690106766421526
                },
                "metadata": {
                    "trials": 1
                }
            },
            {
                "query": {
                    "x": 0.5462617100595992
                },
                "metrics": {
                    "outcome": -0.8666212464719144
                },
                "metadata": {
                    "trials": 1
                }
            },
            {
                "query": {
                    "x": 0.5508094052581362
                },
                "metrics": {
                    "outcome": -0.8667495395625286
                },
                "metadata": {
                    "trials": 1
                }
            }
        ],
        [
            {
                "query": {
                    "x": 0.548539913073518
                },
                "metrics": {
                    "outcome": -0.8690108858658934
                },
                "metadata": {
                    "trials": 1
                }
            },
            {
                "query": {
                    "x": 0.5645652023749844
                },
                "metrics": {
                    "outcome": -0.7585774656695953
                },
                "metadata": {
                    "trials": 1
                }
            },
            {
                "query": {
                    "x": 0.5437222300999445
                },
                "metrics": {
                    "outcome": -0.8584178993869485
                },
                "metadata": {
                    "trials": 1
                }
            }
        ],
        [
            {
                "query": {
                    "x": 0.5484196114000262
                },
                "metrics": {
                    "outcome": -0.8690018259470416
                },
                "metadata": {
                    "trials": 1
                }
            },
            {
                "query": {
                    "x": 0.5505919052048068
                },
                "metrics": {
                    "outcome": -0.8671656785363753
                },
                "metadata": {
                    "trials": 1
                }
            },
            {
                "query": {
                    "x": 0.5463103366638569
                },
                "metrics": {
                    "outcome": -0.8667212671229836
                },
                "metadata": {
                    "trials": 1
                }
            }
        ],
        [
            {
                "query": {
                    "x": 1.0023615239158459
                },
                "metrics": {
                    "outcome": 0.03697339805293177
                },
                "metadata": {
                    "trials": 1
                }
            },
            {
                "query": {
                    "x": 0.548419296303438
                },
                "metrics": {
                    "outcome": -0.8690017851116435
                },
                "metadata": {
                    "trials": 1
                }
            },
            {
                "query": {
                    "x": 0.5505949891019815
                },
                "metrics": {
                    "outcome": -0.8671600724960202
                },
                "metadata": {
                    "trials": 1
                }
            }
        ],
        [
            {
                "query": {
                    "x": 2.1774401650235733
                },
                "metrics": {
                    "outcome": 1.7725498092533174
                },
                "metadata": {
                    "trials": 1
                }
            },
            {
                "query": {
                    "x": 0.5484076039495231
                },
                "metrics": {
                    "outcome": -0.8690002066248903
                },
                "metadata": {
                    "trials": 1
                }
            },
            {
                "query": {
                    "x": 0.5505796748386006
                },
                "metrics": {
                    "outcome": -0.8671878280118129
                },
                "metadata": {
                    "trials": 1
                }
            }
        ],
        [
            {
                "query": {
                    "x": 0.5
                },
                "metrics": {
                    "outcome": 0.06250000000000061
                },
                "metadata": {
                    "trials": 1
                }
            },
            {
                "query": {
                    "x": 0.6984839089804539
                },
                "metrics": {
                    "outcome": 0.04234694070472251
                },
                "metadata": {
                    "trials": 1
                }
            },
            {
                "query": {
                    "x": 1.462324072252121
                },
                "metrics": {
                    "outcome": 0.36229891227530436
                },
                "metadata": {
                    "trials": 1
                }
            }
        ],
        [
            {
                "query": {
                    "x": 2.0567274790803083
                },
                "metrics": {
                    "outcome": 1.4846537366628403
                },
                "metadata": {
                    "trials": 1
                }
            },
            {
                "query": {
                    "x": 1.8647231370155786
                },
                "metrics": {
                    "outcome": 0.7990852035560259
                },
                "metadata": {
                    "trials": 1
                }
            },
            {
                "query": {
                    "x": 1.394139537848622
                },
                "metrics": {
                    "outcome": -0.041525856470009115
                },
                "metadata": {
                    "trials": 1
                }
            }
        ],
        [
            {
                "query": {
                    "x": 1.7027176288507553
                },
                "metrics": {
                    "outcome": 0.21881004933840298
                },
                "metadata": {
                    "trials": 1
                }
            },
            {
                "query": {
                    "x": 2.2792461695651145
                },
                "metrics": {
                    "outcome": 2.811145918151486
                },
                "metadata": {
                    "trials": 1
                }
            },
            {
                "query": {
                    "x": 0.9081183552222515
                },
                "metrics": {
                    "outcome": -0.13883660444983617
                },
                "metadata": {
                    "trials": 1
                }
            }
        ],
        [
            {
                "query": {
                    "x": 1.6258355709910486
                },
                "metrics": {
                    "outcome": 0.3764978050724785
                },
                "metadata": {
                    "trials": 1
                }
            },
            {
                "query": {
                    "x": 1.299433432897742
                },
                "metrics": {
                    "outcome": 0.014887464984860597
                },
                "metadata": {
                    "trials": 1
                }
            },
            {
                "query": {
                    "x": 1.5197860521517232
                },
                "metrics": {
                    "outcome": -0.11858840338380675
                },
                "metadata": {
                    "trials": 1
                }
            }
        ],
        [
            {
                "query": {
                    "x": 1.06558696615574
                },
                "metrics": {
                    "outcome": 0.41410197169604684
                },
                "metadata": {
                    "trials": 1
                }
            },
            {
                "query": {
                    "x": 1.2406664191459442
                },
                "metrics": {
                    "outcome": 0.389162437762518
                },
                "metadata": {
                    "trials": 1
                }
            },
            {
                "query": {
                    "x": 0.5483864301608825
                },
                "metrics": {
                    "outcome": -0.8689970348544988
                },
                "metadata": {
                    "trials": 1
                }
            }
        ],
        [
            {
                "query": {
                    "x": 0.5484022283755261
                },
                "metrics": {
                    "outcome": -0.868999439611346
                },
                "metadata": {
                    "trials": 1
                }
            },
            {
                "query": {
                    "x": 0.5506277585046074
                },
                "metrics": {
                    "outcome": -0.8670999797205311
                },
                "metadata": {
                    "trials": 1
                }
            },
            {
                "query": {
                    "x": 0.5462704704962219
                },
                "metrics": {
                    "outcome": -0.8666394240995069
                },
                "metadata": {
                    "trials": 1
                }
            }
        ],
        [
            {
                "query": {
                    "x": 1.1520460086697262
                },
                "metrics": {
                    "outcome": -0.43257974009723527
                },
                "metadata": {
                    "trials": 1
                }
            },
            {
                "query": {
                    "x": 0.5484086206943017
                },
                "metrics": {
                    "outcome": -0.8690003487732707
                },
                "metadata": {
                    "trials": 1
                }
            },
            {
                "query": {
                    "x": 0.550596115131979
                },
                "metrics": {
                    "outcome": -0.8671580234394953
                },
                "metadata": {
                    "trials": 1
                }
            }
        ],
        [
            {
                "query": {
                    "x": 0.6247617180747217
                },
                "metrics": {
                    "outcome": 0.5814748103322009
                },
                "metadata": {
                    "trials": 1
                }
            },
            {
                "query": {
                    "x": 0.54508596351287
                },
                "metrics": {
                    "outcome": -0.8635504411052013
                },
                "metadata": {
                    "trials": 1
                }
            },
            {
                "query": {
                    "x": 0.5420810518388506
                },
                "metrics": {
                    "outcome": -0.8500046936286069
                },
                "metadata": {
                    "trials": 1
                }
            }
        ],
        [
            {
                "query": {
                    "x": 0.7776226707860145
                },
                "metrics": {
                    "outcome": -0.41325278234675344
                },
                "metadata": {
                    "trials": 1
                }
            },
            {
                "query": {
                    "x": 1.1859632871449566
                },
                "metrics": {
                    "outcome": -0.17875170894674444
                },
                "metadata": {
                    "trials": 1
                }
            },
            {
                "query": {
                    "x": 1.1184106409257617
                },
                "metrics": {
                    "outcome": -0.2442012526720745
                },
                "metadata": {
                    "trials": 1
                }
            }
        ],
        [
            {
                "query": {
                    "x": 1.9582451088719635
                },
                "metrics": {
                    "outcome": 0.5963404206328515
                },
                "metadata": {
                    "trials": 1
                }
            },
            {
                "query": {
                    "x": 0.5483931839883008
                },
                "metrics": {
                    "outcome": -0.8689980904013425
                },
                "metadata": {
                    "trials": 1
                }
            },
            {
                "query": {
                    "x": 0.5505613606990734
                },
                "metrics": {
                    "outcome": -0.8672207462138782
                },
                "metadata": {
                    "trials": 1
                }
            }
        ],
        [
            {
                "query": {
                    "x": 0.8411386452884153
                },
                "metrics": {
                    "outcome": 0.5721834432696359
                },
                "metadata": {
                    "trials": 1
                }
            },
            {
                "query": {
                    "x": 1.5682517021093576
                },
                "metrics": {
                    "outcome": -0.1635638651840844
                },
                "metadata": {
                    "trials": 1
                }
            },
            {
                "query": {
                    "x": 1.347771507203663
                },
                "metrics": {
                    "outcome": -0.35544626609750285
                },
                "metadata": {
                    "trials": 1
                }
            }
        ],
        [
            {
                "query": {
                    "x": 0.9529695490525549
                },
                "metrics": {
                    "outcome": -0.5223893112568171
                },
                "metadata": {
                    "trials": 1
                }
            },
            {
                "query": {
                    "x": 0.7419005154245363
                },
                "metrics": {
                    "outcome": -0.6478069733945737
                },
                "metadata": {
                    "trials": 1
                }
            },
            {
                "query": {
                    "x": 0.5483833193369008
                },
                "metrics": {
                    "outcome": -0.8689965348524952
                },
                "metadata": {
                    "trials": 1
                }
            }
        ],
        [
            {
                "query": {
                    "x": 2.5
                },
                "metrics": {
                    "outcome": 5.0625
                },
                "metadata": {
                    "trials": 1
                }
            },
            {
                "query": {
                    "x": 2.3941257442872868
                },
                "metrics": {
                    "outcome": 3.7392059825663715
                },
                "metadata": {
                    "trials": 1
                }
            },
            {
                "query": {
                    "x": 1.778723904501042
                },
                "metrics": {
                    "outcome": 0.1935257289128321
                },
                "metadata": {
                    "trials": 1
                }
            }
        ],
        [
            {
                "query": {
                    "x": 0.5483224382898624
                },
                "metrics": {
                    "outcome": -0.868984995362992
                },
                "metadata": {
                    "trials": 1
                }
            },
            {
                "query": {
                    "x": 0.5505328769456225
                },
                "metrics": {
                    "outcome": -0.8672713497712843
                },
                "metadata": {
                    "trials": 1
                }
            },
            {
                "query": {
                    "x": 0.5462228347368907
                },
                "metrics": {
                    "outcome": -0.866539742629075
                },
                "metadata": {
                    "trials": 1
                }
            }
        ]
    ],
    "best_results": [
        {
            "query": {
                "x": 0.548539913073518
            },
            "metrics": [
                {
                    "name": "outcome",
                    "value": -0.8690108858658934
                }
            ]
        }
    ]
}