{
    "date": "05/11/2022 12:04:02",
    "basic_params": {
        "active_variables": [
            "x"
        ],
        "default_query": {},
        "metric": "basic",
        "n_trials": 1
    },
    "objective_function": {
        "name": "Gramacy1D",
        "params": {}
    },
    "optimizer": {
        "name": "BBO-LP(LCBa)",
        "params": {
            "lower_bound": [
                0.5
            ],
            "upper_bound": [
                2.5
            ],
            "invert_metric": false,
            "bopt_params": {
                "n_init_samples": 12,
                "n_iterations": 23,
                "n_iter_relearn": 5,
                "verbose_level": 0,
                "n_parallel_samples": 6,
                "par_type": "PAR_BBO",
                "crit_name": "cLP(cLCBa)",
                "n_crit_params": 3,
                "crit_params": [
                    6,
                    1,
                    5.0
                ]
            }
        }
    },
    "iterations": [
        [
            {
                "query": {
                    "x": 1.634219670551829
                },
                "metrics": {
                    "outcome": 0.4309151278552278
                },
                "metadata": {
                    "trials": 1
                }
            }
        ],
        [
            {
                "query": {
                    "x": 0.8694589605632548
                },
                "metrics": {
                    "outcome": 0.47120991103786697
                },
                "metadata": {
                    "trials": 1
                }
            }
        ],
        [
            {
                "query": {
                    "x": 1.133458480859796
                },
                "metrics": {
                    "outcome": -0.38257482800114806
                },
                "metadata": {
                    "trials": 1
                }
            }
        ],
        [
            {
                "query": {
                    "x": 2.2198249793921905
                },
                "metrics": {
                    "outcome": 2.3454541430975264
                },
                "metadata": {
                    "trials": 1
                }
            }
        ],
        [
            {
                "query": {
                    "x": 0.8036377484289308
                },
                "metrics": {
                    "outcome": 0.07243575552011014
                },
                "metadata": {
                    "trials": 1
                }
            }
        ],
        [
            {
                "query": {
                    "x": 0.6443435703404248
                },
                "metrics": {
                    "outcome": 0.7797638371245575
                },
                "metadata": {
                    "trials": 1
                }
            }
        ],
        [
            {
                "query": {
                    "x": 2.3521023367842036
                },
                "metrics": {
                    "outcome": 3.130132472853231
                },
                "metadata": {
                    "trials": 1
                }
            }
        ],
        [
            {
                "query": {
                    "x": 2.0467561314969016
                },
                "metrics": {
                    "outcome": 1.443576546232999
                },
                "metadata": {
                    "trials": 1
                }
            }
        ],
        [
            {
                "query": {
                    "x": 1.3786577145025753
                },
                "metrics": {
                    "outcome": -0.20479428411457912
                },
                "metadata": {
                    "trials": 1
                }
            }
        ],
        [
            {
                "query": {
                    "x": 1.2946944979485124
                },
                "metrics": {
                    "outcome": 0.07161373787859279
                },
                "metadata": {
                    "trials": 1
                }
            }
        ],
        [
            {
                "query": {
                    "x": 1.7613172050720702
                },
                "metrics": {
                    "outcome": 0.06981640282747498
                },
                "metadata": {
                    "trials": 1
                }
            }
        ],
        [
            {
                "query": {
                    "x": 1.9139766819231834
                },
                "metrics": {
                    "outcome": 0.5867594834938527
                },
                "metadata": {
                    "trials": 1
                }
            }
        ],
        [
            {
                "query": {
                    "x": 1.1315038017579824
                },
                "metrics": {
                    "outcome": -0.36906467302504625
                },
                "metadata": {
                    "trials": 1
                }
            },
            {
                "query": {
                    "x": 1.1612695221971001
                },
                "metrics": {
                    "outcome": -0.4031828441200694
                },
                "metadata": {
                    "trials": 1
                }
            },
            {
                "query": {
                    "x": 1.4074433370214694
                },
                "metrics": {
                    "outcome": 0.10987671143056986
                },
                "metadata": {
                    "trials": 1
                }
            },
            {
                "query": {
                    "x": 1.08736193069594
                },
                "metrics": {
                    "outcome": 0.17786804989004273
                },
                "metadata": {
                    "trials": 1
                }
            },
            {
                "query": {
                    "x": 0.7765349093437199
                },
                "metrics": {
                    "outcome": -0.4303271488221483
                },
                "metadata": {
                    "trials": 1
                }
            },
            {
                "query": {
                    "x": 1.7790485150371287
                },
                "metrics": {
                    "outcome": 0.19642943480814995
                },
                "metadata": {
                    "trials": 1
                }
            }
        ],
        [
            {
                "query": {
                    "x": 0.730247252516892
                },
                "metrics": {
                    "outcome": -0.5517480446017817
                },
                "metadata": {
                    "trials": 1
                }
            },
            {
                "query": {
                    "x": 0.7422315279207117
                },
                "metrics": {
                    "outcome": -0.6492668683322854
                },
                "metadata": {
                    "trials": 1
                }
            },
            {
                "query": {
                    "x": 0.7182605239695821
                },
                "metrics": {
                    "outcome": -0.3715003895653281
                },
                "metadata": {
                    "trials": 1
                }
            },
            {
                "query": {
                    "x": 0.7494148611533391
                },
                "metrics": {
                    "outcome": -0.6631315206840053
                },
                "metadata": {
                    "trials": 1
                }
            },
            {
                "query": {
                    "x": 0.7376047549902953
                },
                "metrics": {
                    "outcome": -0.622379870046777
                },
                "metadata": {
                    "trials": 1
                }
            },
            {
                "query": {
                    "x": 0.7549955012479199
                },
                "metrics": {
                    "outcome": -0.6505135065305384
                },
                "metadata": {
                    "trials": 1
                }
            }
        ],
        [
            {
                "query": {
                    "x": 0.5000000000000001
                },
                "metrics": {
                    "outcome": 0.062499999999997
                },
                "metadata": {
                    "trials": 1
                }
            },
            {
                "query": {
                    "x": 0.7487085401606339
                },
                "metrics": {
                    "outcome": -0.6632794394372892
                },
                "metadata": {
                    "trials": 1
                }
            },
            {
                "query": {
                    "x": 0.7531631058446825
                },
                "metrics": {
                    "outcome": -0.6568794777076312
                },
                "metadata": {
                    "trials": 1
                }
            },
            {
                "query": {
                    "x": 0.7442948831636123
                },
                "metrics": {
                    "outcome": -0.6567403363095491
                },
                "metadata": {
                    "trials": 1
                }
            },
            {
                "query": {
                    "x": 0.7577070779960825
                },
                "metrics": {
                    "outcome": -0.6371908109391724
                },
                "metadata": {
                    "trials": 1
                }
            },
            {
                "query": {
                    "x": 0.7398562923620694
                },
                "metrics": {
                    "outcome": -0.6372013206888296
                },
                "metadata": {
                    "trials": 1
                }
            }
        ],
        [
            {
                "query": {
                    "x": 0.7487141365095346
                },
                "metrics": {
                    "outcome": -0.6632795591081516
                },
                "metadata": {
                    "trials": 1
                }
            },
            {
                "query": {
                    "x": 0.7525000934708144
                },
                "metrics": {
                    "outcome": -0.658650986145625
                },
                "metadata": {
                    "trials": 1
                }
            },
            {
                "query": {
                    "x": 0.7449384523862999
                },
                "metrics": {
                    "outcome": -0.6584962532032697
                },
                "metadata": {
                    "trials": 1
                }
            },
            {
                "query": {
                    "x": 0.7562542067857101
                },
                "metrics": {
                    "outcome": -0.6449026314131924
                },
                "metadata": {
                    "trials": 1
                }
            },
            {
                "query": {
                    "x": 0.7411791330172502
                },
                "metrics": {
                    "outcome": -0.6443763163480338
                },
                "metadata": {
                    "trials": 1
                }
            },
            {
                "query": {
                    "x": 0.7608546358233514
                },
                "metrics": {
                    "outcome": -0.6160445788908138
                },
                "metadata": {
                    "trials": 1
                }
            }
        ],
        [
            {
                "query": {
                    "x": 0.748725003888378
                },
                "metrics": {
                    "outcome": -0.6632797325218307
                },
                "metadata": {
                    "trials": 1
                }
            },
            {
                "query": {
                    "x": 0.7521573028710022
                },
                "metrics": {
                    "outcome": -0.6594552959510381
                },
                "metadata": {
                    "trials": 1
                }
            },
            {
                "query": {
                    "x": 0.7452973593916608
                },
                "metrics": {
                    "outcome": -0.6593565180746613
                },
                "metadata": {
                    "trials": 1
                }
            },
            {
                "query": {
                    "x": 0.7555665325175757
                },
                "metrics": {
                    "outcome": -0.6480920883249759
                },
                "metadata": {
                    "trials": 1
                }
            },
            {
                "query": {
                    "x": 0.7418828550590716
                },
                "metrics": {
                    "outcome": -0.6477270620637614
                },
                "metadata": {
                    "trials": 1
                }
            },
            {
                "query": {
                    "x": 0.7594801561979341
                },
                "metrics": {
                    "outcome": -0.6260155572321977
                },
                "metadata": {
                    "trials": 1
                }
            }
        ],
        [
            {
                "query": {
                    "x": 2.5
                },
                "metrics": {
                    "outcome": 5.0625
                },
                "metadata": {
                    "trials": 1
                }
            },
            {
                "query": {
                    "x": 0.9677468307740349
                },
                "metrics": {
                    "outcome": -0.4384208640913073
                },
                "metadata": {
                    "trials": 1
                }
            },
            {
                "query": {
                    "x": 1.5308591468969586
                },
                "metrics": {
                    "outcome": -0.18990338633209974
                },
                "metadata": {
                    "trials": 1
                }
            },
            {
                "query": {
                    "x": 1.698090189448702
                },
                "metrics": {
                    "outcome": 0.2551463013366613
                },
                "metadata": {
                    "trials": 1
                }
            },
            {
                "query": {
                    "x": 1.222925908689214
                },
                "metrics": {
                    "outcome": 0.2721360995502749
                },
                "metadata": {
                    "trials": 1
                }
            },
            {
                "query": {
                    "x": 0.5517785310941475
                },
                "metrics": {
                    "outcome": -0.8643847397056705
                },
                "metadata": {
                    "trials": 1
                }
            }
        ],
        [
            {
                "query": {
                    "x": 0.5703056372059999
                },
                "metrics": {
                    "outcome": -0.670212090931373
                },
                "metadata": {
                    "trials": 1
                }
            },
            {
                "query": {
                    "x": 0.5381508115403963
                },
                "metrics": {
                    "outcome": -0.8199742843965646
                },
                "metadata": {
                    "trials": 1
                }
            },
            {
                "query": {
                    "x": 0.9354829603991563
                },
                "metrics": {
                    "outcome": -0.4798374544613014
                },
                "metadata": {
                    "trials": 1
                }
            },
            {
                "query": {
                    "x": 1.0042010522796914
                },
                "metrics": {
                    "outcome": 0.06552329851347863
                },
                "metadata": {
                    "trials": 1
                }
            },
            {
                "query": {
                    "x": 1.4868926712164399
                },
                "metrics": {
                    "outcome": 0.19078901751193317
                },
                "metadata": {
                    "trials": 1
                }
            },
            {
                "query": {
                    "x": 1.5700370246018487
                },
                "metrics": {
                    "outcome": -0.1518373043555138
                },
                "metadata": {
                    "trials": 1
                }
            }
        ],
        [
            {
                "query": {
                    "x": 0.5471476633452457
                },
                "metrics": {
                    "outcome": -0.8681077860802435
                },
                "metadata": {
                    "trials": 1
                }
            },
            {
                "query": {
                    "x": 0.5523971374351173
                },
                "metrics": {
                    "outcome": -0.8624409603646427
                },
                "metadata": {
                    "trials": 1
                }
            },
            {
                "query": {
                    "x": 0.5424638601325501
                },
                "metrics": {
                    "outcome": -0.8521853542083566
                },
                "metadata": {
                    "trials": 1
                }
            },
            {
                "query": {
                    "x": 0.5559453385460051
                },
                "metrics": {
                    "outcome": -0.844845048110597
                },
                "metadata": {
                    "trials": 1
                }
            },
            {
                "query": {
                    "x": 0.537307833892141
                },
                "metrics": {
                    "outcome": -0.8117326851897009
                },
                "metadata": {
                    "trials": 1
                }
            },
            {
                "query": {
                    "x": 0.561473786350305
                },
                "metrics": {
                    "outcome": -0.7963031970534894
                },
                "metadata": {
                    "trials": 1
                }
            }
        ],
        [
            {
                "query": {
                    "x": 0.5484279830039815
                },
                "metrics": {
                    "outcome": -0.8690028781422555
                },
                "metadata": {
                    "trials": 1
                }
            },
            {
                "query": {
                    "x": 0.5513287239006823
                },
                "metrics": {
                    "outcome": -0.8655858778339408
                },
                "metadata": {
                    "trials": 1
                }
            },
            {
                "query": {
                    "x": 0.545534888201854
                },
                "metrics": {
                    "outcome": -0.8648708635736589
                },
                "metadata": {
                    "trials": 1
                }
            },
            {
                "query": {
                    "x": 0.5540119785493028
                },
                "metrics": {
                    "outcome": -0.8557850655022742
                },
                "metadata": {
                    "trials": 1
                }
            },
            {
                "query": {
                    "x": 0.5425879283307581
                },
                "metrics": {
                    "outcome": -0.8528636300972172
                },
                "metadata": {
                    "trials": 1
                }
            },
            {
                "query": {
                    "x": 0.5569391175819238
                },
                "metrics": {
                    "outcome": -0.8379812604843436
                },
                "metadata": {
                    "trials": 1
                }
            }
        ],
        [
            {
                "query": {
                    "x": 0.5485228880563745
                },
                "metrics": {
                    "outcome": -0.8690103949624145
                },
                "metadata": {
                    "trials": 1
                }
            },
            {
                "query": {
                    "x": 0.5460046611957481
                },
                "metrics": {
                    "outcome": -0.8660569265884167
                },
                "metadata": {
                    "trials": 1
                }
            },
            {
                "query": {
                    "x": 0.5510402280564184
                },
                "metrics": {
                    "outcome": -0.8662618911170598
                },
                "metadata": {
                    "trials": 1
                }
            },
            {
                "query": {
                    "x": 0.5534339395766961
                },
                "metrics": {
                    "outcome": -0.8584291994711346
                },
                "metadata": {
                    "trials": 1
                }
            },
            {
                "query": {
                    "x": 0.5435018907923077
                },
                "metrics": {
                    "outcome": -0.857430287506489
                },
                "metadata": {
                    "trials": 1
                }
            },
            {
                "query": {
                    "x": 0.5559894864858788
                },
                "metrics": {
                    "outcome": -0.8445578742207019
                },
                "metadata": {
                    "trials": 1
                }
            }
        ],
        [
            {
                "query": {
                    "x": 0.5485482291079435
                },
                "metrics": {
                    "outcome": -0.8690110308344428
                },
                "metadata": {
                    "trials": 1
                }
            },
            {
                "query": {
                    "x": 0.546205580703709
                },
                "metrics": {
                    "outcome": -0.8665031301087094
                },
                "metadata": {
                    "trials": 1
                }
            },
            {
                "query": {
                    "x": 0.5508886259581904
                },
                "metrics": {
                    "outcome": -0.8665875113099623
                },
                "metadata": {
                    "trials": 1
                }
            },
            {
                "query": {
                    "x": 0.5531314591584323
                },
                "metrics": {
                    "outcome": -0.8596968177853599
                },
                "metadata": {
                    "trials": 1
                }
            },
            {
                "query": {
                    "x": 0.5438983516834521
                },
                "metrics": {
                    "outcome": -0.8591756440317357
                },
                "metadata": {
                    "trials": 1
                }
            },
            {
                "query": {
                    "x": 0.5555039151125237
                },
                "metrics": {
                    "outcome": -0.847625192617116
                },
                "metadata": {
                    "trials": 1
                }
            }
        ],
        [
            {
                "query": {
                    "x": 0.5485568457530029
                },
                "metrics": {
                    "outcome": -0.8690111153995179
                },
                "metadata": {
                    "trials": 1
                }
            },
            {
                "query": {
                    "x": 0.5463566397797471
                },
                "metrics": {
                    "outcome": -0.8668145178478729
                },
                "metadata": {
                    "trials": 1
                }
            },
            {
                "query": {
                    "x": 0.5507549313772441
                },
                "metrics": {
                    "outcome": -0.866857715073969
                },
                "metadata": {
                    "trials": 1
                }
            },
            {
                "query": {
                    "x": 0.5528712985371251
                },
                "metrics": {
                    "outcome": -0.860723105936486
                },
                "metadata": {
                    "trials": 1
                }
            },
            {
                "query": {
                    "x": 0.544197323061444
                },
                "metrics": {
                    "outcome": -0.8603974992383059
                },
                "metadata": {
                    "trials": 1
                }
            },
            {
                "query": {
                    "x": 0.5550969119249739
                },
                "metrics": {
                    "outcome": -0.850041090100388
                },
                "metadata": {
                    "trials": 1
                }
            }
        ],
        [
            {
                "query": {
                    "x": 0.5485608888485325
                },
                "metrics": {
                    "outcome": -0.8690111320510537
                },
                "metadata": {
                    "trials": 1
                }
            },
            {
                "query": {
                    "x": 0.5464660777269332
                },
                "metrics": {
                    "outcome": -0.8670271988908195
                },
                "metadata": {
                    "trials": 1
                }
            },
            {
                "query": {
                    "x": 0.5506538471256193
                },
                "metrics": {
                    "outcome": -0.8670514545640423
                },
                "metadata": {
                    "trials": 1
                }
            },
            {
                "query": {
                    "x": 0.5526745264052819
                },
                "metrics": {
                    "outcome": -0.8614599545881677
                },
                "metadata": {
                    "trials": 1
                }
            },
            {
                "query": {
                    "x": 0.5444138867149233
                },
                "metrics": {
                    "outcome": -0.8612319119941081
                },
                "metadata": {
                    "trials": 1
                }
            },
            {
                "query": {
                    "x": 0.5547998416935648
                },
                "metrics": {
                    "outcome": -0.8517147546022893
                },
                "metadata": {
                    "trials": 1
                }
            }
        ],
        [
            {
                "query": {
                    "x": 0.5485629259404361
                },
                "metrics": {
                    "outcome": -0.8690111348685103
                },
                "metadata": {
                    "trials": 1
                }
            },
            {
                "query": {
                    "x": 0.5465508445792732
                },
                "metrics": {
                    "outcome": -0.8671844808212873
                },
                "metadata": {
                    "trials": 1
                }
            },
            {
                "query": {
                    "x": 0.550573388021703
                },
                "metrics": {
                    "outcome": -0.8671991617384895
                },
                "metadata": {
                    "trials": 1
                }
            },
            {
                "query": {
                    "x": 0.5445817197600634
                },
                "metrics": {
                    "outcome": -0.8618492966570698
                },
                "metadata": {
                    "trials": 1
                }
            },
            {
                "query": {
                    "x": 0.5525178446781739
                },
                "metrics": {
                    "outcome": -0.8620223792421449
                },
                "metadata": {
                    "trials": 1
                }
            },
            {
                "query": {
                    "x": 0.5545513550302228
                },
                "metrics": {
                    "outcome": -0.8530563785324455
                },
                "metadata": {
                    "trials": 1
                }
            }
        ],
        [
            {
                "query": {
                    "x": 0.548563990059247
                },
                "metrics": {
                    "outcome": -0.8690111348556112
                },
                "metadata": {
                    "trials": 1
                }
            },
            {
                "query": {
                    "x": 0.5466195193925241
                },
                "metrics": {
                    "outcome": -0.8673071343578256
                },
                "metadata": {
                    "trials": 1
                }
            },
            {
                "query": {
                    "x": 0.5505070697655331
                },
                "metrics": {
                    "outcome": -0.8673165740497524
                },
                "metadata": {
                    "trials": 1
                }
            },
            {
                "query": {
                    "x": 0.5447177072826991
                },
                "metrics": {
                    "outcome": -0.862330790557989
                },
                "metadata": {
                    "trials": 1
                }
            },
            {
                "query": {
                    "x": 0.55238856378639
                },
                "metrics": {
                    "outcome": -0.8624702042248532
                },
                "metadata": {
                    "trials": 1
                }
            },
            {
                "query": {
                    "x": 0.5543526672275724
                },
                "metrics": {
                    "outcome": -0.8540908064402529
                },
                "metadata": {
                    "trials": 1
                }
            }
        ],
        [
            {
                "query": {
                    "x": 0.5485645825854434
                },
                "metrics": {
                    "outcome": -0.8690111344068178
                },
                "metadata": {
                    "trials": 1
                }
            },
            {
                "query": {
                    "x": 0.5466769408832364
                },
                "metrics": {
                    "outcome": -0.867406412186511
                },
                "metadata": {
                    "trials": 1
                }
            },
            {
                "query": {
                    "x": 0.5504509934111648
                },
                "metrics": {
                    "outcome": -0.8674127958523984
                },
                "metadata": {
                    "trials": 1
                }
            },
            {
                "query": {
                    "x": 0.5448314270830051
                },
                "metrics": {
                    "outcome": -0.862720557549334
                },
                "metadata": {
                    "trials": 1
                }
            },
            {
                "query": {
                    "x": 0.5522791310369234
                },
                "metrics": {
                    "outcome": -0.8628377873697436
                },
                "metadata": {
                    "trials": 1
                }
            },
            {
                "query": {
                    "x": 0.554184791278123
                },
                "metrics": {
                    "outcome": -0.8549382214990493
                },
                "metadata": {
                    "trials": 1
                }
            }
        ],
        [
            {
                "query": {
                    "x": 0.5485649125378744
                },
                "metrics": {
                    "outcome": -0.8690111340199704
                },
                "metadata": {
                    "trials": 1
                }
            },
            {
                "query": {
                    "x": 0.5467260911402876
                },
                "metrics": {
                    "outcome": -0.8674890191105342
                },
                "metadata": {
                    "trials": 1
                }
            },
            {
                "query": {
                    "x": 0.5504026492024225
                },
                "metrics": {
                    "outcome": -0.867493500165506
                },
                "metadata": {
                    "trials": 1
                }
            },
            {
                "query": {
                    "x": 0.5449287497208524
                },
                "metrics": {
                    "outcome": -0.8630448064535828
                },
                "metadata": {
                    "trials": 1
                }
            },
            {
                "query": {
                    "x": 0.5521846840287558
                },
                "metrics": {
                    "outcome": -0.8631465579073576
                },
                "metadata": {
                    "trials": 1
                }
            },
            {
                "query": {
                    "x": 0.5540400877790406
                },
                "metrics": {
                    "outcome": -0.8556490831218722
                },
                "metadata": {
                    "trials": 1
                }
            }
        ],
        [
            {
                "query": {
                    "x": 0.5485650529872667
                },
                "metrics": {
                    "outcome": -0.86901113382558
                },
                "metadata": {
                    "trials": 1
                }
            },
            {
                "query": {
                    "x": 0.5467688860763109
                },
                "metrics": {
                    "outcome": -0.8675591641169587
                },
                "metadata": {
                    "trials": 1
                }
            },
            {
                "query": {
                    "x": 0.5503602782988558
                },
                "metrics": {
                    "outcome": -0.8675625192871409
                },
                "metadata": {
                    "trials": 1
                }
            },
            {
                "query": {
                    "x": 0.5450134999595942
                },
                "metrics": {
                    "outcome": -0.8633201679703053
                },
                "metadata": {
                    "trials": 1
                }
            },
            {
                "query": {
                    "x": 0.5521018467325886
                },
                "metrics": {
                    "outcome": -0.8634109045737167
                },
                "metadata": {
                    "trials": 1
                }
            },
            {
                "query": {
                    "x": 0.553913279359166
                },
                "metrics": {
                    "outcome": -0.85625710772281
                },
                "metadata": {
                    "trials": 1
                }
            }
        ],
        [
            {
                "query": {
                    "x": 0.5485650301074205
                },
                "metrics": {
                    "outcome": -0.8690111338584573
                },
                "metadata": {
                    "trials": 1
                }
            },
            {
                "query": {
                    "x": 0.5468066188614176
                },
                "metrics": {
                    "outcome": -0.8676196369505318
                },
                "metadata": {
                    "trials": 1
                }
            },
            {
                "query": {
                    "x": 0.5503225949243696
                },
                "metrics": {
                    "outcome": -0.867622557554536
                },
                "metadata": {
                    "trials": 1
                }
            },
            {
                "query": {
                    "x": 0.5450882942331944
                },
                "metrics": {
                    "outcome": -0.8635577685437797
                },
                "metadata": {
                    "trials": 1
                }
            },
            {
                "query": {
                    "x": 0.5520282107210597
                },
                "metrics": {
                    "outcome": -0.863640809988357
                },
                "metadata": {
                    "trials": 1
                }
            },
            {
                "query": {
                    "x": 0.5538006505209211
                },
                "metrics": {
                    "outcome": -0.8567854380467039
                },
                "metadata": {
                    "trials": 1
                }
            }
        ],
        [
            {
                "query": {
                    "x": 0.5485650460312496
                },
                "metrics": {
                    "outcome": -0.8690111338356253
                },
                "metadata": {
                    "trials": 1
                }
            },
            {
                "query": {
                    "x": 0.5468363192566899
                },
                "metrics": {
                    "outcome": -0.8676663304824749
                },
                "metadata": {
                    "trials": 1
                }
            },
            {
                "query": {
                    "x": 0.5502889274328792
                },
                "metrics": {
                    "outcome": -0.8676751261749243
                },
                "metadata": {
                    "trials": 1
                }
            },
            {
                "query": {
                    "x": 0.5451510423193932
                },
                "metrics": {
                    "outcome": -0.8637531869309398
                },
                "metadata": {
                    "trials": 1
                }
            },
            {
                "query": {
                    "x": 0.5519622516428
                },
                "metrics": {
                    "outcome": -0.8638426859513653
                },
                "metadata": {
                    "trials": 1
                }
            },
            {
                "query": {
                    "x": 0.5536997845195993
                },
                "metrics": {
                    "outcome": -0.8572492329483472
                },
                "metadata": {
                    "trials": 1
                }
            }
        ],
        [
            {
                "query": {
                    "x": 0.5485649146969641
                },
                "metrics": {
                    "outcome": -0.8690111340171165
                },
                "metadata": {
                    "trials": 1
                }
            },
            {
                "query": {
                    "x": 0.5468708072502695
                },
                "metrics": {
                    "outcome": -0.8677195493836447
                },
                "metadata": {
                    "trials": 1
                }
            },
            {
                "query": {
                    "x": 0.5502583632500311
                },
                "metrics": {
                    "outcome": -0.8677219734847701
                },
                "metadata": {
                    "trials": 1
                }
            },
            {
                "query": {
                    "x": 0.5452154710095596
                },
                "metrics": {
                    "outcome": -0.8639501227316301
                },
                "metadata": {
                    "trials": 1
                }
            },
            {
                "query": {
                    "x": 0.551902449974875
                },
                "metrics": {
                    "outcome": -0.8640223980500915
                },
                "metadata": {
                    "trials": 1
                }
            },
            {
                "query": {
                    "x": 0.5536084189622941
                },
                "metrics": {
                    "outcome": -0.8576617047772888
                },
                "metadata": {
                    "trials": 1
                }
            }
        ],
        [
            {
                "query": {
                    "x": 0.5485648798089034
                },
                "metrics": {
                    "outcome": -0.8690111340627195
                },
                "metadata": {
                    "trials": 1
                }
            },
            {
                "query": {
                    "x": 0.5468979297755472
                },
                "metrics": {
                    "outcome": -0.8677606466297608
                },
                "metadata": {
                    "trials": 1
                }
            },
            {
                "query": {
                    "x": 0.5502306218284652
                },
                "metrics": {
                    "outcome": -0.8677637725109995
                },
                "metadata": {
                    "trials": 1
                }
            },
            {
                "query": {
                    "x": 0.5452697599985621
                },
                "metrics": {
                    "outcome": -0.8641131418345546
                },
                "metadata": {
                    "trials": 1
                }
            },
            {
                "query": {
                    "x": 0.5518480311219516
                },
                "metrics": {
                    "outcome": -0.8641831902857166
                },
                "metadata": {
                    "trials": 1
                }
            },
            {
                "query": {
                    "x": 0.5535252099171303
                },
                "metrics": {
                    "outcome": -0.8580310307107346
                },
                "metadata": {
                    "trials": 1
                }
            }
        ],
        [
            {
                "query": {
                    "x": 0.5485647653670934
                },
                "metrics": {
                    "outcome": -0.8690111342046203
                },
                "metadata": {
                    "trials": 1
                }
            },
            {
                "query": {
                    "x": 0.5469239164541962
                },
                "metrics": {
                    "outcome": -0.8677993985266125
                },
                "metadata": {
                    "trials": 1
                }
            },
            {
                "query": {
                    "x": 0.550205090867396
                },
                "metrics": {
                    "outcome": -0.8678016340079022
                },
                "metadata": {
                    "trials": 1
                }
            },
            {
                "query": {
                    "x": 0.5453206567506338
                },
                "metrics": {
                    "outcome": -0.8642635466647041
                },
                "metadata": {
                    "trials": 1
                }
            },
            {
                "query": {
                    "x": 0.5517980046634331
                },
                "metrics": {
                    "outcome": -0.8643286968727588
                },
                "metadata": {
                    "trials": 1
                }
            },
            {
                "query": {
                    "x": 0.5534488146002275
                },
                "metrics": {
                    "outcome": -0.8583648021609371
                },
                "metadata": {
                    "trials": 1
                }
            }
        ]
    ],
    "best_results": [
        {
            "query": {
                "x": 0.5485629259404361
            },
            "metrics": [
                {
                    "name": "outcome",
                    "value": -0.8690111348685103
                }
            ]
        }
    ]
}