{
    "date": "04/11/2022 16:37:48",
    "basic_params": {
        "active_variables": [
            "x"
        ],
        "default_query": {},
        "metric": "basic",
        "n_trials": 1
    },
    "objective_function": {
        "name": "Forrester",
        "params": {}
    },
    "optimizer": {
        "name": "BO",
        "params": {
            "lower_bound": [
                0.0
            ],
            "upper_bound": [
                1.0
            ],
            "invert_metric": false,
            "bopt_params": {
                "n_iterations": 140,
                "n_init_samples": 10
            }
        }
    },
    "iterations": [
        [
            {
                "query": {
                    "x": 0.19977348130196332
                },
                "metrics": {
                    "outcome": -0.6418492631582761
                },
                "metadata": {
                    "trials": 1
                }
            }
        ],
        [
            {
                "query": {
                    "x": 0.9934056260390207
                },
                "metrics": {
                    "outcome": 15.649963381286057
                },
                "metadata": {
                    "trials": 1
                }
            }
        ],
        [
            {
                "query": {
                    "x": 0.23158439930994063
                },
                "metrics": {
                    "outcome": -0.3501308908576882
                },
                "metadata": {
                    "trials": 1
                }
            }
        ],
        [
            {
                "query": {
                    "x": 0.8236120663117618
                },
                "metrics": {
                    "outcome": -3.368535674334334
                },
                "metadata": {
                    "trials": 1
                }
            }
        ],
        [
            {
                "query": {
                    "x": 0.787798066646792
                },
                "metrics": {
                    "outcome": -5.484831539707739
                },
                "metadata": {
                    "trials": 1
                }
            }
        ],
        [
            {
                "query": {
                    "x": 0.4861941386712715
                },
                "metrics": {
                    "outcome": 0.8121496992349623
                },
                "metadata": {
                    "trials": 1
                }
            }
        ],
        [
            {
                "query": {
                    "x": 0.5234627078985795
                },
                "metrics": {
                    "outcome": 0.9862680110923345
                },
                "metadata": {
                    "trials": 1
                }
            }
        ],
        [
            {
                "query": {
                    "x": 0.033224804885685445
                },
                "metrics": {
                    "outcome": 1.438589256458145
                },
                "metadata": {
                    "trials": 1
                }
            }
        ],
        [
            {
                "query": {
                    "x": 0.6728348941775039
                },
                "metrics": {
                    "outcome": -3.3322559849777353
                },
                "metadata": {
                    "trials": 1
                }
            }
        ],
        [
            {
                "query": {
                    "x": 0.3969573796261102
                },
                "metrics": {
                    "outcome": 0.10076350457670143
                },
                "metadata": {
                    "trials": 1
                }
            }
        ],
        [
            {
                "query": {
                    "x": 0.7777444049659822
                },
                "metrics": {
                    "outcome": -5.784463282261289
                },
                "metadata": {
                    "trials": 1
                }
            }
        ],
        [
            {
                "query": {
                    "x": 0.7678536843586747
                },
                "metrics": {
                    "outcome": -5.9589479616219885
                },
                "metadata": {
                    "trials": 1
                }
            }
        ],
        [
            {
                "query": {
                    "x": 0.7592839105913649
                },
                "metrics": {
                    "outcome": -6.018515571206937
                },
                "metadata": {
                    "trials": 1
                }
            }
        ],
        [
            {
                "query": {
                    "x": 0.7504510928602794
                },
                "metrics": {
                    "outcome": -5.996555068274001
                },
                "metadata": {
                    "trials": 1
                }
            }
        ],
        [
            {
                "query": {
                    "x": 0.7567267060519645
                },
                "metrics": {
                    "outcome": -6.020594736252558
                },
                "metadata": {
                    "trials": 1
                }
            }
        ],
        [
            {
                "query": {
                    "x": 0.7570635861517532
                },
                "metrics": {
                    "outcome": -6.020721755206696
                },
                "metadata": {
                    "trials": 1
                }
            }
        ],
        [
            {
                "query": {
                    "x": 0.7570949560064789
                },
                "metrics": {
                    "outcome": -6.020727429437183
                },
                "metadata": {
                    "trials": 1
                }
            }
        ],
        [
            {
                "query": {
                    "x": 0.7571223702285298
                },
                "metrics": {
                    "outcome": -6.020731528750729
                },
                "metadata": {
                    "trials": 1
                }
            }
        ],
        [
            {
                "query": {
                    "x": 0.7571390683717513
                },
                "metrics": {
                    "outcome": -6.020733632756522
                },
                "metadata": {
                    "trials": 1
                }
            }
        ],
        [
            {
                "query": {
                    "x": 0.757150865846854
                },
                "metrics": {
                    "outcome": -6.020734939917902
                },
                "metadata": {
                    "trials": 1
                }
            }
        ],
        [
            {
                "query": {
                    "x": 0.7571597821073649
                },
                "metrics": {
                    "outcome": -6.020735829299115
                },
                "metadata": {
                    "trials": 1
                }
            }
        ],
        [
            {
                "query": {
                    "x": 0.7571667873232886
                },
                "metrics": {
                    "outcome": -6.020736468543387
                },
                "metadata": {
                    "trials": 1
                }
            }
        ],
        [
            {
                "query": {
                    "x": 0.757172502787569
                },
                "metrics": {
                    "outcome": -6.020736951297263
                },
                "metadata": {
                    "trials": 1
                }
            }
        ],
        [
            {
                "query": {
                    "x": 0.7571772606128406
                },
                "metrics": {
                    "outcome": -6.020737326572592
                },
                "metadata": {
                    "trials": 1
                }
            }
        ],
        [
            {
                "query": {
                    "x": 0.7571813578761651
                },
                "metrics": {
                    "outcome": -6.020737630383184
                },
                "metadata": {
                    "trials": 1
                }
            }
        ],
        [
            {
                "query": {
                    "x": 0.7571848768660304
                },
                "metrics": {
                    "outcome": -6.020737877011164
                },
                "metadata": {
                    "trials": 1
                }
            }
        ],
        [
            {
                "query": {
                    "x": 0.7571879520622107
                },
                "metrics": {
                    "outcome": -6.020738081713089
                },
                "metadata": {
                    "trials": 1
                }
            }
        ],
        [
            {
                "query": {
                    "x": 0.7571906992698186
                },
                "metrics": {
                    "outcome": -6.0207382560451626
                },
                "metadata": {
                    "trials": 1
                }
            }
        ],
        [
            {
                "query": {
                    "x": 0.7571931593332745
                },
                "metrics": {
                    "outcome": -6.020738405318361
                },
                "metadata": {
                    "trials": 1
                }
            }
        ],
        [
            {
                "query": {
                    "x": 0.7571953082460469
                },
                "metrics": {
                    "outcome": -6.02073853042496
                },
                "metadata": {
                    "trials": 1
                }
            }
        ],
        [
            {
                "query": {
                    "x": 0.9622056453954428
                },
                "metrics": {
                    "outcome": 13.569408670427723
                },
                "metadata": {
                    "trials": 1
                }
            }
        ],
        [
            {
                "query": {
                    "x": 0.7571968636746261
                },
                "metrics": {
                    "outcome": -6.020738617904334
                },
                "metadata": {
                    "trials": 1
                }
            }
        ],
        [
            {
                "query": {
                    "x": 0.7571988532211698
                },
                "metrics": {
                    "outcome": -6.020738726034471
                },
                "metadata": {
                    "trials": 1
                }
            }
        ],
        [
            {
                "query": {
                    "x": 0.7572006218893833
                },
                "metrics": {
                    "outcome": -6.0207388186120365
                },
                "metadata": {
                    "trials": 1
                }
            }
        ],
        [
            {
                "query": {
                    "x": 0.7572021942385528
                },
                "metrics": {
                    "outcome": -6.020738898109556
                },
                "metadata": {
                    "trials": 1
                }
            }
        ],
        [
            {
                "query": {
                    "x": 0.7569520606860759
                },
                "metrics": {
                    "outcome": -6.020693087600021
                },
                "metadata": {
                    "trials": 1
                }
            }
        ],
        [
            {
                "query": {
                    "x": 0.757344378189718
                },
                "metrics": {
                    "outcome": -6.020735171904085
                },
                "metadata": {
                    "trials": 1
                }
            }
        ],
        [
            {
                "query": {
                    "x": 0.7573210963041164
                },
                "metrics": {
                    "outcome": -6.0207372608264
                },
                "metadata": {
                    "trials": 1
                }
            }
        ],
        [
            {
                "query": {
                    "x": 0.7568632940276656
                },
                "metrics": {
                    "outcome": -6.020660799460433
                },
                "metadata": {
                    "trials": 1
                }
            }
        ],
        [
            {
                "query": {
                    "x": 0.7573781139371842
                },
                "metrics": {
                    "outcome": -6.020731116985522
                },
                "metadata": {
                    "trials": 1
                }
            }
        ],
        [
            {
                "query": {
                    "x": 0.757358129569699
                },
                "metrics": {
                    "outcome": -6.02073366592717
                },
                "metadata": {
                    "trials": 1
                }
            }
        ],
        [
            {
                "query": {
                    "x": 0.7568716126614529
                },
                "metrics": {
                    "outcome": -6.020664181578164
                },
                "metadata": {
                    "trials": 1
                }
            }
        ],
        [
            {
                "query": {
                    "x": 0.757389722361736
                },
                "metrics": {
                    "outcome": -6.020729440314722
                },
                "metadata": {
                    "trials": 1
                }
            }
        ],
        [
            {
                "query": {
                    "x": 0.7573719457585686
                },
                "metrics": {
                    "outcome": -6.020731949271915
                },
                "metadata": {
                    "trials": 1
                }
            }
        ],
        [
            {
                "query": {
                    "x": 0.7573526969442153
                },
                "metrics": {
                    "outcome": -6.02073428503329
                },
                "metadata": {
                    "trials": 1
                }
            }
        ],
        [
            {
                "query": {
                    "x": 0.7568532256495482
                },
                "metrics": {
                    "outcome": -6.020656607415314
                },
                "metadata": {
                    "trials": 1
                }
            }
        ],
        [
            {
                "query": {
                    "x": 0.7573855592050811
                },
                "metrics": {
                    "outcome": -6.020730058194195
                },
                "metadata": {
                    "trials": 1
                }
            }
        ],
        [
            {
                "query": {
                    "x": 0.757369205067147
                },
                "metrics": {
                    "outcome": -6.020732306027319
                },
                "metadata": {
                    "trials": 1
                }
            }
        ],
        [
            {
                "query": {
                    "x": 0.7568782619633346
                },
                "metrics": {
                    "outcome": -6.020666832018092
                },
                "metadata": {
                    "trials": 1
                }
            }
        ],
        [
            {
                "query": {
                    "x": 0.7573905097599011
                },
                "metrics": {
                    "outcome": -6.020729321368093
                },
                "metadata": {
                    "trials": 1
                }
            }
        ],
        [
            {
                "query": {
                    "x": 0.7573759166724241
                },
                "metrics": {
                    "outcome": -6.020731418131763
                },
                "metadata": {
                    "trials": 1
                }
            }
        ],
        [
            {
                "query": {
                    "x": 0.5421617629472166
                },
                "metrics": {
                    "outcome": 0.9320735380117361
                },
                "metadata": {
                    "trials": 1
                }
            }
        ],
        [
            {
                "query": {
                    "x": 0.757362496700512
                },
                "metrics": {
                    "outcome": -6.020733145370677
                },
                "metadata": {
                    "trials": 1
                }
            }
        ],
        [
            {
                "query": {
                    "x": 0.756877409329692
                },
                "metrics": {
                    "outcome": -6.020666494785548
                },
                "metadata": {
                    "trials": 1
                }
            }
        ],
        [
            {
                "query": {
                    "x": 0.7573849375644114
                },
                "metrics": {
                    "outcome": -6.020730148865451
                },
                "metadata": {
                    "trials": 1
                }
            }
        ],
        [
            {
                "query": {
                    "x": 0.757371185088983
                },
                "metrics": {
                    "outcome": -6.020732049093288
                },
                "metadata": {
                    "trials": 1
                }
            }
        ],
        [
            {
                "query": {
                    "x": 0.7568961397176199
                },
                "metrics": {
                    "outcome": -6.020673724748206
                },
                "metadata": {
                    "trials": 1
                }
            }
        ],
        [
            {
                "query": {
                    "x": 0.7573877062358931
                },
                "metrics": {
                    "outcome": -6.020729741854532
                },
                "metadata": {
                    "trials": 1
                }
            }
        ],
        [
            {
                "query": {
                    "x": 0.7573752000251058
                },
                "metrics": {
                    "outcome": -6.020731515235552
                },
                "metadata": {
                    "trials": 1
                }
            }
        ],
        [
            {
                "query": {
                    "x": 0.7569102590250404
                },
                "metrics": {
                    "outcome": -6.020678927898493
                },
                "metadata": {
                    "trials": 1
                }
            }
        ],
        [
            {
                "query": {
                    "x": 0.7572716126319913
                },
                "metrics": {
                    "outcome": -6.020739776816466
                },
                "metadata": {
                    "trials": 1
                }
            }
        ],
        [
            {
                "query": {
                    "x": 0.7572703826851367
                },
                "metrics": {
                    "outcome": -6.020739806033317
                },
                "metadata": {
                    "trials": 1
                }
            }
        ],
        [
            {
                "query": {
                    "x": 0.7572683441871839
                },
                "metrics": {
                    "outcome": -6.020739850898378
                },
                "metadata": {
                    "trials": 1
                }
            }
        ],
        [
            {
                "query": {
                    "x": 0.7572664698964885
                },
                "metrics": {
                    "outcome": -6.020739888232537
                },
                "metadata": {
                    "trials": 1
                }
            }
        ],
        [
            {
                "query": {
                    "x": 0.7572644585945163
                },
                "metrics": {
                    "outcome": -6.0207399241219095
                },
                "metadata": {
                    "trials": 1
                }
            }
        ],
        [
            {
                "query": {
                    "x": 0.7572626220517964
                },
                "metrics": {
                    "outcome": -6.020739953118731
                },
                "metadata": {
                    "trials": 1
                }
            }
        ],
        [
            {
                "query": {
                    "x": 0.75726078750405
                },
                "metrics": {
                    "outcome": -6.020739978487224
                },
                "metadata": {
                    "trials": 1
                }
            }
        ],
        [
            {
                "query": {
                    "x": 0.7572589732272222
                },
                "metrics": {
                    "outcome": -6.020740000039948
                },
                "metadata": {
                    "trials": 1
                }
            }
        ],
        [
            {
                "query": {
                    "x": 0.7572572351107263
                },
                "metrics": {
                    "outcome": -6.020740017390439
                },
                "metadata": {
                    "trials": 1
                }
            }
        ],
        [
            {
                "query": {
                    "x": 0.7572554960503461
                },
                "metrics": {
                    "outcome": -6.0207400315209885
                },
                "metadata": {
                    "trials": 1
                }
            }
        ],
        [
            {
                "query": {
                    "x": 0.7572537613741493
                },
                "metrics": {
                    "outcome": -6.020740042397922
                },
                "metadata": {
                    "trials": 1
                }
            }
        ],
        [
            {
                "query": {
                    "x": 0.7572521762432669
                },
                "metrics": {
                    "outcome": -6.020740049526935
                },
                "metadata": {
                    "trials": 1
                }
            }
        ],
        [
            {
                "query": {
                    "x": 0.6543328778352588
                },
                "metrics": {
                    "outcome": -2.4190852089046495
                },
                "metadata": {
                    "trials": 1
                }
            }
        ],
        [
            {
                "query": {
                    "x": 0.7572838129356456
                },
                "metrics": {
                    "outcome": -6.020739399485512
                },
                "metadata": {
                    "trials": 1
                }
            }
        ],
        [
            {
                "query": {
                    "x": 0.7572807809103181
                },
                "metrics": {
                    "outcome": -6.020739508108273
                },
                "metadata": {
                    "trials": 1
                }
            }
        ],
        [
            {
                "query": {
                    "x": 0.7572778301210785
                },
                "metrics": {
                    "outcome": -6.020739604390834
                },
                "metadata": {
                    "trials": 1
                }
            }
        ],
        [
            {
                "query": {
                    "x": 0.7572749326051708
                },
                "metrics": {
                    "outcome": -6.020739689883871
                },
                "metadata": {
                    "trials": 1
                }
            }
        ],
        [
            {
                "query": {
                    "x": 0.7572720836845902
                },
                "metrics": {
                    "outcome": -6.020739765198859
                },
                "metadata": {
                    "trials": 1
                }
            }
        ],
        [
            {
                "query": {
                    "x": 0.7572691815615712
                },
                "metrics": {
                    "outcome": -6.020739833005895
                },
                "metadata": {
                    "trials": 1
                }
            }
        ],
        [
            {
                "query": {
                    "x": 0.7572664212616066
                },
                "metrics": {
                    "outcome": -6.020739889151351
                },
                "metadata": {
                    "trials": 1
                }
            }
        ],
        [
            {
                "query": {
                    "x": 0.7572636568868991
                },
                "metrics": {
                    "outcome": -6.020739937223002
                },
                "metadata": {
                    "trials": 1
                }
            }
        ],
        [
            {
                "query": {
                    "x": 0.7572608206653675
                },
                "metrics": {
                    "outcome": -6.020739978060566
                },
                "metadata": {
                    "trials": 1
                }
            }
        ],
        [
            {
                "query": {
                    "x": 0.7572579839606685
                },
                "metrics": {
                    "outcome": -6.020740010310784
                },
                "metadata": {
                    "trials": 1
                }
            }
        ],
        [
            {
                "query": {
                    "x": 0.7572553393745395
                },
                "metrics": {
                    "outcome": -6.020740032635423
                },
                "metadata": {
                    "trials": 1
                }
            }
        ],
        [
            {
                "query": {
                    "x": 0.7572526773564682
                },
                "metrics": {
                    "outcome": -6.020740047563303
                },
                "metadata": {
                    "trials": 1
                }
            }
        ],
        [
            {
                "query": {
                    "x": 0.7572498851329059
                },
                "metrics": {
                    "outcome": -6.020740055088476
                },
                "metadata": {
                    "trials": 1
                }
            }
        ],
        [
            {
                "query": {
                    "x": 0.7572471507846541
                },
                "metrics": {
                    "outcome": -6.020740054387952
                },
                "metadata": {
                    "trials": 1
                }
            }
        ],
        [
            {
                "query": {
                    "x": 0.7572443737051305
                },
                "metrics": {
                    "outcome": -6.020740045503303
                },
                "metadata": {
                    "trials": 1
                }
            }
        ],
        [
            {
                "query": {
                    "x": 0.7572414571769084
                },
                "metrics": {
                    "outcome": -6.020740027305413
                },
                "metadata": {
                    "trials": 1
                }
            }
        ],
        [
            {
                "query": {
                    "x": 0.7572388272055054
                },
                "metrics": {
                    "outcome": -6.020740003106406
                },
                "metadata": {
                    "trials": 1
                }
            }
        ],
        [
            {
                "query": {
                    "x": 0.757235564149475
                },
                "metrics": {
                    "outcome": -6.020739962814609
                },
                "metadata": {
                    "trials": 1
                }
            }
        ],
        [
            {
                "query": {
                    "x": 0.7572325868188156
                },
                "metrics": {
                    "outcome": -6.020739916130392
                },
                "metadata": {
                    "trials": 1
                }
            }
        ],
        [
            {
                "query": {
                    "x": 0.757175135487579
                },
                "metrics": {
                    "outcome": -6.020737161938275
                },
                "metadata": {
                    "trials": 1
                }
            }
        ],
        [
            {
                "query": {
                    "x": 0.18663001479580998
                },
                "metrics": {
                    "outcome": -0.7608963230752648
                },
                "metadata": {
                    "trials": 1
                }
            }
        ],
        [
            {
                "query": {
                    "x": 0.7573012095845865
                },
                "metrics": {
                    "outcome": -6.020738586403394
                },
                "metadata": {
                    "trials": 1
                }
            }
        ],
        [
            {
                "query": {
                    "x": 0.7571236924044356
                },
                "metrics": {
                    "outcome": -6.020731706193019
                },
                "metadata": {
                    "trials": 1
                }
            }
        ],
        [
            {
                "query": {
                    "x": 0.7573277368379823
                },
                "metrics": {
                    "outcome": -6.020736724070224
                },
                "metadata": {
                    "trials": 1
                }
            }
        ],
        [
            {
                "query": {
                    "x": 0.7571056352592721
                },
                "metrics": {
                    "outcome": -6.020729121651496
                },
                "metadata": {
                    "trials": 1
                }
            }
        ],
        [
            {
                "query": {
                    "x": 0.7573448977076425
                },
                "metrics": {
                    "outcome": -6.0207351186832785
                },
                "metadata": {
                    "trials": 1
                }
            }
        ],
        [
            {
                "query": {
                    "x": 0.7570932049474951
                },
                "metrics": {
                    "outcome": -6.020727140359428
                },
                "metadata": {
                    "trials": 1
                }
            }
        ],
        [
            {
                "query": {
                    "x": 0.757357231297226
                },
                "metrics": {
                    "outcome": -6.0207337704720185
                },
                "metadata": {
                    "trials": 1
                }
            }
        ],
        [
            {
                "query": {
                    "x": 0.7573471884009798
                },
                "metrics": {
                    "outcome": -6.02073488057812
                },
                "metadata": {
                    "trials": 1
                }
            }
        ],
        [
            {
                "query": {
                    "x": 0.7570673137303813
                },
                "metrics": {
                    "outcome": -6.020722484398613
                },
                "metadata": {
                    "trials": 1
                }
            }
        ],
        [
            {
                "query": {
                    "x": 0.7573613293161705
                },
                "metrics": {
                    "outcome": -6.020733286518009
                },
                "metadata": {
                    "trials": 1
                }
            }
        ],
        [
            {
                "query": {
                    "x": 0.7570650307873408
                },
                "metrics": {
                    "outcome": -6.020722039565857
                },
                "metadata": {
                    "trials": 1
                }
            }
        ],
        [
            {
                "query": {
                    "x": 0.7573700077013398
                },
                "metrics": {
                    "outcome": -6.020732202380076
                },
                "metadata": {
                    "trials": 1
                }
            }
        ],
        [
            {
                "query": {
                    "x": 0.7570631466826504
                },
                "metrics": {
                    "outcome": -6.0207216682610225
                },
                "metadata": {
                    "trials": 1
                }
            }
        ],
        [
            {
                "query": {
                    "x": 0.7573778964491196
                },
                "metrics": {
                    "outcome": -6.020731147023543
                },
                "metadata": {
                    "trials": 1
                }
            }
        ],
        [
            {
                "query": {
                    "x": 0.7570617215441644
                },
                "metrics": {
                    "outcome": -6.020721384891277
                },
                "metadata": {
                    "trials": 1
                }
            }
        ],
        [
            {
                "query": {
                    "x": 0.7573833940312747
                },
                "metrics": {
                    "outcome": -6.020730372215368
                },
                "metadata": {
                    "trials": 1
                }
            }
        ],
        [
            {
                "query": {
                    "x": 0.7573005026834716
                },
                "metrics": {
                    "outcome": -6.020738625745118
                },
                "metadata": {
                    "trials": 1
                }
            }
        ],
        [
            {
                "query": {
                    "x": 0.7572936337193855
                },
                "metrics": {
                    "outcome": -6.020738980228494
                },
                "metadata": {
                    "trials": 1
                }
            }
        ],
        [
            {
                "query": {
                    "x": 0.7572860566164569
                },
                "metrics": {
                    "outcome": -6.020739312782427
                },
                "metadata": {
                    "trials": 1
                }
            }
        ],
        [
            {
                "query": {
                    "x": 0.7572762448632289
                },
                "metrics": {
                    "outcome": -6.020739652276
                },
                "metadata": {
                    "trials": 1
                }
            }
        ],
        [
            {
                "query": {
                    "x": 0.8332126964814961
                },
                "metrics": {
                    "outcome": -2.5260273225973764
                },
                "metadata": {
                    "trials": 1
                }
            }
        ],
        [
            {
                "query": {
                    "x": 0.7571544569011776
                },
                "metrics": {
                    "outcome": -6.020735308322847
                },
                "metadata": {
                    "trials": 1
                }
            }
        ],
        [
            {
                "query": {
                    "x": 0.7571727867172523
                },
                "metrics": {
                    "outcome": -6.020736974370225
                },
                "metadata": {
                    "trials": 1
                }
            }
        ],
        [
            {
                "query": {
                    "x": 0.7572949350542826
                },
                "metrics": {
                    "outcome": -6.020738916941739
                },
                "metadata": {
                    "trials": 1
                }
            }
        ],
        [
            {
                "query": {
                    "x": 0.757146071519979
                },
                "metrics": {
                    "outcome": -6.020734426619549
                },
                "metadata": {
                    "trials": 1
                }
            }
        ],
        [
            {
                "query": {
                    "x": 0.7573172268399851
                },
                "metrics": {
                    "outcome": -6.0207375518657456
                },
                "metadata": {
                    "trials": 1
                }
            }
        ],
        [
            {
                "query": {
                    "x": 0.7571292279489441
                },
                "metrics": {
                    "outcome": -6.020732428839405
                },
                "metadata": {
                    "trials": 1
                }
            }
        ],
        [
            {
                "query": {
                    "x": 0.75733267930093
                },
                "metrics": {
                    "outcome": -6.0207362939781595
                },
                "metadata": {
                    "trials": 1
                }
            }
        ],
        [
            {
                "query": {
                    "x": 0.75711742947806
                },
                "metrics": {
                    "outcome": -6.0207308491725895
                },
                "metadata": {
                    "trials": 1
                }
            }
        ],
        [
            {
                "query": {
                    "x": 0.7573440448743389
                },
                "metrics": {
                    "outcome": -6.020735205897883
                },
                "metadata": {
                    "trials": 1
                }
            }
        ],
        [
            {
                "query": {
                    "x": 0.7571083750345777
                },
                "metrics": {
                    "outcome": -6.0207295361829045
                },
                "metadata": {
                    "trials": 1
                }
            }
        ],
        [
            {
                "query": {
                    "x": 0.7573527641558725
                },
                "metrics": {
                    "outcome": -6.020734277566544
                },
                "metadata": {
                    "trials": 1
                }
            }
        ],
        [
            {
                "query": {
                    "x": 0.7571016207400165
                },
                "metrics": {
                    "outcome": -6.0207284997878805
                },
                "metadata": {
                    "trials": 1
                }
            }
        ],
        [
            {
                "query": {
                    "x": 0.7573599990002018
                },
                "metrics": {
                    "outcome": -6.020733445589194
                },
                "metadata": {
                    "trials": 1
                }
            }
        ],
        [
            {
                "query": {
                    "x": 0.7573524963778205
                },
                "metrics": {
                    "outcome": -6.020734307286111
                },
                "metadata": {
                    "trials": 1
                }
            }
        ],
        [
            {
                "query": {
                    "x": 0.7570839834144343
                },
                "metrics": {
                    "outcome": -6.020725564040969
                },
                "metadata": {
                    "trials": 1
                }
            }
        ],
        [
            {
                "query": {
                    "x": 0.757360784138628
                },
                "metrics": {
                    "outcome": -6.0207333519358555
                },
                "metadata": {
                    "trials": 1
                }
            }
        ],
        [
            {
                "query": {
                    "x": 0.7570817922357701
                },
                "metrics": {
                    "outcome": -6.02072517614793
                },
                "metadata": {
                    "trials": 1
                }
            }
        ],
        [
            {
                "query": {
                    "x": 0.7573672386009479
                },
                "metrics": {
                    "outcome": -6.02073255705385
                },
                "metadata": {
                    "trials": 1
                }
            }
        ],
        [
            {
                "query": {
                    "x": 0.7570797931951413
                },
                "metrics": {
                    "outcome": -6.020724817801441
                },
                "metadata": {
                    "trials": 1
                }
            }
        ],
        [
            {
                "query": {
                    "x": 0.757372253485639
                },
                "metrics": {
                    "outcome": -6.020731908713665
                },
                "metadata": {
                    "trials": 1
                }
            }
        ],
        [
            {
                "query": {
                    "x": 0.4759642870631069
                },
                "metrics": {
                    "outcome": 0.72512426693668
                },
                "metadata": {
                    "trials": 1
                }
            }
        ],
        [
            {
                "query": {
                    "x": 0.7570783374642626
                },
                "metrics": {
                    "outcome": -6.0207245541665
                },
                "metadata": {
                    "trials": 1
                }
            }
        ],
        [
            {
                "query": {
                    "x": 0.7573762369521263
                },
                "metrics": {
                    "outcome": -6.020731374557183
                },
                "metadata": {
                    "trials": 1
                }
            }
        ],
        [
            {
                "query": {
                    "x": 0.7570771286566466
                },
                "metrics": {
                    "outcome": -6.02072433353224
                },
                "metadata": {
                    "trials": 1
                }
            }
        ],
        [
            {
                "query": {
                    "x": 0.7573796830589301
                },
                "metrics": {
                    "outcome": -6.020730898770054
                },
                "metadata": {
                    "trials": 1
                }
            }
        ],
        [
            {
                "query": {
                    "x": 0.7573733811098481
                },
                "metrics": {
                    "outcome": -6.020731759228226
                },
                "metadata": {
                    "trials": 1
                }
            }
        ],
        [
            {
                "query": {
                    "x": 0.7570682435746011
                },
                "metrics": {
                    "outcome": -6.020722663986494
                },
                "metadata": {
                    "trials": 1
                }
            }
        ],
        [
            {
                "query": {
                    "x": 0.7573774556311443
                },
                "metrics": {
                    "outcome": -6.020731207751288
                },
                "metadata": {
                    "trials": 1
                }
            }
        ],
        [
            {
                "query": {
                    "x": 0.7570683344893919
                },
                "metrics": {
                    "outcome": -6.020722681496079
                },
                "metadata": {
                    "trials": 1
                }
            }
        ],
        [
            {
                "query": {
                    "x": 0.7573806616930825
                },
                "metrics": {
                    "outcome": -6.020730761339904
                },
                "metadata": {
                    "trials": 1
                }
            }
        ],
        [
            {
                "query": {
                    "x": 0.7570685834834704
                },
                "metrics": {
                    "outcome": -6.020722729405558
                },
                "metadata": {
                    "trials": 1
                }
            }
        ],
        [
            {
                "query": {
                    "x": 0.7573833259470416
                },
                "metrics": {
                    "outcome": -6.020730382008524
                },
                "metadata": {
                    "trials": 1
                }
            }
        ],
        [
            {
                "query": {
                    "x": 0.7570687950136848
                },
                "metrics": {
                    "outcome": -6.020722770054596
                },
                "metadata": {
                    "trials": 1
                }
            }
        ],
        [
            {
                "query": {
                    "x": 0.7573855824510743
                },
                "metrics": {
                    "outcome": -6.020730054795565
                },
                "metadata": {
                    "trials": 1
                }
            }
        ],
        [
            {
                "query": {
                    "x": 0.7570691904158416
                },
                "metrics": {
                    "outcome": -6.020722845909723
                },
                "metadata": {
                    "trials": 1
                }
            }
        ]
    ],
    "best_results": [
        {
            "query": {
                "x": 0.7572498851329059
            },
            "metrics": [
                {
                    "name": "outcome",
                    "value": -6.020740055088476
                }
            ]
        }
    ]
}