{
    "date": "09/11/2022 18:38:23",
    "basic_params": {
        "active_variables": [
            "x"
        ],
        "default_query": {},
        "metric": "basic",
        "n_trials": 1
    },
    "objective_function": {
        "name": "Forrester",
        "params": {}
    },
    "optimizer": {
        "name": "BO-MCMC-2500",
        "params": {
            "lower_bound": [
                0.0
            ],
            "upper_bound": [
                1.0
            ],
            "invert_metric": false,
            "bopt_params": {
                "n_init_samples": 15,
                "n_iterations": 45,
                "n_iter_relearn": 5,
                "verbose_level": 0,
                "n_parallel_samples": 3,
                "par_type": "PAR_MCMC",
                "l_type": "L_MCMC",
                "burnout_mcmc_parallel": 2500,
                "crit_name": "cEI"
            }
        }
    },
    "execution_time": 98.05435848236084,
    "best_results": [
        {
            "query": {
                "x": 0.7572553564011654
            },
            "metrics": [
                {
                    "name": "outcome",
                    "value": -6.020740032515581
                }
            ]
        }
    ],
    "iterations": [
        [
            {
                "query": {
                    "x": 0.5952657531946898
                },
                "metrics": {
                    "outcome": -0.003942923909168152
                },
                "metadata": {
                    "trials": 1
                }
            }
        ],
        [
            {
                "query": {
                    "x": 0.20829826549937328
                },
                "metrics": {
                    "outcome": -0.5614224977626281
                },
                "metadata": {
                    "trials": 1
                }
            }
        ],
        [
            {
                "query": {
                    "x": 0.8866513509613773
                },
                "metrics": {
                    "outcome": 3.847917500766956
                },
                "metadata": {
                    "trials": 1
                }
            }
        ],
        [
            {
                "query": {
                    "x": 0.4955898961207519
                },
                "metrics": {
                    "outcome": 0.8814695935428017
                },
                "metadata": {
                    "trials": 1
                }
            }
        ],
        [
            {
                "query": {
                    "x": 0.7489240217022598
                },
                "metrics": {
                    "outcome": -5.984638607897262
                },
                "metadata": {
                    "trials": 1
                }
            }
        ],
        [
            {
                "query": {
                    "x": 0.4416847518334786
                },
                "metrics": {
                    "outcome": 0.4072637943938193
                },
                "metadata": {
                    "trials": 1
                }
            }
        ],
        [
            {
                "query": {
                    "x": 0.7083673492539674
                },
                "metrics": {
                    "outcome": -4.950079323508816
                },
                "metadata": {
                    "trials": 1
                }
            }
        ],
        [
            {
                "query": {
                    "x": 0.05120089656362931
                },
                "metrics": {
                    "outcome": 0.6922683401502668
                },
                "metadata": {
                    "trials": 1
                }
            }
        ],
        [
            {
                "query": {
                    "x": 0.1482718017573158
                },
                "metrics": {
                    "outcome": -0.9815506634004332
                },
                "metadata": {
                    "trials": 1
                }
            }
        ],
        [
            {
                "query": {
                    "x": 0.35914323235241075
                },
                "metrics": {
                    "outcome": 0.007309320234901627
                },
                "metadata": {
                    "trials": 1
                }
            }
        ],
        [
            {
                "query": {
                    "x": 0.12198174005995194
                },
                "metrics": {
                    "outcome": -0.9151213477687821
                },
                "metadata": {
                    "trials": 1
                }
            }
        ],
        [
            {
                "query": {
                    "x": 0.6482559782918542
                },
                "metrics": {
                    "outcome": -2.124968179310747
                },
                "metadata": {
                    "trials": 1
                }
            }
        ],
        [
            {
                "query": {
                    "x": 0.8373506852425635
                },
                "metrics": {
                    "outcome": -2.129193183449596
                },
                "metadata": {
                    "trials": 1
                }
            }
        ],
        [
            {
                "query": {
                    "x": 0.9572953929038097
                },
                "metrics": {
                    "outcome": 13.085318867522021
                },
                "metadata": {
                    "trials": 1
                }
            }
        ],
        [
            {
                "query": {
                    "x": 0.2803068254453441
                },
                "metrics": {
                    "outcome": -0.060151864296047845
                },
                "metadata": {
                    "trials": 1
                }
            }
        ],
        [
            {
                "query": {
                    "x": 0.7611293007201944
                },
                "metrics": {
                    "outcome": -6.012611166254227
                },
                "metadata": {
                    "trials": 1
                }
            },
            {
                "query": {
                    "x": 0.7409893514940569
                },
                "metrics": {
                    "outcome": -5.886499369075422
                },
                "metadata": {
                    "trials": 1
                }
            },
            {
                "query": {
                    "x": 0.7558499174555632
                },
                "metrics": {
                    "outcome": -6.019699328499724
                },
                "metadata": {
                    "trials": 1
                }
            }
        ],
        [
            {
                "query": {
                    "x": 0.7582597930894687
                },
                "metrics": {
                    "outcome": -6.0201926347731005
                },
                "metadata": {
                    "trials": 1
                }
            },
            {
                "query": {
                    "x": 0.7595760341291814
                },
                "metrics": {
                    "outcome": -6.017828773835442
                },
                "metadata": {
                    "trials": 1
                }
            },
            {
                "query": {
                    "x": 0.7578444154741115
                },
                "metrics": {
                    "outcome": -6.020550266033406
                },
                "metadata": {
                    "trials": 1
                }
            }
        ],
        [
            {
                "query": {
                    "x": 0.7868709617276646
                },
                "metrics": {
                    "outcome": -5.517759435716136
                },
                "metadata": {
                    "trials": 1
                }
            },
            {
                "query": {
                    "x": 0.7565977741332413
                },
                "metrics": {
                    "outcome": -6.0205141764575
                },
                "metadata": {
                    "trials": 1
                }
            },
            {
                "query": {
                    "x": 0.7819747277330168
                },
                "metrics": {
                    "outcome": -5.67371978184844
                },
                "metadata": {
                    "trials": 1
                }
            }
        ],
        [
            {
                "query": {
                    "x": 0.7569081181048761
                },
                "metrics": {
                    "outcome": -6.0206781525953295
                },
                "metadata": {
                    "trials": 1
                }
            },
            {
                "query": {
                    "x": 0.7575192397992125
                },
                "metrics": {
                    "outcome": -6.020700957690969
                },
                "metadata": {
                    "trials": 1
                }
            },
            {
                "query": {
                    "x": 0.7562531441239158
                },
                "metrics": {
                    "outcome": -6.020212233472748
                },
                "metadata": {
                    "trials": 1
                }
            }
        ],
        [
            {
                "query": {
                    "x": 0.7566471049168052
                },
                "metrics": {
                    "outcome": -6.020547085796756
                },
                "metadata": {
                    "trials": 1
                }
            },
            {
                "query": {
                    "x": 0.7569678131048826
                },
                "metrics": {
                    "outcome": -6.020697940631773
                },
                "metadata": {
                    "trials": 1
                }
            },
            {
                "query": {
                    "x": 0.7576610680417899
                },
                "metrics": {
                    "outcome": -6.020649168760038
                },
                "metadata": {
                    "trials": 1
                }
            }
        ],
        [
            {
                "query": {
                    "x": 0.7563552510605489
                },
                "metrics": {
                    "outcome": -6.020314820452936
                },
                "metadata": {
                    "trials": 1
                }
            },
            {
                "query": {
                    "x": 0.757883519648233
                },
                "metrics": {
                    "outcome": -6.020524505315022
                },
                "metadata": {
                    "trials": 1
                }
            },
            {
                "query": {
                    "x": 0.7577553941968523
                },
                "metrics": {
                    "outcome": -6.020602789921127
                },
                "metadata": {
                    "trials": 1
                }
            }
        ],
        [
            {
                "query": {
                    "x": 0.7578060655562842
                },
                "metrics": {
                    "outcome": -6.0205739356444665
                },
                "metadata": {
                    "trials": 1
                }
            },
            {
                "query": {
                    "x": 0.7575936534812546
                },
                "metrics": {
                    "outcome": -6.0206764720415755
                },
                "metadata": {
                    "trials": 1
                }
            },
            {
                "query": {
                    "x": 0.7562139100604771
                },
                "metrics": {
                    "outcome": -6.0201698785582005
                },
                "metadata": {
                    "trials": 1
                }
            }
        ],
        [
            {
                "query": {
                    "x": 0.7570421556718038
                },
                "metrics": {
                    "outcome": -6.020717275522068
                },
                "metadata": {
                    "trials": 1
                }
            },
            {
                "query": {
                    "x": 0.7575707097250715
                },
                "metrics": {
                    "outcome": -6.020684653923901
                },
                "metadata": {
                    "trials": 1
                }
            },
            {
                "query": {
                    "x": 0.7548352623000065
                },
                "metrics": {
                    "outcome": -6.017651095254259
                },
                "metadata": {
                    "trials": 1
                }
            }
        ],
        [
            {
                "query": {
                    "x": 0.7568457148598571
                },
                "metrics": {
                    "outcome": -6.020653409973626
                },
                "metadata": {
                    "trials": 1
                }
            },
            {
                "query": {
                    "x": 0.7567747939320473
                },
                "metrics": {
                    "outcome": -6.020620258439396
                },
                "metadata": {
                    "trials": 1
                }
            },
            {
                "query": {
                    "x": 0.7575724022090304
                },
                "metrics": {
                    "outcome": -6.020684069634698
                },
                "metadata": {
                    "trials": 1
                }
            }
        ],
        [
            {
                "query": {
                    "x": 0.7572818114886168
                },
                "metrics": {
                    "outcome": -6.020739472289428
                },
                "metadata": {
                    "trials": 1
                }
            },
            {
                "query": {
                    "x": 0.7565706715580751
                },
                "metrics": {
                    "outcome": -6.020494995809622
                },
                "metadata": {
                    "trials": 1
                }
            },
            {
                "query": {
                    "x": 0.757226225766269
                },
                "metrics": {
                    "outcome": -6.020739784673594
                },
                "metadata": {
                    "trials": 1
                }
            }
        ],
        [
            {
                "query": {
                    "x": 0.7575056242674327
                },
                "metrics": {
                    "outcome": -6.020704796224755
                },
                "metadata": {
                    "trials": 1
                }
            },
            {
                "query": {
                    "x": 0.7576876234579646
                },
                "metrics": {
                    "outcome": -6.0206370765780095
                },
                "metadata": {
                    "trials": 1
                }
            },
            {
                "query": {
                    "x": 0.7575791296390116
                },
                "metrics": {
                    "outcome": -6.02068171681978
                },
                "metadata": {
                    "trials": 1
                }
            }
        ],
        [
            {
                "query": {
                    "x": 0.7571005543083085
                },
                "metrics": {
                    "outcome": -6.020728331703859
                },
                "metadata": {
                    "trials": 1
                }
            },
            {
                "query": {
                    "x": 0.7567480560975063
                },
                "metrics": {
                    "outcome": -6.020606371120236
                },
                "metadata": {
                    "trials": 1
                }
            },
            {
                "query": {
                    "x": 0.7571124312143147
                },
                "metrics": {
                    "outcome": -6.020730135185416
                },
                "metadata": {
                    "trials": 1
                }
            }
        ],
        [
            {
                "query": {
                    "x": 0.7580026725014818
                },
                "metrics": {
                    "outcome": -6.020435884573448
                },
                "metadata": {
                    "trials": 1
                }
            },
            {
                "query": {
                    "x": 0.7570457803371416
                },
                "metrics": {
                    "outcome": -6.020718067604131
                },
                "metadata": {
                    "trials": 1
                }
            },
            {
                "query": {
                    "x": 0.7574303525659727
                },
                "metrics": {
                    "outcome": -6.0207224369999315
                },
                "metadata": {
                    "trials": 1
                }
            }
        ],
        [
            {
                "query": {
                    "x": 0.756840062403366
                },
                "metrics": {
                    "outcome": -6.020650964053463
                },
                "metadata": {
                    "trials": 1
                }
            },
            {
                "query": {
                    "x": 0.7568630038512196
                },
                "metrics": {
                    "outcome": -6.020660680153416
                },
                "metadata": {
                    "trials": 1
                }
            },
            {
                "query": {
                    "x": 0.7562880425528922
                },
                "metrics": {
                    "outcome": -6.020248538217733
                },
                "metadata": {
                    "trials": 1
                }
            }
        ],
        [
            {
                "query": {
                    "x": 0.7571164288654886
                },
                "metrics": {
                    "outcome": -6.02073070837168
                },
                "metadata": {
                    "trials": 1
                }
            },
            {
                "query": {
                    "x": 0.7573057329458355
                },
                "metrics": {
                    "outcome": -6.0207383220217485
                },
                "metadata": {
                    "trials": 1
                }
            },
            {
                "query": {
                    "x": 0.7575851136442308
                },
                "metrics": {
                    "outcome": -6.020679583272712
                },
                "metadata": {
                    "trials": 1
                }
            }
        ],
        [
            {
                "query": {
                    "x": 0.7571177084216277
                },
                "metrics": {
                    "outcome": -6.020730888233669
                },
                "metadata": {
                    "trials": 1
                }
            },
            {
                "query": {
                    "x": 0.7568381048084706
                },
                "metrics": {
                    "outcome": -6.020650109039268
                },
                "metadata": {
                    "trials": 1
                }
            },
            {
                "query": {
                    "x": 0.7568265084639212
                },
                "metrics": {
                    "outcome": -6.020644960495871
                },
                "metadata": {
                    "trials": 1
                }
            }
        ],
        [
            {
                "query": {
                    "x": 0.7573359261507769
                },
                "metrics": {
                    "outcome": -6.020735997228987
                },
                "metadata": {
                    "trials": 1
                }
            },
            {
                "query": {
                    "x": 0.7564273816333954
                },
                "metrics": {
                    "outcome": -6.020380631054248
                },
                "metadata": {
                    "trials": 1
                }
            },
            {
                "query": {
                    "x": 0.7570110394233117
                },
                "metrics": {
                    "outcome": -6.020709899630472
                },
                "metadata": {
                    "trials": 1
                }
            }
        ],
        [
            {
                "query": {
                    "x": 0.7568525182710845
                },
                "metrics": {
                    "outcome": -6.0206563088361875
                },
                "metadata": {
                    "trials": 1
                }
            },
            {
                "query": {
                    "x": 0.7569143594713874
                },
                "metrics": {
                    "outcome": -6.020680399188755
                },
                "metadata": {
                    "trials": 1
                }
            },
            {
                "query": {
                    "x": 0.7572575256939321
                },
                "metrics": {
                    "outcome": -6.020740014714371
                },
                "metadata": {
                    "trials": 1
                }
            }
        ],
        [
            {
                "query": {
                    "x": 0.756901836743846
                },
                "metrics": {
                    "outcome": -6.020675849723791
                },
                "metadata": {
                    "trials": 1
                }
            },
            {
                "query": {
                    "x": 0.7575069600739192
                },
                "metrics": {
                    "outcome": -6.020704428408979
                },
                "metadata": {
                    "trials": 1
                }
            },
            {
                "query": {
                    "x": 0.7575734405129315
                },
                "metrics": {
                    "outcome": -6.0206837096670744
                },
                "metadata": {
                    "trials": 1
                }
            }
        ],
        [
            {
                "query": {
                    "x": 0.7575098719039528
                },
                "metrics": {
                    "outcome": -6.0207036200140465
                },
                "metadata": {
                    "trials": 1
                }
            },
            {
                "query": {
                    "x": 0.7572383260081423
                },
                "metrics": {
                    "outcome": -6.020739997656802
                },
                "metadata": {
                    "trials": 1
                }
            },
            {
                "query": {
                    "x": 0.7575057187140605
                },
                "metrics": {
                    "outcome": -6.020704770281518
                },
                "metadata": {
                    "trials": 1
                }
            }
        ],
        [
            {
                "query": {
                    "x": 0.7576435870459831
                },
                "metrics": {
                    "outcome": -6.020656716314418
                },
                "metadata": {
                    "trials": 1
                }
            },
            {
                "query": {
                    "x": 0.757552204692139
                },
                "metrics": {
                    "outcome": -6.020690842214077
                },
                "metadata": {
                    "trials": 1
                }
            },
            {
                "query": {
                    "x": 0.7577326800384332
                },
                "metrics": {
                    "outcome": -6.0206148302256555
                },
                "metadata": {
                    "trials": 1
                }
            }
        ],
        [
            {
                "query": {
                    "x": 0.7574121557446178
                },
                "metrics": {
                    "outcome": -6.020725791825783
                },
                "metadata": {
                    "trials": 1
                }
            },
            {
                "query": {
                    "x": 0.7576419244859015
                },
                "metrics": {
                    "outcome": -6.020657417083663
                },
                "metadata": {
                    "trials": 1
                }
            },
            {
                "query": {
                    "x": 0.7575287008248882
                },
                "metrics": {
                    "outcome": -6.02069817355309
                },
                "metadata": {
                    "trials": 1
                }
            }
        ],
        [
            {
                "query": {
                    "x": 0.7563792811474341
                },
                "metrics": {
                    "outcome": -6.020337357717568
                },
                "metadata": {
                    "trials": 1
                }
            },
            {
                "query": {
                    "x": 0.7571144433607317
                },
                "metrics": {
                    "outcome": -6.02073042581946
                },
                "metadata": {
                    "trials": 1
                }
            },
            {
                "query": {
                    "x": 0.7575248485963931
                },
                "metrics": {
                    "outcome": -6.020699318730411
                },
                "metadata": {
                    "trials": 1
                }
            }
        ],
        [
            {
                "query": {
                    "x": 0.7570232138625723
                },
                "metrics": {
                    "outcome": -6.020712908406178
                },
                "metadata": {
                    "trials": 1
                }
            },
            {
                "query": {
                    "x": 0.757467424885257
                },
                "metrics": {
                    "outcome": -6.020714506320129
                },
                "metadata": {
                    "trials": 1
                }
            },
            {
                "query": {
                    "x": 0.7573847388604881
                },
                "metrics": {
                    "outcome": -6.020730177760859
                },
                "metadata": {
                    "trials": 1
                }
            }
        ],
        [
            {
                "query": {
                    "x": 0.757588781806114
                },
                "metrics": {
                    "outcome": -6.0206782564593535
                },
                "metadata": {
                    "trials": 1
                }
            },
            {
                "query": {
                    "x": 0.7572239419581188
                },
                "metrics": {
                    "outcome": -6.02073972693563
                },
                "metadata": {
                    "trials": 1
                }
            },
            {
                "query": {
                    "x": 0.7570713578712548
                },
                "metrics": {
                    "outcome": -6.020723258759033
                },
                "metadata": {
                    "trials": 1
                }
            }
        ],
        [
            {
                "query": {
                    "x": 0.7570783817717615
                },
                "metrics": {
                    "outcome": -6.0207245622239975
                },
                "metadata": {
                    "trials": 1
                }
            },
            {
                "query": {
                    "x": 0.7572790207868662
                },
                "metrics": {
                    "outcome": -6.020739566659505
                },
                "metadata": {
                    "trials": 1
                }
            },
            {
                "query": {
                    "x": 0.7572265356692577
                },
                "metrics": {
                    "outcome": -6.020739792079243
                },
                "metadata": {
                    "trials": 1
                }
            }
        ],
        [
            {
                "query": {
                    "x": 0.7571110032297871
                },
                "metrics": {
                    "outcome": -6.020729926307388
                },
                "metadata": {
                    "trials": 1
                }
            },
            {
                "query": {
                    "x": 0.7568716465462632
                },
                "metrics": {
                    "outcome": -6.020664195204112
                },
                "metadata": {
                    "trials": 1
                }
            },
            {
                "query": {
                    "x": 0.7571292543855056
                },
                "metrics": {
                    "outcome": -6.020732432212169
                },
                "metadata": {
                    "trials": 1
                }
            }
        ],
        [
            {
                "query": {
                    "x": 0.756929260309616
                },
                "metrics": {
                    "outcome": -6.020685595024972
                },
                "metadata": {
                    "trials": 1
                }
            },
            {
                "query": {
                    "x": 0.7568635500451953
                },
                "metrics": {
                    "outcome": -6.020660904648474
                },
                "metadata": {
                    "trials": 1
                }
            },
            {
                "query": {
                    "x": 0.7576085191282534
                },
                "metrics": {
                    "outcome": -6.020670869843318
                },
                "metadata": {
                    "trials": 1
                }
            }
        ],
        [
            {
                "query": {
                    "x": 0.7572260459467979
                },
                "metrics": {
                    "outcome": -6.020739780329493
                },
                "metadata": {
                    "trials": 1
                }
            },
            {
                "query": {
                    "x": 0.7569581441518994
                },
                "metrics": {
                    "outcome": -6.020694993137066
                },
                "metadata": {
                    "trials": 1
                }
            },
            {
                "query": {
                    "x": 0.7571627388574543
                },
                "metrics": {
                    "outcome": -6.020736105497799
                },
                "metadata": {
                    "trials": 1
                }
            }
        ],
        [
            {
                "query": {
                    "x": 0.7573171305433961
                },
                "metrics": {
                    "outcome": -6.020737558904582
                },
                "metadata": {
                    "trials": 1
                }
            },
            {
                "query": {
                    "x": 0.757317973005938
                },
                "metrics": {
                    "outcome": -6.020737496988576
                },
                "metadata": {
                    "trials": 1
                }
            },
            {
                "query": {
                    "x": 0.757370728726868
                },
                "metrics": {
                    "outcome": -6.020732108684011
                },
                "metadata": {
                    "trials": 1
                }
            }
        ],
        [
            {
                "query": {
                    "x": 0.7577091167003791
                },
                "metrics": {
                    "outcome": -6.0206267359586665
                },
                "metadata": {
                    "trials": 1
                }
            },
            {
                "query": {
                    "x": 0.7579127342400738
                },
                "metrics": {
                    "outcome": -6.020504188026875
                },
                "metadata": {
                    "trials": 1
                }
            },
            {
                "query": {
                    "x": 0.7573405515533445
                },
                "metrics": {
                    "outcome": -6.020735555026684
                },
                "metadata": {
                    "trials": 1
                }
            }
        ],
        [
            {
                "query": {
                    "x": 0.7573267022361502
                },
                "metrics": {
                    "outcome": -6.020736810796571
                },
                "metadata": {
                    "trials": 1
                }
            },
            {
                "query": {
                    "x": 0.7564039565860375
                },
                "metrics": {
                    "outcome": -6.020359863261655
                },
                "metadata": {
                    "trials": 1
                }
            },
            {
                "query": {
                    "x": 0.7570325197633422
                },
                "metrics": {
                    "outcome": -6.020715101717737
                },
                "metadata": {
                    "trials": 1
                }
            }
        ],
        [
            {
                "query": {
                    "x": 0.7568300541771237
                },
                "metrics": {
                    "outcome": -6.020646549909842
                },
                "metadata": {
                    "trials": 1
                }
            },
            {
                "query": {
                    "x": 0.7569178894535683
                },
                "metrics": {
                    "outcome": -6.0206816514472
                },
                "metadata": {
                    "trials": 1
                }
            },
            {
                "query": {
                    "x": 0.7573223540700036
                },
                "metrics": {
                    "outcome": -6.0207371627785005
                },
                "metadata": {
                    "trials": 1
                }
            }
        ],
        [
            {
                "query": {
                    "x": 0.757052876371659
                },
                "metrics": {
                    "outcome": -6.020719577715251
                },
                "metadata": {
                    "trials": 1
                }
            },
            {
                "query": {
                    "x": 0.7569394879678412
                },
                "metrics": {
                    "outcome": -6.02068902448583
                },
                "metadata": {
                    "trials": 1
                }
            },
            {
                "query": {
                    "x": 0.7573435268981968
                },
                "metrics": {
                    "outcome": -6.0207352584889975
                },
                "metadata": {
                    "trials": 1
                }
            }
        ],
        [
            {
                "query": {
                    "x": 0.756943549402491
                },
                "metrics": {
                    "outcome": -6.020690355427486
                },
                "metadata": {
                    "trials": 1
                }
            },
            {
                "query": {
                    "x": 0.7575297999511308
                },
                "metrics": {
                    "outcome": -6.020697843895543
                },
                "metadata": {
                    "trials": 1
                }
            },
            {
                "query": {
                    "x": 0.7574002984146115
                },
                "metrics": {
                    "outcome": -6.020727787314523
                },
                "metadata": {
                    "trials": 1
                }
            }
        ],
        [
            {
                "query": {
                    "x": 0.7574425523044631
                },
                "metrics": {
                    "outcome": -6.020719989487666
                },
                "metadata": {
                    "trials": 1
                }
            },
            {
                "query": {
                    "x": 0.7567886674610633
                },
                "metrics": {
                    "outcome": -6.020627164552879
                },
                "metadata": {
                    "trials": 1
                }
            },
            {
                "query": {
                    "x": 0.7575936703238374
                },
                "metrics": {
                    "outcome": -6.020676465828307
                },
                "metadata": {
                    "trials": 1
                }
            }
        ],
        [
            {
                "query": {
                    "x": 0.7582265221646798
                },
                "metrics": {
                    "outcome": -6.0202281187916
                },
                "metadata": {
                    "trials": 1
                }
            },
            {
                "query": {
                    "x": 0.7573776495421292
                },
                "metrics": {
                    "outcome": -6.020731181063415
                },
                "metadata": {
                    "trials": 1
                }
            },
            {
                "query": {
                    "x": 0.7569308089737361
                },
                "metrics": {
                    "outcome": -6.020686121469349
                },
                "metadata": {
                    "trials": 1
                }
            }
        ],
        [
            {
                "query": {
                    "x": 0.7576015644885272
                },
                "metrics": {
                    "outcome": -6.020673520204565
                },
                "metadata": {
                    "trials": 1
                }
            },
            {
                "query": {
                    "x": 0.75706148971543
                },
                "metrics": {
                    "outcome": -6.02072133859043
                },
                "metadata": {
                    "trials": 1
                }
            },
            {
                "query": {
                    "x": 0.7572923472315913
                },
                "metrics": {
                    "outcome": -6.020739041014711
                },
                "metadata": {
                    "trials": 1
                }
            }
        ],
        [
            {
                "query": {
                    "x": 0.7567759696453226
                },
                "metrics": {
                    "outcome": -6.020620851638578
                },
                "metadata": {
                    "trials": 1
                }
            },
            {
                "query": {
                    "x": 0.7572856640520043
                },
                "metrics": {
                    "outcome": -6.020739328340559
                },
                "metadata": {
                    "trials": 1
                }
            },
            {
                "query": {
                    "x": 0.7576484932348081
                },
                "metrics": {
                    "outcome": -6.020654631087638
                },
                "metadata": {
                    "trials": 1
                }
            }
        ],
        [
            {
                "query": {
                    "x": 0.7575915097563012
                },
                "metrics": {
                    "outcome": -6.020677260386181
                },
                "metadata": {
                    "trials": 1
                }
            },
            {
                "query": {
                    "x": 0.7573555031339838
                },
                "metrics": {
                    "outcome": -6.02073396917712
                },
                "metadata": {
                    "trials": 1
                }
            },
            {
                "query": {
                    "x": 0.7572553564011654
                },
                "metrics": {
                    "outcome": -6.020740032515581
                },
                "metadata": {
                    "trials": 1
                }
            }
        ],
        [
            {
                "query": {
                    "x": 0.7574258444142363
                },
                "metrics": {
                    "outcome": -6.020723301140282
                },
                "metadata": {
                    "trials": 1
                }
            },
            {
                "query": {
                    "x": 0.7573897312797061
                },
                "metrics": {
                    "outcome": -6.02072943897126
                },
                "metadata": {
                    "trials": 1
                }
            },
            {
                "query": {
                    "x": 0.7577547693950175
                },
                "metrics": {
                    "outcome": -6.020603128516973
                },
                "metadata": {
                    "trials": 1
                }
            }
        ],
        [
            {
                "query": {
                    "x": 0.7576904784885883
                },
                "metrics": {
                    "outcome": -6.020635731517462
                },
                "metadata": {
                    "trials": 1
                }
            },
            {
                "query": {
                    "x": 0.7573308841597154
                },
                "metrics": {
                    "outcome": -6.020736453210129
                },
                "metadata": {
                    "trials": 1
                }
            },
            {
                "query": {
                    "x": 0.7574900488170572
                },
                "metrics": {
                    "outcome": -6.020708943982608
                },
                "metadata": {
                    "trials": 1
                }
            }
        ],
        [
            {
                "query": {
                    "x": 0.7567476780846215
                },
                "metrics": {
                    "outcome": -6.020606169334244
                },
                "metadata": {
                    "trials": 1
                }
            },
            {
                "query": {
                    "x": 0.7570965333906592
                },
                "metrics": {
                    "outcome": -6.020727687043463
                },
                "metadata": {
                    "trials": 1
                }
            },
            {
                "query": {
                    "x": 0.7570294955472113
                },
                "metrics": {
                    "outcome": -6.020714399064427
                },
                "metadata": {
                    "trials": 1
                }
            }
        ],
        [
            {
                "query": {
                    "x": 0.7572943854677049
                },
                "metrics": {
                    "outcome": -6.020738943890044
                },
                "metadata": {
                    "trials": 1
                }
            },
            {
                "query": {
                    "x": 0.756877662097832
                },
                "metrics": {
                    "outcome": -6.020666594840785
                },
                "metadata": {
                    "trials": 1
                }
            },
            {
                "query": {
                    "x": 0.7568590792693944
                },
                "metrics": {
                    "outcome": -6.02065905774471
                },
                "metadata": {
                    "trials": 1
                }
            }
        ],
        [
            {
                "query": {
                    "x": 0.7574056674506955
                },
                "metrics": {
                    "outcome": -6.020726902378467
                },
                "metadata": {
                    "trials": 1
                }
            },
            {
                "query": {
                    "x": 0.7573079869122481
                },
                "metrics": {
                    "outcome": -6.020738182120511
                },
                "metadata": {
                    "trials": 1
                }
            },
            {
                "query": {
                    "x": 0.7571122375508412
                },
                "metrics": {
                    "outcome": -6.020730106984848
                },
                "metadata": {
                    "trials": 1
                }
            }
        ]
    ]
}