{
    "date": "09/11/2022 18:23:46",
    "basic_params": {
        "active_variables": [
            "x1",
            "x2"
        ],
        "default_query": {},
        "metric": "basic",
        "n_trials": 1
    },
    "objective_function": {
        "name": "Gramacy2D",
        "params": {}
    },
    "optimizer": {
        "name": "BO-MCMC-250",
        "params": {
            "lower_bound": [
                -2.0,
                -2.0
            ],
            "upper_bound": [
                6.0,
                6.0
            ],
            "invert_metric": false,
            "bopt_params": {
                "n_init_samples": 15,
                "n_iterations": 45,
                "n_iter_relearn": 5,
                "verbose_level": 0,
                "n_parallel_samples": 3,
                "par_type": "PAR_MCMC",
                "l_type": "L_MCMC",
                "burnout_mcmc_parallel": 250,
                "crit_name": "cEI"
            }
        }
    },
    "execution_time": 37.59854006767273,
    "best_results": [
        {
            "query": {
                "x1": -0.7087715389791465,
                "x2": 0.0006746559600183666
            },
            "metrics": [
                {
                    "name": "outcome",
                    "value": -0.42887937191745623
                }
            ]
        }
    ],
    "iterations": [
        [
            {
                "query": {
                    "x1": -1.9726336924980084,
                    "x2": -0.0522831274817388
                },
                "metrics": {
                    "outcome": -0.040169484624361054
                },
                "metadata": {
                    "trials": 1
                }
            }
        ],
        [
            {
                "query": {
                    "x1": 5.37902090549469,
                    "x2": 4.210611761733889
                },
                "metrics": {
                    "outcome": 2.918561680826635e-20
                },
                "metadata": {
                    "trials": 1
                }
            }
        ],
        [
            {
                "query": {
                    "x1": 5.637933396051327,
                    "x2": 4.5935932106028
                },
                "metrics": {
                    "outcome": 6.059232581090058e-23
                },
                "metadata": {
                    "trials": 1
                }
            }
        ],
        [
            {
                "query": {
                    "x1": 3.1978980163733164,
                    "x2": -0.9844029075155656
                },
                "metrics": {
                    "outcome": 4.392147913641591e-05
                },
                "metadata": {
                    "trials": 1
                }
            }
        ],
        [
            {
                "query": {
                    "x1": -1.321708934009075,
                    "x2": 1.8652924598505098
                },
                "metrics": {
                    "outcome": -0.007102525025443148
                },
                "metadata": {
                    "trials": 1
                }
            }
        ],
        [
            {
                "query": {
                    "x1": 4.026277256384492,
                    "x2": 3.3362130875388782
                },
                "metrics": {
                    "outcome": 5.379723595185687e-12
                },
                "metadata": {
                    "trials": 1
                }
            }
        ],
        [
            {
                "query": {
                    "x1": 0.5841617466260991,
                    "x2": 3.1982661803563435
                },
                "metrics": {
                    "outcome": 1.4995972727667282e-05
                },
                "metadata": {
                    "trials": 1
                }
            }
        ],
        [
            {
                "query": {
                    "x1": 2.6021363972375786,
                    "x2": 5.783319349214435
                },
                "metrics": {
                    "outcome": 8.890363594296478e-18
                },
                "metadata": {
                    "trials": 1
                }
            }
        ],
        [
            {
                "query": {
                    "x1": -0.2553697490443787,
                    "x2": 2.6839973801126087
                },
                "metrics": {
                    "outcome": -0.00017793389857201003
                },
                "metadata": {
                    "trials": 1
                }
            }
        ],
        [
            {
                "query": {
                    "x1": 3.7797927685081962,
                    "x2": -1.7901363040010134
                },
                "metrics": {
                    "outcome": 9.572827048100882e-08
                },
                "metadata": {
                    "trials": 1
                }
            }
        ],
        [
            {
                "query": {
                    "x1": 2.1017013189693294,
                    "x2": 0.6197302009910346
                },
                "metrics": {
                    "outcome": 0.017275485810480655
                },
                "metadata": {
                    "trials": 1
                }
            }
        ],
        [
            {
                "query": {
                    "x1": 4.466522106900811,
                    "x2": -0.8149304463217655
                },
                "metrics": {
                    "outcome": 4.982563545735846e-09
                },
                "metadata": {
                    "trials": 1
                }
            }
        ],
        [
            {
                "query": {
                    "x1": -0.5292350550492604,
                    "x2": 0.890458554153641
                },
                "metrics": {
                    "outcome": -0.1809872327487483
                },
                "metadata": {
                    "trials": 1
                }
            }
        ],
        [
            {
                "query": {
                    "x1": 1.4531664515535039,
                    "x2": 5.341085513681174
                },
                "metrics": {
                    "outcome": 7.178202738314631e-14
                },
                "metadata": {
                    "trials": 1
                }
            }
        ],
        [
            {
                "query": {
                    "x1": 1.004581641157468,
                    "x2": 1.6278745339562497
                },
                "metrics": {
                    "outcome": 0.02587213923007041
                },
                "metadata": {
                    "trials": 1
                }
            }
        ],
        [
            {
                "query": {
                    "x1": -0.5175763113284466,
                    "x2": 0.6498517050222894
                },
                "metrics": {
                    "outcome": -0.25955392882002404
                },
                "metadata": {
                    "trials": 1
                }
            },
            {
                "query": {
                    "x1": -0.12538198736165396,
                    "x2": -1.2967020278749537
                },
                "metrics": {
                    "outcome": -0.02297044029034294
                },
                "metadata": {
                    "trials": 1
                }
            },
            {
                "query": {
                    "x1": 0.09290595685317404,
                    "x2": 0.36478627765711913
                },
                "metrics": {
                    "outcome": 0.08063132484350843
                },
                "metadata": {
                    "trials": 1
                }
            }
        ],
        [
            {
                "query": {
                    "x1": -1.193630238859804,
                    "x2": -1.587131016655369
                },
                "metrics": {
                    "outcome": -0.023127365085674124
                },
                "metadata": {
                    "trials": 1
                }
            },
            {
                "query": {
                    "x1": -1.6728206302335662,
                    "x2": -0.5084157459484075
                },
                "metrics": {
                    "outcome": -0.07868488268687776
                },
                "metadata": {
                    "trials": 1
                }
            },
            {
                "query": {
                    "x1": -0.9051046977862807,
                    "x2": -1.978613980450318
                },
                "metrics": {
                    "outcome": -0.007955971888241544
                },
                "metadata": {
                    "trials": 1
                }
            }
        ],
        [
            {
                "query": {
                    "x1": -0.4587367148074686,
                    "x2": -0.44842897677292193
                },
                "metrics": {
                    "outcome": -0.3039759294041478
                },
                "metadata": {
                    "trials": 1
                }
            },
            {
                "query": {
                    "x1": -0.997137842046457,
                    "x2": 0.3339809250659824
                },
                "metrics": {
                    "outcome": -0.3299898455324042
                },
                "metadata": {
                    "trials": 1
                }
            },
            {
                "query": {
                    "x1": -0.8573379871036748,
                    "x2": 5.935601990497995
                },
                "metrics": {
                    "outcome": -2.0565689172802552e-16
                },
                "metadata": {
                    "trials": 1
                }
            }
        ],
        [
            {
                "query": {
                    "x1": 3.467946764893952,
                    "x2": 0.7650584164077223
                },
                "metrics": {
                    "outcome": 1.1554836821524098e-05
                },
                "metadata": {
                    "trials": 1
                }
            },
            {
                "query": {
                    "x1": 3.0458781830895294,
                    "x2": 1.323151105851534
                },
                "metrics": {
                    "outcome": 4.9461622412916955e-05
                },
                "metadata": {
                    "trials": 1
                }
            },
            {
                "query": {
                    "x1": 2.8058098473614077,
                    "x2": 1.9452143490276423
                },
                "metrics": {
                    "outcome": 2.4307258457341808e-05
                },
                "metadata": {
                    "trials": 1
                }
            }
        ],
        [
            {
                "query": {
                    "x1": -0.7293454942255344,
                    "x2": -0.28265439948711757
                },
                "metrics": {
                    "outcome": -0.3955626529587236
                },
                "metadata": {
                    "trials": 1
                }
            },
            {
                "query": {
                    "x1": -0.9516443333902884,
                    "x2": -0.43762410754506464
                },
                "metrics": {
                    "outcome": -0.31768158268707625
                },
                "metadata": {
                    "trials": 1
                }
            },
            {
                "query": {
                    "x1": -0.9034183114056742,
                    "x2": -0.16005577970789342
                },
                "metrics": {
                    "outcome": -0.38932061002158613
                },
                "metadata": {
                    "trials": 1
                }
            }
        ],
        [
            {
                "query": {
                    "x1": 4.5261068594153,
                    "x2": 5.387813907694715
                },
                "metrics": {
                    "outcome": 1.4190208664881834e-21
                },
                "metadata": {
                    "trials": 1
                }
            },
            {
                "query": {
                    "x1": 4.92013692855835,
                    "x2": -0.13630324602127075
                },
                "metrics": {
                    "outcome": 1.481212961102303e-10
                },
                "metadata": {
                    "trials": 1
                }
            },
            {
                "query": {
                    "x1": 4.684397296980023,
                    "x2": 1.8799280785024166
                },
                "metrics": {
                    "outcome": 4.0348360494860664e-11
                },
                "metadata": {
                    "trials": 1
                }
            }
        ],
        [
            {
                "query": {
                    "x1": 5.108503053092224,
                    "x2": -1.9908635985621927
                },
                "metrics": {
                    "outcome": 4.500422647752276e-13
                },
                "metadata": {
                    "trials": 1
                }
            },
            {
                "query": {
                    "x1": -1.756856985492917,
                    "x2": 4.8396184861107265
                },
                "metrics": {
                    "outcome": -5.398353319608733e-12
                },
                "metadata": {
                    "trials": 1
                }
            },
            {
                "query": {
                    "x1": -0.9687227111636965,
                    "x2": 5.395033789542952
                },
                "metrics": {
                    "outcome": -8.667679887789137e-14
                },
                "metadata": {
                    "trials": 1
                }
            }
        ],
        [
            {
                "query": {
                    "x1": 2.1986634989477887,
                    "x2": 4.257198009111316
                },
                "metrics": {
                    "outcome": 2.3533610369353094e-10
                },
                "metadata": {
                    "trials": 1
                }
            },
            {
                "query": {
                    "x1": 0.3246735367619622,
                    "x2": 5.234002902146118
                },
                "metrics": {
                    "outcome": 3.700514337044771e-13
                },
                "metadata": {
                    "trials": 1
                }
            },
            {
                "query": {
                    "x1": 5.875528712343217,
                    "x2": 1.5442151916544642
                },
                "metrics": {
                    "outcome": 5.505344401345827e-16
                },
                "metadata": {
                    "trials": 1
                }
            }
        ],
        [
            {
                "query": {
                    "x1": 1.5832048848498634,
                    "x2": -1.8808065897441562
                },
                "metrics": {
                    "outcome": 0.0037555522473688334
                },
                "metadata": {
                    "trials": 1
                }
            },
            {
                "query": {
                    "x1": 2.3488340118461295,
                    "x2": -1.9507855253615802
                },
                "metrics": {
                    "outcome": 0.0002099447113257923
                },
                "metadata": {
                    "trials": 1
                }
            },
            {
                "query": {
                    "x1": -0.7236870754521556,
                    "x2": -0.03566662632689832
                },
                "metrics": {
                    "outcome": -0.4281030729839447
                },
                "metadata": {
                    "trials": 1
                }
            }
        ],
        [
            {
                "query": {
                    "x1": 5.802318961127119,
                    "x2": -0.9759067494759481
                },
                "metrics": {
                    "outcome": 5.3534153644881975e-15
                },
                "metadata": {
                    "trials": 1
                }
            },
            {
                "query": {
                    "x1": 5.9940781718903935,
                    "x2": 0.031105942210843285
                },
                "metrics": {
                    "outcome": 1.4912395621909843e-15
                },
                "metadata": {
                    "trials": 1
                }
            },
            {
                "query": {
                    "x1": 5.898424142768741,
                    "x2": -1.2917130027483914
                },
                "metrics": {
                    "outcome": 8.637531700841801e-16
                },
                "metadata": {
                    "trials": 1
                }
            }
        ],
        [
            {
                "query": {
                    "x1": 5.509516158950503,
                    "x2": 5.952150767975152
                },
                "metrics": {
                    "outcome": 1.4858579377019686e-28
                },
                "metadata": {
                    "trials": 1
                }
            },
            {
                "query": {
                    "x1": -1.9473909278294488,
                    "x2": 3.0393967525746257
                },
                "metrics": {
                    "outcome": -4.270525995260131e-06
                },
                "metadata": {
                    "trials": 1
                }
            },
            {
                "query": {
                    "x1": 5.989628568667761,
                    "x2": 5.761231254176913
                },
                "metrics": {
                    "outcome": 6.050532209889762e-30
                },
                "metadata": {
                    "trials": 1
                }
            }
        ],
        [
            {
                "query": {
                    "x1": 5.9597924948312855,
                    "x2": 4.13571703904203
                },
                "metrics": {
                    "outcome": 8.341230892930432e-23
                },
                "metadata": {
                    "trials": 1
                }
            },
            {
                "query": {
                    "x1": 3.4391486511160236,
                    "x2": 5.23716616377514
                },
                "metrics": {
                    "outcome": 3.0756543182625537e-17
                },
                "metadata": {
                    "trials": 1
                }
            },
            {
                "query": {
                    "x1": 5.9954556640034395,
                    "x2": 3.183172135892228
                },
                "metrics": {
                    "outcome": 5.83941246844248e-20
                },
                "metadata": {
                    "trials": 1
                }
            }
        ],
        [
            {
                "query": {
                    "x1": -0.70517222113809,
                    "x2": 0.024935253239205313
                },
                "metrics": {
                    "outcome": -0.4286121496635372
                },
                "metadata": {
                    "trials": 1
                }
            },
            {
                "query": {
                    "x1": -0.7097155471249021,
                    "x2": 0.06579636647821863
                },
                "metrics": {
                    "outcome": -0.42702345105915374
                },
                "metadata": {
                    "trials": 1
                }
            },
            {
                "query": {
                    "x1": -0.6938323413571437,
                    "x2": 0.12446331788016085
                },
                "metrics": {
                    "outcome": -0.42213953576390584
                },
                "metadata": {
                    "trials": 1
                }
            }
        ],
        [
            {
                "query": {
                    "x1": -0.747847733755211,
                    "x2": 0.047568400296076785
                },
                "metrics": {
                    "outcome": -0.4265204896514341
                },
                "metadata": {
                    "trials": 1
                }
            },
            {
                "query": {
                    "x1": -0.7001363523199762,
                    "x2": 0.006659626709681898
                },
                "metrics": {
                    "outcome": -0.42882111157802966
                },
                "metadata": {
                    "trials": 1
                }
            },
            {
                "query": {
                    "x1": 1.5746639664480457,
                    "x2": 2.8597361633110623
                },
                "metrics": {
                    "outcome": 3.703616700598189e-05
                },
                "metadata": {
                    "trials": 1
                }
            }
        ],
        [
            {
                "query": {
                    "x1": -1.882865190140492,
                    "x2": -1.9013455184596688
                },
                "metrics": {
                    "outcome": -0.0014626558055472133
                },
                "metadata": {
                    "trials": 1
                }
            },
            {
                "query": {
                    "x1": -0.6868009643940727,
                    "x2": -0.03167514783879932
                },
                "metrics": {
                    "outcome": -0.4280952225903068
                },
                "metadata": {
                    "trials": 1
                }
            },
            {
                "query": {
                    "x1": -0.6928296263082541,
                    "x2": -0.042583457346352604
                },
                "metrics": {
                    "outcome": -0.4279292497310945
                },
                "metadata": {
                    "trials": 1
                }
            }
        ],
        [
            {
                "query": {
                    "x1": -1.8049305762417056,
                    "x2": 5.995415217564146
                },
                "metrics": {
                    "outcome": -1.7018071127606628e-17
                },
                "metadata": {
                    "trials": 1
                }
            },
            {
                "query": {
                    "x1": -0.8850012414139556,
                    "x2": 3.9043533430573687
                },
                "metrics": {
                    "outcome": -9.692111313288622e-08
                },
                "metadata": {
                    "trials": 1
                }
            },
            {
                "query": {
                    "x1": -0.7121115338022814,
                    "x2": 0.024671819996298527
                },
                "metrics": {
                    "outcome": -0.42859954115262816
                },
                "metadata": {
                    "trials": 1
                }
            }
        ],
        [
            {
                "query": {
                    "x1": -0.7058995075017405,
                    "x2": 0.0023125787286364385
                },
                "metrics": {
                    "outcome": -0.4288783979139894
                },
                "metadata": {
                    "trials": 1
                }
            },
            {
                "query": {
                    "x1": -0.7206789755885241,
                    "x2": 0.017180250348622472
                },
                "metrics": {
                    "outcome": -0.42859843964099964
                },
                "metadata": {
                    "trials": 1
                }
            },
            {
                "query": {
                    "x1": -0.7094992135209828,
                    "x2": -0.015038244213635421
                },
                "metrics": {
                    "outcome": -0.42878005936383096
                },
                "metadata": {
                    "trials": 1
                }
            }
        ],
        [
            {
                "query": {
                    "x1": -0.6988280874393793,
                    "x2": -0.017482139476521885
                },
                "metrics": {
                    "outcome": -0.42869188764537786
                },
                "metadata": {
                    "trials": 1
                }
            },
            {
                "query": {
                    "x1": -0.6925752287638596,
                    "x2": -0.00016131328448731885
                },
                "metrics": {
                    "outcome": -0.4286995792877849
                },
                "metadata": {
                    "trials": 1
                }
            },
            {
                "query": {
                    "x1": -0.6941444775528245,
                    "x2": 0.007383591593782768
                },
                "metrics": {
                    "outcome": -0.42871357843278207
                },
                "metadata": {
                    "trials": 1
                }
            }
        ],
        [
            {
                "query": {
                    "x1": -0.6993348333483906,
                    "x2": -0.0006503951019054544
                },
                "metrics": {
                    "outcome": -0.4288297611688472
                },
                "metadata": {
                    "trials": 1
                }
            },
            {
                "query": {
                    "x1": -0.7289351767611638,
                    "x2": 0.0012887389387929993
                },
                "metrics": {
                    "outcome": -0.428476825839503
                },
                "metadata": {
                    "trials": 1
                }
            },
            {
                "query": {
                    "x1": -0.7182541172360313,
                    "x2": -0.004510493063930587
                },
                "metrics": {
                    "outcome": -0.4287671975951704
                },
                "metadata": {
                    "trials": 1
                }
            }
        ],
        [
            {
                "query": {
                    "x1": -0.7176136578821888,
                    "x2": -0.023238829884896006
                },
                "metrics": {
                    "outcome": -0.4285562229118769
                },
                "metadata": {
                    "trials": 1
                }
            },
            {
                "query": {
                    "x1": -0.711435828644206,
                    "x2": 0.003724080927234752
                },
                "metrics": {
                    "outcome": -0.42885995257596116
                },
                "metadata": {
                    "trials": 1
                }
            },
            {
                "query": {
                    "x1": -0.7031511336804734,
                    "x2": -0.009469894319018568
                },
                "metrics": {
                    "outcome": -0.42883003727080055
                },
                "metadata": {
                    "trials": 1
                }
            }
        ],
        [
            {
                "query": {
                    "x1": -0.7093960611340939,
                    "x2": 0.00396235810740464
                },
                "metrics": {
                    "outcome": -0.42887071852816533
                },
                "metadata": {
                    "trials": 1
                }
            },
            {
                "query": {
                    "x1": -0.7055372988222108,
                    "x2": 0.009698954475044097
                },
                "metrics": {
                    "outcome": -0.42883948530456456
                },
                "metadata": {
                    "trials": 1
                }
            },
            {
                "query": {
                    "x1": -0.7257417307858505,
                    "x2": -0.02414790651108456
                },
                "metrics": {
                    "outcome": -0.4283368966360256
                },
                "metadata": {
                    "trials": 1
                }
            }
        ],
        [
            {
                "query": {
                    "x1": -0.716551305489511,
                    "x2": 0.00914792865385694
                },
                "metrics": {
                    "outcome": -0.428769891860953
                },
                "metadata": {
                    "trials": 1
                }
            },
            {
                "query": {
                    "x1": -0.6961029449433156,
                    "x2": -0.005677674510742747
                },
                "metrics": {
                    "outcome": -0.4287637263814838
                },
                "metadata": {
                    "trials": 1
                }
            },
            {
                "query": {
                    "x1": -0.7329337295031857,
                    "x2": -0.020214130365084904
                },
                "metrics": {
                    "outcome": -0.42814196090099943
                },
                "metadata": {
                    "trials": 1
                }
            }
        ],
        [
            {
                "query": {
                    "x1": -0.7081136097072462,
                    "x2": -0.007863682167344788
                },
                "metrics": {
                    "outcome": -0.4288545532628802
                },
                "metadata": {
                    "trials": 1
                }
            },
            {
                "query": {
                    "x1": -0.7201829189811364,
                    "x2": 0.028006248056539285
                },
                "metrics": {
                    "outcome": -0.4284000465192267
                },
                "metadata": {
                    "trials": 1
                }
            },
            {
                "query": {
                    "x1": -0.7229955333592459,
                    "x2": -0.004581512217039396
                },
                "metrics": {
                    "outcome": -0.4286580490839291
                },
                "metadata": {
                    "trials": 1
                }
            }
        ],
        [
            {
                "query": {
                    "x1": -0.7027535893536545,
                    "x2": 0.008420393662689651
                },
                "metrics": {
                    "outcome": -0.4288352476168447
                },
                "metadata": {
                    "trials": 1
                }
            },
            {
                "query": {
                    "x1": -0.7123078679678096,
                    "x2": -0.004835453984526117
                },
                "metrics": {
                    "outcome": -0.4288487687585023
                },
                "metadata": {
                    "trials": 1
                }
            },
            {
                "query": {
                    "x1": -0.7209658668659049,
                    "x2": 0.025282690173322298
                },
                "metrics": {
                    "outcome": -0.4284443248155809
                },
                "metadata": {
                    "trials": 1
                }
            }
        ],
        [
            {
                "query": {
                    "x1": -0.711115757637067,
                    "x2": -0.0033238370229764502
                },
                "metrics": {
                    "outcome": -0.42886344469195087
                },
                "metadata": {
                    "trials": 1
                }
            },
            {
                "query": {
                    "x1": -0.7049299447628159,
                    "x2": -0.0031256880645464946
                },
                "metrics": {
                    "outcome": -0.428873683620075
                },
                "metadata": {
                    "trials": 1
                }
            },
            {
                "query": {
                    "x1": -0.7239851935883677,
                    "x2": 0.0019517636136181515
                },
                "metrics": {
                    "outcome": -0.42863792779598453
                },
                "metadata": {
                    "trials": 1
                }
            }
        ],
        [
            {
                "query": {
                    "x1": -0.686381176796135,
                    "x2": -0.01984839190214238
                },
                "metrics": {
                    "outcome": -0.42834118798190857
                },
                "metadata": {
                    "trials": 1
                }
            },
            {
                "query": {
                    "x1": -0.6761728708170067,
                    "x2": 0.02156387139702609
                },
                "metrics": {
                    "outcome": -0.4278505779267724
                },
                "metadata": {
                    "trials": 1
                }
            },
            {
                "query": {
                    "x1": -0.7034742660205682,
                    "x2": 0.010326107279629682
                },
                "metrics": {
                    "outcome": -0.4288248774489709
                },
                "metadata": {
                    "trials": 1
                }
            }
        ],
        [
            {
                "query": {
                    "x1": -0.7080453165849527,
                    "x2": -0.011935524674931974
                },
                "metrics": {
                    "outcome": -0.4288200945866476
                },
                "metadata": {
                    "trials": 1
                }
            },
            {
                "query": {
                    "x1": -0.7009053195277597,
                    "x2": 0.011427521186847756
                },
                "metrics": {
                    "outcome": -0.42879285972706893
                },
                "metadata": {
                    "trials": 1
                }
            },
            {
                "query": {
                    "x1": -0.7102827850797899,
                    "x2": -0.015010755142829346
                },
                "metrics": {
                    "outcome": -0.4287766791785386
                },
                "metadata": {
                    "trials": 1
                }
            }
        ],
        [
            {
                "query": {
                    "x1": -0.7087715389791465,
                    "x2": 0.0006746559600183666
                },
                "metrics": {
                    "outcome": -0.42887937191745623
                },
                "metadata": {
                    "trials": 1
                }
            },
            {
                "query": {
                    "x1": -0.6992726222853811,
                    "x2": 0.006062026350165617
                },
                "metrics": {
                    "outcome": -0.4288133468540341
                },
                "metadata": {
                    "trials": 1
                }
            },
            {
                "query": {
                    "x1": -0.698742726500378,
                    "x2": 0.0016281167388032536
                },
                "metrics": {
                    "outcome": -0.42882056434983606
                },
                "metadata": {
                    "trials": 1
                }
            }
        ],
        [
            {
                "query": {
                    "x1": -0.7038316919088334,
                    "x2": -0.01752899126608498
                },
                "metrics": {
                    "outcome": -0.4287409702050405
                },
                "metadata": {
                    "trials": 1
                }
            },
            {
                "query": {
                    "x1": -0.6987702009949,
                    "x2": 0.011722781177025077
                },
                "metrics": {
                    "outcome": -0.4287631707007572
                },
                "metadata": {
                    "trials": 1
                }
            },
            {
                "query": {
                    "x1": -0.7064573566393393,
                    "x2": -0.019897938311767005
                },
                "metrics": {
                    "outcome": -0.42871180801231346
                },
                "metadata": {
                    "trials": 1
                }
            }
        ],
        [
            {
                "query": {
                    "x1": -0.7242915958688236,
                    "x2": 0.000779372950064694
                },
                "metrics": {
                    "outcome": -0.42863045813453116
                },
                "metadata": {
                    "trials": 1
                }
            },
            {
                "query": {
                    "x1": -0.7146157676287779,
                    "x2": 0.01256322894596451
                },
                "metrics": {
                    "outcome": -0.42876607061101374
                },
                "metadata": {
                    "trials": 1
                }
            },
            {
                "query": {
                    "x1": -0.7129544641224628,
                    "x2": 0.028811234890073756
                },
                "metrics": {
                    "outcome": -0.42849685481428745
                },
                "metadata": {
                    "trials": 1
                }
            }
        ],
        [
            {
                "query": {
                    "x1": -0.6965065022248467,
                    "x2": 0.014787181564871243
                },
                "metrics": {
                    "outcome": -0.4286913346727557
                },
                "metadata": {
                    "trials": 1
                }
            },
            {
                "query": {
                    "x1": -0.7043233173686214,
                    "x2": -0.008330415583933881
                },
                "metrics": {
                    "outcome": -0.4288455269926237
                },
                "metadata": {
                    "trials": 1
                }
            },
            {
                "query": {
                    "x1": -0.6996102301555218,
                    "x2": 0.013740207065077836
                },
                "metrics": {
                    "outcome": -0.42875261537986475
                },
                "metadata": {
                    "trials": 1
                }
            }
        ],
        [
            {
                "query": {
                    "x1": -0.7108711970686219,
                    "x2": -0.015499363664306376
                },
                "metrics": {
                    "outcome": -0.4287667937753439
                },
                "metadata": {
                    "trials": 1
                }
            },
            {
                "query": {
                    "x1": -0.7211630091014394,
                    "x2": 0.0084390621282604
                },
                "metrics": {
                    "outcome": -0.42868307619287094
                },
                "metadata": {
                    "trials": 1
                }
            },
            {
                "query": {
                    "x1": -0.6919645482586907,
                    "x2": 0.0007032500557775379
                },
                "metrics": {
                    "outcome": -0.42868367509496264
                },
                "metadata": {
                    "trials": 1
                }
            }
        ],
        [
            {
                "query": {
                    "x1": -0.7017429186421884,
                    "x2": -6.074837587699555e-05
                },
                "metrics": {
                    "outcome": -0.4288572001096657
                },
                "metadata": {
                    "trials": 1
                }
            },
            {
                "query": {
                    "x1": -0.7079955441947456,
                    "x2": -0.011115933992665195
                },
                "metrics": {
                    "outcome": -0.42882827421129016
                },
                "metadata": {
                    "trials": 1
                }
            },
            {
                "query": {
                    "x1": -0.7168280176623296,
                    "x2": -0.012520652192979487
                },
                "metrics": {
                    "outcome": -0.42873404047281527
                },
                "metadata": {
                    "trials": 1
                }
            }
        ],
        [
            {
                "query": {
                    "x1": -0.6935977664792141,
                    "x2": 0.002252324165417985
                },
                "metrics": {
                    "outcome": -0.42872224883941257
                },
                "metadata": {
                    "trials": 1
                }
            },
            {
                "query": {
                    "x1": -0.7038000128339663,
                    "x2": 0.01240525531397374
                },
                "metrics": {
                    "outcome": -0.42880655423306674
                },
                "metadata": {
                    "trials": 1
                }
            },
            {
                "query": {
                    "x1": -0.7083054824744428,
                    "x2": -0.00600066920755471
                },
                "metrics": {
                    "outcome": -0.42886526779796286
                },
                "metadata": {
                    "trials": 1
                }
            }
        ],
        [
            {
                "query": {
                    "x1": -0.7250662428496273,
                    "x2": 0.00022019397487671455
                },
                "metrics": {
                    "outcome": -0.4286076428991601
                },
                "metadata": {
                    "trials": 1
                }
            },
            {
                "query": {
                    "x1": -0.717032354846789,
                    "x2": -0.006960669795967878
                },
                "metrics": {
                    "outcome": -0.42877706252056835
                },
                "metadata": {
                    "trials": 1
                }
            },
            {
                "query": {
                    "x1": -0.7060678283345876,
                    "x2": -0.010363983610343075
                },
                "metrics": {
                    "outcome": -0.42883495157655477
                },
                "metadata": {
                    "trials": 1
                }
            }
        ],
        [
            {
                "query": {
                    "x1": -0.696076883446952,
                    "x2": -0.018109471577255398
                },
                "metrics": {
                    "outcome": -0.428636456246285
                },
                "metadata": {
                    "trials": 1
                }
            },
            {
                "query": {
                    "x1": -0.7083027798384387,
                    "x2": -0.013538068346222065
                },
                "metrics": {
                    "outcome": -0.4288021184643452
                },
                "metadata": {
                    "trials": 1
                }
            },
            {
                "query": {
                    "x1": 1.3498247331652062,
                    "x2": 5.940588245466243
                },
                "metrics": {
                    "outcome": 1.0291371494779928e-16
                },
                "metadata": {
                    "trials": 1
                }
            }
        ],
        [
            {
                "query": {
                    "x1": -0.69901561785106,
                    "x2": -0.0026801421896693878
                },
                "metrics": {
                    "outcome": -0.4288224946663076
                },
                "metadata": {
                    "trials": 1
                }
            },
            {
                "query": {
                    "x1": -0.7198460696493196,
                    "x2": 0.005271218021015933
                },
                "metrics": {
                    "outcome": -0.4287316708106972
                },
                "metadata": {
                    "trials": 1
                }
            },
            {
                "query": {
                    "x1": -0.7097087979667867,
                    "x2": 0.01733338624895442
                },
                "metrics": {
                    "outcome": -0.42874730725446
                },
                "metadata": {
                    "trials": 1
                }
            }
        ],
        [
            {
                "query": {
                    "x1": -0.7061986121455359,
                    "x2": -0.011063099388842534
                },
                "metrics": {
                    "outcome": -0.4288287462269748
                },
                "metadata": {
                    "trials": 1
                }
            },
            {
                "query": {
                    "x1": -0.7234185899071925,
                    "x2": 0.0261599548751259
                },
                "metrics": {
                    "outcome": -0.4283622506765217
                },
                "metadata": {
                    "trials": 1
                }
            },
            {
                "query": {
                    "x1": -0.7035641502022782,
                    "x2": -0.012716133050539646
                },
                "metrics": {
                    "outcome": -0.4288018165554442
                },
                "metadata": {
                    "trials": 1
                }
            }
        ],
        [
            {
                "query": {
                    "x1": -0.7049197185042742,
                    "x2": 0.004708194384213549
                },
                "metrics": {
                    "outcome": -0.4288683284968106
                },
                "metadata": {
                    "trials": 1
                }
            },
            {
                "query": {
                    "x1": -0.7136810920003775,
                    "x2": -0.02543399176086858
                },
                "metrics": {
                    "outcome": -0.42856765934160324
                },
                "metadata": {
                    "trials": 1
                }
            },
            {
                "query": {
                    "x1": -0.7025232237790426,
                    "x2": -0.0065348277451917625
                },
                "metrics": {
                    "outcome": -0.4288455691715726
                },
                "metadata": {
                    "trials": 1
                }
            }
        ],
        [
            {
                "query": {
                    "x1": -0.7107355633789323,
                    "x2": -0.004488359460089519
                },
                "metrics": {
                    "outcome": -0.4288620271181768
                },
                "metadata": {
                    "trials": 1
                }
            },
            {
                "query": {
                    "x1": -0.7077160566737721,
                    "x2": -0.004434894807525902
                },
                "metrics": {
                    "outcome": -0.4288731888696135
                },
                "metadata": {
                    "trials": 1
                }
            },
            {
                "query": {
                    "x1": -0.698768664332637,
                    "x2": 0.008686622143751599
                },
                "metrics": {
                    "outcome": -0.42878971824071016
                },
                "metadata": {
                    "trials": 1
                }
            }
        ],
        [
            {
                "query": {
                    "x1": -0.7125184504893338,
                    "x2": 8.171861374250966e-05
                },
                "metrics": {
                    "outcome": -0.4288568834532881
                },
                "metadata": {
                    "trials": 1
                }
            },
            {
                "query": {
                    "x1": -0.7154427577387665,
                    "x2": 0.00583863690427977
                },
                "metrics": {
                    "outcome": -0.428807955856363
                },
                "metadata": {
                    "trials": 1
                }
            },
            {
                "query": {
                    "x1": -0.7132873067064327,
                    "x2": -0.016257488715123225
                },
                "metrics": {
                    "outcome": -0.4287359405016035
                },
                "metadata": {
                    "trials": 1
                }
            }
        ],
        [
            {
                "query": {
                    "x1": -0.7077066579217588,
                    "x2": 0.008767080874682698
                },
                "metrics": {
                    "outcome": -0.4288486705918771
                },
                "metadata": {
                    "trials": 1
                }
            },
            {
                "query": {
                    "x1": -0.7209843768670161,
                    "x2": 0.008188816723732728
                },
                "metrics": {
                    "outcome": -0.4286890967286993
                },
                "metadata": {
                    "trials": 1
                }
            },
            {
                "query": {
                    "x1": -0.710164543338593,
                    "x2": -0.004168295431777658
                },
                "metrics": {
                    "outcome": -0.4288664825780105
                },
                "metadata": {
                    "trials": 1
                }
            }
        ],
        [
            {
                "query": {
                    "x1": -0.718429356116969,
                    "x2": 0.008102477768102467
                },
                "metrics": {
                    "outcome": -0.4287444224224314
                },
                "metadata": {
                    "trials": 1
                }
            },
            {
                "query": {
                    "x1": -0.7215851148346002,
                    "x2": 0.00926145174455506
                },
                "metrics": {
                    "outcome": -0.42866661178279974
                },
                "metadata": {
                    "trials": 1
                }
            },
            {
                "query": {
                    "x1": -0.7286459459101633,
                    "x2": -0.017165613595815588
                },
                "metrics": {
                    "outcome": -0.4283618877066217
                },
                "metadata": {
                    "trials": 1
                }
            }
        ],
        [
            {
                "query": {
                    "x1": -0.7187271580958903,
                    "x2": 0.00490521819391887
                },
                "metrics": {
                    "outcome": -0.42875644164660953
                },
                "metadata": {
                    "trials": 1
                }
            },
            {
                "query": {
                    "x1": -0.7040610489489372,
                    "x2": -0.0036163962259403437
                },
                "metrics": {
                    "outcome": -0.42886836514405596
                },
                "metadata": {
                    "trials": 1
                }
            },
            {
                "query": {
                    "x1": -0.7086608232212355,
                    "x2": -0.010299932176282445
                },
                "metrics": {
                    "outcome": -0.42883437560757015
                },
                "metadata": {
                    "trials": 1
                }
            }
        ],
        [
            {
                "query": {
                    "x1": -0.7057344412511759,
                    "x2": 0.011096937434655896
                },
                "metrics": {
                    "outcome": -0.42882751605734676
                },
                "metadata": {
                    "trials": 1
                }
            },
            {
                "query": {
                    "x1": -0.7121726970914068,
                    "x2": 0.0077264408499706505
                },
                "metrics": {
                    "outcome": -0.42883438083348796
                },
                "metadata": {
                    "trials": 1
                }
            },
            {
                "query": {
                    "x1": -0.705058475345063,
                    "x2": -0.004924188524225492
                },
                "metrics": {
                    "outcome": -0.42886794105751286
                },
                "metadata": {
                    "trials": 1
                }
            }
        ]
    ]
}