{
    "date": "04/11/2022 16:32:35",
    "basic_params": {
        "active_variables": [
            "x1",
            "x2"
        ],
        "default_query": {},
        "metric": "basic",
        "n_trials": 1
    },
    "objective_function": {
        "name": "Goldstein",
        "params": {}
    },
    "optimizer": {
        "name": "BBO-LP(LCB)-FoD",
        "params": {
            "lower_bound": [
                -2.0,
                -2.0
            ],
            "upper_bound": [
                2.0,
                2.0
            ],
            "invert_metric": false,
            "bopt_params": {
                "n_init_samples": 15,
                "n_iterations": 45,
                "n_iter_relearn": 5,
                "verbose_level": 0,
                "n_parallel_samples": 3,
                "fixed_dataset_size": 50,
                "par_type": "PAR_BBO",
                "crit_name": "cLP(cLCB)",
                "n_crit_params": 3,
                "crit_params": [
                    3,
                    1,
                    1.0
                ]
            }
        }
    },
    "iterations": [
        [
            {
                "query": {
                    "x1": 0.8298885026325782,
                    "x2": -1.0243611674755813
                },
                "metrics": {
                    "outcome": 3674.209140413807
                },
                "metadata": {
                    "trials": 1
                }
            }
        ],
        [
            {
                "query": {
                    "x1": -0.48587029532839865,
                    "x2": -1.8053242187947034
                },
                "metrics": {
                    "outcome": 17017.626136297346
                },
                "metadata": {
                    "trials": 1
                }
            }
        ],
        [
            {
                "query": {
                    "x1": 0.48308841021110593,
                    "x2": -1.2489336946979166
                },
                "metrics": {
                    "outcome": 640.6069210051566
                },
                "metadata": {
                    "trials": 1
                }
            }
        ],
        [
            {
                "query": {
                    "x1": -0.00035117014000807245,
                    "x2": 0.12336486478646602
                },
                "metrics": {
                    "outcome": 761.8952323458236
                },
                "metadata": {
                    "trials": 1
                }
            }
        ],
        [
            {
                "query": {
                    "x1": -1.6695018166055282,
                    "x2": 0.3974244907498359
                },
                "metrics": {
                    "outcome": 12877.240005077369
                },
                "metadata": {
                    "trials": 1
                }
            }
        ],
        [
            {
                "query": {
                    "x1": -0.7946786715959508,
                    "x2": -0.36948511476318036
                },
                "metrics": {
                    "outcome": 74.40240933419187
                },
                "metadata": {
                    "trials": 1
                }
            }
        ],
        [
            {
                "query": {
                    "x1": 1.2467754680042464,
                    "x2": 1.8729129362851382
                },
                "metrics": {
                    "outcome": 76213.84686384127
                },
                "metadata": {
                    "trials": 1
                }
            }
        ],
        [
            {
                "query": {
                    "x1": 1.5837312451874217,
                    "x2": -0.5292992783089479
                },
                "metrics": {
                    "outcome": 8260.562516962504
                },
                "metadata": {
                    "trials": 1
                }
            }
        ],
        [
            {
                "query": {
                    "x1": 1.0641338686769206,
                    "x2": 1.4877988101914523
                },
                "metrics": {
                    "outcome": 15349.149006792099
                },
                "metadata": {
                    "trials": 1
                }
            }
        ],
        [
            {
                "query": {
                    "x1": -1.7825624987483024,
                    "x2": -0.8993202300121388
                },
                "metrics": {
                    "outcome": 12357.20447369191
                },
                "metadata": {
                    "trials": 1
                }
            }
        ],
        [
            {
                "query": {
                    "x1": 1.7915023659045497,
                    "x2": 1.0264242215082051
                },
                "metrics": {
                    "outcome": 1640.3505505952526
                },
                "metadata": {
                    "trials": 1
                }
            }
        ],
        [
            {
                "query": {
                    "x1": -0.22242823826769986,
                    "x2": 0.41061457681159164
                },
                "metrics": {
                    "outcome": 4359.356090082324
                },
                "metadata": {
                    "trials": 1
                }
            }
        ],
        [
            {
                "query": {
                    "x1": -1.412222560122609,
                    "x2": -1.6300472457582753
                },
                "metrics": {
                    "outcome": 7623.375722467932
                },
                "metadata": {
                    "trials": 1
                }
            }
        ],
        [
            {
                "query": {
                    "x1": 0.20269190712521468,
                    "x2": 1.388753410242498
                },
                "metrics": {
                    "outcome": 52071.23000458064
                },
                "metadata": {
                    "trials": 1
                }
            }
        ],
        [
            {
                "query": {
                    "x1": -0.9997251660873492,
                    "x2": 0.9317801707113782
                },
                "metrics": {
                    "outcome": 69582.47568990898
                },
                "metadata": {
                    "trials": 1
                }
            }
        ],
        [
            {
                "query": {
                    "x1": -0.5596311969963983,
                    "x2": -0.35064673810281866
                },
                "metrics": {
                    "outcome": 38.37689139886068
                },
                "metadata": {
                    "trials": 1
                }
            },
            {
                "query": {
                    "x1": -0.5596311969963983,
                    "x2": -0.35064673810281866
                },
                "metrics": {
                    "outcome": 38.37689139886068
                },
                "metadata": {
                    "trials": 1
                }
            },
            {
                "query": {
                    "x1": -0.5596311969963983,
                    "x2": -0.35064673810281866
                },
                "metrics": {
                    "outcome": 38.37689139886068
                },
                "metadata": {
                    "trials": 1
                }
            }
        ],
        [
            {
                "query": {
                    "x1": -0.6757346470289891,
                    "x2": -0.3475170705101909
                },
                "metrics": {
                    "outcome": 32.851917220606396
                },
                "metadata": {
                    "trials": 1
                }
            },
            {
                "query": {
                    "x1": -0.6757346470289891,
                    "x2": -0.3475170705101909
                },
                "metrics": {
                    "outcome": 32.851917220606396
                },
                "metadata": {
                    "trials": 1
                }
            },
            {
                "query": {
                    "x1": -0.6757346470289891,
                    "x2": -0.3475170705101909
                },
                "metrics": {
                    "outcome": 32.851917220606396
                },
                "metadata": {
                    "trials": 1
                }
            }
        ],
        [
            {
                "query": {
                    "x1": 2.0,
                    "x2": -1.9999999999999998
                },
                "metrics": {
                    "outcome": 316599.99999999994
                },
                "metadata": {
                    "trials": 1
                }
            },
            {
                "query": {
                    "x1": 2.0,
                    "x2": -1.9999999999999998
                },
                "metrics": {
                    "outcome": 316599.99999999994
                },
                "metadata": {
                    "trials": 1
                }
            },
            {
                "query": {
                    "x1": 2.0,
                    "x2": -1.9999999999999998
                },
                "metrics": {
                    "outcome": 316599.99999999994
                },
                "metadata": {
                    "trials": 1
                }
            }
        ],
        [
            {
                "query": {
                    "x1": -0.6330216782256841,
                    "x2": -0.3744917992708434
                },
                "metrics": {
                    "outcome": 30.475532225268065
                },
                "metadata": {
                    "trials": 1
                }
            },
            {
                "query": {
                    "x1": -0.6330216782256841,
                    "x2": -0.3744917992708434
                },
                "metrics": {
                    "outcome": 30.475532225268065
                },
                "metadata": {
                    "trials": 1
                }
            },
            {
                "query": {
                    "x1": -0.6330216782256841,
                    "x2": -0.3744917992708434
                },
                "metrics": {
                    "outcome": 30.475532225268065
                },
                "metadata": {
                    "trials": 1
                }
            }
        ],
        [
            {
                "query": {
                    "x1": -0.6431650956751667,
                    "x2": -0.36512854641510706
                },
                "metrics": {
                    "outcome": 30.84820320699254
                },
                "metadata": {
                    "trials": 1
                }
            },
            {
                "query": {
                    "x1": -0.6431651515699186,
                    "x2": -0.3651285238180013
                },
                "metrics": {
                    "outcome": 30.84820539068749
                },
                "metadata": {
                    "trials": 1
                }
            },
            {
                "query": {
                    "x1": -0.6431651998422334,
                    "x2": -0.36512853458874495
                },
                "metrics": {
                    "outcome": 30.84820704382927
                },
                "metadata": {
                    "trials": 1
                }
            }
        ],
        [
            {
                "query": {
                    "x1": -0.5748342042942609,
                    "x2": -0.3806720788914433
                },
                "metrics": {
                    "outcome": 32.08670350167557
                },
                "metadata": {
                    "trials": 1
                }
            },
            {
                "query": {
                    "x1": -0.5748342042942609,
                    "x2": -0.3806720788914433
                },
                "metrics": {
                    "outcome": 32.08670350167557
                },
                "metadata": {
                    "trials": 1
                }
            },
            {
                "query": {
                    "x1": -0.5748342042942609,
                    "x2": -0.3806720788914433
                },
                "metrics": {
                    "outcome": 32.08670350167557
                },
                "metadata": {
                    "trials": 1
                }
            }
        ],
        [
            {
                "query": {
                    "x1": -0.6147920070381201,
                    "x2": -0.3732503474430211
                },
                "metrics": {
                    "outcome": 30.393395800406324
                },
                "metadata": {
                    "trials": 1
                }
            },
            {
                "query": {
                    "x1": -0.6147920070381201,
                    "x2": -0.3732503474430211
                },
                "metrics": {
                    "outcome": 30.393395800406324
                },
                "metadata": {
                    "trials": 1
                }
            },
            {
                "query": {
                    "x1": -0.6147920070381201,
                    "x2": -0.3732503474430211
                },
                "metrics": {
                    "outcome": 30.393395800406324
                },
                "metadata": {
                    "trials": 1
                }
            }
        ],
        [
            {
                "query": {
                    "x1": -0.6205426270059864,
                    "x2": -0.37394681002532093
                },
                "metrics": {
                    "outcome": 30.316688233876743
                },
                "metadata": {
                    "trials": 1
                }
            },
            {
                "query": {
                    "x1": -0.6205421215204114,
                    "x2": -0.37394689294811334
                },
                "metrics": {
                    "outcome": 30.316686987940564
                },
                "metadata": {
                    "trials": 1
                }
            },
            {
                "query": {
                    "x1": -0.6205430506433414,
                    "x2": -0.3739467171030284
                },
                "metrics": {
                    "outcome": 30.316689910071695
                },
                "metadata": {
                    "trials": 1
                }
            }
        ],
        [
            {
                "query": {
                    "x1": -0.6204074870185816,
                    "x2": -0.37399298240469436
                },
                "metrics": {
                    "outcome": 30.31572034857136
                },
                "metadata": {
                    "trials": 1
                }
            },
            {
                "query": {
                    "x1": -0.6204072392258015,
                    "x2": -0.37399298240469436
                },
                "metrics": {
                    "outcome": 30.31572089087579
                },
                "metadata": {
                    "trials": 1
                }
            },
            {
                "query": {
                    "x1": -0.6204076628631665,
                    "x2": -0.3739928994824018
                },
                "metrics": {
                    "outcome": 30.315722210718178
                },
                "metadata": {
                    "trials": 1
                }
            }
        ],
        [
            {
                "query": {
                    "x1": -0.620342286543343,
                    "x2": -0.3740166566151846
                },
                "metrics": {
                    "outcome": 30.315224348956313
                },
                "metadata": {
                    "trials": 1
                }
            },
            {
                "query": {
                    "x1": -0.6203427201807079,
                    "x2": -0.37401659566698986
                },
                "metrics": {
                    "outcome": 30.315225008386662
                },
                "metadata": {
                    "trials": 1
                }
            },
            {
                "query": {
                    "x1": -0.6203429889475855,
                    "x2": -0.3740165946669898
                },
                "metrics": {
                    "outcome": 30.315224418595236
                },
                "metadata": {
                    "trials": 1
                }
            }
        ],
        [
            {
                "query": {
                    "x1": -0.6191676238334107,
                    "x2": -0.37456733336913506
                },
                "metrics": {
                    "outcome": 30.30376518449
                },
                "metadata": {
                    "trials": 1
                }
            },
            {
                "query": {
                    "x1": -0.6191590492326029,
                    "x2": -0.374568390662652
                },
                "metrics": {
                    "outcome": 30.303770150659144
                },
                "metadata": {
                    "trials": 1
                }
            },
            {
                "query": {
                    "x1": -0.6191648740379816,
                    "x2": -0.3745684219879495
                },
                "metrics": {
                    "outcome": 30.30374582708751
                },
                "metadata": {
                    "trials": 1
                }
            }
        ],
        [
            {
                "query": {
                    "x1": -0.6191191662159112,
                    "x2": -0.37459722238234505
                },
                "metrics": {
                    "outcome": 30.303126218726188
                },
                "metadata": {
                    "trials": 1
                }
            },
            {
                "query": {
                    "x1": -0.6191195814665715,
                    "x2": -0.37459703200717964
                },
                "metrics": {
                    "outcome": 30.303129847005312
                },
                "metadata": {
                    "trials": 1
                }
            },
            {
                "query": {
                    "x1": -0.6191216888435516,
                    "x2": -0.3745965680321517
                },
                "metrics": {
                    "outcome": 30.303134234351738
                },
                "metadata": {
                    "trials": 1
                }
            }
        ],
        [
            {
                "query": {
                    "x1": 0.4394557652002513,
                    "x2": -1.1099915518126275
                },
                "metrics": {
                    "outcome": 411.57966597743166
                },
                "metadata": {
                    "trials": 1
                }
            },
            {
                "query": {
                    "x1": 0.4394557652002513,
                    "x2": -1.1099915518126275
                },
                "metrics": {
                    "outcome": 411.57966597743166
                },
                "metadata": {
                    "trials": 1
                }
            },
            {
                "query": {
                    "x1": 0.4394557652002513,
                    "x2": -1.1099915518126275
                },
                "metrics": {
                    "outcome": 411.57966597743166
                },
                "metadata": {
                    "trials": 1
                }
            }
        ],
        [
            {
                "query": {
                    "x1": -0.6191674699992442,
                    "x2": -0.37574792382088096
                },
                "metrics": {
                    "outcome": 30.272605052672507
                },
                "metadata": {
                    "trials": 1
                }
            },
            {
                "query": {
                    "x1": -0.6191672531805619,
                    "x2": -0.37574795479497847
                },
                "metrics": {
                    "outcome": 30.272604673028972
                },
                "metadata": {
                    "trials": 1
                }
            },
            {
                "query": {
                    "x1": -0.6191677077920243,
                    "x2": -0.37574782989858835
                },
                "metrics": {
                    "outcome": 30.272606959683277
                },
                "metadata": {
                    "trials": 1
                }
            }
        ],
        [
            {
                "query": {
                    "x1": 0.0,
                    "x2": 0.0
                },
                "metrics": {
                    "outcome": 600.0
                },
                "metadata": {
                    "trials": 1
                }
            },
            {
                "query": {
                    "x1": 0.0,
                    "x2": 0.0
                },
                "metrics": {
                    "outcome": 600.0
                },
                "metadata": {
                    "trials": 1
                }
            },
            {
                "query": {
                    "x1": 0.0,
                    "x2": 0.0
                },
                "metrics": {
                    "outcome": 600.0
                },
                "metadata": {
                    "trials": 1
                }
            }
        ],
        [
            {
                "query": {
                    "x1": 1.957792245139697,
                    "x2": 0.13684354578660862
                },
                "metrics": {
                    "outcome": 421.3468604183768
                },
                "metadata": {
                    "trials": 1
                }
            },
            {
                "query": {
                    "x1": 1.957792245139697,
                    "x2": 0.13684354578660862
                },
                "metrics": {
                    "outcome": 421.3468604183768
                },
                "metadata": {
                    "trials": 1
                }
            },
            {
                "query": {
                    "x1": 1.957792245139697,
                    "x2": 0.13684354578660862
                },
                "metrics": {
                    "outcome": 421.3468604183768
                },
                "metadata": {
                    "trials": 1
                }
            }
        ],
        [
            {
                "query": {
                    "x1": 1.333333333333333,
                    "x2": -1.0
                },
                "metrics": {
                    "outcome": 21387.51577503428
                },
                "metadata": {
                    "trials": 1
                }
            },
            {
                "query": {
                    "x1": 1.333333333333333,
                    "x2": -1.0
                },
                "metrics": {
                    "outcome": 21387.51577503428
                },
                "metadata": {
                    "trials": 1
                }
            },
            {
                "query": {
                    "x1": 1.333333333333333,
                    "x2": -1.0
                },
                "metrics": {
                    "outcome": 21387.51577503428
                },
                "metadata": {
                    "trials": 1
                }
            }
        ],
        [
            {
                "query": {
                    "x1": 1.9539729057182895,
                    "x2": 0.5538727096077767
                },
                "metrics": {
                    "outcome": 553.9233486531364
                },
                "metadata": {
                    "trials": 1
                }
            },
            {
                "query": {
                    "x1": 1.9539729057182895,
                    "x2": 0.5538727096077767
                },
                "metrics": {
                    "outcome": 553.9233486531364
                },
                "metadata": {
                    "trials": 1
                }
            },
            {
                "query": {
                    "x1": 1.9539729057182895,
                    "x2": 0.5538727096077767
                },
                "metrics": {
                    "outcome": 553.9233486531364
                },
                "metadata": {
                    "trials": 1
                }
            }
        ],
        [
            {
                "query": {
                    "x1": 0.1408838871542546,
                    "x2": -1.0162274669068392
                },
                "metrics": {
                    "outcome": 11.697339574791748
                },
                "metadata": {
                    "trials": 1
                }
            },
            {
                "query": {
                    "x1": 0.1408838871542546,
                    "x2": -1.0162274669068392
                },
                "metrics": {
                    "outcome": 11.697339574791748
                },
                "metadata": {
                    "trials": 1
                }
            },
            {
                "query": {
                    "x1": 0.1408838871542546,
                    "x2": -1.0162274669068392
                },
                "metrics": {
                    "outcome": 11.697339574791748
                },
                "metadata": {
                    "trials": 1
                }
            }
        ],
        [
            {
                "query": {
                    "x1": 0.18324599364758853,
                    "x2": -1.050518450679912
                },
                "metrics": {
                    "outcome": 24.87077132654348
                },
                "metadata": {
                    "trials": 1
                }
            },
            {
                "query": {
                    "x1": 0.1857716762441477,
                    "x2": -1.0489704534329292
                },
                "metrics": {
                    "outcome": 25.458494516547546
                },
                "metadata": {
                    "trials": 1
                }
            },
            {
                "query": {
                    "x1": 0.18432304683989154,
                    "x2": -1.0500488252924267
                },
                "metrics": {
                    "outcome": 25.1441448390209
                },
                "metadata": {
                    "trials": 1
                }
            }
        ],
        [
            {
                "query": {
                    "x1": -2.0,
                    "x2": 1.9999999999999698
                },
                "metrics": {
                    "outcome": 956599.9999999342
                },
                "metadata": {
                    "trials": 1
                }
            },
            {
                "query": {
                    "x1": -2.0,
                    "x2": 1.9999999999999698
                },
                "metrics": {
                    "outcome": 956599.9999999342
                },
                "metadata": {
                    "trials": 1
                }
            },
            {
                "query": {
                    "x1": -2.0,
                    "x2": 1.9999999999999698
                },
                "metrics": {
                    "outcome": 956599.9999999342
                },
                "metadata": {
                    "trials": 1
                }
            }
        ],
        [
            {
                "query": {
                    "x1": -1.67072136817146,
                    "x2": -2.0
                },
                "metrics": {
                    "outcome": 5097.9094361434845
                },
                "metadata": {
                    "trials": 1
                }
            },
            {
                "query": {
                    "x1": -1.67072136817146,
                    "x2": -2.0
                },
                "metrics": {
                    "outcome": 5097.9094361434845
                },
                "metadata": {
                    "trials": 1
                }
            },
            {
                "query": {
                    "x1": -1.67072136817146,
                    "x2": -2.0
                },
                "metrics": {
                    "outcome": 5097.9094361434845
                },
                "metadata": {
                    "trials": 1
                }
            }
        ],
        [
            {
                "query": {
                    "x1": 0.05087049487462725,
                    "x2": -1.4307800432310551
                },
                "metrics": {
                    "outcome": 1018.5505116017268
                },
                "metadata": {
                    "trials": 1
                }
            },
            {
                "query": {
                    "x1": 0.05087049487462725,
                    "x2": -1.4307800432310551
                },
                "metrics": {
                    "outcome": 1018.5505116017268
                },
                "metadata": {
                    "trials": 1
                }
            },
            {
                "query": {
                    "x1": 0.05087049487462725,
                    "x2": -1.4307800432310551
                },
                "metrics": {
                    "outcome": 1018.5505116017268
                },
                "metadata": {
                    "trials": 1
                }
            }
        ],
        [
            {
                "query": {
                    "x1": 0.15280434455062597,
                    "x2": -0.9734773494779008
                },
                "metrics": {
                    "outcome": 10.38729454620558
                },
                "metadata": {
                    "trials": 1
                }
            },
            {
                "query": {
                    "x1": 0.15278660661008248,
                    "x2": -0.9766411981219991
                },
                "metrics": {
                    "outcome": 10.589524682521207
                },
                "metadata": {
                    "trials": 1
                }
            },
            {
                "query": {
                    "x1": 0.1524727139419051,
                    "x2": -0.9787636206955204
                },
                "metrics": {
                    "outcome": 10.686770887348494
                },
                "metadata": {
                    "trials": 1
                }
            }
        ],
        [
            {
                "query": {
                    "x1": -1.081290158675023,
                    "x2": -1.9999299756058795
                },
                "metrics": {
                    "outcome": 16308.503258448736
                },
                "metadata": {
                    "trials": 1
                }
            },
            {
                "query": {
                    "x1": -1.081290158675023,
                    "x2": -1.9999299756058795
                },
                "metrics": {
                    "outcome": 16308.503258448736
                },
                "metadata": {
                    "trials": 1
                }
            },
            {
                "query": {
                    "x1": -1.081290158675023,
                    "x2": -1.9999299756058795
                },
                "metrics": {
                    "outcome": 16308.503258448736
                },
                "metadata": {
                    "trials": 1
                }
            }
        ],
        [
            {
                "query": {
                    "x1": 0.13153252718133812,
                    "x2": -0.9481274078924615
                },
                "metrics": {
                    "outcome": 7.194618523338704
                },
                "metadata": {
                    "trials": 1
                }
            },
            {
                "query": {
                    "x1": 0.13153252718133812,
                    "x2": -0.9481274078924615
                },
                "metrics": {
                    "outcome": 7.194618523338704
                },
                "metadata": {
                    "trials": 1
                }
            },
            {
                "query": {
                    "x1": 0.13153252718133812,
                    "x2": -0.9481274078924615
                },
                "metrics": {
                    "outcome": 7.194618523338704
                },
                "metadata": {
                    "trials": 1
                }
            }
        ],
        [
            {
                "query": {
                    "x1": 0.13659549111916913,
                    "x2": -0.9638955836393381
                },
                "metrics": {
                    "outcome": 8.032583845928585
                },
                "metadata": {
                    "trials": 1
                }
            },
            {
                "query": {
                    "x1": 0.13659549111916913,
                    "x2": -0.9638955836393381
                },
                "metrics": {
                    "outcome": 8.032583845928585
                },
                "metadata": {
                    "trials": 1
                }
            },
            {
                "query": {
                    "x1": 0.13659549111916913,
                    "x2": -0.9638955836393381
                },
                "metrics": {
                    "outcome": 8.032583845928585
                },
                "metadata": {
                    "trials": 1
                }
            }
        ],
        [
            {
                "query": {
                    "x1": -0.4920700928649129,
                    "x2": -0.40439567974456225
                },
                "metrics": {
                    "outcome": 41.95844311732664
                },
                "metadata": {
                    "trials": 1
                }
            },
            {
                "query": {
                    "x1": -0.4920700928649129,
                    "x2": -0.40439567974456225
                },
                "metrics": {
                    "outcome": 41.95844311732664
                },
                "metadata": {
                    "trials": 1
                }
            },
            {
                "query": {
                    "x1": -0.4920700928649129,
                    "x2": -0.40439567974456225
                },
                "metrics": {
                    "outcome": 41.95844311732664
                },
                "metadata": {
                    "trials": 1
                }
            }
        ],
        [
            {
                "query": {
                    "x1": -0.5655767369598255,
                    "x2": -0.34005042032197497
                },
                "metrics": {
                    "outcome": 39.43991973858887
                },
                "metadata": {
                    "trials": 1
                }
            },
            {
                "query": {
                    "x1": -0.5655767369598255,
                    "x2": -0.34005042032197497
                },
                "metrics": {
                    "outcome": 39.43991973858887
                },
                "metadata": {
                    "trials": 1
                }
            },
            {
                "query": {
                    "x1": -0.5655767369598255,
                    "x2": -0.34005042032197497
                },
                "metrics": {
                    "outcome": 39.43991973858887
                },
                "metadata": {
                    "trials": 1
                }
            }
        ],
        [
            {
                "query": {
                    "x1": 0.1241347478629109,
                    "x2": -0.9284771618523737
                },
                "metrics": {
                    "outcome": 6.791233668157177
                },
                "metadata": {
                    "trials": 1
                }
            },
            {
                "query": {
                    "x1": 0.12413405593967353,
                    "x2": -0.9284725545035637
                },
                "metrics": {
                    "outcome": 6.791290464492982
                },
                "metadata": {
                    "trials": 1
                }
            },
            {
                "query": {
                    "x1": 0.12413536510464462,
                    "x2": -0.9284769804667092
                },
                "metrics": {
                    "outcome": 6.791266373043313
                },
                "metadata": {
                    "trials": 1
                }
            }
        ],
        [
            {
                "query": {
                    "x1": 0.12313154864795983,
                    "x2": -0.9257384118589276
                },
                "metrics": {
                    "outcome": 6.8056103695535946
                },
                "metadata": {
                    "trials": 1
                }
            },
            {
                "query": {
                    "x1": 0.12313058365348706,
                    "x2": -0.925713572042191
                },
                "metrics": {
                    "outcome": 6.806176780808796
                },
                "metadata": {
                    "trials": 1
                }
            },
            {
                "query": {
                    "x1": 0.12312263580776284,
                    "x2": -0.9256785052832477
                },
                "metrics": {
                    "outcome": 6.8066893037171265
                },
                "metadata": {
                    "trials": 1
                }
            }
        ],
        [
            {
                "query": {
                    "x1": -0.5082855804402102,
                    "x2": 0.02630332749386488
                },
                "metrics": {
                    "outcome": 623.0581468227949
                },
                "metadata": {
                    "trials": 1
                }
            },
            {
                "query": {
                    "x1": -0.5082855804402102,
                    "x2": 0.02630332749386488
                },
                "metrics": {
                    "outcome": 623.0581468227949
                },
                "metadata": {
                    "trials": 1
                }
            },
            {
                "query": {
                    "x1": -0.5082855804402102,
                    "x2": 0.02630332749386488
                },
                "metrics": {
                    "outcome": 623.0581468227949
                },
                "metadata": {
                    "trials": 1
                }
            }
        ],
        [
            {
                "query": {
                    "x1": -0.5269751661736672,
                    "x2": -0.5209046347737643
                },
                "metrics": {
                    "outcome": 35.52860769336699
                },
                "metadata": {
                    "trials": 1
                }
            },
            {
                "query": {
                    "x1": -0.5269751661736672,
                    "x2": -0.5209046347737643
                },
                "metrics": {
                    "outcome": 35.52860769336699
                },
                "metadata": {
                    "trials": 1
                }
            },
            {
                "query": {
                    "x1": -0.5269751661736672,
                    "x2": -0.5209046347737643
                },
                "metrics": {
                    "outcome": 35.52860769336699
                },
                "metadata": {
                    "trials": 1
                }
            }
        ],
        [
            {
                "query": {
                    "x1": 2.0,
                    "x2": 1.5490788450873691
                },
                "metrics": {
                    "outcome": 6273.600103904238
                },
                "metadata": {
                    "trials": 1
                }
            },
            {
                "query": {
                    "x1": 2.0,
                    "x2": 1.5490788450873691
                },
                "metrics": {
                    "outcome": 6273.600103904238
                },
                "metadata": {
                    "trials": 1
                }
            },
            {
                "query": {
                    "x1": 2.0,
                    "x2": 1.5490788450873691
                },
                "metrics": {
                    "outcome": 6273.600103904238
                },
                "metadata": {
                    "trials": 1
                }
            }
        ],
        [
            {
                "query": {
                    "x1": 1.9999999999999991,
                    "x2": -1.9999999999999971
                },
                "metrics": {
                    "outcome": 316599.9999999992
                },
                "metadata": {
                    "trials": 1
                }
            },
            {
                "query": {
                    "x1": 2.0,
                    "x2": -1.9999998803638097
                },
                "metrics": {
                    "outcome": 316599.99118519976
                },
                "metadata": {
                    "trials": 1
                }
            },
            {
                "query": {
                    "x1": 2.0,
                    "x2": -1.9999997402556264
                },
                "metrics": {
                    "outcome": 316599.98086200765
                },
                "metadata": {
                    "trials": 1
                }
            }
        ],
        [
            {
                "query": {
                    "x1": -0.7694250161353755,
                    "x2": -1.0368190413388279
                },
                "metrics": {
                    "outcome": 1108.0940296681547
                },
                "metadata": {
                    "trials": 1
                }
            },
            {
                "query": {
                    "x1": -0.7694250161353755,
                    "x2": -1.0368190413388279
                },
                "metrics": {
                    "outcome": 1108.0940296681547
                },
                "metadata": {
                    "trials": 1
                }
            },
            {
                "query": {
                    "x1": -0.7694250161353755,
                    "x2": -1.0368190413388279
                },
                "metrics": {
                    "outcome": 1108.0940296681547
                },
                "metadata": {
                    "trials": 1
                }
            }
        ],
        [
            {
                "query": {
                    "x1": -1.3333333333333333,
                    "x2": 0.833333333333333
                },
                "metrics": {
                    "outcome": 37322.972656249956
                },
                "metadata": {
                    "trials": 1
                }
            },
            {
                "query": {
                    "x1": -1.8333333385650437,
                    "x2": 1.1565010302516554
                },
                "metrics": {
                    "outcome": 59872.808676097666
                },
                "metadata": {
                    "trials": 1
                }
            },
            {
                "query": {
                    "x1": -1.8686886723926608,
                    "x2": 1.2979779942740057
                },
                "metrics": {
                    "outcome": 113010.61273445413
                },
                "metadata": {
                    "trials": 1
                }
            }
        ],
        [
            {
                "query": {
                    "x1": -0.46069087514314466,
                    "x2": -0.734511137329136
                },
                "metrics": {
                    "outcome": 85.77895436515013
                },
                "metadata": {
                    "trials": 1
                }
            },
            {
                "query": {
                    "x1": -0.46069087514314466,
                    "x2": -0.734511137329136
                },
                "metrics": {
                    "outcome": 85.77895436515013
                },
                "metadata": {
                    "trials": 1
                }
            },
            {
                "query": {
                    "x1": -0.46069087514314466,
                    "x2": -0.734511137329136
                },
                "metrics": {
                    "outcome": 85.77895436515013
                },
                "metadata": {
                    "trials": 1
                }
            }
        ],
        [
            {
                "query": {
                    "x1": 0.0781078678345124,
                    "x2": -0.9264400471221101
                },
                "metrics": {
                    "outcome": 5.533720770391523
                },
                "metadata": {
                    "trials": 1
                }
            },
            {
                "query": {
                    "x1": 0.08238314406491742,
                    "x2": -0.9267883921933155
                },
                "metrics": {
                    "outcome": 5.582884114875339
                },
                "metadata": {
                    "trials": 1
                }
            },
            {
                "query": {
                    "x1": 0.08062726045005508,
                    "x2": -0.9266463994753671
                },
                "metrics": {
                    "outcome": 5.56138991691594
                },
                "metadata": {
                    "trials": 1
                }
            }
        ],
        [
            {
                "query": {
                    "x1": 0.6878742325355924,
                    "x2": -1.0207579451510522
                },
                "metrics": {
                    "outcome": 1748.7287081178922
                },
                "metadata": {
                    "trials": 1
                }
            },
            {
                "query": {
                    "x1": 0.6878742325355924,
                    "x2": -1.0207579451510522
                },
                "metrics": {
                    "outcome": 1748.7287081178922
                },
                "metadata": {
                    "trials": 1
                }
            },
            {
                "query": {
                    "x1": 0.6878742325355924,
                    "x2": -1.0207579451510522
                },
                "metrics": {
                    "outcome": 1748.7287081178922
                },
                "metadata": {
                    "trials": 1
                }
            }
        ],
        [
            {
                "query": {
                    "x1": 0.04087773016374063,
                    "x2": -0.9705933545851595
                },
                "metrics": {
                    "outcome": 3.514651579454856
                },
                "metadata": {
                    "trials": 1
                }
            },
            {
                "query": {
                    "x1": 0.03154624590676436,
                    "x2": -0.9699410405644344
                },
                "metrics": {
                    "outcome": 3.425429192129188
                },
                "metadata": {
                    "trials": 1
                }
            },
            {
                "query": {
                    "x1": 0.03502229334771645,
                    "x2": -0.9692966634489983
                },
                "metrics": {
                    "outcome": 3.469585946399427
                },
                "metadata": {
                    "trials": 1
                }
            }
        ],
        [
            {
                "query": {
                    "x1": 0.07180149607509678,
                    "x2": -0.9640386172810989
                },
                "metrics": {
                    "outcome": 4.245591817848726
                },
                "metadata": {
                    "trials": 1
                }
            },
            {
                "query": {
                    "x1": 0.0707180835235528,
                    "x2": -0.9640134542240759
                },
                "metrics": {
                    "outcome": 4.214907794663102
                },
                "metadata": {
                    "trials": 1
                }
            },
            {
                "query": {
                    "x1": 0.07233773865320225,
                    "x2": -0.9640516821086789
                },
                "metrics": {
                    "outcome": 4.2610780193804665
                },
                "metadata": {
                    "trials": 1
                }
            }
        ],
        [
            {
                "query": {
                    "x1": 0.035410925363411394,
                    "x2": -0.9680677289122921
                },
                "metrics": {
                    "outcome": 3.4972781212677067
                },
                "metadata": {
                    "trials": 1
                }
            },
            {
                "query": {
                    "x1": 0.035715930511618144,
                    "x2": -0.968164359328938
                },
                "metrics": {
                    "outcome": 3.4983637382400508
                },
                "metadata": {
                    "trials": 1
                }
            },
            {
                "query": {
                    "x1": 0.03513196765550752,
                    "x2": -0.9681388926417629
                },
                "metrics": {
                    "outcome": 3.493149163269414
                },
                "metadata": {
                    "trials": 1
                }
            }
        ],
        [
            {
                "query": {
                    "x1": 0.04881946738858822,
                    "x2": -0.9679061799245456
                },
                "metrics": {
                    "outcome": 3.6757546307959093
                },
                "metadata": {
                    "trials": 1
                }
            },
            {
                "query": {
                    "x1": 0.04921707046064405,
                    "x2": -0.967916646665222
                },
                "metrics": {
                    "outcome": 3.6822156134121395
                },
                "metadata": {
                    "trials": 1
                }
            },
            {
                "query": {
                    "x1": 0.0498261095350947,
                    "x2": -0.9677407813510341
                },
                "metrics": {
                    "outcome": 3.695294227728954
                },
                "metadata": {
                    "trials": 1
                }
            }
        ],
        [
            {
                "query": {
                    "x1": 0.030868308752932005,
                    "x2": -0.9679839255216975
                },
                "metrics": {
                    "outcome": 3.4595933588590877
                },
                "metadata": {
                    "trials": 1
                }
            },
            {
                "query": {
                    "x1": 0.030827302586171612,
                    "x2": -0.9679798445125851
                },
                "metrics": {
                    "outcome": 3.4593689382677715
                },
                "metadata": {
                    "trials": 1
                }
            },
            {
                "query": {
                    "x1": 0.03062645278605025,
                    "x2": -0.9679585418126466
                },
                "metrics": {
                    "outcome": 3.4583104832435563
                },
                "metadata": {
                    "trials": 1
                }
            }
        ]
    ],
    "best_results": [
        {
            "query": {
                "x1": 0.03154624590676436,
                "x2": -0.9699410405644344
            },
            "metrics": [
                {
                    "name": "outcome",
                    "value": 3.425429192129188
                }
            ]
        }
    ]
}