{
    "date": "04/11/2022 16:30:54",
    "basic_params": {
        "active_variables": [
            "x1",
            "x2"
        ],
        "default_query": {},
        "metric": "basic",
        "n_trials": 1
    },
    "objective_function": {
        "name": "Gramacy2D",
        "params": {}
    },
    "optimizer": {
        "name": "BBO-LP(LCB)-FoD",
        "params": {
            "lower_bound": [
                -2.0,
                -2.0
            ],
            "upper_bound": [
                6.0,
                6.0
            ],
            "invert_metric": false,
            "bopt_params": {
                "n_init_samples": 15,
                "n_iterations": 45,
                "n_iter_relearn": 5,
                "verbose_level": 0,
                "n_parallel_samples": 3,
                "fixed_dataset_size": 50,
                "par_type": "PAR_BBO",
                "crit_name": "cLP(cLCB)",
                "n_crit_params": 3,
                "crit_params": [
                    3,
                    1,
                    1.0
                ]
            }
        }
    },
    "iterations": [
        [
            {
                "query": {
                    "x1": 2.063293057307601,
                    "x2": -1.8866791535168885
                },
                "metrics": {
                    "outcome": 0.0008313720159222913
                },
                "metadata": {
                    "trials": 1
                }
            }
        ],
        [
            {
                "query": {
                    "x1": 3.7959379769861696,
                    "x2": 0.6115289032459259
                },
                "metrics": {
                    "outcome": 1.4424302647481684e-06
                },
                "metadata": {
                    "trials": 1
                }
            }
        ],
        [
            {
                "query": {
                    "x1": 2.287724296748638,
                    "x2": 2.2820396943638723
                },
                "metrics": {
                    "outcome": 6.679849163424268e-05
                },
                "metadata": {
                    "trials": 1
                }
            }
        ],
        [
            {
                "query": {
                    "x1": 0.15375879580775909,
                    "x2": 4.745330606276791
                },
                "metrics": {
                    "outcome": 2.494932132305844e-11
                },
                "metadata": {
                    "trials": 1
                }
            }
        ],
        [
            {
                "query": {
                    "x1": 5.8371005738774935,
                    "x2": 1.7542924313495556
                },
                "metrics": {
                    "outcome": 4.2901025630810384e-16
                },
                "metadata": {
                    "trials": 1
                }
            }
        ],
        [
            {
                "query": {
                    "x1": 0.859355053305626,
                    "x2": 4.33063380420208
                },
                "metrics": {
                    "outcome": 2.94118474336253e-09
                },
                "metadata": {
                    "trials": 1
                }
            }
        ],
        [
            {
                "query": {
                    "x1": 1.3169665104399124,
                    "x2": 3.577264513944586
                },
                "metrics": {
                    "outcome": 6.437913213130922e-07
                },
                "metadata": {
                    "trials": 1
                }
            }
        ],
        [
            {
                "query": {
                    "x1": 5.185129117717346,
                    "x2": 2.8456957279394066
                },
                "metrics": {
                    "outcome": 3.3235151237314723e-15
                },
                "metadata": {
                    "trials": 1
                }
            }
        ],
        [
            {
                "query": {
                    "x1": -1.4292250615855058,
                    "x2": -0.9426308816919724
                },
                "metrics": {
                    "outcome": -0.07622202063122441
                },
                "metadata": {
                    "trials": 1
                }
            }
        ],
        [
            {
                "query": {
                    "x1": 4.016848428795735,
                    "x2": 5.467888773481051
                },
                "metrics": {
                    "outcome": 4.093173323878243e-20
                },
                "metadata": {
                    "trials": 1
                }
            }
        ],
        [
            {
                "query": {
                    "x1": 3.080704226593176,
                    "x2": -0.733920897046725
                },
                "metrics": {
                    "outcome": 0.00013581455090981855
                },
                "metadata": {
                    "trials": 1
                }
            }
        ],
        [
            {
                "query": {
                    "x1": 0.030590668196479598,
                    "x2": 1.297538239384691
                },
                "metrics": {
                    "outcome": 0.00567547198971413
                },
                "metadata": {
                    "trials": 1
                }
            }
        ],
        [
            {
                "query": {
                    "x1": 4.791862267504135,
                    "x2": 0.792261098201076
                },
                "metrics": {
                    "outcome": 2.726853579986243e-10
                },
                "metadata": {
                    "trials": 1
                }
            }
        ],
        [
            {
                "query": {
                    "x1": -0.5378271746138732,
                    "x2": 5.22760826908052
                },
                "metrics": {
                    "outcome": -5.45341444953677e-13
                },
                "metadata": {
                    "trials": 1
                }
            }
        ],
        [
            {
                "query": {
                    "x1": -1.8052063568184773,
                    "x2": -0.34552726161976666
                },
                "metrics": {
                    "outcome": -0.061575933860468404
                },
                "metadata": {
                    "trials": 1
                }
            }
        ],
        [
            {
                "query": {
                    "x1": -2.0,
                    "x2": -1.999999999994
                },
                "metrics": {
                    "outcome": -0.0006709252558211262
                },
                "metadata": {
                    "trials": 1
                }
            },
            {
                "query": {
                    "x1": 1.3002819581011584,
                    "x2": 6.0
                },
                "metrics": {
                    "outcome": 5.561092279594145e-17
                },
                "metadata": {
                    "trials": 1
                }
            },
            {
                "query": {
                    "x1": 6.0,
                    "x2": 0.44262408976474443
                },
                "metrics": {
                    "outcome": 1.1441016904935566e-15
                },
                "metadata": {
                    "trials": 1
                }
            }
        ],
        [
            {
                "query": {
                    "x1": -1.0355692355619939,
                    "x2": -0.8738979774835647
                },
                "metrics": {
                    "outcome": -0.16510889466271061
                },
                "metadata": {
                    "trials": 1
                }
            },
            {
                "query": {
                    "x1": 0.042421046914646876,
                    "x2": -0.9189821967603404
                },
                "metrics": {
                    "outcome": 0.01819809294571246
                },
                "metadata": {
                    "trials": 1
                }
            },
            {
                "query": {
                    "x1": -2.0,
                    "x2": -0.8080789628703351
                },
                "metrics": {
                    "outcome": -0.019066080177219127
                },
                "metadata": {
                    "trials": 1
                }
            }
        ],
        [
            {
                "query": {
                    "x1": 5.999999999999997,
                    "x2": -1.99999999999946
                },
                "metrics": {
                    "outcome": 2.5490125531805308e-17
                },
                "metadata": {
                    "trials": 1
                }
            },
            {
                "query": {
                    "x1": 4.304718381160719,
                    "x2": -2.0
                },
                "metrics": {
                    "outcome": 7.063652774706228e-10
                },
                "metadata": {
                    "trials": 1
                }
            },
            {
                "query": {
                    "x1": -1.0964568009721347,
                    "x2": -0.6086106767574702
                },
                "metrics": {
                    "outcome": -0.22751466494777922
                },
                "metadata": {
                    "trials": 1
                }
            }
        ],
        [
            {
                "query": {
                    "x1": -0.5987373114891701,
                    "x2": -0.18760355753603508
                },
                "metrics": {
                    "outcome": -0.4038895679205317
                },
                "metadata": {
                    "trials": 1
                }
            },
            {
                "query": {
                    "x1": -0.06859959506856828,
                    "x2": -0.016956392825160815
                },
                "metrics": {
                    "outcome": -0.06825790204367266
                },
                "metadata": {
                    "trials": 1
                }
            },
            {
                "query": {
                    "x1": -1.1054398371085523,
                    "x2": -0.36606725717453137
                },
                "metrics": {
                    "outcome": -0.2848595087985978
                },
                "metadata": {
                    "trials": 1
                }
            }
        ],
        [
            {
                "query": {
                    "x1": -0.842327550696002,
                    "x2": -0.19584872238919626
                },
                "metrics": {
                    "outcome": -0.39873479788699057
                },
                "metadata": {
                    "trials": 1
                }
            },
            {
                "query": {
                    "x1": -0.20848598400188623,
                    "x2": -0.16406838508204658
                },
                "metrics": {
                    "outcome": -0.19431624786551896
                },
                "metadata": {
                    "trials": 1
                }
            },
            {
                "query": {
                    "x1": -1.4693998643938522,
                    "x2": -0.20888846175608422
                },
                "metrics": {
                    "outcome": -0.16236371776074585
                },
                "metadata": {
                    "trials": 1
                }
            }
        ],
        [
            {
                "query": {
                    "x1": -1.0351102394268459,
                    "x2": 2.9095673902957992
                },
                "metrics": {
                    "outcome": -7.466286779104966e-05
                },
                "metadata": {
                    "trials": 1
                }
            },
            {
                "query": {
                    "x1": -0.9624549353828378,
                    "x2": 2.106597118318674
                },
                "metrics": {
                    "outcome": -0.0045060292040348246
                },
                "metadata": {
                    "trials": 1
                }
            },
            {
                "query": {
                    "x1": -1.0991475778872366,
                    "x2": 3.7476232531422466
                },
                "metrics": {
                    "outcome": -2.611239873069613e-07
                },
                "metadata": {
                    "trials": 1
                }
            }
        ],
        [
            {
                "query": {
                    "x1": -0.6879356497491362,
                    "x2": -0.8629084346203748
                },
                "metrics": {
                    "outcome": -0.20353314706991502
                },
                "metadata": {
                    "trials": 1
                }
            },
            {
                "query": {
                    "x1": -0.6596779801315653,
                    "x2": -1.162034286666993
                },
                "metrics": {
                    "outcome": -0.11063683561357393
                },
                "metadata": {
                    "trials": 1
                }
            },
            {
                "query": {
                    "x1": -0.7094199804858057,
                    "x2": -0.5686102854386741
                },
                "metrics": {
                    "outcome": -0.3103973782316523
                },
                "metadata": {
                    "trials": 1
                }
            }
        ],
        [
            {
                "query": {
                    "x1": -0.5368043412387964,
                    "x2": 1.0992951882298354
                },
                "metrics": {
                    "outcome": -0.12018411531445711
                },
                "metadata": {
                    "trials": 1
                }
            },
            {
                "query": {
                    "x1": -0.5615437224068349,
                    "x2": 0.826015903907046
                },
                "metrics": {
                    "outcome": -0.20706981617719558
                },
                "metadata": {
                    "trials": 1
                }
            },
            {
                "query": {
                    "x1": -0.5138912413233492,
                    "x2": 1.3793212917169995
                },
                "metrics": {
                    "outcome": -0.058874038242390174
                },
                "metadata": {
                    "trials": 1
                }
            }
        ],
        [
            {
                "query": {
                    "x1": -0.7784316557472852,
                    "x2": 0.1710706304758296
                },
                "metrics": {
                    "outcome": -0.4124274017286689
                },
                "metadata": {
                    "trials": 1
                }
            },
            {
                "query": {
                    "x1": -0.7815227087505578,
                    "x2": 0.2997038031462895
                },
                "metrics": {
                    "outcome": -0.38785986179010473
                },
                "metadata": {
                    "trials": 1
                }
            },
            {
                "query": {
                    "x1": -0.7757427246208055,
                    "x2": 0.042883784045113504
                },
                "metrics": {
                    "outcome": -0.42420003771465237
                },
                "metadata": {
                    "trials": 1
                }
            }
        ],
        [
            {
                "query": {
                    "x1": -0.781545380009149,
                    "x2": -0.017868018212176873
                },
                "metrics": {
                    "outcome": -0.42417273617905493
                },
                "metadata": {
                    "trials": 1
                }
            },
            {
                "query": {
                    "x1": -0.4879489004185755,
                    "x2": -0.44186209265257315
                },
                "metrics": {
                    "outcome": -0.3163579892599383
                },
                "metadata": {
                    "trials": 1
                }
            },
            {
                "query": {
                    "x1": -0.4700811164250305,
                    "x2": -0.6391482498145711
                },
                "metrics": {
                    "outcome": -0.2504898815488196
                },
                "metadata": {
                    "trials": 1
                }
            }
        ],
        [
            {
                "query": {
                    "x1": 3.077555979993348,
                    "x2": 4.6760190480361965
                },
                "metrics": {
                    "outcome": 7.567192473726351e-14
                },
                "metadata": {
                    "trials": 1
                }
            },
            {
                "query": {
                    "x1": 5.250103365483507,
                    "x2": -1.9998122933062357
                },
                "metrics": {
                    "outcome": 1.0294445832905024e-13
                },
                "metadata": {
                    "trials": 1
                }
            },
            {
                "query": {
                    "x1": 1.5422639067293882,
                    "x2": 0.13573550804348367
                },
                "metrics": {
                    "outcome": 0.14033109560427923
                },
                "metadata": {
                    "trials": 1
                }
            }
        ],
        [
            {
                "query": {
                    "x1": 2.220530256411295,
                    "x2": 6.0
                },
                "metrics": {
                    "outcome": 3.719253871004762e-18
                },
                "metadata": {
                    "trials": 1
                }
            },
            {
                "query": {
                    "x1": -0.6954108814447486,
                    "x2": 0.00539542861267206
                },
                "metrics": {
                    "outcome": -0.42875148520914147
                },
                "metadata": {
                    "trials": 1
                }
            },
            {
                "query": {
                    "x1": 3.7364237474490434,
                    "x2": 3.263543891410781
                },
                "metrics": {
                    "outcome": 7.652128220971881e-11
                },
                "metadata": {
                    "trials": 1
                }
            }
        ],
        [
            {
                "query": {
                    "x1": -0.7161137962375661,
                    "x2": -0.008789077373549947
                },
                "metrics": {
                    "outcome": -0.42877952993051716
                },
                "metadata": {
                    "trials": 1
                }
            },
            {
                "query": {
                    "x1": -0.6668305523544933,
                    "x2": 0.09772900400663875
                },
                "metrics": {
                    "outcome": -0.42340197589239226
                },
                "metadata": {
                    "trials": 1
                }
            },
            {
                "query": {
                    "x1": -0.7051839260542168,
                    "x2": -0.12468694976535621
                },
                "metrics": {
                    "outcome": -0.42226262382204993
                },
                "metadata": {
                    "trials": 1
                }
            }
        ],
        [
            {
                "query": {
                    "x1": 2.4177579866778505,
                    "x2": 2.280771415761474
                },
                "metrics": {
                    "outcome": 3.850851107811349e-05
                },
                "metadata": {
                    "trials": 1
                }
            },
            {
                "query": {
                    "x1": -0.7125461518212184,
                    "x2": 0.002412872313611203
                },
                "metrics": {
                    "outcome": -0.42885413270433725
                },
                "metadata": {
                    "trials": 1
                }
            },
            {
                "query": {
                    "x1": -0.6809452689290028,
                    "x2": -0.08545113940839366
                },
                "metrics": {
                    "outcome": -0.42517190850362524
                },
                "metadata": {
                    "trials": 1
                }
            }
        ],
        [
            {
                "query": {
                    "x1": 0.4231276222521019,
                    "x2": 4.695067347103261
                },
                "metrics": {
                    "outcome": 9.446650237071242e-11
                },
                "metadata": {
                    "trials": 1
                }
            },
            {
                "query": {
                    "x1": 1.4326909961578487,
                    "x2": 2.873235926274181
                },
                "metrics": {
                    "outcome": 4.779766891454366e-05
                },
                "metadata": {
                    "trials": 1
                }
            },
            {
                "query": {
                    "x1": -0.711273929521042,
                    "x2": 0.0016560569543422332
                },
                "metrics": {
                    "outcome": -0.42886590051534745
                },
                "metadata": {
                    "trials": 1
                }
            }
        ],
        [
            {
                "query": {
                    "x1": 3.7861827800829504,
                    "x2": 0.4454130195499424
                },
                "metrics": {
                    "outcome": 1.846507626027618e-06
                },
                "metadata": {
                    "trials": 1
                }
            },
            {
                "query": {
                    "x1": -0.7102967961124675,
                    "x2": 0.0014816752029855884
                },
                "metrics": {
                    "outcome": -0.4288722853474284
                },
                "metadata": {
                    "trials": 1
                }
            },
            {
                "query": {
                    "x1": -0.7245764857046386,
                    "x2": -0.07781692627104864
                },
                "metrics": {
                    "outcome": -0.42603468743958856
                },
                "metadata": {
                    "trials": 1
                }
            }
        ],
        [
            {
                "query": {
                    "x1": 4.801151365724337,
                    "x2": 1.176936525689396
                },
                "metrics": {
                    "outcome": 1.17171989464994e-10
                },
                "metadata": {
                    "trials": 1
                }
            },
            {
                "query": {
                    "x1": 4.8789363345021854,
                    "x2": 3.561711308621712
                },
                "metrics": {
                    "outcome": 6.934309751600424e-16
                },
                "metadata": {
                    "trials": 1
                }
            },
            {
                "query": {
                    "x1": -0.70721979964428,
                    "x2": 0.002029304647015895
                },
                "metrics": {
                    "outcome": -0.4288801653592402
                },
                "metadata": {
                    "trials": 1
                }
            }
        ],
        [
            {
                "query": {
                    "x1": -2.0,
                    "x2": 2.300237143295476
                },
                "metrics": {
                    "outcome": -0.000184484753484962
                },
                "metadata": {
                    "trials": 1
                }
            },
            {
                "query": {
                    "x1": -0.3609593688507544,
                    "x2": 6.0
                },
                "metrics": {
                    "outcome": -7.34974071913243e-17
                },
                "metadata": {
                    "trials": 1
                }
            },
            {
                "query": {
                    "x1": -0.6930736826223778,
                    "x2": -0.02526982060184113
                },
                "metrics": {
                    "outcome": -0.42843825170911215
                },
                "metadata": {
                    "trials": 1
                }
            }
        ],
        [
            {
                "query": {
                    "x1": 5.832941464970153,
                    "x2": 1.2561322677473519
                },
                "metrics": {
                    "outcome": 2.0162178394162964e-15
                },
                "metadata": {
                    "trials": 1
                }
            },
            {
                "query": {
                    "x1": 1.273575793163904,
                    "x2": 6.0
                },
                "metrics": {
                    "outcome": 5.834448872530976e-17
                },
                "metadata": {
                    "trials": 1
                }
            },
            {
                "query": {
                    "x1": -0.7097977651345448,
                    "x2": 0.0025634533894436373
                },
                "metrics": {
                    "outcome": -0.4288729207164543
                },
                "metadata": {
                    "trials": 1
                }
            }
        ],
        [
            {
                "query": {
                    "x1": -0.7091885259308546,
                    "x2": 0.0021779734871181233
                },
                "metrics": {
                    "outcome": -0.4288761944698174
                },
                "metadata": {
                    "trials": 1
                }
            },
            {
                "query": {
                    "x1": -0.6967117047073259,
                    "x2": -0.06206258422557398
                },
                "metrics": {
                    "outcome": -0.4271403886658114
                },
                "metadata": {
                    "trials": 1
                }
            },
            {
                "query": {
                    "x1": -0.7117592669825921,
                    "x2": 0.06763640561796969
                },
                "metrics": {
                    "outcome": -0.42690598296242394
                },
                "metadata": {
                    "trials": 1
                }
            }
        ],
        [
            {
                "query": {
                    "x1": -0.7097980035336324,
                    "x2": 0.0010955505022933743
                },
                "metrics": {
                    "outcome": -0.42887522312734483
                },
                "metadata": {
                    "trials": 1
                }
            },
            {
                "query": {
                    "x1": -0.710341816913618,
                    "x2": 0.06381015605542961
                },
                "metrics": {
                    "outcome": -0.4271302721001875
                },
                "metadata": {
                    "trials": 1
                }
            },
            {
                "query": {
                    "x1": -0.7231120003243203,
                    "x2": -0.06013972812402213
                },
                "metrics": {
                    "outcome": -0.42711631166514047
                },
                "metadata": {
                    "trials": 1
                }
            }
        ],
        [
            {
                "query": {
                    "x1": -0.704088717427648,
                    "x2": 0.0006355927437007303
                },
                "metrics": {
                    "outcome": -0.42887394502283993
                },
                "metadata": {
                    "trials": 1
                }
            },
            {
                "query": {
                    "x1": -0.7138487458287717,
                    "x2": 0.08348518391265536
                },
                "metrics": {
                    "outcome": -0.42586453019917275
                },
                "metadata": {
                    "trials": 1
                }
            },
            {
                "query": {
                    "x1": -0.7302873241731351,
                    "x2": -0.078202454988479
                },
                "metrics": {
                    "outcome": -0.42581409386770824
                },
                "metadata": {
                    "trials": 1
                }
            }
        ],
        [
            {
                "query": {
                    "x1": -1.5953728431243532,
                    "x2": -0.15345391436152922
                },
                "metrics": {
                    "outcome": -0.12225391262253106
                },
                "metadata": {
                    "trials": 1
                }
            },
            {
                "query": {
                    "x1": 0.4983795637327484,
                    "x2": 1.9796907150922483
                },
                "metrics": {
                    "outcome": 0.007719923432497072
                },
                "metadata": {
                    "trials": 1
                }
            },
            {
                "query": {
                    "x1": 4.380327100714122,
                    "x2": -2.0
                },
                "metrics": {
                    "outcome": 3.727392109675406e-10
                },
                "metadata": {
                    "trials": 1
                }
            }
        ],
        [
            {
                "query": {
                    "x1": -0.7037419251190924,
                    "x2": 0.00021881351859009968
                },
                "metrics": {
                    "outcome": -0.4288721947737762
                },
                "metadata": {
                    "trials": 1
                }
            },
            {
                "query": {
                    "x1": -0.7233205638057527,
                    "x2": 0.07840578285365707
                },
                "metrics": {
                    "outcome": -0.4260311216752449
                },
                "metadata": {
                    "trials": 1
                }
            },
            {
                "query": {
                    "x1": -0.7190100316355812,
                    "x2": -0.07878725954436594
                },
                "metrics": {
                    "outcome": -0.42610783667487306
                },
                "metadata": {
                    "trials": 1
                }
            }
        ],
        [
            {
                "query": {
                    "x1": -0.7030469861951667,
                    "x2": 0.001156084949108127
                },
                "metrics": {
                    "outcome": -0.4288672047363626
                },
                "metadata": {
                    "trials": 1
                }
            },
            {
                "query": {
                    "x1": -0.7049766532305219,
                    "x2": 0.09016705618106169
                },
                "metrics": {
                    "outcome": -0.4254053617295498
                },
                "metadata": {
                    "trials": 1
                }
            },
            {
                "query": {
                    "x1": -0.7270769998707269,
                    "x2": -0.0848356760157738
                },
                "metrics": {
                    "outcome": -0.42546995343621885
                },
                "metadata": {
                    "trials": 1
                }
            }
        ],
        [
            {
                "query": {
                    "x1": -0.7047792019026877,
                    "x2": 0.00049710452053775
                },
                "metrics": {
                    "outcome": -0.42887718436963784
                },
                "metadata": {
                    "trials": 1
                }
            },
            {
                "query": {
                    "x1": -1.0562857971255324,
                    "x2": -0.05849735812496548
                },
                "metrics": {
                    "outcome": -0.34493377522990115
                },
                "metadata": {
                    "trials": 1
                }
            },
            {
                "query": {
                    "x1": 5.6906446787102345,
                    "x2": 4.287450870980743
                },
                "metrics": {
                    "outcome": 5.103995975194839e-22
                },
                "metadata": {
                    "trials": 1
                }
            }
        ],
        [
            {
                "query": {
                    "x1": -0.7039105004492838,
                    "x2": -3.6379077514414604e-05
                },
                "metrics": {
                    "outcome": -0.4288731656574667
                },
                "metadata": {
                    "trials": 1
                }
            },
            {
                "query": {
                    "x1": -0.7653781960248884,
                    "x2": 0.07016428377242345
                },
                "metrics": {
                    "outcome": -0.4239617656809563
                },
                "metadata": {
                    "trials": 1
                }
            },
            {
                "query": {
                    "x1": 2.94761376260929,
                    "x2": -1.3217220473153506
                },
                "metrics": {
                    "outcome": 8.658533358378497e-05
                },
                "metadata": {
                    "trials": 1
                }
            }
        ],
        [
            {
                "query": {
                    "x1": -0.06974785519995641,
                    "x2": -0.10227646536670165
                },
                "metrics": {
                    "outcome": -0.06868710158415667
                },
                "metadata": {
                    "trials": 1
                }
            },
            {
                "query": {
                    "x1": 3.045481519396505,
                    "x2": 5.07028247905042
                },
                "metrics": {
                    "outcome": 1.9536771517148782e-15
                },
                "metadata": {
                    "trials": 1
                }
            },
            {
                "query": {
                    "x1": -1.454945242659538,
                    "x2": 5.955822450865935
                },
                "metrics": {
                    "outcome": -6.891082066452872e-17
                },
                "metadata": {
                    "trials": 1
                }
            }
        ],
        [
            {
                "query": {
                    "x1": 2.1284075527037647,
                    "x2": 5.345381621843535
                },
                "metrics": {
                    "outcome": 8.943500556108082e-15
                },
                "metadata": {
                    "trials": 1
                }
            },
            {
                "query": {
                    "x1": 3.103799092376412,
                    "x2": 1.761019389834507
                },
                "metrics": {
                    "outcome": 9.146573566851317e-06
                },
                "metadata": {
                    "trials": 1
                }
            },
            {
                "query": {
                    "x1": 5.334564040249317,
                    "x2": -1.8500252618705666
                },
                "metrics": {
                    "outcome": 7.615849203513859e-14
                },
                "metadata": {
                    "trials": 1
                }
            }
        ],
        [
            {
                "query": {
                    "x1": -0.7050383352453089,
                    "x2": -7.480770332413123e-05
                },
                "metrics": {
                    "outcome": -0.4288782665938306
                },
                "metadata": {
                    "trials": 1
                }
            },
            {
                "query": {
                    "x1": -0.7076091886818092,
                    "x2": 0.0731735338161319
                },
                "metrics": {
                    "outcome": -0.42659147316461143
                },
                "metadata": {
                    "trials": 1
                }
            },
            {
                "query": {
                    "x1": -0.7032732482307125,
                    "x2": -0.07304636260671993
                },
                "metrics": {
                    "outcome": -0.42658705983667455
                },
                "metadata": {
                    "trials": 1
                }
            }
        ],
        [
            {
                "query": {
                    "x1": -0.8980738341435603,
                    "x2": -1.9998015906720397
                },
                "metrics": {
                    "outcome": -0.007348595980706383
                },
                "metadata": {
                    "trials": 1
                }
            },
            {
                "query": {
                    "x1": -0.8981885727997425,
                    "x2": -1.6648982648527155
                },
                "metrics": {
                    "outcome": -0.02507198515757041
                },
                "metadata": {
                    "trials": 1
                }
            },
            {
                "query": {
                    "x1": -0.8982778843980013,
                    "x2": -1.3296172325135216
                },
                "metrics": {
                    "outcome": -0.06842199422525505
                },
                "metadata": {
                    "trials": 1
                }
            }
        ],
        [
            {
                "query": {
                    "x1": -1.3613273146217577,
                    "x2": 1.7302439998082964
                },
                "metrics": {
                    "outcome": -0.010689469660588178
                },
                "metadata": {
                    "trials": 1
                }
            },
            {
                "query": {
                    "x1": 0.4953402543190064,
                    "x2": 5.021259800762845
                },
                "metrics": {
                    "outcome": 4.3496648298936395e-12
                },
                "metadata": {
                    "trials": 1
                }
            },
            {
                "query": {
                    "x1": 2.1815187634570714,
                    "x2": 0.5684914033644515
                },
                "metrics": {
                    "outcome": 0.013538940336077823
                },
                "metadata": {
                    "trials": 1
                }
            }
        ],
        [
            {
                "query": {
                    "x1": 1.4374564980437552,
                    "x2": 3.0536172932168864
                },
                "metrics": {
                    "outcome": 1.6240790859028626e-05
                },
                "metadata": {
                    "trials": 1
                }
            },
            {
                "query": {
                    "x1": 3.838537820496237,
                    "x2": 0.20461120700476432
                },
                "metrics": {
                    "outcome": 1.4686795484189462e-06
                },
                "metadata": {
                    "trials": 1
                }
            },
            {
                "query": {
                    "x1": -0.6836001380390277,
                    "x2": -0.005264642097573713
                },
                "metrics": {
                    "outcome": -0.4283909820238576
                },
                "metadata": {
                    "trials": 1
                }
            }
        ],
        [
            {
                "query": {
                    "x1": 4.942798853519656,
                    "x2": 0.5576318060396668
                },
                "metrics": {
                    "outcome": 8.883130474310791e-11
                },
                "metadata": {
                    "trials": 1
                }
            },
            {
                "query": {
                    "x1": -0.7060102857554371,
                    "x2": -0.003244961420519221
                },
                "metrics": {
                    "outcome": -0.4288763946609225
                },
                "metadata": {
                    "trials": 1
                }
            },
            {
                "query": {
                    "x1": -0.6547685273460087,
                    "x2": -0.060452515126474315
                },
                "metrics": {
                    "outcome": -0.424921926129519
                },
                "metadata": {
                    "trials": 1
                }
            }
        ],
        [
            {
                "query": {
                    "x1": 4.4611513386412165,
                    "x2": 4.54170597547848
                },
                "metrics": {
                    "outcome": 1.1167124176244333e-17
                },
                "metadata": {
                    "trials": 1
                }
            },
            {
                "query": {
                    "x1": -0.7044674457336728,
                    "x2": -0.0037680916056681557
                },
                "metrics": {
                    "outcome": -0.428869870446757
                },
                "metadata": {
                    "trials": 1
                }
            },
            {
                "query": {
                    "x1": -0.6924347607761194,
                    "x2": -0.07823829362285917
                },
                "metrics": {
                    "outcome": -0.4260799040350198
                },
                "metadata": {
                    "trials": 1
                }
            }
        ],
        [
            {
                "query": {
                    "x1": 5.942200930399011,
                    "x2": 1.0879152577109745
                },
                "metrics": {
                    "outcome": 8.415957233899588e-16
                },
                "metadata": {
                    "trials": 1
                }
            },
            {
                "query": {
                    "x1": -0.7061348896674193,
                    "x2": -0.0015833838979630865
                },
                "metrics": {
                    "outcome": -0.42888005664032
                },
                "metadata": {
                    "trials": 1
                }
            },
            {
                "query": {
                    "x1": 5.145844004737706,
                    "x2": 6.0
                },
                "metrics": {
                    "outcome": 3.774531953768253e-27
                },
                "metadata": {
                    "trials": 1
                }
            }
        ],
        [
            {
                "query": {
                    "x1": 2.39705975760382,
                    "x2": 3.1841358239620057
                },
                "metrics": {
                    "outcome": 3.0274543240194877e-07
                },
                "metadata": {
                    "trials": 1
                }
            },
            {
                "query": {
                    "x1": -0.5527387934105394,
                    "x2": 6.0
                },
                "metrics": {
                    "outcome": -9.445672248263296e-17
                },
                "metadata": {
                    "trials": 1
                }
            },
            {
                "query": {
                    "x1": -0.7062420852332338,
                    "x2": -0.0016615873938703452
                },
                "metrics": {
                    "outcome": -0.42888011678486126
                },
                "metadata": {
                    "trials": 1
                }
            }
        ],
        [
            {
                "query": {
                    "x1": -0.7049042744742726,
                    "x2": -0.0025443550697452633
                },
                "metrics": {
                    "outcome": -0.42887500069143975
                },
                "metadata": {
                    "trials": 1
                }
            },
            {
                "query": {
                    "x1": -0.6833586024010827,
                    "x2": 0.07044120108960339
                },
                "metrics": {
                    "outcome": -0.4262725027662142
                },
                "metadata": {
                    "trials": 1
                }
            },
            {
                "query": {
                    "x1": -0.6957877697583517,
                    "x2": -0.08236237087605325
                },
                "metrics": {
                    "outcome": -0.4258727124881679
                },
                "metadata": {
                    "trials": 1
                }
            }
        ],
        [
            {
                "query": {
                    "x1": -0.7069403081283177,
                    "x2": -0.0005714387180155711
                },
                "metrics": {
                    "outcome": -0.4288817786590123
                },
                "metadata": {
                    "trials": 1
                }
            },
            {
                "query": {
                    "x1": -0.6950576062914295,
                    "x2": -0.07509826593694502
                },
                "metrics": {
                    "outcome": -0.4263454372615764
                },
                "metadata": {
                    "trials": 1
                }
            },
            {
                "query": {
                    "x1": -0.6964824262067437,
                    "x2": 0.07401202411151253
                },
                "metrics": {
                    "outcome": -0.4264422748564427
                },
                "metadata": {
                    "trials": 1
                }
            }
        ],
        [
            {
                "query": {
                    "x1": -0.7084556704442022,
                    "x2": 0.0005203554772625907
                },
                "metrics": {
                    "outcome": -0.4288802666430297
                },
                "metadata": {
                    "trials": 1
                }
            },
            {
                "query": {
                    "x1": -0.6945047997908329,
                    "x2": -0.07337144673728302
                },
                "metrics": {
                    "outcome": -0.42644303204409306
                },
                "metadata": {
                    "trials": 1
                }
            },
            {
                "query": {
                    "x1": -0.7160028492969044,
                    "x2": 0.07534831747114978
                },
                "metrics": {
                    "outcome": -0.42638670693948244
                },
                "metadata": {
                    "trials": 1
                }
            }
        ],
        [
            {
                "query": {
                    "x1": 1.2312829369638894,
                    "x2": 6.0
                },
                "metrics": {
                    "outcome": 6.271061095260819e-17
                },
                "metadata": {
                    "trials": 1
                }
            },
            {
                "query": {
                    "x1": -0.7083715223859945,
                    "x2": 0.0001908248934130441
                },
                "metrics": {
                    "outcome": -0.4288805556285215
                },
                "metadata": {
                    "trials": 1
                }
            },
            {
                "query": {
                    "x1": 5.137367472399044,
                    "x2": 3.2699961757072753
                },
                "metrics": {
                    "outcome": 4.024830248372221e-16
                },
                "metadata": {
                    "trials": 1
                }
            }
        ],
        [
            {
                "query": {
                    "x1": 4.380146307897661,
                    "x2": -2.0
                },
                "metrics": {
                    "outcome": 3.733146257618782e-10
                },
                "metadata": {
                    "trials": 1
                }
            },
            {
                "query": {
                    "x1": -0.7106180807789662,
                    "x2": 0.0008592799248900995
                },
                "metrics": {
                    "outcome": -0.42887106782449896
                },
                "metadata": {
                    "trials": 1
                }
            },
            {
                "query": {
                    "x1": -0.7184331136203201,
                    "x2": 0.07551106965900711
                },
                "metrics": {
                    "outcome": -0.4263346277673856
                },
                "metadata": {
                    "trials": 1
                }
            }
        ],
        [
            {
                "query": {
                    "x1": -0.7121932002765012,
                    "x2": -0.0007946250653794174
                },
                "metrics": {
                    "outcome": -0.428859533407591
                },
                "metadata": {
                    "trials": 1
                }
            },
            {
                "query": {
                    "x1": -0.7116269919571412,
                    "x2": 0.07928167527275187
                },
                "metrics": {
                    "outcome": -0.4261772445337757
                },
                "metadata": {
                    "trials": 1
                }
            },
            {
                "query": {
                    "x1": -0.7240852730201628,
                    "x2": -0.07939758386831097
                },
                "metrics": {
                    "outcome": -0.4259430734478516
                },
                "metadata": {
                    "trials": 1
                }
            }
        ],
        [
            {
                "query": {
                    "x1": -0.709983762493807,
                    "x2": 0.0003077475809347696
                },
                "metrics": {
                    "outcome": -0.4288748117902901
                },
                "metadata": {
                    "trials": 1
                }
            },
            {
                "query": {
                    "x1": 6.0,
                    "x2": 4.6969723811946835
                },
                "metrics": {
                    "outcome": 3.650401802357999e-25
                },
                "metadata": {
                    "trials": 1
                }
            },
            {
                "query": {
                    "x1": -0.7178446107435767,
                    "x2": 0.0730772729727045
                },
                "metrics": {
                    "outcome": -0.4264998234795678
                },
                "metadata": {
                    "trials": 1
                }
            }
        ],
        [
            {
                "query": {
                    "x1": -2.0,
                    "x2": 0.13716690778462626
                },
                "metrics": {
                    "outcome": -0.035948512232264716
                },
                "metadata": {
                    "trials": 1
                }
            },
            {
                "query": {
                    "x1": -1.1382039056034512,
                    "x2": 0.03906645751453297
                },
                "metrics": {
                    "outcome": -0.31111806137621384
                },
                "metadata": {
                    "trials": 1
                }
            },
            {
                "query": {
                    "x1": -0.6716094261088887,
                    "x2": -0.0018972220821376062
                },
                "metrics": {
                    "outcome": -0.4277821795359843
                },
                "metadata": {
                    "trials": 1
                }
            }
        ]
    ],
    "best_results": [
        {
            "query": {
                "x1": -0.7069403081283177,
                "x2": -0.0005714387180155711
            },
            "metrics": [
                {
                    "name": "outcome",
                    "value": -0.4288817786590123
                }
            ]
        }
    ]
}