{
    "date": "06/11/2022 09:17:12",
    "basic_params": {
        "active_variables": [
            "x"
        ],
        "default_query": {},
        "metric": "basic",
        "n_trials": 1
    },
    "objective_function": {
        "name": "Gramacy1D",
        "params": {}
    },
    "optimizer": {
        "name": "GO-BBO-LP",
        "params": {
            "maximize": false,
            "domain": [
                {
                    "name": "x",
                    "type": "continuous",
                    "domain": [
                        0.5,
                        2.5
                    ]
                }
            ],
            "initial_design_numdata": 15,
            "num_iters": 45,
            "batch_size": 3,
            "model_update_interval": 5
        }
    },
    "best_results": [
        {
            "query": {
                "x": 0.5485635366601197
            },
            "metrics": [
                {
                    "name": "outcome",
                    "value": -0.869011134985681
                }
            ]
        }
    ],
    "iterations": [
        [
            {
                "query": {
                    "x": 2.4333333333333336
                },
                "metrics": {
                    "outcome": 4.398692400743804
                },
                "metadata": {
                    "trials": 1
                }
            }
        ],
        [
            {
                "query": {
                    "x": 0.7
                },
                "metrics": {
                    "outcome": 0.008100000000000617
                },
                "metadata": {
                    "trials": 1
                }
            }
        ],
        [
            {
                "query": {
                    "x": 1.6333333333333333
                },
                "metrics": {
                    "outcome": 0.42599994094182186
                },
                "metadata": {
                    "trials": 1
                }
            }
        ],
        [
            {
                "query": {
                    "x": 1.9
                },
                "metrics": {
                    "outcome": 0.6561000000000013
                },
                "metadata": {
                    "trials": 1
                }
            }
        ],
        [
            {
                "query": {
                    "x": 2.166666666666667
                },
                "metrics": {
                    "outcome": 1.6527714405321796
                },
                "metadata": {
                    "trials": 1
                }
            }
        ],
        [
            {
                "query": {
                    "x": 1.7666666666666666
                },
                "metrics": {
                    "outcome": 0.10038118667642815
                },
                "metadata": {
                    "trials": 1
                }
            }
        ],
        [
            {
                "query": {
                    "x": 0.8333333333333334
                },
                "metrics": {
                    "outcome": 0.5203868472089351
                },
                "metadata": {
                    "trials": 1
                }
            }
        ],
        [
            {
                "query": {
                    "x": 0.9666666666666667
                },
                "metrics": {
                    "outcome": -0.4479429398033601
                },
                "metadata": {
                    "trials": 1
                }
            }
        ],
        [
            {
                "query": {
                    "x": 2.3
                },
                "metrics": {
                    "outcome": 2.8560999999999996
                },
                "metadata": {
                    "trials": 1
                }
            }
        ],
        [
            {
                "query": {
                    "x": 2.033333333333333
                },
                "metrics": {
                    "outcome": 1.3531064492204186
                },
                "metadata": {
                    "trials": 1
                }
            }
        ],
        [
            {
                "query": {
                    "x": 1.3666666666666667
                },
                "metrics": {
                    "outcome": -0.29876325371818524
                },
                "metadata": {
                    "trials": 1
                }
            }
        ],
        [
            {
                "query": {
                    "x": 1.5
                },
                "metrics": {
                    "outcome": 0.06250000000000179
                },
                "metadata": {
                    "trials": 1
                }
            }
        ],
        [
            {
                "query": {
                    "x": 1.2333333333333334
                },
                "metrics": {
                    "outcome": 0.3540555774434739
                },
                "metadata": {
                    "trials": 1
                }
            }
        ],
        [
            {
                "query": {
                    "x": 1.1
                },
                "metrics": {
                    "outcome": 9.999999999899781e-05
                },
                "metadata": {
                    "trials": 1
                }
            }
        ],
        [
            {
                "query": {
                    "x": 0.5666666666666667
                },
                "metrics": {
                    "outcome": -0.7288795683355793
                },
                "metadata": {
                    "trials": 1
                }
            }
        ],
        [
            {
                "query": {
                    "x": 0.5
                },
                "metrics": {
                    "outcome": 0.06250000000000061
                },
                "metadata": {
                    "trials": 1
                }
            },
            {
                "query": {
                    "x": 0.6749999077671305
                },
                "metrics": {
                    "outcome": 0.5349410434401501
                },
                "metadata": {
                    "trials": 1
                }
            },
            {
                "query": {
                    "x": 1.3798664745751548
                },
                "metrics": {
                    "outcome": -0.19339204829725568
                },
                "metadata": {
                    "trials": 1
                }
            }
        ],
        [
            {
                "query": {
                    "x": 0.5
                },
                "metrics": {
                    "outcome": 0.06250000000000061
                },
                "metadata": {
                    "trials": 1
                }
            },
            {
                "query": {
                    "x": 0.6749011027293432
                },
                "metrics": {
                    "outcome": 0.5366548546039397
                },
                "metadata": {
                    "trials": 1
                }
            },
            {
                "query": {
                    "x": 1.379866581263014
                },
                "metrics": {
                    "outcome": -0.19339102879295672
                },
                "metadata": {
                    "trials": 1
                }
            }
        ],
        [
            {
                "query": {
                    "x": 0.5
                },
                "metrics": {
                    "outcome": 0.06250000000000061
                },
                "metadata": {
                    "trials": 1
                }
            },
            {
                "query": {
                    "x": 0.673034308278925
                },
                "metrics": {
                    "outcome": 0.5681598110626748
                },
                "metadata": {
                    "trials": 1
                }
            },
            {
                "query": {
                    "x": 1.3798665194139828
                },
                "metrics": {
                    "outcome": -0.19339161981974418
                },
                "metadata": {
                    "trials": 1
                }
            }
        ],
        [
            {
                "query": {
                    "x": 0.5
                },
                "metrics": {
                    "outcome": 0.06250000000000061
                },
                "metadata": {
                    "trials": 1
                }
            },
            {
                "query": {
                    "x": 0.675162130004606
                },
                "metrics": {
                    "outcome": 0.5321174076148002
                },
                "metadata": {
                    "trials": 1
                }
            },
            {
                "query": {
                    "x": 1.3798662510244883
                },
                "metrics": {
                    "outcome": -0.19339418452982726
                },
                "metadata": {
                    "trials": 1
                }
            }
        ],
        [
            {
                "query": {
                    "x": 0.5
                },
                "metrics": {
                    "outcome": 0.06250000000000061
                },
                "metadata": {
                    "trials": 1
                }
            },
            {
                "query": {
                    "x": 0.6739285017909182
                },
                "metrics": {
                    "outcome": 0.5532792071656987
                },
                "metadata": {
                    "trials": 1
                }
            },
            {
                "query": {
                    "x": 1.3798665868201125
                },
                "metrics": {
                    "outcome": -0.1933909756895144
                },
                "metadata": {
                    "trials": 1
                }
            }
        ],
        [
            {
                "query": {
                    "x": 1.0204553655376827
                },
                "metrics": {
                    "outcome": 0.29364275437698245
                },
                "metadata": {
                    "trials": 1
                }
            },
            {
                "query": {
                    "x": 0.5506489492182476
                },
                "metrics": {
                    "outcome": -0.8670606109366324
                },
                "metadata": {
                    "trials": 1
                }
            },
            {
                "query": {
                    "x": 0.7519663278216895
                },
                "metrics": {
                    "outcome": -0.65987031348039
                },
                "metadata": {
                    "trials": 1
                }
            }
        ],
        [
            {
                "query": {
                    "x": 1.020455374918141
                },
                "metrics": {
                    "outcome": 0.29364286726933336
                },
                "metadata": {
                    "trials": 1
                }
            },
            {
                "query": {
                    "x": 0.5506489459452673
                },
                "metrics": {
                    "outcome": -0.867060617048151
                },
                "metadata": {
                    "trials": 1
                }
            },
            {
                "query": {
                    "x": 0.7519664032887552
                },
                "metrics": {
                    "outcome": -0.6598701541591917
                },
                "metadata": {
                    "trials": 1
                }
            }
        ],
        [
            {
                "query": {
                    "x": 1.020455365649716
                },
                "metrics": {
                    "outcome": 0.29364275572528614
                },
                "metadata": {
                    "trials": 1
                }
            },
            {
                "query": {
                    "x": 0.5506489625037887
                },
                "metrics": {
                    "outcome": -0.867060586128921
                },
                "metadata": {
                    "trials": 1
                }
            },
            {
                "query": {
                    "x": 0.751966328064841
                },
                "metrics": {
                    "outcome": -0.6598703129670703
                },
                "metadata": {
                    "trials": 1
                }
            }
        ],
        [
            {
                "query": {
                    "x": 1.0204553722664214
                },
                "metrics": {
                    "outcome": 0.2936428353563036
                },
                "metadata": {
                    "trials": 1
                }
            },
            {
                "query": {
                    "x": 0.5506489492214818
                },
                "metrics": {
                    "outcome": -0.8670606109305934
                },
                "metadata": {
                    "trials": 1
                }
            },
            {
                "query": {
                    "x": 0.7519663483809944
                },
                "metrics": {
                    "outcome": -0.6598702700772793
                },
                "metadata": {
                    "trials": 1
                }
            }
        ],
        [
            {
                "query": {
                    "x": 1.02045536591917
                },
                "metrics": {
                    "outcome": 0.2936427589681246
                },
                "metadata": {
                    "trials": 1
                }
            },
            {
                "query": {
                    "x": 0.5506489486093626
                },
                "metrics": {
                    "outcome": -0.8670606120735821
                },
                "metadata": {
                    "trials": 1
                }
            },
            {
                "query": {
                    "x": 0.7519663291344377
                },
                "metrics": {
                    "outcome": -0.6598703107090325
                },
                "metadata": {
                    "trials": 1
                }
            }
        ],
        [
            {
                "query": {
                    "x": 0.5462647562986694
                },
                "metrics": {
                    "outcome": -0.8666275752052597
                },
                "metadata": {
                    "trials": 1
                }
            },
            {
                "query": {
                    "x": 0.5573023280788046
                },
                "metrics": {
                    "outcome": -0.8352651424736898
                },
                "metadata": {
                    "trials": 1
                }
            },
            {
                "query": {
                    "x": 0.5354515407661542
                },
                "metrics": {
                    "outcome": -0.7913720512576812
                },
                "metadata": {
                    "trials": 1
                }
            }
        ],
        [
            {
                "query": {
                    "x": 0.5462647318120608
                },
                "metrics": {
                    "outcome": -0.866627524366464
                },
                "metadata": {
                    "trials": 1
                }
            },
            {
                "query": {
                    "x": 0.5574555461736153
                },
                "metrics": {
                    "outcome": -0.834086260253481
                },
                "metadata": {
                    "trials": 1
                }
            },
            {
                "query": {
                    "x": 0.5366381592023322
                },
                "metrics": {
                    "outcome": -0.8047368907171547
                },
                "metadata": {
                    "trials": 1
                }
            }
        ],
        [
            {
                "query": {
                    "x": 0.5462647667456484
                },
                "metrics": {
                    "outcome": -0.8666275968949838
                },
                "metadata": {
                    "trials": 1
                }
            },
            {
                "query": {
                    "x": 0.5593938352219261
                },
                "metrics": {
                    "outcome": -0.8174952519555417
                },
                "metadata": {
                    "trials": 1
                }
            },
            {
                "query": {
                    "x": 0.5356519182934214
                },
                "metrics": {
                    "outcome": -0.7937154185801116
                },
                "metadata": {
                    "trials": 1
                }
            }
        ],
        [
            {
                "query": {
                    "x": 0.5462647735012622
                },
                "metrics": {
                    "outcome": -0.8666276109207466
                },
                "metadata": {
                    "trials": 1
                }
            },
            {
                "query": {
                    "x": 0.5571804575883594
                },
                "metrics": {
                    "outcome": -0.8361888199854147
                },
                "metadata": {
                    "trials": 1
                }
            },
            {
                "query": {
                    "x": 0.5356045945737664
                },
                "metrics": {
                    "outcome": -0.7931651407325627
                },
                "metadata": {
                    "trials": 1
                }
            }
        ],
        [
            {
                "query": {
                    "x": 0.5462647402722686
                },
                "metrics": {
                    "outcome": -0.8666275419315046
                },
                "metadata": {
                    "trials": 1
                }
            },
            {
                "query": {
                    "x": 0.5571758875410621
                },
                "metrics": {
                    "outcome": -0.8362232153674438
                },
                "metadata": {
                    "trials": 1
                }
            },
            {
                "query": {
                    "x": 0.5386665295113016
                },
                "metrics": {
                    "outcome": -0.8247046734264626
                },
                "metadata": {
                    "trials": 1
                }
            }
        ],
        [
            {
                "query": {
                    "x": 0.5485524822692533
                },
                "metrics": {
                    "outcome": -0.869011080925264
                },
                "metadata": {
                    "trials": 1
                }
            },
            {
                "query": {
                    "x": 0.5499755552100533
                },
                "metrics": {
                    "outcome": -0.8681158865634657
                },
                "metadata": {
                    "trials": 1
                }
            },
            {
                "query": {
                    "x": 0.5470173320251389
                },
                "metrics": {
                    "outcome": -0.8679336572356784
                },
                "metadata": {
                    "trials": 1
                }
            }
        ],
        [
            {
                "query": {
                    "x": 0.5485526996965164
                },
                "metrics": {
                    "outcome": -0.8690110830486489
                },
                "metadata": {
                    "trials": 1
                }
            },
            {
                "query": {
                    "x": 0.5502501837376357
                },
                "metrics": {
                    "outcome": -0.8677343692561871
                },
                "metadata": {
                    "trials": 1
                }
            },
            {
                "query": {
                    "x": 0.5470144786998087
                },
                "metrics": {
                    "outcome": -0.8679296732362826
                },
                "metadata": {
                    "trials": 1
                }
            }
        ],
        [
            {
                "query": {
                    "x": 0.5485528488919262
                },
                "metrics": {
                    "outcome": -0.8690110844810754
                },
                "metadata": {
                    "trials": 1
                }
            },
            {
                "query": {
                    "x": 0.5470280771932196
                },
                "metrics": {
                    "outcome": -0.8679485942696312
                },
                "metadata": {
                    "trials": 1
                }
            },
            {
                "query": {
                    "x": 0.5502159029401483
                },
                "metrics": {
                    "outcome": -0.8677856711161099
                },
                "metadata": {
                    "trials": 1
                }
            }
        ],
        [
            {
                "query": {
                    "x": 0.5485527907944125
                },
                "metrics": {
                    "outcome": -0.8690110839256617
                },
                "metadata": {
                    "trials": 1
                }
            },
            {
                "query": {
                    "x": 0.5502305974409071
                },
                "metrics": {
                    "outcome": -0.867763808954474
                },
                "metadata": {
                    "trials": 1
                }
            },
            {
                "query": {
                    "x": 0.5469978528600236
                },
                "metrics": {
                    "outcome": -0.8679063127046358
                },
                "metadata": {
                    "trials": 1
                }
            }
        ],
        [
            {
                "query": {
                    "x": 0.5485527588242872
                },
                "metrics": {
                    "outcome": -0.8690110836187313
                },
                "metadata": {
                    "trials": 1
                }
            },
            {
                "query": {
                    "x": 0.5503244526419313
                },
                "metrics": {
                    "outcome": -0.8676196274660865
                },
                "metadata": {
                    "trials": 1
                }
            },
            {
                "query": {
                    "x": 0.5514462713912749
                },
                "metrics": {
                    "outcome": -0.8652892740046197
                },
                "metadata": {
                    "trials": 1
                }
            }
        ],
        [
            {
                "query": {
                    "x": 0.5485503920796265
                },
                "metrics": {
                    "outcome": -0.8690110583424988
                },
                "metadata": {
                    "trials": 1
                }
            },
            {
                "query": {
                    "x": 0.5476298679313862
                },
                "metrics": {
                    "outcome": -0.868618562202819
                },
                "metadata": {
                    "trials": 1
                }
            },
            {
                "query": {
                    "x": 0.5494841729938934
                },
                "metrics": {
                    "outcome": -0.8686302469213915
                },
                "metadata": {
                    "trials": 1
                }
            }
        ],
        [
            {
                "query": {
                    "x": 0.5485605941061581
                },
                "metrics": {
                    "outcome": -0.8690111313341966
                },
                "metadata": {
                    "trials": 1
                }
            },
            {
                "query": {
                    "x": 0.5476848372275105
                },
                "metrics": {
                    "outcome": -0.8686634538266146
                },
                "metadata": {
                    "trials": 1
                }
            },
            {
                "query": {
                    "x": 0.5495047055013386
                },
                "metrics": {
                    "outcome": -0.8686130819368478
                },
                "metadata": {
                    "trials": 1
                }
            }
        ],
        [
            {
                "query": {
                    "x": 0.5485623919451504
                },
                "metrics": {
                    "outcome": -0.8690111344910556
                },
                "metadata": {
                    "trials": 1
                }
            },
            {
                "query": {
                    "x": 0.5497951512401819
                },
                "metrics": {
                    "outcome": -0.8683298275367861
                },
                "metadata": {
                    "trials": 1
                }
            },
            {
                "query": {
                    "x": 0.5471540339262304
                },
                "metrics": {
                    "outcome": -0.868115903773939
                },
                "metadata": {
                    "trials": 1
                }
            }
        ],
        [
            {
                "query": {
                    "x": 0.5485597787286288
                },
                "metrics": {
                    "outcome": -0.8690111289438495
                },
                "metadata": {
                    "trials": 1
                }
            },
            {
                "query": {
                    "x": 0.5495105491306695
                },
                "metrics": {
                    "outcome": -0.8686081276670073
                },
                "metadata": {
                    "trials": 1
                }
            },
            {
                "query": {
                    "x": 0.5476235215387358
                },
                "metrics": {
                    "outcome": -0.8686132036660255
                },
                "metadata": {
                    "trials": 1
                }
            }
        ],
        [
            {
                "query": {
                    "x": 0.5485624689539124
                },
                "metrics": {
                    "outcome": -0.8690111345613217
                },
                "metadata": {
                    "trials": 1
                }
            },
            {
                "query": {
                    "x": 0.5495966516700417
                },
                "metrics": {
                    "outcome": -0.8685315833214616
                },
                "metadata": {
                    "trials": 1
                }
            },
            {
                "query": {
                    "x": 0.5472892597732977
                },
                "metrics": {
                    "outcome": -0.8682795607516315
                },
                "metadata": {
                    "trials": 1
                }
            }
        ],
        [
            {
                "query": {
                    "x": 0.5485646562601599
                },
                "metrics": {
                    "outcome": -0.8690111343289335
                },
                "metadata": {
                    "trials": 1
                }
            },
            {
                "query": {
                    "x": 0.5495219596735988
                },
                "metrics": {
                    "outcome": -0.8685983655336877
                },
                "metadata": {
                    "trials": 1
                }
            },
            {
                "query": {
                    "x": 0.5469061723136573
                },
                "metrics": {
                    "outcome": -0.8677730042340266
                },
                "metadata": {
                    "trials": 1
                }
            }
        ],
        [
            {
                "query": {
                    "x": 0.5485638309842877
                },
                "metrics": {
                    "outcome": -0.8690111349223096
                },
                "metadata": {
                    "trials": 1
                }
            },
            {
                "query": {
                    "x": 0.5476802517023346
                },
                "metrics": {
                    "outcome": -0.8686598132564372
                },
                "metadata": {
                    "trials": 1
                }
            },
            {
                "query": {
                    "x": 0.5494169404033448
                },
                "metrics": {
                    "outcome": -0.8686838088687703
                },
                "metadata": {
                    "trials": 1
                }
            }
        ],
        [
            {
                "query": {
                    "x": 0.5485617417364997
                },
                "metrics": {
                    "outcome": -0.8690111336850501
                },
                "metadata": {
                    "trials": 1
                }
            },
            {
                "query": {
                    "x": 0.5477119077884302
                },
                "metrics": {
                    "outcome": -0.868684559114124
                },
                "metadata": {
                    "trials": 1
                }
            },
            {
                "query": {
                    "x": 0.5494882767388
                },
                "metrics": {
                    "outcome": -0.8686268464335364
                },
                "metadata": {
                    "trials": 1
                }
            }
        ],
        [
            {
                "query": {
                    "x": 0.5485636584669725
                },
                "metrics": {
                    "outcome": -0.8690111349689085
                },
                "metadata": {
                    "trials": 1
                }
            },
            {
                "query": {
                    "x": 0.5494150072014181
                },
                "metrics": {
                    "outcome": -0.8686852890659492
                },
                "metadata": {
                    "trials": 1
                }
            },
            {
                "query": {
                    "x": 0.5477342854587182
                },
                "metrics": {
                    "outcome": -0.8687015062748462
                },
                "metadata": {
                    "trials": 1
                }
            }
        ],
        [
            {
                "query": {
                    "x": 0.5485629978028534
                },
                "metrics": {
                    "outcome": -0.8690111348997189
                },
                "metadata": {
                    "trials": 1
                }
            },
            {
                "query": {
                    "x": 0.549436506213411
                },
                "metrics": {
                    "outcome": -0.8686686393722035
                },
                "metadata": {
                    "trials": 1
                }
            },
            {
                "query": {
                    "x": 0.5477638317776227
                },
                "metrics": {
                    "outcome": -0.8687231901451891
                },
                "metadata": {
                    "trials": 1
                }
            }
        ],
        [
            {
                "query": {
                    "x": 0.5485645099866661
                },
                "metrics": {
                    "outcome": -0.8690111344787872
                },
                "metadata": {
                    "trials": 1
                }
            },
            {
                "query": {
                    "x": 0.5494666454823716
                },
                "metrics": {
                    "outcome": -0.8686446008805314
                },
                "metadata": {
                    "trials": 1
                }
            },
            {
                "query": {
                    "x": 0.5468863048810017
                },
                "metrics": {
                    "outcome": -0.8677431135691182
                },
                "metadata": {
                    "trials": 1
                }
            }
        ],
        [
            {
                "query": {
                    "x": 0.5485629263283734
                },
                "metrics": {
                    "outcome": -0.8690111348686913
                },
                "metadata": {
                    "trials": 1
                }
            },
            {
                "query": {
                    "x": 0.5477436534810376
                },
                "metrics": {
                    "outcome": -0.868708466707935
                },
                "metadata": {
                    "trials": 1
                }
            },
            {
                "query": {
                    "x": 0.5494258100116289
                },
                "metrics": {
                    "outcome": -0.8686769747222434
                },
                "metadata": {
                    "trials": 1
                }
            }
        ],
        [
            {
                "query": {
                    "x": 0.5485636602512248
                },
                "metrics": {
                    "outcome": -0.8690111349685635
                },
                "metadata": {
                    "trials": 1
                }
            },
            {
                "query": {
                    "x": 0.549437828068066
                },
                "metrics": {
                    "outcome": -0.8686676021563797
                },
                "metadata": {
                    "trials": 1
                }
            },
            {
                "query": {
                    "x": 0.5477235585939763
                },
                "metrics": {
                    "outcome": -0.8686934389536736
                },
                "metadata": {
                    "trials": 1
                }
            }
        ],
        [
            {
                "query": {
                    "x": 0.5485635366601197
                },
                "metrics": {
                    "outcome": -0.869011134985681
                },
                "metadata": {
                    "trials": 1
                }
            },
            {
                "query": {
                    "x": 0.5493950091465347
                },
                "metrics": {
                    "outcome": -0.8687004044322756
                },
                "metadata": {
                    "trials": 1
                }
            },
            {
                "query": {
                    "x": 0.5502557214658692
                },
                "metrics": {
                    "outcome": -0.8677259835459412
                },
                "metadata": {
                    "trials": 1
                }
            }
        ],
        [
            {
                "query": {
                    "x": 0.5485626735004326
                },
                "metrics": {
                    "outcome": -0.8690111347220494
                },
                "metadata": {
                    "trials": 1
                }
            },
            {
                "query": {
                    "x": 0.5494469490796577
                },
                "metrics": {
                    "outcome": -0.8686604025152621
                },
                "metadata": {
                    "trials": 1
                }
            },
            {
                "query": {
                    "x": 0.5469961150415832
                },
                "metrics": {
                    "outcome": -0.867903856510447
                },
                "metadata": {
                    "trials": 1
                }
            }
        ],
        [
            {
                "query": {
                    "x": 0.5485616878475024
                },
                "metrics": {
                    "outcome": -0.8690111336011784
                },
                "metadata": {
                    "trials": 1
                }
            },
            {
                "query": {
                    "x": 0.5493744556191887
                },
                "metrics": {
                    "outcome": -0.8687155660627663
                },
                "metadata": {
                    "trials": 1
                }
            },
            {
                "query": {
                    "x": 0.5477915089143991
                },
                "metrics": {
                    "outcome": -0.8687427876208172
                },
                "metadata": {
                    "trials": 1
                }
            }
        ],
        [
            {
                "query": {
                    "x": 0.5485627168591617
                },
                "metrics": {
                    "outcome": -0.8690111347512837
                },
                "metadata": {
                    "trials": 1
                }
            },
            {
                "query": {
                    "x": 0.5493881591171133
                },
                "metrics": {
                    "outcome": -0.8687054995398386
                },
                "metadata": {
                    "trials": 1
                }
            },
            {
                "query": {
                    "x": 0.5474662758697604
                },
                "metrics": {
                    "outcome": -0.8684688203581584
                },
                "metadata": {
                    "trials": 1
                }
            }
        ],
        [
            {
                "query": {
                    "x": 0.5485624058604308
                },
                "metrics": {
                    "outcome": -0.8690111345041477
                },
                "metadata": {
                    "trials": 1
                }
            },
            {
                "query": {
                    "x": 0.5493772445966182
                },
                "metrics": {
                    "outcome": -0.8687135309386025
                },
                "metadata": {
                    "trials": 1
                }
            },
            {
                "query": {
                    "x": 0.5478123145032296
                },
                "metrics": {
                    "outcome": -0.868757064429699
                },
                "metadata": {
                    "trials": 1
                }
            }
        ],
        [
            {
                "query": {
                    "x": 0.5485541337774085
                },
                "metrics": {
                    "outcome": -0.8690110959882625
                },
                "metadata": {
                    "trials": 1
                }
            },
            {
                "query": {
                    "x": 0.5493647820220352
                },
                "metrics": {
                    "outcome": -0.868722570869109
                },
                "metadata": {
                    "trials": 1
                }
            },
            {
                "query": {
                    "x": 0.5477875737805906
                },
                "metrics": {
                    "outcome": -0.8687400434056669
                },
                "metadata": {
                    "trials": 1
                }
            }
        ],
        [
            {
                "query": {
                    "x": 0.548561925335921
                },
                "metrics": {
                    "outcome": -0.8690111339511836
                },
                "metadata": {
                    "trials": 1
                }
            },
            {
                "query": {
                    "x": 0.5494800914564621
                },
                "metrics": {
                    "outcome": -0.8686336140394963
                },
                "metadata": {
                    "trials": 1
                }
            },
            {
                "query": {
                    "x": 0.5470078059871215
                },
                "metrics": {
                    "outcome": -0.8679203276151503
                },
                "metadata": {
                    "trials": 1
                }
            }
        ],
        [
            {
                "query": {
                    "x": 0.5485653517119145
                },
                "metrics": {
                    "outcome": -0.8690111333531061
                },
                "metadata": {
                    "trials": 1
                }
            },
            {
                "query": {
                    "x": 0.5494268757686276
                },
                "metrics": {
                    "outcome": -0.8686761487974066
                },
                "metadata": {
                    "trials": 1
                }
            },
            {
                "query": {
                    "x": 0.5472567084857864
                },
                "metrics": {
                    "outcome": -0.8682416760098816
                },
                "metadata": {
                    "trials": 1
                }
            }
        ],
        [
            {
                "query": {
                    "x": 0.5485624162325865
                },
                "metrics": {
                    "outcome": -0.8690111345137926
                },
                "metadata": {
                    "trials": 1
                }
            },
            {
                "query": {
                    "x": 0.5493764641287598
                },
                "metrics": {
                    "outcome": -0.8687141011507411
                },
                "metadata": {
                    "trials": 1
                }
            },
            {
                "query": {
                    "x": 0.5477715075930784
                },
                "metrics": {
                    "outcome": -0.868728694463975
                },
                "metadata": {
                    "trials": 1
                }
            }
        ],
        [
            {
                "query": {
                    "x": 0.5485631412820469
                },
                "metrics": {
                    "outcome": -0.869011134948129
                },
                "metadata": {
                    "trials": 1
                }
            },
            {
                "query": {
                    "x": 0.5493629233000498
                },
                "metrics": {
                    "outcome": -0.8687239071902777
                },
                "metadata": {
                    "trials": 1
                }
            },
            {
                "query": {
                    "x": 0.5477905519649728
                },
                "metrics": {
                    "outcome": -0.8687421215658899
                },
                "metadata": {
                    "trials": 1
                }
            }
        ],
        [
            {
                "query": {
                    "x": 0.5485659540017719
                },
                "metrics": {
                    "outcome": -0.8690111321563628
                },
                "metadata": {
                    "trials": 1
                }
            },
            {
                "query": {
                    "x": 0.5493733273750789
                },
                "metrics": {
                    "outcome": -0.8687163873643051
                },
                "metadata": {
                    "trials": 1
                }
            },
            {
                "query": {
                    "x": 0.5504082194660702
                },
                "metrics": {
                    "outcome": -0.8674843075503803
                },
                "metadata": {
                    "trials": 1
                }
            }
        ],
        [
            {
                "query": {
                    "x": 0.5485735620323395
                },
                "metrics": {
                    "outcome": -0.8690110889379259
                },
                "metadata": {
                    "trials": 1
                }
            },
            {
                "query": {
                    "x": 0.5494006709288481
                },
                "metrics": {
                    "outcome": -0.8686961614007028
                },
                "metadata": {
                    "trials": 1
                }
            },
            {
                "query": {
                    "x": 0.5477772887583338
                },
                "metrics": {
                    "outcome": -0.8687328050295278
                },
                "metadata": {
                    "trials": 1
                }
            }
        ]
    ]
}