{
    "date": "26/10/2022 19:15:48",
    "basic_params": {
        "active_variables": [
            "x1",
            "x2"
        ],
        "default_query": {},
        "metric": "basic",
        "n_trials": 1
    },
    "objective_function": {
        "name": "Branin",
        "params": {}
    },
    "optimizer": {
        "name": "BBO-LP",
        "params": {
            "lower_bound": [
                -5.0,
                0.0
            ],
            "upper_bound": [
                10.0,
                15.0
            ],
            "invert_metric": false,
            "bopt_params": {
                "n_init_samples": 15,
                "n_iterations": 45,
                "verbose_level": 1,
                "n_parallel_samples": 3,
                "par_type": "PAR_BBO",
                "crit_name": "cLP(cLCB)",
                "n_crit_params": 4,
                "crit_params": [
                    3,
                    1,
                    1.0
                ]
            }
        }
    },
    "iterations": [
        [
            {
                "query": {
                    "x1": -0.3763755385298282,
                    "x2": 0.43980676028877497
                },
                "metrics": {
                    "outcome": 57.091667116105015
                },
                "metadata": {
                    "trials": 1
                }
            }
        ],
        [
            {
                "query": {
                    "x1": 5.75302895414643,
                    "x2": 3.789847060106695
                },
                "metrics": {
                    "outcome": 25.415117836802423
                },
                "metadata": {
                    "trials": 1
                }
            }
        ],
        [
            {
                "query": {
                    "x1": 6.331113579450175,
                    "x2": 6.1778713467065245
                },
                "metrics": {
                    "outcome": 45.35735950503542
                },
                "metadata": {
                    "trials": 1
                }
            }
        ],
        [
            {
                "query": {
                    "x1": 4.29142160830088,
                    "x2": 9.819635674357414
                },
                "metrics": {
                    "outcome": 74.47806802006166
                },
                "metadata": {
                    "trials": 1
                }
            }
        ],
        [
            {
                "query": {
                    "x1": 9.226079458137974,
                    "x2": 10.660827353131026
                },
                "metrics": {
                    "outcome": 70.28148616142336
                },
                "metadata": {
                    "trials": 1
                }
            }
        ],
        [
            {
                "query": {
                    "x1": 0.4708468297030777,
                    "x2": 11.295460705179721
                },
                "metrics": {
                    "outcome": 54.75187892261496
                },
                "metadata": {
                    "trials": 1
                }
            }
        ],
        [
            {
                "query": {
                    "x1": 3.772150113247335,
                    "x2": 8.246497632237151
                },
                "metrics": {
                    "outcome": 43.35658325010736
                },
                "metadata": {
                    "trials": 1
                }
            }
        ],
        [
            {
                "query": {
                    "x1": 1.9170463406480849,
                    "x2": 13.607573445187882
                },
                "metrics": {
                    "outcome": 110.45283388323178
                },
                "metadata": {
                    "trials": 1
                }
            }
        ],
        [
            {
                "query": {
                    "x1": 8.623120956122875,
                    "x2": 1.225300292018801
                },
                "metrics": {
                    "outcome": 3.7525666307396115
                },
                "metadata": {
                    "trials": 1
                }
            }
        ],
        [
            {
                "query": {
                    "x1": 7.535045837284997,
                    "x2": 2.7820741767063737
                },
                "metrics": {
                    "outcome": 15.083751431894179
                },
                "metadata": {
                    "trials": 1
                }
            }
        ],
        [
            {
                "query": {
                    "x1": -4.527154981624335,
                    "x2": 12.299936481984332
                },
                "metrics": {
                    "outcome": 20.85467177835611
                },
                "metadata": {
                    "trials": 1
                }
            }
        ],
        [
            {
                "query": {
                    "x1": -2.397582869278267,
                    "x2": 14.780836046673357
                },
                "metrics": {
                    "outcome": 20.763481758111
                },
                "metadata": {
                    "trials": 1
                }
            }
        ],
        [
            {
                "query": {
                    "x1": -3.195693156681955,
                    "x2": 7.276846949011087
                },
                "metrics": {
                    "outcome": 26.713936766372875
                },
                "metadata": {
                    "trials": 1
                }
            }
        ],
        [
            {
                "query": {
                    "x1": 2.5315806788858017,
                    "x2": 5.840239537181333
                },
                "metrics": {
                    "outcome": 11.380098716613169
                },
                "metadata": {
                    "trials": 1
                }
            }
        ],
        [
            {
                "query": {
                    "x1": -1.017553681973368,
                    "x2": 4.0101926669012755
                },
                "metrics": {
                    "outcome": 29.055872566042332
                },
                "metadata": {
                    "trials": 1
                }
            }
        ],
        [
            {
                "query": {
                    "x1": 8.454382434568751,
                    "x2": 1.081340787319764
                },
                "metrics": {
                    "outcome": 5.060536390336542
                },
                "metadata": {
                    "trials": 1
                }
            },
            {
                "query": {
                    "x1": 8.461454412255655,
                    "x2": 1.0780701823578822
                },
                "metrics": {
                    "outcome": 5.015107159058528
                },
                "metadata": {
                    "trials": 1
                }
            },
            {
                "query": {
                    "x1": 8.443116471487274,
                    "x2": 1.0897364080116863
                },
                "metrics": {
                    "outcome": 5.129380214343053
                },
                "metadata": {
                    "trials": 1
                }
            }
        ],
        [
            {
                "query": {
                    "x1": 2.8338185022736786,
                    "x2": 0.0
                },
                "metrics": {
                    "outcome": 7.236118962398569
                },
                "metadata": {
                    "trials": 1
                }
            },
            {
                "query": {
                    "x1": 2.8338185060625944,
                    "x2": 0.0
                },
                "metrics": {
                    "outcome": 7.236118934919125
                },
                "metadata": {
                    "trials": 1
                }
            },
            {
                "query": {
                    "x1": 2.8338185608752617,
                    "x2": 1.1195077256248254e-10
                },
                "metrics": {
                    "outcome": 7.236118536819611
                },
                "metadata": {
                    "trials": 1
                }
            }
        ],
        [
            {
                "query": {
                    "x1": 8.5962115644061,
                    "x2": 1.0642408277996949
                },
                "metrics": {
                    "outcome": 4.150470027189315
                },
                "metadata": {
                    "trials": 1
                }
            },
            {
                "query": {
                    "x1": 8.596106375746515,
                    "x2": 1.0553498957489584
                },
                "metrics": {
                    "outcome": 4.165421275867572
                },
                "metadata": {
                    "trials": 1
                }
            },
            {
                "query": {
                    "x1": 8.596209251874965,
                    "x2": 1.0668569595000357
                },
                "metrics": {
                    "outcome": 4.14630230863728
                },
                "metadata": {
                    "trials": 1
                }
            }
        ],
        [
            {
                "query": {
                    "x1": 8.657425508339678,
                    "x2": 1.398574153734655
                },
                "metrics": {
                    "outcome": 3.3441105530777264
                },
                "metadata": {
                    "trials": 1
                }
            },
            {
                "query": {
                    "x1": 8.657408162681131,
                    "x2": 1.406144330350771
                },
                "metrics": {
                    "outcome": 3.3366232091727213
                },
                "metadata": {
                    "trials": 1
                }
            },
            {
                "query": {
                    "x1": 8.657334145473339,
                    "x2": 1.3884144807257526
                },
                "metrics": {
                    "outcome": 3.355027721277734
                },
                "metadata": {
                    "trials": 1
                }
            }
        ],
        [
            {
                "query": {
                    "x1": 8.671721912541516,
                    "x2": 1.5740274024680805
                },
                "metrics": {
                    "outcome": 3.109206382073965
                },
                "metadata": {
                    "trials": 1
                }
            },
            {
                "query": {
                    "x1": 8.671658956893971,
                    "x2": 1.5704908779468103
                },
                "metrics": {
                    "outcome": 3.1120021797146498
                },
                "metadata": {
                    "trials": 1
                }
            },
            {
                "query": {
                    "x1": 8.672005600397325,
                    "x2": 1.5674597096980238
                },
                "metrics": {
                    "outcome": 3.11196728842288
                },
                "metadata": {
                    "trials": 1
                }
            }
        ],
        [
            {
                "query": {
                    "x1": 8.70430942013763,
                    "x2": 1.7367658065667742
                },
                "metrics": {
                    "outcome": 2.823074065309708
                },
                "metadata": {
                    "trials": 1
                }
            },
            {
                "query": {
                    "x1": 8.704300960583739,
                    "x2": 1.7412081493487417
                },
                "metrics": {
                    "outcome": 2.8213899825030833
                },
                "metadata": {
                    "trials": 1
                }
            },
            {
                "query": {
                    "x1": 8.704292159703959,
                    "x2": 1.745099897433491
                },
                "metrics": {
                    "outcome": 2.8199556036247833
                },
                "metadata": {
                    "trials": 1
                }
            }
        ],
        [
            {
                "query": {
                    "x1": 8.705512071519589,
                    "x2": 1.8968908607972566
                },
                "metrics": {
                    "outcome": 2.7778918545887104
                },
                "metadata": {
                    "trials": 1
                }
            },
            {
                "query": {
                    "x1": 8.705456551242268,
                    "x2": 1.924252139443089
                },
                "metrics": {
                    "outcome": 2.776899127360303
                },
                "metadata": {
                    "trials": 1
                }
            },
            {
                "query": {
                    "x1": 8.705480561599858,
                    "x2": 1.9045538014411072
                },
                "metrics": {
                    "outcome": 2.777562804948767
                },
                "metadata": {
                    "trials": 1
                }
            }
        ],
        [
            {
                "query": {
                    "x1": 8.70485544089282,
                    "x2": 2.0932783664995465
                },
                "metrics": {
                    "outcome": 2.805738039047423
                },
                "metadata": {
                    "trials": 1
                }
            },
            {
                "query": {
                    "x1": 8.704754477828622,
                    "x2": 2.0900055731170686
                },
                "metrics": {
                    "outcome": 2.80537051551733
                },
                "metadata": {
                    "trials": 1
                }
            },
            {
                "query": {
                    "x1": 8.704726706956977,
                    "x2": 2.0988153726665866
                },
                "metrics": {
                    "outcome": 2.8083678200253264
                },
                "metadata": {
                    "trials": 1
                }
            }
        ],
        [
            {
                "query": {
                    "x1": 8.710846283875295,
                    "x2": 2.04749300651337
                },
                "metrics": {
                    "outcome": 2.7546398042270717
                },
                "metadata": {
                    "trials": 1
                }
            },
            {
                "query": {
                    "x1": 8.710897153398827,
                    "x2": 2.0754138835481477
                },
                "metrics": {
                    "outcome": 2.7611695501449365
                },
                "metadata": {
                    "trials": 1
                }
            },
            {
                "query": {
                    "x1": 8.710784823797065,
                    "x2": 2.052583261578525
                },
                "metrics": {
                    "outcome": 2.756169690770294
                },
                "metadata": {
                    "trials": 1
                }
            }
        ],
        [
            {
                "query": {
                    "x1": 8.72413589138123,
                    "x2": 2.21956669365098
                },
                "metrics": {
                    "outcome": 2.733941608283283
                },
                "metadata": {
                    "trials": 1
                }
            },
            {
                "query": {
                    "x1": 8.723994242393589,
                    "x2": 2.207138688099755
                },
                "metrics": {
                    "outcome": 2.728257052750611
                },
                "metadata": {
                    "trials": 1
                }
            },
            {
                "query": {
                    "x1": 8.724060169504604,
                    "x2": 2.1940084678517766
                },
                "metrics": {
                    "outcome": 2.7211766801653052
                },
                "metadata": {
                    "trials": 1
                }
            }
        ],
        [
            {
                "query": {
                    "x1": 8.72348339414968,
                    "x2": 2.375726319890272
                },
                "metrics": {
                    "outcome": 2.8477384972393285
                },
                "metadata": {
                    "trials": 1
                }
            },
            {
                "query": {
                    "x1": 8.722756404099687,
                    "x2": 2.3647531748020407
                },
                "metrics": {
                    "outcome": 2.843357866167783
                },
                "metadata": {
                    "trials": 1
                }
            },
            {
                "query": {
                    "x1": 8.72160697576634,
                    "x2": 2.343772200578583
                },
                "metrics": {
                    "outcome": 2.8339844492468558
                },
                "metadata": {
                    "trials": 1
                }
            }
        ],
        [
            {
                "query": {
                    "x1": 8.493326793913917,
                    "x2": 14.999999999996362
                },
                "metrics": {
                    "outcome": 178.47422810817093
                },
                "metadata": {
                    "trials": 1
                }
            },
            {
                "query": {
                    "x1": 8.493326954103333,
                    "x2": 14.999999999977478
                },
                "metrics": {
                    "outcome": 178.47422432408072
                },
                "metadata": {
                    "trials": 1
                }
            },
            {
                "query": {
                    "x1": 8.493326718077558,
                    "x2": 14.999999999998455
                },
                "metrics": {
                    "outcome": 178.47422989944207
                },
                "metadata": {
                    "trials": 1
                }
            }
        ],
        [
            {
                "query": {
                    "x1": 8.428870571750318,
                    "x2": 0.0
                },
                "metrics": {
                    "outcome": 7.887313587246956
                },
                "metadata": {
                    "trials": 1
                }
            },
            {
                "query": {
                    "x1": 8.428870571750318,
                    "x2": 0.0
                },
                "metrics": {
                    "outcome": 7.887313587246956
                },
                "metadata": {
                    "trials": 1
                }
            },
            {
                "query": {
                    "x1": 8.428870571750318,
                    "x2": 0.0
                },
                "metrics": {
                    "outcome": 7.887313587246956
                },
                "metadata": {
                    "trials": 1
                }
            }
        ],
        [
            {
                "query": {
                    "x1": 7.259014191253781,
                    "x2": 11.508903296036015
                },
                "metrics": {
                    "outcome": 120.54328161168337
                },
                "metadata": {
                    "trials": 1
                }
            },
            {
                "query": {
                    "x1": 7.259013762217354,
                    "x2": 11.504813618980856
                },
                "metrics": {
                    "outcome": 120.45942638695325
                },
                "metadata": {
                    "trials": 1
                }
            },
            {
                "query": {
                    "x1": 7.259013340782355,
                    "x2": 11.50117253934887
                },
                "metrics": {
                    "outcome": 120.38479794718371
                },
                "metadata": {
                    "trials": 1
                }
            }
        ],
        [
            {
                "query": {
                    "x1": 8.716658720003897,
                    "x2": 2.025543990295217
                },
                "metrics": {
                    "outcome": 2.7132674156017664
                },
                "metadata": {
                    "trials": 1
                }
            },
            {
                "query": {
                    "x1": 8.716735600982243,
                    "x2": 2.028283572139462
                },
                "metrics": {
                    "outcome": 2.713241295521774
                },
                "metadata": {
                    "trials": 1
                }
            },
            {
                "query": {
                    "x1": 8.716547179839303,
                    "x2": 2.021298918160443
                },
                "metrics": {
                    "outcome": 2.7132883397558096
                },
                "metadata": {
                    "trials": 1
                }
            }
        ],
        [
            {
                "query": {
                    "x1": 8.714360470131886,
                    "x2": 1.8787026160502944
                },
                "metrics": {
                    "outcome": 2.7246118206781595
                },
                "metadata": {
                    "trials": 1
                }
            },
            {
                "query": {
                    "x1": 8.713667769043461,
                    "x2": 1.84931244732804
                },
                "metrics": {
                    "outcome": 2.733390199635621
                },
                "metadata": {
                    "trials": 1
                }
            },
            {
                "query": {
                    "x1": 8.714237210704495,
                    "x2": 1.8733981440655716
                },
                "metrics": {
                    "outcome": 2.7260612234277204
                },
                "metadata": {
                    "trials": 1
                }
            }
        ],
        [
            {
                "query": {
                    "x1": 8.714197372362568,
                    "x2": 1.873143091205544
                },
                "metrics": {
                    "outcome": 2.7263416535169895
                },
                "metadata": {
                    "trials": 1
                }
            },
            {
                "query": {
                    "x1": 8.714425922095614,
                    "x2": 1.883769721468103
                },
                "metrics": {
                    "outcome": 2.7236018011666356
                },
                "metadata": {
                    "trials": 1
                }
            },
            {
                "query": {
                    "x1": 8.713821566723107,
                    "x2": 1.8580462984530115
                },
                "metrics": {
                    "outcome": 2.730926800342666
                },
                "metadata": {
                    "trials": 1
                }
            }
        ],
        [
            {
                "query": {
                    "x1": 8.714020387159616,
                    "x2": 1.8661970526787435
                },
                "metrics": {
                    "outcome": 2.72842152058941
                },
                "metadata": {
                    "trials": 1
                }
            },
            {
                "query": {
                    "x1": 8.713310655309076,
                    "x2": 1.8366264914644044
                },
                "metrics": {
                    "outcome": 2.738054093885995
                },
                "metadata": {
                    "trials": 1
                }
            },
            {
                "query": {
                    "x1": 8.713745727067295,
                    "x2": 1.8546379026777515
                },
                "metrics": {
                    "outcome": 2.731967733461736
                },
                "metadata": {
                    "trials": 1
                }
            }
        ],
        [
            {
                "query": {
                    "x1": 8.713524007804155,
                    "x2": 1.849745626051743
                },
                "metrics": {
                    "outcome": 2.7341952263067864
                },
                "metadata": {
                    "trials": 1
                }
            },
            {
                "query": {
                    "x1": 8.713676070769576,
                    "x2": 1.855913558803773
                },
                "metrics": {
                    "outcome": 2.732178937790204
                },
                "metadata": {
                    "trials": 1
                }
            },
            {
                "query": {
                    "x1": 8.713649284326022,
                    "x2": 1.8548805623432125
                },
                "metrics": {
                    "outcome": 2.7325195962791575
                },
                "metadata": {
                    "trials": 1
                }
            }
        ],
        [
            {
                "query": {
                    "x1": 8.713972095327977,
                    "x2": 1.8709147487799431
                },
                "metrics": {
                    "outcome": 2.7280386907581518
                },
                "metadata": {
                    "trials": 1
                }
            },
            {
                "query": {
                    "x1": 8.714260030830797,
                    "x2": 1.8830584884104054
                },
                "metrics": {
                    "outcome": 2.724709862999271
                },
                "metadata": {
                    "trials": 1
                }
            },
            {
                "query": {
                    "x1": 8.713715172368769,
                    "x2": 1.860252530372181
                },
                "metrics": {
                    "outcome": 2.7312228711064748
                },
                "metadata": {
                    "trials": 1
                }
            }
        ],
        [
            {
                "query": {
                    "x1": 8.713773175359098,
                    "x2": 1.8618683701197813
                },
                "metrics": {
                    "outcome": 2.730608627340276
                },
                "metadata": {
                    "trials": 1
                }
            },
            {
                "query": {
                    "x1": 8.714116475530238,
                    "x2": 1.8761724950419638
                },
                "metrics": {
                    "outcome": 2.726440472218293
                },
                "metadata": {
                    "trials": 1
                }
            },
            {
                "query": {
                    "x1": 8.713953118142664,
                    "x2": 1.8693465920761891
                },
                "metrics": {
                    "outcome": 2.7283770908082037
                },
                "metadata": {
                    "trials": 1
                }
            }
        ],
        [
            {
                "query": {
                    "x1": 8.7137243841366,
                    "x2": 1.8595201940068133
                },
                "metrics": {
                    "outcome": 2.7312842311431735
                },
                "metadata": {
                    "trials": 1
                }
            },
            {
                "query": {
                    "x1": 8.713908834992099,
                    "x2": 1.867145873829719
                },
                "metrics": {
                    "outcome": 2.7289690363692882
                },
                "metadata": {
                    "trials": 1
                }
            },
            {
                "query": {
                    "x1": 8.714041078328243,
                    "x2": 1.862128349090917
                },
                "metrics": {
                    "outcome": 2.728917041971428
                },
                "metadata": {
                    "trials": 1
                }
            }
        ],
        [
            {
                "query": {
                    "x1": 8.713606687222743,
                    "x2": 1.8549460754750857
                },
                "metrics": {
                    "outcome": 2.732770549321244
                },
                "metadata": {
                    "trials": 1
                }
            },
            {
                "query": {
                    "x1": 8.714010645531948,
                    "x2": 1.8717083316942598
                },
                "metrics": {
                    "outcome": 2.7276905800900373
                },
                "metadata": {
                    "trials": 1
                }
            },
            {
                "query": {
                    "x1": 8.713797951389068,
                    "x2": 1.8628389739179207
                },
                "metrics": {
                    "outcome": 2.7303041047279306
                },
                "metadata": {
                    "trials": 1
                }
            }
        ],
        [
            {
                "query": {
                    "x1": 8.713955411388548,
                    "x2": 1.8697264424902071
                },
                "metrics": {
                    "outcome": 2.7283088925552628
                },
                "metadata": {
                    "trials": 1
                }
            },
            {
                "query": {
                    "x1": 8.71437740647321,
                    "x2": 1.8874267032884875
                },
                "metrics": {
                    "outcome": 2.723497033497714
                },
                "metadata": {
                    "trials": 1
                }
            },
            {
                "query": {
                    "x1": 8.713693078595403,
                    "x2": 1.8588436436895925
                },
                "metrics": {
                    "outcome": 2.731587109083315
                },
                "metadata": {
                    "trials": 1
                }
            }
        ],
        [
            {
                "query": {
                    "x1": 8.713805517374738,
                    "x2": 1.861968955359276
                },
                "metrics": {
                    "outcome": 2.7303935011474394
                },
                "metadata": {
                    "trials": 1
                }
            },
            {
                "query": {
                    "x1": 8.713498501531202,
                    "x2": 1.8502624489480504
                },
                "metrics": {
                    "outcome": 2.7342586399997986
                },
                "metadata": {
                    "trials": 1
                }
            },
            {
                "query": {
                    "x1": 8.713940349359476,
                    "x2": 1.8685277245681893
                },
                "metrics": {
                    "outcome": 2.728573363542928
                },
                "metadata": {
                    "trials": 1
                }
            }
        ],
        [
            {
                "query": {
                    "x1": 8.713428200098988,
                    "x2": 1.847854651573591
                },
                "metrics": {
                    "outcome": 2.7351305027497403
                },
                "metadata": {
                    "trials": 1
                }
            },
            {
                "query": {
                    "x1": 8.714082889433339,
                    "x2": 1.8750308366153325
                },
                "metrics": {
                    "outcome": 2.7267967734435796
                },
                "metadata": {
                    "trials": 1
                }
            },
            {
                "query": {
                    "x1": 8.71363785423895,
                    "x2": 1.8564265799448767
                },
                "metrics": {
                    "outcome": 2.7323276866357107
                },
                "metadata": {
                    "trials": 1
                }
            }
        ],
        [
            {
                "query": {
                    "x1": 8.713684318329426,
                    "x2": 1.858812019972251
                },
                "metrics": {
                    "outcome": 2.731646230456981
                },
                "metadata": {
                    "trials": 1
                }
            },
            {
                "query": {
                    "x1": 8.713473066383264,
                    "x2": 1.8501456512652574
                },
                "metrics": {
                    "outcome": 2.7344361133894743
                },
                "metadata": {
                    "trials": 1
                }
            },
            {
                "query": {
                    "x1": 8.7136705314694,
                    "x2": 1.8592699569363649
                },
                "metrics": {
                    "outcome": 2.731656548555006
                },
                "metadata": {
                    "trials": 1
                }
            }
        ],
        [
            {
                "query": {
                    "x1": 8.71365896795544,
                    "x2": 1.8584034083165866
                },
                "metrics": {
                    "outcome": 2.7318692804662055
                },
                "metadata": {
                    "trials": 1
                }
            },
            {
                "query": {
                    "x1": 8.714027869639793,
                    "x2": 1.8738648796644886
                },
                "metrics": {
                    "outcome": 2.7272912157439597
                },
                "metadata": {
                    "trials": 1
                }
            },
            {
                "query": {
                    "x1": 8.713501346770359,
                    "x2": 1.8519478622455918
                },
                "metrics": {
                    "outcome": 2.7339402155457533
                },
                "metadata": {
                    "trials": 1
                }
            }
        ],
        [
            {
                "query": {
                    "x1": 8.713391099258795,
                    "x2": 1.8476572811271854
                },
                "metrics": {
                    "outcome": 2.7353950928325466
                },
                "metadata": {
                    "trials": 1
                }
            },
            {
                "query": {
                    "x1": 8.713882712783475,
                    "x2": 1.8583190606253563
                },
                "metrics": {
                    "outcome": 2.7305053610486265
                },
                "metadata": {
                    "trials": 1
                }
            },
            {
                "query": {
                    "x1": 8.713574414078417,
                    "x2": 1.85513885859729
                },
                "metrics": {
                    "outcome": 2.732936262850018
                },
                "metadata": {
                    "trials": 1
                }
            }
        ],
        [
            {
                "query": {
                    "x1": 8.714021045134842,
                    "x2": 1.8741362741085226
                },
                "metrics": {
                    "outcome": 2.727297149621057
                },
                "metadata": {
                    "trials": 1
                }
            },
            {
                "query": {
                    "x1": 8.713630715982372,
                    "x2": 1.8579230141024448
                },
                "metrics": {
                    "outcome": 2.732122356772088
                },
                "metadata": {
                    "trials": 1
                }
            },
            {
                "query": {
                    "x1": 8.712918110928614,
                    "x2": 1.8491420188443868
                },
                "metrics": {
                    "outcome": 2.7380313981387827
                },
                "metadata": {
                    "trials": 1
                }
            }
        ],
        [
            {
                "query": {
                    "x1": 8.713765488214761,
                    "x2": 1.8634930302311998
                },
                "metrics": {
                    "outcome": 2.7304029649897394
                },
                "metadata": {
                    "trials": 1
                }
            },
            {
                "query": {
                    "x1": 8.71427492061173,
                    "x2": 1.884612848169171
                },
                "metrics": {
                    "outcome": 2.7244403838236915
                },
                "metadata": {
                    "trials": 1
                }
            },
            {
                "query": {
                    "x1": 8.713573964482478,
                    "x2": 1.855637141821952
                },
                "metrics": {
                    "outcome": 2.732854282875852
                },
                "metadata": {
                    "trials": 1
                }
            }
        ],
        [
            {
                "query": {
                    "x1": 8.71359260234352,
                    "x2": 1.8561047603965615
                },
                "metrics": {
                    "outcome": 2.732660460474727
                },
                "metadata": {
                    "trials": 1
                }
            },
            {
                "query": {
                    "x1": 8.713593229467858,
                    "x2": 1.859076347274659
                },
                "metrics": {
                    "outcome": 2.7321642108922157
                },
                "metadata": {
                    "trials": 1
                }
            },
            {
                "query": {
                    "x1": 8.713993341568097,
                    "x2": 1.8724679309015362
                },
                "metrics": {
                    "outcome": 2.7276931660690673
                },
                "metadata": {
                    "trials": 1
                }
            }
        ],
        [
            {
                "query": {
                    "x1": 8.714145868165478,
                    "x2": 1.8790900973916735
                },
                "metrics": {
                    "outcome": 2.7258902431457575
                },
                "metadata": {
                    "trials": 1
                }
            },
            {
                "query": {
                    "x1": 8.713872666878139,
                    "x2": 1.8676906879055526
                },
                "metrics": {
                    "outcome": 2.7291123702687408
                },
                "metadata": {
                    "trials": 1
                }
            },
            {
                "query": {
                    "x1": 8.713984857060439,
                    "x2": 1.8720483276363635
                },
                "metrics": {
                    "outcome": 2.7278029906751193
                },
                "metadata": {
                    "trials": 1
                }
            }
        ],
        [
            {
                "query": {
                    "x1": 8.713600608080428,
                    "x2": 1.8560091395574299
                },
                "metrics": {
                    "outcome": 2.732627313312177
                },
                "metadata": {
                    "trials": 1
                }
            },
            {
                "query": {
                    "x1": 8.71373014059519,
                    "x2": 1.8613278356621976
                },
                "metrics": {
                    "outcome": 2.730959165792884
                },
                "metadata": {
                    "trials": 1
                }
            },
            {
                "query": {
                    "x1": 8.714124501073352,
                    "x2": 1.8777342463728224
                },
                "metrics": {
                    "outcome": 2.726191490811363
                },
                "metadata": {
                    "trials": 1
                }
            }
        ],
        [
            {
                "query": {
                    "x1": 8.713893971129758,
                    "x2": 1.8680208695378435
                },
                "metrics": {
                    "outcome": 2.7289328763508873
                },
                "metadata": {
                    "trials": 1
                }
            },
            {
                "query": {
                    "x1": 8.713786101646004,
                    "x2": 1.8635521948403517
                },
                "metrics": {
                    "outcome": 2.730266775322395
                },
                "metadata": {
                    "trials": 1
                }
            },
            {
                "query": {
                    "x1": 8.71398466160825,
                    "x2": 1.8718111624082974
                },
                "metrics": {
                    "outcome": 2.7278368164477644
                },
                "metadata": {
                    "trials": 1
                }
            }
        ],
        [
            {
                "query": {
                    "x1": 8.713376249674658,
                    "x2": 1.8466300474532271
                },
                "metrics": {
                    "outcome": 2.735677751813512
                },
                "metadata": {
                    "trials": 1
                }
            },
            {
                "query": {
                    "x1": 8.713917636211995,
                    "x2": 1.868848374266099
                },
                "metrics": {
                    "outcome": 2.7286673510925317
                },
                "metadata": {
                    "trials": 1
                }
            },
            {
                "query": {
                    "x1": 8.713181998047878,
                    "x2": 1.8387997353002012
                },
                "metrics": {
                    "outcome": 2.7383978861062603
                },
                "metadata": {
                    "trials": 1
                }
            }
        ],
        [
            {
                "query": {
                    "x1": 8.713320124732808,
                    "x2": 1.8446769106922216
                },
                "metrics": {
                    "outcome": 2.7363922442311885
                },
                "metadata": {
                    "trials": 1
                }
            },
            {
                "query": {
                    "x1": 8.713961820381101,
                    "x2": 1.8710651567827894
                },
                "metrics": {
                    "outcome": 2.728081151140181
                },
                "metadata": {
                    "trials": 1
                }
            },
            {
                "query": {
                    "x1": 8.713893143486485,
                    "x2": 1.8681463074548965
                },
                "metrics": {
                    "outcome": 2.7289197804406715
                },
                "metadata": {
                    "trials": 1
                }
            }
        ],
        [
            {
                "query": {
                    "x1": 8.713217274860062,
                    "x2": 1.840536508838239
                },
                "metrics": {
                    "outcome": 2.7378322280928167
                },
                "metadata": {
                    "trials": 1
                }
            },
            {
                "query": {
                    "x1": 8.71383913299493,
                    "x2": 1.8662852170495214
                },
                "metrics": {
                    "outcome": 2.729526181726812
                },
                "metadata": {
                    "trials": 1
                }
            },
            {
                "query": {
                    "x1": 8.714203908129562,
                    "x2": 1.8811634921781542
                },
                "metrics": {
                    "outcome": 2.7252796690677226
                },
                "metadata": {
                    "trials": 1
                }
            }
        ],
        [
            {
                "query": {
                    "x1": 8.713847546552318,
                    "x2": 1.865553556220063
                },
                "metrics": {
                    "outcome": 2.7295835825854278
                },
                "metadata": {
                    "trials": 1
                }
            },
            {
                "query": {
                    "x1": 8.713775573783998,
                    "x2": 1.863158035232511
                },
                "metrics": {
                    "outcome": 2.730392537857674
                },
                "metadata": {
                    "trials": 1
                }
            },
            {
                "query": {
                    "x1": 8.713576276949976,
                    "x2": 1.8549329287936431
                },
                "metrics": {
                    "outcome": 2.7329599664241115
                },
                "metadata": {
                    "trials": 1
                }
            }
        ],
        [
            {
                "query": {
                    "x1": 8.713582194661626,
                    "x2": 1.8550592088514577
                },
                "metrics": {
                    "outcome": 2.7329019656749827
                },
                "metadata": {
                    "trials": 1
                }
            },
            {
                "query": {
                    "x1": 8.713547660672576,
                    "x2": 1.8538328165581204
                },
                "metrics": {
                    "outcome": 2.7333253793560415
                },
                "metadata": {
                    "trials": 1
                }
            },
            {
                "query": {
                    "x1": 8.712968721593741,
                    "x2": 1.8499431311825232
                },
                "metrics": {
                    "outcome": 2.737575040306276
                },
                "metadata": {
                    "trials": 1
                }
            }
        ],
        [
            {
                "query": {
                    "x1": 8.71351984236044,
                    "x2": 1.852797967652691
                },
                "metrics": {
                    "outcome": 2.7336767893826757
                },
                "metadata": {
                    "trials": 1
                }
            },
            {
                "query": {
                    "x1": 8.713723258424572,
                    "x2": 1.8611300278380452
                },
                "metrics": {
                    "outcome": 2.7310329456367386
                },
                "metadata": {
                    "trials": 1
                }
            },
            {
                "query": {
                    "x1": 8.713129590586032,
                    "x2": 1.8579040816852845
                },
                "metrics": {
                    "outcome": 2.7352126346641725
                },
                "metadata": {
                    "trials": 1
                }
            }
        ],
        [
            {
                "query": {
                    "x1": 8.713587460332983,
                    "x2": 1.8556398033414379
                },
                "metrics": {
                    "outcome": 2.7327707536681904
                },
                "metadata": {
                    "trials": 1
                }
            },
            {
                "query": {
                    "x1": 8.713973079854897,
                    "x2": 1.871606490185069
                },
                "metrics": {
                    "outcome": 2.727936558245786
                },
                "metadata": {
                    "trials": 1
                }
            },
            {
                "query": {
                    "x1": 8.71387184898235,
                    "x2": 1.867335386355725
                },
                "metrics": {
                    "outcome": 2.7291693689110366
                },
                "metadata": {
                    "trials": 1
                }
            }
        ],
        [
            {
                "query": {
                    "x1": 8.713779118277529,
                    "x2": 1.863408321084578
                },
                "metrics": {
                    "outcome": 2.7303320052463986
                },
                "metadata": {
                    "trials": 1
                }
            },
            {
                "query": {
                    "x1": 8.713871171419477,
                    "x2": 1.867218971664704
                },
                "metrics": {
                    "outcome": 2.7291906258611194
                },
                "metadata": {
                    "trials": 1
                }
            },
            {
                "query": {
                    "x1": 8.714018001559621,
                    "x2": 1.873337137903571
                },
                "metrics": {
                    "outcome": 2.7274230066785012
                },
                "metadata": {
                    "trials": 1
                }
            }
        ],
        [
            {
                "query": {
                    "x1": 8.713810499426673,
                    "x2": 1.8645130803088732
                },
                "metrics": {
                    "outcome": 2.7299692629847216
                },
                "metadata": {
                    "trials": 1
                }
            },
            {
                "query": {
                    "x1": 8.713683257790944,
                    "x2": 1.8593366513470875
                },
                "metrics": {
                    "outcome": 2.7315673261607385
                },
                "metadata": {
                    "trials": 1
                }
            },
            {
                "query": {
                    "x1": 8.714110604171097,
                    "x2": 1.8770187112781986
                },
                "metrics": {
                    "outcome": 2.7263681185247437
                },
                "metadata": {
                    "trials": 1
                }
            }
        ],
        [
            {
                "query": {
                    "x1": 8.713884237992605,
                    "x2": 1.8663764913343677
                },
                "metrics": {
                    "outcome": 2.7292344305474776
                },
                "metadata": {
                    "trials": 1
                }
            },
            {
                "query": {
                    "x1": 8.713894647880975,
                    "x2": 1.867725066659251
                },
                "metrics": {
                    "outcome": 2.7289717498272887
                },
                "metadata": {
                    "trials": 1
                }
            },
            {
                "query": {
                    "x1": 8.713706560163603,
                    "x2": 1.8600589899875108
                },
                "metrics": {
                    "outcome": 2.7313070348751856
                },
                "metadata": {
                    "trials": 1
                }
            }
        ]
    ],
    "best_results": [
        {
            "query": {
                "x1": 8.716735600982243,
                "x2": 2.028283572139462
            },
            "metrics": [
                {
                    "name": "outcome",
                    "value": 2.713241295521774
                }
            ]
        }
    ]
}